[2026-05-12 16:57:27] INFO (main) Start NNI manager
[2026-05-12 16:57:27] INFO (RestServer) Starting REST server at port 8742, URL prefix: "/"
[2026-05-12 16:57:27] INFO (RestServer) REST server started.
[2026-05-12 16:57:27] INFO (NNIDataStore) Datastore initialization done
[2026-05-12 16:57:27] INFO (NNIManager) Starting experiment: fe4n3vlg
[2026-05-12 16:57:27] INFO (NNIManager) Setup training service...
[2026-05-12 16:57:28] INFO (NNIManager) Setup tuner...
[2026-05-12 16:57:28] INFO (NNIManager) Change NNIManager status from: INITIALIZED to: RUNNING
[2026-05-12 16:57:29] INFO (NNIManager) Add event listeners
[2026-05-12 16:57:29] INFO (LocalV3.local) Start
[2026-05-12 16:57:29] INFO (NNIManager) NNIManager received command from dispatcher: ID, 
[2026-05-12 16:57:29] INFO (NNIManager) NNIManager received command from dispatcher: TR, {"parameter_id": 0, "parameter_source": "algorithm", "parameters": {"model_type": "LSTM", "units": 16, "num_layers": 1, "dropout": 0, "activation": "relu", "lr": 0.00031622776601683783, "window_size": 2, "batch_size": 16, "epochs": 5, "kernel_size": 2, "attention_heads": 2}, "parameter_index": 0}
[2026-05-12 16:57:29] INFO (NNIManager) submitTrialJob: form: {
  sequenceId: 0,
  hyperParameters: {
    value: '{"parameter_id": 0, "parameter_source": "algorithm", "parameters": {"model_type": "LSTM", "units": 16, "num_layers": 1, "dropout": 0, "activation": "relu", "lr": 0.00031622776601683783, "window_size": 2, "batch_size": 16, "epochs": 5, "kernel_size": 2, "attention_heads": 2}, "parameter_index": 0}',
    index: 0
  },
  placementConstraint: { type: 'None', gpus: [] }
}
[2026-05-12 16:57:30] INFO (LocalV3.local) Register directory trial_code = /home/meliani/Desktop/phd/fast-track
[2026-05-12 16:57:30] INFO (LocalV3.local) Created trial Aurb6
[2026-05-12 16:57:32] INFO (LocalV3.local) Trial parameter: Aurb6 {"parameter_id": 0, "parameter_source": "algorithm", "parameters": {"model_type": "LSTM", "units": 16, "num_layers": 1, "dropout": 0, "activation": "relu", "lr": 0.00031622776601683783, "window_size": 2, "batch_size": 16, "epochs": 5, "kernel_size": 2, "attention_heads": 2}, "parameter_index": 0}
[2026-05-12 16:57:37] INFO (NNIManager) Trial job Aurb6 status changed from RUNNING to SUCCEEDED
[2026-05-12 16:57:37] INFO (NNIManager) NNIManager received command from dispatcher: TR, {"parameter_id": 1, "parameter_source": "algorithm", "parameters": {"model_type": "LSTM", "units": 16, "num_layers": 1, "dropout": 0, "activation": "relu", "lr": 0.00031622776601683783, "window_size": 2, "batch_size": 16, "epochs": 5, "kernel_size": 2, "attention_heads": 4}, "parameter_index": 0}
[2026-05-12 16:57:37] INFO (NNIManager) submitTrialJob: form: {
  sequenceId: 1,
  hyperParameters: {
    value: '{"parameter_id": 1, "parameter_source": "algorithm", "parameters": {"model_type": "LSTM", "units": 16, "num_layers": 1, "dropout": 0, "activation": "relu", "lr": 0.00031622776601683783, "window_size": 2, "batch_size": 16, "epochs": 5, "kernel_size": 2, "attention_heads": 4}, "parameter_index": 0}',
    index: 0
  },
  placementConstraint: { type: 'None', gpus: [] }
}
[2026-05-12 16:57:37] INFO (LocalV3.local) Created trial Q8sbi
[2026-05-12 16:57:40] INFO (LocalV3.local) Trial parameter: Q8sbi {"parameter_id": 1, "parameter_source": "algorithm", "parameters": {"model_type": "LSTM", "units": 16, "num_layers": 1, "dropout": 0, "activation": "relu", "lr": 0.00031622776601683783, "window_size": 2, "batch_size": 16, "epochs": 5, "kernel_size": 2, "attention_heads": 4}, "parameter_index": 0}
[2026-05-12 16:57:44] INFO (NNIManager) Trial job Q8sbi status changed from RUNNING to SUCCEEDED
[2026-05-12 16:57:44] INFO (NNIManager) NNIManager received command from dispatcher: TR, {"parameter_id": 2, "parameter_source": "algorithm", "parameters": {"model_type": "LSTM", "units": 16, "num_layers": 1, "dropout": 0, "activation": "relu", "lr": 0.00031622776601683783, "window_size": 2, "batch_size": 16, "epochs": 5, "kernel_size": 2, "attention_heads": 8}, "parameter_index": 0}
[2026-05-12 16:57:45] INFO (NNIManager) submitTrialJob: form: {
  sequenceId: 2,
  hyperParameters: {
    value: '{"parameter_id": 2, "parameter_source": "algorithm", "parameters": {"model_type": "LSTM", "units": 16, "num_layers": 1, "dropout": 0, "activation": "relu", "lr": 0.00031622776601683783, "window_size": 2, "batch_size": 16, "epochs": 5, "kernel_size": 2, "attention_heads": 8}, "parameter_index": 0}',
    index: 0
  },
  placementConstraint: { type: 'None', gpus: [] }
}
[2026-05-12 16:57:45] INFO (LocalV3.local) Created trial TcGi1
[2026-05-12 16:57:47] INFO (LocalV3.local) Trial parameter: TcGi1 {"parameter_id": 2, "parameter_source": "algorithm", "parameters": {"model_type": "LSTM", "units": 16, "num_layers": 1, "dropout": 0, "activation": "relu", "lr": 0.00031622776601683783, "window_size": 2, "batch_size": 16, "epochs": 5, "kernel_size": 2, "attention_heads": 8}, "parameter_index": 0}
[2026-05-12 16:57:50] INFO (NNIManager) Trial job TcGi1 status changed from RUNNING to SUCCEEDED
[2026-05-12 16:57:50] INFO (NNIManager) NNIManager received command from dispatcher: TR, {"parameter_id": 3, "parameter_source": "algorithm", "parameters": {"model_type": "LSTM", "units": 16, "num_layers": 1, "dropout": 0, "activation": "relu", "lr": 0.00031622776601683783, "window_size": 2, "batch_size": 16, "epochs": 5, "kernel_size": 3, "attention_heads": 2}, "parameter_index": 0}
[2026-05-12 16:57:51] INFO (NNIManager) submitTrialJob: form: {
  sequenceId: 3,
  hyperParameters: {
    value: '{"parameter_id": 3, "parameter_source": "algorithm", "parameters": {"model_type": "LSTM", "units": 16, "num_layers": 1, "dropout": 0, "activation": "relu", "lr": 0.00031622776601683783, "window_size": 2, "batch_size": 16, "epochs": 5, "kernel_size": 3, "attention_heads": 2}, "parameter_index": 0}',
    index: 0
  },
  placementConstraint: { type: 'None', gpus: [] }
}
[2026-05-12 16:57:51] INFO (LocalV3.local) Created trial o3QwJ
[2026-05-12 16:57:53] INFO (LocalV3.local) Trial parameter: o3QwJ {"parameter_id": 3, "parameter_source": "algorithm", "parameters": {"model_type": "LSTM", "units": 16, "num_layers": 1, "dropout": 0, "activation": "relu", "lr": 0.00031622776601683783, "window_size": 2, "batch_size": 16, "epochs": 5, "kernel_size": 3, "attention_heads": 2}, "parameter_index": 0}
[2026-05-12 16:57:56] INFO (NNIManager) Trial job o3QwJ status changed from RUNNING to SUCCEEDED
[2026-05-12 16:57:56] INFO (NNIManager) NNIManager received command from dispatcher: TR, {"parameter_id": 4, "parameter_source": "algorithm", "parameters": {"model_type": "LSTM", "units": 16, "num_layers": 1, "dropout": 0, "activation": "relu", "lr": 0.00031622776601683783, "window_size": 2, "batch_size": 16, "epochs": 5, "kernel_size": 3, "attention_heads": 4}, "parameter_index": 0}
[2026-05-12 16:57:57] INFO (NNIManager) submitTrialJob: form: {
  sequenceId: 4,
  hyperParameters: {
    value: '{"parameter_id": 4, "parameter_source": "algorithm", "parameters": {"model_type": "LSTM", "units": 16, "num_layers": 1, "dropout": 0, "activation": "relu", "lr": 0.00031622776601683783, "window_size": 2, "batch_size": 16, "epochs": 5, "kernel_size": 3, "attention_heads": 4}, "parameter_index": 0}',
    index: 0
  },
  placementConstraint: { type: 'None', gpus: [] }
}
[2026-05-12 16:57:57] INFO (LocalV3.local) Created trial IE5no
[2026-05-12 16:57:59] INFO (LocalV3.local) Trial parameter: IE5no {"parameter_id": 4, "parameter_source": "algorithm", "parameters": {"model_type": "LSTM", "units": 16, "num_layers": 1, "dropout": 0, "activation": "relu", "lr": 0.00031622776601683783, "window_size": 2, "batch_size": 16, "epochs": 5, "kernel_size": 3, "attention_heads": 4}, "parameter_index": 0}
[2026-05-12 16:58:02] INFO (NNIManager) Trial job IE5no status changed from RUNNING to SUCCEEDED
[2026-05-12 16:58:02] INFO (NNIManager) NNIManager received command from dispatcher: TR, {"parameter_id": 5, "parameter_source": "algorithm", "parameters": {"model_type": "LSTM", "units": 16, "num_layers": 1, "dropout": 0, "activation": "relu", "lr": 0.00031622776601683783, "window_size": 2, "batch_size": 16, "epochs": 5, "kernel_size": 3, "attention_heads": 8}, "parameter_index": 0}
[2026-05-12 16:58:03] INFO (NNIManager) submitTrialJob: form: {
  sequenceId: 5,
  hyperParameters: {
    value: '{"parameter_id": 5, "parameter_source": "algorithm", "parameters": {"model_type": "LSTM", "units": 16, "num_layers": 1, "dropout": 0, "activation": "relu", "lr": 0.00031622776601683783, "window_size": 2, "batch_size": 16, "epochs": 5, "kernel_size": 3, "attention_heads": 8}, "parameter_index": 0}',
    index: 0
  },
  placementConstraint: { type: 'None', gpus: [] }
}
[2026-05-12 16:58:03] INFO (LocalV3.local) Created trial SEjEt
[2026-05-12 16:58:05] INFO (LocalV3.local) Trial parameter: SEjEt {"parameter_id": 5, "parameter_source": "algorithm", "parameters": {"model_type": "LSTM", "units": 16, "num_layers": 1, "dropout": 0, "activation": "relu", "lr": 0.00031622776601683783, "window_size": 2, "batch_size": 16, "epochs": 5, "kernel_size": 3, "attention_heads": 8}, "parameter_index": 0}
[2026-05-12 16:58:08] INFO (NNIManager) Trial job SEjEt status changed from RUNNING to SUCCEEDED
[2026-05-12 16:58:08] INFO (NNIManager) NNIManager received command from dispatcher: TR, {"parameter_id": 6, "parameter_source": "algorithm", "parameters": {"model_type": "LSTM", "units": 16, "num_layers": 1, "dropout": 0, "activation": "relu", "lr": 0.00031622776601683783, "window_size": 2, "batch_size": 16, "epochs": 5, "kernel_size": 5, "attention_heads": 2}, "parameter_index": 0}
[2026-05-12 16:58:08] INFO (NNIManager) submitTrialJob: form: {
  sequenceId: 6,
  hyperParameters: {
    value: '{"parameter_id": 6, "parameter_source": "algorithm", "parameters": {"model_type": "LSTM", "units": 16, "num_layers": 1, "dropout": 0, "activation": "relu", "lr": 0.00031622776601683783, "window_size": 2, "batch_size": 16, "epochs": 5, "kernel_size": 5, "attention_heads": 2}, "parameter_index": 0}',
    index: 0
  },
  placementConstraint: { type: 'None', gpus: [] }
}
[2026-05-12 16:58:08] INFO (LocalV3.local) Created trial Jjs5d
[2026-05-12 16:58:10] INFO (LocalV3.local) Trial parameter: Jjs5d {"parameter_id": 6, "parameter_source": "algorithm", "parameters": {"model_type": "LSTM", "units": 16, "num_layers": 1, "dropout": 0, "activation": "relu", "lr": 0.00031622776601683783, "window_size": 2, "batch_size": 16, "epochs": 5, "kernel_size": 5, "attention_heads": 2}, "parameter_index": 0}
[2026-05-12 16:58:14] INFO (NNIManager) Trial job Jjs5d status changed from RUNNING to SUCCEEDED
[2026-05-12 16:58:14] INFO (NNIManager) NNIManager received command from dispatcher: TR, {"parameter_id": 7, "parameter_source": "algorithm", "parameters": {"model_type": "LSTM", "units": 16, "num_layers": 1, "dropout": 0, "activation": "relu", "lr": 0.00031622776601683783, "window_size": 2, "batch_size": 16, "epochs": 5, "kernel_size": 5, "attention_heads": 4}, "parameter_index": 0}
[2026-05-12 16:58:14] INFO (NNIManager) submitTrialJob: form: {
  sequenceId: 7,
  hyperParameters: {
    value: '{"parameter_id": 7, "parameter_source": "algorithm", "parameters": {"model_type": "LSTM", "units": 16, "num_layers": 1, "dropout": 0, "activation": "relu", "lr": 0.00031622776601683783, "window_size": 2, "batch_size": 16, "epochs": 5, "kernel_size": 5, "attention_heads": 4}, "parameter_index": 0}',
    index: 0
  },
  placementConstraint: { type: 'None', gpus: [] }
}
[2026-05-12 16:58:14] INFO (LocalV3.local) Created trial M2YQN
[2026-05-12 16:58:16] INFO (LocalV3.local) Trial parameter: M2YQN {"parameter_id": 7, "parameter_source": "algorithm", "parameters": {"model_type": "LSTM", "units": 16, "num_layers": 1, "dropout": 0, "activation": "relu", "lr": 0.00031622776601683783, "window_size": 2, "batch_size": 16, "epochs": 5, "kernel_size": 5, "attention_heads": 4}, "parameter_index": 0}
[2026-05-12 16:58:20] INFO (NNIManager) Trial job M2YQN status changed from RUNNING to SUCCEEDED
[2026-05-12 16:58:20] INFO (NNIManager) NNIManager received command from dispatcher: TR, {"parameter_id": 8, "parameter_source": "algorithm", "parameters": {"model_type": "LSTM", "units": 16, "num_layers": 1, "dropout": 0, "activation": "relu", "lr": 0.00031622776601683783, "window_size": 2, "batch_size": 16, "epochs": 5, "kernel_size": 5, "attention_heads": 8}, "parameter_index": 0}
[2026-05-12 16:58:20] INFO (NNIManager) submitTrialJob: form: {
  sequenceId: 8,
  hyperParameters: {
    value: '{"parameter_id": 8, "parameter_source": "algorithm", "parameters": {"model_type": "LSTM", "units": 16, "num_layers": 1, "dropout": 0, "activation": "relu", "lr": 0.00031622776601683783, "window_size": 2, "batch_size": 16, "epochs": 5, "kernel_size": 5, "attention_heads": 8}, "parameter_index": 0}',
    index: 0
  },
  placementConstraint: { type: 'None', gpus: [] }
}
[2026-05-12 16:58:20] INFO (LocalV3.local) Created trial RLELi
[2026-05-12 16:58:22] INFO (LocalV3.local) Trial parameter: RLELi {"parameter_id": 8, "parameter_source": "algorithm", "parameters": {"model_type": "LSTM", "units": 16, "num_layers": 1, "dropout": 0, "activation": "relu", "lr": 0.00031622776601683783, "window_size": 2, "batch_size": 16, "epochs": 5, "kernel_size": 5, "attention_heads": 8}, "parameter_index": 0}
[2026-05-12 16:58:26] INFO (NNIManager) Trial job RLELi status changed from RUNNING to SUCCEEDED
[2026-05-12 16:58:26] INFO (NNIManager) NNIManager received command from dispatcher: TR, {"parameter_id": 9, "parameter_source": "algorithm", "parameters": {"model_type": "LSTM", "units": 16, "num_layers": 1, "dropout": 0, "activation": "relu", "lr": 0.00031622776601683783, "window_size": 2, "batch_size": 16, "epochs": 5, "kernel_size": 7, "attention_heads": 2}, "parameter_index": 0}
[2026-05-12 16:58:26] INFO (NNIManager) submitTrialJob: form: {
  sequenceId: 9,
  hyperParameters: {
    value: '{"parameter_id": 9, "parameter_source": "algorithm", "parameters": {"model_type": "LSTM", "units": 16, "num_layers": 1, "dropout": 0, "activation": "relu", "lr": 0.00031622776601683783, "window_size": 2, "batch_size": 16, "epochs": 5, "kernel_size": 7, "attention_heads": 2}, "parameter_index": 0}',
    index: 0
  },
  placementConstraint: { type: 'None', gpus: [] }
}
[2026-05-12 16:58:26] INFO (LocalV3.local) Created trial CSqdr
[2026-05-12 16:58:28] INFO (LocalV3.local) Trial parameter: CSqdr {"parameter_id": 9, "parameter_source": "algorithm", "parameters": {"model_type": "LSTM", "units": 16, "num_layers": 1, "dropout": 0, "activation": "relu", "lr": 0.00031622776601683783, "window_size": 2, "batch_size": 16, "epochs": 5, "kernel_size": 7, "attention_heads": 2}, "parameter_index": 0}
[2026-05-12 16:58:31] INFO (NNIManager) Trial job CSqdr status changed from RUNNING to SUCCEEDED
[2026-05-12 16:58:31] INFO (NNIManager) NNIManager received command from dispatcher: TR, {"parameter_id": 10, "parameter_source": "algorithm", "parameters": {"model_type": "LSTM", "units": 16, "num_layers": 1, "dropout": 0, "activation": "relu", "lr": 0.00031622776601683783, "window_size": 2, "batch_size": 16, "epochs": 5, "kernel_size": 7, "attention_heads": 4}, "parameter_index": 0}
[2026-05-12 16:58:32] INFO (NNIManager) submitTrialJob: form: {
  sequenceId: 10,
  hyperParameters: {
    value: '{"parameter_id": 10, "parameter_source": "algorithm", "parameters": {"model_type": "LSTM", "units": 16, "num_layers": 1, "dropout": 0, "activation": "relu", "lr": 0.00031622776601683783, "window_size": 2, "batch_size": 16, "epochs": 5, "kernel_size": 7, "attention_heads": 4}, "parameter_index": 0}',
    index: 0
  },
  placementConstraint: { type: 'None', gpus: [] }
}
[2026-05-12 16:58:32] INFO (LocalV3.local) Created trial YgpPY
[2026-05-12 16:58:34] INFO (LocalV3.local) Trial parameter: YgpPY {"parameter_id": 10, "parameter_source": "algorithm", "parameters": {"model_type": "LSTM", "units": 16, "num_layers": 1, "dropout": 0, "activation": "relu", "lr": 0.00031622776601683783, "window_size": 2, "batch_size": 16, "epochs": 5, "kernel_size": 7, "attention_heads": 4}, "parameter_index": 0}
[2026-05-12 16:58:37] INFO (NNIManager) Trial job YgpPY status changed from RUNNING to SUCCEEDED
[2026-05-12 16:58:37] INFO (NNIManager) NNIManager received command from dispatcher: TR, {"parameter_id": 11, "parameter_source": "algorithm", "parameters": {"model_type": "LSTM", "units": 16, "num_layers": 1, "dropout": 0, "activation": "relu", "lr": 0.00031622776601683783, "window_size": 2, "batch_size": 16, "epochs": 5, "kernel_size": 7, "attention_heads": 8}, "parameter_index": 0}
[2026-05-12 16:58:38] INFO (NNIManager) submitTrialJob: form: {
  sequenceId: 11,
  hyperParameters: {
    value: '{"parameter_id": 11, "parameter_source": "algorithm", "parameters": {"model_type": "LSTM", "units": 16, "num_layers": 1, "dropout": 0, "activation": "relu", "lr": 0.00031622776601683783, "window_size": 2, "batch_size": 16, "epochs": 5, "kernel_size": 7, "attention_heads": 8}, "parameter_index": 0}',
    index: 0
  },
  placementConstraint: { type: 'None', gpus: [] }
}
[2026-05-12 16:58:38] INFO (LocalV3.local) Created trial ruWi6
[2026-05-12 16:58:40] INFO (LocalV3.local) Trial parameter: ruWi6 {"parameter_id": 11, "parameter_source": "algorithm", "parameters": {"model_type": "LSTM", "units": 16, "num_layers": 1, "dropout": 0, "activation": "relu", "lr": 0.00031622776601683783, "window_size": 2, "batch_size": 16, "epochs": 5, "kernel_size": 7, "attention_heads": 8}, "parameter_index": 0}
[2026-05-12 16:58:43] INFO (NNIManager) Trial job ruWi6 status changed from RUNNING to SUCCEEDED
[2026-05-12 16:58:43] INFO (NNIManager) NNIManager received command from dispatcher: TR, {"parameter_id": 12, "parameter_source": "algorithm", "parameters": {"model_type": "LSTM", "units": 16, "num_layers": 1, "dropout": 0, "activation": "relu", "lr": 0.00031622776601683783, "window_size": 2, "batch_size": 16, "epochs": 10, "kernel_size": 2, "attention_heads": 2}, "parameter_index": 0}
[2026-05-12 16:58:44] INFO (NNIManager) submitTrialJob: form: {
  sequenceId: 12,
  hyperParameters: {
    value: '{"parameter_id": 12, "parameter_source": "algorithm", "parameters": {"model_type": "LSTM", "units": 16, "num_layers": 1, "dropout": 0, "activation": "relu", "lr": 0.00031622776601683783, "window_size": 2, "batch_size": 16, "epochs": 10, "kernel_size": 2, "attention_heads": 2}, "parameter_index": 0}',
    index: 0
  },
  placementConstraint: { type: 'None', gpus: [] }
}
[2026-05-12 16:58:44] INFO (LocalV3.local) Created trial SxoXs
[2026-05-12 16:58:45] INFO (LocalV3.local) Trial parameter: SxoXs {"parameter_id": 12, "parameter_source": "algorithm", "parameters": {"model_type": "LSTM", "units": 16, "num_layers": 1, "dropout": 0, "activation": "relu", "lr": 0.00031622776601683783, "window_size": 2, "batch_size": 16, "epochs": 10, "kernel_size": 2, "attention_heads": 2}, "parameter_index": 0}
[2026-05-12 16:58:50] INFO (NNIManager) Trial job SxoXs status changed from RUNNING to SUCCEEDED
[2026-05-12 16:58:50] INFO (NNIManager) NNIManager received command from dispatcher: TR, {"parameter_id": 13, "parameter_source": "algorithm", "parameters": {"model_type": "LSTM", "units": 16, "num_layers": 1, "dropout": 0, "activation": "relu", "lr": 0.00031622776601683783, "window_size": 2, "batch_size": 16, "epochs": 10, "kernel_size": 2, "attention_heads": 4}, "parameter_index": 0}
[2026-05-12 16:58:50] INFO (NNIManager) submitTrialJob: form: {
  sequenceId: 13,
  hyperParameters: {
    value: '{"parameter_id": 13, "parameter_source": "algorithm", "parameters": {"model_type": "LSTM", "units": 16, "num_layers": 1, "dropout": 0, "activation": "relu", "lr": 0.00031622776601683783, "window_size": 2, "batch_size": 16, "epochs": 10, "kernel_size": 2, "attention_heads": 4}, "parameter_index": 0}',
    index: 0
  },
  placementConstraint: { type: 'None', gpus: [] }
}
[2026-05-12 16:58:50] INFO (LocalV3.local) Created trial dGIfy
[2026-05-12 16:58:52] INFO (LocalV3.local) Trial parameter: dGIfy {"parameter_id": 13, "parameter_source": "algorithm", "parameters": {"model_type": "LSTM", "units": 16, "num_layers": 1, "dropout": 0, "activation": "relu", "lr": 0.00031622776601683783, "window_size": 2, "batch_size": 16, "epochs": 10, "kernel_size": 2, "attention_heads": 4}, "parameter_index": 0}
[2026-05-12 16:58:57] INFO (NNIManager) Trial job dGIfy status changed from RUNNING to SUCCEEDED
[2026-05-12 16:58:57] INFO (NNIManager) NNIManager received command from dispatcher: TR, {"parameter_id": 14, "parameter_source": "algorithm", "parameters": {"model_type": "LSTM", "units": 16, "num_layers": 1, "dropout": 0, "activation": "relu", "lr": 0.00031622776601683783, "window_size": 2, "batch_size": 16, "epochs": 10, "kernel_size": 2, "attention_heads": 8}, "parameter_index": 0}
[2026-05-12 16:58:57] INFO (NNIManager) submitTrialJob: form: {
  sequenceId: 14,
  hyperParameters: {
    value: '{"parameter_id": 14, "parameter_source": "algorithm", "parameters": {"model_type": "LSTM", "units": 16, "num_layers": 1, "dropout": 0, "activation": "relu", "lr": 0.00031622776601683783, "window_size": 2, "batch_size": 16, "epochs": 10, "kernel_size": 2, "attention_heads": 8}, "parameter_index": 0}',
    index: 0
  },
  placementConstraint: { type: 'None', gpus: [] }
}
[2026-05-12 16:58:57] INFO (LocalV3.local) Created trial Ovs5s
[2026-05-12 16:58:59] INFO (LocalV3.local) Trial parameter: Ovs5s {"parameter_id": 14, "parameter_source": "algorithm", "parameters": {"model_type": "LSTM", "units": 16, "num_layers": 1, "dropout": 0, "activation": "relu", "lr": 0.00031622776601683783, "window_size": 2, "batch_size": 16, "epochs": 10, "kernel_size": 2, "attention_heads": 8}, "parameter_index": 0}
[2026-05-12 16:59:04] INFO (NNIManager) Trial job Ovs5s status changed from RUNNING to SUCCEEDED
[2026-05-12 16:59:04] INFO (NNIManager) NNIManager received command from dispatcher: TR, {"parameter_id": 15, "parameter_source": "algorithm", "parameters": {"model_type": "LSTM", "units": 16, "num_layers": 1, "dropout": 0, "activation": "relu", "lr": 0.00031622776601683783, "window_size": 2, "batch_size": 16, "epochs": 10, "kernel_size": 3, "attention_heads": 2}, "parameter_index": 0}
[2026-05-12 16:59:04] INFO (NNIManager) submitTrialJob: form: {
  sequenceId: 15,
  hyperParameters: {
    value: '{"parameter_id": 15, "parameter_source": "algorithm", "parameters": {"model_type": "LSTM", "units": 16, "num_layers": 1, "dropout": 0, "activation": "relu", "lr": 0.00031622776601683783, "window_size": 2, "batch_size": 16, "epochs": 10, "kernel_size": 3, "attention_heads": 2}, "parameter_index": 0}',
    index: 0
  },
  placementConstraint: { type: 'None', gpus: [] }
}
[2026-05-12 16:59:04] INFO (LocalV3.local) Created trial vuSoi
[2026-05-12 16:59:06] INFO (LocalV3.local) Trial parameter: vuSoi {"parameter_id": 15, "parameter_source": "algorithm", "parameters": {"model_type": "LSTM", "units": 16, "num_layers": 1, "dropout": 0, "activation": "relu", "lr": 0.00031622776601683783, "window_size": 2, "batch_size": 16, "epochs": 10, "kernel_size": 3, "attention_heads": 2}, "parameter_index": 0}
[2026-05-12 16:59:11] INFO (NNIManager) Trial job vuSoi status changed from RUNNING to SUCCEEDED
[2026-05-12 16:59:11] INFO (NNIManager) NNIManager received command from dispatcher: TR, {"parameter_id": 16, "parameter_source": "algorithm", "parameters": {"model_type": "LSTM", "units": 16, "num_layers": 1, "dropout": 0, "activation": "relu", "lr": 0.00031622776601683783, "window_size": 2, "batch_size": 16, "epochs": 10, "kernel_size": 3, "attention_heads": 4}, "parameter_index": 0}
[2026-05-12 16:59:11] INFO (NNIManager) submitTrialJob: form: {
  sequenceId: 16,
  hyperParameters: {
    value: '{"parameter_id": 16, "parameter_source": "algorithm", "parameters": {"model_type": "LSTM", "units": 16, "num_layers": 1, "dropout": 0, "activation": "relu", "lr": 0.00031622776601683783, "window_size": 2, "batch_size": 16, "epochs": 10, "kernel_size": 3, "attention_heads": 4}, "parameter_index": 0}',
    index: 0
  },
  placementConstraint: { type: 'None', gpus: [] }
}
[2026-05-12 16:59:11] INFO (LocalV3.local) Created trial WrV2N
[2026-05-12 16:59:13] INFO (LocalV3.local) Trial parameter: WrV2N {"parameter_id": 16, "parameter_source": "algorithm", "parameters": {"model_type": "LSTM", "units": 16, "num_layers": 1, "dropout": 0, "activation": "relu", "lr": 0.00031622776601683783, "window_size": 2, "batch_size": 16, "epochs": 10, "kernel_size": 3, "attention_heads": 4}, "parameter_index": 0}
[2026-05-12 16:59:17] INFO (NNIManager) Trial job WrV2N status changed from RUNNING to SUCCEEDED
[2026-05-12 16:59:17] INFO (NNIManager) NNIManager received command from dispatcher: TR, {"parameter_id": 17, "parameter_source": "algorithm", "parameters": {"model_type": "LSTM", "units": 16, "num_layers": 1, "dropout": 0, "activation": "relu", "lr": 0.00031622776601683783, "window_size": 2, "batch_size": 16, "epochs": 10, "kernel_size": 3, "attention_heads": 8}, "parameter_index": 0}
[2026-05-12 16:59:18] INFO (NNIManager) submitTrialJob: form: {
  sequenceId: 17,
  hyperParameters: {
    value: '{"parameter_id": 17, "parameter_source": "algorithm", "parameters": {"model_type": "LSTM", "units": 16, "num_layers": 1, "dropout": 0, "activation": "relu", "lr": 0.00031622776601683783, "window_size": 2, "batch_size": 16, "epochs": 10, "kernel_size": 3, "attention_heads": 8}, "parameter_index": 0}',
    index: 0
  },
  placementConstraint: { type: 'None', gpus: [] }
}
[2026-05-12 16:59:18] INFO (LocalV3.local) Created trial ITF5q
[2026-05-12 16:59:19] INFO (LocalV3.local) Trial parameter: ITF5q {"parameter_id": 17, "parameter_source": "algorithm", "parameters": {"model_type": "LSTM", "units": 16, "num_layers": 1, "dropout": 0, "activation": "relu", "lr": 0.00031622776601683783, "window_size": 2, "batch_size": 16, "epochs": 10, "kernel_size": 3, "attention_heads": 8}, "parameter_index": 0}
[2026-05-12 16:59:24] INFO (NNIManager) Trial job ITF5q status changed from RUNNING to SUCCEEDED
[2026-05-12 16:59:24] INFO (NNIManager) NNIManager received command from dispatcher: TR, {"parameter_id": 18, "parameter_source": "algorithm", "parameters": {"model_type": "LSTM", "units": 16, "num_layers": 1, "dropout": 0, "activation": "relu", "lr": 0.00031622776601683783, "window_size": 2, "batch_size": 16, "epochs": 10, "kernel_size": 5, "attention_heads": 2}, "parameter_index": 0}
[2026-05-12 16:59:24] INFO (NNIManager) submitTrialJob: form: {
  sequenceId: 18,
  hyperParameters: {
    value: '{"parameter_id": 18, "parameter_source": "algorithm", "parameters": {"model_type": "LSTM", "units": 16, "num_layers": 1, "dropout": 0, "activation": "relu", "lr": 0.00031622776601683783, "window_size": 2, "batch_size": 16, "epochs": 10, "kernel_size": 5, "attention_heads": 2}, "parameter_index": 0}',
    index: 0
  },
  placementConstraint: { type: 'None', gpus: [] }
}
[2026-05-12 16:59:24] INFO (LocalV3.local) Created trial CtQWT
[2026-05-12 16:59:26] INFO (LocalV3.local) Trial parameter: CtQWT {"parameter_id": 18, "parameter_source": "algorithm", "parameters": {"model_type": "LSTM", "units": 16, "num_layers": 1, "dropout": 0, "activation": "relu", "lr": 0.00031622776601683783, "window_size": 2, "batch_size": 16, "epochs": 10, "kernel_size": 5, "attention_heads": 2}, "parameter_index": 0}
[2026-05-12 16:59:30] INFO (NNIManager) Trial job CtQWT status changed from RUNNING to SUCCEEDED
[2026-05-12 16:59:30] INFO (NNIManager) NNIManager received command from dispatcher: TR, {"parameter_id": 19, "parameter_source": "algorithm", "parameters": {"model_type": "LSTM", "units": 16, "num_layers": 1, "dropout": 0, "activation": "relu", "lr": 0.00031622776601683783, "window_size": 2, "batch_size": 16, "epochs": 10, "kernel_size": 5, "attention_heads": 4}, "parameter_index": 0}
[2026-05-12 16:59:31] INFO (NNIManager) submitTrialJob: form: {
  sequenceId: 19,
  hyperParameters: {
    value: '{"parameter_id": 19, "parameter_source": "algorithm", "parameters": {"model_type": "LSTM", "units": 16, "num_layers": 1, "dropout": 0, "activation": "relu", "lr": 0.00031622776601683783, "window_size": 2, "batch_size": 16, "epochs": 10, "kernel_size": 5, "attention_heads": 4}, "parameter_index": 0}',
    index: 0
  },
  placementConstraint: { type: 'None', gpus: [] }
}
[2026-05-12 16:59:31] INFO (LocalV3.local) Created trial Wj1XE
[2026-05-12 16:59:33] INFO (LocalV3.local) Trial parameter: Wj1XE {"parameter_id": 19, "parameter_source": "algorithm", "parameters": {"model_type": "LSTM", "units": 16, "num_layers": 1, "dropout": 0, "activation": "relu", "lr": 0.00031622776601683783, "window_size": 2, "batch_size": 16, "epochs": 10, "kernel_size": 5, "attention_heads": 4}, "parameter_index": 0}
[2026-05-12 16:59:37] INFO (NNIManager) Trial job Wj1XE status changed from RUNNING to SUCCEEDED
[2026-05-12 16:59:37] INFO (NNIManager) NNIManager received command from dispatcher: TR, {"parameter_id": 20, "parameter_source": "algorithm", "parameters": {"model_type": "LSTM", "units": 16, "num_layers": 1, "dropout": 0, "activation": "relu", "lr": 0.00031622776601683783, "window_size": 2, "batch_size": 16, "epochs": 10, "kernel_size": 5, "attention_heads": 8}, "parameter_index": 0}
[2026-05-12 16:59:38] INFO (NNIManager) submitTrialJob: form: {
  sequenceId: 20,
  hyperParameters: {
    value: '{"parameter_id": 20, "parameter_source": "algorithm", "parameters": {"model_type": "LSTM", "units": 16, "num_layers": 1, "dropout": 0, "activation": "relu", "lr": 0.00031622776601683783, "window_size": 2, "batch_size": 16, "epochs": 10, "kernel_size": 5, "attention_heads": 8}, "parameter_index": 0}',
    index: 0
  },
  placementConstraint: { type: 'None', gpus: [] }
}
[2026-05-12 16:59:38] INFO (LocalV3.local) Created trial NrDgc
[2026-05-12 16:59:40] INFO (LocalV3.local) Trial parameter: NrDgc {"parameter_id": 20, "parameter_source": "algorithm", "parameters": {"model_type": "LSTM", "units": 16, "num_layers": 1, "dropout": 0, "activation": "relu", "lr": 0.00031622776601683783, "window_size": 2, "batch_size": 16, "epochs": 10, "kernel_size": 5, "attention_heads": 8}, "parameter_index": 0}
[2026-05-12 16:59:44] INFO (NNIManager) Trial job NrDgc status changed from RUNNING to SUCCEEDED
[2026-05-12 16:59:44] INFO (NNIManager) NNIManager received command from dispatcher: TR, {"parameter_id": 21, "parameter_source": "algorithm", "parameters": {"model_type": "LSTM", "units": 16, "num_layers": 1, "dropout": 0, "activation": "relu", "lr": 0.00031622776601683783, "window_size": 2, "batch_size": 16, "epochs": 10, "kernel_size": 7, "attention_heads": 2}, "parameter_index": 0}
[2026-05-12 16:59:44] INFO (NNIManager) submitTrialJob: form: {
  sequenceId: 21,
  hyperParameters: {
    value: '{"parameter_id": 21, "parameter_source": "algorithm", "parameters": {"model_type": "LSTM", "units": 16, "num_layers": 1, "dropout": 0, "activation": "relu", "lr": 0.00031622776601683783, "window_size": 2, "batch_size": 16, "epochs": 10, "kernel_size": 7, "attention_heads": 2}, "parameter_index": 0}',
    index: 0
  },
  placementConstraint: { type: 'None', gpus: [] }
}
[2026-05-12 16:59:44] INFO (LocalV3.local) Created trial T7K62
[2026-05-12 16:59:46] INFO (LocalV3.local) Trial parameter: T7K62 {"parameter_id": 21, "parameter_source": "algorithm", "parameters": {"model_type": "LSTM", "units": 16, "num_layers": 1, "dropout": 0, "activation": "relu", "lr": 0.00031622776601683783, "window_size": 2, "batch_size": 16, "epochs": 10, "kernel_size": 7, "attention_heads": 2}, "parameter_index": 0}
[2026-05-12 16:59:50] INFO (NNIManager) Trial job T7K62 status changed from RUNNING to SUCCEEDED
[2026-05-12 16:59:50] INFO (NNIManager) NNIManager received command from dispatcher: TR, {"parameter_id": 22, "parameter_source": "algorithm", "parameters": {"model_type": "LSTM", "units": 16, "num_layers": 1, "dropout": 0, "activation": "relu", "lr": 0.00031622776601683783, "window_size": 2, "batch_size": 16, "epochs": 10, "kernel_size": 7, "attention_heads": 4}, "parameter_index": 0}
[2026-05-12 16:59:51] INFO (NNIManager) submitTrialJob: form: {
  sequenceId: 22,
  hyperParameters: {
    value: '{"parameter_id": 22, "parameter_source": "algorithm", "parameters": {"model_type": "LSTM", "units": 16, "num_layers": 1, "dropout": 0, "activation": "relu", "lr": 0.00031622776601683783, "window_size": 2, "batch_size": 16, "epochs": 10, "kernel_size": 7, "attention_heads": 4}, "parameter_index": 0}',
    index: 0
  },
  placementConstraint: { type: 'None', gpus: [] }
}
[2026-05-12 16:59:51] INFO (LocalV3.local) Created trial izsYB
[2026-05-12 16:59:53] INFO (LocalV3.local) Trial parameter: izsYB {"parameter_id": 22, "parameter_source": "algorithm", "parameters": {"model_type": "LSTM", "units": 16, "num_layers": 1, "dropout": 0, "activation": "relu", "lr": 0.00031622776601683783, "window_size": 2, "batch_size": 16, "epochs": 10, "kernel_size": 7, "attention_heads": 4}, "parameter_index": 0}
[2026-05-12 16:59:57] INFO (NNIManager) Trial job izsYB status changed from RUNNING to SUCCEEDED
[2026-05-12 16:59:57] INFO (NNIManager) NNIManager received command from dispatcher: TR, {"parameter_id": 23, "parameter_source": "algorithm", "parameters": {"model_type": "LSTM", "units": 16, "num_layers": 1, "dropout": 0, "activation": "relu", "lr": 0.00031622776601683783, "window_size": 2, "batch_size": 16, "epochs": 10, "kernel_size": 7, "attention_heads": 8}, "parameter_index": 0}
[2026-05-12 16:59:57] INFO (NNIManager) submitTrialJob: form: {
  sequenceId: 23,
  hyperParameters: {
    value: '{"parameter_id": 23, "parameter_source": "algorithm", "parameters": {"model_type": "LSTM", "units": 16, "num_layers": 1, "dropout": 0, "activation": "relu", "lr": 0.00031622776601683783, "window_size": 2, "batch_size": 16, "epochs": 10, "kernel_size": 7, "attention_heads": 8}, "parameter_index": 0}',
    index: 0
  },
  placementConstraint: { type: 'None', gpus: [] }
}
[2026-05-12 16:59:57] INFO (LocalV3.local) Created trial UWPB4
[2026-05-12 16:59:59] INFO (LocalV3.local) Trial parameter: UWPB4 {"parameter_id": 23, "parameter_source": "algorithm", "parameters": {"model_type": "LSTM", "units": 16, "num_layers": 1, "dropout": 0, "activation": "relu", "lr": 0.00031622776601683783, "window_size": 2, "batch_size": 16, "epochs": 10, "kernel_size": 7, "attention_heads": 8}, "parameter_index": 0}
[2026-05-12 17:00:04] INFO (NNIManager) Trial job UWPB4 status changed from RUNNING to SUCCEEDED
[2026-05-12 17:00:04] INFO (NNIManager) NNIManager received command from dispatcher: TR, {"parameter_id": 24, "parameter_source": "algorithm", "parameters": {"model_type": "LSTM", "units": 16, "num_layers": 1, "dropout": 0, "activation": "relu", "lr": 0.00031622776601683783, "window_size": 2, "batch_size": 16, "epochs": 15, "kernel_size": 2, "attention_heads": 2}, "parameter_index": 0}
[2026-05-12 17:00:04] INFO (NNIManager) submitTrialJob: form: {
  sequenceId: 24,
  hyperParameters: {
    value: '{"parameter_id": 24, "parameter_source": "algorithm", "parameters": {"model_type": "LSTM", "units": 16, "num_layers": 1, "dropout": 0, "activation": "relu", "lr": 0.00031622776601683783, "window_size": 2, "batch_size": 16, "epochs": 15, "kernel_size": 2, "attention_heads": 2}, "parameter_index": 0}',
    index: 0
  },
  placementConstraint: { type: 'None', gpus: [] }
}
[2026-05-12 17:00:04] INFO (LocalV3.local) Created trial lhkip
[2026-05-12 17:00:06] INFO (LocalV3.local) Trial parameter: lhkip {"parameter_id": 24, "parameter_source": "algorithm", "parameters": {"model_type": "LSTM", "units": 16, "num_layers": 1, "dropout": 0, "activation": "relu", "lr": 0.00031622776601683783, "window_size": 2, "batch_size": 16, "epochs": 15, "kernel_size": 2, "attention_heads": 2}, "parameter_index": 0}
[2026-05-12 17:00:11] INFO (NNIManager) Trial job lhkip status changed from RUNNING to SUCCEEDED
[2026-05-12 17:00:11] INFO (NNIManager) NNIManager received command from dispatcher: TR, {"parameter_id": 25, "parameter_source": "algorithm", "parameters": {"model_type": "LSTM", "units": 16, "num_layers": 1, "dropout": 0, "activation": "relu", "lr": 0.00031622776601683783, "window_size": 2, "batch_size": 16, "epochs": 15, "kernel_size": 2, "attention_heads": 4}, "parameter_index": 0}
[2026-05-12 17:00:12] INFO (NNIManager) submitTrialJob: form: {
  sequenceId: 25,
  hyperParameters: {
    value: '{"parameter_id": 25, "parameter_source": "algorithm", "parameters": {"model_type": "LSTM", "units": 16, "num_layers": 1, "dropout": 0, "activation": "relu", "lr": 0.00031622776601683783, "window_size": 2, "batch_size": 16, "epochs": 15, "kernel_size": 2, "attention_heads": 4}, "parameter_index": 0}',
    index: 0
  },
  placementConstraint: { type: 'None', gpus: [] }
}
[2026-05-12 17:00:12] INFO (LocalV3.local) Created trial kI8Gl
[2026-05-12 17:00:14] INFO (LocalV3.local) Trial parameter: kI8Gl {"parameter_id": 25, "parameter_source": "algorithm", "parameters": {"model_type": "LSTM", "units": 16, "num_layers": 1, "dropout": 0, "activation": "relu", "lr": 0.00031622776601683783, "window_size": 2, "batch_size": 16, "epochs": 15, "kernel_size": 2, "attention_heads": 4}, "parameter_index": 0}
[2026-05-12 17:00:19] INFO (NNIManager) Trial job kI8Gl status changed from RUNNING to SUCCEEDED
[2026-05-12 17:00:19] INFO (NNIManager) NNIManager received command from dispatcher: TR, {"parameter_id": 26, "parameter_source": "algorithm", "parameters": {"model_type": "LSTM", "units": 16, "num_layers": 1, "dropout": 0, "activation": "relu", "lr": 0.00031622776601683783, "window_size": 2, "batch_size": 16, "epochs": 15, "kernel_size": 2, "attention_heads": 8}, "parameter_index": 0}
[2026-05-12 17:00:19] INFO (NNIManager) submitTrialJob: form: {
  sequenceId: 26,
  hyperParameters: {
    value: '{"parameter_id": 26, "parameter_source": "algorithm", "parameters": {"model_type": "LSTM", "units": 16, "num_layers": 1, "dropout": 0, "activation": "relu", "lr": 0.00031622776601683783, "window_size": 2, "batch_size": 16, "epochs": 15, "kernel_size": 2, "attention_heads": 8}, "parameter_index": 0}',
    index: 0
  },
  placementConstraint: { type: 'None', gpus: [] }
}
[2026-05-12 17:00:19] INFO (LocalV3.local) Created trial WOxj5
[2026-05-12 17:00:21] INFO (LocalV3.local) Trial parameter: WOxj5 {"parameter_id": 26, "parameter_source": "algorithm", "parameters": {"model_type": "LSTM", "units": 16, "num_layers": 1, "dropout": 0, "activation": "relu", "lr": 0.00031622776601683783, "window_size": 2, "batch_size": 16, "epochs": 15, "kernel_size": 2, "attention_heads": 8}, "parameter_index": 0}
[2026-05-12 17:00:26] INFO (NNIManager) Trial job WOxj5 status changed from RUNNING to SUCCEEDED
[2026-05-12 17:00:26] INFO (NNIManager) NNIManager received command from dispatcher: TR, {"parameter_id": 27, "parameter_source": "algorithm", "parameters": {"model_type": "LSTM", "units": 16, "num_layers": 1, "dropout": 0, "activation": "relu", "lr": 0.00031622776601683783, "window_size": 2, "batch_size": 16, "epochs": 15, "kernel_size": 3, "attention_heads": 2}, "parameter_index": 0}
[2026-05-12 17:00:27] INFO (NNIManager) submitTrialJob: form: {
  sequenceId: 27,
  hyperParameters: {
    value: '{"parameter_id": 27, "parameter_source": "algorithm", "parameters": {"model_type": "LSTM", "units": 16, "num_layers": 1, "dropout": 0, "activation": "relu", "lr": 0.00031622776601683783, "window_size": 2, "batch_size": 16, "epochs": 15, "kernel_size": 3, "attention_heads": 2}, "parameter_index": 0}',
    index: 0
  },
  placementConstraint: { type: 'None', gpus: [] }
}
[2026-05-12 17:00:27] INFO (LocalV3.local) Created trial DJjJr
[2026-05-12 17:00:29] INFO (LocalV3.local) Trial parameter: DJjJr {"parameter_id": 27, "parameter_source": "algorithm", "parameters": {"model_type": "LSTM", "units": 16, "num_layers": 1, "dropout": 0, "activation": "relu", "lr": 0.00031622776601683783, "window_size": 2, "batch_size": 16, "epochs": 15, "kernel_size": 3, "attention_heads": 2}, "parameter_index": 0}
[2026-05-12 17:00:34] INFO (NNIManager) Trial job DJjJr status changed from RUNNING to SUCCEEDED
[2026-05-12 17:00:34] INFO (NNIManager) NNIManager received command from dispatcher: TR, {"parameter_id": 28, "parameter_source": "algorithm", "parameters": {"model_type": "LSTM", "units": 16, "num_layers": 1, "dropout": 0, "activation": "relu", "lr": 0.00031622776601683783, "window_size": 2, "batch_size": 16, "epochs": 15, "kernel_size": 3, "attention_heads": 4}, "parameter_index": 0}
[2026-05-12 17:00:34] INFO (NNIManager) submitTrialJob: form: {
  sequenceId: 28,
  hyperParameters: {
    value: '{"parameter_id": 28, "parameter_source": "algorithm", "parameters": {"model_type": "LSTM", "units": 16, "num_layers": 1, "dropout": 0, "activation": "relu", "lr": 0.00031622776601683783, "window_size": 2, "batch_size": 16, "epochs": 15, "kernel_size": 3, "attention_heads": 4}, "parameter_index": 0}',
    index: 0
  },
  placementConstraint: { type: 'None', gpus: [] }
}
[2026-05-12 17:00:34] INFO (LocalV3.local) Created trial r3xlL
[2026-05-12 17:00:36] INFO (LocalV3.local) Trial parameter: r3xlL {"parameter_id": 28, "parameter_source": "algorithm", "parameters": {"model_type": "LSTM", "units": 16, "num_layers": 1, "dropout": 0, "activation": "relu", "lr": 0.00031622776601683783, "window_size": 2, "batch_size": 16, "epochs": 15, "kernel_size": 3, "attention_heads": 4}, "parameter_index": 0}
[2026-05-12 17:00:43] INFO (NNIManager) Trial job r3xlL status changed from RUNNING to SUCCEEDED
[2026-05-12 17:00:44] INFO (NNIManager) NNIManager received command from dispatcher: TR, {"parameter_id": 29, "parameter_source": "algorithm", "parameters": {"model_type": "LSTM", "units": 16, "num_layers": 1, "dropout": 0, "activation": "relu", "lr": 0.00031622776601683783, "window_size": 2, "batch_size": 16, "epochs": 15, "kernel_size": 3, "attention_heads": 8}, "parameter_index": 0}
[2026-05-12 17:00:44] INFO (NNIManager) submitTrialJob: form: {
  sequenceId: 29,
  hyperParameters: {
    value: '{"parameter_id": 29, "parameter_source": "algorithm", "parameters": {"model_type": "LSTM", "units": 16, "num_layers": 1, "dropout": 0, "activation": "relu", "lr": 0.00031622776601683783, "window_size": 2, "batch_size": 16, "epochs": 15, "kernel_size": 3, "attention_heads": 8}, "parameter_index": 0}',
    index: 0
  },
  placementConstraint: { type: 'None', gpus: [] }
}
[2026-05-12 17:00:44] INFO (LocalV3.local) Created trial QhGPV
[2026-05-12 17:00:46] INFO (LocalV3.local) Trial parameter: QhGPV {"parameter_id": 29, "parameter_source": "algorithm", "parameters": {"model_type": "LSTM", "units": 16, "num_layers": 1, "dropout": 0, "activation": "relu", "lr": 0.00031622776601683783, "window_size": 2, "batch_size": 16, "epochs": 15, "kernel_size": 3, "attention_heads": 8}, "parameter_index": 0}
[2026-05-12 17:00:54] INFO (NNIManager) Trial job QhGPV status changed from RUNNING to SUCCEEDED
[2026-05-12 17:00:54] INFO (NNIManager) NNIManager received command from dispatcher: TR, {"parameter_id": 30, "parameter_source": "algorithm", "parameters": {"model_type": "LSTM", "units": 16, "num_layers": 1, "dropout": 0, "activation": "relu", "lr": 0.00031622776601683783, "window_size": 2, "batch_size": 16, "epochs": 15, "kernel_size": 5, "attention_heads": 2}, "parameter_index": 0}
[2026-05-12 17:00:55] INFO (NNIManager) submitTrialJob: form: {
  sequenceId: 30,
  hyperParameters: {
    value: '{"parameter_id": 30, "parameter_source": "algorithm", "parameters": {"model_type": "LSTM", "units": 16, "num_layers": 1, "dropout": 0, "activation": "relu", "lr": 0.00031622776601683783, "window_size": 2, "batch_size": 16, "epochs": 15, "kernel_size": 5, "attention_heads": 2}, "parameter_index": 0}',
    index: 0
  },
  placementConstraint: { type: 'None', gpus: [] }
}
[2026-05-12 17:00:55] INFO (LocalV3.local) Created trial h7I3T
[2026-05-12 17:00:57] INFO (LocalV3.local) Trial parameter: h7I3T {"parameter_id": 30, "parameter_source": "algorithm", "parameters": {"model_type": "LSTM", "units": 16, "num_layers": 1, "dropout": 0, "activation": "relu", "lr": 0.00031622776601683783, "window_size": 2, "batch_size": 16, "epochs": 15, "kernel_size": 5, "attention_heads": 2}, "parameter_index": 0}
[2026-05-12 17:01:03] INFO (NNIManager) Trial job h7I3T status changed from RUNNING to SUCCEEDED
[2026-05-12 17:01:03] INFO (NNIManager) NNIManager received command from dispatcher: TR, {"parameter_id": 31, "parameter_source": "algorithm", "parameters": {"model_type": "LSTM", "units": 16, "num_layers": 1, "dropout": 0, "activation": "relu", "lr": 0.00031622776601683783, "window_size": 2, "batch_size": 16, "epochs": 15, "kernel_size": 5, "attention_heads": 4}, "parameter_index": 0}
[2026-05-12 17:01:03] INFO (NNIManager) submitTrialJob: form: {
  sequenceId: 31,
  hyperParameters: {
    value: '{"parameter_id": 31, "parameter_source": "algorithm", "parameters": {"model_type": "LSTM", "units": 16, "num_layers": 1, "dropout": 0, "activation": "relu", "lr": 0.00031622776601683783, "window_size": 2, "batch_size": 16, "epochs": 15, "kernel_size": 5, "attention_heads": 4}, "parameter_index": 0}',
    index: 0
  },
  placementConstraint: { type: 'None', gpus: [] }
}
[2026-05-12 17:01:03] INFO (LocalV3.local) Created trial U2vLW
[2026-05-12 17:01:05] INFO (LocalV3.local) Trial parameter: U2vLW {"parameter_id": 31, "parameter_source": "algorithm", "parameters": {"model_type": "LSTM", "units": 16, "num_layers": 1, "dropout": 0, "activation": "relu", "lr": 0.00031622776601683783, "window_size": 2, "batch_size": 16, "epochs": 15, "kernel_size": 5, "attention_heads": 4}, "parameter_index": 0}
[2026-05-12 17:01:10] INFO (NNIManager) Trial job U2vLW status changed from RUNNING to SUCCEEDED
[2026-05-12 17:01:10] INFO (NNIManager) NNIManager received command from dispatcher: TR, {"parameter_id": 32, "parameter_source": "algorithm", "parameters": {"model_type": "LSTM", "units": 16, "num_layers": 1, "dropout": 0, "activation": "relu", "lr": 0.00031622776601683783, "window_size": 2, "batch_size": 16, "epochs": 15, "kernel_size": 5, "attention_heads": 8}, "parameter_index": 0}
[2026-05-12 17:01:11] INFO (NNIManager) submitTrialJob: form: {
  sequenceId: 32,
  hyperParameters: {
    value: '{"parameter_id": 32, "parameter_source": "algorithm", "parameters": {"model_type": "LSTM", "units": 16, "num_layers": 1, "dropout": 0, "activation": "relu", "lr": 0.00031622776601683783, "window_size": 2, "batch_size": 16, "epochs": 15, "kernel_size": 5, "attention_heads": 8}, "parameter_index": 0}',
    index: 0
  },
  placementConstraint: { type: 'None', gpus: [] }
}
[2026-05-12 17:01:11] INFO (LocalV3.local) Created trial HeGm9
[2026-05-12 17:01:13] INFO (LocalV3.local) Trial parameter: HeGm9 {"parameter_id": 32, "parameter_source": "algorithm", "parameters": {"model_type": "LSTM", "units": 16, "num_layers": 1, "dropout": 0, "activation": "relu", "lr": 0.00031622776601683783, "window_size": 2, "batch_size": 16, "epochs": 15, "kernel_size": 5, "attention_heads": 8}, "parameter_index": 0}
[2026-05-12 17:01:18] INFO (NNIManager) Trial job HeGm9 status changed from RUNNING to SUCCEEDED
[2026-05-12 17:01:18] INFO (NNIManager) NNIManager received command from dispatcher: TR, {"parameter_id": 33, "parameter_source": "algorithm", "parameters": {"model_type": "LSTM", "units": 16, "num_layers": 1, "dropout": 0, "activation": "relu", "lr": 0.00031622776601683783, "window_size": 2, "batch_size": 16, "epochs": 15, "kernel_size": 7, "attention_heads": 2}, "parameter_index": 0}
[2026-05-12 17:01:18] INFO (NNIManager) submitTrialJob: form: {
  sequenceId: 33,
  hyperParameters: {
    value: '{"parameter_id": 33, "parameter_source": "algorithm", "parameters": {"model_type": "LSTM", "units": 16, "num_layers": 1, "dropout": 0, "activation": "relu", "lr": 0.00031622776601683783, "window_size": 2, "batch_size": 16, "epochs": 15, "kernel_size": 7, "attention_heads": 2}, "parameter_index": 0}',
    index: 0
  },
  placementConstraint: { type: 'None', gpus: [] }
}
[2026-05-12 17:01:18] INFO (LocalV3.local) Created trial yvfOz
[2026-05-12 17:01:20] INFO (LocalV3.local) Trial parameter: yvfOz {"parameter_id": 33, "parameter_source": "algorithm", "parameters": {"model_type": "LSTM", "units": 16, "num_layers": 1, "dropout": 0, "activation": "relu", "lr": 0.00031622776601683783, "window_size": 2, "batch_size": 16, "epochs": 15, "kernel_size": 7, "attention_heads": 2}, "parameter_index": 0}
[2026-05-12 17:01:25] INFO (NNIManager) Trial job yvfOz status changed from RUNNING to SUCCEEDED
[2026-05-12 17:01:25] INFO (NNIManager) NNIManager received command from dispatcher: TR, {"parameter_id": 34, "parameter_source": "algorithm", "parameters": {"model_type": "LSTM", "units": 16, "num_layers": 1, "dropout": 0, "activation": "relu", "lr": 0.00031622776601683783, "window_size": 2, "batch_size": 16, "epochs": 15, "kernel_size": 7, "attention_heads": 4}, "parameter_index": 0}
[2026-05-12 17:01:26] INFO (NNIManager) submitTrialJob: form: {
  sequenceId: 34,
  hyperParameters: {
    value: '{"parameter_id": 34, "parameter_source": "algorithm", "parameters": {"model_type": "LSTM", "units": 16, "num_layers": 1, "dropout": 0, "activation": "relu", "lr": 0.00031622776601683783, "window_size": 2, "batch_size": 16, "epochs": 15, "kernel_size": 7, "attention_heads": 4}, "parameter_index": 0}',
    index: 0
  },
  placementConstraint: { type: 'None', gpus: [] }
}
[2026-05-12 17:01:26] INFO (LocalV3.local) Created trial YbbVG
[2026-05-12 17:01:27] INFO (LocalV3.local) Trial parameter: YbbVG {"parameter_id": 34, "parameter_source": "algorithm", "parameters": {"model_type": "LSTM", "units": 16, "num_layers": 1, "dropout": 0, "activation": "relu", "lr": 0.00031622776601683783, "window_size": 2, "batch_size": 16, "epochs": 15, "kernel_size": 7, "attention_heads": 4}, "parameter_index": 0}
[2026-05-12 17:01:33] INFO (NNIManager) Trial job YbbVG status changed from RUNNING to SUCCEEDED
[2026-05-12 17:01:33] INFO (NNIManager) NNIManager received command from dispatcher: TR, {"parameter_id": 35, "parameter_source": "algorithm", "parameters": {"model_type": "LSTM", "units": 16, "num_layers": 1, "dropout": 0, "activation": "relu", "lr": 0.00031622776601683783, "window_size": 2, "batch_size": 16, "epochs": 15, "kernel_size": 7, "attention_heads": 8}, "parameter_index": 0}
[2026-05-12 17:01:33] INFO (NNIManager) submitTrialJob: form: {
  sequenceId: 35,
  hyperParameters: {
    value: '{"parameter_id": 35, "parameter_source": "algorithm", "parameters": {"model_type": "LSTM", "units": 16, "num_layers": 1, "dropout": 0, "activation": "relu", "lr": 0.00031622776601683783, "window_size": 2, "batch_size": 16, "epochs": 15, "kernel_size": 7, "attention_heads": 8}, "parameter_index": 0}',
    index: 0
  },
  placementConstraint: { type: 'None', gpus: [] }
}
[2026-05-12 17:01:33] INFO (LocalV3.local) Created trial YUEsH
[2026-05-12 17:01:35] INFO (LocalV3.local) Trial parameter: YUEsH {"parameter_id": 35, "parameter_source": "algorithm", "parameters": {"model_type": "LSTM", "units": 16, "num_layers": 1, "dropout": 0, "activation": "relu", "lr": 0.00031622776601683783, "window_size": 2, "batch_size": 16, "epochs": 15, "kernel_size": 7, "attention_heads": 8}, "parameter_index": 0}
[2026-05-12 17:01:40] INFO (NNIManager) Trial job YUEsH status changed from RUNNING to SUCCEEDED
[2026-05-12 17:01:40] INFO (NNIManager) NNIManager received command from dispatcher: TR, {"parameter_id": 36, "parameter_source": "algorithm", "parameters": {"model_type": "LSTM", "units": 16, "num_layers": 1, "dropout": 0, "activation": "relu", "lr": 0.00031622776601683783, "window_size": 2, "batch_size": 16, "epochs": 20, "kernel_size": 2, "attention_heads": 2}, "parameter_index": 0}
[2026-05-12 17:01:41] INFO (NNIManager) submitTrialJob: form: {
  sequenceId: 36,
  hyperParameters: {
    value: '{"parameter_id": 36, "parameter_source": "algorithm", "parameters": {"model_type": "LSTM", "units": 16, "num_layers": 1, "dropout": 0, "activation": "relu", "lr": 0.00031622776601683783, "window_size": 2, "batch_size": 16, "epochs": 20, "kernel_size": 2, "attention_heads": 2}, "parameter_index": 0}',
    index: 0
  },
  placementConstraint: { type: 'None', gpus: [] }
}
[2026-05-12 17:01:41] INFO (LocalV3.local) Created trial EVNeR
[2026-05-12 17:01:43] INFO (LocalV3.local) Trial parameter: EVNeR {"parameter_id": 36, "parameter_source": "algorithm", "parameters": {"model_type": "LSTM", "units": 16, "num_layers": 1, "dropout": 0, "activation": "relu", "lr": 0.00031622776601683783, "window_size": 2, "batch_size": 16, "epochs": 20, "kernel_size": 2, "attention_heads": 2}, "parameter_index": 0}
[2026-05-12 17:01:49] INFO (NNIManager) Trial job EVNeR status changed from RUNNING to SUCCEEDED
[2026-05-12 17:01:49] INFO (NNIManager) NNIManager received command from dispatcher: TR, {"parameter_id": 37, "parameter_source": "algorithm", "parameters": {"model_type": "LSTM", "units": 16, "num_layers": 1, "dropout": 0, "activation": "relu", "lr": 0.00031622776601683783, "window_size": 2, "batch_size": 16, "epochs": 20, "kernel_size": 2, "attention_heads": 4}, "parameter_index": 0}
[2026-05-12 17:01:49] INFO (NNIManager) submitTrialJob: form: {
  sequenceId: 37,
  hyperParameters: {
    value: '{"parameter_id": 37, "parameter_source": "algorithm", "parameters": {"model_type": "LSTM", "units": 16, "num_layers": 1, "dropout": 0, "activation": "relu", "lr": 0.00031622776601683783, "window_size": 2, "batch_size": 16, "epochs": 20, "kernel_size": 2, "attention_heads": 4}, "parameter_index": 0}',
    index: 0
  },
  placementConstraint: { type: 'None', gpus: [] }
}
[2026-05-12 17:01:49] INFO (LocalV3.local) Created trial zxKle
[2026-05-12 17:01:51] INFO (LocalV3.local) Trial parameter: zxKle {"parameter_id": 37, "parameter_source": "algorithm", "parameters": {"model_type": "LSTM", "units": 16, "num_layers": 1, "dropout": 0, "activation": "relu", "lr": 0.00031622776601683783, "window_size": 2, "batch_size": 16, "epochs": 20, "kernel_size": 2, "attention_heads": 4}, "parameter_index": 0}
[2026-05-12 17:01:57] INFO (NNIManager) Trial job zxKle status changed from RUNNING to SUCCEEDED
[2026-05-12 17:01:57] INFO (NNIManager) NNIManager received command from dispatcher: TR, {"parameter_id": 38, "parameter_source": "algorithm", "parameters": {"model_type": "LSTM", "units": 16, "num_layers": 1, "dropout": 0, "activation": "relu", "lr": 0.00031622776601683783, "window_size": 2, "batch_size": 16, "epochs": 20, "kernel_size": 2, "attention_heads": 8}, "parameter_index": 0}
[2026-05-12 17:01:58] INFO (NNIManager) submitTrialJob: form: {
  sequenceId: 38,
  hyperParameters: {
    value: '{"parameter_id": 38, "parameter_source": "algorithm", "parameters": {"model_type": "LSTM", "units": 16, "num_layers": 1, "dropout": 0, "activation": "relu", "lr": 0.00031622776601683783, "window_size": 2, "batch_size": 16, "epochs": 20, "kernel_size": 2, "attention_heads": 8}, "parameter_index": 0}',
    index: 0
  },
  placementConstraint: { type: 'None', gpus: [] }
}
[2026-05-12 17:01:58] INFO (LocalV3.local) Created trial QcmYG
[2026-05-12 17:02:00] INFO (LocalV3.local) Trial parameter: QcmYG {"parameter_id": 38, "parameter_source": "algorithm", "parameters": {"model_type": "LSTM", "units": 16, "num_layers": 1, "dropout": 0, "activation": "relu", "lr": 0.00031622776601683783, "window_size": 2, "batch_size": 16, "epochs": 20, "kernel_size": 2, "attention_heads": 8}, "parameter_index": 0}
[2026-05-12 17:02:06] INFO (NNIManager) Trial job QcmYG status changed from RUNNING to SUCCEEDED
[2026-05-12 17:02:06] INFO (NNIManager) NNIManager received command from dispatcher: TR, {"parameter_id": 39, "parameter_source": "algorithm", "parameters": {"model_type": "LSTM", "units": 16, "num_layers": 1, "dropout": 0, "activation": "relu", "lr": 0.00031622776601683783, "window_size": 2, "batch_size": 16, "epochs": 20, "kernel_size": 3, "attention_heads": 2}, "parameter_index": 0}
[2026-05-12 17:02:06] INFO (NNIManager) submitTrialJob: form: {
  sequenceId: 39,
  hyperParameters: {
    value: '{"parameter_id": 39, "parameter_source": "algorithm", "parameters": {"model_type": "LSTM", "units": 16, "num_layers": 1, "dropout": 0, "activation": "relu", "lr": 0.00031622776601683783, "window_size": 2, "batch_size": 16, "epochs": 20, "kernel_size": 3, "attention_heads": 2}, "parameter_index": 0}',
    index: 0
  },
  placementConstraint: { type: 'None', gpus: [] }
}
[2026-05-12 17:02:06] INFO (LocalV3.local) Created trial XKpnR
[2026-05-12 17:02:08] INFO (LocalV3.local) Trial parameter: XKpnR {"parameter_id": 39, "parameter_source": "algorithm", "parameters": {"model_type": "LSTM", "units": 16, "num_layers": 1, "dropout": 0, "activation": "relu", "lr": 0.00031622776601683783, "window_size": 2, "batch_size": 16, "epochs": 20, "kernel_size": 3, "attention_heads": 2}, "parameter_index": 0}
[2026-05-12 17:02:14] INFO (NNIManager) Trial job XKpnR status changed from RUNNING to SUCCEEDED
[2026-05-12 17:02:14] INFO (NNIManager) NNIManager received command from dispatcher: TR, {"parameter_id": 40, "parameter_source": "algorithm", "parameters": {"model_type": "LSTM", "units": 16, "num_layers": 1, "dropout": 0, "activation": "relu", "lr": 0.00031622776601683783, "window_size": 2, "batch_size": 16, "epochs": 20, "kernel_size": 3, "attention_heads": 4}, "parameter_index": 0}
[2026-05-12 17:02:15] INFO (NNIManager) submitTrialJob: form: {
  sequenceId: 40,
  hyperParameters: {
    value: '{"parameter_id": 40, "parameter_source": "algorithm", "parameters": {"model_type": "LSTM", "units": 16, "num_layers": 1, "dropout": 0, "activation": "relu", "lr": 0.00031622776601683783, "window_size": 2, "batch_size": 16, "epochs": 20, "kernel_size": 3, "attention_heads": 4}, "parameter_index": 0}',
    index: 0
  },
  placementConstraint: { type: 'None', gpus: [] }
}
[2026-05-12 17:02:15] INFO (LocalV3.local) Created trial DRgRG
[2026-05-12 17:02:17] INFO (LocalV3.local) Trial parameter: DRgRG {"parameter_id": 40, "parameter_source": "algorithm", "parameters": {"model_type": "LSTM", "units": 16, "num_layers": 1, "dropout": 0, "activation": "relu", "lr": 0.00031622776601683783, "window_size": 2, "batch_size": 16, "epochs": 20, "kernel_size": 3, "attention_heads": 4}, "parameter_index": 0}
[2026-05-12 17:02:23] INFO (NNIManager) Trial job DRgRG status changed from RUNNING to SUCCEEDED
[2026-05-12 17:02:23] INFO (NNIManager) NNIManager received command from dispatcher: TR, {"parameter_id": 41, "parameter_source": "algorithm", "parameters": {"model_type": "LSTM", "units": 16, "num_layers": 1, "dropout": 0, "activation": "relu", "lr": 0.00031622776601683783, "window_size": 2, "batch_size": 16, "epochs": 20, "kernel_size": 3, "attention_heads": 8}, "parameter_index": 0}
[2026-05-12 17:02:23] INFO (NNIManager) submitTrialJob: form: {
  sequenceId: 41,
  hyperParameters: {
    value: '{"parameter_id": 41, "parameter_source": "algorithm", "parameters": {"model_type": "LSTM", "units": 16, "num_layers": 1, "dropout": 0, "activation": "relu", "lr": 0.00031622776601683783, "window_size": 2, "batch_size": 16, "epochs": 20, "kernel_size": 3, "attention_heads": 8}, "parameter_index": 0}',
    index: 0
  },
  placementConstraint: { type: 'None', gpus: [] }
}
[2026-05-12 17:02:23] INFO (LocalV3.local) Created trial Rf6uq
[2026-05-12 17:02:25] INFO (LocalV3.local) Trial parameter: Rf6uq {"parameter_id": 41, "parameter_source": "algorithm", "parameters": {"model_type": "LSTM", "units": 16, "num_layers": 1, "dropout": 0, "activation": "relu", "lr": 0.00031622776601683783, "window_size": 2, "batch_size": 16, "epochs": 20, "kernel_size": 3, "attention_heads": 8}, "parameter_index": 0}
[2026-05-12 17:02:31] INFO (NNIManager) Trial job Rf6uq status changed from RUNNING to SUCCEEDED
[2026-05-12 17:02:31] INFO (NNIManager) NNIManager received command from dispatcher: TR, {"parameter_id": 42, "parameter_source": "algorithm", "parameters": {"model_type": "LSTM", "units": 16, "num_layers": 1, "dropout": 0, "activation": "relu", "lr": 0.00031622776601683783, "window_size": 2, "batch_size": 16, "epochs": 20, "kernel_size": 5, "attention_heads": 2}, "parameter_index": 0}
[2026-05-12 17:02:32] INFO (NNIManager) submitTrialJob: form: {
  sequenceId: 42,
  hyperParameters: {
    value: '{"parameter_id": 42, "parameter_source": "algorithm", "parameters": {"model_type": "LSTM", "units": 16, "num_layers": 1, "dropout": 0, "activation": "relu", "lr": 0.00031622776601683783, "window_size": 2, "batch_size": 16, "epochs": 20, "kernel_size": 5, "attention_heads": 2}, "parameter_index": 0}',
    index: 0
  },
  placementConstraint: { type: 'None', gpus: [] }
}
[2026-05-12 17:02:32] INFO (LocalV3.local) Created trial QN40q
[2026-05-12 17:02:34] INFO (LocalV3.local) Trial parameter: QN40q {"parameter_id": 42, "parameter_source": "algorithm", "parameters": {"model_type": "LSTM", "units": 16, "num_layers": 1, "dropout": 0, "activation": "relu", "lr": 0.00031622776601683783, "window_size": 2, "batch_size": 16, "epochs": 20, "kernel_size": 5, "attention_heads": 2}, "parameter_index": 0}
[2026-05-12 17:02:40] INFO (NNIManager) Trial job QN40q status changed from RUNNING to SUCCEEDED
[2026-05-12 17:02:40] INFO (NNIManager) NNIManager received command from dispatcher: TR, {"parameter_id": 43, "parameter_source": "algorithm", "parameters": {"model_type": "LSTM", "units": 16, "num_layers": 1, "dropout": 0, "activation": "relu", "lr": 0.00031622776601683783, "window_size": 2, "batch_size": 16, "epochs": 20, "kernel_size": 5, "attention_heads": 4}, "parameter_index": 0}
[2026-05-12 17:02:40] INFO (NNIManager) submitTrialJob: form: {
  sequenceId: 43,
  hyperParameters: {
    value: '{"parameter_id": 43, "parameter_source": "algorithm", "parameters": {"model_type": "LSTM", "units": 16, "num_layers": 1, "dropout": 0, "activation": "relu", "lr": 0.00031622776601683783, "window_size": 2, "batch_size": 16, "epochs": 20, "kernel_size": 5, "attention_heads": 4}, "parameter_index": 0}',
    index: 0
  },
  placementConstraint: { type: 'None', gpus: [] }
}
[2026-05-12 17:02:40] INFO (LocalV3.local) Created trial ThESW
[2026-05-12 17:02:42] INFO (LocalV3.local) Trial parameter: ThESW {"parameter_id": 43, "parameter_source": "algorithm", "parameters": {"model_type": "LSTM", "units": 16, "num_layers": 1, "dropout": 0, "activation": "relu", "lr": 0.00031622776601683783, "window_size": 2, "batch_size": 16, "epochs": 20, "kernel_size": 5, "attention_heads": 4}, "parameter_index": 0}
[2026-05-12 17:02:48] INFO (NNIManager) Trial job ThESW status changed from RUNNING to SUCCEEDED
[2026-05-12 17:02:48] INFO (NNIManager) NNIManager received command from dispatcher: TR, {"parameter_id": 44, "parameter_source": "algorithm", "parameters": {"model_type": "LSTM", "units": 16, "num_layers": 1, "dropout": 0, "activation": "relu", "lr": 0.00031622776601683783, "window_size": 2, "batch_size": 16, "epochs": 20, "kernel_size": 5, "attention_heads": 8}, "parameter_index": 0}
[2026-05-12 17:02:49] INFO (NNIManager) submitTrialJob: form: {
  sequenceId: 44,
  hyperParameters: {
    value: '{"parameter_id": 44, "parameter_source": "algorithm", "parameters": {"model_type": "LSTM", "units": 16, "num_layers": 1, "dropout": 0, "activation": "relu", "lr": 0.00031622776601683783, "window_size": 2, "batch_size": 16, "epochs": 20, "kernel_size": 5, "attention_heads": 8}, "parameter_index": 0}',
    index: 0
  },
  placementConstraint: { type: 'None', gpus: [] }
}
[2026-05-12 17:02:49] INFO (LocalV3.local) Created trial tF7pm
[2026-05-12 17:02:51] INFO (LocalV3.local) Trial parameter: tF7pm {"parameter_id": 44, "parameter_source": "algorithm", "parameters": {"model_type": "LSTM", "units": 16, "num_layers": 1, "dropout": 0, "activation": "relu", "lr": 0.00031622776601683783, "window_size": 2, "batch_size": 16, "epochs": 20, "kernel_size": 5, "attention_heads": 8}, "parameter_index": 0}
[2026-05-12 17:02:57] INFO (NNIManager) Trial job tF7pm status changed from RUNNING to SUCCEEDED
[2026-05-12 17:02:57] INFO (NNIManager) NNIManager received command from dispatcher: TR, {"parameter_id": 45, "parameter_source": "algorithm", "parameters": {"model_type": "LSTM", "units": 16, "num_layers": 1, "dropout": 0, "activation": "relu", "lr": 0.00031622776601683783, "window_size": 2, "batch_size": 16, "epochs": 20, "kernel_size": 7, "attention_heads": 2}, "parameter_index": 0}
[2026-05-12 17:02:57] INFO (NNIManager) submitTrialJob: form: {
  sequenceId: 45,
  hyperParameters: {
    value: '{"parameter_id": 45, "parameter_source": "algorithm", "parameters": {"model_type": "LSTM", "units": 16, "num_layers": 1, "dropout": 0, "activation": "relu", "lr": 0.00031622776601683783, "window_size": 2, "batch_size": 16, "epochs": 20, "kernel_size": 7, "attention_heads": 2}, "parameter_index": 0}',
    index: 0
  },
  placementConstraint: { type: 'None', gpus: [] }
}
[2026-05-12 17:02:57] INFO (LocalV3.local) Created trial iAkoa
[2026-05-12 17:02:59] INFO (LocalV3.local) Trial parameter: iAkoa {"parameter_id": 45, "parameter_source": "algorithm", "parameters": {"model_type": "LSTM", "units": 16, "num_layers": 1, "dropout": 0, "activation": "relu", "lr": 0.00031622776601683783, "window_size": 2, "batch_size": 16, "epochs": 20, "kernel_size": 7, "attention_heads": 2}, "parameter_index": 0}
[2026-05-12 17:03:06] INFO (NNIManager) Trial job iAkoa status changed from RUNNING to SUCCEEDED
[2026-05-12 17:03:06] INFO (NNIManager) NNIManager received command from dispatcher: TR, {"parameter_id": 46, "parameter_source": "algorithm", "parameters": {"model_type": "LSTM", "units": 16, "num_layers": 1, "dropout": 0, "activation": "relu", "lr": 0.00031622776601683783, "window_size": 2, "batch_size": 16, "epochs": 20, "kernel_size": 7, "attention_heads": 4}, "parameter_index": 0}
[2026-05-12 17:03:06] INFO (NNIManager) submitTrialJob: form: {
  sequenceId: 46,
  hyperParameters: {
    value: '{"parameter_id": 46, "parameter_source": "algorithm", "parameters": {"model_type": "LSTM", "units": 16, "num_layers": 1, "dropout": 0, "activation": "relu", "lr": 0.00031622776601683783, "window_size": 2, "batch_size": 16, "epochs": 20, "kernel_size": 7, "attention_heads": 4}, "parameter_index": 0}',
    index: 0
  },
  placementConstraint: { type: 'None', gpus: [] }
}
[2026-05-12 17:03:06] INFO (LocalV3.local) Created trial qAlXH
[2026-05-12 17:03:08] INFO (LocalV3.local) Trial parameter: qAlXH {"parameter_id": 46, "parameter_source": "algorithm", "parameters": {"model_type": "LSTM", "units": 16, "num_layers": 1, "dropout": 0, "activation": "relu", "lr": 0.00031622776601683783, "window_size": 2, "batch_size": 16, "epochs": 20, "kernel_size": 7, "attention_heads": 4}, "parameter_index": 0}
[2026-05-12 17:03:14] INFO (NNIManager) Trial job qAlXH status changed from RUNNING to SUCCEEDED
[2026-05-12 17:03:14] INFO (NNIManager) NNIManager received command from dispatcher: TR, {"parameter_id": 47, "parameter_source": "algorithm", "parameters": {"model_type": "LSTM", "units": 16, "num_layers": 1, "dropout": 0, "activation": "relu", "lr": 0.00031622776601683783, "window_size": 2, "batch_size": 16, "epochs": 20, "kernel_size": 7, "attention_heads": 8}, "parameter_index": 0}
[2026-05-12 17:03:15] INFO (NNIManager) submitTrialJob: form: {
  sequenceId: 47,
  hyperParameters: {
    value: '{"parameter_id": 47, "parameter_source": "algorithm", "parameters": {"model_type": "LSTM", "units": 16, "num_layers": 1, "dropout": 0, "activation": "relu", "lr": 0.00031622776601683783, "window_size": 2, "batch_size": 16, "epochs": 20, "kernel_size": 7, "attention_heads": 8}, "parameter_index": 0}',
    index: 0
  },
  placementConstraint: { type: 'None', gpus: [] }
}
[2026-05-12 17:03:15] INFO (LocalV3.local) Created trial a2zF0
[2026-05-12 17:03:16] INFO (LocalV3.local) Trial parameter: a2zF0 {"parameter_id": 47, "parameter_source": "algorithm", "parameters": {"model_type": "LSTM", "units": 16, "num_layers": 1, "dropout": 0, "activation": "relu", "lr": 0.00031622776601683783, "window_size": 2, "batch_size": 16, "epochs": 20, "kernel_size": 7, "attention_heads": 8}, "parameter_index": 0}
[2026-05-12 17:03:23] INFO (NNIManager) Trial job a2zF0 status changed from RUNNING to SUCCEEDED
[2026-05-12 17:03:23] INFO (NNIManager) NNIManager received command from dispatcher: TR, {"parameter_id": 48, "parameter_source": "algorithm", "parameters": {"model_type": "LSTM", "units": 16, "num_layers": 1, "dropout": 0, "activation": "relu", "lr": 0.00031622776601683783, "window_size": 2, "batch_size": 32, "epochs": 5, "kernel_size": 2, "attention_heads": 2}, "parameter_index": 0}
[2026-05-12 17:03:23] INFO (NNIManager) submitTrialJob: form: {
  sequenceId: 48,
  hyperParameters: {
    value: '{"parameter_id": 48, "parameter_source": "algorithm", "parameters": {"model_type": "LSTM", "units": 16, "num_layers": 1, "dropout": 0, "activation": "relu", "lr": 0.00031622776601683783, "window_size": 2, "batch_size": 32, "epochs": 5, "kernel_size": 2, "attention_heads": 2}, "parameter_index": 0}',
    index: 0
  },
  placementConstraint: { type: 'None', gpus: [] }
}
[2026-05-12 17:03:23] INFO (LocalV3.local) Created trial xB3uq
[2026-05-12 17:03:25] INFO (LocalV3.local) Trial parameter: xB3uq {"parameter_id": 48, "parameter_source": "algorithm", "parameters": {"model_type": "LSTM", "units": 16, "num_layers": 1, "dropout": 0, "activation": "relu", "lr": 0.00031622776601683783, "window_size": 2, "batch_size": 32, "epochs": 5, "kernel_size": 2, "attention_heads": 2}, "parameter_index": 0}
[2026-05-12 17:03:29] INFO (NNIManager) Trial job xB3uq status changed from RUNNING to SUCCEEDED
[2026-05-12 17:03:29] INFO (NNIManager) NNIManager received command from dispatcher: TR, {"parameter_id": 49, "parameter_source": "algorithm", "parameters": {"model_type": "LSTM", "units": 16, "num_layers": 1, "dropout": 0, "activation": "relu", "lr": 0.00031622776601683783, "window_size": 2, "batch_size": 32, "epochs": 5, "kernel_size": 2, "attention_heads": 4}, "parameter_index": 0}
[2026-05-12 17:03:29] INFO (NNIManager) submitTrialJob: form: {
  sequenceId: 49,
  hyperParameters: {
    value: '{"parameter_id": 49, "parameter_source": "algorithm", "parameters": {"model_type": "LSTM", "units": 16, "num_layers": 1, "dropout": 0, "activation": "relu", "lr": 0.00031622776601683783, "window_size": 2, "batch_size": 32, "epochs": 5, "kernel_size": 2, "attention_heads": 4}, "parameter_index": 0}',
    index: 0
  },
  placementConstraint: { type: 'None', gpus: [] }
}
[2026-05-12 17:03:29] INFO (LocalV3.local) Created trial EL9HC
[2026-05-12 17:03:31] INFO (LocalV3.local) Trial parameter: EL9HC {"parameter_id": 49, "parameter_source": "algorithm", "parameters": {"model_type": "LSTM", "units": 16, "num_layers": 1, "dropout": 0, "activation": "relu", "lr": 0.00031622776601683783, "window_size": 2, "batch_size": 32, "epochs": 5, "kernel_size": 2, "attention_heads": 4}, "parameter_index": 0}
[2026-05-12 17:03:35] INFO (NNIManager) Trial job EL9HC status changed from RUNNING to SUCCEEDED
[2026-05-12 17:03:35] INFO (NNIManager) NNIManager received command from dispatcher: TR, {"parameter_id": 50, "parameter_source": "algorithm", "parameters": {"model_type": "LSTM", "units": 16, "num_layers": 1, "dropout": 0, "activation": "relu", "lr": 0.00031622776601683783, "window_size": 2, "batch_size": 32, "epochs": 5, "kernel_size": 2, "attention_heads": 8}, "parameter_index": 0}
[2026-05-12 17:03:36] INFO (NNIManager) submitTrialJob: form: {
  sequenceId: 50,
  hyperParameters: {
    value: '{"parameter_id": 50, "parameter_source": "algorithm", "parameters": {"model_type": "LSTM", "units": 16, "num_layers": 1, "dropout": 0, "activation": "relu", "lr": 0.00031622776601683783, "window_size": 2, "batch_size": 32, "epochs": 5, "kernel_size": 2, "attention_heads": 8}, "parameter_index": 0}',
    index: 0
  },
  placementConstraint: { type: 'None', gpus: [] }
}
[2026-05-12 17:03:36] INFO (LocalV3.local) Created trial Oz0IQ
[2026-05-12 17:03:38] INFO (LocalV3.local) Trial parameter: Oz0IQ {"parameter_id": 50, "parameter_source": "algorithm", "parameters": {"model_type": "LSTM", "units": 16, "num_layers": 1, "dropout": 0, "activation": "relu", "lr": 0.00031622776601683783, "window_size": 2, "batch_size": 32, "epochs": 5, "kernel_size": 2, "attention_heads": 8}, "parameter_index": 0}
[2026-05-12 17:03:43] INFO (NNIManager) Trial job Oz0IQ status changed from RUNNING to SUCCEEDED
[2026-05-12 17:03:43] INFO (NNIManager) NNIManager received command from dispatcher: TR, {"parameter_id": 51, "parameter_source": "algorithm", "parameters": {"model_type": "LSTM", "units": 16, "num_layers": 1, "dropout": 0, "activation": "relu", "lr": 0.00031622776601683783, "window_size": 2, "batch_size": 32, "epochs": 5, "kernel_size": 3, "attention_heads": 2}, "parameter_index": 0}
[2026-05-12 17:03:43] INFO (NNIManager) submitTrialJob: form: {
  sequenceId: 51,
  hyperParameters: {
    value: '{"parameter_id": 51, "parameter_source": "algorithm", "parameters": {"model_type": "LSTM", "units": 16, "num_layers": 1, "dropout": 0, "activation": "relu", "lr": 0.00031622776601683783, "window_size": 2, "batch_size": 32, "epochs": 5, "kernel_size": 3, "attention_heads": 2}, "parameter_index": 0}',
    index: 0
  },
  placementConstraint: { type: 'None', gpus: [] }
}
[2026-05-12 17:03:43] INFO (LocalV3.local) Created trial E6fTP
[2026-05-12 17:03:45] INFO (LocalV3.local) Trial parameter: E6fTP {"parameter_id": 51, "parameter_source": "algorithm", "parameters": {"model_type": "LSTM", "units": 16, "num_layers": 1, "dropout": 0, "activation": "relu", "lr": 0.00031622776601683783, "window_size": 2, "batch_size": 32, "epochs": 5, "kernel_size": 3, "attention_heads": 2}, "parameter_index": 0}
[2026-05-12 17:03:49] INFO (NNIManager) Trial job E6fTP status changed from RUNNING to SUCCEEDED
[2026-05-12 17:03:49] INFO (NNIManager) NNIManager received command from dispatcher: TR, {"parameter_id": 52, "parameter_source": "algorithm", "parameters": {"model_type": "LSTM", "units": 16, "num_layers": 1, "dropout": 0, "activation": "relu", "lr": 0.00031622776601683783, "window_size": 2, "batch_size": 32, "epochs": 5, "kernel_size": 3, "attention_heads": 4}, "parameter_index": 0}
[2026-05-12 17:03:49] INFO (NNIManager) submitTrialJob: form: {
  sequenceId: 52,
  hyperParameters: {
    value: '{"parameter_id": 52, "parameter_source": "algorithm", "parameters": {"model_type": "LSTM", "units": 16, "num_layers": 1, "dropout": 0, "activation": "relu", "lr": 0.00031622776601683783, "window_size": 2, "batch_size": 32, "epochs": 5, "kernel_size": 3, "attention_heads": 4}, "parameter_index": 0}',
    index: 0
  },
  placementConstraint: { type: 'None', gpus: [] }
}
[2026-05-12 17:03:49] INFO (LocalV3.local) Created trial TFj6e
[2026-05-12 17:03:51] INFO (LocalV3.local) Trial parameter: TFj6e {"parameter_id": 52, "parameter_source": "algorithm", "parameters": {"model_type": "LSTM", "units": 16, "num_layers": 1, "dropout": 0, "activation": "relu", "lr": 0.00031622776601683783, "window_size": 2, "batch_size": 32, "epochs": 5, "kernel_size": 3, "attention_heads": 4}, "parameter_index": 0}
[2026-05-12 17:03:54] INFO (NNIManager) Trial job TFj6e status changed from RUNNING to SUCCEEDED
[2026-05-12 17:03:54] INFO (NNIManager) NNIManager received command from dispatcher: TR, {"parameter_id": 53, "parameter_source": "algorithm", "parameters": {"model_type": "LSTM", "units": 16, "num_layers": 1, "dropout": 0, "activation": "relu", "lr": 0.00031622776601683783, "window_size": 2, "batch_size": 32, "epochs": 5, "kernel_size": 3, "attention_heads": 8}, "parameter_index": 0}
[2026-05-12 17:03:55] INFO (NNIManager) submitTrialJob: form: {
  sequenceId: 53,
  hyperParameters: {
    value: '{"parameter_id": 53, "parameter_source": "algorithm", "parameters": {"model_type": "LSTM", "units": 16, "num_layers": 1, "dropout": 0, "activation": "relu", "lr": 0.00031622776601683783, "window_size": 2, "batch_size": 32, "epochs": 5, "kernel_size": 3, "attention_heads": 8}, "parameter_index": 0}',
    index: 0
  },
  placementConstraint: { type: 'None', gpus: [] }
}
[2026-05-12 17:03:55] INFO (LocalV3.local) Created trial REVBQ
[2026-05-12 17:03:57] INFO (LocalV3.local) Trial parameter: REVBQ {"parameter_id": 53, "parameter_source": "algorithm", "parameters": {"model_type": "LSTM", "units": 16, "num_layers": 1, "dropout": 0, "activation": "relu", "lr": 0.00031622776601683783, "window_size": 2, "batch_size": 32, "epochs": 5, "kernel_size": 3, "attention_heads": 8}, "parameter_index": 0}
[2026-05-12 17:04:00] INFO (NNIManager) Trial job REVBQ status changed from RUNNING to SUCCEEDED
[2026-05-12 17:04:00] INFO (NNIManager) NNIManager received command from dispatcher: TR, {"parameter_id": 54, "parameter_source": "algorithm", "parameters": {"model_type": "LSTM", "units": 16, "num_layers": 1, "dropout": 0, "activation": "relu", "lr": 0.00031622776601683783, "window_size": 2, "batch_size": 32, "epochs": 5, "kernel_size": 5, "attention_heads": 2}, "parameter_index": 0}
[2026-05-12 17:04:01] INFO (NNIManager) submitTrialJob: form: {
  sequenceId: 54,
  hyperParameters: {
    value: '{"parameter_id": 54, "parameter_source": "algorithm", "parameters": {"model_type": "LSTM", "units": 16, "num_layers": 1, "dropout": 0, "activation": "relu", "lr": 0.00031622776601683783, "window_size": 2, "batch_size": 32, "epochs": 5, "kernel_size": 5, "attention_heads": 2}, "parameter_index": 0}',
    index: 0
  },
  placementConstraint: { type: 'None', gpus: [] }
}
[2026-05-12 17:04:01] INFO (LocalV3.local) Created trial UtStb
[2026-05-12 17:04:03] INFO (LocalV3.local) Trial parameter: UtStb {"parameter_id": 54, "parameter_source": "algorithm", "parameters": {"model_type": "LSTM", "units": 16, "num_layers": 1, "dropout": 0, "activation": "relu", "lr": 0.00031622776601683783, "window_size": 2, "batch_size": 32, "epochs": 5, "kernel_size": 5, "attention_heads": 2}, "parameter_index": 0}
[2026-05-12 17:04:06] INFO (NNIManager) Trial job UtStb status changed from RUNNING to SUCCEEDED
[2026-05-12 17:04:06] INFO (NNIManager) NNIManager received command from dispatcher: TR, {"parameter_id": 55, "parameter_source": "algorithm", "parameters": {"model_type": "LSTM", "units": 16, "num_layers": 1, "dropout": 0, "activation": "relu", "lr": 0.00031622776601683783, "window_size": 2, "batch_size": 32, "epochs": 5, "kernel_size": 5, "attention_heads": 4}, "parameter_index": 0}
[2026-05-12 17:04:06] INFO (NNIManager) submitTrialJob: form: {
  sequenceId: 55,
  hyperParameters: {
    value: '{"parameter_id": 55, "parameter_source": "algorithm", "parameters": {"model_type": "LSTM", "units": 16, "num_layers": 1, "dropout": 0, "activation": "relu", "lr": 0.00031622776601683783, "window_size": 2, "batch_size": 32, "epochs": 5, "kernel_size": 5, "attention_heads": 4}, "parameter_index": 0}',
    index: 0
  },
  placementConstraint: { type: 'None', gpus: [] }
}
[2026-05-12 17:04:06] INFO (LocalV3.local) Created trial rvxz2
[2026-05-12 17:04:08] INFO (LocalV3.local) Trial parameter: rvxz2 {"parameter_id": 55, "parameter_source": "algorithm", "parameters": {"model_type": "LSTM", "units": 16, "num_layers": 1, "dropout": 0, "activation": "relu", "lr": 0.00031622776601683783, "window_size": 2, "batch_size": 32, "epochs": 5, "kernel_size": 5, "attention_heads": 4}, "parameter_index": 0}
[2026-05-12 17:04:12] INFO (NNIManager) Trial job rvxz2 status changed from RUNNING to SUCCEEDED
[2026-05-12 17:04:12] INFO (NNIManager) NNIManager received command from dispatcher: TR, {"parameter_id": 56, "parameter_source": "algorithm", "parameters": {"model_type": "LSTM", "units": 16, "num_layers": 1, "dropout": 0, "activation": "relu", "lr": 0.00031622776601683783, "window_size": 2, "batch_size": 32, "epochs": 5, "kernel_size": 5, "attention_heads": 8}, "parameter_index": 0}
[2026-05-12 17:04:12] INFO (NNIManager) submitTrialJob: form: {
  sequenceId: 56,
  hyperParameters: {
    value: '{"parameter_id": 56, "parameter_source": "algorithm", "parameters": {"model_type": "LSTM", "units": 16, "num_layers": 1, "dropout": 0, "activation": "relu", "lr": 0.00031622776601683783, "window_size": 2, "batch_size": 32, "epochs": 5, "kernel_size": 5, "attention_heads": 8}, "parameter_index": 0}',
    index: 0
  },
  placementConstraint: { type: 'None', gpus: [] }
}
[2026-05-12 17:04:12] INFO (LocalV3.local) Created trial CAyNG
[2026-05-12 17:04:14] INFO (LocalV3.local) Trial parameter: CAyNG {"parameter_id": 56, "parameter_source": "algorithm", "parameters": {"model_type": "LSTM", "units": 16, "num_layers": 1, "dropout": 0, "activation": "relu", "lr": 0.00031622776601683783, "window_size": 2, "batch_size": 32, "epochs": 5, "kernel_size": 5, "attention_heads": 8}, "parameter_index": 0}
[2026-05-12 17:04:17] INFO (NNIManager) Trial job CAyNG status changed from RUNNING to SUCCEEDED
[2026-05-12 17:04:17] INFO (NNIManager) NNIManager received command from dispatcher: TR, {"parameter_id": 57, "parameter_source": "algorithm", "parameters": {"model_type": "LSTM", "units": 16, "num_layers": 1, "dropout": 0, "activation": "relu", "lr": 0.00031622776601683783, "window_size": 2, "batch_size": 32, "epochs": 5, "kernel_size": 7, "attention_heads": 2}, "parameter_index": 0}
[2026-05-12 17:04:18] INFO (NNIManager) submitTrialJob: form: {
  sequenceId: 57,
  hyperParameters: {
    value: '{"parameter_id": 57, "parameter_source": "algorithm", "parameters": {"model_type": "LSTM", "units": 16, "num_layers": 1, "dropout": 0, "activation": "relu", "lr": 0.00031622776601683783, "window_size": 2, "batch_size": 32, "epochs": 5, "kernel_size": 7, "attention_heads": 2}, "parameter_index": 0}',
    index: 0
  },
  placementConstraint: { type: 'None', gpus: [] }
}
[2026-05-12 17:04:18] INFO (LocalV3.local) Created trial NlWSj
[2026-05-12 17:04:20] INFO (LocalV3.local) Trial parameter: NlWSj {"parameter_id": 57, "parameter_source": "algorithm", "parameters": {"model_type": "LSTM", "units": 16, "num_layers": 1, "dropout": 0, "activation": "relu", "lr": 0.00031622776601683783, "window_size": 2, "batch_size": 32, "epochs": 5, "kernel_size": 7, "attention_heads": 2}, "parameter_index": 0}
[2026-05-12 17:04:23] INFO (NNIManager) Trial job NlWSj status changed from RUNNING to SUCCEEDED
[2026-05-12 17:04:23] INFO (NNIManager) NNIManager received command from dispatcher: TR, {"parameter_id": 58, "parameter_source": "algorithm", "parameters": {"model_type": "LSTM", "units": 16, "num_layers": 1, "dropout": 0, "activation": "relu", "lr": 0.00031622776601683783, "window_size": 2, "batch_size": 32, "epochs": 5, "kernel_size": 7, "attention_heads": 4}, "parameter_index": 0}
[2026-05-12 17:04:24] INFO (NNIManager) submitTrialJob: form: {
  sequenceId: 58,
  hyperParameters: {
    value: '{"parameter_id": 58, "parameter_source": "algorithm", "parameters": {"model_type": "LSTM", "units": 16, "num_layers": 1, "dropout": 0, "activation": "relu", "lr": 0.00031622776601683783, "window_size": 2, "batch_size": 32, "epochs": 5, "kernel_size": 7, "attention_heads": 4}, "parameter_index": 0}',
    index: 0
  },
  placementConstraint: { type: 'None', gpus: [] }
}
[2026-05-12 17:04:24] INFO (LocalV3.local) Created trial nyzPO
[2026-05-12 17:04:26] INFO (LocalV3.local) Trial parameter: nyzPO {"parameter_id": 58, "parameter_source": "algorithm", "parameters": {"model_type": "LSTM", "units": 16, "num_layers": 1, "dropout": 0, "activation": "relu", "lr": 0.00031622776601683783, "window_size": 2, "batch_size": 32, "epochs": 5, "kernel_size": 7, "attention_heads": 4}, "parameter_index": 0}
[2026-05-12 17:04:29] INFO (NNIManager) Trial job nyzPO status changed from RUNNING to SUCCEEDED
[2026-05-12 17:04:29] INFO (NNIManager) NNIManager received command from dispatcher: TR, {"parameter_id": 59, "parameter_source": "algorithm", "parameters": {"model_type": "LSTM", "units": 16, "num_layers": 1, "dropout": 0, "activation": "relu", "lr": 0.00031622776601683783, "window_size": 2, "batch_size": 32, "epochs": 5, "kernel_size": 7, "attention_heads": 8}, "parameter_index": 0}
[2026-05-12 17:04:29] INFO (NNIManager) submitTrialJob: form: {
  sequenceId: 59,
  hyperParameters: {
    value: '{"parameter_id": 59, "parameter_source": "algorithm", "parameters": {"model_type": "LSTM", "units": 16, "num_layers": 1, "dropout": 0, "activation": "relu", "lr": 0.00031622776601683783, "window_size": 2, "batch_size": 32, "epochs": 5, "kernel_size": 7, "attention_heads": 8}, "parameter_index": 0}',
    index: 0
  },
  placementConstraint: { type: 'None', gpus: [] }
}
[2026-05-12 17:04:29] INFO (LocalV3.local) Created trial ulpIJ
[2026-05-12 17:04:31] INFO (LocalV3.local) Trial parameter: ulpIJ {"parameter_id": 59, "parameter_source": "algorithm", "parameters": {"model_type": "LSTM", "units": 16, "num_layers": 1, "dropout": 0, "activation": "relu", "lr": 0.00031622776601683783, "window_size": 2, "batch_size": 32, "epochs": 5, "kernel_size": 7, "attention_heads": 8}, "parameter_index": 0}
[2026-05-12 17:04:34] INFO (NNIManager) Trial job ulpIJ status changed from RUNNING to SUCCEEDED
[2026-05-12 17:04:34] INFO (NNIManager) NNIManager received command from dispatcher: TR, {"parameter_id": 60, "parameter_source": "algorithm", "parameters": {"model_type": "LSTM", "units": 16, "num_layers": 1, "dropout": 0, "activation": "relu", "lr": 0.00031622776601683783, "window_size": 2, "batch_size": 32, "epochs": 10, "kernel_size": 2, "attention_heads": 2}, "parameter_index": 0}
[2026-05-12 17:04:35] INFO (NNIManager) submitTrialJob: form: {
  sequenceId: 60,
  hyperParameters: {
    value: '{"parameter_id": 60, "parameter_source": "algorithm", "parameters": {"model_type": "LSTM", "units": 16, "num_layers": 1, "dropout": 0, "activation": "relu", "lr": 0.00031622776601683783, "window_size": 2, "batch_size": 32, "epochs": 10, "kernel_size": 2, "attention_heads": 2}, "parameter_index": 0}',
    index: 0
  },
  placementConstraint: { type: 'None', gpus: [] }
}
[2026-05-12 17:04:35] INFO (LocalV3.local) Created trial gHFSx
[2026-05-12 17:04:37] INFO (LocalV3.local) Trial parameter: gHFSx {"parameter_id": 60, "parameter_source": "algorithm", "parameters": {"model_type": "LSTM", "units": 16, "num_layers": 1, "dropout": 0, "activation": "relu", "lr": 0.00031622776601683783, "window_size": 2, "batch_size": 32, "epochs": 10, "kernel_size": 2, "attention_heads": 2}, "parameter_index": 0}
[2026-05-12 17:04:40] INFO (NNIManager) Trial job gHFSx status changed from RUNNING to SUCCEEDED
[2026-05-12 17:04:40] INFO (NNIManager) NNIManager received command from dispatcher: TR, {"parameter_id": 61, "parameter_source": "algorithm", "parameters": {"model_type": "LSTM", "units": 16, "num_layers": 1, "dropout": 0, "activation": "relu", "lr": 0.00031622776601683783, "window_size": 2, "batch_size": 32, "epochs": 10, "kernel_size": 2, "attention_heads": 4}, "parameter_index": 0}
[2026-05-12 17:04:41] INFO (NNIManager) submitTrialJob: form: {
  sequenceId: 61,
  hyperParameters: {
    value: '{"parameter_id": 61, "parameter_source": "algorithm", "parameters": {"model_type": "LSTM", "units": 16, "num_layers": 1, "dropout": 0, "activation": "relu", "lr": 0.00031622776601683783, "window_size": 2, "batch_size": 32, "epochs": 10, "kernel_size": 2, "attention_heads": 4}, "parameter_index": 0}',
    index: 0
  },
  placementConstraint: { type: 'None', gpus: [] }
}
[2026-05-12 17:04:41] INFO (LocalV3.local) Created trial SqOJ8
[2026-05-12 17:04:43] INFO (LocalV3.local) Trial parameter: SqOJ8 {"parameter_id": 61, "parameter_source": "algorithm", "parameters": {"model_type": "LSTM", "units": 16, "num_layers": 1, "dropout": 0, "activation": "relu", "lr": 0.00031622776601683783, "window_size": 2, "batch_size": 32, "epochs": 10, "kernel_size": 2, "attention_heads": 4}, "parameter_index": 0}
[2026-05-12 17:04:47] INFO (NNIManager) Trial job SqOJ8 status changed from RUNNING to SUCCEEDED
[2026-05-12 17:04:47] INFO (NNIManager) NNIManager received command from dispatcher: TR, {"parameter_id": 62, "parameter_source": "algorithm", "parameters": {"model_type": "LSTM", "units": 16, "num_layers": 1, "dropout": 0, "activation": "relu", "lr": 0.00031622776601683783, "window_size": 2, "batch_size": 32, "epochs": 10, "kernel_size": 2, "attention_heads": 8}, "parameter_index": 0}
[2026-05-12 17:04:47] INFO (NNIManager) submitTrialJob: form: {
  sequenceId: 62,
  hyperParameters: {
    value: '{"parameter_id": 62, "parameter_source": "algorithm", "parameters": {"model_type": "LSTM", "units": 16, "num_layers": 1, "dropout": 0, "activation": "relu", "lr": 0.00031622776601683783, "window_size": 2, "batch_size": 32, "epochs": 10, "kernel_size": 2, "attention_heads": 8}, "parameter_index": 0}',
    index: 0
  },
  placementConstraint: { type: 'None', gpus: [] }
}
[2026-05-12 17:04:47] INFO (LocalV3.local) Created trial SYN1O
[2026-05-12 17:04:49] INFO (LocalV3.local) Trial parameter: SYN1O {"parameter_id": 62, "parameter_source": "algorithm", "parameters": {"model_type": "LSTM", "units": 16, "num_layers": 1, "dropout": 0, "activation": "relu", "lr": 0.00031622776601683783, "window_size": 2, "batch_size": 32, "epochs": 10, "kernel_size": 2, "attention_heads": 8}, "parameter_index": 0}
[2026-05-12 17:04:53] INFO (NNIManager) Trial job SYN1O status changed from RUNNING to SUCCEEDED
[2026-05-12 17:04:53] INFO (NNIManager) NNIManager received command from dispatcher: TR, {"parameter_id": 63, "parameter_source": "algorithm", "parameters": {"model_type": "LSTM", "units": 16, "num_layers": 1, "dropout": 0, "activation": "relu", "lr": 0.00031622776601683783, "window_size": 2, "batch_size": 32, "epochs": 10, "kernel_size": 3, "attention_heads": 2}, "parameter_index": 0}
[2026-05-12 17:04:54] INFO (NNIManager) submitTrialJob: form: {
  sequenceId: 63,
  hyperParameters: {
    value: '{"parameter_id": 63, "parameter_source": "algorithm", "parameters": {"model_type": "LSTM", "units": 16, "num_layers": 1, "dropout": 0, "activation": "relu", "lr": 0.00031622776601683783, "window_size": 2, "batch_size": 32, "epochs": 10, "kernel_size": 3, "attention_heads": 2}, "parameter_index": 0}',
    index: 0
  },
  placementConstraint: { type: 'None', gpus: [] }
}
[2026-05-12 17:04:54] INFO (LocalV3.local) Created trial KYUAv
[2026-05-12 17:04:56] INFO (LocalV3.local) Trial parameter: KYUAv {"parameter_id": 63, "parameter_source": "algorithm", "parameters": {"model_type": "LSTM", "units": 16, "num_layers": 1, "dropout": 0, "activation": "relu", "lr": 0.00031622776601683783, "window_size": 2, "batch_size": 32, "epochs": 10, "kernel_size": 3, "attention_heads": 2}, "parameter_index": 0}
[2026-05-12 17:05:00] INFO (NNIManager) Trial job KYUAv status changed from RUNNING to SUCCEEDED
[2026-05-12 17:05:00] INFO (NNIManager) NNIManager received command from dispatcher: TR, {"parameter_id": 64, "parameter_source": "algorithm", "parameters": {"model_type": "LSTM", "units": 16, "num_layers": 1, "dropout": 0, "activation": "relu", "lr": 0.00031622776601683783, "window_size": 2, "batch_size": 32, "epochs": 10, "kernel_size": 3, "attention_heads": 4}, "parameter_index": 0}
[2026-05-12 17:05:01] INFO (NNIManager) submitTrialJob: form: {
  sequenceId: 64,
  hyperParameters: {
    value: '{"parameter_id": 64, "parameter_source": "algorithm", "parameters": {"model_type": "LSTM", "units": 16, "num_layers": 1, "dropout": 0, "activation": "relu", "lr": 0.00031622776601683783, "window_size": 2, "batch_size": 32, "epochs": 10, "kernel_size": 3, "attention_heads": 4}, "parameter_index": 0}',
    index: 0
  },
  placementConstraint: { type: 'None', gpus: [] }
}
[2026-05-12 17:05:01] INFO (LocalV3.local) Created trial psTeI
[2026-05-12 17:05:02] INFO (LocalV3.local) Trial parameter: psTeI {"parameter_id": 64, "parameter_source": "algorithm", "parameters": {"model_type": "LSTM", "units": 16, "num_layers": 1, "dropout": 0, "activation": "relu", "lr": 0.00031622776601683783, "window_size": 2, "batch_size": 32, "epochs": 10, "kernel_size": 3, "attention_heads": 4}, "parameter_index": 0}
[2026-05-12 17:05:07] INFO (NNIManager) Trial job psTeI status changed from RUNNING to SUCCEEDED
[2026-05-12 17:05:07] INFO (NNIManager) NNIManager received command from dispatcher: TR, {"parameter_id": 65, "parameter_source": "algorithm", "parameters": {"model_type": "LSTM", "units": 16, "num_layers": 1, "dropout": 0, "activation": "relu", "lr": 0.00031622776601683783, "window_size": 2, "batch_size": 32, "epochs": 10, "kernel_size": 3, "attention_heads": 8}, "parameter_index": 0}
[2026-05-12 17:05:07] INFO (NNIManager) submitTrialJob: form: {
  sequenceId: 65,
  hyperParameters: {
    value: '{"parameter_id": 65, "parameter_source": "algorithm", "parameters": {"model_type": "LSTM", "units": 16, "num_layers": 1, "dropout": 0, "activation": "relu", "lr": 0.00031622776601683783, "window_size": 2, "batch_size": 32, "epochs": 10, "kernel_size": 3, "attention_heads": 8}, "parameter_index": 0}',
    index: 0
  },
  placementConstraint: { type: 'None', gpus: [] }
}
[2026-05-12 17:05:07] INFO (LocalV3.local) Created trial Nuohf
[2026-05-12 17:05:09] INFO (LocalV3.local) Trial parameter: Nuohf {"parameter_id": 65, "parameter_source": "algorithm", "parameters": {"model_type": "LSTM", "units": 16, "num_layers": 1, "dropout": 0, "activation": "relu", "lr": 0.00031622776601683783, "window_size": 2, "batch_size": 32, "epochs": 10, "kernel_size": 3, "attention_heads": 8}, "parameter_index": 0}
[2026-05-12 17:05:13] INFO (NNIManager) Trial job Nuohf status changed from RUNNING to SUCCEEDED
[2026-05-12 17:05:13] INFO (NNIManager) NNIManager received command from dispatcher: TR, {"parameter_id": 66, "parameter_source": "algorithm", "parameters": {"model_type": "LSTM", "units": 16, "num_layers": 1, "dropout": 0, "activation": "relu", "lr": 0.00031622776601683783, "window_size": 2, "batch_size": 32, "epochs": 10, "kernel_size": 5, "attention_heads": 2}, "parameter_index": 0}
[2026-05-12 17:05:13] INFO (NNIManager) submitTrialJob: form: {
  sequenceId: 66,
  hyperParameters: {
    value: '{"parameter_id": 66, "parameter_source": "algorithm", "parameters": {"model_type": "LSTM", "units": 16, "num_layers": 1, "dropout": 0, "activation": "relu", "lr": 0.00031622776601683783, "window_size": 2, "batch_size": 32, "epochs": 10, "kernel_size": 5, "attention_heads": 2}, "parameter_index": 0}',
    index: 0
  },
  placementConstraint: { type: 'None', gpus: [] }
}
[2026-05-12 17:05:13] INFO (LocalV3.local) Created trial BmCbI
[2026-05-12 17:05:15] INFO (LocalV3.local) Trial parameter: BmCbI {"parameter_id": 66, "parameter_source": "algorithm", "parameters": {"model_type": "LSTM", "units": 16, "num_layers": 1, "dropout": 0, "activation": "relu", "lr": 0.00031622776601683783, "window_size": 2, "batch_size": 32, "epochs": 10, "kernel_size": 5, "attention_heads": 2}, "parameter_index": 0}
[2026-05-12 17:05:19] INFO (NNIManager) Trial job BmCbI status changed from RUNNING to SUCCEEDED
[2026-05-12 17:05:19] INFO (NNIManager) NNIManager received command from dispatcher: TR, {"parameter_id": 67, "parameter_source": "algorithm", "parameters": {"model_type": "LSTM", "units": 16, "num_layers": 1, "dropout": 0, "activation": "relu", "lr": 0.00031622776601683783, "window_size": 2, "batch_size": 32, "epochs": 10, "kernel_size": 5, "attention_heads": 4}, "parameter_index": 0}
[2026-05-12 17:05:20] INFO (NNIManager) submitTrialJob: form: {
  sequenceId: 67,
  hyperParameters: {
    value: '{"parameter_id": 67, "parameter_source": "algorithm", "parameters": {"model_type": "LSTM", "units": 16, "num_layers": 1, "dropout": 0, "activation": "relu", "lr": 0.00031622776601683783, "window_size": 2, "batch_size": 32, "epochs": 10, "kernel_size": 5, "attention_heads": 4}, "parameter_index": 0}',
    index: 0
  },
  placementConstraint: { type: 'None', gpus: [] }
}
[2026-05-12 17:05:20] INFO (LocalV3.local) Created trial bUTCa
[2026-05-12 17:05:21] INFO (LocalV3.local) Trial parameter: bUTCa {"parameter_id": 67, "parameter_source": "algorithm", "parameters": {"model_type": "LSTM", "units": 16, "num_layers": 1, "dropout": 0, "activation": "relu", "lr": 0.00031622776601683783, "window_size": 2, "batch_size": 32, "epochs": 10, "kernel_size": 5, "attention_heads": 4}, "parameter_index": 0}
[2026-05-12 17:05:26] INFO (NNIManager) Trial job bUTCa status changed from RUNNING to SUCCEEDED
[2026-05-12 17:05:26] INFO (NNIManager) NNIManager received command from dispatcher: TR, {"parameter_id": 68, "parameter_source": "algorithm", "parameters": {"model_type": "LSTM", "units": 16, "num_layers": 1, "dropout": 0, "activation": "relu", "lr": 0.00031622776601683783, "window_size": 2, "batch_size": 32, "epochs": 10, "kernel_size": 5, "attention_heads": 8}, "parameter_index": 0}
[2026-05-12 17:05:26] INFO (NNIManager) submitTrialJob: form: {
  sequenceId: 68,
  hyperParameters: {
    value: '{"parameter_id": 68, "parameter_source": "algorithm", "parameters": {"model_type": "LSTM", "units": 16, "num_layers": 1, "dropout": 0, "activation": "relu", "lr": 0.00031622776601683783, "window_size": 2, "batch_size": 32, "epochs": 10, "kernel_size": 5, "attention_heads": 8}, "parameter_index": 0}',
    index: 0
  },
  placementConstraint: { type: 'None', gpus: [] }
}
[2026-05-12 17:05:26] INFO (LocalV3.local) Created trial T2Oky
[2026-05-12 17:05:28] INFO (LocalV3.local) Trial parameter: T2Oky {"parameter_id": 68, "parameter_source": "algorithm", "parameters": {"model_type": "LSTM", "units": 16, "num_layers": 1, "dropout": 0, "activation": "relu", "lr": 0.00031622776601683783, "window_size": 2, "batch_size": 32, "epochs": 10, "kernel_size": 5, "attention_heads": 8}, "parameter_index": 0}
[2026-05-12 17:05:32] INFO (NNIManager) Trial job T2Oky status changed from RUNNING to SUCCEEDED
[2026-05-12 17:05:32] INFO (NNIManager) NNIManager received command from dispatcher: TR, {"parameter_id": 69, "parameter_source": "algorithm", "parameters": {"model_type": "LSTM", "units": 16, "num_layers": 1, "dropout": 0, "activation": "relu", "lr": 0.00031622776601683783, "window_size": 2, "batch_size": 32, "epochs": 10, "kernel_size": 7, "attention_heads": 2}, "parameter_index": 0}
[2026-05-12 17:05:33] INFO (NNIManager) submitTrialJob: form: {
  sequenceId: 69,
  hyperParameters: {
    value: '{"parameter_id": 69, "parameter_source": "algorithm", "parameters": {"model_type": "LSTM", "units": 16, "num_layers": 1, "dropout": 0, "activation": "relu", "lr": 0.00031622776601683783, "window_size": 2, "batch_size": 32, "epochs": 10, "kernel_size": 7, "attention_heads": 2}, "parameter_index": 0}',
    index: 0
  },
  placementConstraint: { type: 'None', gpus: [] }
}
[2026-05-12 17:05:33] INFO (LocalV3.local) Created trial GZ7Qa
[2026-05-12 17:05:34] INFO (LocalV3.local) Trial parameter: GZ7Qa {"parameter_id": 69, "parameter_source": "algorithm", "parameters": {"model_type": "LSTM", "units": 16, "num_layers": 1, "dropout": 0, "activation": "relu", "lr": 0.00031622776601683783, "window_size": 2, "batch_size": 32, "epochs": 10, "kernel_size": 7, "attention_heads": 2}, "parameter_index": 0}
[2026-05-12 17:05:39] INFO (NNIManager) Trial job GZ7Qa status changed from RUNNING to SUCCEEDED
[2026-05-12 17:05:39] INFO (NNIManager) NNIManager received command from dispatcher: TR, {"parameter_id": 70, "parameter_source": "algorithm", "parameters": {"model_type": "LSTM", "units": 16, "num_layers": 1, "dropout": 0, "activation": "relu", "lr": 0.00031622776601683783, "window_size": 2, "batch_size": 32, "epochs": 10, "kernel_size": 7, "attention_heads": 4}, "parameter_index": 0}
[2026-05-12 17:05:39] INFO (NNIManager) submitTrialJob: form: {
  sequenceId: 70,
  hyperParameters: {
    value: '{"parameter_id": 70, "parameter_source": "algorithm", "parameters": {"model_type": "LSTM", "units": 16, "num_layers": 1, "dropout": 0, "activation": "relu", "lr": 0.00031622776601683783, "window_size": 2, "batch_size": 32, "epochs": 10, "kernel_size": 7, "attention_heads": 4}, "parameter_index": 0}',
    index: 0
  },
  placementConstraint: { type: 'None', gpus: [] }
}
[2026-05-12 17:05:39] INFO (LocalV3.local) Created trial QBAGo
[2026-05-12 17:05:41] INFO (LocalV3.local) Trial parameter: QBAGo {"parameter_id": 70, "parameter_source": "algorithm", "parameters": {"model_type": "LSTM", "units": 16, "num_layers": 1, "dropout": 0, "activation": "relu", "lr": 0.00031622776601683783, "window_size": 2, "batch_size": 32, "epochs": 10, "kernel_size": 7, "attention_heads": 4}, "parameter_index": 0}
[2026-05-12 17:05:45] INFO (NNIManager) Trial job QBAGo status changed from RUNNING to SUCCEEDED
[2026-05-12 17:05:45] INFO (NNIManager) NNIManager received command from dispatcher: TR, {"parameter_id": 71, "parameter_source": "algorithm", "parameters": {"model_type": "LSTM", "units": 16, "num_layers": 1, "dropout": 0, "activation": "relu", "lr": 0.00031622776601683783, "window_size": 2, "batch_size": 32, "epochs": 10, "kernel_size": 7, "attention_heads": 8}, "parameter_index": 0}
[2026-05-12 17:05:45] INFO (NNIManager) submitTrialJob: form: {
  sequenceId: 71,
  hyperParameters: {
    value: '{"parameter_id": 71, "parameter_source": "algorithm", "parameters": {"model_type": "LSTM", "units": 16, "num_layers": 1, "dropout": 0, "activation": "relu", "lr": 0.00031622776601683783, "window_size": 2, "batch_size": 32, "epochs": 10, "kernel_size": 7, "attention_heads": 8}, "parameter_index": 0}',
    index: 0
  },
  placementConstraint: { type: 'None', gpus: [] }
}
[2026-05-12 17:05:45] INFO (LocalV3.local) Created trial ZsCq7
[2026-05-12 17:05:47] INFO (LocalV3.local) Trial parameter: ZsCq7 {"parameter_id": 71, "parameter_source": "algorithm", "parameters": {"model_type": "LSTM", "units": 16, "num_layers": 1, "dropout": 0, "activation": "relu", "lr": 0.00031622776601683783, "window_size": 2, "batch_size": 32, "epochs": 10, "kernel_size": 7, "attention_heads": 8}, "parameter_index": 0}
[2026-05-12 17:05:51] INFO (NNIManager) Trial job ZsCq7 status changed from RUNNING to SUCCEEDED
[2026-05-12 17:05:51] INFO (NNIManager) NNIManager received command from dispatcher: TR, {"parameter_id": 72, "parameter_source": "algorithm", "parameters": {"model_type": "LSTM", "units": 16, "num_layers": 1, "dropout": 0, "activation": "relu", "lr": 0.00031622776601683783, "window_size": 2, "batch_size": 32, "epochs": 15, "kernel_size": 2, "attention_heads": 2}, "parameter_index": 0}
[2026-05-12 17:05:51] INFO (NNIManager) submitTrialJob: form: {
  sequenceId: 72,
  hyperParameters: {
    value: '{"parameter_id": 72, "parameter_source": "algorithm", "parameters": {"model_type": "LSTM", "units": 16, "num_layers": 1, "dropout": 0, "activation": "relu", "lr": 0.00031622776601683783, "window_size": 2, "batch_size": 32, "epochs": 15, "kernel_size": 2, "attention_heads": 2}, "parameter_index": 0}',
    index: 0
  },
  placementConstraint: { type: 'None', gpus: [] }
}
[2026-05-12 17:05:51] INFO (LocalV3.local) Created trial VBkva
[2026-05-12 17:05:53] INFO (LocalV3.local) Trial parameter: VBkva {"parameter_id": 72, "parameter_source": "algorithm", "parameters": {"model_type": "LSTM", "units": 16, "num_layers": 1, "dropout": 0, "activation": "relu", "lr": 0.00031622776601683783, "window_size": 2, "batch_size": 32, "epochs": 15, "kernel_size": 2, "attention_heads": 2}, "parameter_index": 0}
[2026-05-12 17:05:58] INFO (NNIManager) Trial job VBkva status changed from RUNNING to SUCCEEDED
[2026-05-12 17:05:58] INFO (NNIManager) NNIManager received command from dispatcher: TR, {"parameter_id": 73, "parameter_source": "algorithm", "parameters": {"model_type": "LSTM", "units": 16, "num_layers": 1, "dropout": 0, "activation": "relu", "lr": 0.00031622776601683783, "window_size": 2, "batch_size": 32, "epochs": 15, "kernel_size": 2, "attention_heads": 4}, "parameter_index": 0}
[2026-05-12 17:05:58] INFO (NNIManager) submitTrialJob: form: {
  sequenceId: 73,
  hyperParameters: {
    value: '{"parameter_id": 73, "parameter_source": "algorithm", "parameters": {"model_type": "LSTM", "units": 16, "num_layers": 1, "dropout": 0, "activation": "relu", "lr": 0.00031622776601683783, "window_size": 2, "batch_size": 32, "epochs": 15, "kernel_size": 2, "attention_heads": 4}, "parameter_index": 0}',
    index: 0
  },
  placementConstraint: { type: 'None', gpus: [] }
}
[2026-05-12 17:05:58] INFO (LocalV3.local) Created trial cFmDa
[2026-05-12 17:06:00] INFO (LocalV3.local) Trial parameter: cFmDa {"parameter_id": 73, "parameter_source": "algorithm", "parameters": {"model_type": "LSTM", "units": 16, "num_layers": 1, "dropout": 0, "activation": "relu", "lr": 0.00031622776601683783, "window_size": 2, "batch_size": 32, "epochs": 15, "kernel_size": 2, "attention_heads": 4}, "parameter_index": 0}
[2026-05-12 17:06:06] INFO (NNIManager) Trial job cFmDa status changed from RUNNING to SUCCEEDED
[2026-05-12 17:06:06] INFO (NNIManager) NNIManager received command from dispatcher: TR, {"parameter_id": 74, "parameter_source": "algorithm", "parameters": {"model_type": "LSTM", "units": 16, "num_layers": 1, "dropout": 0, "activation": "relu", "lr": 0.00031622776601683783, "window_size": 2, "batch_size": 32, "epochs": 15, "kernel_size": 2, "attention_heads": 8}, "parameter_index": 0}
[2026-05-12 17:06:07] INFO (NNIManager) submitTrialJob: form: {
  sequenceId: 74,
  hyperParameters: {
    value: '{"parameter_id": 74, "parameter_source": "algorithm", "parameters": {"model_type": "LSTM", "units": 16, "num_layers": 1, "dropout": 0, "activation": "relu", "lr": 0.00031622776601683783, "window_size": 2, "batch_size": 32, "epochs": 15, "kernel_size": 2, "attention_heads": 8}, "parameter_index": 0}',
    index: 0
  },
  placementConstraint: { type: 'None', gpus: [] }
}
[2026-05-12 17:06:07] INFO (LocalV3.local) Created trial D7M9P
[2026-05-12 17:06:10] INFO (LocalV3.local) Trial parameter: D7M9P {"parameter_id": 74, "parameter_source": "algorithm", "parameters": {"model_type": "LSTM", "units": 16, "num_layers": 1, "dropout": 0, "activation": "relu", "lr": 0.00031622776601683783, "window_size": 2, "batch_size": 32, "epochs": 15, "kernel_size": 2, "attention_heads": 8}, "parameter_index": 0}
[2026-05-12 17:06:16] INFO (NNIManager) Trial job D7M9P status changed from RUNNING to SUCCEEDED
[2026-05-12 17:06:16] INFO (NNIManager) NNIManager received command from dispatcher: TR, {"parameter_id": 75, "parameter_source": "algorithm", "parameters": {"model_type": "LSTM", "units": 16, "num_layers": 1, "dropout": 0, "activation": "relu", "lr": 0.00031622776601683783, "window_size": 2, "batch_size": 32, "epochs": 15, "kernel_size": 3, "attention_heads": 2}, "parameter_index": 0}
[2026-05-12 17:06:17] INFO (NNIManager) submitTrialJob: form: {
  sequenceId: 75,
  hyperParameters: {
    value: '{"parameter_id": 75, "parameter_source": "algorithm", "parameters": {"model_type": "LSTM", "units": 16, "num_layers": 1, "dropout": 0, "activation": "relu", "lr": 0.00031622776601683783, "window_size": 2, "batch_size": 32, "epochs": 15, "kernel_size": 3, "attention_heads": 2}, "parameter_index": 0}',
    index: 0
  },
  placementConstraint: { type: 'None', gpus: [] }
}
[2026-05-12 17:06:17] INFO (LocalV3.local) Created trial erbs2
[2026-05-12 17:06:19] INFO (LocalV3.local) Trial parameter: erbs2 {"parameter_id": 75, "parameter_source": "algorithm", "parameters": {"model_type": "LSTM", "units": 16, "num_layers": 1, "dropout": 0, "activation": "relu", "lr": 0.00031622776601683783, "window_size": 2, "batch_size": 32, "epochs": 15, "kernel_size": 3, "attention_heads": 2}, "parameter_index": 0}
[2026-05-12 17:06:24] INFO (NNIManager) Trial job erbs2 status changed from RUNNING to SUCCEEDED
[2026-05-12 17:06:24] INFO (NNIManager) NNIManager received command from dispatcher: TR, {"parameter_id": 76, "parameter_source": "algorithm", "parameters": {"model_type": "LSTM", "units": 16, "num_layers": 1, "dropout": 0, "activation": "relu", "lr": 0.00031622776601683783, "window_size": 2, "batch_size": 32, "epochs": 15, "kernel_size": 3, "attention_heads": 4}, "parameter_index": 0}
[2026-05-12 17:06:25] INFO (NNIManager) submitTrialJob: form: {
  sequenceId: 76,
  hyperParameters: {
    value: '{"parameter_id": 76, "parameter_source": "algorithm", "parameters": {"model_type": "LSTM", "units": 16, "num_layers": 1, "dropout": 0, "activation": "relu", "lr": 0.00031622776601683783, "window_size": 2, "batch_size": 32, "epochs": 15, "kernel_size": 3, "attention_heads": 4}, "parameter_index": 0}',
    index: 0
  },
  placementConstraint: { type: 'None', gpus: [] }
}
[2026-05-12 17:06:25] INFO (LocalV3.local) Created trial VB1st
[2026-05-12 17:06:27] INFO (LocalV3.local) Trial parameter: VB1st {"parameter_id": 76, "parameter_source": "algorithm", "parameters": {"model_type": "LSTM", "units": 16, "num_layers": 1, "dropout": 0, "activation": "relu", "lr": 0.00031622776601683783, "window_size": 2, "batch_size": 32, "epochs": 15, "kernel_size": 3, "attention_heads": 4}, "parameter_index": 0}
[2026-05-12 17:06:31] INFO (NNIManager) Trial job VB1st status changed from RUNNING to SUCCEEDED
[2026-05-12 17:06:31] INFO (NNIManager) NNIManager received command from dispatcher: TR, {"parameter_id": 77, "parameter_source": "algorithm", "parameters": {"model_type": "LSTM", "units": 16, "num_layers": 1, "dropout": 0, "activation": "relu", "lr": 0.00031622776601683783, "window_size": 2, "batch_size": 32, "epochs": 15, "kernel_size": 3, "attention_heads": 8}, "parameter_index": 0}
[2026-05-12 17:06:32] INFO (NNIManager) submitTrialJob: form: {
  sequenceId: 77,
  hyperParameters: {
    value: '{"parameter_id": 77, "parameter_source": "algorithm", "parameters": {"model_type": "LSTM", "units": 16, "num_layers": 1, "dropout": 0, "activation": "relu", "lr": 0.00031622776601683783, "window_size": 2, "batch_size": 32, "epochs": 15, "kernel_size": 3, "attention_heads": 8}, "parameter_index": 0}',
    index: 0
  },
  placementConstraint: { type: 'None', gpus: [] }
}
[2026-05-12 17:06:32] INFO (LocalV3.local) Created trial MK9uk
[2026-05-12 17:06:34] INFO (LocalV3.local) Trial parameter: MK9uk {"parameter_id": 77, "parameter_source": "algorithm", "parameters": {"model_type": "LSTM", "units": 16, "num_layers": 1, "dropout": 0, "activation": "relu", "lr": 0.00031622776601683783, "window_size": 2, "batch_size": 32, "epochs": 15, "kernel_size": 3, "attention_heads": 8}, "parameter_index": 0}
[2026-05-12 17:06:38] INFO (NNIManager) Trial job MK9uk status changed from RUNNING to SUCCEEDED
[2026-05-12 17:06:38] INFO (NNIManager) NNIManager received command from dispatcher: TR, {"parameter_id": 78, "parameter_source": "algorithm", "parameters": {"model_type": "LSTM", "units": 16, "num_layers": 1, "dropout": 0, "activation": "relu", "lr": 0.00031622776601683783, "window_size": 2, "batch_size": 32, "epochs": 15, "kernel_size": 5, "attention_heads": 2}, "parameter_index": 0}
[2026-05-12 17:06:39] INFO (NNIManager) submitTrialJob: form: {
  sequenceId: 78,
  hyperParameters: {
    value: '{"parameter_id": 78, "parameter_source": "algorithm", "parameters": {"model_type": "LSTM", "units": 16, "num_layers": 1, "dropout": 0, "activation": "relu", "lr": 0.00031622776601683783, "window_size": 2, "batch_size": 32, "epochs": 15, "kernel_size": 5, "attention_heads": 2}, "parameter_index": 0}',
    index: 0
  },
  placementConstraint: { type: 'None', gpus: [] }
}
[2026-05-12 17:06:39] INFO (LocalV3.local) Created trial HgLkq
[2026-05-12 17:06:41] INFO (LocalV3.local) Trial parameter: HgLkq {"parameter_id": 78, "parameter_source": "algorithm", "parameters": {"model_type": "LSTM", "units": 16, "num_layers": 1, "dropout": 0, "activation": "relu", "lr": 0.00031622776601683783, "window_size": 2, "batch_size": 32, "epochs": 15, "kernel_size": 5, "attention_heads": 2}, "parameter_index": 0}
[2026-05-12 17:06:45] INFO (NNIManager) Trial job HgLkq status changed from RUNNING to SUCCEEDED
[2026-05-12 17:06:45] INFO (NNIManager) NNIManager received command from dispatcher: TR, {"parameter_id": 79, "parameter_source": "algorithm", "parameters": {"model_type": "LSTM", "units": 16, "num_layers": 1, "dropout": 0, "activation": "relu", "lr": 0.00031622776601683783, "window_size": 2, "batch_size": 32, "epochs": 15, "kernel_size": 5, "attention_heads": 4}, "parameter_index": 0}
[2026-05-12 17:06:46] INFO (NNIManager) submitTrialJob: form: {
  sequenceId: 79,
  hyperParameters: {
    value: '{"parameter_id": 79, "parameter_source": "algorithm", "parameters": {"model_type": "LSTM", "units": 16, "num_layers": 1, "dropout": 0, "activation": "relu", "lr": 0.00031622776601683783, "window_size": 2, "batch_size": 32, "epochs": 15, "kernel_size": 5, "attention_heads": 4}, "parameter_index": 0}',
    index: 0
  },
  placementConstraint: { type: 'None', gpus: [] }
}
[2026-05-12 17:06:46] INFO (LocalV3.local) Created trial sb1Io
[2026-05-12 17:06:48] INFO (LocalV3.local) Trial parameter: sb1Io {"parameter_id": 79, "parameter_source": "algorithm", "parameters": {"model_type": "LSTM", "units": 16, "num_layers": 1, "dropout": 0, "activation": "relu", "lr": 0.00031622776601683783, "window_size": 2, "batch_size": 32, "epochs": 15, "kernel_size": 5, "attention_heads": 4}, "parameter_index": 0}
[2026-05-12 17:06:52] INFO (NNIManager) Trial job sb1Io status changed from RUNNING to SUCCEEDED
[2026-05-12 17:06:52] INFO (NNIManager) NNIManager received command from dispatcher: TR, {"parameter_id": 80, "parameter_source": "algorithm", "parameters": {"model_type": "LSTM", "units": 16, "num_layers": 1, "dropout": 0, "activation": "relu", "lr": 0.00031622776601683783, "window_size": 2, "batch_size": 32, "epochs": 15, "kernel_size": 5, "attention_heads": 8}, "parameter_index": 0}
[2026-05-12 17:06:53] INFO (NNIManager) submitTrialJob: form: {
  sequenceId: 80,
  hyperParameters: {
    value: '{"parameter_id": 80, "parameter_source": "algorithm", "parameters": {"model_type": "LSTM", "units": 16, "num_layers": 1, "dropout": 0, "activation": "relu", "lr": 0.00031622776601683783, "window_size": 2, "batch_size": 32, "epochs": 15, "kernel_size": 5, "attention_heads": 8}, "parameter_index": 0}',
    index: 0
  },
  placementConstraint: { type: 'None', gpus: [] }
}
[2026-05-12 17:06:53] INFO (LocalV3.local) Created trial k7VAf
[2026-05-12 17:06:55] INFO (LocalV3.local) Trial parameter: k7VAf {"parameter_id": 80, "parameter_source": "algorithm", "parameters": {"model_type": "LSTM", "units": 16, "num_layers": 1, "dropout": 0, "activation": "relu", "lr": 0.00031622776601683783, "window_size": 2, "batch_size": 32, "epochs": 15, "kernel_size": 5, "attention_heads": 8}, "parameter_index": 0}
[2026-05-12 17:06:59] INFO (NNIManager) Trial job k7VAf status changed from RUNNING to SUCCEEDED
[2026-05-12 17:06:59] INFO (NNIManager) NNIManager received command from dispatcher: TR, {"parameter_id": 81, "parameter_source": "algorithm", "parameters": {"model_type": "LSTM", "units": 16, "num_layers": 1, "dropout": 0, "activation": "relu", "lr": 0.00031622776601683783, "window_size": 2, "batch_size": 32, "epochs": 15, "kernel_size": 7, "attention_heads": 2}, "parameter_index": 0}
[2026-05-12 17:07:00] INFO (NNIManager) submitTrialJob: form: {
  sequenceId: 81,
  hyperParameters: {
    value: '{"parameter_id": 81, "parameter_source": "algorithm", "parameters": {"model_type": "LSTM", "units": 16, "num_layers": 1, "dropout": 0, "activation": "relu", "lr": 0.00031622776601683783, "window_size": 2, "batch_size": 32, "epochs": 15, "kernel_size": 7, "attention_heads": 2}, "parameter_index": 0}',
    index: 0
  },
  placementConstraint: { type: 'None', gpus: [] }
}
[2026-05-12 17:07:00] INFO (LocalV3.local) Created trial JaZO7
[2026-05-12 17:07:02] INFO (LocalV3.local) Trial parameter: JaZO7 {"parameter_id": 81, "parameter_source": "algorithm", "parameters": {"model_type": "LSTM", "units": 16, "num_layers": 1, "dropout": 0, "activation": "relu", "lr": 0.00031622776601683783, "window_size": 2, "batch_size": 32, "epochs": 15, "kernel_size": 7, "attention_heads": 2}, "parameter_index": 0}
[2026-05-12 17:07:07] INFO (NNIManager) Trial job JaZO7 status changed from RUNNING to SUCCEEDED
[2026-05-12 17:07:07] INFO (NNIManager) NNIManager received command from dispatcher: TR, {"parameter_id": 82, "parameter_source": "algorithm", "parameters": {"model_type": "LSTM", "units": 16, "num_layers": 1, "dropout": 0, "activation": "relu", "lr": 0.00031622776601683783, "window_size": 2, "batch_size": 32, "epochs": 15, "kernel_size": 7, "attention_heads": 4}, "parameter_index": 0}
[2026-05-12 17:07:07] INFO (NNIManager) submitTrialJob: form: {
  sequenceId: 82,
  hyperParameters: {
    value: '{"parameter_id": 82, "parameter_source": "algorithm", "parameters": {"model_type": "LSTM", "units": 16, "num_layers": 1, "dropout": 0, "activation": "relu", "lr": 0.00031622776601683783, "window_size": 2, "batch_size": 32, "epochs": 15, "kernel_size": 7, "attention_heads": 4}, "parameter_index": 0}',
    index: 0
  },
  placementConstraint: { type: 'None', gpus: [] }
}
[2026-05-12 17:07:07] INFO (LocalV3.local) Created trial h3V25
[2026-05-12 17:07:09] INFO (LocalV3.local) Trial parameter: h3V25 {"parameter_id": 82, "parameter_source": "algorithm", "parameters": {"model_type": "LSTM", "units": 16, "num_layers": 1, "dropout": 0, "activation": "relu", "lr": 0.00031622776601683783, "window_size": 2, "batch_size": 32, "epochs": 15, "kernel_size": 7, "attention_heads": 4}, "parameter_index": 0}
[2026-05-12 17:07:14] INFO (NNIManager) Trial job h3V25 status changed from RUNNING to SUCCEEDED
[2026-05-12 17:07:14] INFO (NNIManager) NNIManager received command from dispatcher: TR, {"parameter_id": 83, "parameter_source": "algorithm", "parameters": {"model_type": "LSTM", "units": 16, "num_layers": 1, "dropout": 0, "activation": "relu", "lr": 0.00031622776601683783, "window_size": 2, "batch_size": 32, "epochs": 15, "kernel_size": 7, "attention_heads": 8}, "parameter_index": 0}
[2026-05-12 17:07:14] INFO (NNIManager) submitTrialJob: form: {
  sequenceId: 83,
  hyperParameters: {
    value: '{"parameter_id": 83, "parameter_source": "algorithm", "parameters": {"model_type": "LSTM", "units": 16, "num_layers": 1, "dropout": 0, "activation": "relu", "lr": 0.00031622776601683783, "window_size": 2, "batch_size": 32, "epochs": 15, "kernel_size": 7, "attention_heads": 8}, "parameter_index": 0}',
    index: 0
  },
  placementConstraint: { type: 'None', gpus: [] }
}
[2026-05-12 17:07:14] INFO (LocalV3.local) Created trial VYIqI
[2026-05-12 17:07:16] INFO (LocalV3.local) Trial parameter: VYIqI {"parameter_id": 83, "parameter_source": "algorithm", "parameters": {"model_type": "LSTM", "units": 16, "num_layers": 1, "dropout": 0, "activation": "relu", "lr": 0.00031622776601683783, "window_size": 2, "batch_size": 32, "epochs": 15, "kernel_size": 7, "attention_heads": 8}, "parameter_index": 0}
[2026-05-12 17:07:21] INFO (NNIManager) Trial job VYIqI status changed from RUNNING to SUCCEEDED
[2026-05-12 17:07:21] INFO (NNIManager) NNIManager received command from dispatcher: TR, {"parameter_id": 84, "parameter_source": "algorithm", "parameters": {"model_type": "LSTM", "units": 16, "num_layers": 1, "dropout": 0, "activation": "relu", "lr": 0.00031622776601683783, "window_size": 2, "batch_size": 32, "epochs": 20, "kernel_size": 2, "attention_heads": 2}, "parameter_index": 0}
[2026-05-12 17:07:21] INFO (NNIManager) submitTrialJob: form: {
  sequenceId: 84,
  hyperParameters: {
    value: '{"parameter_id": 84, "parameter_source": "algorithm", "parameters": {"model_type": "LSTM", "units": 16, "num_layers": 1, "dropout": 0, "activation": "relu", "lr": 0.00031622776601683783, "window_size": 2, "batch_size": 32, "epochs": 20, "kernel_size": 2, "attention_heads": 2}, "parameter_index": 0}',
    index: 0
  },
  placementConstraint: { type: 'None', gpus: [] }
}
[2026-05-12 17:07:21] INFO (LocalV3.local) Created trial HVPlK
[2026-05-12 17:07:23] INFO (LocalV3.local) Trial parameter: HVPlK {"parameter_id": 84, "parameter_source": "algorithm", "parameters": {"model_type": "LSTM", "units": 16, "num_layers": 1, "dropout": 0, "activation": "relu", "lr": 0.00031622776601683783, "window_size": 2, "batch_size": 32, "epochs": 20, "kernel_size": 2, "attention_heads": 2}, "parameter_index": 0}
[2026-05-12 17:07:29] INFO (NNIManager) Trial job HVPlK status changed from RUNNING to SUCCEEDED
[2026-05-12 17:07:29] INFO (NNIManager) NNIManager received command from dispatcher: TR, {"parameter_id": 85, "parameter_source": "algorithm", "parameters": {"model_type": "LSTM", "units": 16, "num_layers": 1, "dropout": 0, "activation": "relu", "lr": 0.00031622776601683783, "window_size": 2, "batch_size": 32, "epochs": 20, "kernel_size": 2, "attention_heads": 4}, "parameter_index": 0}
[2026-05-12 17:07:29] INFO (NNIManager) submitTrialJob: form: {
  sequenceId: 85,
  hyperParameters: {
    value: '{"parameter_id": 85, "parameter_source": "algorithm", "parameters": {"model_type": "LSTM", "units": 16, "num_layers": 1, "dropout": 0, "activation": "relu", "lr": 0.00031622776601683783, "window_size": 2, "batch_size": 32, "epochs": 20, "kernel_size": 2, "attention_heads": 4}, "parameter_index": 0}',
    index: 0
  },
  placementConstraint: { type: 'None', gpus: [] }
}
[2026-05-12 17:07:29] INFO (LocalV3.local) Created trial c2PD2
[2026-05-12 17:07:31] INFO (NNIManager) Change NNIManager status from: RUNNING to: NO_MORE_TRIAL
[2026-05-12 17:07:31] INFO (LocalV3.local) Trial parameter: c2PD2 {"parameter_id": 85, "parameter_source": "algorithm", "parameters": {"model_type": "LSTM", "units": 16, "num_layers": 1, "dropout": 0, "activation": "relu", "lr": 0.00031622776601683783, "window_size": 2, "batch_size": 32, "epochs": 20, "kernel_size": 2, "attention_heads": 4}, "parameter_index": 0}
[2026-05-12 17:07:36] INFO (NNIManager) Trial job c2PD2 status changed from RUNNING to SUCCEEDED
[2026-05-12 17:07:36] INFO (NNIManager) Change NNIManager status from: NO_MORE_TRIAL to: DONE
[2026-05-12 17:07:36] INFO (NNIManager) Experiment done.
[2026-05-12 17:07:39] INFO (ShutdownManager) Initiate shutdown: SIGTERM
[2026-05-12 17:07:39] INFO (RestServer) Stopping REST server.
[2026-05-12 17:07:39] INFO (NNIManager) Change NNIManager status from: DONE to: STOPPING
[2026-05-12 17:07:39] INFO (NNIManager) Stopping experiment, cleaning up ...
[2026-05-12 17:07:39] INFO (RestServer) REST server stopped.
[2026-05-12 17:07:43] INFO (LocalV3.local) All trials stopped
[2026-05-12 17:07:43] INFO (NNIManager) Change NNIManager status from: STOPPING to: STOPPED
[2026-05-12 17:07:43] INFO (NNIManager) Experiment stopped.
[2026-05-12 17:07:43] INFO (NNITensorboardManager) Forced stopping all tensorboard task.
[2026-05-12 17:07:43] INFO (NNITensorboardManager) All tensorboard task stopped.
[2026-05-12 17:07:43] INFO (NNITensorboardManager) Tensorboard manager stopped.
[2026-05-12 17:07:43] INFO (ShutdownManager) Shutdown complete.
