[2026-05-20 05:12:57] INFO (main) Start NNI manager
[2026-05-20 05:12:57] INFO (RestServer) Starting REST server at port 8266, URL prefix: "/"
[2026-05-20 05:12:57] INFO (RestServer) REST server started.
[2026-05-20 05:12:57] INFO (NNIDataStore) Datastore initialization done
[2026-05-20 05:12:57] INFO (NNIManager) Starting experiment: twd3jpkx
[2026-05-20 05:12:57] INFO (NNIManager) Setup training service...
[2026-05-20 05:12:57] INFO (NNIManager) Setup tuner...
[2026-05-20 05:12:57] INFO (NNIManager) Change NNIManager status from: INITIALIZED to: RUNNING
[2026-05-20 05:12:58] INFO (NNIManager) Add event listeners
[2026-05-20 05:12:58] INFO (LocalV3.local) Start
[2026-05-20 05:12:58] INFO (NNIManager) NNIManager received command from dispatcher: ID, 
[2026-05-20 05:12:58] INFO (NNIManager) NNIManager received command from dispatcher: TR, {"parameter_id": 0, "parameter_source": "algorithm", "parameters": {"model_type": "LSTM", "units": 64, "num_layers": 2, "dropout": 0, "activation": "relu", "lr": 0.0004079778493447837, "window_size": 25, "batch_size": 64, "epochs": 5, "kernel_size": 5, "attention_heads": 2}, "parameter_index": 0}
[2026-05-20 05:12:59] INFO (NNIManager) submitTrialJob: form: {
  sequenceId: 0,
  hyperParameters: {
    value: '{"parameter_id": 0, "parameter_source": "algorithm", "parameters": {"model_type": "LSTM", "units": 64, "num_layers": 2, "dropout": 0, "activation": "relu", "lr": 0.0004079778493447837, "window_size": 25, "batch_size": 64, "epochs": 5, "kernel_size": 5, "attention_heads": 2}, "parameter_index": 0}',
    index: 0
  },
  placementConstraint: { type: 'None', gpus: [] }
}
[2026-05-20 05:12:59] INFO (LocalV3.local) Register directory trial_code = /home/meliani/Desktop/phd/fast-track
[2026-05-20 05:12:59] INFO (LocalV3.local) Created trial ke7t2
[2026-05-20 05:13:01] INFO (LocalV3.local) Trial parameter: ke7t2 {"parameter_id": 0, "parameter_source": "algorithm", "parameters": {"model_type": "LSTM", "units": 64, "num_layers": 2, "dropout": 0, "activation": "relu", "lr": 0.0004079778493447837, "window_size": 25, "batch_size": 64, "epochs": 5, "kernel_size": 5, "attention_heads": 2}, "parameter_index": 0}
[2026-05-20 05:13:13] INFO (NNIManager) Trial job ke7t2 status changed from RUNNING to SUCCEEDED
[2026-05-20 05:13:13] INFO (NNIManager) NNIManager received command from dispatcher: TR, {"parameter_id": 1, "parameter_source": "algorithm", "parameters": {"model_type": "LSTM", "units": 64, "num_layers": 2, "dropout": 0.1, "activation": "relu", "lr": 0.0007445349317645226, "window_size": 6, "batch_size": 32, "epochs": 10, "kernel_size": 3, "attention_heads": 8}, "parameter_index": 0}
[2026-05-20 05:13:14] INFO (NNIManager) submitTrialJob: form: {
  sequenceId: 1,
  hyperParameters: {
    value: '{"parameter_id": 1, "parameter_source": "algorithm", "parameters": {"model_type": "LSTM", "units": 64, "num_layers": 2, "dropout": 0.1, "activation": "relu", "lr": 0.0007445349317645226, "window_size": 6, "batch_size": 32, "epochs": 10, "kernel_size": 3, "attention_heads": 8}, "parameter_index": 0}',
    index: 0
  },
  placementConstraint: { type: 'None', gpus: [] }
}
[2026-05-20 05:13:14] INFO (LocalV3.local) Created trial UNt7o
[2026-05-20 05:13:16] INFO (LocalV3.local) Trial parameter: UNt7o {"parameter_id": 1, "parameter_source": "algorithm", "parameters": {"model_type": "LSTM", "units": 64, "num_layers": 2, "dropout": 0.1, "activation": "relu", "lr": 0.0007445349317645226, "window_size": 6, "batch_size": 32, "epochs": 10, "kernel_size": 3, "attention_heads": 8}, "parameter_index": 0}
[2026-05-20 05:13:30] INFO (NNIManager) Trial job UNt7o status changed from RUNNING to SUCCEEDED
[2026-05-20 05:13:30] INFO (NNIManager) NNIManager received command from dispatcher: TR, {"parameter_id": 2, "parameter_source": "algorithm", "parameters": {"model_type": "GRU", "units": 64, "num_layers": 4, "dropout": 0, "activation": "tanh", "lr": 0.0008454129329382117, "window_size": 27, "batch_size": 64, "epochs": 5, "kernel_size": 7, "attention_heads": 2}, "parameter_index": 0}
[2026-05-20 05:13:31] INFO (NNIManager) submitTrialJob: form: {
  sequenceId: 2,
  hyperParameters: {
    value: '{"parameter_id": 2, "parameter_source": "algorithm", "parameters": {"model_type": "GRU", "units": 64, "num_layers": 4, "dropout": 0, "activation": "tanh", "lr": 0.0008454129329382117, "window_size": 27, "batch_size": 64, "epochs": 5, "kernel_size": 7, "attention_heads": 2}, "parameter_index": 0}',
    index: 0
  },
  placementConstraint: { type: 'None', gpus: [] }
}
[2026-05-20 05:13:31] INFO (LocalV3.local) Created trial VKhuE
[2026-05-20 05:13:33] INFO (LocalV3.local) Trial parameter: VKhuE {"parameter_id": 2, "parameter_source": "algorithm", "parameters": {"model_type": "GRU", "units": 64, "num_layers": 4, "dropout": 0, "activation": "tanh", "lr": 0.0008454129329382117, "window_size": 27, "batch_size": 64, "epochs": 5, "kernel_size": 7, "attention_heads": 2}, "parameter_index": 0}
[2026-05-20 05:13:57] INFO (NNIManager) Trial job VKhuE status changed from RUNNING to SUCCEEDED
[2026-05-20 05:13:57] INFO (NNIManager) NNIManager received command from dispatcher: TR, {"parameter_id": 3, "parameter_source": "algorithm", "parameters": {"model_type": "Transformer", "units": 64, "num_layers": 1, "dropout": 0.1, "activation": "relu", "lr": 0.0017776142650821364, "window_size": 6, "batch_size": 32, "epochs": 10, "kernel_size": 3, "attention_heads": 8}, "parameter_index": 0}
[2026-05-20 05:13:58] INFO (NNIManager) submitTrialJob: form: {
  sequenceId: 3,
  hyperParameters: {
    value: '{"parameter_id": 3, "parameter_source": "algorithm", "parameters": {"model_type": "Transformer", "units": 64, "num_layers": 1, "dropout": 0.1, "activation": "relu", "lr": 0.0017776142650821364, "window_size": 6, "batch_size": 32, "epochs": 10, "kernel_size": 3, "attention_heads": 8}, "parameter_index": 0}',
    index: 0
  },
  placementConstraint: { type: 'None', gpus: [] }
}
[2026-05-20 05:13:58] INFO (LocalV3.local) Created trial zvElj
[2026-05-20 05:13:59] INFO (LocalV3.local) Trial parameter: zvElj {"parameter_id": 3, "parameter_source": "algorithm", "parameters": {"model_type": "Transformer", "units": 64, "num_layers": 1, "dropout": 0.1, "activation": "relu", "lr": 0.0017776142650821364, "window_size": 6, "batch_size": 32, "epochs": 10, "kernel_size": 3, "attention_heads": 8}, "parameter_index": 0}
[2026-05-20 05:14:10] INFO (NNIManager) Trial job zvElj status changed from RUNNING to SUCCEEDED
[2026-05-20 05:14:10] INFO (NNIManager) NNIManager received command from dispatcher: TR, {"parameter_id": 4, "parameter_source": "algorithm", "parameters": {"model_type": "GRU", "units": 64, "num_layers": 2, "dropout": 0, "activation": "sigmoid", "lr": 0.0007819918195094328, "window_size": 25, "batch_size": 16, "epochs": 5, "kernel_size": 7, "attention_heads": 2}, "parameter_index": 0}
[2026-05-20 05:14:10] INFO (NNIManager) submitTrialJob: form: {
  sequenceId: 4,
  hyperParameters: {
    value: '{"parameter_id": 4, "parameter_source": "algorithm", "parameters": {"model_type": "GRU", "units": 64, "num_layers": 2, "dropout": 0, "activation": "sigmoid", "lr": 0.0007819918195094328, "window_size": 25, "batch_size": 16, "epochs": 5, "kernel_size": 7, "attention_heads": 2}, "parameter_index": 0}',
    index: 0
  },
  placementConstraint: { type: 'None', gpus: [] }
}
[2026-05-20 05:14:10] INFO (LocalV3.local) Created trial SyR80
[2026-05-20 05:14:12] INFO (LocalV3.local) Trial parameter: SyR80 {"parameter_id": 4, "parameter_source": "algorithm", "parameters": {"model_type": "GRU", "units": 64, "num_layers": 2, "dropout": 0, "activation": "sigmoid", "lr": 0.0007819918195094328, "window_size": 25, "batch_size": 16, "epochs": 5, "kernel_size": 7, "attention_heads": 2}, "parameter_index": 0}
[2026-05-20 05:14:35] INFO (NNIManager) Trial job SyR80 status changed from RUNNING to SUCCEEDED
[2026-05-20 05:14:35] INFO (NNIManager) NNIManager received command from dispatcher: TR, {"parameter_id": 5, "parameter_source": "algorithm", "parameters": {"model_type": "LSTM", "units": 64, "num_layers": 1, "dropout": 0, "activation": "elu", "lr": 8.467631296543705e-05, "window_size": 4, "batch_size": 64, "epochs": 10, "kernel_size": 5, "attention_heads": 8}, "parameter_index": 0}
[2026-05-20 05:14:36] INFO (NNIManager) submitTrialJob: form: {
  sequenceId: 5,
  hyperParameters: {
    value: '{"parameter_id": 5, "parameter_source": "algorithm", "parameters": {"model_type": "LSTM", "units": 64, "num_layers": 1, "dropout": 0, "activation": "elu", "lr": 8.467631296543705e-05, "window_size": 4, "batch_size": 64, "epochs": 10, "kernel_size": 5, "attention_heads": 8}, "parameter_index": 0}',
    index: 0
  },
  placementConstraint: { type: 'None', gpus: [] }
}
[2026-05-20 05:14:36] INFO (LocalV3.local) Created trial zhtKs
[2026-05-20 05:14:37] INFO (LocalV3.local) Trial parameter: zhtKs {"parameter_id": 5, "parameter_source": "algorithm", "parameters": {"model_type": "LSTM", "units": 64, "num_layers": 1, "dropout": 0, "activation": "elu", "lr": 8.467631296543705e-05, "window_size": 4, "batch_size": 64, "epochs": 10, "kernel_size": 5, "attention_heads": 8}, "parameter_index": 0}
[2026-05-20 05:14:43] INFO (NNIManager) Trial job zhtKs status changed from RUNNING to SUCCEEDED
[2026-05-20 05:14:43] INFO (NNIManager) NNIManager received command from dispatcher: TR, {"parameter_id": 6, "parameter_source": "algorithm", "parameters": {"model_type": "Transformer", "units": 64, "num_layers": 3, "dropout": 0.2, "activation": "relu", "lr": 0.00031419417885689756, "window_size": 27, "batch_size": 32, "epochs": 10, "kernel_size": 5, "attention_heads": 8}, "parameter_index": 0}
[2026-05-20 05:14:44] INFO (NNIManager) submitTrialJob: form: {
  sequenceId: 6,
  hyperParameters: {
    value: '{"parameter_id": 6, "parameter_source": "algorithm", "parameters": {"model_type": "Transformer", "units": 64, "num_layers": 3, "dropout": 0.2, "activation": "relu", "lr": 0.00031419417885689756, "window_size": 27, "batch_size": 32, "epochs": 10, "kernel_size": 5, "attention_heads": 8}, "parameter_index": 0}',
    index: 0
  },
  placementConstraint: { type: 'None', gpus: [] }
}
[2026-05-20 05:14:44] INFO (LocalV3.local) Created trial XT6F5
[2026-05-20 05:14:45] INFO (LocalV3.local) Trial parameter: XT6F5 {"parameter_id": 6, "parameter_source": "algorithm", "parameters": {"model_type": "Transformer", "units": 64, "num_layers": 3, "dropout": 0.2, "activation": "relu", "lr": 0.00031419417885689756, "window_size": 27, "batch_size": 32, "epochs": 10, "kernel_size": 5, "attention_heads": 8}, "parameter_index": 0}
[2026-05-20 05:16:01] INFO (NNIManager) Trial job XT6F5 status changed from RUNNING to SUCCEEDED
[2026-05-20 05:16:01] INFO (NNIManager) NNIManager received command from dispatcher: TR, {"parameter_id": 7, "parameter_source": "algorithm", "parameters": {"model_type": "GRU", "units": 16, "num_layers": 1, "dropout": 0, "activation": "tanh", "lr": 0.006434157789957208, "window_size": 27, "batch_size": 16, "epochs": 5, "kernel_size": 5, "attention_heads": 2}, "parameter_index": 0}
[2026-05-20 05:16:01] INFO (NNIManager) submitTrialJob: form: {
  sequenceId: 7,
  hyperParameters: {
    value: '{"parameter_id": 7, "parameter_source": "algorithm", "parameters": {"model_type": "GRU", "units": 16, "num_layers": 1, "dropout": 0, "activation": "tanh", "lr": 0.006434157789957208, "window_size": 27, "batch_size": 16, "epochs": 5, "kernel_size": 5, "attention_heads": 2}, "parameter_index": 0}',
    index: 0
  },
  placementConstraint: { type: 'None', gpus: [] }
}
[2026-05-20 05:16:01] INFO (LocalV3.local) Created trial An3R6
[2026-05-20 05:16:03] INFO (LocalV3.local) Trial parameter: An3R6 {"parameter_id": 7, "parameter_source": "algorithm", "parameters": {"model_type": "GRU", "units": 16, "num_layers": 1, "dropout": 0, "activation": "tanh", "lr": 0.006434157789957208, "window_size": 27, "batch_size": 16, "epochs": 5, "kernel_size": 5, "attention_heads": 2}, "parameter_index": 0}
[2026-05-20 05:16:16] INFO (NNIManager) Trial job An3R6 status changed from RUNNING to SUCCEEDED
[2026-05-20 05:16:16] INFO (NNIManager) NNIManager received command from dispatcher: TR, {"parameter_id": 8, "parameter_source": "algorithm", "parameters": {"model_type": "GRU", "units": 64, "num_layers": 3, "dropout": 0.1, "activation": "relu", "lr": 0.000121799822954057, "window_size": 11, "batch_size": 32, "epochs": 10, "kernel_size": 7, "attention_heads": 8}, "parameter_index": 0}
[2026-05-20 05:16:16] INFO (NNIManager) submitTrialJob: form: {
  sequenceId: 8,
  hyperParameters: {
    value: '{"parameter_id": 8, "parameter_source": "algorithm", "parameters": {"model_type": "GRU", "units": 64, "num_layers": 3, "dropout": 0.1, "activation": "relu", "lr": 0.000121799822954057, "window_size": 11, "batch_size": 32, "epochs": 10, "kernel_size": 7, "attention_heads": 8}, "parameter_index": 0}',
    index: 0
  },
  placementConstraint: { type: 'None', gpus: [] }
}
[2026-05-20 05:16:16] INFO (LocalV3.local) Created trial iVRRs
[2026-05-20 05:16:18] INFO (LocalV3.local) Trial parameter: iVRRs {"parameter_id": 8, "parameter_source": "algorithm", "parameters": {"model_type": "GRU", "units": 64, "num_layers": 3, "dropout": 0.1, "activation": "relu", "lr": 0.000121799822954057, "window_size": 11, "batch_size": 32, "epochs": 10, "kernel_size": 7, "attention_heads": 8}, "parameter_index": 0}
[2026-05-20 05:16:46] INFO (NNIManager) Trial job iVRRs status changed from RUNNING to SUCCEEDED
[2026-05-20 05:16:46] INFO (NNIManager) NNIManager received command from dispatcher: TR, {"parameter_id": 9, "parameter_source": "algorithm", "parameters": {"model_type": "GRU", "units": 16, "num_layers": 3, "dropout": 0.2, "activation": "tanh", "lr": 0.0004890873823910813, "window_size": 27, "batch_size": 32, "epochs": 10, "kernel_size": 3, "attention_heads": 8}, "parameter_index": 0}
[2026-05-20 05:16:47] INFO (NNIManager) submitTrialJob: form: {
  sequenceId: 9,
  hyperParameters: {
    value: '{"parameter_id": 9, "parameter_source": "algorithm", "parameters": {"model_type": "GRU", "units": 16, "num_layers": 3, "dropout": 0.2, "activation": "tanh", "lr": 0.0004890873823910813, "window_size": 27, "batch_size": 32, "epochs": 10, "kernel_size": 3, "attention_heads": 8}, "parameter_index": 0}',
    index: 0
  },
  placementConstraint: { type: 'None', gpus: [] }
}
[2026-05-20 05:16:47] INFO (LocalV3.local) Created trial CP8FI
[2026-05-20 05:16:49] INFO (LocalV3.local) Trial parameter: CP8FI {"parameter_id": 9, "parameter_source": "algorithm", "parameters": {"model_type": "GRU", "units": 16, "num_layers": 3, "dropout": 0.2, "activation": "tanh", "lr": 0.0004890873823910813, "window_size": 27, "batch_size": 32, "epochs": 10, "kernel_size": 3, "attention_heads": 8}, "parameter_index": 0}
[2026-05-20 05:17:26] INFO (NNIManager) Trial job CP8FI status changed from RUNNING to SUCCEEDED
[2026-05-20 05:17:26] INFO (NNIManager) NNIManager received command from dispatcher: TR, {"parameter_id": 10, "parameter_source": "algorithm", "parameters": {"model_type": "GRU", "units": 64, "num_layers": 4, "dropout": 0, "activation": "sigmoid", "lr": 0.0045271607722916695, "window_size": 27, "batch_size": 64, "epochs": 5, "kernel_size": 7, "attention_heads": 2}, "parameter_index": 0}
[2026-05-20 05:17:26] INFO (NNIManager) submitTrialJob: form: {
  sequenceId: 10,
  hyperParameters: {
    value: '{"parameter_id": 10, "parameter_source": "algorithm", "parameters": {"model_type": "GRU", "units": 64, "num_layers": 4, "dropout": 0, "activation": "sigmoid", "lr": 0.0045271607722916695, "window_size": 27, "batch_size": 64, "epochs": 5, "kernel_size": 7, "attention_heads": 2}, "parameter_index": 0}',
    index: 0
  },
  placementConstraint: { type: 'None', gpus: [] }
}
[2026-05-20 05:17:26] INFO (LocalV3.local) Created trial w32ku
[2026-05-20 05:17:28] INFO (LocalV3.local) Trial parameter: w32ku {"parameter_id": 10, "parameter_source": "algorithm", "parameters": {"model_type": "GRU", "units": 64, "num_layers": 4, "dropout": 0, "activation": "sigmoid", "lr": 0.0045271607722916695, "window_size": 27, "batch_size": 64, "epochs": 5, "kernel_size": 7, "attention_heads": 2}, "parameter_index": 0}
[2026-05-20 05:17:52] INFO (NNIManager) Trial job w32ku status changed from RUNNING to SUCCEEDED
[2026-05-20 05:17:52] INFO (NNIManager) NNIManager received command from dispatcher: TR, {"parameter_id": 11, "parameter_source": "algorithm", "parameters": {"model_type": "LSTM", "units": 64, "num_layers": 2, "dropout": 0.2, "activation": "relu", "lr": 0.0001992472483854634, "window_size": 6, "batch_size": 32, "epochs": 20, "kernel_size": 3, "attention_heads": 2}, "parameter_index": 0}
[2026-05-20 05:17:52] INFO (NNIManager) submitTrialJob: form: {
  sequenceId: 11,
  hyperParameters: {
    value: '{"parameter_id": 11, "parameter_source": "algorithm", "parameters": {"model_type": "LSTM", "units": 64, "num_layers": 2, "dropout": 0.2, "activation": "relu", "lr": 0.0001992472483854634, "window_size": 6, "batch_size": 32, "epochs": 20, "kernel_size": 3, "attention_heads": 2}, "parameter_index": 0}',
    index: 0
  },
  placementConstraint: { type: 'None', gpus: [] }
}
[2026-05-20 05:17:52] INFO (LocalV3.local) Created trial zxkdH
[2026-05-20 05:17:54] INFO (LocalV3.local) Trial parameter: zxkdH {"parameter_id": 11, "parameter_source": "algorithm", "parameters": {"model_type": "LSTM", "units": 64, "num_layers": 2, "dropout": 0.2, "activation": "relu", "lr": 0.0001992472483854634, "window_size": 6, "batch_size": 32, "epochs": 20, "kernel_size": 3, "attention_heads": 2}, "parameter_index": 0}
[2026-05-20 05:18:20] INFO (NNIManager) Trial job zxkdH status changed from RUNNING to SUCCEEDED
[2026-05-20 05:18:20] INFO (NNIManager) NNIManager received command from dispatcher: TR, {"parameter_id": 12, "parameter_source": "algorithm", "parameters": {"model_type": "CNN", "units": 64, "num_layers": 4, "dropout": 0.5, "activation": "tanh", "lr": 0.0025716822856428944, "window_size": 27, "batch_size": 64, "epochs": 5, "kernel_size": 2, "attention_heads": 4}, "parameter_index": 0}
[2026-05-20 05:18:20] INFO (NNIManager) submitTrialJob: form: {
  sequenceId: 12,
  hyperParameters: {
    value: '{"parameter_id": 12, "parameter_source": "algorithm", "parameters": {"model_type": "CNN", "units": 64, "num_layers": 4, "dropout": 0.5, "activation": "tanh", "lr": 0.0025716822856428944, "window_size": 27, "batch_size": 64, "epochs": 5, "kernel_size": 2, "attention_heads": 4}, "parameter_index": 0}',
    index: 0
  },
  placementConstraint: { type: 'None', gpus: [] }
}
[2026-05-20 05:18:20] INFO (LocalV3.local) Created trial xkyiA
[2026-05-20 05:18:22] INFO (LocalV3.local) Trial parameter: xkyiA {"parameter_id": 12, "parameter_source": "algorithm", "parameters": {"model_type": "CNN", "units": 64, "num_layers": 4, "dropout": 0.5, "activation": "tanh", "lr": 0.0025716822856428944, "window_size": 27, "batch_size": 64, "epochs": 5, "kernel_size": 2, "attention_heads": 4}, "parameter_index": 0}
[2026-05-20 05:18:27] INFO (NNIManager) Trial job xkyiA status changed from RUNNING to SUCCEEDED
[2026-05-20 05:18:27] INFO (NNIManager) NNIManager received command from dispatcher: TR, {"parameter_id": 13, "parameter_source": "algorithm", "parameters": {"model_type": "LSTM", "units": 128, "num_layers": 2, "dropout": 0, "activation": "relu", "lr": 0.0009978852897848218, "window_size": 25, "batch_size": 64, "epochs": 5, "kernel_size": 5, "attention_heads": 2}, "parameter_index": 0}
[2026-05-20 05:18:27] INFO (NNIManager) submitTrialJob: form: {
  sequenceId: 13,
  hyperParameters: {
    value: '{"parameter_id": 13, "parameter_source": "algorithm", "parameters": {"model_type": "LSTM", "units": 128, "num_layers": 2, "dropout": 0, "activation": "relu", "lr": 0.0009978852897848218, "window_size": 25, "batch_size": 64, "epochs": 5, "kernel_size": 5, "attention_heads": 2}, "parameter_index": 0}',
    index: 0
  },
  placementConstraint: { type: 'None', gpus: [] }
}
[2026-05-20 05:18:27] INFO (LocalV3.local) Created trial VBkCD
[2026-05-20 05:18:29] INFO (LocalV3.local) Trial parameter: VBkCD {"parameter_id": 13, "parameter_source": "algorithm", "parameters": {"model_type": "LSTM", "units": 128, "num_layers": 2, "dropout": 0, "activation": "relu", "lr": 0.0009978852897848218, "window_size": 25, "batch_size": 64, "epochs": 5, "kernel_size": 5, "attention_heads": 2}, "parameter_index": 0}
[2026-05-20 05:18:52] INFO (NNIManager) Trial job VBkCD status changed from RUNNING to SUCCEEDED
[2026-05-20 05:18:52] INFO (NNIManager) NNIManager received command from dispatcher: TR, {"parameter_id": 14, "parameter_source": "algorithm", "parameters": {"model_type": "CNN", "units": 64, "num_layers": 4, "dropout": 0, "activation": "relu", "lr": 0.0024580281144058027, "window_size": 27, "batch_size": 128, "epochs": 15, "kernel_size": 7, "attention_heads": 2}, "parameter_index": 0}
[2026-05-20 05:18:53] INFO (NNIManager) submitTrialJob: form: {
  sequenceId: 14,
  hyperParameters: {
    value: '{"parameter_id": 14, "parameter_source": "algorithm", "parameters": {"model_type": "CNN", "units": 64, "num_layers": 4, "dropout": 0, "activation": "relu", "lr": 0.0024580281144058027, "window_size": 27, "batch_size": 128, "epochs": 15, "kernel_size": 7, "attention_heads": 2}, "parameter_index": 0}',
    index: 0
  },
  placementConstraint: { type: 'None', gpus: [] }
}
[2026-05-20 05:18:53] INFO (LocalV3.local) Created trial m3h0A
[2026-05-20 05:18:54] INFO (LocalV3.local) Trial parameter: m3h0A {"parameter_id": 14, "parameter_source": "algorithm", "parameters": {"model_type": "CNN", "units": 64, "num_layers": 4, "dropout": 0, "activation": "relu", "lr": 0.0024580281144058027, "window_size": 27, "batch_size": 128, "epochs": 15, "kernel_size": 7, "attention_heads": 2}, "parameter_index": 0}
[2026-05-20 05:19:04] INFO (NNIManager) Trial job m3h0A status changed from RUNNING to SUCCEEDED
[2026-05-20 05:19:04] INFO (NNIManager) NNIManager received command from dispatcher: TR, {"parameter_id": 15, "parameter_source": "algorithm", "parameters": {"model_type": "LSTM", "units": 64, "num_layers": 2, "dropout": 0.1, "activation": "relu", "lr": 0.00015592246233127216, "window_size": 12, "batch_size": 32, "epochs": 15, "kernel_size": 3, "attention_heads": 4}, "parameter_index": 0}
[2026-05-20 05:19:04] INFO (NNIManager) submitTrialJob: form: {
  sequenceId: 15,
  hyperParameters: {
    value: '{"parameter_id": 15, "parameter_source": "algorithm", "parameters": {"model_type": "LSTM", "units": 64, "num_layers": 2, "dropout": 0.1, "activation": "relu", "lr": 0.00015592246233127216, "window_size": 12, "batch_size": 32, "epochs": 15, "kernel_size": 3, "attention_heads": 4}, "parameter_index": 0}',
    index: 0
  },
  placementConstraint: { type: 'None', gpus: [] }
}
[2026-05-20 05:19:04] INFO (LocalV3.local) Created trial UfVQl
[2026-05-20 05:19:06] INFO (LocalV3.local) Trial parameter: UfVQl {"parameter_id": 15, "parameter_source": "algorithm", "parameters": {"model_type": "LSTM", "units": 64, "num_layers": 2, "dropout": 0.1, "activation": "relu", "lr": 0.00015592246233127216, "window_size": 12, "batch_size": 32, "epochs": 15, "kernel_size": 3, "attention_heads": 4}, "parameter_index": 0}
[2026-05-20 05:19:34] INFO (NNIManager) Trial job UfVQl status changed from RUNNING to SUCCEEDED
[2026-05-20 05:19:34] INFO (NNIManager) NNIManager received command from dispatcher: TR, {"parameter_id": 16, "parameter_source": "algorithm", "parameters": {"model_type": "GRU", "units": 64, "num_layers": 4, "dropout": 0, "activation": "tanh", "lr": 0.0027468051196013754, "window_size": 27, "batch_size": 64, "epochs": 5, "kernel_size": 3, "attention_heads": 4}, "parameter_index": 0}
[2026-05-20 05:19:34] INFO (NNIManager) submitTrialJob: form: {
  sequenceId: 16,
  hyperParameters: {
    value: '{"parameter_id": 16, "parameter_source": "algorithm", "parameters": {"model_type": "GRU", "units": 64, "num_layers": 4, "dropout": 0, "activation": "tanh", "lr": 0.0027468051196013754, "window_size": 27, "batch_size": 64, "epochs": 5, "kernel_size": 3, "attention_heads": 4}, "parameter_index": 0}',
    index: 0
  },
  placementConstraint: { type: 'None', gpus: [] }
}
[2026-05-20 05:19:34] INFO (LocalV3.local) Created trial TZlsS
[2026-05-20 05:19:36] INFO (LocalV3.local) Trial parameter: TZlsS {"parameter_id": 16, "parameter_source": "algorithm", "parameters": {"model_type": "GRU", "units": 64, "num_layers": 4, "dropout": 0, "activation": "tanh", "lr": 0.0027468051196013754, "window_size": 27, "batch_size": 64, "epochs": 5, "kernel_size": 3, "attention_heads": 4}, "parameter_index": 0}
[2026-05-20 05:20:00] INFO (NNIManager) Trial job TZlsS status changed from RUNNING to SUCCEEDED
[2026-05-20 05:20:00] INFO (NNIManager) NNIManager received command from dispatcher: TR, {"parameter_id": 17, "parameter_source": "algorithm", "parameters": {"model_type": "LSTM", "units": 64, "num_layers": 2, "dropout": 0.5, "activation": "relu", "lr": 0.0002491692160558273, "window_size": 6, "batch_size": 32, "epochs": 10, "kernel_size": 3, "attention_heads": 8}, "parameter_index": 0}
[2026-05-20 05:20:01] INFO (NNIManager) submitTrialJob: form: {
  sequenceId: 17,
  hyperParameters: {
    value: '{"parameter_id": 17, "parameter_source": "algorithm", "parameters": {"model_type": "LSTM", "units": 64, "num_layers": 2, "dropout": 0.5, "activation": "relu", "lr": 0.0002491692160558273, "window_size": 6, "batch_size": 32, "epochs": 10, "kernel_size": 3, "attention_heads": 8}, "parameter_index": 0}',
    index: 0
  },
  placementConstraint: { type: 'None', gpus: [] }
}
[2026-05-20 05:20:01] INFO (LocalV3.local) Created trial PytmW
[2026-05-20 05:20:03] INFO (LocalV3.local) Trial parameter: PytmW {"parameter_id": 17, "parameter_source": "algorithm", "parameters": {"model_type": "LSTM", "units": 64, "num_layers": 2, "dropout": 0.5, "activation": "relu", "lr": 0.0002491692160558273, "window_size": 6, "batch_size": 32, "epochs": 10, "kernel_size": 3, "attention_heads": 8}, "parameter_index": 0}
[2026-05-20 05:20:17] INFO (NNIManager) Trial job PytmW status changed from RUNNING to SUCCEEDED
[2026-05-20 05:20:17] INFO (NNIManager) NNIManager received command from dispatcher: TR, {"parameter_id": 18, "parameter_source": "algorithm", "parameters": {"model_type": "LSTM", "units": 64, "num_layers": 2, "dropout": 0.5, "activation": "elu", "lr": 0.0004249994756518527, "window_size": 6, "batch_size": 32, "epochs": 10, "kernel_size": 2, "attention_heads": 8}, "parameter_index": 0}
[2026-05-20 05:20:18] INFO (NNIManager) submitTrialJob: form: {
  sequenceId: 18,
  hyperParameters: {
    value: '{"parameter_id": 18, "parameter_source": "algorithm", "parameters": {"model_type": "LSTM", "units": 64, "num_layers": 2, "dropout": 0.5, "activation": "elu", "lr": 0.0004249994756518527, "window_size": 6, "batch_size": 32, "epochs": 10, "kernel_size": 2, "attention_heads": 8}, "parameter_index": 0}',
    index: 0
  },
  placementConstraint: { type: 'None', gpus: [] }
}
[2026-05-20 05:20:18] INFO (LocalV3.local) Created trial HvCde
[2026-05-20 05:20:20] INFO (LocalV3.local) Trial parameter: HvCde {"parameter_id": 18, "parameter_source": "algorithm", "parameters": {"model_type": "LSTM", "units": 64, "num_layers": 2, "dropout": 0.5, "activation": "elu", "lr": 0.0004249994756518527, "window_size": 6, "batch_size": 32, "epochs": 10, "kernel_size": 2, "attention_heads": 8}, "parameter_index": 0}
[2026-05-20 05:20:34] INFO (NNIManager) Trial job HvCde status changed from RUNNING to SUCCEEDED
[2026-05-20 05:20:34] INFO (NNIManager) NNIManager received command from dispatcher: TR, {"parameter_id": 19, "parameter_source": "algorithm", "parameters": {"model_type": "MLP", "units": 64, "num_layers": 4, "dropout": 0, "activation": "tanh", "lr": 0.0004653250941586705, "window_size": 27, "batch_size": 128, "epochs": 5, "kernel_size": 7, "attention_heads": 2}, "parameter_index": 0}
[2026-05-20 05:20:35] INFO (NNIManager) submitTrialJob: form: {
  sequenceId: 19,
  hyperParameters: {
    value: '{"parameter_id": 19, "parameter_source": "algorithm", "parameters": {"model_type": "MLP", "units": 64, "num_layers": 4, "dropout": 0, "activation": "tanh", "lr": 0.0004653250941586705, "window_size": 27, "batch_size": 128, "epochs": 5, "kernel_size": 7, "attention_heads": 2}, "parameter_index": 0}',
    index: 0
  },
  placementConstraint: { type: 'None', gpus: [] }
}
[2026-05-20 05:20:35] INFO (LocalV3.local) Created trial JwDdI
[2026-05-20 05:20:37] INFO (LocalV3.local) Trial parameter: JwDdI {"parameter_id": 19, "parameter_source": "algorithm", "parameters": {"model_type": "MLP", "units": 64, "num_layers": 4, "dropout": 0, "activation": "tanh", "lr": 0.0004653250941586705, "window_size": 27, "batch_size": 128, "epochs": 5, "kernel_size": 7, "attention_heads": 2}, "parameter_index": 0}
[2026-05-20 05:20:39] INFO (NNIManager) Trial job JwDdI status changed from RUNNING to SUCCEEDED
[2026-05-20 05:20:39] INFO (NNIManager) NNIManager received command from dispatcher: TR, {"parameter_id": 20, "parameter_source": "algorithm", "parameters": {"model_type": "MLP", "units": 128, "num_layers": 2, "dropout": 0.2, "activation": "tanh", "lr": 0.0005471638126786177, "window_size": 27, "batch_size": 128, "epochs": 5, "kernel_size": 7, "attention_heads": 2}, "parameter_index": 0}
[2026-05-20 05:20:39] INFO (NNIManager) submitTrialJob: form: {
  sequenceId: 20,
  hyperParameters: {
    value: '{"parameter_id": 20, "parameter_source": "algorithm", "parameters": {"model_type": "MLP", "units": 128, "num_layers": 2, "dropout": 0.2, "activation": "tanh", "lr": 0.0005471638126786177, "window_size": 27, "batch_size": 128, "epochs": 5, "kernel_size": 7, "attention_heads": 2}, "parameter_index": 0}',
    index: 0
  },
  placementConstraint: { type: 'None', gpus: [] }
}
[2026-05-20 05:20:39] INFO (LocalV3.local) Created trial u6Hyg
[2026-05-20 05:20:41] INFO (LocalV3.local) Trial parameter: u6Hyg {"parameter_id": 20, "parameter_source": "algorithm", "parameters": {"model_type": "MLP", "units": 128, "num_layers": 2, "dropout": 0.2, "activation": "tanh", "lr": 0.0005471638126786177, "window_size": 27, "batch_size": 128, "epochs": 5, "kernel_size": 7, "attention_heads": 2}, "parameter_index": 0}
[2026-05-20 05:20:43] INFO (NNIManager) Trial job u6Hyg status changed from RUNNING to SUCCEEDED
[2026-05-20 05:20:43] INFO (NNIManager) NNIManager received command from dispatcher: TR, {"parameter_id": 21, "parameter_source": "algorithm", "parameters": {"model_type": "RNN", "units": 32, "num_layers": 2, "dropout": 0.5, "activation": "relu", "lr": 0.00021763340250248437, "window_size": 6, "batch_size": 32, "epochs": 10, "kernel_size": 3, "attention_heads": 8}, "parameter_index": 0}
[2026-05-20 05:20:44] INFO (NNIManager) submitTrialJob: form: {
  sequenceId: 21,
  hyperParameters: {
    value: '{"parameter_id": 21, "parameter_source": "algorithm", "parameters": {"model_type": "RNN", "units": 32, "num_layers": 2, "dropout": 0.5, "activation": "relu", "lr": 0.00021763340250248437, "window_size": 6, "batch_size": 32, "epochs": 10, "kernel_size": 3, "attention_heads": 8}, "parameter_index": 0}',
    index: 0
  },
  placementConstraint: { type: 'None', gpus: [] }
}
[2026-05-20 05:20:44] INFO (LocalV3.local) Created trial yBeUM
[2026-05-20 05:20:46] INFO (LocalV3.local) Trial parameter: yBeUM {"parameter_id": 21, "parameter_source": "algorithm", "parameters": {"model_type": "RNN", "units": 32, "num_layers": 2, "dropout": 0.5, "activation": "relu", "lr": 0.00021763340250248437, "window_size": 6, "batch_size": 32, "epochs": 10, "kernel_size": 3, "attention_heads": 8}, "parameter_index": 0}
[2026-05-20 05:20:53] INFO (NNIManager) Trial job yBeUM status changed from RUNNING to SUCCEEDED
[2026-05-20 05:20:53] INFO (NNIManager) NNIManager received command from dispatcher: TR, {"parameter_id": 22, "parameter_source": "algorithm", "parameters": {"model_type": "TCN", "units": 64, "num_layers": 4, "dropout": 0, "activation": "tanh", "lr": 0.0012690475214500948, "window_size": 27, "batch_size": 16, "epochs": 5, "kernel_size": 5, "attention_heads": 2}, "parameter_index": 0}
[2026-05-20 05:20:53] INFO (NNIManager) submitTrialJob: form: {
  sequenceId: 22,
  hyperParameters: {
    value: '{"parameter_id": 22, "parameter_source": "algorithm", "parameters": {"model_type": "TCN", "units": 64, "num_layers": 4, "dropout": 0, "activation": "tanh", "lr": 0.0012690475214500948, "window_size": 27, "batch_size": 16, "epochs": 5, "kernel_size": 5, "attention_heads": 2}, "parameter_index": 0}',
    index: 0
  },
  placementConstraint: { type: 'None', gpus: [] }
}
[2026-05-20 05:20:53] INFO (LocalV3.local) Created trial AKeAo
[2026-05-20 05:20:55] INFO (LocalV3.local) Trial parameter: AKeAo {"parameter_id": 22, "parameter_source": "algorithm", "parameters": {"model_type": "TCN", "units": 64, "num_layers": 4, "dropout": 0, "activation": "tanh", "lr": 0.0012690475214500948, "window_size": 27, "batch_size": 16, "epochs": 5, "kernel_size": 5, "attention_heads": 2}, "parameter_index": 0}
[2026-05-20 05:21:04] INFO (NNIManager) Trial job AKeAo status changed from RUNNING to SUCCEEDED
[2026-05-20 05:21:04] INFO (NNIManager) NNIManager received command from dispatcher: TR, {"parameter_id": 23, "parameter_source": "algorithm", "parameters": {"model_type": "LSTM", "units": 64, "num_layers": 2, "dropout": 0.5, "activation": "tanh", "lr": 0.000511563908942023, "window_size": 6, "batch_size": 32, "epochs": 15, "kernel_size": 3, "attention_heads": 8}, "parameter_index": 0}
[2026-05-20 05:21:05] INFO (NNIManager) submitTrialJob: form: {
  sequenceId: 23,
  hyperParameters: {
    value: '{"parameter_id": 23, "parameter_source": "algorithm", "parameters": {"model_type": "LSTM", "units": 64, "num_layers": 2, "dropout": 0.5, "activation": "tanh", "lr": 0.000511563908942023, "window_size": 6, "batch_size": 32, "epochs": 15, "kernel_size": 3, "attention_heads": 8}, "parameter_index": 0}',
    index: 0
  },
  placementConstraint: { type: 'None', gpus: [] }
}
[2026-05-20 05:21:05] INFO (LocalV3.local) Created trial yvJQI
[2026-05-20 05:21:06] INFO (LocalV3.local) Trial parameter: yvJQI {"parameter_id": 23, "parameter_source": "algorithm", "parameters": {"model_type": "LSTM", "units": 64, "num_layers": 2, "dropout": 0.5, "activation": "tanh", "lr": 0.000511563908942023, "window_size": 6, "batch_size": 32, "epochs": 15, "kernel_size": 3, "attention_heads": 8}, "parameter_index": 0}
[2026-05-20 05:21:26] INFO (NNIManager) Trial job yvJQI status changed from RUNNING to SUCCEEDED
[2026-05-20 05:21:26] INFO (NNIManager) NNIManager received command from dispatcher: TR, {"parameter_id": 24, "parameter_source": "algorithm", "parameters": {"model_type": "LSTM", "units": 64, "num_layers": 3, "dropout": 0, "activation": "sigmoid", "lr": 0.0006527510201325716, "window_size": 27, "batch_size": 16, "epochs": 5, "kernel_size": 2, "attention_heads": 2}, "parameter_index": 0}
[2026-05-20 05:21:27] INFO (NNIManager) submitTrialJob: form: {
  sequenceId: 24,
  hyperParameters: {
    value: '{"parameter_id": 24, "parameter_source": "algorithm", "parameters": {"model_type": "LSTM", "units": 64, "num_layers": 3, "dropout": 0, "activation": "sigmoid", "lr": 0.0006527510201325716, "window_size": 27, "batch_size": 16, "epochs": 5, "kernel_size": 2, "attention_heads": 2}, "parameter_index": 0}',
    index: 0
  },
  placementConstraint: { type: 'None', gpus: [] }
}
[2026-05-20 05:21:27] INFO (LocalV3.local) Created trial zgfpP
[2026-05-20 05:21:28] INFO (LocalV3.local) Trial parameter: zgfpP {"parameter_id": 24, "parameter_source": "algorithm", "parameters": {"model_type": "LSTM", "units": 64, "num_layers": 3, "dropout": 0, "activation": "sigmoid", "lr": 0.0006527510201325716, "window_size": 27, "batch_size": 16, "epochs": 5, "kernel_size": 2, "attention_heads": 2}, "parameter_index": 0}
[2026-05-20 05:22:03] INFO (NNIManager) Trial job zgfpP status changed from RUNNING to SUCCEEDED
[2026-05-20 05:22:03] INFO (NNIManager) NNIManager received command from dispatcher: TR, {"parameter_id": 25, "parameter_source": "algorithm", "parameters": {"model_type": "GRU", "units": 64, "num_layers": 4, "dropout": 0, "activation": "tanh", "lr": 0.00204274815778945, "window_size": 27, "batch_size": 64, "epochs": 5, "kernel_size": 7, "attention_heads": 8}, "parameter_index": 0}
[2026-05-20 05:22:03] INFO (NNIManager) submitTrialJob: form: {
  sequenceId: 25,
  hyperParameters: {
    value: '{"parameter_id": 25, "parameter_source": "algorithm", "parameters": {"model_type": "GRU", "units": 64, "num_layers": 4, "dropout": 0, "activation": "tanh", "lr": 0.00204274815778945, "window_size": 27, "batch_size": 64, "epochs": 5, "kernel_size": 7, "attention_heads": 8}, "parameter_index": 0}',
    index: 0
  },
  placementConstraint: { type: 'None', gpus: [] }
}
[2026-05-20 05:22:03] INFO (LocalV3.local) Created trial QSxi9
[2026-05-20 05:22:05] INFO (LocalV3.local) Trial parameter: QSxi9 {"parameter_id": 25, "parameter_source": "algorithm", "parameters": {"model_type": "GRU", "units": 64, "num_layers": 4, "dropout": 0, "activation": "tanh", "lr": 0.00204274815778945, "window_size": 27, "batch_size": 64, "epochs": 5, "kernel_size": 7, "attention_heads": 8}, "parameter_index": 0}
[2026-05-20 05:22:29] INFO (NNIManager) Trial job QSxi9 status changed from RUNNING to SUCCEEDED
[2026-05-20 05:22:29] INFO (NNIManager) NNIManager received command from dispatcher: TR, {"parameter_id": 26, "parameter_source": "algorithm", "parameters": {"model_type": "Transformer", "units": 16, "num_layers": 4, "dropout": 0.2, "activation": "tanh", "lr": 0.0006809605548366824, "window_size": 27, "batch_size": 64, "epochs": 5, "kernel_size": 7, "attention_heads": 2}, "parameter_index": 0}
[2026-05-20 05:22:30] INFO (NNIManager) submitTrialJob: form: {
  sequenceId: 26,
  hyperParameters: {
    value: '{"parameter_id": 26, "parameter_source": "algorithm", "parameters": {"model_type": "Transformer", "units": 16, "num_layers": 4, "dropout": 0.2, "activation": "tanh", "lr": 0.0006809605548366824, "window_size": 27, "batch_size": 64, "epochs": 5, "kernel_size": 7, "attention_heads": 2}, "parameter_index": 0}',
    index: 0
  },
  placementConstraint: { type: 'None', gpus: [] }
}
[2026-05-20 05:22:30] INFO (LocalV3.local) Created trial o6hIj
[2026-05-20 05:22:31] INFO (LocalV3.local) Trial parameter: o6hIj {"parameter_id": 26, "parameter_source": "algorithm", "parameters": {"model_type": "Transformer", "units": 16, "num_layers": 4, "dropout": 0.2, "activation": "tanh", "lr": 0.0006809605548366824, "window_size": 27, "batch_size": 64, "epochs": 5, "kernel_size": 7, "attention_heads": 2}, "parameter_index": 0}
[2026-05-20 05:22:45] INFO (NNIManager) Trial job o6hIj status changed from RUNNING to SUCCEEDED
[2026-05-20 05:22:45] INFO (NNIManager) NNIManager received command from dispatcher: TR, {"parameter_id": 27, "parameter_source": "algorithm", "parameters": {"model_type": "LSTM", "units": 64, "num_layers": 2, "dropout": 0.1, "activation": "relu", "lr": 0.0007807062518092048, "window_size": 6, "batch_size": 32, "epochs": 10, "kernel_size": 2, "attention_heads": 8}, "parameter_index": 0}
[2026-05-20 05:22:46] INFO (NNIManager) submitTrialJob: form: {
  sequenceId: 27,
  hyperParameters: {
    value: '{"parameter_id": 27, "parameter_source": "algorithm", "parameters": {"model_type": "LSTM", "units": 64, "num_layers": 2, "dropout": 0.1, "activation": "relu", "lr": 0.0007807062518092048, "window_size": 6, "batch_size": 32, "epochs": 10, "kernel_size": 2, "attention_heads": 8}, "parameter_index": 0}',
    index: 0
  },
  placementConstraint: { type: 'None', gpus: [] }
}
[2026-05-20 05:22:46] INFO (LocalV3.local) Created trial o4H0y
[2026-05-20 05:22:47] INFO (LocalV3.local) Trial parameter: o4H0y {"parameter_id": 27, "parameter_source": "algorithm", "parameters": {"model_type": "LSTM", "units": 64, "num_layers": 2, "dropout": 0.1, "activation": "relu", "lr": 0.0007807062518092048, "window_size": 6, "batch_size": 32, "epochs": 10, "kernel_size": 2, "attention_heads": 8}, "parameter_index": 0}
[2026-05-20 05:23:02] INFO (NNIManager) Trial job o4H0y status changed from RUNNING to SUCCEEDED
[2026-05-20 05:23:02] INFO (NNIManager) NNIManager received command from dispatcher: TR, {"parameter_id": 28, "parameter_source": "algorithm", "parameters": {"model_type": "LSTM", "units": 64, "num_layers": 2, "dropout": 0.1, "activation": "relu", "lr": 0.0006299001462964846, "window_size": 6, "batch_size": 128, "epochs": 10, "kernel_size": 3, "attention_heads": 4}, "parameter_index": 0}
[2026-05-20 05:23:03] INFO (NNIManager) submitTrialJob: form: {
  sequenceId: 28,
  hyperParameters: {
    value: '{"parameter_id": 28, "parameter_source": "algorithm", "parameters": {"model_type": "LSTM", "units": 64, "num_layers": 2, "dropout": 0.1, "activation": "relu", "lr": 0.0006299001462964846, "window_size": 6, "batch_size": 128, "epochs": 10, "kernel_size": 3, "attention_heads": 4}, "parameter_index": 0}',
    index: 0
  },
  placementConstraint: { type: 'None', gpus: [] }
}
[2026-05-20 05:23:03] INFO (LocalV3.local) Created trial OA70h
[2026-05-20 05:23:05] INFO (LocalV3.local) Trial parameter: OA70h {"parameter_id": 28, "parameter_source": "algorithm", "parameters": {"model_type": "LSTM", "units": 64, "num_layers": 2, "dropout": 0.1, "activation": "relu", "lr": 0.0006299001462964846, "window_size": 6, "batch_size": 128, "epochs": 10, "kernel_size": 3, "attention_heads": 4}, "parameter_index": 0}
[2026-05-20 05:23:14] INFO (NNIManager) Trial job OA70h status changed from RUNNING to SUCCEEDED
[2026-05-20 05:23:14] INFO (NNIManager) NNIManager received command from dispatcher: TR, {"parameter_id": 29, "parameter_source": "algorithm", "parameters": {"model_type": "GRU", "units": 64, "num_layers": 4, "dropout": 0, "activation": "tanh", "lr": 0.00041304006805499376, "window_size": 27, "batch_size": 64, "epochs": 15, "kernel_size": 7, "attention_heads": 2}, "parameter_index": 0}
[2026-05-20 05:23:14] INFO (NNIManager) submitTrialJob: form: {
  sequenceId: 29,
  hyperParameters: {
    value: '{"parameter_id": 29, "parameter_source": "algorithm", "parameters": {"model_type": "GRU", "units": 64, "num_layers": 4, "dropout": 0, "activation": "tanh", "lr": 0.00041304006805499376, "window_size": 27, "batch_size": 64, "epochs": 15, "kernel_size": 7, "attention_heads": 2}, "parameter_index": 0}',
    index: 0
  },
  placementConstraint: { type: 'None', gpus: [] }
}
[2026-05-20 05:23:14] INFO (LocalV3.local) Created trial hjvyV
[2026-05-20 05:23:16] INFO (LocalV3.local) Trial parameter: hjvyV {"parameter_id": 29, "parameter_source": "algorithm", "parameters": {"model_type": "GRU", "units": 64, "num_layers": 4, "dropout": 0, "activation": "tanh", "lr": 0.00041304006805499376, "window_size": 27, "batch_size": 64, "epochs": 15, "kernel_size": 7, "attention_heads": 2}, "parameter_index": 0}
[2026-05-20 05:24:15] INFO (NNIManager) Trial job hjvyV status changed from RUNNING to SUCCEEDED
[2026-05-20 05:24:15] INFO (NNIManager) NNIManager received command from dispatcher: TR, {"parameter_id": 30, "parameter_source": "algorithm", "parameters": {"model_type": "GRU", "units": 64, "num_layers": 4, "dropout": 0, "activation": "tanh", "lr": 0.0007247142966341947, "window_size": 27, "batch_size": 64, "epochs": 20, "kernel_size": 5, "attention_heads": 2}, "parameter_index": 0}
[2026-05-20 05:24:16] INFO (NNIManager) submitTrialJob: form: {
  sequenceId: 30,
  hyperParameters: {
    value: '{"parameter_id": 30, "parameter_source": "algorithm", "parameters": {"model_type": "GRU", "units": 64, "num_layers": 4, "dropout": 0, "activation": "tanh", "lr": 0.0007247142966341947, "window_size": 27, "batch_size": 64, "epochs": 20, "kernel_size": 5, "attention_heads": 2}, "parameter_index": 0}',
    index: 0
  },
  placementConstraint: { type: 'None', gpus: [] }
}
[2026-05-20 05:24:16] INFO (LocalV3.local) Created trial Yk0d3
[2026-05-20 05:24:18] INFO (LocalV3.local) Trial parameter: Yk0d3 {"parameter_id": 30, "parameter_source": "algorithm", "parameters": {"model_type": "GRU", "units": 64, "num_layers": 4, "dropout": 0, "activation": "tanh", "lr": 0.0007247142966341947, "window_size": 27, "batch_size": 64, "epochs": 20, "kernel_size": 5, "attention_heads": 2}, "parameter_index": 0}
[2026-05-20 05:25:35] INFO (NNIManager) Trial job Yk0d3 status changed from RUNNING to SUCCEEDED
[2026-05-20 05:25:35] INFO (NNIManager) NNIManager received command from dispatcher: TR, {"parameter_id": 31, "parameter_source": "algorithm", "parameters": {"model_type": "LSTM", "units": 32, "num_layers": 2, "dropout": 0, "activation": "relu", "lr": 0.00032884777329974, "window_size": 13, "batch_size": 32, "epochs": 10, "kernel_size": 7, "attention_heads": 8}, "parameter_index": 0}
[2026-05-20 05:25:36] INFO (NNIManager) submitTrialJob: form: {
  sequenceId: 31,
  hyperParameters: {
    value: '{"parameter_id": 31, "parameter_source": "algorithm", "parameters": {"model_type": "LSTM", "units": 32, "num_layers": 2, "dropout": 0, "activation": "relu", "lr": 0.00032884777329974, "window_size": 13, "batch_size": 32, "epochs": 10, "kernel_size": 7, "attention_heads": 8}, "parameter_index": 0}',
    index: 0
  },
  placementConstraint: { type: 'None', gpus: [] }
}
[2026-05-20 05:25:36] INFO (LocalV3.local) Created trial JQVPI
[2026-05-20 05:25:38] INFO (LocalV3.local) Trial parameter: JQVPI {"parameter_id": 31, "parameter_source": "algorithm", "parameters": {"model_type": "LSTM", "units": 32, "num_layers": 2, "dropout": 0, "activation": "relu", "lr": 0.00032884777329974, "window_size": 13, "batch_size": 32, "epochs": 10, "kernel_size": 7, "attention_heads": 8}, "parameter_index": 0}
[2026-05-20 05:25:54] INFO (NNIManager) Trial job JQVPI status changed from RUNNING to SUCCEEDED
[2026-05-20 05:25:54] INFO (NNIManager) NNIManager received command from dispatcher: TR, {"parameter_id": 32, "parameter_source": "algorithm", "parameters": {"model_type": "LSTM", "units": 64, "num_layers": 2, "dropout": 0.5, "activation": "relu", "lr": 0.00046394090266002494, "window_size": 6, "batch_size": 32, "epochs": 10, "kernel_size": 3, "attention_heads": 8}, "parameter_index": 0}
[2026-05-20 05:25:54] INFO (NNIManager) submitTrialJob: form: {
  sequenceId: 32,
  hyperParameters: {
    value: '{"parameter_id": 32, "parameter_source": "algorithm", "parameters": {"model_type": "LSTM", "units": 64, "num_layers": 2, "dropout": 0.5, "activation": "relu", "lr": 0.00046394090266002494, "window_size": 6, "batch_size": 32, "epochs": 10, "kernel_size": 3, "attention_heads": 8}, "parameter_index": 0}',
    index: 0
  },
  placementConstraint: { type: 'None', gpus: [] }
}
[2026-05-20 05:25:54] INFO (LocalV3.local) Created trial iJWXK
[2026-05-20 05:25:56] INFO (LocalV3.local) Trial parameter: iJWXK {"parameter_id": 32, "parameter_source": "algorithm", "parameters": {"model_type": "LSTM", "units": 64, "num_layers": 2, "dropout": 0.5, "activation": "relu", "lr": 0.00046394090266002494, "window_size": 6, "batch_size": 32, "epochs": 10, "kernel_size": 3, "attention_heads": 8}, "parameter_index": 0}
[2026-05-20 05:26:11] INFO (NNIManager) Trial job iJWXK status changed from RUNNING to SUCCEEDED
[2026-05-20 05:26:11] INFO (NNIManager) NNIManager received command from dispatcher: TR, {"parameter_id": 33, "parameter_source": "algorithm", "parameters": {"model_type": "LSTM", "units": 32, "num_layers": 2, "dropout": 0.5, "activation": "relu", "lr": 0.00024016751977038402, "window_size": 6, "batch_size": 32, "epochs": 10, "kernel_size": 3, "attention_heads": 4}, "parameter_index": 0}
[2026-05-20 05:26:11] INFO (NNIManager) submitTrialJob: form: {
  sequenceId: 33,
  hyperParameters: {
    value: '{"parameter_id": 33, "parameter_source": "algorithm", "parameters": {"model_type": "LSTM", "units": 32, "num_layers": 2, "dropout": 0.5, "activation": "relu", "lr": 0.00024016751977038402, "window_size": 6, "batch_size": 32, "epochs": 10, "kernel_size": 3, "attention_heads": 4}, "parameter_index": 0}',
    index: 0
  },
  placementConstraint: { type: 'None', gpus: [] }
}
[2026-05-20 05:26:11] INFO (LocalV3.local) Created trial PCi7D
[2026-05-20 05:26:13] INFO (LocalV3.local) Trial parameter: PCi7D {"parameter_id": 33, "parameter_source": "algorithm", "parameters": {"model_type": "LSTM", "units": 32, "num_layers": 2, "dropout": 0.5, "activation": "relu", "lr": 0.00024016751977038402, "window_size": 6, "batch_size": 32, "epochs": 10, "kernel_size": 3, "attention_heads": 4}, "parameter_index": 0}
[2026-05-20 05:26:26] INFO (NNIManager) Trial job PCi7D status changed from RUNNING to SUCCEEDED
[2026-05-20 05:26:26] INFO (NNIManager) NNIManager received command from dispatcher: TR, {"parameter_id": 34, "parameter_source": "algorithm", "parameters": {"model_type": "GRU", "units": 64, "num_layers": 4, "dropout": 0, "activation": "tanh", "lr": 0.0007602932237184092, "window_size": 27, "batch_size": 64, "epochs": 5, "kernel_size": 2, "attention_heads": 2}, "parameter_index": 0}
[2026-05-20 05:26:26] INFO (NNIManager) submitTrialJob: form: {
  sequenceId: 34,
  hyperParameters: {
    value: '{"parameter_id": 34, "parameter_source": "algorithm", "parameters": {"model_type": "GRU", "units": 64, "num_layers": 4, "dropout": 0, "activation": "tanh", "lr": 0.0007602932237184092, "window_size": 27, "batch_size": 64, "epochs": 5, "kernel_size": 2, "attention_heads": 2}, "parameter_index": 0}',
    index: 0
  },
  placementConstraint: { type: 'None', gpus: [] }
}
[2026-05-20 05:26:26] INFO (LocalV3.local) Created trial iId9Y
[2026-05-20 05:26:28] INFO (LocalV3.local) Trial parameter: iId9Y {"parameter_id": 34, "parameter_source": "algorithm", "parameters": {"model_type": "GRU", "units": 64, "num_layers": 4, "dropout": 0, "activation": "tanh", "lr": 0.0007602932237184092, "window_size": 27, "batch_size": 64, "epochs": 5, "kernel_size": 2, "attention_heads": 2}, "parameter_index": 0}
[2026-05-20 05:26:52] INFO (NNIManager) Trial job iId9Y status changed from RUNNING to SUCCEEDED
[2026-05-20 05:26:52] INFO (NNIManager) NNIManager received command from dispatcher: TR, {"parameter_id": 35, "parameter_source": "algorithm", "parameters": {"model_type": "CNN", "units": 64, "num_layers": 4, "dropout": 0, "activation": "tanh", "lr": 0.0004903599634455906, "window_size": 27, "batch_size": 64, "epochs": 20, "kernel_size": 7, "attention_heads": 2}, "parameter_index": 0}
[2026-05-20 05:26:52] INFO (NNIManager) submitTrialJob: form: {
  sequenceId: 35,
  hyperParameters: {
    value: '{"parameter_id": 35, "parameter_source": "algorithm", "parameters": {"model_type": "CNN", "units": 64, "num_layers": 4, "dropout": 0, "activation": "tanh", "lr": 0.0004903599634455906, "window_size": 27, "batch_size": 64, "epochs": 20, "kernel_size": 7, "attention_heads": 2}, "parameter_index": 0}',
    index: 0
  },
  placementConstraint: { type: 'None', gpus: [] }
}
[2026-05-20 05:26:52] INFO (LocalV3.local) Created trial tdc2a
[2026-05-20 05:26:54] INFO (LocalV3.local) Trial parameter: tdc2a {"parameter_id": 35, "parameter_source": "algorithm", "parameters": {"model_type": "CNN", "units": 64, "num_layers": 4, "dropout": 0, "activation": "tanh", "lr": 0.0004903599634455906, "window_size": 27, "batch_size": 64, "epochs": 20, "kernel_size": 7, "attention_heads": 2}, "parameter_index": 0}
[2026-05-20 05:27:09] INFO (NNIManager) Trial job tdc2a status changed from RUNNING to SUCCEEDED
[2026-05-20 05:27:09] INFO (NNIManager) NNIManager received command from dispatcher: TR, {"parameter_id": 36, "parameter_source": "algorithm", "parameters": {"model_type": "GRU", "units": 16, "num_layers": 4, "dropout": 0, "activation": "tanh", "lr": 0.0008300191921595891, "window_size": 27, "batch_size": 32, "epochs": 5, "kernel_size": 7, "attention_heads": 2}, "parameter_index": 0}
[2026-05-20 05:27:09] INFO (NNIManager) submitTrialJob: form: {
  sequenceId: 36,
  hyperParameters: {
    value: '{"parameter_id": 36, "parameter_source": "algorithm", "parameters": {"model_type": "GRU", "units": 16, "num_layers": 4, "dropout": 0, "activation": "tanh", "lr": 0.0008300191921595891, "window_size": 27, "batch_size": 32, "epochs": 5, "kernel_size": 7, "attention_heads": 2}, "parameter_index": 0}',
    index: 0
  },
  placementConstraint: { type: 'None', gpus: [] }
}
[2026-05-20 05:27:09] INFO (LocalV3.local) Created trial xGJpf
[2026-05-20 05:27:11] INFO (LocalV3.local) Trial parameter: xGJpf {"parameter_id": 36, "parameter_source": "algorithm", "parameters": {"model_type": "GRU", "units": 16, "num_layers": 4, "dropout": 0, "activation": "tanh", "lr": 0.0008300191921595891, "window_size": 27, "batch_size": 32, "epochs": 5, "kernel_size": 7, "attention_heads": 2}, "parameter_index": 0}
[2026-05-20 05:27:37] INFO (NNIManager) Trial job xGJpf status changed from RUNNING to SUCCEEDED
[2026-05-20 05:27:37] INFO (NNIManager) NNIManager received command from dispatcher: TR, {"parameter_id": 37, "parameter_source": "algorithm", "parameters": {"model_type": "LSTM", "units": 16, "num_layers": 2, "dropout": 0, "activation": "relu", "lr": 0.0002992825782855129, "window_size": 25, "batch_size": 64, "epochs": 5, "kernel_size": 5, "attention_heads": 2}, "parameter_index": 0}
[2026-05-20 05:27:38] INFO (NNIManager) submitTrialJob: form: {
  sequenceId: 37,
  hyperParameters: {
    value: '{"parameter_id": 37, "parameter_source": "algorithm", "parameters": {"model_type": "LSTM", "units": 16, "num_layers": 2, "dropout": 0, "activation": "relu", "lr": 0.0002992825782855129, "window_size": 25, "batch_size": 64, "epochs": 5, "kernel_size": 5, "attention_heads": 2}, "parameter_index": 0}',
    index: 0
  },
  placementConstraint: { type: 'None', gpus: [] }
}
[2026-05-20 05:27:38] INFO (LocalV3.local) Created trial y9HxF
[2026-05-20 05:27:39] INFO (LocalV3.local) Trial parameter: y9HxF {"parameter_id": 37, "parameter_source": "algorithm", "parameters": {"model_type": "LSTM", "units": 16, "num_layers": 2, "dropout": 0, "activation": "relu", "lr": 0.0002992825782855129, "window_size": 25, "batch_size": 64, "epochs": 5, "kernel_size": 5, "attention_heads": 2}, "parameter_index": 0}
[2026-05-20 05:27:48] INFO (NNIManager) Trial job y9HxF status changed from RUNNING to SUCCEEDED
[2026-05-20 05:27:48] INFO (NNIManager) NNIManager received command from dispatcher: TR, {"parameter_id": 38, "parameter_source": "algorithm", "parameters": {"model_type": "TCN", "units": 64, "num_layers": 4, "dropout": 0, "activation": "tanh", "lr": 0.0005092676650257716, "window_size": 27, "batch_size": 32, "epochs": 5, "kernel_size": 7, "attention_heads": 2}, "parameter_index": 0}
[2026-05-20 05:27:49] INFO (NNIManager) submitTrialJob: form: {
  sequenceId: 38,
  hyperParameters: {
    value: '{"parameter_id": 38, "parameter_source": "algorithm", "parameters": {"model_type": "TCN", "units": 64, "num_layers": 4, "dropout": 0, "activation": "tanh", "lr": 0.0005092676650257716, "window_size": 27, "batch_size": 32, "epochs": 5, "kernel_size": 7, "attention_heads": 2}, "parameter_index": 0}',
    index: 0
  },
  placementConstraint: { type: 'None', gpus: [] }
}
[2026-05-20 05:27:49] INFO (LocalV3.local) Created trial Nr4Ss
[2026-05-20 05:27:50] INFO (LocalV3.local) Trial parameter: Nr4Ss {"parameter_id": 38, "parameter_source": "algorithm", "parameters": {"model_type": "TCN", "units": 64, "num_layers": 4, "dropout": 0, "activation": "tanh", "lr": 0.0005092676650257716, "window_size": 27, "batch_size": 32, "epochs": 5, "kernel_size": 7, "attention_heads": 2}, "parameter_index": 0}
[2026-05-20 05:27:58] INFO (NNIManager) Trial job Nr4Ss status changed from RUNNING to SUCCEEDED
[2026-05-20 05:27:58] INFO (NNIManager) NNIManager received command from dispatcher: TR, {"parameter_id": 39, "parameter_source": "algorithm", "parameters": {"model_type": "RNN", "units": 32, "num_layers": 2, "dropout": 0.1, "activation": "relu", "lr": 0.0015053153694697238, "window_size": 6, "batch_size": 32, "epochs": 10, "kernel_size": 7, "attention_heads": 8}, "parameter_index": 0}
[2026-05-20 05:27:59] INFO (NNIManager) submitTrialJob: form: {
  sequenceId: 39,
  hyperParameters: {
    value: '{"parameter_id": 39, "parameter_source": "algorithm", "parameters": {"model_type": "RNN", "units": 32, "num_layers": 2, "dropout": 0.1, "activation": "relu", "lr": 0.0015053153694697238, "window_size": 6, "batch_size": 32, "epochs": 10, "kernel_size": 7, "attention_heads": 8}, "parameter_index": 0}',
    index: 0
  },
  placementConstraint: { type: 'None', gpus: [] }
}
[2026-05-20 05:27:59] INFO (LocalV3.local) Created trial yiGZo
[2026-05-20 05:28:01] INFO (LocalV3.local) Trial parameter: yiGZo {"parameter_id": 39, "parameter_source": "algorithm", "parameters": {"model_type": "RNN", "units": 32, "num_layers": 2, "dropout": 0.1, "activation": "relu", "lr": 0.0015053153694697238, "window_size": 6, "batch_size": 32, "epochs": 10, "kernel_size": 7, "attention_heads": 8}, "parameter_index": 0}
[2026-05-20 05:28:08] INFO (NNIManager) Trial job yiGZo status changed from RUNNING to SUCCEEDED
[2026-05-20 05:28:08] INFO (NNIManager) NNIManager received command from dispatcher: TR, {"parameter_id": 40, "parameter_source": "algorithm", "parameters": {"model_type": "GRU", "units": 64, "num_layers": 4, "dropout": 0, "activation": "tanh", "lr": 0.0016718943671652478, "window_size": 27, "batch_size": 64, "epochs": 5, "kernel_size": 7, "attention_heads": 2}, "parameter_index": 0}
[2026-05-20 05:28:08] INFO (NNIManager) submitTrialJob: form: {
  sequenceId: 40,
  hyperParameters: {
    value: '{"parameter_id": 40, "parameter_source": "algorithm", "parameters": {"model_type": "GRU", "units": 64, "num_layers": 4, "dropout": 0, "activation": "tanh", "lr": 0.0016718943671652478, "window_size": 27, "batch_size": 64, "epochs": 5, "kernel_size": 7, "attention_heads": 2}, "parameter_index": 0}',
    index: 0
  },
  placementConstraint: { type: 'None', gpus: [] }
}
[2026-05-20 05:28:08] INFO (LocalV3.local) Created trial v8ite
[2026-05-20 05:28:10] INFO (LocalV3.local) Trial parameter: v8ite {"parameter_id": 40, "parameter_source": "algorithm", "parameters": {"model_type": "GRU", "units": 64, "num_layers": 4, "dropout": 0, "activation": "tanh", "lr": 0.0016718943671652478, "window_size": 27, "batch_size": 64, "epochs": 5, "kernel_size": 7, "attention_heads": 2}, "parameter_index": 0}
[2026-05-20 05:28:34] INFO (NNIManager) Trial job v8ite status changed from RUNNING to SUCCEEDED
[2026-05-20 05:28:34] INFO (NNIManager) NNIManager received command from dispatcher: TR, {"parameter_id": 41, "parameter_source": "algorithm", "parameters": {"model_type": "LSTM", "units": 64, "num_layers": 2, "dropout": 0, "activation": "relu", "lr": 0.00031438861358243895, "window_size": 25, "batch_size": 64, "epochs": 15, "kernel_size": 5, "attention_heads": 2}, "parameter_index": 0}
[2026-05-20 05:28:35] INFO (NNIManager) submitTrialJob: form: {
  sequenceId: 41,
  hyperParameters: {
    value: '{"parameter_id": 41, "parameter_source": "algorithm", "parameters": {"model_type": "LSTM", "units": 64, "num_layers": 2, "dropout": 0, "activation": "relu", "lr": 0.00031438861358243895, "window_size": 25, "batch_size": 64, "epochs": 15, "kernel_size": 5, "attention_heads": 2}, "parameter_index": 0}',
    index: 0
  },
  placementConstraint: { type: 'None', gpus: [] }
}
[2026-05-20 05:28:35] INFO (LocalV3.local) Created trial x1hVm
[2026-05-20 05:28:37] INFO (LocalV3.local) Trial parameter: x1hVm {"parameter_id": 41, "parameter_source": "algorithm", "parameters": {"model_type": "LSTM", "units": 64, "num_layers": 2, "dropout": 0, "activation": "relu", "lr": 0.00031438861358243895, "window_size": 25, "batch_size": 64, "epochs": 15, "kernel_size": 5, "attention_heads": 2}, "parameter_index": 0}
[2026-05-20 05:29:07] INFO (NNIManager) Trial job x1hVm status changed from RUNNING to SUCCEEDED
[2026-05-20 05:29:07] INFO (NNIManager) NNIManager received command from dispatcher: TR, {"parameter_id": 42, "parameter_source": "algorithm", "parameters": {"model_type": "MLP", "units": 128, "num_layers": 2, "dropout": 0.2, "activation": "tanh", "lr": 0.0009121979213766743, "window_size": 27, "batch_size": 128, "epochs": 15, "kernel_size": 7, "attention_heads": 2}, "parameter_index": 0}
[2026-05-20 05:29:07] INFO (NNIManager) submitTrialJob: form: {
  sequenceId: 42,
  hyperParameters: {
    value: '{"parameter_id": 42, "parameter_source": "algorithm", "parameters": {"model_type": "MLP", "units": 128, "num_layers": 2, "dropout": 0.2, "activation": "tanh", "lr": 0.0009121979213766743, "window_size": 27, "batch_size": 128, "epochs": 15, "kernel_size": 7, "attention_heads": 2}, "parameter_index": 0}',
    index: 0
  },
  placementConstraint: { type: 'None', gpus: [] }
}
[2026-05-20 05:29:07] INFO (LocalV3.local) Created trial EmNoF
[2026-05-20 05:29:09] INFO (LocalV3.local) Trial parameter: EmNoF {"parameter_id": 42, "parameter_source": "algorithm", "parameters": {"model_type": "MLP", "units": 128, "num_layers": 2, "dropout": 0.2, "activation": "tanh", "lr": 0.0009121979213766743, "window_size": 27, "batch_size": 128, "epochs": 15, "kernel_size": 7, "attention_heads": 2}, "parameter_index": 0}
[2026-05-20 05:29:13] INFO (NNIManager) Trial job EmNoF status changed from RUNNING to SUCCEEDED
[2026-05-20 05:29:13] INFO (NNIManager) NNIManager received command from dispatcher: TR, {"parameter_id": 43, "parameter_source": "algorithm", "parameters": {"model_type": "GRU", "units": 64, "num_layers": 4, "dropout": 0, "activation": "tanh", "lr": 0.0012729135168117762, "window_size": 27, "batch_size": 128, "epochs": 5, "kernel_size": 7, "attention_heads": 2}, "parameter_index": 0}
[2026-05-20 05:29:13] INFO (NNIManager) submitTrialJob: form: {
  sequenceId: 43,
  hyperParameters: {
    value: '{"parameter_id": 43, "parameter_source": "algorithm", "parameters": {"model_type": "GRU", "units": 64, "num_layers": 4, "dropout": 0, "activation": "tanh", "lr": 0.0012729135168117762, "window_size": 27, "batch_size": 128, "epochs": 5, "kernel_size": 7, "attention_heads": 2}, "parameter_index": 0}',
    index: 0
  },
  placementConstraint: { type: 'None', gpus: [] }
}
[2026-05-20 05:29:13] INFO (LocalV3.local) Created trial AVDKR
[2026-05-20 05:29:15] INFO (LocalV3.local) Trial parameter: AVDKR {"parameter_id": 43, "parameter_source": "algorithm", "parameters": {"model_type": "GRU", "units": 64, "num_layers": 4, "dropout": 0, "activation": "tanh", "lr": 0.0012729135168117762, "window_size": 27, "batch_size": 128, "epochs": 5, "kernel_size": 7, "attention_heads": 2}, "parameter_index": 0}
[2026-05-20 05:29:34] INFO (NNIManager) Trial job AVDKR status changed from RUNNING to SUCCEEDED
[2026-05-20 05:29:34] INFO (NNIManager) NNIManager received command from dispatcher: TR, {"parameter_id": 44, "parameter_source": "algorithm", "parameters": {"model_type": "GRU", "units": 64, "num_layers": 4, "dropout": 0, "activation": "tanh", "lr": 0.000492986839637912, "window_size": 27, "batch_size": 32, "epochs": 5, "kernel_size": 3, "attention_heads": 2}, "parameter_index": 0}
[2026-05-20 05:29:35] INFO (NNIManager) submitTrialJob: form: {
  sequenceId: 44,
  hyperParameters: {
    value: '{"parameter_id": 44, "parameter_source": "algorithm", "parameters": {"model_type": "GRU", "units": 64, "num_layers": 4, "dropout": 0, "activation": "tanh", "lr": 0.000492986839637912, "window_size": 27, "batch_size": 32, "epochs": 5, "kernel_size": 3, "attention_heads": 2}, "parameter_index": 0}',
    index: 0
  },
  placementConstraint: { type: 'None', gpus: [] }
}
[2026-05-20 05:29:35] INFO (LocalV3.local) Created trial VRJEy
[2026-05-20 05:29:37] INFO (LocalV3.local) Trial parameter: VRJEy {"parameter_id": 44, "parameter_source": "algorithm", "parameters": {"model_type": "GRU", "units": 64, "num_layers": 4, "dropout": 0, "activation": "tanh", "lr": 0.000492986839637912, "window_size": 27, "batch_size": 32, "epochs": 5, "kernel_size": 3, "attention_heads": 2}, "parameter_index": 0}
[2026-05-20 05:30:08] INFO (NNIManager) Trial job VRJEy status changed from RUNNING to SUCCEEDED
[2026-05-20 05:30:08] INFO (NNIManager) NNIManager received command from dispatcher: TR, {"parameter_id": 45, "parameter_source": "algorithm", "parameters": {"model_type": "GRU", "units": 64, "num_layers": 4, "dropout": 0, "activation": "tanh", "lr": 0.001214812031144004, "window_size": 20, "batch_size": 64, "epochs": 5, "kernel_size": 7, "attention_heads": 2}, "parameter_index": 0}
[2026-05-20 05:30:08] INFO (NNIManager) submitTrialJob: form: {
  sequenceId: 45,
  hyperParameters: {
    value: '{"parameter_id": 45, "parameter_source": "algorithm", "parameters": {"model_type": "GRU", "units": 64, "num_layers": 4, "dropout": 0, "activation": "tanh", "lr": 0.001214812031144004, "window_size": 20, "batch_size": 64, "epochs": 5, "kernel_size": 7, "attention_heads": 2}, "parameter_index": 0}',
    index: 0
  },
  placementConstraint: { type: 'None', gpus: [] }
}
[2026-05-20 05:30:08] INFO (LocalV3.local) Created trial TmQKs
[2026-05-20 05:30:10] INFO (LocalV3.local) Trial parameter: TmQKs {"parameter_id": 45, "parameter_source": "algorithm", "parameters": {"model_type": "GRU", "units": 64, "num_layers": 4, "dropout": 0, "activation": "tanh", "lr": 0.001214812031144004, "window_size": 20, "batch_size": 64, "epochs": 5, "kernel_size": 7, "attention_heads": 2}, "parameter_index": 0}
[2026-05-20 05:30:31] INFO (NNIManager) Trial job TmQKs status changed from RUNNING to SUCCEEDED
[2026-05-20 05:30:31] INFO (NNIManager) NNIManager received command from dispatcher: TR, {"parameter_id": 46, "parameter_source": "algorithm", "parameters": {"model_type": "GRU", "units": 64, "num_layers": 4, "dropout": 0.2, "activation": "tanh", "lr": 0.0006519317169655831, "window_size": 27, "batch_size": 64, "epochs": 5, "kernel_size": 7, "attention_heads": 2}, "parameter_index": 0}
[2026-05-20 05:30:31] INFO (NNIManager) submitTrialJob: form: {
  sequenceId: 46,
  hyperParameters: {
    value: '{"parameter_id": 46, "parameter_source": "algorithm", "parameters": {"model_type": "GRU", "units": 64, "num_layers": 4, "dropout": 0.2, "activation": "tanh", "lr": 0.0006519317169655831, "window_size": 27, "batch_size": 64, "epochs": 5, "kernel_size": 7, "attention_heads": 2}, "parameter_index": 0}',
    index: 0
  },
  placementConstraint: { type: 'None', gpus: [] }
}
[2026-05-20 05:30:31] INFO (LocalV3.local) Created trial MXt20
[2026-05-20 05:30:33] INFO (LocalV3.local) Trial parameter: MXt20 {"parameter_id": 46, "parameter_source": "algorithm", "parameters": {"model_type": "GRU", "units": 64, "num_layers": 4, "dropout": 0.2, "activation": "tanh", "lr": 0.0006519317169655831, "window_size": 27, "batch_size": 64, "epochs": 5, "kernel_size": 7, "attention_heads": 2}, "parameter_index": 0}
[2026-05-20 05:30:58] INFO (NNIManager) Trial job MXt20 status changed from RUNNING to SUCCEEDED
[2026-05-20 05:30:58] INFO (NNIManager) NNIManager received command from dispatcher: TR, {"parameter_id": 47, "parameter_source": "algorithm", "parameters": {"model_type": "GRU", "units": 64, "num_layers": 4, "dropout": 0, "activation": "elu", "lr": 0.001117246134728166, "window_size": 27, "batch_size": 64, "epochs": 5, "kernel_size": 7, "attention_heads": 2}, "parameter_index": 0}
[2026-05-20 05:30:58] INFO (NNIManager) submitTrialJob: form: {
  sequenceId: 47,
  hyperParameters: {
    value: '{"parameter_id": 47, "parameter_source": "algorithm", "parameters": {"model_type": "GRU", "units": 64, "num_layers": 4, "dropout": 0, "activation": "elu", "lr": 0.001117246134728166, "window_size": 27, "batch_size": 64, "epochs": 5, "kernel_size": 7, "attention_heads": 2}, "parameter_index": 0}',
    index: 0
  },
  placementConstraint: { type: 'None', gpus: [] }
}
[2026-05-20 05:30:58] INFO (LocalV3.local) Created trial PfCXH
[2026-05-20 05:31:00] INFO (LocalV3.local) Trial parameter: PfCXH {"parameter_id": 47, "parameter_source": "algorithm", "parameters": {"model_type": "GRU", "units": 64, "num_layers": 4, "dropout": 0, "activation": "elu", "lr": 0.001117246134728166, "window_size": 27, "batch_size": 64, "epochs": 5, "kernel_size": 7, "attention_heads": 2}, "parameter_index": 0}
[2026-05-20 05:31:24] INFO (NNIManager) Trial job PfCXH status changed from RUNNING to SUCCEEDED
[2026-05-20 05:31:24] INFO (NNIManager) NNIManager received command from dispatcher: TR, {"parameter_id": 48, "parameter_source": "algorithm", "parameters": {"model_type": "GRU", "units": 64, "num_layers": 4, "dropout": 0, "activation": "tanh", "lr": 0.0014828726799378435, "window_size": 27, "batch_size": 64, "epochs": 5, "kernel_size": 7, "attention_heads": 2}, "parameter_index": 0}
[2026-05-20 05:31:24] INFO (NNIManager) submitTrialJob: form: {
  sequenceId: 48,
  hyperParameters: {
    value: '{"parameter_id": 48, "parameter_source": "algorithm", "parameters": {"model_type": "GRU", "units": 64, "num_layers": 4, "dropout": 0, "activation": "tanh", "lr": 0.0014828726799378435, "window_size": 27, "batch_size": 64, "epochs": 5, "kernel_size": 7, "attention_heads": 2}, "parameter_index": 0}',
    index: 0
  },
  placementConstraint: { type: 'None', gpus: [] }
}
[2026-05-20 05:31:24] INFO (LocalV3.local) Created trial OsVb6
[2026-05-20 05:31:26] INFO (LocalV3.local) Trial parameter: OsVb6 {"parameter_id": 48, "parameter_source": "algorithm", "parameters": {"model_type": "GRU", "units": 64, "num_layers": 4, "dropout": 0, "activation": "tanh", "lr": 0.0014828726799378435, "window_size": 27, "batch_size": 64, "epochs": 5, "kernel_size": 7, "attention_heads": 2}, "parameter_index": 0}
[2026-05-20 05:31:50] INFO (NNIManager) Trial job OsVb6 status changed from RUNNING to SUCCEEDED
[2026-05-20 05:31:50] INFO (NNIManager) NNIManager received command from dispatcher: TR, {"parameter_id": 49, "parameter_source": "algorithm", "parameters": {"model_type": "GRU", "units": 64, "num_layers": 4, "dropout": 0, "activation": "tanh", "lr": 0.0009794905731682216, "window_size": 27, "batch_size": 64, "epochs": 5, "kernel_size": 7, "attention_heads": 2}, "parameter_index": 0}
[2026-05-20 05:31:51] INFO (NNIManager) submitTrialJob: form: {
  sequenceId: 49,
  hyperParameters: {
    value: '{"parameter_id": 49, "parameter_source": "algorithm", "parameters": {"model_type": "GRU", "units": 64, "num_layers": 4, "dropout": 0, "activation": "tanh", "lr": 0.0009794905731682216, "window_size": 27, "batch_size": 64, "epochs": 5, "kernel_size": 7, "attention_heads": 2}, "parameter_index": 0}',
    index: 0
  },
  placementConstraint: { type: 'None', gpus: [] }
}
[2026-05-20 05:31:51] INFO (LocalV3.local) Created trial knWW0
[2026-05-20 05:31:52] INFO (LocalV3.local) Trial parameter: knWW0 {"parameter_id": 49, "parameter_source": "algorithm", "parameters": {"model_type": "GRU", "units": 64, "num_layers": 4, "dropout": 0, "activation": "tanh", "lr": 0.0009794905731682216, "window_size": 27, "batch_size": 64, "epochs": 5, "kernel_size": 7, "attention_heads": 2}, "parameter_index": 0}
[2026-05-20 05:32:17] INFO (NNIManager) Trial job knWW0 status changed from RUNNING to SUCCEEDED
[2026-05-20 05:32:17] INFO (NNIManager) NNIManager received command from dispatcher: TR, {"parameter_id": 50, "parameter_source": "algorithm", "parameters": {"model_type": "GRU", "units": 64, "num_layers": 4, "dropout": 0, "activation": "tanh", "lr": 0.0008792253623473967, "window_size": 27, "batch_size": 64, "epochs": 5, "kernel_size": 7, "attention_heads": 2}, "parameter_index": 0}
[2026-05-20 05:32:17] INFO (NNIManager) submitTrialJob: form: {
  sequenceId: 50,
  hyperParameters: {
    value: '{"parameter_id": 50, "parameter_source": "algorithm", "parameters": {"model_type": "GRU", "units": 64, "num_layers": 4, "dropout": 0, "activation": "tanh", "lr": 0.0008792253623473967, "window_size": 27, "batch_size": 64, "epochs": 5, "kernel_size": 7, "attention_heads": 2}, "parameter_index": 0}',
    index: 0
  },
  placementConstraint: { type: 'None', gpus: [] }
}
[2026-05-20 05:32:17] INFO (LocalV3.local) Created trial bvyNX
[2026-05-20 05:32:19] INFO (LocalV3.local) Trial parameter: bvyNX {"parameter_id": 50, "parameter_source": "algorithm", "parameters": {"model_type": "GRU", "units": 64, "num_layers": 4, "dropout": 0, "activation": "tanh", "lr": 0.0008792253623473967, "window_size": 27, "batch_size": 64, "epochs": 5, "kernel_size": 7, "attention_heads": 2}, "parameter_index": 0}
[2026-05-20 05:32:43] INFO (NNIManager) Trial job bvyNX status changed from RUNNING to SUCCEEDED
[2026-05-20 05:32:43] INFO (NNIManager) NNIManager received command from dispatcher: TR, {"parameter_id": 51, "parameter_source": "algorithm", "parameters": {"model_type": "LSTM", "units": 64, "num_layers": 1, "dropout": 0.5, "activation": "relu", "lr": 0.0002792081996250466, "window_size": 14, "batch_size": 32, "epochs": 10, "kernel_size": 3, "attention_heads": 8}, "parameter_index": 0}
[2026-05-20 05:32:44] INFO (NNIManager) submitTrialJob: form: {
  sequenceId: 51,
  hyperParameters: {
    value: '{"parameter_id": 51, "parameter_source": "algorithm", "parameters": {"model_type": "LSTM", "units": 64, "num_layers": 1, "dropout": 0.5, "activation": "relu", "lr": 0.0002792081996250466, "window_size": 14, "batch_size": 32, "epochs": 10, "kernel_size": 3, "attention_heads": 8}, "parameter_index": 0}',
    index: 0
  },
  placementConstraint: { type: 'None', gpus: [] }
}
[2026-05-20 05:32:44] INFO (LocalV3.local) Created trial o1ly0
[2026-05-20 05:32:46] INFO (LocalV3.local) Trial parameter: o1ly0 {"parameter_id": 51, "parameter_source": "algorithm", "parameters": {"model_type": "LSTM", "units": 64, "num_layers": 1, "dropout": 0.5, "activation": "relu", "lr": 0.0002792081996250466, "window_size": 14, "batch_size": 32, "epochs": 10, "kernel_size": 3, "attention_heads": 8}, "parameter_index": 0}
[2026-05-20 05:32:57] INFO (NNIManager) Trial job o1ly0 status changed from RUNNING to SUCCEEDED
[2026-05-20 05:32:57] INFO (NNIManager) NNIManager received command from dispatcher: TR, {"parameter_id": 52, "parameter_source": "algorithm", "parameters": {"model_type": "LSTM", "units": 64, "num_layers": 2, "dropout": 0.1, "activation": "relu", "lr": 0.0012376458146325696, "window_size": 6, "batch_size": 32, "epochs": 10, "kernel_size": 3, "attention_heads": 8}, "parameter_index": 0}
[2026-05-20 05:32:57] INFO (NNIManager) submitTrialJob: form: {
  sequenceId: 52,
  hyperParameters: {
    value: '{"parameter_id": 52, "parameter_source": "algorithm", "parameters": {"model_type": "LSTM", "units": 64, "num_layers": 2, "dropout": 0.1, "activation": "relu", "lr": 0.0012376458146325696, "window_size": 6, "batch_size": 32, "epochs": 10, "kernel_size": 3, "attention_heads": 8}, "parameter_index": 0}',
    index: 0
  },
  placementConstraint: { type: 'None', gpus: [] }
}
[2026-05-20 05:32:57] INFO (LocalV3.local) Created trial bRQR1
[2026-05-20 05:32:59] INFO (LocalV3.local) Trial parameter: bRQR1 {"parameter_id": 52, "parameter_source": "algorithm", "parameters": {"model_type": "LSTM", "units": 64, "num_layers": 2, "dropout": 0.1, "activation": "relu", "lr": 0.0012376458146325696, "window_size": 6, "batch_size": 32, "epochs": 10, "kernel_size": 3, "attention_heads": 8}, "parameter_index": 0}
[2026-05-20 05:33:14] INFO (NNIManager) Trial job bRQR1 status changed from RUNNING to SUCCEEDED
[2026-05-20 05:33:14] INFO (NNIManager) NNIManager received command from dispatcher: TR, {"parameter_id": 53, "parameter_source": "algorithm", "parameters": {"model_type": "GRU", "units": 64, "num_layers": 4, "dropout": 0.5, "activation": "tanh", "lr": 0.0010124506796268947, "window_size": 21, "batch_size": 128, "epochs": 5, "kernel_size": 7, "attention_heads": 2}, "parameter_index": 0}
[2026-05-20 05:33:14] INFO (NNIManager) submitTrialJob: form: {
  sequenceId: 53,
  hyperParameters: {
    value: '{"parameter_id": 53, "parameter_source": "algorithm", "parameters": {"model_type": "GRU", "units": 64, "num_layers": 4, "dropout": 0.5, "activation": "tanh", "lr": 0.0010124506796268947, "window_size": 21, "batch_size": 128, "epochs": 5, "kernel_size": 7, "attention_heads": 2}, "parameter_index": 0}',
    index: 0
  },
  placementConstraint: { type: 'None', gpus: [] }
}
[2026-05-20 05:33:14] INFO (LocalV3.local) Created trial zmAAp
[2026-05-20 05:33:16] INFO (LocalV3.local) Trial parameter: zmAAp {"parameter_id": 53, "parameter_source": "algorithm", "parameters": {"model_type": "GRU", "units": 64, "num_layers": 4, "dropout": 0.5, "activation": "tanh", "lr": 0.0010124506796268947, "window_size": 21, "batch_size": 128, "epochs": 5, "kernel_size": 7, "attention_heads": 2}, "parameter_index": 0}
[2026-05-20 05:33:33] INFO (NNIManager) Trial job zmAAp status changed from RUNNING to SUCCEEDED
[2026-05-20 05:33:33] INFO (NNIManager) NNIManager received command from dispatcher: TR, {"parameter_id": 54, "parameter_source": "algorithm", "parameters": {"model_type": "GRU", "units": 64, "num_layers": 4, "dropout": 0, "activation": "tanh", "lr": 0.00076804977799534, "window_size": 27, "batch_size": 64, "epochs": 5, "kernel_size": 7, "attention_heads": 2}, "parameter_index": 0}
[2026-05-20 05:33:34] INFO (NNIManager) submitTrialJob: form: {
  sequenceId: 54,
  hyperParameters: {
    value: '{"parameter_id": 54, "parameter_source": "algorithm", "parameters": {"model_type": "GRU", "units": 64, "num_layers": 4, "dropout": 0, "activation": "tanh", "lr": 0.00076804977799534, "window_size": 27, "batch_size": 64, "epochs": 5, "kernel_size": 7, "attention_heads": 2}, "parameter_index": 0}',
    index: 0
  },
  placementConstraint: { type: 'None', gpus: [] }
}
[2026-05-20 05:33:34] INFO (LocalV3.local) Created trial JhbDK
[2026-05-20 05:33:36] INFO (LocalV3.local) Trial parameter: JhbDK {"parameter_id": 54, "parameter_source": "algorithm", "parameters": {"model_type": "GRU", "units": 64, "num_layers": 4, "dropout": 0, "activation": "tanh", "lr": 0.00076804977799534, "window_size": 27, "batch_size": 64, "epochs": 5, "kernel_size": 7, "attention_heads": 2}, "parameter_index": 0}
[2026-05-20 05:34:00] INFO (NNIManager) Trial job JhbDK status changed from RUNNING to SUCCEEDED
[2026-05-20 05:34:00] INFO (NNIManager) NNIManager received command from dispatcher: TR, {"parameter_id": 55, "parameter_source": "algorithm", "parameters": {"model_type": "LSTM", "units": 64, "num_layers": 2, "dropout": 0.1, "activation": "relu", "lr": 0.001058257963978301, "window_size": 11, "batch_size": 32, "epochs": 10, "kernel_size": 3, "attention_heads": 8}, "parameter_index": 0}
[2026-05-20 05:34:00] INFO (NNIManager) submitTrialJob: form: {
  sequenceId: 55,
  hyperParameters: {
    value: '{"parameter_id": 55, "parameter_source": "algorithm", "parameters": {"model_type": "LSTM", "units": 64, "num_layers": 2, "dropout": 0.1, "activation": "relu", "lr": 0.001058257963978301, "window_size": 11, "batch_size": 32, "epochs": 10, "kernel_size": 3, "attention_heads": 8}, "parameter_index": 0}',
    index: 0
  },
  placementConstraint: { type: 'None', gpus: [] }
}
[2026-05-20 05:34:00] INFO (LocalV3.local) Created trial hKh73
[2026-05-20 05:34:02] INFO (LocalV3.local) Trial parameter: hKh73 {"parameter_id": 55, "parameter_source": "algorithm", "parameters": {"model_type": "LSTM", "units": 64, "num_layers": 2, "dropout": 0.1, "activation": "relu", "lr": 0.001058257963978301, "window_size": 11, "batch_size": 32, "epochs": 10, "kernel_size": 3, "attention_heads": 8}, "parameter_index": 0}
[2026-05-20 05:34:21] INFO (NNIManager) Trial job hKh73 status changed from RUNNING to SUCCEEDED
[2026-05-20 05:34:21] INFO (NNIManager) NNIManager received command from dispatcher: TR, {"parameter_id": 56, "parameter_source": "algorithm", "parameters": {"model_type": "LSTM", "units": 16, "num_layers": 2, "dropout": 0.1, "activation": "relu", "lr": 0.0002593946667194542, "window_size": 6, "batch_size": 32, "epochs": 10, "kernel_size": 3, "attention_heads": 8}, "parameter_index": 0}
[2026-05-20 05:34:22] INFO (NNIManager) submitTrialJob: form: {
  sequenceId: 56,
  hyperParameters: {
    value: '{"parameter_id": 56, "parameter_source": "algorithm", "parameters": {"model_type": "LSTM", "units": 16, "num_layers": 2, "dropout": 0.1, "activation": "relu", "lr": 0.0002593946667194542, "window_size": 6, "batch_size": 32, "epochs": 10, "kernel_size": 3, "attention_heads": 8}, "parameter_index": 0}',
    index: 0
  },
  placementConstraint: { type: 'None', gpus: [] }
}
[2026-05-20 05:34:22] INFO (LocalV3.local) Created trial YQjL2
[2026-05-20 05:34:24] INFO (LocalV3.local) Trial parameter: YQjL2 {"parameter_id": 56, "parameter_source": "algorithm", "parameters": {"model_type": "LSTM", "units": 16, "num_layers": 2, "dropout": 0.1, "activation": "relu", "lr": 0.0002593946667194542, "window_size": 6, "batch_size": 32, "epochs": 10, "kernel_size": 3, "attention_heads": 8}, "parameter_index": 0}
[2026-05-20 05:34:36] INFO (NNIManager) Trial job YQjL2 status changed from RUNNING to SUCCEEDED
[2026-05-20 05:34:36] INFO (NNIManager) NNIManager received command from dispatcher: TR, {"parameter_id": 57, "parameter_source": "algorithm", "parameters": {"model_type": "LSTM", "units": 64, "num_layers": 2, "dropout": 0.5, "activation": "relu", "lr": 0.0010585102617697482, "window_size": 6, "batch_size": 32, "epochs": 15, "kernel_size": 3, "attention_heads": 8}, "parameter_index": 0}
[2026-05-20 05:34:37] INFO (NNIManager) submitTrialJob: form: {
  sequenceId: 57,
  hyperParameters: {
    value: '{"parameter_id": 57, "parameter_source": "algorithm", "parameters": {"model_type": "LSTM", "units": 64, "num_layers": 2, "dropout": 0.5, "activation": "relu", "lr": 0.0010585102617697482, "window_size": 6, "batch_size": 32, "epochs": 15, "kernel_size": 3, "attention_heads": 8}, "parameter_index": 0}',
    index: 0
  },
  placementConstraint: { type: 'None', gpus: [] }
}
[2026-05-20 05:34:37] INFO (LocalV3.local) Created trial npspw
[2026-05-20 05:34:38] INFO (LocalV3.local) Trial parameter: npspw {"parameter_id": 57, "parameter_source": "algorithm", "parameters": {"model_type": "LSTM", "units": 64, "num_layers": 2, "dropout": 0.5, "activation": "relu", "lr": 0.0010585102617697482, "window_size": 6, "batch_size": 32, "epochs": 15, "kernel_size": 3, "attention_heads": 8}, "parameter_index": 0}
[2026-05-20 05:34:58] INFO (NNIManager) Trial job npspw status changed from RUNNING to SUCCEEDED
[2026-05-20 05:34:58] INFO (NNIManager) NNIManager received command from dispatcher: TR, {"parameter_id": 58, "parameter_source": "algorithm", "parameters": {"model_type": "GRU", "units": 64, "num_layers": 4, "dropout": 0, "activation": "tanh", "lr": 0.0010697006807212413, "window_size": 3, "batch_size": 64, "epochs": 15, "kernel_size": 7, "attention_heads": 2}, "parameter_index": 0}
[2026-05-20 05:34:59] INFO (NNIManager) submitTrialJob: form: {
  sequenceId: 58,
  hyperParameters: {
    value: '{"parameter_id": 58, "parameter_source": "algorithm", "parameters": {"model_type": "GRU", "units": 64, "num_layers": 4, "dropout": 0, "activation": "tanh", "lr": 0.0010697006807212413, "window_size": 3, "batch_size": 64, "epochs": 15, "kernel_size": 7, "attention_heads": 2}, "parameter_index": 0}',
    index: 0
  },
  placementConstraint: { type: 'None', gpus: [] }
}
[2026-05-20 05:34:59] INFO (LocalV3.local) Created trial ncNhr
[2026-05-20 05:35:00] INFO (LocalV3.local) Trial parameter: ncNhr {"parameter_id": 58, "parameter_source": "algorithm", "parameters": {"model_type": "GRU", "units": 64, "num_layers": 4, "dropout": 0, "activation": "tanh", "lr": 0.0010697006807212413, "window_size": 3, "batch_size": 64, "epochs": 15, "kernel_size": 7, "attention_heads": 2}, "parameter_index": 0}
[2026-05-20 05:35:19] INFO (NNIManager) Trial job ncNhr status changed from RUNNING to SUCCEEDED
[2026-05-20 05:35:19] INFO (NNIManager) NNIManager received command from dispatcher: TR, {"parameter_id": 59, "parameter_source": "algorithm", "parameters": {"model_type": "TCN", "units": 64, "num_layers": 2, "dropout": 0, "activation": "relu", "lr": 0.000331669070509555, "window_size": 25, "batch_size": 64, "epochs": 15, "kernel_size": 5, "attention_heads": 2}, "parameter_index": 0}
[2026-05-20 05:35:20] INFO (NNIManager) submitTrialJob: form: {
  sequenceId: 59,
  hyperParameters: {
    value: '{"parameter_id": 59, "parameter_source": "algorithm", "parameters": {"model_type": "TCN", "units": 64, "num_layers": 2, "dropout": 0, "activation": "relu", "lr": 0.000331669070509555, "window_size": 25, "batch_size": 64, "epochs": 15, "kernel_size": 5, "attention_heads": 2}, "parameter_index": 0}',
    index: 0
  },
  placementConstraint: { type: 'None', gpus: [] }
}
[2026-05-20 05:35:20] INFO (LocalV3.local) Created trial KYeGP
[2026-05-20 05:35:21] INFO (LocalV3.local) Trial parameter: KYeGP {"parameter_id": 59, "parameter_source": "algorithm", "parameters": {"model_type": "TCN", "units": 64, "num_layers": 2, "dropout": 0, "activation": "relu", "lr": 0.000331669070509555, "window_size": 25, "batch_size": 64, "epochs": 15, "kernel_size": 5, "attention_heads": 2}, "parameter_index": 0}
[2026-05-20 05:35:28] INFO (NNIManager) Trial job KYeGP status changed from RUNNING to SUCCEEDED
[2026-05-20 05:35:28] INFO (NNIManager) NNIManager received command from dispatcher: TR, {"parameter_id": 60, "parameter_source": "algorithm", "parameters": {"model_type": "LSTM", "units": 64, "num_layers": 2, "dropout": 0, "activation": "relu", "lr": 0.00022807720203693919, "window_size": 6, "batch_size": 16, "epochs": 10, "kernel_size": 3, "attention_heads": 2}, "parameter_index": 0}
[2026-05-20 05:35:28] INFO (NNIManager) submitTrialJob: form: {
  sequenceId: 60,
  hyperParameters: {
    value: '{"parameter_id": 60, "parameter_source": "algorithm", "parameters": {"model_type": "LSTM", "units": 64, "num_layers": 2, "dropout": 0, "activation": "relu", "lr": 0.00022807720203693919, "window_size": 6, "batch_size": 16, "epochs": 10, "kernel_size": 3, "attention_heads": 2}, "parameter_index": 0}',
    index: 0
  },
  placementConstraint: { type: 'None', gpus: [] }
}
[2026-05-20 05:35:28] INFO (LocalV3.local) Created trial SsECB
[2026-05-20 05:35:30] INFO (LocalV3.local) Trial parameter: SsECB {"parameter_id": 60, "parameter_source": "algorithm", "parameters": {"model_type": "LSTM", "units": 64, "num_layers": 2, "dropout": 0, "activation": "relu", "lr": 0.00022807720203693919, "window_size": 6, "batch_size": 16, "epochs": 10, "kernel_size": 3, "attention_heads": 2}, "parameter_index": 0}
[2026-05-20 05:35:52] INFO (NNIManager) Trial job SsECB status changed from RUNNING to SUCCEEDED
[2026-05-20 05:35:52] INFO (NNIManager) NNIManager received command from dispatcher: TR, {"parameter_id": 61, "parameter_source": "algorithm", "parameters": {"model_type": "LSTM", "units": 64, "num_layers": 2, "dropout": 0.5, "activation": "relu", "lr": 0.00029486652747801756, "window_size": 6, "batch_size": 32, "epochs": 10, "kernel_size": 2, "attention_heads": 4}, "parameter_index": 0}
[2026-05-20 05:35:52] INFO (NNIManager) submitTrialJob: form: {
  sequenceId: 61,
  hyperParameters: {
    value: '{"parameter_id": 61, "parameter_source": "algorithm", "parameters": {"model_type": "LSTM", "units": 64, "num_layers": 2, "dropout": 0.5, "activation": "relu", "lr": 0.00029486652747801756, "window_size": 6, "batch_size": 32, "epochs": 10, "kernel_size": 2, "attention_heads": 4}, "parameter_index": 0}',
    index: 0
  },
  placementConstraint: { type: 'None', gpus: [] }
}
[2026-05-20 05:35:52] INFO (LocalV3.local) Created trial IHjQH
[2026-05-20 05:35:54] INFO (LocalV3.local) Trial parameter: IHjQH {"parameter_id": 61, "parameter_source": "algorithm", "parameters": {"model_type": "LSTM", "units": 64, "num_layers": 2, "dropout": 0.5, "activation": "relu", "lr": 0.00029486652747801756, "window_size": 6, "batch_size": 32, "epochs": 10, "kernel_size": 2, "attention_heads": 4}, "parameter_index": 0}
[2026-05-20 05:36:09] INFO (NNIManager) Trial job IHjQH status changed from RUNNING to SUCCEEDED
[2026-05-20 05:36:09] INFO (NNIManager) NNIManager received command from dispatcher: TR, {"parameter_id": 62, "parameter_source": "algorithm", "parameters": {"model_type": "LSTM", "units": 64, "num_layers": 2, "dropout": 0.1, "activation": "relu", "lr": 0.0009094482684260349, "window_size": 6, "batch_size": 32, "epochs": 10, "kernel_size": 3, "attention_heads": 8}, "parameter_index": 0}
[2026-05-20 05:36:09] INFO (NNIManager) submitTrialJob: form: {
  sequenceId: 62,
  hyperParameters: {
    value: '{"parameter_id": 62, "parameter_source": "algorithm", "parameters": {"model_type": "LSTM", "units": 64, "num_layers": 2, "dropout": 0.1, "activation": "relu", "lr": 0.0009094482684260349, "window_size": 6, "batch_size": 32, "epochs": 10, "kernel_size": 3, "attention_heads": 8}, "parameter_index": 0}',
    index: 0
  },
  placementConstraint: { type: 'None', gpus: [] }
}
[2026-05-20 05:36:09] INFO (LocalV3.local) Created trial DhKA8
[2026-05-20 05:36:11] INFO (LocalV3.local) Trial parameter: DhKA8 {"parameter_id": 62, "parameter_source": "algorithm", "parameters": {"model_type": "LSTM", "units": 64, "num_layers": 2, "dropout": 0.1, "activation": "relu", "lr": 0.0009094482684260349, "window_size": 6, "batch_size": 32, "epochs": 10, "kernel_size": 3, "attention_heads": 8}, "parameter_index": 0}
[2026-05-20 05:36:26] INFO (NNIManager) Trial job DhKA8 status changed from RUNNING to SUCCEEDED
[2026-05-20 05:36:26] INFO (NNIManager) NNIManager received command from dispatcher: TR, {"parameter_id": 63, "parameter_source": "algorithm", "parameters": {"model_type": "GRU", "units": 64, "num_layers": 4, "dropout": 0, "activation": "tanh", "lr": 0.0013359478834514547, "window_size": 27, "batch_size": 64, "epochs": 5, "kernel_size": 7, "attention_heads": 2}, "parameter_index": 0}
[2026-05-20 05:36:26] INFO (NNIManager) submitTrialJob: form: {
  sequenceId: 63,
  hyperParameters: {
    value: '{"parameter_id": 63, "parameter_source": "algorithm", "parameters": {"model_type": "GRU", "units": 64, "num_layers": 4, "dropout": 0, "activation": "tanh", "lr": 0.0013359478834514547, "window_size": 27, "batch_size": 64, "epochs": 5, "kernel_size": 7, "attention_heads": 2}, "parameter_index": 0}',
    index: 0
  },
  placementConstraint: { type: 'None', gpus: [] }
}
[2026-05-20 05:36:26] INFO (LocalV3.local) Created trial lIj7N
[2026-05-20 05:36:28] INFO (LocalV3.local) Trial parameter: lIj7N {"parameter_id": 63, "parameter_source": "algorithm", "parameters": {"model_type": "GRU", "units": 64, "num_layers": 4, "dropout": 0, "activation": "tanh", "lr": 0.0013359478834514547, "window_size": 27, "batch_size": 64, "epochs": 5, "kernel_size": 7, "attention_heads": 2}, "parameter_index": 0}
[2026-05-20 05:36:51] INFO (NNIManager) Trial job lIj7N status changed from RUNNING to SUCCEEDED
[2026-05-20 05:36:51] INFO (NNIManager) NNIManager received command from dispatcher: TR, {"parameter_id": 64, "parameter_source": "algorithm", "parameters": {"model_type": "GRU", "units": 64, "num_layers": 1, "dropout": 0, "activation": "tanh", "lr": 0.0012585238917874864, "window_size": 27, "batch_size": 64, "epochs": 5, "kernel_size": 7, "attention_heads": 2}, "parameter_index": 0}
[2026-05-20 05:36:52] INFO (NNIManager) submitTrialJob: form: {
  sequenceId: 64,
  hyperParameters: {
    value: '{"parameter_id": 64, "parameter_source": "algorithm", "parameters": {"model_type": "GRU", "units": 64, "num_layers": 1, "dropout": 0, "activation": "tanh", "lr": 0.0012585238917874864, "window_size": 27, "batch_size": 64, "epochs": 5, "kernel_size": 7, "attention_heads": 2}, "parameter_index": 0}',
    index: 0
  },
  placementConstraint: { type: 'None', gpus: [] }
}
[2026-05-20 05:36:52] INFO (LocalV3.local) Created trial JuL6u
[2026-05-20 05:36:54] INFO (LocalV3.local) Trial parameter: JuL6u {"parameter_id": 64, "parameter_source": "algorithm", "parameters": {"model_type": "GRU", "units": 64, "num_layers": 1, "dropout": 0, "activation": "tanh", "lr": 0.0012585238917874864, "window_size": 27, "batch_size": 64, "epochs": 5, "kernel_size": 7, "attention_heads": 2}, "parameter_index": 0}
[2026-05-20 05:37:01] INFO (NNIManager) Trial job JuL6u status changed from RUNNING to SUCCEEDED
[2026-05-20 05:37:01] INFO (NNIManager) NNIManager received command from dispatcher: TR, {"parameter_id": 65, "parameter_source": "algorithm", "parameters": {"model_type": "LSTM", "units": 64, "num_layers": 2, "dropout": 0.5, "activation": "relu", "lr": 0.00016689686783833148, "window_size": 6, "batch_size": 32, "epochs": 10, "kernel_size": 3, "attention_heads": 8}, "parameter_index": 0}
[2026-05-20 05:37:01] INFO (NNIManager) submitTrialJob: form: {
  sequenceId: 65,
  hyperParameters: {
    value: '{"parameter_id": 65, "parameter_source": "algorithm", "parameters": {"model_type": "LSTM", "units": 64, "num_layers": 2, "dropout": 0.5, "activation": "relu", "lr": 0.00016689686783833148, "window_size": 6, "batch_size": 32, "epochs": 10, "kernel_size": 3, "attention_heads": 8}, "parameter_index": 0}',
    index: 0
  },
  placementConstraint: { type: 'None', gpus: [] }
}
[2026-05-20 05:37:01] INFO (LocalV3.local) Created trial fIAn0
[2026-05-20 05:37:03] INFO (LocalV3.local) Trial parameter: fIAn0 {"parameter_id": 65, "parameter_source": "algorithm", "parameters": {"model_type": "LSTM", "units": 64, "num_layers": 2, "dropout": 0.5, "activation": "relu", "lr": 0.00016689686783833148, "window_size": 6, "batch_size": 32, "epochs": 10, "kernel_size": 3, "attention_heads": 8}, "parameter_index": 0}
[2026-05-20 05:37:18] INFO (NNIManager) Trial job fIAn0 status changed from RUNNING to SUCCEEDED
[2026-05-20 05:37:18] INFO (NNIManager) NNIManager received command from dispatcher: TR, {"parameter_id": 66, "parameter_source": "algorithm", "parameters": {"model_type": "GRU", "units": 64, "num_layers": 4, "dropout": 0, "activation": "tanh", "lr": 0.0015730892342540772, "window_size": 20, "batch_size": 64, "epochs": 5, "kernel_size": 7, "attention_heads": 8}, "parameter_index": 0}
[2026-05-20 05:37:19] INFO (NNIManager) submitTrialJob: form: {
  sequenceId: 66,
  hyperParameters: {
    value: '{"parameter_id": 66, "parameter_source": "algorithm", "parameters": {"model_type": "GRU", "units": 64, "num_layers": 4, "dropout": 0, "activation": "tanh", "lr": 0.0015730892342540772, "window_size": 20, "batch_size": 64, "epochs": 5, "kernel_size": 7, "attention_heads": 8}, "parameter_index": 0}',
    index: 0
  },
  placementConstraint: { type: 'None', gpus: [] }
}
[2026-05-20 05:37:19] INFO (LocalV3.local) Created trial wnfZc
[2026-05-20 05:37:21] INFO (LocalV3.local) Trial parameter: wnfZc {"parameter_id": 66, "parameter_source": "algorithm", "parameters": {"model_type": "GRU", "units": 64, "num_layers": 4, "dropout": 0, "activation": "tanh", "lr": 0.0015730892342540772, "window_size": 20, "batch_size": 64, "epochs": 5, "kernel_size": 7, "attention_heads": 8}, "parameter_index": 0}
[2026-05-20 05:37:41] INFO (NNIManager) Trial job wnfZc status changed from RUNNING to SUCCEEDED
[2026-05-20 05:37:41] INFO (NNIManager) NNIManager received command from dispatcher: TR, {"parameter_id": 67, "parameter_source": "algorithm", "parameters": {"model_type": "GRU", "units": 64, "num_layers": 4, "dropout": 0, "activation": "tanh", "lr": 0.0014178660781850377, "window_size": 20, "batch_size": 16, "epochs": 5, "kernel_size": 7, "attention_heads": 8}, "parameter_index": 0}
[2026-05-20 05:37:41] INFO (NNIManager) submitTrialJob: form: {
  sequenceId: 67,
  hyperParameters: {
    value: '{"parameter_id": 67, "parameter_source": "algorithm", "parameters": {"model_type": "GRU", "units": 64, "num_layers": 4, "dropout": 0, "activation": "tanh", "lr": 0.0014178660781850377, "window_size": 20, "batch_size": 16, "epochs": 5, "kernel_size": 7, "attention_heads": 8}, "parameter_index": 0}',
    index: 0
  },
  placementConstraint: { type: 'None', gpus: [] }
}
[2026-05-20 05:37:41] INFO (LocalV3.local) Created trial ih1kb
[2026-05-20 05:37:43] INFO (LocalV3.local) Trial parameter: ih1kb {"parameter_id": 67, "parameter_source": "algorithm", "parameters": {"model_type": "GRU", "units": 64, "num_layers": 4, "dropout": 0, "activation": "tanh", "lr": 0.0014178660781850377, "window_size": 20, "batch_size": 16, "epochs": 5, "kernel_size": 7, "attention_heads": 8}, "parameter_index": 0}
[2026-05-20 05:38:22] INFO (NNIManager) Trial job ih1kb status changed from RUNNING to SUCCEEDED
[2026-05-20 05:38:22] INFO (NNIManager) NNIManager received command from dispatcher: TR, {"parameter_id": 68, "parameter_source": "algorithm", "parameters": {"model_type": "GRU", "units": 64, "num_layers": 3, "dropout": 0, "activation": "tanh", "lr": 0.000721390665622462, "window_size": 27, "batch_size": 64, "epochs": 15, "kernel_size": 7, "attention_heads": 2}, "parameter_index": 0}
[2026-05-20 05:38:22] INFO (NNIManager) submitTrialJob: form: {
  sequenceId: 68,
  hyperParameters: {
    value: '{"parameter_id": 68, "parameter_source": "algorithm", "parameters": {"model_type": "GRU", "units": 64, "num_layers": 3, "dropout": 0, "activation": "tanh", "lr": 0.000721390665622462, "window_size": 27, "batch_size": 64, "epochs": 15, "kernel_size": 7, "attention_heads": 2}, "parameter_index": 0}',
    index: 0
  },
  placementConstraint: { type: 'None', gpus: [] }
}
[2026-05-20 05:38:22] INFO (LocalV3.local) Created trial ygSxR
[2026-05-20 05:38:24] INFO (LocalV3.local) Trial parameter: ygSxR {"parameter_id": 68, "parameter_source": "algorithm", "parameters": {"model_type": "GRU", "units": 64, "num_layers": 3, "dropout": 0, "activation": "tanh", "lr": 0.000721390665622462, "window_size": 27, "batch_size": 64, "epochs": 15, "kernel_size": 7, "attention_heads": 2}, "parameter_index": 0}
[2026-05-20 05:39:10] INFO (NNIManager) Trial job ygSxR status changed from RUNNING to SUCCEEDED
[2026-05-20 05:39:10] INFO (NNIManager) NNIManager received command from dispatcher: TR, {"parameter_id": 69, "parameter_source": "algorithm", "parameters": {"model_type": "GRU", "units": 64, "num_layers": 4, "dropout": 0, "activation": "tanh", "lr": 0.0008510810667071958, "window_size": 20, "batch_size": 64, "epochs": 5, "kernel_size": 7, "attention_heads": 2}, "parameter_index": 0}
[2026-05-20 05:39:10] INFO (NNIManager) submitTrialJob: form: {
  sequenceId: 69,
  hyperParameters: {
    value: '{"parameter_id": 69, "parameter_source": "algorithm", "parameters": {"model_type": "GRU", "units": 64, "num_layers": 4, "dropout": 0, "activation": "tanh", "lr": 0.0008510810667071958, "window_size": 20, "batch_size": 64, "epochs": 5, "kernel_size": 7, "attention_heads": 2}, "parameter_index": 0}',
    index: 0
  },
  placementConstraint: { type: 'None', gpus: [] }
}
[2026-05-20 05:39:10] INFO (LocalV3.local) Created trial yUG8J
[2026-05-20 05:39:12] INFO (LocalV3.local) Trial parameter: yUG8J {"parameter_id": 69, "parameter_source": "algorithm", "parameters": {"model_type": "GRU", "units": 64, "num_layers": 4, "dropout": 0, "activation": "tanh", "lr": 0.0008510810667071958, "window_size": 20, "batch_size": 64, "epochs": 5, "kernel_size": 7, "attention_heads": 2}, "parameter_index": 0}
[2026-05-20 05:39:32] INFO (NNIManager) Trial job yUG8J status changed from RUNNING to SUCCEEDED
[2026-05-20 05:39:32] INFO (NNIManager) NNIManager received command from dispatcher: TR, {"parameter_id": 70, "parameter_source": "algorithm", "parameters": {"model_type": "GRU", "units": 64, "num_layers": 2, "dropout": 0, "activation": "tanh", "lr": 0.000797794183601997, "window_size": 20, "batch_size": 64, "epochs": 5, "kernel_size": 7, "attention_heads": 2}, "parameter_index": 0}
[2026-05-20 05:39:33] INFO (NNIManager) submitTrialJob: form: {
  sequenceId: 70,
  hyperParameters: {
    value: '{"parameter_id": 70, "parameter_source": "algorithm", "parameters": {"model_type": "GRU", "units": 64, "num_layers": 2, "dropout": 0, "activation": "tanh", "lr": 0.000797794183601997, "window_size": 20, "batch_size": 64, "epochs": 5, "kernel_size": 7, "attention_heads": 2}, "parameter_index": 0}',
    index: 0
  },
  placementConstraint: { type: 'None', gpus: [] }
}
[2026-05-20 05:39:33] INFO (LocalV3.local) Created trial Xn6VE
[2026-05-20 05:39:34] INFO (LocalV3.local) Trial parameter: Xn6VE {"parameter_id": 70, "parameter_source": "algorithm", "parameters": {"model_type": "GRU", "units": 64, "num_layers": 2, "dropout": 0, "activation": "tanh", "lr": 0.000797794183601997, "window_size": 20, "batch_size": 64, "epochs": 5, "kernel_size": 7, "attention_heads": 2}, "parameter_index": 0}
[2026-05-20 05:39:46] INFO (NNIManager) Trial job Xn6VE status changed from RUNNING to SUCCEEDED
[2026-05-20 05:39:46] INFO (NNIManager) NNIManager received command from dispatcher: TR, {"parameter_id": 71, "parameter_source": "algorithm", "parameters": {"model_type": "GRU", "units": 64, "num_layers": 4, "dropout": 0, "activation": "tanh", "lr": 0.0009010444490909269, "window_size": 20, "batch_size": 64, "epochs": 5, "kernel_size": 7, "attention_heads": 2}, "parameter_index": 0}
[2026-05-20 05:39:46] INFO (NNIManager) submitTrialJob: form: {
  sequenceId: 71,
  hyperParameters: {
    value: '{"parameter_id": 71, "parameter_source": "algorithm", "parameters": {"model_type": "GRU", "units": 64, "num_layers": 4, "dropout": 0, "activation": "tanh", "lr": 0.0009010444490909269, "window_size": 20, "batch_size": 64, "epochs": 5, "kernel_size": 7, "attention_heads": 2}, "parameter_index": 0}',
    index: 0
  },
  placementConstraint: { type: 'None', gpus: [] }
}
[2026-05-20 05:39:46] INFO (LocalV3.local) Created trial oKr89
[2026-05-20 05:39:48] INFO (LocalV3.local) Trial parameter: oKr89 {"parameter_id": 71, "parameter_source": "algorithm", "parameters": {"model_type": "GRU", "units": 64, "num_layers": 4, "dropout": 0, "activation": "tanh", "lr": 0.0009010444490909269, "window_size": 20, "batch_size": 64, "epochs": 5, "kernel_size": 7, "attention_heads": 2}, "parameter_index": 0}
[2026-05-20 05:40:09] INFO (NNIManager) Trial job oKr89 status changed from RUNNING to SUCCEEDED
[2026-05-20 05:40:09] INFO (NNIManager) NNIManager received command from dispatcher: TR, {"parameter_id": 72, "parameter_source": "algorithm", "parameters": {"model_type": "GRU", "units": 64, "num_layers": 4, "dropout": 0, "activation": "tanh", "lr": 0.0006925336147656199, "window_size": 20, "batch_size": 64, "epochs": 5, "kernel_size": 2, "attention_heads": 2}, "parameter_index": 0}
[2026-05-20 05:40:09] INFO (NNIManager) submitTrialJob: form: {
  sequenceId: 72,
  hyperParameters: {
    value: '{"parameter_id": 72, "parameter_source": "algorithm", "parameters": {"model_type": "GRU", "units": 64, "num_layers": 4, "dropout": 0, "activation": "tanh", "lr": 0.0006925336147656199, "window_size": 20, "batch_size": 64, "epochs": 5, "kernel_size": 2, "attention_heads": 2}, "parameter_index": 0}',
    index: 0
  },
  placementConstraint: { type: 'None', gpus: [] }
}
[2026-05-20 05:40:09] INFO (LocalV3.local) Created trial KDG4D
[2026-05-20 05:40:11] INFO (LocalV3.local) Trial parameter: KDG4D {"parameter_id": 72, "parameter_source": "algorithm", "parameters": {"model_type": "GRU", "units": 64, "num_layers": 4, "dropout": 0, "activation": "tanh", "lr": 0.0006925336147656199, "window_size": 20, "batch_size": 64, "epochs": 5, "kernel_size": 2, "attention_heads": 2}, "parameter_index": 0}
[2026-05-20 05:40:32] INFO (NNIManager) Trial job KDG4D status changed from RUNNING to SUCCEEDED
[2026-05-20 05:40:32] INFO (NNIManager) NNIManager received command from dispatcher: TR, {"parameter_id": 73, "parameter_source": "algorithm", "parameters": {"model_type": "LSTM", "units": 64, "num_layers": 2, "dropout": 0.5, "activation": "relu", "lr": 0.00023644287397171267, "window_size": 6, "batch_size": 32, "epochs": 10, "kernel_size": 3, "attention_heads": 8}, "parameter_index": 0}
[2026-05-20 05:40:32] INFO (NNIManager) submitTrialJob: form: {
  sequenceId: 73,
  hyperParameters: {
    value: '{"parameter_id": 73, "parameter_source": "algorithm", "parameters": {"model_type": "LSTM", "units": 64, "num_layers": 2, "dropout": 0.5, "activation": "relu", "lr": 0.00023644287397171267, "window_size": 6, "batch_size": 32, "epochs": 10, "kernel_size": 3, "attention_heads": 8}, "parameter_index": 0}',
    index: 0
  },
  placementConstraint: { type: 'None', gpus: [] }
}
[2026-05-20 05:40:32] INFO (LocalV3.local) Created trial y7Hmz
[2026-05-20 05:40:34] INFO (LocalV3.local) Trial parameter: y7Hmz {"parameter_id": 73, "parameter_source": "algorithm", "parameters": {"model_type": "LSTM", "units": 64, "num_layers": 2, "dropout": 0.5, "activation": "relu", "lr": 0.00023644287397171267, "window_size": 6, "batch_size": 32, "epochs": 10, "kernel_size": 3, "attention_heads": 8}, "parameter_index": 0}
[2026-05-20 05:40:49] INFO (NNIManager) Trial job y7Hmz status changed from RUNNING to SUCCEEDED
[2026-05-20 05:40:49] INFO (NNIManager) NNIManager received command from dispatcher: TR, {"parameter_id": 74, "parameter_source": "algorithm", "parameters": {"model_type": "TCN", "units": 64, "num_layers": 4, "dropout": 0, "activation": "tanh", "lr": 0.0008497256713694941, "window_size": 20, "batch_size": 64, "epochs": 5, "kernel_size": 7, "attention_heads": 8}, "parameter_index": 0}
[2026-05-20 05:40:49] INFO (NNIManager) submitTrialJob: form: {
  sequenceId: 74,
  hyperParameters: {
    value: '{"parameter_id": 74, "parameter_source": "algorithm", "parameters": {"model_type": "TCN", "units": 64, "num_layers": 4, "dropout": 0, "activation": "tanh", "lr": 0.0008497256713694941, "window_size": 20, "batch_size": 64, "epochs": 5, "kernel_size": 7, "attention_heads": 8}, "parameter_index": 0}',
    index: 0
  },
  placementConstraint: { type: 'None', gpus: [] }
}
[2026-05-20 05:40:49] INFO (LocalV3.local) Created trial WElsv
[2026-05-20 05:40:51] INFO (LocalV3.local) Trial parameter: WElsv {"parameter_id": 74, "parameter_source": "algorithm", "parameters": {"model_type": "TCN", "units": 64, "num_layers": 4, "dropout": 0, "activation": "tanh", "lr": 0.0008497256713694941, "window_size": 20, "batch_size": 64, "epochs": 5, "kernel_size": 7, "attention_heads": 8}, "parameter_index": 0}
[2026-05-20 05:40:57] INFO (NNIManager) Trial job WElsv status changed from RUNNING to SUCCEEDED
[2026-05-20 05:40:57] INFO (NNIManager) NNIManager received command from dispatcher: TR, {"parameter_id": 75, "parameter_source": "algorithm", "parameters": {"model_type": "MLP", "units": 64, "num_layers": 4, "dropout": 0, "activation": "tanh", "lr": 0.0012389415814893913, "window_size": 27, "batch_size": 64, "epochs": 5, "kernel_size": 7, "attention_heads": 2}, "parameter_index": 0}
[2026-05-20 05:40:57] INFO (NNIManager) submitTrialJob: form: {
  sequenceId: 75,
  hyperParameters: {
    value: '{"parameter_id": 75, "parameter_source": "algorithm", "parameters": {"model_type": "MLP", "units": 64, "num_layers": 4, "dropout": 0, "activation": "tanh", "lr": 0.0012389415814893913, "window_size": 27, "batch_size": 64, "epochs": 5, "kernel_size": 7, "attention_heads": 2}, "parameter_index": 0}',
    index: 0
  },
  placementConstraint: { type: 'None', gpus: [] }
}
[2026-05-20 05:40:57] INFO (LocalV3.local) Created trial xRedg
[2026-05-20 05:40:59] INFO (LocalV3.local) Trial parameter: xRedg {"parameter_id": 75, "parameter_source": "algorithm", "parameters": {"model_type": "MLP", "units": 64, "num_layers": 4, "dropout": 0, "activation": "tanh", "lr": 0.0012389415814893913, "window_size": 27, "batch_size": 64, "epochs": 5, "kernel_size": 7, "attention_heads": 2}, "parameter_index": 0}
[2026-05-20 05:41:01] INFO (NNIManager) Trial job xRedg status changed from RUNNING to SUCCEEDED
[2026-05-20 05:41:01] INFO (NNIManager) NNIManager received command from dispatcher: TR, {"parameter_id": 76, "parameter_source": "algorithm", "parameters": {"model_type": "RNN", "units": 64, "num_layers": 4, "dropout": 0, "activation": "tanh", "lr": 0.0009521807450954464, "window_size": 20, "batch_size": 64, "epochs": 5, "kernel_size": 7, "attention_heads": 2}, "parameter_index": 0}
[2026-05-20 05:41:02] INFO (NNIManager) submitTrialJob: form: {
  sequenceId: 76,
  hyperParameters: {
    value: '{"parameter_id": 76, "parameter_source": "algorithm", "parameters": {"model_type": "RNN", "units": 64, "num_layers": 4, "dropout": 0, "activation": "tanh", "lr": 0.0009521807450954464, "window_size": 20, "batch_size": 64, "epochs": 5, "kernel_size": 7, "attention_heads": 2}, "parameter_index": 0}',
    index: 0
  },
  placementConstraint: { type: 'None', gpus: [] }
}
[2026-05-20 05:41:02] INFO (LocalV3.local) Created trial aLqSb
[2026-05-20 05:41:04] INFO (LocalV3.local) Trial parameter: aLqSb {"parameter_id": 76, "parameter_source": "algorithm", "parameters": {"model_type": "RNN", "units": 64, "num_layers": 4, "dropout": 0, "activation": "tanh", "lr": 0.0009521807450954464, "window_size": 20, "batch_size": 64, "epochs": 5, "kernel_size": 7, "attention_heads": 2}, "parameter_index": 0}
[2026-05-20 05:41:11] INFO (NNIManager) Trial job aLqSb status changed from RUNNING to SUCCEEDED
[2026-05-20 05:41:11] INFO (NNIManager) NNIManager received command from dispatcher: TR, {"parameter_id": 77, "parameter_source": "algorithm", "parameters": {"model_type": "GRU", "units": 32, "num_layers": 4, "dropout": 0, "activation": "tanh", "lr": 0.0007694587044674218, "window_size": 27, "batch_size": 64, "epochs": 5, "kernel_size": 7, "attention_heads": 2}, "parameter_index": 0}
[2026-05-20 05:41:11] INFO (NNIManager) submitTrialJob: form: {
  sequenceId: 77,
  hyperParameters: {
    value: '{"parameter_id": 77, "parameter_source": "algorithm", "parameters": {"model_type": "GRU", "units": 32, "num_layers": 4, "dropout": 0, "activation": "tanh", "lr": 0.0007694587044674218, "window_size": 27, "batch_size": 64, "epochs": 5, "kernel_size": 7, "attention_heads": 2}, "parameter_index": 0}',
    index: 0
  },
  placementConstraint: { type: 'None', gpus: [] }
}
[2026-05-20 05:41:11] INFO (LocalV3.local) Created trial rAU52
[2026-05-20 05:41:13] INFO (LocalV3.local) Trial parameter: rAU52 {"parameter_id": 77, "parameter_source": "algorithm", "parameters": {"model_type": "GRU", "units": 32, "num_layers": 4, "dropout": 0, "activation": "tanh", "lr": 0.0007694587044674218, "window_size": 27, "batch_size": 64, "epochs": 5, "kernel_size": 7, "attention_heads": 2}, "parameter_index": 0}
[2026-05-20 05:41:30] INFO (NNIManager) Trial job rAU52 status changed from RUNNING to SUCCEEDED
[2026-05-20 05:41:30] INFO (NNIManager) NNIManager received command from dispatcher: TR, {"parameter_id": 78, "parameter_source": "algorithm", "parameters": {"model_type": "GRU", "units": 64, "num_layers": 4, "dropout": 0, "activation": "tanh", "lr": 0.002256457496330879, "window_size": 19, "batch_size": 64, "epochs": 5, "kernel_size": 7, "attention_heads": 8}, "parameter_index": 0}
[2026-05-20 05:41:30] INFO (NNIManager) submitTrialJob: form: {
  sequenceId: 78,
  hyperParameters: {
    value: '{"parameter_id": 78, "parameter_source": "algorithm", "parameters": {"model_type": "GRU", "units": 64, "num_layers": 4, "dropout": 0, "activation": "tanh", "lr": 0.002256457496330879, "window_size": 19, "batch_size": 64, "epochs": 5, "kernel_size": 7, "attention_heads": 8}, "parameter_index": 0}',
    index: 0
  },
  placementConstraint: { type: 'None', gpus: [] }
}
[2026-05-20 05:41:30] INFO (LocalV3.local) Created trial NCNvb
[2026-05-20 05:41:32] INFO (LocalV3.local) Trial parameter: NCNvb {"parameter_id": 78, "parameter_source": "algorithm", "parameters": {"model_type": "GRU", "units": 64, "num_layers": 4, "dropout": 0, "activation": "tanh", "lr": 0.002256457496330879, "window_size": 19, "batch_size": 64, "epochs": 5, "kernel_size": 7, "attention_heads": 8}, "parameter_index": 0}
[2026-05-20 05:41:52] INFO (NNIManager) Trial job NCNvb status changed from RUNNING to SUCCEEDED
[2026-05-20 05:41:52] INFO (NNIManager) NNIManager received command from dispatcher: TR, {"parameter_id": 79, "parameter_source": "algorithm", "parameters": {"model_type": "GRU", "units": 64, "num_layers": 4, "dropout": 0, "activation": "tanh", "lr": 0.0006515937649262936, "window_size": 20, "batch_size": 64, "epochs": 15, "kernel_size": 7, "attention_heads": 2}, "parameter_index": 0}
[2026-05-20 05:41:52] INFO (NNIManager) submitTrialJob: form: {
  sequenceId: 79,
  hyperParameters: {
    value: '{"parameter_id": 79, "parameter_source": "algorithm", "parameters": {"model_type": "GRU", "units": 64, "num_layers": 4, "dropout": 0, "activation": "tanh", "lr": 0.0006515937649262936, "window_size": 20, "batch_size": 64, "epochs": 15, "kernel_size": 7, "attention_heads": 2}, "parameter_index": 0}',
    index: 0
  },
  placementConstraint: { type: 'None', gpus: [] }
}
[2026-05-20 05:41:52] INFO (LocalV3.local) Created trial MQdad
[2026-05-20 05:41:53] INFO (NNIManager) Change NNIManager status from: RUNNING to: NO_MORE_TRIAL
[2026-05-20 05:41:54] INFO (LocalV3.local) Trial parameter: MQdad {"parameter_id": 79, "parameter_source": "algorithm", "parameters": {"model_type": "GRU", "units": 64, "num_layers": 4, "dropout": 0, "activation": "tanh", "lr": 0.0006515937649262936, "window_size": 20, "batch_size": 64, "epochs": 15, "kernel_size": 7, "attention_heads": 2}, "parameter_index": 0}
[2026-05-20 05:42:04] INFO (ShutdownManager) Initiate shutdown: SIGTERM
[2026-05-20 05:42:04] INFO (RestServer) Stopping REST server.
[2026-05-20 05:42:04] INFO (NNIManager) Change NNIManager status from: NO_MORE_TRIAL to: STOPPING
[2026-05-20 05:42:04] INFO (NNIManager) Stopping experiment, cleaning up ...
[2026-05-20 05:42:04] INFO (RestServer) REST server stopped.
[2026-05-20 05:42:07] INFO (NNIManager) cancelTrialJob: MQdad
[2026-05-20 05:42:07] INFO (LocalV3.local) Stop trial MQdad
[2026-05-20 05:42:07] INFO (LocalV3.local) All trials stopped
[2026-05-20 05:42:07] INFO (NNIManager) Change NNIManager status from: STOPPING to: STOPPED
[2026-05-20 05:42:07] INFO (NNIManager) Experiment stopped.
[2026-05-20 05:42:07] INFO (NNITensorboardManager) Forced stopping all tensorboard task.
[2026-05-20 05:42:07] INFO (NNITensorboardManager) All tensorboard task stopped.
[2026-05-20 05:42:07] INFO (NNITensorboardManager) Tensorboard manager stopped.
[2026-05-20 05:42:07] INFO (ShutdownManager) Shutdown complete.
