experiment_id,trial_id,status,start_time,end_time,working_directory,exit_code,experiment_name,experiment_type,search_space_file,trial_command,trial_code_directory,trial_concurrency,max_duration,max_trials,use_annotation,debug_mode,log_level,exp_working_dir,model_types,unit_values,layer_counts,dropout_rates,activations,learning_rate_range,window_sizes,batch_sizes,epoch_options,kernel_sizes,attention_heads,tuner_name,optimize_mode,training_platform
1jguld6t,1,0,1779202936546,,/home/meliani/nni-experiments/1jguld6t,0,exp_anneal_1800s_local_plus_ali_local_plus_ali,hpo,/home/meliani/Desktop/phd/fast-track/search_space.json,python3 trial.py --data ./local_plus_ali.csv,/home/meliani/Desktop/phd/fast-track,1,1800s,100000000,False,False,info,/home/meliani/nni-experiments,"['LSTM', 'GRU', 'CNN', 'RNN', 'TCN', 'Transformer', 'MLP']","[16, 32, 64, 128, 256]","[1, 2, 3, 4]","[0, 0.1, 0.2, 0.3, 0.5]","['relu', 'tanh', 'sigmoid', 'elu']","[1e-05, 0.01]","[2, 3, 4, 5, 6, 7, 8, 9, 10, 11, 12, 13, 14, 15, 16, 17, 18, 19, 20, 21, 22, 23, 24, 25, 26, 27, 28, 29, 30]","[16, 32, 64, 128]","[5, 10, 15, 20]","[2, 3, 5, 7]","[2, 4, 8]",anneal,minimize,local
1jguld6t,2,0,1779202936546,,/home/meliani/nni-experiments/1jguld6t,0,exp_anneal_1800s_local_plus_ali_local_plus_ali,hpo,/home/meliani/Desktop/phd/fast-track/search_space.json,python3 trial.py --data ./local_plus_ali.csv,/home/meliani/Desktop/phd/fast-track,1,1800s,100000000,False,False,info,/home/meliani/nni-experiments,"['LSTM', 'GRU', 'CNN', 'RNN', 'TCN', 'Transformer', 'MLP']","[16, 32, 64, 128, 256]","[1, 2, 3, 4]","[0, 0.1, 0.2, 0.3, 0.5]","['relu', 'tanh', 'sigmoid', 'elu']","[1e-05, 0.01]","[2, 3, 4, 5, 6, 7, 8, 9, 10, 11, 12, 13, 14, 15, 16, 17, 18, 19, 20, 21, 22, 23, 24, 25, 26, 27, 28, 29, 30]","[16, 32, 64, 128]","[5, 10, 15, 20]","[2, 3, 5, 7]","[2, 4, 8]",anneal,minimize,local
1jguld6t,3,1,1779202936546,,/home/meliani/nni-experiments/1jguld6t,1,exp_anneal_1800s_local_plus_ali_local_plus_ali,hpo,/home/meliani/Desktop/phd/fast-track/search_space.json,python3 trial.py --data ./local_plus_ali.csv,/home/meliani/Desktop/phd/fast-track,1,1800s,100000000,False,False,info,/home/meliani/nni-experiments,"['LSTM', 'GRU', 'CNN', 'RNN', 'TCN', 'Transformer', 'MLP']","[16, 32, 64, 128, 256]","[1, 2, 3, 4]","[0, 0.1, 0.2, 0.3, 0.5]","['relu', 'tanh', 'sigmoid', 'elu']","[1e-05, 0.01]","[2, 3, 4, 5, 6, 7, 8, 9, 10, 11, 12, 13, 14, 15, 16, 17, 18, 19, 20, 21, 22, 23, 24, 25, 26, 27, 28, 29, 30]","[16, 32, 64, 128]","[5, 10, 15, 20]","[2, 3, 5, 7]","[2, 4, 8]",anneal,minimize,local
1jguld6t,4,10,1779202936546,,/home/meliani/nni-experiments/1jguld6t,1,exp_anneal_1800s_local_plus_ali_local_plus_ali,hpo,/home/meliani/Desktop/phd/fast-track/search_space.json,python3 trial.py --data ./local_plus_ali.csv,/home/meliani/Desktop/phd/fast-track,1,1800s,100000000,False,False,info,/home/meliani/nni-experiments,"['LSTM', 'GRU', 'CNN', 'RNN', 'TCN', 'Transformer', 'MLP']","[16, 32, 64, 128, 256]","[1, 2, 3, 4]","[0, 0.1, 0.2, 0.3, 0.5]","['relu', 'tanh', 'sigmoid', 'elu']","[1e-05, 0.01]","[2, 3, 4, 5, 6, 7, 8, 9, 10, 11, 12, 13, 14, 15, 16, 17, 18, 19, 20, 21, 22, 23, 24, 25, 26, 27, 28, 29, 30]","[16, 32, 64, 128]","[5, 10, 15, 20]","[2, 3, 5, 7]","[2, 4, 8]",anneal,minimize,local
1jguld6t,5,20,1779202936546,,/home/meliani/nni-experiments/1jguld6t,1,exp_anneal_1800s_local_plus_ali_local_plus_ali,hpo,/home/meliani/Desktop/phd/fast-track/search_space.json,python3 trial.py --data ./local_plus_ali.csv,/home/meliani/Desktop/phd/fast-track,1,1800s,100000000,False,False,info,/home/meliani/nni-experiments,"['LSTM', 'GRU', 'CNN', 'RNN', 'TCN', 'Transformer', 'MLP']","[16, 32, 64, 128, 256]","[1, 2, 3, 4]","[0, 0.1, 0.2, 0.3, 0.5]","['relu', 'tanh', 'sigmoid', 'elu']","[1e-05, 0.01]","[2, 3, 4, 5, 6, 7, 8, 9, 10, 11, 12, 13, 14, 15, 16, 17, 18, 19, 20, 21, 22, 23, 24, 25, 26, 27, 28, 29, 30]","[16, 32, 64, 128]","[5, 10, 15, 20]","[2, 3, 5, 7]","[2, 4, 8]",anneal,minimize,local
1jguld6t,6,30,1779202936546,,/home/meliani/nni-experiments/1jguld6t,1,exp_anneal_1800s_local_plus_ali_local_plus_ali,hpo,/home/meliani/Desktop/phd/fast-track/search_space.json,python3 trial.py --data ./local_plus_ali.csv,/home/meliani/Desktop/phd/fast-track,1,1800s,100000000,False,False,info,/home/meliani/nni-experiments,"['LSTM', 'GRU', 'CNN', 'RNN', 'TCN', 'Transformer', 'MLP']","[16, 32, 64, 128, 256]","[1, 2, 3, 4]","[0, 0.1, 0.2, 0.3, 0.5]","['relu', 'tanh', 'sigmoid', 'elu']","[1e-05, 0.01]","[2, 3, 4, 5, 6, 7, 8, 9, 10, 11, 12, 13, 14, 15, 16, 17, 18, 19, 20, 21, 22, 23, 24, 25, 26, 27, 28, 29, 30]","[16, 32, 64, 128]","[5, 10, 15, 20]","[2, 3, 5, 7]","[2, 4, 8]",anneal,minimize,local
1jguld6t,7,40,1779202936546,,/home/meliani/nni-experiments/1jguld6t,1,exp_anneal_1800s_local_plus_ali_local_plus_ali,hpo,/home/meliani/Desktop/phd/fast-track/search_space.json,python3 trial.py --data ./local_plus_ali.csv,/home/meliani/Desktop/phd/fast-track,1,1800s,100000000,False,False,info,/home/meliani/nni-experiments,"['LSTM', 'GRU', 'CNN', 'RNN', 'TCN', 'Transformer', 'MLP']","[16, 32, 64, 128, 256]","[1, 2, 3, 4]","[0, 0.1, 0.2, 0.3, 0.5]","['relu', 'tanh', 'sigmoid', 'elu']","[1e-05, 0.01]","[2, 3, 4, 5, 6, 7, 8, 9, 10, 11, 12, 13, 14, 15, 16, 17, 18, 19, 20, 21, 22, 23, 24, 25, 26, 27, 28, 29, 30]","[16, 32, 64, 128]","[5, 10, 15, 20]","[2, 3, 5, 7]","[2, 4, 8]",anneal,minimize,local
1jguld6t,8,50,1779202936546,,/home/meliani/nni-experiments/1jguld6t,1,exp_anneal_1800s_local_plus_ali_local_plus_ali,hpo,/home/meliani/Desktop/phd/fast-track/search_space.json,python3 trial.py --data ./local_plus_ali.csv,/home/meliani/Desktop/phd/fast-track,1,1800s,100000000,False,False,info,/home/meliani/nni-experiments,"['LSTM', 'GRU', 'CNN', 'RNN', 'TCN', 'Transformer', 'MLP']","[16, 32, 64, 128, 256]","[1, 2, 3, 4]","[0, 0.1, 0.2, 0.3, 0.5]","['relu', 'tanh', 'sigmoid', 'elu']","[1e-05, 0.01]","[2, 3, 4, 5, 6, 7, 8, 9, 10, 11, 12, 13, 14, 15, 16, 17, 18, 19, 20, 21, 22, 23, 24, 25, 26, 27, 28, 29, 30]","[16, 32, 64, 128]","[5, 10, 15, 20]","[2, 3, 5, 7]","[2, 4, 8]",anneal,minimize,local
1jguld6t,9,60,1779202936546,,/home/meliani/nni-experiments/1jguld6t,1,exp_anneal_1800s_local_plus_ali_local_plus_ali,hpo,/home/meliani/Desktop/phd/fast-track/search_space.json,python3 trial.py --data ./local_plus_ali.csv,/home/meliani/Desktop/phd/fast-track,1,1800s,100000000,False,False,info,/home/meliani/nni-experiments,"['LSTM', 'GRU', 'CNN', 'RNN', 'TCN', 'Transformer', 'MLP']","[16, 32, 64, 128, 256]","[1, 2, 3, 4]","[0, 0.1, 0.2, 0.3, 0.5]","['relu', 'tanh', 'sigmoid', 'elu']","[1e-05, 0.01]","[2, 3, 4, 5, 6, 7, 8, 9, 10, 11, 12, 13, 14, 15, 16, 17, 18, 19, 20, 21, 22, 23, 24, 25, 26, 27, 28, 29, 30]","[16, 32, 64, 128]","[5, 10, 15, 20]","[2, 3, 5, 7]","[2, 4, 8]",anneal,minimize,local
1jguld6t,10,70,1779202936546,,/home/meliani/nni-experiments/1jguld6t,1,exp_anneal_1800s_local_plus_ali_local_plus_ali,hpo,/home/meliani/Desktop/phd/fast-track/search_space.json,python3 trial.py --data ./local_plus_ali.csv,/home/meliani/Desktop/phd/fast-track,1,1800s,100000000,False,False,info,/home/meliani/nni-experiments,"['LSTM', 'GRU', 'CNN', 'RNN', 'TCN', 'Transformer', 'MLP']","[16, 32, 64, 128, 256]","[1, 2, 3, 4]","[0, 0.1, 0.2, 0.3, 0.5]","['relu', 'tanh', 'sigmoid', 'elu']","[1e-05, 0.01]","[2, 3, 4, 5, 6, 7, 8, 9, 10, 11, 12, 13, 14, 15, 16, 17, 18, 19, 20, 21, 22, 23, 24, 25, 26, 27, 28, 29, 30]","[16, 32, 64, 128]","[5, 10, 15, 20]","[2, 3, 5, 7]","[2, 4, 8]",anneal,minimize,local
1jguld6t,11,80,1779202936546,,/home/meliani/nni-experiments/1jguld6t,1,exp_anneal_1800s_local_plus_ali_local_plus_ali,hpo,/home/meliani/Desktop/phd/fast-track/search_space.json,python3 trial.py --data ./local_plus_ali.csv,/home/meliani/Desktop/phd/fast-track,1,1800s,100000000,False,False,info,/home/meliani/nni-experiments,"['LSTM', 'GRU', 'CNN', 'RNN', 'TCN', 'Transformer', 'MLP']","[16, 32, 64, 128, 256]","[1, 2, 3, 4]","[0, 0.1, 0.2, 0.3, 0.5]","['relu', 'tanh', 'sigmoid', 'elu']","[1e-05, 0.01]","[2, 3, 4, 5, 6, 7, 8, 9, 10, 11, 12, 13, 14, 15, 16, 17, 18, 19, 20, 21, 22, 23, 24, 25, 26, 27, 28, 29, 30]","[16, 32, 64, 128]","[5, 10, 15, 20]","[2, 3, 5, 7]","[2, 4, 8]",anneal,minimize,local
1jguld6t,12,84,1779202936546,,/home/meliani/nni-experiments/1jguld6t,2,exp_anneal_1800s_local_plus_ali_local_plus_ali,hpo,/home/meliani/Desktop/phd/fast-track/search_space.json,python3 trial.py --data ./local_plus_ali.csv,/home/meliani/Desktop/phd/fast-track,1,1800s,100000000,False,False,info,/home/meliani/nni-experiments,"['LSTM', 'GRU', 'CNN', 'RNN', 'TCN', 'Transformer', 'MLP']","[16, 32, 64, 128, 256]","[1, 2, 3, 4]","[0, 0.1, 0.2, 0.3, 0.5]","['relu', 'tanh', 'sigmoid', 'elu']","[1e-05, 0.01]","[2, 3, 4, 5, 6, 7, 8, 9, 10, 11, 12, 13, 14, 15, 16, 17, 18, 19, 20, 21, 22, 23, 24, 25, 26, 27, 28, 29, 30]","[16, 32, 64, 128]","[5, 10, 15, 20]","[2, 3, 5, 7]","[2, 4, 8]",anneal,minimize,local
1jguld6t,13,90,1779202936546,,/home/meliani/nni-experiments/1jguld6t,2,exp_anneal_1800s_local_plus_ali_local_plus_ali,hpo,/home/meliani/Desktop/phd/fast-track/search_space.json,python3 trial.py --data ./local_plus_ali.csv,/home/meliani/Desktop/phd/fast-track,1,1800s,100000000,False,False,info,/home/meliani/nni-experiments,"['LSTM', 'GRU', 'CNN', 'RNN', 'TCN', 'Transformer', 'MLP']","[16, 32, 64, 128, 256]","[1, 2, 3, 4]","[0, 0.1, 0.2, 0.3, 0.5]","['relu', 'tanh', 'sigmoid', 'elu']","[1e-05, 0.01]","[2, 3, 4, 5, 6, 7, 8, 9, 10, 11, 12, 13, 14, 15, 16, 17, 18, 19, 20, 21, 22, 23, 24, 25, 26, 27, 28, 29, 30]","[16, 32, 64, 128]","[5, 10, 15, 20]","[2, 3, 5, 7]","[2, 4, 8]",anneal,minimize,local
1jguld6t,14,100,1779202936546,,/home/meliani/nni-experiments/1jguld6t,2,exp_anneal_1800s_local_plus_ali_local_plus_ali,hpo,/home/meliani/Desktop/phd/fast-track/search_space.json,python3 trial.py --data ./local_plus_ali.csv,/home/meliani/Desktop/phd/fast-track,1,1800s,100000000,False,False,info,/home/meliani/nni-experiments,"['LSTM', 'GRU', 'CNN', 'RNN', 'TCN', 'Transformer', 'MLP']","[16, 32, 64, 128, 256]","[1, 2, 3, 4]","[0, 0.1, 0.2, 0.3, 0.5]","['relu', 'tanh', 'sigmoid', 'elu']","[1e-05, 0.01]","[2, 3, 4, 5, 6, 7, 8, 9, 10, 11, 12, 13, 14, 15, 16, 17, 18, 19, 20, 21, 22, 23, 24, 25, 26, 27, 28, 29, 30]","[16, 32, 64, 128]","[5, 10, 15, 20]","[2, 3, 5, 7]","[2, 4, 8]",anneal,minimize,local
1jguld6t,15,110,1779202936546,,/home/meliani/nni-experiments/1jguld6t,2,exp_anneal_1800s_local_plus_ali_local_plus_ali,hpo,/home/meliani/Desktop/phd/fast-track/search_space.json,python3 trial.py --data ./local_plus_ali.csv,/home/meliani/Desktop/phd/fast-track,1,1800s,100000000,False,False,info,/home/meliani/nni-experiments,"['LSTM', 'GRU', 'CNN', 'RNN', 'TCN', 'Transformer', 'MLP']","[16, 32, 64, 128, 256]","[1, 2, 3, 4]","[0, 0.1, 0.2, 0.3, 0.5]","['relu', 'tanh', 'sigmoid', 'elu']","[1e-05, 0.01]","[2, 3, 4, 5, 6, 7, 8, 9, 10, 11, 12, 13, 14, 15, 16, 17, 18, 19, 20, 21, 22, 23, 24, 25, 26, 27, 28, 29, 30]","[16, 32, 64, 128]","[5, 10, 15, 20]","[2, 3, 5, 7]","[2, 4, 8]",anneal,minimize,local
1jguld6t,16,120,1779202936546,,/home/meliani/nni-experiments/1jguld6t,2,exp_anneal_1800s_local_plus_ali_local_plus_ali,hpo,/home/meliani/Desktop/phd/fast-track/search_space.json,python3 trial.py --data ./local_plus_ali.csv,/home/meliani/Desktop/phd/fast-track,1,1800s,100000000,False,False,info,/home/meliani/nni-experiments,"['LSTM', 'GRU', 'CNN', 'RNN', 'TCN', 'Transformer', 'MLP']","[16, 32, 64, 128, 256]","[1, 2, 3, 4]","[0, 0.1, 0.2, 0.3, 0.5]","['relu', 'tanh', 'sigmoid', 'elu']","[1e-05, 0.01]","[2, 3, 4, 5, 6, 7, 8, 9, 10, 11, 12, 13, 14, 15, 16, 17, 18, 19, 20, 21, 22, 23, 24, 25, 26, 27, 28, 29, 30]","[16, 32, 64, 128]","[5, 10, 15, 20]","[2, 3, 5, 7]","[2, 4, 8]",anneal,minimize,local
1jguld6t,17,128,1779202936546,,/home/meliani/nni-experiments/1jguld6t,3,exp_anneal_1800s_local_plus_ali_local_plus_ali,hpo,/home/meliani/Desktop/phd/fast-track/search_space.json,python3 trial.py --data ./local_plus_ali.csv,/home/meliani/Desktop/phd/fast-track,1,1800s,100000000,False,False,info,/home/meliani/nni-experiments,"['LSTM', 'GRU', 'CNN', 'RNN', 'TCN', 'Transformer', 'MLP']","[16, 32, 64, 128, 256]","[1, 2, 3, 4]","[0, 0.1, 0.2, 0.3, 0.5]","['relu', 'tanh', 'sigmoid', 'elu']","[1e-05, 0.01]","[2, 3, 4, 5, 6, 7, 8, 9, 10, 11, 12, 13, 14, 15, 16, 17, 18, 19, 20, 21, 22, 23, 24, 25, 26, 27, 28, 29, 30]","[16, 32, 64, 128]","[5, 10, 15, 20]","[2, 3, 5, 7]","[2, 4, 8]",anneal,minimize,local
1jguld6t,18,130,1779202936546,,/home/meliani/nni-experiments/1jguld6t,3,exp_anneal_1800s_local_plus_ali_local_plus_ali,hpo,/home/meliani/Desktop/phd/fast-track/search_space.json,python3 trial.py --data ./local_plus_ali.csv,/home/meliani/Desktop/phd/fast-track,1,1800s,100000000,False,False,info,/home/meliani/nni-experiments,"['LSTM', 'GRU', 'CNN', 'RNN', 'TCN', 'Transformer', 'MLP']","[16, 32, 64, 128, 256]","[1, 2, 3, 4]","[0, 0.1, 0.2, 0.3, 0.5]","['relu', 'tanh', 'sigmoid', 'elu']","[1e-05, 0.01]","[2, 3, 4, 5, 6, 7, 8, 9, 10, 11, 12, 13, 14, 15, 16, 17, 18, 19, 20, 21, 22, 23, 24, 25, 26, 27, 28, 29, 30]","[16, 32, 64, 128]","[5, 10, 15, 20]","[2, 3, 5, 7]","[2, 4, 8]",anneal,minimize,local
1jguld6t,19,140,1779202936546,,/home/meliani/nni-experiments/1jguld6t,3,exp_anneal_1800s_local_plus_ali_local_plus_ali,hpo,/home/meliani/Desktop/phd/fast-track/search_space.json,python3 trial.py --data ./local_plus_ali.csv,/home/meliani/Desktop/phd/fast-track,1,1800s,100000000,False,False,info,/home/meliani/nni-experiments,"['LSTM', 'GRU', 'CNN', 'RNN', 'TCN', 'Transformer', 'MLP']","[16, 32, 64, 128, 256]","[1, 2, 3, 4]","[0, 0.1, 0.2, 0.3, 0.5]","['relu', 'tanh', 'sigmoid', 'elu']","[1e-05, 0.01]","[2, 3, 4, 5, 6, 7, 8, 9, 10, 11, 12, 13, 14, 15, 16, 17, 18, 19, 20, 21, 22, 23, 24, 25, 26, 27, 28, 29, 30]","[16, 32, 64, 128]","[5, 10, 15, 20]","[2, 3, 5, 7]","[2, 4, 8]",anneal,minimize,local
1jguld6t,20,150,1779202936546,,/home/meliani/nni-experiments/1jguld6t,3,exp_anneal_1800s_local_plus_ali_local_plus_ali,hpo,/home/meliani/Desktop/phd/fast-track/search_space.json,python3 trial.py --data ./local_plus_ali.csv,/home/meliani/Desktop/phd/fast-track,1,1800s,100000000,False,False,info,/home/meliani/nni-experiments,"['LSTM', 'GRU', 'CNN', 'RNN', 'TCN', 'Transformer', 'MLP']","[16, 32, 64, 128, 256]","[1, 2, 3, 4]","[0, 0.1, 0.2, 0.3, 0.5]","['relu', 'tanh', 'sigmoid', 'elu']","[1e-05, 0.01]","[2, 3, 4, 5, 6, 7, 8, 9, 10, 11, 12, 13, 14, 15, 16, 17, 18, 19, 20, 21, 22, 23, 24, 25, 26, 27, 28, 29, 30]","[16, 32, 64, 128]","[5, 10, 15, 20]","[2, 3, 5, 7]","[2, 4, 8]",anneal,minimize,local
1jguld6t,21,160,1779202936546,,/home/meliani/nni-experiments/1jguld6t,3,exp_anneal_1800s_local_plus_ali_local_plus_ali,hpo,/home/meliani/Desktop/phd/fast-track/search_space.json,python3 trial.py --data ./local_plus_ali.csv,/home/meliani/Desktop/phd/fast-track,1,1800s,100000000,False,False,info,/home/meliani/nni-experiments,"['LSTM', 'GRU', 'CNN', 'RNN', 'TCN', 'Transformer', 'MLP']","[16, 32, 64, 128, 256]","[1, 2, 3, 4]","[0, 0.1, 0.2, 0.3, 0.5]","['relu', 'tanh', 'sigmoid', 'elu']","[1e-05, 0.01]","[2, 3, 4, 5, 6, 7, 8, 9, 10, 11, 12, 13, 14, 15, 16, 17, 18, 19, 20, 21, 22, 23, 24, 25, 26, 27, 28, 29, 30]","[16, 32, 64, 128]","[5, 10, 15, 20]","[2, 3, 5, 7]","[2, 4, 8]",anneal,minimize,local
1jguld6t,22,170,1779202936546,,/home/meliani/nni-experiments/1jguld6t,3,exp_anneal_1800s_local_plus_ali_local_plus_ali,hpo,/home/meliani/Desktop/phd/fast-track/search_space.json,python3 trial.py --data ./local_plus_ali.csv,/home/meliani/Desktop/phd/fast-track,1,1800s,100000000,False,False,info,/home/meliani/nni-experiments,"['LSTM', 'GRU', 'CNN', 'RNN', 'TCN', 'Transformer', 'MLP']","[16, 32, 64, 128, 256]","[1, 2, 3, 4]","[0, 0.1, 0.2, 0.3, 0.5]","['relu', 'tanh', 'sigmoid', 'elu']","[1e-05, 0.01]","[2, 3, 4, 5, 6, 7, 8, 9, 10, 11, 12, 13, 14, 15, 16, 17, 18, 19, 20, 21, 22, 23, 24, 25, 26, 27, 28, 29, 30]","[16, 32, 64, 128]","[5, 10, 15, 20]","[2, 3, 5, 7]","[2, 4, 8]",anneal,minimize,local
1jguld6t,23,180,1779202936546,,/home/meliani/nni-experiments/1jguld6t,3,exp_anneal_1800s_local_plus_ali_local_plus_ali,hpo,/home/meliani/Desktop/phd/fast-track/search_space.json,python3 trial.py --data ./local_plus_ali.csv,/home/meliani/Desktop/phd/fast-track,1,1800s,100000000,False,False,info,/home/meliani/nni-experiments,"['LSTM', 'GRU', 'CNN', 'RNN', 'TCN', 'Transformer', 'MLP']","[16, 32, 64, 128, 256]","[1, 2, 3, 4]","[0, 0.1, 0.2, 0.3, 0.5]","['relu', 'tanh', 'sigmoid', 'elu']","[1e-05, 0.01]","[2, 3, 4, 5, 6, 7, 8, 9, 10, 11, 12, 13, 14, 15, 16, 17, 18, 19, 20, 21, 22, 23, 24, 25, 26, 27, 28, 29, 30]","[16, 32, 64, 128]","[5, 10, 15, 20]","[2, 3, 5, 7]","[2, 4, 8]",anneal,minimize,local
1jguld6t,24,190,1779202936546,,/home/meliani/nni-experiments/1jguld6t,3,exp_anneal_1800s_local_plus_ali_local_plus_ali,hpo,/home/meliani/Desktop/phd/fast-track/search_space.json,python3 trial.py --data ./local_plus_ali.csv,/home/meliani/Desktop/phd/fast-track,1,1800s,100000000,False,False,info,/home/meliani/nni-experiments,"['LSTM', 'GRU', 'CNN', 'RNN', 'TCN', 'Transformer', 'MLP']","[16, 32, 64, 128, 256]","[1, 2, 3, 4]","[0, 0.1, 0.2, 0.3, 0.5]","['relu', 'tanh', 'sigmoid', 'elu']","[1e-05, 0.01]","[2, 3, 4, 5, 6, 7, 8, 9, 10, 11, 12, 13, 14, 15, 16, 17, 18, 19, 20, 21, 22, 23, 24, 25, 26, 27, 28, 29, 30]","[16, 32, 64, 128]","[5, 10, 15, 20]","[2, 3, 5, 7]","[2, 4, 8]",anneal,minimize,local
1jguld6t,25,198,1779202936546,,/home/meliani/nni-experiments/1jguld6t,4,exp_anneal_1800s_local_plus_ali_local_plus_ali,hpo,/home/meliani/Desktop/phd/fast-track/search_space.json,python3 trial.py --data ./local_plus_ali.csv,/home/meliani/Desktop/phd/fast-track,1,1800s,100000000,False,False,info,/home/meliani/nni-experiments,"['LSTM', 'GRU', 'CNN', 'RNN', 'TCN', 'Transformer', 'MLP']","[16, 32, 64, 128, 256]","[1, 2, 3, 4]","[0, 0.1, 0.2, 0.3, 0.5]","['relu', 'tanh', 'sigmoid', 'elu']","[1e-05, 0.01]","[2, 3, 4, 5, 6, 7, 8, 9, 10, 11, 12, 13, 14, 15, 16, 17, 18, 19, 20, 21, 22, 23, 24, 25, 26, 27, 28, 29, 30]","[16, 32, 64, 128]","[5, 10, 15, 20]","[2, 3, 5, 7]","[2, 4, 8]",anneal,minimize,local
1jguld6t,26,200,1779202936546,,/home/meliani/nni-experiments/1jguld6t,4,exp_anneal_1800s_local_plus_ali_local_plus_ali,hpo,/home/meliani/Desktop/phd/fast-track/search_space.json,python3 trial.py --data ./local_plus_ali.csv,/home/meliani/Desktop/phd/fast-track,1,1800s,100000000,False,False,info,/home/meliani/nni-experiments,"['LSTM', 'GRU', 'CNN', 'RNN', 'TCN', 'Transformer', 'MLP']","[16, 32, 64, 128, 256]","[1, 2, 3, 4]","[0, 0.1, 0.2, 0.3, 0.5]","['relu', 'tanh', 'sigmoid', 'elu']","[1e-05, 0.01]","[2, 3, 4, 5, 6, 7, 8, 9, 10, 11, 12, 13, 14, 15, 16, 17, 18, 19, 20, 21, 22, 23, 24, 25, 26, 27, 28, 29, 30]","[16, 32, 64, 128]","[5, 10, 15, 20]","[2, 3, 5, 7]","[2, 4, 8]",anneal,minimize,local
1jguld6t,27,204,1779202936546,,/home/meliani/nni-experiments/1jguld6t,5,exp_anneal_1800s_local_plus_ali_local_plus_ali,hpo,/home/meliani/Desktop/phd/fast-track/search_space.json,python3 trial.py --data ./local_plus_ali.csv,/home/meliani/Desktop/phd/fast-track,1,1800s,100000000,False,False,info,/home/meliani/nni-experiments,"['LSTM', 'GRU', 'CNN', 'RNN', 'TCN', 'Transformer', 'MLP']","[16, 32, 64, 128, 256]","[1, 2, 3, 4]","[0, 0.1, 0.2, 0.3, 0.5]","['relu', 'tanh', 'sigmoid', 'elu']","[1e-05, 0.01]","[2, 3, 4, 5, 6, 7, 8, 9, 10, 11, 12, 13, 14, 15, 16, 17, 18, 19, 20, 21, 22, 23, 24, 25, 26, 27, 28, 29, 30]","[16, 32, 64, 128]","[5, 10, 15, 20]","[2, 3, 5, 7]","[2, 4, 8]",anneal,minimize,local
1jguld6t,28,210,1779202936546,,/home/meliani/nni-experiments/1jguld6t,5,exp_anneal_1800s_local_plus_ali_local_plus_ali,hpo,/home/meliani/Desktop/phd/fast-track/search_space.json,python3 trial.py --data ./local_plus_ali.csv,/home/meliani/Desktop/phd/fast-track,1,1800s,100000000,False,False,info,/home/meliani/nni-experiments,"['LSTM', 'GRU', 'CNN', 'RNN', 'TCN', 'Transformer', 'MLP']","[16, 32, 64, 128, 256]","[1, 2, 3, 4]","[0, 0.1, 0.2, 0.3, 0.5]","['relu', 'tanh', 'sigmoid', 'elu']","[1e-05, 0.01]","[2, 3, 4, 5, 6, 7, 8, 9, 10, 11, 12, 13, 14, 15, 16, 17, 18, 19, 20, 21, 22, 23, 24, 25, 26, 27, 28, 29, 30]","[16, 32, 64, 128]","[5, 10, 15, 20]","[2, 3, 5, 7]","[2, 4, 8]",anneal,minimize,local
1jguld6t,29,220,1779202936546,,/home/meliani/nni-experiments/1jguld6t,5,exp_anneal_1800s_local_plus_ali_local_plus_ali,hpo,/home/meliani/Desktop/phd/fast-track/search_space.json,python3 trial.py --data ./local_plus_ali.csv,/home/meliani/Desktop/phd/fast-track,1,1800s,100000000,False,False,info,/home/meliani/nni-experiments,"['LSTM', 'GRU', 'CNN', 'RNN', 'TCN', 'Transformer', 'MLP']","[16, 32, 64, 128, 256]","[1, 2, 3, 4]","[0, 0.1, 0.2, 0.3, 0.5]","['relu', 'tanh', 'sigmoid', 'elu']","[1e-05, 0.01]","[2, 3, 4, 5, 6, 7, 8, 9, 10, 11, 12, 13, 14, 15, 16, 17, 18, 19, 20, 21, 22, 23, 24, 25, 26, 27, 28, 29, 30]","[16, 32, 64, 128]","[5, 10, 15, 20]","[2, 3, 5, 7]","[2, 4, 8]",anneal,minimize,local
1jguld6t,30,225,1779202936546,,/home/meliani/nni-experiments/1jguld6t,6,exp_anneal_1800s_local_plus_ali_local_plus_ali,hpo,/home/meliani/Desktop/phd/fast-track/search_space.json,python3 trial.py --data ./local_plus_ali.csv,/home/meliani/Desktop/phd/fast-track,1,1800s,100000000,False,False,info,/home/meliani/nni-experiments,"['LSTM', 'GRU', 'CNN', 'RNN', 'TCN', 'Transformer', 'MLP']","[16, 32, 64, 128, 256]","[1, 2, 3, 4]","[0, 0.1, 0.2, 0.3, 0.5]","['relu', 'tanh', 'sigmoid', 'elu']","[1e-05, 0.01]","[2, 3, 4, 5, 6, 7, 8, 9, 10, 11, 12, 13, 14, 15, 16, 17, 18, 19, 20, 21, 22, 23, 24, 25, 26, 27, 28, 29, 30]","[16, 32, 64, 128]","[5, 10, 15, 20]","[2, 3, 5, 7]","[2, 4, 8]",anneal,minimize,local
1jguld6t,31,230,1779202936546,,/home/meliani/nni-experiments/1jguld6t,6,exp_anneal_1800s_local_plus_ali_local_plus_ali,hpo,/home/meliani/Desktop/phd/fast-track/search_space.json,python3 trial.py --data ./local_plus_ali.csv,/home/meliani/Desktop/phd/fast-track,1,1800s,100000000,False,False,info,/home/meliani/nni-experiments,"['LSTM', 'GRU', 'CNN', 'RNN', 'TCN', 'Transformer', 'MLP']","[16, 32, 64, 128, 256]","[1, 2, 3, 4]","[0, 0.1, 0.2, 0.3, 0.5]","['relu', 'tanh', 'sigmoid', 'elu']","[1e-05, 0.01]","[2, 3, 4, 5, 6, 7, 8, 9, 10, 11, 12, 13, 14, 15, 16, 17, 18, 19, 20, 21, 22, 23, 24, 25, 26, 27, 28, 29, 30]","[16, 32, 64, 128]","[5, 10, 15, 20]","[2, 3, 5, 7]","[2, 4, 8]",anneal,minimize,local
1jguld6t,32,233,1779202936546,,/home/meliani/nni-experiments/1jguld6t,7,exp_anneal_1800s_local_plus_ali_local_plus_ali,hpo,/home/meliani/Desktop/phd/fast-track/search_space.json,python3 trial.py --data ./local_plus_ali.csv,/home/meliani/Desktop/phd/fast-track,1,1800s,100000000,False,False,info,/home/meliani/nni-experiments,"['LSTM', 'GRU', 'CNN', 'RNN', 'TCN', 'Transformer', 'MLP']","[16, 32, 64, 128, 256]","[1, 2, 3, 4]","[0, 0.1, 0.2, 0.3, 0.5]","['relu', 'tanh', 'sigmoid', 'elu']","[1e-05, 0.01]","[2, 3, 4, 5, 6, 7, 8, 9, 10, 11, 12, 13, 14, 15, 16, 17, 18, 19, 20, 21, 22, 23, 24, 25, 26, 27, 28, 29, 30]","[16, 32, 64, 128]","[5, 10, 15, 20]","[2, 3, 5, 7]","[2, 4, 8]",anneal,minimize,local
1jguld6t,33,240,1779202936546,,/home/meliani/nni-experiments/1jguld6t,7,exp_anneal_1800s_local_plus_ali_local_plus_ali,hpo,/home/meliani/Desktop/phd/fast-track/search_space.json,python3 trial.py --data ./local_plus_ali.csv,/home/meliani/Desktop/phd/fast-track,1,1800s,100000000,False,False,info,/home/meliani/nni-experiments,"['LSTM', 'GRU', 'CNN', 'RNN', 'TCN', 'Transformer', 'MLP']","[16, 32, 64, 128, 256]","[1, 2, 3, 4]","[0, 0.1, 0.2, 0.3, 0.5]","['relu', 'tanh', 'sigmoid', 'elu']","[1e-05, 0.01]","[2, 3, 4, 5, 6, 7, 8, 9, 10, 11, 12, 13, 14, 15, 16, 17, 18, 19, 20, 21, 22, 23, 24, 25, 26, 27, 28, 29, 30]","[16, 32, 64, 128]","[5, 10, 15, 20]","[2, 3, 5, 7]","[2, 4, 8]",anneal,minimize,local
1jguld6t,34,250,1779202936546,,/home/meliani/nni-experiments/1jguld6t,7,exp_anneal_1800s_local_plus_ali_local_plus_ali,hpo,/home/meliani/Desktop/phd/fast-track/search_space.json,python3 trial.py --data ./local_plus_ali.csv,/home/meliani/Desktop/phd/fast-track,1,1800s,100000000,False,False,info,/home/meliani/nni-experiments,"['LSTM', 'GRU', 'CNN', 'RNN', 'TCN', 'Transformer', 'MLP']","[16, 32, 64, 128, 256]","[1, 2, 3, 4]","[0, 0.1, 0.2, 0.3, 0.5]","['relu', 'tanh', 'sigmoid', 'elu']","[1e-05, 0.01]","[2, 3, 4, 5, 6, 7, 8, 9, 10, 11, 12, 13, 14, 15, 16, 17, 18, 19, 20, 21, 22, 23, 24, 25, 26, 27, 28, 29, 30]","[16, 32, 64, 128]","[5, 10, 15, 20]","[2, 3, 5, 7]","[2, 4, 8]",anneal,minimize,local
1jguld6t,35,260,1779202936546,,/home/meliani/nni-experiments/1jguld6t,7,exp_anneal_1800s_local_plus_ali_local_plus_ali,hpo,/home/meliani/Desktop/phd/fast-track/search_space.json,python3 trial.py --data ./local_plus_ali.csv,/home/meliani/Desktop/phd/fast-track,1,1800s,100000000,False,False,info,/home/meliani/nni-experiments,"['LSTM', 'GRU', 'CNN', 'RNN', 'TCN', 'Transformer', 'MLP']","[16, 32, 64, 128, 256]","[1, 2, 3, 4]","[0, 0.1, 0.2, 0.3, 0.5]","['relu', 'tanh', 'sigmoid', 'elu']","[1e-05, 0.01]","[2, 3, 4, 5, 6, 7, 8, 9, 10, 11, 12, 13, 14, 15, 16, 17, 18, 19, 20, 21, 22, 23, 24, 25, 26, 27, 28, 29, 30]","[16, 32, 64, 128]","[5, 10, 15, 20]","[2, 3, 5, 7]","[2, 4, 8]",anneal,minimize,local
1jguld6t,36,270,1779202936546,,/home/meliani/nni-experiments/1jguld6t,7,exp_anneal_1800s_local_plus_ali_local_plus_ali,hpo,/home/meliani/Desktop/phd/fast-track/search_space.json,python3 trial.py --data ./local_plus_ali.csv,/home/meliani/Desktop/phd/fast-track,1,1800s,100000000,False,False,info,/home/meliani/nni-experiments,"['LSTM', 'GRU', 'CNN', 'RNN', 'TCN', 'Transformer', 'MLP']","[16, 32, 64, 128, 256]","[1, 2, 3, 4]","[0, 0.1, 0.2, 0.3, 0.5]","['relu', 'tanh', 'sigmoid', 'elu']","[1e-05, 0.01]","[2, 3, 4, 5, 6, 7, 8, 9, 10, 11, 12, 13, 14, 15, 16, 17, 18, 19, 20, 21, 22, 23, 24, 25, 26, 27, 28, 29, 30]","[16, 32, 64, 128]","[5, 10, 15, 20]","[2, 3, 5, 7]","[2, 4, 8]",anneal,minimize,local
1jguld6t,37,280,1779202936546,,/home/meliani/nni-experiments/1jguld6t,7,exp_anneal_1800s_local_plus_ali_local_plus_ali,hpo,/home/meliani/Desktop/phd/fast-track/search_space.json,python3 trial.py --data ./local_plus_ali.csv,/home/meliani/Desktop/phd/fast-track,1,1800s,100000000,False,False,info,/home/meliani/nni-experiments,"['LSTM', 'GRU', 'CNN', 'RNN', 'TCN', 'Transformer', 'MLP']","[16, 32, 64, 128, 256]","[1, 2, 3, 4]","[0, 0.1, 0.2, 0.3, 0.5]","['relu', 'tanh', 'sigmoid', 'elu']","[1e-05, 0.01]","[2, 3, 4, 5, 6, 7, 8, 9, 10, 11, 12, 13, 14, 15, 16, 17, 18, 19, 20, 21, 22, 23, 24, 25, 26, 27, 28, 29, 30]","[16, 32, 64, 128]","[5, 10, 15, 20]","[2, 3, 5, 7]","[2, 4, 8]",anneal,minimize,local
1jguld6t,38,290,1779202936546,,/home/meliani/nni-experiments/1jguld6t,7,exp_anneal_1800s_local_plus_ali_local_plus_ali,hpo,/home/meliani/Desktop/phd/fast-track/search_space.json,python3 trial.py --data ./local_plus_ali.csv,/home/meliani/Desktop/phd/fast-track,1,1800s,100000000,False,False,info,/home/meliani/nni-experiments,"['LSTM', 'GRU', 'CNN', 'RNN', 'TCN', 'Transformer', 'MLP']","[16, 32, 64, 128, 256]","[1, 2, 3, 4]","[0, 0.1, 0.2, 0.3, 0.5]","['relu', 'tanh', 'sigmoid', 'elu']","[1e-05, 0.01]","[2, 3, 4, 5, 6, 7, 8, 9, 10, 11, 12, 13, 14, 15, 16, 17, 18, 19, 20, 21, 22, 23, 24, 25, 26, 27, 28, 29, 30]","[16, 32, 64, 128]","[5, 10, 15, 20]","[2, 3, 5, 7]","[2, 4, 8]",anneal,minimize,local
1jguld6t,39,300,1779202936546,,/home/meliani/nni-experiments/1jguld6t,7,exp_anneal_1800s_local_plus_ali_local_plus_ali,hpo,/home/meliani/Desktop/phd/fast-track/search_space.json,python3 trial.py --data ./local_plus_ali.csv,/home/meliani/Desktop/phd/fast-track,1,1800s,100000000,False,False,info,/home/meliani/nni-experiments,"['LSTM', 'GRU', 'CNN', 'RNN', 'TCN', 'Transformer', 'MLP']","[16, 32, 64, 128, 256]","[1, 2, 3, 4]","[0, 0.1, 0.2, 0.3, 0.5]","['relu', 'tanh', 'sigmoid', 'elu']","[1e-05, 0.01]","[2, 3, 4, 5, 6, 7, 8, 9, 10, 11, 12, 13, 14, 15, 16, 17, 18, 19, 20, 21, 22, 23, 24, 25, 26, 27, 28, 29, 30]","[16, 32, 64, 128]","[5, 10, 15, 20]","[2, 3, 5, 7]","[2, 4, 8]",anneal,minimize,local
1jguld6t,40,304,1779202936546,,/home/meliani/nni-experiments/1jguld6t,8,exp_anneal_1800s_local_plus_ali_local_plus_ali,hpo,/home/meliani/Desktop/phd/fast-track/search_space.json,python3 trial.py --data ./local_plus_ali.csv,/home/meliani/Desktop/phd/fast-track,1,1800s,100000000,False,False,info,/home/meliani/nni-experiments,"['LSTM', 'GRU', 'CNN', 'RNN', 'TCN', 'Transformer', 'MLP']","[16, 32, 64, 128, 256]","[1, 2, 3, 4]","[0, 0.1, 0.2, 0.3, 0.5]","['relu', 'tanh', 'sigmoid', 'elu']","[1e-05, 0.01]","[2, 3, 4, 5, 6, 7, 8, 9, 10, 11, 12, 13, 14, 15, 16, 17, 18, 19, 20, 21, 22, 23, 24, 25, 26, 27, 28, 29, 30]","[16, 32, 64, 128]","[5, 10, 15, 20]","[2, 3, 5, 7]","[2, 4, 8]",anneal,minimize,local
1jguld6t,41,310,1779202936546,,/home/meliani/nni-experiments/1jguld6t,8,exp_anneal_1800s_local_plus_ali_local_plus_ali,hpo,/home/meliani/Desktop/phd/fast-track/search_space.json,python3 trial.py --data ./local_plus_ali.csv,/home/meliani/Desktop/phd/fast-track,1,1800s,100000000,False,False,info,/home/meliani/nni-experiments,"['LSTM', 'GRU', 'CNN', 'RNN', 'TCN', 'Transformer', 'MLP']","[16, 32, 64, 128, 256]","[1, 2, 3, 4]","[0, 0.1, 0.2, 0.3, 0.5]","['relu', 'tanh', 'sigmoid', 'elu']","[1e-05, 0.01]","[2, 3, 4, 5, 6, 7, 8, 9, 10, 11, 12, 13, 14, 15, 16, 17, 18, 19, 20, 21, 22, 23, 24, 25, 26, 27, 28, 29, 30]","[16, 32, 64, 128]","[5, 10, 15, 20]","[2, 3, 5, 7]","[2, 4, 8]",anneal,minimize,local
1jguld6t,42,310,1779202936546,,/home/meliani/nni-experiments/1jguld6t,9,exp_anneal_1800s_local_plus_ali_local_plus_ali,hpo,/home/meliani/Desktop/phd/fast-track/search_space.json,python3 trial.py --data ./local_plus_ali.csv,/home/meliani/Desktop/phd/fast-track,1,1800s,100000000,False,False,info,/home/meliani/nni-experiments,"['LSTM', 'GRU', 'CNN', 'RNN', 'TCN', 'Transformer', 'MLP']","[16, 32, 64, 128, 256]","[1, 2, 3, 4]","[0, 0.1, 0.2, 0.3, 0.5]","['relu', 'tanh', 'sigmoid', 'elu']","[1e-05, 0.01]","[2, 3, 4, 5, 6, 7, 8, 9, 10, 11, 12, 13, 14, 15, 16, 17, 18, 19, 20, 21, 22, 23, 24, 25, 26, 27, 28, 29, 30]","[16, 32, 64, 128]","[5, 10, 15, 20]","[2, 3, 5, 7]","[2, 4, 8]",anneal,minimize,local
1jguld6t,43,320,1779202936546,,/home/meliani/nni-experiments/1jguld6t,9,exp_anneal_1800s_local_plus_ali_local_plus_ali,hpo,/home/meliani/Desktop/phd/fast-track/search_space.json,python3 trial.py --data ./local_plus_ali.csv,/home/meliani/Desktop/phd/fast-track,1,1800s,100000000,False,False,info,/home/meliani/nni-experiments,"['LSTM', 'GRU', 'CNN', 'RNN', 'TCN', 'Transformer', 'MLP']","[16, 32, 64, 128, 256]","[1, 2, 3, 4]","[0, 0.1, 0.2, 0.3, 0.5]","['relu', 'tanh', 'sigmoid', 'elu']","[1e-05, 0.01]","[2, 3, 4, 5, 6, 7, 8, 9, 10, 11, 12, 13, 14, 15, 16, 17, 18, 19, 20, 21, 22, 23, 24, 25, 26, 27, 28, 29, 30]","[16, 32, 64, 128]","[5, 10, 15, 20]","[2, 3, 5, 7]","[2, 4, 8]",anneal,minimize,local
1jguld6t,44,330,1779202936546,,/home/meliani/nni-experiments/1jguld6t,9,exp_anneal_1800s_local_plus_ali_local_plus_ali,hpo,/home/meliani/Desktop/phd/fast-track/search_space.json,python3 trial.py --data ./local_plus_ali.csv,/home/meliani/Desktop/phd/fast-track,1,1800s,100000000,False,False,info,/home/meliani/nni-experiments,"['LSTM', 'GRU', 'CNN', 'RNN', 'TCN', 'Transformer', 'MLP']","[16, 32, 64, 128, 256]","[1, 2, 3, 4]","[0, 0.1, 0.2, 0.3, 0.5]","['relu', 'tanh', 'sigmoid', 'elu']","[1e-05, 0.01]","[2, 3, 4, 5, 6, 7, 8, 9, 10, 11, 12, 13, 14, 15, 16, 17, 18, 19, 20, 21, 22, 23, 24, 25, 26, 27, 28, 29, 30]","[16, 32, 64, 128]","[5, 10, 15, 20]","[2, 3, 5, 7]","[2, 4, 8]",anneal,minimize,local
1jguld6t,45,340,1779202936546,,/home/meliani/nni-experiments/1jguld6t,9,exp_anneal_1800s_local_plus_ali_local_plus_ali,hpo,/home/meliani/Desktop/phd/fast-track/search_space.json,python3 trial.py --data ./local_plus_ali.csv,/home/meliani/Desktop/phd/fast-track,1,1800s,100000000,False,False,info,/home/meliani/nni-experiments,"['LSTM', 'GRU', 'CNN', 'RNN', 'TCN', 'Transformer', 'MLP']","[16, 32, 64, 128, 256]","[1, 2, 3, 4]","[0, 0.1, 0.2, 0.3, 0.5]","['relu', 'tanh', 'sigmoid', 'elu']","[1e-05, 0.01]","[2, 3, 4, 5, 6, 7, 8, 9, 10, 11, 12, 13, 14, 15, 16, 17, 18, 19, 20, 21, 22, 23, 24, 25, 26, 27, 28, 29, 30]","[16, 32, 64, 128]","[5, 10, 15, 20]","[2, 3, 5, 7]","[2, 4, 8]",anneal,minimize,local
1jguld6t,46,350,1779202936546,,/home/meliani/nni-experiments/1jguld6t,9,exp_anneal_1800s_local_plus_ali_local_plus_ali,hpo,/home/meliani/Desktop/phd/fast-track/search_space.json,python3 trial.py --data ./local_plus_ali.csv,/home/meliani/Desktop/phd/fast-track,1,1800s,100000000,False,False,info,/home/meliani/nni-experiments,"['LSTM', 'GRU', 'CNN', 'RNN', 'TCN', 'Transformer', 'MLP']","[16, 32, 64, 128, 256]","[1, 2, 3, 4]","[0, 0.1, 0.2, 0.3, 0.5]","['relu', 'tanh', 'sigmoid', 'elu']","[1e-05, 0.01]","[2, 3, 4, 5, 6, 7, 8, 9, 10, 11, 12, 13, 14, 15, 16, 17, 18, 19, 20, 21, 22, 23, 24, 25, 26, 27, 28, 29, 30]","[16, 32, 64, 128]","[5, 10, 15, 20]","[2, 3, 5, 7]","[2, 4, 8]",anneal,minimize,local
1jguld6t,47,360,1779202936546,,/home/meliani/nni-experiments/1jguld6t,9,exp_anneal_1800s_local_plus_ali_local_plus_ali,hpo,/home/meliani/Desktop/phd/fast-track/search_space.json,python3 trial.py --data ./local_plus_ali.csv,/home/meliani/Desktop/phd/fast-track,1,1800s,100000000,False,False,info,/home/meliani/nni-experiments,"['LSTM', 'GRU', 'CNN', 'RNN', 'TCN', 'Transformer', 'MLP']","[16, 32, 64, 128, 256]","[1, 2, 3, 4]","[0, 0.1, 0.2, 0.3, 0.5]","['relu', 'tanh', 'sigmoid', 'elu']","[1e-05, 0.01]","[2, 3, 4, 5, 6, 7, 8, 9, 10, 11, 12, 13, 14, 15, 16, 17, 18, 19, 20, 21, 22, 23, 24, 25, 26, 27, 28, 29, 30]","[16, 32, 64, 128]","[5, 10, 15, 20]","[2, 3, 5, 7]","[2, 4, 8]",anneal,minimize,local
1jguld6t,48,370,1779202936546,,/home/meliani/nni-experiments/1jguld6t,9,exp_anneal_1800s_local_plus_ali_local_plus_ali,hpo,/home/meliani/Desktop/phd/fast-track/search_space.json,python3 trial.py --data ./local_plus_ali.csv,/home/meliani/Desktop/phd/fast-track,1,1800s,100000000,False,False,info,/home/meliani/nni-experiments,"['LSTM', 'GRU', 'CNN', 'RNN', 'TCN', 'Transformer', 'MLP']","[16, 32, 64, 128, 256]","[1, 2, 3, 4]","[0, 0.1, 0.2, 0.3, 0.5]","['relu', 'tanh', 'sigmoid', 'elu']","[1e-05, 0.01]","[2, 3, 4, 5, 6, 7, 8, 9, 10, 11, 12, 13, 14, 15, 16, 17, 18, 19, 20, 21, 22, 23, 24, 25, 26, 27, 28, 29, 30]","[16, 32, 64, 128]","[5, 10, 15, 20]","[2, 3, 5, 7]","[2, 4, 8]",anneal,minimize,local
1jguld6t,49,380,1779202936546,,/home/meliani/nni-experiments/1jguld6t,9,exp_anneal_1800s_local_plus_ali_local_plus_ali,hpo,/home/meliani/Desktop/phd/fast-track/search_space.json,python3 trial.py --data ./local_plus_ali.csv,/home/meliani/Desktop/phd/fast-track,1,1800s,100000000,False,False,info,/home/meliani/nni-experiments,"['LSTM', 'GRU', 'CNN', 'RNN', 'TCN', 'Transformer', 'MLP']","[16, 32, 64, 128, 256]","[1, 2, 3, 4]","[0, 0.1, 0.2, 0.3, 0.5]","['relu', 'tanh', 'sigmoid', 'elu']","[1e-05, 0.01]","[2, 3, 4, 5, 6, 7, 8, 9, 10, 11, 12, 13, 14, 15, 16, 17, 18, 19, 20, 21, 22, 23, 24, 25, 26, 27, 28, 29, 30]","[16, 32, 64, 128]","[5, 10, 15, 20]","[2, 3, 5, 7]","[2, 4, 8]",anneal,minimize,local
1jguld6t,50,390,1779202936546,,/home/meliani/nni-experiments/1jguld6t,9,exp_anneal_1800s_local_plus_ali_local_plus_ali,hpo,/home/meliani/Desktop/phd/fast-track/search_space.json,python3 trial.py --data ./local_plus_ali.csv,/home/meliani/Desktop/phd/fast-track,1,1800s,100000000,False,False,info,/home/meliani/nni-experiments,"['LSTM', 'GRU', 'CNN', 'RNN', 'TCN', 'Transformer', 'MLP']","[16, 32, 64, 128, 256]","[1, 2, 3, 4]","[0, 0.1, 0.2, 0.3, 0.5]","['relu', 'tanh', 'sigmoid', 'elu']","[1e-05, 0.01]","[2, 3, 4, 5, 6, 7, 8, 9, 10, 11, 12, 13, 14, 15, 16, 17, 18, 19, 20, 21, 22, 23, 24, 25, 26, 27, 28, 29, 30]","[16, 32, 64, 128]","[5, 10, 15, 20]","[2, 3, 5, 7]","[2, 4, 8]",anneal,minimize,local
1jguld6t,51,400,1779202936546,,/home/meliani/nni-experiments/1jguld6t,9,exp_anneal_1800s_local_plus_ali_local_plus_ali,hpo,/home/meliani/Desktop/phd/fast-track/search_space.json,python3 trial.py --data ./local_plus_ali.csv,/home/meliani/Desktop/phd/fast-track,1,1800s,100000000,False,False,info,/home/meliani/nni-experiments,"['LSTM', 'GRU', 'CNN', 'RNN', 'TCN', 'Transformer', 'MLP']","[16, 32, 64, 128, 256]","[1, 2, 3, 4]","[0, 0.1, 0.2, 0.3, 0.5]","['relu', 'tanh', 'sigmoid', 'elu']","[1e-05, 0.01]","[2, 3, 4, 5, 6, 7, 8, 9, 10, 11, 12, 13, 14, 15, 16, 17, 18, 19, 20, 21, 22, 23, 24, 25, 26, 27, 28, 29, 30]","[16, 32, 64, 128]","[5, 10, 15, 20]","[2, 3, 5, 7]","[2, 4, 8]",anneal,minimize,local
1jguld6t,52,410,1779202936546,,/home/meliani/nni-experiments/1jguld6t,9,exp_anneal_1800s_local_plus_ali_local_plus_ali,hpo,/home/meliani/Desktop/phd/fast-track/search_space.json,python3 trial.py --data ./local_plus_ali.csv,/home/meliani/Desktop/phd/fast-track,1,1800s,100000000,False,False,info,/home/meliani/nni-experiments,"['LSTM', 'GRU', 'CNN', 'RNN', 'TCN', 'Transformer', 'MLP']","[16, 32, 64, 128, 256]","[1, 2, 3, 4]","[0, 0.1, 0.2, 0.3, 0.5]","['relu', 'tanh', 'sigmoid', 'elu']","[1e-05, 0.01]","[2, 3, 4, 5, 6, 7, 8, 9, 10, 11, 12, 13, 14, 15, 16, 17, 18, 19, 20, 21, 22, 23, 24, 25, 26, 27, 28, 29, 30]","[16, 32, 64, 128]","[5, 10, 15, 20]","[2, 3, 5, 7]","[2, 4, 8]",anneal,minimize,local
1jguld6t,53,412,1779202936546,,/home/meliani/nni-experiments/1jguld6t,10,exp_anneal_1800s_local_plus_ali_local_plus_ali,hpo,/home/meliani/Desktop/phd/fast-track/search_space.json,python3 trial.py --data ./local_plus_ali.csv,/home/meliani/Desktop/phd/fast-track,1,1800s,100000000,False,False,info,/home/meliani/nni-experiments,"['LSTM', 'GRU', 'CNN', 'RNN', 'TCN', 'Transformer', 'MLP']","[16, 32, 64, 128, 256]","[1, 2, 3, 4]","[0, 0.1, 0.2, 0.3, 0.5]","['relu', 'tanh', 'sigmoid', 'elu']","[1e-05, 0.01]","[2, 3, 4, 5, 6, 7, 8, 9, 10, 11, 12, 13, 14, 15, 16, 17, 18, 19, 20, 21, 22, 23, 24, 25, 26, 27, 28, 29, 30]","[16, 32, 64, 128]","[5, 10, 15, 20]","[2, 3, 5, 7]","[2, 4, 8]",anneal,minimize,local
1jguld6t,54,420,1779202936546,,/home/meliani/nni-experiments/1jguld6t,10,exp_anneal_1800s_local_plus_ali_local_plus_ali,hpo,/home/meliani/Desktop/phd/fast-track/search_space.json,python3 trial.py --data ./local_plus_ali.csv,/home/meliani/Desktop/phd/fast-track,1,1800s,100000000,False,False,info,/home/meliani/nni-experiments,"['LSTM', 'GRU', 'CNN', 'RNN', 'TCN', 'Transformer', 'MLP']","[16, 32, 64, 128, 256]","[1, 2, 3, 4]","[0, 0.1, 0.2, 0.3, 0.5]","['relu', 'tanh', 'sigmoid', 'elu']","[1e-05, 0.01]","[2, 3, 4, 5, 6, 7, 8, 9, 10, 11, 12, 13, 14, 15, 16, 17, 18, 19, 20, 21, 22, 23, 24, 25, 26, 27, 28, 29, 30]","[16, 32, 64, 128]","[5, 10, 15, 20]","[2, 3, 5, 7]","[2, 4, 8]",anneal,minimize,local
1jguld6t,55,430,1779202936546,,/home/meliani/nni-experiments/1jguld6t,10,exp_anneal_1800s_local_plus_ali_local_plus_ali,hpo,/home/meliani/Desktop/phd/fast-track/search_space.json,python3 trial.py --data ./local_plus_ali.csv,/home/meliani/Desktop/phd/fast-track,1,1800s,100000000,False,False,info,/home/meliani/nni-experiments,"['LSTM', 'GRU', 'CNN', 'RNN', 'TCN', 'Transformer', 'MLP']","[16, 32, 64, 128, 256]","[1, 2, 3, 4]","[0, 0.1, 0.2, 0.3, 0.5]","['relu', 'tanh', 'sigmoid', 'elu']","[1e-05, 0.01]","[2, 3, 4, 5, 6, 7, 8, 9, 10, 11, 12, 13, 14, 15, 16, 17, 18, 19, 20, 21, 22, 23, 24, 25, 26, 27, 28, 29, 30]","[16, 32, 64, 128]","[5, 10, 15, 20]","[2, 3, 5, 7]","[2, 4, 8]",anneal,minimize,local
1jguld6t,56,440,1779202936546,,/home/meliani/nni-experiments/1jguld6t,10,exp_anneal_1800s_local_plus_ali_local_plus_ali,hpo,/home/meliani/Desktop/phd/fast-track/search_space.json,python3 trial.py --data ./local_plus_ali.csv,/home/meliani/Desktop/phd/fast-track,1,1800s,100000000,False,False,info,/home/meliani/nni-experiments,"['LSTM', 'GRU', 'CNN', 'RNN', 'TCN', 'Transformer', 'MLP']","[16, 32, 64, 128, 256]","[1, 2, 3, 4]","[0, 0.1, 0.2, 0.3, 0.5]","['relu', 'tanh', 'sigmoid', 'elu']","[1e-05, 0.01]","[2, 3, 4, 5, 6, 7, 8, 9, 10, 11, 12, 13, 14, 15, 16, 17, 18, 19, 20, 21, 22, 23, 24, 25, 26, 27, 28, 29, 30]","[16, 32, 64, 128]","[5, 10, 15, 20]","[2, 3, 5, 7]","[2, 4, 8]",anneal,minimize,local
1jguld6t,57,450,1779202936546,,/home/meliani/nni-experiments/1jguld6t,10,exp_anneal_1800s_local_plus_ali_local_plus_ali,hpo,/home/meliani/Desktop/phd/fast-track/search_space.json,python3 trial.py --data ./local_plus_ali.csv,/home/meliani/Desktop/phd/fast-track,1,1800s,100000000,False,False,info,/home/meliani/nni-experiments,"['LSTM', 'GRU', 'CNN', 'RNN', 'TCN', 'Transformer', 'MLP']","[16, 32, 64, 128, 256]","[1, 2, 3, 4]","[0, 0.1, 0.2, 0.3, 0.5]","['relu', 'tanh', 'sigmoid', 'elu']","[1e-05, 0.01]","[2, 3, 4, 5, 6, 7, 8, 9, 10, 11, 12, 13, 14, 15, 16, 17, 18, 19, 20, 21, 22, 23, 24, 25, 26, 27, 28, 29, 30]","[16, 32, 64, 128]","[5, 10, 15, 20]","[2, 3, 5, 7]","[2, 4, 8]",anneal,minimize,local
1jguld6t,58,460,1779202936546,,/home/meliani/nni-experiments/1jguld6t,10,exp_anneal_1800s_local_plus_ali_local_plus_ali,hpo,/home/meliani/Desktop/phd/fast-track/search_space.json,python3 trial.py --data ./local_plus_ali.csv,/home/meliani/Desktop/phd/fast-track,1,1800s,100000000,False,False,info,/home/meliani/nni-experiments,"['LSTM', 'GRU', 'CNN', 'RNN', 'TCN', 'Transformer', 'MLP']","[16, 32, 64, 128, 256]","[1, 2, 3, 4]","[0, 0.1, 0.2, 0.3, 0.5]","['relu', 'tanh', 'sigmoid', 'elu']","[1e-05, 0.01]","[2, 3, 4, 5, 6, 7, 8, 9, 10, 11, 12, 13, 14, 15, 16, 17, 18, 19, 20, 21, 22, 23, 24, 25, 26, 27, 28, 29, 30]","[16, 32, 64, 128]","[5, 10, 15, 20]","[2, 3, 5, 7]","[2, 4, 8]",anneal,minimize,local
1jguld6t,59,470,1779202936546,,/home/meliani/nni-experiments/1jguld6t,10,exp_anneal_1800s_local_plus_ali_local_plus_ali,hpo,/home/meliani/Desktop/phd/fast-track/search_space.json,python3 trial.py --data ./local_plus_ali.csv,/home/meliani/Desktop/phd/fast-track,1,1800s,100000000,False,False,info,/home/meliani/nni-experiments,"['LSTM', 'GRU', 'CNN', 'RNN', 'TCN', 'Transformer', 'MLP']","[16, 32, 64, 128, 256]","[1, 2, 3, 4]","[0, 0.1, 0.2, 0.3, 0.5]","['relu', 'tanh', 'sigmoid', 'elu']","[1e-05, 0.01]","[2, 3, 4, 5, 6, 7, 8, 9, 10, 11, 12, 13, 14, 15, 16, 17, 18, 19, 20, 21, 22, 23, 24, 25, 26, 27, 28, 29, 30]","[16, 32, 64, 128]","[5, 10, 15, 20]","[2, 3, 5, 7]","[2, 4, 8]",anneal,minimize,local
1jguld6t,60,480,1779202936546,,/home/meliani/nni-experiments/1jguld6t,10,exp_anneal_1800s_local_plus_ali_local_plus_ali,hpo,/home/meliani/Desktop/phd/fast-track/search_space.json,python3 trial.py --data ./local_plus_ali.csv,/home/meliani/Desktop/phd/fast-track,1,1800s,100000000,False,False,info,/home/meliani/nni-experiments,"['LSTM', 'GRU', 'CNN', 'RNN', 'TCN', 'Transformer', 'MLP']","[16, 32, 64, 128, 256]","[1, 2, 3, 4]","[0, 0.1, 0.2, 0.3, 0.5]","['relu', 'tanh', 'sigmoid', 'elu']","[1e-05, 0.01]","[2, 3, 4, 5, 6, 7, 8, 9, 10, 11, 12, 13, 14, 15, 16, 17, 18, 19, 20, 21, 22, 23, 24, 25, 26, 27, 28, 29, 30]","[16, 32, 64, 128]","[5, 10, 15, 20]","[2, 3, 5, 7]","[2, 4, 8]",anneal,minimize,local
1jguld6t,61,490,1779202936546,,/home/meliani/nni-experiments/1jguld6t,10,exp_anneal_1800s_local_plus_ali_local_plus_ali,hpo,/home/meliani/Desktop/phd/fast-track/search_space.json,python3 trial.py --data ./local_plus_ali.csv,/home/meliani/Desktop/phd/fast-track,1,1800s,100000000,False,False,info,/home/meliani/nni-experiments,"['LSTM', 'GRU', 'CNN', 'RNN', 'TCN', 'Transformer', 'MLP']","[16, 32, 64, 128, 256]","[1, 2, 3, 4]","[0, 0.1, 0.2, 0.3, 0.5]","['relu', 'tanh', 'sigmoid', 'elu']","[1e-05, 0.01]","[2, 3, 4, 5, 6, 7, 8, 9, 10, 11, 12, 13, 14, 15, 16, 17, 18, 19, 20, 21, 22, 23, 24, 25, 26, 27, 28, 29, 30]","[16, 32, 64, 128]","[5, 10, 15, 20]","[2, 3, 5, 7]","[2, 4, 8]",anneal,minimize,local
1jguld6t,62,493,1779202936546,,/home/meliani/nni-experiments/1jguld6t,11,exp_anneal_1800s_local_plus_ali_local_plus_ali,hpo,/home/meliani/Desktop/phd/fast-track/search_space.json,python3 trial.py --data ./local_plus_ali.csv,/home/meliani/Desktop/phd/fast-track,1,1800s,100000000,False,False,info,/home/meliani/nni-experiments,"['LSTM', 'GRU', 'CNN', 'RNN', 'TCN', 'Transformer', 'MLP']","[16, 32, 64, 128, 256]","[1, 2, 3, 4]","[0, 0.1, 0.2, 0.3, 0.5]","['relu', 'tanh', 'sigmoid', 'elu']","[1e-05, 0.01]","[2, 3, 4, 5, 6, 7, 8, 9, 10, 11, 12, 13, 14, 15, 16, 17, 18, 19, 20, 21, 22, 23, 24, 25, 26, 27, 28, 29, 30]","[16, 32, 64, 128]","[5, 10, 15, 20]","[2, 3, 5, 7]","[2, 4, 8]",anneal,minimize,local
1jguld6t,63,500,1779202936546,,/home/meliani/nni-experiments/1jguld6t,11,exp_anneal_1800s_local_plus_ali_local_plus_ali,hpo,/home/meliani/Desktop/phd/fast-track/search_space.json,python3 trial.py --data ./local_plus_ali.csv,/home/meliani/Desktop/phd/fast-track,1,1800s,100000000,False,False,info,/home/meliani/nni-experiments,"['LSTM', 'GRU', 'CNN', 'RNN', 'TCN', 'Transformer', 'MLP']","[16, 32, 64, 128, 256]","[1, 2, 3, 4]","[0, 0.1, 0.2, 0.3, 0.5]","['relu', 'tanh', 'sigmoid', 'elu']","[1e-05, 0.01]","[2, 3, 4, 5, 6, 7, 8, 9, 10, 11, 12, 13, 14, 15, 16, 17, 18, 19, 20, 21, 22, 23, 24, 25, 26, 27, 28, 29, 30]","[16, 32, 64, 128]","[5, 10, 15, 20]","[2, 3, 5, 7]","[2, 4, 8]",anneal,minimize,local
1jguld6t,64,510,1779202936546,,/home/meliani/nni-experiments/1jguld6t,11,exp_anneal_1800s_local_plus_ali_local_plus_ali,hpo,/home/meliani/Desktop/phd/fast-track/search_space.json,python3 trial.py --data ./local_plus_ali.csv,/home/meliani/Desktop/phd/fast-track,1,1800s,100000000,False,False,info,/home/meliani/nni-experiments,"['LSTM', 'GRU', 'CNN', 'RNN', 'TCN', 'Transformer', 'MLP']","[16, 32, 64, 128, 256]","[1, 2, 3, 4]","[0, 0.1, 0.2, 0.3, 0.5]","['relu', 'tanh', 'sigmoid', 'elu']","[1e-05, 0.01]","[2, 3, 4, 5, 6, 7, 8, 9, 10, 11, 12, 13, 14, 15, 16, 17, 18, 19, 20, 21, 22, 23, 24, 25, 26, 27, 28, 29, 30]","[16, 32, 64, 128]","[5, 10, 15, 20]","[2, 3, 5, 7]","[2, 4, 8]",anneal,minimize,local
1jguld6t,65,512,1779202936546,,/home/meliani/nni-experiments/1jguld6t,12,exp_anneal_1800s_local_plus_ali_local_plus_ali,hpo,/home/meliani/Desktop/phd/fast-track/search_space.json,python3 trial.py --data ./local_plus_ali.csv,/home/meliani/Desktop/phd/fast-track,1,1800s,100000000,False,False,info,/home/meliani/nni-experiments,"['LSTM', 'GRU', 'CNN', 'RNN', 'TCN', 'Transformer', 'MLP']","[16, 32, 64, 128, 256]","[1, 2, 3, 4]","[0, 0.1, 0.2, 0.3, 0.5]","['relu', 'tanh', 'sigmoid', 'elu']","[1e-05, 0.01]","[2, 3, 4, 5, 6, 7, 8, 9, 10, 11, 12, 13, 14, 15, 16, 17, 18, 19, 20, 21, 22, 23, 24, 25, 26, 27, 28, 29, 30]","[16, 32, 64, 128]","[5, 10, 15, 20]","[2, 3, 5, 7]","[2, 4, 8]",anneal,minimize,local
1jguld6t,66,520,1779202936546,,/home/meliani/nni-experiments/1jguld6t,12,exp_anneal_1800s_local_plus_ali_local_plus_ali,hpo,/home/meliani/Desktop/phd/fast-track/search_space.json,python3 trial.py --data ./local_plus_ali.csv,/home/meliani/Desktop/phd/fast-track,1,1800s,100000000,False,False,info,/home/meliani/nni-experiments,"['LSTM', 'GRU', 'CNN', 'RNN', 'TCN', 'Transformer', 'MLP']","[16, 32, 64, 128, 256]","[1, 2, 3, 4]","[0, 0.1, 0.2, 0.3, 0.5]","['relu', 'tanh', 'sigmoid', 'elu']","[1e-05, 0.01]","[2, 3, 4, 5, 6, 7, 8, 9, 10, 11, 12, 13, 14, 15, 16, 17, 18, 19, 20, 21, 22, 23, 24, 25, 26, 27, 28, 29, 30]","[16, 32, 64, 128]","[5, 10, 15, 20]","[2, 3, 5, 7]","[2, 4, 8]",anneal,minimize,local
1jguld6t,67,530,1779202936546,,/home/meliani/nni-experiments/1jguld6t,12,exp_anneal_1800s_local_plus_ali_local_plus_ali,hpo,/home/meliani/Desktop/phd/fast-track/search_space.json,python3 trial.py --data ./local_plus_ali.csv,/home/meliani/Desktop/phd/fast-track,1,1800s,100000000,False,False,info,/home/meliani/nni-experiments,"['LSTM', 'GRU', 'CNN', 'RNN', 'TCN', 'Transformer', 'MLP']","[16, 32, 64, 128, 256]","[1, 2, 3, 4]","[0, 0.1, 0.2, 0.3, 0.5]","['relu', 'tanh', 'sigmoid', 'elu']","[1e-05, 0.01]","[2, 3, 4, 5, 6, 7, 8, 9, 10, 11, 12, 13, 14, 15, 16, 17, 18, 19, 20, 21, 22, 23, 24, 25, 26, 27, 28, 29, 30]","[16, 32, 64, 128]","[5, 10, 15, 20]","[2, 3, 5, 7]","[2, 4, 8]",anneal,minimize,local
1jguld6t,68,540,1779202936546,,/home/meliani/nni-experiments/1jguld6t,12,exp_anneal_1800s_local_plus_ali_local_plus_ali,hpo,/home/meliani/Desktop/phd/fast-track/search_space.json,python3 trial.py --data ./local_plus_ali.csv,/home/meliani/Desktop/phd/fast-track,1,1800s,100000000,False,False,info,/home/meliani/nni-experiments,"['LSTM', 'GRU', 'CNN', 'RNN', 'TCN', 'Transformer', 'MLP']","[16, 32, 64, 128, 256]","[1, 2, 3, 4]","[0, 0.1, 0.2, 0.3, 0.5]","['relu', 'tanh', 'sigmoid', 'elu']","[1e-05, 0.01]","[2, 3, 4, 5, 6, 7, 8, 9, 10, 11, 12, 13, 14, 15, 16, 17, 18, 19, 20, 21, 22, 23, 24, 25, 26, 27, 28, 29, 30]","[16, 32, 64, 128]","[5, 10, 15, 20]","[2, 3, 5, 7]","[2, 4, 8]",anneal,minimize,local
1jguld6t,69,546,1779202936546,,/home/meliani/nni-experiments/1jguld6t,13,exp_anneal_1800s_local_plus_ali_local_plus_ali,hpo,/home/meliani/Desktop/phd/fast-track/search_space.json,python3 trial.py --data ./local_plus_ali.csv,/home/meliani/Desktop/phd/fast-track,1,1800s,100000000,False,False,info,/home/meliani/nni-experiments,"['LSTM', 'GRU', 'CNN', 'RNN', 'TCN', 'Transformer', 'MLP']","[16, 32, 64, 128, 256]","[1, 2, 3, 4]","[0, 0.1, 0.2, 0.3, 0.5]","['relu', 'tanh', 'sigmoid', 'elu']","[1e-05, 0.01]","[2, 3, 4, 5, 6, 7, 8, 9, 10, 11, 12, 13, 14, 15, 16, 17, 18, 19, 20, 21, 22, 23, 24, 25, 26, 27, 28, 29, 30]","[16, 32, 64, 128]","[5, 10, 15, 20]","[2, 3, 5, 7]","[2, 4, 8]",anneal,minimize,local
1jguld6t,70,550,1779202936546,,/home/meliani/nni-experiments/1jguld6t,13,exp_anneal_1800s_local_plus_ali_local_plus_ali,hpo,/home/meliani/Desktop/phd/fast-track/search_space.json,python3 trial.py --data ./local_plus_ali.csv,/home/meliani/Desktop/phd/fast-track,1,1800s,100000000,False,False,info,/home/meliani/nni-experiments,"['LSTM', 'GRU', 'CNN', 'RNN', 'TCN', 'Transformer', 'MLP']","[16, 32, 64, 128, 256]","[1, 2, 3, 4]","[0, 0.1, 0.2, 0.3, 0.5]","['relu', 'tanh', 'sigmoid', 'elu']","[1e-05, 0.01]","[2, 3, 4, 5, 6, 7, 8, 9, 10, 11, 12, 13, 14, 15, 16, 17, 18, 19, 20, 21, 22, 23, 24, 25, 26, 27, 28, 29, 30]","[16, 32, 64, 128]","[5, 10, 15, 20]","[2, 3, 5, 7]","[2, 4, 8]",anneal,minimize,local
1jguld6t,71,560,1779202936546,,/home/meliani/nni-experiments/1jguld6t,13,exp_anneal_1800s_local_plus_ali_local_plus_ali,hpo,/home/meliani/Desktop/phd/fast-track/search_space.json,python3 trial.py --data ./local_plus_ali.csv,/home/meliani/Desktop/phd/fast-track,1,1800s,100000000,False,False,info,/home/meliani/nni-experiments,"['LSTM', 'GRU', 'CNN', 'RNN', 'TCN', 'Transformer', 'MLP']","[16, 32, 64, 128, 256]","[1, 2, 3, 4]","[0, 0.1, 0.2, 0.3, 0.5]","['relu', 'tanh', 'sigmoid', 'elu']","[1e-05, 0.01]","[2, 3, 4, 5, 6, 7, 8, 9, 10, 11, 12, 13, 14, 15, 16, 17, 18, 19, 20, 21, 22, 23, 24, 25, 26, 27, 28, 29, 30]","[16, 32, 64, 128]","[5, 10, 15, 20]","[2, 3, 5, 7]","[2, 4, 8]",anneal,minimize,local
1jguld6t,72,570,1779202936546,,/home/meliani/nni-experiments/1jguld6t,13,exp_anneal_1800s_local_plus_ali_local_plus_ali,hpo,/home/meliani/Desktop/phd/fast-track/search_space.json,python3 trial.py --data ./local_plus_ali.csv,/home/meliani/Desktop/phd/fast-track,1,1800s,100000000,False,False,info,/home/meliani/nni-experiments,"['LSTM', 'GRU', 'CNN', 'RNN', 'TCN', 'Transformer', 'MLP']","[16, 32, 64, 128, 256]","[1, 2, 3, 4]","[0, 0.1, 0.2, 0.3, 0.5]","['relu', 'tanh', 'sigmoid', 'elu']","[1e-05, 0.01]","[2, 3, 4, 5, 6, 7, 8, 9, 10, 11, 12, 13, 14, 15, 16, 17, 18, 19, 20, 21, 22, 23, 24, 25, 26, 27, 28, 29, 30]","[16, 32, 64, 128]","[5, 10, 15, 20]","[2, 3, 5, 7]","[2, 4, 8]",anneal,minimize,local
1jguld6t,73,580,1779202936546,,/home/meliani/nni-experiments/1jguld6t,13,exp_anneal_1800s_local_plus_ali_local_plus_ali,hpo,/home/meliani/Desktop/phd/fast-track/search_space.json,python3 trial.py --data ./local_plus_ali.csv,/home/meliani/Desktop/phd/fast-track,1,1800s,100000000,False,False,info,/home/meliani/nni-experiments,"['LSTM', 'GRU', 'CNN', 'RNN', 'TCN', 'Transformer', 'MLP']","[16, 32, 64, 128, 256]","[1, 2, 3, 4]","[0, 0.1, 0.2, 0.3, 0.5]","['relu', 'tanh', 'sigmoid', 'elu']","[1e-05, 0.01]","[2, 3, 4, 5, 6, 7, 8, 9, 10, 11, 12, 13, 14, 15, 16, 17, 18, 19, 20, 21, 22, 23, 24, 25, 26, 27, 28, 29, 30]","[16, 32, 64, 128]","[5, 10, 15, 20]","[2, 3, 5, 7]","[2, 4, 8]",anneal,minimize,local
1jguld6t,74,590,1779202936546,,/home/meliani/nni-experiments/1jguld6t,13,exp_anneal_1800s_local_plus_ali_local_plus_ali,hpo,/home/meliani/Desktop/phd/fast-track/search_space.json,python3 trial.py --data ./local_plus_ali.csv,/home/meliani/Desktop/phd/fast-track,1,1800s,100000000,False,False,info,/home/meliani/nni-experiments,"['LSTM', 'GRU', 'CNN', 'RNN', 'TCN', 'Transformer', 'MLP']","[16, 32, 64, 128, 256]","[1, 2, 3, 4]","[0, 0.1, 0.2, 0.3, 0.5]","['relu', 'tanh', 'sigmoid', 'elu']","[1e-05, 0.01]","[2, 3, 4, 5, 6, 7, 8, 9, 10, 11, 12, 13, 14, 15, 16, 17, 18, 19, 20, 21, 22, 23, 24, 25, 26, 27, 28, 29, 30]","[16, 32, 64, 128]","[5, 10, 15, 20]","[2, 3, 5, 7]","[2, 4, 8]",anneal,minimize,local
1jguld6t,75,591,1779202936546,,/home/meliani/nni-experiments/1jguld6t,14,exp_anneal_1800s_local_plus_ali_local_plus_ali,hpo,/home/meliani/Desktop/phd/fast-track/search_space.json,python3 trial.py --data ./local_plus_ali.csv,/home/meliani/Desktop/phd/fast-track,1,1800s,100000000,False,False,info,/home/meliani/nni-experiments,"['LSTM', 'GRU', 'CNN', 'RNN', 'TCN', 'Transformer', 'MLP']","[16, 32, 64, 128, 256]","[1, 2, 3, 4]","[0, 0.1, 0.2, 0.3, 0.5]","['relu', 'tanh', 'sigmoid', 'elu']","[1e-05, 0.01]","[2, 3, 4, 5, 6, 7, 8, 9, 10, 11, 12, 13, 14, 15, 16, 17, 18, 19, 20, 21, 22, 23, 24, 25, 26, 27, 28, 29, 30]","[16, 32, 64, 128]","[5, 10, 15, 20]","[2, 3, 5, 7]","[2, 4, 8]",anneal,minimize,local
1jguld6t,76,600,1779202936546,,/home/meliani/nni-experiments/1jguld6t,14,exp_anneal_1800s_local_plus_ali_local_plus_ali,hpo,/home/meliani/Desktop/phd/fast-track/search_space.json,python3 trial.py --data ./local_plus_ali.csv,/home/meliani/Desktop/phd/fast-track,1,1800s,100000000,False,False,info,/home/meliani/nni-experiments,"['LSTM', 'GRU', 'CNN', 'RNN', 'TCN', 'Transformer', 'MLP']","[16, 32, 64, 128, 256]","[1, 2, 3, 4]","[0, 0.1, 0.2, 0.3, 0.5]","['relu', 'tanh', 'sigmoid', 'elu']","[1e-05, 0.01]","[2, 3, 4, 5, 6, 7, 8, 9, 10, 11, 12, 13, 14, 15, 16, 17, 18, 19, 20, 21, 22, 23, 24, 25, 26, 27, 28, 29, 30]","[16, 32, 64, 128]","[5, 10, 15, 20]","[2, 3, 5, 7]","[2, 4, 8]",anneal,minimize,local
1jguld6t,77,601,1779202936546,,/home/meliani/nni-experiments/1jguld6t,15,exp_anneal_1800s_local_plus_ali_local_plus_ali,hpo,/home/meliani/Desktop/phd/fast-track/search_space.json,python3 trial.py --data ./local_plus_ali.csv,/home/meliani/Desktop/phd/fast-track,1,1800s,100000000,False,False,info,/home/meliani/nni-experiments,"['LSTM', 'GRU', 'CNN', 'RNN', 'TCN', 'Transformer', 'MLP']","[16, 32, 64, 128, 256]","[1, 2, 3, 4]","[0, 0.1, 0.2, 0.3, 0.5]","['relu', 'tanh', 'sigmoid', 'elu']","[1e-05, 0.01]","[2, 3, 4, 5, 6, 7, 8, 9, 10, 11, 12, 13, 14, 15, 16, 17, 18, 19, 20, 21, 22, 23, 24, 25, 26, 27, 28, 29, 30]","[16, 32, 64, 128]","[5, 10, 15, 20]","[2, 3, 5, 7]","[2, 4, 8]",anneal,minimize,local
1jguld6t,78,610,1779202936546,,/home/meliani/nni-experiments/1jguld6t,15,exp_anneal_1800s_local_plus_ali_local_plus_ali,hpo,/home/meliani/Desktop/phd/fast-track/search_space.json,python3 trial.py --data ./local_plus_ali.csv,/home/meliani/Desktop/phd/fast-track,1,1800s,100000000,False,False,info,/home/meliani/nni-experiments,"['LSTM', 'GRU', 'CNN', 'RNN', 'TCN', 'Transformer', 'MLP']","[16, 32, 64, 128, 256]","[1, 2, 3, 4]","[0, 0.1, 0.2, 0.3, 0.5]","['relu', 'tanh', 'sigmoid', 'elu']","[1e-05, 0.01]","[2, 3, 4, 5, 6, 7, 8, 9, 10, 11, 12, 13, 14, 15, 16, 17, 18, 19, 20, 21, 22, 23, 24, 25, 26, 27, 28, 29, 30]","[16, 32, 64, 128]","[5, 10, 15, 20]","[2, 3, 5, 7]","[2, 4, 8]",anneal,minimize,local
1jguld6t,79,611,1779202936546,,/home/meliani/nni-experiments/1jguld6t,16,exp_anneal_1800s_local_plus_ali_local_plus_ali,hpo,/home/meliani/Desktop/phd/fast-track/search_space.json,python3 trial.py --data ./local_plus_ali.csv,/home/meliani/Desktop/phd/fast-track,1,1800s,100000000,False,False,info,/home/meliani/nni-experiments,"['LSTM', 'GRU', 'CNN', 'RNN', 'TCN', 'Transformer', 'MLP']","[16, 32, 64, 128, 256]","[1, 2, 3, 4]","[0, 0.1, 0.2, 0.3, 0.5]","['relu', 'tanh', 'sigmoid', 'elu']","[1e-05, 0.01]","[2, 3, 4, 5, 6, 7, 8, 9, 10, 11, 12, 13, 14, 15, 16, 17, 18, 19, 20, 21, 22, 23, 24, 25, 26, 27, 28, 29, 30]","[16, 32, 64, 128]","[5, 10, 15, 20]","[2, 3, 5, 7]","[2, 4, 8]",anneal,minimize,local
1jguld6t,80,620,1779202936546,,/home/meliani/nni-experiments/1jguld6t,16,exp_anneal_1800s_local_plus_ali_local_plus_ali,hpo,/home/meliani/Desktop/phd/fast-track/search_space.json,python3 trial.py --data ./local_plus_ali.csv,/home/meliani/Desktop/phd/fast-track,1,1800s,100000000,False,False,info,/home/meliani/nni-experiments,"['LSTM', 'GRU', 'CNN', 'RNN', 'TCN', 'Transformer', 'MLP']","[16, 32, 64, 128, 256]","[1, 2, 3, 4]","[0, 0.1, 0.2, 0.3, 0.5]","['relu', 'tanh', 'sigmoid', 'elu']","[1e-05, 0.01]","[2, 3, 4, 5, 6, 7, 8, 9, 10, 11, 12, 13, 14, 15, 16, 17, 18, 19, 20, 21, 22, 23, 24, 25, 26, 27, 28, 29, 30]","[16, 32, 64, 128]","[5, 10, 15, 20]","[2, 3, 5, 7]","[2, 4, 8]",anneal,minimize,local
1jguld6t,81,622,1779202936546,,/home/meliani/nni-experiments/1jguld6t,17,exp_anneal_1800s_local_plus_ali_local_plus_ali,hpo,/home/meliani/Desktop/phd/fast-track/search_space.json,python3 trial.py --data ./local_plus_ali.csv,/home/meliani/Desktop/phd/fast-track,1,1800s,100000000,False,False,info,/home/meliani/nni-experiments,"['LSTM', 'GRU', 'CNN', 'RNN', 'TCN', 'Transformer', 'MLP']","[16, 32, 64, 128, 256]","[1, 2, 3, 4]","[0, 0.1, 0.2, 0.3, 0.5]","['relu', 'tanh', 'sigmoid', 'elu']","[1e-05, 0.01]","[2, 3, 4, 5, 6, 7, 8, 9, 10, 11, 12, 13, 14, 15, 16, 17, 18, 19, 20, 21, 22, 23, 24, 25, 26, 27, 28, 29, 30]","[16, 32, 64, 128]","[5, 10, 15, 20]","[2, 3, 5, 7]","[2, 4, 8]",anneal,minimize,local
1jguld6t,82,629,1779202936546,,/home/meliani/nni-experiments/1jguld6t,18,exp_anneal_1800s_local_plus_ali_local_plus_ali,hpo,/home/meliani/Desktop/phd/fast-track/search_space.json,python3 trial.py --data ./local_plus_ali.csv,/home/meliani/Desktop/phd/fast-track,1,1800s,100000000,False,False,info,/home/meliani/nni-experiments,"['LSTM', 'GRU', 'CNN', 'RNN', 'TCN', 'Transformer', 'MLP']","[16, 32, 64, 128, 256]","[1, 2, 3, 4]","[0, 0.1, 0.2, 0.3, 0.5]","['relu', 'tanh', 'sigmoid', 'elu']","[1e-05, 0.01]","[2, 3, 4, 5, 6, 7, 8, 9, 10, 11, 12, 13, 14, 15, 16, 17, 18, 19, 20, 21, 22, 23, 24, 25, 26, 27, 28, 29, 30]","[16, 32, 64, 128]","[5, 10, 15, 20]","[2, 3, 5, 7]","[2, 4, 8]",anneal,minimize,local
1jguld6t,83,630,1779202936546,,/home/meliani/nni-experiments/1jguld6t,18,exp_anneal_1800s_local_plus_ali_local_plus_ali,hpo,/home/meliani/Desktop/phd/fast-track/search_space.json,python3 trial.py --data ./local_plus_ali.csv,/home/meliani/Desktop/phd/fast-track,1,1800s,100000000,False,False,info,/home/meliani/nni-experiments,"['LSTM', 'GRU', 'CNN', 'RNN', 'TCN', 'Transformer', 'MLP']","[16, 32, 64, 128, 256]","[1, 2, 3, 4]","[0, 0.1, 0.2, 0.3, 0.5]","['relu', 'tanh', 'sigmoid', 'elu']","[1e-05, 0.01]","[2, 3, 4, 5, 6, 7, 8, 9, 10, 11, 12, 13, 14, 15, 16, 17, 18, 19, 20, 21, 22, 23, 24, 25, 26, 27, 28, 29, 30]","[16, 32, 64, 128]","[5, 10, 15, 20]","[2, 3, 5, 7]","[2, 4, 8]",anneal,minimize,local
1jguld6t,84,636,1779202936546,,/home/meliani/nni-experiments/1jguld6t,19,exp_anneal_1800s_local_plus_ali_local_plus_ali,hpo,/home/meliani/Desktop/phd/fast-track/search_space.json,python3 trial.py --data ./local_plus_ali.csv,/home/meliani/Desktop/phd/fast-track,1,1800s,100000000,False,False,info,/home/meliani/nni-experiments,"['LSTM', 'GRU', 'CNN', 'RNN', 'TCN', 'Transformer', 'MLP']","[16, 32, 64, 128, 256]","[1, 2, 3, 4]","[0, 0.1, 0.2, 0.3, 0.5]","['relu', 'tanh', 'sigmoid', 'elu']","[1e-05, 0.01]","[2, 3, 4, 5, 6, 7, 8, 9, 10, 11, 12, 13, 14, 15, 16, 17, 18, 19, 20, 21, 22, 23, 24, 25, 26, 27, 28, 29, 30]","[16, 32, 64, 128]","[5, 10, 15, 20]","[2, 3, 5, 7]","[2, 4, 8]",anneal,minimize,local
1jguld6t,85,640,1779202936546,,/home/meliani/nni-experiments/1jguld6t,19,exp_anneal_1800s_local_plus_ali_local_plus_ali,hpo,/home/meliani/Desktop/phd/fast-track/search_space.json,python3 trial.py --data ./local_plus_ali.csv,/home/meliani/Desktop/phd/fast-track,1,1800s,100000000,False,False,info,/home/meliani/nni-experiments,"['LSTM', 'GRU', 'CNN', 'RNN', 'TCN', 'Transformer', 'MLP']","[16, 32, 64, 128, 256]","[1, 2, 3, 4]","[0, 0.1, 0.2, 0.3, 0.5]","['relu', 'tanh', 'sigmoid', 'elu']","[1e-05, 0.01]","[2, 3, 4, 5, 6, 7, 8, 9, 10, 11, 12, 13, 14, 15, 16, 17, 18, 19, 20, 21, 22, 23, 24, 25, 26, 27, 28, 29, 30]","[16, 32, 64, 128]","[5, 10, 15, 20]","[2, 3, 5, 7]","[2, 4, 8]",anneal,minimize,local
1jguld6t,86,650,1779202936546,,/home/meliani/nni-experiments/1jguld6t,19,exp_anneal_1800s_local_plus_ali_local_plus_ali,hpo,/home/meliani/Desktop/phd/fast-track/search_space.json,python3 trial.py --data ./local_plus_ali.csv,/home/meliani/Desktop/phd/fast-track,1,1800s,100000000,False,False,info,/home/meliani/nni-experiments,"['LSTM', 'GRU', 'CNN', 'RNN', 'TCN', 'Transformer', 'MLP']","[16, 32, 64, 128, 256]","[1, 2, 3, 4]","[0, 0.1, 0.2, 0.3, 0.5]","['relu', 'tanh', 'sigmoid', 'elu']","[1e-05, 0.01]","[2, 3, 4, 5, 6, 7, 8, 9, 10, 11, 12, 13, 14, 15, 16, 17, 18, 19, 20, 21, 22, 23, 24, 25, 26, 27, 28, 29, 30]","[16, 32, 64, 128]","[5, 10, 15, 20]","[2, 3, 5, 7]","[2, 4, 8]",anneal,minimize,local
1jguld6t,87,660,1779202936546,,/home/meliani/nni-experiments/1jguld6t,19,exp_anneal_1800s_local_plus_ali_local_plus_ali,hpo,/home/meliani/Desktop/phd/fast-track/search_space.json,python3 trial.py --data ./local_plus_ali.csv,/home/meliani/Desktop/phd/fast-track,1,1800s,100000000,False,False,info,/home/meliani/nni-experiments,"['LSTM', 'GRU', 'CNN', 'RNN', 'TCN', 'Transformer', 'MLP']","[16, 32, 64, 128, 256]","[1, 2, 3, 4]","[0, 0.1, 0.2, 0.3, 0.5]","['relu', 'tanh', 'sigmoid', 'elu']","[1e-05, 0.01]","[2, 3, 4, 5, 6, 7, 8, 9, 10, 11, 12, 13, 14, 15, 16, 17, 18, 19, 20, 21, 22, 23, 24, 25, 26, 27, 28, 29, 30]","[16, 32, 64, 128]","[5, 10, 15, 20]","[2, 3, 5, 7]","[2, 4, 8]",anneal,minimize,local
1jguld6t,88,662,1779202936546,,/home/meliani/nni-experiments/1jguld6t,20,exp_anneal_1800s_local_plus_ali_local_plus_ali,hpo,/home/meliani/Desktop/phd/fast-track/search_space.json,python3 trial.py --data ./local_plus_ali.csv,/home/meliani/Desktop/phd/fast-track,1,1800s,100000000,False,False,info,/home/meliani/nni-experiments,"['LSTM', 'GRU', 'CNN', 'RNN', 'TCN', 'Transformer', 'MLP']","[16, 32, 64, 128, 256]","[1, 2, 3, 4]","[0, 0.1, 0.2, 0.3, 0.5]","['relu', 'tanh', 'sigmoid', 'elu']","[1e-05, 0.01]","[2, 3, 4, 5, 6, 7, 8, 9, 10, 11, 12, 13, 14, 15, 16, 17, 18, 19, 20, 21, 22, 23, 24, 25, 26, 27, 28, 29, 30]","[16, 32, 64, 128]","[5, 10, 15, 20]","[2, 3, 5, 7]","[2, 4, 8]",anneal,minimize,local
1jguld6t,89,670,1779202936546,,/home/meliani/nni-experiments/1jguld6t,20,exp_anneal_1800s_local_plus_ali_local_plus_ali,hpo,/home/meliani/Desktop/phd/fast-track/search_space.json,python3 trial.py --data ./local_plus_ali.csv,/home/meliani/Desktop/phd/fast-track,1,1800s,100000000,False,False,info,/home/meliani/nni-experiments,"['LSTM', 'GRU', 'CNN', 'RNN', 'TCN', 'Transformer', 'MLP']","[16, 32, 64, 128, 256]","[1, 2, 3, 4]","[0, 0.1, 0.2, 0.3, 0.5]","['relu', 'tanh', 'sigmoid', 'elu']","[1e-05, 0.01]","[2, 3, 4, 5, 6, 7, 8, 9, 10, 11, 12, 13, 14, 15, 16, 17, 18, 19, 20, 21, 22, 23, 24, 25, 26, 27, 28, 29, 30]","[16, 32, 64, 128]","[5, 10, 15, 20]","[2, 3, 5, 7]","[2, 4, 8]",anneal,minimize,local
1jguld6t,90,680,1779202936546,,/home/meliani/nni-experiments/1jguld6t,20,exp_anneal_1800s_local_plus_ali_local_plus_ali,hpo,/home/meliani/Desktop/phd/fast-track/search_space.json,python3 trial.py --data ./local_plus_ali.csv,/home/meliani/Desktop/phd/fast-track,1,1800s,100000000,False,False,info,/home/meliani/nni-experiments,"['LSTM', 'GRU', 'CNN', 'RNN', 'TCN', 'Transformer', 'MLP']","[16, 32, 64, 128, 256]","[1, 2, 3, 4]","[0, 0.1, 0.2, 0.3, 0.5]","['relu', 'tanh', 'sigmoid', 'elu']","[1e-05, 0.01]","[2, 3, 4, 5, 6, 7, 8, 9, 10, 11, 12, 13, 14, 15, 16, 17, 18, 19, 20, 21, 22, 23, 24, 25, 26, 27, 28, 29, 30]","[16, 32, 64, 128]","[5, 10, 15, 20]","[2, 3, 5, 7]","[2, 4, 8]",anneal,minimize,local
1jguld6t,91,690,1779202936546,,/home/meliani/nni-experiments/1jguld6t,20,exp_anneal_1800s_local_plus_ali_local_plus_ali,hpo,/home/meliani/Desktop/phd/fast-track/search_space.json,python3 trial.py --data ./local_plus_ali.csv,/home/meliani/Desktop/phd/fast-track,1,1800s,100000000,False,False,info,/home/meliani/nni-experiments,"['LSTM', 'GRU', 'CNN', 'RNN', 'TCN', 'Transformer', 'MLP']","[16, 32, 64, 128, 256]","[1, 2, 3, 4]","[0, 0.1, 0.2, 0.3, 0.5]","['relu', 'tanh', 'sigmoid', 'elu']","[1e-05, 0.01]","[2, 3, 4, 5, 6, 7, 8, 9, 10, 11, 12, 13, 14, 15, 16, 17, 18, 19, 20, 21, 22, 23, 24, 25, 26, 27, 28, 29, 30]","[16, 32, 64, 128]","[5, 10, 15, 20]","[2, 3, 5, 7]","[2, 4, 8]",anneal,minimize,local
1jguld6t,92,700,1779202936546,,/home/meliani/nni-experiments/1jguld6t,20,exp_anneal_1800s_local_plus_ali_local_plus_ali,hpo,/home/meliani/Desktop/phd/fast-track/search_space.json,python3 trial.py --data ./local_plus_ali.csv,/home/meliani/Desktop/phd/fast-track,1,1800s,100000000,False,False,info,/home/meliani/nni-experiments,"['LSTM', 'GRU', 'CNN', 'RNN', 'TCN', 'Transformer', 'MLP']","[16, 32, 64, 128, 256]","[1, 2, 3, 4]","[0, 0.1, 0.2, 0.3, 0.5]","['relu', 'tanh', 'sigmoid', 'elu']","[1e-05, 0.01]","[2, 3, 4, 5, 6, 7, 8, 9, 10, 11, 12, 13, 14, 15, 16, 17, 18, 19, 20, 21, 22, 23, 24, 25, 26, 27, 28, 29, 30]","[16, 32, 64, 128]","[5, 10, 15, 20]","[2, 3, 5, 7]","[2, 4, 8]",anneal,minimize,local
1jguld6t,93,710,1779202936546,,/home/meliani/nni-experiments/1jguld6t,20,exp_anneal_1800s_local_plus_ali_local_plus_ali,hpo,/home/meliani/Desktop/phd/fast-track/search_space.json,python3 trial.py --data ./local_plus_ali.csv,/home/meliani/Desktop/phd/fast-track,1,1800s,100000000,False,False,info,/home/meliani/nni-experiments,"['LSTM', 'GRU', 'CNN', 'RNN', 'TCN', 'Transformer', 'MLP']","[16, 32, 64, 128, 256]","[1, 2, 3, 4]","[0, 0.1, 0.2, 0.3, 0.5]","['relu', 'tanh', 'sigmoid', 'elu']","[1e-05, 0.01]","[2, 3, 4, 5, 6, 7, 8, 9, 10, 11, 12, 13, 14, 15, 16, 17, 18, 19, 20, 21, 22, 23, 24, 25, 26, 27, 28, 29, 30]","[16, 32, 64, 128]","[5, 10, 15, 20]","[2, 3, 5, 7]","[2, 4, 8]",anneal,minimize,local
1jguld6t,94,714,1779202936546,,/home/meliani/nni-experiments/1jguld6t,21,exp_anneal_1800s_local_plus_ali_local_plus_ali,hpo,/home/meliani/Desktop/phd/fast-track/search_space.json,python3 trial.py --data ./local_plus_ali.csv,/home/meliani/Desktop/phd/fast-track,1,1800s,100000000,False,False,info,/home/meliani/nni-experiments,"['LSTM', 'GRU', 'CNN', 'RNN', 'TCN', 'Transformer', 'MLP']","[16, 32, 64, 128, 256]","[1, 2, 3, 4]","[0, 0.1, 0.2, 0.3, 0.5]","['relu', 'tanh', 'sigmoid', 'elu']","[1e-05, 0.01]","[2, 3, 4, 5, 6, 7, 8, 9, 10, 11, 12, 13, 14, 15, 16, 17, 18, 19, 20, 21, 22, 23, 24, 25, 26, 27, 28, 29, 30]","[16, 32, 64, 128]","[5, 10, 15, 20]","[2, 3, 5, 7]","[2, 4, 8]",anneal,minimize,local
1jguld6t,95,720,1779202936546,,/home/meliani/nni-experiments/1jguld6t,21,exp_anneal_1800s_local_plus_ali_local_plus_ali,hpo,/home/meliani/Desktop/phd/fast-track/search_space.json,python3 trial.py --data ./local_plus_ali.csv,/home/meliani/Desktop/phd/fast-track,1,1800s,100000000,False,False,info,/home/meliani/nni-experiments,"['LSTM', 'GRU', 'CNN', 'RNN', 'TCN', 'Transformer', 'MLP']","[16, 32, 64, 128, 256]","[1, 2, 3, 4]","[0, 0.1, 0.2, 0.3, 0.5]","['relu', 'tanh', 'sigmoid', 'elu']","[1e-05, 0.01]","[2, 3, 4, 5, 6, 7, 8, 9, 10, 11, 12, 13, 14, 15, 16, 17, 18, 19, 20, 21, 22, 23, 24, 25, 26, 27, 28, 29, 30]","[16, 32, 64, 128]","[5, 10, 15, 20]","[2, 3, 5, 7]","[2, 4, 8]",anneal,minimize,local
1jguld6t,96,730,1779202936546,,/home/meliani/nni-experiments/1jguld6t,21,exp_anneal_1800s_local_plus_ali_local_plus_ali,hpo,/home/meliani/Desktop/phd/fast-track/search_space.json,python3 trial.py --data ./local_plus_ali.csv,/home/meliani/Desktop/phd/fast-track,1,1800s,100000000,False,False,info,/home/meliani/nni-experiments,"['LSTM', 'GRU', 'CNN', 'RNN', 'TCN', 'Transformer', 'MLP']","[16, 32, 64, 128, 256]","[1, 2, 3, 4]","[0, 0.1, 0.2, 0.3, 0.5]","['relu', 'tanh', 'sigmoid', 'elu']","[1e-05, 0.01]","[2, 3, 4, 5, 6, 7, 8, 9, 10, 11, 12, 13, 14, 15, 16, 17, 18, 19, 20, 21, 22, 23, 24, 25, 26, 27, 28, 29, 30]","[16, 32, 64, 128]","[5, 10, 15, 20]","[2, 3, 5, 7]","[2, 4, 8]",anneal,minimize,local
1jguld6t,97,740,1779202936546,,/home/meliani/nni-experiments/1jguld6t,21,exp_anneal_1800s_local_plus_ali_local_plus_ali,hpo,/home/meliani/Desktop/phd/fast-track/search_space.json,python3 trial.py --data ./local_plus_ali.csv,/home/meliani/Desktop/phd/fast-track,1,1800s,100000000,False,False,info,/home/meliani/nni-experiments,"['LSTM', 'GRU', 'CNN', 'RNN', 'TCN', 'Transformer', 'MLP']","[16, 32, 64, 128, 256]","[1, 2, 3, 4]","[0, 0.1, 0.2, 0.3, 0.5]","['relu', 'tanh', 'sigmoid', 'elu']","[1e-05, 0.01]","[2, 3, 4, 5, 6, 7, 8, 9, 10, 11, 12, 13, 14, 15, 16, 17, 18, 19, 20, 21, 22, 23, 24, 25, 26, 27, 28, 29, 30]","[16, 32, 64, 128]","[5, 10, 15, 20]","[2, 3, 5, 7]","[2, 4, 8]",anneal,minimize,local
1jguld6t,98,750,1779202936546,,/home/meliani/nni-experiments/1jguld6t,21,exp_anneal_1800s_local_plus_ali_local_plus_ali,hpo,/home/meliani/Desktop/phd/fast-track/search_space.json,python3 trial.py --data ./local_plus_ali.csv,/home/meliani/Desktop/phd/fast-track,1,1800s,100000000,False,False,info,/home/meliani/nni-experiments,"['LSTM', 'GRU', 'CNN', 'RNN', 'TCN', 'Transformer', 'MLP']","[16, 32, 64, 128, 256]","[1, 2, 3, 4]","[0, 0.1, 0.2, 0.3, 0.5]","['relu', 'tanh', 'sigmoid', 'elu']","[1e-05, 0.01]","[2, 3, 4, 5, 6, 7, 8, 9, 10, 11, 12, 13, 14, 15, 16, 17, 18, 19, 20, 21, 22, 23, 24, 25, 26, 27, 28, 29, 30]","[16, 32, 64, 128]","[5, 10, 15, 20]","[2, 3, 5, 7]","[2, 4, 8]",anneal,minimize,local
1jguld6t,99,760,1779202936546,,/home/meliani/nni-experiments/1jguld6t,21,exp_anneal_1800s_local_plus_ali_local_plus_ali,hpo,/home/meliani/Desktop/phd/fast-track/search_space.json,python3 trial.py --data ./local_plus_ali.csv,/home/meliani/Desktop/phd/fast-track,1,1800s,100000000,False,False,info,/home/meliani/nni-experiments,"['LSTM', 'GRU', 'CNN', 'RNN', 'TCN', 'Transformer', 'MLP']","[16, 32, 64, 128, 256]","[1, 2, 3, 4]","[0, 0.1, 0.2, 0.3, 0.5]","['relu', 'tanh', 'sigmoid', 'elu']","[1e-05, 0.01]","[2, 3, 4, 5, 6, 7, 8, 9, 10, 11, 12, 13, 14, 15, 16, 17, 18, 19, 20, 21, 22, 23, 24, 25, 26, 27, 28, 29, 30]","[16, 32, 64, 128]","[5, 10, 15, 20]","[2, 3, 5, 7]","[2, 4, 8]",anneal,minimize,local
1jguld6t,100,770,1779202936546,,/home/meliani/nni-experiments/1jguld6t,21,exp_anneal_1800s_local_plus_ali_local_plus_ali,hpo,/home/meliani/Desktop/phd/fast-track/search_space.json,python3 trial.py --data ./local_plus_ali.csv,/home/meliani/Desktop/phd/fast-track,1,1800s,100000000,False,False,info,/home/meliani/nni-experiments,"['LSTM', 'GRU', 'CNN', 'RNN', 'TCN', 'Transformer', 'MLP']","[16, 32, 64, 128, 256]","[1, 2, 3, 4]","[0, 0.1, 0.2, 0.3, 0.5]","['relu', 'tanh', 'sigmoid', 'elu']","[1e-05, 0.01]","[2, 3, 4, 5, 6, 7, 8, 9, 10, 11, 12, 13, 14, 15, 16, 17, 18, 19, 20, 21, 22, 23, 24, 25, 26, 27, 28, 29, 30]","[16, 32, 64, 128]","[5, 10, 15, 20]","[2, 3, 5, 7]","[2, 4, 8]",anneal,minimize,local
1jguld6t,101,780,1779202936546,,/home/meliani/nni-experiments/1jguld6t,21,exp_anneal_1800s_local_plus_ali_local_plus_ali,hpo,/home/meliani/Desktop/phd/fast-track/search_space.json,python3 trial.py --data ./local_plus_ali.csv,/home/meliani/Desktop/phd/fast-track,1,1800s,100000000,False,False,info,/home/meliani/nni-experiments,"['LSTM', 'GRU', 'CNN', 'RNN', 'TCN', 'Transformer', 'MLP']","[16, 32, 64, 128, 256]","[1, 2, 3, 4]","[0, 0.1, 0.2, 0.3, 0.5]","['relu', 'tanh', 'sigmoid', 'elu']","[1e-05, 0.01]","[2, 3, 4, 5, 6, 7, 8, 9, 10, 11, 12, 13, 14, 15, 16, 17, 18, 19, 20, 21, 22, 23, 24, 25, 26, 27, 28, 29, 30]","[16, 32, 64, 128]","[5, 10, 15, 20]","[2, 3, 5, 7]","[2, 4, 8]",anneal,minimize,local
1jguld6t,102,790,1779202936546,,/home/meliani/nni-experiments/1jguld6t,21,exp_anneal_1800s_local_plus_ali_local_plus_ali,hpo,/home/meliani/Desktop/phd/fast-track/search_space.json,python3 trial.py --data ./local_plus_ali.csv,/home/meliani/Desktop/phd/fast-track,1,1800s,100000000,False,False,info,/home/meliani/nni-experiments,"['LSTM', 'GRU', 'CNN', 'RNN', 'TCN', 'Transformer', 'MLP']","[16, 32, 64, 128, 256]","[1, 2, 3, 4]","[0, 0.1, 0.2, 0.3, 0.5]","['relu', 'tanh', 'sigmoid', 'elu']","[1e-05, 0.01]","[2, 3, 4, 5, 6, 7, 8, 9, 10, 11, 12, 13, 14, 15, 16, 17, 18, 19, 20, 21, 22, 23, 24, 25, 26, 27, 28, 29, 30]","[16, 32, 64, 128]","[5, 10, 15, 20]","[2, 3, 5, 7]","[2, 4, 8]",anneal,minimize,local
1jguld6t,103,800,1779202936546,,/home/meliani/nni-experiments/1jguld6t,21,exp_anneal_1800s_local_plus_ali_local_plus_ali,hpo,/home/meliani/Desktop/phd/fast-track/search_space.json,python3 trial.py --data ./local_plus_ali.csv,/home/meliani/Desktop/phd/fast-track,1,1800s,100000000,False,False,info,/home/meliani/nni-experiments,"['LSTM', 'GRU', 'CNN', 'RNN', 'TCN', 'Transformer', 'MLP']","[16, 32, 64, 128, 256]","[1, 2, 3, 4]","[0, 0.1, 0.2, 0.3, 0.5]","['relu', 'tanh', 'sigmoid', 'elu']","[1e-05, 0.01]","[2, 3, 4, 5, 6, 7, 8, 9, 10, 11, 12, 13, 14, 15, 16, 17, 18, 19, 20, 21, 22, 23, 24, 25, 26, 27, 28, 29, 30]","[16, 32, 64, 128]","[5, 10, 15, 20]","[2, 3, 5, 7]","[2, 4, 8]",anneal,minimize,local
1jguld6t,104,810,1779202936546,,/home/meliani/nni-experiments/1jguld6t,21,exp_anneal_1800s_local_plus_ali_local_plus_ali,hpo,/home/meliani/Desktop/phd/fast-track/search_space.json,python3 trial.py --data ./local_plus_ali.csv,/home/meliani/Desktop/phd/fast-track,1,1800s,100000000,False,False,info,/home/meliani/nni-experiments,"['LSTM', 'GRU', 'CNN', 'RNN', 'TCN', 'Transformer', 'MLP']","[16, 32, 64, 128, 256]","[1, 2, 3, 4]","[0, 0.1, 0.2, 0.3, 0.5]","['relu', 'tanh', 'sigmoid', 'elu']","[1e-05, 0.01]","[2, 3, 4, 5, 6, 7, 8, 9, 10, 11, 12, 13, 14, 15, 16, 17, 18, 19, 20, 21, 22, 23, 24, 25, 26, 27, 28, 29, 30]","[16, 32, 64, 128]","[5, 10, 15, 20]","[2, 3, 5, 7]","[2, 4, 8]",anneal,minimize,local
1jguld6t,105,820,1779202936546,,/home/meliani/nni-experiments/1jguld6t,21,exp_anneal_1800s_local_plus_ali_local_plus_ali,hpo,/home/meliani/Desktop/phd/fast-track/search_space.json,python3 trial.py --data ./local_plus_ali.csv,/home/meliani/Desktop/phd/fast-track,1,1800s,100000000,False,False,info,/home/meliani/nni-experiments,"['LSTM', 'GRU', 'CNN', 'RNN', 'TCN', 'Transformer', 'MLP']","[16, 32, 64, 128, 256]","[1, 2, 3, 4]","[0, 0.1, 0.2, 0.3, 0.5]","['relu', 'tanh', 'sigmoid', 'elu']","[1e-05, 0.01]","[2, 3, 4, 5, 6, 7, 8, 9, 10, 11, 12, 13, 14, 15, 16, 17, 18, 19, 20, 21, 22, 23, 24, 25, 26, 27, 28, 29, 30]","[16, 32, 64, 128]","[5, 10, 15, 20]","[2, 3, 5, 7]","[2, 4, 8]",anneal,minimize,local
1jguld6t,106,824,1779202936546,,/home/meliani/nni-experiments/1jguld6t,22,exp_anneal_1800s_local_plus_ali_local_plus_ali,hpo,/home/meliani/Desktop/phd/fast-track/search_space.json,python3 trial.py --data ./local_plus_ali.csv,/home/meliani/Desktop/phd/fast-track,1,1800s,100000000,False,False,info,/home/meliani/nni-experiments,"['LSTM', 'GRU', 'CNN', 'RNN', 'TCN', 'Transformer', 'MLP']","[16, 32, 64, 128, 256]","[1, 2, 3, 4]","[0, 0.1, 0.2, 0.3, 0.5]","['relu', 'tanh', 'sigmoid', 'elu']","[1e-05, 0.01]","[2, 3, 4, 5, 6, 7, 8, 9, 10, 11, 12, 13, 14, 15, 16, 17, 18, 19, 20, 21, 22, 23, 24, 25, 26, 27, 28, 29, 30]","[16, 32, 64, 128]","[5, 10, 15, 20]","[2, 3, 5, 7]","[2, 4, 8]",anneal,minimize,local
1jguld6t,107,830,1779202936546,,/home/meliani/nni-experiments/1jguld6t,22,exp_anneal_1800s_local_plus_ali_local_plus_ali,hpo,/home/meliani/Desktop/phd/fast-track/search_space.json,python3 trial.py --data ./local_plus_ali.csv,/home/meliani/Desktop/phd/fast-track,1,1800s,100000000,False,False,info,/home/meliani/nni-experiments,"['LSTM', 'GRU', 'CNN', 'RNN', 'TCN', 'Transformer', 'MLP']","[16, 32, 64, 128, 256]","[1, 2, 3, 4]","[0, 0.1, 0.2, 0.3, 0.5]","['relu', 'tanh', 'sigmoid', 'elu']","[1e-05, 0.01]","[2, 3, 4, 5, 6, 7, 8, 9, 10, 11, 12, 13, 14, 15, 16, 17, 18, 19, 20, 21, 22, 23, 24, 25, 26, 27, 28, 29, 30]","[16, 32, 64, 128]","[5, 10, 15, 20]","[2, 3, 5, 7]","[2, 4, 8]",anneal,minimize,local
1jguld6t,108,833,1779202936546,,/home/meliani/nni-experiments/1jguld6t,23,exp_anneal_1800s_local_plus_ali_local_plus_ali,hpo,/home/meliani/Desktop/phd/fast-track/search_space.json,python3 trial.py --data ./local_plus_ali.csv,/home/meliani/Desktop/phd/fast-track,1,1800s,100000000,False,False,info,/home/meliani/nni-experiments,"['LSTM', 'GRU', 'CNN', 'RNN', 'TCN', 'Transformer', 'MLP']","[16, 32, 64, 128, 256]","[1, 2, 3, 4]","[0, 0.1, 0.2, 0.3, 0.5]","['relu', 'tanh', 'sigmoid', 'elu']","[1e-05, 0.01]","[2, 3, 4, 5, 6, 7, 8, 9, 10, 11, 12, 13, 14, 15, 16, 17, 18, 19, 20, 21, 22, 23, 24, 25, 26, 27, 28, 29, 30]","[16, 32, 64, 128]","[5, 10, 15, 20]","[2, 3, 5, 7]","[2, 4, 8]",anneal,minimize,local
1jguld6t,109,840,1779202936546,,/home/meliani/nni-experiments/1jguld6t,23,exp_anneal_1800s_local_plus_ali_local_plus_ali,hpo,/home/meliani/Desktop/phd/fast-track/search_space.json,python3 trial.py --data ./local_plus_ali.csv,/home/meliani/Desktop/phd/fast-track,1,1800s,100000000,False,False,info,/home/meliani/nni-experiments,"['LSTM', 'GRU', 'CNN', 'RNN', 'TCN', 'Transformer', 'MLP']","[16, 32, 64, 128, 256]","[1, 2, 3, 4]","[0, 0.1, 0.2, 0.3, 0.5]","['relu', 'tanh', 'sigmoid', 'elu']","[1e-05, 0.01]","[2, 3, 4, 5, 6, 7, 8, 9, 10, 11, 12, 13, 14, 15, 16, 17, 18, 19, 20, 21, 22, 23, 24, 25, 26, 27, 28, 29, 30]","[16, 32, 64, 128]","[5, 10, 15, 20]","[2, 3, 5, 7]","[2, 4, 8]",anneal,minimize,local
1jguld6t,110,843,1779202936546,,/home/meliani/nni-experiments/1jguld6t,24,exp_anneal_1800s_local_plus_ali_local_plus_ali,hpo,/home/meliani/Desktop/phd/fast-track/search_space.json,python3 trial.py --data ./local_plus_ali.csv,/home/meliani/Desktop/phd/fast-track,1,1800s,100000000,False,False,info,/home/meliani/nni-experiments,"['LSTM', 'GRU', 'CNN', 'RNN', 'TCN', 'Transformer', 'MLP']","[16, 32, 64, 128, 256]","[1, 2, 3, 4]","[0, 0.1, 0.2, 0.3, 0.5]","['relu', 'tanh', 'sigmoid', 'elu']","[1e-05, 0.01]","[2, 3, 4, 5, 6, 7, 8, 9, 10, 11, 12, 13, 14, 15, 16, 17, 18, 19, 20, 21, 22, 23, 24, 25, 26, 27, 28, 29, 30]","[16, 32, 64, 128]","[5, 10, 15, 20]","[2, 3, 5, 7]","[2, 4, 8]",anneal,minimize,local
1jguld6t,111,850,1779202936546,,/home/meliani/nni-experiments/1jguld6t,24,exp_anneal_1800s_local_plus_ali_local_plus_ali,hpo,/home/meliani/Desktop/phd/fast-track/search_space.json,python3 trial.py --data ./local_plus_ali.csv,/home/meliani/Desktop/phd/fast-track,1,1800s,100000000,False,False,info,/home/meliani/nni-experiments,"['LSTM', 'GRU', 'CNN', 'RNN', 'TCN', 'Transformer', 'MLP']","[16, 32, 64, 128, 256]","[1, 2, 3, 4]","[0, 0.1, 0.2, 0.3, 0.5]","['relu', 'tanh', 'sigmoid', 'elu']","[1e-05, 0.01]","[2, 3, 4, 5, 6, 7, 8, 9, 10, 11, 12, 13, 14, 15, 16, 17, 18, 19, 20, 21, 22, 23, 24, 25, 26, 27, 28, 29, 30]","[16, 32, 64, 128]","[5, 10, 15, 20]","[2, 3, 5, 7]","[2, 4, 8]",anneal,minimize,local
1jguld6t,112,860,1779202936546,,/home/meliani/nni-experiments/1jguld6t,24,exp_anneal_1800s_local_plus_ali_local_plus_ali,hpo,/home/meliani/Desktop/phd/fast-track/search_space.json,python3 trial.py --data ./local_plus_ali.csv,/home/meliani/Desktop/phd/fast-track,1,1800s,100000000,False,False,info,/home/meliani/nni-experiments,"['LSTM', 'GRU', 'CNN', 'RNN', 'TCN', 'Transformer', 'MLP']","[16, 32, 64, 128, 256]","[1, 2, 3, 4]","[0, 0.1, 0.2, 0.3, 0.5]","['relu', 'tanh', 'sigmoid', 'elu']","[1e-05, 0.01]","[2, 3, 4, 5, 6, 7, 8, 9, 10, 11, 12, 13, 14, 15, 16, 17, 18, 19, 20, 21, 22, 23, 24, 25, 26, 27, 28, 29, 30]","[16, 32, 64, 128]","[5, 10, 15, 20]","[2, 3, 5, 7]","[2, 4, 8]",anneal,minimize,local
1jguld6t,113,870,1779202936546,,/home/meliani/nni-experiments/1jguld6t,24,exp_anneal_1800s_local_plus_ali_local_plus_ali,hpo,/home/meliani/Desktop/phd/fast-track/search_space.json,python3 trial.py --data ./local_plus_ali.csv,/home/meliani/Desktop/phd/fast-track,1,1800s,100000000,False,False,info,/home/meliani/nni-experiments,"['LSTM', 'GRU', 'CNN', 'RNN', 'TCN', 'Transformer', 'MLP']","[16, 32, 64, 128, 256]","[1, 2, 3, 4]","[0, 0.1, 0.2, 0.3, 0.5]","['relu', 'tanh', 'sigmoid', 'elu']","[1e-05, 0.01]","[2, 3, 4, 5, 6, 7, 8, 9, 10, 11, 12, 13, 14, 15, 16, 17, 18, 19, 20, 21, 22, 23, 24, 25, 26, 27, 28, 29, 30]","[16, 32, 64, 128]","[5, 10, 15, 20]","[2, 3, 5, 7]","[2, 4, 8]",anneal,minimize,local
1jguld6t,114,877,1779202936546,,/home/meliani/nni-experiments/1jguld6t,25,exp_anneal_1800s_local_plus_ali_local_plus_ali,hpo,/home/meliani/Desktop/phd/fast-track/search_space.json,python3 trial.py --data ./local_plus_ali.csv,/home/meliani/Desktop/phd/fast-track,1,1800s,100000000,False,False,info,/home/meliani/nni-experiments,"['LSTM', 'GRU', 'CNN', 'RNN', 'TCN', 'Transformer', 'MLP']","[16, 32, 64, 128, 256]","[1, 2, 3, 4]","[0, 0.1, 0.2, 0.3, 0.5]","['relu', 'tanh', 'sigmoid', 'elu']","[1e-05, 0.01]","[2, 3, 4, 5, 6, 7, 8, 9, 10, 11, 12, 13, 14, 15, 16, 17, 18, 19, 20, 21, 22, 23, 24, 25, 26, 27, 28, 29, 30]","[16, 32, 64, 128]","[5, 10, 15, 20]","[2, 3, 5, 7]","[2, 4, 8]",anneal,minimize,local
1jguld6t,115,880,1779202936546,,/home/meliani/nni-experiments/1jguld6t,25,exp_anneal_1800s_local_plus_ali_local_plus_ali,hpo,/home/meliani/Desktop/phd/fast-track/search_space.json,python3 trial.py --data ./local_plus_ali.csv,/home/meliani/Desktop/phd/fast-track,1,1800s,100000000,False,False,info,/home/meliani/nni-experiments,"['LSTM', 'GRU', 'CNN', 'RNN', 'TCN', 'Transformer', 'MLP']","[16, 32, 64, 128, 256]","[1, 2, 3, 4]","[0, 0.1, 0.2, 0.3, 0.5]","['relu', 'tanh', 'sigmoid', 'elu']","[1e-05, 0.01]","[2, 3, 4, 5, 6, 7, 8, 9, 10, 11, 12, 13, 14, 15, 16, 17, 18, 19, 20, 21, 22, 23, 24, 25, 26, 27, 28, 29, 30]","[16, 32, 64, 128]","[5, 10, 15, 20]","[2, 3, 5, 7]","[2, 4, 8]",anneal,minimize,local
1jguld6t,116,890,1779202936546,,/home/meliani/nni-experiments/1jguld6t,25,exp_anneal_1800s_local_plus_ali_local_plus_ali,hpo,/home/meliani/Desktop/phd/fast-track/search_space.json,python3 trial.py --data ./local_plus_ali.csv,/home/meliani/Desktop/phd/fast-track,1,1800s,100000000,False,False,info,/home/meliani/nni-experiments,"['LSTM', 'GRU', 'CNN', 'RNN', 'TCN', 'Transformer', 'MLP']","[16, 32, 64, 128, 256]","[1, 2, 3, 4]","[0, 0.1, 0.2, 0.3, 0.5]","['relu', 'tanh', 'sigmoid', 'elu']","[1e-05, 0.01]","[2, 3, 4, 5, 6, 7, 8, 9, 10, 11, 12, 13, 14, 15, 16, 17, 18, 19, 20, 21, 22, 23, 24, 25, 26, 27, 28, 29, 30]","[16, 32, 64, 128]","[5, 10, 15, 20]","[2, 3, 5, 7]","[2, 4, 8]",anneal,minimize,local
1jguld6t,117,900,1779202936546,,/home/meliani/nni-experiments/1jguld6t,25,exp_anneal_1800s_local_plus_ali_local_plus_ali,hpo,/home/meliani/Desktop/phd/fast-track/search_space.json,python3 trial.py --data ./local_plus_ali.csv,/home/meliani/Desktop/phd/fast-track,1,1800s,100000000,False,False,info,/home/meliani/nni-experiments,"['LSTM', 'GRU', 'CNN', 'RNN', 'TCN', 'Transformer', 'MLP']","[16, 32, 64, 128, 256]","[1, 2, 3, 4]","[0, 0.1, 0.2, 0.3, 0.5]","['relu', 'tanh', 'sigmoid', 'elu']","[1e-05, 0.01]","[2, 3, 4, 5, 6, 7, 8, 9, 10, 11, 12, 13, 14, 15, 16, 17, 18, 19, 20, 21, 22, 23, 24, 25, 26, 27, 28, 29, 30]","[16, 32, 64, 128]","[5, 10, 15, 20]","[2, 3, 5, 7]","[2, 4, 8]",anneal,minimize,local
1jguld6t,118,910,1779202936546,,/home/meliani/nni-experiments/1jguld6t,25,exp_anneal_1800s_local_plus_ali_local_plus_ali,hpo,/home/meliani/Desktop/phd/fast-track/search_space.json,python3 trial.py --data ./local_plus_ali.csv,/home/meliani/Desktop/phd/fast-track,1,1800s,100000000,False,False,info,/home/meliani/nni-experiments,"['LSTM', 'GRU', 'CNN', 'RNN', 'TCN', 'Transformer', 'MLP']","[16, 32, 64, 128, 256]","[1, 2, 3, 4]","[0, 0.1, 0.2, 0.3, 0.5]","['relu', 'tanh', 'sigmoid', 'elu']","[1e-05, 0.01]","[2, 3, 4, 5, 6, 7, 8, 9, 10, 11, 12, 13, 14, 15, 16, 17, 18, 19, 20, 21, 22, 23, 24, 25, 26, 27, 28, 29, 30]","[16, 32, 64, 128]","[5, 10, 15, 20]","[2, 3, 5, 7]","[2, 4, 8]",anneal,minimize,local
1jguld6t,119,920,1779202936546,,/home/meliani/nni-experiments/1jguld6t,25,exp_anneal_1800s_local_plus_ali_local_plus_ali,hpo,/home/meliani/Desktop/phd/fast-track/search_space.json,python3 trial.py --data ./local_plus_ali.csv,/home/meliani/Desktop/phd/fast-track,1,1800s,100000000,False,False,info,/home/meliani/nni-experiments,"['LSTM', 'GRU', 'CNN', 'RNN', 'TCN', 'Transformer', 'MLP']","[16, 32, 64, 128, 256]","[1, 2, 3, 4]","[0, 0.1, 0.2, 0.3, 0.5]","['relu', 'tanh', 'sigmoid', 'elu']","[1e-05, 0.01]","[2, 3, 4, 5, 6, 7, 8, 9, 10, 11, 12, 13, 14, 15, 16, 17, 18, 19, 20, 21, 22, 23, 24, 25, 26, 27, 28, 29, 30]","[16, 32, 64, 128]","[5, 10, 15, 20]","[2, 3, 5, 7]","[2, 4, 8]",anneal,minimize,local
1jguld6t,120,930,1779202936546,,/home/meliani/nni-experiments/1jguld6t,25,exp_anneal_1800s_local_plus_ali_local_plus_ali,hpo,/home/meliani/Desktop/phd/fast-track/search_space.json,python3 trial.py --data ./local_plus_ali.csv,/home/meliani/Desktop/phd/fast-track,1,1800s,100000000,False,False,info,/home/meliani/nni-experiments,"['LSTM', 'GRU', 'CNN', 'RNN', 'TCN', 'Transformer', 'MLP']","[16, 32, 64, 128, 256]","[1, 2, 3, 4]","[0, 0.1, 0.2, 0.3, 0.5]","['relu', 'tanh', 'sigmoid', 'elu']","[1e-05, 0.01]","[2, 3, 4, 5, 6, 7, 8, 9, 10, 11, 12, 13, 14, 15, 16, 17, 18, 19, 20, 21, 22, 23, 24, 25, 26, 27, 28, 29, 30]","[16, 32, 64, 128]","[5, 10, 15, 20]","[2, 3, 5, 7]","[2, 4, 8]",anneal,minimize,local
1jguld6t,121,940,1779202936546,,/home/meliani/nni-experiments/1jguld6t,25,exp_anneal_1800s_local_plus_ali_local_plus_ali,hpo,/home/meliani/Desktop/phd/fast-track/search_space.json,python3 trial.py --data ./local_plus_ali.csv,/home/meliani/Desktop/phd/fast-track,1,1800s,100000000,False,False,info,/home/meliani/nni-experiments,"['LSTM', 'GRU', 'CNN', 'RNN', 'TCN', 'Transformer', 'MLP']","[16, 32, 64, 128, 256]","[1, 2, 3, 4]","[0, 0.1, 0.2, 0.3, 0.5]","['relu', 'tanh', 'sigmoid', 'elu']","[1e-05, 0.01]","[2, 3, 4, 5, 6, 7, 8, 9, 10, 11, 12, 13, 14, 15, 16, 17, 18, 19, 20, 21, 22, 23, 24, 25, 26, 27, 28, 29, 30]","[16, 32, 64, 128]","[5, 10, 15, 20]","[2, 3, 5, 7]","[2, 4, 8]",anneal,minimize,local
1jguld6t,122,950,1779202936546,,/home/meliani/nni-experiments/1jguld6t,25,exp_anneal_1800s_local_plus_ali_local_plus_ali,hpo,/home/meliani/Desktop/phd/fast-track/search_space.json,python3 trial.py --data ./local_plus_ali.csv,/home/meliani/Desktop/phd/fast-track,1,1800s,100000000,False,False,info,/home/meliani/nni-experiments,"['LSTM', 'GRU', 'CNN', 'RNN', 'TCN', 'Transformer', 'MLP']","[16, 32, 64, 128, 256]","[1, 2, 3, 4]","[0, 0.1, 0.2, 0.3, 0.5]","['relu', 'tanh', 'sigmoid', 'elu']","[1e-05, 0.01]","[2, 3, 4, 5, 6, 7, 8, 9, 10, 11, 12, 13, 14, 15, 16, 17, 18, 19, 20, 21, 22, 23, 24, 25, 26, 27, 28, 29, 30]","[16, 32, 64, 128]","[5, 10, 15, 20]","[2, 3, 5, 7]","[2, 4, 8]",anneal,minimize,local
1jguld6t,123,960,1779202936546,,/home/meliani/nni-experiments/1jguld6t,25,exp_anneal_1800s_local_plus_ali_local_plus_ali,hpo,/home/meliani/Desktop/phd/fast-track/search_space.json,python3 trial.py --data ./local_plus_ali.csv,/home/meliani/Desktop/phd/fast-track,1,1800s,100000000,False,False,info,/home/meliani/nni-experiments,"['LSTM', 'GRU', 'CNN', 'RNN', 'TCN', 'Transformer', 'MLP']","[16, 32, 64, 128, 256]","[1, 2, 3, 4]","[0, 0.1, 0.2, 0.3, 0.5]","['relu', 'tanh', 'sigmoid', 'elu']","[1e-05, 0.01]","[2, 3, 4, 5, 6, 7, 8, 9, 10, 11, 12, 13, 14, 15, 16, 17, 18, 19, 20, 21, 22, 23, 24, 25, 26, 27, 28, 29, 30]","[16, 32, 64, 128]","[5, 10, 15, 20]","[2, 3, 5, 7]","[2, 4, 8]",anneal,minimize,local
1jguld6t,124,964,1779202936546,,/home/meliani/nni-experiments/1jguld6t,26,exp_anneal_1800s_local_plus_ali_local_plus_ali,hpo,/home/meliani/Desktop/phd/fast-track/search_space.json,python3 trial.py --data ./local_plus_ali.csv,/home/meliani/Desktop/phd/fast-track,1,1800s,100000000,False,False,info,/home/meliani/nni-experiments,"['LSTM', 'GRU', 'CNN', 'RNN', 'TCN', 'Transformer', 'MLP']","[16, 32, 64, 128, 256]","[1, 2, 3, 4]","[0, 0.1, 0.2, 0.3, 0.5]","['relu', 'tanh', 'sigmoid', 'elu']","[1e-05, 0.01]","[2, 3, 4, 5, 6, 7, 8, 9, 10, 11, 12, 13, 14, 15, 16, 17, 18, 19, 20, 21, 22, 23, 24, 25, 26, 27, 28, 29, 30]","[16, 32, 64, 128]","[5, 10, 15, 20]","[2, 3, 5, 7]","[2, 4, 8]",anneal,minimize,local
1jguld6t,125,970,1779202936546,,/home/meliani/nni-experiments/1jguld6t,26,exp_anneal_1800s_local_plus_ali_local_plus_ali,hpo,/home/meliani/Desktop/phd/fast-track/search_space.json,python3 trial.py --data ./local_plus_ali.csv,/home/meliani/Desktop/phd/fast-track,1,1800s,100000000,False,False,info,/home/meliani/nni-experiments,"['LSTM', 'GRU', 'CNN', 'RNN', 'TCN', 'Transformer', 'MLP']","[16, 32, 64, 128, 256]","[1, 2, 3, 4]","[0, 0.1, 0.2, 0.3, 0.5]","['relu', 'tanh', 'sigmoid', 'elu']","[1e-05, 0.01]","[2, 3, 4, 5, 6, 7, 8, 9, 10, 11, 12, 13, 14, 15, 16, 17, 18, 19, 20, 21, 22, 23, 24, 25, 26, 27, 28, 29, 30]","[16, 32, 64, 128]","[5, 10, 15, 20]","[2, 3, 5, 7]","[2, 4, 8]",anneal,minimize,local
1jguld6t,126,972,1779202936546,,/home/meliani/nni-experiments/1jguld6t,27,exp_anneal_1800s_local_plus_ali_local_plus_ali,hpo,/home/meliani/Desktop/phd/fast-track/search_space.json,python3 trial.py --data ./local_plus_ali.csv,/home/meliani/Desktop/phd/fast-track,1,1800s,100000000,False,False,info,/home/meliani/nni-experiments,"['LSTM', 'GRU', 'CNN', 'RNN', 'TCN', 'Transformer', 'MLP']","[16, 32, 64, 128, 256]","[1, 2, 3, 4]","[0, 0.1, 0.2, 0.3, 0.5]","['relu', 'tanh', 'sigmoid', 'elu']","[1e-05, 0.01]","[2, 3, 4, 5, 6, 7, 8, 9, 10, 11, 12, 13, 14, 15, 16, 17, 18, 19, 20, 21, 22, 23, 24, 25, 26, 27, 28, 29, 30]","[16, 32, 64, 128]","[5, 10, 15, 20]","[2, 3, 5, 7]","[2, 4, 8]",anneal,minimize,local
1jguld6t,127,980,1779202936546,,/home/meliani/nni-experiments/1jguld6t,27,exp_anneal_1800s_local_plus_ali_local_plus_ali,hpo,/home/meliani/Desktop/phd/fast-track/search_space.json,python3 trial.py --data ./local_plus_ali.csv,/home/meliani/Desktop/phd/fast-track,1,1800s,100000000,False,False,info,/home/meliani/nni-experiments,"['LSTM', 'GRU', 'CNN', 'RNN', 'TCN', 'Transformer', 'MLP']","[16, 32, 64, 128, 256]","[1, 2, 3, 4]","[0, 0.1, 0.2, 0.3, 0.5]","['relu', 'tanh', 'sigmoid', 'elu']","[1e-05, 0.01]","[2, 3, 4, 5, 6, 7, 8, 9, 10, 11, 12, 13, 14, 15, 16, 17, 18, 19, 20, 21, 22, 23, 24, 25, 26, 27, 28, 29, 30]","[16, 32, 64, 128]","[5, 10, 15, 20]","[2, 3, 5, 7]","[2, 4, 8]",anneal,minimize,local
1jguld6t,128,981,1779202936546,,/home/meliani/nni-experiments/1jguld6t,28,exp_anneal_1800s_local_plus_ali_local_plus_ali,hpo,/home/meliani/Desktop/phd/fast-track/search_space.json,python3 trial.py --data ./local_plus_ali.csv,/home/meliani/Desktop/phd/fast-track,1,1800s,100000000,False,False,info,/home/meliani/nni-experiments,"['LSTM', 'GRU', 'CNN', 'RNN', 'TCN', 'Transformer', 'MLP']","[16, 32, 64, 128, 256]","[1, 2, 3, 4]","[0, 0.1, 0.2, 0.3, 0.5]","['relu', 'tanh', 'sigmoid', 'elu']","[1e-05, 0.01]","[2, 3, 4, 5, 6, 7, 8, 9, 10, 11, 12, 13, 14, 15, 16, 17, 18, 19, 20, 21, 22, 23, 24, 25, 26, 27, 28, 29, 30]","[16, 32, 64, 128]","[5, 10, 15, 20]","[2, 3, 5, 7]","[2, 4, 8]",anneal,minimize,local
1jguld6t,129,989,1779202936546,,/home/meliani/nni-experiments/1jguld6t,29,exp_anneal_1800s_local_plus_ali_local_plus_ali,hpo,/home/meliani/Desktop/phd/fast-track/search_space.json,python3 trial.py --data ./local_plus_ali.csv,/home/meliani/Desktop/phd/fast-track,1,1800s,100000000,False,False,info,/home/meliani/nni-experiments,"['LSTM', 'GRU', 'CNN', 'RNN', 'TCN', 'Transformer', 'MLP']","[16, 32, 64, 128, 256]","[1, 2, 3, 4]","[0, 0.1, 0.2, 0.3, 0.5]","['relu', 'tanh', 'sigmoid', 'elu']","[1e-05, 0.01]","[2, 3, 4, 5, 6, 7, 8, 9, 10, 11, 12, 13, 14, 15, 16, 17, 18, 19, 20, 21, 22, 23, 24, 25, 26, 27, 28, 29, 30]","[16, 32, 64, 128]","[5, 10, 15, 20]","[2, 3, 5, 7]","[2, 4, 8]",anneal,minimize,local
1jguld6t,130,990,1779202936546,,/home/meliani/nni-experiments/1jguld6t,29,exp_anneal_1800s_local_plus_ali_local_plus_ali,hpo,/home/meliani/Desktop/phd/fast-track/search_space.json,python3 trial.py --data ./local_plus_ali.csv,/home/meliani/Desktop/phd/fast-track,1,1800s,100000000,False,False,info,/home/meliani/nni-experiments,"['LSTM', 'GRU', 'CNN', 'RNN', 'TCN', 'Transformer', 'MLP']","[16, 32, 64, 128, 256]","[1, 2, 3, 4]","[0, 0.1, 0.2, 0.3, 0.5]","['relu', 'tanh', 'sigmoid', 'elu']","[1e-05, 0.01]","[2, 3, 4, 5, 6, 7, 8, 9, 10, 11, 12, 13, 14, 15, 16, 17, 18, 19, 20, 21, 22, 23, 24, 25, 26, 27, 28, 29, 30]","[16, 32, 64, 128]","[5, 10, 15, 20]","[2, 3, 5, 7]","[2, 4, 8]",anneal,minimize,local
1jguld6t,131,997,1779202936546,,/home/meliani/nni-experiments/1jguld6t,30,exp_anneal_1800s_local_plus_ali_local_plus_ali,hpo,/home/meliani/Desktop/phd/fast-track/search_space.json,python3 trial.py --data ./local_plus_ali.csv,/home/meliani/Desktop/phd/fast-track,1,1800s,100000000,False,False,info,/home/meliani/nni-experiments,"['LSTM', 'GRU', 'CNN', 'RNN', 'TCN', 'Transformer', 'MLP']","[16, 32, 64, 128, 256]","[1, 2, 3, 4]","[0, 0.1, 0.2, 0.3, 0.5]","['relu', 'tanh', 'sigmoid', 'elu']","[1e-05, 0.01]","[2, 3, 4, 5, 6, 7, 8, 9, 10, 11, 12, 13, 14, 15, 16, 17, 18, 19, 20, 21, 22, 23, 24, 25, 26, 27, 28, 29, 30]","[16, 32, 64, 128]","[5, 10, 15, 20]","[2, 3, 5, 7]","[2, 4, 8]",anneal,minimize,local
1jguld6t,132,1000,1779202936546,,/home/meliani/nni-experiments/1jguld6t,30,exp_anneal_1800s_local_plus_ali_local_plus_ali,hpo,/home/meliani/Desktop/phd/fast-track/search_space.json,python3 trial.py --data ./local_plus_ali.csv,/home/meliani/Desktop/phd/fast-track,1,1800s,100000000,False,False,info,/home/meliani/nni-experiments,"['LSTM', 'GRU', 'CNN', 'RNN', 'TCN', 'Transformer', 'MLP']","[16, 32, 64, 128, 256]","[1, 2, 3, 4]","[0, 0.1, 0.2, 0.3, 0.5]","['relu', 'tanh', 'sigmoid', 'elu']","[1e-05, 0.01]","[2, 3, 4, 5, 6, 7, 8, 9, 10, 11, 12, 13, 14, 15, 16, 17, 18, 19, 20, 21, 22, 23, 24, 25, 26, 27, 28, 29, 30]","[16, 32, 64, 128]","[5, 10, 15, 20]","[2, 3, 5, 7]","[2, 4, 8]",anneal,minimize,local
1jguld6t,133,1003,1779202936546,,/home/meliani/nni-experiments/1jguld6t,31,exp_anneal_1800s_local_plus_ali_local_plus_ali,hpo,/home/meliani/Desktop/phd/fast-track/search_space.json,python3 trial.py --data ./local_plus_ali.csv,/home/meliani/Desktop/phd/fast-track,1,1800s,100000000,False,False,info,/home/meliani/nni-experiments,"['LSTM', 'GRU', 'CNN', 'RNN', 'TCN', 'Transformer', 'MLP']","[16, 32, 64, 128, 256]","[1, 2, 3, 4]","[0, 0.1, 0.2, 0.3, 0.5]","['relu', 'tanh', 'sigmoid', 'elu']","[1e-05, 0.01]","[2, 3, 4, 5, 6, 7, 8, 9, 10, 11, 12, 13, 14, 15, 16, 17, 18, 19, 20, 21, 22, 23, 24, 25, 26, 27, 28, 29, 30]","[16, 32, 64, 128]","[5, 10, 15, 20]","[2, 3, 5, 7]","[2, 4, 8]",anneal,minimize,local
1jguld6t,134,1009,1779202936546,,/home/meliani/nni-experiments/1jguld6t,32,exp_anneal_1800s_local_plus_ali_local_plus_ali,hpo,/home/meliani/Desktop/phd/fast-track/search_space.json,python3 trial.py --data ./local_plus_ali.csv,/home/meliani/Desktop/phd/fast-track,1,1800s,100000000,False,False,info,/home/meliani/nni-experiments,"['LSTM', 'GRU', 'CNN', 'RNN', 'TCN', 'Transformer', 'MLP']","[16, 32, 64, 128, 256]","[1, 2, 3, 4]","[0, 0.1, 0.2, 0.3, 0.5]","['relu', 'tanh', 'sigmoid', 'elu']","[1e-05, 0.01]","[2, 3, 4, 5, 6, 7, 8, 9, 10, 11, 12, 13, 14, 15, 16, 17, 18, 19, 20, 21, 22, 23, 24, 25, 26, 27, 28, 29, 30]","[16, 32, 64, 128]","[5, 10, 15, 20]","[2, 3, 5, 7]","[2, 4, 8]",anneal,minimize,local
1jguld6t,135,1010,1779202936546,,/home/meliani/nni-experiments/1jguld6t,32,exp_anneal_1800s_local_plus_ali_local_plus_ali,hpo,/home/meliani/Desktop/phd/fast-track/search_space.json,python3 trial.py --data ./local_plus_ali.csv,/home/meliani/Desktop/phd/fast-track,1,1800s,100000000,False,False,info,/home/meliani/nni-experiments,"['LSTM', 'GRU', 'CNN', 'RNN', 'TCN', 'Transformer', 'MLP']","[16, 32, 64, 128, 256]","[1, 2, 3, 4]","[0, 0.1, 0.2, 0.3, 0.5]","['relu', 'tanh', 'sigmoid', 'elu']","[1e-05, 0.01]","[2, 3, 4, 5, 6, 7, 8, 9, 10, 11, 12, 13, 14, 15, 16, 17, 18, 19, 20, 21, 22, 23, 24, 25, 26, 27, 28, 29, 30]","[16, 32, 64, 128]","[5, 10, 15, 20]","[2, 3, 5, 7]","[2, 4, 8]",anneal,minimize,local
1jguld6t,136,1020,1779202936546,,/home/meliani/nni-experiments/1jguld6t,32,exp_anneal_1800s_local_plus_ali_local_plus_ali,hpo,/home/meliani/Desktop/phd/fast-track/search_space.json,python3 trial.py --data ./local_plus_ali.csv,/home/meliani/Desktop/phd/fast-track,1,1800s,100000000,False,False,info,/home/meliani/nni-experiments,"['LSTM', 'GRU', 'CNN', 'RNN', 'TCN', 'Transformer', 'MLP']","[16, 32, 64, 128, 256]","[1, 2, 3, 4]","[0, 0.1, 0.2, 0.3, 0.5]","['relu', 'tanh', 'sigmoid', 'elu']","[1e-05, 0.01]","[2, 3, 4, 5, 6, 7, 8, 9, 10, 11, 12, 13, 14, 15, 16, 17, 18, 19, 20, 21, 22, 23, 24, 25, 26, 27, 28, 29, 30]","[16, 32, 64, 128]","[5, 10, 15, 20]","[2, 3, 5, 7]","[2, 4, 8]",anneal,minimize,local
1jguld6t,137,1029,1779202936546,,/home/meliani/nni-experiments/1jguld6t,33,exp_anneal_1800s_local_plus_ali_local_plus_ali,hpo,/home/meliani/Desktop/phd/fast-track/search_space.json,python3 trial.py --data ./local_plus_ali.csv,/home/meliani/Desktop/phd/fast-track,1,1800s,100000000,False,False,info,/home/meliani/nni-experiments,"['LSTM', 'GRU', 'CNN', 'RNN', 'TCN', 'Transformer', 'MLP']","[16, 32, 64, 128, 256]","[1, 2, 3, 4]","[0, 0.1, 0.2, 0.3, 0.5]","['relu', 'tanh', 'sigmoid', 'elu']","[1e-05, 0.01]","[2, 3, 4, 5, 6, 7, 8, 9, 10, 11, 12, 13, 14, 15, 16, 17, 18, 19, 20, 21, 22, 23, 24, 25, 26, 27, 28, 29, 30]","[16, 32, 64, 128]","[5, 10, 15, 20]","[2, 3, 5, 7]","[2, 4, 8]",anneal,minimize,local
1jguld6t,138,1030,1779202936546,,/home/meliani/nni-experiments/1jguld6t,33,exp_anneal_1800s_local_plus_ali_local_plus_ali,hpo,/home/meliani/Desktop/phd/fast-track/search_space.json,python3 trial.py --data ./local_plus_ali.csv,/home/meliani/Desktop/phd/fast-track,1,1800s,100000000,False,False,info,/home/meliani/nni-experiments,"['LSTM', 'GRU', 'CNN', 'RNN', 'TCN', 'Transformer', 'MLP']","[16, 32, 64, 128, 256]","[1, 2, 3, 4]","[0, 0.1, 0.2, 0.3, 0.5]","['relu', 'tanh', 'sigmoid', 'elu']","[1e-05, 0.01]","[2, 3, 4, 5, 6, 7, 8, 9, 10, 11, 12, 13, 14, 15, 16, 17, 18, 19, 20, 21, 22, 23, 24, 25, 26, 27, 28, 29, 30]","[16, 32, 64, 128]","[5, 10, 15, 20]","[2, 3, 5, 7]","[2, 4, 8]",anneal,minimize,local
1jguld6t,139,1040,1779202936546,,/home/meliani/nni-experiments/1jguld6t,33,exp_anneal_1800s_local_plus_ali_local_plus_ali,hpo,/home/meliani/Desktop/phd/fast-track/search_space.json,python3 trial.py --data ./local_plus_ali.csv,/home/meliani/Desktop/phd/fast-track,1,1800s,100000000,False,False,info,/home/meliani/nni-experiments,"['LSTM', 'GRU', 'CNN', 'RNN', 'TCN', 'Transformer', 'MLP']","[16, 32, 64, 128, 256]","[1, 2, 3, 4]","[0, 0.1, 0.2, 0.3, 0.5]","['relu', 'tanh', 'sigmoid', 'elu']","[1e-05, 0.01]","[2, 3, 4, 5, 6, 7, 8, 9, 10, 11, 12, 13, 14, 15, 16, 17, 18, 19, 20, 21, 22, 23, 24, 25, 26, 27, 28, 29, 30]","[16, 32, 64, 128]","[5, 10, 15, 20]","[2, 3, 5, 7]","[2, 4, 8]",anneal,minimize,local
1jguld6t,140,1050,1779202936546,,/home/meliani/nni-experiments/1jguld6t,33,exp_anneal_1800s_local_plus_ali_local_plus_ali,hpo,/home/meliani/Desktop/phd/fast-track/search_space.json,python3 trial.py --data ./local_plus_ali.csv,/home/meliani/Desktop/phd/fast-track,1,1800s,100000000,False,False,info,/home/meliani/nni-experiments,"['LSTM', 'GRU', 'CNN', 'RNN', 'TCN', 'Transformer', 'MLP']","[16, 32, 64, 128, 256]","[1, 2, 3, 4]","[0, 0.1, 0.2, 0.3, 0.5]","['relu', 'tanh', 'sigmoid', 'elu']","[1e-05, 0.01]","[2, 3, 4, 5, 6, 7, 8, 9, 10, 11, 12, 13, 14, 15, 16, 17, 18, 19, 20, 21, 22, 23, 24, 25, 26, 27, 28, 29, 30]","[16, 32, 64, 128]","[5, 10, 15, 20]","[2, 3, 5, 7]","[2, 4, 8]",anneal,minimize,local
1jguld6t,141,1053,1779202936546,,/home/meliani/nni-experiments/1jguld6t,34,exp_anneal_1800s_local_plus_ali_local_plus_ali,hpo,/home/meliani/Desktop/phd/fast-track/search_space.json,python3 trial.py --data ./local_plus_ali.csv,/home/meliani/Desktop/phd/fast-track,1,1800s,100000000,False,False,info,/home/meliani/nni-experiments,"['LSTM', 'GRU', 'CNN', 'RNN', 'TCN', 'Transformer', 'MLP']","[16, 32, 64, 128, 256]","[1, 2, 3, 4]","[0, 0.1, 0.2, 0.3, 0.5]","['relu', 'tanh', 'sigmoid', 'elu']","[1e-05, 0.01]","[2, 3, 4, 5, 6, 7, 8, 9, 10, 11, 12, 13, 14, 15, 16, 17, 18, 19, 20, 21, 22, 23, 24, 25, 26, 27, 28, 29, 30]","[16, 32, 64, 128]","[5, 10, 15, 20]","[2, 3, 5, 7]","[2, 4, 8]",anneal,minimize,local
1jguld6t,142,1060,1779202936546,,/home/meliani/nni-experiments/1jguld6t,34,exp_anneal_1800s_local_plus_ali_local_plus_ali,hpo,/home/meliani/Desktop/phd/fast-track/search_space.json,python3 trial.py --data ./local_plus_ali.csv,/home/meliani/Desktop/phd/fast-track,1,1800s,100000000,False,False,info,/home/meliani/nni-experiments,"['LSTM', 'GRU', 'CNN', 'RNN', 'TCN', 'Transformer', 'MLP']","[16, 32, 64, 128, 256]","[1, 2, 3, 4]","[0, 0.1, 0.2, 0.3, 0.5]","['relu', 'tanh', 'sigmoid', 'elu']","[1e-05, 0.01]","[2, 3, 4, 5, 6, 7, 8, 9, 10, 11, 12, 13, 14, 15, 16, 17, 18, 19, 20, 21, 22, 23, 24, 25, 26, 27, 28, 29, 30]","[16, 32, 64, 128]","[5, 10, 15, 20]","[2, 3, 5, 7]","[2, 4, 8]",anneal,minimize,local
1jguld6t,143,1070,1779202936546,,/home/meliani/nni-experiments/1jguld6t,34,exp_anneal_1800s_local_plus_ali_local_plus_ali,hpo,/home/meliani/Desktop/phd/fast-track/search_space.json,python3 trial.py --data ./local_plus_ali.csv,/home/meliani/Desktop/phd/fast-track,1,1800s,100000000,False,False,info,/home/meliani/nni-experiments,"['LSTM', 'GRU', 'CNN', 'RNN', 'TCN', 'Transformer', 'MLP']","[16, 32, 64, 128, 256]","[1, 2, 3, 4]","[0, 0.1, 0.2, 0.3, 0.5]","['relu', 'tanh', 'sigmoid', 'elu']","[1e-05, 0.01]","[2, 3, 4, 5, 6, 7, 8, 9, 10, 11, 12, 13, 14, 15, 16, 17, 18, 19, 20, 21, 22, 23, 24, 25, 26, 27, 28, 29, 30]","[16, 32, 64, 128]","[5, 10, 15, 20]","[2, 3, 5, 7]","[2, 4, 8]",anneal,minimize,local
1jguld6t,144,1080,1779202936546,,/home/meliani/nni-experiments/1jguld6t,34,exp_anneal_1800s_local_plus_ali_local_plus_ali,hpo,/home/meliani/Desktop/phd/fast-track/search_space.json,python3 trial.py --data ./local_plus_ali.csv,/home/meliani/Desktop/phd/fast-track,1,1800s,100000000,False,False,info,/home/meliani/nni-experiments,"['LSTM', 'GRU', 'CNN', 'RNN', 'TCN', 'Transformer', 'MLP']","[16, 32, 64, 128, 256]","[1, 2, 3, 4]","[0, 0.1, 0.2, 0.3, 0.5]","['relu', 'tanh', 'sigmoid', 'elu']","[1e-05, 0.01]","[2, 3, 4, 5, 6, 7, 8, 9, 10, 11, 12, 13, 14, 15, 16, 17, 18, 19, 20, 21, 22, 23, 24, 25, 26, 27, 28, 29, 30]","[16, 32, 64, 128]","[5, 10, 15, 20]","[2, 3, 5, 7]","[2, 4, 8]",anneal,minimize,local
1jguld6t,145,1090,1779202936546,,/home/meliani/nni-experiments/1jguld6t,34,exp_anneal_1800s_local_plus_ali_local_plus_ali,hpo,/home/meliani/Desktop/phd/fast-track/search_space.json,python3 trial.py --data ./local_plus_ali.csv,/home/meliani/Desktop/phd/fast-track,1,1800s,100000000,False,False,info,/home/meliani/nni-experiments,"['LSTM', 'GRU', 'CNN', 'RNN', 'TCN', 'Transformer', 'MLP']","[16, 32, 64, 128, 256]","[1, 2, 3, 4]","[0, 0.1, 0.2, 0.3, 0.5]","['relu', 'tanh', 'sigmoid', 'elu']","[1e-05, 0.01]","[2, 3, 4, 5, 6, 7, 8, 9, 10, 11, 12, 13, 14, 15, 16, 17, 18, 19, 20, 21, 22, 23, 24, 25, 26, 27, 28, 29, 30]","[16, 32, 64, 128]","[5, 10, 15, 20]","[2, 3, 5, 7]","[2, 4, 8]",anneal,minimize,local
1jguld6t,146,1100,1779202936546,,/home/meliani/nni-experiments/1jguld6t,34,exp_anneal_1800s_local_plus_ali_local_plus_ali,hpo,/home/meliani/Desktop/phd/fast-track/search_space.json,python3 trial.py --data ./local_plus_ali.csv,/home/meliani/Desktop/phd/fast-track,1,1800s,100000000,False,False,info,/home/meliani/nni-experiments,"['LSTM', 'GRU', 'CNN', 'RNN', 'TCN', 'Transformer', 'MLP']","[16, 32, 64, 128, 256]","[1, 2, 3, 4]","[0, 0.1, 0.2, 0.3, 0.5]","['relu', 'tanh', 'sigmoid', 'elu']","[1e-05, 0.01]","[2, 3, 4, 5, 6, 7, 8, 9, 10, 11, 12, 13, 14, 15, 16, 17, 18, 19, 20, 21, 22, 23, 24, 25, 26, 27, 28, 29, 30]","[16, 32, 64, 128]","[5, 10, 15, 20]","[2, 3, 5, 7]","[2, 4, 8]",anneal,minimize,local
1jguld6t,147,1110,1779202936546,,/home/meliani/nni-experiments/1jguld6t,34,exp_anneal_1800s_local_plus_ali_local_plus_ali,hpo,/home/meliani/Desktop/phd/fast-track/search_space.json,python3 trial.py --data ./local_plus_ali.csv,/home/meliani/Desktop/phd/fast-track,1,1800s,100000000,False,False,info,/home/meliani/nni-experiments,"['LSTM', 'GRU', 'CNN', 'RNN', 'TCN', 'Transformer', 'MLP']","[16, 32, 64, 128, 256]","[1, 2, 3, 4]","[0, 0.1, 0.2, 0.3, 0.5]","['relu', 'tanh', 'sigmoid', 'elu']","[1e-05, 0.01]","[2, 3, 4, 5, 6, 7, 8, 9, 10, 11, 12, 13, 14, 15, 16, 17, 18, 19, 20, 21, 22, 23, 24, 25, 26, 27, 28, 29, 30]","[16, 32, 64, 128]","[5, 10, 15, 20]","[2, 3, 5, 7]","[2, 4, 8]",anneal,minimize,local
1jguld6t,148,1119,1779202936546,,/home/meliani/nni-experiments/1jguld6t,35,exp_anneal_1800s_local_plus_ali_local_plus_ali,hpo,/home/meliani/Desktop/phd/fast-track/search_space.json,python3 trial.py --data ./local_plus_ali.csv,/home/meliani/Desktop/phd/fast-track,1,1800s,100000000,False,False,info,/home/meliani/nni-experiments,"['LSTM', 'GRU', 'CNN', 'RNN', 'TCN', 'Transformer', 'MLP']","[16, 32, 64, 128, 256]","[1, 2, 3, 4]","[0, 0.1, 0.2, 0.3, 0.5]","['relu', 'tanh', 'sigmoid', 'elu']","[1e-05, 0.01]","[2, 3, 4, 5, 6, 7, 8, 9, 10, 11, 12, 13, 14, 15, 16, 17, 18, 19, 20, 21, 22, 23, 24, 25, 26, 27, 28, 29, 30]","[16, 32, 64, 128]","[5, 10, 15, 20]","[2, 3, 5, 7]","[2, 4, 8]",anneal,minimize,local
1jguld6t,149,1120,1779202936546,,/home/meliani/nni-experiments/1jguld6t,35,exp_anneal_1800s_local_plus_ali_local_plus_ali,hpo,/home/meliani/Desktop/phd/fast-track/search_space.json,python3 trial.py --data ./local_plus_ali.csv,/home/meliani/Desktop/phd/fast-track,1,1800s,100000000,False,False,info,/home/meliani/nni-experiments,"['LSTM', 'GRU', 'CNN', 'RNN', 'TCN', 'Transformer', 'MLP']","[16, 32, 64, 128, 256]","[1, 2, 3, 4]","[0, 0.1, 0.2, 0.3, 0.5]","['relu', 'tanh', 'sigmoid', 'elu']","[1e-05, 0.01]","[2, 3, 4, 5, 6, 7, 8, 9, 10, 11, 12, 13, 14, 15, 16, 17, 18, 19, 20, 21, 22, 23, 24, 25, 26, 27, 28, 29, 30]","[16, 32, 64, 128]","[5, 10, 15, 20]","[2, 3, 5, 7]","[2, 4, 8]",anneal,minimize,local
1jguld6t,150,1130,1779202936546,,/home/meliani/nni-experiments/1jguld6t,35,exp_anneal_1800s_local_plus_ali_local_plus_ali,hpo,/home/meliani/Desktop/phd/fast-track/search_space.json,python3 trial.py --data ./local_plus_ali.csv,/home/meliani/Desktop/phd/fast-track,1,1800s,100000000,False,False,info,/home/meliani/nni-experiments,"['LSTM', 'GRU', 'CNN', 'RNN', 'TCN', 'Transformer', 'MLP']","[16, 32, 64, 128, 256]","[1, 2, 3, 4]","[0, 0.1, 0.2, 0.3, 0.5]","['relu', 'tanh', 'sigmoid', 'elu']","[1e-05, 0.01]","[2, 3, 4, 5, 6, 7, 8, 9, 10, 11, 12, 13, 14, 15, 16, 17, 18, 19, 20, 21, 22, 23, 24, 25, 26, 27, 28, 29, 30]","[16, 32, 64, 128]","[5, 10, 15, 20]","[2, 3, 5, 7]","[2, 4, 8]",anneal,minimize,local
1jguld6t,151,1136,1779202936546,,/home/meliani/nni-experiments/1jguld6t,36,exp_anneal_1800s_local_plus_ali_local_plus_ali,hpo,/home/meliani/Desktop/phd/fast-track/search_space.json,python3 trial.py --data ./local_plus_ali.csv,/home/meliani/Desktop/phd/fast-track,1,1800s,100000000,False,False,info,/home/meliani/nni-experiments,"['LSTM', 'GRU', 'CNN', 'RNN', 'TCN', 'Transformer', 'MLP']","[16, 32, 64, 128, 256]","[1, 2, 3, 4]","[0, 0.1, 0.2, 0.3, 0.5]","['relu', 'tanh', 'sigmoid', 'elu']","[1e-05, 0.01]","[2, 3, 4, 5, 6, 7, 8, 9, 10, 11, 12, 13, 14, 15, 16, 17, 18, 19, 20, 21, 22, 23, 24, 25, 26, 27, 28, 29, 30]","[16, 32, 64, 128]","[5, 10, 15, 20]","[2, 3, 5, 7]","[2, 4, 8]",anneal,minimize,local
1jguld6t,152,1140,1779202936546,,/home/meliani/nni-experiments/1jguld6t,36,exp_anneal_1800s_local_plus_ali_local_plus_ali,hpo,/home/meliani/Desktop/phd/fast-track/search_space.json,python3 trial.py --data ./local_plus_ali.csv,/home/meliani/Desktop/phd/fast-track,1,1800s,100000000,False,False,info,/home/meliani/nni-experiments,"['LSTM', 'GRU', 'CNN', 'RNN', 'TCN', 'Transformer', 'MLP']","[16, 32, 64, 128, 256]","[1, 2, 3, 4]","[0, 0.1, 0.2, 0.3, 0.5]","['relu', 'tanh', 'sigmoid', 'elu']","[1e-05, 0.01]","[2, 3, 4, 5, 6, 7, 8, 9, 10, 11, 12, 13, 14, 15, 16, 17, 18, 19, 20, 21, 22, 23, 24, 25, 26, 27, 28, 29, 30]","[16, 32, 64, 128]","[5, 10, 15, 20]","[2, 3, 5, 7]","[2, 4, 8]",anneal,minimize,local
1jguld6t,153,1144,1779202936546,,/home/meliani/nni-experiments/1jguld6t,37,exp_anneal_1800s_local_plus_ali_local_plus_ali,hpo,/home/meliani/Desktop/phd/fast-track/search_space.json,python3 trial.py --data ./local_plus_ali.csv,/home/meliani/Desktop/phd/fast-track,1,1800s,100000000,False,False,info,/home/meliani/nni-experiments,"['LSTM', 'GRU', 'CNN', 'RNN', 'TCN', 'Transformer', 'MLP']","[16, 32, 64, 128, 256]","[1, 2, 3, 4]","[0, 0.1, 0.2, 0.3, 0.5]","['relu', 'tanh', 'sigmoid', 'elu']","[1e-05, 0.01]","[2, 3, 4, 5, 6, 7, 8, 9, 10, 11, 12, 13, 14, 15, 16, 17, 18, 19, 20, 21, 22, 23, 24, 25, 26, 27, 28, 29, 30]","[16, 32, 64, 128]","[5, 10, 15, 20]","[2, 3, 5, 7]","[2, 4, 8]",anneal,minimize,local
1jguld6t,154,1150,1779202936546,,/home/meliani/nni-experiments/1jguld6t,37,exp_anneal_1800s_local_plus_ali_local_plus_ali,hpo,/home/meliani/Desktop/phd/fast-track/search_space.json,python3 trial.py --data ./local_plus_ali.csv,/home/meliani/Desktop/phd/fast-track,1,1800s,100000000,False,False,info,/home/meliani/nni-experiments,"['LSTM', 'GRU', 'CNN', 'RNN', 'TCN', 'Transformer', 'MLP']","[16, 32, 64, 128, 256]","[1, 2, 3, 4]","[0, 0.1, 0.2, 0.3, 0.5]","['relu', 'tanh', 'sigmoid', 'elu']","[1e-05, 0.01]","[2, 3, 4, 5, 6, 7, 8, 9, 10, 11, 12, 13, 14, 15, 16, 17, 18, 19, 20, 21, 22, 23, 24, 25, 26, 27, 28, 29, 30]","[16, 32, 64, 128]","[5, 10, 15, 20]","[2, 3, 5, 7]","[2, 4, 8]",anneal,minimize,local
1jguld6t,155,1153,1779202936546,,/home/meliani/nni-experiments/1jguld6t,38,exp_anneal_1800s_local_plus_ali_local_plus_ali,hpo,/home/meliani/Desktop/phd/fast-track/search_space.json,python3 trial.py --data ./local_plus_ali.csv,/home/meliani/Desktop/phd/fast-track,1,1800s,100000000,False,False,info,/home/meliani/nni-experiments,"['LSTM', 'GRU', 'CNN', 'RNN', 'TCN', 'Transformer', 'MLP']","[16, 32, 64, 128, 256]","[1, 2, 3, 4]","[0, 0.1, 0.2, 0.3, 0.5]","['relu', 'tanh', 'sigmoid', 'elu']","[1e-05, 0.01]","[2, 3, 4, 5, 6, 7, 8, 9, 10, 11, 12, 13, 14, 15, 16, 17, 18, 19, 20, 21, 22, 23, 24, 25, 26, 27, 28, 29, 30]","[16, 32, 64, 128]","[5, 10, 15, 20]","[2, 3, 5, 7]","[2, 4, 8]",anneal,minimize,local
1jguld6t,156,1158,1779202936546,,/home/meliani/nni-experiments/1jguld6t,39,exp_anneal_1800s_local_plus_ali_local_plus_ali,hpo,/home/meliani/Desktop/phd/fast-track/search_space.json,python3 trial.py --data ./local_plus_ali.csv,/home/meliani/Desktop/phd/fast-track,1,1800s,100000000,False,False,info,/home/meliani/nni-experiments,"['LSTM', 'GRU', 'CNN', 'RNN', 'TCN', 'Transformer', 'MLP']","[16, 32, 64, 128, 256]","[1, 2, 3, 4]","[0, 0.1, 0.2, 0.3, 0.5]","['relu', 'tanh', 'sigmoid', 'elu']","[1e-05, 0.01]","[2, 3, 4, 5, 6, 7, 8, 9, 10, 11, 12, 13, 14, 15, 16, 17, 18, 19, 20, 21, 22, 23, 24, 25, 26, 27, 28, 29, 30]","[16, 32, 64, 128]","[5, 10, 15, 20]","[2, 3, 5, 7]","[2, 4, 8]",anneal,minimize,local
1jguld6t,157,1160,1779202936546,,/home/meliani/nni-experiments/1jguld6t,39,exp_anneal_1800s_local_plus_ali_local_plus_ali,hpo,/home/meliani/Desktop/phd/fast-track/search_space.json,python3 trial.py --data ./local_plus_ali.csv,/home/meliani/Desktop/phd/fast-track,1,1800s,100000000,False,False,info,/home/meliani/nni-experiments,"['LSTM', 'GRU', 'CNN', 'RNN', 'TCN', 'Transformer', 'MLP']","[16, 32, 64, 128, 256]","[1, 2, 3, 4]","[0, 0.1, 0.2, 0.3, 0.5]","['relu', 'tanh', 'sigmoid', 'elu']","[1e-05, 0.01]","[2, 3, 4, 5, 6, 7, 8, 9, 10, 11, 12, 13, 14, 15, 16, 17, 18, 19, 20, 21, 22, 23, 24, 25, 26, 27, 28, 29, 30]","[16, 32, 64, 128]","[5, 10, 15, 20]","[2, 3, 5, 7]","[2, 4, 8]",anneal,minimize,local
1jguld6t,158,1166,1779202936546,,/home/meliani/nni-experiments/1jguld6t,40,exp_anneal_1800s_local_plus_ali_local_plus_ali,hpo,/home/meliani/Desktop/phd/fast-track/search_space.json,python3 trial.py --data ./local_plus_ali.csv,/home/meliani/Desktop/phd/fast-track,1,1800s,100000000,False,False,info,/home/meliani/nni-experiments,"['LSTM', 'GRU', 'CNN', 'RNN', 'TCN', 'Transformer', 'MLP']","[16, 32, 64, 128, 256]","[1, 2, 3, 4]","[0, 0.1, 0.2, 0.3, 0.5]","['relu', 'tanh', 'sigmoid', 'elu']","[1e-05, 0.01]","[2, 3, 4, 5, 6, 7, 8, 9, 10, 11, 12, 13, 14, 15, 16, 17, 18, 19, 20, 21, 22, 23, 24, 25, 26, 27, 28, 29, 30]","[16, 32, 64, 128]","[5, 10, 15, 20]","[2, 3, 5, 7]","[2, 4, 8]",anneal,minimize,local
1jguld6t,159,1170,1779202936546,,/home/meliani/nni-experiments/1jguld6t,40,exp_anneal_1800s_local_plus_ali_local_plus_ali,hpo,/home/meliani/Desktop/phd/fast-track/search_space.json,python3 trial.py --data ./local_plus_ali.csv,/home/meliani/Desktop/phd/fast-track,1,1800s,100000000,False,False,info,/home/meliani/nni-experiments,"['LSTM', 'GRU', 'CNN', 'RNN', 'TCN', 'Transformer', 'MLP']","[16, 32, 64, 128, 256]","[1, 2, 3, 4]","[0, 0.1, 0.2, 0.3, 0.5]","['relu', 'tanh', 'sigmoid', 'elu']","[1e-05, 0.01]","[2, 3, 4, 5, 6, 7, 8, 9, 10, 11, 12, 13, 14, 15, 16, 17, 18, 19, 20, 21, 22, 23, 24, 25, 26, 27, 28, 29, 30]","[16, 32, 64, 128]","[5, 10, 15, 20]","[2, 3, 5, 7]","[2, 4, 8]",anneal,minimize,local
1jguld6t,160,1176,1779202936546,,/home/meliani/nni-experiments/1jguld6t,41,exp_anneal_1800s_local_plus_ali_local_plus_ali,hpo,/home/meliani/Desktop/phd/fast-track/search_space.json,python3 trial.py --data ./local_plus_ali.csv,/home/meliani/Desktop/phd/fast-track,1,1800s,100000000,False,False,info,/home/meliani/nni-experiments,"['LSTM', 'GRU', 'CNN', 'RNN', 'TCN', 'Transformer', 'MLP']","[16, 32, 64, 128, 256]","[1, 2, 3, 4]","[0, 0.1, 0.2, 0.3, 0.5]","['relu', 'tanh', 'sigmoid', 'elu']","[1e-05, 0.01]","[2, 3, 4, 5, 6, 7, 8, 9, 10, 11, 12, 13, 14, 15, 16, 17, 18, 19, 20, 21, 22, 23, 24, 25, 26, 27, 28, 29, 30]","[16, 32, 64, 128]","[5, 10, 15, 20]","[2, 3, 5, 7]","[2, 4, 8]",anneal,minimize,local
1jguld6t,161,1180,1779202936546,,/home/meliani/nni-experiments/1jguld6t,41,exp_anneal_1800s_local_plus_ali_local_plus_ali,hpo,/home/meliani/Desktop/phd/fast-track/search_space.json,python3 trial.py --data ./local_plus_ali.csv,/home/meliani/Desktop/phd/fast-track,1,1800s,100000000,False,False,info,/home/meliani/nni-experiments,"['LSTM', 'GRU', 'CNN', 'RNN', 'TCN', 'Transformer', 'MLP']","[16, 32, 64, 128, 256]","[1, 2, 3, 4]","[0, 0.1, 0.2, 0.3, 0.5]","['relu', 'tanh', 'sigmoid', 'elu']","[1e-05, 0.01]","[2, 3, 4, 5, 6, 7, 8, 9, 10, 11, 12, 13, 14, 15, 16, 17, 18, 19, 20, 21, 22, 23, 24, 25, 26, 27, 28, 29, 30]","[16, 32, 64, 128]","[5, 10, 15, 20]","[2, 3, 5, 7]","[2, 4, 8]",anneal,minimize,local
1jguld6t,162,1190,1779202936546,,/home/meliani/nni-experiments/1jguld6t,41,exp_anneal_1800s_local_plus_ali_local_plus_ali,hpo,/home/meliani/Desktop/phd/fast-track/search_space.json,python3 trial.py --data ./local_plus_ali.csv,/home/meliani/Desktop/phd/fast-track,1,1800s,100000000,False,False,info,/home/meliani/nni-experiments,"['LSTM', 'GRU', 'CNN', 'RNN', 'TCN', 'Transformer', 'MLP']","[16, 32, 64, 128, 256]","[1, 2, 3, 4]","[0, 0.1, 0.2, 0.3, 0.5]","['relu', 'tanh', 'sigmoid', 'elu']","[1e-05, 0.01]","[2, 3, 4, 5, 6, 7, 8, 9, 10, 11, 12, 13, 14, 15, 16, 17, 18, 19, 20, 21, 22, 23, 24, 25, 26, 27, 28, 29, 30]","[16, 32, 64, 128]","[5, 10, 15, 20]","[2, 3, 5, 7]","[2, 4, 8]",anneal,minimize,local
1jguld6t,163,1200,1779202936546,,/home/meliani/nni-experiments/1jguld6t,41,exp_anneal_1800s_local_plus_ali_local_plus_ali,hpo,/home/meliani/Desktop/phd/fast-track/search_space.json,python3 trial.py --data ./local_plus_ali.csv,/home/meliani/Desktop/phd/fast-track,1,1800s,100000000,False,False,info,/home/meliani/nni-experiments,"['LSTM', 'GRU', 'CNN', 'RNN', 'TCN', 'Transformer', 'MLP']","[16, 32, 64, 128, 256]","[1, 2, 3, 4]","[0, 0.1, 0.2, 0.3, 0.5]","['relu', 'tanh', 'sigmoid', 'elu']","[1e-05, 0.01]","[2, 3, 4, 5, 6, 7, 8, 9, 10, 11, 12, 13, 14, 15, 16, 17, 18, 19, 20, 21, 22, 23, 24, 25, 26, 27, 28, 29, 30]","[16, 32, 64, 128]","[5, 10, 15, 20]","[2, 3, 5, 7]","[2, 4, 8]",anneal,minimize,local
1jguld6t,164,1203,1779202936546,,/home/meliani/nni-experiments/1jguld6t,42,exp_anneal_1800s_local_plus_ali_local_plus_ali,hpo,/home/meliani/Desktop/phd/fast-track/search_space.json,python3 trial.py --data ./local_plus_ali.csv,/home/meliani/Desktop/phd/fast-track,1,1800s,100000000,False,False,info,/home/meliani/nni-experiments,"['LSTM', 'GRU', 'CNN', 'RNN', 'TCN', 'Transformer', 'MLP']","[16, 32, 64, 128, 256]","[1, 2, 3, 4]","[0, 0.1, 0.2, 0.3, 0.5]","['relu', 'tanh', 'sigmoid', 'elu']","[1e-05, 0.01]","[2, 3, 4, 5, 6, 7, 8, 9, 10, 11, 12, 13, 14, 15, 16, 17, 18, 19, 20, 21, 22, 23, 24, 25, 26, 27, 28, 29, 30]","[16, 32, 64, 128]","[5, 10, 15, 20]","[2, 3, 5, 7]","[2, 4, 8]",anneal,minimize,local
1jguld6t,165,1210,1779202936546,,/home/meliani/nni-experiments/1jguld6t,42,exp_anneal_1800s_local_plus_ali_local_plus_ali,hpo,/home/meliani/Desktop/phd/fast-track/search_space.json,python3 trial.py --data ./local_plus_ali.csv,/home/meliani/Desktop/phd/fast-track,1,1800s,100000000,False,False,info,/home/meliani/nni-experiments,"['LSTM', 'GRU', 'CNN', 'RNN', 'TCN', 'Transformer', 'MLP']","[16, 32, 64, 128, 256]","[1, 2, 3, 4]","[0, 0.1, 0.2, 0.3, 0.5]","['relu', 'tanh', 'sigmoid', 'elu']","[1e-05, 0.01]","[2, 3, 4, 5, 6, 7, 8, 9, 10, 11, 12, 13, 14, 15, 16, 17, 18, 19, 20, 21, 22, 23, 24, 25, 26, 27, 28, 29, 30]","[16, 32, 64, 128]","[5, 10, 15, 20]","[2, 3, 5, 7]","[2, 4, 8]",anneal,minimize,local
1jguld6t,166,1220,1779202936546,,/home/meliani/nni-experiments/1jguld6t,42,exp_anneal_1800s_local_plus_ali_local_plus_ali,hpo,/home/meliani/Desktop/phd/fast-track/search_space.json,python3 trial.py --data ./local_plus_ali.csv,/home/meliani/Desktop/phd/fast-track,1,1800s,100000000,False,False,info,/home/meliani/nni-experiments,"['LSTM', 'GRU', 'CNN', 'RNN', 'TCN', 'Transformer', 'MLP']","[16, 32, 64, 128, 256]","[1, 2, 3, 4]","[0, 0.1, 0.2, 0.3, 0.5]","['relu', 'tanh', 'sigmoid', 'elu']","[1e-05, 0.01]","[2, 3, 4, 5, 6, 7, 8, 9, 10, 11, 12, 13, 14, 15, 16, 17, 18, 19, 20, 21, 22, 23, 24, 25, 26, 27, 28, 29, 30]","[16, 32, 64, 128]","[5, 10, 15, 20]","[2, 3, 5, 7]","[2, 4, 8]",anneal,minimize,local
1jguld6t,167,1230,1779202936546,,/home/meliani/nni-experiments/1jguld6t,42,exp_anneal_1800s_local_plus_ali_local_plus_ali,hpo,/home/meliani/Desktop/phd/fast-track/search_space.json,python3 trial.py --data ./local_plus_ali.csv,/home/meliani/Desktop/phd/fast-track,1,1800s,100000000,False,False,info,/home/meliani/nni-experiments,"['LSTM', 'GRU', 'CNN', 'RNN', 'TCN', 'Transformer', 'MLP']","[16, 32, 64, 128, 256]","[1, 2, 3, 4]","[0, 0.1, 0.2, 0.3, 0.5]","['relu', 'tanh', 'sigmoid', 'elu']","[1e-05, 0.01]","[2, 3, 4, 5, 6, 7, 8, 9, 10, 11, 12, 13, 14, 15, 16, 17, 18, 19, 20, 21, 22, 23, 24, 25, 26, 27, 28, 29, 30]","[16, 32, 64, 128]","[5, 10, 15, 20]","[2, 3, 5, 7]","[2, 4, 8]",anneal,minimize,local
1jguld6t,168,1231,1779202936546,,/home/meliani/nni-experiments/1jguld6t,43,exp_anneal_1800s_local_plus_ali_local_plus_ali,hpo,/home/meliani/Desktop/phd/fast-track/search_space.json,python3 trial.py --data ./local_plus_ali.csv,/home/meliani/Desktop/phd/fast-track,1,1800s,100000000,False,False,info,/home/meliani/nni-experiments,"['LSTM', 'GRU', 'CNN', 'RNN', 'TCN', 'Transformer', 'MLP']","[16, 32, 64, 128, 256]","[1, 2, 3, 4]","[0, 0.1, 0.2, 0.3, 0.5]","['relu', 'tanh', 'sigmoid', 'elu']","[1e-05, 0.01]","[2, 3, 4, 5, 6, 7, 8, 9, 10, 11, 12, 13, 14, 15, 16, 17, 18, 19, 20, 21, 22, 23, 24, 25, 26, 27, 28, 29, 30]","[16, 32, 64, 128]","[5, 10, 15, 20]","[2, 3, 5, 7]","[2, 4, 8]",anneal,minimize,local
1jguld6t,169,1239,1779202936546,,/home/meliani/nni-experiments/1jguld6t,44,exp_anneal_1800s_local_plus_ali_local_plus_ali,hpo,/home/meliani/Desktop/phd/fast-track/search_space.json,python3 trial.py --data ./local_plus_ali.csv,/home/meliani/Desktop/phd/fast-track,1,1800s,100000000,False,False,info,/home/meliani/nni-experiments,"['LSTM', 'GRU', 'CNN', 'RNN', 'TCN', 'Transformer', 'MLP']","[16, 32, 64, 128, 256]","[1, 2, 3, 4]","[0, 0.1, 0.2, 0.3, 0.5]","['relu', 'tanh', 'sigmoid', 'elu']","[1e-05, 0.01]","[2, 3, 4, 5, 6, 7, 8, 9, 10, 11, 12, 13, 14, 15, 16, 17, 18, 19, 20, 21, 22, 23, 24, 25, 26, 27, 28, 29, 30]","[16, 32, 64, 128]","[5, 10, 15, 20]","[2, 3, 5, 7]","[2, 4, 8]",anneal,minimize,local
1jguld6t,170,1240,1779202936546,,/home/meliani/nni-experiments/1jguld6t,44,exp_anneal_1800s_local_plus_ali_local_plus_ali,hpo,/home/meliani/Desktop/phd/fast-track/search_space.json,python3 trial.py --data ./local_plus_ali.csv,/home/meliani/Desktop/phd/fast-track,1,1800s,100000000,False,False,info,/home/meliani/nni-experiments,"['LSTM', 'GRU', 'CNN', 'RNN', 'TCN', 'Transformer', 'MLP']","[16, 32, 64, 128, 256]","[1, 2, 3, 4]","[0, 0.1, 0.2, 0.3, 0.5]","['relu', 'tanh', 'sigmoid', 'elu']","[1e-05, 0.01]","[2, 3, 4, 5, 6, 7, 8, 9, 10, 11, 12, 13, 14, 15, 16, 17, 18, 19, 20, 21, 22, 23, 24, 25, 26, 27, 28, 29, 30]","[16, 32, 64, 128]","[5, 10, 15, 20]","[2, 3, 5, 7]","[2, 4, 8]",anneal,minimize,local
1jguld6t,171,1246,1779202936546,,/home/meliani/nni-experiments/1jguld6t,45,exp_anneal_1800s_local_plus_ali_local_plus_ali,hpo,/home/meliani/Desktop/phd/fast-track/search_space.json,python3 trial.py --data ./local_plus_ali.csv,/home/meliani/Desktop/phd/fast-track,1,1800s,100000000,False,False,info,/home/meliani/nni-experiments,"['LSTM', 'GRU', 'CNN', 'RNN', 'TCN', 'Transformer', 'MLP']","[16, 32, 64, 128, 256]","[1, 2, 3, 4]","[0, 0.1, 0.2, 0.3, 0.5]","['relu', 'tanh', 'sigmoid', 'elu']","[1e-05, 0.01]","[2, 3, 4, 5, 6, 7, 8, 9, 10, 11, 12, 13, 14, 15, 16, 17, 18, 19, 20, 21, 22, 23, 24, 25, 26, 27, 28, 29, 30]","[16, 32, 64, 128]","[5, 10, 15, 20]","[2, 3, 5, 7]","[2, 4, 8]",anneal,minimize,local
1jguld6t,172,1250,1779202936546,,/home/meliani/nni-experiments/1jguld6t,45,exp_anneal_1800s_local_plus_ali_local_plus_ali,hpo,/home/meliani/Desktop/phd/fast-track/search_space.json,python3 trial.py --data ./local_plus_ali.csv,/home/meliani/Desktop/phd/fast-track,1,1800s,100000000,False,False,info,/home/meliani/nni-experiments,"['LSTM', 'GRU', 'CNN', 'RNN', 'TCN', 'Transformer', 'MLP']","[16, 32, 64, 128, 256]","[1, 2, 3, 4]","[0, 0.1, 0.2, 0.3, 0.5]","['relu', 'tanh', 'sigmoid', 'elu']","[1e-05, 0.01]","[2, 3, 4, 5, 6, 7, 8, 9, 10, 11, 12, 13, 14, 15, 16, 17, 18, 19, 20, 21, 22, 23, 24, 25, 26, 27, 28, 29, 30]","[16, 32, 64, 128]","[5, 10, 15, 20]","[2, 3, 5, 7]","[2, 4, 8]",anneal,minimize,local
1jguld6t,173,1260,1779202936546,,/home/meliani/nni-experiments/1jguld6t,45,exp_anneal_1800s_local_plus_ali_local_plus_ali,hpo,/home/meliani/Desktop/phd/fast-track/search_space.json,python3 trial.py --data ./local_plus_ali.csv,/home/meliani/Desktop/phd/fast-track,1,1800s,100000000,False,False,info,/home/meliani/nni-experiments,"['LSTM', 'GRU', 'CNN', 'RNN', 'TCN', 'Transformer', 'MLP']","[16, 32, 64, 128, 256]","[1, 2, 3, 4]","[0, 0.1, 0.2, 0.3, 0.5]","['relu', 'tanh', 'sigmoid', 'elu']","[1e-05, 0.01]","[2, 3, 4, 5, 6, 7, 8, 9, 10, 11, 12, 13, 14, 15, 16, 17, 18, 19, 20, 21, 22, 23, 24, 25, 26, 27, 28, 29, 30]","[16, 32, 64, 128]","[5, 10, 15, 20]","[2, 3, 5, 7]","[2, 4, 8]",anneal,minimize,local
1jguld6t,174,1270,1779202936546,,/home/meliani/nni-experiments/1jguld6t,45,exp_anneal_1800s_local_plus_ali_local_plus_ali,hpo,/home/meliani/Desktop/phd/fast-track/search_space.json,python3 trial.py --data ./local_plus_ali.csv,/home/meliani/Desktop/phd/fast-track,1,1800s,100000000,False,False,info,/home/meliani/nni-experiments,"['LSTM', 'GRU', 'CNN', 'RNN', 'TCN', 'Transformer', 'MLP']","[16, 32, 64, 128, 256]","[1, 2, 3, 4]","[0, 0.1, 0.2, 0.3, 0.5]","['relu', 'tanh', 'sigmoid', 'elu']","[1e-05, 0.01]","[2, 3, 4, 5, 6, 7, 8, 9, 10, 11, 12, 13, 14, 15, 16, 17, 18, 19, 20, 21, 22, 23, 24, 25, 26, 27, 28, 29, 30]","[16, 32, 64, 128]","[5, 10, 15, 20]","[2, 3, 5, 7]","[2, 4, 8]",anneal,minimize,local
1jguld6t,175,1273,1779202936546,,/home/meliani/nni-experiments/1jguld6t,46,exp_anneal_1800s_local_plus_ali_local_plus_ali,hpo,/home/meliani/Desktop/phd/fast-track/search_space.json,python3 trial.py --data ./local_plus_ali.csv,/home/meliani/Desktop/phd/fast-track,1,1800s,100000000,False,False,info,/home/meliani/nni-experiments,"['LSTM', 'GRU', 'CNN', 'RNN', 'TCN', 'Transformer', 'MLP']","[16, 32, 64, 128, 256]","[1, 2, 3, 4]","[0, 0.1, 0.2, 0.3, 0.5]","['relu', 'tanh', 'sigmoid', 'elu']","[1e-05, 0.01]","[2, 3, 4, 5, 6, 7, 8, 9, 10, 11, 12, 13, 14, 15, 16, 17, 18, 19, 20, 21, 22, 23, 24, 25, 26, 27, 28, 29, 30]","[16, 32, 64, 128]","[5, 10, 15, 20]","[2, 3, 5, 7]","[2, 4, 8]",anneal,minimize,local
1jguld6t,176,1279,1779202936546,,/home/meliani/nni-experiments/1jguld6t,47,exp_anneal_1800s_local_plus_ali_local_plus_ali,hpo,/home/meliani/Desktop/phd/fast-track/search_space.json,python3 trial.py --data ./local_plus_ali.csv,/home/meliani/Desktop/phd/fast-track,1,1800s,100000000,False,False,info,/home/meliani/nni-experiments,"['LSTM', 'GRU', 'CNN', 'RNN', 'TCN', 'Transformer', 'MLP']","[16, 32, 64, 128, 256]","[1, 2, 3, 4]","[0, 0.1, 0.2, 0.3, 0.5]","['relu', 'tanh', 'sigmoid', 'elu']","[1e-05, 0.01]","[2, 3, 4, 5, 6, 7, 8, 9, 10, 11, 12, 13, 14, 15, 16, 17, 18, 19, 20, 21, 22, 23, 24, 25, 26, 27, 28, 29, 30]","[16, 32, 64, 128]","[5, 10, 15, 20]","[2, 3, 5, 7]","[2, 4, 8]",anneal,minimize,local
1jguld6t,177,1280,1779202936546,,/home/meliani/nni-experiments/1jguld6t,47,exp_anneal_1800s_local_plus_ali_local_plus_ali,hpo,/home/meliani/Desktop/phd/fast-track/search_space.json,python3 trial.py --data ./local_plus_ali.csv,/home/meliani/Desktop/phd/fast-track,1,1800s,100000000,False,False,info,/home/meliani/nni-experiments,"['LSTM', 'GRU', 'CNN', 'RNN', 'TCN', 'Transformer', 'MLP']","[16, 32, 64, 128, 256]","[1, 2, 3, 4]","[0, 0.1, 0.2, 0.3, 0.5]","['relu', 'tanh', 'sigmoid', 'elu']","[1e-05, 0.01]","[2, 3, 4, 5, 6, 7, 8, 9, 10, 11, 12, 13, 14, 15, 16, 17, 18, 19, 20, 21, 22, 23, 24, 25, 26, 27, 28, 29, 30]","[16, 32, 64, 128]","[5, 10, 15, 20]","[2, 3, 5, 7]","[2, 4, 8]",anneal,minimize,local
1jguld6t,178,1290,1779202936546,,/home/meliani/nni-experiments/1jguld6t,47,exp_anneal_1800s_local_plus_ali_local_plus_ali,hpo,/home/meliani/Desktop/phd/fast-track/search_space.json,python3 trial.py --data ./local_plus_ali.csv,/home/meliani/Desktop/phd/fast-track,1,1800s,100000000,False,False,info,/home/meliani/nni-experiments,"['LSTM', 'GRU', 'CNN', 'RNN', 'TCN', 'Transformer', 'MLP']","[16, 32, 64, 128, 256]","[1, 2, 3, 4]","[0, 0.1, 0.2, 0.3, 0.5]","['relu', 'tanh', 'sigmoid', 'elu']","[1e-05, 0.01]","[2, 3, 4, 5, 6, 7, 8, 9, 10, 11, 12, 13, 14, 15, 16, 17, 18, 19, 20, 21, 22, 23, 24, 25, 26, 27, 28, 29, 30]","[16, 32, 64, 128]","[5, 10, 15, 20]","[2, 3, 5, 7]","[2, 4, 8]",anneal,minimize,local
1jguld6t,179,1300,1779202936546,,/home/meliani/nni-experiments/1jguld6t,47,exp_anneal_1800s_local_plus_ali_local_plus_ali,hpo,/home/meliani/Desktop/phd/fast-track/search_space.json,python3 trial.py --data ./local_plus_ali.csv,/home/meliani/Desktop/phd/fast-track,1,1800s,100000000,False,False,info,/home/meliani/nni-experiments,"['LSTM', 'GRU', 'CNN', 'RNN', 'TCN', 'Transformer', 'MLP']","[16, 32, 64, 128, 256]","[1, 2, 3, 4]","[0, 0.1, 0.2, 0.3, 0.5]","['relu', 'tanh', 'sigmoid', 'elu']","[1e-05, 0.01]","[2, 3, 4, 5, 6, 7, 8, 9, 10, 11, 12, 13, 14, 15, 16, 17, 18, 19, 20, 21, 22, 23, 24, 25, 26, 27, 28, 29, 30]","[16, 32, 64, 128]","[5, 10, 15, 20]","[2, 3, 5, 7]","[2, 4, 8]",anneal,minimize,local
1jguld6t,180,1306,1779202936546,,/home/meliani/nni-experiments/1jguld6t,48,exp_anneal_1800s_local_plus_ali_local_plus_ali,hpo,/home/meliani/Desktop/phd/fast-track/search_space.json,python3 trial.py --data ./local_plus_ali.csv,/home/meliani/Desktop/phd/fast-track,1,1800s,100000000,False,False,info,/home/meliani/nni-experiments,"['LSTM', 'GRU', 'CNN', 'RNN', 'TCN', 'Transformer', 'MLP']","[16, 32, 64, 128, 256]","[1, 2, 3, 4]","[0, 0.1, 0.2, 0.3, 0.5]","['relu', 'tanh', 'sigmoid', 'elu']","[1e-05, 0.01]","[2, 3, 4, 5, 6, 7, 8, 9, 10, 11, 12, 13, 14, 15, 16, 17, 18, 19, 20, 21, 22, 23, 24, 25, 26, 27, 28, 29, 30]","[16, 32, 64, 128]","[5, 10, 15, 20]","[2, 3, 5, 7]","[2, 4, 8]",anneal,minimize,local
1jguld6t,181,1310,1779202936546,,/home/meliani/nni-experiments/1jguld6t,48,exp_anneal_1800s_local_plus_ali_local_plus_ali,hpo,/home/meliani/Desktop/phd/fast-track/search_space.json,python3 trial.py --data ./local_plus_ali.csv,/home/meliani/Desktop/phd/fast-track,1,1800s,100000000,False,False,info,/home/meliani/nni-experiments,"['LSTM', 'GRU', 'CNN', 'RNN', 'TCN', 'Transformer', 'MLP']","[16, 32, 64, 128, 256]","[1, 2, 3, 4]","[0, 0.1, 0.2, 0.3, 0.5]","['relu', 'tanh', 'sigmoid', 'elu']","[1e-05, 0.01]","[2, 3, 4, 5, 6, 7, 8, 9, 10, 11, 12, 13, 14, 15, 16, 17, 18, 19, 20, 21, 22, 23, 24, 25, 26, 27, 28, 29, 30]","[16, 32, 64, 128]","[5, 10, 15, 20]","[2, 3, 5, 7]","[2, 4, 8]",anneal,minimize,local
1jguld6t,182,1312,1779202936546,,/home/meliani/nni-experiments/1jguld6t,49,exp_anneal_1800s_local_plus_ali_local_plus_ali,hpo,/home/meliani/Desktop/phd/fast-track/search_space.json,python3 trial.py --data ./local_plus_ali.csv,/home/meliani/Desktop/phd/fast-track,1,1800s,100000000,False,False,info,/home/meliani/nni-experiments,"['LSTM', 'GRU', 'CNN', 'RNN', 'TCN', 'Transformer', 'MLP']","[16, 32, 64, 128, 256]","[1, 2, 3, 4]","[0, 0.1, 0.2, 0.3, 0.5]","['relu', 'tanh', 'sigmoid', 'elu']","[1e-05, 0.01]","[2, 3, 4, 5, 6, 7, 8, 9, 10, 11, 12, 13, 14, 15, 16, 17, 18, 19, 20, 21, 22, 23, 24, 25, 26, 27, 28, 29, 30]","[16, 32, 64, 128]","[5, 10, 15, 20]","[2, 3, 5, 7]","[2, 4, 8]",anneal,minimize,local
1jguld6t,183,1320,1779202936546,,/home/meliani/nni-experiments/1jguld6t,49,exp_anneal_1800s_local_plus_ali_local_plus_ali,hpo,/home/meliani/Desktop/phd/fast-track/search_space.json,python3 trial.py --data ./local_plus_ali.csv,/home/meliani/Desktop/phd/fast-track,1,1800s,100000000,False,False,info,/home/meliani/nni-experiments,"['LSTM', 'GRU', 'CNN', 'RNN', 'TCN', 'Transformer', 'MLP']","[16, 32, 64, 128, 256]","[1, 2, 3, 4]","[0, 0.1, 0.2, 0.3, 0.5]","['relu', 'tanh', 'sigmoid', 'elu']","[1e-05, 0.01]","[2, 3, 4, 5, 6, 7, 8, 9, 10, 11, 12, 13, 14, 15, 16, 17, 18, 19, 20, 21, 22, 23, 24, 25, 26, 27, 28, 29, 30]","[16, 32, 64, 128]","[5, 10, 15, 20]","[2, 3, 5, 7]","[2, 4, 8]",anneal,minimize,local
1jguld6t,184,1330,1779202936546,,/home/meliani/nni-experiments/1jguld6t,49,exp_anneal_1800s_local_plus_ali_local_plus_ali,hpo,/home/meliani/Desktop/phd/fast-track/search_space.json,python3 trial.py --data ./local_plus_ali.csv,/home/meliani/Desktop/phd/fast-track,1,1800s,100000000,False,False,info,/home/meliani/nni-experiments,"['LSTM', 'GRU', 'CNN', 'RNN', 'TCN', 'Transformer', 'MLP']","[16, 32, 64, 128, 256]","[1, 2, 3, 4]","[0, 0.1, 0.2, 0.3, 0.5]","['relu', 'tanh', 'sigmoid', 'elu']","[1e-05, 0.01]","[2, 3, 4, 5, 6, 7, 8, 9, 10, 11, 12, 13, 14, 15, 16, 17, 18, 19, 20, 21, 22, 23, 24, 25, 26, 27, 28, 29, 30]","[16, 32, 64, 128]","[5, 10, 15, 20]","[2, 3, 5, 7]","[2, 4, 8]",anneal,minimize,local
1jguld6t,185,1340,1779202936546,,/home/meliani/nni-experiments/1jguld6t,49,exp_anneal_1800s_local_plus_ali_local_plus_ali,hpo,/home/meliani/Desktop/phd/fast-track/search_space.json,python3 trial.py --data ./local_plus_ali.csv,/home/meliani/Desktop/phd/fast-track,1,1800s,100000000,False,False,info,/home/meliani/nni-experiments,"['LSTM', 'GRU', 'CNN', 'RNN', 'TCN', 'Transformer', 'MLP']","[16, 32, 64, 128, 256]","[1, 2, 3, 4]","[0, 0.1, 0.2, 0.3, 0.5]","['relu', 'tanh', 'sigmoid', 'elu']","[1e-05, 0.01]","[2, 3, 4, 5, 6, 7, 8, 9, 10, 11, 12, 13, 14, 15, 16, 17, 18, 19, 20, 21, 22, 23, 24, 25, 26, 27, 28, 29, 30]","[16, 32, 64, 128]","[5, 10, 15, 20]","[2, 3, 5, 7]","[2, 4, 8]",anneal,minimize,local
1jguld6t,186,1344,1779202936546,,/home/meliani/nni-experiments/1jguld6t,50,exp_anneal_1800s_local_plus_ali_local_plus_ali,hpo,/home/meliani/Desktop/phd/fast-track/search_space.json,python3 trial.py --data ./local_plus_ali.csv,/home/meliani/Desktop/phd/fast-track,1,1800s,100000000,False,False,info,/home/meliani/nni-experiments,"['LSTM', 'GRU', 'CNN', 'RNN', 'TCN', 'Transformer', 'MLP']","[16, 32, 64, 128, 256]","[1, 2, 3, 4]","[0, 0.1, 0.2, 0.3, 0.5]","['relu', 'tanh', 'sigmoid', 'elu']","[1e-05, 0.01]","[2, 3, 4, 5, 6, 7, 8, 9, 10, 11, 12, 13, 14, 15, 16, 17, 18, 19, 20, 21, 22, 23, 24, 25, 26, 27, 28, 29, 30]","[16, 32, 64, 128]","[5, 10, 15, 20]","[2, 3, 5, 7]","[2, 4, 8]",anneal,minimize,local
1jguld6t,187,1350,1779202936546,,/home/meliani/nni-experiments/1jguld6t,50,exp_anneal_1800s_local_plus_ali_local_plus_ali,hpo,/home/meliani/Desktop/phd/fast-track/search_space.json,python3 trial.py --data ./local_plus_ali.csv,/home/meliani/Desktop/phd/fast-track,1,1800s,100000000,False,False,info,/home/meliani/nni-experiments,"['LSTM', 'GRU', 'CNN', 'RNN', 'TCN', 'Transformer', 'MLP']","[16, 32, 64, 128, 256]","[1, 2, 3, 4]","[0, 0.1, 0.2, 0.3, 0.5]","['relu', 'tanh', 'sigmoid', 'elu']","[1e-05, 0.01]","[2, 3, 4, 5, 6, 7, 8, 9, 10, 11, 12, 13, 14, 15, 16, 17, 18, 19, 20, 21, 22, 23, 24, 25, 26, 27, 28, 29, 30]","[16, 32, 64, 128]","[5, 10, 15, 20]","[2, 3, 5, 7]","[2, 4, 8]",anneal,minimize,local
1jguld6t,188,1353,1779202936546,,/home/meliani/nni-experiments/1jguld6t,51,exp_anneal_1800s_local_plus_ali_local_plus_ali,hpo,/home/meliani/Desktop/phd/fast-track/search_space.json,python3 trial.py --data ./local_plus_ali.csv,/home/meliani/Desktop/phd/fast-track,1,1800s,100000000,False,False,info,/home/meliani/nni-experiments,"['LSTM', 'GRU', 'CNN', 'RNN', 'TCN', 'Transformer', 'MLP']","[16, 32, 64, 128, 256]","[1, 2, 3, 4]","[0, 0.1, 0.2, 0.3, 0.5]","['relu', 'tanh', 'sigmoid', 'elu']","[1e-05, 0.01]","[2, 3, 4, 5, 6, 7, 8, 9, 10, 11, 12, 13, 14, 15, 16, 17, 18, 19, 20, 21, 22, 23, 24, 25, 26, 27, 28, 29, 30]","[16, 32, 64, 128]","[5, 10, 15, 20]","[2, 3, 5, 7]","[2, 4, 8]",anneal,minimize,local
1jguld6t,189,1360,1779202936546,,/home/meliani/nni-experiments/1jguld6t,51,exp_anneal_1800s_local_plus_ali_local_plus_ali,hpo,/home/meliani/Desktop/phd/fast-track/search_space.json,python3 trial.py --data ./local_plus_ali.csv,/home/meliani/Desktop/phd/fast-track,1,1800s,100000000,False,False,info,/home/meliani/nni-experiments,"['LSTM', 'GRU', 'CNN', 'RNN', 'TCN', 'Transformer', 'MLP']","[16, 32, 64, 128, 256]","[1, 2, 3, 4]","[0, 0.1, 0.2, 0.3, 0.5]","['relu', 'tanh', 'sigmoid', 'elu']","[1e-05, 0.01]","[2, 3, 4, 5, 6, 7, 8, 9, 10, 11, 12, 13, 14, 15, 16, 17, 18, 19, 20, 21, 22, 23, 24, 25, 26, 27, 28, 29, 30]","[16, 32, 64, 128]","[5, 10, 15, 20]","[2, 3, 5, 7]","[2, 4, 8]",anneal,minimize,local
1jguld6t,190,1365,1779202936546,,/home/meliani/nni-experiments/1jguld6t,52,exp_anneal_1800s_local_plus_ali_local_plus_ali,hpo,/home/meliani/Desktop/phd/fast-track/search_space.json,python3 trial.py --data ./local_plus_ali.csv,/home/meliani/Desktop/phd/fast-track,1,1800s,100000000,False,False,info,/home/meliani/nni-experiments,"['LSTM', 'GRU', 'CNN', 'RNN', 'TCN', 'Transformer', 'MLP']","[16, 32, 64, 128, 256]","[1, 2, 3, 4]","[0, 0.1, 0.2, 0.3, 0.5]","['relu', 'tanh', 'sigmoid', 'elu']","[1e-05, 0.01]","[2, 3, 4, 5, 6, 7, 8, 9, 10, 11, 12, 13, 14, 15, 16, 17, 18, 19, 20, 21, 22, 23, 24, 25, 26, 27, 28, 29, 30]","[16, 32, 64, 128]","[5, 10, 15, 20]","[2, 3, 5, 7]","[2, 4, 8]",anneal,minimize,local
1jguld6t,191,1370,1779202936546,,/home/meliani/nni-experiments/1jguld6t,52,exp_anneal_1800s_local_plus_ali_local_plus_ali,hpo,/home/meliani/Desktop/phd/fast-track/search_space.json,python3 trial.py --data ./local_plus_ali.csv,/home/meliani/Desktop/phd/fast-track,1,1800s,100000000,False,False,info,/home/meliani/nni-experiments,"['LSTM', 'GRU', 'CNN', 'RNN', 'TCN', 'Transformer', 'MLP']","[16, 32, 64, 128, 256]","[1, 2, 3, 4]","[0, 0.1, 0.2, 0.3, 0.5]","['relu', 'tanh', 'sigmoid', 'elu']","[1e-05, 0.01]","[2, 3, 4, 5, 6, 7, 8, 9, 10, 11, 12, 13, 14, 15, 16, 17, 18, 19, 20, 21, 22, 23, 24, 25, 26, 27, 28, 29, 30]","[16, 32, 64, 128]","[5, 10, 15, 20]","[2, 3, 5, 7]","[2, 4, 8]",anneal,minimize,local
1jguld6t,192,1373,1779202936546,,/home/meliani/nni-experiments/1jguld6t,53,exp_anneal_1800s_local_plus_ali_local_plus_ali,hpo,/home/meliani/Desktop/phd/fast-track/search_space.json,python3 trial.py --data ./local_plus_ali.csv,/home/meliani/Desktop/phd/fast-track,1,1800s,100000000,False,False,info,/home/meliani/nni-experiments,"['LSTM', 'GRU', 'CNN', 'RNN', 'TCN', 'Transformer', 'MLP']","[16, 32, 64, 128, 256]","[1, 2, 3, 4]","[0, 0.1, 0.2, 0.3, 0.5]","['relu', 'tanh', 'sigmoid', 'elu']","[1e-05, 0.01]","[2, 3, 4, 5, 6, 7, 8, 9, 10, 11, 12, 13, 14, 15, 16, 17, 18, 19, 20, 21, 22, 23, 24, 25, 26, 27, 28, 29, 30]","[16, 32, 64, 128]","[5, 10, 15, 20]","[2, 3, 5, 7]","[2, 4, 8]",anneal,minimize,local
1jguld6t,193,1380,1779202936546,,/home/meliani/nni-experiments/1jguld6t,54,exp_anneal_1800s_local_plus_ali_local_plus_ali,hpo,/home/meliani/Desktop/phd/fast-track/search_space.json,python3 trial.py --data ./local_plus_ali.csv,/home/meliani/Desktop/phd/fast-track,1,1800s,100000000,False,False,info,/home/meliani/nni-experiments,"['LSTM', 'GRU', 'CNN', 'RNN', 'TCN', 'Transformer', 'MLP']","[16, 32, 64, 128, 256]","[1, 2, 3, 4]","[0, 0.1, 0.2, 0.3, 0.5]","['relu', 'tanh', 'sigmoid', 'elu']","[1e-05, 0.01]","[2, 3, 4, 5, 6, 7, 8, 9, 10, 11, 12, 13, 14, 15, 16, 17, 18, 19, 20, 21, 22, 23, 24, 25, 26, 27, 28, 29, 30]","[16, 32, 64, 128]","[5, 10, 15, 20]","[2, 3, 5, 7]","[2, 4, 8]",anneal,minimize,local
1jguld6t,194,1380,1779202936546,,/home/meliani/nni-experiments/1jguld6t,54,exp_anneal_1800s_local_plus_ali_local_plus_ali,hpo,/home/meliani/Desktop/phd/fast-track/search_space.json,python3 trial.py --data ./local_plus_ali.csv,/home/meliani/Desktop/phd/fast-track,1,1800s,100000000,False,False,info,/home/meliani/nni-experiments,"['LSTM', 'GRU', 'CNN', 'RNN', 'TCN', 'Transformer', 'MLP']","[16, 32, 64, 128, 256]","[1, 2, 3, 4]","[0, 0.1, 0.2, 0.3, 0.5]","['relu', 'tanh', 'sigmoid', 'elu']","[1e-05, 0.01]","[2, 3, 4, 5, 6, 7, 8, 9, 10, 11, 12, 13, 14, 15, 16, 17, 18, 19, 20, 21, 22, 23, 24, 25, 26, 27, 28, 29, 30]","[16, 32, 64, 128]","[5, 10, 15, 20]","[2, 3, 5, 7]","[2, 4, 8]",anneal,minimize,local
1jguld6t,195,1386,1779202936546,,/home/meliani/nni-experiments/1jguld6t,55,exp_anneal_1800s_local_plus_ali_local_plus_ali,hpo,/home/meliani/Desktop/phd/fast-track/search_space.json,python3 trial.py --data ./local_plus_ali.csv,/home/meliani/Desktop/phd/fast-track,1,1800s,100000000,False,False,info,/home/meliani/nni-experiments,"['LSTM', 'GRU', 'CNN', 'RNN', 'TCN', 'Transformer', 'MLP']","[16, 32, 64, 128, 256]","[1, 2, 3, 4]","[0, 0.1, 0.2, 0.3, 0.5]","['relu', 'tanh', 'sigmoid', 'elu']","[1e-05, 0.01]","[2, 3, 4, 5, 6, 7, 8, 9, 10, 11, 12, 13, 14, 15, 16, 17, 18, 19, 20, 21, 22, 23, 24, 25, 26, 27, 28, 29, 30]","[16, 32, 64, 128]","[5, 10, 15, 20]","[2, 3, 5, 7]","[2, 4, 8]",anneal,minimize,local
1jguld6t,196,1390,1779202936546,,/home/meliani/nni-experiments/1jguld6t,55,exp_anneal_1800s_local_plus_ali_local_plus_ali,hpo,/home/meliani/Desktop/phd/fast-track/search_space.json,python3 trial.py --data ./local_plus_ali.csv,/home/meliani/Desktop/phd/fast-track,1,1800s,100000000,False,False,info,/home/meliani/nni-experiments,"['LSTM', 'GRU', 'CNN', 'RNN', 'TCN', 'Transformer', 'MLP']","[16, 32, 64, 128, 256]","[1, 2, 3, 4]","[0, 0.1, 0.2, 0.3, 0.5]","['relu', 'tanh', 'sigmoid', 'elu']","[1e-05, 0.01]","[2, 3, 4, 5, 6, 7, 8, 9, 10, 11, 12, 13, 14, 15, 16, 17, 18, 19, 20, 21, 22, 23, 24, 25, 26, 27, 28, 29, 30]","[16, 32, 64, 128]","[5, 10, 15, 20]","[2, 3, 5, 7]","[2, 4, 8]",anneal,minimize,local
1jguld6t,197,1400,1779202936546,,/home/meliani/nni-experiments/1jguld6t,55,exp_anneal_1800s_local_plus_ali_local_plus_ali,hpo,/home/meliani/Desktop/phd/fast-track/search_space.json,python3 trial.py --data ./local_plus_ali.csv,/home/meliani/Desktop/phd/fast-track,1,1800s,100000000,False,False,info,/home/meliani/nni-experiments,"['LSTM', 'GRU', 'CNN', 'RNN', 'TCN', 'Transformer', 'MLP']","[16, 32, 64, 128, 256]","[1, 2, 3, 4]","[0, 0.1, 0.2, 0.3, 0.5]","['relu', 'tanh', 'sigmoid', 'elu']","[1e-05, 0.01]","[2, 3, 4, 5, 6, 7, 8, 9, 10, 11, 12, 13, 14, 15, 16, 17, 18, 19, 20, 21, 22, 23, 24, 25, 26, 27, 28, 29, 30]","[16, 32, 64, 128]","[5, 10, 15, 20]","[2, 3, 5, 7]","[2, 4, 8]",anneal,minimize,local
1jguld6t,198,1405,1779202936546,,/home/meliani/nni-experiments/1jguld6t,56,exp_anneal_1800s_local_plus_ali_local_plus_ali,hpo,/home/meliani/Desktop/phd/fast-track/search_space.json,python3 trial.py --data ./local_plus_ali.csv,/home/meliani/Desktop/phd/fast-track,1,1800s,100000000,False,False,info,/home/meliani/nni-experiments,"['LSTM', 'GRU', 'CNN', 'RNN', 'TCN', 'Transformer', 'MLP']","[16, 32, 64, 128, 256]","[1, 2, 3, 4]","[0, 0.1, 0.2, 0.3, 0.5]","['relu', 'tanh', 'sigmoid', 'elu']","[1e-05, 0.01]","[2, 3, 4, 5, 6, 7, 8, 9, 10, 11, 12, 13, 14, 15, 16, 17, 18, 19, 20, 21, 22, 23, 24, 25, 26, 27, 28, 29, 30]","[16, 32, 64, 128]","[5, 10, 15, 20]","[2, 3, 5, 7]","[2, 4, 8]",anneal,minimize,local
1jguld6t,199,1410,1779202936546,,/home/meliani/nni-experiments/1jguld6t,56,exp_anneal_1800s_local_plus_ali_local_plus_ali,hpo,/home/meliani/Desktop/phd/fast-track/search_space.json,python3 trial.py --data ./local_plus_ali.csv,/home/meliani/Desktop/phd/fast-track,1,1800s,100000000,False,False,info,/home/meliani/nni-experiments,"['LSTM', 'GRU', 'CNN', 'RNN', 'TCN', 'Transformer', 'MLP']","[16, 32, 64, 128, 256]","[1, 2, 3, 4]","[0, 0.1, 0.2, 0.3, 0.5]","['relu', 'tanh', 'sigmoid', 'elu']","[1e-05, 0.01]","[2, 3, 4, 5, 6, 7, 8, 9, 10, 11, 12, 13, 14, 15, 16, 17, 18, 19, 20, 21, 22, 23, 24, 25, 26, 27, 28, 29, 30]","[16, 32, 64, 128]","[5, 10, 15, 20]","[2, 3, 5, 7]","[2, 4, 8]",anneal,minimize,local
1jguld6t,200,1412,1779202936546,,/home/meliani/nni-experiments/1jguld6t,57,exp_anneal_1800s_local_plus_ali_local_plus_ali,hpo,/home/meliani/Desktop/phd/fast-track/search_space.json,python3 trial.py --data ./local_plus_ali.csv,/home/meliani/Desktop/phd/fast-track,1,1800s,100000000,False,False,info,/home/meliani/nni-experiments,"['LSTM', 'GRU', 'CNN', 'RNN', 'TCN', 'Transformer', 'MLP']","[16, 32, 64, 128, 256]","[1, 2, 3, 4]","[0, 0.1, 0.2, 0.3, 0.5]","['relu', 'tanh', 'sigmoid', 'elu']","[1e-05, 0.01]","[2, 3, 4, 5, 6, 7, 8, 9, 10, 11, 12, 13, 14, 15, 16, 17, 18, 19, 20, 21, 22, 23, 24, 25, 26, 27, 28, 29, 30]","[16, 32, 64, 128]","[5, 10, 15, 20]","[2, 3, 5, 7]","[2, 4, 8]",anneal,minimize,local
1jguld6t,201,1419,1779202936546,,/home/meliani/nni-experiments/1jguld6t,58,exp_anneal_1800s_local_plus_ali_local_plus_ali,hpo,/home/meliani/Desktop/phd/fast-track/search_space.json,python3 trial.py --data ./local_plus_ali.csv,/home/meliani/Desktop/phd/fast-track,1,1800s,100000000,False,False,info,/home/meliani/nni-experiments,"['LSTM', 'GRU', 'CNN', 'RNN', 'TCN', 'Transformer', 'MLP']","[16, 32, 64, 128, 256]","[1, 2, 3, 4]","[0, 0.1, 0.2, 0.3, 0.5]","['relu', 'tanh', 'sigmoid', 'elu']","[1e-05, 0.01]","[2, 3, 4, 5, 6, 7, 8, 9, 10, 11, 12, 13, 14, 15, 16, 17, 18, 19, 20, 21, 22, 23, 24, 25, 26, 27, 28, 29, 30]","[16, 32, 64, 128]","[5, 10, 15, 20]","[2, 3, 5, 7]","[2, 4, 8]",anneal,minimize,local
1jguld6t,202,1420,1779202936546,,/home/meliani/nni-experiments/1jguld6t,58,exp_anneal_1800s_local_plus_ali_local_plus_ali,hpo,/home/meliani/Desktop/phd/fast-track/search_space.json,python3 trial.py --data ./local_plus_ali.csv,/home/meliani/Desktop/phd/fast-track,1,1800s,100000000,False,False,info,/home/meliani/nni-experiments,"['LSTM', 'GRU', 'CNN', 'RNN', 'TCN', 'Transformer', 'MLP']","[16, 32, 64, 128, 256]","[1, 2, 3, 4]","[0, 0.1, 0.2, 0.3, 0.5]","['relu', 'tanh', 'sigmoid', 'elu']","[1e-05, 0.01]","[2, 3, 4, 5, 6, 7, 8, 9, 10, 11, 12, 13, 14, 15, 16, 17, 18, 19, 20, 21, 22, 23, 24, 25, 26, 27, 28, 29, 30]","[16, 32, 64, 128]","[5, 10, 15, 20]","[2, 3, 5, 7]","[2, 4, 8]",anneal,minimize,local
1jguld6t,203,1427,1779202936546,,/home/meliani/nni-experiments/1jguld6t,59,exp_anneal_1800s_local_plus_ali_local_plus_ali,hpo,/home/meliani/Desktop/phd/fast-track/search_space.json,python3 trial.py --data ./local_plus_ali.csv,/home/meliani/Desktop/phd/fast-track,1,1800s,100000000,False,False,info,/home/meliani/nni-experiments,"['LSTM', 'GRU', 'CNN', 'RNN', 'TCN', 'Transformer', 'MLP']","[16, 32, 64, 128, 256]","[1, 2, 3, 4]","[0, 0.1, 0.2, 0.3, 0.5]","['relu', 'tanh', 'sigmoid', 'elu']","[1e-05, 0.01]","[2, 3, 4, 5, 6, 7, 8, 9, 10, 11, 12, 13, 14, 15, 16, 17, 18, 19, 20, 21, 22, 23, 24, 25, 26, 27, 28, 29, 30]","[16, 32, 64, 128]","[5, 10, 15, 20]","[2, 3, 5, 7]","[2, 4, 8]",anneal,minimize,local
1jguld6t,204,1430,1779202936546,,/home/meliani/nni-experiments/1jguld6t,59,exp_anneal_1800s_local_plus_ali_local_plus_ali,hpo,/home/meliani/Desktop/phd/fast-track/search_space.json,python3 trial.py --data ./local_plus_ali.csv,/home/meliani/Desktop/phd/fast-track,1,1800s,100000000,False,False,info,/home/meliani/nni-experiments,"['LSTM', 'GRU', 'CNN', 'RNN', 'TCN', 'Transformer', 'MLP']","[16, 32, 64, 128, 256]","[1, 2, 3, 4]","[0, 0.1, 0.2, 0.3, 0.5]","['relu', 'tanh', 'sigmoid', 'elu']","[1e-05, 0.01]","[2, 3, 4, 5, 6, 7, 8, 9, 10, 11, 12, 13, 14, 15, 16, 17, 18, 19, 20, 21, 22, 23, 24, 25, 26, 27, 28, 29, 30]","[16, 32, 64, 128]","[5, 10, 15, 20]","[2, 3, 5, 7]","[2, 4, 8]",anneal,minimize,local
1jguld6t,205,1440,1779202936546,,/home/meliani/nni-experiments/1jguld6t,59,exp_anneal_1800s_local_plus_ali_local_plus_ali,hpo,/home/meliani/Desktop/phd/fast-track/search_space.json,python3 trial.py --data ./local_plus_ali.csv,/home/meliani/Desktop/phd/fast-track,1,1800s,100000000,False,False,info,/home/meliani/nni-experiments,"['LSTM', 'GRU', 'CNN', 'RNN', 'TCN', 'Transformer', 'MLP']","[16, 32, 64, 128, 256]","[1, 2, 3, 4]","[0, 0.1, 0.2, 0.3, 0.5]","['relu', 'tanh', 'sigmoid', 'elu']","[1e-05, 0.01]","[2, 3, 4, 5, 6, 7, 8, 9, 10, 11, 12, 13, 14, 15, 16, 17, 18, 19, 20, 21, 22, 23, 24, 25, 26, 27, 28, 29, 30]","[16, 32, 64, 128]","[5, 10, 15, 20]","[2, 3, 5, 7]","[2, 4, 8]",anneal,minimize,local
1jguld6t,206,1444,1779202936546,,/home/meliani/nni-experiments/1jguld6t,60,exp_anneal_1800s_local_plus_ali_local_plus_ali,hpo,/home/meliani/Desktop/phd/fast-track/search_space.json,python3 trial.py --data ./local_plus_ali.csv,/home/meliani/Desktop/phd/fast-track,1,1800s,100000000,False,False,info,/home/meliani/nni-experiments,"['LSTM', 'GRU', 'CNN', 'RNN', 'TCN', 'Transformer', 'MLP']","[16, 32, 64, 128, 256]","[1, 2, 3, 4]","[0, 0.1, 0.2, 0.3, 0.5]","['relu', 'tanh', 'sigmoid', 'elu']","[1e-05, 0.01]","[2, 3, 4, 5, 6, 7, 8, 9, 10, 11, 12, 13, 14, 15, 16, 17, 18, 19, 20, 21, 22, 23, 24, 25, 26, 27, 28, 29, 30]","[16, 32, 64, 128]","[5, 10, 15, 20]","[2, 3, 5, 7]","[2, 4, 8]",anneal,minimize,local
1jguld6t,207,1450,1779202936546,,/home/meliani/nni-experiments/1jguld6t,60,exp_anneal_1800s_local_plus_ali_local_plus_ali,hpo,/home/meliani/Desktop/phd/fast-track/search_space.json,python3 trial.py --data ./local_plus_ali.csv,/home/meliani/Desktop/phd/fast-track,1,1800s,100000000,False,False,info,/home/meliani/nni-experiments,"['LSTM', 'GRU', 'CNN', 'RNN', 'TCN', 'Transformer', 'MLP']","[16, 32, 64, 128, 256]","[1, 2, 3, 4]","[0, 0.1, 0.2, 0.3, 0.5]","['relu', 'tanh', 'sigmoid', 'elu']","[1e-05, 0.01]","[2, 3, 4, 5, 6, 7, 8, 9, 10, 11, 12, 13, 14, 15, 16, 17, 18, 19, 20, 21, 22, 23, 24, 25, 26, 27, 28, 29, 30]","[16, 32, 64, 128]","[5, 10, 15, 20]","[2, 3, 5, 7]","[2, 4, 8]",anneal,minimize,local
1jguld6t,208,1454,1779202936546,,/home/meliani/nni-experiments/1jguld6t,61,exp_anneal_1800s_local_plus_ali_local_plus_ali,hpo,/home/meliani/Desktop/phd/fast-track/search_space.json,python3 trial.py --data ./local_plus_ali.csv,/home/meliani/Desktop/phd/fast-track,1,1800s,100000000,False,False,info,/home/meliani/nni-experiments,"['LSTM', 'GRU', 'CNN', 'RNN', 'TCN', 'Transformer', 'MLP']","[16, 32, 64, 128, 256]","[1, 2, 3, 4]","[0, 0.1, 0.2, 0.3, 0.5]","['relu', 'tanh', 'sigmoid', 'elu']","[1e-05, 0.01]","[2, 3, 4, 5, 6, 7, 8, 9, 10, 11, 12, 13, 14, 15, 16, 17, 18, 19, 20, 21, 22, 23, 24, 25, 26, 27, 28, 29, 30]","[16, 32, 64, 128]","[5, 10, 15, 20]","[2, 3, 5, 7]","[2, 4, 8]",anneal,minimize,local
1jguld6t,209,1460,1779202936546,,/home/meliani/nni-experiments/1jguld6t,61,exp_anneal_1800s_local_plus_ali_local_plus_ali,hpo,/home/meliani/Desktop/phd/fast-track/search_space.json,python3 trial.py --data ./local_plus_ali.csv,/home/meliani/Desktop/phd/fast-track,1,1800s,100000000,False,False,info,/home/meliani/nni-experiments,"['LSTM', 'GRU', 'CNN', 'RNN', 'TCN', 'Transformer', 'MLP']","[16, 32, 64, 128, 256]","[1, 2, 3, 4]","[0, 0.1, 0.2, 0.3, 0.5]","['relu', 'tanh', 'sigmoid', 'elu']","[1e-05, 0.01]","[2, 3, 4, 5, 6, 7, 8, 9, 10, 11, 12, 13, 14, 15, 16, 17, 18, 19, 20, 21, 22, 23, 24, 25, 26, 27, 28, 29, 30]","[16, 32, 64, 128]","[5, 10, 15, 20]","[2, 3, 5, 7]","[2, 4, 8]",anneal,minimize,local
1jguld6t,210,1470,1779202936546,,/home/meliani/nni-experiments/1jguld6t,61,exp_anneal_1800s_local_plus_ali_local_plus_ali,hpo,/home/meliani/Desktop/phd/fast-track/search_space.json,python3 trial.py --data ./local_plus_ali.csv,/home/meliani/Desktop/phd/fast-track,1,1800s,100000000,False,False,info,/home/meliani/nni-experiments,"['LSTM', 'GRU', 'CNN', 'RNN', 'TCN', 'Transformer', 'MLP']","[16, 32, 64, 128, 256]","[1, 2, 3, 4]","[0, 0.1, 0.2, 0.3, 0.5]","['relu', 'tanh', 'sigmoid', 'elu']","[1e-05, 0.01]","[2, 3, 4, 5, 6, 7, 8, 9, 10, 11, 12, 13, 14, 15, 16, 17, 18, 19, 20, 21, 22, 23, 24, 25, 26, 27, 28, 29, 30]","[16, 32, 64, 128]","[5, 10, 15, 20]","[2, 3, 5, 7]","[2, 4, 8]",anneal,minimize,local
1jguld6t,211,1472,1779202936546,,/home/meliani/nni-experiments/1jguld6t,62,exp_anneal_1800s_local_plus_ali_local_plus_ali,hpo,/home/meliani/Desktop/phd/fast-track/search_space.json,python3 trial.py --data ./local_plus_ali.csv,/home/meliani/Desktop/phd/fast-track,1,1800s,100000000,False,False,info,/home/meliani/nni-experiments,"['LSTM', 'GRU', 'CNN', 'RNN', 'TCN', 'Transformer', 'MLP']","[16, 32, 64, 128, 256]","[1, 2, 3, 4]","[0, 0.1, 0.2, 0.3, 0.5]","['relu', 'tanh', 'sigmoid', 'elu']","[1e-05, 0.01]","[2, 3, 4, 5, 6, 7, 8, 9, 10, 11, 12, 13, 14, 15, 16, 17, 18, 19, 20, 21, 22, 23, 24, 25, 26, 27, 28, 29, 30]","[16, 32, 64, 128]","[5, 10, 15, 20]","[2, 3, 5, 7]","[2, 4, 8]",anneal,minimize,local
1jguld6t,212,1480,1779202936546,,/home/meliani/nni-experiments/1jguld6t,62,exp_anneal_1800s_local_plus_ali_local_plus_ali,hpo,/home/meliani/Desktop/phd/fast-track/search_space.json,python3 trial.py --data ./local_plus_ali.csv,/home/meliani/Desktop/phd/fast-track,1,1800s,100000000,False,False,info,/home/meliani/nni-experiments,"['LSTM', 'GRU', 'CNN', 'RNN', 'TCN', 'Transformer', 'MLP']","[16, 32, 64, 128, 256]","[1, 2, 3, 4]","[0, 0.1, 0.2, 0.3, 0.5]","['relu', 'tanh', 'sigmoid', 'elu']","[1e-05, 0.01]","[2, 3, 4, 5, 6, 7, 8, 9, 10, 11, 12, 13, 14, 15, 16, 17, 18, 19, 20, 21, 22, 23, 24, 25, 26, 27, 28, 29, 30]","[16, 32, 64, 128]","[5, 10, 15, 20]","[2, 3, 5, 7]","[2, 4, 8]",anneal,minimize,local
1jguld6t,213,1484,1779202936546,,/home/meliani/nni-experiments/1jguld6t,63,exp_anneal_1800s_local_plus_ali_local_plus_ali,hpo,/home/meliani/Desktop/phd/fast-track/search_space.json,python3 trial.py --data ./local_plus_ali.csv,/home/meliani/Desktop/phd/fast-track,1,1800s,100000000,False,False,info,/home/meliani/nni-experiments,"['LSTM', 'GRU', 'CNN', 'RNN', 'TCN', 'Transformer', 'MLP']","[16, 32, 64, 128, 256]","[1, 2, 3, 4]","[0, 0.1, 0.2, 0.3, 0.5]","['relu', 'tanh', 'sigmoid', 'elu']","[1e-05, 0.01]","[2, 3, 4, 5, 6, 7, 8, 9, 10, 11, 12, 13, 14, 15, 16, 17, 18, 19, 20, 21, 22, 23, 24, 25, 26, 27, 28, 29, 30]","[16, 32, 64, 128]","[5, 10, 15, 20]","[2, 3, 5, 7]","[2, 4, 8]",anneal,minimize,local
1jguld6t,214,1490,1779202936546,,/home/meliani/nni-experiments/1jguld6t,63,exp_anneal_1800s_local_plus_ali_local_plus_ali,hpo,/home/meliani/Desktop/phd/fast-track/search_space.json,python3 trial.py --data ./local_plus_ali.csv,/home/meliani/Desktop/phd/fast-track,1,1800s,100000000,False,False,info,/home/meliani/nni-experiments,"['LSTM', 'GRU', 'CNN', 'RNN', 'TCN', 'Transformer', 'MLP']","[16, 32, 64, 128, 256]","[1, 2, 3, 4]","[0, 0.1, 0.2, 0.3, 0.5]","['relu', 'tanh', 'sigmoid', 'elu']","[1e-05, 0.01]","[2, 3, 4, 5, 6, 7, 8, 9, 10, 11, 12, 13, 14, 15, 16, 17, 18, 19, 20, 21, 22, 23, 24, 25, 26, 27, 28, 29, 30]","[16, 32, 64, 128]","[5, 10, 15, 20]","[2, 3, 5, 7]","[2, 4, 8]",anneal,minimize,local
1jguld6t,215,1494,1779202936546,,/home/meliani/nni-experiments/1jguld6t,64,exp_anneal_1800s_local_plus_ali_local_plus_ali,hpo,/home/meliani/Desktop/phd/fast-track/search_space.json,python3 trial.py --data ./local_plus_ali.csv,/home/meliani/Desktop/phd/fast-track,1,1800s,100000000,False,False,info,/home/meliani/nni-experiments,"['LSTM', 'GRU', 'CNN', 'RNN', 'TCN', 'Transformer', 'MLP']","[16, 32, 64, 128, 256]","[1, 2, 3, 4]","[0, 0.1, 0.2, 0.3, 0.5]","['relu', 'tanh', 'sigmoid', 'elu']","[1e-05, 0.01]","[2, 3, 4, 5, 6, 7, 8, 9, 10, 11, 12, 13, 14, 15, 16, 17, 18, 19, 20, 21, 22, 23, 24, 25, 26, 27, 28, 29, 30]","[16, 32, 64, 128]","[5, 10, 15, 20]","[2, 3, 5, 7]","[2, 4, 8]",anneal,minimize,local
1jguld6t,216,1500,1779202936546,,/home/meliani/nni-experiments/1jguld6t,64,exp_anneal_1800s_local_plus_ali_local_plus_ali,hpo,/home/meliani/Desktop/phd/fast-track/search_space.json,python3 trial.py --data ./local_plus_ali.csv,/home/meliani/Desktop/phd/fast-track,1,1800s,100000000,False,False,info,/home/meliani/nni-experiments,"['LSTM', 'GRU', 'CNN', 'RNN', 'TCN', 'Transformer', 'MLP']","[16, 32, 64, 128, 256]","[1, 2, 3, 4]","[0, 0.1, 0.2, 0.3, 0.5]","['relu', 'tanh', 'sigmoid', 'elu']","[1e-05, 0.01]","[2, 3, 4, 5, 6, 7, 8, 9, 10, 11, 12, 13, 14, 15, 16, 17, 18, 19, 20, 21, 22, 23, 24, 25, 26, 27, 28, 29, 30]","[16, 32, 64, 128]","[5, 10, 15, 20]","[2, 3, 5, 7]","[2, 4, 8]",anneal,minimize,local
1jguld6t,217,1501,1779202936546,,/home/meliani/nni-experiments/1jguld6t,65,exp_anneal_1800s_local_plus_ali_local_plus_ali,hpo,/home/meliani/Desktop/phd/fast-track/search_space.json,python3 trial.py --data ./local_plus_ali.csv,/home/meliani/Desktop/phd/fast-track,1,1800s,100000000,False,False,info,/home/meliani/nni-experiments,"['LSTM', 'GRU', 'CNN', 'RNN', 'TCN', 'Transformer', 'MLP']","[16, 32, 64, 128, 256]","[1, 2, 3, 4]","[0, 0.1, 0.2, 0.3, 0.5]","['relu', 'tanh', 'sigmoid', 'elu']","[1e-05, 0.01]","[2, 3, 4, 5, 6, 7, 8, 9, 10, 11, 12, 13, 14, 15, 16, 17, 18, 19, 20, 21, 22, 23, 24, 25, 26, 27, 28, 29, 30]","[16, 32, 64, 128]","[5, 10, 15, 20]","[2, 3, 5, 7]","[2, 4, 8]",anneal,minimize,local
1jguld6t,218,1510,1779202936546,,/home/meliani/nni-experiments/1jguld6t,65,exp_anneal_1800s_local_plus_ali_local_plus_ali,hpo,/home/meliani/Desktop/phd/fast-track/search_space.json,python3 trial.py --data ./local_plus_ali.csv,/home/meliani/Desktop/phd/fast-track,1,1800s,100000000,False,False,info,/home/meliani/nni-experiments,"['LSTM', 'GRU', 'CNN', 'RNN', 'TCN', 'Transformer', 'MLP']","[16, 32, 64, 128, 256]","[1, 2, 3, 4]","[0, 0.1, 0.2, 0.3, 0.5]","['relu', 'tanh', 'sigmoid', 'elu']","[1e-05, 0.01]","[2, 3, 4, 5, 6, 7, 8, 9, 10, 11, 12, 13, 14, 15, 16, 17, 18, 19, 20, 21, 22, 23, 24, 25, 26, 27, 28, 29, 30]","[16, 32, 64, 128]","[5, 10, 15, 20]","[2, 3, 5, 7]","[2, 4, 8]",anneal,minimize,local
1jguld6t,219,1517,1779202936546,,/home/meliani/nni-experiments/1jguld6t,66,exp_anneal_1800s_local_plus_ali_local_plus_ali,hpo,/home/meliani/Desktop/phd/fast-track/search_space.json,python3 trial.py --data ./local_plus_ali.csv,/home/meliani/Desktop/phd/fast-track,1,1800s,100000000,False,False,info,/home/meliani/nni-experiments,"['LSTM', 'GRU', 'CNN', 'RNN', 'TCN', 'Transformer', 'MLP']","[16, 32, 64, 128, 256]","[1, 2, 3, 4]","[0, 0.1, 0.2, 0.3, 0.5]","['relu', 'tanh', 'sigmoid', 'elu']","[1e-05, 0.01]","[2, 3, 4, 5, 6, 7, 8, 9, 10, 11, 12, 13, 14, 15, 16, 17, 18, 19, 20, 21, 22, 23, 24, 25, 26, 27, 28, 29, 30]","[16, 32, 64, 128]","[5, 10, 15, 20]","[2, 3, 5, 7]","[2, 4, 8]",anneal,minimize,local
1jguld6t,220,1520,1779202936546,,/home/meliani/nni-experiments/1jguld6t,66,exp_anneal_1800s_local_plus_ali_local_plus_ali,hpo,/home/meliani/Desktop/phd/fast-track/search_space.json,python3 trial.py --data ./local_plus_ali.csv,/home/meliani/Desktop/phd/fast-track,1,1800s,100000000,False,False,info,/home/meliani/nni-experiments,"['LSTM', 'GRU', 'CNN', 'RNN', 'TCN', 'Transformer', 'MLP']","[16, 32, 64, 128, 256]","[1, 2, 3, 4]","[0, 0.1, 0.2, 0.3, 0.5]","['relu', 'tanh', 'sigmoid', 'elu']","[1e-05, 0.01]","[2, 3, 4, 5, 6, 7, 8, 9, 10, 11, 12, 13, 14, 15, 16, 17, 18, 19, 20, 21, 22, 23, 24, 25, 26, 27, 28, 29, 30]","[16, 32, 64, 128]","[5, 10, 15, 20]","[2, 3, 5, 7]","[2, 4, 8]",anneal,minimize,local
1jguld6t,221,1528,1779202936546,,/home/meliani/nni-experiments/1jguld6t,67,exp_anneal_1800s_local_plus_ali_local_plus_ali,hpo,/home/meliani/Desktop/phd/fast-track/search_space.json,python3 trial.py --data ./local_plus_ali.csv,/home/meliani/Desktop/phd/fast-track,1,1800s,100000000,False,False,info,/home/meliani/nni-experiments,"['LSTM', 'GRU', 'CNN', 'RNN', 'TCN', 'Transformer', 'MLP']","[16, 32, 64, 128, 256]","[1, 2, 3, 4]","[0, 0.1, 0.2, 0.3, 0.5]","['relu', 'tanh', 'sigmoid', 'elu']","[1e-05, 0.01]","[2, 3, 4, 5, 6, 7, 8, 9, 10, 11, 12, 13, 14, 15, 16, 17, 18, 19, 20, 21, 22, 23, 24, 25, 26, 27, 28, 29, 30]","[16, 32, 64, 128]","[5, 10, 15, 20]","[2, 3, 5, 7]","[2, 4, 8]",anneal,minimize,local
1jguld6t,222,1530,1779202936546,,/home/meliani/nni-experiments/1jguld6t,67,exp_anneal_1800s_local_plus_ali_local_plus_ali,hpo,/home/meliani/Desktop/phd/fast-track/search_space.json,python3 trial.py --data ./local_plus_ali.csv,/home/meliani/Desktop/phd/fast-track,1,1800s,100000000,False,False,info,/home/meliani/nni-experiments,"['LSTM', 'GRU', 'CNN', 'RNN', 'TCN', 'Transformer', 'MLP']","[16, 32, 64, 128, 256]","[1, 2, 3, 4]","[0, 0.1, 0.2, 0.3, 0.5]","['relu', 'tanh', 'sigmoid', 'elu']","[1e-05, 0.01]","[2, 3, 4, 5, 6, 7, 8, 9, 10, 11, 12, 13, 14, 15, 16, 17, 18, 19, 20, 21, 22, 23, 24, 25, 26, 27, 28, 29, 30]","[16, 32, 64, 128]","[5, 10, 15, 20]","[2, 3, 5, 7]","[2, 4, 8]",anneal,minimize,local
1jguld6t,223,1540,1779202936546,,/home/meliani/nni-experiments/1jguld6t,67,exp_anneal_1800s_local_plus_ali_local_plus_ali,hpo,/home/meliani/Desktop/phd/fast-track/search_space.json,python3 trial.py --data ./local_plus_ali.csv,/home/meliani/Desktop/phd/fast-track,1,1800s,100000000,False,False,info,/home/meliani/nni-experiments,"['LSTM', 'GRU', 'CNN', 'RNN', 'TCN', 'Transformer', 'MLP']","[16, 32, 64, 128, 256]","[1, 2, 3, 4]","[0, 0.1, 0.2, 0.3, 0.5]","['relu', 'tanh', 'sigmoid', 'elu']","[1e-05, 0.01]","[2, 3, 4, 5, 6, 7, 8, 9, 10, 11, 12, 13, 14, 15, 16, 17, 18, 19, 20, 21, 22, 23, 24, 25, 26, 27, 28, 29, 30]","[16, 32, 64, 128]","[5, 10, 15, 20]","[2, 3, 5, 7]","[2, 4, 8]",anneal,minimize,local
1jguld6t,224,1548,1779202936546,,/home/meliani/nni-experiments/1jguld6t,68,exp_anneal_1800s_local_plus_ali_local_plus_ali,hpo,/home/meliani/Desktop/phd/fast-track/search_space.json,python3 trial.py --data ./local_plus_ali.csv,/home/meliani/Desktop/phd/fast-track,1,1800s,100000000,False,False,info,/home/meliani/nni-experiments,"['LSTM', 'GRU', 'CNN', 'RNN', 'TCN', 'Transformer', 'MLP']","[16, 32, 64, 128, 256]","[1, 2, 3, 4]","[0, 0.1, 0.2, 0.3, 0.5]","['relu', 'tanh', 'sigmoid', 'elu']","[1e-05, 0.01]","[2, 3, 4, 5, 6, 7, 8, 9, 10, 11, 12, 13, 14, 15, 16, 17, 18, 19, 20, 21, 22, 23, 24, 25, 26, 27, 28, 29, 30]","[16, 32, 64, 128]","[5, 10, 15, 20]","[2, 3, 5, 7]","[2, 4, 8]",anneal,minimize,local
1jguld6t,225,1550,1779202936546,,/home/meliani/nni-experiments/1jguld6t,68,exp_anneal_1800s_local_plus_ali_local_plus_ali,hpo,/home/meliani/Desktop/phd/fast-track/search_space.json,python3 trial.py --data ./local_plus_ali.csv,/home/meliani/Desktop/phd/fast-track,1,1800s,100000000,False,False,info,/home/meliani/nni-experiments,"['LSTM', 'GRU', 'CNN', 'RNN', 'TCN', 'Transformer', 'MLP']","[16, 32, 64, 128, 256]","[1, 2, 3, 4]","[0, 0.1, 0.2, 0.3, 0.5]","['relu', 'tanh', 'sigmoid', 'elu']","[1e-05, 0.01]","[2, 3, 4, 5, 6, 7, 8, 9, 10, 11, 12, 13, 14, 15, 16, 17, 18, 19, 20, 21, 22, 23, 24, 25, 26, 27, 28, 29, 30]","[16, 32, 64, 128]","[5, 10, 15, 20]","[2, 3, 5, 7]","[2, 4, 8]",anneal,minimize,local
1jguld6t,226,1560,1779202936546,,/home/meliani/nni-experiments/1jguld6t,68,exp_anneal_1800s_local_plus_ali_local_plus_ali,hpo,/home/meliani/Desktop/phd/fast-track/search_space.json,python3 trial.py --data ./local_plus_ali.csv,/home/meliani/Desktop/phd/fast-track,1,1800s,100000000,False,False,info,/home/meliani/nni-experiments,"['LSTM', 'GRU', 'CNN', 'RNN', 'TCN', 'Transformer', 'MLP']","[16, 32, 64, 128, 256]","[1, 2, 3, 4]","[0, 0.1, 0.2, 0.3, 0.5]","['relu', 'tanh', 'sigmoid', 'elu']","[1e-05, 0.01]","[2, 3, 4, 5, 6, 7, 8, 9, 10, 11, 12, 13, 14, 15, 16, 17, 18, 19, 20, 21, 22, 23, 24, 25, 26, 27, 28, 29, 30]","[16, 32, 64, 128]","[5, 10, 15, 20]","[2, 3, 5, 7]","[2, 4, 8]",anneal,minimize,local
1jguld6t,227,1570,1779202936546,,/home/meliani/nni-experiments/1jguld6t,68,exp_anneal_1800s_local_plus_ali_local_plus_ali,hpo,/home/meliani/Desktop/phd/fast-track/search_space.json,python3 trial.py --data ./local_plus_ali.csv,/home/meliani/Desktop/phd/fast-track,1,1800s,100000000,False,False,info,/home/meliani/nni-experiments,"['LSTM', 'GRU', 'CNN', 'RNN', 'TCN', 'Transformer', 'MLP']","[16, 32, 64, 128, 256]","[1, 2, 3, 4]","[0, 0.1, 0.2, 0.3, 0.5]","['relu', 'tanh', 'sigmoid', 'elu']","[1e-05, 0.01]","[2, 3, 4, 5, 6, 7, 8, 9, 10, 11, 12, 13, 14, 15, 16, 17, 18, 19, 20, 21, 22, 23, 24, 25, 26, 27, 28, 29, 30]","[16, 32, 64, 128]","[5, 10, 15, 20]","[2, 3, 5, 7]","[2, 4, 8]",anneal,minimize,local
1jguld6t,228,1580,1779202936546,,/home/meliani/nni-experiments/1jguld6t,68,exp_anneal_1800s_local_plus_ali_local_plus_ali,hpo,/home/meliani/Desktop/phd/fast-track/search_space.json,python3 trial.py --data ./local_plus_ali.csv,/home/meliani/Desktop/phd/fast-track,1,1800s,100000000,False,False,info,/home/meliani/nni-experiments,"['LSTM', 'GRU', 'CNN', 'RNN', 'TCN', 'Transformer', 'MLP']","[16, 32, 64, 128, 256]","[1, 2, 3, 4]","[0, 0.1, 0.2, 0.3, 0.5]","['relu', 'tanh', 'sigmoid', 'elu']","[1e-05, 0.01]","[2, 3, 4, 5, 6, 7, 8, 9, 10, 11, 12, 13, 14, 15, 16, 17, 18, 19, 20, 21, 22, 23, 24, 25, 26, 27, 28, 29, 30]","[16, 32, 64, 128]","[5, 10, 15, 20]","[2, 3, 5, 7]","[2, 4, 8]",anneal,minimize,local
1jguld6t,229,1590,1779202936546,,/home/meliani/nni-experiments/1jguld6t,68,exp_anneal_1800s_local_plus_ali_local_plus_ali,hpo,/home/meliani/Desktop/phd/fast-track/search_space.json,python3 trial.py --data ./local_plus_ali.csv,/home/meliani/Desktop/phd/fast-track,1,1800s,100000000,False,False,info,/home/meliani/nni-experiments,"['LSTM', 'GRU', 'CNN', 'RNN', 'TCN', 'Transformer', 'MLP']","[16, 32, 64, 128, 256]","[1, 2, 3, 4]","[0, 0.1, 0.2, 0.3, 0.5]","['relu', 'tanh', 'sigmoid', 'elu']","[1e-05, 0.01]","[2, 3, 4, 5, 6, 7, 8, 9, 10, 11, 12, 13, 14, 15, 16, 17, 18, 19, 20, 21, 22, 23, 24, 25, 26, 27, 28, 29, 30]","[16, 32, 64, 128]","[5, 10, 15, 20]","[2, 3, 5, 7]","[2, 4, 8]",anneal,minimize,local
1jguld6t,230,1597,1779202936546,,/home/meliani/nni-experiments/1jguld6t,69,exp_anneal_1800s_local_plus_ali_local_plus_ali,hpo,/home/meliani/Desktop/phd/fast-track/search_space.json,python3 trial.py --data ./local_plus_ali.csv,/home/meliani/Desktop/phd/fast-track,1,1800s,100000000,False,False,info,/home/meliani/nni-experiments,"['LSTM', 'GRU', 'CNN', 'RNN', 'TCN', 'Transformer', 'MLP']","[16, 32, 64, 128, 256]","[1, 2, 3, 4]","[0, 0.1, 0.2, 0.3, 0.5]","['relu', 'tanh', 'sigmoid', 'elu']","[1e-05, 0.01]","[2, 3, 4, 5, 6, 7, 8, 9, 10, 11, 12, 13, 14, 15, 16, 17, 18, 19, 20, 21, 22, 23, 24, 25, 26, 27, 28, 29, 30]","[16, 32, 64, 128]","[5, 10, 15, 20]","[2, 3, 5, 7]","[2, 4, 8]",anneal,minimize,local
1jguld6t,231,1600,1779202936546,,/home/meliani/nni-experiments/1jguld6t,69,exp_anneal_1800s_local_plus_ali_local_plus_ali,hpo,/home/meliani/Desktop/phd/fast-track/search_space.json,python3 trial.py --data ./local_plus_ali.csv,/home/meliani/Desktop/phd/fast-track,1,1800s,100000000,False,False,info,/home/meliani/nni-experiments,"['LSTM', 'GRU', 'CNN', 'RNN', 'TCN', 'Transformer', 'MLP']","[16, 32, 64, 128, 256]","[1, 2, 3, 4]","[0, 0.1, 0.2, 0.3, 0.5]","['relu', 'tanh', 'sigmoid', 'elu']","[1e-05, 0.01]","[2, 3, 4, 5, 6, 7, 8, 9, 10, 11, 12, 13, 14, 15, 16, 17, 18, 19, 20, 21, 22, 23, 24, 25, 26, 27, 28, 29, 30]","[16, 32, 64, 128]","[5, 10, 15, 20]","[2, 3, 5, 7]","[2, 4, 8]",anneal,minimize,local
1jguld6t,232,1610,1779202936546,,/home/meliani/nni-experiments/1jguld6t,69,exp_anneal_1800s_local_plus_ali_local_plus_ali,hpo,/home/meliani/Desktop/phd/fast-track/search_space.json,python3 trial.py --data ./local_plus_ali.csv,/home/meliani/Desktop/phd/fast-track,1,1800s,100000000,False,False,info,/home/meliani/nni-experiments,"['LSTM', 'GRU', 'CNN', 'RNN', 'TCN', 'Transformer', 'MLP']","[16, 32, 64, 128, 256]","[1, 2, 3, 4]","[0, 0.1, 0.2, 0.3, 0.5]","['relu', 'tanh', 'sigmoid', 'elu']","[1e-05, 0.01]","[2, 3, 4, 5, 6, 7, 8, 9, 10, 11, 12, 13, 14, 15, 16, 17, 18, 19, 20, 21, 22, 23, 24, 25, 26, 27, 28, 29, 30]","[16, 32, 64, 128]","[5, 10, 15, 20]","[2, 3, 5, 7]","[2, 4, 8]",anneal,minimize,local
1jguld6t,233,1620,1779202936546,,/home/meliani/nni-experiments/1jguld6t,69,exp_anneal_1800s_local_plus_ali_local_plus_ali,hpo,/home/meliani/Desktop/phd/fast-track/search_space.json,python3 trial.py --data ./local_plus_ali.csv,/home/meliani/Desktop/phd/fast-track,1,1800s,100000000,False,False,info,/home/meliani/nni-experiments,"['LSTM', 'GRU', 'CNN', 'RNN', 'TCN', 'Transformer', 'MLP']","[16, 32, 64, 128, 256]","[1, 2, 3, 4]","[0, 0.1, 0.2, 0.3, 0.5]","['relu', 'tanh', 'sigmoid', 'elu']","[1e-05, 0.01]","[2, 3, 4, 5, 6, 7, 8, 9, 10, 11, 12, 13, 14, 15, 16, 17, 18, 19, 20, 21, 22, 23, 24, 25, 26, 27, 28, 29, 30]","[16, 32, 64, 128]","[5, 10, 15, 20]","[2, 3, 5, 7]","[2, 4, 8]",anneal,minimize,local
1jguld6t,234,1630,1779202936546,,/home/meliani/nni-experiments/1jguld6t,69,exp_anneal_1800s_local_plus_ali_local_plus_ali,hpo,/home/meliani/Desktop/phd/fast-track/search_space.json,python3 trial.py --data ./local_plus_ali.csv,/home/meliani/Desktop/phd/fast-track,1,1800s,100000000,False,False,info,/home/meliani/nni-experiments,"['LSTM', 'GRU', 'CNN', 'RNN', 'TCN', 'Transformer', 'MLP']","[16, 32, 64, 128, 256]","[1, 2, 3, 4]","[0, 0.1, 0.2, 0.3, 0.5]","['relu', 'tanh', 'sigmoid', 'elu']","[1e-05, 0.01]","[2, 3, 4, 5, 6, 7, 8, 9, 10, 11, 12, 13, 14, 15, 16, 17, 18, 19, 20, 21, 22, 23, 24, 25, 26, 27, 28, 29, 30]","[16, 32, 64, 128]","[5, 10, 15, 20]","[2, 3, 5, 7]","[2, 4, 8]",anneal,minimize,local
1jguld6t,235,1639,1779202936546,,/home/meliani/nni-experiments/1jguld6t,70,exp_anneal_1800s_local_plus_ali_local_plus_ali,hpo,/home/meliani/Desktop/phd/fast-track/search_space.json,python3 trial.py --data ./local_plus_ali.csv,/home/meliani/Desktop/phd/fast-track,1,1800s,100000000,False,False,info,/home/meliani/nni-experiments,"['LSTM', 'GRU', 'CNN', 'RNN', 'TCN', 'Transformer', 'MLP']","[16, 32, 64, 128, 256]","[1, 2, 3, 4]","[0, 0.1, 0.2, 0.3, 0.5]","['relu', 'tanh', 'sigmoid', 'elu']","[1e-05, 0.01]","[2, 3, 4, 5, 6, 7, 8, 9, 10, 11, 12, 13, 14, 15, 16, 17, 18, 19, 20, 21, 22, 23, 24, 25, 26, 27, 28, 29, 30]","[16, 32, 64, 128]","[5, 10, 15, 20]","[2, 3, 5, 7]","[2, 4, 8]",anneal,minimize,local
1jguld6t,236,1640,1779202936546,,/home/meliani/nni-experiments/1jguld6t,70,exp_anneal_1800s_local_plus_ali_local_plus_ali,hpo,/home/meliani/Desktop/phd/fast-track/search_space.json,python3 trial.py --data ./local_plus_ali.csv,/home/meliani/Desktop/phd/fast-track,1,1800s,100000000,False,False,info,/home/meliani/nni-experiments,"['LSTM', 'GRU', 'CNN', 'RNN', 'TCN', 'Transformer', 'MLP']","[16, 32, 64, 128, 256]","[1, 2, 3, 4]","[0, 0.1, 0.2, 0.3, 0.5]","['relu', 'tanh', 'sigmoid', 'elu']","[1e-05, 0.01]","[2, 3, 4, 5, 6, 7, 8, 9, 10, 11, 12, 13, 14, 15, 16, 17, 18, 19, 20, 21, 22, 23, 24, 25, 26, 27, 28, 29, 30]","[16, 32, 64, 128]","[5, 10, 15, 20]","[2, 3, 5, 7]","[2, 4, 8]",anneal,minimize,local
1jguld6t,237,1650,1779202936546,,/home/meliani/nni-experiments/1jguld6t,70,exp_anneal_1800s_local_plus_ali_local_plus_ali,hpo,/home/meliani/Desktop/phd/fast-track/search_space.json,python3 trial.py --data ./local_plus_ali.csv,/home/meliani/Desktop/phd/fast-track,1,1800s,100000000,False,False,info,/home/meliani/nni-experiments,"['LSTM', 'GRU', 'CNN', 'RNN', 'TCN', 'Transformer', 'MLP']","[16, 32, 64, 128, 256]","[1, 2, 3, 4]","[0, 0.1, 0.2, 0.3, 0.5]","['relu', 'tanh', 'sigmoid', 'elu']","[1e-05, 0.01]","[2, 3, 4, 5, 6, 7, 8, 9, 10, 11, 12, 13, 14, 15, 16, 17, 18, 19, 20, 21, 22, 23, 24, 25, 26, 27, 28, 29, 30]","[16, 32, 64, 128]","[5, 10, 15, 20]","[2, 3, 5, 7]","[2, 4, 8]",anneal,minimize,local
1jguld6t,238,1652,1779202936546,,/home/meliani/nni-experiments/1jguld6t,71,exp_anneal_1800s_local_plus_ali_local_plus_ali,hpo,/home/meliani/Desktop/phd/fast-track/search_space.json,python3 trial.py --data ./local_plus_ali.csv,/home/meliani/Desktop/phd/fast-track,1,1800s,100000000,False,False,info,/home/meliani/nni-experiments,"['LSTM', 'GRU', 'CNN', 'RNN', 'TCN', 'Transformer', 'MLP']","[16, 32, 64, 128, 256]","[1, 2, 3, 4]","[0, 0.1, 0.2, 0.3, 0.5]","['relu', 'tanh', 'sigmoid', 'elu']","[1e-05, 0.01]","[2, 3, 4, 5, 6, 7, 8, 9, 10, 11, 12, 13, 14, 15, 16, 17, 18, 19, 20, 21, 22, 23, 24, 25, 26, 27, 28, 29, 30]","[16, 32, 64, 128]","[5, 10, 15, 20]","[2, 3, 5, 7]","[2, 4, 8]",anneal,minimize,local
1jguld6t,239,1660,1779202936546,,/home/meliani/nni-experiments/1jguld6t,71,exp_anneal_1800s_local_plus_ali_local_plus_ali,hpo,/home/meliani/Desktop/phd/fast-track/search_space.json,python3 trial.py --data ./local_plus_ali.csv,/home/meliani/Desktop/phd/fast-track,1,1800s,100000000,False,False,info,/home/meliani/nni-experiments,"['LSTM', 'GRU', 'CNN', 'RNN', 'TCN', 'Transformer', 'MLP']","[16, 32, 64, 128, 256]","[1, 2, 3, 4]","[0, 0.1, 0.2, 0.3, 0.5]","['relu', 'tanh', 'sigmoid', 'elu']","[1e-05, 0.01]","[2, 3, 4, 5, 6, 7, 8, 9, 10, 11, 12, 13, 14, 15, 16, 17, 18, 19, 20, 21, 22, 23, 24, 25, 26, 27, 28, 29, 30]","[16, 32, 64, 128]","[5, 10, 15, 20]","[2, 3, 5, 7]","[2, 4, 8]",anneal,minimize,local
1jguld6t,240,1670,1779202936546,,/home/meliani/nni-experiments/1jguld6t,72,exp_anneal_1800s_local_plus_ali_local_plus_ali,hpo,/home/meliani/Desktop/phd/fast-track/search_space.json,python3 trial.py --data ./local_plus_ali.csv,/home/meliani/Desktop/phd/fast-track,1,1800s,100000000,False,False,info,/home/meliani/nni-experiments,"['LSTM', 'GRU', 'CNN', 'RNN', 'TCN', 'Transformer', 'MLP']","[16, 32, 64, 128, 256]","[1, 2, 3, 4]","[0, 0.1, 0.2, 0.3, 0.5]","['relu', 'tanh', 'sigmoid', 'elu']","[1e-05, 0.01]","[2, 3, 4, 5, 6, 7, 8, 9, 10, 11, 12, 13, 14, 15, 16, 17, 18, 19, 20, 21, 22, 23, 24, 25, 26, 27, 28, 29, 30]","[16, 32, 64, 128]","[5, 10, 15, 20]","[2, 3, 5, 7]","[2, 4, 8]",anneal,minimize,local
1jguld6t,241,1670,1779202936546,,/home/meliani/nni-experiments/1jguld6t,72,exp_anneal_1800s_local_plus_ali_local_plus_ali,hpo,/home/meliani/Desktop/phd/fast-track/search_space.json,python3 trial.py --data ./local_plus_ali.csv,/home/meliani/Desktop/phd/fast-track,1,1800s,100000000,False,False,info,/home/meliani/nni-experiments,"['LSTM', 'GRU', 'CNN', 'RNN', 'TCN', 'Transformer', 'MLP']","[16, 32, 64, 128, 256]","[1, 2, 3, 4]","[0, 0.1, 0.2, 0.3, 0.5]","['relu', 'tanh', 'sigmoid', 'elu']","[1e-05, 0.01]","[2, 3, 4, 5, 6, 7, 8, 9, 10, 11, 12, 13, 14, 15, 16, 17, 18, 19, 20, 21, 22, 23, 24, 25, 26, 27, 28, 29, 30]","[16, 32, 64, 128]","[5, 10, 15, 20]","[2, 3, 5, 7]","[2, 4, 8]",anneal,minimize,local
1jguld6t,242,1680,1779202936546,,/home/meliani/nni-experiments/1jguld6t,72,exp_anneal_1800s_local_plus_ali_local_plus_ali,hpo,/home/meliani/Desktop/phd/fast-track/search_space.json,python3 trial.py --data ./local_plus_ali.csv,/home/meliani/Desktop/phd/fast-track,1,1800s,100000000,False,False,info,/home/meliani/nni-experiments,"['LSTM', 'GRU', 'CNN', 'RNN', 'TCN', 'Transformer', 'MLP']","[16, 32, 64, 128, 256]","[1, 2, 3, 4]","[0, 0.1, 0.2, 0.3, 0.5]","['relu', 'tanh', 'sigmoid', 'elu']","[1e-05, 0.01]","[2, 3, 4, 5, 6, 7, 8, 9, 10, 11, 12, 13, 14, 15, 16, 17, 18, 19, 20, 21, 22, 23, 24, 25, 26, 27, 28, 29, 30]","[16, 32, 64, 128]","[5, 10, 15, 20]","[2, 3, 5, 7]","[2, 4, 8]",anneal,minimize,local
1jguld6t,243,1685,1779202936546,,/home/meliani/nni-experiments/1jguld6t,73,exp_anneal_1800s_local_plus_ali_local_plus_ali,hpo,/home/meliani/Desktop/phd/fast-track/search_space.json,python3 trial.py --data ./local_plus_ali.csv,/home/meliani/Desktop/phd/fast-track,1,1800s,100000000,False,False,info,/home/meliani/nni-experiments,"['LSTM', 'GRU', 'CNN', 'RNN', 'TCN', 'Transformer', 'MLP']","[16, 32, 64, 128, 256]","[1, 2, 3, 4]","[0, 0.1, 0.2, 0.3, 0.5]","['relu', 'tanh', 'sigmoid', 'elu']","[1e-05, 0.01]","[2, 3, 4, 5, 6, 7, 8, 9, 10, 11, 12, 13, 14, 15, 16, 17, 18, 19, 20, 21, 22, 23, 24, 25, 26, 27, 28, 29, 30]","[16, 32, 64, 128]","[5, 10, 15, 20]","[2, 3, 5, 7]","[2, 4, 8]",anneal,minimize,local
1jguld6t,244,1690,1779202936546,,/home/meliani/nni-experiments/1jguld6t,73,exp_anneal_1800s_local_plus_ali_local_plus_ali,hpo,/home/meliani/Desktop/phd/fast-track/search_space.json,python3 trial.py --data ./local_plus_ali.csv,/home/meliani/Desktop/phd/fast-track,1,1800s,100000000,False,False,info,/home/meliani/nni-experiments,"['LSTM', 'GRU', 'CNN', 'RNN', 'TCN', 'Transformer', 'MLP']","[16, 32, 64, 128, 256]","[1, 2, 3, 4]","[0, 0.1, 0.2, 0.3, 0.5]","['relu', 'tanh', 'sigmoid', 'elu']","[1e-05, 0.01]","[2, 3, 4, 5, 6, 7, 8, 9, 10, 11, 12, 13, 14, 15, 16, 17, 18, 19, 20, 21, 22, 23, 24, 25, 26, 27, 28, 29, 30]","[16, 32, 64, 128]","[5, 10, 15, 20]","[2, 3, 5, 7]","[2, 4, 8]",anneal,minimize,local
1jguld6t,245,1698,1779202936546,,/home/meliani/nni-experiments/1jguld6t,74,exp_anneal_1800s_local_plus_ali_local_plus_ali,hpo,/home/meliani/Desktop/phd/fast-track/search_space.json,python3 trial.py --data ./local_plus_ali.csv,/home/meliani/Desktop/phd/fast-track,1,1800s,100000000,False,False,info,/home/meliani/nni-experiments,"['LSTM', 'GRU', 'CNN', 'RNN', 'TCN', 'Transformer', 'MLP']","[16, 32, 64, 128, 256]","[1, 2, 3, 4]","[0, 0.1, 0.2, 0.3, 0.5]","['relu', 'tanh', 'sigmoid', 'elu']","[1e-05, 0.01]","[2, 3, 4, 5, 6, 7, 8, 9, 10, 11, 12, 13, 14, 15, 16, 17, 18, 19, 20, 21, 22, 23, 24, 25, 26, 27, 28, 29, 30]","[16, 32, 64, 128]","[5, 10, 15, 20]","[2, 3, 5, 7]","[2, 4, 8]",anneal,minimize,local
1jguld6t,246,1700,1779202936546,,/home/meliani/nni-experiments/1jguld6t,74,exp_anneal_1800s_local_plus_ali_local_plus_ali,hpo,/home/meliani/Desktop/phd/fast-track/search_space.json,python3 trial.py --data ./local_plus_ali.csv,/home/meliani/Desktop/phd/fast-track,1,1800s,100000000,False,False,info,/home/meliani/nni-experiments,"['LSTM', 'GRU', 'CNN', 'RNN', 'TCN', 'Transformer', 'MLP']","[16, 32, 64, 128, 256]","[1, 2, 3, 4]","[0, 0.1, 0.2, 0.3, 0.5]","['relu', 'tanh', 'sigmoid', 'elu']","[1e-05, 0.01]","[2, 3, 4, 5, 6, 7, 8, 9, 10, 11, 12, 13, 14, 15, 16, 17, 18, 19, 20, 21, 22, 23, 24, 25, 26, 27, 28, 29, 30]","[16, 32, 64, 128]","[5, 10, 15, 20]","[2, 3, 5, 7]","[2, 4, 8]",anneal,minimize,local
1jguld6t,247,1710,1779202936546,,/home/meliani/nni-experiments/1jguld6t,74,exp_anneal_1800s_local_plus_ali_local_plus_ali,hpo,/home/meliani/Desktop/phd/fast-track/search_space.json,python3 trial.py --data ./local_plus_ali.csv,/home/meliani/Desktop/phd/fast-track,1,1800s,100000000,False,False,info,/home/meliani/nni-experiments,"['LSTM', 'GRU', 'CNN', 'RNN', 'TCN', 'Transformer', 'MLP']","[16, 32, 64, 128, 256]","[1, 2, 3, 4]","[0, 0.1, 0.2, 0.3, 0.5]","['relu', 'tanh', 'sigmoid', 'elu']","[1e-05, 0.01]","[2, 3, 4, 5, 6, 7, 8, 9, 10, 11, 12, 13, 14, 15, 16, 17, 18, 19, 20, 21, 22, 23, 24, 25, 26, 27, 28, 29, 30]","[16, 32, 64, 128]","[5, 10, 15, 20]","[2, 3, 5, 7]","[2, 4, 8]",anneal,minimize,local
1jguld6t,248,1718,1779202936546,,/home/meliani/nni-experiments/1jguld6t,75,exp_anneal_1800s_local_plus_ali_local_plus_ali,hpo,/home/meliani/Desktop/phd/fast-track/search_space.json,python3 trial.py --data ./local_plus_ali.csv,/home/meliani/Desktop/phd/fast-track,1,1800s,100000000,False,False,info,/home/meliani/nni-experiments,"['LSTM', 'GRU', 'CNN', 'RNN', 'TCN', 'Transformer', 'MLP']","[16, 32, 64, 128, 256]","[1, 2, 3, 4]","[0, 0.1, 0.2, 0.3, 0.5]","['relu', 'tanh', 'sigmoid', 'elu']","[1e-05, 0.01]","[2, 3, 4, 5, 6, 7, 8, 9, 10, 11, 12, 13, 14, 15, 16, 17, 18, 19, 20, 21, 22, 23, 24, 25, 26, 27, 28, 29, 30]","[16, 32, 64, 128]","[5, 10, 15, 20]","[2, 3, 5, 7]","[2, 4, 8]",anneal,minimize,local
1jguld6t,249,1720,1779202936546,,/home/meliani/nni-experiments/1jguld6t,75,exp_anneal_1800s_local_plus_ali_local_plus_ali,hpo,/home/meliani/Desktop/phd/fast-track/search_space.json,python3 trial.py --data ./local_plus_ali.csv,/home/meliani/Desktop/phd/fast-track,1,1800s,100000000,False,False,info,/home/meliani/nni-experiments,"['LSTM', 'GRU', 'CNN', 'RNN', 'TCN', 'Transformer', 'MLP']","[16, 32, 64, 128, 256]","[1, 2, 3, 4]","[0, 0.1, 0.2, 0.3, 0.5]","['relu', 'tanh', 'sigmoid', 'elu']","[1e-05, 0.01]","[2, 3, 4, 5, 6, 7, 8, 9, 10, 11, 12, 13, 14, 15, 16, 17, 18, 19, 20, 21, 22, 23, 24, 25, 26, 27, 28, 29, 30]","[16, 32, 64, 128]","[5, 10, 15, 20]","[2, 3, 5, 7]","[2, 4, 8]",anneal,minimize,local
1jguld6t,250,1730,1779202936546,,/home/meliani/nni-experiments/1jguld6t,75,exp_anneal_1800s_local_plus_ali_local_plus_ali,hpo,/home/meliani/Desktop/phd/fast-track/search_space.json,python3 trial.py --data ./local_plus_ali.csv,/home/meliani/Desktop/phd/fast-track,1,1800s,100000000,False,False,info,/home/meliani/nni-experiments,"['LSTM', 'GRU', 'CNN', 'RNN', 'TCN', 'Transformer', 'MLP']","[16, 32, 64, 128, 256]","[1, 2, 3, 4]","[0, 0.1, 0.2, 0.3, 0.5]","['relu', 'tanh', 'sigmoid', 'elu']","[1e-05, 0.01]","[2, 3, 4, 5, 6, 7, 8, 9, 10, 11, 12, 13, 14, 15, 16, 17, 18, 19, 20, 21, 22, 23, 24, 25, 26, 27, 28, 29, 30]","[16, 32, 64, 128]","[5, 10, 15, 20]","[2, 3, 5, 7]","[2, 4, 8]",anneal,minimize,local
1jguld6t,251,1736,1779202936546,,/home/meliani/nni-experiments/1jguld6t,76,exp_anneal_1800s_local_plus_ali_local_plus_ali,hpo,/home/meliani/Desktop/phd/fast-track/search_space.json,python3 trial.py --data ./local_plus_ali.csv,/home/meliani/Desktop/phd/fast-track,1,1800s,100000000,False,False,info,/home/meliani/nni-experiments,"['LSTM', 'GRU', 'CNN', 'RNN', 'TCN', 'Transformer', 'MLP']","[16, 32, 64, 128, 256]","[1, 2, 3, 4]","[0, 0.1, 0.2, 0.3, 0.5]","['relu', 'tanh', 'sigmoid', 'elu']","[1e-05, 0.01]","[2, 3, 4, 5, 6, 7, 8, 9, 10, 11, 12, 13, 14, 15, 16, 17, 18, 19, 20, 21, 22, 23, 24, 25, 26, 27, 28, 29, 30]","[16, 32, 64, 128]","[5, 10, 15, 20]","[2, 3, 5, 7]","[2, 4, 8]",anneal,minimize,local
1jguld6t,252,1740,1779202936546,,/home/meliani/nni-experiments/1jguld6t,76,exp_anneal_1800s_local_plus_ali_local_plus_ali,hpo,/home/meliani/Desktop/phd/fast-track/search_space.json,python3 trial.py --data ./local_plus_ali.csv,/home/meliani/Desktop/phd/fast-track,1,1800s,100000000,False,False,info,/home/meliani/nni-experiments,"['LSTM', 'GRU', 'CNN', 'RNN', 'TCN', 'Transformer', 'MLP']","[16, 32, 64, 128, 256]","[1, 2, 3, 4]","[0, 0.1, 0.2, 0.3, 0.5]","['relu', 'tanh', 'sigmoid', 'elu']","[1e-05, 0.01]","[2, 3, 4, 5, 6, 7, 8, 9, 10, 11, 12, 13, 14, 15, 16, 17, 18, 19, 20, 21, 22, 23, 24, 25, 26, 27, 28, 29, 30]","[16, 32, 64, 128]","[5, 10, 15, 20]","[2, 3, 5, 7]","[2, 4, 8]",anneal,minimize,local
1jguld6t,253,1749,1779202936546,,/home/meliani/nni-experiments/1jguld6t,77,exp_anneal_1800s_local_plus_ali_local_plus_ali,hpo,/home/meliani/Desktop/phd/fast-track/search_space.json,python3 trial.py --data ./local_plus_ali.csv,/home/meliani/Desktop/phd/fast-track,1,1800s,100000000,False,False,info,/home/meliani/nni-experiments,"['LSTM', 'GRU', 'CNN', 'RNN', 'TCN', 'Transformer', 'MLP']","[16, 32, 64, 128, 256]","[1, 2, 3, 4]","[0, 0.1, 0.2, 0.3, 0.5]","['relu', 'tanh', 'sigmoid', 'elu']","[1e-05, 0.01]","[2, 3, 4, 5, 6, 7, 8, 9, 10, 11, 12, 13, 14, 15, 16, 17, 18, 19, 20, 21, 22, 23, 24, 25, 26, 27, 28, 29, 30]","[16, 32, 64, 128]","[5, 10, 15, 20]","[2, 3, 5, 7]","[2, 4, 8]",anneal,minimize,local
1jguld6t,254,1750,1779202936546,,/home/meliani/nni-experiments/1jguld6t,77,exp_anneal_1800s_local_plus_ali_local_plus_ali,hpo,/home/meliani/Desktop/phd/fast-track/search_space.json,python3 trial.py --data ./local_plus_ali.csv,/home/meliani/Desktop/phd/fast-track,1,1800s,100000000,False,False,info,/home/meliani/nni-experiments,"['LSTM', 'GRU', 'CNN', 'RNN', 'TCN', 'Transformer', 'MLP']","[16, 32, 64, 128, 256]","[1, 2, 3, 4]","[0, 0.1, 0.2, 0.3, 0.5]","['relu', 'tanh', 'sigmoid', 'elu']","[1e-05, 0.01]","[2, 3, 4, 5, 6, 7, 8, 9, 10, 11, 12, 13, 14, 15, 16, 17, 18, 19, 20, 21, 22, 23, 24, 25, 26, 27, 28, 29, 30]","[16, 32, 64, 128]","[5, 10, 15, 20]","[2, 3, 5, 7]","[2, 4, 8]",anneal,minimize,local
1jguld6t,255,1760,1779202936546,,/home/meliani/nni-experiments/1jguld6t,77,exp_anneal_1800s_local_plus_ali_local_plus_ali,hpo,/home/meliani/Desktop/phd/fast-track/search_space.json,python3 trial.py --data ./local_plus_ali.csv,/home/meliani/Desktop/phd/fast-track,1,1800s,100000000,False,False,info,/home/meliani/nni-experiments,"['LSTM', 'GRU', 'CNN', 'RNN', 'TCN', 'Transformer', 'MLP']","[16, 32, 64, 128, 256]","[1, 2, 3, 4]","[0, 0.1, 0.2, 0.3, 0.5]","['relu', 'tanh', 'sigmoid', 'elu']","[1e-05, 0.01]","[2, 3, 4, 5, 6, 7, 8, 9, 10, 11, 12, 13, 14, 15, 16, 17, 18, 19, 20, 21, 22, 23, 24, 25, 26, 27, 28, 29, 30]","[16, 32, 64, 128]","[5, 10, 15, 20]","[2, 3, 5, 7]","[2, 4, 8]",anneal,minimize,local
1jguld6t,256,1764,1779202936546,,/home/meliani/nni-experiments/1jguld6t,78,exp_anneal_1800s_local_plus_ali_local_plus_ali,hpo,/home/meliani/Desktop/phd/fast-track/search_space.json,python3 trial.py --data ./local_plus_ali.csv,/home/meliani/Desktop/phd/fast-track,1,1800s,100000000,False,False,info,/home/meliani/nni-experiments,"['LSTM', 'GRU', 'CNN', 'RNN', 'TCN', 'Transformer', 'MLP']","[16, 32, 64, 128, 256]","[1, 2, 3, 4]","[0, 0.1, 0.2, 0.3, 0.5]","['relu', 'tanh', 'sigmoid', 'elu']","[1e-05, 0.01]","[2, 3, 4, 5, 6, 7, 8, 9, 10, 11, 12, 13, 14, 15, 16, 17, 18, 19, 20, 21, 22, 23, 24, 25, 26, 27, 28, 29, 30]","[16, 32, 64, 128]","[5, 10, 15, 20]","[2, 3, 5, 7]","[2, 4, 8]",anneal,minimize,local
1jguld6t,257,1770,1779202936546,,/home/meliani/nni-experiments/1jguld6t,78,exp_anneal_1800s_local_plus_ali_local_plus_ali,hpo,/home/meliani/Desktop/phd/fast-track/search_space.json,python3 trial.py --data ./local_plus_ali.csv,/home/meliani/Desktop/phd/fast-track,1,1800s,100000000,False,False,info,/home/meliani/nni-experiments,"['LSTM', 'GRU', 'CNN', 'RNN', 'TCN', 'Transformer', 'MLP']","[16, 32, 64, 128, 256]","[1, 2, 3, 4]","[0, 0.1, 0.2, 0.3, 0.5]","['relu', 'tanh', 'sigmoid', 'elu']","[1e-05, 0.01]","[2, 3, 4, 5, 6, 7, 8, 9, 10, 11, 12, 13, 14, 15, 16, 17, 18, 19, 20, 21, 22, 23, 24, 25, 26, 27, 28, 29, 30]","[16, 32, 64, 128]","[5, 10, 15, 20]","[2, 3, 5, 7]","[2, 4, 8]",anneal,minimize,local
1jguld6t,258,1780,1779202936546,,/home/meliani/nni-experiments/1jguld6t,78,exp_anneal_1800s_local_plus_ali_local_plus_ali,hpo,/home/meliani/Desktop/phd/fast-track/search_space.json,python3 trial.py --data ./local_plus_ali.csv,/home/meliani/Desktop/phd/fast-track,1,1800s,100000000,False,False,info,/home/meliani/nni-experiments,"['LSTM', 'GRU', 'CNN', 'RNN', 'TCN', 'Transformer', 'MLP']","[16, 32, 64, 128, 256]","[1, 2, 3, 4]","[0, 0.1, 0.2, 0.3, 0.5]","['relu', 'tanh', 'sigmoid', 'elu']","[1e-05, 0.01]","[2, 3, 4, 5, 6, 7, 8, 9, 10, 11, 12, 13, 14, 15, 16, 17, 18, 19, 20, 21, 22, 23, 24, 25, 26, 27, 28, 29, 30]","[16, 32, 64, 128]","[5, 10, 15, 20]","[2, 3, 5, 7]","[2, 4, 8]",anneal,minimize,local
1jguld6t,259,1782,1779202936546,,/home/meliani/nni-experiments/1jguld6t,79,exp_anneal_1800s_local_plus_ali_local_plus_ali,hpo,/home/meliani/Desktop/phd/fast-track/search_space.json,python3 trial.py --data ./local_plus_ali.csv,/home/meliani/Desktop/phd/fast-track,1,1800s,100000000,False,False,info,/home/meliani/nni-experiments,"['LSTM', 'GRU', 'CNN', 'RNN', 'TCN', 'Transformer', 'MLP']","[16, 32, 64, 128, 256]","[1, 2, 3, 4]","[0, 0.1, 0.2, 0.3, 0.5]","['relu', 'tanh', 'sigmoid', 'elu']","[1e-05, 0.01]","[2, 3, 4, 5, 6, 7, 8, 9, 10, 11, 12, 13, 14, 15, 16, 17, 18, 19, 20, 21, 22, 23, 24, 25, 26, 27, 28, 29, 30]","[16, 32, 64, 128]","[5, 10, 15, 20]","[2, 3, 5, 7]","[2, 4, 8]",anneal,minimize,local
1jguld6t,260,1790,1779202936546,,/home/meliani/nni-experiments/1jguld6t,79,exp_anneal_1800s_local_plus_ali_local_plus_ali,hpo,/home/meliani/Desktop/phd/fast-track/search_space.json,python3 trial.py --data ./local_plus_ali.csv,/home/meliani/Desktop/phd/fast-track,1,1800s,100000000,False,False,info,/home/meliani/nni-experiments,"['LSTM', 'GRU', 'CNN', 'RNN', 'TCN', 'Transformer', 'MLP']","[16, 32, 64, 128, 256]","[1, 2, 3, 4]","[0, 0.1, 0.2, 0.3, 0.5]","['relu', 'tanh', 'sigmoid', 'elu']","[1e-05, 0.01]","[2, 3, 4, 5, 6, 7, 8, 9, 10, 11, 12, 13, 14, 15, 16, 17, 18, 19, 20, 21, 22, 23, 24, 25, 26, 27, 28, 29, 30]","[16, 32, 64, 128]","[5, 10, 15, 20]","[2, 3, 5, 7]","[2, 4, 8]",anneal,minimize,local
1jguld6t,261,1800,1779202936546,,/home/meliani/nni-experiments/1jguld6t,79,exp_anneal_1800s_local_plus_ali_local_plus_ali,hpo,/home/meliani/Desktop/phd/fast-track/search_space.json,python3 trial.py --data ./local_plus_ali.csv,/home/meliani/Desktop/phd/fast-track,1,1800s,100000000,False,False,info,/home/meliani/nni-experiments,"['LSTM', 'GRU', 'CNN', 'RNN', 'TCN', 'Transformer', 'MLP']","[16, 32, 64, 128, 256]","[1, 2, 3, 4]","[0, 0.1, 0.2, 0.3, 0.5]","['relu', 'tanh', 'sigmoid', 'elu']","[1e-05, 0.01]","[2, 3, 4, 5, 6, 7, 8, 9, 10, 11, 12, 13, 14, 15, 16, 17, 18, 19, 20, 21, 22, 23, 24, 25, 26, 27, 28, 29, 30]","[16, 32, 64, 128]","[5, 10, 15, 20]","[2, 3, 5, 7]","[2, 4, 8]",anneal,minimize,local
1jguld6t,262,1808,1779202936546,1779204749169,/home/meliani/nni-experiments/1jguld6t,79,exp_anneal_1800s_local_plus_ali_local_plus_ali,hpo,/home/meliani/Desktop/phd/fast-track/search_space.json,python3 trial.py --data ./local_plus_ali.csv,/home/meliani/Desktop/phd/fast-track,1,1800s,100000000,False,False,info,/home/meliani/nni-experiments,"['LSTM', 'GRU', 'CNN', 'RNN', 'TCN', 'Transformer', 'MLP']","[16, 32, 64, 128, 256]","[1, 2, 3, 4]","[0, 0.1, 0.2, 0.3, 0.5]","['relu', 'tanh', 'sigmoid', 'elu']","[1e-05, 0.01]","[2, 3, 4, 5, 6, 7, 8, 9, 10, 11, 12, 13, 14, 15, 16, 17, 18, 19, 20, 21, 22, 23, 24, 25, 26, 27, 28, 29, 30]","[16, 32, 64, 128]","[5, 10, 15, 20]","[2, 3, 5, 7]","[2, 4, 8]",anneal,minimize,local
1jguld6t,263,1808,1779202936546,1779204749169,/home/meliani/nni-experiments/1jguld6t,79,exp_anneal_1800s_local_plus_ali_local_plus_ali,hpo,/home/meliani/Desktop/phd/fast-track/search_space.json,python3 trial.py --data ./local_plus_ali.csv,/home/meliani/Desktop/phd/fast-track,1,1800s,100000000,False,False,info,/home/meliani/nni-experiments,"['LSTM', 'GRU', 'CNN', 'RNN', 'TCN', 'Transformer', 'MLP']","[16, 32, 64, 128, 256]","[1, 2, 3, 4]","[0, 0.1, 0.2, 0.3, 0.5]","['relu', 'tanh', 'sigmoid', 'elu']","[1e-05, 0.01]","[2, 3, 4, 5, 6, 7, 8, 9, 10, 11, 12, 13, 14, 15, 16, 17, 18, 19, 20, 21, 22, 23, 24, 25, 26, 27, 28, 29, 30]","[16, 32, 64, 128]","[5, 10, 15, 20]","[2, 3, 5, 7]","[2, 4, 8]",anneal,minimize,local
