experiment_id,trial_id,status,start_time,end_time,working_directory,exit_code,experiment_name,experiment_type,search_space_file,trial_command,trial_code_directory,trial_concurrency,max_duration,max_trials,use_annotation,debug_mode,log_level,exp_working_dir,model_types,unit_values,layer_counts,dropout_rates,activations,learning_rate_range,window_sizes,batch_sizes,epoch_options,kernel_sizes,attention_heads,tuner_name,optimize_mode,training_platform
4edkf6m2,1,0,1779134076241,,/home/meliani/nni-experiments/4edkf6m2,0,exp_anneal_1500s_tt_only_tt_only,hpo,/home/meliani/Desktop/phd/fast-track/search_space.json,python3 trial.py --data ./tt_only.csv,/home/meliani/Desktop/phd/fast-track,1,1500s,100000000,False,False,info,/home/meliani/nni-experiments,"['LSTM', 'GRU', 'CNN', 'RNN', 'TCN', 'Transformer', 'MLP']","[16, 32, 64, 128, 256]","[1, 2, 3, 4]","[0, 0.1, 0.2, 0.3, 0.5]","['relu', 'tanh', 'sigmoid', 'elu']","[1e-05, 0.01]","[2, 3, 4, 5, 6, 7, 8, 9, 10, 11, 12, 13, 14, 15, 16, 17, 18, 19, 20, 21, 22, 23, 24, 25, 26, 27, 28, 29, 30]","[16, 32, 64, 128]","[5, 10, 15, 20]","[2, 3, 5, 7]","[2, 4, 8]",anneal,minimize,local
4edkf6m2,2,0,1779134076241,,/home/meliani/nni-experiments/4edkf6m2,0,exp_anneal_1500s_tt_only_tt_only,hpo,/home/meliani/Desktop/phd/fast-track/search_space.json,python3 trial.py --data ./tt_only.csv,/home/meliani/Desktop/phd/fast-track,1,1500s,100000000,False,False,info,/home/meliani/nni-experiments,"['LSTM', 'GRU', 'CNN', 'RNN', 'TCN', 'Transformer', 'MLP']","[16, 32, 64, 128, 256]","[1, 2, 3, 4]","[0, 0.1, 0.2, 0.3, 0.5]","['relu', 'tanh', 'sigmoid', 'elu']","[1e-05, 0.01]","[2, 3, 4, 5, 6, 7, 8, 9, 10, 11, 12, 13, 14, 15, 16, 17, 18, 19, 20, 21, 22, 23, 24, 25, 26, 27, 28, 29, 30]","[16, 32, 64, 128]","[5, 10, 15, 20]","[2, 3, 5, 7]","[2, 4, 8]",anneal,minimize,local
4edkf6m2,3,0,1779134076241,,/home/meliani/nni-experiments/4edkf6m2,1,exp_anneal_1500s_tt_only_tt_only,hpo,/home/meliani/Desktop/phd/fast-track/search_space.json,python3 trial.py --data ./tt_only.csv,/home/meliani/Desktop/phd/fast-track,1,1500s,100000000,False,False,info,/home/meliani/nni-experiments,"['LSTM', 'GRU', 'CNN', 'RNN', 'TCN', 'Transformer', 'MLP']","[16, 32, 64, 128, 256]","[1, 2, 3, 4]","[0, 0.1, 0.2, 0.3, 0.5]","['relu', 'tanh', 'sigmoid', 'elu']","[1e-05, 0.01]","[2, 3, 4, 5, 6, 7, 8, 9, 10, 11, 12, 13, 14, 15, 16, 17, 18, 19, 20, 21, 22, 23, 24, 25, 26, 27, 28, 29, 30]","[16, 32, 64, 128]","[5, 10, 15, 20]","[2, 3, 5, 7]","[2, 4, 8]",anneal,minimize,local
4edkf6m2,4,10,1779134076241,,/home/meliani/nni-experiments/4edkf6m2,1,exp_anneal_1500s_tt_only_tt_only,hpo,/home/meliani/Desktop/phd/fast-track/search_space.json,python3 trial.py --data ./tt_only.csv,/home/meliani/Desktop/phd/fast-track,1,1500s,100000000,False,False,info,/home/meliani/nni-experiments,"['LSTM', 'GRU', 'CNN', 'RNN', 'TCN', 'Transformer', 'MLP']","[16, 32, 64, 128, 256]","[1, 2, 3, 4]","[0, 0.1, 0.2, 0.3, 0.5]","['relu', 'tanh', 'sigmoid', 'elu']","[1e-05, 0.01]","[2, 3, 4, 5, 6, 7, 8, 9, 10, 11, 12, 13, 14, 15, 16, 17, 18, 19, 20, 21, 22, 23, 24, 25, 26, 27, 28, 29, 30]","[16, 32, 64, 128]","[5, 10, 15, 20]","[2, 3, 5, 7]","[2, 4, 8]",anneal,minimize,local
4edkf6m2,5,20,1779134076241,,/home/meliani/nni-experiments/4edkf6m2,1,exp_anneal_1500s_tt_only_tt_only,hpo,/home/meliani/Desktop/phd/fast-track/search_space.json,python3 trial.py --data ./tt_only.csv,/home/meliani/Desktop/phd/fast-track,1,1500s,100000000,False,False,info,/home/meliani/nni-experiments,"['LSTM', 'GRU', 'CNN', 'RNN', 'TCN', 'Transformer', 'MLP']","[16, 32, 64, 128, 256]","[1, 2, 3, 4]","[0, 0.1, 0.2, 0.3, 0.5]","['relu', 'tanh', 'sigmoid', 'elu']","[1e-05, 0.01]","[2, 3, 4, 5, 6, 7, 8, 9, 10, 11, 12, 13, 14, 15, 16, 17, 18, 19, 20, 21, 22, 23, 24, 25, 26, 27, 28, 29, 30]","[16, 32, 64, 128]","[5, 10, 15, 20]","[2, 3, 5, 7]","[2, 4, 8]",anneal,minimize,local
4edkf6m2,6,30,1779134076241,,/home/meliani/nni-experiments/4edkf6m2,1,exp_anneal_1500s_tt_only_tt_only,hpo,/home/meliani/Desktop/phd/fast-track/search_space.json,python3 trial.py --data ./tt_only.csv,/home/meliani/Desktop/phd/fast-track,1,1500s,100000000,False,False,info,/home/meliani/nni-experiments,"['LSTM', 'GRU', 'CNN', 'RNN', 'TCN', 'Transformer', 'MLP']","[16, 32, 64, 128, 256]","[1, 2, 3, 4]","[0, 0.1, 0.2, 0.3, 0.5]","['relu', 'tanh', 'sigmoid', 'elu']","[1e-05, 0.01]","[2, 3, 4, 5, 6, 7, 8, 9, 10, 11, 12, 13, 14, 15, 16, 17, 18, 19, 20, 21, 22, 23, 24, 25, 26, 27, 28, 29, 30]","[16, 32, 64, 128]","[5, 10, 15, 20]","[2, 3, 5, 7]","[2, 4, 8]",anneal,minimize,local
4edkf6m2,7,40,1779134076241,,/home/meliani/nni-experiments/4edkf6m2,1,exp_anneal_1500s_tt_only_tt_only,hpo,/home/meliani/Desktop/phd/fast-track/search_space.json,python3 trial.py --data ./tt_only.csv,/home/meliani/Desktop/phd/fast-track,1,1500s,100000000,False,False,info,/home/meliani/nni-experiments,"['LSTM', 'GRU', 'CNN', 'RNN', 'TCN', 'Transformer', 'MLP']","[16, 32, 64, 128, 256]","[1, 2, 3, 4]","[0, 0.1, 0.2, 0.3, 0.5]","['relu', 'tanh', 'sigmoid', 'elu']","[1e-05, 0.01]","[2, 3, 4, 5, 6, 7, 8, 9, 10, 11, 12, 13, 14, 15, 16, 17, 18, 19, 20, 21, 22, 23, 24, 25, 26, 27, 28, 29, 30]","[16, 32, 64, 128]","[5, 10, 15, 20]","[2, 3, 5, 7]","[2, 4, 8]",anneal,minimize,local
4edkf6m2,8,50,1779134076241,,/home/meliani/nni-experiments/4edkf6m2,1,exp_anneal_1500s_tt_only_tt_only,hpo,/home/meliani/Desktop/phd/fast-track/search_space.json,python3 trial.py --data ./tt_only.csv,/home/meliani/Desktop/phd/fast-track,1,1500s,100000000,False,False,info,/home/meliani/nni-experiments,"['LSTM', 'GRU', 'CNN', 'RNN', 'TCN', 'Transformer', 'MLP']","[16, 32, 64, 128, 256]","[1, 2, 3, 4]","[0, 0.1, 0.2, 0.3, 0.5]","['relu', 'tanh', 'sigmoid', 'elu']","[1e-05, 0.01]","[2, 3, 4, 5, 6, 7, 8, 9, 10, 11, 12, 13, 14, 15, 16, 17, 18, 19, 20, 21, 22, 23, 24, 25, 26, 27, 28, 29, 30]","[16, 32, 64, 128]","[5, 10, 15, 20]","[2, 3, 5, 7]","[2, 4, 8]",anneal,minimize,local
4edkf6m2,9,50,1779134076241,,/home/meliani/nni-experiments/4edkf6m2,2,exp_anneal_1500s_tt_only_tt_only,hpo,/home/meliani/Desktop/phd/fast-track/search_space.json,python3 trial.py --data ./tt_only.csv,/home/meliani/Desktop/phd/fast-track,1,1500s,100000000,False,False,info,/home/meliani/nni-experiments,"['LSTM', 'GRU', 'CNN', 'RNN', 'TCN', 'Transformer', 'MLP']","[16, 32, 64, 128, 256]","[1, 2, 3, 4]","[0, 0.1, 0.2, 0.3, 0.5]","['relu', 'tanh', 'sigmoid', 'elu']","[1e-05, 0.01]","[2, 3, 4, 5, 6, 7, 8, 9, 10, 11, 12, 13, 14, 15, 16, 17, 18, 19, 20, 21, 22, 23, 24, 25, 26, 27, 28, 29, 30]","[16, 32, 64, 128]","[5, 10, 15, 20]","[2, 3, 5, 7]","[2, 4, 8]",anneal,minimize,local
4edkf6m2,10,60,1779134076241,,/home/meliani/nni-experiments/4edkf6m2,2,exp_anneal_1500s_tt_only_tt_only,hpo,/home/meliani/Desktop/phd/fast-track/search_space.json,python3 trial.py --data ./tt_only.csv,/home/meliani/Desktop/phd/fast-track,1,1500s,100000000,False,False,info,/home/meliani/nni-experiments,"['LSTM', 'GRU', 'CNN', 'RNN', 'TCN', 'Transformer', 'MLP']","[16, 32, 64, 128, 256]","[1, 2, 3, 4]","[0, 0.1, 0.2, 0.3, 0.5]","['relu', 'tanh', 'sigmoid', 'elu']","[1e-05, 0.01]","[2, 3, 4, 5, 6, 7, 8, 9, 10, 11, 12, 13, 14, 15, 16, 17, 18, 19, 20, 21, 22, 23, 24, 25, 26, 27, 28, 29, 30]","[16, 32, 64, 128]","[5, 10, 15, 20]","[2, 3, 5, 7]","[2, 4, 8]",anneal,minimize,local
4edkf6m2,11,65,1779134076241,,/home/meliani/nni-experiments/4edkf6m2,3,exp_anneal_1500s_tt_only_tt_only,hpo,/home/meliani/Desktop/phd/fast-track/search_space.json,python3 trial.py --data ./tt_only.csv,/home/meliani/Desktop/phd/fast-track,1,1500s,100000000,False,False,info,/home/meliani/nni-experiments,"['LSTM', 'GRU', 'CNN', 'RNN', 'TCN', 'Transformer', 'MLP']","[16, 32, 64, 128, 256]","[1, 2, 3, 4]","[0, 0.1, 0.2, 0.3, 0.5]","['relu', 'tanh', 'sigmoid', 'elu']","[1e-05, 0.01]","[2, 3, 4, 5, 6, 7, 8, 9, 10, 11, 12, 13, 14, 15, 16, 17, 18, 19, 20, 21, 22, 23, 24, 25, 26, 27, 28, 29, 30]","[16, 32, 64, 128]","[5, 10, 15, 20]","[2, 3, 5, 7]","[2, 4, 8]",anneal,minimize,local
4edkf6m2,12,70,1779134076241,,/home/meliani/nni-experiments/4edkf6m2,3,exp_anneal_1500s_tt_only_tt_only,hpo,/home/meliani/Desktop/phd/fast-track/search_space.json,python3 trial.py --data ./tt_only.csv,/home/meliani/Desktop/phd/fast-track,1,1500s,100000000,False,False,info,/home/meliani/nni-experiments,"['LSTM', 'GRU', 'CNN', 'RNN', 'TCN', 'Transformer', 'MLP']","[16, 32, 64, 128, 256]","[1, 2, 3, 4]","[0, 0.1, 0.2, 0.3, 0.5]","['relu', 'tanh', 'sigmoid', 'elu']","[1e-05, 0.01]","[2, 3, 4, 5, 6, 7, 8, 9, 10, 11, 12, 13, 14, 15, 16, 17, 18, 19, 20, 21, 22, 23, 24, 25, 26, 27, 28, 29, 30]","[16, 32, 64, 128]","[5, 10, 15, 20]","[2, 3, 5, 7]","[2, 4, 8]",anneal,minimize,local
4edkf6m2,13,80,1779134076241,,/home/meliani/nni-experiments/4edkf6m2,3,exp_anneal_1500s_tt_only_tt_only,hpo,/home/meliani/Desktop/phd/fast-track/search_space.json,python3 trial.py --data ./tt_only.csv,/home/meliani/Desktop/phd/fast-track,1,1500s,100000000,False,False,info,/home/meliani/nni-experiments,"['LSTM', 'GRU', 'CNN', 'RNN', 'TCN', 'Transformer', 'MLP']","[16, 32, 64, 128, 256]","[1, 2, 3, 4]","[0, 0.1, 0.2, 0.3, 0.5]","['relu', 'tanh', 'sigmoid', 'elu']","[1e-05, 0.01]","[2, 3, 4, 5, 6, 7, 8, 9, 10, 11, 12, 13, 14, 15, 16, 17, 18, 19, 20, 21, 22, 23, 24, 25, 26, 27, 28, 29, 30]","[16, 32, 64, 128]","[5, 10, 15, 20]","[2, 3, 5, 7]","[2, 4, 8]",anneal,minimize,local
4edkf6m2,14,90,1779134076241,,/home/meliani/nni-experiments/4edkf6m2,3,exp_anneal_1500s_tt_only_tt_only,hpo,/home/meliani/Desktop/phd/fast-track/search_space.json,python3 trial.py --data ./tt_only.csv,/home/meliani/Desktop/phd/fast-track,1,1500s,100000000,False,False,info,/home/meliani/nni-experiments,"['LSTM', 'GRU', 'CNN', 'RNN', 'TCN', 'Transformer', 'MLP']","[16, 32, 64, 128, 256]","[1, 2, 3, 4]","[0, 0.1, 0.2, 0.3, 0.5]","['relu', 'tanh', 'sigmoid', 'elu']","[1e-05, 0.01]","[2, 3, 4, 5, 6, 7, 8, 9, 10, 11, 12, 13, 14, 15, 16, 17, 18, 19, 20, 21, 22, 23, 24, 25, 26, 27, 28, 29, 30]","[16, 32, 64, 128]","[5, 10, 15, 20]","[2, 3, 5, 7]","[2, 4, 8]",anneal,minimize,local
4edkf6m2,15,100,1779134076241,,/home/meliani/nni-experiments/4edkf6m2,3,exp_anneal_1500s_tt_only_tt_only,hpo,/home/meliani/Desktop/phd/fast-track/search_space.json,python3 trial.py --data ./tt_only.csv,/home/meliani/Desktop/phd/fast-track,1,1500s,100000000,False,False,info,/home/meliani/nni-experiments,"['LSTM', 'GRU', 'CNN', 'RNN', 'TCN', 'Transformer', 'MLP']","[16, 32, 64, 128, 256]","[1, 2, 3, 4]","[0, 0.1, 0.2, 0.3, 0.5]","['relu', 'tanh', 'sigmoid', 'elu']","[1e-05, 0.01]","[2, 3, 4, 5, 6, 7, 8, 9, 10, 11, 12, 13, 14, 15, 16, 17, 18, 19, 20, 21, 22, 23, 24, 25, 26, 27, 28, 29, 30]","[16, 32, 64, 128]","[5, 10, 15, 20]","[2, 3, 5, 7]","[2, 4, 8]",anneal,minimize,local
4edkf6m2,16,110,1779134076241,,/home/meliani/nni-experiments/4edkf6m2,3,exp_anneal_1500s_tt_only_tt_only,hpo,/home/meliani/Desktop/phd/fast-track/search_space.json,python3 trial.py --data ./tt_only.csv,/home/meliani/Desktop/phd/fast-track,1,1500s,100000000,False,False,info,/home/meliani/nni-experiments,"['LSTM', 'GRU', 'CNN', 'RNN', 'TCN', 'Transformer', 'MLP']","[16, 32, 64, 128, 256]","[1, 2, 3, 4]","[0, 0.1, 0.2, 0.3, 0.5]","['relu', 'tanh', 'sigmoid', 'elu']","[1e-05, 0.01]","[2, 3, 4, 5, 6, 7, 8, 9, 10, 11, 12, 13, 14, 15, 16, 17, 18, 19, 20, 21, 22, 23, 24, 25, 26, 27, 28, 29, 30]","[16, 32, 64, 128]","[5, 10, 15, 20]","[2, 3, 5, 7]","[2, 4, 8]",anneal,minimize,local
4edkf6m2,17,112,1779134076241,,/home/meliani/nni-experiments/4edkf6m2,4,exp_anneal_1500s_tt_only_tt_only,hpo,/home/meliani/Desktop/phd/fast-track/search_space.json,python3 trial.py --data ./tt_only.csv,/home/meliani/Desktop/phd/fast-track,1,1500s,100000000,False,False,info,/home/meliani/nni-experiments,"['LSTM', 'GRU', 'CNN', 'RNN', 'TCN', 'Transformer', 'MLP']","[16, 32, 64, 128, 256]","[1, 2, 3, 4]","[0, 0.1, 0.2, 0.3, 0.5]","['relu', 'tanh', 'sigmoid', 'elu']","[1e-05, 0.01]","[2, 3, 4, 5, 6, 7, 8, 9, 10, 11, 12, 13, 14, 15, 16, 17, 18, 19, 20, 21, 22, 23, 24, 25, 26, 27, 28, 29, 30]","[16, 32, 64, 128]","[5, 10, 15, 20]","[2, 3, 5, 7]","[2, 4, 8]",anneal,minimize,local
4edkf6m2,18,120,1779134076241,,/home/meliani/nni-experiments/4edkf6m2,4,exp_anneal_1500s_tt_only_tt_only,hpo,/home/meliani/Desktop/phd/fast-track/search_space.json,python3 trial.py --data ./tt_only.csv,/home/meliani/Desktop/phd/fast-track,1,1500s,100000000,False,False,info,/home/meliani/nni-experiments,"['LSTM', 'GRU', 'CNN', 'RNN', 'TCN', 'Transformer', 'MLP']","[16, 32, 64, 128, 256]","[1, 2, 3, 4]","[0, 0.1, 0.2, 0.3, 0.5]","['relu', 'tanh', 'sigmoid', 'elu']","[1e-05, 0.01]","[2, 3, 4, 5, 6, 7, 8, 9, 10, 11, 12, 13, 14, 15, 16, 17, 18, 19, 20, 21, 22, 23, 24, 25, 26, 27, 28, 29, 30]","[16, 32, 64, 128]","[5, 10, 15, 20]","[2, 3, 5, 7]","[2, 4, 8]",anneal,minimize,local
4edkf6m2,19,124,1779134076241,,/home/meliani/nni-experiments/4edkf6m2,5,exp_anneal_1500s_tt_only_tt_only,hpo,/home/meliani/Desktop/phd/fast-track/search_space.json,python3 trial.py --data ./tt_only.csv,/home/meliani/Desktop/phd/fast-track,1,1500s,100000000,False,False,info,/home/meliani/nni-experiments,"['LSTM', 'GRU', 'CNN', 'RNN', 'TCN', 'Transformer', 'MLP']","[16, 32, 64, 128, 256]","[1, 2, 3, 4]","[0, 0.1, 0.2, 0.3, 0.5]","['relu', 'tanh', 'sigmoid', 'elu']","[1e-05, 0.01]","[2, 3, 4, 5, 6, 7, 8, 9, 10, 11, 12, 13, 14, 15, 16, 17, 18, 19, 20, 21, 22, 23, 24, 25, 26, 27, 28, 29, 30]","[16, 32, 64, 128]","[5, 10, 15, 20]","[2, 3, 5, 7]","[2, 4, 8]",anneal,minimize,local
4edkf6m2,20,130,1779134076241,,/home/meliani/nni-experiments/4edkf6m2,5,exp_anneal_1500s_tt_only_tt_only,hpo,/home/meliani/Desktop/phd/fast-track/search_space.json,python3 trial.py --data ./tt_only.csv,/home/meliani/Desktop/phd/fast-track,1,1500s,100000000,False,False,info,/home/meliani/nni-experiments,"['LSTM', 'GRU', 'CNN', 'RNN', 'TCN', 'Transformer', 'MLP']","[16, 32, 64, 128, 256]","[1, 2, 3, 4]","[0, 0.1, 0.2, 0.3, 0.5]","['relu', 'tanh', 'sigmoid', 'elu']","[1e-05, 0.01]","[2, 3, 4, 5, 6, 7, 8, 9, 10, 11, 12, 13, 14, 15, 16, 17, 18, 19, 20, 21, 22, 23, 24, 25, 26, 27, 28, 29, 30]","[16, 32, 64, 128]","[5, 10, 15, 20]","[2, 3, 5, 7]","[2, 4, 8]",anneal,minimize,local
4edkf6m2,21,140,1779134076241,,/home/meliani/nni-experiments/4edkf6m2,5,exp_anneal_1500s_tt_only_tt_only,hpo,/home/meliani/Desktop/phd/fast-track/search_space.json,python3 trial.py --data ./tt_only.csv,/home/meliani/Desktop/phd/fast-track,1,1500s,100000000,False,False,info,/home/meliani/nni-experiments,"['LSTM', 'GRU', 'CNN', 'RNN', 'TCN', 'Transformer', 'MLP']","[16, 32, 64, 128, 256]","[1, 2, 3, 4]","[0, 0.1, 0.2, 0.3, 0.5]","['relu', 'tanh', 'sigmoid', 'elu']","[1e-05, 0.01]","[2, 3, 4, 5, 6, 7, 8, 9, 10, 11, 12, 13, 14, 15, 16, 17, 18, 19, 20, 21, 22, 23, 24, 25, 26, 27, 28, 29, 30]","[16, 32, 64, 128]","[5, 10, 15, 20]","[2, 3, 5, 7]","[2, 4, 8]",anneal,minimize,local
4edkf6m2,22,150,1779134076241,,/home/meliani/nni-experiments/4edkf6m2,5,exp_anneal_1500s_tt_only_tt_only,hpo,/home/meliani/Desktop/phd/fast-track/search_space.json,python3 trial.py --data ./tt_only.csv,/home/meliani/Desktop/phd/fast-track,1,1500s,100000000,False,False,info,/home/meliani/nni-experiments,"['LSTM', 'GRU', 'CNN', 'RNN', 'TCN', 'Transformer', 'MLP']","[16, 32, 64, 128, 256]","[1, 2, 3, 4]","[0, 0.1, 0.2, 0.3, 0.5]","['relu', 'tanh', 'sigmoid', 'elu']","[1e-05, 0.01]","[2, 3, 4, 5, 6, 7, 8, 9, 10, 11, 12, 13, 14, 15, 16, 17, 18, 19, 20, 21, 22, 23, 24, 25, 26, 27, 28, 29, 30]","[16, 32, 64, 128]","[5, 10, 15, 20]","[2, 3, 5, 7]","[2, 4, 8]",anneal,minimize,local
4edkf6m2,23,153,1779134076241,,/home/meliani/nni-experiments/4edkf6m2,6,exp_anneal_1500s_tt_only_tt_only,hpo,/home/meliani/Desktop/phd/fast-track/search_space.json,python3 trial.py --data ./tt_only.csv,/home/meliani/Desktop/phd/fast-track,1,1500s,100000000,False,False,info,/home/meliani/nni-experiments,"['LSTM', 'GRU', 'CNN', 'RNN', 'TCN', 'Transformer', 'MLP']","[16, 32, 64, 128, 256]","[1, 2, 3, 4]","[0, 0.1, 0.2, 0.3, 0.5]","['relu', 'tanh', 'sigmoid', 'elu']","[1e-05, 0.01]","[2, 3, 4, 5, 6, 7, 8, 9, 10, 11, 12, 13, 14, 15, 16, 17, 18, 19, 20, 21, 22, 23, 24, 25, 26, 27, 28, 29, 30]","[16, 32, 64, 128]","[5, 10, 15, 20]","[2, 3, 5, 7]","[2, 4, 8]",anneal,minimize,local
4edkf6m2,24,160,1779134076241,,/home/meliani/nni-experiments/4edkf6m2,6,exp_anneal_1500s_tt_only_tt_only,hpo,/home/meliani/Desktop/phd/fast-track/search_space.json,python3 trial.py --data ./tt_only.csv,/home/meliani/Desktop/phd/fast-track,1,1500s,100000000,False,False,info,/home/meliani/nni-experiments,"['LSTM', 'GRU', 'CNN', 'RNN', 'TCN', 'Transformer', 'MLP']","[16, 32, 64, 128, 256]","[1, 2, 3, 4]","[0, 0.1, 0.2, 0.3, 0.5]","['relu', 'tanh', 'sigmoid', 'elu']","[1e-05, 0.01]","[2, 3, 4, 5, 6, 7, 8, 9, 10, 11, 12, 13, 14, 15, 16, 17, 18, 19, 20, 21, 22, 23, 24, 25, 26, 27, 28, 29, 30]","[16, 32, 64, 128]","[5, 10, 15, 20]","[2, 3, 5, 7]","[2, 4, 8]",anneal,minimize,local
4edkf6m2,25,170,1779134076241,,/home/meliani/nni-experiments/4edkf6m2,6,exp_anneal_1500s_tt_only_tt_only,hpo,/home/meliani/Desktop/phd/fast-track/search_space.json,python3 trial.py --data ./tt_only.csv,/home/meliani/Desktop/phd/fast-track,1,1500s,100000000,False,False,info,/home/meliani/nni-experiments,"['LSTM', 'GRU', 'CNN', 'RNN', 'TCN', 'Transformer', 'MLP']","[16, 32, 64, 128, 256]","[1, 2, 3, 4]","[0, 0.1, 0.2, 0.3, 0.5]","['relu', 'tanh', 'sigmoid', 'elu']","[1e-05, 0.01]","[2, 3, 4, 5, 6, 7, 8, 9, 10, 11, 12, 13, 14, 15, 16, 17, 18, 19, 20, 21, 22, 23, 24, 25, 26, 27, 28, 29, 30]","[16, 32, 64, 128]","[5, 10, 15, 20]","[2, 3, 5, 7]","[2, 4, 8]",anneal,minimize,local
4edkf6m2,26,180,1779134076241,,/home/meliani/nni-experiments/4edkf6m2,6,exp_anneal_1500s_tt_only_tt_only,hpo,/home/meliani/Desktop/phd/fast-track/search_space.json,python3 trial.py --data ./tt_only.csv,/home/meliani/Desktop/phd/fast-track,1,1500s,100000000,False,False,info,/home/meliani/nni-experiments,"['LSTM', 'GRU', 'CNN', 'RNN', 'TCN', 'Transformer', 'MLP']","[16, 32, 64, 128, 256]","[1, 2, 3, 4]","[0, 0.1, 0.2, 0.3, 0.5]","['relu', 'tanh', 'sigmoid', 'elu']","[1e-05, 0.01]","[2, 3, 4, 5, 6, 7, 8, 9, 10, 11, 12, 13, 14, 15, 16, 17, 18, 19, 20, 21, 22, 23, 24, 25, 26, 27, 28, 29, 30]","[16, 32, 64, 128]","[5, 10, 15, 20]","[2, 3, 5, 7]","[2, 4, 8]",anneal,minimize,local
4edkf6m2,27,190,1779134076241,,/home/meliani/nni-experiments/4edkf6m2,6,exp_anneal_1500s_tt_only_tt_only,hpo,/home/meliani/Desktop/phd/fast-track/search_space.json,python3 trial.py --data ./tt_only.csv,/home/meliani/Desktop/phd/fast-track,1,1500s,100000000,False,False,info,/home/meliani/nni-experiments,"['LSTM', 'GRU', 'CNN', 'RNN', 'TCN', 'Transformer', 'MLP']","[16, 32, 64, 128, 256]","[1, 2, 3, 4]","[0, 0.1, 0.2, 0.3, 0.5]","['relu', 'tanh', 'sigmoid', 'elu']","[1e-05, 0.01]","[2, 3, 4, 5, 6, 7, 8, 9, 10, 11, 12, 13, 14, 15, 16, 17, 18, 19, 20, 21, 22, 23, 24, 25, 26, 27, 28, 29, 30]","[16, 32, 64, 128]","[5, 10, 15, 20]","[2, 3, 5, 7]","[2, 4, 8]",anneal,minimize,local
4edkf6m2,28,200,1779134076241,,/home/meliani/nni-experiments/4edkf6m2,6,exp_anneal_1500s_tt_only_tt_only,hpo,/home/meliani/Desktop/phd/fast-track/search_space.json,python3 trial.py --data ./tt_only.csv,/home/meliani/Desktop/phd/fast-track,1,1500s,100000000,False,False,info,/home/meliani/nni-experiments,"['LSTM', 'GRU', 'CNN', 'RNN', 'TCN', 'Transformer', 'MLP']","[16, 32, 64, 128, 256]","[1, 2, 3, 4]","[0, 0.1, 0.2, 0.3, 0.5]","['relu', 'tanh', 'sigmoid', 'elu']","[1e-05, 0.01]","[2, 3, 4, 5, 6, 7, 8, 9, 10, 11, 12, 13, 14, 15, 16, 17, 18, 19, 20, 21, 22, 23, 24, 25, 26, 27, 28, 29, 30]","[16, 32, 64, 128]","[5, 10, 15, 20]","[2, 3, 5, 7]","[2, 4, 8]",anneal,minimize,local
4edkf6m2,29,210,1779134076241,,/home/meliani/nni-experiments/4edkf6m2,6,exp_anneal_1500s_tt_only_tt_only,hpo,/home/meliani/Desktop/phd/fast-track/search_space.json,python3 trial.py --data ./tt_only.csv,/home/meliani/Desktop/phd/fast-track,1,1500s,100000000,False,False,info,/home/meliani/nni-experiments,"['LSTM', 'GRU', 'CNN', 'RNN', 'TCN', 'Transformer', 'MLP']","[16, 32, 64, 128, 256]","[1, 2, 3, 4]","[0, 0.1, 0.2, 0.3, 0.5]","['relu', 'tanh', 'sigmoid', 'elu']","[1e-05, 0.01]","[2, 3, 4, 5, 6, 7, 8, 9, 10, 11, 12, 13, 14, 15, 16, 17, 18, 19, 20, 21, 22, 23, 24, 25, 26, 27, 28, 29, 30]","[16, 32, 64, 128]","[5, 10, 15, 20]","[2, 3, 5, 7]","[2, 4, 8]",anneal,minimize,local
4edkf6m2,30,220,1779134076241,,/home/meliani/nni-experiments/4edkf6m2,6,exp_anneal_1500s_tt_only_tt_only,hpo,/home/meliani/Desktop/phd/fast-track/search_space.json,python3 trial.py --data ./tt_only.csv,/home/meliani/Desktop/phd/fast-track,1,1500s,100000000,False,False,info,/home/meliani/nni-experiments,"['LSTM', 'GRU', 'CNN', 'RNN', 'TCN', 'Transformer', 'MLP']","[16, 32, 64, 128, 256]","[1, 2, 3, 4]","[0, 0.1, 0.2, 0.3, 0.5]","['relu', 'tanh', 'sigmoid', 'elu']","[1e-05, 0.01]","[2, 3, 4, 5, 6, 7, 8, 9, 10, 11, 12, 13, 14, 15, 16, 17, 18, 19, 20, 21, 22, 23, 24, 25, 26, 27, 28, 29, 30]","[16, 32, 64, 128]","[5, 10, 15, 20]","[2, 3, 5, 7]","[2, 4, 8]",anneal,minimize,local
4edkf6m2,31,230,1779134076241,,/home/meliani/nni-experiments/4edkf6m2,6,exp_anneal_1500s_tt_only_tt_only,hpo,/home/meliani/Desktop/phd/fast-track/search_space.json,python3 trial.py --data ./tt_only.csv,/home/meliani/Desktop/phd/fast-track,1,1500s,100000000,False,False,info,/home/meliani/nni-experiments,"['LSTM', 'GRU', 'CNN', 'RNN', 'TCN', 'Transformer', 'MLP']","[16, 32, 64, 128, 256]","[1, 2, 3, 4]","[0, 0.1, 0.2, 0.3, 0.5]","['relu', 'tanh', 'sigmoid', 'elu']","[1e-05, 0.01]","[2, 3, 4, 5, 6, 7, 8, 9, 10, 11, 12, 13, 14, 15, 16, 17, 18, 19, 20, 21, 22, 23, 24, 25, 26, 27, 28, 29, 30]","[16, 32, 64, 128]","[5, 10, 15, 20]","[2, 3, 5, 7]","[2, 4, 8]",anneal,minimize,local
4edkf6m2,32,240,1779134076241,,/home/meliani/nni-experiments/4edkf6m2,6,exp_anneal_1500s_tt_only_tt_only,hpo,/home/meliani/Desktop/phd/fast-track/search_space.json,python3 trial.py --data ./tt_only.csv,/home/meliani/Desktop/phd/fast-track,1,1500s,100000000,False,False,info,/home/meliani/nni-experiments,"['LSTM', 'GRU', 'CNN', 'RNN', 'TCN', 'Transformer', 'MLP']","[16, 32, 64, 128, 256]","[1, 2, 3, 4]","[0, 0.1, 0.2, 0.3, 0.5]","['relu', 'tanh', 'sigmoid', 'elu']","[1e-05, 0.01]","[2, 3, 4, 5, 6, 7, 8, 9, 10, 11, 12, 13, 14, 15, 16, 17, 18, 19, 20, 21, 22, 23, 24, 25, 26, 27, 28, 29, 30]","[16, 32, 64, 128]","[5, 10, 15, 20]","[2, 3, 5, 7]","[2, 4, 8]",anneal,minimize,local
4edkf6m2,33,250,1779134076241,,/home/meliani/nni-experiments/4edkf6m2,6,exp_anneal_1500s_tt_only_tt_only,hpo,/home/meliani/Desktop/phd/fast-track/search_space.json,python3 trial.py --data ./tt_only.csv,/home/meliani/Desktop/phd/fast-track,1,1500s,100000000,False,False,info,/home/meliani/nni-experiments,"['LSTM', 'GRU', 'CNN', 'RNN', 'TCN', 'Transformer', 'MLP']","[16, 32, 64, 128, 256]","[1, 2, 3, 4]","[0, 0.1, 0.2, 0.3, 0.5]","['relu', 'tanh', 'sigmoid', 'elu']","[1e-05, 0.01]","[2, 3, 4, 5, 6, 7, 8, 9, 10, 11, 12, 13, 14, 15, 16, 17, 18, 19, 20, 21, 22, 23, 24, 25, 26, 27, 28, 29, 30]","[16, 32, 64, 128]","[5, 10, 15, 20]","[2, 3, 5, 7]","[2, 4, 8]",anneal,minimize,local
4edkf6m2,34,260,1779134076241,,/home/meliani/nni-experiments/4edkf6m2,6,exp_anneal_1500s_tt_only_tt_only,hpo,/home/meliani/Desktop/phd/fast-track/search_space.json,python3 trial.py --data ./tt_only.csv,/home/meliani/Desktop/phd/fast-track,1,1500s,100000000,False,False,info,/home/meliani/nni-experiments,"['LSTM', 'GRU', 'CNN', 'RNN', 'TCN', 'Transformer', 'MLP']","[16, 32, 64, 128, 256]","[1, 2, 3, 4]","[0, 0.1, 0.2, 0.3, 0.5]","['relu', 'tanh', 'sigmoid', 'elu']","[1e-05, 0.01]","[2, 3, 4, 5, 6, 7, 8, 9, 10, 11, 12, 13, 14, 15, 16, 17, 18, 19, 20, 21, 22, 23, 24, 25, 26, 27, 28, 29, 30]","[16, 32, 64, 128]","[5, 10, 15, 20]","[2, 3, 5, 7]","[2, 4, 8]",anneal,minimize,local
4edkf6m2,35,270,1779134076241,,/home/meliani/nni-experiments/4edkf6m2,6,exp_anneal_1500s_tt_only_tt_only,hpo,/home/meliani/Desktop/phd/fast-track/search_space.json,python3 trial.py --data ./tt_only.csv,/home/meliani/Desktop/phd/fast-track,1,1500s,100000000,False,False,info,/home/meliani/nni-experiments,"['LSTM', 'GRU', 'CNN', 'RNN', 'TCN', 'Transformer', 'MLP']","[16, 32, 64, 128, 256]","[1, 2, 3, 4]","[0, 0.1, 0.2, 0.3, 0.5]","['relu', 'tanh', 'sigmoid', 'elu']","[1e-05, 0.01]","[2, 3, 4, 5, 6, 7, 8, 9, 10, 11, 12, 13, 14, 15, 16, 17, 18, 19, 20, 21, 22, 23, 24, 25, 26, 27, 28, 29, 30]","[16, 32, 64, 128]","[5, 10, 15, 20]","[2, 3, 5, 7]","[2, 4, 8]",anneal,minimize,local
4edkf6m2,36,280,1779134076241,,/home/meliani/nni-experiments/4edkf6m2,6,exp_anneal_1500s_tt_only_tt_only,hpo,/home/meliani/Desktop/phd/fast-track/search_space.json,python3 trial.py --data ./tt_only.csv,/home/meliani/Desktop/phd/fast-track,1,1500s,100000000,False,False,info,/home/meliani/nni-experiments,"['LSTM', 'GRU', 'CNN', 'RNN', 'TCN', 'Transformer', 'MLP']","[16, 32, 64, 128, 256]","[1, 2, 3, 4]","[0, 0.1, 0.2, 0.3, 0.5]","['relu', 'tanh', 'sigmoid', 'elu']","[1e-05, 0.01]","[2, 3, 4, 5, 6, 7, 8, 9, 10, 11, 12, 13, 14, 15, 16, 17, 18, 19, 20, 21, 22, 23, 24, 25, 26, 27, 28, 29, 30]","[16, 32, 64, 128]","[5, 10, 15, 20]","[2, 3, 5, 7]","[2, 4, 8]",anneal,minimize,local
4edkf6m2,37,290,1779134076241,,/home/meliani/nni-experiments/4edkf6m2,6,exp_anneal_1500s_tt_only_tt_only,hpo,/home/meliani/Desktop/phd/fast-track/search_space.json,python3 trial.py --data ./tt_only.csv,/home/meliani/Desktop/phd/fast-track,1,1500s,100000000,False,False,info,/home/meliani/nni-experiments,"['LSTM', 'GRU', 'CNN', 'RNN', 'TCN', 'Transformer', 'MLP']","[16, 32, 64, 128, 256]","[1, 2, 3, 4]","[0, 0.1, 0.2, 0.3, 0.5]","['relu', 'tanh', 'sigmoid', 'elu']","[1e-05, 0.01]","[2, 3, 4, 5, 6, 7, 8, 9, 10, 11, 12, 13, 14, 15, 16, 17, 18, 19, 20, 21, 22, 23, 24, 25, 26, 27, 28, 29, 30]","[16, 32, 64, 128]","[5, 10, 15, 20]","[2, 3, 5, 7]","[2, 4, 8]",anneal,minimize,local
4edkf6m2,38,300,1779134076241,,/home/meliani/nni-experiments/4edkf6m2,6,exp_anneal_1500s_tt_only_tt_only,hpo,/home/meliani/Desktop/phd/fast-track/search_space.json,python3 trial.py --data ./tt_only.csv,/home/meliani/Desktop/phd/fast-track,1,1500s,100000000,False,False,info,/home/meliani/nni-experiments,"['LSTM', 'GRU', 'CNN', 'RNN', 'TCN', 'Transformer', 'MLP']","[16, 32, 64, 128, 256]","[1, 2, 3, 4]","[0, 0.1, 0.2, 0.3, 0.5]","['relu', 'tanh', 'sigmoid', 'elu']","[1e-05, 0.01]","[2, 3, 4, 5, 6, 7, 8, 9, 10, 11, 12, 13, 14, 15, 16, 17, 18, 19, 20, 21, 22, 23, 24, 25, 26, 27, 28, 29, 30]","[16, 32, 64, 128]","[5, 10, 15, 20]","[2, 3, 5, 7]","[2, 4, 8]",anneal,minimize,local
4edkf6m2,39,310,1779134076241,,/home/meliani/nni-experiments/4edkf6m2,6,exp_anneal_1500s_tt_only_tt_only,hpo,/home/meliani/Desktop/phd/fast-track/search_space.json,python3 trial.py --data ./tt_only.csv,/home/meliani/Desktop/phd/fast-track,1,1500s,100000000,False,False,info,/home/meliani/nni-experiments,"['LSTM', 'GRU', 'CNN', 'RNN', 'TCN', 'Transformer', 'MLP']","[16, 32, 64, 128, 256]","[1, 2, 3, 4]","[0, 0.1, 0.2, 0.3, 0.5]","['relu', 'tanh', 'sigmoid', 'elu']","[1e-05, 0.01]","[2, 3, 4, 5, 6, 7, 8, 9, 10, 11, 12, 13, 14, 15, 16, 17, 18, 19, 20, 21, 22, 23, 24, 25, 26, 27, 28, 29, 30]","[16, 32, 64, 128]","[5, 10, 15, 20]","[2, 3, 5, 7]","[2, 4, 8]",anneal,minimize,local
4edkf6m2,40,320,1779134076241,,/home/meliani/nni-experiments/4edkf6m2,6,exp_anneal_1500s_tt_only_tt_only,hpo,/home/meliani/Desktop/phd/fast-track/search_space.json,python3 trial.py --data ./tt_only.csv,/home/meliani/Desktop/phd/fast-track,1,1500s,100000000,False,False,info,/home/meliani/nni-experiments,"['LSTM', 'GRU', 'CNN', 'RNN', 'TCN', 'Transformer', 'MLP']","[16, 32, 64, 128, 256]","[1, 2, 3, 4]","[0, 0.1, 0.2, 0.3, 0.5]","['relu', 'tanh', 'sigmoid', 'elu']","[1e-05, 0.01]","[2, 3, 4, 5, 6, 7, 8, 9, 10, 11, 12, 13, 14, 15, 16, 17, 18, 19, 20, 21, 22, 23, 24, 25, 26, 27, 28, 29, 30]","[16, 32, 64, 128]","[5, 10, 15, 20]","[2, 3, 5, 7]","[2, 4, 8]",anneal,minimize,local
4edkf6m2,41,330,1779134076241,,/home/meliani/nni-experiments/4edkf6m2,6,exp_anneal_1500s_tt_only_tt_only,hpo,/home/meliani/Desktop/phd/fast-track/search_space.json,python3 trial.py --data ./tt_only.csv,/home/meliani/Desktop/phd/fast-track,1,1500s,100000000,False,False,info,/home/meliani/nni-experiments,"['LSTM', 'GRU', 'CNN', 'RNN', 'TCN', 'Transformer', 'MLP']","[16, 32, 64, 128, 256]","[1, 2, 3, 4]","[0, 0.1, 0.2, 0.3, 0.5]","['relu', 'tanh', 'sigmoid', 'elu']","[1e-05, 0.01]","[2, 3, 4, 5, 6, 7, 8, 9, 10, 11, 12, 13, 14, 15, 16, 17, 18, 19, 20, 21, 22, 23, 24, 25, 26, 27, 28, 29, 30]","[16, 32, 64, 128]","[5, 10, 15, 20]","[2, 3, 5, 7]","[2, 4, 8]",anneal,minimize,local
4edkf6m2,42,340,1779134076241,,/home/meliani/nni-experiments/4edkf6m2,6,exp_anneal_1500s_tt_only_tt_only,hpo,/home/meliani/Desktop/phd/fast-track/search_space.json,python3 trial.py --data ./tt_only.csv,/home/meliani/Desktop/phd/fast-track,1,1500s,100000000,False,False,info,/home/meliani/nni-experiments,"['LSTM', 'GRU', 'CNN', 'RNN', 'TCN', 'Transformer', 'MLP']","[16, 32, 64, 128, 256]","[1, 2, 3, 4]","[0, 0.1, 0.2, 0.3, 0.5]","['relu', 'tanh', 'sigmoid', 'elu']","[1e-05, 0.01]","[2, 3, 4, 5, 6, 7, 8, 9, 10, 11, 12, 13, 14, 15, 16, 17, 18, 19, 20, 21, 22, 23, 24, 25, 26, 27, 28, 29, 30]","[16, 32, 64, 128]","[5, 10, 15, 20]","[2, 3, 5, 7]","[2, 4, 8]",anneal,minimize,local
4edkf6m2,43,350,1779134076241,,/home/meliani/nni-experiments/4edkf6m2,6,exp_anneal_1500s_tt_only_tt_only,hpo,/home/meliani/Desktop/phd/fast-track/search_space.json,python3 trial.py --data ./tt_only.csv,/home/meliani/Desktop/phd/fast-track,1,1500s,100000000,False,False,info,/home/meliani/nni-experiments,"['LSTM', 'GRU', 'CNN', 'RNN', 'TCN', 'Transformer', 'MLP']","[16, 32, 64, 128, 256]","[1, 2, 3, 4]","[0, 0.1, 0.2, 0.3, 0.5]","['relu', 'tanh', 'sigmoid', 'elu']","[1e-05, 0.01]","[2, 3, 4, 5, 6, 7, 8, 9, 10, 11, 12, 13, 14, 15, 16, 17, 18, 19, 20, 21, 22, 23, 24, 25, 26, 27, 28, 29, 30]","[16, 32, 64, 128]","[5, 10, 15, 20]","[2, 3, 5, 7]","[2, 4, 8]",anneal,minimize,local
4edkf6m2,44,360,1779134076241,,/home/meliani/nni-experiments/4edkf6m2,6,exp_anneal_1500s_tt_only_tt_only,hpo,/home/meliani/Desktop/phd/fast-track/search_space.json,python3 trial.py --data ./tt_only.csv,/home/meliani/Desktop/phd/fast-track,1,1500s,100000000,False,False,info,/home/meliani/nni-experiments,"['LSTM', 'GRU', 'CNN', 'RNN', 'TCN', 'Transformer', 'MLP']","[16, 32, 64, 128, 256]","[1, 2, 3, 4]","[0, 0.1, 0.2, 0.3, 0.5]","['relu', 'tanh', 'sigmoid', 'elu']","[1e-05, 0.01]","[2, 3, 4, 5, 6, 7, 8, 9, 10, 11, 12, 13, 14, 15, 16, 17, 18, 19, 20, 21, 22, 23, 24, 25, 26, 27, 28, 29, 30]","[16, 32, 64, 128]","[5, 10, 15, 20]","[2, 3, 5, 7]","[2, 4, 8]",anneal,minimize,local
4edkf6m2,45,370,1779134076241,,/home/meliani/nni-experiments/4edkf6m2,6,exp_anneal_1500s_tt_only_tt_only,hpo,/home/meliani/Desktop/phd/fast-track/search_space.json,python3 trial.py --data ./tt_only.csv,/home/meliani/Desktop/phd/fast-track,1,1500s,100000000,False,False,info,/home/meliani/nni-experiments,"['LSTM', 'GRU', 'CNN', 'RNN', 'TCN', 'Transformer', 'MLP']","[16, 32, 64, 128, 256]","[1, 2, 3, 4]","[0, 0.1, 0.2, 0.3, 0.5]","['relu', 'tanh', 'sigmoid', 'elu']","[1e-05, 0.01]","[2, 3, 4, 5, 6, 7, 8, 9, 10, 11, 12, 13, 14, 15, 16, 17, 18, 19, 20, 21, 22, 23, 24, 25, 26, 27, 28, 29, 30]","[16, 32, 64, 128]","[5, 10, 15, 20]","[2, 3, 5, 7]","[2, 4, 8]",anneal,minimize,local
4edkf6m2,46,376,1779134076241,,/home/meliani/nni-experiments/4edkf6m2,7,exp_anneal_1500s_tt_only_tt_only,hpo,/home/meliani/Desktop/phd/fast-track/search_space.json,python3 trial.py --data ./tt_only.csv,/home/meliani/Desktop/phd/fast-track,1,1500s,100000000,False,False,info,/home/meliani/nni-experiments,"['LSTM', 'GRU', 'CNN', 'RNN', 'TCN', 'Transformer', 'MLP']","[16, 32, 64, 128, 256]","[1, 2, 3, 4]","[0, 0.1, 0.2, 0.3, 0.5]","['relu', 'tanh', 'sigmoid', 'elu']","[1e-05, 0.01]","[2, 3, 4, 5, 6, 7, 8, 9, 10, 11, 12, 13, 14, 15, 16, 17, 18, 19, 20, 21, 22, 23, 24, 25, 26, 27, 28, 29, 30]","[16, 32, 64, 128]","[5, 10, 15, 20]","[2, 3, 5, 7]","[2, 4, 8]",anneal,minimize,local
4edkf6m2,47,380,1779134076241,,/home/meliani/nni-experiments/4edkf6m2,7,exp_anneal_1500s_tt_only_tt_only,hpo,/home/meliani/Desktop/phd/fast-track/search_space.json,python3 trial.py --data ./tt_only.csv,/home/meliani/Desktop/phd/fast-track,1,1500s,100000000,False,False,info,/home/meliani/nni-experiments,"['LSTM', 'GRU', 'CNN', 'RNN', 'TCN', 'Transformer', 'MLP']","[16, 32, 64, 128, 256]","[1, 2, 3, 4]","[0, 0.1, 0.2, 0.3, 0.5]","['relu', 'tanh', 'sigmoid', 'elu']","[1e-05, 0.01]","[2, 3, 4, 5, 6, 7, 8, 9, 10, 11, 12, 13, 14, 15, 16, 17, 18, 19, 20, 21, 22, 23, 24, 25, 26, 27, 28, 29, 30]","[16, 32, 64, 128]","[5, 10, 15, 20]","[2, 3, 5, 7]","[2, 4, 8]",anneal,minimize,local
4edkf6m2,48,390,1779134076241,,/home/meliani/nni-experiments/4edkf6m2,7,exp_anneal_1500s_tt_only_tt_only,hpo,/home/meliani/Desktop/phd/fast-track/search_space.json,python3 trial.py --data ./tt_only.csv,/home/meliani/Desktop/phd/fast-track,1,1500s,100000000,False,False,info,/home/meliani/nni-experiments,"['LSTM', 'GRU', 'CNN', 'RNN', 'TCN', 'Transformer', 'MLP']","[16, 32, 64, 128, 256]","[1, 2, 3, 4]","[0, 0.1, 0.2, 0.3, 0.5]","['relu', 'tanh', 'sigmoid', 'elu']","[1e-05, 0.01]","[2, 3, 4, 5, 6, 7, 8, 9, 10, 11, 12, 13, 14, 15, 16, 17, 18, 19, 20, 21, 22, 23, 24, 25, 26, 27, 28, 29, 30]","[16, 32, 64, 128]","[5, 10, 15, 20]","[2, 3, 5, 7]","[2, 4, 8]",anneal,minimize,local
4edkf6m2,49,400,1779134076241,,/home/meliani/nni-experiments/4edkf6m2,7,exp_anneal_1500s_tt_only_tt_only,hpo,/home/meliani/Desktop/phd/fast-track/search_space.json,python3 trial.py --data ./tt_only.csv,/home/meliani/Desktop/phd/fast-track,1,1500s,100000000,False,False,info,/home/meliani/nni-experiments,"['LSTM', 'GRU', 'CNN', 'RNN', 'TCN', 'Transformer', 'MLP']","[16, 32, 64, 128, 256]","[1, 2, 3, 4]","[0, 0.1, 0.2, 0.3, 0.5]","['relu', 'tanh', 'sigmoid', 'elu']","[1e-05, 0.01]","[2, 3, 4, 5, 6, 7, 8, 9, 10, 11, 12, 13, 14, 15, 16, 17, 18, 19, 20, 21, 22, 23, 24, 25, 26, 27, 28, 29, 30]","[16, 32, 64, 128]","[5, 10, 15, 20]","[2, 3, 5, 7]","[2, 4, 8]",anneal,minimize,local
4edkf6m2,50,410,1779134076241,,/home/meliani/nni-experiments/4edkf6m2,7,exp_anneal_1500s_tt_only_tt_only,hpo,/home/meliani/Desktop/phd/fast-track/search_space.json,python3 trial.py --data ./tt_only.csv,/home/meliani/Desktop/phd/fast-track,1,1500s,100000000,False,False,info,/home/meliani/nni-experiments,"['LSTM', 'GRU', 'CNN', 'RNN', 'TCN', 'Transformer', 'MLP']","[16, 32, 64, 128, 256]","[1, 2, 3, 4]","[0, 0.1, 0.2, 0.3, 0.5]","['relu', 'tanh', 'sigmoid', 'elu']","[1e-05, 0.01]","[2, 3, 4, 5, 6, 7, 8, 9, 10, 11, 12, 13, 14, 15, 16, 17, 18, 19, 20, 21, 22, 23, 24, 25, 26, 27, 28, 29, 30]","[16, 32, 64, 128]","[5, 10, 15, 20]","[2, 3, 5, 7]","[2, 4, 8]",anneal,minimize,local
4edkf6m2,51,420,1779134076241,,/home/meliani/nni-experiments/4edkf6m2,7,exp_anneal_1500s_tt_only_tt_only,hpo,/home/meliani/Desktop/phd/fast-track/search_space.json,python3 trial.py --data ./tt_only.csv,/home/meliani/Desktop/phd/fast-track,1,1500s,100000000,False,False,info,/home/meliani/nni-experiments,"['LSTM', 'GRU', 'CNN', 'RNN', 'TCN', 'Transformer', 'MLP']","[16, 32, 64, 128, 256]","[1, 2, 3, 4]","[0, 0.1, 0.2, 0.3, 0.5]","['relu', 'tanh', 'sigmoid', 'elu']","[1e-05, 0.01]","[2, 3, 4, 5, 6, 7, 8, 9, 10, 11, 12, 13, 14, 15, 16, 17, 18, 19, 20, 21, 22, 23, 24, 25, 26, 27, 28, 29, 30]","[16, 32, 64, 128]","[5, 10, 15, 20]","[2, 3, 5, 7]","[2, 4, 8]",anneal,minimize,local
4edkf6m2,52,430,1779134076241,,/home/meliani/nni-experiments/4edkf6m2,7,exp_anneal_1500s_tt_only_tt_only,hpo,/home/meliani/Desktop/phd/fast-track/search_space.json,python3 trial.py --data ./tt_only.csv,/home/meliani/Desktop/phd/fast-track,1,1500s,100000000,False,False,info,/home/meliani/nni-experiments,"['LSTM', 'GRU', 'CNN', 'RNN', 'TCN', 'Transformer', 'MLP']","[16, 32, 64, 128, 256]","[1, 2, 3, 4]","[0, 0.1, 0.2, 0.3, 0.5]","['relu', 'tanh', 'sigmoid', 'elu']","[1e-05, 0.01]","[2, 3, 4, 5, 6, 7, 8, 9, 10, 11, 12, 13, 14, 15, 16, 17, 18, 19, 20, 21, 22, 23, 24, 25, 26, 27, 28, 29, 30]","[16, 32, 64, 128]","[5, 10, 15, 20]","[2, 3, 5, 7]","[2, 4, 8]",anneal,minimize,local
4edkf6m2,53,440,1779134076241,,/home/meliani/nni-experiments/4edkf6m2,7,exp_anneal_1500s_tt_only_tt_only,hpo,/home/meliani/Desktop/phd/fast-track/search_space.json,python3 trial.py --data ./tt_only.csv,/home/meliani/Desktop/phd/fast-track,1,1500s,100000000,False,False,info,/home/meliani/nni-experiments,"['LSTM', 'GRU', 'CNN', 'RNN', 'TCN', 'Transformer', 'MLP']","[16, 32, 64, 128, 256]","[1, 2, 3, 4]","[0, 0.1, 0.2, 0.3, 0.5]","['relu', 'tanh', 'sigmoid', 'elu']","[1e-05, 0.01]","[2, 3, 4, 5, 6, 7, 8, 9, 10, 11, 12, 13, 14, 15, 16, 17, 18, 19, 20, 21, 22, 23, 24, 25, 26, 27, 28, 29, 30]","[16, 32, 64, 128]","[5, 10, 15, 20]","[2, 3, 5, 7]","[2, 4, 8]",anneal,minimize,local
4edkf6m2,54,450,1779134076241,,/home/meliani/nni-experiments/4edkf6m2,7,exp_anneal_1500s_tt_only_tt_only,hpo,/home/meliani/Desktop/phd/fast-track/search_space.json,python3 trial.py --data ./tt_only.csv,/home/meliani/Desktop/phd/fast-track,1,1500s,100000000,False,False,info,/home/meliani/nni-experiments,"['LSTM', 'GRU', 'CNN', 'RNN', 'TCN', 'Transformer', 'MLP']","[16, 32, 64, 128, 256]","[1, 2, 3, 4]","[0, 0.1, 0.2, 0.3, 0.5]","['relu', 'tanh', 'sigmoid', 'elu']","[1e-05, 0.01]","[2, 3, 4, 5, 6, 7, 8, 9, 10, 11, 12, 13, 14, 15, 16, 17, 18, 19, 20, 21, 22, 23, 24, 25, 26, 27, 28, 29, 30]","[16, 32, 64, 128]","[5, 10, 15, 20]","[2, 3, 5, 7]","[2, 4, 8]",anneal,minimize,local
4edkf6m2,55,460,1779134076241,,/home/meliani/nni-experiments/4edkf6m2,7,exp_anneal_1500s_tt_only_tt_only,hpo,/home/meliani/Desktop/phd/fast-track/search_space.json,python3 trial.py --data ./tt_only.csv,/home/meliani/Desktop/phd/fast-track,1,1500s,100000000,False,False,info,/home/meliani/nni-experiments,"['LSTM', 'GRU', 'CNN', 'RNN', 'TCN', 'Transformer', 'MLP']","[16, 32, 64, 128, 256]","[1, 2, 3, 4]","[0, 0.1, 0.2, 0.3, 0.5]","['relu', 'tanh', 'sigmoid', 'elu']","[1e-05, 0.01]","[2, 3, 4, 5, 6, 7, 8, 9, 10, 11, 12, 13, 14, 15, 16, 17, 18, 19, 20, 21, 22, 23, 24, 25, 26, 27, 28, 29, 30]","[16, 32, 64, 128]","[5, 10, 15, 20]","[2, 3, 5, 7]","[2, 4, 8]",anneal,minimize,local
4edkf6m2,56,470,1779134076241,,/home/meliani/nni-experiments/4edkf6m2,7,exp_anneal_1500s_tt_only_tt_only,hpo,/home/meliani/Desktop/phd/fast-track/search_space.json,python3 trial.py --data ./tt_only.csv,/home/meliani/Desktop/phd/fast-track,1,1500s,100000000,False,False,info,/home/meliani/nni-experiments,"['LSTM', 'GRU', 'CNN', 'RNN', 'TCN', 'Transformer', 'MLP']","[16, 32, 64, 128, 256]","[1, 2, 3, 4]","[0, 0.1, 0.2, 0.3, 0.5]","['relu', 'tanh', 'sigmoid', 'elu']","[1e-05, 0.01]","[2, 3, 4, 5, 6, 7, 8, 9, 10, 11, 12, 13, 14, 15, 16, 17, 18, 19, 20, 21, 22, 23, 24, 25, 26, 27, 28, 29, 30]","[16, 32, 64, 128]","[5, 10, 15, 20]","[2, 3, 5, 7]","[2, 4, 8]",anneal,minimize,local
4edkf6m2,57,480,1779134076241,,/home/meliani/nni-experiments/4edkf6m2,7,exp_anneal_1500s_tt_only_tt_only,hpo,/home/meliani/Desktop/phd/fast-track/search_space.json,python3 trial.py --data ./tt_only.csv,/home/meliani/Desktop/phd/fast-track,1,1500s,100000000,False,False,info,/home/meliani/nni-experiments,"['LSTM', 'GRU', 'CNN', 'RNN', 'TCN', 'Transformer', 'MLP']","[16, 32, 64, 128, 256]","[1, 2, 3, 4]","[0, 0.1, 0.2, 0.3, 0.5]","['relu', 'tanh', 'sigmoid', 'elu']","[1e-05, 0.01]","[2, 3, 4, 5, 6, 7, 8, 9, 10, 11, 12, 13, 14, 15, 16, 17, 18, 19, 20, 21, 22, 23, 24, 25, 26, 27, 28, 29, 30]","[16, 32, 64, 128]","[5, 10, 15, 20]","[2, 3, 5, 7]","[2, 4, 8]",anneal,minimize,local
4edkf6m2,58,490,1779134076241,,/home/meliani/nni-experiments/4edkf6m2,7,exp_anneal_1500s_tt_only_tt_only,hpo,/home/meliani/Desktop/phd/fast-track/search_space.json,python3 trial.py --data ./tt_only.csv,/home/meliani/Desktop/phd/fast-track,1,1500s,100000000,False,False,info,/home/meliani/nni-experiments,"['LSTM', 'GRU', 'CNN', 'RNN', 'TCN', 'Transformer', 'MLP']","[16, 32, 64, 128, 256]","[1, 2, 3, 4]","[0, 0.1, 0.2, 0.3, 0.5]","['relu', 'tanh', 'sigmoid', 'elu']","[1e-05, 0.01]","[2, 3, 4, 5, 6, 7, 8, 9, 10, 11, 12, 13, 14, 15, 16, 17, 18, 19, 20, 21, 22, 23, 24, 25, 26, 27, 28, 29, 30]","[16, 32, 64, 128]","[5, 10, 15, 20]","[2, 3, 5, 7]","[2, 4, 8]",anneal,minimize,local
4edkf6m2,59,500,1779134076241,,/home/meliani/nni-experiments/4edkf6m2,7,exp_anneal_1500s_tt_only_tt_only,hpo,/home/meliani/Desktop/phd/fast-track/search_space.json,python3 trial.py --data ./tt_only.csv,/home/meliani/Desktop/phd/fast-track,1,1500s,100000000,False,False,info,/home/meliani/nni-experiments,"['LSTM', 'GRU', 'CNN', 'RNN', 'TCN', 'Transformer', 'MLP']","[16, 32, 64, 128, 256]","[1, 2, 3, 4]","[0, 0.1, 0.2, 0.3, 0.5]","['relu', 'tanh', 'sigmoid', 'elu']","[1e-05, 0.01]","[2, 3, 4, 5, 6, 7, 8, 9, 10, 11, 12, 13, 14, 15, 16, 17, 18, 19, 20, 21, 22, 23, 24, 25, 26, 27, 28, 29, 30]","[16, 32, 64, 128]","[5, 10, 15, 20]","[2, 3, 5, 7]","[2, 4, 8]",anneal,minimize,local
4edkf6m2,60,507,1779134076241,,/home/meliani/nni-experiments/4edkf6m2,8,exp_anneal_1500s_tt_only_tt_only,hpo,/home/meliani/Desktop/phd/fast-track/search_space.json,python3 trial.py --data ./tt_only.csv,/home/meliani/Desktop/phd/fast-track,1,1500s,100000000,False,False,info,/home/meliani/nni-experiments,"['LSTM', 'GRU', 'CNN', 'RNN', 'TCN', 'Transformer', 'MLP']","[16, 32, 64, 128, 256]","[1, 2, 3, 4]","[0, 0.1, 0.2, 0.3, 0.5]","['relu', 'tanh', 'sigmoid', 'elu']","[1e-05, 0.01]","[2, 3, 4, 5, 6, 7, 8, 9, 10, 11, 12, 13, 14, 15, 16, 17, 18, 19, 20, 21, 22, 23, 24, 25, 26, 27, 28, 29, 30]","[16, 32, 64, 128]","[5, 10, 15, 20]","[2, 3, 5, 7]","[2, 4, 8]",anneal,minimize,local
4edkf6m2,61,510,1779134076241,,/home/meliani/nni-experiments/4edkf6m2,8,exp_anneal_1500s_tt_only_tt_only,hpo,/home/meliani/Desktop/phd/fast-track/search_space.json,python3 trial.py --data ./tt_only.csv,/home/meliani/Desktop/phd/fast-track,1,1500s,100000000,False,False,info,/home/meliani/nni-experiments,"['LSTM', 'GRU', 'CNN', 'RNN', 'TCN', 'Transformer', 'MLP']","[16, 32, 64, 128, 256]","[1, 2, 3, 4]","[0, 0.1, 0.2, 0.3, 0.5]","['relu', 'tanh', 'sigmoid', 'elu']","[1e-05, 0.01]","[2, 3, 4, 5, 6, 7, 8, 9, 10, 11, 12, 13, 14, 15, 16, 17, 18, 19, 20, 21, 22, 23, 24, 25, 26, 27, 28, 29, 30]","[16, 32, 64, 128]","[5, 10, 15, 20]","[2, 3, 5, 7]","[2, 4, 8]",anneal,minimize,local
4edkf6m2,62,520,1779134076241,,/home/meliani/nni-experiments/4edkf6m2,8,exp_anneal_1500s_tt_only_tt_only,hpo,/home/meliani/Desktop/phd/fast-track/search_space.json,python3 trial.py --data ./tt_only.csv,/home/meliani/Desktop/phd/fast-track,1,1500s,100000000,False,False,info,/home/meliani/nni-experiments,"['LSTM', 'GRU', 'CNN', 'RNN', 'TCN', 'Transformer', 'MLP']","[16, 32, 64, 128, 256]","[1, 2, 3, 4]","[0, 0.1, 0.2, 0.3, 0.5]","['relu', 'tanh', 'sigmoid', 'elu']","[1e-05, 0.01]","[2, 3, 4, 5, 6, 7, 8, 9, 10, 11, 12, 13, 14, 15, 16, 17, 18, 19, 20, 21, 22, 23, 24, 25, 26, 27, 28, 29, 30]","[16, 32, 64, 128]","[5, 10, 15, 20]","[2, 3, 5, 7]","[2, 4, 8]",anneal,minimize,local
4edkf6m2,63,530,1779134076241,,/home/meliani/nni-experiments/4edkf6m2,8,exp_anneal_1500s_tt_only_tt_only,hpo,/home/meliani/Desktop/phd/fast-track/search_space.json,python3 trial.py --data ./tt_only.csv,/home/meliani/Desktop/phd/fast-track,1,1500s,100000000,False,False,info,/home/meliani/nni-experiments,"['LSTM', 'GRU', 'CNN', 'RNN', 'TCN', 'Transformer', 'MLP']","[16, 32, 64, 128, 256]","[1, 2, 3, 4]","[0, 0.1, 0.2, 0.3, 0.5]","['relu', 'tanh', 'sigmoid', 'elu']","[1e-05, 0.01]","[2, 3, 4, 5, 6, 7, 8, 9, 10, 11, 12, 13, 14, 15, 16, 17, 18, 19, 20, 21, 22, 23, 24, 25, 26, 27, 28, 29, 30]","[16, 32, 64, 128]","[5, 10, 15, 20]","[2, 3, 5, 7]","[2, 4, 8]",anneal,minimize,local
4edkf6m2,64,540,1779134076241,,/home/meliani/nni-experiments/4edkf6m2,8,exp_anneal_1500s_tt_only_tt_only,hpo,/home/meliani/Desktop/phd/fast-track/search_space.json,python3 trial.py --data ./tt_only.csv,/home/meliani/Desktop/phd/fast-track,1,1500s,100000000,False,False,info,/home/meliani/nni-experiments,"['LSTM', 'GRU', 'CNN', 'RNN', 'TCN', 'Transformer', 'MLP']","[16, 32, 64, 128, 256]","[1, 2, 3, 4]","[0, 0.1, 0.2, 0.3, 0.5]","['relu', 'tanh', 'sigmoid', 'elu']","[1e-05, 0.01]","[2, 3, 4, 5, 6, 7, 8, 9, 10, 11, 12, 13, 14, 15, 16, 17, 18, 19, 20, 21, 22, 23, 24, 25, 26, 27, 28, 29, 30]","[16, 32, 64, 128]","[5, 10, 15, 20]","[2, 3, 5, 7]","[2, 4, 8]",anneal,minimize,local
4edkf6m2,65,550,1779134076241,,/home/meliani/nni-experiments/4edkf6m2,8,exp_anneal_1500s_tt_only_tt_only,hpo,/home/meliani/Desktop/phd/fast-track/search_space.json,python3 trial.py --data ./tt_only.csv,/home/meliani/Desktop/phd/fast-track,1,1500s,100000000,False,False,info,/home/meliani/nni-experiments,"['LSTM', 'GRU', 'CNN', 'RNN', 'TCN', 'Transformer', 'MLP']","[16, 32, 64, 128, 256]","[1, 2, 3, 4]","[0, 0.1, 0.2, 0.3, 0.5]","['relu', 'tanh', 'sigmoid', 'elu']","[1e-05, 0.01]","[2, 3, 4, 5, 6, 7, 8, 9, 10, 11, 12, 13, 14, 15, 16, 17, 18, 19, 20, 21, 22, 23, 24, 25, 26, 27, 28, 29, 30]","[16, 32, 64, 128]","[5, 10, 15, 20]","[2, 3, 5, 7]","[2, 4, 8]",anneal,minimize,local
4edkf6m2,66,553,1779134076241,,/home/meliani/nni-experiments/4edkf6m2,9,exp_anneal_1500s_tt_only_tt_only,hpo,/home/meliani/Desktop/phd/fast-track/search_space.json,python3 trial.py --data ./tt_only.csv,/home/meliani/Desktop/phd/fast-track,1,1500s,100000000,False,False,info,/home/meliani/nni-experiments,"['LSTM', 'GRU', 'CNN', 'RNN', 'TCN', 'Transformer', 'MLP']","[16, 32, 64, 128, 256]","[1, 2, 3, 4]","[0, 0.1, 0.2, 0.3, 0.5]","['relu', 'tanh', 'sigmoid', 'elu']","[1e-05, 0.01]","[2, 3, 4, 5, 6, 7, 8, 9, 10, 11, 12, 13, 14, 15, 16, 17, 18, 19, 20, 21, 22, 23, 24, 25, 26, 27, 28, 29, 30]","[16, 32, 64, 128]","[5, 10, 15, 20]","[2, 3, 5, 7]","[2, 4, 8]",anneal,minimize,local
4edkf6m2,67,560,1779134076241,,/home/meliani/nni-experiments/4edkf6m2,9,exp_anneal_1500s_tt_only_tt_only,hpo,/home/meliani/Desktop/phd/fast-track/search_space.json,python3 trial.py --data ./tt_only.csv,/home/meliani/Desktop/phd/fast-track,1,1500s,100000000,False,False,info,/home/meliani/nni-experiments,"['LSTM', 'GRU', 'CNN', 'RNN', 'TCN', 'Transformer', 'MLP']","[16, 32, 64, 128, 256]","[1, 2, 3, 4]","[0, 0.1, 0.2, 0.3, 0.5]","['relu', 'tanh', 'sigmoid', 'elu']","[1e-05, 0.01]","[2, 3, 4, 5, 6, 7, 8, 9, 10, 11, 12, 13, 14, 15, 16, 17, 18, 19, 20, 21, 22, 23, 24, 25, 26, 27, 28, 29, 30]","[16, 32, 64, 128]","[5, 10, 15, 20]","[2, 3, 5, 7]","[2, 4, 8]",anneal,minimize,local
4edkf6m2,68,570,1779134076241,,/home/meliani/nni-experiments/4edkf6m2,9,exp_anneal_1500s_tt_only_tt_only,hpo,/home/meliani/Desktop/phd/fast-track/search_space.json,python3 trial.py --data ./tt_only.csv,/home/meliani/Desktop/phd/fast-track,1,1500s,100000000,False,False,info,/home/meliani/nni-experiments,"['LSTM', 'GRU', 'CNN', 'RNN', 'TCN', 'Transformer', 'MLP']","[16, 32, 64, 128, 256]","[1, 2, 3, 4]","[0, 0.1, 0.2, 0.3, 0.5]","['relu', 'tanh', 'sigmoid', 'elu']","[1e-05, 0.01]","[2, 3, 4, 5, 6, 7, 8, 9, 10, 11, 12, 13, 14, 15, 16, 17, 18, 19, 20, 21, 22, 23, 24, 25, 26, 27, 28, 29, 30]","[16, 32, 64, 128]","[5, 10, 15, 20]","[2, 3, 5, 7]","[2, 4, 8]",anneal,minimize,local
4edkf6m2,69,580,1779134076241,,/home/meliani/nni-experiments/4edkf6m2,9,exp_anneal_1500s_tt_only_tt_only,hpo,/home/meliani/Desktop/phd/fast-track/search_space.json,python3 trial.py --data ./tt_only.csv,/home/meliani/Desktop/phd/fast-track,1,1500s,100000000,False,False,info,/home/meliani/nni-experiments,"['LSTM', 'GRU', 'CNN', 'RNN', 'TCN', 'Transformer', 'MLP']","[16, 32, 64, 128, 256]","[1, 2, 3, 4]","[0, 0.1, 0.2, 0.3, 0.5]","['relu', 'tanh', 'sigmoid', 'elu']","[1e-05, 0.01]","[2, 3, 4, 5, 6, 7, 8, 9, 10, 11, 12, 13, 14, 15, 16, 17, 18, 19, 20, 21, 22, 23, 24, 25, 26, 27, 28, 29, 30]","[16, 32, 64, 128]","[5, 10, 15, 20]","[2, 3, 5, 7]","[2, 4, 8]",anneal,minimize,local
4edkf6m2,70,590,1779134076241,,/home/meliani/nni-experiments/4edkf6m2,9,exp_anneal_1500s_tt_only_tt_only,hpo,/home/meliani/Desktop/phd/fast-track/search_space.json,python3 trial.py --data ./tt_only.csv,/home/meliani/Desktop/phd/fast-track,1,1500s,100000000,False,False,info,/home/meliani/nni-experiments,"['LSTM', 'GRU', 'CNN', 'RNN', 'TCN', 'Transformer', 'MLP']","[16, 32, 64, 128, 256]","[1, 2, 3, 4]","[0, 0.1, 0.2, 0.3, 0.5]","['relu', 'tanh', 'sigmoid', 'elu']","[1e-05, 0.01]","[2, 3, 4, 5, 6, 7, 8, 9, 10, 11, 12, 13, 14, 15, 16, 17, 18, 19, 20, 21, 22, 23, 24, 25, 26, 27, 28, 29, 30]","[16, 32, 64, 128]","[5, 10, 15, 20]","[2, 3, 5, 7]","[2, 4, 8]",anneal,minimize,local
4edkf6m2,71,595,1779134076241,,/home/meliani/nni-experiments/4edkf6m2,10,exp_anneal_1500s_tt_only_tt_only,hpo,/home/meliani/Desktop/phd/fast-track/search_space.json,python3 trial.py --data ./tt_only.csv,/home/meliani/Desktop/phd/fast-track,1,1500s,100000000,False,False,info,/home/meliani/nni-experiments,"['LSTM', 'GRU', 'CNN', 'RNN', 'TCN', 'Transformer', 'MLP']","[16, 32, 64, 128, 256]","[1, 2, 3, 4]","[0, 0.1, 0.2, 0.3, 0.5]","['relu', 'tanh', 'sigmoid', 'elu']","[1e-05, 0.01]","[2, 3, 4, 5, 6, 7, 8, 9, 10, 11, 12, 13, 14, 15, 16, 17, 18, 19, 20, 21, 22, 23, 24, 25, 26, 27, 28, 29, 30]","[16, 32, 64, 128]","[5, 10, 15, 20]","[2, 3, 5, 7]","[2, 4, 8]",anneal,minimize,local
4edkf6m2,72,600,1779134076241,,/home/meliani/nni-experiments/4edkf6m2,10,exp_anneal_1500s_tt_only_tt_only,hpo,/home/meliani/Desktop/phd/fast-track/search_space.json,python3 trial.py --data ./tt_only.csv,/home/meliani/Desktop/phd/fast-track,1,1500s,100000000,False,False,info,/home/meliani/nni-experiments,"['LSTM', 'GRU', 'CNN', 'RNN', 'TCN', 'Transformer', 'MLP']","[16, 32, 64, 128, 256]","[1, 2, 3, 4]","[0, 0.1, 0.2, 0.3, 0.5]","['relu', 'tanh', 'sigmoid', 'elu']","[1e-05, 0.01]","[2, 3, 4, 5, 6, 7, 8, 9, 10, 11, 12, 13, 14, 15, 16, 17, 18, 19, 20, 21, 22, 23, 24, 25, 26, 27, 28, 29, 30]","[16, 32, 64, 128]","[5, 10, 15, 20]","[2, 3, 5, 7]","[2, 4, 8]",anneal,minimize,local
4edkf6m2,73,602,1779134076241,,/home/meliani/nni-experiments/4edkf6m2,11,exp_anneal_1500s_tt_only_tt_only,hpo,/home/meliani/Desktop/phd/fast-track/search_space.json,python3 trial.py --data ./tt_only.csv,/home/meliani/Desktop/phd/fast-track,1,1500s,100000000,False,False,info,/home/meliani/nni-experiments,"['LSTM', 'GRU', 'CNN', 'RNN', 'TCN', 'Transformer', 'MLP']","[16, 32, 64, 128, 256]","[1, 2, 3, 4]","[0, 0.1, 0.2, 0.3, 0.5]","['relu', 'tanh', 'sigmoid', 'elu']","[1e-05, 0.01]","[2, 3, 4, 5, 6, 7, 8, 9, 10, 11, 12, 13, 14, 15, 16, 17, 18, 19, 20, 21, 22, 23, 24, 25, 26, 27, 28, 29, 30]","[16, 32, 64, 128]","[5, 10, 15, 20]","[2, 3, 5, 7]","[2, 4, 8]",anneal,minimize,local
4edkf6m2,74,609,1779134076241,,/home/meliani/nni-experiments/4edkf6m2,12,exp_anneal_1500s_tt_only_tt_only,hpo,/home/meliani/Desktop/phd/fast-track/search_space.json,python3 trial.py --data ./tt_only.csv,/home/meliani/Desktop/phd/fast-track,1,1500s,100000000,False,False,info,/home/meliani/nni-experiments,"['LSTM', 'GRU', 'CNN', 'RNN', 'TCN', 'Transformer', 'MLP']","[16, 32, 64, 128, 256]","[1, 2, 3, 4]","[0, 0.1, 0.2, 0.3, 0.5]","['relu', 'tanh', 'sigmoid', 'elu']","[1e-05, 0.01]","[2, 3, 4, 5, 6, 7, 8, 9, 10, 11, 12, 13, 14, 15, 16, 17, 18, 19, 20, 21, 22, 23, 24, 25, 26, 27, 28, 29, 30]","[16, 32, 64, 128]","[5, 10, 15, 20]","[2, 3, 5, 7]","[2, 4, 8]",anneal,minimize,local
4edkf6m2,75,610,1779134076241,,/home/meliani/nni-experiments/4edkf6m2,12,exp_anneal_1500s_tt_only_tt_only,hpo,/home/meliani/Desktop/phd/fast-track/search_space.json,python3 trial.py --data ./tt_only.csv,/home/meliani/Desktop/phd/fast-track,1,1500s,100000000,False,False,info,/home/meliani/nni-experiments,"['LSTM', 'GRU', 'CNN', 'RNN', 'TCN', 'Transformer', 'MLP']","[16, 32, 64, 128, 256]","[1, 2, 3, 4]","[0, 0.1, 0.2, 0.3, 0.5]","['relu', 'tanh', 'sigmoid', 'elu']","[1e-05, 0.01]","[2, 3, 4, 5, 6, 7, 8, 9, 10, 11, 12, 13, 14, 15, 16, 17, 18, 19, 20, 21, 22, 23, 24, 25, 26, 27, 28, 29, 30]","[16, 32, 64, 128]","[5, 10, 15, 20]","[2, 3, 5, 7]","[2, 4, 8]",anneal,minimize,local
4edkf6m2,76,615,1779134076241,,/home/meliani/nni-experiments/4edkf6m2,13,exp_anneal_1500s_tt_only_tt_only,hpo,/home/meliani/Desktop/phd/fast-track/search_space.json,python3 trial.py --data ./tt_only.csv,/home/meliani/Desktop/phd/fast-track,1,1500s,100000000,False,False,info,/home/meliani/nni-experiments,"['LSTM', 'GRU', 'CNN', 'RNN', 'TCN', 'Transformer', 'MLP']","[16, 32, 64, 128, 256]","[1, 2, 3, 4]","[0, 0.1, 0.2, 0.3, 0.5]","['relu', 'tanh', 'sigmoid', 'elu']","[1e-05, 0.01]","[2, 3, 4, 5, 6, 7, 8, 9, 10, 11, 12, 13, 14, 15, 16, 17, 18, 19, 20, 21, 22, 23, 24, 25, 26, 27, 28, 29, 30]","[16, 32, 64, 128]","[5, 10, 15, 20]","[2, 3, 5, 7]","[2, 4, 8]",anneal,minimize,local
4edkf6m2,77,620,1779134076241,,/home/meliani/nni-experiments/4edkf6m2,13,exp_anneal_1500s_tt_only_tt_only,hpo,/home/meliani/Desktop/phd/fast-track/search_space.json,python3 trial.py --data ./tt_only.csv,/home/meliani/Desktop/phd/fast-track,1,1500s,100000000,False,False,info,/home/meliani/nni-experiments,"['LSTM', 'GRU', 'CNN', 'RNN', 'TCN', 'Transformer', 'MLP']","[16, 32, 64, 128, 256]","[1, 2, 3, 4]","[0, 0.1, 0.2, 0.3, 0.5]","['relu', 'tanh', 'sigmoid', 'elu']","[1e-05, 0.01]","[2, 3, 4, 5, 6, 7, 8, 9, 10, 11, 12, 13, 14, 15, 16, 17, 18, 19, 20, 21, 22, 23, 24, 25, 26, 27, 28, 29, 30]","[16, 32, 64, 128]","[5, 10, 15, 20]","[2, 3, 5, 7]","[2, 4, 8]",anneal,minimize,local
4edkf6m2,78,630,1779134076241,,/home/meliani/nni-experiments/4edkf6m2,13,exp_anneal_1500s_tt_only_tt_only,hpo,/home/meliani/Desktop/phd/fast-track/search_space.json,python3 trial.py --data ./tt_only.csv,/home/meliani/Desktop/phd/fast-track,1,1500s,100000000,False,False,info,/home/meliani/nni-experiments,"['LSTM', 'GRU', 'CNN', 'RNN', 'TCN', 'Transformer', 'MLP']","[16, 32, 64, 128, 256]","[1, 2, 3, 4]","[0, 0.1, 0.2, 0.3, 0.5]","['relu', 'tanh', 'sigmoid', 'elu']","[1e-05, 0.01]","[2, 3, 4, 5, 6, 7, 8, 9, 10, 11, 12, 13, 14, 15, 16, 17, 18, 19, 20, 21, 22, 23, 24, 25, 26, 27, 28, 29, 30]","[16, 32, 64, 128]","[5, 10, 15, 20]","[2, 3, 5, 7]","[2, 4, 8]",anneal,minimize,local
4edkf6m2,79,640,1779134076241,,/home/meliani/nni-experiments/4edkf6m2,13,exp_anneal_1500s_tt_only_tt_only,hpo,/home/meliani/Desktop/phd/fast-track/search_space.json,python3 trial.py --data ./tt_only.csv,/home/meliani/Desktop/phd/fast-track,1,1500s,100000000,False,False,info,/home/meliani/nni-experiments,"['LSTM', 'GRU', 'CNN', 'RNN', 'TCN', 'Transformer', 'MLP']","[16, 32, 64, 128, 256]","[1, 2, 3, 4]","[0, 0.1, 0.2, 0.3, 0.5]","['relu', 'tanh', 'sigmoid', 'elu']","[1e-05, 0.01]","[2, 3, 4, 5, 6, 7, 8, 9, 10, 11, 12, 13, 14, 15, 16, 17, 18, 19, 20, 21, 22, 23, 24, 25, 26, 27, 28, 29, 30]","[16, 32, 64, 128]","[5, 10, 15, 20]","[2, 3, 5, 7]","[2, 4, 8]",anneal,minimize,local
4edkf6m2,80,650,1779134076241,,/home/meliani/nni-experiments/4edkf6m2,13,exp_anneal_1500s_tt_only_tt_only,hpo,/home/meliani/Desktop/phd/fast-track/search_space.json,python3 trial.py --data ./tt_only.csv,/home/meliani/Desktop/phd/fast-track,1,1500s,100000000,False,False,info,/home/meliani/nni-experiments,"['LSTM', 'GRU', 'CNN', 'RNN', 'TCN', 'Transformer', 'MLP']","[16, 32, 64, 128, 256]","[1, 2, 3, 4]","[0, 0.1, 0.2, 0.3, 0.5]","['relu', 'tanh', 'sigmoid', 'elu']","[1e-05, 0.01]","[2, 3, 4, 5, 6, 7, 8, 9, 10, 11, 12, 13, 14, 15, 16, 17, 18, 19, 20, 21, 22, 23, 24, 25, 26, 27, 28, 29, 30]","[16, 32, 64, 128]","[5, 10, 15, 20]","[2, 3, 5, 7]","[2, 4, 8]",anneal,minimize,local
4edkf6m2,81,660,1779134076241,,/home/meliani/nni-experiments/4edkf6m2,13,exp_anneal_1500s_tt_only_tt_only,hpo,/home/meliani/Desktop/phd/fast-track/search_space.json,python3 trial.py --data ./tt_only.csv,/home/meliani/Desktop/phd/fast-track,1,1500s,100000000,False,False,info,/home/meliani/nni-experiments,"['LSTM', 'GRU', 'CNN', 'RNN', 'TCN', 'Transformer', 'MLP']","[16, 32, 64, 128, 256]","[1, 2, 3, 4]","[0, 0.1, 0.2, 0.3, 0.5]","['relu', 'tanh', 'sigmoid', 'elu']","[1e-05, 0.01]","[2, 3, 4, 5, 6, 7, 8, 9, 10, 11, 12, 13, 14, 15, 16, 17, 18, 19, 20, 21, 22, 23, 24, 25, 26, 27, 28, 29, 30]","[16, 32, 64, 128]","[5, 10, 15, 20]","[2, 3, 5, 7]","[2, 4, 8]",anneal,minimize,local
4edkf6m2,82,668,1779134076241,,/home/meliani/nni-experiments/4edkf6m2,14,exp_anneal_1500s_tt_only_tt_only,hpo,/home/meliani/Desktop/phd/fast-track/search_space.json,python3 trial.py --data ./tt_only.csv,/home/meliani/Desktop/phd/fast-track,1,1500s,100000000,False,False,info,/home/meliani/nni-experiments,"['LSTM', 'GRU', 'CNN', 'RNN', 'TCN', 'Transformer', 'MLP']","[16, 32, 64, 128, 256]","[1, 2, 3, 4]","[0, 0.1, 0.2, 0.3, 0.5]","['relu', 'tanh', 'sigmoid', 'elu']","[1e-05, 0.01]","[2, 3, 4, 5, 6, 7, 8, 9, 10, 11, 12, 13, 14, 15, 16, 17, 18, 19, 20, 21, 22, 23, 24, 25, 26, 27, 28, 29, 30]","[16, 32, 64, 128]","[5, 10, 15, 20]","[2, 3, 5, 7]","[2, 4, 8]",anneal,minimize,local
4edkf6m2,83,670,1779134076241,,/home/meliani/nni-experiments/4edkf6m2,14,exp_anneal_1500s_tt_only_tt_only,hpo,/home/meliani/Desktop/phd/fast-track/search_space.json,python3 trial.py --data ./tt_only.csv,/home/meliani/Desktop/phd/fast-track,1,1500s,100000000,False,False,info,/home/meliani/nni-experiments,"['LSTM', 'GRU', 'CNN', 'RNN', 'TCN', 'Transformer', 'MLP']","[16, 32, 64, 128, 256]","[1, 2, 3, 4]","[0, 0.1, 0.2, 0.3, 0.5]","['relu', 'tanh', 'sigmoid', 'elu']","[1e-05, 0.01]","[2, 3, 4, 5, 6, 7, 8, 9, 10, 11, 12, 13, 14, 15, 16, 17, 18, 19, 20, 21, 22, 23, 24, 25, 26, 27, 28, 29, 30]","[16, 32, 64, 128]","[5, 10, 15, 20]","[2, 3, 5, 7]","[2, 4, 8]",anneal,minimize,local
4edkf6m2,84,674,1779134076241,,/home/meliani/nni-experiments/4edkf6m2,15,exp_anneal_1500s_tt_only_tt_only,hpo,/home/meliani/Desktop/phd/fast-track/search_space.json,python3 trial.py --data ./tt_only.csv,/home/meliani/Desktop/phd/fast-track,1,1500s,100000000,False,False,info,/home/meliani/nni-experiments,"['LSTM', 'GRU', 'CNN', 'RNN', 'TCN', 'Transformer', 'MLP']","[16, 32, 64, 128, 256]","[1, 2, 3, 4]","[0, 0.1, 0.2, 0.3, 0.5]","['relu', 'tanh', 'sigmoid', 'elu']","[1e-05, 0.01]","[2, 3, 4, 5, 6, 7, 8, 9, 10, 11, 12, 13, 14, 15, 16, 17, 18, 19, 20, 21, 22, 23, 24, 25, 26, 27, 28, 29, 30]","[16, 32, 64, 128]","[5, 10, 15, 20]","[2, 3, 5, 7]","[2, 4, 8]",anneal,minimize,local
4edkf6m2,85,679,1779134076241,,/home/meliani/nni-experiments/4edkf6m2,16,exp_anneal_1500s_tt_only_tt_only,hpo,/home/meliani/Desktop/phd/fast-track/search_space.json,python3 trial.py --data ./tt_only.csv,/home/meliani/Desktop/phd/fast-track,1,1500s,100000000,False,False,info,/home/meliani/nni-experiments,"['LSTM', 'GRU', 'CNN', 'RNN', 'TCN', 'Transformer', 'MLP']","[16, 32, 64, 128, 256]","[1, 2, 3, 4]","[0, 0.1, 0.2, 0.3, 0.5]","['relu', 'tanh', 'sigmoid', 'elu']","[1e-05, 0.01]","[2, 3, 4, 5, 6, 7, 8, 9, 10, 11, 12, 13, 14, 15, 16, 17, 18, 19, 20, 21, 22, 23, 24, 25, 26, 27, 28, 29, 30]","[16, 32, 64, 128]","[5, 10, 15, 20]","[2, 3, 5, 7]","[2, 4, 8]",anneal,minimize,local
4edkf6m2,86,680,1779134076241,,/home/meliani/nni-experiments/4edkf6m2,16,exp_anneal_1500s_tt_only_tt_only,hpo,/home/meliani/Desktop/phd/fast-track/search_space.json,python3 trial.py --data ./tt_only.csv,/home/meliani/Desktop/phd/fast-track,1,1500s,100000000,False,False,info,/home/meliani/nni-experiments,"['LSTM', 'GRU', 'CNN', 'RNN', 'TCN', 'Transformer', 'MLP']","[16, 32, 64, 128, 256]","[1, 2, 3, 4]","[0, 0.1, 0.2, 0.3, 0.5]","['relu', 'tanh', 'sigmoid', 'elu']","[1e-05, 0.01]","[2, 3, 4, 5, 6, 7, 8, 9, 10, 11, 12, 13, 14, 15, 16, 17, 18, 19, 20, 21, 22, 23, 24, 25, 26, 27, 28, 29, 30]","[16, 32, 64, 128]","[5, 10, 15, 20]","[2, 3, 5, 7]","[2, 4, 8]",anneal,minimize,local
4edkf6m2,87,685,1779134076241,,/home/meliani/nni-experiments/4edkf6m2,17,exp_anneal_1500s_tt_only_tt_only,hpo,/home/meliani/Desktop/phd/fast-track/search_space.json,python3 trial.py --data ./tt_only.csv,/home/meliani/Desktop/phd/fast-track,1,1500s,100000000,False,False,info,/home/meliani/nni-experiments,"['LSTM', 'GRU', 'CNN', 'RNN', 'TCN', 'Transformer', 'MLP']","[16, 32, 64, 128, 256]","[1, 2, 3, 4]","[0, 0.1, 0.2, 0.3, 0.5]","['relu', 'tanh', 'sigmoid', 'elu']","[1e-05, 0.01]","[2, 3, 4, 5, 6, 7, 8, 9, 10, 11, 12, 13, 14, 15, 16, 17, 18, 19, 20, 21, 22, 23, 24, 25, 26, 27, 28, 29, 30]","[16, 32, 64, 128]","[5, 10, 15, 20]","[2, 3, 5, 7]","[2, 4, 8]",anneal,minimize,local
4edkf6m2,88,690,1779134076241,,/home/meliani/nni-experiments/4edkf6m2,17,exp_anneal_1500s_tt_only_tt_only,hpo,/home/meliani/Desktop/phd/fast-track/search_space.json,python3 trial.py --data ./tt_only.csv,/home/meliani/Desktop/phd/fast-track,1,1500s,100000000,False,False,info,/home/meliani/nni-experiments,"['LSTM', 'GRU', 'CNN', 'RNN', 'TCN', 'Transformer', 'MLP']","[16, 32, 64, 128, 256]","[1, 2, 3, 4]","[0, 0.1, 0.2, 0.3, 0.5]","['relu', 'tanh', 'sigmoid', 'elu']","[1e-05, 0.01]","[2, 3, 4, 5, 6, 7, 8, 9, 10, 11, 12, 13, 14, 15, 16, 17, 18, 19, 20, 21, 22, 23, 24, 25, 26, 27, 28, 29, 30]","[16, 32, 64, 128]","[5, 10, 15, 20]","[2, 3, 5, 7]","[2, 4, 8]",anneal,minimize,local
4edkf6m2,89,691,1779134076241,,/home/meliani/nni-experiments/4edkf6m2,18,exp_anneal_1500s_tt_only_tt_only,hpo,/home/meliani/Desktop/phd/fast-track/search_space.json,python3 trial.py --data ./tt_only.csv,/home/meliani/Desktop/phd/fast-track,1,1500s,100000000,False,False,info,/home/meliani/nni-experiments,"['LSTM', 'GRU', 'CNN', 'RNN', 'TCN', 'Transformer', 'MLP']","[16, 32, 64, 128, 256]","[1, 2, 3, 4]","[0, 0.1, 0.2, 0.3, 0.5]","['relu', 'tanh', 'sigmoid', 'elu']","[1e-05, 0.01]","[2, 3, 4, 5, 6, 7, 8, 9, 10, 11, 12, 13, 14, 15, 16, 17, 18, 19, 20, 21, 22, 23, 24, 25, 26, 27, 28, 29, 30]","[16, 32, 64, 128]","[5, 10, 15, 20]","[2, 3, 5, 7]","[2, 4, 8]",anneal,minimize,local
4edkf6m2,90,700,1779134076241,,/home/meliani/nni-experiments/4edkf6m2,18,exp_anneal_1500s_tt_only_tt_only,hpo,/home/meliani/Desktop/phd/fast-track/search_space.json,python3 trial.py --data ./tt_only.csv,/home/meliani/Desktop/phd/fast-track,1,1500s,100000000,False,False,info,/home/meliani/nni-experiments,"['LSTM', 'GRU', 'CNN', 'RNN', 'TCN', 'Transformer', 'MLP']","[16, 32, 64, 128, 256]","[1, 2, 3, 4]","[0, 0.1, 0.2, 0.3, 0.5]","['relu', 'tanh', 'sigmoid', 'elu']","[1e-05, 0.01]","[2, 3, 4, 5, 6, 7, 8, 9, 10, 11, 12, 13, 14, 15, 16, 17, 18, 19, 20, 21, 22, 23, 24, 25, 26, 27, 28, 29, 30]","[16, 32, 64, 128]","[5, 10, 15, 20]","[2, 3, 5, 7]","[2, 4, 8]",anneal,minimize,local
4edkf6m2,91,710,1779134076241,,/home/meliani/nni-experiments/4edkf6m2,18,exp_anneal_1500s_tt_only_tt_only,hpo,/home/meliani/Desktop/phd/fast-track/search_space.json,python3 trial.py --data ./tt_only.csv,/home/meliani/Desktop/phd/fast-track,1,1500s,100000000,False,False,info,/home/meliani/nni-experiments,"['LSTM', 'GRU', 'CNN', 'RNN', 'TCN', 'Transformer', 'MLP']","[16, 32, 64, 128, 256]","[1, 2, 3, 4]","[0, 0.1, 0.2, 0.3, 0.5]","['relu', 'tanh', 'sigmoid', 'elu']","[1e-05, 0.01]","[2, 3, 4, 5, 6, 7, 8, 9, 10, 11, 12, 13, 14, 15, 16, 17, 18, 19, 20, 21, 22, 23, 24, 25, 26, 27, 28, 29, 30]","[16, 32, 64, 128]","[5, 10, 15, 20]","[2, 3, 5, 7]","[2, 4, 8]",anneal,minimize,local
4edkf6m2,92,720,1779134076241,,/home/meliani/nni-experiments/4edkf6m2,18,exp_anneal_1500s_tt_only_tt_only,hpo,/home/meliani/Desktop/phd/fast-track/search_space.json,python3 trial.py --data ./tt_only.csv,/home/meliani/Desktop/phd/fast-track,1,1500s,100000000,False,False,info,/home/meliani/nni-experiments,"['LSTM', 'GRU', 'CNN', 'RNN', 'TCN', 'Transformer', 'MLP']","[16, 32, 64, 128, 256]","[1, 2, 3, 4]","[0, 0.1, 0.2, 0.3, 0.5]","['relu', 'tanh', 'sigmoid', 'elu']","[1e-05, 0.01]","[2, 3, 4, 5, 6, 7, 8, 9, 10, 11, 12, 13, 14, 15, 16, 17, 18, 19, 20, 21, 22, 23, 24, 25, 26, 27, 28, 29, 30]","[16, 32, 64, 128]","[5, 10, 15, 20]","[2, 3, 5, 7]","[2, 4, 8]",anneal,minimize,local
4edkf6m2,93,730,1779134076241,,/home/meliani/nni-experiments/4edkf6m2,18,exp_anneal_1500s_tt_only_tt_only,hpo,/home/meliani/Desktop/phd/fast-track/search_space.json,python3 trial.py --data ./tt_only.csv,/home/meliani/Desktop/phd/fast-track,1,1500s,100000000,False,False,info,/home/meliani/nni-experiments,"['LSTM', 'GRU', 'CNN', 'RNN', 'TCN', 'Transformer', 'MLP']","[16, 32, 64, 128, 256]","[1, 2, 3, 4]","[0, 0.1, 0.2, 0.3, 0.5]","['relu', 'tanh', 'sigmoid', 'elu']","[1e-05, 0.01]","[2, 3, 4, 5, 6, 7, 8, 9, 10, 11, 12, 13, 14, 15, 16, 17, 18, 19, 20, 21, 22, 23, 24, 25, 26, 27, 28, 29, 30]","[16, 32, 64, 128]","[5, 10, 15, 20]","[2, 3, 5, 7]","[2, 4, 8]",anneal,minimize,local
4edkf6m2,94,740,1779134076241,,/home/meliani/nni-experiments/4edkf6m2,18,exp_anneal_1500s_tt_only_tt_only,hpo,/home/meliani/Desktop/phd/fast-track/search_space.json,python3 trial.py --data ./tt_only.csv,/home/meliani/Desktop/phd/fast-track,1,1500s,100000000,False,False,info,/home/meliani/nni-experiments,"['LSTM', 'GRU', 'CNN', 'RNN', 'TCN', 'Transformer', 'MLP']","[16, 32, 64, 128, 256]","[1, 2, 3, 4]","[0, 0.1, 0.2, 0.3, 0.5]","['relu', 'tanh', 'sigmoid', 'elu']","[1e-05, 0.01]","[2, 3, 4, 5, 6, 7, 8, 9, 10, 11, 12, 13, 14, 15, 16, 17, 18, 19, 20, 21, 22, 23, 24, 25, 26, 27, 28, 29, 30]","[16, 32, 64, 128]","[5, 10, 15, 20]","[2, 3, 5, 7]","[2, 4, 8]",anneal,minimize,local
4edkf6m2,95,750,1779134076241,,/home/meliani/nni-experiments/4edkf6m2,18,exp_anneal_1500s_tt_only_tt_only,hpo,/home/meliani/Desktop/phd/fast-track/search_space.json,python3 trial.py --data ./tt_only.csv,/home/meliani/Desktop/phd/fast-track,1,1500s,100000000,False,False,info,/home/meliani/nni-experiments,"['LSTM', 'GRU', 'CNN', 'RNN', 'TCN', 'Transformer', 'MLP']","[16, 32, 64, 128, 256]","[1, 2, 3, 4]","[0, 0.1, 0.2, 0.3, 0.5]","['relu', 'tanh', 'sigmoid', 'elu']","[1e-05, 0.01]","[2, 3, 4, 5, 6, 7, 8, 9, 10, 11, 12, 13, 14, 15, 16, 17, 18, 19, 20, 21, 22, 23, 24, 25, 26, 27, 28, 29, 30]","[16, 32, 64, 128]","[5, 10, 15, 20]","[2, 3, 5, 7]","[2, 4, 8]",anneal,minimize,local
4edkf6m2,96,760,1779134076241,,/home/meliani/nni-experiments/4edkf6m2,18,exp_anneal_1500s_tt_only_tt_only,hpo,/home/meliani/Desktop/phd/fast-track/search_space.json,python3 trial.py --data ./tt_only.csv,/home/meliani/Desktop/phd/fast-track,1,1500s,100000000,False,False,info,/home/meliani/nni-experiments,"['LSTM', 'GRU', 'CNN', 'RNN', 'TCN', 'Transformer', 'MLP']","[16, 32, 64, 128, 256]","[1, 2, 3, 4]","[0, 0.1, 0.2, 0.3, 0.5]","['relu', 'tanh', 'sigmoid', 'elu']","[1e-05, 0.01]","[2, 3, 4, 5, 6, 7, 8, 9, 10, 11, 12, 13, 14, 15, 16, 17, 18, 19, 20, 21, 22, 23, 24, 25, 26, 27, 28, 29, 30]","[16, 32, 64, 128]","[5, 10, 15, 20]","[2, 3, 5, 7]","[2, 4, 8]",anneal,minimize,local
4edkf6m2,97,770,1779134076241,,/home/meliani/nni-experiments/4edkf6m2,18,exp_anneal_1500s_tt_only_tt_only,hpo,/home/meliani/Desktop/phd/fast-track/search_space.json,python3 trial.py --data ./tt_only.csv,/home/meliani/Desktop/phd/fast-track,1,1500s,100000000,False,False,info,/home/meliani/nni-experiments,"['LSTM', 'GRU', 'CNN', 'RNN', 'TCN', 'Transformer', 'MLP']","[16, 32, 64, 128, 256]","[1, 2, 3, 4]","[0, 0.1, 0.2, 0.3, 0.5]","['relu', 'tanh', 'sigmoid', 'elu']","[1e-05, 0.01]","[2, 3, 4, 5, 6, 7, 8, 9, 10, 11, 12, 13, 14, 15, 16, 17, 18, 19, 20, 21, 22, 23, 24, 25, 26, 27, 28, 29, 30]","[16, 32, 64, 128]","[5, 10, 15, 20]","[2, 3, 5, 7]","[2, 4, 8]",anneal,minimize,local
4edkf6m2,98,780,1779134076241,,/home/meliani/nni-experiments/4edkf6m2,18,exp_anneal_1500s_tt_only_tt_only,hpo,/home/meliani/Desktop/phd/fast-track/search_space.json,python3 trial.py --data ./tt_only.csv,/home/meliani/Desktop/phd/fast-track,1,1500s,100000000,False,False,info,/home/meliani/nni-experiments,"['LSTM', 'GRU', 'CNN', 'RNN', 'TCN', 'Transformer', 'MLP']","[16, 32, 64, 128, 256]","[1, 2, 3, 4]","[0, 0.1, 0.2, 0.3, 0.5]","['relu', 'tanh', 'sigmoid', 'elu']","[1e-05, 0.01]","[2, 3, 4, 5, 6, 7, 8, 9, 10, 11, 12, 13, 14, 15, 16, 17, 18, 19, 20, 21, 22, 23, 24, 25, 26, 27, 28, 29, 30]","[16, 32, 64, 128]","[5, 10, 15, 20]","[2, 3, 5, 7]","[2, 4, 8]",anneal,minimize,local
4edkf6m2,99,790,1779134076241,,/home/meliani/nni-experiments/4edkf6m2,18,exp_anneal_1500s_tt_only_tt_only,hpo,/home/meliani/Desktop/phd/fast-track/search_space.json,python3 trial.py --data ./tt_only.csv,/home/meliani/Desktop/phd/fast-track,1,1500s,100000000,False,False,info,/home/meliani/nni-experiments,"['LSTM', 'GRU', 'CNN', 'RNN', 'TCN', 'Transformer', 'MLP']","[16, 32, 64, 128, 256]","[1, 2, 3, 4]","[0, 0.1, 0.2, 0.3, 0.5]","['relu', 'tanh', 'sigmoid', 'elu']","[1e-05, 0.01]","[2, 3, 4, 5, 6, 7, 8, 9, 10, 11, 12, 13, 14, 15, 16, 17, 18, 19, 20, 21, 22, 23, 24, 25, 26, 27, 28, 29, 30]","[16, 32, 64, 128]","[5, 10, 15, 20]","[2, 3, 5, 7]","[2, 4, 8]",anneal,minimize,local
4edkf6m2,100,794,1779134076241,,/home/meliani/nni-experiments/4edkf6m2,19,exp_anneal_1500s_tt_only_tt_only,hpo,/home/meliani/Desktop/phd/fast-track/search_space.json,python3 trial.py --data ./tt_only.csv,/home/meliani/Desktop/phd/fast-track,1,1500s,100000000,False,False,info,/home/meliani/nni-experiments,"['LSTM', 'GRU', 'CNN', 'RNN', 'TCN', 'Transformer', 'MLP']","[16, 32, 64, 128, 256]","[1, 2, 3, 4]","[0, 0.1, 0.2, 0.3, 0.5]","['relu', 'tanh', 'sigmoid', 'elu']","[1e-05, 0.01]","[2, 3, 4, 5, 6, 7, 8, 9, 10, 11, 12, 13, 14, 15, 16, 17, 18, 19, 20, 21, 22, 23, 24, 25, 26, 27, 28, 29, 30]","[16, 32, 64, 128]","[5, 10, 15, 20]","[2, 3, 5, 7]","[2, 4, 8]",anneal,minimize,local
4edkf6m2,101,800,1779134076241,,/home/meliani/nni-experiments/4edkf6m2,19,exp_anneal_1500s_tt_only_tt_only,hpo,/home/meliani/Desktop/phd/fast-track/search_space.json,python3 trial.py --data ./tt_only.csv,/home/meliani/Desktop/phd/fast-track,1,1500s,100000000,False,False,info,/home/meliani/nni-experiments,"['LSTM', 'GRU', 'CNN', 'RNN', 'TCN', 'Transformer', 'MLP']","[16, 32, 64, 128, 256]","[1, 2, 3, 4]","[0, 0.1, 0.2, 0.3, 0.5]","['relu', 'tanh', 'sigmoid', 'elu']","[1e-05, 0.01]","[2, 3, 4, 5, 6, 7, 8, 9, 10, 11, 12, 13, 14, 15, 16, 17, 18, 19, 20, 21, 22, 23, 24, 25, 26, 27, 28, 29, 30]","[16, 32, 64, 128]","[5, 10, 15, 20]","[2, 3, 5, 7]","[2, 4, 8]",anneal,minimize,local
4edkf6m2,102,803,1779134076241,,/home/meliani/nni-experiments/4edkf6m2,20,exp_anneal_1500s_tt_only_tt_only,hpo,/home/meliani/Desktop/phd/fast-track/search_space.json,python3 trial.py --data ./tt_only.csv,/home/meliani/Desktop/phd/fast-track,1,1500s,100000000,False,False,info,/home/meliani/nni-experiments,"['LSTM', 'GRU', 'CNN', 'RNN', 'TCN', 'Transformer', 'MLP']","[16, 32, 64, 128, 256]","[1, 2, 3, 4]","[0, 0.1, 0.2, 0.3, 0.5]","['relu', 'tanh', 'sigmoid', 'elu']","[1e-05, 0.01]","[2, 3, 4, 5, 6, 7, 8, 9, 10, 11, 12, 13, 14, 15, 16, 17, 18, 19, 20, 21, 22, 23, 24, 25, 26, 27, 28, 29, 30]","[16, 32, 64, 128]","[5, 10, 15, 20]","[2, 3, 5, 7]","[2, 4, 8]",anneal,minimize,local
4edkf6m2,103,810,1779134076241,,/home/meliani/nni-experiments/4edkf6m2,20,exp_anneal_1500s_tt_only_tt_only,hpo,/home/meliani/Desktop/phd/fast-track/search_space.json,python3 trial.py --data ./tt_only.csv,/home/meliani/Desktop/phd/fast-track,1,1500s,100000000,False,False,info,/home/meliani/nni-experiments,"['LSTM', 'GRU', 'CNN', 'RNN', 'TCN', 'Transformer', 'MLP']","[16, 32, 64, 128, 256]","[1, 2, 3, 4]","[0, 0.1, 0.2, 0.3, 0.5]","['relu', 'tanh', 'sigmoid', 'elu']","[1e-05, 0.01]","[2, 3, 4, 5, 6, 7, 8, 9, 10, 11, 12, 13, 14, 15, 16, 17, 18, 19, 20, 21, 22, 23, 24, 25, 26, 27, 28, 29, 30]","[16, 32, 64, 128]","[5, 10, 15, 20]","[2, 3, 5, 7]","[2, 4, 8]",anneal,minimize,local
4edkf6m2,104,811,1779134076241,,/home/meliani/nni-experiments/4edkf6m2,21,exp_anneal_1500s_tt_only_tt_only,hpo,/home/meliani/Desktop/phd/fast-track/search_space.json,python3 trial.py --data ./tt_only.csv,/home/meliani/Desktop/phd/fast-track,1,1500s,100000000,False,False,info,/home/meliani/nni-experiments,"['LSTM', 'GRU', 'CNN', 'RNN', 'TCN', 'Transformer', 'MLP']","[16, 32, 64, 128, 256]","[1, 2, 3, 4]","[0, 0.1, 0.2, 0.3, 0.5]","['relu', 'tanh', 'sigmoid', 'elu']","[1e-05, 0.01]","[2, 3, 4, 5, 6, 7, 8, 9, 10, 11, 12, 13, 14, 15, 16, 17, 18, 19, 20, 21, 22, 23, 24, 25, 26, 27, 28, 29, 30]","[16, 32, 64, 128]","[5, 10, 15, 20]","[2, 3, 5, 7]","[2, 4, 8]",anneal,minimize,local
4edkf6m2,105,819,1779134076241,,/home/meliani/nni-experiments/4edkf6m2,22,exp_anneal_1500s_tt_only_tt_only,hpo,/home/meliani/Desktop/phd/fast-track/search_space.json,python3 trial.py --data ./tt_only.csv,/home/meliani/Desktop/phd/fast-track,1,1500s,100000000,False,False,info,/home/meliani/nni-experiments,"['LSTM', 'GRU', 'CNN', 'RNN', 'TCN', 'Transformer', 'MLP']","[16, 32, 64, 128, 256]","[1, 2, 3, 4]","[0, 0.1, 0.2, 0.3, 0.5]","['relu', 'tanh', 'sigmoid', 'elu']","[1e-05, 0.01]","[2, 3, 4, 5, 6, 7, 8, 9, 10, 11, 12, 13, 14, 15, 16, 17, 18, 19, 20, 21, 22, 23, 24, 25, 26, 27, 28, 29, 30]","[16, 32, 64, 128]","[5, 10, 15, 20]","[2, 3, 5, 7]","[2, 4, 8]",anneal,minimize,local
4edkf6m2,106,820,1779134076241,,/home/meliani/nni-experiments/4edkf6m2,22,exp_anneal_1500s_tt_only_tt_only,hpo,/home/meliani/Desktop/phd/fast-track/search_space.json,python3 trial.py --data ./tt_only.csv,/home/meliani/Desktop/phd/fast-track,1,1500s,100000000,False,False,info,/home/meliani/nni-experiments,"['LSTM', 'GRU', 'CNN', 'RNN', 'TCN', 'Transformer', 'MLP']","[16, 32, 64, 128, 256]","[1, 2, 3, 4]","[0, 0.1, 0.2, 0.3, 0.5]","['relu', 'tanh', 'sigmoid', 'elu']","[1e-05, 0.01]","[2, 3, 4, 5, 6, 7, 8, 9, 10, 11, 12, 13, 14, 15, 16, 17, 18, 19, 20, 21, 22, 23, 24, 25, 26, 27, 28, 29, 30]","[16, 32, 64, 128]","[5, 10, 15, 20]","[2, 3, 5, 7]","[2, 4, 8]",anneal,minimize,local
4edkf6m2,107,826,1779134076241,,/home/meliani/nni-experiments/4edkf6m2,23,exp_anneal_1500s_tt_only_tt_only,hpo,/home/meliani/Desktop/phd/fast-track/search_space.json,python3 trial.py --data ./tt_only.csv,/home/meliani/Desktop/phd/fast-track,1,1500s,100000000,False,False,info,/home/meliani/nni-experiments,"['LSTM', 'GRU', 'CNN', 'RNN', 'TCN', 'Transformer', 'MLP']","[16, 32, 64, 128, 256]","[1, 2, 3, 4]","[0, 0.1, 0.2, 0.3, 0.5]","['relu', 'tanh', 'sigmoid', 'elu']","[1e-05, 0.01]","[2, 3, 4, 5, 6, 7, 8, 9, 10, 11, 12, 13, 14, 15, 16, 17, 18, 19, 20, 21, 22, 23, 24, 25, 26, 27, 28, 29, 30]","[16, 32, 64, 128]","[5, 10, 15, 20]","[2, 3, 5, 7]","[2, 4, 8]",anneal,minimize,local
4edkf6m2,108,830,1779134076241,,/home/meliani/nni-experiments/4edkf6m2,23,exp_anneal_1500s_tt_only_tt_only,hpo,/home/meliani/Desktop/phd/fast-track/search_space.json,python3 trial.py --data ./tt_only.csv,/home/meliani/Desktop/phd/fast-track,1,1500s,100000000,False,False,info,/home/meliani/nni-experiments,"['LSTM', 'GRU', 'CNN', 'RNN', 'TCN', 'Transformer', 'MLP']","[16, 32, 64, 128, 256]","[1, 2, 3, 4]","[0, 0.1, 0.2, 0.3, 0.5]","['relu', 'tanh', 'sigmoid', 'elu']","[1e-05, 0.01]","[2, 3, 4, 5, 6, 7, 8, 9, 10, 11, 12, 13, 14, 15, 16, 17, 18, 19, 20, 21, 22, 23, 24, 25, 26, 27, 28, 29, 30]","[16, 32, 64, 128]","[5, 10, 15, 20]","[2, 3, 5, 7]","[2, 4, 8]",anneal,minimize,local
4edkf6m2,109,835,1779134076241,,/home/meliani/nni-experiments/4edkf6m2,24,exp_anneal_1500s_tt_only_tt_only,hpo,/home/meliani/Desktop/phd/fast-track/search_space.json,python3 trial.py --data ./tt_only.csv,/home/meliani/Desktop/phd/fast-track,1,1500s,100000000,False,False,info,/home/meliani/nni-experiments,"['LSTM', 'GRU', 'CNN', 'RNN', 'TCN', 'Transformer', 'MLP']","[16, 32, 64, 128, 256]","[1, 2, 3, 4]","[0, 0.1, 0.2, 0.3, 0.5]","['relu', 'tanh', 'sigmoid', 'elu']","[1e-05, 0.01]","[2, 3, 4, 5, 6, 7, 8, 9, 10, 11, 12, 13, 14, 15, 16, 17, 18, 19, 20, 21, 22, 23, 24, 25, 26, 27, 28, 29, 30]","[16, 32, 64, 128]","[5, 10, 15, 20]","[2, 3, 5, 7]","[2, 4, 8]",anneal,minimize,local
4edkf6m2,110,840,1779134076241,,/home/meliani/nni-experiments/4edkf6m2,24,exp_anneal_1500s_tt_only_tt_only,hpo,/home/meliani/Desktop/phd/fast-track/search_space.json,python3 trial.py --data ./tt_only.csv,/home/meliani/Desktop/phd/fast-track,1,1500s,100000000,False,False,info,/home/meliani/nni-experiments,"['LSTM', 'GRU', 'CNN', 'RNN', 'TCN', 'Transformer', 'MLP']","[16, 32, 64, 128, 256]","[1, 2, 3, 4]","[0, 0.1, 0.2, 0.3, 0.5]","['relu', 'tanh', 'sigmoid', 'elu']","[1e-05, 0.01]","[2, 3, 4, 5, 6, 7, 8, 9, 10, 11, 12, 13, 14, 15, 16, 17, 18, 19, 20, 21, 22, 23, 24, 25, 26, 27, 28, 29, 30]","[16, 32, 64, 128]","[5, 10, 15, 20]","[2, 3, 5, 7]","[2, 4, 8]",anneal,minimize,local
4edkf6m2,111,842,1779134076241,,/home/meliani/nni-experiments/4edkf6m2,25,exp_anneal_1500s_tt_only_tt_only,hpo,/home/meliani/Desktop/phd/fast-track/search_space.json,python3 trial.py --data ./tt_only.csv,/home/meliani/Desktop/phd/fast-track,1,1500s,100000000,False,False,info,/home/meliani/nni-experiments,"['LSTM', 'GRU', 'CNN', 'RNN', 'TCN', 'Transformer', 'MLP']","[16, 32, 64, 128, 256]","[1, 2, 3, 4]","[0, 0.1, 0.2, 0.3, 0.5]","['relu', 'tanh', 'sigmoid', 'elu']","[1e-05, 0.01]","[2, 3, 4, 5, 6, 7, 8, 9, 10, 11, 12, 13, 14, 15, 16, 17, 18, 19, 20, 21, 22, 23, 24, 25, 26, 27, 28, 29, 30]","[16, 32, 64, 128]","[5, 10, 15, 20]","[2, 3, 5, 7]","[2, 4, 8]",anneal,minimize,local
4edkf6m2,112,849,1779134076241,,/home/meliani/nni-experiments/4edkf6m2,26,exp_anneal_1500s_tt_only_tt_only,hpo,/home/meliani/Desktop/phd/fast-track/search_space.json,python3 trial.py --data ./tt_only.csv,/home/meliani/Desktop/phd/fast-track,1,1500s,100000000,False,False,info,/home/meliani/nni-experiments,"['LSTM', 'GRU', 'CNN', 'RNN', 'TCN', 'Transformer', 'MLP']","[16, 32, 64, 128, 256]","[1, 2, 3, 4]","[0, 0.1, 0.2, 0.3, 0.5]","['relu', 'tanh', 'sigmoid', 'elu']","[1e-05, 0.01]","[2, 3, 4, 5, 6, 7, 8, 9, 10, 11, 12, 13, 14, 15, 16, 17, 18, 19, 20, 21, 22, 23, 24, 25, 26, 27, 28, 29, 30]","[16, 32, 64, 128]","[5, 10, 15, 20]","[2, 3, 5, 7]","[2, 4, 8]",anneal,minimize,local
4edkf6m2,113,850,1779134076241,,/home/meliani/nni-experiments/4edkf6m2,26,exp_anneal_1500s_tt_only_tt_only,hpo,/home/meliani/Desktop/phd/fast-track/search_space.json,python3 trial.py --data ./tt_only.csv,/home/meliani/Desktop/phd/fast-track,1,1500s,100000000,False,False,info,/home/meliani/nni-experiments,"['LSTM', 'GRU', 'CNN', 'RNN', 'TCN', 'Transformer', 'MLP']","[16, 32, 64, 128, 256]","[1, 2, 3, 4]","[0, 0.1, 0.2, 0.3, 0.5]","['relu', 'tanh', 'sigmoid', 'elu']","[1e-05, 0.01]","[2, 3, 4, 5, 6, 7, 8, 9, 10, 11, 12, 13, 14, 15, 16, 17, 18, 19, 20, 21, 22, 23, 24, 25, 26, 27, 28, 29, 30]","[16, 32, 64, 128]","[5, 10, 15, 20]","[2, 3, 5, 7]","[2, 4, 8]",anneal,minimize,local
4edkf6m2,114,857,1779134076241,,/home/meliani/nni-experiments/4edkf6m2,27,exp_anneal_1500s_tt_only_tt_only,hpo,/home/meliani/Desktop/phd/fast-track/search_space.json,python3 trial.py --data ./tt_only.csv,/home/meliani/Desktop/phd/fast-track,1,1500s,100000000,False,False,info,/home/meliani/nni-experiments,"['LSTM', 'GRU', 'CNN', 'RNN', 'TCN', 'Transformer', 'MLP']","[16, 32, 64, 128, 256]","[1, 2, 3, 4]","[0, 0.1, 0.2, 0.3, 0.5]","['relu', 'tanh', 'sigmoid', 'elu']","[1e-05, 0.01]","[2, 3, 4, 5, 6, 7, 8, 9, 10, 11, 12, 13, 14, 15, 16, 17, 18, 19, 20, 21, 22, 23, 24, 25, 26, 27, 28, 29, 30]","[16, 32, 64, 128]","[5, 10, 15, 20]","[2, 3, 5, 7]","[2, 4, 8]",anneal,minimize,local
4edkf6m2,115,860,1779134076241,,/home/meliani/nni-experiments/4edkf6m2,27,exp_anneal_1500s_tt_only_tt_only,hpo,/home/meliani/Desktop/phd/fast-track/search_space.json,python3 trial.py --data ./tt_only.csv,/home/meliani/Desktop/phd/fast-track,1,1500s,100000000,False,False,info,/home/meliani/nni-experiments,"['LSTM', 'GRU', 'CNN', 'RNN', 'TCN', 'Transformer', 'MLP']","[16, 32, 64, 128, 256]","[1, 2, 3, 4]","[0, 0.1, 0.2, 0.3, 0.5]","['relu', 'tanh', 'sigmoid', 'elu']","[1e-05, 0.01]","[2, 3, 4, 5, 6, 7, 8, 9, 10, 11, 12, 13, 14, 15, 16, 17, 18, 19, 20, 21, 22, 23, 24, 25, 26, 27, 28, 29, 30]","[16, 32, 64, 128]","[5, 10, 15, 20]","[2, 3, 5, 7]","[2, 4, 8]",anneal,minimize,local
4edkf6m2,116,865,1779134076241,,/home/meliani/nni-experiments/4edkf6m2,28,exp_anneal_1500s_tt_only_tt_only,hpo,/home/meliani/Desktop/phd/fast-track/search_space.json,python3 trial.py --data ./tt_only.csv,/home/meliani/Desktop/phd/fast-track,1,1500s,100000000,False,False,info,/home/meliani/nni-experiments,"['LSTM', 'GRU', 'CNN', 'RNN', 'TCN', 'Transformer', 'MLP']","[16, 32, 64, 128, 256]","[1, 2, 3, 4]","[0, 0.1, 0.2, 0.3, 0.5]","['relu', 'tanh', 'sigmoid', 'elu']","[1e-05, 0.01]","[2, 3, 4, 5, 6, 7, 8, 9, 10, 11, 12, 13, 14, 15, 16, 17, 18, 19, 20, 21, 22, 23, 24, 25, 26, 27, 28, 29, 30]","[16, 32, 64, 128]","[5, 10, 15, 20]","[2, 3, 5, 7]","[2, 4, 8]",anneal,minimize,local
4edkf6m2,117,870,1779134076241,,/home/meliani/nni-experiments/4edkf6m2,28,exp_anneal_1500s_tt_only_tt_only,hpo,/home/meliani/Desktop/phd/fast-track/search_space.json,python3 trial.py --data ./tt_only.csv,/home/meliani/Desktop/phd/fast-track,1,1500s,100000000,False,False,info,/home/meliani/nni-experiments,"['LSTM', 'GRU', 'CNN', 'RNN', 'TCN', 'Transformer', 'MLP']","[16, 32, 64, 128, 256]","[1, 2, 3, 4]","[0, 0.1, 0.2, 0.3, 0.5]","['relu', 'tanh', 'sigmoid', 'elu']","[1e-05, 0.01]","[2, 3, 4, 5, 6, 7, 8, 9, 10, 11, 12, 13, 14, 15, 16, 17, 18, 19, 20, 21, 22, 23, 24, 25, 26, 27, 28, 29, 30]","[16, 32, 64, 128]","[5, 10, 15, 20]","[2, 3, 5, 7]","[2, 4, 8]",anneal,minimize,local
4edkf6m2,118,872,1779134076241,,/home/meliani/nni-experiments/4edkf6m2,29,exp_anneal_1500s_tt_only_tt_only,hpo,/home/meliani/Desktop/phd/fast-track/search_space.json,python3 trial.py --data ./tt_only.csv,/home/meliani/Desktop/phd/fast-track,1,1500s,100000000,False,False,info,/home/meliani/nni-experiments,"['LSTM', 'GRU', 'CNN', 'RNN', 'TCN', 'Transformer', 'MLP']","[16, 32, 64, 128, 256]","[1, 2, 3, 4]","[0, 0.1, 0.2, 0.3, 0.5]","['relu', 'tanh', 'sigmoid', 'elu']","[1e-05, 0.01]","[2, 3, 4, 5, 6, 7, 8, 9, 10, 11, 12, 13, 14, 15, 16, 17, 18, 19, 20, 21, 22, 23, 24, 25, 26, 27, 28, 29, 30]","[16, 32, 64, 128]","[5, 10, 15, 20]","[2, 3, 5, 7]","[2, 4, 8]",anneal,minimize,local
4edkf6m2,119,879,1779134076241,,/home/meliani/nni-experiments/4edkf6m2,30,exp_anneal_1500s_tt_only_tt_only,hpo,/home/meliani/Desktop/phd/fast-track/search_space.json,python3 trial.py --data ./tt_only.csv,/home/meliani/Desktop/phd/fast-track,1,1500s,100000000,False,False,info,/home/meliani/nni-experiments,"['LSTM', 'GRU', 'CNN', 'RNN', 'TCN', 'Transformer', 'MLP']","[16, 32, 64, 128, 256]","[1, 2, 3, 4]","[0, 0.1, 0.2, 0.3, 0.5]","['relu', 'tanh', 'sigmoid', 'elu']","[1e-05, 0.01]","[2, 3, 4, 5, 6, 7, 8, 9, 10, 11, 12, 13, 14, 15, 16, 17, 18, 19, 20, 21, 22, 23, 24, 25, 26, 27, 28, 29, 30]","[16, 32, 64, 128]","[5, 10, 15, 20]","[2, 3, 5, 7]","[2, 4, 8]",anneal,minimize,local
4edkf6m2,120,880,1779134076241,,/home/meliani/nni-experiments/4edkf6m2,30,exp_anneal_1500s_tt_only_tt_only,hpo,/home/meliani/Desktop/phd/fast-track/search_space.json,python3 trial.py --data ./tt_only.csv,/home/meliani/Desktop/phd/fast-track,1,1500s,100000000,False,False,info,/home/meliani/nni-experiments,"['LSTM', 'GRU', 'CNN', 'RNN', 'TCN', 'Transformer', 'MLP']","[16, 32, 64, 128, 256]","[1, 2, 3, 4]","[0, 0.1, 0.2, 0.3, 0.5]","['relu', 'tanh', 'sigmoid', 'elu']","[1e-05, 0.01]","[2, 3, 4, 5, 6, 7, 8, 9, 10, 11, 12, 13, 14, 15, 16, 17, 18, 19, 20, 21, 22, 23, 24, 25, 26, 27, 28, 29, 30]","[16, 32, 64, 128]","[5, 10, 15, 20]","[2, 3, 5, 7]","[2, 4, 8]",anneal,minimize,local
4edkf6m2,121,885,1779134076241,,/home/meliani/nni-experiments/4edkf6m2,31,exp_anneal_1500s_tt_only_tt_only,hpo,/home/meliani/Desktop/phd/fast-track/search_space.json,python3 trial.py --data ./tt_only.csv,/home/meliani/Desktop/phd/fast-track,1,1500s,100000000,False,False,info,/home/meliani/nni-experiments,"['LSTM', 'GRU', 'CNN', 'RNN', 'TCN', 'Transformer', 'MLP']","[16, 32, 64, 128, 256]","[1, 2, 3, 4]","[0, 0.1, 0.2, 0.3, 0.5]","['relu', 'tanh', 'sigmoid', 'elu']","[1e-05, 0.01]","[2, 3, 4, 5, 6, 7, 8, 9, 10, 11, 12, 13, 14, 15, 16, 17, 18, 19, 20, 21, 22, 23, 24, 25, 26, 27, 28, 29, 30]","[16, 32, 64, 128]","[5, 10, 15, 20]","[2, 3, 5, 7]","[2, 4, 8]",anneal,minimize,local
4edkf6m2,122,890,1779134076241,,/home/meliani/nni-experiments/4edkf6m2,31,exp_anneal_1500s_tt_only_tt_only,hpo,/home/meliani/Desktop/phd/fast-track/search_space.json,python3 trial.py --data ./tt_only.csv,/home/meliani/Desktop/phd/fast-track,1,1500s,100000000,False,False,info,/home/meliani/nni-experiments,"['LSTM', 'GRU', 'CNN', 'RNN', 'TCN', 'Transformer', 'MLP']","[16, 32, 64, 128, 256]","[1, 2, 3, 4]","[0, 0.1, 0.2, 0.3, 0.5]","['relu', 'tanh', 'sigmoid', 'elu']","[1e-05, 0.01]","[2, 3, 4, 5, 6, 7, 8, 9, 10, 11, 12, 13, 14, 15, 16, 17, 18, 19, 20, 21, 22, 23, 24, 25, 26, 27, 28, 29, 30]","[16, 32, 64, 128]","[5, 10, 15, 20]","[2, 3, 5, 7]","[2, 4, 8]",anneal,minimize,local
4edkf6m2,123,894,1779134076241,,/home/meliani/nni-experiments/4edkf6m2,32,exp_anneal_1500s_tt_only_tt_only,hpo,/home/meliani/Desktop/phd/fast-track/search_space.json,python3 trial.py --data ./tt_only.csv,/home/meliani/Desktop/phd/fast-track,1,1500s,100000000,False,False,info,/home/meliani/nni-experiments,"['LSTM', 'GRU', 'CNN', 'RNN', 'TCN', 'Transformer', 'MLP']","[16, 32, 64, 128, 256]","[1, 2, 3, 4]","[0, 0.1, 0.2, 0.3, 0.5]","['relu', 'tanh', 'sigmoid', 'elu']","[1e-05, 0.01]","[2, 3, 4, 5, 6, 7, 8, 9, 10, 11, 12, 13, 14, 15, 16, 17, 18, 19, 20, 21, 22, 23, 24, 25, 26, 27, 28, 29, 30]","[16, 32, 64, 128]","[5, 10, 15, 20]","[2, 3, 5, 7]","[2, 4, 8]",anneal,minimize,local
4edkf6m2,124,900,1779134076241,,/home/meliani/nni-experiments/4edkf6m2,32,exp_anneal_1500s_tt_only_tt_only,hpo,/home/meliani/Desktop/phd/fast-track/search_space.json,python3 trial.py --data ./tt_only.csv,/home/meliani/Desktop/phd/fast-track,1,1500s,100000000,False,False,info,/home/meliani/nni-experiments,"['LSTM', 'GRU', 'CNN', 'RNN', 'TCN', 'Transformer', 'MLP']","[16, 32, 64, 128, 256]","[1, 2, 3, 4]","[0, 0.1, 0.2, 0.3, 0.5]","['relu', 'tanh', 'sigmoid', 'elu']","[1e-05, 0.01]","[2, 3, 4, 5, 6, 7, 8, 9, 10, 11, 12, 13, 14, 15, 16, 17, 18, 19, 20, 21, 22, 23, 24, 25, 26, 27, 28, 29, 30]","[16, 32, 64, 128]","[5, 10, 15, 20]","[2, 3, 5, 7]","[2, 4, 8]",anneal,minimize,local
4edkf6m2,125,910,1779134076241,,/home/meliani/nni-experiments/4edkf6m2,32,exp_anneal_1500s_tt_only_tt_only,hpo,/home/meliani/Desktop/phd/fast-track/search_space.json,python3 trial.py --data ./tt_only.csv,/home/meliani/Desktop/phd/fast-track,1,1500s,100000000,False,False,info,/home/meliani/nni-experiments,"['LSTM', 'GRU', 'CNN', 'RNN', 'TCN', 'Transformer', 'MLP']","[16, 32, 64, 128, 256]","[1, 2, 3, 4]","[0, 0.1, 0.2, 0.3, 0.5]","['relu', 'tanh', 'sigmoid', 'elu']","[1e-05, 0.01]","[2, 3, 4, 5, 6, 7, 8, 9, 10, 11, 12, 13, 14, 15, 16, 17, 18, 19, 20, 21, 22, 23, 24, 25, 26, 27, 28, 29, 30]","[16, 32, 64, 128]","[5, 10, 15, 20]","[2, 3, 5, 7]","[2, 4, 8]",anneal,minimize,local
4edkf6m2,126,920,1779134076241,,/home/meliani/nni-experiments/4edkf6m2,32,exp_anneal_1500s_tt_only_tt_only,hpo,/home/meliani/Desktop/phd/fast-track/search_space.json,python3 trial.py --data ./tt_only.csv,/home/meliani/Desktop/phd/fast-track,1,1500s,100000000,False,False,info,/home/meliani/nni-experiments,"['LSTM', 'GRU', 'CNN', 'RNN', 'TCN', 'Transformer', 'MLP']","[16, 32, 64, 128, 256]","[1, 2, 3, 4]","[0, 0.1, 0.2, 0.3, 0.5]","['relu', 'tanh', 'sigmoid', 'elu']","[1e-05, 0.01]","[2, 3, 4, 5, 6, 7, 8, 9, 10, 11, 12, 13, 14, 15, 16, 17, 18, 19, 20, 21, 22, 23, 24, 25, 26, 27, 28, 29, 30]","[16, 32, 64, 128]","[5, 10, 15, 20]","[2, 3, 5, 7]","[2, 4, 8]",anneal,minimize,local
4edkf6m2,127,930,1779134076241,,/home/meliani/nni-experiments/4edkf6m2,32,exp_anneal_1500s_tt_only_tt_only,hpo,/home/meliani/Desktop/phd/fast-track/search_space.json,python3 trial.py --data ./tt_only.csv,/home/meliani/Desktop/phd/fast-track,1,1500s,100000000,False,False,info,/home/meliani/nni-experiments,"['LSTM', 'GRU', 'CNN', 'RNN', 'TCN', 'Transformer', 'MLP']","[16, 32, 64, 128, 256]","[1, 2, 3, 4]","[0, 0.1, 0.2, 0.3, 0.5]","['relu', 'tanh', 'sigmoid', 'elu']","[1e-05, 0.01]","[2, 3, 4, 5, 6, 7, 8, 9, 10, 11, 12, 13, 14, 15, 16, 17, 18, 19, 20, 21, 22, 23, 24, 25, 26, 27, 28, 29, 30]","[16, 32, 64, 128]","[5, 10, 15, 20]","[2, 3, 5, 7]","[2, 4, 8]",anneal,minimize,local
4edkf6m2,128,939,1779134076241,,/home/meliani/nni-experiments/4edkf6m2,33,exp_anneal_1500s_tt_only_tt_only,hpo,/home/meliani/Desktop/phd/fast-track/search_space.json,python3 trial.py --data ./tt_only.csv,/home/meliani/Desktop/phd/fast-track,1,1500s,100000000,False,False,info,/home/meliani/nni-experiments,"['LSTM', 'GRU', 'CNN', 'RNN', 'TCN', 'Transformer', 'MLP']","[16, 32, 64, 128, 256]","[1, 2, 3, 4]","[0, 0.1, 0.2, 0.3, 0.5]","['relu', 'tanh', 'sigmoid', 'elu']","[1e-05, 0.01]","[2, 3, 4, 5, 6, 7, 8, 9, 10, 11, 12, 13, 14, 15, 16, 17, 18, 19, 20, 21, 22, 23, 24, 25, 26, 27, 28, 29, 30]","[16, 32, 64, 128]","[5, 10, 15, 20]","[2, 3, 5, 7]","[2, 4, 8]",anneal,minimize,local
4edkf6m2,129,940,1779134076241,,/home/meliani/nni-experiments/4edkf6m2,33,exp_anneal_1500s_tt_only_tt_only,hpo,/home/meliani/Desktop/phd/fast-track/search_space.json,python3 trial.py --data ./tt_only.csv,/home/meliani/Desktop/phd/fast-track,1,1500s,100000000,False,False,info,/home/meliani/nni-experiments,"['LSTM', 'GRU', 'CNN', 'RNN', 'TCN', 'Transformer', 'MLP']","[16, 32, 64, 128, 256]","[1, 2, 3, 4]","[0, 0.1, 0.2, 0.3, 0.5]","['relu', 'tanh', 'sigmoid', 'elu']","[1e-05, 0.01]","[2, 3, 4, 5, 6, 7, 8, 9, 10, 11, 12, 13, 14, 15, 16, 17, 18, 19, 20, 21, 22, 23, 24, 25, 26, 27, 28, 29, 30]","[16, 32, 64, 128]","[5, 10, 15, 20]","[2, 3, 5, 7]","[2, 4, 8]",anneal,minimize,local
4edkf6m2,130,946,1779134076241,,/home/meliani/nni-experiments/4edkf6m2,34,exp_anneal_1500s_tt_only_tt_only,hpo,/home/meliani/Desktop/phd/fast-track/search_space.json,python3 trial.py --data ./tt_only.csv,/home/meliani/Desktop/phd/fast-track,1,1500s,100000000,False,False,info,/home/meliani/nni-experiments,"['LSTM', 'GRU', 'CNN', 'RNN', 'TCN', 'Transformer', 'MLP']","[16, 32, 64, 128, 256]","[1, 2, 3, 4]","[0, 0.1, 0.2, 0.3, 0.5]","['relu', 'tanh', 'sigmoid', 'elu']","[1e-05, 0.01]","[2, 3, 4, 5, 6, 7, 8, 9, 10, 11, 12, 13, 14, 15, 16, 17, 18, 19, 20, 21, 22, 23, 24, 25, 26, 27, 28, 29, 30]","[16, 32, 64, 128]","[5, 10, 15, 20]","[2, 3, 5, 7]","[2, 4, 8]",anneal,minimize,local
4edkf6m2,131,950,1779134076241,,/home/meliani/nni-experiments/4edkf6m2,34,exp_anneal_1500s_tt_only_tt_only,hpo,/home/meliani/Desktop/phd/fast-track/search_space.json,python3 trial.py --data ./tt_only.csv,/home/meliani/Desktop/phd/fast-track,1,1500s,100000000,False,False,info,/home/meliani/nni-experiments,"['LSTM', 'GRU', 'CNN', 'RNN', 'TCN', 'Transformer', 'MLP']","[16, 32, 64, 128, 256]","[1, 2, 3, 4]","[0, 0.1, 0.2, 0.3, 0.5]","['relu', 'tanh', 'sigmoid', 'elu']","[1e-05, 0.01]","[2, 3, 4, 5, 6, 7, 8, 9, 10, 11, 12, 13, 14, 15, 16, 17, 18, 19, 20, 21, 22, 23, 24, 25, 26, 27, 28, 29, 30]","[16, 32, 64, 128]","[5, 10, 15, 20]","[2, 3, 5, 7]","[2, 4, 8]",anneal,minimize,local
4edkf6m2,132,960,1779134076241,,/home/meliani/nni-experiments/4edkf6m2,34,exp_anneal_1500s_tt_only_tt_only,hpo,/home/meliani/Desktop/phd/fast-track/search_space.json,python3 trial.py --data ./tt_only.csv,/home/meliani/Desktop/phd/fast-track,1,1500s,100000000,False,False,info,/home/meliani/nni-experiments,"['LSTM', 'GRU', 'CNN', 'RNN', 'TCN', 'Transformer', 'MLP']","[16, 32, 64, 128, 256]","[1, 2, 3, 4]","[0, 0.1, 0.2, 0.3, 0.5]","['relu', 'tanh', 'sigmoid', 'elu']","[1e-05, 0.01]","[2, 3, 4, 5, 6, 7, 8, 9, 10, 11, 12, 13, 14, 15, 16, 17, 18, 19, 20, 21, 22, 23, 24, 25, 26, 27, 28, 29, 30]","[16, 32, 64, 128]","[5, 10, 15, 20]","[2, 3, 5, 7]","[2, 4, 8]",anneal,minimize,local
4edkf6m2,133,970,1779134076241,,/home/meliani/nni-experiments/4edkf6m2,34,exp_anneal_1500s_tt_only_tt_only,hpo,/home/meliani/Desktop/phd/fast-track/search_space.json,python3 trial.py --data ./tt_only.csv,/home/meliani/Desktop/phd/fast-track,1,1500s,100000000,False,False,info,/home/meliani/nni-experiments,"['LSTM', 'GRU', 'CNN', 'RNN', 'TCN', 'Transformer', 'MLP']","[16, 32, 64, 128, 256]","[1, 2, 3, 4]","[0, 0.1, 0.2, 0.3, 0.5]","['relu', 'tanh', 'sigmoid', 'elu']","[1e-05, 0.01]","[2, 3, 4, 5, 6, 7, 8, 9, 10, 11, 12, 13, 14, 15, 16, 17, 18, 19, 20, 21, 22, 23, 24, 25, 26, 27, 28, 29, 30]","[16, 32, 64, 128]","[5, 10, 15, 20]","[2, 3, 5, 7]","[2, 4, 8]",anneal,minimize,local
4edkf6m2,134,980,1779134076241,,/home/meliani/nni-experiments/4edkf6m2,34,exp_anneal_1500s_tt_only_tt_only,hpo,/home/meliani/Desktop/phd/fast-track/search_space.json,python3 trial.py --data ./tt_only.csv,/home/meliani/Desktop/phd/fast-track,1,1500s,100000000,False,False,info,/home/meliani/nni-experiments,"['LSTM', 'GRU', 'CNN', 'RNN', 'TCN', 'Transformer', 'MLP']","[16, 32, 64, 128, 256]","[1, 2, 3, 4]","[0, 0.1, 0.2, 0.3, 0.5]","['relu', 'tanh', 'sigmoid', 'elu']","[1e-05, 0.01]","[2, 3, 4, 5, 6, 7, 8, 9, 10, 11, 12, 13, 14, 15, 16, 17, 18, 19, 20, 21, 22, 23, 24, 25, 26, 27, 28, 29, 30]","[16, 32, 64, 128]","[5, 10, 15, 20]","[2, 3, 5, 7]","[2, 4, 8]",anneal,minimize,local
4edkf6m2,135,990,1779134076241,,/home/meliani/nni-experiments/4edkf6m2,34,exp_anneal_1500s_tt_only_tt_only,hpo,/home/meliani/Desktop/phd/fast-track/search_space.json,python3 trial.py --data ./tt_only.csv,/home/meliani/Desktop/phd/fast-track,1,1500s,100000000,False,False,info,/home/meliani/nni-experiments,"['LSTM', 'GRU', 'CNN', 'RNN', 'TCN', 'Transformer', 'MLP']","[16, 32, 64, 128, 256]","[1, 2, 3, 4]","[0, 0.1, 0.2, 0.3, 0.5]","['relu', 'tanh', 'sigmoid', 'elu']","[1e-05, 0.01]","[2, 3, 4, 5, 6, 7, 8, 9, 10, 11, 12, 13, 14, 15, 16, 17, 18, 19, 20, 21, 22, 23, 24, 25, 26, 27, 28, 29, 30]","[16, 32, 64, 128]","[5, 10, 15, 20]","[2, 3, 5, 7]","[2, 4, 8]",anneal,minimize,local
4edkf6m2,136,1000,1779134076241,,/home/meliani/nni-experiments/4edkf6m2,34,exp_anneal_1500s_tt_only_tt_only,hpo,/home/meliani/Desktop/phd/fast-track/search_space.json,python3 trial.py --data ./tt_only.csv,/home/meliani/Desktop/phd/fast-track,1,1500s,100000000,False,False,info,/home/meliani/nni-experiments,"['LSTM', 'GRU', 'CNN', 'RNN', 'TCN', 'Transformer', 'MLP']","[16, 32, 64, 128, 256]","[1, 2, 3, 4]","[0, 0.1, 0.2, 0.3, 0.5]","['relu', 'tanh', 'sigmoid', 'elu']","[1e-05, 0.01]","[2, 3, 4, 5, 6, 7, 8, 9, 10, 11, 12, 13, 14, 15, 16, 17, 18, 19, 20, 21, 22, 23, 24, 25, 26, 27, 28, 29, 30]","[16, 32, 64, 128]","[5, 10, 15, 20]","[2, 3, 5, 7]","[2, 4, 8]",anneal,minimize,local
4edkf6m2,137,1010,1779134076241,,/home/meliani/nni-experiments/4edkf6m2,34,exp_anneal_1500s_tt_only_tt_only,hpo,/home/meliani/Desktop/phd/fast-track/search_space.json,python3 trial.py --data ./tt_only.csv,/home/meliani/Desktop/phd/fast-track,1,1500s,100000000,False,False,info,/home/meliani/nni-experiments,"['LSTM', 'GRU', 'CNN', 'RNN', 'TCN', 'Transformer', 'MLP']","[16, 32, 64, 128, 256]","[1, 2, 3, 4]","[0, 0.1, 0.2, 0.3, 0.5]","['relu', 'tanh', 'sigmoid', 'elu']","[1e-05, 0.01]","[2, 3, 4, 5, 6, 7, 8, 9, 10, 11, 12, 13, 14, 15, 16, 17, 18, 19, 20, 21, 22, 23, 24, 25, 26, 27, 28, 29, 30]","[16, 32, 64, 128]","[5, 10, 15, 20]","[2, 3, 5, 7]","[2, 4, 8]",anneal,minimize,local
4edkf6m2,138,1020,1779134076241,,/home/meliani/nni-experiments/4edkf6m2,34,exp_anneal_1500s_tt_only_tt_only,hpo,/home/meliani/Desktop/phd/fast-track/search_space.json,python3 trial.py --data ./tt_only.csv,/home/meliani/Desktop/phd/fast-track,1,1500s,100000000,False,False,info,/home/meliani/nni-experiments,"['LSTM', 'GRU', 'CNN', 'RNN', 'TCN', 'Transformer', 'MLP']","[16, 32, 64, 128, 256]","[1, 2, 3, 4]","[0, 0.1, 0.2, 0.3, 0.5]","['relu', 'tanh', 'sigmoid', 'elu']","[1e-05, 0.01]","[2, 3, 4, 5, 6, 7, 8, 9, 10, 11, 12, 13, 14, 15, 16, 17, 18, 19, 20, 21, 22, 23, 24, 25, 26, 27, 28, 29, 30]","[16, 32, 64, 128]","[5, 10, 15, 20]","[2, 3, 5, 7]","[2, 4, 8]",anneal,minimize,local
4edkf6m2,139,1030,1779134076241,,/home/meliani/nni-experiments/4edkf6m2,34,exp_anneal_1500s_tt_only_tt_only,hpo,/home/meliani/Desktop/phd/fast-track/search_space.json,python3 trial.py --data ./tt_only.csv,/home/meliani/Desktop/phd/fast-track,1,1500s,100000000,False,False,info,/home/meliani/nni-experiments,"['LSTM', 'GRU', 'CNN', 'RNN', 'TCN', 'Transformer', 'MLP']","[16, 32, 64, 128, 256]","[1, 2, 3, 4]","[0, 0.1, 0.2, 0.3, 0.5]","['relu', 'tanh', 'sigmoid', 'elu']","[1e-05, 0.01]","[2, 3, 4, 5, 6, 7, 8, 9, 10, 11, 12, 13, 14, 15, 16, 17, 18, 19, 20, 21, 22, 23, 24, 25, 26, 27, 28, 29, 30]","[16, 32, 64, 128]","[5, 10, 15, 20]","[2, 3, 5, 7]","[2, 4, 8]",anneal,minimize,local
4edkf6m2,140,1040,1779134076241,,/home/meliani/nni-experiments/4edkf6m2,34,exp_anneal_1500s_tt_only_tt_only,hpo,/home/meliani/Desktop/phd/fast-track/search_space.json,python3 trial.py --data ./tt_only.csv,/home/meliani/Desktop/phd/fast-track,1,1500s,100000000,False,False,info,/home/meliani/nni-experiments,"['LSTM', 'GRU', 'CNN', 'RNN', 'TCN', 'Transformer', 'MLP']","[16, 32, 64, 128, 256]","[1, 2, 3, 4]","[0, 0.1, 0.2, 0.3, 0.5]","['relu', 'tanh', 'sigmoid', 'elu']","[1e-05, 0.01]","[2, 3, 4, 5, 6, 7, 8, 9, 10, 11, 12, 13, 14, 15, 16, 17, 18, 19, 20, 21, 22, 23, 24, 25, 26, 27, 28, 29, 30]","[16, 32, 64, 128]","[5, 10, 15, 20]","[2, 3, 5, 7]","[2, 4, 8]",anneal,minimize,local
4edkf6m2,141,1050,1779134076241,,/home/meliani/nni-experiments/4edkf6m2,34,exp_anneal_1500s_tt_only_tt_only,hpo,/home/meliani/Desktop/phd/fast-track/search_space.json,python3 trial.py --data ./tt_only.csv,/home/meliani/Desktop/phd/fast-track,1,1500s,100000000,False,False,info,/home/meliani/nni-experiments,"['LSTM', 'GRU', 'CNN', 'RNN', 'TCN', 'Transformer', 'MLP']","[16, 32, 64, 128, 256]","[1, 2, 3, 4]","[0, 0.1, 0.2, 0.3, 0.5]","['relu', 'tanh', 'sigmoid', 'elu']","[1e-05, 0.01]","[2, 3, 4, 5, 6, 7, 8, 9, 10, 11, 12, 13, 14, 15, 16, 17, 18, 19, 20, 21, 22, 23, 24, 25, 26, 27, 28, 29, 30]","[16, 32, 64, 128]","[5, 10, 15, 20]","[2, 3, 5, 7]","[2, 4, 8]",anneal,minimize,local
4edkf6m2,142,1060,1779134076241,,/home/meliani/nni-experiments/4edkf6m2,34,exp_anneal_1500s_tt_only_tt_only,hpo,/home/meliani/Desktop/phd/fast-track/search_space.json,python3 trial.py --data ./tt_only.csv,/home/meliani/Desktop/phd/fast-track,1,1500s,100000000,False,False,info,/home/meliani/nni-experiments,"['LSTM', 'GRU', 'CNN', 'RNN', 'TCN', 'Transformer', 'MLP']","[16, 32, 64, 128, 256]","[1, 2, 3, 4]","[0, 0.1, 0.2, 0.3, 0.5]","['relu', 'tanh', 'sigmoid', 'elu']","[1e-05, 0.01]","[2, 3, 4, 5, 6, 7, 8, 9, 10, 11, 12, 13, 14, 15, 16, 17, 18, 19, 20, 21, 22, 23, 24, 25, 26, 27, 28, 29, 30]","[16, 32, 64, 128]","[5, 10, 15, 20]","[2, 3, 5, 7]","[2, 4, 8]",anneal,minimize,local
4edkf6m2,143,1070,1779134076241,,/home/meliani/nni-experiments/4edkf6m2,34,exp_anneal_1500s_tt_only_tt_only,hpo,/home/meliani/Desktop/phd/fast-track/search_space.json,python3 trial.py --data ./tt_only.csv,/home/meliani/Desktop/phd/fast-track,1,1500s,100000000,False,False,info,/home/meliani/nni-experiments,"['LSTM', 'GRU', 'CNN', 'RNN', 'TCN', 'Transformer', 'MLP']","[16, 32, 64, 128, 256]","[1, 2, 3, 4]","[0, 0.1, 0.2, 0.3, 0.5]","['relu', 'tanh', 'sigmoid', 'elu']","[1e-05, 0.01]","[2, 3, 4, 5, 6, 7, 8, 9, 10, 11, 12, 13, 14, 15, 16, 17, 18, 19, 20, 21, 22, 23, 24, 25, 26, 27, 28, 29, 30]","[16, 32, 64, 128]","[5, 10, 15, 20]","[2, 3, 5, 7]","[2, 4, 8]",anneal,minimize,local
4edkf6m2,144,1080,1779134076241,,/home/meliani/nni-experiments/4edkf6m2,34,exp_anneal_1500s_tt_only_tt_only,hpo,/home/meliani/Desktop/phd/fast-track/search_space.json,python3 trial.py --data ./tt_only.csv,/home/meliani/Desktop/phd/fast-track,1,1500s,100000000,False,False,info,/home/meliani/nni-experiments,"['LSTM', 'GRU', 'CNN', 'RNN', 'TCN', 'Transformer', 'MLP']","[16, 32, 64, 128, 256]","[1, 2, 3, 4]","[0, 0.1, 0.2, 0.3, 0.5]","['relu', 'tanh', 'sigmoid', 'elu']","[1e-05, 0.01]","[2, 3, 4, 5, 6, 7, 8, 9, 10, 11, 12, 13, 14, 15, 16, 17, 18, 19, 20, 21, 22, 23, 24, 25, 26, 27, 28, 29, 30]","[16, 32, 64, 128]","[5, 10, 15, 20]","[2, 3, 5, 7]","[2, 4, 8]",anneal,minimize,local
4edkf6m2,145,1090,1779134076241,,/home/meliani/nni-experiments/4edkf6m2,34,exp_anneal_1500s_tt_only_tt_only,hpo,/home/meliani/Desktop/phd/fast-track/search_space.json,python3 trial.py --data ./tt_only.csv,/home/meliani/Desktop/phd/fast-track,1,1500s,100000000,False,False,info,/home/meliani/nni-experiments,"['LSTM', 'GRU', 'CNN', 'RNN', 'TCN', 'Transformer', 'MLP']","[16, 32, 64, 128, 256]","[1, 2, 3, 4]","[0, 0.1, 0.2, 0.3, 0.5]","['relu', 'tanh', 'sigmoid', 'elu']","[1e-05, 0.01]","[2, 3, 4, 5, 6, 7, 8, 9, 10, 11, 12, 13, 14, 15, 16, 17, 18, 19, 20, 21, 22, 23, 24, 25, 26, 27, 28, 29, 30]","[16, 32, 64, 128]","[5, 10, 15, 20]","[2, 3, 5, 7]","[2, 4, 8]",anneal,minimize,local
4edkf6m2,146,1100,1779134076241,,/home/meliani/nni-experiments/4edkf6m2,34,exp_anneal_1500s_tt_only_tt_only,hpo,/home/meliani/Desktop/phd/fast-track/search_space.json,python3 trial.py --data ./tt_only.csv,/home/meliani/Desktop/phd/fast-track,1,1500s,100000000,False,False,info,/home/meliani/nni-experiments,"['LSTM', 'GRU', 'CNN', 'RNN', 'TCN', 'Transformer', 'MLP']","[16, 32, 64, 128, 256]","[1, 2, 3, 4]","[0, 0.1, 0.2, 0.3, 0.5]","['relu', 'tanh', 'sigmoid', 'elu']","[1e-05, 0.01]","[2, 3, 4, 5, 6, 7, 8, 9, 10, 11, 12, 13, 14, 15, 16, 17, 18, 19, 20, 21, 22, 23, 24, 25, 26, 27, 28, 29, 30]","[16, 32, 64, 128]","[5, 10, 15, 20]","[2, 3, 5, 7]","[2, 4, 8]",anneal,minimize,local
4edkf6m2,147,1110,1779134076241,,/home/meliani/nni-experiments/4edkf6m2,34,exp_anneal_1500s_tt_only_tt_only,hpo,/home/meliani/Desktop/phd/fast-track/search_space.json,python3 trial.py --data ./tt_only.csv,/home/meliani/Desktop/phd/fast-track,1,1500s,100000000,False,False,info,/home/meliani/nni-experiments,"['LSTM', 'GRU', 'CNN', 'RNN', 'TCN', 'Transformer', 'MLP']","[16, 32, 64, 128, 256]","[1, 2, 3, 4]","[0, 0.1, 0.2, 0.3, 0.5]","['relu', 'tanh', 'sigmoid', 'elu']","[1e-05, 0.01]","[2, 3, 4, 5, 6, 7, 8, 9, 10, 11, 12, 13, 14, 15, 16, 17, 18, 19, 20, 21, 22, 23, 24, 25, 26, 27, 28, 29, 30]","[16, 32, 64, 128]","[5, 10, 15, 20]","[2, 3, 5, 7]","[2, 4, 8]",anneal,minimize,local
4edkf6m2,148,1120,1779134076241,,/home/meliani/nni-experiments/4edkf6m2,34,exp_anneal_1500s_tt_only_tt_only,hpo,/home/meliani/Desktop/phd/fast-track/search_space.json,python3 trial.py --data ./tt_only.csv,/home/meliani/Desktop/phd/fast-track,1,1500s,100000000,False,False,info,/home/meliani/nni-experiments,"['LSTM', 'GRU', 'CNN', 'RNN', 'TCN', 'Transformer', 'MLP']","[16, 32, 64, 128, 256]","[1, 2, 3, 4]","[0, 0.1, 0.2, 0.3, 0.5]","['relu', 'tanh', 'sigmoid', 'elu']","[1e-05, 0.01]","[2, 3, 4, 5, 6, 7, 8, 9, 10, 11, 12, 13, 14, 15, 16, 17, 18, 19, 20, 21, 22, 23, 24, 25, 26, 27, 28, 29, 30]","[16, 32, 64, 128]","[5, 10, 15, 20]","[2, 3, 5, 7]","[2, 4, 8]",anneal,minimize,local
4edkf6m2,149,1122,1779134076241,,/home/meliani/nni-experiments/4edkf6m2,35,exp_anneal_1500s_tt_only_tt_only,hpo,/home/meliani/Desktop/phd/fast-track/search_space.json,python3 trial.py --data ./tt_only.csv,/home/meliani/Desktop/phd/fast-track,1,1500s,100000000,False,False,info,/home/meliani/nni-experiments,"['LSTM', 'GRU', 'CNN', 'RNN', 'TCN', 'Transformer', 'MLP']","[16, 32, 64, 128, 256]","[1, 2, 3, 4]","[0, 0.1, 0.2, 0.3, 0.5]","['relu', 'tanh', 'sigmoid', 'elu']","[1e-05, 0.01]","[2, 3, 4, 5, 6, 7, 8, 9, 10, 11, 12, 13, 14, 15, 16, 17, 18, 19, 20, 21, 22, 23, 24, 25, 26, 27, 28, 29, 30]","[16, 32, 64, 128]","[5, 10, 15, 20]","[2, 3, 5, 7]","[2, 4, 8]",anneal,minimize,local
4edkf6m2,150,1129,1779134076241,,/home/meliani/nni-experiments/4edkf6m2,36,exp_anneal_1500s_tt_only_tt_only,hpo,/home/meliani/Desktop/phd/fast-track/search_space.json,python3 trial.py --data ./tt_only.csv,/home/meliani/Desktop/phd/fast-track,1,1500s,100000000,False,False,info,/home/meliani/nni-experiments,"['LSTM', 'GRU', 'CNN', 'RNN', 'TCN', 'Transformer', 'MLP']","[16, 32, 64, 128, 256]","[1, 2, 3, 4]","[0, 0.1, 0.2, 0.3, 0.5]","['relu', 'tanh', 'sigmoid', 'elu']","[1e-05, 0.01]","[2, 3, 4, 5, 6, 7, 8, 9, 10, 11, 12, 13, 14, 15, 16, 17, 18, 19, 20, 21, 22, 23, 24, 25, 26, 27, 28, 29, 30]","[16, 32, 64, 128]","[5, 10, 15, 20]","[2, 3, 5, 7]","[2, 4, 8]",anneal,minimize,local
4edkf6m2,151,1130,1779134076241,,/home/meliani/nni-experiments/4edkf6m2,36,exp_anneal_1500s_tt_only_tt_only,hpo,/home/meliani/Desktop/phd/fast-track/search_space.json,python3 trial.py --data ./tt_only.csv,/home/meliani/Desktop/phd/fast-track,1,1500s,100000000,False,False,info,/home/meliani/nni-experiments,"['LSTM', 'GRU', 'CNN', 'RNN', 'TCN', 'Transformer', 'MLP']","[16, 32, 64, 128, 256]","[1, 2, 3, 4]","[0, 0.1, 0.2, 0.3, 0.5]","['relu', 'tanh', 'sigmoid', 'elu']","[1e-05, 0.01]","[2, 3, 4, 5, 6, 7, 8, 9, 10, 11, 12, 13, 14, 15, 16, 17, 18, 19, 20, 21, 22, 23, 24, 25, 26, 27, 28, 29, 30]","[16, 32, 64, 128]","[5, 10, 15, 20]","[2, 3, 5, 7]","[2, 4, 8]",anneal,minimize,local
4edkf6m2,152,1138,1779134076241,,/home/meliani/nni-experiments/4edkf6m2,37,exp_anneal_1500s_tt_only_tt_only,hpo,/home/meliani/Desktop/phd/fast-track/search_space.json,python3 trial.py --data ./tt_only.csv,/home/meliani/Desktop/phd/fast-track,1,1500s,100000000,False,False,info,/home/meliani/nni-experiments,"['LSTM', 'GRU', 'CNN', 'RNN', 'TCN', 'Transformer', 'MLP']","[16, 32, 64, 128, 256]","[1, 2, 3, 4]","[0, 0.1, 0.2, 0.3, 0.5]","['relu', 'tanh', 'sigmoid', 'elu']","[1e-05, 0.01]","[2, 3, 4, 5, 6, 7, 8, 9, 10, 11, 12, 13, 14, 15, 16, 17, 18, 19, 20, 21, 22, 23, 24, 25, 26, 27, 28, 29, 30]","[16, 32, 64, 128]","[5, 10, 15, 20]","[2, 3, 5, 7]","[2, 4, 8]",anneal,minimize,local
4edkf6m2,153,1140,1779134076241,,/home/meliani/nni-experiments/4edkf6m2,37,exp_anneal_1500s_tt_only_tt_only,hpo,/home/meliani/Desktop/phd/fast-track/search_space.json,python3 trial.py --data ./tt_only.csv,/home/meliani/Desktop/phd/fast-track,1,1500s,100000000,False,False,info,/home/meliani/nni-experiments,"['LSTM', 'GRU', 'CNN', 'RNN', 'TCN', 'Transformer', 'MLP']","[16, 32, 64, 128, 256]","[1, 2, 3, 4]","[0, 0.1, 0.2, 0.3, 0.5]","['relu', 'tanh', 'sigmoid', 'elu']","[1e-05, 0.01]","[2, 3, 4, 5, 6, 7, 8, 9, 10, 11, 12, 13, 14, 15, 16, 17, 18, 19, 20, 21, 22, 23, 24, 25, 26, 27, 28, 29, 30]","[16, 32, 64, 128]","[5, 10, 15, 20]","[2, 3, 5, 7]","[2, 4, 8]",anneal,minimize,local
4edkf6m2,154,1146,1779134076241,,/home/meliani/nni-experiments/4edkf6m2,38,exp_anneal_1500s_tt_only_tt_only,hpo,/home/meliani/Desktop/phd/fast-track/search_space.json,python3 trial.py --data ./tt_only.csv,/home/meliani/Desktop/phd/fast-track,1,1500s,100000000,False,False,info,/home/meliani/nni-experiments,"['LSTM', 'GRU', 'CNN', 'RNN', 'TCN', 'Transformer', 'MLP']","[16, 32, 64, 128, 256]","[1, 2, 3, 4]","[0, 0.1, 0.2, 0.3, 0.5]","['relu', 'tanh', 'sigmoid', 'elu']","[1e-05, 0.01]","[2, 3, 4, 5, 6, 7, 8, 9, 10, 11, 12, 13, 14, 15, 16, 17, 18, 19, 20, 21, 22, 23, 24, 25, 26, 27, 28, 29, 30]","[16, 32, 64, 128]","[5, 10, 15, 20]","[2, 3, 5, 7]","[2, 4, 8]",anneal,minimize,local
4edkf6m2,155,1150,1779134076241,,/home/meliani/nni-experiments/4edkf6m2,38,exp_anneal_1500s_tt_only_tt_only,hpo,/home/meliani/Desktop/phd/fast-track/search_space.json,python3 trial.py --data ./tt_only.csv,/home/meliani/Desktop/phd/fast-track,1,1500s,100000000,False,False,info,/home/meliani/nni-experiments,"['LSTM', 'GRU', 'CNN', 'RNN', 'TCN', 'Transformer', 'MLP']","[16, 32, 64, 128, 256]","[1, 2, 3, 4]","[0, 0.1, 0.2, 0.3, 0.5]","['relu', 'tanh', 'sigmoid', 'elu']","[1e-05, 0.01]","[2, 3, 4, 5, 6, 7, 8, 9, 10, 11, 12, 13, 14, 15, 16, 17, 18, 19, 20, 21, 22, 23, 24, 25, 26, 27, 28, 29, 30]","[16, 32, 64, 128]","[5, 10, 15, 20]","[2, 3, 5, 7]","[2, 4, 8]",anneal,minimize,local
4edkf6m2,156,1157,1779134076241,,/home/meliani/nni-experiments/4edkf6m2,39,exp_anneal_1500s_tt_only_tt_only,hpo,/home/meliani/Desktop/phd/fast-track/search_space.json,python3 trial.py --data ./tt_only.csv,/home/meliani/Desktop/phd/fast-track,1,1500s,100000000,False,False,info,/home/meliani/nni-experiments,"['LSTM', 'GRU', 'CNN', 'RNN', 'TCN', 'Transformer', 'MLP']","[16, 32, 64, 128, 256]","[1, 2, 3, 4]","[0, 0.1, 0.2, 0.3, 0.5]","['relu', 'tanh', 'sigmoid', 'elu']","[1e-05, 0.01]","[2, 3, 4, 5, 6, 7, 8, 9, 10, 11, 12, 13, 14, 15, 16, 17, 18, 19, 20, 21, 22, 23, 24, 25, 26, 27, 28, 29, 30]","[16, 32, 64, 128]","[5, 10, 15, 20]","[2, 3, 5, 7]","[2, 4, 8]",anneal,minimize,local
4edkf6m2,157,1160,1779134076241,,/home/meliani/nni-experiments/4edkf6m2,39,exp_anneal_1500s_tt_only_tt_only,hpo,/home/meliani/Desktop/phd/fast-track/search_space.json,python3 trial.py --data ./tt_only.csv,/home/meliani/Desktop/phd/fast-track,1,1500s,100000000,False,False,info,/home/meliani/nni-experiments,"['LSTM', 'GRU', 'CNN', 'RNN', 'TCN', 'Transformer', 'MLP']","[16, 32, 64, 128, 256]","[1, 2, 3, 4]","[0, 0.1, 0.2, 0.3, 0.5]","['relu', 'tanh', 'sigmoid', 'elu']","[1e-05, 0.01]","[2, 3, 4, 5, 6, 7, 8, 9, 10, 11, 12, 13, 14, 15, 16, 17, 18, 19, 20, 21, 22, 23, 24, 25, 26, 27, 28, 29, 30]","[16, 32, 64, 128]","[5, 10, 15, 20]","[2, 3, 5, 7]","[2, 4, 8]",anneal,minimize,local
4edkf6m2,158,1165,1779134076241,,/home/meliani/nni-experiments/4edkf6m2,40,exp_anneal_1500s_tt_only_tt_only,hpo,/home/meliani/Desktop/phd/fast-track/search_space.json,python3 trial.py --data ./tt_only.csv,/home/meliani/Desktop/phd/fast-track,1,1500s,100000000,False,False,info,/home/meliani/nni-experiments,"['LSTM', 'GRU', 'CNN', 'RNN', 'TCN', 'Transformer', 'MLP']","[16, 32, 64, 128, 256]","[1, 2, 3, 4]","[0, 0.1, 0.2, 0.3, 0.5]","['relu', 'tanh', 'sigmoid', 'elu']","[1e-05, 0.01]","[2, 3, 4, 5, 6, 7, 8, 9, 10, 11, 12, 13, 14, 15, 16, 17, 18, 19, 20, 21, 22, 23, 24, 25, 26, 27, 28, 29, 30]","[16, 32, 64, 128]","[5, 10, 15, 20]","[2, 3, 5, 7]","[2, 4, 8]",anneal,minimize,local
4edkf6m2,159,1170,1779134076241,,/home/meliani/nni-experiments/4edkf6m2,40,exp_anneal_1500s_tt_only_tt_only,hpo,/home/meliani/Desktop/phd/fast-track/search_space.json,python3 trial.py --data ./tt_only.csv,/home/meliani/Desktop/phd/fast-track,1,1500s,100000000,False,False,info,/home/meliani/nni-experiments,"['LSTM', 'GRU', 'CNN', 'RNN', 'TCN', 'Transformer', 'MLP']","[16, 32, 64, 128, 256]","[1, 2, 3, 4]","[0, 0.1, 0.2, 0.3, 0.5]","['relu', 'tanh', 'sigmoid', 'elu']","[1e-05, 0.01]","[2, 3, 4, 5, 6, 7, 8, 9, 10, 11, 12, 13, 14, 15, 16, 17, 18, 19, 20, 21, 22, 23, 24, 25, 26, 27, 28, 29, 30]","[16, 32, 64, 128]","[5, 10, 15, 20]","[2, 3, 5, 7]","[2, 4, 8]",anneal,minimize,local
4edkf6m2,160,1174,1779134076241,,/home/meliani/nni-experiments/4edkf6m2,41,exp_anneal_1500s_tt_only_tt_only,hpo,/home/meliani/Desktop/phd/fast-track/search_space.json,python3 trial.py --data ./tt_only.csv,/home/meliani/Desktop/phd/fast-track,1,1500s,100000000,False,False,info,/home/meliani/nni-experiments,"['LSTM', 'GRU', 'CNN', 'RNN', 'TCN', 'Transformer', 'MLP']","[16, 32, 64, 128, 256]","[1, 2, 3, 4]","[0, 0.1, 0.2, 0.3, 0.5]","['relu', 'tanh', 'sigmoid', 'elu']","[1e-05, 0.01]","[2, 3, 4, 5, 6, 7, 8, 9, 10, 11, 12, 13, 14, 15, 16, 17, 18, 19, 20, 21, 22, 23, 24, 25, 26, 27, 28, 29, 30]","[16, 32, 64, 128]","[5, 10, 15, 20]","[2, 3, 5, 7]","[2, 4, 8]",anneal,minimize,local
4edkf6m2,161,1180,1779134076241,,/home/meliani/nni-experiments/4edkf6m2,41,exp_anneal_1500s_tt_only_tt_only,hpo,/home/meliani/Desktop/phd/fast-track/search_space.json,python3 trial.py --data ./tt_only.csv,/home/meliani/Desktop/phd/fast-track,1,1500s,100000000,False,False,info,/home/meliani/nni-experiments,"['LSTM', 'GRU', 'CNN', 'RNN', 'TCN', 'Transformer', 'MLP']","[16, 32, 64, 128, 256]","[1, 2, 3, 4]","[0, 0.1, 0.2, 0.3, 0.5]","['relu', 'tanh', 'sigmoid', 'elu']","[1e-05, 0.01]","[2, 3, 4, 5, 6, 7, 8, 9, 10, 11, 12, 13, 14, 15, 16, 17, 18, 19, 20, 21, 22, 23, 24, 25, 26, 27, 28, 29, 30]","[16, 32, 64, 128]","[5, 10, 15, 20]","[2, 3, 5, 7]","[2, 4, 8]",anneal,minimize,local
4edkf6m2,162,1181,1779134076241,,/home/meliani/nni-experiments/4edkf6m2,42,exp_anneal_1500s_tt_only_tt_only,hpo,/home/meliani/Desktop/phd/fast-track/search_space.json,python3 trial.py --data ./tt_only.csv,/home/meliani/Desktop/phd/fast-track,1,1500s,100000000,False,False,info,/home/meliani/nni-experiments,"['LSTM', 'GRU', 'CNN', 'RNN', 'TCN', 'Transformer', 'MLP']","[16, 32, 64, 128, 256]","[1, 2, 3, 4]","[0, 0.1, 0.2, 0.3, 0.5]","['relu', 'tanh', 'sigmoid', 'elu']","[1e-05, 0.01]","[2, 3, 4, 5, 6, 7, 8, 9, 10, 11, 12, 13, 14, 15, 16, 17, 18, 19, 20, 21, 22, 23, 24, 25, 26, 27, 28, 29, 30]","[16, 32, 64, 128]","[5, 10, 15, 20]","[2, 3, 5, 7]","[2, 4, 8]",anneal,minimize,local
4edkf6m2,163,1190,1779134076241,,/home/meliani/nni-experiments/4edkf6m2,42,exp_anneal_1500s_tt_only_tt_only,hpo,/home/meliani/Desktop/phd/fast-track/search_space.json,python3 trial.py --data ./tt_only.csv,/home/meliani/Desktop/phd/fast-track,1,1500s,100000000,False,False,info,/home/meliani/nni-experiments,"['LSTM', 'GRU', 'CNN', 'RNN', 'TCN', 'Transformer', 'MLP']","[16, 32, 64, 128, 256]","[1, 2, 3, 4]","[0, 0.1, 0.2, 0.3, 0.5]","['relu', 'tanh', 'sigmoid', 'elu']","[1e-05, 0.01]","[2, 3, 4, 5, 6, 7, 8, 9, 10, 11, 12, 13, 14, 15, 16, 17, 18, 19, 20, 21, 22, 23, 24, 25, 26, 27, 28, 29, 30]","[16, 32, 64, 128]","[5, 10, 15, 20]","[2, 3, 5, 7]","[2, 4, 8]",anneal,minimize,local
4edkf6m2,164,1200,1779134076241,,/home/meliani/nni-experiments/4edkf6m2,42,exp_anneal_1500s_tt_only_tt_only,hpo,/home/meliani/Desktop/phd/fast-track/search_space.json,python3 trial.py --data ./tt_only.csv,/home/meliani/Desktop/phd/fast-track,1,1500s,100000000,False,False,info,/home/meliani/nni-experiments,"['LSTM', 'GRU', 'CNN', 'RNN', 'TCN', 'Transformer', 'MLP']","[16, 32, 64, 128, 256]","[1, 2, 3, 4]","[0, 0.1, 0.2, 0.3, 0.5]","['relu', 'tanh', 'sigmoid', 'elu']","[1e-05, 0.01]","[2, 3, 4, 5, 6, 7, 8, 9, 10, 11, 12, 13, 14, 15, 16, 17, 18, 19, 20, 21, 22, 23, 24, 25, 26, 27, 28, 29, 30]","[16, 32, 64, 128]","[5, 10, 15, 20]","[2, 3, 5, 7]","[2, 4, 8]",anneal,minimize,local
4edkf6m2,165,1210,1779134076241,,/home/meliani/nni-experiments/4edkf6m2,42,exp_anneal_1500s_tt_only_tt_only,hpo,/home/meliani/Desktop/phd/fast-track/search_space.json,python3 trial.py --data ./tt_only.csv,/home/meliani/Desktop/phd/fast-track,1,1500s,100000000,False,False,info,/home/meliani/nni-experiments,"['LSTM', 'GRU', 'CNN', 'RNN', 'TCN', 'Transformer', 'MLP']","[16, 32, 64, 128, 256]","[1, 2, 3, 4]","[0, 0.1, 0.2, 0.3, 0.5]","['relu', 'tanh', 'sigmoid', 'elu']","[1e-05, 0.01]","[2, 3, 4, 5, 6, 7, 8, 9, 10, 11, 12, 13, 14, 15, 16, 17, 18, 19, 20, 21, 22, 23, 24, 25, 26, 27, 28, 29, 30]","[16, 32, 64, 128]","[5, 10, 15, 20]","[2, 3, 5, 7]","[2, 4, 8]",anneal,minimize,local
4edkf6m2,166,1220,1779134076241,,/home/meliani/nni-experiments/4edkf6m2,42,exp_anneal_1500s_tt_only_tt_only,hpo,/home/meliani/Desktop/phd/fast-track/search_space.json,python3 trial.py --data ./tt_only.csv,/home/meliani/Desktop/phd/fast-track,1,1500s,100000000,False,False,info,/home/meliani/nni-experiments,"['LSTM', 'GRU', 'CNN', 'RNN', 'TCN', 'Transformer', 'MLP']","[16, 32, 64, 128, 256]","[1, 2, 3, 4]","[0, 0.1, 0.2, 0.3, 0.5]","['relu', 'tanh', 'sigmoid', 'elu']","[1e-05, 0.01]","[2, 3, 4, 5, 6, 7, 8, 9, 10, 11, 12, 13, 14, 15, 16, 17, 18, 19, 20, 21, 22, 23, 24, 25, 26, 27, 28, 29, 30]","[16, 32, 64, 128]","[5, 10, 15, 20]","[2, 3, 5, 7]","[2, 4, 8]",anneal,minimize,local
4edkf6m2,167,1230,1779134076241,,/home/meliani/nni-experiments/4edkf6m2,42,exp_anneal_1500s_tt_only_tt_only,hpo,/home/meliani/Desktop/phd/fast-track/search_space.json,python3 trial.py --data ./tt_only.csv,/home/meliani/Desktop/phd/fast-track,1,1500s,100000000,False,False,info,/home/meliani/nni-experiments,"['LSTM', 'GRU', 'CNN', 'RNN', 'TCN', 'Transformer', 'MLP']","[16, 32, 64, 128, 256]","[1, 2, 3, 4]","[0, 0.1, 0.2, 0.3, 0.5]","['relu', 'tanh', 'sigmoid', 'elu']","[1e-05, 0.01]","[2, 3, 4, 5, 6, 7, 8, 9, 10, 11, 12, 13, 14, 15, 16, 17, 18, 19, 20, 21, 22, 23, 24, 25, 26, 27, 28, 29, 30]","[16, 32, 64, 128]","[5, 10, 15, 20]","[2, 3, 5, 7]","[2, 4, 8]",anneal,minimize,local
4edkf6m2,168,1240,1779134076241,,/home/meliani/nni-experiments/4edkf6m2,42,exp_anneal_1500s_tt_only_tt_only,hpo,/home/meliani/Desktop/phd/fast-track/search_space.json,python3 trial.py --data ./tt_only.csv,/home/meliani/Desktop/phd/fast-track,1,1500s,100000000,False,False,info,/home/meliani/nni-experiments,"['LSTM', 'GRU', 'CNN', 'RNN', 'TCN', 'Transformer', 'MLP']","[16, 32, 64, 128, 256]","[1, 2, 3, 4]","[0, 0.1, 0.2, 0.3, 0.5]","['relu', 'tanh', 'sigmoid', 'elu']","[1e-05, 0.01]","[2, 3, 4, 5, 6, 7, 8, 9, 10, 11, 12, 13, 14, 15, 16, 17, 18, 19, 20, 21, 22, 23, 24, 25, 26, 27, 28, 29, 30]","[16, 32, 64, 128]","[5, 10, 15, 20]","[2, 3, 5, 7]","[2, 4, 8]",anneal,minimize,local
4edkf6m2,169,1250,1779134076241,,/home/meliani/nni-experiments/4edkf6m2,42,exp_anneal_1500s_tt_only_tt_only,hpo,/home/meliani/Desktop/phd/fast-track/search_space.json,python3 trial.py --data ./tt_only.csv,/home/meliani/Desktop/phd/fast-track,1,1500s,100000000,False,False,info,/home/meliani/nni-experiments,"['LSTM', 'GRU', 'CNN', 'RNN', 'TCN', 'Transformer', 'MLP']","[16, 32, 64, 128, 256]","[1, 2, 3, 4]","[0, 0.1, 0.2, 0.3, 0.5]","['relu', 'tanh', 'sigmoid', 'elu']","[1e-05, 0.01]","[2, 3, 4, 5, 6, 7, 8, 9, 10, 11, 12, 13, 14, 15, 16, 17, 18, 19, 20, 21, 22, 23, 24, 25, 26, 27, 28, 29, 30]","[16, 32, 64, 128]","[5, 10, 15, 20]","[2, 3, 5, 7]","[2, 4, 8]",anneal,minimize,local
4edkf6m2,170,1260,1779134076241,,/home/meliani/nni-experiments/4edkf6m2,42,exp_anneal_1500s_tt_only_tt_only,hpo,/home/meliani/Desktop/phd/fast-track/search_space.json,python3 trial.py --data ./tt_only.csv,/home/meliani/Desktop/phd/fast-track,1,1500s,100000000,False,False,info,/home/meliani/nni-experiments,"['LSTM', 'GRU', 'CNN', 'RNN', 'TCN', 'Transformer', 'MLP']","[16, 32, 64, 128, 256]","[1, 2, 3, 4]","[0, 0.1, 0.2, 0.3, 0.5]","['relu', 'tanh', 'sigmoid', 'elu']","[1e-05, 0.01]","[2, 3, 4, 5, 6, 7, 8, 9, 10, 11, 12, 13, 14, 15, 16, 17, 18, 19, 20, 21, 22, 23, 24, 25, 26, 27, 28, 29, 30]","[16, 32, 64, 128]","[5, 10, 15, 20]","[2, 3, 5, 7]","[2, 4, 8]",anneal,minimize,local
4edkf6m2,171,1270,1779134076241,,/home/meliani/nni-experiments/4edkf6m2,42,exp_anneal_1500s_tt_only_tt_only,hpo,/home/meliani/Desktop/phd/fast-track/search_space.json,python3 trial.py --data ./tt_only.csv,/home/meliani/Desktop/phd/fast-track,1,1500s,100000000,False,False,info,/home/meliani/nni-experiments,"['LSTM', 'GRU', 'CNN', 'RNN', 'TCN', 'Transformer', 'MLP']","[16, 32, 64, 128, 256]","[1, 2, 3, 4]","[0, 0.1, 0.2, 0.3, 0.5]","['relu', 'tanh', 'sigmoid', 'elu']","[1e-05, 0.01]","[2, 3, 4, 5, 6, 7, 8, 9, 10, 11, 12, 13, 14, 15, 16, 17, 18, 19, 20, 21, 22, 23, 24, 25, 26, 27, 28, 29, 30]","[16, 32, 64, 128]","[5, 10, 15, 20]","[2, 3, 5, 7]","[2, 4, 8]",anneal,minimize,local
4edkf6m2,172,1280,1779134076241,,/home/meliani/nni-experiments/4edkf6m2,42,exp_anneal_1500s_tt_only_tt_only,hpo,/home/meliani/Desktop/phd/fast-track/search_space.json,python3 trial.py --data ./tt_only.csv,/home/meliani/Desktop/phd/fast-track,1,1500s,100000000,False,False,info,/home/meliani/nni-experiments,"['LSTM', 'GRU', 'CNN', 'RNN', 'TCN', 'Transformer', 'MLP']","[16, 32, 64, 128, 256]","[1, 2, 3, 4]","[0, 0.1, 0.2, 0.3, 0.5]","['relu', 'tanh', 'sigmoid', 'elu']","[1e-05, 0.01]","[2, 3, 4, 5, 6, 7, 8, 9, 10, 11, 12, 13, 14, 15, 16, 17, 18, 19, 20, 21, 22, 23, 24, 25, 26, 27, 28, 29, 30]","[16, 32, 64, 128]","[5, 10, 15, 20]","[2, 3, 5, 7]","[2, 4, 8]",anneal,minimize,local
4edkf6m2,173,1290,1779134076241,,/home/meliani/nni-experiments/4edkf6m2,42,exp_anneal_1500s_tt_only_tt_only,hpo,/home/meliani/Desktop/phd/fast-track/search_space.json,python3 trial.py --data ./tt_only.csv,/home/meliani/Desktop/phd/fast-track,1,1500s,100000000,False,False,info,/home/meliani/nni-experiments,"['LSTM', 'GRU', 'CNN', 'RNN', 'TCN', 'Transformer', 'MLP']","[16, 32, 64, 128, 256]","[1, 2, 3, 4]","[0, 0.1, 0.2, 0.3, 0.5]","['relu', 'tanh', 'sigmoid', 'elu']","[1e-05, 0.01]","[2, 3, 4, 5, 6, 7, 8, 9, 10, 11, 12, 13, 14, 15, 16, 17, 18, 19, 20, 21, 22, 23, 24, 25, 26, 27, 28, 29, 30]","[16, 32, 64, 128]","[5, 10, 15, 20]","[2, 3, 5, 7]","[2, 4, 8]",anneal,minimize,local
4edkf6m2,174,1300,1779134076241,,/home/meliani/nni-experiments/4edkf6m2,42,exp_anneal_1500s_tt_only_tt_only,hpo,/home/meliani/Desktop/phd/fast-track/search_space.json,python3 trial.py --data ./tt_only.csv,/home/meliani/Desktop/phd/fast-track,1,1500s,100000000,False,False,info,/home/meliani/nni-experiments,"['LSTM', 'GRU', 'CNN', 'RNN', 'TCN', 'Transformer', 'MLP']","[16, 32, 64, 128, 256]","[1, 2, 3, 4]","[0, 0.1, 0.2, 0.3, 0.5]","['relu', 'tanh', 'sigmoid', 'elu']","[1e-05, 0.01]","[2, 3, 4, 5, 6, 7, 8, 9, 10, 11, 12, 13, 14, 15, 16, 17, 18, 19, 20, 21, 22, 23, 24, 25, 26, 27, 28, 29, 30]","[16, 32, 64, 128]","[5, 10, 15, 20]","[2, 3, 5, 7]","[2, 4, 8]",anneal,minimize,local
4edkf6m2,175,1310,1779134076241,,/home/meliani/nni-experiments/4edkf6m2,42,exp_anneal_1500s_tt_only_tt_only,hpo,/home/meliani/Desktop/phd/fast-track/search_space.json,python3 trial.py --data ./tt_only.csv,/home/meliani/Desktop/phd/fast-track,1,1500s,100000000,False,False,info,/home/meliani/nni-experiments,"['LSTM', 'GRU', 'CNN', 'RNN', 'TCN', 'Transformer', 'MLP']","[16, 32, 64, 128, 256]","[1, 2, 3, 4]","[0, 0.1, 0.2, 0.3, 0.5]","['relu', 'tanh', 'sigmoid', 'elu']","[1e-05, 0.01]","[2, 3, 4, 5, 6, 7, 8, 9, 10, 11, 12, 13, 14, 15, 16, 17, 18, 19, 20, 21, 22, 23, 24, 25, 26, 27, 28, 29, 30]","[16, 32, 64, 128]","[5, 10, 15, 20]","[2, 3, 5, 7]","[2, 4, 8]",anneal,minimize,local
4edkf6m2,176,1320,1779134076241,,/home/meliani/nni-experiments/4edkf6m2,42,exp_anneal_1500s_tt_only_tt_only,hpo,/home/meliani/Desktop/phd/fast-track/search_space.json,python3 trial.py --data ./tt_only.csv,/home/meliani/Desktop/phd/fast-track,1,1500s,100000000,False,False,info,/home/meliani/nni-experiments,"['LSTM', 'GRU', 'CNN', 'RNN', 'TCN', 'Transformer', 'MLP']","[16, 32, 64, 128, 256]","[1, 2, 3, 4]","[0, 0.1, 0.2, 0.3, 0.5]","['relu', 'tanh', 'sigmoid', 'elu']","[1e-05, 0.01]","[2, 3, 4, 5, 6, 7, 8, 9, 10, 11, 12, 13, 14, 15, 16, 17, 18, 19, 20, 21, 22, 23, 24, 25, 26, 27, 28, 29, 30]","[16, 32, 64, 128]","[5, 10, 15, 20]","[2, 3, 5, 7]","[2, 4, 8]",anneal,minimize,local
4edkf6m2,177,1330,1779134076241,,/home/meliani/nni-experiments/4edkf6m2,42,exp_anneal_1500s_tt_only_tt_only,hpo,/home/meliani/Desktop/phd/fast-track/search_space.json,python3 trial.py --data ./tt_only.csv,/home/meliani/Desktop/phd/fast-track,1,1500s,100000000,False,False,info,/home/meliani/nni-experiments,"['LSTM', 'GRU', 'CNN', 'RNN', 'TCN', 'Transformer', 'MLP']","[16, 32, 64, 128, 256]","[1, 2, 3, 4]","[0, 0.1, 0.2, 0.3, 0.5]","['relu', 'tanh', 'sigmoid', 'elu']","[1e-05, 0.01]","[2, 3, 4, 5, 6, 7, 8, 9, 10, 11, 12, 13, 14, 15, 16, 17, 18, 19, 20, 21, 22, 23, 24, 25, 26, 27, 28, 29, 30]","[16, 32, 64, 128]","[5, 10, 15, 20]","[2, 3, 5, 7]","[2, 4, 8]",anneal,minimize,local
4edkf6m2,178,1340,1779134076241,,/home/meliani/nni-experiments/4edkf6m2,42,exp_anneal_1500s_tt_only_tt_only,hpo,/home/meliani/Desktop/phd/fast-track/search_space.json,python3 trial.py --data ./tt_only.csv,/home/meliani/Desktop/phd/fast-track,1,1500s,100000000,False,False,info,/home/meliani/nni-experiments,"['LSTM', 'GRU', 'CNN', 'RNN', 'TCN', 'Transformer', 'MLP']","[16, 32, 64, 128, 256]","[1, 2, 3, 4]","[0, 0.1, 0.2, 0.3, 0.5]","['relu', 'tanh', 'sigmoid', 'elu']","[1e-05, 0.01]","[2, 3, 4, 5, 6, 7, 8, 9, 10, 11, 12, 13, 14, 15, 16, 17, 18, 19, 20, 21, 22, 23, 24, 25, 26, 27, 28, 29, 30]","[16, 32, 64, 128]","[5, 10, 15, 20]","[2, 3, 5, 7]","[2, 4, 8]",anneal,minimize,local
4edkf6m2,179,1350,1779134076241,,/home/meliani/nni-experiments/4edkf6m2,42,exp_anneal_1500s_tt_only_tt_only,hpo,/home/meliani/Desktop/phd/fast-track/search_space.json,python3 trial.py --data ./tt_only.csv,/home/meliani/Desktop/phd/fast-track,1,1500s,100000000,False,False,info,/home/meliani/nni-experiments,"['LSTM', 'GRU', 'CNN', 'RNN', 'TCN', 'Transformer', 'MLP']","[16, 32, 64, 128, 256]","[1, 2, 3, 4]","[0, 0.1, 0.2, 0.3, 0.5]","['relu', 'tanh', 'sigmoid', 'elu']","[1e-05, 0.01]","[2, 3, 4, 5, 6, 7, 8, 9, 10, 11, 12, 13, 14, 15, 16, 17, 18, 19, 20, 21, 22, 23, 24, 25, 26, 27, 28, 29, 30]","[16, 32, 64, 128]","[5, 10, 15, 20]","[2, 3, 5, 7]","[2, 4, 8]",anneal,minimize,local
4edkf6m2,180,1360,1779134076241,,/home/meliani/nni-experiments/4edkf6m2,42,exp_anneal_1500s_tt_only_tt_only,hpo,/home/meliani/Desktop/phd/fast-track/search_space.json,python3 trial.py --data ./tt_only.csv,/home/meliani/Desktop/phd/fast-track,1,1500s,100000000,False,False,info,/home/meliani/nni-experiments,"['LSTM', 'GRU', 'CNN', 'RNN', 'TCN', 'Transformer', 'MLP']","[16, 32, 64, 128, 256]","[1, 2, 3, 4]","[0, 0.1, 0.2, 0.3, 0.5]","['relu', 'tanh', 'sigmoid', 'elu']","[1e-05, 0.01]","[2, 3, 4, 5, 6, 7, 8, 9, 10, 11, 12, 13, 14, 15, 16, 17, 18, 19, 20, 21, 22, 23, 24, 25, 26, 27, 28, 29, 30]","[16, 32, 64, 128]","[5, 10, 15, 20]","[2, 3, 5, 7]","[2, 4, 8]",anneal,minimize,local
4edkf6m2,181,1370,1779134076241,,/home/meliani/nni-experiments/4edkf6m2,42,exp_anneal_1500s_tt_only_tt_only,hpo,/home/meliani/Desktop/phd/fast-track/search_space.json,python3 trial.py --data ./tt_only.csv,/home/meliani/Desktop/phd/fast-track,1,1500s,100000000,False,False,info,/home/meliani/nni-experiments,"['LSTM', 'GRU', 'CNN', 'RNN', 'TCN', 'Transformer', 'MLP']","[16, 32, 64, 128, 256]","[1, 2, 3, 4]","[0, 0.1, 0.2, 0.3, 0.5]","['relu', 'tanh', 'sigmoid', 'elu']","[1e-05, 0.01]","[2, 3, 4, 5, 6, 7, 8, 9, 10, 11, 12, 13, 14, 15, 16, 17, 18, 19, 20, 21, 22, 23, 24, 25, 26, 27, 28, 29, 30]","[16, 32, 64, 128]","[5, 10, 15, 20]","[2, 3, 5, 7]","[2, 4, 8]",anneal,minimize,local
4edkf6m2,182,1380,1779134076241,,/home/meliani/nni-experiments/4edkf6m2,42,exp_anneal_1500s_tt_only_tt_only,hpo,/home/meliani/Desktop/phd/fast-track/search_space.json,python3 trial.py --data ./tt_only.csv,/home/meliani/Desktop/phd/fast-track,1,1500s,100000000,False,False,info,/home/meliani/nni-experiments,"['LSTM', 'GRU', 'CNN', 'RNN', 'TCN', 'Transformer', 'MLP']","[16, 32, 64, 128, 256]","[1, 2, 3, 4]","[0, 0.1, 0.2, 0.3, 0.5]","['relu', 'tanh', 'sigmoid', 'elu']","[1e-05, 0.01]","[2, 3, 4, 5, 6, 7, 8, 9, 10, 11, 12, 13, 14, 15, 16, 17, 18, 19, 20, 21, 22, 23, 24, 25, 26, 27, 28, 29, 30]","[16, 32, 64, 128]","[5, 10, 15, 20]","[2, 3, 5, 7]","[2, 4, 8]",anneal,minimize,local
4edkf6m2,183,1390,1779134076241,,/home/meliani/nni-experiments/4edkf6m2,42,exp_anneal_1500s_tt_only_tt_only,hpo,/home/meliani/Desktop/phd/fast-track/search_space.json,python3 trial.py --data ./tt_only.csv,/home/meliani/Desktop/phd/fast-track,1,1500s,100000000,False,False,info,/home/meliani/nni-experiments,"['LSTM', 'GRU', 'CNN', 'RNN', 'TCN', 'Transformer', 'MLP']","[16, 32, 64, 128, 256]","[1, 2, 3, 4]","[0, 0.1, 0.2, 0.3, 0.5]","['relu', 'tanh', 'sigmoid', 'elu']","[1e-05, 0.01]","[2, 3, 4, 5, 6, 7, 8, 9, 10, 11, 12, 13, 14, 15, 16, 17, 18, 19, 20, 21, 22, 23, 24, 25, 26, 27, 28, 29, 30]","[16, 32, 64, 128]","[5, 10, 15, 20]","[2, 3, 5, 7]","[2, 4, 8]",anneal,minimize,local
4edkf6m2,184,1400,1779134076241,,/home/meliani/nni-experiments/4edkf6m2,42,exp_anneal_1500s_tt_only_tt_only,hpo,/home/meliani/Desktop/phd/fast-track/search_space.json,python3 trial.py --data ./tt_only.csv,/home/meliani/Desktop/phd/fast-track,1,1500s,100000000,False,False,info,/home/meliani/nni-experiments,"['LSTM', 'GRU', 'CNN', 'RNN', 'TCN', 'Transformer', 'MLP']","[16, 32, 64, 128, 256]","[1, 2, 3, 4]","[0, 0.1, 0.2, 0.3, 0.5]","['relu', 'tanh', 'sigmoid', 'elu']","[1e-05, 0.01]","[2, 3, 4, 5, 6, 7, 8, 9, 10, 11, 12, 13, 14, 15, 16, 17, 18, 19, 20, 21, 22, 23, 24, 25, 26, 27, 28, 29, 30]","[16, 32, 64, 128]","[5, 10, 15, 20]","[2, 3, 5, 7]","[2, 4, 8]",anneal,minimize,local
4edkf6m2,185,1410,1779134076241,,/home/meliani/nni-experiments/4edkf6m2,42,exp_anneal_1500s_tt_only_tt_only,hpo,/home/meliani/Desktop/phd/fast-track/search_space.json,python3 trial.py --data ./tt_only.csv,/home/meliani/Desktop/phd/fast-track,1,1500s,100000000,False,False,info,/home/meliani/nni-experiments,"['LSTM', 'GRU', 'CNN', 'RNN', 'TCN', 'Transformer', 'MLP']","[16, 32, 64, 128, 256]","[1, 2, 3, 4]","[0, 0.1, 0.2, 0.3, 0.5]","['relu', 'tanh', 'sigmoid', 'elu']","[1e-05, 0.01]","[2, 3, 4, 5, 6, 7, 8, 9, 10, 11, 12, 13, 14, 15, 16, 17, 18, 19, 20, 21, 22, 23, 24, 25, 26, 27, 28, 29, 30]","[16, 32, 64, 128]","[5, 10, 15, 20]","[2, 3, 5, 7]","[2, 4, 8]",anneal,minimize,local
4edkf6m2,186,1420,1779134076241,,/home/meliani/nni-experiments/4edkf6m2,42,exp_anneal_1500s_tt_only_tt_only,hpo,/home/meliani/Desktop/phd/fast-track/search_space.json,python3 trial.py --data ./tt_only.csv,/home/meliani/Desktop/phd/fast-track,1,1500s,100000000,False,False,info,/home/meliani/nni-experiments,"['LSTM', 'GRU', 'CNN', 'RNN', 'TCN', 'Transformer', 'MLP']","[16, 32, 64, 128, 256]","[1, 2, 3, 4]","[0, 0.1, 0.2, 0.3, 0.5]","['relu', 'tanh', 'sigmoid', 'elu']","[1e-05, 0.01]","[2, 3, 4, 5, 6, 7, 8, 9, 10, 11, 12, 13, 14, 15, 16, 17, 18, 19, 20, 21, 22, 23, 24, 25, 26, 27, 28, 29, 30]","[16, 32, 64, 128]","[5, 10, 15, 20]","[2, 3, 5, 7]","[2, 4, 8]",anneal,minimize,local
4edkf6m2,187,1430,1779134076241,,/home/meliani/nni-experiments/4edkf6m2,42,exp_anneal_1500s_tt_only_tt_only,hpo,/home/meliani/Desktop/phd/fast-track/search_space.json,python3 trial.py --data ./tt_only.csv,/home/meliani/Desktop/phd/fast-track,1,1500s,100000000,False,False,info,/home/meliani/nni-experiments,"['LSTM', 'GRU', 'CNN', 'RNN', 'TCN', 'Transformer', 'MLP']","[16, 32, 64, 128, 256]","[1, 2, 3, 4]","[0, 0.1, 0.2, 0.3, 0.5]","['relu', 'tanh', 'sigmoid', 'elu']","[1e-05, 0.01]","[2, 3, 4, 5, 6, 7, 8, 9, 10, 11, 12, 13, 14, 15, 16, 17, 18, 19, 20, 21, 22, 23, 24, 25, 26, 27, 28, 29, 30]","[16, 32, 64, 128]","[5, 10, 15, 20]","[2, 3, 5, 7]","[2, 4, 8]",anneal,minimize,local
4edkf6m2,188,1440,1779134076241,,/home/meliani/nni-experiments/4edkf6m2,42,exp_anneal_1500s_tt_only_tt_only,hpo,/home/meliani/Desktop/phd/fast-track/search_space.json,python3 trial.py --data ./tt_only.csv,/home/meliani/Desktop/phd/fast-track,1,1500s,100000000,False,False,info,/home/meliani/nni-experiments,"['LSTM', 'GRU', 'CNN', 'RNN', 'TCN', 'Transformer', 'MLP']","[16, 32, 64, 128, 256]","[1, 2, 3, 4]","[0, 0.1, 0.2, 0.3, 0.5]","['relu', 'tanh', 'sigmoid', 'elu']","[1e-05, 0.01]","[2, 3, 4, 5, 6, 7, 8, 9, 10, 11, 12, 13, 14, 15, 16, 17, 18, 19, 20, 21, 22, 23, 24, 25, 26, 27, 28, 29, 30]","[16, 32, 64, 128]","[5, 10, 15, 20]","[2, 3, 5, 7]","[2, 4, 8]",anneal,minimize,local
4edkf6m2,189,1450,1779134076241,,/home/meliani/nni-experiments/4edkf6m2,42,exp_anneal_1500s_tt_only_tt_only,hpo,/home/meliani/Desktop/phd/fast-track/search_space.json,python3 trial.py --data ./tt_only.csv,/home/meliani/Desktop/phd/fast-track,1,1500s,100000000,False,False,info,/home/meliani/nni-experiments,"['LSTM', 'GRU', 'CNN', 'RNN', 'TCN', 'Transformer', 'MLP']","[16, 32, 64, 128, 256]","[1, 2, 3, 4]","[0, 0.1, 0.2, 0.3, 0.5]","['relu', 'tanh', 'sigmoid', 'elu']","[1e-05, 0.01]","[2, 3, 4, 5, 6, 7, 8, 9, 10, 11, 12, 13, 14, 15, 16, 17, 18, 19, 20, 21, 22, 23, 24, 25, 26, 27, 28, 29, 30]","[16, 32, 64, 128]","[5, 10, 15, 20]","[2, 3, 5, 7]","[2, 4, 8]",anneal,minimize,local
4edkf6m2,190,1460,1779134076241,,/home/meliani/nni-experiments/4edkf6m2,42,exp_anneal_1500s_tt_only_tt_only,hpo,/home/meliani/Desktop/phd/fast-track/search_space.json,python3 trial.py --data ./tt_only.csv,/home/meliani/Desktop/phd/fast-track,1,1500s,100000000,False,False,info,/home/meliani/nni-experiments,"['LSTM', 'GRU', 'CNN', 'RNN', 'TCN', 'Transformer', 'MLP']","[16, 32, 64, 128, 256]","[1, 2, 3, 4]","[0, 0.1, 0.2, 0.3, 0.5]","['relu', 'tanh', 'sigmoid', 'elu']","[1e-05, 0.01]","[2, 3, 4, 5, 6, 7, 8, 9, 10, 11, 12, 13, 14, 15, 16, 17, 18, 19, 20, 21, 22, 23, 24, 25, 26, 27, 28, 29, 30]","[16, 32, 64, 128]","[5, 10, 15, 20]","[2, 3, 5, 7]","[2, 4, 8]",anneal,minimize,local
4edkf6m2,191,1470,1779134076241,,/home/meliani/nni-experiments/4edkf6m2,42,exp_anneal_1500s_tt_only_tt_only,hpo,/home/meliani/Desktop/phd/fast-track/search_space.json,python3 trial.py --data ./tt_only.csv,/home/meliani/Desktop/phd/fast-track,1,1500s,100000000,False,False,info,/home/meliani/nni-experiments,"['LSTM', 'GRU', 'CNN', 'RNN', 'TCN', 'Transformer', 'MLP']","[16, 32, 64, 128, 256]","[1, 2, 3, 4]","[0, 0.1, 0.2, 0.3, 0.5]","['relu', 'tanh', 'sigmoid', 'elu']","[1e-05, 0.01]","[2, 3, 4, 5, 6, 7, 8, 9, 10, 11, 12, 13, 14, 15, 16, 17, 18, 19, 20, 21, 22, 23, 24, 25, 26, 27, 28, 29, 30]","[16, 32, 64, 128]","[5, 10, 15, 20]","[2, 3, 5, 7]","[2, 4, 8]",anneal,minimize,local
4edkf6m2,192,1480,1779134076241,,/home/meliani/nni-experiments/4edkf6m2,42,exp_anneal_1500s_tt_only_tt_only,hpo,/home/meliani/Desktop/phd/fast-track/search_space.json,python3 trial.py --data ./tt_only.csv,/home/meliani/Desktop/phd/fast-track,1,1500s,100000000,False,False,info,/home/meliani/nni-experiments,"['LSTM', 'GRU', 'CNN', 'RNN', 'TCN', 'Transformer', 'MLP']","[16, 32, 64, 128, 256]","[1, 2, 3, 4]","[0, 0.1, 0.2, 0.3, 0.5]","['relu', 'tanh', 'sigmoid', 'elu']","[1e-05, 0.01]","[2, 3, 4, 5, 6, 7, 8, 9, 10, 11, 12, 13, 14, 15, 16, 17, 18, 19, 20, 21, 22, 23, 24, 25, 26, 27, 28, 29, 30]","[16, 32, 64, 128]","[5, 10, 15, 20]","[2, 3, 5, 7]","[2, 4, 8]",anneal,minimize,local
4edkf6m2,193,1490,1779134076241,,/home/meliani/nni-experiments/4edkf6m2,42,exp_anneal_1500s_tt_only_tt_only,hpo,/home/meliani/Desktop/phd/fast-track/search_space.json,python3 trial.py --data ./tt_only.csv,/home/meliani/Desktop/phd/fast-track,1,1500s,100000000,False,False,info,/home/meliani/nni-experiments,"['LSTM', 'GRU', 'CNN', 'RNN', 'TCN', 'Transformer', 'MLP']","[16, 32, 64, 128, 256]","[1, 2, 3, 4]","[0, 0.1, 0.2, 0.3, 0.5]","['relu', 'tanh', 'sigmoid', 'elu']","[1e-05, 0.01]","[2, 3, 4, 5, 6, 7, 8, 9, 10, 11, 12, 13, 14, 15, 16, 17, 18, 19, 20, 21, 22, 23, 24, 25, 26, 27, 28, 29, 30]","[16, 32, 64, 128]","[5, 10, 15, 20]","[2, 3, 5, 7]","[2, 4, 8]",anneal,minimize,local
4edkf6m2,194,1500,1779134076241,,/home/meliani/nni-experiments/4edkf6m2,42,exp_anneal_1500s_tt_only_tt_only,hpo,/home/meliani/Desktop/phd/fast-track/search_space.json,python3 trial.py --data ./tt_only.csv,/home/meliani/Desktop/phd/fast-track,1,1500s,100000000,False,False,info,/home/meliani/nni-experiments,"['LSTM', 'GRU', 'CNN', 'RNN', 'TCN', 'Transformer', 'MLP']","[16, 32, 64, 128, 256]","[1, 2, 3, 4]","[0, 0.1, 0.2, 0.3, 0.5]","['relu', 'tanh', 'sigmoid', 'elu']","[1e-05, 0.01]","[2, 3, 4, 5, 6, 7, 8, 9, 10, 11, 12, 13, 14, 15, 16, 17, 18, 19, 20, 21, 22, 23, 24, 25, 26, 27, 28, 29, 30]","[16, 32, 64, 128]","[5, 10, 15, 20]","[2, 3, 5, 7]","[2, 4, 8]",anneal,minimize,local
4edkf6m2,195,1505,1779134076241,1779135588795,/home/meliani/nni-experiments/4edkf6m2,42,exp_anneal_1500s_tt_only_tt_only,hpo,/home/meliani/Desktop/phd/fast-track/search_space.json,python3 trial.py --data ./tt_only.csv,/home/meliani/Desktop/phd/fast-track,1,1500s,100000000,False,False,info,/home/meliani/nni-experiments,"['LSTM', 'GRU', 'CNN', 'RNN', 'TCN', 'Transformer', 'MLP']","[16, 32, 64, 128, 256]","[1, 2, 3, 4]","[0, 0.1, 0.2, 0.3, 0.5]","['relu', 'tanh', 'sigmoid', 'elu']","[1e-05, 0.01]","[2, 3, 4, 5, 6, 7, 8, 9, 10, 11, 12, 13, 14, 15, 16, 17, 18, 19, 20, 21, 22, 23, 24, 25, 26, 27, 28, 29, 30]","[16, 32, 64, 128]","[5, 10, 15, 20]","[2, 3, 5, 7]","[2, 4, 8]",anneal,minimize,local
