experiment_id,trial_id,status,start_time,end_time,working_directory,exit_code,experiment_name,experiment_type,search_space_file,trial_command,trial_code_directory,trial_concurrency,max_duration,max_trials,use_annotation,debug_mode,log_level,exp_working_dir,model_types,unit_values,layer_counts,dropout_rates,activations,learning_rate_range,window_sizes,batch_sizes,epoch_options,kernel_sizes,attention_heads,tuner_name,optimize_mode,training_platform
b8i2hzft,1,0,1778637137405,,/home/meliani/nni-experiments/b8i2hzft,0,exp_anneal_900s_mat_only_mat_only,hpo,/home/meliani/Desktop/phd/fast-track/search_space.json,python3 trial.py --data ./mat_only.csv,/home/meliani/Desktop/phd/fast-track,1,900s,100000000,False,False,info,/home/meliani/nni-experiments,"['LSTM', 'GRU', 'CNN', 'RNN', 'TCN', 'Transformer', 'MLP']","[16, 32, 64, 128, 256]","[1, 2, 3, 4]","[0, 0.1, 0.2, 0.3, 0.5]","['relu', 'tanh', 'sigmoid', 'elu']","[1e-05, 0.01]","[2, 3, 4, 5, 6, 7, 8, 9, 10, 11, 12, 13, 14, 15, 16, 17, 18, 19, 20, 21, 22, 23, 24, 25, 26, 27, 28, 29, 30]","[16, 32, 64, 128]","[5, 10, 15, 20]","[2, 3, 5, 7]","[2, 4, 8]",anneal,minimize,local
b8i2hzft,2,0,1778637137405,,/home/meliani/nni-experiments/b8i2hzft,0,exp_anneal_900s_mat_only_mat_only,hpo,/home/meliani/Desktop/phd/fast-track/search_space.json,python3 trial.py --data ./mat_only.csv,/home/meliani/Desktop/phd/fast-track,1,900s,100000000,False,False,info,/home/meliani/nni-experiments,"['LSTM', 'GRU', 'CNN', 'RNN', 'TCN', 'Transformer', 'MLP']","[16, 32, 64, 128, 256]","[1, 2, 3, 4]","[0, 0.1, 0.2, 0.3, 0.5]","['relu', 'tanh', 'sigmoid', 'elu']","[1e-05, 0.01]","[2, 3, 4, 5, 6, 7, 8, 9, 10, 11, 12, 13, 14, 15, 16, 17, 18, 19, 20, 21, 22, 23, 24, 25, 26, 27, 28, 29, 30]","[16, 32, 64, 128]","[5, 10, 15, 20]","[2, 3, 5, 7]","[2, 4, 8]",anneal,minimize,local
b8i2hzft,3,0,1778637137405,,/home/meliani/nni-experiments/b8i2hzft,1,exp_anneal_900s_mat_only_mat_only,hpo,/home/meliani/Desktop/phd/fast-track/search_space.json,python3 trial.py --data ./mat_only.csv,/home/meliani/Desktop/phd/fast-track,1,900s,100000000,False,False,info,/home/meliani/nni-experiments,"['LSTM', 'GRU', 'CNN', 'RNN', 'TCN', 'Transformer', 'MLP']","[16, 32, 64, 128, 256]","[1, 2, 3, 4]","[0, 0.1, 0.2, 0.3, 0.5]","['relu', 'tanh', 'sigmoid', 'elu']","[1e-05, 0.01]","[2, 3, 4, 5, 6, 7, 8, 9, 10, 11, 12, 13, 14, 15, 16, 17, 18, 19, 20, 21, 22, 23, 24, 25, 26, 27, 28, 29, 30]","[16, 32, 64, 128]","[5, 10, 15, 20]","[2, 3, 5, 7]","[2, 4, 8]",anneal,minimize,local
b8i2hzft,4,7,1778637137405,,/home/meliani/nni-experiments/b8i2hzft,2,exp_anneal_900s_mat_only_mat_only,hpo,/home/meliani/Desktop/phd/fast-track/search_space.json,python3 trial.py --data ./mat_only.csv,/home/meliani/Desktop/phd/fast-track,1,900s,100000000,False,False,info,/home/meliani/nni-experiments,"['LSTM', 'GRU', 'CNN', 'RNN', 'TCN', 'Transformer', 'MLP']","[16, 32, 64, 128, 256]","[1, 2, 3, 4]","[0, 0.1, 0.2, 0.3, 0.5]","['relu', 'tanh', 'sigmoid', 'elu']","[1e-05, 0.01]","[2, 3, 4, 5, 6, 7, 8, 9, 10, 11, 12, 13, 14, 15, 16, 17, 18, 19, 20, 21, 22, 23, 24, 25, 26, 27, 28, 29, 30]","[16, 32, 64, 128]","[5, 10, 15, 20]","[2, 3, 5, 7]","[2, 4, 8]",anneal,minimize,local
b8i2hzft,5,10,1778637137405,,/home/meliani/nni-experiments/b8i2hzft,2,exp_anneal_900s_mat_only_mat_only,hpo,/home/meliani/Desktop/phd/fast-track/search_space.json,python3 trial.py --data ./mat_only.csv,/home/meliani/Desktop/phd/fast-track,1,900s,100000000,False,False,info,/home/meliani/nni-experiments,"['LSTM', 'GRU', 'CNN', 'RNN', 'TCN', 'Transformer', 'MLP']","[16, 32, 64, 128, 256]","[1, 2, 3, 4]","[0, 0.1, 0.2, 0.3, 0.5]","['relu', 'tanh', 'sigmoid', 'elu']","[1e-05, 0.01]","[2, 3, 4, 5, 6, 7, 8, 9, 10, 11, 12, 13, 14, 15, 16, 17, 18, 19, 20, 21, 22, 23, 24, 25, 26, 27, 28, 29, 30]","[16, 32, 64, 128]","[5, 10, 15, 20]","[2, 3, 5, 7]","[2, 4, 8]",anneal,minimize,local
b8i2hzft,6,14,1778637137405,,/home/meliani/nni-experiments/b8i2hzft,3,exp_anneal_900s_mat_only_mat_only,hpo,/home/meliani/Desktop/phd/fast-track/search_space.json,python3 trial.py --data ./mat_only.csv,/home/meliani/Desktop/phd/fast-track,1,900s,100000000,False,False,info,/home/meliani/nni-experiments,"['LSTM', 'GRU', 'CNN', 'RNN', 'TCN', 'Transformer', 'MLP']","[16, 32, 64, 128, 256]","[1, 2, 3, 4]","[0, 0.1, 0.2, 0.3, 0.5]","['relu', 'tanh', 'sigmoid', 'elu']","[1e-05, 0.01]","[2, 3, 4, 5, 6, 7, 8, 9, 10, 11, 12, 13, 14, 15, 16, 17, 18, 19, 20, 21, 22, 23, 24, 25, 26, 27, 28, 29, 30]","[16, 32, 64, 128]","[5, 10, 15, 20]","[2, 3, 5, 7]","[2, 4, 8]",anneal,minimize,local
b8i2hzft,7,20,1778637137405,,/home/meliani/nni-experiments/b8i2hzft,3,exp_anneal_900s_mat_only_mat_only,hpo,/home/meliani/Desktop/phd/fast-track/search_space.json,python3 trial.py --data ./mat_only.csv,/home/meliani/Desktop/phd/fast-track,1,900s,100000000,False,False,info,/home/meliani/nni-experiments,"['LSTM', 'GRU', 'CNN', 'RNN', 'TCN', 'Transformer', 'MLP']","[16, 32, 64, 128, 256]","[1, 2, 3, 4]","[0, 0.1, 0.2, 0.3, 0.5]","['relu', 'tanh', 'sigmoid', 'elu']","[1e-05, 0.01]","[2, 3, 4, 5, 6, 7, 8, 9, 10, 11, 12, 13, 14, 15, 16, 17, 18, 19, 20, 21, 22, 23, 24, 25, 26, 27, 28, 29, 30]","[16, 32, 64, 128]","[5, 10, 15, 20]","[2, 3, 5, 7]","[2, 4, 8]",anneal,minimize,local
b8i2hzft,8,28,1778637137405,,/home/meliani/nni-experiments/b8i2hzft,4,exp_anneal_900s_mat_only_mat_only,hpo,/home/meliani/Desktop/phd/fast-track/search_space.json,python3 trial.py --data ./mat_only.csv,/home/meliani/Desktop/phd/fast-track,1,900s,100000000,False,False,info,/home/meliani/nni-experiments,"['LSTM', 'GRU', 'CNN', 'RNN', 'TCN', 'Transformer', 'MLP']","[16, 32, 64, 128, 256]","[1, 2, 3, 4]","[0, 0.1, 0.2, 0.3, 0.5]","['relu', 'tanh', 'sigmoid', 'elu']","[1e-05, 0.01]","[2, 3, 4, 5, 6, 7, 8, 9, 10, 11, 12, 13, 14, 15, 16, 17, 18, 19, 20, 21, 22, 23, 24, 25, 26, 27, 28, 29, 30]","[16, 32, 64, 128]","[5, 10, 15, 20]","[2, 3, 5, 7]","[2, 4, 8]",anneal,minimize,local
b8i2hzft,9,30,1778637137405,,/home/meliani/nni-experiments/b8i2hzft,4,exp_anneal_900s_mat_only_mat_only,hpo,/home/meliani/Desktop/phd/fast-track/search_space.json,python3 trial.py --data ./mat_only.csv,/home/meliani/Desktop/phd/fast-track,1,900s,100000000,False,False,info,/home/meliani/nni-experiments,"['LSTM', 'GRU', 'CNN', 'RNN', 'TCN', 'Transformer', 'MLP']","[16, 32, 64, 128, 256]","[1, 2, 3, 4]","[0, 0.1, 0.2, 0.3, 0.5]","['relu', 'tanh', 'sigmoid', 'elu']","[1e-05, 0.01]","[2, 3, 4, 5, 6, 7, 8, 9, 10, 11, 12, 13, 14, 15, 16, 17, 18, 19, 20, 21, 22, 23, 24, 25, 26, 27, 28, 29, 30]","[16, 32, 64, 128]","[5, 10, 15, 20]","[2, 3, 5, 7]","[2, 4, 8]",anneal,minimize,local
b8i2hzft,10,32,1778637137405,,/home/meliani/nni-experiments/b8i2hzft,5,exp_anneal_900s_mat_only_mat_only,hpo,/home/meliani/Desktop/phd/fast-track/search_space.json,python3 trial.py --data ./mat_only.csv,/home/meliani/Desktop/phd/fast-track,1,900s,100000000,False,False,info,/home/meliani/nni-experiments,"['LSTM', 'GRU', 'CNN', 'RNN', 'TCN', 'Transformer', 'MLP']","[16, 32, 64, 128, 256]","[1, 2, 3, 4]","[0, 0.1, 0.2, 0.3, 0.5]","['relu', 'tanh', 'sigmoid', 'elu']","[1e-05, 0.01]","[2, 3, 4, 5, 6, 7, 8, 9, 10, 11, 12, 13, 14, 15, 16, 17, 18, 19, 20, 21, 22, 23, 24, 25, 26, 27, 28, 29, 30]","[16, 32, 64, 128]","[5, 10, 15, 20]","[2, 3, 5, 7]","[2, 4, 8]",anneal,minimize,local
b8i2hzft,11,40,1778637137405,,/home/meliani/nni-experiments/b8i2hzft,5,exp_anneal_900s_mat_only_mat_only,hpo,/home/meliani/Desktop/phd/fast-track/search_space.json,python3 trial.py --data ./mat_only.csv,/home/meliani/Desktop/phd/fast-track,1,900s,100000000,False,False,info,/home/meliani/nni-experiments,"['LSTM', 'GRU', 'CNN', 'RNN', 'TCN', 'Transformer', 'MLP']","[16, 32, 64, 128, 256]","[1, 2, 3, 4]","[0, 0.1, 0.2, 0.3, 0.5]","['relu', 'tanh', 'sigmoid', 'elu']","[1e-05, 0.01]","[2, 3, 4, 5, 6, 7, 8, 9, 10, 11, 12, 13, 14, 15, 16, 17, 18, 19, 20, 21, 22, 23, 24, 25, 26, 27, 28, 29, 30]","[16, 32, 64, 128]","[5, 10, 15, 20]","[2, 3, 5, 7]","[2, 4, 8]",anneal,minimize,local
b8i2hzft,12,41,1778637137405,,/home/meliani/nni-experiments/b8i2hzft,6,exp_anneal_900s_mat_only_mat_only,hpo,/home/meliani/Desktop/phd/fast-track/search_space.json,python3 trial.py --data ./mat_only.csv,/home/meliani/Desktop/phd/fast-track,1,900s,100000000,False,False,info,/home/meliani/nni-experiments,"['LSTM', 'GRU', 'CNN', 'RNN', 'TCN', 'Transformer', 'MLP']","[16, 32, 64, 128, 256]","[1, 2, 3, 4]","[0, 0.1, 0.2, 0.3, 0.5]","['relu', 'tanh', 'sigmoid', 'elu']","[1e-05, 0.01]","[2, 3, 4, 5, 6, 7, 8, 9, 10, 11, 12, 13, 14, 15, 16, 17, 18, 19, 20, 21, 22, 23, 24, 25, 26, 27, 28, 29, 30]","[16, 32, 64, 128]","[5, 10, 15, 20]","[2, 3, 5, 7]","[2, 4, 8]",anneal,minimize,local
b8i2hzft,13,46,1778637137405,,/home/meliani/nni-experiments/b8i2hzft,7,exp_anneal_900s_mat_only_mat_only,hpo,/home/meliani/Desktop/phd/fast-track/search_space.json,python3 trial.py --data ./mat_only.csv,/home/meliani/Desktop/phd/fast-track,1,900s,100000000,False,False,info,/home/meliani/nni-experiments,"['LSTM', 'GRU', 'CNN', 'RNN', 'TCN', 'Transformer', 'MLP']","[16, 32, 64, 128, 256]","[1, 2, 3, 4]","[0, 0.1, 0.2, 0.3, 0.5]","['relu', 'tanh', 'sigmoid', 'elu']","[1e-05, 0.01]","[2, 3, 4, 5, 6, 7, 8, 9, 10, 11, 12, 13, 14, 15, 16, 17, 18, 19, 20, 21, 22, 23, 24, 25, 26, 27, 28, 29, 30]","[16, 32, 64, 128]","[5, 10, 15, 20]","[2, 3, 5, 7]","[2, 4, 8]",anneal,minimize,local
b8i2hzft,14,50,1778637137405,,/home/meliani/nni-experiments/b8i2hzft,7,exp_anneal_900s_mat_only_mat_only,hpo,/home/meliani/Desktop/phd/fast-track/search_space.json,python3 trial.py --data ./mat_only.csv,/home/meliani/Desktop/phd/fast-track,1,900s,100000000,False,False,info,/home/meliani/nni-experiments,"['LSTM', 'GRU', 'CNN', 'RNN', 'TCN', 'Transformer', 'MLP']","[16, 32, 64, 128, 256]","[1, 2, 3, 4]","[0, 0.1, 0.2, 0.3, 0.5]","['relu', 'tanh', 'sigmoid', 'elu']","[1e-05, 0.01]","[2, 3, 4, 5, 6, 7, 8, 9, 10, 11, 12, 13, 14, 15, 16, 17, 18, 19, 20, 21, 22, 23, 24, 25, 26, 27, 28, 29, 30]","[16, 32, 64, 128]","[5, 10, 15, 20]","[2, 3, 5, 7]","[2, 4, 8]",anneal,minimize,local
b8i2hzft,15,60,1778637137405,,/home/meliani/nni-experiments/b8i2hzft,7,exp_anneal_900s_mat_only_mat_only,hpo,/home/meliani/Desktop/phd/fast-track/search_space.json,python3 trial.py --data ./mat_only.csv,/home/meliani/Desktop/phd/fast-track,1,900s,100000000,False,False,info,/home/meliani/nni-experiments,"['LSTM', 'GRU', 'CNN', 'RNN', 'TCN', 'Transformer', 'MLP']","[16, 32, 64, 128, 256]","[1, 2, 3, 4]","[0, 0.1, 0.2, 0.3, 0.5]","['relu', 'tanh', 'sigmoid', 'elu']","[1e-05, 0.01]","[2, 3, 4, 5, 6, 7, 8, 9, 10, 11, 12, 13, 14, 15, 16, 17, 18, 19, 20, 21, 22, 23, 24, 25, 26, 27, 28, 29, 30]","[16, 32, 64, 128]","[5, 10, 15, 20]","[2, 3, 5, 7]","[2, 4, 8]",anneal,minimize,local
b8i2hzft,16,66,1778637137405,,/home/meliani/nni-experiments/b8i2hzft,8,exp_anneal_900s_mat_only_mat_only,hpo,/home/meliani/Desktop/phd/fast-track/search_space.json,python3 trial.py --data ./mat_only.csv,/home/meliani/Desktop/phd/fast-track,1,900s,100000000,False,False,info,/home/meliani/nni-experiments,"['LSTM', 'GRU', 'CNN', 'RNN', 'TCN', 'Transformer', 'MLP']","[16, 32, 64, 128, 256]","[1, 2, 3, 4]","[0, 0.1, 0.2, 0.3, 0.5]","['relu', 'tanh', 'sigmoid', 'elu']","[1e-05, 0.01]","[2, 3, 4, 5, 6, 7, 8, 9, 10, 11, 12, 13, 14, 15, 16, 17, 18, 19, 20, 21, 22, 23, 24, 25, 26, 27, 28, 29, 30]","[16, 32, 64, 128]","[5, 10, 15, 20]","[2, 3, 5, 7]","[2, 4, 8]",anneal,minimize,local
b8i2hzft,17,70,1778637137405,,/home/meliani/nni-experiments/b8i2hzft,8,exp_anneal_900s_mat_only_mat_only,hpo,/home/meliani/Desktop/phd/fast-track/search_space.json,python3 trial.py --data ./mat_only.csv,/home/meliani/Desktop/phd/fast-track,1,900s,100000000,False,False,info,/home/meliani/nni-experiments,"['LSTM', 'GRU', 'CNN', 'RNN', 'TCN', 'Transformer', 'MLP']","[16, 32, 64, 128, 256]","[1, 2, 3, 4]","[0, 0.1, 0.2, 0.3, 0.5]","['relu', 'tanh', 'sigmoid', 'elu']","[1e-05, 0.01]","[2, 3, 4, 5, 6, 7, 8, 9, 10, 11, 12, 13, 14, 15, 16, 17, 18, 19, 20, 21, 22, 23, 24, 25, 26, 27, 28, 29, 30]","[16, 32, 64, 128]","[5, 10, 15, 20]","[2, 3, 5, 7]","[2, 4, 8]",anneal,minimize,local
b8i2hzft,18,80,1778637137405,,/home/meliani/nni-experiments/b8i2hzft,8,exp_anneal_900s_mat_only_mat_only,hpo,/home/meliani/Desktop/phd/fast-track/search_space.json,python3 trial.py --data ./mat_only.csv,/home/meliani/Desktop/phd/fast-track,1,900s,100000000,False,False,info,/home/meliani/nni-experiments,"['LSTM', 'GRU', 'CNN', 'RNN', 'TCN', 'Transformer', 'MLP']","[16, 32, 64, 128, 256]","[1, 2, 3, 4]","[0, 0.1, 0.2, 0.3, 0.5]","['relu', 'tanh', 'sigmoid', 'elu']","[1e-05, 0.01]","[2, 3, 4, 5, 6, 7, 8, 9, 10, 11, 12, 13, 14, 15, 16, 17, 18, 19, 20, 21, 22, 23, 24, 25, 26, 27, 28, 29, 30]","[16, 32, 64, 128]","[5, 10, 15, 20]","[2, 3, 5, 7]","[2, 4, 8]",anneal,minimize,local
b8i2hzft,19,90,1778637137405,,/home/meliani/nni-experiments/b8i2hzft,8,exp_anneal_900s_mat_only_mat_only,hpo,/home/meliani/Desktop/phd/fast-track/search_space.json,python3 trial.py --data ./mat_only.csv,/home/meliani/Desktop/phd/fast-track,1,900s,100000000,False,False,info,/home/meliani/nni-experiments,"['LSTM', 'GRU', 'CNN', 'RNN', 'TCN', 'Transformer', 'MLP']","[16, 32, 64, 128, 256]","[1, 2, 3, 4]","[0, 0.1, 0.2, 0.3, 0.5]","['relu', 'tanh', 'sigmoid', 'elu']","[1e-05, 0.01]","[2, 3, 4, 5, 6, 7, 8, 9, 10, 11, 12, 13, 14, 15, 16, 17, 18, 19, 20, 21, 22, 23, 24, 25, 26, 27, 28, 29, 30]","[16, 32, 64, 128]","[5, 10, 15, 20]","[2, 3, 5, 7]","[2, 4, 8]",anneal,minimize,local
b8i2hzft,20,100,1778637137405,,/home/meliani/nni-experiments/b8i2hzft,8,exp_anneal_900s_mat_only_mat_only,hpo,/home/meliani/Desktop/phd/fast-track/search_space.json,python3 trial.py --data ./mat_only.csv,/home/meliani/Desktop/phd/fast-track,1,900s,100000000,False,False,info,/home/meliani/nni-experiments,"['LSTM', 'GRU', 'CNN', 'RNN', 'TCN', 'Transformer', 'MLP']","[16, 32, 64, 128, 256]","[1, 2, 3, 4]","[0, 0.1, 0.2, 0.3, 0.5]","['relu', 'tanh', 'sigmoid', 'elu']","[1e-05, 0.01]","[2, 3, 4, 5, 6, 7, 8, 9, 10, 11, 12, 13, 14, 15, 16, 17, 18, 19, 20, 21, 22, 23, 24, 25, 26, 27, 28, 29, 30]","[16, 32, 64, 128]","[5, 10, 15, 20]","[2, 3, 5, 7]","[2, 4, 8]",anneal,minimize,local
b8i2hzft,21,110,1778637137405,,/home/meliani/nni-experiments/b8i2hzft,8,exp_anneal_900s_mat_only_mat_only,hpo,/home/meliani/Desktop/phd/fast-track/search_space.json,python3 trial.py --data ./mat_only.csv,/home/meliani/Desktop/phd/fast-track,1,900s,100000000,False,False,info,/home/meliani/nni-experiments,"['LSTM', 'GRU', 'CNN', 'RNN', 'TCN', 'Transformer', 'MLP']","[16, 32, 64, 128, 256]","[1, 2, 3, 4]","[0, 0.1, 0.2, 0.3, 0.5]","['relu', 'tanh', 'sigmoid', 'elu']","[1e-05, 0.01]","[2, 3, 4, 5, 6, 7, 8, 9, 10, 11, 12, 13, 14, 15, 16, 17, 18, 19, 20, 21, 22, 23, 24, 25, 26, 27, 28, 29, 30]","[16, 32, 64, 128]","[5, 10, 15, 20]","[2, 3, 5, 7]","[2, 4, 8]",anneal,minimize,local
b8i2hzft,22,120,1778637137405,,/home/meliani/nni-experiments/b8i2hzft,8,exp_anneal_900s_mat_only_mat_only,hpo,/home/meliani/Desktop/phd/fast-track/search_space.json,python3 trial.py --data ./mat_only.csv,/home/meliani/Desktop/phd/fast-track,1,900s,100000000,False,False,info,/home/meliani/nni-experiments,"['LSTM', 'GRU', 'CNN', 'RNN', 'TCN', 'Transformer', 'MLP']","[16, 32, 64, 128, 256]","[1, 2, 3, 4]","[0, 0.1, 0.2, 0.3, 0.5]","['relu', 'tanh', 'sigmoid', 'elu']","[1e-05, 0.01]","[2, 3, 4, 5, 6, 7, 8, 9, 10, 11, 12, 13, 14, 15, 16, 17, 18, 19, 20, 21, 22, 23, 24, 25, 26, 27, 28, 29, 30]","[16, 32, 64, 128]","[5, 10, 15, 20]","[2, 3, 5, 7]","[2, 4, 8]",anneal,minimize,local
b8i2hzft,23,127,1778637137405,,/home/meliani/nni-experiments/b8i2hzft,9,exp_anneal_900s_mat_only_mat_only,hpo,/home/meliani/Desktop/phd/fast-track/search_space.json,python3 trial.py --data ./mat_only.csv,/home/meliani/Desktop/phd/fast-track,1,900s,100000000,False,False,info,/home/meliani/nni-experiments,"['LSTM', 'GRU', 'CNN', 'RNN', 'TCN', 'Transformer', 'MLP']","[16, 32, 64, 128, 256]","[1, 2, 3, 4]","[0, 0.1, 0.2, 0.3, 0.5]","['relu', 'tanh', 'sigmoid', 'elu']","[1e-05, 0.01]","[2, 3, 4, 5, 6, 7, 8, 9, 10, 11, 12, 13, 14, 15, 16, 17, 18, 19, 20, 21, 22, 23, 24, 25, 26, 27, 28, 29, 30]","[16, 32, 64, 128]","[5, 10, 15, 20]","[2, 3, 5, 7]","[2, 4, 8]",anneal,minimize,local
b8i2hzft,24,130,1778637137405,,/home/meliani/nni-experiments/b8i2hzft,9,exp_anneal_900s_mat_only_mat_only,hpo,/home/meliani/Desktop/phd/fast-track/search_space.json,python3 trial.py --data ./mat_only.csv,/home/meliani/Desktop/phd/fast-track,1,900s,100000000,False,False,info,/home/meliani/nni-experiments,"['LSTM', 'GRU', 'CNN', 'RNN', 'TCN', 'Transformer', 'MLP']","[16, 32, 64, 128, 256]","[1, 2, 3, 4]","[0, 0.1, 0.2, 0.3, 0.5]","['relu', 'tanh', 'sigmoid', 'elu']","[1e-05, 0.01]","[2, 3, 4, 5, 6, 7, 8, 9, 10, 11, 12, 13, 14, 15, 16, 17, 18, 19, 20, 21, 22, 23, 24, 25, 26, 27, 28, 29, 30]","[16, 32, 64, 128]","[5, 10, 15, 20]","[2, 3, 5, 7]","[2, 4, 8]",anneal,minimize,local
b8i2hzft,25,140,1778637137405,,/home/meliani/nni-experiments/b8i2hzft,9,exp_anneal_900s_mat_only_mat_only,hpo,/home/meliani/Desktop/phd/fast-track/search_space.json,python3 trial.py --data ./mat_only.csv,/home/meliani/Desktop/phd/fast-track,1,900s,100000000,False,False,info,/home/meliani/nni-experiments,"['LSTM', 'GRU', 'CNN', 'RNN', 'TCN', 'Transformer', 'MLP']","[16, 32, 64, 128, 256]","[1, 2, 3, 4]","[0, 0.1, 0.2, 0.3, 0.5]","['relu', 'tanh', 'sigmoid', 'elu']","[1e-05, 0.01]","[2, 3, 4, 5, 6, 7, 8, 9, 10, 11, 12, 13, 14, 15, 16, 17, 18, 19, 20, 21, 22, 23, 24, 25, 26, 27, 28, 29, 30]","[16, 32, 64, 128]","[5, 10, 15, 20]","[2, 3, 5, 7]","[2, 4, 8]",anneal,minimize,local
b8i2hzft,26,142,1778637137405,,/home/meliani/nni-experiments/b8i2hzft,10,exp_anneal_900s_mat_only_mat_only,hpo,/home/meliani/Desktop/phd/fast-track/search_space.json,python3 trial.py --data ./mat_only.csv,/home/meliani/Desktop/phd/fast-track,1,900s,100000000,False,False,info,/home/meliani/nni-experiments,"['LSTM', 'GRU', 'CNN', 'RNN', 'TCN', 'Transformer', 'MLP']","[16, 32, 64, 128, 256]","[1, 2, 3, 4]","[0, 0.1, 0.2, 0.3, 0.5]","['relu', 'tanh', 'sigmoid', 'elu']","[1e-05, 0.01]","[2, 3, 4, 5, 6, 7, 8, 9, 10, 11, 12, 13, 14, 15, 16, 17, 18, 19, 20, 21, 22, 23, 24, 25, 26, 27, 28, 29, 30]","[16, 32, 64, 128]","[5, 10, 15, 20]","[2, 3, 5, 7]","[2, 4, 8]",anneal,minimize,local
b8i2hzft,27,148,1778637137405,,/home/meliani/nni-experiments/b8i2hzft,11,exp_anneal_900s_mat_only_mat_only,hpo,/home/meliani/Desktop/phd/fast-track/search_space.json,python3 trial.py --data ./mat_only.csv,/home/meliani/Desktop/phd/fast-track,1,900s,100000000,False,False,info,/home/meliani/nni-experiments,"['LSTM', 'GRU', 'CNN', 'RNN', 'TCN', 'Transformer', 'MLP']","[16, 32, 64, 128, 256]","[1, 2, 3, 4]","[0, 0.1, 0.2, 0.3, 0.5]","['relu', 'tanh', 'sigmoid', 'elu']","[1e-05, 0.01]","[2, 3, 4, 5, 6, 7, 8, 9, 10, 11, 12, 13, 14, 15, 16, 17, 18, 19, 20, 21, 22, 23, 24, 25, 26, 27, 28, 29, 30]","[16, 32, 64, 128]","[5, 10, 15, 20]","[2, 3, 5, 7]","[2, 4, 8]",anneal,minimize,local
b8i2hzft,28,150,1778637137405,,/home/meliani/nni-experiments/b8i2hzft,11,exp_anneal_900s_mat_only_mat_only,hpo,/home/meliani/Desktop/phd/fast-track/search_space.json,python3 trial.py --data ./mat_only.csv,/home/meliani/Desktop/phd/fast-track,1,900s,100000000,False,False,info,/home/meliani/nni-experiments,"['LSTM', 'GRU', 'CNN', 'RNN', 'TCN', 'Transformer', 'MLP']","[16, 32, 64, 128, 256]","[1, 2, 3, 4]","[0, 0.1, 0.2, 0.3, 0.5]","['relu', 'tanh', 'sigmoid', 'elu']","[1e-05, 0.01]","[2, 3, 4, 5, 6, 7, 8, 9, 10, 11, 12, 13, 14, 15, 16, 17, 18, 19, 20, 21, 22, 23, 24, 25, 26, 27, 28, 29, 30]","[16, 32, 64, 128]","[5, 10, 15, 20]","[2, 3, 5, 7]","[2, 4, 8]",anneal,minimize,local
b8i2hzft,29,156,1778637137405,,/home/meliani/nni-experiments/b8i2hzft,12,exp_anneal_900s_mat_only_mat_only,hpo,/home/meliani/Desktop/phd/fast-track/search_space.json,python3 trial.py --data ./mat_only.csv,/home/meliani/Desktop/phd/fast-track,1,900s,100000000,False,False,info,/home/meliani/nni-experiments,"['LSTM', 'GRU', 'CNN', 'RNN', 'TCN', 'Transformer', 'MLP']","[16, 32, 64, 128, 256]","[1, 2, 3, 4]","[0, 0.1, 0.2, 0.3, 0.5]","['relu', 'tanh', 'sigmoid', 'elu']","[1e-05, 0.01]","[2, 3, 4, 5, 6, 7, 8, 9, 10, 11, 12, 13, 14, 15, 16, 17, 18, 19, 20, 21, 22, 23, 24, 25, 26, 27, 28, 29, 30]","[16, 32, 64, 128]","[5, 10, 15, 20]","[2, 3, 5, 7]","[2, 4, 8]",anneal,minimize,local
b8i2hzft,30,160,1778637137405,,/home/meliani/nni-experiments/b8i2hzft,12,exp_anneal_900s_mat_only_mat_only,hpo,/home/meliani/Desktop/phd/fast-track/search_space.json,python3 trial.py --data ./mat_only.csv,/home/meliani/Desktop/phd/fast-track,1,900s,100000000,False,False,info,/home/meliani/nni-experiments,"['LSTM', 'GRU', 'CNN', 'RNN', 'TCN', 'Transformer', 'MLP']","[16, 32, 64, 128, 256]","[1, 2, 3, 4]","[0, 0.1, 0.2, 0.3, 0.5]","['relu', 'tanh', 'sigmoid', 'elu']","[1e-05, 0.01]","[2, 3, 4, 5, 6, 7, 8, 9, 10, 11, 12, 13, 14, 15, 16, 17, 18, 19, 20, 21, 22, 23, 24, 25, 26, 27, 28, 29, 30]","[16, 32, 64, 128]","[5, 10, 15, 20]","[2, 3, 5, 7]","[2, 4, 8]",anneal,minimize,local
b8i2hzft,31,167,1778637137405,,/home/meliani/nni-experiments/b8i2hzft,13,exp_anneal_900s_mat_only_mat_only,hpo,/home/meliani/Desktop/phd/fast-track/search_space.json,python3 trial.py --data ./mat_only.csv,/home/meliani/Desktop/phd/fast-track,1,900s,100000000,False,False,info,/home/meliani/nni-experiments,"['LSTM', 'GRU', 'CNN', 'RNN', 'TCN', 'Transformer', 'MLP']","[16, 32, 64, 128, 256]","[1, 2, 3, 4]","[0, 0.1, 0.2, 0.3, 0.5]","['relu', 'tanh', 'sigmoid', 'elu']","[1e-05, 0.01]","[2, 3, 4, 5, 6, 7, 8, 9, 10, 11, 12, 13, 14, 15, 16, 17, 18, 19, 20, 21, 22, 23, 24, 25, 26, 27, 28, 29, 30]","[16, 32, 64, 128]","[5, 10, 15, 20]","[2, 3, 5, 7]","[2, 4, 8]",anneal,minimize,local
b8i2hzft,32,170,1778637137405,,/home/meliani/nni-experiments/b8i2hzft,13,exp_anneal_900s_mat_only_mat_only,hpo,/home/meliani/Desktop/phd/fast-track/search_space.json,python3 trial.py --data ./mat_only.csv,/home/meliani/Desktop/phd/fast-track,1,900s,100000000,False,False,info,/home/meliani/nni-experiments,"['LSTM', 'GRU', 'CNN', 'RNN', 'TCN', 'Transformer', 'MLP']","[16, 32, 64, 128, 256]","[1, 2, 3, 4]","[0, 0.1, 0.2, 0.3, 0.5]","['relu', 'tanh', 'sigmoid', 'elu']","[1e-05, 0.01]","[2, 3, 4, 5, 6, 7, 8, 9, 10, 11, 12, 13, 14, 15, 16, 17, 18, 19, 20, 21, 22, 23, 24, 25, 26, 27, 28, 29, 30]","[16, 32, 64, 128]","[5, 10, 15, 20]","[2, 3, 5, 7]","[2, 4, 8]",anneal,minimize,local
b8i2hzft,33,179,1778637137405,,/home/meliani/nni-experiments/b8i2hzft,14,exp_anneal_900s_mat_only_mat_only,hpo,/home/meliani/Desktop/phd/fast-track/search_space.json,python3 trial.py --data ./mat_only.csv,/home/meliani/Desktop/phd/fast-track,1,900s,100000000,False,False,info,/home/meliani/nni-experiments,"['LSTM', 'GRU', 'CNN', 'RNN', 'TCN', 'Transformer', 'MLP']","[16, 32, 64, 128, 256]","[1, 2, 3, 4]","[0, 0.1, 0.2, 0.3, 0.5]","['relu', 'tanh', 'sigmoid', 'elu']","[1e-05, 0.01]","[2, 3, 4, 5, 6, 7, 8, 9, 10, 11, 12, 13, 14, 15, 16, 17, 18, 19, 20, 21, 22, 23, 24, 25, 26, 27, 28, 29, 30]","[16, 32, 64, 128]","[5, 10, 15, 20]","[2, 3, 5, 7]","[2, 4, 8]",anneal,minimize,local
b8i2hzft,34,180,1778637137405,,/home/meliani/nni-experiments/b8i2hzft,14,exp_anneal_900s_mat_only_mat_only,hpo,/home/meliani/Desktop/phd/fast-track/search_space.json,python3 trial.py --data ./mat_only.csv,/home/meliani/Desktop/phd/fast-track,1,900s,100000000,False,False,info,/home/meliani/nni-experiments,"['LSTM', 'GRU', 'CNN', 'RNN', 'TCN', 'Transformer', 'MLP']","[16, 32, 64, 128, 256]","[1, 2, 3, 4]","[0, 0.1, 0.2, 0.3, 0.5]","['relu', 'tanh', 'sigmoid', 'elu']","[1e-05, 0.01]","[2, 3, 4, 5, 6, 7, 8, 9, 10, 11, 12, 13, 14, 15, 16, 17, 18, 19, 20, 21, 22, 23, 24, 25, 26, 27, 28, 29, 30]","[16, 32, 64, 128]","[5, 10, 15, 20]","[2, 3, 5, 7]","[2, 4, 8]",anneal,minimize,local
b8i2hzft,35,187,1778637137405,,/home/meliani/nni-experiments/b8i2hzft,15,exp_anneal_900s_mat_only_mat_only,hpo,/home/meliani/Desktop/phd/fast-track/search_space.json,python3 trial.py --data ./mat_only.csv,/home/meliani/Desktop/phd/fast-track,1,900s,100000000,False,False,info,/home/meliani/nni-experiments,"['LSTM', 'GRU', 'CNN', 'RNN', 'TCN', 'Transformer', 'MLP']","[16, 32, 64, 128, 256]","[1, 2, 3, 4]","[0, 0.1, 0.2, 0.3, 0.5]","['relu', 'tanh', 'sigmoid', 'elu']","[1e-05, 0.01]","[2, 3, 4, 5, 6, 7, 8, 9, 10, 11, 12, 13, 14, 15, 16, 17, 18, 19, 20, 21, 22, 23, 24, 25, 26, 27, 28, 29, 30]","[16, 32, 64, 128]","[5, 10, 15, 20]","[2, 3, 5, 7]","[2, 4, 8]",anneal,minimize,local
b8i2hzft,36,190,1778637137405,,/home/meliani/nni-experiments/b8i2hzft,15,exp_anneal_900s_mat_only_mat_only,hpo,/home/meliani/Desktop/phd/fast-track/search_space.json,python3 trial.py --data ./mat_only.csv,/home/meliani/Desktop/phd/fast-track,1,900s,100000000,False,False,info,/home/meliani/nni-experiments,"['LSTM', 'GRU', 'CNN', 'RNN', 'TCN', 'Transformer', 'MLP']","[16, 32, 64, 128, 256]","[1, 2, 3, 4]","[0, 0.1, 0.2, 0.3, 0.5]","['relu', 'tanh', 'sigmoid', 'elu']","[1e-05, 0.01]","[2, 3, 4, 5, 6, 7, 8, 9, 10, 11, 12, 13, 14, 15, 16, 17, 18, 19, 20, 21, 22, 23, 24, 25, 26, 27, 28, 29, 30]","[16, 32, 64, 128]","[5, 10, 15, 20]","[2, 3, 5, 7]","[2, 4, 8]",anneal,minimize,local
b8i2hzft,37,199,1778637137405,,/home/meliani/nni-experiments/b8i2hzft,16,exp_anneal_900s_mat_only_mat_only,hpo,/home/meliani/Desktop/phd/fast-track/search_space.json,python3 trial.py --data ./mat_only.csv,/home/meliani/Desktop/phd/fast-track,1,900s,100000000,False,False,info,/home/meliani/nni-experiments,"['LSTM', 'GRU', 'CNN', 'RNN', 'TCN', 'Transformer', 'MLP']","[16, 32, 64, 128, 256]","[1, 2, 3, 4]","[0, 0.1, 0.2, 0.3, 0.5]","['relu', 'tanh', 'sigmoid', 'elu']","[1e-05, 0.01]","[2, 3, 4, 5, 6, 7, 8, 9, 10, 11, 12, 13, 14, 15, 16, 17, 18, 19, 20, 21, 22, 23, 24, 25, 26, 27, 28, 29, 30]","[16, 32, 64, 128]","[5, 10, 15, 20]","[2, 3, 5, 7]","[2, 4, 8]",anneal,minimize,local
b8i2hzft,38,200,1778637137405,,/home/meliani/nni-experiments/b8i2hzft,16,exp_anneal_900s_mat_only_mat_only,hpo,/home/meliani/Desktop/phd/fast-track/search_space.json,python3 trial.py --data ./mat_only.csv,/home/meliani/Desktop/phd/fast-track,1,900s,100000000,False,False,info,/home/meliani/nni-experiments,"['LSTM', 'GRU', 'CNN', 'RNN', 'TCN', 'Transformer', 'MLP']","[16, 32, 64, 128, 256]","[1, 2, 3, 4]","[0, 0.1, 0.2, 0.3, 0.5]","['relu', 'tanh', 'sigmoid', 'elu']","[1e-05, 0.01]","[2, 3, 4, 5, 6, 7, 8, 9, 10, 11, 12, 13, 14, 15, 16, 17, 18, 19, 20, 21, 22, 23, 24, 25, 26, 27, 28, 29, 30]","[16, 32, 64, 128]","[5, 10, 15, 20]","[2, 3, 5, 7]","[2, 4, 8]",anneal,minimize,local
b8i2hzft,39,204,1778637137405,,/home/meliani/nni-experiments/b8i2hzft,17,exp_anneal_900s_mat_only_mat_only,hpo,/home/meliani/Desktop/phd/fast-track/search_space.json,python3 trial.py --data ./mat_only.csv,/home/meliani/Desktop/phd/fast-track,1,900s,100000000,False,False,info,/home/meliani/nni-experiments,"['LSTM', 'GRU', 'CNN', 'RNN', 'TCN', 'Transformer', 'MLP']","[16, 32, 64, 128, 256]","[1, 2, 3, 4]","[0, 0.1, 0.2, 0.3, 0.5]","['relu', 'tanh', 'sigmoid', 'elu']","[1e-05, 0.01]","[2, 3, 4, 5, 6, 7, 8, 9, 10, 11, 12, 13, 14, 15, 16, 17, 18, 19, 20, 21, 22, 23, 24, 25, 26, 27, 28, 29, 30]","[16, 32, 64, 128]","[5, 10, 15, 20]","[2, 3, 5, 7]","[2, 4, 8]",anneal,minimize,local
b8i2hzft,40,210,1778637137405,,/home/meliani/nni-experiments/b8i2hzft,17,exp_anneal_900s_mat_only_mat_only,hpo,/home/meliani/Desktop/phd/fast-track/search_space.json,python3 trial.py --data ./mat_only.csv,/home/meliani/Desktop/phd/fast-track,1,900s,100000000,False,False,info,/home/meliani/nni-experiments,"['LSTM', 'GRU', 'CNN', 'RNN', 'TCN', 'Transformer', 'MLP']","[16, 32, 64, 128, 256]","[1, 2, 3, 4]","[0, 0.1, 0.2, 0.3, 0.5]","['relu', 'tanh', 'sigmoid', 'elu']","[1e-05, 0.01]","[2, 3, 4, 5, 6, 7, 8, 9, 10, 11, 12, 13, 14, 15, 16, 17, 18, 19, 20, 21, 22, 23, 24, 25, 26, 27, 28, 29, 30]","[16, 32, 64, 128]","[5, 10, 15, 20]","[2, 3, 5, 7]","[2, 4, 8]",anneal,minimize,local
b8i2hzft,41,220,1778637137405,,/home/meliani/nni-experiments/b8i2hzft,17,exp_anneal_900s_mat_only_mat_only,hpo,/home/meliani/Desktop/phd/fast-track/search_space.json,python3 trial.py --data ./mat_only.csv,/home/meliani/Desktop/phd/fast-track,1,900s,100000000,False,False,info,/home/meliani/nni-experiments,"['LSTM', 'GRU', 'CNN', 'RNN', 'TCN', 'Transformer', 'MLP']","[16, 32, 64, 128, 256]","[1, 2, 3, 4]","[0, 0.1, 0.2, 0.3, 0.5]","['relu', 'tanh', 'sigmoid', 'elu']","[1e-05, 0.01]","[2, 3, 4, 5, 6, 7, 8, 9, 10, 11, 12, 13, 14, 15, 16, 17, 18, 19, 20, 21, 22, 23, 24, 25, 26, 27, 28, 29, 30]","[16, 32, 64, 128]","[5, 10, 15, 20]","[2, 3, 5, 7]","[2, 4, 8]",anneal,minimize,local
b8i2hzft,42,230,1778637137405,,/home/meliani/nni-experiments/b8i2hzft,17,exp_anneal_900s_mat_only_mat_only,hpo,/home/meliani/Desktop/phd/fast-track/search_space.json,python3 trial.py --data ./mat_only.csv,/home/meliani/Desktop/phd/fast-track,1,900s,100000000,False,False,info,/home/meliani/nni-experiments,"['LSTM', 'GRU', 'CNN', 'RNN', 'TCN', 'Transformer', 'MLP']","[16, 32, 64, 128, 256]","[1, 2, 3, 4]","[0, 0.1, 0.2, 0.3, 0.5]","['relu', 'tanh', 'sigmoid', 'elu']","[1e-05, 0.01]","[2, 3, 4, 5, 6, 7, 8, 9, 10, 11, 12, 13, 14, 15, 16, 17, 18, 19, 20, 21, 22, 23, 24, 25, 26, 27, 28, 29, 30]","[16, 32, 64, 128]","[5, 10, 15, 20]","[2, 3, 5, 7]","[2, 4, 8]",anneal,minimize,local
b8i2hzft,43,239,1778637137405,,/home/meliani/nni-experiments/b8i2hzft,18,exp_anneal_900s_mat_only_mat_only,hpo,/home/meliani/Desktop/phd/fast-track/search_space.json,python3 trial.py --data ./mat_only.csv,/home/meliani/Desktop/phd/fast-track,1,900s,100000000,False,False,info,/home/meliani/nni-experiments,"['LSTM', 'GRU', 'CNN', 'RNN', 'TCN', 'Transformer', 'MLP']","[16, 32, 64, 128, 256]","[1, 2, 3, 4]","[0, 0.1, 0.2, 0.3, 0.5]","['relu', 'tanh', 'sigmoid', 'elu']","[1e-05, 0.01]","[2, 3, 4, 5, 6, 7, 8, 9, 10, 11, 12, 13, 14, 15, 16, 17, 18, 19, 20, 21, 22, 23, 24, 25, 26, 27, 28, 29, 30]","[16, 32, 64, 128]","[5, 10, 15, 20]","[2, 3, 5, 7]","[2, 4, 8]",anneal,minimize,local
b8i2hzft,44,240,1778637137405,,/home/meliani/nni-experiments/b8i2hzft,18,exp_anneal_900s_mat_only_mat_only,hpo,/home/meliani/Desktop/phd/fast-track/search_space.json,python3 trial.py --data ./mat_only.csv,/home/meliani/Desktop/phd/fast-track,1,900s,100000000,False,False,info,/home/meliani/nni-experiments,"['LSTM', 'GRU', 'CNN', 'RNN', 'TCN', 'Transformer', 'MLP']","[16, 32, 64, 128, 256]","[1, 2, 3, 4]","[0, 0.1, 0.2, 0.3, 0.5]","['relu', 'tanh', 'sigmoid', 'elu']","[1e-05, 0.01]","[2, 3, 4, 5, 6, 7, 8, 9, 10, 11, 12, 13, 14, 15, 16, 17, 18, 19, 20, 21, 22, 23, 24, 25, 26, 27, 28, 29, 30]","[16, 32, 64, 128]","[5, 10, 15, 20]","[2, 3, 5, 7]","[2, 4, 8]",anneal,minimize,local
b8i2hzft,45,247,1778637137405,,/home/meliani/nni-experiments/b8i2hzft,19,exp_anneal_900s_mat_only_mat_only,hpo,/home/meliani/Desktop/phd/fast-track/search_space.json,python3 trial.py --data ./mat_only.csv,/home/meliani/Desktop/phd/fast-track,1,900s,100000000,False,False,info,/home/meliani/nni-experiments,"['LSTM', 'GRU', 'CNN', 'RNN', 'TCN', 'Transformer', 'MLP']","[16, 32, 64, 128, 256]","[1, 2, 3, 4]","[0, 0.1, 0.2, 0.3, 0.5]","['relu', 'tanh', 'sigmoid', 'elu']","[1e-05, 0.01]","[2, 3, 4, 5, 6, 7, 8, 9, 10, 11, 12, 13, 14, 15, 16, 17, 18, 19, 20, 21, 22, 23, 24, 25, 26, 27, 28, 29, 30]","[16, 32, 64, 128]","[5, 10, 15, 20]","[2, 3, 5, 7]","[2, 4, 8]",anneal,minimize,local
b8i2hzft,46,250,1778637137405,,/home/meliani/nni-experiments/b8i2hzft,19,exp_anneal_900s_mat_only_mat_only,hpo,/home/meliani/Desktop/phd/fast-track/search_space.json,python3 trial.py --data ./mat_only.csv,/home/meliani/Desktop/phd/fast-track,1,900s,100000000,False,False,info,/home/meliani/nni-experiments,"['LSTM', 'GRU', 'CNN', 'RNN', 'TCN', 'Transformer', 'MLP']","[16, 32, 64, 128, 256]","[1, 2, 3, 4]","[0, 0.1, 0.2, 0.3, 0.5]","['relu', 'tanh', 'sigmoid', 'elu']","[1e-05, 0.01]","[2, 3, 4, 5, 6, 7, 8, 9, 10, 11, 12, 13, 14, 15, 16, 17, 18, 19, 20, 21, 22, 23, 24, 25, 26, 27, 28, 29, 30]","[16, 32, 64, 128]","[5, 10, 15, 20]","[2, 3, 5, 7]","[2, 4, 8]",anneal,minimize,local
b8i2hzft,47,254,1778637137405,,/home/meliani/nni-experiments/b8i2hzft,20,exp_anneal_900s_mat_only_mat_only,hpo,/home/meliani/Desktop/phd/fast-track/search_space.json,python3 trial.py --data ./mat_only.csv,/home/meliani/Desktop/phd/fast-track,1,900s,100000000,False,False,info,/home/meliani/nni-experiments,"['LSTM', 'GRU', 'CNN', 'RNN', 'TCN', 'Transformer', 'MLP']","[16, 32, 64, 128, 256]","[1, 2, 3, 4]","[0, 0.1, 0.2, 0.3, 0.5]","['relu', 'tanh', 'sigmoid', 'elu']","[1e-05, 0.01]","[2, 3, 4, 5, 6, 7, 8, 9, 10, 11, 12, 13, 14, 15, 16, 17, 18, 19, 20, 21, 22, 23, 24, 25, 26, 27, 28, 29, 30]","[16, 32, 64, 128]","[5, 10, 15, 20]","[2, 3, 5, 7]","[2, 4, 8]",anneal,minimize,local
b8i2hzft,48,260,1778637137405,,/home/meliani/nni-experiments/b8i2hzft,20,exp_anneal_900s_mat_only_mat_only,hpo,/home/meliani/Desktop/phd/fast-track/search_space.json,python3 trial.py --data ./mat_only.csv,/home/meliani/Desktop/phd/fast-track,1,900s,100000000,False,False,info,/home/meliani/nni-experiments,"['LSTM', 'GRU', 'CNN', 'RNN', 'TCN', 'Transformer', 'MLP']","[16, 32, 64, 128, 256]","[1, 2, 3, 4]","[0, 0.1, 0.2, 0.3, 0.5]","['relu', 'tanh', 'sigmoid', 'elu']","[1e-05, 0.01]","[2, 3, 4, 5, 6, 7, 8, 9, 10, 11, 12, 13, 14, 15, 16, 17, 18, 19, 20, 21, 22, 23, 24, 25, 26, 27, 28, 29, 30]","[16, 32, 64, 128]","[5, 10, 15, 20]","[2, 3, 5, 7]","[2, 4, 8]",anneal,minimize,local
b8i2hzft,49,261,1778637137405,,/home/meliani/nni-experiments/b8i2hzft,21,exp_anneal_900s_mat_only_mat_only,hpo,/home/meliani/Desktop/phd/fast-track/search_space.json,python3 trial.py --data ./mat_only.csv,/home/meliani/Desktop/phd/fast-track,1,900s,100000000,False,False,info,/home/meliani/nni-experiments,"['LSTM', 'GRU', 'CNN', 'RNN', 'TCN', 'Transformer', 'MLP']","[16, 32, 64, 128, 256]","[1, 2, 3, 4]","[0, 0.1, 0.2, 0.3, 0.5]","['relu', 'tanh', 'sigmoid', 'elu']","[1e-05, 0.01]","[2, 3, 4, 5, 6, 7, 8, 9, 10, 11, 12, 13, 14, 15, 16, 17, 18, 19, 20, 21, 22, 23, 24, 25, 26, 27, 28, 29, 30]","[16, 32, 64, 128]","[5, 10, 15, 20]","[2, 3, 5, 7]","[2, 4, 8]",anneal,minimize,local
b8i2hzft,50,267,1778637137405,,/home/meliani/nni-experiments/b8i2hzft,22,exp_anneal_900s_mat_only_mat_only,hpo,/home/meliani/Desktop/phd/fast-track/search_space.json,python3 trial.py --data ./mat_only.csv,/home/meliani/Desktop/phd/fast-track,1,900s,100000000,False,False,info,/home/meliani/nni-experiments,"['LSTM', 'GRU', 'CNN', 'RNN', 'TCN', 'Transformer', 'MLP']","[16, 32, 64, 128, 256]","[1, 2, 3, 4]","[0, 0.1, 0.2, 0.3, 0.5]","['relu', 'tanh', 'sigmoid', 'elu']","[1e-05, 0.01]","[2, 3, 4, 5, 6, 7, 8, 9, 10, 11, 12, 13, 14, 15, 16, 17, 18, 19, 20, 21, 22, 23, 24, 25, 26, 27, 28, 29, 30]","[16, 32, 64, 128]","[5, 10, 15, 20]","[2, 3, 5, 7]","[2, 4, 8]",anneal,minimize,local
b8i2hzft,51,270,1778637137405,,/home/meliani/nni-experiments/b8i2hzft,22,exp_anneal_900s_mat_only_mat_only,hpo,/home/meliani/Desktop/phd/fast-track/search_space.json,python3 trial.py --data ./mat_only.csv,/home/meliani/Desktop/phd/fast-track,1,900s,100000000,False,False,info,/home/meliani/nni-experiments,"['LSTM', 'GRU', 'CNN', 'RNN', 'TCN', 'Transformer', 'MLP']","[16, 32, 64, 128, 256]","[1, 2, 3, 4]","[0, 0.1, 0.2, 0.3, 0.5]","['relu', 'tanh', 'sigmoid', 'elu']","[1e-05, 0.01]","[2, 3, 4, 5, 6, 7, 8, 9, 10, 11, 12, 13, 14, 15, 16, 17, 18, 19, 20, 21, 22, 23, 24, 25, 26, 27, 28, 29, 30]","[16, 32, 64, 128]","[5, 10, 15, 20]","[2, 3, 5, 7]","[2, 4, 8]",anneal,minimize,local
b8i2hzft,52,276,1778637137405,,/home/meliani/nni-experiments/b8i2hzft,23,exp_anneal_900s_mat_only_mat_only,hpo,/home/meliani/Desktop/phd/fast-track/search_space.json,python3 trial.py --data ./mat_only.csv,/home/meliani/Desktop/phd/fast-track,1,900s,100000000,False,False,info,/home/meliani/nni-experiments,"['LSTM', 'GRU', 'CNN', 'RNN', 'TCN', 'Transformer', 'MLP']","[16, 32, 64, 128, 256]","[1, 2, 3, 4]","[0, 0.1, 0.2, 0.3, 0.5]","['relu', 'tanh', 'sigmoid', 'elu']","[1e-05, 0.01]","[2, 3, 4, 5, 6, 7, 8, 9, 10, 11, 12, 13, 14, 15, 16, 17, 18, 19, 20, 21, 22, 23, 24, 25, 26, 27, 28, 29, 30]","[16, 32, 64, 128]","[5, 10, 15, 20]","[2, 3, 5, 7]","[2, 4, 8]",anneal,minimize,local
b8i2hzft,53,280,1778637137405,,/home/meliani/nni-experiments/b8i2hzft,23,exp_anneal_900s_mat_only_mat_only,hpo,/home/meliani/Desktop/phd/fast-track/search_space.json,python3 trial.py --data ./mat_only.csv,/home/meliani/Desktop/phd/fast-track,1,900s,100000000,False,False,info,/home/meliani/nni-experiments,"['LSTM', 'GRU', 'CNN', 'RNN', 'TCN', 'Transformer', 'MLP']","[16, 32, 64, 128, 256]","[1, 2, 3, 4]","[0, 0.1, 0.2, 0.3, 0.5]","['relu', 'tanh', 'sigmoid', 'elu']","[1e-05, 0.01]","[2, 3, 4, 5, 6, 7, 8, 9, 10, 11, 12, 13, 14, 15, 16, 17, 18, 19, 20, 21, 22, 23, 24, 25, 26, 27, 28, 29, 30]","[16, 32, 64, 128]","[5, 10, 15, 20]","[2, 3, 5, 7]","[2, 4, 8]",anneal,minimize,local
b8i2hzft,54,285,1778637137405,,/home/meliani/nni-experiments/b8i2hzft,24,exp_anneal_900s_mat_only_mat_only,hpo,/home/meliani/Desktop/phd/fast-track/search_space.json,python3 trial.py --data ./mat_only.csv,/home/meliani/Desktop/phd/fast-track,1,900s,100000000,False,False,info,/home/meliani/nni-experiments,"['LSTM', 'GRU', 'CNN', 'RNN', 'TCN', 'Transformer', 'MLP']","[16, 32, 64, 128, 256]","[1, 2, 3, 4]","[0, 0.1, 0.2, 0.3, 0.5]","['relu', 'tanh', 'sigmoid', 'elu']","[1e-05, 0.01]","[2, 3, 4, 5, 6, 7, 8, 9, 10, 11, 12, 13, 14, 15, 16, 17, 18, 19, 20, 21, 22, 23, 24, 25, 26, 27, 28, 29, 30]","[16, 32, 64, 128]","[5, 10, 15, 20]","[2, 3, 5, 7]","[2, 4, 8]",anneal,minimize,local
b8i2hzft,55,290,1778637137405,,/home/meliani/nni-experiments/b8i2hzft,25,exp_anneal_900s_mat_only_mat_only,hpo,/home/meliani/Desktop/phd/fast-track/search_space.json,python3 trial.py --data ./mat_only.csv,/home/meliani/Desktop/phd/fast-track,1,900s,100000000,False,False,info,/home/meliani/nni-experiments,"['LSTM', 'GRU', 'CNN', 'RNN', 'TCN', 'Transformer', 'MLP']","[16, 32, 64, 128, 256]","[1, 2, 3, 4]","[0, 0.1, 0.2, 0.3, 0.5]","['relu', 'tanh', 'sigmoid', 'elu']","[1e-05, 0.01]","[2, 3, 4, 5, 6, 7, 8, 9, 10, 11, 12, 13, 14, 15, 16, 17, 18, 19, 20, 21, 22, 23, 24, 25, 26, 27, 28, 29, 30]","[16, 32, 64, 128]","[5, 10, 15, 20]","[2, 3, 5, 7]","[2, 4, 8]",anneal,minimize,local
b8i2hzft,56,290,1778637137405,,/home/meliani/nni-experiments/b8i2hzft,25,exp_anneal_900s_mat_only_mat_only,hpo,/home/meliani/Desktop/phd/fast-track/search_space.json,python3 trial.py --data ./mat_only.csv,/home/meliani/Desktop/phd/fast-track,1,900s,100000000,False,False,info,/home/meliani/nni-experiments,"['LSTM', 'GRU', 'CNN', 'RNN', 'TCN', 'Transformer', 'MLP']","[16, 32, 64, 128, 256]","[1, 2, 3, 4]","[0, 0.1, 0.2, 0.3, 0.5]","['relu', 'tanh', 'sigmoid', 'elu']","[1e-05, 0.01]","[2, 3, 4, 5, 6, 7, 8, 9, 10, 11, 12, 13, 14, 15, 16, 17, 18, 19, 20, 21, 22, 23, 24, 25, 26, 27, 28, 29, 30]","[16, 32, 64, 128]","[5, 10, 15, 20]","[2, 3, 5, 7]","[2, 4, 8]",anneal,minimize,local
b8i2hzft,57,295,1778637137405,,/home/meliani/nni-experiments/b8i2hzft,26,exp_anneal_900s_mat_only_mat_only,hpo,/home/meliani/Desktop/phd/fast-track/search_space.json,python3 trial.py --data ./mat_only.csv,/home/meliani/Desktop/phd/fast-track,1,900s,100000000,False,False,info,/home/meliani/nni-experiments,"['LSTM', 'GRU', 'CNN', 'RNN', 'TCN', 'Transformer', 'MLP']","[16, 32, 64, 128, 256]","[1, 2, 3, 4]","[0, 0.1, 0.2, 0.3, 0.5]","['relu', 'tanh', 'sigmoid', 'elu']","[1e-05, 0.01]","[2, 3, 4, 5, 6, 7, 8, 9, 10, 11, 12, 13, 14, 15, 16, 17, 18, 19, 20, 21, 22, 23, 24, 25, 26, 27, 28, 29, 30]","[16, 32, 64, 128]","[5, 10, 15, 20]","[2, 3, 5, 7]","[2, 4, 8]",anneal,minimize,local
b8i2hzft,58,300,1778637137405,,/home/meliani/nni-experiments/b8i2hzft,26,exp_anneal_900s_mat_only_mat_only,hpo,/home/meliani/Desktop/phd/fast-track/search_space.json,python3 trial.py --data ./mat_only.csv,/home/meliani/Desktop/phd/fast-track,1,900s,100000000,False,False,info,/home/meliani/nni-experiments,"['LSTM', 'GRU', 'CNN', 'RNN', 'TCN', 'Transformer', 'MLP']","[16, 32, 64, 128, 256]","[1, 2, 3, 4]","[0, 0.1, 0.2, 0.3, 0.5]","['relu', 'tanh', 'sigmoid', 'elu']","[1e-05, 0.01]","[2, 3, 4, 5, 6, 7, 8, 9, 10, 11, 12, 13, 14, 15, 16, 17, 18, 19, 20, 21, 22, 23, 24, 25, 26, 27, 28, 29, 30]","[16, 32, 64, 128]","[5, 10, 15, 20]","[2, 3, 5, 7]","[2, 4, 8]",anneal,minimize,local
b8i2hzft,59,300,1778637137405,,/home/meliani/nni-experiments/b8i2hzft,27,exp_anneal_900s_mat_only_mat_only,hpo,/home/meliani/Desktop/phd/fast-track/search_space.json,python3 trial.py --data ./mat_only.csv,/home/meliani/Desktop/phd/fast-track,1,900s,100000000,False,False,info,/home/meliani/nni-experiments,"['LSTM', 'GRU', 'CNN', 'RNN', 'TCN', 'Transformer', 'MLP']","[16, 32, 64, 128, 256]","[1, 2, 3, 4]","[0, 0.1, 0.2, 0.3, 0.5]","['relu', 'tanh', 'sigmoid', 'elu']","[1e-05, 0.01]","[2, 3, 4, 5, 6, 7, 8, 9, 10, 11, 12, 13, 14, 15, 16, 17, 18, 19, 20, 21, 22, 23, 24, 25, 26, 27, 28, 29, 30]","[16, 32, 64, 128]","[5, 10, 15, 20]","[2, 3, 5, 7]","[2, 4, 8]",anneal,minimize,local
b8i2hzft,60,310,1778637137405,,/home/meliani/nni-experiments/b8i2hzft,27,exp_anneal_900s_mat_only_mat_only,hpo,/home/meliani/Desktop/phd/fast-track/search_space.json,python3 trial.py --data ./mat_only.csv,/home/meliani/Desktop/phd/fast-track,1,900s,100000000,False,False,info,/home/meliani/nni-experiments,"['LSTM', 'GRU', 'CNN', 'RNN', 'TCN', 'Transformer', 'MLP']","[16, 32, 64, 128, 256]","[1, 2, 3, 4]","[0, 0.1, 0.2, 0.3, 0.5]","['relu', 'tanh', 'sigmoid', 'elu']","[1e-05, 0.01]","[2, 3, 4, 5, 6, 7, 8, 9, 10, 11, 12, 13, 14, 15, 16, 17, 18, 19, 20, 21, 22, 23, 24, 25, 26, 27, 28, 29, 30]","[16, 32, 64, 128]","[5, 10, 15, 20]","[2, 3, 5, 7]","[2, 4, 8]",anneal,minimize,local
b8i2hzft,61,311,1778637137405,,/home/meliani/nni-experiments/b8i2hzft,28,exp_anneal_900s_mat_only_mat_only,hpo,/home/meliani/Desktop/phd/fast-track/search_space.json,python3 trial.py --data ./mat_only.csv,/home/meliani/Desktop/phd/fast-track,1,900s,100000000,False,False,info,/home/meliani/nni-experiments,"['LSTM', 'GRU', 'CNN', 'RNN', 'TCN', 'Transformer', 'MLP']","[16, 32, 64, 128, 256]","[1, 2, 3, 4]","[0, 0.1, 0.2, 0.3, 0.5]","['relu', 'tanh', 'sigmoid', 'elu']","[1e-05, 0.01]","[2, 3, 4, 5, 6, 7, 8, 9, 10, 11, 12, 13, 14, 15, 16, 17, 18, 19, 20, 21, 22, 23, 24, 25, 26, 27, 28, 29, 30]","[16, 32, 64, 128]","[5, 10, 15, 20]","[2, 3, 5, 7]","[2, 4, 8]",anneal,minimize,local
b8i2hzft,62,316,1778637137405,,/home/meliani/nni-experiments/b8i2hzft,29,exp_anneal_900s_mat_only_mat_only,hpo,/home/meliani/Desktop/phd/fast-track/search_space.json,python3 trial.py --data ./mat_only.csv,/home/meliani/Desktop/phd/fast-track,1,900s,100000000,False,False,info,/home/meliani/nni-experiments,"['LSTM', 'GRU', 'CNN', 'RNN', 'TCN', 'Transformer', 'MLP']","[16, 32, 64, 128, 256]","[1, 2, 3, 4]","[0, 0.1, 0.2, 0.3, 0.5]","['relu', 'tanh', 'sigmoid', 'elu']","[1e-05, 0.01]","[2, 3, 4, 5, 6, 7, 8, 9, 10, 11, 12, 13, 14, 15, 16, 17, 18, 19, 20, 21, 22, 23, 24, 25, 26, 27, 28, 29, 30]","[16, 32, 64, 128]","[5, 10, 15, 20]","[2, 3, 5, 7]","[2, 4, 8]",anneal,minimize,local
b8i2hzft,63,320,1778637137405,,/home/meliani/nni-experiments/b8i2hzft,29,exp_anneal_900s_mat_only_mat_only,hpo,/home/meliani/Desktop/phd/fast-track/search_space.json,python3 trial.py --data ./mat_only.csv,/home/meliani/Desktop/phd/fast-track,1,900s,100000000,False,False,info,/home/meliani/nni-experiments,"['LSTM', 'GRU', 'CNN', 'RNN', 'TCN', 'Transformer', 'MLP']","[16, 32, 64, 128, 256]","[1, 2, 3, 4]","[0, 0.1, 0.2, 0.3, 0.5]","['relu', 'tanh', 'sigmoid', 'elu']","[1e-05, 0.01]","[2, 3, 4, 5, 6, 7, 8, 9, 10, 11, 12, 13, 14, 15, 16, 17, 18, 19, 20, 21, 22, 23, 24, 25, 26, 27, 28, 29, 30]","[16, 32, 64, 128]","[5, 10, 15, 20]","[2, 3, 5, 7]","[2, 4, 8]",anneal,minimize,local
b8i2hzft,64,323,1778637137405,,/home/meliani/nni-experiments/b8i2hzft,30,exp_anneal_900s_mat_only_mat_only,hpo,/home/meliani/Desktop/phd/fast-track/search_space.json,python3 trial.py --data ./mat_only.csv,/home/meliani/Desktop/phd/fast-track,1,900s,100000000,False,False,info,/home/meliani/nni-experiments,"['LSTM', 'GRU', 'CNN', 'RNN', 'TCN', 'Transformer', 'MLP']","[16, 32, 64, 128, 256]","[1, 2, 3, 4]","[0, 0.1, 0.2, 0.3, 0.5]","['relu', 'tanh', 'sigmoid', 'elu']","[1e-05, 0.01]","[2, 3, 4, 5, 6, 7, 8, 9, 10, 11, 12, 13, 14, 15, 16, 17, 18, 19, 20, 21, 22, 23, 24, 25, 26, 27, 28, 29, 30]","[16, 32, 64, 128]","[5, 10, 15, 20]","[2, 3, 5, 7]","[2, 4, 8]",anneal,minimize,local
b8i2hzft,65,328,1778637137405,,/home/meliani/nni-experiments/b8i2hzft,31,exp_anneal_900s_mat_only_mat_only,hpo,/home/meliani/Desktop/phd/fast-track/search_space.json,python3 trial.py --data ./mat_only.csv,/home/meliani/Desktop/phd/fast-track,1,900s,100000000,False,False,info,/home/meliani/nni-experiments,"['LSTM', 'GRU', 'CNN', 'RNN', 'TCN', 'Transformer', 'MLP']","[16, 32, 64, 128, 256]","[1, 2, 3, 4]","[0, 0.1, 0.2, 0.3, 0.5]","['relu', 'tanh', 'sigmoid', 'elu']","[1e-05, 0.01]","[2, 3, 4, 5, 6, 7, 8, 9, 10, 11, 12, 13, 14, 15, 16, 17, 18, 19, 20, 21, 22, 23, 24, 25, 26, 27, 28, 29, 30]","[16, 32, 64, 128]","[5, 10, 15, 20]","[2, 3, 5, 7]","[2, 4, 8]",anneal,minimize,local
b8i2hzft,66,330,1778637137405,,/home/meliani/nni-experiments/b8i2hzft,31,exp_anneal_900s_mat_only_mat_only,hpo,/home/meliani/Desktop/phd/fast-track/search_space.json,python3 trial.py --data ./mat_only.csv,/home/meliani/Desktop/phd/fast-track,1,900s,100000000,False,False,info,/home/meliani/nni-experiments,"['LSTM', 'GRU', 'CNN', 'RNN', 'TCN', 'Transformer', 'MLP']","[16, 32, 64, 128, 256]","[1, 2, 3, 4]","[0, 0.1, 0.2, 0.3, 0.5]","['relu', 'tanh', 'sigmoid', 'elu']","[1e-05, 0.01]","[2, 3, 4, 5, 6, 7, 8, 9, 10, 11, 12, 13, 14, 15, 16, 17, 18, 19, 20, 21, 22, 23, 24, 25, 26, 27, 28, 29, 30]","[16, 32, 64, 128]","[5, 10, 15, 20]","[2, 3, 5, 7]","[2, 4, 8]",anneal,minimize,local
b8i2hzft,67,333,1778637137405,,/home/meliani/nni-experiments/b8i2hzft,32,exp_anneal_900s_mat_only_mat_only,hpo,/home/meliani/Desktop/phd/fast-track/search_space.json,python3 trial.py --data ./mat_only.csv,/home/meliani/Desktop/phd/fast-track,1,900s,100000000,False,False,info,/home/meliani/nni-experiments,"['LSTM', 'GRU', 'CNN', 'RNN', 'TCN', 'Transformer', 'MLP']","[16, 32, 64, 128, 256]","[1, 2, 3, 4]","[0, 0.1, 0.2, 0.3, 0.5]","['relu', 'tanh', 'sigmoid', 'elu']","[1e-05, 0.01]","[2, 3, 4, 5, 6, 7, 8, 9, 10, 11, 12, 13, 14, 15, 16, 17, 18, 19, 20, 21, 22, 23, 24, 25, 26, 27, 28, 29, 30]","[16, 32, 64, 128]","[5, 10, 15, 20]","[2, 3, 5, 7]","[2, 4, 8]",anneal,minimize,local
b8i2hzft,68,337,1778637137405,,/home/meliani/nni-experiments/b8i2hzft,33,exp_anneal_900s_mat_only_mat_only,hpo,/home/meliani/Desktop/phd/fast-track/search_space.json,python3 trial.py --data ./mat_only.csv,/home/meliani/Desktop/phd/fast-track,1,900s,100000000,False,False,info,/home/meliani/nni-experiments,"['LSTM', 'GRU', 'CNN', 'RNN', 'TCN', 'Transformer', 'MLP']","[16, 32, 64, 128, 256]","[1, 2, 3, 4]","[0, 0.1, 0.2, 0.3, 0.5]","['relu', 'tanh', 'sigmoid', 'elu']","[1e-05, 0.01]","[2, 3, 4, 5, 6, 7, 8, 9, 10, 11, 12, 13, 14, 15, 16, 17, 18, 19, 20, 21, 22, 23, 24, 25, 26, 27, 28, 29, 30]","[16, 32, 64, 128]","[5, 10, 15, 20]","[2, 3, 5, 7]","[2, 4, 8]",anneal,minimize,local
b8i2hzft,69,340,1778637137405,,/home/meliani/nni-experiments/b8i2hzft,33,exp_anneal_900s_mat_only_mat_only,hpo,/home/meliani/Desktop/phd/fast-track/search_space.json,python3 trial.py --data ./mat_only.csv,/home/meliani/Desktop/phd/fast-track,1,900s,100000000,False,False,info,/home/meliani/nni-experiments,"['LSTM', 'GRU', 'CNN', 'RNN', 'TCN', 'Transformer', 'MLP']","[16, 32, 64, 128, 256]","[1, 2, 3, 4]","[0, 0.1, 0.2, 0.3, 0.5]","['relu', 'tanh', 'sigmoid', 'elu']","[1e-05, 0.01]","[2, 3, 4, 5, 6, 7, 8, 9, 10, 11, 12, 13, 14, 15, 16, 17, 18, 19, 20, 21, 22, 23, 24, 25, 26, 27, 28, 29, 30]","[16, 32, 64, 128]","[5, 10, 15, 20]","[2, 3, 5, 7]","[2, 4, 8]",anneal,minimize,local
b8i2hzft,70,343,1778637137405,,/home/meliani/nni-experiments/b8i2hzft,34,exp_anneal_900s_mat_only_mat_only,hpo,/home/meliani/Desktop/phd/fast-track/search_space.json,python3 trial.py --data ./mat_only.csv,/home/meliani/Desktop/phd/fast-track,1,900s,100000000,False,False,info,/home/meliani/nni-experiments,"['LSTM', 'GRU', 'CNN', 'RNN', 'TCN', 'Transformer', 'MLP']","[16, 32, 64, 128, 256]","[1, 2, 3, 4]","[0, 0.1, 0.2, 0.3, 0.5]","['relu', 'tanh', 'sigmoid', 'elu']","[1e-05, 0.01]","[2, 3, 4, 5, 6, 7, 8, 9, 10, 11, 12, 13, 14, 15, 16, 17, 18, 19, 20, 21, 22, 23, 24, 25, 26, 27, 28, 29, 30]","[16, 32, 64, 128]","[5, 10, 15, 20]","[2, 3, 5, 7]","[2, 4, 8]",anneal,minimize,local
b8i2hzft,71,347,1778637137405,,/home/meliani/nni-experiments/b8i2hzft,35,exp_anneal_900s_mat_only_mat_only,hpo,/home/meliani/Desktop/phd/fast-track/search_space.json,python3 trial.py --data ./mat_only.csv,/home/meliani/Desktop/phd/fast-track,1,900s,100000000,False,False,info,/home/meliani/nni-experiments,"['LSTM', 'GRU', 'CNN', 'RNN', 'TCN', 'Transformer', 'MLP']","[16, 32, 64, 128, 256]","[1, 2, 3, 4]","[0, 0.1, 0.2, 0.3, 0.5]","['relu', 'tanh', 'sigmoid', 'elu']","[1e-05, 0.01]","[2, 3, 4, 5, 6, 7, 8, 9, 10, 11, 12, 13, 14, 15, 16, 17, 18, 19, 20, 21, 22, 23, 24, 25, 26, 27, 28, 29, 30]","[16, 32, 64, 128]","[5, 10, 15, 20]","[2, 3, 5, 7]","[2, 4, 8]",anneal,minimize,local
b8i2hzft,72,350,1778637137405,,/home/meliani/nni-experiments/b8i2hzft,35,exp_anneal_900s_mat_only_mat_only,hpo,/home/meliani/Desktop/phd/fast-track/search_space.json,python3 trial.py --data ./mat_only.csv,/home/meliani/Desktop/phd/fast-track,1,900s,100000000,False,False,info,/home/meliani/nni-experiments,"['LSTM', 'GRU', 'CNN', 'RNN', 'TCN', 'Transformer', 'MLP']","[16, 32, 64, 128, 256]","[1, 2, 3, 4]","[0, 0.1, 0.2, 0.3, 0.5]","['relu', 'tanh', 'sigmoid', 'elu']","[1e-05, 0.01]","[2, 3, 4, 5, 6, 7, 8, 9, 10, 11, 12, 13, 14, 15, 16, 17, 18, 19, 20, 21, 22, 23, 24, 25, 26, 27, 28, 29, 30]","[16, 32, 64, 128]","[5, 10, 15, 20]","[2, 3, 5, 7]","[2, 4, 8]",anneal,minimize,local
b8i2hzft,73,352,1778637137405,,/home/meliani/nni-experiments/b8i2hzft,36,exp_anneal_900s_mat_only_mat_only,hpo,/home/meliani/Desktop/phd/fast-track/search_space.json,python3 trial.py --data ./mat_only.csv,/home/meliani/Desktop/phd/fast-track,1,900s,100000000,False,False,info,/home/meliani/nni-experiments,"['LSTM', 'GRU', 'CNN', 'RNN', 'TCN', 'Transformer', 'MLP']","[16, 32, 64, 128, 256]","[1, 2, 3, 4]","[0, 0.1, 0.2, 0.3, 0.5]","['relu', 'tanh', 'sigmoid', 'elu']","[1e-05, 0.01]","[2, 3, 4, 5, 6, 7, 8, 9, 10, 11, 12, 13, 14, 15, 16, 17, 18, 19, 20, 21, 22, 23, 24, 25, 26, 27, 28, 29, 30]","[16, 32, 64, 128]","[5, 10, 15, 20]","[2, 3, 5, 7]","[2, 4, 8]",anneal,minimize,local
b8i2hzft,74,357,1778637137405,,/home/meliani/nni-experiments/b8i2hzft,37,exp_anneal_900s_mat_only_mat_only,hpo,/home/meliani/Desktop/phd/fast-track/search_space.json,python3 trial.py --data ./mat_only.csv,/home/meliani/Desktop/phd/fast-track,1,900s,100000000,False,False,info,/home/meliani/nni-experiments,"['LSTM', 'GRU', 'CNN', 'RNN', 'TCN', 'Transformer', 'MLP']","[16, 32, 64, 128, 256]","[1, 2, 3, 4]","[0, 0.1, 0.2, 0.3, 0.5]","['relu', 'tanh', 'sigmoid', 'elu']","[1e-05, 0.01]","[2, 3, 4, 5, 6, 7, 8, 9, 10, 11, 12, 13, 14, 15, 16, 17, 18, 19, 20, 21, 22, 23, 24, 25, 26, 27, 28, 29, 30]","[16, 32, 64, 128]","[5, 10, 15, 20]","[2, 3, 5, 7]","[2, 4, 8]",anneal,minimize,local
b8i2hzft,75,360,1778637137405,,/home/meliani/nni-experiments/b8i2hzft,37,exp_anneal_900s_mat_only_mat_only,hpo,/home/meliani/Desktop/phd/fast-track/search_space.json,python3 trial.py --data ./mat_only.csv,/home/meliani/Desktop/phd/fast-track,1,900s,100000000,False,False,info,/home/meliani/nni-experiments,"['LSTM', 'GRU', 'CNN', 'RNN', 'TCN', 'Transformer', 'MLP']","[16, 32, 64, 128, 256]","[1, 2, 3, 4]","[0, 0.1, 0.2, 0.3, 0.5]","['relu', 'tanh', 'sigmoid', 'elu']","[1e-05, 0.01]","[2, 3, 4, 5, 6, 7, 8, 9, 10, 11, 12, 13, 14, 15, 16, 17, 18, 19, 20, 21, 22, 23, 24, 25, 26, 27, 28, 29, 30]","[16, 32, 64, 128]","[5, 10, 15, 20]","[2, 3, 5, 7]","[2, 4, 8]",anneal,minimize,local
b8i2hzft,76,363,1778637137405,,/home/meliani/nni-experiments/b8i2hzft,38,exp_anneal_900s_mat_only_mat_only,hpo,/home/meliani/Desktop/phd/fast-track/search_space.json,python3 trial.py --data ./mat_only.csv,/home/meliani/Desktop/phd/fast-track,1,900s,100000000,False,False,info,/home/meliani/nni-experiments,"['LSTM', 'GRU', 'CNN', 'RNN', 'TCN', 'Transformer', 'MLP']","[16, 32, 64, 128, 256]","[1, 2, 3, 4]","[0, 0.1, 0.2, 0.3, 0.5]","['relu', 'tanh', 'sigmoid', 'elu']","[1e-05, 0.01]","[2, 3, 4, 5, 6, 7, 8, 9, 10, 11, 12, 13, 14, 15, 16, 17, 18, 19, 20, 21, 22, 23, 24, 25, 26, 27, 28, 29, 30]","[16, 32, 64, 128]","[5, 10, 15, 20]","[2, 3, 5, 7]","[2, 4, 8]",anneal,minimize,local
b8i2hzft,77,367,1778637137405,,/home/meliani/nni-experiments/b8i2hzft,39,exp_anneal_900s_mat_only_mat_only,hpo,/home/meliani/Desktop/phd/fast-track/search_space.json,python3 trial.py --data ./mat_only.csv,/home/meliani/Desktop/phd/fast-track,1,900s,100000000,False,False,info,/home/meliani/nni-experiments,"['LSTM', 'GRU', 'CNN', 'RNN', 'TCN', 'Transformer', 'MLP']","[16, 32, 64, 128, 256]","[1, 2, 3, 4]","[0, 0.1, 0.2, 0.3, 0.5]","['relu', 'tanh', 'sigmoid', 'elu']","[1e-05, 0.01]","[2, 3, 4, 5, 6, 7, 8, 9, 10, 11, 12, 13, 14, 15, 16, 17, 18, 19, 20, 21, 22, 23, 24, 25, 26, 27, 28, 29, 30]","[16, 32, 64, 128]","[5, 10, 15, 20]","[2, 3, 5, 7]","[2, 4, 8]",anneal,minimize,local
b8i2hzft,78,370,1778637137405,,/home/meliani/nni-experiments/b8i2hzft,39,exp_anneal_900s_mat_only_mat_only,hpo,/home/meliani/Desktop/phd/fast-track/search_space.json,python3 trial.py --data ./mat_only.csv,/home/meliani/Desktop/phd/fast-track,1,900s,100000000,False,False,info,/home/meliani/nni-experiments,"['LSTM', 'GRU', 'CNN', 'RNN', 'TCN', 'Transformer', 'MLP']","[16, 32, 64, 128, 256]","[1, 2, 3, 4]","[0, 0.1, 0.2, 0.3, 0.5]","['relu', 'tanh', 'sigmoid', 'elu']","[1e-05, 0.01]","[2, 3, 4, 5, 6, 7, 8, 9, 10, 11, 12, 13, 14, 15, 16, 17, 18, 19, 20, 21, 22, 23, 24, 25, 26, 27, 28, 29, 30]","[16, 32, 64, 128]","[5, 10, 15, 20]","[2, 3, 5, 7]","[2, 4, 8]",anneal,minimize,local
b8i2hzft,79,374,1778637137405,,/home/meliani/nni-experiments/b8i2hzft,40,exp_anneal_900s_mat_only_mat_only,hpo,/home/meliani/Desktop/phd/fast-track/search_space.json,python3 trial.py --data ./mat_only.csv,/home/meliani/Desktop/phd/fast-track,1,900s,100000000,False,False,info,/home/meliani/nni-experiments,"['LSTM', 'GRU', 'CNN', 'RNN', 'TCN', 'Transformer', 'MLP']","[16, 32, 64, 128, 256]","[1, 2, 3, 4]","[0, 0.1, 0.2, 0.3, 0.5]","['relu', 'tanh', 'sigmoid', 'elu']","[1e-05, 0.01]","[2, 3, 4, 5, 6, 7, 8, 9, 10, 11, 12, 13, 14, 15, 16, 17, 18, 19, 20, 21, 22, 23, 24, 25, 26, 27, 28, 29, 30]","[16, 32, 64, 128]","[5, 10, 15, 20]","[2, 3, 5, 7]","[2, 4, 8]",anneal,minimize,local
b8i2hzft,80,380,1778637137405,,/home/meliani/nni-experiments/b8i2hzft,40,exp_anneal_900s_mat_only_mat_only,hpo,/home/meliani/Desktop/phd/fast-track/search_space.json,python3 trial.py --data ./mat_only.csv,/home/meliani/Desktop/phd/fast-track,1,900s,100000000,False,False,info,/home/meliani/nni-experiments,"['LSTM', 'GRU', 'CNN', 'RNN', 'TCN', 'Transformer', 'MLP']","[16, 32, 64, 128, 256]","[1, 2, 3, 4]","[0, 0.1, 0.2, 0.3, 0.5]","['relu', 'tanh', 'sigmoid', 'elu']","[1e-05, 0.01]","[2, 3, 4, 5, 6, 7, 8, 9, 10, 11, 12, 13, 14, 15, 16, 17, 18, 19, 20, 21, 22, 23, 24, 25, 26, 27, 28, 29, 30]","[16, 32, 64, 128]","[5, 10, 15, 20]","[2, 3, 5, 7]","[2, 4, 8]",anneal,minimize,local
b8i2hzft,81,381,1778637137405,,/home/meliani/nni-experiments/b8i2hzft,41,exp_anneal_900s_mat_only_mat_only,hpo,/home/meliani/Desktop/phd/fast-track/search_space.json,python3 trial.py --data ./mat_only.csv,/home/meliani/Desktop/phd/fast-track,1,900s,100000000,False,False,info,/home/meliani/nni-experiments,"['LSTM', 'GRU', 'CNN', 'RNN', 'TCN', 'Transformer', 'MLP']","[16, 32, 64, 128, 256]","[1, 2, 3, 4]","[0, 0.1, 0.2, 0.3, 0.5]","['relu', 'tanh', 'sigmoid', 'elu']","[1e-05, 0.01]","[2, 3, 4, 5, 6, 7, 8, 9, 10, 11, 12, 13, 14, 15, 16, 17, 18, 19, 20, 21, 22, 23, 24, 25, 26, 27, 28, 29, 30]","[16, 32, 64, 128]","[5, 10, 15, 20]","[2, 3, 5, 7]","[2, 4, 8]",anneal,minimize,local
b8i2hzft,82,388,1778637137405,,/home/meliani/nni-experiments/b8i2hzft,42,exp_anneal_900s_mat_only_mat_only,hpo,/home/meliani/Desktop/phd/fast-track/search_space.json,python3 trial.py --data ./mat_only.csv,/home/meliani/Desktop/phd/fast-track,1,900s,100000000,False,False,info,/home/meliani/nni-experiments,"['LSTM', 'GRU', 'CNN', 'RNN', 'TCN', 'Transformer', 'MLP']","[16, 32, 64, 128, 256]","[1, 2, 3, 4]","[0, 0.1, 0.2, 0.3, 0.5]","['relu', 'tanh', 'sigmoid', 'elu']","[1e-05, 0.01]","[2, 3, 4, 5, 6, 7, 8, 9, 10, 11, 12, 13, 14, 15, 16, 17, 18, 19, 20, 21, 22, 23, 24, 25, 26, 27, 28, 29, 30]","[16, 32, 64, 128]","[5, 10, 15, 20]","[2, 3, 5, 7]","[2, 4, 8]",anneal,minimize,local
b8i2hzft,83,390,1778637137405,,/home/meliani/nni-experiments/b8i2hzft,42,exp_anneal_900s_mat_only_mat_only,hpo,/home/meliani/Desktop/phd/fast-track/search_space.json,python3 trial.py --data ./mat_only.csv,/home/meliani/Desktop/phd/fast-track,1,900s,100000000,False,False,info,/home/meliani/nni-experiments,"['LSTM', 'GRU', 'CNN', 'RNN', 'TCN', 'Transformer', 'MLP']","[16, 32, 64, 128, 256]","[1, 2, 3, 4]","[0, 0.1, 0.2, 0.3, 0.5]","['relu', 'tanh', 'sigmoid', 'elu']","[1e-05, 0.01]","[2, 3, 4, 5, 6, 7, 8, 9, 10, 11, 12, 13, 14, 15, 16, 17, 18, 19, 20, 21, 22, 23, 24, 25, 26, 27, 28, 29, 30]","[16, 32, 64, 128]","[5, 10, 15, 20]","[2, 3, 5, 7]","[2, 4, 8]",anneal,minimize,local
b8i2hzft,84,393,1778637137405,,/home/meliani/nni-experiments/b8i2hzft,43,exp_anneal_900s_mat_only_mat_only,hpo,/home/meliani/Desktop/phd/fast-track/search_space.json,python3 trial.py --data ./mat_only.csv,/home/meliani/Desktop/phd/fast-track,1,900s,100000000,False,False,info,/home/meliani/nni-experiments,"['LSTM', 'GRU', 'CNN', 'RNN', 'TCN', 'Transformer', 'MLP']","[16, 32, 64, 128, 256]","[1, 2, 3, 4]","[0, 0.1, 0.2, 0.3, 0.5]","['relu', 'tanh', 'sigmoid', 'elu']","[1e-05, 0.01]","[2, 3, 4, 5, 6, 7, 8, 9, 10, 11, 12, 13, 14, 15, 16, 17, 18, 19, 20, 21, 22, 23, 24, 25, 26, 27, 28, 29, 30]","[16, 32, 64, 128]","[5, 10, 15, 20]","[2, 3, 5, 7]","[2, 4, 8]",anneal,minimize,local
b8i2hzft,85,398,1778637137405,,/home/meliani/nni-experiments/b8i2hzft,44,exp_anneal_900s_mat_only_mat_only,hpo,/home/meliani/Desktop/phd/fast-track/search_space.json,python3 trial.py --data ./mat_only.csv,/home/meliani/Desktop/phd/fast-track,1,900s,100000000,False,False,info,/home/meliani/nni-experiments,"['LSTM', 'GRU', 'CNN', 'RNN', 'TCN', 'Transformer', 'MLP']","[16, 32, 64, 128, 256]","[1, 2, 3, 4]","[0, 0.1, 0.2, 0.3, 0.5]","['relu', 'tanh', 'sigmoid', 'elu']","[1e-05, 0.01]","[2, 3, 4, 5, 6, 7, 8, 9, 10, 11, 12, 13, 14, 15, 16, 17, 18, 19, 20, 21, 22, 23, 24, 25, 26, 27, 28, 29, 30]","[16, 32, 64, 128]","[5, 10, 15, 20]","[2, 3, 5, 7]","[2, 4, 8]",anneal,minimize,local
b8i2hzft,86,400,1778637137405,,/home/meliani/nni-experiments/b8i2hzft,44,exp_anneal_900s_mat_only_mat_only,hpo,/home/meliani/Desktop/phd/fast-track/search_space.json,python3 trial.py --data ./mat_only.csv,/home/meliani/Desktop/phd/fast-track,1,900s,100000000,False,False,info,/home/meliani/nni-experiments,"['LSTM', 'GRU', 'CNN', 'RNN', 'TCN', 'Transformer', 'MLP']","[16, 32, 64, 128, 256]","[1, 2, 3, 4]","[0, 0.1, 0.2, 0.3, 0.5]","['relu', 'tanh', 'sigmoid', 'elu']","[1e-05, 0.01]","[2, 3, 4, 5, 6, 7, 8, 9, 10, 11, 12, 13, 14, 15, 16, 17, 18, 19, 20, 21, 22, 23, 24, 25, 26, 27, 28, 29, 30]","[16, 32, 64, 128]","[5, 10, 15, 20]","[2, 3, 5, 7]","[2, 4, 8]",anneal,minimize,local
b8i2hzft,87,402,1778637137405,,/home/meliani/nni-experiments/b8i2hzft,45,exp_anneal_900s_mat_only_mat_only,hpo,/home/meliani/Desktop/phd/fast-track/search_space.json,python3 trial.py --data ./mat_only.csv,/home/meliani/Desktop/phd/fast-track,1,900s,100000000,False,False,info,/home/meliani/nni-experiments,"['LSTM', 'GRU', 'CNN', 'RNN', 'TCN', 'Transformer', 'MLP']","[16, 32, 64, 128, 256]","[1, 2, 3, 4]","[0, 0.1, 0.2, 0.3, 0.5]","['relu', 'tanh', 'sigmoid', 'elu']","[1e-05, 0.01]","[2, 3, 4, 5, 6, 7, 8, 9, 10, 11, 12, 13, 14, 15, 16, 17, 18, 19, 20, 21, 22, 23, 24, 25, 26, 27, 28, 29, 30]","[16, 32, 64, 128]","[5, 10, 15, 20]","[2, 3, 5, 7]","[2, 4, 8]",anneal,minimize,local
b8i2hzft,88,406,1778637137405,,/home/meliani/nni-experiments/b8i2hzft,46,exp_anneal_900s_mat_only_mat_only,hpo,/home/meliani/Desktop/phd/fast-track/search_space.json,python3 trial.py --data ./mat_only.csv,/home/meliani/Desktop/phd/fast-track,1,900s,100000000,False,False,info,/home/meliani/nni-experiments,"['LSTM', 'GRU', 'CNN', 'RNN', 'TCN', 'Transformer', 'MLP']","[16, 32, 64, 128, 256]","[1, 2, 3, 4]","[0, 0.1, 0.2, 0.3, 0.5]","['relu', 'tanh', 'sigmoid', 'elu']","[1e-05, 0.01]","[2, 3, 4, 5, 6, 7, 8, 9, 10, 11, 12, 13, 14, 15, 16, 17, 18, 19, 20, 21, 22, 23, 24, 25, 26, 27, 28, 29, 30]","[16, 32, 64, 128]","[5, 10, 15, 20]","[2, 3, 5, 7]","[2, 4, 8]",anneal,minimize,local
b8i2hzft,89,410,1778637137405,,/home/meliani/nni-experiments/b8i2hzft,46,exp_anneal_900s_mat_only_mat_only,hpo,/home/meliani/Desktop/phd/fast-track/search_space.json,python3 trial.py --data ./mat_only.csv,/home/meliani/Desktop/phd/fast-track,1,900s,100000000,False,False,info,/home/meliani/nni-experiments,"['LSTM', 'GRU', 'CNN', 'RNN', 'TCN', 'Transformer', 'MLP']","[16, 32, 64, 128, 256]","[1, 2, 3, 4]","[0, 0.1, 0.2, 0.3, 0.5]","['relu', 'tanh', 'sigmoid', 'elu']","[1e-05, 0.01]","[2, 3, 4, 5, 6, 7, 8, 9, 10, 11, 12, 13, 14, 15, 16, 17, 18, 19, 20, 21, 22, 23, 24, 25, 26, 27, 28, 29, 30]","[16, 32, 64, 128]","[5, 10, 15, 20]","[2, 3, 5, 7]","[2, 4, 8]",anneal,minimize,local
b8i2hzft,90,411,1778637137405,,/home/meliani/nni-experiments/b8i2hzft,47,exp_anneal_900s_mat_only_mat_only,hpo,/home/meliani/Desktop/phd/fast-track/search_space.json,python3 trial.py --data ./mat_only.csv,/home/meliani/Desktop/phd/fast-track,1,900s,100000000,False,False,info,/home/meliani/nni-experiments,"['LSTM', 'GRU', 'CNN', 'RNN', 'TCN', 'Transformer', 'MLP']","[16, 32, 64, 128, 256]","[1, 2, 3, 4]","[0, 0.1, 0.2, 0.3, 0.5]","['relu', 'tanh', 'sigmoid', 'elu']","[1e-05, 0.01]","[2, 3, 4, 5, 6, 7, 8, 9, 10, 11, 12, 13, 14, 15, 16, 17, 18, 19, 20, 21, 22, 23, 24, 25, 26, 27, 28, 29, 30]","[16, 32, 64, 128]","[5, 10, 15, 20]","[2, 3, 5, 7]","[2, 4, 8]",anneal,minimize,local
b8i2hzft,91,415,1778637137405,,/home/meliani/nni-experiments/b8i2hzft,48,exp_anneal_900s_mat_only_mat_only,hpo,/home/meliani/Desktop/phd/fast-track/search_space.json,python3 trial.py --data ./mat_only.csv,/home/meliani/Desktop/phd/fast-track,1,900s,100000000,False,False,info,/home/meliani/nni-experiments,"['LSTM', 'GRU', 'CNN', 'RNN', 'TCN', 'Transformer', 'MLP']","[16, 32, 64, 128, 256]","[1, 2, 3, 4]","[0, 0.1, 0.2, 0.3, 0.5]","['relu', 'tanh', 'sigmoid', 'elu']","[1e-05, 0.01]","[2, 3, 4, 5, 6, 7, 8, 9, 10, 11, 12, 13, 14, 15, 16, 17, 18, 19, 20, 21, 22, 23, 24, 25, 26, 27, 28, 29, 30]","[16, 32, 64, 128]","[5, 10, 15, 20]","[2, 3, 5, 7]","[2, 4, 8]",anneal,minimize,local
b8i2hzft,92,420,1778637137405,,/home/meliani/nni-experiments/b8i2hzft,49,exp_anneal_900s_mat_only_mat_only,hpo,/home/meliani/Desktop/phd/fast-track/search_space.json,python3 trial.py --data ./mat_only.csv,/home/meliani/Desktop/phd/fast-track,1,900s,100000000,False,False,info,/home/meliani/nni-experiments,"['LSTM', 'GRU', 'CNN', 'RNN', 'TCN', 'Transformer', 'MLP']","[16, 32, 64, 128, 256]","[1, 2, 3, 4]","[0, 0.1, 0.2, 0.3, 0.5]","['relu', 'tanh', 'sigmoid', 'elu']","[1e-05, 0.01]","[2, 3, 4, 5, 6, 7, 8, 9, 10, 11, 12, 13, 14, 15, 16, 17, 18, 19, 20, 21, 22, 23, 24, 25, 26, 27, 28, 29, 30]","[16, 32, 64, 128]","[5, 10, 15, 20]","[2, 3, 5, 7]","[2, 4, 8]",anneal,minimize,local
b8i2hzft,93,420,1778637137405,,/home/meliani/nni-experiments/b8i2hzft,49,exp_anneal_900s_mat_only_mat_only,hpo,/home/meliani/Desktop/phd/fast-track/search_space.json,python3 trial.py --data ./mat_only.csv,/home/meliani/Desktop/phd/fast-track,1,900s,100000000,False,False,info,/home/meliani/nni-experiments,"['LSTM', 'GRU', 'CNN', 'RNN', 'TCN', 'Transformer', 'MLP']","[16, 32, 64, 128, 256]","[1, 2, 3, 4]","[0, 0.1, 0.2, 0.3, 0.5]","['relu', 'tanh', 'sigmoid', 'elu']","[1e-05, 0.01]","[2, 3, 4, 5, 6, 7, 8, 9, 10, 11, 12, 13, 14, 15, 16, 17, 18, 19, 20, 21, 22, 23, 24, 25, 26, 27, 28, 29, 30]","[16, 32, 64, 128]","[5, 10, 15, 20]","[2, 3, 5, 7]","[2, 4, 8]",anneal,minimize,local
b8i2hzft,94,426,1778637137405,,/home/meliani/nni-experiments/b8i2hzft,50,exp_anneal_900s_mat_only_mat_only,hpo,/home/meliani/Desktop/phd/fast-track/search_space.json,python3 trial.py --data ./mat_only.csv,/home/meliani/Desktop/phd/fast-track,1,900s,100000000,False,False,info,/home/meliani/nni-experiments,"['LSTM', 'GRU', 'CNN', 'RNN', 'TCN', 'Transformer', 'MLP']","[16, 32, 64, 128, 256]","[1, 2, 3, 4]","[0, 0.1, 0.2, 0.3, 0.5]","['relu', 'tanh', 'sigmoid', 'elu']","[1e-05, 0.01]","[2, 3, 4, 5, 6, 7, 8, 9, 10, 11, 12, 13, 14, 15, 16, 17, 18, 19, 20, 21, 22, 23, 24, 25, 26, 27, 28, 29, 30]","[16, 32, 64, 128]","[5, 10, 15, 20]","[2, 3, 5, 7]","[2, 4, 8]",anneal,minimize,local
b8i2hzft,95,430,1778637137405,,/home/meliani/nni-experiments/b8i2hzft,50,exp_anneal_900s_mat_only_mat_only,hpo,/home/meliani/Desktop/phd/fast-track/search_space.json,python3 trial.py --data ./mat_only.csv,/home/meliani/Desktop/phd/fast-track,1,900s,100000000,False,False,info,/home/meliani/nni-experiments,"['LSTM', 'GRU', 'CNN', 'RNN', 'TCN', 'Transformer', 'MLP']","[16, 32, 64, 128, 256]","[1, 2, 3, 4]","[0, 0.1, 0.2, 0.3, 0.5]","['relu', 'tanh', 'sigmoid', 'elu']","[1e-05, 0.01]","[2, 3, 4, 5, 6, 7, 8, 9, 10, 11, 12, 13, 14, 15, 16, 17, 18, 19, 20, 21, 22, 23, 24, 25, 26, 27, 28, 29, 30]","[16, 32, 64, 128]","[5, 10, 15, 20]","[2, 3, 5, 7]","[2, 4, 8]",anneal,minimize,local
b8i2hzft,96,431,1778637137405,,/home/meliani/nni-experiments/b8i2hzft,51,exp_anneal_900s_mat_only_mat_only,hpo,/home/meliani/Desktop/phd/fast-track/search_space.json,python3 trial.py --data ./mat_only.csv,/home/meliani/Desktop/phd/fast-track,1,900s,100000000,False,False,info,/home/meliani/nni-experiments,"['LSTM', 'GRU', 'CNN', 'RNN', 'TCN', 'Transformer', 'MLP']","[16, 32, 64, 128, 256]","[1, 2, 3, 4]","[0, 0.1, 0.2, 0.3, 0.5]","['relu', 'tanh', 'sigmoid', 'elu']","[1e-05, 0.01]","[2, 3, 4, 5, 6, 7, 8, 9, 10, 11, 12, 13, 14, 15, 16, 17, 18, 19, 20, 21, 22, 23, 24, 25, 26, 27, 28, 29, 30]","[16, 32, 64, 128]","[5, 10, 15, 20]","[2, 3, 5, 7]","[2, 4, 8]",anneal,minimize,local
b8i2hzft,97,435,1778637137405,,/home/meliani/nni-experiments/b8i2hzft,52,exp_anneal_900s_mat_only_mat_only,hpo,/home/meliani/Desktop/phd/fast-track/search_space.json,python3 trial.py --data ./mat_only.csv,/home/meliani/Desktop/phd/fast-track,1,900s,100000000,False,False,info,/home/meliani/nni-experiments,"['LSTM', 'GRU', 'CNN', 'RNN', 'TCN', 'Transformer', 'MLP']","[16, 32, 64, 128, 256]","[1, 2, 3, 4]","[0, 0.1, 0.2, 0.3, 0.5]","['relu', 'tanh', 'sigmoid', 'elu']","[1e-05, 0.01]","[2, 3, 4, 5, 6, 7, 8, 9, 10, 11, 12, 13, 14, 15, 16, 17, 18, 19, 20, 21, 22, 23, 24, 25, 26, 27, 28, 29, 30]","[16, 32, 64, 128]","[5, 10, 15, 20]","[2, 3, 5, 7]","[2, 4, 8]",anneal,minimize,local
b8i2hzft,98,440,1778637137405,,/home/meliani/nni-experiments/b8i2hzft,52,exp_anneal_900s_mat_only_mat_only,hpo,/home/meliani/Desktop/phd/fast-track/search_space.json,python3 trial.py --data ./mat_only.csv,/home/meliani/Desktop/phd/fast-track,1,900s,100000000,False,False,info,/home/meliani/nni-experiments,"['LSTM', 'GRU', 'CNN', 'RNN', 'TCN', 'Transformer', 'MLP']","[16, 32, 64, 128, 256]","[1, 2, 3, 4]","[0, 0.1, 0.2, 0.3, 0.5]","['relu', 'tanh', 'sigmoid', 'elu']","[1e-05, 0.01]","[2, 3, 4, 5, 6, 7, 8, 9, 10, 11, 12, 13, 14, 15, 16, 17, 18, 19, 20, 21, 22, 23, 24, 25, 26, 27, 28, 29, 30]","[16, 32, 64, 128]","[5, 10, 15, 20]","[2, 3, 5, 7]","[2, 4, 8]",anneal,minimize,local
b8i2hzft,99,440,1778637137405,,/home/meliani/nni-experiments/b8i2hzft,53,exp_anneal_900s_mat_only_mat_only,hpo,/home/meliani/Desktop/phd/fast-track/search_space.json,python3 trial.py --data ./mat_only.csv,/home/meliani/Desktop/phd/fast-track,1,900s,100000000,False,False,info,/home/meliani/nni-experiments,"['LSTM', 'GRU', 'CNN', 'RNN', 'TCN', 'Transformer', 'MLP']","[16, 32, 64, 128, 256]","[1, 2, 3, 4]","[0, 0.1, 0.2, 0.3, 0.5]","['relu', 'tanh', 'sigmoid', 'elu']","[1e-05, 0.01]","[2, 3, 4, 5, 6, 7, 8, 9, 10, 11, 12, 13, 14, 15, 16, 17, 18, 19, 20, 21, 22, 23, 24, 25, 26, 27, 28, 29, 30]","[16, 32, 64, 128]","[5, 10, 15, 20]","[2, 3, 5, 7]","[2, 4, 8]",anneal,minimize,local
b8i2hzft,100,446,1778637137405,,/home/meliani/nni-experiments/b8i2hzft,54,exp_anneal_900s_mat_only_mat_only,hpo,/home/meliani/Desktop/phd/fast-track/search_space.json,python3 trial.py --data ./mat_only.csv,/home/meliani/Desktop/phd/fast-track,1,900s,100000000,False,False,info,/home/meliani/nni-experiments,"['LSTM', 'GRU', 'CNN', 'RNN', 'TCN', 'Transformer', 'MLP']","[16, 32, 64, 128, 256]","[1, 2, 3, 4]","[0, 0.1, 0.2, 0.3, 0.5]","['relu', 'tanh', 'sigmoid', 'elu']","[1e-05, 0.01]","[2, 3, 4, 5, 6, 7, 8, 9, 10, 11, 12, 13, 14, 15, 16, 17, 18, 19, 20, 21, 22, 23, 24, 25, 26, 27, 28, 29, 30]","[16, 32, 64, 128]","[5, 10, 15, 20]","[2, 3, 5, 7]","[2, 4, 8]",anneal,minimize,local
b8i2hzft,101,450,1778637137405,,/home/meliani/nni-experiments/b8i2hzft,54,exp_anneal_900s_mat_only_mat_only,hpo,/home/meliani/Desktop/phd/fast-track/search_space.json,python3 trial.py --data ./mat_only.csv,/home/meliani/Desktop/phd/fast-track,1,900s,100000000,False,False,info,/home/meliani/nni-experiments,"['LSTM', 'GRU', 'CNN', 'RNN', 'TCN', 'Transformer', 'MLP']","[16, 32, 64, 128, 256]","[1, 2, 3, 4]","[0, 0.1, 0.2, 0.3, 0.5]","['relu', 'tanh', 'sigmoid', 'elu']","[1e-05, 0.01]","[2, 3, 4, 5, 6, 7, 8, 9, 10, 11, 12, 13, 14, 15, 16, 17, 18, 19, 20, 21, 22, 23, 24, 25, 26, 27, 28, 29, 30]","[16, 32, 64, 128]","[5, 10, 15, 20]","[2, 3, 5, 7]","[2, 4, 8]",anneal,minimize,local
b8i2hzft,102,452,1778637137405,,/home/meliani/nni-experiments/b8i2hzft,55,exp_anneal_900s_mat_only_mat_only,hpo,/home/meliani/Desktop/phd/fast-track/search_space.json,python3 trial.py --data ./mat_only.csv,/home/meliani/Desktop/phd/fast-track,1,900s,100000000,False,False,info,/home/meliani/nni-experiments,"['LSTM', 'GRU', 'CNN', 'RNN', 'TCN', 'Transformer', 'MLP']","[16, 32, 64, 128, 256]","[1, 2, 3, 4]","[0, 0.1, 0.2, 0.3, 0.5]","['relu', 'tanh', 'sigmoid', 'elu']","[1e-05, 0.01]","[2, 3, 4, 5, 6, 7, 8, 9, 10, 11, 12, 13, 14, 15, 16, 17, 18, 19, 20, 21, 22, 23, 24, 25, 26, 27, 28, 29, 30]","[16, 32, 64, 128]","[5, 10, 15, 20]","[2, 3, 5, 7]","[2, 4, 8]",anneal,minimize,local
b8i2hzft,103,456,1778637137405,,/home/meliani/nni-experiments/b8i2hzft,56,exp_anneal_900s_mat_only_mat_only,hpo,/home/meliani/Desktop/phd/fast-track/search_space.json,python3 trial.py --data ./mat_only.csv,/home/meliani/Desktop/phd/fast-track,1,900s,100000000,False,False,info,/home/meliani/nni-experiments,"['LSTM', 'GRU', 'CNN', 'RNN', 'TCN', 'Transformer', 'MLP']","[16, 32, 64, 128, 256]","[1, 2, 3, 4]","[0, 0.1, 0.2, 0.3, 0.5]","['relu', 'tanh', 'sigmoid', 'elu']","[1e-05, 0.01]","[2, 3, 4, 5, 6, 7, 8, 9, 10, 11, 12, 13, 14, 15, 16, 17, 18, 19, 20, 21, 22, 23, 24, 25, 26, 27, 28, 29, 30]","[16, 32, 64, 128]","[5, 10, 15, 20]","[2, 3, 5, 7]","[2, 4, 8]",anneal,minimize,local
b8i2hzft,104,460,1778637137405,,/home/meliani/nni-experiments/b8i2hzft,56,exp_anneal_900s_mat_only_mat_only,hpo,/home/meliani/Desktop/phd/fast-track/search_space.json,python3 trial.py --data ./mat_only.csv,/home/meliani/Desktop/phd/fast-track,1,900s,100000000,False,False,info,/home/meliani/nni-experiments,"['LSTM', 'GRU', 'CNN', 'RNN', 'TCN', 'Transformer', 'MLP']","[16, 32, 64, 128, 256]","[1, 2, 3, 4]","[0, 0.1, 0.2, 0.3, 0.5]","['relu', 'tanh', 'sigmoid', 'elu']","[1e-05, 0.01]","[2, 3, 4, 5, 6, 7, 8, 9, 10, 11, 12, 13, 14, 15, 16, 17, 18, 19, 20, 21, 22, 23, 24, 25, 26, 27, 28, 29, 30]","[16, 32, 64, 128]","[5, 10, 15, 20]","[2, 3, 5, 7]","[2, 4, 8]",anneal,minimize,local
b8i2hzft,105,461,1778637137405,,/home/meliani/nni-experiments/b8i2hzft,57,exp_anneal_900s_mat_only_mat_only,hpo,/home/meliani/Desktop/phd/fast-track/search_space.json,python3 trial.py --data ./mat_only.csv,/home/meliani/Desktop/phd/fast-track,1,900s,100000000,False,False,info,/home/meliani/nni-experiments,"['LSTM', 'GRU', 'CNN', 'RNN', 'TCN', 'Transformer', 'MLP']","[16, 32, 64, 128, 256]","[1, 2, 3, 4]","[0, 0.1, 0.2, 0.3, 0.5]","['relu', 'tanh', 'sigmoid', 'elu']","[1e-05, 0.01]","[2, 3, 4, 5, 6, 7, 8, 9, 10, 11, 12, 13, 14, 15, 16, 17, 18, 19, 20, 21, 22, 23, 24, 25, 26, 27, 28, 29, 30]","[16, 32, 64, 128]","[5, 10, 15, 20]","[2, 3, 5, 7]","[2, 4, 8]",anneal,minimize,local
b8i2hzft,106,465,1778637137405,,/home/meliani/nni-experiments/b8i2hzft,58,exp_anneal_900s_mat_only_mat_only,hpo,/home/meliani/Desktop/phd/fast-track/search_space.json,python3 trial.py --data ./mat_only.csv,/home/meliani/Desktop/phd/fast-track,1,900s,100000000,False,False,info,/home/meliani/nni-experiments,"['LSTM', 'GRU', 'CNN', 'RNN', 'TCN', 'Transformer', 'MLP']","[16, 32, 64, 128, 256]","[1, 2, 3, 4]","[0, 0.1, 0.2, 0.3, 0.5]","['relu', 'tanh', 'sigmoid', 'elu']","[1e-05, 0.01]","[2, 3, 4, 5, 6, 7, 8, 9, 10, 11, 12, 13, 14, 15, 16, 17, 18, 19, 20, 21, 22, 23, 24, 25, 26, 27, 28, 29, 30]","[16, 32, 64, 128]","[5, 10, 15, 20]","[2, 3, 5, 7]","[2, 4, 8]",anneal,minimize,local
b8i2hzft,107,470,1778637137405,,/home/meliani/nni-experiments/b8i2hzft,59,exp_anneal_900s_mat_only_mat_only,hpo,/home/meliani/Desktop/phd/fast-track/search_space.json,python3 trial.py --data ./mat_only.csv,/home/meliani/Desktop/phd/fast-track,1,900s,100000000,False,False,info,/home/meliani/nni-experiments,"['LSTM', 'GRU', 'CNN', 'RNN', 'TCN', 'Transformer', 'MLP']","[16, 32, 64, 128, 256]","[1, 2, 3, 4]","[0, 0.1, 0.2, 0.3, 0.5]","['relu', 'tanh', 'sigmoid', 'elu']","[1e-05, 0.01]","[2, 3, 4, 5, 6, 7, 8, 9, 10, 11, 12, 13, 14, 15, 16, 17, 18, 19, 20, 21, 22, 23, 24, 25, 26, 27, 28, 29, 30]","[16, 32, 64, 128]","[5, 10, 15, 20]","[2, 3, 5, 7]","[2, 4, 8]",anneal,minimize,local
b8i2hzft,108,470,1778637137405,,/home/meliani/nni-experiments/b8i2hzft,59,exp_anneal_900s_mat_only_mat_only,hpo,/home/meliani/Desktop/phd/fast-track/search_space.json,python3 trial.py --data ./mat_only.csv,/home/meliani/Desktop/phd/fast-track,1,900s,100000000,False,False,info,/home/meliani/nni-experiments,"['LSTM', 'GRU', 'CNN', 'RNN', 'TCN', 'Transformer', 'MLP']","[16, 32, 64, 128, 256]","[1, 2, 3, 4]","[0, 0.1, 0.2, 0.3, 0.5]","['relu', 'tanh', 'sigmoid', 'elu']","[1e-05, 0.01]","[2, 3, 4, 5, 6, 7, 8, 9, 10, 11, 12, 13, 14, 15, 16, 17, 18, 19, 20, 21, 22, 23, 24, 25, 26, 27, 28, 29, 30]","[16, 32, 64, 128]","[5, 10, 15, 20]","[2, 3, 5, 7]","[2, 4, 8]",anneal,minimize,local
b8i2hzft,109,474,1778637137405,,/home/meliani/nni-experiments/b8i2hzft,60,exp_anneal_900s_mat_only_mat_only,hpo,/home/meliani/Desktop/phd/fast-track/search_space.json,python3 trial.py --data ./mat_only.csv,/home/meliani/Desktop/phd/fast-track,1,900s,100000000,False,False,info,/home/meliani/nni-experiments,"['LSTM', 'GRU', 'CNN', 'RNN', 'TCN', 'Transformer', 'MLP']","[16, 32, 64, 128, 256]","[1, 2, 3, 4]","[0, 0.1, 0.2, 0.3, 0.5]","['relu', 'tanh', 'sigmoid', 'elu']","[1e-05, 0.01]","[2, 3, 4, 5, 6, 7, 8, 9, 10, 11, 12, 13, 14, 15, 16, 17, 18, 19, 20, 21, 22, 23, 24, 25, 26, 27, 28, 29, 30]","[16, 32, 64, 128]","[5, 10, 15, 20]","[2, 3, 5, 7]","[2, 4, 8]",anneal,minimize,local
b8i2hzft,110,479,1778637137405,,/home/meliani/nni-experiments/b8i2hzft,61,exp_anneal_900s_mat_only_mat_only,hpo,/home/meliani/Desktop/phd/fast-track/search_space.json,python3 trial.py --data ./mat_only.csv,/home/meliani/Desktop/phd/fast-track,1,900s,100000000,False,False,info,/home/meliani/nni-experiments,"['LSTM', 'GRU', 'CNN', 'RNN', 'TCN', 'Transformer', 'MLP']","[16, 32, 64, 128, 256]","[1, 2, 3, 4]","[0, 0.1, 0.2, 0.3, 0.5]","['relu', 'tanh', 'sigmoid', 'elu']","[1e-05, 0.01]","[2, 3, 4, 5, 6, 7, 8, 9, 10, 11, 12, 13, 14, 15, 16, 17, 18, 19, 20, 21, 22, 23, 24, 25, 26, 27, 28, 29, 30]","[16, 32, 64, 128]","[5, 10, 15, 20]","[2, 3, 5, 7]","[2, 4, 8]",anneal,minimize,local
b8i2hzft,111,480,1778637137405,,/home/meliani/nni-experiments/b8i2hzft,61,exp_anneal_900s_mat_only_mat_only,hpo,/home/meliani/Desktop/phd/fast-track/search_space.json,python3 trial.py --data ./mat_only.csv,/home/meliani/Desktop/phd/fast-track,1,900s,100000000,False,False,info,/home/meliani/nni-experiments,"['LSTM', 'GRU', 'CNN', 'RNN', 'TCN', 'Transformer', 'MLP']","[16, 32, 64, 128, 256]","[1, 2, 3, 4]","[0, 0.1, 0.2, 0.3, 0.5]","['relu', 'tanh', 'sigmoid', 'elu']","[1e-05, 0.01]","[2, 3, 4, 5, 6, 7, 8, 9, 10, 11, 12, 13, 14, 15, 16, 17, 18, 19, 20, 21, 22, 23, 24, 25, 26, 27, 28, 29, 30]","[16, 32, 64, 128]","[5, 10, 15, 20]","[2, 3, 5, 7]","[2, 4, 8]",anneal,minimize,local
b8i2hzft,112,483,1778637137405,,/home/meliani/nni-experiments/b8i2hzft,62,exp_anneal_900s_mat_only_mat_only,hpo,/home/meliani/Desktop/phd/fast-track/search_space.json,python3 trial.py --data ./mat_only.csv,/home/meliani/Desktop/phd/fast-track,1,900s,100000000,False,False,info,/home/meliani/nni-experiments,"['LSTM', 'GRU', 'CNN', 'RNN', 'TCN', 'Transformer', 'MLP']","[16, 32, 64, 128, 256]","[1, 2, 3, 4]","[0, 0.1, 0.2, 0.3, 0.5]","['relu', 'tanh', 'sigmoid', 'elu']","[1e-05, 0.01]","[2, 3, 4, 5, 6, 7, 8, 9, 10, 11, 12, 13, 14, 15, 16, 17, 18, 19, 20, 21, 22, 23, 24, 25, 26, 27, 28, 29, 30]","[16, 32, 64, 128]","[5, 10, 15, 20]","[2, 3, 5, 7]","[2, 4, 8]",anneal,minimize,local
b8i2hzft,113,488,1778637137405,,/home/meliani/nni-experiments/b8i2hzft,63,exp_anneal_900s_mat_only_mat_only,hpo,/home/meliani/Desktop/phd/fast-track/search_space.json,python3 trial.py --data ./mat_only.csv,/home/meliani/Desktop/phd/fast-track,1,900s,100000000,False,False,info,/home/meliani/nni-experiments,"['LSTM', 'GRU', 'CNN', 'RNN', 'TCN', 'Transformer', 'MLP']","[16, 32, 64, 128, 256]","[1, 2, 3, 4]","[0, 0.1, 0.2, 0.3, 0.5]","['relu', 'tanh', 'sigmoid', 'elu']","[1e-05, 0.01]","[2, 3, 4, 5, 6, 7, 8, 9, 10, 11, 12, 13, 14, 15, 16, 17, 18, 19, 20, 21, 22, 23, 24, 25, 26, 27, 28, 29, 30]","[16, 32, 64, 128]","[5, 10, 15, 20]","[2, 3, 5, 7]","[2, 4, 8]",anneal,minimize,local
b8i2hzft,114,490,1778637137405,,/home/meliani/nni-experiments/b8i2hzft,63,exp_anneal_900s_mat_only_mat_only,hpo,/home/meliani/Desktop/phd/fast-track/search_space.json,python3 trial.py --data ./mat_only.csv,/home/meliani/Desktop/phd/fast-track,1,900s,100000000,False,False,info,/home/meliani/nni-experiments,"['LSTM', 'GRU', 'CNN', 'RNN', 'TCN', 'Transformer', 'MLP']","[16, 32, 64, 128, 256]","[1, 2, 3, 4]","[0, 0.1, 0.2, 0.3, 0.5]","['relu', 'tanh', 'sigmoid', 'elu']","[1e-05, 0.01]","[2, 3, 4, 5, 6, 7, 8, 9, 10, 11, 12, 13, 14, 15, 16, 17, 18, 19, 20, 21, 22, 23, 24, 25, 26, 27, 28, 29, 30]","[16, 32, 64, 128]","[5, 10, 15, 20]","[2, 3, 5, 7]","[2, 4, 8]",anneal,minimize,local
b8i2hzft,115,492,1778637137405,,/home/meliani/nni-experiments/b8i2hzft,64,exp_anneal_900s_mat_only_mat_only,hpo,/home/meliani/Desktop/phd/fast-track/search_space.json,python3 trial.py --data ./mat_only.csv,/home/meliani/Desktop/phd/fast-track,1,900s,100000000,False,False,info,/home/meliani/nni-experiments,"['LSTM', 'GRU', 'CNN', 'RNN', 'TCN', 'Transformer', 'MLP']","[16, 32, 64, 128, 256]","[1, 2, 3, 4]","[0, 0.1, 0.2, 0.3, 0.5]","['relu', 'tanh', 'sigmoid', 'elu']","[1e-05, 0.01]","[2, 3, 4, 5, 6, 7, 8, 9, 10, 11, 12, 13, 14, 15, 16, 17, 18, 19, 20, 21, 22, 23, 24, 25, 26, 27, 28, 29, 30]","[16, 32, 64, 128]","[5, 10, 15, 20]","[2, 3, 5, 7]","[2, 4, 8]",anneal,minimize,local
b8i2hzft,116,497,1778637137405,,/home/meliani/nni-experiments/b8i2hzft,65,exp_anneal_900s_mat_only_mat_only,hpo,/home/meliani/Desktop/phd/fast-track/search_space.json,python3 trial.py --data ./mat_only.csv,/home/meliani/Desktop/phd/fast-track,1,900s,100000000,False,False,info,/home/meliani/nni-experiments,"['LSTM', 'GRU', 'CNN', 'RNN', 'TCN', 'Transformer', 'MLP']","[16, 32, 64, 128, 256]","[1, 2, 3, 4]","[0, 0.1, 0.2, 0.3, 0.5]","['relu', 'tanh', 'sigmoid', 'elu']","[1e-05, 0.01]","[2, 3, 4, 5, 6, 7, 8, 9, 10, 11, 12, 13, 14, 15, 16, 17, 18, 19, 20, 21, 22, 23, 24, 25, 26, 27, 28, 29, 30]","[16, 32, 64, 128]","[5, 10, 15, 20]","[2, 3, 5, 7]","[2, 4, 8]",anneal,minimize,local
b8i2hzft,117,500,1778637137405,,/home/meliani/nni-experiments/b8i2hzft,65,exp_anneal_900s_mat_only_mat_only,hpo,/home/meliani/Desktop/phd/fast-track/search_space.json,python3 trial.py --data ./mat_only.csv,/home/meliani/Desktop/phd/fast-track,1,900s,100000000,False,False,info,/home/meliani/nni-experiments,"['LSTM', 'GRU', 'CNN', 'RNN', 'TCN', 'Transformer', 'MLP']","[16, 32, 64, 128, 256]","[1, 2, 3, 4]","[0, 0.1, 0.2, 0.3, 0.5]","['relu', 'tanh', 'sigmoid', 'elu']","[1e-05, 0.01]","[2, 3, 4, 5, 6, 7, 8, 9, 10, 11, 12, 13, 14, 15, 16, 17, 18, 19, 20, 21, 22, 23, 24, 25, 26, 27, 28, 29, 30]","[16, 32, 64, 128]","[5, 10, 15, 20]","[2, 3, 5, 7]","[2, 4, 8]",anneal,minimize,local
b8i2hzft,118,501,1778637137405,,/home/meliani/nni-experiments/b8i2hzft,66,exp_anneal_900s_mat_only_mat_only,hpo,/home/meliani/Desktop/phd/fast-track/search_space.json,python3 trial.py --data ./mat_only.csv,/home/meliani/Desktop/phd/fast-track,1,900s,100000000,False,False,info,/home/meliani/nni-experiments,"['LSTM', 'GRU', 'CNN', 'RNN', 'TCN', 'Transformer', 'MLP']","[16, 32, 64, 128, 256]","[1, 2, 3, 4]","[0, 0.1, 0.2, 0.3, 0.5]","['relu', 'tanh', 'sigmoid', 'elu']","[1e-05, 0.01]","[2, 3, 4, 5, 6, 7, 8, 9, 10, 11, 12, 13, 14, 15, 16, 17, 18, 19, 20, 21, 22, 23, 24, 25, 26, 27, 28, 29, 30]","[16, 32, 64, 128]","[5, 10, 15, 20]","[2, 3, 5, 7]","[2, 4, 8]",anneal,minimize,local
b8i2hzft,119,506,1778637137405,,/home/meliani/nni-experiments/b8i2hzft,67,exp_anneal_900s_mat_only_mat_only,hpo,/home/meliani/Desktop/phd/fast-track/search_space.json,python3 trial.py --data ./mat_only.csv,/home/meliani/Desktop/phd/fast-track,1,900s,100000000,False,False,info,/home/meliani/nni-experiments,"['LSTM', 'GRU', 'CNN', 'RNN', 'TCN', 'Transformer', 'MLP']","[16, 32, 64, 128, 256]","[1, 2, 3, 4]","[0, 0.1, 0.2, 0.3, 0.5]","['relu', 'tanh', 'sigmoid', 'elu']","[1e-05, 0.01]","[2, 3, 4, 5, 6, 7, 8, 9, 10, 11, 12, 13, 14, 15, 16, 17, 18, 19, 20, 21, 22, 23, 24, 25, 26, 27, 28, 29, 30]","[16, 32, 64, 128]","[5, 10, 15, 20]","[2, 3, 5, 7]","[2, 4, 8]",anneal,minimize,local
b8i2hzft,120,510,1778637137405,,/home/meliani/nni-experiments/b8i2hzft,67,exp_anneal_900s_mat_only_mat_only,hpo,/home/meliani/Desktop/phd/fast-track/search_space.json,python3 trial.py --data ./mat_only.csv,/home/meliani/Desktop/phd/fast-track,1,900s,100000000,False,False,info,/home/meliani/nni-experiments,"['LSTM', 'GRU', 'CNN', 'RNN', 'TCN', 'Transformer', 'MLP']","[16, 32, 64, 128, 256]","[1, 2, 3, 4]","[0, 0.1, 0.2, 0.3, 0.5]","['relu', 'tanh', 'sigmoid', 'elu']","[1e-05, 0.01]","[2, 3, 4, 5, 6, 7, 8, 9, 10, 11, 12, 13, 14, 15, 16, 17, 18, 19, 20, 21, 22, 23, 24, 25, 26, 27, 28, 29, 30]","[16, 32, 64, 128]","[5, 10, 15, 20]","[2, 3, 5, 7]","[2, 4, 8]",anneal,minimize,local
b8i2hzft,121,510,1778637137405,,/home/meliani/nni-experiments/b8i2hzft,68,exp_anneal_900s_mat_only_mat_only,hpo,/home/meliani/Desktop/phd/fast-track/search_space.json,python3 trial.py --data ./mat_only.csv,/home/meliani/Desktop/phd/fast-track,1,900s,100000000,False,False,info,/home/meliani/nni-experiments,"['LSTM', 'GRU', 'CNN', 'RNN', 'TCN', 'Transformer', 'MLP']","[16, 32, 64, 128, 256]","[1, 2, 3, 4]","[0, 0.1, 0.2, 0.3, 0.5]","['relu', 'tanh', 'sigmoid', 'elu']","[1e-05, 0.01]","[2, 3, 4, 5, 6, 7, 8, 9, 10, 11, 12, 13, 14, 15, 16, 17, 18, 19, 20, 21, 22, 23, 24, 25, 26, 27, 28, 29, 30]","[16, 32, 64, 128]","[5, 10, 15, 20]","[2, 3, 5, 7]","[2, 4, 8]",anneal,minimize,local
b8i2hzft,122,515,1778637137405,,/home/meliani/nni-experiments/b8i2hzft,69,exp_anneal_900s_mat_only_mat_only,hpo,/home/meliani/Desktop/phd/fast-track/search_space.json,python3 trial.py --data ./mat_only.csv,/home/meliani/Desktop/phd/fast-track,1,900s,100000000,False,False,info,/home/meliani/nni-experiments,"['LSTM', 'GRU', 'CNN', 'RNN', 'TCN', 'Transformer', 'MLP']","[16, 32, 64, 128, 256]","[1, 2, 3, 4]","[0, 0.1, 0.2, 0.3, 0.5]","['relu', 'tanh', 'sigmoid', 'elu']","[1e-05, 0.01]","[2, 3, 4, 5, 6, 7, 8, 9, 10, 11, 12, 13, 14, 15, 16, 17, 18, 19, 20, 21, 22, 23, 24, 25, 26, 27, 28, 29, 30]","[16, 32, 64, 128]","[5, 10, 15, 20]","[2, 3, 5, 7]","[2, 4, 8]",anneal,minimize,local
b8i2hzft,123,520,1778637137405,,/home/meliani/nni-experiments/b8i2hzft,70,exp_anneal_900s_mat_only_mat_only,hpo,/home/meliani/Desktop/phd/fast-track/search_space.json,python3 trial.py --data ./mat_only.csv,/home/meliani/Desktop/phd/fast-track,1,900s,100000000,False,False,info,/home/meliani/nni-experiments,"['LSTM', 'GRU', 'CNN', 'RNN', 'TCN', 'Transformer', 'MLP']","[16, 32, 64, 128, 256]","[1, 2, 3, 4]","[0, 0.1, 0.2, 0.3, 0.5]","['relu', 'tanh', 'sigmoid', 'elu']","[1e-05, 0.01]","[2, 3, 4, 5, 6, 7, 8, 9, 10, 11, 12, 13, 14, 15, 16, 17, 18, 19, 20, 21, 22, 23, 24, 25, 26, 27, 28, 29, 30]","[16, 32, 64, 128]","[5, 10, 15, 20]","[2, 3, 5, 7]","[2, 4, 8]",anneal,minimize,local
b8i2hzft,124,520,1778637137405,,/home/meliani/nni-experiments/b8i2hzft,70,exp_anneal_900s_mat_only_mat_only,hpo,/home/meliani/Desktop/phd/fast-track/search_space.json,python3 trial.py --data ./mat_only.csv,/home/meliani/Desktop/phd/fast-track,1,900s,100000000,False,False,info,/home/meliani/nni-experiments,"['LSTM', 'GRU', 'CNN', 'RNN', 'TCN', 'Transformer', 'MLP']","[16, 32, 64, 128, 256]","[1, 2, 3, 4]","[0, 0.1, 0.2, 0.3, 0.5]","['relu', 'tanh', 'sigmoid', 'elu']","[1e-05, 0.01]","[2, 3, 4, 5, 6, 7, 8, 9, 10, 11, 12, 13, 14, 15, 16, 17, 18, 19, 20, 21, 22, 23, 24, 25, 26, 27, 28, 29, 30]","[16, 32, 64, 128]","[5, 10, 15, 20]","[2, 3, 5, 7]","[2, 4, 8]",anneal,minimize,local
b8i2hzft,125,525,1778637137405,,/home/meliani/nni-experiments/b8i2hzft,71,exp_anneal_900s_mat_only_mat_only,hpo,/home/meliani/Desktop/phd/fast-track/search_space.json,python3 trial.py --data ./mat_only.csv,/home/meliani/Desktop/phd/fast-track,1,900s,100000000,False,False,info,/home/meliani/nni-experiments,"['LSTM', 'GRU', 'CNN', 'RNN', 'TCN', 'Transformer', 'MLP']","[16, 32, 64, 128, 256]","[1, 2, 3, 4]","[0, 0.1, 0.2, 0.3, 0.5]","['relu', 'tanh', 'sigmoid', 'elu']","[1e-05, 0.01]","[2, 3, 4, 5, 6, 7, 8, 9, 10, 11, 12, 13, 14, 15, 16, 17, 18, 19, 20, 21, 22, 23, 24, 25, 26, 27, 28, 29, 30]","[16, 32, 64, 128]","[5, 10, 15, 20]","[2, 3, 5, 7]","[2, 4, 8]",anneal,minimize,local
b8i2hzft,126,529,1778637137405,,/home/meliani/nni-experiments/b8i2hzft,72,exp_anneal_900s_mat_only_mat_only,hpo,/home/meliani/Desktop/phd/fast-track/search_space.json,python3 trial.py --data ./mat_only.csv,/home/meliani/Desktop/phd/fast-track,1,900s,100000000,False,False,info,/home/meliani/nni-experiments,"['LSTM', 'GRU', 'CNN', 'RNN', 'TCN', 'Transformer', 'MLP']","[16, 32, 64, 128, 256]","[1, 2, 3, 4]","[0, 0.1, 0.2, 0.3, 0.5]","['relu', 'tanh', 'sigmoid', 'elu']","[1e-05, 0.01]","[2, 3, 4, 5, 6, 7, 8, 9, 10, 11, 12, 13, 14, 15, 16, 17, 18, 19, 20, 21, 22, 23, 24, 25, 26, 27, 28, 29, 30]","[16, 32, 64, 128]","[5, 10, 15, 20]","[2, 3, 5, 7]","[2, 4, 8]",anneal,minimize,local
b8i2hzft,127,530,1778637137405,,/home/meliani/nni-experiments/b8i2hzft,72,exp_anneal_900s_mat_only_mat_only,hpo,/home/meliani/Desktop/phd/fast-track/search_space.json,python3 trial.py --data ./mat_only.csv,/home/meliani/Desktop/phd/fast-track,1,900s,100000000,False,False,info,/home/meliani/nni-experiments,"['LSTM', 'GRU', 'CNN', 'RNN', 'TCN', 'Transformer', 'MLP']","[16, 32, 64, 128, 256]","[1, 2, 3, 4]","[0, 0.1, 0.2, 0.3, 0.5]","['relu', 'tanh', 'sigmoid', 'elu']","[1e-05, 0.01]","[2, 3, 4, 5, 6, 7, 8, 9, 10, 11, 12, 13, 14, 15, 16, 17, 18, 19, 20, 21, 22, 23, 24, 25, 26, 27, 28, 29, 30]","[16, 32, 64, 128]","[5, 10, 15, 20]","[2, 3, 5, 7]","[2, 4, 8]",anneal,minimize,local
b8i2hzft,128,534,1778637137405,,/home/meliani/nni-experiments/b8i2hzft,73,exp_anneal_900s_mat_only_mat_only,hpo,/home/meliani/Desktop/phd/fast-track/search_space.json,python3 trial.py --data ./mat_only.csv,/home/meliani/Desktop/phd/fast-track,1,900s,100000000,False,False,info,/home/meliani/nni-experiments,"['LSTM', 'GRU', 'CNN', 'RNN', 'TCN', 'Transformer', 'MLP']","[16, 32, 64, 128, 256]","[1, 2, 3, 4]","[0, 0.1, 0.2, 0.3, 0.5]","['relu', 'tanh', 'sigmoid', 'elu']","[1e-05, 0.01]","[2, 3, 4, 5, 6, 7, 8, 9, 10, 11, 12, 13, 14, 15, 16, 17, 18, 19, 20, 21, 22, 23, 24, 25, 26, 27, 28, 29, 30]","[16, 32, 64, 128]","[5, 10, 15, 20]","[2, 3, 5, 7]","[2, 4, 8]",anneal,minimize,local
b8i2hzft,129,538,1778637137405,,/home/meliani/nni-experiments/b8i2hzft,74,exp_anneal_900s_mat_only_mat_only,hpo,/home/meliani/Desktop/phd/fast-track/search_space.json,python3 trial.py --data ./mat_only.csv,/home/meliani/Desktop/phd/fast-track,1,900s,100000000,False,False,info,/home/meliani/nni-experiments,"['LSTM', 'GRU', 'CNN', 'RNN', 'TCN', 'Transformer', 'MLP']","[16, 32, 64, 128, 256]","[1, 2, 3, 4]","[0, 0.1, 0.2, 0.3, 0.5]","['relu', 'tanh', 'sigmoid', 'elu']","[1e-05, 0.01]","[2, 3, 4, 5, 6, 7, 8, 9, 10, 11, 12, 13, 14, 15, 16, 17, 18, 19, 20, 21, 22, 23, 24, 25, 26, 27, 28, 29, 30]","[16, 32, 64, 128]","[5, 10, 15, 20]","[2, 3, 5, 7]","[2, 4, 8]",anneal,minimize,local
b8i2hzft,130,540,1778637137405,,/home/meliani/nni-experiments/b8i2hzft,74,exp_anneal_900s_mat_only_mat_only,hpo,/home/meliani/Desktop/phd/fast-track/search_space.json,python3 trial.py --data ./mat_only.csv,/home/meliani/Desktop/phd/fast-track,1,900s,100000000,False,False,info,/home/meliani/nni-experiments,"['LSTM', 'GRU', 'CNN', 'RNN', 'TCN', 'Transformer', 'MLP']","[16, 32, 64, 128, 256]","[1, 2, 3, 4]","[0, 0.1, 0.2, 0.3, 0.5]","['relu', 'tanh', 'sigmoid', 'elu']","[1e-05, 0.01]","[2, 3, 4, 5, 6, 7, 8, 9, 10, 11, 12, 13, 14, 15, 16, 17, 18, 19, 20, 21, 22, 23, 24, 25, 26, 27, 28, 29, 30]","[16, 32, 64, 128]","[5, 10, 15, 20]","[2, 3, 5, 7]","[2, 4, 8]",anneal,minimize,local
b8i2hzft,131,543,1778637137405,,/home/meliani/nni-experiments/b8i2hzft,75,exp_anneal_900s_mat_only_mat_only,hpo,/home/meliani/Desktop/phd/fast-track/search_space.json,python3 trial.py --data ./mat_only.csv,/home/meliani/Desktop/phd/fast-track,1,900s,100000000,False,False,info,/home/meliani/nni-experiments,"['LSTM', 'GRU', 'CNN', 'RNN', 'TCN', 'Transformer', 'MLP']","[16, 32, 64, 128, 256]","[1, 2, 3, 4]","[0, 0.1, 0.2, 0.3, 0.5]","['relu', 'tanh', 'sigmoid', 'elu']","[1e-05, 0.01]","[2, 3, 4, 5, 6, 7, 8, 9, 10, 11, 12, 13, 14, 15, 16, 17, 18, 19, 20, 21, 22, 23, 24, 25, 26, 27, 28, 29, 30]","[16, 32, 64, 128]","[5, 10, 15, 20]","[2, 3, 5, 7]","[2, 4, 8]",anneal,minimize,local
b8i2hzft,132,550,1778637137405,,/home/meliani/nni-experiments/b8i2hzft,76,exp_anneal_900s_mat_only_mat_only,hpo,/home/meliani/Desktop/phd/fast-track/search_space.json,python3 trial.py --data ./mat_only.csv,/home/meliani/Desktop/phd/fast-track,1,900s,100000000,False,False,info,/home/meliani/nni-experiments,"['LSTM', 'GRU', 'CNN', 'RNN', 'TCN', 'Transformer', 'MLP']","[16, 32, 64, 128, 256]","[1, 2, 3, 4]","[0, 0.1, 0.2, 0.3, 0.5]","['relu', 'tanh', 'sigmoid', 'elu']","[1e-05, 0.01]","[2, 3, 4, 5, 6, 7, 8, 9, 10, 11, 12, 13, 14, 15, 16, 17, 18, 19, 20, 21, 22, 23, 24, 25, 26, 27, 28, 29, 30]","[16, 32, 64, 128]","[5, 10, 15, 20]","[2, 3, 5, 7]","[2, 4, 8]",anneal,minimize,local
b8i2hzft,133,550,1778637137405,,/home/meliani/nni-experiments/b8i2hzft,76,exp_anneal_900s_mat_only_mat_only,hpo,/home/meliani/Desktop/phd/fast-track/search_space.json,python3 trial.py --data ./mat_only.csv,/home/meliani/Desktop/phd/fast-track,1,900s,100000000,False,False,info,/home/meliani/nni-experiments,"['LSTM', 'GRU', 'CNN', 'RNN', 'TCN', 'Transformer', 'MLP']","[16, 32, 64, 128, 256]","[1, 2, 3, 4]","[0, 0.1, 0.2, 0.3, 0.5]","['relu', 'tanh', 'sigmoid', 'elu']","[1e-05, 0.01]","[2, 3, 4, 5, 6, 7, 8, 9, 10, 11, 12, 13, 14, 15, 16, 17, 18, 19, 20, 21, 22, 23, 24, 25, 26, 27, 28, 29, 30]","[16, 32, 64, 128]","[5, 10, 15, 20]","[2, 3, 5, 7]","[2, 4, 8]",anneal,minimize,local
b8i2hzft,134,554,1778637137405,,/home/meliani/nni-experiments/b8i2hzft,77,exp_anneal_900s_mat_only_mat_only,hpo,/home/meliani/Desktop/phd/fast-track/search_space.json,python3 trial.py --data ./mat_only.csv,/home/meliani/Desktop/phd/fast-track,1,900s,100000000,False,False,info,/home/meliani/nni-experiments,"['LSTM', 'GRU', 'CNN', 'RNN', 'TCN', 'Transformer', 'MLP']","[16, 32, 64, 128, 256]","[1, 2, 3, 4]","[0, 0.1, 0.2, 0.3, 0.5]","['relu', 'tanh', 'sigmoid', 'elu']","[1e-05, 0.01]","[2, 3, 4, 5, 6, 7, 8, 9, 10, 11, 12, 13, 14, 15, 16, 17, 18, 19, 20, 21, 22, 23, 24, 25, 26, 27, 28, 29, 30]","[16, 32, 64, 128]","[5, 10, 15, 20]","[2, 3, 5, 7]","[2, 4, 8]",anneal,minimize,local
b8i2hzft,135,559,1778637137405,,/home/meliani/nni-experiments/b8i2hzft,78,exp_anneal_900s_mat_only_mat_only,hpo,/home/meliani/Desktop/phd/fast-track/search_space.json,python3 trial.py --data ./mat_only.csv,/home/meliani/Desktop/phd/fast-track,1,900s,100000000,False,False,info,/home/meliani/nni-experiments,"['LSTM', 'GRU', 'CNN', 'RNN', 'TCN', 'Transformer', 'MLP']","[16, 32, 64, 128, 256]","[1, 2, 3, 4]","[0, 0.1, 0.2, 0.3, 0.5]","['relu', 'tanh', 'sigmoid', 'elu']","[1e-05, 0.01]","[2, 3, 4, 5, 6, 7, 8, 9, 10, 11, 12, 13, 14, 15, 16, 17, 18, 19, 20, 21, 22, 23, 24, 25, 26, 27, 28, 29, 30]","[16, 32, 64, 128]","[5, 10, 15, 20]","[2, 3, 5, 7]","[2, 4, 8]",anneal,minimize,local
b8i2hzft,136,560,1778637137405,,/home/meliani/nni-experiments/b8i2hzft,78,exp_anneal_900s_mat_only_mat_only,hpo,/home/meliani/Desktop/phd/fast-track/search_space.json,python3 trial.py --data ./mat_only.csv,/home/meliani/Desktop/phd/fast-track,1,900s,100000000,False,False,info,/home/meliani/nni-experiments,"['LSTM', 'GRU', 'CNN', 'RNN', 'TCN', 'Transformer', 'MLP']","[16, 32, 64, 128, 256]","[1, 2, 3, 4]","[0, 0.1, 0.2, 0.3, 0.5]","['relu', 'tanh', 'sigmoid', 'elu']","[1e-05, 0.01]","[2, 3, 4, 5, 6, 7, 8, 9, 10, 11, 12, 13, 14, 15, 16, 17, 18, 19, 20, 21, 22, 23, 24, 25, 26, 27, 28, 29, 30]","[16, 32, 64, 128]","[5, 10, 15, 20]","[2, 3, 5, 7]","[2, 4, 8]",anneal,minimize,local
b8i2hzft,137,563,1778637137405,,/home/meliani/nni-experiments/b8i2hzft,79,exp_anneal_900s_mat_only_mat_only,hpo,/home/meliani/Desktop/phd/fast-track/search_space.json,python3 trial.py --data ./mat_only.csv,/home/meliani/Desktop/phd/fast-track,1,900s,100000000,False,False,info,/home/meliani/nni-experiments,"['LSTM', 'GRU', 'CNN', 'RNN', 'TCN', 'Transformer', 'MLP']","[16, 32, 64, 128, 256]","[1, 2, 3, 4]","[0, 0.1, 0.2, 0.3, 0.5]","['relu', 'tanh', 'sigmoid', 'elu']","[1e-05, 0.01]","[2, 3, 4, 5, 6, 7, 8, 9, 10, 11, 12, 13, 14, 15, 16, 17, 18, 19, 20, 21, 22, 23, 24, 25, 26, 27, 28, 29, 30]","[16, 32, 64, 128]","[5, 10, 15, 20]","[2, 3, 5, 7]","[2, 4, 8]",anneal,minimize,local
b8i2hzft,138,569,1778637137405,,/home/meliani/nni-experiments/b8i2hzft,80,exp_anneal_900s_mat_only_mat_only,hpo,/home/meliani/Desktop/phd/fast-track/search_space.json,python3 trial.py --data ./mat_only.csv,/home/meliani/Desktop/phd/fast-track,1,900s,100000000,False,False,info,/home/meliani/nni-experiments,"['LSTM', 'GRU', 'CNN', 'RNN', 'TCN', 'Transformer', 'MLP']","[16, 32, 64, 128, 256]","[1, 2, 3, 4]","[0, 0.1, 0.2, 0.3, 0.5]","['relu', 'tanh', 'sigmoid', 'elu']","[1e-05, 0.01]","[2, 3, 4, 5, 6, 7, 8, 9, 10, 11, 12, 13, 14, 15, 16, 17, 18, 19, 20, 21, 22, 23, 24, 25, 26, 27, 28, 29, 30]","[16, 32, 64, 128]","[5, 10, 15, 20]","[2, 3, 5, 7]","[2, 4, 8]",anneal,minimize,local
b8i2hzft,139,570,1778637137405,,/home/meliani/nni-experiments/b8i2hzft,80,exp_anneal_900s_mat_only_mat_only,hpo,/home/meliani/Desktop/phd/fast-track/search_space.json,python3 trial.py --data ./mat_only.csv,/home/meliani/Desktop/phd/fast-track,1,900s,100000000,False,False,info,/home/meliani/nni-experiments,"['LSTM', 'GRU', 'CNN', 'RNN', 'TCN', 'Transformer', 'MLP']","[16, 32, 64, 128, 256]","[1, 2, 3, 4]","[0, 0.1, 0.2, 0.3, 0.5]","['relu', 'tanh', 'sigmoid', 'elu']","[1e-05, 0.01]","[2, 3, 4, 5, 6, 7, 8, 9, 10, 11, 12, 13, 14, 15, 16, 17, 18, 19, 20, 21, 22, 23, 24, 25, 26, 27, 28, 29, 30]","[16, 32, 64, 128]","[5, 10, 15, 20]","[2, 3, 5, 7]","[2, 4, 8]",anneal,minimize,local
b8i2hzft,140,573,1778637137405,,/home/meliani/nni-experiments/b8i2hzft,81,exp_anneal_900s_mat_only_mat_only,hpo,/home/meliani/Desktop/phd/fast-track/search_space.json,python3 trial.py --data ./mat_only.csv,/home/meliani/Desktop/phd/fast-track,1,900s,100000000,False,False,info,/home/meliani/nni-experiments,"['LSTM', 'GRU', 'CNN', 'RNN', 'TCN', 'Transformer', 'MLP']","[16, 32, 64, 128, 256]","[1, 2, 3, 4]","[0, 0.1, 0.2, 0.3, 0.5]","['relu', 'tanh', 'sigmoid', 'elu']","[1e-05, 0.01]","[2, 3, 4, 5, 6, 7, 8, 9, 10, 11, 12, 13, 14, 15, 16, 17, 18, 19, 20, 21, 22, 23, 24, 25, 26, 27, 28, 29, 30]","[16, 32, 64, 128]","[5, 10, 15, 20]","[2, 3, 5, 7]","[2, 4, 8]",anneal,minimize,local
b8i2hzft,141,578,1778637137405,,/home/meliani/nni-experiments/b8i2hzft,82,exp_anneal_900s_mat_only_mat_only,hpo,/home/meliani/Desktop/phd/fast-track/search_space.json,python3 trial.py --data ./mat_only.csv,/home/meliani/Desktop/phd/fast-track,1,900s,100000000,False,False,info,/home/meliani/nni-experiments,"['LSTM', 'GRU', 'CNN', 'RNN', 'TCN', 'Transformer', 'MLP']","[16, 32, 64, 128, 256]","[1, 2, 3, 4]","[0, 0.1, 0.2, 0.3, 0.5]","['relu', 'tanh', 'sigmoid', 'elu']","[1e-05, 0.01]","[2, 3, 4, 5, 6, 7, 8, 9, 10, 11, 12, 13, 14, 15, 16, 17, 18, 19, 20, 21, 22, 23, 24, 25, 26, 27, 28, 29, 30]","[16, 32, 64, 128]","[5, 10, 15, 20]","[2, 3, 5, 7]","[2, 4, 8]",anneal,minimize,local
b8i2hzft,142,580,1778637137405,,/home/meliani/nni-experiments/b8i2hzft,82,exp_anneal_900s_mat_only_mat_only,hpo,/home/meliani/Desktop/phd/fast-track/search_space.json,python3 trial.py --data ./mat_only.csv,/home/meliani/Desktop/phd/fast-track,1,900s,100000000,False,False,info,/home/meliani/nni-experiments,"['LSTM', 'GRU', 'CNN', 'RNN', 'TCN', 'Transformer', 'MLP']","[16, 32, 64, 128, 256]","[1, 2, 3, 4]","[0, 0.1, 0.2, 0.3, 0.5]","['relu', 'tanh', 'sigmoid', 'elu']","[1e-05, 0.01]","[2, 3, 4, 5, 6, 7, 8, 9, 10, 11, 12, 13, 14, 15, 16, 17, 18, 19, 20, 21, 22, 23, 24, 25, 26, 27, 28, 29, 30]","[16, 32, 64, 128]","[5, 10, 15, 20]","[2, 3, 5, 7]","[2, 4, 8]",anneal,minimize,local
b8i2hzft,143,583,1778637137405,,/home/meliani/nni-experiments/b8i2hzft,83,exp_anneal_900s_mat_only_mat_only,hpo,/home/meliani/Desktop/phd/fast-track/search_space.json,python3 trial.py --data ./mat_only.csv,/home/meliani/Desktop/phd/fast-track,1,900s,100000000,False,False,info,/home/meliani/nni-experiments,"['LSTM', 'GRU', 'CNN', 'RNN', 'TCN', 'Transformer', 'MLP']","[16, 32, 64, 128, 256]","[1, 2, 3, 4]","[0, 0.1, 0.2, 0.3, 0.5]","['relu', 'tanh', 'sigmoid', 'elu']","[1e-05, 0.01]","[2, 3, 4, 5, 6, 7, 8, 9, 10, 11, 12, 13, 14, 15, 16, 17, 18, 19, 20, 21, 22, 23, 24, 25, 26, 27, 28, 29, 30]","[16, 32, 64, 128]","[5, 10, 15, 20]","[2, 3, 5, 7]","[2, 4, 8]",anneal,minimize,local
b8i2hzft,144,587,1778637137405,,/home/meliani/nni-experiments/b8i2hzft,84,exp_anneal_900s_mat_only_mat_only,hpo,/home/meliani/Desktop/phd/fast-track/search_space.json,python3 trial.py --data ./mat_only.csv,/home/meliani/Desktop/phd/fast-track,1,900s,100000000,False,False,info,/home/meliani/nni-experiments,"['LSTM', 'GRU', 'CNN', 'RNN', 'TCN', 'Transformer', 'MLP']","[16, 32, 64, 128, 256]","[1, 2, 3, 4]","[0, 0.1, 0.2, 0.3, 0.5]","['relu', 'tanh', 'sigmoid', 'elu']","[1e-05, 0.01]","[2, 3, 4, 5, 6, 7, 8, 9, 10, 11, 12, 13, 14, 15, 16, 17, 18, 19, 20, 21, 22, 23, 24, 25, 26, 27, 28, 29, 30]","[16, 32, 64, 128]","[5, 10, 15, 20]","[2, 3, 5, 7]","[2, 4, 8]",anneal,minimize,local
b8i2hzft,145,590,1778637137405,,/home/meliani/nni-experiments/b8i2hzft,84,exp_anneal_900s_mat_only_mat_only,hpo,/home/meliani/Desktop/phd/fast-track/search_space.json,python3 trial.py --data ./mat_only.csv,/home/meliani/Desktop/phd/fast-track,1,900s,100000000,False,False,info,/home/meliani/nni-experiments,"['LSTM', 'GRU', 'CNN', 'RNN', 'TCN', 'Transformer', 'MLP']","[16, 32, 64, 128, 256]","[1, 2, 3, 4]","[0, 0.1, 0.2, 0.3, 0.5]","['relu', 'tanh', 'sigmoid', 'elu']","[1e-05, 0.01]","[2, 3, 4, 5, 6, 7, 8, 9, 10, 11, 12, 13, 14, 15, 16, 17, 18, 19, 20, 21, 22, 23, 24, 25, 26, 27, 28, 29, 30]","[16, 32, 64, 128]","[5, 10, 15, 20]","[2, 3, 5, 7]","[2, 4, 8]",anneal,minimize,local
b8i2hzft,146,592,1778637137405,,/home/meliani/nni-experiments/b8i2hzft,85,exp_anneal_900s_mat_only_mat_only,hpo,/home/meliani/Desktop/phd/fast-track/search_space.json,python3 trial.py --data ./mat_only.csv,/home/meliani/Desktop/phd/fast-track,1,900s,100000000,False,False,info,/home/meliani/nni-experiments,"['LSTM', 'GRU', 'CNN', 'RNN', 'TCN', 'Transformer', 'MLP']","[16, 32, 64, 128, 256]","[1, 2, 3, 4]","[0, 0.1, 0.2, 0.3, 0.5]","['relu', 'tanh', 'sigmoid', 'elu']","[1e-05, 0.01]","[2, 3, 4, 5, 6, 7, 8, 9, 10, 11, 12, 13, 14, 15, 16, 17, 18, 19, 20, 21, 22, 23, 24, 25, 26, 27, 28, 29, 30]","[16, 32, 64, 128]","[5, 10, 15, 20]","[2, 3, 5, 7]","[2, 4, 8]",anneal,minimize,local
b8i2hzft,147,598,1778637137405,,/home/meliani/nni-experiments/b8i2hzft,86,exp_anneal_900s_mat_only_mat_only,hpo,/home/meliani/Desktop/phd/fast-track/search_space.json,python3 trial.py --data ./mat_only.csv,/home/meliani/Desktop/phd/fast-track,1,900s,100000000,False,False,info,/home/meliani/nni-experiments,"['LSTM', 'GRU', 'CNN', 'RNN', 'TCN', 'Transformer', 'MLP']","[16, 32, 64, 128, 256]","[1, 2, 3, 4]","[0, 0.1, 0.2, 0.3, 0.5]","['relu', 'tanh', 'sigmoid', 'elu']","[1e-05, 0.01]","[2, 3, 4, 5, 6, 7, 8, 9, 10, 11, 12, 13, 14, 15, 16, 17, 18, 19, 20, 21, 22, 23, 24, 25, 26, 27, 28, 29, 30]","[16, 32, 64, 128]","[5, 10, 15, 20]","[2, 3, 5, 7]","[2, 4, 8]",anneal,minimize,local
b8i2hzft,148,600,1778637137405,,/home/meliani/nni-experiments/b8i2hzft,86,exp_anneal_900s_mat_only_mat_only,hpo,/home/meliani/Desktop/phd/fast-track/search_space.json,python3 trial.py --data ./mat_only.csv,/home/meliani/Desktop/phd/fast-track,1,900s,100000000,False,False,info,/home/meliani/nni-experiments,"['LSTM', 'GRU', 'CNN', 'RNN', 'TCN', 'Transformer', 'MLP']","[16, 32, 64, 128, 256]","[1, 2, 3, 4]","[0, 0.1, 0.2, 0.3, 0.5]","['relu', 'tanh', 'sigmoid', 'elu']","[1e-05, 0.01]","[2, 3, 4, 5, 6, 7, 8, 9, 10, 11, 12, 13, 14, 15, 16, 17, 18, 19, 20, 21, 22, 23, 24, 25, 26, 27, 28, 29, 30]","[16, 32, 64, 128]","[5, 10, 15, 20]","[2, 3, 5, 7]","[2, 4, 8]",anneal,minimize,local
b8i2hzft,149,602,1778637137405,,/home/meliani/nni-experiments/b8i2hzft,87,exp_anneal_900s_mat_only_mat_only,hpo,/home/meliani/Desktop/phd/fast-track/search_space.json,python3 trial.py --data ./mat_only.csv,/home/meliani/Desktop/phd/fast-track,1,900s,100000000,False,False,info,/home/meliani/nni-experiments,"['LSTM', 'GRU', 'CNN', 'RNN', 'TCN', 'Transformer', 'MLP']","[16, 32, 64, 128, 256]","[1, 2, 3, 4]","[0, 0.1, 0.2, 0.3, 0.5]","['relu', 'tanh', 'sigmoid', 'elu']","[1e-05, 0.01]","[2, 3, 4, 5, 6, 7, 8, 9, 10, 11, 12, 13, 14, 15, 16, 17, 18, 19, 20, 21, 22, 23, 24, 25, 26, 27, 28, 29, 30]","[16, 32, 64, 128]","[5, 10, 15, 20]","[2, 3, 5, 7]","[2, 4, 8]",anneal,minimize,local
b8i2hzft,150,607,1778637137405,,/home/meliani/nni-experiments/b8i2hzft,88,exp_anneal_900s_mat_only_mat_only,hpo,/home/meliani/Desktop/phd/fast-track/search_space.json,python3 trial.py --data ./mat_only.csv,/home/meliani/Desktop/phd/fast-track,1,900s,100000000,False,False,info,/home/meliani/nni-experiments,"['LSTM', 'GRU', 'CNN', 'RNN', 'TCN', 'Transformer', 'MLP']","[16, 32, 64, 128, 256]","[1, 2, 3, 4]","[0, 0.1, 0.2, 0.3, 0.5]","['relu', 'tanh', 'sigmoid', 'elu']","[1e-05, 0.01]","[2, 3, 4, 5, 6, 7, 8, 9, 10, 11, 12, 13, 14, 15, 16, 17, 18, 19, 20, 21, 22, 23, 24, 25, 26, 27, 28, 29, 30]","[16, 32, 64, 128]","[5, 10, 15, 20]","[2, 3, 5, 7]","[2, 4, 8]",anneal,minimize,local
b8i2hzft,151,610,1778637137405,,/home/meliani/nni-experiments/b8i2hzft,88,exp_anneal_900s_mat_only_mat_only,hpo,/home/meliani/Desktop/phd/fast-track/search_space.json,python3 trial.py --data ./mat_only.csv,/home/meliani/Desktop/phd/fast-track,1,900s,100000000,False,False,info,/home/meliani/nni-experiments,"['LSTM', 'GRU', 'CNN', 'RNN', 'TCN', 'Transformer', 'MLP']","[16, 32, 64, 128, 256]","[1, 2, 3, 4]","[0, 0.1, 0.2, 0.3, 0.5]","['relu', 'tanh', 'sigmoid', 'elu']","[1e-05, 0.01]","[2, 3, 4, 5, 6, 7, 8, 9, 10, 11, 12, 13, 14, 15, 16, 17, 18, 19, 20, 21, 22, 23, 24, 25, 26, 27, 28, 29, 30]","[16, 32, 64, 128]","[5, 10, 15, 20]","[2, 3, 5, 7]","[2, 4, 8]",anneal,minimize,local
b8i2hzft,152,611,1778637137405,,/home/meliani/nni-experiments/b8i2hzft,89,exp_anneal_900s_mat_only_mat_only,hpo,/home/meliani/Desktop/phd/fast-track/search_space.json,python3 trial.py --data ./mat_only.csv,/home/meliani/Desktop/phd/fast-track,1,900s,100000000,False,False,info,/home/meliani/nni-experiments,"['LSTM', 'GRU', 'CNN', 'RNN', 'TCN', 'Transformer', 'MLP']","[16, 32, 64, 128, 256]","[1, 2, 3, 4]","[0, 0.1, 0.2, 0.3, 0.5]","['relu', 'tanh', 'sigmoid', 'elu']","[1e-05, 0.01]","[2, 3, 4, 5, 6, 7, 8, 9, 10, 11, 12, 13, 14, 15, 16, 17, 18, 19, 20, 21, 22, 23, 24, 25, 26, 27, 28, 29, 30]","[16, 32, 64, 128]","[5, 10, 15, 20]","[2, 3, 5, 7]","[2, 4, 8]",anneal,minimize,local
b8i2hzft,153,616,1778637137405,,/home/meliani/nni-experiments/b8i2hzft,90,exp_anneal_900s_mat_only_mat_only,hpo,/home/meliani/Desktop/phd/fast-track/search_space.json,python3 trial.py --data ./mat_only.csv,/home/meliani/Desktop/phd/fast-track,1,900s,100000000,False,False,info,/home/meliani/nni-experiments,"['LSTM', 'GRU', 'CNN', 'RNN', 'TCN', 'Transformer', 'MLP']","[16, 32, 64, 128, 256]","[1, 2, 3, 4]","[0, 0.1, 0.2, 0.3, 0.5]","['relu', 'tanh', 'sigmoid', 'elu']","[1e-05, 0.01]","[2, 3, 4, 5, 6, 7, 8, 9, 10, 11, 12, 13, 14, 15, 16, 17, 18, 19, 20, 21, 22, 23, 24, 25, 26, 27, 28, 29, 30]","[16, 32, 64, 128]","[5, 10, 15, 20]","[2, 3, 5, 7]","[2, 4, 8]",anneal,minimize,local
b8i2hzft,154,620,1778637137405,,/home/meliani/nni-experiments/b8i2hzft,90,exp_anneal_900s_mat_only_mat_only,hpo,/home/meliani/Desktop/phd/fast-track/search_space.json,python3 trial.py --data ./mat_only.csv,/home/meliani/Desktop/phd/fast-track,1,900s,100000000,False,False,info,/home/meliani/nni-experiments,"['LSTM', 'GRU', 'CNN', 'RNN', 'TCN', 'Transformer', 'MLP']","[16, 32, 64, 128, 256]","[1, 2, 3, 4]","[0, 0.1, 0.2, 0.3, 0.5]","['relu', 'tanh', 'sigmoid', 'elu']","[1e-05, 0.01]","[2, 3, 4, 5, 6, 7, 8, 9, 10, 11, 12, 13, 14, 15, 16, 17, 18, 19, 20, 21, 22, 23, 24, 25, 26, 27, 28, 29, 30]","[16, 32, 64, 128]","[5, 10, 15, 20]","[2, 3, 5, 7]","[2, 4, 8]",anneal,minimize,local
b8i2hzft,155,620,1778637137405,,/home/meliani/nni-experiments/b8i2hzft,91,exp_anneal_900s_mat_only_mat_only,hpo,/home/meliani/Desktop/phd/fast-track/search_space.json,python3 trial.py --data ./mat_only.csv,/home/meliani/Desktop/phd/fast-track,1,900s,100000000,False,False,info,/home/meliani/nni-experiments,"['LSTM', 'GRU', 'CNN', 'RNN', 'TCN', 'Transformer', 'MLP']","[16, 32, 64, 128, 256]","[1, 2, 3, 4]","[0, 0.1, 0.2, 0.3, 0.5]","['relu', 'tanh', 'sigmoid', 'elu']","[1e-05, 0.01]","[2, 3, 4, 5, 6, 7, 8, 9, 10, 11, 12, 13, 14, 15, 16, 17, 18, 19, 20, 21, 22, 23, 24, 25, 26, 27, 28, 29, 30]","[16, 32, 64, 128]","[5, 10, 15, 20]","[2, 3, 5, 7]","[2, 4, 8]",anneal,minimize,local
b8i2hzft,156,628,1778637137405,,/home/meliani/nni-experiments/b8i2hzft,92,exp_anneal_900s_mat_only_mat_only,hpo,/home/meliani/Desktop/phd/fast-track/search_space.json,python3 trial.py --data ./mat_only.csv,/home/meliani/Desktop/phd/fast-track,1,900s,100000000,False,False,info,/home/meliani/nni-experiments,"['LSTM', 'GRU', 'CNN', 'RNN', 'TCN', 'Transformer', 'MLP']","[16, 32, 64, 128, 256]","[1, 2, 3, 4]","[0, 0.1, 0.2, 0.3, 0.5]","['relu', 'tanh', 'sigmoid', 'elu']","[1e-05, 0.01]","[2, 3, 4, 5, 6, 7, 8, 9, 10, 11, 12, 13, 14, 15, 16, 17, 18, 19, 20, 21, 22, 23, 24, 25, 26, 27, 28, 29, 30]","[16, 32, 64, 128]","[5, 10, 15, 20]","[2, 3, 5, 7]","[2, 4, 8]",anneal,minimize,local
b8i2hzft,157,630,1778637137405,,/home/meliani/nni-experiments/b8i2hzft,92,exp_anneal_900s_mat_only_mat_only,hpo,/home/meliani/Desktop/phd/fast-track/search_space.json,python3 trial.py --data ./mat_only.csv,/home/meliani/Desktop/phd/fast-track,1,900s,100000000,False,False,info,/home/meliani/nni-experiments,"['LSTM', 'GRU', 'CNN', 'RNN', 'TCN', 'Transformer', 'MLP']","[16, 32, 64, 128, 256]","[1, 2, 3, 4]","[0, 0.1, 0.2, 0.3, 0.5]","['relu', 'tanh', 'sigmoid', 'elu']","[1e-05, 0.01]","[2, 3, 4, 5, 6, 7, 8, 9, 10, 11, 12, 13, 14, 15, 16, 17, 18, 19, 20, 21, 22, 23, 24, 25, 26, 27, 28, 29, 30]","[16, 32, 64, 128]","[5, 10, 15, 20]","[2, 3, 5, 7]","[2, 4, 8]",anneal,minimize,local
b8i2hzft,158,635,1778637137405,,/home/meliani/nni-experiments/b8i2hzft,93,exp_anneal_900s_mat_only_mat_only,hpo,/home/meliani/Desktop/phd/fast-track/search_space.json,python3 trial.py --data ./mat_only.csv,/home/meliani/Desktop/phd/fast-track,1,900s,100000000,False,False,info,/home/meliani/nni-experiments,"['LSTM', 'GRU', 'CNN', 'RNN', 'TCN', 'Transformer', 'MLP']","[16, 32, 64, 128, 256]","[1, 2, 3, 4]","[0, 0.1, 0.2, 0.3, 0.5]","['relu', 'tanh', 'sigmoid', 'elu']","[1e-05, 0.01]","[2, 3, 4, 5, 6, 7, 8, 9, 10, 11, 12, 13, 14, 15, 16, 17, 18, 19, 20, 21, 22, 23, 24, 25, 26, 27, 28, 29, 30]","[16, 32, 64, 128]","[5, 10, 15, 20]","[2, 3, 5, 7]","[2, 4, 8]",anneal,minimize,local
b8i2hzft,159,639,1778637137405,,/home/meliani/nni-experiments/b8i2hzft,94,exp_anneal_900s_mat_only_mat_only,hpo,/home/meliani/Desktop/phd/fast-track/search_space.json,python3 trial.py --data ./mat_only.csv,/home/meliani/Desktop/phd/fast-track,1,900s,100000000,False,False,info,/home/meliani/nni-experiments,"['LSTM', 'GRU', 'CNN', 'RNN', 'TCN', 'Transformer', 'MLP']","[16, 32, 64, 128, 256]","[1, 2, 3, 4]","[0, 0.1, 0.2, 0.3, 0.5]","['relu', 'tanh', 'sigmoid', 'elu']","[1e-05, 0.01]","[2, 3, 4, 5, 6, 7, 8, 9, 10, 11, 12, 13, 14, 15, 16, 17, 18, 19, 20, 21, 22, 23, 24, 25, 26, 27, 28, 29, 30]","[16, 32, 64, 128]","[5, 10, 15, 20]","[2, 3, 5, 7]","[2, 4, 8]",anneal,minimize,local
b8i2hzft,160,640,1778637137405,,/home/meliani/nni-experiments/b8i2hzft,94,exp_anneal_900s_mat_only_mat_only,hpo,/home/meliani/Desktop/phd/fast-track/search_space.json,python3 trial.py --data ./mat_only.csv,/home/meliani/Desktop/phd/fast-track,1,900s,100000000,False,False,info,/home/meliani/nni-experiments,"['LSTM', 'GRU', 'CNN', 'RNN', 'TCN', 'Transformer', 'MLP']","[16, 32, 64, 128, 256]","[1, 2, 3, 4]","[0, 0.1, 0.2, 0.3, 0.5]","['relu', 'tanh', 'sigmoid', 'elu']","[1e-05, 0.01]","[2, 3, 4, 5, 6, 7, 8, 9, 10, 11, 12, 13, 14, 15, 16, 17, 18, 19, 20, 21, 22, 23, 24, 25, 26, 27, 28, 29, 30]","[16, 32, 64, 128]","[5, 10, 15, 20]","[2, 3, 5, 7]","[2, 4, 8]",anneal,minimize,local
b8i2hzft,161,644,1778637137405,,/home/meliani/nni-experiments/b8i2hzft,95,exp_anneal_900s_mat_only_mat_only,hpo,/home/meliani/Desktop/phd/fast-track/search_space.json,python3 trial.py --data ./mat_only.csv,/home/meliani/Desktop/phd/fast-track,1,900s,100000000,False,False,info,/home/meliani/nni-experiments,"['LSTM', 'GRU', 'CNN', 'RNN', 'TCN', 'Transformer', 'MLP']","[16, 32, 64, 128, 256]","[1, 2, 3, 4]","[0, 0.1, 0.2, 0.3, 0.5]","['relu', 'tanh', 'sigmoid', 'elu']","[1e-05, 0.01]","[2, 3, 4, 5, 6, 7, 8, 9, 10, 11, 12, 13, 14, 15, 16, 17, 18, 19, 20, 21, 22, 23, 24, 25, 26, 27, 28, 29, 30]","[16, 32, 64, 128]","[5, 10, 15, 20]","[2, 3, 5, 7]","[2, 4, 8]",anneal,minimize,local
b8i2hzft,162,648,1778637137405,,/home/meliani/nni-experiments/b8i2hzft,96,exp_anneal_900s_mat_only_mat_only,hpo,/home/meliani/Desktop/phd/fast-track/search_space.json,python3 trial.py --data ./mat_only.csv,/home/meliani/Desktop/phd/fast-track,1,900s,100000000,False,False,info,/home/meliani/nni-experiments,"['LSTM', 'GRU', 'CNN', 'RNN', 'TCN', 'Transformer', 'MLP']","[16, 32, 64, 128, 256]","[1, 2, 3, 4]","[0, 0.1, 0.2, 0.3, 0.5]","['relu', 'tanh', 'sigmoid', 'elu']","[1e-05, 0.01]","[2, 3, 4, 5, 6, 7, 8, 9, 10, 11, 12, 13, 14, 15, 16, 17, 18, 19, 20, 21, 22, 23, 24, 25, 26, 27, 28, 29, 30]","[16, 32, 64, 128]","[5, 10, 15, 20]","[2, 3, 5, 7]","[2, 4, 8]",anneal,minimize,local
b8i2hzft,163,650,1778637137405,,/home/meliani/nni-experiments/b8i2hzft,96,exp_anneal_900s_mat_only_mat_only,hpo,/home/meliani/Desktop/phd/fast-track/search_space.json,python3 trial.py --data ./mat_only.csv,/home/meliani/Desktop/phd/fast-track,1,900s,100000000,False,False,info,/home/meliani/nni-experiments,"['LSTM', 'GRU', 'CNN', 'RNN', 'TCN', 'Transformer', 'MLP']","[16, 32, 64, 128, 256]","[1, 2, 3, 4]","[0, 0.1, 0.2, 0.3, 0.5]","['relu', 'tanh', 'sigmoid', 'elu']","[1e-05, 0.01]","[2, 3, 4, 5, 6, 7, 8, 9, 10, 11, 12, 13, 14, 15, 16, 17, 18, 19, 20, 21, 22, 23, 24, 25, 26, 27, 28, 29, 30]","[16, 32, 64, 128]","[5, 10, 15, 20]","[2, 3, 5, 7]","[2, 4, 8]",anneal,minimize,local
b8i2hzft,164,653,1778637137405,,/home/meliani/nni-experiments/b8i2hzft,97,exp_anneal_900s_mat_only_mat_only,hpo,/home/meliani/Desktop/phd/fast-track/search_space.json,python3 trial.py --data ./mat_only.csv,/home/meliani/Desktop/phd/fast-track,1,900s,100000000,False,False,info,/home/meliani/nni-experiments,"['LSTM', 'GRU', 'CNN', 'RNN', 'TCN', 'Transformer', 'MLP']","[16, 32, 64, 128, 256]","[1, 2, 3, 4]","[0, 0.1, 0.2, 0.3, 0.5]","['relu', 'tanh', 'sigmoid', 'elu']","[1e-05, 0.01]","[2, 3, 4, 5, 6, 7, 8, 9, 10, 11, 12, 13, 14, 15, 16, 17, 18, 19, 20, 21, 22, 23, 24, 25, 26, 27, 28, 29, 30]","[16, 32, 64, 128]","[5, 10, 15, 20]","[2, 3, 5, 7]","[2, 4, 8]",anneal,minimize,local
b8i2hzft,165,658,1778637137405,,/home/meliani/nni-experiments/b8i2hzft,98,exp_anneal_900s_mat_only_mat_only,hpo,/home/meliani/Desktop/phd/fast-track/search_space.json,python3 trial.py --data ./mat_only.csv,/home/meliani/Desktop/phd/fast-track,1,900s,100000000,False,False,info,/home/meliani/nni-experiments,"['LSTM', 'GRU', 'CNN', 'RNN', 'TCN', 'Transformer', 'MLP']","[16, 32, 64, 128, 256]","[1, 2, 3, 4]","[0, 0.1, 0.2, 0.3, 0.5]","['relu', 'tanh', 'sigmoid', 'elu']","[1e-05, 0.01]","[2, 3, 4, 5, 6, 7, 8, 9, 10, 11, 12, 13, 14, 15, 16, 17, 18, 19, 20, 21, 22, 23, 24, 25, 26, 27, 28, 29, 30]","[16, 32, 64, 128]","[5, 10, 15, 20]","[2, 3, 5, 7]","[2, 4, 8]",anneal,minimize,local
b8i2hzft,166,660,1778637137405,,/home/meliani/nni-experiments/b8i2hzft,98,exp_anneal_900s_mat_only_mat_only,hpo,/home/meliani/Desktop/phd/fast-track/search_space.json,python3 trial.py --data ./mat_only.csv,/home/meliani/Desktop/phd/fast-track,1,900s,100000000,False,False,info,/home/meliani/nni-experiments,"['LSTM', 'GRU', 'CNN', 'RNN', 'TCN', 'Transformer', 'MLP']","[16, 32, 64, 128, 256]","[1, 2, 3, 4]","[0, 0.1, 0.2, 0.3, 0.5]","['relu', 'tanh', 'sigmoid', 'elu']","[1e-05, 0.01]","[2, 3, 4, 5, 6, 7, 8, 9, 10, 11, 12, 13, 14, 15, 16, 17, 18, 19, 20, 21, 22, 23, 24, 25, 26, 27, 28, 29, 30]","[16, 32, 64, 128]","[5, 10, 15, 20]","[2, 3, 5, 7]","[2, 4, 8]",anneal,minimize,local
b8i2hzft,167,664,1778637137405,,/home/meliani/nni-experiments/b8i2hzft,99,exp_anneal_900s_mat_only_mat_only,hpo,/home/meliani/Desktop/phd/fast-track/search_space.json,python3 trial.py --data ./mat_only.csv,/home/meliani/Desktop/phd/fast-track,1,900s,100000000,False,False,info,/home/meliani/nni-experiments,"['LSTM', 'GRU', 'CNN', 'RNN', 'TCN', 'Transformer', 'MLP']","[16, 32, 64, 128, 256]","[1, 2, 3, 4]","[0, 0.1, 0.2, 0.3, 0.5]","['relu', 'tanh', 'sigmoid', 'elu']","[1e-05, 0.01]","[2, 3, 4, 5, 6, 7, 8, 9, 10, 11, 12, 13, 14, 15, 16, 17, 18, 19, 20, 21, 22, 23, 24, 25, 26, 27, 28, 29, 30]","[16, 32, 64, 128]","[5, 10, 15, 20]","[2, 3, 5, 7]","[2, 4, 8]",anneal,minimize,local
b8i2hzft,168,669,1778637137405,,/home/meliani/nni-experiments/b8i2hzft,100,exp_anneal_900s_mat_only_mat_only,hpo,/home/meliani/Desktop/phd/fast-track/search_space.json,python3 trial.py --data ./mat_only.csv,/home/meliani/Desktop/phd/fast-track,1,900s,100000000,False,False,info,/home/meliani/nni-experiments,"['LSTM', 'GRU', 'CNN', 'RNN', 'TCN', 'Transformer', 'MLP']","[16, 32, 64, 128, 256]","[1, 2, 3, 4]","[0, 0.1, 0.2, 0.3, 0.5]","['relu', 'tanh', 'sigmoid', 'elu']","[1e-05, 0.01]","[2, 3, 4, 5, 6, 7, 8, 9, 10, 11, 12, 13, 14, 15, 16, 17, 18, 19, 20, 21, 22, 23, 24, 25, 26, 27, 28, 29, 30]","[16, 32, 64, 128]","[5, 10, 15, 20]","[2, 3, 5, 7]","[2, 4, 8]",anneal,minimize,local
b8i2hzft,169,670,1778637137405,,/home/meliani/nni-experiments/b8i2hzft,100,exp_anneal_900s_mat_only_mat_only,hpo,/home/meliani/Desktop/phd/fast-track/search_space.json,python3 trial.py --data ./mat_only.csv,/home/meliani/Desktop/phd/fast-track,1,900s,100000000,False,False,info,/home/meliani/nni-experiments,"['LSTM', 'GRU', 'CNN', 'RNN', 'TCN', 'Transformer', 'MLP']","[16, 32, 64, 128, 256]","[1, 2, 3, 4]","[0, 0.1, 0.2, 0.3, 0.5]","['relu', 'tanh', 'sigmoid', 'elu']","[1e-05, 0.01]","[2, 3, 4, 5, 6, 7, 8, 9, 10, 11, 12, 13, 14, 15, 16, 17, 18, 19, 20, 21, 22, 23, 24, 25, 26, 27, 28, 29, 30]","[16, 32, 64, 128]","[5, 10, 15, 20]","[2, 3, 5, 7]","[2, 4, 8]",anneal,minimize,local
b8i2hzft,170,674,1778637137405,,/home/meliani/nni-experiments/b8i2hzft,101,exp_anneal_900s_mat_only_mat_only,hpo,/home/meliani/Desktop/phd/fast-track/search_space.json,python3 trial.py --data ./mat_only.csv,/home/meliani/Desktop/phd/fast-track,1,900s,100000000,False,False,info,/home/meliani/nni-experiments,"['LSTM', 'GRU', 'CNN', 'RNN', 'TCN', 'Transformer', 'MLP']","[16, 32, 64, 128, 256]","[1, 2, 3, 4]","[0, 0.1, 0.2, 0.3, 0.5]","['relu', 'tanh', 'sigmoid', 'elu']","[1e-05, 0.01]","[2, 3, 4, 5, 6, 7, 8, 9, 10, 11, 12, 13, 14, 15, 16, 17, 18, 19, 20, 21, 22, 23, 24, 25, 26, 27, 28, 29, 30]","[16, 32, 64, 128]","[5, 10, 15, 20]","[2, 3, 5, 7]","[2, 4, 8]",anneal,minimize,local
b8i2hzft,171,679,1778637137405,,/home/meliani/nni-experiments/b8i2hzft,102,exp_anneal_900s_mat_only_mat_only,hpo,/home/meliani/Desktop/phd/fast-track/search_space.json,python3 trial.py --data ./mat_only.csv,/home/meliani/Desktop/phd/fast-track,1,900s,100000000,False,False,info,/home/meliani/nni-experiments,"['LSTM', 'GRU', 'CNN', 'RNN', 'TCN', 'Transformer', 'MLP']","[16, 32, 64, 128, 256]","[1, 2, 3, 4]","[0, 0.1, 0.2, 0.3, 0.5]","['relu', 'tanh', 'sigmoid', 'elu']","[1e-05, 0.01]","[2, 3, 4, 5, 6, 7, 8, 9, 10, 11, 12, 13, 14, 15, 16, 17, 18, 19, 20, 21, 22, 23, 24, 25, 26, 27, 28, 29, 30]","[16, 32, 64, 128]","[5, 10, 15, 20]","[2, 3, 5, 7]","[2, 4, 8]",anneal,minimize,local
b8i2hzft,172,680,1778637137405,,/home/meliani/nni-experiments/b8i2hzft,102,exp_anneal_900s_mat_only_mat_only,hpo,/home/meliani/Desktop/phd/fast-track/search_space.json,python3 trial.py --data ./mat_only.csv,/home/meliani/Desktop/phd/fast-track,1,900s,100000000,False,False,info,/home/meliani/nni-experiments,"['LSTM', 'GRU', 'CNN', 'RNN', 'TCN', 'Transformer', 'MLP']","[16, 32, 64, 128, 256]","[1, 2, 3, 4]","[0, 0.1, 0.2, 0.3, 0.5]","['relu', 'tanh', 'sigmoid', 'elu']","[1e-05, 0.01]","[2, 3, 4, 5, 6, 7, 8, 9, 10, 11, 12, 13, 14, 15, 16, 17, 18, 19, 20, 21, 22, 23, 24, 25, 26, 27, 28, 29, 30]","[16, 32, 64, 128]","[5, 10, 15, 20]","[2, 3, 5, 7]","[2, 4, 8]",anneal,minimize,local
b8i2hzft,173,684,1778637137405,,/home/meliani/nni-experiments/b8i2hzft,103,exp_anneal_900s_mat_only_mat_only,hpo,/home/meliani/Desktop/phd/fast-track/search_space.json,python3 trial.py --data ./mat_only.csv,/home/meliani/Desktop/phd/fast-track,1,900s,100000000,False,False,info,/home/meliani/nni-experiments,"['LSTM', 'GRU', 'CNN', 'RNN', 'TCN', 'Transformer', 'MLP']","[16, 32, 64, 128, 256]","[1, 2, 3, 4]","[0, 0.1, 0.2, 0.3, 0.5]","['relu', 'tanh', 'sigmoid', 'elu']","[1e-05, 0.01]","[2, 3, 4, 5, 6, 7, 8, 9, 10, 11, 12, 13, 14, 15, 16, 17, 18, 19, 20, 21, 22, 23, 24, 25, 26, 27, 28, 29, 30]","[16, 32, 64, 128]","[5, 10, 15, 20]","[2, 3, 5, 7]","[2, 4, 8]",anneal,minimize,local
b8i2hzft,174,688,1778637137405,,/home/meliani/nni-experiments/b8i2hzft,104,exp_anneal_900s_mat_only_mat_only,hpo,/home/meliani/Desktop/phd/fast-track/search_space.json,python3 trial.py --data ./mat_only.csv,/home/meliani/Desktop/phd/fast-track,1,900s,100000000,False,False,info,/home/meliani/nni-experiments,"['LSTM', 'GRU', 'CNN', 'RNN', 'TCN', 'Transformer', 'MLP']","[16, 32, 64, 128, 256]","[1, 2, 3, 4]","[0, 0.1, 0.2, 0.3, 0.5]","['relu', 'tanh', 'sigmoid', 'elu']","[1e-05, 0.01]","[2, 3, 4, 5, 6, 7, 8, 9, 10, 11, 12, 13, 14, 15, 16, 17, 18, 19, 20, 21, 22, 23, 24, 25, 26, 27, 28, 29, 30]","[16, 32, 64, 128]","[5, 10, 15, 20]","[2, 3, 5, 7]","[2, 4, 8]",anneal,minimize,local
b8i2hzft,175,690,1778637137405,,/home/meliani/nni-experiments/b8i2hzft,104,exp_anneal_900s_mat_only_mat_only,hpo,/home/meliani/Desktop/phd/fast-track/search_space.json,python3 trial.py --data ./mat_only.csv,/home/meliani/Desktop/phd/fast-track,1,900s,100000000,False,False,info,/home/meliani/nni-experiments,"['LSTM', 'GRU', 'CNN', 'RNN', 'TCN', 'Transformer', 'MLP']","[16, 32, 64, 128, 256]","[1, 2, 3, 4]","[0, 0.1, 0.2, 0.3, 0.5]","['relu', 'tanh', 'sigmoid', 'elu']","[1e-05, 0.01]","[2, 3, 4, 5, 6, 7, 8, 9, 10, 11, 12, 13, 14, 15, 16, 17, 18, 19, 20, 21, 22, 23, 24, 25, 26, 27, 28, 29, 30]","[16, 32, 64, 128]","[5, 10, 15, 20]","[2, 3, 5, 7]","[2, 4, 8]",anneal,minimize,local
b8i2hzft,176,692,1778637137405,,/home/meliani/nni-experiments/b8i2hzft,105,exp_anneal_900s_mat_only_mat_only,hpo,/home/meliani/Desktop/phd/fast-track/search_space.json,python3 trial.py --data ./mat_only.csv,/home/meliani/Desktop/phd/fast-track,1,900s,100000000,False,False,info,/home/meliani/nni-experiments,"['LSTM', 'GRU', 'CNN', 'RNN', 'TCN', 'Transformer', 'MLP']","[16, 32, 64, 128, 256]","[1, 2, 3, 4]","[0, 0.1, 0.2, 0.3, 0.5]","['relu', 'tanh', 'sigmoid', 'elu']","[1e-05, 0.01]","[2, 3, 4, 5, 6, 7, 8, 9, 10, 11, 12, 13, 14, 15, 16, 17, 18, 19, 20, 21, 22, 23, 24, 25, 26, 27, 28, 29, 30]","[16, 32, 64, 128]","[5, 10, 15, 20]","[2, 3, 5, 7]","[2, 4, 8]",anneal,minimize,local
b8i2hzft,177,697,1778637137405,,/home/meliani/nni-experiments/b8i2hzft,106,exp_anneal_900s_mat_only_mat_only,hpo,/home/meliani/Desktop/phd/fast-track/search_space.json,python3 trial.py --data ./mat_only.csv,/home/meliani/Desktop/phd/fast-track,1,900s,100000000,False,False,info,/home/meliani/nni-experiments,"['LSTM', 'GRU', 'CNN', 'RNN', 'TCN', 'Transformer', 'MLP']","[16, 32, 64, 128, 256]","[1, 2, 3, 4]","[0, 0.1, 0.2, 0.3, 0.5]","['relu', 'tanh', 'sigmoid', 'elu']","[1e-05, 0.01]","[2, 3, 4, 5, 6, 7, 8, 9, 10, 11, 12, 13, 14, 15, 16, 17, 18, 19, 20, 21, 22, 23, 24, 25, 26, 27, 28, 29, 30]","[16, 32, 64, 128]","[5, 10, 15, 20]","[2, 3, 5, 7]","[2, 4, 8]",anneal,minimize,local
b8i2hzft,178,700,1778637137405,,/home/meliani/nni-experiments/b8i2hzft,106,exp_anneal_900s_mat_only_mat_only,hpo,/home/meliani/Desktop/phd/fast-track/search_space.json,python3 trial.py --data ./mat_only.csv,/home/meliani/Desktop/phd/fast-track,1,900s,100000000,False,False,info,/home/meliani/nni-experiments,"['LSTM', 'GRU', 'CNN', 'RNN', 'TCN', 'Transformer', 'MLP']","[16, 32, 64, 128, 256]","[1, 2, 3, 4]","[0, 0.1, 0.2, 0.3, 0.5]","['relu', 'tanh', 'sigmoid', 'elu']","[1e-05, 0.01]","[2, 3, 4, 5, 6, 7, 8, 9, 10, 11, 12, 13, 14, 15, 16, 17, 18, 19, 20, 21, 22, 23, 24, 25, 26, 27, 28, 29, 30]","[16, 32, 64, 128]","[5, 10, 15, 20]","[2, 3, 5, 7]","[2, 4, 8]",anneal,minimize,local
b8i2hzft,179,702,1778637137405,,/home/meliani/nni-experiments/b8i2hzft,107,exp_anneal_900s_mat_only_mat_only,hpo,/home/meliani/Desktop/phd/fast-track/search_space.json,python3 trial.py --data ./mat_only.csv,/home/meliani/Desktop/phd/fast-track,1,900s,100000000,False,False,info,/home/meliani/nni-experiments,"['LSTM', 'GRU', 'CNN', 'RNN', 'TCN', 'Transformer', 'MLP']","[16, 32, 64, 128, 256]","[1, 2, 3, 4]","[0, 0.1, 0.2, 0.3, 0.5]","['relu', 'tanh', 'sigmoid', 'elu']","[1e-05, 0.01]","[2, 3, 4, 5, 6, 7, 8, 9, 10, 11, 12, 13, 14, 15, 16, 17, 18, 19, 20, 21, 22, 23, 24, 25, 26, 27, 28, 29, 30]","[16, 32, 64, 128]","[5, 10, 15, 20]","[2, 3, 5, 7]","[2, 4, 8]",anneal,minimize,local
b8i2hzft,180,706,1778637137405,,/home/meliani/nni-experiments/b8i2hzft,108,exp_anneal_900s_mat_only_mat_only,hpo,/home/meliani/Desktop/phd/fast-track/search_space.json,python3 trial.py --data ./mat_only.csv,/home/meliani/Desktop/phd/fast-track,1,900s,100000000,False,False,info,/home/meliani/nni-experiments,"['LSTM', 'GRU', 'CNN', 'RNN', 'TCN', 'Transformer', 'MLP']","[16, 32, 64, 128, 256]","[1, 2, 3, 4]","[0, 0.1, 0.2, 0.3, 0.5]","['relu', 'tanh', 'sigmoid', 'elu']","[1e-05, 0.01]","[2, 3, 4, 5, 6, 7, 8, 9, 10, 11, 12, 13, 14, 15, 16, 17, 18, 19, 20, 21, 22, 23, 24, 25, 26, 27, 28, 29, 30]","[16, 32, 64, 128]","[5, 10, 15, 20]","[2, 3, 5, 7]","[2, 4, 8]",anneal,minimize,local
b8i2hzft,181,710,1778637137405,,/home/meliani/nni-experiments/b8i2hzft,108,exp_anneal_900s_mat_only_mat_only,hpo,/home/meliani/Desktop/phd/fast-track/search_space.json,python3 trial.py --data ./mat_only.csv,/home/meliani/Desktop/phd/fast-track,1,900s,100000000,False,False,info,/home/meliani/nni-experiments,"['LSTM', 'GRU', 'CNN', 'RNN', 'TCN', 'Transformer', 'MLP']","[16, 32, 64, 128, 256]","[1, 2, 3, 4]","[0, 0.1, 0.2, 0.3, 0.5]","['relu', 'tanh', 'sigmoid', 'elu']","[1e-05, 0.01]","[2, 3, 4, 5, 6, 7, 8, 9, 10, 11, 12, 13, 14, 15, 16, 17, 18, 19, 20, 21, 22, 23, 24, 25, 26, 27, 28, 29, 30]","[16, 32, 64, 128]","[5, 10, 15, 20]","[2, 3, 5, 7]","[2, 4, 8]",anneal,minimize,local
b8i2hzft,182,711,1778637137405,,/home/meliani/nni-experiments/b8i2hzft,109,exp_anneal_900s_mat_only_mat_only,hpo,/home/meliani/Desktop/phd/fast-track/search_space.json,python3 trial.py --data ./mat_only.csv,/home/meliani/Desktop/phd/fast-track,1,900s,100000000,False,False,info,/home/meliani/nni-experiments,"['LSTM', 'GRU', 'CNN', 'RNN', 'TCN', 'Transformer', 'MLP']","[16, 32, 64, 128, 256]","[1, 2, 3, 4]","[0, 0.1, 0.2, 0.3, 0.5]","['relu', 'tanh', 'sigmoid', 'elu']","[1e-05, 0.01]","[2, 3, 4, 5, 6, 7, 8, 9, 10, 11, 12, 13, 14, 15, 16, 17, 18, 19, 20, 21, 22, 23, 24, 25, 26, 27, 28, 29, 30]","[16, 32, 64, 128]","[5, 10, 15, 20]","[2, 3, 5, 7]","[2, 4, 8]",anneal,minimize,local
b8i2hzft,183,715,1778637137405,,/home/meliani/nni-experiments/b8i2hzft,110,exp_anneal_900s_mat_only_mat_only,hpo,/home/meliani/Desktop/phd/fast-track/search_space.json,python3 trial.py --data ./mat_only.csv,/home/meliani/Desktop/phd/fast-track,1,900s,100000000,False,False,info,/home/meliani/nni-experiments,"['LSTM', 'GRU', 'CNN', 'RNN', 'TCN', 'Transformer', 'MLP']","[16, 32, 64, 128, 256]","[1, 2, 3, 4]","[0, 0.1, 0.2, 0.3, 0.5]","['relu', 'tanh', 'sigmoid', 'elu']","[1e-05, 0.01]","[2, 3, 4, 5, 6, 7, 8, 9, 10, 11, 12, 13, 14, 15, 16, 17, 18, 19, 20, 21, 22, 23, 24, 25, 26, 27, 28, 29, 30]","[16, 32, 64, 128]","[5, 10, 15, 20]","[2, 3, 5, 7]","[2, 4, 8]",anneal,minimize,local
b8i2hzft,184,720,1778637137405,,/home/meliani/nni-experiments/b8i2hzft,111,exp_anneal_900s_mat_only_mat_only,hpo,/home/meliani/Desktop/phd/fast-track/search_space.json,python3 trial.py --data ./mat_only.csv,/home/meliani/Desktop/phd/fast-track,1,900s,100000000,False,False,info,/home/meliani/nni-experiments,"['LSTM', 'GRU', 'CNN', 'RNN', 'TCN', 'Transformer', 'MLP']","[16, 32, 64, 128, 256]","[1, 2, 3, 4]","[0, 0.1, 0.2, 0.3, 0.5]","['relu', 'tanh', 'sigmoid', 'elu']","[1e-05, 0.01]","[2, 3, 4, 5, 6, 7, 8, 9, 10, 11, 12, 13, 14, 15, 16, 17, 18, 19, 20, 21, 22, 23, 24, 25, 26, 27, 28, 29, 30]","[16, 32, 64, 128]","[5, 10, 15, 20]","[2, 3, 5, 7]","[2, 4, 8]",anneal,minimize,local
b8i2hzft,185,720,1778637137405,,/home/meliani/nni-experiments/b8i2hzft,111,exp_anneal_900s_mat_only_mat_only,hpo,/home/meliani/Desktop/phd/fast-track/search_space.json,python3 trial.py --data ./mat_only.csv,/home/meliani/Desktop/phd/fast-track,1,900s,100000000,False,False,info,/home/meliani/nni-experiments,"['LSTM', 'GRU', 'CNN', 'RNN', 'TCN', 'Transformer', 'MLP']","[16, 32, 64, 128, 256]","[1, 2, 3, 4]","[0, 0.1, 0.2, 0.3, 0.5]","['relu', 'tanh', 'sigmoid', 'elu']","[1e-05, 0.01]","[2, 3, 4, 5, 6, 7, 8, 9, 10, 11, 12, 13, 14, 15, 16, 17, 18, 19, 20, 21, 22, 23, 24, 25, 26, 27, 28, 29, 30]","[16, 32, 64, 128]","[5, 10, 15, 20]","[2, 3, 5, 7]","[2, 4, 8]",anneal,minimize,local
b8i2hzft,186,726,1778637137405,,/home/meliani/nni-experiments/b8i2hzft,112,exp_anneal_900s_mat_only_mat_only,hpo,/home/meliani/Desktop/phd/fast-track/search_space.json,python3 trial.py --data ./mat_only.csv,/home/meliani/Desktop/phd/fast-track,1,900s,100000000,False,False,info,/home/meliani/nni-experiments,"['LSTM', 'GRU', 'CNN', 'RNN', 'TCN', 'Transformer', 'MLP']","[16, 32, 64, 128, 256]","[1, 2, 3, 4]","[0, 0.1, 0.2, 0.3, 0.5]","['relu', 'tanh', 'sigmoid', 'elu']","[1e-05, 0.01]","[2, 3, 4, 5, 6, 7, 8, 9, 10, 11, 12, 13, 14, 15, 16, 17, 18, 19, 20, 21, 22, 23, 24, 25, 26, 27, 28, 29, 30]","[16, 32, 64, 128]","[5, 10, 15, 20]","[2, 3, 5, 7]","[2, 4, 8]",anneal,minimize,local
b8i2hzft,187,730,1778637137405,,/home/meliani/nni-experiments/b8i2hzft,112,exp_anneal_900s_mat_only_mat_only,hpo,/home/meliani/Desktop/phd/fast-track/search_space.json,python3 trial.py --data ./mat_only.csv,/home/meliani/Desktop/phd/fast-track,1,900s,100000000,False,False,info,/home/meliani/nni-experiments,"['LSTM', 'GRU', 'CNN', 'RNN', 'TCN', 'Transformer', 'MLP']","[16, 32, 64, 128, 256]","[1, 2, 3, 4]","[0, 0.1, 0.2, 0.3, 0.5]","['relu', 'tanh', 'sigmoid', 'elu']","[1e-05, 0.01]","[2, 3, 4, 5, 6, 7, 8, 9, 10, 11, 12, 13, 14, 15, 16, 17, 18, 19, 20, 21, 22, 23, 24, 25, 26, 27, 28, 29, 30]","[16, 32, 64, 128]","[5, 10, 15, 20]","[2, 3, 5, 7]","[2, 4, 8]",anneal,minimize,local
b8i2hzft,188,731,1778637137405,,/home/meliani/nni-experiments/b8i2hzft,113,exp_anneal_900s_mat_only_mat_only,hpo,/home/meliani/Desktop/phd/fast-track/search_space.json,python3 trial.py --data ./mat_only.csv,/home/meliani/Desktop/phd/fast-track,1,900s,100000000,False,False,info,/home/meliani/nni-experiments,"['LSTM', 'GRU', 'CNN', 'RNN', 'TCN', 'Transformer', 'MLP']","[16, 32, 64, 128, 256]","[1, 2, 3, 4]","[0, 0.1, 0.2, 0.3, 0.5]","['relu', 'tanh', 'sigmoid', 'elu']","[1e-05, 0.01]","[2, 3, 4, 5, 6, 7, 8, 9, 10, 11, 12, 13, 14, 15, 16, 17, 18, 19, 20, 21, 22, 23, 24, 25, 26, 27, 28, 29, 30]","[16, 32, 64, 128]","[5, 10, 15, 20]","[2, 3, 5, 7]","[2, 4, 8]",anneal,minimize,local
b8i2hzft,189,735,1778637137405,,/home/meliani/nni-experiments/b8i2hzft,114,exp_anneal_900s_mat_only_mat_only,hpo,/home/meliani/Desktop/phd/fast-track/search_space.json,python3 trial.py --data ./mat_only.csv,/home/meliani/Desktop/phd/fast-track,1,900s,100000000,False,False,info,/home/meliani/nni-experiments,"['LSTM', 'GRU', 'CNN', 'RNN', 'TCN', 'Transformer', 'MLP']","[16, 32, 64, 128, 256]","[1, 2, 3, 4]","[0, 0.1, 0.2, 0.3, 0.5]","['relu', 'tanh', 'sigmoid', 'elu']","[1e-05, 0.01]","[2, 3, 4, 5, 6, 7, 8, 9, 10, 11, 12, 13, 14, 15, 16, 17, 18, 19, 20, 21, 22, 23, 24, 25, 26, 27, 28, 29, 30]","[16, 32, 64, 128]","[5, 10, 15, 20]","[2, 3, 5, 7]","[2, 4, 8]",anneal,minimize,local
b8i2hzft,190,740,1778637137405,,/home/meliani/nni-experiments/b8i2hzft,115,exp_anneal_900s_mat_only_mat_only,hpo,/home/meliani/Desktop/phd/fast-track/search_space.json,python3 trial.py --data ./mat_only.csv,/home/meliani/Desktop/phd/fast-track,1,900s,100000000,False,False,info,/home/meliani/nni-experiments,"['LSTM', 'GRU', 'CNN', 'RNN', 'TCN', 'Transformer', 'MLP']","[16, 32, 64, 128, 256]","[1, 2, 3, 4]","[0, 0.1, 0.2, 0.3, 0.5]","['relu', 'tanh', 'sigmoid', 'elu']","[1e-05, 0.01]","[2, 3, 4, 5, 6, 7, 8, 9, 10, 11, 12, 13, 14, 15, 16, 17, 18, 19, 20, 21, 22, 23, 24, 25, 26, 27, 28, 29, 30]","[16, 32, 64, 128]","[5, 10, 15, 20]","[2, 3, 5, 7]","[2, 4, 8]",anneal,minimize,local
b8i2hzft,191,740,1778637137405,,/home/meliani/nni-experiments/b8i2hzft,115,exp_anneal_900s_mat_only_mat_only,hpo,/home/meliani/Desktop/phd/fast-track/search_space.json,python3 trial.py --data ./mat_only.csv,/home/meliani/Desktop/phd/fast-track,1,900s,100000000,False,False,info,/home/meliani/nni-experiments,"['LSTM', 'GRU', 'CNN', 'RNN', 'TCN', 'Transformer', 'MLP']","[16, 32, 64, 128, 256]","[1, 2, 3, 4]","[0, 0.1, 0.2, 0.3, 0.5]","['relu', 'tanh', 'sigmoid', 'elu']","[1e-05, 0.01]","[2, 3, 4, 5, 6, 7, 8, 9, 10, 11, 12, 13, 14, 15, 16, 17, 18, 19, 20, 21, 22, 23, 24, 25, 26, 27, 28, 29, 30]","[16, 32, 64, 128]","[5, 10, 15, 20]","[2, 3, 5, 7]","[2, 4, 8]",anneal,minimize,local
b8i2hzft,192,744,1778637137405,,/home/meliani/nni-experiments/b8i2hzft,116,exp_anneal_900s_mat_only_mat_only,hpo,/home/meliani/Desktop/phd/fast-track/search_space.json,python3 trial.py --data ./mat_only.csv,/home/meliani/Desktop/phd/fast-track,1,900s,100000000,False,False,info,/home/meliani/nni-experiments,"['LSTM', 'GRU', 'CNN', 'RNN', 'TCN', 'Transformer', 'MLP']","[16, 32, 64, 128, 256]","[1, 2, 3, 4]","[0, 0.1, 0.2, 0.3, 0.5]","['relu', 'tanh', 'sigmoid', 'elu']","[1e-05, 0.01]","[2, 3, 4, 5, 6, 7, 8, 9, 10, 11, 12, 13, 14, 15, 16, 17, 18, 19, 20, 21, 22, 23, 24, 25, 26, 27, 28, 29, 30]","[16, 32, 64, 128]","[5, 10, 15, 20]","[2, 3, 5, 7]","[2, 4, 8]",anneal,minimize,local
b8i2hzft,193,749,1778637137405,,/home/meliani/nni-experiments/b8i2hzft,117,exp_anneal_900s_mat_only_mat_only,hpo,/home/meliani/Desktop/phd/fast-track/search_space.json,python3 trial.py --data ./mat_only.csv,/home/meliani/Desktop/phd/fast-track,1,900s,100000000,False,False,info,/home/meliani/nni-experiments,"['LSTM', 'GRU', 'CNN', 'RNN', 'TCN', 'Transformer', 'MLP']","[16, 32, 64, 128, 256]","[1, 2, 3, 4]","[0, 0.1, 0.2, 0.3, 0.5]","['relu', 'tanh', 'sigmoid', 'elu']","[1e-05, 0.01]","[2, 3, 4, 5, 6, 7, 8, 9, 10, 11, 12, 13, 14, 15, 16, 17, 18, 19, 20, 21, 22, 23, 24, 25, 26, 27, 28, 29, 30]","[16, 32, 64, 128]","[5, 10, 15, 20]","[2, 3, 5, 7]","[2, 4, 8]",anneal,minimize,local
b8i2hzft,194,750,1778637137405,,/home/meliani/nni-experiments/b8i2hzft,117,exp_anneal_900s_mat_only_mat_only,hpo,/home/meliani/Desktop/phd/fast-track/search_space.json,python3 trial.py --data ./mat_only.csv,/home/meliani/Desktop/phd/fast-track,1,900s,100000000,False,False,info,/home/meliani/nni-experiments,"['LSTM', 'GRU', 'CNN', 'RNN', 'TCN', 'Transformer', 'MLP']","[16, 32, 64, 128, 256]","[1, 2, 3, 4]","[0, 0.1, 0.2, 0.3, 0.5]","['relu', 'tanh', 'sigmoid', 'elu']","[1e-05, 0.01]","[2, 3, 4, 5, 6, 7, 8, 9, 10, 11, 12, 13, 14, 15, 16, 17, 18, 19, 20, 21, 22, 23, 24, 25, 26, 27, 28, 29, 30]","[16, 32, 64, 128]","[5, 10, 15, 20]","[2, 3, 5, 7]","[2, 4, 8]",anneal,minimize,local
b8i2hzft,195,753,1778637137405,,/home/meliani/nni-experiments/b8i2hzft,118,exp_anneal_900s_mat_only_mat_only,hpo,/home/meliani/Desktop/phd/fast-track/search_space.json,python3 trial.py --data ./mat_only.csv,/home/meliani/Desktop/phd/fast-track,1,900s,100000000,False,False,info,/home/meliani/nni-experiments,"['LSTM', 'GRU', 'CNN', 'RNN', 'TCN', 'Transformer', 'MLP']","[16, 32, 64, 128, 256]","[1, 2, 3, 4]","[0, 0.1, 0.2, 0.3, 0.5]","['relu', 'tanh', 'sigmoid', 'elu']","[1e-05, 0.01]","[2, 3, 4, 5, 6, 7, 8, 9, 10, 11, 12, 13, 14, 15, 16, 17, 18, 19, 20, 21, 22, 23, 24, 25, 26, 27, 28, 29, 30]","[16, 32, 64, 128]","[5, 10, 15, 20]","[2, 3, 5, 7]","[2, 4, 8]",anneal,minimize,local
b8i2hzft,196,758,1778637137405,,/home/meliani/nni-experiments/b8i2hzft,119,exp_anneal_900s_mat_only_mat_only,hpo,/home/meliani/Desktop/phd/fast-track/search_space.json,python3 trial.py --data ./mat_only.csv,/home/meliani/Desktop/phd/fast-track,1,900s,100000000,False,False,info,/home/meliani/nni-experiments,"['LSTM', 'GRU', 'CNN', 'RNN', 'TCN', 'Transformer', 'MLP']","[16, 32, 64, 128, 256]","[1, 2, 3, 4]","[0, 0.1, 0.2, 0.3, 0.5]","['relu', 'tanh', 'sigmoid', 'elu']","[1e-05, 0.01]","[2, 3, 4, 5, 6, 7, 8, 9, 10, 11, 12, 13, 14, 15, 16, 17, 18, 19, 20, 21, 22, 23, 24, 25, 26, 27, 28, 29, 30]","[16, 32, 64, 128]","[5, 10, 15, 20]","[2, 3, 5, 7]","[2, 4, 8]",anneal,minimize,local
b8i2hzft,197,760,1778637137405,,/home/meliani/nni-experiments/b8i2hzft,119,exp_anneal_900s_mat_only_mat_only,hpo,/home/meliani/Desktop/phd/fast-track/search_space.json,python3 trial.py --data ./mat_only.csv,/home/meliani/Desktop/phd/fast-track,1,900s,100000000,False,False,info,/home/meliani/nni-experiments,"['LSTM', 'GRU', 'CNN', 'RNN', 'TCN', 'Transformer', 'MLP']","[16, 32, 64, 128, 256]","[1, 2, 3, 4]","[0, 0.1, 0.2, 0.3, 0.5]","['relu', 'tanh', 'sigmoid', 'elu']","[1e-05, 0.01]","[2, 3, 4, 5, 6, 7, 8, 9, 10, 11, 12, 13, 14, 15, 16, 17, 18, 19, 20, 21, 22, 23, 24, 25, 26, 27, 28, 29, 30]","[16, 32, 64, 128]","[5, 10, 15, 20]","[2, 3, 5, 7]","[2, 4, 8]",anneal,minimize,local
b8i2hzft,198,763,1778637137405,,/home/meliani/nni-experiments/b8i2hzft,120,exp_anneal_900s_mat_only_mat_only,hpo,/home/meliani/Desktop/phd/fast-track/search_space.json,python3 trial.py --data ./mat_only.csv,/home/meliani/Desktop/phd/fast-track,1,900s,100000000,False,False,info,/home/meliani/nni-experiments,"['LSTM', 'GRU', 'CNN', 'RNN', 'TCN', 'Transformer', 'MLP']","[16, 32, 64, 128, 256]","[1, 2, 3, 4]","[0, 0.1, 0.2, 0.3, 0.5]","['relu', 'tanh', 'sigmoid', 'elu']","[1e-05, 0.01]","[2, 3, 4, 5, 6, 7, 8, 9, 10, 11, 12, 13, 14, 15, 16, 17, 18, 19, 20, 21, 22, 23, 24, 25, 26, 27, 28, 29, 30]","[16, 32, 64, 128]","[5, 10, 15, 20]","[2, 3, 5, 7]","[2, 4, 8]",anneal,minimize,local
b8i2hzft,199,767,1778637137405,,/home/meliani/nni-experiments/b8i2hzft,121,exp_anneal_900s_mat_only_mat_only,hpo,/home/meliani/Desktop/phd/fast-track/search_space.json,python3 trial.py --data ./mat_only.csv,/home/meliani/Desktop/phd/fast-track,1,900s,100000000,False,False,info,/home/meliani/nni-experiments,"['LSTM', 'GRU', 'CNN', 'RNN', 'TCN', 'Transformer', 'MLP']","[16, 32, 64, 128, 256]","[1, 2, 3, 4]","[0, 0.1, 0.2, 0.3, 0.5]","['relu', 'tanh', 'sigmoid', 'elu']","[1e-05, 0.01]","[2, 3, 4, 5, 6, 7, 8, 9, 10, 11, 12, 13, 14, 15, 16, 17, 18, 19, 20, 21, 22, 23, 24, 25, 26, 27, 28, 29, 30]","[16, 32, 64, 128]","[5, 10, 15, 20]","[2, 3, 5, 7]","[2, 4, 8]",anneal,minimize,local
b8i2hzft,200,770,1778637137405,,/home/meliani/nni-experiments/b8i2hzft,121,exp_anneal_900s_mat_only_mat_only,hpo,/home/meliani/Desktop/phd/fast-track/search_space.json,python3 trial.py --data ./mat_only.csv,/home/meliani/Desktop/phd/fast-track,1,900s,100000000,False,False,info,/home/meliani/nni-experiments,"['LSTM', 'GRU', 'CNN', 'RNN', 'TCN', 'Transformer', 'MLP']","[16, 32, 64, 128, 256]","[1, 2, 3, 4]","[0, 0.1, 0.2, 0.3, 0.5]","['relu', 'tanh', 'sigmoid', 'elu']","[1e-05, 0.01]","[2, 3, 4, 5, 6, 7, 8, 9, 10, 11, 12, 13, 14, 15, 16, 17, 18, 19, 20, 21, 22, 23, 24, 25, 26, 27, 28, 29, 30]","[16, 32, 64, 128]","[5, 10, 15, 20]","[2, 3, 5, 7]","[2, 4, 8]",anneal,minimize,local
b8i2hzft,201,772,1778637137405,,/home/meliani/nni-experiments/b8i2hzft,122,exp_anneal_900s_mat_only_mat_only,hpo,/home/meliani/Desktop/phd/fast-track/search_space.json,python3 trial.py --data ./mat_only.csv,/home/meliani/Desktop/phd/fast-track,1,900s,100000000,False,False,info,/home/meliani/nni-experiments,"['LSTM', 'GRU', 'CNN', 'RNN', 'TCN', 'Transformer', 'MLP']","[16, 32, 64, 128, 256]","[1, 2, 3, 4]","[0, 0.1, 0.2, 0.3, 0.5]","['relu', 'tanh', 'sigmoid', 'elu']","[1e-05, 0.01]","[2, 3, 4, 5, 6, 7, 8, 9, 10, 11, 12, 13, 14, 15, 16, 17, 18, 19, 20, 21, 22, 23, 24, 25, 26, 27, 28, 29, 30]","[16, 32, 64, 128]","[5, 10, 15, 20]","[2, 3, 5, 7]","[2, 4, 8]",anneal,minimize,local
b8i2hzft,202,776,1778637137405,,/home/meliani/nni-experiments/b8i2hzft,123,exp_anneal_900s_mat_only_mat_only,hpo,/home/meliani/Desktop/phd/fast-track/search_space.json,python3 trial.py --data ./mat_only.csv,/home/meliani/Desktop/phd/fast-track,1,900s,100000000,False,False,info,/home/meliani/nni-experiments,"['LSTM', 'GRU', 'CNN', 'RNN', 'TCN', 'Transformer', 'MLP']","[16, 32, 64, 128, 256]","[1, 2, 3, 4]","[0, 0.1, 0.2, 0.3, 0.5]","['relu', 'tanh', 'sigmoid', 'elu']","[1e-05, 0.01]","[2, 3, 4, 5, 6, 7, 8, 9, 10, 11, 12, 13, 14, 15, 16, 17, 18, 19, 20, 21, 22, 23, 24, 25, 26, 27, 28, 29, 30]","[16, 32, 64, 128]","[5, 10, 15, 20]","[2, 3, 5, 7]","[2, 4, 8]",anneal,minimize,local
b8i2hzft,203,780,1778637137405,,/home/meliani/nni-experiments/b8i2hzft,123,exp_anneal_900s_mat_only_mat_only,hpo,/home/meliani/Desktop/phd/fast-track/search_space.json,python3 trial.py --data ./mat_only.csv,/home/meliani/Desktop/phd/fast-track,1,900s,100000000,False,False,info,/home/meliani/nni-experiments,"['LSTM', 'GRU', 'CNN', 'RNN', 'TCN', 'Transformer', 'MLP']","[16, 32, 64, 128, 256]","[1, 2, 3, 4]","[0, 0.1, 0.2, 0.3, 0.5]","['relu', 'tanh', 'sigmoid', 'elu']","[1e-05, 0.01]","[2, 3, 4, 5, 6, 7, 8, 9, 10, 11, 12, 13, 14, 15, 16, 17, 18, 19, 20, 21, 22, 23, 24, 25, 26, 27, 28, 29, 30]","[16, 32, 64, 128]","[5, 10, 15, 20]","[2, 3, 5, 7]","[2, 4, 8]",anneal,minimize,local
b8i2hzft,204,781,1778637137405,,/home/meliani/nni-experiments/b8i2hzft,124,exp_anneal_900s_mat_only_mat_only,hpo,/home/meliani/Desktop/phd/fast-track/search_space.json,python3 trial.py --data ./mat_only.csv,/home/meliani/Desktop/phd/fast-track,1,900s,100000000,False,False,info,/home/meliani/nni-experiments,"['LSTM', 'GRU', 'CNN', 'RNN', 'TCN', 'Transformer', 'MLP']","[16, 32, 64, 128, 256]","[1, 2, 3, 4]","[0, 0.1, 0.2, 0.3, 0.5]","['relu', 'tanh', 'sigmoid', 'elu']","[1e-05, 0.01]","[2, 3, 4, 5, 6, 7, 8, 9, 10, 11, 12, 13, 14, 15, 16, 17, 18, 19, 20, 21, 22, 23, 24, 25, 26, 27, 28, 29, 30]","[16, 32, 64, 128]","[5, 10, 15, 20]","[2, 3, 5, 7]","[2, 4, 8]",anneal,minimize,local
b8i2hzft,205,787,1778637137405,,/home/meliani/nni-experiments/b8i2hzft,125,exp_anneal_900s_mat_only_mat_only,hpo,/home/meliani/Desktop/phd/fast-track/search_space.json,python3 trial.py --data ./mat_only.csv,/home/meliani/Desktop/phd/fast-track,1,900s,100000000,False,False,info,/home/meliani/nni-experiments,"['LSTM', 'GRU', 'CNN', 'RNN', 'TCN', 'Transformer', 'MLP']","[16, 32, 64, 128, 256]","[1, 2, 3, 4]","[0, 0.1, 0.2, 0.3, 0.5]","['relu', 'tanh', 'sigmoid', 'elu']","[1e-05, 0.01]","[2, 3, 4, 5, 6, 7, 8, 9, 10, 11, 12, 13, 14, 15, 16, 17, 18, 19, 20, 21, 22, 23, 24, 25, 26, 27, 28, 29, 30]","[16, 32, 64, 128]","[5, 10, 15, 20]","[2, 3, 5, 7]","[2, 4, 8]",anneal,minimize,local
b8i2hzft,206,790,1778637137405,,/home/meliani/nni-experiments/b8i2hzft,125,exp_anneal_900s_mat_only_mat_only,hpo,/home/meliani/Desktop/phd/fast-track/search_space.json,python3 trial.py --data ./mat_only.csv,/home/meliani/Desktop/phd/fast-track,1,900s,100000000,False,False,info,/home/meliani/nni-experiments,"['LSTM', 'GRU', 'CNN', 'RNN', 'TCN', 'Transformer', 'MLP']","[16, 32, 64, 128, 256]","[1, 2, 3, 4]","[0, 0.1, 0.2, 0.3, 0.5]","['relu', 'tanh', 'sigmoid', 'elu']","[1e-05, 0.01]","[2, 3, 4, 5, 6, 7, 8, 9, 10, 11, 12, 13, 14, 15, 16, 17, 18, 19, 20, 21, 22, 23, 24, 25, 26, 27, 28, 29, 30]","[16, 32, 64, 128]","[5, 10, 15, 20]","[2, 3, 5, 7]","[2, 4, 8]",anneal,minimize,local
b8i2hzft,207,792,1778637137405,,/home/meliani/nni-experiments/b8i2hzft,126,exp_anneal_900s_mat_only_mat_only,hpo,/home/meliani/Desktop/phd/fast-track/search_space.json,python3 trial.py --data ./mat_only.csv,/home/meliani/Desktop/phd/fast-track,1,900s,100000000,False,False,info,/home/meliani/nni-experiments,"['LSTM', 'GRU', 'CNN', 'RNN', 'TCN', 'Transformer', 'MLP']","[16, 32, 64, 128, 256]","[1, 2, 3, 4]","[0, 0.1, 0.2, 0.3, 0.5]","['relu', 'tanh', 'sigmoid', 'elu']","[1e-05, 0.01]","[2, 3, 4, 5, 6, 7, 8, 9, 10, 11, 12, 13, 14, 15, 16, 17, 18, 19, 20, 21, 22, 23, 24, 25, 26, 27, 28, 29, 30]","[16, 32, 64, 128]","[5, 10, 15, 20]","[2, 3, 5, 7]","[2, 4, 8]",anneal,minimize,local
b8i2hzft,208,796,1778637137405,,/home/meliani/nni-experiments/b8i2hzft,127,exp_anneal_900s_mat_only_mat_only,hpo,/home/meliani/Desktop/phd/fast-track/search_space.json,python3 trial.py --data ./mat_only.csv,/home/meliani/Desktop/phd/fast-track,1,900s,100000000,False,False,info,/home/meliani/nni-experiments,"['LSTM', 'GRU', 'CNN', 'RNN', 'TCN', 'Transformer', 'MLP']","[16, 32, 64, 128, 256]","[1, 2, 3, 4]","[0, 0.1, 0.2, 0.3, 0.5]","['relu', 'tanh', 'sigmoid', 'elu']","[1e-05, 0.01]","[2, 3, 4, 5, 6, 7, 8, 9, 10, 11, 12, 13, 14, 15, 16, 17, 18, 19, 20, 21, 22, 23, 24, 25, 26, 27, 28, 29, 30]","[16, 32, 64, 128]","[5, 10, 15, 20]","[2, 3, 5, 7]","[2, 4, 8]",anneal,minimize,local
b8i2hzft,209,800,1778637137405,,/home/meliani/nni-experiments/b8i2hzft,127,exp_anneal_900s_mat_only_mat_only,hpo,/home/meliani/Desktop/phd/fast-track/search_space.json,python3 trial.py --data ./mat_only.csv,/home/meliani/Desktop/phd/fast-track,1,900s,100000000,False,False,info,/home/meliani/nni-experiments,"['LSTM', 'GRU', 'CNN', 'RNN', 'TCN', 'Transformer', 'MLP']","[16, 32, 64, 128, 256]","[1, 2, 3, 4]","[0, 0.1, 0.2, 0.3, 0.5]","['relu', 'tanh', 'sigmoid', 'elu']","[1e-05, 0.01]","[2, 3, 4, 5, 6, 7, 8, 9, 10, 11, 12, 13, 14, 15, 16, 17, 18, 19, 20, 21, 22, 23, 24, 25, 26, 27, 28, 29, 30]","[16, 32, 64, 128]","[5, 10, 15, 20]","[2, 3, 5, 7]","[2, 4, 8]",anneal,minimize,local
b8i2hzft,210,801,1778637137405,,/home/meliani/nni-experiments/b8i2hzft,128,exp_anneal_900s_mat_only_mat_only,hpo,/home/meliani/Desktop/phd/fast-track/search_space.json,python3 trial.py --data ./mat_only.csv,/home/meliani/Desktop/phd/fast-track,1,900s,100000000,False,False,info,/home/meliani/nni-experiments,"['LSTM', 'GRU', 'CNN', 'RNN', 'TCN', 'Transformer', 'MLP']","[16, 32, 64, 128, 256]","[1, 2, 3, 4]","[0, 0.1, 0.2, 0.3, 0.5]","['relu', 'tanh', 'sigmoid', 'elu']","[1e-05, 0.01]","[2, 3, 4, 5, 6, 7, 8, 9, 10, 11, 12, 13, 14, 15, 16, 17, 18, 19, 20, 21, 22, 23, 24, 25, 26, 27, 28, 29, 30]","[16, 32, 64, 128]","[5, 10, 15, 20]","[2, 3, 5, 7]","[2, 4, 8]",anneal,minimize,local
b8i2hzft,211,806,1778637137405,,/home/meliani/nni-experiments/b8i2hzft,129,exp_anneal_900s_mat_only_mat_only,hpo,/home/meliani/Desktop/phd/fast-track/search_space.json,python3 trial.py --data ./mat_only.csv,/home/meliani/Desktop/phd/fast-track,1,900s,100000000,False,False,info,/home/meliani/nni-experiments,"['LSTM', 'GRU', 'CNN', 'RNN', 'TCN', 'Transformer', 'MLP']","[16, 32, 64, 128, 256]","[1, 2, 3, 4]","[0, 0.1, 0.2, 0.3, 0.5]","['relu', 'tanh', 'sigmoid', 'elu']","[1e-05, 0.01]","[2, 3, 4, 5, 6, 7, 8, 9, 10, 11, 12, 13, 14, 15, 16, 17, 18, 19, 20, 21, 22, 23, 24, 25, 26, 27, 28, 29, 30]","[16, 32, 64, 128]","[5, 10, 15, 20]","[2, 3, 5, 7]","[2, 4, 8]",anneal,minimize,local
b8i2hzft,212,810,1778637137405,,/home/meliani/nni-experiments/b8i2hzft,129,exp_anneal_900s_mat_only_mat_only,hpo,/home/meliani/Desktop/phd/fast-track/search_space.json,python3 trial.py --data ./mat_only.csv,/home/meliani/Desktop/phd/fast-track,1,900s,100000000,False,False,info,/home/meliani/nni-experiments,"['LSTM', 'GRU', 'CNN', 'RNN', 'TCN', 'Transformer', 'MLP']","[16, 32, 64, 128, 256]","[1, 2, 3, 4]","[0, 0.1, 0.2, 0.3, 0.5]","['relu', 'tanh', 'sigmoid', 'elu']","[1e-05, 0.01]","[2, 3, 4, 5, 6, 7, 8, 9, 10, 11, 12, 13, 14, 15, 16, 17, 18, 19, 20, 21, 22, 23, 24, 25, 26, 27, 28, 29, 30]","[16, 32, 64, 128]","[5, 10, 15, 20]","[2, 3, 5, 7]","[2, 4, 8]",anneal,minimize,local
b8i2hzft,213,811,1778637137405,,/home/meliani/nni-experiments/b8i2hzft,130,exp_anneal_900s_mat_only_mat_only,hpo,/home/meliani/Desktop/phd/fast-track/search_space.json,python3 trial.py --data ./mat_only.csv,/home/meliani/Desktop/phd/fast-track,1,900s,100000000,False,False,info,/home/meliani/nni-experiments,"['LSTM', 'GRU', 'CNN', 'RNN', 'TCN', 'Transformer', 'MLP']","[16, 32, 64, 128, 256]","[1, 2, 3, 4]","[0, 0.1, 0.2, 0.3, 0.5]","['relu', 'tanh', 'sigmoid', 'elu']","[1e-05, 0.01]","[2, 3, 4, 5, 6, 7, 8, 9, 10, 11, 12, 13, 14, 15, 16, 17, 18, 19, 20, 21, 22, 23, 24, 25, 26, 27, 28, 29, 30]","[16, 32, 64, 128]","[5, 10, 15, 20]","[2, 3, 5, 7]","[2, 4, 8]",anneal,minimize,local
b8i2hzft,214,816,1778637137405,,/home/meliani/nni-experiments/b8i2hzft,131,exp_anneal_900s_mat_only_mat_only,hpo,/home/meliani/Desktop/phd/fast-track/search_space.json,python3 trial.py --data ./mat_only.csv,/home/meliani/Desktop/phd/fast-track,1,900s,100000000,False,False,info,/home/meliani/nni-experiments,"['LSTM', 'GRU', 'CNN', 'RNN', 'TCN', 'Transformer', 'MLP']","[16, 32, 64, 128, 256]","[1, 2, 3, 4]","[0, 0.1, 0.2, 0.3, 0.5]","['relu', 'tanh', 'sigmoid', 'elu']","[1e-05, 0.01]","[2, 3, 4, 5, 6, 7, 8, 9, 10, 11, 12, 13, 14, 15, 16, 17, 18, 19, 20, 21, 22, 23, 24, 25, 26, 27, 28, 29, 30]","[16, 32, 64, 128]","[5, 10, 15, 20]","[2, 3, 5, 7]","[2, 4, 8]",anneal,minimize,local
b8i2hzft,215,820,1778637137405,,/home/meliani/nni-experiments/b8i2hzft,131,exp_anneal_900s_mat_only_mat_only,hpo,/home/meliani/Desktop/phd/fast-track/search_space.json,python3 trial.py --data ./mat_only.csv,/home/meliani/Desktop/phd/fast-track,1,900s,100000000,False,False,info,/home/meliani/nni-experiments,"['LSTM', 'GRU', 'CNN', 'RNN', 'TCN', 'Transformer', 'MLP']","[16, 32, 64, 128, 256]","[1, 2, 3, 4]","[0, 0.1, 0.2, 0.3, 0.5]","['relu', 'tanh', 'sigmoid', 'elu']","[1e-05, 0.01]","[2, 3, 4, 5, 6, 7, 8, 9, 10, 11, 12, 13, 14, 15, 16, 17, 18, 19, 20, 21, 22, 23, 24, 25, 26, 27, 28, 29, 30]","[16, 32, 64, 128]","[5, 10, 15, 20]","[2, 3, 5, 7]","[2, 4, 8]",anneal,minimize,local
b8i2hzft,216,820,1778637137405,,/home/meliani/nni-experiments/b8i2hzft,132,exp_anneal_900s_mat_only_mat_only,hpo,/home/meliani/Desktop/phd/fast-track/search_space.json,python3 trial.py --data ./mat_only.csv,/home/meliani/Desktop/phd/fast-track,1,900s,100000000,False,False,info,/home/meliani/nni-experiments,"['LSTM', 'GRU', 'CNN', 'RNN', 'TCN', 'Transformer', 'MLP']","[16, 32, 64, 128, 256]","[1, 2, 3, 4]","[0, 0.1, 0.2, 0.3, 0.5]","['relu', 'tanh', 'sigmoid', 'elu']","[1e-05, 0.01]","[2, 3, 4, 5, 6, 7, 8, 9, 10, 11, 12, 13, 14, 15, 16, 17, 18, 19, 20, 21, 22, 23, 24, 25, 26, 27, 28, 29, 30]","[16, 32, 64, 128]","[5, 10, 15, 20]","[2, 3, 5, 7]","[2, 4, 8]",anneal,minimize,local
b8i2hzft,217,825,1778637137405,,/home/meliani/nni-experiments/b8i2hzft,133,exp_anneal_900s_mat_only_mat_only,hpo,/home/meliani/Desktop/phd/fast-track/search_space.json,python3 trial.py --data ./mat_only.csv,/home/meliani/Desktop/phd/fast-track,1,900s,100000000,False,False,info,/home/meliani/nni-experiments,"['LSTM', 'GRU', 'CNN', 'RNN', 'TCN', 'Transformer', 'MLP']","[16, 32, 64, 128, 256]","[1, 2, 3, 4]","[0, 0.1, 0.2, 0.3, 0.5]","['relu', 'tanh', 'sigmoid', 'elu']","[1e-05, 0.01]","[2, 3, 4, 5, 6, 7, 8, 9, 10, 11, 12, 13, 14, 15, 16, 17, 18, 19, 20, 21, 22, 23, 24, 25, 26, 27, 28, 29, 30]","[16, 32, 64, 128]","[5, 10, 15, 20]","[2, 3, 5, 7]","[2, 4, 8]",anneal,minimize,local
b8i2hzft,218,829,1778637137405,,/home/meliani/nni-experiments/b8i2hzft,134,exp_anneal_900s_mat_only_mat_only,hpo,/home/meliani/Desktop/phd/fast-track/search_space.json,python3 trial.py --data ./mat_only.csv,/home/meliani/Desktop/phd/fast-track,1,900s,100000000,False,False,info,/home/meliani/nni-experiments,"['LSTM', 'GRU', 'CNN', 'RNN', 'TCN', 'Transformer', 'MLP']","[16, 32, 64, 128, 256]","[1, 2, 3, 4]","[0, 0.1, 0.2, 0.3, 0.5]","['relu', 'tanh', 'sigmoid', 'elu']","[1e-05, 0.01]","[2, 3, 4, 5, 6, 7, 8, 9, 10, 11, 12, 13, 14, 15, 16, 17, 18, 19, 20, 21, 22, 23, 24, 25, 26, 27, 28, 29, 30]","[16, 32, 64, 128]","[5, 10, 15, 20]","[2, 3, 5, 7]","[2, 4, 8]",anneal,minimize,local
b8i2hzft,219,830,1778637137405,,/home/meliani/nni-experiments/b8i2hzft,134,exp_anneal_900s_mat_only_mat_only,hpo,/home/meliani/Desktop/phd/fast-track/search_space.json,python3 trial.py --data ./mat_only.csv,/home/meliani/Desktop/phd/fast-track,1,900s,100000000,False,False,info,/home/meliani/nni-experiments,"['LSTM', 'GRU', 'CNN', 'RNN', 'TCN', 'Transformer', 'MLP']","[16, 32, 64, 128, 256]","[1, 2, 3, 4]","[0, 0.1, 0.2, 0.3, 0.5]","['relu', 'tanh', 'sigmoid', 'elu']","[1e-05, 0.01]","[2, 3, 4, 5, 6, 7, 8, 9, 10, 11, 12, 13, 14, 15, 16, 17, 18, 19, 20, 21, 22, 23, 24, 25, 26, 27, 28, 29, 30]","[16, 32, 64, 128]","[5, 10, 15, 20]","[2, 3, 5, 7]","[2, 4, 8]",anneal,minimize,local
b8i2hzft,220,834,1778637137405,,/home/meliani/nni-experiments/b8i2hzft,135,exp_anneal_900s_mat_only_mat_only,hpo,/home/meliani/Desktop/phd/fast-track/search_space.json,python3 trial.py --data ./mat_only.csv,/home/meliani/Desktop/phd/fast-track,1,900s,100000000,False,False,info,/home/meliani/nni-experiments,"['LSTM', 'GRU', 'CNN', 'RNN', 'TCN', 'Transformer', 'MLP']","[16, 32, 64, 128, 256]","[1, 2, 3, 4]","[0, 0.1, 0.2, 0.3, 0.5]","['relu', 'tanh', 'sigmoid', 'elu']","[1e-05, 0.01]","[2, 3, 4, 5, 6, 7, 8, 9, 10, 11, 12, 13, 14, 15, 16, 17, 18, 19, 20, 21, 22, 23, 24, 25, 26, 27, 28, 29, 30]","[16, 32, 64, 128]","[5, 10, 15, 20]","[2, 3, 5, 7]","[2, 4, 8]",anneal,minimize,local
b8i2hzft,221,838,1778637137405,,/home/meliani/nni-experiments/b8i2hzft,136,exp_anneal_900s_mat_only_mat_only,hpo,/home/meliani/Desktop/phd/fast-track/search_space.json,python3 trial.py --data ./mat_only.csv,/home/meliani/Desktop/phd/fast-track,1,900s,100000000,False,False,info,/home/meliani/nni-experiments,"['LSTM', 'GRU', 'CNN', 'RNN', 'TCN', 'Transformer', 'MLP']","[16, 32, 64, 128, 256]","[1, 2, 3, 4]","[0, 0.1, 0.2, 0.3, 0.5]","['relu', 'tanh', 'sigmoid', 'elu']","[1e-05, 0.01]","[2, 3, 4, 5, 6, 7, 8, 9, 10, 11, 12, 13, 14, 15, 16, 17, 18, 19, 20, 21, 22, 23, 24, 25, 26, 27, 28, 29, 30]","[16, 32, 64, 128]","[5, 10, 15, 20]","[2, 3, 5, 7]","[2, 4, 8]",anneal,minimize,local
b8i2hzft,222,840,1778637137405,,/home/meliani/nni-experiments/b8i2hzft,136,exp_anneal_900s_mat_only_mat_only,hpo,/home/meliani/Desktop/phd/fast-track/search_space.json,python3 trial.py --data ./mat_only.csv,/home/meliani/Desktop/phd/fast-track,1,900s,100000000,False,False,info,/home/meliani/nni-experiments,"['LSTM', 'GRU', 'CNN', 'RNN', 'TCN', 'Transformer', 'MLP']","[16, 32, 64, 128, 256]","[1, 2, 3, 4]","[0, 0.1, 0.2, 0.3, 0.5]","['relu', 'tanh', 'sigmoid', 'elu']","[1e-05, 0.01]","[2, 3, 4, 5, 6, 7, 8, 9, 10, 11, 12, 13, 14, 15, 16, 17, 18, 19, 20, 21, 22, 23, 24, 25, 26, 27, 28, 29, 30]","[16, 32, 64, 128]","[5, 10, 15, 20]","[2, 3, 5, 7]","[2, 4, 8]",anneal,minimize,local
b8i2hzft,223,843,1778637137405,,/home/meliani/nni-experiments/b8i2hzft,137,exp_anneal_900s_mat_only_mat_only,hpo,/home/meliani/Desktop/phd/fast-track/search_space.json,python3 trial.py --data ./mat_only.csv,/home/meliani/Desktop/phd/fast-track,1,900s,100000000,False,False,info,/home/meliani/nni-experiments,"['LSTM', 'GRU', 'CNN', 'RNN', 'TCN', 'Transformer', 'MLP']","[16, 32, 64, 128, 256]","[1, 2, 3, 4]","[0, 0.1, 0.2, 0.3, 0.5]","['relu', 'tanh', 'sigmoid', 'elu']","[1e-05, 0.01]","[2, 3, 4, 5, 6, 7, 8, 9, 10, 11, 12, 13, 14, 15, 16, 17, 18, 19, 20, 21, 22, 23, 24, 25, 26, 27, 28, 29, 30]","[16, 32, 64, 128]","[5, 10, 15, 20]","[2, 3, 5, 7]","[2, 4, 8]",anneal,minimize,local
b8i2hzft,224,847,1778637137405,,/home/meliani/nni-experiments/b8i2hzft,138,exp_anneal_900s_mat_only_mat_only,hpo,/home/meliani/Desktop/phd/fast-track/search_space.json,python3 trial.py --data ./mat_only.csv,/home/meliani/Desktop/phd/fast-track,1,900s,100000000,False,False,info,/home/meliani/nni-experiments,"['LSTM', 'GRU', 'CNN', 'RNN', 'TCN', 'Transformer', 'MLP']","[16, 32, 64, 128, 256]","[1, 2, 3, 4]","[0, 0.1, 0.2, 0.3, 0.5]","['relu', 'tanh', 'sigmoid', 'elu']","[1e-05, 0.01]","[2, 3, 4, 5, 6, 7, 8, 9, 10, 11, 12, 13, 14, 15, 16, 17, 18, 19, 20, 21, 22, 23, 24, 25, 26, 27, 28, 29, 30]","[16, 32, 64, 128]","[5, 10, 15, 20]","[2, 3, 5, 7]","[2, 4, 8]",anneal,minimize,local
b8i2hzft,225,850,1778637137405,,/home/meliani/nni-experiments/b8i2hzft,138,exp_anneal_900s_mat_only_mat_only,hpo,/home/meliani/Desktop/phd/fast-track/search_space.json,python3 trial.py --data ./mat_only.csv,/home/meliani/Desktop/phd/fast-track,1,900s,100000000,False,False,info,/home/meliani/nni-experiments,"['LSTM', 'GRU', 'CNN', 'RNN', 'TCN', 'Transformer', 'MLP']","[16, 32, 64, 128, 256]","[1, 2, 3, 4]","[0, 0.1, 0.2, 0.3, 0.5]","['relu', 'tanh', 'sigmoid', 'elu']","[1e-05, 0.01]","[2, 3, 4, 5, 6, 7, 8, 9, 10, 11, 12, 13, 14, 15, 16, 17, 18, 19, 20, 21, 22, 23, 24, 25, 26, 27, 28, 29, 30]","[16, 32, 64, 128]","[5, 10, 15, 20]","[2, 3, 5, 7]","[2, 4, 8]",anneal,minimize,local
b8i2hzft,226,852,1778637137405,,/home/meliani/nni-experiments/b8i2hzft,139,exp_anneal_900s_mat_only_mat_only,hpo,/home/meliani/Desktop/phd/fast-track/search_space.json,python3 trial.py --data ./mat_only.csv,/home/meliani/Desktop/phd/fast-track,1,900s,100000000,False,False,info,/home/meliani/nni-experiments,"['LSTM', 'GRU', 'CNN', 'RNN', 'TCN', 'Transformer', 'MLP']","[16, 32, 64, 128, 256]","[1, 2, 3, 4]","[0, 0.1, 0.2, 0.3, 0.5]","['relu', 'tanh', 'sigmoid', 'elu']","[1e-05, 0.01]","[2, 3, 4, 5, 6, 7, 8, 9, 10, 11, 12, 13, 14, 15, 16, 17, 18, 19, 20, 21, 22, 23, 24, 25, 26, 27, 28, 29, 30]","[16, 32, 64, 128]","[5, 10, 15, 20]","[2, 3, 5, 7]","[2, 4, 8]",anneal,minimize,local
b8i2hzft,227,857,1778637137405,,/home/meliani/nni-experiments/b8i2hzft,140,exp_anneal_900s_mat_only_mat_only,hpo,/home/meliani/Desktop/phd/fast-track/search_space.json,python3 trial.py --data ./mat_only.csv,/home/meliani/Desktop/phd/fast-track,1,900s,100000000,False,False,info,/home/meliani/nni-experiments,"['LSTM', 'GRU', 'CNN', 'RNN', 'TCN', 'Transformer', 'MLP']","[16, 32, 64, 128, 256]","[1, 2, 3, 4]","[0, 0.1, 0.2, 0.3, 0.5]","['relu', 'tanh', 'sigmoid', 'elu']","[1e-05, 0.01]","[2, 3, 4, 5, 6, 7, 8, 9, 10, 11, 12, 13, 14, 15, 16, 17, 18, 19, 20, 21, 22, 23, 24, 25, 26, 27, 28, 29, 30]","[16, 32, 64, 128]","[5, 10, 15, 20]","[2, 3, 5, 7]","[2, 4, 8]",anneal,minimize,local
b8i2hzft,228,860,1778637137405,,/home/meliani/nni-experiments/b8i2hzft,140,exp_anneal_900s_mat_only_mat_only,hpo,/home/meliani/Desktop/phd/fast-track/search_space.json,python3 trial.py --data ./mat_only.csv,/home/meliani/Desktop/phd/fast-track,1,900s,100000000,False,False,info,/home/meliani/nni-experiments,"['LSTM', 'GRU', 'CNN', 'RNN', 'TCN', 'Transformer', 'MLP']","[16, 32, 64, 128, 256]","[1, 2, 3, 4]","[0, 0.1, 0.2, 0.3, 0.5]","['relu', 'tanh', 'sigmoid', 'elu']","[1e-05, 0.01]","[2, 3, 4, 5, 6, 7, 8, 9, 10, 11, 12, 13, 14, 15, 16, 17, 18, 19, 20, 21, 22, 23, 24, 25, 26, 27, 28, 29, 30]","[16, 32, 64, 128]","[5, 10, 15, 20]","[2, 3, 5, 7]","[2, 4, 8]",anneal,minimize,local
b8i2hzft,229,861,1778637137405,,/home/meliani/nni-experiments/b8i2hzft,141,exp_anneal_900s_mat_only_mat_only,hpo,/home/meliani/Desktop/phd/fast-track/search_space.json,python3 trial.py --data ./mat_only.csv,/home/meliani/Desktop/phd/fast-track,1,900s,100000000,False,False,info,/home/meliani/nni-experiments,"['LSTM', 'GRU', 'CNN', 'RNN', 'TCN', 'Transformer', 'MLP']","[16, 32, 64, 128, 256]","[1, 2, 3, 4]","[0, 0.1, 0.2, 0.3, 0.5]","['relu', 'tanh', 'sigmoid', 'elu']","[1e-05, 0.01]","[2, 3, 4, 5, 6, 7, 8, 9, 10, 11, 12, 13, 14, 15, 16, 17, 18, 19, 20, 21, 22, 23, 24, 25, 26, 27, 28, 29, 30]","[16, 32, 64, 128]","[5, 10, 15, 20]","[2, 3, 5, 7]","[2, 4, 8]",anneal,minimize,local
b8i2hzft,230,866,1778637137405,,/home/meliani/nni-experiments/b8i2hzft,142,exp_anneal_900s_mat_only_mat_only,hpo,/home/meliani/Desktop/phd/fast-track/search_space.json,python3 trial.py --data ./mat_only.csv,/home/meliani/Desktop/phd/fast-track,1,900s,100000000,False,False,info,/home/meliani/nni-experiments,"['LSTM', 'GRU', 'CNN', 'RNN', 'TCN', 'Transformer', 'MLP']","[16, 32, 64, 128, 256]","[1, 2, 3, 4]","[0, 0.1, 0.2, 0.3, 0.5]","['relu', 'tanh', 'sigmoid', 'elu']","[1e-05, 0.01]","[2, 3, 4, 5, 6, 7, 8, 9, 10, 11, 12, 13, 14, 15, 16, 17, 18, 19, 20, 21, 22, 23, 24, 25, 26, 27, 28, 29, 30]","[16, 32, 64, 128]","[5, 10, 15, 20]","[2, 3, 5, 7]","[2, 4, 8]",anneal,minimize,local
b8i2hzft,231,870,1778637137405,,/home/meliani/nni-experiments/b8i2hzft,142,exp_anneal_900s_mat_only_mat_only,hpo,/home/meliani/Desktop/phd/fast-track/search_space.json,python3 trial.py --data ./mat_only.csv,/home/meliani/Desktop/phd/fast-track,1,900s,100000000,False,False,info,/home/meliani/nni-experiments,"['LSTM', 'GRU', 'CNN', 'RNN', 'TCN', 'Transformer', 'MLP']","[16, 32, 64, 128, 256]","[1, 2, 3, 4]","[0, 0.1, 0.2, 0.3, 0.5]","['relu', 'tanh', 'sigmoid', 'elu']","[1e-05, 0.01]","[2, 3, 4, 5, 6, 7, 8, 9, 10, 11, 12, 13, 14, 15, 16, 17, 18, 19, 20, 21, 22, 23, 24, 25, 26, 27, 28, 29, 30]","[16, 32, 64, 128]","[5, 10, 15, 20]","[2, 3, 5, 7]","[2, 4, 8]",anneal,minimize,local
b8i2hzft,232,871,1778637137405,,/home/meliani/nni-experiments/b8i2hzft,143,exp_anneal_900s_mat_only_mat_only,hpo,/home/meliani/Desktop/phd/fast-track/search_space.json,python3 trial.py --data ./mat_only.csv,/home/meliani/Desktop/phd/fast-track,1,900s,100000000,False,False,info,/home/meliani/nni-experiments,"['LSTM', 'GRU', 'CNN', 'RNN', 'TCN', 'Transformer', 'MLP']","[16, 32, 64, 128, 256]","[1, 2, 3, 4]","[0, 0.1, 0.2, 0.3, 0.5]","['relu', 'tanh', 'sigmoid', 'elu']","[1e-05, 0.01]","[2, 3, 4, 5, 6, 7, 8, 9, 10, 11, 12, 13, 14, 15, 16, 17, 18, 19, 20, 21, 22, 23, 24, 25, 26, 27, 28, 29, 30]","[16, 32, 64, 128]","[5, 10, 15, 20]","[2, 3, 5, 7]","[2, 4, 8]",anneal,minimize,local
b8i2hzft,233,875,1778637137405,,/home/meliani/nni-experiments/b8i2hzft,144,exp_anneal_900s_mat_only_mat_only,hpo,/home/meliani/Desktop/phd/fast-track/search_space.json,python3 trial.py --data ./mat_only.csv,/home/meliani/Desktop/phd/fast-track,1,900s,100000000,False,False,info,/home/meliani/nni-experiments,"['LSTM', 'GRU', 'CNN', 'RNN', 'TCN', 'Transformer', 'MLP']","[16, 32, 64, 128, 256]","[1, 2, 3, 4]","[0, 0.1, 0.2, 0.3, 0.5]","['relu', 'tanh', 'sigmoid', 'elu']","[1e-05, 0.01]","[2, 3, 4, 5, 6, 7, 8, 9, 10, 11, 12, 13, 14, 15, 16, 17, 18, 19, 20, 21, 22, 23, 24, 25, 26, 27, 28, 29, 30]","[16, 32, 64, 128]","[5, 10, 15, 20]","[2, 3, 5, 7]","[2, 4, 8]",anneal,minimize,local
b8i2hzft,234,880,1778637137405,,/home/meliani/nni-experiments/b8i2hzft,145,exp_anneal_900s_mat_only_mat_only,hpo,/home/meliani/Desktop/phd/fast-track/search_space.json,python3 trial.py --data ./mat_only.csv,/home/meliani/Desktop/phd/fast-track,1,900s,100000000,False,False,info,/home/meliani/nni-experiments,"['LSTM', 'GRU', 'CNN', 'RNN', 'TCN', 'Transformer', 'MLP']","[16, 32, 64, 128, 256]","[1, 2, 3, 4]","[0, 0.1, 0.2, 0.3, 0.5]","['relu', 'tanh', 'sigmoid', 'elu']","[1e-05, 0.01]","[2, 3, 4, 5, 6, 7, 8, 9, 10, 11, 12, 13, 14, 15, 16, 17, 18, 19, 20, 21, 22, 23, 24, 25, 26, 27, 28, 29, 30]","[16, 32, 64, 128]","[5, 10, 15, 20]","[2, 3, 5, 7]","[2, 4, 8]",anneal,minimize,local
b8i2hzft,235,880,1778637137405,,/home/meliani/nni-experiments/b8i2hzft,145,exp_anneal_900s_mat_only_mat_only,hpo,/home/meliani/Desktop/phd/fast-track/search_space.json,python3 trial.py --data ./mat_only.csv,/home/meliani/Desktop/phd/fast-track,1,900s,100000000,False,False,info,/home/meliani/nni-experiments,"['LSTM', 'GRU', 'CNN', 'RNN', 'TCN', 'Transformer', 'MLP']","[16, 32, 64, 128, 256]","[1, 2, 3, 4]","[0, 0.1, 0.2, 0.3, 0.5]","['relu', 'tanh', 'sigmoid', 'elu']","[1e-05, 0.01]","[2, 3, 4, 5, 6, 7, 8, 9, 10, 11, 12, 13, 14, 15, 16, 17, 18, 19, 20, 21, 22, 23, 24, 25, 26, 27, 28, 29, 30]","[16, 32, 64, 128]","[5, 10, 15, 20]","[2, 3, 5, 7]","[2, 4, 8]",anneal,minimize,local
b8i2hzft,236,885,1778637137405,,/home/meliani/nni-experiments/b8i2hzft,146,exp_anneal_900s_mat_only_mat_only,hpo,/home/meliani/Desktop/phd/fast-track/search_space.json,python3 trial.py --data ./mat_only.csv,/home/meliani/Desktop/phd/fast-track,1,900s,100000000,False,False,info,/home/meliani/nni-experiments,"['LSTM', 'GRU', 'CNN', 'RNN', 'TCN', 'Transformer', 'MLP']","[16, 32, 64, 128, 256]","[1, 2, 3, 4]","[0, 0.1, 0.2, 0.3, 0.5]","['relu', 'tanh', 'sigmoid', 'elu']","[1e-05, 0.01]","[2, 3, 4, 5, 6, 7, 8, 9, 10, 11, 12, 13, 14, 15, 16, 17, 18, 19, 20, 21, 22, 23, 24, 25, 26, 27, 28, 29, 30]","[16, 32, 64, 128]","[5, 10, 15, 20]","[2, 3, 5, 7]","[2, 4, 8]",anneal,minimize,local
b8i2hzft,237,890,1778637137405,,/home/meliani/nni-experiments/b8i2hzft,147,exp_anneal_900s_mat_only_mat_only,hpo,/home/meliani/Desktop/phd/fast-track/search_space.json,python3 trial.py --data ./mat_only.csv,/home/meliani/Desktop/phd/fast-track,1,900s,100000000,False,False,info,/home/meliani/nni-experiments,"['LSTM', 'GRU', 'CNN', 'RNN', 'TCN', 'Transformer', 'MLP']","[16, 32, 64, 128, 256]","[1, 2, 3, 4]","[0, 0.1, 0.2, 0.3, 0.5]","['relu', 'tanh', 'sigmoid', 'elu']","[1e-05, 0.01]","[2, 3, 4, 5, 6, 7, 8, 9, 10, 11, 12, 13, 14, 15, 16, 17, 18, 19, 20, 21, 22, 23, 24, 25, 26, 27, 28, 29, 30]","[16, 32, 64, 128]","[5, 10, 15, 20]","[2, 3, 5, 7]","[2, 4, 8]",anneal,minimize,local
b8i2hzft,238,890,1778637137405,,/home/meliani/nni-experiments/b8i2hzft,147,exp_anneal_900s_mat_only_mat_only,hpo,/home/meliani/Desktop/phd/fast-track/search_space.json,python3 trial.py --data ./mat_only.csv,/home/meliani/Desktop/phd/fast-track,1,900s,100000000,False,False,info,/home/meliani/nni-experiments,"['LSTM', 'GRU', 'CNN', 'RNN', 'TCN', 'Transformer', 'MLP']","[16, 32, 64, 128, 256]","[1, 2, 3, 4]","[0, 0.1, 0.2, 0.3, 0.5]","['relu', 'tanh', 'sigmoid', 'elu']","[1e-05, 0.01]","[2, 3, 4, 5, 6, 7, 8, 9, 10, 11, 12, 13, 14, 15, 16, 17, 18, 19, 20, 21, 22, 23, 24, 25, 26, 27, 28, 29, 30]","[16, 32, 64, 128]","[5, 10, 15, 20]","[2, 3, 5, 7]","[2, 4, 8]",anneal,minimize,local
b8i2hzft,239,894,1778637137405,,/home/meliani/nni-experiments/b8i2hzft,148,exp_anneal_900s_mat_only_mat_only,hpo,/home/meliani/Desktop/phd/fast-track/search_space.json,python3 trial.py --data ./mat_only.csv,/home/meliani/Desktop/phd/fast-track,1,900s,100000000,False,False,info,/home/meliani/nni-experiments,"['LSTM', 'GRU', 'CNN', 'RNN', 'TCN', 'Transformer', 'MLP']","[16, 32, 64, 128, 256]","[1, 2, 3, 4]","[0, 0.1, 0.2, 0.3, 0.5]","['relu', 'tanh', 'sigmoid', 'elu']","[1e-05, 0.01]","[2, 3, 4, 5, 6, 7, 8, 9, 10, 11, 12, 13, 14, 15, 16, 17, 18, 19, 20, 21, 22, 23, 24, 25, 26, 27, 28, 29, 30]","[16, 32, 64, 128]","[5, 10, 15, 20]","[2, 3, 5, 7]","[2, 4, 8]",anneal,minimize,local
b8i2hzft,240,899,1778637137405,,/home/meliani/nni-experiments/b8i2hzft,149,exp_anneal_900s_mat_only_mat_only,hpo,/home/meliani/Desktop/phd/fast-track/search_space.json,python3 trial.py --data ./mat_only.csv,/home/meliani/Desktop/phd/fast-track,1,900s,100000000,False,False,info,/home/meliani/nni-experiments,"['LSTM', 'GRU', 'CNN', 'RNN', 'TCN', 'Transformer', 'MLP']","[16, 32, 64, 128, 256]","[1, 2, 3, 4]","[0, 0.1, 0.2, 0.3, 0.5]","['relu', 'tanh', 'sigmoid', 'elu']","[1e-05, 0.01]","[2, 3, 4, 5, 6, 7, 8, 9, 10, 11, 12, 13, 14, 15, 16, 17, 18, 19, 20, 21, 22, 23, 24, 25, 26, 27, 28, 29, 30]","[16, 32, 64, 128]","[5, 10, 15, 20]","[2, 3, 5, 7]","[2, 4, 8]",anneal,minimize,local
b8i2hzft,241,900,1778637137405,,/home/meliani/nni-experiments/b8i2hzft,149,exp_anneal_900s_mat_only_mat_only,hpo,/home/meliani/Desktop/phd/fast-track/search_space.json,python3 trial.py --data ./mat_only.csv,/home/meliani/Desktop/phd/fast-track,1,900s,100000000,False,False,info,/home/meliani/nni-experiments,"['LSTM', 'GRU', 'CNN', 'RNN', 'TCN', 'Transformer', 'MLP']","[16, 32, 64, 128, 256]","[1, 2, 3, 4]","[0, 0.1, 0.2, 0.3, 0.5]","['relu', 'tanh', 'sigmoid', 'elu']","[1e-05, 0.01]","[2, 3, 4, 5, 6, 7, 8, 9, 10, 11, 12, 13, 14, 15, 16, 17, 18, 19, 20, 21, 22, 23, 24, 25, 26, 27, 28, 29, 30]","[16, 32, 64, 128]","[5, 10, 15, 20]","[2, 3, 5, 7]","[2, 4, 8]",anneal,minimize,local
b8i2hzft,242,902,1778637137405,1778638041724,/home/meliani/nni-experiments/b8i2hzft,149,exp_anneal_900s_mat_only_mat_only,hpo,/home/meliani/Desktop/phd/fast-track/search_space.json,python3 trial.py --data ./mat_only.csv,/home/meliani/Desktop/phd/fast-track,1,900s,100000000,False,False,info,/home/meliani/nni-experiments,"['LSTM', 'GRU', 'CNN', 'RNN', 'TCN', 'Transformer', 'MLP']","[16, 32, 64, 128, 256]","[1, 2, 3, 4]","[0, 0.1, 0.2, 0.3, 0.5]","['relu', 'tanh', 'sigmoid', 'elu']","[1e-05, 0.01]","[2, 3, 4, 5, 6, 7, 8, 9, 10, 11, 12, 13, 14, 15, 16, 17, 18, 19, 20, 21, 22, 23, 24, 25, 26, 27, 28, 29, 30]","[16, 32, 64, 128]","[5, 10, 15, 20]","[2, 3, 5, 7]","[2, 4, 8]",anneal,minimize,local
b8i2hzft,243,902,1778637137405,1778638041724,/home/meliani/nni-experiments/b8i2hzft,149,exp_anneal_900s_mat_only_mat_only,hpo,/home/meliani/Desktop/phd/fast-track/search_space.json,python3 trial.py --data ./mat_only.csv,/home/meliani/Desktop/phd/fast-track,1,900s,100000000,False,False,info,/home/meliani/nni-experiments,"['LSTM', 'GRU', 'CNN', 'RNN', 'TCN', 'Transformer', 'MLP']","[16, 32, 64, 128, 256]","[1, 2, 3, 4]","[0, 0.1, 0.2, 0.3, 0.5]","['relu', 'tanh', 'sigmoid', 'elu']","[1e-05, 0.01]","[2, 3, 4, 5, 6, 7, 8, 9, 10, 11, 12, 13, 14, 15, 16, 17, 18, 19, 20, 21, 22, 23, 24, 25, 26, 27, 28, 29, 30]","[16, 32, 64, 128]","[5, 10, 15, 20]","[2, 3, 5, 7]","[2, 4, 8]",anneal,minimize,local
