experiment_id,trial_id,status,start_time,end_time,working_directory,exit_code,experiment_name,experiment_type,search_space_file,trial_command,trial_code_directory,trial_concurrency,max_duration,max_trials,use_annotation,debug_mode,log_level,exp_working_dir,model_types,unit_values,layer_counts,dropout_rates,activations,learning_rate_range,window_sizes,batch_sizes,epoch_options,kernel_sizes,attention_heads,tuner_name,optimize_mode,training_platform
bkcda5s4,1,0,1779243236095,,/home/meliani/nni-experiments/bkcda5s4,0,exp_anneal_80_mat_only_mat_only,hpo,/home/meliani/Desktop/phd/fast-track/search_space.json,python3 trial.py --data ./mat_only.csv,/home/meliani/Desktop/phd/fast-track,1,360000s,80,False,False,info,/home/meliani/nni-experiments,"['LSTM', 'GRU', 'CNN', 'RNN', 'TCN', 'Transformer', 'MLP']","[16, 32, 64, 128, 256]","[1, 2, 3, 4]","[0, 0.1, 0.2, 0.3, 0.5]","['relu', 'tanh', 'sigmoid', 'elu']","[1e-05, 0.01]","[2, 3, 4, 5, 6, 7, 8, 9, 10, 11, 12, 13, 14, 15, 16, 17, 18, 19, 20, 21, 22, 23, 24, 25, 26, 27, 28, 29, 30]","[16, 32, 64, 128]","[5, 10, 15, 20]","[2, 3, 5, 7]","[2, 4, 8]",anneal,minimize,local
bkcda5s4,2,0,1779243236095,,/home/meliani/nni-experiments/bkcda5s4,0,exp_anneal_80_mat_only_mat_only,hpo,/home/meliani/Desktop/phd/fast-track/search_space.json,python3 trial.py --data ./mat_only.csv,/home/meliani/Desktop/phd/fast-track,1,360000s,80,False,False,info,/home/meliani/nni-experiments,"['LSTM', 'GRU', 'CNN', 'RNN', 'TCN', 'Transformer', 'MLP']","[16, 32, 64, 128, 256]","[1, 2, 3, 4]","[0, 0.1, 0.2, 0.3, 0.5]","['relu', 'tanh', 'sigmoid', 'elu']","[1e-05, 0.01]","[2, 3, 4, 5, 6, 7, 8, 9, 10, 11, 12, 13, 14, 15, 16, 17, 18, 19, 20, 21, 22, 23, 24, 25, 26, 27, 28, 29, 30]","[16, 32, 64, 128]","[5, 10, 15, 20]","[2, 3, 5, 7]","[2, 4, 8]",anneal,minimize,local
bkcda5s4,3,0,1779243236095,,/home/meliani/nni-experiments/bkcda5s4,1,exp_anneal_80_mat_only_mat_only,hpo,/home/meliani/Desktop/phd/fast-track/search_space.json,python3 trial.py --data ./mat_only.csv,/home/meliani/Desktop/phd/fast-track,1,360000s,80,False,False,info,/home/meliani/nni-experiments,"['LSTM', 'GRU', 'CNN', 'RNN', 'TCN', 'Transformer', 'MLP']","[16, 32, 64, 128, 256]","[1, 2, 3, 4]","[0, 0.1, 0.2, 0.3, 0.5]","['relu', 'tanh', 'sigmoid', 'elu']","[1e-05, 0.01]","[2, 3, 4, 5, 6, 7, 8, 9, 10, 11, 12, 13, 14, 15, 16, 17, 18, 19, 20, 21, 22, 23, 24, 25, 26, 27, 28, 29, 30]","[16, 32, 64, 128]","[5, 10, 15, 20]","[2, 3, 5, 7]","[2, 4, 8]",anneal,minimize,local
bkcda5s4,4,8,1779243236095,,/home/meliani/nni-experiments/bkcda5s4,2,exp_anneal_80_mat_only_mat_only,hpo,/home/meliani/Desktop/phd/fast-track/search_space.json,python3 trial.py --data ./mat_only.csv,/home/meliani/Desktop/phd/fast-track,1,360000s,80,False,False,info,/home/meliani/nni-experiments,"['LSTM', 'GRU', 'CNN', 'RNN', 'TCN', 'Transformer', 'MLP']","[16, 32, 64, 128, 256]","[1, 2, 3, 4]","[0, 0.1, 0.2, 0.3, 0.5]","['relu', 'tanh', 'sigmoid', 'elu']","[1e-05, 0.01]","[2, 3, 4, 5, 6, 7, 8, 9, 10, 11, 12, 13, 14, 15, 16, 17, 18, 19, 20, 21, 22, 23, 24, 25, 26, 27, 28, 29, 30]","[16, 32, 64, 128]","[5, 10, 15, 20]","[2, 3, 5, 7]","[2, 4, 8]",anneal,minimize,local
bkcda5s4,5,10,1779243236095,,/home/meliani/nni-experiments/bkcda5s4,2,exp_anneal_80_mat_only_mat_only,hpo,/home/meliani/Desktop/phd/fast-track/search_space.json,python3 trial.py --data ./mat_only.csv,/home/meliani/Desktop/phd/fast-track,1,360000s,80,False,False,info,/home/meliani/nni-experiments,"['LSTM', 'GRU', 'CNN', 'RNN', 'TCN', 'Transformer', 'MLP']","[16, 32, 64, 128, 256]","[1, 2, 3, 4]","[0, 0.1, 0.2, 0.3, 0.5]","['relu', 'tanh', 'sigmoid', 'elu']","[1e-05, 0.01]","[2, 3, 4, 5, 6, 7, 8, 9, 10, 11, 12, 13, 14, 15, 16, 17, 18, 19, 20, 21, 22, 23, 24, 25, 26, 27, 28, 29, 30]","[16, 32, 64, 128]","[5, 10, 15, 20]","[2, 3, 5, 7]","[2, 4, 8]",anneal,minimize,local
bkcda5s4,6,20,1779243236095,,/home/meliani/nni-experiments/bkcda5s4,2,exp_anneal_80_mat_only_mat_only,hpo,/home/meliani/Desktop/phd/fast-track/search_space.json,python3 trial.py --data ./mat_only.csv,/home/meliani/Desktop/phd/fast-track,1,360000s,80,False,False,info,/home/meliani/nni-experiments,"['LSTM', 'GRU', 'CNN', 'RNN', 'TCN', 'Transformer', 'MLP']","[16, 32, 64, 128, 256]","[1, 2, 3, 4]","[0, 0.1, 0.2, 0.3, 0.5]","['relu', 'tanh', 'sigmoid', 'elu']","[1e-05, 0.01]","[2, 3, 4, 5, 6, 7, 8, 9, 10, 11, 12, 13, 14, 15, 16, 17, 18, 19, 20, 21, 22, 23, 24, 25, 26, 27, 28, 29, 30]","[16, 32, 64, 128]","[5, 10, 15, 20]","[2, 3, 5, 7]","[2, 4, 8]",anneal,minimize,local
bkcda5s4,7,30,1779243236095,,/home/meliani/nni-experiments/bkcda5s4,2,exp_anneal_80_mat_only_mat_only,hpo,/home/meliani/Desktop/phd/fast-track/search_space.json,python3 trial.py --data ./mat_only.csv,/home/meliani/Desktop/phd/fast-track,1,360000s,80,False,False,info,/home/meliani/nni-experiments,"['LSTM', 'GRU', 'CNN', 'RNN', 'TCN', 'Transformer', 'MLP']","[16, 32, 64, 128, 256]","[1, 2, 3, 4]","[0, 0.1, 0.2, 0.3, 0.5]","['relu', 'tanh', 'sigmoid', 'elu']","[1e-05, 0.01]","[2, 3, 4, 5, 6, 7, 8, 9, 10, 11, 12, 13, 14, 15, 16, 17, 18, 19, 20, 21, 22, 23, 24, 25, 26, 27, 28, 29, 30]","[16, 32, 64, 128]","[5, 10, 15, 20]","[2, 3, 5, 7]","[2, 4, 8]",anneal,minimize,local
bkcda5s4,8,40,1779243236095,,/home/meliani/nni-experiments/bkcda5s4,2,exp_anneal_80_mat_only_mat_only,hpo,/home/meliani/Desktop/phd/fast-track/search_space.json,python3 trial.py --data ./mat_only.csv,/home/meliani/Desktop/phd/fast-track,1,360000s,80,False,False,info,/home/meliani/nni-experiments,"['LSTM', 'GRU', 'CNN', 'RNN', 'TCN', 'Transformer', 'MLP']","[16, 32, 64, 128, 256]","[1, 2, 3, 4]","[0, 0.1, 0.2, 0.3, 0.5]","['relu', 'tanh', 'sigmoid', 'elu']","[1e-05, 0.01]","[2, 3, 4, 5, 6, 7, 8, 9, 10, 11, 12, 13, 14, 15, 16, 17, 18, 19, 20, 21, 22, 23, 24, 25, 26, 27, 28, 29, 30]","[16, 32, 64, 128]","[5, 10, 15, 20]","[2, 3, 5, 7]","[2, 4, 8]",anneal,minimize,local
bkcda5s4,9,50,1779243236095,,/home/meliani/nni-experiments/bkcda5s4,2,exp_anneal_80_mat_only_mat_only,hpo,/home/meliani/Desktop/phd/fast-track/search_space.json,python3 trial.py --data ./mat_only.csv,/home/meliani/Desktop/phd/fast-track,1,360000s,80,False,False,info,/home/meliani/nni-experiments,"['LSTM', 'GRU', 'CNN', 'RNN', 'TCN', 'Transformer', 'MLP']","[16, 32, 64, 128, 256]","[1, 2, 3, 4]","[0, 0.1, 0.2, 0.3, 0.5]","['relu', 'tanh', 'sigmoid', 'elu']","[1e-05, 0.01]","[2, 3, 4, 5, 6, 7, 8, 9, 10, 11, 12, 13, 14, 15, 16, 17, 18, 19, 20, 21, 22, 23, 24, 25, 26, 27, 28, 29, 30]","[16, 32, 64, 128]","[5, 10, 15, 20]","[2, 3, 5, 7]","[2, 4, 8]",anneal,minimize,local
bkcda5s4,10,60,1779243236095,,/home/meliani/nni-experiments/bkcda5s4,2,exp_anneal_80_mat_only_mat_only,hpo,/home/meliani/Desktop/phd/fast-track/search_space.json,python3 trial.py --data ./mat_only.csv,/home/meliani/Desktop/phd/fast-track,1,360000s,80,False,False,info,/home/meliani/nni-experiments,"['LSTM', 'GRU', 'CNN', 'RNN', 'TCN', 'Transformer', 'MLP']","[16, 32, 64, 128, 256]","[1, 2, 3, 4]","[0, 0.1, 0.2, 0.3, 0.5]","['relu', 'tanh', 'sigmoid', 'elu']","[1e-05, 0.01]","[2, 3, 4, 5, 6, 7, 8, 9, 10, 11, 12, 13, 14, 15, 16, 17, 18, 19, 20, 21, 22, 23, 24, 25, 26, 27, 28, 29, 30]","[16, 32, 64, 128]","[5, 10, 15, 20]","[2, 3, 5, 7]","[2, 4, 8]",anneal,minimize,local
bkcda5s4,11,70,1779243236095,,/home/meliani/nni-experiments/bkcda5s4,2,exp_anneal_80_mat_only_mat_only,hpo,/home/meliani/Desktop/phd/fast-track/search_space.json,python3 trial.py --data ./mat_only.csv,/home/meliani/Desktop/phd/fast-track,1,360000s,80,False,False,info,/home/meliani/nni-experiments,"['LSTM', 'GRU', 'CNN', 'RNN', 'TCN', 'Transformer', 'MLP']","[16, 32, 64, 128, 256]","[1, 2, 3, 4]","[0, 0.1, 0.2, 0.3, 0.5]","['relu', 'tanh', 'sigmoid', 'elu']","[1e-05, 0.01]","[2, 3, 4, 5, 6, 7, 8, 9, 10, 11, 12, 13, 14, 15, 16, 17, 18, 19, 20, 21, 22, 23, 24, 25, 26, 27, 28, 29, 30]","[16, 32, 64, 128]","[5, 10, 15, 20]","[2, 3, 5, 7]","[2, 4, 8]",anneal,minimize,local
bkcda5s4,12,80,1779243236095,,/home/meliani/nni-experiments/bkcda5s4,2,exp_anneal_80_mat_only_mat_only,hpo,/home/meliani/Desktop/phd/fast-track/search_space.json,python3 trial.py --data ./mat_only.csv,/home/meliani/Desktop/phd/fast-track,1,360000s,80,False,False,info,/home/meliani/nni-experiments,"['LSTM', 'GRU', 'CNN', 'RNN', 'TCN', 'Transformer', 'MLP']","[16, 32, 64, 128, 256]","[1, 2, 3, 4]","[0, 0.1, 0.2, 0.3, 0.5]","['relu', 'tanh', 'sigmoid', 'elu']","[1e-05, 0.01]","[2, 3, 4, 5, 6, 7, 8, 9, 10, 11, 12, 13, 14, 15, 16, 17, 18, 19, 20, 21, 22, 23, 24, 25, 26, 27, 28, 29, 30]","[16, 32, 64, 128]","[5, 10, 15, 20]","[2, 3, 5, 7]","[2, 4, 8]",anneal,minimize,local
bkcda5s4,13,85,1779243236095,,/home/meliani/nni-experiments/bkcda5s4,3,exp_anneal_80_mat_only_mat_only,hpo,/home/meliani/Desktop/phd/fast-track/search_space.json,python3 trial.py --data ./mat_only.csv,/home/meliani/Desktop/phd/fast-track,1,360000s,80,False,False,info,/home/meliani/nni-experiments,"['LSTM', 'GRU', 'CNN', 'RNN', 'TCN', 'Transformer', 'MLP']","[16, 32, 64, 128, 256]","[1, 2, 3, 4]","[0, 0.1, 0.2, 0.3, 0.5]","['relu', 'tanh', 'sigmoid', 'elu']","[1e-05, 0.01]","[2, 3, 4, 5, 6, 7, 8, 9, 10, 11, 12, 13, 14, 15, 16, 17, 18, 19, 20, 21, 22, 23, 24, 25, 26, 27, 28, 29, 30]","[16, 32, 64, 128]","[5, 10, 15, 20]","[2, 3, 5, 7]","[2, 4, 8]",anneal,minimize,local
bkcda5s4,14,90,1779243236095,,/home/meliani/nni-experiments/bkcda5s4,3,exp_anneal_80_mat_only_mat_only,hpo,/home/meliani/Desktop/phd/fast-track/search_space.json,python3 trial.py --data ./mat_only.csv,/home/meliani/Desktop/phd/fast-track,1,360000s,80,False,False,info,/home/meliani/nni-experiments,"['LSTM', 'GRU', 'CNN', 'RNN', 'TCN', 'Transformer', 'MLP']","[16, 32, 64, 128, 256]","[1, 2, 3, 4]","[0, 0.1, 0.2, 0.3, 0.5]","['relu', 'tanh', 'sigmoid', 'elu']","[1e-05, 0.01]","[2, 3, 4, 5, 6, 7, 8, 9, 10, 11, 12, 13, 14, 15, 16, 17, 18, 19, 20, 21, 22, 23, 24, 25, 26, 27, 28, 29, 30]","[16, 32, 64, 128]","[5, 10, 15, 20]","[2, 3, 5, 7]","[2, 4, 8]",anneal,minimize,local
bkcda5s4,15,100,1779243236095,,/home/meliani/nni-experiments/bkcda5s4,3,exp_anneal_80_mat_only_mat_only,hpo,/home/meliani/Desktop/phd/fast-track/search_space.json,python3 trial.py --data ./mat_only.csv,/home/meliani/Desktop/phd/fast-track,1,360000s,80,False,False,info,/home/meliani/nni-experiments,"['LSTM', 'GRU', 'CNN', 'RNN', 'TCN', 'Transformer', 'MLP']","[16, 32, 64, 128, 256]","[1, 2, 3, 4]","[0, 0.1, 0.2, 0.3, 0.5]","['relu', 'tanh', 'sigmoid', 'elu']","[1e-05, 0.01]","[2, 3, 4, 5, 6, 7, 8, 9, 10, 11, 12, 13, 14, 15, 16, 17, 18, 19, 20, 21, 22, 23, 24, 25, 26, 27, 28, 29, 30]","[16, 32, 64, 128]","[5, 10, 15, 20]","[2, 3, 5, 7]","[2, 4, 8]",anneal,minimize,local
bkcda5s4,16,110,1779243236095,,/home/meliani/nni-experiments/bkcda5s4,3,exp_anneal_80_mat_only_mat_only,hpo,/home/meliani/Desktop/phd/fast-track/search_space.json,python3 trial.py --data ./mat_only.csv,/home/meliani/Desktop/phd/fast-track,1,360000s,80,False,False,info,/home/meliani/nni-experiments,"['LSTM', 'GRU', 'CNN', 'RNN', 'TCN', 'Transformer', 'MLP']","[16, 32, 64, 128, 256]","[1, 2, 3, 4]","[0, 0.1, 0.2, 0.3, 0.5]","['relu', 'tanh', 'sigmoid', 'elu']","[1e-05, 0.01]","[2, 3, 4, 5, 6, 7, 8, 9, 10, 11, 12, 13, 14, 15, 16, 17, 18, 19, 20, 21, 22, 23, 24, 25, 26, 27, 28, 29, 30]","[16, 32, 64, 128]","[5, 10, 15, 20]","[2, 3, 5, 7]","[2, 4, 8]",anneal,minimize,local
bkcda5s4,17,114,1779243236095,,/home/meliani/nni-experiments/bkcda5s4,4,exp_anneal_80_mat_only_mat_only,hpo,/home/meliani/Desktop/phd/fast-track/search_space.json,python3 trial.py --data ./mat_only.csv,/home/meliani/Desktop/phd/fast-track,1,360000s,80,False,False,info,/home/meliani/nni-experiments,"['LSTM', 'GRU', 'CNN', 'RNN', 'TCN', 'Transformer', 'MLP']","[16, 32, 64, 128, 256]","[1, 2, 3, 4]","[0, 0.1, 0.2, 0.3, 0.5]","['relu', 'tanh', 'sigmoid', 'elu']","[1e-05, 0.01]","[2, 3, 4, 5, 6, 7, 8, 9, 10, 11, 12, 13, 14, 15, 16, 17, 18, 19, 20, 21, 22, 23, 24, 25, 26, 27, 28, 29, 30]","[16, 32, 64, 128]","[5, 10, 15, 20]","[2, 3, 5, 7]","[2, 4, 8]",anneal,minimize,local
bkcda5s4,18,120,1779243236095,,/home/meliani/nni-experiments/bkcda5s4,4,exp_anneal_80_mat_only_mat_only,hpo,/home/meliani/Desktop/phd/fast-track/search_space.json,python3 trial.py --data ./mat_only.csv,/home/meliani/Desktop/phd/fast-track,1,360000s,80,False,False,info,/home/meliani/nni-experiments,"['LSTM', 'GRU', 'CNN', 'RNN', 'TCN', 'Transformer', 'MLP']","[16, 32, 64, 128, 256]","[1, 2, 3, 4]","[0, 0.1, 0.2, 0.3, 0.5]","['relu', 'tanh', 'sigmoid', 'elu']","[1e-05, 0.01]","[2, 3, 4, 5, 6, 7, 8, 9, 10, 11, 12, 13, 14, 15, 16, 17, 18, 19, 20, 21, 22, 23, 24, 25, 26, 27, 28, 29, 30]","[16, 32, 64, 128]","[5, 10, 15, 20]","[2, 3, 5, 7]","[2, 4, 8]",anneal,minimize,local
bkcda5s4,19,130,1779243236095,,/home/meliani/nni-experiments/bkcda5s4,4,exp_anneal_80_mat_only_mat_only,hpo,/home/meliani/Desktop/phd/fast-track/search_space.json,python3 trial.py --data ./mat_only.csv,/home/meliani/Desktop/phd/fast-track,1,360000s,80,False,False,info,/home/meliani/nni-experiments,"['LSTM', 'GRU', 'CNN', 'RNN', 'TCN', 'Transformer', 'MLP']","[16, 32, 64, 128, 256]","[1, 2, 3, 4]","[0, 0.1, 0.2, 0.3, 0.5]","['relu', 'tanh', 'sigmoid', 'elu']","[1e-05, 0.01]","[2, 3, 4, 5, 6, 7, 8, 9, 10, 11, 12, 13, 14, 15, 16, 17, 18, 19, 20, 21, 22, 23, 24, 25, 26, 27, 28, 29, 30]","[16, 32, 64, 128]","[5, 10, 15, 20]","[2, 3, 5, 7]","[2, 4, 8]",anneal,minimize,local
bkcda5s4,20,132,1779243236095,,/home/meliani/nni-experiments/bkcda5s4,5,exp_anneal_80_mat_only_mat_only,hpo,/home/meliani/Desktop/phd/fast-track/search_space.json,python3 trial.py --data ./mat_only.csv,/home/meliani/Desktop/phd/fast-track,1,360000s,80,False,False,info,/home/meliani/nni-experiments,"['LSTM', 'GRU', 'CNN', 'RNN', 'TCN', 'Transformer', 'MLP']","[16, 32, 64, 128, 256]","[1, 2, 3, 4]","[0, 0.1, 0.2, 0.3, 0.5]","['relu', 'tanh', 'sigmoid', 'elu']","[1e-05, 0.01]","[2, 3, 4, 5, 6, 7, 8, 9, 10, 11, 12, 13, 14, 15, 16, 17, 18, 19, 20, 21, 22, 23, 24, 25, 26, 27, 28, 29, 30]","[16, 32, 64, 128]","[5, 10, 15, 20]","[2, 3, 5, 7]","[2, 4, 8]",anneal,minimize,local
bkcda5s4,21,140,1779243236095,,/home/meliani/nni-experiments/bkcda5s4,5,exp_anneal_80_mat_only_mat_only,hpo,/home/meliani/Desktop/phd/fast-track/search_space.json,python3 trial.py --data ./mat_only.csv,/home/meliani/Desktop/phd/fast-track,1,360000s,80,False,False,info,/home/meliani/nni-experiments,"['LSTM', 'GRU', 'CNN', 'RNN', 'TCN', 'Transformer', 'MLP']","[16, 32, 64, 128, 256]","[1, 2, 3, 4]","[0, 0.1, 0.2, 0.3, 0.5]","['relu', 'tanh', 'sigmoid', 'elu']","[1e-05, 0.01]","[2, 3, 4, 5, 6, 7, 8, 9, 10, 11, 12, 13, 14, 15, 16, 17, 18, 19, 20, 21, 22, 23, 24, 25, 26, 27, 28, 29, 30]","[16, 32, 64, 128]","[5, 10, 15, 20]","[2, 3, 5, 7]","[2, 4, 8]",anneal,minimize,local
bkcda5s4,22,140,1779243236095,,/home/meliani/nni-experiments/bkcda5s4,6,exp_anneal_80_mat_only_mat_only,hpo,/home/meliani/Desktop/phd/fast-track/search_space.json,python3 trial.py --data ./mat_only.csv,/home/meliani/Desktop/phd/fast-track,1,360000s,80,False,False,info,/home/meliani/nni-experiments,"['LSTM', 'GRU', 'CNN', 'RNN', 'TCN', 'Transformer', 'MLP']","[16, 32, 64, 128, 256]","[1, 2, 3, 4]","[0, 0.1, 0.2, 0.3, 0.5]","['relu', 'tanh', 'sigmoid', 'elu']","[1e-05, 0.01]","[2, 3, 4, 5, 6, 7, 8, 9, 10, 11, 12, 13, 14, 15, 16, 17, 18, 19, 20, 21, 22, 23, 24, 25, 26, 27, 28, 29, 30]","[16, 32, 64, 128]","[5, 10, 15, 20]","[2, 3, 5, 7]","[2, 4, 8]",anneal,minimize,local
bkcda5s4,23,150,1779243236095,,/home/meliani/nni-experiments/bkcda5s4,6,exp_anneal_80_mat_only_mat_only,hpo,/home/meliani/Desktop/phd/fast-track/search_space.json,python3 trial.py --data ./mat_only.csv,/home/meliani/Desktop/phd/fast-track,1,360000s,80,False,False,info,/home/meliani/nni-experiments,"['LSTM', 'GRU', 'CNN', 'RNN', 'TCN', 'Transformer', 'MLP']","[16, 32, 64, 128, 256]","[1, 2, 3, 4]","[0, 0.1, 0.2, 0.3, 0.5]","['relu', 'tanh', 'sigmoid', 'elu']","[1e-05, 0.01]","[2, 3, 4, 5, 6, 7, 8, 9, 10, 11, 12, 13, 14, 15, 16, 17, 18, 19, 20, 21, 22, 23, 24, 25, 26, 27, 28, 29, 30]","[16, 32, 64, 128]","[5, 10, 15, 20]","[2, 3, 5, 7]","[2, 4, 8]",anneal,minimize,local
bkcda5s4,24,155,1779243236095,,/home/meliani/nni-experiments/bkcda5s4,7,exp_anneal_80_mat_only_mat_only,hpo,/home/meliani/Desktop/phd/fast-track/search_space.json,python3 trial.py --data ./mat_only.csv,/home/meliani/Desktop/phd/fast-track,1,360000s,80,False,False,info,/home/meliani/nni-experiments,"['LSTM', 'GRU', 'CNN', 'RNN', 'TCN', 'Transformer', 'MLP']","[16, 32, 64, 128, 256]","[1, 2, 3, 4]","[0, 0.1, 0.2, 0.3, 0.5]","['relu', 'tanh', 'sigmoid', 'elu']","[1e-05, 0.01]","[2, 3, 4, 5, 6, 7, 8, 9, 10, 11, 12, 13, 14, 15, 16, 17, 18, 19, 20, 21, 22, 23, 24, 25, 26, 27, 28, 29, 30]","[16, 32, 64, 128]","[5, 10, 15, 20]","[2, 3, 5, 7]","[2, 4, 8]",anneal,minimize,local
bkcda5s4,25,160,1779243236095,,/home/meliani/nni-experiments/bkcda5s4,7,exp_anneal_80_mat_only_mat_only,hpo,/home/meliani/Desktop/phd/fast-track/search_space.json,python3 trial.py --data ./mat_only.csv,/home/meliani/Desktop/phd/fast-track,1,360000s,80,False,False,info,/home/meliani/nni-experiments,"['LSTM', 'GRU', 'CNN', 'RNN', 'TCN', 'Transformer', 'MLP']","[16, 32, 64, 128, 256]","[1, 2, 3, 4]","[0, 0.1, 0.2, 0.3, 0.5]","['relu', 'tanh', 'sigmoid', 'elu']","[1e-05, 0.01]","[2, 3, 4, 5, 6, 7, 8, 9, 10, 11, 12, 13, 14, 15, 16, 17, 18, 19, 20, 21, 22, 23, 24, 25, 26, 27, 28, 29, 30]","[16, 32, 64, 128]","[5, 10, 15, 20]","[2, 3, 5, 7]","[2, 4, 8]",anneal,minimize,local
bkcda5s4,26,170,1779243236095,,/home/meliani/nni-experiments/bkcda5s4,7,exp_anneal_80_mat_only_mat_only,hpo,/home/meliani/Desktop/phd/fast-track/search_space.json,python3 trial.py --data ./mat_only.csv,/home/meliani/Desktop/phd/fast-track,1,360000s,80,False,False,info,/home/meliani/nni-experiments,"['LSTM', 'GRU', 'CNN', 'RNN', 'TCN', 'Transformer', 'MLP']","[16, 32, 64, 128, 256]","[1, 2, 3, 4]","[0, 0.1, 0.2, 0.3, 0.5]","['relu', 'tanh', 'sigmoid', 'elu']","[1e-05, 0.01]","[2, 3, 4, 5, 6, 7, 8, 9, 10, 11, 12, 13, 14, 15, 16, 17, 18, 19, 20, 21, 22, 23, 24, 25, 26, 27, 28, 29, 30]","[16, 32, 64, 128]","[5, 10, 15, 20]","[2, 3, 5, 7]","[2, 4, 8]",anneal,minimize,local
bkcda5s4,27,170,1779243236095,,/home/meliani/nni-experiments/bkcda5s4,8,exp_anneal_80_mat_only_mat_only,hpo,/home/meliani/Desktop/phd/fast-track/search_space.json,python3 trial.py --data ./mat_only.csv,/home/meliani/Desktop/phd/fast-track,1,360000s,80,False,False,info,/home/meliani/nni-experiments,"['LSTM', 'GRU', 'CNN', 'RNN', 'TCN', 'Transformer', 'MLP']","[16, 32, 64, 128, 256]","[1, 2, 3, 4]","[0, 0.1, 0.2, 0.3, 0.5]","['relu', 'tanh', 'sigmoid', 'elu']","[1e-05, 0.01]","[2, 3, 4, 5, 6, 7, 8, 9, 10, 11, 12, 13, 14, 15, 16, 17, 18, 19, 20, 21, 22, 23, 24, 25, 26, 27, 28, 29, 30]","[16, 32, 64, 128]","[5, 10, 15, 20]","[2, 3, 5, 7]","[2, 4, 8]",anneal,minimize,local
bkcda5s4,28,179,1779243236095,,/home/meliani/nni-experiments/bkcda5s4,9,exp_anneal_80_mat_only_mat_only,hpo,/home/meliani/Desktop/phd/fast-track/search_space.json,python3 trial.py --data ./mat_only.csv,/home/meliani/Desktop/phd/fast-track,1,360000s,80,False,False,info,/home/meliani/nni-experiments,"['LSTM', 'GRU', 'CNN', 'RNN', 'TCN', 'Transformer', 'MLP']","[16, 32, 64, 128, 256]","[1, 2, 3, 4]","[0, 0.1, 0.2, 0.3, 0.5]","['relu', 'tanh', 'sigmoid', 'elu']","[1e-05, 0.01]","[2, 3, 4, 5, 6, 7, 8, 9, 10, 11, 12, 13, 14, 15, 16, 17, 18, 19, 20, 21, 22, 23, 24, 25, 26, 27, 28, 29, 30]","[16, 32, 64, 128]","[5, 10, 15, 20]","[2, 3, 5, 7]","[2, 4, 8]",anneal,minimize,local
bkcda5s4,29,180,1779243236095,,/home/meliani/nni-experiments/bkcda5s4,9,exp_anneal_80_mat_only_mat_only,hpo,/home/meliani/Desktop/phd/fast-track/search_space.json,python3 trial.py --data ./mat_only.csv,/home/meliani/Desktop/phd/fast-track,1,360000s,80,False,False,info,/home/meliani/nni-experiments,"['LSTM', 'GRU', 'CNN', 'RNN', 'TCN', 'Transformer', 'MLP']","[16, 32, 64, 128, 256]","[1, 2, 3, 4]","[0, 0.1, 0.2, 0.3, 0.5]","['relu', 'tanh', 'sigmoid', 'elu']","[1e-05, 0.01]","[2, 3, 4, 5, 6, 7, 8, 9, 10, 11, 12, 13, 14, 15, 16, 17, 18, 19, 20, 21, 22, 23, 24, 25, 26, 27, 28, 29, 30]","[16, 32, 64, 128]","[5, 10, 15, 20]","[2, 3, 5, 7]","[2, 4, 8]",anneal,minimize,local
bkcda5s4,30,184,1779243236095,,/home/meliani/nni-experiments/bkcda5s4,10,exp_anneal_80_mat_only_mat_only,hpo,/home/meliani/Desktop/phd/fast-track/search_space.json,python3 trial.py --data ./mat_only.csv,/home/meliani/Desktop/phd/fast-track,1,360000s,80,False,False,info,/home/meliani/nni-experiments,"['LSTM', 'GRU', 'CNN', 'RNN', 'TCN', 'Transformer', 'MLP']","[16, 32, 64, 128, 256]","[1, 2, 3, 4]","[0, 0.1, 0.2, 0.3, 0.5]","['relu', 'tanh', 'sigmoid', 'elu']","[1e-05, 0.01]","[2, 3, 4, 5, 6, 7, 8, 9, 10, 11, 12, 13, 14, 15, 16, 17, 18, 19, 20, 21, 22, 23, 24, 25, 26, 27, 28, 29, 30]","[16, 32, 64, 128]","[5, 10, 15, 20]","[2, 3, 5, 7]","[2, 4, 8]",anneal,minimize,local
bkcda5s4,31,190,1779243236095,,/home/meliani/nni-experiments/bkcda5s4,10,exp_anneal_80_mat_only_mat_only,hpo,/home/meliani/Desktop/phd/fast-track/search_space.json,python3 trial.py --data ./mat_only.csv,/home/meliani/Desktop/phd/fast-track,1,360000s,80,False,False,info,/home/meliani/nni-experiments,"['LSTM', 'GRU', 'CNN', 'RNN', 'TCN', 'Transformer', 'MLP']","[16, 32, 64, 128, 256]","[1, 2, 3, 4]","[0, 0.1, 0.2, 0.3, 0.5]","['relu', 'tanh', 'sigmoid', 'elu']","[1e-05, 0.01]","[2, 3, 4, 5, 6, 7, 8, 9, 10, 11, 12, 13, 14, 15, 16, 17, 18, 19, 20, 21, 22, 23, 24, 25, 26, 27, 28, 29, 30]","[16, 32, 64, 128]","[5, 10, 15, 20]","[2, 3, 5, 7]","[2, 4, 8]",anneal,minimize,local
bkcda5s4,32,200,1779243236095,,/home/meliani/nni-experiments/bkcda5s4,10,exp_anneal_80_mat_only_mat_only,hpo,/home/meliani/Desktop/phd/fast-track/search_space.json,python3 trial.py --data ./mat_only.csv,/home/meliani/Desktop/phd/fast-track,1,360000s,80,False,False,info,/home/meliani/nni-experiments,"['LSTM', 'GRU', 'CNN', 'RNN', 'TCN', 'Transformer', 'MLP']","[16, 32, 64, 128, 256]","[1, 2, 3, 4]","[0, 0.1, 0.2, 0.3, 0.5]","['relu', 'tanh', 'sigmoid', 'elu']","[1e-05, 0.01]","[2, 3, 4, 5, 6, 7, 8, 9, 10, 11, 12, 13, 14, 15, 16, 17, 18, 19, 20, 21, 22, 23, 24, 25, 26, 27, 28, 29, 30]","[16, 32, 64, 128]","[5, 10, 15, 20]","[2, 3, 5, 7]","[2, 4, 8]",anneal,minimize,local
bkcda5s4,33,210,1779243236095,,/home/meliani/nni-experiments/bkcda5s4,10,exp_anneal_80_mat_only_mat_only,hpo,/home/meliani/Desktop/phd/fast-track/search_space.json,python3 trial.py --data ./mat_only.csv,/home/meliani/Desktop/phd/fast-track,1,360000s,80,False,False,info,/home/meliani/nni-experiments,"['LSTM', 'GRU', 'CNN', 'RNN', 'TCN', 'Transformer', 'MLP']","[16, 32, 64, 128, 256]","[1, 2, 3, 4]","[0, 0.1, 0.2, 0.3, 0.5]","['relu', 'tanh', 'sigmoid', 'elu']","[1e-05, 0.01]","[2, 3, 4, 5, 6, 7, 8, 9, 10, 11, 12, 13, 14, 15, 16, 17, 18, 19, 20, 21, 22, 23, 24, 25, 26, 27, 28, 29, 30]","[16, 32, 64, 128]","[5, 10, 15, 20]","[2, 3, 5, 7]","[2, 4, 8]",anneal,minimize,local
bkcda5s4,34,214,1779243236095,,/home/meliani/nni-experiments/bkcda5s4,11,exp_anneal_80_mat_only_mat_only,hpo,/home/meliani/Desktop/phd/fast-track/search_space.json,python3 trial.py --data ./mat_only.csv,/home/meliani/Desktop/phd/fast-track,1,360000s,80,False,False,info,/home/meliani/nni-experiments,"['LSTM', 'GRU', 'CNN', 'RNN', 'TCN', 'Transformer', 'MLP']","[16, 32, 64, 128, 256]","[1, 2, 3, 4]","[0, 0.1, 0.2, 0.3, 0.5]","['relu', 'tanh', 'sigmoid', 'elu']","[1e-05, 0.01]","[2, 3, 4, 5, 6, 7, 8, 9, 10, 11, 12, 13, 14, 15, 16, 17, 18, 19, 20, 21, 22, 23, 24, 25, 26, 27, 28, 29, 30]","[16, 32, 64, 128]","[5, 10, 15, 20]","[2, 3, 5, 7]","[2, 4, 8]",anneal,minimize,local
bkcda5s4,35,220,1779243236095,,/home/meliani/nni-experiments/bkcda5s4,11,exp_anneal_80_mat_only_mat_only,hpo,/home/meliani/Desktop/phd/fast-track/search_space.json,python3 trial.py --data ./mat_only.csv,/home/meliani/Desktop/phd/fast-track,1,360000s,80,False,False,info,/home/meliani/nni-experiments,"['LSTM', 'GRU', 'CNN', 'RNN', 'TCN', 'Transformer', 'MLP']","[16, 32, 64, 128, 256]","[1, 2, 3, 4]","[0, 0.1, 0.2, 0.3, 0.5]","['relu', 'tanh', 'sigmoid', 'elu']","[1e-05, 0.01]","[2, 3, 4, 5, 6, 7, 8, 9, 10, 11, 12, 13, 14, 15, 16, 17, 18, 19, 20, 21, 22, 23, 24, 25, 26, 27, 28, 29, 30]","[16, 32, 64, 128]","[5, 10, 15, 20]","[2, 3, 5, 7]","[2, 4, 8]",anneal,minimize,local
bkcda5s4,36,230,1779243236095,,/home/meliani/nni-experiments/bkcda5s4,11,exp_anneal_80_mat_only_mat_only,hpo,/home/meliani/Desktop/phd/fast-track/search_space.json,python3 trial.py --data ./mat_only.csv,/home/meliani/Desktop/phd/fast-track,1,360000s,80,False,False,info,/home/meliani/nni-experiments,"['LSTM', 'GRU', 'CNN', 'RNN', 'TCN', 'Transformer', 'MLP']","[16, 32, 64, 128, 256]","[1, 2, 3, 4]","[0, 0.1, 0.2, 0.3, 0.5]","['relu', 'tanh', 'sigmoid', 'elu']","[1e-05, 0.01]","[2, 3, 4, 5, 6, 7, 8, 9, 10, 11, 12, 13, 14, 15, 16, 17, 18, 19, 20, 21, 22, 23, 24, 25, 26, 27, 28, 29, 30]","[16, 32, 64, 128]","[5, 10, 15, 20]","[2, 3, 5, 7]","[2, 4, 8]",anneal,minimize,local
bkcda5s4,37,240,1779243236095,,/home/meliani/nni-experiments/bkcda5s4,11,exp_anneal_80_mat_only_mat_only,hpo,/home/meliani/Desktop/phd/fast-track/search_space.json,python3 trial.py --data ./mat_only.csv,/home/meliani/Desktop/phd/fast-track,1,360000s,80,False,False,info,/home/meliani/nni-experiments,"['LSTM', 'GRU', 'CNN', 'RNN', 'TCN', 'Transformer', 'MLP']","[16, 32, 64, 128, 256]","[1, 2, 3, 4]","[0, 0.1, 0.2, 0.3, 0.5]","['relu', 'tanh', 'sigmoid', 'elu']","[1e-05, 0.01]","[2, 3, 4, 5, 6, 7, 8, 9, 10, 11, 12, 13, 14, 15, 16, 17, 18, 19, 20, 21, 22, 23, 24, 25, 26, 27, 28, 29, 30]","[16, 32, 64, 128]","[5, 10, 15, 20]","[2, 3, 5, 7]","[2, 4, 8]",anneal,minimize,local
bkcda5s4,38,250,1779243236095,,/home/meliani/nni-experiments/bkcda5s4,11,exp_anneal_80_mat_only_mat_only,hpo,/home/meliani/Desktop/phd/fast-track/search_space.json,python3 trial.py --data ./mat_only.csv,/home/meliani/Desktop/phd/fast-track,1,360000s,80,False,False,info,/home/meliani/nni-experiments,"['LSTM', 'GRU', 'CNN', 'RNN', 'TCN', 'Transformer', 'MLP']","[16, 32, 64, 128, 256]","[1, 2, 3, 4]","[0, 0.1, 0.2, 0.3, 0.5]","['relu', 'tanh', 'sigmoid', 'elu']","[1e-05, 0.01]","[2, 3, 4, 5, 6, 7, 8, 9, 10, 11, 12, 13, 14, 15, 16, 17, 18, 19, 20, 21, 22, 23, 24, 25, 26, 27, 28, 29, 30]","[16, 32, 64, 128]","[5, 10, 15, 20]","[2, 3, 5, 7]","[2, 4, 8]",anneal,minimize,local
bkcda5s4,39,260,1779243236095,,/home/meliani/nni-experiments/bkcda5s4,11,exp_anneal_80_mat_only_mat_only,hpo,/home/meliani/Desktop/phd/fast-track/search_space.json,python3 trial.py --data ./mat_only.csv,/home/meliani/Desktop/phd/fast-track,1,360000s,80,False,False,info,/home/meliani/nni-experiments,"['LSTM', 'GRU', 'CNN', 'RNN', 'TCN', 'Transformer', 'MLP']","[16, 32, 64, 128, 256]","[1, 2, 3, 4]","[0, 0.1, 0.2, 0.3, 0.5]","['relu', 'tanh', 'sigmoid', 'elu']","[1e-05, 0.01]","[2, 3, 4, 5, 6, 7, 8, 9, 10, 11, 12, 13, 14, 15, 16, 17, 18, 19, 20, 21, 22, 23, 24, 25, 26, 27, 28, 29, 30]","[16, 32, 64, 128]","[5, 10, 15, 20]","[2, 3, 5, 7]","[2, 4, 8]",anneal,minimize,local
bkcda5s4,40,264,1779243236095,,/home/meliani/nni-experiments/bkcda5s4,12,exp_anneal_80_mat_only_mat_only,hpo,/home/meliani/Desktop/phd/fast-track/search_space.json,python3 trial.py --data ./mat_only.csv,/home/meliani/Desktop/phd/fast-track,1,360000s,80,False,False,info,/home/meliani/nni-experiments,"['LSTM', 'GRU', 'CNN', 'RNN', 'TCN', 'Transformer', 'MLP']","[16, 32, 64, 128, 256]","[1, 2, 3, 4]","[0, 0.1, 0.2, 0.3, 0.5]","['relu', 'tanh', 'sigmoid', 'elu']","[1e-05, 0.01]","[2, 3, 4, 5, 6, 7, 8, 9, 10, 11, 12, 13, 14, 15, 16, 17, 18, 19, 20, 21, 22, 23, 24, 25, 26, 27, 28, 29, 30]","[16, 32, 64, 128]","[5, 10, 15, 20]","[2, 3, 5, 7]","[2, 4, 8]",anneal,minimize,local
bkcda5s4,41,270,1779243236095,,/home/meliani/nni-experiments/bkcda5s4,12,exp_anneal_80_mat_only_mat_only,hpo,/home/meliani/Desktop/phd/fast-track/search_space.json,python3 trial.py --data ./mat_only.csv,/home/meliani/Desktop/phd/fast-track,1,360000s,80,False,False,info,/home/meliani/nni-experiments,"['LSTM', 'GRU', 'CNN', 'RNN', 'TCN', 'Transformer', 'MLP']","[16, 32, 64, 128, 256]","[1, 2, 3, 4]","[0, 0.1, 0.2, 0.3, 0.5]","['relu', 'tanh', 'sigmoid', 'elu']","[1e-05, 0.01]","[2, 3, 4, 5, 6, 7, 8, 9, 10, 11, 12, 13, 14, 15, 16, 17, 18, 19, 20, 21, 22, 23, 24, 25, 26, 27, 28, 29, 30]","[16, 32, 64, 128]","[5, 10, 15, 20]","[2, 3, 5, 7]","[2, 4, 8]",anneal,minimize,local
bkcda5s4,42,273,1779243236095,,/home/meliani/nni-experiments/bkcda5s4,13,exp_anneal_80_mat_only_mat_only,hpo,/home/meliani/Desktop/phd/fast-track/search_space.json,python3 trial.py --data ./mat_only.csv,/home/meliani/Desktop/phd/fast-track,1,360000s,80,False,False,info,/home/meliani/nni-experiments,"['LSTM', 'GRU', 'CNN', 'RNN', 'TCN', 'Transformer', 'MLP']","[16, 32, 64, 128, 256]","[1, 2, 3, 4]","[0, 0.1, 0.2, 0.3, 0.5]","['relu', 'tanh', 'sigmoid', 'elu']","[1e-05, 0.01]","[2, 3, 4, 5, 6, 7, 8, 9, 10, 11, 12, 13, 14, 15, 16, 17, 18, 19, 20, 21, 22, 23, 24, 25, 26, 27, 28, 29, 30]","[16, 32, 64, 128]","[5, 10, 15, 20]","[2, 3, 5, 7]","[2, 4, 8]",anneal,minimize,local
bkcda5s4,43,280,1779243236095,,/home/meliani/nni-experiments/bkcda5s4,13,exp_anneal_80_mat_only_mat_only,hpo,/home/meliani/Desktop/phd/fast-track/search_space.json,python3 trial.py --data ./mat_only.csv,/home/meliani/Desktop/phd/fast-track,1,360000s,80,False,False,info,/home/meliani/nni-experiments,"['LSTM', 'GRU', 'CNN', 'RNN', 'TCN', 'Transformer', 'MLP']","[16, 32, 64, 128, 256]","[1, 2, 3, 4]","[0, 0.1, 0.2, 0.3, 0.5]","['relu', 'tanh', 'sigmoid', 'elu']","[1e-05, 0.01]","[2, 3, 4, 5, 6, 7, 8, 9, 10, 11, 12, 13, 14, 15, 16, 17, 18, 19, 20, 21, 22, 23, 24, 25, 26, 27, 28, 29, 30]","[16, 32, 64, 128]","[5, 10, 15, 20]","[2, 3, 5, 7]","[2, 4, 8]",anneal,minimize,local
bkcda5s4,44,287,1779243236095,,/home/meliani/nni-experiments/bkcda5s4,14,exp_anneal_80_mat_only_mat_only,hpo,/home/meliani/Desktop/phd/fast-track/search_space.json,python3 trial.py --data ./mat_only.csv,/home/meliani/Desktop/phd/fast-track,1,360000s,80,False,False,info,/home/meliani/nni-experiments,"['LSTM', 'GRU', 'CNN', 'RNN', 'TCN', 'Transformer', 'MLP']","[16, 32, 64, 128, 256]","[1, 2, 3, 4]","[0, 0.1, 0.2, 0.3, 0.5]","['relu', 'tanh', 'sigmoid', 'elu']","[1e-05, 0.01]","[2, 3, 4, 5, 6, 7, 8, 9, 10, 11, 12, 13, 14, 15, 16, 17, 18, 19, 20, 21, 22, 23, 24, 25, 26, 27, 28, 29, 30]","[16, 32, 64, 128]","[5, 10, 15, 20]","[2, 3, 5, 7]","[2, 4, 8]",anneal,minimize,local
bkcda5s4,45,290,1779243236095,,/home/meliani/nni-experiments/bkcda5s4,14,exp_anneal_80_mat_only_mat_only,hpo,/home/meliani/Desktop/phd/fast-track/search_space.json,python3 trial.py --data ./mat_only.csv,/home/meliani/Desktop/phd/fast-track,1,360000s,80,False,False,info,/home/meliani/nni-experiments,"['LSTM', 'GRU', 'CNN', 'RNN', 'TCN', 'Transformer', 'MLP']","[16, 32, 64, 128, 256]","[1, 2, 3, 4]","[0, 0.1, 0.2, 0.3, 0.5]","['relu', 'tanh', 'sigmoid', 'elu']","[1e-05, 0.01]","[2, 3, 4, 5, 6, 7, 8, 9, 10, 11, 12, 13, 14, 15, 16, 17, 18, 19, 20, 21, 22, 23, 24, 25, 26, 27, 28, 29, 30]","[16, 32, 64, 128]","[5, 10, 15, 20]","[2, 3, 5, 7]","[2, 4, 8]",anneal,minimize,local
bkcda5s4,46,300,1779243236095,,/home/meliani/nni-experiments/bkcda5s4,14,exp_anneal_80_mat_only_mat_only,hpo,/home/meliani/Desktop/phd/fast-track/search_space.json,python3 trial.py --data ./mat_only.csv,/home/meliani/Desktop/phd/fast-track,1,360000s,80,False,False,info,/home/meliani/nni-experiments,"['LSTM', 'GRU', 'CNN', 'RNN', 'TCN', 'Transformer', 'MLP']","[16, 32, 64, 128, 256]","[1, 2, 3, 4]","[0, 0.1, 0.2, 0.3, 0.5]","['relu', 'tanh', 'sigmoid', 'elu']","[1e-05, 0.01]","[2, 3, 4, 5, 6, 7, 8, 9, 10, 11, 12, 13, 14, 15, 16, 17, 18, 19, 20, 21, 22, 23, 24, 25, 26, 27, 28, 29, 30]","[16, 32, 64, 128]","[5, 10, 15, 20]","[2, 3, 5, 7]","[2, 4, 8]",anneal,minimize,local
bkcda5s4,47,309,1779243236095,,/home/meliani/nni-experiments/bkcda5s4,15,exp_anneal_80_mat_only_mat_only,hpo,/home/meliani/Desktop/phd/fast-track/search_space.json,python3 trial.py --data ./mat_only.csv,/home/meliani/Desktop/phd/fast-track,1,360000s,80,False,False,info,/home/meliani/nni-experiments,"['LSTM', 'GRU', 'CNN', 'RNN', 'TCN', 'Transformer', 'MLP']","[16, 32, 64, 128, 256]","[1, 2, 3, 4]","[0, 0.1, 0.2, 0.3, 0.5]","['relu', 'tanh', 'sigmoid', 'elu']","[1e-05, 0.01]","[2, 3, 4, 5, 6, 7, 8, 9, 10, 11, 12, 13, 14, 15, 16, 17, 18, 19, 20, 21, 22, 23, 24, 25, 26, 27, 28, 29, 30]","[16, 32, 64, 128]","[5, 10, 15, 20]","[2, 3, 5, 7]","[2, 4, 8]",anneal,minimize,local
bkcda5s4,48,310,1779243236095,,/home/meliani/nni-experiments/bkcda5s4,15,exp_anneal_80_mat_only_mat_only,hpo,/home/meliani/Desktop/phd/fast-track/search_space.json,python3 trial.py --data ./mat_only.csv,/home/meliani/Desktop/phd/fast-track,1,360000s,80,False,False,info,/home/meliani/nni-experiments,"['LSTM', 'GRU', 'CNN', 'RNN', 'TCN', 'Transformer', 'MLP']","[16, 32, 64, 128, 256]","[1, 2, 3, 4]","[0, 0.1, 0.2, 0.3, 0.5]","['relu', 'tanh', 'sigmoid', 'elu']","[1e-05, 0.01]","[2, 3, 4, 5, 6, 7, 8, 9, 10, 11, 12, 13, 14, 15, 16, 17, 18, 19, 20, 21, 22, 23, 24, 25, 26, 27, 28, 29, 30]","[16, 32, 64, 128]","[5, 10, 15, 20]","[2, 3, 5, 7]","[2, 4, 8]",anneal,minimize,local
bkcda5s4,49,320,1779243236095,,/home/meliani/nni-experiments/bkcda5s4,15,exp_anneal_80_mat_only_mat_only,hpo,/home/meliani/Desktop/phd/fast-track/search_space.json,python3 trial.py --data ./mat_only.csv,/home/meliani/Desktop/phd/fast-track,1,360000s,80,False,False,info,/home/meliani/nni-experiments,"['LSTM', 'GRU', 'CNN', 'RNN', 'TCN', 'Transformer', 'MLP']","[16, 32, 64, 128, 256]","[1, 2, 3, 4]","[0, 0.1, 0.2, 0.3, 0.5]","['relu', 'tanh', 'sigmoid', 'elu']","[1e-05, 0.01]","[2, 3, 4, 5, 6, 7, 8, 9, 10, 11, 12, 13, 14, 15, 16, 17, 18, 19, 20, 21, 22, 23, 24, 25, 26, 27, 28, 29, 30]","[16, 32, 64, 128]","[5, 10, 15, 20]","[2, 3, 5, 7]","[2, 4, 8]",anneal,minimize,local
bkcda5s4,50,330,1779243236095,,/home/meliani/nni-experiments/bkcda5s4,15,exp_anneal_80_mat_only_mat_only,hpo,/home/meliani/Desktop/phd/fast-track/search_space.json,python3 trial.py --data ./mat_only.csv,/home/meliani/Desktop/phd/fast-track,1,360000s,80,False,False,info,/home/meliani/nni-experiments,"['LSTM', 'GRU', 'CNN', 'RNN', 'TCN', 'Transformer', 'MLP']","[16, 32, 64, 128, 256]","[1, 2, 3, 4]","[0, 0.1, 0.2, 0.3, 0.5]","['relu', 'tanh', 'sigmoid', 'elu']","[1e-05, 0.01]","[2, 3, 4, 5, 6, 7, 8, 9, 10, 11, 12, 13, 14, 15, 16, 17, 18, 19, 20, 21, 22, 23, 24, 25, 26, 27, 28, 29, 30]","[16, 32, 64, 128]","[5, 10, 15, 20]","[2, 3, 5, 7]","[2, 4, 8]",anneal,minimize,local
bkcda5s4,51,332,1779243236095,,/home/meliani/nni-experiments/bkcda5s4,16,exp_anneal_80_mat_only_mat_only,hpo,/home/meliani/Desktop/phd/fast-track/search_space.json,python3 trial.py --data ./mat_only.csv,/home/meliani/Desktop/phd/fast-track,1,360000s,80,False,False,info,/home/meliani/nni-experiments,"['LSTM', 'GRU', 'CNN', 'RNN', 'TCN', 'Transformer', 'MLP']","[16, 32, 64, 128, 256]","[1, 2, 3, 4]","[0, 0.1, 0.2, 0.3, 0.5]","['relu', 'tanh', 'sigmoid', 'elu']","[1e-05, 0.01]","[2, 3, 4, 5, 6, 7, 8, 9, 10, 11, 12, 13, 14, 15, 16, 17, 18, 19, 20, 21, 22, 23, 24, 25, 26, 27, 28, 29, 30]","[16, 32, 64, 128]","[5, 10, 15, 20]","[2, 3, 5, 7]","[2, 4, 8]",anneal,minimize,local
bkcda5s4,52,340,1779243236095,,/home/meliani/nni-experiments/bkcda5s4,16,exp_anneal_80_mat_only_mat_only,hpo,/home/meliani/Desktop/phd/fast-track/search_space.json,python3 trial.py --data ./mat_only.csv,/home/meliani/Desktop/phd/fast-track,1,360000s,80,False,False,info,/home/meliani/nni-experiments,"['LSTM', 'GRU', 'CNN', 'RNN', 'TCN', 'Transformer', 'MLP']","[16, 32, 64, 128, 256]","[1, 2, 3, 4]","[0, 0.1, 0.2, 0.3, 0.5]","['relu', 'tanh', 'sigmoid', 'elu']","[1e-05, 0.01]","[2, 3, 4, 5, 6, 7, 8, 9, 10, 11, 12, 13, 14, 15, 16, 17, 18, 19, 20, 21, 22, 23, 24, 25, 26, 27, 28, 29, 30]","[16, 32, 64, 128]","[5, 10, 15, 20]","[2, 3, 5, 7]","[2, 4, 8]",anneal,minimize,local
bkcda5s4,53,350,1779243236095,,/home/meliani/nni-experiments/bkcda5s4,16,exp_anneal_80_mat_only_mat_only,hpo,/home/meliani/Desktop/phd/fast-track/search_space.json,python3 trial.py --data ./mat_only.csv,/home/meliani/Desktop/phd/fast-track,1,360000s,80,False,False,info,/home/meliani/nni-experiments,"['LSTM', 'GRU', 'CNN', 'RNN', 'TCN', 'Transformer', 'MLP']","[16, 32, 64, 128, 256]","[1, 2, 3, 4]","[0, 0.1, 0.2, 0.3, 0.5]","['relu', 'tanh', 'sigmoid', 'elu']","[1e-05, 0.01]","[2, 3, 4, 5, 6, 7, 8, 9, 10, 11, 12, 13, 14, 15, 16, 17, 18, 19, 20, 21, 22, 23, 24, 25, 26, 27, 28, 29, 30]","[16, 32, 64, 128]","[5, 10, 15, 20]","[2, 3, 5, 7]","[2, 4, 8]",anneal,minimize,local
bkcda5s4,54,355,1779243236095,,/home/meliani/nni-experiments/bkcda5s4,17,exp_anneal_80_mat_only_mat_only,hpo,/home/meliani/Desktop/phd/fast-track/search_space.json,python3 trial.py --data ./mat_only.csv,/home/meliani/Desktop/phd/fast-track,1,360000s,80,False,False,info,/home/meliani/nni-experiments,"['LSTM', 'GRU', 'CNN', 'RNN', 'TCN', 'Transformer', 'MLP']","[16, 32, 64, 128, 256]","[1, 2, 3, 4]","[0, 0.1, 0.2, 0.3, 0.5]","['relu', 'tanh', 'sigmoid', 'elu']","[1e-05, 0.01]","[2, 3, 4, 5, 6, 7, 8, 9, 10, 11, 12, 13, 14, 15, 16, 17, 18, 19, 20, 21, 22, 23, 24, 25, 26, 27, 28, 29, 30]","[16, 32, 64, 128]","[5, 10, 15, 20]","[2, 3, 5, 7]","[2, 4, 8]",anneal,minimize,local
bkcda5s4,55,360,1779243236095,,/home/meliani/nni-experiments/bkcda5s4,17,exp_anneal_80_mat_only_mat_only,hpo,/home/meliani/Desktop/phd/fast-track/search_space.json,python3 trial.py --data ./mat_only.csv,/home/meliani/Desktop/phd/fast-track,1,360000s,80,False,False,info,/home/meliani/nni-experiments,"['LSTM', 'GRU', 'CNN', 'RNN', 'TCN', 'Transformer', 'MLP']","[16, 32, 64, 128, 256]","[1, 2, 3, 4]","[0, 0.1, 0.2, 0.3, 0.5]","['relu', 'tanh', 'sigmoid', 'elu']","[1e-05, 0.01]","[2, 3, 4, 5, 6, 7, 8, 9, 10, 11, 12, 13, 14, 15, 16, 17, 18, 19, 20, 21, 22, 23, 24, 25, 26, 27, 28, 29, 30]","[16, 32, 64, 128]","[5, 10, 15, 20]","[2, 3, 5, 7]","[2, 4, 8]",anneal,minimize,local
bkcda5s4,56,370,1779243236095,,/home/meliani/nni-experiments/bkcda5s4,17,exp_anneal_80_mat_only_mat_only,hpo,/home/meliani/Desktop/phd/fast-track/search_space.json,python3 trial.py --data ./mat_only.csv,/home/meliani/Desktop/phd/fast-track,1,360000s,80,False,False,info,/home/meliani/nni-experiments,"['LSTM', 'GRU', 'CNN', 'RNN', 'TCN', 'Transformer', 'MLP']","[16, 32, 64, 128, 256]","[1, 2, 3, 4]","[0, 0.1, 0.2, 0.3, 0.5]","['relu', 'tanh', 'sigmoid', 'elu']","[1e-05, 0.01]","[2, 3, 4, 5, 6, 7, 8, 9, 10, 11, 12, 13, 14, 15, 16, 17, 18, 19, 20, 21, 22, 23, 24, 25, 26, 27, 28, 29, 30]","[16, 32, 64, 128]","[5, 10, 15, 20]","[2, 3, 5, 7]","[2, 4, 8]",anneal,minimize,local
bkcda5s4,57,380,1779243236095,,/home/meliani/nni-experiments/bkcda5s4,17,exp_anneal_80_mat_only_mat_only,hpo,/home/meliani/Desktop/phd/fast-track/search_space.json,python3 trial.py --data ./mat_only.csv,/home/meliani/Desktop/phd/fast-track,1,360000s,80,False,False,info,/home/meliani/nni-experiments,"['LSTM', 'GRU', 'CNN', 'RNN', 'TCN', 'Transformer', 'MLP']","[16, 32, 64, 128, 256]","[1, 2, 3, 4]","[0, 0.1, 0.2, 0.3, 0.5]","['relu', 'tanh', 'sigmoid', 'elu']","[1e-05, 0.01]","[2, 3, 4, 5, 6, 7, 8, 9, 10, 11, 12, 13, 14, 15, 16, 17, 18, 19, 20, 21, 22, 23, 24, 25, 26, 27, 28, 29, 30]","[16, 32, 64, 128]","[5, 10, 15, 20]","[2, 3, 5, 7]","[2, 4, 8]",anneal,minimize,local
bkcda5s4,58,390,1779243236095,,/home/meliani/nni-experiments/bkcda5s4,17,exp_anneal_80_mat_only_mat_only,hpo,/home/meliani/Desktop/phd/fast-track/search_space.json,python3 trial.py --data ./mat_only.csv,/home/meliani/Desktop/phd/fast-track,1,360000s,80,False,False,info,/home/meliani/nni-experiments,"['LSTM', 'GRU', 'CNN', 'RNN', 'TCN', 'Transformer', 'MLP']","[16, 32, 64, 128, 256]","[1, 2, 3, 4]","[0, 0.1, 0.2, 0.3, 0.5]","['relu', 'tanh', 'sigmoid', 'elu']","[1e-05, 0.01]","[2, 3, 4, 5, 6, 7, 8, 9, 10, 11, 12, 13, 14, 15, 16, 17, 18, 19, 20, 21, 22, 23, 24, 25, 26, 27, 28, 29, 30]","[16, 32, 64, 128]","[5, 10, 15, 20]","[2, 3, 5, 7]","[2, 4, 8]",anneal,minimize,local
bkcda5s4,59,400,1779243236095,,/home/meliani/nni-experiments/bkcda5s4,17,exp_anneal_80_mat_only_mat_only,hpo,/home/meliani/Desktop/phd/fast-track/search_space.json,python3 trial.py --data ./mat_only.csv,/home/meliani/Desktop/phd/fast-track,1,360000s,80,False,False,info,/home/meliani/nni-experiments,"['LSTM', 'GRU', 'CNN', 'RNN', 'TCN', 'Transformer', 'MLP']","[16, 32, 64, 128, 256]","[1, 2, 3, 4]","[0, 0.1, 0.2, 0.3, 0.5]","['relu', 'tanh', 'sigmoid', 'elu']","[1e-05, 0.01]","[2, 3, 4, 5, 6, 7, 8, 9, 10, 11, 12, 13, 14, 15, 16, 17, 18, 19, 20, 21, 22, 23, 24, 25, 26, 27, 28, 29, 30]","[16, 32, 64, 128]","[5, 10, 15, 20]","[2, 3, 5, 7]","[2, 4, 8]",anneal,minimize,local
bkcda5s4,60,410,1779243236095,,/home/meliani/nni-experiments/bkcda5s4,17,exp_anneal_80_mat_only_mat_only,hpo,/home/meliani/Desktop/phd/fast-track/search_space.json,python3 trial.py --data ./mat_only.csv,/home/meliani/Desktop/phd/fast-track,1,360000s,80,False,False,info,/home/meliani/nni-experiments,"['LSTM', 'GRU', 'CNN', 'RNN', 'TCN', 'Transformer', 'MLP']","[16, 32, 64, 128, 256]","[1, 2, 3, 4]","[0, 0.1, 0.2, 0.3, 0.5]","['relu', 'tanh', 'sigmoid', 'elu']","[1e-05, 0.01]","[2, 3, 4, 5, 6, 7, 8, 9, 10, 11, 12, 13, 14, 15, 16, 17, 18, 19, 20, 21, 22, 23, 24, 25, 26, 27, 28, 29, 30]","[16, 32, 64, 128]","[5, 10, 15, 20]","[2, 3, 5, 7]","[2, 4, 8]",anneal,minimize,local
bkcda5s4,61,420,1779243236095,,/home/meliani/nni-experiments/bkcda5s4,17,exp_anneal_80_mat_only_mat_only,hpo,/home/meliani/Desktop/phd/fast-track/search_space.json,python3 trial.py --data ./mat_only.csv,/home/meliani/Desktop/phd/fast-track,1,360000s,80,False,False,info,/home/meliani/nni-experiments,"['LSTM', 'GRU', 'CNN', 'RNN', 'TCN', 'Transformer', 'MLP']","[16, 32, 64, 128, 256]","[1, 2, 3, 4]","[0, 0.1, 0.2, 0.3, 0.5]","['relu', 'tanh', 'sigmoid', 'elu']","[1e-05, 0.01]","[2, 3, 4, 5, 6, 7, 8, 9, 10, 11, 12, 13, 14, 15, 16, 17, 18, 19, 20, 21, 22, 23, 24, 25, 26, 27, 28, 29, 30]","[16, 32, 64, 128]","[5, 10, 15, 20]","[2, 3, 5, 7]","[2, 4, 8]",anneal,minimize,local
bkcda5s4,62,430,1779243236095,,/home/meliani/nni-experiments/bkcda5s4,17,exp_anneal_80_mat_only_mat_only,hpo,/home/meliani/Desktop/phd/fast-track/search_space.json,python3 trial.py --data ./mat_only.csv,/home/meliani/Desktop/phd/fast-track,1,360000s,80,False,False,info,/home/meliani/nni-experiments,"['LSTM', 'GRU', 'CNN', 'RNN', 'TCN', 'Transformer', 'MLP']","[16, 32, 64, 128, 256]","[1, 2, 3, 4]","[0, 0.1, 0.2, 0.3, 0.5]","['relu', 'tanh', 'sigmoid', 'elu']","[1e-05, 0.01]","[2, 3, 4, 5, 6, 7, 8, 9, 10, 11, 12, 13, 14, 15, 16, 17, 18, 19, 20, 21, 22, 23, 24, 25, 26, 27, 28, 29, 30]","[16, 32, 64, 128]","[5, 10, 15, 20]","[2, 3, 5, 7]","[2, 4, 8]",anneal,minimize,local
bkcda5s4,63,440,1779243236095,,/home/meliani/nni-experiments/bkcda5s4,17,exp_anneal_80_mat_only_mat_only,hpo,/home/meliani/Desktop/phd/fast-track/search_space.json,python3 trial.py --data ./mat_only.csv,/home/meliani/Desktop/phd/fast-track,1,360000s,80,False,False,info,/home/meliani/nni-experiments,"['LSTM', 'GRU', 'CNN', 'RNN', 'TCN', 'Transformer', 'MLP']","[16, 32, 64, 128, 256]","[1, 2, 3, 4]","[0, 0.1, 0.2, 0.3, 0.5]","['relu', 'tanh', 'sigmoid', 'elu']","[1e-05, 0.01]","[2, 3, 4, 5, 6, 7, 8, 9, 10, 11, 12, 13, 14, 15, 16, 17, 18, 19, 20, 21, 22, 23, 24, 25, 26, 27, 28, 29, 30]","[16, 32, 64, 128]","[5, 10, 15, 20]","[2, 3, 5, 7]","[2, 4, 8]",anneal,minimize,local
bkcda5s4,64,450,1779243236095,,/home/meliani/nni-experiments/bkcda5s4,17,exp_anneal_80_mat_only_mat_only,hpo,/home/meliani/Desktop/phd/fast-track/search_space.json,python3 trial.py --data ./mat_only.csv,/home/meliani/Desktop/phd/fast-track,1,360000s,80,False,False,info,/home/meliani/nni-experiments,"['LSTM', 'GRU', 'CNN', 'RNN', 'TCN', 'Transformer', 'MLP']","[16, 32, 64, 128, 256]","[1, 2, 3, 4]","[0, 0.1, 0.2, 0.3, 0.5]","['relu', 'tanh', 'sigmoid', 'elu']","[1e-05, 0.01]","[2, 3, 4, 5, 6, 7, 8, 9, 10, 11, 12, 13, 14, 15, 16, 17, 18, 19, 20, 21, 22, 23, 24, 25, 26, 27, 28, 29, 30]","[16, 32, 64, 128]","[5, 10, 15, 20]","[2, 3, 5, 7]","[2, 4, 8]",anneal,minimize,local
bkcda5s4,65,460,1779243236095,,/home/meliani/nni-experiments/bkcda5s4,17,exp_anneal_80_mat_only_mat_only,hpo,/home/meliani/Desktop/phd/fast-track/search_space.json,python3 trial.py --data ./mat_only.csv,/home/meliani/Desktop/phd/fast-track,1,360000s,80,False,False,info,/home/meliani/nni-experiments,"['LSTM', 'GRU', 'CNN', 'RNN', 'TCN', 'Transformer', 'MLP']","[16, 32, 64, 128, 256]","[1, 2, 3, 4]","[0, 0.1, 0.2, 0.3, 0.5]","['relu', 'tanh', 'sigmoid', 'elu']","[1e-05, 0.01]","[2, 3, 4, 5, 6, 7, 8, 9, 10, 11, 12, 13, 14, 15, 16, 17, 18, 19, 20, 21, 22, 23, 24, 25, 26, 27, 28, 29, 30]","[16, 32, 64, 128]","[5, 10, 15, 20]","[2, 3, 5, 7]","[2, 4, 8]",anneal,minimize,local
bkcda5s4,66,470,1779243236095,,/home/meliani/nni-experiments/bkcda5s4,17,exp_anneal_80_mat_only_mat_only,hpo,/home/meliani/Desktop/phd/fast-track/search_space.json,python3 trial.py --data ./mat_only.csv,/home/meliani/Desktop/phd/fast-track,1,360000s,80,False,False,info,/home/meliani/nni-experiments,"['LSTM', 'GRU', 'CNN', 'RNN', 'TCN', 'Transformer', 'MLP']","[16, 32, 64, 128, 256]","[1, 2, 3, 4]","[0, 0.1, 0.2, 0.3, 0.5]","['relu', 'tanh', 'sigmoid', 'elu']","[1e-05, 0.01]","[2, 3, 4, 5, 6, 7, 8, 9, 10, 11, 12, 13, 14, 15, 16, 17, 18, 19, 20, 21, 22, 23, 24, 25, 26, 27, 28, 29, 30]","[16, 32, 64, 128]","[5, 10, 15, 20]","[2, 3, 5, 7]","[2, 4, 8]",anneal,minimize,local
bkcda5s4,67,480,1779243236095,,/home/meliani/nni-experiments/bkcda5s4,17,exp_anneal_80_mat_only_mat_only,hpo,/home/meliani/Desktop/phd/fast-track/search_space.json,python3 trial.py --data ./mat_only.csv,/home/meliani/Desktop/phd/fast-track,1,360000s,80,False,False,info,/home/meliani/nni-experiments,"['LSTM', 'GRU', 'CNN', 'RNN', 'TCN', 'Transformer', 'MLP']","[16, 32, 64, 128, 256]","[1, 2, 3, 4]","[0, 0.1, 0.2, 0.3, 0.5]","['relu', 'tanh', 'sigmoid', 'elu']","[1e-05, 0.01]","[2, 3, 4, 5, 6, 7, 8, 9, 10, 11, 12, 13, 14, 15, 16, 17, 18, 19, 20, 21, 22, 23, 24, 25, 26, 27, 28, 29, 30]","[16, 32, 64, 128]","[5, 10, 15, 20]","[2, 3, 5, 7]","[2, 4, 8]",anneal,minimize,local
bkcda5s4,68,485,1779243236095,,/home/meliani/nni-experiments/bkcda5s4,18,exp_anneal_80_mat_only_mat_only,hpo,/home/meliani/Desktop/phd/fast-track/search_space.json,python3 trial.py --data ./mat_only.csv,/home/meliani/Desktop/phd/fast-track,1,360000s,80,False,False,info,/home/meliani/nni-experiments,"['LSTM', 'GRU', 'CNN', 'RNN', 'TCN', 'Transformer', 'MLP']","[16, 32, 64, 128, 256]","[1, 2, 3, 4]","[0, 0.1, 0.2, 0.3, 0.5]","['relu', 'tanh', 'sigmoid', 'elu']","[1e-05, 0.01]","[2, 3, 4, 5, 6, 7, 8, 9, 10, 11, 12, 13, 14, 15, 16, 17, 18, 19, 20, 21, 22, 23, 24, 25, 26, 27, 28, 29, 30]","[16, 32, 64, 128]","[5, 10, 15, 20]","[2, 3, 5, 7]","[2, 4, 8]",anneal,minimize,local
bkcda5s4,69,490,1779243236095,,/home/meliani/nni-experiments/bkcda5s4,18,exp_anneal_80_mat_only_mat_only,hpo,/home/meliani/Desktop/phd/fast-track/search_space.json,python3 trial.py --data ./mat_only.csv,/home/meliani/Desktop/phd/fast-track,1,360000s,80,False,False,info,/home/meliani/nni-experiments,"['LSTM', 'GRU', 'CNN', 'RNN', 'TCN', 'Transformer', 'MLP']","[16, 32, 64, 128, 256]","[1, 2, 3, 4]","[0, 0.1, 0.2, 0.3, 0.5]","['relu', 'tanh', 'sigmoid', 'elu']","[1e-05, 0.01]","[2, 3, 4, 5, 6, 7, 8, 9, 10, 11, 12, 13, 14, 15, 16, 17, 18, 19, 20, 21, 22, 23, 24, 25, 26, 27, 28, 29, 30]","[16, 32, 64, 128]","[5, 10, 15, 20]","[2, 3, 5, 7]","[2, 4, 8]",anneal,minimize,local
bkcda5s4,70,499,1779243236095,,/home/meliani/nni-experiments/bkcda5s4,19,exp_anneal_80_mat_only_mat_only,hpo,/home/meliani/Desktop/phd/fast-track/search_space.json,python3 trial.py --data ./mat_only.csv,/home/meliani/Desktop/phd/fast-track,1,360000s,80,False,False,info,/home/meliani/nni-experiments,"['LSTM', 'GRU', 'CNN', 'RNN', 'TCN', 'Transformer', 'MLP']","[16, 32, 64, 128, 256]","[1, 2, 3, 4]","[0, 0.1, 0.2, 0.3, 0.5]","['relu', 'tanh', 'sigmoid', 'elu']","[1e-05, 0.01]","[2, 3, 4, 5, 6, 7, 8, 9, 10, 11, 12, 13, 14, 15, 16, 17, 18, 19, 20, 21, 22, 23, 24, 25, 26, 27, 28, 29, 30]","[16, 32, 64, 128]","[5, 10, 15, 20]","[2, 3, 5, 7]","[2, 4, 8]",anneal,minimize,local
bkcda5s4,71,500,1779243236095,,/home/meliani/nni-experiments/bkcda5s4,19,exp_anneal_80_mat_only_mat_only,hpo,/home/meliani/Desktop/phd/fast-track/search_space.json,python3 trial.py --data ./mat_only.csv,/home/meliani/Desktop/phd/fast-track,1,360000s,80,False,False,info,/home/meliani/nni-experiments,"['LSTM', 'GRU', 'CNN', 'RNN', 'TCN', 'Transformer', 'MLP']","[16, 32, 64, 128, 256]","[1, 2, 3, 4]","[0, 0.1, 0.2, 0.3, 0.5]","['relu', 'tanh', 'sigmoid', 'elu']","[1e-05, 0.01]","[2, 3, 4, 5, 6, 7, 8, 9, 10, 11, 12, 13, 14, 15, 16, 17, 18, 19, 20, 21, 22, 23, 24, 25, 26, 27, 28, 29, 30]","[16, 32, 64, 128]","[5, 10, 15, 20]","[2, 3, 5, 7]","[2, 4, 8]",anneal,minimize,local
bkcda5s4,72,510,1779243236095,,/home/meliani/nni-experiments/bkcda5s4,19,exp_anneal_80_mat_only_mat_only,hpo,/home/meliani/Desktop/phd/fast-track/search_space.json,python3 trial.py --data ./mat_only.csv,/home/meliani/Desktop/phd/fast-track,1,360000s,80,False,False,info,/home/meliani/nni-experiments,"['LSTM', 'GRU', 'CNN', 'RNN', 'TCN', 'Transformer', 'MLP']","[16, 32, 64, 128, 256]","[1, 2, 3, 4]","[0, 0.1, 0.2, 0.3, 0.5]","['relu', 'tanh', 'sigmoid', 'elu']","[1e-05, 0.01]","[2, 3, 4, 5, 6, 7, 8, 9, 10, 11, 12, 13, 14, 15, 16, 17, 18, 19, 20, 21, 22, 23, 24, 25, 26, 27, 28, 29, 30]","[16, 32, 64, 128]","[5, 10, 15, 20]","[2, 3, 5, 7]","[2, 4, 8]",anneal,minimize,local
bkcda5s4,73,512,1779243236095,,/home/meliani/nni-experiments/bkcda5s4,20,exp_anneal_80_mat_only_mat_only,hpo,/home/meliani/Desktop/phd/fast-track/search_space.json,python3 trial.py --data ./mat_only.csv,/home/meliani/Desktop/phd/fast-track,1,360000s,80,False,False,info,/home/meliani/nni-experiments,"['LSTM', 'GRU', 'CNN', 'RNN', 'TCN', 'Transformer', 'MLP']","[16, 32, 64, 128, 256]","[1, 2, 3, 4]","[0, 0.1, 0.2, 0.3, 0.5]","['relu', 'tanh', 'sigmoid', 'elu']","[1e-05, 0.01]","[2, 3, 4, 5, 6, 7, 8, 9, 10, 11, 12, 13, 14, 15, 16, 17, 18, 19, 20, 21, 22, 23, 24, 25, 26, 27, 28, 29, 30]","[16, 32, 64, 128]","[5, 10, 15, 20]","[2, 3, 5, 7]","[2, 4, 8]",anneal,minimize,local
bkcda5s4,74,520,1779243236095,,/home/meliani/nni-experiments/bkcda5s4,20,exp_anneal_80_mat_only_mat_only,hpo,/home/meliani/Desktop/phd/fast-track/search_space.json,python3 trial.py --data ./mat_only.csv,/home/meliani/Desktop/phd/fast-track,1,360000s,80,False,False,info,/home/meliani/nni-experiments,"['LSTM', 'GRU', 'CNN', 'RNN', 'TCN', 'Transformer', 'MLP']","[16, 32, 64, 128, 256]","[1, 2, 3, 4]","[0, 0.1, 0.2, 0.3, 0.5]","['relu', 'tanh', 'sigmoid', 'elu']","[1e-05, 0.01]","[2, 3, 4, 5, 6, 7, 8, 9, 10, 11, 12, 13, 14, 15, 16, 17, 18, 19, 20, 21, 22, 23, 24, 25, 26, 27, 28, 29, 30]","[16, 32, 64, 128]","[5, 10, 15, 20]","[2, 3, 5, 7]","[2, 4, 8]",anneal,minimize,local
bkcda5s4,75,530,1779243236095,,/home/meliani/nni-experiments/bkcda5s4,20,exp_anneal_80_mat_only_mat_only,hpo,/home/meliani/Desktop/phd/fast-track/search_space.json,python3 trial.py --data ./mat_only.csv,/home/meliani/Desktop/phd/fast-track,1,360000s,80,False,False,info,/home/meliani/nni-experiments,"['LSTM', 'GRU', 'CNN', 'RNN', 'TCN', 'Transformer', 'MLP']","[16, 32, 64, 128, 256]","[1, 2, 3, 4]","[0, 0.1, 0.2, 0.3, 0.5]","['relu', 'tanh', 'sigmoid', 'elu']","[1e-05, 0.01]","[2, 3, 4, 5, 6, 7, 8, 9, 10, 11, 12, 13, 14, 15, 16, 17, 18, 19, 20, 21, 22, 23, 24, 25, 26, 27, 28, 29, 30]","[16, 32, 64, 128]","[5, 10, 15, 20]","[2, 3, 5, 7]","[2, 4, 8]",anneal,minimize,local
bkcda5s4,76,540,1779243236095,,/home/meliani/nni-experiments/bkcda5s4,20,exp_anneal_80_mat_only_mat_only,hpo,/home/meliani/Desktop/phd/fast-track/search_space.json,python3 trial.py --data ./mat_only.csv,/home/meliani/Desktop/phd/fast-track,1,360000s,80,False,False,info,/home/meliani/nni-experiments,"['LSTM', 'GRU', 'CNN', 'RNN', 'TCN', 'Transformer', 'MLP']","[16, 32, 64, 128, 256]","[1, 2, 3, 4]","[0, 0.1, 0.2, 0.3, 0.5]","['relu', 'tanh', 'sigmoid', 'elu']","[1e-05, 0.01]","[2, 3, 4, 5, 6, 7, 8, 9, 10, 11, 12, 13, 14, 15, 16, 17, 18, 19, 20, 21, 22, 23, 24, 25, 26, 27, 28, 29, 30]","[16, 32, 64, 128]","[5, 10, 15, 20]","[2, 3, 5, 7]","[2, 4, 8]",anneal,minimize,local
bkcda5s4,77,550,1779243236095,,/home/meliani/nni-experiments/bkcda5s4,20,exp_anneal_80_mat_only_mat_only,hpo,/home/meliani/Desktop/phd/fast-track/search_space.json,python3 trial.py --data ./mat_only.csv,/home/meliani/Desktop/phd/fast-track,1,360000s,80,False,False,info,/home/meliani/nni-experiments,"['LSTM', 'GRU', 'CNN', 'RNN', 'TCN', 'Transformer', 'MLP']","[16, 32, 64, 128, 256]","[1, 2, 3, 4]","[0, 0.1, 0.2, 0.3, 0.5]","['relu', 'tanh', 'sigmoid', 'elu']","[1e-05, 0.01]","[2, 3, 4, 5, 6, 7, 8, 9, 10, 11, 12, 13, 14, 15, 16, 17, 18, 19, 20, 21, 22, 23, 24, 25, 26, 27, 28, 29, 30]","[16, 32, 64, 128]","[5, 10, 15, 20]","[2, 3, 5, 7]","[2, 4, 8]",anneal,minimize,local
bkcda5s4,78,560,1779243236095,,/home/meliani/nni-experiments/bkcda5s4,20,exp_anneal_80_mat_only_mat_only,hpo,/home/meliani/Desktop/phd/fast-track/search_space.json,python3 trial.py --data ./mat_only.csv,/home/meliani/Desktop/phd/fast-track,1,360000s,80,False,False,info,/home/meliani/nni-experiments,"['LSTM', 'GRU', 'CNN', 'RNN', 'TCN', 'Transformer', 'MLP']","[16, 32, 64, 128, 256]","[1, 2, 3, 4]","[0, 0.1, 0.2, 0.3, 0.5]","['relu', 'tanh', 'sigmoid', 'elu']","[1e-05, 0.01]","[2, 3, 4, 5, 6, 7, 8, 9, 10, 11, 12, 13, 14, 15, 16, 17, 18, 19, 20, 21, 22, 23, 24, 25, 26, 27, 28, 29, 30]","[16, 32, 64, 128]","[5, 10, 15, 20]","[2, 3, 5, 7]","[2, 4, 8]",anneal,minimize,local
bkcda5s4,79,570,1779243236095,,/home/meliani/nni-experiments/bkcda5s4,20,exp_anneal_80_mat_only_mat_only,hpo,/home/meliani/Desktop/phd/fast-track/search_space.json,python3 trial.py --data ./mat_only.csv,/home/meliani/Desktop/phd/fast-track,1,360000s,80,False,False,info,/home/meliani/nni-experiments,"['LSTM', 'GRU', 'CNN', 'RNN', 'TCN', 'Transformer', 'MLP']","[16, 32, 64, 128, 256]","[1, 2, 3, 4]","[0, 0.1, 0.2, 0.3, 0.5]","['relu', 'tanh', 'sigmoid', 'elu']","[1e-05, 0.01]","[2, 3, 4, 5, 6, 7, 8, 9, 10, 11, 12, 13, 14, 15, 16, 17, 18, 19, 20, 21, 22, 23, 24, 25, 26, 27, 28, 29, 30]","[16, 32, 64, 128]","[5, 10, 15, 20]","[2, 3, 5, 7]","[2, 4, 8]",anneal,minimize,local
bkcda5s4,80,575,1779243236095,,/home/meliani/nni-experiments/bkcda5s4,21,exp_anneal_80_mat_only_mat_only,hpo,/home/meliani/Desktop/phd/fast-track/search_space.json,python3 trial.py --data ./mat_only.csv,/home/meliani/Desktop/phd/fast-track,1,360000s,80,False,False,info,/home/meliani/nni-experiments,"['LSTM', 'GRU', 'CNN', 'RNN', 'TCN', 'Transformer', 'MLP']","[16, 32, 64, 128, 256]","[1, 2, 3, 4]","[0, 0.1, 0.2, 0.3, 0.5]","['relu', 'tanh', 'sigmoid', 'elu']","[1e-05, 0.01]","[2, 3, 4, 5, 6, 7, 8, 9, 10, 11, 12, 13, 14, 15, 16, 17, 18, 19, 20, 21, 22, 23, 24, 25, 26, 27, 28, 29, 30]","[16, 32, 64, 128]","[5, 10, 15, 20]","[2, 3, 5, 7]","[2, 4, 8]",anneal,minimize,local
bkcda5s4,81,580,1779243236095,,/home/meliani/nni-experiments/bkcda5s4,21,exp_anneal_80_mat_only_mat_only,hpo,/home/meliani/Desktop/phd/fast-track/search_space.json,python3 trial.py --data ./mat_only.csv,/home/meliani/Desktop/phd/fast-track,1,360000s,80,False,False,info,/home/meliani/nni-experiments,"['LSTM', 'GRU', 'CNN', 'RNN', 'TCN', 'Transformer', 'MLP']","[16, 32, 64, 128, 256]","[1, 2, 3, 4]","[0, 0.1, 0.2, 0.3, 0.5]","['relu', 'tanh', 'sigmoid', 'elu']","[1e-05, 0.01]","[2, 3, 4, 5, 6, 7, 8, 9, 10, 11, 12, 13, 14, 15, 16, 17, 18, 19, 20, 21, 22, 23, 24, 25, 26, 27, 28, 29, 30]","[16, 32, 64, 128]","[5, 10, 15, 20]","[2, 3, 5, 7]","[2, 4, 8]",anneal,minimize,local
bkcda5s4,82,587,1779243236095,,/home/meliani/nni-experiments/bkcda5s4,22,exp_anneal_80_mat_only_mat_only,hpo,/home/meliani/Desktop/phd/fast-track/search_space.json,python3 trial.py --data ./mat_only.csv,/home/meliani/Desktop/phd/fast-track,1,360000s,80,False,False,info,/home/meliani/nni-experiments,"['LSTM', 'GRU', 'CNN', 'RNN', 'TCN', 'Transformer', 'MLP']","[16, 32, 64, 128, 256]","[1, 2, 3, 4]","[0, 0.1, 0.2, 0.3, 0.5]","['relu', 'tanh', 'sigmoid', 'elu']","[1e-05, 0.01]","[2, 3, 4, 5, 6, 7, 8, 9, 10, 11, 12, 13, 14, 15, 16, 17, 18, 19, 20, 21, 22, 23, 24, 25, 26, 27, 28, 29, 30]","[16, 32, 64, 128]","[5, 10, 15, 20]","[2, 3, 5, 7]","[2, 4, 8]",anneal,minimize,local
bkcda5s4,83,590,1779243236095,,/home/meliani/nni-experiments/bkcda5s4,22,exp_anneal_80_mat_only_mat_only,hpo,/home/meliani/Desktop/phd/fast-track/search_space.json,python3 trial.py --data ./mat_only.csv,/home/meliani/Desktop/phd/fast-track,1,360000s,80,False,False,info,/home/meliani/nni-experiments,"['LSTM', 'GRU', 'CNN', 'RNN', 'TCN', 'Transformer', 'MLP']","[16, 32, 64, 128, 256]","[1, 2, 3, 4]","[0, 0.1, 0.2, 0.3, 0.5]","['relu', 'tanh', 'sigmoid', 'elu']","[1e-05, 0.01]","[2, 3, 4, 5, 6, 7, 8, 9, 10, 11, 12, 13, 14, 15, 16, 17, 18, 19, 20, 21, 22, 23, 24, 25, 26, 27, 28, 29, 30]","[16, 32, 64, 128]","[5, 10, 15, 20]","[2, 3, 5, 7]","[2, 4, 8]",anneal,minimize,local
bkcda5s4,84,600,1779243236095,,/home/meliani/nni-experiments/bkcda5s4,22,exp_anneal_80_mat_only_mat_only,hpo,/home/meliani/Desktop/phd/fast-track/search_space.json,python3 trial.py --data ./mat_only.csv,/home/meliani/Desktop/phd/fast-track,1,360000s,80,False,False,info,/home/meliani/nni-experiments,"['LSTM', 'GRU', 'CNN', 'RNN', 'TCN', 'Transformer', 'MLP']","[16, 32, 64, 128, 256]","[1, 2, 3, 4]","[0, 0.1, 0.2, 0.3, 0.5]","['relu', 'tanh', 'sigmoid', 'elu']","[1e-05, 0.01]","[2, 3, 4, 5, 6, 7, 8, 9, 10, 11, 12, 13, 14, 15, 16, 17, 18, 19, 20, 21, 22, 23, 24, 25, 26, 27, 28, 29, 30]","[16, 32, 64, 128]","[5, 10, 15, 20]","[2, 3, 5, 7]","[2, 4, 8]",anneal,minimize,local
bkcda5s4,85,610,1779243236095,,/home/meliani/nni-experiments/bkcda5s4,22,exp_anneal_80_mat_only_mat_only,hpo,/home/meliani/Desktop/phd/fast-track/search_space.json,python3 trial.py --data ./mat_only.csv,/home/meliani/Desktop/phd/fast-track,1,360000s,80,False,False,info,/home/meliani/nni-experiments,"['LSTM', 'GRU', 'CNN', 'RNN', 'TCN', 'Transformer', 'MLP']","[16, 32, 64, 128, 256]","[1, 2, 3, 4]","[0, 0.1, 0.2, 0.3, 0.5]","['relu', 'tanh', 'sigmoid', 'elu']","[1e-05, 0.01]","[2, 3, 4, 5, 6, 7, 8, 9, 10, 11, 12, 13, 14, 15, 16, 17, 18, 19, 20, 21, 22, 23, 24, 25, 26, 27, 28, 29, 30]","[16, 32, 64, 128]","[5, 10, 15, 20]","[2, 3, 5, 7]","[2, 4, 8]",anneal,minimize,local
bkcda5s4,86,612,1779243236095,,/home/meliani/nni-experiments/bkcda5s4,23,exp_anneal_80_mat_only_mat_only,hpo,/home/meliani/Desktop/phd/fast-track/search_space.json,python3 trial.py --data ./mat_only.csv,/home/meliani/Desktop/phd/fast-track,1,360000s,80,False,False,info,/home/meliani/nni-experiments,"['LSTM', 'GRU', 'CNN', 'RNN', 'TCN', 'Transformer', 'MLP']","[16, 32, 64, 128, 256]","[1, 2, 3, 4]","[0, 0.1, 0.2, 0.3, 0.5]","['relu', 'tanh', 'sigmoid', 'elu']","[1e-05, 0.01]","[2, 3, 4, 5, 6, 7, 8, 9, 10, 11, 12, 13, 14, 15, 16, 17, 18, 19, 20, 21, 22, 23, 24, 25, 26, 27, 28, 29, 30]","[16, 32, 64, 128]","[5, 10, 15, 20]","[2, 3, 5, 7]","[2, 4, 8]",anneal,minimize,local
bkcda5s4,87,620,1779243236095,,/home/meliani/nni-experiments/bkcda5s4,23,exp_anneal_80_mat_only_mat_only,hpo,/home/meliani/Desktop/phd/fast-track/search_space.json,python3 trial.py --data ./mat_only.csv,/home/meliani/Desktop/phd/fast-track,1,360000s,80,False,False,info,/home/meliani/nni-experiments,"['LSTM', 'GRU', 'CNN', 'RNN', 'TCN', 'Transformer', 'MLP']","[16, 32, 64, 128, 256]","[1, 2, 3, 4]","[0, 0.1, 0.2, 0.3, 0.5]","['relu', 'tanh', 'sigmoid', 'elu']","[1e-05, 0.01]","[2, 3, 4, 5, 6, 7, 8, 9, 10, 11, 12, 13, 14, 15, 16, 17, 18, 19, 20, 21, 22, 23, 24, 25, 26, 27, 28, 29, 30]","[16, 32, 64, 128]","[5, 10, 15, 20]","[2, 3, 5, 7]","[2, 4, 8]",anneal,minimize,local
bkcda5s4,88,624,1779243236095,,/home/meliani/nni-experiments/bkcda5s4,24,exp_anneal_80_mat_only_mat_only,hpo,/home/meliani/Desktop/phd/fast-track/search_space.json,python3 trial.py --data ./mat_only.csv,/home/meliani/Desktop/phd/fast-track,1,360000s,80,False,False,info,/home/meliani/nni-experiments,"['LSTM', 'GRU', 'CNN', 'RNN', 'TCN', 'Transformer', 'MLP']","[16, 32, 64, 128, 256]","[1, 2, 3, 4]","[0, 0.1, 0.2, 0.3, 0.5]","['relu', 'tanh', 'sigmoid', 'elu']","[1e-05, 0.01]","[2, 3, 4, 5, 6, 7, 8, 9, 10, 11, 12, 13, 14, 15, 16, 17, 18, 19, 20, 21, 22, 23, 24, 25, 26, 27, 28, 29, 30]","[16, 32, 64, 128]","[5, 10, 15, 20]","[2, 3, 5, 7]","[2, 4, 8]",anneal,minimize,local
bkcda5s4,89,630,1779243236095,,/home/meliani/nni-experiments/bkcda5s4,24,exp_anneal_80_mat_only_mat_only,hpo,/home/meliani/Desktop/phd/fast-track/search_space.json,python3 trial.py --data ./mat_only.csv,/home/meliani/Desktop/phd/fast-track,1,360000s,80,False,False,info,/home/meliani/nni-experiments,"['LSTM', 'GRU', 'CNN', 'RNN', 'TCN', 'Transformer', 'MLP']","[16, 32, 64, 128, 256]","[1, 2, 3, 4]","[0, 0.1, 0.2, 0.3, 0.5]","['relu', 'tanh', 'sigmoid', 'elu']","[1e-05, 0.01]","[2, 3, 4, 5, 6, 7, 8, 9, 10, 11, 12, 13, 14, 15, 16, 17, 18, 19, 20, 21, 22, 23, 24, 25, 26, 27, 28, 29, 30]","[16, 32, 64, 128]","[5, 10, 15, 20]","[2, 3, 5, 7]","[2, 4, 8]",anneal,minimize,local
bkcda5s4,90,640,1779243236095,,/home/meliani/nni-experiments/bkcda5s4,24,exp_anneal_80_mat_only_mat_only,hpo,/home/meliani/Desktop/phd/fast-track/search_space.json,python3 trial.py --data ./mat_only.csv,/home/meliani/Desktop/phd/fast-track,1,360000s,80,False,False,info,/home/meliani/nni-experiments,"['LSTM', 'GRU', 'CNN', 'RNN', 'TCN', 'Transformer', 'MLP']","[16, 32, 64, 128, 256]","[1, 2, 3, 4]","[0, 0.1, 0.2, 0.3, 0.5]","['relu', 'tanh', 'sigmoid', 'elu']","[1e-05, 0.01]","[2, 3, 4, 5, 6, 7, 8, 9, 10, 11, 12, 13, 14, 15, 16, 17, 18, 19, 20, 21, 22, 23, 24, 25, 26, 27, 28, 29, 30]","[16, 32, 64, 128]","[5, 10, 15, 20]","[2, 3, 5, 7]","[2, 4, 8]",anneal,minimize,local
bkcda5s4,91,647,1779243236095,,/home/meliani/nni-experiments/bkcda5s4,25,exp_anneal_80_mat_only_mat_only,hpo,/home/meliani/Desktop/phd/fast-track/search_space.json,python3 trial.py --data ./mat_only.csv,/home/meliani/Desktop/phd/fast-track,1,360000s,80,False,False,info,/home/meliani/nni-experiments,"['LSTM', 'GRU', 'CNN', 'RNN', 'TCN', 'Transformer', 'MLP']","[16, 32, 64, 128, 256]","[1, 2, 3, 4]","[0, 0.1, 0.2, 0.3, 0.5]","['relu', 'tanh', 'sigmoid', 'elu']","[1e-05, 0.01]","[2, 3, 4, 5, 6, 7, 8, 9, 10, 11, 12, 13, 14, 15, 16, 17, 18, 19, 20, 21, 22, 23, 24, 25, 26, 27, 28, 29, 30]","[16, 32, 64, 128]","[5, 10, 15, 20]","[2, 3, 5, 7]","[2, 4, 8]",anneal,minimize,local
bkcda5s4,92,650,1779243236095,,/home/meliani/nni-experiments/bkcda5s4,25,exp_anneal_80_mat_only_mat_only,hpo,/home/meliani/Desktop/phd/fast-track/search_space.json,python3 trial.py --data ./mat_only.csv,/home/meliani/Desktop/phd/fast-track,1,360000s,80,False,False,info,/home/meliani/nni-experiments,"['LSTM', 'GRU', 'CNN', 'RNN', 'TCN', 'Transformer', 'MLP']","[16, 32, 64, 128, 256]","[1, 2, 3, 4]","[0, 0.1, 0.2, 0.3, 0.5]","['relu', 'tanh', 'sigmoid', 'elu']","[1e-05, 0.01]","[2, 3, 4, 5, 6, 7, 8, 9, 10, 11, 12, 13, 14, 15, 16, 17, 18, 19, 20, 21, 22, 23, 24, 25, 26, 27, 28, 29, 30]","[16, 32, 64, 128]","[5, 10, 15, 20]","[2, 3, 5, 7]","[2, 4, 8]",anneal,minimize,local
bkcda5s4,93,660,1779243236095,,/home/meliani/nni-experiments/bkcda5s4,25,exp_anneal_80_mat_only_mat_only,hpo,/home/meliani/Desktop/phd/fast-track/search_space.json,python3 trial.py --data ./mat_only.csv,/home/meliani/Desktop/phd/fast-track,1,360000s,80,False,False,info,/home/meliani/nni-experiments,"['LSTM', 'GRU', 'CNN', 'RNN', 'TCN', 'Transformer', 'MLP']","[16, 32, 64, 128, 256]","[1, 2, 3, 4]","[0, 0.1, 0.2, 0.3, 0.5]","['relu', 'tanh', 'sigmoid', 'elu']","[1e-05, 0.01]","[2, 3, 4, 5, 6, 7, 8, 9, 10, 11, 12, 13, 14, 15, 16, 17, 18, 19, 20, 21, 22, 23, 24, 25, 26, 27, 28, 29, 30]","[16, 32, 64, 128]","[5, 10, 15, 20]","[2, 3, 5, 7]","[2, 4, 8]",anneal,minimize,local
bkcda5s4,94,670,1779243236095,,/home/meliani/nni-experiments/bkcda5s4,25,exp_anneal_80_mat_only_mat_only,hpo,/home/meliani/Desktop/phd/fast-track/search_space.json,python3 trial.py --data ./mat_only.csv,/home/meliani/Desktop/phd/fast-track,1,360000s,80,False,False,info,/home/meliani/nni-experiments,"['LSTM', 'GRU', 'CNN', 'RNN', 'TCN', 'Transformer', 'MLP']","[16, 32, 64, 128, 256]","[1, 2, 3, 4]","[0, 0.1, 0.2, 0.3, 0.5]","['relu', 'tanh', 'sigmoid', 'elu']","[1e-05, 0.01]","[2, 3, 4, 5, 6, 7, 8, 9, 10, 11, 12, 13, 14, 15, 16, 17, 18, 19, 20, 21, 22, 23, 24, 25, 26, 27, 28, 29, 30]","[16, 32, 64, 128]","[5, 10, 15, 20]","[2, 3, 5, 7]","[2, 4, 8]",anneal,minimize,local
bkcda5s4,95,678,1779243236095,,/home/meliani/nni-experiments/bkcda5s4,26,exp_anneal_80_mat_only_mat_only,hpo,/home/meliani/Desktop/phd/fast-track/search_space.json,python3 trial.py --data ./mat_only.csv,/home/meliani/Desktop/phd/fast-track,1,360000s,80,False,False,info,/home/meliani/nni-experiments,"['LSTM', 'GRU', 'CNN', 'RNN', 'TCN', 'Transformer', 'MLP']","[16, 32, 64, 128, 256]","[1, 2, 3, 4]","[0, 0.1, 0.2, 0.3, 0.5]","['relu', 'tanh', 'sigmoid', 'elu']","[1e-05, 0.01]","[2, 3, 4, 5, 6, 7, 8, 9, 10, 11, 12, 13, 14, 15, 16, 17, 18, 19, 20, 21, 22, 23, 24, 25, 26, 27, 28, 29, 30]","[16, 32, 64, 128]","[5, 10, 15, 20]","[2, 3, 5, 7]","[2, 4, 8]",anneal,minimize,local
bkcda5s4,96,680,1779243236095,,/home/meliani/nni-experiments/bkcda5s4,26,exp_anneal_80_mat_only_mat_only,hpo,/home/meliani/Desktop/phd/fast-track/search_space.json,python3 trial.py --data ./mat_only.csv,/home/meliani/Desktop/phd/fast-track,1,360000s,80,False,False,info,/home/meliani/nni-experiments,"['LSTM', 'GRU', 'CNN', 'RNN', 'TCN', 'Transformer', 'MLP']","[16, 32, 64, 128, 256]","[1, 2, 3, 4]","[0, 0.1, 0.2, 0.3, 0.5]","['relu', 'tanh', 'sigmoid', 'elu']","[1e-05, 0.01]","[2, 3, 4, 5, 6, 7, 8, 9, 10, 11, 12, 13, 14, 15, 16, 17, 18, 19, 20, 21, 22, 23, 24, 25, 26, 27, 28, 29, 30]","[16, 32, 64, 128]","[5, 10, 15, 20]","[2, 3, 5, 7]","[2, 4, 8]",anneal,minimize,local
bkcda5s4,97,690,1779243236095,,/home/meliani/nni-experiments/bkcda5s4,26,exp_anneal_80_mat_only_mat_only,hpo,/home/meliani/Desktop/phd/fast-track/search_space.json,python3 trial.py --data ./mat_only.csv,/home/meliani/Desktop/phd/fast-track,1,360000s,80,False,False,info,/home/meliani/nni-experiments,"['LSTM', 'GRU', 'CNN', 'RNN', 'TCN', 'Transformer', 'MLP']","[16, 32, 64, 128, 256]","[1, 2, 3, 4]","[0, 0.1, 0.2, 0.3, 0.5]","['relu', 'tanh', 'sigmoid', 'elu']","[1e-05, 0.01]","[2, 3, 4, 5, 6, 7, 8, 9, 10, 11, 12, 13, 14, 15, 16, 17, 18, 19, 20, 21, 22, 23, 24, 25, 26, 27, 28, 29, 30]","[16, 32, 64, 128]","[5, 10, 15, 20]","[2, 3, 5, 7]","[2, 4, 8]",anneal,minimize,local
bkcda5s4,98,700,1779243236095,,/home/meliani/nni-experiments/bkcda5s4,26,exp_anneal_80_mat_only_mat_only,hpo,/home/meliani/Desktop/phd/fast-track/search_space.json,python3 trial.py --data ./mat_only.csv,/home/meliani/Desktop/phd/fast-track,1,360000s,80,False,False,info,/home/meliani/nni-experiments,"['LSTM', 'GRU', 'CNN', 'RNN', 'TCN', 'Transformer', 'MLP']","[16, 32, 64, 128, 256]","[1, 2, 3, 4]","[0, 0.1, 0.2, 0.3, 0.5]","['relu', 'tanh', 'sigmoid', 'elu']","[1e-05, 0.01]","[2, 3, 4, 5, 6, 7, 8, 9, 10, 11, 12, 13, 14, 15, 16, 17, 18, 19, 20, 21, 22, 23, 24, 25, 26, 27, 28, 29, 30]","[16, 32, 64, 128]","[5, 10, 15, 20]","[2, 3, 5, 7]","[2, 4, 8]",anneal,minimize,local
bkcda5s4,99,707,1779243236095,,/home/meliani/nni-experiments/bkcda5s4,27,exp_anneal_80_mat_only_mat_only,hpo,/home/meliani/Desktop/phd/fast-track/search_space.json,python3 trial.py --data ./mat_only.csv,/home/meliani/Desktop/phd/fast-track,1,360000s,80,False,False,info,/home/meliani/nni-experiments,"['LSTM', 'GRU', 'CNN', 'RNN', 'TCN', 'Transformer', 'MLP']","[16, 32, 64, 128, 256]","[1, 2, 3, 4]","[0, 0.1, 0.2, 0.3, 0.5]","['relu', 'tanh', 'sigmoid', 'elu']","[1e-05, 0.01]","[2, 3, 4, 5, 6, 7, 8, 9, 10, 11, 12, 13, 14, 15, 16, 17, 18, 19, 20, 21, 22, 23, 24, 25, 26, 27, 28, 29, 30]","[16, 32, 64, 128]","[5, 10, 15, 20]","[2, 3, 5, 7]","[2, 4, 8]",anneal,minimize,local
bkcda5s4,100,710,1779243236095,,/home/meliani/nni-experiments/bkcda5s4,27,exp_anneal_80_mat_only_mat_only,hpo,/home/meliani/Desktop/phd/fast-track/search_space.json,python3 trial.py --data ./mat_only.csv,/home/meliani/Desktop/phd/fast-track,1,360000s,80,False,False,info,/home/meliani/nni-experiments,"['LSTM', 'GRU', 'CNN', 'RNN', 'TCN', 'Transformer', 'MLP']","[16, 32, 64, 128, 256]","[1, 2, 3, 4]","[0, 0.1, 0.2, 0.3, 0.5]","['relu', 'tanh', 'sigmoid', 'elu']","[1e-05, 0.01]","[2, 3, 4, 5, 6, 7, 8, 9, 10, 11, 12, 13, 14, 15, 16, 17, 18, 19, 20, 21, 22, 23, 24, 25, 26, 27, 28, 29, 30]","[16, 32, 64, 128]","[5, 10, 15, 20]","[2, 3, 5, 7]","[2, 4, 8]",anneal,minimize,local
bkcda5s4,101,719,1779243236095,,/home/meliani/nni-experiments/bkcda5s4,28,exp_anneal_80_mat_only_mat_only,hpo,/home/meliani/Desktop/phd/fast-track/search_space.json,python3 trial.py --data ./mat_only.csv,/home/meliani/Desktop/phd/fast-track,1,360000s,80,False,False,info,/home/meliani/nni-experiments,"['LSTM', 'GRU', 'CNN', 'RNN', 'TCN', 'Transformer', 'MLP']","[16, 32, 64, 128, 256]","[1, 2, 3, 4]","[0, 0.1, 0.2, 0.3, 0.5]","['relu', 'tanh', 'sigmoid', 'elu']","[1e-05, 0.01]","[2, 3, 4, 5, 6, 7, 8, 9, 10, 11, 12, 13, 14, 15, 16, 17, 18, 19, 20, 21, 22, 23, 24, 25, 26, 27, 28, 29, 30]","[16, 32, 64, 128]","[5, 10, 15, 20]","[2, 3, 5, 7]","[2, 4, 8]",anneal,minimize,local
bkcda5s4,102,720,1779243236095,,/home/meliani/nni-experiments/bkcda5s4,28,exp_anneal_80_mat_only_mat_only,hpo,/home/meliani/Desktop/phd/fast-track/search_space.json,python3 trial.py --data ./mat_only.csv,/home/meliani/Desktop/phd/fast-track,1,360000s,80,False,False,info,/home/meliani/nni-experiments,"['LSTM', 'GRU', 'CNN', 'RNN', 'TCN', 'Transformer', 'MLP']","[16, 32, 64, 128, 256]","[1, 2, 3, 4]","[0, 0.1, 0.2, 0.3, 0.5]","['relu', 'tanh', 'sigmoid', 'elu']","[1e-05, 0.01]","[2, 3, 4, 5, 6, 7, 8, 9, 10, 11, 12, 13, 14, 15, 16, 17, 18, 19, 20, 21, 22, 23, 24, 25, 26, 27, 28, 29, 30]","[16, 32, 64, 128]","[5, 10, 15, 20]","[2, 3, 5, 7]","[2, 4, 8]",anneal,minimize,local
bkcda5s4,103,730,1779243236095,,/home/meliani/nni-experiments/bkcda5s4,28,exp_anneal_80_mat_only_mat_only,hpo,/home/meliani/Desktop/phd/fast-track/search_space.json,python3 trial.py --data ./mat_only.csv,/home/meliani/Desktop/phd/fast-track,1,360000s,80,False,False,info,/home/meliani/nni-experiments,"['LSTM', 'GRU', 'CNN', 'RNN', 'TCN', 'Transformer', 'MLP']","[16, 32, 64, 128, 256]","[1, 2, 3, 4]","[0, 0.1, 0.2, 0.3, 0.5]","['relu', 'tanh', 'sigmoid', 'elu']","[1e-05, 0.01]","[2, 3, 4, 5, 6, 7, 8, 9, 10, 11, 12, 13, 14, 15, 16, 17, 18, 19, 20, 21, 22, 23, 24, 25, 26, 27, 28, 29, 30]","[16, 32, 64, 128]","[5, 10, 15, 20]","[2, 3, 5, 7]","[2, 4, 8]",anneal,minimize,local
bkcda5s4,104,740,1779243236095,,/home/meliani/nni-experiments/bkcda5s4,28,exp_anneal_80_mat_only_mat_only,hpo,/home/meliani/Desktop/phd/fast-track/search_space.json,python3 trial.py --data ./mat_only.csv,/home/meliani/Desktop/phd/fast-track,1,360000s,80,False,False,info,/home/meliani/nni-experiments,"['LSTM', 'GRU', 'CNN', 'RNN', 'TCN', 'Transformer', 'MLP']","[16, 32, 64, 128, 256]","[1, 2, 3, 4]","[0, 0.1, 0.2, 0.3, 0.5]","['relu', 'tanh', 'sigmoid', 'elu']","[1e-05, 0.01]","[2, 3, 4, 5, 6, 7, 8, 9, 10, 11, 12, 13, 14, 15, 16, 17, 18, 19, 20, 21, 22, 23, 24, 25, 26, 27, 28, 29, 30]","[16, 32, 64, 128]","[5, 10, 15, 20]","[2, 3, 5, 7]","[2, 4, 8]",anneal,minimize,local
bkcda5s4,105,750,1779243236095,,/home/meliani/nni-experiments/bkcda5s4,28,exp_anneal_80_mat_only_mat_only,hpo,/home/meliani/Desktop/phd/fast-track/search_space.json,python3 trial.py --data ./mat_only.csv,/home/meliani/Desktop/phd/fast-track,1,360000s,80,False,False,info,/home/meliani/nni-experiments,"['LSTM', 'GRU', 'CNN', 'RNN', 'TCN', 'Transformer', 'MLP']","[16, 32, 64, 128, 256]","[1, 2, 3, 4]","[0, 0.1, 0.2, 0.3, 0.5]","['relu', 'tanh', 'sigmoid', 'elu']","[1e-05, 0.01]","[2, 3, 4, 5, 6, 7, 8, 9, 10, 11, 12, 13, 14, 15, 16, 17, 18, 19, 20, 21, 22, 23, 24, 25, 26, 27, 28, 29, 30]","[16, 32, 64, 128]","[5, 10, 15, 20]","[2, 3, 5, 7]","[2, 4, 8]",anneal,minimize,local
bkcda5s4,106,751,1779243236095,,/home/meliani/nni-experiments/bkcda5s4,29,exp_anneal_80_mat_only_mat_only,hpo,/home/meliani/Desktop/phd/fast-track/search_space.json,python3 trial.py --data ./mat_only.csv,/home/meliani/Desktop/phd/fast-track,1,360000s,80,False,False,info,/home/meliani/nni-experiments,"['LSTM', 'GRU', 'CNN', 'RNN', 'TCN', 'Transformer', 'MLP']","[16, 32, 64, 128, 256]","[1, 2, 3, 4]","[0, 0.1, 0.2, 0.3, 0.5]","['relu', 'tanh', 'sigmoid', 'elu']","[1e-05, 0.01]","[2, 3, 4, 5, 6, 7, 8, 9, 10, 11, 12, 13, 14, 15, 16, 17, 18, 19, 20, 21, 22, 23, 24, 25, 26, 27, 28, 29, 30]","[16, 32, 64, 128]","[5, 10, 15, 20]","[2, 3, 5, 7]","[2, 4, 8]",anneal,minimize,local
bkcda5s4,107,760,1779243236095,,/home/meliani/nni-experiments/bkcda5s4,29,exp_anneal_80_mat_only_mat_only,hpo,/home/meliani/Desktop/phd/fast-track/search_space.json,python3 trial.py --data ./mat_only.csv,/home/meliani/Desktop/phd/fast-track,1,360000s,80,False,False,info,/home/meliani/nni-experiments,"['LSTM', 'GRU', 'CNN', 'RNN', 'TCN', 'Transformer', 'MLP']","[16, 32, 64, 128, 256]","[1, 2, 3, 4]","[0, 0.1, 0.2, 0.3, 0.5]","['relu', 'tanh', 'sigmoid', 'elu']","[1e-05, 0.01]","[2, 3, 4, 5, 6, 7, 8, 9, 10, 11, 12, 13, 14, 15, 16, 17, 18, 19, 20, 21, 22, 23, 24, 25, 26, 27, 28, 29, 30]","[16, 32, 64, 128]","[5, 10, 15, 20]","[2, 3, 5, 7]","[2, 4, 8]",anneal,minimize,local
bkcda5s4,108,770,1779243236095,,/home/meliani/nni-experiments/bkcda5s4,30,exp_anneal_80_mat_only_mat_only,hpo,/home/meliani/Desktop/phd/fast-track/search_space.json,python3 trial.py --data ./mat_only.csv,/home/meliani/Desktop/phd/fast-track,1,360000s,80,False,False,info,/home/meliani/nni-experiments,"['LSTM', 'GRU', 'CNN', 'RNN', 'TCN', 'Transformer', 'MLP']","[16, 32, 64, 128, 256]","[1, 2, 3, 4]","[0, 0.1, 0.2, 0.3, 0.5]","['relu', 'tanh', 'sigmoid', 'elu']","[1e-05, 0.01]","[2, 3, 4, 5, 6, 7, 8, 9, 10, 11, 12, 13, 14, 15, 16, 17, 18, 19, 20, 21, 22, 23, 24, 25, 26, 27, 28, 29, 30]","[16, 32, 64, 128]","[5, 10, 15, 20]","[2, 3, 5, 7]","[2, 4, 8]",anneal,minimize,local
bkcda5s4,109,770,1779243236095,,/home/meliani/nni-experiments/bkcda5s4,30,exp_anneal_80_mat_only_mat_only,hpo,/home/meliani/Desktop/phd/fast-track/search_space.json,python3 trial.py --data ./mat_only.csv,/home/meliani/Desktop/phd/fast-track,1,360000s,80,False,False,info,/home/meliani/nni-experiments,"['LSTM', 'GRU', 'CNN', 'RNN', 'TCN', 'Transformer', 'MLP']","[16, 32, 64, 128, 256]","[1, 2, 3, 4]","[0, 0.1, 0.2, 0.3, 0.5]","['relu', 'tanh', 'sigmoid', 'elu']","[1e-05, 0.01]","[2, 3, 4, 5, 6, 7, 8, 9, 10, 11, 12, 13, 14, 15, 16, 17, 18, 19, 20, 21, 22, 23, 24, 25, 26, 27, 28, 29, 30]","[16, 32, 64, 128]","[5, 10, 15, 20]","[2, 3, 5, 7]","[2, 4, 8]",anneal,minimize,local
bkcda5s4,110,780,1779243236095,,/home/meliani/nni-experiments/bkcda5s4,30,exp_anneal_80_mat_only_mat_only,hpo,/home/meliani/Desktop/phd/fast-track/search_space.json,python3 trial.py --data ./mat_only.csv,/home/meliani/Desktop/phd/fast-track,1,360000s,80,False,False,info,/home/meliani/nni-experiments,"['LSTM', 'GRU', 'CNN', 'RNN', 'TCN', 'Transformer', 'MLP']","[16, 32, 64, 128, 256]","[1, 2, 3, 4]","[0, 0.1, 0.2, 0.3, 0.5]","['relu', 'tanh', 'sigmoid', 'elu']","[1e-05, 0.01]","[2, 3, 4, 5, 6, 7, 8, 9, 10, 11, 12, 13, 14, 15, 16, 17, 18, 19, 20, 21, 22, 23, 24, 25, 26, 27, 28, 29, 30]","[16, 32, 64, 128]","[5, 10, 15, 20]","[2, 3, 5, 7]","[2, 4, 8]",anneal,minimize,local
bkcda5s4,111,790,1779243236095,,/home/meliani/nni-experiments/bkcda5s4,30,exp_anneal_80_mat_only_mat_only,hpo,/home/meliani/Desktop/phd/fast-track/search_space.json,python3 trial.py --data ./mat_only.csv,/home/meliani/Desktop/phd/fast-track,1,360000s,80,False,False,info,/home/meliani/nni-experiments,"['LSTM', 'GRU', 'CNN', 'RNN', 'TCN', 'Transformer', 'MLP']","[16, 32, 64, 128, 256]","[1, 2, 3, 4]","[0, 0.1, 0.2, 0.3, 0.5]","['relu', 'tanh', 'sigmoid', 'elu']","[1e-05, 0.01]","[2, 3, 4, 5, 6, 7, 8, 9, 10, 11, 12, 13, 14, 15, 16, 17, 18, 19, 20, 21, 22, 23, 24, 25, 26, 27, 28, 29, 30]","[16, 32, 64, 128]","[5, 10, 15, 20]","[2, 3, 5, 7]","[2, 4, 8]",anneal,minimize,local
bkcda5s4,112,793,1779243236095,,/home/meliani/nni-experiments/bkcda5s4,31,exp_anneal_80_mat_only_mat_only,hpo,/home/meliani/Desktop/phd/fast-track/search_space.json,python3 trial.py --data ./mat_only.csv,/home/meliani/Desktop/phd/fast-track,1,360000s,80,False,False,info,/home/meliani/nni-experiments,"['LSTM', 'GRU', 'CNN', 'RNN', 'TCN', 'Transformer', 'MLP']","[16, 32, 64, 128, 256]","[1, 2, 3, 4]","[0, 0.1, 0.2, 0.3, 0.5]","['relu', 'tanh', 'sigmoid', 'elu']","[1e-05, 0.01]","[2, 3, 4, 5, 6, 7, 8, 9, 10, 11, 12, 13, 14, 15, 16, 17, 18, 19, 20, 21, 22, 23, 24, 25, 26, 27, 28, 29, 30]","[16, 32, 64, 128]","[5, 10, 15, 20]","[2, 3, 5, 7]","[2, 4, 8]",anneal,minimize,local
bkcda5s4,113,800,1779243236095,,/home/meliani/nni-experiments/bkcda5s4,31,exp_anneal_80_mat_only_mat_only,hpo,/home/meliani/Desktop/phd/fast-track/search_space.json,python3 trial.py --data ./mat_only.csv,/home/meliani/Desktop/phd/fast-track,1,360000s,80,False,False,info,/home/meliani/nni-experiments,"['LSTM', 'GRU', 'CNN', 'RNN', 'TCN', 'Transformer', 'MLP']","[16, 32, 64, 128, 256]","[1, 2, 3, 4]","[0, 0.1, 0.2, 0.3, 0.5]","['relu', 'tanh', 'sigmoid', 'elu']","[1e-05, 0.01]","[2, 3, 4, 5, 6, 7, 8, 9, 10, 11, 12, 13, 14, 15, 16, 17, 18, 19, 20, 21, 22, 23, 24, 25, 26, 27, 28, 29, 30]","[16, 32, 64, 128]","[5, 10, 15, 20]","[2, 3, 5, 7]","[2, 4, 8]",anneal,minimize,local
bkcda5s4,114,810,1779243236095,,/home/meliani/nni-experiments/bkcda5s4,31,exp_anneal_80_mat_only_mat_only,hpo,/home/meliani/Desktop/phd/fast-track/search_space.json,python3 trial.py --data ./mat_only.csv,/home/meliani/Desktop/phd/fast-track,1,360000s,80,False,False,info,/home/meliani/nni-experiments,"['LSTM', 'GRU', 'CNN', 'RNN', 'TCN', 'Transformer', 'MLP']","[16, 32, 64, 128, 256]","[1, 2, 3, 4]","[0, 0.1, 0.2, 0.3, 0.5]","['relu', 'tanh', 'sigmoid', 'elu']","[1e-05, 0.01]","[2, 3, 4, 5, 6, 7, 8, 9, 10, 11, 12, 13, 14, 15, 16, 17, 18, 19, 20, 21, 22, 23, 24, 25, 26, 27, 28, 29, 30]","[16, 32, 64, 128]","[5, 10, 15, 20]","[2, 3, 5, 7]","[2, 4, 8]",anneal,minimize,local
bkcda5s4,115,816,1779243236095,,/home/meliani/nni-experiments/bkcda5s4,32,exp_anneal_80_mat_only_mat_only,hpo,/home/meliani/Desktop/phd/fast-track/search_space.json,python3 trial.py --data ./mat_only.csv,/home/meliani/Desktop/phd/fast-track,1,360000s,80,False,False,info,/home/meliani/nni-experiments,"['LSTM', 'GRU', 'CNN', 'RNN', 'TCN', 'Transformer', 'MLP']","[16, 32, 64, 128, 256]","[1, 2, 3, 4]","[0, 0.1, 0.2, 0.3, 0.5]","['relu', 'tanh', 'sigmoid', 'elu']","[1e-05, 0.01]","[2, 3, 4, 5, 6, 7, 8, 9, 10, 11, 12, 13, 14, 15, 16, 17, 18, 19, 20, 21, 22, 23, 24, 25, 26, 27, 28, 29, 30]","[16, 32, 64, 128]","[5, 10, 15, 20]","[2, 3, 5, 7]","[2, 4, 8]",anneal,minimize,local
bkcda5s4,116,820,1779243236095,,/home/meliani/nni-experiments/bkcda5s4,32,exp_anneal_80_mat_only_mat_only,hpo,/home/meliani/Desktop/phd/fast-track/search_space.json,python3 trial.py --data ./mat_only.csv,/home/meliani/Desktop/phd/fast-track,1,360000s,80,False,False,info,/home/meliani/nni-experiments,"['LSTM', 'GRU', 'CNN', 'RNN', 'TCN', 'Transformer', 'MLP']","[16, 32, 64, 128, 256]","[1, 2, 3, 4]","[0, 0.1, 0.2, 0.3, 0.5]","['relu', 'tanh', 'sigmoid', 'elu']","[1e-05, 0.01]","[2, 3, 4, 5, 6, 7, 8, 9, 10, 11, 12, 13, 14, 15, 16, 17, 18, 19, 20, 21, 22, 23, 24, 25, 26, 27, 28, 29, 30]","[16, 32, 64, 128]","[5, 10, 15, 20]","[2, 3, 5, 7]","[2, 4, 8]",anneal,minimize,local
bkcda5s4,117,830,1779243236095,,/home/meliani/nni-experiments/bkcda5s4,32,exp_anneal_80_mat_only_mat_only,hpo,/home/meliani/Desktop/phd/fast-track/search_space.json,python3 trial.py --data ./mat_only.csv,/home/meliani/Desktop/phd/fast-track,1,360000s,80,False,False,info,/home/meliani/nni-experiments,"['LSTM', 'GRU', 'CNN', 'RNN', 'TCN', 'Transformer', 'MLP']","[16, 32, 64, 128, 256]","[1, 2, 3, 4]","[0, 0.1, 0.2, 0.3, 0.5]","['relu', 'tanh', 'sigmoid', 'elu']","[1e-05, 0.01]","[2, 3, 4, 5, 6, 7, 8, 9, 10, 11, 12, 13, 14, 15, 16, 17, 18, 19, 20, 21, 22, 23, 24, 25, 26, 27, 28, 29, 30]","[16, 32, 64, 128]","[5, 10, 15, 20]","[2, 3, 5, 7]","[2, 4, 8]",anneal,minimize,local
bkcda5s4,118,840,1779243236095,,/home/meliani/nni-experiments/bkcda5s4,32,exp_anneal_80_mat_only_mat_only,hpo,/home/meliani/Desktop/phd/fast-track/search_space.json,python3 trial.py --data ./mat_only.csv,/home/meliani/Desktop/phd/fast-track,1,360000s,80,False,False,info,/home/meliani/nni-experiments,"['LSTM', 'GRU', 'CNN', 'RNN', 'TCN', 'Transformer', 'MLP']","[16, 32, 64, 128, 256]","[1, 2, 3, 4]","[0, 0.1, 0.2, 0.3, 0.5]","['relu', 'tanh', 'sigmoid', 'elu']","[1e-05, 0.01]","[2, 3, 4, 5, 6, 7, 8, 9, 10, 11, 12, 13, 14, 15, 16, 17, 18, 19, 20, 21, 22, 23, 24, 25, 26, 27, 28, 29, 30]","[16, 32, 64, 128]","[5, 10, 15, 20]","[2, 3, 5, 7]","[2, 4, 8]",anneal,minimize,local
bkcda5s4,119,844,1779243236095,,/home/meliani/nni-experiments/bkcda5s4,33,exp_anneal_80_mat_only_mat_only,hpo,/home/meliani/Desktop/phd/fast-track/search_space.json,python3 trial.py --data ./mat_only.csv,/home/meliani/Desktop/phd/fast-track,1,360000s,80,False,False,info,/home/meliani/nni-experiments,"['LSTM', 'GRU', 'CNN', 'RNN', 'TCN', 'Transformer', 'MLP']","[16, 32, 64, 128, 256]","[1, 2, 3, 4]","[0, 0.1, 0.2, 0.3, 0.5]","['relu', 'tanh', 'sigmoid', 'elu']","[1e-05, 0.01]","[2, 3, 4, 5, 6, 7, 8, 9, 10, 11, 12, 13, 14, 15, 16, 17, 18, 19, 20, 21, 22, 23, 24, 25, 26, 27, 28, 29, 30]","[16, 32, 64, 128]","[5, 10, 15, 20]","[2, 3, 5, 7]","[2, 4, 8]",anneal,minimize,local
bkcda5s4,120,850,1779243236095,,/home/meliani/nni-experiments/bkcda5s4,33,exp_anneal_80_mat_only_mat_only,hpo,/home/meliani/Desktop/phd/fast-track/search_space.json,python3 trial.py --data ./mat_only.csv,/home/meliani/Desktop/phd/fast-track,1,360000s,80,False,False,info,/home/meliani/nni-experiments,"['LSTM', 'GRU', 'CNN', 'RNN', 'TCN', 'Transformer', 'MLP']","[16, 32, 64, 128, 256]","[1, 2, 3, 4]","[0, 0.1, 0.2, 0.3, 0.5]","['relu', 'tanh', 'sigmoid', 'elu']","[1e-05, 0.01]","[2, 3, 4, 5, 6, 7, 8, 9, 10, 11, 12, 13, 14, 15, 16, 17, 18, 19, 20, 21, 22, 23, 24, 25, 26, 27, 28, 29, 30]","[16, 32, 64, 128]","[5, 10, 15, 20]","[2, 3, 5, 7]","[2, 4, 8]",anneal,minimize,local
bkcda5s4,121,860,1779243236095,,/home/meliani/nni-experiments/bkcda5s4,33,exp_anneal_80_mat_only_mat_only,hpo,/home/meliani/Desktop/phd/fast-track/search_space.json,python3 trial.py --data ./mat_only.csv,/home/meliani/Desktop/phd/fast-track,1,360000s,80,False,False,info,/home/meliani/nni-experiments,"['LSTM', 'GRU', 'CNN', 'RNN', 'TCN', 'Transformer', 'MLP']","[16, 32, 64, 128, 256]","[1, 2, 3, 4]","[0, 0.1, 0.2, 0.3, 0.5]","['relu', 'tanh', 'sigmoid', 'elu']","[1e-05, 0.01]","[2, 3, 4, 5, 6, 7, 8, 9, 10, 11, 12, 13, 14, 15, 16, 17, 18, 19, 20, 21, 22, 23, 24, 25, 26, 27, 28, 29, 30]","[16, 32, 64, 128]","[5, 10, 15, 20]","[2, 3, 5, 7]","[2, 4, 8]",anneal,minimize,local
bkcda5s4,122,870,1779243236095,,/home/meliani/nni-experiments/bkcda5s4,33,exp_anneal_80_mat_only_mat_only,hpo,/home/meliani/Desktop/phd/fast-track/search_space.json,python3 trial.py --data ./mat_only.csv,/home/meliani/Desktop/phd/fast-track,1,360000s,80,False,False,info,/home/meliani/nni-experiments,"['LSTM', 'GRU', 'CNN', 'RNN', 'TCN', 'Transformer', 'MLP']","[16, 32, 64, 128, 256]","[1, 2, 3, 4]","[0, 0.1, 0.2, 0.3, 0.5]","['relu', 'tanh', 'sigmoid', 'elu']","[1e-05, 0.01]","[2, 3, 4, 5, 6, 7, 8, 9, 10, 11, 12, 13, 14, 15, 16, 17, 18, 19, 20, 21, 22, 23, 24, 25, 26, 27, 28, 29, 30]","[16, 32, 64, 128]","[5, 10, 15, 20]","[2, 3, 5, 7]","[2, 4, 8]",anneal,minimize,local
bkcda5s4,123,880,1779243236095,,/home/meliani/nni-experiments/bkcda5s4,33,exp_anneal_80_mat_only_mat_only,hpo,/home/meliani/Desktop/phd/fast-track/search_space.json,python3 trial.py --data ./mat_only.csv,/home/meliani/Desktop/phd/fast-track,1,360000s,80,False,False,info,/home/meliani/nni-experiments,"['LSTM', 'GRU', 'CNN', 'RNN', 'TCN', 'Transformer', 'MLP']","[16, 32, 64, 128, 256]","[1, 2, 3, 4]","[0, 0.1, 0.2, 0.3, 0.5]","['relu', 'tanh', 'sigmoid', 'elu']","[1e-05, 0.01]","[2, 3, 4, 5, 6, 7, 8, 9, 10, 11, 12, 13, 14, 15, 16, 17, 18, 19, 20, 21, 22, 23, 24, 25, 26, 27, 28, 29, 30]","[16, 32, 64, 128]","[5, 10, 15, 20]","[2, 3, 5, 7]","[2, 4, 8]",anneal,minimize,local
bkcda5s4,124,883,1779243236095,,/home/meliani/nni-experiments/bkcda5s4,34,exp_anneal_80_mat_only_mat_only,hpo,/home/meliani/Desktop/phd/fast-track/search_space.json,python3 trial.py --data ./mat_only.csv,/home/meliani/Desktop/phd/fast-track,1,360000s,80,False,False,info,/home/meliani/nni-experiments,"['LSTM', 'GRU', 'CNN', 'RNN', 'TCN', 'Transformer', 'MLP']","[16, 32, 64, 128, 256]","[1, 2, 3, 4]","[0, 0.1, 0.2, 0.3, 0.5]","['relu', 'tanh', 'sigmoid', 'elu']","[1e-05, 0.01]","[2, 3, 4, 5, 6, 7, 8, 9, 10, 11, 12, 13, 14, 15, 16, 17, 18, 19, 20, 21, 22, 23, 24, 25, 26, 27, 28, 29, 30]","[16, 32, 64, 128]","[5, 10, 15, 20]","[2, 3, 5, 7]","[2, 4, 8]",anneal,minimize,local
bkcda5s4,125,890,1779243236095,,/home/meliani/nni-experiments/bkcda5s4,34,exp_anneal_80_mat_only_mat_only,hpo,/home/meliani/Desktop/phd/fast-track/search_space.json,python3 trial.py --data ./mat_only.csv,/home/meliani/Desktop/phd/fast-track,1,360000s,80,False,False,info,/home/meliani/nni-experiments,"['LSTM', 'GRU', 'CNN', 'RNN', 'TCN', 'Transformer', 'MLP']","[16, 32, 64, 128, 256]","[1, 2, 3, 4]","[0, 0.1, 0.2, 0.3, 0.5]","['relu', 'tanh', 'sigmoid', 'elu']","[1e-05, 0.01]","[2, 3, 4, 5, 6, 7, 8, 9, 10, 11, 12, 13, 14, 15, 16, 17, 18, 19, 20, 21, 22, 23, 24, 25, 26, 27, 28, 29, 30]","[16, 32, 64, 128]","[5, 10, 15, 20]","[2, 3, 5, 7]","[2, 4, 8]",anneal,minimize,local
bkcda5s4,126,900,1779243236095,,/home/meliani/nni-experiments/bkcda5s4,34,exp_anneal_80_mat_only_mat_only,hpo,/home/meliani/Desktop/phd/fast-track/search_space.json,python3 trial.py --data ./mat_only.csv,/home/meliani/Desktop/phd/fast-track,1,360000s,80,False,False,info,/home/meliani/nni-experiments,"['LSTM', 'GRU', 'CNN', 'RNN', 'TCN', 'Transformer', 'MLP']","[16, 32, 64, 128, 256]","[1, 2, 3, 4]","[0, 0.1, 0.2, 0.3, 0.5]","['relu', 'tanh', 'sigmoid', 'elu']","[1e-05, 0.01]","[2, 3, 4, 5, 6, 7, 8, 9, 10, 11, 12, 13, 14, 15, 16, 17, 18, 19, 20, 21, 22, 23, 24, 25, 26, 27, 28, 29, 30]","[16, 32, 64, 128]","[5, 10, 15, 20]","[2, 3, 5, 7]","[2, 4, 8]",anneal,minimize,local
bkcda5s4,127,910,1779243236095,,/home/meliani/nni-experiments/bkcda5s4,34,exp_anneal_80_mat_only_mat_only,hpo,/home/meliani/Desktop/phd/fast-track/search_space.json,python3 trial.py --data ./mat_only.csv,/home/meliani/Desktop/phd/fast-track,1,360000s,80,False,False,info,/home/meliani/nni-experiments,"['LSTM', 'GRU', 'CNN', 'RNN', 'TCN', 'Transformer', 'MLP']","[16, 32, 64, 128, 256]","[1, 2, 3, 4]","[0, 0.1, 0.2, 0.3, 0.5]","['relu', 'tanh', 'sigmoid', 'elu']","[1e-05, 0.01]","[2, 3, 4, 5, 6, 7, 8, 9, 10, 11, 12, 13, 14, 15, 16, 17, 18, 19, 20, 21, 22, 23, 24, 25, 26, 27, 28, 29, 30]","[16, 32, 64, 128]","[5, 10, 15, 20]","[2, 3, 5, 7]","[2, 4, 8]",anneal,minimize,local
bkcda5s4,128,920,1779243236095,,/home/meliani/nni-experiments/bkcda5s4,34,exp_anneal_80_mat_only_mat_only,hpo,/home/meliani/Desktop/phd/fast-track/search_space.json,python3 trial.py --data ./mat_only.csv,/home/meliani/Desktop/phd/fast-track,1,360000s,80,False,False,info,/home/meliani/nni-experiments,"['LSTM', 'GRU', 'CNN', 'RNN', 'TCN', 'Transformer', 'MLP']","[16, 32, 64, 128, 256]","[1, 2, 3, 4]","[0, 0.1, 0.2, 0.3, 0.5]","['relu', 'tanh', 'sigmoid', 'elu']","[1e-05, 0.01]","[2, 3, 4, 5, 6, 7, 8, 9, 10, 11, 12, 13, 14, 15, 16, 17, 18, 19, 20, 21, 22, 23, 24, 25, 26, 27, 28, 29, 30]","[16, 32, 64, 128]","[5, 10, 15, 20]","[2, 3, 5, 7]","[2, 4, 8]",anneal,minimize,local
bkcda5s4,129,930,1779243236095,,/home/meliani/nni-experiments/bkcda5s4,34,exp_anneal_80_mat_only_mat_only,hpo,/home/meliani/Desktop/phd/fast-track/search_space.json,python3 trial.py --data ./mat_only.csv,/home/meliani/Desktop/phd/fast-track,1,360000s,80,False,False,info,/home/meliani/nni-experiments,"['LSTM', 'GRU', 'CNN', 'RNN', 'TCN', 'Transformer', 'MLP']","[16, 32, 64, 128, 256]","[1, 2, 3, 4]","[0, 0.1, 0.2, 0.3, 0.5]","['relu', 'tanh', 'sigmoid', 'elu']","[1e-05, 0.01]","[2, 3, 4, 5, 6, 7, 8, 9, 10, 11, 12, 13, 14, 15, 16, 17, 18, 19, 20, 21, 22, 23, 24, 25, 26, 27, 28, 29, 30]","[16, 32, 64, 128]","[5, 10, 15, 20]","[2, 3, 5, 7]","[2, 4, 8]",anneal,minimize,local
bkcda5s4,130,932,1779243236095,,/home/meliani/nni-experiments/bkcda5s4,35,exp_anneal_80_mat_only_mat_only,hpo,/home/meliani/Desktop/phd/fast-track/search_space.json,python3 trial.py --data ./mat_only.csv,/home/meliani/Desktop/phd/fast-track,1,360000s,80,False,False,info,/home/meliani/nni-experiments,"['LSTM', 'GRU', 'CNN', 'RNN', 'TCN', 'Transformer', 'MLP']","[16, 32, 64, 128, 256]","[1, 2, 3, 4]","[0, 0.1, 0.2, 0.3, 0.5]","['relu', 'tanh', 'sigmoid', 'elu']","[1e-05, 0.01]","[2, 3, 4, 5, 6, 7, 8, 9, 10, 11, 12, 13, 14, 15, 16, 17, 18, 19, 20, 21, 22, 23, 24, 25, 26, 27, 28, 29, 30]","[16, 32, 64, 128]","[5, 10, 15, 20]","[2, 3, 5, 7]","[2, 4, 8]",anneal,minimize,local
bkcda5s4,131,940,1779243236095,,/home/meliani/nni-experiments/bkcda5s4,35,exp_anneal_80_mat_only_mat_only,hpo,/home/meliani/Desktop/phd/fast-track/search_space.json,python3 trial.py --data ./mat_only.csv,/home/meliani/Desktop/phd/fast-track,1,360000s,80,False,False,info,/home/meliani/nni-experiments,"['LSTM', 'GRU', 'CNN', 'RNN', 'TCN', 'Transformer', 'MLP']","[16, 32, 64, 128, 256]","[1, 2, 3, 4]","[0, 0.1, 0.2, 0.3, 0.5]","['relu', 'tanh', 'sigmoid', 'elu']","[1e-05, 0.01]","[2, 3, 4, 5, 6, 7, 8, 9, 10, 11, 12, 13, 14, 15, 16, 17, 18, 19, 20, 21, 22, 23, 24, 25, 26, 27, 28, 29, 30]","[16, 32, 64, 128]","[5, 10, 15, 20]","[2, 3, 5, 7]","[2, 4, 8]",anneal,minimize,local
bkcda5s4,132,950,1779243236095,,/home/meliani/nni-experiments/bkcda5s4,35,exp_anneal_80_mat_only_mat_only,hpo,/home/meliani/Desktop/phd/fast-track/search_space.json,python3 trial.py --data ./mat_only.csv,/home/meliani/Desktop/phd/fast-track,1,360000s,80,False,False,info,/home/meliani/nni-experiments,"['LSTM', 'GRU', 'CNN', 'RNN', 'TCN', 'Transformer', 'MLP']","[16, 32, 64, 128, 256]","[1, 2, 3, 4]","[0, 0.1, 0.2, 0.3, 0.5]","['relu', 'tanh', 'sigmoid', 'elu']","[1e-05, 0.01]","[2, 3, 4, 5, 6, 7, 8, 9, 10, 11, 12, 13, 14, 15, 16, 17, 18, 19, 20, 21, 22, 23, 24, 25, 26, 27, 28, 29, 30]","[16, 32, 64, 128]","[5, 10, 15, 20]","[2, 3, 5, 7]","[2, 4, 8]",anneal,minimize,local
bkcda5s4,133,953,1779243236095,,/home/meliani/nni-experiments/bkcda5s4,36,exp_anneal_80_mat_only_mat_only,hpo,/home/meliani/Desktop/phd/fast-track/search_space.json,python3 trial.py --data ./mat_only.csv,/home/meliani/Desktop/phd/fast-track,1,360000s,80,False,False,info,/home/meliani/nni-experiments,"['LSTM', 'GRU', 'CNN', 'RNN', 'TCN', 'Transformer', 'MLP']","[16, 32, 64, 128, 256]","[1, 2, 3, 4]","[0, 0.1, 0.2, 0.3, 0.5]","['relu', 'tanh', 'sigmoid', 'elu']","[1e-05, 0.01]","[2, 3, 4, 5, 6, 7, 8, 9, 10, 11, 12, 13, 14, 15, 16, 17, 18, 19, 20, 21, 22, 23, 24, 25, 26, 27, 28, 29, 30]","[16, 32, 64, 128]","[5, 10, 15, 20]","[2, 3, 5, 7]","[2, 4, 8]",anneal,minimize,local
bkcda5s4,134,960,1779243236095,,/home/meliani/nni-experiments/bkcda5s4,36,exp_anneal_80_mat_only_mat_only,hpo,/home/meliani/Desktop/phd/fast-track/search_space.json,python3 trial.py --data ./mat_only.csv,/home/meliani/Desktop/phd/fast-track,1,360000s,80,False,False,info,/home/meliani/nni-experiments,"['LSTM', 'GRU', 'CNN', 'RNN', 'TCN', 'Transformer', 'MLP']","[16, 32, 64, 128, 256]","[1, 2, 3, 4]","[0, 0.1, 0.2, 0.3, 0.5]","['relu', 'tanh', 'sigmoid', 'elu']","[1e-05, 0.01]","[2, 3, 4, 5, 6, 7, 8, 9, 10, 11, 12, 13, 14, 15, 16, 17, 18, 19, 20, 21, 22, 23, 24, 25, 26, 27, 28, 29, 30]","[16, 32, 64, 128]","[5, 10, 15, 20]","[2, 3, 5, 7]","[2, 4, 8]",anneal,minimize,local
bkcda5s4,135,970,1779243236095,,/home/meliani/nni-experiments/bkcda5s4,36,exp_anneal_80_mat_only_mat_only,hpo,/home/meliani/Desktop/phd/fast-track/search_space.json,python3 trial.py --data ./mat_only.csv,/home/meliani/Desktop/phd/fast-track,1,360000s,80,False,False,info,/home/meliani/nni-experiments,"['LSTM', 'GRU', 'CNN', 'RNN', 'TCN', 'Transformer', 'MLP']","[16, 32, 64, 128, 256]","[1, 2, 3, 4]","[0, 0.1, 0.2, 0.3, 0.5]","['relu', 'tanh', 'sigmoid', 'elu']","[1e-05, 0.01]","[2, 3, 4, 5, 6, 7, 8, 9, 10, 11, 12, 13, 14, 15, 16, 17, 18, 19, 20, 21, 22, 23, 24, 25, 26, 27, 28, 29, 30]","[16, 32, 64, 128]","[5, 10, 15, 20]","[2, 3, 5, 7]","[2, 4, 8]",anneal,minimize,local
bkcda5s4,136,973,1779243236095,,/home/meliani/nni-experiments/bkcda5s4,37,exp_anneal_80_mat_only_mat_only,hpo,/home/meliani/Desktop/phd/fast-track/search_space.json,python3 trial.py --data ./mat_only.csv,/home/meliani/Desktop/phd/fast-track,1,360000s,80,False,False,info,/home/meliani/nni-experiments,"['LSTM', 'GRU', 'CNN', 'RNN', 'TCN', 'Transformer', 'MLP']","[16, 32, 64, 128, 256]","[1, 2, 3, 4]","[0, 0.1, 0.2, 0.3, 0.5]","['relu', 'tanh', 'sigmoid', 'elu']","[1e-05, 0.01]","[2, 3, 4, 5, 6, 7, 8, 9, 10, 11, 12, 13, 14, 15, 16, 17, 18, 19, 20, 21, 22, 23, 24, 25, 26, 27, 28, 29, 30]","[16, 32, 64, 128]","[5, 10, 15, 20]","[2, 3, 5, 7]","[2, 4, 8]",anneal,minimize,local
bkcda5s4,137,980,1779243236095,,/home/meliani/nni-experiments/bkcda5s4,37,exp_anneal_80_mat_only_mat_only,hpo,/home/meliani/Desktop/phd/fast-track/search_space.json,python3 trial.py --data ./mat_only.csv,/home/meliani/Desktop/phd/fast-track,1,360000s,80,False,False,info,/home/meliani/nni-experiments,"['LSTM', 'GRU', 'CNN', 'RNN', 'TCN', 'Transformer', 'MLP']","[16, 32, 64, 128, 256]","[1, 2, 3, 4]","[0, 0.1, 0.2, 0.3, 0.5]","['relu', 'tanh', 'sigmoid', 'elu']","[1e-05, 0.01]","[2, 3, 4, 5, 6, 7, 8, 9, 10, 11, 12, 13, 14, 15, 16, 17, 18, 19, 20, 21, 22, 23, 24, 25, 26, 27, 28, 29, 30]","[16, 32, 64, 128]","[5, 10, 15, 20]","[2, 3, 5, 7]","[2, 4, 8]",anneal,minimize,local
bkcda5s4,138,990,1779243236095,,/home/meliani/nni-experiments/bkcda5s4,37,exp_anneal_80_mat_only_mat_only,hpo,/home/meliani/Desktop/phd/fast-track/search_space.json,python3 trial.py --data ./mat_only.csv,/home/meliani/Desktop/phd/fast-track,1,360000s,80,False,False,info,/home/meliani/nni-experiments,"['LSTM', 'GRU', 'CNN', 'RNN', 'TCN', 'Transformer', 'MLP']","[16, 32, 64, 128, 256]","[1, 2, 3, 4]","[0, 0.1, 0.2, 0.3, 0.5]","['relu', 'tanh', 'sigmoid', 'elu']","[1e-05, 0.01]","[2, 3, 4, 5, 6, 7, 8, 9, 10, 11, 12, 13, 14, 15, 16, 17, 18, 19, 20, 21, 22, 23, 24, 25, 26, 27, 28, 29, 30]","[16, 32, 64, 128]","[5, 10, 15, 20]","[2, 3, 5, 7]","[2, 4, 8]",anneal,minimize,local
bkcda5s4,139,1000,1779243236095,,/home/meliani/nni-experiments/bkcda5s4,37,exp_anneal_80_mat_only_mat_only,hpo,/home/meliani/Desktop/phd/fast-track/search_space.json,python3 trial.py --data ./mat_only.csv,/home/meliani/Desktop/phd/fast-track,1,360000s,80,False,False,info,/home/meliani/nni-experiments,"['LSTM', 'GRU', 'CNN', 'RNN', 'TCN', 'Transformer', 'MLP']","[16, 32, 64, 128, 256]","[1, 2, 3, 4]","[0, 0.1, 0.2, 0.3, 0.5]","['relu', 'tanh', 'sigmoid', 'elu']","[1e-05, 0.01]","[2, 3, 4, 5, 6, 7, 8, 9, 10, 11, 12, 13, 14, 15, 16, 17, 18, 19, 20, 21, 22, 23, 24, 25, 26, 27, 28, 29, 30]","[16, 32, 64, 128]","[5, 10, 15, 20]","[2, 3, 5, 7]","[2, 4, 8]",anneal,minimize,local
bkcda5s4,140,1003,1779243236095,,/home/meliani/nni-experiments/bkcda5s4,38,exp_anneal_80_mat_only_mat_only,hpo,/home/meliani/Desktop/phd/fast-track/search_space.json,python3 trial.py --data ./mat_only.csv,/home/meliani/Desktop/phd/fast-track,1,360000s,80,False,False,info,/home/meliani/nni-experiments,"['LSTM', 'GRU', 'CNN', 'RNN', 'TCN', 'Transformer', 'MLP']","[16, 32, 64, 128, 256]","[1, 2, 3, 4]","[0, 0.1, 0.2, 0.3, 0.5]","['relu', 'tanh', 'sigmoid', 'elu']","[1e-05, 0.01]","[2, 3, 4, 5, 6, 7, 8, 9, 10, 11, 12, 13, 14, 15, 16, 17, 18, 19, 20, 21, 22, 23, 24, 25, 26, 27, 28, 29, 30]","[16, 32, 64, 128]","[5, 10, 15, 20]","[2, 3, 5, 7]","[2, 4, 8]",anneal,minimize,local
bkcda5s4,141,1010,1779243236095,,/home/meliani/nni-experiments/bkcda5s4,38,exp_anneal_80_mat_only_mat_only,hpo,/home/meliani/Desktop/phd/fast-track/search_space.json,python3 trial.py --data ./mat_only.csv,/home/meliani/Desktop/phd/fast-track,1,360000s,80,False,False,info,/home/meliani/nni-experiments,"['LSTM', 'GRU', 'CNN', 'RNN', 'TCN', 'Transformer', 'MLP']","[16, 32, 64, 128, 256]","[1, 2, 3, 4]","[0, 0.1, 0.2, 0.3, 0.5]","['relu', 'tanh', 'sigmoid', 'elu']","[1e-05, 0.01]","[2, 3, 4, 5, 6, 7, 8, 9, 10, 11, 12, 13, 14, 15, 16, 17, 18, 19, 20, 21, 22, 23, 24, 25, 26, 27, 28, 29, 30]","[16, 32, 64, 128]","[5, 10, 15, 20]","[2, 3, 5, 7]","[2, 4, 8]",anneal,minimize,local
bkcda5s4,142,1020,1779243236095,,/home/meliani/nni-experiments/bkcda5s4,38,exp_anneal_80_mat_only_mat_only,hpo,/home/meliani/Desktop/phd/fast-track/search_space.json,python3 trial.py --data ./mat_only.csv,/home/meliani/Desktop/phd/fast-track,1,360000s,80,False,False,info,/home/meliani/nni-experiments,"['LSTM', 'GRU', 'CNN', 'RNN', 'TCN', 'Transformer', 'MLP']","[16, 32, 64, 128, 256]","[1, 2, 3, 4]","[0, 0.1, 0.2, 0.3, 0.5]","['relu', 'tanh', 'sigmoid', 'elu']","[1e-05, 0.01]","[2, 3, 4, 5, 6, 7, 8, 9, 10, 11, 12, 13, 14, 15, 16, 17, 18, 19, 20, 21, 22, 23, 24, 25, 26, 27, 28, 29, 30]","[16, 32, 64, 128]","[5, 10, 15, 20]","[2, 3, 5, 7]","[2, 4, 8]",anneal,minimize,local
bkcda5s4,143,1030,1779243236095,,/home/meliani/nni-experiments/bkcda5s4,38,exp_anneal_80_mat_only_mat_only,hpo,/home/meliani/Desktop/phd/fast-track/search_space.json,python3 trial.py --data ./mat_only.csv,/home/meliani/Desktop/phd/fast-track,1,360000s,80,False,False,info,/home/meliani/nni-experiments,"['LSTM', 'GRU', 'CNN', 'RNN', 'TCN', 'Transformer', 'MLP']","[16, 32, 64, 128, 256]","[1, 2, 3, 4]","[0, 0.1, 0.2, 0.3, 0.5]","['relu', 'tanh', 'sigmoid', 'elu']","[1e-05, 0.01]","[2, 3, 4, 5, 6, 7, 8, 9, 10, 11, 12, 13, 14, 15, 16, 17, 18, 19, 20, 21, 22, 23, 24, 25, 26, 27, 28, 29, 30]","[16, 32, 64, 128]","[5, 10, 15, 20]","[2, 3, 5, 7]","[2, 4, 8]",anneal,minimize,local
bkcda5s4,144,1040,1779243236095,,/home/meliani/nni-experiments/bkcda5s4,38,exp_anneal_80_mat_only_mat_only,hpo,/home/meliani/Desktop/phd/fast-track/search_space.json,python3 trial.py --data ./mat_only.csv,/home/meliani/Desktop/phd/fast-track,1,360000s,80,False,False,info,/home/meliani/nni-experiments,"['LSTM', 'GRU', 'CNN', 'RNN', 'TCN', 'Transformer', 'MLP']","[16, 32, 64, 128, 256]","[1, 2, 3, 4]","[0, 0.1, 0.2, 0.3, 0.5]","['relu', 'tanh', 'sigmoid', 'elu']","[1e-05, 0.01]","[2, 3, 4, 5, 6, 7, 8, 9, 10, 11, 12, 13, 14, 15, 16, 17, 18, 19, 20, 21, 22, 23, 24, 25, 26, 27, 28, 29, 30]","[16, 32, 64, 128]","[5, 10, 15, 20]","[2, 3, 5, 7]","[2, 4, 8]",anneal,minimize,local
bkcda5s4,145,1050,1779243236095,,/home/meliani/nni-experiments/bkcda5s4,38,exp_anneal_80_mat_only_mat_only,hpo,/home/meliani/Desktop/phd/fast-track/search_space.json,python3 trial.py --data ./mat_only.csv,/home/meliani/Desktop/phd/fast-track,1,360000s,80,False,False,info,/home/meliani/nni-experiments,"['LSTM', 'GRU', 'CNN', 'RNN', 'TCN', 'Transformer', 'MLP']","[16, 32, 64, 128, 256]","[1, 2, 3, 4]","[0, 0.1, 0.2, 0.3, 0.5]","['relu', 'tanh', 'sigmoid', 'elu']","[1e-05, 0.01]","[2, 3, 4, 5, 6, 7, 8, 9, 10, 11, 12, 13, 14, 15, 16, 17, 18, 19, 20, 21, 22, 23, 24, 25, 26, 27, 28, 29, 30]","[16, 32, 64, 128]","[5, 10, 15, 20]","[2, 3, 5, 7]","[2, 4, 8]",anneal,minimize,local
bkcda5s4,146,1060,1779243236095,,/home/meliani/nni-experiments/bkcda5s4,38,exp_anneal_80_mat_only_mat_only,hpo,/home/meliani/Desktop/phd/fast-track/search_space.json,python3 trial.py --data ./mat_only.csv,/home/meliani/Desktop/phd/fast-track,1,360000s,80,False,False,info,/home/meliani/nni-experiments,"['LSTM', 'GRU', 'CNN', 'RNN', 'TCN', 'Transformer', 'MLP']","[16, 32, 64, 128, 256]","[1, 2, 3, 4]","[0, 0.1, 0.2, 0.3, 0.5]","['relu', 'tanh', 'sigmoid', 'elu']","[1e-05, 0.01]","[2, 3, 4, 5, 6, 7, 8, 9, 10, 11, 12, 13, 14, 15, 16, 17, 18, 19, 20, 21, 22, 23, 24, 25, 26, 27, 28, 29, 30]","[16, 32, 64, 128]","[5, 10, 15, 20]","[2, 3, 5, 7]","[2, 4, 8]",anneal,minimize,local
bkcda5s4,147,1066,1779243236095,,/home/meliani/nni-experiments/bkcda5s4,39,exp_anneal_80_mat_only_mat_only,hpo,/home/meliani/Desktop/phd/fast-track/search_space.json,python3 trial.py --data ./mat_only.csv,/home/meliani/Desktop/phd/fast-track,1,360000s,80,False,False,info,/home/meliani/nni-experiments,"['LSTM', 'GRU', 'CNN', 'RNN', 'TCN', 'Transformer', 'MLP']","[16, 32, 64, 128, 256]","[1, 2, 3, 4]","[0, 0.1, 0.2, 0.3, 0.5]","['relu', 'tanh', 'sigmoid', 'elu']","[1e-05, 0.01]","[2, 3, 4, 5, 6, 7, 8, 9, 10, 11, 12, 13, 14, 15, 16, 17, 18, 19, 20, 21, 22, 23, 24, 25, 26, 27, 28, 29, 30]","[16, 32, 64, 128]","[5, 10, 15, 20]","[2, 3, 5, 7]","[2, 4, 8]",anneal,minimize,local
bkcda5s4,148,1070,1779243236095,,/home/meliani/nni-experiments/bkcda5s4,39,exp_anneal_80_mat_only_mat_only,hpo,/home/meliani/Desktop/phd/fast-track/search_space.json,python3 trial.py --data ./mat_only.csv,/home/meliani/Desktop/phd/fast-track,1,360000s,80,False,False,info,/home/meliani/nni-experiments,"['LSTM', 'GRU', 'CNN', 'RNN', 'TCN', 'Transformer', 'MLP']","[16, 32, 64, 128, 256]","[1, 2, 3, 4]","[0, 0.1, 0.2, 0.3, 0.5]","['relu', 'tanh', 'sigmoid', 'elu']","[1e-05, 0.01]","[2, 3, 4, 5, 6, 7, 8, 9, 10, 11, 12, 13, 14, 15, 16, 17, 18, 19, 20, 21, 22, 23, 24, 25, 26, 27, 28, 29, 30]","[16, 32, 64, 128]","[5, 10, 15, 20]","[2, 3, 5, 7]","[2, 4, 8]",anneal,minimize,local
bkcda5s4,149,1080,1779243236095,,/home/meliani/nni-experiments/bkcda5s4,39,exp_anneal_80_mat_only_mat_only,hpo,/home/meliani/Desktop/phd/fast-track/search_space.json,python3 trial.py --data ./mat_only.csv,/home/meliani/Desktop/phd/fast-track,1,360000s,80,False,False,info,/home/meliani/nni-experiments,"['LSTM', 'GRU', 'CNN', 'RNN', 'TCN', 'Transformer', 'MLP']","[16, 32, 64, 128, 256]","[1, 2, 3, 4]","[0, 0.1, 0.2, 0.3, 0.5]","['relu', 'tanh', 'sigmoid', 'elu']","[1e-05, 0.01]","[2, 3, 4, 5, 6, 7, 8, 9, 10, 11, 12, 13, 14, 15, 16, 17, 18, 19, 20, 21, 22, 23, 24, 25, 26, 27, 28, 29, 30]","[16, 32, 64, 128]","[5, 10, 15, 20]","[2, 3, 5, 7]","[2, 4, 8]",anneal,minimize,local
bkcda5s4,150,1090,1779243236095,,/home/meliani/nni-experiments/bkcda5s4,39,exp_anneal_80_mat_only_mat_only,hpo,/home/meliani/Desktop/phd/fast-track/search_space.json,python3 trial.py --data ./mat_only.csv,/home/meliani/Desktop/phd/fast-track,1,360000s,80,False,False,info,/home/meliani/nni-experiments,"['LSTM', 'GRU', 'CNN', 'RNN', 'TCN', 'Transformer', 'MLP']","[16, 32, 64, 128, 256]","[1, 2, 3, 4]","[0, 0.1, 0.2, 0.3, 0.5]","['relu', 'tanh', 'sigmoid', 'elu']","[1e-05, 0.01]","[2, 3, 4, 5, 6, 7, 8, 9, 10, 11, 12, 13, 14, 15, 16, 17, 18, 19, 20, 21, 22, 23, 24, 25, 26, 27, 28, 29, 30]","[16, 32, 64, 128]","[5, 10, 15, 20]","[2, 3, 5, 7]","[2, 4, 8]",anneal,minimize,local
bkcda5s4,151,1100,1779243236095,,/home/meliani/nni-experiments/bkcda5s4,39,exp_anneal_80_mat_only_mat_only,hpo,/home/meliani/Desktop/phd/fast-track/search_space.json,python3 trial.py --data ./mat_only.csv,/home/meliani/Desktop/phd/fast-track,1,360000s,80,False,False,info,/home/meliani/nni-experiments,"['LSTM', 'GRU', 'CNN', 'RNN', 'TCN', 'Transformer', 'MLP']","[16, 32, 64, 128, 256]","[1, 2, 3, 4]","[0, 0.1, 0.2, 0.3, 0.5]","['relu', 'tanh', 'sigmoid', 'elu']","[1e-05, 0.01]","[2, 3, 4, 5, 6, 7, 8, 9, 10, 11, 12, 13, 14, 15, 16, 17, 18, 19, 20, 21, 22, 23, 24, 25, 26, 27, 28, 29, 30]","[16, 32, 64, 128]","[5, 10, 15, 20]","[2, 3, 5, 7]","[2, 4, 8]",anneal,minimize,local
bkcda5s4,152,1110,1779243236095,,/home/meliani/nni-experiments/bkcda5s4,39,exp_anneal_80_mat_only_mat_only,hpo,/home/meliani/Desktop/phd/fast-track/search_space.json,python3 trial.py --data ./mat_only.csv,/home/meliani/Desktop/phd/fast-track,1,360000s,80,False,False,info,/home/meliani/nni-experiments,"['LSTM', 'GRU', 'CNN', 'RNN', 'TCN', 'Transformer', 'MLP']","[16, 32, 64, 128, 256]","[1, 2, 3, 4]","[0, 0.1, 0.2, 0.3, 0.5]","['relu', 'tanh', 'sigmoid', 'elu']","[1e-05, 0.01]","[2, 3, 4, 5, 6, 7, 8, 9, 10, 11, 12, 13, 14, 15, 16, 17, 18, 19, 20, 21, 22, 23, 24, 25, 26, 27, 28, 29, 30]","[16, 32, 64, 128]","[5, 10, 15, 20]","[2, 3, 5, 7]","[2, 4, 8]",anneal,minimize,local
bkcda5s4,153,1116,1779243236095,,/home/meliani/nni-experiments/bkcda5s4,40,exp_anneal_80_mat_only_mat_only,hpo,/home/meliani/Desktop/phd/fast-track/search_space.json,python3 trial.py --data ./mat_only.csv,/home/meliani/Desktop/phd/fast-track,1,360000s,80,False,False,info,/home/meliani/nni-experiments,"['LSTM', 'GRU', 'CNN', 'RNN', 'TCN', 'Transformer', 'MLP']","[16, 32, 64, 128, 256]","[1, 2, 3, 4]","[0, 0.1, 0.2, 0.3, 0.5]","['relu', 'tanh', 'sigmoid', 'elu']","[1e-05, 0.01]","[2, 3, 4, 5, 6, 7, 8, 9, 10, 11, 12, 13, 14, 15, 16, 17, 18, 19, 20, 21, 22, 23, 24, 25, 26, 27, 28, 29, 30]","[16, 32, 64, 128]","[5, 10, 15, 20]","[2, 3, 5, 7]","[2, 4, 8]",anneal,minimize,local
bkcda5s4,154,1120,1779243236095,,/home/meliani/nni-experiments/bkcda5s4,40,exp_anneal_80_mat_only_mat_only,hpo,/home/meliani/Desktop/phd/fast-track/search_space.json,python3 trial.py --data ./mat_only.csv,/home/meliani/Desktop/phd/fast-track,1,360000s,80,False,False,info,/home/meliani/nni-experiments,"['LSTM', 'GRU', 'CNN', 'RNN', 'TCN', 'Transformer', 'MLP']","[16, 32, 64, 128, 256]","[1, 2, 3, 4]","[0, 0.1, 0.2, 0.3, 0.5]","['relu', 'tanh', 'sigmoid', 'elu']","[1e-05, 0.01]","[2, 3, 4, 5, 6, 7, 8, 9, 10, 11, 12, 13, 14, 15, 16, 17, 18, 19, 20, 21, 22, 23, 24, 25, 26, 27, 28, 29, 30]","[16, 32, 64, 128]","[5, 10, 15, 20]","[2, 3, 5, 7]","[2, 4, 8]",anneal,minimize,local
bkcda5s4,155,1130,1779243236095,,/home/meliani/nni-experiments/bkcda5s4,40,exp_anneal_80_mat_only_mat_only,hpo,/home/meliani/Desktop/phd/fast-track/search_space.json,python3 trial.py --data ./mat_only.csv,/home/meliani/Desktop/phd/fast-track,1,360000s,80,False,False,info,/home/meliani/nni-experiments,"['LSTM', 'GRU', 'CNN', 'RNN', 'TCN', 'Transformer', 'MLP']","[16, 32, 64, 128, 256]","[1, 2, 3, 4]","[0, 0.1, 0.2, 0.3, 0.5]","['relu', 'tanh', 'sigmoid', 'elu']","[1e-05, 0.01]","[2, 3, 4, 5, 6, 7, 8, 9, 10, 11, 12, 13, 14, 15, 16, 17, 18, 19, 20, 21, 22, 23, 24, 25, 26, 27, 28, 29, 30]","[16, 32, 64, 128]","[5, 10, 15, 20]","[2, 3, 5, 7]","[2, 4, 8]",anneal,minimize,local
bkcda5s4,156,1140,1779243236095,,/home/meliani/nni-experiments/bkcda5s4,40,exp_anneal_80_mat_only_mat_only,hpo,/home/meliani/Desktop/phd/fast-track/search_space.json,python3 trial.py --data ./mat_only.csv,/home/meliani/Desktop/phd/fast-track,1,360000s,80,False,False,info,/home/meliani/nni-experiments,"['LSTM', 'GRU', 'CNN', 'RNN', 'TCN', 'Transformer', 'MLP']","[16, 32, 64, 128, 256]","[1, 2, 3, 4]","[0, 0.1, 0.2, 0.3, 0.5]","['relu', 'tanh', 'sigmoid', 'elu']","[1e-05, 0.01]","[2, 3, 4, 5, 6, 7, 8, 9, 10, 11, 12, 13, 14, 15, 16, 17, 18, 19, 20, 21, 22, 23, 24, 25, 26, 27, 28, 29, 30]","[16, 32, 64, 128]","[5, 10, 15, 20]","[2, 3, 5, 7]","[2, 4, 8]",anneal,minimize,local
bkcda5s4,157,1150,1779243236095,,/home/meliani/nni-experiments/bkcda5s4,40,exp_anneal_80_mat_only_mat_only,hpo,/home/meliani/Desktop/phd/fast-track/search_space.json,python3 trial.py --data ./mat_only.csv,/home/meliani/Desktop/phd/fast-track,1,360000s,80,False,False,info,/home/meliani/nni-experiments,"['LSTM', 'GRU', 'CNN', 'RNN', 'TCN', 'Transformer', 'MLP']","[16, 32, 64, 128, 256]","[1, 2, 3, 4]","[0, 0.1, 0.2, 0.3, 0.5]","['relu', 'tanh', 'sigmoid', 'elu']","[1e-05, 0.01]","[2, 3, 4, 5, 6, 7, 8, 9, 10, 11, 12, 13, 14, 15, 16, 17, 18, 19, 20, 21, 22, 23, 24, 25, 26, 27, 28, 29, 30]","[16, 32, 64, 128]","[5, 10, 15, 20]","[2, 3, 5, 7]","[2, 4, 8]",anneal,minimize,local
bkcda5s4,158,1160,1779243236095,,/home/meliani/nni-experiments/bkcda5s4,40,exp_anneal_80_mat_only_mat_only,hpo,/home/meliani/Desktop/phd/fast-track/search_space.json,python3 trial.py --data ./mat_only.csv,/home/meliani/Desktop/phd/fast-track,1,360000s,80,False,False,info,/home/meliani/nni-experiments,"['LSTM', 'GRU', 'CNN', 'RNN', 'TCN', 'Transformer', 'MLP']","[16, 32, 64, 128, 256]","[1, 2, 3, 4]","[0, 0.1, 0.2, 0.3, 0.5]","['relu', 'tanh', 'sigmoid', 'elu']","[1e-05, 0.01]","[2, 3, 4, 5, 6, 7, 8, 9, 10, 11, 12, 13, 14, 15, 16, 17, 18, 19, 20, 21, 22, 23, 24, 25, 26, 27, 28, 29, 30]","[16, 32, 64, 128]","[5, 10, 15, 20]","[2, 3, 5, 7]","[2, 4, 8]",anneal,minimize,local
bkcda5s4,159,1165,1779243236095,,/home/meliani/nni-experiments/bkcda5s4,41,exp_anneal_80_mat_only_mat_only,hpo,/home/meliani/Desktop/phd/fast-track/search_space.json,python3 trial.py --data ./mat_only.csv,/home/meliani/Desktop/phd/fast-track,1,360000s,80,False,False,info,/home/meliani/nni-experiments,"['LSTM', 'GRU', 'CNN', 'RNN', 'TCN', 'Transformer', 'MLP']","[16, 32, 64, 128, 256]","[1, 2, 3, 4]","[0, 0.1, 0.2, 0.3, 0.5]","['relu', 'tanh', 'sigmoid', 'elu']","[1e-05, 0.01]","[2, 3, 4, 5, 6, 7, 8, 9, 10, 11, 12, 13, 14, 15, 16, 17, 18, 19, 20, 21, 22, 23, 24, 25, 26, 27, 28, 29, 30]","[16, 32, 64, 128]","[5, 10, 15, 20]","[2, 3, 5, 7]","[2, 4, 8]",anneal,minimize,local
bkcda5s4,160,1170,1779243236095,,/home/meliani/nni-experiments/bkcda5s4,41,exp_anneal_80_mat_only_mat_only,hpo,/home/meliani/Desktop/phd/fast-track/search_space.json,python3 trial.py --data ./mat_only.csv,/home/meliani/Desktop/phd/fast-track,1,360000s,80,False,False,info,/home/meliani/nni-experiments,"['LSTM', 'GRU', 'CNN', 'RNN', 'TCN', 'Transformer', 'MLP']","[16, 32, 64, 128, 256]","[1, 2, 3, 4]","[0, 0.1, 0.2, 0.3, 0.5]","['relu', 'tanh', 'sigmoid', 'elu']","[1e-05, 0.01]","[2, 3, 4, 5, 6, 7, 8, 9, 10, 11, 12, 13, 14, 15, 16, 17, 18, 19, 20, 21, 22, 23, 24, 25, 26, 27, 28, 29, 30]","[16, 32, 64, 128]","[5, 10, 15, 20]","[2, 3, 5, 7]","[2, 4, 8]",anneal,minimize,local
bkcda5s4,161,1180,1779243236095,,/home/meliani/nni-experiments/bkcda5s4,41,exp_anneal_80_mat_only_mat_only,hpo,/home/meliani/Desktop/phd/fast-track/search_space.json,python3 trial.py --data ./mat_only.csv,/home/meliani/Desktop/phd/fast-track,1,360000s,80,False,False,info,/home/meliani/nni-experiments,"['LSTM', 'GRU', 'CNN', 'RNN', 'TCN', 'Transformer', 'MLP']","[16, 32, 64, 128, 256]","[1, 2, 3, 4]","[0, 0.1, 0.2, 0.3, 0.5]","['relu', 'tanh', 'sigmoid', 'elu']","[1e-05, 0.01]","[2, 3, 4, 5, 6, 7, 8, 9, 10, 11, 12, 13, 14, 15, 16, 17, 18, 19, 20, 21, 22, 23, 24, 25, 26, 27, 28, 29, 30]","[16, 32, 64, 128]","[5, 10, 15, 20]","[2, 3, 5, 7]","[2, 4, 8]",anneal,minimize,local
bkcda5s4,162,1182,1779243236095,,/home/meliani/nni-experiments/bkcda5s4,42,exp_anneal_80_mat_only_mat_only,hpo,/home/meliani/Desktop/phd/fast-track/search_space.json,python3 trial.py --data ./mat_only.csv,/home/meliani/Desktop/phd/fast-track,1,360000s,80,False,False,info,/home/meliani/nni-experiments,"['LSTM', 'GRU', 'CNN', 'RNN', 'TCN', 'Transformer', 'MLP']","[16, 32, 64, 128, 256]","[1, 2, 3, 4]","[0, 0.1, 0.2, 0.3, 0.5]","['relu', 'tanh', 'sigmoid', 'elu']","[1e-05, 0.01]","[2, 3, 4, 5, 6, 7, 8, 9, 10, 11, 12, 13, 14, 15, 16, 17, 18, 19, 20, 21, 22, 23, 24, 25, 26, 27, 28, 29, 30]","[16, 32, 64, 128]","[5, 10, 15, 20]","[2, 3, 5, 7]","[2, 4, 8]",anneal,minimize,local
bkcda5s4,163,1190,1779243236095,,/home/meliani/nni-experiments/bkcda5s4,42,exp_anneal_80_mat_only_mat_only,hpo,/home/meliani/Desktop/phd/fast-track/search_space.json,python3 trial.py --data ./mat_only.csv,/home/meliani/Desktop/phd/fast-track,1,360000s,80,False,False,info,/home/meliani/nni-experiments,"['LSTM', 'GRU', 'CNN', 'RNN', 'TCN', 'Transformer', 'MLP']","[16, 32, 64, 128, 256]","[1, 2, 3, 4]","[0, 0.1, 0.2, 0.3, 0.5]","['relu', 'tanh', 'sigmoid', 'elu']","[1e-05, 0.01]","[2, 3, 4, 5, 6, 7, 8, 9, 10, 11, 12, 13, 14, 15, 16, 17, 18, 19, 20, 21, 22, 23, 24, 25, 26, 27, 28, 29, 30]","[16, 32, 64, 128]","[5, 10, 15, 20]","[2, 3, 5, 7]","[2, 4, 8]",anneal,minimize,local
bkcda5s4,164,1200,1779243236095,,/home/meliani/nni-experiments/bkcda5s4,42,exp_anneal_80_mat_only_mat_only,hpo,/home/meliani/Desktop/phd/fast-track/search_space.json,python3 trial.py --data ./mat_only.csv,/home/meliani/Desktop/phd/fast-track,1,360000s,80,False,False,info,/home/meliani/nni-experiments,"['LSTM', 'GRU', 'CNN', 'RNN', 'TCN', 'Transformer', 'MLP']","[16, 32, 64, 128, 256]","[1, 2, 3, 4]","[0, 0.1, 0.2, 0.3, 0.5]","['relu', 'tanh', 'sigmoid', 'elu']","[1e-05, 0.01]","[2, 3, 4, 5, 6, 7, 8, 9, 10, 11, 12, 13, 14, 15, 16, 17, 18, 19, 20, 21, 22, 23, 24, 25, 26, 27, 28, 29, 30]","[16, 32, 64, 128]","[5, 10, 15, 20]","[2, 3, 5, 7]","[2, 4, 8]",anneal,minimize,local
bkcda5s4,165,1210,1779243236095,,/home/meliani/nni-experiments/bkcda5s4,42,exp_anneal_80_mat_only_mat_only,hpo,/home/meliani/Desktop/phd/fast-track/search_space.json,python3 trial.py --data ./mat_only.csv,/home/meliani/Desktop/phd/fast-track,1,360000s,80,False,False,info,/home/meliani/nni-experiments,"['LSTM', 'GRU', 'CNN', 'RNN', 'TCN', 'Transformer', 'MLP']","[16, 32, 64, 128, 256]","[1, 2, 3, 4]","[0, 0.1, 0.2, 0.3, 0.5]","['relu', 'tanh', 'sigmoid', 'elu']","[1e-05, 0.01]","[2, 3, 4, 5, 6, 7, 8, 9, 10, 11, 12, 13, 14, 15, 16, 17, 18, 19, 20, 21, 22, 23, 24, 25, 26, 27, 28, 29, 30]","[16, 32, 64, 128]","[5, 10, 15, 20]","[2, 3, 5, 7]","[2, 4, 8]",anneal,minimize,local
bkcda5s4,166,1220,1779243236095,,/home/meliani/nni-experiments/bkcda5s4,42,exp_anneal_80_mat_only_mat_only,hpo,/home/meliani/Desktop/phd/fast-track/search_space.json,python3 trial.py --data ./mat_only.csv,/home/meliani/Desktop/phd/fast-track,1,360000s,80,False,False,info,/home/meliani/nni-experiments,"['LSTM', 'GRU', 'CNN', 'RNN', 'TCN', 'Transformer', 'MLP']","[16, 32, 64, 128, 256]","[1, 2, 3, 4]","[0, 0.1, 0.2, 0.3, 0.5]","['relu', 'tanh', 'sigmoid', 'elu']","[1e-05, 0.01]","[2, 3, 4, 5, 6, 7, 8, 9, 10, 11, 12, 13, 14, 15, 16, 17, 18, 19, 20, 21, 22, 23, 24, 25, 26, 27, 28, 29, 30]","[16, 32, 64, 128]","[5, 10, 15, 20]","[2, 3, 5, 7]","[2, 4, 8]",anneal,minimize,local
bkcda5s4,167,1230,1779243236095,,/home/meliani/nni-experiments/bkcda5s4,42,exp_anneal_80_mat_only_mat_only,hpo,/home/meliani/Desktop/phd/fast-track/search_space.json,python3 trial.py --data ./mat_only.csv,/home/meliani/Desktop/phd/fast-track,1,360000s,80,False,False,info,/home/meliani/nni-experiments,"['LSTM', 'GRU', 'CNN', 'RNN', 'TCN', 'Transformer', 'MLP']","[16, 32, 64, 128, 256]","[1, 2, 3, 4]","[0, 0.1, 0.2, 0.3, 0.5]","['relu', 'tanh', 'sigmoid', 'elu']","[1e-05, 0.01]","[2, 3, 4, 5, 6, 7, 8, 9, 10, 11, 12, 13, 14, 15, 16, 17, 18, 19, 20, 21, 22, 23, 24, 25, 26, 27, 28, 29, 30]","[16, 32, 64, 128]","[5, 10, 15, 20]","[2, 3, 5, 7]","[2, 4, 8]",anneal,minimize,local
bkcda5s4,168,1231,1779243236095,,/home/meliani/nni-experiments/bkcda5s4,43,exp_anneal_80_mat_only_mat_only,hpo,/home/meliani/Desktop/phd/fast-track/search_space.json,python3 trial.py --data ./mat_only.csv,/home/meliani/Desktop/phd/fast-track,1,360000s,80,False,False,info,/home/meliani/nni-experiments,"['LSTM', 'GRU', 'CNN', 'RNN', 'TCN', 'Transformer', 'MLP']","[16, 32, 64, 128, 256]","[1, 2, 3, 4]","[0, 0.1, 0.2, 0.3, 0.5]","['relu', 'tanh', 'sigmoid', 'elu']","[1e-05, 0.01]","[2, 3, 4, 5, 6, 7, 8, 9, 10, 11, 12, 13, 14, 15, 16, 17, 18, 19, 20, 21, 22, 23, 24, 25, 26, 27, 28, 29, 30]","[16, 32, 64, 128]","[5, 10, 15, 20]","[2, 3, 5, 7]","[2, 4, 8]",anneal,minimize,local
bkcda5s4,169,1240,1779243236095,,/home/meliani/nni-experiments/bkcda5s4,43,exp_anneal_80_mat_only_mat_only,hpo,/home/meliani/Desktop/phd/fast-track/search_space.json,python3 trial.py --data ./mat_only.csv,/home/meliani/Desktop/phd/fast-track,1,360000s,80,False,False,info,/home/meliani/nni-experiments,"['LSTM', 'GRU', 'CNN', 'RNN', 'TCN', 'Transformer', 'MLP']","[16, 32, 64, 128, 256]","[1, 2, 3, 4]","[0, 0.1, 0.2, 0.3, 0.5]","['relu', 'tanh', 'sigmoid', 'elu']","[1e-05, 0.01]","[2, 3, 4, 5, 6, 7, 8, 9, 10, 11, 12, 13, 14, 15, 16, 17, 18, 19, 20, 21, 22, 23, 24, 25, 26, 27, 28, 29, 30]","[16, 32, 64, 128]","[5, 10, 15, 20]","[2, 3, 5, 7]","[2, 4, 8]",anneal,minimize,local
bkcda5s4,170,1250,1779243236095,,/home/meliani/nni-experiments/bkcda5s4,43,exp_anneal_80_mat_only_mat_only,hpo,/home/meliani/Desktop/phd/fast-track/search_space.json,python3 trial.py --data ./mat_only.csv,/home/meliani/Desktop/phd/fast-track,1,360000s,80,False,False,info,/home/meliani/nni-experiments,"['LSTM', 'GRU', 'CNN', 'RNN', 'TCN', 'Transformer', 'MLP']","[16, 32, 64, 128, 256]","[1, 2, 3, 4]","[0, 0.1, 0.2, 0.3, 0.5]","['relu', 'tanh', 'sigmoid', 'elu']","[1e-05, 0.01]","[2, 3, 4, 5, 6, 7, 8, 9, 10, 11, 12, 13, 14, 15, 16, 17, 18, 19, 20, 21, 22, 23, 24, 25, 26, 27, 28, 29, 30]","[16, 32, 64, 128]","[5, 10, 15, 20]","[2, 3, 5, 7]","[2, 4, 8]",anneal,minimize,local
bkcda5s4,171,1254,1779243236095,,/home/meliani/nni-experiments/bkcda5s4,44,exp_anneal_80_mat_only_mat_only,hpo,/home/meliani/Desktop/phd/fast-track/search_space.json,python3 trial.py --data ./mat_only.csv,/home/meliani/Desktop/phd/fast-track,1,360000s,80,False,False,info,/home/meliani/nni-experiments,"['LSTM', 'GRU', 'CNN', 'RNN', 'TCN', 'Transformer', 'MLP']","[16, 32, 64, 128, 256]","[1, 2, 3, 4]","[0, 0.1, 0.2, 0.3, 0.5]","['relu', 'tanh', 'sigmoid', 'elu']","[1e-05, 0.01]","[2, 3, 4, 5, 6, 7, 8, 9, 10, 11, 12, 13, 14, 15, 16, 17, 18, 19, 20, 21, 22, 23, 24, 25, 26, 27, 28, 29, 30]","[16, 32, 64, 128]","[5, 10, 15, 20]","[2, 3, 5, 7]","[2, 4, 8]",anneal,minimize,local
bkcda5s4,172,1260,1779243236095,,/home/meliani/nni-experiments/bkcda5s4,44,exp_anneal_80_mat_only_mat_only,hpo,/home/meliani/Desktop/phd/fast-track/search_space.json,python3 trial.py --data ./mat_only.csv,/home/meliani/Desktop/phd/fast-track,1,360000s,80,False,False,info,/home/meliani/nni-experiments,"['LSTM', 'GRU', 'CNN', 'RNN', 'TCN', 'Transformer', 'MLP']","[16, 32, 64, 128, 256]","[1, 2, 3, 4]","[0, 0.1, 0.2, 0.3, 0.5]","['relu', 'tanh', 'sigmoid', 'elu']","[1e-05, 0.01]","[2, 3, 4, 5, 6, 7, 8, 9, 10, 11, 12, 13, 14, 15, 16, 17, 18, 19, 20, 21, 22, 23, 24, 25, 26, 27, 28, 29, 30]","[16, 32, 64, 128]","[5, 10, 15, 20]","[2, 3, 5, 7]","[2, 4, 8]",anneal,minimize,local
bkcda5s4,173,1270,1779243236095,,/home/meliani/nni-experiments/bkcda5s4,44,exp_anneal_80_mat_only_mat_only,hpo,/home/meliani/Desktop/phd/fast-track/search_space.json,python3 trial.py --data ./mat_only.csv,/home/meliani/Desktop/phd/fast-track,1,360000s,80,False,False,info,/home/meliani/nni-experiments,"['LSTM', 'GRU', 'CNN', 'RNN', 'TCN', 'Transformer', 'MLP']","[16, 32, 64, 128, 256]","[1, 2, 3, 4]","[0, 0.1, 0.2, 0.3, 0.5]","['relu', 'tanh', 'sigmoid', 'elu']","[1e-05, 0.01]","[2, 3, 4, 5, 6, 7, 8, 9, 10, 11, 12, 13, 14, 15, 16, 17, 18, 19, 20, 21, 22, 23, 24, 25, 26, 27, 28, 29, 30]","[16, 32, 64, 128]","[5, 10, 15, 20]","[2, 3, 5, 7]","[2, 4, 8]",anneal,minimize,local
bkcda5s4,174,1280,1779243236095,,/home/meliani/nni-experiments/bkcda5s4,44,exp_anneal_80_mat_only_mat_only,hpo,/home/meliani/Desktop/phd/fast-track/search_space.json,python3 trial.py --data ./mat_only.csv,/home/meliani/Desktop/phd/fast-track,1,360000s,80,False,False,info,/home/meliani/nni-experiments,"['LSTM', 'GRU', 'CNN', 'RNN', 'TCN', 'Transformer', 'MLP']","[16, 32, 64, 128, 256]","[1, 2, 3, 4]","[0, 0.1, 0.2, 0.3, 0.5]","['relu', 'tanh', 'sigmoid', 'elu']","[1e-05, 0.01]","[2, 3, 4, 5, 6, 7, 8, 9, 10, 11, 12, 13, 14, 15, 16, 17, 18, 19, 20, 21, 22, 23, 24, 25, 26, 27, 28, 29, 30]","[16, 32, 64, 128]","[5, 10, 15, 20]","[2, 3, 5, 7]","[2, 4, 8]",anneal,minimize,local
bkcda5s4,175,1290,1779243236095,,/home/meliani/nni-experiments/bkcda5s4,44,exp_anneal_80_mat_only_mat_only,hpo,/home/meliani/Desktop/phd/fast-track/search_space.json,python3 trial.py --data ./mat_only.csv,/home/meliani/Desktop/phd/fast-track,1,360000s,80,False,False,info,/home/meliani/nni-experiments,"['LSTM', 'GRU', 'CNN', 'RNN', 'TCN', 'Transformer', 'MLP']","[16, 32, 64, 128, 256]","[1, 2, 3, 4]","[0, 0.1, 0.2, 0.3, 0.5]","['relu', 'tanh', 'sigmoid', 'elu']","[1e-05, 0.01]","[2, 3, 4, 5, 6, 7, 8, 9, 10, 11, 12, 13, 14, 15, 16, 17, 18, 19, 20, 21, 22, 23, 24, 25, 26, 27, 28, 29, 30]","[16, 32, 64, 128]","[5, 10, 15, 20]","[2, 3, 5, 7]","[2, 4, 8]",anneal,minimize,local
bkcda5s4,176,1300,1779243236095,,/home/meliani/nni-experiments/bkcda5s4,44,exp_anneal_80_mat_only_mat_only,hpo,/home/meliani/Desktop/phd/fast-track/search_space.json,python3 trial.py --data ./mat_only.csv,/home/meliani/Desktop/phd/fast-track,1,360000s,80,False,False,info,/home/meliani/nni-experiments,"['LSTM', 'GRU', 'CNN', 'RNN', 'TCN', 'Transformer', 'MLP']","[16, 32, 64, 128, 256]","[1, 2, 3, 4]","[0, 0.1, 0.2, 0.3, 0.5]","['relu', 'tanh', 'sigmoid', 'elu']","[1e-05, 0.01]","[2, 3, 4, 5, 6, 7, 8, 9, 10, 11, 12, 13, 14, 15, 16, 17, 18, 19, 20, 21, 22, 23, 24, 25, 26, 27, 28, 29, 30]","[16, 32, 64, 128]","[5, 10, 15, 20]","[2, 3, 5, 7]","[2, 4, 8]",anneal,minimize,local
bkcda5s4,177,1305,1779243236095,,/home/meliani/nni-experiments/bkcda5s4,45,exp_anneal_80_mat_only_mat_only,hpo,/home/meliani/Desktop/phd/fast-track/search_space.json,python3 trial.py --data ./mat_only.csv,/home/meliani/Desktop/phd/fast-track,1,360000s,80,False,False,info,/home/meliani/nni-experiments,"['LSTM', 'GRU', 'CNN', 'RNN', 'TCN', 'Transformer', 'MLP']","[16, 32, 64, 128, 256]","[1, 2, 3, 4]","[0, 0.1, 0.2, 0.3, 0.5]","['relu', 'tanh', 'sigmoid', 'elu']","[1e-05, 0.01]","[2, 3, 4, 5, 6, 7, 8, 9, 10, 11, 12, 13, 14, 15, 16, 17, 18, 19, 20, 21, 22, 23, 24, 25, 26, 27, 28, 29, 30]","[16, 32, 64, 128]","[5, 10, 15, 20]","[2, 3, 5, 7]","[2, 4, 8]",anneal,minimize,local
bkcda5s4,178,1310,1779243236095,,/home/meliani/nni-experiments/bkcda5s4,45,exp_anneal_80_mat_only_mat_only,hpo,/home/meliani/Desktop/phd/fast-track/search_space.json,python3 trial.py --data ./mat_only.csv,/home/meliani/Desktop/phd/fast-track,1,360000s,80,False,False,info,/home/meliani/nni-experiments,"['LSTM', 'GRU', 'CNN', 'RNN', 'TCN', 'Transformer', 'MLP']","[16, 32, 64, 128, 256]","[1, 2, 3, 4]","[0, 0.1, 0.2, 0.3, 0.5]","['relu', 'tanh', 'sigmoid', 'elu']","[1e-05, 0.01]","[2, 3, 4, 5, 6, 7, 8, 9, 10, 11, 12, 13, 14, 15, 16, 17, 18, 19, 20, 21, 22, 23, 24, 25, 26, 27, 28, 29, 30]","[16, 32, 64, 128]","[5, 10, 15, 20]","[2, 3, 5, 7]","[2, 4, 8]",anneal,minimize,local
bkcda5s4,179,1320,1779243236095,,/home/meliani/nni-experiments/bkcda5s4,45,exp_anneal_80_mat_only_mat_only,hpo,/home/meliani/Desktop/phd/fast-track/search_space.json,python3 trial.py --data ./mat_only.csv,/home/meliani/Desktop/phd/fast-track,1,360000s,80,False,False,info,/home/meliani/nni-experiments,"['LSTM', 'GRU', 'CNN', 'RNN', 'TCN', 'Transformer', 'MLP']","[16, 32, 64, 128, 256]","[1, 2, 3, 4]","[0, 0.1, 0.2, 0.3, 0.5]","['relu', 'tanh', 'sigmoid', 'elu']","[1e-05, 0.01]","[2, 3, 4, 5, 6, 7, 8, 9, 10, 11, 12, 13, 14, 15, 16, 17, 18, 19, 20, 21, 22, 23, 24, 25, 26, 27, 28, 29, 30]","[16, 32, 64, 128]","[5, 10, 15, 20]","[2, 3, 5, 7]","[2, 4, 8]",anneal,minimize,local
bkcda5s4,180,1330,1779243236095,,/home/meliani/nni-experiments/bkcda5s4,45,exp_anneal_80_mat_only_mat_only,hpo,/home/meliani/Desktop/phd/fast-track/search_space.json,python3 trial.py --data ./mat_only.csv,/home/meliani/Desktop/phd/fast-track,1,360000s,80,False,False,info,/home/meliani/nni-experiments,"['LSTM', 'GRU', 'CNN', 'RNN', 'TCN', 'Transformer', 'MLP']","[16, 32, 64, 128, 256]","[1, 2, 3, 4]","[0, 0.1, 0.2, 0.3, 0.5]","['relu', 'tanh', 'sigmoid', 'elu']","[1e-05, 0.01]","[2, 3, 4, 5, 6, 7, 8, 9, 10, 11, 12, 13, 14, 15, 16, 17, 18, 19, 20, 21, 22, 23, 24, 25, 26, 27, 28, 29, 30]","[16, 32, 64, 128]","[5, 10, 15, 20]","[2, 3, 5, 7]","[2, 4, 8]",anneal,minimize,local
bkcda5s4,181,1340,1779243236095,,/home/meliani/nni-experiments/bkcda5s4,45,exp_anneal_80_mat_only_mat_only,hpo,/home/meliani/Desktop/phd/fast-track/search_space.json,python3 trial.py --data ./mat_only.csv,/home/meliani/Desktop/phd/fast-track,1,360000s,80,False,False,info,/home/meliani/nni-experiments,"['LSTM', 'GRU', 'CNN', 'RNN', 'TCN', 'Transformer', 'MLP']","[16, 32, 64, 128, 256]","[1, 2, 3, 4]","[0, 0.1, 0.2, 0.3, 0.5]","['relu', 'tanh', 'sigmoid', 'elu']","[1e-05, 0.01]","[2, 3, 4, 5, 6, 7, 8, 9, 10, 11, 12, 13, 14, 15, 16, 17, 18, 19, 20, 21, 22, 23, 24, 25, 26, 27, 28, 29, 30]","[16, 32, 64, 128]","[5, 10, 15, 20]","[2, 3, 5, 7]","[2, 4, 8]",anneal,minimize,local
bkcda5s4,182,1349,1779243236095,,/home/meliani/nni-experiments/bkcda5s4,46,exp_anneal_80_mat_only_mat_only,hpo,/home/meliani/Desktop/phd/fast-track/search_space.json,python3 trial.py --data ./mat_only.csv,/home/meliani/Desktop/phd/fast-track,1,360000s,80,False,False,info,/home/meliani/nni-experiments,"['LSTM', 'GRU', 'CNN', 'RNN', 'TCN', 'Transformer', 'MLP']","[16, 32, 64, 128, 256]","[1, 2, 3, 4]","[0, 0.1, 0.2, 0.3, 0.5]","['relu', 'tanh', 'sigmoid', 'elu']","[1e-05, 0.01]","[2, 3, 4, 5, 6, 7, 8, 9, 10, 11, 12, 13, 14, 15, 16, 17, 18, 19, 20, 21, 22, 23, 24, 25, 26, 27, 28, 29, 30]","[16, 32, 64, 128]","[5, 10, 15, 20]","[2, 3, 5, 7]","[2, 4, 8]",anneal,minimize,local
bkcda5s4,183,1350,1779243236095,,/home/meliani/nni-experiments/bkcda5s4,46,exp_anneal_80_mat_only_mat_only,hpo,/home/meliani/Desktop/phd/fast-track/search_space.json,python3 trial.py --data ./mat_only.csv,/home/meliani/Desktop/phd/fast-track,1,360000s,80,False,False,info,/home/meliani/nni-experiments,"['LSTM', 'GRU', 'CNN', 'RNN', 'TCN', 'Transformer', 'MLP']","[16, 32, 64, 128, 256]","[1, 2, 3, 4]","[0, 0.1, 0.2, 0.3, 0.5]","['relu', 'tanh', 'sigmoid', 'elu']","[1e-05, 0.01]","[2, 3, 4, 5, 6, 7, 8, 9, 10, 11, 12, 13, 14, 15, 16, 17, 18, 19, 20, 21, 22, 23, 24, 25, 26, 27, 28, 29, 30]","[16, 32, 64, 128]","[5, 10, 15, 20]","[2, 3, 5, 7]","[2, 4, 8]",anneal,minimize,local
bkcda5s4,184,1360,1779243236095,,/home/meliani/nni-experiments/bkcda5s4,46,exp_anneal_80_mat_only_mat_only,hpo,/home/meliani/Desktop/phd/fast-track/search_space.json,python3 trial.py --data ./mat_only.csv,/home/meliani/Desktop/phd/fast-track,1,360000s,80,False,False,info,/home/meliani/nni-experiments,"['LSTM', 'GRU', 'CNN', 'RNN', 'TCN', 'Transformer', 'MLP']","[16, 32, 64, 128, 256]","[1, 2, 3, 4]","[0, 0.1, 0.2, 0.3, 0.5]","['relu', 'tanh', 'sigmoid', 'elu']","[1e-05, 0.01]","[2, 3, 4, 5, 6, 7, 8, 9, 10, 11, 12, 13, 14, 15, 16, 17, 18, 19, 20, 21, 22, 23, 24, 25, 26, 27, 28, 29, 30]","[16, 32, 64, 128]","[5, 10, 15, 20]","[2, 3, 5, 7]","[2, 4, 8]",anneal,minimize,local
bkcda5s4,185,1370,1779243236095,,/home/meliani/nni-experiments/bkcda5s4,46,exp_anneal_80_mat_only_mat_only,hpo,/home/meliani/Desktop/phd/fast-track/search_space.json,python3 trial.py --data ./mat_only.csv,/home/meliani/Desktop/phd/fast-track,1,360000s,80,False,False,info,/home/meliani/nni-experiments,"['LSTM', 'GRU', 'CNN', 'RNN', 'TCN', 'Transformer', 'MLP']","[16, 32, 64, 128, 256]","[1, 2, 3, 4]","[0, 0.1, 0.2, 0.3, 0.5]","['relu', 'tanh', 'sigmoid', 'elu']","[1e-05, 0.01]","[2, 3, 4, 5, 6, 7, 8, 9, 10, 11, 12, 13, 14, 15, 16, 17, 18, 19, 20, 21, 22, 23, 24, 25, 26, 27, 28, 29, 30]","[16, 32, 64, 128]","[5, 10, 15, 20]","[2, 3, 5, 7]","[2, 4, 8]",anneal,minimize,local
bkcda5s4,186,1380,1779243236095,,/home/meliani/nni-experiments/bkcda5s4,46,exp_anneal_80_mat_only_mat_only,hpo,/home/meliani/Desktop/phd/fast-track/search_space.json,python3 trial.py --data ./mat_only.csv,/home/meliani/Desktop/phd/fast-track,1,360000s,80,False,False,info,/home/meliani/nni-experiments,"['LSTM', 'GRU', 'CNN', 'RNN', 'TCN', 'Transformer', 'MLP']","[16, 32, 64, 128, 256]","[1, 2, 3, 4]","[0, 0.1, 0.2, 0.3, 0.5]","['relu', 'tanh', 'sigmoid', 'elu']","[1e-05, 0.01]","[2, 3, 4, 5, 6, 7, 8, 9, 10, 11, 12, 13, 14, 15, 16, 17, 18, 19, 20, 21, 22, 23, 24, 25, 26, 27, 28, 29, 30]","[16, 32, 64, 128]","[5, 10, 15, 20]","[2, 3, 5, 7]","[2, 4, 8]",anneal,minimize,local
bkcda5s4,187,1384,1779243236095,,/home/meliani/nni-experiments/bkcda5s4,47,exp_anneal_80_mat_only_mat_only,hpo,/home/meliani/Desktop/phd/fast-track/search_space.json,python3 trial.py --data ./mat_only.csv,/home/meliani/Desktop/phd/fast-track,1,360000s,80,False,False,info,/home/meliani/nni-experiments,"['LSTM', 'GRU', 'CNN', 'RNN', 'TCN', 'Transformer', 'MLP']","[16, 32, 64, 128, 256]","[1, 2, 3, 4]","[0, 0.1, 0.2, 0.3, 0.5]","['relu', 'tanh', 'sigmoid', 'elu']","[1e-05, 0.01]","[2, 3, 4, 5, 6, 7, 8, 9, 10, 11, 12, 13, 14, 15, 16, 17, 18, 19, 20, 21, 22, 23, 24, 25, 26, 27, 28, 29, 30]","[16, 32, 64, 128]","[5, 10, 15, 20]","[2, 3, 5, 7]","[2, 4, 8]",anneal,minimize,local
bkcda5s4,188,1390,1779243236095,,/home/meliani/nni-experiments/bkcda5s4,47,exp_anneal_80_mat_only_mat_only,hpo,/home/meliani/Desktop/phd/fast-track/search_space.json,python3 trial.py --data ./mat_only.csv,/home/meliani/Desktop/phd/fast-track,1,360000s,80,False,False,info,/home/meliani/nni-experiments,"['LSTM', 'GRU', 'CNN', 'RNN', 'TCN', 'Transformer', 'MLP']","[16, 32, 64, 128, 256]","[1, 2, 3, 4]","[0, 0.1, 0.2, 0.3, 0.5]","['relu', 'tanh', 'sigmoid', 'elu']","[1e-05, 0.01]","[2, 3, 4, 5, 6, 7, 8, 9, 10, 11, 12, 13, 14, 15, 16, 17, 18, 19, 20, 21, 22, 23, 24, 25, 26, 27, 28, 29, 30]","[16, 32, 64, 128]","[5, 10, 15, 20]","[2, 3, 5, 7]","[2, 4, 8]",anneal,minimize,local
bkcda5s4,189,1400,1779243236095,,/home/meliani/nni-experiments/bkcda5s4,47,exp_anneal_80_mat_only_mat_only,hpo,/home/meliani/Desktop/phd/fast-track/search_space.json,python3 trial.py --data ./mat_only.csv,/home/meliani/Desktop/phd/fast-track,1,360000s,80,False,False,info,/home/meliani/nni-experiments,"['LSTM', 'GRU', 'CNN', 'RNN', 'TCN', 'Transformer', 'MLP']","[16, 32, 64, 128, 256]","[1, 2, 3, 4]","[0, 0.1, 0.2, 0.3, 0.5]","['relu', 'tanh', 'sigmoid', 'elu']","[1e-05, 0.01]","[2, 3, 4, 5, 6, 7, 8, 9, 10, 11, 12, 13, 14, 15, 16, 17, 18, 19, 20, 21, 22, 23, 24, 25, 26, 27, 28, 29, 30]","[16, 32, 64, 128]","[5, 10, 15, 20]","[2, 3, 5, 7]","[2, 4, 8]",anneal,minimize,local
bkcda5s4,190,1410,1779243236095,,/home/meliani/nni-experiments/bkcda5s4,47,exp_anneal_80_mat_only_mat_only,hpo,/home/meliani/Desktop/phd/fast-track/search_space.json,python3 trial.py --data ./mat_only.csv,/home/meliani/Desktop/phd/fast-track,1,360000s,80,False,False,info,/home/meliani/nni-experiments,"['LSTM', 'GRU', 'CNN', 'RNN', 'TCN', 'Transformer', 'MLP']","[16, 32, 64, 128, 256]","[1, 2, 3, 4]","[0, 0.1, 0.2, 0.3, 0.5]","['relu', 'tanh', 'sigmoid', 'elu']","[1e-05, 0.01]","[2, 3, 4, 5, 6, 7, 8, 9, 10, 11, 12, 13, 14, 15, 16, 17, 18, 19, 20, 21, 22, 23, 24, 25, 26, 27, 28, 29, 30]","[16, 32, 64, 128]","[5, 10, 15, 20]","[2, 3, 5, 7]","[2, 4, 8]",anneal,minimize,local
bkcda5s4,191,1420,1779243236095,,/home/meliani/nni-experiments/bkcda5s4,47,exp_anneal_80_mat_only_mat_only,hpo,/home/meliani/Desktop/phd/fast-track/search_space.json,python3 trial.py --data ./mat_only.csv,/home/meliani/Desktop/phd/fast-track,1,360000s,80,False,False,info,/home/meliani/nni-experiments,"['LSTM', 'GRU', 'CNN', 'RNN', 'TCN', 'Transformer', 'MLP']","[16, 32, 64, 128, 256]","[1, 2, 3, 4]","[0, 0.1, 0.2, 0.3, 0.5]","['relu', 'tanh', 'sigmoid', 'elu']","[1e-05, 0.01]","[2, 3, 4, 5, 6, 7, 8, 9, 10, 11, 12, 13, 14, 15, 16, 17, 18, 19, 20, 21, 22, 23, 24, 25, 26, 27, 28, 29, 30]","[16, 32, 64, 128]","[5, 10, 15, 20]","[2, 3, 5, 7]","[2, 4, 8]",anneal,minimize,local
bkcda5s4,192,1423,1779243236095,,/home/meliani/nni-experiments/bkcda5s4,48,exp_anneal_80_mat_only_mat_only,hpo,/home/meliani/Desktop/phd/fast-track/search_space.json,python3 trial.py --data ./mat_only.csv,/home/meliani/Desktop/phd/fast-track,1,360000s,80,False,False,info,/home/meliani/nni-experiments,"['LSTM', 'GRU', 'CNN', 'RNN', 'TCN', 'Transformer', 'MLP']","[16, 32, 64, 128, 256]","[1, 2, 3, 4]","[0, 0.1, 0.2, 0.3, 0.5]","['relu', 'tanh', 'sigmoid', 'elu']","[1e-05, 0.01]","[2, 3, 4, 5, 6, 7, 8, 9, 10, 11, 12, 13, 14, 15, 16, 17, 18, 19, 20, 21, 22, 23, 24, 25, 26, 27, 28, 29, 30]","[16, 32, 64, 128]","[5, 10, 15, 20]","[2, 3, 5, 7]","[2, 4, 8]",anneal,minimize,local
bkcda5s4,193,1430,1779243236095,,/home/meliani/nni-experiments/bkcda5s4,48,exp_anneal_80_mat_only_mat_only,hpo,/home/meliani/Desktop/phd/fast-track/search_space.json,python3 trial.py --data ./mat_only.csv,/home/meliani/Desktop/phd/fast-track,1,360000s,80,False,False,info,/home/meliani/nni-experiments,"['LSTM', 'GRU', 'CNN', 'RNN', 'TCN', 'Transformer', 'MLP']","[16, 32, 64, 128, 256]","[1, 2, 3, 4]","[0, 0.1, 0.2, 0.3, 0.5]","['relu', 'tanh', 'sigmoid', 'elu']","[1e-05, 0.01]","[2, 3, 4, 5, 6, 7, 8, 9, 10, 11, 12, 13, 14, 15, 16, 17, 18, 19, 20, 21, 22, 23, 24, 25, 26, 27, 28, 29, 30]","[16, 32, 64, 128]","[5, 10, 15, 20]","[2, 3, 5, 7]","[2, 4, 8]",anneal,minimize,local
bkcda5s4,194,1440,1779243236095,,/home/meliani/nni-experiments/bkcda5s4,48,exp_anneal_80_mat_only_mat_only,hpo,/home/meliani/Desktop/phd/fast-track/search_space.json,python3 trial.py --data ./mat_only.csv,/home/meliani/Desktop/phd/fast-track,1,360000s,80,False,False,info,/home/meliani/nni-experiments,"['LSTM', 'GRU', 'CNN', 'RNN', 'TCN', 'Transformer', 'MLP']","[16, 32, 64, 128, 256]","[1, 2, 3, 4]","[0, 0.1, 0.2, 0.3, 0.5]","['relu', 'tanh', 'sigmoid', 'elu']","[1e-05, 0.01]","[2, 3, 4, 5, 6, 7, 8, 9, 10, 11, 12, 13, 14, 15, 16, 17, 18, 19, 20, 21, 22, 23, 24, 25, 26, 27, 28, 29, 30]","[16, 32, 64, 128]","[5, 10, 15, 20]","[2, 3, 5, 7]","[2, 4, 8]",anneal,minimize,local
bkcda5s4,195,1450,1779243236095,,/home/meliani/nni-experiments/bkcda5s4,48,exp_anneal_80_mat_only_mat_only,hpo,/home/meliani/Desktop/phd/fast-track/search_space.json,python3 trial.py --data ./mat_only.csv,/home/meliani/Desktop/phd/fast-track,1,360000s,80,False,False,info,/home/meliani/nni-experiments,"['LSTM', 'GRU', 'CNN', 'RNN', 'TCN', 'Transformer', 'MLP']","[16, 32, 64, 128, 256]","[1, 2, 3, 4]","[0, 0.1, 0.2, 0.3, 0.5]","['relu', 'tanh', 'sigmoid', 'elu']","[1e-05, 0.01]","[2, 3, 4, 5, 6, 7, 8, 9, 10, 11, 12, 13, 14, 15, 16, 17, 18, 19, 20, 21, 22, 23, 24, 25, 26, 27, 28, 29, 30]","[16, 32, 64, 128]","[5, 10, 15, 20]","[2, 3, 5, 7]","[2, 4, 8]",anneal,minimize,local
bkcda5s4,196,1460,1779243236095,,/home/meliani/nni-experiments/bkcda5s4,48,exp_anneal_80_mat_only_mat_only,hpo,/home/meliani/Desktop/phd/fast-track/search_space.json,python3 trial.py --data ./mat_only.csv,/home/meliani/Desktop/phd/fast-track,1,360000s,80,False,False,info,/home/meliani/nni-experiments,"['LSTM', 'GRU', 'CNN', 'RNN', 'TCN', 'Transformer', 'MLP']","[16, 32, 64, 128, 256]","[1, 2, 3, 4]","[0, 0.1, 0.2, 0.3, 0.5]","['relu', 'tanh', 'sigmoid', 'elu']","[1e-05, 0.01]","[2, 3, 4, 5, 6, 7, 8, 9, 10, 11, 12, 13, 14, 15, 16, 17, 18, 19, 20, 21, 22, 23, 24, 25, 26, 27, 28, 29, 30]","[16, 32, 64, 128]","[5, 10, 15, 20]","[2, 3, 5, 7]","[2, 4, 8]",anneal,minimize,local
bkcda5s4,197,1467,1779243236095,,/home/meliani/nni-experiments/bkcda5s4,49,exp_anneal_80_mat_only_mat_only,hpo,/home/meliani/Desktop/phd/fast-track/search_space.json,python3 trial.py --data ./mat_only.csv,/home/meliani/Desktop/phd/fast-track,1,360000s,80,False,False,info,/home/meliani/nni-experiments,"['LSTM', 'GRU', 'CNN', 'RNN', 'TCN', 'Transformer', 'MLP']","[16, 32, 64, 128, 256]","[1, 2, 3, 4]","[0, 0.1, 0.2, 0.3, 0.5]","['relu', 'tanh', 'sigmoid', 'elu']","[1e-05, 0.01]","[2, 3, 4, 5, 6, 7, 8, 9, 10, 11, 12, 13, 14, 15, 16, 17, 18, 19, 20, 21, 22, 23, 24, 25, 26, 27, 28, 29, 30]","[16, 32, 64, 128]","[5, 10, 15, 20]","[2, 3, 5, 7]","[2, 4, 8]",anneal,minimize,local
bkcda5s4,198,1470,1779243236095,,/home/meliani/nni-experiments/bkcda5s4,49,exp_anneal_80_mat_only_mat_only,hpo,/home/meliani/Desktop/phd/fast-track/search_space.json,python3 trial.py --data ./mat_only.csv,/home/meliani/Desktop/phd/fast-track,1,360000s,80,False,False,info,/home/meliani/nni-experiments,"['LSTM', 'GRU', 'CNN', 'RNN', 'TCN', 'Transformer', 'MLP']","[16, 32, 64, 128, 256]","[1, 2, 3, 4]","[0, 0.1, 0.2, 0.3, 0.5]","['relu', 'tanh', 'sigmoid', 'elu']","[1e-05, 0.01]","[2, 3, 4, 5, 6, 7, 8, 9, 10, 11, 12, 13, 14, 15, 16, 17, 18, 19, 20, 21, 22, 23, 24, 25, 26, 27, 28, 29, 30]","[16, 32, 64, 128]","[5, 10, 15, 20]","[2, 3, 5, 7]","[2, 4, 8]",anneal,minimize,local
bkcda5s4,199,1480,1779243236095,,/home/meliani/nni-experiments/bkcda5s4,49,exp_anneal_80_mat_only_mat_only,hpo,/home/meliani/Desktop/phd/fast-track/search_space.json,python3 trial.py --data ./mat_only.csv,/home/meliani/Desktop/phd/fast-track,1,360000s,80,False,False,info,/home/meliani/nni-experiments,"['LSTM', 'GRU', 'CNN', 'RNN', 'TCN', 'Transformer', 'MLP']","[16, 32, 64, 128, 256]","[1, 2, 3, 4]","[0, 0.1, 0.2, 0.3, 0.5]","['relu', 'tanh', 'sigmoid', 'elu']","[1e-05, 0.01]","[2, 3, 4, 5, 6, 7, 8, 9, 10, 11, 12, 13, 14, 15, 16, 17, 18, 19, 20, 21, 22, 23, 24, 25, 26, 27, 28, 29, 30]","[16, 32, 64, 128]","[5, 10, 15, 20]","[2, 3, 5, 7]","[2, 4, 8]",anneal,minimize,local
bkcda5s4,200,1487,1779243236095,,/home/meliani/nni-experiments/bkcda5s4,50,exp_anneal_80_mat_only_mat_only,hpo,/home/meliani/Desktop/phd/fast-track/search_space.json,python3 trial.py --data ./mat_only.csv,/home/meliani/Desktop/phd/fast-track,1,360000s,80,False,False,info,/home/meliani/nni-experiments,"['LSTM', 'GRU', 'CNN', 'RNN', 'TCN', 'Transformer', 'MLP']","[16, 32, 64, 128, 256]","[1, 2, 3, 4]","[0, 0.1, 0.2, 0.3, 0.5]","['relu', 'tanh', 'sigmoid', 'elu']","[1e-05, 0.01]","[2, 3, 4, 5, 6, 7, 8, 9, 10, 11, 12, 13, 14, 15, 16, 17, 18, 19, 20, 21, 22, 23, 24, 25, 26, 27, 28, 29, 30]","[16, 32, 64, 128]","[5, 10, 15, 20]","[2, 3, 5, 7]","[2, 4, 8]",anneal,minimize,local
bkcda5s4,201,1490,1779243236095,,/home/meliani/nni-experiments/bkcda5s4,50,exp_anneal_80_mat_only_mat_only,hpo,/home/meliani/Desktop/phd/fast-track/search_space.json,python3 trial.py --data ./mat_only.csv,/home/meliani/Desktop/phd/fast-track,1,360000s,80,False,False,info,/home/meliani/nni-experiments,"['LSTM', 'GRU', 'CNN', 'RNN', 'TCN', 'Transformer', 'MLP']","[16, 32, 64, 128, 256]","[1, 2, 3, 4]","[0, 0.1, 0.2, 0.3, 0.5]","['relu', 'tanh', 'sigmoid', 'elu']","[1e-05, 0.01]","[2, 3, 4, 5, 6, 7, 8, 9, 10, 11, 12, 13, 14, 15, 16, 17, 18, 19, 20, 21, 22, 23, 24, 25, 26, 27, 28, 29, 30]","[16, 32, 64, 128]","[5, 10, 15, 20]","[2, 3, 5, 7]","[2, 4, 8]",anneal,minimize,local
bkcda5s4,202,1500,1779243236095,,/home/meliani/nni-experiments/bkcda5s4,50,exp_anneal_80_mat_only_mat_only,hpo,/home/meliani/Desktop/phd/fast-track/search_space.json,python3 trial.py --data ./mat_only.csv,/home/meliani/Desktop/phd/fast-track,1,360000s,80,False,False,info,/home/meliani/nni-experiments,"['LSTM', 'GRU', 'CNN', 'RNN', 'TCN', 'Transformer', 'MLP']","[16, 32, 64, 128, 256]","[1, 2, 3, 4]","[0, 0.1, 0.2, 0.3, 0.5]","['relu', 'tanh', 'sigmoid', 'elu']","[1e-05, 0.01]","[2, 3, 4, 5, 6, 7, 8, 9, 10, 11, 12, 13, 14, 15, 16, 17, 18, 19, 20, 21, 22, 23, 24, 25, 26, 27, 28, 29, 30]","[16, 32, 64, 128]","[5, 10, 15, 20]","[2, 3, 5, 7]","[2, 4, 8]",anneal,minimize,local
bkcda5s4,203,1510,1779243236095,,/home/meliani/nni-experiments/bkcda5s4,50,exp_anneal_80_mat_only_mat_only,hpo,/home/meliani/Desktop/phd/fast-track/search_space.json,python3 trial.py --data ./mat_only.csv,/home/meliani/Desktop/phd/fast-track,1,360000s,80,False,False,info,/home/meliani/nni-experiments,"['LSTM', 'GRU', 'CNN', 'RNN', 'TCN', 'Transformer', 'MLP']","[16, 32, 64, 128, 256]","[1, 2, 3, 4]","[0, 0.1, 0.2, 0.3, 0.5]","['relu', 'tanh', 'sigmoid', 'elu']","[1e-05, 0.01]","[2, 3, 4, 5, 6, 7, 8, 9, 10, 11, 12, 13, 14, 15, 16, 17, 18, 19, 20, 21, 22, 23, 24, 25, 26, 27, 28, 29, 30]","[16, 32, 64, 128]","[5, 10, 15, 20]","[2, 3, 5, 7]","[2, 4, 8]",anneal,minimize,local
bkcda5s4,204,1520,1779243236095,,/home/meliani/nni-experiments/bkcda5s4,50,exp_anneal_80_mat_only_mat_only,hpo,/home/meliani/Desktop/phd/fast-track/search_space.json,python3 trial.py --data ./mat_only.csv,/home/meliani/Desktop/phd/fast-track,1,360000s,80,False,False,info,/home/meliani/nni-experiments,"['LSTM', 'GRU', 'CNN', 'RNN', 'TCN', 'Transformer', 'MLP']","[16, 32, 64, 128, 256]","[1, 2, 3, 4]","[0, 0.1, 0.2, 0.3, 0.5]","['relu', 'tanh', 'sigmoid', 'elu']","[1e-05, 0.01]","[2, 3, 4, 5, 6, 7, 8, 9, 10, 11, 12, 13, 14, 15, 16, 17, 18, 19, 20, 21, 22, 23, 24, 25, 26, 27, 28, 29, 30]","[16, 32, 64, 128]","[5, 10, 15, 20]","[2, 3, 5, 7]","[2, 4, 8]",anneal,minimize,local
bkcda5s4,205,1526,1779243236095,,/home/meliani/nni-experiments/bkcda5s4,51,exp_anneal_80_mat_only_mat_only,hpo,/home/meliani/Desktop/phd/fast-track/search_space.json,python3 trial.py --data ./mat_only.csv,/home/meliani/Desktop/phd/fast-track,1,360000s,80,False,False,info,/home/meliani/nni-experiments,"['LSTM', 'GRU', 'CNN', 'RNN', 'TCN', 'Transformer', 'MLP']","[16, 32, 64, 128, 256]","[1, 2, 3, 4]","[0, 0.1, 0.2, 0.3, 0.5]","['relu', 'tanh', 'sigmoid', 'elu']","[1e-05, 0.01]","[2, 3, 4, 5, 6, 7, 8, 9, 10, 11, 12, 13, 14, 15, 16, 17, 18, 19, 20, 21, 22, 23, 24, 25, 26, 27, 28, 29, 30]","[16, 32, 64, 128]","[5, 10, 15, 20]","[2, 3, 5, 7]","[2, 4, 8]",anneal,minimize,local
bkcda5s4,206,1530,1779243236095,,/home/meliani/nni-experiments/bkcda5s4,51,exp_anneal_80_mat_only_mat_only,hpo,/home/meliani/Desktop/phd/fast-track/search_space.json,python3 trial.py --data ./mat_only.csv,/home/meliani/Desktop/phd/fast-track,1,360000s,80,False,False,info,/home/meliani/nni-experiments,"['LSTM', 'GRU', 'CNN', 'RNN', 'TCN', 'Transformer', 'MLP']","[16, 32, 64, 128, 256]","[1, 2, 3, 4]","[0, 0.1, 0.2, 0.3, 0.5]","['relu', 'tanh', 'sigmoid', 'elu']","[1e-05, 0.01]","[2, 3, 4, 5, 6, 7, 8, 9, 10, 11, 12, 13, 14, 15, 16, 17, 18, 19, 20, 21, 22, 23, 24, 25, 26, 27, 28, 29, 30]","[16, 32, 64, 128]","[5, 10, 15, 20]","[2, 3, 5, 7]","[2, 4, 8]",anneal,minimize,local
bkcda5s4,207,1540,1779243236095,,/home/meliani/nni-experiments/bkcda5s4,51,exp_anneal_80_mat_only_mat_only,hpo,/home/meliani/Desktop/phd/fast-track/search_space.json,python3 trial.py --data ./mat_only.csv,/home/meliani/Desktop/phd/fast-track,1,360000s,80,False,False,info,/home/meliani/nni-experiments,"['LSTM', 'GRU', 'CNN', 'RNN', 'TCN', 'Transformer', 'MLP']","[16, 32, 64, 128, 256]","[1, 2, 3, 4]","[0, 0.1, 0.2, 0.3, 0.5]","['relu', 'tanh', 'sigmoid', 'elu']","[1e-05, 0.01]","[2, 3, 4, 5, 6, 7, 8, 9, 10, 11, 12, 13, 14, 15, 16, 17, 18, 19, 20, 21, 22, 23, 24, 25, 26, 27, 28, 29, 30]","[16, 32, 64, 128]","[5, 10, 15, 20]","[2, 3, 5, 7]","[2, 4, 8]",anneal,minimize,local
bkcda5s4,208,1550,1779243236095,,/home/meliani/nni-experiments/bkcda5s4,51,exp_anneal_80_mat_only_mat_only,hpo,/home/meliani/Desktop/phd/fast-track/search_space.json,python3 trial.py --data ./mat_only.csv,/home/meliani/Desktop/phd/fast-track,1,360000s,80,False,False,info,/home/meliani/nni-experiments,"['LSTM', 'GRU', 'CNN', 'RNN', 'TCN', 'Transformer', 'MLP']","[16, 32, 64, 128, 256]","[1, 2, 3, 4]","[0, 0.1, 0.2, 0.3, 0.5]","['relu', 'tanh', 'sigmoid', 'elu']","[1e-05, 0.01]","[2, 3, 4, 5, 6, 7, 8, 9, 10, 11, 12, 13, 14, 15, 16, 17, 18, 19, 20, 21, 22, 23, 24, 25, 26, 27, 28, 29, 30]","[16, 32, 64, 128]","[5, 10, 15, 20]","[2, 3, 5, 7]","[2, 4, 8]",anneal,minimize,local
bkcda5s4,209,1560,1779243236095,,/home/meliani/nni-experiments/bkcda5s4,51,exp_anneal_80_mat_only_mat_only,hpo,/home/meliani/Desktop/phd/fast-track/search_space.json,python3 trial.py --data ./mat_only.csv,/home/meliani/Desktop/phd/fast-track,1,360000s,80,False,False,info,/home/meliani/nni-experiments,"['LSTM', 'GRU', 'CNN', 'RNN', 'TCN', 'Transformer', 'MLP']","[16, 32, 64, 128, 256]","[1, 2, 3, 4]","[0, 0.1, 0.2, 0.3, 0.5]","['relu', 'tanh', 'sigmoid', 'elu']","[1e-05, 0.01]","[2, 3, 4, 5, 6, 7, 8, 9, 10, 11, 12, 13, 14, 15, 16, 17, 18, 19, 20, 21, 22, 23, 24, 25, 26, 27, 28, 29, 30]","[16, 32, 64, 128]","[5, 10, 15, 20]","[2, 3, 5, 7]","[2, 4, 8]",anneal,minimize,local
bkcda5s4,210,1570,1779243236095,,/home/meliani/nni-experiments/bkcda5s4,51,exp_anneal_80_mat_only_mat_only,hpo,/home/meliani/Desktop/phd/fast-track/search_space.json,python3 trial.py --data ./mat_only.csv,/home/meliani/Desktop/phd/fast-track,1,360000s,80,False,False,info,/home/meliani/nni-experiments,"['LSTM', 'GRU', 'CNN', 'RNN', 'TCN', 'Transformer', 'MLP']","[16, 32, 64, 128, 256]","[1, 2, 3, 4]","[0, 0.1, 0.2, 0.3, 0.5]","['relu', 'tanh', 'sigmoid', 'elu']","[1e-05, 0.01]","[2, 3, 4, 5, 6, 7, 8, 9, 10, 11, 12, 13, 14, 15, 16, 17, 18, 19, 20, 21, 22, 23, 24, 25, 26, 27, 28, 29, 30]","[16, 32, 64, 128]","[5, 10, 15, 20]","[2, 3, 5, 7]","[2, 4, 8]",anneal,minimize,local
bkcda5s4,211,1575,1779243236095,,/home/meliani/nni-experiments/bkcda5s4,52,exp_anneal_80_mat_only_mat_only,hpo,/home/meliani/Desktop/phd/fast-track/search_space.json,python3 trial.py --data ./mat_only.csv,/home/meliani/Desktop/phd/fast-track,1,360000s,80,False,False,info,/home/meliani/nni-experiments,"['LSTM', 'GRU', 'CNN', 'RNN', 'TCN', 'Transformer', 'MLP']","[16, 32, 64, 128, 256]","[1, 2, 3, 4]","[0, 0.1, 0.2, 0.3, 0.5]","['relu', 'tanh', 'sigmoid', 'elu']","[1e-05, 0.01]","[2, 3, 4, 5, 6, 7, 8, 9, 10, 11, 12, 13, 14, 15, 16, 17, 18, 19, 20, 21, 22, 23, 24, 25, 26, 27, 28, 29, 30]","[16, 32, 64, 128]","[5, 10, 15, 20]","[2, 3, 5, 7]","[2, 4, 8]",anneal,minimize,local
bkcda5s4,212,1580,1779243236095,,/home/meliani/nni-experiments/bkcda5s4,52,exp_anneal_80_mat_only_mat_only,hpo,/home/meliani/Desktop/phd/fast-track/search_space.json,python3 trial.py --data ./mat_only.csv,/home/meliani/Desktop/phd/fast-track,1,360000s,80,False,False,info,/home/meliani/nni-experiments,"['LSTM', 'GRU', 'CNN', 'RNN', 'TCN', 'Transformer', 'MLP']","[16, 32, 64, 128, 256]","[1, 2, 3, 4]","[0, 0.1, 0.2, 0.3, 0.5]","['relu', 'tanh', 'sigmoid', 'elu']","[1e-05, 0.01]","[2, 3, 4, 5, 6, 7, 8, 9, 10, 11, 12, 13, 14, 15, 16, 17, 18, 19, 20, 21, 22, 23, 24, 25, 26, 27, 28, 29, 30]","[16, 32, 64, 128]","[5, 10, 15, 20]","[2, 3, 5, 7]","[2, 4, 8]",anneal,minimize,local
bkcda5s4,213,1590,1779243236095,,/home/meliani/nni-experiments/bkcda5s4,52,exp_anneal_80_mat_only_mat_only,hpo,/home/meliani/Desktop/phd/fast-track/search_space.json,python3 trial.py --data ./mat_only.csv,/home/meliani/Desktop/phd/fast-track,1,360000s,80,False,False,info,/home/meliani/nni-experiments,"['LSTM', 'GRU', 'CNN', 'RNN', 'TCN', 'Transformer', 'MLP']","[16, 32, 64, 128, 256]","[1, 2, 3, 4]","[0, 0.1, 0.2, 0.3, 0.5]","['relu', 'tanh', 'sigmoid', 'elu']","[1e-05, 0.01]","[2, 3, 4, 5, 6, 7, 8, 9, 10, 11, 12, 13, 14, 15, 16, 17, 18, 19, 20, 21, 22, 23, 24, 25, 26, 27, 28, 29, 30]","[16, 32, 64, 128]","[5, 10, 15, 20]","[2, 3, 5, 7]","[2, 4, 8]",anneal,minimize,local
bkcda5s4,214,1600,1779243236095,,/home/meliani/nni-experiments/bkcda5s4,52,exp_anneal_80_mat_only_mat_only,hpo,/home/meliani/Desktop/phd/fast-track/search_space.json,python3 trial.py --data ./mat_only.csv,/home/meliani/Desktop/phd/fast-track,1,360000s,80,False,False,info,/home/meliani/nni-experiments,"['LSTM', 'GRU', 'CNN', 'RNN', 'TCN', 'Transformer', 'MLP']","[16, 32, 64, 128, 256]","[1, 2, 3, 4]","[0, 0.1, 0.2, 0.3, 0.5]","['relu', 'tanh', 'sigmoid', 'elu']","[1e-05, 0.01]","[2, 3, 4, 5, 6, 7, 8, 9, 10, 11, 12, 13, 14, 15, 16, 17, 18, 19, 20, 21, 22, 23, 24, 25, 26, 27, 28, 29, 30]","[16, 32, 64, 128]","[5, 10, 15, 20]","[2, 3, 5, 7]","[2, 4, 8]",anneal,minimize,local
bkcda5s4,215,1610,1779243236095,,/home/meliani/nni-experiments/bkcda5s4,52,exp_anneal_80_mat_only_mat_only,hpo,/home/meliani/Desktop/phd/fast-track/search_space.json,python3 trial.py --data ./mat_only.csv,/home/meliani/Desktop/phd/fast-track,1,360000s,80,False,False,info,/home/meliani/nni-experiments,"['LSTM', 'GRU', 'CNN', 'RNN', 'TCN', 'Transformer', 'MLP']","[16, 32, 64, 128, 256]","[1, 2, 3, 4]","[0, 0.1, 0.2, 0.3, 0.5]","['relu', 'tanh', 'sigmoid', 'elu']","[1e-05, 0.01]","[2, 3, 4, 5, 6, 7, 8, 9, 10, 11, 12, 13, 14, 15, 16, 17, 18, 19, 20, 21, 22, 23, 24, 25, 26, 27, 28, 29, 30]","[16, 32, 64, 128]","[5, 10, 15, 20]","[2, 3, 5, 7]","[2, 4, 8]",anneal,minimize,local
bkcda5s4,216,1612,1779243236095,,/home/meliani/nni-experiments/bkcda5s4,53,exp_anneal_80_mat_only_mat_only,hpo,/home/meliani/Desktop/phd/fast-track/search_space.json,python3 trial.py --data ./mat_only.csv,/home/meliani/Desktop/phd/fast-track,1,360000s,80,False,False,info,/home/meliani/nni-experiments,"['LSTM', 'GRU', 'CNN', 'RNN', 'TCN', 'Transformer', 'MLP']","[16, 32, 64, 128, 256]","[1, 2, 3, 4]","[0, 0.1, 0.2, 0.3, 0.5]","['relu', 'tanh', 'sigmoid', 'elu']","[1e-05, 0.01]","[2, 3, 4, 5, 6, 7, 8, 9, 10, 11, 12, 13, 14, 15, 16, 17, 18, 19, 20, 21, 22, 23, 24, 25, 26, 27, 28, 29, 30]","[16, 32, 64, 128]","[5, 10, 15, 20]","[2, 3, 5, 7]","[2, 4, 8]",anneal,minimize,local
bkcda5s4,217,1620,1779243236095,,/home/meliani/nni-experiments/bkcda5s4,53,exp_anneal_80_mat_only_mat_only,hpo,/home/meliani/Desktop/phd/fast-track/search_space.json,python3 trial.py --data ./mat_only.csv,/home/meliani/Desktop/phd/fast-track,1,360000s,80,False,False,info,/home/meliani/nni-experiments,"['LSTM', 'GRU', 'CNN', 'RNN', 'TCN', 'Transformer', 'MLP']","[16, 32, 64, 128, 256]","[1, 2, 3, 4]","[0, 0.1, 0.2, 0.3, 0.5]","['relu', 'tanh', 'sigmoid', 'elu']","[1e-05, 0.01]","[2, 3, 4, 5, 6, 7, 8, 9, 10, 11, 12, 13, 14, 15, 16, 17, 18, 19, 20, 21, 22, 23, 24, 25, 26, 27, 28, 29, 30]","[16, 32, 64, 128]","[5, 10, 15, 20]","[2, 3, 5, 7]","[2, 4, 8]",anneal,minimize,local
bkcda5s4,218,1630,1779243236095,,/home/meliani/nni-experiments/bkcda5s4,53,exp_anneal_80_mat_only_mat_only,hpo,/home/meliani/Desktop/phd/fast-track/search_space.json,python3 trial.py --data ./mat_only.csv,/home/meliani/Desktop/phd/fast-track,1,360000s,80,False,False,info,/home/meliani/nni-experiments,"['LSTM', 'GRU', 'CNN', 'RNN', 'TCN', 'Transformer', 'MLP']","[16, 32, 64, 128, 256]","[1, 2, 3, 4]","[0, 0.1, 0.2, 0.3, 0.5]","['relu', 'tanh', 'sigmoid', 'elu']","[1e-05, 0.01]","[2, 3, 4, 5, 6, 7, 8, 9, 10, 11, 12, 13, 14, 15, 16, 17, 18, 19, 20, 21, 22, 23, 24, 25, 26, 27, 28, 29, 30]","[16, 32, 64, 128]","[5, 10, 15, 20]","[2, 3, 5, 7]","[2, 4, 8]",anneal,minimize,local
bkcda5s4,219,1640,1779243236095,,/home/meliani/nni-experiments/bkcda5s4,53,exp_anneal_80_mat_only_mat_only,hpo,/home/meliani/Desktop/phd/fast-track/search_space.json,python3 trial.py --data ./mat_only.csv,/home/meliani/Desktop/phd/fast-track,1,360000s,80,False,False,info,/home/meliani/nni-experiments,"['LSTM', 'GRU', 'CNN', 'RNN', 'TCN', 'Transformer', 'MLP']","[16, 32, 64, 128, 256]","[1, 2, 3, 4]","[0, 0.1, 0.2, 0.3, 0.5]","['relu', 'tanh', 'sigmoid', 'elu']","[1e-05, 0.01]","[2, 3, 4, 5, 6, 7, 8, 9, 10, 11, 12, 13, 14, 15, 16, 17, 18, 19, 20, 21, 22, 23, 24, 25, 26, 27, 28, 29, 30]","[16, 32, 64, 128]","[5, 10, 15, 20]","[2, 3, 5, 7]","[2, 4, 8]",anneal,minimize,local
bkcda5s4,220,1644,1779243236095,,/home/meliani/nni-experiments/bkcda5s4,54,exp_anneal_80_mat_only_mat_only,hpo,/home/meliani/Desktop/phd/fast-track/search_space.json,python3 trial.py --data ./mat_only.csv,/home/meliani/Desktop/phd/fast-track,1,360000s,80,False,False,info,/home/meliani/nni-experiments,"['LSTM', 'GRU', 'CNN', 'RNN', 'TCN', 'Transformer', 'MLP']","[16, 32, 64, 128, 256]","[1, 2, 3, 4]","[0, 0.1, 0.2, 0.3, 0.5]","['relu', 'tanh', 'sigmoid', 'elu']","[1e-05, 0.01]","[2, 3, 4, 5, 6, 7, 8, 9, 10, 11, 12, 13, 14, 15, 16, 17, 18, 19, 20, 21, 22, 23, 24, 25, 26, 27, 28, 29, 30]","[16, 32, 64, 128]","[5, 10, 15, 20]","[2, 3, 5, 7]","[2, 4, 8]",anneal,minimize,local
bkcda5s4,221,1650,1779243236095,,/home/meliani/nni-experiments/bkcda5s4,54,exp_anneal_80_mat_only_mat_only,hpo,/home/meliani/Desktop/phd/fast-track/search_space.json,python3 trial.py --data ./mat_only.csv,/home/meliani/Desktop/phd/fast-track,1,360000s,80,False,False,info,/home/meliani/nni-experiments,"['LSTM', 'GRU', 'CNN', 'RNN', 'TCN', 'Transformer', 'MLP']","[16, 32, 64, 128, 256]","[1, 2, 3, 4]","[0, 0.1, 0.2, 0.3, 0.5]","['relu', 'tanh', 'sigmoid', 'elu']","[1e-05, 0.01]","[2, 3, 4, 5, 6, 7, 8, 9, 10, 11, 12, 13, 14, 15, 16, 17, 18, 19, 20, 21, 22, 23, 24, 25, 26, 27, 28, 29, 30]","[16, 32, 64, 128]","[5, 10, 15, 20]","[2, 3, 5, 7]","[2, 4, 8]",anneal,minimize,local
bkcda5s4,222,1660,1779243236095,,/home/meliani/nni-experiments/bkcda5s4,54,exp_anneal_80_mat_only_mat_only,hpo,/home/meliani/Desktop/phd/fast-track/search_space.json,python3 trial.py --data ./mat_only.csv,/home/meliani/Desktop/phd/fast-track,1,360000s,80,False,False,info,/home/meliani/nni-experiments,"['LSTM', 'GRU', 'CNN', 'RNN', 'TCN', 'Transformer', 'MLP']","[16, 32, 64, 128, 256]","[1, 2, 3, 4]","[0, 0.1, 0.2, 0.3, 0.5]","['relu', 'tanh', 'sigmoid', 'elu']","[1e-05, 0.01]","[2, 3, 4, 5, 6, 7, 8, 9, 10, 11, 12, 13, 14, 15, 16, 17, 18, 19, 20, 21, 22, 23, 24, 25, 26, 27, 28, 29, 30]","[16, 32, 64, 128]","[5, 10, 15, 20]","[2, 3, 5, 7]","[2, 4, 8]",anneal,minimize,local
bkcda5s4,223,1670,1779243236095,,/home/meliani/nni-experiments/bkcda5s4,54,exp_anneal_80_mat_only_mat_only,hpo,/home/meliani/Desktop/phd/fast-track/search_space.json,python3 trial.py --data ./mat_only.csv,/home/meliani/Desktop/phd/fast-track,1,360000s,80,False,False,info,/home/meliani/nni-experiments,"['LSTM', 'GRU', 'CNN', 'RNN', 'TCN', 'Transformer', 'MLP']","[16, 32, 64, 128, 256]","[1, 2, 3, 4]","[0, 0.1, 0.2, 0.3, 0.5]","['relu', 'tanh', 'sigmoid', 'elu']","[1e-05, 0.01]","[2, 3, 4, 5, 6, 7, 8, 9, 10, 11, 12, 13, 14, 15, 16, 17, 18, 19, 20, 21, 22, 23, 24, 25, 26, 27, 28, 29, 30]","[16, 32, 64, 128]","[5, 10, 15, 20]","[2, 3, 5, 7]","[2, 4, 8]",anneal,minimize,local
bkcda5s4,224,1680,1779243236095,,/home/meliani/nni-experiments/bkcda5s4,54,exp_anneal_80_mat_only_mat_only,hpo,/home/meliani/Desktop/phd/fast-track/search_space.json,python3 trial.py --data ./mat_only.csv,/home/meliani/Desktop/phd/fast-track,1,360000s,80,False,False,info,/home/meliani/nni-experiments,"['LSTM', 'GRU', 'CNN', 'RNN', 'TCN', 'Transformer', 'MLP']","[16, 32, 64, 128, 256]","[1, 2, 3, 4]","[0, 0.1, 0.2, 0.3, 0.5]","['relu', 'tanh', 'sigmoid', 'elu']","[1e-05, 0.01]","[2, 3, 4, 5, 6, 7, 8, 9, 10, 11, 12, 13, 14, 15, 16, 17, 18, 19, 20, 21, 22, 23, 24, 25, 26, 27, 28, 29, 30]","[16, 32, 64, 128]","[5, 10, 15, 20]","[2, 3, 5, 7]","[2, 4, 8]",anneal,minimize,local
bkcda5s4,225,1690,1779243236095,,/home/meliani/nni-experiments/bkcda5s4,54,exp_anneal_80_mat_only_mat_only,hpo,/home/meliani/Desktop/phd/fast-track/search_space.json,python3 trial.py --data ./mat_only.csv,/home/meliani/Desktop/phd/fast-track,1,360000s,80,False,False,info,/home/meliani/nni-experiments,"['LSTM', 'GRU', 'CNN', 'RNN', 'TCN', 'Transformer', 'MLP']","[16, 32, 64, 128, 256]","[1, 2, 3, 4]","[0, 0.1, 0.2, 0.3, 0.5]","['relu', 'tanh', 'sigmoid', 'elu']","[1e-05, 0.01]","[2, 3, 4, 5, 6, 7, 8, 9, 10, 11, 12, 13, 14, 15, 16, 17, 18, 19, 20, 21, 22, 23, 24, 25, 26, 27, 28, 29, 30]","[16, 32, 64, 128]","[5, 10, 15, 20]","[2, 3, 5, 7]","[2, 4, 8]",anneal,minimize,local
bkcda5s4,226,1693,1779243236095,,/home/meliani/nni-experiments/bkcda5s4,55,exp_anneal_80_mat_only_mat_only,hpo,/home/meliani/Desktop/phd/fast-track/search_space.json,python3 trial.py --data ./mat_only.csv,/home/meliani/Desktop/phd/fast-track,1,360000s,80,False,False,info,/home/meliani/nni-experiments,"['LSTM', 'GRU', 'CNN', 'RNN', 'TCN', 'Transformer', 'MLP']","[16, 32, 64, 128, 256]","[1, 2, 3, 4]","[0, 0.1, 0.2, 0.3, 0.5]","['relu', 'tanh', 'sigmoid', 'elu']","[1e-05, 0.01]","[2, 3, 4, 5, 6, 7, 8, 9, 10, 11, 12, 13, 14, 15, 16, 17, 18, 19, 20, 21, 22, 23, 24, 25, 26, 27, 28, 29, 30]","[16, 32, 64, 128]","[5, 10, 15, 20]","[2, 3, 5, 7]","[2, 4, 8]",anneal,minimize,local
bkcda5s4,227,1700,1779243236095,,/home/meliani/nni-experiments/bkcda5s4,55,exp_anneal_80_mat_only_mat_only,hpo,/home/meliani/Desktop/phd/fast-track/search_space.json,python3 trial.py --data ./mat_only.csv,/home/meliani/Desktop/phd/fast-track,1,360000s,80,False,False,info,/home/meliani/nni-experiments,"['LSTM', 'GRU', 'CNN', 'RNN', 'TCN', 'Transformer', 'MLP']","[16, 32, 64, 128, 256]","[1, 2, 3, 4]","[0, 0.1, 0.2, 0.3, 0.5]","['relu', 'tanh', 'sigmoid', 'elu']","[1e-05, 0.01]","[2, 3, 4, 5, 6, 7, 8, 9, 10, 11, 12, 13, 14, 15, 16, 17, 18, 19, 20, 21, 22, 23, 24, 25, 26, 27, 28, 29, 30]","[16, 32, 64, 128]","[5, 10, 15, 20]","[2, 3, 5, 7]","[2, 4, 8]",anneal,minimize,local
bkcda5s4,228,1710,1779243236095,,/home/meliani/nni-experiments/bkcda5s4,55,exp_anneal_80_mat_only_mat_only,hpo,/home/meliani/Desktop/phd/fast-track/search_space.json,python3 trial.py --data ./mat_only.csv,/home/meliani/Desktop/phd/fast-track,1,360000s,80,False,False,info,/home/meliani/nni-experiments,"['LSTM', 'GRU', 'CNN', 'RNN', 'TCN', 'Transformer', 'MLP']","[16, 32, 64, 128, 256]","[1, 2, 3, 4]","[0, 0.1, 0.2, 0.3, 0.5]","['relu', 'tanh', 'sigmoid', 'elu']","[1e-05, 0.01]","[2, 3, 4, 5, 6, 7, 8, 9, 10, 11, 12, 13, 14, 15, 16, 17, 18, 19, 20, 21, 22, 23, 24, 25, 26, 27, 28, 29, 30]","[16, 32, 64, 128]","[5, 10, 15, 20]","[2, 3, 5, 7]","[2, 4, 8]",anneal,minimize,local
bkcda5s4,229,1720,1779243236095,,/home/meliani/nni-experiments/bkcda5s4,55,exp_anneal_80_mat_only_mat_only,hpo,/home/meliani/Desktop/phd/fast-track/search_space.json,python3 trial.py --data ./mat_only.csv,/home/meliani/Desktop/phd/fast-track,1,360000s,80,False,False,info,/home/meliani/nni-experiments,"['LSTM', 'GRU', 'CNN', 'RNN', 'TCN', 'Transformer', 'MLP']","[16, 32, 64, 128, 256]","[1, 2, 3, 4]","[0, 0.1, 0.2, 0.3, 0.5]","['relu', 'tanh', 'sigmoid', 'elu']","[1e-05, 0.01]","[2, 3, 4, 5, 6, 7, 8, 9, 10, 11, 12, 13, 14, 15, 16, 17, 18, 19, 20, 21, 22, 23, 24, 25, 26, 27, 28, 29, 30]","[16, 32, 64, 128]","[5, 10, 15, 20]","[2, 3, 5, 7]","[2, 4, 8]",anneal,minimize,local
bkcda5s4,230,1730,1779243236095,,/home/meliani/nni-experiments/bkcda5s4,55,exp_anneal_80_mat_only_mat_only,hpo,/home/meliani/Desktop/phd/fast-track/search_space.json,python3 trial.py --data ./mat_only.csv,/home/meliani/Desktop/phd/fast-track,1,360000s,80,False,False,info,/home/meliani/nni-experiments,"['LSTM', 'GRU', 'CNN', 'RNN', 'TCN', 'Transformer', 'MLP']","[16, 32, 64, 128, 256]","[1, 2, 3, 4]","[0, 0.1, 0.2, 0.3, 0.5]","['relu', 'tanh', 'sigmoid', 'elu']","[1e-05, 0.01]","[2, 3, 4, 5, 6, 7, 8, 9, 10, 11, 12, 13, 14, 15, 16, 17, 18, 19, 20, 21, 22, 23, 24, 25, 26, 27, 28, 29, 30]","[16, 32, 64, 128]","[5, 10, 15, 20]","[2, 3, 5, 7]","[2, 4, 8]",anneal,minimize,local
bkcda5s4,231,1740,1779243236095,,/home/meliani/nni-experiments/bkcda5s4,55,exp_anneal_80_mat_only_mat_only,hpo,/home/meliani/Desktop/phd/fast-track/search_space.json,python3 trial.py --data ./mat_only.csv,/home/meliani/Desktop/phd/fast-track,1,360000s,80,False,False,info,/home/meliani/nni-experiments,"['LSTM', 'GRU', 'CNN', 'RNN', 'TCN', 'Transformer', 'MLP']","[16, 32, 64, 128, 256]","[1, 2, 3, 4]","[0, 0.1, 0.2, 0.3, 0.5]","['relu', 'tanh', 'sigmoid', 'elu']","[1e-05, 0.01]","[2, 3, 4, 5, 6, 7, 8, 9, 10, 11, 12, 13, 14, 15, 16, 17, 18, 19, 20, 21, 22, 23, 24, 25, 26, 27, 28, 29, 30]","[16, 32, 64, 128]","[5, 10, 15, 20]","[2, 3, 5, 7]","[2, 4, 8]",anneal,minimize,local
bkcda5s4,232,1742,1779243236095,,/home/meliani/nni-experiments/bkcda5s4,56,exp_anneal_80_mat_only_mat_only,hpo,/home/meliani/Desktop/phd/fast-track/search_space.json,python3 trial.py --data ./mat_only.csv,/home/meliani/Desktop/phd/fast-track,1,360000s,80,False,False,info,/home/meliani/nni-experiments,"['LSTM', 'GRU', 'CNN', 'RNN', 'TCN', 'Transformer', 'MLP']","[16, 32, 64, 128, 256]","[1, 2, 3, 4]","[0, 0.1, 0.2, 0.3, 0.5]","['relu', 'tanh', 'sigmoid', 'elu']","[1e-05, 0.01]","[2, 3, 4, 5, 6, 7, 8, 9, 10, 11, 12, 13, 14, 15, 16, 17, 18, 19, 20, 21, 22, 23, 24, 25, 26, 27, 28, 29, 30]","[16, 32, 64, 128]","[5, 10, 15, 20]","[2, 3, 5, 7]","[2, 4, 8]",anneal,minimize,local
bkcda5s4,233,1750,1779243236095,,/home/meliani/nni-experiments/bkcda5s4,56,exp_anneal_80_mat_only_mat_only,hpo,/home/meliani/Desktop/phd/fast-track/search_space.json,python3 trial.py --data ./mat_only.csv,/home/meliani/Desktop/phd/fast-track,1,360000s,80,False,False,info,/home/meliani/nni-experiments,"['LSTM', 'GRU', 'CNN', 'RNN', 'TCN', 'Transformer', 'MLP']","[16, 32, 64, 128, 256]","[1, 2, 3, 4]","[0, 0.1, 0.2, 0.3, 0.5]","['relu', 'tanh', 'sigmoid', 'elu']","[1e-05, 0.01]","[2, 3, 4, 5, 6, 7, 8, 9, 10, 11, 12, 13, 14, 15, 16, 17, 18, 19, 20, 21, 22, 23, 24, 25, 26, 27, 28, 29, 30]","[16, 32, 64, 128]","[5, 10, 15, 20]","[2, 3, 5, 7]","[2, 4, 8]",anneal,minimize,local
bkcda5s4,234,1760,1779243236095,,/home/meliani/nni-experiments/bkcda5s4,56,exp_anneal_80_mat_only_mat_only,hpo,/home/meliani/Desktop/phd/fast-track/search_space.json,python3 trial.py --data ./mat_only.csv,/home/meliani/Desktop/phd/fast-track,1,360000s,80,False,False,info,/home/meliani/nni-experiments,"['LSTM', 'GRU', 'CNN', 'RNN', 'TCN', 'Transformer', 'MLP']","[16, 32, 64, 128, 256]","[1, 2, 3, 4]","[0, 0.1, 0.2, 0.3, 0.5]","['relu', 'tanh', 'sigmoid', 'elu']","[1e-05, 0.01]","[2, 3, 4, 5, 6, 7, 8, 9, 10, 11, 12, 13, 14, 15, 16, 17, 18, 19, 20, 21, 22, 23, 24, 25, 26, 27, 28, 29, 30]","[16, 32, 64, 128]","[5, 10, 15, 20]","[2, 3, 5, 7]","[2, 4, 8]",anneal,minimize,local
bkcda5s4,235,1770,1779243236095,,/home/meliani/nni-experiments/bkcda5s4,56,exp_anneal_80_mat_only_mat_only,hpo,/home/meliani/Desktop/phd/fast-track/search_space.json,python3 trial.py --data ./mat_only.csv,/home/meliani/Desktop/phd/fast-track,1,360000s,80,False,False,info,/home/meliani/nni-experiments,"['LSTM', 'GRU', 'CNN', 'RNN', 'TCN', 'Transformer', 'MLP']","[16, 32, 64, 128, 256]","[1, 2, 3, 4]","[0, 0.1, 0.2, 0.3, 0.5]","['relu', 'tanh', 'sigmoid', 'elu']","[1e-05, 0.01]","[2, 3, 4, 5, 6, 7, 8, 9, 10, 11, 12, 13, 14, 15, 16, 17, 18, 19, 20, 21, 22, 23, 24, 25, 26, 27, 28, 29, 30]","[16, 32, 64, 128]","[5, 10, 15, 20]","[2, 3, 5, 7]","[2, 4, 8]",anneal,minimize,local
bkcda5s4,236,1780,1779243236095,,/home/meliani/nni-experiments/bkcda5s4,56,exp_anneal_80_mat_only_mat_only,hpo,/home/meliani/Desktop/phd/fast-track/search_space.json,python3 trial.py --data ./mat_only.csv,/home/meliani/Desktop/phd/fast-track,1,360000s,80,False,False,info,/home/meliani/nni-experiments,"['LSTM', 'GRU', 'CNN', 'RNN', 'TCN', 'Transformer', 'MLP']","[16, 32, 64, 128, 256]","[1, 2, 3, 4]","[0, 0.1, 0.2, 0.3, 0.5]","['relu', 'tanh', 'sigmoid', 'elu']","[1e-05, 0.01]","[2, 3, 4, 5, 6, 7, 8, 9, 10, 11, 12, 13, 14, 15, 16, 17, 18, 19, 20, 21, 22, 23, 24, 25, 26, 27, 28, 29, 30]","[16, 32, 64, 128]","[5, 10, 15, 20]","[2, 3, 5, 7]","[2, 4, 8]",anneal,minimize,local
bkcda5s4,237,1782,1779243236095,,/home/meliani/nni-experiments/bkcda5s4,57,exp_anneal_80_mat_only_mat_only,hpo,/home/meliani/Desktop/phd/fast-track/search_space.json,python3 trial.py --data ./mat_only.csv,/home/meliani/Desktop/phd/fast-track,1,360000s,80,False,False,info,/home/meliani/nni-experiments,"['LSTM', 'GRU', 'CNN', 'RNN', 'TCN', 'Transformer', 'MLP']","[16, 32, 64, 128, 256]","[1, 2, 3, 4]","[0, 0.1, 0.2, 0.3, 0.5]","['relu', 'tanh', 'sigmoid', 'elu']","[1e-05, 0.01]","[2, 3, 4, 5, 6, 7, 8, 9, 10, 11, 12, 13, 14, 15, 16, 17, 18, 19, 20, 21, 22, 23, 24, 25, 26, 27, 28, 29, 30]","[16, 32, 64, 128]","[5, 10, 15, 20]","[2, 3, 5, 7]","[2, 4, 8]",anneal,minimize,local
bkcda5s4,238,1790,1779243236095,,/home/meliani/nni-experiments/bkcda5s4,57,exp_anneal_80_mat_only_mat_only,hpo,/home/meliani/Desktop/phd/fast-track/search_space.json,python3 trial.py --data ./mat_only.csv,/home/meliani/Desktop/phd/fast-track,1,360000s,80,False,False,info,/home/meliani/nni-experiments,"['LSTM', 'GRU', 'CNN', 'RNN', 'TCN', 'Transformer', 'MLP']","[16, 32, 64, 128, 256]","[1, 2, 3, 4]","[0, 0.1, 0.2, 0.3, 0.5]","['relu', 'tanh', 'sigmoid', 'elu']","[1e-05, 0.01]","[2, 3, 4, 5, 6, 7, 8, 9, 10, 11, 12, 13, 14, 15, 16, 17, 18, 19, 20, 21, 22, 23, 24, 25, 26, 27, 28, 29, 30]","[16, 32, 64, 128]","[5, 10, 15, 20]","[2, 3, 5, 7]","[2, 4, 8]",anneal,minimize,local
bkcda5s4,239,1800,1779243236095,,/home/meliani/nni-experiments/bkcda5s4,57,exp_anneal_80_mat_only_mat_only,hpo,/home/meliani/Desktop/phd/fast-track/search_space.json,python3 trial.py --data ./mat_only.csv,/home/meliani/Desktop/phd/fast-track,1,360000s,80,False,False,info,/home/meliani/nni-experiments,"['LSTM', 'GRU', 'CNN', 'RNN', 'TCN', 'Transformer', 'MLP']","[16, 32, 64, 128, 256]","[1, 2, 3, 4]","[0, 0.1, 0.2, 0.3, 0.5]","['relu', 'tanh', 'sigmoid', 'elu']","[1e-05, 0.01]","[2, 3, 4, 5, 6, 7, 8, 9, 10, 11, 12, 13, 14, 15, 16, 17, 18, 19, 20, 21, 22, 23, 24, 25, 26, 27, 28, 29, 30]","[16, 32, 64, 128]","[5, 10, 15, 20]","[2, 3, 5, 7]","[2, 4, 8]",anneal,minimize,local
bkcda5s4,240,1810,1779243236095,,/home/meliani/nni-experiments/bkcda5s4,57,exp_anneal_80_mat_only_mat_only,hpo,/home/meliani/Desktop/phd/fast-track/search_space.json,python3 trial.py --data ./mat_only.csv,/home/meliani/Desktop/phd/fast-track,1,360000s,80,False,False,info,/home/meliani/nni-experiments,"['LSTM', 'GRU', 'CNN', 'RNN', 'TCN', 'Transformer', 'MLP']","[16, 32, 64, 128, 256]","[1, 2, 3, 4]","[0, 0.1, 0.2, 0.3, 0.5]","['relu', 'tanh', 'sigmoid', 'elu']","[1e-05, 0.01]","[2, 3, 4, 5, 6, 7, 8, 9, 10, 11, 12, 13, 14, 15, 16, 17, 18, 19, 20, 21, 22, 23, 24, 25, 26, 27, 28, 29, 30]","[16, 32, 64, 128]","[5, 10, 15, 20]","[2, 3, 5, 7]","[2, 4, 8]",anneal,minimize,local
bkcda5s4,241,1820,1779243236095,,/home/meliani/nni-experiments/bkcda5s4,57,exp_anneal_80_mat_only_mat_only,hpo,/home/meliani/Desktop/phd/fast-track/search_space.json,python3 trial.py --data ./mat_only.csv,/home/meliani/Desktop/phd/fast-track,1,360000s,80,False,False,info,/home/meliani/nni-experiments,"['LSTM', 'GRU', 'CNN', 'RNN', 'TCN', 'Transformer', 'MLP']","[16, 32, 64, 128, 256]","[1, 2, 3, 4]","[0, 0.1, 0.2, 0.3, 0.5]","['relu', 'tanh', 'sigmoid', 'elu']","[1e-05, 0.01]","[2, 3, 4, 5, 6, 7, 8, 9, 10, 11, 12, 13, 14, 15, 16, 17, 18, 19, 20, 21, 22, 23, 24, 25, 26, 27, 28, 29, 30]","[16, 32, 64, 128]","[5, 10, 15, 20]","[2, 3, 5, 7]","[2, 4, 8]",anneal,minimize,local
bkcda5s4,242,1830,1779243236095,,/home/meliani/nni-experiments/bkcda5s4,57,exp_anneal_80_mat_only_mat_only,hpo,/home/meliani/Desktop/phd/fast-track/search_space.json,python3 trial.py --data ./mat_only.csv,/home/meliani/Desktop/phd/fast-track,1,360000s,80,False,False,info,/home/meliani/nni-experiments,"['LSTM', 'GRU', 'CNN', 'RNN', 'TCN', 'Transformer', 'MLP']","[16, 32, 64, 128, 256]","[1, 2, 3, 4]","[0, 0.1, 0.2, 0.3, 0.5]","['relu', 'tanh', 'sigmoid', 'elu']","[1e-05, 0.01]","[2, 3, 4, 5, 6, 7, 8, 9, 10, 11, 12, 13, 14, 15, 16, 17, 18, 19, 20, 21, 22, 23, 24, 25, 26, 27, 28, 29, 30]","[16, 32, 64, 128]","[5, 10, 15, 20]","[2, 3, 5, 7]","[2, 4, 8]",anneal,minimize,local
bkcda5s4,243,1831,1779243236095,,/home/meliani/nni-experiments/bkcda5s4,58,exp_anneal_80_mat_only_mat_only,hpo,/home/meliani/Desktop/phd/fast-track/search_space.json,python3 trial.py --data ./mat_only.csv,/home/meliani/Desktop/phd/fast-track,1,360000s,80,False,False,info,/home/meliani/nni-experiments,"['LSTM', 'GRU', 'CNN', 'RNN', 'TCN', 'Transformer', 'MLP']","[16, 32, 64, 128, 256]","[1, 2, 3, 4]","[0, 0.1, 0.2, 0.3, 0.5]","['relu', 'tanh', 'sigmoid', 'elu']","[1e-05, 0.01]","[2, 3, 4, 5, 6, 7, 8, 9, 10, 11, 12, 13, 14, 15, 16, 17, 18, 19, 20, 21, 22, 23, 24, 25, 26, 27, 28, 29, 30]","[16, 32, 64, 128]","[5, 10, 15, 20]","[2, 3, 5, 7]","[2, 4, 8]",anneal,minimize,local
bkcda5s4,244,1837,1779243236095,,/home/meliani/nni-experiments/bkcda5s4,59,exp_anneal_80_mat_only_mat_only,hpo,/home/meliani/Desktop/phd/fast-track/search_space.json,python3 trial.py --data ./mat_only.csv,/home/meliani/Desktop/phd/fast-track,1,360000s,80,False,False,info,/home/meliani/nni-experiments,"['LSTM', 'GRU', 'CNN', 'RNN', 'TCN', 'Transformer', 'MLP']","[16, 32, 64, 128, 256]","[1, 2, 3, 4]","[0, 0.1, 0.2, 0.3, 0.5]","['relu', 'tanh', 'sigmoid', 'elu']","[1e-05, 0.01]","[2, 3, 4, 5, 6, 7, 8, 9, 10, 11, 12, 13, 14, 15, 16, 17, 18, 19, 20, 21, 22, 23, 24, 25, 26, 27, 28, 29, 30]","[16, 32, 64, 128]","[5, 10, 15, 20]","[2, 3, 5, 7]","[2, 4, 8]",anneal,minimize,local
bkcda5s4,245,1840,1779243236095,,/home/meliani/nni-experiments/bkcda5s4,59,exp_anneal_80_mat_only_mat_only,hpo,/home/meliani/Desktop/phd/fast-track/search_space.json,python3 trial.py --data ./mat_only.csv,/home/meliani/Desktop/phd/fast-track,1,360000s,80,False,False,info,/home/meliani/nni-experiments,"['LSTM', 'GRU', 'CNN', 'RNN', 'TCN', 'Transformer', 'MLP']","[16, 32, 64, 128, 256]","[1, 2, 3, 4]","[0, 0.1, 0.2, 0.3, 0.5]","['relu', 'tanh', 'sigmoid', 'elu']","[1e-05, 0.01]","[2, 3, 4, 5, 6, 7, 8, 9, 10, 11, 12, 13, 14, 15, 16, 17, 18, 19, 20, 21, 22, 23, 24, 25, 26, 27, 28, 29, 30]","[16, 32, 64, 128]","[5, 10, 15, 20]","[2, 3, 5, 7]","[2, 4, 8]",anneal,minimize,local
bkcda5s4,246,1850,1779243236095,,/home/meliani/nni-experiments/bkcda5s4,59,exp_anneal_80_mat_only_mat_only,hpo,/home/meliani/Desktop/phd/fast-track/search_space.json,python3 trial.py --data ./mat_only.csv,/home/meliani/Desktop/phd/fast-track,1,360000s,80,False,False,info,/home/meliani/nni-experiments,"['LSTM', 'GRU', 'CNN', 'RNN', 'TCN', 'Transformer', 'MLP']","[16, 32, 64, 128, 256]","[1, 2, 3, 4]","[0, 0.1, 0.2, 0.3, 0.5]","['relu', 'tanh', 'sigmoid', 'elu']","[1e-05, 0.01]","[2, 3, 4, 5, 6, 7, 8, 9, 10, 11, 12, 13, 14, 15, 16, 17, 18, 19, 20, 21, 22, 23, 24, 25, 26, 27, 28, 29, 30]","[16, 32, 64, 128]","[5, 10, 15, 20]","[2, 3, 5, 7]","[2, 4, 8]",anneal,minimize,local
bkcda5s4,247,1860,1779243236095,,/home/meliani/nni-experiments/bkcda5s4,59,exp_anneal_80_mat_only_mat_only,hpo,/home/meliani/Desktop/phd/fast-track/search_space.json,python3 trial.py --data ./mat_only.csv,/home/meliani/Desktop/phd/fast-track,1,360000s,80,False,False,info,/home/meliani/nni-experiments,"['LSTM', 'GRU', 'CNN', 'RNN', 'TCN', 'Transformer', 'MLP']","[16, 32, 64, 128, 256]","[1, 2, 3, 4]","[0, 0.1, 0.2, 0.3, 0.5]","['relu', 'tanh', 'sigmoid', 'elu']","[1e-05, 0.01]","[2, 3, 4, 5, 6, 7, 8, 9, 10, 11, 12, 13, 14, 15, 16, 17, 18, 19, 20, 21, 22, 23, 24, 25, 26, 27, 28, 29, 30]","[16, 32, 64, 128]","[5, 10, 15, 20]","[2, 3, 5, 7]","[2, 4, 8]",anneal,minimize,local
bkcda5s4,248,1870,1779243236095,,/home/meliani/nni-experiments/bkcda5s4,59,exp_anneal_80_mat_only_mat_only,hpo,/home/meliani/Desktop/phd/fast-track/search_space.json,python3 trial.py --data ./mat_only.csv,/home/meliani/Desktop/phd/fast-track,1,360000s,80,False,False,info,/home/meliani/nni-experiments,"['LSTM', 'GRU', 'CNN', 'RNN', 'TCN', 'Transformer', 'MLP']","[16, 32, 64, 128, 256]","[1, 2, 3, 4]","[0, 0.1, 0.2, 0.3, 0.5]","['relu', 'tanh', 'sigmoid', 'elu']","[1e-05, 0.01]","[2, 3, 4, 5, 6, 7, 8, 9, 10, 11, 12, 13, 14, 15, 16, 17, 18, 19, 20, 21, 22, 23, 24, 25, 26, 27, 28, 29, 30]","[16, 32, 64, 128]","[5, 10, 15, 20]","[2, 3, 5, 7]","[2, 4, 8]",anneal,minimize,local
bkcda5s4,249,1880,1779243236095,,/home/meliani/nni-experiments/bkcda5s4,59,exp_anneal_80_mat_only_mat_only,hpo,/home/meliani/Desktop/phd/fast-track/search_space.json,python3 trial.py --data ./mat_only.csv,/home/meliani/Desktop/phd/fast-track,1,360000s,80,False,False,info,/home/meliani/nni-experiments,"['LSTM', 'GRU', 'CNN', 'RNN', 'TCN', 'Transformer', 'MLP']","[16, 32, 64, 128, 256]","[1, 2, 3, 4]","[0, 0.1, 0.2, 0.3, 0.5]","['relu', 'tanh', 'sigmoid', 'elu']","[1e-05, 0.01]","[2, 3, 4, 5, 6, 7, 8, 9, 10, 11, 12, 13, 14, 15, 16, 17, 18, 19, 20, 21, 22, 23, 24, 25, 26, 27, 28, 29, 30]","[16, 32, 64, 128]","[5, 10, 15, 20]","[2, 3, 5, 7]","[2, 4, 8]",anneal,minimize,local
bkcda5s4,250,1886,1779243236095,,/home/meliani/nni-experiments/bkcda5s4,60,exp_anneal_80_mat_only_mat_only,hpo,/home/meliani/Desktop/phd/fast-track/search_space.json,python3 trial.py --data ./mat_only.csv,/home/meliani/Desktop/phd/fast-track,1,360000s,80,False,False,info,/home/meliani/nni-experiments,"['LSTM', 'GRU', 'CNN', 'RNN', 'TCN', 'Transformer', 'MLP']","[16, 32, 64, 128, 256]","[1, 2, 3, 4]","[0, 0.1, 0.2, 0.3, 0.5]","['relu', 'tanh', 'sigmoid', 'elu']","[1e-05, 0.01]","[2, 3, 4, 5, 6, 7, 8, 9, 10, 11, 12, 13, 14, 15, 16, 17, 18, 19, 20, 21, 22, 23, 24, 25, 26, 27, 28, 29, 30]","[16, 32, 64, 128]","[5, 10, 15, 20]","[2, 3, 5, 7]","[2, 4, 8]",anneal,minimize,local
bkcda5s4,251,1890,1779243236095,,/home/meliani/nni-experiments/bkcda5s4,60,exp_anneal_80_mat_only_mat_only,hpo,/home/meliani/Desktop/phd/fast-track/search_space.json,python3 trial.py --data ./mat_only.csv,/home/meliani/Desktop/phd/fast-track,1,360000s,80,False,False,info,/home/meliani/nni-experiments,"['LSTM', 'GRU', 'CNN', 'RNN', 'TCN', 'Transformer', 'MLP']","[16, 32, 64, 128, 256]","[1, 2, 3, 4]","[0, 0.1, 0.2, 0.3, 0.5]","['relu', 'tanh', 'sigmoid', 'elu']","[1e-05, 0.01]","[2, 3, 4, 5, 6, 7, 8, 9, 10, 11, 12, 13, 14, 15, 16, 17, 18, 19, 20, 21, 22, 23, 24, 25, 26, 27, 28, 29, 30]","[16, 32, 64, 128]","[5, 10, 15, 20]","[2, 3, 5, 7]","[2, 4, 8]",anneal,minimize,local
bkcda5s4,252,1900,1779243236095,,/home/meliani/nni-experiments/bkcda5s4,60,exp_anneal_80_mat_only_mat_only,hpo,/home/meliani/Desktop/phd/fast-track/search_space.json,python3 trial.py --data ./mat_only.csv,/home/meliani/Desktop/phd/fast-track,1,360000s,80,False,False,info,/home/meliani/nni-experiments,"['LSTM', 'GRU', 'CNN', 'RNN', 'TCN', 'Transformer', 'MLP']","[16, 32, 64, 128, 256]","[1, 2, 3, 4]","[0, 0.1, 0.2, 0.3, 0.5]","['relu', 'tanh', 'sigmoid', 'elu']","[1e-05, 0.01]","[2, 3, 4, 5, 6, 7, 8, 9, 10, 11, 12, 13, 14, 15, 16, 17, 18, 19, 20, 21, 22, 23, 24, 25, 26, 27, 28, 29, 30]","[16, 32, 64, 128]","[5, 10, 15, 20]","[2, 3, 5, 7]","[2, 4, 8]",anneal,minimize,local
bkcda5s4,253,1910,1779243236095,,/home/meliani/nni-experiments/bkcda5s4,60,exp_anneal_80_mat_only_mat_only,hpo,/home/meliani/Desktop/phd/fast-track/search_space.json,python3 trial.py --data ./mat_only.csv,/home/meliani/Desktop/phd/fast-track,1,360000s,80,False,False,info,/home/meliani/nni-experiments,"['LSTM', 'GRU', 'CNN', 'RNN', 'TCN', 'Transformer', 'MLP']","[16, 32, 64, 128, 256]","[1, 2, 3, 4]","[0, 0.1, 0.2, 0.3, 0.5]","['relu', 'tanh', 'sigmoid', 'elu']","[1e-05, 0.01]","[2, 3, 4, 5, 6, 7, 8, 9, 10, 11, 12, 13, 14, 15, 16, 17, 18, 19, 20, 21, 22, 23, 24, 25, 26, 27, 28, 29, 30]","[16, 32, 64, 128]","[5, 10, 15, 20]","[2, 3, 5, 7]","[2, 4, 8]",anneal,minimize,local
bkcda5s4,254,1920,1779243236095,,/home/meliani/nni-experiments/bkcda5s4,60,exp_anneal_80_mat_only_mat_only,hpo,/home/meliani/Desktop/phd/fast-track/search_space.json,python3 trial.py --data ./mat_only.csv,/home/meliani/Desktop/phd/fast-track,1,360000s,80,False,False,info,/home/meliani/nni-experiments,"['LSTM', 'GRU', 'CNN', 'RNN', 'TCN', 'Transformer', 'MLP']","[16, 32, 64, 128, 256]","[1, 2, 3, 4]","[0, 0.1, 0.2, 0.3, 0.5]","['relu', 'tanh', 'sigmoid', 'elu']","[1e-05, 0.01]","[2, 3, 4, 5, 6, 7, 8, 9, 10, 11, 12, 13, 14, 15, 16, 17, 18, 19, 20, 21, 22, 23, 24, 25, 26, 27, 28, 29, 30]","[16, 32, 64, 128]","[5, 10, 15, 20]","[2, 3, 5, 7]","[2, 4, 8]",anneal,minimize,local
bkcda5s4,255,1930,1779243236095,,/home/meliani/nni-experiments/bkcda5s4,60,exp_anneal_80_mat_only_mat_only,hpo,/home/meliani/Desktop/phd/fast-track/search_space.json,python3 trial.py --data ./mat_only.csv,/home/meliani/Desktop/phd/fast-track,1,360000s,80,False,False,info,/home/meliani/nni-experiments,"['LSTM', 'GRU', 'CNN', 'RNN', 'TCN', 'Transformer', 'MLP']","[16, 32, 64, 128, 256]","[1, 2, 3, 4]","[0, 0.1, 0.2, 0.3, 0.5]","['relu', 'tanh', 'sigmoid', 'elu']","[1e-05, 0.01]","[2, 3, 4, 5, 6, 7, 8, 9, 10, 11, 12, 13, 14, 15, 16, 17, 18, 19, 20, 21, 22, 23, 24, 25, 26, 27, 28, 29, 30]","[16, 32, 64, 128]","[5, 10, 15, 20]","[2, 3, 5, 7]","[2, 4, 8]",anneal,minimize,local
bkcda5s4,256,1940,1779243236095,,/home/meliani/nni-experiments/bkcda5s4,60,exp_anneal_80_mat_only_mat_only,hpo,/home/meliani/Desktop/phd/fast-track/search_space.json,python3 trial.py --data ./mat_only.csv,/home/meliani/Desktop/phd/fast-track,1,360000s,80,False,False,info,/home/meliani/nni-experiments,"['LSTM', 'GRU', 'CNN', 'RNN', 'TCN', 'Transformer', 'MLP']","[16, 32, 64, 128, 256]","[1, 2, 3, 4]","[0, 0.1, 0.2, 0.3, 0.5]","['relu', 'tanh', 'sigmoid', 'elu']","[1e-05, 0.01]","[2, 3, 4, 5, 6, 7, 8, 9, 10, 11, 12, 13, 14, 15, 16, 17, 18, 19, 20, 21, 22, 23, 24, 25, 26, 27, 28, 29, 30]","[16, 32, 64, 128]","[5, 10, 15, 20]","[2, 3, 5, 7]","[2, 4, 8]",anneal,minimize,local
bkcda5s4,257,1950,1779243236095,,/home/meliani/nni-experiments/bkcda5s4,60,exp_anneal_80_mat_only_mat_only,hpo,/home/meliani/Desktop/phd/fast-track/search_space.json,python3 trial.py --data ./mat_only.csv,/home/meliani/Desktop/phd/fast-track,1,360000s,80,False,False,info,/home/meliani/nni-experiments,"['LSTM', 'GRU', 'CNN', 'RNN', 'TCN', 'Transformer', 'MLP']","[16, 32, 64, 128, 256]","[1, 2, 3, 4]","[0, 0.1, 0.2, 0.3, 0.5]","['relu', 'tanh', 'sigmoid', 'elu']","[1e-05, 0.01]","[2, 3, 4, 5, 6, 7, 8, 9, 10, 11, 12, 13, 14, 15, 16, 17, 18, 19, 20, 21, 22, 23, 24, 25, 26, 27, 28, 29, 30]","[16, 32, 64, 128]","[5, 10, 15, 20]","[2, 3, 5, 7]","[2, 4, 8]",anneal,minimize,local
bkcda5s4,258,1960,1779243236095,,/home/meliani/nni-experiments/bkcda5s4,60,exp_anneal_80_mat_only_mat_only,hpo,/home/meliani/Desktop/phd/fast-track/search_space.json,python3 trial.py --data ./mat_only.csv,/home/meliani/Desktop/phd/fast-track,1,360000s,80,False,False,info,/home/meliani/nni-experiments,"['LSTM', 'GRU', 'CNN', 'RNN', 'TCN', 'Transformer', 'MLP']","[16, 32, 64, 128, 256]","[1, 2, 3, 4]","[0, 0.1, 0.2, 0.3, 0.5]","['relu', 'tanh', 'sigmoid', 'elu']","[1e-05, 0.01]","[2, 3, 4, 5, 6, 7, 8, 9, 10, 11, 12, 13, 14, 15, 16, 17, 18, 19, 20, 21, 22, 23, 24, 25, 26, 27, 28, 29, 30]","[16, 32, 64, 128]","[5, 10, 15, 20]","[2, 3, 5, 7]","[2, 4, 8]",anneal,minimize,local
bkcda5s4,259,1970,1779243236095,,/home/meliani/nni-experiments/bkcda5s4,60,exp_anneal_80_mat_only_mat_only,hpo,/home/meliani/Desktop/phd/fast-track/search_space.json,python3 trial.py --data ./mat_only.csv,/home/meliani/Desktop/phd/fast-track,1,360000s,80,False,False,info,/home/meliani/nni-experiments,"['LSTM', 'GRU', 'CNN', 'RNN', 'TCN', 'Transformer', 'MLP']","[16, 32, 64, 128, 256]","[1, 2, 3, 4]","[0, 0.1, 0.2, 0.3, 0.5]","['relu', 'tanh', 'sigmoid', 'elu']","[1e-05, 0.01]","[2, 3, 4, 5, 6, 7, 8, 9, 10, 11, 12, 13, 14, 15, 16, 17, 18, 19, 20, 21, 22, 23, 24, 25, 26, 27, 28, 29, 30]","[16, 32, 64, 128]","[5, 10, 15, 20]","[2, 3, 5, 7]","[2, 4, 8]",anneal,minimize,local
bkcda5s4,260,1980,1779243236095,,/home/meliani/nni-experiments/bkcda5s4,60,exp_anneal_80_mat_only_mat_only,hpo,/home/meliani/Desktop/phd/fast-track/search_space.json,python3 trial.py --data ./mat_only.csv,/home/meliani/Desktop/phd/fast-track,1,360000s,80,False,False,info,/home/meliani/nni-experiments,"['LSTM', 'GRU', 'CNN', 'RNN', 'TCN', 'Transformer', 'MLP']","[16, 32, 64, 128, 256]","[1, 2, 3, 4]","[0, 0.1, 0.2, 0.3, 0.5]","['relu', 'tanh', 'sigmoid', 'elu']","[1e-05, 0.01]","[2, 3, 4, 5, 6, 7, 8, 9, 10, 11, 12, 13, 14, 15, 16, 17, 18, 19, 20, 21, 22, 23, 24, 25, 26, 27, 28, 29, 30]","[16, 32, 64, 128]","[5, 10, 15, 20]","[2, 3, 5, 7]","[2, 4, 8]",anneal,minimize,local
bkcda5s4,261,1981,1779243236095,,/home/meliani/nni-experiments/bkcda5s4,61,exp_anneal_80_mat_only_mat_only,hpo,/home/meliani/Desktop/phd/fast-track/search_space.json,python3 trial.py --data ./mat_only.csv,/home/meliani/Desktop/phd/fast-track,1,360000s,80,False,False,info,/home/meliani/nni-experiments,"['LSTM', 'GRU', 'CNN', 'RNN', 'TCN', 'Transformer', 'MLP']","[16, 32, 64, 128, 256]","[1, 2, 3, 4]","[0, 0.1, 0.2, 0.3, 0.5]","['relu', 'tanh', 'sigmoid', 'elu']","[1e-05, 0.01]","[2, 3, 4, 5, 6, 7, 8, 9, 10, 11, 12, 13, 14, 15, 16, 17, 18, 19, 20, 21, 22, 23, 24, 25, 26, 27, 28, 29, 30]","[16, 32, 64, 128]","[5, 10, 15, 20]","[2, 3, 5, 7]","[2, 4, 8]",anneal,minimize,local
bkcda5s4,262,1990,1779243236095,,/home/meliani/nni-experiments/bkcda5s4,61,exp_anneal_80_mat_only_mat_only,hpo,/home/meliani/Desktop/phd/fast-track/search_space.json,python3 trial.py --data ./mat_only.csv,/home/meliani/Desktop/phd/fast-track,1,360000s,80,False,False,info,/home/meliani/nni-experiments,"['LSTM', 'GRU', 'CNN', 'RNN', 'TCN', 'Transformer', 'MLP']","[16, 32, 64, 128, 256]","[1, 2, 3, 4]","[0, 0.1, 0.2, 0.3, 0.5]","['relu', 'tanh', 'sigmoid', 'elu']","[1e-05, 0.01]","[2, 3, 4, 5, 6, 7, 8, 9, 10, 11, 12, 13, 14, 15, 16, 17, 18, 19, 20, 21, 22, 23, 24, 25, 26, 27, 28, 29, 30]","[16, 32, 64, 128]","[5, 10, 15, 20]","[2, 3, 5, 7]","[2, 4, 8]",anneal,minimize,local
bkcda5s4,263,2000,1779243236095,,/home/meliani/nni-experiments/bkcda5s4,61,exp_anneal_80_mat_only_mat_only,hpo,/home/meliani/Desktop/phd/fast-track/search_space.json,python3 trial.py --data ./mat_only.csv,/home/meliani/Desktop/phd/fast-track,1,360000s,80,False,False,info,/home/meliani/nni-experiments,"['LSTM', 'GRU', 'CNN', 'RNN', 'TCN', 'Transformer', 'MLP']","[16, 32, 64, 128, 256]","[1, 2, 3, 4]","[0, 0.1, 0.2, 0.3, 0.5]","['relu', 'tanh', 'sigmoid', 'elu']","[1e-05, 0.01]","[2, 3, 4, 5, 6, 7, 8, 9, 10, 11, 12, 13, 14, 15, 16, 17, 18, 19, 20, 21, 22, 23, 24, 25, 26, 27, 28, 29, 30]","[16, 32, 64, 128]","[5, 10, 15, 20]","[2, 3, 5, 7]","[2, 4, 8]",anneal,minimize,local
bkcda5s4,264,2010,1779243236095,,/home/meliani/nni-experiments/bkcda5s4,61,exp_anneal_80_mat_only_mat_only,hpo,/home/meliani/Desktop/phd/fast-track/search_space.json,python3 trial.py --data ./mat_only.csv,/home/meliani/Desktop/phd/fast-track,1,360000s,80,False,False,info,/home/meliani/nni-experiments,"['LSTM', 'GRU', 'CNN', 'RNN', 'TCN', 'Transformer', 'MLP']","[16, 32, 64, 128, 256]","[1, 2, 3, 4]","[0, 0.1, 0.2, 0.3, 0.5]","['relu', 'tanh', 'sigmoid', 'elu']","[1e-05, 0.01]","[2, 3, 4, 5, 6, 7, 8, 9, 10, 11, 12, 13, 14, 15, 16, 17, 18, 19, 20, 21, 22, 23, 24, 25, 26, 27, 28, 29, 30]","[16, 32, 64, 128]","[5, 10, 15, 20]","[2, 3, 5, 7]","[2, 4, 8]",anneal,minimize,local
bkcda5s4,265,2020,1779243236095,,/home/meliani/nni-experiments/bkcda5s4,61,exp_anneal_80_mat_only_mat_only,hpo,/home/meliani/Desktop/phd/fast-track/search_space.json,python3 trial.py --data ./mat_only.csv,/home/meliani/Desktop/phd/fast-track,1,360000s,80,False,False,info,/home/meliani/nni-experiments,"['LSTM', 'GRU', 'CNN', 'RNN', 'TCN', 'Transformer', 'MLP']","[16, 32, 64, 128, 256]","[1, 2, 3, 4]","[0, 0.1, 0.2, 0.3, 0.5]","['relu', 'tanh', 'sigmoid', 'elu']","[1e-05, 0.01]","[2, 3, 4, 5, 6, 7, 8, 9, 10, 11, 12, 13, 14, 15, 16, 17, 18, 19, 20, 21, 22, 23, 24, 25, 26, 27, 28, 29, 30]","[16, 32, 64, 128]","[5, 10, 15, 20]","[2, 3, 5, 7]","[2, 4, 8]",anneal,minimize,local
bkcda5s4,266,2030,1779243236095,,/home/meliani/nni-experiments/bkcda5s4,61,exp_anneal_80_mat_only_mat_only,hpo,/home/meliani/Desktop/phd/fast-track/search_space.json,python3 trial.py --data ./mat_only.csv,/home/meliani/Desktop/phd/fast-track,1,360000s,80,False,False,info,/home/meliani/nni-experiments,"['LSTM', 'GRU', 'CNN', 'RNN', 'TCN', 'Transformer', 'MLP']","[16, 32, 64, 128, 256]","[1, 2, 3, 4]","[0, 0.1, 0.2, 0.3, 0.5]","['relu', 'tanh', 'sigmoid', 'elu']","[1e-05, 0.01]","[2, 3, 4, 5, 6, 7, 8, 9, 10, 11, 12, 13, 14, 15, 16, 17, 18, 19, 20, 21, 22, 23, 24, 25, 26, 27, 28, 29, 30]","[16, 32, 64, 128]","[5, 10, 15, 20]","[2, 3, 5, 7]","[2, 4, 8]",anneal,minimize,local
bkcda5s4,267,2032,1779243236095,,/home/meliani/nni-experiments/bkcda5s4,62,exp_anneal_80_mat_only_mat_only,hpo,/home/meliani/Desktop/phd/fast-track/search_space.json,python3 trial.py --data ./mat_only.csv,/home/meliani/Desktop/phd/fast-track,1,360000s,80,False,False,info,/home/meliani/nni-experiments,"['LSTM', 'GRU', 'CNN', 'RNN', 'TCN', 'Transformer', 'MLP']","[16, 32, 64, 128, 256]","[1, 2, 3, 4]","[0, 0.1, 0.2, 0.3, 0.5]","['relu', 'tanh', 'sigmoid', 'elu']","[1e-05, 0.01]","[2, 3, 4, 5, 6, 7, 8, 9, 10, 11, 12, 13, 14, 15, 16, 17, 18, 19, 20, 21, 22, 23, 24, 25, 26, 27, 28, 29, 30]","[16, 32, 64, 128]","[5, 10, 15, 20]","[2, 3, 5, 7]","[2, 4, 8]",anneal,minimize,local
bkcda5s4,268,2040,1779243236095,,/home/meliani/nni-experiments/bkcda5s4,62,exp_anneal_80_mat_only_mat_only,hpo,/home/meliani/Desktop/phd/fast-track/search_space.json,python3 trial.py --data ./mat_only.csv,/home/meliani/Desktop/phd/fast-track,1,360000s,80,False,False,info,/home/meliani/nni-experiments,"['LSTM', 'GRU', 'CNN', 'RNN', 'TCN', 'Transformer', 'MLP']","[16, 32, 64, 128, 256]","[1, 2, 3, 4]","[0, 0.1, 0.2, 0.3, 0.5]","['relu', 'tanh', 'sigmoid', 'elu']","[1e-05, 0.01]","[2, 3, 4, 5, 6, 7, 8, 9, 10, 11, 12, 13, 14, 15, 16, 17, 18, 19, 20, 21, 22, 23, 24, 25, 26, 27, 28, 29, 30]","[16, 32, 64, 128]","[5, 10, 15, 20]","[2, 3, 5, 7]","[2, 4, 8]",anneal,minimize,local
bkcda5s4,269,2050,1779243236095,,/home/meliani/nni-experiments/bkcda5s4,62,exp_anneal_80_mat_only_mat_only,hpo,/home/meliani/Desktop/phd/fast-track/search_space.json,python3 trial.py --data ./mat_only.csv,/home/meliani/Desktop/phd/fast-track,1,360000s,80,False,False,info,/home/meliani/nni-experiments,"['LSTM', 'GRU', 'CNN', 'RNN', 'TCN', 'Transformer', 'MLP']","[16, 32, 64, 128, 256]","[1, 2, 3, 4]","[0, 0.1, 0.2, 0.3, 0.5]","['relu', 'tanh', 'sigmoid', 'elu']","[1e-05, 0.01]","[2, 3, 4, 5, 6, 7, 8, 9, 10, 11, 12, 13, 14, 15, 16, 17, 18, 19, 20, 21, 22, 23, 24, 25, 26, 27, 28, 29, 30]","[16, 32, 64, 128]","[5, 10, 15, 20]","[2, 3, 5, 7]","[2, 4, 8]",anneal,minimize,local
bkcda5s4,270,2060,1779243236095,,/home/meliani/nni-experiments/bkcda5s4,62,exp_anneal_80_mat_only_mat_only,hpo,/home/meliani/Desktop/phd/fast-track/search_space.json,python3 trial.py --data ./mat_only.csv,/home/meliani/Desktop/phd/fast-track,1,360000s,80,False,False,info,/home/meliani/nni-experiments,"['LSTM', 'GRU', 'CNN', 'RNN', 'TCN', 'Transformer', 'MLP']","[16, 32, 64, 128, 256]","[1, 2, 3, 4]","[0, 0.1, 0.2, 0.3, 0.5]","['relu', 'tanh', 'sigmoid', 'elu']","[1e-05, 0.01]","[2, 3, 4, 5, 6, 7, 8, 9, 10, 11, 12, 13, 14, 15, 16, 17, 18, 19, 20, 21, 22, 23, 24, 25, 26, 27, 28, 29, 30]","[16, 32, 64, 128]","[5, 10, 15, 20]","[2, 3, 5, 7]","[2, 4, 8]",anneal,minimize,local
bkcda5s4,271,2070,1779243236095,,/home/meliani/nni-experiments/bkcda5s4,62,exp_anneal_80_mat_only_mat_only,hpo,/home/meliani/Desktop/phd/fast-track/search_space.json,python3 trial.py --data ./mat_only.csv,/home/meliani/Desktop/phd/fast-track,1,360000s,80,False,False,info,/home/meliani/nni-experiments,"['LSTM', 'GRU', 'CNN', 'RNN', 'TCN', 'Transformer', 'MLP']","[16, 32, 64, 128, 256]","[1, 2, 3, 4]","[0, 0.1, 0.2, 0.3, 0.5]","['relu', 'tanh', 'sigmoid', 'elu']","[1e-05, 0.01]","[2, 3, 4, 5, 6, 7, 8, 9, 10, 11, 12, 13, 14, 15, 16, 17, 18, 19, 20, 21, 22, 23, 24, 25, 26, 27, 28, 29, 30]","[16, 32, 64, 128]","[5, 10, 15, 20]","[2, 3, 5, 7]","[2, 4, 8]",anneal,minimize,local
bkcda5s4,272,2080,1779243236095,,/home/meliani/nni-experiments/bkcda5s4,62,exp_anneal_80_mat_only_mat_only,hpo,/home/meliani/Desktop/phd/fast-track/search_space.json,python3 trial.py --data ./mat_only.csv,/home/meliani/Desktop/phd/fast-track,1,360000s,80,False,False,info,/home/meliani/nni-experiments,"['LSTM', 'GRU', 'CNN', 'RNN', 'TCN', 'Transformer', 'MLP']","[16, 32, 64, 128, 256]","[1, 2, 3, 4]","[0, 0.1, 0.2, 0.3, 0.5]","['relu', 'tanh', 'sigmoid', 'elu']","[1e-05, 0.01]","[2, 3, 4, 5, 6, 7, 8, 9, 10, 11, 12, 13, 14, 15, 16, 17, 18, 19, 20, 21, 22, 23, 24, 25, 26, 27, 28, 29, 30]","[16, 32, 64, 128]","[5, 10, 15, 20]","[2, 3, 5, 7]","[2, 4, 8]",anneal,minimize,local
bkcda5s4,273,2090,1779243236095,,/home/meliani/nni-experiments/bkcda5s4,62,exp_anneal_80_mat_only_mat_only,hpo,/home/meliani/Desktop/phd/fast-track/search_space.json,python3 trial.py --data ./mat_only.csv,/home/meliani/Desktop/phd/fast-track,1,360000s,80,False,False,info,/home/meliani/nni-experiments,"['LSTM', 'GRU', 'CNN', 'RNN', 'TCN', 'Transformer', 'MLP']","[16, 32, 64, 128, 256]","[1, 2, 3, 4]","[0, 0.1, 0.2, 0.3, 0.5]","['relu', 'tanh', 'sigmoid', 'elu']","[1e-05, 0.01]","[2, 3, 4, 5, 6, 7, 8, 9, 10, 11, 12, 13, 14, 15, 16, 17, 18, 19, 20, 21, 22, 23, 24, 25, 26, 27, 28, 29, 30]","[16, 32, 64, 128]","[5, 10, 15, 20]","[2, 3, 5, 7]","[2, 4, 8]",anneal,minimize,local
bkcda5s4,274,2100,1779243236095,,/home/meliani/nni-experiments/bkcda5s4,62,exp_anneal_80_mat_only_mat_only,hpo,/home/meliani/Desktop/phd/fast-track/search_space.json,python3 trial.py --data ./mat_only.csv,/home/meliani/Desktop/phd/fast-track,1,360000s,80,False,False,info,/home/meliani/nni-experiments,"['LSTM', 'GRU', 'CNN', 'RNN', 'TCN', 'Transformer', 'MLP']","[16, 32, 64, 128, 256]","[1, 2, 3, 4]","[0, 0.1, 0.2, 0.3, 0.5]","['relu', 'tanh', 'sigmoid', 'elu']","[1e-05, 0.01]","[2, 3, 4, 5, 6, 7, 8, 9, 10, 11, 12, 13, 14, 15, 16, 17, 18, 19, 20, 21, 22, 23, 24, 25, 26, 27, 28, 29, 30]","[16, 32, 64, 128]","[5, 10, 15, 20]","[2, 3, 5, 7]","[2, 4, 8]",anneal,minimize,local
bkcda5s4,275,2110,1779243236095,,/home/meliani/nni-experiments/bkcda5s4,62,exp_anneal_80_mat_only_mat_only,hpo,/home/meliani/Desktop/phd/fast-track/search_space.json,python3 trial.py --data ./mat_only.csv,/home/meliani/Desktop/phd/fast-track,1,360000s,80,False,False,info,/home/meliani/nni-experiments,"['LSTM', 'GRU', 'CNN', 'RNN', 'TCN', 'Transformer', 'MLP']","[16, 32, 64, 128, 256]","[1, 2, 3, 4]","[0, 0.1, 0.2, 0.3, 0.5]","['relu', 'tanh', 'sigmoid', 'elu']","[1e-05, 0.01]","[2, 3, 4, 5, 6, 7, 8, 9, 10, 11, 12, 13, 14, 15, 16, 17, 18, 19, 20, 21, 22, 23, 24, 25, 26, 27, 28, 29, 30]","[16, 32, 64, 128]","[5, 10, 15, 20]","[2, 3, 5, 7]","[2, 4, 8]",anneal,minimize,local
bkcda5s4,276,2120,1779243236095,,/home/meliani/nni-experiments/bkcda5s4,62,exp_anneal_80_mat_only_mat_only,hpo,/home/meliani/Desktop/phd/fast-track/search_space.json,python3 trial.py --data ./mat_only.csv,/home/meliani/Desktop/phd/fast-track,1,360000s,80,False,False,info,/home/meliani/nni-experiments,"['LSTM', 'GRU', 'CNN', 'RNN', 'TCN', 'Transformer', 'MLP']","[16, 32, 64, 128, 256]","[1, 2, 3, 4]","[0, 0.1, 0.2, 0.3, 0.5]","['relu', 'tanh', 'sigmoid', 'elu']","[1e-05, 0.01]","[2, 3, 4, 5, 6, 7, 8, 9, 10, 11, 12, 13, 14, 15, 16, 17, 18, 19, 20, 21, 22, 23, 24, 25, 26, 27, 28, 29, 30]","[16, 32, 64, 128]","[5, 10, 15, 20]","[2, 3, 5, 7]","[2, 4, 8]",anneal,minimize,local
bkcda5s4,277,2130,1779243236095,,/home/meliani/nni-experiments/bkcda5s4,62,exp_anneal_80_mat_only_mat_only,hpo,/home/meliani/Desktop/phd/fast-track/search_space.json,python3 trial.py --data ./mat_only.csv,/home/meliani/Desktop/phd/fast-track,1,360000s,80,False,False,info,/home/meliani/nni-experiments,"['LSTM', 'GRU', 'CNN', 'RNN', 'TCN', 'Transformer', 'MLP']","[16, 32, 64, 128, 256]","[1, 2, 3, 4]","[0, 0.1, 0.2, 0.3, 0.5]","['relu', 'tanh', 'sigmoid', 'elu']","[1e-05, 0.01]","[2, 3, 4, 5, 6, 7, 8, 9, 10, 11, 12, 13, 14, 15, 16, 17, 18, 19, 20, 21, 22, 23, 24, 25, 26, 27, 28, 29, 30]","[16, 32, 64, 128]","[5, 10, 15, 20]","[2, 3, 5, 7]","[2, 4, 8]",anneal,minimize,local
bkcda5s4,278,2140,1779243236095,,/home/meliani/nni-experiments/bkcda5s4,62,exp_anneal_80_mat_only_mat_only,hpo,/home/meliani/Desktop/phd/fast-track/search_space.json,python3 trial.py --data ./mat_only.csv,/home/meliani/Desktop/phd/fast-track,1,360000s,80,False,False,info,/home/meliani/nni-experiments,"['LSTM', 'GRU', 'CNN', 'RNN', 'TCN', 'Transformer', 'MLP']","[16, 32, 64, 128, 256]","[1, 2, 3, 4]","[0, 0.1, 0.2, 0.3, 0.5]","['relu', 'tanh', 'sigmoid', 'elu']","[1e-05, 0.01]","[2, 3, 4, 5, 6, 7, 8, 9, 10, 11, 12, 13, 14, 15, 16, 17, 18, 19, 20, 21, 22, 23, 24, 25, 26, 27, 28, 29, 30]","[16, 32, 64, 128]","[5, 10, 15, 20]","[2, 3, 5, 7]","[2, 4, 8]",anneal,minimize,local
bkcda5s4,279,2150,1779243236095,,/home/meliani/nni-experiments/bkcda5s4,62,exp_anneal_80_mat_only_mat_only,hpo,/home/meliani/Desktop/phd/fast-track/search_space.json,python3 trial.py --data ./mat_only.csv,/home/meliani/Desktop/phd/fast-track,1,360000s,80,False,False,info,/home/meliani/nni-experiments,"['LSTM', 'GRU', 'CNN', 'RNN', 'TCN', 'Transformer', 'MLP']","[16, 32, 64, 128, 256]","[1, 2, 3, 4]","[0, 0.1, 0.2, 0.3, 0.5]","['relu', 'tanh', 'sigmoid', 'elu']","[1e-05, 0.01]","[2, 3, 4, 5, 6, 7, 8, 9, 10, 11, 12, 13, 14, 15, 16, 17, 18, 19, 20, 21, 22, 23, 24, 25, 26, 27, 28, 29, 30]","[16, 32, 64, 128]","[5, 10, 15, 20]","[2, 3, 5, 7]","[2, 4, 8]",anneal,minimize,local
bkcda5s4,280,2160,1779243236095,,/home/meliani/nni-experiments/bkcda5s4,62,exp_anneal_80_mat_only_mat_only,hpo,/home/meliani/Desktop/phd/fast-track/search_space.json,python3 trial.py --data ./mat_only.csv,/home/meliani/Desktop/phd/fast-track,1,360000s,80,False,False,info,/home/meliani/nni-experiments,"['LSTM', 'GRU', 'CNN', 'RNN', 'TCN', 'Transformer', 'MLP']","[16, 32, 64, 128, 256]","[1, 2, 3, 4]","[0, 0.1, 0.2, 0.3, 0.5]","['relu', 'tanh', 'sigmoid', 'elu']","[1e-05, 0.01]","[2, 3, 4, 5, 6, 7, 8, 9, 10, 11, 12, 13, 14, 15, 16, 17, 18, 19, 20, 21, 22, 23, 24, 25, 26, 27, 28, 29, 30]","[16, 32, 64, 128]","[5, 10, 15, 20]","[2, 3, 5, 7]","[2, 4, 8]",anneal,minimize,local
bkcda5s4,281,2170,1779243236095,,/home/meliani/nni-experiments/bkcda5s4,62,exp_anneal_80_mat_only_mat_only,hpo,/home/meliani/Desktop/phd/fast-track/search_space.json,python3 trial.py --data ./mat_only.csv,/home/meliani/Desktop/phd/fast-track,1,360000s,80,False,False,info,/home/meliani/nni-experiments,"['LSTM', 'GRU', 'CNN', 'RNN', 'TCN', 'Transformer', 'MLP']","[16, 32, 64, 128, 256]","[1, 2, 3, 4]","[0, 0.1, 0.2, 0.3, 0.5]","['relu', 'tanh', 'sigmoid', 'elu']","[1e-05, 0.01]","[2, 3, 4, 5, 6, 7, 8, 9, 10, 11, 12, 13, 14, 15, 16, 17, 18, 19, 20, 21, 22, 23, 24, 25, 26, 27, 28, 29, 30]","[16, 32, 64, 128]","[5, 10, 15, 20]","[2, 3, 5, 7]","[2, 4, 8]",anneal,minimize,local
bkcda5s4,282,2180,1779243236095,,/home/meliani/nni-experiments/bkcda5s4,62,exp_anneal_80_mat_only_mat_only,hpo,/home/meliani/Desktop/phd/fast-track/search_space.json,python3 trial.py --data ./mat_only.csv,/home/meliani/Desktop/phd/fast-track,1,360000s,80,False,False,info,/home/meliani/nni-experiments,"['LSTM', 'GRU', 'CNN', 'RNN', 'TCN', 'Transformer', 'MLP']","[16, 32, 64, 128, 256]","[1, 2, 3, 4]","[0, 0.1, 0.2, 0.3, 0.5]","['relu', 'tanh', 'sigmoid', 'elu']","[1e-05, 0.01]","[2, 3, 4, 5, 6, 7, 8, 9, 10, 11, 12, 13, 14, 15, 16, 17, 18, 19, 20, 21, 22, 23, 24, 25, 26, 27, 28, 29, 30]","[16, 32, 64, 128]","[5, 10, 15, 20]","[2, 3, 5, 7]","[2, 4, 8]",anneal,minimize,local
bkcda5s4,283,2190,1779243236095,,/home/meliani/nni-experiments/bkcda5s4,62,exp_anneal_80_mat_only_mat_only,hpo,/home/meliani/Desktop/phd/fast-track/search_space.json,python3 trial.py --data ./mat_only.csv,/home/meliani/Desktop/phd/fast-track,1,360000s,80,False,False,info,/home/meliani/nni-experiments,"['LSTM', 'GRU', 'CNN', 'RNN', 'TCN', 'Transformer', 'MLP']","[16, 32, 64, 128, 256]","[1, 2, 3, 4]","[0, 0.1, 0.2, 0.3, 0.5]","['relu', 'tanh', 'sigmoid', 'elu']","[1e-05, 0.01]","[2, 3, 4, 5, 6, 7, 8, 9, 10, 11, 12, 13, 14, 15, 16, 17, 18, 19, 20, 21, 22, 23, 24, 25, 26, 27, 28, 29, 30]","[16, 32, 64, 128]","[5, 10, 15, 20]","[2, 3, 5, 7]","[2, 4, 8]",anneal,minimize,local
bkcda5s4,284,2200,1779243236095,,/home/meliani/nni-experiments/bkcda5s4,62,exp_anneal_80_mat_only_mat_only,hpo,/home/meliani/Desktop/phd/fast-track/search_space.json,python3 trial.py --data ./mat_only.csv,/home/meliani/Desktop/phd/fast-track,1,360000s,80,False,False,info,/home/meliani/nni-experiments,"['LSTM', 'GRU', 'CNN', 'RNN', 'TCN', 'Transformer', 'MLP']","[16, 32, 64, 128, 256]","[1, 2, 3, 4]","[0, 0.1, 0.2, 0.3, 0.5]","['relu', 'tanh', 'sigmoid', 'elu']","[1e-05, 0.01]","[2, 3, 4, 5, 6, 7, 8, 9, 10, 11, 12, 13, 14, 15, 16, 17, 18, 19, 20, 21, 22, 23, 24, 25, 26, 27, 28, 29, 30]","[16, 32, 64, 128]","[5, 10, 15, 20]","[2, 3, 5, 7]","[2, 4, 8]",anneal,minimize,local
bkcda5s4,285,2210,1779243236095,,/home/meliani/nni-experiments/bkcda5s4,62,exp_anneal_80_mat_only_mat_only,hpo,/home/meliani/Desktop/phd/fast-track/search_space.json,python3 trial.py --data ./mat_only.csv,/home/meliani/Desktop/phd/fast-track,1,360000s,80,False,False,info,/home/meliani/nni-experiments,"['LSTM', 'GRU', 'CNN', 'RNN', 'TCN', 'Transformer', 'MLP']","[16, 32, 64, 128, 256]","[1, 2, 3, 4]","[0, 0.1, 0.2, 0.3, 0.5]","['relu', 'tanh', 'sigmoid', 'elu']","[1e-05, 0.01]","[2, 3, 4, 5, 6, 7, 8, 9, 10, 11, 12, 13, 14, 15, 16, 17, 18, 19, 20, 21, 22, 23, 24, 25, 26, 27, 28, 29, 30]","[16, 32, 64, 128]","[5, 10, 15, 20]","[2, 3, 5, 7]","[2, 4, 8]",anneal,minimize,local
bkcda5s4,286,2220,1779243236095,,/home/meliani/nni-experiments/bkcda5s4,62,exp_anneal_80_mat_only_mat_only,hpo,/home/meliani/Desktop/phd/fast-track/search_space.json,python3 trial.py --data ./mat_only.csv,/home/meliani/Desktop/phd/fast-track,1,360000s,80,False,False,info,/home/meliani/nni-experiments,"['LSTM', 'GRU', 'CNN', 'RNN', 'TCN', 'Transformer', 'MLP']","[16, 32, 64, 128, 256]","[1, 2, 3, 4]","[0, 0.1, 0.2, 0.3, 0.5]","['relu', 'tanh', 'sigmoid', 'elu']","[1e-05, 0.01]","[2, 3, 4, 5, 6, 7, 8, 9, 10, 11, 12, 13, 14, 15, 16, 17, 18, 19, 20, 21, 22, 23, 24, 25, 26, 27, 28, 29, 30]","[16, 32, 64, 128]","[5, 10, 15, 20]","[2, 3, 5, 7]","[2, 4, 8]",anneal,minimize,local
bkcda5s4,287,2230,1779243236095,,/home/meliani/nni-experiments/bkcda5s4,62,exp_anneal_80_mat_only_mat_only,hpo,/home/meliani/Desktop/phd/fast-track/search_space.json,python3 trial.py --data ./mat_only.csv,/home/meliani/Desktop/phd/fast-track,1,360000s,80,False,False,info,/home/meliani/nni-experiments,"['LSTM', 'GRU', 'CNN', 'RNN', 'TCN', 'Transformer', 'MLP']","[16, 32, 64, 128, 256]","[1, 2, 3, 4]","[0, 0.1, 0.2, 0.3, 0.5]","['relu', 'tanh', 'sigmoid', 'elu']","[1e-05, 0.01]","[2, 3, 4, 5, 6, 7, 8, 9, 10, 11, 12, 13, 14, 15, 16, 17, 18, 19, 20, 21, 22, 23, 24, 25, 26, 27, 28, 29, 30]","[16, 32, 64, 128]","[5, 10, 15, 20]","[2, 3, 5, 7]","[2, 4, 8]",anneal,minimize,local
bkcda5s4,288,2240,1779243236095,,/home/meliani/nni-experiments/bkcda5s4,62,exp_anneal_80_mat_only_mat_only,hpo,/home/meliani/Desktop/phd/fast-track/search_space.json,python3 trial.py --data ./mat_only.csv,/home/meliani/Desktop/phd/fast-track,1,360000s,80,False,False,info,/home/meliani/nni-experiments,"['LSTM', 'GRU', 'CNN', 'RNN', 'TCN', 'Transformer', 'MLP']","[16, 32, 64, 128, 256]","[1, 2, 3, 4]","[0, 0.1, 0.2, 0.3, 0.5]","['relu', 'tanh', 'sigmoid', 'elu']","[1e-05, 0.01]","[2, 3, 4, 5, 6, 7, 8, 9, 10, 11, 12, 13, 14, 15, 16, 17, 18, 19, 20, 21, 22, 23, 24, 25, 26, 27, 28, 29, 30]","[16, 32, 64, 128]","[5, 10, 15, 20]","[2, 3, 5, 7]","[2, 4, 8]",anneal,minimize,local
bkcda5s4,289,2240,1779243236095,,/home/meliani/nni-experiments/bkcda5s4,63,exp_anneal_80_mat_only_mat_only,hpo,/home/meliani/Desktop/phd/fast-track/search_space.json,python3 trial.py --data ./mat_only.csv,/home/meliani/Desktop/phd/fast-track,1,360000s,80,False,False,info,/home/meliani/nni-experiments,"['LSTM', 'GRU', 'CNN', 'RNN', 'TCN', 'Transformer', 'MLP']","[16, 32, 64, 128, 256]","[1, 2, 3, 4]","[0, 0.1, 0.2, 0.3, 0.5]","['relu', 'tanh', 'sigmoid', 'elu']","[1e-05, 0.01]","[2, 3, 4, 5, 6, 7, 8, 9, 10, 11, 12, 13, 14, 15, 16, 17, 18, 19, 20, 21, 22, 23, 24, 25, 26, 27, 28, 29, 30]","[16, 32, 64, 128]","[5, 10, 15, 20]","[2, 3, 5, 7]","[2, 4, 8]",anneal,minimize,local
bkcda5s4,290,2250,1779243236095,,/home/meliani/nni-experiments/bkcda5s4,63,exp_anneal_80_mat_only_mat_only,hpo,/home/meliani/Desktop/phd/fast-track/search_space.json,python3 trial.py --data ./mat_only.csv,/home/meliani/Desktop/phd/fast-track,1,360000s,80,False,False,info,/home/meliani/nni-experiments,"['LSTM', 'GRU', 'CNN', 'RNN', 'TCN', 'Transformer', 'MLP']","[16, 32, 64, 128, 256]","[1, 2, 3, 4]","[0, 0.1, 0.2, 0.3, 0.5]","['relu', 'tanh', 'sigmoid', 'elu']","[1e-05, 0.01]","[2, 3, 4, 5, 6, 7, 8, 9, 10, 11, 12, 13, 14, 15, 16, 17, 18, 19, 20, 21, 22, 23, 24, 25, 26, 27, 28, 29, 30]","[16, 32, 64, 128]","[5, 10, 15, 20]","[2, 3, 5, 7]","[2, 4, 8]",anneal,minimize,local
bkcda5s4,291,2260,1779243236095,,/home/meliani/nni-experiments/bkcda5s4,63,exp_anneal_80_mat_only_mat_only,hpo,/home/meliani/Desktop/phd/fast-track/search_space.json,python3 trial.py --data ./mat_only.csv,/home/meliani/Desktop/phd/fast-track,1,360000s,80,False,False,info,/home/meliani/nni-experiments,"['LSTM', 'GRU', 'CNN', 'RNN', 'TCN', 'Transformer', 'MLP']","[16, 32, 64, 128, 256]","[1, 2, 3, 4]","[0, 0.1, 0.2, 0.3, 0.5]","['relu', 'tanh', 'sigmoid', 'elu']","[1e-05, 0.01]","[2, 3, 4, 5, 6, 7, 8, 9, 10, 11, 12, 13, 14, 15, 16, 17, 18, 19, 20, 21, 22, 23, 24, 25, 26, 27, 28, 29, 30]","[16, 32, 64, 128]","[5, 10, 15, 20]","[2, 3, 5, 7]","[2, 4, 8]",anneal,minimize,local
bkcda5s4,292,2270,1779243236095,,/home/meliani/nni-experiments/bkcda5s4,63,exp_anneal_80_mat_only_mat_only,hpo,/home/meliani/Desktop/phd/fast-track/search_space.json,python3 trial.py --data ./mat_only.csv,/home/meliani/Desktop/phd/fast-track,1,360000s,80,False,False,info,/home/meliani/nni-experiments,"['LSTM', 'GRU', 'CNN', 'RNN', 'TCN', 'Transformer', 'MLP']","[16, 32, 64, 128, 256]","[1, 2, 3, 4]","[0, 0.1, 0.2, 0.3, 0.5]","['relu', 'tanh', 'sigmoid', 'elu']","[1e-05, 0.01]","[2, 3, 4, 5, 6, 7, 8, 9, 10, 11, 12, 13, 14, 15, 16, 17, 18, 19, 20, 21, 22, 23, 24, 25, 26, 27, 28, 29, 30]","[16, 32, 64, 128]","[5, 10, 15, 20]","[2, 3, 5, 7]","[2, 4, 8]",anneal,minimize,local
bkcda5s4,293,2280,1779243236095,,/home/meliani/nni-experiments/bkcda5s4,63,exp_anneal_80_mat_only_mat_only,hpo,/home/meliani/Desktop/phd/fast-track/search_space.json,python3 trial.py --data ./mat_only.csv,/home/meliani/Desktop/phd/fast-track,1,360000s,80,False,False,info,/home/meliani/nni-experiments,"['LSTM', 'GRU', 'CNN', 'RNN', 'TCN', 'Transformer', 'MLP']","[16, 32, 64, 128, 256]","[1, 2, 3, 4]","[0, 0.1, 0.2, 0.3, 0.5]","['relu', 'tanh', 'sigmoid', 'elu']","[1e-05, 0.01]","[2, 3, 4, 5, 6, 7, 8, 9, 10, 11, 12, 13, 14, 15, 16, 17, 18, 19, 20, 21, 22, 23, 24, 25, 26, 27, 28, 29, 30]","[16, 32, 64, 128]","[5, 10, 15, 20]","[2, 3, 5, 7]","[2, 4, 8]",anneal,minimize,local
bkcda5s4,294,2282,1779243236095,,/home/meliani/nni-experiments/bkcda5s4,64,exp_anneal_80_mat_only_mat_only,hpo,/home/meliani/Desktop/phd/fast-track/search_space.json,python3 trial.py --data ./mat_only.csv,/home/meliani/Desktop/phd/fast-track,1,360000s,80,False,False,info,/home/meliani/nni-experiments,"['LSTM', 'GRU', 'CNN', 'RNN', 'TCN', 'Transformer', 'MLP']","[16, 32, 64, 128, 256]","[1, 2, 3, 4]","[0, 0.1, 0.2, 0.3, 0.5]","['relu', 'tanh', 'sigmoid', 'elu']","[1e-05, 0.01]","[2, 3, 4, 5, 6, 7, 8, 9, 10, 11, 12, 13, 14, 15, 16, 17, 18, 19, 20, 21, 22, 23, 24, 25, 26, 27, 28, 29, 30]","[16, 32, 64, 128]","[5, 10, 15, 20]","[2, 3, 5, 7]","[2, 4, 8]",anneal,minimize,local
bkcda5s4,295,2290,1779243236095,,/home/meliani/nni-experiments/bkcda5s4,64,exp_anneal_80_mat_only_mat_only,hpo,/home/meliani/Desktop/phd/fast-track/search_space.json,python3 trial.py --data ./mat_only.csv,/home/meliani/Desktop/phd/fast-track,1,360000s,80,False,False,info,/home/meliani/nni-experiments,"['LSTM', 'GRU', 'CNN', 'RNN', 'TCN', 'Transformer', 'MLP']","[16, 32, 64, 128, 256]","[1, 2, 3, 4]","[0, 0.1, 0.2, 0.3, 0.5]","['relu', 'tanh', 'sigmoid', 'elu']","[1e-05, 0.01]","[2, 3, 4, 5, 6, 7, 8, 9, 10, 11, 12, 13, 14, 15, 16, 17, 18, 19, 20, 21, 22, 23, 24, 25, 26, 27, 28, 29, 30]","[16, 32, 64, 128]","[5, 10, 15, 20]","[2, 3, 5, 7]","[2, 4, 8]",anneal,minimize,local
bkcda5s4,296,2300,1779243236095,,/home/meliani/nni-experiments/bkcda5s4,64,exp_anneal_80_mat_only_mat_only,hpo,/home/meliani/Desktop/phd/fast-track/search_space.json,python3 trial.py --data ./mat_only.csv,/home/meliani/Desktop/phd/fast-track,1,360000s,80,False,False,info,/home/meliani/nni-experiments,"['LSTM', 'GRU', 'CNN', 'RNN', 'TCN', 'Transformer', 'MLP']","[16, 32, 64, 128, 256]","[1, 2, 3, 4]","[0, 0.1, 0.2, 0.3, 0.5]","['relu', 'tanh', 'sigmoid', 'elu']","[1e-05, 0.01]","[2, 3, 4, 5, 6, 7, 8, 9, 10, 11, 12, 13, 14, 15, 16, 17, 18, 19, 20, 21, 22, 23, 24, 25, 26, 27, 28, 29, 30]","[16, 32, 64, 128]","[5, 10, 15, 20]","[2, 3, 5, 7]","[2, 4, 8]",anneal,minimize,local
bkcda5s4,297,2310,1779243236095,,/home/meliani/nni-experiments/bkcda5s4,64,exp_anneal_80_mat_only_mat_only,hpo,/home/meliani/Desktop/phd/fast-track/search_space.json,python3 trial.py --data ./mat_only.csv,/home/meliani/Desktop/phd/fast-track,1,360000s,80,False,False,info,/home/meliani/nni-experiments,"['LSTM', 'GRU', 'CNN', 'RNN', 'TCN', 'Transformer', 'MLP']","[16, 32, 64, 128, 256]","[1, 2, 3, 4]","[0, 0.1, 0.2, 0.3, 0.5]","['relu', 'tanh', 'sigmoid', 'elu']","[1e-05, 0.01]","[2, 3, 4, 5, 6, 7, 8, 9, 10, 11, 12, 13, 14, 15, 16, 17, 18, 19, 20, 21, 22, 23, 24, 25, 26, 27, 28, 29, 30]","[16, 32, 64, 128]","[5, 10, 15, 20]","[2, 3, 5, 7]","[2, 4, 8]",anneal,minimize,local
bkcda5s4,298,2312,1779243236095,,/home/meliani/nni-experiments/bkcda5s4,65,exp_anneal_80_mat_only_mat_only,hpo,/home/meliani/Desktop/phd/fast-track/search_space.json,python3 trial.py --data ./mat_only.csv,/home/meliani/Desktop/phd/fast-track,1,360000s,80,False,False,info,/home/meliani/nni-experiments,"['LSTM', 'GRU', 'CNN', 'RNN', 'TCN', 'Transformer', 'MLP']","[16, 32, 64, 128, 256]","[1, 2, 3, 4]","[0, 0.1, 0.2, 0.3, 0.5]","['relu', 'tanh', 'sigmoid', 'elu']","[1e-05, 0.01]","[2, 3, 4, 5, 6, 7, 8, 9, 10, 11, 12, 13, 14, 15, 16, 17, 18, 19, 20, 21, 22, 23, 24, 25, 26, 27, 28, 29, 30]","[16, 32, 64, 128]","[5, 10, 15, 20]","[2, 3, 5, 7]","[2, 4, 8]",anneal,minimize,local
bkcda5s4,299,2320,1779243236095,,/home/meliani/nni-experiments/bkcda5s4,65,exp_anneal_80_mat_only_mat_only,hpo,/home/meliani/Desktop/phd/fast-track/search_space.json,python3 trial.py --data ./mat_only.csv,/home/meliani/Desktop/phd/fast-track,1,360000s,80,False,False,info,/home/meliani/nni-experiments,"['LSTM', 'GRU', 'CNN', 'RNN', 'TCN', 'Transformer', 'MLP']","[16, 32, 64, 128, 256]","[1, 2, 3, 4]","[0, 0.1, 0.2, 0.3, 0.5]","['relu', 'tanh', 'sigmoid', 'elu']","[1e-05, 0.01]","[2, 3, 4, 5, 6, 7, 8, 9, 10, 11, 12, 13, 14, 15, 16, 17, 18, 19, 20, 21, 22, 23, 24, 25, 26, 27, 28, 29, 30]","[16, 32, 64, 128]","[5, 10, 15, 20]","[2, 3, 5, 7]","[2, 4, 8]",anneal,minimize,local
bkcda5s4,300,2330,1779243236095,,/home/meliani/nni-experiments/bkcda5s4,65,exp_anneal_80_mat_only_mat_only,hpo,/home/meliani/Desktop/phd/fast-track/search_space.json,python3 trial.py --data ./mat_only.csv,/home/meliani/Desktop/phd/fast-track,1,360000s,80,False,False,info,/home/meliani/nni-experiments,"['LSTM', 'GRU', 'CNN', 'RNN', 'TCN', 'Transformer', 'MLP']","[16, 32, 64, 128, 256]","[1, 2, 3, 4]","[0, 0.1, 0.2, 0.3, 0.5]","['relu', 'tanh', 'sigmoid', 'elu']","[1e-05, 0.01]","[2, 3, 4, 5, 6, 7, 8, 9, 10, 11, 12, 13, 14, 15, 16, 17, 18, 19, 20, 21, 22, 23, 24, 25, 26, 27, 28, 29, 30]","[16, 32, 64, 128]","[5, 10, 15, 20]","[2, 3, 5, 7]","[2, 4, 8]",anneal,minimize,local
bkcda5s4,301,2340,1779243236095,,/home/meliani/nni-experiments/bkcda5s4,65,exp_anneal_80_mat_only_mat_only,hpo,/home/meliani/Desktop/phd/fast-track/search_space.json,python3 trial.py --data ./mat_only.csv,/home/meliani/Desktop/phd/fast-track,1,360000s,80,False,False,info,/home/meliani/nni-experiments,"['LSTM', 'GRU', 'CNN', 'RNN', 'TCN', 'Transformer', 'MLP']","[16, 32, 64, 128, 256]","[1, 2, 3, 4]","[0, 0.1, 0.2, 0.3, 0.5]","['relu', 'tanh', 'sigmoid', 'elu']","[1e-05, 0.01]","[2, 3, 4, 5, 6, 7, 8, 9, 10, 11, 12, 13, 14, 15, 16, 17, 18, 19, 20, 21, 22, 23, 24, 25, 26, 27, 28, 29, 30]","[16, 32, 64, 128]","[5, 10, 15, 20]","[2, 3, 5, 7]","[2, 4, 8]",anneal,minimize,local
bkcda5s4,302,2344,1779243236095,,/home/meliani/nni-experiments/bkcda5s4,66,exp_anneal_80_mat_only_mat_only,hpo,/home/meliani/Desktop/phd/fast-track/search_space.json,python3 trial.py --data ./mat_only.csv,/home/meliani/Desktop/phd/fast-track,1,360000s,80,False,False,info,/home/meliani/nni-experiments,"['LSTM', 'GRU', 'CNN', 'RNN', 'TCN', 'Transformer', 'MLP']","[16, 32, 64, 128, 256]","[1, 2, 3, 4]","[0, 0.1, 0.2, 0.3, 0.5]","['relu', 'tanh', 'sigmoid', 'elu']","[1e-05, 0.01]","[2, 3, 4, 5, 6, 7, 8, 9, 10, 11, 12, 13, 14, 15, 16, 17, 18, 19, 20, 21, 22, 23, 24, 25, 26, 27, 28, 29, 30]","[16, 32, 64, 128]","[5, 10, 15, 20]","[2, 3, 5, 7]","[2, 4, 8]",anneal,minimize,local
bkcda5s4,303,2350,1779243236095,,/home/meliani/nni-experiments/bkcda5s4,66,exp_anneal_80_mat_only_mat_only,hpo,/home/meliani/Desktop/phd/fast-track/search_space.json,python3 trial.py --data ./mat_only.csv,/home/meliani/Desktop/phd/fast-track,1,360000s,80,False,False,info,/home/meliani/nni-experiments,"['LSTM', 'GRU', 'CNN', 'RNN', 'TCN', 'Transformer', 'MLP']","[16, 32, 64, 128, 256]","[1, 2, 3, 4]","[0, 0.1, 0.2, 0.3, 0.5]","['relu', 'tanh', 'sigmoid', 'elu']","[1e-05, 0.01]","[2, 3, 4, 5, 6, 7, 8, 9, 10, 11, 12, 13, 14, 15, 16, 17, 18, 19, 20, 21, 22, 23, 24, 25, 26, 27, 28, 29, 30]","[16, 32, 64, 128]","[5, 10, 15, 20]","[2, 3, 5, 7]","[2, 4, 8]",anneal,minimize,local
bkcda5s4,304,2360,1779243236095,,/home/meliani/nni-experiments/bkcda5s4,66,exp_anneal_80_mat_only_mat_only,hpo,/home/meliani/Desktop/phd/fast-track/search_space.json,python3 trial.py --data ./mat_only.csv,/home/meliani/Desktop/phd/fast-track,1,360000s,80,False,False,info,/home/meliani/nni-experiments,"['LSTM', 'GRU', 'CNN', 'RNN', 'TCN', 'Transformer', 'MLP']","[16, 32, 64, 128, 256]","[1, 2, 3, 4]","[0, 0.1, 0.2, 0.3, 0.5]","['relu', 'tanh', 'sigmoid', 'elu']","[1e-05, 0.01]","[2, 3, 4, 5, 6, 7, 8, 9, 10, 11, 12, 13, 14, 15, 16, 17, 18, 19, 20, 21, 22, 23, 24, 25, 26, 27, 28, 29, 30]","[16, 32, 64, 128]","[5, 10, 15, 20]","[2, 3, 5, 7]","[2, 4, 8]",anneal,minimize,local
bkcda5s4,305,2370,1779243236095,,/home/meliani/nni-experiments/bkcda5s4,66,exp_anneal_80_mat_only_mat_only,hpo,/home/meliani/Desktop/phd/fast-track/search_space.json,python3 trial.py --data ./mat_only.csv,/home/meliani/Desktop/phd/fast-track,1,360000s,80,False,False,info,/home/meliani/nni-experiments,"['LSTM', 'GRU', 'CNN', 'RNN', 'TCN', 'Transformer', 'MLP']","[16, 32, 64, 128, 256]","[1, 2, 3, 4]","[0, 0.1, 0.2, 0.3, 0.5]","['relu', 'tanh', 'sigmoid', 'elu']","[1e-05, 0.01]","[2, 3, 4, 5, 6, 7, 8, 9, 10, 11, 12, 13, 14, 15, 16, 17, 18, 19, 20, 21, 22, 23, 24, 25, 26, 27, 28, 29, 30]","[16, 32, 64, 128]","[5, 10, 15, 20]","[2, 3, 5, 7]","[2, 4, 8]",anneal,minimize,local
bkcda5s4,306,2380,1779243236095,,/home/meliani/nni-experiments/bkcda5s4,66,exp_anneal_80_mat_only_mat_only,hpo,/home/meliani/Desktop/phd/fast-track/search_space.json,python3 trial.py --data ./mat_only.csv,/home/meliani/Desktop/phd/fast-track,1,360000s,80,False,False,info,/home/meliani/nni-experiments,"['LSTM', 'GRU', 'CNN', 'RNN', 'TCN', 'Transformer', 'MLP']","[16, 32, 64, 128, 256]","[1, 2, 3, 4]","[0, 0.1, 0.2, 0.3, 0.5]","['relu', 'tanh', 'sigmoid', 'elu']","[1e-05, 0.01]","[2, 3, 4, 5, 6, 7, 8, 9, 10, 11, 12, 13, 14, 15, 16, 17, 18, 19, 20, 21, 22, 23, 24, 25, 26, 27, 28, 29, 30]","[16, 32, 64, 128]","[5, 10, 15, 20]","[2, 3, 5, 7]","[2, 4, 8]",anneal,minimize,local
bkcda5s4,307,2390,1779243236095,,/home/meliani/nni-experiments/bkcda5s4,66,exp_anneal_80_mat_only_mat_only,hpo,/home/meliani/Desktop/phd/fast-track/search_space.json,python3 trial.py --data ./mat_only.csv,/home/meliani/Desktop/phd/fast-track,1,360000s,80,False,False,info,/home/meliani/nni-experiments,"['LSTM', 'GRU', 'CNN', 'RNN', 'TCN', 'Transformer', 'MLP']","[16, 32, 64, 128, 256]","[1, 2, 3, 4]","[0, 0.1, 0.2, 0.3, 0.5]","['relu', 'tanh', 'sigmoid', 'elu']","[1e-05, 0.01]","[2, 3, 4, 5, 6, 7, 8, 9, 10, 11, 12, 13, 14, 15, 16, 17, 18, 19, 20, 21, 22, 23, 24, 25, 26, 27, 28, 29, 30]","[16, 32, 64, 128]","[5, 10, 15, 20]","[2, 3, 5, 7]","[2, 4, 8]",anneal,minimize,local
bkcda5s4,308,2393,1779243236095,,/home/meliani/nni-experiments/bkcda5s4,67,exp_anneal_80_mat_only_mat_only,hpo,/home/meliani/Desktop/phd/fast-track/search_space.json,python3 trial.py --data ./mat_only.csv,/home/meliani/Desktop/phd/fast-track,1,360000s,80,False,False,info,/home/meliani/nni-experiments,"['LSTM', 'GRU', 'CNN', 'RNN', 'TCN', 'Transformer', 'MLP']","[16, 32, 64, 128, 256]","[1, 2, 3, 4]","[0, 0.1, 0.2, 0.3, 0.5]","['relu', 'tanh', 'sigmoid', 'elu']","[1e-05, 0.01]","[2, 3, 4, 5, 6, 7, 8, 9, 10, 11, 12, 13, 14, 15, 16, 17, 18, 19, 20, 21, 22, 23, 24, 25, 26, 27, 28, 29, 30]","[16, 32, 64, 128]","[5, 10, 15, 20]","[2, 3, 5, 7]","[2, 4, 8]",anneal,minimize,local
bkcda5s4,309,2400,1779243236095,,/home/meliani/nni-experiments/bkcda5s4,67,exp_anneal_80_mat_only_mat_only,hpo,/home/meliani/Desktop/phd/fast-track/search_space.json,python3 trial.py --data ./mat_only.csv,/home/meliani/Desktop/phd/fast-track,1,360000s,80,False,False,info,/home/meliani/nni-experiments,"['LSTM', 'GRU', 'CNN', 'RNN', 'TCN', 'Transformer', 'MLP']","[16, 32, 64, 128, 256]","[1, 2, 3, 4]","[0, 0.1, 0.2, 0.3, 0.5]","['relu', 'tanh', 'sigmoid', 'elu']","[1e-05, 0.01]","[2, 3, 4, 5, 6, 7, 8, 9, 10, 11, 12, 13, 14, 15, 16, 17, 18, 19, 20, 21, 22, 23, 24, 25, 26, 27, 28, 29, 30]","[16, 32, 64, 128]","[5, 10, 15, 20]","[2, 3, 5, 7]","[2, 4, 8]",anneal,minimize,local
bkcda5s4,310,2410,1779243236095,,/home/meliani/nni-experiments/bkcda5s4,67,exp_anneal_80_mat_only_mat_only,hpo,/home/meliani/Desktop/phd/fast-track/search_space.json,python3 trial.py --data ./mat_only.csv,/home/meliani/Desktop/phd/fast-track,1,360000s,80,False,False,info,/home/meliani/nni-experiments,"['LSTM', 'GRU', 'CNN', 'RNN', 'TCN', 'Transformer', 'MLP']","[16, 32, 64, 128, 256]","[1, 2, 3, 4]","[0, 0.1, 0.2, 0.3, 0.5]","['relu', 'tanh', 'sigmoid', 'elu']","[1e-05, 0.01]","[2, 3, 4, 5, 6, 7, 8, 9, 10, 11, 12, 13, 14, 15, 16, 17, 18, 19, 20, 21, 22, 23, 24, 25, 26, 27, 28, 29, 30]","[16, 32, 64, 128]","[5, 10, 15, 20]","[2, 3, 5, 7]","[2, 4, 8]",anneal,minimize,local
bkcda5s4,311,2419,1779243236095,,/home/meliani/nni-experiments/bkcda5s4,68,exp_anneal_80_mat_only_mat_only,hpo,/home/meliani/Desktop/phd/fast-track/search_space.json,python3 trial.py --data ./mat_only.csv,/home/meliani/Desktop/phd/fast-track,1,360000s,80,False,False,info,/home/meliani/nni-experiments,"['LSTM', 'GRU', 'CNN', 'RNN', 'TCN', 'Transformer', 'MLP']","[16, 32, 64, 128, 256]","[1, 2, 3, 4]","[0, 0.1, 0.2, 0.3, 0.5]","['relu', 'tanh', 'sigmoid', 'elu']","[1e-05, 0.01]","[2, 3, 4, 5, 6, 7, 8, 9, 10, 11, 12, 13, 14, 15, 16, 17, 18, 19, 20, 21, 22, 23, 24, 25, 26, 27, 28, 29, 30]","[16, 32, 64, 128]","[5, 10, 15, 20]","[2, 3, 5, 7]","[2, 4, 8]",anneal,minimize,local
bkcda5s4,312,2420,1779243236095,,/home/meliani/nni-experiments/bkcda5s4,68,exp_anneal_80_mat_only_mat_only,hpo,/home/meliani/Desktop/phd/fast-track/search_space.json,python3 trial.py --data ./mat_only.csv,/home/meliani/Desktop/phd/fast-track,1,360000s,80,False,False,info,/home/meliani/nni-experiments,"['LSTM', 'GRU', 'CNN', 'RNN', 'TCN', 'Transformer', 'MLP']","[16, 32, 64, 128, 256]","[1, 2, 3, 4]","[0, 0.1, 0.2, 0.3, 0.5]","['relu', 'tanh', 'sigmoid', 'elu']","[1e-05, 0.01]","[2, 3, 4, 5, 6, 7, 8, 9, 10, 11, 12, 13, 14, 15, 16, 17, 18, 19, 20, 21, 22, 23, 24, 25, 26, 27, 28, 29, 30]","[16, 32, 64, 128]","[5, 10, 15, 20]","[2, 3, 5, 7]","[2, 4, 8]",anneal,minimize,local
bkcda5s4,313,2427,1779243236095,,/home/meliani/nni-experiments/bkcda5s4,69,exp_anneal_80_mat_only_mat_only,hpo,/home/meliani/Desktop/phd/fast-track/search_space.json,python3 trial.py --data ./mat_only.csv,/home/meliani/Desktop/phd/fast-track,1,360000s,80,False,False,info,/home/meliani/nni-experiments,"['LSTM', 'GRU', 'CNN', 'RNN', 'TCN', 'Transformer', 'MLP']","[16, 32, 64, 128, 256]","[1, 2, 3, 4]","[0, 0.1, 0.2, 0.3, 0.5]","['relu', 'tanh', 'sigmoid', 'elu']","[1e-05, 0.01]","[2, 3, 4, 5, 6, 7, 8, 9, 10, 11, 12, 13, 14, 15, 16, 17, 18, 19, 20, 21, 22, 23, 24, 25, 26, 27, 28, 29, 30]","[16, 32, 64, 128]","[5, 10, 15, 20]","[2, 3, 5, 7]","[2, 4, 8]",anneal,minimize,local
bkcda5s4,314,2430,1779243236095,,/home/meliani/nni-experiments/bkcda5s4,69,exp_anneal_80_mat_only_mat_only,hpo,/home/meliani/Desktop/phd/fast-track/search_space.json,python3 trial.py --data ./mat_only.csv,/home/meliani/Desktop/phd/fast-track,1,360000s,80,False,False,info,/home/meliani/nni-experiments,"['LSTM', 'GRU', 'CNN', 'RNN', 'TCN', 'Transformer', 'MLP']","[16, 32, 64, 128, 256]","[1, 2, 3, 4]","[0, 0.1, 0.2, 0.3, 0.5]","['relu', 'tanh', 'sigmoid', 'elu']","[1e-05, 0.01]","[2, 3, 4, 5, 6, 7, 8, 9, 10, 11, 12, 13, 14, 15, 16, 17, 18, 19, 20, 21, 22, 23, 24, 25, 26, 27, 28, 29, 30]","[16, 32, 64, 128]","[5, 10, 15, 20]","[2, 3, 5, 7]","[2, 4, 8]",anneal,minimize,local
bkcda5s4,315,2440,1779243236095,,/home/meliani/nni-experiments/bkcda5s4,69,exp_anneal_80_mat_only_mat_only,hpo,/home/meliani/Desktop/phd/fast-track/search_space.json,python3 trial.py --data ./mat_only.csv,/home/meliani/Desktop/phd/fast-track,1,360000s,80,False,False,info,/home/meliani/nni-experiments,"['LSTM', 'GRU', 'CNN', 'RNN', 'TCN', 'Transformer', 'MLP']","[16, 32, 64, 128, 256]","[1, 2, 3, 4]","[0, 0.1, 0.2, 0.3, 0.5]","['relu', 'tanh', 'sigmoid', 'elu']","[1e-05, 0.01]","[2, 3, 4, 5, 6, 7, 8, 9, 10, 11, 12, 13, 14, 15, 16, 17, 18, 19, 20, 21, 22, 23, 24, 25, 26, 27, 28, 29, 30]","[16, 32, 64, 128]","[5, 10, 15, 20]","[2, 3, 5, 7]","[2, 4, 8]",anneal,minimize,local
bkcda5s4,316,2450,1779243236095,,/home/meliani/nni-experiments/bkcda5s4,69,exp_anneal_80_mat_only_mat_only,hpo,/home/meliani/Desktop/phd/fast-track/search_space.json,python3 trial.py --data ./mat_only.csv,/home/meliani/Desktop/phd/fast-track,1,360000s,80,False,False,info,/home/meliani/nni-experiments,"['LSTM', 'GRU', 'CNN', 'RNN', 'TCN', 'Transformer', 'MLP']","[16, 32, 64, 128, 256]","[1, 2, 3, 4]","[0, 0.1, 0.2, 0.3, 0.5]","['relu', 'tanh', 'sigmoid', 'elu']","[1e-05, 0.01]","[2, 3, 4, 5, 6, 7, 8, 9, 10, 11, 12, 13, 14, 15, 16, 17, 18, 19, 20, 21, 22, 23, 24, 25, 26, 27, 28, 29, 30]","[16, 32, 64, 128]","[5, 10, 15, 20]","[2, 3, 5, 7]","[2, 4, 8]",anneal,minimize,local
bkcda5s4,317,2460,1779243236095,,/home/meliani/nni-experiments/bkcda5s4,70,exp_anneal_80_mat_only_mat_only,hpo,/home/meliani/Desktop/phd/fast-track/search_space.json,python3 trial.py --data ./mat_only.csv,/home/meliani/Desktop/phd/fast-track,1,360000s,80,False,False,info,/home/meliani/nni-experiments,"['LSTM', 'GRU', 'CNN', 'RNN', 'TCN', 'Transformer', 'MLP']","[16, 32, 64, 128, 256]","[1, 2, 3, 4]","[0, 0.1, 0.2, 0.3, 0.5]","['relu', 'tanh', 'sigmoid', 'elu']","[1e-05, 0.01]","[2, 3, 4, 5, 6, 7, 8, 9, 10, 11, 12, 13, 14, 15, 16, 17, 18, 19, 20, 21, 22, 23, 24, 25, 26, 27, 28, 29, 30]","[16, 32, 64, 128]","[5, 10, 15, 20]","[2, 3, 5, 7]","[2, 4, 8]",anneal,minimize,local
bkcda5s4,318,2460,1779243236095,,/home/meliani/nni-experiments/bkcda5s4,70,exp_anneal_80_mat_only_mat_only,hpo,/home/meliani/Desktop/phd/fast-track/search_space.json,python3 trial.py --data ./mat_only.csv,/home/meliani/Desktop/phd/fast-track,1,360000s,80,False,False,info,/home/meliani/nni-experiments,"['LSTM', 'GRU', 'CNN', 'RNN', 'TCN', 'Transformer', 'MLP']","[16, 32, 64, 128, 256]","[1, 2, 3, 4]","[0, 0.1, 0.2, 0.3, 0.5]","['relu', 'tanh', 'sigmoid', 'elu']","[1e-05, 0.01]","[2, 3, 4, 5, 6, 7, 8, 9, 10, 11, 12, 13, 14, 15, 16, 17, 18, 19, 20, 21, 22, 23, 24, 25, 26, 27, 28, 29, 30]","[16, 32, 64, 128]","[5, 10, 15, 20]","[2, 3, 5, 7]","[2, 4, 8]",anneal,minimize,local
bkcda5s4,319,2470,1779243236095,,/home/meliani/nni-experiments/bkcda5s4,70,exp_anneal_80_mat_only_mat_only,hpo,/home/meliani/Desktop/phd/fast-track/search_space.json,python3 trial.py --data ./mat_only.csv,/home/meliani/Desktop/phd/fast-track,1,360000s,80,False,False,info,/home/meliani/nni-experiments,"['LSTM', 'GRU', 'CNN', 'RNN', 'TCN', 'Transformer', 'MLP']","[16, 32, 64, 128, 256]","[1, 2, 3, 4]","[0, 0.1, 0.2, 0.3, 0.5]","['relu', 'tanh', 'sigmoid', 'elu']","[1e-05, 0.01]","[2, 3, 4, 5, 6, 7, 8, 9, 10, 11, 12, 13, 14, 15, 16, 17, 18, 19, 20, 21, 22, 23, 24, 25, 26, 27, 28, 29, 30]","[16, 32, 64, 128]","[5, 10, 15, 20]","[2, 3, 5, 7]","[2, 4, 8]",anneal,minimize,local
bkcda5s4,320,2477,1779243236095,,/home/meliani/nni-experiments/bkcda5s4,71,exp_anneal_80_mat_only_mat_only,hpo,/home/meliani/Desktop/phd/fast-track/search_space.json,python3 trial.py --data ./mat_only.csv,/home/meliani/Desktop/phd/fast-track,1,360000s,80,False,False,info,/home/meliani/nni-experiments,"['LSTM', 'GRU', 'CNN', 'RNN', 'TCN', 'Transformer', 'MLP']","[16, 32, 64, 128, 256]","[1, 2, 3, 4]","[0, 0.1, 0.2, 0.3, 0.5]","['relu', 'tanh', 'sigmoid', 'elu']","[1e-05, 0.01]","[2, 3, 4, 5, 6, 7, 8, 9, 10, 11, 12, 13, 14, 15, 16, 17, 18, 19, 20, 21, 22, 23, 24, 25, 26, 27, 28, 29, 30]","[16, 32, 64, 128]","[5, 10, 15, 20]","[2, 3, 5, 7]","[2, 4, 8]",anneal,minimize,local
bkcda5s4,321,2480,1779243236095,,/home/meliani/nni-experiments/bkcda5s4,71,exp_anneal_80_mat_only_mat_only,hpo,/home/meliani/Desktop/phd/fast-track/search_space.json,python3 trial.py --data ./mat_only.csv,/home/meliani/Desktop/phd/fast-track,1,360000s,80,False,False,info,/home/meliani/nni-experiments,"['LSTM', 'GRU', 'CNN', 'RNN', 'TCN', 'Transformer', 'MLP']","[16, 32, 64, 128, 256]","[1, 2, 3, 4]","[0, 0.1, 0.2, 0.3, 0.5]","['relu', 'tanh', 'sigmoid', 'elu']","[1e-05, 0.01]","[2, 3, 4, 5, 6, 7, 8, 9, 10, 11, 12, 13, 14, 15, 16, 17, 18, 19, 20, 21, 22, 23, 24, 25, 26, 27, 28, 29, 30]","[16, 32, 64, 128]","[5, 10, 15, 20]","[2, 3, 5, 7]","[2, 4, 8]",anneal,minimize,local
bkcda5s4,322,2490,1779243236095,,/home/meliani/nni-experiments/bkcda5s4,71,exp_anneal_80_mat_only_mat_only,hpo,/home/meliani/Desktop/phd/fast-track/search_space.json,python3 trial.py --data ./mat_only.csv,/home/meliani/Desktop/phd/fast-track,1,360000s,80,False,False,info,/home/meliani/nni-experiments,"['LSTM', 'GRU', 'CNN', 'RNN', 'TCN', 'Transformer', 'MLP']","[16, 32, 64, 128, 256]","[1, 2, 3, 4]","[0, 0.1, 0.2, 0.3, 0.5]","['relu', 'tanh', 'sigmoid', 'elu']","[1e-05, 0.01]","[2, 3, 4, 5, 6, 7, 8, 9, 10, 11, 12, 13, 14, 15, 16, 17, 18, 19, 20, 21, 22, 23, 24, 25, 26, 27, 28, 29, 30]","[16, 32, 64, 128]","[5, 10, 15, 20]","[2, 3, 5, 7]","[2, 4, 8]",anneal,minimize,local
bkcda5s4,323,2500,1779243236095,,/home/meliani/nni-experiments/bkcda5s4,71,exp_anneal_80_mat_only_mat_only,hpo,/home/meliani/Desktop/phd/fast-track/search_space.json,python3 trial.py --data ./mat_only.csv,/home/meliani/Desktop/phd/fast-track,1,360000s,80,False,False,info,/home/meliani/nni-experiments,"['LSTM', 'GRU', 'CNN', 'RNN', 'TCN', 'Transformer', 'MLP']","[16, 32, 64, 128, 256]","[1, 2, 3, 4]","[0, 0.1, 0.2, 0.3, 0.5]","['relu', 'tanh', 'sigmoid', 'elu']","[1e-05, 0.01]","[2, 3, 4, 5, 6, 7, 8, 9, 10, 11, 12, 13, 14, 15, 16, 17, 18, 19, 20, 21, 22, 23, 24, 25, 26, 27, 28, 29, 30]","[16, 32, 64, 128]","[5, 10, 15, 20]","[2, 3, 5, 7]","[2, 4, 8]",anneal,minimize,local
bkcda5s4,324,2510,1779243236095,,/home/meliani/nni-experiments/bkcda5s4,71,exp_anneal_80_mat_only_mat_only,hpo,/home/meliani/Desktop/phd/fast-track/search_space.json,python3 trial.py --data ./mat_only.csv,/home/meliani/Desktop/phd/fast-track,1,360000s,80,False,False,info,/home/meliani/nni-experiments,"['LSTM', 'GRU', 'CNN', 'RNN', 'TCN', 'Transformer', 'MLP']","[16, 32, 64, 128, 256]","[1, 2, 3, 4]","[0, 0.1, 0.2, 0.3, 0.5]","['relu', 'tanh', 'sigmoid', 'elu']","[1e-05, 0.01]","[2, 3, 4, 5, 6, 7, 8, 9, 10, 11, 12, 13, 14, 15, 16, 17, 18, 19, 20, 21, 22, 23, 24, 25, 26, 27, 28, 29, 30]","[16, 32, 64, 128]","[5, 10, 15, 20]","[2, 3, 5, 7]","[2, 4, 8]",anneal,minimize,local
bkcda5s4,325,2519,1779243236095,,/home/meliani/nni-experiments/bkcda5s4,72,exp_anneal_80_mat_only_mat_only,hpo,/home/meliani/Desktop/phd/fast-track/search_space.json,python3 trial.py --data ./mat_only.csv,/home/meliani/Desktop/phd/fast-track,1,360000s,80,False,False,info,/home/meliani/nni-experiments,"['LSTM', 'GRU', 'CNN', 'RNN', 'TCN', 'Transformer', 'MLP']","[16, 32, 64, 128, 256]","[1, 2, 3, 4]","[0, 0.1, 0.2, 0.3, 0.5]","['relu', 'tanh', 'sigmoid', 'elu']","[1e-05, 0.01]","[2, 3, 4, 5, 6, 7, 8, 9, 10, 11, 12, 13, 14, 15, 16, 17, 18, 19, 20, 21, 22, 23, 24, 25, 26, 27, 28, 29, 30]","[16, 32, 64, 128]","[5, 10, 15, 20]","[2, 3, 5, 7]","[2, 4, 8]",anneal,minimize,local
bkcda5s4,326,2520,1779243236095,,/home/meliani/nni-experiments/bkcda5s4,72,exp_anneal_80_mat_only_mat_only,hpo,/home/meliani/Desktop/phd/fast-track/search_space.json,python3 trial.py --data ./mat_only.csv,/home/meliani/Desktop/phd/fast-track,1,360000s,80,False,False,info,/home/meliani/nni-experiments,"['LSTM', 'GRU', 'CNN', 'RNN', 'TCN', 'Transformer', 'MLP']","[16, 32, 64, 128, 256]","[1, 2, 3, 4]","[0, 0.1, 0.2, 0.3, 0.5]","['relu', 'tanh', 'sigmoid', 'elu']","[1e-05, 0.01]","[2, 3, 4, 5, 6, 7, 8, 9, 10, 11, 12, 13, 14, 15, 16, 17, 18, 19, 20, 21, 22, 23, 24, 25, 26, 27, 28, 29, 30]","[16, 32, 64, 128]","[5, 10, 15, 20]","[2, 3, 5, 7]","[2, 4, 8]",anneal,minimize,local
bkcda5s4,327,2530,1779243236095,,/home/meliani/nni-experiments/bkcda5s4,72,exp_anneal_80_mat_only_mat_only,hpo,/home/meliani/Desktop/phd/fast-track/search_space.json,python3 trial.py --data ./mat_only.csv,/home/meliani/Desktop/phd/fast-track,1,360000s,80,False,False,info,/home/meliani/nni-experiments,"['LSTM', 'GRU', 'CNN', 'RNN', 'TCN', 'Transformer', 'MLP']","[16, 32, 64, 128, 256]","[1, 2, 3, 4]","[0, 0.1, 0.2, 0.3, 0.5]","['relu', 'tanh', 'sigmoid', 'elu']","[1e-05, 0.01]","[2, 3, 4, 5, 6, 7, 8, 9, 10, 11, 12, 13, 14, 15, 16, 17, 18, 19, 20, 21, 22, 23, 24, 25, 26, 27, 28, 29, 30]","[16, 32, 64, 128]","[5, 10, 15, 20]","[2, 3, 5, 7]","[2, 4, 8]",anneal,minimize,local
bkcda5s4,328,2540,1779243236095,,/home/meliani/nni-experiments/bkcda5s4,72,exp_anneal_80_mat_only_mat_only,hpo,/home/meliani/Desktop/phd/fast-track/search_space.json,python3 trial.py --data ./mat_only.csv,/home/meliani/Desktop/phd/fast-track,1,360000s,80,False,False,info,/home/meliani/nni-experiments,"['LSTM', 'GRU', 'CNN', 'RNN', 'TCN', 'Transformer', 'MLP']","[16, 32, 64, 128, 256]","[1, 2, 3, 4]","[0, 0.1, 0.2, 0.3, 0.5]","['relu', 'tanh', 'sigmoid', 'elu']","[1e-05, 0.01]","[2, 3, 4, 5, 6, 7, 8, 9, 10, 11, 12, 13, 14, 15, 16, 17, 18, 19, 20, 21, 22, 23, 24, 25, 26, 27, 28, 29, 30]","[16, 32, 64, 128]","[5, 10, 15, 20]","[2, 3, 5, 7]","[2, 4, 8]",anneal,minimize,local
bkcda5s4,329,2541,1779243236095,,/home/meliani/nni-experiments/bkcda5s4,73,exp_anneal_80_mat_only_mat_only,hpo,/home/meliani/Desktop/phd/fast-track/search_space.json,python3 trial.py --data ./mat_only.csv,/home/meliani/Desktop/phd/fast-track,1,360000s,80,False,False,info,/home/meliani/nni-experiments,"['LSTM', 'GRU', 'CNN', 'RNN', 'TCN', 'Transformer', 'MLP']","[16, 32, 64, 128, 256]","[1, 2, 3, 4]","[0, 0.1, 0.2, 0.3, 0.5]","['relu', 'tanh', 'sigmoid', 'elu']","[1e-05, 0.01]","[2, 3, 4, 5, 6, 7, 8, 9, 10, 11, 12, 13, 14, 15, 16, 17, 18, 19, 20, 21, 22, 23, 24, 25, 26, 27, 28, 29, 30]","[16, 32, 64, 128]","[5, 10, 15, 20]","[2, 3, 5, 7]","[2, 4, 8]",anneal,minimize,local
bkcda5s4,330,2550,1779243236095,,/home/meliani/nni-experiments/bkcda5s4,73,exp_anneal_80_mat_only_mat_only,hpo,/home/meliani/Desktop/phd/fast-track/search_space.json,python3 trial.py --data ./mat_only.csv,/home/meliani/Desktop/phd/fast-track,1,360000s,80,False,False,info,/home/meliani/nni-experiments,"['LSTM', 'GRU', 'CNN', 'RNN', 'TCN', 'Transformer', 'MLP']","[16, 32, 64, 128, 256]","[1, 2, 3, 4]","[0, 0.1, 0.2, 0.3, 0.5]","['relu', 'tanh', 'sigmoid', 'elu']","[1e-05, 0.01]","[2, 3, 4, 5, 6, 7, 8, 9, 10, 11, 12, 13, 14, 15, 16, 17, 18, 19, 20, 21, 22, 23, 24, 25, 26, 27, 28, 29, 30]","[16, 32, 64, 128]","[5, 10, 15, 20]","[2, 3, 5, 7]","[2, 4, 8]",anneal,minimize,local
bkcda5s4,331,2560,1779243236095,,/home/meliani/nni-experiments/bkcda5s4,73,exp_anneal_80_mat_only_mat_only,hpo,/home/meliani/Desktop/phd/fast-track/search_space.json,python3 trial.py --data ./mat_only.csv,/home/meliani/Desktop/phd/fast-track,1,360000s,80,False,False,info,/home/meliani/nni-experiments,"['LSTM', 'GRU', 'CNN', 'RNN', 'TCN', 'Transformer', 'MLP']","[16, 32, 64, 128, 256]","[1, 2, 3, 4]","[0, 0.1, 0.2, 0.3, 0.5]","['relu', 'tanh', 'sigmoid', 'elu']","[1e-05, 0.01]","[2, 3, 4, 5, 6, 7, 8, 9, 10, 11, 12, 13, 14, 15, 16, 17, 18, 19, 20, 21, 22, 23, 24, 25, 26, 27, 28, 29, 30]","[16, 32, 64, 128]","[5, 10, 15, 20]","[2, 3, 5, 7]","[2, 4, 8]",anneal,minimize,local
bkcda5s4,332,2570,1779243236095,,/home/meliani/nni-experiments/bkcda5s4,73,exp_anneal_80_mat_only_mat_only,hpo,/home/meliani/Desktop/phd/fast-track/search_space.json,python3 trial.py --data ./mat_only.csv,/home/meliani/Desktop/phd/fast-track,1,360000s,80,False,False,info,/home/meliani/nni-experiments,"['LSTM', 'GRU', 'CNN', 'RNN', 'TCN', 'Transformer', 'MLP']","[16, 32, 64, 128, 256]","[1, 2, 3, 4]","[0, 0.1, 0.2, 0.3, 0.5]","['relu', 'tanh', 'sigmoid', 'elu']","[1e-05, 0.01]","[2, 3, 4, 5, 6, 7, 8, 9, 10, 11, 12, 13, 14, 15, 16, 17, 18, 19, 20, 21, 22, 23, 24, 25, 26, 27, 28, 29, 30]","[16, 32, 64, 128]","[5, 10, 15, 20]","[2, 3, 5, 7]","[2, 4, 8]",anneal,minimize,local
bkcda5s4,333,2580,1779243236095,,/home/meliani/nni-experiments/bkcda5s4,73,exp_anneal_80_mat_only_mat_only,hpo,/home/meliani/Desktop/phd/fast-track/search_space.json,python3 trial.py --data ./mat_only.csv,/home/meliani/Desktop/phd/fast-track,1,360000s,80,False,False,info,/home/meliani/nni-experiments,"['LSTM', 'GRU', 'CNN', 'RNN', 'TCN', 'Transformer', 'MLP']","[16, 32, 64, 128, 256]","[1, 2, 3, 4]","[0, 0.1, 0.2, 0.3, 0.5]","['relu', 'tanh', 'sigmoid', 'elu']","[1e-05, 0.01]","[2, 3, 4, 5, 6, 7, 8, 9, 10, 11, 12, 13, 14, 15, 16, 17, 18, 19, 20, 21, 22, 23, 24, 25, 26, 27, 28, 29, 30]","[16, 32, 64, 128]","[5, 10, 15, 20]","[2, 3, 5, 7]","[2, 4, 8]",anneal,minimize,local
bkcda5s4,334,2590,1779243236095,,/home/meliani/nni-experiments/bkcda5s4,73,exp_anneal_80_mat_only_mat_only,hpo,/home/meliani/Desktop/phd/fast-track/search_space.json,python3 trial.py --data ./mat_only.csv,/home/meliani/Desktop/phd/fast-track,1,360000s,80,False,False,info,/home/meliani/nni-experiments,"['LSTM', 'GRU', 'CNN', 'RNN', 'TCN', 'Transformer', 'MLP']","[16, 32, 64, 128, 256]","[1, 2, 3, 4]","[0, 0.1, 0.2, 0.3, 0.5]","['relu', 'tanh', 'sigmoid', 'elu']","[1e-05, 0.01]","[2, 3, 4, 5, 6, 7, 8, 9, 10, 11, 12, 13, 14, 15, 16, 17, 18, 19, 20, 21, 22, 23, 24, 25, 26, 27, 28, 29, 30]","[16, 32, 64, 128]","[5, 10, 15, 20]","[2, 3, 5, 7]","[2, 4, 8]",anneal,minimize,local
bkcda5s4,335,2600,1779243236095,,/home/meliani/nni-experiments/bkcda5s4,73,exp_anneal_80_mat_only_mat_only,hpo,/home/meliani/Desktop/phd/fast-track/search_space.json,python3 trial.py --data ./mat_only.csv,/home/meliani/Desktop/phd/fast-track,1,360000s,80,False,False,info,/home/meliani/nni-experiments,"['LSTM', 'GRU', 'CNN', 'RNN', 'TCN', 'Transformer', 'MLP']","[16, 32, 64, 128, 256]","[1, 2, 3, 4]","[0, 0.1, 0.2, 0.3, 0.5]","['relu', 'tanh', 'sigmoid', 'elu']","[1e-05, 0.01]","[2, 3, 4, 5, 6, 7, 8, 9, 10, 11, 12, 13, 14, 15, 16, 17, 18, 19, 20, 21, 22, 23, 24, 25, 26, 27, 28, 29, 30]","[16, 32, 64, 128]","[5, 10, 15, 20]","[2, 3, 5, 7]","[2, 4, 8]",anneal,minimize,local
bkcda5s4,336,2610,1779243236095,,/home/meliani/nni-experiments/bkcda5s4,73,exp_anneal_80_mat_only_mat_only,hpo,/home/meliani/Desktop/phd/fast-track/search_space.json,python3 trial.py --data ./mat_only.csv,/home/meliani/Desktop/phd/fast-track,1,360000s,80,False,False,info,/home/meliani/nni-experiments,"['LSTM', 'GRU', 'CNN', 'RNN', 'TCN', 'Transformer', 'MLP']","[16, 32, 64, 128, 256]","[1, 2, 3, 4]","[0, 0.1, 0.2, 0.3, 0.5]","['relu', 'tanh', 'sigmoid', 'elu']","[1e-05, 0.01]","[2, 3, 4, 5, 6, 7, 8, 9, 10, 11, 12, 13, 14, 15, 16, 17, 18, 19, 20, 21, 22, 23, 24, 25, 26, 27, 28, 29, 30]","[16, 32, 64, 128]","[5, 10, 15, 20]","[2, 3, 5, 7]","[2, 4, 8]",anneal,minimize,local
bkcda5s4,337,2620,1779243236095,,/home/meliani/nni-experiments/bkcda5s4,73,exp_anneal_80_mat_only_mat_only,hpo,/home/meliani/Desktop/phd/fast-track/search_space.json,python3 trial.py --data ./mat_only.csv,/home/meliani/Desktop/phd/fast-track,1,360000s,80,False,False,info,/home/meliani/nni-experiments,"['LSTM', 'GRU', 'CNN', 'RNN', 'TCN', 'Transformer', 'MLP']","[16, 32, 64, 128, 256]","[1, 2, 3, 4]","[0, 0.1, 0.2, 0.3, 0.5]","['relu', 'tanh', 'sigmoid', 'elu']","[1e-05, 0.01]","[2, 3, 4, 5, 6, 7, 8, 9, 10, 11, 12, 13, 14, 15, 16, 17, 18, 19, 20, 21, 22, 23, 24, 25, 26, 27, 28, 29, 30]","[16, 32, 64, 128]","[5, 10, 15, 20]","[2, 3, 5, 7]","[2, 4, 8]",anneal,minimize,local
bkcda5s4,338,2630,1779243236095,,/home/meliani/nni-experiments/bkcda5s4,73,exp_anneal_80_mat_only_mat_only,hpo,/home/meliani/Desktop/phd/fast-track/search_space.json,python3 trial.py --data ./mat_only.csv,/home/meliani/Desktop/phd/fast-track,1,360000s,80,False,False,info,/home/meliani/nni-experiments,"['LSTM', 'GRU', 'CNN', 'RNN', 'TCN', 'Transformer', 'MLP']","[16, 32, 64, 128, 256]","[1, 2, 3, 4]","[0, 0.1, 0.2, 0.3, 0.5]","['relu', 'tanh', 'sigmoid', 'elu']","[1e-05, 0.01]","[2, 3, 4, 5, 6, 7, 8, 9, 10, 11, 12, 13, 14, 15, 16, 17, 18, 19, 20, 21, 22, 23, 24, 25, 26, 27, 28, 29, 30]","[16, 32, 64, 128]","[5, 10, 15, 20]","[2, 3, 5, 7]","[2, 4, 8]",anneal,minimize,local
bkcda5s4,339,2638,1779243236095,,/home/meliani/nni-experiments/bkcda5s4,74,exp_anneal_80_mat_only_mat_only,hpo,/home/meliani/Desktop/phd/fast-track/search_space.json,python3 trial.py --data ./mat_only.csv,/home/meliani/Desktop/phd/fast-track,1,360000s,80,False,False,info,/home/meliani/nni-experiments,"['LSTM', 'GRU', 'CNN', 'RNN', 'TCN', 'Transformer', 'MLP']","[16, 32, 64, 128, 256]","[1, 2, 3, 4]","[0, 0.1, 0.2, 0.3, 0.5]","['relu', 'tanh', 'sigmoid', 'elu']","[1e-05, 0.01]","[2, 3, 4, 5, 6, 7, 8, 9, 10, 11, 12, 13, 14, 15, 16, 17, 18, 19, 20, 21, 22, 23, 24, 25, 26, 27, 28, 29, 30]","[16, 32, 64, 128]","[5, 10, 15, 20]","[2, 3, 5, 7]","[2, 4, 8]",anneal,minimize,local
bkcda5s4,340,2640,1779243236095,,/home/meliani/nni-experiments/bkcda5s4,74,exp_anneal_80_mat_only_mat_only,hpo,/home/meliani/Desktop/phd/fast-track/search_space.json,python3 trial.py --data ./mat_only.csv,/home/meliani/Desktop/phd/fast-track,1,360000s,80,False,False,info,/home/meliani/nni-experiments,"['LSTM', 'GRU', 'CNN', 'RNN', 'TCN', 'Transformer', 'MLP']","[16, 32, 64, 128, 256]","[1, 2, 3, 4]","[0, 0.1, 0.2, 0.3, 0.5]","['relu', 'tanh', 'sigmoid', 'elu']","[1e-05, 0.01]","[2, 3, 4, 5, 6, 7, 8, 9, 10, 11, 12, 13, 14, 15, 16, 17, 18, 19, 20, 21, 22, 23, 24, 25, 26, 27, 28, 29, 30]","[16, 32, 64, 128]","[5, 10, 15, 20]","[2, 3, 5, 7]","[2, 4, 8]",anneal,minimize,local
bkcda5s4,341,2650,1779243236095,,/home/meliani/nni-experiments/bkcda5s4,74,exp_anneal_80_mat_only_mat_only,hpo,/home/meliani/Desktop/phd/fast-track/search_space.json,python3 trial.py --data ./mat_only.csv,/home/meliani/Desktop/phd/fast-track,1,360000s,80,False,False,info,/home/meliani/nni-experiments,"['LSTM', 'GRU', 'CNN', 'RNN', 'TCN', 'Transformer', 'MLP']","[16, 32, 64, 128, 256]","[1, 2, 3, 4]","[0, 0.1, 0.2, 0.3, 0.5]","['relu', 'tanh', 'sigmoid', 'elu']","[1e-05, 0.01]","[2, 3, 4, 5, 6, 7, 8, 9, 10, 11, 12, 13, 14, 15, 16, 17, 18, 19, 20, 21, 22, 23, 24, 25, 26, 27, 28, 29, 30]","[16, 32, 64, 128]","[5, 10, 15, 20]","[2, 3, 5, 7]","[2, 4, 8]",anneal,minimize,local
bkcda5s4,342,2657,1779243236095,,/home/meliani/nni-experiments/bkcda5s4,75,exp_anneal_80_mat_only_mat_only,hpo,/home/meliani/Desktop/phd/fast-track/search_space.json,python3 trial.py --data ./mat_only.csv,/home/meliani/Desktop/phd/fast-track,1,360000s,80,False,False,info,/home/meliani/nni-experiments,"['LSTM', 'GRU', 'CNN', 'RNN', 'TCN', 'Transformer', 'MLP']","[16, 32, 64, 128, 256]","[1, 2, 3, 4]","[0, 0.1, 0.2, 0.3, 0.5]","['relu', 'tanh', 'sigmoid', 'elu']","[1e-05, 0.01]","[2, 3, 4, 5, 6, 7, 8, 9, 10, 11, 12, 13, 14, 15, 16, 17, 18, 19, 20, 21, 22, 23, 24, 25, 26, 27, 28, 29, 30]","[16, 32, 64, 128]","[5, 10, 15, 20]","[2, 3, 5, 7]","[2, 4, 8]",anneal,minimize,local
bkcda5s4,343,2660,1779243236095,,/home/meliani/nni-experiments/bkcda5s4,75,exp_anneal_80_mat_only_mat_only,hpo,/home/meliani/Desktop/phd/fast-track/search_space.json,python3 trial.py --data ./mat_only.csv,/home/meliani/Desktop/phd/fast-track,1,360000s,80,False,False,info,/home/meliani/nni-experiments,"['LSTM', 'GRU', 'CNN', 'RNN', 'TCN', 'Transformer', 'MLP']","[16, 32, 64, 128, 256]","[1, 2, 3, 4]","[0, 0.1, 0.2, 0.3, 0.5]","['relu', 'tanh', 'sigmoid', 'elu']","[1e-05, 0.01]","[2, 3, 4, 5, 6, 7, 8, 9, 10, 11, 12, 13, 14, 15, 16, 17, 18, 19, 20, 21, 22, 23, 24, 25, 26, 27, 28, 29, 30]","[16, 32, 64, 128]","[5, 10, 15, 20]","[2, 3, 5, 7]","[2, 4, 8]",anneal,minimize,local
bkcda5s4,344,2670,1779243236095,,/home/meliani/nni-experiments/bkcda5s4,75,exp_anneal_80_mat_only_mat_only,hpo,/home/meliani/Desktop/phd/fast-track/search_space.json,python3 trial.py --data ./mat_only.csv,/home/meliani/Desktop/phd/fast-track,1,360000s,80,False,False,info,/home/meliani/nni-experiments,"['LSTM', 'GRU', 'CNN', 'RNN', 'TCN', 'Transformer', 'MLP']","[16, 32, 64, 128, 256]","[1, 2, 3, 4]","[0, 0.1, 0.2, 0.3, 0.5]","['relu', 'tanh', 'sigmoid', 'elu']","[1e-05, 0.01]","[2, 3, 4, 5, 6, 7, 8, 9, 10, 11, 12, 13, 14, 15, 16, 17, 18, 19, 20, 21, 22, 23, 24, 25, 26, 27, 28, 29, 30]","[16, 32, 64, 128]","[5, 10, 15, 20]","[2, 3, 5, 7]","[2, 4, 8]",anneal,minimize,local
bkcda5s4,345,2680,1779243236095,,/home/meliani/nni-experiments/bkcda5s4,75,exp_anneal_80_mat_only_mat_only,hpo,/home/meliani/Desktop/phd/fast-track/search_space.json,python3 trial.py --data ./mat_only.csv,/home/meliani/Desktop/phd/fast-track,1,360000s,80,False,False,info,/home/meliani/nni-experiments,"['LSTM', 'GRU', 'CNN', 'RNN', 'TCN', 'Transformer', 'MLP']","[16, 32, 64, 128, 256]","[1, 2, 3, 4]","[0, 0.1, 0.2, 0.3, 0.5]","['relu', 'tanh', 'sigmoid', 'elu']","[1e-05, 0.01]","[2, 3, 4, 5, 6, 7, 8, 9, 10, 11, 12, 13, 14, 15, 16, 17, 18, 19, 20, 21, 22, 23, 24, 25, 26, 27, 28, 29, 30]","[16, 32, 64, 128]","[5, 10, 15, 20]","[2, 3, 5, 7]","[2, 4, 8]",anneal,minimize,local
bkcda5s4,346,2690,1779243236095,,/home/meliani/nni-experiments/bkcda5s4,75,exp_anneal_80_mat_only_mat_only,hpo,/home/meliani/Desktop/phd/fast-track/search_space.json,python3 trial.py --data ./mat_only.csv,/home/meliani/Desktop/phd/fast-track,1,360000s,80,False,False,info,/home/meliani/nni-experiments,"['LSTM', 'GRU', 'CNN', 'RNN', 'TCN', 'Transformer', 'MLP']","[16, 32, 64, 128, 256]","[1, 2, 3, 4]","[0, 0.1, 0.2, 0.3, 0.5]","['relu', 'tanh', 'sigmoid', 'elu']","[1e-05, 0.01]","[2, 3, 4, 5, 6, 7, 8, 9, 10, 11, 12, 13, 14, 15, 16, 17, 18, 19, 20, 21, 22, 23, 24, 25, 26, 27, 28, 29, 30]","[16, 32, 64, 128]","[5, 10, 15, 20]","[2, 3, 5, 7]","[2, 4, 8]",anneal,minimize,local
bkcda5s4,347,2700,1779243236095,,/home/meliani/nni-experiments/bkcda5s4,75,exp_anneal_80_mat_only_mat_only,hpo,/home/meliani/Desktop/phd/fast-track/search_space.json,python3 trial.py --data ./mat_only.csv,/home/meliani/Desktop/phd/fast-track,1,360000s,80,False,False,info,/home/meliani/nni-experiments,"['LSTM', 'GRU', 'CNN', 'RNN', 'TCN', 'Transformer', 'MLP']","[16, 32, 64, 128, 256]","[1, 2, 3, 4]","[0, 0.1, 0.2, 0.3, 0.5]","['relu', 'tanh', 'sigmoid', 'elu']","[1e-05, 0.01]","[2, 3, 4, 5, 6, 7, 8, 9, 10, 11, 12, 13, 14, 15, 16, 17, 18, 19, 20, 21, 22, 23, 24, 25, 26, 27, 28, 29, 30]","[16, 32, 64, 128]","[5, 10, 15, 20]","[2, 3, 5, 7]","[2, 4, 8]",anneal,minimize,local
bkcda5s4,348,2706,1779243236095,,/home/meliani/nni-experiments/bkcda5s4,76,exp_anneal_80_mat_only_mat_only,hpo,/home/meliani/Desktop/phd/fast-track/search_space.json,python3 trial.py --data ./mat_only.csv,/home/meliani/Desktop/phd/fast-track,1,360000s,80,False,False,info,/home/meliani/nni-experiments,"['LSTM', 'GRU', 'CNN', 'RNN', 'TCN', 'Transformer', 'MLP']","[16, 32, 64, 128, 256]","[1, 2, 3, 4]","[0, 0.1, 0.2, 0.3, 0.5]","['relu', 'tanh', 'sigmoid', 'elu']","[1e-05, 0.01]","[2, 3, 4, 5, 6, 7, 8, 9, 10, 11, 12, 13, 14, 15, 16, 17, 18, 19, 20, 21, 22, 23, 24, 25, 26, 27, 28, 29, 30]","[16, 32, 64, 128]","[5, 10, 15, 20]","[2, 3, 5, 7]","[2, 4, 8]",anneal,minimize,local
bkcda5s4,349,2710,1779243236095,,/home/meliani/nni-experiments/bkcda5s4,76,exp_anneal_80_mat_only_mat_only,hpo,/home/meliani/Desktop/phd/fast-track/search_space.json,python3 trial.py --data ./mat_only.csv,/home/meliani/Desktop/phd/fast-track,1,360000s,80,False,False,info,/home/meliani/nni-experiments,"['LSTM', 'GRU', 'CNN', 'RNN', 'TCN', 'Transformer', 'MLP']","[16, 32, 64, 128, 256]","[1, 2, 3, 4]","[0, 0.1, 0.2, 0.3, 0.5]","['relu', 'tanh', 'sigmoid', 'elu']","[1e-05, 0.01]","[2, 3, 4, 5, 6, 7, 8, 9, 10, 11, 12, 13, 14, 15, 16, 17, 18, 19, 20, 21, 22, 23, 24, 25, 26, 27, 28, 29, 30]","[16, 32, 64, 128]","[5, 10, 15, 20]","[2, 3, 5, 7]","[2, 4, 8]",anneal,minimize,local
bkcda5s4,350,2720,1779243236095,,/home/meliani/nni-experiments/bkcda5s4,76,exp_anneal_80_mat_only_mat_only,hpo,/home/meliani/Desktop/phd/fast-track/search_space.json,python3 trial.py --data ./mat_only.csv,/home/meliani/Desktop/phd/fast-track,1,360000s,80,False,False,info,/home/meliani/nni-experiments,"['LSTM', 'GRU', 'CNN', 'RNN', 'TCN', 'Transformer', 'MLP']","[16, 32, 64, 128, 256]","[1, 2, 3, 4]","[0, 0.1, 0.2, 0.3, 0.5]","['relu', 'tanh', 'sigmoid', 'elu']","[1e-05, 0.01]","[2, 3, 4, 5, 6, 7, 8, 9, 10, 11, 12, 13, 14, 15, 16, 17, 18, 19, 20, 21, 22, 23, 24, 25, 26, 27, 28, 29, 30]","[16, 32, 64, 128]","[5, 10, 15, 20]","[2, 3, 5, 7]","[2, 4, 8]",anneal,minimize,local
bkcda5s4,351,2730,1779243236095,,/home/meliani/nni-experiments/bkcda5s4,76,exp_anneal_80_mat_only_mat_only,hpo,/home/meliani/Desktop/phd/fast-track/search_space.json,python3 trial.py --data ./mat_only.csv,/home/meliani/Desktop/phd/fast-track,1,360000s,80,False,False,info,/home/meliani/nni-experiments,"['LSTM', 'GRU', 'CNN', 'RNN', 'TCN', 'Transformer', 'MLP']","[16, 32, 64, 128, 256]","[1, 2, 3, 4]","[0, 0.1, 0.2, 0.3, 0.5]","['relu', 'tanh', 'sigmoid', 'elu']","[1e-05, 0.01]","[2, 3, 4, 5, 6, 7, 8, 9, 10, 11, 12, 13, 14, 15, 16, 17, 18, 19, 20, 21, 22, 23, 24, 25, 26, 27, 28, 29, 30]","[16, 32, 64, 128]","[5, 10, 15, 20]","[2, 3, 5, 7]","[2, 4, 8]",anneal,minimize,local
bkcda5s4,352,2740,1779243236095,,/home/meliani/nni-experiments/bkcda5s4,76,exp_anneal_80_mat_only_mat_only,hpo,/home/meliani/Desktop/phd/fast-track/search_space.json,python3 trial.py --data ./mat_only.csv,/home/meliani/Desktop/phd/fast-track,1,360000s,80,False,False,info,/home/meliani/nni-experiments,"['LSTM', 'GRU', 'CNN', 'RNN', 'TCN', 'Transformer', 'MLP']","[16, 32, 64, 128, 256]","[1, 2, 3, 4]","[0, 0.1, 0.2, 0.3, 0.5]","['relu', 'tanh', 'sigmoid', 'elu']","[1e-05, 0.01]","[2, 3, 4, 5, 6, 7, 8, 9, 10, 11, 12, 13, 14, 15, 16, 17, 18, 19, 20, 21, 22, 23, 24, 25, 26, 27, 28, 29, 30]","[16, 32, 64, 128]","[5, 10, 15, 20]","[2, 3, 5, 7]","[2, 4, 8]",anneal,minimize,local
bkcda5s4,353,2750,1779243236095,,/home/meliani/nni-experiments/bkcda5s4,76,exp_anneal_80_mat_only_mat_only,hpo,/home/meliani/Desktop/phd/fast-track/search_space.json,python3 trial.py --data ./mat_only.csv,/home/meliani/Desktop/phd/fast-track,1,360000s,80,False,False,info,/home/meliani/nni-experiments,"['LSTM', 'GRU', 'CNN', 'RNN', 'TCN', 'Transformer', 'MLP']","[16, 32, 64, 128, 256]","[1, 2, 3, 4]","[0, 0.1, 0.2, 0.3, 0.5]","['relu', 'tanh', 'sigmoid', 'elu']","[1e-05, 0.01]","[2, 3, 4, 5, 6, 7, 8, 9, 10, 11, 12, 13, 14, 15, 16, 17, 18, 19, 20, 21, 22, 23, 24, 25, 26, 27, 28, 29, 30]","[16, 32, 64, 128]","[5, 10, 15, 20]","[2, 3, 5, 7]","[2, 4, 8]",anneal,minimize,local
bkcda5s4,354,2757,1779243236095,,/home/meliani/nni-experiments/bkcda5s4,77,exp_anneal_80_mat_only_mat_only,hpo,/home/meliani/Desktop/phd/fast-track/search_space.json,python3 trial.py --data ./mat_only.csv,/home/meliani/Desktop/phd/fast-track,1,360000s,80,False,False,info,/home/meliani/nni-experiments,"['LSTM', 'GRU', 'CNN', 'RNN', 'TCN', 'Transformer', 'MLP']","[16, 32, 64, 128, 256]","[1, 2, 3, 4]","[0, 0.1, 0.2, 0.3, 0.5]","['relu', 'tanh', 'sigmoid', 'elu']","[1e-05, 0.01]","[2, 3, 4, 5, 6, 7, 8, 9, 10, 11, 12, 13, 14, 15, 16, 17, 18, 19, 20, 21, 22, 23, 24, 25, 26, 27, 28, 29, 30]","[16, 32, 64, 128]","[5, 10, 15, 20]","[2, 3, 5, 7]","[2, 4, 8]",anneal,minimize,local
bkcda5s4,355,2760,1779243236095,,/home/meliani/nni-experiments/bkcda5s4,77,exp_anneal_80_mat_only_mat_only,hpo,/home/meliani/Desktop/phd/fast-track/search_space.json,python3 trial.py --data ./mat_only.csv,/home/meliani/Desktop/phd/fast-track,1,360000s,80,False,False,info,/home/meliani/nni-experiments,"['LSTM', 'GRU', 'CNN', 'RNN', 'TCN', 'Transformer', 'MLP']","[16, 32, 64, 128, 256]","[1, 2, 3, 4]","[0, 0.1, 0.2, 0.3, 0.5]","['relu', 'tanh', 'sigmoid', 'elu']","[1e-05, 0.01]","[2, 3, 4, 5, 6, 7, 8, 9, 10, 11, 12, 13, 14, 15, 16, 17, 18, 19, 20, 21, 22, 23, 24, 25, 26, 27, 28, 29, 30]","[16, 32, 64, 128]","[5, 10, 15, 20]","[2, 3, 5, 7]","[2, 4, 8]",anneal,minimize,local
bkcda5s4,356,2770,1779243236095,,/home/meliani/nni-experiments/bkcda5s4,77,exp_anneal_80_mat_only_mat_only,hpo,/home/meliani/Desktop/phd/fast-track/search_space.json,python3 trial.py --data ./mat_only.csv,/home/meliani/Desktop/phd/fast-track,1,360000s,80,False,False,info,/home/meliani/nni-experiments,"['LSTM', 'GRU', 'CNN', 'RNN', 'TCN', 'Transformer', 'MLP']","[16, 32, 64, 128, 256]","[1, 2, 3, 4]","[0, 0.1, 0.2, 0.3, 0.5]","['relu', 'tanh', 'sigmoid', 'elu']","[1e-05, 0.01]","[2, 3, 4, 5, 6, 7, 8, 9, 10, 11, 12, 13, 14, 15, 16, 17, 18, 19, 20, 21, 22, 23, 24, 25, 26, 27, 28, 29, 30]","[16, 32, 64, 128]","[5, 10, 15, 20]","[2, 3, 5, 7]","[2, 4, 8]",anneal,minimize,local
bkcda5s4,357,2780,1779243236095,,/home/meliani/nni-experiments/bkcda5s4,77,exp_anneal_80_mat_only_mat_only,hpo,/home/meliani/Desktop/phd/fast-track/search_space.json,python3 trial.py --data ./mat_only.csv,/home/meliani/Desktop/phd/fast-track,1,360000s,80,False,False,info,/home/meliani/nni-experiments,"['LSTM', 'GRU', 'CNN', 'RNN', 'TCN', 'Transformer', 'MLP']","[16, 32, 64, 128, 256]","[1, 2, 3, 4]","[0, 0.1, 0.2, 0.3, 0.5]","['relu', 'tanh', 'sigmoid', 'elu']","[1e-05, 0.01]","[2, 3, 4, 5, 6, 7, 8, 9, 10, 11, 12, 13, 14, 15, 16, 17, 18, 19, 20, 21, 22, 23, 24, 25, 26, 27, 28, 29, 30]","[16, 32, 64, 128]","[5, 10, 15, 20]","[2, 3, 5, 7]","[2, 4, 8]",anneal,minimize,local
bkcda5s4,358,2790,1779243236095,,/home/meliani/nni-experiments/bkcda5s4,77,exp_anneal_80_mat_only_mat_only,hpo,/home/meliani/Desktop/phd/fast-track/search_space.json,python3 trial.py --data ./mat_only.csv,/home/meliani/Desktop/phd/fast-track,1,360000s,80,False,False,info,/home/meliani/nni-experiments,"['LSTM', 'GRU', 'CNN', 'RNN', 'TCN', 'Transformer', 'MLP']","[16, 32, 64, 128, 256]","[1, 2, 3, 4]","[0, 0.1, 0.2, 0.3, 0.5]","['relu', 'tanh', 'sigmoid', 'elu']","[1e-05, 0.01]","[2, 3, 4, 5, 6, 7, 8, 9, 10, 11, 12, 13, 14, 15, 16, 17, 18, 19, 20, 21, 22, 23, 24, 25, 26, 27, 28, 29, 30]","[16, 32, 64, 128]","[5, 10, 15, 20]","[2, 3, 5, 7]","[2, 4, 8]",anneal,minimize,local
bkcda5s4,359,2800,1779243236095,,/home/meliani/nni-experiments/bkcda5s4,77,exp_anneal_80_mat_only_mat_only,hpo,/home/meliani/Desktop/phd/fast-track/search_space.json,python3 trial.py --data ./mat_only.csv,/home/meliani/Desktop/phd/fast-track,1,360000s,80,False,False,info,/home/meliani/nni-experiments,"['LSTM', 'GRU', 'CNN', 'RNN', 'TCN', 'Transformer', 'MLP']","[16, 32, 64, 128, 256]","[1, 2, 3, 4]","[0, 0.1, 0.2, 0.3, 0.5]","['relu', 'tanh', 'sigmoid', 'elu']","[1e-05, 0.01]","[2, 3, 4, 5, 6, 7, 8, 9, 10, 11, 12, 13, 14, 15, 16, 17, 18, 19, 20, 21, 22, 23, 24, 25, 26, 27, 28, 29, 30]","[16, 32, 64, 128]","[5, 10, 15, 20]","[2, 3, 5, 7]","[2, 4, 8]",anneal,minimize,local
bkcda5s4,360,2806,1779243236095,,/home/meliani/nni-experiments/bkcda5s4,78,exp_anneal_80_mat_only_mat_only,hpo,/home/meliani/Desktop/phd/fast-track/search_space.json,python3 trial.py --data ./mat_only.csv,/home/meliani/Desktop/phd/fast-track,1,360000s,80,False,False,info,/home/meliani/nni-experiments,"['LSTM', 'GRU', 'CNN', 'RNN', 'TCN', 'Transformer', 'MLP']","[16, 32, 64, 128, 256]","[1, 2, 3, 4]","[0, 0.1, 0.2, 0.3, 0.5]","['relu', 'tanh', 'sigmoid', 'elu']","[1e-05, 0.01]","[2, 3, 4, 5, 6, 7, 8, 9, 10, 11, 12, 13, 14, 15, 16, 17, 18, 19, 20, 21, 22, 23, 24, 25, 26, 27, 28, 29, 30]","[16, 32, 64, 128]","[5, 10, 15, 20]","[2, 3, 5, 7]","[2, 4, 8]",anneal,minimize,local
bkcda5s4,361,2810,1779243236095,,/home/meliani/nni-experiments/bkcda5s4,78,exp_anneal_80_mat_only_mat_only,hpo,/home/meliani/Desktop/phd/fast-track/search_space.json,python3 trial.py --data ./mat_only.csv,/home/meliani/Desktop/phd/fast-track,1,360000s,80,False,False,info,/home/meliani/nni-experiments,"['LSTM', 'GRU', 'CNN', 'RNN', 'TCN', 'Transformer', 'MLP']","[16, 32, 64, 128, 256]","[1, 2, 3, 4]","[0, 0.1, 0.2, 0.3, 0.5]","['relu', 'tanh', 'sigmoid', 'elu']","[1e-05, 0.01]","[2, 3, 4, 5, 6, 7, 8, 9, 10, 11, 12, 13, 14, 15, 16, 17, 18, 19, 20, 21, 22, 23, 24, 25, 26, 27, 28, 29, 30]","[16, 32, 64, 128]","[5, 10, 15, 20]","[2, 3, 5, 7]","[2, 4, 8]",anneal,minimize,local
bkcda5s4,362,2820,1779243236095,,/home/meliani/nni-experiments/bkcda5s4,78,exp_anneal_80_mat_only_mat_only,hpo,/home/meliani/Desktop/phd/fast-track/search_space.json,python3 trial.py --data ./mat_only.csv,/home/meliani/Desktop/phd/fast-track,1,360000s,80,False,False,info,/home/meliani/nni-experiments,"['LSTM', 'GRU', 'CNN', 'RNN', 'TCN', 'Transformer', 'MLP']","[16, 32, 64, 128, 256]","[1, 2, 3, 4]","[0, 0.1, 0.2, 0.3, 0.5]","['relu', 'tanh', 'sigmoid', 'elu']","[1e-05, 0.01]","[2, 3, 4, 5, 6, 7, 8, 9, 10, 11, 12, 13, 14, 15, 16, 17, 18, 19, 20, 21, 22, 23, 24, 25, 26, 27, 28, 29, 30]","[16, 32, 64, 128]","[5, 10, 15, 20]","[2, 3, 5, 7]","[2, 4, 8]",anneal,minimize,local
bkcda5s4,363,2830,1779243236095,,/home/meliani/nni-experiments/bkcda5s4,78,exp_anneal_80_mat_only_mat_only,hpo,/home/meliani/Desktop/phd/fast-track/search_space.json,python3 trial.py --data ./mat_only.csv,/home/meliani/Desktop/phd/fast-track,1,360000s,80,False,False,info,/home/meliani/nni-experiments,"['LSTM', 'GRU', 'CNN', 'RNN', 'TCN', 'Transformer', 'MLP']","[16, 32, 64, 128, 256]","[1, 2, 3, 4]","[0, 0.1, 0.2, 0.3, 0.5]","['relu', 'tanh', 'sigmoid', 'elu']","[1e-05, 0.01]","[2, 3, 4, 5, 6, 7, 8, 9, 10, 11, 12, 13, 14, 15, 16, 17, 18, 19, 20, 21, 22, 23, 24, 25, 26, 27, 28, 29, 30]","[16, 32, 64, 128]","[5, 10, 15, 20]","[2, 3, 5, 7]","[2, 4, 8]",anneal,minimize,local
bkcda5s4,364,2838,1779243236095,,/home/meliani/nni-experiments/bkcda5s4,79,exp_anneal_80_mat_only_mat_only,hpo,/home/meliani/Desktop/phd/fast-track/search_space.json,python3 trial.py --data ./mat_only.csv,/home/meliani/Desktop/phd/fast-track,1,360000s,80,False,False,info,/home/meliani/nni-experiments,"['LSTM', 'GRU', 'CNN', 'RNN', 'TCN', 'Transformer', 'MLP']","[16, 32, 64, 128, 256]","[1, 2, 3, 4]","[0, 0.1, 0.2, 0.3, 0.5]","['relu', 'tanh', 'sigmoid', 'elu']","[1e-05, 0.01]","[2, 3, 4, 5, 6, 7, 8, 9, 10, 11, 12, 13, 14, 15, 16, 17, 18, 19, 20, 21, 22, 23, 24, 25, 26, 27, 28, 29, 30]","[16, 32, 64, 128]","[5, 10, 15, 20]","[2, 3, 5, 7]","[2, 4, 8]",anneal,minimize,local
bkcda5s4,365,2840,1779243236095,,/home/meliani/nni-experiments/bkcda5s4,79,exp_anneal_80_mat_only_mat_only,hpo,/home/meliani/Desktop/phd/fast-track/search_space.json,python3 trial.py --data ./mat_only.csv,/home/meliani/Desktop/phd/fast-track,1,360000s,80,False,False,info,/home/meliani/nni-experiments,"['LSTM', 'GRU', 'CNN', 'RNN', 'TCN', 'Transformer', 'MLP']","[16, 32, 64, 128, 256]","[1, 2, 3, 4]","[0, 0.1, 0.2, 0.3, 0.5]","['relu', 'tanh', 'sigmoid', 'elu']","[1e-05, 0.01]","[2, 3, 4, 5, 6, 7, 8, 9, 10, 11, 12, 13, 14, 15, 16, 17, 18, 19, 20, 21, 22, 23, 24, 25, 26, 27, 28, 29, 30]","[16, 32, 64, 128]","[5, 10, 15, 20]","[2, 3, 5, 7]","[2, 4, 8]",anneal,minimize,local
bkcda5s4,366,2850,1779243236095,,/home/meliani/nni-experiments/bkcda5s4,79,exp_anneal_80_mat_only_mat_only,hpo,/home/meliani/Desktop/phd/fast-track/search_space.json,python3 trial.py --data ./mat_only.csv,/home/meliani/Desktop/phd/fast-track,1,360000s,80,False,False,info,/home/meliani/nni-experiments,"['LSTM', 'GRU', 'CNN', 'RNN', 'TCN', 'Transformer', 'MLP']","[16, 32, 64, 128, 256]","[1, 2, 3, 4]","[0, 0.1, 0.2, 0.3, 0.5]","['relu', 'tanh', 'sigmoid', 'elu']","[1e-05, 0.01]","[2, 3, 4, 5, 6, 7, 8, 9, 10, 11, 12, 13, 14, 15, 16, 17, 18, 19, 20, 21, 22, 23, 24, 25, 26, 27, 28, 29, 30]","[16, 32, 64, 128]","[5, 10, 15, 20]","[2, 3, 5, 7]","[2, 4, 8]",anneal,minimize,local
bkcda5s4,367,2860,1779243236095,,/home/meliani/nni-experiments/bkcda5s4,79,exp_anneal_80_mat_only_mat_only,hpo,/home/meliani/Desktop/phd/fast-track/search_space.json,python3 trial.py --data ./mat_only.csv,/home/meliani/Desktop/phd/fast-track,1,360000s,80,False,False,info,/home/meliani/nni-experiments,"['LSTM', 'GRU', 'CNN', 'RNN', 'TCN', 'Transformer', 'MLP']","[16, 32, 64, 128, 256]","[1, 2, 3, 4]","[0, 0.1, 0.2, 0.3, 0.5]","['relu', 'tanh', 'sigmoid', 'elu']","[1e-05, 0.01]","[2, 3, 4, 5, 6, 7, 8, 9, 10, 11, 12, 13, 14, 15, 16, 17, 18, 19, 20, 21, 22, 23, 24, 25, 26, 27, 28, 29, 30]","[16, 32, 64, 128]","[5, 10, 15, 20]","[2, 3, 5, 7]","[2, 4, 8]",anneal,minimize,local
bkcda5s4,368,2870,1779243236095,,/home/meliani/nni-experiments/bkcda5s4,79,exp_anneal_80_mat_only_mat_only,hpo,/home/meliani/Desktop/phd/fast-track/search_space.json,python3 trial.py --data ./mat_only.csv,/home/meliani/Desktop/phd/fast-track,1,360000s,80,False,False,info,/home/meliani/nni-experiments,"['LSTM', 'GRU', 'CNN', 'RNN', 'TCN', 'Transformer', 'MLP']","[16, 32, 64, 128, 256]","[1, 2, 3, 4]","[0, 0.1, 0.2, 0.3, 0.5]","['relu', 'tanh', 'sigmoid', 'elu']","[1e-05, 0.01]","[2, 3, 4, 5, 6, 7, 8, 9, 10, 11, 12, 13, 14, 15, 16, 17, 18, 19, 20, 21, 22, 23, 24, 25, 26, 27, 28, 29, 30]","[16, 32, 64, 128]","[5, 10, 15, 20]","[2, 3, 5, 7]","[2, 4, 8]",anneal,minimize,local
bkcda5s4,369,2880,1779243236095,,/home/meliani/nni-experiments/bkcda5s4,79,exp_anneal_80_mat_only_mat_only,hpo,/home/meliani/Desktop/phd/fast-track/search_space.json,python3 trial.py --data ./mat_only.csv,/home/meliani/Desktop/phd/fast-track,1,360000s,80,False,False,info,/home/meliani/nni-experiments,"['LSTM', 'GRU', 'CNN', 'RNN', 'TCN', 'Transformer', 'MLP']","[16, 32, 64, 128, 256]","[1, 2, 3, 4]","[0, 0.1, 0.2, 0.3, 0.5]","['relu', 'tanh', 'sigmoid', 'elu']","[1e-05, 0.01]","[2, 3, 4, 5, 6, 7, 8, 9, 10, 11, 12, 13, 14, 15, 16, 17, 18, 19, 20, 21, 22, 23, 24, 25, 26, 27, 28, 29, 30]","[16, 32, 64, 128]","[5, 10, 15, 20]","[2, 3, 5, 7]","[2, 4, 8]",anneal,minimize,local
bkcda5s4,370,2887,1779243236095,,/home/meliani/nni-experiments/bkcda5s4,80,exp_anneal_80_mat_only_mat_only,hpo,/home/meliani/Desktop/phd/fast-track/search_space.json,python3 trial.py --data ./mat_only.csv,/home/meliani/Desktop/phd/fast-track,1,360000s,80,False,False,info,/home/meliani/nni-experiments,"['LSTM', 'GRU', 'CNN', 'RNN', 'TCN', 'Transformer', 'MLP']","[16, 32, 64, 128, 256]","[1, 2, 3, 4]","[0, 0.1, 0.2, 0.3, 0.5]","['relu', 'tanh', 'sigmoid', 'elu']","[1e-05, 0.01]","[2, 3, 4, 5, 6, 7, 8, 9, 10, 11, 12, 13, 14, 15, 16, 17, 18, 19, 20, 21, 22, 23, 24, 25, 26, 27, 28, 29, 30]","[16, 32, 64, 128]","[5, 10, 15, 20]","[2, 3, 5, 7]","[2, 4, 8]",anneal,minimize,local
bkcda5s4,371,2890,1779243236095,,/home/meliani/nni-experiments/bkcda5s4,80,exp_anneal_80_mat_only_mat_only,hpo,/home/meliani/Desktop/phd/fast-track/search_space.json,python3 trial.py --data ./mat_only.csv,/home/meliani/Desktop/phd/fast-track,1,360000s,80,False,False,info,/home/meliani/nni-experiments,"['LSTM', 'GRU', 'CNN', 'RNN', 'TCN', 'Transformer', 'MLP']","[16, 32, 64, 128, 256]","[1, 2, 3, 4]","[0, 0.1, 0.2, 0.3, 0.5]","['relu', 'tanh', 'sigmoid', 'elu']","[1e-05, 0.01]","[2, 3, 4, 5, 6, 7, 8, 9, 10, 11, 12, 13, 14, 15, 16, 17, 18, 19, 20, 21, 22, 23, 24, 25, 26, 27, 28, 29, 30]","[16, 32, 64, 128]","[5, 10, 15, 20]","[2, 3, 5, 7]","[2, 4, 8]",anneal,minimize,local
bkcda5s4,372,2897,1779243236095,1779246139565,/home/meliani/nni-experiments/bkcda5s4,80,exp_anneal_80_mat_only_mat_only,hpo,/home/meliani/Desktop/phd/fast-track/search_space.json,python3 trial.py --data ./mat_only.csv,/home/meliani/Desktop/phd/fast-track,1,360000s,80,False,False,info,/home/meliani/nni-experiments,"['LSTM', 'GRU', 'CNN', 'RNN', 'TCN', 'Transformer', 'MLP']","[16, 32, 64, 128, 256]","[1, 2, 3, 4]","[0, 0.1, 0.2, 0.3, 0.5]","['relu', 'tanh', 'sigmoid', 'elu']","[1e-05, 0.01]","[2, 3, 4, 5, 6, 7, 8, 9, 10, 11, 12, 13, 14, 15, 16, 17, 18, 19, 20, 21, 22, 23, 24, 25, 26, 27, 28, 29, 30]","[16, 32, 64, 128]","[5, 10, 15, 20]","[2, 3, 5, 7]","[2, 4, 8]",anneal,minimize,local
