experiment_id,trial_id,status,start_time,end_time,working_directory,exit_code,experiment_name,experiment_type,search_space_file,trial_command,trial_code_directory,trial_concurrency,max_duration,max_trials,use_annotation,debug_mode,log_level,exp_working_dir,model_types,unit_values,layer_counts,dropout_rates,activations,learning_rate_range,window_sizes,batch_sizes,epoch_options,kernel_sizes,attention_heads,tuner_name,optimize_mode,training_platform
e4dqx01r,1,0,1779186555215,,/home/meliani/nni-experiments/e4dqx01r,0,exp_tpe_1800s_ali_only_ali_only,hpo,/home/meliani/Desktop/phd/fast-track/search_space.json,python3 trial.py --data ./ali_only.csv,/home/meliani/Desktop/phd/fast-track,1,1800s,100000000,False,False,info,/home/meliani/nni-experiments,"['LSTM', 'GRU', 'CNN', 'RNN', 'TCN', 'Transformer', 'MLP']","[16, 32, 64, 128, 256]","[1, 2, 3, 4]","[0, 0.1, 0.2, 0.3, 0.5]","['relu', 'tanh', 'sigmoid', 'elu']","[1e-05, 0.01]","[2, 3, 4, 5, 6, 7, 8, 9, 10, 11, 12, 13, 14, 15, 16, 17, 18, 19, 20, 21, 22, 23, 24, 25, 26, 27, 28, 29, 30]","[16, 32, 64, 128]","[5, 10, 15, 20]","[2, 3, 5, 7]","[2, 4, 8]",tpe,minimize,local
e4dqx01r,2,0,1779186555215,,/home/meliani/nni-experiments/e4dqx01r,0,exp_tpe_1800s_ali_only_ali_only,hpo,/home/meliani/Desktop/phd/fast-track/search_space.json,python3 trial.py --data ./ali_only.csv,/home/meliani/Desktop/phd/fast-track,1,1800s,100000000,False,False,info,/home/meliani/nni-experiments,"['LSTM', 'GRU', 'CNN', 'RNN', 'TCN', 'Transformer', 'MLP']","[16, 32, 64, 128, 256]","[1, 2, 3, 4]","[0, 0.1, 0.2, 0.3, 0.5]","['relu', 'tanh', 'sigmoid', 'elu']","[1e-05, 0.01]","[2, 3, 4, 5, 6, 7, 8, 9, 10, 11, 12, 13, 14, 15, 16, 17, 18, 19, 20, 21, 22, 23, 24, 25, 26, 27, 28, 29, 30]","[16, 32, 64, 128]","[5, 10, 15, 20]","[2, 3, 5, 7]","[2, 4, 8]",tpe,minimize,local
e4dqx01r,3,0,1779186555215,,/home/meliani/nni-experiments/e4dqx01r,1,exp_tpe_1800s_ali_only_ali_only,hpo,/home/meliani/Desktop/phd/fast-track/search_space.json,python3 trial.py --data ./ali_only.csv,/home/meliani/Desktop/phd/fast-track,1,1800s,100000000,False,False,info,/home/meliani/nni-experiments,"['LSTM', 'GRU', 'CNN', 'RNN', 'TCN', 'Transformer', 'MLP']","[16, 32, 64, 128, 256]","[1, 2, 3, 4]","[0, 0.1, 0.2, 0.3, 0.5]","['relu', 'tanh', 'sigmoid', 'elu']","[1e-05, 0.01]","[2, 3, 4, 5, 6, 7, 8, 9, 10, 11, 12, 13, 14, 15, 16, 17, 18, 19, 20, 21, 22, 23, 24, 25, 26, 27, 28, 29, 30]","[16, 32, 64, 128]","[5, 10, 15, 20]","[2, 3, 5, 7]","[2, 4, 8]",tpe,minimize,local
e4dqx01r,4,10,1779186555215,,/home/meliani/nni-experiments/e4dqx01r,1,exp_tpe_1800s_ali_only_ali_only,hpo,/home/meliani/Desktop/phd/fast-track/search_space.json,python3 trial.py --data ./ali_only.csv,/home/meliani/Desktop/phd/fast-track,1,1800s,100000000,False,False,info,/home/meliani/nni-experiments,"['LSTM', 'GRU', 'CNN', 'RNN', 'TCN', 'Transformer', 'MLP']","[16, 32, 64, 128, 256]","[1, 2, 3, 4]","[0, 0.1, 0.2, 0.3, 0.5]","['relu', 'tanh', 'sigmoid', 'elu']","[1e-05, 0.01]","[2, 3, 4, 5, 6, 7, 8, 9, 10, 11, 12, 13, 14, 15, 16, 17, 18, 19, 20, 21, 22, 23, 24, 25, 26, 27, 28, 29, 30]","[16, 32, 64, 128]","[5, 10, 15, 20]","[2, 3, 5, 7]","[2, 4, 8]",tpe,minimize,local
e4dqx01r,5,20,1779186555215,,/home/meliani/nni-experiments/e4dqx01r,1,exp_tpe_1800s_ali_only_ali_only,hpo,/home/meliani/Desktop/phd/fast-track/search_space.json,python3 trial.py --data ./ali_only.csv,/home/meliani/Desktop/phd/fast-track,1,1800s,100000000,False,False,info,/home/meliani/nni-experiments,"['LSTM', 'GRU', 'CNN', 'RNN', 'TCN', 'Transformer', 'MLP']","[16, 32, 64, 128, 256]","[1, 2, 3, 4]","[0, 0.1, 0.2, 0.3, 0.5]","['relu', 'tanh', 'sigmoid', 'elu']","[1e-05, 0.01]","[2, 3, 4, 5, 6, 7, 8, 9, 10, 11, 12, 13, 14, 15, 16, 17, 18, 19, 20, 21, 22, 23, 24, 25, 26, 27, 28, 29, 30]","[16, 32, 64, 128]","[5, 10, 15, 20]","[2, 3, 5, 7]","[2, 4, 8]",tpe,minimize,local
e4dqx01r,6,30,1779186555215,,/home/meliani/nni-experiments/e4dqx01r,1,exp_tpe_1800s_ali_only_ali_only,hpo,/home/meliani/Desktop/phd/fast-track/search_space.json,python3 trial.py --data ./ali_only.csv,/home/meliani/Desktop/phd/fast-track,1,1800s,100000000,False,False,info,/home/meliani/nni-experiments,"['LSTM', 'GRU', 'CNN', 'RNN', 'TCN', 'Transformer', 'MLP']","[16, 32, 64, 128, 256]","[1, 2, 3, 4]","[0, 0.1, 0.2, 0.3, 0.5]","['relu', 'tanh', 'sigmoid', 'elu']","[1e-05, 0.01]","[2, 3, 4, 5, 6, 7, 8, 9, 10, 11, 12, 13, 14, 15, 16, 17, 18, 19, 20, 21, 22, 23, 24, 25, 26, 27, 28, 29, 30]","[16, 32, 64, 128]","[5, 10, 15, 20]","[2, 3, 5, 7]","[2, 4, 8]",tpe,minimize,local
e4dqx01r,7,40,1779186555215,,/home/meliani/nni-experiments/e4dqx01r,1,exp_tpe_1800s_ali_only_ali_only,hpo,/home/meliani/Desktop/phd/fast-track/search_space.json,python3 trial.py --data ./ali_only.csv,/home/meliani/Desktop/phd/fast-track,1,1800s,100000000,False,False,info,/home/meliani/nni-experiments,"['LSTM', 'GRU', 'CNN', 'RNN', 'TCN', 'Transformer', 'MLP']","[16, 32, 64, 128, 256]","[1, 2, 3, 4]","[0, 0.1, 0.2, 0.3, 0.5]","['relu', 'tanh', 'sigmoid', 'elu']","[1e-05, 0.01]","[2, 3, 4, 5, 6, 7, 8, 9, 10, 11, 12, 13, 14, 15, 16, 17, 18, 19, 20, 21, 22, 23, 24, 25, 26, 27, 28, 29, 30]","[16, 32, 64, 128]","[5, 10, 15, 20]","[2, 3, 5, 7]","[2, 4, 8]",tpe,minimize,local
e4dqx01r,8,50,1779186555215,,/home/meliani/nni-experiments/e4dqx01r,1,exp_tpe_1800s_ali_only_ali_only,hpo,/home/meliani/Desktop/phd/fast-track/search_space.json,python3 trial.py --data ./ali_only.csv,/home/meliani/Desktop/phd/fast-track,1,1800s,100000000,False,False,info,/home/meliani/nni-experiments,"['LSTM', 'GRU', 'CNN', 'RNN', 'TCN', 'Transformer', 'MLP']","[16, 32, 64, 128, 256]","[1, 2, 3, 4]","[0, 0.1, 0.2, 0.3, 0.5]","['relu', 'tanh', 'sigmoid', 'elu']","[1e-05, 0.01]","[2, 3, 4, 5, 6, 7, 8, 9, 10, 11, 12, 13, 14, 15, 16, 17, 18, 19, 20, 21, 22, 23, 24, 25, 26, 27, 28, 29, 30]","[16, 32, 64, 128]","[5, 10, 15, 20]","[2, 3, 5, 7]","[2, 4, 8]",tpe,minimize,local
e4dqx01r,9,60,1779186555215,,/home/meliani/nni-experiments/e4dqx01r,1,exp_tpe_1800s_ali_only_ali_only,hpo,/home/meliani/Desktop/phd/fast-track/search_space.json,python3 trial.py --data ./ali_only.csv,/home/meliani/Desktop/phd/fast-track,1,1800s,100000000,False,False,info,/home/meliani/nni-experiments,"['LSTM', 'GRU', 'CNN', 'RNN', 'TCN', 'Transformer', 'MLP']","[16, 32, 64, 128, 256]","[1, 2, 3, 4]","[0, 0.1, 0.2, 0.3, 0.5]","['relu', 'tanh', 'sigmoid', 'elu']","[1e-05, 0.01]","[2, 3, 4, 5, 6, 7, 8, 9, 10, 11, 12, 13, 14, 15, 16, 17, 18, 19, 20, 21, 22, 23, 24, 25, 26, 27, 28, 29, 30]","[16, 32, 64, 128]","[5, 10, 15, 20]","[2, 3, 5, 7]","[2, 4, 8]",tpe,minimize,local
e4dqx01r,10,70,1779186555215,,/home/meliani/nni-experiments/e4dqx01r,1,exp_tpe_1800s_ali_only_ali_only,hpo,/home/meliani/Desktop/phd/fast-track/search_space.json,python3 trial.py --data ./ali_only.csv,/home/meliani/Desktop/phd/fast-track,1,1800s,100000000,False,False,info,/home/meliani/nni-experiments,"['LSTM', 'GRU', 'CNN', 'RNN', 'TCN', 'Transformer', 'MLP']","[16, 32, 64, 128, 256]","[1, 2, 3, 4]","[0, 0.1, 0.2, 0.3, 0.5]","['relu', 'tanh', 'sigmoid', 'elu']","[1e-05, 0.01]","[2, 3, 4, 5, 6, 7, 8, 9, 10, 11, 12, 13, 14, 15, 16, 17, 18, 19, 20, 21, 22, 23, 24, 25, 26, 27, 28, 29, 30]","[16, 32, 64, 128]","[5, 10, 15, 20]","[2, 3, 5, 7]","[2, 4, 8]",tpe,minimize,local
e4dqx01r,11,74,1779186555215,,/home/meliani/nni-experiments/e4dqx01r,2,exp_tpe_1800s_ali_only_ali_only,hpo,/home/meliani/Desktop/phd/fast-track/search_space.json,python3 trial.py --data ./ali_only.csv,/home/meliani/Desktop/phd/fast-track,1,1800s,100000000,False,False,info,/home/meliani/nni-experiments,"['LSTM', 'GRU', 'CNN', 'RNN', 'TCN', 'Transformer', 'MLP']","[16, 32, 64, 128, 256]","[1, 2, 3, 4]","[0, 0.1, 0.2, 0.3, 0.5]","['relu', 'tanh', 'sigmoid', 'elu']","[1e-05, 0.01]","[2, 3, 4, 5, 6, 7, 8, 9, 10, 11, 12, 13, 14, 15, 16, 17, 18, 19, 20, 21, 22, 23, 24, 25, 26, 27, 28, 29, 30]","[16, 32, 64, 128]","[5, 10, 15, 20]","[2, 3, 5, 7]","[2, 4, 8]",tpe,minimize,local
e4dqx01r,12,80,1779186555215,,/home/meliani/nni-experiments/e4dqx01r,2,exp_tpe_1800s_ali_only_ali_only,hpo,/home/meliani/Desktop/phd/fast-track/search_space.json,python3 trial.py --data ./ali_only.csv,/home/meliani/Desktop/phd/fast-track,1,1800s,100000000,False,False,info,/home/meliani/nni-experiments,"['LSTM', 'GRU', 'CNN', 'RNN', 'TCN', 'Transformer', 'MLP']","[16, 32, 64, 128, 256]","[1, 2, 3, 4]","[0, 0.1, 0.2, 0.3, 0.5]","['relu', 'tanh', 'sigmoid', 'elu']","[1e-05, 0.01]","[2, 3, 4, 5, 6, 7, 8, 9, 10, 11, 12, 13, 14, 15, 16, 17, 18, 19, 20, 21, 22, 23, 24, 25, 26, 27, 28, 29, 30]","[16, 32, 64, 128]","[5, 10, 15, 20]","[2, 3, 5, 7]","[2, 4, 8]",tpe,minimize,local
e4dqx01r,13,87,1779186555215,,/home/meliani/nni-experiments/e4dqx01r,3,exp_tpe_1800s_ali_only_ali_only,hpo,/home/meliani/Desktop/phd/fast-track/search_space.json,python3 trial.py --data ./ali_only.csv,/home/meliani/Desktop/phd/fast-track,1,1800s,100000000,False,False,info,/home/meliani/nni-experiments,"['LSTM', 'GRU', 'CNN', 'RNN', 'TCN', 'Transformer', 'MLP']","[16, 32, 64, 128, 256]","[1, 2, 3, 4]","[0, 0.1, 0.2, 0.3, 0.5]","['relu', 'tanh', 'sigmoid', 'elu']","[1e-05, 0.01]","[2, 3, 4, 5, 6, 7, 8, 9, 10, 11, 12, 13, 14, 15, 16, 17, 18, 19, 20, 21, 22, 23, 24, 25, 26, 27, 28, 29, 30]","[16, 32, 64, 128]","[5, 10, 15, 20]","[2, 3, 5, 7]","[2, 4, 8]",tpe,minimize,local
e4dqx01r,14,90,1779186555215,,/home/meliani/nni-experiments/e4dqx01r,3,exp_tpe_1800s_ali_only_ali_only,hpo,/home/meliani/Desktop/phd/fast-track/search_space.json,python3 trial.py --data ./ali_only.csv,/home/meliani/Desktop/phd/fast-track,1,1800s,100000000,False,False,info,/home/meliani/nni-experiments,"['LSTM', 'GRU', 'CNN', 'RNN', 'TCN', 'Transformer', 'MLP']","[16, 32, 64, 128, 256]","[1, 2, 3, 4]","[0, 0.1, 0.2, 0.3, 0.5]","['relu', 'tanh', 'sigmoid', 'elu']","[1e-05, 0.01]","[2, 3, 4, 5, 6, 7, 8, 9, 10, 11, 12, 13, 14, 15, 16, 17, 18, 19, 20, 21, 22, 23, 24, 25, 26, 27, 28, 29, 30]","[16, 32, 64, 128]","[5, 10, 15, 20]","[2, 3, 5, 7]","[2, 4, 8]",tpe,minimize,local
e4dqx01r,15,95,1779186555215,,/home/meliani/nni-experiments/e4dqx01r,4,exp_tpe_1800s_ali_only_ali_only,hpo,/home/meliani/Desktop/phd/fast-track/search_space.json,python3 trial.py --data ./ali_only.csv,/home/meliani/Desktop/phd/fast-track,1,1800s,100000000,False,False,info,/home/meliani/nni-experiments,"['LSTM', 'GRU', 'CNN', 'RNN', 'TCN', 'Transformer', 'MLP']","[16, 32, 64, 128, 256]","[1, 2, 3, 4]","[0, 0.1, 0.2, 0.3, 0.5]","['relu', 'tanh', 'sigmoid', 'elu']","[1e-05, 0.01]","[2, 3, 4, 5, 6, 7, 8, 9, 10, 11, 12, 13, 14, 15, 16, 17, 18, 19, 20, 21, 22, 23, 24, 25, 26, 27, 28, 29, 30]","[16, 32, 64, 128]","[5, 10, 15, 20]","[2, 3, 5, 7]","[2, 4, 8]",tpe,minimize,local
e4dqx01r,16,100,1779186555215,,/home/meliani/nni-experiments/e4dqx01r,4,exp_tpe_1800s_ali_only_ali_only,hpo,/home/meliani/Desktop/phd/fast-track/search_space.json,python3 trial.py --data ./ali_only.csv,/home/meliani/Desktop/phd/fast-track,1,1800s,100000000,False,False,info,/home/meliani/nni-experiments,"['LSTM', 'GRU', 'CNN', 'RNN', 'TCN', 'Transformer', 'MLP']","[16, 32, 64, 128, 256]","[1, 2, 3, 4]","[0, 0.1, 0.2, 0.3, 0.5]","['relu', 'tanh', 'sigmoid', 'elu']","[1e-05, 0.01]","[2, 3, 4, 5, 6, 7, 8, 9, 10, 11, 12, 13, 14, 15, 16, 17, 18, 19, 20, 21, 22, 23, 24, 25, 26, 27, 28, 29, 30]","[16, 32, 64, 128]","[5, 10, 15, 20]","[2, 3, 5, 7]","[2, 4, 8]",tpe,minimize,local
e4dqx01r,17,102,1779186555215,,/home/meliani/nni-experiments/e4dqx01r,5,exp_tpe_1800s_ali_only_ali_only,hpo,/home/meliani/Desktop/phd/fast-track/search_space.json,python3 trial.py --data ./ali_only.csv,/home/meliani/Desktop/phd/fast-track,1,1800s,100000000,False,False,info,/home/meliani/nni-experiments,"['LSTM', 'GRU', 'CNN', 'RNN', 'TCN', 'Transformer', 'MLP']","[16, 32, 64, 128, 256]","[1, 2, 3, 4]","[0, 0.1, 0.2, 0.3, 0.5]","['relu', 'tanh', 'sigmoid', 'elu']","[1e-05, 0.01]","[2, 3, 4, 5, 6, 7, 8, 9, 10, 11, 12, 13, 14, 15, 16, 17, 18, 19, 20, 21, 22, 23, 24, 25, 26, 27, 28, 29, 30]","[16, 32, 64, 128]","[5, 10, 15, 20]","[2, 3, 5, 7]","[2, 4, 8]",tpe,minimize,local
e4dqx01r,18,110,1779186555215,,/home/meliani/nni-experiments/e4dqx01r,5,exp_tpe_1800s_ali_only_ali_only,hpo,/home/meliani/Desktop/phd/fast-track/search_space.json,python3 trial.py --data ./ali_only.csv,/home/meliani/Desktop/phd/fast-track,1,1800s,100000000,False,False,info,/home/meliani/nni-experiments,"['LSTM', 'GRU', 'CNN', 'RNN', 'TCN', 'Transformer', 'MLP']","[16, 32, 64, 128, 256]","[1, 2, 3, 4]","[0, 0.1, 0.2, 0.3, 0.5]","['relu', 'tanh', 'sigmoid', 'elu']","[1e-05, 0.01]","[2, 3, 4, 5, 6, 7, 8, 9, 10, 11, 12, 13, 14, 15, 16, 17, 18, 19, 20, 21, 22, 23, 24, 25, 26, 27, 28, 29, 30]","[16, 32, 64, 128]","[5, 10, 15, 20]","[2, 3, 5, 7]","[2, 4, 8]",tpe,minimize,local
e4dqx01r,19,120,1779186555215,,/home/meliani/nni-experiments/e4dqx01r,5,exp_tpe_1800s_ali_only_ali_only,hpo,/home/meliani/Desktop/phd/fast-track/search_space.json,python3 trial.py --data ./ali_only.csv,/home/meliani/Desktop/phd/fast-track,1,1800s,100000000,False,False,info,/home/meliani/nni-experiments,"['LSTM', 'GRU', 'CNN', 'RNN', 'TCN', 'Transformer', 'MLP']","[16, 32, 64, 128, 256]","[1, 2, 3, 4]","[0, 0.1, 0.2, 0.3, 0.5]","['relu', 'tanh', 'sigmoid', 'elu']","[1e-05, 0.01]","[2, 3, 4, 5, 6, 7, 8, 9, 10, 11, 12, 13, 14, 15, 16, 17, 18, 19, 20, 21, 22, 23, 24, 25, 26, 27, 28, 29, 30]","[16, 32, 64, 128]","[5, 10, 15, 20]","[2, 3, 5, 7]","[2, 4, 8]",tpe,minimize,local
e4dqx01r,20,121,1779186555215,,/home/meliani/nni-experiments/e4dqx01r,6,exp_tpe_1800s_ali_only_ali_only,hpo,/home/meliani/Desktop/phd/fast-track/search_space.json,python3 trial.py --data ./ali_only.csv,/home/meliani/Desktop/phd/fast-track,1,1800s,100000000,False,False,info,/home/meliani/nni-experiments,"['LSTM', 'GRU', 'CNN', 'RNN', 'TCN', 'Transformer', 'MLP']","[16, 32, 64, 128, 256]","[1, 2, 3, 4]","[0, 0.1, 0.2, 0.3, 0.5]","['relu', 'tanh', 'sigmoid', 'elu']","[1e-05, 0.01]","[2, 3, 4, 5, 6, 7, 8, 9, 10, 11, 12, 13, 14, 15, 16, 17, 18, 19, 20, 21, 22, 23, 24, 25, 26, 27, 28, 29, 30]","[16, 32, 64, 128]","[5, 10, 15, 20]","[2, 3, 5, 7]","[2, 4, 8]",tpe,minimize,local
e4dqx01r,21,130,1779186555215,,/home/meliani/nni-experiments/e4dqx01r,6,exp_tpe_1800s_ali_only_ali_only,hpo,/home/meliani/Desktop/phd/fast-track/search_space.json,python3 trial.py --data ./ali_only.csv,/home/meliani/Desktop/phd/fast-track,1,1800s,100000000,False,False,info,/home/meliani/nni-experiments,"['LSTM', 'GRU', 'CNN', 'RNN', 'TCN', 'Transformer', 'MLP']","[16, 32, 64, 128, 256]","[1, 2, 3, 4]","[0, 0.1, 0.2, 0.3, 0.5]","['relu', 'tanh', 'sigmoid', 'elu']","[1e-05, 0.01]","[2, 3, 4, 5, 6, 7, 8, 9, 10, 11, 12, 13, 14, 15, 16, 17, 18, 19, 20, 21, 22, 23, 24, 25, 26, 27, 28, 29, 30]","[16, 32, 64, 128]","[5, 10, 15, 20]","[2, 3, 5, 7]","[2, 4, 8]",tpe,minimize,local
e4dqx01r,22,140,1779186555215,,/home/meliani/nni-experiments/e4dqx01r,6,exp_tpe_1800s_ali_only_ali_only,hpo,/home/meliani/Desktop/phd/fast-track/search_space.json,python3 trial.py --data ./ali_only.csv,/home/meliani/Desktop/phd/fast-track,1,1800s,100000000,False,False,info,/home/meliani/nni-experiments,"['LSTM', 'GRU', 'CNN', 'RNN', 'TCN', 'Transformer', 'MLP']","[16, 32, 64, 128, 256]","[1, 2, 3, 4]","[0, 0.1, 0.2, 0.3, 0.5]","['relu', 'tanh', 'sigmoid', 'elu']","[1e-05, 0.01]","[2, 3, 4, 5, 6, 7, 8, 9, 10, 11, 12, 13, 14, 15, 16, 17, 18, 19, 20, 21, 22, 23, 24, 25, 26, 27, 28, 29, 30]","[16, 32, 64, 128]","[5, 10, 15, 20]","[2, 3, 5, 7]","[2, 4, 8]",tpe,minimize,local
e4dqx01r,23,150,1779186555215,,/home/meliani/nni-experiments/e4dqx01r,6,exp_tpe_1800s_ali_only_ali_only,hpo,/home/meliani/Desktop/phd/fast-track/search_space.json,python3 trial.py --data ./ali_only.csv,/home/meliani/Desktop/phd/fast-track,1,1800s,100000000,False,False,info,/home/meliani/nni-experiments,"['LSTM', 'GRU', 'CNN', 'RNN', 'TCN', 'Transformer', 'MLP']","[16, 32, 64, 128, 256]","[1, 2, 3, 4]","[0, 0.1, 0.2, 0.3, 0.5]","['relu', 'tanh', 'sigmoid', 'elu']","[1e-05, 0.01]","[2, 3, 4, 5, 6, 7, 8, 9, 10, 11, 12, 13, 14, 15, 16, 17, 18, 19, 20, 21, 22, 23, 24, 25, 26, 27, 28, 29, 30]","[16, 32, 64, 128]","[5, 10, 15, 20]","[2, 3, 5, 7]","[2, 4, 8]",tpe,minimize,local
e4dqx01r,24,160,1779186555215,,/home/meliani/nni-experiments/e4dqx01r,6,exp_tpe_1800s_ali_only_ali_only,hpo,/home/meliani/Desktop/phd/fast-track/search_space.json,python3 trial.py --data ./ali_only.csv,/home/meliani/Desktop/phd/fast-track,1,1800s,100000000,False,False,info,/home/meliani/nni-experiments,"['LSTM', 'GRU', 'CNN', 'RNN', 'TCN', 'Transformer', 'MLP']","[16, 32, 64, 128, 256]","[1, 2, 3, 4]","[0, 0.1, 0.2, 0.3, 0.5]","['relu', 'tanh', 'sigmoid', 'elu']","[1e-05, 0.01]","[2, 3, 4, 5, 6, 7, 8, 9, 10, 11, 12, 13, 14, 15, 16, 17, 18, 19, 20, 21, 22, 23, 24, 25, 26, 27, 28, 29, 30]","[16, 32, 64, 128]","[5, 10, 15, 20]","[2, 3, 5, 7]","[2, 4, 8]",tpe,minimize,local
e4dqx01r,25,170,1779186555215,,/home/meliani/nni-experiments/e4dqx01r,6,exp_tpe_1800s_ali_only_ali_only,hpo,/home/meliani/Desktop/phd/fast-track/search_space.json,python3 trial.py --data ./ali_only.csv,/home/meliani/Desktop/phd/fast-track,1,1800s,100000000,False,False,info,/home/meliani/nni-experiments,"['LSTM', 'GRU', 'CNN', 'RNN', 'TCN', 'Transformer', 'MLP']","[16, 32, 64, 128, 256]","[1, 2, 3, 4]","[0, 0.1, 0.2, 0.3, 0.5]","['relu', 'tanh', 'sigmoid', 'elu']","[1e-05, 0.01]","[2, 3, 4, 5, 6, 7, 8, 9, 10, 11, 12, 13, 14, 15, 16, 17, 18, 19, 20, 21, 22, 23, 24, 25, 26, 27, 28, 29, 30]","[16, 32, 64, 128]","[5, 10, 15, 20]","[2, 3, 5, 7]","[2, 4, 8]",tpe,minimize,local
e4dqx01r,26,180,1779186555215,,/home/meliani/nni-experiments/e4dqx01r,6,exp_tpe_1800s_ali_only_ali_only,hpo,/home/meliani/Desktop/phd/fast-track/search_space.json,python3 trial.py --data ./ali_only.csv,/home/meliani/Desktop/phd/fast-track,1,1800s,100000000,False,False,info,/home/meliani/nni-experiments,"['LSTM', 'GRU', 'CNN', 'RNN', 'TCN', 'Transformer', 'MLP']","[16, 32, 64, 128, 256]","[1, 2, 3, 4]","[0, 0.1, 0.2, 0.3, 0.5]","['relu', 'tanh', 'sigmoid', 'elu']","[1e-05, 0.01]","[2, 3, 4, 5, 6, 7, 8, 9, 10, 11, 12, 13, 14, 15, 16, 17, 18, 19, 20, 21, 22, 23, 24, 25, 26, 27, 28, 29, 30]","[16, 32, 64, 128]","[5, 10, 15, 20]","[2, 3, 5, 7]","[2, 4, 8]",tpe,minimize,local
e4dqx01r,27,190,1779186555215,,/home/meliani/nni-experiments/e4dqx01r,6,exp_tpe_1800s_ali_only_ali_only,hpo,/home/meliani/Desktop/phd/fast-track/search_space.json,python3 trial.py --data ./ali_only.csv,/home/meliani/Desktop/phd/fast-track,1,1800s,100000000,False,False,info,/home/meliani/nni-experiments,"['LSTM', 'GRU', 'CNN', 'RNN', 'TCN', 'Transformer', 'MLP']","[16, 32, 64, 128, 256]","[1, 2, 3, 4]","[0, 0.1, 0.2, 0.3, 0.5]","['relu', 'tanh', 'sigmoid', 'elu']","[1e-05, 0.01]","[2, 3, 4, 5, 6, 7, 8, 9, 10, 11, 12, 13, 14, 15, 16, 17, 18, 19, 20, 21, 22, 23, 24, 25, 26, 27, 28, 29, 30]","[16, 32, 64, 128]","[5, 10, 15, 20]","[2, 3, 5, 7]","[2, 4, 8]",tpe,minimize,local
e4dqx01r,28,200,1779186555215,,/home/meliani/nni-experiments/e4dqx01r,6,exp_tpe_1800s_ali_only_ali_only,hpo,/home/meliani/Desktop/phd/fast-track/search_space.json,python3 trial.py --data ./ali_only.csv,/home/meliani/Desktop/phd/fast-track,1,1800s,100000000,False,False,info,/home/meliani/nni-experiments,"['LSTM', 'GRU', 'CNN', 'RNN', 'TCN', 'Transformer', 'MLP']","[16, 32, 64, 128, 256]","[1, 2, 3, 4]","[0, 0.1, 0.2, 0.3, 0.5]","['relu', 'tanh', 'sigmoid', 'elu']","[1e-05, 0.01]","[2, 3, 4, 5, 6, 7, 8, 9, 10, 11, 12, 13, 14, 15, 16, 17, 18, 19, 20, 21, 22, 23, 24, 25, 26, 27, 28, 29, 30]","[16, 32, 64, 128]","[5, 10, 15, 20]","[2, 3, 5, 7]","[2, 4, 8]",tpe,minimize,local
e4dqx01r,29,210,1779186555215,,/home/meliani/nni-experiments/e4dqx01r,6,exp_tpe_1800s_ali_only_ali_only,hpo,/home/meliani/Desktop/phd/fast-track/search_space.json,python3 trial.py --data ./ali_only.csv,/home/meliani/Desktop/phd/fast-track,1,1800s,100000000,False,False,info,/home/meliani/nni-experiments,"['LSTM', 'GRU', 'CNN', 'RNN', 'TCN', 'Transformer', 'MLP']","[16, 32, 64, 128, 256]","[1, 2, 3, 4]","[0, 0.1, 0.2, 0.3, 0.5]","['relu', 'tanh', 'sigmoid', 'elu']","[1e-05, 0.01]","[2, 3, 4, 5, 6, 7, 8, 9, 10, 11, 12, 13, 14, 15, 16, 17, 18, 19, 20, 21, 22, 23, 24, 25, 26, 27, 28, 29, 30]","[16, 32, 64, 128]","[5, 10, 15, 20]","[2, 3, 5, 7]","[2, 4, 8]",tpe,minimize,local
e4dqx01r,30,220,1779186555215,,/home/meliani/nni-experiments/e4dqx01r,6,exp_tpe_1800s_ali_only_ali_only,hpo,/home/meliani/Desktop/phd/fast-track/search_space.json,python3 trial.py --data ./ali_only.csv,/home/meliani/Desktop/phd/fast-track,1,1800s,100000000,False,False,info,/home/meliani/nni-experiments,"['LSTM', 'GRU', 'CNN', 'RNN', 'TCN', 'Transformer', 'MLP']","[16, 32, 64, 128, 256]","[1, 2, 3, 4]","[0, 0.1, 0.2, 0.3, 0.5]","['relu', 'tanh', 'sigmoid', 'elu']","[1e-05, 0.01]","[2, 3, 4, 5, 6, 7, 8, 9, 10, 11, 12, 13, 14, 15, 16, 17, 18, 19, 20, 21, 22, 23, 24, 25, 26, 27, 28, 29, 30]","[16, 32, 64, 128]","[5, 10, 15, 20]","[2, 3, 5, 7]","[2, 4, 8]",tpe,minimize,local
e4dqx01r,31,230,1779186555215,,/home/meliani/nni-experiments/e4dqx01r,6,exp_tpe_1800s_ali_only_ali_only,hpo,/home/meliani/Desktop/phd/fast-track/search_space.json,python3 trial.py --data ./ali_only.csv,/home/meliani/Desktop/phd/fast-track,1,1800s,100000000,False,False,info,/home/meliani/nni-experiments,"['LSTM', 'GRU', 'CNN', 'RNN', 'TCN', 'Transformer', 'MLP']","[16, 32, 64, 128, 256]","[1, 2, 3, 4]","[0, 0.1, 0.2, 0.3, 0.5]","['relu', 'tanh', 'sigmoid', 'elu']","[1e-05, 0.01]","[2, 3, 4, 5, 6, 7, 8, 9, 10, 11, 12, 13, 14, 15, 16, 17, 18, 19, 20, 21, 22, 23, 24, 25, 26, 27, 28, 29, 30]","[16, 32, 64, 128]","[5, 10, 15, 20]","[2, 3, 5, 7]","[2, 4, 8]",tpe,minimize,local
e4dqx01r,32,240,1779186555215,,/home/meliani/nni-experiments/e4dqx01r,6,exp_tpe_1800s_ali_only_ali_only,hpo,/home/meliani/Desktop/phd/fast-track/search_space.json,python3 trial.py --data ./ali_only.csv,/home/meliani/Desktop/phd/fast-track,1,1800s,100000000,False,False,info,/home/meliani/nni-experiments,"['LSTM', 'GRU', 'CNN', 'RNN', 'TCN', 'Transformer', 'MLP']","[16, 32, 64, 128, 256]","[1, 2, 3, 4]","[0, 0.1, 0.2, 0.3, 0.5]","['relu', 'tanh', 'sigmoid', 'elu']","[1e-05, 0.01]","[2, 3, 4, 5, 6, 7, 8, 9, 10, 11, 12, 13, 14, 15, 16, 17, 18, 19, 20, 21, 22, 23, 24, 25, 26, 27, 28, 29, 30]","[16, 32, 64, 128]","[5, 10, 15, 20]","[2, 3, 5, 7]","[2, 4, 8]",tpe,minimize,local
e4dqx01r,33,250,1779186555215,,/home/meliani/nni-experiments/e4dqx01r,6,exp_tpe_1800s_ali_only_ali_only,hpo,/home/meliani/Desktop/phd/fast-track/search_space.json,python3 trial.py --data ./ali_only.csv,/home/meliani/Desktop/phd/fast-track,1,1800s,100000000,False,False,info,/home/meliani/nni-experiments,"['LSTM', 'GRU', 'CNN', 'RNN', 'TCN', 'Transformer', 'MLP']","[16, 32, 64, 128, 256]","[1, 2, 3, 4]","[0, 0.1, 0.2, 0.3, 0.5]","['relu', 'tanh', 'sigmoid', 'elu']","[1e-05, 0.01]","[2, 3, 4, 5, 6, 7, 8, 9, 10, 11, 12, 13, 14, 15, 16, 17, 18, 19, 20, 21, 22, 23, 24, 25, 26, 27, 28, 29, 30]","[16, 32, 64, 128]","[5, 10, 15, 20]","[2, 3, 5, 7]","[2, 4, 8]",tpe,minimize,local
e4dqx01r,34,260,1779186555215,,/home/meliani/nni-experiments/e4dqx01r,6,exp_tpe_1800s_ali_only_ali_only,hpo,/home/meliani/Desktop/phd/fast-track/search_space.json,python3 trial.py --data ./ali_only.csv,/home/meliani/Desktop/phd/fast-track,1,1800s,100000000,False,False,info,/home/meliani/nni-experiments,"['LSTM', 'GRU', 'CNN', 'RNN', 'TCN', 'Transformer', 'MLP']","[16, 32, 64, 128, 256]","[1, 2, 3, 4]","[0, 0.1, 0.2, 0.3, 0.5]","['relu', 'tanh', 'sigmoid', 'elu']","[1e-05, 0.01]","[2, 3, 4, 5, 6, 7, 8, 9, 10, 11, 12, 13, 14, 15, 16, 17, 18, 19, 20, 21, 22, 23, 24, 25, 26, 27, 28, 29, 30]","[16, 32, 64, 128]","[5, 10, 15, 20]","[2, 3, 5, 7]","[2, 4, 8]",tpe,minimize,local
e4dqx01r,35,270,1779186555215,,/home/meliani/nni-experiments/e4dqx01r,6,exp_tpe_1800s_ali_only_ali_only,hpo,/home/meliani/Desktop/phd/fast-track/search_space.json,python3 trial.py --data ./ali_only.csv,/home/meliani/Desktop/phd/fast-track,1,1800s,100000000,False,False,info,/home/meliani/nni-experiments,"['LSTM', 'GRU', 'CNN', 'RNN', 'TCN', 'Transformer', 'MLP']","[16, 32, 64, 128, 256]","[1, 2, 3, 4]","[0, 0.1, 0.2, 0.3, 0.5]","['relu', 'tanh', 'sigmoid', 'elu']","[1e-05, 0.01]","[2, 3, 4, 5, 6, 7, 8, 9, 10, 11, 12, 13, 14, 15, 16, 17, 18, 19, 20, 21, 22, 23, 24, 25, 26, 27, 28, 29, 30]","[16, 32, 64, 128]","[5, 10, 15, 20]","[2, 3, 5, 7]","[2, 4, 8]",tpe,minimize,local
e4dqx01r,36,280,1779186555215,,/home/meliani/nni-experiments/e4dqx01r,6,exp_tpe_1800s_ali_only_ali_only,hpo,/home/meliani/Desktop/phd/fast-track/search_space.json,python3 trial.py --data ./ali_only.csv,/home/meliani/Desktop/phd/fast-track,1,1800s,100000000,False,False,info,/home/meliani/nni-experiments,"['LSTM', 'GRU', 'CNN', 'RNN', 'TCN', 'Transformer', 'MLP']","[16, 32, 64, 128, 256]","[1, 2, 3, 4]","[0, 0.1, 0.2, 0.3, 0.5]","['relu', 'tanh', 'sigmoid', 'elu']","[1e-05, 0.01]","[2, 3, 4, 5, 6, 7, 8, 9, 10, 11, 12, 13, 14, 15, 16, 17, 18, 19, 20, 21, 22, 23, 24, 25, 26, 27, 28, 29, 30]","[16, 32, 64, 128]","[5, 10, 15, 20]","[2, 3, 5, 7]","[2, 4, 8]",tpe,minimize,local
e4dqx01r,37,290,1779186555215,,/home/meliani/nni-experiments/e4dqx01r,6,exp_tpe_1800s_ali_only_ali_only,hpo,/home/meliani/Desktop/phd/fast-track/search_space.json,python3 trial.py --data ./ali_only.csv,/home/meliani/Desktop/phd/fast-track,1,1800s,100000000,False,False,info,/home/meliani/nni-experiments,"['LSTM', 'GRU', 'CNN', 'RNN', 'TCN', 'Transformer', 'MLP']","[16, 32, 64, 128, 256]","[1, 2, 3, 4]","[0, 0.1, 0.2, 0.3, 0.5]","['relu', 'tanh', 'sigmoid', 'elu']","[1e-05, 0.01]","[2, 3, 4, 5, 6, 7, 8, 9, 10, 11, 12, 13, 14, 15, 16, 17, 18, 19, 20, 21, 22, 23, 24, 25, 26, 27, 28, 29, 30]","[16, 32, 64, 128]","[5, 10, 15, 20]","[2, 3, 5, 7]","[2, 4, 8]",tpe,minimize,local
e4dqx01r,38,300,1779186555215,,/home/meliani/nni-experiments/e4dqx01r,6,exp_tpe_1800s_ali_only_ali_only,hpo,/home/meliani/Desktop/phd/fast-track/search_space.json,python3 trial.py --data ./ali_only.csv,/home/meliani/Desktop/phd/fast-track,1,1800s,100000000,False,False,info,/home/meliani/nni-experiments,"['LSTM', 'GRU', 'CNN', 'RNN', 'TCN', 'Transformer', 'MLP']","[16, 32, 64, 128, 256]","[1, 2, 3, 4]","[0, 0.1, 0.2, 0.3, 0.5]","['relu', 'tanh', 'sigmoid', 'elu']","[1e-05, 0.01]","[2, 3, 4, 5, 6, 7, 8, 9, 10, 11, 12, 13, 14, 15, 16, 17, 18, 19, 20, 21, 22, 23, 24, 25, 26, 27, 28, 29, 30]","[16, 32, 64, 128]","[5, 10, 15, 20]","[2, 3, 5, 7]","[2, 4, 8]",tpe,minimize,local
e4dqx01r,39,310,1779186555215,,/home/meliani/nni-experiments/e4dqx01r,6,exp_tpe_1800s_ali_only_ali_only,hpo,/home/meliani/Desktop/phd/fast-track/search_space.json,python3 trial.py --data ./ali_only.csv,/home/meliani/Desktop/phd/fast-track,1,1800s,100000000,False,False,info,/home/meliani/nni-experiments,"['LSTM', 'GRU', 'CNN', 'RNN', 'TCN', 'Transformer', 'MLP']","[16, 32, 64, 128, 256]","[1, 2, 3, 4]","[0, 0.1, 0.2, 0.3, 0.5]","['relu', 'tanh', 'sigmoid', 'elu']","[1e-05, 0.01]","[2, 3, 4, 5, 6, 7, 8, 9, 10, 11, 12, 13, 14, 15, 16, 17, 18, 19, 20, 21, 22, 23, 24, 25, 26, 27, 28, 29, 30]","[16, 32, 64, 128]","[5, 10, 15, 20]","[2, 3, 5, 7]","[2, 4, 8]",tpe,minimize,local
e4dqx01r,40,320,1779186555215,,/home/meliani/nni-experiments/e4dqx01r,6,exp_tpe_1800s_ali_only_ali_only,hpo,/home/meliani/Desktop/phd/fast-track/search_space.json,python3 trial.py --data ./ali_only.csv,/home/meliani/Desktop/phd/fast-track,1,1800s,100000000,False,False,info,/home/meliani/nni-experiments,"['LSTM', 'GRU', 'CNN', 'RNN', 'TCN', 'Transformer', 'MLP']","[16, 32, 64, 128, 256]","[1, 2, 3, 4]","[0, 0.1, 0.2, 0.3, 0.5]","['relu', 'tanh', 'sigmoid', 'elu']","[1e-05, 0.01]","[2, 3, 4, 5, 6, 7, 8, 9, 10, 11, 12, 13, 14, 15, 16, 17, 18, 19, 20, 21, 22, 23, 24, 25, 26, 27, 28, 29, 30]","[16, 32, 64, 128]","[5, 10, 15, 20]","[2, 3, 5, 7]","[2, 4, 8]",tpe,minimize,local
e4dqx01r,41,330,1779186555215,,/home/meliani/nni-experiments/e4dqx01r,6,exp_tpe_1800s_ali_only_ali_only,hpo,/home/meliani/Desktop/phd/fast-track/search_space.json,python3 trial.py --data ./ali_only.csv,/home/meliani/Desktop/phd/fast-track,1,1800s,100000000,False,False,info,/home/meliani/nni-experiments,"['LSTM', 'GRU', 'CNN', 'RNN', 'TCN', 'Transformer', 'MLP']","[16, 32, 64, 128, 256]","[1, 2, 3, 4]","[0, 0.1, 0.2, 0.3, 0.5]","['relu', 'tanh', 'sigmoid', 'elu']","[1e-05, 0.01]","[2, 3, 4, 5, 6, 7, 8, 9, 10, 11, 12, 13, 14, 15, 16, 17, 18, 19, 20, 21, 22, 23, 24, 25, 26, 27, 28, 29, 30]","[16, 32, 64, 128]","[5, 10, 15, 20]","[2, 3, 5, 7]","[2, 4, 8]",tpe,minimize,local
e4dqx01r,42,340,1779186555215,,/home/meliani/nni-experiments/e4dqx01r,6,exp_tpe_1800s_ali_only_ali_only,hpo,/home/meliani/Desktop/phd/fast-track/search_space.json,python3 trial.py --data ./ali_only.csv,/home/meliani/Desktop/phd/fast-track,1,1800s,100000000,False,False,info,/home/meliani/nni-experiments,"['LSTM', 'GRU', 'CNN', 'RNN', 'TCN', 'Transformer', 'MLP']","[16, 32, 64, 128, 256]","[1, 2, 3, 4]","[0, 0.1, 0.2, 0.3, 0.5]","['relu', 'tanh', 'sigmoid', 'elu']","[1e-05, 0.01]","[2, 3, 4, 5, 6, 7, 8, 9, 10, 11, 12, 13, 14, 15, 16, 17, 18, 19, 20, 21, 22, 23, 24, 25, 26, 27, 28, 29, 30]","[16, 32, 64, 128]","[5, 10, 15, 20]","[2, 3, 5, 7]","[2, 4, 8]",tpe,minimize,local
e4dqx01r,43,350,1779186555215,,/home/meliani/nni-experiments/e4dqx01r,6,exp_tpe_1800s_ali_only_ali_only,hpo,/home/meliani/Desktop/phd/fast-track/search_space.json,python3 trial.py --data ./ali_only.csv,/home/meliani/Desktop/phd/fast-track,1,1800s,100000000,False,False,info,/home/meliani/nni-experiments,"['LSTM', 'GRU', 'CNN', 'RNN', 'TCN', 'Transformer', 'MLP']","[16, 32, 64, 128, 256]","[1, 2, 3, 4]","[0, 0.1, 0.2, 0.3, 0.5]","['relu', 'tanh', 'sigmoid', 'elu']","[1e-05, 0.01]","[2, 3, 4, 5, 6, 7, 8, 9, 10, 11, 12, 13, 14, 15, 16, 17, 18, 19, 20, 21, 22, 23, 24, 25, 26, 27, 28, 29, 30]","[16, 32, 64, 128]","[5, 10, 15, 20]","[2, 3, 5, 7]","[2, 4, 8]",tpe,minimize,local
e4dqx01r,44,360,1779186555215,,/home/meliani/nni-experiments/e4dqx01r,6,exp_tpe_1800s_ali_only_ali_only,hpo,/home/meliani/Desktop/phd/fast-track/search_space.json,python3 trial.py --data ./ali_only.csv,/home/meliani/Desktop/phd/fast-track,1,1800s,100000000,False,False,info,/home/meliani/nni-experiments,"['LSTM', 'GRU', 'CNN', 'RNN', 'TCN', 'Transformer', 'MLP']","[16, 32, 64, 128, 256]","[1, 2, 3, 4]","[0, 0.1, 0.2, 0.3, 0.5]","['relu', 'tanh', 'sigmoid', 'elu']","[1e-05, 0.01]","[2, 3, 4, 5, 6, 7, 8, 9, 10, 11, 12, 13, 14, 15, 16, 17, 18, 19, 20, 21, 22, 23, 24, 25, 26, 27, 28, 29, 30]","[16, 32, 64, 128]","[5, 10, 15, 20]","[2, 3, 5, 7]","[2, 4, 8]",tpe,minimize,local
e4dqx01r,45,370,1779186555215,,/home/meliani/nni-experiments/e4dqx01r,6,exp_tpe_1800s_ali_only_ali_only,hpo,/home/meliani/Desktop/phd/fast-track/search_space.json,python3 trial.py --data ./ali_only.csv,/home/meliani/Desktop/phd/fast-track,1,1800s,100000000,False,False,info,/home/meliani/nni-experiments,"['LSTM', 'GRU', 'CNN', 'RNN', 'TCN', 'Transformer', 'MLP']","[16, 32, 64, 128, 256]","[1, 2, 3, 4]","[0, 0.1, 0.2, 0.3, 0.5]","['relu', 'tanh', 'sigmoid', 'elu']","[1e-05, 0.01]","[2, 3, 4, 5, 6, 7, 8, 9, 10, 11, 12, 13, 14, 15, 16, 17, 18, 19, 20, 21, 22, 23, 24, 25, 26, 27, 28, 29, 30]","[16, 32, 64, 128]","[5, 10, 15, 20]","[2, 3, 5, 7]","[2, 4, 8]",tpe,minimize,local
e4dqx01r,46,380,1779186555215,,/home/meliani/nni-experiments/e4dqx01r,6,exp_tpe_1800s_ali_only_ali_only,hpo,/home/meliani/Desktop/phd/fast-track/search_space.json,python3 trial.py --data ./ali_only.csv,/home/meliani/Desktop/phd/fast-track,1,1800s,100000000,False,False,info,/home/meliani/nni-experiments,"['LSTM', 'GRU', 'CNN', 'RNN', 'TCN', 'Transformer', 'MLP']","[16, 32, 64, 128, 256]","[1, 2, 3, 4]","[0, 0.1, 0.2, 0.3, 0.5]","['relu', 'tanh', 'sigmoid', 'elu']","[1e-05, 0.01]","[2, 3, 4, 5, 6, 7, 8, 9, 10, 11, 12, 13, 14, 15, 16, 17, 18, 19, 20, 21, 22, 23, 24, 25, 26, 27, 28, 29, 30]","[16, 32, 64, 128]","[5, 10, 15, 20]","[2, 3, 5, 7]","[2, 4, 8]",tpe,minimize,local
e4dqx01r,47,390,1779186555215,,/home/meliani/nni-experiments/e4dqx01r,6,exp_tpe_1800s_ali_only_ali_only,hpo,/home/meliani/Desktop/phd/fast-track/search_space.json,python3 trial.py --data ./ali_only.csv,/home/meliani/Desktop/phd/fast-track,1,1800s,100000000,False,False,info,/home/meliani/nni-experiments,"['LSTM', 'GRU', 'CNN', 'RNN', 'TCN', 'Transformer', 'MLP']","[16, 32, 64, 128, 256]","[1, 2, 3, 4]","[0, 0.1, 0.2, 0.3, 0.5]","['relu', 'tanh', 'sigmoid', 'elu']","[1e-05, 0.01]","[2, 3, 4, 5, 6, 7, 8, 9, 10, 11, 12, 13, 14, 15, 16, 17, 18, 19, 20, 21, 22, 23, 24, 25, 26, 27, 28, 29, 30]","[16, 32, 64, 128]","[5, 10, 15, 20]","[2, 3, 5, 7]","[2, 4, 8]",tpe,minimize,local
e4dqx01r,48,400,1779186555215,,/home/meliani/nni-experiments/e4dqx01r,6,exp_tpe_1800s_ali_only_ali_only,hpo,/home/meliani/Desktop/phd/fast-track/search_space.json,python3 trial.py --data ./ali_only.csv,/home/meliani/Desktop/phd/fast-track,1,1800s,100000000,False,False,info,/home/meliani/nni-experiments,"['LSTM', 'GRU', 'CNN', 'RNN', 'TCN', 'Transformer', 'MLP']","[16, 32, 64, 128, 256]","[1, 2, 3, 4]","[0, 0.1, 0.2, 0.3, 0.5]","['relu', 'tanh', 'sigmoid', 'elu']","[1e-05, 0.01]","[2, 3, 4, 5, 6, 7, 8, 9, 10, 11, 12, 13, 14, 15, 16, 17, 18, 19, 20, 21, 22, 23, 24, 25, 26, 27, 28, 29, 30]","[16, 32, 64, 128]","[5, 10, 15, 20]","[2, 3, 5, 7]","[2, 4, 8]",tpe,minimize,local
e4dqx01r,49,410,1779186555215,,/home/meliani/nni-experiments/e4dqx01r,6,exp_tpe_1800s_ali_only_ali_only,hpo,/home/meliani/Desktop/phd/fast-track/search_space.json,python3 trial.py --data ./ali_only.csv,/home/meliani/Desktop/phd/fast-track,1,1800s,100000000,False,False,info,/home/meliani/nni-experiments,"['LSTM', 'GRU', 'CNN', 'RNN', 'TCN', 'Transformer', 'MLP']","[16, 32, 64, 128, 256]","[1, 2, 3, 4]","[0, 0.1, 0.2, 0.3, 0.5]","['relu', 'tanh', 'sigmoid', 'elu']","[1e-05, 0.01]","[2, 3, 4, 5, 6, 7, 8, 9, 10, 11, 12, 13, 14, 15, 16, 17, 18, 19, 20, 21, 22, 23, 24, 25, 26, 27, 28, 29, 30]","[16, 32, 64, 128]","[5, 10, 15, 20]","[2, 3, 5, 7]","[2, 4, 8]",tpe,minimize,local
e4dqx01r,50,420,1779186555215,,/home/meliani/nni-experiments/e4dqx01r,6,exp_tpe_1800s_ali_only_ali_only,hpo,/home/meliani/Desktop/phd/fast-track/search_space.json,python3 trial.py --data ./ali_only.csv,/home/meliani/Desktop/phd/fast-track,1,1800s,100000000,False,False,info,/home/meliani/nni-experiments,"['LSTM', 'GRU', 'CNN', 'RNN', 'TCN', 'Transformer', 'MLP']","[16, 32, 64, 128, 256]","[1, 2, 3, 4]","[0, 0.1, 0.2, 0.3, 0.5]","['relu', 'tanh', 'sigmoid', 'elu']","[1e-05, 0.01]","[2, 3, 4, 5, 6, 7, 8, 9, 10, 11, 12, 13, 14, 15, 16, 17, 18, 19, 20, 21, 22, 23, 24, 25, 26, 27, 28, 29, 30]","[16, 32, 64, 128]","[5, 10, 15, 20]","[2, 3, 5, 7]","[2, 4, 8]",tpe,minimize,local
e4dqx01r,51,430,1779186555215,,/home/meliani/nni-experiments/e4dqx01r,6,exp_tpe_1800s_ali_only_ali_only,hpo,/home/meliani/Desktop/phd/fast-track/search_space.json,python3 trial.py --data ./ali_only.csv,/home/meliani/Desktop/phd/fast-track,1,1800s,100000000,False,False,info,/home/meliani/nni-experiments,"['LSTM', 'GRU', 'CNN', 'RNN', 'TCN', 'Transformer', 'MLP']","[16, 32, 64, 128, 256]","[1, 2, 3, 4]","[0, 0.1, 0.2, 0.3, 0.5]","['relu', 'tanh', 'sigmoid', 'elu']","[1e-05, 0.01]","[2, 3, 4, 5, 6, 7, 8, 9, 10, 11, 12, 13, 14, 15, 16, 17, 18, 19, 20, 21, 22, 23, 24, 25, 26, 27, 28, 29, 30]","[16, 32, 64, 128]","[5, 10, 15, 20]","[2, 3, 5, 7]","[2, 4, 8]",tpe,minimize,local
e4dqx01r,52,440,1779186555215,,/home/meliani/nni-experiments/e4dqx01r,6,exp_tpe_1800s_ali_only_ali_only,hpo,/home/meliani/Desktop/phd/fast-track/search_space.json,python3 trial.py --data ./ali_only.csv,/home/meliani/Desktop/phd/fast-track,1,1800s,100000000,False,False,info,/home/meliani/nni-experiments,"['LSTM', 'GRU', 'CNN', 'RNN', 'TCN', 'Transformer', 'MLP']","[16, 32, 64, 128, 256]","[1, 2, 3, 4]","[0, 0.1, 0.2, 0.3, 0.5]","['relu', 'tanh', 'sigmoid', 'elu']","[1e-05, 0.01]","[2, 3, 4, 5, 6, 7, 8, 9, 10, 11, 12, 13, 14, 15, 16, 17, 18, 19, 20, 21, 22, 23, 24, 25, 26, 27, 28, 29, 30]","[16, 32, 64, 128]","[5, 10, 15, 20]","[2, 3, 5, 7]","[2, 4, 8]",tpe,minimize,local
e4dqx01r,53,450,1779186555215,,/home/meliani/nni-experiments/e4dqx01r,6,exp_tpe_1800s_ali_only_ali_only,hpo,/home/meliani/Desktop/phd/fast-track/search_space.json,python3 trial.py --data ./ali_only.csv,/home/meliani/Desktop/phd/fast-track,1,1800s,100000000,False,False,info,/home/meliani/nni-experiments,"['LSTM', 'GRU', 'CNN', 'RNN', 'TCN', 'Transformer', 'MLP']","[16, 32, 64, 128, 256]","[1, 2, 3, 4]","[0, 0.1, 0.2, 0.3, 0.5]","['relu', 'tanh', 'sigmoid', 'elu']","[1e-05, 0.01]","[2, 3, 4, 5, 6, 7, 8, 9, 10, 11, 12, 13, 14, 15, 16, 17, 18, 19, 20, 21, 22, 23, 24, 25, 26, 27, 28, 29, 30]","[16, 32, 64, 128]","[5, 10, 15, 20]","[2, 3, 5, 7]","[2, 4, 8]",tpe,minimize,local
e4dqx01r,54,460,1779186555215,,/home/meliani/nni-experiments/e4dqx01r,6,exp_tpe_1800s_ali_only_ali_only,hpo,/home/meliani/Desktop/phd/fast-track/search_space.json,python3 trial.py --data ./ali_only.csv,/home/meliani/Desktop/phd/fast-track,1,1800s,100000000,False,False,info,/home/meliani/nni-experiments,"['LSTM', 'GRU', 'CNN', 'RNN', 'TCN', 'Transformer', 'MLP']","[16, 32, 64, 128, 256]","[1, 2, 3, 4]","[0, 0.1, 0.2, 0.3, 0.5]","['relu', 'tanh', 'sigmoid', 'elu']","[1e-05, 0.01]","[2, 3, 4, 5, 6, 7, 8, 9, 10, 11, 12, 13, 14, 15, 16, 17, 18, 19, 20, 21, 22, 23, 24, 25, 26, 27, 28, 29, 30]","[16, 32, 64, 128]","[5, 10, 15, 20]","[2, 3, 5, 7]","[2, 4, 8]",tpe,minimize,local
e4dqx01r,55,470,1779186555215,,/home/meliani/nni-experiments/e4dqx01r,6,exp_tpe_1800s_ali_only_ali_only,hpo,/home/meliani/Desktop/phd/fast-track/search_space.json,python3 trial.py --data ./ali_only.csv,/home/meliani/Desktop/phd/fast-track,1,1800s,100000000,False,False,info,/home/meliani/nni-experiments,"['LSTM', 'GRU', 'CNN', 'RNN', 'TCN', 'Transformer', 'MLP']","[16, 32, 64, 128, 256]","[1, 2, 3, 4]","[0, 0.1, 0.2, 0.3, 0.5]","['relu', 'tanh', 'sigmoid', 'elu']","[1e-05, 0.01]","[2, 3, 4, 5, 6, 7, 8, 9, 10, 11, 12, 13, 14, 15, 16, 17, 18, 19, 20, 21, 22, 23, 24, 25, 26, 27, 28, 29, 30]","[16, 32, 64, 128]","[5, 10, 15, 20]","[2, 3, 5, 7]","[2, 4, 8]",tpe,minimize,local
e4dqx01r,56,480,1779186555215,,/home/meliani/nni-experiments/e4dqx01r,6,exp_tpe_1800s_ali_only_ali_only,hpo,/home/meliani/Desktop/phd/fast-track/search_space.json,python3 trial.py --data ./ali_only.csv,/home/meliani/Desktop/phd/fast-track,1,1800s,100000000,False,False,info,/home/meliani/nni-experiments,"['LSTM', 'GRU', 'CNN', 'RNN', 'TCN', 'Transformer', 'MLP']","[16, 32, 64, 128, 256]","[1, 2, 3, 4]","[0, 0.1, 0.2, 0.3, 0.5]","['relu', 'tanh', 'sigmoid', 'elu']","[1e-05, 0.01]","[2, 3, 4, 5, 6, 7, 8, 9, 10, 11, 12, 13, 14, 15, 16, 17, 18, 19, 20, 21, 22, 23, 24, 25, 26, 27, 28, 29, 30]","[16, 32, 64, 128]","[5, 10, 15, 20]","[2, 3, 5, 7]","[2, 4, 8]",tpe,minimize,local
e4dqx01r,57,490,1779186555215,,/home/meliani/nni-experiments/e4dqx01r,6,exp_tpe_1800s_ali_only_ali_only,hpo,/home/meliani/Desktop/phd/fast-track/search_space.json,python3 trial.py --data ./ali_only.csv,/home/meliani/Desktop/phd/fast-track,1,1800s,100000000,False,False,info,/home/meliani/nni-experiments,"['LSTM', 'GRU', 'CNN', 'RNN', 'TCN', 'Transformer', 'MLP']","[16, 32, 64, 128, 256]","[1, 2, 3, 4]","[0, 0.1, 0.2, 0.3, 0.5]","['relu', 'tanh', 'sigmoid', 'elu']","[1e-05, 0.01]","[2, 3, 4, 5, 6, 7, 8, 9, 10, 11, 12, 13, 14, 15, 16, 17, 18, 19, 20, 21, 22, 23, 24, 25, 26, 27, 28, 29, 30]","[16, 32, 64, 128]","[5, 10, 15, 20]","[2, 3, 5, 7]","[2, 4, 8]",tpe,minimize,local
e4dqx01r,58,500,1779186555215,,/home/meliani/nni-experiments/e4dqx01r,6,exp_tpe_1800s_ali_only_ali_only,hpo,/home/meliani/Desktop/phd/fast-track/search_space.json,python3 trial.py --data ./ali_only.csv,/home/meliani/Desktop/phd/fast-track,1,1800s,100000000,False,False,info,/home/meliani/nni-experiments,"['LSTM', 'GRU', 'CNN', 'RNN', 'TCN', 'Transformer', 'MLP']","[16, 32, 64, 128, 256]","[1, 2, 3, 4]","[0, 0.1, 0.2, 0.3, 0.5]","['relu', 'tanh', 'sigmoid', 'elu']","[1e-05, 0.01]","[2, 3, 4, 5, 6, 7, 8, 9, 10, 11, 12, 13, 14, 15, 16, 17, 18, 19, 20, 21, 22, 23, 24, 25, 26, 27, 28, 29, 30]","[16, 32, 64, 128]","[5, 10, 15, 20]","[2, 3, 5, 7]","[2, 4, 8]",tpe,minimize,local
e4dqx01r,59,510,1779186555215,,/home/meliani/nni-experiments/e4dqx01r,6,exp_tpe_1800s_ali_only_ali_only,hpo,/home/meliani/Desktop/phd/fast-track/search_space.json,python3 trial.py --data ./ali_only.csv,/home/meliani/Desktop/phd/fast-track,1,1800s,100000000,False,False,info,/home/meliani/nni-experiments,"['LSTM', 'GRU', 'CNN', 'RNN', 'TCN', 'Transformer', 'MLP']","[16, 32, 64, 128, 256]","[1, 2, 3, 4]","[0, 0.1, 0.2, 0.3, 0.5]","['relu', 'tanh', 'sigmoid', 'elu']","[1e-05, 0.01]","[2, 3, 4, 5, 6, 7, 8, 9, 10, 11, 12, 13, 14, 15, 16, 17, 18, 19, 20, 21, 22, 23, 24, 25, 26, 27, 28, 29, 30]","[16, 32, 64, 128]","[5, 10, 15, 20]","[2, 3, 5, 7]","[2, 4, 8]",tpe,minimize,local
e4dqx01r,60,520,1779186555215,,/home/meliani/nni-experiments/e4dqx01r,6,exp_tpe_1800s_ali_only_ali_only,hpo,/home/meliani/Desktop/phd/fast-track/search_space.json,python3 trial.py --data ./ali_only.csv,/home/meliani/Desktop/phd/fast-track,1,1800s,100000000,False,False,info,/home/meliani/nni-experiments,"['LSTM', 'GRU', 'CNN', 'RNN', 'TCN', 'Transformer', 'MLP']","[16, 32, 64, 128, 256]","[1, 2, 3, 4]","[0, 0.1, 0.2, 0.3, 0.5]","['relu', 'tanh', 'sigmoid', 'elu']","[1e-05, 0.01]","[2, 3, 4, 5, 6, 7, 8, 9, 10, 11, 12, 13, 14, 15, 16, 17, 18, 19, 20, 21, 22, 23, 24, 25, 26, 27, 28, 29, 30]","[16, 32, 64, 128]","[5, 10, 15, 20]","[2, 3, 5, 7]","[2, 4, 8]",tpe,minimize,local
e4dqx01r,61,530,1779186555215,,/home/meliani/nni-experiments/e4dqx01r,6,exp_tpe_1800s_ali_only_ali_only,hpo,/home/meliani/Desktop/phd/fast-track/search_space.json,python3 trial.py --data ./ali_only.csv,/home/meliani/Desktop/phd/fast-track,1,1800s,100000000,False,False,info,/home/meliani/nni-experiments,"['LSTM', 'GRU', 'CNN', 'RNN', 'TCN', 'Transformer', 'MLP']","[16, 32, 64, 128, 256]","[1, 2, 3, 4]","[0, 0.1, 0.2, 0.3, 0.5]","['relu', 'tanh', 'sigmoid', 'elu']","[1e-05, 0.01]","[2, 3, 4, 5, 6, 7, 8, 9, 10, 11, 12, 13, 14, 15, 16, 17, 18, 19, 20, 21, 22, 23, 24, 25, 26, 27, 28, 29, 30]","[16, 32, 64, 128]","[5, 10, 15, 20]","[2, 3, 5, 7]","[2, 4, 8]",tpe,minimize,local
e4dqx01r,62,540,1779186555215,,/home/meliani/nni-experiments/e4dqx01r,6,exp_tpe_1800s_ali_only_ali_only,hpo,/home/meliani/Desktop/phd/fast-track/search_space.json,python3 trial.py --data ./ali_only.csv,/home/meliani/Desktop/phd/fast-track,1,1800s,100000000,False,False,info,/home/meliani/nni-experiments,"['LSTM', 'GRU', 'CNN', 'RNN', 'TCN', 'Transformer', 'MLP']","[16, 32, 64, 128, 256]","[1, 2, 3, 4]","[0, 0.1, 0.2, 0.3, 0.5]","['relu', 'tanh', 'sigmoid', 'elu']","[1e-05, 0.01]","[2, 3, 4, 5, 6, 7, 8, 9, 10, 11, 12, 13, 14, 15, 16, 17, 18, 19, 20, 21, 22, 23, 24, 25, 26, 27, 28, 29, 30]","[16, 32, 64, 128]","[5, 10, 15, 20]","[2, 3, 5, 7]","[2, 4, 8]",tpe,minimize,local
e4dqx01r,63,550,1779186555215,,/home/meliani/nni-experiments/e4dqx01r,6,exp_tpe_1800s_ali_only_ali_only,hpo,/home/meliani/Desktop/phd/fast-track/search_space.json,python3 trial.py --data ./ali_only.csv,/home/meliani/Desktop/phd/fast-track,1,1800s,100000000,False,False,info,/home/meliani/nni-experiments,"['LSTM', 'GRU', 'CNN', 'RNN', 'TCN', 'Transformer', 'MLP']","[16, 32, 64, 128, 256]","[1, 2, 3, 4]","[0, 0.1, 0.2, 0.3, 0.5]","['relu', 'tanh', 'sigmoid', 'elu']","[1e-05, 0.01]","[2, 3, 4, 5, 6, 7, 8, 9, 10, 11, 12, 13, 14, 15, 16, 17, 18, 19, 20, 21, 22, 23, 24, 25, 26, 27, 28, 29, 30]","[16, 32, 64, 128]","[5, 10, 15, 20]","[2, 3, 5, 7]","[2, 4, 8]",tpe,minimize,local
e4dqx01r,64,556,1779186555215,,/home/meliani/nni-experiments/e4dqx01r,7,exp_tpe_1800s_ali_only_ali_only,hpo,/home/meliani/Desktop/phd/fast-track/search_space.json,python3 trial.py --data ./ali_only.csv,/home/meliani/Desktop/phd/fast-track,1,1800s,100000000,False,False,info,/home/meliani/nni-experiments,"['LSTM', 'GRU', 'CNN', 'RNN', 'TCN', 'Transformer', 'MLP']","[16, 32, 64, 128, 256]","[1, 2, 3, 4]","[0, 0.1, 0.2, 0.3, 0.5]","['relu', 'tanh', 'sigmoid', 'elu']","[1e-05, 0.01]","[2, 3, 4, 5, 6, 7, 8, 9, 10, 11, 12, 13, 14, 15, 16, 17, 18, 19, 20, 21, 22, 23, 24, 25, 26, 27, 28, 29, 30]","[16, 32, 64, 128]","[5, 10, 15, 20]","[2, 3, 5, 7]","[2, 4, 8]",tpe,minimize,local
e4dqx01r,65,560,1779186555215,,/home/meliani/nni-experiments/e4dqx01r,7,exp_tpe_1800s_ali_only_ali_only,hpo,/home/meliani/Desktop/phd/fast-track/search_space.json,python3 trial.py --data ./ali_only.csv,/home/meliani/Desktop/phd/fast-track,1,1800s,100000000,False,False,info,/home/meliani/nni-experiments,"['LSTM', 'GRU', 'CNN', 'RNN', 'TCN', 'Transformer', 'MLP']","[16, 32, 64, 128, 256]","[1, 2, 3, 4]","[0, 0.1, 0.2, 0.3, 0.5]","['relu', 'tanh', 'sigmoid', 'elu']","[1e-05, 0.01]","[2, 3, 4, 5, 6, 7, 8, 9, 10, 11, 12, 13, 14, 15, 16, 17, 18, 19, 20, 21, 22, 23, 24, 25, 26, 27, 28, 29, 30]","[16, 32, 64, 128]","[5, 10, 15, 20]","[2, 3, 5, 7]","[2, 4, 8]",tpe,minimize,local
e4dqx01r,66,570,1779186555215,,/home/meliani/nni-experiments/e4dqx01r,7,exp_tpe_1800s_ali_only_ali_only,hpo,/home/meliani/Desktop/phd/fast-track/search_space.json,python3 trial.py --data ./ali_only.csv,/home/meliani/Desktop/phd/fast-track,1,1800s,100000000,False,False,info,/home/meliani/nni-experiments,"['LSTM', 'GRU', 'CNN', 'RNN', 'TCN', 'Transformer', 'MLP']","[16, 32, 64, 128, 256]","[1, 2, 3, 4]","[0, 0.1, 0.2, 0.3, 0.5]","['relu', 'tanh', 'sigmoid', 'elu']","[1e-05, 0.01]","[2, 3, 4, 5, 6, 7, 8, 9, 10, 11, 12, 13, 14, 15, 16, 17, 18, 19, 20, 21, 22, 23, 24, 25, 26, 27, 28, 29, 30]","[16, 32, 64, 128]","[5, 10, 15, 20]","[2, 3, 5, 7]","[2, 4, 8]",tpe,minimize,local
e4dqx01r,67,580,1779186555215,,/home/meliani/nni-experiments/e4dqx01r,7,exp_tpe_1800s_ali_only_ali_only,hpo,/home/meliani/Desktop/phd/fast-track/search_space.json,python3 trial.py --data ./ali_only.csv,/home/meliani/Desktop/phd/fast-track,1,1800s,100000000,False,False,info,/home/meliani/nni-experiments,"['LSTM', 'GRU', 'CNN', 'RNN', 'TCN', 'Transformer', 'MLP']","[16, 32, 64, 128, 256]","[1, 2, 3, 4]","[0, 0.1, 0.2, 0.3, 0.5]","['relu', 'tanh', 'sigmoid', 'elu']","[1e-05, 0.01]","[2, 3, 4, 5, 6, 7, 8, 9, 10, 11, 12, 13, 14, 15, 16, 17, 18, 19, 20, 21, 22, 23, 24, 25, 26, 27, 28, 29, 30]","[16, 32, 64, 128]","[5, 10, 15, 20]","[2, 3, 5, 7]","[2, 4, 8]",tpe,minimize,local
e4dqx01r,68,582,1779186555215,,/home/meliani/nni-experiments/e4dqx01r,8,exp_tpe_1800s_ali_only_ali_only,hpo,/home/meliani/Desktop/phd/fast-track/search_space.json,python3 trial.py --data ./ali_only.csv,/home/meliani/Desktop/phd/fast-track,1,1800s,100000000,False,False,info,/home/meliani/nni-experiments,"['LSTM', 'GRU', 'CNN', 'RNN', 'TCN', 'Transformer', 'MLP']","[16, 32, 64, 128, 256]","[1, 2, 3, 4]","[0, 0.1, 0.2, 0.3, 0.5]","['relu', 'tanh', 'sigmoid', 'elu']","[1e-05, 0.01]","[2, 3, 4, 5, 6, 7, 8, 9, 10, 11, 12, 13, 14, 15, 16, 17, 18, 19, 20, 21, 22, 23, 24, 25, 26, 27, 28, 29, 30]","[16, 32, 64, 128]","[5, 10, 15, 20]","[2, 3, 5, 7]","[2, 4, 8]",tpe,minimize,local
e4dqx01r,69,590,1779186555215,,/home/meliani/nni-experiments/e4dqx01r,9,exp_tpe_1800s_ali_only_ali_only,hpo,/home/meliani/Desktop/phd/fast-track/search_space.json,python3 trial.py --data ./ali_only.csv,/home/meliani/Desktop/phd/fast-track,1,1800s,100000000,False,False,info,/home/meliani/nni-experiments,"['LSTM', 'GRU', 'CNN', 'RNN', 'TCN', 'Transformer', 'MLP']","[16, 32, 64, 128, 256]","[1, 2, 3, 4]","[0, 0.1, 0.2, 0.3, 0.5]","['relu', 'tanh', 'sigmoid', 'elu']","[1e-05, 0.01]","[2, 3, 4, 5, 6, 7, 8, 9, 10, 11, 12, 13, 14, 15, 16, 17, 18, 19, 20, 21, 22, 23, 24, 25, 26, 27, 28, 29, 30]","[16, 32, 64, 128]","[5, 10, 15, 20]","[2, 3, 5, 7]","[2, 4, 8]",tpe,minimize,local
e4dqx01r,70,590,1779186555215,,/home/meliani/nni-experiments/e4dqx01r,9,exp_tpe_1800s_ali_only_ali_only,hpo,/home/meliani/Desktop/phd/fast-track/search_space.json,python3 trial.py --data ./ali_only.csv,/home/meliani/Desktop/phd/fast-track,1,1800s,100000000,False,False,info,/home/meliani/nni-experiments,"['LSTM', 'GRU', 'CNN', 'RNN', 'TCN', 'Transformer', 'MLP']","[16, 32, 64, 128, 256]","[1, 2, 3, 4]","[0, 0.1, 0.2, 0.3, 0.5]","['relu', 'tanh', 'sigmoid', 'elu']","[1e-05, 0.01]","[2, 3, 4, 5, 6, 7, 8, 9, 10, 11, 12, 13, 14, 15, 16, 17, 18, 19, 20, 21, 22, 23, 24, 25, 26, 27, 28, 29, 30]","[16, 32, 64, 128]","[5, 10, 15, 20]","[2, 3, 5, 7]","[2, 4, 8]",tpe,minimize,local
e4dqx01r,71,600,1779186555215,,/home/meliani/nni-experiments/e4dqx01r,9,exp_tpe_1800s_ali_only_ali_only,hpo,/home/meliani/Desktop/phd/fast-track/search_space.json,python3 trial.py --data ./ali_only.csv,/home/meliani/Desktop/phd/fast-track,1,1800s,100000000,False,False,info,/home/meliani/nni-experiments,"['LSTM', 'GRU', 'CNN', 'RNN', 'TCN', 'Transformer', 'MLP']","[16, 32, 64, 128, 256]","[1, 2, 3, 4]","[0, 0.1, 0.2, 0.3, 0.5]","['relu', 'tanh', 'sigmoid', 'elu']","[1e-05, 0.01]","[2, 3, 4, 5, 6, 7, 8, 9, 10, 11, 12, 13, 14, 15, 16, 17, 18, 19, 20, 21, 22, 23, 24, 25, 26, 27, 28, 29, 30]","[16, 32, 64, 128]","[5, 10, 15, 20]","[2, 3, 5, 7]","[2, 4, 8]",tpe,minimize,local
e4dqx01r,72,610,1779186555215,,/home/meliani/nni-experiments/e4dqx01r,9,exp_tpe_1800s_ali_only_ali_only,hpo,/home/meliani/Desktop/phd/fast-track/search_space.json,python3 trial.py --data ./ali_only.csv,/home/meliani/Desktop/phd/fast-track,1,1800s,100000000,False,False,info,/home/meliani/nni-experiments,"['LSTM', 'GRU', 'CNN', 'RNN', 'TCN', 'Transformer', 'MLP']","[16, 32, 64, 128, 256]","[1, 2, 3, 4]","[0, 0.1, 0.2, 0.3, 0.5]","['relu', 'tanh', 'sigmoid', 'elu']","[1e-05, 0.01]","[2, 3, 4, 5, 6, 7, 8, 9, 10, 11, 12, 13, 14, 15, 16, 17, 18, 19, 20, 21, 22, 23, 24, 25, 26, 27, 28, 29, 30]","[16, 32, 64, 128]","[5, 10, 15, 20]","[2, 3, 5, 7]","[2, 4, 8]",tpe,minimize,local
e4dqx01r,73,614,1779186555215,,/home/meliani/nni-experiments/e4dqx01r,10,exp_tpe_1800s_ali_only_ali_only,hpo,/home/meliani/Desktop/phd/fast-track/search_space.json,python3 trial.py --data ./ali_only.csv,/home/meliani/Desktop/phd/fast-track,1,1800s,100000000,False,False,info,/home/meliani/nni-experiments,"['LSTM', 'GRU', 'CNN', 'RNN', 'TCN', 'Transformer', 'MLP']","[16, 32, 64, 128, 256]","[1, 2, 3, 4]","[0, 0.1, 0.2, 0.3, 0.5]","['relu', 'tanh', 'sigmoid', 'elu']","[1e-05, 0.01]","[2, 3, 4, 5, 6, 7, 8, 9, 10, 11, 12, 13, 14, 15, 16, 17, 18, 19, 20, 21, 22, 23, 24, 25, 26, 27, 28, 29, 30]","[16, 32, 64, 128]","[5, 10, 15, 20]","[2, 3, 5, 7]","[2, 4, 8]",tpe,minimize,local
e4dqx01r,74,620,1779186555215,,/home/meliani/nni-experiments/e4dqx01r,10,exp_tpe_1800s_ali_only_ali_only,hpo,/home/meliani/Desktop/phd/fast-track/search_space.json,python3 trial.py --data ./ali_only.csv,/home/meliani/Desktop/phd/fast-track,1,1800s,100000000,False,False,info,/home/meliani/nni-experiments,"['LSTM', 'GRU', 'CNN', 'RNN', 'TCN', 'Transformer', 'MLP']","[16, 32, 64, 128, 256]","[1, 2, 3, 4]","[0, 0.1, 0.2, 0.3, 0.5]","['relu', 'tanh', 'sigmoid', 'elu']","[1e-05, 0.01]","[2, 3, 4, 5, 6, 7, 8, 9, 10, 11, 12, 13, 14, 15, 16, 17, 18, 19, 20, 21, 22, 23, 24, 25, 26, 27, 28, 29, 30]","[16, 32, 64, 128]","[5, 10, 15, 20]","[2, 3, 5, 7]","[2, 4, 8]",tpe,minimize,local
e4dqx01r,75,624,1779186555215,,/home/meliani/nni-experiments/e4dqx01r,11,exp_tpe_1800s_ali_only_ali_only,hpo,/home/meliani/Desktop/phd/fast-track/search_space.json,python3 trial.py --data ./ali_only.csv,/home/meliani/Desktop/phd/fast-track,1,1800s,100000000,False,False,info,/home/meliani/nni-experiments,"['LSTM', 'GRU', 'CNN', 'RNN', 'TCN', 'Transformer', 'MLP']","[16, 32, 64, 128, 256]","[1, 2, 3, 4]","[0, 0.1, 0.2, 0.3, 0.5]","['relu', 'tanh', 'sigmoid', 'elu']","[1e-05, 0.01]","[2, 3, 4, 5, 6, 7, 8, 9, 10, 11, 12, 13, 14, 15, 16, 17, 18, 19, 20, 21, 22, 23, 24, 25, 26, 27, 28, 29, 30]","[16, 32, 64, 128]","[5, 10, 15, 20]","[2, 3, 5, 7]","[2, 4, 8]",tpe,minimize,local
e4dqx01r,76,630,1779186555215,,/home/meliani/nni-experiments/e4dqx01r,11,exp_tpe_1800s_ali_only_ali_only,hpo,/home/meliani/Desktop/phd/fast-track/search_space.json,python3 trial.py --data ./ali_only.csv,/home/meliani/Desktop/phd/fast-track,1,1800s,100000000,False,False,info,/home/meliani/nni-experiments,"['LSTM', 'GRU', 'CNN', 'RNN', 'TCN', 'Transformer', 'MLP']","[16, 32, 64, 128, 256]","[1, 2, 3, 4]","[0, 0.1, 0.2, 0.3, 0.5]","['relu', 'tanh', 'sigmoid', 'elu']","[1e-05, 0.01]","[2, 3, 4, 5, 6, 7, 8, 9, 10, 11, 12, 13, 14, 15, 16, 17, 18, 19, 20, 21, 22, 23, 24, 25, 26, 27, 28, 29, 30]","[16, 32, 64, 128]","[5, 10, 15, 20]","[2, 3, 5, 7]","[2, 4, 8]",tpe,minimize,local
e4dqx01r,77,640,1779186555215,,/home/meliani/nni-experiments/e4dqx01r,11,exp_tpe_1800s_ali_only_ali_only,hpo,/home/meliani/Desktop/phd/fast-track/search_space.json,python3 trial.py --data ./ali_only.csv,/home/meliani/Desktop/phd/fast-track,1,1800s,100000000,False,False,info,/home/meliani/nni-experiments,"['LSTM', 'GRU', 'CNN', 'RNN', 'TCN', 'Transformer', 'MLP']","[16, 32, 64, 128, 256]","[1, 2, 3, 4]","[0, 0.1, 0.2, 0.3, 0.5]","['relu', 'tanh', 'sigmoid', 'elu']","[1e-05, 0.01]","[2, 3, 4, 5, 6, 7, 8, 9, 10, 11, 12, 13, 14, 15, 16, 17, 18, 19, 20, 21, 22, 23, 24, 25, 26, 27, 28, 29, 30]","[16, 32, 64, 128]","[5, 10, 15, 20]","[2, 3, 5, 7]","[2, 4, 8]",tpe,minimize,local
e4dqx01r,78,650,1779186555215,,/home/meliani/nni-experiments/e4dqx01r,11,exp_tpe_1800s_ali_only_ali_only,hpo,/home/meliani/Desktop/phd/fast-track/search_space.json,python3 trial.py --data ./ali_only.csv,/home/meliani/Desktop/phd/fast-track,1,1800s,100000000,False,False,info,/home/meliani/nni-experiments,"['LSTM', 'GRU', 'CNN', 'RNN', 'TCN', 'Transformer', 'MLP']","[16, 32, 64, 128, 256]","[1, 2, 3, 4]","[0, 0.1, 0.2, 0.3, 0.5]","['relu', 'tanh', 'sigmoid', 'elu']","[1e-05, 0.01]","[2, 3, 4, 5, 6, 7, 8, 9, 10, 11, 12, 13, 14, 15, 16, 17, 18, 19, 20, 21, 22, 23, 24, 25, 26, 27, 28, 29, 30]","[16, 32, 64, 128]","[5, 10, 15, 20]","[2, 3, 5, 7]","[2, 4, 8]",tpe,minimize,local
e4dqx01r,79,660,1779186555215,,/home/meliani/nni-experiments/e4dqx01r,11,exp_tpe_1800s_ali_only_ali_only,hpo,/home/meliani/Desktop/phd/fast-track/search_space.json,python3 trial.py --data ./ali_only.csv,/home/meliani/Desktop/phd/fast-track,1,1800s,100000000,False,False,info,/home/meliani/nni-experiments,"['LSTM', 'GRU', 'CNN', 'RNN', 'TCN', 'Transformer', 'MLP']","[16, 32, 64, 128, 256]","[1, 2, 3, 4]","[0, 0.1, 0.2, 0.3, 0.5]","['relu', 'tanh', 'sigmoid', 'elu']","[1e-05, 0.01]","[2, 3, 4, 5, 6, 7, 8, 9, 10, 11, 12, 13, 14, 15, 16, 17, 18, 19, 20, 21, 22, 23, 24, 25, 26, 27, 28, 29, 30]","[16, 32, 64, 128]","[5, 10, 15, 20]","[2, 3, 5, 7]","[2, 4, 8]",tpe,minimize,local
e4dqx01r,80,670,1779186555215,,/home/meliani/nni-experiments/e4dqx01r,11,exp_tpe_1800s_ali_only_ali_only,hpo,/home/meliani/Desktop/phd/fast-track/search_space.json,python3 trial.py --data ./ali_only.csv,/home/meliani/Desktop/phd/fast-track,1,1800s,100000000,False,False,info,/home/meliani/nni-experiments,"['LSTM', 'GRU', 'CNN', 'RNN', 'TCN', 'Transformer', 'MLP']","[16, 32, 64, 128, 256]","[1, 2, 3, 4]","[0, 0.1, 0.2, 0.3, 0.5]","['relu', 'tanh', 'sigmoid', 'elu']","[1e-05, 0.01]","[2, 3, 4, 5, 6, 7, 8, 9, 10, 11, 12, 13, 14, 15, 16, 17, 18, 19, 20, 21, 22, 23, 24, 25, 26, 27, 28, 29, 30]","[16, 32, 64, 128]","[5, 10, 15, 20]","[2, 3, 5, 7]","[2, 4, 8]",tpe,minimize,local
e4dqx01r,81,680,1779186555215,,/home/meliani/nni-experiments/e4dqx01r,11,exp_tpe_1800s_ali_only_ali_only,hpo,/home/meliani/Desktop/phd/fast-track/search_space.json,python3 trial.py --data ./ali_only.csv,/home/meliani/Desktop/phd/fast-track,1,1800s,100000000,False,False,info,/home/meliani/nni-experiments,"['LSTM', 'GRU', 'CNN', 'RNN', 'TCN', 'Transformer', 'MLP']","[16, 32, 64, 128, 256]","[1, 2, 3, 4]","[0, 0.1, 0.2, 0.3, 0.5]","['relu', 'tanh', 'sigmoid', 'elu']","[1e-05, 0.01]","[2, 3, 4, 5, 6, 7, 8, 9, 10, 11, 12, 13, 14, 15, 16, 17, 18, 19, 20, 21, 22, 23, 24, 25, 26, 27, 28, 29, 30]","[16, 32, 64, 128]","[5, 10, 15, 20]","[2, 3, 5, 7]","[2, 4, 8]",tpe,minimize,local
e4dqx01r,82,690,1779186555215,,/home/meliani/nni-experiments/e4dqx01r,11,exp_tpe_1800s_ali_only_ali_only,hpo,/home/meliani/Desktop/phd/fast-track/search_space.json,python3 trial.py --data ./ali_only.csv,/home/meliani/Desktop/phd/fast-track,1,1800s,100000000,False,False,info,/home/meliani/nni-experiments,"['LSTM', 'GRU', 'CNN', 'RNN', 'TCN', 'Transformer', 'MLP']","[16, 32, 64, 128, 256]","[1, 2, 3, 4]","[0, 0.1, 0.2, 0.3, 0.5]","['relu', 'tanh', 'sigmoid', 'elu']","[1e-05, 0.01]","[2, 3, 4, 5, 6, 7, 8, 9, 10, 11, 12, 13, 14, 15, 16, 17, 18, 19, 20, 21, 22, 23, 24, 25, 26, 27, 28, 29, 30]","[16, 32, 64, 128]","[5, 10, 15, 20]","[2, 3, 5, 7]","[2, 4, 8]",tpe,minimize,local
e4dqx01r,83,700,1779186555215,,/home/meliani/nni-experiments/e4dqx01r,11,exp_tpe_1800s_ali_only_ali_only,hpo,/home/meliani/Desktop/phd/fast-track/search_space.json,python3 trial.py --data ./ali_only.csv,/home/meliani/Desktop/phd/fast-track,1,1800s,100000000,False,False,info,/home/meliani/nni-experiments,"['LSTM', 'GRU', 'CNN', 'RNN', 'TCN', 'Transformer', 'MLP']","[16, 32, 64, 128, 256]","[1, 2, 3, 4]","[0, 0.1, 0.2, 0.3, 0.5]","['relu', 'tanh', 'sigmoid', 'elu']","[1e-05, 0.01]","[2, 3, 4, 5, 6, 7, 8, 9, 10, 11, 12, 13, 14, 15, 16, 17, 18, 19, 20, 21, 22, 23, 24, 25, 26, 27, 28, 29, 30]","[16, 32, 64, 128]","[5, 10, 15, 20]","[2, 3, 5, 7]","[2, 4, 8]",tpe,minimize,local
e4dqx01r,84,710,1779186555215,,/home/meliani/nni-experiments/e4dqx01r,11,exp_tpe_1800s_ali_only_ali_only,hpo,/home/meliani/Desktop/phd/fast-track/search_space.json,python3 trial.py --data ./ali_only.csv,/home/meliani/Desktop/phd/fast-track,1,1800s,100000000,False,False,info,/home/meliani/nni-experiments,"['LSTM', 'GRU', 'CNN', 'RNN', 'TCN', 'Transformer', 'MLP']","[16, 32, 64, 128, 256]","[1, 2, 3, 4]","[0, 0.1, 0.2, 0.3, 0.5]","['relu', 'tanh', 'sigmoid', 'elu']","[1e-05, 0.01]","[2, 3, 4, 5, 6, 7, 8, 9, 10, 11, 12, 13, 14, 15, 16, 17, 18, 19, 20, 21, 22, 23, 24, 25, 26, 27, 28, 29, 30]","[16, 32, 64, 128]","[5, 10, 15, 20]","[2, 3, 5, 7]","[2, 4, 8]",tpe,minimize,local
e4dqx01r,85,720,1779186555215,,/home/meliani/nni-experiments/e4dqx01r,11,exp_tpe_1800s_ali_only_ali_only,hpo,/home/meliani/Desktop/phd/fast-track/search_space.json,python3 trial.py --data ./ali_only.csv,/home/meliani/Desktop/phd/fast-track,1,1800s,100000000,False,False,info,/home/meliani/nni-experiments,"['LSTM', 'GRU', 'CNN', 'RNN', 'TCN', 'Transformer', 'MLP']","[16, 32, 64, 128, 256]","[1, 2, 3, 4]","[0, 0.1, 0.2, 0.3, 0.5]","['relu', 'tanh', 'sigmoid', 'elu']","[1e-05, 0.01]","[2, 3, 4, 5, 6, 7, 8, 9, 10, 11, 12, 13, 14, 15, 16, 17, 18, 19, 20, 21, 22, 23, 24, 25, 26, 27, 28, 29, 30]","[16, 32, 64, 128]","[5, 10, 15, 20]","[2, 3, 5, 7]","[2, 4, 8]",tpe,minimize,local
e4dqx01r,86,730,1779186555215,,/home/meliani/nni-experiments/e4dqx01r,11,exp_tpe_1800s_ali_only_ali_only,hpo,/home/meliani/Desktop/phd/fast-track/search_space.json,python3 trial.py --data ./ali_only.csv,/home/meliani/Desktop/phd/fast-track,1,1800s,100000000,False,False,info,/home/meliani/nni-experiments,"['LSTM', 'GRU', 'CNN', 'RNN', 'TCN', 'Transformer', 'MLP']","[16, 32, 64, 128, 256]","[1, 2, 3, 4]","[0, 0.1, 0.2, 0.3, 0.5]","['relu', 'tanh', 'sigmoid', 'elu']","[1e-05, 0.01]","[2, 3, 4, 5, 6, 7, 8, 9, 10, 11, 12, 13, 14, 15, 16, 17, 18, 19, 20, 21, 22, 23, 24, 25, 26, 27, 28, 29, 30]","[16, 32, 64, 128]","[5, 10, 15, 20]","[2, 3, 5, 7]","[2, 4, 8]",tpe,minimize,local
e4dqx01r,87,740,1779186555215,,/home/meliani/nni-experiments/e4dqx01r,11,exp_tpe_1800s_ali_only_ali_only,hpo,/home/meliani/Desktop/phd/fast-track/search_space.json,python3 trial.py --data ./ali_only.csv,/home/meliani/Desktop/phd/fast-track,1,1800s,100000000,False,False,info,/home/meliani/nni-experiments,"['LSTM', 'GRU', 'CNN', 'RNN', 'TCN', 'Transformer', 'MLP']","[16, 32, 64, 128, 256]","[1, 2, 3, 4]","[0, 0.1, 0.2, 0.3, 0.5]","['relu', 'tanh', 'sigmoid', 'elu']","[1e-05, 0.01]","[2, 3, 4, 5, 6, 7, 8, 9, 10, 11, 12, 13, 14, 15, 16, 17, 18, 19, 20, 21, 22, 23, 24, 25, 26, 27, 28, 29, 30]","[16, 32, 64, 128]","[5, 10, 15, 20]","[2, 3, 5, 7]","[2, 4, 8]",tpe,minimize,local
e4dqx01r,88,750,1779186555215,,/home/meliani/nni-experiments/e4dqx01r,11,exp_tpe_1800s_ali_only_ali_only,hpo,/home/meliani/Desktop/phd/fast-track/search_space.json,python3 trial.py --data ./ali_only.csv,/home/meliani/Desktop/phd/fast-track,1,1800s,100000000,False,False,info,/home/meliani/nni-experiments,"['LSTM', 'GRU', 'CNN', 'RNN', 'TCN', 'Transformer', 'MLP']","[16, 32, 64, 128, 256]","[1, 2, 3, 4]","[0, 0.1, 0.2, 0.3, 0.5]","['relu', 'tanh', 'sigmoid', 'elu']","[1e-05, 0.01]","[2, 3, 4, 5, 6, 7, 8, 9, 10, 11, 12, 13, 14, 15, 16, 17, 18, 19, 20, 21, 22, 23, 24, 25, 26, 27, 28, 29, 30]","[16, 32, 64, 128]","[5, 10, 15, 20]","[2, 3, 5, 7]","[2, 4, 8]",tpe,minimize,local
e4dqx01r,89,760,1779186555215,,/home/meliani/nni-experiments/e4dqx01r,11,exp_tpe_1800s_ali_only_ali_only,hpo,/home/meliani/Desktop/phd/fast-track/search_space.json,python3 trial.py --data ./ali_only.csv,/home/meliani/Desktop/phd/fast-track,1,1800s,100000000,False,False,info,/home/meliani/nni-experiments,"['LSTM', 'GRU', 'CNN', 'RNN', 'TCN', 'Transformer', 'MLP']","[16, 32, 64, 128, 256]","[1, 2, 3, 4]","[0, 0.1, 0.2, 0.3, 0.5]","['relu', 'tanh', 'sigmoid', 'elu']","[1e-05, 0.01]","[2, 3, 4, 5, 6, 7, 8, 9, 10, 11, 12, 13, 14, 15, 16, 17, 18, 19, 20, 21, 22, 23, 24, 25, 26, 27, 28, 29, 30]","[16, 32, 64, 128]","[5, 10, 15, 20]","[2, 3, 5, 7]","[2, 4, 8]",tpe,minimize,local
e4dqx01r,90,770,1779186555215,,/home/meliani/nni-experiments/e4dqx01r,11,exp_tpe_1800s_ali_only_ali_only,hpo,/home/meliani/Desktop/phd/fast-track/search_space.json,python3 trial.py --data ./ali_only.csv,/home/meliani/Desktop/phd/fast-track,1,1800s,100000000,False,False,info,/home/meliani/nni-experiments,"['LSTM', 'GRU', 'CNN', 'RNN', 'TCN', 'Transformer', 'MLP']","[16, 32, 64, 128, 256]","[1, 2, 3, 4]","[0, 0.1, 0.2, 0.3, 0.5]","['relu', 'tanh', 'sigmoid', 'elu']","[1e-05, 0.01]","[2, 3, 4, 5, 6, 7, 8, 9, 10, 11, 12, 13, 14, 15, 16, 17, 18, 19, 20, 21, 22, 23, 24, 25, 26, 27, 28, 29, 30]","[16, 32, 64, 128]","[5, 10, 15, 20]","[2, 3, 5, 7]","[2, 4, 8]",tpe,minimize,local
e4dqx01r,91,780,1779186555215,,/home/meliani/nni-experiments/e4dqx01r,11,exp_tpe_1800s_ali_only_ali_only,hpo,/home/meliani/Desktop/phd/fast-track/search_space.json,python3 trial.py --data ./ali_only.csv,/home/meliani/Desktop/phd/fast-track,1,1800s,100000000,False,False,info,/home/meliani/nni-experiments,"['LSTM', 'GRU', 'CNN', 'RNN', 'TCN', 'Transformer', 'MLP']","[16, 32, 64, 128, 256]","[1, 2, 3, 4]","[0, 0.1, 0.2, 0.3, 0.5]","['relu', 'tanh', 'sigmoid', 'elu']","[1e-05, 0.01]","[2, 3, 4, 5, 6, 7, 8, 9, 10, 11, 12, 13, 14, 15, 16, 17, 18, 19, 20, 21, 22, 23, 24, 25, 26, 27, 28, 29, 30]","[16, 32, 64, 128]","[5, 10, 15, 20]","[2, 3, 5, 7]","[2, 4, 8]",tpe,minimize,local
e4dqx01r,92,790,1779186555215,,/home/meliani/nni-experiments/e4dqx01r,11,exp_tpe_1800s_ali_only_ali_only,hpo,/home/meliani/Desktop/phd/fast-track/search_space.json,python3 trial.py --data ./ali_only.csv,/home/meliani/Desktop/phd/fast-track,1,1800s,100000000,False,False,info,/home/meliani/nni-experiments,"['LSTM', 'GRU', 'CNN', 'RNN', 'TCN', 'Transformer', 'MLP']","[16, 32, 64, 128, 256]","[1, 2, 3, 4]","[0, 0.1, 0.2, 0.3, 0.5]","['relu', 'tanh', 'sigmoid', 'elu']","[1e-05, 0.01]","[2, 3, 4, 5, 6, 7, 8, 9, 10, 11, 12, 13, 14, 15, 16, 17, 18, 19, 20, 21, 22, 23, 24, 25, 26, 27, 28, 29, 30]","[16, 32, 64, 128]","[5, 10, 15, 20]","[2, 3, 5, 7]","[2, 4, 8]",tpe,minimize,local
e4dqx01r,93,800,1779186555215,,/home/meliani/nni-experiments/e4dqx01r,11,exp_tpe_1800s_ali_only_ali_only,hpo,/home/meliani/Desktop/phd/fast-track/search_space.json,python3 trial.py --data ./ali_only.csv,/home/meliani/Desktop/phd/fast-track,1,1800s,100000000,False,False,info,/home/meliani/nni-experiments,"['LSTM', 'GRU', 'CNN', 'RNN', 'TCN', 'Transformer', 'MLP']","[16, 32, 64, 128, 256]","[1, 2, 3, 4]","[0, 0.1, 0.2, 0.3, 0.5]","['relu', 'tanh', 'sigmoid', 'elu']","[1e-05, 0.01]","[2, 3, 4, 5, 6, 7, 8, 9, 10, 11, 12, 13, 14, 15, 16, 17, 18, 19, 20, 21, 22, 23, 24, 25, 26, 27, 28, 29, 30]","[16, 32, 64, 128]","[5, 10, 15, 20]","[2, 3, 5, 7]","[2, 4, 8]",tpe,minimize,local
e4dqx01r,94,810,1779186555215,,/home/meliani/nni-experiments/e4dqx01r,11,exp_tpe_1800s_ali_only_ali_only,hpo,/home/meliani/Desktop/phd/fast-track/search_space.json,python3 trial.py --data ./ali_only.csv,/home/meliani/Desktop/phd/fast-track,1,1800s,100000000,False,False,info,/home/meliani/nni-experiments,"['LSTM', 'GRU', 'CNN', 'RNN', 'TCN', 'Transformer', 'MLP']","[16, 32, 64, 128, 256]","[1, 2, 3, 4]","[0, 0.1, 0.2, 0.3, 0.5]","['relu', 'tanh', 'sigmoid', 'elu']","[1e-05, 0.01]","[2, 3, 4, 5, 6, 7, 8, 9, 10, 11, 12, 13, 14, 15, 16, 17, 18, 19, 20, 21, 22, 23, 24, 25, 26, 27, 28, 29, 30]","[16, 32, 64, 128]","[5, 10, 15, 20]","[2, 3, 5, 7]","[2, 4, 8]",tpe,minimize,local
e4dqx01r,95,820,1779186555215,,/home/meliani/nni-experiments/e4dqx01r,11,exp_tpe_1800s_ali_only_ali_only,hpo,/home/meliani/Desktop/phd/fast-track/search_space.json,python3 trial.py --data ./ali_only.csv,/home/meliani/Desktop/phd/fast-track,1,1800s,100000000,False,False,info,/home/meliani/nni-experiments,"['LSTM', 'GRU', 'CNN', 'RNN', 'TCN', 'Transformer', 'MLP']","[16, 32, 64, 128, 256]","[1, 2, 3, 4]","[0, 0.1, 0.2, 0.3, 0.5]","['relu', 'tanh', 'sigmoid', 'elu']","[1e-05, 0.01]","[2, 3, 4, 5, 6, 7, 8, 9, 10, 11, 12, 13, 14, 15, 16, 17, 18, 19, 20, 21, 22, 23, 24, 25, 26, 27, 28, 29, 30]","[16, 32, 64, 128]","[5, 10, 15, 20]","[2, 3, 5, 7]","[2, 4, 8]",tpe,minimize,local
e4dqx01r,96,830,1779186555215,,/home/meliani/nni-experiments/e4dqx01r,11,exp_tpe_1800s_ali_only_ali_only,hpo,/home/meliani/Desktop/phd/fast-track/search_space.json,python3 trial.py --data ./ali_only.csv,/home/meliani/Desktop/phd/fast-track,1,1800s,100000000,False,False,info,/home/meliani/nni-experiments,"['LSTM', 'GRU', 'CNN', 'RNN', 'TCN', 'Transformer', 'MLP']","[16, 32, 64, 128, 256]","[1, 2, 3, 4]","[0, 0.1, 0.2, 0.3, 0.5]","['relu', 'tanh', 'sigmoid', 'elu']","[1e-05, 0.01]","[2, 3, 4, 5, 6, 7, 8, 9, 10, 11, 12, 13, 14, 15, 16, 17, 18, 19, 20, 21, 22, 23, 24, 25, 26, 27, 28, 29, 30]","[16, 32, 64, 128]","[5, 10, 15, 20]","[2, 3, 5, 7]","[2, 4, 8]",tpe,minimize,local
e4dqx01r,97,831,1779186555215,,/home/meliani/nni-experiments/e4dqx01r,12,exp_tpe_1800s_ali_only_ali_only,hpo,/home/meliani/Desktop/phd/fast-track/search_space.json,python3 trial.py --data ./ali_only.csv,/home/meliani/Desktop/phd/fast-track,1,1800s,100000000,False,False,info,/home/meliani/nni-experiments,"['LSTM', 'GRU', 'CNN', 'RNN', 'TCN', 'Transformer', 'MLP']","[16, 32, 64, 128, 256]","[1, 2, 3, 4]","[0, 0.1, 0.2, 0.3, 0.5]","['relu', 'tanh', 'sigmoid', 'elu']","[1e-05, 0.01]","[2, 3, 4, 5, 6, 7, 8, 9, 10, 11, 12, 13, 14, 15, 16, 17, 18, 19, 20, 21, 22, 23, 24, 25, 26, 27, 28, 29, 30]","[16, 32, 64, 128]","[5, 10, 15, 20]","[2, 3, 5, 7]","[2, 4, 8]",tpe,minimize,local
e4dqx01r,98,840,1779186555215,,/home/meliani/nni-experiments/e4dqx01r,12,exp_tpe_1800s_ali_only_ali_only,hpo,/home/meliani/Desktop/phd/fast-track/search_space.json,python3 trial.py --data ./ali_only.csv,/home/meliani/Desktop/phd/fast-track,1,1800s,100000000,False,False,info,/home/meliani/nni-experiments,"['LSTM', 'GRU', 'CNN', 'RNN', 'TCN', 'Transformer', 'MLP']","[16, 32, 64, 128, 256]","[1, 2, 3, 4]","[0, 0.1, 0.2, 0.3, 0.5]","['relu', 'tanh', 'sigmoid', 'elu']","[1e-05, 0.01]","[2, 3, 4, 5, 6, 7, 8, 9, 10, 11, 12, 13, 14, 15, 16, 17, 18, 19, 20, 21, 22, 23, 24, 25, 26, 27, 28, 29, 30]","[16, 32, 64, 128]","[5, 10, 15, 20]","[2, 3, 5, 7]","[2, 4, 8]",tpe,minimize,local
e4dqx01r,99,848,1779186555215,,/home/meliani/nni-experiments/e4dqx01r,13,exp_tpe_1800s_ali_only_ali_only,hpo,/home/meliani/Desktop/phd/fast-track/search_space.json,python3 trial.py --data ./ali_only.csv,/home/meliani/Desktop/phd/fast-track,1,1800s,100000000,False,False,info,/home/meliani/nni-experiments,"['LSTM', 'GRU', 'CNN', 'RNN', 'TCN', 'Transformer', 'MLP']","[16, 32, 64, 128, 256]","[1, 2, 3, 4]","[0, 0.1, 0.2, 0.3, 0.5]","['relu', 'tanh', 'sigmoid', 'elu']","[1e-05, 0.01]","[2, 3, 4, 5, 6, 7, 8, 9, 10, 11, 12, 13, 14, 15, 16, 17, 18, 19, 20, 21, 22, 23, 24, 25, 26, 27, 28, 29, 30]","[16, 32, 64, 128]","[5, 10, 15, 20]","[2, 3, 5, 7]","[2, 4, 8]",tpe,minimize,local
e4dqx01r,100,850,1779186555215,,/home/meliani/nni-experiments/e4dqx01r,13,exp_tpe_1800s_ali_only_ali_only,hpo,/home/meliani/Desktop/phd/fast-track/search_space.json,python3 trial.py --data ./ali_only.csv,/home/meliani/Desktop/phd/fast-track,1,1800s,100000000,False,False,info,/home/meliani/nni-experiments,"['LSTM', 'GRU', 'CNN', 'RNN', 'TCN', 'Transformer', 'MLP']","[16, 32, 64, 128, 256]","[1, 2, 3, 4]","[0, 0.1, 0.2, 0.3, 0.5]","['relu', 'tanh', 'sigmoid', 'elu']","[1e-05, 0.01]","[2, 3, 4, 5, 6, 7, 8, 9, 10, 11, 12, 13, 14, 15, 16, 17, 18, 19, 20, 21, 22, 23, 24, 25, 26, 27, 28, 29, 30]","[16, 32, 64, 128]","[5, 10, 15, 20]","[2, 3, 5, 7]","[2, 4, 8]",tpe,minimize,local
e4dqx01r,101,860,1779186555215,,/home/meliani/nni-experiments/e4dqx01r,13,exp_tpe_1800s_ali_only_ali_only,hpo,/home/meliani/Desktop/phd/fast-track/search_space.json,python3 trial.py --data ./ali_only.csv,/home/meliani/Desktop/phd/fast-track,1,1800s,100000000,False,False,info,/home/meliani/nni-experiments,"['LSTM', 'GRU', 'CNN', 'RNN', 'TCN', 'Transformer', 'MLP']","[16, 32, 64, 128, 256]","[1, 2, 3, 4]","[0, 0.1, 0.2, 0.3, 0.5]","['relu', 'tanh', 'sigmoid', 'elu']","[1e-05, 0.01]","[2, 3, 4, 5, 6, 7, 8, 9, 10, 11, 12, 13, 14, 15, 16, 17, 18, 19, 20, 21, 22, 23, 24, 25, 26, 27, 28, 29, 30]","[16, 32, 64, 128]","[5, 10, 15, 20]","[2, 3, 5, 7]","[2, 4, 8]",tpe,minimize,local
e4dqx01r,102,869,1779186555215,,/home/meliani/nni-experiments/e4dqx01r,14,exp_tpe_1800s_ali_only_ali_only,hpo,/home/meliani/Desktop/phd/fast-track/search_space.json,python3 trial.py --data ./ali_only.csv,/home/meliani/Desktop/phd/fast-track,1,1800s,100000000,False,False,info,/home/meliani/nni-experiments,"['LSTM', 'GRU', 'CNN', 'RNN', 'TCN', 'Transformer', 'MLP']","[16, 32, 64, 128, 256]","[1, 2, 3, 4]","[0, 0.1, 0.2, 0.3, 0.5]","['relu', 'tanh', 'sigmoid', 'elu']","[1e-05, 0.01]","[2, 3, 4, 5, 6, 7, 8, 9, 10, 11, 12, 13, 14, 15, 16, 17, 18, 19, 20, 21, 22, 23, 24, 25, 26, 27, 28, 29, 30]","[16, 32, 64, 128]","[5, 10, 15, 20]","[2, 3, 5, 7]","[2, 4, 8]",tpe,minimize,local
e4dqx01r,103,870,1779186555215,,/home/meliani/nni-experiments/e4dqx01r,14,exp_tpe_1800s_ali_only_ali_only,hpo,/home/meliani/Desktop/phd/fast-track/search_space.json,python3 trial.py --data ./ali_only.csv,/home/meliani/Desktop/phd/fast-track,1,1800s,100000000,False,False,info,/home/meliani/nni-experiments,"['LSTM', 'GRU', 'CNN', 'RNN', 'TCN', 'Transformer', 'MLP']","[16, 32, 64, 128, 256]","[1, 2, 3, 4]","[0, 0.1, 0.2, 0.3, 0.5]","['relu', 'tanh', 'sigmoid', 'elu']","[1e-05, 0.01]","[2, 3, 4, 5, 6, 7, 8, 9, 10, 11, 12, 13, 14, 15, 16, 17, 18, 19, 20, 21, 22, 23, 24, 25, 26, 27, 28, 29, 30]","[16, 32, 64, 128]","[5, 10, 15, 20]","[2, 3, 5, 7]","[2, 4, 8]",tpe,minimize,local
e4dqx01r,104,880,1779186555215,,/home/meliani/nni-experiments/e4dqx01r,14,exp_tpe_1800s_ali_only_ali_only,hpo,/home/meliani/Desktop/phd/fast-track/search_space.json,python3 trial.py --data ./ali_only.csv,/home/meliani/Desktop/phd/fast-track,1,1800s,100000000,False,False,info,/home/meliani/nni-experiments,"['LSTM', 'GRU', 'CNN', 'RNN', 'TCN', 'Transformer', 'MLP']","[16, 32, 64, 128, 256]","[1, 2, 3, 4]","[0, 0.1, 0.2, 0.3, 0.5]","['relu', 'tanh', 'sigmoid', 'elu']","[1e-05, 0.01]","[2, 3, 4, 5, 6, 7, 8, 9, 10, 11, 12, 13, 14, 15, 16, 17, 18, 19, 20, 21, 22, 23, 24, 25, 26, 27, 28, 29, 30]","[16, 32, 64, 128]","[5, 10, 15, 20]","[2, 3, 5, 7]","[2, 4, 8]",tpe,minimize,local
e4dqx01r,105,890,1779186555215,,/home/meliani/nni-experiments/e4dqx01r,14,exp_tpe_1800s_ali_only_ali_only,hpo,/home/meliani/Desktop/phd/fast-track/search_space.json,python3 trial.py --data ./ali_only.csv,/home/meliani/Desktop/phd/fast-track,1,1800s,100000000,False,False,info,/home/meliani/nni-experiments,"['LSTM', 'GRU', 'CNN', 'RNN', 'TCN', 'Transformer', 'MLP']","[16, 32, 64, 128, 256]","[1, 2, 3, 4]","[0, 0.1, 0.2, 0.3, 0.5]","['relu', 'tanh', 'sigmoid', 'elu']","[1e-05, 0.01]","[2, 3, 4, 5, 6, 7, 8, 9, 10, 11, 12, 13, 14, 15, 16, 17, 18, 19, 20, 21, 22, 23, 24, 25, 26, 27, 28, 29, 30]","[16, 32, 64, 128]","[5, 10, 15, 20]","[2, 3, 5, 7]","[2, 4, 8]",tpe,minimize,local
e4dqx01r,106,900,1779186555215,,/home/meliani/nni-experiments/e4dqx01r,14,exp_tpe_1800s_ali_only_ali_only,hpo,/home/meliani/Desktop/phd/fast-track/search_space.json,python3 trial.py --data ./ali_only.csv,/home/meliani/Desktop/phd/fast-track,1,1800s,100000000,False,False,info,/home/meliani/nni-experiments,"['LSTM', 'GRU', 'CNN', 'RNN', 'TCN', 'Transformer', 'MLP']","[16, 32, 64, 128, 256]","[1, 2, 3, 4]","[0, 0.1, 0.2, 0.3, 0.5]","['relu', 'tanh', 'sigmoid', 'elu']","[1e-05, 0.01]","[2, 3, 4, 5, 6, 7, 8, 9, 10, 11, 12, 13, 14, 15, 16, 17, 18, 19, 20, 21, 22, 23, 24, 25, 26, 27, 28, 29, 30]","[16, 32, 64, 128]","[5, 10, 15, 20]","[2, 3, 5, 7]","[2, 4, 8]",tpe,minimize,local
e4dqx01r,107,910,1779186555215,,/home/meliani/nni-experiments/e4dqx01r,14,exp_tpe_1800s_ali_only_ali_only,hpo,/home/meliani/Desktop/phd/fast-track/search_space.json,python3 trial.py --data ./ali_only.csv,/home/meliani/Desktop/phd/fast-track,1,1800s,100000000,False,False,info,/home/meliani/nni-experiments,"['LSTM', 'GRU', 'CNN', 'RNN', 'TCN', 'Transformer', 'MLP']","[16, 32, 64, 128, 256]","[1, 2, 3, 4]","[0, 0.1, 0.2, 0.3, 0.5]","['relu', 'tanh', 'sigmoid', 'elu']","[1e-05, 0.01]","[2, 3, 4, 5, 6, 7, 8, 9, 10, 11, 12, 13, 14, 15, 16, 17, 18, 19, 20, 21, 22, 23, 24, 25, 26, 27, 28, 29, 30]","[16, 32, 64, 128]","[5, 10, 15, 20]","[2, 3, 5, 7]","[2, 4, 8]",tpe,minimize,local
e4dqx01r,108,920,1779186555215,,/home/meliani/nni-experiments/e4dqx01r,14,exp_tpe_1800s_ali_only_ali_only,hpo,/home/meliani/Desktop/phd/fast-track/search_space.json,python3 trial.py --data ./ali_only.csv,/home/meliani/Desktop/phd/fast-track,1,1800s,100000000,False,False,info,/home/meliani/nni-experiments,"['LSTM', 'GRU', 'CNN', 'RNN', 'TCN', 'Transformer', 'MLP']","[16, 32, 64, 128, 256]","[1, 2, 3, 4]","[0, 0.1, 0.2, 0.3, 0.5]","['relu', 'tanh', 'sigmoid', 'elu']","[1e-05, 0.01]","[2, 3, 4, 5, 6, 7, 8, 9, 10, 11, 12, 13, 14, 15, 16, 17, 18, 19, 20, 21, 22, 23, 24, 25, 26, 27, 28, 29, 30]","[16, 32, 64, 128]","[5, 10, 15, 20]","[2, 3, 5, 7]","[2, 4, 8]",tpe,minimize,local
e4dqx01r,109,930,1779186555215,,/home/meliani/nni-experiments/e4dqx01r,14,exp_tpe_1800s_ali_only_ali_only,hpo,/home/meliani/Desktop/phd/fast-track/search_space.json,python3 trial.py --data ./ali_only.csv,/home/meliani/Desktop/phd/fast-track,1,1800s,100000000,False,False,info,/home/meliani/nni-experiments,"['LSTM', 'GRU', 'CNN', 'RNN', 'TCN', 'Transformer', 'MLP']","[16, 32, 64, 128, 256]","[1, 2, 3, 4]","[0, 0.1, 0.2, 0.3, 0.5]","['relu', 'tanh', 'sigmoid', 'elu']","[1e-05, 0.01]","[2, 3, 4, 5, 6, 7, 8, 9, 10, 11, 12, 13, 14, 15, 16, 17, 18, 19, 20, 21, 22, 23, 24, 25, 26, 27, 28, 29, 30]","[16, 32, 64, 128]","[5, 10, 15, 20]","[2, 3, 5, 7]","[2, 4, 8]",tpe,minimize,local
e4dqx01r,110,940,1779186555215,,/home/meliani/nni-experiments/e4dqx01r,14,exp_tpe_1800s_ali_only_ali_only,hpo,/home/meliani/Desktop/phd/fast-track/search_space.json,python3 trial.py --data ./ali_only.csv,/home/meliani/Desktop/phd/fast-track,1,1800s,100000000,False,False,info,/home/meliani/nni-experiments,"['LSTM', 'GRU', 'CNN', 'RNN', 'TCN', 'Transformer', 'MLP']","[16, 32, 64, 128, 256]","[1, 2, 3, 4]","[0, 0.1, 0.2, 0.3, 0.5]","['relu', 'tanh', 'sigmoid', 'elu']","[1e-05, 0.01]","[2, 3, 4, 5, 6, 7, 8, 9, 10, 11, 12, 13, 14, 15, 16, 17, 18, 19, 20, 21, 22, 23, 24, 25, 26, 27, 28, 29, 30]","[16, 32, 64, 128]","[5, 10, 15, 20]","[2, 3, 5, 7]","[2, 4, 8]",tpe,minimize,local
e4dqx01r,111,948,1779186555215,,/home/meliani/nni-experiments/e4dqx01r,15,exp_tpe_1800s_ali_only_ali_only,hpo,/home/meliani/Desktop/phd/fast-track/search_space.json,python3 trial.py --data ./ali_only.csv,/home/meliani/Desktop/phd/fast-track,1,1800s,100000000,False,False,info,/home/meliani/nni-experiments,"['LSTM', 'GRU', 'CNN', 'RNN', 'TCN', 'Transformer', 'MLP']","[16, 32, 64, 128, 256]","[1, 2, 3, 4]","[0, 0.1, 0.2, 0.3, 0.5]","['relu', 'tanh', 'sigmoid', 'elu']","[1e-05, 0.01]","[2, 3, 4, 5, 6, 7, 8, 9, 10, 11, 12, 13, 14, 15, 16, 17, 18, 19, 20, 21, 22, 23, 24, 25, 26, 27, 28, 29, 30]","[16, 32, 64, 128]","[5, 10, 15, 20]","[2, 3, 5, 7]","[2, 4, 8]",tpe,minimize,local
e4dqx01r,112,950,1779186555215,,/home/meliani/nni-experiments/e4dqx01r,15,exp_tpe_1800s_ali_only_ali_only,hpo,/home/meliani/Desktop/phd/fast-track/search_space.json,python3 trial.py --data ./ali_only.csv,/home/meliani/Desktop/phd/fast-track,1,1800s,100000000,False,False,info,/home/meliani/nni-experiments,"['LSTM', 'GRU', 'CNN', 'RNN', 'TCN', 'Transformer', 'MLP']","[16, 32, 64, 128, 256]","[1, 2, 3, 4]","[0, 0.1, 0.2, 0.3, 0.5]","['relu', 'tanh', 'sigmoid', 'elu']","[1e-05, 0.01]","[2, 3, 4, 5, 6, 7, 8, 9, 10, 11, 12, 13, 14, 15, 16, 17, 18, 19, 20, 21, 22, 23, 24, 25, 26, 27, 28, 29, 30]","[16, 32, 64, 128]","[5, 10, 15, 20]","[2, 3, 5, 7]","[2, 4, 8]",tpe,minimize,local
e4dqx01r,113,960,1779186555215,,/home/meliani/nni-experiments/e4dqx01r,15,exp_tpe_1800s_ali_only_ali_only,hpo,/home/meliani/Desktop/phd/fast-track/search_space.json,python3 trial.py --data ./ali_only.csv,/home/meliani/Desktop/phd/fast-track,1,1800s,100000000,False,False,info,/home/meliani/nni-experiments,"['LSTM', 'GRU', 'CNN', 'RNN', 'TCN', 'Transformer', 'MLP']","[16, 32, 64, 128, 256]","[1, 2, 3, 4]","[0, 0.1, 0.2, 0.3, 0.5]","['relu', 'tanh', 'sigmoid', 'elu']","[1e-05, 0.01]","[2, 3, 4, 5, 6, 7, 8, 9, 10, 11, 12, 13, 14, 15, 16, 17, 18, 19, 20, 21, 22, 23, 24, 25, 26, 27, 28, 29, 30]","[16, 32, 64, 128]","[5, 10, 15, 20]","[2, 3, 5, 7]","[2, 4, 8]",tpe,minimize,local
e4dqx01r,114,970,1779186555215,,/home/meliani/nni-experiments/e4dqx01r,15,exp_tpe_1800s_ali_only_ali_only,hpo,/home/meliani/Desktop/phd/fast-track/search_space.json,python3 trial.py --data ./ali_only.csv,/home/meliani/Desktop/phd/fast-track,1,1800s,100000000,False,False,info,/home/meliani/nni-experiments,"['LSTM', 'GRU', 'CNN', 'RNN', 'TCN', 'Transformer', 'MLP']","[16, 32, 64, 128, 256]","[1, 2, 3, 4]","[0, 0.1, 0.2, 0.3, 0.5]","['relu', 'tanh', 'sigmoid', 'elu']","[1e-05, 0.01]","[2, 3, 4, 5, 6, 7, 8, 9, 10, 11, 12, 13, 14, 15, 16, 17, 18, 19, 20, 21, 22, 23, 24, 25, 26, 27, 28, 29, 30]","[16, 32, 64, 128]","[5, 10, 15, 20]","[2, 3, 5, 7]","[2, 4, 8]",tpe,minimize,local
e4dqx01r,115,980,1779186555215,,/home/meliani/nni-experiments/e4dqx01r,15,exp_tpe_1800s_ali_only_ali_only,hpo,/home/meliani/Desktop/phd/fast-track/search_space.json,python3 trial.py --data ./ali_only.csv,/home/meliani/Desktop/phd/fast-track,1,1800s,100000000,False,False,info,/home/meliani/nni-experiments,"['LSTM', 'GRU', 'CNN', 'RNN', 'TCN', 'Transformer', 'MLP']","[16, 32, 64, 128, 256]","[1, 2, 3, 4]","[0, 0.1, 0.2, 0.3, 0.5]","['relu', 'tanh', 'sigmoid', 'elu']","[1e-05, 0.01]","[2, 3, 4, 5, 6, 7, 8, 9, 10, 11, 12, 13, 14, 15, 16, 17, 18, 19, 20, 21, 22, 23, 24, 25, 26, 27, 28, 29, 30]","[16, 32, 64, 128]","[5, 10, 15, 20]","[2, 3, 5, 7]","[2, 4, 8]",tpe,minimize,local
e4dqx01r,116,990,1779186555215,,/home/meliani/nni-experiments/e4dqx01r,15,exp_tpe_1800s_ali_only_ali_only,hpo,/home/meliani/Desktop/phd/fast-track/search_space.json,python3 trial.py --data ./ali_only.csv,/home/meliani/Desktop/phd/fast-track,1,1800s,100000000,False,False,info,/home/meliani/nni-experiments,"['LSTM', 'GRU', 'CNN', 'RNN', 'TCN', 'Transformer', 'MLP']","[16, 32, 64, 128, 256]","[1, 2, 3, 4]","[0, 0.1, 0.2, 0.3, 0.5]","['relu', 'tanh', 'sigmoid', 'elu']","[1e-05, 0.01]","[2, 3, 4, 5, 6, 7, 8, 9, 10, 11, 12, 13, 14, 15, 16, 17, 18, 19, 20, 21, 22, 23, 24, 25, 26, 27, 28, 29, 30]","[16, 32, 64, 128]","[5, 10, 15, 20]","[2, 3, 5, 7]","[2, 4, 8]",tpe,minimize,local
e4dqx01r,117,992,1779186555215,,/home/meliani/nni-experiments/e4dqx01r,16,exp_tpe_1800s_ali_only_ali_only,hpo,/home/meliani/Desktop/phd/fast-track/search_space.json,python3 trial.py --data ./ali_only.csv,/home/meliani/Desktop/phd/fast-track,1,1800s,100000000,False,False,info,/home/meliani/nni-experiments,"['LSTM', 'GRU', 'CNN', 'RNN', 'TCN', 'Transformer', 'MLP']","[16, 32, 64, 128, 256]","[1, 2, 3, 4]","[0, 0.1, 0.2, 0.3, 0.5]","['relu', 'tanh', 'sigmoid', 'elu']","[1e-05, 0.01]","[2, 3, 4, 5, 6, 7, 8, 9, 10, 11, 12, 13, 14, 15, 16, 17, 18, 19, 20, 21, 22, 23, 24, 25, 26, 27, 28, 29, 30]","[16, 32, 64, 128]","[5, 10, 15, 20]","[2, 3, 5, 7]","[2, 4, 8]",tpe,minimize,local
e4dqx01r,118,1000,1779186555215,,/home/meliani/nni-experiments/e4dqx01r,16,exp_tpe_1800s_ali_only_ali_only,hpo,/home/meliani/Desktop/phd/fast-track/search_space.json,python3 trial.py --data ./ali_only.csv,/home/meliani/Desktop/phd/fast-track,1,1800s,100000000,False,False,info,/home/meliani/nni-experiments,"['LSTM', 'GRU', 'CNN', 'RNN', 'TCN', 'Transformer', 'MLP']","[16, 32, 64, 128, 256]","[1, 2, 3, 4]","[0, 0.1, 0.2, 0.3, 0.5]","['relu', 'tanh', 'sigmoid', 'elu']","[1e-05, 0.01]","[2, 3, 4, 5, 6, 7, 8, 9, 10, 11, 12, 13, 14, 15, 16, 17, 18, 19, 20, 21, 22, 23, 24, 25, 26, 27, 28, 29, 30]","[16, 32, 64, 128]","[5, 10, 15, 20]","[2, 3, 5, 7]","[2, 4, 8]",tpe,minimize,local
e4dqx01r,119,1004,1779186555215,,/home/meliani/nni-experiments/e4dqx01r,17,exp_tpe_1800s_ali_only_ali_only,hpo,/home/meliani/Desktop/phd/fast-track/search_space.json,python3 trial.py --data ./ali_only.csv,/home/meliani/Desktop/phd/fast-track,1,1800s,100000000,False,False,info,/home/meliani/nni-experiments,"['LSTM', 'GRU', 'CNN', 'RNN', 'TCN', 'Transformer', 'MLP']","[16, 32, 64, 128, 256]","[1, 2, 3, 4]","[0, 0.1, 0.2, 0.3, 0.5]","['relu', 'tanh', 'sigmoid', 'elu']","[1e-05, 0.01]","[2, 3, 4, 5, 6, 7, 8, 9, 10, 11, 12, 13, 14, 15, 16, 17, 18, 19, 20, 21, 22, 23, 24, 25, 26, 27, 28, 29, 30]","[16, 32, 64, 128]","[5, 10, 15, 20]","[2, 3, 5, 7]","[2, 4, 8]",tpe,minimize,local
e4dqx01r,120,1010,1779186555215,,/home/meliani/nni-experiments/e4dqx01r,17,exp_tpe_1800s_ali_only_ali_only,hpo,/home/meliani/Desktop/phd/fast-track/search_space.json,python3 trial.py --data ./ali_only.csv,/home/meliani/Desktop/phd/fast-track,1,1800s,100000000,False,False,info,/home/meliani/nni-experiments,"['LSTM', 'GRU', 'CNN', 'RNN', 'TCN', 'Transformer', 'MLP']","[16, 32, 64, 128, 256]","[1, 2, 3, 4]","[0, 0.1, 0.2, 0.3, 0.5]","['relu', 'tanh', 'sigmoid', 'elu']","[1e-05, 0.01]","[2, 3, 4, 5, 6, 7, 8, 9, 10, 11, 12, 13, 14, 15, 16, 17, 18, 19, 20, 21, 22, 23, 24, 25, 26, 27, 28, 29, 30]","[16, 32, 64, 128]","[5, 10, 15, 20]","[2, 3, 5, 7]","[2, 4, 8]",tpe,minimize,local
e4dqx01r,121,1020,1779186555215,,/home/meliani/nni-experiments/e4dqx01r,17,exp_tpe_1800s_ali_only_ali_only,hpo,/home/meliani/Desktop/phd/fast-track/search_space.json,python3 trial.py --data ./ali_only.csv,/home/meliani/Desktop/phd/fast-track,1,1800s,100000000,False,False,info,/home/meliani/nni-experiments,"['LSTM', 'GRU', 'CNN', 'RNN', 'TCN', 'Transformer', 'MLP']","[16, 32, 64, 128, 256]","[1, 2, 3, 4]","[0, 0.1, 0.2, 0.3, 0.5]","['relu', 'tanh', 'sigmoid', 'elu']","[1e-05, 0.01]","[2, 3, 4, 5, 6, 7, 8, 9, 10, 11, 12, 13, 14, 15, 16, 17, 18, 19, 20, 21, 22, 23, 24, 25, 26, 27, 28, 29, 30]","[16, 32, 64, 128]","[5, 10, 15, 20]","[2, 3, 5, 7]","[2, 4, 8]",tpe,minimize,local
e4dqx01r,122,1020,1779186555215,,/home/meliani/nni-experiments/e4dqx01r,18,exp_tpe_1800s_ali_only_ali_only,hpo,/home/meliani/Desktop/phd/fast-track/search_space.json,python3 trial.py --data ./ali_only.csv,/home/meliani/Desktop/phd/fast-track,1,1800s,100000000,False,False,info,/home/meliani/nni-experiments,"['LSTM', 'GRU', 'CNN', 'RNN', 'TCN', 'Transformer', 'MLP']","[16, 32, 64, 128, 256]","[1, 2, 3, 4]","[0, 0.1, 0.2, 0.3, 0.5]","['relu', 'tanh', 'sigmoid', 'elu']","[1e-05, 0.01]","[2, 3, 4, 5, 6, 7, 8, 9, 10, 11, 12, 13, 14, 15, 16, 17, 18, 19, 20, 21, 22, 23, 24, 25, 26, 27, 28, 29, 30]","[16, 32, 64, 128]","[5, 10, 15, 20]","[2, 3, 5, 7]","[2, 4, 8]",tpe,minimize,local
e4dqx01r,123,1030,1779186555215,,/home/meliani/nni-experiments/e4dqx01r,18,exp_tpe_1800s_ali_only_ali_only,hpo,/home/meliani/Desktop/phd/fast-track/search_space.json,python3 trial.py --data ./ali_only.csv,/home/meliani/Desktop/phd/fast-track,1,1800s,100000000,False,False,info,/home/meliani/nni-experiments,"['LSTM', 'GRU', 'CNN', 'RNN', 'TCN', 'Transformer', 'MLP']","[16, 32, 64, 128, 256]","[1, 2, 3, 4]","[0, 0.1, 0.2, 0.3, 0.5]","['relu', 'tanh', 'sigmoid', 'elu']","[1e-05, 0.01]","[2, 3, 4, 5, 6, 7, 8, 9, 10, 11, 12, 13, 14, 15, 16, 17, 18, 19, 20, 21, 22, 23, 24, 25, 26, 27, 28, 29, 30]","[16, 32, 64, 128]","[5, 10, 15, 20]","[2, 3, 5, 7]","[2, 4, 8]",tpe,minimize,local
e4dqx01r,124,1040,1779186555215,,/home/meliani/nni-experiments/e4dqx01r,18,exp_tpe_1800s_ali_only_ali_only,hpo,/home/meliani/Desktop/phd/fast-track/search_space.json,python3 trial.py --data ./ali_only.csv,/home/meliani/Desktop/phd/fast-track,1,1800s,100000000,False,False,info,/home/meliani/nni-experiments,"['LSTM', 'GRU', 'CNN', 'RNN', 'TCN', 'Transformer', 'MLP']","[16, 32, 64, 128, 256]","[1, 2, 3, 4]","[0, 0.1, 0.2, 0.3, 0.5]","['relu', 'tanh', 'sigmoid', 'elu']","[1e-05, 0.01]","[2, 3, 4, 5, 6, 7, 8, 9, 10, 11, 12, 13, 14, 15, 16, 17, 18, 19, 20, 21, 22, 23, 24, 25, 26, 27, 28, 29, 30]","[16, 32, 64, 128]","[5, 10, 15, 20]","[2, 3, 5, 7]","[2, 4, 8]",tpe,minimize,local
e4dqx01r,125,1050,1779186555215,,/home/meliani/nni-experiments/e4dqx01r,18,exp_tpe_1800s_ali_only_ali_only,hpo,/home/meliani/Desktop/phd/fast-track/search_space.json,python3 trial.py --data ./ali_only.csv,/home/meliani/Desktop/phd/fast-track,1,1800s,100000000,False,False,info,/home/meliani/nni-experiments,"['LSTM', 'GRU', 'CNN', 'RNN', 'TCN', 'Transformer', 'MLP']","[16, 32, 64, 128, 256]","[1, 2, 3, 4]","[0, 0.1, 0.2, 0.3, 0.5]","['relu', 'tanh', 'sigmoid', 'elu']","[1e-05, 0.01]","[2, 3, 4, 5, 6, 7, 8, 9, 10, 11, 12, 13, 14, 15, 16, 17, 18, 19, 20, 21, 22, 23, 24, 25, 26, 27, 28, 29, 30]","[16, 32, 64, 128]","[5, 10, 15, 20]","[2, 3, 5, 7]","[2, 4, 8]",tpe,minimize,local
e4dqx01r,126,1060,1779186555215,,/home/meliani/nni-experiments/e4dqx01r,18,exp_tpe_1800s_ali_only_ali_only,hpo,/home/meliani/Desktop/phd/fast-track/search_space.json,python3 trial.py --data ./ali_only.csv,/home/meliani/Desktop/phd/fast-track,1,1800s,100000000,False,False,info,/home/meliani/nni-experiments,"['LSTM', 'GRU', 'CNN', 'RNN', 'TCN', 'Transformer', 'MLP']","[16, 32, 64, 128, 256]","[1, 2, 3, 4]","[0, 0.1, 0.2, 0.3, 0.5]","['relu', 'tanh', 'sigmoid', 'elu']","[1e-05, 0.01]","[2, 3, 4, 5, 6, 7, 8, 9, 10, 11, 12, 13, 14, 15, 16, 17, 18, 19, 20, 21, 22, 23, 24, 25, 26, 27, 28, 29, 30]","[16, 32, 64, 128]","[5, 10, 15, 20]","[2, 3, 5, 7]","[2, 4, 8]",tpe,minimize,local
e4dqx01r,127,1061,1779186555215,,/home/meliani/nni-experiments/e4dqx01r,19,exp_tpe_1800s_ali_only_ali_only,hpo,/home/meliani/Desktop/phd/fast-track/search_space.json,python3 trial.py --data ./ali_only.csv,/home/meliani/Desktop/phd/fast-track,1,1800s,100000000,False,False,info,/home/meliani/nni-experiments,"['LSTM', 'GRU', 'CNN', 'RNN', 'TCN', 'Transformer', 'MLP']","[16, 32, 64, 128, 256]","[1, 2, 3, 4]","[0, 0.1, 0.2, 0.3, 0.5]","['relu', 'tanh', 'sigmoid', 'elu']","[1e-05, 0.01]","[2, 3, 4, 5, 6, 7, 8, 9, 10, 11, 12, 13, 14, 15, 16, 17, 18, 19, 20, 21, 22, 23, 24, 25, 26, 27, 28, 29, 30]","[16, 32, 64, 128]","[5, 10, 15, 20]","[2, 3, 5, 7]","[2, 4, 8]",tpe,minimize,local
e4dqx01r,128,1070,1779186555215,,/home/meliani/nni-experiments/e4dqx01r,19,exp_tpe_1800s_ali_only_ali_only,hpo,/home/meliani/Desktop/phd/fast-track/search_space.json,python3 trial.py --data ./ali_only.csv,/home/meliani/Desktop/phd/fast-track,1,1800s,100000000,False,False,info,/home/meliani/nni-experiments,"['LSTM', 'GRU', 'CNN', 'RNN', 'TCN', 'Transformer', 'MLP']","[16, 32, 64, 128, 256]","[1, 2, 3, 4]","[0, 0.1, 0.2, 0.3, 0.5]","['relu', 'tanh', 'sigmoid', 'elu']","[1e-05, 0.01]","[2, 3, 4, 5, 6, 7, 8, 9, 10, 11, 12, 13, 14, 15, 16, 17, 18, 19, 20, 21, 22, 23, 24, 25, 26, 27, 28, 29, 30]","[16, 32, 64, 128]","[5, 10, 15, 20]","[2, 3, 5, 7]","[2, 4, 8]",tpe,minimize,local
e4dqx01r,129,1079,1779186555215,,/home/meliani/nni-experiments/e4dqx01r,20,exp_tpe_1800s_ali_only_ali_only,hpo,/home/meliani/Desktop/phd/fast-track/search_space.json,python3 trial.py --data ./ali_only.csv,/home/meliani/Desktop/phd/fast-track,1,1800s,100000000,False,False,info,/home/meliani/nni-experiments,"['LSTM', 'GRU', 'CNN', 'RNN', 'TCN', 'Transformer', 'MLP']","[16, 32, 64, 128, 256]","[1, 2, 3, 4]","[0, 0.1, 0.2, 0.3, 0.5]","['relu', 'tanh', 'sigmoid', 'elu']","[1e-05, 0.01]","[2, 3, 4, 5, 6, 7, 8, 9, 10, 11, 12, 13, 14, 15, 16, 17, 18, 19, 20, 21, 22, 23, 24, 25, 26, 27, 28, 29, 30]","[16, 32, 64, 128]","[5, 10, 15, 20]","[2, 3, 5, 7]","[2, 4, 8]",tpe,minimize,local
e4dqx01r,130,1080,1779186555215,,/home/meliani/nni-experiments/e4dqx01r,20,exp_tpe_1800s_ali_only_ali_only,hpo,/home/meliani/Desktop/phd/fast-track/search_space.json,python3 trial.py --data ./ali_only.csv,/home/meliani/Desktop/phd/fast-track,1,1800s,100000000,False,False,info,/home/meliani/nni-experiments,"['LSTM', 'GRU', 'CNN', 'RNN', 'TCN', 'Transformer', 'MLP']","[16, 32, 64, 128, 256]","[1, 2, 3, 4]","[0, 0.1, 0.2, 0.3, 0.5]","['relu', 'tanh', 'sigmoid', 'elu']","[1e-05, 0.01]","[2, 3, 4, 5, 6, 7, 8, 9, 10, 11, 12, 13, 14, 15, 16, 17, 18, 19, 20, 21, 22, 23, 24, 25, 26, 27, 28, 29, 30]","[16, 32, 64, 128]","[5, 10, 15, 20]","[2, 3, 5, 7]","[2, 4, 8]",tpe,minimize,local
e4dqx01r,131,1090,1779186555215,,/home/meliani/nni-experiments/e4dqx01r,20,exp_tpe_1800s_ali_only_ali_only,hpo,/home/meliani/Desktop/phd/fast-track/search_space.json,python3 trial.py --data ./ali_only.csv,/home/meliani/Desktop/phd/fast-track,1,1800s,100000000,False,False,info,/home/meliani/nni-experiments,"['LSTM', 'GRU', 'CNN', 'RNN', 'TCN', 'Transformer', 'MLP']","[16, 32, 64, 128, 256]","[1, 2, 3, 4]","[0, 0.1, 0.2, 0.3, 0.5]","['relu', 'tanh', 'sigmoid', 'elu']","[1e-05, 0.01]","[2, 3, 4, 5, 6, 7, 8, 9, 10, 11, 12, 13, 14, 15, 16, 17, 18, 19, 20, 21, 22, 23, 24, 25, 26, 27, 28, 29, 30]","[16, 32, 64, 128]","[5, 10, 15, 20]","[2, 3, 5, 7]","[2, 4, 8]",tpe,minimize,local
e4dqx01r,132,1095,1779186555215,,/home/meliani/nni-experiments/e4dqx01r,21,exp_tpe_1800s_ali_only_ali_only,hpo,/home/meliani/Desktop/phd/fast-track/search_space.json,python3 trial.py --data ./ali_only.csv,/home/meliani/Desktop/phd/fast-track,1,1800s,100000000,False,False,info,/home/meliani/nni-experiments,"['LSTM', 'GRU', 'CNN', 'RNN', 'TCN', 'Transformer', 'MLP']","[16, 32, 64, 128, 256]","[1, 2, 3, 4]","[0, 0.1, 0.2, 0.3, 0.5]","['relu', 'tanh', 'sigmoid', 'elu']","[1e-05, 0.01]","[2, 3, 4, 5, 6, 7, 8, 9, 10, 11, 12, 13, 14, 15, 16, 17, 18, 19, 20, 21, 22, 23, 24, 25, 26, 27, 28, 29, 30]","[16, 32, 64, 128]","[5, 10, 15, 20]","[2, 3, 5, 7]","[2, 4, 8]",tpe,minimize,local
e4dqx01r,133,1100,1779186555215,,/home/meliani/nni-experiments/e4dqx01r,21,exp_tpe_1800s_ali_only_ali_only,hpo,/home/meliani/Desktop/phd/fast-track/search_space.json,python3 trial.py --data ./ali_only.csv,/home/meliani/Desktop/phd/fast-track,1,1800s,100000000,False,False,info,/home/meliani/nni-experiments,"['LSTM', 'GRU', 'CNN', 'RNN', 'TCN', 'Transformer', 'MLP']","[16, 32, 64, 128, 256]","[1, 2, 3, 4]","[0, 0.1, 0.2, 0.3, 0.5]","['relu', 'tanh', 'sigmoid', 'elu']","[1e-05, 0.01]","[2, 3, 4, 5, 6, 7, 8, 9, 10, 11, 12, 13, 14, 15, 16, 17, 18, 19, 20, 21, 22, 23, 24, 25, 26, 27, 28, 29, 30]","[16, 32, 64, 128]","[5, 10, 15, 20]","[2, 3, 5, 7]","[2, 4, 8]",tpe,minimize,local
e4dqx01r,134,1102,1779186555215,,/home/meliani/nni-experiments/e4dqx01r,22,exp_tpe_1800s_ali_only_ali_only,hpo,/home/meliani/Desktop/phd/fast-track/search_space.json,python3 trial.py --data ./ali_only.csv,/home/meliani/Desktop/phd/fast-track,1,1800s,100000000,False,False,info,/home/meliani/nni-experiments,"['LSTM', 'GRU', 'CNN', 'RNN', 'TCN', 'Transformer', 'MLP']","[16, 32, 64, 128, 256]","[1, 2, 3, 4]","[0, 0.1, 0.2, 0.3, 0.5]","['relu', 'tanh', 'sigmoid', 'elu']","[1e-05, 0.01]","[2, 3, 4, 5, 6, 7, 8, 9, 10, 11, 12, 13, 14, 15, 16, 17, 18, 19, 20, 21, 22, 23, 24, 25, 26, 27, 28, 29, 30]","[16, 32, 64, 128]","[5, 10, 15, 20]","[2, 3, 5, 7]","[2, 4, 8]",tpe,minimize,local
e4dqx01r,135,1108,1779186555215,,/home/meliani/nni-experiments/e4dqx01r,23,exp_tpe_1800s_ali_only_ali_only,hpo,/home/meliani/Desktop/phd/fast-track/search_space.json,python3 trial.py --data ./ali_only.csv,/home/meliani/Desktop/phd/fast-track,1,1800s,100000000,False,False,info,/home/meliani/nni-experiments,"['LSTM', 'GRU', 'CNN', 'RNN', 'TCN', 'Transformer', 'MLP']","[16, 32, 64, 128, 256]","[1, 2, 3, 4]","[0, 0.1, 0.2, 0.3, 0.5]","['relu', 'tanh', 'sigmoid', 'elu']","[1e-05, 0.01]","[2, 3, 4, 5, 6, 7, 8, 9, 10, 11, 12, 13, 14, 15, 16, 17, 18, 19, 20, 21, 22, 23, 24, 25, 26, 27, 28, 29, 30]","[16, 32, 64, 128]","[5, 10, 15, 20]","[2, 3, 5, 7]","[2, 4, 8]",tpe,minimize,local
e4dqx01r,136,1110,1779186555215,,/home/meliani/nni-experiments/e4dqx01r,23,exp_tpe_1800s_ali_only_ali_only,hpo,/home/meliani/Desktop/phd/fast-track/search_space.json,python3 trial.py --data ./ali_only.csv,/home/meliani/Desktop/phd/fast-track,1,1800s,100000000,False,False,info,/home/meliani/nni-experiments,"['LSTM', 'GRU', 'CNN', 'RNN', 'TCN', 'Transformer', 'MLP']","[16, 32, 64, 128, 256]","[1, 2, 3, 4]","[0, 0.1, 0.2, 0.3, 0.5]","['relu', 'tanh', 'sigmoid', 'elu']","[1e-05, 0.01]","[2, 3, 4, 5, 6, 7, 8, 9, 10, 11, 12, 13, 14, 15, 16, 17, 18, 19, 20, 21, 22, 23, 24, 25, 26, 27, 28, 29, 30]","[16, 32, 64, 128]","[5, 10, 15, 20]","[2, 3, 5, 7]","[2, 4, 8]",tpe,minimize,local
e4dqx01r,137,1114,1779186555215,,/home/meliani/nni-experiments/e4dqx01r,24,exp_tpe_1800s_ali_only_ali_only,hpo,/home/meliani/Desktop/phd/fast-track/search_space.json,python3 trial.py --data ./ali_only.csv,/home/meliani/Desktop/phd/fast-track,1,1800s,100000000,False,False,info,/home/meliani/nni-experiments,"['LSTM', 'GRU', 'CNN', 'RNN', 'TCN', 'Transformer', 'MLP']","[16, 32, 64, 128, 256]","[1, 2, 3, 4]","[0, 0.1, 0.2, 0.3, 0.5]","['relu', 'tanh', 'sigmoid', 'elu']","[1e-05, 0.01]","[2, 3, 4, 5, 6, 7, 8, 9, 10, 11, 12, 13, 14, 15, 16, 17, 18, 19, 20, 21, 22, 23, 24, 25, 26, 27, 28, 29, 30]","[16, 32, 64, 128]","[5, 10, 15, 20]","[2, 3, 5, 7]","[2, 4, 8]",tpe,minimize,local
e4dqx01r,138,1120,1779186555215,,/home/meliani/nni-experiments/e4dqx01r,25,exp_tpe_1800s_ali_only_ali_only,hpo,/home/meliani/Desktop/phd/fast-track/search_space.json,python3 trial.py --data ./ali_only.csv,/home/meliani/Desktop/phd/fast-track,1,1800s,100000000,False,False,info,/home/meliani/nni-experiments,"['LSTM', 'GRU', 'CNN', 'RNN', 'TCN', 'Transformer', 'MLP']","[16, 32, 64, 128, 256]","[1, 2, 3, 4]","[0, 0.1, 0.2, 0.3, 0.5]","['relu', 'tanh', 'sigmoid', 'elu']","[1e-05, 0.01]","[2, 3, 4, 5, 6, 7, 8, 9, 10, 11, 12, 13, 14, 15, 16, 17, 18, 19, 20, 21, 22, 23, 24, 25, 26, 27, 28, 29, 30]","[16, 32, 64, 128]","[5, 10, 15, 20]","[2, 3, 5, 7]","[2, 4, 8]",tpe,minimize,local
e4dqx01r,139,1120,1779186555215,,/home/meliani/nni-experiments/e4dqx01r,25,exp_tpe_1800s_ali_only_ali_only,hpo,/home/meliani/Desktop/phd/fast-track/search_space.json,python3 trial.py --data ./ali_only.csv,/home/meliani/Desktop/phd/fast-track,1,1800s,100000000,False,False,info,/home/meliani/nni-experiments,"['LSTM', 'GRU', 'CNN', 'RNN', 'TCN', 'Transformer', 'MLP']","[16, 32, 64, 128, 256]","[1, 2, 3, 4]","[0, 0.1, 0.2, 0.3, 0.5]","['relu', 'tanh', 'sigmoid', 'elu']","[1e-05, 0.01]","[2, 3, 4, 5, 6, 7, 8, 9, 10, 11, 12, 13, 14, 15, 16, 17, 18, 19, 20, 21, 22, 23, 24, 25, 26, 27, 28, 29, 30]","[16, 32, 64, 128]","[5, 10, 15, 20]","[2, 3, 5, 7]","[2, 4, 8]",tpe,minimize,local
e4dqx01r,140,1124,1779186555215,,/home/meliani/nni-experiments/e4dqx01r,26,exp_tpe_1800s_ali_only_ali_only,hpo,/home/meliani/Desktop/phd/fast-track/search_space.json,python3 trial.py --data ./ali_only.csv,/home/meliani/Desktop/phd/fast-track,1,1800s,100000000,False,False,info,/home/meliani/nni-experiments,"['LSTM', 'GRU', 'CNN', 'RNN', 'TCN', 'Transformer', 'MLP']","[16, 32, 64, 128, 256]","[1, 2, 3, 4]","[0, 0.1, 0.2, 0.3, 0.5]","['relu', 'tanh', 'sigmoid', 'elu']","[1e-05, 0.01]","[2, 3, 4, 5, 6, 7, 8, 9, 10, 11, 12, 13, 14, 15, 16, 17, 18, 19, 20, 21, 22, 23, 24, 25, 26, 27, 28, 29, 30]","[16, 32, 64, 128]","[5, 10, 15, 20]","[2, 3, 5, 7]","[2, 4, 8]",tpe,minimize,local
e4dqx01r,141,1130,1779186555215,,/home/meliani/nni-experiments/e4dqx01r,27,exp_tpe_1800s_ali_only_ali_only,hpo,/home/meliani/Desktop/phd/fast-track/search_space.json,python3 trial.py --data ./ali_only.csv,/home/meliani/Desktop/phd/fast-track,1,1800s,100000000,False,False,info,/home/meliani/nni-experiments,"['LSTM', 'GRU', 'CNN', 'RNN', 'TCN', 'Transformer', 'MLP']","[16, 32, 64, 128, 256]","[1, 2, 3, 4]","[0, 0.1, 0.2, 0.3, 0.5]","['relu', 'tanh', 'sigmoid', 'elu']","[1e-05, 0.01]","[2, 3, 4, 5, 6, 7, 8, 9, 10, 11, 12, 13, 14, 15, 16, 17, 18, 19, 20, 21, 22, 23, 24, 25, 26, 27, 28, 29, 30]","[16, 32, 64, 128]","[5, 10, 15, 20]","[2, 3, 5, 7]","[2, 4, 8]",tpe,minimize,local
e4dqx01r,142,1130,1779186555215,,/home/meliani/nni-experiments/e4dqx01r,27,exp_tpe_1800s_ali_only_ali_only,hpo,/home/meliani/Desktop/phd/fast-track/search_space.json,python3 trial.py --data ./ali_only.csv,/home/meliani/Desktop/phd/fast-track,1,1800s,100000000,False,False,info,/home/meliani/nni-experiments,"['LSTM', 'GRU', 'CNN', 'RNN', 'TCN', 'Transformer', 'MLP']","[16, 32, 64, 128, 256]","[1, 2, 3, 4]","[0, 0.1, 0.2, 0.3, 0.5]","['relu', 'tanh', 'sigmoid', 'elu']","[1e-05, 0.01]","[2, 3, 4, 5, 6, 7, 8, 9, 10, 11, 12, 13, 14, 15, 16, 17, 18, 19, 20, 21, 22, 23, 24, 25, 26, 27, 28, 29, 30]","[16, 32, 64, 128]","[5, 10, 15, 20]","[2, 3, 5, 7]","[2, 4, 8]",tpe,minimize,local
e4dqx01r,143,1136,1779186555215,,/home/meliani/nni-experiments/e4dqx01r,28,exp_tpe_1800s_ali_only_ali_only,hpo,/home/meliani/Desktop/phd/fast-track/search_space.json,python3 trial.py --data ./ali_only.csv,/home/meliani/Desktop/phd/fast-track,1,1800s,100000000,False,False,info,/home/meliani/nni-experiments,"['LSTM', 'GRU', 'CNN', 'RNN', 'TCN', 'Transformer', 'MLP']","[16, 32, 64, 128, 256]","[1, 2, 3, 4]","[0, 0.1, 0.2, 0.3, 0.5]","['relu', 'tanh', 'sigmoid', 'elu']","[1e-05, 0.01]","[2, 3, 4, 5, 6, 7, 8, 9, 10, 11, 12, 13, 14, 15, 16, 17, 18, 19, 20, 21, 22, 23, 24, 25, 26, 27, 28, 29, 30]","[16, 32, 64, 128]","[5, 10, 15, 20]","[2, 3, 5, 7]","[2, 4, 8]",tpe,minimize,local
e4dqx01r,144,1140,1779186555215,,/home/meliani/nni-experiments/e4dqx01r,28,exp_tpe_1800s_ali_only_ali_only,hpo,/home/meliani/Desktop/phd/fast-track/search_space.json,python3 trial.py --data ./ali_only.csv,/home/meliani/Desktop/phd/fast-track,1,1800s,100000000,False,False,info,/home/meliani/nni-experiments,"['LSTM', 'GRU', 'CNN', 'RNN', 'TCN', 'Transformer', 'MLP']","[16, 32, 64, 128, 256]","[1, 2, 3, 4]","[0, 0.1, 0.2, 0.3, 0.5]","['relu', 'tanh', 'sigmoid', 'elu']","[1e-05, 0.01]","[2, 3, 4, 5, 6, 7, 8, 9, 10, 11, 12, 13, 14, 15, 16, 17, 18, 19, 20, 21, 22, 23, 24, 25, 26, 27, 28, 29, 30]","[16, 32, 64, 128]","[5, 10, 15, 20]","[2, 3, 5, 7]","[2, 4, 8]",tpe,minimize,local
e4dqx01r,145,1143,1779186555215,,/home/meliani/nni-experiments/e4dqx01r,29,exp_tpe_1800s_ali_only_ali_only,hpo,/home/meliani/Desktop/phd/fast-track/search_space.json,python3 trial.py --data ./ali_only.csv,/home/meliani/Desktop/phd/fast-track,1,1800s,100000000,False,False,info,/home/meliani/nni-experiments,"['LSTM', 'GRU', 'CNN', 'RNN', 'TCN', 'Transformer', 'MLP']","[16, 32, 64, 128, 256]","[1, 2, 3, 4]","[0, 0.1, 0.2, 0.3, 0.5]","['relu', 'tanh', 'sigmoid', 'elu']","[1e-05, 0.01]","[2, 3, 4, 5, 6, 7, 8, 9, 10, 11, 12, 13, 14, 15, 16, 17, 18, 19, 20, 21, 22, 23, 24, 25, 26, 27, 28, 29, 30]","[16, 32, 64, 128]","[5, 10, 15, 20]","[2, 3, 5, 7]","[2, 4, 8]",tpe,minimize,local
e4dqx01r,146,1150,1779186555215,,/home/meliani/nni-experiments/e4dqx01r,30,exp_tpe_1800s_ali_only_ali_only,hpo,/home/meliani/Desktop/phd/fast-track/search_space.json,python3 trial.py --data ./ali_only.csv,/home/meliani/Desktop/phd/fast-track,1,1800s,100000000,False,False,info,/home/meliani/nni-experiments,"['LSTM', 'GRU', 'CNN', 'RNN', 'TCN', 'Transformer', 'MLP']","[16, 32, 64, 128, 256]","[1, 2, 3, 4]","[0, 0.1, 0.2, 0.3, 0.5]","['relu', 'tanh', 'sigmoid', 'elu']","[1e-05, 0.01]","[2, 3, 4, 5, 6, 7, 8, 9, 10, 11, 12, 13, 14, 15, 16, 17, 18, 19, 20, 21, 22, 23, 24, 25, 26, 27, 28, 29, 30]","[16, 32, 64, 128]","[5, 10, 15, 20]","[2, 3, 5, 7]","[2, 4, 8]",tpe,minimize,local
e4dqx01r,147,1150,1779186555215,,/home/meliani/nni-experiments/e4dqx01r,30,exp_tpe_1800s_ali_only_ali_only,hpo,/home/meliani/Desktop/phd/fast-track/search_space.json,python3 trial.py --data ./ali_only.csv,/home/meliani/Desktop/phd/fast-track,1,1800s,100000000,False,False,info,/home/meliani/nni-experiments,"['LSTM', 'GRU', 'CNN', 'RNN', 'TCN', 'Transformer', 'MLP']","[16, 32, 64, 128, 256]","[1, 2, 3, 4]","[0, 0.1, 0.2, 0.3, 0.5]","['relu', 'tanh', 'sigmoid', 'elu']","[1e-05, 0.01]","[2, 3, 4, 5, 6, 7, 8, 9, 10, 11, 12, 13, 14, 15, 16, 17, 18, 19, 20, 21, 22, 23, 24, 25, 26, 27, 28, 29, 30]","[16, 32, 64, 128]","[5, 10, 15, 20]","[2, 3, 5, 7]","[2, 4, 8]",tpe,minimize,local
e4dqx01r,148,1160,1779186555215,,/home/meliani/nni-experiments/e4dqx01r,30,exp_tpe_1800s_ali_only_ali_only,hpo,/home/meliani/Desktop/phd/fast-track/search_space.json,python3 trial.py --data ./ali_only.csv,/home/meliani/Desktop/phd/fast-track,1,1800s,100000000,False,False,info,/home/meliani/nni-experiments,"['LSTM', 'GRU', 'CNN', 'RNN', 'TCN', 'Transformer', 'MLP']","[16, 32, 64, 128, 256]","[1, 2, 3, 4]","[0, 0.1, 0.2, 0.3, 0.5]","['relu', 'tanh', 'sigmoid', 'elu']","[1e-05, 0.01]","[2, 3, 4, 5, 6, 7, 8, 9, 10, 11, 12, 13, 14, 15, 16, 17, 18, 19, 20, 21, 22, 23, 24, 25, 26, 27, 28, 29, 30]","[16, 32, 64, 128]","[5, 10, 15, 20]","[2, 3, 5, 7]","[2, 4, 8]",tpe,minimize,local
e4dqx01r,149,1168,1779186555215,,/home/meliani/nni-experiments/e4dqx01r,31,exp_tpe_1800s_ali_only_ali_only,hpo,/home/meliani/Desktop/phd/fast-track/search_space.json,python3 trial.py --data ./ali_only.csv,/home/meliani/Desktop/phd/fast-track,1,1800s,100000000,False,False,info,/home/meliani/nni-experiments,"['LSTM', 'GRU', 'CNN', 'RNN', 'TCN', 'Transformer', 'MLP']","[16, 32, 64, 128, 256]","[1, 2, 3, 4]","[0, 0.1, 0.2, 0.3, 0.5]","['relu', 'tanh', 'sigmoid', 'elu']","[1e-05, 0.01]","[2, 3, 4, 5, 6, 7, 8, 9, 10, 11, 12, 13, 14, 15, 16, 17, 18, 19, 20, 21, 22, 23, 24, 25, 26, 27, 28, 29, 30]","[16, 32, 64, 128]","[5, 10, 15, 20]","[2, 3, 5, 7]","[2, 4, 8]",tpe,minimize,local
e4dqx01r,150,1170,1779186555215,,/home/meliani/nni-experiments/e4dqx01r,31,exp_tpe_1800s_ali_only_ali_only,hpo,/home/meliani/Desktop/phd/fast-track/search_space.json,python3 trial.py --data ./ali_only.csv,/home/meliani/Desktop/phd/fast-track,1,1800s,100000000,False,False,info,/home/meliani/nni-experiments,"['LSTM', 'GRU', 'CNN', 'RNN', 'TCN', 'Transformer', 'MLP']","[16, 32, 64, 128, 256]","[1, 2, 3, 4]","[0, 0.1, 0.2, 0.3, 0.5]","['relu', 'tanh', 'sigmoid', 'elu']","[1e-05, 0.01]","[2, 3, 4, 5, 6, 7, 8, 9, 10, 11, 12, 13, 14, 15, 16, 17, 18, 19, 20, 21, 22, 23, 24, 25, 26, 27, 28, 29, 30]","[16, 32, 64, 128]","[5, 10, 15, 20]","[2, 3, 5, 7]","[2, 4, 8]",tpe,minimize,local
e4dqx01r,151,1174,1779186555215,,/home/meliani/nni-experiments/e4dqx01r,32,exp_tpe_1800s_ali_only_ali_only,hpo,/home/meliani/Desktop/phd/fast-track/search_space.json,python3 trial.py --data ./ali_only.csv,/home/meliani/Desktop/phd/fast-track,1,1800s,100000000,False,False,info,/home/meliani/nni-experiments,"['LSTM', 'GRU', 'CNN', 'RNN', 'TCN', 'Transformer', 'MLP']","[16, 32, 64, 128, 256]","[1, 2, 3, 4]","[0, 0.1, 0.2, 0.3, 0.5]","['relu', 'tanh', 'sigmoid', 'elu']","[1e-05, 0.01]","[2, 3, 4, 5, 6, 7, 8, 9, 10, 11, 12, 13, 14, 15, 16, 17, 18, 19, 20, 21, 22, 23, 24, 25, 26, 27, 28, 29, 30]","[16, 32, 64, 128]","[5, 10, 15, 20]","[2, 3, 5, 7]","[2, 4, 8]",tpe,minimize,local
e4dqx01r,152,1178,1779186555215,,/home/meliani/nni-experiments/e4dqx01r,33,exp_tpe_1800s_ali_only_ali_only,hpo,/home/meliani/Desktop/phd/fast-track/search_space.json,python3 trial.py --data ./ali_only.csv,/home/meliani/Desktop/phd/fast-track,1,1800s,100000000,False,False,info,/home/meliani/nni-experiments,"['LSTM', 'GRU', 'CNN', 'RNN', 'TCN', 'Transformer', 'MLP']","[16, 32, 64, 128, 256]","[1, 2, 3, 4]","[0, 0.1, 0.2, 0.3, 0.5]","['relu', 'tanh', 'sigmoid', 'elu']","[1e-05, 0.01]","[2, 3, 4, 5, 6, 7, 8, 9, 10, 11, 12, 13, 14, 15, 16, 17, 18, 19, 20, 21, 22, 23, 24, 25, 26, 27, 28, 29, 30]","[16, 32, 64, 128]","[5, 10, 15, 20]","[2, 3, 5, 7]","[2, 4, 8]",tpe,minimize,local
e4dqx01r,153,1180,1779186555215,,/home/meliani/nni-experiments/e4dqx01r,33,exp_tpe_1800s_ali_only_ali_only,hpo,/home/meliani/Desktop/phd/fast-track/search_space.json,python3 trial.py --data ./ali_only.csv,/home/meliani/Desktop/phd/fast-track,1,1800s,100000000,False,False,info,/home/meliani/nni-experiments,"['LSTM', 'GRU', 'CNN', 'RNN', 'TCN', 'Transformer', 'MLP']","[16, 32, 64, 128, 256]","[1, 2, 3, 4]","[0, 0.1, 0.2, 0.3, 0.5]","['relu', 'tanh', 'sigmoid', 'elu']","[1e-05, 0.01]","[2, 3, 4, 5, 6, 7, 8, 9, 10, 11, 12, 13, 14, 15, 16, 17, 18, 19, 20, 21, 22, 23, 24, 25, 26, 27, 28, 29, 30]","[16, 32, 64, 128]","[5, 10, 15, 20]","[2, 3, 5, 7]","[2, 4, 8]",tpe,minimize,local
e4dqx01r,154,1184,1779186555215,,/home/meliani/nni-experiments/e4dqx01r,34,exp_tpe_1800s_ali_only_ali_only,hpo,/home/meliani/Desktop/phd/fast-track/search_space.json,python3 trial.py --data ./ali_only.csv,/home/meliani/Desktop/phd/fast-track,1,1800s,100000000,False,False,info,/home/meliani/nni-experiments,"['LSTM', 'GRU', 'CNN', 'RNN', 'TCN', 'Transformer', 'MLP']","[16, 32, 64, 128, 256]","[1, 2, 3, 4]","[0, 0.1, 0.2, 0.3, 0.5]","['relu', 'tanh', 'sigmoid', 'elu']","[1e-05, 0.01]","[2, 3, 4, 5, 6, 7, 8, 9, 10, 11, 12, 13, 14, 15, 16, 17, 18, 19, 20, 21, 22, 23, 24, 25, 26, 27, 28, 29, 30]","[16, 32, 64, 128]","[5, 10, 15, 20]","[2, 3, 5, 7]","[2, 4, 8]",tpe,minimize,local
e4dqx01r,155,1190,1779186555215,,/home/meliani/nni-experiments/e4dqx01r,34,exp_tpe_1800s_ali_only_ali_only,hpo,/home/meliani/Desktop/phd/fast-track/search_space.json,python3 trial.py --data ./ali_only.csv,/home/meliani/Desktop/phd/fast-track,1,1800s,100000000,False,False,info,/home/meliani/nni-experiments,"['LSTM', 'GRU', 'CNN', 'RNN', 'TCN', 'Transformer', 'MLP']","[16, 32, 64, 128, 256]","[1, 2, 3, 4]","[0, 0.1, 0.2, 0.3, 0.5]","['relu', 'tanh', 'sigmoid', 'elu']","[1e-05, 0.01]","[2, 3, 4, 5, 6, 7, 8, 9, 10, 11, 12, 13, 14, 15, 16, 17, 18, 19, 20, 21, 22, 23, 24, 25, 26, 27, 28, 29, 30]","[16, 32, 64, 128]","[5, 10, 15, 20]","[2, 3, 5, 7]","[2, 4, 8]",tpe,minimize,local
e4dqx01r,156,1197,1779186555215,,/home/meliani/nni-experiments/e4dqx01r,35,exp_tpe_1800s_ali_only_ali_only,hpo,/home/meliani/Desktop/phd/fast-track/search_space.json,python3 trial.py --data ./ali_only.csv,/home/meliani/Desktop/phd/fast-track,1,1800s,100000000,False,False,info,/home/meliani/nni-experiments,"['LSTM', 'GRU', 'CNN', 'RNN', 'TCN', 'Transformer', 'MLP']","[16, 32, 64, 128, 256]","[1, 2, 3, 4]","[0, 0.1, 0.2, 0.3, 0.5]","['relu', 'tanh', 'sigmoid', 'elu']","[1e-05, 0.01]","[2, 3, 4, 5, 6, 7, 8, 9, 10, 11, 12, 13, 14, 15, 16, 17, 18, 19, 20, 21, 22, 23, 24, 25, 26, 27, 28, 29, 30]","[16, 32, 64, 128]","[5, 10, 15, 20]","[2, 3, 5, 7]","[2, 4, 8]",tpe,minimize,local
e4dqx01r,157,1200,1779186555215,,/home/meliani/nni-experiments/e4dqx01r,35,exp_tpe_1800s_ali_only_ali_only,hpo,/home/meliani/Desktop/phd/fast-track/search_space.json,python3 trial.py --data ./ali_only.csv,/home/meliani/Desktop/phd/fast-track,1,1800s,100000000,False,False,info,/home/meliani/nni-experiments,"['LSTM', 'GRU', 'CNN', 'RNN', 'TCN', 'Transformer', 'MLP']","[16, 32, 64, 128, 256]","[1, 2, 3, 4]","[0, 0.1, 0.2, 0.3, 0.5]","['relu', 'tanh', 'sigmoid', 'elu']","[1e-05, 0.01]","[2, 3, 4, 5, 6, 7, 8, 9, 10, 11, 12, 13, 14, 15, 16, 17, 18, 19, 20, 21, 22, 23, 24, 25, 26, 27, 28, 29, 30]","[16, 32, 64, 128]","[5, 10, 15, 20]","[2, 3, 5, 7]","[2, 4, 8]",tpe,minimize,local
e4dqx01r,158,1202,1779186555215,,/home/meliani/nni-experiments/e4dqx01r,36,exp_tpe_1800s_ali_only_ali_only,hpo,/home/meliani/Desktop/phd/fast-track/search_space.json,python3 trial.py --data ./ali_only.csv,/home/meliani/Desktop/phd/fast-track,1,1800s,100000000,False,False,info,/home/meliani/nni-experiments,"['LSTM', 'GRU', 'CNN', 'RNN', 'TCN', 'Transformer', 'MLP']","[16, 32, 64, 128, 256]","[1, 2, 3, 4]","[0, 0.1, 0.2, 0.3, 0.5]","['relu', 'tanh', 'sigmoid', 'elu']","[1e-05, 0.01]","[2, 3, 4, 5, 6, 7, 8, 9, 10, 11, 12, 13, 14, 15, 16, 17, 18, 19, 20, 21, 22, 23, 24, 25, 26, 27, 28, 29, 30]","[16, 32, 64, 128]","[5, 10, 15, 20]","[2, 3, 5, 7]","[2, 4, 8]",tpe,minimize,local
e4dqx01r,159,1209,1779186555215,,/home/meliani/nni-experiments/e4dqx01r,37,exp_tpe_1800s_ali_only_ali_only,hpo,/home/meliani/Desktop/phd/fast-track/search_space.json,python3 trial.py --data ./ali_only.csv,/home/meliani/Desktop/phd/fast-track,1,1800s,100000000,False,False,info,/home/meliani/nni-experiments,"['LSTM', 'GRU', 'CNN', 'RNN', 'TCN', 'Transformer', 'MLP']","[16, 32, 64, 128, 256]","[1, 2, 3, 4]","[0, 0.1, 0.2, 0.3, 0.5]","['relu', 'tanh', 'sigmoid', 'elu']","[1e-05, 0.01]","[2, 3, 4, 5, 6, 7, 8, 9, 10, 11, 12, 13, 14, 15, 16, 17, 18, 19, 20, 21, 22, 23, 24, 25, 26, 27, 28, 29, 30]","[16, 32, 64, 128]","[5, 10, 15, 20]","[2, 3, 5, 7]","[2, 4, 8]",tpe,minimize,local
e4dqx01r,160,1210,1779186555215,,/home/meliani/nni-experiments/e4dqx01r,37,exp_tpe_1800s_ali_only_ali_only,hpo,/home/meliani/Desktop/phd/fast-track/search_space.json,python3 trial.py --data ./ali_only.csv,/home/meliani/Desktop/phd/fast-track,1,1800s,100000000,False,False,info,/home/meliani/nni-experiments,"['LSTM', 'GRU', 'CNN', 'RNN', 'TCN', 'Transformer', 'MLP']","[16, 32, 64, 128, 256]","[1, 2, 3, 4]","[0, 0.1, 0.2, 0.3, 0.5]","['relu', 'tanh', 'sigmoid', 'elu']","[1e-05, 0.01]","[2, 3, 4, 5, 6, 7, 8, 9, 10, 11, 12, 13, 14, 15, 16, 17, 18, 19, 20, 21, 22, 23, 24, 25, 26, 27, 28, 29, 30]","[16, 32, 64, 128]","[5, 10, 15, 20]","[2, 3, 5, 7]","[2, 4, 8]",tpe,minimize,local
e4dqx01r,161,1220,1779186555215,,/home/meliani/nni-experiments/e4dqx01r,37,exp_tpe_1800s_ali_only_ali_only,hpo,/home/meliani/Desktop/phd/fast-track/search_space.json,python3 trial.py --data ./ali_only.csv,/home/meliani/Desktop/phd/fast-track,1,1800s,100000000,False,False,info,/home/meliani/nni-experiments,"['LSTM', 'GRU', 'CNN', 'RNN', 'TCN', 'Transformer', 'MLP']","[16, 32, 64, 128, 256]","[1, 2, 3, 4]","[0, 0.1, 0.2, 0.3, 0.5]","['relu', 'tanh', 'sigmoid', 'elu']","[1e-05, 0.01]","[2, 3, 4, 5, 6, 7, 8, 9, 10, 11, 12, 13, 14, 15, 16, 17, 18, 19, 20, 21, 22, 23, 24, 25, 26, 27, 28, 29, 30]","[16, 32, 64, 128]","[5, 10, 15, 20]","[2, 3, 5, 7]","[2, 4, 8]",tpe,minimize,local
e4dqx01r,162,1224,1779186555215,,/home/meliani/nni-experiments/e4dqx01r,38,exp_tpe_1800s_ali_only_ali_only,hpo,/home/meliani/Desktop/phd/fast-track/search_space.json,python3 trial.py --data ./ali_only.csv,/home/meliani/Desktop/phd/fast-track,1,1800s,100000000,False,False,info,/home/meliani/nni-experiments,"['LSTM', 'GRU', 'CNN', 'RNN', 'TCN', 'Transformer', 'MLP']","[16, 32, 64, 128, 256]","[1, 2, 3, 4]","[0, 0.1, 0.2, 0.3, 0.5]","['relu', 'tanh', 'sigmoid', 'elu']","[1e-05, 0.01]","[2, 3, 4, 5, 6, 7, 8, 9, 10, 11, 12, 13, 14, 15, 16, 17, 18, 19, 20, 21, 22, 23, 24, 25, 26, 27, 28, 29, 30]","[16, 32, 64, 128]","[5, 10, 15, 20]","[2, 3, 5, 7]","[2, 4, 8]",tpe,minimize,local
e4dqx01r,163,1230,1779186555215,,/home/meliani/nni-experiments/e4dqx01r,38,exp_tpe_1800s_ali_only_ali_only,hpo,/home/meliani/Desktop/phd/fast-track/search_space.json,python3 trial.py --data ./ali_only.csv,/home/meliani/Desktop/phd/fast-track,1,1800s,100000000,False,False,info,/home/meliani/nni-experiments,"['LSTM', 'GRU', 'CNN', 'RNN', 'TCN', 'Transformer', 'MLP']","[16, 32, 64, 128, 256]","[1, 2, 3, 4]","[0, 0.1, 0.2, 0.3, 0.5]","['relu', 'tanh', 'sigmoid', 'elu']","[1e-05, 0.01]","[2, 3, 4, 5, 6, 7, 8, 9, 10, 11, 12, 13, 14, 15, 16, 17, 18, 19, 20, 21, 22, 23, 24, 25, 26, 27, 28, 29, 30]","[16, 32, 64, 128]","[5, 10, 15, 20]","[2, 3, 5, 7]","[2, 4, 8]",tpe,minimize,local
e4dqx01r,164,1232,1779186555215,,/home/meliani/nni-experiments/e4dqx01r,39,exp_tpe_1800s_ali_only_ali_only,hpo,/home/meliani/Desktop/phd/fast-track/search_space.json,python3 trial.py --data ./ali_only.csv,/home/meliani/Desktop/phd/fast-track,1,1800s,100000000,False,False,info,/home/meliani/nni-experiments,"['LSTM', 'GRU', 'CNN', 'RNN', 'TCN', 'Transformer', 'MLP']","[16, 32, 64, 128, 256]","[1, 2, 3, 4]","[0, 0.1, 0.2, 0.3, 0.5]","['relu', 'tanh', 'sigmoid', 'elu']","[1e-05, 0.01]","[2, 3, 4, 5, 6, 7, 8, 9, 10, 11, 12, 13, 14, 15, 16, 17, 18, 19, 20, 21, 22, 23, 24, 25, 26, 27, 28, 29, 30]","[16, 32, 64, 128]","[5, 10, 15, 20]","[2, 3, 5, 7]","[2, 4, 8]",tpe,minimize,local
e4dqx01r,165,1238,1779186555215,,/home/meliani/nni-experiments/e4dqx01r,40,exp_tpe_1800s_ali_only_ali_only,hpo,/home/meliani/Desktop/phd/fast-track/search_space.json,python3 trial.py --data ./ali_only.csv,/home/meliani/Desktop/phd/fast-track,1,1800s,100000000,False,False,info,/home/meliani/nni-experiments,"['LSTM', 'GRU', 'CNN', 'RNN', 'TCN', 'Transformer', 'MLP']","[16, 32, 64, 128, 256]","[1, 2, 3, 4]","[0, 0.1, 0.2, 0.3, 0.5]","['relu', 'tanh', 'sigmoid', 'elu']","[1e-05, 0.01]","[2, 3, 4, 5, 6, 7, 8, 9, 10, 11, 12, 13, 14, 15, 16, 17, 18, 19, 20, 21, 22, 23, 24, 25, 26, 27, 28, 29, 30]","[16, 32, 64, 128]","[5, 10, 15, 20]","[2, 3, 5, 7]","[2, 4, 8]",tpe,minimize,local
e4dqx01r,166,1240,1779186555215,,/home/meliani/nni-experiments/e4dqx01r,40,exp_tpe_1800s_ali_only_ali_only,hpo,/home/meliani/Desktop/phd/fast-track/search_space.json,python3 trial.py --data ./ali_only.csv,/home/meliani/Desktop/phd/fast-track,1,1800s,100000000,False,False,info,/home/meliani/nni-experiments,"['LSTM', 'GRU', 'CNN', 'RNN', 'TCN', 'Transformer', 'MLP']","[16, 32, 64, 128, 256]","[1, 2, 3, 4]","[0, 0.1, 0.2, 0.3, 0.5]","['relu', 'tanh', 'sigmoid', 'elu']","[1e-05, 0.01]","[2, 3, 4, 5, 6, 7, 8, 9, 10, 11, 12, 13, 14, 15, 16, 17, 18, 19, 20, 21, 22, 23, 24, 25, 26, 27, 28, 29, 30]","[16, 32, 64, 128]","[5, 10, 15, 20]","[2, 3, 5, 7]","[2, 4, 8]",tpe,minimize,local
e4dqx01r,167,1246,1779186555215,,/home/meliani/nni-experiments/e4dqx01r,41,exp_tpe_1800s_ali_only_ali_only,hpo,/home/meliani/Desktop/phd/fast-track/search_space.json,python3 trial.py --data ./ali_only.csv,/home/meliani/Desktop/phd/fast-track,1,1800s,100000000,False,False,info,/home/meliani/nni-experiments,"['LSTM', 'GRU', 'CNN', 'RNN', 'TCN', 'Transformer', 'MLP']","[16, 32, 64, 128, 256]","[1, 2, 3, 4]","[0, 0.1, 0.2, 0.3, 0.5]","['relu', 'tanh', 'sigmoid', 'elu']","[1e-05, 0.01]","[2, 3, 4, 5, 6, 7, 8, 9, 10, 11, 12, 13, 14, 15, 16, 17, 18, 19, 20, 21, 22, 23, 24, 25, 26, 27, 28, 29, 30]","[16, 32, 64, 128]","[5, 10, 15, 20]","[2, 3, 5, 7]","[2, 4, 8]",tpe,minimize,local
e4dqx01r,168,1250,1779186555215,,/home/meliani/nni-experiments/e4dqx01r,41,exp_tpe_1800s_ali_only_ali_only,hpo,/home/meliani/Desktop/phd/fast-track/search_space.json,python3 trial.py --data ./ali_only.csv,/home/meliani/Desktop/phd/fast-track,1,1800s,100000000,False,False,info,/home/meliani/nni-experiments,"['LSTM', 'GRU', 'CNN', 'RNN', 'TCN', 'Transformer', 'MLP']","[16, 32, 64, 128, 256]","[1, 2, 3, 4]","[0, 0.1, 0.2, 0.3, 0.5]","['relu', 'tanh', 'sigmoid', 'elu']","[1e-05, 0.01]","[2, 3, 4, 5, 6, 7, 8, 9, 10, 11, 12, 13, 14, 15, 16, 17, 18, 19, 20, 21, 22, 23, 24, 25, 26, 27, 28, 29, 30]","[16, 32, 64, 128]","[5, 10, 15, 20]","[2, 3, 5, 7]","[2, 4, 8]",tpe,minimize,local
e4dqx01r,169,1252,1779186555215,,/home/meliani/nni-experiments/e4dqx01r,42,exp_tpe_1800s_ali_only_ali_only,hpo,/home/meliani/Desktop/phd/fast-track/search_space.json,python3 trial.py --data ./ali_only.csv,/home/meliani/Desktop/phd/fast-track,1,1800s,100000000,False,False,info,/home/meliani/nni-experiments,"['LSTM', 'GRU', 'CNN', 'RNN', 'TCN', 'Transformer', 'MLP']","[16, 32, 64, 128, 256]","[1, 2, 3, 4]","[0, 0.1, 0.2, 0.3, 0.5]","['relu', 'tanh', 'sigmoid', 'elu']","[1e-05, 0.01]","[2, 3, 4, 5, 6, 7, 8, 9, 10, 11, 12, 13, 14, 15, 16, 17, 18, 19, 20, 21, 22, 23, 24, 25, 26, 27, 28, 29, 30]","[16, 32, 64, 128]","[5, 10, 15, 20]","[2, 3, 5, 7]","[2, 4, 8]",tpe,minimize,local
e4dqx01r,170,1258,1779186555215,,/home/meliani/nni-experiments/e4dqx01r,43,exp_tpe_1800s_ali_only_ali_only,hpo,/home/meliani/Desktop/phd/fast-track/search_space.json,python3 trial.py --data ./ali_only.csv,/home/meliani/Desktop/phd/fast-track,1,1800s,100000000,False,False,info,/home/meliani/nni-experiments,"['LSTM', 'GRU', 'CNN', 'RNN', 'TCN', 'Transformer', 'MLP']","[16, 32, 64, 128, 256]","[1, 2, 3, 4]","[0, 0.1, 0.2, 0.3, 0.5]","['relu', 'tanh', 'sigmoid', 'elu']","[1e-05, 0.01]","[2, 3, 4, 5, 6, 7, 8, 9, 10, 11, 12, 13, 14, 15, 16, 17, 18, 19, 20, 21, 22, 23, 24, 25, 26, 27, 28, 29, 30]","[16, 32, 64, 128]","[5, 10, 15, 20]","[2, 3, 5, 7]","[2, 4, 8]",tpe,minimize,local
e4dqx01r,171,1260,1779186555215,,/home/meliani/nni-experiments/e4dqx01r,43,exp_tpe_1800s_ali_only_ali_only,hpo,/home/meliani/Desktop/phd/fast-track/search_space.json,python3 trial.py --data ./ali_only.csv,/home/meliani/Desktop/phd/fast-track,1,1800s,100000000,False,False,info,/home/meliani/nni-experiments,"['LSTM', 'GRU', 'CNN', 'RNN', 'TCN', 'Transformer', 'MLP']","[16, 32, 64, 128, 256]","[1, 2, 3, 4]","[0, 0.1, 0.2, 0.3, 0.5]","['relu', 'tanh', 'sigmoid', 'elu']","[1e-05, 0.01]","[2, 3, 4, 5, 6, 7, 8, 9, 10, 11, 12, 13, 14, 15, 16, 17, 18, 19, 20, 21, 22, 23, 24, 25, 26, 27, 28, 29, 30]","[16, 32, 64, 128]","[5, 10, 15, 20]","[2, 3, 5, 7]","[2, 4, 8]",tpe,minimize,local
e4dqx01r,172,1264,1779186555215,,/home/meliani/nni-experiments/e4dqx01r,44,exp_tpe_1800s_ali_only_ali_only,hpo,/home/meliani/Desktop/phd/fast-track/search_space.json,python3 trial.py --data ./ali_only.csv,/home/meliani/Desktop/phd/fast-track,1,1800s,100000000,False,False,info,/home/meliani/nni-experiments,"['LSTM', 'GRU', 'CNN', 'RNN', 'TCN', 'Transformer', 'MLP']","[16, 32, 64, 128, 256]","[1, 2, 3, 4]","[0, 0.1, 0.2, 0.3, 0.5]","['relu', 'tanh', 'sigmoid', 'elu']","[1e-05, 0.01]","[2, 3, 4, 5, 6, 7, 8, 9, 10, 11, 12, 13, 14, 15, 16, 17, 18, 19, 20, 21, 22, 23, 24, 25, 26, 27, 28, 29, 30]","[16, 32, 64, 128]","[5, 10, 15, 20]","[2, 3, 5, 7]","[2, 4, 8]",tpe,minimize,local
e4dqx01r,173,1269,1779186555215,,/home/meliani/nni-experiments/e4dqx01r,45,exp_tpe_1800s_ali_only_ali_only,hpo,/home/meliani/Desktop/phd/fast-track/search_space.json,python3 trial.py --data ./ali_only.csv,/home/meliani/Desktop/phd/fast-track,1,1800s,100000000,False,False,info,/home/meliani/nni-experiments,"['LSTM', 'GRU', 'CNN', 'RNN', 'TCN', 'Transformer', 'MLP']","[16, 32, 64, 128, 256]","[1, 2, 3, 4]","[0, 0.1, 0.2, 0.3, 0.5]","['relu', 'tanh', 'sigmoid', 'elu']","[1e-05, 0.01]","[2, 3, 4, 5, 6, 7, 8, 9, 10, 11, 12, 13, 14, 15, 16, 17, 18, 19, 20, 21, 22, 23, 24, 25, 26, 27, 28, 29, 30]","[16, 32, 64, 128]","[5, 10, 15, 20]","[2, 3, 5, 7]","[2, 4, 8]",tpe,minimize,local
e4dqx01r,174,1270,1779186555215,,/home/meliani/nni-experiments/e4dqx01r,45,exp_tpe_1800s_ali_only_ali_only,hpo,/home/meliani/Desktop/phd/fast-track/search_space.json,python3 trial.py --data ./ali_only.csv,/home/meliani/Desktop/phd/fast-track,1,1800s,100000000,False,False,info,/home/meliani/nni-experiments,"['LSTM', 'GRU', 'CNN', 'RNN', 'TCN', 'Transformer', 'MLP']","[16, 32, 64, 128, 256]","[1, 2, 3, 4]","[0, 0.1, 0.2, 0.3, 0.5]","['relu', 'tanh', 'sigmoid', 'elu']","[1e-05, 0.01]","[2, 3, 4, 5, 6, 7, 8, 9, 10, 11, 12, 13, 14, 15, 16, 17, 18, 19, 20, 21, 22, 23, 24, 25, 26, 27, 28, 29, 30]","[16, 32, 64, 128]","[5, 10, 15, 20]","[2, 3, 5, 7]","[2, 4, 8]",tpe,minimize,local
e4dqx01r,175,1275,1779186555215,,/home/meliani/nni-experiments/e4dqx01r,46,exp_tpe_1800s_ali_only_ali_only,hpo,/home/meliani/Desktop/phd/fast-track/search_space.json,python3 trial.py --data ./ali_only.csv,/home/meliani/Desktop/phd/fast-track,1,1800s,100000000,False,False,info,/home/meliani/nni-experiments,"['LSTM', 'GRU', 'CNN', 'RNN', 'TCN', 'Transformer', 'MLP']","[16, 32, 64, 128, 256]","[1, 2, 3, 4]","[0, 0.1, 0.2, 0.3, 0.5]","['relu', 'tanh', 'sigmoid', 'elu']","[1e-05, 0.01]","[2, 3, 4, 5, 6, 7, 8, 9, 10, 11, 12, 13, 14, 15, 16, 17, 18, 19, 20, 21, 22, 23, 24, 25, 26, 27, 28, 29, 30]","[16, 32, 64, 128]","[5, 10, 15, 20]","[2, 3, 5, 7]","[2, 4, 8]",tpe,minimize,local
e4dqx01r,176,1280,1779186555215,,/home/meliani/nni-experiments/e4dqx01r,47,exp_tpe_1800s_ali_only_ali_only,hpo,/home/meliani/Desktop/phd/fast-track/search_space.json,python3 trial.py --data ./ali_only.csv,/home/meliani/Desktop/phd/fast-track,1,1800s,100000000,False,False,info,/home/meliani/nni-experiments,"['LSTM', 'GRU', 'CNN', 'RNN', 'TCN', 'Transformer', 'MLP']","[16, 32, 64, 128, 256]","[1, 2, 3, 4]","[0, 0.1, 0.2, 0.3, 0.5]","['relu', 'tanh', 'sigmoid', 'elu']","[1e-05, 0.01]","[2, 3, 4, 5, 6, 7, 8, 9, 10, 11, 12, 13, 14, 15, 16, 17, 18, 19, 20, 21, 22, 23, 24, 25, 26, 27, 28, 29, 30]","[16, 32, 64, 128]","[5, 10, 15, 20]","[2, 3, 5, 7]","[2, 4, 8]",tpe,minimize,local
e4dqx01r,177,1280,1779186555215,,/home/meliani/nni-experiments/e4dqx01r,47,exp_tpe_1800s_ali_only_ali_only,hpo,/home/meliani/Desktop/phd/fast-track/search_space.json,python3 trial.py --data ./ali_only.csv,/home/meliani/Desktop/phd/fast-track,1,1800s,100000000,False,False,info,/home/meliani/nni-experiments,"['LSTM', 'GRU', 'CNN', 'RNN', 'TCN', 'Transformer', 'MLP']","[16, 32, 64, 128, 256]","[1, 2, 3, 4]","[0, 0.1, 0.2, 0.3, 0.5]","['relu', 'tanh', 'sigmoid', 'elu']","[1e-05, 0.01]","[2, 3, 4, 5, 6, 7, 8, 9, 10, 11, 12, 13, 14, 15, 16, 17, 18, 19, 20, 21, 22, 23, 24, 25, 26, 27, 28, 29, 30]","[16, 32, 64, 128]","[5, 10, 15, 20]","[2, 3, 5, 7]","[2, 4, 8]",tpe,minimize,local
e4dqx01r,178,1289,1779186555215,,/home/meliani/nni-experiments/e4dqx01r,48,exp_tpe_1800s_ali_only_ali_only,hpo,/home/meliani/Desktop/phd/fast-track/search_space.json,python3 trial.py --data ./ali_only.csv,/home/meliani/Desktop/phd/fast-track,1,1800s,100000000,False,False,info,/home/meliani/nni-experiments,"['LSTM', 'GRU', 'CNN', 'RNN', 'TCN', 'Transformer', 'MLP']","[16, 32, 64, 128, 256]","[1, 2, 3, 4]","[0, 0.1, 0.2, 0.3, 0.5]","['relu', 'tanh', 'sigmoid', 'elu']","[1e-05, 0.01]","[2, 3, 4, 5, 6, 7, 8, 9, 10, 11, 12, 13, 14, 15, 16, 17, 18, 19, 20, 21, 22, 23, 24, 25, 26, 27, 28, 29, 30]","[16, 32, 64, 128]","[5, 10, 15, 20]","[2, 3, 5, 7]","[2, 4, 8]",tpe,minimize,local
e4dqx01r,179,1290,1779186555215,,/home/meliani/nni-experiments/e4dqx01r,48,exp_tpe_1800s_ali_only_ali_only,hpo,/home/meliani/Desktop/phd/fast-track/search_space.json,python3 trial.py --data ./ali_only.csv,/home/meliani/Desktop/phd/fast-track,1,1800s,100000000,False,False,info,/home/meliani/nni-experiments,"['LSTM', 'GRU', 'CNN', 'RNN', 'TCN', 'Transformer', 'MLP']","[16, 32, 64, 128, 256]","[1, 2, 3, 4]","[0, 0.1, 0.2, 0.3, 0.5]","['relu', 'tanh', 'sigmoid', 'elu']","[1e-05, 0.01]","[2, 3, 4, 5, 6, 7, 8, 9, 10, 11, 12, 13, 14, 15, 16, 17, 18, 19, 20, 21, 22, 23, 24, 25, 26, 27, 28, 29, 30]","[16, 32, 64, 128]","[5, 10, 15, 20]","[2, 3, 5, 7]","[2, 4, 8]",tpe,minimize,local
e4dqx01r,180,1300,1779186555215,,/home/meliani/nni-experiments/e4dqx01r,48,exp_tpe_1800s_ali_only_ali_only,hpo,/home/meliani/Desktop/phd/fast-track/search_space.json,python3 trial.py --data ./ali_only.csv,/home/meliani/Desktop/phd/fast-track,1,1800s,100000000,False,False,info,/home/meliani/nni-experiments,"['LSTM', 'GRU', 'CNN', 'RNN', 'TCN', 'Transformer', 'MLP']","[16, 32, 64, 128, 256]","[1, 2, 3, 4]","[0, 0.1, 0.2, 0.3, 0.5]","['relu', 'tanh', 'sigmoid', 'elu']","[1e-05, 0.01]","[2, 3, 4, 5, 6, 7, 8, 9, 10, 11, 12, 13, 14, 15, 16, 17, 18, 19, 20, 21, 22, 23, 24, 25, 26, 27, 28, 29, 30]","[16, 32, 64, 128]","[5, 10, 15, 20]","[2, 3, 5, 7]","[2, 4, 8]",tpe,minimize,local
e4dqx01r,181,1310,1779186555215,,/home/meliani/nni-experiments/e4dqx01r,48,exp_tpe_1800s_ali_only_ali_only,hpo,/home/meliani/Desktop/phd/fast-track/search_space.json,python3 trial.py --data ./ali_only.csv,/home/meliani/Desktop/phd/fast-track,1,1800s,100000000,False,False,info,/home/meliani/nni-experiments,"['LSTM', 'GRU', 'CNN', 'RNN', 'TCN', 'Transformer', 'MLP']","[16, 32, 64, 128, 256]","[1, 2, 3, 4]","[0, 0.1, 0.2, 0.3, 0.5]","['relu', 'tanh', 'sigmoid', 'elu']","[1e-05, 0.01]","[2, 3, 4, 5, 6, 7, 8, 9, 10, 11, 12, 13, 14, 15, 16, 17, 18, 19, 20, 21, 22, 23, 24, 25, 26, 27, 28, 29, 30]","[16, 32, 64, 128]","[5, 10, 15, 20]","[2, 3, 5, 7]","[2, 4, 8]",tpe,minimize,local
e4dqx01r,182,1316,1779186555215,,/home/meliani/nni-experiments/e4dqx01r,49,exp_tpe_1800s_ali_only_ali_only,hpo,/home/meliani/Desktop/phd/fast-track/search_space.json,python3 trial.py --data ./ali_only.csv,/home/meliani/Desktop/phd/fast-track,1,1800s,100000000,False,False,info,/home/meliani/nni-experiments,"['LSTM', 'GRU', 'CNN', 'RNN', 'TCN', 'Transformer', 'MLP']","[16, 32, 64, 128, 256]","[1, 2, 3, 4]","[0, 0.1, 0.2, 0.3, 0.5]","['relu', 'tanh', 'sigmoid', 'elu']","[1e-05, 0.01]","[2, 3, 4, 5, 6, 7, 8, 9, 10, 11, 12, 13, 14, 15, 16, 17, 18, 19, 20, 21, 22, 23, 24, 25, 26, 27, 28, 29, 30]","[16, 32, 64, 128]","[5, 10, 15, 20]","[2, 3, 5, 7]","[2, 4, 8]",tpe,minimize,local
e4dqx01r,183,1320,1779186555215,,/home/meliani/nni-experiments/e4dqx01r,49,exp_tpe_1800s_ali_only_ali_only,hpo,/home/meliani/Desktop/phd/fast-track/search_space.json,python3 trial.py --data ./ali_only.csv,/home/meliani/Desktop/phd/fast-track,1,1800s,100000000,False,False,info,/home/meliani/nni-experiments,"['LSTM', 'GRU', 'CNN', 'RNN', 'TCN', 'Transformer', 'MLP']","[16, 32, 64, 128, 256]","[1, 2, 3, 4]","[0, 0.1, 0.2, 0.3, 0.5]","['relu', 'tanh', 'sigmoid', 'elu']","[1e-05, 0.01]","[2, 3, 4, 5, 6, 7, 8, 9, 10, 11, 12, 13, 14, 15, 16, 17, 18, 19, 20, 21, 22, 23, 24, 25, 26, 27, 28, 29, 30]","[16, 32, 64, 128]","[5, 10, 15, 20]","[2, 3, 5, 7]","[2, 4, 8]",tpe,minimize,local
e4dqx01r,184,1324,1779186555215,,/home/meliani/nni-experiments/e4dqx01r,50,exp_tpe_1800s_ali_only_ali_only,hpo,/home/meliani/Desktop/phd/fast-track/search_space.json,python3 trial.py --data ./ali_only.csv,/home/meliani/Desktop/phd/fast-track,1,1800s,100000000,False,False,info,/home/meliani/nni-experiments,"['LSTM', 'GRU', 'CNN', 'RNN', 'TCN', 'Transformer', 'MLP']","[16, 32, 64, 128, 256]","[1, 2, 3, 4]","[0, 0.1, 0.2, 0.3, 0.5]","['relu', 'tanh', 'sigmoid', 'elu']","[1e-05, 0.01]","[2, 3, 4, 5, 6, 7, 8, 9, 10, 11, 12, 13, 14, 15, 16, 17, 18, 19, 20, 21, 22, 23, 24, 25, 26, 27, 28, 29, 30]","[16, 32, 64, 128]","[5, 10, 15, 20]","[2, 3, 5, 7]","[2, 4, 8]",tpe,minimize,local
e4dqx01r,185,1330,1779186555215,,/home/meliani/nni-experiments/e4dqx01r,50,exp_tpe_1800s_ali_only_ali_only,hpo,/home/meliani/Desktop/phd/fast-track/search_space.json,python3 trial.py --data ./ali_only.csv,/home/meliani/Desktop/phd/fast-track,1,1800s,100000000,False,False,info,/home/meliani/nni-experiments,"['LSTM', 'GRU', 'CNN', 'RNN', 'TCN', 'Transformer', 'MLP']","[16, 32, 64, 128, 256]","[1, 2, 3, 4]","[0, 0.1, 0.2, 0.3, 0.5]","['relu', 'tanh', 'sigmoid', 'elu']","[1e-05, 0.01]","[2, 3, 4, 5, 6, 7, 8, 9, 10, 11, 12, 13, 14, 15, 16, 17, 18, 19, 20, 21, 22, 23, 24, 25, 26, 27, 28, 29, 30]","[16, 32, 64, 128]","[5, 10, 15, 20]","[2, 3, 5, 7]","[2, 4, 8]",tpe,minimize,local
e4dqx01r,186,1331,1779186555215,,/home/meliani/nni-experiments/e4dqx01r,51,exp_tpe_1800s_ali_only_ali_only,hpo,/home/meliani/Desktop/phd/fast-track/search_space.json,python3 trial.py --data ./ali_only.csv,/home/meliani/Desktop/phd/fast-track,1,1800s,100000000,False,False,info,/home/meliani/nni-experiments,"['LSTM', 'GRU', 'CNN', 'RNN', 'TCN', 'Transformer', 'MLP']","[16, 32, 64, 128, 256]","[1, 2, 3, 4]","[0, 0.1, 0.2, 0.3, 0.5]","['relu', 'tanh', 'sigmoid', 'elu']","[1e-05, 0.01]","[2, 3, 4, 5, 6, 7, 8, 9, 10, 11, 12, 13, 14, 15, 16, 17, 18, 19, 20, 21, 22, 23, 24, 25, 26, 27, 28, 29, 30]","[16, 32, 64, 128]","[5, 10, 15, 20]","[2, 3, 5, 7]","[2, 4, 8]",tpe,minimize,local
e4dqx01r,187,1340,1779186555215,,/home/meliani/nni-experiments/e4dqx01r,52,exp_tpe_1800s_ali_only_ali_only,hpo,/home/meliani/Desktop/phd/fast-track/search_space.json,python3 trial.py --data ./ali_only.csv,/home/meliani/Desktop/phd/fast-track,1,1800s,100000000,False,False,info,/home/meliani/nni-experiments,"['LSTM', 'GRU', 'CNN', 'RNN', 'TCN', 'Transformer', 'MLP']","[16, 32, 64, 128, 256]","[1, 2, 3, 4]","[0, 0.1, 0.2, 0.3, 0.5]","['relu', 'tanh', 'sigmoid', 'elu']","[1e-05, 0.01]","[2, 3, 4, 5, 6, 7, 8, 9, 10, 11, 12, 13, 14, 15, 16, 17, 18, 19, 20, 21, 22, 23, 24, 25, 26, 27, 28, 29, 30]","[16, 32, 64, 128]","[5, 10, 15, 20]","[2, 3, 5, 7]","[2, 4, 8]",tpe,minimize,local
e4dqx01r,188,1340,1779186555215,,/home/meliani/nni-experiments/e4dqx01r,52,exp_tpe_1800s_ali_only_ali_only,hpo,/home/meliani/Desktop/phd/fast-track/search_space.json,python3 trial.py --data ./ali_only.csv,/home/meliani/Desktop/phd/fast-track,1,1800s,100000000,False,False,info,/home/meliani/nni-experiments,"['LSTM', 'GRU', 'CNN', 'RNN', 'TCN', 'Transformer', 'MLP']","[16, 32, 64, 128, 256]","[1, 2, 3, 4]","[0, 0.1, 0.2, 0.3, 0.5]","['relu', 'tanh', 'sigmoid', 'elu']","[1e-05, 0.01]","[2, 3, 4, 5, 6, 7, 8, 9, 10, 11, 12, 13, 14, 15, 16, 17, 18, 19, 20, 21, 22, 23, 24, 25, 26, 27, 28, 29, 30]","[16, 32, 64, 128]","[5, 10, 15, 20]","[2, 3, 5, 7]","[2, 4, 8]",tpe,minimize,local
e4dqx01r,189,1350,1779186555215,,/home/meliani/nni-experiments/e4dqx01r,52,exp_tpe_1800s_ali_only_ali_only,hpo,/home/meliani/Desktop/phd/fast-track/search_space.json,python3 trial.py --data ./ali_only.csv,/home/meliani/Desktop/phd/fast-track,1,1800s,100000000,False,False,info,/home/meliani/nni-experiments,"['LSTM', 'GRU', 'CNN', 'RNN', 'TCN', 'Transformer', 'MLP']","[16, 32, 64, 128, 256]","[1, 2, 3, 4]","[0, 0.1, 0.2, 0.3, 0.5]","['relu', 'tanh', 'sigmoid', 'elu']","[1e-05, 0.01]","[2, 3, 4, 5, 6, 7, 8, 9, 10, 11, 12, 13, 14, 15, 16, 17, 18, 19, 20, 21, 22, 23, 24, 25, 26, 27, 28, 29, 30]","[16, 32, 64, 128]","[5, 10, 15, 20]","[2, 3, 5, 7]","[2, 4, 8]",tpe,minimize,local
e4dqx01r,190,1351,1779186555215,,/home/meliani/nni-experiments/e4dqx01r,53,exp_tpe_1800s_ali_only_ali_only,hpo,/home/meliani/Desktop/phd/fast-track/search_space.json,python3 trial.py --data ./ali_only.csv,/home/meliani/Desktop/phd/fast-track,1,1800s,100000000,False,False,info,/home/meliani/nni-experiments,"['LSTM', 'GRU', 'CNN', 'RNN', 'TCN', 'Transformer', 'MLP']","[16, 32, 64, 128, 256]","[1, 2, 3, 4]","[0, 0.1, 0.2, 0.3, 0.5]","['relu', 'tanh', 'sigmoid', 'elu']","[1e-05, 0.01]","[2, 3, 4, 5, 6, 7, 8, 9, 10, 11, 12, 13, 14, 15, 16, 17, 18, 19, 20, 21, 22, 23, 24, 25, 26, 27, 28, 29, 30]","[16, 32, 64, 128]","[5, 10, 15, 20]","[2, 3, 5, 7]","[2, 4, 8]",tpe,minimize,local
e4dqx01r,191,1359,1779186555215,,/home/meliani/nni-experiments/e4dqx01r,54,exp_tpe_1800s_ali_only_ali_only,hpo,/home/meliani/Desktop/phd/fast-track/search_space.json,python3 trial.py --data ./ali_only.csv,/home/meliani/Desktop/phd/fast-track,1,1800s,100000000,False,False,info,/home/meliani/nni-experiments,"['LSTM', 'GRU', 'CNN', 'RNN', 'TCN', 'Transformer', 'MLP']","[16, 32, 64, 128, 256]","[1, 2, 3, 4]","[0, 0.1, 0.2, 0.3, 0.5]","['relu', 'tanh', 'sigmoid', 'elu']","[1e-05, 0.01]","[2, 3, 4, 5, 6, 7, 8, 9, 10, 11, 12, 13, 14, 15, 16, 17, 18, 19, 20, 21, 22, 23, 24, 25, 26, 27, 28, 29, 30]","[16, 32, 64, 128]","[5, 10, 15, 20]","[2, 3, 5, 7]","[2, 4, 8]",tpe,minimize,local
e4dqx01r,192,1360,1779186555215,,/home/meliani/nni-experiments/e4dqx01r,54,exp_tpe_1800s_ali_only_ali_only,hpo,/home/meliani/Desktop/phd/fast-track/search_space.json,python3 trial.py --data ./ali_only.csv,/home/meliani/Desktop/phd/fast-track,1,1800s,100000000,False,False,info,/home/meliani/nni-experiments,"['LSTM', 'GRU', 'CNN', 'RNN', 'TCN', 'Transformer', 'MLP']","[16, 32, 64, 128, 256]","[1, 2, 3, 4]","[0, 0.1, 0.2, 0.3, 0.5]","['relu', 'tanh', 'sigmoid', 'elu']","[1e-05, 0.01]","[2, 3, 4, 5, 6, 7, 8, 9, 10, 11, 12, 13, 14, 15, 16, 17, 18, 19, 20, 21, 22, 23, 24, 25, 26, 27, 28, 29, 30]","[16, 32, 64, 128]","[5, 10, 15, 20]","[2, 3, 5, 7]","[2, 4, 8]",tpe,minimize,local
e4dqx01r,193,1370,1779186555215,,/home/meliani/nni-experiments/e4dqx01r,54,exp_tpe_1800s_ali_only_ali_only,hpo,/home/meliani/Desktop/phd/fast-track/search_space.json,python3 trial.py --data ./ali_only.csv,/home/meliani/Desktop/phd/fast-track,1,1800s,100000000,False,False,info,/home/meliani/nni-experiments,"['LSTM', 'GRU', 'CNN', 'RNN', 'TCN', 'Transformer', 'MLP']","[16, 32, 64, 128, 256]","[1, 2, 3, 4]","[0, 0.1, 0.2, 0.3, 0.5]","['relu', 'tanh', 'sigmoid', 'elu']","[1e-05, 0.01]","[2, 3, 4, 5, 6, 7, 8, 9, 10, 11, 12, 13, 14, 15, 16, 17, 18, 19, 20, 21, 22, 23, 24, 25, 26, 27, 28, 29, 30]","[16, 32, 64, 128]","[5, 10, 15, 20]","[2, 3, 5, 7]","[2, 4, 8]",tpe,minimize,local
e4dqx01r,194,1374,1779186555215,,/home/meliani/nni-experiments/e4dqx01r,55,exp_tpe_1800s_ali_only_ali_only,hpo,/home/meliani/Desktop/phd/fast-track/search_space.json,python3 trial.py --data ./ali_only.csv,/home/meliani/Desktop/phd/fast-track,1,1800s,100000000,False,False,info,/home/meliani/nni-experiments,"['LSTM', 'GRU', 'CNN', 'RNN', 'TCN', 'Transformer', 'MLP']","[16, 32, 64, 128, 256]","[1, 2, 3, 4]","[0, 0.1, 0.2, 0.3, 0.5]","['relu', 'tanh', 'sigmoid', 'elu']","[1e-05, 0.01]","[2, 3, 4, 5, 6, 7, 8, 9, 10, 11, 12, 13, 14, 15, 16, 17, 18, 19, 20, 21, 22, 23, 24, 25, 26, 27, 28, 29, 30]","[16, 32, 64, 128]","[5, 10, 15, 20]","[2, 3, 5, 7]","[2, 4, 8]",tpe,minimize,local
e4dqx01r,195,1380,1779186555215,,/home/meliani/nni-experiments/e4dqx01r,55,exp_tpe_1800s_ali_only_ali_only,hpo,/home/meliani/Desktop/phd/fast-track/search_space.json,python3 trial.py --data ./ali_only.csv,/home/meliani/Desktop/phd/fast-track,1,1800s,100000000,False,False,info,/home/meliani/nni-experiments,"['LSTM', 'GRU', 'CNN', 'RNN', 'TCN', 'Transformer', 'MLP']","[16, 32, 64, 128, 256]","[1, 2, 3, 4]","[0, 0.1, 0.2, 0.3, 0.5]","['relu', 'tanh', 'sigmoid', 'elu']","[1e-05, 0.01]","[2, 3, 4, 5, 6, 7, 8, 9, 10, 11, 12, 13, 14, 15, 16, 17, 18, 19, 20, 21, 22, 23, 24, 25, 26, 27, 28, 29, 30]","[16, 32, 64, 128]","[5, 10, 15, 20]","[2, 3, 5, 7]","[2, 4, 8]",tpe,minimize,local
e4dqx01r,196,1385,1779186555215,,/home/meliani/nni-experiments/e4dqx01r,56,exp_tpe_1800s_ali_only_ali_only,hpo,/home/meliani/Desktop/phd/fast-track/search_space.json,python3 trial.py --data ./ali_only.csv,/home/meliani/Desktop/phd/fast-track,1,1800s,100000000,False,False,info,/home/meliani/nni-experiments,"['LSTM', 'GRU', 'CNN', 'RNN', 'TCN', 'Transformer', 'MLP']","[16, 32, 64, 128, 256]","[1, 2, 3, 4]","[0, 0.1, 0.2, 0.3, 0.5]","['relu', 'tanh', 'sigmoid', 'elu']","[1e-05, 0.01]","[2, 3, 4, 5, 6, 7, 8, 9, 10, 11, 12, 13, 14, 15, 16, 17, 18, 19, 20, 21, 22, 23, 24, 25, 26, 27, 28, 29, 30]","[16, 32, 64, 128]","[5, 10, 15, 20]","[2, 3, 5, 7]","[2, 4, 8]",tpe,minimize,local
e4dqx01r,197,1390,1779186555215,,/home/meliani/nni-experiments/e4dqx01r,56,exp_tpe_1800s_ali_only_ali_only,hpo,/home/meliani/Desktop/phd/fast-track/search_space.json,python3 trial.py --data ./ali_only.csv,/home/meliani/Desktop/phd/fast-track,1,1800s,100000000,False,False,info,/home/meliani/nni-experiments,"['LSTM', 'GRU', 'CNN', 'RNN', 'TCN', 'Transformer', 'MLP']","[16, 32, 64, 128, 256]","[1, 2, 3, 4]","[0, 0.1, 0.2, 0.3, 0.5]","['relu', 'tanh', 'sigmoid', 'elu']","[1e-05, 0.01]","[2, 3, 4, 5, 6, 7, 8, 9, 10, 11, 12, 13, 14, 15, 16, 17, 18, 19, 20, 21, 22, 23, 24, 25, 26, 27, 28, 29, 30]","[16, 32, 64, 128]","[5, 10, 15, 20]","[2, 3, 5, 7]","[2, 4, 8]",tpe,minimize,local
e4dqx01r,198,1400,1779186555215,,/home/meliani/nni-experiments/e4dqx01r,56,exp_tpe_1800s_ali_only_ali_only,hpo,/home/meliani/Desktop/phd/fast-track/search_space.json,python3 trial.py --data ./ali_only.csv,/home/meliani/Desktop/phd/fast-track,1,1800s,100000000,False,False,info,/home/meliani/nni-experiments,"['LSTM', 'GRU', 'CNN', 'RNN', 'TCN', 'Transformer', 'MLP']","[16, 32, 64, 128, 256]","[1, 2, 3, 4]","[0, 0.1, 0.2, 0.3, 0.5]","['relu', 'tanh', 'sigmoid', 'elu']","[1e-05, 0.01]","[2, 3, 4, 5, 6, 7, 8, 9, 10, 11, 12, 13, 14, 15, 16, 17, 18, 19, 20, 21, 22, 23, 24, 25, 26, 27, 28, 29, 30]","[16, 32, 64, 128]","[5, 10, 15, 20]","[2, 3, 5, 7]","[2, 4, 8]",tpe,minimize,local
e4dqx01r,199,1403,1779186555215,,/home/meliani/nni-experiments/e4dqx01r,57,exp_tpe_1800s_ali_only_ali_only,hpo,/home/meliani/Desktop/phd/fast-track/search_space.json,python3 trial.py --data ./ali_only.csv,/home/meliani/Desktop/phd/fast-track,1,1800s,100000000,False,False,info,/home/meliani/nni-experiments,"['LSTM', 'GRU', 'CNN', 'RNN', 'TCN', 'Transformer', 'MLP']","[16, 32, 64, 128, 256]","[1, 2, 3, 4]","[0, 0.1, 0.2, 0.3, 0.5]","['relu', 'tanh', 'sigmoid', 'elu']","[1e-05, 0.01]","[2, 3, 4, 5, 6, 7, 8, 9, 10, 11, 12, 13, 14, 15, 16, 17, 18, 19, 20, 21, 22, 23, 24, 25, 26, 27, 28, 29, 30]","[16, 32, 64, 128]","[5, 10, 15, 20]","[2, 3, 5, 7]","[2, 4, 8]",tpe,minimize,local
e4dqx01r,200,1410,1779186555215,,/home/meliani/nni-experiments/e4dqx01r,57,exp_tpe_1800s_ali_only_ali_only,hpo,/home/meliani/Desktop/phd/fast-track/search_space.json,python3 trial.py --data ./ali_only.csv,/home/meliani/Desktop/phd/fast-track,1,1800s,100000000,False,False,info,/home/meliani/nni-experiments,"['LSTM', 'GRU', 'CNN', 'RNN', 'TCN', 'Transformer', 'MLP']","[16, 32, 64, 128, 256]","[1, 2, 3, 4]","[0, 0.1, 0.2, 0.3, 0.5]","['relu', 'tanh', 'sigmoid', 'elu']","[1e-05, 0.01]","[2, 3, 4, 5, 6, 7, 8, 9, 10, 11, 12, 13, 14, 15, 16, 17, 18, 19, 20, 21, 22, 23, 24, 25, 26, 27, 28, 29, 30]","[16, 32, 64, 128]","[5, 10, 15, 20]","[2, 3, 5, 7]","[2, 4, 8]",tpe,minimize,local
e4dqx01r,201,1416,1779186555215,,/home/meliani/nni-experiments/e4dqx01r,58,exp_tpe_1800s_ali_only_ali_only,hpo,/home/meliani/Desktop/phd/fast-track/search_space.json,python3 trial.py --data ./ali_only.csv,/home/meliani/Desktop/phd/fast-track,1,1800s,100000000,False,False,info,/home/meliani/nni-experiments,"['LSTM', 'GRU', 'CNN', 'RNN', 'TCN', 'Transformer', 'MLP']","[16, 32, 64, 128, 256]","[1, 2, 3, 4]","[0, 0.1, 0.2, 0.3, 0.5]","['relu', 'tanh', 'sigmoid', 'elu']","[1e-05, 0.01]","[2, 3, 4, 5, 6, 7, 8, 9, 10, 11, 12, 13, 14, 15, 16, 17, 18, 19, 20, 21, 22, 23, 24, 25, 26, 27, 28, 29, 30]","[16, 32, 64, 128]","[5, 10, 15, 20]","[2, 3, 5, 7]","[2, 4, 8]",tpe,minimize,local
e4dqx01r,202,1420,1779186555215,,/home/meliani/nni-experiments/e4dqx01r,58,exp_tpe_1800s_ali_only_ali_only,hpo,/home/meliani/Desktop/phd/fast-track/search_space.json,python3 trial.py --data ./ali_only.csv,/home/meliani/Desktop/phd/fast-track,1,1800s,100000000,False,False,info,/home/meliani/nni-experiments,"['LSTM', 'GRU', 'CNN', 'RNN', 'TCN', 'Transformer', 'MLP']","[16, 32, 64, 128, 256]","[1, 2, 3, 4]","[0, 0.1, 0.2, 0.3, 0.5]","['relu', 'tanh', 'sigmoid', 'elu']","[1e-05, 0.01]","[2, 3, 4, 5, 6, 7, 8, 9, 10, 11, 12, 13, 14, 15, 16, 17, 18, 19, 20, 21, 22, 23, 24, 25, 26, 27, 28, 29, 30]","[16, 32, 64, 128]","[5, 10, 15, 20]","[2, 3, 5, 7]","[2, 4, 8]",tpe,minimize,local
e4dqx01r,203,1430,1779186555215,,/home/meliani/nni-experiments/e4dqx01r,58,exp_tpe_1800s_ali_only_ali_only,hpo,/home/meliani/Desktop/phd/fast-track/search_space.json,python3 trial.py --data ./ali_only.csv,/home/meliani/Desktop/phd/fast-track,1,1800s,100000000,False,False,info,/home/meliani/nni-experiments,"['LSTM', 'GRU', 'CNN', 'RNN', 'TCN', 'Transformer', 'MLP']","[16, 32, 64, 128, 256]","[1, 2, 3, 4]","[0, 0.1, 0.2, 0.3, 0.5]","['relu', 'tanh', 'sigmoid', 'elu']","[1e-05, 0.01]","[2, 3, 4, 5, 6, 7, 8, 9, 10, 11, 12, 13, 14, 15, 16, 17, 18, 19, 20, 21, 22, 23, 24, 25, 26, 27, 28, 29, 30]","[16, 32, 64, 128]","[5, 10, 15, 20]","[2, 3, 5, 7]","[2, 4, 8]",tpe,minimize,local
e4dqx01r,204,1440,1779186555215,,/home/meliani/nni-experiments/e4dqx01r,58,exp_tpe_1800s_ali_only_ali_only,hpo,/home/meliani/Desktop/phd/fast-track/search_space.json,python3 trial.py --data ./ali_only.csv,/home/meliani/Desktop/phd/fast-track,1,1800s,100000000,False,False,info,/home/meliani/nni-experiments,"['LSTM', 'GRU', 'CNN', 'RNN', 'TCN', 'Transformer', 'MLP']","[16, 32, 64, 128, 256]","[1, 2, 3, 4]","[0, 0.1, 0.2, 0.3, 0.5]","['relu', 'tanh', 'sigmoid', 'elu']","[1e-05, 0.01]","[2, 3, 4, 5, 6, 7, 8, 9, 10, 11, 12, 13, 14, 15, 16, 17, 18, 19, 20, 21, 22, 23, 24, 25, 26, 27, 28, 29, 30]","[16, 32, 64, 128]","[5, 10, 15, 20]","[2, 3, 5, 7]","[2, 4, 8]",tpe,minimize,local
e4dqx01r,205,1450,1779186555215,,/home/meliani/nni-experiments/e4dqx01r,58,exp_tpe_1800s_ali_only_ali_only,hpo,/home/meliani/Desktop/phd/fast-track/search_space.json,python3 trial.py --data ./ali_only.csv,/home/meliani/Desktop/phd/fast-track,1,1800s,100000000,False,False,info,/home/meliani/nni-experiments,"['LSTM', 'GRU', 'CNN', 'RNN', 'TCN', 'Transformer', 'MLP']","[16, 32, 64, 128, 256]","[1, 2, 3, 4]","[0, 0.1, 0.2, 0.3, 0.5]","['relu', 'tanh', 'sigmoid', 'elu']","[1e-05, 0.01]","[2, 3, 4, 5, 6, 7, 8, 9, 10, 11, 12, 13, 14, 15, 16, 17, 18, 19, 20, 21, 22, 23, 24, 25, 26, 27, 28, 29, 30]","[16, 32, 64, 128]","[5, 10, 15, 20]","[2, 3, 5, 7]","[2, 4, 8]",tpe,minimize,local
e4dqx01r,206,1455,1779186555215,,/home/meliani/nni-experiments/e4dqx01r,59,exp_tpe_1800s_ali_only_ali_only,hpo,/home/meliani/Desktop/phd/fast-track/search_space.json,python3 trial.py --data ./ali_only.csv,/home/meliani/Desktop/phd/fast-track,1,1800s,100000000,False,False,info,/home/meliani/nni-experiments,"['LSTM', 'GRU', 'CNN', 'RNN', 'TCN', 'Transformer', 'MLP']","[16, 32, 64, 128, 256]","[1, 2, 3, 4]","[0, 0.1, 0.2, 0.3, 0.5]","['relu', 'tanh', 'sigmoid', 'elu']","[1e-05, 0.01]","[2, 3, 4, 5, 6, 7, 8, 9, 10, 11, 12, 13, 14, 15, 16, 17, 18, 19, 20, 21, 22, 23, 24, 25, 26, 27, 28, 29, 30]","[16, 32, 64, 128]","[5, 10, 15, 20]","[2, 3, 5, 7]","[2, 4, 8]",tpe,minimize,local
e4dqx01r,207,1460,1779186555215,,/home/meliani/nni-experiments/e4dqx01r,59,exp_tpe_1800s_ali_only_ali_only,hpo,/home/meliani/Desktop/phd/fast-track/search_space.json,python3 trial.py --data ./ali_only.csv,/home/meliani/Desktop/phd/fast-track,1,1800s,100000000,False,False,info,/home/meliani/nni-experiments,"['LSTM', 'GRU', 'CNN', 'RNN', 'TCN', 'Transformer', 'MLP']","[16, 32, 64, 128, 256]","[1, 2, 3, 4]","[0, 0.1, 0.2, 0.3, 0.5]","['relu', 'tanh', 'sigmoid', 'elu']","[1e-05, 0.01]","[2, 3, 4, 5, 6, 7, 8, 9, 10, 11, 12, 13, 14, 15, 16, 17, 18, 19, 20, 21, 22, 23, 24, 25, 26, 27, 28, 29, 30]","[16, 32, 64, 128]","[5, 10, 15, 20]","[2, 3, 5, 7]","[2, 4, 8]",tpe,minimize,local
e4dqx01r,208,1462,1779186555215,,/home/meliani/nni-experiments/e4dqx01r,60,exp_tpe_1800s_ali_only_ali_only,hpo,/home/meliani/Desktop/phd/fast-track/search_space.json,python3 trial.py --data ./ali_only.csv,/home/meliani/Desktop/phd/fast-track,1,1800s,100000000,False,False,info,/home/meliani/nni-experiments,"['LSTM', 'GRU', 'CNN', 'RNN', 'TCN', 'Transformer', 'MLP']","[16, 32, 64, 128, 256]","[1, 2, 3, 4]","[0, 0.1, 0.2, 0.3, 0.5]","['relu', 'tanh', 'sigmoid', 'elu']","[1e-05, 0.01]","[2, 3, 4, 5, 6, 7, 8, 9, 10, 11, 12, 13, 14, 15, 16, 17, 18, 19, 20, 21, 22, 23, 24, 25, 26, 27, 28, 29, 30]","[16, 32, 64, 128]","[5, 10, 15, 20]","[2, 3, 5, 7]","[2, 4, 8]",tpe,minimize,local
e4dqx01r,209,1470,1779186555215,,/home/meliani/nni-experiments/e4dqx01r,60,exp_tpe_1800s_ali_only_ali_only,hpo,/home/meliani/Desktop/phd/fast-track/search_space.json,python3 trial.py --data ./ali_only.csv,/home/meliani/Desktop/phd/fast-track,1,1800s,100000000,False,False,info,/home/meliani/nni-experiments,"['LSTM', 'GRU', 'CNN', 'RNN', 'TCN', 'Transformer', 'MLP']","[16, 32, 64, 128, 256]","[1, 2, 3, 4]","[0, 0.1, 0.2, 0.3, 0.5]","['relu', 'tanh', 'sigmoid', 'elu']","[1e-05, 0.01]","[2, 3, 4, 5, 6, 7, 8, 9, 10, 11, 12, 13, 14, 15, 16, 17, 18, 19, 20, 21, 22, 23, 24, 25, 26, 27, 28, 29, 30]","[16, 32, 64, 128]","[5, 10, 15, 20]","[2, 3, 5, 7]","[2, 4, 8]",tpe,minimize,local
e4dqx01r,210,1475,1779186555215,,/home/meliani/nni-experiments/e4dqx01r,61,exp_tpe_1800s_ali_only_ali_only,hpo,/home/meliani/Desktop/phd/fast-track/search_space.json,python3 trial.py --data ./ali_only.csv,/home/meliani/Desktop/phd/fast-track,1,1800s,100000000,False,False,info,/home/meliani/nni-experiments,"['LSTM', 'GRU', 'CNN', 'RNN', 'TCN', 'Transformer', 'MLP']","[16, 32, 64, 128, 256]","[1, 2, 3, 4]","[0, 0.1, 0.2, 0.3, 0.5]","['relu', 'tanh', 'sigmoid', 'elu']","[1e-05, 0.01]","[2, 3, 4, 5, 6, 7, 8, 9, 10, 11, 12, 13, 14, 15, 16, 17, 18, 19, 20, 21, 22, 23, 24, 25, 26, 27, 28, 29, 30]","[16, 32, 64, 128]","[5, 10, 15, 20]","[2, 3, 5, 7]","[2, 4, 8]",tpe,minimize,local
e4dqx01r,211,1480,1779186555215,,/home/meliani/nni-experiments/e4dqx01r,61,exp_tpe_1800s_ali_only_ali_only,hpo,/home/meliani/Desktop/phd/fast-track/search_space.json,python3 trial.py --data ./ali_only.csv,/home/meliani/Desktop/phd/fast-track,1,1800s,100000000,False,False,info,/home/meliani/nni-experiments,"['LSTM', 'GRU', 'CNN', 'RNN', 'TCN', 'Transformer', 'MLP']","[16, 32, 64, 128, 256]","[1, 2, 3, 4]","[0, 0.1, 0.2, 0.3, 0.5]","['relu', 'tanh', 'sigmoid', 'elu']","[1e-05, 0.01]","[2, 3, 4, 5, 6, 7, 8, 9, 10, 11, 12, 13, 14, 15, 16, 17, 18, 19, 20, 21, 22, 23, 24, 25, 26, 27, 28, 29, 30]","[16, 32, 64, 128]","[5, 10, 15, 20]","[2, 3, 5, 7]","[2, 4, 8]",tpe,minimize,local
e4dqx01r,212,1481,1779186555215,,/home/meliani/nni-experiments/e4dqx01r,62,exp_tpe_1800s_ali_only_ali_only,hpo,/home/meliani/Desktop/phd/fast-track/search_space.json,python3 trial.py --data ./ali_only.csv,/home/meliani/Desktop/phd/fast-track,1,1800s,100000000,False,False,info,/home/meliani/nni-experiments,"['LSTM', 'GRU', 'CNN', 'RNN', 'TCN', 'Transformer', 'MLP']","[16, 32, 64, 128, 256]","[1, 2, 3, 4]","[0, 0.1, 0.2, 0.3, 0.5]","['relu', 'tanh', 'sigmoid', 'elu']","[1e-05, 0.01]","[2, 3, 4, 5, 6, 7, 8, 9, 10, 11, 12, 13, 14, 15, 16, 17, 18, 19, 20, 21, 22, 23, 24, 25, 26, 27, 28, 29, 30]","[16, 32, 64, 128]","[5, 10, 15, 20]","[2, 3, 5, 7]","[2, 4, 8]",tpe,minimize,local
e4dqx01r,213,1490,1779186555215,,/home/meliani/nni-experiments/e4dqx01r,62,exp_tpe_1800s_ali_only_ali_only,hpo,/home/meliani/Desktop/phd/fast-track/search_space.json,python3 trial.py --data ./ali_only.csv,/home/meliani/Desktop/phd/fast-track,1,1800s,100000000,False,False,info,/home/meliani/nni-experiments,"['LSTM', 'GRU', 'CNN', 'RNN', 'TCN', 'Transformer', 'MLP']","[16, 32, 64, 128, 256]","[1, 2, 3, 4]","[0, 0.1, 0.2, 0.3, 0.5]","['relu', 'tanh', 'sigmoid', 'elu']","[1e-05, 0.01]","[2, 3, 4, 5, 6, 7, 8, 9, 10, 11, 12, 13, 14, 15, 16, 17, 18, 19, 20, 21, 22, 23, 24, 25, 26, 27, 28, 29, 30]","[16, 32, 64, 128]","[5, 10, 15, 20]","[2, 3, 5, 7]","[2, 4, 8]",tpe,minimize,local
e4dqx01r,214,1497,1779186555215,,/home/meliani/nni-experiments/e4dqx01r,63,exp_tpe_1800s_ali_only_ali_only,hpo,/home/meliani/Desktop/phd/fast-track/search_space.json,python3 trial.py --data ./ali_only.csv,/home/meliani/Desktop/phd/fast-track,1,1800s,100000000,False,False,info,/home/meliani/nni-experiments,"['LSTM', 'GRU', 'CNN', 'RNN', 'TCN', 'Transformer', 'MLP']","[16, 32, 64, 128, 256]","[1, 2, 3, 4]","[0, 0.1, 0.2, 0.3, 0.5]","['relu', 'tanh', 'sigmoid', 'elu']","[1e-05, 0.01]","[2, 3, 4, 5, 6, 7, 8, 9, 10, 11, 12, 13, 14, 15, 16, 17, 18, 19, 20, 21, 22, 23, 24, 25, 26, 27, 28, 29, 30]","[16, 32, 64, 128]","[5, 10, 15, 20]","[2, 3, 5, 7]","[2, 4, 8]",tpe,minimize,local
e4dqx01r,215,1500,1779186555215,,/home/meliani/nni-experiments/e4dqx01r,63,exp_tpe_1800s_ali_only_ali_only,hpo,/home/meliani/Desktop/phd/fast-track/search_space.json,python3 trial.py --data ./ali_only.csv,/home/meliani/Desktop/phd/fast-track,1,1800s,100000000,False,False,info,/home/meliani/nni-experiments,"['LSTM', 'GRU', 'CNN', 'RNN', 'TCN', 'Transformer', 'MLP']","[16, 32, 64, 128, 256]","[1, 2, 3, 4]","[0, 0.1, 0.2, 0.3, 0.5]","['relu', 'tanh', 'sigmoid', 'elu']","[1e-05, 0.01]","[2, 3, 4, 5, 6, 7, 8, 9, 10, 11, 12, 13, 14, 15, 16, 17, 18, 19, 20, 21, 22, 23, 24, 25, 26, 27, 28, 29, 30]","[16, 32, 64, 128]","[5, 10, 15, 20]","[2, 3, 5, 7]","[2, 4, 8]",tpe,minimize,local
e4dqx01r,216,1503,1779186555215,,/home/meliani/nni-experiments/e4dqx01r,64,exp_tpe_1800s_ali_only_ali_only,hpo,/home/meliani/Desktop/phd/fast-track/search_space.json,python3 trial.py --data ./ali_only.csv,/home/meliani/Desktop/phd/fast-track,1,1800s,100000000,False,False,info,/home/meliani/nni-experiments,"['LSTM', 'GRU', 'CNN', 'RNN', 'TCN', 'Transformer', 'MLP']","[16, 32, 64, 128, 256]","[1, 2, 3, 4]","[0, 0.1, 0.2, 0.3, 0.5]","['relu', 'tanh', 'sigmoid', 'elu']","[1e-05, 0.01]","[2, 3, 4, 5, 6, 7, 8, 9, 10, 11, 12, 13, 14, 15, 16, 17, 18, 19, 20, 21, 22, 23, 24, 25, 26, 27, 28, 29, 30]","[16, 32, 64, 128]","[5, 10, 15, 20]","[2, 3, 5, 7]","[2, 4, 8]",tpe,minimize,local
e4dqx01r,217,1510,1779186555215,,/home/meliani/nni-experiments/e4dqx01r,64,exp_tpe_1800s_ali_only_ali_only,hpo,/home/meliani/Desktop/phd/fast-track/search_space.json,python3 trial.py --data ./ali_only.csv,/home/meliani/Desktop/phd/fast-track,1,1800s,100000000,False,False,info,/home/meliani/nni-experiments,"['LSTM', 'GRU', 'CNN', 'RNN', 'TCN', 'Transformer', 'MLP']","[16, 32, 64, 128, 256]","[1, 2, 3, 4]","[0, 0.1, 0.2, 0.3, 0.5]","['relu', 'tanh', 'sigmoid', 'elu']","[1e-05, 0.01]","[2, 3, 4, 5, 6, 7, 8, 9, 10, 11, 12, 13, 14, 15, 16, 17, 18, 19, 20, 21, 22, 23, 24, 25, 26, 27, 28, 29, 30]","[16, 32, 64, 128]","[5, 10, 15, 20]","[2, 3, 5, 7]","[2, 4, 8]",tpe,minimize,local
e4dqx01r,218,1520,1779186555215,,/home/meliani/nni-experiments/e4dqx01r,65,exp_tpe_1800s_ali_only_ali_only,hpo,/home/meliani/Desktop/phd/fast-track/search_space.json,python3 trial.py --data ./ali_only.csv,/home/meliani/Desktop/phd/fast-track,1,1800s,100000000,False,False,info,/home/meliani/nni-experiments,"['LSTM', 'GRU', 'CNN', 'RNN', 'TCN', 'Transformer', 'MLP']","[16, 32, 64, 128, 256]","[1, 2, 3, 4]","[0, 0.1, 0.2, 0.3, 0.5]","['relu', 'tanh', 'sigmoid', 'elu']","[1e-05, 0.01]","[2, 3, 4, 5, 6, 7, 8, 9, 10, 11, 12, 13, 14, 15, 16, 17, 18, 19, 20, 21, 22, 23, 24, 25, 26, 27, 28, 29, 30]","[16, 32, 64, 128]","[5, 10, 15, 20]","[2, 3, 5, 7]","[2, 4, 8]",tpe,minimize,local
e4dqx01r,219,1520,1779186555215,,/home/meliani/nni-experiments/e4dqx01r,65,exp_tpe_1800s_ali_only_ali_only,hpo,/home/meliani/Desktop/phd/fast-track/search_space.json,python3 trial.py --data ./ali_only.csv,/home/meliani/Desktop/phd/fast-track,1,1800s,100000000,False,False,info,/home/meliani/nni-experiments,"['LSTM', 'GRU', 'CNN', 'RNN', 'TCN', 'Transformer', 'MLP']","[16, 32, 64, 128, 256]","[1, 2, 3, 4]","[0, 0.1, 0.2, 0.3, 0.5]","['relu', 'tanh', 'sigmoid', 'elu']","[1e-05, 0.01]","[2, 3, 4, 5, 6, 7, 8, 9, 10, 11, 12, 13, 14, 15, 16, 17, 18, 19, 20, 21, 22, 23, 24, 25, 26, 27, 28, 29, 30]","[16, 32, 64, 128]","[5, 10, 15, 20]","[2, 3, 5, 7]","[2, 4, 8]",tpe,minimize,local
e4dqx01r,220,1528,1779186555215,,/home/meliani/nni-experiments/e4dqx01r,66,exp_tpe_1800s_ali_only_ali_only,hpo,/home/meliani/Desktop/phd/fast-track/search_space.json,python3 trial.py --data ./ali_only.csv,/home/meliani/Desktop/phd/fast-track,1,1800s,100000000,False,False,info,/home/meliani/nni-experiments,"['LSTM', 'GRU', 'CNN', 'RNN', 'TCN', 'Transformer', 'MLP']","[16, 32, 64, 128, 256]","[1, 2, 3, 4]","[0, 0.1, 0.2, 0.3, 0.5]","['relu', 'tanh', 'sigmoid', 'elu']","[1e-05, 0.01]","[2, 3, 4, 5, 6, 7, 8, 9, 10, 11, 12, 13, 14, 15, 16, 17, 18, 19, 20, 21, 22, 23, 24, 25, 26, 27, 28, 29, 30]","[16, 32, 64, 128]","[5, 10, 15, 20]","[2, 3, 5, 7]","[2, 4, 8]",tpe,minimize,local
e4dqx01r,221,1530,1779186555215,,/home/meliani/nni-experiments/e4dqx01r,66,exp_tpe_1800s_ali_only_ali_only,hpo,/home/meliani/Desktop/phd/fast-track/search_space.json,python3 trial.py --data ./ali_only.csv,/home/meliani/Desktop/phd/fast-track,1,1800s,100000000,False,False,info,/home/meliani/nni-experiments,"['LSTM', 'GRU', 'CNN', 'RNN', 'TCN', 'Transformer', 'MLP']","[16, 32, 64, 128, 256]","[1, 2, 3, 4]","[0, 0.1, 0.2, 0.3, 0.5]","['relu', 'tanh', 'sigmoid', 'elu']","[1e-05, 0.01]","[2, 3, 4, 5, 6, 7, 8, 9, 10, 11, 12, 13, 14, 15, 16, 17, 18, 19, 20, 21, 22, 23, 24, 25, 26, 27, 28, 29, 30]","[16, 32, 64, 128]","[5, 10, 15, 20]","[2, 3, 5, 7]","[2, 4, 8]",tpe,minimize,local
e4dqx01r,222,1536,1779186555215,,/home/meliani/nni-experiments/e4dqx01r,67,exp_tpe_1800s_ali_only_ali_only,hpo,/home/meliani/Desktop/phd/fast-track/search_space.json,python3 trial.py --data ./ali_only.csv,/home/meliani/Desktop/phd/fast-track,1,1800s,100000000,False,False,info,/home/meliani/nni-experiments,"['LSTM', 'GRU', 'CNN', 'RNN', 'TCN', 'Transformer', 'MLP']","[16, 32, 64, 128, 256]","[1, 2, 3, 4]","[0, 0.1, 0.2, 0.3, 0.5]","['relu', 'tanh', 'sigmoid', 'elu']","[1e-05, 0.01]","[2, 3, 4, 5, 6, 7, 8, 9, 10, 11, 12, 13, 14, 15, 16, 17, 18, 19, 20, 21, 22, 23, 24, 25, 26, 27, 28, 29, 30]","[16, 32, 64, 128]","[5, 10, 15, 20]","[2, 3, 5, 7]","[2, 4, 8]",tpe,minimize,local
e4dqx01r,223,1540,1779186555215,,/home/meliani/nni-experiments/e4dqx01r,67,exp_tpe_1800s_ali_only_ali_only,hpo,/home/meliani/Desktop/phd/fast-track/search_space.json,python3 trial.py --data ./ali_only.csv,/home/meliani/Desktop/phd/fast-track,1,1800s,100000000,False,False,info,/home/meliani/nni-experiments,"['LSTM', 'GRU', 'CNN', 'RNN', 'TCN', 'Transformer', 'MLP']","[16, 32, 64, 128, 256]","[1, 2, 3, 4]","[0, 0.1, 0.2, 0.3, 0.5]","['relu', 'tanh', 'sigmoid', 'elu']","[1e-05, 0.01]","[2, 3, 4, 5, 6, 7, 8, 9, 10, 11, 12, 13, 14, 15, 16, 17, 18, 19, 20, 21, 22, 23, 24, 25, 26, 27, 28, 29, 30]","[16, 32, 64, 128]","[5, 10, 15, 20]","[2, 3, 5, 7]","[2, 4, 8]",tpe,minimize,local
e4dqx01r,224,1543,1779186555215,,/home/meliani/nni-experiments/e4dqx01r,68,exp_tpe_1800s_ali_only_ali_only,hpo,/home/meliani/Desktop/phd/fast-track/search_space.json,python3 trial.py --data ./ali_only.csv,/home/meliani/Desktop/phd/fast-track,1,1800s,100000000,False,False,info,/home/meliani/nni-experiments,"['LSTM', 'GRU', 'CNN', 'RNN', 'TCN', 'Transformer', 'MLP']","[16, 32, 64, 128, 256]","[1, 2, 3, 4]","[0, 0.1, 0.2, 0.3, 0.5]","['relu', 'tanh', 'sigmoid', 'elu']","[1e-05, 0.01]","[2, 3, 4, 5, 6, 7, 8, 9, 10, 11, 12, 13, 14, 15, 16, 17, 18, 19, 20, 21, 22, 23, 24, 25, 26, 27, 28, 29, 30]","[16, 32, 64, 128]","[5, 10, 15, 20]","[2, 3, 5, 7]","[2, 4, 8]",tpe,minimize,local
e4dqx01r,225,1549,1779186555215,,/home/meliani/nni-experiments/e4dqx01r,69,exp_tpe_1800s_ali_only_ali_only,hpo,/home/meliani/Desktop/phd/fast-track/search_space.json,python3 trial.py --data ./ali_only.csv,/home/meliani/Desktop/phd/fast-track,1,1800s,100000000,False,False,info,/home/meliani/nni-experiments,"['LSTM', 'GRU', 'CNN', 'RNN', 'TCN', 'Transformer', 'MLP']","[16, 32, 64, 128, 256]","[1, 2, 3, 4]","[0, 0.1, 0.2, 0.3, 0.5]","['relu', 'tanh', 'sigmoid', 'elu']","[1e-05, 0.01]","[2, 3, 4, 5, 6, 7, 8, 9, 10, 11, 12, 13, 14, 15, 16, 17, 18, 19, 20, 21, 22, 23, 24, 25, 26, 27, 28, 29, 30]","[16, 32, 64, 128]","[5, 10, 15, 20]","[2, 3, 5, 7]","[2, 4, 8]",tpe,minimize,local
e4dqx01r,226,1550,1779186555215,,/home/meliani/nni-experiments/e4dqx01r,69,exp_tpe_1800s_ali_only_ali_only,hpo,/home/meliani/Desktop/phd/fast-track/search_space.json,python3 trial.py --data ./ali_only.csv,/home/meliani/Desktop/phd/fast-track,1,1800s,100000000,False,False,info,/home/meliani/nni-experiments,"['LSTM', 'GRU', 'CNN', 'RNN', 'TCN', 'Transformer', 'MLP']","[16, 32, 64, 128, 256]","[1, 2, 3, 4]","[0, 0.1, 0.2, 0.3, 0.5]","['relu', 'tanh', 'sigmoid', 'elu']","[1e-05, 0.01]","[2, 3, 4, 5, 6, 7, 8, 9, 10, 11, 12, 13, 14, 15, 16, 17, 18, 19, 20, 21, 22, 23, 24, 25, 26, 27, 28, 29, 30]","[16, 32, 64, 128]","[5, 10, 15, 20]","[2, 3, 5, 7]","[2, 4, 8]",tpe,minimize,local
e4dqx01r,227,1557,1779186555215,,/home/meliani/nni-experiments/e4dqx01r,70,exp_tpe_1800s_ali_only_ali_only,hpo,/home/meliani/Desktop/phd/fast-track/search_space.json,python3 trial.py --data ./ali_only.csv,/home/meliani/Desktop/phd/fast-track,1,1800s,100000000,False,False,info,/home/meliani/nni-experiments,"['LSTM', 'GRU', 'CNN', 'RNN', 'TCN', 'Transformer', 'MLP']","[16, 32, 64, 128, 256]","[1, 2, 3, 4]","[0, 0.1, 0.2, 0.3, 0.5]","['relu', 'tanh', 'sigmoid', 'elu']","[1e-05, 0.01]","[2, 3, 4, 5, 6, 7, 8, 9, 10, 11, 12, 13, 14, 15, 16, 17, 18, 19, 20, 21, 22, 23, 24, 25, 26, 27, 28, 29, 30]","[16, 32, 64, 128]","[5, 10, 15, 20]","[2, 3, 5, 7]","[2, 4, 8]",tpe,minimize,local
e4dqx01r,228,1560,1779186555215,,/home/meliani/nni-experiments/e4dqx01r,70,exp_tpe_1800s_ali_only_ali_only,hpo,/home/meliani/Desktop/phd/fast-track/search_space.json,python3 trial.py --data ./ali_only.csv,/home/meliani/Desktop/phd/fast-track,1,1800s,100000000,False,False,info,/home/meliani/nni-experiments,"['LSTM', 'GRU', 'CNN', 'RNN', 'TCN', 'Transformer', 'MLP']","[16, 32, 64, 128, 256]","[1, 2, 3, 4]","[0, 0.1, 0.2, 0.3, 0.5]","['relu', 'tanh', 'sigmoid', 'elu']","[1e-05, 0.01]","[2, 3, 4, 5, 6, 7, 8, 9, 10, 11, 12, 13, 14, 15, 16, 17, 18, 19, 20, 21, 22, 23, 24, 25, 26, 27, 28, 29, 30]","[16, 32, 64, 128]","[5, 10, 15, 20]","[2, 3, 5, 7]","[2, 4, 8]",tpe,minimize,local
e4dqx01r,229,1564,1779186555215,,/home/meliani/nni-experiments/e4dqx01r,71,exp_tpe_1800s_ali_only_ali_only,hpo,/home/meliani/Desktop/phd/fast-track/search_space.json,python3 trial.py --data ./ali_only.csv,/home/meliani/Desktop/phd/fast-track,1,1800s,100000000,False,False,info,/home/meliani/nni-experiments,"['LSTM', 'GRU', 'CNN', 'RNN', 'TCN', 'Transformer', 'MLP']","[16, 32, 64, 128, 256]","[1, 2, 3, 4]","[0, 0.1, 0.2, 0.3, 0.5]","['relu', 'tanh', 'sigmoid', 'elu']","[1e-05, 0.01]","[2, 3, 4, 5, 6, 7, 8, 9, 10, 11, 12, 13, 14, 15, 16, 17, 18, 19, 20, 21, 22, 23, 24, 25, 26, 27, 28, 29, 30]","[16, 32, 64, 128]","[5, 10, 15, 20]","[2, 3, 5, 7]","[2, 4, 8]",tpe,minimize,local
e4dqx01r,230,1570,1779186555215,,/home/meliani/nni-experiments/e4dqx01r,71,exp_tpe_1800s_ali_only_ali_only,hpo,/home/meliani/Desktop/phd/fast-track/search_space.json,python3 trial.py --data ./ali_only.csv,/home/meliani/Desktop/phd/fast-track,1,1800s,100000000,False,False,info,/home/meliani/nni-experiments,"['LSTM', 'GRU', 'CNN', 'RNN', 'TCN', 'Transformer', 'MLP']","[16, 32, 64, 128, 256]","[1, 2, 3, 4]","[0, 0.1, 0.2, 0.3, 0.5]","['relu', 'tanh', 'sigmoid', 'elu']","[1e-05, 0.01]","[2, 3, 4, 5, 6, 7, 8, 9, 10, 11, 12, 13, 14, 15, 16, 17, 18, 19, 20, 21, 22, 23, 24, 25, 26, 27, 28, 29, 30]","[16, 32, 64, 128]","[5, 10, 15, 20]","[2, 3, 5, 7]","[2, 4, 8]",tpe,minimize,local
e4dqx01r,231,1570,1779186555215,,/home/meliani/nni-experiments/e4dqx01r,72,exp_tpe_1800s_ali_only_ali_only,hpo,/home/meliani/Desktop/phd/fast-track/search_space.json,python3 trial.py --data ./ali_only.csv,/home/meliani/Desktop/phd/fast-track,1,1800s,100000000,False,False,info,/home/meliani/nni-experiments,"['LSTM', 'GRU', 'CNN', 'RNN', 'TCN', 'Transformer', 'MLP']","[16, 32, 64, 128, 256]","[1, 2, 3, 4]","[0, 0.1, 0.2, 0.3, 0.5]","['relu', 'tanh', 'sigmoid', 'elu']","[1e-05, 0.01]","[2, 3, 4, 5, 6, 7, 8, 9, 10, 11, 12, 13, 14, 15, 16, 17, 18, 19, 20, 21, 22, 23, 24, 25, 26, 27, 28, 29, 30]","[16, 32, 64, 128]","[5, 10, 15, 20]","[2, 3, 5, 7]","[2, 4, 8]",tpe,minimize,local
e4dqx01r,232,1576,1779186555215,,/home/meliani/nni-experiments/e4dqx01r,73,exp_tpe_1800s_ali_only_ali_only,hpo,/home/meliani/Desktop/phd/fast-track/search_space.json,python3 trial.py --data ./ali_only.csv,/home/meliani/Desktop/phd/fast-track,1,1800s,100000000,False,False,info,/home/meliani/nni-experiments,"['LSTM', 'GRU', 'CNN', 'RNN', 'TCN', 'Transformer', 'MLP']","[16, 32, 64, 128, 256]","[1, 2, 3, 4]","[0, 0.1, 0.2, 0.3, 0.5]","['relu', 'tanh', 'sigmoid', 'elu']","[1e-05, 0.01]","[2, 3, 4, 5, 6, 7, 8, 9, 10, 11, 12, 13, 14, 15, 16, 17, 18, 19, 20, 21, 22, 23, 24, 25, 26, 27, 28, 29, 30]","[16, 32, 64, 128]","[5, 10, 15, 20]","[2, 3, 5, 7]","[2, 4, 8]",tpe,minimize,local
e4dqx01r,233,1580,1779186555215,,/home/meliani/nni-experiments/e4dqx01r,73,exp_tpe_1800s_ali_only_ali_only,hpo,/home/meliani/Desktop/phd/fast-track/search_space.json,python3 trial.py --data ./ali_only.csv,/home/meliani/Desktop/phd/fast-track,1,1800s,100000000,False,False,info,/home/meliani/nni-experiments,"['LSTM', 'GRU', 'CNN', 'RNN', 'TCN', 'Transformer', 'MLP']","[16, 32, 64, 128, 256]","[1, 2, 3, 4]","[0, 0.1, 0.2, 0.3, 0.5]","['relu', 'tanh', 'sigmoid', 'elu']","[1e-05, 0.01]","[2, 3, 4, 5, 6, 7, 8, 9, 10, 11, 12, 13, 14, 15, 16, 17, 18, 19, 20, 21, 22, 23, 24, 25, 26, 27, 28, 29, 30]","[16, 32, 64, 128]","[5, 10, 15, 20]","[2, 3, 5, 7]","[2, 4, 8]",tpe,minimize,local
e4dqx01r,234,1587,1779186555215,,/home/meliani/nni-experiments/e4dqx01r,74,exp_tpe_1800s_ali_only_ali_only,hpo,/home/meliani/Desktop/phd/fast-track/search_space.json,python3 trial.py --data ./ali_only.csv,/home/meliani/Desktop/phd/fast-track,1,1800s,100000000,False,False,info,/home/meliani/nni-experiments,"['LSTM', 'GRU', 'CNN', 'RNN', 'TCN', 'Transformer', 'MLP']","[16, 32, 64, 128, 256]","[1, 2, 3, 4]","[0, 0.1, 0.2, 0.3, 0.5]","['relu', 'tanh', 'sigmoid', 'elu']","[1e-05, 0.01]","[2, 3, 4, 5, 6, 7, 8, 9, 10, 11, 12, 13, 14, 15, 16, 17, 18, 19, 20, 21, 22, 23, 24, 25, 26, 27, 28, 29, 30]","[16, 32, 64, 128]","[5, 10, 15, 20]","[2, 3, 5, 7]","[2, 4, 8]",tpe,minimize,local
e4dqx01r,235,1590,1779186555215,,/home/meliani/nni-experiments/e4dqx01r,74,exp_tpe_1800s_ali_only_ali_only,hpo,/home/meliani/Desktop/phd/fast-track/search_space.json,python3 trial.py --data ./ali_only.csv,/home/meliani/Desktop/phd/fast-track,1,1800s,100000000,False,False,info,/home/meliani/nni-experiments,"['LSTM', 'GRU', 'CNN', 'RNN', 'TCN', 'Transformer', 'MLP']","[16, 32, 64, 128, 256]","[1, 2, 3, 4]","[0, 0.1, 0.2, 0.3, 0.5]","['relu', 'tanh', 'sigmoid', 'elu']","[1e-05, 0.01]","[2, 3, 4, 5, 6, 7, 8, 9, 10, 11, 12, 13, 14, 15, 16, 17, 18, 19, 20, 21, 22, 23, 24, 25, 26, 27, 28, 29, 30]","[16, 32, 64, 128]","[5, 10, 15, 20]","[2, 3, 5, 7]","[2, 4, 8]",tpe,minimize,local
e4dqx01r,236,1600,1779186555215,,/home/meliani/nni-experiments/e4dqx01r,74,exp_tpe_1800s_ali_only_ali_only,hpo,/home/meliani/Desktop/phd/fast-track/search_space.json,python3 trial.py --data ./ali_only.csv,/home/meliani/Desktop/phd/fast-track,1,1800s,100000000,False,False,info,/home/meliani/nni-experiments,"['LSTM', 'GRU', 'CNN', 'RNN', 'TCN', 'Transformer', 'MLP']","[16, 32, 64, 128, 256]","[1, 2, 3, 4]","[0, 0.1, 0.2, 0.3, 0.5]","['relu', 'tanh', 'sigmoid', 'elu']","[1e-05, 0.01]","[2, 3, 4, 5, 6, 7, 8, 9, 10, 11, 12, 13, 14, 15, 16, 17, 18, 19, 20, 21, 22, 23, 24, 25, 26, 27, 28, 29, 30]","[16, 32, 64, 128]","[5, 10, 15, 20]","[2, 3, 5, 7]","[2, 4, 8]",tpe,minimize,local
e4dqx01r,237,1602,1779186555215,,/home/meliani/nni-experiments/e4dqx01r,75,exp_tpe_1800s_ali_only_ali_only,hpo,/home/meliani/Desktop/phd/fast-track/search_space.json,python3 trial.py --data ./ali_only.csv,/home/meliani/Desktop/phd/fast-track,1,1800s,100000000,False,False,info,/home/meliani/nni-experiments,"['LSTM', 'GRU', 'CNN', 'RNN', 'TCN', 'Transformer', 'MLP']","[16, 32, 64, 128, 256]","[1, 2, 3, 4]","[0, 0.1, 0.2, 0.3, 0.5]","['relu', 'tanh', 'sigmoid', 'elu']","[1e-05, 0.01]","[2, 3, 4, 5, 6, 7, 8, 9, 10, 11, 12, 13, 14, 15, 16, 17, 18, 19, 20, 21, 22, 23, 24, 25, 26, 27, 28, 29, 30]","[16, 32, 64, 128]","[5, 10, 15, 20]","[2, 3, 5, 7]","[2, 4, 8]",tpe,minimize,local
e4dqx01r,238,1607,1779186555215,,/home/meliani/nni-experiments/e4dqx01r,76,exp_tpe_1800s_ali_only_ali_only,hpo,/home/meliani/Desktop/phd/fast-track/search_space.json,python3 trial.py --data ./ali_only.csv,/home/meliani/Desktop/phd/fast-track,1,1800s,100000000,False,False,info,/home/meliani/nni-experiments,"['LSTM', 'GRU', 'CNN', 'RNN', 'TCN', 'Transformer', 'MLP']","[16, 32, 64, 128, 256]","[1, 2, 3, 4]","[0, 0.1, 0.2, 0.3, 0.5]","['relu', 'tanh', 'sigmoid', 'elu']","[1e-05, 0.01]","[2, 3, 4, 5, 6, 7, 8, 9, 10, 11, 12, 13, 14, 15, 16, 17, 18, 19, 20, 21, 22, 23, 24, 25, 26, 27, 28, 29, 30]","[16, 32, 64, 128]","[5, 10, 15, 20]","[2, 3, 5, 7]","[2, 4, 8]",tpe,minimize,local
e4dqx01r,239,1610,1779186555215,,/home/meliani/nni-experiments/e4dqx01r,76,exp_tpe_1800s_ali_only_ali_only,hpo,/home/meliani/Desktop/phd/fast-track/search_space.json,python3 trial.py --data ./ali_only.csv,/home/meliani/Desktop/phd/fast-track,1,1800s,100000000,False,False,info,/home/meliani/nni-experiments,"['LSTM', 'GRU', 'CNN', 'RNN', 'TCN', 'Transformer', 'MLP']","[16, 32, 64, 128, 256]","[1, 2, 3, 4]","[0, 0.1, 0.2, 0.3, 0.5]","['relu', 'tanh', 'sigmoid', 'elu']","[1e-05, 0.01]","[2, 3, 4, 5, 6, 7, 8, 9, 10, 11, 12, 13, 14, 15, 16, 17, 18, 19, 20, 21, 22, 23, 24, 25, 26, 27, 28, 29, 30]","[16, 32, 64, 128]","[5, 10, 15, 20]","[2, 3, 5, 7]","[2, 4, 8]",tpe,minimize,local
e4dqx01r,240,1611,1779186555215,,/home/meliani/nni-experiments/e4dqx01r,77,exp_tpe_1800s_ali_only_ali_only,hpo,/home/meliani/Desktop/phd/fast-track/search_space.json,python3 trial.py --data ./ali_only.csv,/home/meliani/Desktop/phd/fast-track,1,1800s,100000000,False,False,info,/home/meliani/nni-experiments,"['LSTM', 'GRU', 'CNN', 'RNN', 'TCN', 'Transformer', 'MLP']","[16, 32, 64, 128, 256]","[1, 2, 3, 4]","[0, 0.1, 0.2, 0.3, 0.5]","['relu', 'tanh', 'sigmoid', 'elu']","[1e-05, 0.01]","[2, 3, 4, 5, 6, 7, 8, 9, 10, 11, 12, 13, 14, 15, 16, 17, 18, 19, 20, 21, 22, 23, 24, 25, 26, 27, 28, 29, 30]","[16, 32, 64, 128]","[5, 10, 15, 20]","[2, 3, 5, 7]","[2, 4, 8]",tpe,minimize,local
e4dqx01r,241,1616,1779186555215,,/home/meliani/nni-experiments/e4dqx01r,78,exp_tpe_1800s_ali_only_ali_only,hpo,/home/meliani/Desktop/phd/fast-track/search_space.json,python3 trial.py --data ./ali_only.csv,/home/meliani/Desktop/phd/fast-track,1,1800s,100000000,False,False,info,/home/meliani/nni-experiments,"['LSTM', 'GRU', 'CNN', 'RNN', 'TCN', 'Transformer', 'MLP']","[16, 32, 64, 128, 256]","[1, 2, 3, 4]","[0, 0.1, 0.2, 0.3, 0.5]","['relu', 'tanh', 'sigmoid', 'elu']","[1e-05, 0.01]","[2, 3, 4, 5, 6, 7, 8, 9, 10, 11, 12, 13, 14, 15, 16, 17, 18, 19, 20, 21, 22, 23, 24, 25, 26, 27, 28, 29, 30]","[16, 32, 64, 128]","[5, 10, 15, 20]","[2, 3, 5, 7]","[2, 4, 8]",tpe,minimize,local
e4dqx01r,242,1620,1779186555215,,/home/meliani/nni-experiments/e4dqx01r,78,exp_tpe_1800s_ali_only_ali_only,hpo,/home/meliani/Desktop/phd/fast-track/search_space.json,python3 trial.py --data ./ali_only.csv,/home/meliani/Desktop/phd/fast-track,1,1800s,100000000,False,False,info,/home/meliani/nni-experiments,"['LSTM', 'GRU', 'CNN', 'RNN', 'TCN', 'Transformer', 'MLP']","[16, 32, 64, 128, 256]","[1, 2, 3, 4]","[0, 0.1, 0.2, 0.3, 0.5]","['relu', 'tanh', 'sigmoid', 'elu']","[1e-05, 0.01]","[2, 3, 4, 5, 6, 7, 8, 9, 10, 11, 12, 13, 14, 15, 16, 17, 18, 19, 20, 21, 22, 23, 24, 25, 26, 27, 28, 29, 30]","[16, 32, 64, 128]","[5, 10, 15, 20]","[2, 3, 5, 7]","[2, 4, 8]",tpe,minimize,local
e4dqx01r,243,1624,1779186555215,,/home/meliani/nni-experiments/e4dqx01r,79,exp_tpe_1800s_ali_only_ali_only,hpo,/home/meliani/Desktop/phd/fast-track/search_space.json,python3 trial.py --data ./ali_only.csv,/home/meliani/Desktop/phd/fast-track,1,1800s,100000000,False,False,info,/home/meliani/nni-experiments,"['LSTM', 'GRU', 'CNN', 'RNN', 'TCN', 'Transformer', 'MLP']","[16, 32, 64, 128, 256]","[1, 2, 3, 4]","[0, 0.1, 0.2, 0.3, 0.5]","['relu', 'tanh', 'sigmoid', 'elu']","[1e-05, 0.01]","[2, 3, 4, 5, 6, 7, 8, 9, 10, 11, 12, 13, 14, 15, 16, 17, 18, 19, 20, 21, 22, 23, 24, 25, 26, 27, 28, 29, 30]","[16, 32, 64, 128]","[5, 10, 15, 20]","[2, 3, 5, 7]","[2, 4, 8]",tpe,minimize,local
e4dqx01r,244,1629,1779186555215,,/home/meliani/nni-experiments/e4dqx01r,80,exp_tpe_1800s_ali_only_ali_only,hpo,/home/meliani/Desktop/phd/fast-track/search_space.json,python3 trial.py --data ./ali_only.csv,/home/meliani/Desktop/phd/fast-track,1,1800s,100000000,False,False,info,/home/meliani/nni-experiments,"['LSTM', 'GRU', 'CNN', 'RNN', 'TCN', 'Transformer', 'MLP']","[16, 32, 64, 128, 256]","[1, 2, 3, 4]","[0, 0.1, 0.2, 0.3, 0.5]","['relu', 'tanh', 'sigmoid', 'elu']","[1e-05, 0.01]","[2, 3, 4, 5, 6, 7, 8, 9, 10, 11, 12, 13, 14, 15, 16, 17, 18, 19, 20, 21, 22, 23, 24, 25, 26, 27, 28, 29, 30]","[16, 32, 64, 128]","[5, 10, 15, 20]","[2, 3, 5, 7]","[2, 4, 8]",tpe,minimize,local
e4dqx01r,245,1630,1779186555215,,/home/meliani/nni-experiments/e4dqx01r,80,exp_tpe_1800s_ali_only_ali_only,hpo,/home/meliani/Desktop/phd/fast-track/search_space.json,python3 trial.py --data ./ali_only.csv,/home/meliani/Desktop/phd/fast-track,1,1800s,100000000,False,False,info,/home/meliani/nni-experiments,"['LSTM', 'GRU', 'CNN', 'RNN', 'TCN', 'Transformer', 'MLP']","[16, 32, 64, 128, 256]","[1, 2, 3, 4]","[0, 0.1, 0.2, 0.3, 0.5]","['relu', 'tanh', 'sigmoid', 'elu']","[1e-05, 0.01]","[2, 3, 4, 5, 6, 7, 8, 9, 10, 11, 12, 13, 14, 15, 16, 17, 18, 19, 20, 21, 22, 23, 24, 25, 26, 27, 28, 29, 30]","[16, 32, 64, 128]","[5, 10, 15, 20]","[2, 3, 5, 7]","[2, 4, 8]",tpe,minimize,local
e4dqx01r,246,1634,1779186555215,,/home/meliani/nni-experiments/e4dqx01r,81,exp_tpe_1800s_ali_only_ali_only,hpo,/home/meliani/Desktop/phd/fast-track/search_space.json,python3 trial.py --data ./ali_only.csv,/home/meliani/Desktop/phd/fast-track,1,1800s,100000000,False,False,info,/home/meliani/nni-experiments,"['LSTM', 'GRU', 'CNN', 'RNN', 'TCN', 'Transformer', 'MLP']","[16, 32, 64, 128, 256]","[1, 2, 3, 4]","[0, 0.1, 0.2, 0.3, 0.5]","['relu', 'tanh', 'sigmoid', 'elu']","[1e-05, 0.01]","[2, 3, 4, 5, 6, 7, 8, 9, 10, 11, 12, 13, 14, 15, 16, 17, 18, 19, 20, 21, 22, 23, 24, 25, 26, 27, 28, 29, 30]","[16, 32, 64, 128]","[5, 10, 15, 20]","[2, 3, 5, 7]","[2, 4, 8]",tpe,minimize,local
e4dqx01r,247,1640,1779186555215,,/home/meliani/nni-experiments/e4dqx01r,81,exp_tpe_1800s_ali_only_ali_only,hpo,/home/meliani/Desktop/phd/fast-track/search_space.json,python3 trial.py --data ./ali_only.csv,/home/meliani/Desktop/phd/fast-track,1,1800s,100000000,False,False,info,/home/meliani/nni-experiments,"['LSTM', 'GRU', 'CNN', 'RNN', 'TCN', 'Transformer', 'MLP']","[16, 32, 64, 128, 256]","[1, 2, 3, 4]","[0, 0.1, 0.2, 0.3, 0.5]","['relu', 'tanh', 'sigmoid', 'elu']","[1e-05, 0.01]","[2, 3, 4, 5, 6, 7, 8, 9, 10, 11, 12, 13, 14, 15, 16, 17, 18, 19, 20, 21, 22, 23, 24, 25, 26, 27, 28, 29, 30]","[16, 32, 64, 128]","[5, 10, 15, 20]","[2, 3, 5, 7]","[2, 4, 8]",tpe,minimize,local
e4dqx01r,248,1650,1779186555215,,/home/meliani/nni-experiments/e4dqx01r,81,exp_tpe_1800s_ali_only_ali_only,hpo,/home/meliani/Desktop/phd/fast-track/search_space.json,python3 trial.py --data ./ali_only.csv,/home/meliani/Desktop/phd/fast-track,1,1800s,100000000,False,False,info,/home/meliani/nni-experiments,"['LSTM', 'GRU', 'CNN', 'RNN', 'TCN', 'Transformer', 'MLP']","[16, 32, 64, 128, 256]","[1, 2, 3, 4]","[0, 0.1, 0.2, 0.3, 0.5]","['relu', 'tanh', 'sigmoid', 'elu']","[1e-05, 0.01]","[2, 3, 4, 5, 6, 7, 8, 9, 10, 11, 12, 13, 14, 15, 16, 17, 18, 19, 20, 21, 22, 23, 24, 25, 26, 27, 28, 29, 30]","[16, 32, 64, 128]","[5, 10, 15, 20]","[2, 3, 5, 7]","[2, 4, 8]",tpe,minimize,local
e4dqx01r,249,1651,1779186555215,,/home/meliani/nni-experiments/e4dqx01r,82,exp_tpe_1800s_ali_only_ali_only,hpo,/home/meliani/Desktop/phd/fast-track/search_space.json,python3 trial.py --data ./ali_only.csv,/home/meliani/Desktop/phd/fast-track,1,1800s,100000000,False,False,info,/home/meliani/nni-experiments,"['LSTM', 'GRU', 'CNN', 'RNN', 'TCN', 'Transformer', 'MLP']","[16, 32, 64, 128, 256]","[1, 2, 3, 4]","[0, 0.1, 0.2, 0.3, 0.5]","['relu', 'tanh', 'sigmoid', 'elu']","[1e-05, 0.01]","[2, 3, 4, 5, 6, 7, 8, 9, 10, 11, 12, 13, 14, 15, 16, 17, 18, 19, 20, 21, 22, 23, 24, 25, 26, 27, 28, 29, 30]","[16, 32, 64, 128]","[5, 10, 15, 20]","[2, 3, 5, 7]","[2, 4, 8]",tpe,minimize,local
e4dqx01r,250,1659,1779186555215,,/home/meliani/nni-experiments/e4dqx01r,83,exp_tpe_1800s_ali_only_ali_only,hpo,/home/meliani/Desktop/phd/fast-track/search_space.json,python3 trial.py --data ./ali_only.csv,/home/meliani/Desktop/phd/fast-track,1,1800s,100000000,False,False,info,/home/meliani/nni-experiments,"['LSTM', 'GRU', 'CNN', 'RNN', 'TCN', 'Transformer', 'MLP']","[16, 32, 64, 128, 256]","[1, 2, 3, 4]","[0, 0.1, 0.2, 0.3, 0.5]","['relu', 'tanh', 'sigmoid', 'elu']","[1e-05, 0.01]","[2, 3, 4, 5, 6, 7, 8, 9, 10, 11, 12, 13, 14, 15, 16, 17, 18, 19, 20, 21, 22, 23, 24, 25, 26, 27, 28, 29, 30]","[16, 32, 64, 128]","[5, 10, 15, 20]","[2, 3, 5, 7]","[2, 4, 8]",tpe,minimize,local
e4dqx01r,251,1660,1779186555215,,/home/meliani/nni-experiments/e4dqx01r,83,exp_tpe_1800s_ali_only_ali_only,hpo,/home/meliani/Desktop/phd/fast-track/search_space.json,python3 trial.py --data ./ali_only.csv,/home/meliani/Desktop/phd/fast-track,1,1800s,100000000,False,False,info,/home/meliani/nni-experiments,"['LSTM', 'GRU', 'CNN', 'RNN', 'TCN', 'Transformer', 'MLP']","[16, 32, 64, 128, 256]","[1, 2, 3, 4]","[0, 0.1, 0.2, 0.3, 0.5]","['relu', 'tanh', 'sigmoid', 'elu']","[1e-05, 0.01]","[2, 3, 4, 5, 6, 7, 8, 9, 10, 11, 12, 13, 14, 15, 16, 17, 18, 19, 20, 21, 22, 23, 24, 25, 26, 27, 28, 29, 30]","[16, 32, 64, 128]","[5, 10, 15, 20]","[2, 3, 5, 7]","[2, 4, 8]",tpe,minimize,local
e4dqx01r,252,1667,1779186555215,,/home/meliani/nni-experiments/e4dqx01r,84,exp_tpe_1800s_ali_only_ali_only,hpo,/home/meliani/Desktop/phd/fast-track/search_space.json,python3 trial.py --data ./ali_only.csv,/home/meliani/Desktop/phd/fast-track,1,1800s,100000000,False,False,info,/home/meliani/nni-experiments,"['LSTM', 'GRU', 'CNN', 'RNN', 'TCN', 'Transformer', 'MLP']","[16, 32, 64, 128, 256]","[1, 2, 3, 4]","[0, 0.1, 0.2, 0.3, 0.5]","['relu', 'tanh', 'sigmoid', 'elu']","[1e-05, 0.01]","[2, 3, 4, 5, 6, 7, 8, 9, 10, 11, 12, 13, 14, 15, 16, 17, 18, 19, 20, 21, 22, 23, 24, 25, 26, 27, 28, 29, 30]","[16, 32, 64, 128]","[5, 10, 15, 20]","[2, 3, 5, 7]","[2, 4, 8]",tpe,minimize,local
e4dqx01r,253,1670,1779186555215,,/home/meliani/nni-experiments/e4dqx01r,84,exp_tpe_1800s_ali_only_ali_only,hpo,/home/meliani/Desktop/phd/fast-track/search_space.json,python3 trial.py --data ./ali_only.csv,/home/meliani/Desktop/phd/fast-track,1,1800s,100000000,False,False,info,/home/meliani/nni-experiments,"['LSTM', 'GRU', 'CNN', 'RNN', 'TCN', 'Transformer', 'MLP']","[16, 32, 64, 128, 256]","[1, 2, 3, 4]","[0, 0.1, 0.2, 0.3, 0.5]","['relu', 'tanh', 'sigmoid', 'elu']","[1e-05, 0.01]","[2, 3, 4, 5, 6, 7, 8, 9, 10, 11, 12, 13, 14, 15, 16, 17, 18, 19, 20, 21, 22, 23, 24, 25, 26, 27, 28, 29, 30]","[16, 32, 64, 128]","[5, 10, 15, 20]","[2, 3, 5, 7]","[2, 4, 8]",tpe,minimize,local
e4dqx01r,254,1680,1779186555215,,/home/meliani/nni-experiments/e4dqx01r,84,exp_tpe_1800s_ali_only_ali_only,hpo,/home/meliani/Desktop/phd/fast-track/search_space.json,python3 trial.py --data ./ali_only.csv,/home/meliani/Desktop/phd/fast-track,1,1800s,100000000,False,False,info,/home/meliani/nni-experiments,"['LSTM', 'GRU', 'CNN', 'RNN', 'TCN', 'Transformer', 'MLP']","[16, 32, 64, 128, 256]","[1, 2, 3, 4]","[0, 0.1, 0.2, 0.3, 0.5]","['relu', 'tanh', 'sigmoid', 'elu']","[1e-05, 0.01]","[2, 3, 4, 5, 6, 7, 8, 9, 10, 11, 12, 13, 14, 15, 16, 17, 18, 19, 20, 21, 22, 23, 24, 25, 26, 27, 28, 29, 30]","[16, 32, 64, 128]","[5, 10, 15, 20]","[2, 3, 5, 7]","[2, 4, 8]",tpe,minimize,local
e4dqx01r,255,1690,1779186555215,,/home/meliani/nni-experiments/e4dqx01r,84,exp_tpe_1800s_ali_only_ali_only,hpo,/home/meliani/Desktop/phd/fast-track/search_space.json,python3 trial.py --data ./ali_only.csv,/home/meliani/Desktop/phd/fast-track,1,1800s,100000000,False,False,info,/home/meliani/nni-experiments,"['LSTM', 'GRU', 'CNN', 'RNN', 'TCN', 'Transformer', 'MLP']","[16, 32, 64, 128, 256]","[1, 2, 3, 4]","[0, 0.1, 0.2, 0.3, 0.5]","['relu', 'tanh', 'sigmoid', 'elu']","[1e-05, 0.01]","[2, 3, 4, 5, 6, 7, 8, 9, 10, 11, 12, 13, 14, 15, 16, 17, 18, 19, 20, 21, 22, 23, 24, 25, 26, 27, 28, 29, 30]","[16, 32, 64, 128]","[5, 10, 15, 20]","[2, 3, 5, 7]","[2, 4, 8]",tpe,minimize,local
e4dqx01r,256,1695,1779186555215,,/home/meliani/nni-experiments/e4dqx01r,85,exp_tpe_1800s_ali_only_ali_only,hpo,/home/meliani/Desktop/phd/fast-track/search_space.json,python3 trial.py --data ./ali_only.csv,/home/meliani/Desktop/phd/fast-track,1,1800s,100000000,False,False,info,/home/meliani/nni-experiments,"['LSTM', 'GRU', 'CNN', 'RNN', 'TCN', 'Transformer', 'MLP']","[16, 32, 64, 128, 256]","[1, 2, 3, 4]","[0, 0.1, 0.2, 0.3, 0.5]","['relu', 'tanh', 'sigmoid', 'elu']","[1e-05, 0.01]","[2, 3, 4, 5, 6, 7, 8, 9, 10, 11, 12, 13, 14, 15, 16, 17, 18, 19, 20, 21, 22, 23, 24, 25, 26, 27, 28, 29, 30]","[16, 32, 64, 128]","[5, 10, 15, 20]","[2, 3, 5, 7]","[2, 4, 8]",tpe,minimize,local
e4dqx01r,257,1700,1779186555215,,/home/meliani/nni-experiments/e4dqx01r,85,exp_tpe_1800s_ali_only_ali_only,hpo,/home/meliani/Desktop/phd/fast-track/search_space.json,python3 trial.py --data ./ali_only.csv,/home/meliani/Desktop/phd/fast-track,1,1800s,100000000,False,False,info,/home/meliani/nni-experiments,"['LSTM', 'GRU', 'CNN', 'RNN', 'TCN', 'Transformer', 'MLP']","[16, 32, 64, 128, 256]","[1, 2, 3, 4]","[0, 0.1, 0.2, 0.3, 0.5]","['relu', 'tanh', 'sigmoid', 'elu']","[1e-05, 0.01]","[2, 3, 4, 5, 6, 7, 8, 9, 10, 11, 12, 13, 14, 15, 16, 17, 18, 19, 20, 21, 22, 23, 24, 25, 26, 27, 28, 29, 30]","[16, 32, 64, 128]","[5, 10, 15, 20]","[2, 3, 5, 7]","[2, 4, 8]",tpe,minimize,local
e4dqx01r,258,1709,1779186555215,,/home/meliani/nni-experiments/e4dqx01r,86,exp_tpe_1800s_ali_only_ali_only,hpo,/home/meliani/Desktop/phd/fast-track/search_space.json,python3 trial.py --data ./ali_only.csv,/home/meliani/Desktop/phd/fast-track,1,1800s,100000000,False,False,info,/home/meliani/nni-experiments,"['LSTM', 'GRU', 'CNN', 'RNN', 'TCN', 'Transformer', 'MLP']","[16, 32, 64, 128, 256]","[1, 2, 3, 4]","[0, 0.1, 0.2, 0.3, 0.5]","['relu', 'tanh', 'sigmoid', 'elu']","[1e-05, 0.01]","[2, 3, 4, 5, 6, 7, 8, 9, 10, 11, 12, 13, 14, 15, 16, 17, 18, 19, 20, 21, 22, 23, 24, 25, 26, 27, 28, 29, 30]","[16, 32, 64, 128]","[5, 10, 15, 20]","[2, 3, 5, 7]","[2, 4, 8]",tpe,minimize,local
e4dqx01r,259,1710,1779186555215,,/home/meliani/nni-experiments/e4dqx01r,86,exp_tpe_1800s_ali_only_ali_only,hpo,/home/meliani/Desktop/phd/fast-track/search_space.json,python3 trial.py --data ./ali_only.csv,/home/meliani/Desktop/phd/fast-track,1,1800s,100000000,False,False,info,/home/meliani/nni-experiments,"['LSTM', 'GRU', 'CNN', 'RNN', 'TCN', 'Transformer', 'MLP']","[16, 32, 64, 128, 256]","[1, 2, 3, 4]","[0, 0.1, 0.2, 0.3, 0.5]","['relu', 'tanh', 'sigmoid', 'elu']","[1e-05, 0.01]","[2, 3, 4, 5, 6, 7, 8, 9, 10, 11, 12, 13, 14, 15, 16, 17, 18, 19, 20, 21, 22, 23, 24, 25, 26, 27, 28, 29, 30]","[16, 32, 64, 128]","[5, 10, 15, 20]","[2, 3, 5, 7]","[2, 4, 8]",tpe,minimize,local
e4dqx01r,260,1717,1779186555215,,/home/meliani/nni-experiments/e4dqx01r,87,exp_tpe_1800s_ali_only_ali_only,hpo,/home/meliani/Desktop/phd/fast-track/search_space.json,python3 trial.py --data ./ali_only.csv,/home/meliani/Desktop/phd/fast-track,1,1800s,100000000,False,False,info,/home/meliani/nni-experiments,"['LSTM', 'GRU', 'CNN', 'RNN', 'TCN', 'Transformer', 'MLP']","[16, 32, 64, 128, 256]","[1, 2, 3, 4]","[0, 0.1, 0.2, 0.3, 0.5]","['relu', 'tanh', 'sigmoid', 'elu']","[1e-05, 0.01]","[2, 3, 4, 5, 6, 7, 8, 9, 10, 11, 12, 13, 14, 15, 16, 17, 18, 19, 20, 21, 22, 23, 24, 25, 26, 27, 28, 29, 30]","[16, 32, 64, 128]","[5, 10, 15, 20]","[2, 3, 5, 7]","[2, 4, 8]",tpe,minimize,local
e4dqx01r,261,1720,1779186555215,,/home/meliani/nni-experiments/e4dqx01r,87,exp_tpe_1800s_ali_only_ali_only,hpo,/home/meliani/Desktop/phd/fast-track/search_space.json,python3 trial.py --data ./ali_only.csv,/home/meliani/Desktop/phd/fast-track,1,1800s,100000000,False,False,info,/home/meliani/nni-experiments,"['LSTM', 'GRU', 'CNN', 'RNN', 'TCN', 'Transformer', 'MLP']","[16, 32, 64, 128, 256]","[1, 2, 3, 4]","[0, 0.1, 0.2, 0.3, 0.5]","['relu', 'tanh', 'sigmoid', 'elu']","[1e-05, 0.01]","[2, 3, 4, 5, 6, 7, 8, 9, 10, 11, 12, 13, 14, 15, 16, 17, 18, 19, 20, 21, 22, 23, 24, 25, 26, 27, 28, 29, 30]","[16, 32, 64, 128]","[5, 10, 15, 20]","[2, 3, 5, 7]","[2, 4, 8]",tpe,minimize,local
e4dqx01r,262,1729,1779186555215,,/home/meliani/nni-experiments/e4dqx01r,88,exp_tpe_1800s_ali_only_ali_only,hpo,/home/meliani/Desktop/phd/fast-track/search_space.json,python3 trial.py --data ./ali_only.csv,/home/meliani/Desktop/phd/fast-track,1,1800s,100000000,False,False,info,/home/meliani/nni-experiments,"['LSTM', 'GRU', 'CNN', 'RNN', 'TCN', 'Transformer', 'MLP']","[16, 32, 64, 128, 256]","[1, 2, 3, 4]","[0, 0.1, 0.2, 0.3, 0.5]","['relu', 'tanh', 'sigmoid', 'elu']","[1e-05, 0.01]","[2, 3, 4, 5, 6, 7, 8, 9, 10, 11, 12, 13, 14, 15, 16, 17, 18, 19, 20, 21, 22, 23, 24, 25, 26, 27, 28, 29, 30]","[16, 32, 64, 128]","[5, 10, 15, 20]","[2, 3, 5, 7]","[2, 4, 8]",tpe,minimize,local
e4dqx01r,263,1730,1779186555215,,/home/meliani/nni-experiments/e4dqx01r,88,exp_tpe_1800s_ali_only_ali_only,hpo,/home/meliani/Desktop/phd/fast-track/search_space.json,python3 trial.py --data ./ali_only.csv,/home/meliani/Desktop/phd/fast-track,1,1800s,100000000,False,False,info,/home/meliani/nni-experiments,"['LSTM', 'GRU', 'CNN', 'RNN', 'TCN', 'Transformer', 'MLP']","[16, 32, 64, 128, 256]","[1, 2, 3, 4]","[0, 0.1, 0.2, 0.3, 0.5]","['relu', 'tanh', 'sigmoid', 'elu']","[1e-05, 0.01]","[2, 3, 4, 5, 6, 7, 8, 9, 10, 11, 12, 13, 14, 15, 16, 17, 18, 19, 20, 21, 22, 23, 24, 25, 26, 27, 28, 29, 30]","[16, 32, 64, 128]","[5, 10, 15, 20]","[2, 3, 5, 7]","[2, 4, 8]",tpe,minimize,local
e4dqx01r,264,1740,1779186555215,,/home/meliani/nni-experiments/e4dqx01r,88,exp_tpe_1800s_ali_only_ali_only,hpo,/home/meliani/Desktop/phd/fast-track/search_space.json,python3 trial.py --data ./ali_only.csv,/home/meliani/Desktop/phd/fast-track,1,1800s,100000000,False,False,info,/home/meliani/nni-experiments,"['LSTM', 'GRU', 'CNN', 'RNN', 'TCN', 'Transformer', 'MLP']","[16, 32, 64, 128, 256]","[1, 2, 3, 4]","[0, 0.1, 0.2, 0.3, 0.5]","['relu', 'tanh', 'sigmoid', 'elu']","[1e-05, 0.01]","[2, 3, 4, 5, 6, 7, 8, 9, 10, 11, 12, 13, 14, 15, 16, 17, 18, 19, 20, 21, 22, 23, 24, 25, 26, 27, 28, 29, 30]","[16, 32, 64, 128]","[5, 10, 15, 20]","[2, 3, 5, 7]","[2, 4, 8]",tpe,minimize,local
e4dqx01r,265,1750,1779186555215,,/home/meliani/nni-experiments/e4dqx01r,88,exp_tpe_1800s_ali_only_ali_only,hpo,/home/meliani/Desktop/phd/fast-track/search_space.json,python3 trial.py --data ./ali_only.csv,/home/meliani/Desktop/phd/fast-track,1,1800s,100000000,False,False,info,/home/meliani/nni-experiments,"['LSTM', 'GRU', 'CNN', 'RNN', 'TCN', 'Transformer', 'MLP']","[16, 32, 64, 128, 256]","[1, 2, 3, 4]","[0, 0.1, 0.2, 0.3, 0.5]","['relu', 'tanh', 'sigmoid', 'elu']","[1e-05, 0.01]","[2, 3, 4, 5, 6, 7, 8, 9, 10, 11, 12, 13, 14, 15, 16, 17, 18, 19, 20, 21, 22, 23, 24, 25, 26, 27, 28, 29, 30]","[16, 32, 64, 128]","[5, 10, 15, 20]","[2, 3, 5, 7]","[2, 4, 8]",tpe,minimize,local
e4dqx01r,266,1760,1779186555215,,/home/meliani/nni-experiments/e4dqx01r,88,exp_tpe_1800s_ali_only_ali_only,hpo,/home/meliani/Desktop/phd/fast-track/search_space.json,python3 trial.py --data ./ali_only.csv,/home/meliani/Desktop/phd/fast-track,1,1800s,100000000,False,False,info,/home/meliani/nni-experiments,"['LSTM', 'GRU', 'CNN', 'RNN', 'TCN', 'Transformer', 'MLP']","[16, 32, 64, 128, 256]","[1, 2, 3, 4]","[0, 0.1, 0.2, 0.3, 0.5]","['relu', 'tanh', 'sigmoid', 'elu']","[1e-05, 0.01]","[2, 3, 4, 5, 6, 7, 8, 9, 10, 11, 12, 13, 14, 15, 16, 17, 18, 19, 20, 21, 22, 23, 24, 25, 26, 27, 28, 29, 30]","[16, 32, 64, 128]","[5, 10, 15, 20]","[2, 3, 5, 7]","[2, 4, 8]",tpe,minimize,local
e4dqx01r,267,1770,1779186555215,,/home/meliani/nni-experiments/e4dqx01r,88,exp_tpe_1800s_ali_only_ali_only,hpo,/home/meliani/Desktop/phd/fast-track/search_space.json,python3 trial.py --data ./ali_only.csv,/home/meliani/Desktop/phd/fast-track,1,1800s,100000000,False,False,info,/home/meliani/nni-experiments,"['LSTM', 'GRU', 'CNN', 'RNN', 'TCN', 'Transformer', 'MLP']","[16, 32, 64, 128, 256]","[1, 2, 3, 4]","[0, 0.1, 0.2, 0.3, 0.5]","['relu', 'tanh', 'sigmoid', 'elu']","[1e-05, 0.01]","[2, 3, 4, 5, 6, 7, 8, 9, 10, 11, 12, 13, 14, 15, 16, 17, 18, 19, 20, 21, 22, 23, 24, 25, 26, 27, 28, 29, 30]","[16, 32, 64, 128]","[5, 10, 15, 20]","[2, 3, 5, 7]","[2, 4, 8]",tpe,minimize,local
e4dqx01r,268,1780,1779186555215,,/home/meliani/nni-experiments/e4dqx01r,88,exp_tpe_1800s_ali_only_ali_only,hpo,/home/meliani/Desktop/phd/fast-track/search_space.json,python3 trial.py --data ./ali_only.csv,/home/meliani/Desktop/phd/fast-track,1,1800s,100000000,False,False,info,/home/meliani/nni-experiments,"['LSTM', 'GRU', 'CNN', 'RNN', 'TCN', 'Transformer', 'MLP']","[16, 32, 64, 128, 256]","[1, 2, 3, 4]","[0, 0.1, 0.2, 0.3, 0.5]","['relu', 'tanh', 'sigmoid', 'elu']","[1e-05, 0.01]","[2, 3, 4, 5, 6, 7, 8, 9, 10, 11, 12, 13, 14, 15, 16, 17, 18, 19, 20, 21, 22, 23, 24, 25, 26, 27, 28, 29, 30]","[16, 32, 64, 128]","[5, 10, 15, 20]","[2, 3, 5, 7]","[2, 4, 8]",tpe,minimize,local
e4dqx01r,269,1787,1779186555215,,/home/meliani/nni-experiments/e4dqx01r,89,exp_tpe_1800s_ali_only_ali_only,hpo,/home/meliani/Desktop/phd/fast-track/search_space.json,python3 trial.py --data ./ali_only.csv,/home/meliani/Desktop/phd/fast-track,1,1800s,100000000,False,False,info,/home/meliani/nni-experiments,"['LSTM', 'GRU', 'CNN', 'RNN', 'TCN', 'Transformer', 'MLP']","[16, 32, 64, 128, 256]","[1, 2, 3, 4]","[0, 0.1, 0.2, 0.3, 0.5]","['relu', 'tanh', 'sigmoid', 'elu']","[1e-05, 0.01]","[2, 3, 4, 5, 6, 7, 8, 9, 10, 11, 12, 13, 14, 15, 16, 17, 18, 19, 20, 21, 22, 23, 24, 25, 26, 27, 28, 29, 30]","[16, 32, 64, 128]","[5, 10, 15, 20]","[2, 3, 5, 7]","[2, 4, 8]",tpe,minimize,local
e4dqx01r,270,1790,1779186555215,,/home/meliani/nni-experiments/e4dqx01r,89,exp_tpe_1800s_ali_only_ali_only,hpo,/home/meliani/Desktop/phd/fast-track/search_space.json,python3 trial.py --data ./ali_only.csv,/home/meliani/Desktop/phd/fast-track,1,1800s,100000000,False,False,info,/home/meliani/nni-experiments,"['LSTM', 'GRU', 'CNN', 'RNN', 'TCN', 'Transformer', 'MLP']","[16, 32, 64, 128, 256]","[1, 2, 3, 4]","[0, 0.1, 0.2, 0.3, 0.5]","['relu', 'tanh', 'sigmoid', 'elu']","[1e-05, 0.01]","[2, 3, 4, 5, 6, 7, 8, 9, 10, 11, 12, 13, 14, 15, 16, 17, 18, 19, 20, 21, 22, 23, 24, 25, 26, 27, 28, 29, 30]","[16, 32, 64, 128]","[5, 10, 15, 20]","[2, 3, 5, 7]","[2, 4, 8]",tpe,minimize,local
e4dqx01r,271,1798,1779186555215,,/home/meliani/nni-experiments/e4dqx01r,90,exp_tpe_1800s_ali_only_ali_only,hpo,/home/meliani/Desktop/phd/fast-track/search_space.json,python3 trial.py --data ./ali_only.csv,/home/meliani/Desktop/phd/fast-track,1,1800s,100000000,False,False,info,/home/meliani/nni-experiments,"['LSTM', 'GRU', 'CNN', 'RNN', 'TCN', 'Transformer', 'MLP']","[16, 32, 64, 128, 256]","[1, 2, 3, 4]","[0, 0.1, 0.2, 0.3, 0.5]","['relu', 'tanh', 'sigmoid', 'elu']","[1e-05, 0.01]","[2, 3, 4, 5, 6, 7, 8, 9, 10, 11, 12, 13, 14, 15, 16, 17, 18, 19, 20, 21, 22, 23, 24, 25, 26, 27, 28, 29, 30]","[16, 32, 64, 128]","[5, 10, 15, 20]","[2, 3, 5, 7]","[2, 4, 8]",tpe,minimize,local
e4dqx01r,272,1800,1779186555215,,/home/meliani/nni-experiments/e4dqx01r,90,exp_tpe_1800s_ali_only_ali_only,hpo,/home/meliani/Desktop/phd/fast-track/search_space.json,python3 trial.py --data ./ali_only.csv,/home/meliani/Desktop/phd/fast-track,1,1800s,100000000,False,False,info,/home/meliani/nni-experiments,"['LSTM', 'GRU', 'CNN', 'RNN', 'TCN', 'Transformer', 'MLP']","[16, 32, 64, 128, 256]","[1, 2, 3, 4]","[0, 0.1, 0.2, 0.3, 0.5]","['relu', 'tanh', 'sigmoid', 'elu']","[1e-05, 0.01]","[2, 3, 4, 5, 6, 7, 8, 9, 10, 11, 12, 13, 14, 15, 16, 17, 18, 19, 20, 21, 22, 23, 24, 25, 26, 27, 28, 29, 30]","[16, 32, 64, 128]","[5, 10, 15, 20]","[2, 3, 5, 7]","[2, 4, 8]",tpe,minimize,local
e4dqx01r,273,1810,1779186555215,,/home/meliani/nni-experiments/e4dqx01r,90,exp_tpe_1800s_ali_only_ali_only,hpo,/home/meliani/Desktop/phd/fast-track/search_space.json,python3 trial.py --data ./ali_only.csv,/home/meliani/Desktop/phd/fast-track,1,1800s,100000000,False,False,info,/home/meliani/nni-experiments,"['LSTM', 'GRU', 'CNN', 'RNN', 'TCN', 'Transformer', 'MLP']","[16, 32, 64, 128, 256]","[1, 2, 3, 4]","[0, 0.1, 0.2, 0.3, 0.5]","['relu', 'tanh', 'sigmoid', 'elu']","[1e-05, 0.01]","[2, 3, 4, 5, 6, 7, 8, 9, 10, 11, 12, 13, 14, 15, 16, 17, 18, 19, 20, 21, 22, 23, 24, 25, 26, 27, 28, 29, 30]","[16, 32, 64, 128]","[5, 10, 15, 20]","[2, 3, 5, 7]","[2, 4, 8]",tpe,minimize,local
e4dqx01r,274,1810,1779186555215,1779188371920,/home/meliani/nni-experiments/e4dqx01r,90,exp_tpe_1800s_ali_only_ali_only,hpo,/home/meliani/Desktop/phd/fast-track/search_space.json,python3 trial.py --data ./ali_only.csv,/home/meliani/Desktop/phd/fast-track,1,1800s,100000000,False,False,info,/home/meliani/nni-experiments,"['LSTM', 'GRU', 'CNN', 'RNN', 'TCN', 'Transformer', 'MLP']","[16, 32, 64, 128, 256]","[1, 2, 3, 4]","[0, 0.1, 0.2, 0.3, 0.5]","['relu', 'tanh', 'sigmoid', 'elu']","[1e-05, 0.01]","[2, 3, 4, 5, 6, 7, 8, 9, 10, 11, 12, 13, 14, 15, 16, 17, 18, 19, 20, 21, 22, 23, 24, 25, 26, 27, 28, 29, 30]","[16, 32, 64, 128]","[5, 10, 15, 20]","[2, 3, 5, 7]","[2, 4, 8]",tpe,minimize,local
