experiment_id,trial_id,status,start_time,end_time,working_directory,exit_code,experiment_name,experiment_type,search_space_file,trial_command,trial_code_directory,trial_concurrency,max_duration,max_trials,use_annotation,debug_mode,log_level,exp_working_dir,model_types,unit_values,layer_counts,dropout_rates,activations,learning_rate_range,window_sizes,batch_sizes,epoch_options,kernel_sizes,attention_heads,tuner_name,optimize_mode,training_platform
n1k7dzsu,1,0,1779257613086,,/home/meliani/nni-experiments/n1k7dzsu,0,exp_evolution_80_ali_only_ali_only,hpo,/home/meliani/Desktop/phd/fast-track/search_space.json,python3 trial.py --data ./ali_only.csv,/home/meliani/Desktop/phd/fast-track,1,360000s,80,False,False,info,/home/meliani/nni-experiments,"['LSTM', 'GRU', 'CNN', 'RNN', 'TCN', 'Transformer', 'MLP']","[16, 32, 64, 128, 256]","[1, 2, 3, 4]","[0, 0.1, 0.2, 0.3, 0.5]","['relu', 'tanh', 'sigmoid', 'elu']","[1e-05, 0.01]","[2, 3, 4, 5, 6, 7, 8, 9, 10, 11, 12, 13, 14, 15, 16, 17, 18, 19, 20, 21, 22, 23, 24, 25, 26, 27, 28, 29, 30]","[16, 32, 64, 128]","[5, 10, 15, 20]","[2, 3, 5, 7]","[2, 4, 8]",evolution,minimize,local
n1k7dzsu,2,0,1779257613086,,/home/meliani/nni-experiments/n1k7dzsu,0,exp_evolution_80_ali_only_ali_only,hpo,/home/meliani/Desktop/phd/fast-track/search_space.json,python3 trial.py --data ./ali_only.csv,/home/meliani/Desktop/phd/fast-track,1,360000s,80,False,False,info,/home/meliani/nni-experiments,"['LSTM', 'GRU', 'CNN', 'RNN', 'TCN', 'Transformer', 'MLP']","[16, 32, 64, 128, 256]","[1, 2, 3, 4]","[0, 0.1, 0.2, 0.3, 0.5]","['relu', 'tanh', 'sigmoid', 'elu']","[1e-05, 0.01]","[2, 3, 4, 5, 6, 7, 8, 9, 10, 11, 12, 13, 14, 15, 16, 17, 18, 19, 20, 21, 22, 23, 24, 25, 26, 27, 28, 29, 30]","[16, 32, 64, 128]","[5, 10, 15, 20]","[2, 3, 5, 7]","[2, 4, 8]",evolution,minimize,local
n1k7dzsu,3,0,1779257613086,,/home/meliani/nni-experiments/n1k7dzsu,1,exp_evolution_80_ali_only_ali_only,hpo,/home/meliani/Desktop/phd/fast-track/search_space.json,python3 trial.py --data ./ali_only.csv,/home/meliani/Desktop/phd/fast-track,1,360000s,80,False,False,info,/home/meliani/nni-experiments,"['LSTM', 'GRU', 'CNN', 'RNN', 'TCN', 'Transformer', 'MLP']","[16, 32, 64, 128, 256]","[1, 2, 3, 4]","[0, 0.1, 0.2, 0.3, 0.5]","['relu', 'tanh', 'sigmoid', 'elu']","[1e-05, 0.01]","[2, 3, 4, 5, 6, 7, 8, 9, 10, 11, 12, 13, 14, 15, 16, 17, 18, 19, 20, 21, 22, 23, 24, 25, 26, 27, 28, 29, 30]","[16, 32, 64, 128]","[5, 10, 15, 20]","[2, 3, 5, 7]","[2, 4, 8]",evolution,minimize,local
n1k7dzsu,4,9,1779257613086,,/home/meliani/nni-experiments/n1k7dzsu,2,exp_evolution_80_ali_only_ali_only,hpo,/home/meliani/Desktop/phd/fast-track/search_space.json,python3 trial.py --data ./ali_only.csv,/home/meliani/Desktop/phd/fast-track,1,360000s,80,False,False,info,/home/meliani/nni-experiments,"['LSTM', 'GRU', 'CNN', 'RNN', 'TCN', 'Transformer', 'MLP']","[16, 32, 64, 128, 256]","[1, 2, 3, 4]","[0, 0.1, 0.2, 0.3, 0.5]","['relu', 'tanh', 'sigmoid', 'elu']","[1e-05, 0.01]","[2, 3, 4, 5, 6, 7, 8, 9, 10, 11, 12, 13, 14, 15, 16, 17, 18, 19, 20, 21, 22, 23, 24, 25, 26, 27, 28, 29, 30]","[16, 32, 64, 128]","[5, 10, 15, 20]","[2, 3, 5, 7]","[2, 4, 8]",evolution,minimize,local
n1k7dzsu,5,10,1779257613086,,/home/meliani/nni-experiments/n1k7dzsu,2,exp_evolution_80_ali_only_ali_only,hpo,/home/meliani/Desktop/phd/fast-track/search_space.json,python3 trial.py --data ./ali_only.csv,/home/meliani/Desktop/phd/fast-track,1,360000s,80,False,False,info,/home/meliani/nni-experiments,"['LSTM', 'GRU', 'CNN', 'RNN', 'TCN', 'Transformer', 'MLP']","[16, 32, 64, 128, 256]","[1, 2, 3, 4]","[0, 0.1, 0.2, 0.3, 0.5]","['relu', 'tanh', 'sigmoid', 'elu']","[1e-05, 0.01]","[2, 3, 4, 5, 6, 7, 8, 9, 10, 11, 12, 13, 14, 15, 16, 17, 18, 19, 20, 21, 22, 23, 24, 25, 26, 27, 28, 29, 30]","[16, 32, 64, 128]","[5, 10, 15, 20]","[2, 3, 5, 7]","[2, 4, 8]",evolution,minimize,local
n1k7dzsu,6,15,1779257613086,,/home/meliani/nni-experiments/n1k7dzsu,3,exp_evolution_80_ali_only_ali_only,hpo,/home/meliani/Desktop/phd/fast-track/search_space.json,python3 trial.py --data ./ali_only.csv,/home/meliani/Desktop/phd/fast-track,1,360000s,80,False,False,info,/home/meliani/nni-experiments,"['LSTM', 'GRU', 'CNN', 'RNN', 'TCN', 'Transformer', 'MLP']","[16, 32, 64, 128, 256]","[1, 2, 3, 4]","[0, 0.1, 0.2, 0.3, 0.5]","['relu', 'tanh', 'sigmoid', 'elu']","[1e-05, 0.01]","[2, 3, 4, 5, 6, 7, 8, 9, 10, 11, 12, 13, 14, 15, 16, 17, 18, 19, 20, 21, 22, 23, 24, 25, 26, 27, 28, 29, 30]","[16, 32, 64, 128]","[5, 10, 15, 20]","[2, 3, 5, 7]","[2, 4, 8]",evolution,minimize,local
n1k7dzsu,7,20,1779257613086,,/home/meliani/nni-experiments/n1k7dzsu,3,exp_evolution_80_ali_only_ali_only,hpo,/home/meliani/Desktop/phd/fast-track/search_space.json,python3 trial.py --data ./ali_only.csv,/home/meliani/Desktop/phd/fast-track,1,360000s,80,False,False,info,/home/meliani/nni-experiments,"['LSTM', 'GRU', 'CNN', 'RNN', 'TCN', 'Transformer', 'MLP']","[16, 32, 64, 128, 256]","[1, 2, 3, 4]","[0, 0.1, 0.2, 0.3, 0.5]","['relu', 'tanh', 'sigmoid', 'elu']","[1e-05, 0.01]","[2, 3, 4, 5, 6, 7, 8, 9, 10, 11, 12, 13, 14, 15, 16, 17, 18, 19, 20, 21, 22, 23, 24, 25, 26, 27, 28, 29, 30]","[16, 32, 64, 128]","[5, 10, 15, 20]","[2, 3, 5, 7]","[2, 4, 8]",evolution,minimize,local
n1k7dzsu,8,30,1779257613086,,/home/meliani/nni-experiments/n1k7dzsu,4,exp_evolution_80_ali_only_ali_only,hpo,/home/meliani/Desktop/phd/fast-track/search_space.json,python3 trial.py --data ./ali_only.csv,/home/meliani/Desktop/phd/fast-track,1,360000s,80,False,False,info,/home/meliani/nni-experiments,"['LSTM', 'GRU', 'CNN', 'RNN', 'TCN', 'Transformer', 'MLP']","[16, 32, 64, 128, 256]","[1, 2, 3, 4]","[0, 0.1, 0.2, 0.3, 0.5]","['relu', 'tanh', 'sigmoid', 'elu']","[1e-05, 0.01]","[2, 3, 4, 5, 6, 7, 8, 9, 10, 11, 12, 13, 14, 15, 16, 17, 18, 19, 20, 21, 22, 23, 24, 25, 26, 27, 28, 29, 30]","[16, 32, 64, 128]","[5, 10, 15, 20]","[2, 3, 5, 7]","[2, 4, 8]",evolution,minimize,local
n1k7dzsu,9,30,1779257613086,,/home/meliani/nni-experiments/n1k7dzsu,4,exp_evolution_80_ali_only_ali_only,hpo,/home/meliani/Desktop/phd/fast-track/search_space.json,python3 trial.py --data ./ali_only.csv,/home/meliani/Desktop/phd/fast-track,1,360000s,80,False,False,info,/home/meliani/nni-experiments,"['LSTM', 'GRU', 'CNN', 'RNN', 'TCN', 'Transformer', 'MLP']","[16, 32, 64, 128, 256]","[1, 2, 3, 4]","[0, 0.1, 0.2, 0.3, 0.5]","['relu', 'tanh', 'sigmoid', 'elu']","[1e-05, 0.01]","[2, 3, 4, 5, 6, 7, 8, 9, 10, 11, 12, 13, 14, 15, 16, 17, 18, 19, 20, 21, 22, 23, 24, 25, 26, 27, 28, 29, 30]","[16, 32, 64, 128]","[5, 10, 15, 20]","[2, 3, 5, 7]","[2, 4, 8]",evolution,minimize,local
n1k7dzsu,10,35,1779257613086,,/home/meliani/nni-experiments/n1k7dzsu,5,exp_evolution_80_ali_only_ali_only,hpo,/home/meliani/Desktop/phd/fast-track/search_space.json,python3 trial.py --data ./ali_only.csv,/home/meliani/Desktop/phd/fast-track,1,360000s,80,False,False,info,/home/meliani/nni-experiments,"['LSTM', 'GRU', 'CNN', 'RNN', 'TCN', 'Transformer', 'MLP']","[16, 32, 64, 128, 256]","[1, 2, 3, 4]","[0, 0.1, 0.2, 0.3, 0.5]","['relu', 'tanh', 'sigmoid', 'elu']","[1e-05, 0.01]","[2, 3, 4, 5, 6, 7, 8, 9, 10, 11, 12, 13, 14, 15, 16, 17, 18, 19, 20, 21, 22, 23, 24, 25, 26, 27, 28, 29, 30]","[16, 32, 64, 128]","[5, 10, 15, 20]","[2, 3, 5, 7]","[2, 4, 8]",evolution,minimize,local
n1k7dzsu,11,40,1779257613086,,/home/meliani/nni-experiments/n1k7dzsu,5,exp_evolution_80_ali_only_ali_only,hpo,/home/meliani/Desktop/phd/fast-track/search_space.json,python3 trial.py --data ./ali_only.csv,/home/meliani/Desktop/phd/fast-track,1,360000s,80,False,False,info,/home/meliani/nni-experiments,"['LSTM', 'GRU', 'CNN', 'RNN', 'TCN', 'Transformer', 'MLP']","[16, 32, 64, 128, 256]","[1, 2, 3, 4]","[0, 0.1, 0.2, 0.3, 0.5]","['relu', 'tanh', 'sigmoid', 'elu']","[1e-05, 0.01]","[2, 3, 4, 5, 6, 7, 8, 9, 10, 11, 12, 13, 14, 15, 16, 17, 18, 19, 20, 21, 22, 23, 24, 25, 26, 27, 28, 29, 30]","[16, 32, 64, 128]","[5, 10, 15, 20]","[2, 3, 5, 7]","[2, 4, 8]",evolution,minimize,local
n1k7dzsu,12,44,1779257613086,,/home/meliani/nni-experiments/n1k7dzsu,6,exp_evolution_80_ali_only_ali_only,hpo,/home/meliani/Desktop/phd/fast-track/search_space.json,python3 trial.py --data ./ali_only.csv,/home/meliani/Desktop/phd/fast-track,1,360000s,80,False,False,info,/home/meliani/nni-experiments,"['LSTM', 'GRU', 'CNN', 'RNN', 'TCN', 'Transformer', 'MLP']","[16, 32, 64, 128, 256]","[1, 2, 3, 4]","[0, 0.1, 0.2, 0.3, 0.5]","['relu', 'tanh', 'sigmoid', 'elu']","[1e-05, 0.01]","[2, 3, 4, 5, 6, 7, 8, 9, 10, 11, 12, 13, 14, 15, 16, 17, 18, 19, 20, 21, 22, 23, 24, 25, 26, 27, 28, 29, 30]","[16, 32, 64, 128]","[5, 10, 15, 20]","[2, 3, 5, 7]","[2, 4, 8]",evolution,minimize,local
n1k7dzsu,13,49,1779257613086,,/home/meliani/nni-experiments/n1k7dzsu,7,exp_evolution_80_ali_only_ali_only,hpo,/home/meliani/Desktop/phd/fast-track/search_space.json,python3 trial.py --data ./ali_only.csv,/home/meliani/Desktop/phd/fast-track,1,360000s,80,False,False,info,/home/meliani/nni-experiments,"['LSTM', 'GRU', 'CNN', 'RNN', 'TCN', 'Transformer', 'MLP']","[16, 32, 64, 128, 256]","[1, 2, 3, 4]","[0, 0.1, 0.2, 0.3, 0.5]","['relu', 'tanh', 'sigmoid', 'elu']","[1e-05, 0.01]","[2, 3, 4, 5, 6, 7, 8, 9, 10, 11, 12, 13, 14, 15, 16, 17, 18, 19, 20, 21, 22, 23, 24, 25, 26, 27, 28, 29, 30]","[16, 32, 64, 128]","[5, 10, 15, 20]","[2, 3, 5, 7]","[2, 4, 8]",evolution,minimize,local
n1k7dzsu,14,50,1779257613086,,/home/meliani/nni-experiments/n1k7dzsu,7,exp_evolution_80_ali_only_ali_only,hpo,/home/meliani/Desktop/phd/fast-track/search_space.json,python3 trial.py --data ./ali_only.csv,/home/meliani/Desktop/phd/fast-track,1,360000s,80,False,False,info,/home/meliani/nni-experiments,"['LSTM', 'GRU', 'CNN', 'RNN', 'TCN', 'Transformer', 'MLP']","[16, 32, 64, 128, 256]","[1, 2, 3, 4]","[0, 0.1, 0.2, 0.3, 0.5]","['relu', 'tanh', 'sigmoid', 'elu']","[1e-05, 0.01]","[2, 3, 4, 5, 6, 7, 8, 9, 10, 11, 12, 13, 14, 15, 16, 17, 18, 19, 20, 21, 22, 23, 24, 25, 26, 27, 28, 29, 30]","[16, 32, 64, 128]","[5, 10, 15, 20]","[2, 3, 5, 7]","[2, 4, 8]",evolution,minimize,local
n1k7dzsu,15,60,1779257613086,,/home/meliani/nni-experiments/n1k7dzsu,7,exp_evolution_80_ali_only_ali_only,hpo,/home/meliani/Desktop/phd/fast-track/search_space.json,python3 trial.py --data ./ali_only.csv,/home/meliani/Desktop/phd/fast-track,1,360000s,80,False,False,info,/home/meliani/nni-experiments,"['LSTM', 'GRU', 'CNN', 'RNN', 'TCN', 'Transformer', 'MLP']","[16, 32, 64, 128, 256]","[1, 2, 3, 4]","[0, 0.1, 0.2, 0.3, 0.5]","['relu', 'tanh', 'sigmoid', 'elu']","[1e-05, 0.01]","[2, 3, 4, 5, 6, 7, 8, 9, 10, 11, 12, 13, 14, 15, 16, 17, 18, 19, 20, 21, 22, 23, 24, 25, 26, 27, 28, 29, 30]","[16, 32, 64, 128]","[5, 10, 15, 20]","[2, 3, 5, 7]","[2, 4, 8]",evolution,minimize,local
n1k7dzsu,16,70,1779257613086,,/home/meliani/nni-experiments/n1k7dzsu,7,exp_evolution_80_ali_only_ali_only,hpo,/home/meliani/Desktop/phd/fast-track/search_space.json,python3 trial.py --data ./ali_only.csv,/home/meliani/Desktop/phd/fast-track,1,360000s,80,False,False,info,/home/meliani/nni-experiments,"['LSTM', 'GRU', 'CNN', 'RNN', 'TCN', 'Transformer', 'MLP']","[16, 32, 64, 128, 256]","[1, 2, 3, 4]","[0, 0.1, 0.2, 0.3, 0.5]","['relu', 'tanh', 'sigmoid', 'elu']","[1e-05, 0.01]","[2, 3, 4, 5, 6, 7, 8, 9, 10, 11, 12, 13, 14, 15, 16, 17, 18, 19, 20, 21, 22, 23, 24, 25, 26, 27, 28, 29, 30]","[16, 32, 64, 128]","[5, 10, 15, 20]","[2, 3, 5, 7]","[2, 4, 8]",evolution,minimize,local
n1k7dzsu,17,80,1779257613086,,/home/meliani/nni-experiments/n1k7dzsu,7,exp_evolution_80_ali_only_ali_only,hpo,/home/meliani/Desktop/phd/fast-track/search_space.json,python3 trial.py --data ./ali_only.csv,/home/meliani/Desktop/phd/fast-track,1,360000s,80,False,False,info,/home/meliani/nni-experiments,"['LSTM', 'GRU', 'CNN', 'RNN', 'TCN', 'Transformer', 'MLP']","[16, 32, 64, 128, 256]","[1, 2, 3, 4]","[0, 0.1, 0.2, 0.3, 0.5]","['relu', 'tanh', 'sigmoid', 'elu']","[1e-05, 0.01]","[2, 3, 4, 5, 6, 7, 8, 9, 10, 11, 12, 13, 14, 15, 16, 17, 18, 19, 20, 21, 22, 23, 24, 25, 26, 27, 28, 29, 30]","[16, 32, 64, 128]","[5, 10, 15, 20]","[2, 3, 5, 7]","[2, 4, 8]",evolution,minimize,local
n1k7dzsu,18,90,1779257613086,,/home/meliani/nni-experiments/n1k7dzsu,7,exp_evolution_80_ali_only_ali_only,hpo,/home/meliani/Desktop/phd/fast-track/search_space.json,python3 trial.py --data ./ali_only.csv,/home/meliani/Desktop/phd/fast-track,1,360000s,80,False,False,info,/home/meliani/nni-experiments,"['LSTM', 'GRU', 'CNN', 'RNN', 'TCN', 'Transformer', 'MLP']","[16, 32, 64, 128, 256]","[1, 2, 3, 4]","[0, 0.1, 0.2, 0.3, 0.5]","['relu', 'tanh', 'sigmoid', 'elu']","[1e-05, 0.01]","[2, 3, 4, 5, 6, 7, 8, 9, 10, 11, 12, 13, 14, 15, 16, 17, 18, 19, 20, 21, 22, 23, 24, 25, 26, 27, 28, 29, 30]","[16, 32, 64, 128]","[5, 10, 15, 20]","[2, 3, 5, 7]","[2, 4, 8]",evolution,minimize,local
n1k7dzsu,19,100,1779257613086,,/home/meliani/nni-experiments/n1k7dzsu,7,exp_evolution_80_ali_only_ali_only,hpo,/home/meliani/Desktop/phd/fast-track/search_space.json,python3 trial.py --data ./ali_only.csv,/home/meliani/Desktop/phd/fast-track,1,360000s,80,False,False,info,/home/meliani/nni-experiments,"['LSTM', 'GRU', 'CNN', 'RNN', 'TCN', 'Transformer', 'MLP']","[16, 32, 64, 128, 256]","[1, 2, 3, 4]","[0, 0.1, 0.2, 0.3, 0.5]","['relu', 'tanh', 'sigmoid', 'elu']","[1e-05, 0.01]","[2, 3, 4, 5, 6, 7, 8, 9, 10, 11, 12, 13, 14, 15, 16, 17, 18, 19, 20, 21, 22, 23, 24, 25, 26, 27, 28, 29, 30]","[16, 32, 64, 128]","[5, 10, 15, 20]","[2, 3, 5, 7]","[2, 4, 8]",evolution,minimize,local
n1k7dzsu,20,110,1779257613086,,/home/meliani/nni-experiments/n1k7dzsu,7,exp_evolution_80_ali_only_ali_only,hpo,/home/meliani/Desktop/phd/fast-track/search_space.json,python3 trial.py --data ./ali_only.csv,/home/meliani/Desktop/phd/fast-track,1,360000s,80,False,False,info,/home/meliani/nni-experiments,"['LSTM', 'GRU', 'CNN', 'RNN', 'TCN', 'Transformer', 'MLP']","[16, 32, 64, 128, 256]","[1, 2, 3, 4]","[0, 0.1, 0.2, 0.3, 0.5]","['relu', 'tanh', 'sigmoid', 'elu']","[1e-05, 0.01]","[2, 3, 4, 5, 6, 7, 8, 9, 10, 11, 12, 13, 14, 15, 16, 17, 18, 19, 20, 21, 22, 23, 24, 25, 26, 27, 28, 29, 30]","[16, 32, 64, 128]","[5, 10, 15, 20]","[2, 3, 5, 7]","[2, 4, 8]",evolution,minimize,local
n1k7dzsu,21,118,1779257613086,,/home/meliani/nni-experiments/n1k7dzsu,8,exp_evolution_80_ali_only_ali_only,hpo,/home/meliani/Desktop/phd/fast-track/search_space.json,python3 trial.py --data ./ali_only.csv,/home/meliani/Desktop/phd/fast-track,1,360000s,80,False,False,info,/home/meliani/nni-experiments,"['LSTM', 'GRU', 'CNN', 'RNN', 'TCN', 'Transformer', 'MLP']","[16, 32, 64, 128, 256]","[1, 2, 3, 4]","[0, 0.1, 0.2, 0.3, 0.5]","['relu', 'tanh', 'sigmoid', 'elu']","[1e-05, 0.01]","[2, 3, 4, 5, 6, 7, 8, 9, 10, 11, 12, 13, 14, 15, 16, 17, 18, 19, 20, 21, 22, 23, 24, 25, 26, 27, 28, 29, 30]","[16, 32, 64, 128]","[5, 10, 15, 20]","[2, 3, 5, 7]","[2, 4, 8]",evolution,minimize,local
n1k7dzsu,22,120,1779257613086,,/home/meliani/nni-experiments/n1k7dzsu,8,exp_evolution_80_ali_only_ali_only,hpo,/home/meliani/Desktop/phd/fast-track/search_space.json,python3 trial.py --data ./ali_only.csv,/home/meliani/Desktop/phd/fast-track,1,360000s,80,False,False,info,/home/meliani/nni-experiments,"['LSTM', 'GRU', 'CNN', 'RNN', 'TCN', 'Transformer', 'MLP']","[16, 32, 64, 128, 256]","[1, 2, 3, 4]","[0, 0.1, 0.2, 0.3, 0.5]","['relu', 'tanh', 'sigmoid', 'elu']","[1e-05, 0.01]","[2, 3, 4, 5, 6, 7, 8, 9, 10, 11, 12, 13, 14, 15, 16, 17, 18, 19, 20, 21, 22, 23, 24, 25, 26, 27, 28, 29, 30]","[16, 32, 64, 128]","[5, 10, 15, 20]","[2, 3, 5, 7]","[2, 4, 8]",evolution,minimize,local
n1k7dzsu,23,130,1779257613086,,/home/meliani/nni-experiments/n1k7dzsu,8,exp_evolution_80_ali_only_ali_only,hpo,/home/meliani/Desktop/phd/fast-track/search_space.json,python3 trial.py --data ./ali_only.csv,/home/meliani/Desktop/phd/fast-track,1,360000s,80,False,False,info,/home/meliani/nni-experiments,"['LSTM', 'GRU', 'CNN', 'RNN', 'TCN', 'Transformer', 'MLP']","[16, 32, 64, 128, 256]","[1, 2, 3, 4]","[0, 0.1, 0.2, 0.3, 0.5]","['relu', 'tanh', 'sigmoid', 'elu']","[1e-05, 0.01]","[2, 3, 4, 5, 6, 7, 8, 9, 10, 11, 12, 13, 14, 15, 16, 17, 18, 19, 20, 21, 22, 23, 24, 25, 26, 27, 28, 29, 30]","[16, 32, 64, 128]","[5, 10, 15, 20]","[2, 3, 5, 7]","[2, 4, 8]",evolution,minimize,local
n1k7dzsu,24,138,1779257613086,,/home/meliani/nni-experiments/n1k7dzsu,9,exp_evolution_80_ali_only_ali_only,hpo,/home/meliani/Desktop/phd/fast-track/search_space.json,python3 trial.py --data ./ali_only.csv,/home/meliani/Desktop/phd/fast-track,1,360000s,80,False,False,info,/home/meliani/nni-experiments,"['LSTM', 'GRU', 'CNN', 'RNN', 'TCN', 'Transformer', 'MLP']","[16, 32, 64, 128, 256]","[1, 2, 3, 4]","[0, 0.1, 0.2, 0.3, 0.5]","['relu', 'tanh', 'sigmoid', 'elu']","[1e-05, 0.01]","[2, 3, 4, 5, 6, 7, 8, 9, 10, 11, 12, 13, 14, 15, 16, 17, 18, 19, 20, 21, 22, 23, 24, 25, 26, 27, 28, 29, 30]","[16, 32, 64, 128]","[5, 10, 15, 20]","[2, 3, 5, 7]","[2, 4, 8]",evolution,minimize,local
n1k7dzsu,25,140,1779257613086,,/home/meliani/nni-experiments/n1k7dzsu,9,exp_evolution_80_ali_only_ali_only,hpo,/home/meliani/Desktop/phd/fast-track/search_space.json,python3 trial.py --data ./ali_only.csv,/home/meliani/Desktop/phd/fast-track,1,360000s,80,False,False,info,/home/meliani/nni-experiments,"['LSTM', 'GRU', 'CNN', 'RNN', 'TCN', 'Transformer', 'MLP']","[16, 32, 64, 128, 256]","[1, 2, 3, 4]","[0, 0.1, 0.2, 0.3, 0.5]","['relu', 'tanh', 'sigmoid', 'elu']","[1e-05, 0.01]","[2, 3, 4, 5, 6, 7, 8, 9, 10, 11, 12, 13, 14, 15, 16, 17, 18, 19, 20, 21, 22, 23, 24, 25, 26, 27, 28, 29, 30]","[16, 32, 64, 128]","[5, 10, 15, 20]","[2, 3, 5, 7]","[2, 4, 8]",evolution,minimize,local
n1k7dzsu,26,150,1779257613086,,/home/meliani/nni-experiments/n1k7dzsu,9,exp_evolution_80_ali_only_ali_only,hpo,/home/meliani/Desktop/phd/fast-track/search_space.json,python3 trial.py --data ./ali_only.csv,/home/meliani/Desktop/phd/fast-track,1,360000s,80,False,False,info,/home/meliani/nni-experiments,"['LSTM', 'GRU', 'CNN', 'RNN', 'TCN', 'Transformer', 'MLP']","[16, 32, 64, 128, 256]","[1, 2, 3, 4]","[0, 0.1, 0.2, 0.3, 0.5]","['relu', 'tanh', 'sigmoid', 'elu']","[1e-05, 0.01]","[2, 3, 4, 5, 6, 7, 8, 9, 10, 11, 12, 13, 14, 15, 16, 17, 18, 19, 20, 21, 22, 23, 24, 25, 26, 27, 28, 29, 30]","[16, 32, 64, 128]","[5, 10, 15, 20]","[2, 3, 5, 7]","[2, 4, 8]",evolution,minimize,local
n1k7dzsu,27,160,1779257613086,,/home/meliani/nni-experiments/n1k7dzsu,9,exp_evolution_80_ali_only_ali_only,hpo,/home/meliani/Desktop/phd/fast-track/search_space.json,python3 trial.py --data ./ali_only.csv,/home/meliani/Desktop/phd/fast-track,1,360000s,80,False,False,info,/home/meliani/nni-experiments,"['LSTM', 'GRU', 'CNN', 'RNN', 'TCN', 'Transformer', 'MLP']","[16, 32, 64, 128, 256]","[1, 2, 3, 4]","[0, 0.1, 0.2, 0.3, 0.5]","['relu', 'tanh', 'sigmoid', 'elu']","[1e-05, 0.01]","[2, 3, 4, 5, 6, 7, 8, 9, 10, 11, 12, 13, 14, 15, 16, 17, 18, 19, 20, 21, 22, 23, 24, 25, 26, 27, 28, 29, 30]","[16, 32, 64, 128]","[5, 10, 15, 20]","[2, 3, 5, 7]","[2, 4, 8]",evolution,minimize,local
n1k7dzsu,28,170,1779257613086,,/home/meliani/nni-experiments/n1k7dzsu,9,exp_evolution_80_ali_only_ali_only,hpo,/home/meliani/Desktop/phd/fast-track/search_space.json,python3 trial.py --data ./ali_only.csv,/home/meliani/Desktop/phd/fast-track,1,360000s,80,False,False,info,/home/meliani/nni-experiments,"['LSTM', 'GRU', 'CNN', 'RNN', 'TCN', 'Transformer', 'MLP']","[16, 32, 64, 128, 256]","[1, 2, 3, 4]","[0, 0.1, 0.2, 0.3, 0.5]","['relu', 'tanh', 'sigmoid', 'elu']","[1e-05, 0.01]","[2, 3, 4, 5, 6, 7, 8, 9, 10, 11, 12, 13, 14, 15, 16, 17, 18, 19, 20, 21, 22, 23, 24, 25, 26, 27, 28, 29, 30]","[16, 32, 64, 128]","[5, 10, 15, 20]","[2, 3, 5, 7]","[2, 4, 8]",evolution,minimize,local
n1k7dzsu,29,176,1779257613086,,/home/meliani/nni-experiments/n1k7dzsu,10,exp_evolution_80_ali_only_ali_only,hpo,/home/meliani/Desktop/phd/fast-track/search_space.json,python3 trial.py --data ./ali_only.csv,/home/meliani/Desktop/phd/fast-track,1,360000s,80,False,False,info,/home/meliani/nni-experiments,"['LSTM', 'GRU', 'CNN', 'RNN', 'TCN', 'Transformer', 'MLP']","[16, 32, 64, 128, 256]","[1, 2, 3, 4]","[0, 0.1, 0.2, 0.3, 0.5]","['relu', 'tanh', 'sigmoid', 'elu']","[1e-05, 0.01]","[2, 3, 4, 5, 6, 7, 8, 9, 10, 11, 12, 13, 14, 15, 16, 17, 18, 19, 20, 21, 22, 23, 24, 25, 26, 27, 28, 29, 30]","[16, 32, 64, 128]","[5, 10, 15, 20]","[2, 3, 5, 7]","[2, 4, 8]",evolution,minimize,local
n1k7dzsu,30,180,1779257613086,,/home/meliani/nni-experiments/n1k7dzsu,10,exp_evolution_80_ali_only_ali_only,hpo,/home/meliani/Desktop/phd/fast-track/search_space.json,python3 trial.py --data ./ali_only.csv,/home/meliani/Desktop/phd/fast-track,1,360000s,80,False,False,info,/home/meliani/nni-experiments,"['LSTM', 'GRU', 'CNN', 'RNN', 'TCN', 'Transformer', 'MLP']","[16, 32, 64, 128, 256]","[1, 2, 3, 4]","[0, 0.1, 0.2, 0.3, 0.5]","['relu', 'tanh', 'sigmoid', 'elu']","[1e-05, 0.01]","[2, 3, 4, 5, 6, 7, 8, 9, 10, 11, 12, 13, 14, 15, 16, 17, 18, 19, 20, 21, 22, 23, 24, 25, 26, 27, 28, 29, 30]","[16, 32, 64, 128]","[5, 10, 15, 20]","[2, 3, 5, 7]","[2, 4, 8]",evolution,minimize,local
n1k7dzsu,31,190,1779257613086,,/home/meliani/nni-experiments/n1k7dzsu,10,exp_evolution_80_ali_only_ali_only,hpo,/home/meliani/Desktop/phd/fast-track/search_space.json,python3 trial.py --data ./ali_only.csv,/home/meliani/Desktop/phd/fast-track,1,360000s,80,False,False,info,/home/meliani/nni-experiments,"['LSTM', 'GRU', 'CNN', 'RNN', 'TCN', 'Transformer', 'MLP']","[16, 32, 64, 128, 256]","[1, 2, 3, 4]","[0, 0.1, 0.2, 0.3, 0.5]","['relu', 'tanh', 'sigmoid', 'elu']","[1e-05, 0.01]","[2, 3, 4, 5, 6, 7, 8, 9, 10, 11, 12, 13, 14, 15, 16, 17, 18, 19, 20, 21, 22, 23, 24, 25, 26, 27, 28, 29, 30]","[16, 32, 64, 128]","[5, 10, 15, 20]","[2, 3, 5, 7]","[2, 4, 8]",evolution,minimize,local
n1k7dzsu,32,198,1779257613086,,/home/meliani/nni-experiments/n1k7dzsu,11,exp_evolution_80_ali_only_ali_only,hpo,/home/meliani/Desktop/phd/fast-track/search_space.json,python3 trial.py --data ./ali_only.csv,/home/meliani/Desktop/phd/fast-track,1,360000s,80,False,False,info,/home/meliani/nni-experiments,"['LSTM', 'GRU', 'CNN', 'RNN', 'TCN', 'Transformer', 'MLP']","[16, 32, 64, 128, 256]","[1, 2, 3, 4]","[0, 0.1, 0.2, 0.3, 0.5]","['relu', 'tanh', 'sigmoid', 'elu']","[1e-05, 0.01]","[2, 3, 4, 5, 6, 7, 8, 9, 10, 11, 12, 13, 14, 15, 16, 17, 18, 19, 20, 21, 22, 23, 24, 25, 26, 27, 28, 29, 30]","[16, 32, 64, 128]","[5, 10, 15, 20]","[2, 3, 5, 7]","[2, 4, 8]",evolution,minimize,local
n1k7dzsu,33,200,1779257613086,,/home/meliani/nni-experiments/n1k7dzsu,11,exp_evolution_80_ali_only_ali_only,hpo,/home/meliani/Desktop/phd/fast-track/search_space.json,python3 trial.py --data ./ali_only.csv,/home/meliani/Desktop/phd/fast-track,1,360000s,80,False,False,info,/home/meliani/nni-experiments,"['LSTM', 'GRU', 'CNN', 'RNN', 'TCN', 'Transformer', 'MLP']","[16, 32, 64, 128, 256]","[1, 2, 3, 4]","[0, 0.1, 0.2, 0.3, 0.5]","['relu', 'tanh', 'sigmoid', 'elu']","[1e-05, 0.01]","[2, 3, 4, 5, 6, 7, 8, 9, 10, 11, 12, 13, 14, 15, 16, 17, 18, 19, 20, 21, 22, 23, 24, 25, 26, 27, 28, 29, 30]","[16, 32, 64, 128]","[5, 10, 15, 20]","[2, 3, 5, 7]","[2, 4, 8]",evolution,minimize,local
n1k7dzsu,34,203,1779257613086,,/home/meliani/nni-experiments/n1k7dzsu,12,exp_evolution_80_ali_only_ali_only,hpo,/home/meliani/Desktop/phd/fast-track/search_space.json,python3 trial.py --data ./ali_only.csv,/home/meliani/Desktop/phd/fast-track,1,360000s,80,False,False,info,/home/meliani/nni-experiments,"['LSTM', 'GRU', 'CNN', 'RNN', 'TCN', 'Transformer', 'MLP']","[16, 32, 64, 128, 256]","[1, 2, 3, 4]","[0, 0.1, 0.2, 0.3, 0.5]","['relu', 'tanh', 'sigmoid', 'elu']","[1e-05, 0.01]","[2, 3, 4, 5, 6, 7, 8, 9, 10, 11, 12, 13, 14, 15, 16, 17, 18, 19, 20, 21, 22, 23, 24, 25, 26, 27, 28, 29, 30]","[16, 32, 64, 128]","[5, 10, 15, 20]","[2, 3, 5, 7]","[2, 4, 8]",evolution,minimize,local
n1k7dzsu,35,210,1779257613086,,/home/meliani/nni-experiments/n1k7dzsu,12,exp_evolution_80_ali_only_ali_only,hpo,/home/meliani/Desktop/phd/fast-track/search_space.json,python3 trial.py --data ./ali_only.csv,/home/meliani/Desktop/phd/fast-track,1,360000s,80,False,False,info,/home/meliani/nni-experiments,"['LSTM', 'GRU', 'CNN', 'RNN', 'TCN', 'Transformer', 'MLP']","[16, 32, 64, 128, 256]","[1, 2, 3, 4]","[0, 0.1, 0.2, 0.3, 0.5]","['relu', 'tanh', 'sigmoid', 'elu']","[1e-05, 0.01]","[2, 3, 4, 5, 6, 7, 8, 9, 10, 11, 12, 13, 14, 15, 16, 17, 18, 19, 20, 21, 22, 23, 24, 25, 26, 27, 28, 29, 30]","[16, 32, 64, 128]","[5, 10, 15, 20]","[2, 3, 5, 7]","[2, 4, 8]",evolution,minimize,local
n1k7dzsu,36,212,1779257613086,,/home/meliani/nni-experiments/n1k7dzsu,13,exp_evolution_80_ali_only_ali_only,hpo,/home/meliani/Desktop/phd/fast-track/search_space.json,python3 trial.py --data ./ali_only.csv,/home/meliani/Desktop/phd/fast-track,1,360000s,80,False,False,info,/home/meliani/nni-experiments,"['LSTM', 'GRU', 'CNN', 'RNN', 'TCN', 'Transformer', 'MLP']","[16, 32, 64, 128, 256]","[1, 2, 3, 4]","[0, 0.1, 0.2, 0.3, 0.5]","['relu', 'tanh', 'sigmoid', 'elu']","[1e-05, 0.01]","[2, 3, 4, 5, 6, 7, 8, 9, 10, 11, 12, 13, 14, 15, 16, 17, 18, 19, 20, 21, 22, 23, 24, 25, 26, 27, 28, 29, 30]","[16, 32, 64, 128]","[5, 10, 15, 20]","[2, 3, 5, 7]","[2, 4, 8]",evolution,minimize,local
n1k7dzsu,37,220,1779257613086,,/home/meliani/nni-experiments/n1k7dzsu,13,exp_evolution_80_ali_only_ali_only,hpo,/home/meliani/Desktop/phd/fast-track/search_space.json,python3 trial.py --data ./ali_only.csv,/home/meliani/Desktop/phd/fast-track,1,360000s,80,False,False,info,/home/meliani/nni-experiments,"['LSTM', 'GRU', 'CNN', 'RNN', 'TCN', 'Transformer', 'MLP']","[16, 32, 64, 128, 256]","[1, 2, 3, 4]","[0, 0.1, 0.2, 0.3, 0.5]","['relu', 'tanh', 'sigmoid', 'elu']","[1e-05, 0.01]","[2, 3, 4, 5, 6, 7, 8, 9, 10, 11, 12, 13, 14, 15, 16, 17, 18, 19, 20, 21, 22, 23, 24, 25, 26, 27, 28, 29, 30]","[16, 32, 64, 128]","[5, 10, 15, 20]","[2, 3, 5, 7]","[2, 4, 8]",evolution,minimize,local
n1k7dzsu,38,230,1779257613086,,/home/meliani/nni-experiments/n1k7dzsu,13,exp_evolution_80_ali_only_ali_only,hpo,/home/meliani/Desktop/phd/fast-track/search_space.json,python3 trial.py --data ./ali_only.csv,/home/meliani/Desktop/phd/fast-track,1,360000s,80,False,False,info,/home/meliani/nni-experiments,"['LSTM', 'GRU', 'CNN', 'RNN', 'TCN', 'Transformer', 'MLP']","[16, 32, 64, 128, 256]","[1, 2, 3, 4]","[0, 0.1, 0.2, 0.3, 0.5]","['relu', 'tanh', 'sigmoid', 'elu']","[1e-05, 0.01]","[2, 3, 4, 5, 6, 7, 8, 9, 10, 11, 12, 13, 14, 15, 16, 17, 18, 19, 20, 21, 22, 23, 24, 25, 26, 27, 28, 29, 30]","[16, 32, 64, 128]","[5, 10, 15, 20]","[2, 3, 5, 7]","[2, 4, 8]",evolution,minimize,local
n1k7dzsu,39,240,1779257613086,,/home/meliani/nni-experiments/n1k7dzsu,13,exp_evolution_80_ali_only_ali_only,hpo,/home/meliani/Desktop/phd/fast-track/search_space.json,python3 trial.py --data ./ali_only.csv,/home/meliani/Desktop/phd/fast-track,1,360000s,80,False,False,info,/home/meliani/nni-experiments,"['LSTM', 'GRU', 'CNN', 'RNN', 'TCN', 'Transformer', 'MLP']","[16, 32, 64, 128, 256]","[1, 2, 3, 4]","[0, 0.1, 0.2, 0.3, 0.5]","['relu', 'tanh', 'sigmoid', 'elu']","[1e-05, 0.01]","[2, 3, 4, 5, 6, 7, 8, 9, 10, 11, 12, 13, 14, 15, 16, 17, 18, 19, 20, 21, 22, 23, 24, 25, 26, 27, 28, 29, 30]","[16, 32, 64, 128]","[5, 10, 15, 20]","[2, 3, 5, 7]","[2, 4, 8]",evolution,minimize,local
n1k7dzsu,40,250,1779257613086,,/home/meliani/nni-experiments/n1k7dzsu,13,exp_evolution_80_ali_only_ali_only,hpo,/home/meliani/Desktop/phd/fast-track/search_space.json,python3 trial.py --data ./ali_only.csv,/home/meliani/Desktop/phd/fast-track,1,360000s,80,False,False,info,/home/meliani/nni-experiments,"['LSTM', 'GRU', 'CNN', 'RNN', 'TCN', 'Transformer', 'MLP']","[16, 32, 64, 128, 256]","[1, 2, 3, 4]","[0, 0.1, 0.2, 0.3, 0.5]","['relu', 'tanh', 'sigmoid', 'elu']","[1e-05, 0.01]","[2, 3, 4, 5, 6, 7, 8, 9, 10, 11, 12, 13, 14, 15, 16, 17, 18, 19, 20, 21, 22, 23, 24, 25, 26, 27, 28, 29, 30]","[16, 32, 64, 128]","[5, 10, 15, 20]","[2, 3, 5, 7]","[2, 4, 8]",evolution,minimize,local
n1k7dzsu,41,260,1779257613086,,/home/meliani/nni-experiments/n1k7dzsu,13,exp_evolution_80_ali_only_ali_only,hpo,/home/meliani/Desktop/phd/fast-track/search_space.json,python3 trial.py --data ./ali_only.csv,/home/meliani/Desktop/phd/fast-track,1,360000s,80,False,False,info,/home/meliani/nni-experiments,"['LSTM', 'GRU', 'CNN', 'RNN', 'TCN', 'Transformer', 'MLP']","[16, 32, 64, 128, 256]","[1, 2, 3, 4]","[0, 0.1, 0.2, 0.3, 0.5]","['relu', 'tanh', 'sigmoid', 'elu']","[1e-05, 0.01]","[2, 3, 4, 5, 6, 7, 8, 9, 10, 11, 12, 13, 14, 15, 16, 17, 18, 19, 20, 21, 22, 23, 24, 25, 26, 27, 28, 29, 30]","[16, 32, 64, 128]","[5, 10, 15, 20]","[2, 3, 5, 7]","[2, 4, 8]",evolution,minimize,local
n1k7dzsu,42,270,1779257613086,,/home/meliani/nni-experiments/n1k7dzsu,13,exp_evolution_80_ali_only_ali_only,hpo,/home/meliani/Desktop/phd/fast-track/search_space.json,python3 trial.py --data ./ali_only.csv,/home/meliani/Desktop/phd/fast-track,1,360000s,80,False,False,info,/home/meliani/nni-experiments,"['LSTM', 'GRU', 'CNN', 'RNN', 'TCN', 'Transformer', 'MLP']","[16, 32, 64, 128, 256]","[1, 2, 3, 4]","[0, 0.1, 0.2, 0.3, 0.5]","['relu', 'tanh', 'sigmoid', 'elu']","[1e-05, 0.01]","[2, 3, 4, 5, 6, 7, 8, 9, 10, 11, 12, 13, 14, 15, 16, 17, 18, 19, 20, 21, 22, 23, 24, 25, 26, 27, 28, 29, 30]","[16, 32, 64, 128]","[5, 10, 15, 20]","[2, 3, 5, 7]","[2, 4, 8]",evolution,minimize,local
n1k7dzsu,43,280,1779257613086,,/home/meliani/nni-experiments/n1k7dzsu,13,exp_evolution_80_ali_only_ali_only,hpo,/home/meliani/Desktop/phd/fast-track/search_space.json,python3 trial.py --data ./ali_only.csv,/home/meliani/Desktop/phd/fast-track,1,360000s,80,False,False,info,/home/meliani/nni-experiments,"['LSTM', 'GRU', 'CNN', 'RNN', 'TCN', 'Transformer', 'MLP']","[16, 32, 64, 128, 256]","[1, 2, 3, 4]","[0, 0.1, 0.2, 0.3, 0.5]","['relu', 'tanh', 'sigmoid', 'elu']","[1e-05, 0.01]","[2, 3, 4, 5, 6, 7, 8, 9, 10, 11, 12, 13, 14, 15, 16, 17, 18, 19, 20, 21, 22, 23, 24, 25, 26, 27, 28, 29, 30]","[16, 32, 64, 128]","[5, 10, 15, 20]","[2, 3, 5, 7]","[2, 4, 8]",evolution,minimize,local
n1k7dzsu,44,289,1779257613086,,/home/meliani/nni-experiments/n1k7dzsu,14,exp_evolution_80_ali_only_ali_only,hpo,/home/meliani/Desktop/phd/fast-track/search_space.json,python3 trial.py --data ./ali_only.csv,/home/meliani/Desktop/phd/fast-track,1,360000s,80,False,False,info,/home/meliani/nni-experiments,"['LSTM', 'GRU', 'CNN', 'RNN', 'TCN', 'Transformer', 'MLP']","[16, 32, 64, 128, 256]","[1, 2, 3, 4]","[0, 0.1, 0.2, 0.3, 0.5]","['relu', 'tanh', 'sigmoid', 'elu']","[1e-05, 0.01]","[2, 3, 4, 5, 6, 7, 8, 9, 10, 11, 12, 13, 14, 15, 16, 17, 18, 19, 20, 21, 22, 23, 24, 25, 26, 27, 28, 29, 30]","[16, 32, 64, 128]","[5, 10, 15, 20]","[2, 3, 5, 7]","[2, 4, 8]",evolution,minimize,local
n1k7dzsu,45,290,1779257613086,,/home/meliani/nni-experiments/n1k7dzsu,14,exp_evolution_80_ali_only_ali_only,hpo,/home/meliani/Desktop/phd/fast-track/search_space.json,python3 trial.py --data ./ali_only.csv,/home/meliani/Desktop/phd/fast-track,1,360000s,80,False,False,info,/home/meliani/nni-experiments,"['LSTM', 'GRU', 'CNN', 'RNN', 'TCN', 'Transformer', 'MLP']","[16, 32, 64, 128, 256]","[1, 2, 3, 4]","[0, 0.1, 0.2, 0.3, 0.5]","['relu', 'tanh', 'sigmoid', 'elu']","[1e-05, 0.01]","[2, 3, 4, 5, 6, 7, 8, 9, 10, 11, 12, 13, 14, 15, 16, 17, 18, 19, 20, 21, 22, 23, 24, 25, 26, 27, 28, 29, 30]","[16, 32, 64, 128]","[5, 10, 15, 20]","[2, 3, 5, 7]","[2, 4, 8]",evolution,minimize,local
n1k7dzsu,46,298,1779257613086,,/home/meliani/nni-experiments/n1k7dzsu,15,exp_evolution_80_ali_only_ali_only,hpo,/home/meliani/Desktop/phd/fast-track/search_space.json,python3 trial.py --data ./ali_only.csv,/home/meliani/Desktop/phd/fast-track,1,360000s,80,False,False,info,/home/meliani/nni-experiments,"['LSTM', 'GRU', 'CNN', 'RNN', 'TCN', 'Transformer', 'MLP']","[16, 32, 64, 128, 256]","[1, 2, 3, 4]","[0, 0.1, 0.2, 0.3, 0.5]","['relu', 'tanh', 'sigmoid', 'elu']","[1e-05, 0.01]","[2, 3, 4, 5, 6, 7, 8, 9, 10, 11, 12, 13, 14, 15, 16, 17, 18, 19, 20, 21, 22, 23, 24, 25, 26, 27, 28, 29, 30]","[16, 32, 64, 128]","[5, 10, 15, 20]","[2, 3, 5, 7]","[2, 4, 8]",evolution,minimize,local
n1k7dzsu,47,300,1779257613086,,/home/meliani/nni-experiments/n1k7dzsu,15,exp_evolution_80_ali_only_ali_only,hpo,/home/meliani/Desktop/phd/fast-track/search_space.json,python3 trial.py --data ./ali_only.csv,/home/meliani/Desktop/phd/fast-track,1,360000s,80,False,False,info,/home/meliani/nni-experiments,"['LSTM', 'GRU', 'CNN', 'RNN', 'TCN', 'Transformer', 'MLP']","[16, 32, 64, 128, 256]","[1, 2, 3, 4]","[0, 0.1, 0.2, 0.3, 0.5]","['relu', 'tanh', 'sigmoid', 'elu']","[1e-05, 0.01]","[2, 3, 4, 5, 6, 7, 8, 9, 10, 11, 12, 13, 14, 15, 16, 17, 18, 19, 20, 21, 22, 23, 24, 25, 26, 27, 28, 29, 30]","[16, 32, 64, 128]","[5, 10, 15, 20]","[2, 3, 5, 7]","[2, 4, 8]",evolution,minimize,local
n1k7dzsu,48,310,1779257613086,,/home/meliani/nni-experiments/n1k7dzsu,15,exp_evolution_80_ali_only_ali_only,hpo,/home/meliani/Desktop/phd/fast-track/search_space.json,python3 trial.py --data ./ali_only.csv,/home/meliani/Desktop/phd/fast-track,1,360000s,80,False,False,info,/home/meliani/nni-experiments,"['LSTM', 'GRU', 'CNN', 'RNN', 'TCN', 'Transformer', 'MLP']","[16, 32, 64, 128, 256]","[1, 2, 3, 4]","[0, 0.1, 0.2, 0.3, 0.5]","['relu', 'tanh', 'sigmoid', 'elu']","[1e-05, 0.01]","[2, 3, 4, 5, 6, 7, 8, 9, 10, 11, 12, 13, 14, 15, 16, 17, 18, 19, 20, 21, 22, 23, 24, 25, 26, 27, 28, 29, 30]","[16, 32, 64, 128]","[5, 10, 15, 20]","[2, 3, 5, 7]","[2, 4, 8]",evolution,minimize,local
n1k7dzsu,49,320,1779257613086,,/home/meliani/nni-experiments/n1k7dzsu,15,exp_evolution_80_ali_only_ali_only,hpo,/home/meliani/Desktop/phd/fast-track/search_space.json,python3 trial.py --data ./ali_only.csv,/home/meliani/Desktop/phd/fast-track,1,360000s,80,False,False,info,/home/meliani/nni-experiments,"['LSTM', 'GRU', 'CNN', 'RNN', 'TCN', 'Transformer', 'MLP']","[16, 32, 64, 128, 256]","[1, 2, 3, 4]","[0, 0.1, 0.2, 0.3, 0.5]","['relu', 'tanh', 'sigmoid', 'elu']","[1e-05, 0.01]","[2, 3, 4, 5, 6, 7, 8, 9, 10, 11, 12, 13, 14, 15, 16, 17, 18, 19, 20, 21, 22, 23, 24, 25, 26, 27, 28, 29, 30]","[16, 32, 64, 128]","[5, 10, 15, 20]","[2, 3, 5, 7]","[2, 4, 8]",evolution,minimize,local
n1k7dzsu,50,329,1779257613086,,/home/meliani/nni-experiments/n1k7dzsu,16,exp_evolution_80_ali_only_ali_only,hpo,/home/meliani/Desktop/phd/fast-track/search_space.json,python3 trial.py --data ./ali_only.csv,/home/meliani/Desktop/phd/fast-track,1,360000s,80,False,False,info,/home/meliani/nni-experiments,"['LSTM', 'GRU', 'CNN', 'RNN', 'TCN', 'Transformer', 'MLP']","[16, 32, 64, 128, 256]","[1, 2, 3, 4]","[0, 0.1, 0.2, 0.3, 0.5]","['relu', 'tanh', 'sigmoid', 'elu']","[1e-05, 0.01]","[2, 3, 4, 5, 6, 7, 8, 9, 10, 11, 12, 13, 14, 15, 16, 17, 18, 19, 20, 21, 22, 23, 24, 25, 26, 27, 28, 29, 30]","[16, 32, 64, 128]","[5, 10, 15, 20]","[2, 3, 5, 7]","[2, 4, 8]",evolution,minimize,local
n1k7dzsu,51,330,1779257613086,,/home/meliani/nni-experiments/n1k7dzsu,16,exp_evolution_80_ali_only_ali_only,hpo,/home/meliani/Desktop/phd/fast-track/search_space.json,python3 trial.py --data ./ali_only.csv,/home/meliani/Desktop/phd/fast-track,1,360000s,80,False,False,info,/home/meliani/nni-experiments,"['LSTM', 'GRU', 'CNN', 'RNN', 'TCN', 'Transformer', 'MLP']","[16, 32, 64, 128, 256]","[1, 2, 3, 4]","[0, 0.1, 0.2, 0.3, 0.5]","['relu', 'tanh', 'sigmoid', 'elu']","[1e-05, 0.01]","[2, 3, 4, 5, 6, 7, 8, 9, 10, 11, 12, 13, 14, 15, 16, 17, 18, 19, 20, 21, 22, 23, 24, 25, 26, 27, 28, 29, 30]","[16, 32, 64, 128]","[5, 10, 15, 20]","[2, 3, 5, 7]","[2, 4, 8]",evolution,minimize,local
n1k7dzsu,52,334,1779257613086,,/home/meliani/nni-experiments/n1k7dzsu,17,exp_evolution_80_ali_only_ali_only,hpo,/home/meliani/Desktop/phd/fast-track/search_space.json,python3 trial.py --data ./ali_only.csv,/home/meliani/Desktop/phd/fast-track,1,360000s,80,False,False,info,/home/meliani/nni-experiments,"['LSTM', 'GRU', 'CNN', 'RNN', 'TCN', 'Transformer', 'MLP']","[16, 32, 64, 128, 256]","[1, 2, 3, 4]","[0, 0.1, 0.2, 0.3, 0.5]","['relu', 'tanh', 'sigmoid', 'elu']","[1e-05, 0.01]","[2, 3, 4, 5, 6, 7, 8, 9, 10, 11, 12, 13, 14, 15, 16, 17, 18, 19, 20, 21, 22, 23, 24, 25, 26, 27, 28, 29, 30]","[16, 32, 64, 128]","[5, 10, 15, 20]","[2, 3, 5, 7]","[2, 4, 8]",evolution,minimize,local
n1k7dzsu,53,340,1779257613086,,/home/meliani/nni-experiments/n1k7dzsu,17,exp_evolution_80_ali_only_ali_only,hpo,/home/meliani/Desktop/phd/fast-track/search_space.json,python3 trial.py --data ./ali_only.csv,/home/meliani/Desktop/phd/fast-track,1,360000s,80,False,False,info,/home/meliani/nni-experiments,"['LSTM', 'GRU', 'CNN', 'RNN', 'TCN', 'Transformer', 'MLP']","[16, 32, 64, 128, 256]","[1, 2, 3, 4]","[0, 0.1, 0.2, 0.3, 0.5]","['relu', 'tanh', 'sigmoid', 'elu']","[1e-05, 0.01]","[2, 3, 4, 5, 6, 7, 8, 9, 10, 11, 12, 13, 14, 15, 16, 17, 18, 19, 20, 21, 22, 23, 24, 25, 26, 27, 28, 29, 30]","[16, 32, 64, 128]","[5, 10, 15, 20]","[2, 3, 5, 7]","[2, 4, 8]",evolution,minimize,local
n1k7dzsu,54,343,1779257613086,,/home/meliani/nni-experiments/n1k7dzsu,18,exp_evolution_80_ali_only_ali_only,hpo,/home/meliani/Desktop/phd/fast-track/search_space.json,python3 trial.py --data ./ali_only.csv,/home/meliani/Desktop/phd/fast-track,1,360000s,80,False,False,info,/home/meliani/nni-experiments,"['LSTM', 'GRU', 'CNN', 'RNN', 'TCN', 'Transformer', 'MLP']","[16, 32, 64, 128, 256]","[1, 2, 3, 4]","[0, 0.1, 0.2, 0.3, 0.5]","['relu', 'tanh', 'sigmoid', 'elu']","[1e-05, 0.01]","[2, 3, 4, 5, 6, 7, 8, 9, 10, 11, 12, 13, 14, 15, 16, 17, 18, 19, 20, 21, 22, 23, 24, 25, 26, 27, 28, 29, 30]","[16, 32, 64, 128]","[5, 10, 15, 20]","[2, 3, 5, 7]","[2, 4, 8]",evolution,minimize,local
n1k7dzsu,55,350,1779257613086,,/home/meliani/nni-experiments/n1k7dzsu,18,exp_evolution_80_ali_only_ali_only,hpo,/home/meliani/Desktop/phd/fast-track/search_space.json,python3 trial.py --data ./ali_only.csv,/home/meliani/Desktop/phd/fast-track,1,360000s,80,False,False,info,/home/meliani/nni-experiments,"['LSTM', 'GRU', 'CNN', 'RNN', 'TCN', 'Transformer', 'MLP']","[16, 32, 64, 128, 256]","[1, 2, 3, 4]","[0, 0.1, 0.2, 0.3, 0.5]","['relu', 'tanh', 'sigmoid', 'elu']","[1e-05, 0.01]","[2, 3, 4, 5, 6, 7, 8, 9, 10, 11, 12, 13, 14, 15, 16, 17, 18, 19, 20, 21, 22, 23, 24, 25, 26, 27, 28, 29, 30]","[16, 32, 64, 128]","[5, 10, 15, 20]","[2, 3, 5, 7]","[2, 4, 8]",evolution,minimize,local
n1k7dzsu,56,360,1779257613086,,/home/meliani/nni-experiments/n1k7dzsu,18,exp_evolution_80_ali_only_ali_only,hpo,/home/meliani/Desktop/phd/fast-track/search_space.json,python3 trial.py --data ./ali_only.csv,/home/meliani/Desktop/phd/fast-track,1,360000s,80,False,False,info,/home/meliani/nni-experiments,"['LSTM', 'GRU', 'CNN', 'RNN', 'TCN', 'Transformer', 'MLP']","[16, 32, 64, 128, 256]","[1, 2, 3, 4]","[0, 0.1, 0.2, 0.3, 0.5]","['relu', 'tanh', 'sigmoid', 'elu']","[1e-05, 0.01]","[2, 3, 4, 5, 6, 7, 8, 9, 10, 11, 12, 13, 14, 15, 16, 17, 18, 19, 20, 21, 22, 23, 24, 25, 26, 27, 28, 29, 30]","[16, 32, 64, 128]","[5, 10, 15, 20]","[2, 3, 5, 7]","[2, 4, 8]",evolution,minimize,local
n1k7dzsu,57,370,1779257613086,,/home/meliani/nni-experiments/n1k7dzsu,18,exp_evolution_80_ali_only_ali_only,hpo,/home/meliani/Desktop/phd/fast-track/search_space.json,python3 trial.py --data ./ali_only.csv,/home/meliani/Desktop/phd/fast-track,1,360000s,80,False,False,info,/home/meliani/nni-experiments,"['LSTM', 'GRU', 'CNN', 'RNN', 'TCN', 'Transformer', 'MLP']","[16, 32, 64, 128, 256]","[1, 2, 3, 4]","[0, 0.1, 0.2, 0.3, 0.5]","['relu', 'tanh', 'sigmoid', 'elu']","[1e-05, 0.01]","[2, 3, 4, 5, 6, 7, 8, 9, 10, 11, 12, 13, 14, 15, 16, 17, 18, 19, 20, 21, 22, 23, 24, 25, 26, 27, 28, 29, 30]","[16, 32, 64, 128]","[5, 10, 15, 20]","[2, 3, 5, 7]","[2, 4, 8]",evolution,minimize,local
n1k7dzsu,58,380,1779257613086,,/home/meliani/nni-experiments/n1k7dzsu,18,exp_evolution_80_ali_only_ali_only,hpo,/home/meliani/Desktop/phd/fast-track/search_space.json,python3 trial.py --data ./ali_only.csv,/home/meliani/Desktop/phd/fast-track,1,360000s,80,False,False,info,/home/meliani/nni-experiments,"['LSTM', 'GRU', 'CNN', 'RNN', 'TCN', 'Transformer', 'MLP']","[16, 32, 64, 128, 256]","[1, 2, 3, 4]","[0, 0.1, 0.2, 0.3, 0.5]","['relu', 'tanh', 'sigmoid', 'elu']","[1e-05, 0.01]","[2, 3, 4, 5, 6, 7, 8, 9, 10, 11, 12, 13, 14, 15, 16, 17, 18, 19, 20, 21, 22, 23, 24, 25, 26, 27, 28, 29, 30]","[16, 32, 64, 128]","[5, 10, 15, 20]","[2, 3, 5, 7]","[2, 4, 8]",evolution,minimize,local
n1k7dzsu,59,390,1779257613086,,/home/meliani/nni-experiments/n1k7dzsu,18,exp_evolution_80_ali_only_ali_only,hpo,/home/meliani/Desktop/phd/fast-track/search_space.json,python3 trial.py --data ./ali_only.csv,/home/meliani/Desktop/phd/fast-track,1,360000s,80,False,False,info,/home/meliani/nni-experiments,"['LSTM', 'GRU', 'CNN', 'RNN', 'TCN', 'Transformer', 'MLP']","[16, 32, 64, 128, 256]","[1, 2, 3, 4]","[0, 0.1, 0.2, 0.3, 0.5]","['relu', 'tanh', 'sigmoid', 'elu']","[1e-05, 0.01]","[2, 3, 4, 5, 6, 7, 8, 9, 10, 11, 12, 13, 14, 15, 16, 17, 18, 19, 20, 21, 22, 23, 24, 25, 26, 27, 28, 29, 30]","[16, 32, 64, 128]","[5, 10, 15, 20]","[2, 3, 5, 7]","[2, 4, 8]",evolution,minimize,local
n1k7dzsu,60,400,1779257613086,,/home/meliani/nni-experiments/n1k7dzsu,18,exp_evolution_80_ali_only_ali_only,hpo,/home/meliani/Desktop/phd/fast-track/search_space.json,python3 trial.py --data ./ali_only.csv,/home/meliani/Desktop/phd/fast-track,1,360000s,80,False,False,info,/home/meliani/nni-experiments,"['LSTM', 'GRU', 'CNN', 'RNN', 'TCN', 'Transformer', 'MLP']","[16, 32, 64, 128, 256]","[1, 2, 3, 4]","[0, 0.1, 0.2, 0.3, 0.5]","['relu', 'tanh', 'sigmoid', 'elu']","[1e-05, 0.01]","[2, 3, 4, 5, 6, 7, 8, 9, 10, 11, 12, 13, 14, 15, 16, 17, 18, 19, 20, 21, 22, 23, 24, 25, 26, 27, 28, 29, 30]","[16, 32, 64, 128]","[5, 10, 15, 20]","[2, 3, 5, 7]","[2, 4, 8]",evolution,minimize,local
n1k7dzsu,61,410,1779257613086,,/home/meliani/nni-experiments/n1k7dzsu,18,exp_evolution_80_ali_only_ali_only,hpo,/home/meliani/Desktop/phd/fast-track/search_space.json,python3 trial.py --data ./ali_only.csv,/home/meliani/Desktop/phd/fast-track,1,360000s,80,False,False,info,/home/meliani/nni-experiments,"['LSTM', 'GRU', 'CNN', 'RNN', 'TCN', 'Transformer', 'MLP']","[16, 32, 64, 128, 256]","[1, 2, 3, 4]","[0, 0.1, 0.2, 0.3, 0.5]","['relu', 'tanh', 'sigmoid', 'elu']","[1e-05, 0.01]","[2, 3, 4, 5, 6, 7, 8, 9, 10, 11, 12, 13, 14, 15, 16, 17, 18, 19, 20, 21, 22, 23, 24, 25, 26, 27, 28, 29, 30]","[16, 32, 64, 128]","[5, 10, 15, 20]","[2, 3, 5, 7]","[2, 4, 8]",evolution,minimize,local
n1k7dzsu,62,420,1779257613086,,/home/meliani/nni-experiments/n1k7dzsu,18,exp_evolution_80_ali_only_ali_only,hpo,/home/meliani/Desktop/phd/fast-track/search_space.json,python3 trial.py --data ./ali_only.csv,/home/meliani/Desktop/phd/fast-track,1,360000s,80,False,False,info,/home/meliani/nni-experiments,"['LSTM', 'GRU', 'CNN', 'RNN', 'TCN', 'Transformer', 'MLP']","[16, 32, 64, 128, 256]","[1, 2, 3, 4]","[0, 0.1, 0.2, 0.3, 0.5]","['relu', 'tanh', 'sigmoid', 'elu']","[1e-05, 0.01]","[2, 3, 4, 5, 6, 7, 8, 9, 10, 11, 12, 13, 14, 15, 16, 17, 18, 19, 20, 21, 22, 23, 24, 25, 26, 27, 28, 29, 30]","[16, 32, 64, 128]","[5, 10, 15, 20]","[2, 3, 5, 7]","[2, 4, 8]",evolution,minimize,local
n1k7dzsu,63,430,1779257613086,,/home/meliani/nni-experiments/n1k7dzsu,18,exp_evolution_80_ali_only_ali_only,hpo,/home/meliani/Desktop/phd/fast-track/search_space.json,python3 trial.py --data ./ali_only.csv,/home/meliani/Desktop/phd/fast-track,1,360000s,80,False,False,info,/home/meliani/nni-experiments,"['LSTM', 'GRU', 'CNN', 'RNN', 'TCN', 'Transformer', 'MLP']","[16, 32, 64, 128, 256]","[1, 2, 3, 4]","[0, 0.1, 0.2, 0.3, 0.5]","['relu', 'tanh', 'sigmoid', 'elu']","[1e-05, 0.01]","[2, 3, 4, 5, 6, 7, 8, 9, 10, 11, 12, 13, 14, 15, 16, 17, 18, 19, 20, 21, 22, 23, 24, 25, 26, 27, 28, 29, 30]","[16, 32, 64, 128]","[5, 10, 15, 20]","[2, 3, 5, 7]","[2, 4, 8]",evolution,minimize,local
n1k7dzsu,64,440,1779257613086,,/home/meliani/nni-experiments/n1k7dzsu,18,exp_evolution_80_ali_only_ali_only,hpo,/home/meliani/Desktop/phd/fast-track/search_space.json,python3 trial.py --data ./ali_only.csv,/home/meliani/Desktop/phd/fast-track,1,360000s,80,False,False,info,/home/meliani/nni-experiments,"['LSTM', 'GRU', 'CNN', 'RNN', 'TCN', 'Transformer', 'MLP']","[16, 32, 64, 128, 256]","[1, 2, 3, 4]","[0, 0.1, 0.2, 0.3, 0.5]","['relu', 'tanh', 'sigmoid', 'elu']","[1e-05, 0.01]","[2, 3, 4, 5, 6, 7, 8, 9, 10, 11, 12, 13, 14, 15, 16, 17, 18, 19, 20, 21, 22, 23, 24, 25, 26, 27, 28, 29, 30]","[16, 32, 64, 128]","[5, 10, 15, 20]","[2, 3, 5, 7]","[2, 4, 8]",evolution,minimize,local
n1k7dzsu,65,450,1779257613086,,/home/meliani/nni-experiments/n1k7dzsu,18,exp_evolution_80_ali_only_ali_only,hpo,/home/meliani/Desktop/phd/fast-track/search_space.json,python3 trial.py --data ./ali_only.csv,/home/meliani/Desktop/phd/fast-track,1,360000s,80,False,False,info,/home/meliani/nni-experiments,"['LSTM', 'GRU', 'CNN', 'RNN', 'TCN', 'Transformer', 'MLP']","[16, 32, 64, 128, 256]","[1, 2, 3, 4]","[0, 0.1, 0.2, 0.3, 0.5]","['relu', 'tanh', 'sigmoid', 'elu']","[1e-05, 0.01]","[2, 3, 4, 5, 6, 7, 8, 9, 10, 11, 12, 13, 14, 15, 16, 17, 18, 19, 20, 21, 22, 23, 24, 25, 26, 27, 28, 29, 30]","[16, 32, 64, 128]","[5, 10, 15, 20]","[2, 3, 5, 7]","[2, 4, 8]",evolution,minimize,local
n1k7dzsu,66,460,1779257613086,,/home/meliani/nni-experiments/n1k7dzsu,18,exp_evolution_80_ali_only_ali_only,hpo,/home/meliani/Desktop/phd/fast-track/search_space.json,python3 trial.py --data ./ali_only.csv,/home/meliani/Desktop/phd/fast-track,1,360000s,80,False,False,info,/home/meliani/nni-experiments,"['LSTM', 'GRU', 'CNN', 'RNN', 'TCN', 'Transformer', 'MLP']","[16, 32, 64, 128, 256]","[1, 2, 3, 4]","[0, 0.1, 0.2, 0.3, 0.5]","['relu', 'tanh', 'sigmoid', 'elu']","[1e-05, 0.01]","[2, 3, 4, 5, 6, 7, 8, 9, 10, 11, 12, 13, 14, 15, 16, 17, 18, 19, 20, 21, 22, 23, 24, 25, 26, 27, 28, 29, 30]","[16, 32, 64, 128]","[5, 10, 15, 20]","[2, 3, 5, 7]","[2, 4, 8]",evolution,minimize,local
n1k7dzsu,67,470,1779257613086,,/home/meliani/nni-experiments/n1k7dzsu,18,exp_evolution_80_ali_only_ali_only,hpo,/home/meliani/Desktop/phd/fast-track/search_space.json,python3 trial.py --data ./ali_only.csv,/home/meliani/Desktop/phd/fast-track,1,360000s,80,False,False,info,/home/meliani/nni-experiments,"['LSTM', 'GRU', 'CNN', 'RNN', 'TCN', 'Transformer', 'MLP']","[16, 32, 64, 128, 256]","[1, 2, 3, 4]","[0, 0.1, 0.2, 0.3, 0.5]","['relu', 'tanh', 'sigmoid', 'elu']","[1e-05, 0.01]","[2, 3, 4, 5, 6, 7, 8, 9, 10, 11, 12, 13, 14, 15, 16, 17, 18, 19, 20, 21, 22, 23, 24, 25, 26, 27, 28, 29, 30]","[16, 32, 64, 128]","[5, 10, 15, 20]","[2, 3, 5, 7]","[2, 4, 8]",evolution,minimize,local
n1k7dzsu,68,480,1779257613086,,/home/meliani/nni-experiments/n1k7dzsu,18,exp_evolution_80_ali_only_ali_only,hpo,/home/meliani/Desktop/phd/fast-track/search_space.json,python3 trial.py --data ./ali_only.csv,/home/meliani/Desktop/phd/fast-track,1,360000s,80,False,False,info,/home/meliani/nni-experiments,"['LSTM', 'GRU', 'CNN', 'RNN', 'TCN', 'Transformer', 'MLP']","[16, 32, 64, 128, 256]","[1, 2, 3, 4]","[0, 0.1, 0.2, 0.3, 0.5]","['relu', 'tanh', 'sigmoid', 'elu']","[1e-05, 0.01]","[2, 3, 4, 5, 6, 7, 8, 9, 10, 11, 12, 13, 14, 15, 16, 17, 18, 19, 20, 21, 22, 23, 24, 25, 26, 27, 28, 29, 30]","[16, 32, 64, 128]","[5, 10, 15, 20]","[2, 3, 5, 7]","[2, 4, 8]",evolution,minimize,local
n1k7dzsu,69,490,1779257613086,,/home/meliani/nni-experiments/n1k7dzsu,18,exp_evolution_80_ali_only_ali_only,hpo,/home/meliani/Desktop/phd/fast-track/search_space.json,python3 trial.py --data ./ali_only.csv,/home/meliani/Desktop/phd/fast-track,1,360000s,80,False,False,info,/home/meliani/nni-experiments,"['LSTM', 'GRU', 'CNN', 'RNN', 'TCN', 'Transformer', 'MLP']","[16, 32, 64, 128, 256]","[1, 2, 3, 4]","[0, 0.1, 0.2, 0.3, 0.5]","['relu', 'tanh', 'sigmoid', 'elu']","[1e-05, 0.01]","[2, 3, 4, 5, 6, 7, 8, 9, 10, 11, 12, 13, 14, 15, 16, 17, 18, 19, 20, 21, 22, 23, 24, 25, 26, 27, 28, 29, 30]","[16, 32, 64, 128]","[5, 10, 15, 20]","[2, 3, 5, 7]","[2, 4, 8]",evolution,minimize,local
n1k7dzsu,70,500,1779257613086,,/home/meliani/nni-experiments/n1k7dzsu,18,exp_evolution_80_ali_only_ali_only,hpo,/home/meliani/Desktop/phd/fast-track/search_space.json,python3 trial.py --data ./ali_only.csv,/home/meliani/Desktop/phd/fast-track,1,360000s,80,False,False,info,/home/meliani/nni-experiments,"['LSTM', 'GRU', 'CNN', 'RNN', 'TCN', 'Transformer', 'MLP']","[16, 32, 64, 128, 256]","[1, 2, 3, 4]","[0, 0.1, 0.2, 0.3, 0.5]","['relu', 'tanh', 'sigmoid', 'elu']","[1e-05, 0.01]","[2, 3, 4, 5, 6, 7, 8, 9, 10, 11, 12, 13, 14, 15, 16, 17, 18, 19, 20, 21, 22, 23, 24, 25, 26, 27, 28, 29, 30]","[16, 32, 64, 128]","[5, 10, 15, 20]","[2, 3, 5, 7]","[2, 4, 8]",evolution,minimize,local
n1k7dzsu,71,510,1779257613086,,/home/meliani/nni-experiments/n1k7dzsu,18,exp_evolution_80_ali_only_ali_only,hpo,/home/meliani/Desktop/phd/fast-track/search_space.json,python3 trial.py --data ./ali_only.csv,/home/meliani/Desktop/phd/fast-track,1,360000s,80,False,False,info,/home/meliani/nni-experiments,"['LSTM', 'GRU', 'CNN', 'RNN', 'TCN', 'Transformer', 'MLP']","[16, 32, 64, 128, 256]","[1, 2, 3, 4]","[0, 0.1, 0.2, 0.3, 0.5]","['relu', 'tanh', 'sigmoid', 'elu']","[1e-05, 0.01]","[2, 3, 4, 5, 6, 7, 8, 9, 10, 11, 12, 13, 14, 15, 16, 17, 18, 19, 20, 21, 22, 23, 24, 25, 26, 27, 28, 29, 30]","[16, 32, 64, 128]","[5, 10, 15, 20]","[2, 3, 5, 7]","[2, 4, 8]",evolution,minimize,local
n1k7dzsu,72,520,1779257613086,,/home/meliani/nni-experiments/n1k7dzsu,18,exp_evolution_80_ali_only_ali_only,hpo,/home/meliani/Desktop/phd/fast-track/search_space.json,python3 trial.py --data ./ali_only.csv,/home/meliani/Desktop/phd/fast-track,1,360000s,80,False,False,info,/home/meliani/nni-experiments,"['LSTM', 'GRU', 'CNN', 'RNN', 'TCN', 'Transformer', 'MLP']","[16, 32, 64, 128, 256]","[1, 2, 3, 4]","[0, 0.1, 0.2, 0.3, 0.5]","['relu', 'tanh', 'sigmoid', 'elu']","[1e-05, 0.01]","[2, 3, 4, 5, 6, 7, 8, 9, 10, 11, 12, 13, 14, 15, 16, 17, 18, 19, 20, 21, 22, 23, 24, 25, 26, 27, 28, 29, 30]","[16, 32, 64, 128]","[5, 10, 15, 20]","[2, 3, 5, 7]","[2, 4, 8]",evolution,minimize,local
n1k7dzsu,73,523,1779257613086,,/home/meliani/nni-experiments/n1k7dzsu,19,exp_evolution_80_ali_only_ali_only,hpo,/home/meliani/Desktop/phd/fast-track/search_space.json,python3 trial.py --data ./ali_only.csv,/home/meliani/Desktop/phd/fast-track,1,360000s,80,False,False,info,/home/meliani/nni-experiments,"['LSTM', 'GRU', 'CNN', 'RNN', 'TCN', 'Transformer', 'MLP']","[16, 32, 64, 128, 256]","[1, 2, 3, 4]","[0, 0.1, 0.2, 0.3, 0.5]","['relu', 'tanh', 'sigmoid', 'elu']","[1e-05, 0.01]","[2, 3, 4, 5, 6, 7, 8, 9, 10, 11, 12, 13, 14, 15, 16, 17, 18, 19, 20, 21, 22, 23, 24, 25, 26, 27, 28, 29, 30]","[16, 32, 64, 128]","[5, 10, 15, 20]","[2, 3, 5, 7]","[2, 4, 8]",evolution,minimize,local
n1k7dzsu,74,530,1779257613086,,/home/meliani/nni-experiments/n1k7dzsu,19,exp_evolution_80_ali_only_ali_only,hpo,/home/meliani/Desktop/phd/fast-track/search_space.json,python3 trial.py --data ./ali_only.csv,/home/meliani/Desktop/phd/fast-track,1,360000s,80,False,False,info,/home/meliani/nni-experiments,"['LSTM', 'GRU', 'CNN', 'RNN', 'TCN', 'Transformer', 'MLP']","[16, 32, 64, 128, 256]","[1, 2, 3, 4]","[0, 0.1, 0.2, 0.3, 0.5]","['relu', 'tanh', 'sigmoid', 'elu']","[1e-05, 0.01]","[2, 3, 4, 5, 6, 7, 8, 9, 10, 11, 12, 13, 14, 15, 16, 17, 18, 19, 20, 21, 22, 23, 24, 25, 26, 27, 28, 29, 30]","[16, 32, 64, 128]","[5, 10, 15, 20]","[2, 3, 5, 7]","[2, 4, 8]",evolution,minimize,local
n1k7dzsu,75,532,1779257613086,,/home/meliani/nni-experiments/n1k7dzsu,20,exp_evolution_80_ali_only_ali_only,hpo,/home/meliani/Desktop/phd/fast-track/search_space.json,python3 trial.py --data ./ali_only.csv,/home/meliani/Desktop/phd/fast-track,1,360000s,80,False,False,info,/home/meliani/nni-experiments,"['LSTM', 'GRU', 'CNN', 'RNN', 'TCN', 'Transformer', 'MLP']","[16, 32, 64, 128, 256]","[1, 2, 3, 4]","[0, 0.1, 0.2, 0.3, 0.5]","['relu', 'tanh', 'sigmoid', 'elu']","[1e-05, 0.01]","[2, 3, 4, 5, 6, 7, 8, 9, 10, 11, 12, 13, 14, 15, 16, 17, 18, 19, 20, 21, 22, 23, 24, 25, 26, 27, 28, 29, 30]","[16, 32, 64, 128]","[5, 10, 15, 20]","[2, 3, 5, 7]","[2, 4, 8]",evolution,minimize,local
n1k7dzsu,76,540,1779257613086,,/home/meliani/nni-experiments/n1k7dzsu,20,exp_evolution_80_ali_only_ali_only,hpo,/home/meliani/Desktop/phd/fast-track/search_space.json,python3 trial.py --data ./ali_only.csv,/home/meliani/Desktop/phd/fast-track,1,360000s,80,False,False,info,/home/meliani/nni-experiments,"['LSTM', 'GRU', 'CNN', 'RNN', 'TCN', 'Transformer', 'MLP']","[16, 32, 64, 128, 256]","[1, 2, 3, 4]","[0, 0.1, 0.2, 0.3, 0.5]","['relu', 'tanh', 'sigmoid', 'elu']","[1e-05, 0.01]","[2, 3, 4, 5, 6, 7, 8, 9, 10, 11, 12, 13, 14, 15, 16, 17, 18, 19, 20, 21, 22, 23, 24, 25, 26, 27, 28, 29, 30]","[16, 32, 64, 128]","[5, 10, 15, 20]","[2, 3, 5, 7]","[2, 4, 8]",evolution,minimize,local
n1k7dzsu,77,545,1779257613086,,/home/meliani/nni-experiments/n1k7dzsu,21,exp_evolution_80_ali_only_ali_only,hpo,/home/meliani/Desktop/phd/fast-track/search_space.json,python3 trial.py --data ./ali_only.csv,/home/meliani/Desktop/phd/fast-track,1,360000s,80,False,False,info,/home/meliani/nni-experiments,"['LSTM', 'GRU', 'CNN', 'RNN', 'TCN', 'Transformer', 'MLP']","[16, 32, 64, 128, 256]","[1, 2, 3, 4]","[0, 0.1, 0.2, 0.3, 0.5]","['relu', 'tanh', 'sigmoid', 'elu']","[1e-05, 0.01]","[2, 3, 4, 5, 6, 7, 8, 9, 10, 11, 12, 13, 14, 15, 16, 17, 18, 19, 20, 21, 22, 23, 24, 25, 26, 27, 28, 29, 30]","[16, 32, 64, 128]","[5, 10, 15, 20]","[2, 3, 5, 7]","[2, 4, 8]",evolution,minimize,local
n1k7dzsu,78,550,1779257613086,,/home/meliani/nni-experiments/n1k7dzsu,21,exp_evolution_80_ali_only_ali_only,hpo,/home/meliani/Desktop/phd/fast-track/search_space.json,python3 trial.py --data ./ali_only.csv,/home/meliani/Desktop/phd/fast-track,1,360000s,80,False,False,info,/home/meliani/nni-experiments,"['LSTM', 'GRU', 'CNN', 'RNN', 'TCN', 'Transformer', 'MLP']","[16, 32, 64, 128, 256]","[1, 2, 3, 4]","[0, 0.1, 0.2, 0.3, 0.5]","['relu', 'tanh', 'sigmoid', 'elu']","[1e-05, 0.01]","[2, 3, 4, 5, 6, 7, 8, 9, 10, 11, 12, 13, 14, 15, 16, 17, 18, 19, 20, 21, 22, 23, 24, 25, 26, 27, 28, 29, 30]","[16, 32, 64, 128]","[5, 10, 15, 20]","[2, 3, 5, 7]","[2, 4, 8]",evolution,minimize,local
n1k7dzsu,79,552,1779257613086,,/home/meliani/nni-experiments/n1k7dzsu,22,exp_evolution_80_ali_only_ali_only,hpo,/home/meliani/Desktop/phd/fast-track/search_space.json,python3 trial.py --data ./ali_only.csv,/home/meliani/Desktop/phd/fast-track,1,360000s,80,False,False,info,/home/meliani/nni-experiments,"['LSTM', 'GRU', 'CNN', 'RNN', 'TCN', 'Transformer', 'MLP']","[16, 32, 64, 128, 256]","[1, 2, 3, 4]","[0, 0.1, 0.2, 0.3, 0.5]","['relu', 'tanh', 'sigmoid', 'elu']","[1e-05, 0.01]","[2, 3, 4, 5, 6, 7, 8, 9, 10, 11, 12, 13, 14, 15, 16, 17, 18, 19, 20, 21, 22, 23, 24, 25, 26, 27, 28, 29, 30]","[16, 32, 64, 128]","[5, 10, 15, 20]","[2, 3, 5, 7]","[2, 4, 8]",evolution,minimize,local
n1k7dzsu,80,560,1779257613086,,/home/meliani/nni-experiments/n1k7dzsu,22,exp_evolution_80_ali_only_ali_only,hpo,/home/meliani/Desktop/phd/fast-track/search_space.json,python3 trial.py --data ./ali_only.csv,/home/meliani/Desktop/phd/fast-track,1,360000s,80,False,False,info,/home/meliani/nni-experiments,"['LSTM', 'GRU', 'CNN', 'RNN', 'TCN', 'Transformer', 'MLP']","[16, 32, 64, 128, 256]","[1, 2, 3, 4]","[0, 0.1, 0.2, 0.3, 0.5]","['relu', 'tanh', 'sigmoid', 'elu']","[1e-05, 0.01]","[2, 3, 4, 5, 6, 7, 8, 9, 10, 11, 12, 13, 14, 15, 16, 17, 18, 19, 20, 21, 22, 23, 24, 25, 26, 27, 28, 29, 30]","[16, 32, 64, 128]","[5, 10, 15, 20]","[2, 3, 5, 7]","[2, 4, 8]",evolution,minimize,local
n1k7dzsu,81,570,1779257613086,,/home/meliani/nni-experiments/n1k7dzsu,22,exp_evolution_80_ali_only_ali_only,hpo,/home/meliani/Desktop/phd/fast-track/search_space.json,python3 trial.py --data ./ali_only.csv,/home/meliani/Desktop/phd/fast-track,1,360000s,80,False,False,info,/home/meliani/nni-experiments,"['LSTM', 'GRU', 'CNN', 'RNN', 'TCN', 'Transformer', 'MLP']","[16, 32, 64, 128, 256]","[1, 2, 3, 4]","[0, 0.1, 0.2, 0.3, 0.5]","['relu', 'tanh', 'sigmoid', 'elu']","[1e-05, 0.01]","[2, 3, 4, 5, 6, 7, 8, 9, 10, 11, 12, 13, 14, 15, 16, 17, 18, 19, 20, 21, 22, 23, 24, 25, 26, 27, 28, 29, 30]","[16, 32, 64, 128]","[5, 10, 15, 20]","[2, 3, 5, 7]","[2, 4, 8]",evolution,minimize,local
n1k7dzsu,82,580,1779257613086,,/home/meliani/nni-experiments/n1k7dzsu,22,exp_evolution_80_ali_only_ali_only,hpo,/home/meliani/Desktop/phd/fast-track/search_space.json,python3 trial.py --data ./ali_only.csv,/home/meliani/Desktop/phd/fast-track,1,360000s,80,False,False,info,/home/meliani/nni-experiments,"['LSTM', 'GRU', 'CNN', 'RNN', 'TCN', 'Transformer', 'MLP']","[16, 32, 64, 128, 256]","[1, 2, 3, 4]","[0, 0.1, 0.2, 0.3, 0.5]","['relu', 'tanh', 'sigmoid', 'elu']","[1e-05, 0.01]","[2, 3, 4, 5, 6, 7, 8, 9, 10, 11, 12, 13, 14, 15, 16, 17, 18, 19, 20, 21, 22, 23, 24, 25, 26, 27, 28, 29, 30]","[16, 32, 64, 128]","[5, 10, 15, 20]","[2, 3, 5, 7]","[2, 4, 8]",evolution,minimize,local
n1k7dzsu,83,582,1779257613086,,/home/meliani/nni-experiments/n1k7dzsu,23,exp_evolution_80_ali_only_ali_only,hpo,/home/meliani/Desktop/phd/fast-track/search_space.json,python3 trial.py --data ./ali_only.csv,/home/meliani/Desktop/phd/fast-track,1,360000s,80,False,False,info,/home/meliani/nni-experiments,"['LSTM', 'GRU', 'CNN', 'RNN', 'TCN', 'Transformer', 'MLP']","[16, 32, 64, 128, 256]","[1, 2, 3, 4]","[0, 0.1, 0.2, 0.3, 0.5]","['relu', 'tanh', 'sigmoid', 'elu']","[1e-05, 0.01]","[2, 3, 4, 5, 6, 7, 8, 9, 10, 11, 12, 13, 14, 15, 16, 17, 18, 19, 20, 21, 22, 23, 24, 25, 26, 27, 28, 29, 30]","[16, 32, 64, 128]","[5, 10, 15, 20]","[2, 3, 5, 7]","[2, 4, 8]",evolution,minimize,local
n1k7dzsu,84,590,1779257613086,,/home/meliani/nni-experiments/n1k7dzsu,23,exp_evolution_80_ali_only_ali_only,hpo,/home/meliani/Desktop/phd/fast-track/search_space.json,python3 trial.py --data ./ali_only.csv,/home/meliani/Desktop/phd/fast-track,1,360000s,80,False,False,info,/home/meliani/nni-experiments,"['LSTM', 'GRU', 'CNN', 'RNN', 'TCN', 'Transformer', 'MLP']","[16, 32, 64, 128, 256]","[1, 2, 3, 4]","[0, 0.1, 0.2, 0.3, 0.5]","['relu', 'tanh', 'sigmoid', 'elu']","[1e-05, 0.01]","[2, 3, 4, 5, 6, 7, 8, 9, 10, 11, 12, 13, 14, 15, 16, 17, 18, 19, 20, 21, 22, 23, 24, 25, 26, 27, 28, 29, 30]","[16, 32, 64, 128]","[5, 10, 15, 20]","[2, 3, 5, 7]","[2, 4, 8]",evolution,minimize,local
n1k7dzsu,85,591,1779257613086,,/home/meliani/nni-experiments/n1k7dzsu,24,exp_evolution_80_ali_only_ali_only,hpo,/home/meliani/Desktop/phd/fast-track/search_space.json,python3 trial.py --data ./ali_only.csv,/home/meliani/Desktop/phd/fast-track,1,360000s,80,False,False,info,/home/meliani/nni-experiments,"['LSTM', 'GRU', 'CNN', 'RNN', 'TCN', 'Transformer', 'MLP']","[16, 32, 64, 128, 256]","[1, 2, 3, 4]","[0, 0.1, 0.2, 0.3, 0.5]","['relu', 'tanh', 'sigmoid', 'elu']","[1e-05, 0.01]","[2, 3, 4, 5, 6, 7, 8, 9, 10, 11, 12, 13, 14, 15, 16, 17, 18, 19, 20, 21, 22, 23, 24, 25, 26, 27, 28, 29, 30]","[16, 32, 64, 128]","[5, 10, 15, 20]","[2, 3, 5, 7]","[2, 4, 8]",evolution,minimize,local
n1k7dzsu,86,600,1779257613086,,/home/meliani/nni-experiments/n1k7dzsu,24,exp_evolution_80_ali_only_ali_only,hpo,/home/meliani/Desktop/phd/fast-track/search_space.json,python3 trial.py --data ./ali_only.csv,/home/meliani/Desktop/phd/fast-track,1,360000s,80,False,False,info,/home/meliani/nni-experiments,"['LSTM', 'GRU', 'CNN', 'RNN', 'TCN', 'Transformer', 'MLP']","[16, 32, 64, 128, 256]","[1, 2, 3, 4]","[0, 0.1, 0.2, 0.3, 0.5]","['relu', 'tanh', 'sigmoid', 'elu']","[1e-05, 0.01]","[2, 3, 4, 5, 6, 7, 8, 9, 10, 11, 12, 13, 14, 15, 16, 17, 18, 19, 20, 21, 22, 23, 24, 25, 26, 27, 28, 29, 30]","[16, 32, 64, 128]","[5, 10, 15, 20]","[2, 3, 5, 7]","[2, 4, 8]",evolution,minimize,local
n1k7dzsu,87,608,1779257613086,,/home/meliani/nni-experiments/n1k7dzsu,25,exp_evolution_80_ali_only_ali_only,hpo,/home/meliani/Desktop/phd/fast-track/search_space.json,python3 trial.py --data ./ali_only.csv,/home/meliani/Desktop/phd/fast-track,1,360000s,80,False,False,info,/home/meliani/nni-experiments,"['LSTM', 'GRU', 'CNN', 'RNN', 'TCN', 'Transformer', 'MLP']","[16, 32, 64, 128, 256]","[1, 2, 3, 4]","[0, 0.1, 0.2, 0.3, 0.5]","['relu', 'tanh', 'sigmoid', 'elu']","[1e-05, 0.01]","[2, 3, 4, 5, 6, 7, 8, 9, 10, 11, 12, 13, 14, 15, 16, 17, 18, 19, 20, 21, 22, 23, 24, 25, 26, 27, 28, 29, 30]","[16, 32, 64, 128]","[5, 10, 15, 20]","[2, 3, 5, 7]","[2, 4, 8]",evolution,minimize,local
n1k7dzsu,88,610,1779257613086,,/home/meliani/nni-experiments/n1k7dzsu,25,exp_evolution_80_ali_only_ali_only,hpo,/home/meliani/Desktop/phd/fast-track/search_space.json,python3 trial.py --data ./ali_only.csv,/home/meliani/Desktop/phd/fast-track,1,360000s,80,False,False,info,/home/meliani/nni-experiments,"['LSTM', 'GRU', 'CNN', 'RNN', 'TCN', 'Transformer', 'MLP']","[16, 32, 64, 128, 256]","[1, 2, 3, 4]","[0, 0.1, 0.2, 0.3, 0.5]","['relu', 'tanh', 'sigmoid', 'elu']","[1e-05, 0.01]","[2, 3, 4, 5, 6, 7, 8, 9, 10, 11, 12, 13, 14, 15, 16, 17, 18, 19, 20, 21, 22, 23, 24, 25, 26, 27, 28, 29, 30]","[16, 32, 64, 128]","[5, 10, 15, 20]","[2, 3, 5, 7]","[2, 4, 8]",evolution,minimize,local
n1k7dzsu,89,619,1779257613086,,/home/meliani/nni-experiments/n1k7dzsu,26,exp_evolution_80_ali_only_ali_only,hpo,/home/meliani/Desktop/phd/fast-track/search_space.json,python3 trial.py --data ./ali_only.csv,/home/meliani/Desktop/phd/fast-track,1,360000s,80,False,False,info,/home/meliani/nni-experiments,"['LSTM', 'GRU', 'CNN', 'RNN', 'TCN', 'Transformer', 'MLP']","[16, 32, 64, 128, 256]","[1, 2, 3, 4]","[0, 0.1, 0.2, 0.3, 0.5]","['relu', 'tanh', 'sigmoid', 'elu']","[1e-05, 0.01]","[2, 3, 4, 5, 6, 7, 8, 9, 10, 11, 12, 13, 14, 15, 16, 17, 18, 19, 20, 21, 22, 23, 24, 25, 26, 27, 28, 29, 30]","[16, 32, 64, 128]","[5, 10, 15, 20]","[2, 3, 5, 7]","[2, 4, 8]",evolution,minimize,local
n1k7dzsu,90,620,1779257613086,,/home/meliani/nni-experiments/n1k7dzsu,26,exp_evolution_80_ali_only_ali_only,hpo,/home/meliani/Desktop/phd/fast-track/search_space.json,python3 trial.py --data ./ali_only.csv,/home/meliani/Desktop/phd/fast-track,1,360000s,80,False,False,info,/home/meliani/nni-experiments,"['LSTM', 'GRU', 'CNN', 'RNN', 'TCN', 'Transformer', 'MLP']","[16, 32, 64, 128, 256]","[1, 2, 3, 4]","[0, 0.1, 0.2, 0.3, 0.5]","['relu', 'tanh', 'sigmoid', 'elu']","[1e-05, 0.01]","[2, 3, 4, 5, 6, 7, 8, 9, 10, 11, 12, 13, 14, 15, 16, 17, 18, 19, 20, 21, 22, 23, 24, 25, 26, 27, 28, 29, 30]","[16, 32, 64, 128]","[5, 10, 15, 20]","[2, 3, 5, 7]","[2, 4, 8]",evolution,minimize,local
n1k7dzsu,91,630,1779257613086,,/home/meliani/nni-experiments/n1k7dzsu,26,exp_evolution_80_ali_only_ali_only,hpo,/home/meliani/Desktop/phd/fast-track/search_space.json,python3 trial.py --data ./ali_only.csv,/home/meliani/Desktop/phd/fast-track,1,360000s,80,False,False,info,/home/meliani/nni-experiments,"['LSTM', 'GRU', 'CNN', 'RNN', 'TCN', 'Transformer', 'MLP']","[16, 32, 64, 128, 256]","[1, 2, 3, 4]","[0, 0.1, 0.2, 0.3, 0.5]","['relu', 'tanh', 'sigmoid', 'elu']","[1e-05, 0.01]","[2, 3, 4, 5, 6, 7, 8, 9, 10, 11, 12, 13, 14, 15, 16, 17, 18, 19, 20, 21, 22, 23, 24, 25, 26, 27, 28, 29, 30]","[16, 32, 64, 128]","[5, 10, 15, 20]","[2, 3, 5, 7]","[2, 4, 8]",evolution,minimize,local
n1k7dzsu,92,635,1779257613086,,/home/meliani/nni-experiments/n1k7dzsu,27,exp_evolution_80_ali_only_ali_only,hpo,/home/meliani/Desktop/phd/fast-track/search_space.json,python3 trial.py --data ./ali_only.csv,/home/meliani/Desktop/phd/fast-track,1,360000s,80,False,False,info,/home/meliani/nni-experiments,"['LSTM', 'GRU', 'CNN', 'RNN', 'TCN', 'Transformer', 'MLP']","[16, 32, 64, 128, 256]","[1, 2, 3, 4]","[0, 0.1, 0.2, 0.3, 0.5]","['relu', 'tanh', 'sigmoid', 'elu']","[1e-05, 0.01]","[2, 3, 4, 5, 6, 7, 8, 9, 10, 11, 12, 13, 14, 15, 16, 17, 18, 19, 20, 21, 22, 23, 24, 25, 26, 27, 28, 29, 30]","[16, 32, 64, 128]","[5, 10, 15, 20]","[2, 3, 5, 7]","[2, 4, 8]",evolution,minimize,local
n1k7dzsu,93,640,1779257613086,,/home/meliani/nni-experiments/n1k7dzsu,27,exp_evolution_80_ali_only_ali_only,hpo,/home/meliani/Desktop/phd/fast-track/search_space.json,python3 trial.py --data ./ali_only.csv,/home/meliani/Desktop/phd/fast-track,1,360000s,80,False,False,info,/home/meliani/nni-experiments,"['LSTM', 'GRU', 'CNN', 'RNN', 'TCN', 'Transformer', 'MLP']","[16, 32, 64, 128, 256]","[1, 2, 3, 4]","[0, 0.1, 0.2, 0.3, 0.5]","['relu', 'tanh', 'sigmoid', 'elu']","[1e-05, 0.01]","[2, 3, 4, 5, 6, 7, 8, 9, 10, 11, 12, 13, 14, 15, 16, 17, 18, 19, 20, 21, 22, 23, 24, 25, 26, 27, 28, 29, 30]","[16, 32, 64, 128]","[5, 10, 15, 20]","[2, 3, 5, 7]","[2, 4, 8]",evolution,minimize,local
n1k7dzsu,94,650,1779257613086,,/home/meliani/nni-experiments/n1k7dzsu,27,exp_evolution_80_ali_only_ali_only,hpo,/home/meliani/Desktop/phd/fast-track/search_space.json,python3 trial.py --data ./ali_only.csv,/home/meliani/Desktop/phd/fast-track,1,360000s,80,False,False,info,/home/meliani/nni-experiments,"['LSTM', 'GRU', 'CNN', 'RNN', 'TCN', 'Transformer', 'MLP']","[16, 32, 64, 128, 256]","[1, 2, 3, 4]","[0, 0.1, 0.2, 0.3, 0.5]","['relu', 'tanh', 'sigmoid', 'elu']","[1e-05, 0.01]","[2, 3, 4, 5, 6, 7, 8, 9, 10, 11, 12, 13, 14, 15, 16, 17, 18, 19, 20, 21, 22, 23, 24, 25, 26, 27, 28, 29, 30]","[16, 32, 64, 128]","[5, 10, 15, 20]","[2, 3, 5, 7]","[2, 4, 8]",evolution,minimize,local
n1k7dzsu,95,655,1779257613086,,/home/meliani/nni-experiments/n1k7dzsu,28,exp_evolution_80_ali_only_ali_only,hpo,/home/meliani/Desktop/phd/fast-track/search_space.json,python3 trial.py --data ./ali_only.csv,/home/meliani/Desktop/phd/fast-track,1,360000s,80,False,False,info,/home/meliani/nni-experiments,"['LSTM', 'GRU', 'CNN', 'RNN', 'TCN', 'Transformer', 'MLP']","[16, 32, 64, 128, 256]","[1, 2, 3, 4]","[0, 0.1, 0.2, 0.3, 0.5]","['relu', 'tanh', 'sigmoid', 'elu']","[1e-05, 0.01]","[2, 3, 4, 5, 6, 7, 8, 9, 10, 11, 12, 13, 14, 15, 16, 17, 18, 19, 20, 21, 22, 23, 24, 25, 26, 27, 28, 29, 30]","[16, 32, 64, 128]","[5, 10, 15, 20]","[2, 3, 5, 7]","[2, 4, 8]",evolution,minimize,local
n1k7dzsu,96,660,1779257613086,,/home/meliani/nni-experiments/n1k7dzsu,28,exp_evolution_80_ali_only_ali_only,hpo,/home/meliani/Desktop/phd/fast-track/search_space.json,python3 trial.py --data ./ali_only.csv,/home/meliani/Desktop/phd/fast-track,1,360000s,80,False,False,info,/home/meliani/nni-experiments,"['LSTM', 'GRU', 'CNN', 'RNN', 'TCN', 'Transformer', 'MLP']","[16, 32, 64, 128, 256]","[1, 2, 3, 4]","[0, 0.1, 0.2, 0.3, 0.5]","['relu', 'tanh', 'sigmoid', 'elu']","[1e-05, 0.01]","[2, 3, 4, 5, 6, 7, 8, 9, 10, 11, 12, 13, 14, 15, 16, 17, 18, 19, 20, 21, 22, 23, 24, 25, 26, 27, 28, 29, 30]","[16, 32, 64, 128]","[5, 10, 15, 20]","[2, 3, 5, 7]","[2, 4, 8]",evolution,minimize,local
n1k7dzsu,97,670,1779257613086,,/home/meliani/nni-experiments/n1k7dzsu,28,exp_evolution_80_ali_only_ali_only,hpo,/home/meliani/Desktop/phd/fast-track/search_space.json,python3 trial.py --data ./ali_only.csv,/home/meliani/Desktop/phd/fast-track,1,360000s,80,False,False,info,/home/meliani/nni-experiments,"['LSTM', 'GRU', 'CNN', 'RNN', 'TCN', 'Transformer', 'MLP']","[16, 32, 64, 128, 256]","[1, 2, 3, 4]","[0, 0.1, 0.2, 0.3, 0.5]","['relu', 'tanh', 'sigmoid', 'elu']","[1e-05, 0.01]","[2, 3, 4, 5, 6, 7, 8, 9, 10, 11, 12, 13, 14, 15, 16, 17, 18, 19, 20, 21, 22, 23, 24, 25, 26, 27, 28, 29, 30]","[16, 32, 64, 128]","[5, 10, 15, 20]","[2, 3, 5, 7]","[2, 4, 8]",evolution,minimize,local
n1k7dzsu,98,680,1779257613086,,/home/meliani/nni-experiments/n1k7dzsu,28,exp_evolution_80_ali_only_ali_only,hpo,/home/meliani/Desktop/phd/fast-track/search_space.json,python3 trial.py --data ./ali_only.csv,/home/meliani/Desktop/phd/fast-track,1,360000s,80,False,False,info,/home/meliani/nni-experiments,"['LSTM', 'GRU', 'CNN', 'RNN', 'TCN', 'Transformer', 'MLP']","[16, 32, 64, 128, 256]","[1, 2, 3, 4]","[0, 0.1, 0.2, 0.3, 0.5]","['relu', 'tanh', 'sigmoid', 'elu']","[1e-05, 0.01]","[2, 3, 4, 5, 6, 7, 8, 9, 10, 11, 12, 13, 14, 15, 16, 17, 18, 19, 20, 21, 22, 23, 24, 25, 26, 27, 28, 29, 30]","[16, 32, 64, 128]","[5, 10, 15, 20]","[2, 3, 5, 7]","[2, 4, 8]",evolution,minimize,local
n1k7dzsu,99,690,1779257613086,,/home/meliani/nni-experiments/n1k7dzsu,28,exp_evolution_80_ali_only_ali_only,hpo,/home/meliani/Desktop/phd/fast-track/search_space.json,python3 trial.py --data ./ali_only.csv,/home/meliani/Desktop/phd/fast-track,1,360000s,80,False,False,info,/home/meliani/nni-experiments,"['LSTM', 'GRU', 'CNN', 'RNN', 'TCN', 'Transformer', 'MLP']","[16, 32, 64, 128, 256]","[1, 2, 3, 4]","[0, 0.1, 0.2, 0.3, 0.5]","['relu', 'tanh', 'sigmoid', 'elu']","[1e-05, 0.01]","[2, 3, 4, 5, 6, 7, 8, 9, 10, 11, 12, 13, 14, 15, 16, 17, 18, 19, 20, 21, 22, 23, 24, 25, 26, 27, 28, 29, 30]","[16, 32, 64, 128]","[5, 10, 15, 20]","[2, 3, 5, 7]","[2, 4, 8]",evolution,minimize,local
n1k7dzsu,100,700,1779257613086,,/home/meliani/nni-experiments/n1k7dzsu,28,exp_evolution_80_ali_only_ali_only,hpo,/home/meliani/Desktop/phd/fast-track/search_space.json,python3 trial.py --data ./ali_only.csv,/home/meliani/Desktop/phd/fast-track,1,360000s,80,False,False,info,/home/meliani/nni-experiments,"['LSTM', 'GRU', 'CNN', 'RNN', 'TCN', 'Transformer', 'MLP']","[16, 32, 64, 128, 256]","[1, 2, 3, 4]","[0, 0.1, 0.2, 0.3, 0.5]","['relu', 'tanh', 'sigmoid', 'elu']","[1e-05, 0.01]","[2, 3, 4, 5, 6, 7, 8, 9, 10, 11, 12, 13, 14, 15, 16, 17, 18, 19, 20, 21, 22, 23, 24, 25, 26, 27, 28, 29, 30]","[16, 32, 64, 128]","[5, 10, 15, 20]","[2, 3, 5, 7]","[2, 4, 8]",evolution,minimize,local
n1k7dzsu,101,701,1779257613086,,/home/meliani/nni-experiments/n1k7dzsu,29,exp_evolution_80_ali_only_ali_only,hpo,/home/meliani/Desktop/phd/fast-track/search_space.json,python3 trial.py --data ./ali_only.csv,/home/meliani/Desktop/phd/fast-track,1,360000s,80,False,False,info,/home/meliani/nni-experiments,"['LSTM', 'GRU', 'CNN', 'RNN', 'TCN', 'Transformer', 'MLP']","[16, 32, 64, 128, 256]","[1, 2, 3, 4]","[0, 0.1, 0.2, 0.3, 0.5]","['relu', 'tanh', 'sigmoid', 'elu']","[1e-05, 0.01]","[2, 3, 4, 5, 6, 7, 8, 9, 10, 11, 12, 13, 14, 15, 16, 17, 18, 19, 20, 21, 22, 23, 24, 25, 26, 27, 28, 29, 30]","[16, 32, 64, 128]","[5, 10, 15, 20]","[2, 3, 5, 7]","[2, 4, 8]",evolution,minimize,local
n1k7dzsu,102,705,1779257613086,,/home/meliani/nni-experiments/n1k7dzsu,30,exp_evolution_80_ali_only_ali_only,hpo,/home/meliani/Desktop/phd/fast-track/search_space.json,python3 trial.py --data ./ali_only.csv,/home/meliani/Desktop/phd/fast-track,1,360000s,80,False,False,info,/home/meliani/nni-experiments,"['LSTM', 'GRU', 'CNN', 'RNN', 'TCN', 'Transformer', 'MLP']","[16, 32, 64, 128, 256]","[1, 2, 3, 4]","[0, 0.1, 0.2, 0.3, 0.5]","['relu', 'tanh', 'sigmoid', 'elu']","[1e-05, 0.01]","[2, 3, 4, 5, 6, 7, 8, 9, 10, 11, 12, 13, 14, 15, 16, 17, 18, 19, 20, 21, 22, 23, 24, 25, 26, 27, 28, 29, 30]","[16, 32, 64, 128]","[5, 10, 15, 20]","[2, 3, 5, 7]","[2, 4, 8]",evolution,minimize,local
n1k7dzsu,103,710,1779257613086,,/home/meliani/nni-experiments/n1k7dzsu,30,exp_evolution_80_ali_only_ali_only,hpo,/home/meliani/Desktop/phd/fast-track/search_space.json,python3 trial.py --data ./ali_only.csv,/home/meliani/Desktop/phd/fast-track,1,360000s,80,False,False,info,/home/meliani/nni-experiments,"['LSTM', 'GRU', 'CNN', 'RNN', 'TCN', 'Transformer', 'MLP']","[16, 32, 64, 128, 256]","[1, 2, 3, 4]","[0, 0.1, 0.2, 0.3, 0.5]","['relu', 'tanh', 'sigmoid', 'elu']","[1e-05, 0.01]","[2, 3, 4, 5, 6, 7, 8, 9, 10, 11, 12, 13, 14, 15, 16, 17, 18, 19, 20, 21, 22, 23, 24, 25, 26, 27, 28, 29, 30]","[16, 32, 64, 128]","[5, 10, 15, 20]","[2, 3, 5, 7]","[2, 4, 8]",evolution,minimize,local
n1k7dzsu,104,719,1779257613086,,/home/meliani/nni-experiments/n1k7dzsu,31,exp_evolution_80_ali_only_ali_only,hpo,/home/meliani/Desktop/phd/fast-track/search_space.json,python3 trial.py --data ./ali_only.csv,/home/meliani/Desktop/phd/fast-track,1,360000s,80,False,False,info,/home/meliani/nni-experiments,"['LSTM', 'GRU', 'CNN', 'RNN', 'TCN', 'Transformer', 'MLP']","[16, 32, 64, 128, 256]","[1, 2, 3, 4]","[0, 0.1, 0.2, 0.3, 0.5]","['relu', 'tanh', 'sigmoid', 'elu']","[1e-05, 0.01]","[2, 3, 4, 5, 6, 7, 8, 9, 10, 11, 12, 13, 14, 15, 16, 17, 18, 19, 20, 21, 22, 23, 24, 25, 26, 27, 28, 29, 30]","[16, 32, 64, 128]","[5, 10, 15, 20]","[2, 3, 5, 7]","[2, 4, 8]",evolution,minimize,local
n1k7dzsu,105,720,1779257613086,,/home/meliani/nni-experiments/n1k7dzsu,31,exp_evolution_80_ali_only_ali_only,hpo,/home/meliani/Desktop/phd/fast-track/search_space.json,python3 trial.py --data ./ali_only.csv,/home/meliani/Desktop/phd/fast-track,1,360000s,80,False,False,info,/home/meliani/nni-experiments,"['LSTM', 'GRU', 'CNN', 'RNN', 'TCN', 'Transformer', 'MLP']","[16, 32, 64, 128, 256]","[1, 2, 3, 4]","[0, 0.1, 0.2, 0.3, 0.5]","['relu', 'tanh', 'sigmoid', 'elu']","[1e-05, 0.01]","[2, 3, 4, 5, 6, 7, 8, 9, 10, 11, 12, 13, 14, 15, 16, 17, 18, 19, 20, 21, 22, 23, 24, 25, 26, 27, 28, 29, 30]","[16, 32, 64, 128]","[5, 10, 15, 20]","[2, 3, 5, 7]","[2, 4, 8]",evolution,minimize,local
n1k7dzsu,106,728,1779257613086,,/home/meliani/nni-experiments/n1k7dzsu,32,exp_evolution_80_ali_only_ali_only,hpo,/home/meliani/Desktop/phd/fast-track/search_space.json,python3 trial.py --data ./ali_only.csv,/home/meliani/Desktop/phd/fast-track,1,360000s,80,False,False,info,/home/meliani/nni-experiments,"['LSTM', 'GRU', 'CNN', 'RNN', 'TCN', 'Transformer', 'MLP']","[16, 32, 64, 128, 256]","[1, 2, 3, 4]","[0, 0.1, 0.2, 0.3, 0.5]","['relu', 'tanh', 'sigmoid', 'elu']","[1e-05, 0.01]","[2, 3, 4, 5, 6, 7, 8, 9, 10, 11, 12, 13, 14, 15, 16, 17, 18, 19, 20, 21, 22, 23, 24, 25, 26, 27, 28, 29, 30]","[16, 32, 64, 128]","[5, 10, 15, 20]","[2, 3, 5, 7]","[2, 4, 8]",evolution,minimize,local
n1k7dzsu,107,730,1779257613086,,/home/meliani/nni-experiments/n1k7dzsu,32,exp_evolution_80_ali_only_ali_only,hpo,/home/meliani/Desktop/phd/fast-track/search_space.json,python3 trial.py --data ./ali_only.csv,/home/meliani/Desktop/phd/fast-track,1,360000s,80,False,False,info,/home/meliani/nni-experiments,"['LSTM', 'GRU', 'CNN', 'RNN', 'TCN', 'Transformer', 'MLP']","[16, 32, 64, 128, 256]","[1, 2, 3, 4]","[0, 0.1, 0.2, 0.3, 0.5]","['relu', 'tanh', 'sigmoid', 'elu']","[1e-05, 0.01]","[2, 3, 4, 5, 6, 7, 8, 9, 10, 11, 12, 13, 14, 15, 16, 17, 18, 19, 20, 21, 22, 23, 24, 25, 26, 27, 28, 29, 30]","[16, 32, 64, 128]","[5, 10, 15, 20]","[2, 3, 5, 7]","[2, 4, 8]",evolution,minimize,local
n1k7dzsu,108,740,1779257613086,,/home/meliani/nni-experiments/n1k7dzsu,32,exp_evolution_80_ali_only_ali_only,hpo,/home/meliani/Desktop/phd/fast-track/search_space.json,python3 trial.py --data ./ali_only.csv,/home/meliani/Desktop/phd/fast-track,1,360000s,80,False,False,info,/home/meliani/nni-experiments,"['LSTM', 'GRU', 'CNN', 'RNN', 'TCN', 'Transformer', 'MLP']","[16, 32, 64, 128, 256]","[1, 2, 3, 4]","[0, 0.1, 0.2, 0.3, 0.5]","['relu', 'tanh', 'sigmoid', 'elu']","[1e-05, 0.01]","[2, 3, 4, 5, 6, 7, 8, 9, 10, 11, 12, 13, 14, 15, 16, 17, 18, 19, 20, 21, 22, 23, 24, 25, 26, 27, 28, 29, 30]","[16, 32, 64, 128]","[5, 10, 15, 20]","[2, 3, 5, 7]","[2, 4, 8]",evolution,minimize,local
n1k7dzsu,109,750,1779257613086,,/home/meliani/nni-experiments/n1k7dzsu,32,exp_evolution_80_ali_only_ali_only,hpo,/home/meliani/Desktop/phd/fast-track/search_space.json,python3 trial.py --data ./ali_only.csv,/home/meliani/Desktop/phd/fast-track,1,360000s,80,False,False,info,/home/meliani/nni-experiments,"['LSTM', 'GRU', 'CNN', 'RNN', 'TCN', 'Transformer', 'MLP']","[16, 32, 64, 128, 256]","[1, 2, 3, 4]","[0, 0.1, 0.2, 0.3, 0.5]","['relu', 'tanh', 'sigmoid', 'elu']","[1e-05, 0.01]","[2, 3, 4, 5, 6, 7, 8, 9, 10, 11, 12, 13, 14, 15, 16, 17, 18, 19, 20, 21, 22, 23, 24, 25, 26, 27, 28, 29, 30]","[16, 32, 64, 128]","[5, 10, 15, 20]","[2, 3, 5, 7]","[2, 4, 8]",evolution,minimize,local
n1k7dzsu,110,760,1779257613086,,/home/meliani/nni-experiments/n1k7dzsu,32,exp_evolution_80_ali_only_ali_only,hpo,/home/meliani/Desktop/phd/fast-track/search_space.json,python3 trial.py --data ./ali_only.csv,/home/meliani/Desktop/phd/fast-track,1,360000s,80,False,False,info,/home/meliani/nni-experiments,"['LSTM', 'GRU', 'CNN', 'RNN', 'TCN', 'Transformer', 'MLP']","[16, 32, 64, 128, 256]","[1, 2, 3, 4]","[0, 0.1, 0.2, 0.3, 0.5]","['relu', 'tanh', 'sigmoid', 'elu']","[1e-05, 0.01]","[2, 3, 4, 5, 6, 7, 8, 9, 10, 11, 12, 13, 14, 15, 16, 17, 18, 19, 20, 21, 22, 23, 24, 25, 26, 27, 28, 29, 30]","[16, 32, 64, 128]","[5, 10, 15, 20]","[2, 3, 5, 7]","[2, 4, 8]",evolution,minimize,local
n1k7dzsu,111,764,1779257613086,,/home/meliani/nni-experiments/n1k7dzsu,33,exp_evolution_80_ali_only_ali_only,hpo,/home/meliani/Desktop/phd/fast-track/search_space.json,python3 trial.py --data ./ali_only.csv,/home/meliani/Desktop/phd/fast-track,1,360000s,80,False,False,info,/home/meliani/nni-experiments,"['LSTM', 'GRU', 'CNN', 'RNN', 'TCN', 'Transformer', 'MLP']","[16, 32, 64, 128, 256]","[1, 2, 3, 4]","[0, 0.1, 0.2, 0.3, 0.5]","['relu', 'tanh', 'sigmoid', 'elu']","[1e-05, 0.01]","[2, 3, 4, 5, 6, 7, 8, 9, 10, 11, 12, 13, 14, 15, 16, 17, 18, 19, 20, 21, 22, 23, 24, 25, 26, 27, 28, 29, 30]","[16, 32, 64, 128]","[5, 10, 15, 20]","[2, 3, 5, 7]","[2, 4, 8]",evolution,minimize,local
n1k7dzsu,112,770,1779257613086,,/home/meliani/nni-experiments/n1k7dzsu,33,exp_evolution_80_ali_only_ali_only,hpo,/home/meliani/Desktop/phd/fast-track/search_space.json,python3 trial.py --data ./ali_only.csv,/home/meliani/Desktop/phd/fast-track,1,360000s,80,False,False,info,/home/meliani/nni-experiments,"['LSTM', 'GRU', 'CNN', 'RNN', 'TCN', 'Transformer', 'MLP']","[16, 32, 64, 128, 256]","[1, 2, 3, 4]","[0, 0.1, 0.2, 0.3, 0.5]","['relu', 'tanh', 'sigmoid', 'elu']","[1e-05, 0.01]","[2, 3, 4, 5, 6, 7, 8, 9, 10, 11, 12, 13, 14, 15, 16, 17, 18, 19, 20, 21, 22, 23, 24, 25, 26, 27, 28, 29, 30]","[16, 32, 64, 128]","[5, 10, 15, 20]","[2, 3, 5, 7]","[2, 4, 8]",evolution,minimize,local
n1k7dzsu,113,780,1779257613086,,/home/meliani/nni-experiments/n1k7dzsu,33,exp_evolution_80_ali_only_ali_only,hpo,/home/meliani/Desktop/phd/fast-track/search_space.json,python3 trial.py --data ./ali_only.csv,/home/meliani/Desktop/phd/fast-track,1,360000s,80,False,False,info,/home/meliani/nni-experiments,"['LSTM', 'GRU', 'CNN', 'RNN', 'TCN', 'Transformer', 'MLP']","[16, 32, 64, 128, 256]","[1, 2, 3, 4]","[0, 0.1, 0.2, 0.3, 0.5]","['relu', 'tanh', 'sigmoid', 'elu']","[1e-05, 0.01]","[2, 3, 4, 5, 6, 7, 8, 9, 10, 11, 12, 13, 14, 15, 16, 17, 18, 19, 20, 21, 22, 23, 24, 25, 26, 27, 28, 29, 30]","[16, 32, 64, 128]","[5, 10, 15, 20]","[2, 3, 5, 7]","[2, 4, 8]",evolution,minimize,local
n1k7dzsu,114,790,1779257613086,,/home/meliani/nni-experiments/n1k7dzsu,33,exp_evolution_80_ali_only_ali_only,hpo,/home/meliani/Desktop/phd/fast-track/search_space.json,python3 trial.py --data ./ali_only.csv,/home/meliani/Desktop/phd/fast-track,1,360000s,80,False,False,info,/home/meliani/nni-experiments,"['LSTM', 'GRU', 'CNN', 'RNN', 'TCN', 'Transformer', 'MLP']","[16, 32, 64, 128, 256]","[1, 2, 3, 4]","[0, 0.1, 0.2, 0.3, 0.5]","['relu', 'tanh', 'sigmoid', 'elu']","[1e-05, 0.01]","[2, 3, 4, 5, 6, 7, 8, 9, 10, 11, 12, 13, 14, 15, 16, 17, 18, 19, 20, 21, 22, 23, 24, 25, 26, 27, 28, 29, 30]","[16, 32, 64, 128]","[5, 10, 15, 20]","[2, 3, 5, 7]","[2, 4, 8]",evolution,minimize,local
n1k7dzsu,115,800,1779257613086,,/home/meliani/nni-experiments/n1k7dzsu,33,exp_evolution_80_ali_only_ali_only,hpo,/home/meliani/Desktop/phd/fast-track/search_space.json,python3 trial.py --data ./ali_only.csv,/home/meliani/Desktop/phd/fast-track,1,360000s,80,False,False,info,/home/meliani/nni-experiments,"['LSTM', 'GRU', 'CNN', 'RNN', 'TCN', 'Transformer', 'MLP']","[16, 32, 64, 128, 256]","[1, 2, 3, 4]","[0, 0.1, 0.2, 0.3, 0.5]","['relu', 'tanh', 'sigmoid', 'elu']","[1e-05, 0.01]","[2, 3, 4, 5, 6, 7, 8, 9, 10, 11, 12, 13, 14, 15, 16, 17, 18, 19, 20, 21, 22, 23, 24, 25, 26, 27, 28, 29, 30]","[16, 32, 64, 128]","[5, 10, 15, 20]","[2, 3, 5, 7]","[2, 4, 8]",evolution,minimize,local
n1k7dzsu,116,810,1779257613086,,/home/meliani/nni-experiments/n1k7dzsu,33,exp_evolution_80_ali_only_ali_only,hpo,/home/meliani/Desktop/phd/fast-track/search_space.json,python3 trial.py --data ./ali_only.csv,/home/meliani/Desktop/phd/fast-track,1,360000s,80,False,False,info,/home/meliani/nni-experiments,"['LSTM', 'GRU', 'CNN', 'RNN', 'TCN', 'Transformer', 'MLP']","[16, 32, 64, 128, 256]","[1, 2, 3, 4]","[0, 0.1, 0.2, 0.3, 0.5]","['relu', 'tanh', 'sigmoid', 'elu']","[1e-05, 0.01]","[2, 3, 4, 5, 6, 7, 8, 9, 10, 11, 12, 13, 14, 15, 16, 17, 18, 19, 20, 21, 22, 23, 24, 25, 26, 27, 28, 29, 30]","[16, 32, 64, 128]","[5, 10, 15, 20]","[2, 3, 5, 7]","[2, 4, 8]",evolution,minimize,local
n1k7dzsu,117,820,1779257613086,,/home/meliani/nni-experiments/n1k7dzsu,33,exp_evolution_80_ali_only_ali_only,hpo,/home/meliani/Desktop/phd/fast-track/search_space.json,python3 trial.py --data ./ali_only.csv,/home/meliani/Desktop/phd/fast-track,1,360000s,80,False,False,info,/home/meliani/nni-experiments,"['LSTM', 'GRU', 'CNN', 'RNN', 'TCN', 'Transformer', 'MLP']","[16, 32, 64, 128, 256]","[1, 2, 3, 4]","[0, 0.1, 0.2, 0.3, 0.5]","['relu', 'tanh', 'sigmoid', 'elu']","[1e-05, 0.01]","[2, 3, 4, 5, 6, 7, 8, 9, 10, 11, 12, 13, 14, 15, 16, 17, 18, 19, 20, 21, 22, 23, 24, 25, 26, 27, 28, 29, 30]","[16, 32, 64, 128]","[5, 10, 15, 20]","[2, 3, 5, 7]","[2, 4, 8]",evolution,minimize,local
n1k7dzsu,118,830,1779257613086,,/home/meliani/nni-experiments/n1k7dzsu,33,exp_evolution_80_ali_only_ali_only,hpo,/home/meliani/Desktop/phd/fast-track/search_space.json,python3 trial.py --data ./ali_only.csv,/home/meliani/Desktop/phd/fast-track,1,360000s,80,False,False,info,/home/meliani/nni-experiments,"['LSTM', 'GRU', 'CNN', 'RNN', 'TCN', 'Transformer', 'MLP']","[16, 32, 64, 128, 256]","[1, 2, 3, 4]","[0, 0.1, 0.2, 0.3, 0.5]","['relu', 'tanh', 'sigmoid', 'elu']","[1e-05, 0.01]","[2, 3, 4, 5, 6, 7, 8, 9, 10, 11, 12, 13, 14, 15, 16, 17, 18, 19, 20, 21, 22, 23, 24, 25, 26, 27, 28, 29, 30]","[16, 32, 64, 128]","[5, 10, 15, 20]","[2, 3, 5, 7]","[2, 4, 8]",evolution,minimize,local
n1k7dzsu,119,840,1779257613086,,/home/meliani/nni-experiments/n1k7dzsu,33,exp_evolution_80_ali_only_ali_only,hpo,/home/meliani/Desktop/phd/fast-track/search_space.json,python3 trial.py --data ./ali_only.csv,/home/meliani/Desktop/phd/fast-track,1,360000s,80,False,False,info,/home/meliani/nni-experiments,"['LSTM', 'GRU', 'CNN', 'RNN', 'TCN', 'Transformer', 'MLP']","[16, 32, 64, 128, 256]","[1, 2, 3, 4]","[0, 0.1, 0.2, 0.3, 0.5]","['relu', 'tanh', 'sigmoid', 'elu']","[1e-05, 0.01]","[2, 3, 4, 5, 6, 7, 8, 9, 10, 11, 12, 13, 14, 15, 16, 17, 18, 19, 20, 21, 22, 23, 24, 25, 26, 27, 28, 29, 30]","[16, 32, 64, 128]","[5, 10, 15, 20]","[2, 3, 5, 7]","[2, 4, 8]",evolution,minimize,local
n1k7dzsu,120,844,1779257613086,,/home/meliani/nni-experiments/n1k7dzsu,34,exp_evolution_80_ali_only_ali_only,hpo,/home/meliani/Desktop/phd/fast-track/search_space.json,python3 trial.py --data ./ali_only.csv,/home/meliani/Desktop/phd/fast-track,1,360000s,80,False,False,info,/home/meliani/nni-experiments,"['LSTM', 'GRU', 'CNN', 'RNN', 'TCN', 'Transformer', 'MLP']","[16, 32, 64, 128, 256]","[1, 2, 3, 4]","[0, 0.1, 0.2, 0.3, 0.5]","['relu', 'tanh', 'sigmoid', 'elu']","[1e-05, 0.01]","[2, 3, 4, 5, 6, 7, 8, 9, 10, 11, 12, 13, 14, 15, 16, 17, 18, 19, 20, 21, 22, 23, 24, 25, 26, 27, 28, 29, 30]","[16, 32, 64, 128]","[5, 10, 15, 20]","[2, 3, 5, 7]","[2, 4, 8]",evolution,minimize,local
n1k7dzsu,121,850,1779257613086,,/home/meliani/nni-experiments/n1k7dzsu,34,exp_evolution_80_ali_only_ali_only,hpo,/home/meliani/Desktop/phd/fast-track/search_space.json,python3 trial.py --data ./ali_only.csv,/home/meliani/Desktop/phd/fast-track,1,360000s,80,False,False,info,/home/meliani/nni-experiments,"['LSTM', 'GRU', 'CNN', 'RNN', 'TCN', 'Transformer', 'MLP']","[16, 32, 64, 128, 256]","[1, 2, 3, 4]","[0, 0.1, 0.2, 0.3, 0.5]","['relu', 'tanh', 'sigmoid', 'elu']","[1e-05, 0.01]","[2, 3, 4, 5, 6, 7, 8, 9, 10, 11, 12, 13, 14, 15, 16, 17, 18, 19, 20, 21, 22, 23, 24, 25, 26, 27, 28, 29, 30]","[16, 32, 64, 128]","[5, 10, 15, 20]","[2, 3, 5, 7]","[2, 4, 8]",evolution,minimize,local
n1k7dzsu,122,860,1779257613086,,/home/meliani/nni-experiments/n1k7dzsu,34,exp_evolution_80_ali_only_ali_only,hpo,/home/meliani/Desktop/phd/fast-track/search_space.json,python3 trial.py --data ./ali_only.csv,/home/meliani/Desktop/phd/fast-track,1,360000s,80,False,False,info,/home/meliani/nni-experiments,"['LSTM', 'GRU', 'CNN', 'RNN', 'TCN', 'Transformer', 'MLP']","[16, 32, 64, 128, 256]","[1, 2, 3, 4]","[0, 0.1, 0.2, 0.3, 0.5]","['relu', 'tanh', 'sigmoid', 'elu']","[1e-05, 0.01]","[2, 3, 4, 5, 6, 7, 8, 9, 10, 11, 12, 13, 14, 15, 16, 17, 18, 19, 20, 21, 22, 23, 24, 25, 26, 27, 28, 29, 30]","[16, 32, 64, 128]","[5, 10, 15, 20]","[2, 3, 5, 7]","[2, 4, 8]",evolution,minimize,local
n1k7dzsu,123,870,1779257613086,,/home/meliani/nni-experiments/n1k7dzsu,34,exp_evolution_80_ali_only_ali_only,hpo,/home/meliani/Desktop/phd/fast-track/search_space.json,python3 trial.py --data ./ali_only.csv,/home/meliani/Desktop/phd/fast-track,1,360000s,80,False,False,info,/home/meliani/nni-experiments,"['LSTM', 'GRU', 'CNN', 'RNN', 'TCN', 'Transformer', 'MLP']","[16, 32, 64, 128, 256]","[1, 2, 3, 4]","[0, 0.1, 0.2, 0.3, 0.5]","['relu', 'tanh', 'sigmoid', 'elu']","[1e-05, 0.01]","[2, 3, 4, 5, 6, 7, 8, 9, 10, 11, 12, 13, 14, 15, 16, 17, 18, 19, 20, 21, 22, 23, 24, 25, 26, 27, 28, 29, 30]","[16, 32, 64, 128]","[5, 10, 15, 20]","[2, 3, 5, 7]","[2, 4, 8]",evolution,minimize,local
n1k7dzsu,124,880,1779257613086,,/home/meliani/nni-experiments/n1k7dzsu,34,exp_evolution_80_ali_only_ali_only,hpo,/home/meliani/Desktop/phd/fast-track/search_space.json,python3 trial.py --data ./ali_only.csv,/home/meliani/Desktop/phd/fast-track,1,360000s,80,False,False,info,/home/meliani/nni-experiments,"['LSTM', 'GRU', 'CNN', 'RNN', 'TCN', 'Transformer', 'MLP']","[16, 32, 64, 128, 256]","[1, 2, 3, 4]","[0, 0.1, 0.2, 0.3, 0.5]","['relu', 'tanh', 'sigmoid', 'elu']","[1e-05, 0.01]","[2, 3, 4, 5, 6, 7, 8, 9, 10, 11, 12, 13, 14, 15, 16, 17, 18, 19, 20, 21, 22, 23, 24, 25, 26, 27, 28, 29, 30]","[16, 32, 64, 128]","[5, 10, 15, 20]","[2, 3, 5, 7]","[2, 4, 8]",evolution,minimize,local
n1k7dzsu,125,881,1779257613086,,/home/meliani/nni-experiments/n1k7dzsu,35,exp_evolution_80_ali_only_ali_only,hpo,/home/meliani/Desktop/phd/fast-track/search_space.json,python3 trial.py --data ./ali_only.csv,/home/meliani/Desktop/phd/fast-track,1,360000s,80,False,False,info,/home/meliani/nni-experiments,"['LSTM', 'GRU', 'CNN', 'RNN', 'TCN', 'Transformer', 'MLP']","[16, 32, 64, 128, 256]","[1, 2, 3, 4]","[0, 0.1, 0.2, 0.3, 0.5]","['relu', 'tanh', 'sigmoid', 'elu']","[1e-05, 0.01]","[2, 3, 4, 5, 6, 7, 8, 9, 10, 11, 12, 13, 14, 15, 16, 17, 18, 19, 20, 21, 22, 23, 24, 25, 26, 27, 28, 29, 30]","[16, 32, 64, 128]","[5, 10, 15, 20]","[2, 3, 5, 7]","[2, 4, 8]",evolution,minimize,local
n1k7dzsu,126,890,1779257613086,,/home/meliani/nni-experiments/n1k7dzsu,35,exp_evolution_80_ali_only_ali_only,hpo,/home/meliani/Desktop/phd/fast-track/search_space.json,python3 trial.py --data ./ali_only.csv,/home/meliani/Desktop/phd/fast-track,1,360000s,80,False,False,info,/home/meliani/nni-experiments,"['LSTM', 'GRU', 'CNN', 'RNN', 'TCN', 'Transformer', 'MLP']","[16, 32, 64, 128, 256]","[1, 2, 3, 4]","[0, 0.1, 0.2, 0.3, 0.5]","['relu', 'tanh', 'sigmoid', 'elu']","[1e-05, 0.01]","[2, 3, 4, 5, 6, 7, 8, 9, 10, 11, 12, 13, 14, 15, 16, 17, 18, 19, 20, 21, 22, 23, 24, 25, 26, 27, 28, 29, 30]","[16, 32, 64, 128]","[5, 10, 15, 20]","[2, 3, 5, 7]","[2, 4, 8]",evolution,minimize,local
n1k7dzsu,127,897,1779257613086,,/home/meliani/nni-experiments/n1k7dzsu,36,exp_evolution_80_ali_only_ali_only,hpo,/home/meliani/Desktop/phd/fast-track/search_space.json,python3 trial.py --data ./ali_only.csv,/home/meliani/Desktop/phd/fast-track,1,360000s,80,False,False,info,/home/meliani/nni-experiments,"['LSTM', 'GRU', 'CNN', 'RNN', 'TCN', 'Transformer', 'MLP']","[16, 32, 64, 128, 256]","[1, 2, 3, 4]","[0, 0.1, 0.2, 0.3, 0.5]","['relu', 'tanh', 'sigmoid', 'elu']","[1e-05, 0.01]","[2, 3, 4, 5, 6, 7, 8, 9, 10, 11, 12, 13, 14, 15, 16, 17, 18, 19, 20, 21, 22, 23, 24, 25, 26, 27, 28, 29, 30]","[16, 32, 64, 128]","[5, 10, 15, 20]","[2, 3, 5, 7]","[2, 4, 8]",evolution,minimize,local
n1k7dzsu,128,900,1779257613086,,/home/meliani/nni-experiments/n1k7dzsu,36,exp_evolution_80_ali_only_ali_only,hpo,/home/meliani/Desktop/phd/fast-track/search_space.json,python3 trial.py --data ./ali_only.csv,/home/meliani/Desktop/phd/fast-track,1,360000s,80,False,False,info,/home/meliani/nni-experiments,"['LSTM', 'GRU', 'CNN', 'RNN', 'TCN', 'Transformer', 'MLP']","[16, 32, 64, 128, 256]","[1, 2, 3, 4]","[0, 0.1, 0.2, 0.3, 0.5]","['relu', 'tanh', 'sigmoid', 'elu']","[1e-05, 0.01]","[2, 3, 4, 5, 6, 7, 8, 9, 10, 11, 12, 13, 14, 15, 16, 17, 18, 19, 20, 21, 22, 23, 24, 25, 26, 27, 28, 29, 30]","[16, 32, 64, 128]","[5, 10, 15, 20]","[2, 3, 5, 7]","[2, 4, 8]",evolution,minimize,local
n1k7dzsu,129,907,1779257613086,,/home/meliani/nni-experiments/n1k7dzsu,37,exp_evolution_80_ali_only_ali_only,hpo,/home/meliani/Desktop/phd/fast-track/search_space.json,python3 trial.py --data ./ali_only.csv,/home/meliani/Desktop/phd/fast-track,1,360000s,80,False,False,info,/home/meliani/nni-experiments,"['LSTM', 'GRU', 'CNN', 'RNN', 'TCN', 'Transformer', 'MLP']","[16, 32, 64, 128, 256]","[1, 2, 3, 4]","[0, 0.1, 0.2, 0.3, 0.5]","['relu', 'tanh', 'sigmoid', 'elu']","[1e-05, 0.01]","[2, 3, 4, 5, 6, 7, 8, 9, 10, 11, 12, 13, 14, 15, 16, 17, 18, 19, 20, 21, 22, 23, 24, 25, 26, 27, 28, 29, 30]","[16, 32, 64, 128]","[5, 10, 15, 20]","[2, 3, 5, 7]","[2, 4, 8]",evolution,minimize,local
n1k7dzsu,130,910,1779257613086,,/home/meliani/nni-experiments/n1k7dzsu,37,exp_evolution_80_ali_only_ali_only,hpo,/home/meliani/Desktop/phd/fast-track/search_space.json,python3 trial.py --data ./ali_only.csv,/home/meliani/Desktop/phd/fast-track,1,360000s,80,False,False,info,/home/meliani/nni-experiments,"['LSTM', 'GRU', 'CNN', 'RNN', 'TCN', 'Transformer', 'MLP']","[16, 32, 64, 128, 256]","[1, 2, 3, 4]","[0, 0.1, 0.2, 0.3, 0.5]","['relu', 'tanh', 'sigmoid', 'elu']","[1e-05, 0.01]","[2, 3, 4, 5, 6, 7, 8, 9, 10, 11, 12, 13, 14, 15, 16, 17, 18, 19, 20, 21, 22, 23, 24, 25, 26, 27, 28, 29, 30]","[16, 32, 64, 128]","[5, 10, 15, 20]","[2, 3, 5, 7]","[2, 4, 8]",evolution,minimize,local
n1k7dzsu,131,920,1779257613086,,/home/meliani/nni-experiments/n1k7dzsu,37,exp_evolution_80_ali_only_ali_only,hpo,/home/meliani/Desktop/phd/fast-track/search_space.json,python3 trial.py --data ./ali_only.csv,/home/meliani/Desktop/phd/fast-track,1,360000s,80,False,False,info,/home/meliani/nni-experiments,"['LSTM', 'GRU', 'CNN', 'RNN', 'TCN', 'Transformer', 'MLP']","[16, 32, 64, 128, 256]","[1, 2, 3, 4]","[0, 0.1, 0.2, 0.3, 0.5]","['relu', 'tanh', 'sigmoid', 'elu']","[1e-05, 0.01]","[2, 3, 4, 5, 6, 7, 8, 9, 10, 11, 12, 13, 14, 15, 16, 17, 18, 19, 20, 21, 22, 23, 24, 25, 26, 27, 28, 29, 30]","[16, 32, 64, 128]","[5, 10, 15, 20]","[2, 3, 5, 7]","[2, 4, 8]",evolution,minimize,local
n1k7dzsu,132,930,1779257613086,,/home/meliani/nni-experiments/n1k7dzsu,37,exp_evolution_80_ali_only_ali_only,hpo,/home/meliani/Desktop/phd/fast-track/search_space.json,python3 trial.py --data ./ali_only.csv,/home/meliani/Desktop/phd/fast-track,1,360000s,80,False,False,info,/home/meliani/nni-experiments,"['LSTM', 'GRU', 'CNN', 'RNN', 'TCN', 'Transformer', 'MLP']","[16, 32, 64, 128, 256]","[1, 2, 3, 4]","[0, 0.1, 0.2, 0.3, 0.5]","['relu', 'tanh', 'sigmoid', 'elu']","[1e-05, 0.01]","[2, 3, 4, 5, 6, 7, 8, 9, 10, 11, 12, 13, 14, 15, 16, 17, 18, 19, 20, 21, 22, 23, 24, 25, 26, 27, 28, 29, 30]","[16, 32, 64, 128]","[5, 10, 15, 20]","[2, 3, 5, 7]","[2, 4, 8]",evolution,minimize,local
n1k7dzsu,133,940,1779257613086,,/home/meliani/nni-experiments/n1k7dzsu,37,exp_evolution_80_ali_only_ali_only,hpo,/home/meliani/Desktop/phd/fast-track/search_space.json,python3 trial.py --data ./ali_only.csv,/home/meliani/Desktop/phd/fast-track,1,360000s,80,False,False,info,/home/meliani/nni-experiments,"['LSTM', 'GRU', 'CNN', 'RNN', 'TCN', 'Transformer', 'MLP']","[16, 32, 64, 128, 256]","[1, 2, 3, 4]","[0, 0.1, 0.2, 0.3, 0.5]","['relu', 'tanh', 'sigmoid', 'elu']","[1e-05, 0.01]","[2, 3, 4, 5, 6, 7, 8, 9, 10, 11, 12, 13, 14, 15, 16, 17, 18, 19, 20, 21, 22, 23, 24, 25, 26, 27, 28, 29, 30]","[16, 32, 64, 128]","[5, 10, 15, 20]","[2, 3, 5, 7]","[2, 4, 8]",evolution,minimize,local
n1k7dzsu,134,950,1779257613086,,/home/meliani/nni-experiments/n1k7dzsu,37,exp_evolution_80_ali_only_ali_only,hpo,/home/meliani/Desktop/phd/fast-track/search_space.json,python3 trial.py --data ./ali_only.csv,/home/meliani/Desktop/phd/fast-track,1,360000s,80,False,False,info,/home/meliani/nni-experiments,"['LSTM', 'GRU', 'CNN', 'RNN', 'TCN', 'Transformer', 'MLP']","[16, 32, 64, 128, 256]","[1, 2, 3, 4]","[0, 0.1, 0.2, 0.3, 0.5]","['relu', 'tanh', 'sigmoid', 'elu']","[1e-05, 0.01]","[2, 3, 4, 5, 6, 7, 8, 9, 10, 11, 12, 13, 14, 15, 16, 17, 18, 19, 20, 21, 22, 23, 24, 25, 26, 27, 28, 29, 30]","[16, 32, 64, 128]","[5, 10, 15, 20]","[2, 3, 5, 7]","[2, 4, 8]",evolution,minimize,local
n1k7dzsu,135,960,1779257613086,,/home/meliani/nni-experiments/n1k7dzsu,37,exp_evolution_80_ali_only_ali_only,hpo,/home/meliani/Desktop/phd/fast-track/search_space.json,python3 trial.py --data ./ali_only.csv,/home/meliani/Desktop/phd/fast-track,1,360000s,80,False,False,info,/home/meliani/nni-experiments,"['LSTM', 'GRU', 'CNN', 'RNN', 'TCN', 'Transformer', 'MLP']","[16, 32, 64, 128, 256]","[1, 2, 3, 4]","[0, 0.1, 0.2, 0.3, 0.5]","['relu', 'tanh', 'sigmoid', 'elu']","[1e-05, 0.01]","[2, 3, 4, 5, 6, 7, 8, 9, 10, 11, 12, 13, 14, 15, 16, 17, 18, 19, 20, 21, 22, 23, 24, 25, 26, 27, 28, 29, 30]","[16, 32, 64, 128]","[5, 10, 15, 20]","[2, 3, 5, 7]","[2, 4, 8]",evolution,minimize,local
n1k7dzsu,136,970,1779257613086,,/home/meliani/nni-experiments/n1k7dzsu,37,exp_evolution_80_ali_only_ali_only,hpo,/home/meliani/Desktop/phd/fast-track/search_space.json,python3 trial.py --data ./ali_only.csv,/home/meliani/Desktop/phd/fast-track,1,360000s,80,False,False,info,/home/meliani/nni-experiments,"['LSTM', 'GRU', 'CNN', 'RNN', 'TCN', 'Transformer', 'MLP']","[16, 32, 64, 128, 256]","[1, 2, 3, 4]","[0, 0.1, 0.2, 0.3, 0.5]","['relu', 'tanh', 'sigmoid', 'elu']","[1e-05, 0.01]","[2, 3, 4, 5, 6, 7, 8, 9, 10, 11, 12, 13, 14, 15, 16, 17, 18, 19, 20, 21, 22, 23, 24, 25, 26, 27, 28, 29, 30]","[16, 32, 64, 128]","[5, 10, 15, 20]","[2, 3, 5, 7]","[2, 4, 8]",evolution,minimize,local
n1k7dzsu,137,970,1779257613086,,/home/meliani/nni-experiments/n1k7dzsu,38,exp_evolution_80_ali_only_ali_only,hpo,/home/meliani/Desktop/phd/fast-track/search_space.json,python3 trial.py --data ./ali_only.csv,/home/meliani/Desktop/phd/fast-track,1,360000s,80,False,False,info,/home/meliani/nni-experiments,"['LSTM', 'GRU', 'CNN', 'RNN', 'TCN', 'Transformer', 'MLP']","[16, 32, 64, 128, 256]","[1, 2, 3, 4]","[0, 0.1, 0.2, 0.3, 0.5]","['relu', 'tanh', 'sigmoid', 'elu']","[1e-05, 0.01]","[2, 3, 4, 5, 6, 7, 8, 9, 10, 11, 12, 13, 14, 15, 16, 17, 18, 19, 20, 21, 22, 23, 24, 25, 26, 27, 28, 29, 30]","[16, 32, 64, 128]","[5, 10, 15, 20]","[2, 3, 5, 7]","[2, 4, 8]",evolution,minimize,local
n1k7dzsu,138,980,1779257613086,,/home/meliani/nni-experiments/n1k7dzsu,38,exp_evolution_80_ali_only_ali_only,hpo,/home/meliani/Desktop/phd/fast-track/search_space.json,python3 trial.py --data ./ali_only.csv,/home/meliani/Desktop/phd/fast-track,1,360000s,80,False,False,info,/home/meliani/nni-experiments,"['LSTM', 'GRU', 'CNN', 'RNN', 'TCN', 'Transformer', 'MLP']","[16, 32, 64, 128, 256]","[1, 2, 3, 4]","[0, 0.1, 0.2, 0.3, 0.5]","['relu', 'tanh', 'sigmoid', 'elu']","[1e-05, 0.01]","[2, 3, 4, 5, 6, 7, 8, 9, 10, 11, 12, 13, 14, 15, 16, 17, 18, 19, 20, 21, 22, 23, 24, 25, 26, 27, 28, 29, 30]","[16, 32, 64, 128]","[5, 10, 15, 20]","[2, 3, 5, 7]","[2, 4, 8]",evolution,minimize,local
n1k7dzsu,139,990,1779257613086,,/home/meliani/nni-experiments/n1k7dzsu,38,exp_evolution_80_ali_only_ali_only,hpo,/home/meliani/Desktop/phd/fast-track/search_space.json,python3 trial.py --data ./ali_only.csv,/home/meliani/Desktop/phd/fast-track,1,360000s,80,False,False,info,/home/meliani/nni-experiments,"['LSTM', 'GRU', 'CNN', 'RNN', 'TCN', 'Transformer', 'MLP']","[16, 32, 64, 128, 256]","[1, 2, 3, 4]","[0, 0.1, 0.2, 0.3, 0.5]","['relu', 'tanh', 'sigmoid', 'elu']","[1e-05, 0.01]","[2, 3, 4, 5, 6, 7, 8, 9, 10, 11, 12, 13, 14, 15, 16, 17, 18, 19, 20, 21, 22, 23, 24, 25, 26, 27, 28, 29, 30]","[16, 32, 64, 128]","[5, 10, 15, 20]","[2, 3, 5, 7]","[2, 4, 8]",evolution,minimize,local
n1k7dzsu,140,990,1779257613086,,/home/meliani/nni-experiments/n1k7dzsu,39,exp_evolution_80_ali_only_ali_only,hpo,/home/meliani/Desktop/phd/fast-track/search_space.json,python3 trial.py --data ./ali_only.csv,/home/meliani/Desktop/phd/fast-track,1,360000s,80,False,False,info,/home/meliani/nni-experiments,"['LSTM', 'GRU', 'CNN', 'RNN', 'TCN', 'Transformer', 'MLP']","[16, 32, 64, 128, 256]","[1, 2, 3, 4]","[0, 0.1, 0.2, 0.3, 0.5]","['relu', 'tanh', 'sigmoid', 'elu']","[1e-05, 0.01]","[2, 3, 4, 5, 6, 7, 8, 9, 10, 11, 12, 13, 14, 15, 16, 17, 18, 19, 20, 21, 22, 23, 24, 25, 26, 27, 28, 29, 30]","[16, 32, 64, 128]","[5, 10, 15, 20]","[2, 3, 5, 7]","[2, 4, 8]",evolution,minimize,local
n1k7dzsu,141,995,1779257613086,,/home/meliani/nni-experiments/n1k7dzsu,40,exp_evolution_80_ali_only_ali_only,hpo,/home/meliani/Desktop/phd/fast-track/search_space.json,python3 trial.py --data ./ali_only.csv,/home/meliani/Desktop/phd/fast-track,1,360000s,80,False,False,info,/home/meliani/nni-experiments,"['LSTM', 'GRU', 'CNN', 'RNN', 'TCN', 'Transformer', 'MLP']","[16, 32, 64, 128, 256]","[1, 2, 3, 4]","[0, 0.1, 0.2, 0.3, 0.5]","['relu', 'tanh', 'sigmoid', 'elu']","[1e-05, 0.01]","[2, 3, 4, 5, 6, 7, 8, 9, 10, 11, 12, 13, 14, 15, 16, 17, 18, 19, 20, 21, 22, 23, 24, 25, 26, 27, 28, 29, 30]","[16, 32, 64, 128]","[5, 10, 15, 20]","[2, 3, 5, 7]","[2, 4, 8]",evolution,minimize,local
n1k7dzsu,142,1000,1779257613086,,/home/meliani/nni-experiments/n1k7dzsu,40,exp_evolution_80_ali_only_ali_only,hpo,/home/meliani/Desktop/phd/fast-track/search_space.json,python3 trial.py --data ./ali_only.csv,/home/meliani/Desktop/phd/fast-track,1,360000s,80,False,False,info,/home/meliani/nni-experiments,"['LSTM', 'GRU', 'CNN', 'RNN', 'TCN', 'Transformer', 'MLP']","[16, 32, 64, 128, 256]","[1, 2, 3, 4]","[0, 0.1, 0.2, 0.3, 0.5]","['relu', 'tanh', 'sigmoid', 'elu']","[1e-05, 0.01]","[2, 3, 4, 5, 6, 7, 8, 9, 10, 11, 12, 13, 14, 15, 16, 17, 18, 19, 20, 21, 22, 23, 24, 25, 26, 27, 28, 29, 30]","[16, 32, 64, 128]","[5, 10, 15, 20]","[2, 3, 5, 7]","[2, 4, 8]",evolution,minimize,local
n1k7dzsu,143,1010,1779257613086,,/home/meliani/nni-experiments/n1k7dzsu,40,exp_evolution_80_ali_only_ali_only,hpo,/home/meliani/Desktop/phd/fast-track/search_space.json,python3 trial.py --data ./ali_only.csv,/home/meliani/Desktop/phd/fast-track,1,360000s,80,False,False,info,/home/meliani/nni-experiments,"['LSTM', 'GRU', 'CNN', 'RNN', 'TCN', 'Transformer', 'MLP']","[16, 32, 64, 128, 256]","[1, 2, 3, 4]","[0, 0.1, 0.2, 0.3, 0.5]","['relu', 'tanh', 'sigmoid', 'elu']","[1e-05, 0.01]","[2, 3, 4, 5, 6, 7, 8, 9, 10, 11, 12, 13, 14, 15, 16, 17, 18, 19, 20, 21, 22, 23, 24, 25, 26, 27, 28, 29, 30]","[16, 32, 64, 128]","[5, 10, 15, 20]","[2, 3, 5, 7]","[2, 4, 8]",evolution,minimize,local
n1k7dzsu,144,1020,1779257613086,,/home/meliani/nni-experiments/n1k7dzsu,40,exp_evolution_80_ali_only_ali_only,hpo,/home/meliani/Desktop/phd/fast-track/search_space.json,python3 trial.py --data ./ali_only.csv,/home/meliani/Desktop/phd/fast-track,1,360000s,80,False,False,info,/home/meliani/nni-experiments,"['LSTM', 'GRU', 'CNN', 'RNN', 'TCN', 'Transformer', 'MLP']","[16, 32, 64, 128, 256]","[1, 2, 3, 4]","[0, 0.1, 0.2, 0.3, 0.5]","['relu', 'tanh', 'sigmoid', 'elu']","[1e-05, 0.01]","[2, 3, 4, 5, 6, 7, 8, 9, 10, 11, 12, 13, 14, 15, 16, 17, 18, 19, 20, 21, 22, 23, 24, 25, 26, 27, 28, 29, 30]","[16, 32, 64, 128]","[5, 10, 15, 20]","[2, 3, 5, 7]","[2, 4, 8]",evolution,minimize,local
n1k7dzsu,145,1030,1779257613086,,/home/meliani/nni-experiments/n1k7dzsu,40,exp_evolution_80_ali_only_ali_only,hpo,/home/meliani/Desktop/phd/fast-track/search_space.json,python3 trial.py --data ./ali_only.csv,/home/meliani/Desktop/phd/fast-track,1,360000s,80,False,False,info,/home/meliani/nni-experiments,"['LSTM', 'GRU', 'CNN', 'RNN', 'TCN', 'Transformer', 'MLP']","[16, 32, 64, 128, 256]","[1, 2, 3, 4]","[0, 0.1, 0.2, 0.3, 0.5]","['relu', 'tanh', 'sigmoid', 'elu']","[1e-05, 0.01]","[2, 3, 4, 5, 6, 7, 8, 9, 10, 11, 12, 13, 14, 15, 16, 17, 18, 19, 20, 21, 22, 23, 24, 25, 26, 27, 28, 29, 30]","[16, 32, 64, 128]","[5, 10, 15, 20]","[2, 3, 5, 7]","[2, 4, 8]",evolution,minimize,local
n1k7dzsu,146,1040,1779257613086,,/home/meliani/nni-experiments/n1k7dzsu,40,exp_evolution_80_ali_only_ali_only,hpo,/home/meliani/Desktop/phd/fast-track/search_space.json,python3 trial.py --data ./ali_only.csv,/home/meliani/Desktop/phd/fast-track,1,360000s,80,False,False,info,/home/meliani/nni-experiments,"['LSTM', 'GRU', 'CNN', 'RNN', 'TCN', 'Transformer', 'MLP']","[16, 32, 64, 128, 256]","[1, 2, 3, 4]","[0, 0.1, 0.2, 0.3, 0.5]","['relu', 'tanh', 'sigmoid', 'elu']","[1e-05, 0.01]","[2, 3, 4, 5, 6, 7, 8, 9, 10, 11, 12, 13, 14, 15, 16, 17, 18, 19, 20, 21, 22, 23, 24, 25, 26, 27, 28, 29, 30]","[16, 32, 64, 128]","[5, 10, 15, 20]","[2, 3, 5, 7]","[2, 4, 8]",evolution,minimize,local
n1k7dzsu,147,1050,1779257613086,,/home/meliani/nni-experiments/n1k7dzsu,40,exp_evolution_80_ali_only_ali_only,hpo,/home/meliani/Desktop/phd/fast-track/search_space.json,python3 trial.py --data ./ali_only.csv,/home/meliani/Desktop/phd/fast-track,1,360000s,80,False,False,info,/home/meliani/nni-experiments,"['LSTM', 'GRU', 'CNN', 'RNN', 'TCN', 'Transformer', 'MLP']","[16, 32, 64, 128, 256]","[1, 2, 3, 4]","[0, 0.1, 0.2, 0.3, 0.5]","['relu', 'tanh', 'sigmoid', 'elu']","[1e-05, 0.01]","[2, 3, 4, 5, 6, 7, 8, 9, 10, 11, 12, 13, 14, 15, 16, 17, 18, 19, 20, 21, 22, 23, 24, 25, 26, 27, 28, 29, 30]","[16, 32, 64, 128]","[5, 10, 15, 20]","[2, 3, 5, 7]","[2, 4, 8]",evolution,minimize,local
n1k7dzsu,148,1060,1779257613086,,/home/meliani/nni-experiments/n1k7dzsu,40,exp_evolution_80_ali_only_ali_only,hpo,/home/meliani/Desktop/phd/fast-track/search_space.json,python3 trial.py --data ./ali_only.csv,/home/meliani/Desktop/phd/fast-track,1,360000s,80,False,False,info,/home/meliani/nni-experiments,"['LSTM', 'GRU', 'CNN', 'RNN', 'TCN', 'Transformer', 'MLP']","[16, 32, 64, 128, 256]","[1, 2, 3, 4]","[0, 0.1, 0.2, 0.3, 0.5]","['relu', 'tanh', 'sigmoid', 'elu']","[1e-05, 0.01]","[2, 3, 4, 5, 6, 7, 8, 9, 10, 11, 12, 13, 14, 15, 16, 17, 18, 19, 20, 21, 22, 23, 24, 25, 26, 27, 28, 29, 30]","[16, 32, 64, 128]","[5, 10, 15, 20]","[2, 3, 5, 7]","[2, 4, 8]",evolution,minimize,local
n1k7dzsu,149,1070,1779257613086,,/home/meliani/nni-experiments/n1k7dzsu,40,exp_evolution_80_ali_only_ali_only,hpo,/home/meliani/Desktop/phd/fast-track/search_space.json,python3 trial.py --data ./ali_only.csv,/home/meliani/Desktop/phd/fast-track,1,360000s,80,False,False,info,/home/meliani/nni-experiments,"['LSTM', 'GRU', 'CNN', 'RNN', 'TCN', 'Transformer', 'MLP']","[16, 32, 64, 128, 256]","[1, 2, 3, 4]","[0, 0.1, 0.2, 0.3, 0.5]","['relu', 'tanh', 'sigmoid', 'elu']","[1e-05, 0.01]","[2, 3, 4, 5, 6, 7, 8, 9, 10, 11, 12, 13, 14, 15, 16, 17, 18, 19, 20, 21, 22, 23, 24, 25, 26, 27, 28, 29, 30]","[16, 32, 64, 128]","[5, 10, 15, 20]","[2, 3, 5, 7]","[2, 4, 8]",evolution,minimize,local
n1k7dzsu,150,1080,1779257613086,,/home/meliani/nni-experiments/n1k7dzsu,40,exp_evolution_80_ali_only_ali_only,hpo,/home/meliani/Desktop/phd/fast-track/search_space.json,python3 trial.py --data ./ali_only.csv,/home/meliani/Desktop/phd/fast-track,1,360000s,80,False,False,info,/home/meliani/nni-experiments,"['LSTM', 'GRU', 'CNN', 'RNN', 'TCN', 'Transformer', 'MLP']","[16, 32, 64, 128, 256]","[1, 2, 3, 4]","[0, 0.1, 0.2, 0.3, 0.5]","['relu', 'tanh', 'sigmoid', 'elu']","[1e-05, 0.01]","[2, 3, 4, 5, 6, 7, 8, 9, 10, 11, 12, 13, 14, 15, 16, 17, 18, 19, 20, 21, 22, 23, 24, 25, 26, 27, 28, 29, 30]","[16, 32, 64, 128]","[5, 10, 15, 20]","[2, 3, 5, 7]","[2, 4, 8]",evolution,minimize,local
n1k7dzsu,151,1081,1779257613086,,/home/meliani/nni-experiments/n1k7dzsu,41,exp_evolution_80_ali_only_ali_only,hpo,/home/meliani/Desktop/phd/fast-track/search_space.json,python3 trial.py --data ./ali_only.csv,/home/meliani/Desktop/phd/fast-track,1,360000s,80,False,False,info,/home/meliani/nni-experiments,"['LSTM', 'GRU', 'CNN', 'RNN', 'TCN', 'Transformer', 'MLP']","[16, 32, 64, 128, 256]","[1, 2, 3, 4]","[0, 0.1, 0.2, 0.3, 0.5]","['relu', 'tanh', 'sigmoid', 'elu']","[1e-05, 0.01]","[2, 3, 4, 5, 6, 7, 8, 9, 10, 11, 12, 13, 14, 15, 16, 17, 18, 19, 20, 21, 22, 23, 24, 25, 26, 27, 28, 29, 30]","[16, 32, 64, 128]","[5, 10, 15, 20]","[2, 3, 5, 7]","[2, 4, 8]",evolution,minimize,local
n1k7dzsu,152,1090,1779257613086,,/home/meliani/nni-experiments/n1k7dzsu,42,exp_evolution_80_ali_only_ali_only,hpo,/home/meliani/Desktop/phd/fast-track/search_space.json,python3 trial.py --data ./ali_only.csv,/home/meliani/Desktop/phd/fast-track,1,360000s,80,False,False,info,/home/meliani/nni-experiments,"['LSTM', 'GRU', 'CNN', 'RNN', 'TCN', 'Transformer', 'MLP']","[16, 32, 64, 128, 256]","[1, 2, 3, 4]","[0, 0.1, 0.2, 0.3, 0.5]","['relu', 'tanh', 'sigmoid', 'elu']","[1e-05, 0.01]","[2, 3, 4, 5, 6, 7, 8, 9, 10, 11, 12, 13, 14, 15, 16, 17, 18, 19, 20, 21, 22, 23, 24, 25, 26, 27, 28, 29, 30]","[16, 32, 64, 128]","[5, 10, 15, 20]","[2, 3, 5, 7]","[2, 4, 8]",evolution,minimize,local
n1k7dzsu,153,1090,1779257613086,,/home/meliani/nni-experiments/n1k7dzsu,42,exp_evolution_80_ali_only_ali_only,hpo,/home/meliani/Desktop/phd/fast-track/search_space.json,python3 trial.py --data ./ali_only.csv,/home/meliani/Desktop/phd/fast-track,1,360000s,80,False,False,info,/home/meliani/nni-experiments,"['LSTM', 'GRU', 'CNN', 'RNN', 'TCN', 'Transformer', 'MLP']","[16, 32, 64, 128, 256]","[1, 2, 3, 4]","[0, 0.1, 0.2, 0.3, 0.5]","['relu', 'tanh', 'sigmoid', 'elu']","[1e-05, 0.01]","[2, 3, 4, 5, 6, 7, 8, 9, 10, 11, 12, 13, 14, 15, 16, 17, 18, 19, 20, 21, 22, 23, 24, 25, 26, 27, 28, 29, 30]","[16, 32, 64, 128]","[5, 10, 15, 20]","[2, 3, 5, 7]","[2, 4, 8]",evolution,minimize,local
n1k7dzsu,154,1100,1779257613086,,/home/meliani/nni-experiments/n1k7dzsu,42,exp_evolution_80_ali_only_ali_only,hpo,/home/meliani/Desktop/phd/fast-track/search_space.json,python3 trial.py --data ./ali_only.csv,/home/meliani/Desktop/phd/fast-track,1,360000s,80,False,False,info,/home/meliani/nni-experiments,"['LSTM', 'GRU', 'CNN', 'RNN', 'TCN', 'Transformer', 'MLP']","[16, 32, 64, 128, 256]","[1, 2, 3, 4]","[0, 0.1, 0.2, 0.3, 0.5]","['relu', 'tanh', 'sigmoid', 'elu']","[1e-05, 0.01]","[2, 3, 4, 5, 6, 7, 8, 9, 10, 11, 12, 13, 14, 15, 16, 17, 18, 19, 20, 21, 22, 23, 24, 25, 26, 27, 28, 29, 30]","[16, 32, 64, 128]","[5, 10, 15, 20]","[2, 3, 5, 7]","[2, 4, 8]",evolution,minimize,local
n1k7dzsu,155,1110,1779257613086,,/home/meliani/nni-experiments/n1k7dzsu,42,exp_evolution_80_ali_only_ali_only,hpo,/home/meliani/Desktop/phd/fast-track/search_space.json,python3 trial.py --data ./ali_only.csv,/home/meliani/Desktop/phd/fast-track,1,360000s,80,False,False,info,/home/meliani/nni-experiments,"['LSTM', 'GRU', 'CNN', 'RNN', 'TCN', 'Transformer', 'MLP']","[16, 32, 64, 128, 256]","[1, 2, 3, 4]","[0, 0.1, 0.2, 0.3, 0.5]","['relu', 'tanh', 'sigmoid', 'elu']","[1e-05, 0.01]","[2, 3, 4, 5, 6, 7, 8, 9, 10, 11, 12, 13, 14, 15, 16, 17, 18, 19, 20, 21, 22, 23, 24, 25, 26, 27, 28, 29, 30]","[16, 32, 64, 128]","[5, 10, 15, 20]","[2, 3, 5, 7]","[2, 4, 8]",evolution,minimize,local
n1k7dzsu,156,1120,1779257613086,,/home/meliani/nni-experiments/n1k7dzsu,42,exp_evolution_80_ali_only_ali_only,hpo,/home/meliani/Desktop/phd/fast-track/search_space.json,python3 trial.py --data ./ali_only.csv,/home/meliani/Desktop/phd/fast-track,1,360000s,80,False,False,info,/home/meliani/nni-experiments,"['LSTM', 'GRU', 'CNN', 'RNN', 'TCN', 'Transformer', 'MLP']","[16, 32, 64, 128, 256]","[1, 2, 3, 4]","[0, 0.1, 0.2, 0.3, 0.5]","['relu', 'tanh', 'sigmoid', 'elu']","[1e-05, 0.01]","[2, 3, 4, 5, 6, 7, 8, 9, 10, 11, 12, 13, 14, 15, 16, 17, 18, 19, 20, 21, 22, 23, 24, 25, 26, 27, 28, 29, 30]","[16, 32, 64, 128]","[5, 10, 15, 20]","[2, 3, 5, 7]","[2, 4, 8]",evolution,minimize,local
n1k7dzsu,157,1127,1779257613086,,/home/meliani/nni-experiments/n1k7dzsu,43,exp_evolution_80_ali_only_ali_only,hpo,/home/meliani/Desktop/phd/fast-track/search_space.json,python3 trial.py --data ./ali_only.csv,/home/meliani/Desktop/phd/fast-track,1,360000s,80,False,False,info,/home/meliani/nni-experiments,"['LSTM', 'GRU', 'CNN', 'RNN', 'TCN', 'Transformer', 'MLP']","[16, 32, 64, 128, 256]","[1, 2, 3, 4]","[0, 0.1, 0.2, 0.3, 0.5]","['relu', 'tanh', 'sigmoid', 'elu']","[1e-05, 0.01]","[2, 3, 4, 5, 6, 7, 8, 9, 10, 11, 12, 13, 14, 15, 16, 17, 18, 19, 20, 21, 22, 23, 24, 25, 26, 27, 28, 29, 30]","[16, 32, 64, 128]","[5, 10, 15, 20]","[2, 3, 5, 7]","[2, 4, 8]",evolution,minimize,local
n1k7dzsu,158,1130,1779257613086,,/home/meliani/nni-experiments/n1k7dzsu,43,exp_evolution_80_ali_only_ali_only,hpo,/home/meliani/Desktop/phd/fast-track/search_space.json,python3 trial.py --data ./ali_only.csv,/home/meliani/Desktop/phd/fast-track,1,360000s,80,False,False,info,/home/meliani/nni-experiments,"['LSTM', 'GRU', 'CNN', 'RNN', 'TCN', 'Transformer', 'MLP']","[16, 32, 64, 128, 256]","[1, 2, 3, 4]","[0, 0.1, 0.2, 0.3, 0.5]","['relu', 'tanh', 'sigmoid', 'elu']","[1e-05, 0.01]","[2, 3, 4, 5, 6, 7, 8, 9, 10, 11, 12, 13, 14, 15, 16, 17, 18, 19, 20, 21, 22, 23, 24, 25, 26, 27, 28, 29, 30]","[16, 32, 64, 128]","[5, 10, 15, 20]","[2, 3, 5, 7]","[2, 4, 8]",evolution,minimize,local
n1k7dzsu,159,1140,1779257613086,,/home/meliani/nni-experiments/n1k7dzsu,43,exp_evolution_80_ali_only_ali_only,hpo,/home/meliani/Desktop/phd/fast-track/search_space.json,python3 trial.py --data ./ali_only.csv,/home/meliani/Desktop/phd/fast-track,1,360000s,80,False,False,info,/home/meliani/nni-experiments,"['LSTM', 'GRU', 'CNN', 'RNN', 'TCN', 'Transformer', 'MLP']","[16, 32, 64, 128, 256]","[1, 2, 3, 4]","[0, 0.1, 0.2, 0.3, 0.5]","['relu', 'tanh', 'sigmoid', 'elu']","[1e-05, 0.01]","[2, 3, 4, 5, 6, 7, 8, 9, 10, 11, 12, 13, 14, 15, 16, 17, 18, 19, 20, 21, 22, 23, 24, 25, 26, 27, 28, 29, 30]","[16, 32, 64, 128]","[5, 10, 15, 20]","[2, 3, 5, 7]","[2, 4, 8]",evolution,minimize,local
n1k7dzsu,160,1144,1779257613086,,/home/meliani/nni-experiments/n1k7dzsu,44,exp_evolution_80_ali_only_ali_only,hpo,/home/meliani/Desktop/phd/fast-track/search_space.json,python3 trial.py --data ./ali_only.csv,/home/meliani/Desktop/phd/fast-track,1,360000s,80,False,False,info,/home/meliani/nni-experiments,"['LSTM', 'GRU', 'CNN', 'RNN', 'TCN', 'Transformer', 'MLP']","[16, 32, 64, 128, 256]","[1, 2, 3, 4]","[0, 0.1, 0.2, 0.3, 0.5]","['relu', 'tanh', 'sigmoid', 'elu']","[1e-05, 0.01]","[2, 3, 4, 5, 6, 7, 8, 9, 10, 11, 12, 13, 14, 15, 16, 17, 18, 19, 20, 21, 22, 23, 24, 25, 26, 27, 28, 29, 30]","[16, 32, 64, 128]","[5, 10, 15, 20]","[2, 3, 5, 7]","[2, 4, 8]",evolution,minimize,local
n1k7dzsu,161,1150,1779257613086,,/home/meliani/nni-experiments/n1k7dzsu,44,exp_evolution_80_ali_only_ali_only,hpo,/home/meliani/Desktop/phd/fast-track/search_space.json,python3 trial.py --data ./ali_only.csv,/home/meliani/Desktop/phd/fast-track,1,360000s,80,False,False,info,/home/meliani/nni-experiments,"['LSTM', 'GRU', 'CNN', 'RNN', 'TCN', 'Transformer', 'MLP']","[16, 32, 64, 128, 256]","[1, 2, 3, 4]","[0, 0.1, 0.2, 0.3, 0.5]","['relu', 'tanh', 'sigmoid', 'elu']","[1e-05, 0.01]","[2, 3, 4, 5, 6, 7, 8, 9, 10, 11, 12, 13, 14, 15, 16, 17, 18, 19, 20, 21, 22, 23, 24, 25, 26, 27, 28, 29, 30]","[16, 32, 64, 128]","[5, 10, 15, 20]","[2, 3, 5, 7]","[2, 4, 8]",evolution,minimize,local
n1k7dzsu,162,1160,1779257613086,,/home/meliani/nni-experiments/n1k7dzsu,44,exp_evolution_80_ali_only_ali_only,hpo,/home/meliani/Desktop/phd/fast-track/search_space.json,python3 trial.py --data ./ali_only.csv,/home/meliani/Desktop/phd/fast-track,1,360000s,80,False,False,info,/home/meliani/nni-experiments,"['LSTM', 'GRU', 'CNN', 'RNN', 'TCN', 'Transformer', 'MLP']","[16, 32, 64, 128, 256]","[1, 2, 3, 4]","[0, 0.1, 0.2, 0.3, 0.5]","['relu', 'tanh', 'sigmoid', 'elu']","[1e-05, 0.01]","[2, 3, 4, 5, 6, 7, 8, 9, 10, 11, 12, 13, 14, 15, 16, 17, 18, 19, 20, 21, 22, 23, 24, 25, 26, 27, 28, 29, 30]","[16, 32, 64, 128]","[5, 10, 15, 20]","[2, 3, 5, 7]","[2, 4, 8]",evolution,minimize,local
n1k7dzsu,163,1170,1779257613086,,/home/meliani/nni-experiments/n1k7dzsu,44,exp_evolution_80_ali_only_ali_only,hpo,/home/meliani/Desktop/phd/fast-track/search_space.json,python3 trial.py --data ./ali_only.csv,/home/meliani/Desktop/phd/fast-track,1,360000s,80,False,False,info,/home/meliani/nni-experiments,"['LSTM', 'GRU', 'CNN', 'RNN', 'TCN', 'Transformer', 'MLP']","[16, 32, 64, 128, 256]","[1, 2, 3, 4]","[0, 0.1, 0.2, 0.3, 0.5]","['relu', 'tanh', 'sigmoid', 'elu']","[1e-05, 0.01]","[2, 3, 4, 5, 6, 7, 8, 9, 10, 11, 12, 13, 14, 15, 16, 17, 18, 19, 20, 21, 22, 23, 24, 25, 26, 27, 28, 29, 30]","[16, 32, 64, 128]","[5, 10, 15, 20]","[2, 3, 5, 7]","[2, 4, 8]",evolution,minimize,local
n1k7dzsu,164,1180,1779257613086,,/home/meliani/nni-experiments/n1k7dzsu,44,exp_evolution_80_ali_only_ali_only,hpo,/home/meliani/Desktop/phd/fast-track/search_space.json,python3 trial.py --data ./ali_only.csv,/home/meliani/Desktop/phd/fast-track,1,360000s,80,False,False,info,/home/meliani/nni-experiments,"['LSTM', 'GRU', 'CNN', 'RNN', 'TCN', 'Transformer', 'MLP']","[16, 32, 64, 128, 256]","[1, 2, 3, 4]","[0, 0.1, 0.2, 0.3, 0.5]","['relu', 'tanh', 'sigmoid', 'elu']","[1e-05, 0.01]","[2, 3, 4, 5, 6, 7, 8, 9, 10, 11, 12, 13, 14, 15, 16, 17, 18, 19, 20, 21, 22, 23, 24, 25, 26, 27, 28, 29, 30]","[16, 32, 64, 128]","[5, 10, 15, 20]","[2, 3, 5, 7]","[2, 4, 8]",evolution,minimize,local
n1k7dzsu,165,1190,1779257613086,,/home/meliani/nni-experiments/n1k7dzsu,44,exp_evolution_80_ali_only_ali_only,hpo,/home/meliani/Desktop/phd/fast-track/search_space.json,python3 trial.py --data ./ali_only.csv,/home/meliani/Desktop/phd/fast-track,1,360000s,80,False,False,info,/home/meliani/nni-experiments,"['LSTM', 'GRU', 'CNN', 'RNN', 'TCN', 'Transformer', 'MLP']","[16, 32, 64, 128, 256]","[1, 2, 3, 4]","[0, 0.1, 0.2, 0.3, 0.5]","['relu', 'tanh', 'sigmoid', 'elu']","[1e-05, 0.01]","[2, 3, 4, 5, 6, 7, 8, 9, 10, 11, 12, 13, 14, 15, 16, 17, 18, 19, 20, 21, 22, 23, 24, 25, 26, 27, 28, 29, 30]","[16, 32, 64, 128]","[5, 10, 15, 20]","[2, 3, 5, 7]","[2, 4, 8]",evolution,minimize,local
n1k7dzsu,166,1200,1779257613086,,/home/meliani/nni-experiments/n1k7dzsu,44,exp_evolution_80_ali_only_ali_only,hpo,/home/meliani/Desktop/phd/fast-track/search_space.json,python3 trial.py --data ./ali_only.csv,/home/meliani/Desktop/phd/fast-track,1,360000s,80,False,False,info,/home/meliani/nni-experiments,"['LSTM', 'GRU', 'CNN', 'RNN', 'TCN', 'Transformer', 'MLP']","[16, 32, 64, 128, 256]","[1, 2, 3, 4]","[0, 0.1, 0.2, 0.3, 0.5]","['relu', 'tanh', 'sigmoid', 'elu']","[1e-05, 0.01]","[2, 3, 4, 5, 6, 7, 8, 9, 10, 11, 12, 13, 14, 15, 16, 17, 18, 19, 20, 21, 22, 23, 24, 25, 26, 27, 28, 29, 30]","[16, 32, 64, 128]","[5, 10, 15, 20]","[2, 3, 5, 7]","[2, 4, 8]",evolution,minimize,local
n1k7dzsu,167,1210,1779257613086,,/home/meliani/nni-experiments/n1k7dzsu,44,exp_evolution_80_ali_only_ali_only,hpo,/home/meliani/Desktop/phd/fast-track/search_space.json,python3 trial.py --data ./ali_only.csv,/home/meliani/Desktop/phd/fast-track,1,360000s,80,False,False,info,/home/meliani/nni-experiments,"['LSTM', 'GRU', 'CNN', 'RNN', 'TCN', 'Transformer', 'MLP']","[16, 32, 64, 128, 256]","[1, 2, 3, 4]","[0, 0.1, 0.2, 0.3, 0.5]","['relu', 'tanh', 'sigmoid', 'elu']","[1e-05, 0.01]","[2, 3, 4, 5, 6, 7, 8, 9, 10, 11, 12, 13, 14, 15, 16, 17, 18, 19, 20, 21, 22, 23, 24, 25, 26, 27, 28, 29, 30]","[16, 32, 64, 128]","[5, 10, 15, 20]","[2, 3, 5, 7]","[2, 4, 8]",evolution,minimize,local
n1k7dzsu,168,1220,1779257613086,,/home/meliani/nni-experiments/n1k7dzsu,44,exp_evolution_80_ali_only_ali_only,hpo,/home/meliani/Desktop/phd/fast-track/search_space.json,python3 trial.py --data ./ali_only.csv,/home/meliani/Desktop/phd/fast-track,1,360000s,80,False,False,info,/home/meliani/nni-experiments,"['LSTM', 'GRU', 'CNN', 'RNN', 'TCN', 'Transformer', 'MLP']","[16, 32, 64, 128, 256]","[1, 2, 3, 4]","[0, 0.1, 0.2, 0.3, 0.5]","['relu', 'tanh', 'sigmoid', 'elu']","[1e-05, 0.01]","[2, 3, 4, 5, 6, 7, 8, 9, 10, 11, 12, 13, 14, 15, 16, 17, 18, 19, 20, 21, 22, 23, 24, 25, 26, 27, 28, 29, 30]","[16, 32, 64, 128]","[5, 10, 15, 20]","[2, 3, 5, 7]","[2, 4, 8]",evolution,minimize,local
n1k7dzsu,169,1226,1779257613086,,/home/meliani/nni-experiments/n1k7dzsu,45,exp_evolution_80_ali_only_ali_only,hpo,/home/meliani/Desktop/phd/fast-track/search_space.json,python3 trial.py --data ./ali_only.csv,/home/meliani/Desktop/phd/fast-track,1,360000s,80,False,False,info,/home/meliani/nni-experiments,"['LSTM', 'GRU', 'CNN', 'RNN', 'TCN', 'Transformer', 'MLP']","[16, 32, 64, 128, 256]","[1, 2, 3, 4]","[0, 0.1, 0.2, 0.3, 0.5]","['relu', 'tanh', 'sigmoid', 'elu']","[1e-05, 0.01]","[2, 3, 4, 5, 6, 7, 8, 9, 10, 11, 12, 13, 14, 15, 16, 17, 18, 19, 20, 21, 22, 23, 24, 25, 26, 27, 28, 29, 30]","[16, 32, 64, 128]","[5, 10, 15, 20]","[2, 3, 5, 7]","[2, 4, 8]",evolution,minimize,local
n1k7dzsu,170,1230,1779257613086,,/home/meliani/nni-experiments/n1k7dzsu,45,exp_evolution_80_ali_only_ali_only,hpo,/home/meliani/Desktop/phd/fast-track/search_space.json,python3 trial.py --data ./ali_only.csv,/home/meliani/Desktop/phd/fast-track,1,360000s,80,False,False,info,/home/meliani/nni-experiments,"['LSTM', 'GRU', 'CNN', 'RNN', 'TCN', 'Transformer', 'MLP']","[16, 32, 64, 128, 256]","[1, 2, 3, 4]","[0, 0.1, 0.2, 0.3, 0.5]","['relu', 'tanh', 'sigmoid', 'elu']","[1e-05, 0.01]","[2, 3, 4, 5, 6, 7, 8, 9, 10, 11, 12, 13, 14, 15, 16, 17, 18, 19, 20, 21, 22, 23, 24, 25, 26, 27, 28, 29, 30]","[16, 32, 64, 128]","[5, 10, 15, 20]","[2, 3, 5, 7]","[2, 4, 8]",evolution,minimize,local
n1k7dzsu,171,1240,1779257613086,,/home/meliani/nni-experiments/n1k7dzsu,45,exp_evolution_80_ali_only_ali_only,hpo,/home/meliani/Desktop/phd/fast-track/search_space.json,python3 trial.py --data ./ali_only.csv,/home/meliani/Desktop/phd/fast-track,1,360000s,80,False,False,info,/home/meliani/nni-experiments,"['LSTM', 'GRU', 'CNN', 'RNN', 'TCN', 'Transformer', 'MLP']","[16, 32, 64, 128, 256]","[1, 2, 3, 4]","[0, 0.1, 0.2, 0.3, 0.5]","['relu', 'tanh', 'sigmoid', 'elu']","[1e-05, 0.01]","[2, 3, 4, 5, 6, 7, 8, 9, 10, 11, 12, 13, 14, 15, 16, 17, 18, 19, 20, 21, 22, 23, 24, 25, 26, 27, 28, 29, 30]","[16, 32, 64, 128]","[5, 10, 15, 20]","[2, 3, 5, 7]","[2, 4, 8]",evolution,minimize,local
n1k7dzsu,172,1250,1779257613086,,/home/meliani/nni-experiments/n1k7dzsu,45,exp_evolution_80_ali_only_ali_only,hpo,/home/meliani/Desktop/phd/fast-track/search_space.json,python3 trial.py --data ./ali_only.csv,/home/meliani/Desktop/phd/fast-track,1,360000s,80,False,False,info,/home/meliani/nni-experiments,"['LSTM', 'GRU', 'CNN', 'RNN', 'TCN', 'Transformer', 'MLP']","[16, 32, 64, 128, 256]","[1, 2, 3, 4]","[0, 0.1, 0.2, 0.3, 0.5]","['relu', 'tanh', 'sigmoid', 'elu']","[1e-05, 0.01]","[2, 3, 4, 5, 6, 7, 8, 9, 10, 11, 12, 13, 14, 15, 16, 17, 18, 19, 20, 21, 22, 23, 24, 25, 26, 27, 28, 29, 30]","[16, 32, 64, 128]","[5, 10, 15, 20]","[2, 3, 5, 7]","[2, 4, 8]",evolution,minimize,local
n1k7dzsu,173,1260,1779257613086,,/home/meliani/nni-experiments/n1k7dzsu,46,exp_evolution_80_ali_only_ali_only,hpo,/home/meliani/Desktop/phd/fast-track/search_space.json,python3 trial.py --data ./ali_only.csv,/home/meliani/Desktop/phd/fast-track,1,360000s,80,False,False,info,/home/meliani/nni-experiments,"['LSTM', 'GRU', 'CNN', 'RNN', 'TCN', 'Transformer', 'MLP']","[16, 32, 64, 128, 256]","[1, 2, 3, 4]","[0, 0.1, 0.2, 0.3, 0.5]","['relu', 'tanh', 'sigmoid', 'elu']","[1e-05, 0.01]","[2, 3, 4, 5, 6, 7, 8, 9, 10, 11, 12, 13, 14, 15, 16, 17, 18, 19, 20, 21, 22, 23, 24, 25, 26, 27, 28, 29, 30]","[16, 32, 64, 128]","[5, 10, 15, 20]","[2, 3, 5, 7]","[2, 4, 8]",evolution,minimize,local
n1k7dzsu,174,1260,1779257613086,,/home/meliani/nni-experiments/n1k7dzsu,46,exp_evolution_80_ali_only_ali_only,hpo,/home/meliani/Desktop/phd/fast-track/search_space.json,python3 trial.py --data ./ali_only.csv,/home/meliani/Desktop/phd/fast-track,1,360000s,80,False,False,info,/home/meliani/nni-experiments,"['LSTM', 'GRU', 'CNN', 'RNN', 'TCN', 'Transformer', 'MLP']","[16, 32, 64, 128, 256]","[1, 2, 3, 4]","[0, 0.1, 0.2, 0.3, 0.5]","['relu', 'tanh', 'sigmoid', 'elu']","[1e-05, 0.01]","[2, 3, 4, 5, 6, 7, 8, 9, 10, 11, 12, 13, 14, 15, 16, 17, 18, 19, 20, 21, 22, 23, 24, 25, 26, 27, 28, 29, 30]","[16, 32, 64, 128]","[5, 10, 15, 20]","[2, 3, 5, 7]","[2, 4, 8]",evolution,minimize,local
n1k7dzsu,175,1265,1779257613086,,/home/meliani/nni-experiments/n1k7dzsu,47,exp_evolution_80_ali_only_ali_only,hpo,/home/meliani/Desktop/phd/fast-track/search_space.json,python3 trial.py --data ./ali_only.csv,/home/meliani/Desktop/phd/fast-track,1,360000s,80,False,False,info,/home/meliani/nni-experiments,"['LSTM', 'GRU', 'CNN', 'RNN', 'TCN', 'Transformer', 'MLP']","[16, 32, 64, 128, 256]","[1, 2, 3, 4]","[0, 0.1, 0.2, 0.3, 0.5]","['relu', 'tanh', 'sigmoid', 'elu']","[1e-05, 0.01]","[2, 3, 4, 5, 6, 7, 8, 9, 10, 11, 12, 13, 14, 15, 16, 17, 18, 19, 20, 21, 22, 23, 24, 25, 26, 27, 28, 29, 30]","[16, 32, 64, 128]","[5, 10, 15, 20]","[2, 3, 5, 7]","[2, 4, 8]",evolution,minimize,local
n1k7dzsu,176,1270,1779257613086,,/home/meliani/nni-experiments/n1k7dzsu,47,exp_evolution_80_ali_only_ali_only,hpo,/home/meliani/Desktop/phd/fast-track/search_space.json,python3 trial.py --data ./ali_only.csv,/home/meliani/Desktop/phd/fast-track,1,360000s,80,False,False,info,/home/meliani/nni-experiments,"['LSTM', 'GRU', 'CNN', 'RNN', 'TCN', 'Transformer', 'MLP']","[16, 32, 64, 128, 256]","[1, 2, 3, 4]","[0, 0.1, 0.2, 0.3, 0.5]","['relu', 'tanh', 'sigmoid', 'elu']","[1e-05, 0.01]","[2, 3, 4, 5, 6, 7, 8, 9, 10, 11, 12, 13, 14, 15, 16, 17, 18, 19, 20, 21, 22, 23, 24, 25, 26, 27, 28, 29, 30]","[16, 32, 64, 128]","[5, 10, 15, 20]","[2, 3, 5, 7]","[2, 4, 8]",evolution,minimize,local
n1k7dzsu,177,1274,1779257613086,,/home/meliani/nni-experiments/n1k7dzsu,48,exp_evolution_80_ali_only_ali_only,hpo,/home/meliani/Desktop/phd/fast-track/search_space.json,python3 trial.py --data ./ali_only.csv,/home/meliani/Desktop/phd/fast-track,1,360000s,80,False,False,info,/home/meliani/nni-experiments,"['LSTM', 'GRU', 'CNN', 'RNN', 'TCN', 'Transformer', 'MLP']","[16, 32, 64, 128, 256]","[1, 2, 3, 4]","[0, 0.1, 0.2, 0.3, 0.5]","['relu', 'tanh', 'sigmoid', 'elu']","[1e-05, 0.01]","[2, 3, 4, 5, 6, 7, 8, 9, 10, 11, 12, 13, 14, 15, 16, 17, 18, 19, 20, 21, 22, 23, 24, 25, 26, 27, 28, 29, 30]","[16, 32, 64, 128]","[5, 10, 15, 20]","[2, 3, 5, 7]","[2, 4, 8]",evolution,minimize,local
n1k7dzsu,178,1280,1779257613086,,/home/meliani/nni-experiments/n1k7dzsu,48,exp_evolution_80_ali_only_ali_only,hpo,/home/meliani/Desktop/phd/fast-track/search_space.json,python3 trial.py --data ./ali_only.csv,/home/meliani/Desktop/phd/fast-track,1,360000s,80,False,False,info,/home/meliani/nni-experiments,"['LSTM', 'GRU', 'CNN', 'RNN', 'TCN', 'Transformer', 'MLP']","[16, 32, 64, 128, 256]","[1, 2, 3, 4]","[0, 0.1, 0.2, 0.3, 0.5]","['relu', 'tanh', 'sigmoid', 'elu']","[1e-05, 0.01]","[2, 3, 4, 5, 6, 7, 8, 9, 10, 11, 12, 13, 14, 15, 16, 17, 18, 19, 20, 21, 22, 23, 24, 25, 26, 27, 28, 29, 30]","[16, 32, 64, 128]","[5, 10, 15, 20]","[2, 3, 5, 7]","[2, 4, 8]",evolution,minimize,local
n1k7dzsu,179,1281,1779257613086,,/home/meliani/nni-experiments/n1k7dzsu,49,exp_evolution_80_ali_only_ali_only,hpo,/home/meliani/Desktop/phd/fast-track/search_space.json,python3 trial.py --data ./ali_only.csv,/home/meliani/Desktop/phd/fast-track,1,360000s,80,False,False,info,/home/meliani/nni-experiments,"['LSTM', 'GRU', 'CNN', 'RNN', 'TCN', 'Transformer', 'MLP']","[16, 32, 64, 128, 256]","[1, 2, 3, 4]","[0, 0.1, 0.2, 0.3, 0.5]","['relu', 'tanh', 'sigmoid', 'elu']","[1e-05, 0.01]","[2, 3, 4, 5, 6, 7, 8, 9, 10, 11, 12, 13, 14, 15, 16, 17, 18, 19, 20, 21, 22, 23, 24, 25, 26, 27, 28, 29, 30]","[16, 32, 64, 128]","[5, 10, 15, 20]","[2, 3, 5, 7]","[2, 4, 8]",evolution,minimize,local
n1k7dzsu,180,1286,1779257613086,,/home/meliani/nni-experiments/n1k7dzsu,50,exp_evolution_80_ali_only_ali_only,hpo,/home/meliani/Desktop/phd/fast-track/search_space.json,python3 trial.py --data ./ali_only.csv,/home/meliani/Desktop/phd/fast-track,1,360000s,80,False,False,info,/home/meliani/nni-experiments,"['LSTM', 'GRU', 'CNN', 'RNN', 'TCN', 'Transformer', 'MLP']","[16, 32, 64, 128, 256]","[1, 2, 3, 4]","[0, 0.1, 0.2, 0.3, 0.5]","['relu', 'tanh', 'sigmoid', 'elu']","[1e-05, 0.01]","[2, 3, 4, 5, 6, 7, 8, 9, 10, 11, 12, 13, 14, 15, 16, 17, 18, 19, 20, 21, 22, 23, 24, 25, 26, 27, 28, 29, 30]","[16, 32, 64, 128]","[5, 10, 15, 20]","[2, 3, 5, 7]","[2, 4, 8]",evolution,minimize,local
n1k7dzsu,181,1290,1779257613086,,/home/meliani/nni-experiments/n1k7dzsu,50,exp_evolution_80_ali_only_ali_only,hpo,/home/meliani/Desktop/phd/fast-track/search_space.json,python3 trial.py --data ./ali_only.csv,/home/meliani/Desktop/phd/fast-track,1,360000s,80,False,False,info,/home/meliani/nni-experiments,"['LSTM', 'GRU', 'CNN', 'RNN', 'TCN', 'Transformer', 'MLP']","[16, 32, 64, 128, 256]","[1, 2, 3, 4]","[0, 0.1, 0.2, 0.3, 0.5]","['relu', 'tanh', 'sigmoid', 'elu']","[1e-05, 0.01]","[2, 3, 4, 5, 6, 7, 8, 9, 10, 11, 12, 13, 14, 15, 16, 17, 18, 19, 20, 21, 22, 23, 24, 25, 26, 27, 28, 29, 30]","[16, 32, 64, 128]","[5, 10, 15, 20]","[2, 3, 5, 7]","[2, 4, 8]",evolution,minimize,local
n1k7dzsu,182,1300,1779257613086,,/home/meliani/nni-experiments/n1k7dzsu,50,exp_evolution_80_ali_only_ali_only,hpo,/home/meliani/Desktop/phd/fast-track/search_space.json,python3 trial.py --data ./ali_only.csv,/home/meliani/Desktop/phd/fast-track,1,360000s,80,False,False,info,/home/meliani/nni-experiments,"['LSTM', 'GRU', 'CNN', 'RNN', 'TCN', 'Transformer', 'MLP']","[16, 32, 64, 128, 256]","[1, 2, 3, 4]","[0, 0.1, 0.2, 0.3, 0.5]","['relu', 'tanh', 'sigmoid', 'elu']","[1e-05, 0.01]","[2, 3, 4, 5, 6, 7, 8, 9, 10, 11, 12, 13, 14, 15, 16, 17, 18, 19, 20, 21, 22, 23, 24, 25, 26, 27, 28, 29, 30]","[16, 32, 64, 128]","[5, 10, 15, 20]","[2, 3, 5, 7]","[2, 4, 8]",evolution,minimize,local
n1k7dzsu,183,1301,1779257613086,,/home/meliani/nni-experiments/n1k7dzsu,51,exp_evolution_80_ali_only_ali_only,hpo,/home/meliani/Desktop/phd/fast-track/search_space.json,python3 trial.py --data ./ali_only.csv,/home/meliani/Desktop/phd/fast-track,1,360000s,80,False,False,info,/home/meliani/nni-experiments,"['LSTM', 'GRU', 'CNN', 'RNN', 'TCN', 'Transformer', 'MLP']","[16, 32, 64, 128, 256]","[1, 2, 3, 4]","[0, 0.1, 0.2, 0.3, 0.5]","['relu', 'tanh', 'sigmoid', 'elu']","[1e-05, 0.01]","[2, 3, 4, 5, 6, 7, 8, 9, 10, 11, 12, 13, 14, 15, 16, 17, 18, 19, 20, 21, 22, 23, 24, 25, 26, 27, 28, 29, 30]","[16, 32, 64, 128]","[5, 10, 15, 20]","[2, 3, 5, 7]","[2, 4, 8]",evolution,minimize,local
n1k7dzsu,184,1310,1779257613086,,/home/meliani/nni-experiments/n1k7dzsu,51,exp_evolution_80_ali_only_ali_only,hpo,/home/meliani/Desktop/phd/fast-track/search_space.json,python3 trial.py --data ./ali_only.csv,/home/meliani/Desktop/phd/fast-track,1,360000s,80,False,False,info,/home/meliani/nni-experiments,"['LSTM', 'GRU', 'CNN', 'RNN', 'TCN', 'Transformer', 'MLP']","[16, 32, 64, 128, 256]","[1, 2, 3, 4]","[0, 0.1, 0.2, 0.3, 0.5]","['relu', 'tanh', 'sigmoid', 'elu']","[1e-05, 0.01]","[2, 3, 4, 5, 6, 7, 8, 9, 10, 11, 12, 13, 14, 15, 16, 17, 18, 19, 20, 21, 22, 23, 24, 25, 26, 27, 28, 29, 30]","[16, 32, 64, 128]","[5, 10, 15, 20]","[2, 3, 5, 7]","[2, 4, 8]",evolution,minimize,local
n1k7dzsu,185,1310,1779257613086,,/home/meliani/nni-experiments/n1k7dzsu,52,exp_evolution_80_ali_only_ali_only,hpo,/home/meliani/Desktop/phd/fast-track/search_space.json,python3 trial.py --data ./ali_only.csv,/home/meliani/Desktop/phd/fast-track,1,360000s,80,False,False,info,/home/meliani/nni-experiments,"['LSTM', 'GRU', 'CNN', 'RNN', 'TCN', 'Transformer', 'MLP']","[16, 32, 64, 128, 256]","[1, 2, 3, 4]","[0, 0.1, 0.2, 0.3, 0.5]","['relu', 'tanh', 'sigmoid', 'elu']","[1e-05, 0.01]","[2, 3, 4, 5, 6, 7, 8, 9, 10, 11, 12, 13, 14, 15, 16, 17, 18, 19, 20, 21, 22, 23, 24, 25, 26, 27, 28, 29, 30]","[16, 32, 64, 128]","[5, 10, 15, 20]","[2, 3, 5, 7]","[2, 4, 8]",evolution,minimize,local
n1k7dzsu,186,1320,1779257613086,,/home/meliani/nni-experiments/n1k7dzsu,52,exp_evolution_80_ali_only_ali_only,hpo,/home/meliani/Desktop/phd/fast-track/search_space.json,python3 trial.py --data ./ali_only.csv,/home/meliani/Desktop/phd/fast-track,1,360000s,80,False,False,info,/home/meliani/nni-experiments,"['LSTM', 'GRU', 'CNN', 'RNN', 'TCN', 'Transformer', 'MLP']","[16, 32, 64, 128, 256]","[1, 2, 3, 4]","[0, 0.1, 0.2, 0.3, 0.5]","['relu', 'tanh', 'sigmoid', 'elu']","[1e-05, 0.01]","[2, 3, 4, 5, 6, 7, 8, 9, 10, 11, 12, 13, 14, 15, 16, 17, 18, 19, 20, 21, 22, 23, 24, 25, 26, 27, 28, 29, 30]","[16, 32, 64, 128]","[5, 10, 15, 20]","[2, 3, 5, 7]","[2, 4, 8]",evolution,minimize,local
n1k7dzsu,187,1330,1779257613086,,/home/meliani/nni-experiments/n1k7dzsu,52,exp_evolution_80_ali_only_ali_only,hpo,/home/meliani/Desktop/phd/fast-track/search_space.json,python3 trial.py --data ./ali_only.csv,/home/meliani/Desktop/phd/fast-track,1,360000s,80,False,False,info,/home/meliani/nni-experiments,"['LSTM', 'GRU', 'CNN', 'RNN', 'TCN', 'Transformer', 'MLP']","[16, 32, 64, 128, 256]","[1, 2, 3, 4]","[0, 0.1, 0.2, 0.3, 0.5]","['relu', 'tanh', 'sigmoid', 'elu']","[1e-05, 0.01]","[2, 3, 4, 5, 6, 7, 8, 9, 10, 11, 12, 13, 14, 15, 16, 17, 18, 19, 20, 21, 22, 23, 24, 25, 26, 27, 28, 29, 30]","[16, 32, 64, 128]","[5, 10, 15, 20]","[2, 3, 5, 7]","[2, 4, 8]",evolution,minimize,local
n1k7dzsu,188,1340,1779257613086,,/home/meliani/nni-experiments/n1k7dzsu,52,exp_evolution_80_ali_only_ali_only,hpo,/home/meliani/Desktop/phd/fast-track/search_space.json,python3 trial.py --data ./ali_only.csv,/home/meliani/Desktop/phd/fast-track,1,360000s,80,False,False,info,/home/meliani/nni-experiments,"['LSTM', 'GRU', 'CNN', 'RNN', 'TCN', 'Transformer', 'MLP']","[16, 32, 64, 128, 256]","[1, 2, 3, 4]","[0, 0.1, 0.2, 0.3, 0.5]","['relu', 'tanh', 'sigmoid', 'elu']","[1e-05, 0.01]","[2, 3, 4, 5, 6, 7, 8, 9, 10, 11, 12, 13, 14, 15, 16, 17, 18, 19, 20, 21, 22, 23, 24, 25, 26, 27, 28, 29, 30]","[16, 32, 64, 128]","[5, 10, 15, 20]","[2, 3, 5, 7]","[2, 4, 8]",evolution,minimize,local
n1k7dzsu,189,1347,1779257613086,,/home/meliani/nni-experiments/n1k7dzsu,53,exp_evolution_80_ali_only_ali_only,hpo,/home/meliani/Desktop/phd/fast-track/search_space.json,python3 trial.py --data ./ali_only.csv,/home/meliani/Desktop/phd/fast-track,1,360000s,80,False,False,info,/home/meliani/nni-experiments,"['LSTM', 'GRU', 'CNN', 'RNN', 'TCN', 'Transformer', 'MLP']","[16, 32, 64, 128, 256]","[1, 2, 3, 4]","[0, 0.1, 0.2, 0.3, 0.5]","['relu', 'tanh', 'sigmoid', 'elu']","[1e-05, 0.01]","[2, 3, 4, 5, 6, 7, 8, 9, 10, 11, 12, 13, 14, 15, 16, 17, 18, 19, 20, 21, 22, 23, 24, 25, 26, 27, 28, 29, 30]","[16, 32, 64, 128]","[5, 10, 15, 20]","[2, 3, 5, 7]","[2, 4, 8]",evolution,minimize,local
n1k7dzsu,190,1350,1779257613086,,/home/meliani/nni-experiments/n1k7dzsu,53,exp_evolution_80_ali_only_ali_only,hpo,/home/meliani/Desktop/phd/fast-track/search_space.json,python3 trial.py --data ./ali_only.csv,/home/meliani/Desktop/phd/fast-track,1,360000s,80,False,False,info,/home/meliani/nni-experiments,"['LSTM', 'GRU', 'CNN', 'RNN', 'TCN', 'Transformer', 'MLP']","[16, 32, 64, 128, 256]","[1, 2, 3, 4]","[0, 0.1, 0.2, 0.3, 0.5]","['relu', 'tanh', 'sigmoid', 'elu']","[1e-05, 0.01]","[2, 3, 4, 5, 6, 7, 8, 9, 10, 11, 12, 13, 14, 15, 16, 17, 18, 19, 20, 21, 22, 23, 24, 25, 26, 27, 28, 29, 30]","[16, 32, 64, 128]","[5, 10, 15, 20]","[2, 3, 5, 7]","[2, 4, 8]",evolution,minimize,local
n1k7dzsu,191,1352,1779257613086,,/home/meliani/nni-experiments/n1k7dzsu,54,exp_evolution_80_ali_only_ali_only,hpo,/home/meliani/Desktop/phd/fast-track/search_space.json,python3 trial.py --data ./ali_only.csv,/home/meliani/Desktop/phd/fast-track,1,360000s,80,False,False,info,/home/meliani/nni-experiments,"['LSTM', 'GRU', 'CNN', 'RNN', 'TCN', 'Transformer', 'MLP']","[16, 32, 64, 128, 256]","[1, 2, 3, 4]","[0, 0.1, 0.2, 0.3, 0.5]","['relu', 'tanh', 'sigmoid', 'elu']","[1e-05, 0.01]","[2, 3, 4, 5, 6, 7, 8, 9, 10, 11, 12, 13, 14, 15, 16, 17, 18, 19, 20, 21, 22, 23, 24, 25, 26, 27, 28, 29, 30]","[16, 32, 64, 128]","[5, 10, 15, 20]","[2, 3, 5, 7]","[2, 4, 8]",evolution,minimize,local
n1k7dzsu,192,1357,1779257613086,,/home/meliani/nni-experiments/n1k7dzsu,55,exp_evolution_80_ali_only_ali_only,hpo,/home/meliani/Desktop/phd/fast-track/search_space.json,python3 trial.py --data ./ali_only.csv,/home/meliani/Desktop/phd/fast-track,1,360000s,80,False,False,info,/home/meliani/nni-experiments,"['LSTM', 'GRU', 'CNN', 'RNN', 'TCN', 'Transformer', 'MLP']","[16, 32, 64, 128, 256]","[1, 2, 3, 4]","[0, 0.1, 0.2, 0.3, 0.5]","['relu', 'tanh', 'sigmoid', 'elu']","[1e-05, 0.01]","[2, 3, 4, 5, 6, 7, 8, 9, 10, 11, 12, 13, 14, 15, 16, 17, 18, 19, 20, 21, 22, 23, 24, 25, 26, 27, 28, 29, 30]","[16, 32, 64, 128]","[5, 10, 15, 20]","[2, 3, 5, 7]","[2, 4, 8]",evolution,minimize,local
n1k7dzsu,193,1360,1779257613086,,/home/meliani/nni-experiments/n1k7dzsu,55,exp_evolution_80_ali_only_ali_only,hpo,/home/meliani/Desktop/phd/fast-track/search_space.json,python3 trial.py --data ./ali_only.csv,/home/meliani/Desktop/phd/fast-track,1,360000s,80,False,False,info,/home/meliani/nni-experiments,"['LSTM', 'GRU', 'CNN', 'RNN', 'TCN', 'Transformer', 'MLP']","[16, 32, 64, 128, 256]","[1, 2, 3, 4]","[0, 0.1, 0.2, 0.3, 0.5]","['relu', 'tanh', 'sigmoid', 'elu']","[1e-05, 0.01]","[2, 3, 4, 5, 6, 7, 8, 9, 10, 11, 12, 13, 14, 15, 16, 17, 18, 19, 20, 21, 22, 23, 24, 25, 26, 27, 28, 29, 30]","[16, 32, 64, 128]","[5, 10, 15, 20]","[2, 3, 5, 7]","[2, 4, 8]",evolution,minimize,local
n1k7dzsu,194,1366,1779257613086,,/home/meliani/nni-experiments/n1k7dzsu,56,exp_evolution_80_ali_only_ali_only,hpo,/home/meliani/Desktop/phd/fast-track/search_space.json,python3 trial.py --data ./ali_only.csv,/home/meliani/Desktop/phd/fast-track,1,360000s,80,False,False,info,/home/meliani/nni-experiments,"['LSTM', 'GRU', 'CNN', 'RNN', 'TCN', 'Transformer', 'MLP']","[16, 32, 64, 128, 256]","[1, 2, 3, 4]","[0, 0.1, 0.2, 0.3, 0.5]","['relu', 'tanh', 'sigmoid', 'elu']","[1e-05, 0.01]","[2, 3, 4, 5, 6, 7, 8, 9, 10, 11, 12, 13, 14, 15, 16, 17, 18, 19, 20, 21, 22, 23, 24, 25, 26, 27, 28, 29, 30]","[16, 32, 64, 128]","[5, 10, 15, 20]","[2, 3, 5, 7]","[2, 4, 8]",evolution,minimize,local
n1k7dzsu,195,1370,1779257613086,,/home/meliani/nni-experiments/n1k7dzsu,56,exp_evolution_80_ali_only_ali_only,hpo,/home/meliani/Desktop/phd/fast-track/search_space.json,python3 trial.py --data ./ali_only.csv,/home/meliani/Desktop/phd/fast-track,1,360000s,80,False,False,info,/home/meliani/nni-experiments,"['LSTM', 'GRU', 'CNN', 'RNN', 'TCN', 'Transformer', 'MLP']","[16, 32, 64, 128, 256]","[1, 2, 3, 4]","[0, 0.1, 0.2, 0.3, 0.5]","['relu', 'tanh', 'sigmoid', 'elu']","[1e-05, 0.01]","[2, 3, 4, 5, 6, 7, 8, 9, 10, 11, 12, 13, 14, 15, 16, 17, 18, 19, 20, 21, 22, 23, 24, 25, 26, 27, 28, 29, 30]","[16, 32, 64, 128]","[5, 10, 15, 20]","[2, 3, 5, 7]","[2, 4, 8]",evolution,minimize,local
n1k7dzsu,196,1380,1779257613086,,/home/meliani/nni-experiments/n1k7dzsu,56,exp_evolution_80_ali_only_ali_only,hpo,/home/meliani/Desktop/phd/fast-track/search_space.json,python3 trial.py --data ./ali_only.csv,/home/meliani/Desktop/phd/fast-track,1,360000s,80,False,False,info,/home/meliani/nni-experiments,"['LSTM', 'GRU', 'CNN', 'RNN', 'TCN', 'Transformer', 'MLP']","[16, 32, 64, 128, 256]","[1, 2, 3, 4]","[0, 0.1, 0.2, 0.3, 0.5]","['relu', 'tanh', 'sigmoid', 'elu']","[1e-05, 0.01]","[2, 3, 4, 5, 6, 7, 8, 9, 10, 11, 12, 13, 14, 15, 16, 17, 18, 19, 20, 21, 22, 23, 24, 25, 26, 27, 28, 29, 30]","[16, 32, 64, 128]","[5, 10, 15, 20]","[2, 3, 5, 7]","[2, 4, 8]",evolution,minimize,local
n1k7dzsu,197,1384,1779257613086,,/home/meliani/nni-experiments/n1k7dzsu,57,exp_evolution_80_ali_only_ali_only,hpo,/home/meliani/Desktop/phd/fast-track/search_space.json,python3 trial.py --data ./ali_only.csv,/home/meliani/Desktop/phd/fast-track,1,360000s,80,False,False,info,/home/meliani/nni-experiments,"['LSTM', 'GRU', 'CNN', 'RNN', 'TCN', 'Transformer', 'MLP']","[16, 32, 64, 128, 256]","[1, 2, 3, 4]","[0, 0.1, 0.2, 0.3, 0.5]","['relu', 'tanh', 'sigmoid', 'elu']","[1e-05, 0.01]","[2, 3, 4, 5, 6, 7, 8, 9, 10, 11, 12, 13, 14, 15, 16, 17, 18, 19, 20, 21, 22, 23, 24, 25, 26, 27, 28, 29, 30]","[16, 32, 64, 128]","[5, 10, 15, 20]","[2, 3, 5, 7]","[2, 4, 8]",evolution,minimize,local
n1k7dzsu,198,1390,1779257613086,,/home/meliani/nni-experiments/n1k7dzsu,57,exp_evolution_80_ali_only_ali_only,hpo,/home/meliani/Desktop/phd/fast-track/search_space.json,python3 trial.py --data ./ali_only.csv,/home/meliani/Desktop/phd/fast-track,1,360000s,80,False,False,info,/home/meliani/nni-experiments,"['LSTM', 'GRU', 'CNN', 'RNN', 'TCN', 'Transformer', 'MLP']","[16, 32, 64, 128, 256]","[1, 2, 3, 4]","[0, 0.1, 0.2, 0.3, 0.5]","['relu', 'tanh', 'sigmoid', 'elu']","[1e-05, 0.01]","[2, 3, 4, 5, 6, 7, 8, 9, 10, 11, 12, 13, 14, 15, 16, 17, 18, 19, 20, 21, 22, 23, 24, 25, 26, 27, 28, 29, 30]","[16, 32, 64, 128]","[5, 10, 15, 20]","[2, 3, 5, 7]","[2, 4, 8]",evolution,minimize,local
n1k7dzsu,199,1391,1779257613086,,/home/meliani/nni-experiments/n1k7dzsu,58,exp_evolution_80_ali_only_ali_only,hpo,/home/meliani/Desktop/phd/fast-track/search_space.json,python3 trial.py --data ./ali_only.csv,/home/meliani/Desktop/phd/fast-track,1,360000s,80,False,False,info,/home/meliani/nni-experiments,"['LSTM', 'GRU', 'CNN', 'RNN', 'TCN', 'Transformer', 'MLP']","[16, 32, 64, 128, 256]","[1, 2, 3, 4]","[0, 0.1, 0.2, 0.3, 0.5]","['relu', 'tanh', 'sigmoid', 'elu']","[1e-05, 0.01]","[2, 3, 4, 5, 6, 7, 8, 9, 10, 11, 12, 13, 14, 15, 16, 17, 18, 19, 20, 21, 22, 23, 24, 25, 26, 27, 28, 29, 30]","[16, 32, 64, 128]","[5, 10, 15, 20]","[2, 3, 5, 7]","[2, 4, 8]",evolution,minimize,local
n1k7dzsu,200,1397,1779257613086,,/home/meliani/nni-experiments/n1k7dzsu,59,exp_evolution_80_ali_only_ali_only,hpo,/home/meliani/Desktop/phd/fast-track/search_space.json,python3 trial.py --data ./ali_only.csv,/home/meliani/Desktop/phd/fast-track,1,360000s,80,False,False,info,/home/meliani/nni-experiments,"['LSTM', 'GRU', 'CNN', 'RNN', 'TCN', 'Transformer', 'MLP']","[16, 32, 64, 128, 256]","[1, 2, 3, 4]","[0, 0.1, 0.2, 0.3, 0.5]","['relu', 'tanh', 'sigmoid', 'elu']","[1e-05, 0.01]","[2, 3, 4, 5, 6, 7, 8, 9, 10, 11, 12, 13, 14, 15, 16, 17, 18, 19, 20, 21, 22, 23, 24, 25, 26, 27, 28, 29, 30]","[16, 32, 64, 128]","[5, 10, 15, 20]","[2, 3, 5, 7]","[2, 4, 8]",evolution,minimize,local
n1k7dzsu,201,1400,1779257613086,,/home/meliani/nni-experiments/n1k7dzsu,59,exp_evolution_80_ali_only_ali_only,hpo,/home/meliani/Desktop/phd/fast-track/search_space.json,python3 trial.py --data ./ali_only.csv,/home/meliani/Desktop/phd/fast-track,1,360000s,80,False,False,info,/home/meliani/nni-experiments,"['LSTM', 'GRU', 'CNN', 'RNN', 'TCN', 'Transformer', 'MLP']","[16, 32, 64, 128, 256]","[1, 2, 3, 4]","[0, 0.1, 0.2, 0.3, 0.5]","['relu', 'tanh', 'sigmoid', 'elu']","[1e-05, 0.01]","[2, 3, 4, 5, 6, 7, 8, 9, 10, 11, 12, 13, 14, 15, 16, 17, 18, 19, 20, 21, 22, 23, 24, 25, 26, 27, 28, 29, 30]","[16, 32, 64, 128]","[5, 10, 15, 20]","[2, 3, 5, 7]","[2, 4, 8]",evolution,minimize,local
n1k7dzsu,202,1406,1779257613086,,/home/meliani/nni-experiments/n1k7dzsu,60,exp_evolution_80_ali_only_ali_only,hpo,/home/meliani/Desktop/phd/fast-track/search_space.json,python3 trial.py --data ./ali_only.csv,/home/meliani/Desktop/phd/fast-track,1,360000s,80,False,False,info,/home/meliani/nni-experiments,"['LSTM', 'GRU', 'CNN', 'RNN', 'TCN', 'Transformer', 'MLP']","[16, 32, 64, 128, 256]","[1, 2, 3, 4]","[0, 0.1, 0.2, 0.3, 0.5]","['relu', 'tanh', 'sigmoid', 'elu']","[1e-05, 0.01]","[2, 3, 4, 5, 6, 7, 8, 9, 10, 11, 12, 13, 14, 15, 16, 17, 18, 19, 20, 21, 22, 23, 24, 25, 26, 27, 28, 29, 30]","[16, 32, 64, 128]","[5, 10, 15, 20]","[2, 3, 5, 7]","[2, 4, 8]",evolution,minimize,local
n1k7dzsu,203,1410,1779257613086,,/home/meliani/nni-experiments/n1k7dzsu,60,exp_evolution_80_ali_only_ali_only,hpo,/home/meliani/Desktop/phd/fast-track/search_space.json,python3 trial.py --data ./ali_only.csv,/home/meliani/Desktop/phd/fast-track,1,360000s,80,False,False,info,/home/meliani/nni-experiments,"['LSTM', 'GRU', 'CNN', 'RNN', 'TCN', 'Transformer', 'MLP']","[16, 32, 64, 128, 256]","[1, 2, 3, 4]","[0, 0.1, 0.2, 0.3, 0.5]","['relu', 'tanh', 'sigmoid', 'elu']","[1e-05, 0.01]","[2, 3, 4, 5, 6, 7, 8, 9, 10, 11, 12, 13, 14, 15, 16, 17, 18, 19, 20, 21, 22, 23, 24, 25, 26, 27, 28, 29, 30]","[16, 32, 64, 128]","[5, 10, 15, 20]","[2, 3, 5, 7]","[2, 4, 8]",evolution,minimize,local
n1k7dzsu,204,1411,1779257613086,,/home/meliani/nni-experiments/n1k7dzsu,61,exp_evolution_80_ali_only_ali_only,hpo,/home/meliani/Desktop/phd/fast-track/search_space.json,python3 trial.py --data ./ali_only.csv,/home/meliani/Desktop/phd/fast-track,1,360000s,80,False,False,info,/home/meliani/nni-experiments,"['LSTM', 'GRU', 'CNN', 'RNN', 'TCN', 'Transformer', 'MLP']","[16, 32, 64, 128, 256]","[1, 2, 3, 4]","[0, 0.1, 0.2, 0.3, 0.5]","['relu', 'tanh', 'sigmoid', 'elu']","[1e-05, 0.01]","[2, 3, 4, 5, 6, 7, 8, 9, 10, 11, 12, 13, 14, 15, 16, 17, 18, 19, 20, 21, 22, 23, 24, 25, 26, 27, 28, 29, 30]","[16, 32, 64, 128]","[5, 10, 15, 20]","[2, 3, 5, 7]","[2, 4, 8]",evolution,minimize,local
n1k7dzsu,205,1420,1779257613086,,/home/meliani/nni-experiments/n1k7dzsu,61,exp_evolution_80_ali_only_ali_only,hpo,/home/meliani/Desktop/phd/fast-track/search_space.json,python3 trial.py --data ./ali_only.csv,/home/meliani/Desktop/phd/fast-track,1,360000s,80,False,False,info,/home/meliani/nni-experiments,"['LSTM', 'GRU', 'CNN', 'RNN', 'TCN', 'Transformer', 'MLP']","[16, 32, 64, 128, 256]","[1, 2, 3, 4]","[0, 0.1, 0.2, 0.3, 0.5]","['relu', 'tanh', 'sigmoid', 'elu']","[1e-05, 0.01]","[2, 3, 4, 5, 6, 7, 8, 9, 10, 11, 12, 13, 14, 15, 16, 17, 18, 19, 20, 21, 22, 23, 24, 25, 26, 27, 28, 29, 30]","[16, 32, 64, 128]","[5, 10, 15, 20]","[2, 3, 5, 7]","[2, 4, 8]",evolution,minimize,local
n1k7dzsu,206,1427,1779257613086,,/home/meliani/nni-experiments/n1k7dzsu,62,exp_evolution_80_ali_only_ali_only,hpo,/home/meliani/Desktop/phd/fast-track/search_space.json,python3 trial.py --data ./ali_only.csv,/home/meliani/Desktop/phd/fast-track,1,360000s,80,False,False,info,/home/meliani/nni-experiments,"['LSTM', 'GRU', 'CNN', 'RNN', 'TCN', 'Transformer', 'MLP']","[16, 32, 64, 128, 256]","[1, 2, 3, 4]","[0, 0.1, 0.2, 0.3, 0.5]","['relu', 'tanh', 'sigmoid', 'elu']","[1e-05, 0.01]","[2, 3, 4, 5, 6, 7, 8, 9, 10, 11, 12, 13, 14, 15, 16, 17, 18, 19, 20, 21, 22, 23, 24, 25, 26, 27, 28, 29, 30]","[16, 32, 64, 128]","[5, 10, 15, 20]","[2, 3, 5, 7]","[2, 4, 8]",evolution,minimize,local
n1k7dzsu,207,1430,1779257613086,,/home/meliani/nni-experiments/n1k7dzsu,62,exp_evolution_80_ali_only_ali_only,hpo,/home/meliani/Desktop/phd/fast-track/search_space.json,python3 trial.py --data ./ali_only.csv,/home/meliani/Desktop/phd/fast-track,1,360000s,80,False,False,info,/home/meliani/nni-experiments,"['LSTM', 'GRU', 'CNN', 'RNN', 'TCN', 'Transformer', 'MLP']","[16, 32, 64, 128, 256]","[1, 2, 3, 4]","[0, 0.1, 0.2, 0.3, 0.5]","['relu', 'tanh', 'sigmoid', 'elu']","[1e-05, 0.01]","[2, 3, 4, 5, 6, 7, 8, 9, 10, 11, 12, 13, 14, 15, 16, 17, 18, 19, 20, 21, 22, 23, 24, 25, 26, 27, 28, 29, 30]","[16, 32, 64, 128]","[5, 10, 15, 20]","[2, 3, 5, 7]","[2, 4, 8]",evolution,minimize,local
n1k7dzsu,208,1434,1779257613086,,/home/meliani/nni-experiments/n1k7dzsu,63,exp_evolution_80_ali_only_ali_only,hpo,/home/meliani/Desktop/phd/fast-track/search_space.json,python3 trial.py --data ./ali_only.csv,/home/meliani/Desktop/phd/fast-track,1,360000s,80,False,False,info,/home/meliani/nni-experiments,"['LSTM', 'GRU', 'CNN', 'RNN', 'TCN', 'Transformer', 'MLP']","[16, 32, 64, 128, 256]","[1, 2, 3, 4]","[0, 0.1, 0.2, 0.3, 0.5]","['relu', 'tanh', 'sigmoid', 'elu']","[1e-05, 0.01]","[2, 3, 4, 5, 6, 7, 8, 9, 10, 11, 12, 13, 14, 15, 16, 17, 18, 19, 20, 21, 22, 23, 24, 25, 26, 27, 28, 29, 30]","[16, 32, 64, 128]","[5, 10, 15, 20]","[2, 3, 5, 7]","[2, 4, 8]",evolution,minimize,local
n1k7dzsu,209,1440,1779257613086,,/home/meliani/nni-experiments/n1k7dzsu,63,exp_evolution_80_ali_only_ali_only,hpo,/home/meliani/Desktop/phd/fast-track/search_space.json,python3 trial.py --data ./ali_only.csv,/home/meliani/Desktop/phd/fast-track,1,360000s,80,False,False,info,/home/meliani/nni-experiments,"['LSTM', 'GRU', 'CNN', 'RNN', 'TCN', 'Transformer', 'MLP']","[16, 32, 64, 128, 256]","[1, 2, 3, 4]","[0, 0.1, 0.2, 0.3, 0.5]","['relu', 'tanh', 'sigmoid', 'elu']","[1e-05, 0.01]","[2, 3, 4, 5, 6, 7, 8, 9, 10, 11, 12, 13, 14, 15, 16, 17, 18, 19, 20, 21, 22, 23, 24, 25, 26, 27, 28, 29, 30]","[16, 32, 64, 128]","[5, 10, 15, 20]","[2, 3, 5, 7]","[2, 4, 8]",evolution,minimize,local
n1k7dzsu,210,1443,1779257613086,,/home/meliani/nni-experiments/n1k7dzsu,64,exp_evolution_80_ali_only_ali_only,hpo,/home/meliani/Desktop/phd/fast-track/search_space.json,python3 trial.py --data ./ali_only.csv,/home/meliani/Desktop/phd/fast-track,1,360000s,80,False,False,info,/home/meliani/nni-experiments,"['LSTM', 'GRU', 'CNN', 'RNN', 'TCN', 'Transformer', 'MLP']","[16, 32, 64, 128, 256]","[1, 2, 3, 4]","[0, 0.1, 0.2, 0.3, 0.5]","['relu', 'tanh', 'sigmoid', 'elu']","[1e-05, 0.01]","[2, 3, 4, 5, 6, 7, 8, 9, 10, 11, 12, 13, 14, 15, 16, 17, 18, 19, 20, 21, 22, 23, 24, 25, 26, 27, 28, 29, 30]","[16, 32, 64, 128]","[5, 10, 15, 20]","[2, 3, 5, 7]","[2, 4, 8]",evolution,minimize,local
n1k7dzsu,211,1450,1779257613086,,/home/meliani/nni-experiments/n1k7dzsu,64,exp_evolution_80_ali_only_ali_only,hpo,/home/meliani/Desktop/phd/fast-track/search_space.json,python3 trial.py --data ./ali_only.csv,/home/meliani/Desktop/phd/fast-track,1,360000s,80,False,False,info,/home/meliani/nni-experiments,"['LSTM', 'GRU', 'CNN', 'RNN', 'TCN', 'Transformer', 'MLP']","[16, 32, 64, 128, 256]","[1, 2, 3, 4]","[0, 0.1, 0.2, 0.3, 0.5]","['relu', 'tanh', 'sigmoid', 'elu']","[1e-05, 0.01]","[2, 3, 4, 5, 6, 7, 8, 9, 10, 11, 12, 13, 14, 15, 16, 17, 18, 19, 20, 21, 22, 23, 24, 25, 26, 27, 28, 29, 30]","[16, 32, 64, 128]","[5, 10, 15, 20]","[2, 3, 5, 7]","[2, 4, 8]",evolution,minimize,local
n1k7dzsu,212,1459,1779257613086,,/home/meliani/nni-experiments/n1k7dzsu,65,exp_evolution_80_ali_only_ali_only,hpo,/home/meliani/Desktop/phd/fast-track/search_space.json,python3 trial.py --data ./ali_only.csv,/home/meliani/Desktop/phd/fast-track,1,360000s,80,False,False,info,/home/meliani/nni-experiments,"['LSTM', 'GRU', 'CNN', 'RNN', 'TCN', 'Transformer', 'MLP']","[16, 32, 64, 128, 256]","[1, 2, 3, 4]","[0, 0.1, 0.2, 0.3, 0.5]","['relu', 'tanh', 'sigmoid', 'elu']","[1e-05, 0.01]","[2, 3, 4, 5, 6, 7, 8, 9, 10, 11, 12, 13, 14, 15, 16, 17, 18, 19, 20, 21, 22, 23, 24, 25, 26, 27, 28, 29, 30]","[16, 32, 64, 128]","[5, 10, 15, 20]","[2, 3, 5, 7]","[2, 4, 8]",evolution,minimize,local
n1k7dzsu,213,1460,1779257613086,,/home/meliani/nni-experiments/n1k7dzsu,65,exp_evolution_80_ali_only_ali_only,hpo,/home/meliani/Desktop/phd/fast-track/search_space.json,python3 trial.py --data ./ali_only.csv,/home/meliani/Desktop/phd/fast-track,1,360000s,80,False,False,info,/home/meliani/nni-experiments,"['LSTM', 'GRU', 'CNN', 'RNN', 'TCN', 'Transformer', 'MLP']","[16, 32, 64, 128, 256]","[1, 2, 3, 4]","[0, 0.1, 0.2, 0.3, 0.5]","['relu', 'tanh', 'sigmoid', 'elu']","[1e-05, 0.01]","[2, 3, 4, 5, 6, 7, 8, 9, 10, 11, 12, 13, 14, 15, 16, 17, 18, 19, 20, 21, 22, 23, 24, 25, 26, 27, 28, 29, 30]","[16, 32, 64, 128]","[5, 10, 15, 20]","[2, 3, 5, 7]","[2, 4, 8]",evolution,minimize,local
n1k7dzsu,214,1464,1779257613086,,/home/meliani/nni-experiments/n1k7dzsu,66,exp_evolution_80_ali_only_ali_only,hpo,/home/meliani/Desktop/phd/fast-track/search_space.json,python3 trial.py --data ./ali_only.csv,/home/meliani/Desktop/phd/fast-track,1,360000s,80,False,False,info,/home/meliani/nni-experiments,"['LSTM', 'GRU', 'CNN', 'RNN', 'TCN', 'Transformer', 'MLP']","[16, 32, 64, 128, 256]","[1, 2, 3, 4]","[0, 0.1, 0.2, 0.3, 0.5]","['relu', 'tanh', 'sigmoid', 'elu']","[1e-05, 0.01]","[2, 3, 4, 5, 6, 7, 8, 9, 10, 11, 12, 13, 14, 15, 16, 17, 18, 19, 20, 21, 22, 23, 24, 25, 26, 27, 28, 29, 30]","[16, 32, 64, 128]","[5, 10, 15, 20]","[2, 3, 5, 7]","[2, 4, 8]",evolution,minimize,local
n1k7dzsu,215,1469,1779257613086,,/home/meliani/nni-experiments/n1k7dzsu,67,exp_evolution_80_ali_only_ali_only,hpo,/home/meliani/Desktop/phd/fast-track/search_space.json,python3 trial.py --data ./ali_only.csv,/home/meliani/Desktop/phd/fast-track,1,360000s,80,False,False,info,/home/meliani/nni-experiments,"['LSTM', 'GRU', 'CNN', 'RNN', 'TCN', 'Transformer', 'MLP']","[16, 32, 64, 128, 256]","[1, 2, 3, 4]","[0, 0.1, 0.2, 0.3, 0.5]","['relu', 'tanh', 'sigmoid', 'elu']","[1e-05, 0.01]","[2, 3, 4, 5, 6, 7, 8, 9, 10, 11, 12, 13, 14, 15, 16, 17, 18, 19, 20, 21, 22, 23, 24, 25, 26, 27, 28, 29, 30]","[16, 32, 64, 128]","[5, 10, 15, 20]","[2, 3, 5, 7]","[2, 4, 8]",evolution,minimize,local
n1k7dzsu,216,1470,1779257613086,,/home/meliani/nni-experiments/n1k7dzsu,67,exp_evolution_80_ali_only_ali_only,hpo,/home/meliani/Desktop/phd/fast-track/search_space.json,python3 trial.py --data ./ali_only.csv,/home/meliani/Desktop/phd/fast-track,1,360000s,80,False,False,info,/home/meliani/nni-experiments,"['LSTM', 'GRU', 'CNN', 'RNN', 'TCN', 'Transformer', 'MLP']","[16, 32, 64, 128, 256]","[1, 2, 3, 4]","[0, 0.1, 0.2, 0.3, 0.5]","['relu', 'tanh', 'sigmoid', 'elu']","[1e-05, 0.01]","[2, 3, 4, 5, 6, 7, 8, 9, 10, 11, 12, 13, 14, 15, 16, 17, 18, 19, 20, 21, 22, 23, 24, 25, 26, 27, 28, 29, 30]","[16, 32, 64, 128]","[5, 10, 15, 20]","[2, 3, 5, 7]","[2, 4, 8]",evolution,minimize,local
n1k7dzsu,217,1476,1779257613086,,/home/meliani/nni-experiments/n1k7dzsu,68,exp_evolution_80_ali_only_ali_only,hpo,/home/meliani/Desktop/phd/fast-track/search_space.json,python3 trial.py --data ./ali_only.csv,/home/meliani/Desktop/phd/fast-track,1,360000s,80,False,False,info,/home/meliani/nni-experiments,"['LSTM', 'GRU', 'CNN', 'RNN', 'TCN', 'Transformer', 'MLP']","[16, 32, 64, 128, 256]","[1, 2, 3, 4]","[0, 0.1, 0.2, 0.3, 0.5]","['relu', 'tanh', 'sigmoid', 'elu']","[1e-05, 0.01]","[2, 3, 4, 5, 6, 7, 8, 9, 10, 11, 12, 13, 14, 15, 16, 17, 18, 19, 20, 21, 22, 23, 24, 25, 26, 27, 28, 29, 30]","[16, 32, 64, 128]","[5, 10, 15, 20]","[2, 3, 5, 7]","[2, 4, 8]",evolution,minimize,local
n1k7dzsu,218,1480,1779257613086,,/home/meliani/nni-experiments/n1k7dzsu,68,exp_evolution_80_ali_only_ali_only,hpo,/home/meliani/Desktop/phd/fast-track/search_space.json,python3 trial.py --data ./ali_only.csv,/home/meliani/Desktop/phd/fast-track,1,360000s,80,False,False,info,/home/meliani/nni-experiments,"['LSTM', 'GRU', 'CNN', 'RNN', 'TCN', 'Transformer', 'MLP']","[16, 32, 64, 128, 256]","[1, 2, 3, 4]","[0, 0.1, 0.2, 0.3, 0.5]","['relu', 'tanh', 'sigmoid', 'elu']","[1e-05, 0.01]","[2, 3, 4, 5, 6, 7, 8, 9, 10, 11, 12, 13, 14, 15, 16, 17, 18, 19, 20, 21, 22, 23, 24, 25, 26, 27, 28, 29, 30]","[16, 32, 64, 128]","[5, 10, 15, 20]","[2, 3, 5, 7]","[2, 4, 8]",evolution,minimize,local
n1k7dzsu,219,1483,1779257613086,,/home/meliani/nni-experiments/n1k7dzsu,69,exp_evolution_80_ali_only_ali_only,hpo,/home/meliani/Desktop/phd/fast-track/search_space.json,python3 trial.py --data ./ali_only.csv,/home/meliani/Desktop/phd/fast-track,1,360000s,80,False,False,info,/home/meliani/nni-experiments,"['LSTM', 'GRU', 'CNN', 'RNN', 'TCN', 'Transformer', 'MLP']","[16, 32, 64, 128, 256]","[1, 2, 3, 4]","[0, 0.1, 0.2, 0.3, 0.5]","['relu', 'tanh', 'sigmoid', 'elu']","[1e-05, 0.01]","[2, 3, 4, 5, 6, 7, 8, 9, 10, 11, 12, 13, 14, 15, 16, 17, 18, 19, 20, 21, 22, 23, 24, 25, 26, 27, 28, 29, 30]","[16, 32, 64, 128]","[5, 10, 15, 20]","[2, 3, 5, 7]","[2, 4, 8]",evolution,minimize,local
n1k7dzsu,220,1490,1779257613086,,/home/meliani/nni-experiments/n1k7dzsu,69,exp_evolution_80_ali_only_ali_only,hpo,/home/meliani/Desktop/phd/fast-track/search_space.json,python3 trial.py --data ./ali_only.csv,/home/meliani/Desktop/phd/fast-track,1,360000s,80,False,False,info,/home/meliani/nni-experiments,"['LSTM', 'GRU', 'CNN', 'RNN', 'TCN', 'Transformer', 'MLP']","[16, 32, 64, 128, 256]","[1, 2, 3, 4]","[0, 0.1, 0.2, 0.3, 0.5]","['relu', 'tanh', 'sigmoid', 'elu']","[1e-05, 0.01]","[2, 3, 4, 5, 6, 7, 8, 9, 10, 11, 12, 13, 14, 15, 16, 17, 18, 19, 20, 21, 22, 23, 24, 25, 26, 27, 28, 29, 30]","[16, 32, 64, 128]","[5, 10, 15, 20]","[2, 3, 5, 7]","[2, 4, 8]",evolution,minimize,local
n1k7dzsu,221,1490,1779257613086,,/home/meliani/nni-experiments/n1k7dzsu,70,exp_evolution_80_ali_only_ali_only,hpo,/home/meliani/Desktop/phd/fast-track/search_space.json,python3 trial.py --data ./ali_only.csv,/home/meliani/Desktop/phd/fast-track,1,360000s,80,False,False,info,/home/meliani/nni-experiments,"['LSTM', 'GRU', 'CNN', 'RNN', 'TCN', 'Transformer', 'MLP']","[16, 32, 64, 128, 256]","[1, 2, 3, 4]","[0, 0.1, 0.2, 0.3, 0.5]","['relu', 'tanh', 'sigmoid', 'elu']","[1e-05, 0.01]","[2, 3, 4, 5, 6, 7, 8, 9, 10, 11, 12, 13, 14, 15, 16, 17, 18, 19, 20, 21, 22, 23, 24, 25, 26, 27, 28, 29, 30]","[16, 32, 64, 128]","[5, 10, 15, 20]","[2, 3, 5, 7]","[2, 4, 8]",evolution,minimize,local
n1k7dzsu,222,1495,1779257613086,,/home/meliani/nni-experiments/n1k7dzsu,71,exp_evolution_80_ali_only_ali_only,hpo,/home/meliani/Desktop/phd/fast-track/search_space.json,python3 trial.py --data ./ali_only.csv,/home/meliani/Desktop/phd/fast-track,1,360000s,80,False,False,info,/home/meliani/nni-experiments,"['LSTM', 'GRU', 'CNN', 'RNN', 'TCN', 'Transformer', 'MLP']","[16, 32, 64, 128, 256]","[1, 2, 3, 4]","[0, 0.1, 0.2, 0.3, 0.5]","['relu', 'tanh', 'sigmoid', 'elu']","[1e-05, 0.01]","[2, 3, 4, 5, 6, 7, 8, 9, 10, 11, 12, 13, 14, 15, 16, 17, 18, 19, 20, 21, 22, 23, 24, 25, 26, 27, 28, 29, 30]","[16, 32, 64, 128]","[5, 10, 15, 20]","[2, 3, 5, 7]","[2, 4, 8]",evolution,minimize,local
n1k7dzsu,223,1500,1779257613086,,/home/meliani/nni-experiments/n1k7dzsu,72,exp_evolution_80_ali_only_ali_only,hpo,/home/meliani/Desktop/phd/fast-track/search_space.json,python3 trial.py --data ./ali_only.csv,/home/meliani/Desktop/phd/fast-track,1,360000s,80,False,False,info,/home/meliani/nni-experiments,"['LSTM', 'GRU', 'CNN', 'RNN', 'TCN', 'Transformer', 'MLP']","[16, 32, 64, 128, 256]","[1, 2, 3, 4]","[0, 0.1, 0.2, 0.3, 0.5]","['relu', 'tanh', 'sigmoid', 'elu']","[1e-05, 0.01]","[2, 3, 4, 5, 6, 7, 8, 9, 10, 11, 12, 13, 14, 15, 16, 17, 18, 19, 20, 21, 22, 23, 24, 25, 26, 27, 28, 29, 30]","[16, 32, 64, 128]","[5, 10, 15, 20]","[2, 3, 5, 7]","[2, 4, 8]",evolution,minimize,local
n1k7dzsu,224,1500,1779257613086,,/home/meliani/nni-experiments/n1k7dzsu,72,exp_evolution_80_ali_only_ali_only,hpo,/home/meliani/Desktop/phd/fast-track/search_space.json,python3 trial.py --data ./ali_only.csv,/home/meliani/Desktop/phd/fast-track,1,360000s,80,False,False,info,/home/meliani/nni-experiments,"['LSTM', 'GRU', 'CNN', 'RNN', 'TCN', 'Transformer', 'MLP']","[16, 32, 64, 128, 256]","[1, 2, 3, 4]","[0, 0.1, 0.2, 0.3, 0.5]","['relu', 'tanh', 'sigmoid', 'elu']","[1e-05, 0.01]","[2, 3, 4, 5, 6, 7, 8, 9, 10, 11, 12, 13, 14, 15, 16, 17, 18, 19, 20, 21, 22, 23, 24, 25, 26, 27, 28, 29, 30]","[16, 32, 64, 128]","[5, 10, 15, 20]","[2, 3, 5, 7]","[2, 4, 8]",evolution,minimize,local
n1k7dzsu,225,1507,1779257613086,,/home/meliani/nni-experiments/n1k7dzsu,73,exp_evolution_80_ali_only_ali_only,hpo,/home/meliani/Desktop/phd/fast-track/search_space.json,python3 trial.py --data ./ali_only.csv,/home/meliani/Desktop/phd/fast-track,1,360000s,80,False,False,info,/home/meliani/nni-experiments,"['LSTM', 'GRU', 'CNN', 'RNN', 'TCN', 'Transformer', 'MLP']","[16, 32, 64, 128, 256]","[1, 2, 3, 4]","[0, 0.1, 0.2, 0.3, 0.5]","['relu', 'tanh', 'sigmoid', 'elu']","[1e-05, 0.01]","[2, 3, 4, 5, 6, 7, 8, 9, 10, 11, 12, 13, 14, 15, 16, 17, 18, 19, 20, 21, 22, 23, 24, 25, 26, 27, 28, 29, 30]","[16, 32, 64, 128]","[5, 10, 15, 20]","[2, 3, 5, 7]","[2, 4, 8]",evolution,minimize,local
n1k7dzsu,226,1510,1779257613086,,/home/meliani/nni-experiments/n1k7dzsu,73,exp_evolution_80_ali_only_ali_only,hpo,/home/meliani/Desktop/phd/fast-track/search_space.json,python3 trial.py --data ./ali_only.csv,/home/meliani/Desktop/phd/fast-track,1,360000s,80,False,False,info,/home/meliani/nni-experiments,"['LSTM', 'GRU', 'CNN', 'RNN', 'TCN', 'Transformer', 'MLP']","[16, 32, 64, 128, 256]","[1, 2, 3, 4]","[0, 0.1, 0.2, 0.3, 0.5]","['relu', 'tanh', 'sigmoid', 'elu']","[1e-05, 0.01]","[2, 3, 4, 5, 6, 7, 8, 9, 10, 11, 12, 13, 14, 15, 16, 17, 18, 19, 20, 21, 22, 23, 24, 25, 26, 27, 28, 29, 30]","[16, 32, 64, 128]","[5, 10, 15, 20]","[2, 3, 5, 7]","[2, 4, 8]",evolution,minimize,local
n1k7dzsu,227,1516,1779257613086,,/home/meliani/nni-experiments/n1k7dzsu,74,exp_evolution_80_ali_only_ali_only,hpo,/home/meliani/Desktop/phd/fast-track/search_space.json,python3 trial.py --data ./ali_only.csv,/home/meliani/Desktop/phd/fast-track,1,360000s,80,False,False,info,/home/meliani/nni-experiments,"['LSTM', 'GRU', 'CNN', 'RNN', 'TCN', 'Transformer', 'MLP']","[16, 32, 64, 128, 256]","[1, 2, 3, 4]","[0, 0.1, 0.2, 0.3, 0.5]","['relu', 'tanh', 'sigmoid', 'elu']","[1e-05, 0.01]","[2, 3, 4, 5, 6, 7, 8, 9, 10, 11, 12, 13, 14, 15, 16, 17, 18, 19, 20, 21, 22, 23, 24, 25, 26, 27, 28, 29, 30]","[16, 32, 64, 128]","[5, 10, 15, 20]","[2, 3, 5, 7]","[2, 4, 8]",evolution,minimize,local
n1k7dzsu,228,1520,1779257613086,,/home/meliani/nni-experiments/n1k7dzsu,74,exp_evolution_80_ali_only_ali_only,hpo,/home/meliani/Desktop/phd/fast-track/search_space.json,python3 trial.py --data ./ali_only.csv,/home/meliani/Desktop/phd/fast-track,1,360000s,80,False,False,info,/home/meliani/nni-experiments,"['LSTM', 'GRU', 'CNN', 'RNN', 'TCN', 'Transformer', 'MLP']","[16, 32, 64, 128, 256]","[1, 2, 3, 4]","[0, 0.1, 0.2, 0.3, 0.5]","['relu', 'tanh', 'sigmoid', 'elu']","[1e-05, 0.01]","[2, 3, 4, 5, 6, 7, 8, 9, 10, 11, 12, 13, 14, 15, 16, 17, 18, 19, 20, 21, 22, 23, 24, 25, 26, 27, 28, 29, 30]","[16, 32, 64, 128]","[5, 10, 15, 20]","[2, 3, 5, 7]","[2, 4, 8]",evolution,minimize,local
n1k7dzsu,229,1520,1779257613086,,/home/meliani/nni-experiments/n1k7dzsu,75,exp_evolution_80_ali_only_ali_only,hpo,/home/meliani/Desktop/phd/fast-track/search_space.json,python3 trial.py --data ./ali_only.csv,/home/meliani/Desktop/phd/fast-track,1,360000s,80,False,False,info,/home/meliani/nni-experiments,"['LSTM', 'GRU', 'CNN', 'RNN', 'TCN', 'Transformer', 'MLP']","[16, 32, 64, 128, 256]","[1, 2, 3, 4]","[0, 0.1, 0.2, 0.3, 0.5]","['relu', 'tanh', 'sigmoid', 'elu']","[1e-05, 0.01]","[2, 3, 4, 5, 6, 7, 8, 9, 10, 11, 12, 13, 14, 15, 16, 17, 18, 19, 20, 21, 22, 23, 24, 25, 26, 27, 28, 29, 30]","[16, 32, 64, 128]","[5, 10, 15, 20]","[2, 3, 5, 7]","[2, 4, 8]",evolution,minimize,local
n1k7dzsu,230,1525,1779257613086,,/home/meliani/nni-experiments/n1k7dzsu,76,exp_evolution_80_ali_only_ali_only,hpo,/home/meliani/Desktop/phd/fast-track/search_space.json,python3 trial.py --data ./ali_only.csv,/home/meliani/Desktop/phd/fast-track,1,360000s,80,False,False,info,/home/meliani/nni-experiments,"['LSTM', 'GRU', 'CNN', 'RNN', 'TCN', 'Transformer', 'MLP']","[16, 32, 64, 128, 256]","[1, 2, 3, 4]","[0, 0.1, 0.2, 0.3, 0.5]","['relu', 'tanh', 'sigmoid', 'elu']","[1e-05, 0.01]","[2, 3, 4, 5, 6, 7, 8, 9, 10, 11, 12, 13, 14, 15, 16, 17, 18, 19, 20, 21, 22, 23, 24, 25, 26, 27, 28, 29, 30]","[16, 32, 64, 128]","[5, 10, 15, 20]","[2, 3, 5, 7]","[2, 4, 8]",evolution,minimize,local
n1k7dzsu,231,1530,1779257613086,,/home/meliani/nni-experiments/n1k7dzsu,76,exp_evolution_80_ali_only_ali_only,hpo,/home/meliani/Desktop/phd/fast-track/search_space.json,python3 trial.py --data ./ali_only.csv,/home/meliani/Desktop/phd/fast-track,1,360000s,80,False,False,info,/home/meliani/nni-experiments,"['LSTM', 'GRU', 'CNN', 'RNN', 'TCN', 'Transformer', 'MLP']","[16, 32, 64, 128, 256]","[1, 2, 3, 4]","[0, 0.1, 0.2, 0.3, 0.5]","['relu', 'tanh', 'sigmoid', 'elu']","[1e-05, 0.01]","[2, 3, 4, 5, 6, 7, 8, 9, 10, 11, 12, 13, 14, 15, 16, 17, 18, 19, 20, 21, 22, 23, 24, 25, 26, 27, 28, 29, 30]","[16, 32, 64, 128]","[5, 10, 15, 20]","[2, 3, 5, 7]","[2, 4, 8]",evolution,minimize,local
n1k7dzsu,232,1535,1779257613086,,/home/meliani/nni-experiments/n1k7dzsu,77,exp_evolution_80_ali_only_ali_only,hpo,/home/meliani/Desktop/phd/fast-track/search_space.json,python3 trial.py --data ./ali_only.csv,/home/meliani/Desktop/phd/fast-track,1,360000s,80,False,False,info,/home/meliani/nni-experiments,"['LSTM', 'GRU', 'CNN', 'RNN', 'TCN', 'Transformer', 'MLP']","[16, 32, 64, 128, 256]","[1, 2, 3, 4]","[0, 0.1, 0.2, 0.3, 0.5]","['relu', 'tanh', 'sigmoid', 'elu']","[1e-05, 0.01]","[2, 3, 4, 5, 6, 7, 8, 9, 10, 11, 12, 13, 14, 15, 16, 17, 18, 19, 20, 21, 22, 23, 24, 25, 26, 27, 28, 29, 30]","[16, 32, 64, 128]","[5, 10, 15, 20]","[2, 3, 5, 7]","[2, 4, 8]",evolution,minimize,local
n1k7dzsu,233,1540,1779257613086,,/home/meliani/nni-experiments/n1k7dzsu,77,exp_evolution_80_ali_only_ali_only,hpo,/home/meliani/Desktop/phd/fast-track/search_space.json,python3 trial.py --data ./ali_only.csv,/home/meliani/Desktop/phd/fast-track,1,360000s,80,False,False,info,/home/meliani/nni-experiments,"['LSTM', 'GRU', 'CNN', 'RNN', 'TCN', 'Transformer', 'MLP']","[16, 32, 64, 128, 256]","[1, 2, 3, 4]","[0, 0.1, 0.2, 0.3, 0.5]","['relu', 'tanh', 'sigmoid', 'elu']","[1e-05, 0.01]","[2, 3, 4, 5, 6, 7, 8, 9, 10, 11, 12, 13, 14, 15, 16, 17, 18, 19, 20, 21, 22, 23, 24, 25, 26, 27, 28, 29, 30]","[16, 32, 64, 128]","[5, 10, 15, 20]","[2, 3, 5, 7]","[2, 4, 8]",evolution,minimize,local
n1k7dzsu,234,1544,1779257613086,,/home/meliani/nni-experiments/n1k7dzsu,78,exp_evolution_80_ali_only_ali_only,hpo,/home/meliani/Desktop/phd/fast-track/search_space.json,python3 trial.py --data ./ali_only.csv,/home/meliani/Desktop/phd/fast-track,1,360000s,80,False,False,info,/home/meliani/nni-experiments,"['LSTM', 'GRU', 'CNN', 'RNN', 'TCN', 'Transformer', 'MLP']","[16, 32, 64, 128, 256]","[1, 2, 3, 4]","[0, 0.1, 0.2, 0.3, 0.5]","['relu', 'tanh', 'sigmoid', 'elu']","[1e-05, 0.01]","[2, 3, 4, 5, 6, 7, 8, 9, 10, 11, 12, 13, 14, 15, 16, 17, 18, 19, 20, 21, 22, 23, 24, 25, 26, 27, 28, 29, 30]","[16, 32, 64, 128]","[5, 10, 15, 20]","[2, 3, 5, 7]","[2, 4, 8]",evolution,minimize,local
n1k7dzsu,235,1549,1779257613086,,/home/meliani/nni-experiments/n1k7dzsu,79,exp_evolution_80_ali_only_ali_only,hpo,/home/meliani/Desktop/phd/fast-track/search_space.json,python3 trial.py --data ./ali_only.csv,/home/meliani/Desktop/phd/fast-track,1,360000s,80,False,False,info,/home/meliani/nni-experiments,"['LSTM', 'GRU', 'CNN', 'RNN', 'TCN', 'Transformer', 'MLP']","[16, 32, 64, 128, 256]","[1, 2, 3, 4]","[0, 0.1, 0.2, 0.3, 0.5]","['relu', 'tanh', 'sigmoid', 'elu']","[1e-05, 0.01]","[2, 3, 4, 5, 6, 7, 8, 9, 10, 11, 12, 13, 14, 15, 16, 17, 18, 19, 20, 21, 22, 23, 24, 25, 26, 27, 28, 29, 30]","[16, 32, 64, 128]","[5, 10, 15, 20]","[2, 3, 5, 7]","[2, 4, 8]",evolution,minimize,local
n1k7dzsu,236,1550,1779257613086,,/home/meliani/nni-experiments/n1k7dzsu,79,exp_evolution_80_ali_only_ali_only,hpo,/home/meliani/Desktop/phd/fast-track/search_space.json,python3 trial.py --data ./ali_only.csv,/home/meliani/Desktop/phd/fast-track,1,360000s,80,False,False,info,/home/meliani/nni-experiments,"['LSTM', 'GRU', 'CNN', 'RNN', 'TCN', 'Transformer', 'MLP']","[16, 32, 64, 128, 256]","[1, 2, 3, 4]","[0, 0.1, 0.2, 0.3, 0.5]","['relu', 'tanh', 'sigmoid', 'elu']","[1e-05, 0.01]","[2, 3, 4, 5, 6, 7, 8, 9, 10, 11, 12, 13, 14, 15, 16, 17, 18, 19, 20, 21, 22, 23, 24, 25, 26, 27, 28, 29, 30]","[16, 32, 64, 128]","[5, 10, 15, 20]","[2, 3, 5, 7]","[2, 4, 8]",evolution,minimize,local
n1k7dzsu,237,1553,1779257613086,,/home/meliani/nni-experiments/n1k7dzsu,80,exp_evolution_80_ali_only_ali_only,hpo,/home/meliani/Desktop/phd/fast-track/search_space.json,python3 trial.py --data ./ali_only.csv,/home/meliani/Desktop/phd/fast-track,1,360000s,80,False,False,info,/home/meliani/nni-experiments,"['LSTM', 'GRU', 'CNN', 'RNN', 'TCN', 'Transformer', 'MLP']","[16, 32, 64, 128, 256]","[1, 2, 3, 4]","[0, 0.1, 0.2, 0.3, 0.5]","['relu', 'tanh', 'sigmoid', 'elu']","[1e-05, 0.01]","[2, 3, 4, 5, 6, 7, 8, 9, 10, 11, 12, 13, 14, 15, 16, 17, 18, 19, 20, 21, 22, 23, 24, 25, 26, 27, 28, 29, 30]","[16, 32, 64, 128]","[5, 10, 15, 20]","[2, 3, 5, 7]","[2, 4, 8]",evolution,minimize,local
n1k7dzsu,238,1557,1779257613086,1779259176585,/home/meliani/nni-experiments/n1k7dzsu,80,exp_evolution_80_ali_only_ali_only,hpo,/home/meliani/Desktop/phd/fast-track/search_space.json,python3 trial.py --data ./ali_only.csv,/home/meliani/Desktop/phd/fast-track,1,360000s,80,False,False,info,/home/meliani/nni-experiments,"['LSTM', 'GRU', 'CNN', 'RNN', 'TCN', 'Transformer', 'MLP']","[16, 32, 64, 128, 256]","[1, 2, 3, 4]","[0, 0.1, 0.2, 0.3, 0.5]","['relu', 'tanh', 'sigmoid', 'elu']","[1e-05, 0.01]","[2, 3, 4, 5, 6, 7, 8, 9, 10, 11, 12, 13, 14, 15, 16, 17, 18, 19, 20, 21, 22, 23, 24, 25, 26, 27, 28, 29, 30]","[16, 32, 64, 128]","[5, 10, 15, 20]","[2, 3, 5, 7]","[2, 4, 8]",evolution,minimize,local
