experiment_id,trial_id,status,start_time,end_time,working_directory,exit_code,experiment_name,experiment_type,search_space_file,trial_command,trial_code_directory,trial_concurrency,max_duration,max_trials,use_annotation,debug_mode,log_level,exp_working_dir,model_types,unit_values,layer_counts,dropout_rates,activations,learning_rate_range,window_sizes,batch_sizes,epoch_options,kernel_sizes,attention_heads,tuner_name,optimize_mode,training_platform
p48shjrg,1,0,1779153818805,,/home/meliani/nni-experiments/p48shjrg,0,exp_random_1800s_local_only_local_only,hpo,/home/meliani/Desktop/phd/fast-track/search_space.json,python3 trial.py --data ./local_only.csv,/home/meliani/Desktop/phd/fast-track,1,1800s,100000000,False,False,info,/home/meliani/nni-experiments,"['LSTM', 'GRU', 'CNN', 'RNN', 'TCN', 'Transformer', 'MLP']","[16, 32, 64, 128, 256]","[1, 2, 3, 4]","[0, 0.1, 0.2, 0.3, 0.5]","['relu', 'tanh', 'sigmoid', 'elu']","[1e-05, 0.01]","[2, 3, 4, 5, 6, 7, 8, 9, 10, 11, 12, 13, 14, 15, 16, 17, 18, 19, 20, 21, 22, 23, 24, 25, 26, 27, 28, 29, 30]","[16, 32, 64, 128]","[5, 10, 15, 20]","[2, 3, 5, 7]","[2, 4, 8]",random,minimize,local
p48shjrg,2,0,1779153818805,,/home/meliani/nni-experiments/p48shjrg,0,exp_random_1800s_local_only_local_only,hpo,/home/meliani/Desktop/phd/fast-track/search_space.json,python3 trial.py --data ./local_only.csv,/home/meliani/Desktop/phd/fast-track,1,1800s,100000000,False,False,info,/home/meliani/nni-experiments,"['LSTM', 'GRU', 'CNN', 'RNN', 'TCN', 'Transformer', 'MLP']","[16, 32, 64, 128, 256]","[1, 2, 3, 4]","[0, 0.1, 0.2, 0.3, 0.5]","['relu', 'tanh', 'sigmoid', 'elu']","[1e-05, 0.01]","[2, 3, 4, 5, 6, 7, 8, 9, 10, 11, 12, 13, 14, 15, 16, 17, 18, 19, 20, 21, 22, 23, 24, 25, 26, 27, 28, 29, 30]","[16, 32, 64, 128]","[5, 10, 15, 20]","[2, 3, 5, 7]","[2, 4, 8]",random,minimize,local
p48shjrg,3,1,1779153818805,,/home/meliani/nni-experiments/p48shjrg,1,exp_random_1800s_local_only_local_only,hpo,/home/meliani/Desktop/phd/fast-track/search_space.json,python3 trial.py --data ./local_only.csv,/home/meliani/Desktop/phd/fast-track,1,1800s,100000000,False,False,info,/home/meliani/nni-experiments,"['LSTM', 'GRU', 'CNN', 'RNN', 'TCN', 'Transformer', 'MLP']","[16, 32, 64, 128, 256]","[1, 2, 3, 4]","[0, 0.1, 0.2, 0.3, 0.5]","['relu', 'tanh', 'sigmoid', 'elu']","[1e-05, 0.01]","[2, 3, 4, 5, 6, 7, 8, 9, 10, 11, 12, 13, 14, 15, 16, 17, 18, 19, 20, 21, 22, 23, 24, 25, 26, 27, 28, 29, 30]","[16, 32, 64, 128]","[5, 10, 15, 20]","[2, 3, 5, 7]","[2, 4, 8]",random,minimize,local
p48shjrg,4,10,1779153818805,,/home/meliani/nni-experiments/p48shjrg,1,exp_random_1800s_local_only_local_only,hpo,/home/meliani/Desktop/phd/fast-track/search_space.json,python3 trial.py --data ./local_only.csv,/home/meliani/Desktop/phd/fast-track,1,1800s,100000000,False,False,info,/home/meliani/nni-experiments,"['LSTM', 'GRU', 'CNN', 'RNN', 'TCN', 'Transformer', 'MLP']","[16, 32, 64, 128, 256]","[1, 2, 3, 4]","[0, 0.1, 0.2, 0.3, 0.5]","['relu', 'tanh', 'sigmoid', 'elu']","[1e-05, 0.01]","[2, 3, 4, 5, 6, 7, 8, 9, 10, 11, 12, 13, 14, 15, 16, 17, 18, 19, 20, 21, 22, 23, 24, 25, 26, 27, 28, 29, 30]","[16, 32, 64, 128]","[5, 10, 15, 20]","[2, 3, 5, 7]","[2, 4, 8]",random,minimize,local
p48shjrg,5,16,1779153818805,,/home/meliani/nni-experiments/p48shjrg,2,exp_random_1800s_local_only_local_only,hpo,/home/meliani/Desktop/phd/fast-track/search_space.json,python3 trial.py --data ./local_only.csv,/home/meliani/Desktop/phd/fast-track,1,1800s,100000000,False,False,info,/home/meliani/nni-experiments,"['LSTM', 'GRU', 'CNN', 'RNN', 'TCN', 'Transformer', 'MLP']","[16, 32, 64, 128, 256]","[1, 2, 3, 4]","[0, 0.1, 0.2, 0.3, 0.5]","['relu', 'tanh', 'sigmoid', 'elu']","[1e-05, 0.01]","[2, 3, 4, 5, 6, 7, 8, 9, 10, 11, 12, 13, 14, 15, 16, 17, 18, 19, 20, 21, 22, 23, 24, 25, 26, 27, 28, 29, 30]","[16, 32, 64, 128]","[5, 10, 15, 20]","[2, 3, 5, 7]","[2, 4, 8]",random,minimize,local
p48shjrg,6,20,1779153818805,,/home/meliani/nni-experiments/p48shjrg,2,exp_random_1800s_local_only_local_only,hpo,/home/meliani/Desktop/phd/fast-track/search_space.json,python3 trial.py --data ./local_only.csv,/home/meliani/Desktop/phd/fast-track,1,1800s,100000000,False,False,info,/home/meliani/nni-experiments,"['LSTM', 'GRU', 'CNN', 'RNN', 'TCN', 'Transformer', 'MLP']","[16, 32, 64, 128, 256]","[1, 2, 3, 4]","[0, 0.1, 0.2, 0.3, 0.5]","['relu', 'tanh', 'sigmoid', 'elu']","[1e-05, 0.01]","[2, 3, 4, 5, 6, 7, 8, 9, 10, 11, 12, 13, 14, 15, 16, 17, 18, 19, 20, 21, 22, 23, 24, 25, 26, 27, 28, 29, 30]","[16, 32, 64, 128]","[5, 10, 15, 20]","[2, 3, 5, 7]","[2, 4, 8]",random,minimize,local
p48shjrg,7,25,1779153818805,,/home/meliani/nni-experiments/p48shjrg,3,exp_random_1800s_local_only_local_only,hpo,/home/meliani/Desktop/phd/fast-track/search_space.json,python3 trial.py --data ./local_only.csv,/home/meliani/Desktop/phd/fast-track,1,1800s,100000000,False,False,info,/home/meliani/nni-experiments,"['LSTM', 'GRU', 'CNN', 'RNN', 'TCN', 'Transformer', 'MLP']","[16, 32, 64, 128, 256]","[1, 2, 3, 4]","[0, 0.1, 0.2, 0.3, 0.5]","['relu', 'tanh', 'sigmoid', 'elu']","[1e-05, 0.01]","[2, 3, 4, 5, 6, 7, 8, 9, 10, 11, 12, 13, 14, 15, 16, 17, 18, 19, 20, 21, 22, 23, 24, 25, 26, 27, 28, 29, 30]","[16, 32, 64, 128]","[5, 10, 15, 20]","[2, 3, 5, 7]","[2, 4, 8]",random,minimize,local
p48shjrg,8,30,1779153818805,,/home/meliani/nni-experiments/p48shjrg,3,exp_random_1800s_local_only_local_only,hpo,/home/meliani/Desktop/phd/fast-track/search_space.json,python3 trial.py --data ./local_only.csv,/home/meliani/Desktop/phd/fast-track,1,1800s,100000000,False,False,info,/home/meliani/nni-experiments,"['LSTM', 'GRU', 'CNN', 'RNN', 'TCN', 'Transformer', 'MLP']","[16, 32, 64, 128, 256]","[1, 2, 3, 4]","[0, 0.1, 0.2, 0.3, 0.5]","['relu', 'tanh', 'sigmoid', 'elu']","[1e-05, 0.01]","[2, 3, 4, 5, 6, 7, 8, 9, 10, 11, 12, 13, 14, 15, 16, 17, 18, 19, 20, 21, 22, 23, 24, 25, 26, 27, 28, 29, 30]","[16, 32, 64, 128]","[5, 10, 15, 20]","[2, 3, 5, 7]","[2, 4, 8]",random,minimize,local
p48shjrg,9,32,1779153818805,,/home/meliani/nni-experiments/p48shjrg,4,exp_random_1800s_local_only_local_only,hpo,/home/meliani/Desktop/phd/fast-track/search_space.json,python3 trial.py --data ./local_only.csv,/home/meliani/Desktop/phd/fast-track,1,1800s,100000000,False,False,info,/home/meliani/nni-experiments,"['LSTM', 'GRU', 'CNN', 'RNN', 'TCN', 'Transformer', 'MLP']","[16, 32, 64, 128, 256]","[1, 2, 3, 4]","[0, 0.1, 0.2, 0.3, 0.5]","['relu', 'tanh', 'sigmoid', 'elu']","[1e-05, 0.01]","[2, 3, 4, 5, 6, 7, 8, 9, 10, 11, 12, 13, 14, 15, 16, 17, 18, 19, 20, 21, 22, 23, 24, 25, 26, 27, 28, 29, 30]","[16, 32, 64, 128]","[5, 10, 15, 20]","[2, 3, 5, 7]","[2, 4, 8]",random,minimize,local
p48shjrg,10,40,1779153818805,,/home/meliani/nni-experiments/p48shjrg,4,exp_random_1800s_local_only_local_only,hpo,/home/meliani/Desktop/phd/fast-track/search_space.json,python3 trial.py --data ./local_only.csv,/home/meliani/Desktop/phd/fast-track,1,1800s,100000000,False,False,info,/home/meliani/nni-experiments,"['LSTM', 'GRU', 'CNN', 'RNN', 'TCN', 'Transformer', 'MLP']","[16, 32, 64, 128, 256]","[1, 2, 3, 4]","[0, 0.1, 0.2, 0.3, 0.5]","['relu', 'tanh', 'sigmoid', 'elu']","[1e-05, 0.01]","[2, 3, 4, 5, 6, 7, 8, 9, 10, 11, 12, 13, 14, 15, 16, 17, 18, 19, 20, 21, 22, 23, 24, 25, 26, 27, 28, 29, 30]","[16, 32, 64, 128]","[5, 10, 15, 20]","[2, 3, 5, 7]","[2, 4, 8]",random,minimize,local
p48shjrg,11,50,1779153818805,,/home/meliani/nni-experiments/p48shjrg,4,exp_random_1800s_local_only_local_only,hpo,/home/meliani/Desktop/phd/fast-track/search_space.json,python3 trial.py --data ./local_only.csv,/home/meliani/Desktop/phd/fast-track,1,1800s,100000000,False,False,info,/home/meliani/nni-experiments,"['LSTM', 'GRU', 'CNN', 'RNN', 'TCN', 'Transformer', 'MLP']","[16, 32, 64, 128, 256]","[1, 2, 3, 4]","[0, 0.1, 0.2, 0.3, 0.5]","['relu', 'tanh', 'sigmoid', 'elu']","[1e-05, 0.01]","[2, 3, 4, 5, 6, 7, 8, 9, 10, 11, 12, 13, 14, 15, 16, 17, 18, 19, 20, 21, 22, 23, 24, 25, 26, 27, 28, 29, 30]","[16, 32, 64, 128]","[5, 10, 15, 20]","[2, 3, 5, 7]","[2, 4, 8]",random,minimize,local
p48shjrg,12,53,1779153818805,,/home/meliani/nni-experiments/p48shjrg,5,exp_random_1800s_local_only_local_only,hpo,/home/meliani/Desktop/phd/fast-track/search_space.json,python3 trial.py --data ./local_only.csv,/home/meliani/Desktop/phd/fast-track,1,1800s,100000000,False,False,info,/home/meliani/nni-experiments,"['LSTM', 'GRU', 'CNN', 'RNN', 'TCN', 'Transformer', 'MLP']","[16, 32, 64, 128, 256]","[1, 2, 3, 4]","[0, 0.1, 0.2, 0.3, 0.5]","['relu', 'tanh', 'sigmoid', 'elu']","[1e-05, 0.01]","[2, 3, 4, 5, 6, 7, 8, 9, 10, 11, 12, 13, 14, 15, 16, 17, 18, 19, 20, 21, 22, 23, 24, 25, 26, 27, 28, 29, 30]","[16, 32, 64, 128]","[5, 10, 15, 20]","[2, 3, 5, 7]","[2, 4, 8]",random,minimize,local
p48shjrg,13,60,1779153818805,,/home/meliani/nni-experiments/p48shjrg,5,exp_random_1800s_local_only_local_only,hpo,/home/meliani/Desktop/phd/fast-track/search_space.json,python3 trial.py --data ./local_only.csv,/home/meliani/Desktop/phd/fast-track,1,1800s,100000000,False,False,info,/home/meliani/nni-experiments,"['LSTM', 'GRU', 'CNN', 'RNN', 'TCN', 'Transformer', 'MLP']","[16, 32, 64, 128, 256]","[1, 2, 3, 4]","[0, 0.1, 0.2, 0.3, 0.5]","['relu', 'tanh', 'sigmoid', 'elu']","[1e-05, 0.01]","[2, 3, 4, 5, 6, 7, 8, 9, 10, 11, 12, 13, 14, 15, 16, 17, 18, 19, 20, 21, 22, 23, 24, 25, 26, 27, 28, 29, 30]","[16, 32, 64, 128]","[5, 10, 15, 20]","[2, 3, 5, 7]","[2, 4, 8]",random,minimize,local
p48shjrg,14,70,1779153818805,,/home/meliani/nni-experiments/p48shjrg,5,exp_random_1800s_local_only_local_only,hpo,/home/meliani/Desktop/phd/fast-track/search_space.json,python3 trial.py --data ./local_only.csv,/home/meliani/Desktop/phd/fast-track,1,1800s,100000000,False,False,info,/home/meliani/nni-experiments,"['LSTM', 'GRU', 'CNN', 'RNN', 'TCN', 'Transformer', 'MLP']","[16, 32, 64, 128, 256]","[1, 2, 3, 4]","[0, 0.1, 0.2, 0.3, 0.5]","['relu', 'tanh', 'sigmoid', 'elu']","[1e-05, 0.01]","[2, 3, 4, 5, 6, 7, 8, 9, 10, 11, 12, 13, 14, 15, 16, 17, 18, 19, 20, 21, 22, 23, 24, 25, 26, 27, 28, 29, 30]","[16, 32, 64, 128]","[5, 10, 15, 20]","[2, 3, 5, 7]","[2, 4, 8]",random,minimize,local
p48shjrg,15,72,1779153818805,,/home/meliani/nni-experiments/p48shjrg,6,exp_random_1800s_local_only_local_only,hpo,/home/meliani/Desktop/phd/fast-track/search_space.json,python3 trial.py --data ./local_only.csv,/home/meliani/Desktop/phd/fast-track,1,1800s,100000000,False,False,info,/home/meliani/nni-experiments,"['LSTM', 'GRU', 'CNN', 'RNN', 'TCN', 'Transformer', 'MLP']","[16, 32, 64, 128, 256]","[1, 2, 3, 4]","[0, 0.1, 0.2, 0.3, 0.5]","['relu', 'tanh', 'sigmoid', 'elu']","[1e-05, 0.01]","[2, 3, 4, 5, 6, 7, 8, 9, 10, 11, 12, 13, 14, 15, 16, 17, 18, 19, 20, 21, 22, 23, 24, 25, 26, 27, 28, 29, 30]","[16, 32, 64, 128]","[5, 10, 15, 20]","[2, 3, 5, 7]","[2, 4, 8]",random,minimize,local
p48shjrg,16,78,1779153818805,,/home/meliani/nni-experiments/p48shjrg,7,exp_random_1800s_local_only_local_only,hpo,/home/meliani/Desktop/phd/fast-track/search_space.json,python3 trial.py --data ./local_only.csv,/home/meliani/Desktop/phd/fast-track,1,1800s,100000000,False,False,info,/home/meliani/nni-experiments,"['LSTM', 'GRU', 'CNN', 'RNN', 'TCN', 'Transformer', 'MLP']","[16, 32, 64, 128, 256]","[1, 2, 3, 4]","[0, 0.1, 0.2, 0.3, 0.5]","['relu', 'tanh', 'sigmoid', 'elu']","[1e-05, 0.01]","[2, 3, 4, 5, 6, 7, 8, 9, 10, 11, 12, 13, 14, 15, 16, 17, 18, 19, 20, 21, 22, 23, 24, 25, 26, 27, 28, 29, 30]","[16, 32, 64, 128]","[5, 10, 15, 20]","[2, 3, 5, 7]","[2, 4, 8]",random,minimize,local
p48shjrg,17,80,1779153818805,,/home/meliani/nni-experiments/p48shjrg,7,exp_random_1800s_local_only_local_only,hpo,/home/meliani/Desktop/phd/fast-track/search_space.json,python3 trial.py --data ./local_only.csv,/home/meliani/Desktop/phd/fast-track,1,1800s,100000000,False,False,info,/home/meliani/nni-experiments,"['LSTM', 'GRU', 'CNN', 'RNN', 'TCN', 'Transformer', 'MLP']","[16, 32, 64, 128, 256]","[1, 2, 3, 4]","[0, 0.1, 0.2, 0.3, 0.5]","['relu', 'tanh', 'sigmoid', 'elu']","[1e-05, 0.01]","[2, 3, 4, 5, 6, 7, 8, 9, 10, 11, 12, 13, 14, 15, 16, 17, 18, 19, 20, 21, 22, 23, 24, 25, 26, 27, 28, 29, 30]","[16, 32, 64, 128]","[5, 10, 15, 20]","[2, 3, 5, 7]","[2, 4, 8]",random,minimize,local
p48shjrg,18,87,1779153818805,,/home/meliani/nni-experiments/p48shjrg,8,exp_random_1800s_local_only_local_only,hpo,/home/meliani/Desktop/phd/fast-track/search_space.json,python3 trial.py --data ./local_only.csv,/home/meliani/Desktop/phd/fast-track,1,1800s,100000000,False,False,info,/home/meliani/nni-experiments,"['LSTM', 'GRU', 'CNN', 'RNN', 'TCN', 'Transformer', 'MLP']","[16, 32, 64, 128, 256]","[1, 2, 3, 4]","[0, 0.1, 0.2, 0.3, 0.5]","['relu', 'tanh', 'sigmoid', 'elu']","[1e-05, 0.01]","[2, 3, 4, 5, 6, 7, 8, 9, 10, 11, 12, 13, 14, 15, 16, 17, 18, 19, 20, 21, 22, 23, 24, 25, 26, 27, 28, 29, 30]","[16, 32, 64, 128]","[5, 10, 15, 20]","[2, 3, 5, 7]","[2, 4, 8]",random,minimize,local
p48shjrg,19,90,1779153818805,,/home/meliani/nni-experiments/p48shjrg,8,exp_random_1800s_local_only_local_only,hpo,/home/meliani/Desktop/phd/fast-track/search_space.json,python3 trial.py --data ./local_only.csv,/home/meliani/Desktop/phd/fast-track,1,1800s,100000000,False,False,info,/home/meliani/nni-experiments,"['LSTM', 'GRU', 'CNN', 'RNN', 'TCN', 'Transformer', 'MLP']","[16, 32, 64, 128, 256]","[1, 2, 3, 4]","[0, 0.1, 0.2, 0.3, 0.5]","['relu', 'tanh', 'sigmoid', 'elu']","[1e-05, 0.01]","[2, 3, 4, 5, 6, 7, 8, 9, 10, 11, 12, 13, 14, 15, 16, 17, 18, 19, 20, 21, 22, 23, 24, 25, 26, 27, 28, 29, 30]","[16, 32, 64, 128]","[5, 10, 15, 20]","[2, 3, 5, 7]","[2, 4, 8]",random,minimize,local
p48shjrg,20,92,1779153818805,,/home/meliani/nni-experiments/p48shjrg,9,exp_random_1800s_local_only_local_only,hpo,/home/meliani/Desktop/phd/fast-track/search_space.json,python3 trial.py --data ./local_only.csv,/home/meliani/Desktop/phd/fast-track,1,1800s,100000000,False,False,info,/home/meliani/nni-experiments,"['LSTM', 'GRU', 'CNN', 'RNN', 'TCN', 'Transformer', 'MLP']","[16, 32, 64, 128, 256]","[1, 2, 3, 4]","[0, 0.1, 0.2, 0.3, 0.5]","['relu', 'tanh', 'sigmoid', 'elu']","[1e-05, 0.01]","[2, 3, 4, 5, 6, 7, 8, 9, 10, 11, 12, 13, 14, 15, 16, 17, 18, 19, 20, 21, 22, 23, 24, 25, 26, 27, 28, 29, 30]","[16, 32, 64, 128]","[5, 10, 15, 20]","[2, 3, 5, 7]","[2, 4, 8]",random,minimize,local
p48shjrg,21,99,1779153818805,,/home/meliani/nni-experiments/p48shjrg,10,exp_random_1800s_local_only_local_only,hpo,/home/meliani/Desktop/phd/fast-track/search_space.json,python3 trial.py --data ./local_only.csv,/home/meliani/Desktop/phd/fast-track,1,1800s,100000000,False,False,info,/home/meliani/nni-experiments,"['LSTM', 'GRU', 'CNN', 'RNN', 'TCN', 'Transformer', 'MLP']","[16, 32, 64, 128, 256]","[1, 2, 3, 4]","[0, 0.1, 0.2, 0.3, 0.5]","['relu', 'tanh', 'sigmoid', 'elu']","[1e-05, 0.01]","[2, 3, 4, 5, 6, 7, 8, 9, 10, 11, 12, 13, 14, 15, 16, 17, 18, 19, 20, 21, 22, 23, 24, 25, 26, 27, 28, 29, 30]","[16, 32, 64, 128]","[5, 10, 15, 20]","[2, 3, 5, 7]","[2, 4, 8]",random,minimize,local
p48shjrg,22,100,1779153818805,,/home/meliani/nni-experiments/p48shjrg,10,exp_random_1800s_local_only_local_only,hpo,/home/meliani/Desktop/phd/fast-track/search_space.json,python3 trial.py --data ./local_only.csv,/home/meliani/Desktop/phd/fast-track,1,1800s,100000000,False,False,info,/home/meliani/nni-experiments,"['LSTM', 'GRU', 'CNN', 'RNN', 'TCN', 'Transformer', 'MLP']","[16, 32, 64, 128, 256]","[1, 2, 3, 4]","[0, 0.1, 0.2, 0.3, 0.5]","['relu', 'tanh', 'sigmoid', 'elu']","[1e-05, 0.01]","[2, 3, 4, 5, 6, 7, 8, 9, 10, 11, 12, 13, 14, 15, 16, 17, 18, 19, 20, 21, 22, 23, 24, 25, 26, 27, 28, 29, 30]","[16, 32, 64, 128]","[5, 10, 15, 20]","[2, 3, 5, 7]","[2, 4, 8]",random,minimize,local
p48shjrg,23,107,1779153818805,,/home/meliani/nni-experiments/p48shjrg,11,exp_random_1800s_local_only_local_only,hpo,/home/meliani/Desktop/phd/fast-track/search_space.json,python3 trial.py --data ./local_only.csv,/home/meliani/Desktop/phd/fast-track,1,1800s,100000000,False,False,info,/home/meliani/nni-experiments,"['LSTM', 'GRU', 'CNN', 'RNN', 'TCN', 'Transformer', 'MLP']","[16, 32, 64, 128, 256]","[1, 2, 3, 4]","[0, 0.1, 0.2, 0.3, 0.5]","['relu', 'tanh', 'sigmoid', 'elu']","[1e-05, 0.01]","[2, 3, 4, 5, 6, 7, 8, 9, 10, 11, 12, 13, 14, 15, 16, 17, 18, 19, 20, 21, 22, 23, 24, 25, 26, 27, 28, 29, 30]","[16, 32, 64, 128]","[5, 10, 15, 20]","[2, 3, 5, 7]","[2, 4, 8]",random,minimize,local
p48shjrg,24,110,1779153818805,,/home/meliani/nni-experiments/p48shjrg,11,exp_random_1800s_local_only_local_only,hpo,/home/meliani/Desktop/phd/fast-track/search_space.json,python3 trial.py --data ./local_only.csv,/home/meliani/Desktop/phd/fast-track,1,1800s,100000000,False,False,info,/home/meliani/nni-experiments,"['LSTM', 'GRU', 'CNN', 'RNN', 'TCN', 'Transformer', 'MLP']","[16, 32, 64, 128, 256]","[1, 2, 3, 4]","[0, 0.1, 0.2, 0.3, 0.5]","['relu', 'tanh', 'sigmoid', 'elu']","[1e-05, 0.01]","[2, 3, 4, 5, 6, 7, 8, 9, 10, 11, 12, 13, 14, 15, 16, 17, 18, 19, 20, 21, 22, 23, 24, 25, 26, 27, 28, 29, 30]","[16, 32, 64, 128]","[5, 10, 15, 20]","[2, 3, 5, 7]","[2, 4, 8]",random,minimize,local
p48shjrg,25,118,1779153818805,,/home/meliani/nni-experiments/p48shjrg,12,exp_random_1800s_local_only_local_only,hpo,/home/meliani/Desktop/phd/fast-track/search_space.json,python3 trial.py --data ./local_only.csv,/home/meliani/Desktop/phd/fast-track,1,1800s,100000000,False,False,info,/home/meliani/nni-experiments,"['LSTM', 'GRU', 'CNN', 'RNN', 'TCN', 'Transformer', 'MLP']","[16, 32, 64, 128, 256]","[1, 2, 3, 4]","[0, 0.1, 0.2, 0.3, 0.5]","['relu', 'tanh', 'sigmoid', 'elu']","[1e-05, 0.01]","[2, 3, 4, 5, 6, 7, 8, 9, 10, 11, 12, 13, 14, 15, 16, 17, 18, 19, 20, 21, 22, 23, 24, 25, 26, 27, 28, 29, 30]","[16, 32, 64, 128]","[5, 10, 15, 20]","[2, 3, 5, 7]","[2, 4, 8]",random,minimize,local
p48shjrg,26,120,1779153818805,,/home/meliani/nni-experiments/p48shjrg,12,exp_random_1800s_local_only_local_only,hpo,/home/meliani/Desktop/phd/fast-track/search_space.json,python3 trial.py --data ./local_only.csv,/home/meliani/Desktop/phd/fast-track,1,1800s,100000000,False,False,info,/home/meliani/nni-experiments,"['LSTM', 'GRU', 'CNN', 'RNN', 'TCN', 'Transformer', 'MLP']","[16, 32, 64, 128, 256]","[1, 2, 3, 4]","[0, 0.1, 0.2, 0.3, 0.5]","['relu', 'tanh', 'sigmoid', 'elu']","[1e-05, 0.01]","[2, 3, 4, 5, 6, 7, 8, 9, 10, 11, 12, 13, 14, 15, 16, 17, 18, 19, 20, 21, 22, 23, 24, 25, 26, 27, 28, 29, 30]","[16, 32, 64, 128]","[5, 10, 15, 20]","[2, 3, 5, 7]","[2, 4, 8]",random,minimize,local
p48shjrg,27,130,1779153818805,,/home/meliani/nni-experiments/p48shjrg,12,exp_random_1800s_local_only_local_only,hpo,/home/meliani/Desktop/phd/fast-track/search_space.json,python3 trial.py --data ./local_only.csv,/home/meliani/Desktop/phd/fast-track,1,1800s,100000000,False,False,info,/home/meliani/nni-experiments,"['LSTM', 'GRU', 'CNN', 'RNN', 'TCN', 'Transformer', 'MLP']","[16, 32, 64, 128, 256]","[1, 2, 3, 4]","[0, 0.1, 0.2, 0.3, 0.5]","['relu', 'tanh', 'sigmoid', 'elu']","[1e-05, 0.01]","[2, 3, 4, 5, 6, 7, 8, 9, 10, 11, 12, 13, 14, 15, 16, 17, 18, 19, 20, 21, 22, 23, 24, 25, 26, 27, 28, 29, 30]","[16, 32, 64, 128]","[5, 10, 15, 20]","[2, 3, 5, 7]","[2, 4, 8]",random,minimize,local
p48shjrg,28,134,1779153818805,,/home/meliani/nni-experiments/p48shjrg,13,exp_random_1800s_local_only_local_only,hpo,/home/meliani/Desktop/phd/fast-track/search_space.json,python3 trial.py --data ./local_only.csv,/home/meliani/Desktop/phd/fast-track,1,1800s,100000000,False,False,info,/home/meliani/nni-experiments,"['LSTM', 'GRU', 'CNN', 'RNN', 'TCN', 'Transformer', 'MLP']","[16, 32, 64, 128, 256]","[1, 2, 3, 4]","[0, 0.1, 0.2, 0.3, 0.5]","['relu', 'tanh', 'sigmoid', 'elu']","[1e-05, 0.01]","[2, 3, 4, 5, 6, 7, 8, 9, 10, 11, 12, 13, 14, 15, 16, 17, 18, 19, 20, 21, 22, 23, 24, 25, 26, 27, 28, 29, 30]","[16, 32, 64, 128]","[5, 10, 15, 20]","[2, 3, 5, 7]","[2, 4, 8]",random,minimize,local
p48shjrg,29,140,1779153818805,,/home/meliani/nni-experiments/p48shjrg,13,exp_random_1800s_local_only_local_only,hpo,/home/meliani/Desktop/phd/fast-track/search_space.json,python3 trial.py --data ./local_only.csv,/home/meliani/Desktop/phd/fast-track,1,1800s,100000000,False,False,info,/home/meliani/nni-experiments,"['LSTM', 'GRU', 'CNN', 'RNN', 'TCN', 'Transformer', 'MLP']","[16, 32, 64, 128, 256]","[1, 2, 3, 4]","[0, 0.1, 0.2, 0.3, 0.5]","['relu', 'tanh', 'sigmoid', 'elu']","[1e-05, 0.01]","[2, 3, 4, 5, 6, 7, 8, 9, 10, 11, 12, 13, 14, 15, 16, 17, 18, 19, 20, 21, 22, 23, 24, 25, 26, 27, 28, 29, 30]","[16, 32, 64, 128]","[5, 10, 15, 20]","[2, 3, 5, 7]","[2, 4, 8]",random,minimize,local
p48shjrg,30,144,1779153818805,,/home/meliani/nni-experiments/p48shjrg,14,exp_random_1800s_local_only_local_only,hpo,/home/meliani/Desktop/phd/fast-track/search_space.json,python3 trial.py --data ./local_only.csv,/home/meliani/Desktop/phd/fast-track,1,1800s,100000000,False,False,info,/home/meliani/nni-experiments,"['LSTM', 'GRU', 'CNN', 'RNN', 'TCN', 'Transformer', 'MLP']","[16, 32, 64, 128, 256]","[1, 2, 3, 4]","[0, 0.1, 0.2, 0.3, 0.5]","['relu', 'tanh', 'sigmoid', 'elu']","[1e-05, 0.01]","[2, 3, 4, 5, 6, 7, 8, 9, 10, 11, 12, 13, 14, 15, 16, 17, 18, 19, 20, 21, 22, 23, 24, 25, 26, 27, 28, 29, 30]","[16, 32, 64, 128]","[5, 10, 15, 20]","[2, 3, 5, 7]","[2, 4, 8]",random,minimize,local
p48shjrg,31,150,1779153818805,,/home/meliani/nni-experiments/p48shjrg,14,exp_random_1800s_local_only_local_only,hpo,/home/meliani/Desktop/phd/fast-track/search_space.json,python3 trial.py --data ./local_only.csv,/home/meliani/Desktop/phd/fast-track,1,1800s,100000000,False,False,info,/home/meliani/nni-experiments,"['LSTM', 'GRU', 'CNN', 'RNN', 'TCN', 'Transformer', 'MLP']","[16, 32, 64, 128, 256]","[1, 2, 3, 4]","[0, 0.1, 0.2, 0.3, 0.5]","['relu', 'tanh', 'sigmoid', 'elu']","[1e-05, 0.01]","[2, 3, 4, 5, 6, 7, 8, 9, 10, 11, 12, 13, 14, 15, 16, 17, 18, 19, 20, 21, 22, 23, 24, 25, 26, 27, 28, 29, 30]","[16, 32, 64, 128]","[5, 10, 15, 20]","[2, 3, 5, 7]","[2, 4, 8]",random,minimize,local
p48shjrg,32,153,1779153818805,,/home/meliani/nni-experiments/p48shjrg,15,exp_random_1800s_local_only_local_only,hpo,/home/meliani/Desktop/phd/fast-track/search_space.json,python3 trial.py --data ./local_only.csv,/home/meliani/Desktop/phd/fast-track,1,1800s,100000000,False,False,info,/home/meliani/nni-experiments,"['LSTM', 'GRU', 'CNN', 'RNN', 'TCN', 'Transformer', 'MLP']","[16, 32, 64, 128, 256]","[1, 2, 3, 4]","[0, 0.1, 0.2, 0.3, 0.5]","['relu', 'tanh', 'sigmoid', 'elu']","[1e-05, 0.01]","[2, 3, 4, 5, 6, 7, 8, 9, 10, 11, 12, 13, 14, 15, 16, 17, 18, 19, 20, 21, 22, 23, 24, 25, 26, 27, 28, 29, 30]","[16, 32, 64, 128]","[5, 10, 15, 20]","[2, 3, 5, 7]","[2, 4, 8]",random,minimize,local
p48shjrg,33,160,1779153818805,,/home/meliani/nni-experiments/p48shjrg,15,exp_random_1800s_local_only_local_only,hpo,/home/meliani/Desktop/phd/fast-track/search_space.json,python3 trial.py --data ./local_only.csv,/home/meliani/Desktop/phd/fast-track,1,1800s,100000000,False,False,info,/home/meliani/nni-experiments,"['LSTM', 'GRU', 'CNN', 'RNN', 'TCN', 'Transformer', 'MLP']","[16, 32, 64, 128, 256]","[1, 2, 3, 4]","[0, 0.1, 0.2, 0.3, 0.5]","['relu', 'tanh', 'sigmoid', 'elu']","[1e-05, 0.01]","[2, 3, 4, 5, 6, 7, 8, 9, 10, 11, 12, 13, 14, 15, 16, 17, 18, 19, 20, 21, 22, 23, 24, 25, 26, 27, 28, 29, 30]","[16, 32, 64, 128]","[5, 10, 15, 20]","[2, 3, 5, 7]","[2, 4, 8]",random,minimize,local
p48shjrg,34,163,1779153818805,,/home/meliani/nni-experiments/p48shjrg,16,exp_random_1800s_local_only_local_only,hpo,/home/meliani/Desktop/phd/fast-track/search_space.json,python3 trial.py --data ./local_only.csv,/home/meliani/Desktop/phd/fast-track,1,1800s,100000000,False,False,info,/home/meliani/nni-experiments,"['LSTM', 'GRU', 'CNN', 'RNN', 'TCN', 'Transformer', 'MLP']","[16, 32, 64, 128, 256]","[1, 2, 3, 4]","[0, 0.1, 0.2, 0.3, 0.5]","['relu', 'tanh', 'sigmoid', 'elu']","[1e-05, 0.01]","[2, 3, 4, 5, 6, 7, 8, 9, 10, 11, 12, 13, 14, 15, 16, 17, 18, 19, 20, 21, 22, 23, 24, 25, 26, 27, 28, 29, 30]","[16, 32, 64, 128]","[5, 10, 15, 20]","[2, 3, 5, 7]","[2, 4, 8]",random,minimize,local
p48shjrg,35,170,1779153818805,,/home/meliani/nni-experiments/p48shjrg,16,exp_random_1800s_local_only_local_only,hpo,/home/meliani/Desktop/phd/fast-track/search_space.json,python3 trial.py --data ./local_only.csv,/home/meliani/Desktop/phd/fast-track,1,1800s,100000000,False,False,info,/home/meliani/nni-experiments,"['LSTM', 'GRU', 'CNN', 'RNN', 'TCN', 'Transformer', 'MLP']","[16, 32, 64, 128, 256]","[1, 2, 3, 4]","[0, 0.1, 0.2, 0.3, 0.5]","['relu', 'tanh', 'sigmoid', 'elu']","[1e-05, 0.01]","[2, 3, 4, 5, 6, 7, 8, 9, 10, 11, 12, 13, 14, 15, 16, 17, 18, 19, 20, 21, 22, 23, 24, 25, 26, 27, 28, 29, 30]","[16, 32, 64, 128]","[5, 10, 15, 20]","[2, 3, 5, 7]","[2, 4, 8]",random,minimize,local
p48shjrg,36,180,1779153818805,,/home/meliani/nni-experiments/p48shjrg,16,exp_random_1800s_local_only_local_only,hpo,/home/meliani/Desktop/phd/fast-track/search_space.json,python3 trial.py --data ./local_only.csv,/home/meliani/Desktop/phd/fast-track,1,1800s,100000000,False,False,info,/home/meliani/nni-experiments,"['LSTM', 'GRU', 'CNN', 'RNN', 'TCN', 'Transformer', 'MLP']","[16, 32, 64, 128, 256]","[1, 2, 3, 4]","[0, 0.1, 0.2, 0.3, 0.5]","['relu', 'tanh', 'sigmoid', 'elu']","[1e-05, 0.01]","[2, 3, 4, 5, 6, 7, 8, 9, 10, 11, 12, 13, 14, 15, 16, 17, 18, 19, 20, 21, 22, 23, 24, 25, 26, 27, 28, 29, 30]","[16, 32, 64, 128]","[5, 10, 15, 20]","[2, 3, 5, 7]","[2, 4, 8]",random,minimize,local
p48shjrg,37,182,1779153818805,,/home/meliani/nni-experiments/p48shjrg,17,exp_random_1800s_local_only_local_only,hpo,/home/meliani/Desktop/phd/fast-track/search_space.json,python3 trial.py --data ./local_only.csv,/home/meliani/Desktop/phd/fast-track,1,1800s,100000000,False,False,info,/home/meliani/nni-experiments,"['LSTM', 'GRU', 'CNN', 'RNN', 'TCN', 'Transformer', 'MLP']","[16, 32, 64, 128, 256]","[1, 2, 3, 4]","[0, 0.1, 0.2, 0.3, 0.5]","['relu', 'tanh', 'sigmoid', 'elu']","[1e-05, 0.01]","[2, 3, 4, 5, 6, 7, 8, 9, 10, 11, 12, 13, 14, 15, 16, 17, 18, 19, 20, 21, 22, 23, 24, 25, 26, 27, 28, 29, 30]","[16, 32, 64, 128]","[5, 10, 15, 20]","[2, 3, 5, 7]","[2, 4, 8]",random,minimize,local
p48shjrg,38,190,1779153818805,,/home/meliani/nni-experiments/p48shjrg,17,exp_random_1800s_local_only_local_only,hpo,/home/meliani/Desktop/phd/fast-track/search_space.json,python3 trial.py --data ./local_only.csv,/home/meliani/Desktop/phd/fast-track,1,1800s,100000000,False,False,info,/home/meliani/nni-experiments,"['LSTM', 'GRU', 'CNN', 'RNN', 'TCN', 'Transformer', 'MLP']","[16, 32, 64, 128, 256]","[1, 2, 3, 4]","[0, 0.1, 0.2, 0.3, 0.5]","['relu', 'tanh', 'sigmoid', 'elu']","[1e-05, 0.01]","[2, 3, 4, 5, 6, 7, 8, 9, 10, 11, 12, 13, 14, 15, 16, 17, 18, 19, 20, 21, 22, 23, 24, 25, 26, 27, 28, 29, 30]","[16, 32, 64, 128]","[5, 10, 15, 20]","[2, 3, 5, 7]","[2, 4, 8]",random,minimize,local
p48shjrg,39,195,1779153818805,,/home/meliani/nni-experiments/p48shjrg,18,exp_random_1800s_local_only_local_only,hpo,/home/meliani/Desktop/phd/fast-track/search_space.json,python3 trial.py --data ./local_only.csv,/home/meliani/Desktop/phd/fast-track,1,1800s,100000000,False,False,info,/home/meliani/nni-experiments,"['LSTM', 'GRU', 'CNN', 'RNN', 'TCN', 'Transformer', 'MLP']","[16, 32, 64, 128, 256]","[1, 2, 3, 4]","[0, 0.1, 0.2, 0.3, 0.5]","['relu', 'tanh', 'sigmoid', 'elu']","[1e-05, 0.01]","[2, 3, 4, 5, 6, 7, 8, 9, 10, 11, 12, 13, 14, 15, 16, 17, 18, 19, 20, 21, 22, 23, 24, 25, 26, 27, 28, 29, 30]","[16, 32, 64, 128]","[5, 10, 15, 20]","[2, 3, 5, 7]","[2, 4, 8]",random,minimize,local
p48shjrg,40,200,1779153818805,,/home/meliani/nni-experiments/p48shjrg,18,exp_random_1800s_local_only_local_only,hpo,/home/meliani/Desktop/phd/fast-track/search_space.json,python3 trial.py --data ./local_only.csv,/home/meliani/Desktop/phd/fast-track,1,1800s,100000000,False,False,info,/home/meliani/nni-experiments,"['LSTM', 'GRU', 'CNN', 'RNN', 'TCN', 'Transformer', 'MLP']","[16, 32, 64, 128, 256]","[1, 2, 3, 4]","[0, 0.1, 0.2, 0.3, 0.5]","['relu', 'tanh', 'sigmoid', 'elu']","[1e-05, 0.01]","[2, 3, 4, 5, 6, 7, 8, 9, 10, 11, 12, 13, 14, 15, 16, 17, 18, 19, 20, 21, 22, 23, 24, 25, 26, 27, 28, 29, 30]","[16, 32, 64, 128]","[5, 10, 15, 20]","[2, 3, 5, 7]","[2, 4, 8]",random,minimize,local
p48shjrg,41,210,1779153818805,,/home/meliani/nni-experiments/p48shjrg,18,exp_random_1800s_local_only_local_only,hpo,/home/meliani/Desktop/phd/fast-track/search_space.json,python3 trial.py --data ./local_only.csv,/home/meliani/Desktop/phd/fast-track,1,1800s,100000000,False,False,info,/home/meliani/nni-experiments,"['LSTM', 'GRU', 'CNN', 'RNN', 'TCN', 'Transformer', 'MLP']","[16, 32, 64, 128, 256]","[1, 2, 3, 4]","[0, 0.1, 0.2, 0.3, 0.5]","['relu', 'tanh', 'sigmoid', 'elu']","[1e-05, 0.01]","[2, 3, 4, 5, 6, 7, 8, 9, 10, 11, 12, 13, 14, 15, 16, 17, 18, 19, 20, 21, 22, 23, 24, 25, 26, 27, 28, 29, 30]","[16, 32, 64, 128]","[5, 10, 15, 20]","[2, 3, 5, 7]","[2, 4, 8]",random,minimize,local
p48shjrg,42,216,1779153818805,,/home/meliani/nni-experiments/p48shjrg,19,exp_random_1800s_local_only_local_only,hpo,/home/meliani/Desktop/phd/fast-track/search_space.json,python3 trial.py --data ./local_only.csv,/home/meliani/Desktop/phd/fast-track,1,1800s,100000000,False,False,info,/home/meliani/nni-experiments,"['LSTM', 'GRU', 'CNN', 'RNN', 'TCN', 'Transformer', 'MLP']","[16, 32, 64, 128, 256]","[1, 2, 3, 4]","[0, 0.1, 0.2, 0.3, 0.5]","['relu', 'tanh', 'sigmoid', 'elu']","[1e-05, 0.01]","[2, 3, 4, 5, 6, 7, 8, 9, 10, 11, 12, 13, 14, 15, 16, 17, 18, 19, 20, 21, 22, 23, 24, 25, 26, 27, 28, 29, 30]","[16, 32, 64, 128]","[5, 10, 15, 20]","[2, 3, 5, 7]","[2, 4, 8]",random,minimize,local
p48shjrg,43,220,1779153818805,,/home/meliani/nni-experiments/p48shjrg,19,exp_random_1800s_local_only_local_only,hpo,/home/meliani/Desktop/phd/fast-track/search_space.json,python3 trial.py --data ./local_only.csv,/home/meliani/Desktop/phd/fast-track,1,1800s,100000000,False,False,info,/home/meliani/nni-experiments,"['LSTM', 'GRU', 'CNN', 'RNN', 'TCN', 'Transformer', 'MLP']","[16, 32, 64, 128, 256]","[1, 2, 3, 4]","[0, 0.1, 0.2, 0.3, 0.5]","['relu', 'tanh', 'sigmoid', 'elu']","[1e-05, 0.01]","[2, 3, 4, 5, 6, 7, 8, 9, 10, 11, 12, 13, 14, 15, 16, 17, 18, 19, 20, 21, 22, 23, 24, 25, 26, 27, 28, 29, 30]","[16, 32, 64, 128]","[5, 10, 15, 20]","[2, 3, 5, 7]","[2, 4, 8]",random,minimize,local
p48shjrg,44,226,1779153818805,,/home/meliani/nni-experiments/p48shjrg,20,exp_random_1800s_local_only_local_only,hpo,/home/meliani/Desktop/phd/fast-track/search_space.json,python3 trial.py --data ./local_only.csv,/home/meliani/Desktop/phd/fast-track,1,1800s,100000000,False,False,info,/home/meliani/nni-experiments,"['LSTM', 'GRU', 'CNN', 'RNN', 'TCN', 'Transformer', 'MLP']","[16, 32, 64, 128, 256]","[1, 2, 3, 4]","[0, 0.1, 0.2, 0.3, 0.5]","['relu', 'tanh', 'sigmoid', 'elu']","[1e-05, 0.01]","[2, 3, 4, 5, 6, 7, 8, 9, 10, 11, 12, 13, 14, 15, 16, 17, 18, 19, 20, 21, 22, 23, 24, 25, 26, 27, 28, 29, 30]","[16, 32, 64, 128]","[5, 10, 15, 20]","[2, 3, 5, 7]","[2, 4, 8]",random,minimize,local
p48shjrg,45,230,1779153818805,,/home/meliani/nni-experiments/p48shjrg,20,exp_random_1800s_local_only_local_only,hpo,/home/meliani/Desktop/phd/fast-track/search_space.json,python3 trial.py --data ./local_only.csv,/home/meliani/Desktop/phd/fast-track,1,1800s,100000000,False,False,info,/home/meliani/nni-experiments,"['LSTM', 'GRU', 'CNN', 'RNN', 'TCN', 'Transformer', 'MLP']","[16, 32, 64, 128, 256]","[1, 2, 3, 4]","[0, 0.1, 0.2, 0.3, 0.5]","['relu', 'tanh', 'sigmoid', 'elu']","[1e-05, 0.01]","[2, 3, 4, 5, 6, 7, 8, 9, 10, 11, 12, 13, 14, 15, 16, 17, 18, 19, 20, 21, 22, 23, 24, 25, 26, 27, 28, 29, 30]","[16, 32, 64, 128]","[5, 10, 15, 20]","[2, 3, 5, 7]","[2, 4, 8]",random,minimize,local
p48shjrg,46,233,1779153818805,,/home/meliani/nni-experiments/p48shjrg,21,exp_random_1800s_local_only_local_only,hpo,/home/meliani/Desktop/phd/fast-track/search_space.json,python3 trial.py --data ./local_only.csv,/home/meliani/Desktop/phd/fast-track,1,1800s,100000000,False,False,info,/home/meliani/nni-experiments,"['LSTM', 'GRU', 'CNN', 'RNN', 'TCN', 'Transformer', 'MLP']","[16, 32, 64, 128, 256]","[1, 2, 3, 4]","[0, 0.1, 0.2, 0.3, 0.5]","['relu', 'tanh', 'sigmoid', 'elu']","[1e-05, 0.01]","[2, 3, 4, 5, 6, 7, 8, 9, 10, 11, 12, 13, 14, 15, 16, 17, 18, 19, 20, 21, 22, 23, 24, 25, 26, 27, 28, 29, 30]","[16, 32, 64, 128]","[5, 10, 15, 20]","[2, 3, 5, 7]","[2, 4, 8]",random,minimize,local
p48shjrg,47,240,1779153818805,,/home/meliani/nni-experiments/p48shjrg,21,exp_random_1800s_local_only_local_only,hpo,/home/meliani/Desktop/phd/fast-track/search_space.json,python3 trial.py --data ./local_only.csv,/home/meliani/Desktop/phd/fast-track,1,1800s,100000000,False,False,info,/home/meliani/nni-experiments,"['LSTM', 'GRU', 'CNN', 'RNN', 'TCN', 'Transformer', 'MLP']","[16, 32, 64, 128, 256]","[1, 2, 3, 4]","[0, 0.1, 0.2, 0.3, 0.5]","['relu', 'tanh', 'sigmoid', 'elu']","[1e-05, 0.01]","[2, 3, 4, 5, 6, 7, 8, 9, 10, 11, 12, 13, 14, 15, 16, 17, 18, 19, 20, 21, 22, 23, 24, 25, 26, 27, 28, 29, 30]","[16, 32, 64, 128]","[5, 10, 15, 20]","[2, 3, 5, 7]","[2, 4, 8]",random,minimize,local
p48shjrg,48,240,1779153818805,,/home/meliani/nni-experiments/p48shjrg,22,exp_random_1800s_local_only_local_only,hpo,/home/meliani/Desktop/phd/fast-track/search_space.json,python3 trial.py --data ./local_only.csv,/home/meliani/Desktop/phd/fast-track,1,1800s,100000000,False,False,info,/home/meliani/nni-experiments,"['LSTM', 'GRU', 'CNN', 'RNN', 'TCN', 'Transformer', 'MLP']","[16, 32, 64, 128, 256]","[1, 2, 3, 4]","[0, 0.1, 0.2, 0.3, 0.5]","['relu', 'tanh', 'sigmoid', 'elu']","[1e-05, 0.01]","[2, 3, 4, 5, 6, 7, 8, 9, 10, 11, 12, 13, 14, 15, 16, 17, 18, 19, 20, 21, 22, 23, 24, 25, 26, 27, 28, 29, 30]","[16, 32, 64, 128]","[5, 10, 15, 20]","[2, 3, 5, 7]","[2, 4, 8]",random,minimize,local
p48shjrg,49,250,1779153818805,,/home/meliani/nni-experiments/p48shjrg,22,exp_random_1800s_local_only_local_only,hpo,/home/meliani/Desktop/phd/fast-track/search_space.json,python3 trial.py --data ./local_only.csv,/home/meliani/Desktop/phd/fast-track,1,1800s,100000000,False,False,info,/home/meliani/nni-experiments,"['LSTM', 'GRU', 'CNN', 'RNN', 'TCN', 'Transformer', 'MLP']","[16, 32, 64, 128, 256]","[1, 2, 3, 4]","[0, 0.1, 0.2, 0.3, 0.5]","['relu', 'tanh', 'sigmoid', 'elu']","[1e-05, 0.01]","[2, 3, 4, 5, 6, 7, 8, 9, 10, 11, 12, 13, 14, 15, 16, 17, 18, 19, 20, 21, 22, 23, 24, 25, 26, 27, 28, 29, 30]","[16, 32, 64, 128]","[5, 10, 15, 20]","[2, 3, 5, 7]","[2, 4, 8]",random,minimize,local
p48shjrg,50,260,1779153818805,,/home/meliani/nni-experiments/p48shjrg,22,exp_random_1800s_local_only_local_only,hpo,/home/meliani/Desktop/phd/fast-track/search_space.json,python3 trial.py --data ./local_only.csv,/home/meliani/Desktop/phd/fast-track,1,1800s,100000000,False,False,info,/home/meliani/nni-experiments,"['LSTM', 'GRU', 'CNN', 'RNN', 'TCN', 'Transformer', 'MLP']","[16, 32, 64, 128, 256]","[1, 2, 3, 4]","[0, 0.1, 0.2, 0.3, 0.5]","['relu', 'tanh', 'sigmoid', 'elu']","[1e-05, 0.01]","[2, 3, 4, 5, 6, 7, 8, 9, 10, 11, 12, 13, 14, 15, 16, 17, 18, 19, 20, 21, 22, 23, 24, 25, 26, 27, 28, 29, 30]","[16, 32, 64, 128]","[5, 10, 15, 20]","[2, 3, 5, 7]","[2, 4, 8]",random,minimize,local
p48shjrg,51,270,1779153818805,,/home/meliani/nni-experiments/p48shjrg,22,exp_random_1800s_local_only_local_only,hpo,/home/meliani/Desktop/phd/fast-track/search_space.json,python3 trial.py --data ./local_only.csv,/home/meliani/Desktop/phd/fast-track,1,1800s,100000000,False,False,info,/home/meliani/nni-experiments,"['LSTM', 'GRU', 'CNN', 'RNN', 'TCN', 'Transformer', 'MLP']","[16, 32, 64, 128, 256]","[1, 2, 3, 4]","[0, 0.1, 0.2, 0.3, 0.5]","['relu', 'tanh', 'sigmoid', 'elu']","[1e-05, 0.01]","[2, 3, 4, 5, 6, 7, 8, 9, 10, 11, 12, 13, 14, 15, 16, 17, 18, 19, 20, 21, 22, 23, 24, 25, 26, 27, 28, 29, 30]","[16, 32, 64, 128]","[5, 10, 15, 20]","[2, 3, 5, 7]","[2, 4, 8]",random,minimize,local
p48shjrg,52,280,1779153818805,,/home/meliani/nni-experiments/p48shjrg,22,exp_random_1800s_local_only_local_only,hpo,/home/meliani/Desktop/phd/fast-track/search_space.json,python3 trial.py --data ./local_only.csv,/home/meliani/Desktop/phd/fast-track,1,1800s,100000000,False,False,info,/home/meliani/nni-experiments,"['LSTM', 'GRU', 'CNN', 'RNN', 'TCN', 'Transformer', 'MLP']","[16, 32, 64, 128, 256]","[1, 2, 3, 4]","[0, 0.1, 0.2, 0.3, 0.5]","['relu', 'tanh', 'sigmoid', 'elu']","[1e-05, 0.01]","[2, 3, 4, 5, 6, 7, 8, 9, 10, 11, 12, 13, 14, 15, 16, 17, 18, 19, 20, 21, 22, 23, 24, 25, 26, 27, 28, 29, 30]","[16, 32, 64, 128]","[5, 10, 15, 20]","[2, 3, 5, 7]","[2, 4, 8]",random,minimize,local
p48shjrg,53,290,1779153818805,,/home/meliani/nni-experiments/p48shjrg,22,exp_random_1800s_local_only_local_only,hpo,/home/meliani/Desktop/phd/fast-track/search_space.json,python3 trial.py --data ./local_only.csv,/home/meliani/Desktop/phd/fast-track,1,1800s,100000000,False,False,info,/home/meliani/nni-experiments,"['LSTM', 'GRU', 'CNN', 'RNN', 'TCN', 'Transformer', 'MLP']","[16, 32, 64, 128, 256]","[1, 2, 3, 4]","[0, 0.1, 0.2, 0.3, 0.5]","['relu', 'tanh', 'sigmoid', 'elu']","[1e-05, 0.01]","[2, 3, 4, 5, 6, 7, 8, 9, 10, 11, 12, 13, 14, 15, 16, 17, 18, 19, 20, 21, 22, 23, 24, 25, 26, 27, 28, 29, 30]","[16, 32, 64, 128]","[5, 10, 15, 20]","[2, 3, 5, 7]","[2, 4, 8]",random,minimize,local
p48shjrg,54,296,1779153818805,,/home/meliani/nni-experiments/p48shjrg,23,exp_random_1800s_local_only_local_only,hpo,/home/meliani/Desktop/phd/fast-track/search_space.json,python3 trial.py --data ./local_only.csv,/home/meliani/Desktop/phd/fast-track,1,1800s,100000000,False,False,info,/home/meliani/nni-experiments,"['LSTM', 'GRU', 'CNN', 'RNN', 'TCN', 'Transformer', 'MLP']","[16, 32, 64, 128, 256]","[1, 2, 3, 4]","[0, 0.1, 0.2, 0.3, 0.5]","['relu', 'tanh', 'sigmoid', 'elu']","[1e-05, 0.01]","[2, 3, 4, 5, 6, 7, 8, 9, 10, 11, 12, 13, 14, 15, 16, 17, 18, 19, 20, 21, 22, 23, 24, 25, 26, 27, 28, 29, 30]","[16, 32, 64, 128]","[5, 10, 15, 20]","[2, 3, 5, 7]","[2, 4, 8]",random,minimize,local
p48shjrg,55,300,1779153818805,,/home/meliani/nni-experiments/p48shjrg,23,exp_random_1800s_local_only_local_only,hpo,/home/meliani/Desktop/phd/fast-track/search_space.json,python3 trial.py --data ./local_only.csv,/home/meliani/Desktop/phd/fast-track,1,1800s,100000000,False,False,info,/home/meliani/nni-experiments,"['LSTM', 'GRU', 'CNN', 'RNN', 'TCN', 'Transformer', 'MLP']","[16, 32, 64, 128, 256]","[1, 2, 3, 4]","[0, 0.1, 0.2, 0.3, 0.5]","['relu', 'tanh', 'sigmoid', 'elu']","[1e-05, 0.01]","[2, 3, 4, 5, 6, 7, 8, 9, 10, 11, 12, 13, 14, 15, 16, 17, 18, 19, 20, 21, 22, 23, 24, 25, 26, 27, 28, 29, 30]","[16, 32, 64, 128]","[5, 10, 15, 20]","[2, 3, 5, 7]","[2, 4, 8]",random,minimize,local
p48shjrg,56,310,1779153818805,,/home/meliani/nni-experiments/p48shjrg,23,exp_random_1800s_local_only_local_only,hpo,/home/meliani/Desktop/phd/fast-track/search_space.json,python3 trial.py --data ./local_only.csv,/home/meliani/Desktop/phd/fast-track,1,1800s,100000000,False,False,info,/home/meliani/nni-experiments,"['LSTM', 'GRU', 'CNN', 'RNN', 'TCN', 'Transformer', 'MLP']","[16, 32, 64, 128, 256]","[1, 2, 3, 4]","[0, 0.1, 0.2, 0.3, 0.5]","['relu', 'tanh', 'sigmoid', 'elu']","[1e-05, 0.01]","[2, 3, 4, 5, 6, 7, 8, 9, 10, 11, 12, 13, 14, 15, 16, 17, 18, 19, 20, 21, 22, 23, 24, 25, 26, 27, 28, 29, 30]","[16, 32, 64, 128]","[5, 10, 15, 20]","[2, 3, 5, 7]","[2, 4, 8]",random,minimize,local
p48shjrg,57,311,1779153818805,,/home/meliani/nni-experiments/p48shjrg,24,exp_random_1800s_local_only_local_only,hpo,/home/meliani/Desktop/phd/fast-track/search_space.json,python3 trial.py --data ./local_only.csv,/home/meliani/Desktop/phd/fast-track,1,1800s,100000000,False,False,info,/home/meliani/nni-experiments,"['LSTM', 'GRU', 'CNN', 'RNN', 'TCN', 'Transformer', 'MLP']","[16, 32, 64, 128, 256]","[1, 2, 3, 4]","[0, 0.1, 0.2, 0.3, 0.5]","['relu', 'tanh', 'sigmoid', 'elu']","[1e-05, 0.01]","[2, 3, 4, 5, 6, 7, 8, 9, 10, 11, 12, 13, 14, 15, 16, 17, 18, 19, 20, 21, 22, 23, 24, 25, 26, 27, 28, 29, 30]","[16, 32, 64, 128]","[5, 10, 15, 20]","[2, 3, 5, 7]","[2, 4, 8]",random,minimize,local
p48shjrg,58,320,1779153818805,,/home/meliani/nni-experiments/p48shjrg,24,exp_random_1800s_local_only_local_only,hpo,/home/meliani/Desktop/phd/fast-track/search_space.json,python3 trial.py --data ./local_only.csv,/home/meliani/Desktop/phd/fast-track,1,1800s,100000000,False,False,info,/home/meliani/nni-experiments,"['LSTM', 'GRU', 'CNN', 'RNN', 'TCN', 'Transformer', 'MLP']","[16, 32, 64, 128, 256]","[1, 2, 3, 4]","[0, 0.1, 0.2, 0.3, 0.5]","['relu', 'tanh', 'sigmoid', 'elu']","[1e-05, 0.01]","[2, 3, 4, 5, 6, 7, 8, 9, 10, 11, 12, 13, 14, 15, 16, 17, 18, 19, 20, 21, 22, 23, 24, 25, 26, 27, 28, 29, 30]","[16, 32, 64, 128]","[5, 10, 15, 20]","[2, 3, 5, 7]","[2, 4, 8]",random,minimize,local
p48shjrg,59,330,1779153818805,,/home/meliani/nni-experiments/p48shjrg,24,exp_random_1800s_local_only_local_only,hpo,/home/meliani/Desktop/phd/fast-track/search_space.json,python3 trial.py --data ./local_only.csv,/home/meliani/Desktop/phd/fast-track,1,1800s,100000000,False,False,info,/home/meliani/nni-experiments,"['LSTM', 'GRU', 'CNN', 'RNN', 'TCN', 'Transformer', 'MLP']","[16, 32, 64, 128, 256]","[1, 2, 3, 4]","[0, 0.1, 0.2, 0.3, 0.5]","['relu', 'tanh', 'sigmoid', 'elu']","[1e-05, 0.01]","[2, 3, 4, 5, 6, 7, 8, 9, 10, 11, 12, 13, 14, 15, 16, 17, 18, 19, 20, 21, 22, 23, 24, 25, 26, 27, 28, 29, 30]","[16, 32, 64, 128]","[5, 10, 15, 20]","[2, 3, 5, 7]","[2, 4, 8]",random,minimize,local
p48shjrg,60,334,1779153818805,,/home/meliani/nni-experiments/p48shjrg,25,exp_random_1800s_local_only_local_only,hpo,/home/meliani/Desktop/phd/fast-track/search_space.json,python3 trial.py --data ./local_only.csv,/home/meliani/Desktop/phd/fast-track,1,1800s,100000000,False,False,info,/home/meliani/nni-experiments,"['LSTM', 'GRU', 'CNN', 'RNN', 'TCN', 'Transformer', 'MLP']","[16, 32, 64, 128, 256]","[1, 2, 3, 4]","[0, 0.1, 0.2, 0.3, 0.5]","['relu', 'tanh', 'sigmoid', 'elu']","[1e-05, 0.01]","[2, 3, 4, 5, 6, 7, 8, 9, 10, 11, 12, 13, 14, 15, 16, 17, 18, 19, 20, 21, 22, 23, 24, 25, 26, 27, 28, 29, 30]","[16, 32, 64, 128]","[5, 10, 15, 20]","[2, 3, 5, 7]","[2, 4, 8]",random,minimize,local
p48shjrg,61,340,1779153818805,,/home/meliani/nni-experiments/p48shjrg,25,exp_random_1800s_local_only_local_only,hpo,/home/meliani/Desktop/phd/fast-track/search_space.json,python3 trial.py --data ./local_only.csv,/home/meliani/Desktop/phd/fast-track,1,1800s,100000000,False,False,info,/home/meliani/nni-experiments,"['LSTM', 'GRU', 'CNN', 'RNN', 'TCN', 'Transformer', 'MLP']","[16, 32, 64, 128, 256]","[1, 2, 3, 4]","[0, 0.1, 0.2, 0.3, 0.5]","['relu', 'tanh', 'sigmoid', 'elu']","[1e-05, 0.01]","[2, 3, 4, 5, 6, 7, 8, 9, 10, 11, 12, 13, 14, 15, 16, 17, 18, 19, 20, 21, 22, 23, 24, 25, 26, 27, 28, 29, 30]","[16, 32, 64, 128]","[5, 10, 15, 20]","[2, 3, 5, 7]","[2, 4, 8]",random,minimize,local
p48shjrg,62,346,1779153818805,,/home/meliani/nni-experiments/p48shjrg,26,exp_random_1800s_local_only_local_only,hpo,/home/meliani/Desktop/phd/fast-track/search_space.json,python3 trial.py --data ./local_only.csv,/home/meliani/Desktop/phd/fast-track,1,1800s,100000000,False,False,info,/home/meliani/nni-experiments,"['LSTM', 'GRU', 'CNN', 'RNN', 'TCN', 'Transformer', 'MLP']","[16, 32, 64, 128, 256]","[1, 2, 3, 4]","[0, 0.1, 0.2, 0.3, 0.5]","['relu', 'tanh', 'sigmoid', 'elu']","[1e-05, 0.01]","[2, 3, 4, 5, 6, 7, 8, 9, 10, 11, 12, 13, 14, 15, 16, 17, 18, 19, 20, 21, 22, 23, 24, 25, 26, 27, 28, 29, 30]","[16, 32, 64, 128]","[5, 10, 15, 20]","[2, 3, 5, 7]","[2, 4, 8]",random,minimize,local
p48shjrg,63,350,1779153818805,,/home/meliani/nni-experiments/p48shjrg,26,exp_random_1800s_local_only_local_only,hpo,/home/meliani/Desktop/phd/fast-track/search_space.json,python3 trial.py --data ./local_only.csv,/home/meliani/Desktop/phd/fast-track,1,1800s,100000000,False,False,info,/home/meliani/nni-experiments,"['LSTM', 'GRU', 'CNN', 'RNN', 'TCN', 'Transformer', 'MLP']","[16, 32, 64, 128, 256]","[1, 2, 3, 4]","[0, 0.1, 0.2, 0.3, 0.5]","['relu', 'tanh', 'sigmoid', 'elu']","[1e-05, 0.01]","[2, 3, 4, 5, 6, 7, 8, 9, 10, 11, 12, 13, 14, 15, 16, 17, 18, 19, 20, 21, 22, 23, 24, 25, 26, 27, 28, 29, 30]","[16, 32, 64, 128]","[5, 10, 15, 20]","[2, 3, 5, 7]","[2, 4, 8]",random,minimize,local
p48shjrg,64,358,1779153818805,,/home/meliani/nni-experiments/p48shjrg,27,exp_random_1800s_local_only_local_only,hpo,/home/meliani/Desktop/phd/fast-track/search_space.json,python3 trial.py --data ./local_only.csv,/home/meliani/Desktop/phd/fast-track,1,1800s,100000000,False,False,info,/home/meliani/nni-experiments,"['LSTM', 'GRU', 'CNN', 'RNN', 'TCN', 'Transformer', 'MLP']","[16, 32, 64, 128, 256]","[1, 2, 3, 4]","[0, 0.1, 0.2, 0.3, 0.5]","['relu', 'tanh', 'sigmoid', 'elu']","[1e-05, 0.01]","[2, 3, 4, 5, 6, 7, 8, 9, 10, 11, 12, 13, 14, 15, 16, 17, 18, 19, 20, 21, 22, 23, 24, 25, 26, 27, 28, 29, 30]","[16, 32, 64, 128]","[5, 10, 15, 20]","[2, 3, 5, 7]","[2, 4, 8]",random,minimize,local
p48shjrg,65,360,1779153818805,,/home/meliani/nni-experiments/p48shjrg,27,exp_random_1800s_local_only_local_only,hpo,/home/meliani/Desktop/phd/fast-track/search_space.json,python3 trial.py --data ./local_only.csv,/home/meliani/Desktop/phd/fast-track,1,1800s,100000000,False,False,info,/home/meliani/nni-experiments,"['LSTM', 'GRU', 'CNN', 'RNN', 'TCN', 'Transformer', 'MLP']","[16, 32, 64, 128, 256]","[1, 2, 3, 4]","[0, 0.1, 0.2, 0.3, 0.5]","['relu', 'tanh', 'sigmoid', 'elu']","[1e-05, 0.01]","[2, 3, 4, 5, 6, 7, 8, 9, 10, 11, 12, 13, 14, 15, 16, 17, 18, 19, 20, 21, 22, 23, 24, 25, 26, 27, 28, 29, 30]","[16, 32, 64, 128]","[5, 10, 15, 20]","[2, 3, 5, 7]","[2, 4, 8]",random,minimize,local
p48shjrg,66,370,1779153818805,,/home/meliani/nni-experiments/p48shjrg,27,exp_random_1800s_local_only_local_only,hpo,/home/meliani/Desktop/phd/fast-track/search_space.json,python3 trial.py --data ./local_only.csv,/home/meliani/Desktop/phd/fast-track,1,1800s,100000000,False,False,info,/home/meliani/nni-experiments,"['LSTM', 'GRU', 'CNN', 'RNN', 'TCN', 'Transformer', 'MLP']","[16, 32, 64, 128, 256]","[1, 2, 3, 4]","[0, 0.1, 0.2, 0.3, 0.5]","['relu', 'tanh', 'sigmoid', 'elu']","[1e-05, 0.01]","[2, 3, 4, 5, 6, 7, 8, 9, 10, 11, 12, 13, 14, 15, 16, 17, 18, 19, 20, 21, 22, 23, 24, 25, 26, 27, 28, 29, 30]","[16, 32, 64, 128]","[5, 10, 15, 20]","[2, 3, 5, 7]","[2, 4, 8]",random,minimize,local
p48shjrg,67,379,1779153818805,,/home/meliani/nni-experiments/p48shjrg,28,exp_random_1800s_local_only_local_only,hpo,/home/meliani/Desktop/phd/fast-track/search_space.json,python3 trial.py --data ./local_only.csv,/home/meliani/Desktop/phd/fast-track,1,1800s,100000000,False,False,info,/home/meliani/nni-experiments,"['LSTM', 'GRU', 'CNN', 'RNN', 'TCN', 'Transformer', 'MLP']","[16, 32, 64, 128, 256]","[1, 2, 3, 4]","[0, 0.1, 0.2, 0.3, 0.5]","['relu', 'tanh', 'sigmoid', 'elu']","[1e-05, 0.01]","[2, 3, 4, 5, 6, 7, 8, 9, 10, 11, 12, 13, 14, 15, 16, 17, 18, 19, 20, 21, 22, 23, 24, 25, 26, 27, 28, 29, 30]","[16, 32, 64, 128]","[5, 10, 15, 20]","[2, 3, 5, 7]","[2, 4, 8]",random,minimize,local
p48shjrg,68,380,1779153818805,,/home/meliani/nni-experiments/p48shjrg,28,exp_random_1800s_local_only_local_only,hpo,/home/meliani/Desktop/phd/fast-track/search_space.json,python3 trial.py --data ./local_only.csv,/home/meliani/Desktop/phd/fast-track,1,1800s,100000000,False,False,info,/home/meliani/nni-experiments,"['LSTM', 'GRU', 'CNN', 'RNN', 'TCN', 'Transformer', 'MLP']","[16, 32, 64, 128, 256]","[1, 2, 3, 4]","[0, 0.1, 0.2, 0.3, 0.5]","['relu', 'tanh', 'sigmoid', 'elu']","[1e-05, 0.01]","[2, 3, 4, 5, 6, 7, 8, 9, 10, 11, 12, 13, 14, 15, 16, 17, 18, 19, 20, 21, 22, 23, 24, 25, 26, 27, 28, 29, 30]","[16, 32, 64, 128]","[5, 10, 15, 20]","[2, 3, 5, 7]","[2, 4, 8]",random,minimize,local
p48shjrg,69,389,1779153818805,,/home/meliani/nni-experiments/p48shjrg,29,exp_random_1800s_local_only_local_only,hpo,/home/meliani/Desktop/phd/fast-track/search_space.json,python3 trial.py --data ./local_only.csv,/home/meliani/Desktop/phd/fast-track,1,1800s,100000000,False,False,info,/home/meliani/nni-experiments,"['LSTM', 'GRU', 'CNN', 'RNN', 'TCN', 'Transformer', 'MLP']","[16, 32, 64, 128, 256]","[1, 2, 3, 4]","[0, 0.1, 0.2, 0.3, 0.5]","['relu', 'tanh', 'sigmoid', 'elu']","[1e-05, 0.01]","[2, 3, 4, 5, 6, 7, 8, 9, 10, 11, 12, 13, 14, 15, 16, 17, 18, 19, 20, 21, 22, 23, 24, 25, 26, 27, 28, 29, 30]","[16, 32, 64, 128]","[5, 10, 15, 20]","[2, 3, 5, 7]","[2, 4, 8]",random,minimize,local
p48shjrg,70,390,1779153818805,,/home/meliani/nni-experiments/p48shjrg,29,exp_random_1800s_local_only_local_only,hpo,/home/meliani/Desktop/phd/fast-track/search_space.json,python3 trial.py --data ./local_only.csv,/home/meliani/Desktop/phd/fast-track,1,1800s,100000000,False,False,info,/home/meliani/nni-experiments,"['LSTM', 'GRU', 'CNN', 'RNN', 'TCN', 'Transformer', 'MLP']","[16, 32, 64, 128, 256]","[1, 2, 3, 4]","[0, 0.1, 0.2, 0.3, 0.5]","['relu', 'tanh', 'sigmoid', 'elu']","[1e-05, 0.01]","[2, 3, 4, 5, 6, 7, 8, 9, 10, 11, 12, 13, 14, 15, 16, 17, 18, 19, 20, 21, 22, 23, 24, 25, 26, 27, 28, 29, 30]","[16, 32, 64, 128]","[5, 10, 15, 20]","[2, 3, 5, 7]","[2, 4, 8]",random,minimize,local
p48shjrg,71,395,1779153818805,,/home/meliani/nni-experiments/p48shjrg,30,exp_random_1800s_local_only_local_only,hpo,/home/meliani/Desktop/phd/fast-track/search_space.json,python3 trial.py --data ./local_only.csv,/home/meliani/Desktop/phd/fast-track,1,1800s,100000000,False,False,info,/home/meliani/nni-experiments,"['LSTM', 'GRU', 'CNN', 'RNN', 'TCN', 'Transformer', 'MLP']","[16, 32, 64, 128, 256]","[1, 2, 3, 4]","[0, 0.1, 0.2, 0.3, 0.5]","['relu', 'tanh', 'sigmoid', 'elu']","[1e-05, 0.01]","[2, 3, 4, 5, 6, 7, 8, 9, 10, 11, 12, 13, 14, 15, 16, 17, 18, 19, 20, 21, 22, 23, 24, 25, 26, 27, 28, 29, 30]","[16, 32, 64, 128]","[5, 10, 15, 20]","[2, 3, 5, 7]","[2, 4, 8]",random,minimize,local
p48shjrg,72,400,1779153818805,,/home/meliani/nni-experiments/p48shjrg,30,exp_random_1800s_local_only_local_only,hpo,/home/meliani/Desktop/phd/fast-track/search_space.json,python3 trial.py --data ./local_only.csv,/home/meliani/Desktop/phd/fast-track,1,1800s,100000000,False,False,info,/home/meliani/nni-experiments,"['LSTM', 'GRU', 'CNN', 'RNN', 'TCN', 'Transformer', 'MLP']","[16, 32, 64, 128, 256]","[1, 2, 3, 4]","[0, 0.1, 0.2, 0.3, 0.5]","['relu', 'tanh', 'sigmoid', 'elu']","[1e-05, 0.01]","[2, 3, 4, 5, 6, 7, 8, 9, 10, 11, 12, 13, 14, 15, 16, 17, 18, 19, 20, 21, 22, 23, 24, 25, 26, 27, 28, 29, 30]","[16, 32, 64, 128]","[5, 10, 15, 20]","[2, 3, 5, 7]","[2, 4, 8]",random,minimize,local
p48shjrg,73,410,1779153818805,,/home/meliani/nni-experiments/p48shjrg,30,exp_random_1800s_local_only_local_only,hpo,/home/meliani/Desktop/phd/fast-track/search_space.json,python3 trial.py --data ./local_only.csv,/home/meliani/Desktop/phd/fast-track,1,1800s,100000000,False,False,info,/home/meliani/nni-experiments,"['LSTM', 'GRU', 'CNN', 'RNN', 'TCN', 'Transformer', 'MLP']","[16, 32, 64, 128, 256]","[1, 2, 3, 4]","[0, 0.1, 0.2, 0.3, 0.5]","['relu', 'tanh', 'sigmoid', 'elu']","[1e-05, 0.01]","[2, 3, 4, 5, 6, 7, 8, 9, 10, 11, 12, 13, 14, 15, 16, 17, 18, 19, 20, 21, 22, 23, 24, 25, 26, 27, 28, 29, 30]","[16, 32, 64, 128]","[5, 10, 15, 20]","[2, 3, 5, 7]","[2, 4, 8]",random,minimize,local
p48shjrg,74,410,1779153818805,,/home/meliani/nni-experiments/p48shjrg,31,exp_random_1800s_local_only_local_only,hpo,/home/meliani/Desktop/phd/fast-track/search_space.json,python3 trial.py --data ./local_only.csv,/home/meliani/Desktop/phd/fast-track,1,1800s,100000000,False,False,info,/home/meliani/nni-experiments,"['LSTM', 'GRU', 'CNN', 'RNN', 'TCN', 'Transformer', 'MLP']","[16, 32, 64, 128, 256]","[1, 2, 3, 4]","[0, 0.1, 0.2, 0.3, 0.5]","['relu', 'tanh', 'sigmoid', 'elu']","[1e-05, 0.01]","[2, 3, 4, 5, 6, 7, 8, 9, 10, 11, 12, 13, 14, 15, 16, 17, 18, 19, 20, 21, 22, 23, 24, 25, 26, 27, 28, 29, 30]","[16, 32, 64, 128]","[5, 10, 15, 20]","[2, 3, 5, 7]","[2, 4, 8]",random,minimize,local
p48shjrg,75,417,1779153818805,,/home/meliani/nni-experiments/p48shjrg,32,exp_random_1800s_local_only_local_only,hpo,/home/meliani/Desktop/phd/fast-track/search_space.json,python3 trial.py --data ./local_only.csv,/home/meliani/Desktop/phd/fast-track,1,1800s,100000000,False,False,info,/home/meliani/nni-experiments,"['LSTM', 'GRU', 'CNN', 'RNN', 'TCN', 'Transformer', 'MLP']","[16, 32, 64, 128, 256]","[1, 2, 3, 4]","[0, 0.1, 0.2, 0.3, 0.5]","['relu', 'tanh', 'sigmoid', 'elu']","[1e-05, 0.01]","[2, 3, 4, 5, 6, 7, 8, 9, 10, 11, 12, 13, 14, 15, 16, 17, 18, 19, 20, 21, 22, 23, 24, 25, 26, 27, 28, 29, 30]","[16, 32, 64, 128]","[5, 10, 15, 20]","[2, 3, 5, 7]","[2, 4, 8]",random,minimize,local
p48shjrg,76,420,1779153818805,,/home/meliani/nni-experiments/p48shjrg,32,exp_random_1800s_local_only_local_only,hpo,/home/meliani/Desktop/phd/fast-track/search_space.json,python3 trial.py --data ./local_only.csv,/home/meliani/Desktop/phd/fast-track,1,1800s,100000000,False,False,info,/home/meliani/nni-experiments,"['LSTM', 'GRU', 'CNN', 'RNN', 'TCN', 'Transformer', 'MLP']","[16, 32, 64, 128, 256]","[1, 2, 3, 4]","[0, 0.1, 0.2, 0.3, 0.5]","['relu', 'tanh', 'sigmoid', 'elu']","[1e-05, 0.01]","[2, 3, 4, 5, 6, 7, 8, 9, 10, 11, 12, 13, 14, 15, 16, 17, 18, 19, 20, 21, 22, 23, 24, 25, 26, 27, 28, 29, 30]","[16, 32, 64, 128]","[5, 10, 15, 20]","[2, 3, 5, 7]","[2, 4, 8]",random,minimize,local
p48shjrg,77,430,1779153818805,,/home/meliani/nni-experiments/p48shjrg,32,exp_random_1800s_local_only_local_only,hpo,/home/meliani/Desktop/phd/fast-track/search_space.json,python3 trial.py --data ./local_only.csv,/home/meliani/Desktop/phd/fast-track,1,1800s,100000000,False,False,info,/home/meliani/nni-experiments,"['LSTM', 'GRU', 'CNN', 'RNN', 'TCN', 'Transformer', 'MLP']","[16, 32, 64, 128, 256]","[1, 2, 3, 4]","[0, 0.1, 0.2, 0.3, 0.5]","['relu', 'tanh', 'sigmoid', 'elu']","[1e-05, 0.01]","[2, 3, 4, 5, 6, 7, 8, 9, 10, 11, 12, 13, 14, 15, 16, 17, 18, 19, 20, 21, 22, 23, 24, 25, 26, 27, 28, 29, 30]","[16, 32, 64, 128]","[5, 10, 15, 20]","[2, 3, 5, 7]","[2, 4, 8]",random,minimize,local
p48shjrg,78,433,1779153818805,,/home/meliani/nni-experiments/p48shjrg,33,exp_random_1800s_local_only_local_only,hpo,/home/meliani/Desktop/phd/fast-track/search_space.json,python3 trial.py --data ./local_only.csv,/home/meliani/Desktop/phd/fast-track,1,1800s,100000000,False,False,info,/home/meliani/nni-experiments,"['LSTM', 'GRU', 'CNN', 'RNN', 'TCN', 'Transformer', 'MLP']","[16, 32, 64, 128, 256]","[1, 2, 3, 4]","[0, 0.1, 0.2, 0.3, 0.5]","['relu', 'tanh', 'sigmoid', 'elu']","[1e-05, 0.01]","[2, 3, 4, 5, 6, 7, 8, 9, 10, 11, 12, 13, 14, 15, 16, 17, 18, 19, 20, 21, 22, 23, 24, 25, 26, 27, 28, 29, 30]","[16, 32, 64, 128]","[5, 10, 15, 20]","[2, 3, 5, 7]","[2, 4, 8]",random,minimize,local
p48shjrg,79,440,1779153818805,,/home/meliani/nni-experiments/p48shjrg,34,exp_random_1800s_local_only_local_only,hpo,/home/meliani/Desktop/phd/fast-track/search_space.json,python3 trial.py --data ./local_only.csv,/home/meliani/Desktop/phd/fast-track,1,1800s,100000000,False,False,info,/home/meliani/nni-experiments,"['LSTM', 'GRU', 'CNN', 'RNN', 'TCN', 'Transformer', 'MLP']","[16, 32, 64, 128, 256]","[1, 2, 3, 4]","[0, 0.1, 0.2, 0.3, 0.5]","['relu', 'tanh', 'sigmoid', 'elu']","[1e-05, 0.01]","[2, 3, 4, 5, 6, 7, 8, 9, 10, 11, 12, 13, 14, 15, 16, 17, 18, 19, 20, 21, 22, 23, 24, 25, 26, 27, 28, 29, 30]","[16, 32, 64, 128]","[5, 10, 15, 20]","[2, 3, 5, 7]","[2, 4, 8]",random,minimize,local
p48shjrg,80,440,1779153818805,,/home/meliani/nni-experiments/p48shjrg,34,exp_random_1800s_local_only_local_only,hpo,/home/meliani/Desktop/phd/fast-track/search_space.json,python3 trial.py --data ./local_only.csv,/home/meliani/Desktop/phd/fast-track,1,1800s,100000000,False,False,info,/home/meliani/nni-experiments,"['LSTM', 'GRU', 'CNN', 'RNN', 'TCN', 'Transformer', 'MLP']","[16, 32, 64, 128, 256]","[1, 2, 3, 4]","[0, 0.1, 0.2, 0.3, 0.5]","['relu', 'tanh', 'sigmoid', 'elu']","[1e-05, 0.01]","[2, 3, 4, 5, 6, 7, 8, 9, 10, 11, 12, 13, 14, 15, 16, 17, 18, 19, 20, 21, 22, 23, 24, 25, 26, 27, 28, 29, 30]","[16, 32, 64, 128]","[5, 10, 15, 20]","[2, 3, 5, 7]","[2, 4, 8]",random,minimize,local
p48shjrg,81,450,1779153818805,,/home/meliani/nni-experiments/p48shjrg,34,exp_random_1800s_local_only_local_only,hpo,/home/meliani/Desktop/phd/fast-track/search_space.json,python3 trial.py --data ./local_only.csv,/home/meliani/Desktop/phd/fast-track,1,1800s,100000000,False,False,info,/home/meliani/nni-experiments,"['LSTM', 'GRU', 'CNN', 'RNN', 'TCN', 'Transformer', 'MLP']","[16, 32, 64, 128, 256]","[1, 2, 3, 4]","[0, 0.1, 0.2, 0.3, 0.5]","['relu', 'tanh', 'sigmoid', 'elu']","[1e-05, 0.01]","[2, 3, 4, 5, 6, 7, 8, 9, 10, 11, 12, 13, 14, 15, 16, 17, 18, 19, 20, 21, 22, 23, 24, 25, 26, 27, 28, 29, 30]","[16, 32, 64, 128]","[5, 10, 15, 20]","[2, 3, 5, 7]","[2, 4, 8]",random,minimize,local
p48shjrg,82,452,1779153818805,,/home/meliani/nni-experiments/p48shjrg,35,exp_random_1800s_local_only_local_only,hpo,/home/meliani/Desktop/phd/fast-track/search_space.json,python3 trial.py --data ./local_only.csv,/home/meliani/Desktop/phd/fast-track,1,1800s,100000000,False,False,info,/home/meliani/nni-experiments,"['LSTM', 'GRU', 'CNN', 'RNN', 'TCN', 'Transformer', 'MLP']","[16, 32, 64, 128, 256]","[1, 2, 3, 4]","[0, 0.1, 0.2, 0.3, 0.5]","['relu', 'tanh', 'sigmoid', 'elu']","[1e-05, 0.01]","[2, 3, 4, 5, 6, 7, 8, 9, 10, 11, 12, 13, 14, 15, 16, 17, 18, 19, 20, 21, 22, 23, 24, 25, 26, 27, 28, 29, 30]","[16, 32, 64, 128]","[5, 10, 15, 20]","[2, 3, 5, 7]","[2, 4, 8]",random,minimize,local
p48shjrg,83,460,1779153818805,,/home/meliani/nni-experiments/p48shjrg,35,exp_random_1800s_local_only_local_only,hpo,/home/meliani/Desktop/phd/fast-track/search_space.json,python3 trial.py --data ./local_only.csv,/home/meliani/Desktop/phd/fast-track,1,1800s,100000000,False,False,info,/home/meliani/nni-experiments,"['LSTM', 'GRU', 'CNN', 'RNN', 'TCN', 'Transformer', 'MLP']","[16, 32, 64, 128, 256]","[1, 2, 3, 4]","[0, 0.1, 0.2, 0.3, 0.5]","['relu', 'tanh', 'sigmoid', 'elu']","[1e-05, 0.01]","[2, 3, 4, 5, 6, 7, 8, 9, 10, 11, 12, 13, 14, 15, 16, 17, 18, 19, 20, 21, 22, 23, 24, 25, 26, 27, 28, 29, 30]","[16, 32, 64, 128]","[5, 10, 15, 20]","[2, 3, 5, 7]","[2, 4, 8]",random,minimize,local
p48shjrg,84,460,1779153818805,,/home/meliani/nni-experiments/p48shjrg,36,exp_random_1800s_local_only_local_only,hpo,/home/meliani/Desktop/phd/fast-track/search_space.json,python3 trial.py --data ./local_only.csv,/home/meliani/Desktop/phd/fast-track,1,1800s,100000000,False,False,info,/home/meliani/nni-experiments,"['LSTM', 'GRU', 'CNN', 'RNN', 'TCN', 'Transformer', 'MLP']","[16, 32, 64, 128, 256]","[1, 2, 3, 4]","[0, 0.1, 0.2, 0.3, 0.5]","['relu', 'tanh', 'sigmoid', 'elu']","[1e-05, 0.01]","[2, 3, 4, 5, 6, 7, 8, 9, 10, 11, 12, 13, 14, 15, 16, 17, 18, 19, 20, 21, 22, 23, 24, 25, 26, 27, 28, 29, 30]","[16, 32, 64, 128]","[5, 10, 15, 20]","[2, 3, 5, 7]","[2, 4, 8]",random,minimize,local
p48shjrg,85,470,1779153818805,,/home/meliani/nni-experiments/p48shjrg,36,exp_random_1800s_local_only_local_only,hpo,/home/meliani/Desktop/phd/fast-track/search_space.json,python3 trial.py --data ./local_only.csv,/home/meliani/Desktop/phd/fast-track,1,1800s,100000000,False,False,info,/home/meliani/nni-experiments,"['LSTM', 'GRU', 'CNN', 'RNN', 'TCN', 'Transformer', 'MLP']","[16, 32, 64, 128, 256]","[1, 2, 3, 4]","[0, 0.1, 0.2, 0.3, 0.5]","['relu', 'tanh', 'sigmoid', 'elu']","[1e-05, 0.01]","[2, 3, 4, 5, 6, 7, 8, 9, 10, 11, 12, 13, 14, 15, 16, 17, 18, 19, 20, 21, 22, 23, 24, 25, 26, 27, 28, 29, 30]","[16, 32, 64, 128]","[5, 10, 15, 20]","[2, 3, 5, 7]","[2, 4, 8]",random,minimize,local
p48shjrg,86,472,1779153818805,,/home/meliani/nni-experiments/p48shjrg,37,exp_random_1800s_local_only_local_only,hpo,/home/meliani/Desktop/phd/fast-track/search_space.json,python3 trial.py --data ./local_only.csv,/home/meliani/Desktop/phd/fast-track,1,1800s,100000000,False,False,info,/home/meliani/nni-experiments,"['LSTM', 'GRU', 'CNN', 'RNN', 'TCN', 'Transformer', 'MLP']","[16, 32, 64, 128, 256]","[1, 2, 3, 4]","[0, 0.1, 0.2, 0.3, 0.5]","['relu', 'tanh', 'sigmoid', 'elu']","[1e-05, 0.01]","[2, 3, 4, 5, 6, 7, 8, 9, 10, 11, 12, 13, 14, 15, 16, 17, 18, 19, 20, 21, 22, 23, 24, 25, 26, 27, 28, 29, 30]","[16, 32, 64, 128]","[5, 10, 15, 20]","[2, 3, 5, 7]","[2, 4, 8]",random,minimize,local
p48shjrg,87,480,1779153818805,,/home/meliani/nni-experiments/p48shjrg,37,exp_random_1800s_local_only_local_only,hpo,/home/meliani/Desktop/phd/fast-track/search_space.json,python3 trial.py --data ./local_only.csv,/home/meliani/Desktop/phd/fast-track,1,1800s,100000000,False,False,info,/home/meliani/nni-experiments,"['LSTM', 'GRU', 'CNN', 'RNN', 'TCN', 'Transformer', 'MLP']","[16, 32, 64, 128, 256]","[1, 2, 3, 4]","[0, 0.1, 0.2, 0.3, 0.5]","['relu', 'tanh', 'sigmoid', 'elu']","[1e-05, 0.01]","[2, 3, 4, 5, 6, 7, 8, 9, 10, 11, 12, 13, 14, 15, 16, 17, 18, 19, 20, 21, 22, 23, 24, 25, 26, 27, 28, 29, 30]","[16, 32, 64, 128]","[5, 10, 15, 20]","[2, 3, 5, 7]","[2, 4, 8]",random,minimize,local
p48shjrg,88,483,1779153818805,,/home/meliani/nni-experiments/p48shjrg,38,exp_random_1800s_local_only_local_only,hpo,/home/meliani/Desktop/phd/fast-track/search_space.json,python3 trial.py --data ./local_only.csv,/home/meliani/Desktop/phd/fast-track,1,1800s,100000000,False,False,info,/home/meliani/nni-experiments,"['LSTM', 'GRU', 'CNN', 'RNN', 'TCN', 'Transformer', 'MLP']","[16, 32, 64, 128, 256]","[1, 2, 3, 4]","[0, 0.1, 0.2, 0.3, 0.5]","['relu', 'tanh', 'sigmoid', 'elu']","[1e-05, 0.01]","[2, 3, 4, 5, 6, 7, 8, 9, 10, 11, 12, 13, 14, 15, 16, 17, 18, 19, 20, 21, 22, 23, 24, 25, 26, 27, 28, 29, 30]","[16, 32, 64, 128]","[5, 10, 15, 20]","[2, 3, 5, 7]","[2, 4, 8]",random,minimize,local
p48shjrg,89,490,1779153818805,,/home/meliani/nni-experiments/p48shjrg,38,exp_random_1800s_local_only_local_only,hpo,/home/meliani/Desktop/phd/fast-track/search_space.json,python3 trial.py --data ./local_only.csv,/home/meliani/Desktop/phd/fast-track,1,1800s,100000000,False,False,info,/home/meliani/nni-experiments,"['LSTM', 'GRU', 'CNN', 'RNN', 'TCN', 'Transformer', 'MLP']","[16, 32, 64, 128, 256]","[1, 2, 3, 4]","[0, 0.1, 0.2, 0.3, 0.5]","['relu', 'tanh', 'sigmoid', 'elu']","[1e-05, 0.01]","[2, 3, 4, 5, 6, 7, 8, 9, 10, 11, 12, 13, 14, 15, 16, 17, 18, 19, 20, 21, 22, 23, 24, 25, 26, 27, 28, 29, 30]","[16, 32, 64, 128]","[5, 10, 15, 20]","[2, 3, 5, 7]","[2, 4, 8]",random,minimize,local
p48shjrg,90,491,1779153818805,,/home/meliani/nni-experiments/p48shjrg,39,exp_random_1800s_local_only_local_only,hpo,/home/meliani/Desktop/phd/fast-track/search_space.json,python3 trial.py --data ./local_only.csv,/home/meliani/Desktop/phd/fast-track,1,1800s,100000000,False,False,info,/home/meliani/nni-experiments,"['LSTM', 'GRU', 'CNN', 'RNN', 'TCN', 'Transformer', 'MLP']","[16, 32, 64, 128, 256]","[1, 2, 3, 4]","[0, 0.1, 0.2, 0.3, 0.5]","['relu', 'tanh', 'sigmoid', 'elu']","[1e-05, 0.01]","[2, 3, 4, 5, 6, 7, 8, 9, 10, 11, 12, 13, 14, 15, 16, 17, 18, 19, 20, 21, 22, 23, 24, 25, 26, 27, 28, 29, 30]","[16, 32, 64, 128]","[5, 10, 15, 20]","[2, 3, 5, 7]","[2, 4, 8]",random,minimize,local
p48shjrg,91,497,1779153818805,,/home/meliani/nni-experiments/p48shjrg,40,exp_random_1800s_local_only_local_only,hpo,/home/meliani/Desktop/phd/fast-track/search_space.json,python3 trial.py --data ./local_only.csv,/home/meliani/Desktop/phd/fast-track,1,1800s,100000000,False,False,info,/home/meliani/nni-experiments,"['LSTM', 'GRU', 'CNN', 'RNN', 'TCN', 'Transformer', 'MLP']","[16, 32, 64, 128, 256]","[1, 2, 3, 4]","[0, 0.1, 0.2, 0.3, 0.5]","['relu', 'tanh', 'sigmoid', 'elu']","[1e-05, 0.01]","[2, 3, 4, 5, 6, 7, 8, 9, 10, 11, 12, 13, 14, 15, 16, 17, 18, 19, 20, 21, 22, 23, 24, 25, 26, 27, 28, 29, 30]","[16, 32, 64, 128]","[5, 10, 15, 20]","[2, 3, 5, 7]","[2, 4, 8]",random,minimize,local
p48shjrg,92,500,1779153818805,,/home/meliani/nni-experiments/p48shjrg,40,exp_random_1800s_local_only_local_only,hpo,/home/meliani/Desktop/phd/fast-track/search_space.json,python3 trial.py --data ./local_only.csv,/home/meliani/Desktop/phd/fast-track,1,1800s,100000000,False,False,info,/home/meliani/nni-experiments,"['LSTM', 'GRU', 'CNN', 'RNN', 'TCN', 'Transformer', 'MLP']","[16, 32, 64, 128, 256]","[1, 2, 3, 4]","[0, 0.1, 0.2, 0.3, 0.5]","['relu', 'tanh', 'sigmoid', 'elu']","[1e-05, 0.01]","[2, 3, 4, 5, 6, 7, 8, 9, 10, 11, 12, 13, 14, 15, 16, 17, 18, 19, 20, 21, 22, 23, 24, 25, 26, 27, 28, 29, 30]","[16, 32, 64, 128]","[5, 10, 15, 20]","[2, 3, 5, 7]","[2, 4, 8]",random,minimize,local
p48shjrg,93,510,1779153818805,,/home/meliani/nni-experiments/p48shjrg,40,exp_random_1800s_local_only_local_only,hpo,/home/meliani/Desktop/phd/fast-track/search_space.json,python3 trial.py --data ./local_only.csv,/home/meliani/Desktop/phd/fast-track,1,1800s,100000000,False,False,info,/home/meliani/nni-experiments,"['LSTM', 'GRU', 'CNN', 'RNN', 'TCN', 'Transformer', 'MLP']","[16, 32, 64, 128, 256]","[1, 2, 3, 4]","[0, 0.1, 0.2, 0.3, 0.5]","['relu', 'tanh', 'sigmoid', 'elu']","[1e-05, 0.01]","[2, 3, 4, 5, 6, 7, 8, 9, 10, 11, 12, 13, 14, 15, 16, 17, 18, 19, 20, 21, 22, 23, 24, 25, 26, 27, 28, 29, 30]","[16, 32, 64, 128]","[5, 10, 15, 20]","[2, 3, 5, 7]","[2, 4, 8]",random,minimize,local
p48shjrg,94,512,1779153818805,,/home/meliani/nni-experiments/p48shjrg,41,exp_random_1800s_local_only_local_only,hpo,/home/meliani/Desktop/phd/fast-track/search_space.json,python3 trial.py --data ./local_only.csv,/home/meliani/Desktop/phd/fast-track,1,1800s,100000000,False,False,info,/home/meliani/nni-experiments,"['LSTM', 'GRU', 'CNN', 'RNN', 'TCN', 'Transformer', 'MLP']","[16, 32, 64, 128, 256]","[1, 2, 3, 4]","[0, 0.1, 0.2, 0.3, 0.5]","['relu', 'tanh', 'sigmoid', 'elu']","[1e-05, 0.01]","[2, 3, 4, 5, 6, 7, 8, 9, 10, 11, 12, 13, 14, 15, 16, 17, 18, 19, 20, 21, 22, 23, 24, 25, 26, 27, 28, 29, 30]","[16, 32, 64, 128]","[5, 10, 15, 20]","[2, 3, 5, 7]","[2, 4, 8]",random,minimize,local
p48shjrg,95,520,1779153818805,,/home/meliani/nni-experiments/p48shjrg,41,exp_random_1800s_local_only_local_only,hpo,/home/meliani/Desktop/phd/fast-track/search_space.json,python3 trial.py --data ./local_only.csv,/home/meliani/Desktop/phd/fast-track,1,1800s,100000000,False,False,info,/home/meliani/nni-experiments,"['LSTM', 'GRU', 'CNN', 'RNN', 'TCN', 'Transformer', 'MLP']","[16, 32, 64, 128, 256]","[1, 2, 3, 4]","[0, 0.1, 0.2, 0.3, 0.5]","['relu', 'tanh', 'sigmoid', 'elu']","[1e-05, 0.01]","[2, 3, 4, 5, 6, 7, 8, 9, 10, 11, 12, 13, 14, 15, 16, 17, 18, 19, 20, 21, 22, 23, 24, 25, 26, 27, 28, 29, 30]","[16, 32, 64, 128]","[5, 10, 15, 20]","[2, 3, 5, 7]","[2, 4, 8]",random,minimize,local
p48shjrg,96,523,1779153818805,,/home/meliani/nni-experiments/p48shjrg,42,exp_random_1800s_local_only_local_only,hpo,/home/meliani/Desktop/phd/fast-track/search_space.json,python3 trial.py --data ./local_only.csv,/home/meliani/Desktop/phd/fast-track,1,1800s,100000000,False,False,info,/home/meliani/nni-experiments,"['LSTM', 'GRU', 'CNN', 'RNN', 'TCN', 'Transformer', 'MLP']","[16, 32, 64, 128, 256]","[1, 2, 3, 4]","[0, 0.1, 0.2, 0.3, 0.5]","['relu', 'tanh', 'sigmoid', 'elu']","[1e-05, 0.01]","[2, 3, 4, 5, 6, 7, 8, 9, 10, 11, 12, 13, 14, 15, 16, 17, 18, 19, 20, 21, 22, 23, 24, 25, 26, 27, 28, 29, 30]","[16, 32, 64, 128]","[5, 10, 15, 20]","[2, 3, 5, 7]","[2, 4, 8]",random,minimize,local
p48shjrg,97,530,1779153818805,,/home/meliani/nni-experiments/p48shjrg,42,exp_random_1800s_local_only_local_only,hpo,/home/meliani/Desktop/phd/fast-track/search_space.json,python3 trial.py --data ./local_only.csv,/home/meliani/Desktop/phd/fast-track,1,1800s,100000000,False,False,info,/home/meliani/nni-experiments,"['LSTM', 'GRU', 'CNN', 'RNN', 'TCN', 'Transformer', 'MLP']","[16, 32, 64, 128, 256]","[1, 2, 3, 4]","[0, 0.1, 0.2, 0.3, 0.5]","['relu', 'tanh', 'sigmoid', 'elu']","[1e-05, 0.01]","[2, 3, 4, 5, 6, 7, 8, 9, 10, 11, 12, 13, 14, 15, 16, 17, 18, 19, 20, 21, 22, 23, 24, 25, 26, 27, 28, 29, 30]","[16, 32, 64, 128]","[5, 10, 15, 20]","[2, 3, 5, 7]","[2, 4, 8]",random,minimize,local
p48shjrg,98,540,1779153818805,,/home/meliani/nni-experiments/p48shjrg,42,exp_random_1800s_local_only_local_only,hpo,/home/meliani/Desktop/phd/fast-track/search_space.json,python3 trial.py --data ./local_only.csv,/home/meliani/Desktop/phd/fast-track,1,1800s,100000000,False,False,info,/home/meliani/nni-experiments,"['LSTM', 'GRU', 'CNN', 'RNN', 'TCN', 'Transformer', 'MLP']","[16, 32, 64, 128, 256]","[1, 2, 3, 4]","[0, 0.1, 0.2, 0.3, 0.5]","['relu', 'tanh', 'sigmoid', 'elu']","[1e-05, 0.01]","[2, 3, 4, 5, 6, 7, 8, 9, 10, 11, 12, 13, 14, 15, 16, 17, 18, 19, 20, 21, 22, 23, 24, 25, 26, 27, 28, 29, 30]","[16, 32, 64, 128]","[5, 10, 15, 20]","[2, 3, 5, 7]","[2, 4, 8]",random,minimize,local
p48shjrg,99,544,1779153818805,,/home/meliani/nni-experiments/p48shjrg,43,exp_random_1800s_local_only_local_only,hpo,/home/meliani/Desktop/phd/fast-track/search_space.json,python3 trial.py --data ./local_only.csv,/home/meliani/Desktop/phd/fast-track,1,1800s,100000000,False,False,info,/home/meliani/nni-experiments,"['LSTM', 'GRU', 'CNN', 'RNN', 'TCN', 'Transformer', 'MLP']","[16, 32, 64, 128, 256]","[1, 2, 3, 4]","[0, 0.1, 0.2, 0.3, 0.5]","['relu', 'tanh', 'sigmoid', 'elu']","[1e-05, 0.01]","[2, 3, 4, 5, 6, 7, 8, 9, 10, 11, 12, 13, 14, 15, 16, 17, 18, 19, 20, 21, 22, 23, 24, 25, 26, 27, 28, 29, 30]","[16, 32, 64, 128]","[5, 10, 15, 20]","[2, 3, 5, 7]","[2, 4, 8]",random,minimize,local
p48shjrg,100,550,1779153818805,,/home/meliani/nni-experiments/p48shjrg,43,exp_random_1800s_local_only_local_only,hpo,/home/meliani/Desktop/phd/fast-track/search_space.json,python3 trial.py --data ./local_only.csv,/home/meliani/Desktop/phd/fast-track,1,1800s,100000000,False,False,info,/home/meliani/nni-experiments,"['LSTM', 'GRU', 'CNN', 'RNN', 'TCN', 'Transformer', 'MLP']","[16, 32, 64, 128, 256]","[1, 2, 3, 4]","[0, 0.1, 0.2, 0.3, 0.5]","['relu', 'tanh', 'sigmoid', 'elu']","[1e-05, 0.01]","[2, 3, 4, 5, 6, 7, 8, 9, 10, 11, 12, 13, 14, 15, 16, 17, 18, 19, 20, 21, 22, 23, 24, 25, 26, 27, 28, 29, 30]","[16, 32, 64, 128]","[5, 10, 15, 20]","[2, 3, 5, 7]","[2, 4, 8]",random,minimize,local
p48shjrg,101,553,1779153818805,,/home/meliani/nni-experiments/p48shjrg,44,exp_random_1800s_local_only_local_only,hpo,/home/meliani/Desktop/phd/fast-track/search_space.json,python3 trial.py --data ./local_only.csv,/home/meliani/Desktop/phd/fast-track,1,1800s,100000000,False,False,info,/home/meliani/nni-experiments,"['LSTM', 'GRU', 'CNN', 'RNN', 'TCN', 'Transformer', 'MLP']","[16, 32, 64, 128, 256]","[1, 2, 3, 4]","[0, 0.1, 0.2, 0.3, 0.5]","['relu', 'tanh', 'sigmoid', 'elu']","[1e-05, 0.01]","[2, 3, 4, 5, 6, 7, 8, 9, 10, 11, 12, 13, 14, 15, 16, 17, 18, 19, 20, 21, 22, 23, 24, 25, 26, 27, 28, 29, 30]","[16, 32, 64, 128]","[5, 10, 15, 20]","[2, 3, 5, 7]","[2, 4, 8]",random,minimize,local
p48shjrg,102,560,1779153818805,,/home/meliani/nni-experiments/p48shjrg,45,exp_random_1800s_local_only_local_only,hpo,/home/meliani/Desktop/phd/fast-track/search_space.json,python3 trial.py --data ./local_only.csv,/home/meliani/Desktop/phd/fast-track,1,1800s,100000000,False,False,info,/home/meliani/nni-experiments,"['LSTM', 'GRU', 'CNN', 'RNN', 'TCN', 'Transformer', 'MLP']","[16, 32, 64, 128, 256]","[1, 2, 3, 4]","[0, 0.1, 0.2, 0.3, 0.5]","['relu', 'tanh', 'sigmoid', 'elu']","[1e-05, 0.01]","[2, 3, 4, 5, 6, 7, 8, 9, 10, 11, 12, 13, 14, 15, 16, 17, 18, 19, 20, 21, 22, 23, 24, 25, 26, 27, 28, 29, 30]","[16, 32, 64, 128]","[5, 10, 15, 20]","[2, 3, 5, 7]","[2, 4, 8]",random,minimize,local
p48shjrg,103,560,1779153818805,,/home/meliani/nni-experiments/p48shjrg,45,exp_random_1800s_local_only_local_only,hpo,/home/meliani/Desktop/phd/fast-track/search_space.json,python3 trial.py --data ./local_only.csv,/home/meliani/Desktop/phd/fast-track,1,1800s,100000000,False,False,info,/home/meliani/nni-experiments,"['LSTM', 'GRU', 'CNN', 'RNN', 'TCN', 'Transformer', 'MLP']","[16, 32, 64, 128, 256]","[1, 2, 3, 4]","[0, 0.1, 0.2, 0.3, 0.5]","['relu', 'tanh', 'sigmoid', 'elu']","[1e-05, 0.01]","[2, 3, 4, 5, 6, 7, 8, 9, 10, 11, 12, 13, 14, 15, 16, 17, 18, 19, 20, 21, 22, 23, 24, 25, 26, 27, 28, 29, 30]","[16, 32, 64, 128]","[5, 10, 15, 20]","[2, 3, 5, 7]","[2, 4, 8]",random,minimize,local
p48shjrg,104,570,1779153818805,,/home/meliani/nni-experiments/p48shjrg,45,exp_random_1800s_local_only_local_only,hpo,/home/meliani/Desktop/phd/fast-track/search_space.json,python3 trial.py --data ./local_only.csv,/home/meliani/Desktop/phd/fast-track,1,1800s,100000000,False,False,info,/home/meliani/nni-experiments,"['LSTM', 'GRU', 'CNN', 'RNN', 'TCN', 'Transformer', 'MLP']","[16, 32, 64, 128, 256]","[1, 2, 3, 4]","[0, 0.1, 0.2, 0.3, 0.5]","['relu', 'tanh', 'sigmoid', 'elu']","[1e-05, 0.01]","[2, 3, 4, 5, 6, 7, 8, 9, 10, 11, 12, 13, 14, 15, 16, 17, 18, 19, 20, 21, 22, 23, 24, 25, 26, 27, 28, 29, 30]","[16, 32, 64, 128]","[5, 10, 15, 20]","[2, 3, 5, 7]","[2, 4, 8]",random,minimize,local
p48shjrg,105,572,1779153818805,,/home/meliani/nni-experiments/p48shjrg,46,exp_random_1800s_local_only_local_only,hpo,/home/meliani/Desktop/phd/fast-track/search_space.json,python3 trial.py --data ./local_only.csv,/home/meliani/Desktop/phd/fast-track,1,1800s,100000000,False,False,info,/home/meliani/nni-experiments,"['LSTM', 'GRU', 'CNN', 'RNN', 'TCN', 'Transformer', 'MLP']","[16, 32, 64, 128, 256]","[1, 2, 3, 4]","[0, 0.1, 0.2, 0.3, 0.5]","['relu', 'tanh', 'sigmoid', 'elu']","[1e-05, 0.01]","[2, 3, 4, 5, 6, 7, 8, 9, 10, 11, 12, 13, 14, 15, 16, 17, 18, 19, 20, 21, 22, 23, 24, 25, 26, 27, 28, 29, 30]","[16, 32, 64, 128]","[5, 10, 15, 20]","[2, 3, 5, 7]","[2, 4, 8]",random,minimize,local
p48shjrg,106,580,1779153818805,,/home/meliani/nni-experiments/p48shjrg,46,exp_random_1800s_local_only_local_only,hpo,/home/meliani/Desktop/phd/fast-track/search_space.json,python3 trial.py --data ./local_only.csv,/home/meliani/Desktop/phd/fast-track,1,1800s,100000000,False,False,info,/home/meliani/nni-experiments,"['LSTM', 'GRU', 'CNN', 'RNN', 'TCN', 'Transformer', 'MLP']","[16, 32, 64, 128, 256]","[1, 2, 3, 4]","[0, 0.1, 0.2, 0.3, 0.5]","['relu', 'tanh', 'sigmoid', 'elu']","[1e-05, 0.01]","[2, 3, 4, 5, 6, 7, 8, 9, 10, 11, 12, 13, 14, 15, 16, 17, 18, 19, 20, 21, 22, 23, 24, 25, 26, 27, 28, 29, 30]","[16, 32, 64, 128]","[5, 10, 15, 20]","[2, 3, 5, 7]","[2, 4, 8]",random,minimize,local
p48shjrg,107,590,1779153818805,,/home/meliani/nni-experiments/p48shjrg,46,exp_random_1800s_local_only_local_only,hpo,/home/meliani/Desktop/phd/fast-track/search_space.json,python3 trial.py --data ./local_only.csv,/home/meliani/Desktop/phd/fast-track,1,1800s,100000000,False,False,info,/home/meliani/nni-experiments,"['LSTM', 'GRU', 'CNN', 'RNN', 'TCN', 'Transformer', 'MLP']","[16, 32, 64, 128, 256]","[1, 2, 3, 4]","[0, 0.1, 0.2, 0.3, 0.5]","['relu', 'tanh', 'sigmoid', 'elu']","[1e-05, 0.01]","[2, 3, 4, 5, 6, 7, 8, 9, 10, 11, 12, 13, 14, 15, 16, 17, 18, 19, 20, 21, 22, 23, 24, 25, 26, 27, 28, 29, 30]","[16, 32, 64, 128]","[5, 10, 15, 20]","[2, 3, 5, 7]","[2, 4, 8]",random,minimize,local
p48shjrg,108,590,1779153818805,,/home/meliani/nni-experiments/p48shjrg,47,exp_random_1800s_local_only_local_only,hpo,/home/meliani/Desktop/phd/fast-track/search_space.json,python3 trial.py --data ./local_only.csv,/home/meliani/Desktop/phd/fast-track,1,1800s,100000000,False,False,info,/home/meliani/nni-experiments,"['LSTM', 'GRU', 'CNN', 'RNN', 'TCN', 'Transformer', 'MLP']","[16, 32, 64, 128, 256]","[1, 2, 3, 4]","[0, 0.1, 0.2, 0.3, 0.5]","['relu', 'tanh', 'sigmoid', 'elu']","[1e-05, 0.01]","[2, 3, 4, 5, 6, 7, 8, 9, 10, 11, 12, 13, 14, 15, 16, 17, 18, 19, 20, 21, 22, 23, 24, 25, 26, 27, 28, 29, 30]","[16, 32, 64, 128]","[5, 10, 15, 20]","[2, 3, 5, 7]","[2, 4, 8]",random,minimize,local
p48shjrg,109,599,1779153818805,,/home/meliani/nni-experiments/p48shjrg,48,exp_random_1800s_local_only_local_only,hpo,/home/meliani/Desktop/phd/fast-track/search_space.json,python3 trial.py --data ./local_only.csv,/home/meliani/Desktop/phd/fast-track,1,1800s,100000000,False,False,info,/home/meliani/nni-experiments,"['LSTM', 'GRU', 'CNN', 'RNN', 'TCN', 'Transformer', 'MLP']","[16, 32, 64, 128, 256]","[1, 2, 3, 4]","[0, 0.1, 0.2, 0.3, 0.5]","['relu', 'tanh', 'sigmoid', 'elu']","[1e-05, 0.01]","[2, 3, 4, 5, 6, 7, 8, 9, 10, 11, 12, 13, 14, 15, 16, 17, 18, 19, 20, 21, 22, 23, 24, 25, 26, 27, 28, 29, 30]","[16, 32, 64, 128]","[5, 10, 15, 20]","[2, 3, 5, 7]","[2, 4, 8]",random,minimize,local
p48shjrg,110,600,1779153818805,,/home/meliani/nni-experiments/p48shjrg,48,exp_random_1800s_local_only_local_only,hpo,/home/meliani/Desktop/phd/fast-track/search_space.json,python3 trial.py --data ./local_only.csv,/home/meliani/Desktop/phd/fast-track,1,1800s,100000000,False,False,info,/home/meliani/nni-experiments,"['LSTM', 'GRU', 'CNN', 'RNN', 'TCN', 'Transformer', 'MLP']","[16, 32, 64, 128, 256]","[1, 2, 3, 4]","[0, 0.1, 0.2, 0.3, 0.5]","['relu', 'tanh', 'sigmoid', 'elu']","[1e-05, 0.01]","[2, 3, 4, 5, 6, 7, 8, 9, 10, 11, 12, 13, 14, 15, 16, 17, 18, 19, 20, 21, 22, 23, 24, 25, 26, 27, 28, 29, 30]","[16, 32, 64, 128]","[5, 10, 15, 20]","[2, 3, 5, 7]","[2, 4, 8]",random,minimize,local
p48shjrg,111,610,1779153818805,,/home/meliani/nni-experiments/p48shjrg,49,exp_random_1800s_local_only_local_only,hpo,/home/meliani/Desktop/phd/fast-track/search_space.json,python3 trial.py --data ./local_only.csv,/home/meliani/Desktop/phd/fast-track,1,1800s,100000000,False,False,info,/home/meliani/nni-experiments,"['LSTM', 'GRU', 'CNN', 'RNN', 'TCN', 'Transformer', 'MLP']","[16, 32, 64, 128, 256]","[1, 2, 3, 4]","[0, 0.1, 0.2, 0.3, 0.5]","['relu', 'tanh', 'sigmoid', 'elu']","[1e-05, 0.01]","[2, 3, 4, 5, 6, 7, 8, 9, 10, 11, 12, 13, 14, 15, 16, 17, 18, 19, 20, 21, 22, 23, 24, 25, 26, 27, 28, 29, 30]","[16, 32, 64, 128]","[5, 10, 15, 20]","[2, 3, 5, 7]","[2, 4, 8]",random,minimize,local
p48shjrg,112,610,1779153818805,,/home/meliani/nni-experiments/p48shjrg,49,exp_random_1800s_local_only_local_only,hpo,/home/meliani/Desktop/phd/fast-track/search_space.json,python3 trial.py --data ./local_only.csv,/home/meliani/Desktop/phd/fast-track,1,1800s,100000000,False,False,info,/home/meliani/nni-experiments,"['LSTM', 'GRU', 'CNN', 'RNN', 'TCN', 'Transformer', 'MLP']","[16, 32, 64, 128, 256]","[1, 2, 3, 4]","[0, 0.1, 0.2, 0.3, 0.5]","['relu', 'tanh', 'sigmoid', 'elu']","[1e-05, 0.01]","[2, 3, 4, 5, 6, 7, 8, 9, 10, 11, 12, 13, 14, 15, 16, 17, 18, 19, 20, 21, 22, 23, 24, 25, 26, 27, 28, 29, 30]","[16, 32, 64, 128]","[5, 10, 15, 20]","[2, 3, 5, 7]","[2, 4, 8]",random,minimize,local
p48shjrg,113,620,1779153818805,,/home/meliani/nni-experiments/p48shjrg,49,exp_random_1800s_local_only_local_only,hpo,/home/meliani/Desktop/phd/fast-track/search_space.json,python3 trial.py --data ./local_only.csv,/home/meliani/Desktop/phd/fast-track,1,1800s,100000000,False,False,info,/home/meliani/nni-experiments,"['LSTM', 'GRU', 'CNN', 'RNN', 'TCN', 'Transformer', 'MLP']","[16, 32, 64, 128, 256]","[1, 2, 3, 4]","[0, 0.1, 0.2, 0.3, 0.5]","['relu', 'tanh', 'sigmoid', 'elu']","[1e-05, 0.01]","[2, 3, 4, 5, 6, 7, 8, 9, 10, 11, 12, 13, 14, 15, 16, 17, 18, 19, 20, 21, 22, 23, 24, 25, 26, 27, 28, 29, 30]","[16, 32, 64, 128]","[5, 10, 15, 20]","[2, 3, 5, 7]","[2, 4, 8]",random,minimize,local
p48shjrg,114,626,1779153818805,,/home/meliani/nni-experiments/p48shjrg,50,exp_random_1800s_local_only_local_only,hpo,/home/meliani/Desktop/phd/fast-track/search_space.json,python3 trial.py --data ./local_only.csv,/home/meliani/Desktop/phd/fast-track,1,1800s,100000000,False,False,info,/home/meliani/nni-experiments,"['LSTM', 'GRU', 'CNN', 'RNN', 'TCN', 'Transformer', 'MLP']","[16, 32, 64, 128, 256]","[1, 2, 3, 4]","[0, 0.1, 0.2, 0.3, 0.5]","['relu', 'tanh', 'sigmoid', 'elu']","[1e-05, 0.01]","[2, 3, 4, 5, 6, 7, 8, 9, 10, 11, 12, 13, 14, 15, 16, 17, 18, 19, 20, 21, 22, 23, 24, 25, 26, 27, 28, 29, 30]","[16, 32, 64, 128]","[5, 10, 15, 20]","[2, 3, 5, 7]","[2, 4, 8]",random,minimize,local
p48shjrg,115,630,1779153818805,,/home/meliani/nni-experiments/p48shjrg,50,exp_random_1800s_local_only_local_only,hpo,/home/meliani/Desktop/phd/fast-track/search_space.json,python3 trial.py --data ./local_only.csv,/home/meliani/Desktop/phd/fast-track,1,1800s,100000000,False,False,info,/home/meliani/nni-experiments,"['LSTM', 'GRU', 'CNN', 'RNN', 'TCN', 'Transformer', 'MLP']","[16, 32, 64, 128, 256]","[1, 2, 3, 4]","[0, 0.1, 0.2, 0.3, 0.5]","['relu', 'tanh', 'sigmoid', 'elu']","[1e-05, 0.01]","[2, 3, 4, 5, 6, 7, 8, 9, 10, 11, 12, 13, 14, 15, 16, 17, 18, 19, 20, 21, 22, 23, 24, 25, 26, 27, 28, 29, 30]","[16, 32, 64, 128]","[5, 10, 15, 20]","[2, 3, 5, 7]","[2, 4, 8]",random,minimize,local
p48shjrg,116,635,1779153818805,,/home/meliani/nni-experiments/p48shjrg,51,exp_random_1800s_local_only_local_only,hpo,/home/meliani/Desktop/phd/fast-track/search_space.json,python3 trial.py --data ./local_only.csv,/home/meliani/Desktop/phd/fast-track,1,1800s,100000000,False,False,info,/home/meliani/nni-experiments,"['LSTM', 'GRU', 'CNN', 'RNN', 'TCN', 'Transformer', 'MLP']","[16, 32, 64, 128, 256]","[1, 2, 3, 4]","[0, 0.1, 0.2, 0.3, 0.5]","['relu', 'tanh', 'sigmoid', 'elu']","[1e-05, 0.01]","[2, 3, 4, 5, 6, 7, 8, 9, 10, 11, 12, 13, 14, 15, 16, 17, 18, 19, 20, 21, 22, 23, 24, 25, 26, 27, 28, 29, 30]","[16, 32, 64, 128]","[5, 10, 15, 20]","[2, 3, 5, 7]","[2, 4, 8]",random,minimize,local
p48shjrg,117,640,1779153818805,,/home/meliani/nni-experiments/p48shjrg,51,exp_random_1800s_local_only_local_only,hpo,/home/meliani/Desktop/phd/fast-track/search_space.json,python3 trial.py --data ./local_only.csv,/home/meliani/Desktop/phd/fast-track,1,1800s,100000000,False,False,info,/home/meliani/nni-experiments,"['LSTM', 'GRU', 'CNN', 'RNN', 'TCN', 'Transformer', 'MLP']","[16, 32, 64, 128, 256]","[1, 2, 3, 4]","[0, 0.1, 0.2, 0.3, 0.5]","['relu', 'tanh', 'sigmoid', 'elu']","[1e-05, 0.01]","[2, 3, 4, 5, 6, 7, 8, 9, 10, 11, 12, 13, 14, 15, 16, 17, 18, 19, 20, 21, 22, 23, 24, 25, 26, 27, 28, 29, 30]","[16, 32, 64, 128]","[5, 10, 15, 20]","[2, 3, 5, 7]","[2, 4, 8]",random,minimize,local
p48shjrg,118,645,1779153818805,,/home/meliani/nni-experiments/p48shjrg,52,exp_random_1800s_local_only_local_only,hpo,/home/meliani/Desktop/phd/fast-track/search_space.json,python3 trial.py --data ./local_only.csv,/home/meliani/Desktop/phd/fast-track,1,1800s,100000000,False,False,info,/home/meliani/nni-experiments,"['LSTM', 'GRU', 'CNN', 'RNN', 'TCN', 'Transformer', 'MLP']","[16, 32, 64, 128, 256]","[1, 2, 3, 4]","[0, 0.1, 0.2, 0.3, 0.5]","['relu', 'tanh', 'sigmoid', 'elu']","[1e-05, 0.01]","[2, 3, 4, 5, 6, 7, 8, 9, 10, 11, 12, 13, 14, 15, 16, 17, 18, 19, 20, 21, 22, 23, 24, 25, 26, 27, 28, 29, 30]","[16, 32, 64, 128]","[5, 10, 15, 20]","[2, 3, 5, 7]","[2, 4, 8]",random,minimize,local
p48shjrg,119,650,1779153818805,,/home/meliani/nni-experiments/p48shjrg,52,exp_random_1800s_local_only_local_only,hpo,/home/meliani/Desktop/phd/fast-track/search_space.json,python3 trial.py --data ./local_only.csv,/home/meliani/Desktop/phd/fast-track,1,1800s,100000000,False,False,info,/home/meliani/nni-experiments,"['LSTM', 'GRU', 'CNN', 'RNN', 'TCN', 'Transformer', 'MLP']","[16, 32, 64, 128, 256]","[1, 2, 3, 4]","[0, 0.1, 0.2, 0.3, 0.5]","['relu', 'tanh', 'sigmoid', 'elu']","[1e-05, 0.01]","[2, 3, 4, 5, 6, 7, 8, 9, 10, 11, 12, 13, 14, 15, 16, 17, 18, 19, 20, 21, 22, 23, 24, 25, 26, 27, 28, 29, 30]","[16, 32, 64, 128]","[5, 10, 15, 20]","[2, 3, 5, 7]","[2, 4, 8]",random,minimize,local
p48shjrg,120,654,1779153818805,,/home/meliani/nni-experiments/p48shjrg,53,exp_random_1800s_local_only_local_only,hpo,/home/meliani/Desktop/phd/fast-track/search_space.json,python3 trial.py --data ./local_only.csv,/home/meliani/Desktop/phd/fast-track,1,1800s,100000000,False,False,info,/home/meliani/nni-experiments,"['LSTM', 'GRU', 'CNN', 'RNN', 'TCN', 'Transformer', 'MLP']","[16, 32, 64, 128, 256]","[1, 2, 3, 4]","[0, 0.1, 0.2, 0.3, 0.5]","['relu', 'tanh', 'sigmoid', 'elu']","[1e-05, 0.01]","[2, 3, 4, 5, 6, 7, 8, 9, 10, 11, 12, 13, 14, 15, 16, 17, 18, 19, 20, 21, 22, 23, 24, 25, 26, 27, 28, 29, 30]","[16, 32, 64, 128]","[5, 10, 15, 20]","[2, 3, 5, 7]","[2, 4, 8]",random,minimize,local
p48shjrg,121,660,1779153818805,,/home/meliani/nni-experiments/p48shjrg,53,exp_random_1800s_local_only_local_only,hpo,/home/meliani/Desktop/phd/fast-track/search_space.json,python3 trial.py --data ./local_only.csv,/home/meliani/Desktop/phd/fast-track,1,1800s,100000000,False,False,info,/home/meliani/nni-experiments,"['LSTM', 'GRU', 'CNN', 'RNN', 'TCN', 'Transformer', 'MLP']","[16, 32, 64, 128, 256]","[1, 2, 3, 4]","[0, 0.1, 0.2, 0.3, 0.5]","['relu', 'tanh', 'sigmoid', 'elu']","[1e-05, 0.01]","[2, 3, 4, 5, 6, 7, 8, 9, 10, 11, 12, 13, 14, 15, 16, 17, 18, 19, 20, 21, 22, 23, 24, 25, 26, 27, 28, 29, 30]","[16, 32, 64, 128]","[5, 10, 15, 20]","[2, 3, 5, 7]","[2, 4, 8]",random,minimize,local
p48shjrg,122,664,1779153818805,,/home/meliani/nni-experiments/p48shjrg,54,exp_random_1800s_local_only_local_only,hpo,/home/meliani/Desktop/phd/fast-track/search_space.json,python3 trial.py --data ./local_only.csv,/home/meliani/Desktop/phd/fast-track,1,1800s,100000000,False,False,info,/home/meliani/nni-experiments,"['LSTM', 'GRU', 'CNN', 'RNN', 'TCN', 'Transformer', 'MLP']","[16, 32, 64, 128, 256]","[1, 2, 3, 4]","[0, 0.1, 0.2, 0.3, 0.5]","['relu', 'tanh', 'sigmoid', 'elu']","[1e-05, 0.01]","[2, 3, 4, 5, 6, 7, 8, 9, 10, 11, 12, 13, 14, 15, 16, 17, 18, 19, 20, 21, 22, 23, 24, 25, 26, 27, 28, 29, 30]","[16, 32, 64, 128]","[5, 10, 15, 20]","[2, 3, 5, 7]","[2, 4, 8]",random,minimize,local
p48shjrg,123,669,1779153818805,,/home/meliani/nni-experiments/p48shjrg,55,exp_random_1800s_local_only_local_only,hpo,/home/meliani/Desktop/phd/fast-track/search_space.json,python3 trial.py --data ./local_only.csv,/home/meliani/Desktop/phd/fast-track,1,1800s,100000000,False,False,info,/home/meliani/nni-experiments,"['LSTM', 'GRU', 'CNN', 'RNN', 'TCN', 'Transformer', 'MLP']","[16, 32, 64, 128, 256]","[1, 2, 3, 4]","[0, 0.1, 0.2, 0.3, 0.5]","['relu', 'tanh', 'sigmoid', 'elu']","[1e-05, 0.01]","[2, 3, 4, 5, 6, 7, 8, 9, 10, 11, 12, 13, 14, 15, 16, 17, 18, 19, 20, 21, 22, 23, 24, 25, 26, 27, 28, 29, 30]","[16, 32, 64, 128]","[5, 10, 15, 20]","[2, 3, 5, 7]","[2, 4, 8]",random,minimize,local
p48shjrg,124,670,1779153818805,,/home/meliani/nni-experiments/p48shjrg,55,exp_random_1800s_local_only_local_only,hpo,/home/meliani/Desktop/phd/fast-track/search_space.json,python3 trial.py --data ./local_only.csv,/home/meliani/Desktop/phd/fast-track,1,1800s,100000000,False,False,info,/home/meliani/nni-experiments,"['LSTM', 'GRU', 'CNN', 'RNN', 'TCN', 'Transformer', 'MLP']","[16, 32, 64, 128, 256]","[1, 2, 3, 4]","[0, 0.1, 0.2, 0.3, 0.5]","['relu', 'tanh', 'sigmoid', 'elu']","[1e-05, 0.01]","[2, 3, 4, 5, 6, 7, 8, 9, 10, 11, 12, 13, 14, 15, 16, 17, 18, 19, 20, 21, 22, 23, 24, 25, 26, 27, 28, 29, 30]","[16, 32, 64, 128]","[5, 10, 15, 20]","[2, 3, 5, 7]","[2, 4, 8]",random,minimize,local
p48shjrg,125,677,1779153818805,,/home/meliani/nni-experiments/p48shjrg,56,exp_random_1800s_local_only_local_only,hpo,/home/meliani/Desktop/phd/fast-track/search_space.json,python3 trial.py --data ./local_only.csv,/home/meliani/Desktop/phd/fast-track,1,1800s,100000000,False,False,info,/home/meliani/nni-experiments,"['LSTM', 'GRU', 'CNN', 'RNN', 'TCN', 'Transformer', 'MLP']","[16, 32, 64, 128, 256]","[1, 2, 3, 4]","[0, 0.1, 0.2, 0.3, 0.5]","['relu', 'tanh', 'sigmoid', 'elu']","[1e-05, 0.01]","[2, 3, 4, 5, 6, 7, 8, 9, 10, 11, 12, 13, 14, 15, 16, 17, 18, 19, 20, 21, 22, 23, 24, 25, 26, 27, 28, 29, 30]","[16, 32, 64, 128]","[5, 10, 15, 20]","[2, 3, 5, 7]","[2, 4, 8]",random,minimize,local
p48shjrg,126,680,1779153818805,,/home/meliani/nni-experiments/p48shjrg,56,exp_random_1800s_local_only_local_only,hpo,/home/meliani/Desktop/phd/fast-track/search_space.json,python3 trial.py --data ./local_only.csv,/home/meliani/Desktop/phd/fast-track,1,1800s,100000000,False,False,info,/home/meliani/nni-experiments,"['LSTM', 'GRU', 'CNN', 'RNN', 'TCN', 'Transformer', 'MLP']","[16, 32, 64, 128, 256]","[1, 2, 3, 4]","[0, 0.1, 0.2, 0.3, 0.5]","['relu', 'tanh', 'sigmoid', 'elu']","[1e-05, 0.01]","[2, 3, 4, 5, 6, 7, 8, 9, 10, 11, 12, 13, 14, 15, 16, 17, 18, 19, 20, 21, 22, 23, 24, 25, 26, 27, 28, 29, 30]","[16, 32, 64, 128]","[5, 10, 15, 20]","[2, 3, 5, 7]","[2, 4, 8]",random,minimize,local
p48shjrg,127,686,1779153818805,,/home/meliani/nni-experiments/p48shjrg,57,exp_random_1800s_local_only_local_only,hpo,/home/meliani/Desktop/phd/fast-track/search_space.json,python3 trial.py --data ./local_only.csv,/home/meliani/Desktop/phd/fast-track,1,1800s,100000000,False,False,info,/home/meliani/nni-experiments,"['LSTM', 'GRU', 'CNN', 'RNN', 'TCN', 'Transformer', 'MLP']","[16, 32, 64, 128, 256]","[1, 2, 3, 4]","[0, 0.1, 0.2, 0.3, 0.5]","['relu', 'tanh', 'sigmoid', 'elu']","[1e-05, 0.01]","[2, 3, 4, 5, 6, 7, 8, 9, 10, 11, 12, 13, 14, 15, 16, 17, 18, 19, 20, 21, 22, 23, 24, 25, 26, 27, 28, 29, 30]","[16, 32, 64, 128]","[5, 10, 15, 20]","[2, 3, 5, 7]","[2, 4, 8]",random,minimize,local
p48shjrg,128,690,1779153818805,,/home/meliani/nni-experiments/p48shjrg,57,exp_random_1800s_local_only_local_only,hpo,/home/meliani/Desktop/phd/fast-track/search_space.json,python3 trial.py --data ./local_only.csv,/home/meliani/Desktop/phd/fast-track,1,1800s,100000000,False,False,info,/home/meliani/nni-experiments,"['LSTM', 'GRU', 'CNN', 'RNN', 'TCN', 'Transformer', 'MLP']","[16, 32, 64, 128, 256]","[1, 2, 3, 4]","[0, 0.1, 0.2, 0.3, 0.5]","['relu', 'tanh', 'sigmoid', 'elu']","[1e-05, 0.01]","[2, 3, 4, 5, 6, 7, 8, 9, 10, 11, 12, 13, 14, 15, 16, 17, 18, 19, 20, 21, 22, 23, 24, 25, 26, 27, 28, 29, 30]","[16, 32, 64, 128]","[5, 10, 15, 20]","[2, 3, 5, 7]","[2, 4, 8]",random,minimize,local
p48shjrg,129,695,1779153818805,,/home/meliani/nni-experiments/p48shjrg,58,exp_random_1800s_local_only_local_only,hpo,/home/meliani/Desktop/phd/fast-track/search_space.json,python3 trial.py --data ./local_only.csv,/home/meliani/Desktop/phd/fast-track,1,1800s,100000000,False,False,info,/home/meliani/nni-experiments,"['LSTM', 'GRU', 'CNN', 'RNN', 'TCN', 'Transformer', 'MLP']","[16, 32, 64, 128, 256]","[1, 2, 3, 4]","[0, 0.1, 0.2, 0.3, 0.5]","['relu', 'tanh', 'sigmoid', 'elu']","[1e-05, 0.01]","[2, 3, 4, 5, 6, 7, 8, 9, 10, 11, 12, 13, 14, 15, 16, 17, 18, 19, 20, 21, 22, 23, 24, 25, 26, 27, 28, 29, 30]","[16, 32, 64, 128]","[5, 10, 15, 20]","[2, 3, 5, 7]","[2, 4, 8]",random,minimize,local
p48shjrg,130,700,1779153818805,,/home/meliani/nni-experiments/p48shjrg,58,exp_random_1800s_local_only_local_only,hpo,/home/meliani/Desktop/phd/fast-track/search_space.json,python3 trial.py --data ./local_only.csv,/home/meliani/Desktop/phd/fast-track,1,1800s,100000000,False,False,info,/home/meliani/nni-experiments,"['LSTM', 'GRU', 'CNN', 'RNN', 'TCN', 'Transformer', 'MLP']","[16, 32, 64, 128, 256]","[1, 2, 3, 4]","[0, 0.1, 0.2, 0.3, 0.5]","['relu', 'tanh', 'sigmoid', 'elu']","[1e-05, 0.01]","[2, 3, 4, 5, 6, 7, 8, 9, 10, 11, 12, 13, 14, 15, 16, 17, 18, 19, 20, 21, 22, 23, 24, 25, 26, 27, 28, 29, 30]","[16, 32, 64, 128]","[5, 10, 15, 20]","[2, 3, 5, 7]","[2, 4, 8]",random,minimize,local
p48shjrg,131,710,1779153818805,,/home/meliani/nni-experiments/p48shjrg,58,exp_random_1800s_local_only_local_only,hpo,/home/meliani/Desktop/phd/fast-track/search_space.json,python3 trial.py --data ./local_only.csv,/home/meliani/Desktop/phd/fast-track,1,1800s,100000000,False,False,info,/home/meliani/nni-experiments,"['LSTM', 'GRU', 'CNN', 'RNN', 'TCN', 'Transformer', 'MLP']","[16, 32, 64, 128, 256]","[1, 2, 3, 4]","[0, 0.1, 0.2, 0.3, 0.5]","['relu', 'tanh', 'sigmoid', 'elu']","[1e-05, 0.01]","[2, 3, 4, 5, 6, 7, 8, 9, 10, 11, 12, 13, 14, 15, 16, 17, 18, 19, 20, 21, 22, 23, 24, 25, 26, 27, 28, 29, 30]","[16, 32, 64, 128]","[5, 10, 15, 20]","[2, 3, 5, 7]","[2, 4, 8]",random,minimize,local
p48shjrg,132,720,1779153818805,,/home/meliani/nni-experiments/p48shjrg,58,exp_random_1800s_local_only_local_only,hpo,/home/meliani/Desktop/phd/fast-track/search_space.json,python3 trial.py --data ./local_only.csv,/home/meliani/Desktop/phd/fast-track,1,1800s,100000000,False,False,info,/home/meliani/nni-experiments,"['LSTM', 'GRU', 'CNN', 'RNN', 'TCN', 'Transformer', 'MLP']","[16, 32, 64, 128, 256]","[1, 2, 3, 4]","[0, 0.1, 0.2, 0.3, 0.5]","['relu', 'tanh', 'sigmoid', 'elu']","[1e-05, 0.01]","[2, 3, 4, 5, 6, 7, 8, 9, 10, 11, 12, 13, 14, 15, 16, 17, 18, 19, 20, 21, 22, 23, 24, 25, 26, 27, 28, 29, 30]","[16, 32, 64, 128]","[5, 10, 15, 20]","[2, 3, 5, 7]","[2, 4, 8]",random,minimize,local
p48shjrg,133,730,1779153818805,,/home/meliani/nni-experiments/p48shjrg,58,exp_random_1800s_local_only_local_only,hpo,/home/meliani/Desktop/phd/fast-track/search_space.json,python3 trial.py --data ./local_only.csv,/home/meliani/Desktop/phd/fast-track,1,1800s,100000000,False,False,info,/home/meliani/nni-experiments,"['LSTM', 'GRU', 'CNN', 'RNN', 'TCN', 'Transformer', 'MLP']","[16, 32, 64, 128, 256]","[1, 2, 3, 4]","[0, 0.1, 0.2, 0.3, 0.5]","['relu', 'tanh', 'sigmoid', 'elu']","[1e-05, 0.01]","[2, 3, 4, 5, 6, 7, 8, 9, 10, 11, 12, 13, 14, 15, 16, 17, 18, 19, 20, 21, 22, 23, 24, 25, 26, 27, 28, 29, 30]","[16, 32, 64, 128]","[5, 10, 15, 20]","[2, 3, 5, 7]","[2, 4, 8]",random,minimize,local
p48shjrg,134,739,1779153818805,,/home/meliani/nni-experiments/p48shjrg,59,exp_random_1800s_local_only_local_only,hpo,/home/meliani/Desktop/phd/fast-track/search_space.json,python3 trial.py --data ./local_only.csv,/home/meliani/Desktop/phd/fast-track,1,1800s,100000000,False,False,info,/home/meliani/nni-experiments,"['LSTM', 'GRU', 'CNN', 'RNN', 'TCN', 'Transformer', 'MLP']","[16, 32, 64, 128, 256]","[1, 2, 3, 4]","[0, 0.1, 0.2, 0.3, 0.5]","['relu', 'tanh', 'sigmoid', 'elu']","[1e-05, 0.01]","[2, 3, 4, 5, 6, 7, 8, 9, 10, 11, 12, 13, 14, 15, 16, 17, 18, 19, 20, 21, 22, 23, 24, 25, 26, 27, 28, 29, 30]","[16, 32, 64, 128]","[5, 10, 15, 20]","[2, 3, 5, 7]","[2, 4, 8]",random,minimize,local
p48shjrg,135,740,1779153818805,,/home/meliani/nni-experiments/p48shjrg,59,exp_random_1800s_local_only_local_only,hpo,/home/meliani/Desktop/phd/fast-track/search_space.json,python3 trial.py --data ./local_only.csv,/home/meliani/Desktop/phd/fast-track,1,1800s,100000000,False,False,info,/home/meliani/nni-experiments,"['LSTM', 'GRU', 'CNN', 'RNN', 'TCN', 'Transformer', 'MLP']","[16, 32, 64, 128, 256]","[1, 2, 3, 4]","[0, 0.1, 0.2, 0.3, 0.5]","['relu', 'tanh', 'sigmoid', 'elu']","[1e-05, 0.01]","[2, 3, 4, 5, 6, 7, 8, 9, 10, 11, 12, 13, 14, 15, 16, 17, 18, 19, 20, 21, 22, 23, 24, 25, 26, 27, 28, 29, 30]","[16, 32, 64, 128]","[5, 10, 15, 20]","[2, 3, 5, 7]","[2, 4, 8]",random,minimize,local
p48shjrg,136,750,1779153818805,,/home/meliani/nni-experiments/p48shjrg,59,exp_random_1800s_local_only_local_only,hpo,/home/meliani/Desktop/phd/fast-track/search_space.json,python3 trial.py --data ./local_only.csv,/home/meliani/Desktop/phd/fast-track,1,1800s,100000000,False,False,info,/home/meliani/nni-experiments,"['LSTM', 'GRU', 'CNN', 'RNN', 'TCN', 'Transformer', 'MLP']","[16, 32, 64, 128, 256]","[1, 2, 3, 4]","[0, 0.1, 0.2, 0.3, 0.5]","['relu', 'tanh', 'sigmoid', 'elu']","[1e-05, 0.01]","[2, 3, 4, 5, 6, 7, 8, 9, 10, 11, 12, 13, 14, 15, 16, 17, 18, 19, 20, 21, 22, 23, 24, 25, 26, 27, 28, 29, 30]","[16, 32, 64, 128]","[5, 10, 15, 20]","[2, 3, 5, 7]","[2, 4, 8]",random,minimize,local
p48shjrg,137,756,1779153818805,,/home/meliani/nni-experiments/p48shjrg,60,exp_random_1800s_local_only_local_only,hpo,/home/meliani/Desktop/phd/fast-track/search_space.json,python3 trial.py --data ./local_only.csv,/home/meliani/Desktop/phd/fast-track,1,1800s,100000000,False,False,info,/home/meliani/nni-experiments,"['LSTM', 'GRU', 'CNN', 'RNN', 'TCN', 'Transformer', 'MLP']","[16, 32, 64, 128, 256]","[1, 2, 3, 4]","[0, 0.1, 0.2, 0.3, 0.5]","['relu', 'tanh', 'sigmoid', 'elu']","[1e-05, 0.01]","[2, 3, 4, 5, 6, 7, 8, 9, 10, 11, 12, 13, 14, 15, 16, 17, 18, 19, 20, 21, 22, 23, 24, 25, 26, 27, 28, 29, 30]","[16, 32, 64, 128]","[5, 10, 15, 20]","[2, 3, 5, 7]","[2, 4, 8]",random,minimize,local
p48shjrg,138,760,1779153818805,,/home/meliani/nni-experiments/p48shjrg,60,exp_random_1800s_local_only_local_only,hpo,/home/meliani/Desktop/phd/fast-track/search_space.json,python3 trial.py --data ./local_only.csv,/home/meliani/Desktop/phd/fast-track,1,1800s,100000000,False,False,info,/home/meliani/nni-experiments,"['LSTM', 'GRU', 'CNN', 'RNN', 'TCN', 'Transformer', 'MLP']","[16, 32, 64, 128, 256]","[1, 2, 3, 4]","[0, 0.1, 0.2, 0.3, 0.5]","['relu', 'tanh', 'sigmoid', 'elu']","[1e-05, 0.01]","[2, 3, 4, 5, 6, 7, 8, 9, 10, 11, 12, 13, 14, 15, 16, 17, 18, 19, 20, 21, 22, 23, 24, 25, 26, 27, 28, 29, 30]","[16, 32, 64, 128]","[5, 10, 15, 20]","[2, 3, 5, 7]","[2, 4, 8]",random,minimize,local
p48shjrg,139,763,1779153818805,,/home/meliani/nni-experiments/p48shjrg,61,exp_random_1800s_local_only_local_only,hpo,/home/meliani/Desktop/phd/fast-track/search_space.json,python3 trial.py --data ./local_only.csv,/home/meliani/Desktop/phd/fast-track,1,1800s,100000000,False,False,info,/home/meliani/nni-experiments,"['LSTM', 'GRU', 'CNN', 'RNN', 'TCN', 'Transformer', 'MLP']","[16, 32, 64, 128, 256]","[1, 2, 3, 4]","[0, 0.1, 0.2, 0.3, 0.5]","['relu', 'tanh', 'sigmoid', 'elu']","[1e-05, 0.01]","[2, 3, 4, 5, 6, 7, 8, 9, 10, 11, 12, 13, 14, 15, 16, 17, 18, 19, 20, 21, 22, 23, 24, 25, 26, 27, 28, 29, 30]","[16, 32, 64, 128]","[5, 10, 15, 20]","[2, 3, 5, 7]","[2, 4, 8]",random,minimize,local
p48shjrg,140,770,1779153818805,,/home/meliani/nni-experiments/p48shjrg,62,exp_random_1800s_local_only_local_only,hpo,/home/meliani/Desktop/phd/fast-track/search_space.json,python3 trial.py --data ./local_only.csv,/home/meliani/Desktop/phd/fast-track,1,1800s,100000000,False,False,info,/home/meliani/nni-experiments,"['LSTM', 'GRU', 'CNN', 'RNN', 'TCN', 'Transformer', 'MLP']","[16, 32, 64, 128, 256]","[1, 2, 3, 4]","[0, 0.1, 0.2, 0.3, 0.5]","['relu', 'tanh', 'sigmoid', 'elu']","[1e-05, 0.01]","[2, 3, 4, 5, 6, 7, 8, 9, 10, 11, 12, 13, 14, 15, 16, 17, 18, 19, 20, 21, 22, 23, 24, 25, 26, 27, 28, 29, 30]","[16, 32, 64, 128]","[5, 10, 15, 20]","[2, 3, 5, 7]","[2, 4, 8]",random,minimize,local
p48shjrg,141,770,1779153818805,,/home/meliani/nni-experiments/p48shjrg,62,exp_random_1800s_local_only_local_only,hpo,/home/meliani/Desktop/phd/fast-track/search_space.json,python3 trial.py --data ./local_only.csv,/home/meliani/Desktop/phd/fast-track,1,1800s,100000000,False,False,info,/home/meliani/nni-experiments,"['LSTM', 'GRU', 'CNN', 'RNN', 'TCN', 'Transformer', 'MLP']","[16, 32, 64, 128, 256]","[1, 2, 3, 4]","[0, 0.1, 0.2, 0.3, 0.5]","['relu', 'tanh', 'sigmoid', 'elu']","[1e-05, 0.01]","[2, 3, 4, 5, 6, 7, 8, 9, 10, 11, 12, 13, 14, 15, 16, 17, 18, 19, 20, 21, 22, 23, 24, 25, 26, 27, 28, 29, 30]","[16, 32, 64, 128]","[5, 10, 15, 20]","[2, 3, 5, 7]","[2, 4, 8]",random,minimize,local
p48shjrg,142,776,1779153818805,,/home/meliani/nni-experiments/p48shjrg,63,exp_random_1800s_local_only_local_only,hpo,/home/meliani/Desktop/phd/fast-track/search_space.json,python3 trial.py --data ./local_only.csv,/home/meliani/Desktop/phd/fast-track,1,1800s,100000000,False,False,info,/home/meliani/nni-experiments,"['LSTM', 'GRU', 'CNN', 'RNN', 'TCN', 'Transformer', 'MLP']","[16, 32, 64, 128, 256]","[1, 2, 3, 4]","[0, 0.1, 0.2, 0.3, 0.5]","['relu', 'tanh', 'sigmoid', 'elu']","[1e-05, 0.01]","[2, 3, 4, 5, 6, 7, 8, 9, 10, 11, 12, 13, 14, 15, 16, 17, 18, 19, 20, 21, 22, 23, 24, 25, 26, 27, 28, 29, 30]","[16, 32, 64, 128]","[5, 10, 15, 20]","[2, 3, 5, 7]","[2, 4, 8]",random,minimize,local
p48shjrg,143,780,1779153818805,,/home/meliani/nni-experiments/p48shjrg,63,exp_random_1800s_local_only_local_only,hpo,/home/meliani/Desktop/phd/fast-track/search_space.json,python3 trial.py --data ./local_only.csv,/home/meliani/Desktop/phd/fast-track,1,1800s,100000000,False,False,info,/home/meliani/nni-experiments,"['LSTM', 'GRU', 'CNN', 'RNN', 'TCN', 'Transformer', 'MLP']","[16, 32, 64, 128, 256]","[1, 2, 3, 4]","[0, 0.1, 0.2, 0.3, 0.5]","['relu', 'tanh', 'sigmoid', 'elu']","[1e-05, 0.01]","[2, 3, 4, 5, 6, 7, 8, 9, 10, 11, 12, 13, 14, 15, 16, 17, 18, 19, 20, 21, 22, 23, 24, 25, 26, 27, 28, 29, 30]","[16, 32, 64, 128]","[5, 10, 15, 20]","[2, 3, 5, 7]","[2, 4, 8]",random,minimize,local
p48shjrg,144,790,1779153818805,,/home/meliani/nni-experiments/p48shjrg,63,exp_random_1800s_local_only_local_only,hpo,/home/meliani/Desktop/phd/fast-track/search_space.json,python3 trial.py --data ./local_only.csv,/home/meliani/Desktop/phd/fast-track,1,1800s,100000000,False,False,info,/home/meliani/nni-experiments,"['LSTM', 'GRU', 'CNN', 'RNN', 'TCN', 'Transformer', 'MLP']","[16, 32, 64, 128, 256]","[1, 2, 3, 4]","[0, 0.1, 0.2, 0.3, 0.5]","['relu', 'tanh', 'sigmoid', 'elu']","[1e-05, 0.01]","[2, 3, 4, 5, 6, 7, 8, 9, 10, 11, 12, 13, 14, 15, 16, 17, 18, 19, 20, 21, 22, 23, 24, 25, 26, 27, 28, 29, 30]","[16, 32, 64, 128]","[5, 10, 15, 20]","[2, 3, 5, 7]","[2, 4, 8]",random,minimize,local
p48shjrg,145,798,1779153818805,,/home/meliani/nni-experiments/p48shjrg,64,exp_random_1800s_local_only_local_only,hpo,/home/meliani/Desktop/phd/fast-track/search_space.json,python3 trial.py --data ./local_only.csv,/home/meliani/Desktop/phd/fast-track,1,1800s,100000000,False,False,info,/home/meliani/nni-experiments,"['LSTM', 'GRU', 'CNN', 'RNN', 'TCN', 'Transformer', 'MLP']","[16, 32, 64, 128, 256]","[1, 2, 3, 4]","[0, 0.1, 0.2, 0.3, 0.5]","['relu', 'tanh', 'sigmoid', 'elu']","[1e-05, 0.01]","[2, 3, 4, 5, 6, 7, 8, 9, 10, 11, 12, 13, 14, 15, 16, 17, 18, 19, 20, 21, 22, 23, 24, 25, 26, 27, 28, 29, 30]","[16, 32, 64, 128]","[5, 10, 15, 20]","[2, 3, 5, 7]","[2, 4, 8]",random,minimize,local
p48shjrg,146,800,1779153818805,,/home/meliani/nni-experiments/p48shjrg,64,exp_random_1800s_local_only_local_only,hpo,/home/meliani/Desktop/phd/fast-track/search_space.json,python3 trial.py --data ./local_only.csv,/home/meliani/Desktop/phd/fast-track,1,1800s,100000000,False,False,info,/home/meliani/nni-experiments,"['LSTM', 'GRU', 'CNN', 'RNN', 'TCN', 'Transformer', 'MLP']","[16, 32, 64, 128, 256]","[1, 2, 3, 4]","[0, 0.1, 0.2, 0.3, 0.5]","['relu', 'tanh', 'sigmoid', 'elu']","[1e-05, 0.01]","[2, 3, 4, 5, 6, 7, 8, 9, 10, 11, 12, 13, 14, 15, 16, 17, 18, 19, 20, 21, 22, 23, 24, 25, 26, 27, 28, 29, 30]","[16, 32, 64, 128]","[5, 10, 15, 20]","[2, 3, 5, 7]","[2, 4, 8]",random,minimize,local
p48shjrg,147,810,1779153818805,,/home/meliani/nni-experiments/p48shjrg,64,exp_random_1800s_local_only_local_only,hpo,/home/meliani/Desktop/phd/fast-track/search_space.json,python3 trial.py --data ./local_only.csv,/home/meliani/Desktop/phd/fast-track,1,1800s,100000000,False,False,info,/home/meliani/nni-experiments,"['LSTM', 'GRU', 'CNN', 'RNN', 'TCN', 'Transformer', 'MLP']","[16, 32, 64, 128, 256]","[1, 2, 3, 4]","[0, 0.1, 0.2, 0.3, 0.5]","['relu', 'tanh', 'sigmoid', 'elu']","[1e-05, 0.01]","[2, 3, 4, 5, 6, 7, 8, 9, 10, 11, 12, 13, 14, 15, 16, 17, 18, 19, 20, 21, 22, 23, 24, 25, 26, 27, 28, 29, 30]","[16, 32, 64, 128]","[5, 10, 15, 20]","[2, 3, 5, 7]","[2, 4, 8]",random,minimize,local
p48shjrg,148,820,1779153818805,,/home/meliani/nni-experiments/p48shjrg,64,exp_random_1800s_local_only_local_only,hpo,/home/meliani/Desktop/phd/fast-track/search_space.json,python3 trial.py --data ./local_only.csv,/home/meliani/Desktop/phd/fast-track,1,1800s,100000000,False,False,info,/home/meliani/nni-experiments,"['LSTM', 'GRU', 'CNN', 'RNN', 'TCN', 'Transformer', 'MLP']","[16, 32, 64, 128, 256]","[1, 2, 3, 4]","[0, 0.1, 0.2, 0.3, 0.5]","['relu', 'tanh', 'sigmoid', 'elu']","[1e-05, 0.01]","[2, 3, 4, 5, 6, 7, 8, 9, 10, 11, 12, 13, 14, 15, 16, 17, 18, 19, 20, 21, 22, 23, 24, 25, 26, 27, 28, 29, 30]","[16, 32, 64, 128]","[5, 10, 15, 20]","[2, 3, 5, 7]","[2, 4, 8]",random,minimize,local
p48shjrg,149,824,1779153818805,,/home/meliani/nni-experiments/p48shjrg,65,exp_random_1800s_local_only_local_only,hpo,/home/meliani/Desktop/phd/fast-track/search_space.json,python3 trial.py --data ./local_only.csv,/home/meliani/Desktop/phd/fast-track,1,1800s,100000000,False,False,info,/home/meliani/nni-experiments,"['LSTM', 'GRU', 'CNN', 'RNN', 'TCN', 'Transformer', 'MLP']","[16, 32, 64, 128, 256]","[1, 2, 3, 4]","[0, 0.1, 0.2, 0.3, 0.5]","['relu', 'tanh', 'sigmoid', 'elu']","[1e-05, 0.01]","[2, 3, 4, 5, 6, 7, 8, 9, 10, 11, 12, 13, 14, 15, 16, 17, 18, 19, 20, 21, 22, 23, 24, 25, 26, 27, 28, 29, 30]","[16, 32, 64, 128]","[5, 10, 15, 20]","[2, 3, 5, 7]","[2, 4, 8]",random,minimize,local
p48shjrg,150,830,1779153818805,,/home/meliani/nni-experiments/p48shjrg,65,exp_random_1800s_local_only_local_only,hpo,/home/meliani/Desktop/phd/fast-track/search_space.json,python3 trial.py --data ./local_only.csv,/home/meliani/Desktop/phd/fast-track,1,1800s,100000000,False,False,info,/home/meliani/nni-experiments,"['LSTM', 'GRU', 'CNN', 'RNN', 'TCN', 'Transformer', 'MLP']","[16, 32, 64, 128, 256]","[1, 2, 3, 4]","[0, 0.1, 0.2, 0.3, 0.5]","['relu', 'tanh', 'sigmoid', 'elu']","[1e-05, 0.01]","[2, 3, 4, 5, 6, 7, 8, 9, 10, 11, 12, 13, 14, 15, 16, 17, 18, 19, 20, 21, 22, 23, 24, 25, 26, 27, 28, 29, 30]","[16, 32, 64, 128]","[5, 10, 15, 20]","[2, 3, 5, 7]","[2, 4, 8]",random,minimize,local
p48shjrg,151,834,1779153818805,,/home/meliani/nni-experiments/p48shjrg,66,exp_random_1800s_local_only_local_only,hpo,/home/meliani/Desktop/phd/fast-track/search_space.json,python3 trial.py --data ./local_only.csv,/home/meliani/Desktop/phd/fast-track,1,1800s,100000000,False,False,info,/home/meliani/nni-experiments,"['LSTM', 'GRU', 'CNN', 'RNN', 'TCN', 'Transformer', 'MLP']","[16, 32, 64, 128, 256]","[1, 2, 3, 4]","[0, 0.1, 0.2, 0.3, 0.5]","['relu', 'tanh', 'sigmoid', 'elu']","[1e-05, 0.01]","[2, 3, 4, 5, 6, 7, 8, 9, 10, 11, 12, 13, 14, 15, 16, 17, 18, 19, 20, 21, 22, 23, 24, 25, 26, 27, 28, 29, 30]","[16, 32, 64, 128]","[5, 10, 15, 20]","[2, 3, 5, 7]","[2, 4, 8]",random,minimize,local
p48shjrg,152,840,1779153818805,,/home/meliani/nni-experiments/p48shjrg,66,exp_random_1800s_local_only_local_only,hpo,/home/meliani/Desktop/phd/fast-track/search_space.json,python3 trial.py --data ./local_only.csv,/home/meliani/Desktop/phd/fast-track,1,1800s,100000000,False,False,info,/home/meliani/nni-experiments,"['LSTM', 'GRU', 'CNN', 'RNN', 'TCN', 'Transformer', 'MLP']","[16, 32, 64, 128, 256]","[1, 2, 3, 4]","[0, 0.1, 0.2, 0.3, 0.5]","['relu', 'tanh', 'sigmoid', 'elu']","[1e-05, 0.01]","[2, 3, 4, 5, 6, 7, 8, 9, 10, 11, 12, 13, 14, 15, 16, 17, 18, 19, 20, 21, 22, 23, 24, 25, 26, 27, 28, 29, 30]","[16, 32, 64, 128]","[5, 10, 15, 20]","[2, 3, 5, 7]","[2, 4, 8]",random,minimize,local
p48shjrg,153,850,1779153818805,,/home/meliani/nni-experiments/p48shjrg,66,exp_random_1800s_local_only_local_only,hpo,/home/meliani/Desktop/phd/fast-track/search_space.json,python3 trial.py --data ./local_only.csv,/home/meliani/Desktop/phd/fast-track,1,1800s,100000000,False,False,info,/home/meliani/nni-experiments,"['LSTM', 'GRU', 'CNN', 'RNN', 'TCN', 'Transformer', 'MLP']","[16, 32, 64, 128, 256]","[1, 2, 3, 4]","[0, 0.1, 0.2, 0.3, 0.5]","['relu', 'tanh', 'sigmoid', 'elu']","[1e-05, 0.01]","[2, 3, 4, 5, 6, 7, 8, 9, 10, 11, 12, 13, 14, 15, 16, 17, 18, 19, 20, 21, 22, 23, 24, 25, 26, 27, 28, 29, 30]","[16, 32, 64, 128]","[5, 10, 15, 20]","[2, 3, 5, 7]","[2, 4, 8]",random,minimize,local
p48shjrg,154,857,1779153818805,,/home/meliani/nni-experiments/p48shjrg,67,exp_random_1800s_local_only_local_only,hpo,/home/meliani/Desktop/phd/fast-track/search_space.json,python3 trial.py --data ./local_only.csv,/home/meliani/Desktop/phd/fast-track,1,1800s,100000000,False,False,info,/home/meliani/nni-experiments,"['LSTM', 'GRU', 'CNN', 'RNN', 'TCN', 'Transformer', 'MLP']","[16, 32, 64, 128, 256]","[1, 2, 3, 4]","[0, 0.1, 0.2, 0.3, 0.5]","['relu', 'tanh', 'sigmoid', 'elu']","[1e-05, 0.01]","[2, 3, 4, 5, 6, 7, 8, 9, 10, 11, 12, 13, 14, 15, 16, 17, 18, 19, 20, 21, 22, 23, 24, 25, 26, 27, 28, 29, 30]","[16, 32, 64, 128]","[5, 10, 15, 20]","[2, 3, 5, 7]","[2, 4, 8]",random,minimize,local
p48shjrg,155,860,1779153818805,,/home/meliani/nni-experiments/p48shjrg,67,exp_random_1800s_local_only_local_only,hpo,/home/meliani/Desktop/phd/fast-track/search_space.json,python3 trial.py --data ./local_only.csv,/home/meliani/Desktop/phd/fast-track,1,1800s,100000000,False,False,info,/home/meliani/nni-experiments,"['LSTM', 'GRU', 'CNN', 'RNN', 'TCN', 'Transformer', 'MLP']","[16, 32, 64, 128, 256]","[1, 2, 3, 4]","[0, 0.1, 0.2, 0.3, 0.5]","['relu', 'tanh', 'sigmoid', 'elu']","[1e-05, 0.01]","[2, 3, 4, 5, 6, 7, 8, 9, 10, 11, 12, 13, 14, 15, 16, 17, 18, 19, 20, 21, 22, 23, 24, 25, 26, 27, 28, 29, 30]","[16, 32, 64, 128]","[5, 10, 15, 20]","[2, 3, 5, 7]","[2, 4, 8]",random,minimize,local
p48shjrg,156,870,1779153818805,,/home/meliani/nni-experiments/p48shjrg,67,exp_random_1800s_local_only_local_only,hpo,/home/meliani/Desktop/phd/fast-track/search_space.json,python3 trial.py --data ./local_only.csv,/home/meliani/Desktop/phd/fast-track,1,1800s,100000000,False,False,info,/home/meliani/nni-experiments,"['LSTM', 'GRU', 'CNN', 'RNN', 'TCN', 'Transformer', 'MLP']","[16, 32, 64, 128, 256]","[1, 2, 3, 4]","[0, 0.1, 0.2, 0.3, 0.5]","['relu', 'tanh', 'sigmoid', 'elu']","[1e-05, 0.01]","[2, 3, 4, 5, 6, 7, 8, 9, 10, 11, 12, 13, 14, 15, 16, 17, 18, 19, 20, 21, 22, 23, 24, 25, 26, 27, 28, 29, 30]","[16, 32, 64, 128]","[5, 10, 15, 20]","[2, 3, 5, 7]","[2, 4, 8]",random,minimize,local
p48shjrg,157,873,1779153818805,,/home/meliani/nni-experiments/p48shjrg,68,exp_random_1800s_local_only_local_only,hpo,/home/meliani/Desktop/phd/fast-track/search_space.json,python3 trial.py --data ./local_only.csv,/home/meliani/Desktop/phd/fast-track,1,1800s,100000000,False,False,info,/home/meliani/nni-experiments,"['LSTM', 'GRU', 'CNN', 'RNN', 'TCN', 'Transformer', 'MLP']","[16, 32, 64, 128, 256]","[1, 2, 3, 4]","[0, 0.1, 0.2, 0.3, 0.5]","['relu', 'tanh', 'sigmoid', 'elu']","[1e-05, 0.01]","[2, 3, 4, 5, 6, 7, 8, 9, 10, 11, 12, 13, 14, 15, 16, 17, 18, 19, 20, 21, 22, 23, 24, 25, 26, 27, 28, 29, 30]","[16, 32, 64, 128]","[5, 10, 15, 20]","[2, 3, 5, 7]","[2, 4, 8]",random,minimize,local
p48shjrg,158,880,1779153818805,,/home/meliani/nni-experiments/p48shjrg,68,exp_random_1800s_local_only_local_only,hpo,/home/meliani/Desktop/phd/fast-track/search_space.json,python3 trial.py --data ./local_only.csv,/home/meliani/Desktop/phd/fast-track,1,1800s,100000000,False,False,info,/home/meliani/nni-experiments,"['LSTM', 'GRU', 'CNN', 'RNN', 'TCN', 'Transformer', 'MLP']","[16, 32, 64, 128, 256]","[1, 2, 3, 4]","[0, 0.1, 0.2, 0.3, 0.5]","['relu', 'tanh', 'sigmoid', 'elu']","[1e-05, 0.01]","[2, 3, 4, 5, 6, 7, 8, 9, 10, 11, 12, 13, 14, 15, 16, 17, 18, 19, 20, 21, 22, 23, 24, 25, 26, 27, 28, 29, 30]","[16, 32, 64, 128]","[5, 10, 15, 20]","[2, 3, 5, 7]","[2, 4, 8]",random,minimize,local
p48shjrg,159,890,1779153818805,,/home/meliani/nni-experiments/p48shjrg,68,exp_random_1800s_local_only_local_only,hpo,/home/meliani/Desktop/phd/fast-track/search_space.json,python3 trial.py --data ./local_only.csv,/home/meliani/Desktop/phd/fast-track,1,1800s,100000000,False,False,info,/home/meliani/nni-experiments,"['LSTM', 'GRU', 'CNN', 'RNN', 'TCN', 'Transformer', 'MLP']","[16, 32, 64, 128, 256]","[1, 2, 3, 4]","[0, 0.1, 0.2, 0.3, 0.5]","['relu', 'tanh', 'sigmoid', 'elu']","[1e-05, 0.01]","[2, 3, 4, 5, 6, 7, 8, 9, 10, 11, 12, 13, 14, 15, 16, 17, 18, 19, 20, 21, 22, 23, 24, 25, 26, 27, 28, 29, 30]","[16, 32, 64, 128]","[5, 10, 15, 20]","[2, 3, 5, 7]","[2, 4, 8]",random,minimize,local
p48shjrg,160,893,1779153818805,,/home/meliani/nni-experiments/p48shjrg,69,exp_random_1800s_local_only_local_only,hpo,/home/meliani/Desktop/phd/fast-track/search_space.json,python3 trial.py --data ./local_only.csv,/home/meliani/Desktop/phd/fast-track,1,1800s,100000000,False,False,info,/home/meliani/nni-experiments,"['LSTM', 'GRU', 'CNN', 'RNN', 'TCN', 'Transformer', 'MLP']","[16, 32, 64, 128, 256]","[1, 2, 3, 4]","[0, 0.1, 0.2, 0.3, 0.5]","['relu', 'tanh', 'sigmoid', 'elu']","[1e-05, 0.01]","[2, 3, 4, 5, 6, 7, 8, 9, 10, 11, 12, 13, 14, 15, 16, 17, 18, 19, 20, 21, 22, 23, 24, 25, 26, 27, 28, 29, 30]","[16, 32, 64, 128]","[5, 10, 15, 20]","[2, 3, 5, 7]","[2, 4, 8]",random,minimize,local
p48shjrg,161,897,1779153818805,,/home/meliani/nni-experiments/p48shjrg,70,exp_random_1800s_local_only_local_only,hpo,/home/meliani/Desktop/phd/fast-track/search_space.json,python3 trial.py --data ./local_only.csv,/home/meliani/Desktop/phd/fast-track,1,1800s,100000000,False,False,info,/home/meliani/nni-experiments,"['LSTM', 'GRU', 'CNN', 'RNN', 'TCN', 'Transformer', 'MLP']","[16, 32, 64, 128, 256]","[1, 2, 3, 4]","[0, 0.1, 0.2, 0.3, 0.5]","['relu', 'tanh', 'sigmoid', 'elu']","[1e-05, 0.01]","[2, 3, 4, 5, 6, 7, 8, 9, 10, 11, 12, 13, 14, 15, 16, 17, 18, 19, 20, 21, 22, 23, 24, 25, 26, 27, 28, 29, 30]","[16, 32, 64, 128]","[5, 10, 15, 20]","[2, 3, 5, 7]","[2, 4, 8]",random,minimize,local
p48shjrg,162,900,1779153818805,,/home/meliani/nni-experiments/p48shjrg,70,exp_random_1800s_local_only_local_only,hpo,/home/meliani/Desktop/phd/fast-track/search_space.json,python3 trial.py --data ./local_only.csv,/home/meliani/Desktop/phd/fast-track,1,1800s,100000000,False,False,info,/home/meliani/nni-experiments,"['LSTM', 'GRU', 'CNN', 'RNN', 'TCN', 'Transformer', 'MLP']","[16, 32, 64, 128, 256]","[1, 2, 3, 4]","[0, 0.1, 0.2, 0.3, 0.5]","['relu', 'tanh', 'sigmoid', 'elu']","[1e-05, 0.01]","[2, 3, 4, 5, 6, 7, 8, 9, 10, 11, 12, 13, 14, 15, 16, 17, 18, 19, 20, 21, 22, 23, 24, 25, 26, 27, 28, 29, 30]","[16, 32, 64, 128]","[5, 10, 15, 20]","[2, 3, 5, 7]","[2, 4, 8]",random,minimize,local
p48shjrg,163,906,1779153818805,,/home/meliani/nni-experiments/p48shjrg,71,exp_random_1800s_local_only_local_only,hpo,/home/meliani/Desktop/phd/fast-track/search_space.json,python3 trial.py --data ./local_only.csv,/home/meliani/Desktop/phd/fast-track,1,1800s,100000000,False,False,info,/home/meliani/nni-experiments,"['LSTM', 'GRU', 'CNN', 'RNN', 'TCN', 'Transformer', 'MLP']","[16, 32, 64, 128, 256]","[1, 2, 3, 4]","[0, 0.1, 0.2, 0.3, 0.5]","['relu', 'tanh', 'sigmoid', 'elu']","[1e-05, 0.01]","[2, 3, 4, 5, 6, 7, 8, 9, 10, 11, 12, 13, 14, 15, 16, 17, 18, 19, 20, 21, 22, 23, 24, 25, 26, 27, 28, 29, 30]","[16, 32, 64, 128]","[5, 10, 15, 20]","[2, 3, 5, 7]","[2, 4, 8]",random,minimize,local
p48shjrg,164,910,1779153818805,,/home/meliani/nni-experiments/p48shjrg,71,exp_random_1800s_local_only_local_only,hpo,/home/meliani/Desktop/phd/fast-track/search_space.json,python3 trial.py --data ./local_only.csv,/home/meliani/Desktop/phd/fast-track,1,1800s,100000000,False,False,info,/home/meliani/nni-experiments,"['LSTM', 'GRU', 'CNN', 'RNN', 'TCN', 'Transformer', 'MLP']","[16, 32, 64, 128, 256]","[1, 2, 3, 4]","[0, 0.1, 0.2, 0.3, 0.5]","['relu', 'tanh', 'sigmoid', 'elu']","[1e-05, 0.01]","[2, 3, 4, 5, 6, 7, 8, 9, 10, 11, 12, 13, 14, 15, 16, 17, 18, 19, 20, 21, 22, 23, 24, 25, 26, 27, 28, 29, 30]","[16, 32, 64, 128]","[5, 10, 15, 20]","[2, 3, 5, 7]","[2, 4, 8]",random,minimize,local
p48shjrg,165,912,1779153818805,,/home/meliani/nni-experiments/p48shjrg,72,exp_random_1800s_local_only_local_only,hpo,/home/meliani/Desktop/phd/fast-track/search_space.json,python3 trial.py --data ./local_only.csv,/home/meliani/Desktop/phd/fast-track,1,1800s,100000000,False,False,info,/home/meliani/nni-experiments,"['LSTM', 'GRU', 'CNN', 'RNN', 'TCN', 'Transformer', 'MLP']","[16, 32, 64, 128, 256]","[1, 2, 3, 4]","[0, 0.1, 0.2, 0.3, 0.5]","['relu', 'tanh', 'sigmoid', 'elu']","[1e-05, 0.01]","[2, 3, 4, 5, 6, 7, 8, 9, 10, 11, 12, 13, 14, 15, 16, 17, 18, 19, 20, 21, 22, 23, 24, 25, 26, 27, 28, 29, 30]","[16, 32, 64, 128]","[5, 10, 15, 20]","[2, 3, 5, 7]","[2, 4, 8]",random,minimize,local
p48shjrg,166,920,1779153818805,,/home/meliani/nni-experiments/p48shjrg,72,exp_random_1800s_local_only_local_only,hpo,/home/meliani/Desktop/phd/fast-track/search_space.json,python3 trial.py --data ./local_only.csv,/home/meliani/Desktop/phd/fast-track,1,1800s,100000000,False,False,info,/home/meliani/nni-experiments,"['LSTM', 'GRU', 'CNN', 'RNN', 'TCN', 'Transformer', 'MLP']","[16, 32, 64, 128, 256]","[1, 2, 3, 4]","[0, 0.1, 0.2, 0.3, 0.5]","['relu', 'tanh', 'sigmoid', 'elu']","[1e-05, 0.01]","[2, 3, 4, 5, 6, 7, 8, 9, 10, 11, 12, 13, 14, 15, 16, 17, 18, 19, 20, 21, 22, 23, 24, 25, 26, 27, 28, 29, 30]","[16, 32, 64, 128]","[5, 10, 15, 20]","[2, 3, 5, 7]","[2, 4, 8]",random,minimize,local
p48shjrg,167,924,1779153818805,,/home/meliani/nni-experiments/p48shjrg,73,exp_random_1800s_local_only_local_only,hpo,/home/meliani/Desktop/phd/fast-track/search_space.json,python3 trial.py --data ./local_only.csv,/home/meliani/Desktop/phd/fast-track,1,1800s,100000000,False,False,info,/home/meliani/nni-experiments,"['LSTM', 'GRU', 'CNN', 'RNN', 'TCN', 'Transformer', 'MLP']","[16, 32, 64, 128, 256]","[1, 2, 3, 4]","[0, 0.1, 0.2, 0.3, 0.5]","['relu', 'tanh', 'sigmoid', 'elu']","[1e-05, 0.01]","[2, 3, 4, 5, 6, 7, 8, 9, 10, 11, 12, 13, 14, 15, 16, 17, 18, 19, 20, 21, 22, 23, 24, 25, 26, 27, 28, 29, 30]","[16, 32, 64, 128]","[5, 10, 15, 20]","[2, 3, 5, 7]","[2, 4, 8]",random,minimize,local
p48shjrg,168,930,1779153818805,,/home/meliani/nni-experiments/p48shjrg,73,exp_random_1800s_local_only_local_only,hpo,/home/meliani/Desktop/phd/fast-track/search_space.json,python3 trial.py --data ./local_only.csv,/home/meliani/Desktop/phd/fast-track,1,1800s,100000000,False,False,info,/home/meliani/nni-experiments,"['LSTM', 'GRU', 'CNN', 'RNN', 'TCN', 'Transformer', 'MLP']","[16, 32, 64, 128, 256]","[1, 2, 3, 4]","[0, 0.1, 0.2, 0.3, 0.5]","['relu', 'tanh', 'sigmoid', 'elu']","[1e-05, 0.01]","[2, 3, 4, 5, 6, 7, 8, 9, 10, 11, 12, 13, 14, 15, 16, 17, 18, 19, 20, 21, 22, 23, 24, 25, 26, 27, 28, 29, 30]","[16, 32, 64, 128]","[5, 10, 15, 20]","[2, 3, 5, 7]","[2, 4, 8]",random,minimize,local
p48shjrg,169,937,1779153818805,,/home/meliani/nni-experiments/p48shjrg,74,exp_random_1800s_local_only_local_only,hpo,/home/meliani/Desktop/phd/fast-track/search_space.json,python3 trial.py --data ./local_only.csv,/home/meliani/Desktop/phd/fast-track,1,1800s,100000000,False,False,info,/home/meliani/nni-experiments,"['LSTM', 'GRU', 'CNN', 'RNN', 'TCN', 'Transformer', 'MLP']","[16, 32, 64, 128, 256]","[1, 2, 3, 4]","[0, 0.1, 0.2, 0.3, 0.5]","['relu', 'tanh', 'sigmoid', 'elu']","[1e-05, 0.01]","[2, 3, 4, 5, 6, 7, 8, 9, 10, 11, 12, 13, 14, 15, 16, 17, 18, 19, 20, 21, 22, 23, 24, 25, 26, 27, 28, 29, 30]","[16, 32, 64, 128]","[5, 10, 15, 20]","[2, 3, 5, 7]","[2, 4, 8]",random,minimize,local
p48shjrg,170,940,1779153818805,,/home/meliani/nni-experiments/p48shjrg,74,exp_random_1800s_local_only_local_only,hpo,/home/meliani/Desktop/phd/fast-track/search_space.json,python3 trial.py --data ./local_only.csv,/home/meliani/Desktop/phd/fast-track,1,1800s,100000000,False,False,info,/home/meliani/nni-experiments,"['LSTM', 'GRU', 'CNN', 'RNN', 'TCN', 'Transformer', 'MLP']","[16, 32, 64, 128, 256]","[1, 2, 3, 4]","[0, 0.1, 0.2, 0.3, 0.5]","['relu', 'tanh', 'sigmoid', 'elu']","[1e-05, 0.01]","[2, 3, 4, 5, 6, 7, 8, 9, 10, 11, 12, 13, 14, 15, 16, 17, 18, 19, 20, 21, 22, 23, 24, 25, 26, 27, 28, 29, 30]","[16, 32, 64, 128]","[5, 10, 15, 20]","[2, 3, 5, 7]","[2, 4, 8]",random,minimize,local
p48shjrg,171,948,1779153818805,,/home/meliani/nni-experiments/p48shjrg,75,exp_random_1800s_local_only_local_only,hpo,/home/meliani/Desktop/phd/fast-track/search_space.json,python3 trial.py --data ./local_only.csv,/home/meliani/Desktop/phd/fast-track,1,1800s,100000000,False,False,info,/home/meliani/nni-experiments,"['LSTM', 'GRU', 'CNN', 'RNN', 'TCN', 'Transformer', 'MLP']","[16, 32, 64, 128, 256]","[1, 2, 3, 4]","[0, 0.1, 0.2, 0.3, 0.5]","['relu', 'tanh', 'sigmoid', 'elu']","[1e-05, 0.01]","[2, 3, 4, 5, 6, 7, 8, 9, 10, 11, 12, 13, 14, 15, 16, 17, 18, 19, 20, 21, 22, 23, 24, 25, 26, 27, 28, 29, 30]","[16, 32, 64, 128]","[5, 10, 15, 20]","[2, 3, 5, 7]","[2, 4, 8]",random,minimize,local
p48shjrg,172,950,1779153818805,,/home/meliani/nni-experiments/p48shjrg,75,exp_random_1800s_local_only_local_only,hpo,/home/meliani/Desktop/phd/fast-track/search_space.json,python3 trial.py --data ./local_only.csv,/home/meliani/Desktop/phd/fast-track,1,1800s,100000000,False,False,info,/home/meliani/nni-experiments,"['LSTM', 'GRU', 'CNN', 'RNN', 'TCN', 'Transformer', 'MLP']","[16, 32, 64, 128, 256]","[1, 2, 3, 4]","[0, 0.1, 0.2, 0.3, 0.5]","['relu', 'tanh', 'sigmoid', 'elu']","[1e-05, 0.01]","[2, 3, 4, 5, 6, 7, 8, 9, 10, 11, 12, 13, 14, 15, 16, 17, 18, 19, 20, 21, 22, 23, 24, 25, 26, 27, 28, 29, 30]","[16, 32, 64, 128]","[5, 10, 15, 20]","[2, 3, 5, 7]","[2, 4, 8]",random,minimize,local
p48shjrg,173,960,1779153818805,,/home/meliani/nni-experiments/p48shjrg,75,exp_random_1800s_local_only_local_only,hpo,/home/meliani/Desktop/phd/fast-track/search_space.json,python3 trial.py --data ./local_only.csv,/home/meliani/Desktop/phd/fast-track,1,1800s,100000000,False,False,info,/home/meliani/nni-experiments,"['LSTM', 'GRU', 'CNN', 'RNN', 'TCN', 'Transformer', 'MLP']","[16, 32, 64, 128, 256]","[1, 2, 3, 4]","[0, 0.1, 0.2, 0.3, 0.5]","['relu', 'tanh', 'sigmoid', 'elu']","[1e-05, 0.01]","[2, 3, 4, 5, 6, 7, 8, 9, 10, 11, 12, 13, 14, 15, 16, 17, 18, 19, 20, 21, 22, 23, 24, 25, 26, 27, 28, 29, 30]","[16, 32, 64, 128]","[5, 10, 15, 20]","[2, 3, 5, 7]","[2, 4, 8]",random,minimize,local
p48shjrg,174,965,1779153818805,,/home/meliani/nni-experiments/p48shjrg,76,exp_random_1800s_local_only_local_only,hpo,/home/meliani/Desktop/phd/fast-track/search_space.json,python3 trial.py --data ./local_only.csv,/home/meliani/Desktop/phd/fast-track,1,1800s,100000000,False,False,info,/home/meliani/nni-experiments,"['LSTM', 'GRU', 'CNN', 'RNN', 'TCN', 'Transformer', 'MLP']","[16, 32, 64, 128, 256]","[1, 2, 3, 4]","[0, 0.1, 0.2, 0.3, 0.5]","['relu', 'tanh', 'sigmoid', 'elu']","[1e-05, 0.01]","[2, 3, 4, 5, 6, 7, 8, 9, 10, 11, 12, 13, 14, 15, 16, 17, 18, 19, 20, 21, 22, 23, 24, 25, 26, 27, 28, 29, 30]","[16, 32, 64, 128]","[5, 10, 15, 20]","[2, 3, 5, 7]","[2, 4, 8]",random,minimize,local
p48shjrg,175,970,1779153818805,,/home/meliani/nni-experiments/p48shjrg,77,exp_random_1800s_local_only_local_only,hpo,/home/meliani/Desktop/phd/fast-track/search_space.json,python3 trial.py --data ./local_only.csv,/home/meliani/Desktop/phd/fast-track,1,1800s,100000000,False,False,info,/home/meliani/nni-experiments,"['LSTM', 'GRU', 'CNN', 'RNN', 'TCN', 'Transformer', 'MLP']","[16, 32, 64, 128, 256]","[1, 2, 3, 4]","[0, 0.1, 0.2, 0.3, 0.5]","['relu', 'tanh', 'sigmoid', 'elu']","[1e-05, 0.01]","[2, 3, 4, 5, 6, 7, 8, 9, 10, 11, 12, 13, 14, 15, 16, 17, 18, 19, 20, 21, 22, 23, 24, 25, 26, 27, 28, 29, 30]","[16, 32, 64, 128]","[5, 10, 15, 20]","[2, 3, 5, 7]","[2, 4, 8]",random,minimize,local
p48shjrg,176,970,1779153818805,,/home/meliani/nni-experiments/p48shjrg,77,exp_random_1800s_local_only_local_only,hpo,/home/meliani/Desktop/phd/fast-track/search_space.json,python3 trial.py --data ./local_only.csv,/home/meliani/Desktop/phd/fast-track,1,1800s,100000000,False,False,info,/home/meliani/nni-experiments,"['LSTM', 'GRU', 'CNN', 'RNN', 'TCN', 'Transformer', 'MLP']","[16, 32, 64, 128, 256]","[1, 2, 3, 4]","[0, 0.1, 0.2, 0.3, 0.5]","['relu', 'tanh', 'sigmoid', 'elu']","[1e-05, 0.01]","[2, 3, 4, 5, 6, 7, 8, 9, 10, 11, 12, 13, 14, 15, 16, 17, 18, 19, 20, 21, 22, 23, 24, 25, 26, 27, 28, 29, 30]","[16, 32, 64, 128]","[5, 10, 15, 20]","[2, 3, 5, 7]","[2, 4, 8]",random,minimize,local
p48shjrg,177,975,1779153818805,,/home/meliani/nni-experiments/p48shjrg,78,exp_random_1800s_local_only_local_only,hpo,/home/meliani/Desktop/phd/fast-track/search_space.json,python3 trial.py --data ./local_only.csv,/home/meliani/Desktop/phd/fast-track,1,1800s,100000000,False,False,info,/home/meliani/nni-experiments,"['LSTM', 'GRU', 'CNN', 'RNN', 'TCN', 'Transformer', 'MLP']","[16, 32, 64, 128, 256]","[1, 2, 3, 4]","[0, 0.1, 0.2, 0.3, 0.5]","['relu', 'tanh', 'sigmoid', 'elu']","[1e-05, 0.01]","[2, 3, 4, 5, 6, 7, 8, 9, 10, 11, 12, 13, 14, 15, 16, 17, 18, 19, 20, 21, 22, 23, 24, 25, 26, 27, 28, 29, 30]","[16, 32, 64, 128]","[5, 10, 15, 20]","[2, 3, 5, 7]","[2, 4, 8]",random,minimize,local
p48shjrg,178,980,1779153818805,,/home/meliani/nni-experiments/p48shjrg,78,exp_random_1800s_local_only_local_only,hpo,/home/meliani/Desktop/phd/fast-track/search_space.json,python3 trial.py --data ./local_only.csv,/home/meliani/Desktop/phd/fast-track,1,1800s,100000000,False,False,info,/home/meliani/nni-experiments,"['LSTM', 'GRU', 'CNN', 'RNN', 'TCN', 'Transformer', 'MLP']","[16, 32, 64, 128, 256]","[1, 2, 3, 4]","[0, 0.1, 0.2, 0.3, 0.5]","['relu', 'tanh', 'sigmoid', 'elu']","[1e-05, 0.01]","[2, 3, 4, 5, 6, 7, 8, 9, 10, 11, 12, 13, 14, 15, 16, 17, 18, 19, 20, 21, 22, 23, 24, 25, 26, 27, 28, 29, 30]","[16, 32, 64, 128]","[5, 10, 15, 20]","[2, 3, 5, 7]","[2, 4, 8]",random,minimize,local
p48shjrg,179,990,1779153818805,,/home/meliani/nni-experiments/p48shjrg,78,exp_random_1800s_local_only_local_only,hpo,/home/meliani/Desktop/phd/fast-track/search_space.json,python3 trial.py --data ./local_only.csv,/home/meliani/Desktop/phd/fast-track,1,1800s,100000000,False,False,info,/home/meliani/nni-experiments,"['LSTM', 'GRU', 'CNN', 'RNN', 'TCN', 'Transformer', 'MLP']","[16, 32, 64, 128, 256]","[1, 2, 3, 4]","[0, 0.1, 0.2, 0.3, 0.5]","['relu', 'tanh', 'sigmoid', 'elu']","[1e-05, 0.01]","[2, 3, 4, 5, 6, 7, 8, 9, 10, 11, 12, 13, 14, 15, 16, 17, 18, 19, 20, 21, 22, 23, 24, 25, 26, 27, 28, 29, 30]","[16, 32, 64, 128]","[5, 10, 15, 20]","[2, 3, 5, 7]","[2, 4, 8]",random,minimize,local
p48shjrg,180,994,1779153818805,,/home/meliani/nni-experiments/p48shjrg,79,exp_random_1800s_local_only_local_only,hpo,/home/meliani/Desktop/phd/fast-track/search_space.json,python3 trial.py --data ./local_only.csv,/home/meliani/Desktop/phd/fast-track,1,1800s,100000000,False,False,info,/home/meliani/nni-experiments,"['LSTM', 'GRU', 'CNN', 'RNN', 'TCN', 'Transformer', 'MLP']","[16, 32, 64, 128, 256]","[1, 2, 3, 4]","[0, 0.1, 0.2, 0.3, 0.5]","['relu', 'tanh', 'sigmoid', 'elu']","[1e-05, 0.01]","[2, 3, 4, 5, 6, 7, 8, 9, 10, 11, 12, 13, 14, 15, 16, 17, 18, 19, 20, 21, 22, 23, 24, 25, 26, 27, 28, 29, 30]","[16, 32, 64, 128]","[5, 10, 15, 20]","[2, 3, 5, 7]","[2, 4, 8]",random,minimize,local
p48shjrg,181,999,1779153818805,,/home/meliani/nni-experiments/p48shjrg,80,exp_random_1800s_local_only_local_only,hpo,/home/meliani/Desktop/phd/fast-track/search_space.json,python3 trial.py --data ./local_only.csv,/home/meliani/Desktop/phd/fast-track,1,1800s,100000000,False,False,info,/home/meliani/nni-experiments,"['LSTM', 'GRU', 'CNN', 'RNN', 'TCN', 'Transformer', 'MLP']","[16, 32, 64, 128, 256]","[1, 2, 3, 4]","[0, 0.1, 0.2, 0.3, 0.5]","['relu', 'tanh', 'sigmoid', 'elu']","[1e-05, 0.01]","[2, 3, 4, 5, 6, 7, 8, 9, 10, 11, 12, 13, 14, 15, 16, 17, 18, 19, 20, 21, 22, 23, 24, 25, 26, 27, 28, 29, 30]","[16, 32, 64, 128]","[5, 10, 15, 20]","[2, 3, 5, 7]","[2, 4, 8]",random,minimize,local
p48shjrg,182,1000,1779153818805,,/home/meliani/nni-experiments/p48shjrg,80,exp_random_1800s_local_only_local_only,hpo,/home/meliani/Desktop/phd/fast-track/search_space.json,python3 trial.py --data ./local_only.csv,/home/meliani/Desktop/phd/fast-track,1,1800s,100000000,False,False,info,/home/meliani/nni-experiments,"['LSTM', 'GRU', 'CNN', 'RNN', 'TCN', 'Transformer', 'MLP']","[16, 32, 64, 128, 256]","[1, 2, 3, 4]","[0, 0.1, 0.2, 0.3, 0.5]","['relu', 'tanh', 'sigmoid', 'elu']","[1e-05, 0.01]","[2, 3, 4, 5, 6, 7, 8, 9, 10, 11, 12, 13, 14, 15, 16, 17, 18, 19, 20, 21, 22, 23, 24, 25, 26, 27, 28, 29, 30]","[16, 32, 64, 128]","[5, 10, 15, 20]","[2, 3, 5, 7]","[2, 4, 8]",random,minimize,local
p48shjrg,183,1009,1779153818805,,/home/meliani/nni-experiments/p48shjrg,81,exp_random_1800s_local_only_local_only,hpo,/home/meliani/Desktop/phd/fast-track/search_space.json,python3 trial.py --data ./local_only.csv,/home/meliani/Desktop/phd/fast-track,1,1800s,100000000,False,False,info,/home/meliani/nni-experiments,"['LSTM', 'GRU', 'CNN', 'RNN', 'TCN', 'Transformer', 'MLP']","[16, 32, 64, 128, 256]","[1, 2, 3, 4]","[0, 0.1, 0.2, 0.3, 0.5]","['relu', 'tanh', 'sigmoid', 'elu']","[1e-05, 0.01]","[2, 3, 4, 5, 6, 7, 8, 9, 10, 11, 12, 13, 14, 15, 16, 17, 18, 19, 20, 21, 22, 23, 24, 25, 26, 27, 28, 29, 30]","[16, 32, 64, 128]","[5, 10, 15, 20]","[2, 3, 5, 7]","[2, 4, 8]",random,minimize,local
p48shjrg,184,1010,1779153818805,,/home/meliani/nni-experiments/p48shjrg,81,exp_random_1800s_local_only_local_only,hpo,/home/meliani/Desktop/phd/fast-track/search_space.json,python3 trial.py --data ./local_only.csv,/home/meliani/Desktop/phd/fast-track,1,1800s,100000000,False,False,info,/home/meliani/nni-experiments,"['LSTM', 'GRU', 'CNN', 'RNN', 'TCN', 'Transformer', 'MLP']","[16, 32, 64, 128, 256]","[1, 2, 3, 4]","[0, 0.1, 0.2, 0.3, 0.5]","['relu', 'tanh', 'sigmoid', 'elu']","[1e-05, 0.01]","[2, 3, 4, 5, 6, 7, 8, 9, 10, 11, 12, 13, 14, 15, 16, 17, 18, 19, 20, 21, 22, 23, 24, 25, 26, 27, 28, 29, 30]","[16, 32, 64, 128]","[5, 10, 15, 20]","[2, 3, 5, 7]","[2, 4, 8]",random,minimize,local
p48shjrg,185,1019,1779153818805,,/home/meliani/nni-experiments/p48shjrg,82,exp_random_1800s_local_only_local_only,hpo,/home/meliani/Desktop/phd/fast-track/search_space.json,python3 trial.py --data ./local_only.csv,/home/meliani/Desktop/phd/fast-track,1,1800s,100000000,False,False,info,/home/meliani/nni-experiments,"['LSTM', 'GRU', 'CNN', 'RNN', 'TCN', 'Transformer', 'MLP']","[16, 32, 64, 128, 256]","[1, 2, 3, 4]","[0, 0.1, 0.2, 0.3, 0.5]","['relu', 'tanh', 'sigmoid', 'elu']","[1e-05, 0.01]","[2, 3, 4, 5, 6, 7, 8, 9, 10, 11, 12, 13, 14, 15, 16, 17, 18, 19, 20, 21, 22, 23, 24, 25, 26, 27, 28, 29, 30]","[16, 32, 64, 128]","[5, 10, 15, 20]","[2, 3, 5, 7]","[2, 4, 8]",random,minimize,local
p48shjrg,186,1020,1779153818805,,/home/meliani/nni-experiments/p48shjrg,82,exp_random_1800s_local_only_local_only,hpo,/home/meliani/Desktop/phd/fast-track/search_space.json,python3 trial.py --data ./local_only.csv,/home/meliani/Desktop/phd/fast-track,1,1800s,100000000,False,False,info,/home/meliani/nni-experiments,"['LSTM', 'GRU', 'CNN', 'RNN', 'TCN', 'Transformer', 'MLP']","[16, 32, 64, 128, 256]","[1, 2, 3, 4]","[0, 0.1, 0.2, 0.3, 0.5]","['relu', 'tanh', 'sigmoid', 'elu']","[1e-05, 0.01]","[2, 3, 4, 5, 6, 7, 8, 9, 10, 11, 12, 13, 14, 15, 16, 17, 18, 19, 20, 21, 22, 23, 24, 25, 26, 27, 28, 29, 30]","[16, 32, 64, 128]","[5, 10, 15, 20]","[2, 3, 5, 7]","[2, 4, 8]",random,minimize,local
p48shjrg,187,1030,1779153818805,,/home/meliani/nni-experiments/p48shjrg,82,exp_random_1800s_local_only_local_only,hpo,/home/meliani/Desktop/phd/fast-track/search_space.json,python3 trial.py --data ./local_only.csv,/home/meliani/Desktop/phd/fast-track,1,1800s,100000000,False,False,info,/home/meliani/nni-experiments,"['LSTM', 'GRU', 'CNN', 'RNN', 'TCN', 'Transformer', 'MLP']","[16, 32, 64, 128, 256]","[1, 2, 3, 4]","[0, 0.1, 0.2, 0.3, 0.5]","['relu', 'tanh', 'sigmoid', 'elu']","[1e-05, 0.01]","[2, 3, 4, 5, 6, 7, 8, 9, 10, 11, 12, 13, 14, 15, 16, 17, 18, 19, 20, 21, 22, 23, 24, 25, 26, 27, 28, 29, 30]","[16, 32, 64, 128]","[5, 10, 15, 20]","[2, 3, 5, 7]","[2, 4, 8]",random,minimize,local
p48shjrg,188,1033,1779153818805,,/home/meliani/nni-experiments/p48shjrg,83,exp_random_1800s_local_only_local_only,hpo,/home/meliani/Desktop/phd/fast-track/search_space.json,python3 trial.py --data ./local_only.csv,/home/meliani/Desktop/phd/fast-track,1,1800s,100000000,False,False,info,/home/meliani/nni-experiments,"['LSTM', 'GRU', 'CNN', 'RNN', 'TCN', 'Transformer', 'MLP']","[16, 32, 64, 128, 256]","[1, 2, 3, 4]","[0, 0.1, 0.2, 0.3, 0.5]","['relu', 'tanh', 'sigmoid', 'elu']","[1e-05, 0.01]","[2, 3, 4, 5, 6, 7, 8, 9, 10, 11, 12, 13, 14, 15, 16, 17, 18, 19, 20, 21, 22, 23, 24, 25, 26, 27, 28, 29, 30]","[16, 32, 64, 128]","[5, 10, 15, 20]","[2, 3, 5, 7]","[2, 4, 8]",random,minimize,local
p48shjrg,189,1040,1779153818805,,/home/meliani/nni-experiments/p48shjrg,83,exp_random_1800s_local_only_local_only,hpo,/home/meliani/Desktop/phd/fast-track/search_space.json,python3 trial.py --data ./local_only.csv,/home/meliani/Desktop/phd/fast-track,1,1800s,100000000,False,False,info,/home/meliani/nni-experiments,"['LSTM', 'GRU', 'CNN', 'RNN', 'TCN', 'Transformer', 'MLP']","[16, 32, 64, 128, 256]","[1, 2, 3, 4]","[0, 0.1, 0.2, 0.3, 0.5]","['relu', 'tanh', 'sigmoid', 'elu']","[1e-05, 0.01]","[2, 3, 4, 5, 6, 7, 8, 9, 10, 11, 12, 13, 14, 15, 16, 17, 18, 19, 20, 21, 22, 23, 24, 25, 26, 27, 28, 29, 30]","[16, 32, 64, 128]","[5, 10, 15, 20]","[2, 3, 5, 7]","[2, 4, 8]",random,minimize,local
p48shjrg,190,1040,1779153818805,,/home/meliani/nni-experiments/p48shjrg,84,exp_random_1800s_local_only_local_only,hpo,/home/meliani/Desktop/phd/fast-track/search_space.json,python3 trial.py --data ./local_only.csv,/home/meliani/Desktop/phd/fast-track,1,1800s,100000000,False,False,info,/home/meliani/nni-experiments,"['LSTM', 'GRU', 'CNN', 'RNN', 'TCN', 'Transformer', 'MLP']","[16, 32, 64, 128, 256]","[1, 2, 3, 4]","[0, 0.1, 0.2, 0.3, 0.5]","['relu', 'tanh', 'sigmoid', 'elu']","[1e-05, 0.01]","[2, 3, 4, 5, 6, 7, 8, 9, 10, 11, 12, 13, 14, 15, 16, 17, 18, 19, 20, 21, 22, 23, 24, 25, 26, 27, 28, 29, 30]","[16, 32, 64, 128]","[5, 10, 15, 20]","[2, 3, 5, 7]","[2, 4, 8]",random,minimize,local
p48shjrg,191,1048,1779153818805,,/home/meliani/nni-experiments/p48shjrg,85,exp_random_1800s_local_only_local_only,hpo,/home/meliani/Desktop/phd/fast-track/search_space.json,python3 trial.py --data ./local_only.csv,/home/meliani/Desktop/phd/fast-track,1,1800s,100000000,False,False,info,/home/meliani/nni-experiments,"['LSTM', 'GRU', 'CNN', 'RNN', 'TCN', 'Transformer', 'MLP']","[16, 32, 64, 128, 256]","[1, 2, 3, 4]","[0, 0.1, 0.2, 0.3, 0.5]","['relu', 'tanh', 'sigmoid', 'elu']","[1e-05, 0.01]","[2, 3, 4, 5, 6, 7, 8, 9, 10, 11, 12, 13, 14, 15, 16, 17, 18, 19, 20, 21, 22, 23, 24, 25, 26, 27, 28, 29, 30]","[16, 32, 64, 128]","[5, 10, 15, 20]","[2, 3, 5, 7]","[2, 4, 8]",random,minimize,local
p48shjrg,192,1050,1779153818805,,/home/meliani/nni-experiments/p48shjrg,85,exp_random_1800s_local_only_local_only,hpo,/home/meliani/Desktop/phd/fast-track/search_space.json,python3 trial.py --data ./local_only.csv,/home/meliani/Desktop/phd/fast-track,1,1800s,100000000,False,False,info,/home/meliani/nni-experiments,"['LSTM', 'GRU', 'CNN', 'RNN', 'TCN', 'Transformer', 'MLP']","[16, 32, 64, 128, 256]","[1, 2, 3, 4]","[0, 0.1, 0.2, 0.3, 0.5]","['relu', 'tanh', 'sigmoid', 'elu']","[1e-05, 0.01]","[2, 3, 4, 5, 6, 7, 8, 9, 10, 11, 12, 13, 14, 15, 16, 17, 18, 19, 20, 21, 22, 23, 24, 25, 26, 27, 28, 29, 30]","[16, 32, 64, 128]","[5, 10, 15, 20]","[2, 3, 5, 7]","[2, 4, 8]",random,minimize,local
p48shjrg,193,1053,1779153818805,,/home/meliani/nni-experiments/p48shjrg,86,exp_random_1800s_local_only_local_only,hpo,/home/meliani/Desktop/phd/fast-track/search_space.json,python3 trial.py --data ./local_only.csv,/home/meliani/Desktop/phd/fast-track,1,1800s,100000000,False,False,info,/home/meliani/nni-experiments,"['LSTM', 'GRU', 'CNN', 'RNN', 'TCN', 'Transformer', 'MLP']","[16, 32, 64, 128, 256]","[1, 2, 3, 4]","[0, 0.1, 0.2, 0.3, 0.5]","['relu', 'tanh', 'sigmoid', 'elu']","[1e-05, 0.01]","[2, 3, 4, 5, 6, 7, 8, 9, 10, 11, 12, 13, 14, 15, 16, 17, 18, 19, 20, 21, 22, 23, 24, 25, 26, 27, 28, 29, 30]","[16, 32, 64, 128]","[5, 10, 15, 20]","[2, 3, 5, 7]","[2, 4, 8]",random,minimize,local
p48shjrg,194,1060,1779153818805,,/home/meliani/nni-experiments/p48shjrg,86,exp_random_1800s_local_only_local_only,hpo,/home/meliani/Desktop/phd/fast-track/search_space.json,python3 trial.py --data ./local_only.csv,/home/meliani/Desktop/phd/fast-track,1,1800s,100000000,False,False,info,/home/meliani/nni-experiments,"['LSTM', 'GRU', 'CNN', 'RNN', 'TCN', 'Transformer', 'MLP']","[16, 32, 64, 128, 256]","[1, 2, 3, 4]","[0, 0.1, 0.2, 0.3, 0.5]","['relu', 'tanh', 'sigmoid', 'elu']","[1e-05, 0.01]","[2, 3, 4, 5, 6, 7, 8, 9, 10, 11, 12, 13, 14, 15, 16, 17, 18, 19, 20, 21, 22, 23, 24, 25, 26, 27, 28, 29, 30]","[16, 32, 64, 128]","[5, 10, 15, 20]","[2, 3, 5, 7]","[2, 4, 8]",random,minimize,local
p48shjrg,195,1070,1779153818805,,/home/meliani/nni-experiments/p48shjrg,86,exp_random_1800s_local_only_local_only,hpo,/home/meliani/Desktop/phd/fast-track/search_space.json,python3 trial.py --data ./local_only.csv,/home/meliani/Desktop/phd/fast-track,1,1800s,100000000,False,False,info,/home/meliani/nni-experiments,"['LSTM', 'GRU', 'CNN', 'RNN', 'TCN', 'Transformer', 'MLP']","[16, 32, 64, 128, 256]","[1, 2, 3, 4]","[0, 0.1, 0.2, 0.3, 0.5]","['relu', 'tanh', 'sigmoid', 'elu']","[1e-05, 0.01]","[2, 3, 4, 5, 6, 7, 8, 9, 10, 11, 12, 13, 14, 15, 16, 17, 18, 19, 20, 21, 22, 23, 24, 25, 26, 27, 28, 29, 30]","[16, 32, 64, 128]","[5, 10, 15, 20]","[2, 3, 5, 7]","[2, 4, 8]",random,minimize,local
p48shjrg,196,1080,1779153818805,,/home/meliani/nni-experiments/p48shjrg,86,exp_random_1800s_local_only_local_only,hpo,/home/meliani/Desktop/phd/fast-track/search_space.json,python3 trial.py --data ./local_only.csv,/home/meliani/Desktop/phd/fast-track,1,1800s,100000000,False,False,info,/home/meliani/nni-experiments,"['LSTM', 'GRU', 'CNN', 'RNN', 'TCN', 'Transformer', 'MLP']","[16, 32, 64, 128, 256]","[1, 2, 3, 4]","[0, 0.1, 0.2, 0.3, 0.5]","['relu', 'tanh', 'sigmoid', 'elu']","[1e-05, 0.01]","[2, 3, 4, 5, 6, 7, 8, 9, 10, 11, 12, 13, 14, 15, 16, 17, 18, 19, 20, 21, 22, 23, 24, 25, 26, 27, 28, 29, 30]","[16, 32, 64, 128]","[5, 10, 15, 20]","[2, 3, 5, 7]","[2, 4, 8]",random,minimize,local
p48shjrg,197,1084,1779153818805,,/home/meliani/nni-experiments/p48shjrg,87,exp_random_1800s_local_only_local_only,hpo,/home/meliani/Desktop/phd/fast-track/search_space.json,python3 trial.py --data ./local_only.csv,/home/meliani/Desktop/phd/fast-track,1,1800s,100000000,False,False,info,/home/meliani/nni-experiments,"['LSTM', 'GRU', 'CNN', 'RNN', 'TCN', 'Transformer', 'MLP']","[16, 32, 64, 128, 256]","[1, 2, 3, 4]","[0, 0.1, 0.2, 0.3, 0.5]","['relu', 'tanh', 'sigmoid', 'elu']","[1e-05, 0.01]","[2, 3, 4, 5, 6, 7, 8, 9, 10, 11, 12, 13, 14, 15, 16, 17, 18, 19, 20, 21, 22, 23, 24, 25, 26, 27, 28, 29, 30]","[16, 32, 64, 128]","[5, 10, 15, 20]","[2, 3, 5, 7]","[2, 4, 8]",random,minimize,local
p48shjrg,198,1090,1779153818805,,/home/meliani/nni-experiments/p48shjrg,87,exp_random_1800s_local_only_local_only,hpo,/home/meliani/Desktop/phd/fast-track/search_space.json,python3 trial.py --data ./local_only.csv,/home/meliani/Desktop/phd/fast-track,1,1800s,100000000,False,False,info,/home/meliani/nni-experiments,"['LSTM', 'GRU', 'CNN', 'RNN', 'TCN', 'Transformer', 'MLP']","[16, 32, 64, 128, 256]","[1, 2, 3, 4]","[0, 0.1, 0.2, 0.3, 0.5]","['relu', 'tanh', 'sigmoid', 'elu']","[1e-05, 0.01]","[2, 3, 4, 5, 6, 7, 8, 9, 10, 11, 12, 13, 14, 15, 16, 17, 18, 19, 20, 21, 22, 23, 24, 25, 26, 27, 28, 29, 30]","[16, 32, 64, 128]","[5, 10, 15, 20]","[2, 3, 5, 7]","[2, 4, 8]",random,minimize,local
p48shjrg,199,1093,1779153818805,,/home/meliani/nni-experiments/p48shjrg,88,exp_random_1800s_local_only_local_only,hpo,/home/meliani/Desktop/phd/fast-track/search_space.json,python3 trial.py --data ./local_only.csv,/home/meliani/Desktop/phd/fast-track,1,1800s,100000000,False,False,info,/home/meliani/nni-experiments,"['LSTM', 'GRU', 'CNN', 'RNN', 'TCN', 'Transformer', 'MLP']","[16, 32, 64, 128, 256]","[1, 2, 3, 4]","[0, 0.1, 0.2, 0.3, 0.5]","['relu', 'tanh', 'sigmoid', 'elu']","[1e-05, 0.01]","[2, 3, 4, 5, 6, 7, 8, 9, 10, 11, 12, 13, 14, 15, 16, 17, 18, 19, 20, 21, 22, 23, 24, 25, 26, 27, 28, 29, 30]","[16, 32, 64, 128]","[5, 10, 15, 20]","[2, 3, 5, 7]","[2, 4, 8]",random,minimize,local
p48shjrg,200,1100,1779153818805,,/home/meliani/nni-experiments/p48shjrg,88,exp_random_1800s_local_only_local_only,hpo,/home/meliani/Desktop/phd/fast-track/search_space.json,python3 trial.py --data ./local_only.csv,/home/meliani/Desktop/phd/fast-track,1,1800s,100000000,False,False,info,/home/meliani/nni-experiments,"['LSTM', 'GRU', 'CNN', 'RNN', 'TCN', 'Transformer', 'MLP']","[16, 32, 64, 128, 256]","[1, 2, 3, 4]","[0, 0.1, 0.2, 0.3, 0.5]","['relu', 'tanh', 'sigmoid', 'elu']","[1e-05, 0.01]","[2, 3, 4, 5, 6, 7, 8, 9, 10, 11, 12, 13, 14, 15, 16, 17, 18, 19, 20, 21, 22, 23, 24, 25, 26, 27, 28, 29, 30]","[16, 32, 64, 128]","[5, 10, 15, 20]","[2, 3, 5, 7]","[2, 4, 8]",random,minimize,local
p48shjrg,201,1100,1779153818805,,/home/meliani/nni-experiments/p48shjrg,89,exp_random_1800s_local_only_local_only,hpo,/home/meliani/Desktop/phd/fast-track/search_space.json,python3 trial.py --data ./local_only.csv,/home/meliani/Desktop/phd/fast-track,1,1800s,100000000,False,False,info,/home/meliani/nni-experiments,"['LSTM', 'GRU', 'CNN', 'RNN', 'TCN', 'Transformer', 'MLP']","[16, 32, 64, 128, 256]","[1, 2, 3, 4]","[0, 0.1, 0.2, 0.3, 0.5]","['relu', 'tanh', 'sigmoid', 'elu']","[1e-05, 0.01]","[2, 3, 4, 5, 6, 7, 8, 9, 10, 11, 12, 13, 14, 15, 16, 17, 18, 19, 20, 21, 22, 23, 24, 25, 26, 27, 28, 29, 30]","[16, 32, 64, 128]","[5, 10, 15, 20]","[2, 3, 5, 7]","[2, 4, 8]",random,minimize,local
p48shjrg,202,1106,1779153818805,,/home/meliani/nni-experiments/p48shjrg,90,exp_random_1800s_local_only_local_only,hpo,/home/meliani/Desktop/phd/fast-track/search_space.json,python3 trial.py --data ./local_only.csv,/home/meliani/Desktop/phd/fast-track,1,1800s,100000000,False,False,info,/home/meliani/nni-experiments,"['LSTM', 'GRU', 'CNN', 'RNN', 'TCN', 'Transformer', 'MLP']","[16, 32, 64, 128, 256]","[1, 2, 3, 4]","[0, 0.1, 0.2, 0.3, 0.5]","['relu', 'tanh', 'sigmoid', 'elu']","[1e-05, 0.01]","[2, 3, 4, 5, 6, 7, 8, 9, 10, 11, 12, 13, 14, 15, 16, 17, 18, 19, 20, 21, 22, 23, 24, 25, 26, 27, 28, 29, 30]","[16, 32, 64, 128]","[5, 10, 15, 20]","[2, 3, 5, 7]","[2, 4, 8]",random,minimize,local
p48shjrg,203,1110,1779153818805,,/home/meliani/nni-experiments/p48shjrg,90,exp_random_1800s_local_only_local_only,hpo,/home/meliani/Desktop/phd/fast-track/search_space.json,python3 trial.py --data ./local_only.csv,/home/meliani/Desktop/phd/fast-track,1,1800s,100000000,False,False,info,/home/meliani/nni-experiments,"['LSTM', 'GRU', 'CNN', 'RNN', 'TCN', 'Transformer', 'MLP']","[16, 32, 64, 128, 256]","[1, 2, 3, 4]","[0, 0.1, 0.2, 0.3, 0.5]","['relu', 'tanh', 'sigmoid', 'elu']","[1e-05, 0.01]","[2, 3, 4, 5, 6, 7, 8, 9, 10, 11, 12, 13, 14, 15, 16, 17, 18, 19, 20, 21, 22, 23, 24, 25, 26, 27, 28, 29, 30]","[16, 32, 64, 128]","[5, 10, 15, 20]","[2, 3, 5, 7]","[2, 4, 8]",random,minimize,local
p48shjrg,204,1112,1779153818805,,/home/meliani/nni-experiments/p48shjrg,91,exp_random_1800s_local_only_local_only,hpo,/home/meliani/Desktop/phd/fast-track/search_space.json,python3 trial.py --data ./local_only.csv,/home/meliani/Desktop/phd/fast-track,1,1800s,100000000,False,False,info,/home/meliani/nni-experiments,"['LSTM', 'GRU', 'CNN', 'RNN', 'TCN', 'Transformer', 'MLP']","[16, 32, 64, 128, 256]","[1, 2, 3, 4]","[0, 0.1, 0.2, 0.3, 0.5]","['relu', 'tanh', 'sigmoid', 'elu']","[1e-05, 0.01]","[2, 3, 4, 5, 6, 7, 8, 9, 10, 11, 12, 13, 14, 15, 16, 17, 18, 19, 20, 21, 22, 23, 24, 25, 26, 27, 28, 29, 30]","[16, 32, 64, 128]","[5, 10, 15, 20]","[2, 3, 5, 7]","[2, 4, 8]",random,minimize,local
p48shjrg,205,1120,1779153818805,,/home/meliani/nni-experiments/p48shjrg,91,exp_random_1800s_local_only_local_only,hpo,/home/meliani/Desktop/phd/fast-track/search_space.json,python3 trial.py --data ./local_only.csv,/home/meliani/Desktop/phd/fast-track,1,1800s,100000000,False,False,info,/home/meliani/nni-experiments,"['LSTM', 'GRU', 'CNN', 'RNN', 'TCN', 'Transformer', 'MLP']","[16, 32, 64, 128, 256]","[1, 2, 3, 4]","[0, 0.1, 0.2, 0.3, 0.5]","['relu', 'tanh', 'sigmoid', 'elu']","[1e-05, 0.01]","[2, 3, 4, 5, 6, 7, 8, 9, 10, 11, 12, 13, 14, 15, 16, 17, 18, 19, 20, 21, 22, 23, 24, 25, 26, 27, 28, 29, 30]","[16, 32, 64, 128]","[5, 10, 15, 20]","[2, 3, 5, 7]","[2, 4, 8]",random,minimize,local
p48shjrg,206,1121,1779153818805,,/home/meliani/nni-experiments/p48shjrg,92,exp_random_1800s_local_only_local_only,hpo,/home/meliani/Desktop/phd/fast-track/search_space.json,python3 trial.py --data ./local_only.csv,/home/meliani/Desktop/phd/fast-track,1,1800s,100000000,False,False,info,/home/meliani/nni-experiments,"['LSTM', 'GRU', 'CNN', 'RNN', 'TCN', 'Transformer', 'MLP']","[16, 32, 64, 128, 256]","[1, 2, 3, 4]","[0, 0.1, 0.2, 0.3, 0.5]","['relu', 'tanh', 'sigmoid', 'elu']","[1e-05, 0.01]","[2, 3, 4, 5, 6, 7, 8, 9, 10, 11, 12, 13, 14, 15, 16, 17, 18, 19, 20, 21, 22, 23, 24, 25, 26, 27, 28, 29, 30]","[16, 32, 64, 128]","[5, 10, 15, 20]","[2, 3, 5, 7]","[2, 4, 8]",random,minimize,local
p48shjrg,207,1130,1779153818805,,/home/meliani/nni-experiments/p48shjrg,92,exp_random_1800s_local_only_local_only,hpo,/home/meliani/Desktop/phd/fast-track/search_space.json,python3 trial.py --data ./local_only.csv,/home/meliani/Desktop/phd/fast-track,1,1800s,100000000,False,False,info,/home/meliani/nni-experiments,"['LSTM', 'GRU', 'CNN', 'RNN', 'TCN', 'Transformer', 'MLP']","[16, 32, 64, 128, 256]","[1, 2, 3, 4]","[0, 0.1, 0.2, 0.3, 0.5]","['relu', 'tanh', 'sigmoid', 'elu']","[1e-05, 0.01]","[2, 3, 4, 5, 6, 7, 8, 9, 10, 11, 12, 13, 14, 15, 16, 17, 18, 19, 20, 21, 22, 23, 24, 25, 26, 27, 28, 29, 30]","[16, 32, 64, 128]","[5, 10, 15, 20]","[2, 3, 5, 7]","[2, 4, 8]",random,minimize,local
p48shjrg,208,1136,1779153818805,,/home/meliani/nni-experiments/p48shjrg,93,exp_random_1800s_local_only_local_only,hpo,/home/meliani/Desktop/phd/fast-track/search_space.json,python3 trial.py --data ./local_only.csv,/home/meliani/Desktop/phd/fast-track,1,1800s,100000000,False,False,info,/home/meliani/nni-experiments,"['LSTM', 'GRU', 'CNN', 'RNN', 'TCN', 'Transformer', 'MLP']","[16, 32, 64, 128, 256]","[1, 2, 3, 4]","[0, 0.1, 0.2, 0.3, 0.5]","['relu', 'tanh', 'sigmoid', 'elu']","[1e-05, 0.01]","[2, 3, 4, 5, 6, 7, 8, 9, 10, 11, 12, 13, 14, 15, 16, 17, 18, 19, 20, 21, 22, 23, 24, 25, 26, 27, 28, 29, 30]","[16, 32, 64, 128]","[5, 10, 15, 20]","[2, 3, 5, 7]","[2, 4, 8]",random,minimize,local
p48shjrg,209,1140,1779153818805,,/home/meliani/nni-experiments/p48shjrg,93,exp_random_1800s_local_only_local_only,hpo,/home/meliani/Desktop/phd/fast-track/search_space.json,python3 trial.py --data ./local_only.csv,/home/meliani/Desktop/phd/fast-track,1,1800s,100000000,False,False,info,/home/meliani/nni-experiments,"['LSTM', 'GRU', 'CNN', 'RNN', 'TCN', 'Transformer', 'MLP']","[16, 32, 64, 128, 256]","[1, 2, 3, 4]","[0, 0.1, 0.2, 0.3, 0.5]","['relu', 'tanh', 'sigmoid', 'elu']","[1e-05, 0.01]","[2, 3, 4, 5, 6, 7, 8, 9, 10, 11, 12, 13, 14, 15, 16, 17, 18, 19, 20, 21, 22, 23, 24, 25, 26, 27, 28, 29, 30]","[16, 32, 64, 128]","[5, 10, 15, 20]","[2, 3, 5, 7]","[2, 4, 8]",random,minimize,local
p48shjrg,210,1149,1779153818805,,/home/meliani/nni-experiments/p48shjrg,94,exp_random_1800s_local_only_local_only,hpo,/home/meliani/Desktop/phd/fast-track/search_space.json,python3 trial.py --data ./local_only.csv,/home/meliani/Desktop/phd/fast-track,1,1800s,100000000,False,False,info,/home/meliani/nni-experiments,"['LSTM', 'GRU', 'CNN', 'RNN', 'TCN', 'Transformer', 'MLP']","[16, 32, 64, 128, 256]","[1, 2, 3, 4]","[0, 0.1, 0.2, 0.3, 0.5]","['relu', 'tanh', 'sigmoid', 'elu']","[1e-05, 0.01]","[2, 3, 4, 5, 6, 7, 8, 9, 10, 11, 12, 13, 14, 15, 16, 17, 18, 19, 20, 21, 22, 23, 24, 25, 26, 27, 28, 29, 30]","[16, 32, 64, 128]","[5, 10, 15, 20]","[2, 3, 5, 7]","[2, 4, 8]",random,minimize,local
p48shjrg,211,1150,1779153818805,,/home/meliani/nni-experiments/p48shjrg,94,exp_random_1800s_local_only_local_only,hpo,/home/meliani/Desktop/phd/fast-track/search_space.json,python3 trial.py --data ./local_only.csv,/home/meliani/Desktop/phd/fast-track,1,1800s,100000000,False,False,info,/home/meliani/nni-experiments,"['LSTM', 'GRU', 'CNN', 'RNN', 'TCN', 'Transformer', 'MLP']","[16, 32, 64, 128, 256]","[1, 2, 3, 4]","[0, 0.1, 0.2, 0.3, 0.5]","['relu', 'tanh', 'sigmoid', 'elu']","[1e-05, 0.01]","[2, 3, 4, 5, 6, 7, 8, 9, 10, 11, 12, 13, 14, 15, 16, 17, 18, 19, 20, 21, 22, 23, 24, 25, 26, 27, 28, 29, 30]","[16, 32, 64, 128]","[5, 10, 15, 20]","[2, 3, 5, 7]","[2, 4, 8]",random,minimize,local
p48shjrg,212,1155,1779153818805,,/home/meliani/nni-experiments/p48shjrg,95,exp_random_1800s_local_only_local_only,hpo,/home/meliani/Desktop/phd/fast-track/search_space.json,python3 trial.py --data ./local_only.csv,/home/meliani/Desktop/phd/fast-track,1,1800s,100000000,False,False,info,/home/meliani/nni-experiments,"['LSTM', 'GRU', 'CNN', 'RNN', 'TCN', 'Transformer', 'MLP']","[16, 32, 64, 128, 256]","[1, 2, 3, 4]","[0, 0.1, 0.2, 0.3, 0.5]","['relu', 'tanh', 'sigmoid', 'elu']","[1e-05, 0.01]","[2, 3, 4, 5, 6, 7, 8, 9, 10, 11, 12, 13, 14, 15, 16, 17, 18, 19, 20, 21, 22, 23, 24, 25, 26, 27, 28, 29, 30]","[16, 32, 64, 128]","[5, 10, 15, 20]","[2, 3, 5, 7]","[2, 4, 8]",random,minimize,local
p48shjrg,213,1160,1779153818805,,/home/meliani/nni-experiments/p48shjrg,95,exp_random_1800s_local_only_local_only,hpo,/home/meliani/Desktop/phd/fast-track/search_space.json,python3 trial.py --data ./local_only.csv,/home/meliani/Desktop/phd/fast-track,1,1800s,100000000,False,False,info,/home/meliani/nni-experiments,"['LSTM', 'GRU', 'CNN', 'RNN', 'TCN', 'Transformer', 'MLP']","[16, 32, 64, 128, 256]","[1, 2, 3, 4]","[0, 0.1, 0.2, 0.3, 0.5]","['relu', 'tanh', 'sigmoid', 'elu']","[1e-05, 0.01]","[2, 3, 4, 5, 6, 7, 8, 9, 10, 11, 12, 13, 14, 15, 16, 17, 18, 19, 20, 21, 22, 23, 24, 25, 26, 27, 28, 29, 30]","[16, 32, 64, 128]","[5, 10, 15, 20]","[2, 3, 5, 7]","[2, 4, 8]",random,minimize,local
p48shjrg,214,1170,1779153818805,,/home/meliani/nni-experiments/p48shjrg,95,exp_random_1800s_local_only_local_only,hpo,/home/meliani/Desktop/phd/fast-track/search_space.json,python3 trial.py --data ./local_only.csv,/home/meliani/Desktop/phd/fast-track,1,1800s,100000000,False,False,info,/home/meliani/nni-experiments,"['LSTM', 'GRU', 'CNN', 'RNN', 'TCN', 'Transformer', 'MLP']","[16, 32, 64, 128, 256]","[1, 2, 3, 4]","[0, 0.1, 0.2, 0.3, 0.5]","['relu', 'tanh', 'sigmoid', 'elu']","[1e-05, 0.01]","[2, 3, 4, 5, 6, 7, 8, 9, 10, 11, 12, 13, 14, 15, 16, 17, 18, 19, 20, 21, 22, 23, 24, 25, 26, 27, 28, 29, 30]","[16, 32, 64, 128]","[5, 10, 15, 20]","[2, 3, 5, 7]","[2, 4, 8]",random,minimize,local
p48shjrg,215,1180,1779153818805,,/home/meliani/nni-experiments/p48shjrg,95,exp_random_1800s_local_only_local_only,hpo,/home/meliani/Desktop/phd/fast-track/search_space.json,python3 trial.py --data ./local_only.csv,/home/meliani/Desktop/phd/fast-track,1,1800s,100000000,False,False,info,/home/meliani/nni-experiments,"['LSTM', 'GRU', 'CNN', 'RNN', 'TCN', 'Transformer', 'MLP']","[16, 32, 64, 128, 256]","[1, 2, 3, 4]","[0, 0.1, 0.2, 0.3, 0.5]","['relu', 'tanh', 'sigmoid', 'elu']","[1e-05, 0.01]","[2, 3, 4, 5, 6, 7, 8, 9, 10, 11, 12, 13, 14, 15, 16, 17, 18, 19, 20, 21, 22, 23, 24, 25, 26, 27, 28, 29, 30]","[16, 32, 64, 128]","[5, 10, 15, 20]","[2, 3, 5, 7]","[2, 4, 8]",random,minimize,local
p48shjrg,216,1190,1779153818805,,/home/meliani/nni-experiments/p48shjrg,95,exp_random_1800s_local_only_local_only,hpo,/home/meliani/Desktop/phd/fast-track/search_space.json,python3 trial.py --data ./local_only.csv,/home/meliani/Desktop/phd/fast-track,1,1800s,100000000,False,False,info,/home/meliani/nni-experiments,"['LSTM', 'GRU', 'CNN', 'RNN', 'TCN', 'Transformer', 'MLP']","[16, 32, 64, 128, 256]","[1, 2, 3, 4]","[0, 0.1, 0.2, 0.3, 0.5]","['relu', 'tanh', 'sigmoid', 'elu']","[1e-05, 0.01]","[2, 3, 4, 5, 6, 7, 8, 9, 10, 11, 12, 13, 14, 15, 16, 17, 18, 19, 20, 21, 22, 23, 24, 25, 26, 27, 28, 29, 30]","[16, 32, 64, 128]","[5, 10, 15, 20]","[2, 3, 5, 7]","[2, 4, 8]",random,minimize,local
p48shjrg,217,1193,1779153818805,,/home/meliani/nni-experiments/p48shjrg,96,exp_random_1800s_local_only_local_only,hpo,/home/meliani/Desktop/phd/fast-track/search_space.json,python3 trial.py --data ./local_only.csv,/home/meliani/Desktop/phd/fast-track,1,1800s,100000000,False,False,info,/home/meliani/nni-experiments,"['LSTM', 'GRU', 'CNN', 'RNN', 'TCN', 'Transformer', 'MLP']","[16, 32, 64, 128, 256]","[1, 2, 3, 4]","[0, 0.1, 0.2, 0.3, 0.5]","['relu', 'tanh', 'sigmoid', 'elu']","[1e-05, 0.01]","[2, 3, 4, 5, 6, 7, 8, 9, 10, 11, 12, 13, 14, 15, 16, 17, 18, 19, 20, 21, 22, 23, 24, 25, 26, 27, 28, 29, 30]","[16, 32, 64, 128]","[5, 10, 15, 20]","[2, 3, 5, 7]","[2, 4, 8]",random,minimize,local
p48shjrg,218,1200,1779153818805,,/home/meliani/nni-experiments/p48shjrg,96,exp_random_1800s_local_only_local_only,hpo,/home/meliani/Desktop/phd/fast-track/search_space.json,python3 trial.py --data ./local_only.csv,/home/meliani/Desktop/phd/fast-track,1,1800s,100000000,False,False,info,/home/meliani/nni-experiments,"['LSTM', 'GRU', 'CNN', 'RNN', 'TCN', 'Transformer', 'MLP']","[16, 32, 64, 128, 256]","[1, 2, 3, 4]","[0, 0.1, 0.2, 0.3, 0.5]","['relu', 'tanh', 'sigmoid', 'elu']","[1e-05, 0.01]","[2, 3, 4, 5, 6, 7, 8, 9, 10, 11, 12, 13, 14, 15, 16, 17, 18, 19, 20, 21, 22, 23, 24, 25, 26, 27, 28, 29, 30]","[16, 32, 64, 128]","[5, 10, 15, 20]","[2, 3, 5, 7]","[2, 4, 8]",random,minimize,local
p48shjrg,219,1201,1779153818805,,/home/meliani/nni-experiments/p48shjrg,97,exp_random_1800s_local_only_local_only,hpo,/home/meliani/Desktop/phd/fast-track/search_space.json,python3 trial.py --data ./local_only.csv,/home/meliani/Desktop/phd/fast-track,1,1800s,100000000,False,False,info,/home/meliani/nni-experiments,"['LSTM', 'GRU', 'CNN', 'RNN', 'TCN', 'Transformer', 'MLP']","[16, 32, 64, 128, 256]","[1, 2, 3, 4]","[0, 0.1, 0.2, 0.3, 0.5]","['relu', 'tanh', 'sigmoid', 'elu']","[1e-05, 0.01]","[2, 3, 4, 5, 6, 7, 8, 9, 10, 11, 12, 13, 14, 15, 16, 17, 18, 19, 20, 21, 22, 23, 24, 25, 26, 27, 28, 29, 30]","[16, 32, 64, 128]","[5, 10, 15, 20]","[2, 3, 5, 7]","[2, 4, 8]",random,minimize,local
p48shjrg,220,1208,1779153818805,,/home/meliani/nni-experiments/p48shjrg,98,exp_random_1800s_local_only_local_only,hpo,/home/meliani/Desktop/phd/fast-track/search_space.json,python3 trial.py --data ./local_only.csv,/home/meliani/Desktop/phd/fast-track,1,1800s,100000000,False,False,info,/home/meliani/nni-experiments,"['LSTM', 'GRU', 'CNN', 'RNN', 'TCN', 'Transformer', 'MLP']","[16, 32, 64, 128, 256]","[1, 2, 3, 4]","[0, 0.1, 0.2, 0.3, 0.5]","['relu', 'tanh', 'sigmoid', 'elu']","[1e-05, 0.01]","[2, 3, 4, 5, 6, 7, 8, 9, 10, 11, 12, 13, 14, 15, 16, 17, 18, 19, 20, 21, 22, 23, 24, 25, 26, 27, 28, 29, 30]","[16, 32, 64, 128]","[5, 10, 15, 20]","[2, 3, 5, 7]","[2, 4, 8]",random,minimize,local
p48shjrg,221,1210,1779153818805,,/home/meliani/nni-experiments/p48shjrg,98,exp_random_1800s_local_only_local_only,hpo,/home/meliani/Desktop/phd/fast-track/search_space.json,python3 trial.py --data ./local_only.csv,/home/meliani/Desktop/phd/fast-track,1,1800s,100000000,False,False,info,/home/meliani/nni-experiments,"['LSTM', 'GRU', 'CNN', 'RNN', 'TCN', 'Transformer', 'MLP']","[16, 32, 64, 128, 256]","[1, 2, 3, 4]","[0, 0.1, 0.2, 0.3, 0.5]","['relu', 'tanh', 'sigmoid', 'elu']","[1e-05, 0.01]","[2, 3, 4, 5, 6, 7, 8, 9, 10, 11, 12, 13, 14, 15, 16, 17, 18, 19, 20, 21, 22, 23, 24, 25, 26, 27, 28, 29, 30]","[16, 32, 64, 128]","[5, 10, 15, 20]","[2, 3, 5, 7]","[2, 4, 8]",random,minimize,local
p48shjrg,222,1214,1779153818805,,/home/meliani/nni-experiments/p48shjrg,99,exp_random_1800s_local_only_local_only,hpo,/home/meliani/Desktop/phd/fast-track/search_space.json,python3 trial.py --data ./local_only.csv,/home/meliani/Desktop/phd/fast-track,1,1800s,100000000,False,False,info,/home/meliani/nni-experiments,"['LSTM', 'GRU', 'CNN', 'RNN', 'TCN', 'Transformer', 'MLP']","[16, 32, 64, 128, 256]","[1, 2, 3, 4]","[0, 0.1, 0.2, 0.3, 0.5]","['relu', 'tanh', 'sigmoid', 'elu']","[1e-05, 0.01]","[2, 3, 4, 5, 6, 7, 8, 9, 10, 11, 12, 13, 14, 15, 16, 17, 18, 19, 20, 21, 22, 23, 24, 25, 26, 27, 28, 29, 30]","[16, 32, 64, 128]","[5, 10, 15, 20]","[2, 3, 5, 7]","[2, 4, 8]",random,minimize,local
p48shjrg,223,1220,1779153818805,,/home/meliani/nni-experiments/p48shjrg,99,exp_random_1800s_local_only_local_only,hpo,/home/meliani/Desktop/phd/fast-track/search_space.json,python3 trial.py --data ./local_only.csv,/home/meliani/Desktop/phd/fast-track,1,1800s,100000000,False,False,info,/home/meliani/nni-experiments,"['LSTM', 'GRU', 'CNN', 'RNN', 'TCN', 'Transformer', 'MLP']","[16, 32, 64, 128, 256]","[1, 2, 3, 4]","[0, 0.1, 0.2, 0.3, 0.5]","['relu', 'tanh', 'sigmoid', 'elu']","[1e-05, 0.01]","[2, 3, 4, 5, 6, 7, 8, 9, 10, 11, 12, 13, 14, 15, 16, 17, 18, 19, 20, 21, 22, 23, 24, 25, 26, 27, 28, 29, 30]","[16, 32, 64, 128]","[5, 10, 15, 20]","[2, 3, 5, 7]","[2, 4, 8]",random,minimize,local
p48shjrg,224,1222,1779153818805,,/home/meliani/nni-experiments/p48shjrg,100,exp_random_1800s_local_only_local_only,hpo,/home/meliani/Desktop/phd/fast-track/search_space.json,python3 trial.py --data ./local_only.csv,/home/meliani/Desktop/phd/fast-track,1,1800s,100000000,False,False,info,/home/meliani/nni-experiments,"['LSTM', 'GRU', 'CNN', 'RNN', 'TCN', 'Transformer', 'MLP']","[16, 32, 64, 128, 256]","[1, 2, 3, 4]","[0, 0.1, 0.2, 0.3, 0.5]","['relu', 'tanh', 'sigmoid', 'elu']","[1e-05, 0.01]","[2, 3, 4, 5, 6, 7, 8, 9, 10, 11, 12, 13, 14, 15, 16, 17, 18, 19, 20, 21, 22, 23, 24, 25, 26, 27, 28, 29, 30]","[16, 32, 64, 128]","[5, 10, 15, 20]","[2, 3, 5, 7]","[2, 4, 8]",random,minimize,local
p48shjrg,225,1229,1779153818805,,/home/meliani/nni-experiments/p48shjrg,101,exp_random_1800s_local_only_local_only,hpo,/home/meliani/Desktop/phd/fast-track/search_space.json,python3 trial.py --data ./local_only.csv,/home/meliani/Desktop/phd/fast-track,1,1800s,100000000,False,False,info,/home/meliani/nni-experiments,"['LSTM', 'GRU', 'CNN', 'RNN', 'TCN', 'Transformer', 'MLP']","[16, 32, 64, 128, 256]","[1, 2, 3, 4]","[0, 0.1, 0.2, 0.3, 0.5]","['relu', 'tanh', 'sigmoid', 'elu']","[1e-05, 0.01]","[2, 3, 4, 5, 6, 7, 8, 9, 10, 11, 12, 13, 14, 15, 16, 17, 18, 19, 20, 21, 22, 23, 24, 25, 26, 27, 28, 29, 30]","[16, 32, 64, 128]","[5, 10, 15, 20]","[2, 3, 5, 7]","[2, 4, 8]",random,minimize,local
p48shjrg,226,1230,1779153818805,,/home/meliani/nni-experiments/p48shjrg,101,exp_random_1800s_local_only_local_only,hpo,/home/meliani/Desktop/phd/fast-track/search_space.json,python3 trial.py --data ./local_only.csv,/home/meliani/Desktop/phd/fast-track,1,1800s,100000000,False,False,info,/home/meliani/nni-experiments,"['LSTM', 'GRU', 'CNN', 'RNN', 'TCN', 'Transformer', 'MLP']","[16, 32, 64, 128, 256]","[1, 2, 3, 4]","[0, 0.1, 0.2, 0.3, 0.5]","['relu', 'tanh', 'sigmoid', 'elu']","[1e-05, 0.01]","[2, 3, 4, 5, 6, 7, 8, 9, 10, 11, 12, 13, 14, 15, 16, 17, 18, 19, 20, 21, 22, 23, 24, 25, 26, 27, 28, 29, 30]","[16, 32, 64, 128]","[5, 10, 15, 20]","[2, 3, 5, 7]","[2, 4, 8]",random,minimize,local
p48shjrg,227,1240,1779153818805,,/home/meliani/nni-experiments/p48shjrg,101,exp_random_1800s_local_only_local_only,hpo,/home/meliani/Desktop/phd/fast-track/search_space.json,python3 trial.py --data ./local_only.csv,/home/meliani/Desktop/phd/fast-track,1,1800s,100000000,False,False,info,/home/meliani/nni-experiments,"['LSTM', 'GRU', 'CNN', 'RNN', 'TCN', 'Transformer', 'MLP']","[16, 32, 64, 128, 256]","[1, 2, 3, 4]","[0, 0.1, 0.2, 0.3, 0.5]","['relu', 'tanh', 'sigmoid', 'elu']","[1e-05, 0.01]","[2, 3, 4, 5, 6, 7, 8, 9, 10, 11, 12, 13, 14, 15, 16, 17, 18, 19, 20, 21, 22, 23, 24, 25, 26, 27, 28, 29, 30]","[16, 32, 64, 128]","[5, 10, 15, 20]","[2, 3, 5, 7]","[2, 4, 8]",random,minimize,local
p48shjrg,228,1241,1779153818805,,/home/meliani/nni-experiments/p48shjrg,102,exp_random_1800s_local_only_local_only,hpo,/home/meliani/Desktop/phd/fast-track/search_space.json,python3 trial.py --data ./local_only.csv,/home/meliani/Desktop/phd/fast-track,1,1800s,100000000,False,False,info,/home/meliani/nni-experiments,"['LSTM', 'GRU', 'CNN', 'RNN', 'TCN', 'Transformer', 'MLP']","[16, 32, 64, 128, 256]","[1, 2, 3, 4]","[0, 0.1, 0.2, 0.3, 0.5]","['relu', 'tanh', 'sigmoid', 'elu']","[1e-05, 0.01]","[2, 3, 4, 5, 6, 7, 8, 9, 10, 11, 12, 13, 14, 15, 16, 17, 18, 19, 20, 21, 22, 23, 24, 25, 26, 27, 28, 29, 30]","[16, 32, 64, 128]","[5, 10, 15, 20]","[2, 3, 5, 7]","[2, 4, 8]",random,minimize,local
p48shjrg,229,1250,1779153818805,,/home/meliani/nni-experiments/p48shjrg,102,exp_random_1800s_local_only_local_only,hpo,/home/meliani/Desktop/phd/fast-track/search_space.json,python3 trial.py --data ./local_only.csv,/home/meliani/Desktop/phd/fast-track,1,1800s,100000000,False,False,info,/home/meliani/nni-experiments,"['LSTM', 'GRU', 'CNN', 'RNN', 'TCN', 'Transformer', 'MLP']","[16, 32, 64, 128, 256]","[1, 2, 3, 4]","[0, 0.1, 0.2, 0.3, 0.5]","['relu', 'tanh', 'sigmoid', 'elu']","[1e-05, 0.01]","[2, 3, 4, 5, 6, 7, 8, 9, 10, 11, 12, 13, 14, 15, 16, 17, 18, 19, 20, 21, 22, 23, 24, 25, 26, 27, 28, 29, 30]","[16, 32, 64, 128]","[5, 10, 15, 20]","[2, 3, 5, 7]","[2, 4, 8]",random,minimize,local
p48shjrg,230,1256,1779153818805,,/home/meliani/nni-experiments/p48shjrg,103,exp_random_1800s_local_only_local_only,hpo,/home/meliani/Desktop/phd/fast-track/search_space.json,python3 trial.py --data ./local_only.csv,/home/meliani/Desktop/phd/fast-track,1,1800s,100000000,False,False,info,/home/meliani/nni-experiments,"['LSTM', 'GRU', 'CNN', 'RNN', 'TCN', 'Transformer', 'MLP']","[16, 32, 64, 128, 256]","[1, 2, 3, 4]","[0, 0.1, 0.2, 0.3, 0.5]","['relu', 'tanh', 'sigmoid', 'elu']","[1e-05, 0.01]","[2, 3, 4, 5, 6, 7, 8, 9, 10, 11, 12, 13, 14, 15, 16, 17, 18, 19, 20, 21, 22, 23, 24, 25, 26, 27, 28, 29, 30]","[16, 32, 64, 128]","[5, 10, 15, 20]","[2, 3, 5, 7]","[2, 4, 8]",random,minimize,local
p48shjrg,231,1260,1779153818805,,/home/meliani/nni-experiments/p48shjrg,103,exp_random_1800s_local_only_local_only,hpo,/home/meliani/Desktop/phd/fast-track/search_space.json,python3 trial.py --data ./local_only.csv,/home/meliani/Desktop/phd/fast-track,1,1800s,100000000,False,False,info,/home/meliani/nni-experiments,"['LSTM', 'GRU', 'CNN', 'RNN', 'TCN', 'Transformer', 'MLP']","[16, 32, 64, 128, 256]","[1, 2, 3, 4]","[0, 0.1, 0.2, 0.3, 0.5]","['relu', 'tanh', 'sigmoid', 'elu']","[1e-05, 0.01]","[2, 3, 4, 5, 6, 7, 8, 9, 10, 11, 12, 13, 14, 15, 16, 17, 18, 19, 20, 21, 22, 23, 24, 25, 26, 27, 28, 29, 30]","[16, 32, 64, 128]","[5, 10, 15, 20]","[2, 3, 5, 7]","[2, 4, 8]",random,minimize,local
p48shjrg,232,1262,1779153818805,,/home/meliani/nni-experiments/p48shjrg,104,exp_random_1800s_local_only_local_only,hpo,/home/meliani/Desktop/phd/fast-track/search_space.json,python3 trial.py --data ./local_only.csv,/home/meliani/Desktop/phd/fast-track,1,1800s,100000000,False,False,info,/home/meliani/nni-experiments,"['LSTM', 'GRU', 'CNN', 'RNN', 'TCN', 'Transformer', 'MLP']","[16, 32, 64, 128, 256]","[1, 2, 3, 4]","[0, 0.1, 0.2, 0.3, 0.5]","['relu', 'tanh', 'sigmoid', 'elu']","[1e-05, 0.01]","[2, 3, 4, 5, 6, 7, 8, 9, 10, 11, 12, 13, 14, 15, 16, 17, 18, 19, 20, 21, 22, 23, 24, 25, 26, 27, 28, 29, 30]","[16, 32, 64, 128]","[5, 10, 15, 20]","[2, 3, 5, 7]","[2, 4, 8]",random,minimize,local
p48shjrg,233,1270,1779153818805,,/home/meliani/nni-experiments/p48shjrg,104,exp_random_1800s_local_only_local_only,hpo,/home/meliani/Desktop/phd/fast-track/search_space.json,python3 trial.py --data ./local_only.csv,/home/meliani/Desktop/phd/fast-track,1,1800s,100000000,False,False,info,/home/meliani/nni-experiments,"['LSTM', 'GRU', 'CNN', 'RNN', 'TCN', 'Transformer', 'MLP']","[16, 32, 64, 128, 256]","[1, 2, 3, 4]","[0, 0.1, 0.2, 0.3, 0.5]","['relu', 'tanh', 'sigmoid', 'elu']","[1e-05, 0.01]","[2, 3, 4, 5, 6, 7, 8, 9, 10, 11, 12, 13, 14, 15, 16, 17, 18, 19, 20, 21, 22, 23, 24, 25, 26, 27, 28, 29, 30]","[16, 32, 64, 128]","[5, 10, 15, 20]","[2, 3, 5, 7]","[2, 4, 8]",random,minimize,local
p48shjrg,234,1275,1779153818805,,/home/meliani/nni-experiments/p48shjrg,105,exp_random_1800s_local_only_local_only,hpo,/home/meliani/Desktop/phd/fast-track/search_space.json,python3 trial.py --data ./local_only.csv,/home/meliani/Desktop/phd/fast-track,1,1800s,100000000,False,False,info,/home/meliani/nni-experiments,"['LSTM', 'GRU', 'CNN', 'RNN', 'TCN', 'Transformer', 'MLP']","[16, 32, 64, 128, 256]","[1, 2, 3, 4]","[0, 0.1, 0.2, 0.3, 0.5]","['relu', 'tanh', 'sigmoid', 'elu']","[1e-05, 0.01]","[2, 3, 4, 5, 6, 7, 8, 9, 10, 11, 12, 13, 14, 15, 16, 17, 18, 19, 20, 21, 22, 23, 24, 25, 26, 27, 28, 29, 30]","[16, 32, 64, 128]","[5, 10, 15, 20]","[2, 3, 5, 7]","[2, 4, 8]",random,minimize,local
p48shjrg,235,1280,1779153818805,,/home/meliani/nni-experiments/p48shjrg,105,exp_random_1800s_local_only_local_only,hpo,/home/meliani/Desktop/phd/fast-track/search_space.json,python3 trial.py --data ./local_only.csv,/home/meliani/Desktop/phd/fast-track,1,1800s,100000000,False,False,info,/home/meliani/nni-experiments,"['LSTM', 'GRU', 'CNN', 'RNN', 'TCN', 'Transformer', 'MLP']","[16, 32, 64, 128, 256]","[1, 2, 3, 4]","[0, 0.1, 0.2, 0.3, 0.5]","['relu', 'tanh', 'sigmoid', 'elu']","[1e-05, 0.01]","[2, 3, 4, 5, 6, 7, 8, 9, 10, 11, 12, 13, 14, 15, 16, 17, 18, 19, 20, 21, 22, 23, 24, 25, 26, 27, 28, 29, 30]","[16, 32, 64, 128]","[5, 10, 15, 20]","[2, 3, 5, 7]","[2, 4, 8]",random,minimize,local
p48shjrg,236,1290,1779153818805,,/home/meliani/nni-experiments/p48shjrg,106,exp_random_1800s_local_only_local_only,hpo,/home/meliani/Desktop/phd/fast-track/search_space.json,python3 trial.py --data ./local_only.csv,/home/meliani/Desktop/phd/fast-track,1,1800s,100000000,False,False,info,/home/meliani/nni-experiments,"['LSTM', 'GRU', 'CNN', 'RNN', 'TCN', 'Transformer', 'MLP']","[16, 32, 64, 128, 256]","[1, 2, 3, 4]","[0, 0.1, 0.2, 0.3, 0.5]","['relu', 'tanh', 'sigmoid', 'elu']","[1e-05, 0.01]","[2, 3, 4, 5, 6, 7, 8, 9, 10, 11, 12, 13, 14, 15, 16, 17, 18, 19, 20, 21, 22, 23, 24, 25, 26, 27, 28, 29, 30]","[16, 32, 64, 128]","[5, 10, 15, 20]","[2, 3, 5, 7]","[2, 4, 8]",random,minimize,local
p48shjrg,237,1290,1779153818805,,/home/meliani/nni-experiments/p48shjrg,106,exp_random_1800s_local_only_local_only,hpo,/home/meliani/Desktop/phd/fast-track/search_space.json,python3 trial.py --data ./local_only.csv,/home/meliani/Desktop/phd/fast-track,1,1800s,100000000,False,False,info,/home/meliani/nni-experiments,"['LSTM', 'GRU', 'CNN', 'RNN', 'TCN', 'Transformer', 'MLP']","[16, 32, 64, 128, 256]","[1, 2, 3, 4]","[0, 0.1, 0.2, 0.3, 0.5]","['relu', 'tanh', 'sigmoid', 'elu']","[1e-05, 0.01]","[2, 3, 4, 5, 6, 7, 8, 9, 10, 11, 12, 13, 14, 15, 16, 17, 18, 19, 20, 21, 22, 23, 24, 25, 26, 27, 28, 29, 30]","[16, 32, 64, 128]","[5, 10, 15, 20]","[2, 3, 5, 7]","[2, 4, 8]",random,minimize,local
p48shjrg,238,1298,1779153818805,,/home/meliani/nni-experiments/p48shjrg,107,exp_random_1800s_local_only_local_only,hpo,/home/meliani/Desktop/phd/fast-track/search_space.json,python3 trial.py --data ./local_only.csv,/home/meliani/Desktop/phd/fast-track,1,1800s,100000000,False,False,info,/home/meliani/nni-experiments,"['LSTM', 'GRU', 'CNN', 'RNN', 'TCN', 'Transformer', 'MLP']","[16, 32, 64, 128, 256]","[1, 2, 3, 4]","[0, 0.1, 0.2, 0.3, 0.5]","['relu', 'tanh', 'sigmoid', 'elu']","[1e-05, 0.01]","[2, 3, 4, 5, 6, 7, 8, 9, 10, 11, 12, 13, 14, 15, 16, 17, 18, 19, 20, 21, 22, 23, 24, 25, 26, 27, 28, 29, 30]","[16, 32, 64, 128]","[5, 10, 15, 20]","[2, 3, 5, 7]","[2, 4, 8]",random,minimize,local
p48shjrg,239,1300,1779153818805,,/home/meliani/nni-experiments/p48shjrg,107,exp_random_1800s_local_only_local_only,hpo,/home/meliani/Desktop/phd/fast-track/search_space.json,python3 trial.py --data ./local_only.csv,/home/meliani/Desktop/phd/fast-track,1,1800s,100000000,False,False,info,/home/meliani/nni-experiments,"['LSTM', 'GRU', 'CNN', 'RNN', 'TCN', 'Transformer', 'MLP']","[16, 32, 64, 128, 256]","[1, 2, 3, 4]","[0, 0.1, 0.2, 0.3, 0.5]","['relu', 'tanh', 'sigmoid', 'elu']","[1e-05, 0.01]","[2, 3, 4, 5, 6, 7, 8, 9, 10, 11, 12, 13, 14, 15, 16, 17, 18, 19, 20, 21, 22, 23, 24, 25, 26, 27, 28, 29, 30]","[16, 32, 64, 128]","[5, 10, 15, 20]","[2, 3, 5, 7]","[2, 4, 8]",random,minimize,local
p48shjrg,240,1310,1779153818805,,/home/meliani/nni-experiments/p48shjrg,107,exp_random_1800s_local_only_local_only,hpo,/home/meliani/Desktop/phd/fast-track/search_space.json,python3 trial.py --data ./local_only.csv,/home/meliani/Desktop/phd/fast-track,1,1800s,100000000,False,False,info,/home/meliani/nni-experiments,"['LSTM', 'GRU', 'CNN', 'RNN', 'TCN', 'Transformer', 'MLP']","[16, 32, 64, 128, 256]","[1, 2, 3, 4]","[0, 0.1, 0.2, 0.3, 0.5]","['relu', 'tanh', 'sigmoid', 'elu']","[1e-05, 0.01]","[2, 3, 4, 5, 6, 7, 8, 9, 10, 11, 12, 13, 14, 15, 16, 17, 18, 19, 20, 21, 22, 23, 24, 25, 26, 27, 28, 29, 30]","[16, 32, 64, 128]","[5, 10, 15, 20]","[2, 3, 5, 7]","[2, 4, 8]",random,minimize,local
p48shjrg,241,1312,1779153818805,,/home/meliani/nni-experiments/p48shjrg,108,exp_random_1800s_local_only_local_only,hpo,/home/meliani/Desktop/phd/fast-track/search_space.json,python3 trial.py --data ./local_only.csv,/home/meliani/Desktop/phd/fast-track,1,1800s,100000000,False,False,info,/home/meliani/nni-experiments,"['LSTM', 'GRU', 'CNN', 'RNN', 'TCN', 'Transformer', 'MLP']","[16, 32, 64, 128, 256]","[1, 2, 3, 4]","[0, 0.1, 0.2, 0.3, 0.5]","['relu', 'tanh', 'sigmoid', 'elu']","[1e-05, 0.01]","[2, 3, 4, 5, 6, 7, 8, 9, 10, 11, 12, 13, 14, 15, 16, 17, 18, 19, 20, 21, 22, 23, 24, 25, 26, 27, 28, 29, 30]","[16, 32, 64, 128]","[5, 10, 15, 20]","[2, 3, 5, 7]","[2, 4, 8]",random,minimize,local
p48shjrg,242,1320,1779153818805,,/home/meliani/nni-experiments/p48shjrg,108,exp_random_1800s_local_only_local_only,hpo,/home/meliani/Desktop/phd/fast-track/search_space.json,python3 trial.py --data ./local_only.csv,/home/meliani/Desktop/phd/fast-track,1,1800s,100000000,False,False,info,/home/meliani/nni-experiments,"['LSTM', 'GRU', 'CNN', 'RNN', 'TCN', 'Transformer', 'MLP']","[16, 32, 64, 128, 256]","[1, 2, 3, 4]","[0, 0.1, 0.2, 0.3, 0.5]","['relu', 'tanh', 'sigmoid', 'elu']","[1e-05, 0.01]","[2, 3, 4, 5, 6, 7, 8, 9, 10, 11, 12, 13, 14, 15, 16, 17, 18, 19, 20, 21, 22, 23, 24, 25, 26, 27, 28, 29, 30]","[16, 32, 64, 128]","[5, 10, 15, 20]","[2, 3, 5, 7]","[2, 4, 8]",random,minimize,local
p48shjrg,243,1322,1779153818805,,/home/meliani/nni-experiments/p48shjrg,109,exp_random_1800s_local_only_local_only,hpo,/home/meliani/Desktop/phd/fast-track/search_space.json,python3 trial.py --data ./local_only.csv,/home/meliani/Desktop/phd/fast-track,1,1800s,100000000,False,False,info,/home/meliani/nni-experiments,"['LSTM', 'GRU', 'CNN', 'RNN', 'TCN', 'Transformer', 'MLP']","[16, 32, 64, 128, 256]","[1, 2, 3, 4]","[0, 0.1, 0.2, 0.3, 0.5]","['relu', 'tanh', 'sigmoid', 'elu']","[1e-05, 0.01]","[2, 3, 4, 5, 6, 7, 8, 9, 10, 11, 12, 13, 14, 15, 16, 17, 18, 19, 20, 21, 22, 23, 24, 25, 26, 27, 28, 29, 30]","[16, 32, 64, 128]","[5, 10, 15, 20]","[2, 3, 5, 7]","[2, 4, 8]",random,minimize,local
p48shjrg,244,1328,1779153818805,,/home/meliani/nni-experiments/p48shjrg,110,exp_random_1800s_local_only_local_only,hpo,/home/meliani/Desktop/phd/fast-track/search_space.json,python3 trial.py --data ./local_only.csv,/home/meliani/Desktop/phd/fast-track,1,1800s,100000000,False,False,info,/home/meliani/nni-experiments,"['LSTM', 'GRU', 'CNN', 'RNN', 'TCN', 'Transformer', 'MLP']","[16, 32, 64, 128, 256]","[1, 2, 3, 4]","[0, 0.1, 0.2, 0.3, 0.5]","['relu', 'tanh', 'sigmoid', 'elu']","[1e-05, 0.01]","[2, 3, 4, 5, 6, 7, 8, 9, 10, 11, 12, 13, 14, 15, 16, 17, 18, 19, 20, 21, 22, 23, 24, 25, 26, 27, 28, 29, 30]","[16, 32, 64, 128]","[5, 10, 15, 20]","[2, 3, 5, 7]","[2, 4, 8]",random,minimize,local
p48shjrg,245,1330,1779153818805,,/home/meliani/nni-experiments/p48shjrg,110,exp_random_1800s_local_only_local_only,hpo,/home/meliani/Desktop/phd/fast-track/search_space.json,python3 trial.py --data ./local_only.csv,/home/meliani/Desktop/phd/fast-track,1,1800s,100000000,False,False,info,/home/meliani/nni-experiments,"['LSTM', 'GRU', 'CNN', 'RNN', 'TCN', 'Transformer', 'MLP']","[16, 32, 64, 128, 256]","[1, 2, 3, 4]","[0, 0.1, 0.2, 0.3, 0.5]","['relu', 'tanh', 'sigmoid', 'elu']","[1e-05, 0.01]","[2, 3, 4, 5, 6, 7, 8, 9, 10, 11, 12, 13, 14, 15, 16, 17, 18, 19, 20, 21, 22, 23, 24, 25, 26, 27, 28, 29, 30]","[16, 32, 64, 128]","[5, 10, 15, 20]","[2, 3, 5, 7]","[2, 4, 8]",random,minimize,local
p48shjrg,246,1334,1779153818805,,/home/meliani/nni-experiments/p48shjrg,111,exp_random_1800s_local_only_local_only,hpo,/home/meliani/Desktop/phd/fast-track/search_space.json,python3 trial.py --data ./local_only.csv,/home/meliani/Desktop/phd/fast-track,1,1800s,100000000,False,False,info,/home/meliani/nni-experiments,"['LSTM', 'GRU', 'CNN', 'RNN', 'TCN', 'Transformer', 'MLP']","[16, 32, 64, 128, 256]","[1, 2, 3, 4]","[0, 0.1, 0.2, 0.3, 0.5]","['relu', 'tanh', 'sigmoid', 'elu']","[1e-05, 0.01]","[2, 3, 4, 5, 6, 7, 8, 9, 10, 11, 12, 13, 14, 15, 16, 17, 18, 19, 20, 21, 22, 23, 24, 25, 26, 27, 28, 29, 30]","[16, 32, 64, 128]","[5, 10, 15, 20]","[2, 3, 5, 7]","[2, 4, 8]",random,minimize,local
p48shjrg,247,1340,1779153818805,,/home/meliani/nni-experiments/p48shjrg,111,exp_random_1800s_local_only_local_only,hpo,/home/meliani/Desktop/phd/fast-track/search_space.json,python3 trial.py --data ./local_only.csv,/home/meliani/Desktop/phd/fast-track,1,1800s,100000000,False,False,info,/home/meliani/nni-experiments,"['LSTM', 'GRU', 'CNN', 'RNN', 'TCN', 'Transformer', 'MLP']","[16, 32, 64, 128, 256]","[1, 2, 3, 4]","[0, 0.1, 0.2, 0.3, 0.5]","['relu', 'tanh', 'sigmoid', 'elu']","[1e-05, 0.01]","[2, 3, 4, 5, 6, 7, 8, 9, 10, 11, 12, 13, 14, 15, 16, 17, 18, 19, 20, 21, 22, 23, 24, 25, 26, 27, 28, 29, 30]","[16, 32, 64, 128]","[5, 10, 15, 20]","[2, 3, 5, 7]","[2, 4, 8]",random,minimize,local
p48shjrg,248,1343,1779153818805,,/home/meliani/nni-experiments/p48shjrg,112,exp_random_1800s_local_only_local_only,hpo,/home/meliani/Desktop/phd/fast-track/search_space.json,python3 trial.py --data ./local_only.csv,/home/meliani/Desktop/phd/fast-track,1,1800s,100000000,False,False,info,/home/meliani/nni-experiments,"['LSTM', 'GRU', 'CNN', 'RNN', 'TCN', 'Transformer', 'MLP']","[16, 32, 64, 128, 256]","[1, 2, 3, 4]","[0, 0.1, 0.2, 0.3, 0.5]","['relu', 'tanh', 'sigmoid', 'elu']","[1e-05, 0.01]","[2, 3, 4, 5, 6, 7, 8, 9, 10, 11, 12, 13, 14, 15, 16, 17, 18, 19, 20, 21, 22, 23, 24, 25, 26, 27, 28, 29, 30]","[16, 32, 64, 128]","[5, 10, 15, 20]","[2, 3, 5, 7]","[2, 4, 8]",random,minimize,local
p48shjrg,249,1350,1779153818805,,/home/meliani/nni-experiments/p48shjrg,112,exp_random_1800s_local_only_local_only,hpo,/home/meliani/Desktop/phd/fast-track/search_space.json,python3 trial.py --data ./local_only.csv,/home/meliani/Desktop/phd/fast-track,1,1800s,100000000,False,False,info,/home/meliani/nni-experiments,"['LSTM', 'GRU', 'CNN', 'RNN', 'TCN', 'Transformer', 'MLP']","[16, 32, 64, 128, 256]","[1, 2, 3, 4]","[0, 0.1, 0.2, 0.3, 0.5]","['relu', 'tanh', 'sigmoid', 'elu']","[1e-05, 0.01]","[2, 3, 4, 5, 6, 7, 8, 9, 10, 11, 12, 13, 14, 15, 16, 17, 18, 19, 20, 21, 22, 23, 24, 25, 26, 27, 28, 29, 30]","[16, 32, 64, 128]","[5, 10, 15, 20]","[2, 3, 5, 7]","[2, 4, 8]",random,minimize,local
p48shjrg,250,1360,1779153818805,,/home/meliani/nni-experiments/p48shjrg,113,exp_random_1800s_local_only_local_only,hpo,/home/meliani/Desktop/phd/fast-track/search_space.json,python3 trial.py --data ./local_only.csv,/home/meliani/Desktop/phd/fast-track,1,1800s,100000000,False,False,info,/home/meliani/nni-experiments,"['LSTM', 'GRU', 'CNN', 'RNN', 'TCN', 'Transformer', 'MLP']","[16, 32, 64, 128, 256]","[1, 2, 3, 4]","[0, 0.1, 0.2, 0.3, 0.5]","['relu', 'tanh', 'sigmoid', 'elu']","[1e-05, 0.01]","[2, 3, 4, 5, 6, 7, 8, 9, 10, 11, 12, 13, 14, 15, 16, 17, 18, 19, 20, 21, 22, 23, 24, 25, 26, 27, 28, 29, 30]","[16, 32, 64, 128]","[5, 10, 15, 20]","[2, 3, 5, 7]","[2, 4, 8]",random,minimize,local
p48shjrg,251,1360,1779153818805,,/home/meliani/nni-experiments/p48shjrg,113,exp_random_1800s_local_only_local_only,hpo,/home/meliani/Desktop/phd/fast-track/search_space.json,python3 trial.py --data ./local_only.csv,/home/meliani/Desktop/phd/fast-track,1,1800s,100000000,False,False,info,/home/meliani/nni-experiments,"['LSTM', 'GRU', 'CNN', 'RNN', 'TCN', 'Transformer', 'MLP']","[16, 32, 64, 128, 256]","[1, 2, 3, 4]","[0, 0.1, 0.2, 0.3, 0.5]","['relu', 'tanh', 'sigmoid', 'elu']","[1e-05, 0.01]","[2, 3, 4, 5, 6, 7, 8, 9, 10, 11, 12, 13, 14, 15, 16, 17, 18, 19, 20, 21, 22, 23, 24, 25, 26, 27, 28, 29, 30]","[16, 32, 64, 128]","[5, 10, 15, 20]","[2, 3, 5, 7]","[2, 4, 8]",random,minimize,local
p48shjrg,252,1367,1779153818805,,/home/meliani/nni-experiments/p48shjrg,114,exp_random_1800s_local_only_local_only,hpo,/home/meliani/Desktop/phd/fast-track/search_space.json,python3 trial.py --data ./local_only.csv,/home/meliani/Desktop/phd/fast-track,1,1800s,100000000,False,False,info,/home/meliani/nni-experiments,"['LSTM', 'GRU', 'CNN', 'RNN', 'TCN', 'Transformer', 'MLP']","[16, 32, 64, 128, 256]","[1, 2, 3, 4]","[0, 0.1, 0.2, 0.3, 0.5]","['relu', 'tanh', 'sigmoid', 'elu']","[1e-05, 0.01]","[2, 3, 4, 5, 6, 7, 8, 9, 10, 11, 12, 13, 14, 15, 16, 17, 18, 19, 20, 21, 22, 23, 24, 25, 26, 27, 28, 29, 30]","[16, 32, 64, 128]","[5, 10, 15, 20]","[2, 3, 5, 7]","[2, 4, 8]",random,minimize,local
p48shjrg,253,1370,1779153818805,,/home/meliani/nni-experiments/p48shjrg,114,exp_random_1800s_local_only_local_only,hpo,/home/meliani/Desktop/phd/fast-track/search_space.json,python3 trial.py --data ./local_only.csv,/home/meliani/Desktop/phd/fast-track,1,1800s,100000000,False,False,info,/home/meliani/nni-experiments,"['LSTM', 'GRU', 'CNN', 'RNN', 'TCN', 'Transformer', 'MLP']","[16, 32, 64, 128, 256]","[1, 2, 3, 4]","[0, 0.1, 0.2, 0.3, 0.5]","['relu', 'tanh', 'sigmoid', 'elu']","[1e-05, 0.01]","[2, 3, 4, 5, 6, 7, 8, 9, 10, 11, 12, 13, 14, 15, 16, 17, 18, 19, 20, 21, 22, 23, 24, 25, 26, 27, 28, 29, 30]","[16, 32, 64, 128]","[5, 10, 15, 20]","[2, 3, 5, 7]","[2, 4, 8]",random,minimize,local
p48shjrg,254,1380,1779153818805,,/home/meliani/nni-experiments/p48shjrg,114,exp_random_1800s_local_only_local_only,hpo,/home/meliani/Desktop/phd/fast-track/search_space.json,python3 trial.py --data ./local_only.csv,/home/meliani/Desktop/phd/fast-track,1,1800s,100000000,False,False,info,/home/meliani/nni-experiments,"['LSTM', 'GRU', 'CNN', 'RNN', 'TCN', 'Transformer', 'MLP']","[16, 32, 64, 128, 256]","[1, 2, 3, 4]","[0, 0.1, 0.2, 0.3, 0.5]","['relu', 'tanh', 'sigmoid', 'elu']","[1e-05, 0.01]","[2, 3, 4, 5, 6, 7, 8, 9, 10, 11, 12, 13, 14, 15, 16, 17, 18, 19, 20, 21, 22, 23, 24, 25, 26, 27, 28, 29, 30]","[16, 32, 64, 128]","[5, 10, 15, 20]","[2, 3, 5, 7]","[2, 4, 8]",random,minimize,local
p48shjrg,255,1381,1779153818805,,/home/meliani/nni-experiments/p48shjrg,115,exp_random_1800s_local_only_local_only,hpo,/home/meliani/Desktop/phd/fast-track/search_space.json,python3 trial.py --data ./local_only.csv,/home/meliani/Desktop/phd/fast-track,1,1800s,100000000,False,False,info,/home/meliani/nni-experiments,"['LSTM', 'GRU', 'CNN', 'RNN', 'TCN', 'Transformer', 'MLP']","[16, 32, 64, 128, 256]","[1, 2, 3, 4]","[0, 0.1, 0.2, 0.3, 0.5]","['relu', 'tanh', 'sigmoid', 'elu']","[1e-05, 0.01]","[2, 3, 4, 5, 6, 7, 8, 9, 10, 11, 12, 13, 14, 15, 16, 17, 18, 19, 20, 21, 22, 23, 24, 25, 26, 27, 28, 29, 30]","[16, 32, 64, 128]","[5, 10, 15, 20]","[2, 3, 5, 7]","[2, 4, 8]",random,minimize,local
p48shjrg,256,1388,1779153818805,,/home/meliani/nni-experiments/p48shjrg,116,exp_random_1800s_local_only_local_only,hpo,/home/meliani/Desktop/phd/fast-track/search_space.json,python3 trial.py --data ./local_only.csv,/home/meliani/Desktop/phd/fast-track,1,1800s,100000000,False,False,info,/home/meliani/nni-experiments,"['LSTM', 'GRU', 'CNN', 'RNN', 'TCN', 'Transformer', 'MLP']","[16, 32, 64, 128, 256]","[1, 2, 3, 4]","[0, 0.1, 0.2, 0.3, 0.5]","['relu', 'tanh', 'sigmoid', 'elu']","[1e-05, 0.01]","[2, 3, 4, 5, 6, 7, 8, 9, 10, 11, 12, 13, 14, 15, 16, 17, 18, 19, 20, 21, 22, 23, 24, 25, 26, 27, 28, 29, 30]","[16, 32, 64, 128]","[5, 10, 15, 20]","[2, 3, 5, 7]","[2, 4, 8]",random,minimize,local
p48shjrg,257,1390,1779153818805,,/home/meliani/nni-experiments/p48shjrg,116,exp_random_1800s_local_only_local_only,hpo,/home/meliani/Desktop/phd/fast-track/search_space.json,python3 trial.py --data ./local_only.csv,/home/meliani/Desktop/phd/fast-track,1,1800s,100000000,False,False,info,/home/meliani/nni-experiments,"['LSTM', 'GRU', 'CNN', 'RNN', 'TCN', 'Transformer', 'MLP']","[16, 32, 64, 128, 256]","[1, 2, 3, 4]","[0, 0.1, 0.2, 0.3, 0.5]","['relu', 'tanh', 'sigmoid', 'elu']","[1e-05, 0.01]","[2, 3, 4, 5, 6, 7, 8, 9, 10, 11, 12, 13, 14, 15, 16, 17, 18, 19, 20, 21, 22, 23, 24, 25, 26, 27, 28, 29, 30]","[16, 32, 64, 128]","[5, 10, 15, 20]","[2, 3, 5, 7]","[2, 4, 8]",random,minimize,local
p48shjrg,258,1394,1779153818805,,/home/meliani/nni-experiments/p48shjrg,117,exp_random_1800s_local_only_local_only,hpo,/home/meliani/Desktop/phd/fast-track/search_space.json,python3 trial.py --data ./local_only.csv,/home/meliani/Desktop/phd/fast-track,1,1800s,100000000,False,False,info,/home/meliani/nni-experiments,"['LSTM', 'GRU', 'CNN', 'RNN', 'TCN', 'Transformer', 'MLP']","[16, 32, 64, 128, 256]","[1, 2, 3, 4]","[0, 0.1, 0.2, 0.3, 0.5]","['relu', 'tanh', 'sigmoid', 'elu']","[1e-05, 0.01]","[2, 3, 4, 5, 6, 7, 8, 9, 10, 11, 12, 13, 14, 15, 16, 17, 18, 19, 20, 21, 22, 23, 24, 25, 26, 27, 28, 29, 30]","[16, 32, 64, 128]","[5, 10, 15, 20]","[2, 3, 5, 7]","[2, 4, 8]",random,minimize,local
p48shjrg,259,1400,1779153818805,,/home/meliani/nni-experiments/p48shjrg,117,exp_random_1800s_local_only_local_only,hpo,/home/meliani/Desktop/phd/fast-track/search_space.json,python3 trial.py --data ./local_only.csv,/home/meliani/Desktop/phd/fast-track,1,1800s,100000000,False,False,info,/home/meliani/nni-experiments,"['LSTM', 'GRU', 'CNN', 'RNN', 'TCN', 'Transformer', 'MLP']","[16, 32, 64, 128, 256]","[1, 2, 3, 4]","[0, 0.1, 0.2, 0.3, 0.5]","['relu', 'tanh', 'sigmoid', 'elu']","[1e-05, 0.01]","[2, 3, 4, 5, 6, 7, 8, 9, 10, 11, 12, 13, 14, 15, 16, 17, 18, 19, 20, 21, 22, 23, 24, 25, 26, 27, 28, 29, 30]","[16, 32, 64, 128]","[5, 10, 15, 20]","[2, 3, 5, 7]","[2, 4, 8]",random,minimize,local
p48shjrg,260,1404,1779153818805,,/home/meliani/nni-experiments/p48shjrg,118,exp_random_1800s_local_only_local_only,hpo,/home/meliani/Desktop/phd/fast-track/search_space.json,python3 trial.py --data ./local_only.csv,/home/meliani/Desktop/phd/fast-track,1,1800s,100000000,False,False,info,/home/meliani/nni-experiments,"['LSTM', 'GRU', 'CNN', 'RNN', 'TCN', 'Transformer', 'MLP']","[16, 32, 64, 128, 256]","[1, 2, 3, 4]","[0, 0.1, 0.2, 0.3, 0.5]","['relu', 'tanh', 'sigmoid', 'elu']","[1e-05, 0.01]","[2, 3, 4, 5, 6, 7, 8, 9, 10, 11, 12, 13, 14, 15, 16, 17, 18, 19, 20, 21, 22, 23, 24, 25, 26, 27, 28, 29, 30]","[16, 32, 64, 128]","[5, 10, 15, 20]","[2, 3, 5, 7]","[2, 4, 8]",random,minimize,local
p48shjrg,261,1410,1779153818805,,/home/meliani/nni-experiments/p48shjrg,118,exp_random_1800s_local_only_local_only,hpo,/home/meliani/Desktop/phd/fast-track/search_space.json,python3 trial.py --data ./local_only.csv,/home/meliani/Desktop/phd/fast-track,1,1800s,100000000,False,False,info,/home/meliani/nni-experiments,"['LSTM', 'GRU', 'CNN', 'RNN', 'TCN', 'Transformer', 'MLP']","[16, 32, 64, 128, 256]","[1, 2, 3, 4]","[0, 0.1, 0.2, 0.3, 0.5]","['relu', 'tanh', 'sigmoid', 'elu']","[1e-05, 0.01]","[2, 3, 4, 5, 6, 7, 8, 9, 10, 11, 12, 13, 14, 15, 16, 17, 18, 19, 20, 21, 22, 23, 24, 25, 26, 27, 28, 29, 30]","[16, 32, 64, 128]","[5, 10, 15, 20]","[2, 3, 5, 7]","[2, 4, 8]",random,minimize,local
p48shjrg,262,1413,1779153818805,,/home/meliani/nni-experiments/p48shjrg,119,exp_random_1800s_local_only_local_only,hpo,/home/meliani/Desktop/phd/fast-track/search_space.json,python3 trial.py --data ./local_only.csv,/home/meliani/Desktop/phd/fast-track,1,1800s,100000000,False,False,info,/home/meliani/nni-experiments,"['LSTM', 'GRU', 'CNN', 'RNN', 'TCN', 'Transformer', 'MLP']","[16, 32, 64, 128, 256]","[1, 2, 3, 4]","[0, 0.1, 0.2, 0.3, 0.5]","['relu', 'tanh', 'sigmoid', 'elu']","[1e-05, 0.01]","[2, 3, 4, 5, 6, 7, 8, 9, 10, 11, 12, 13, 14, 15, 16, 17, 18, 19, 20, 21, 22, 23, 24, 25, 26, 27, 28, 29, 30]","[16, 32, 64, 128]","[5, 10, 15, 20]","[2, 3, 5, 7]","[2, 4, 8]",random,minimize,local
p48shjrg,263,1420,1779153818805,,/home/meliani/nni-experiments/p48shjrg,119,exp_random_1800s_local_only_local_only,hpo,/home/meliani/Desktop/phd/fast-track/search_space.json,python3 trial.py --data ./local_only.csv,/home/meliani/Desktop/phd/fast-track,1,1800s,100000000,False,False,info,/home/meliani/nni-experiments,"['LSTM', 'GRU', 'CNN', 'RNN', 'TCN', 'Transformer', 'MLP']","[16, 32, 64, 128, 256]","[1, 2, 3, 4]","[0, 0.1, 0.2, 0.3, 0.5]","['relu', 'tanh', 'sigmoid', 'elu']","[1e-05, 0.01]","[2, 3, 4, 5, 6, 7, 8, 9, 10, 11, 12, 13, 14, 15, 16, 17, 18, 19, 20, 21, 22, 23, 24, 25, 26, 27, 28, 29, 30]","[16, 32, 64, 128]","[5, 10, 15, 20]","[2, 3, 5, 7]","[2, 4, 8]",random,minimize,local
p48shjrg,264,1427,1779153818805,,/home/meliani/nni-experiments/p48shjrg,120,exp_random_1800s_local_only_local_only,hpo,/home/meliani/Desktop/phd/fast-track/search_space.json,python3 trial.py --data ./local_only.csv,/home/meliani/Desktop/phd/fast-track,1,1800s,100000000,False,False,info,/home/meliani/nni-experiments,"['LSTM', 'GRU', 'CNN', 'RNN', 'TCN', 'Transformer', 'MLP']","[16, 32, 64, 128, 256]","[1, 2, 3, 4]","[0, 0.1, 0.2, 0.3, 0.5]","['relu', 'tanh', 'sigmoid', 'elu']","[1e-05, 0.01]","[2, 3, 4, 5, 6, 7, 8, 9, 10, 11, 12, 13, 14, 15, 16, 17, 18, 19, 20, 21, 22, 23, 24, 25, 26, 27, 28, 29, 30]","[16, 32, 64, 128]","[5, 10, 15, 20]","[2, 3, 5, 7]","[2, 4, 8]",random,minimize,local
p48shjrg,265,1430,1779153818805,,/home/meliani/nni-experiments/p48shjrg,120,exp_random_1800s_local_only_local_only,hpo,/home/meliani/Desktop/phd/fast-track/search_space.json,python3 trial.py --data ./local_only.csv,/home/meliani/Desktop/phd/fast-track,1,1800s,100000000,False,False,info,/home/meliani/nni-experiments,"['LSTM', 'GRU', 'CNN', 'RNN', 'TCN', 'Transformer', 'MLP']","[16, 32, 64, 128, 256]","[1, 2, 3, 4]","[0, 0.1, 0.2, 0.3, 0.5]","['relu', 'tanh', 'sigmoid', 'elu']","[1e-05, 0.01]","[2, 3, 4, 5, 6, 7, 8, 9, 10, 11, 12, 13, 14, 15, 16, 17, 18, 19, 20, 21, 22, 23, 24, 25, 26, 27, 28, 29, 30]","[16, 32, 64, 128]","[5, 10, 15, 20]","[2, 3, 5, 7]","[2, 4, 8]",random,minimize,local
p48shjrg,266,1438,1779153818805,,/home/meliani/nni-experiments/p48shjrg,121,exp_random_1800s_local_only_local_only,hpo,/home/meliani/Desktop/phd/fast-track/search_space.json,python3 trial.py --data ./local_only.csv,/home/meliani/Desktop/phd/fast-track,1,1800s,100000000,False,False,info,/home/meliani/nni-experiments,"['LSTM', 'GRU', 'CNN', 'RNN', 'TCN', 'Transformer', 'MLP']","[16, 32, 64, 128, 256]","[1, 2, 3, 4]","[0, 0.1, 0.2, 0.3, 0.5]","['relu', 'tanh', 'sigmoid', 'elu']","[1e-05, 0.01]","[2, 3, 4, 5, 6, 7, 8, 9, 10, 11, 12, 13, 14, 15, 16, 17, 18, 19, 20, 21, 22, 23, 24, 25, 26, 27, 28, 29, 30]","[16, 32, 64, 128]","[5, 10, 15, 20]","[2, 3, 5, 7]","[2, 4, 8]",random,minimize,local
p48shjrg,267,1440,1779153818805,,/home/meliani/nni-experiments/p48shjrg,121,exp_random_1800s_local_only_local_only,hpo,/home/meliani/Desktop/phd/fast-track/search_space.json,python3 trial.py --data ./local_only.csv,/home/meliani/Desktop/phd/fast-track,1,1800s,100000000,False,False,info,/home/meliani/nni-experiments,"['LSTM', 'GRU', 'CNN', 'RNN', 'TCN', 'Transformer', 'MLP']","[16, 32, 64, 128, 256]","[1, 2, 3, 4]","[0, 0.1, 0.2, 0.3, 0.5]","['relu', 'tanh', 'sigmoid', 'elu']","[1e-05, 0.01]","[2, 3, 4, 5, 6, 7, 8, 9, 10, 11, 12, 13, 14, 15, 16, 17, 18, 19, 20, 21, 22, 23, 24, 25, 26, 27, 28, 29, 30]","[16, 32, 64, 128]","[5, 10, 15, 20]","[2, 3, 5, 7]","[2, 4, 8]",random,minimize,local
p48shjrg,268,1450,1779153818805,,/home/meliani/nni-experiments/p48shjrg,121,exp_random_1800s_local_only_local_only,hpo,/home/meliani/Desktop/phd/fast-track/search_space.json,python3 trial.py --data ./local_only.csv,/home/meliani/Desktop/phd/fast-track,1,1800s,100000000,False,False,info,/home/meliani/nni-experiments,"['LSTM', 'GRU', 'CNN', 'RNN', 'TCN', 'Transformer', 'MLP']","[16, 32, 64, 128, 256]","[1, 2, 3, 4]","[0, 0.1, 0.2, 0.3, 0.5]","['relu', 'tanh', 'sigmoid', 'elu']","[1e-05, 0.01]","[2, 3, 4, 5, 6, 7, 8, 9, 10, 11, 12, 13, 14, 15, 16, 17, 18, 19, 20, 21, 22, 23, 24, 25, 26, 27, 28, 29, 30]","[16, 32, 64, 128]","[5, 10, 15, 20]","[2, 3, 5, 7]","[2, 4, 8]",random,minimize,local
p48shjrg,269,1452,1779153818805,,/home/meliani/nni-experiments/p48shjrg,122,exp_random_1800s_local_only_local_only,hpo,/home/meliani/Desktop/phd/fast-track/search_space.json,python3 trial.py --data ./local_only.csv,/home/meliani/Desktop/phd/fast-track,1,1800s,100000000,False,False,info,/home/meliani/nni-experiments,"['LSTM', 'GRU', 'CNN', 'RNN', 'TCN', 'Transformer', 'MLP']","[16, 32, 64, 128, 256]","[1, 2, 3, 4]","[0, 0.1, 0.2, 0.3, 0.5]","['relu', 'tanh', 'sigmoid', 'elu']","[1e-05, 0.01]","[2, 3, 4, 5, 6, 7, 8, 9, 10, 11, 12, 13, 14, 15, 16, 17, 18, 19, 20, 21, 22, 23, 24, 25, 26, 27, 28, 29, 30]","[16, 32, 64, 128]","[5, 10, 15, 20]","[2, 3, 5, 7]","[2, 4, 8]",random,minimize,local
p48shjrg,270,1460,1779153818805,,/home/meliani/nni-experiments/p48shjrg,122,exp_random_1800s_local_only_local_only,hpo,/home/meliani/Desktop/phd/fast-track/search_space.json,python3 trial.py --data ./local_only.csv,/home/meliani/Desktop/phd/fast-track,1,1800s,100000000,False,False,info,/home/meliani/nni-experiments,"['LSTM', 'GRU', 'CNN', 'RNN', 'TCN', 'Transformer', 'MLP']","[16, 32, 64, 128, 256]","[1, 2, 3, 4]","[0, 0.1, 0.2, 0.3, 0.5]","['relu', 'tanh', 'sigmoid', 'elu']","[1e-05, 0.01]","[2, 3, 4, 5, 6, 7, 8, 9, 10, 11, 12, 13, 14, 15, 16, 17, 18, 19, 20, 21, 22, 23, 24, 25, 26, 27, 28, 29, 30]","[16, 32, 64, 128]","[5, 10, 15, 20]","[2, 3, 5, 7]","[2, 4, 8]",random,minimize,local
p48shjrg,271,1461,1779153818805,,/home/meliani/nni-experiments/p48shjrg,123,exp_random_1800s_local_only_local_only,hpo,/home/meliani/Desktop/phd/fast-track/search_space.json,python3 trial.py --data ./local_only.csv,/home/meliani/Desktop/phd/fast-track,1,1800s,100000000,False,False,info,/home/meliani/nni-experiments,"['LSTM', 'GRU', 'CNN', 'RNN', 'TCN', 'Transformer', 'MLP']","[16, 32, 64, 128, 256]","[1, 2, 3, 4]","[0, 0.1, 0.2, 0.3, 0.5]","['relu', 'tanh', 'sigmoid', 'elu']","[1e-05, 0.01]","[2, 3, 4, 5, 6, 7, 8, 9, 10, 11, 12, 13, 14, 15, 16, 17, 18, 19, 20, 21, 22, 23, 24, 25, 26, 27, 28, 29, 30]","[16, 32, 64, 128]","[5, 10, 15, 20]","[2, 3, 5, 7]","[2, 4, 8]",random,minimize,local
p48shjrg,272,1467,1779153818805,,/home/meliani/nni-experiments/p48shjrg,124,exp_random_1800s_local_only_local_only,hpo,/home/meliani/Desktop/phd/fast-track/search_space.json,python3 trial.py --data ./local_only.csv,/home/meliani/Desktop/phd/fast-track,1,1800s,100000000,False,False,info,/home/meliani/nni-experiments,"['LSTM', 'GRU', 'CNN', 'RNN', 'TCN', 'Transformer', 'MLP']","[16, 32, 64, 128, 256]","[1, 2, 3, 4]","[0, 0.1, 0.2, 0.3, 0.5]","['relu', 'tanh', 'sigmoid', 'elu']","[1e-05, 0.01]","[2, 3, 4, 5, 6, 7, 8, 9, 10, 11, 12, 13, 14, 15, 16, 17, 18, 19, 20, 21, 22, 23, 24, 25, 26, 27, 28, 29, 30]","[16, 32, 64, 128]","[5, 10, 15, 20]","[2, 3, 5, 7]","[2, 4, 8]",random,minimize,local
p48shjrg,273,1470,1779153818805,,/home/meliani/nni-experiments/p48shjrg,124,exp_random_1800s_local_only_local_only,hpo,/home/meliani/Desktop/phd/fast-track/search_space.json,python3 trial.py --data ./local_only.csv,/home/meliani/Desktop/phd/fast-track,1,1800s,100000000,False,False,info,/home/meliani/nni-experiments,"['LSTM', 'GRU', 'CNN', 'RNN', 'TCN', 'Transformer', 'MLP']","[16, 32, 64, 128, 256]","[1, 2, 3, 4]","[0, 0.1, 0.2, 0.3, 0.5]","['relu', 'tanh', 'sigmoid', 'elu']","[1e-05, 0.01]","[2, 3, 4, 5, 6, 7, 8, 9, 10, 11, 12, 13, 14, 15, 16, 17, 18, 19, 20, 21, 22, 23, 24, 25, 26, 27, 28, 29, 30]","[16, 32, 64, 128]","[5, 10, 15, 20]","[2, 3, 5, 7]","[2, 4, 8]",random,minimize,local
p48shjrg,274,1478,1779153818805,,/home/meliani/nni-experiments/p48shjrg,125,exp_random_1800s_local_only_local_only,hpo,/home/meliani/Desktop/phd/fast-track/search_space.json,python3 trial.py --data ./local_only.csv,/home/meliani/Desktop/phd/fast-track,1,1800s,100000000,False,False,info,/home/meliani/nni-experiments,"['LSTM', 'GRU', 'CNN', 'RNN', 'TCN', 'Transformer', 'MLP']","[16, 32, 64, 128, 256]","[1, 2, 3, 4]","[0, 0.1, 0.2, 0.3, 0.5]","['relu', 'tanh', 'sigmoid', 'elu']","[1e-05, 0.01]","[2, 3, 4, 5, 6, 7, 8, 9, 10, 11, 12, 13, 14, 15, 16, 17, 18, 19, 20, 21, 22, 23, 24, 25, 26, 27, 28, 29, 30]","[16, 32, 64, 128]","[5, 10, 15, 20]","[2, 3, 5, 7]","[2, 4, 8]",random,minimize,local
p48shjrg,275,1480,1779153818805,,/home/meliani/nni-experiments/p48shjrg,125,exp_random_1800s_local_only_local_only,hpo,/home/meliani/Desktop/phd/fast-track/search_space.json,python3 trial.py --data ./local_only.csv,/home/meliani/Desktop/phd/fast-track,1,1800s,100000000,False,False,info,/home/meliani/nni-experiments,"['LSTM', 'GRU', 'CNN', 'RNN', 'TCN', 'Transformer', 'MLP']","[16, 32, 64, 128, 256]","[1, 2, 3, 4]","[0, 0.1, 0.2, 0.3, 0.5]","['relu', 'tanh', 'sigmoid', 'elu']","[1e-05, 0.01]","[2, 3, 4, 5, 6, 7, 8, 9, 10, 11, 12, 13, 14, 15, 16, 17, 18, 19, 20, 21, 22, 23, 24, 25, 26, 27, 28, 29, 30]","[16, 32, 64, 128]","[5, 10, 15, 20]","[2, 3, 5, 7]","[2, 4, 8]",random,minimize,local
p48shjrg,276,1485,1779153818805,,/home/meliani/nni-experiments/p48shjrg,126,exp_random_1800s_local_only_local_only,hpo,/home/meliani/Desktop/phd/fast-track/search_space.json,python3 trial.py --data ./local_only.csv,/home/meliani/Desktop/phd/fast-track,1,1800s,100000000,False,False,info,/home/meliani/nni-experiments,"['LSTM', 'GRU', 'CNN', 'RNN', 'TCN', 'Transformer', 'MLP']","[16, 32, 64, 128, 256]","[1, 2, 3, 4]","[0, 0.1, 0.2, 0.3, 0.5]","['relu', 'tanh', 'sigmoid', 'elu']","[1e-05, 0.01]","[2, 3, 4, 5, 6, 7, 8, 9, 10, 11, 12, 13, 14, 15, 16, 17, 18, 19, 20, 21, 22, 23, 24, 25, 26, 27, 28, 29, 30]","[16, 32, 64, 128]","[5, 10, 15, 20]","[2, 3, 5, 7]","[2, 4, 8]",random,minimize,local
p48shjrg,277,1490,1779153818805,,/home/meliani/nni-experiments/p48shjrg,126,exp_random_1800s_local_only_local_only,hpo,/home/meliani/Desktop/phd/fast-track/search_space.json,python3 trial.py --data ./local_only.csv,/home/meliani/Desktop/phd/fast-track,1,1800s,100000000,False,False,info,/home/meliani/nni-experiments,"['LSTM', 'GRU', 'CNN', 'RNN', 'TCN', 'Transformer', 'MLP']","[16, 32, 64, 128, 256]","[1, 2, 3, 4]","[0, 0.1, 0.2, 0.3, 0.5]","['relu', 'tanh', 'sigmoid', 'elu']","[1e-05, 0.01]","[2, 3, 4, 5, 6, 7, 8, 9, 10, 11, 12, 13, 14, 15, 16, 17, 18, 19, 20, 21, 22, 23, 24, 25, 26, 27, 28, 29, 30]","[16, 32, 64, 128]","[5, 10, 15, 20]","[2, 3, 5, 7]","[2, 4, 8]",random,minimize,local
p48shjrg,278,1495,1779153818805,,/home/meliani/nni-experiments/p48shjrg,127,exp_random_1800s_local_only_local_only,hpo,/home/meliani/Desktop/phd/fast-track/search_space.json,python3 trial.py --data ./local_only.csv,/home/meliani/Desktop/phd/fast-track,1,1800s,100000000,False,False,info,/home/meliani/nni-experiments,"['LSTM', 'GRU', 'CNN', 'RNN', 'TCN', 'Transformer', 'MLP']","[16, 32, 64, 128, 256]","[1, 2, 3, 4]","[0, 0.1, 0.2, 0.3, 0.5]","['relu', 'tanh', 'sigmoid', 'elu']","[1e-05, 0.01]","[2, 3, 4, 5, 6, 7, 8, 9, 10, 11, 12, 13, 14, 15, 16, 17, 18, 19, 20, 21, 22, 23, 24, 25, 26, 27, 28, 29, 30]","[16, 32, 64, 128]","[5, 10, 15, 20]","[2, 3, 5, 7]","[2, 4, 8]",random,minimize,local
p48shjrg,279,1500,1779153818805,,/home/meliani/nni-experiments/p48shjrg,127,exp_random_1800s_local_only_local_only,hpo,/home/meliani/Desktop/phd/fast-track/search_space.json,python3 trial.py --data ./local_only.csv,/home/meliani/Desktop/phd/fast-track,1,1800s,100000000,False,False,info,/home/meliani/nni-experiments,"['LSTM', 'GRU', 'CNN', 'RNN', 'TCN', 'Transformer', 'MLP']","[16, 32, 64, 128, 256]","[1, 2, 3, 4]","[0, 0.1, 0.2, 0.3, 0.5]","['relu', 'tanh', 'sigmoid', 'elu']","[1e-05, 0.01]","[2, 3, 4, 5, 6, 7, 8, 9, 10, 11, 12, 13, 14, 15, 16, 17, 18, 19, 20, 21, 22, 23, 24, 25, 26, 27, 28, 29, 30]","[16, 32, 64, 128]","[5, 10, 15, 20]","[2, 3, 5, 7]","[2, 4, 8]",random,minimize,local
p48shjrg,280,1510,1779153818805,,/home/meliani/nni-experiments/p48shjrg,127,exp_random_1800s_local_only_local_only,hpo,/home/meliani/Desktop/phd/fast-track/search_space.json,python3 trial.py --data ./local_only.csv,/home/meliani/Desktop/phd/fast-track,1,1800s,100000000,False,False,info,/home/meliani/nni-experiments,"['LSTM', 'GRU', 'CNN', 'RNN', 'TCN', 'Transformer', 'MLP']","[16, 32, 64, 128, 256]","[1, 2, 3, 4]","[0, 0.1, 0.2, 0.3, 0.5]","['relu', 'tanh', 'sigmoid', 'elu']","[1e-05, 0.01]","[2, 3, 4, 5, 6, 7, 8, 9, 10, 11, 12, 13, 14, 15, 16, 17, 18, 19, 20, 21, 22, 23, 24, 25, 26, 27, 28, 29, 30]","[16, 32, 64, 128]","[5, 10, 15, 20]","[2, 3, 5, 7]","[2, 4, 8]",random,minimize,local
p48shjrg,281,1520,1779153818805,,/home/meliani/nni-experiments/p48shjrg,127,exp_random_1800s_local_only_local_only,hpo,/home/meliani/Desktop/phd/fast-track/search_space.json,python3 trial.py --data ./local_only.csv,/home/meliani/Desktop/phd/fast-track,1,1800s,100000000,False,False,info,/home/meliani/nni-experiments,"['LSTM', 'GRU', 'CNN', 'RNN', 'TCN', 'Transformer', 'MLP']","[16, 32, 64, 128, 256]","[1, 2, 3, 4]","[0, 0.1, 0.2, 0.3, 0.5]","['relu', 'tanh', 'sigmoid', 'elu']","[1e-05, 0.01]","[2, 3, 4, 5, 6, 7, 8, 9, 10, 11, 12, 13, 14, 15, 16, 17, 18, 19, 20, 21, 22, 23, 24, 25, 26, 27, 28, 29, 30]","[16, 32, 64, 128]","[5, 10, 15, 20]","[2, 3, 5, 7]","[2, 4, 8]",random,minimize,local
p48shjrg,282,1530,1779153818805,,/home/meliani/nni-experiments/p48shjrg,127,exp_random_1800s_local_only_local_only,hpo,/home/meliani/Desktop/phd/fast-track/search_space.json,python3 trial.py --data ./local_only.csv,/home/meliani/Desktop/phd/fast-track,1,1800s,100000000,False,False,info,/home/meliani/nni-experiments,"['LSTM', 'GRU', 'CNN', 'RNN', 'TCN', 'Transformer', 'MLP']","[16, 32, 64, 128, 256]","[1, 2, 3, 4]","[0, 0.1, 0.2, 0.3, 0.5]","['relu', 'tanh', 'sigmoid', 'elu']","[1e-05, 0.01]","[2, 3, 4, 5, 6, 7, 8, 9, 10, 11, 12, 13, 14, 15, 16, 17, 18, 19, 20, 21, 22, 23, 24, 25, 26, 27, 28, 29, 30]","[16, 32, 64, 128]","[5, 10, 15, 20]","[2, 3, 5, 7]","[2, 4, 8]",random,minimize,local
p48shjrg,283,1540,1779153818805,,/home/meliani/nni-experiments/p48shjrg,127,exp_random_1800s_local_only_local_only,hpo,/home/meliani/Desktop/phd/fast-track/search_space.json,python3 trial.py --data ./local_only.csv,/home/meliani/Desktop/phd/fast-track,1,1800s,100000000,False,False,info,/home/meliani/nni-experiments,"['LSTM', 'GRU', 'CNN', 'RNN', 'TCN', 'Transformer', 'MLP']","[16, 32, 64, 128, 256]","[1, 2, 3, 4]","[0, 0.1, 0.2, 0.3, 0.5]","['relu', 'tanh', 'sigmoid', 'elu']","[1e-05, 0.01]","[2, 3, 4, 5, 6, 7, 8, 9, 10, 11, 12, 13, 14, 15, 16, 17, 18, 19, 20, 21, 22, 23, 24, 25, 26, 27, 28, 29, 30]","[16, 32, 64, 128]","[5, 10, 15, 20]","[2, 3, 5, 7]","[2, 4, 8]",random,minimize,local
p48shjrg,284,1545,1779153818805,,/home/meliani/nni-experiments/p48shjrg,128,exp_random_1800s_local_only_local_only,hpo,/home/meliani/Desktop/phd/fast-track/search_space.json,python3 trial.py --data ./local_only.csv,/home/meliani/Desktop/phd/fast-track,1,1800s,100000000,False,False,info,/home/meliani/nni-experiments,"['LSTM', 'GRU', 'CNN', 'RNN', 'TCN', 'Transformer', 'MLP']","[16, 32, 64, 128, 256]","[1, 2, 3, 4]","[0, 0.1, 0.2, 0.3, 0.5]","['relu', 'tanh', 'sigmoid', 'elu']","[1e-05, 0.01]","[2, 3, 4, 5, 6, 7, 8, 9, 10, 11, 12, 13, 14, 15, 16, 17, 18, 19, 20, 21, 22, 23, 24, 25, 26, 27, 28, 29, 30]","[16, 32, 64, 128]","[5, 10, 15, 20]","[2, 3, 5, 7]","[2, 4, 8]",random,minimize,local
p48shjrg,285,1550,1779153818805,,/home/meliani/nni-experiments/p48shjrg,128,exp_random_1800s_local_only_local_only,hpo,/home/meliani/Desktop/phd/fast-track/search_space.json,python3 trial.py --data ./local_only.csv,/home/meliani/Desktop/phd/fast-track,1,1800s,100000000,False,False,info,/home/meliani/nni-experiments,"['LSTM', 'GRU', 'CNN', 'RNN', 'TCN', 'Transformer', 'MLP']","[16, 32, 64, 128, 256]","[1, 2, 3, 4]","[0, 0.1, 0.2, 0.3, 0.5]","['relu', 'tanh', 'sigmoid', 'elu']","[1e-05, 0.01]","[2, 3, 4, 5, 6, 7, 8, 9, 10, 11, 12, 13, 14, 15, 16, 17, 18, 19, 20, 21, 22, 23, 24, 25, 26, 27, 28, 29, 30]","[16, 32, 64, 128]","[5, 10, 15, 20]","[2, 3, 5, 7]","[2, 4, 8]",random,minimize,local
p48shjrg,286,1552,1779153818805,,/home/meliani/nni-experiments/p48shjrg,129,exp_random_1800s_local_only_local_only,hpo,/home/meliani/Desktop/phd/fast-track/search_space.json,python3 trial.py --data ./local_only.csv,/home/meliani/Desktop/phd/fast-track,1,1800s,100000000,False,False,info,/home/meliani/nni-experiments,"['LSTM', 'GRU', 'CNN', 'RNN', 'TCN', 'Transformer', 'MLP']","[16, 32, 64, 128, 256]","[1, 2, 3, 4]","[0, 0.1, 0.2, 0.3, 0.5]","['relu', 'tanh', 'sigmoid', 'elu']","[1e-05, 0.01]","[2, 3, 4, 5, 6, 7, 8, 9, 10, 11, 12, 13, 14, 15, 16, 17, 18, 19, 20, 21, 22, 23, 24, 25, 26, 27, 28, 29, 30]","[16, 32, 64, 128]","[5, 10, 15, 20]","[2, 3, 5, 7]","[2, 4, 8]",random,minimize,local
p48shjrg,287,1560,1779153818805,,/home/meliani/nni-experiments/p48shjrg,129,exp_random_1800s_local_only_local_only,hpo,/home/meliani/Desktop/phd/fast-track/search_space.json,python3 trial.py --data ./local_only.csv,/home/meliani/Desktop/phd/fast-track,1,1800s,100000000,False,False,info,/home/meliani/nni-experiments,"['LSTM', 'GRU', 'CNN', 'RNN', 'TCN', 'Transformer', 'MLP']","[16, 32, 64, 128, 256]","[1, 2, 3, 4]","[0, 0.1, 0.2, 0.3, 0.5]","['relu', 'tanh', 'sigmoid', 'elu']","[1e-05, 0.01]","[2, 3, 4, 5, 6, 7, 8, 9, 10, 11, 12, 13, 14, 15, 16, 17, 18, 19, 20, 21, 22, 23, 24, 25, 26, 27, 28, 29, 30]","[16, 32, 64, 128]","[5, 10, 15, 20]","[2, 3, 5, 7]","[2, 4, 8]",random,minimize,local
p48shjrg,288,1570,1779153818805,,/home/meliani/nni-experiments/p48shjrg,129,exp_random_1800s_local_only_local_only,hpo,/home/meliani/Desktop/phd/fast-track/search_space.json,python3 trial.py --data ./local_only.csv,/home/meliani/Desktop/phd/fast-track,1,1800s,100000000,False,False,info,/home/meliani/nni-experiments,"['LSTM', 'GRU', 'CNN', 'RNN', 'TCN', 'Transformer', 'MLP']","[16, 32, 64, 128, 256]","[1, 2, 3, 4]","[0, 0.1, 0.2, 0.3, 0.5]","['relu', 'tanh', 'sigmoid', 'elu']","[1e-05, 0.01]","[2, 3, 4, 5, 6, 7, 8, 9, 10, 11, 12, 13, 14, 15, 16, 17, 18, 19, 20, 21, 22, 23, 24, 25, 26, 27, 28, 29, 30]","[16, 32, 64, 128]","[5, 10, 15, 20]","[2, 3, 5, 7]","[2, 4, 8]",random,minimize,local
p48shjrg,289,1571,1779153818805,,/home/meliani/nni-experiments/p48shjrg,130,exp_random_1800s_local_only_local_only,hpo,/home/meliani/Desktop/phd/fast-track/search_space.json,python3 trial.py --data ./local_only.csv,/home/meliani/Desktop/phd/fast-track,1,1800s,100000000,False,False,info,/home/meliani/nni-experiments,"['LSTM', 'GRU', 'CNN', 'RNN', 'TCN', 'Transformer', 'MLP']","[16, 32, 64, 128, 256]","[1, 2, 3, 4]","[0, 0.1, 0.2, 0.3, 0.5]","['relu', 'tanh', 'sigmoid', 'elu']","[1e-05, 0.01]","[2, 3, 4, 5, 6, 7, 8, 9, 10, 11, 12, 13, 14, 15, 16, 17, 18, 19, 20, 21, 22, 23, 24, 25, 26, 27, 28, 29, 30]","[16, 32, 64, 128]","[5, 10, 15, 20]","[2, 3, 5, 7]","[2, 4, 8]",random,minimize,local
p48shjrg,290,1580,1779153818805,,/home/meliani/nni-experiments/p48shjrg,130,exp_random_1800s_local_only_local_only,hpo,/home/meliani/Desktop/phd/fast-track/search_space.json,python3 trial.py --data ./local_only.csv,/home/meliani/Desktop/phd/fast-track,1,1800s,100000000,False,False,info,/home/meliani/nni-experiments,"['LSTM', 'GRU', 'CNN', 'RNN', 'TCN', 'Transformer', 'MLP']","[16, 32, 64, 128, 256]","[1, 2, 3, 4]","[0, 0.1, 0.2, 0.3, 0.5]","['relu', 'tanh', 'sigmoid', 'elu']","[1e-05, 0.01]","[2, 3, 4, 5, 6, 7, 8, 9, 10, 11, 12, 13, 14, 15, 16, 17, 18, 19, 20, 21, 22, 23, 24, 25, 26, 27, 28, 29, 30]","[16, 32, 64, 128]","[5, 10, 15, 20]","[2, 3, 5, 7]","[2, 4, 8]",random,minimize,local
p48shjrg,291,1580,1779153818805,,/home/meliani/nni-experiments/p48shjrg,131,exp_random_1800s_local_only_local_only,hpo,/home/meliani/Desktop/phd/fast-track/search_space.json,python3 trial.py --data ./local_only.csv,/home/meliani/Desktop/phd/fast-track,1,1800s,100000000,False,False,info,/home/meliani/nni-experiments,"['LSTM', 'GRU', 'CNN', 'RNN', 'TCN', 'Transformer', 'MLP']","[16, 32, 64, 128, 256]","[1, 2, 3, 4]","[0, 0.1, 0.2, 0.3, 0.5]","['relu', 'tanh', 'sigmoid', 'elu']","[1e-05, 0.01]","[2, 3, 4, 5, 6, 7, 8, 9, 10, 11, 12, 13, 14, 15, 16, 17, 18, 19, 20, 21, 22, 23, 24, 25, 26, 27, 28, 29, 30]","[16, 32, 64, 128]","[5, 10, 15, 20]","[2, 3, 5, 7]","[2, 4, 8]",random,minimize,local
p48shjrg,292,1590,1779153818805,,/home/meliani/nni-experiments/p48shjrg,131,exp_random_1800s_local_only_local_only,hpo,/home/meliani/Desktop/phd/fast-track/search_space.json,python3 trial.py --data ./local_only.csv,/home/meliani/Desktop/phd/fast-track,1,1800s,100000000,False,False,info,/home/meliani/nni-experiments,"['LSTM', 'GRU', 'CNN', 'RNN', 'TCN', 'Transformer', 'MLP']","[16, 32, 64, 128, 256]","[1, 2, 3, 4]","[0, 0.1, 0.2, 0.3, 0.5]","['relu', 'tanh', 'sigmoid', 'elu']","[1e-05, 0.01]","[2, 3, 4, 5, 6, 7, 8, 9, 10, 11, 12, 13, 14, 15, 16, 17, 18, 19, 20, 21, 22, 23, 24, 25, 26, 27, 28, 29, 30]","[16, 32, 64, 128]","[5, 10, 15, 20]","[2, 3, 5, 7]","[2, 4, 8]",random,minimize,local
p48shjrg,293,1600,1779153818805,,/home/meliani/nni-experiments/p48shjrg,131,exp_random_1800s_local_only_local_only,hpo,/home/meliani/Desktop/phd/fast-track/search_space.json,python3 trial.py --data ./local_only.csv,/home/meliani/Desktop/phd/fast-track,1,1800s,100000000,False,False,info,/home/meliani/nni-experiments,"['LSTM', 'GRU', 'CNN', 'RNN', 'TCN', 'Transformer', 'MLP']","[16, 32, 64, 128, 256]","[1, 2, 3, 4]","[0, 0.1, 0.2, 0.3, 0.5]","['relu', 'tanh', 'sigmoid', 'elu']","[1e-05, 0.01]","[2, 3, 4, 5, 6, 7, 8, 9, 10, 11, 12, 13, 14, 15, 16, 17, 18, 19, 20, 21, 22, 23, 24, 25, 26, 27, 28, 29, 30]","[16, 32, 64, 128]","[5, 10, 15, 20]","[2, 3, 5, 7]","[2, 4, 8]",random,minimize,local
p48shjrg,294,1604,1779153818805,,/home/meliani/nni-experiments/p48shjrg,132,exp_random_1800s_local_only_local_only,hpo,/home/meliani/Desktop/phd/fast-track/search_space.json,python3 trial.py --data ./local_only.csv,/home/meliani/Desktop/phd/fast-track,1,1800s,100000000,False,False,info,/home/meliani/nni-experiments,"['LSTM', 'GRU', 'CNN', 'RNN', 'TCN', 'Transformer', 'MLP']","[16, 32, 64, 128, 256]","[1, 2, 3, 4]","[0, 0.1, 0.2, 0.3, 0.5]","['relu', 'tanh', 'sigmoid', 'elu']","[1e-05, 0.01]","[2, 3, 4, 5, 6, 7, 8, 9, 10, 11, 12, 13, 14, 15, 16, 17, 18, 19, 20, 21, 22, 23, 24, 25, 26, 27, 28, 29, 30]","[16, 32, 64, 128]","[5, 10, 15, 20]","[2, 3, 5, 7]","[2, 4, 8]",random,minimize,local
p48shjrg,295,1610,1779153818805,,/home/meliani/nni-experiments/p48shjrg,132,exp_random_1800s_local_only_local_only,hpo,/home/meliani/Desktop/phd/fast-track/search_space.json,python3 trial.py --data ./local_only.csv,/home/meliani/Desktop/phd/fast-track,1,1800s,100000000,False,False,info,/home/meliani/nni-experiments,"['LSTM', 'GRU', 'CNN', 'RNN', 'TCN', 'Transformer', 'MLP']","[16, 32, 64, 128, 256]","[1, 2, 3, 4]","[0, 0.1, 0.2, 0.3, 0.5]","['relu', 'tanh', 'sigmoid', 'elu']","[1e-05, 0.01]","[2, 3, 4, 5, 6, 7, 8, 9, 10, 11, 12, 13, 14, 15, 16, 17, 18, 19, 20, 21, 22, 23, 24, 25, 26, 27, 28, 29, 30]","[16, 32, 64, 128]","[5, 10, 15, 20]","[2, 3, 5, 7]","[2, 4, 8]",random,minimize,local
p48shjrg,296,1615,1779153818805,,/home/meliani/nni-experiments/p48shjrg,133,exp_random_1800s_local_only_local_only,hpo,/home/meliani/Desktop/phd/fast-track/search_space.json,python3 trial.py --data ./local_only.csv,/home/meliani/Desktop/phd/fast-track,1,1800s,100000000,False,False,info,/home/meliani/nni-experiments,"['LSTM', 'GRU', 'CNN', 'RNN', 'TCN', 'Transformer', 'MLP']","[16, 32, 64, 128, 256]","[1, 2, 3, 4]","[0, 0.1, 0.2, 0.3, 0.5]","['relu', 'tanh', 'sigmoid', 'elu']","[1e-05, 0.01]","[2, 3, 4, 5, 6, 7, 8, 9, 10, 11, 12, 13, 14, 15, 16, 17, 18, 19, 20, 21, 22, 23, 24, 25, 26, 27, 28, 29, 30]","[16, 32, 64, 128]","[5, 10, 15, 20]","[2, 3, 5, 7]","[2, 4, 8]",random,minimize,local
p48shjrg,297,1620,1779153818805,,/home/meliani/nni-experiments/p48shjrg,133,exp_random_1800s_local_only_local_only,hpo,/home/meliani/Desktop/phd/fast-track/search_space.json,python3 trial.py --data ./local_only.csv,/home/meliani/Desktop/phd/fast-track,1,1800s,100000000,False,False,info,/home/meliani/nni-experiments,"['LSTM', 'GRU', 'CNN', 'RNN', 'TCN', 'Transformer', 'MLP']","[16, 32, 64, 128, 256]","[1, 2, 3, 4]","[0, 0.1, 0.2, 0.3, 0.5]","['relu', 'tanh', 'sigmoid', 'elu']","[1e-05, 0.01]","[2, 3, 4, 5, 6, 7, 8, 9, 10, 11, 12, 13, 14, 15, 16, 17, 18, 19, 20, 21, 22, 23, 24, 25, 26, 27, 28, 29, 30]","[16, 32, 64, 128]","[5, 10, 15, 20]","[2, 3, 5, 7]","[2, 4, 8]",random,minimize,local
p48shjrg,298,1630,1779153818805,,/home/meliani/nni-experiments/p48shjrg,133,exp_random_1800s_local_only_local_only,hpo,/home/meliani/Desktop/phd/fast-track/search_space.json,python3 trial.py --data ./local_only.csv,/home/meliani/Desktop/phd/fast-track,1,1800s,100000000,False,False,info,/home/meliani/nni-experiments,"['LSTM', 'GRU', 'CNN', 'RNN', 'TCN', 'Transformer', 'MLP']","[16, 32, 64, 128, 256]","[1, 2, 3, 4]","[0, 0.1, 0.2, 0.3, 0.5]","['relu', 'tanh', 'sigmoid', 'elu']","[1e-05, 0.01]","[2, 3, 4, 5, 6, 7, 8, 9, 10, 11, 12, 13, 14, 15, 16, 17, 18, 19, 20, 21, 22, 23, 24, 25, 26, 27, 28, 29, 30]","[16, 32, 64, 128]","[5, 10, 15, 20]","[2, 3, 5, 7]","[2, 4, 8]",random,minimize,local
p48shjrg,299,1634,1779153818805,,/home/meliani/nni-experiments/p48shjrg,134,exp_random_1800s_local_only_local_only,hpo,/home/meliani/Desktop/phd/fast-track/search_space.json,python3 trial.py --data ./local_only.csv,/home/meliani/Desktop/phd/fast-track,1,1800s,100000000,False,False,info,/home/meliani/nni-experiments,"['LSTM', 'GRU', 'CNN', 'RNN', 'TCN', 'Transformer', 'MLP']","[16, 32, 64, 128, 256]","[1, 2, 3, 4]","[0, 0.1, 0.2, 0.3, 0.5]","['relu', 'tanh', 'sigmoid', 'elu']","[1e-05, 0.01]","[2, 3, 4, 5, 6, 7, 8, 9, 10, 11, 12, 13, 14, 15, 16, 17, 18, 19, 20, 21, 22, 23, 24, 25, 26, 27, 28, 29, 30]","[16, 32, 64, 128]","[5, 10, 15, 20]","[2, 3, 5, 7]","[2, 4, 8]",random,minimize,local
p48shjrg,300,1640,1779153818805,,/home/meliani/nni-experiments/p48shjrg,134,exp_random_1800s_local_only_local_only,hpo,/home/meliani/Desktop/phd/fast-track/search_space.json,python3 trial.py --data ./local_only.csv,/home/meliani/Desktop/phd/fast-track,1,1800s,100000000,False,False,info,/home/meliani/nni-experiments,"['LSTM', 'GRU', 'CNN', 'RNN', 'TCN', 'Transformer', 'MLP']","[16, 32, 64, 128, 256]","[1, 2, 3, 4]","[0, 0.1, 0.2, 0.3, 0.5]","['relu', 'tanh', 'sigmoid', 'elu']","[1e-05, 0.01]","[2, 3, 4, 5, 6, 7, 8, 9, 10, 11, 12, 13, 14, 15, 16, 17, 18, 19, 20, 21, 22, 23, 24, 25, 26, 27, 28, 29, 30]","[16, 32, 64, 128]","[5, 10, 15, 20]","[2, 3, 5, 7]","[2, 4, 8]",random,minimize,local
p48shjrg,301,1642,1779153818805,,/home/meliani/nni-experiments/p48shjrg,135,exp_random_1800s_local_only_local_only,hpo,/home/meliani/Desktop/phd/fast-track/search_space.json,python3 trial.py --data ./local_only.csv,/home/meliani/Desktop/phd/fast-track,1,1800s,100000000,False,False,info,/home/meliani/nni-experiments,"['LSTM', 'GRU', 'CNN', 'RNN', 'TCN', 'Transformer', 'MLP']","[16, 32, 64, 128, 256]","[1, 2, 3, 4]","[0, 0.1, 0.2, 0.3, 0.5]","['relu', 'tanh', 'sigmoid', 'elu']","[1e-05, 0.01]","[2, 3, 4, 5, 6, 7, 8, 9, 10, 11, 12, 13, 14, 15, 16, 17, 18, 19, 20, 21, 22, 23, 24, 25, 26, 27, 28, 29, 30]","[16, 32, 64, 128]","[5, 10, 15, 20]","[2, 3, 5, 7]","[2, 4, 8]",random,minimize,local
p48shjrg,302,1648,1779153818805,,/home/meliani/nni-experiments/p48shjrg,136,exp_random_1800s_local_only_local_only,hpo,/home/meliani/Desktop/phd/fast-track/search_space.json,python3 trial.py --data ./local_only.csv,/home/meliani/Desktop/phd/fast-track,1,1800s,100000000,False,False,info,/home/meliani/nni-experiments,"['LSTM', 'GRU', 'CNN', 'RNN', 'TCN', 'Transformer', 'MLP']","[16, 32, 64, 128, 256]","[1, 2, 3, 4]","[0, 0.1, 0.2, 0.3, 0.5]","['relu', 'tanh', 'sigmoid', 'elu']","[1e-05, 0.01]","[2, 3, 4, 5, 6, 7, 8, 9, 10, 11, 12, 13, 14, 15, 16, 17, 18, 19, 20, 21, 22, 23, 24, 25, 26, 27, 28, 29, 30]","[16, 32, 64, 128]","[5, 10, 15, 20]","[2, 3, 5, 7]","[2, 4, 8]",random,minimize,local
p48shjrg,303,1650,1779153818805,,/home/meliani/nni-experiments/p48shjrg,136,exp_random_1800s_local_only_local_only,hpo,/home/meliani/Desktop/phd/fast-track/search_space.json,python3 trial.py --data ./local_only.csv,/home/meliani/Desktop/phd/fast-track,1,1800s,100000000,False,False,info,/home/meliani/nni-experiments,"['LSTM', 'GRU', 'CNN', 'RNN', 'TCN', 'Transformer', 'MLP']","[16, 32, 64, 128, 256]","[1, 2, 3, 4]","[0, 0.1, 0.2, 0.3, 0.5]","['relu', 'tanh', 'sigmoid', 'elu']","[1e-05, 0.01]","[2, 3, 4, 5, 6, 7, 8, 9, 10, 11, 12, 13, 14, 15, 16, 17, 18, 19, 20, 21, 22, 23, 24, 25, 26, 27, 28, 29, 30]","[16, 32, 64, 128]","[5, 10, 15, 20]","[2, 3, 5, 7]","[2, 4, 8]",random,minimize,local
p48shjrg,304,1658,1779153818805,,/home/meliani/nni-experiments/p48shjrg,137,exp_random_1800s_local_only_local_only,hpo,/home/meliani/Desktop/phd/fast-track/search_space.json,python3 trial.py --data ./local_only.csv,/home/meliani/Desktop/phd/fast-track,1,1800s,100000000,False,False,info,/home/meliani/nni-experiments,"['LSTM', 'GRU', 'CNN', 'RNN', 'TCN', 'Transformer', 'MLP']","[16, 32, 64, 128, 256]","[1, 2, 3, 4]","[0, 0.1, 0.2, 0.3, 0.5]","['relu', 'tanh', 'sigmoid', 'elu']","[1e-05, 0.01]","[2, 3, 4, 5, 6, 7, 8, 9, 10, 11, 12, 13, 14, 15, 16, 17, 18, 19, 20, 21, 22, 23, 24, 25, 26, 27, 28, 29, 30]","[16, 32, 64, 128]","[5, 10, 15, 20]","[2, 3, 5, 7]","[2, 4, 8]",random,minimize,local
p48shjrg,305,1660,1779153818805,,/home/meliani/nni-experiments/p48shjrg,137,exp_random_1800s_local_only_local_only,hpo,/home/meliani/Desktop/phd/fast-track/search_space.json,python3 trial.py --data ./local_only.csv,/home/meliani/Desktop/phd/fast-track,1,1800s,100000000,False,False,info,/home/meliani/nni-experiments,"['LSTM', 'GRU', 'CNN', 'RNN', 'TCN', 'Transformer', 'MLP']","[16, 32, 64, 128, 256]","[1, 2, 3, 4]","[0, 0.1, 0.2, 0.3, 0.5]","['relu', 'tanh', 'sigmoid', 'elu']","[1e-05, 0.01]","[2, 3, 4, 5, 6, 7, 8, 9, 10, 11, 12, 13, 14, 15, 16, 17, 18, 19, 20, 21, 22, 23, 24, 25, 26, 27, 28, 29, 30]","[16, 32, 64, 128]","[5, 10, 15, 20]","[2, 3, 5, 7]","[2, 4, 8]",random,minimize,local
p48shjrg,306,1665,1779153818805,,/home/meliani/nni-experiments/p48shjrg,138,exp_random_1800s_local_only_local_only,hpo,/home/meliani/Desktop/phd/fast-track/search_space.json,python3 trial.py --data ./local_only.csv,/home/meliani/Desktop/phd/fast-track,1,1800s,100000000,False,False,info,/home/meliani/nni-experiments,"['LSTM', 'GRU', 'CNN', 'RNN', 'TCN', 'Transformer', 'MLP']","[16, 32, 64, 128, 256]","[1, 2, 3, 4]","[0, 0.1, 0.2, 0.3, 0.5]","['relu', 'tanh', 'sigmoid', 'elu']","[1e-05, 0.01]","[2, 3, 4, 5, 6, 7, 8, 9, 10, 11, 12, 13, 14, 15, 16, 17, 18, 19, 20, 21, 22, 23, 24, 25, 26, 27, 28, 29, 30]","[16, 32, 64, 128]","[5, 10, 15, 20]","[2, 3, 5, 7]","[2, 4, 8]",random,minimize,local
p48shjrg,307,1670,1779153818805,,/home/meliani/nni-experiments/p48shjrg,138,exp_random_1800s_local_only_local_only,hpo,/home/meliani/Desktop/phd/fast-track/search_space.json,python3 trial.py --data ./local_only.csv,/home/meliani/Desktop/phd/fast-track,1,1800s,100000000,False,False,info,/home/meliani/nni-experiments,"['LSTM', 'GRU', 'CNN', 'RNN', 'TCN', 'Transformer', 'MLP']","[16, 32, 64, 128, 256]","[1, 2, 3, 4]","[0, 0.1, 0.2, 0.3, 0.5]","['relu', 'tanh', 'sigmoid', 'elu']","[1e-05, 0.01]","[2, 3, 4, 5, 6, 7, 8, 9, 10, 11, 12, 13, 14, 15, 16, 17, 18, 19, 20, 21, 22, 23, 24, 25, 26, 27, 28, 29, 30]","[16, 32, 64, 128]","[5, 10, 15, 20]","[2, 3, 5, 7]","[2, 4, 8]",random,minimize,local
p48shjrg,308,1672,1779153818805,,/home/meliani/nni-experiments/p48shjrg,139,exp_random_1800s_local_only_local_only,hpo,/home/meliani/Desktop/phd/fast-track/search_space.json,python3 trial.py --data ./local_only.csv,/home/meliani/Desktop/phd/fast-track,1,1800s,100000000,False,False,info,/home/meliani/nni-experiments,"['LSTM', 'GRU', 'CNN', 'RNN', 'TCN', 'Transformer', 'MLP']","[16, 32, 64, 128, 256]","[1, 2, 3, 4]","[0, 0.1, 0.2, 0.3, 0.5]","['relu', 'tanh', 'sigmoid', 'elu']","[1e-05, 0.01]","[2, 3, 4, 5, 6, 7, 8, 9, 10, 11, 12, 13, 14, 15, 16, 17, 18, 19, 20, 21, 22, 23, 24, 25, 26, 27, 28, 29, 30]","[16, 32, 64, 128]","[5, 10, 15, 20]","[2, 3, 5, 7]","[2, 4, 8]",random,minimize,local
p48shjrg,309,1678,1779153818805,,/home/meliani/nni-experiments/p48shjrg,140,exp_random_1800s_local_only_local_only,hpo,/home/meliani/Desktop/phd/fast-track/search_space.json,python3 trial.py --data ./local_only.csv,/home/meliani/Desktop/phd/fast-track,1,1800s,100000000,False,False,info,/home/meliani/nni-experiments,"['LSTM', 'GRU', 'CNN', 'RNN', 'TCN', 'Transformer', 'MLP']","[16, 32, 64, 128, 256]","[1, 2, 3, 4]","[0, 0.1, 0.2, 0.3, 0.5]","['relu', 'tanh', 'sigmoid', 'elu']","[1e-05, 0.01]","[2, 3, 4, 5, 6, 7, 8, 9, 10, 11, 12, 13, 14, 15, 16, 17, 18, 19, 20, 21, 22, 23, 24, 25, 26, 27, 28, 29, 30]","[16, 32, 64, 128]","[5, 10, 15, 20]","[2, 3, 5, 7]","[2, 4, 8]",random,minimize,local
p48shjrg,310,1680,1779153818805,,/home/meliani/nni-experiments/p48shjrg,140,exp_random_1800s_local_only_local_only,hpo,/home/meliani/Desktop/phd/fast-track/search_space.json,python3 trial.py --data ./local_only.csv,/home/meliani/Desktop/phd/fast-track,1,1800s,100000000,False,False,info,/home/meliani/nni-experiments,"['LSTM', 'GRU', 'CNN', 'RNN', 'TCN', 'Transformer', 'MLP']","[16, 32, 64, 128, 256]","[1, 2, 3, 4]","[0, 0.1, 0.2, 0.3, 0.5]","['relu', 'tanh', 'sigmoid', 'elu']","[1e-05, 0.01]","[2, 3, 4, 5, 6, 7, 8, 9, 10, 11, 12, 13, 14, 15, 16, 17, 18, 19, 20, 21, 22, 23, 24, 25, 26, 27, 28, 29, 30]","[16, 32, 64, 128]","[5, 10, 15, 20]","[2, 3, 5, 7]","[2, 4, 8]",random,minimize,local
p48shjrg,311,1686,1779153818805,,/home/meliani/nni-experiments/p48shjrg,141,exp_random_1800s_local_only_local_only,hpo,/home/meliani/Desktop/phd/fast-track/search_space.json,python3 trial.py --data ./local_only.csv,/home/meliani/Desktop/phd/fast-track,1,1800s,100000000,False,False,info,/home/meliani/nni-experiments,"['LSTM', 'GRU', 'CNN', 'RNN', 'TCN', 'Transformer', 'MLP']","[16, 32, 64, 128, 256]","[1, 2, 3, 4]","[0, 0.1, 0.2, 0.3, 0.5]","['relu', 'tanh', 'sigmoid', 'elu']","[1e-05, 0.01]","[2, 3, 4, 5, 6, 7, 8, 9, 10, 11, 12, 13, 14, 15, 16, 17, 18, 19, 20, 21, 22, 23, 24, 25, 26, 27, 28, 29, 30]","[16, 32, 64, 128]","[5, 10, 15, 20]","[2, 3, 5, 7]","[2, 4, 8]",random,minimize,local
p48shjrg,312,1690,1779153818805,,/home/meliani/nni-experiments/p48shjrg,141,exp_random_1800s_local_only_local_only,hpo,/home/meliani/Desktop/phd/fast-track/search_space.json,python3 trial.py --data ./local_only.csv,/home/meliani/Desktop/phd/fast-track,1,1800s,100000000,False,False,info,/home/meliani/nni-experiments,"['LSTM', 'GRU', 'CNN', 'RNN', 'TCN', 'Transformer', 'MLP']","[16, 32, 64, 128, 256]","[1, 2, 3, 4]","[0, 0.1, 0.2, 0.3, 0.5]","['relu', 'tanh', 'sigmoid', 'elu']","[1e-05, 0.01]","[2, 3, 4, 5, 6, 7, 8, 9, 10, 11, 12, 13, 14, 15, 16, 17, 18, 19, 20, 21, 22, 23, 24, 25, 26, 27, 28, 29, 30]","[16, 32, 64, 128]","[5, 10, 15, 20]","[2, 3, 5, 7]","[2, 4, 8]",random,minimize,local
p48shjrg,313,1700,1779153818805,,/home/meliani/nni-experiments/p48shjrg,141,exp_random_1800s_local_only_local_only,hpo,/home/meliani/Desktop/phd/fast-track/search_space.json,python3 trial.py --data ./local_only.csv,/home/meliani/Desktop/phd/fast-track,1,1800s,100000000,False,False,info,/home/meliani/nni-experiments,"['LSTM', 'GRU', 'CNN', 'RNN', 'TCN', 'Transformer', 'MLP']","[16, 32, 64, 128, 256]","[1, 2, 3, 4]","[0, 0.1, 0.2, 0.3, 0.5]","['relu', 'tanh', 'sigmoid', 'elu']","[1e-05, 0.01]","[2, 3, 4, 5, 6, 7, 8, 9, 10, 11, 12, 13, 14, 15, 16, 17, 18, 19, 20, 21, 22, 23, 24, 25, 26, 27, 28, 29, 30]","[16, 32, 64, 128]","[5, 10, 15, 20]","[2, 3, 5, 7]","[2, 4, 8]",random,minimize,local
p48shjrg,314,1710,1779153818805,,/home/meliani/nni-experiments/p48shjrg,141,exp_random_1800s_local_only_local_only,hpo,/home/meliani/Desktop/phd/fast-track/search_space.json,python3 trial.py --data ./local_only.csv,/home/meliani/Desktop/phd/fast-track,1,1800s,100000000,False,False,info,/home/meliani/nni-experiments,"['LSTM', 'GRU', 'CNN', 'RNN', 'TCN', 'Transformer', 'MLP']","[16, 32, 64, 128, 256]","[1, 2, 3, 4]","[0, 0.1, 0.2, 0.3, 0.5]","['relu', 'tanh', 'sigmoid', 'elu']","[1e-05, 0.01]","[2, 3, 4, 5, 6, 7, 8, 9, 10, 11, 12, 13, 14, 15, 16, 17, 18, 19, 20, 21, 22, 23, 24, 25, 26, 27, 28, 29, 30]","[16, 32, 64, 128]","[5, 10, 15, 20]","[2, 3, 5, 7]","[2, 4, 8]",random,minimize,local
p48shjrg,315,1714,1779153818805,,/home/meliani/nni-experiments/p48shjrg,142,exp_random_1800s_local_only_local_only,hpo,/home/meliani/Desktop/phd/fast-track/search_space.json,python3 trial.py --data ./local_only.csv,/home/meliani/Desktop/phd/fast-track,1,1800s,100000000,False,False,info,/home/meliani/nni-experiments,"['LSTM', 'GRU', 'CNN', 'RNN', 'TCN', 'Transformer', 'MLP']","[16, 32, 64, 128, 256]","[1, 2, 3, 4]","[0, 0.1, 0.2, 0.3, 0.5]","['relu', 'tanh', 'sigmoid', 'elu']","[1e-05, 0.01]","[2, 3, 4, 5, 6, 7, 8, 9, 10, 11, 12, 13, 14, 15, 16, 17, 18, 19, 20, 21, 22, 23, 24, 25, 26, 27, 28, 29, 30]","[16, 32, 64, 128]","[5, 10, 15, 20]","[2, 3, 5, 7]","[2, 4, 8]",random,minimize,local
p48shjrg,316,1720,1779153818805,,/home/meliani/nni-experiments/p48shjrg,142,exp_random_1800s_local_only_local_only,hpo,/home/meliani/Desktop/phd/fast-track/search_space.json,python3 trial.py --data ./local_only.csv,/home/meliani/Desktop/phd/fast-track,1,1800s,100000000,False,False,info,/home/meliani/nni-experiments,"['LSTM', 'GRU', 'CNN', 'RNN', 'TCN', 'Transformer', 'MLP']","[16, 32, 64, 128, 256]","[1, 2, 3, 4]","[0, 0.1, 0.2, 0.3, 0.5]","['relu', 'tanh', 'sigmoid', 'elu']","[1e-05, 0.01]","[2, 3, 4, 5, 6, 7, 8, 9, 10, 11, 12, 13, 14, 15, 16, 17, 18, 19, 20, 21, 22, 23, 24, 25, 26, 27, 28, 29, 30]","[16, 32, 64, 128]","[5, 10, 15, 20]","[2, 3, 5, 7]","[2, 4, 8]",random,minimize,local
p48shjrg,317,1721,1779153818805,,/home/meliani/nni-experiments/p48shjrg,143,exp_random_1800s_local_only_local_only,hpo,/home/meliani/Desktop/phd/fast-track/search_space.json,python3 trial.py --data ./local_only.csv,/home/meliani/Desktop/phd/fast-track,1,1800s,100000000,False,False,info,/home/meliani/nni-experiments,"['LSTM', 'GRU', 'CNN', 'RNN', 'TCN', 'Transformer', 'MLP']","[16, 32, 64, 128, 256]","[1, 2, 3, 4]","[0, 0.1, 0.2, 0.3, 0.5]","['relu', 'tanh', 'sigmoid', 'elu']","[1e-05, 0.01]","[2, 3, 4, 5, 6, 7, 8, 9, 10, 11, 12, 13, 14, 15, 16, 17, 18, 19, 20, 21, 22, 23, 24, 25, 26, 27, 28, 29, 30]","[16, 32, 64, 128]","[5, 10, 15, 20]","[2, 3, 5, 7]","[2, 4, 8]",random,minimize,local
p48shjrg,318,1727,1779153818805,,/home/meliani/nni-experiments/p48shjrg,144,exp_random_1800s_local_only_local_only,hpo,/home/meliani/Desktop/phd/fast-track/search_space.json,python3 trial.py --data ./local_only.csv,/home/meliani/Desktop/phd/fast-track,1,1800s,100000000,False,False,info,/home/meliani/nni-experiments,"['LSTM', 'GRU', 'CNN', 'RNN', 'TCN', 'Transformer', 'MLP']","[16, 32, 64, 128, 256]","[1, 2, 3, 4]","[0, 0.1, 0.2, 0.3, 0.5]","['relu', 'tanh', 'sigmoid', 'elu']","[1e-05, 0.01]","[2, 3, 4, 5, 6, 7, 8, 9, 10, 11, 12, 13, 14, 15, 16, 17, 18, 19, 20, 21, 22, 23, 24, 25, 26, 27, 28, 29, 30]","[16, 32, 64, 128]","[5, 10, 15, 20]","[2, 3, 5, 7]","[2, 4, 8]",random,minimize,local
p48shjrg,319,1730,1779153818805,,/home/meliani/nni-experiments/p48shjrg,144,exp_random_1800s_local_only_local_only,hpo,/home/meliani/Desktop/phd/fast-track/search_space.json,python3 trial.py --data ./local_only.csv,/home/meliani/Desktop/phd/fast-track,1,1800s,100000000,False,False,info,/home/meliani/nni-experiments,"['LSTM', 'GRU', 'CNN', 'RNN', 'TCN', 'Transformer', 'MLP']","[16, 32, 64, 128, 256]","[1, 2, 3, 4]","[0, 0.1, 0.2, 0.3, 0.5]","['relu', 'tanh', 'sigmoid', 'elu']","[1e-05, 0.01]","[2, 3, 4, 5, 6, 7, 8, 9, 10, 11, 12, 13, 14, 15, 16, 17, 18, 19, 20, 21, 22, 23, 24, 25, 26, 27, 28, 29, 30]","[16, 32, 64, 128]","[5, 10, 15, 20]","[2, 3, 5, 7]","[2, 4, 8]",random,minimize,local
p48shjrg,320,1734,1779153818805,,/home/meliani/nni-experiments/p48shjrg,145,exp_random_1800s_local_only_local_only,hpo,/home/meliani/Desktop/phd/fast-track/search_space.json,python3 trial.py --data ./local_only.csv,/home/meliani/Desktop/phd/fast-track,1,1800s,100000000,False,False,info,/home/meliani/nni-experiments,"['LSTM', 'GRU', 'CNN', 'RNN', 'TCN', 'Transformer', 'MLP']","[16, 32, 64, 128, 256]","[1, 2, 3, 4]","[0, 0.1, 0.2, 0.3, 0.5]","['relu', 'tanh', 'sigmoid', 'elu']","[1e-05, 0.01]","[2, 3, 4, 5, 6, 7, 8, 9, 10, 11, 12, 13, 14, 15, 16, 17, 18, 19, 20, 21, 22, 23, 24, 25, 26, 27, 28, 29, 30]","[16, 32, 64, 128]","[5, 10, 15, 20]","[2, 3, 5, 7]","[2, 4, 8]",random,minimize,local
p48shjrg,321,1740,1779153818805,,/home/meliani/nni-experiments/p48shjrg,145,exp_random_1800s_local_only_local_only,hpo,/home/meliani/Desktop/phd/fast-track/search_space.json,python3 trial.py --data ./local_only.csv,/home/meliani/Desktop/phd/fast-track,1,1800s,100000000,False,False,info,/home/meliani/nni-experiments,"['LSTM', 'GRU', 'CNN', 'RNN', 'TCN', 'Transformer', 'MLP']","[16, 32, 64, 128, 256]","[1, 2, 3, 4]","[0, 0.1, 0.2, 0.3, 0.5]","['relu', 'tanh', 'sigmoid', 'elu']","[1e-05, 0.01]","[2, 3, 4, 5, 6, 7, 8, 9, 10, 11, 12, 13, 14, 15, 16, 17, 18, 19, 20, 21, 22, 23, 24, 25, 26, 27, 28, 29, 30]","[16, 32, 64, 128]","[5, 10, 15, 20]","[2, 3, 5, 7]","[2, 4, 8]",random,minimize,local
p48shjrg,322,1750,1779153818805,,/home/meliani/nni-experiments/p48shjrg,145,exp_random_1800s_local_only_local_only,hpo,/home/meliani/Desktop/phd/fast-track/search_space.json,python3 trial.py --data ./local_only.csv,/home/meliani/Desktop/phd/fast-track,1,1800s,100000000,False,False,info,/home/meliani/nni-experiments,"['LSTM', 'GRU', 'CNN', 'RNN', 'TCN', 'Transformer', 'MLP']","[16, 32, 64, 128, 256]","[1, 2, 3, 4]","[0, 0.1, 0.2, 0.3, 0.5]","['relu', 'tanh', 'sigmoid', 'elu']","[1e-05, 0.01]","[2, 3, 4, 5, 6, 7, 8, 9, 10, 11, 12, 13, 14, 15, 16, 17, 18, 19, 20, 21, 22, 23, 24, 25, 26, 27, 28, 29, 30]","[16, 32, 64, 128]","[5, 10, 15, 20]","[2, 3, 5, 7]","[2, 4, 8]",random,minimize,local
p48shjrg,323,1750,1779153818805,,/home/meliani/nni-experiments/p48shjrg,146,exp_random_1800s_local_only_local_only,hpo,/home/meliani/Desktop/phd/fast-track/search_space.json,python3 trial.py --data ./local_only.csv,/home/meliani/Desktop/phd/fast-track,1,1800s,100000000,False,False,info,/home/meliani/nni-experiments,"['LSTM', 'GRU', 'CNN', 'RNN', 'TCN', 'Transformer', 'MLP']","[16, 32, 64, 128, 256]","[1, 2, 3, 4]","[0, 0.1, 0.2, 0.3, 0.5]","['relu', 'tanh', 'sigmoid', 'elu']","[1e-05, 0.01]","[2, 3, 4, 5, 6, 7, 8, 9, 10, 11, 12, 13, 14, 15, 16, 17, 18, 19, 20, 21, 22, 23, 24, 25, 26, 27, 28, 29, 30]","[16, 32, 64, 128]","[5, 10, 15, 20]","[2, 3, 5, 7]","[2, 4, 8]",random,minimize,local
p48shjrg,324,1760,1779153818805,,/home/meliani/nni-experiments/p48shjrg,146,exp_random_1800s_local_only_local_only,hpo,/home/meliani/Desktop/phd/fast-track/search_space.json,python3 trial.py --data ./local_only.csv,/home/meliani/Desktop/phd/fast-track,1,1800s,100000000,False,False,info,/home/meliani/nni-experiments,"['LSTM', 'GRU', 'CNN', 'RNN', 'TCN', 'Transformer', 'MLP']","[16, 32, 64, 128, 256]","[1, 2, 3, 4]","[0, 0.1, 0.2, 0.3, 0.5]","['relu', 'tanh', 'sigmoid', 'elu']","[1e-05, 0.01]","[2, 3, 4, 5, 6, 7, 8, 9, 10, 11, 12, 13, 14, 15, 16, 17, 18, 19, 20, 21, 22, 23, 24, 25, 26, 27, 28, 29, 30]","[16, 32, 64, 128]","[5, 10, 15, 20]","[2, 3, 5, 7]","[2, 4, 8]",random,minimize,local
p48shjrg,325,1766,1779153818805,,/home/meliani/nni-experiments/p48shjrg,147,exp_random_1800s_local_only_local_only,hpo,/home/meliani/Desktop/phd/fast-track/search_space.json,python3 trial.py --data ./local_only.csv,/home/meliani/Desktop/phd/fast-track,1,1800s,100000000,False,False,info,/home/meliani/nni-experiments,"['LSTM', 'GRU', 'CNN', 'RNN', 'TCN', 'Transformer', 'MLP']","[16, 32, 64, 128, 256]","[1, 2, 3, 4]","[0, 0.1, 0.2, 0.3, 0.5]","['relu', 'tanh', 'sigmoid', 'elu']","[1e-05, 0.01]","[2, 3, 4, 5, 6, 7, 8, 9, 10, 11, 12, 13, 14, 15, 16, 17, 18, 19, 20, 21, 22, 23, 24, 25, 26, 27, 28, 29, 30]","[16, 32, 64, 128]","[5, 10, 15, 20]","[2, 3, 5, 7]","[2, 4, 8]",random,minimize,local
p48shjrg,326,1770,1779153818805,,/home/meliani/nni-experiments/p48shjrg,147,exp_random_1800s_local_only_local_only,hpo,/home/meliani/Desktop/phd/fast-track/search_space.json,python3 trial.py --data ./local_only.csv,/home/meliani/Desktop/phd/fast-track,1,1800s,100000000,False,False,info,/home/meliani/nni-experiments,"['LSTM', 'GRU', 'CNN', 'RNN', 'TCN', 'Transformer', 'MLP']","[16, 32, 64, 128, 256]","[1, 2, 3, 4]","[0, 0.1, 0.2, 0.3, 0.5]","['relu', 'tanh', 'sigmoid', 'elu']","[1e-05, 0.01]","[2, 3, 4, 5, 6, 7, 8, 9, 10, 11, 12, 13, 14, 15, 16, 17, 18, 19, 20, 21, 22, 23, 24, 25, 26, 27, 28, 29, 30]","[16, 32, 64, 128]","[5, 10, 15, 20]","[2, 3, 5, 7]","[2, 4, 8]",random,minimize,local
p48shjrg,327,1780,1779153818805,,/home/meliani/nni-experiments/p48shjrg,147,exp_random_1800s_local_only_local_only,hpo,/home/meliani/Desktop/phd/fast-track/search_space.json,python3 trial.py --data ./local_only.csv,/home/meliani/Desktop/phd/fast-track,1,1800s,100000000,False,False,info,/home/meliani/nni-experiments,"['LSTM', 'GRU', 'CNN', 'RNN', 'TCN', 'Transformer', 'MLP']","[16, 32, 64, 128, 256]","[1, 2, 3, 4]","[0, 0.1, 0.2, 0.3, 0.5]","['relu', 'tanh', 'sigmoid', 'elu']","[1e-05, 0.01]","[2, 3, 4, 5, 6, 7, 8, 9, 10, 11, 12, 13, 14, 15, 16, 17, 18, 19, 20, 21, 22, 23, 24, 25, 26, 27, 28, 29, 30]","[16, 32, 64, 128]","[5, 10, 15, 20]","[2, 3, 5, 7]","[2, 4, 8]",random,minimize,local
p48shjrg,328,1782,1779153818805,,/home/meliani/nni-experiments/p48shjrg,148,exp_random_1800s_local_only_local_only,hpo,/home/meliani/Desktop/phd/fast-track/search_space.json,python3 trial.py --data ./local_only.csv,/home/meliani/Desktop/phd/fast-track,1,1800s,100000000,False,False,info,/home/meliani/nni-experiments,"['LSTM', 'GRU', 'CNN', 'RNN', 'TCN', 'Transformer', 'MLP']","[16, 32, 64, 128, 256]","[1, 2, 3, 4]","[0, 0.1, 0.2, 0.3, 0.5]","['relu', 'tanh', 'sigmoid', 'elu']","[1e-05, 0.01]","[2, 3, 4, 5, 6, 7, 8, 9, 10, 11, 12, 13, 14, 15, 16, 17, 18, 19, 20, 21, 22, 23, 24, 25, 26, 27, 28, 29, 30]","[16, 32, 64, 128]","[5, 10, 15, 20]","[2, 3, 5, 7]","[2, 4, 8]",random,minimize,local
p48shjrg,329,1790,1779153818805,,/home/meliani/nni-experiments/p48shjrg,148,exp_random_1800s_local_only_local_only,hpo,/home/meliani/Desktop/phd/fast-track/search_space.json,python3 trial.py --data ./local_only.csv,/home/meliani/Desktop/phd/fast-track,1,1800s,100000000,False,False,info,/home/meliani/nni-experiments,"['LSTM', 'GRU', 'CNN', 'RNN', 'TCN', 'Transformer', 'MLP']","[16, 32, 64, 128, 256]","[1, 2, 3, 4]","[0, 0.1, 0.2, 0.3, 0.5]","['relu', 'tanh', 'sigmoid', 'elu']","[1e-05, 0.01]","[2, 3, 4, 5, 6, 7, 8, 9, 10, 11, 12, 13, 14, 15, 16, 17, 18, 19, 20, 21, 22, 23, 24, 25, 26, 27, 28, 29, 30]","[16, 32, 64, 128]","[5, 10, 15, 20]","[2, 3, 5, 7]","[2, 4, 8]",random,minimize,local
p48shjrg,330,1798,1779153818805,,/home/meliani/nni-experiments/p48shjrg,149,exp_random_1800s_local_only_local_only,hpo,/home/meliani/Desktop/phd/fast-track/search_space.json,python3 trial.py --data ./local_only.csv,/home/meliani/Desktop/phd/fast-track,1,1800s,100000000,False,False,info,/home/meliani/nni-experiments,"['LSTM', 'GRU', 'CNN', 'RNN', 'TCN', 'Transformer', 'MLP']","[16, 32, 64, 128, 256]","[1, 2, 3, 4]","[0, 0.1, 0.2, 0.3, 0.5]","['relu', 'tanh', 'sigmoid', 'elu']","[1e-05, 0.01]","[2, 3, 4, 5, 6, 7, 8, 9, 10, 11, 12, 13, 14, 15, 16, 17, 18, 19, 20, 21, 22, 23, 24, 25, 26, 27, 28, 29, 30]","[16, 32, 64, 128]","[5, 10, 15, 20]","[2, 3, 5, 7]","[2, 4, 8]",random,minimize,local
p48shjrg,331,1800,1779153818805,,/home/meliani/nni-experiments/p48shjrg,149,exp_random_1800s_local_only_local_only,hpo,/home/meliani/Desktop/phd/fast-track/search_space.json,python3 trial.py --data ./local_only.csv,/home/meliani/Desktop/phd/fast-track,1,1800s,100000000,False,False,info,/home/meliani/nni-experiments,"['LSTM', 'GRU', 'CNN', 'RNN', 'TCN', 'Transformer', 'MLP']","[16, 32, 64, 128, 256]","[1, 2, 3, 4]","[0, 0.1, 0.2, 0.3, 0.5]","['relu', 'tanh', 'sigmoid', 'elu']","[1e-05, 0.01]","[2, 3, 4, 5, 6, 7, 8, 9, 10, 11, 12, 13, 14, 15, 16, 17, 18, 19, 20, 21, 22, 23, 24, 25, 26, 27, 28, 29, 30]","[16, 32, 64, 128]","[5, 10, 15, 20]","[2, 3, 5, 7]","[2, 4, 8]",random,minimize,local
p48shjrg,332,1809,1779153818805,1779155634872,/home/meliani/nni-experiments/p48shjrg,149,exp_random_1800s_local_only_local_only,hpo,/home/meliani/Desktop/phd/fast-track/search_space.json,python3 trial.py --data ./local_only.csv,/home/meliani/Desktop/phd/fast-track,1,1800s,100000000,False,False,info,/home/meliani/nni-experiments,"['LSTM', 'GRU', 'CNN', 'RNN', 'TCN', 'Transformer', 'MLP']","[16, 32, 64, 128, 256]","[1, 2, 3, 4]","[0, 0.1, 0.2, 0.3, 0.5]","['relu', 'tanh', 'sigmoid', 'elu']","[1e-05, 0.01]","[2, 3, 4, 5, 6, 7, 8, 9, 10, 11, 12, 13, 14, 15, 16, 17, 18, 19, 20, 21, 22, 23, 24, 25, 26, 27, 28, 29, 30]","[16, 32, 64, 128]","[5, 10, 15, 20]","[2, 3, 5, 7]","[2, 4, 8]",random,minimize,local
