experiment_id,trial_id,status,start_time,end_time,working_directory,exit_code,experiment_name,experiment_type,search_space_file,trial_command,trial_code_directory,trial_concurrency,max_duration,max_trials,use_annotation,debug_mode,log_level,exp_working_dir,model_types,unit_values,layer_counts,dropout_rates,activations,learning_rate_range,window_sizes,batch_sizes,epoch_options,kernel_sizes,attention_heads,tuner_name,optimize_mode,training_platform
t2gnay50,1,0,1779194890767,,/home/meliani/nni-experiments/t2gnay50,0,exp_evolution_50_ali_only_ali_only,hpo,/home/meliani/Desktop/phd/fast-track/search_space.json,python3 trial.py --data ./ali_only.csv,/home/meliani/Desktop/phd/fast-track,1,360000s,50,False,False,info,/home/meliani/nni-experiments,"['LSTM', 'GRU', 'CNN', 'RNN', 'TCN', 'Transformer', 'MLP']","[16, 32, 64, 128, 256]","[1, 2, 3, 4]","[0, 0.1, 0.2, 0.3, 0.5]","['relu', 'tanh', 'sigmoid', 'elu']","[1e-05, 0.01]","[2, 3, 4, 5, 6, 7, 8, 9, 10, 11, 12, 13, 14, 15, 16, 17, 18, 19, 20, 21, 22, 23, 24, 25, 26, 27, 28, 29, 30]","[16, 32, 64, 128]","[5, 10, 15, 20]","[2, 3, 5, 7]","[2, 4, 8]",evolution,minimize,local
t2gnay50,2,0,1779194890767,,/home/meliani/nni-experiments/t2gnay50,0,exp_evolution_50_ali_only_ali_only,hpo,/home/meliani/Desktop/phd/fast-track/search_space.json,python3 trial.py --data ./ali_only.csv,/home/meliani/Desktop/phd/fast-track,1,360000s,50,False,False,info,/home/meliani/nni-experiments,"['LSTM', 'GRU', 'CNN', 'RNN', 'TCN', 'Transformer', 'MLP']","[16, 32, 64, 128, 256]","[1, 2, 3, 4]","[0, 0.1, 0.2, 0.3, 0.5]","['relu', 'tanh', 'sigmoid', 'elu']","[1e-05, 0.01]","[2, 3, 4, 5, 6, 7, 8, 9, 10, 11, 12, 13, 14, 15, 16, 17, 18, 19, 20, 21, 22, 23, 24, 25, 26, 27, 28, 29, 30]","[16, 32, 64, 128]","[5, 10, 15, 20]","[2, 3, 5, 7]","[2, 4, 8]",evolution,minimize,local
t2gnay50,3,0,1779194890767,,/home/meliani/nni-experiments/t2gnay50,1,exp_evolution_50_ali_only_ali_only,hpo,/home/meliani/Desktop/phd/fast-track/search_space.json,python3 trial.py --data ./ali_only.csv,/home/meliani/Desktop/phd/fast-track,1,360000s,50,False,False,info,/home/meliani/nni-experiments,"['LSTM', 'GRU', 'CNN', 'RNN', 'TCN', 'Transformer', 'MLP']","[16, 32, 64, 128, 256]","[1, 2, 3, 4]","[0, 0.1, 0.2, 0.3, 0.5]","['relu', 'tanh', 'sigmoid', 'elu']","[1e-05, 0.01]","[2, 3, 4, 5, 6, 7, 8, 9, 10, 11, 12, 13, 14, 15, 16, 17, 18, 19, 20, 21, 22, 23, 24, 25, 26, 27, 28, 29, 30]","[16, 32, 64, 128]","[5, 10, 15, 20]","[2, 3, 5, 7]","[2, 4, 8]",evolution,minimize,local
t2gnay50,4,8,1779194890767,,/home/meliani/nni-experiments/t2gnay50,2,exp_evolution_50_ali_only_ali_only,hpo,/home/meliani/Desktop/phd/fast-track/search_space.json,python3 trial.py --data ./ali_only.csv,/home/meliani/Desktop/phd/fast-track,1,360000s,50,False,False,info,/home/meliani/nni-experiments,"['LSTM', 'GRU', 'CNN', 'RNN', 'TCN', 'Transformer', 'MLP']","[16, 32, 64, 128, 256]","[1, 2, 3, 4]","[0, 0.1, 0.2, 0.3, 0.5]","['relu', 'tanh', 'sigmoid', 'elu']","[1e-05, 0.01]","[2, 3, 4, 5, 6, 7, 8, 9, 10, 11, 12, 13, 14, 15, 16, 17, 18, 19, 20, 21, 22, 23, 24, 25, 26, 27, 28, 29, 30]","[16, 32, 64, 128]","[5, 10, 15, 20]","[2, 3, 5, 7]","[2, 4, 8]",evolution,minimize,local
t2gnay50,5,10,1779194890767,,/home/meliani/nni-experiments/t2gnay50,2,exp_evolution_50_ali_only_ali_only,hpo,/home/meliani/Desktop/phd/fast-track/search_space.json,python3 trial.py --data ./ali_only.csv,/home/meliani/Desktop/phd/fast-track,1,360000s,50,False,False,info,/home/meliani/nni-experiments,"['LSTM', 'GRU', 'CNN', 'RNN', 'TCN', 'Transformer', 'MLP']","[16, 32, 64, 128, 256]","[1, 2, 3, 4]","[0, 0.1, 0.2, 0.3, 0.5]","['relu', 'tanh', 'sigmoid', 'elu']","[1e-05, 0.01]","[2, 3, 4, 5, 6, 7, 8, 9, 10, 11, 12, 13, 14, 15, 16, 17, 18, 19, 20, 21, 22, 23, 24, 25, 26, 27, 28, 29, 30]","[16, 32, 64, 128]","[5, 10, 15, 20]","[2, 3, 5, 7]","[2, 4, 8]",evolution,minimize,local
t2gnay50,6,20,1779194890767,,/home/meliani/nni-experiments/t2gnay50,2,exp_evolution_50_ali_only_ali_only,hpo,/home/meliani/Desktop/phd/fast-track/search_space.json,python3 trial.py --data ./ali_only.csv,/home/meliani/Desktop/phd/fast-track,1,360000s,50,False,False,info,/home/meliani/nni-experiments,"['LSTM', 'GRU', 'CNN', 'RNN', 'TCN', 'Transformer', 'MLP']","[16, 32, 64, 128, 256]","[1, 2, 3, 4]","[0, 0.1, 0.2, 0.3, 0.5]","['relu', 'tanh', 'sigmoid', 'elu']","[1e-05, 0.01]","[2, 3, 4, 5, 6, 7, 8, 9, 10, 11, 12, 13, 14, 15, 16, 17, 18, 19, 20, 21, 22, 23, 24, 25, 26, 27, 28, 29, 30]","[16, 32, 64, 128]","[5, 10, 15, 20]","[2, 3, 5, 7]","[2, 4, 8]",evolution,minimize,local
t2gnay50,7,30,1779194890767,,/home/meliani/nni-experiments/t2gnay50,2,exp_evolution_50_ali_only_ali_only,hpo,/home/meliani/Desktop/phd/fast-track/search_space.json,python3 trial.py --data ./ali_only.csv,/home/meliani/Desktop/phd/fast-track,1,360000s,50,False,False,info,/home/meliani/nni-experiments,"['LSTM', 'GRU', 'CNN', 'RNN', 'TCN', 'Transformer', 'MLP']","[16, 32, 64, 128, 256]","[1, 2, 3, 4]","[0, 0.1, 0.2, 0.3, 0.5]","['relu', 'tanh', 'sigmoid', 'elu']","[1e-05, 0.01]","[2, 3, 4, 5, 6, 7, 8, 9, 10, 11, 12, 13, 14, 15, 16, 17, 18, 19, 20, 21, 22, 23, 24, 25, 26, 27, 28, 29, 30]","[16, 32, 64, 128]","[5, 10, 15, 20]","[2, 3, 5, 7]","[2, 4, 8]",evolution,minimize,local
t2gnay50,8,32,1779194890767,,/home/meliani/nni-experiments/t2gnay50,3,exp_evolution_50_ali_only_ali_only,hpo,/home/meliani/Desktop/phd/fast-track/search_space.json,python3 trial.py --data ./ali_only.csv,/home/meliani/Desktop/phd/fast-track,1,360000s,50,False,False,info,/home/meliani/nni-experiments,"['LSTM', 'GRU', 'CNN', 'RNN', 'TCN', 'Transformer', 'MLP']","[16, 32, 64, 128, 256]","[1, 2, 3, 4]","[0, 0.1, 0.2, 0.3, 0.5]","['relu', 'tanh', 'sigmoid', 'elu']","[1e-05, 0.01]","[2, 3, 4, 5, 6, 7, 8, 9, 10, 11, 12, 13, 14, 15, 16, 17, 18, 19, 20, 21, 22, 23, 24, 25, 26, 27, 28, 29, 30]","[16, 32, 64, 128]","[5, 10, 15, 20]","[2, 3, 5, 7]","[2, 4, 8]",evolution,minimize,local
t2gnay50,9,40,1779194890767,,/home/meliani/nni-experiments/t2gnay50,3,exp_evolution_50_ali_only_ali_only,hpo,/home/meliani/Desktop/phd/fast-track/search_space.json,python3 trial.py --data ./ali_only.csv,/home/meliani/Desktop/phd/fast-track,1,360000s,50,False,False,info,/home/meliani/nni-experiments,"['LSTM', 'GRU', 'CNN', 'RNN', 'TCN', 'Transformer', 'MLP']","[16, 32, 64, 128, 256]","[1, 2, 3, 4]","[0, 0.1, 0.2, 0.3, 0.5]","['relu', 'tanh', 'sigmoid', 'elu']","[1e-05, 0.01]","[2, 3, 4, 5, 6, 7, 8, 9, 10, 11, 12, 13, 14, 15, 16, 17, 18, 19, 20, 21, 22, 23, 24, 25, 26, 27, 28, 29, 30]","[16, 32, 64, 128]","[5, 10, 15, 20]","[2, 3, 5, 7]","[2, 4, 8]",evolution,minimize,local
t2gnay50,10,42,1779194890767,,/home/meliani/nni-experiments/t2gnay50,4,exp_evolution_50_ali_only_ali_only,hpo,/home/meliani/Desktop/phd/fast-track/search_space.json,python3 trial.py --data ./ali_only.csv,/home/meliani/Desktop/phd/fast-track,1,360000s,50,False,False,info,/home/meliani/nni-experiments,"['LSTM', 'GRU', 'CNN', 'RNN', 'TCN', 'Transformer', 'MLP']","[16, 32, 64, 128, 256]","[1, 2, 3, 4]","[0, 0.1, 0.2, 0.3, 0.5]","['relu', 'tanh', 'sigmoid', 'elu']","[1e-05, 0.01]","[2, 3, 4, 5, 6, 7, 8, 9, 10, 11, 12, 13, 14, 15, 16, 17, 18, 19, 20, 21, 22, 23, 24, 25, 26, 27, 28, 29, 30]","[16, 32, 64, 128]","[5, 10, 15, 20]","[2, 3, 5, 7]","[2, 4, 8]",evolution,minimize,local
t2gnay50,11,48,1779194890767,,/home/meliani/nni-experiments/t2gnay50,5,exp_evolution_50_ali_only_ali_only,hpo,/home/meliani/Desktop/phd/fast-track/search_space.json,python3 trial.py --data ./ali_only.csv,/home/meliani/Desktop/phd/fast-track,1,360000s,50,False,False,info,/home/meliani/nni-experiments,"['LSTM', 'GRU', 'CNN', 'RNN', 'TCN', 'Transformer', 'MLP']","[16, 32, 64, 128, 256]","[1, 2, 3, 4]","[0, 0.1, 0.2, 0.3, 0.5]","['relu', 'tanh', 'sigmoid', 'elu']","[1e-05, 0.01]","[2, 3, 4, 5, 6, 7, 8, 9, 10, 11, 12, 13, 14, 15, 16, 17, 18, 19, 20, 21, 22, 23, 24, 25, 26, 27, 28, 29, 30]","[16, 32, 64, 128]","[5, 10, 15, 20]","[2, 3, 5, 7]","[2, 4, 8]",evolution,minimize,local
t2gnay50,12,50,1779194890767,,/home/meliani/nni-experiments/t2gnay50,5,exp_evolution_50_ali_only_ali_only,hpo,/home/meliani/Desktop/phd/fast-track/search_space.json,python3 trial.py --data ./ali_only.csv,/home/meliani/Desktop/phd/fast-track,1,360000s,50,False,False,info,/home/meliani/nni-experiments,"['LSTM', 'GRU', 'CNN', 'RNN', 'TCN', 'Transformer', 'MLP']","[16, 32, 64, 128, 256]","[1, 2, 3, 4]","[0, 0.1, 0.2, 0.3, 0.5]","['relu', 'tanh', 'sigmoid', 'elu']","[1e-05, 0.01]","[2, 3, 4, 5, 6, 7, 8, 9, 10, 11, 12, 13, 14, 15, 16, 17, 18, 19, 20, 21, 22, 23, 24, 25, 26, 27, 28, 29, 30]","[16, 32, 64, 128]","[5, 10, 15, 20]","[2, 3, 5, 7]","[2, 4, 8]",evolution,minimize,local
t2gnay50,13,60,1779194890767,,/home/meliani/nni-experiments/t2gnay50,5,exp_evolution_50_ali_only_ali_only,hpo,/home/meliani/Desktop/phd/fast-track/search_space.json,python3 trial.py --data ./ali_only.csv,/home/meliani/Desktop/phd/fast-track,1,360000s,50,False,False,info,/home/meliani/nni-experiments,"['LSTM', 'GRU', 'CNN', 'RNN', 'TCN', 'Transformer', 'MLP']","[16, 32, 64, 128, 256]","[1, 2, 3, 4]","[0, 0.1, 0.2, 0.3, 0.5]","['relu', 'tanh', 'sigmoid', 'elu']","[1e-05, 0.01]","[2, 3, 4, 5, 6, 7, 8, 9, 10, 11, 12, 13, 14, 15, 16, 17, 18, 19, 20, 21, 22, 23, 24, 25, 26, 27, 28, 29, 30]","[16, 32, 64, 128]","[5, 10, 15, 20]","[2, 3, 5, 7]","[2, 4, 8]",evolution,minimize,local
t2gnay50,14,70,1779194890767,,/home/meliani/nni-experiments/t2gnay50,5,exp_evolution_50_ali_only_ali_only,hpo,/home/meliani/Desktop/phd/fast-track/search_space.json,python3 trial.py --data ./ali_only.csv,/home/meliani/Desktop/phd/fast-track,1,360000s,50,False,False,info,/home/meliani/nni-experiments,"['LSTM', 'GRU', 'CNN', 'RNN', 'TCN', 'Transformer', 'MLP']","[16, 32, 64, 128, 256]","[1, 2, 3, 4]","[0, 0.1, 0.2, 0.3, 0.5]","['relu', 'tanh', 'sigmoid', 'elu']","[1e-05, 0.01]","[2, 3, 4, 5, 6, 7, 8, 9, 10, 11, 12, 13, 14, 15, 16, 17, 18, 19, 20, 21, 22, 23, 24, 25, 26, 27, 28, 29, 30]","[16, 32, 64, 128]","[5, 10, 15, 20]","[2, 3, 5, 7]","[2, 4, 8]",evolution,minimize,local
t2gnay50,15,80,1779194890767,,/home/meliani/nni-experiments/t2gnay50,5,exp_evolution_50_ali_only_ali_only,hpo,/home/meliani/Desktop/phd/fast-track/search_space.json,python3 trial.py --data ./ali_only.csv,/home/meliani/Desktop/phd/fast-track,1,360000s,50,False,False,info,/home/meliani/nni-experiments,"['LSTM', 'GRU', 'CNN', 'RNN', 'TCN', 'Transformer', 'MLP']","[16, 32, 64, 128, 256]","[1, 2, 3, 4]","[0, 0.1, 0.2, 0.3, 0.5]","['relu', 'tanh', 'sigmoid', 'elu']","[1e-05, 0.01]","[2, 3, 4, 5, 6, 7, 8, 9, 10, 11, 12, 13, 14, 15, 16, 17, 18, 19, 20, 21, 22, 23, 24, 25, 26, 27, 28, 29, 30]","[16, 32, 64, 128]","[5, 10, 15, 20]","[2, 3, 5, 7]","[2, 4, 8]",evolution,minimize,local
t2gnay50,16,90,1779194890767,,/home/meliani/nni-experiments/t2gnay50,5,exp_evolution_50_ali_only_ali_only,hpo,/home/meliani/Desktop/phd/fast-track/search_space.json,python3 trial.py --data ./ali_only.csv,/home/meliani/Desktop/phd/fast-track,1,360000s,50,False,False,info,/home/meliani/nni-experiments,"['LSTM', 'GRU', 'CNN', 'RNN', 'TCN', 'Transformer', 'MLP']","[16, 32, 64, 128, 256]","[1, 2, 3, 4]","[0, 0.1, 0.2, 0.3, 0.5]","['relu', 'tanh', 'sigmoid', 'elu']","[1e-05, 0.01]","[2, 3, 4, 5, 6, 7, 8, 9, 10, 11, 12, 13, 14, 15, 16, 17, 18, 19, 20, 21, 22, 23, 24, 25, 26, 27, 28, 29, 30]","[16, 32, 64, 128]","[5, 10, 15, 20]","[2, 3, 5, 7]","[2, 4, 8]",evolution,minimize,local
t2gnay50,17,100,1779194890767,,/home/meliani/nni-experiments/t2gnay50,5,exp_evolution_50_ali_only_ali_only,hpo,/home/meliani/Desktop/phd/fast-track/search_space.json,python3 trial.py --data ./ali_only.csv,/home/meliani/Desktop/phd/fast-track,1,360000s,50,False,False,info,/home/meliani/nni-experiments,"['LSTM', 'GRU', 'CNN', 'RNN', 'TCN', 'Transformer', 'MLP']","[16, 32, 64, 128, 256]","[1, 2, 3, 4]","[0, 0.1, 0.2, 0.3, 0.5]","['relu', 'tanh', 'sigmoid', 'elu']","[1e-05, 0.01]","[2, 3, 4, 5, 6, 7, 8, 9, 10, 11, 12, 13, 14, 15, 16, 17, 18, 19, 20, 21, 22, 23, 24, 25, 26, 27, 28, 29, 30]","[16, 32, 64, 128]","[5, 10, 15, 20]","[2, 3, 5, 7]","[2, 4, 8]",evolution,minimize,local
t2gnay50,18,110,1779194890767,,/home/meliani/nni-experiments/t2gnay50,5,exp_evolution_50_ali_only_ali_only,hpo,/home/meliani/Desktop/phd/fast-track/search_space.json,python3 trial.py --data ./ali_only.csv,/home/meliani/Desktop/phd/fast-track,1,360000s,50,False,False,info,/home/meliani/nni-experiments,"['LSTM', 'GRU', 'CNN', 'RNN', 'TCN', 'Transformer', 'MLP']","[16, 32, 64, 128, 256]","[1, 2, 3, 4]","[0, 0.1, 0.2, 0.3, 0.5]","['relu', 'tanh', 'sigmoid', 'elu']","[1e-05, 0.01]","[2, 3, 4, 5, 6, 7, 8, 9, 10, 11, 12, 13, 14, 15, 16, 17, 18, 19, 20, 21, 22, 23, 24, 25, 26, 27, 28, 29, 30]","[16, 32, 64, 128]","[5, 10, 15, 20]","[2, 3, 5, 7]","[2, 4, 8]",evolution,minimize,local
t2gnay50,19,117,1779194890767,,/home/meliani/nni-experiments/t2gnay50,6,exp_evolution_50_ali_only_ali_only,hpo,/home/meliani/Desktop/phd/fast-track/search_space.json,python3 trial.py --data ./ali_only.csv,/home/meliani/Desktop/phd/fast-track,1,360000s,50,False,False,info,/home/meliani/nni-experiments,"['LSTM', 'GRU', 'CNN', 'RNN', 'TCN', 'Transformer', 'MLP']","[16, 32, 64, 128, 256]","[1, 2, 3, 4]","[0, 0.1, 0.2, 0.3, 0.5]","['relu', 'tanh', 'sigmoid', 'elu']","[1e-05, 0.01]","[2, 3, 4, 5, 6, 7, 8, 9, 10, 11, 12, 13, 14, 15, 16, 17, 18, 19, 20, 21, 22, 23, 24, 25, 26, 27, 28, 29, 30]","[16, 32, 64, 128]","[5, 10, 15, 20]","[2, 3, 5, 7]","[2, 4, 8]",evolution,minimize,local
t2gnay50,20,120,1779194890767,,/home/meliani/nni-experiments/t2gnay50,6,exp_evolution_50_ali_only_ali_only,hpo,/home/meliani/Desktop/phd/fast-track/search_space.json,python3 trial.py --data ./ali_only.csv,/home/meliani/Desktop/phd/fast-track,1,360000s,50,False,False,info,/home/meliani/nni-experiments,"['LSTM', 'GRU', 'CNN', 'RNN', 'TCN', 'Transformer', 'MLP']","[16, 32, 64, 128, 256]","[1, 2, 3, 4]","[0, 0.1, 0.2, 0.3, 0.5]","['relu', 'tanh', 'sigmoid', 'elu']","[1e-05, 0.01]","[2, 3, 4, 5, 6, 7, 8, 9, 10, 11, 12, 13, 14, 15, 16, 17, 18, 19, 20, 21, 22, 23, 24, 25, 26, 27, 28, 29, 30]","[16, 32, 64, 128]","[5, 10, 15, 20]","[2, 3, 5, 7]","[2, 4, 8]",evolution,minimize,local
t2gnay50,21,130,1779194890767,,/home/meliani/nni-experiments/t2gnay50,6,exp_evolution_50_ali_only_ali_only,hpo,/home/meliani/Desktop/phd/fast-track/search_space.json,python3 trial.py --data ./ali_only.csv,/home/meliani/Desktop/phd/fast-track,1,360000s,50,False,False,info,/home/meliani/nni-experiments,"['LSTM', 'GRU', 'CNN', 'RNN', 'TCN', 'Transformer', 'MLP']","[16, 32, 64, 128, 256]","[1, 2, 3, 4]","[0, 0.1, 0.2, 0.3, 0.5]","['relu', 'tanh', 'sigmoid', 'elu']","[1e-05, 0.01]","[2, 3, 4, 5, 6, 7, 8, 9, 10, 11, 12, 13, 14, 15, 16, 17, 18, 19, 20, 21, 22, 23, 24, 25, 26, 27, 28, 29, 30]","[16, 32, 64, 128]","[5, 10, 15, 20]","[2, 3, 5, 7]","[2, 4, 8]",evolution,minimize,local
t2gnay50,22,140,1779194890767,,/home/meliani/nni-experiments/t2gnay50,6,exp_evolution_50_ali_only_ali_only,hpo,/home/meliani/Desktop/phd/fast-track/search_space.json,python3 trial.py --data ./ali_only.csv,/home/meliani/Desktop/phd/fast-track,1,360000s,50,False,False,info,/home/meliani/nni-experiments,"['LSTM', 'GRU', 'CNN', 'RNN', 'TCN', 'Transformer', 'MLP']","[16, 32, 64, 128, 256]","[1, 2, 3, 4]","[0, 0.1, 0.2, 0.3, 0.5]","['relu', 'tanh', 'sigmoid', 'elu']","[1e-05, 0.01]","[2, 3, 4, 5, 6, 7, 8, 9, 10, 11, 12, 13, 14, 15, 16, 17, 18, 19, 20, 21, 22, 23, 24, 25, 26, 27, 28, 29, 30]","[16, 32, 64, 128]","[5, 10, 15, 20]","[2, 3, 5, 7]","[2, 4, 8]",evolution,minimize,local
t2gnay50,23,150,1779194890767,,/home/meliani/nni-experiments/t2gnay50,6,exp_evolution_50_ali_only_ali_only,hpo,/home/meliani/Desktop/phd/fast-track/search_space.json,python3 trial.py --data ./ali_only.csv,/home/meliani/Desktop/phd/fast-track,1,360000s,50,False,False,info,/home/meliani/nni-experiments,"['LSTM', 'GRU', 'CNN', 'RNN', 'TCN', 'Transformer', 'MLP']","[16, 32, 64, 128, 256]","[1, 2, 3, 4]","[0, 0.1, 0.2, 0.3, 0.5]","['relu', 'tanh', 'sigmoid', 'elu']","[1e-05, 0.01]","[2, 3, 4, 5, 6, 7, 8, 9, 10, 11, 12, 13, 14, 15, 16, 17, 18, 19, 20, 21, 22, 23, 24, 25, 26, 27, 28, 29, 30]","[16, 32, 64, 128]","[5, 10, 15, 20]","[2, 3, 5, 7]","[2, 4, 8]",evolution,minimize,local
t2gnay50,24,160,1779194890767,,/home/meliani/nni-experiments/t2gnay50,6,exp_evolution_50_ali_only_ali_only,hpo,/home/meliani/Desktop/phd/fast-track/search_space.json,python3 trial.py --data ./ali_only.csv,/home/meliani/Desktop/phd/fast-track,1,360000s,50,False,False,info,/home/meliani/nni-experiments,"['LSTM', 'GRU', 'CNN', 'RNN', 'TCN', 'Transformer', 'MLP']","[16, 32, 64, 128, 256]","[1, 2, 3, 4]","[0, 0.1, 0.2, 0.3, 0.5]","['relu', 'tanh', 'sigmoid', 'elu']","[1e-05, 0.01]","[2, 3, 4, 5, 6, 7, 8, 9, 10, 11, 12, 13, 14, 15, 16, 17, 18, 19, 20, 21, 22, 23, 24, 25, 26, 27, 28, 29, 30]","[16, 32, 64, 128]","[5, 10, 15, 20]","[2, 3, 5, 7]","[2, 4, 8]",evolution,minimize,local
t2gnay50,25,170,1779194890767,,/home/meliani/nni-experiments/t2gnay50,6,exp_evolution_50_ali_only_ali_only,hpo,/home/meliani/Desktop/phd/fast-track/search_space.json,python3 trial.py --data ./ali_only.csv,/home/meliani/Desktop/phd/fast-track,1,360000s,50,False,False,info,/home/meliani/nni-experiments,"['LSTM', 'GRU', 'CNN', 'RNN', 'TCN', 'Transformer', 'MLP']","[16, 32, 64, 128, 256]","[1, 2, 3, 4]","[0, 0.1, 0.2, 0.3, 0.5]","['relu', 'tanh', 'sigmoid', 'elu']","[1e-05, 0.01]","[2, 3, 4, 5, 6, 7, 8, 9, 10, 11, 12, 13, 14, 15, 16, 17, 18, 19, 20, 21, 22, 23, 24, 25, 26, 27, 28, 29, 30]","[16, 32, 64, 128]","[5, 10, 15, 20]","[2, 3, 5, 7]","[2, 4, 8]",evolution,minimize,local
t2gnay50,26,180,1779194890767,,/home/meliani/nni-experiments/t2gnay50,6,exp_evolution_50_ali_only_ali_only,hpo,/home/meliani/Desktop/phd/fast-track/search_space.json,python3 trial.py --data ./ali_only.csv,/home/meliani/Desktop/phd/fast-track,1,360000s,50,False,False,info,/home/meliani/nni-experiments,"['LSTM', 'GRU', 'CNN', 'RNN', 'TCN', 'Transformer', 'MLP']","[16, 32, 64, 128, 256]","[1, 2, 3, 4]","[0, 0.1, 0.2, 0.3, 0.5]","['relu', 'tanh', 'sigmoid', 'elu']","[1e-05, 0.01]","[2, 3, 4, 5, 6, 7, 8, 9, 10, 11, 12, 13, 14, 15, 16, 17, 18, 19, 20, 21, 22, 23, 24, 25, 26, 27, 28, 29, 30]","[16, 32, 64, 128]","[5, 10, 15, 20]","[2, 3, 5, 7]","[2, 4, 8]",evolution,minimize,local
t2gnay50,27,190,1779194890767,,/home/meliani/nni-experiments/t2gnay50,6,exp_evolution_50_ali_only_ali_only,hpo,/home/meliani/Desktop/phd/fast-track/search_space.json,python3 trial.py --data ./ali_only.csv,/home/meliani/Desktop/phd/fast-track,1,360000s,50,False,False,info,/home/meliani/nni-experiments,"['LSTM', 'GRU', 'CNN', 'RNN', 'TCN', 'Transformer', 'MLP']","[16, 32, 64, 128, 256]","[1, 2, 3, 4]","[0, 0.1, 0.2, 0.3, 0.5]","['relu', 'tanh', 'sigmoid', 'elu']","[1e-05, 0.01]","[2, 3, 4, 5, 6, 7, 8, 9, 10, 11, 12, 13, 14, 15, 16, 17, 18, 19, 20, 21, 22, 23, 24, 25, 26, 27, 28, 29, 30]","[16, 32, 64, 128]","[5, 10, 15, 20]","[2, 3, 5, 7]","[2, 4, 8]",evolution,minimize,local
t2gnay50,28,199,1779194890767,,/home/meliani/nni-experiments/t2gnay50,7,exp_evolution_50_ali_only_ali_only,hpo,/home/meliani/Desktop/phd/fast-track/search_space.json,python3 trial.py --data ./ali_only.csv,/home/meliani/Desktop/phd/fast-track,1,360000s,50,False,False,info,/home/meliani/nni-experiments,"['LSTM', 'GRU', 'CNN', 'RNN', 'TCN', 'Transformer', 'MLP']","[16, 32, 64, 128, 256]","[1, 2, 3, 4]","[0, 0.1, 0.2, 0.3, 0.5]","['relu', 'tanh', 'sigmoid', 'elu']","[1e-05, 0.01]","[2, 3, 4, 5, 6, 7, 8, 9, 10, 11, 12, 13, 14, 15, 16, 17, 18, 19, 20, 21, 22, 23, 24, 25, 26, 27, 28, 29, 30]","[16, 32, 64, 128]","[5, 10, 15, 20]","[2, 3, 5, 7]","[2, 4, 8]",evolution,minimize,local
t2gnay50,29,200,1779194890767,,/home/meliani/nni-experiments/t2gnay50,7,exp_evolution_50_ali_only_ali_only,hpo,/home/meliani/Desktop/phd/fast-track/search_space.json,python3 trial.py --data ./ali_only.csv,/home/meliani/Desktop/phd/fast-track,1,360000s,50,False,False,info,/home/meliani/nni-experiments,"['LSTM', 'GRU', 'CNN', 'RNN', 'TCN', 'Transformer', 'MLP']","[16, 32, 64, 128, 256]","[1, 2, 3, 4]","[0, 0.1, 0.2, 0.3, 0.5]","['relu', 'tanh', 'sigmoid', 'elu']","[1e-05, 0.01]","[2, 3, 4, 5, 6, 7, 8, 9, 10, 11, 12, 13, 14, 15, 16, 17, 18, 19, 20, 21, 22, 23, 24, 25, 26, 27, 28, 29, 30]","[16, 32, 64, 128]","[5, 10, 15, 20]","[2, 3, 5, 7]","[2, 4, 8]",evolution,minimize,local
t2gnay50,30,209,1779194890767,,/home/meliani/nni-experiments/t2gnay50,8,exp_evolution_50_ali_only_ali_only,hpo,/home/meliani/Desktop/phd/fast-track/search_space.json,python3 trial.py --data ./ali_only.csv,/home/meliani/Desktop/phd/fast-track,1,360000s,50,False,False,info,/home/meliani/nni-experiments,"['LSTM', 'GRU', 'CNN', 'RNN', 'TCN', 'Transformer', 'MLP']","[16, 32, 64, 128, 256]","[1, 2, 3, 4]","[0, 0.1, 0.2, 0.3, 0.5]","['relu', 'tanh', 'sigmoid', 'elu']","[1e-05, 0.01]","[2, 3, 4, 5, 6, 7, 8, 9, 10, 11, 12, 13, 14, 15, 16, 17, 18, 19, 20, 21, 22, 23, 24, 25, 26, 27, 28, 29, 30]","[16, 32, 64, 128]","[5, 10, 15, 20]","[2, 3, 5, 7]","[2, 4, 8]",evolution,minimize,local
t2gnay50,31,210,1779194890767,,/home/meliani/nni-experiments/t2gnay50,8,exp_evolution_50_ali_only_ali_only,hpo,/home/meliani/Desktop/phd/fast-track/search_space.json,python3 trial.py --data ./ali_only.csv,/home/meliani/Desktop/phd/fast-track,1,360000s,50,False,False,info,/home/meliani/nni-experiments,"['LSTM', 'GRU', 'CNN', 'RNN', 'TCN', 'Transformer', 'MLP']","[16, 32, 64, 128, 256]","[1, 2, 3, 4]","[0, 0.1, 0.2, 0.3, 0.5]","['relu', 'tanh', 'sigmoid', 'elu']","[1e-05, 0.01]","[2, 3, 4, 5, 6, 7, 8, 9, 10, 11, 12, 13, 14, 15, 16, 17, 18, 19, 20, 21, 22, 23, 24, 25, 26, 27, 28, 29, 30]","[16, 32, 64, 128]","[5, 10, 15, 20]","[2, 3, 5, 7]","[2, 4, 8]",evolution,minimize,local
t2gnay50,32,215,1779194890767,,/home/meliani/nni-experiments/t2gnay50,9,exp_evolution_50_ali_only_ali_only,hpo,/home/meliani/Desktop/phd/fast-track/search_space.json,python3 trial.py --data ./ali_only.csv,/home/meliani/Desktop/phd/fast-track,1,360000s,50,False,False,info,/home/meliani/nni-experiments,"['LSTM', 'GRU', 'CNN', 'RNN', 'TCN', 'Transformer', 'MLP']","[16, 32, 64, 128, 256]","[1, 2, 3, 4]","[0, 0.1, 0.2, 0.3, 0.5]","['relu', 'tanh', 'sigmoid', 'elu']","[1e-05, 0.01]","[2, 3, 4, 5, 6, 7, 8, 9, 10, 11, 12, 13, 14, 15, 16, 17, 18, 19, 20, 21, 22, 23, 24, 25, 26, 27, 28, 29, 30]","[16, 32, 64, 128]","[5, 10, 15, 20]","[2, 3, 5, 7]","[2, 4, 8]",evolution,minimize,local
t2gnay50,33,220,1779194890767,,/home/meliani/nni-experiments/t2gnay50,9,exp_evolution_50_ali_only_ali_only,hpo,/home/meliani/Desktop/phd/fast-track/search_space.json,python3 trial.py --data ./ali_only.csv,/home/meliani/Desktop/phd/fast-track,1,360000s,50,False,False,info,/home/meliani/nni-experiments,"['LSTM', 'GRU', 'CNN', 'RNN', 'TCN', 'Transformer', 'MLP']","[16, 32, 64, 128, 256]","[1, 2, 3, 4]","[0, 0.1, 0.2, 0.3, 0.5]","['relu', 'tanh', 'sigmoid', 'elu']","[1e-05, 0.01]","[2, 3, 4, 5, 6, 7, 8, 9, 10, 11, 12, 13, 14, 15, 16, 17, 18, 19, 20, 21, 22, 23, 24, 25, 26, 27, 28, 29, 30]","[16, 32, 64, 128]","[5, 10, 15, 20]","[2, 3, 5, 7]","[2, 4, 8]",evolution,minimize,local
t2gnay50,34,230,1779194890767,,/home/meliani/nni-experiments/t2gnay50,9,exp_evolution_50_ali_only_ali_only,hpo,/home/meliani/Desktop/phd/fast-track/search_space.json,python3 trial.py --data ./ali_only.csv,/home/meliani/Desktop/phd/fast-track,1,360000s,50,False,False,info,/home/meliani/nni-experiments,"['LSTM', 'GRU', 'CNN', 'RNN', 'TCN', 'Transformer', 'MLP']","[16, 32, 64, 128, 256]","[1, 2, 3, 4]","[0, 0.1, 0.2, 0.3, 0.5]","['relu', 'tanh', 'sigmoid', 'elu']","[1e-05, 0.01]","[2, 3, 4, 5, 6, 7, 8, 9, 10, 11, 12, 13, 14, 15, 16, 17, 18, 19, 20, 21, 22, 23, 24, 25, 26, 27, 28, 29, 30]","[16, 32, 64, 128]","[5, 10, 15, 20]","[2, 3, 5, 7]","[2, 4, 8]",evolution,minimize,local
t2gnay50,35,239,1779194890767,,/home/meliani/nni-experiments/t2gnay50,10,exp_evolution_50_ali_only_ali_only,hpo,/home/meliani/Desktop/phd/fast-track/search_space.json,python3 trial.py --data ./ali_only.csv,/home/meliani/Desktop/phd/fast-track,1,360000s,50,False,False,info,/home/meliani/nni-experiments,"['LSTM', 'GRU', 'CNN', 'RNN', 'TCN', 'Transformer', 'MLP']","[16, 32, 64, 128, 256]","[1, 2, 3, 4]","[0, 0.1, 0.2, 0.3, 0.5]","['relu', 'tanh', 'sigmoid', 'elu']","[1e-05, 0.01]","[2, 3, 4, 5, 6, 7, 8, 9, 10, 11, 12, 13, 14, 15, 16, 17, 18, 19, 20, 21, 22, 23, 24, 25, 26, 27, 28, 29, 30]","[16, 32, 64, 128]","[5, 10, 15, 20]","[2, 3, 5, 7]","[2, 4, 8]",evolution,minimize,local
t2gnay50,36,240,1779194890767,,/home/meliani/nni-experiments/t2gnay50,10,exp_evolution_50_ali_only_ali_only,hpo,/home/meliani/Desktop/phd/fast-track/search_space.json,python3 trial.py --data ./ali_only.csv,/home/meliani/Desktop/phd/fast-track,1,360000s,50,False,False,info,/home/meliani/nni-experiments,"['LSTM', 'GRU', 'CNN', 'RNN', 'TCN', 'Transformer', 'MLP']","[16, 32, 64, 128, 256]","[1, 2, 3, 4]","[0, 0.1, 0.2, 0.3, 0.5]","['relu', 'tanh', 'sigmoid', 'elu']","[1e-05, 0.01]","[2, 3, 4, 5, 6, 7, 8, 9, 10, 11, 12, 13, 14, 15, 16, 17, 18, 19, 20, 21, 22, 23, 24, 25, 26, 27, 28, 29, 30]","[16, 32, 64, 128]","[5, 10, 15, 20]","[2, 3, 5, 7]","[2, 4, 8]",evolution,minimize,local
t2gnay50,37,250,1779194890767,,/home/meliani/nni-experiments/t2gnay50,10,exp_evolution_50_ali_only_ali_only,hpo,/home/meliani/Desktop/phd/fast-track/search_space.json,python3 trial.py --data ./ali_only.csv,/home/meliani/Desktop/phd/fast-track,1,360000s,50,False,False,info,/home/meliani/nni-experiments,"['LSTM', 'GRU', 'CNN', 'RNN', 'TCN', 'Transformer', 'MLP']","[16, 32, 64, 128, 256]","[1, 2, 3, 4]","[0, 0.1, 0.2, 0.3, 0.5]","['relu', 'tanh', 'sigmoid', 'elu']","[1e-05, 0.01]","[2, 3, 4, 5, 6, 7, 8, 9, 10, 11, 12, 13, 14, 15, 16, 17, 18, 19, 20, 21, 22, 23, 24, 25, 26, 27, 28, 29, 30]","[16, 32, 64, 128]","[5, 10, 15, 20]","[2, 3, 5, 7]","[2, 4, 8]",evolution,minimize,local
t2gnay50,38,250,1779194890767,,/home/meliani/nni-experiments/t2gnay50,11,exp_evolution_50_ali_only_ali_only,hpo,/home/meliani/Desktop/phd/fast-track/search_space.json,python3 trial.py --data ./ali_only.csv,/home/meliani/Desktop/phd/fast-track,1,360000s,50,False,False,info,/home/meliani/nni-experiments,"['LSTM', 'GRU', 'CNN', 'RNN', 'TCN', 'Transformer', 'MLP']","[16, 32, 64, 128, 256]","[1, 2, 3, 4]","[0, 0.1, 0.2, 0.3, 0.5]","['relu', 'tanh', 'sigmoid', 'elu']","[1e-05, 0.01]","[2, 3, 4, 5, 6, 7, 8, 9, 10, 11, 12, 13, 14, 15, 16, 17, 18, 19, 20, 21, 22, 23, 24, 25, 26, 27, 28, 29, 30]","[16, 32, 64, 128]","[5, 10, 15, 20]","[2, 3, 5, 7]","[2, 4, 8]",evolution,minimize,local
t2gnay50,39,260,1779194890767,,/home/meliani/nni-experiments/t2gnay50,11,exp_evolution_50_ali_only_ali_only,hpo,/home/meliani/Desktop/phd/fast-track/search_space.json,python3 trial.py --data ./ali_only.csv,/home/meliani/Desktop/phd/fast-track,1,360000s,50,False,False,info,/home/meliani/nni-experiments,"['LSTM', 'GRU', 'CNN', 'RNN', 'TCN', 'Transformer', 'MLP']","[16, 32, 64, 128, 256]","[1, 2, 3, 4]","[0, 0.1, 0.2, 0.3, 0.5]","['relu', 'tanh', 'sigmoid', 'elu']","[1e-05, 0.01]","[2, 3, 4, 5, 6, 7, 8, 9, 10, 11, 12, 13, 14, 15, 16, 17, 18, 19, 20, 21, 22, 23, 24, 25, 26, 27, 28, 29, 30]","[16, 32, 64, 128]","[5, 10, 15, 20]","[2, 3, 5, 7]","[2, 4, 8]",evolution,minimize,local
t2gnay50,40,269,1779194890767,,/home/meliani/nni-experiments/t2gnay50,12,exp_evolution_50_ali_only_ali_only,hpo,/home/meliani/Desktop/phd/fast-track/search_space.json,python3 trial.py --data ./ali_only.csv,/home/meliani/Desktop/phd/fast-track,1,360000s,50,False,False,info,/home/meliani/nni-experiments,"['LSTM', 'GRU', 'CNN', 'RNN', 'TCN', 'Transformer', 'MLP']","[16, 32, 64, 128, 256]","[1, 2, 3, 4]","[0, 0.1, 0.2, 0.3, 0.5]","['relu', 'tanh', 'sigmoid', 'elu']","[1e-05, 0.01]","[2, 3, 4, 5, 6, 7, 8, 9, 10, 11, 12, 13, 14, 15, 16, 17, 18, 19, 20, 21, 22, 23, 24, 25, 26, 27, 28, 29, 30]","[16, 32, 64, 128]","[5, 10, 15, 20]","[2, 3, 5, 7]","[2, 4, 8]",evolution,minimize,local
t2gnay50,41,270,1779194890767,,/home/meliani/nni-experiments/t2gnay50,12,exp_evolution_50_ali_only_ali_only,hpo,/home/meliani/Desktop/phd/fast-track/search_space.json,python3 trial.py --data ./ali_only.csv,/home/meliani/Desktop/phd/fast-track,1,360000s,50,False,False,info,/home/meliani/nni-experiments,"['LSTM', 'GRU', 'CNN', 'RNN', 'TCN', 'Transformer', 'MLP']","[16, 32, 64, 128, 256]","[1, 2, 3, 4]","[0, 0.1, 0.2, 0.3, 0.5]","['relu', 'tanh', 'sigmoid', 'elu']","[1e-05, 0.01]","[2, 3, 4, 5, 6, 7, 8, 9, 10, 11, 12, 13, 14, 15, 16, 17, 18, 19, 20, 21, 22, 23, 24, 25, 26, 27, 28, 29, 30]","[16, 32, 64, 128]","[5, 10, 15, 20]","[2, 3, 5, 7]","[2, 4, 8]",evolution,minimize,local
t2gnay50,42,276,1779194890767,,/home/meliani/nni-experiments/t2gnay50,13,exp_evolution_50_ali_only_ali_only,hpo,/home/meliani/Desktop/phd/fast-track/search_space.json,python3 trial.py --data ./ali_only.csv,/home/meliani/Desktop/phd/fast-track,1,360000s,50,False,False,info,/home/meliani/nni-experiments,"['LSTM', 'GRU', 'CNN', 'RNN', 'TCN', 'Transformer', 'MLP']","[16, 32, 64, 128, 256]","[1, 2, 3, 4]","[0, 0.1, 0.2, 0.3, 0.5]","['relu', 'tanh', 'sigmoid', 'elu']","[1e-05, 0.01]","[2, 3, 4, 5, 6, 7, 8, 9, 10, 11, 12, 13, 14, 15, 16, 17, 18, 19, 20, 21, 22, 23, 24, 25, 26, 27, 28, 29, 30]","[16, 32, 64, 128]","[5, 10, 15, 20]","[2, 3, 5, 7]","[2, 4, 8]",evolution,minimize,local
t2gnay50,43,280,1779194890767,,/home/meliani/nni-experiments/t2gnay50,13,exp_evolution_50_ali_only_ali_only,hpo,/home/meliani/Desktop/phd/fast-track/search_space.json,python3 trial.py --data ./ali_only.csv,/home/meliani/Desktop/phd/fast-track,1,360000s,50,False,False,info,/home/meliani/nni-experiments,"['LSTM', 'GRU', 'CNN', 'RNN', 'TCN', 'Transformer', 'MLP']","[16, 32, 64, 128, 256]","[1, 2, 3, 4]","[0, 0.1, 0.2, 0.3, 0.5]","['relu', 'tanh', 'sigmoid', 'elu']","[1e-05, 0.01]","[2, 3, 4, 5, 6, 7, 8, 9, 10, 11, 12, 13, 14, 15, 16, 17, 18, 19, 20, 21, 22, 23, 24, 25, 26, 27, 28, 29, 30]","[16, 32, 64, 128]","[5, 10, 15, 20]","[2, 3, 5, 7]","[2, 4, 8]",evolution,minimize,local
t2gnay50,44,282,1779194890767,,/home/meliani/nni-experiments/t2gnay50,14,exp_evolution_50_ali_only_ali_only,hpo,/home/meliani/Desktop/phd/fast-track/search_space.json,python3 trial.py --data ./ali_only.csv,/home/meliani/Desktop/phd/fast-track,1,360000s,50,False,False,info,/home/meliani/nni-experiments,"['LSTM', 'GRU', 'CNN', 'RNN', 'TCN', 'Transformer', 'MLP']","[16, 32, 64, 128, 256]","[1, 2, 3, 4]","[0, 0.1, 0.2, 0.3, 0.5]","['relu', 'tanh', 'sigmoid', 'elu']","[1e-05, 0.01]","[2, 3, 4, 5, 6, 7, 8, 9, 10, 11, 12, 13, 14, 15, 16, 17, 18, 19, 20, 21, 22, 23, 24, 25, 26, 27, 28, 29, 30]","[16, 32, 64, 128]","[5, 10, 15, 20]","[2, 3, 5, 7]","[2, 4, 8]",evolution,minimize,local
t2gnay50,45,290,1779194890767,,/home/meliani/nni-experiments/t2gnay50,14,exp_evolution_50_ali_only_ali_only,hpo,/home/meliani/Desktop/phd/fast-track/search_space.json,python3 trial.py --data ./ali_only.csv,/home/meliani/Desktop/phd/fast-track,1,360000s,50,False,False,info,/home/meliani/nni-experiments,"['LSTM', 'GRU', 'CNN', 'RNN', 'TCN', 'Transformer', 'MLP']","[16, 32, 64, 128, 256]","[1, 2, 3, 4]","[0, 0.1, 0.2, 0.3, 0.5]","['relu', 'tanh', 'sigmoid', 'elu']","[1e-05, 0.01]","[2, 3, 4, 5, 6, 7, 8, 9, 10, 11, 12, 13, 14, 15, 16, 17, 18, 19, 20, 21, 22, 23, 24, 25, 26, 27, 28, 29, 30]","[16, 32, 64, 128]","[5, 10, 15, 20]","[2, 3, 5, 7]","[2, 4, 8]",evolution,minimize,local
t2gnay50,46,300,1779194890767,,/home/meliani/nni-experiments/t2gnay50,14,exp_evolution_50_ali_only_ali_only,hpo,/home/meliani/Desktop/phd/fast-track/search_space.json,python3 trial.py --data ./ali_only.csv,/home/meliani/Desktop/phd/fast-track,1,360000s,50,False,False,info,/home/meliani/nni-experiments,"['LSTM', 'GRU', 'CNN', 'RNN', 'TCN', 'Transformer', 'MLP']","[16, 32, 64, 128, 256]","[1, 2, 3, 4]","[0, 0.1, 0.2, 0.3, 0.5]","['relu', 'tanh', 'sigmoid', 'elu']","[1e-05, 0.01]","[2, 3, 4, 5, 6, 7, 8, 9, 10, 11, 12, 13, 14, 15, 16, 17, 18, 19, 20, 21, 22, 23, 24, 25, 26, 27, 28, 29, 30]","[16, 32, 64, 128]","[5, 10, 15, 20]","[2, 3, 5, 7]","[2, 4, 8]",evolution,minimize,local
t2gnay50,47,302,1779194890767,,/home/meliani/nni-experiments/t2gnay50,15,exp_evolution_50_ali_only_ali_only,hpo,/home/meliani/Desktop/phd/fast-track/search_space.json,python3 trial.py --data ./ali_only.csv,/home/meliani/Desktop/phd/fast-track,1,360000s,50,False,False,info,/home/meliani/nni-experiments,"['LSTM', 'GRU', 'CNN', 'RNN', 'TCN', 'Transformer', 'MLP']","[16, 32, 64, 128, 256]","[1, 2, 3, 4]","[0, 0.1, 0.2, 0.3, 0.5]","['relu', 'tanh', 'sigmoid', 'elu']","[1e-05, 0.01]","[2, 3, 4, 5, 6, 7, 8, 9, 10, 11, 12, 13, 14, 15, 16, 17, 18, 19, 20, 21, 22, 23, 24, 25, 26, 27, 28, 29, 30]","[16, 32, 64, 128]","[5, 10, 15, 20]","[2, 3, 5, 7]","[2, 4, 8]",evolution,minimize,local
t2gnay50,48,310,1779194890767,,/home/meliani/nni-experiments/t2gnay50,15,exp_evolution_50_ali_only_ali_only,hpo,/home/meliani/Desktop/phd/fast-track/search_space.json,python3 trial.py --data ./ali_only.csv,/home/meliani/Desktop/phd/fast-track,1,360000s,50,False,False,info,/home/meliani/nni-experiments,"['LSTM', 'GRU', 'CNN', 'RNN', 'TCN', 'Transformer', 'MLP']","[16, 32, 64, 128, 256]","[1, 2, 3, 4]","[0, 0.1, 0.2, 0.3, 0.5]","['relu', 'tanh', 'sigmoid', 'elu']","[1e-05, 0.01]","[2, 3, 4, 5, 6, 7, 8, 9, 10, 11, 12, 13, 14, 15, 16, 17, 18, 19, 20, 21, 22, 23, 24, 25, 26, 27, 28, 29, 30]","[16, 32, 64, 128]","[5, 10, 15, 20]","[2, 3, 5, 7]","[2, 4, 8]",evolution,minimize,local
t2gnay50,49,317,1779194890767,,/home/meliani/nni-experiments/t2gnay50,16,exp_evolution_50_ali_only_ali_only,hpo,/home/meliani/Desktop/phd/fast-track/search_space.json,python3 trial.py --data ./ali_only.csv,/home/meliani/Desktop/phd/fast-track,1,360000s,50,False,False,info,/home/meliani/nni-experiments,"['LSTM', 'GRU', 'CNN', 'RNN', 'TCN', 'Transformer', 'MLP']","[16, 32, 64, 128, 256]","[1, 2, 3, 4]","[0, 0.1, 0.2, 0.3, 0.5]","['relu', 'tanh', 'sigmoid', 'elu']","[1e-05, 0.01]","[2, 3, 4, 5, 6, 7, 8, 9, 10, 11, 12, 13, 14, 15, 16, 17, 18, 19, 20, 21, 22, 23, 24, 25, 26, 27, 28, 29, 30]","[16, 32, 64, 128]","[5, 10, 15, 20]","[2, 3, 5, 7]","[2, 4, 8]",evolution,minimize,local
t2gnay50,50,320,1779194890767,,/home/meliani/nni-experiments/t2gnay50,16,exp_evolution_50_ali_only_ali_only,hpo,/home/meliani/Desktop/phd/fast-track/search_space.json,python3 trial.py --data ./ali_only.csv,/home/meliani/Desktop/phd/fast-track,1,360000s,50,False,False,info,/home/meliani/nni-experiments,"['LSTM', 'GRU', 'CNN', 'RNN', 'TCN', 'Transformer', 'MLP']","[16, 32, 64, 128, 256]","[1, 2, 3, 4]","[0, 0.1, 0.2, 0.3, 0.5]","['relu', 'tanh', 'sigmoid', 'elu']","[1e-05, 0.01]","[2, 3, 4, 5, 6, 7, 8, 9, 10, 11, 12, 13, 14, 15, 16, 17, 18, 19, 20, 21, 22, 23, 24, 25, 26, 27, 28, 29, 30]","[16, 32, 64, 128]","[5, 10, 15, 20]","[2, 3, 5, 7]","[2, 4, 8]",evolution,minimize,local
t2gnay50,51,325,1779194890767,,/home/meliani/nni-experiments/t2gnay50,17,exp_evolution_50_ali_only_ali_only,hpo,/home/meliani/Desktop/phd/fast-track/search_space.json,python3 trial.py --data ./ali_only.csv,/home/meliani/Desktop/phd/fast-track,1,360000s,50,False,False,info,/home/meliani/nni-experiments,"['LSTM', 'GRU', 'CNN', 'RNN', 'TCN', 'Transformer', 'MLP']","[16, 32, 64, 128, 256]","[1, 2, 3, 4]","[0, 0.1, 0.2, 0.3, 0.5]","['relu', 'tanh', 'sigmoid', 'elu']","[1e-05, 0.01]","[2, 3, 4, 5, 6, 7, 8, 9, 10, 11, 12, 13, 14, 15, 16, 17, 18, 19, 20, 21, 22, 23, 24, 25, 26, 27, 28, 29, 30]","[16, 32, 64, 128]","[5, 10, 15, 20]","[2, 3, 5, 7]","[2, 4, 8]",evolution,minimize,local
t2gnay50,52,330,1779194890767,,/home/meliani/nni-experiments/t2gnay50,17,exp_evolution_50_ali_only_ali_only,hpo,/home/meliani/Desktop/phd/fast-track/search_space.json,python3 trial.py --data ./ali_only.csv,/home/meliani/Desktop/phd/fast-track,1,360000s,50,False,False,info,/home/meliani/nni-experiments,"['LSTM', 'GRU', 'CNN', 'RNN', 'TCN', 'Transformer', 'MLP']","[16, 32, 64, 128, 256]","[1, 2, 3, 4]","[0, 0.1, 0.2, 0.3, 0.5]","['relu', 'tanh', 'sigmoid', 'elu']","[1e-05, 0.01]","[2, 3, 4, 5, 6, 7, 8, 9, 10, 11, 12, 13, 14, 15, 16, 17, 18, 19, 20, 21, 22, 23, 24, 25, 26, 27, 28, 29, 30]","[16, 32, 64, 128]","[5, 10, 15, 20]","[2, 3, 5, 7]","[2, 4, 8]",evolution,minimize,local
t2gnay50,53,334,1779194890767,,/home/meliani/nni-experiments/t2gnay50,18,exp_evolution_50_ali_only_ali_only,hpo,/home/meliani/Desktop/phd/fast-track/search_space.json,python3 trial.py --data ./ali_only.csv,/home/meliani/Desktop/phd/fast-track,1,360000s,50,False,False,info,/home/meliani/nni-experiments,"['LSTM', 'GRU', 'CNN', 'RNN', 'TCN', 'Transformer', 'MLP']","[16, 32, 64, 128, 256]","[1, 2, 3, 4]","[0, 0.1, 0.2, 0.3, 0.5]","['relu', 'tanh', 'sigmoid', 'elu']","[1e-05, 0.01]","[2, 3, 4, 5, 6, 7, 8, 9, 10, 11, 12, 13, 14, 15, 16, 17, 18, 19, 20, 21, 22, 23, 24, 25, 26, 27, 28, 29, 30]","[16, 32, 64, 128]","[5, 10, 15, 20]","[2, 3, 5, 7]","[2, 4, 8]",evolution,minimize,local
t2gnay50,54,340,1779194890767,,/home/meliani/nni-experiments/t2gnay50,18,exp_evolution_50_ali_only_ali_only,hpo,/home/meliani/Desktop/phd/fast-track/search_space.json,python3 trial.py --data ./ali_only.csv,/home/meliani/Desktop/phd/fast-track,1,360000s,50,False,False,info,/home/meliani/nni-experiments,"['LSTM', 'GRU', 'CNN', 'RNN', 'TCN', 'Transformer', 'MLP']","[16, 32, 64, 128, 256]","[1, 2, 3, 4]","[0, 0.1, 0.2, 0.3, 0.5]","['relu', 'tanh', 'sigmoid', 'elu']","[1e-05, 0.01]","[2, 3, 4, 5, 6, 7, 8, 9, 10, 11, 12, 13, 14, 15, 16, 17, 18, 19, 20, 21, 22, 23, 24, 25, 26, 27, 28, 29, 30]","[16, 32, 64, 128]","[5, 10, 15, 20]","[2, 3, 5, 7]","[2, 4, 8]",evolution,minimize,local
t2gnay50,55,341,1779194890767,,/home/meliani/nni-experiments/t2gnay50,19,exp_evolution_50_ali_only_ali_only,hpo,/home/meliani/Desktop/phd/fast-track/search_space.json,python3 trial.py --data ./ali_only.csv,/home/meliani/Desktop/phd/fast-track,1,360000s,50,False,False,info,/home/meliani/nni-experiments,"['LSTM', 'GRU', 'CNN', 'RNN', 'TCN', 'Transformer', 'MLP']","[16, 32, 64, 128, 256]","[1, 2, 3, 4]","[0, 0.1, 0.2, 0.3, 0.5]","['relu', 'tanh', 'sigmoid', 'elu']","[1e-05, 0.01]","[2, 3, 4, 5, 6, 7, 8, 9, 10, 11, 12, 13, 14, 15, 16, 17, 18, 19, 20, 21, 22, 23, 24, 25, 26, 27, 28, 29, 30]","[16, 32, 64, 128]","[5, 10, 15, 20]","[2, 3, 5, 7]","[2, 4, 8]",evolution,minimize,local
t2gnay50,56,349,1779194890767,,/home/meliani/nni-experiments/t2gnay50,20,exp_evolution_50_ali_only_ali_only,hpo,/home/meliani/Desktop/phd/fast-track/search_space.json,python3 trial.py --data ./ali_only.csv,/home/meliani/Desktop/phd/fast-track,1,360000s,50,False,False,info,/home/meliani/nni-experiments,"['LSTM', 'GRU', 'CNN', 'RNN', 'TCN', 'Transformer', 'MLP']","[16, 32, 64, 128, 256]","[1, 2, 3, 4]","[0, 0.1, 0.2, 0.3, 0.5]","['relu', 'tanh', 'sigmoid', 'elu']","[1e-05, 0.01]","[2, 3, 4, 5, 6, 7, 8, 9, 10, 11, 12, 13, 14, 15, 16, 17, 18, 19, 20, 21, 22, 23, 24, 25, 26, 27, 28, 29, 30]","[16, 32, 64, 128]","[5, 10, 15, 20]","[2, 3, 5, 7]","[2, 4, 8]",evolution,minimize,local
t2gnay50,57,350,1779194890767,,/home/meliani/nni-experiments/t2gnay50,20,exp_evolution_50_ali_only_ali_only,hpo,/home/meliani/Desktop/phd/fast-track/search_space.json,python3 trial.py --data ./ali_only.csv,/home/meliani/Desktop/phd/fast-track,1,360000s,50,False,False,info,/home/meliani/nni-experiments,"['LSTM', 'GRU', 'CNN', 'RNN', 'TCN', 'Transformer', 'MLP']","[16, 32, 64, 128, 256]","[1, 2, 3, 4]","[0, 0.1, 0.2, 0.3, 0.5]","['relu', 'tanh', 'sigmoid', 'elu']","[1e-05, 0.01]","[2, 3, 4, 5, 6, 7, 8, 9, 10, 11, 12, 13, 14, 15, 16, 17, 18, 19, 20, 21, 22, 23, 24, 25, 26, 27, 28, 29, 30]","[16, 32, 64, 128]","[5, 10, 15, 20]","[2, 3, 5, 7]","[2, 4, 8]",evolution,minimize,local
t2gnay50,58,360,1779194890767,,/home/meliani/nni-experiments/t2gnay50,20,exp_evolution_50_ali_only_ali_only,hpo,/home/meliani/Desktop/phd/fast-track/search_space.json,python3 trial.py --data ./ali_only.csv,/home/meliani/Desktop/phd/fast-track,1,360000s,50,False,False,info,/home/meliani/nni-experiments,"['LSTM', 'GRU', 'CNN', 'RNN', 'TCN', 'Transformer', 'MLP']","[16, 32, 64, 128, 256]","[1, 2, 3, 4]","[0, 0.1, 0.2, 0.3, 0.5]","['relu', 'tanh', 'sigmoid', 'elu']","[1e-05, 0.01]","[2, 3, 4, 5, 6, 7, 8, 9, 10, 11, 12, 13, 14, 15, 16, 17, 18, 19, 20, 21, 22, 23, 24, 25, 26, 27, 28, 29, 30]","[16, 32, 64, 128]","[5, 10, 15, 20]","[2, 3, 5, 7]","[2, 4, 8]",evolution,minimize,local
t2gnay50,59,370,1779194890767,,/home/meliani/nni-experiments/t2gnay50,20,exp_evolution_50_ali_only_ali_only,hpo,/home/meliani/Desktop/phd/fast-track/search_space.json,python3 trial.py --data ./ali_only.csv,/home/meliani/Desktop/phd/fast-track,1,360000s,50,False,False,info,/home/meliani/nni-experiments,"['LSTM', 'GRU', 'CNN', 'RNN', 'TCN', 'Transformer', 'MLP']","[16, 32, 64, 128, 256]","[1, 2, 3, 4]","[0, 0.1, 0.2, 0.3, 0.5]","['relu', 'tanh', 'sigmoid', 'elu']","[1e-05, 0.01]","[2, 3, 4, 5, 6, 7, 8, 9, 10, 11, 12, 13, 14, 15, 16, 17, 18, 19, 20, 21, 22, 23, 24, 25, 26, 27, 28, 29, 30]","[16, 32, 64, 128]","[5, 10, 15, 20]","[2, 3, 5, 7]","[2, 4, 8]",evolution,minimize,local
t2gnay50,60,377,1779194890767,,/home/meliani/nni-experiments/t2gnay50,21,exp_evolution_50_ali_only_ali_only,hpo,/home/meliani/Desktop/phd/fast-track/search_space.json,python3 trial.py --data ./ali_only.csv,/home/meliani/Desktop/phd/fast-track,1,360000s,50,False,False,info,/home/meliani/nni-experiments,"['LSTM', 'GRU', 'CNN', 'RNN', 'TCN', 'Transformer', 'MLP']","[16, 32, 64, 128, 256]","[1, 2, 3, 4]","[0, 0.1, 0.2, 0.3, 0.5]","['relu', 'tanh', 'sigmoid', 'elu']","[1e-05, 0.01]","[2, 3, 4, 5, 6, 7, 8, 9, 10, 11, 12, 13, 14, 15, 16, 17, 18, 19, 20, 21, 22, 23, 24, 25, 26, 27, 28, 29, 30]","[16, 32, 64, 128]","[5, 10, 15, 20]","[2, 3, 5, 7]","[2, 4, 8]",evolution,minimize,local
t2gnay50,61,380,1779194890767,,/home/meliani/nni-experiments/t2gnay50,21,exp_evolution_50_ali_only_ali_only,hpo,/home/meliani/Desktop/phd/fast-track/search_space.json,python3 trial.py --data ./ali_only.csv,/home/meliani/Desktop/phd/fast-track,1,360000s,50,False,False,info,/home/meliani/nni-experiments,"['LSTM', 'GRU', 'CNN', 'RNN', 'TCN', 'Transformer', 'MLP']","[16, 32, 64, 128, 256]","[1, 2, 3, 4]","[0, 0.1, 0.2, 0.3, 0.5]","['relu', 'tanh', 'sigmoid', 'elu']","[1e-05, 0.01]","[2, 3, 4, 5, 6, 7, 8, 9, 10, 11, 12, 13, 14, 15, 16, 17, 18, 19, 20, 21, 22, 23, 24, 25, 26, 27, 28, 29, 30]","[16, 32, 64, 128]","[5, 10, 15, 20]","[2, 3, 5, 7]","[2, 4, 8]",evolution,minimize,local
t2gnay50,62,390,1779194890767,,/home/meliani/nni-experiments/t2gnay50,21,exp_evolution_50_ali_only_ali_only,hpo,/home/meliani/Desktop/phd/fast-track/search_space.json,python3 trial.py --data ./ali_only.csv,/home/meliani/Desktop/phd/fast-track,1,360000s,50,False,False,info,/home/meliani/nni-experiments,"['LSTM', 'GRU', 'CNN', 'RNN', 'TCN', 'Transformer', 'MLP']","[16, 32, 64, 128, 256]","[1, 2, 3, 4]","[0, 0.1, 0.2, 0.3, 0.5]","['relu', 'tanh', 'sigmoid', 'elu']","[1e-05, 0.01]","[2, 3, 4, 5, 6, 7, 8, 9, 10, 11, 12, 13, 14, 15, 16, 17, 18, 19, 20, 21, 22, 23, 24, 25, 26, 27, 28, 29, 30]","[16, 32, 64, 128]","[5, 10, 15, 20]","[2, 3, 5, 7]","[2, 4, 8]",evolution,minimize,local
t2gnay50,63,400,1779194890767,,/home/meliani/nni-experiments/t2gnay50,21,exp_evolution_50_ali_only_ali_only,hpo,/home/meliani/Desktop/phd/fast-track/search_space.json,python3 trial.py --data ./ali_only.csv,/home/meliani/Desktop/phd/fast-track,1,360000s,50,False,False,info,/home/meliani/nni-experiments,"['LSTM', 'GRU', 'CNN', 'RNN', 'TCN', 'Transformer', 'MLP']","[16, 32, 64, 128, 256]","[1, 2, 3, 4]","[0, 0.1, 0.2, 0.3, 0.5]","['relu', 'tanh', 'sigmoid', 'elu']","[1e-05, 0.01]","[2, 3, 4, 5, 6, 7, 8, 9, 10, 11, 12, 13, 14, 15, 16, 17, 18, 19, 20, 21, 22, 23, 24, 25, 26, 27, 28, 29, 30]","[16, 32, 64, 128]","[5, 10, 15, 20]","[2, 3, 5, 7]","[2, 4, 8]",evolution,minimize,local
t2gnay50,64,410,1779194890767,,/home/meliani/nni-experiments/t2gnay50,21,exp_evolution_50_ali_only_ali_only,hpo,/home/meliani/Desktop/phd/fast-track/search_space.json,python3 trial.py --data ./ali_only.csv,/home/meliani/Desktop/phd/fast-track,1,360000s,50,False,False,info,/home/meliani/nni-experiments,"['LSTM', 'GRU', 'CNN', 'RNN', 'TCN', 'Transformer', 'MLP']","[16, 32, 64, 128, 256]","[1, 2, 3, 4]","[0, 0.1, 0.2, 0.3, 0.5]","['relu', 'tanh', 'sigmoid', 'elu']","[1e-05, 0.01]","[2, 3, 4, 5, 6, 7, 8, 9, 10, 11, 12, 13, 14, 15, 16, 17, 18, 19, 20, 21, 22, 23, 24, 25, 26, 27, 28, 29, 30]","[16, 32, 64, 128]","[5, 10, 15, 20]","[2, 3, 5, 7]","[2, 4, 8]",evolution,minimize,local
t2gnay50,65,412,1779194890767,,/home/meliani/nni-experiments/t2gnay50,22,exp_evolution_50_ali_only_ali_only,hpo,/home/meliani/Desktop/phd/fast-track/search_space.json,python3 trial.py --data ./ali_only.csv,/home/meliani/Desktop/phd/fast-track,1,360000s,50,False,False,info,/home/meliani/nni-experiments,"['LSTM', 'GRU', 'CNN', 'RNN', 'TCN', 'Transformer', 'MLP']","[16, 32, 64, 128, 256]","[1, 2, 3, 4]","[0, 0.1, 0.2, 0.3, 0.5]","['relu', 'tanh', 'sigmoid', 'elu']","[1e-05, 0.01]","[2, 3, 4, 5, 6, 7, 8, 9, 10, 11, 12, 13, 14, 15, 16, 17, 18, 19, 20, 21, 22, 23, 24, 25, 26, 27, 28, 29, 30]","[16, 32, 64, 128]","[5, 10, 15, 20]","[2, 3, 5, 7]","[2, 4, 8]",evolution,minimize,local
t2gnay50,66,420,1779194890767,,/home/meliani/nni-experiments/t2gnay50,22,exp_evolution_50_ali_only_ali_only,hpo,/home/meliani/Desktop/phd/fast-track/search_space.json,python3 trial.py --data ./ali_only.csv,/home/meliani/Desktop/phd/fast-track,1,360000s,50,False,False,info,/home/meliani/nni-experiments,"['LSTM', 'GRU', 'CNN', 'RNN', 'TCN', 'Transformer', 'MLP']","[16, 32, 64, 128, 256]","[1, 2, 3, 4]","[0, 0.1, 0.2, 0.3, 0.5]","['relu', 'tanh', 'sigmoid', 'elu']","[1e-05, 0.01]","[2, 3, 4, 5, 6, 7, 8, 9, 10, 11, 12, 13, 14, 15, 16, 17, 18, 19, 20, 21, 22, 23, 24, 25, 26, 27, 28, 29, 30]","[16, 32, 64, 128]","[5, 10, 15, 20]","[2, 3, 5, 7]","[2, 4, 8]",evolution,minimize,local
t2gnay50,67,430,1779194890767,,/home/meliani/nni-experiments/t2gnay50,22,exp_evolution_50_ali_only_ali_only,hpo,/home/meliani/Desktop/phd/fast-track/search_space.json,python3 trial.py --data ./ali_only.csv,/home/meliani/Desktop/phd/fast-track,1,360000s,50,False,False,info,/home/meliani/nni-experiments,"['LSTM', 'GRU', 'CNN', 'RNN', 'TCN', 'Transformer', 'MLP']","[16, 32, 64, 128, 256]","[1, 2, 3, 4]","[0, 0.1, 0.2, 0.3, 0.5]","['relu', 'tanh', 'sigmoid', 'elu']","[1e-05, 0.01]","[2, 3, 4, 5, 6, 7, 8, 9, 10, 11, 12, 13, 14, 15, 16, 17, 18, 19, 20, 21, 22, 23, 24, 25, 26, 27, 28, 29, 30]","[16, 32, 64, 128]","[5, 10, 15, 20]","[2, 3, 5, 7]","[2, 4, 8]",evolution,minimize,local
t2gnay50,68,440,1779194890767,,/home/meliani/nni-experiments/t2gnay50,22,exp_evolution_50_ali_only_ali_only,hpo,/home/meliani/Desktop/phd/fast-track/search_space.json,python3 trial.py --data ./ali_only.csv,/home/meliani/Desktop/phd/fast-track,1,360000s,50,False,False,info,/home/meliani/nni-experiments,"['LSTM', 'GRU', 'CNN', 'RNN', 'TCN', 'Transformer', 'MLP']","[16, 32, 64, 128, 256]","[1, 2, 3, 4]","[0, 0.1, 0.2, 0.3, 0.5]","['relu', 'tanh', 'sigmoid', 'elu']","[1e-05, 0.01]","[2, 3, 4, 5, 6, 7, 8, 9, 10, 11, 12, 13, 14, 15, 16, 17, 18, 19, 20, 21, 22, 23, 24, 25, 26, 27, 28, 29, 30]","[16, 32, 64, 128]","[5, 10, 15, 20]","[2, 3, 5, 7]","[2, 4, 8]",evolution,minimize,local
t2gnay50,69,444,1779194890767,,/home/meliani/nni-experiments/t2gnay50,23,exp_evolution_50_ali_only_ali_only,hpo,/home/meliani/Desktop/phd/fast-track/search_space.json,python3 trial.py --data ./ali_only.csv,/home/meliani/Desktop/phd/fast-track,1,360000s,50,False,False,info,/home/meliani/nni-experiments,"['LSTM', 'GRU', 'CNN', 'RNN', 'TCN', 'Transformer', 'MLP']","[16, 32, 64, 128, 256]","[1, 2, 3, 4]","[0, 0.1, 0.2, 0.3, 0.5]","['relu', 'tanh', 'sigmoid', 'elu']","[1e-05, 0.01]","[2, 3, 4, 5, 6, 7, 8, 9, 10, 11, 12, 13, 14, 15, 16, 17, 18, 19, 20, 21, 22, 23, 24, 25, 26, 27, 28, 29, 30]","[16, 32, 64, 128]","[5, 10, 15, 20]","[2, 3, 5, 7]","[2, 4, 8]",evolution,minimize,local
t2gnay50,70,450,1779194890767,,/home/meliani/nni-experiments/t2gnay50,23,exp_evolution_50_ali_only_ali_only,hpo,/home/meliani/Desktop/phd/fast-track/search_space.json,python3 trial.py --data ./ali_only.csv,/home/meliani/Desktop/phd/fast-track,1,360000s,50,False,False,info,/home/meliani/nni-experiments,"['LSTM', 'GRU', 'CNN', 'RNN', 'TCN', 'Transformer', 'MLP']","[16, 32, 64, 128, 256]","[1, 2, 3, 4]","[0, 0.1, 0.2, 0.3, 0.5]","['relu', 'tanh', 'sigmoid', 'elu']","[1e-05, 0.01]","[2, 3, 4, 5, 6, 7, 8, 9, 10, 11, 12, 13, 14, 15, 16, 17, 18, 19, 20, 21, 22, 23, 24, 25, 26, 27, 28, 29, 30]","[16, 32, 64, 128]","[5, 10, 15, 20]","[2, 3, 5, 7]","[2, 4, 8]",evolution,minimize,local
t2gnay50,71,460,1779194890767,,/home/meliani/nni-experiments/t2gnay50,23,exp_evolution_50_ali_only_ali_only,hpo,/home/meliani/Desktop/phd/fast-track/search_space.json,python3 trial.py --data ./ali_only.csv,/home/meliani/Desktop/phd/fast-track,1,360000s,50,False,False,info,/home/meliani/nni-experiments,"['LSTM', 'GRU', 'CNN', 'RNN', 'TCN', 'Transformer', 'MLP']","[16, 32, 64, 128, 256]","[1, 2, 3, 4]","[0, 0.1, 0.2, 0.3, 0.5]","['relu', 'tanh', 'sigmoid', 'elu']","[1e-05, 0.01]","[2, 3, 4, 5, 6, 7, 8, 9, 10, 11, 12, 13, 14, 15, 16, 17, 18, 19, 20, 21, 22, 23, 24, 25, 26, 27, 28, 29, 30]","[16, 32, 64, 128]","[5, 10, 15, 20]","[2, 3, 5, 7]","[2, 4, 8]",evolution,minimize,local
t2gnay50,72,470,1779194890767,,/home/meliani/nni-experiments/t2gnay50,23,exp_evolution_50_ali_only_ali_only,hpo,/home/meliani/Desktop/phd/fast-track/search_space.json,python3 trial.py --data ./ali_only.csv,/home/meliani/Desktop/phd/fast-track,1,360000s,50,False,False,info,/home/meliani/nni-experiments,"['LSTM', 'GRU', 'CNN', 'RNN', 'TCN', 'Transformer', 'MLP']","[16, 32, 64, 128, 256]","[1, 2, 3, 4]","[0, 0.1, 0.2, 0.3, 0.5]","['relu', 'tanh', 'sigmoid', 'elu']","[1e-05, 0.01]","[2, 3, 4, 5, 6, 7, 8, 9, 10, 11, 12, 13, 14, 15, 16, 17, 18, 19, 20, 21, 22, 23, 24, 25, 26, 27, 28, 29, 30]","[16, 32, 64, 128]","[5, 10, 15, 20]","[2, 3, 5, 7]","[2, 4, 8]",evolution,minimize,local
t2gnay50,73,480,1779194890767,,/home/meliani/nni-experiments/t2gnay50,23,exp_evolution_50_ali_only_ali_only,hpo,/home/meliani/Desktop/phd/fast-track/search_space.json,python3 trial.py --data ./ali_only.csv,/home/meliani/Desktop/phd/fast-track,1,360000s,50,False,False,info,/home/meliani/nni-experiments,"['LSTM', 'GRU', 'CNN', 'RNN', 'TCN', 'Transformer', 'MLP']","[16, 32, 64, 128, 256]","[1, 2, 3, 4]","[0, 0.1, 0.2, 0.3, 0.5]","['relu', 'tanh', 'sigmoid', 'elu']","[1e-05, 0.01]","[2, 3, 4, 5, 6, 7, 8, 9, 10, 11, 12, 13, 14, 15, 16, 17, 18, 19, 20, 21, 22, 23, 24, 25, 26, 27, 28, 29, 30]","[16, 32, 64, 128]","[5, 10, 15, 20]","[2, 3, 5, 7]","[2, 4, 8]",evolution,minimize,local
t2gnay50,74,490,1779194890767,,/home/meliani/nni-experiments/t2gnay50,23,exp_evolution_50_ali_only_ali_only,hpo,/home/meliani/Desktop/phd/fast-track/search_space.json,python3 trial.py --data ./ali_only.csv,/home/meliani/Desktop/phd/fast-track,1,360000s,50,False,False,info,/home/meliani/nni-experiments,"['LSTM', 'GRU', 'CNN', 'RNN', 'TCN', 'Transformer', 'MLP']","[16, 32, 64, 128, 256]","[1, 2, 3, 4]","[0, 0.1, 0.2, 0.3, 0.5]","['relu', 'tanh', 'sigmoid', 'elu']","[1e-05, 0.01]","[2, 3, 4, 5, 6, 7, 8, 9, 10, 11, 12, 13, 14, 15, 16, 17, 18, 19, 20, 21, 22, 23, 24, 25, 26, 27, 28, 29, 30]","[16, 32, 64, 128]","[5, 10, 15, 20]","[2, 3, 5, 7]","[2, 4, 8]",evolution,minimize,local
t2gnay50,75,500,1779194890767,,/home/meliani/nni-experiments/t2gnay50,23,exp_evolution_50_ali_only_ali_only,hpo,/home/meliani/Desktop/phd/fast-track/search_space.json,python3 trial.py --data ./ali_only.csv,/home/meliani/Desktop/phd/fast-track,1,360000s,50,False,False,info,/home/meliani/nni-experiments,"['LSTM', 'GRU', 'CNN', 'RNN', 'TCN', 'Transformer', 'MLP']","[16, 32, 64, 128, 256]","[1, 2, 3, 4]","[0, 0.1, 0.2, 0.3, 0.5]","['relu', 'tanh', 'sigmoid', 'elu']","[1e-05, 0.01]","[2, 3, 4, 5, 6, 7, 8, 9, 10, 11, 12, 13, 14, 15, 16, 17, 18, 19, 20, 21, 22, 23, 24, 25, 26, 27, 28, 29, 30]","[16, 32, 64, 128]","[5, 10, 15, 20]","[2, 3, 5, 7]","[2, 4, 8]",evolution,minimize,local
t2gnay50,76,510,1779194890767,,/home/meliani/nni-experiments/t2gnay50,23,exp_evolution_50_ali_only_ali_only,hpo,/home/meliani/Desktop/phd/fast-track/search_space.json,python3 trial.py --data ./ali_only.csv,/home/meliani/Desktop/phd/fast-track,1,360000s,50,False,False,info,/home/meliani/nni-experiments,"['LSTM', 'GRU', 'CNN', 'RNN', 'TCN', 'Transformer', 'MLP']","[16, 32, 64, 128, 256]","[1, 2, 3, 4]","[0, 0.1, 0.2, 0.3, 0.5]","['relu', 'tanh', 'sigmoid', 'elu']","[1e-05, 0.01]","[2, 3, 4, 5, 6, 7, 8, 9, 10, 11, 12, 13, 14, 15, 16, 17, 18, 19, 20, 21, 22, 23, 24, 25, 26, 27, 28, 29, 30]","[16, 32, 64, 128]","[5, 10, 15, 20]","[2, 3, 5, 7]","[2, 4, 8]",evolution,minimize,local
t2gnay50,77,520,1779194890767,,/home/meliani/nni-experiments/t2gnay50,23,exp_evolution_50_ali_only_ali_only,hpo,/home/meliani/Desktop/phd/fast-track/search_space.json,python3 trial.py --data ./ali_only.csv,/home/meliani/Desktop/phd/fast-track,1,360000s,50,False,False,info,/home/meliani/nni-experiments,"['LSTM', 'GRU', 'CNN', 'RNN', 'TCN', 'Transformer', 'MLP']","[16, 32, 64, 128, 256]","[1, 2, 3, 4]","[0, 0.1, 0.2, 0.3, 0.5]","['relu', 'tanh', 'sigmoid', 'elu']","[1e-05, 0.01]","[2, 3, 4, 5, 6, 7, 8, 9, 10, 11, 12, 13, 14, 15, 16, 17, 18, 19, 20, 21, 22, 23, 24, 25, 26, 27, 28, 29, 30]","[16, 32, 64, 128]","[5, 10, 15, 20]","[2, 3, 5, 7]","[2, 4, 8]",evolution,minimize,local
t2gnay50,78,522,1779194890767,,/home/meliani/nni-experiments/t2gnay50,24,exp_evolution_50_ali_only_ali_only,hpo,/home/meliani/Desktop/phd/fast-track/search_space.json,python3 trial.py --data ./ali_only.csv,/home/meliani/Desktop/phd/fast-track,1,360000s,50,False,False,info,/home/meliani/nni-experiments,"['LSTM', 'GRU', 'CNN', 'RNN', 'TCN', 'Transformer', 'MLP']","[16, 32, 64, 128, 256]","[1, 2, 3, 4]","[0, 0.1, 0.2, 0.3, 0.5]","['relu', 'tanh', 'sigmoid', 'elu']","[1e-05, 0.01]","[2, 3, 4, 5, 6, 7, 8, 9, 10, 11, 12, 13, 14, 15, 16, 17, 18, 19, 20, 21, 22, 23, 24, 25, 26, 27, 28, 29, 30]","[16, 32, 64, 128]","[5, 10, 15, 20]","[2, 3, 5, 7]","[2, 4, 8]",evolution,minimize,local
t2gnay50,79,530,1779194890767,,/home/meliani/nni-experiments/t2gnay50,24,exp_evolution_50_ali_only_ali_only,hpo,/home/meliani/Desktop/phd/fast-track/search_space.json,python3 trial.py --data ./ali_only.csv,/home/meliani/Desktop/phd/fast-track,1,360000s,50,False,False,info,/home/meliani/nni-experiments,"['LSTM', 'GRU', 'CNN', 'RNN', 'TCN', 'Transformer', 'MLP']","[16, 32, 64, 128, 256]","[1, 2, 3, 4]","[0, 0.1, 0.2, 0.3, 0.5]","['relu', 'tanh', 'sigmoid', 'elu']","[1e-05, 0.01]","[2, 3, 4, 5, 6, 7, 8, 9, 10, 11, 12, 13, 14, 15, 16, 17, 18, 19, 20, 21, 22, 23, 24, 25, 26, 27, 28, 29, 30]","[16, 32, 64, 128]","[5, 10, 15, 20]","[2, 3, 5, 7]","[2, 4, 8]",evolution,minimize,local
t2gnay50,80,533,1779194890767,,/home/meliani/nni-experiments/t2gnay50,25,exp_evolution_50_ali_only_ali_only,hpo,/home/meliani/Desktop/phd/fast-track/search_space.json,python3 trial.py --data ./ali_only.csv,/home/meliani/Desktop/phd/fast-track,1,360000s,50,False,False,info,/home/meliani/nni-experiments,"['LSTM', 'GRU', 'CNN', 'RNN', 'TCN', 'Transformer', 'MLP']","[16, 32, 64, 128, 256]","[1, 2, 3, 4]","[0, 0.1, 0.2, 0.3, 0.5]","['relu', 'tanh', 'sigmoid', 'elu']","[1e-05, 0.01]","[2, 3, 4, 5, 6, 7, 8, 9, 10, 11, 12, 13, 14, 15, 16, 17, 18, 19, 20, 21, 22, 23, 24, 25, 26, 27, 28, 29, 30]","[16, 32, 64, 128]","[5, 10, 15, 20]","[2, 3, 5, 7]","[2, 4, 8]",evolution,minimize,local
t2gnay50,81,540,1779194890767,,/home/meliani/nni-experiments/t2gnay50,25,exp_evolution_50_ali_only_ali_only,hpo,/home/meliani/Desktop/phd/fast-track/search_space.json,python3 trial.py --data ./ali_only.csv,/home/meliani/Desktop/phd/fast-track,1,360000s,50,False,False,info,/home/meliani/nni-experiments,"['LSTM', 'GRU', 'CNN', 'RNN', 'TCN', 'Transformer', 'MLP']","[16, 32, 64, 128, 256]","[1, 2, 3, 4]","[0, 0.1, 0.2, 0.3, 0.5]","['relu', 'tanh', 'sigmoid', 'elu']","[1e-05, 0.01]","[2, 3, 4, 5, 6, 7, 8, 9, 10, 11, 12, 13, 14, 15, 16, 17, 18, 19, 20, 21, 22, 23, 24, 25, 26, 27, 28, 29, 30]","[16, 32, 64, 128]","[5, 10, 15, 20]","[2, 3, 5, 7]","[2, 4, 8]",evolution,minimize,local
t2gnay50,82,542,1779194890767,,/home/meliani/nni-experiments/t2gnay50,26,exp_evolution_50_ali_only_ali_only,hpo,/home/meliani/Desktop/phd/fast-track/search_space.json,python3 trial.py --data ./ali_only.csv,/home/meliani/Desktop/phd/fast-track,1,360000s,50,False,False,info,/home/meliani/nni-experiments,"['LSTM', 'GRU', 'CNN', 'RNN', 'TCN', 'Transformer', 'MLP']","[16, 32, 64, 128, 256]","[1, 2, 3, 4]","[0, 0.1, 0.2, 0.3, 0.5]","['relu', 'tanh', 'sigmoid', 'elu']","[1e-05, 0.01]","[2, 3, 4, 5, 6, 7, 8, 9, 10, 11, 12, 13, 14, 15, 16, 17, 18, 19, 20, 21, 22, 23, 24, 25, 26, 27, 28, 29, 30]","[16, 32, 64, 128]","[5, 10, 15, 20]","[2, 3, 5, 7]","[2, 4, 8]",evolution,minimize,local
t2gnay50,83,550,1779194890767,,/home/meliani/nni-experiments/t2gnay50,26,exp_evolution_50_ali_only_ali_only,hpo,/home/meliani/Desktop/phd/fast-track/search_space.json,python3 trial.py --data ./ali_only.csv,/home/meliani/Desktop/phd/fast-track,1,360000s,50,False,False,info,/home/meliani/nni-experiments,"['LSTM', 'GRU', 'CNN', 'RNN', 'TCN', 'Transformer', 'MLP']","[16, 32, 64, 128, 256]","[1, 2, 3, 4]","[0, 0.1, 0.2, 0.3, 0.5]","['relu', 'tanh', 'sigmoid', 'elu']","[1e-05, 0.01]","[2, 3, 4, 5, 6, 7, 8, 9, 10, 11, 12, 13, 14, 15, 16, 17, 18, 19, 20, 21, 22, 23, 24, 25, 26, 27, 28, 29, 30]","[16, 32, 64, 128]","[5, 10, 15, 20]","[2, 3, 5, 7]","[2, 4, 8]",evolution,minimize,local
t2gnay50,84,560,1779194890767,,/home/meliani/nni-experiments/t2gnay50,26,exp_evolution_50_ali_only_ali_only,hpo,/home/meliani/Desktop/phd/fast-track/search_space.json,python3 trial.py --data ./ali_only.csv,/home/meliani/Desktop/phd/fast-track,1,360000s,50,False,False,info,/home/meliani/nni-experiments,"['LSTM', 'GRU', 'CNN', 'RNN', 'TCN', 'Transformer', 'MLP']","[16, 32, 64, 128, 256]","[1, 2, 3, 4]","[0, 0.1, 0.2, 0.3, 0.5]","['relu', 'tanh', 'sigmoid', 'elu']","[1e-05, 0.01]","[2, 3, 4, 5, 6, 7, 8, 9, 10, 11, 12, 13, 14, 15, 16, 17, 18, 19, 20, 21, 22, 23, 24, 25, 26, 27, 28, 29, 30]","[16, 32, 64, 128]","[5, 10, 15, 20]","[2, 3, 5, 7]","[2, 4, 8]",evolution,minimize,local
t2gnay50,85,570,1779194890767,,/home/meliani/nni-experiments/t2gnay50,26,exp_evolution_50_ali_only_ali_only,hpo,/home/meliani/Desktop/phd/fast-track/search_space.json,python3 trial.py --data ./ali_only.csv,/home/meliani/Desktop/phd/fast-track,1,360000s,50,False,False,info,/home/meliani/nni-experiments,"['LSTM', 'GRU', 'CNN', 'RNN', 'TCN', 'Transformer', 'MLP']","[16, 32, 64, 128, 256]","[1, 2, 3, 4]","[0, 0.1, 0.2, 0.3, 0.5]","['relu', 'tanh', 'sigmoid', 'elu']","[1e-05, 0.01]","[2, 3, 4, 5, 6, 7, 8, 9, 10, 11, 12, 13, 14, 15, 16, 17, 18, 19, 20, 21, 22, 23, 24, 25, 26, 27, 28, 29, 30]","[16, 32, 64, 128]","[5, 10, 15, 20]","[2, 3, 5, 7]","[2, 4, 8]",evolution,minimize,local
t2gnay50,86,580,1779194890767,,/home/meliani/nni-experiments/t2gnay50,26,exp_evolution_50_ali_only_ali_only,hpo,/home/meliani/Desktop/phd/fast-track/search_space.json,python3 trial.py --data ./ali_only.csv,/home/meliani/Desktop/phd/fast-track,1,360000s,50,False,False,info,/home/meliani/nni-experiments,"['LSTM', 'GRU', 'CNN', 'RNN', 'TCN', 'Transformer', 'MLP']","[16, 32, 64, 128, 256]","[1, 2, 3, 4]","[0, 0.1, 0.2, 0.3, 0.5]","['relu', 'tanh', 'sigmoid', 'elu']","[1e-05, 0.01]","[2, 3, 4, 5, 6, 7, 8, 9, 10, 11, 12, 13, 14, 15, 16, 17, 18, 19, 20, 21, 22, 23, 24, 25, 26, 27, 28, 29, 30]","[16, 32, 64, 128]","[5, 10, 15, 20]","[2, 3, 5, 7]","[2, 4, 8]",evolution,minimize,local
t2gnay50,87,586,1779194890767,,/home/meliani/nni-experiments/t2gnay50,27,exp_evolution_50_ali_only_ali_only,hpo,/home/meliani/Desktop/phd/fast-track/search_space.json,python3 trial.py --data ./ali_only.csv,/home/meliani/Desktop/phd/fast-track,1,360000s,50,False,False,info,/home/meliani/nni-experiments,"['LSTM', 'GRU', 'CNN', 'RNN', 'TCN', 'Transformer', 'MLP']","[16, 32, 64, 128, 256]","[1, 2, 3, 4]","[0, 0.1, 0.2, 0.3, 0.5]","['relu', 'tanh', 'sigmoid', 'elu']","[1e-05, 0.01]","[2, 3, 4, 5, 6, 7, 8, 9, 10, 11, 12, 13, 14, 15, 16, 17, 18, 19, 20, 21, 22, 23, 24, 25, 26, 27, 28, 29, 30]","[16, 32, 64, 128]","[5, 10, 15, 20]","[2, 3, 5, 7]","[2, 4, 8]",evolution,minimize,local
t2gnay50,88,590,1779194890767,,/home/meliani/nni-experiments/t2gnay50,27,exp_evolution_50_ali_only_ali_only,hpo,/home/meliani/Desktop/phd/fast-track/search_space.json,python3 trial.py --data ./ali_only.csv,/home/meliani/Desktop/phd/fast-track,1,360000s,50,False,False,info,/home/meliani/nni-experiments,"['LSTM', 'GRU', 'CNN', 'RNN', 'TCN', 'Transformer', 'MLP']","[16, 32, 64, 128, 256]","[1, 2, 3, 4]","[0, 0.1, 0.2, 0.3, 0.5]","['relu', 'tanh', 'sigmoid', 'elu']","[1e-05, 0.01]","[2, 3, 4, 5, 6, 7, 8, 9, 10, 11, 12, 13, 14, 15, 16, 17, 18, 19, 20, 21, 22, 23, 24, 25, 26, 27, 28, 29, 30]","[16, 32, 64, 128]","[5, 10, 15, 20]","[2, 3, 5, 7]","[2, 4, 8]",evolution,minimize,local
t2gnay50,89,593,1779194890767,,/home/meliani/nni-experiments/t2gnay50,28,exp_evolution_50_ali_only_ali_only,hpo,/home/meliani/Desktop/phd/fast-track/search_space.json,python3 trial.py --data ./ali_only.csv,/home/meliani/Desktop/phd/fast-track,1,360000s,50,False,False,info,/home/meliani/nni-experiments,"['LSTM', 'GRU', 'CNN', 'RNN', 'TCN', 'Transformer', 'MLP']","[16, 32, 64, 128, 256]","[1, 2, 3, 4]","[0, 0.1, 0.2, 0.3, 0.5]","['relu', 'tanh', 'sigmoid', 'elu']","[1e-05, 0.01]","[2, 3, 4, 5, 6, 7, 8, 9, 10, 11, 12, 13, 14, 15, 16, 17, 18, 19, 20, 21, 22, 23, 24, 25, 26, 27, 28, 29, 30]","[16, 32, 64, 128]","[5, 10, 15, 20]","[2, 3, 5, 7]","[2, 4, 8]",evolution,minimize,local
t2gnay50,90,600,1779194890767,,/home/meliani/nni-experiments/t2gnay50,28,exp_evolution_50_ali_only_ali_only,hpo,/home/meliani/Desktop/phd/fast-track/search_space.json,python3 trial.py --data ./ali_only.csv,/home/meliani/Desktop/phd/fast-track,1,360000s,50,False,False,info,/home/meliani/nni-experiments,"['LSTM', 'GRU', 'CNN', 'RNN', 'TCN', 'Transformer', 'MLP']","[16, 32, 64, 128, 256]","[1, 2, 3, 4]","[0, 0.1, 0.2, 0.3, 0.5]","['relu', 'tanh', 'sigmoid', 'elu']","[1e-05, 0.01]","[2, 3, 4, 5, 6, 7, 8, 9, 10, 11, 12, 13, 14, 15, 16, 17, 18, 19, 20, 21, 22, 23, 24, 25, 26, 27, 28, 29, 30]","[16, 32, 64, 128]","[5, 10, 15, 20]","[2, 3, 5, 7]","[2, 4, 8]",evolution,minimize,local
t2gnay50,91,600,1779194890767,,/home/meliani/nni-experiments/t2gnay50,29,exp_evolution_50_ali_only_ali_only,hpo,/home/meliani/Desktop/phd/fast-track/search_space.json,python3 trial.py --data ./ali_only.csv,/home/meliani/Desktop/phd/fast-track,1,360000s,50,False,False,info,/home/meliani/nni-experiments,"['LSTM', 'GRU', 'CNN', 'RNN', 'TCN', 'Transformer', 'MLP']","[16, 32, 64, 128, 256]","[1, 2, 3, 4]","[0, 0.1, 0.2, 0.3, 0.5]","['relu', 'tanh', 'sigmoid', 'elu']","[1e-05, 0.01]","[2, 3, 4, 5, 6, 7, 8, 9, 10, 11, 12, 13, 14, 15, 16, 17, 18, 19, 20, 21, 22, 23, 24, 25, 26, 27, 28, 29, 30]","[16, 32, 64, 128]","[5, 10, 15, 20]","[2, 3, 5, 7]","[2, 4, 8]",evolution,minimize,local
t2gnay50,92,608,1779194890767,,/home/meliani/nni-experiments/t2gnay50,30,exp_evolution_50_ali_only_ali_only,hpo,/home/meliani/Desktop/phd/fast-track/search_space.json,python3 trial.py --data ./ali_only.csv,/home/meliani/Desktop/phd/fast-track,1,360000s,50,False,False,info,/home/meliani/nni-experiments,"['LSTM', 'GRU', 'CNN', 'RNN', 'TCN', 'Transformer', 'MLP']","[16, 32, 64, 128, 256]","[1, 2, 3, 4]","[0, 0.1, 0.2, 0.3, 0.5]","['relu', 'tanh', 'sigmoid', 'elu']","[1e-05, 0.01]","[2, 3, 4, 5, 6, 7, 8, 9, 10, 11, 12, 13, 14, 15, 16, 17, 18, 19, 20, 21, 22, 23, 24, 25, 26, 27, 28, 29, 30]","[16, 32, 64, 128]","[5, 10, 15, 20]","[2, 3, 5, 7]","[2, 4, 8]",evolution,minimize,local
t2gnay50,93,610,1779194890767,,/home/meliani/nni-experiments/t2gnay50,30,exp_evolution_50_ali_only_ali_only,hpo,/home/meliani/Desktop/phd/fast-track/search_space.json,python3 trial.py --data ./ali_only.csv,/home/meliani/Desktop/phd/fast-track,1,360000s,50,False,False,info,/home/meliani/nni-experiments,"['LSTM', 'GRU', 'CNN', 'RNN', 'TCN', 'Transformer', 'MLP']","[16, 32, 64, 128, 256]","[1, 2, 3, 4]","[0, 0.1, 0.2, 0.3, 0.5]","['relu', 'tanh', 'sigmoid', 'elu']","[1e-05, 0.01]","[2, 3, 4, 5, 6, 7, 8, 9, 10, 11, 12, 13, 14, 15, 16, 17, 18, 19, 20, 21, 22, 23, 24, 25, 26, 27, 28, 29, 30]","[16, 32, 64, 128]","[5, 10, 15, 20]","[2, 3, 5, 7]","[2, 4, 8]",evolution,minimize,local
t2gnay50,94,618,1779194890767,,/home/meliani/nni-experiments/t2gnay50,31,exp_evolution_50_ali_only_ali_only,hpo,/home/meliani/Desktop/phd/fast-track/search_space.json,python3 trial.py --data ./ali_only.csv,/home/meliani/Desktop/phd/fast-track,1,360000s,50,False,False,info,/home/meliani/nni-experiments,"['LSTM', 'GRU', 'CNN', 'RNN', 'TCN', 'Transformer', 'MLP']","[16, 32, 64, 128, 256]","[1, 2, 3, 4]","[0, 0.1, 0.2, 0.3, 0.5]","['relu', 'tanh', 'sigmoid', 'elu']","[1e-05, 0.01]","[2, 3, 4, 5, 6, 7, 8, 9, 10, 11, 12, 13, 14, 15, 16, 17, 18, 19, 20, 21, 22, 23, 24, 25, 26, 27, 28, 29, 30]","[16, 32, 64, 128]","[5, 10, 15, 20]","[2, 3, 5, 7]","[2, 4, 8]",evolution,minimize,local
t2gnay50,95,620,1779194890767,,/home/meliani/nni-experiments/t2gnay50,31,exp_evolution_50_ali_only_ali_only,hpo,/home/meliani/Desktop/phd/fast-track/search_space.json,python3 trial.py --data ./ali_only.csv,/home/meliani/Desktop/phd/fast-track,1,360000s,50,False,False,info,/home/meliani/nni-experiments,"['LSTM', 'GRU', 'CNN', 'RNN', 'TCN', 'Transformer', 'MLP']","[16, 32, 64, 128, 256]","[1, 2, 3, 4]","[0, 0.1, 0.2, 0.3, 0.5]","['relu', 'tanh', 'sigmoid', 'elu']","[1e-05, 0.01]","[2, 3, 4, 5, 6, 7, 8, 9, 10, 11, 12, 13, 14, 15, 16, 17, 18, 19, 20, 21, 22, 23, 24, 25, 26, 27, 28, 29, 30]","[16, 32, 64, 128]","[5, 10, 15, 20]","[2, 3, 5, 7]","[2, 4, 8]",evolution,minimize,local
t2gnay50,96,630,1779194890767,,/home/meliani/nni-experiments/t2gnay50,31,exp_evolution_50_ali_only_ali_only,hpo,/home/meliani/Desktop/phd/fast-track/search_space.json,python3 trial.py --data ./ali_only.csv,/home/meliani/Desktop/phd/fast-track,1,360000s,50,False,False,info,/home/meliani/nni-experiments,"['LSTM', 'GRU', 'CNN', 'RNN', 'TCN', 'Transformer', 'MLP']","[16, 32, 64, 128, 256]","[1, 2, 3, 4]","[0, 0.1, 0.2, 0.3, 0.5]","['relu', 'tanh', 'sigmoid', 'elu']","[1e-05, 0.01]","[2, 3, 4, 5, 6, 7, 8, 9, 10, 11, 12, 13, 14, 15, 16, 17, 18, 19, 20, 21, 22, 23, 24, 25, 26, 27, 28, 29, 30]","[16, 32, 64, 128]","[5, 10, 15, 20]","[2, 3, 5, 7]","[2, 4, 8]",evolution,minimize,local
t2gnay50,97,640,1779194890767,,/home/meliani/nni-experiments/t2gnay50,31,exp_evolution_50_ali_only_ali_only,hpo,/home/meliani/Desktop/phd/fast-track/search_space.json,python3 trial.py --data ./ali_only.csv,/home/meliani/Desktop/phd/fast-track,1,360000s,50,False,False,info,/home/meliani/nni-experiments,"['LSTM', 'GRU', 'CNN', 'RNN', 'TCN', 'Transformer', 'MLP']","[16, 32, 64, 128, 256]","[1, 2, 3, 4]","[0, 0.1, 0.2, 0.3, 0.5]","['relu', 'tanh', 'sigmoid', 'elu']","[1e-05, 0.01]","[2, 3, 4, 5, 6, 7, 8, 9, 10, 11, 12, 13, 14, 15, 16, 17, 18, 19, 20, 21, 22, 23, 24, 25, 26, 27, 28, 29, 30]","[16, 32, 64, 128]","[5, 10, 15, 20]","[2, 3, 5, 7]","[2, 4, 8]",evolution,minimize,local
t2gnay50,98,650,1779194890767,,/home/meliani/nni-experiments/t2gnay50,31,exp_evolution_50_ali_only_ali_only,hpo,/home/meliani/Desktop/phd/fast-track/search_space.json,python3 trial.py --data ./ali_only.csv,/home/meliani/Desktop/phd/fast-track,1,360000s,50,False,False,info,/home/meliani/nni-experiments,"['LSTM', 'GRU', 'CNN', 'RNN', 'TCN', 'Transformer', 'MLP']","[16, 32, 64, 128, 256]","[1, 2, 3, 4]","[0, 0.1, 0.2, 0.3, 0.5]","['relu', 'tanh', 'sigmoid', 'elu']","[1e-05, 0.01]","[2, 3, 4, 5, 6, 7, 8, 9, 10, 11, 12, 13, 14, 15, 16, 17, 18, 19, 20, 21, 22, 23, 24, 25, 26, 27, 28, 29, 30]","[16, 32, 64, 128]","[5, 10, 15, 20]","[2, 3, 5, 7]","[2, 4, 8]",evolution,minimize,local
t2gnay50,99,660,1779194890767,,/home/meliani/nni-experiments/t2gnay50,31,exp_evolution_50_ali_only_ali_only,hpo,/home/meliani/Desktop/phd/fast-track/search_space.json,python3 trial.py --data ./ali_only.csv,/home/meliani/Desktop/phd/fast-track,1,360000s,50,False,False,info,/home/meliani/nni-experiments,"['LSTM', 'GRU', 'CNN', 'RNN', 'TCN', 'Transformer', 'MLP']","[16, 32, 64, 128, 256]","[1, 2, 3, 4]","[0, 0.1, 0.2, 0.3, 0.5]","['relu', 'tanh', 'sigmoid', 'elu']","[1e-05, 0.01]","[2, 3, 4, 5, 6, 7, 8, 9, 10, 11, 12, 13, 14, 15, 16, 17, 18, 19, 20, 21, 22, 23, 24, 25, 26, 27, 28, 29, 30]","[16, 32, 64, 128]","[5, 10, 15, 20]","[2, 3, 5, 7]","[2, 4, 8]",evolution,minimize,local
t2gnay50,100,670,1779194890767,,/home/meliani/nni-experiments/t2gnay50,31,exp_evolution_50_ali_only_ali_only,hpo,/home/meliani/Desktop/phd/fast-track/search_space.json,python3 trial.py --data ./ali_only.csv,/home/meliani/Desktop/phd/fast-track,1,360000s,50,False,False,info,/home/meliani/nni-experiments,"['LSTM', 'GRU', 'CNN', 'RNN', 'TCN', 'Transformer', 'MLP']","[16, 32, 64, 128, 256]","[1, 2, 3, 4]","[0, 0.1, 0.2, 0.3, 0.5]","['relu', 'tanh', 'sigmoid', 'elu']","[1e-05, 0.01]","[2, 3, 4, 5, 6, 7, 8, 9, 10, 11, 12, 13, 14, 15, 16, 17, 18, 19, 20, 21, 22, 23, 24, 25, 26, 27, 28, 29, 30]","[16, 32, 64, 128]","[5, 10, 15, 20]","[2, 3, 5, 7]","[2, 4, 8]",evolution,minimize,local
t2gnay50,101,678,1779194890767,,/home/meliani/nni-experiments/t2gnay50,32,exp_evolution_50_ali_only_ali_only,hpo,/home/meliani/Desktop/phd/fast-track/search_space.json,python3 trial.py --data ./ali_only.csv,/home/meliani/Desktop/phd/fast-track,1,360000s,50,False,False,info,/home/meliani/nni-experiments,"['LSTM', 'GRU', 'CNN', 'RNN', 'TCN', 'Transformer', 'MLP']","[16, 32, 64, 128, 256]","[1, 2, 3, 4]","[0, 0.1, 0.2, 0.3, 0.5]","['relu', 'tanh', 'sigmoid', 'elu']","[1e-05, 0.01]","[2, 3, 4, 5, 6, 7, 8, 9, 10, 11, 12, 13, 14, 15, 16, 17, 18, 19, 20, 21, 22, 23, 24, 25, 26, 27, 28, 29, 30]","[16, 32, 64, 128]","[5, 10, 15, 20]","[2, 3, 5, 7]","[2, 4, 8]",evolution,minimize,local
t2gnay50,102,680,1779194890767,,/home/meliani/nni-experiments/t2gnay50,32,exp_evolution_50_ali_only_ali_only,hpo,/home/meliani/Desktop/phd/fast-track/search_space.json,python3 trial.py --data ./ali_only.csv,/home/meliani/Desktop/phd/fast-track,1,360000s,50,False,False,info,/home/meliani/nni-experiments,"['LSTM', 'GRU', 'CNN', 'RNN', 'TCN', 'Transformer', 'MLP']","[16, 32, 64, 128, 256]","[1, 2, 3, 4]","[0, 0.1, 0.2, 0.3, 0.5]","['relu', 'tanh', 'sigmoid', 'elu']","[1e-05, 0.01]","[2, 3, 4, 5, 6, 7, 8, 9, 10, 11, 12, 13, 14, 15, 16, 17, 18, 19, 20, 21, 22, 23, 24, 25, 26, 27, 28, 29, 30]","[16, 32, 64, 128]","[5, 10, 15, 20]","[2, 3, 5, 7]","[2, 4, 8]",evolution,minimize,local
t2gnay50,103,685,1779194890767,,/home/meliani/nni-experiments/t2gnay50,33,exp_evolution_50_ali_only_ali_only,hpo,/home/meliani/Desktop/phd/fast-track/search_space.json,python3 trial.py --data ./ali_only.csv,/home/meliani/Desktop/phd/fast-track,1,360000s,50,False,False,info,/home/meliani/nni-experiments,"['LSTM', 'GRU', 'CNN', 'RNN', 'TCN', 'Transformer', 'MLP']","[16, 32, 64, 128, 256]","[1, 2, 3, 4]","[0, 0.1, 0.2, 0.3, 0.5]","['relu', 'tanh', 'sigmoid', 'elu']","[1e-05, 0.01]","[2, 3, 4, 5, 6, 7, 8, 9, 10, 11, 12, 13, 14, 15, 16, 17, 18, 19, 20, 21, 22, 23, 24, 25, 26, 27, 28, 29, 30]","[16, 32, 64, 128]","[5, 10, 15, 20]","[2, 3, 5, 7]","[2, 4, 8]",evolution,minimize,local
t2gnay50,104,690,1779194890767,,/home/meliani/nni-experiments/t2gnay50,33,exp_evolution_50_ali_only_ali_only,hpo,/home/meliani/Desktop/phd/fast-track/search_space.json,python3 trial.py --data ./ali_only.csv,/home/meliani/Desktop/phd/fast-track,1,360000s,50,False,False,info,/home/meliani/nni-experiments,"['LSTM', 'GRU', 'CNN', 'RNN', 'TCN', 'Transformer', 'MLP']","[16, 32, 64, 128, 256]","[1, 2, 3, 4]","[0, 0.1, 0.2, 0.3, 0.5]","['relu', 'tanh', 'sigmoid', 'elu']","[1e-05, 0.01]","[2, 3, 4, 5, 6, 7, 8, 9, 10, 11, 12, 13, 14, 15, 16, 17, 18, 19, 20, 21, 22, 23, 24, 25, 26, 27, 28, 29, 30]","[16, 32, 64, 128]","[5, 10, 15, 20]","[2, 3, 5, 7]","[2, 4, 8]",evolution,minimize,local
t2gnay50,105,700,1779194890767,,/home/meliani/nni-experiments/t2gnay50,33,exp_evolution_50_ali_only_ali_only,hpo,/home/meliani/Desktop/phd/fast-track/search_space.json,python3 trial.py --data ./ali_only.csv,/home/meliani/Desktop/phd/fast-track,1,360000s,50,False,False,info,/home/meliani/nni-experiments,"['LSTM', 'GRU', 'CNN', 'RNN', 'TCN', 'Transformer', 'MLP']","[16, 32, 64, 128, 256]","[1, 2, 3, 4]","[0, 0.1, 0.2, 0.3, 0.5]","['relu', 'tanh', 'sigmoid', 'elu']","[1e-05, 0.01]","[2, 3, 4, 5, 6, 7, 8, 9, 10, 11, 12, 13, 14, 15, 16, 17, 18, 19, 20, 21, 22, 23, 24, 25, 26, 27, 28, 29, 30]","[16, 32, 64, 128]","[5, 10, 15, 20]","[2, 3, 5, 7]","[2, 4, 8]",evolution,minimize,local
t2gnay50,106,710,1779194890767,,/home/meliani/nni-experiments/t2gnay50,33,exp_evolution_50_ali_only_ali_only,hpo,/home/meliani/Desktop/phd/fast-track/search_space.json,python3 trial.py --data ./ali_only.csv,/home/meliani/Desktop/phd/fast-track,1,360000s,50,False,False,info,/home/meliani/nni-experiments,"['LSTM', 'GRU', 'CNN', 'RNN', 'TCN', 'Transformer', 'MLP']","[16, 32, 64, 128, 256]","[1, 2, 3, 4]","[0, 0.1, 0.2, 0.3, 0.5]","['relu', 'tanh', 'sigmoid', 'elu']","[1e-05, 0.01]","[2, 3, 4, 5, 6, 7, 8, 9, 10, 11, 12, 13, 14, 15, 16, 17, 18, 19, 20, 21, 22, 23, 24, 25, 26, 27, 28, 29, 30]","[16, 32, 64, 128]","[5, 10, 15, 20]","[2, 3, 5, 7]","[2, 4, 8]",evolution,minimize,local
t2gnay50,107,718,1779194890767,,/home/meliani/nni-experiments/t2gnay50,34,exp_evolution_50_ali_only_ali_only,hpo,/home/meliani/Desktop/phd/fast-track/search_space.json,python3 trial.py --data ./ali_only.csv,/home/meliani/Desktop/phd/fast-track,1,360000s,50,False,False,info,/home/meliani/nni-experiments,"['LSTM', 'GRU', 'CNN', 'RNN', 'TCN', 'Transformer', 'MLP']","[16, 32, 64, 128, 256]","[1, 2, 3, 4]","[0, 0.1, 0.2, 0.3, 0.5]","['relu', 'tanh', 'sigmoid', 'elu']","[1e-05, 0.01]","[2, 3, 4, 5, 6, 7, 8, 9, 10, 11, 12, 13, 14, 15, 16, 17, 18, 19, 20, 21, 22, 23, 24, 25, 26, 27, 28, 29, 30]","[16, 32, 64, 128]","[5, 10, 15, 20]","[2, 3, 5, 7]","[2, 4, 8]",evolution,minimize,local
t2gnay50,108,720,1779194890767,,/home/meliani/nni-experiments/t2gnay50,34,exp_evolution_50_ali_only_ali_only,hpo,/home/meliani/Desktop/phd/fast-track/search_space.json,python3 trial.py --data ./ali_only.csv,/home/meliani/Desktop/phd/fast-track,1,360000s,50,False,False,info,/home/meliani/nni-experiments,"['LSTM', 'GRU', 'CNN', 'RNN', 'TCN', 'Transformer', 'MLP']","[16, 32, 64, 128, 256]","[1, 2, 3, 4]","[0, 0.1, 0.2, 0.3, 0.5]","['relu', 'tanh', 'sigmoid', 'elu']","[1e-05, 0.01]","[2, 3, 4, 5, 6, 7, 8, 9, 10, 11, 12, 13, 14, 15, 16, 17, 18, 19, 20, 21, 22, 23, 24, 25, 26, 27, 28, 29, 30]","[16, 32, 64, 128]","[5, 10, 15, 20]","[2, 3, 5, 7]","[2, 4, 8]",evolution,minimize,local
t2gnay50,109,730,1779194890767,,/home/meliani/nni-experiments/t2gnay50,34,exp_evolution_50_ali_only_ali_only,hpo,/home/meliani/Desktop/phd/fast-track/search_space.json,python3 trial.py --data ./ali_only.csv,/home/meliani/Desktop/phd/fast-track,1,360000s,50,False,False,info,/home/meliani/nni-experiments,"['LSTM', 'GRU', 'CNN', 'RNN', 'TCN', 'Transformer', 'MLP']","[16, 32, 64, 128, 256]","[1, 2, 3, 4]","[0, 0.1, 0.2, 0.3, 0.5]","['relu', 'tanh', 'sigmoid', 'elu']","[1e-05, 0.01]","[2, 3, 4, 5, 6, 7, 8, 9, 10, 11, 12, 13, 14, 15, 16, 17, 18, 19, 20, 21, 22, 23, 24, 25, 26, 27, 28, 29, 30]","[16, 32, 64, 128]","[5, 10, 15, 20]","[2, 3, 5, 7]","[2, 4, 8]",evolution,minimize,local
t2gnay50,110,740,1779194890767,,/home/meliani/nni-experiments/t2gnay50,34,exp_evolution_50_ali_only_ali_only,hpo,/home/meliani/Desktop/phd/fast-track/search_space.json,python3 trial.py --data ./ali_only.csv,/home/meliani/Desktop/phd/fast-track,1,360000s,50,False,False,info,/home/meliani/nni-experiments,"['LSTM', 'GRU', 'CNN', 'RNN', 'TCN', 'Transformer', 'MLP']","[16, 32, 64, 128, 256]","[1, 2, 3, 4]","[0, 0.1, 0.2, 0.3, 0.5]","['relu', 'tanh', 'sigmoid', 'elu']","[1e-05, 0.01]","[2, 3, 4, 5, 6, 7, 8, 9, 10, 11, 12, 13, 14, 15, 16, 17, 18, 19, 20, 21, 22, 23, 24, 25, 26, 27, 28, 29, 30]","[16, 32, 64, 128]","[5, 10, 15, 20]","[2, 3, 5, 7]","[2, 4, 8]",evolution,minimize,local
t2gnay50,111,750,1779194890767,,/home/meliani/nni-experiments/t2gnay50,34,exp_evolution_50_ali_only_ali_only,hpo,/home/meliani/Desktop/phd/fast-track/search_space.json,python3 trial.py --data ./ali_only.csv,/home/meliani/Desktop/phd/fast-track,1,360000s,50,False,False,info,/home/meliani/nni-experiments,"['LSTM', 'GRU', 'CNN', 'RNN', 'TCN', 'Transformer', 'MLP']","[16, 32, 64, 128, 256]","[1, 2, 3, 4]","[0, 0.1, 0.2, 0.3, 0.5]","['relu', 'tanh', 'sigmoid', 'elu']","[1e-05, 0.01]","[2, 3, 4, 5, 6, 7, 8, 9, 10, 11, 12, 13, 14, 15, 16, 17, 18, 19, 20, 21, 22, 23, 24, 25, 26, 27, 28, 29, 30]","[16, 32, 64, 128]","[5, 10, 15, 20]","[2, 3, 5, 7]","[2, 4, 8]",evolution,minimize,local
t2gnay50,112,752,1779194890767,,/home/meliani/nni-experiments/t2gnay50,35,exp_evolution_50_ali_only_ali_only,hpo,/home/meliani/Desktop/phd/fast-track/search_space.json,python3 trial.py --data ./ali_only.csv,/home/meliani/Desktop/phd/fast-track,1,360000s,50,False,False,info,/home/meliani/nni-experiments,"['LSTM', 'GRU', 'CNN', 'RNN', 'TCN', 'Transformer', 'MLP']","[16, 32, 64, 128, 256]","[1, 2, 3, 4]","[0, 0.1, 0.2, 0.3, 0.5]","['relu', 'tanh', 'sigmoid', 'elu']","[1e-05, 0.01]","[2, 3, 4, 5, 6, 7, 8, 9, 10, 11, 12, 13, 14, 15, 16, 17, 18, 19, 20, 21, 22, 23, 24, 25, 26, 27, 28, 29, 30]","[16, 32, 64, 128]","[5, 10, 15, 20]","[2, 3, 5, 7]","[2, 4, 8]",evolution,minimize,local
t2gnay50,113,760,1779194890767,,/home/meliani/nni-experiments/t2gnay50,35,exp_evolution_50_ali_only_ali_only,hpo,/home/meliani/Desktop/phd/fast-track/search_space.json,python3 trial.py --data ./ali_only.csv,/home/meliani/Desktop/phd/fast-track,1,360000s,50,False,False,info,/home/meliani/nni-experiments,"['LSTM', 'GRU', 'CNN', 'RNN', 'TCN', 'Transformer', 'MLP']","[16, 32, 64, 128, 256]","[1, 2, 3, 4]","[0, 0.1, 0.2, 0.3, 0.5]","['relu', 'tanh', 'sigmoid', 'elu']","[1e-05, 0.01]","[2, 3, 4, 5, 6, 7, 8, 9, 10, 11, 12, 13, 14, 15, 16, 17, 18, 19, 20, 21, 22, 23, 24, 25, 26, 27, 28, 29, 30]","[16, 32, 64, 128]","[5, 10, 15, 20]","[2, 3, 5, 7]","[2, 4, 8]",evolution,minimize,local
t2gnay50,114,770,1779194890767,,/home/meliani/nni-experiments/t2gnay50,35,exp_evolution_50_ali_only_ali_only,hpo,/home/meliani/Desktop/phd/fast-track/search_space.json,python3 trial.py --data ./ali_only.csv,/home/meliani/Desktop/phd/fast-track,1,360000s,50,False,False,info,/home/meliani/nni-experiments,"['LSTM', 'GRU', 'CNN', 'RNN', 'TCN', 'Transformer', 'MLP']","[16, 32, 64, 128, 256]","[1, 2, 3, 4]","[0, 0.1, 0.2, 0.3, 0.5]","['relu', 'tanh', 'sigmoid', 'elu']","[1e-05, 0.01]","[2, 3, 4, 5, 6, 7, 8, 9, 10, 11, 12, 13, 14, 15, 16, 17, 18, 19, 20, 21, 22, 23, 24, 25, 26, 27, 28, 29, 30]","[16, 32, 64, 128]","[5, 10, 15, 20]","[2, 3, 5, 7]","[2, 4, 8]",evolution,minimize,local
t2gnay50,115,780,1779194890767,,/home/meliani/nni-experiments/t2gnay50,35,exp_evolution_50_ali_only_ali_only,hpo,/home/meliani/Desktop/phd/fast-track/search_space.json,python3 trial.py --data ./ali_only.csv,/home/meliani/Desktop/phd/fast-track,1,360000s,50,False,False,info,/home/meliani/nni-experiments,"['LSTM', 'GRU', 'CNN', 'RNN', 'TCN', 'Transformer', 'MLP']","[16, 32, 64, 128, 256]","[1, 2, 3, 4]","[0, 0.1, 0.2, 0.3, 0.5]","['relu', 'tanh', 'sigmoid', 'elu']","[1e-05, 0.01]","[2, 3, 4, 5, 6, 7, 8, 9, 10, 11, 12, 13, 14, 15, 16, 17, 18, 19, 20, 21, 22, 23, 24, 25, 26, 27, 28, 29, 30]","[16, 32, 64, 128]","[5, 10, 15, 20]","[2, 3, 5, 7]","[2, 4, 8]",evolution,minimize,local
t2gnay50,116,790,1779194890767,,/home/meliani/nni-experiments/t2gnay50,35,exp_evolution_50_ali_only_ali_only,hpo,/home/meliani/Desktop/phd/fast-track/search_space.json,python3 trial.py --data ./ali_only.csv,/home/meliani/Desktop/phd/fast-track,1,360000s,50,False,False,info,/home/meliani/nni-experiments,"['LSTM', 'GRU', 'CNN', 'RNN', 'TCN', 'Transformer', 'MLP']","[16, 32, 64, 128, 256]","[1, 2, 3, 4]","[0, 0.1, 0.2, 0.3, 0.5]","['relu', 'tanh', 'sigmoid', 'elu']","[1e-05, 0.01]","[2, 3, 4, 5, 6, 7, 8, 9, 10, 11, 12, 13, 14, 15, 16, 17, 18, 19, 20, 21, 22, 23, 24, 25, 26, 27, 28, 29, 30]","[16, 32, 64, 128]","[5, 10, 15, 20]","[2, 3, 5, 7]","[2, 4, 8]",evolution,minimize,local
t2gnay50,117,792,1779194890767,,/home/meliani/nni-experiments/t2gnay50,36,exp_evolution_50_ali_only_ali_only,hpo,/home/meliani/Desktop/phd/fast-track/search_space.json,python3 trial.py --data ./ali_only.csv,/home/meliani/Desktop/phd/fast-track,1,360000s,50,False,False,info,/home/meliani/nni-experiments,"['LSTM', 'GRU', 'CNN', 'RNN', 'TCN', 'Transformer', 'MLP']","[16, 32, 64, 128, 256]","[1, 2, 3, 4]","[0, 0.1, 0.2, 0.3, 0.5]","['relu', 'tanh', 'sigmoid', 'elu']","[1e-05, 0.01]","[2, 3, 4, 5, 6, 7, 8, 9, 10, 11, 12, 13, 14, 15, 16, 17, 18, 19, 20, 21, 22, 23, 24, 25, 26, 27, 28, 29, 30]","[16, 32, 64, 128]","[5, 10, 15, 20]","[2, 3, 5, 7]","[2, 4, 8]",evolution,minimize,local
t2gnay50,118,798,1779194890767,,/home/meliani/nni-experiments/t2gnay50,37,exp_evolution_50_ali_only_ali_only,hpo,/home/meliani/Desktop/phd/fast-track/search_space.json,python3 trial.py --data ./ali_only.csv,/home/meliani/Desktop/phd/fast-track,1,360000s,50,False,False,info,/home/meliani/nni-experiments,"['LSTM', 'GRU', 'CNN', 'RNN', 'TCN', 'Transformer', 'MLP']","[16, 32, 64, 128, 256]","[1, 2, 3, 4]","[0, 0.1, 0.2, 0.3, 0.5]","['relu', 'tanh', 'sigmoid', 'elu']","[1e-05, 0.01]","[2, 3, 4, 5, 6, 7, 8, 9, 10, 11, 12, 13, 14, 15, 16, 17, 18, 19, 20, 21, 22, 23, 24, 25, 26, 27, 28, 29, 30]","[16, 32, 64, 128]","[5, 10, 15, 20]","[2, 3, 5, 7]","[2, 4, 8]",evolution,minimize,local
t2gnay50,119,800,1779194890767,,/home/meliani/nni-experiments/t2gnay50,37,exp_evolution_50_ali_only_ali_only,hpo,/home/meliani/Desktop/phd/fast-track/search_space.json,python3 trial.py --data ./ali_only.csv,/home/meliani/Desktop/phd/fast-track,1,360000s,50,False,False,info,/home/meliani/nni-experiments,"['LSTM', 'GRU', 'CNN', 'RNN', 'TCN', 'Transformer', 'MLP']","[16, 32, 64, 128, 256]","[1, 2, 3, 4]","[0, 0.1, 0.2, 0.3, 0.5]","['relu', 'tanh', 'sigmoid', 'elu']","[1e-05, 0.01]","[2, 3, 4, 5, 6, 7, 8, 9, 10, 11, 12, 13, 14, 15, 16, 17, 18, 19, 20, 21, 22, 23, 24, 25, 26, 27, 28, 29, 30]","[16, 32, 64, 128]","[5, 10, 15, 20]","[2, 3, 5, 7]","[2, 4, 8]",evolution,minimize,local
t2gnay50,120,810,1779194890767,,/home/meliani/nni-experiments/t2gnay50,37,exp_evolution_50_ali_only_ali_only,hpo,/home/meliani/Desktop/phd/fast-track/search_space.json,python3 trial.py --data ./ali_only.csv,/home/meliani/Desktop/phd/fast-track,1,360000s,50,False,False,info,/home/meliani/nni-experiments,"['LSTM', 'GRU', 'CNN', 'RNN', 'TCN', 'Transformer', 'MLP']","[16, 32, 64, 128, 256]","[1, 2, 3, 4]","[0, 0.1, 0.2, 0.3, 0.5]","['relu', 'tanh', 'sigmoid', 'elu']","[1e-05, 0.01]","[2, 3, 4, 5, 6, 7, 8, 9, 10, 11, 12, 13, 14, 15, 16, 17, 18, 19, 20, 21, 22, 23, 24, 25, 26, 27, 28, 29, 30]","[16, 32, 64, 128]","[5, 10, 15, 20]","[2, 3, 5, 7]","[2, 4, 8]",evolution,minimize,local
t2gnay50,121,820,1779194890767,,/home/meliani/nni-experiments/t2gnay50,37,exp_evolution_50_ali_only_ali_only,hpo,/home/meliani/Desktop/phd/fast-track/search_space.json,python3 trial.py --data ./ali_only.csv,/home/meliani/Desktop/phd/fast-track,1,360000s,50,False,False,info,/home/meliani/nni-experiments,"['LSTM', 'GRU', 'CNN', 'RNN', 'TCN', 'Transformer', 'MLP']","[16, 32, 64, 128, 256]","[1, 2, 3, 4]","[0, 0.1, 0.2, 0.3, 0.5]","['relu', 'tanh', 'sigmoid', 'elu']","[1e-05, 0.01]","[2, 3, 4, 5, 6, 7, 8, 9, 10, 11, 12, 13, 14, 15, 16, 17, 18, 19, 20, 21, 22, 23, 24, 25, 26, 27, 28, 29, 30]","[16, 32, 64, 128]","[5, 10, 15, 20]","[2, 3, 5, 7]","[2, 4, 8]",evolution,minimize,local
t2gnay50,122,830,1779194890767,,/home/meliani/nni-experiments/t2gnay50,37,exp_evolution_50_ali_only_ali_only,hpo,/home/meliani/Desktop/phd/fast-track/search_space.json,python3 trial.py --data ./ali_only.csv,/home/meliani/Desktop/phd/fast-track,1,360000s,50,False,False,info,/home/meliani/nni-experiments,"['LSTM', 'GRU', 'CNN', 'RNN', 'TCN', 'Transformer', 'MLP']","[16, 32, 64, 128, 256]","[1, 2, 3, 4]","[0, 0.1, 0.2, 0.3, 0.5]","['relu', 'tanh', 'sigmoid', 'elu']","[1e-05, 0.01]","[2, 3, 4, 5, 6, 7, 8, 9, 10, 11, 12, 13, 14, 15, 16, 17, 18, 19, 20, 21, 22, 23, 24, 25, 26, 27, 28, 29, 30]","[16, 32, 64, 128]","[5, 10, 15, 20]","[2, 3, 5, 7]","[2, 4, 8]",evolution,minimize,local
t2gnay50,123,840,1779194890767,,/home/meliani/nni-experiments/t2gnay50,37,exp_evolution_50_ali_only_ali_only,hpo,/home/meliani/Desktop/phd/fast-track/search_space.json,python3 trial.py --data ./ali_only.csv,/home/meliani/Desktop/phd/fast-track,1,360000s,50,False,False,info,/home/meliani/nni-experiments,"['LSTM', 'GRU', 'CNN', 'RNN', 'TCN', 'Transformer', 'MLP']","[16, 32, 64, 128, 256]","[1, 2, 3, 4]","[0, 0.1, 0.2, 0.3, 0.5]","['relu', 'tanh', 'sigmoid', 'elu']","[1e-05, 0.01]","[2, 3, 4, 5, 6, 7, 8, 9, 10, 11, 12, 13, 14, 15, 16, 17, 18, 19, 20, 21, 22, 23, 24, 25, 26, 27, 28, 29, 30]","[16, 32, 64, 128]","[5, 10, 15, 20]","[2, 3, 5, 7]","[2, 4, 8]",evolution,minimize,local
t2gnay50,124,850,1779194890767,,/home/meliani/nni-experiments/t2gnay50,37,exp_evolution_50_ali_only_ali_only,hpo,/home/meliani/Desktop/phd/fast-track/search_space.json,python3 trial.py --data ./ali_only.csv,/home/meliani/Desktop/phd/fast-track,1,360000s,50,False,False,info,/home/meliani/nni-experiments,"['LSTM', 'GRU', 'CNN', 'RNN', 'TCN', 'Transformer', 'MLP']","[16, 32, 64, 128, 256]","[1, 2, 3, 4]","[0, 0.1, 0.2, 0.3, 0.5]","['relu', 'tanh', 'sigmoid', 'elu']","[1e-05, 0.01]","[2, 3, 4, 5, 6, 7, 8, 9, 10, 11, 12, 13, 14, 15, 16, 17, 18, 19, 20, 21, 22, 23, 24, 25, 26, 27, 28, 29, 30]","[16, 32, 64, 128]","[5, 10, 15, 20]","[2, 3, 5, 7]","[2, 4, 8]",evolution,minimize,local
t2gnay50,125,860,1779194890767,,/home/meliani/nni-experiments/t2gnay50,37,exp_evolution_50_ali_only_ali_only,hpo,/home/meliani/Desktop/phd/fast-track/search_space.json,python3 trial.py --data ./ali_only.csv,/home/meliani/Desktop/phd/fast-track,1,360000s,50,False,False,info,/home/meliani/nni-experiments,"['LSTM', 'GRU', 'CNN', 'RNN', 'TCN', 'Transformer', 'MLP']","[16, 32, 64, 128, 256]","[1, 2, 3, 4]","[0, 0.1, 0.2, 0.3, 0.5]","['relu', 'tanh', 'sigmoid', 'elu']","[1e-05, 0.01]","[2, 3, 4, 5, 6, 7, 8, 9, 10, 11, 12, 13, 14, 15, 16, 17, 18, 19, 20, 21, 22, 23, 24, 25, 26, 27, 28, 29, 30]","[16, 32, 64, 128]","[5, 10, 15, 20]","[2, 3, 5, 7]","[2, 4, 8]",evolution,minimize,local
t2gnay50,126,870,1779194890767,,/home/meliani/nni-experiments/t2gnay50,37,exp_evolution_50_ali_only_ali_only,hpo,/home/meliani/Desktop/phd/fast-track/search_space.json,python3 trial.py --data ./ali_only.csv,/home/meliani/Desktop/phd/fast-track,1,360000s,50,False,False,info,/home/meliani/nni-experiments,"['LSTM', 'GRU', 'CNN', 'RNN', 'TCN', 'Transformer', 'MLP']","[16, 32, 64, 128, 256]","[1, 2, 3, 4]","[0, 0.1, 0.2, 0.3, 0.5]","['relu', 'tanh', 'sigmoid', 'elu']","[1e-05, 0.01]","[2, 3, 4, 5, 6, 7, 8, 9, 10, 11, 12, 13, 14, 15, 16, 17, 18, 19, 20, 21, 22, 23, 24, 25, 26, 27, 28, 29, 30]","[16, 32, 64, 128]","[5, 10, 15, 20]","[2, 3, 5, 7]","[2, 4, 8]",evolution,minimize,local
t2gnay50,127,880,1779194890767,,/home/meliani/nni-experiments/t2gnay50,37,exp_evolution_50_ali_only_ali_only,hpo,/home/meliani/Desktop/phd/fast-track/search_space.json,python3 trial.py --data ./ali_only.csv,/home/meliani/Desktop/phd/fast-track,1,360000s,50,False,False,info,/home/meliani/nni-experiments,"['LSTM', 'GRU', 'CNN', 'RNN', 'TCN', 'Transformer', 'MLP']","[16, 32, 64, 128, 256]","[1, 2, 3, 4]","[0, 0.1, 0.2, 0.3, 0.5]","['relu', 'tanh', 'sigmoid', 'elu']","[1e-05, 0.01]","[2, 3, 4, 5, 6, 7, 8, 9, 10, 11, 12, 13, 14, 15, 16, 17, 18, 19, 20, 21, 22, 23, 24, 25, 26, 27, 28, 29, 30]","[16, 32, 64, 128]","[5, 10, 15, 20]","[2, 3, 5, 7]","[2, 4, 8]",evolution,minimize,local
t2gnay50,128,886,1779194890767,,/home/meliani/nni-experiments/t2gnay50,38,exp_evolution_50_ali_only_ali_only,hpo,/home/meliani/Desktop/phd/fast-track/search_space.json,python3 trial.py --data ./ali_only.csv,/home/meliani/Desktop/phd/fast-track,1,360000s,50,False,False,info,/home/meliani/nni-experiments,"['LSTM', 'GRU', 'CNN', 'RNN', 'TCN', 'Transformer', 'MLP']","[16, 32, 64, 128, 256]","[1, 2, 3, 4]","[0, 0.1, 0.2, 0.3, 0.5]","['relu', 'tanh', 'sigmoid', 'elu']","[1e-05, 0.01]","[2, 3, 4, 5, 6, 7, 8, 9, 10, 11, 12, 13, 14, 15, 16, 17, 18, 19, 20, 21, 22, 23, 24, 25, 26, 27, 28, 29, 30]","[16, 32, 64, 128]","[5, 10, 15, 20]","[2, 3, 5, 7]","[2, 4, 8]",evolution,minimize,local
t2gnay50,129,890,1779194890767,,/home/meliani/nni-experiments/t2gnay50,38,exp_evolution_50_ali_only_ali_only,hpo,/home/meliani/Desktop/phd/fast-track/search_space.json,python3 trial.py --data ./ali_only.csv,/home/meliani/Desktop/phd/fast-track,1,360000s,50,False,False,info,/home/meliani/nni-experiments,"['LSTM', 'GRU', 'CNN', 'RNN', 'TCN', 'Transformer', 'MLP']","[16, 32, 64, 128, 256]","[1, 2, 3, 4]","[0, 0.1, 0.2, 0.3, 0.5]","['relu', 'tanh', 'sigmoid', 'elu']","[1e-05, 0.01]","[2, 3, 4, 5, 6, 7, 8, 9, 10, 11, 12, 13, 14, 15, 16, 17, 18, 19, 20, 21, 22, 23, 24, 25, 26, 27, 28, 29, 30]","[16, 32, 64, 128]","[5, 10, 15, 20]","[2, 3, 5, 7]","[2, 4, 8]",evolution,minimize,local
t2gnay50,130,900,1779194890767,,/home/meliani/nni-experiments/t2gnay50,38,exp_evolution_50_ali_only_ali_only,hpo,/home/meliani/Desktop/phd/fast-track/search_space.json,python3 trial.py --data ./ali_only.csv,/home/meliani/Desktop/phd/fast-track,1,360000s,50,False,False,info,/home/meliani/nni-experiments,"['LSTM', 'GRU', 'CNN', 'RNN', 'TCN', 'Transformer', 'MLP']","[16, 32, 64, 128, 256]","[1, 2, 3, 4]","[0, 0.1, 0.2, 0.3, 0.5]","['relu', 'tanh', 'sigmoid', 'elu']","[1e-05, 0.01]","[2, 3, 4, 5, 6, 7, 8, 9, 10, 11, 12, 13, 14, 15, 16, 17, 18, 19, 20, 21, 22, 23, 24, 25, 26, 27, 28, 29, 30]","[16, 32, 64, 128]","[5, 10, 15, 20]","[2, 3, 5, 7]","[2, 4, 8]",evolution,minimize,local
t2gnay50,131,910,1779194890767,,/home/meliani/nni-experiments/t2gnay50,38,exp_evolution_50_ali_only_ali_only,hpo,/home/meliani/Desktop/phd/fast-track/search_space.json,python3 trial.py --data ./ali_only.csv,/home/meliani/Desktop/phd/fast-track,1,360000s,50,False,False,info,/home/meliani/nni-experiments,"['LSTM', 'GRU', 'CNN', 'RNN', 'TCN', 'Transformer', 'MLP']","[16, 32, 64, 128, 256]","[1, 2, 3, 4]","[0, 0.1, 0.2, 0.3, 0.5]","['relu', 'tanh', 'sigmoid', 'elu']","[1e-05, 0.01]","[2, 3, 4, 5, 6, 7, 8, 9, 10, 11, 12, 13, 14, 15, 16, 17, 18, 19, 20, 21, 22, 23, 24, 25, 26, 27, 28, 29, 30]","[16, 32, 64, 128]","[5, 10, 15, 20]","[2, 3, 5, 7]","[2, 4, 8]",evolution,minimize,local
t2gnay50,132,920,1779194890767,,/home/meliani/nni-experiments/t2gnay50,38,exp_evolution_50_ali_only_ali_only,hpo,/home/meliani/Desktop/phd/fast-track/search_space.json,python3 trial.py --data ./ali_only.csv,/home/meliani/Desktop/phd/fast-track,1,360000s,50,False,False,info,/home/meliani/nni-experiments,"['LSTM', 'GRU', 'CNN', 'RNN', 'TCN', 'Transformer', 'MLP']","[16, 32, 64, 128, 256]","[1, 2, 3, 4]","[0, 0.1, 0.2, 0.3, 0.5]","['relu', 'tanh', 'sigmoid', 'elu']","[1e-05, 0.01]","[2, 3, 4, 5, 6, 7, 8, 9, 10, 11, 12, 13, 14, 15, 16, 17, 18, 19, 20, 21, 22, 23, 24, 25, 26, 27, 28, 29, 30]","[16, 32, 64, 128]","[5, 10, 15, 20]","[2, 3, 5, 7]","[2, 4, 8]",evolution,minimize,local
t2gnay50,133,925,1779194890767,,/home/meliani/nni-experiments/t2gnay50,39,exp_evolution_50_ali_only_ali_only,hpo,/home/meliani/Desktop/phd/fast-track/search_space.json,python3 trial.py --data ./ali_only.csv,/home/meliani/Desktop/phd/fast-track,1,360000s,50,False,False,info,/home/meliani/nni-experiments,"['LSTM', 'GRU', 'CNN', 'RNN', 'TCN', 'Transformer', 'MLP']","[16, 32, 64, 128, 256]","[1, 2, 3, 4]","[0, 0.1, 0.2, 0.3, 0.5]","['relu', 'tanh', 'sigmoid', 'elu']","[1e-05, 0.01]","[2, 3, 4, 5, 6, 7, 8, 9, 10, 11, 12, 13, 14, 15, 16, 17, 18, 19, 20, 21, 22, 23, 24, 25, 26, 27, 28, 29, 30]","[16, 32, 64, 128]","[5, 10, 15, 20]","[2, 3, 5, 7]","[2, 4, 8]",evolution,minimize,local
t2gnay50,134,930,1779194890767,,/home/meliani/nni-experiments/t2gnay50,39,exp_evolution_50_ali_only_ali_only,hpo,/home/meliani/Desktop/phd/fast-track/search_space.json,python3 trial.py --data ./ali_only.csv,/home/meliani/Desktop/phd/fast-track,1,360000s,50,False,False,info,/home/meliani/nni-experiments,"['LSTM', 'GRU', 'CNN', 'RNN', 'TCN', 'Transformer', 'MLP']","[16, 32, 64, 128, 256]","[1, 2, 3, 4]","[0, 0.1, 0.2, 0.3, 0.5]","['relu', 'tanh', 'sigmoid', 'elu']","[1e-05, 0.01]","[2, 3, 4, 5, 6, 7, 8, 9, 10, 11, 12, 13, 14, 15, 16, 17, 18, 19, 20, 21, 22, 23, 24, 25, 26, 27, 28, 29, 30]","[16, 32, 64, 128]","[5, 10, 15, 20]","[2, 3, 5, 7]","[2, 4, 8]",evolution,minimize,local
t2gnay50,135,940,1779194890767,,/home/meliani/nni-experiments/t2gnay50,39,exp_evolution_50_ali_only_ali_only,hpo,/home/meliani/Desktop/phd/fast-track/search_space.json,python3 trial.py --data ./ali_only.csv,/home/meliani/Desktop/phd/fast-track,1,360000s,50,False,False,info,/home/meliani/nni-experiments,"['LSTM', 'GRU', 'CNN', 'RNN', 'TCN', 'Transformer', 'MLP']","[16, 32, 64, 128, 256]","[1, 2, 3, 4]","[0, 0.1, 0.2, 0.3, 0.5]","['relu', 'tanh', 'sigmoid', 'elu']","[1e-05, 0.01]","[2, 3, 4, 5, 6, 7, 8, 9, 10, 11, 12, 13, 14, 15, 16, 17, 18, 19, 20, 21, 22, 23, 24, 25, 26, 27, 28, 29, 30]","[16, 32, 64, 128]","[5, 10, 15, 20]","[2, 3, 5, 7]","[2, 4, 8]",evolution,minimize,local
t2gnay50,136,950,1779194890767,,/home/meliani/nni-experiments/t2gnay50,39,exp_evolution_50_ali_only_ali_only,hpo,/home/meliani/Desktop/phd/fast-track/search_space.json,python3 trial.py --data ./ali_only.csv,/home/meliani/Desktop/phd/fast-track,1,360000s,50,False,False,info,/home/meliani/nni-experiments,"['LSTM', 'GRU', 'CNN', 'RNN', 'TCN', 'Transformer', 'MLP']","[16, 32, 64, 128, 256]","[1, 2, 3, 4]","[0, 0.1, 0.2, 0.3, 0.5]","['relu', 'tanh', 'sigmoid', 'elu']","[1e-05, 0.01]","[2, 3, 4, 5, 6, 7, 8, 9, 10, 11, 12, 13, 14, 15, 16, 17, 18, 19, 20, 21, 22, 23, 24, 25, 26, 27, 28, 29, 30]","[16, 32, 64, 128]","[5, 10, 15, 20]","[2, 3, 5, 7]","[2, 4, 8]",evolution,minimize,local
t2gnay50,137,960,1779194890767,,/home/meliani/nni-experiments/t2gnay50,39,exp_evolution_50_ali_only_ali_only,hpo,/home/meliani/Desktop/phd/fast-track/search_space.json,python3 trial.py --data ./ali_only.csv,/home/meliani/Desktop/phd/fast-track,1,360000s,50,False,False,info,/home/meliani/nni-experiments,"['LSTM', 'GRU', 'CNN', 'RNN', 'TCN', 'Transformer', 'MLP']","[16, 32, 64, 128, 256]","[1, 2, 3, 4]","[0, 0.1, 0.2, 0.3, 0.5]","['relu', 'tanh', 'sigmoid', 'elu']","[1e-05, 0.01]","[2, 3, 4, 5, 6, 7, 8, 9, 10, 11, 12, 13, 14, 15, 16, 17, 18, 19, 20, 21, 22, 23, 24, 25, 26, 27, 28, 29, 30]","[16, 32, 64, 128]","[5, 10, 15, 20]","[2, 3, 5, 7]","[2, 4, 8]",evolution,minimize,local
t2gnay50,138,970,1779194890767,,/home/meliani/nni-experiments/t2gnay50,39,exp_evolution_50_ali_only_ali_only,hpo,/home/meliani/Desktop/phd/fast-track/search_space.json,python3 trial.py --data ./ali_only.csv,/home/meliani/Desktop/phd/fast-track,1,360000s,50,False,False,info,/home/meliani/nni-experiments,"['LSTM', 'GRU', 'CNN', 'RNN', 'TCN', 'Transformer', 'MLP']","[16, 32, 64, 128, 256]","[1, 2, 3, 4]","[0, 0.1, 0.2, 0.3, 0.5]","['relu', 'tanh', 'sigmoid', 'elu']","[1e-05, 0.01]","[2, 3, 4, 5, 6, 7, 8, 9, 10, 11, 12, 13, 14, 15, 16, 17, 18, 19, 20, 21, 22, 23, 24, 25, 26, 27, 28, 29, 30]","[16, 32, 64, 128]","[5, 10, 15, 20]","[2, 3, 5, 7]","[2, 4, 8]",evolution,minimize,local
t2gnay50,139,977,1779194890767,,/home/meliani/nni-experiments/t2gnay50,40,exp_evolution_50_ali_only_ali_only,hpo,/home/meliani/Desktop/phd/fast-track/search_space.json,python3 trial.py --data ./ali_only.csv,/home/meliani/Desktop/phd/fast-track,1,360000s,50,False,False,info,/home/meliani/nni-experiments,"['LSTM', 'GRU', 'CNN', 'RNN', 'TCN', 'Transformer', 'MLP']","[16, 32, 64, 128, 256]","[1, 2, 3, 4]","[0, 0.1, 0.2, 0.3, 0.5]","['relu', 'tanh', 'sigmoid', 'elu']","[1e-05, 0.01]","[2, 3, 4, 5, 6, 7, 8, 9, 10, 11, 12, 13, 14, 15, 16, 17, 18, 19, 20, 21, 22, 23, 24, 25, 26, 27, 28, 29, 30]","[16, 32, 64, 128]","[5, 10, 15, 20]","[2, 3, 5, 7]","[2, 4, 8]",evolution,minimize,local
t2gnay50,140,980,1779194890767,,/home/meliani/nni-experiments/t2gnay50,40,exp_evolution_50_ali_only_ali_only,hpo,/home/meliani/Desktop/phd/fast-track/search_space.json,python3 trial.py --data ./ali_only.csv,/home/meliani/Desktop/phd/fast-track,1,360000s,50,False,False,info,/home/meliani/nni-experiments,"['LSTM', 'GRU', 'CNN', 'RNN', 'TCN', 'Transformer', 'MLP']","[16, 32, 64, 128, 256]","[1, 2, 3, 4]","[0, 0.1, 0.2, 0.3, 0.5]","['relu', 'tanh', 'sigmoid', 'elu']","[1e-05, 0.01]","[2, 3, 4, 5, 6, 7, 8, 9, 10, 11, 12, 13, 14, 15, 16, 17, 18, 19, 20, 21, 22, 23, 24, 25, 26, 27, 28, 29, 30]","[16, 32, 64, 128]","[5, 10, 15, 20]","[2, 3, 5, 7]","[2, 4, 8]",evolution,minimize,local
t2gnay50,141,990,1779194890767,,/home/meliani/nni-experiments/t2gnay50,40,exp_evolution_50_ali_only_ali_only,hpo,/home/meliani/Desktop/phd/fast-track/search_space.json,python3 trial.py --data ./ali_only.csv,/home/meliani/Desktop/phd/fast-track,1,360000s,50,False,False,info,/home/meliani/nni-experiments,"['LSTM', 'GRU', 'CNN', 'RNN', 'TCN', 'Transformer', 'MLP']","[16, 32, 64, 128, 256]","[1, 2, 3, 4]","[0, 0.1, 0.2, 0.3, 0.5]","['relu', 'tanh', 'sigmoid', 'elu']","[1e-05, 0.01]","[2, 3, 4, 5, 6, 7, 8, 9, 10, 11, 12, 13, 14, 15, 16, 17, 18, 19, 20, 21, 22, 23, 24, 25, 26, 27, 28, 29, 30]","[16, 32, 64, 128]","[5, 10, 15, 20]","[2, 3, 5, 7]","[2, 4, 8]",evolution,minimize,local
t2gnay50,142,1000,1779194890767,,/home/meliani/nni-experiments/t2gnay50,40,exp_evolution_50_ali_only_ali_only,hpo,/home/meliani/Desktop/phd/fast-track/search_space.json,python3 trial.py --data ./ali_only.csv,/home/meliani/Desktop/phd/fast-track,1,360000s,50,False,False,info,/home/meliani/nni-experiments,"['LSTM', 'GRU', 'CNN', 'RNN', 'TCN', 'Transformer', 'MLP']","[16, 32, 64, 128, 256]","[1, 2, 3, 4]","[0, 0.1, 0.2, 0.3, 0.5]","['relu', 'tanh', 'sigmoid', 'elu']","[1e-05, 0.01]","[2, 3, 4, 5, 6, 7, 8, 9, 10, 11, 12, 13, 14, 15, 16, 17, 18, 19, 20, 21, 22, 23, 24, 25, 26, 27, 28, 29, 30]","[16, 32, 64, 128]","[5, 10, 15, 20]","[2, 3, 5, 7]","[2, 4, 8]",evolution,minimize,local
t2gnay50,143,1004,1779194890767,,/home/meliani/nni-experiments/t2gnay50,41,exp_evolution_50_ali_only_ali_only,hpo,/home/meliani/Desktop/phd/fast-track/search_space.json,python3 trial.py --data ./ali_only.csv,/home/meliani/Desktop/phd/fast-track,1,360000s,50,False,False,info,/home/meliani/nni-experiments,"['LSTM', 'GRU', 'CNN', 'RNN', 'TCN', 'Transformer', 'MLP']","[16, 32, 64, 128, 256]","[1, 2, 3, 4]","[0, 0.1, 0.2, 0.3, 0.5]","['relu', 'tanh', 'sigmoid', 'elu']","[1e-05, 0.01]","[2, 3, 4, 5, 6, 7, 8, 9, 10, 11, 12, 13, 14, 15, 16, 17, 18, 19, 20, 21, 22, 23, 24, 25, 26, 27, 28, 29, 30]","[16, 32, 64, 128]","[5, 10, 15, 20]","[2, 3, 5, 7]","[2, 4, 8]",evolution,minimize,local
t2gnay50,144,1010,1779194890767,,/home/meliani/nni-experiments/t2gnay50,41,exp_evolution_50_ali_only_ali_only,hpo,/home/meliani/Desktop/phd/fast-track/search_space.json,python3 trial.py --data ./ali_only.csv,/home/meliani/Desktop/phd/fast-track,1,360000s,50,False,False,info,/home/meliani/nni-experiments,"['LSTM', 'GRU', 'CNN', 'RNN', 'TCN', 'Transformer', 'MLP']","[16, 32, 64, 128, 256]","[1, 2, 3, 4]","[0, 0.1, 0.2, 0.3, 0.5]","['relu', 'tanh', 'sigmoid', 'elu']","[1e-05, 0.01]","[2, 3, 4, 5, 6, 7, 8, 9, 10, 11, 12, 13, 14, 15, 16, 17, 18, 19, 20, 21, 22, 23, 24, 25, 26, 27, 28, 29, 30]","[16, 32, 64, 128]","[5, 10, 15, 20]","[2, 3, 5, 7]","[2, 4, 8]",evolution,minimize,local
t2gnay50,145,1016,1779194890767,,/home/meliani/nni-experiments/t2gnay50,42,exp_evolution_50_ali_only_ali_only,hpo,/home/meliani/Desktop/phd/fast-track/search_space.json,python3 trial.py --data ./ali_only.csv,/home/meliani/Desktop/phd/fast-track,1,360000s,50,False,False,info,/home/meliani/nni-experiments,"['LSTM', 'GRU', 'CNN', 'RNN', 'TCN', 'Transformer', 'MLP']","[16, 32, 64, 128, 256]","[1, 2, 3, 4]","[0, 0.1, 0.2, 0.3, 0.5]","['relu', 'tanh', 'sigmoid', 'elu']","[1e-05, 0.01]","[2, 3, 4, 5, 6, 7, 8, 9, 10, 11, 12, 13, 14, 15, 16, 17, 18, 19, 20, 21, 22, 23, 24, 25, 26, 27, 28, 29, 30]","[16, 32, 64, 128]","[5, 10, 15, 20]","[2, 3, 5, 7]","[2, 4, 8]",evolution,minimize,local
t2gnay50,146,1020,1779194890767,,/home/meliani/nni-experiments/t2gnay50,42,exp_evolution_50_ali_only_ali_only,hpo,/home/meliani/Desktop/phd/fast-track/search_space.json,python3 trial.py --data ./ali_only.csv,/home/meliani/Desktop/phd/fast-track,1,360000s,50,False,False,info,/home/meliani/nni-experiments,"['LSTM', 'GRU', 'CNN', 'RNN', 'TCN', 'Transformer', 'MLP']","[16, 32, 64, 128, 256]","[1, 2, 3, 4]","[0, 0.1, 0.2, 0.3, 0.5]","['relu', 'tanh', 'sigmoid', 'elu']","[1e-05, 0.01]","[2, 3, 4, 5, 6, 7, 8, 9, 10, 11, 12, 13, 14, 15, 16, 17, 18, 19, 20, 21, 22, 23, 24, 25, 26, 27, 28, 29, 30]","[16, 32, 64, 128]","[5, 10, 15, 20]","[2, 3, 5, 7]","[2, 4, 8]",evolution,minimize,local
t2gnay50,147,1024,1779194890767,,/home/meliani/nni-experiments/t2gnay50,43,exp_evolution_50_ali_only_ali_only,hpo,/home/meliani/Desktop/phd/fast-track/search_space.json,python3 trial.py --data ./ali_only.csv,/home/meliani/Desktop/phd/fast-track,1,360000s,50,False,False,info,/home/meliani/nni-experiments,"['LSTM', 'GRU', 'CNN', 'RNN', 'TCN', 'Transformer', 'MLP']","[16, 32, 64, 128, 256]","[1, 2, 3, 4]","[0, 0.1, 0.2, 0.3, 0.5]","['relu', 'tanh', 'sigmoid', 'elu']","[1e-05, 0.01]","[2, 3, 4, 5, 6, 7, 8, 9, 10, 11, 12, 13, 14, 15, 16, 17, 18, 19, 20, 21, 22, 23, 24, 25, 26, 27, 28, 29, 30]","[16, 32, 64, 128]","[5, 10, 15, 20]","[2, 3, 5, 7]","[2, 4, 8]",evolution,minimize,local
t2gnay50,148,1030,1779194890767,,/home/meliani/nni-experiments/t2gnay50,43,exp_evolution_50_ali_only_ali_only,hpo,/home/meliani/Desktop/phd/fast-track/search_space.json,python3 trial.py --data ./ali_only.csv,/home/meliani/Desktop/phd/fast-track,1,360000s,50,False,False,info,/home/meliani/nni-experiments,"['LSTM', 'GRU', 'CNN', 'RNN', 'TCN', 'Transformer', 'MLP']","[16, 32, 64, 128, 256]","[1, 2, 3, 4]","[0, 0.1, 0.2, 0.3, 0.5]","['relu', 'tanh', 'sigmoid', 'elu']","[1e-05, 0.01]","[2, 3, 4, 5, 6, 7, 8, 9, 10, 11, 12, 13, 14, 15, 16, 17, 18, 19, 20, 21, 22, 23, 24, 25, 26, 27, 28, 29, 30]","[16, 32, 64, 128]","[5, 10, 15, 20]","[2, 3, 5, 7]","[2, 4, 8]",evolution,minimize,local
t2gnay50,149,1040,1779194890767,,/home/meliani/nni-experiments/t2gnay50,43,exp_evolution_50_ali_only_ali_only,hpo,/home/meliani/Desktop/phd/fast-track/search_space.json,python3 trial.py --data ./ali_only.csv,/home/meliani/Desktop/phd/fast-track,1,360000s,50,False,False,info,/home/meliani/nni-experiments,"['LSTM', 'GRU', 'CNN', 'RNN', 'TCN', 'Transformer', 'MLP']","[16, 32, 64, 128, 256]","[1, 2, 3, 4]","[0, 0.1, 0.2, 0.3, 0.5]","['relu', 'tanh', 'sigmoid', 'elu']","[1e-05, 0.01]","[2, 3, 4, 5, 6, 7, 8, 9, 10, 11, 12, 13, 14, 15, 16, 17, 18, 19, 20, 21, 22, 23, 24, 25, 26, 27, 28, 29, 30]","[16, 32, 64, 128]","[5, 10, 15, 20]","[2, 3, 5, 7]","[2, 4, 8]",evolution,minimize,local
t2gnay50,150,1050,1779194890767,,/home/meliani/nni-experiments/t2gnay50,43,exp_evolution_50_ali_only_ali_only,hpo,/home/meliani/Desktop/phd/fast-track/search_space.json,python3 trial.py --data ./ali_only.csv,/home/meliani/Desktop/phd/fast-track,1,360000s,50,False,False,info,/home/meliani/nni-experiments,"['LSTM', 'GRU', 'CNN', 'RNN', 'TCN', 'Transformer', 'MLP']","[16, 32, 64, 128, 256]","[1, 2, 3, 4]","[0, 0.1, 0.2, 0.3, 0.5]","['relu', 'tanh', 'sigmoid', 'elu']","[1e-05, 0.01]","[2, 3, 4, 5, 6, 7, 8, 9, 10, 11, 12, 13, 14, 15, 16, 17, 18, 19, 20, 21, 22, 23, 24, 25, 26, 27, 28, 29, 30]","[16, 32, 64, 128]","[5, 10, 15, 20]","[2, 3, 5, 7]","[2, 4, 8]",evolution,minimize,local
t2gnay50,151,1060,1779194890767,,/home/meliani/nni-experiments/t2gnay50,43,exp_evolution_50_ali_only_ali_only,hpo,/home/meliani/Desktop/phd/fast-track/search_space.json,python3 trial.py --data ./ali_only.csv,/home/meliani/Desktop/phd/fast-track,1,360000s,50,False,False,info,/home/meliani/nni-experiments,"['LSTM', 'GRU', 'CNN', 'RNN', 'TCN', 'Transformer', 'MLP']","[16, 32, 64, 128, 256]","[1, 2, 3, 4]","[0, 0.1, 0.2, 0.3, 0.5]","['relu', 'tanh', 'sigmoid', 'elu']","[1e-05, 0.01]","[2, 3, 4, 5, 6, 7, 8, 9, 10, 11, 12, 13, 14, 15, 16, 17, 18, 19, 20, 21, 22, 23, 24, 25, 26, 27, 28, 29, 30]","[16, 32, 64, 128]","[5, 10, 15, 20]","[2, 3, 5, 7]","[2, 4, 8]",evolution,minimize,local
t2gnay50,152,1070,1779194890767,,/home/meliani/nni-experiments/t2gnay50,43,exp_evolution_50_ali_only_ali_only,hpo,/home/meliani/Desktop/phd/fast-track/search_space.json,python3 trial.py --data ./ali_only.csv,/home/meliani/Desktop/phd/fast-track,1,360000s,50,False,False,info,/home/meliani/nni-experiments,"['LSTM', 'GRU', 'CNN', 'RNN', 'TCN', 'Transformer', 'MLP']","[16, 32, 64, 128, 256]","[1, 2, 3, 4]","[0, 0.1, 0.2, 0.3, 0.5]","['relu', 'tanh', 'sigmoid', 'elu']","[1e-05, 0.01]","[2, 3, 4, 5, 6, 7, 8, 9, 10, 11, 12, 13, 14, 15, 16, 17, 18, 19, 20, 21, 22, 23, 24, 25, 26, 27, 28, 29, 30]","[16, 32, 64, 128]","[5, 10, 15, 20]","[2, 3, 5, 7]","[2, 4, 8]",evolution,minimize,local
t2gnay50,153,1076,1779194890767,,/home/meliani/nni-experiments/t2gnay50,44,exp_evolution_50_ali_only_ali_only,hpo,/home/meliani/Desktop/phd/fast-track/search_space.json,python3 trial.py --data ./ali_only.csv,/home/meliani/Desktop/phd/fast-track,1,360000s,50,False,False,info,/home/meliani/nni-experiments,"['LSTM', 'GRU', 'CNN', 'RNN', 'TCN', 'Transformer', 'MLP']","[16, 32, 64, 128, 256]","[1, 2, 3, 4]","[0, 0.1, 0.2, 0.3, 0.5]","['relu', 'tanh', 'sigmoid', 'elu']","[1e-05, 0.01]","[2, 3, 4, 5, 6, 7, 8, 9, 10, 11, 12, 13, 14, 15, 16, 17, 18, 19, 20, 21, 22, 23, 24, 25, 26, 27, 28, 29, 30]","[16, 32, 64, 128]","[5, 10, 15, 20]","[2, 3, 5, 7]","[2, 4, 8]",evolution,minimize,local
t2gnay50,154,1080,1779194890767,,/home/meliani/nni-experiments/t2gnay50,44,exp_evolution_50_ali_only_ali_only,hpo,/home/meliani/Desktop/phd/fast-track/search_space.json,python3 trial.py --data ./ali_only.csv,/home/meliani/Desktop/phd/fast-track,1,360000s,50,False,False,info,/home/meliani/nni-experiments,"['LSTM', 'GRU', 'CNN', 'RNN', 'TCN', 'Transformer', 'MLP']","[16, 32, 64, 128, 256]","[1, 2, 3, 4]","[0, 0.1, 0.2, 0.3, 0.5]","['relu', 'tanh', 'sigmoid', 'elu']","[1e-05, 0.01]","[2, 3, 4, 5, 6, 7, 8, 9, 10, 11, 12, 13, 14, 15, 16, 17, 18, 19, 20, 21, 22, 23, 24, 25, 26, 27, 28, 29, 30]","[16, 32, 64, 128]","[5, 10, 15, 20]","[2, 3, 5, 7]","[2, 4, 8]",evolution,minimize,local
t2gnay50,155,1087,1779194890767,,/home/meliani/nni-experiments/t2gnay50,45,exp_evolution_50_ali_only_ali_only,hpo,/home/meliani/Desktop/phd/fast-track/search_space.json,python3 trial.py --data ./ali_only.csv,/home/meliani/Desktop/phd/fast-track,1,360000s,50,False,False,info,/home/meliani/nni-experiments,"['LSTM', 'GRU', 'CNN', 'RNN', 'TCN', 'Transformer', 'MLP']","[16, 32, 64, 128, 256]","[1, 2, 3, 4]","[0, 0.1, 0.2, 0.3, 0.5]","['relu', 'tanh', 'sigmoid', 'elu']","[1e-05, 0.01]","[2, 3, 4, 5, 6, 7, 8, 9, 10, 11, 12, 13, 14, 15, 16, 17, 18, 19, 20, 21, 22, 23, 24, 25, 26, 27, 28, 29, 30]","[16, 32, 64, 128]","[5, 10, 15, 20]","[2, 3, 5, 7]","[2, 4, 8]",evolution,minimize,local
t2gnay50,156,1090,1779194890767,,/home/meliani/nni-experiments/t2gnay50,45,exp_evolution_50_ali_only_ali_only,hpo,/home/meliani/Desktop/phd/fast-track/search_space.json,python3 trial.py --data ./ali_only.csv,/home/meliani/Desktop/phd/fast-track,1,360000s,50,False,False,info,/home/meliani/nni-experiments,"['LSTM', 'GRU', 'CNN', 'RNN', 'TCN', 'Transformer', 'MLP']","[16, 32, 64, 128, 256]","[1, 2, 3, 4]","[0, 0.1, 0.2, 0.3, 0.5]","['relu', 'tanh', 'sigmoid', 'elu']","[1e-05, 0.01]","[2, 3, 4, 5, 6, 7, 8, 9, 10, 11, 12, 13, 14, 15, 16, 17, 18, 19, 20, 21, 22, 23, 24, 25, 26, 27, 28, 29, 30]","[16, 32, 64, 128]","[5, 10, 15, 20]","[2, 3, 5, 7]","[2, 4, 8]",evolution,minimize,local
t2gnay50,157,1095,1779194890767,,/home/meliani/nni-experiments/t2gnay50,46,exp_evolution_50_ali_only_ali_only,hpo,/home/meliani/Desktop/phd/fast-track/search_space.json,python3 trial.py --data ./ali_only.csv,/home/meliani/Desktop/phd/fast-track,1,360000s,50,False,False,info,/home/meliani/nni-experiments,"['LSTM', 'GRU', 'CNN', 'RNN', 'TCN', 'Transformer', 'MLP']","[16, 32, 64, 128, 256]","[1, 2, 3, 4]","[0, 0.1, 0.2, 0.3, 0.5]","['relu', 'tanh', 'sigmoid', 'elu']","[1e-05, 0.01]","[2, 3, 4, 5, 6, 7, 8, 9, 10, 11, 12, 13, 14, 15, 16, 17, 18, 19, 20, 21, 22, 23, 24, 25, 26, 27, 28, 29, 30]","[16, 32, 64, 128]","[5, 10, 15, 20]","[2, 3, 5, 7]","[2, 4, 8]",evolution,minimize,local
t2gnay50,158,1100,1779194890767,,/home/meliani/nni-experiments/t2gnay50,46,exp_evolution_50_ali_only_ali_only,hpo,/home/meliani/Desktop/phd/fast-track/search_space.json,python3 trial.py --data ./ali_only.csv,/home/meliani/Desktop/phd/fast-track,1,360000s,50,False,False,info,/home/meliani/nni-experiments,"['LSTM', 'GRU', 'CNN', 'RNN', 'TCN', 'Transformer', 'MLP']","[16, 32, 64, 128, 256]","[1, 2, 3, 4]","[0, 0.1, 0.2, 0.3, 0.5]","['relu', 'tanh', 'sigmoid', 'elu']","[1e-05, 0.01]","[2, 3, 4, 5, 6, 7, 8, 9, 10, 11, 12, 13, 14, 15, 16, 17, 18, 19, 20, 21, 22, 23, 24, 25, 26, 27, 28, 29, 30]","[16, 32, 64, 128]","[5, 10, 15, 20]","[2, 3, 5, 7]","[2, 4, 8]",evolution,minimize,local
t2gnay50,159,1104,1779194890767,,/home/meliani/nni-experiments/t2gnay50,47,exp_evolution_50_ali_only_ali_only,hpo,/home/meliani/Desktop/phd/fast-track/search_space.json,python3 trial.py --data ./ali_only.csv,/home/meliani/Desktop/phd/fast-track,1,360000s,50,False,False,info,/home/meliani/nni-experiments,"['LSTM', 'GRU', 'CNN', 'RNN', 'TCN', 'Transformer', 'MLP']","[16, 32, 64, 128, 256]","[1, 2, 3, 4]","[0, 0.1, 0.2, 0.3, 0.5]","['relu', 'tanh', 'sigmoid', 'elu']","[1e-05, 0.01]","[2, 3, 4, 5, 6, 7, 8, 9, 10, 11, 12, 13, 14, 15, 16, 17, 18, 19, 20, 21, 22, 23, 24, 25, 26, 27, 28, 29, 30]","[16, 32, 64, 128]","[5, 10, 15, 20]","[2, 3, 5, 7]","[2, 4, 8]",evolution,minimize,local
t2gnay50,160,1110,1779194890767,,/home/meliani/nni-experiments/t2gnay50,47,exp_evolution_50_ali_only_ali_only,hpo,/home/meliani/Desktop/phd/fast-track/search_space.json,python3 trial.py --data ./ali_only.csv,/home/meliani/Desktop/phd/fast-track,1,360000s,50,False,False,info,/home/meliani/nni-experiments,"['LSTM', 'GRU', 'CNN', 'RNN', 'TCN', 'Transformer', 'MLP']","[16, 32, 64, 128, 256]","[1, 2, 3, 4]","[0, 0.1, 0.2, 0.3, 0.5]","['relu', 'tanh', 'sigmoid', 'elu']","[1e-05, 0.01]","[2, 3, 4, 5, 6, 7, 8, 9, 10, 11, 12, 13, 14, 15, 16, 17, 18, 19, 20, 21, 22, 23, 24, 25, 26, 27, 28, 29, 30]","[16, 32, 64, 128]","[5, 10, 15, 20]","[2, 3, 5, 7]","[2, 4, 8]",evolution,minimize,local
t2gnay50,161,1120,1779194890767,,/home/meliani/nni-experiments/t2gnay50,47,exp_evolution_50_ali_only_ali_only,hpo,/home/meliani/Desktop/phd/fast-track/search_space.json,python3 trial.py --data ./ali_only.csv,/home/meliani/Desktop/phd/fast-track,1,360000s,50,False,False,info,/home/meliani/nni-experiments,"['LSTM', 'GRU', 'CNN', 'RNN', 'TCN', 'Transformer', 'MLP']","[16, 32, 64, 128, 256]","[1, 2, 3, 4]","[0, 0.1, 0.2, 0.3, 0.5]","['relu', 'tanh', 'sigmoid', 'elu']","[1e-05, 0.01]","[2, 3, 4, 5, 6, 7, 8, 9, 10, 11, 12, 13, 14, 15, 16, 17, 18, 19, 20, 21, 22, 23, 24, 25, 26, 27, 28, 29, 30]","[16, 32, 64, 128]","[5, 10, 15, 20]","[2, 3, 5, 7]","[2, 4, 8]",evolution,minimize,local
t2gnay50,162,1130,1779194890767,,/home/meliani/nni-experiments/t2gnay50,47,exp_evolution_50_ali_only_ali_only,hpo,/home/meliani/Desktop/phd/fast-track/search_space.json,python3 trial.py --data ./ali_only.csv,/home/meliani/Desktop/phd/fast-track,1,360000s,50,False,False,info,/home/meliani/nni-experiments,"['LSTM', 'GRU', 'CNN', 'RNN', 'TCN', 'Transformer', 'MLP']","[16, 32, 64, 128, 256]","[1, 2, 3, 4]","[0, 0.1, 0.2, 0.3, 0.5]","['relu', 'tanh', 'sigmoid', 'elu']","[1e-05, 0.01]","[2, 3, 4, 5, 6, 7, 8, 9, 10, 11, 12, 13, 14, 15, 16, 17, 18, 19, 20, 21, 22, 23, 24, 25, 26, 27, 28, 29, 30]","[16, 32, 64, 128]","[5, 10, 15, 20]","[2, 3, 5, 7]","[2, 4, 8]",evolution,minimize,local
t2gnay50,163,1132,1779194890767,,/home/meliani/nni-experiments/t2gnay50,48,exp_evolution_50_ali_only_ali_only,hpo,/home/meliani/Desktop/phd/fast-track/search_space.json,python3 trial.py --data ./ali_only.csv,/home/meliani/Desktop/phd/fast-track,1,360000s,50,False,False,info,/home/meliani/nni-experiments,"['LSTM', 'GRU', 'CNN', 'RNN', 'TCN', 'Transformer', 'MLP']","[16, 32, 64, 128, 256]","[1, 2, 3, 4]","[0, 0.1, 0.2, 0.3, 0.5]","['relu', 'tanh', 'sigmoid', 'elu']","[1e-05, 0.01]","[2, 3, 4, 5, 6, 7, 8, 9, 10, 11, 12, 13, 14, 15, 16, 17, 18, 19, 20, 21, 22, 23, 24, 25, 26, 27, 28, 29, 30]","[16, 32, 64, 128]","[5, 10, 15, 20]","[2, 3, 5, 7]","[2, 4, 8]",evolution,minimize,local
t2gnay50,164,1137,1779194890767,,/home/meliani/nni-experiments/t2gnay50,49,exp_evolution_50_ali_only_ali_only,hpo,/home/meliani/Desktop/phd/fast-track/search_space.json,python3 trial.py --data ./ali_only.csv,/home/meliani/Desktop/phd/fast-track,1,360000s,50,False,False,info,/home/meliani/nni-experiments,"['LSTM', 'GRU', 'CNN', 'RNN', 'TCN', 'Transformer', 'MLP']","[16, 32, 64, 128, 256]","[1, 2, 3, 4]","[0, 0.1, 0.2, 0.3, 0.5]","['relu', 'tanh', 'sigmoid', 'elu']","[1e-05, 0.01]","[2, 3, 4, 5, 6, 7, 8, 9, 10, 11, 12, 13, 14, 15, 16, 17, 18, 19, 20, 21, 22, 23, 24, 25, 26, 27, 28, 29, 30]","[16, 32, 64, 128]","[5, 10, 15, 20]","[2, 3, 5, 7]","[2, 4, 8]",evolution,minimize,local
t2gnay50,165,1140,1779194890767,,/home/meliani/nni-experiments/t2gnay50,49,exp_evolution_50_ali_only_ali_only,hpo,/home/meliani/Desktop/phd/fast-track/search_space.json,python3 trial.py --data ./ali_only.csv,/home/meliani/Desktop/phd/fast-track,1,360000s,50,False,False,info,/home/meliani/nni-experiments,"['LSTM', 'GRU', 'CNN', 'RNN', 'TCN', 'Transformer', 'MLP']","[16, 32, 64, 128, 256]","[1, 2, 3, 4]","[0, 0.1, 0.2, 0.3, 0.5]","['relu', 'tanh', 'sigmoid', 'elu']","[1e-05, 0.01]","[2, 3, 4, 5, 6, 7, 8, 9, 10, 11, 12, 13, 14, 15, 16, 17, 18, 19, 20, 21, 22, 23, 24, 25, 26, 27, 28, 29, 30]","[16, 32, 64, 128]","[5, 10, 15, 20]","[2, 3, 5, 7]","[2, 4, 8]",evolution,minimize,local
t2gnay50,166,1150,1779194890767,,/home/meliani/nni-experiments/t2gnay50,49,exp_evolution_50_ali_only_ali_only,hpo,/home/meliani/Desktop/phd/fast-track/search_space.json,python3 trial.py --data ./ali_only.csv,/home/meliani/Desktop/phd/fast-track,1,360000s,50,False,False,info,/home/meliani/nni-experiments,"['LSTM', 'GRU', 'CNN', 'RNN', 'TCN', 'Transformer', 'MLP']","[16, 32, 64, 128, 256]","[1, 2, 3, 4]","[0, 0.1, 0.2, 0.3, 0.5]","['relu', 'tanh', 'sigmoid', 'elu']","[1e-05, 0.01]","[2, 3, 4, 5, 6, 7, 8, 9, 10, 11, 12, 13, 14, 15, 16, 17, 18, 19, 20, 21, 22, 23, 24, 25, 26, 27, 28, 29, 30]","[16, 32, 64, 128]","[5, 10, 15, 20]","[2, 3, 5, 7]","[2, 4, 8]",evolution,minimize,local
t2gnay50,167,1154,1779194890767,,/home/meliani/nni-experiments/t2gnay50,50,exp_evolution_50_ali_only_ali_only,hpo,/home/meliani/Desktop/phd/fast-track/search_space.json,python3 trial.py --data ./ali_only.csv,/home/meliani/Desktop/phd/fast-track,1,360000s,50,False,False,info,/home/meliani/nni-experiments,"['LSTM', 'GRU', 'CNN', 'RNN', 'TCN', 'Transformer', 'MLP']","[16, 32, 64, 128, 256]","[1, 2, 3, 4]","[0, 0.1, 0.2, 0.3, 0.5]","['relu', 'tanh', 'sigmoid', 'elu']","[1e-05, 0.01]","[2, 3, 4, 5, 6, 7, 8, 9, 10, 11, 12, 13, 14, 15, 16, 17, 18, 19, 20, 21, 22, 23, 24, 25, 26, 27, 28, 29, 30]","[16, 32, 64, 128]","[5, 10, 15, 20]","[2, 3, 5, 7]","[2, 4, 8]",evolution,minimize,local
t2gnay50,168,1160,1779194890767,,/home/meliani/nni-experiments/t2gnay50,50,exp_evolution_50_ali_only_ali_only,hpo,/home/meliani/Desktop/phd/fast-track/search_space.json,python3 trial.py --data ./ali_only.csv,/home/meliani/Desktop/phd/fast-track,1,360000s,50,False,False,info,/home/meliani/nni-experiments,"['LSTM', 'GRU', 'CNN', 'RNN', 'TCN', 'Transformer', 'MLP']","[16, 32, 64, 128, 256]","[1, 2, 3, 4]","[0, 0.1, 0.2, 0.3, 0.5]","['relu', 'tanh', 'sigmoid', 'elu']","[1e-05, 0.01]","[2, 3, 4, 5, 6, 7, 8, 9, 10, 11, 12, 13, 14, 15, 16, 17, 18, 19, 20, 21, 22, 23, 24, 25, 26, 27, 28, 29, 30]","[16, 32, 64, 128]","[5, 10, 15, 20]","[2, 3, 5, 7]","[2, 4, 8]",evolution,minimize,local
t2gnay50,169,1163,1779194890767,1779196060257,/home/meliani/nni-experiments/t2gnay50,50,exp_evolution_50_ali_only_ali_only,hpo,/home/meliani/Desktop/phd/fast-track/search_space.json,python3 trial.py --data ./ali_only.csv,/home/meliani/Desktop/phd/fast-track,1,360000s,50,False,False,info,/home/meliani/nni-experiments,"['LSTM', 'GRU', 'CNN', 'RNN', 'TCN', 'Transformer', 'MLP']","[16, 32, 64, 128, 256]","[1, 2, 3, 4]","[0, 0.1, 0.2, 0.3, 0.5]","['relu', 'tanh', 'sigmoid', 'elu']","[1e-05, 0.01]","[2, 3, 4, 5, 6, 7, 8, 9, 10, 11, 12, 13, 14, 15, 16, 17, 18, 19, 20, 21, 22, 23, 24, 25, 26, 27, 28, 29, 30]","[16, 32, 64, 128]","[5, 10, 15, 20]","[2, 3, 5, 7]","[2, 4, 8]",evolution,minimize,local
