experiment_id,trial_id,status,start_time,end_time,working_directory,exit_code,experiment_name,experiment_type,search_space_file,trial_command,trial_code_directory,trial_concurrency,max_duration,max_trials,use_annotation,debug_mode,log_level,exp_working_dir,model_types,unit_values,layer_counts,dropout_rates,activations,learning_rate_range,window_sizes,batch_sizes,epoch_options,kernel_sizes,attention_heads,tuner_name,optimize_mode,training_platform
y8bsu7fq,1,0,1779170189388,,/home/meliani/nni-experiments/y8bsu7fq,0,exp_GridSearch_1800s_local_plus_tt_local_plus_tt,hpo,/home/meliani/Desktop/phd/fast-track/search_space.json,python3 trial.py --data ./local_plus_tt.csv,/home/meliani/Desktop/phd/fast-track,1,1800s,100000000,False,False,info,/home/meliani/nni-experiments,"['LSTM', 'GRU', 'CNN', 'RNN', 'TCN', 'Transformer', 'MLP']","[16, 32, 64, 128, 256]","[1, 2, 3, 4]","[0, 0.1, 0.2, 0.3, 0.5]","['relu', 'tanh', 'sigmoid', 'elu']","[1e-05, 0.01]","[2, 3, 4, 5, 6, 7, 8, 9, 10, 11, 12, 13, 14, 15, 16, 17, 18, 19, 20, 21, 22, 23, 24, 25, 26, 27, 28, 29, 30]","[16, 32, 64, 128]","[5, 10, 15, 20]","[2, 3, 5, 7]","[2, 4, 8]",GridSearch,minimize,local
y8bsu7fq,2,0,1779170189388,,/home/meliani/nni-experiments/y8bsu7fq,0,exp_GridSearch_1800s_local_plus_tt_local_plus_tt,hpo,/home/meliani/Desktop/phd/fast-track/search_space.json,python3 trial.py --data ./local_plus_tt.csv,/home/meliani/Desktop/phd/fast-track,1,1800s,100000000,False,False,info,/home/meliani/nni-experiments,"['LSTM', 'GRU', 'CNN', 'RNN', 'TCN', 'Transformer', 'MLP']","[16, 32, 64, 128, 256]","[1, 2, 3, 4]","[0, 0.1, 0.2, 0.3, 0.5]","['relu', 'tanh', 'sigmoid', 'elu']","[1e-05, 0.01]","[2, 3, 4, 5, 6, 7, 8, 9, 10, 11, 12, 13, 14, 15, 16, 17, 18, 19, 20, 21, 22, 23, 24, 25, 26, 27, 28, 29, 30]","[16, 32, 64, 128]","[5, 10, 15, 20]","[2, 3, 5, 7]","[2, 4, 8]",GridSearch,minimize,local
y8bsu7fq,3,0,1779170189388,,/home/meliani/nni-experiments/y8bsu7fq,1,exp_GridSearch_1800s_local_plus_tt_local_plus_tt,hpo,/home/meliani/Desktop/phd/fast-track/search_space.json,python3 trial.py --data ./local_plus_tt.csv,/home/meliani/Desktop/phd/fast-track,1,1800s,100000000,False,False,info,/home/meliani/nni-experiments,"['LSTM', 'GRU', 'CNN', 'RNN', 'TCN', 'Transformer', 'MLP']","[16, 32, 64, 128, 256]","[1, 2, 3, 4]","[0, 0.1, 0.2, 0.3, 0.5]","['relu', 'tanh', 'sigmoid', 'elu']","[1e-05, 0.01]","[2, 3, 4, 5, 6, 7, 8, 9, 10, 11, 12, 13, 14, 15, 16, 17, 18, 19, 20, 21, 22, 23, 24, 25, 26, 27, 28, 29, 30]","[16, 32, 64, 128]","[5, 10, 15, 20]","[2, 3, 5, 7]","[2, 4, 8]",GridSearch,minimize,local
y8bsu7fq,4,10,1779170189388,,/home/meliani/nni-experiments/y8bsu7fq,1,exp_GridSearch_1800s_local_plus_tt_local_plus_tt,hpo,/home/meliani/Desktop/phd/fast-track/search_space.json,python3 trial.py --data ./local_plus_tt.csv,/home/meliani/Desktop/phd/fast-track,1,1800s,100000000,False,False,info,/home/meliani/nni-experiments,"['LSTM', 'GRU', 'CNN', 'RNN', 'TCN', 'Transformer', 'MLP']","[16, 32, 64, 128, 256]","[1, 2, 3, 4]","[0, 0.1, 0.2, 0.3, 0.5]","['relu', 'tanh', 'sigmoid', 'elu']","[1e-05, 0.01]","[2, 3, 4, 5, 6, 7, 8, 9, 10, 11, 12, 13, 14, 15, 16, 17, 18, 19, 20, 21, 22, 23, 24, 25, 26, 27, 28, 29, 30]","[16, 32, 64, 128]","[5, 10, 15, 20]","[2, 3, 5, 7]","[2, 4, 8]",GridSearch,minimize,local
y8bsu7fq,5,12,1779170189388,,/home/meliani/nni-experiments/y8bsu7fq,2,exp_GridSearch_1800s_local_plus_tt_local_plus_tt,hpo,/home/meliani/Desktop/phd/fast-track/search_space.json,python3 trial.py --data ./local_plus_tt.csv,/home/meliani/Desktop/phd/fast-track,1,1800s,100000000,False,False,info,/home/meliani/nni-experiments,"['LSTM', 'GRU', 'CNN', 'RNN', 'TCN', 'Transformer', 'MLP']","[16, 32, 64, 128, 256]","[1, 2, 3, 4]","[0, 0.1, 0.2, 0.3, 0.5]","['relu', 'tanh', 'sigmoid', 'elu']","[1e-05, 0.01]","[2, 3, 4, 5, 6, 7, 8, 9, 10, 11, 12, 13, 14, 15, 16, 17, 18, 19, 20, 21, 22, 23, 24, 25, 26, 27, 28, 29, 30]","[16, 32, 64, 128]","[5, 10, 15, 20]","[2, 3, 5, 7]","[2, 4, 8]",GridSearch,minimize,local
y8bsu7fq,6,20,1779170189388,,/home/meliani/nni-experiments/y8bsu7fq,2,exp_GridSearch_1800s_local_plus_tt_local_plus_tt,hpo,/home/meliani/Desktop/phd/fast-track/search_space.json,python3 trial.py --data ./local_plus_tt.csv,/home/meliani/Desktop/phd/fast-track,1,1800s,100000000,False,False,info,/home/meliani/nni-experiments,"['LSTM', 'GRU', 'CNN', 'RNN', 'TCN', 'Transformer', 'MLP']","[16, 32, 64, 128, 256]","[1, 2, 3, 4]","[0, 0.1, 0.2, 0.3, 0.5]","['relu', 'tanh', 'sigmoid', 'elu']","[1e-05, 0.01]","[2, 3, 4, 5, 6, 7, 8, 9, 10, 11, 12, 13, 14, 15, 16, 17, 18, 19, 20, 21, 22, 23, 24, 25, 26, 27, 28, 29, 30]","[16, 32, 64, 128]","[5, 10, 15, 20]","[2, 3, 5, 7]","[2, 4, 8]",GridSearch,minimize,local
y8bsu7fq,7,24,1779170189388,,/home/meliani/nni-experiments/y8bsu7fq,3,exp_GridSearch_1800s_local_plus_tt_local_plus_tt,hpo,/home/meliani/Desktop/phd/fast-track/search_space.json,python3 trial.py --data ./local_plus_tt.csv,/home/meliani/Desktop/phd/fast-track,1,1800s,100000000,False,False,info,/home/meliani/nni-experiments,"['LSTM', 'GRU', 'CNN', 'RNN', 'TCN', 'Transformer', 'MLP']","[16, 32, 64, 128, 256]","[1, 2, 3, 4]","[0, 0.1, 0.2, 0.3, 0.5]","['relu', 'tanh', 'sigmoid', 'elu']","[1e-05, 0.01]","[2, 3, 4, 5, 6, 7, 8, 9, 10, 11, 12, 13, 14, 15, 16, 17, 18, 19, 20, 21, 22, 23, 24, 25, 26, 27, 28, 29, 30]","[16, 32, 64, 128]","[5, 10, 15, 20]","[2, 3, 5, 7]","[2, 4, 8]",GridSearch,minimize,local
y8bsu7fq,8,30,1779170189388,,/home/meliani/nni-experiments/y8bsu7fq,3,exp_GridSearch_1800s_local_plus_tt_local_plus_tt,hpo,/home/meliani/Desktop/phd/fast-track/search_space.json,python3 trial.py --data ./local_plus_tt.csv,/home/meliani/Desktop/phd/fast-track,1,1800s,100000000,False,False,info,/home/meliani/nni-experiments,"['LSTM', 'GRU', 'CNN', 'RNN', 'TCN', 'Transformer', 'MLP']","[16, 32, 64, 128, 256]","[1, 2, 3, 4]","[0, 0.1, 0.2, 0.3, 0.5]","['relu', 'tanh', 'sigmoid', 'elu']","[1e-05, 0.01]","[2, 3, 4, 5, 6, 7, 8, 9, 10, 11, 12, 13, 14, 15, 16, 17, 18, 19, 20, 21, 22, 23, 24, 25, 26, 27, 28, 29, 30]","[16, 32, 64, 128]","[5, 10, 15, 20]","[2, 3, 5, 7]","[2, 4, 8]",GridSearch,minimize,local
y8bsu7fq,9,36,1779170189388,,/home/meliani/nni-experiments/y8bsu7fq,4,exp_GridSearch_1800s_local_plus_tt_local_plus_tt,hpo,/home/meliani/Desktop/phd/fast-track/search_space.json,python3 trial.py --data ./local_plus_tt.csv,/home/meliani/Desktop/phd/fast-track,1,1800s,100000000,False,False,info,/home/meliani/nni-experiments,"['LSTM', 'GRU', 'CNN', 'RNN', 'TCN', 'Transformer', 'MLP']","[16, 32, 64, 128, 256]","[1, 2, 3, 4]","[0, 0.1, 0.2, 0.3, 0.5]","['relu', 'tanh', 'sigmoid', 'elu']","[1e-05, 0.01]","[2, 3, 4, 5, 6, 7, 8, 9, 10, 11, 12, 13, 14, 15, 16, 17, 18, 19, 20, 21, 22, 23, 24, 25, 26, 27, 28, 29, 30]","[16, 32, 64, 128]","[5, 10, 15, 20]","[2, 3, 5, 7]","[2, 4, 8]",GridSearch,minimize,local
y8bsu7fq,10,40,1779170189388,,/home/meliani/nni-experiments/y8bsu7fq,4,exp_GridSearch_1800s_local_plus_tt_local_plus_tt,hpo,/home/meliani/Desktop/phd/fast-track/search_space.json,python3 trial.py --data ./local_plus_tt.csv,/home/meliani/Desktop/phd/fast-track,1,1800s,100000000,False,False,info,/home/meliani/nni-experiments,"['LSTM', 'GRU', 'CNN', 'RNN', 'TCN', 'Transformer', 'MLP']","[16, 32, 64, 128, 256]","[1, 2, 3, 4]","[0, 0.1, 0.2, 0.3, 0.5]","['relu', 'tanh', 'sigmoid', 'elu']","[1e-05, 0.01]","[2, 3, 4, 5, 6, 7, 8, 9, 10, 11, 12, 13, 14, 15, 16, 17, 18, 19, 20, 21, 22, 23, 24, 25, 26, 27, 28, 29, 30]","[16, 32, 64, 128]","[5, 10, 15, 20]","[2, 3, 5, 7]","[2, 4, 8]",GridSearch,minimize,local
y8bsu7fq,11,48,1779170189388,,/home/meliani/nni-experiments/y8bsu7fq,5,exp_GridSearch_1800s_local_plus_tt_local_plus_tt,hpo,/home/meliani/Desktop/phd/fast-track/search_space.json,python3 trial.py --data ./local_plus_tt.csv,/home/meliani/Desktop/phd/fast-track,1,1800s,100000000,False,False,info,/home/meliani/nni-experiments,"['LSTM', 'GRU', 'CNN', 'RNN', 'TCN', 'Transformer', 'MLP']","[16, 32, 64, 128, 256]","[1, 2, 3, 4]","[0, 0.1, 0.2, 0.3, 0.5]","['relu', 'tanh', 'sigmoid', 'elu']","[1e-05, 0.01]","[2, 3, 4, 5, 6, 7, 8, 9, 10, 11, 12, 13, 14, 15, 16, 17, 18, 19, 20, 21, 22, 23, 24, 25, 26, 27, 28, 29, 30]","[16, 32, 64, 128]","[5, 10, 15, 20]","[2, 3, 5, 7]","[2, 4, 8]",GridSearch,minimize,local
y8bsu7fq,12,50,1779170189388,,/home/meliani/nni-experiments/y8bsu7fq,5,exp_GridSearch_1800s_local_plus_tt_local_plus_tt,hpo,/home/meliani/Desktop/phd/fast-track/search_space.json,python3 trial.py --data ./local_plus_tt.csv,/home/meliani/Desktop/phd/fast-track,1,1800s,100000000,False,False,info,/home/meliani/nni-experiments,"['LSTM', 'GRU', 'CNN', 'RNN', 'TCN', 'Transformer', 'MLP']","[16, 32, 64, 128, 256]","[1, 2, 3, 4]","[0, 0.1, 0.2, 0.3, 0.5]","['relu', 'tanh', 'sigmoid', 'elu']","[1e-05, 0.01]","[2, 3, 4, 5, 6, 7, 8, 9, 10, 11, 12, 13, 14, 15, 16, 17, 18, 19, 20, 21, 22, 23, 24, 25, 26, 27, 28, 29, 30]","[16, 32, 64, 128]","[5, 10, 15, 20]","[2, 3, 5, 7]","[2, 4, 8]",GridSearch,minimize,local
y8bsu7fq,13,60,1779170189388,,/home/meliani/nni-experiments/y8bsu7fq,6,exp_GridSearch_1800s_local_plus_tt_local_plus_tt,hpo,/home/meliani/Desktop/phd/fast-track/search_space.json,python3 trial.py --data ./local_plus_tt.csv,/home/meliani/Desktop/phd/fast-track,1,1800s,100000000,False,False,info,/home/meliani/nni-experiments,"['LSTM', 'GRU', 'CNN', 'RNN', 'TCN', 'Transformer', 'MLP']","[16, 32, 64, 128, 256]","[1, 2, 3, 4]","[0, 0.1, 0.2, 0.3, 0.5]","['relu', 'tanh', 'sigmoid', 'elu']","[1e-05, 0.01]","[2, 3, 4, 5, 6, 7, 8, 9, 10, 11, 12, 13, 14, 15, 16, 17, 18, 19, 20, 21, 22, 23, 24, 25, 26, 27, 28, 29, 30]","[16, 32, 64, 128]","[5, 10, 15, 20]","[2, 3, 5, 7]","[2, 4, 8]",GridSearch,minimize,local
y8bsu7fq,14,60,1779170189388,,/home/meliani/nni-experiments/y8bsu7fq,6,exp_GridSearch_1800s_local_plus_tt_local_plus_tt,hpo,/home/meliani/Desktop/phd/fast-track/search_space.json,python3 trial.py --data ./local_plus_tt.csv,/home/meliani/Desktop/phd/fast-track,1,1800s,100000000,False,False,info,/home/meliani/nni-experiments,"['LSTM', 'GRU', 'CNN', 'RNN', 'TCN', 'Transformer', 'MLP']","[16, 32, 64, 128, 256]","[1, 2, 3, 4]","[0, 0.1, 0.2, 0.3, 0.5]","['relu', 'tanh', 'sigmoid', 'elu']","[1e-05, 0.01]","[2, 3, 4, 5, 6, 7, 8, 9, 10, 11, 12, 13, 14, 15, 16, 17, 18, 19, 20, 21, 22, 23, 24, 25, 26, 27, 28, 29, 30]","[16, 32, 64, 128]","[5, 10, 15, 20]","[2, 3, 5, 7]","[2, 4, 8]",GridSearch,minimize,local
y8bsu7fq,15,70,1779170189388,,/home/meliani/nni-experiments/y8bsu7fq,6,exp_GridSearch_1800s_local_plus_tt_local_plus_tt,hpo,/home/meliani/Desktop/phd/fast-track/search_space.json,python3 trial.py --data ./local_plus_tt.csv,/home/meliani/Desktop/phd/fast-track,1,1800s,100000000,False,False,info,/home/meliani/nni-experiments,"['LSTM', 'GRU', 'CNN', 'RNN', 'TCN', 'Transformer', 'MLP']","[16, 32, 64, 128, 256]","[1, 2, 3, 4]","[0, 0.1, 0.2, 0.3, 0.5]","['relu', 'tanh', 'sigmoid', 'elu']","[1e-05, 0.01]","[2, 3, 4, 5, 6, 7, 8, 9, 10, 11, 12, 13, 14, 15, 16, 17, 18, 19, 20, 21, 22, 23, 24, 25, 26, 27, 28, 29, 30]","[16, 32, 64, 128]","[5, 10, 15, 20]","[2, 3, 5, 7]","[2, 4, 8]",GridSearch,minimize,local
y8bsu7fq,16,71,1779170189388,,/home/meliani/nni-experiments/y8bsu7fq,7,exp_GridSearch_1800s_local_plus_tt_local_plus_tt,hpo,/home/meliani/Desktop/phd/fast-track/search_space.json,python3 trial.py --data ./local_plus_tt.csv,/home/meliani/Desktop/phd/fast-track,1,1800s,100000000,False,False,info,/home/meliani/nni-experiments,"['LSTM', 'GRU', 'CNN', 'RNN', 'TCN', 'Transformer', 'MLP']","[16, 32, 64, 128, 256]","[1, 2, 3, 4]","[0, 0.1, 0.2, 0.3, 0.5]","['relu', 'tanh', 'sigmoid', 'elu']","[1e-05, 0.01]","[2, 3, 4, 5, 6, 7, 8, 9, 10, 11, 12, 13, 14, 15, 16, 17, 18, 19, 20, 21, 22, 23, 24, 25, 26, 27, 28, 29, 30]","[16, 32, 64, 128]","[5, 10, 15, 20]","[2, 3, 5, 7]","[2, 4, 8]",GridSearch,minimize,local
y8bsu7fq,17,80,1779170189388,,/home/meliani/nni-experiments/y8bsu7fq,7,exp_GridSearch_1800s_local_plus_tt_local_plus_tt,hpo,/home/meliani/Desktop/phd/fast-track/search_space.json,python3 trial.py --data ./local_plus_tt.csv,/home/meliani/Desktop/phd/fast-track,1,1800s,100000000,False,False,info,/home/meliani/nni-experiments,"['LSTM', 'GRU', 'CNN', 'RNN', 'TCN', 'Transformer', 'MLP']","[16, 32, 64, 128, 256]","[1, 2, 3, 4]","[0, 0.1, 0.2, 0.3, 0.5]","['relu', 'tanh', 'sigmoid', 'elu']","[1e-05, 0.01]","[2, 3, 4, 5, 6, 7, 8, 9, 10, 11, 12, 13, 14, 15, 16, 17, 18, 19, 20, 21, 22, 23, 24, 25, 26, 27, 28, 29, 30]","[16, 32, 64, 128]","[5, 10, 15, 20]","[2, 3, 5, 7]","[2, 4, 8]",GridSearch,minimize,local
y8bsu7fq,18,83,1779170189388,,/home/meliani/nni-experiments/y8bsu7fq,8,exp_GridSearch_1800s_local_plus_tt_local_plus_tt,hpo,/home/meliani/Desktop/phd/fast-track/search_space.json,python3 trial.py --data ./local_plus_tt.csv,/home/meliani/Desktop/phd/fast-track,1,1800s,100000000,False,False,info,/home/meliani/nni-experiments,"['LSTM', 'GRU', 'CNN', 'RNN', 'TCN', 'Transformer', 'MLP']","[16, 32, 64, 128, 256]","[1, 2, 3, 4]","[0, 0.1, 0.2, 0.3, 0.5]","['relu', 'tanh', 'sigmoid', 'elu']","[1e-05, 0.01]","[2, 3, 4, 5, 6, 7, 8, 9, 10, 11, 12, 13, 14, 15, 16, 17, 18, 19, 20, 21, 22, 23, 24, 25, 26, 27, 28, 29, 30]","[16, 32, 64, 128]","[5, 10, 15, 20]","[2, 3, 5, 7]","[2, 4, 8]",GridSearch,minimize,local
y8bsu7fq,19,90,1779170189388,,/home/meliani/nni-experiments/y8bsu7fq,8,exp_GridSearch_1800s_local_plus_tt_local_plus_tt,hpo,/home/meliani/Desktop/phd/fast-track/search_space.json,python3 trial.py --data ./local_plus_tt.csv,/home/meliani/Desktop/phd/fast-track,1,1800s,100000000,False,False,info,/home/meliani/nni-experiments,"['LSTM', 'GRU', 'CNN', 'RNN', 'TCN', 'Transformer', 'MLP']","[16, 32, 64, 128, 256]","[1, 2, 3, 4]","[0, 0.1, 0.2, 0.3, 0.5]","['relu', 'tanh', 'sigmoid', 'elu']","[1e-05, 0.01]","[2, 3, 4, 5, 6, 7, 8, 9, 10, 11, 12, 13, 14, 15, 16, 17, 18, 19, 20, 21, 22, 23, 24, 25, 26, 27, 28, 29, 30]","[16, 32, 64, 128]","[5, 10, 15, 20]","[2, 3, 5, 7]","[2, 4, 8]",GridSearch,minimize,local
y8bsu7fq,20,94,1779170189388,,/home/meliani/nni-experiments/y8bsu7fq,9,exp_GridSearch_1800s_local_plus_tt_local_plus_tt,hpo,/home/meliani/Desktop/phd/fast-track/search_space.json,python3 trial.py --data ./local_plus_tt.csv,/home/meliani/Desktop/phd/fast-track,1,1800s,100000000,False,False,info,/home/meliani/nni-experiments,"['LSTM', 'GRU', 'CNN', 'RNN', 'TCN', 'Transformer', 'MLP']","[16, 32, 64, 128, 256]","[1, 2, 3, 4]","[0, 0.1, 0.2, 0.3, 0.5]","['relu', 'tanh', 'sigmoid', 'elu']","[1e-05, 0.01]","[2, 3, 4, 5, 6, 7, 8, 9, 10, 11, 12, 13, 14, 15, 16, 17, 18, 19, 20, 21, 22, 23, 24, 25, 26, 27, 28, 29, 30]","[16, 32, 64, 128]","[5, 10, 15, 20]","[2, 3, 5, 7]","[2, 4, 8]",GridSearch,minimize,local
y8bsu7fq,21,100,1779170189388,,/home/meliani/nni-experiments/y8bsu7fq,9,exp_GridSearch_1800s_local_plus_tt_local_plus_tt,hpo,/home/meliani/Desktop/phd/fast-track/search_space.json,python3 trial.py --data ./local_plus_tt.csv,/home/meliani/Desktop/phd/fast-track,1,1800s,100000000,False,False,info,/home/meliani/nni-experiments,"['LSTM', 'GRU', 'CNN', 'RNN', 'TCN', 'Transformer', 'MLP']","[16, 32, 64, 128, 256]","[1, 2, 3, 4]","[0, 0.1, 0.2, 0.3, 0.5]","['relu', 'tanh', 'sigmoid', 'elu']","[1e-05, 0.01]","[2, 3, 4, 5, 6, 7, 8, 9, 10, 11, 12, 13, 14, 15, 16, 17, 18, 19, 20, 21, 22, 23, 24, 25, 26, 27, 28, 29, 30]","[16, 32, 64, 128]","[5, 10, 15, 20]","[2, 3, 5, 7]","[2, 4, 8]",GridSearch,minimize,local
y8bsu7fq,22,106,1779170189388,,/home/meliani/nni-experiments/y8bsu7fq,10,exp_GridSearch_1800s_local_plus_tt_local_plus_tt,hpo,/home/meliani/Desktop/phd/fast-track/search_space.json,python3 trial.py --data ./local_plus_tt.csv,/home/meliani/Desktop/phd/fast-track,1,1800s,100000000,False,False,info,/home/meliani/nni-experiments,"['LSTM', 'GRU', 'CNN', 'RNN', 'TCN', 'Transformer', 'MLP']","[16, 32, 64, 128, 256]","[1, 2, 3, 4]","[0, 0.1, 0.2, 0.3, 0.5]","['relu', 'tanh', 'sigmoid', 'elu']","[1e-05, 0.01]","[2, 3, 4, 5, 6, 7, 8, 9, 10, 11, 12, 13, 14, 15, 16, 17, 18, 19, 20, 21, 22, 23, 24, 25, 26, 27, 28, 29, 30]","[16, 32, 64, 128]","[5, 10, 15, 20]","[2, 3, 5, 7]","[2, 4, 8]",GridSearch,minimize,local
y8bsu7fq,23,110,1779170189388,,/home/meliani/nni-experiments/y8bsu7fq,10,exp_GridSearch_1800s_local_plus_tt_local_plus_tt,hpo,/home/meliani/Desktop/phd/fast-track/search_space.json,python3 trial.py --data ./local_plus_tt.csv,/home/meliani/Desktop/phd/fast-track,1,1800s,100000000,False,False,info,/home/meliani/nni-experiments,"['LSTM', 'GRU', 'CNN', 'RNN', 'TCN', 'Transformer', 'MLP']","[16, 32, 64, 128, 256]","[1, 2, 3, 4]","[0, 0.1, 0.2, 0.3, 0.5]","['relu', 'tanh', 'sigmoid', 'elu']","[1e-05, 0.01]","[2, 3, 4, 5, 6, 7, 8, 9, 10, 11, 12, 13, 14, 15, 16, 17, 18, 19, 20, 21, 22, 23, 24, 25, 26, 27, 28, 29, 30]","[16, 32, 64, 128]","[5, 10, 15, 20]","[2, 3, 5, 7]","[2, 4, 8]",GridSearch,minimize,local
y8bsu7fq,24,117,1779170189388,,/home/meliani/nni-experiments/y8bsu7fq,11,exp_GridSearch_1800s_local_plus_tt_local_plus_tt,hpo,/home/meliani/Desktop/phd/fast-track/search_space.json,python3 trial.py --data ./local_plus_tt.csv,/home/meliani/Desktop/phd/fast-track,1,1800s,100000000,False,False,info,/home/meliani/nni-experiments,"['LSTM', 'GRU', 'CNN', 'RNN', 'TCN', 'Transformer', 'MLP']","[16, 32, 64, 128, 256]","[1, 2, 3, 4]","[0, 0.1, 0.2, 0.3, 0.5]","['relu', 'tanh', 'sigmoid', 'elu']","[1e-05, 0.01]","[2, 3, 4, 5, 6, 7, 8, 9, 10, 11, 12, 13, 14, 15, 16, 17, 18, 19, 20, 21, 22, 23, 24, 25, 26, 27, 28, 29, 30]","[16, 32, 64, 128]","[5, 10, 15, 20]","[2, 3, 5, 7]","[2, 4, 8]",GridSearch,minimize,local
y8bsu7fq,25,120,1779170189388,,/home/meliani/nni-experiments/y8bsu7fq,11,exp_GridSearch_1800s_local_plus_tt_local_plus_tt,hpo,/home/meliani/Desktop/phd/fast-track/search_space.json,python3 trial.py --data ./local_plus_tt.csv,/home/meliani/Desktop/phd/fast-track,1,1800s,100000000,False,False,info,/home/meliani/nni-experiments,"['LSTM', 'GRU', 'CNN', 'RNN', 'TCN', 'Transformer', 'MLP']","[16, 32, 64, 128, 256]","[1, 2, 3, 4]","[0, 0.1, 0.2, 0.3, 0.5]","['relu', 'tanh', 'sigmoid', 'elu']","[1e-05, 0.01]","[2, 3, 4, 5, 6, 7, 8, 9, 10, 11, 12, 13, 14, 15, 16, 17, 18, 19, 20, 21, 22, 23, 24, 25, 26, 27, 28, 29, 30]","[16, 32, 64, 128]","[5, 10, 15, 20]","[2, 3, 5, 7]","[2, 4, 8]",GridSearch,minimize,local
y8bsu7fq,26,128,1779170189388,,/home/meliani/nni-experiments/y8bsu7fq,12,exp_GridSearch_1800s_local_plus_tt_local_plus_tt,hpo,/home/meliani/Desktop/phd/fast-track/search_space.json,python3 trial.py --data ./local_plus_tt.csv,/home/meliani/Desktop/phd/fast-track,1,1800s,100000000,False,False,info,/home/meliani/nni-experiments,"['LSTM', 'GRU', 'CNN', 'RNN', 'TCN', 'Transformer', 'MLP']","[16, 32, 64, 128, 256]","[1, 2, 3, 4]","[0, 0.1, 0.2, 0.3, 0.5]","['relu', 'tanh', 'sigmoid', 'elu']","[1e-05, 0.01]","[2, 3, 4, 5, 6, 7, 8, 9, 10, 11, 12, 13, 14, 15, 16, 17, 18, 19, 20, 21, 22, 23, 24, 25, 26, 27, 28, 29, 30]","[16, 32, 64, 128]","[5, 10, 15, 20]","[2, 3, 5, 7]","[2, 4, 8]",GridSearch,minimize,local
y8bsu7fq,27,130,1779170189388,,/home/meliani/nni-experiments/y8bsu7fq,12,exp_GridSearch_1800s_local_plus_tt_local_plus_tt,hpo,/home/meliani/Desktop/phd/fast-track/search_space.json,python3 trial.py --data ./local_plus_tt.csv,/home/meliani/Desktop/phd/fast-track,1,1800s,100000000,False,False,info,/home/meliani/nni-experiments,"['LSTM', 'GRU', 'CNN', 'RNN', 'TCN', 'Transformer', 'MLP']","[16, 32, 64, 128, 256]","[1, 2, 3, 4]","[0, 0.1, 0.2, 0.3, 0.5]","['relu', 'tanh', 'sigmoid', 'elu']","[1e-05, 0.01]","[2, 3, 4, 5, 6, 7, 8, 9, 10, 11, 12, 13, 14, 15, 16, 17, 18, 19, 20, 21, 22, 23, 24, 25, 26, 27, 28, 29, 30]","[16, 32, 64, 128]","[5, 10, 15, 20]","[2, 3, 5, 7]","[2, 4, 8]",GridSearch,minimize,local
y8bsu7fq,28,139,1779170189388,,/home/meliani/nni-experiments/y8bsu7fq,13,exp_GridSearch_1800s_local_plus_tt_local_plus_tt,hpo,/home/meliani/Desktop/phd/fast-track/search_space.json,python3 trial.py --data ./local_plus_tt.csv,/home/meliani/Desktop/phd/fast-track,1,1800s,100000000,False,False,info,/home/meliani/nni-experiments,"['LSTM', 'GRU', 'CNN', 'RNN', 'TCN', 'Transformer', 'MLP']","[16, 32, 64, 128, 256]","[1, 2, 3, 4]","[0, 0.1, 0.2, 0.3, 0.5]","['relu', 'tanh', 'sigmoid', 'elu']","[1e-05, 0.01]","[2, 3, 4, 5, 6, 7, 8, 9, 10, 11, 12, 13, 14, 15, 16, 17, 18, 19, 20, 21, 22, 23, 24, 25, 26, 27, 28, 29, 30]","[16, 32, 64, 128]","[5, 10, 15, 20]","[2, 3, 5, 7]","[2, 4, 8]",GridSearch,minimize,local
y8bsu7fq,29,140,1779170189388,,/home/meliani/nni-experiments/y8bsu7fq,13,exp_GridSearch_1800s_local_plus_tt_local_plus_tt,hpo,/home/meliani/Desktop/phd/fast-track/search_space.json,python3 trial.py --data ./local_plus_tt.csv,/home/meliani/Desktop/phd/fast-track,1,1800s,100000000,False,False,info,/home/meliani/nni-experiments,"['LSTM', 'GRU', 'CNN', 'RNN', 'TCN', 'Transformer', 'MLP']","[16, 32, 64, 128, 256]","[1, 2, 3, 4]","[0, 0.1, 0.2, 0.3, 0.5]","['relu', 'tanh', 'sigmoid', 'elu']","[1e-05, 0.01]","[2, 3, 4, 5, 6, 7, 8, 9, 10, 11, 12, 13, 14, 15, 16, 17, 18, 19, 20, 21, 22, 23, 24, 25, 26, 27, 28, 29, 30]","[16, 32, 64, 128]","[5, 10, 15, 20]","[2, 3, 5, 7]","[2, 4, 8]",GridSearch,minimize,local
y8bsu7fq,30,150,1779170189388,,/home/meliani/nni-experiments/y8bsu7fq,13,exp_GridSearch_1800s_local_plus_tt_local_plus_tt,hpo,/home/meliani/Desktop/phd/fast-track/search_space.json,python3 trial.py --data ./local_plus_tt.csv,/home/meliani/Desktop/phd/fast-track,1,1800s,100000000,False,False,info,/home/meliani/nni-experiments,"['LSTM', 'GRU', 'CNN', 'RNN', 'TCN', 'Transformer', 'MLP']","[16, 32, 64, 128, 256]","[1, 2, 3, 4]","[0, 0.1, 0.2, 0.3, 0.5]","['relu', 'tanh', 'sigmoid', 'elu']","[1e-05, 0.01]","[2, 3, 4, 5, 6, 7, 8, 9, 10, 11, 12, 13, 14, 15, 16, 17, 18, 19, 20, 21, 22, 23, 24, 25, 26, 27, 28, 29, 30]","[16, 32, 64, 128]","[5, 10, 15, 20]","[2, 3, 5, 7]","[2, 4, 8]",GridSearch,minimize,local
y8bsu7fq,31,156,1779170189388,,/home/meliani/nni-experiments/y8bsu7fq,14,exp_GridSearch_1800s_local_plus_tt_local_plus_tt,hpo,/home/meliani/Desktop/phd/fast-track/search_space.json,python3 trial.py --data ./local_plus_tt.csv,/home/meliani/Desktop/phd/fast-track,1,1800s,100000000,False,False,info,/home/meliani/nni-experiments,"['LSTM', 'GRU', 'CNN', 'RNN', 'TCN', 'Transformer', 'MLP']","[16, 32, 64, 128, 256]","[1, 2, 3, 4]","[0, 0.1, 0.2, 0.3, 0.5]","['relu', 'tanh', 'sigmoid', 'elu']","[1e-05, 0.01]","[2, 3, 4, 5, 6, 7, 8, 9, 10, 11, 12, 13, 14, 15, 16, 17, 18, 19, 20, 21, 22, 23, 24, 25, 26, 27, 28, 29, 30]","[16, 32, 64, 128]","[5, 10, 15, 20]","[2, 3, 5, 7]","[2, 4, 8]",GridSearch,minimize,local
y8bsu7fq,32,160,1779170189388,,/home/meliani/nni-experiments/y8bsu7fq,14,exp_GridSearch_1800s_local_plus_tt_local_plus_tt,hpo,/home/meliani/Desktop/phd/fast-track/search_space.json,python3 trial.py --data ./local_plus_tt.csv,/home/meliani/Desktop/phd/fast-track,1,1800s,100000000,False,False,info,/home/meliani/nni-experiments,"['LSTM', 'GRU', 'CNN', 'RNN', 'TCN', 'Transformer', 'MLP']","[16, 32, 64, 128, 256]","[1, 2, 3, 4]","[0, 0.1, 0.2, 0.3, 0.5]","['relu', 'tanh', 'sigmoid', 'elu']","[1e-05, 0.01]","[2, 3, 4, 5, 6, 7, 8, 9, 10, 11, 12, 13, 14, 15, 16, 17, 18, 19, 20, 21, 22, 23, 24, 25, 26, 27, 28, 29, 30]","[16, 32, 64, 128]","[5, 10, 15, 20]","[2, 3, 5, 7]","[2, 4, 8]",GridSearch,minimize,local
y8bsu7fq,33,170,1779170189388,,/home/meliani/nni-experiments/y8bsu7fq,14,exp_GridSearch_1800s_local_plus_tt_local_plus_tt,hpo,/home/meliani/Desktop/phd/fast-track/search_space.json,python3 trial.py --data ./local_plus_tt.csv,/home/meliani/Desktop/phd/fast-track,1,1800s,100000000,False,False,info,/home/meliani/nni-experiments,"['LSTM', 'GRU', 'CNN', 'RNN', 'TCN', 'Transformer', 'MLP']","[16, 32, 64, 128, 256]","[1, 2, 3, 4]","[0, 0.1, 0.2, 0.3, 0.5]","['relu', 'tanh', 'sigmoid', 'elu']","[1e-05, 0.01]","[2, 3, 4, 5, 6, 7, 8, 9, 10, 11, 12, 13, 14, 15, 16, 17, 18, 19, 20, 21, 22, 23, 24, 25, 26, 27, 28, 29, 30]","[16, 32, 64, 128]","[5, 10, 15, 20]","[2, 3, 5, 7]","[2, 4, 8]",GridSearch,minimize,local
y8bsu7fq,34,173,1779170189388,,/home/meliani/nni-experiments/y8bsu7fq,15,exp_GridSearch_1800s_local_plus_tt_local_plus_tt,hpo,/home/meliani/Desktop/phd/fast-track/search_space.json,python3 trial.py --data ./local_plus_tt.csv,/home/meliani/Desktop/phd/fast-track,1,1800s,100000000,False,False,info,/home/meliani/nni-experiments,"['LSTM', 'GRU', 'CNN', 'RNN', 'TCN', 'Transformer', 'MLP']","[16, 32, 64, 128, 256]","[1, 2, 3, 4]","[0, 0.1, 0.2, 0.3, 0.5]","['relu', 'tanh', 'sigmoid', 'elu']","[1e-05, 0.01]","[2, 3, 4, 5, 6, 7, 8, 9, 10, 11, 12, 13, 14, 15, 16, 17, 18, 19, 20, 21, 22, 23, 24, 25, 26, 27, 28, 29, 30]","[16, 32, 64, 128]","[5, 10, 15, 20]","[2, 3, 5, 7]","[2, 4, 8]",GridSearch,minimize,local
y8bsu7fq,35,180,1779170189388,,/home/meliani/nni-experiments/y8bsu7fq,15,exp_GridSearch_1800s_local_plus_tt_local_plus_tt,hpo,/home/meliani/Desktop/phd/fast-track/search_space.json,python3 trial.py --data ./local_plus_tt.csv,/home/meliani/Desktop/phd/fast-track,1,1800s,100000000,False,False,info,/home/meliani/nni-experiments,"['LSTM', 'GRU', 'CNN', 'RNN', 'TCN', 'Transformer', 'MLP']","[16, 32, 64, 128, 256]","[1, 2, 3, 4]","[0, 0.1, 0.2, 0.3, 0.5]","['relu', 'tanh', 'sigmoid', 'elu']","[1e-05, 0.01]","[2, 3, 4, 5, 6, 7, 8, 9, 10, 11, 12, 13, 14, 15, 16, 17, 18, 19, 20, 21, 22, 23, 24, 25, 26, 27, 28, 29, 30]","[16, 32, 64, 128]","[5, 10, 15, 20]","[2, 3, 5, 7]","[2, 4, 8]",GridSearch,minimize,local
y8bsu7fq,36,189,1779170189388,,/home/meliani/nni-experiments/y8bsu7fq,16,exp_GridSearch_1800s_local_plus_tt_local_plus_tt,hpo,/home/meliani/Desktop/phd/fast-track/search_space.json,python3 trial.py --data ./local_plus_tt.csv,/home/meliani/Desktop/phd/fast-track,1,1800s,100000000,False,False,info,/home/meliani/nni-experiments,"['LSTM', 'GRU', 'CNN', 'RNN', 'TCN', 'Transformer', 'MLP']","[16, 32, 64, 128, 256]","[1, 2, 3, 4]","[0, 0.1, 0.2, 0.3, 0.5]","['relu', 'tanh', 'sigmoid', 'elu']","[1e-05, 0.01]","[2, 3, 4, 5, 6, 7, 8, 9, 10, 11, 12, 13, 14, 15, 16, 17, 18, 19, 20, 21, 22, 23, 24, 25, 26, 27, 28, 29, 30]","[16, 32, 64, 128]","[5, 10, 15, 20]","[2, 3, 5, 7]","[2, 4, 8]",GridSearch,minimize,local
y8bsu7fq,37,190,1779170189388,,/home/meliani/nni-experiments/y8bsu7fq,16,exp_GridSearch_1800s_local_plus_tt_local_plus_tt,hpo,/home/meliani/Desktop/phd/fast-track/search_space.json,python3 trial.py --data ./local_plus_tt.csv,/home/meliani/Desktop/phd/fast-track,1,1800s,100000000,False,False,info,/home/meliani/nni-experiments,"['LSTM', 'GRU', 'CNN', 'RNN', 'TCN', 'Transformer', 'MLP']","[16, 32, 64, 128, 256]","[1, 2, 3, 4]","[0, 0.1, 0.2, 0.3, 0.5]","['relu', 'tanh', 'sigmoid', 'elu']","[1e-05, 0.01]","[2, 3, 4, 5, 6, 7, 8, 9, 10, 11, 12, 13, 14, 15, 16, 17, 18, 19, 20, 21, 22, 23, 24, 25, 26, 27, 28, 29, 30]","[16, 32, 64, 128]","[5, 10, 15, 20]","[2, 3, 5, 7]","[2, 4, 8]",GridSearch,minimize,local
y8bsu7fq,38,200,1779170189388,,/home/meliani/nni-experiments/y8bsu7fq,16,exp_GridSearch_1800s_local_plus_tt_local_plus_tt,hpo,/home/meliani/Desktop/phd/fast-track/search_space.json,python3 trial.py --data ./local_plus_tt.csv,/home/meliani/Desktop/phd/fast-track,1,1800s,100000000,False,False,info,/home/meliani/nni-experiments,"['LSTM', 'GRU', 'CNN', 'RNN', 'TCN', 'Transformer', 'MLP']","[16, 32, 64, 128, 256]","[1, 2, 3, 4]","[0, 0.1, 0.2, 0.3, 0.5]","['relu', 'tanh', 'sigmoid', 'elu']","[1e-05, 0.01]","[2, 3, 4, 5, 6, 7, 8, 9, 10, 11, 12, 13, 14, 15, 16, 17, 18, 19, 20, 21, 22, 23, 24, 25, 26, 27, 28, 29, 30]","[16, 32, 64, 128]","[5, 10, 15, 20]","[2, 3, 5, 7]","[2, 4, 8]",GridSearch,minimize,local
y8bsu7fq,39,206,1779170189388,,/home/meliani/nni-experiments/y8bsu7fq,17,exp_GridSearch_1800s_local_plus_tt_local_plus_tt,hpo,/home/meliani/Desktop/phd/fast-track/search_space.json,python3 trial.py --data ./local_plus_tt.csv,/home/meliani/Desktop/phd/fast-track,1,1800s,100000000,False,False,info,/home/meliani/nni-experiments,"['LSTM', 'GRU', 'CNN', 'RNN', 'TCN', 'Transformer', 'MLP']","[16, 32, 64, 128, 256]","[1, 2, 3, 4]","[0, 0.1, 0.2, 0.3, 0.5]","['relu', 'tanh', 'sigmoid', 'elu']","[1e-05, 0.01]","[2, 3, 4, 5, 6, 7, 8, 9, 10, 11, 12, 13, 14, 15, 16, 17, 18, 19, 20, 21, 22, 23, 24, 25, 26, 27, 28, 29, 30]","[16, 32, 64, 128]","[5, 10, 15, 20]","[2, 3, 5, 7]","[2, 4, 8]",GridSearch,minimize,local
y8bsu7fq,40,210,1779170189388,,/home/meliani/nni-experiments/y8bsu7fq,17,exp_GridSearch_1800s_local_plus_tt_local_plus_tt,hpo,/home/meliani/Desktop/phd/fast-track/search_space.json,python3 trial.py --data ./local_plus_tt.csv,/home/meliani/Desktop/phd/fast-track,1,1800s,100000000,False,False,info,/home/meliani/nni-experiments,"['LSTM', 'GRU', 'CNN', 'RNN', 'TCN', 'Transformer', 'MLP']","[16, 32, 64, 128, 256]","[1, 2, 3, 4]","[0, 0.1, 0.2, 0.3, 0.5]","['relu', 'tanh', 'sigmoid', 'elu']","[1e-05, 0.01]","[2, 3, 4, 5, 6, 7, 8, 9, 10, 11, 12, 13, 14, 15, 16, 17, 18, 19, 20, 21, 22, 23, 24, 25, 26, 27, 28, 29, 30]","[16, 32, 64, 128]","[5, 10, 15, 20]","[2, 3, 5, 7]","[2, 4, 8]",GridSearch,minimize,local
y8bsu7fq,41,220,1779170189388,,/home/meliani/nni-experiments/y8bsu7fq,17,exp_GridSearch_1800s_local_plus_tt_local_plus_tt,hpo,/home/meliani/Desktop/phd/fast-track/search_space.json,python3 trial.py --data ./local_plus_tt.csv,/home/meliani/Desktop/phd/fast-track,1,1800s,100000000,False,False,info,/home/meliani/nni-experiments,"['LSTM', 'GRU', 'CNN', 'RNN', 'TCN', 'Transformer', 'MLP']","[16, 32, 64, 128, 256]","[1, 2, 3, 4]","[0, 0.1, 0.2, 0.3, 0.5]","['relu', 'tanh', 'sigmoid', 'elu']","[1e-05, 0.01]","[2, 3, 4, 5, 6, 7, 8, 9, 10, 11, 12, 13, 14, 15, 16, 17, 18, 19, 20, 21, 22, 23, 24, 25, 26, 27, 28, 29, 30]","[16, 32, 64, 128]","[5, 10, 15, 20]","[2, 3, 5, 7]","[2, 4, 8]",GridSearch,minimize,local
y8bsu7fq,42,223,1779170189388,,/home/meliani/nni-experiments/y8bsu7fq,18,exp_GridSearch_1800s_local_plus_tt_local_plus_tt,hpo,/home/meliani/Desktop/phd/fast-track/search_space.json,python3 trial.py --data ./local_plus_tt.csv,/home/meliani/Desktop/phd/fast-track,1,1800s,100000000,False,False,info,/home/meliani/nni-experiments,"['LSTM', 'GRU', 'CNN', 'RNN', 'TCN', 'Transformer', 'MLP']","[16, 32, 64, 128, 256]","[1, 2, 3, 4]","[0, 0.1, 0.2, 0.3, 0.5]","['relu', 'tanh', 'sigmoid', 'elu']","[1e-05, 0.01]","[2, 3, 4, 5, 6, 7, 8, 9, 10, 11, 12, 13, 14, 15, 16, 17, 18, 19, 20, 21, 22, 23, 24, 25, 26, 27, 28, 29, 30]","[16, 32, 64, 128]","[5, 10, 15, 20]","[2, 3, 5, 7]","[2, 4, 8]",GridSearch,minimize,local
y8bsu7fq,43,230,1779170189388,,/home/meliani/nni-experiments/y8bsu7fq,18,exp_GridSearch_1800s_local_plus_tt_local_plus_tt,hpo,/home/meliani/Desktop/phd/fast-track/search_space.json,python3 trial.py --data ./local_plus_tt.csv,/home/meliani/Desktop/phd/fast-track,1,1800s,100000000,False,False,info,/home/meliani/nni-experiments,"['LSTM', 'GRU', 'CNN', 'RNN', 'TCN', 'Transformer', 'MLP']","[16, 32, 64, 128, 256]","[1, 2, 3, 4]","[0, 0.1, 0.2, 0.3, 0.5]","['relu', 'tanh', 'sigmoid', 'elu']","[1e-05, 0.01]","[2, 3, 4, 5, 6, 7, 8, 9, 10, 11, 12, 13, 14, 15, 16, 17, 18, 19, 20, 21, 22, 23, 24, 25, 26, 27, 28, 29, 30]","[16, 32, 64, 128]","[5, 10, 15, 20]","[2, 3, 5, 7]","[2, 4, 8]",GridSearch,minimize,local
y8bsu7fq,44,240,1779170189388,,/home/meliani/nni-experiments/y8bsu7fq,19,exp_GridSearch_1800s_local_plus_tt_local_plus_tt,hpo,/home/meliani/Desktop/phd/fast-track/search_space.json,python3 trial.py --data ./local_plus_tt.csv,/home/meliani/Desktop/phd/fast-track,1,1800s,100000000,False,False,info,/home/meliani/nni-experiments,"['LSTM', 'GRU', 'CNN', 'RNN', 'TCN', 'Transformer', 'MLP']","[16, 32, 64, 128, 256]","[1, 2, 3, 4]","[0, 0.1, 0.2, 0.3, 0.5]","['relu', 'tanh', 'sigmoid', 'elu']","[1e-05, 0.01]","[2, 3, 4, 5, 6, 7, 8, 9, 10, 11, 12, 13, 14, 15, 16, 17, 18, 19, 20, 21, 22, 23, 24, 25, 26, 27, 28, 29, 30]","[16, 32, 64, 128]","[5, 10, 15, 20]","[2, 3, 5, 7]","[2, 4, 8]",GridSearch,minimize,local
y8bsu7fq,45,240,1779170189388,,/home/meliani/nni-experiments/y8bsu7fq,19,exp_GridSearch_1800s_local_plus_tt_local_plus_tt,hpo,/home/meliani/Desktop/phd/fast-track/search_space.json,python3 trial.py --data ./local_plus_tt.csv,/home/meliani/Desktop/phd/fast-track,1,1800s,100000000,False,False,info,/home/meliani/nni-experiments,"['LSTM', 'GRU', 'CNN', 'RNN', 'TCN', 'Transformer', 'MLP']","[16, 32, 64, 128, 256]","[1, 2, 3, 4]","[0, 0.1, 0.2, 0.3, 0.5]","['relu', 'tanh', 'sigmoid', 'elu']","[1e-05, 0.01]","[2, 3, 4, 5, 6, 7, 8, 9, 10, 11, 12, 13, 14, 15, 16, 17, 18, 19, 20, 21, 22, 23, 24, 25, 26, 27, 28, 29, 30]","[16, 32, 64, 128]","[5, 10, 15, 20]","[2, 3, 5, 7]","[2, 4, 8]",GridSearch,minimize,local
y8bsu7fq,46,250,1779170189388,,/home/meliani/nni-experiments/y8bsu7fq,19,exp_GridSearch_1800s_local_plus_tt_local_plus_tt,hpo,/home/meliani/Desktop/phd/fast-track/search_space.json,python3 trial.py --data ./local_plus_tt.csv,/home/meliani/Desktop/phd/fast-track,1,1800s,100000000,False,False,info,/home/meliani/nni-experiments,"['LSTM', 'GRU', 'CNN', 'RNN', 'TCN', 'Transformer', 'MLP']","[16, 32, 64, 128, 256]","[1, 2, 3, 4]","[0, 0.1, 0.2, 0.3, 0.5]","['relu', 'tanh', 'sigmoid', 'elu']","[1e-05, 0.01]","[2, 3, 4, 5, 6, 7, 8, 9, 10, 11, 12, 13, 14, 15, 16, 17, 18, 19, 20, 21, 22, 23, 24, 25, 26, 27, 28, 29, 30]","[16, 32, 64, 128]","[5, 10, 15, 20]","[2, 3, 5, 7]","[2, 4, 8]",GridSearch,minimize,local
y8bsu7fq,47,257,1779170189388,,/home/meliani/nni-experiments/y8bsu7fq,20,exp_GridSearch_1800s_local_plus_tt_local_plus_tt,hpo,/home/meliani/Desktop/phd/fast-track/search_space.json,python3 trial.py --data ./local_plus_tt.csv,/home/meliani/Desktop/phd/fast-track,1,1800s,100000000,False,False,info,/home/meliani/nni-experiments,"['LSTM', 'GRU', 'CNN', 'RNN', 'TCN', 'Transformer', 'MLP']","[16, 32, 64, 128, 256]","[1, 2, 3, 4]","[0, 0.1, 0.2, 0.3, 0.5]","['relu', 'tanh', 'sigmoid', 'elu']","[1e-05, 0.01]","[2, 3, 4, 5, 6, 7, 8, 9, 10, 11, 12, 13, 14, 15, 16, 17, 18, 19, 20, 21, 22, 23, 24, 25, 26, 27, 28, 29, 30]","[16, 32, 64, 128]","[5, 10, 15, 20]","[2, 3, 5, 7]","[2, 4, 8]",GridSearch,minimize,local
y8bsu7fq,48,260,1779170189388,,/home/meliani/nni-experiments/y8bsu7fq,20,exp_GridSearch_1800s_local_plus_tt_local_plus_tt,hpo,/home/meliani/Desktop/phd/fast-track/search_space.json,python3 trial.py --data ./local_plus_tt.csv,/home/meliani/Desktop/phd/fast-track,1,1800s,100000000,False,False,info,/home/meliani/nni-experiments,"['LSTM', 'GRU', 'CNN', 'RNN', 'TCN', 'Transformer', 'MLP']","[16, 32, 64, 128, 256]","[1, 2, 3, 4]","[0, 0.1, 0.2, 0.3, 0.5]","['relu', 'tanh', 'sigmoid', 'elu']","[1e-05, 0.01]","[2, 3, 4, 5, 6, 7, 8, 9, 10, 11, 12, 13, 14, 15, 16, 17, 18, 19, 20, 21, 22, 23, 24, 25, 26, 27, 28, 29, 30]","[16, 32, 64, 128]","[5, 10, 15, 20]","[2, 3, 5, 7]","[2, 4, 8]",GridSearch,minimize,local
y8bsu7fq,49,270,1779170189388,,/home/meliani/nni-experiments/y8bsu7fq,20,exp_GridSearch_1800s_local_plus_tt_local_plus_tt,hpo,/home/meliani/Desktop/phd/fast-track/search_space.json,python3 trial.py --data ./local_plus_tt.csv,/home/meliani/Desktop/phd/fast-track,1,1800s,100000000,False,False,info,/home/meliani/nni-experiments,"['LSTM', 'GRU', 'CNN', 'RNN', 'TCN', 'Transformer', 'MLP']","[16, 32, 64, 128, 256]","[1, 2, 3, 4]","[0, 0.1, 0.2, 0.3, 0.5]","['relu', 'tanh', 'sigmoid', 'elu']","[1e-05, 0.01]","[2, 3, 4, 5, 6, 7, 8, 9, 10, 11, 12, 13, 14, 15, 16, 17, 18, 19, 20, 21, 22, 23, 24, 25, 26, 27, 28, 29, 30]","[16, 32, 64, 128]","[5, 10, 15, 20]","[2, 3, 5, 7]","[2, 4, 8]",GridSearch,minimize,local
y8bsu7fq,50,274,1779170189388,,/home/meliani/nni-experiments/y8bsu7fq,21,exp_GridSearch_1800s_local_plus_tt_local_plus_tt,hpo,/home/meliani/Desktop/phd/fast-track/search_space.json,python3 trial.py --data ./local_plus_tt.csv,/home/meliani/Desktop/phd/fast-track,1,1800s,100000000,False,False,info,/home/meliani/nni-experiments,"['LSTM', 'GRU', 'CNN', 'RNN', 'TCN', 'Transformer', 'MLP']","[16, 32, 64, 128, 256]","[1, 2, 3, 4]","[0, 0.1, 0.2, 0.3, 0.5]","['relu', 'tanh', 'sigmoid', 'elu']","[1e-05, 0.01]","[2, 3, 4, 5, 6, 7, 8, 9, 10, 11, 12, 13, 14, 15, 16, 17, 18, 19, 20, 21, 22, 23, 24, 25, 26, 27, 28, 29, 30]","[16, 32, 64, 128]","[5, 10, 15, 20]","[2, 3, 5, 7]","[2, 4, 8]",GridSearch,minimize,local
y8bsu7fq,51,280,1779170189388,,/home/meliani/nni-experiments/y8bsu7fq,21,exp_GridSearch_1800s_local_plus_tt_local_plus_tt,hpo,/home/meliani/Desktop/phd/fast-track/search_space.json,python3 trial.py --data ./local_plus_tt.csv,/home/meliani/Desktop/phd/fast-track,1,1800s,100000000,False,False,info,/home/meliani/nni-experiments,"['LSTM', 'GRU', 'CNN', 'RNN', 'TCN', 'Transformer', 'MLP']","[16, 32, 64, 128, 256]","[1, 2, 3, 4]","[0, 0.1, 0.2, 0.3, 0.5]","['relu', 'tanh', 'sigmoid', 'elu']","[1e-05, 0.01]","[2, 3, 4, 5, 6, 7, 8, 9, 10, 11, 12, 13, 14, 15, 16, 17, 18, 19, 20, 21, 22, 23, 24, 25, 26, 27, 28, 29, 30]","[16, 32, 64, 128]","[5, 10, 15, 20]","[2, 3, 5, 7]","[2, 4, 8]",GridSearch,minimize,local
y8bsu7fq,52,290,1779170189388,,/home/meliani/nni-experiments/y8bsu7fq,22,exp_GridSearch_1800s_local_plus_tt_local_plus_tt,hpo,/home/meliani/Desktop/phd/fast-track/search_space.json,python3 trial.py --data ./local_plus_tt.csv,/home/meliani/Desktop/phd/fast-track,1,1800s,100000000,False,False,info,/home/meliani/nni-experiments,"['LSTM', 'GRU', 'CNN', 'RNN', 'TCN', 'Transformer', 'MLP']","[16, 32, 64, 128, 256]","[1, 2, 3, 4]","[0, 0.1, 0.2, 0.3, 0.5]","['relu', 'tanh', 'sigmoid', 'elu']","[1e-05, 0.01]","[2, 3, 4, 5, 6, 7, 8, 9, 10, 11, 12, 13, 14, 15, 16, 17, 18, 19, 20, 21, 22, 23, 24, 25, 26, 27, 28, 29, 30]","[16, 32, 64, 128]","[5, 10, 15, 20]","[2, 3, 5, 7]","[2, 4, 8]",GridSearch,minimize,local
y8bsu7fq,53,290,1779170189388,,/home/meliani/nni-experiments/y8bsu7fq,22,exp_GridSearch_1800s_local_plus_tt_local_plus_tt,hpo,/home/meliani/Desktop/phd/fast-track/search_space.json,python3 trial.py --data ./local_plus_tt.csv,/home/meliani/Desktop/phd/fast-track,1,1800s,100000000,False,False,info,/home/meliani/nni-experiments,"['LSTM', 'GRU', 'CNN', 'RNN', 'TCN', 'Transformer', 'MLP']","[16, 32, 64, 128, 256]","[1, 2, 3, 4]","[0, 0.1, 0.2, 0.3, 0.5]","['relu', 'tanh', 'sigmoid', 'elu']","[1e-05, 0.01]","[2, 3, 4, 5, 6, 7, 8, 9, 10, 11, 12, 13, 14, 15, 16, 17, 18, 19, 20, 21, 22, 23, 24, 25, 26, 27, 28, 29, 30]","[16, 32, 64, 128]","[5, 10, 15, 20]","[2, 3, 5, 7]","[2, 4, 8]",GridSearch,minimize,local
y8bsu7fq,54,300,1779170189388,,/home/meliani/nni-experiments/y8bsu7fq,22,exp_GridSearch_1800s_local_plus_tt_local_plus_tt,hpo,/home/meliani/Desktop/phd/fast-track/search_space.json,python3 trial.py --data ./local_plus_tt.csv,/home/meliani/Desktop/phd/fast-track,1,1800s,100000000,False,False,info,/home/meliani/nni-experiments,"['LSTM', 'GRU', 'CNN', 'RNN', 'TCN', 'Transformer', 'MLP']","[16, 32, 64, 128, 256]","[1, 2, 3, 4]","[0, 0.1, 0.2, 0.3, 0.5]","['relu', 'tanh', 'sigmoid', 'elu']","[1e-05, 0.01]","[2, 3, 4, 5, 6, 7, 8, 9, 10, 11, 12, 13, 14, 15, 16, 17, 18, 19, 20, 21, 22, 23, 24, 25, 26, 27, 28, 29, 30]","[16, 32, 64, 128]","[5, 10, 15, 20]","[2, 3, 5, 7]","[2, 4, 8]",GridSearch,minimize,local
y8bsu7fq,55,307,1779170189388,,/home/meliani/nni-experiments/y8bsu7fq,23,exp_GridSearch_1800s_local_plus_tt_local_plus_tt,hpo,/home/meliani/Desktop/phd/fast-track/search_space.json,python3 trial.py --data ./local_plus_tt.csv,/home/meliani/Desktop/phd/fast-track,1,1800s,100000000,False,False,info,/home/meliani/nni-experiments,"['LSTM', 'GRU', 'CNN', 'RNN', 'TCN', 'Transformer', 'MLP']","[16, 32, 64, 128, 256]","[1, 2, 3, 4]","[0, 0.1, 0.2, 0.3, 0.5]","['relu', 'tanh', 'sigmoid', 'elu']","[1e-05, 0.01]","[2, 3, 4, 5, 6, 7, 8, 9, 10, 11, 12, 13, 14, 15, 16, 17, 18, 19, 20, 21, 22, 23, 24, 25, 26, 27, 28, 29, 30]","[16, 32, 64, 128]","[5, 10, 15, 20]","[2, 3, 5, 7]","[2, 4, 8]",GridSearch,minimize,local
y8bsu7fq,56,310,1779170189388,,/home/meliani/nni-experiments/y8bsu7fq,23,exp_GridSearch_1800s_local_plus_tt_local_plus_tt,hpo,/home/meliani/Desktop/phd/fast-track/search_space.json,python3 trial.py --data ./local_plus_tt.csv,/home/meliani/Desktop/phd/fast-track,1,1800s,100000000,False,False,info,/home/meliani/nni-experiments,"['LSTM', 'GRU', 'CNN', 'RNN', 'TCN', 'Transformer', 'MLP']","[16, 32, 64, 128, 256]","[1, 2, 3, 4]","[0, 0.1, 0.2, 0.3, 0.5]","['relu', 'tanh', 'sigmoid', 'elu']","[1e-05, 0.01]","[2, 3, 4, 5, 6, 7, 8, 9, 10, 11, 12, 13, 14, 15, 16, 17, 18, 19, 20, 21, 22, 23, 24, 25, 26, 27, 28, 29, 30]","[16, 32, 64, 128]","[5, 10, 15, 20]","[2, 3, 5, 7]","[2, 4, 8]",GridSearch,minimize,local
y8bsu7fq,57,320,1779170189388,,/home/meliani/nni-experiments/y8bsu7fq,23,exp_GridSearch_1800s_local_plus_tt_local_plus_tt,hpo,/home/meliani/Desktop/phd/fast-track/search_space.json,python3 trial.py --data ./local_plus_tt.csv,/home/meliani/Desktop/phd/fast-track,1,1800s,100000000,False,False,info,/home/meliani/nni-experiments,"['LSTM', 'GRU', 'CNN', 'RNN', 'TCN', 'Transformer', 'MLP']","[16, 32, 64, 128, 256]","[1, 2, 3, 4]","[0, 0.1, 0.2, 0.3, 0.5]","['relu', 'tanh', 'sigmoid', 'elu']","[1e-05, 0.01]","[2, 3, 4, 5, 6, 7, 8, 9, 10, 11, 12, 13, 14, 15, 16, 17, 18, 19, 20, 21, 22, 23, 24, 25, 26, 27, 28, 29, 30]","[16, 32, 64, 128]","[5, 10, 15, 20]","[2, 3, 5, 7]","[2, 4, 8]",GridSearch,minimize,local
y8bsu7fq,58,324,1779170189388,,/home/meliani/nni-experiments/y8bsu7fq,24,exp_GridSearch_1800s_local_plus_tt_local_plus_tt,hpo,/home/meliani/Desktop/phd/fast-track/search_space.json,python3 trial.py --data ./local_plus_tt.csv,/home/meliani/Desktop/phd/fast-track,1,1800s,100000000,False,False,info,/home/meliani/nni-experiments,"['LSTM', 'GRU', 'CNN', 'RNN', 'TCN', 'Transformer', 'MLP']","[16, 32, 64, 128, 256]","[1, 2, 3, 4]","[0, 0.1, 0.2, 0.3, 0.5]","['relu', 'tanh', 'sigmoid', 'elu']","[1e-05, 0.01]","[2, 3, 4, 5, 6, 7, 8, 9, 10, 11, 12, 13, 14, 15, 16, 17, 18, 19, 20, 21, 22, 23, 24, 25, 26, 27, 28, 29, 30]","[16, 32, 64, 128]","[5, 10, 15, 20]","[2, 3, 5, 7]","[2, 4, 8]",GridSearch,minimize,local
y8bsu7fq,59,330,1779170189388,,/home/meliani/nni-experiments/y8bsu7fq,24,exp_GridSearch_1800s_local_plus_tt_local_plus_tt,hpo,/home/meliani/Desktop/phd/fast-track/search_space.json,python3 trial.py --data ./local_plus_tt.csv,/home/meliani/Desktop/phd/fast-track,1,1800s,100000000,False,False,info,/home/meliani/nni-experiments,"['LSTM', 'GRU', 'CNN', 'RNN', 'TCN', 'Transformer', 'MLP']","[16, 32, 64, 128, 256]","[1, 2, 3, 4]","[0, 0.1, 0.2, 0.3, 0.5]","['relu', 'tanh', 'sigmoid', 'elu']","[1e-05, 0.01]","[2, 3, 4, 5, 6, 7, 8, 9, 10, 11, 12, 13, 14, 15, 16, 17, 18, 19, 20, 21, 22, 23, 24, 25, 26, 27, 28, 29, 30]","[16, 32, 64, 128]","[5, 10, 15, 20]","[2, 3, 5, 7]","[2, 4, 8]",GridSearch,minimize,local
y8bsu7fq,60,340,1779170189388,,/home/meliani/nni-experiments/y8bsu7fq,24,exp_GridSearch_1800s_local_plus_tt_local_plus_tt,hpo,/home/meliani/Desktop/phd/fast-track/search_space.json,python3 trial.py --data ./local_plus_tt.csv,/home/meliani/Desktop/phd/fast-track,1,1800s,100000000,False,False,info,/home/meliani/nni-experiments,"['LSTM', 'GRU', 'CNN', 'RNN', 'TCN', 'Transformer', 'MLP']","[16, 32, 64, 128, 256]","[1, 2, 3, 4]","[0, 0.1, 0.2, 0.3, 0.5]","['relu', 'tanh', 'sigmoid', 'elu']","[1e-05, 0.01]","[2, 3, 4, 5, 6, 7, 8, 9, 10, 11, 12, 13, 14, 15, 16, 17, 18, 19, 20, 21, 22, 23, 24, 25, 26, 27, 28, 29, 30]","[16, 32, 64, 128]","[5, 10, 15, 20]","[2, 3, 5, 7]","[2, 4, 8]",GridSearch,minimize,local
y8bsu7fq,61,340,1779170189388,,/home/meliani/nni-experiments/y8bsu7fq,25,exp_GridSearch_1800s_local_plus_tt_local_plus_tt,hpo,/home/meliani/Desktop/phd/fast-track/search_space.json,python3 trial.py --data ./local_plus_tt.csv,/home/meliani/Desktop/phd/fast-track,1,1800s,100000000,False,False,info,/home/meliani/nni-experiments,"['LSTM', 'GRU', 'CNN', 'RNN', 'TCN', 'Transformer', 'MLP']","[16, 32, 64, 128, 256]","[1, 2, 3, 4]","[0, 0.1, 0.2, 0.3, 0.5]","['relu', 'tanh', 'sigmoid', 'elu']","[1e-05, 0.01]","[2, 3, 4, 5, 6, 7, 8, 9, 10, 11, 12, 13, 14, 15, 16, 17, 18, 19, 20, 21, 22, 23, 24, 25, 26, 27, 28, 29, 30]","[16, 32, 64, 128]","[5, 10, 15, 20]","[2, 3, 5, 7]","[2, 4, 8]",GridSearch,minimize,local
y8bsu7fq,62,350,1779170189388,,/home/meliani/nni-experiments/y8bsu7fq,25,exp_GridSearch_1800s_local_plus_tt_local_plus_tt,hpo,/home/meliani/Desktop/phd/fast-track/search_space.json,python3 trial.py --data ./local_plus_tt.csv,/home/meliani/Desktop/phd/fast-track,1,1800s,100000000,False,False,info,/home/meliani/nni-experiments,"['LSTM', 'GRU', 'CNN', 'RNN', 'TCN', 'Transformer', 'MLP']","[16, 32, 64, 128, 256]","[1, 2, 3, 4]","[0, 0.1, 0.2, 0.3, 0.5]","['relu', 'tanh', 'sigmoid', 'elu']","[1e-05, 0.01]","[2, 3, 4, 5, 6, 7, 8, 9, 10, 11, 12, 13, 14, 15, 16, 17, 18, 19, 20, 21, 22, 23, 24, 25, 26, 27, 28, 29, 30]","[16, 32, 64, 128]","[5, 10, 15, 20]","[2, 3, 5, 7]","[2, 4, 8]",GridSearch,minimize,local
y8bsu7fq,63,360,1779170189388,,/home/meliani/nni-experiments/y8bsu7fq,25,exp_GridSearch_1800s_local_plus_tt_local_plus_tt,hpo,/home/meliani/Desktop/phd/fast-track/search_space.json,python3 trial.py --data ./local_plus_tt.csv,/home/meliani/Desktop/phd/fast-track,1,1800s,100000000,False,False,info,/home/meliani/nni-experiments,"['LSTM', 'GRU', 'CNN', 'RNN', 'TCN', 'Transformer', 'MLP']","[16, 32, 64, 128, 256]","[1, 2, 3, 4]","[0, 0.1, 0.2, 0.3, 0.5]","['relu', 'tanh', 'sigmoid', 'elu']","[1e-05, 0.01]","[2, 3, 4, 5, 6, 7, 8, 9, 10, 11, 12, 13, 14, 15, 16, 17, 18, 19, 20, 21, 22, 23, 24, 25, 26, 27, 28, 29, 30]","[16, 32, 64, 128]","[5, 10, 15, 20]","[2, 3, 5, 7]","[2, 4, 8]",GridSearch,minimize,local
y8bsu7fq,64,362,1779170189388,,/home/meliani/nni-experiments/y8bsu7fq,26,exp_GridSearch_1800s_local_plus_tt_local_plus_tt,hpo,/home/meliani/Desktop/phd/fast-track/search_space.json,python3 trial.py --data ./local_plus_tt.csv,/home/meliani/Desktop/phd/fast-track,1,1800s,100000000,False,False,info,/home/meliani/nni-experiments,"['LSTM', 'GRU', 'CNN', 'RNN', 'TCN', 'Transformer', 'MLP']","[16, 32, 64, 128, 256]","[1, 2, 3, 4]","[0, 0.1, 0.2, 0.3, 0.5]","['relu', 'tanh', 'sigmoid', 'elu']","[1e-05, 0.01]","[2, 3, 4, 5, 6, 7, 8, 9, 10, 11, 12, 13, 14, 15, 16, 17, 18, 19, 20, 21, 22, 23, 24, 25, 26, 27, 28, 29, 30]","[16, 32, 64, 128]","[5, 10, 15, 20]","[2, 3, 5, 7]","[2, 4, 8]",GridSearch,minimize,local
y8bsu7fq,65,370,1779170189388,,/home/meliani/nni-experiments/y8bsu7fq,26,exp_GridSearch_1800s_local_plus_tt_local_plus_tt,hpo,/home/meliani/Desktop/phd/fast-track/search_space.json,python3 trial.py --data ./local_plus_tt.csv,/home/meliani/Desktop/phd/fast-track,1,1800s,100000000,False,False,info,/home/meliani/nni-experiments,"['LSTM', 'GRU', 'CNN', 'RNN', 'TCN', 'Transformer', 'MLP']","[16, 32, 64, 128, 256]","[1, 2, 3, 4]","[0, 0.1, 0.2, 0.3, 0.5]","['relu', 'tanh', 'sigmoid', 'elu']","[1e-05, 0.01]","[2, 3, 4, 5, 6, 7, 8, 9, 10, 11, 12, 13, 14, 15, 16, 17, 18, 19, 20, 21, 22, 23, 24, 25, 26, 27, 28, 29, 30]","[16, 32, 64, 128]","[5, 10, 15, 20]","[2, 3, 5, 7]","[2, 4, 8]",GridSearch,minimize,local
y8bsu7fq,66,380,1779170189388,,/home/meliani/nni-experiments/y8bsu7fq,26,exp_GridSearch_1800s_local_plus_tt_local_plus_tt,hpo,/home/meliani/Desktop/phd/fast-track/search_space.json,python3 trial.py --data ./local_plus_tt.csv,/home/meliani/Desktop/phd/fast-track,1,1800s,100000000,False,False,info,/home/meliani/nni-experiments,"['LSTM', 'GRU', 'CNN', 'RNN', 'TCN', 'Transformer', 'MLP']","[16, 32, 64, 128, 256]","[1, 2, 3, 4]","[0, 0.1, 0.2, 0.3, 0.5]","['relu', 'tanh', 'sigmoid', 'elu']","[1e-05, 0.01]","[2, 3, 4, 5, 6, 7, 8, 9, 10, 11, 12, 13, 14, 15, 16, 17, 18, 19, 20, 21, 22, 23, 24, 25, 26, 27, 28, 29, 30]","[16, 32, 64, 128]","[5, 10, 15, 20]","[2, 3, 5, 7]","[2, 4, 8]",GridSearch,minimize,local
y8bsu7fq,67,383,1779170189388,,/home/meliani/nni-experiments/y8bsu7fq,27,exp_GridSearch_1800s_local_plus_tt_local_plus_tt,hpo,/home/meliani/Desktop/phd/fast-track/search_space.json,python3 trial.py --data ./local_plus_tt.csv,/home/meliani/Desktop/phd/fast-track,1,1800s,100000000,False,False,info,/home/meliani/nni-experiments,"['LSTM', 'GRU', 'CNN', 'RNN', 'TCN', 'Transformer', 'MLP']","[16, 32, 64, 128, 256]","[1, 2, 3, 4]","[0, 0.1, 0.2, 0.3, 0.5]","['relu', 'tanh', 'sigmoid', 'elu']","[1e-05, 0.01]","[2, 3, 4, 5, 6, 7, 8, 9, 10, 11, 12, 13, 14, 15, 16, 17, 18, 19, 20, 21, 22, 23, 24, 25, 26, 27, 28, 29, 30]","[16, 32, 64, 128]","[5, 10, 15, 20]","[2, 3, 5, 7]","[2, 4, 8]",GridSearch,minimize,local
y8bsu7fq,68,390,1779170189388,,/home/meliani/nni-experiments/y8bsu7fq,27,exp_GridSearch_1800s_local_plus_tt_local_plus_tt,hpo,/home/meliani/Desktop/phd/fast-track/search_space.json,python3 trial.py --data ./local_plus_tt.csv,/home/meliani/Desktop/phd/fast-track,1,1800s,100000000,False,False,info,/home/meliani/nni-experiments,"['LSTM', 'GRU', 'CNN', 'RNN', 'TCN', 'Transformer', 'MLP']","[16, 32, 64, 128, 256]","[1, 2, 3, 4]","[0, 0.1, 0.2, 0.3, 0.5]","['relu', 'tanh', 'sigmoid', 'elu']","[1e-05, 0.01]","[2, 3, 4, 5, 6, 7, 8, 9, 10, 11, 12, 13, 14, 15, 16, 17, 18, 19, 20, 21, 22, 23, 24, 25, 26, 27, 28, 29, 30]","[16, 32, 64, 128]","[5, 10, 15, 20]","[2, 3, 5, 7]","[2, 4, 8]",GridSearch,minimize,local
y8bsu7fq,69,400,1779170189388,,/home/meliani/nni-experiments/y8bsu7fq,27,exp_GridSearch_1800s_local_plus_tt_local_plus_tt,hpo,/home/meliani/Desktop/phd/fast-track/search_space.json,python3 trial.py --data ./local_plus_tt.csv,/home/meliani/Desktop/phd/fast-track,1,1800s,100000000,False,False,info,/home/meliani/nni-experiments,"['LSTM', 'GRU', 'CNN', 'RNN', 'TCN', 'Transformer', 'MLP']","[16, 32, 64, 128, 256]","[1, 2, 3, 4]","[0, 0.1, 0.2, 0.3, 0.5]","['relu', 'tanh', 'sigmoid', 'elu']","[1e-05, 0.01]","[2, 3, 4, 5, 6, 7, 8, 9, 10, 11, 12, 13, 14, 15, 16, 17, 18, 19, 20, 21, 22, 23, 24, 25, 26, 27, 28, 29, 30]","[16, 32, 64, 128]","[5, 10, 15, 20]","[2, 3, 5, 7]","[2, 4, 8]",GridSearch,minimize,local
y8bsu7fq,70,405,1779170189388,,/home/meliani/nni-experiments/y8bsu7fq,28,exp_GridSearch_1800s_local_plus_tt_local_plus_tt,hpo,/home/meliani/Desktop/phd/fast-track/search_space.json,python3 trial.py --data ./local_plus_tt.csv,/home/meliani/Desktop/phd/fast-track,1,1800s,100000000,False,False,info,/home/meliani/nni-experiments,"['LSTM', 'GRU', 'CNN', 'RNN', 'TCN', 'Transformer', 'MLP']","[16, 32, 64, 128, 256]","[1, 2, 3, 4]","[0, 0.1, 0.2, 0.3, 0.5]","['relu', 'tanh', 'sigmoid', 'elu']","[1e-05, 0.01]","[2, 3, 4, 5, 6, 7, 8, 9, 10, 11, 12, 13, 14, 15, 16, 17, 18, 19, 20, 21, 22, 23, 24, 25, 26, 27, 28, 29, 30]","[16, 32, 64, 128]","[5, 10, 15, 20]","[2, 3, 5, 7]","[2, 4, 8]",GridSearch,minimize,local
y8bsu7fq,71,410,1779170189388,,/home/meliani/nni-experiments/y8bsu7fq,28,exp_GridSearch_1800s_local_plus_tt_local_plus_tt,hpo,/home/meliani/Desktop/phd/fast-track/search_space.json,python3 trial.py --data ./local_plus_tt.csv,/home/meliani/Desktop/phd/fast-track,1,1800s,100000000,False,False,info,/home/meliani/nni-experiments,"['LSTM', 'GRU', 'CNN', 'RNN', 'TCN', 'Transformer', 'MLP']","[16, 32, 64, 128, 256]","[1, 2, 3, 4]","[0, 0.1, 0.2, 0.3, 0.5]","['relu', 'tanh', 'sigmoid', 'elu']","[1e-05, 0.01]","[2, 3, 4, 5, 6, 7, 8, 9, 10, 11, 12, 13, 14, 15, 16, 17, 18, 19, 20, 21, 22, 23, 24, 25, 26, 27, 28, 29, 30]","[16, 32, 64, 128]","[5, 10, 15, 20]","[2, 3, 5, 7]","[2, 4, 8]",GridSearch,minimize,local
y8bsu7fq,72,420,1779170189388,,/home/meliani/nni-experiments/y8bsu7fq,28,exp_GridSearch_1800s_local_plus_tt_local_plus_tt,hpo,/home/meliani/Desktop/phd/fast-track/search_space.json,python3 trial.py --data ./local_plus_tt.csv,/home/meliani/Desktop/phd/fast-track,1,1800s,100000000,False,False,info,/home/meliani/nni-experiments,"['LSTM', 'GRU', 'CNN', 'RNN', 'TCN', 'Transformer', 'MLP']","[16, 32, 64, 128, 256]","[1, 2, 3, 4]","[0, 0.1, 0.2, 0.3, 0.5]","['relu', 'tanh', 'sigmoid', 'elu']","[1e-05, 0.01]","[2, 3, 4, 5, 6, 7, 8, 9, 10, 11, 12, 13, 14, 15, 16, 17, 18, 19, 20, 21, 22, 23, 24, 25, 26, 27, 28, 29, 30]","[16, 32, 64, 128]","[5, 10, 15, 20]","[2, 3, 5, 7]","[2, 4, 8]",GridSearch,minimize,local
y8bsu7fq,73,426,1779170189388,,/home/meliani/nni-experiments/y8bsu7fq,29,exp_GridSearch_1800s_local_plus_tt_local_plus_tt,hpo,/home/meliani/Desktop/phd/fast-track/search_space.json,python3 trial.py --data ./local_plus_tt.csv,/home/meliani/Desktop/phd/fast-track,1,1800s,100000000,False,False,info,/home/meliani/nni-experiments,"['LSTM', 'GRU', 'CNN', 'RNN', 'TCN', 'Transformer', 'MLP']","[16, 32, 64, 128, 256]","[1, 2, 3, 4]","[0, 0.1, 0.2, 0.3, 0.5]","['relu', 'tanh', 'sigmoid', 'elu']","[1e-05, 0.01]","[2, 3, 4, 5, 6, 7, 8, 9, 10, 11, 12, 13, 14, 15, 16, 17, 18, 19, 20, 21, 22, 23, 24, 25, 26, 27, 28, 29, 30]","[16, 32, 64, 128]","[5, 10, 15, 20]","[2, 3, 5, 7]","[2, 4, 8]",GridSearch,minimize,local
y8bsu7fq,74,430,1779170189388,,/home/meliani/nni-experiments/y8bsu7fq,29,exp_GridSearch_1800s_local_plus_tt_local_plus_tt,hpo,/home/meliani/Desktop/phd/fast-track/search_space.json,python3 trial.py --data ./local_plus_tt.csv,/home/meliani/Desktop/phd/fast-track,1,1800s,100000000,False,False,info,/home/meliani/nni-experiments,"['LSTM', 'GRU', 'CNN', 'RNN', 'TCN', 'Transformer', 'MLP']","[16, 32, 64, 128, 256]","[1, 2, 3, 4]","[0, 0.1, 0.2, 0.3, 0.5]","['relu', 'tanh', 'sigmoid', 'elu']","[1e-05, 0.01]","[2, 3, 4, 5, 6, 7, 8, 9, 10, 11, 12, 13, 14, 15, 16, 17, 18, 19, 20, 21, 22, 23, 24, 25, 26, 27, 28, 29, 30]","[16, 32, 64, 128]","[5, 10, 15, 20]","[2, 3, 5, 7]","[2, 4, 8]",GridSearch,minimize,local
y8bsu7fq,75,440,1779170189388,,/home/meliani/nni-experiments/y8bsu7fq,29,exp_GridSearch_1800s_local_plus_tt_local_plus_tt,hpo,/home/meliani/Desktop/phd/fast-track/search_space.json,python3 trial.py --data ./local_plus_tt.csv,/home/meliani/Desktop/phd/fast-track,1,1800s,100000000,False,False,info,/home/meliani/nni-experiments,"['LSTM', 'GRU', 'CNN', 'RNN', 'TCN', 'Transformer', 'MLP']","[16, 32, 64, 128, 256]","[1, 2, 3, 4]","[0, 0.1, 0.2, 0.3, 0.5]","['relu', 'tanh', 'sigmoid', 'elu']","[1e-05, 0.01]","[2, 3, 4, 5, 6, 7, 8, 9, 10, 11, 12, 13, 14, 15, 16, 17, 18, 19, 20, 21, 22, 23, 24, 25, 26, 27, 28, 29, 30]","[16, 32, 64, 128]","[5, 10, 15, 20]","[2, 3, 5, 7]","[2, 4, 8]",GridSearch,minimize,local
y8bsu7fq,76,444,1779170189388,,/home/meliani/nni-experiments/y8bsu7fq,30,exp_GridSearch_1800s_local_plus_tt_local_plus_tt,hpo,/home/meliani/Desktop/phd/fast-track/search_space.json,python3 trial.py --data ./local_plus_tt.csv,/home/meliani/Desktop/phd/fast-track,1,1800s,100000000,False,False,info,/home/meliani/nni-experiments,"['LSTM', 'GRU', 'CNN', 'RNN', 'TCN', 'Transformer', 'MLP']","[16, 32, 64, 128, 256]","[1, 2, 3, 4]","[0, 0.1, 0.2, 0.3, 0.5]","['relu', 'tanh', 'sigmoid', 'elu']","[1e-05, 0.01]","[2, 3, 4, 5, 6, 7, 8, 9, 10, 11, 12, 13, 14, 15, 16, 17, 18, 19, 20, 21, 22, 23, 24, 25, 26, 27, 28, 29, 30]","[16, 32, 64, 128]","[5, 10, 15, 20]","[2, 3, 5, 7]","[2, 4, 8]",GridSearch,minimize,local
y8bsu7fq,77,450,1779170189388,,/home/meliani/nni-experiments/y8bsu7fq,30,exp_GridSearch_1800s_local_plus_tt_local_plus_tt,hpo,/home/meliani/Desktop/phd/fast-track/search_space.json,python3 trial.py --data ./local_plus_tt.csv,/home/meliani/Desktop/phd/fast-track,1,1800s,100000000,False,False,info,/home/meliani/nni-experiments,"['LSTM', 'GRU', 'CNN', 'RNN', 'TCN', 'Transformer', 'MLP']","[16, 32, 64, 128, 256]","[1, 2, 3, 4]","[0, 0.1, 0.2, 0.3, 0.5]","['relu', 'tanh', 'sigmoid', 'elu']","[1e-05, 0.01]","[2, 3, 4, 5, 6, 7, 8, 9, 10, 11, 12, 13, 14, 15, 16, 17, 18, 19, 20, 21, 22, 23, 24, 25, 26, 27, 28, 29, 30]","[16, 32, 64, 128]","[5, 10, 15, 20]","[2, 3, 5, 7]","[2, 4, 8]",GridSearch,minimize,local
y8bsu7fq,78,460,1779170189388,,/home/meliani/nni-experiments/y8bsu7fq,30,exp_GridSearch_1800s_local_plus_tt_local_plus_tt,hpo,/home/meliani/Desktop/phd/fast-track/search_space.json,python3 trial.py --data ./local_plus_tt.csv,/home/meliani/Desktop/phd/fast-track,1,1800s,100000000,False,False,info,/home/meliani/nni-experiments,"['LSTM', 'GRU', 'CNN', 'RNN', 'TCN', 'Transformer', 'MLP']","[16, 32, 64, 128, 256]","[1, 2, 3, 4]","[0, 0.1, 0.2, 0.3, 0.5]","['relu', 'tanh', 'sigmoid', 'elu']","[1e-05, 0.01]","[2, 3, 4, 5, 6, 7, 8, 9, 10, 11, 12, 13, 14, 15, 16, 17, 18, 19, 20, 21, 22, 23, 24, 25, 26, 27, 28, 29, 30]","[16, 32, 64, 128]","[5, 10, 15, 20]","[2, 3, 5, 7]","[2, 4, 8]",GridSearch,minimize,local
y8bsu7fq,79,464,1779170189388,,/home/meliani/nni-experiments/y8bsu7fq,31,exp_GridSearch_1800s_local_plus_tt_local_plus_tt,hpo,/home/meliani/Desktop/phd/fast-track/search_space.json,python3 trial.py --data ./local_plus_tt.csv,/home/meliani/Desktop/phd/fast-track,1,1800s,100000000,False,False,info,/home/meliani/nni-experiments,"['LSTM', 'GRU', 'CNN', 'RNN', 'TCN', 'Transformer', 'MLP']","[16, 32, 64, 128, 256]","[1, 2, 3, 4]","[0, 0.1, 0.2, 0.3, 0.5]","['relu', 'tanh', 'sigmoid', 'elu']","[1e-05, 0.01]","[2, 3, 4, 5, 6, 7, 8, 9, 10, 11, 12, 13, 14, 15, 16, 17, 18, 19, 20, 21, 22, 23, 24, 25, 26, 27, 28, 29, 30]","[16, 32, 64, 128]","[5, 10, 15, 20]","[2, 3, 5, 7]","[2, 4, 8]",GridSearch,minimize,local
y8bsu7fq,80,470,1779170189388,,/home/meliani/nni-experiments/y8bsu7fq,31,exp_GridSearch_1800s_local_plus_tt_local_plus_tt,hpo,/home/meliani/Desktop/phd/fast-track/search_space.json,python3 trial.py --data ./local_plus_tt.csv,/home/meliani/Desktop/phd/fast-track,1,1800s,100000000,False,False,info,/home/meliani/nni-experiments,"['LSTM', 'GRU', 'CNN', 'RNN', 'TCN', 'Transformer', 'MLP']","[16, 32, 64, 128, 256]","[1, 2, 3, 4]","[0, 0.1, 0.2, 0.3, 0.5]","['relu', 'tanh', 'sigmoid', 'elu']","[1e-05, 0.01]","[2, 3, 4, 5, 6, 7, 8, 9, 10, 11, 12, 13, 14, 15, 16, 17, 18, 19, 20, 21, 22, 23, 24, 25, 26, 27, 28, 29, 30]","[16, 32, 64, 128]","[5, 10, 15, 20]","[2, 3, 5, 7]","[2, 4, 8]",GridSearch,minimize,local
y8bsu7fq,81,480,1779170189388,,/home/meliani/nni-experiments/y8bsu7fq,31,exp_GridSearch_1800s_local_plus_tt_local_plus_tt,hpo,/home/meliani/Desktop/phd/fast-track/search_space.json,python3 trial.py --data ./local_plus_tt.csv,/home/meliani/Desktop/phd/fast-track,1,1800s,100000000,False,False,info,/home/meliani/nni-experiments,"['LSTM', 'GRU', 'CNN', 'RNN', 'TCN', 'Transformer', 'MLP']","[16, 32, 64, 128, 256]","[1, 2, 3, 4]","[0, 0.1, 0.2, 0.3, 0.5]","['relu', 'tanh', 'sigmoid', 'elu']","[1e-05, 0.01]","[2, 3, 4, 5, 6, 7, 8, 9, 10, 11, 12, 13, 14, 15, 16, 17, 18, 19, 20, 21, 22, 23, 24, 25, 26, 27, 28, 29, 30]","[16, 32, 64, 128]","[5, 10, 15, 20]","[2, 3, 5, 7]","[2, 4, 8]",GridSearch,minimize,local
y8bsu7fq,82,486,1779170189388,,/home/meliani/nni-experiments/y8bsu7fq,32,exp_GridSearch_1800s_local_plus_tt_local_plus_tt,hpo,/home/meliani/Desktop/phd/fast-track/search_space.json,python3 trial.py --data ./local_plus_tt.csv,/home/meliani/Desktop/phd/fast-track,1,1800s,100000000,False,False,info,/home/meliani/nni-experiments,"['LSTM', 'GRU', 'CNN', 'RNN', 'TCN', 'Transformer', 'MLP']","[16, 32, 64, 128, 256]","[1, 2, 3, 4]","[0, 0.1, 0.2, 0.3, 0.5]","['relu', 'tanh', 'sigmoid', 'elu']","[1e-05, 0.01]","[2, 3, 4, 5, 6, 7, 8, 9, 10, 11, 12, 13, 14, 15, 16, 17, 18, 19, 20, 21, 22, 23, 24, 25, 26, 27, 28, 29, 30]","[16, 32, 64, 128]","[5, 10, 15, 20]","[2, 3, 5, 7]","[2, 4, 8]",GridSearch,minimize,local
y8bsu7fq,83,490,1779170189388,,/home/meliani/nni-experiments/y8bsu7fq,32,exp_GridSearch_1800s_local_plus_tt_local_plus_tt,hpo,/home/meliani/Desktop/phd/fast-track/search_space.json,python3 trial.py --data ./local_plus_tt.csv,/home/meliani/Desktop/phd/fast-track,1,1800s,100000000,False,False,info,/home/meliani/nni-experiments,"['LSTM', 'GRU', 'CNN', 'RNN', 'TCN', 'Transformer', 'MLP']","[16, 32, 64, 128, 256]","[1, 2, 3, 4]","[0, 0.1, 0.2, 0.3, 0.5]","['relu', 'tanh', 'sigmoid', 'elu']","[1e-05, 0.01]","[2, 3, 4, 5, 6, 7, 8, 9, 10, 11, 12, 13, 14, 15, 16, 17, 18, 19, 20, 21, 22, 23, 24, 25, 26, 27, 28, 29, 30]","[16, 32, 64, 128]","[5, 10, 15, 20]","[2, 3, 5, 7]","[2, 4, 8]",GridSearch,minimize,local
y8bsu7fq,84,500,1779170189388,,/home/meliani/nni-experiments/y8bsu7fq,32,exp_GridSearch_1800s_local_plus_tt_local_plus_tt,hpo,/home/meliani/Desktop/phd/fast-track/search_space.json,python3 trial.py --data ./local_plus_tt.csv,/home/meliani/Desktop/phd/fast-track,1,1800s,100000000,False,False,info,/home/meliani/nni-experiments,"['LSTM', 'GRU', 'CNN', 'RNN', 'TCN', 'Transformer', 'MLP']","[16, 32, 64, 128, 256]","[1, 2, 3, 4]","[0, 0.1, 0.2, 0.3, 0.5]","['relu', 'tanh', 'sigmoid', 'elu']","[1e-05, 0.01]","[2, 3, 4, 5, 6, 7, 8, 9, 10, 11, 12, 13, 14, 15, 16, 17, 18, 19, 20, 21, 22, 23, 24, 25, 26, 27, 28, 29, 30]","[16, 32, 64, 128]","[5, 10, 15, 20]","[2, 3, 5, 7]","[2, 4, 8]",GridSearch,minimize,local
y8bsu7fq,85,507,1779170189388,,/home/meliani/nni-experiments/y8bsu7fq,33,exp_GridSearch_1800s_local_plus_tt_local_plus_tt,hpo,/home/meliani/Desktop/phd/fast-track/search_space.json,python3 trial.py --data ./local_plus_tt.csv,/home/meliani/Desktop/phd/fast-track,1,1800s,100000000,False,False,info,/home/meliani/nni-experiments,"['LSTM', 'GRU', 'CNN', 'RNN', 'TCN', 'Transformer', 'MLP']","[16, 32, 64, 128, 256]","[1, 2, 3, 4]","[0, 0.1, 0.2, 0.3, 0.5]","['relu', 'tanh', 'sigmoid', 'elu']","[1e-05, 0.01]","[2, 3, 4, 5, 6, 7, 8, 9, 10, 11, 12, 13, 14, 15, 16, 17, 18, 19, 20, 21, 22, 23, 24, 25, 26, 27, 28, 29, 30]","[16, 32, 64, 128]","[5, 10, 15, 20]","[2, 3, 5, 7]","[2, 4, 8]",GridSearch,minimize,local
y8bsu7fq,86,510,1779170189388,,/home/meliani/nni-experiments/y8bsu7fq,33,exp_GridSearch_1800s_local_plus_tt_local_plus_tt,hpo,/home/meliani/Desktop/phd/fast-track/search_space.json,python3 trial.py --data ./local_plus_tt.csv,/home/meliani/Desktop/phd/fast-track,1,1800s,100000000,False,False,info,/home/meliani/nni-experiments,"['LSTM', 'GRU', 'CNN', 'RNN', 'TCN', 'Transformer', 'MLP']","[16, 32, 64, 128, 256]","[1, 2, 3, 4]","[0, 0.1, 0.2, 0.3, 0.5]","['relu', 'tanh', 'sigmoid', 'elu']","[1e-05, 0.01]","[2, 3, 4, 5, 6, 7, 8, 9, 10, 11, 12, 13, 14, 15, 16, 17, 18, 19, 20, 21, 22, 23, 24, 25, 26, 27, 28, 29, 30]","[16, 32, 64, 128]","[5, 10, 15, 20]","[2, 3, 5, 7]","[2, 4, 8]",GridSearch,minimize,local
y8bsu7fq,87,520,1779170189388,,/home/meliani/nni-experiments/y8bsu7fq,33,exp_GridSearch_1800s_local_plus_tt_local_plus_tt,hpo,/home/meliani/Desktop/phd/fast-track/search_space.json,python3 trial.py --data ./local_plus_tt.csv,/home/meliani/Desktop/phd/fast-track,1,1800s,100000000,False,False,info,/home/meliani/nni-experiments,"['LSTM', 'GRU', 'CNN', 'RNN', 'TCN', 'Transformer', 'MLP']","[16, 32, 64, 128, 256]","[1, 2, 3, 4]","[0, 0.1, 0.2, 0.3, 0.5]","['relu', 'tanh', 'sigmoid', 'elu']","[1e-05, 0.01]","[2, 3, 4, 5, 6, 7, 8, 9, 10, 11, 12, 13, 14, 15, 16, 17, 18, 19, 20, 21, 22, 23, 24, 25, 26, 27, 28, 29, 30]","[16, 32, 64, 128]","[5, 10, 15, 20]","[2, 3, 5, 7]","[2, 4, 8]",GridSearch,minimize,local
y8bsu7fq,88,529,1779170189388,,/home/meliani/nni-experiments/y8bsu7fq,34,exp_GridSearch_1800s_local_plus_tt_local_plus_tt,hpo,/home/meliani/Desktop/phd/fast-track/search_space.json,python3 trial.py --data ./local_plus_tt.csv,/home/meliani/Desktop/phd/fast-track,1,1800s,100000000,False,False,info,/home/meliani/nni-experiments,"['LSTM', 'GRU', 'CNN', 'RNN', 'TCN', 'Transformer', 'MLP']","[16, 32, 64, 128, 256]","[1, 2, 3, 4]","[0, 0.1, 0.2, 0.3, 0.5]","['relu', 'tanh', 'sigmoid', 'elu']","[1e-05, 0.01]","[2, 3, 4, 5, 6, 7, 8, 9, 10, 11, 12, 13, 14, 15, 16, 17, 18, 19, 20, 21, 22, 23, 24, 25, 26, 27, 28, 29, 30]","[16, 32, 64, 128]","[5, 10, 15, 20]","[2, 3, 5, 7]","[2, 4, 8]",GridSearch,minimize,local
y8bsu7fq,89,530,1779170189388,,/home/meliani/nni-experiments/y8bsu7fq,34,exp_GridSearch_1800s_local_plus_tt_local_plus_tt,hpo,/home/meliani/Desktop/phd/fast-track/search_space.json,python3 trial.py --data ./local_plus_tt.csv,/home/meliani/Desktop/phd/fast-track,1,1800s,100000000,False,False,info,/home/meliani/nni-experiments,"['LSTM', 'GRU', 'CNN', 'RNN', 'TCN', 'Transformer', 'MLP']","[16, 32, 64, 128, 256]","[1, 2, 3, 4]","[0, 0.1, 0.2, 0.3, 0.5]","['relu', 'tanh', 'sigmoid', 'elu']","[1e-05, 0.01]","[2, 3, 4, 5, 6, 7, 8, 9, 10, 11, 12, 13, 14, 15, 16, 17, 18, 19, 20, 21, 22, 23, 24, 25, 26, 27, 28, 29, 30]","[16, 32, 64, 128]","[5, 10, 15, 20]","[2, 3, 5, 7]","[2, 4, 8]",GridSearch,minimize,local
y8bsu7fq,90,540,1779170189388,,/home/meliani/nni-experiments/y8bsu7fq,34,exp_GridSearch_1800s_local_plus_tt_local_plus_tt,hpo,/home/meliani/Desktop/phd/fast-track/search_space.json,python3 trial.py --data ./local_plus_tt.csv,/home/meliani/Desktop/phd/fast-track,1,1800s,100000000,False,False,info,/home/meliani/nni-experiments,"['LSTM', 'GRU', 'CNN', 'RNN', 'TCN', 'Transformer', 'MLP']","[16, 32, 64, 128, 256]","[1, 2, 3, 4]","[0, 0.1, 0.2, 0.3, 0.5]","['relu', 'tanh', 'sigmoid', 'elu']","[1e-05, 0.01]","[2, 3, 4, 5, 6, 7, 8, 9, 10, 11, 12, 13, 14, 15, 16, 17, 18, 19, 20, 21, 22, 23, 24, 25, 26, 27, 28, 29, 30]","[16, 32, 64, 128]","[5, 10, 15, 20]","[2, 3, 5, 7]","[2, 4, 8]",GridSearch,minimize,local
y8bsu7fq,91,550,1779170189388,,/home/meliani/nni-experiments/y8bsu7fq,34,exp_GridSearch_1800s_local_plus_tt_local_plus_tt,hpo,/home/meliani/Desktop/phd/fast-track/search_space.json,python3 trial.py --data ./local_plus_tt.csv,/home/meliani/Desktop/phd/fast-track,1,1800s,100000000,False,False,info,/home/meliani/nni-experiments,"['LSTM', 'GRU', 'CNN', 'RNN', 'TCN', 'Transformer', 'MLP']","[16, 32, 64, 128, 256]","[1, 2, 3, 4]","[0, 0.1, 0.2, 0.3, 0.5]","['relu', 'tanh', 'sigmoid', 'elu']","[1e-05, 0.01]","[2, 3, 4, 5, 6, 7, 8, 9, 10, 11, 12, 13, 14, 15, 16, 17, 18, 19, 20, 21, 22, 23, 24, 25, 26, 27, 28, 29, 30]","[16, 32, 64, 128]","[5, 10, 15, 20]","[2, 3, 5, 7]","[2, 4, 8]",GridSearch,minimize,local
y8bsu7fq,92,550,1779170189388,,/home/meliani/nni-experiments/y8bsu7fq,35,exp_GridSearch_1800s_local_plus_tt_local_plus_tt,hpo,/home/meliani/Desktop/phd/fast-track/search_space.json,python3 trial.py --data ./local_plus_tt.csv,/home/meliani/Desktop/phd/fast-track,1,1800s,100000000,False,False,info,/home/meliani/nni-experiments,"['LSTM', 'GRU', 'CNN', 'RNN', 'TCN', 'Transformer', 'MLP']","[16, 32, 64, 128, 256]","[1, 2, 3, 4]","[0, 0.1, 0.2, 0.3, 0.5]","['relu', 'tanh', 'sigmoid', 'elu']","[1e-05, 0.01]","[2, 3, 4, 5, 6, 7, 8, 9, 10, 11, 12, 13, 14, 15, 16, 17, 18, 19, 20, 21, 22, 23, 24, 25, 26, 27, 28, 29, 30]","[16, 32, 64, 128]","[5, 10, 15, 20]","[2, 3, 5, 7]","[2, 4, 8]",GridSearch,minimize,local
y8bsu7fq,93,560,1779170189388,,/home/meliani/nni-experiments/y8bsu7fq,35,exp_GridSearch_1800s_local_plus_tt_local_plus_tt,hpo,/home/meliani/Desktop/phd/fast-track/search_space.json,python3 trial.py --data ./local_plus_tt.csv,/home/meliani/Desktop/phd/fast-track,1,1800s,100000000,False,False,info,/home/meliani/nni-experiments,"['LSTM', 'GRU', 'CNN', 'RNN', 'TCN', 'Transformer', 'MLP']","[16, 32, 64, 128, 256]","[1, 2, 3, 4]","[0, 0.1, 0.2, 0.3, 0.5]","['relu', 'tanh', 'sigmoid', 'elu']","[1e-05, 0.01]","[2, 3, 4, 5, 6, 7, 8, 9, 10, 11, 12, 13, 14, 15, 16, 17, 18, 19, 20, 21, 22, 23, 24, 25, 26, 27, 28, 29, 30]","[16, 32, 64, 128]","[5, 10, 15, 20]","[2, 3, 5, 7]","[2, 4, 8]",GridSearch,minimize,local
y8bsu7fq,94,570,1779170189388,,/home/meliani/nni-experiments/y8bsu7fq,35,exp_GridSearch_1800s_local_plus_tt_local_plus_tt,hpo,/home/meliani/Desktop/phd/fast-track/search_space.json,python3 trial.py --data ./local_plus_tt.csv,/home/meliani/Desktop/phd/fast-track,1,1800s,100000000,False,False,info,/home/meliani/nni-experiments,"['LSTM', 'GRU', 'CNN', 'RNN', 'TCN', 'Transformer', 'MLP']","[16, 32, 64, 128, 256]","[1, 2, 3, 4]","[0, 0.1, 0.2, 0.3, 0.5]","['relu', 'tanh', 'sigmoid', 'elu']","[1e-05, 0.01]","[2, 3, 4, 5, 6, 7, 8, 9, 10, 11, 12, 13, 14, 15, 16, 17, 18, 19, 20, 21, 22, 23, 24, 25, 26, 27, 28, 29, 30]","[16, 32, 64, 128]","[5, 10, 15, 20]","[2, 3, 5, 7]","[2, 4, 8]",GridSearch,minimize,local
y8bsu7fq,95,572,1779170189388,,/home/meliani/nni-experiments/y8bsu7fq,36,exp_GridSearch_1800s_local_plus_tt_local_plus_tt,hpo,/home/meliani/Desktop/phd/fast-track/search_space.json,python3 trial.py --data ./local_plus_tt.csv,/home/meliani/Desktop/phd/fast-track,1,1800s,100000000,False,False,info,/home/meliani/nni-experiments,"['LSTM', 'GRU', 'CNN', 'RNN', 'TCN', 'Transformer', 'MLP']","[16, 32, 64, 128, 256]","[1, 2, 3, 4]","[0, 0.1, 0.2, 0.3, 0.5]","['relu', 'tanh', 'sigmoid', 'elu']","[1e-05, 0.01]","[2, 3, 4, 5, 6, 7, 8, 9, 10, 11, 12, 13, 14, 15, 16, 17, 18, 19, 20, 21, 22, 23, 24, 25, 26, 27, 28, 29, 30]","[16, 32, 64, 128]","[5, 10, 15, 20]","[2, 3, 5, 7]","[2, 4, 8]",GridSearch,minimize,local
y8bsu7fq,96,580,1779170189388,,/home/meliani/nni-experiments/y8bsu7fq,36,exp_GridSearch_1800s_local_plus_tt_local_plus_tt,hpo,/home/meliani/Desktop/phd/fast-track/search_space.json,python3 trial.py --data ./local_plus_tt.csv,/home/meliani/Desktop/phd/fast-track,1,1800s,100000000,False,False,info,/home/meliani/nni-experiments,"['LSTM', 'GRU', 'CNN', 'RNN', 'TCN', 'Transformer', 'MLP']","[16, 32, 64, 128, 256]","[1, 2, 3, 4]","[0, 0.1, 0.2, 0.3, 0.5]","['relu', 'tanh', 'sigmoid', 'elu']","[1e-05, 0.01]","[2, 3, 4, 5, 6, 7, 8, 9, 10, 11, 12, 13, 14, 15, 16, 17, 18, 19, 20, 21, 22, 23, 24, 25, 26, 27, 28, 29, 30]","[16, 32, 64, 128]","[5, 10, 15, 20]","[2, 3, 5, 7]","[2, 4, 8]",GridSearch,minimize,local
y8bsu7fq,97,590,1779170189388,,/home/meliani/nni-experiments/y8bsu7fq,36,exp_GridSearch_1800s_local_plus_tt_local_plus_tt,hpo,/home/meliani/Desktop/phd/fast-track/search_space.json,python3 trial.py --data ./local_plus_tt.csv,/home/meliani/Desktop/phd/fast-track,1,1800s,100000000,False,False,info,/home/meliani/nni-experiments,"['LSTM', 'GRU', 'CNN', 'RNN', 'TCN', 'Transformer', 'MLP']","[16, 32, 64, 128, 256]","[1, 2, 3, 4]","[0, 0.1, 0.2, 0.3, 0.5]","['relu', 'tanh', 'sigmoid', 'elu']","[1e-05, 0.01]","[2, 3, 4, 5, 6, 7, 8, 9, 10, 11, 12, 13, 14, 15, 16, 17, 18, 19, 20, 21, 22, 23, 24, 25, 26, 27, 28, 29, 30]","[16, 32, 64, 128]","[5, 10, 15, 20]","[2, 3, 5, 7]","[2, 4, 8]",GridSearch,minimize,local
y8bsu7fq,98,593,1779170189388,,/home/meliani/nni-experiments/y8bsu7fq,37,exp_GridSearch_1800s_local_plus_tt_local_plus_tt,hpo,/home/meliani/Desktop/phd/fast-track/search_space.json,python3 trial.py --data ./local_plus_tt.csv,/home/meliani/Desktop/phd/fast-track,1,1800s,100000000,False,False,info,/home/meliani/nni-experiments,"['LSTM', 'GRU', 'CNN', 'RNN', 'TCN', 'Transformer', 'MLP']","[16, 32, 64, 128, 256]","[1, 2, 3, 4]","[0, 0.1, 0.2, 0.3, 0.5]","['relu', 'tanh', 'sigmoid', 'elu']","[1e-05, 0.01]","[2, 3, 4, 5, 6, 7, 8, 9, 10, 11, 12, 13, 14, 15, 16, 17, 18, 19, 20, 21, 22, 23, 24, 25, 26, 27, 28, 29, 30]","[16, 32, 64, 128]","[5, 10, 15, 20]","[2, 3, 5, 7]","[2, 4, 8]",GridSearch,minimize,local
y8bsu7fq,99,600,1779170189388,,/home/meliani/nni-experiments/y8bsu7fq,37,exp_GridSearch_1800s_local_plus_tt_local_plus_tt,hpo,/home/meliani/Desktop/phd/fast-track/search_space.json,python3 trial.py --data ./local_plus_tt.csv,/home/meliani/Desktop/phd/fast-track,1,1800s,100000000,False,False,info,/home/meliani/nni-experiments,"['LSTM', 'GRU', 'CNN', 'RNN', 'TCN', 'Transformer', 'MLP']","[16, 32, 64, 128, 256]","[1, 2, 3, 4]","[0, 0.1, 0.2, 0.3, 0.5]","['relu', 'tanh', 'sigmoid', 'elu']","[1e-05, 0.01]","[2, 3, 4, 5, 6, 7, 8, 9, 10, 11, 12, 13, 14, 15, 16, 17, 18, 19, 20, 21, 22, 23, 24, 25, 26, 27, 28, 29, 30]","[16, 32, 64, 128]","[5, 10, 15, 20]","[2, 3, 5, 7]","[2, 4, 8]",GridSearch,minimize,local
y8bsu7fq,100,610,1779170189388,,/home/meliani/nni-experiments/y8bsu7fq,37,exp_GridSearch_1800s_local_plus_tt_local_plus_tt,hpo,/home/meliani/Desktop/phd/fast-track/search_space.json,python3 trial.py --data ./local_plus_tt.csv,/home/meliani/Desktop/phd/fast-track,1,1800s,100000000,False,False,info,/home/meliani/nni-experiments,"['LSTM', 'GRU', 'CNN', 'RNN', 'TCN', 'Transformer', 'MLP']","[16, 32, 64, 128, 256]","[1, 2, 3, 4]","[0, 0.1, 0.2, 0.3, 0.5]","['relu', 'tanh', 'sigmoid', 'elu']","[1e-05, 0.01]","[2, 3, 4, 5, 6, 7, 8, 9, 10, 11, 12, 13, 14, 15, 16, 17, 18, 19, 20, 21, 22, 23, 24, 25, 26, 27, 28, 29, 30]","[16, 32, 64, 128]","[5, 10, 15, 20]","[2, 3, 5, 7]","[2, 4, 8]",GridSearch,minimize,local
y8bsu7fq,101,619,1779170189388,,/home/meliani/nni-experiments/y8bsu7fq,38,exp_GridSearch_1800s_local_plus_tt_local_plus_tt,hpo,/home/meliani/Desktop/phd/fast-track/search_space.json,python3 trial.py --data ./local_plus_tt.csv,/home/meliani/Desktop/phd/fast-track,1,1800s,100000000,False,False,info,/home/meliani/nni-experiments,"['LSTM', 'GRU', 'CNN', 'RNN', 'TCN', 'Transformer', 'MLP']","[16, 32, 64, 128, 256]","[1, 2, 3, 4]","[0, 0.1, 0.2, 0.3, 0.5]","['relu', 'tanh', 'sigmoid', 'elu']","[1e-05, 0.01]","[2, 3, 4, 5, 6, 7, 8, 9, 10, 11, 12, 13, 14, 15, 16, 17, 18, 19, 20, 21, 22, 23, 24, 25, 26, 27, 28, 29, 30]","[16, 32, 64, 128]","[5, 10, 15, 20]","[2, 3, 5, 7]","[2, 4, 8]",GridSearch,minimize,local
y8bsu7fq,102,620,1779170189388,,/home/meliani/nni-experiments/y8bsu7fq,38,exp_GridSearch_1800s_local_plus_tt_local_plus_tt,hpo,/home/meliani/Desktop/phd/fast-track/search_space.json,python3 trial.py --data ./local_plus_tt.csv,/home/meliani/Desktop/phd/fast-track,1,1800s,100000000,False,False,info,/home/meliani/nni-experiments,"['LSTM', 'GRU', 'CNN', 'RNN', 'TCN', 'Transformer', 'MLP']","[16, 32, 64, 128, 256]","[1, 2, 3, 4]","[0, 0.1, 0.2, 0.3, 0.5]","['relu', 'tanh', 'sigmoid', 'elu']","[1e-05, 0.01]","[2, 3, 4, 5, 6, 7, 8, 9, 10, 11, 12, 13, 14, 15, 16, 17, 18, 19, 20, 21, 22, 23, 24, 25, 26, 27, 28, 29, 30]","[16, 32, 64, 128]","[5, 10, 15, 20]","[2, 3, 5, 7]","[2, 4, 8]",GridSearch,minimize,local
y8bsu7fq,103,630,1779170189388,,/home/meliani/nni-experiments/y8bsu7fq,38,exp_GridSearch_1800s_local_plus_tt_local_plus_tt,hpo,/home/meliani/Desktop/phd/fast-track/search_space.json,python3 trial.py --data ./local_plus_tt.csv,/home/meliani/Desktop/phd/fast-track,1,1800s,100000000,False,False,info,/home/meliani/nni-experiments,"['LSTM', 'GRU', 'CNN', 'RNN', 'TCN', 'Transformer', 'MLP']","[16, 32, 64, 128, 256]","[1, 2, 3, 4]","[0, 0.1, 0.2, 0.3, 0.5]","['relu', 'tanh', 'sigmoid', 'elu']","[1e-05, 0.01]","[2, 3, 4, 5, 6, 7, 8, 9, 10, 11, 12, 13, 14, 15, 16, 17, 18, 19, 20, 21, 22, 23, 24, 25, 26, 27, 28, 29, 30]","[16, 32, 64, 128]","[5, 10, 15, 20]","[2, 3, 5, 7]","[2, 4, 8]",GridSearch,minimize,local
y8bsu7fq,104,640,1779170189388,,/home/meliani/nni-experiments/y8bsu7fq,38,exp_GridSearch_1800s_local_plus_tt_local_plus_tt,hpo,/home/meliani/Desktop/phd/fast-track/search_space.json,python3 trial.py --data ./local_plus_tt.csv,/home/meliani/Desktop/phd/fast-track,1,1800s,100000000,False,False,info,/home/meliani/nni-experiments,"['LSTM', 'GRU', 'CNN', 'RNN', 'TCN', 'Transformer', 'MLP']","[16, 32, 64, 128, 256]","[1, 2, 3, 4]","[0, 0.1, 0.2, 0.3, 0.5]","['relu', 'tanh', 'sigmoid', 'elu']","[1e-05, 0.01]","[2, 3, 4, 5, 6, 7, 8, 9, 10, 11, 12, 13, 14, 15, 16, 17, 18, 19, 20, 21, 22, 23, 24, 25, 26, 27, 28, 29, 30]","[16, 32, 64, 128]","[5, 10, 15, 20]","[2, 3, 5, 7]","[2, 4, 8]",GridSearch,minimize,local
y8bsu7fq,105,646,1779170189388,,/home/meliani/nni-experiments/y8bsu7fq,39,exp_GridSearch_1800s_local_plus_tt_local_plus_tt,hpo,/home/meliani/Desktop/phd/fast-track/search_space.json,python3 trial.py --data ./local_plus_tt.csv,/home/meliani/Desktop/phd/fast-track,1,1800s,100000000,False,False,info,/home/meliani/nni-experiments,"['LSTM', 'GRU', 'CNN', 'RNN', 'TCN', 'Transformer', 'MLP']","[16, 32, 64, 128, 256]","[1, 2, 3, 4]","[0, 0.1, 0.2, 0.3, 0.5]","['relu', 'tanh', 'sigmoid', 'elu']","[1e-05, 0.01]","[2, 3, 4, 5, 6, 7, 8, 9, 10, 11, 12, 13, 14, 15, 16, 17, 18, 19, 20, 21, 22, 23, 24, 25, 26, 27, 28, 29, 30]","[16, 32, 64, 128]","[5, 10, 15, 20]","[2, 3, 5, 7]","[2, 4, 8]",GridSearch,minimize,local
y8bsu7fq,106,650,1779170189388,,/home/meliani/nni-experiments/y8bsu7fq,39,exp_GridSearch_1800s_local_plus_tt_local_plus_tt,hpo,/home/meliani/Desktop/phd/fast-track/search_space.json,python3 trial.py --data ./local_plus_tt.csv,/home/meliani/Desktop/phd/fast-track,1,1800s,100000000,False,False,info,/home/meliani/nni-experiments,"['LSTM', 'GRU', 'CNN', 'RNN', 'TCN', 'Transformer', 'MLP']","[16, 32, 64, 128, 256]","[1, 2, 3, 4]","[0, 0.1, 0.2, 0.3, 0.5]","['relu', 'tanh', 'sigmoid', 'elu']","[1e-05, 0.01]","[2, 3, 4, 5, 6, 7, 8, 9, 10, 11, 12, 13, 14, 15, 16, 17, 18, 19, 20, 21, 22, 23, 24, 25, 26, 27, 28, 29, 30]","[16, 32, 64, 128]","[5, 10, 15, 20]","[2, 3, 5, 7]","[2, 4, 8]",GridSearch,minimize,local
y8bsu7fq,107,660,1779170189388,,/home/meliani/nni-experiments/y8bsu7fq,39,exp_GridSearch_1800s_local_plus_tt_local_plus_tt,hpo,/home/meliani/Desktop/phd/fast-track/search_space.json,python3 trial.py --data ./local_plus_tt.csv,/home/meliani/Desktop/phd/fast-track,1,1800s,100000000,False,False,info,/home/meliani/nni-experiments,"['LSTM', 'GRU', 'CNN', 'RNN', 'TCN', 'Transformer', 'MLP']","[16, 32, 64, 128, 256]","[1, 2, 3, 4]","[0, 0.1, 0.2, 0.3, 0.5]","['relu', 'tanh', 'sigmoid', 'elu']","[1e-05, 0.01]","[2, 3, 4, 5, 6, 7, 8, 9, 10, 11, 12, 13, 14, 15, 16, 17, 18, 19, 20, 21, 22, 23, 24, 25, 26, 27, 28, 29, 30]","[16, 32, 64, 128]","[5, 10, 15, 20]","[2, 3, 5, 7]","[2, 4, 8]",GridSearch,minimize,local
y8bsu7fq,108,670,1779170189388,,/home/meliani/nni-experiments/y8bsu7fq,39,exp_GridSearch_1800s_local_plus_tt_local_plus_tt,hpo,/home/meliani/Desktop/phd/fast-track/search_space.json,python3 trial.py --data ./local_plus_tt.csv,/home/meliani/Desktop/phd/fast-track,1,1800s,100000000,False,False,info,/home/meliani/nni-experiments,"['LSTM', 'GRU', 'CNN', 'RNN', 'TCN', 'Transformer', 'MLP']","[16, 32, 64, 128, 256]","[1, 2, 3, 4]","[0, 0.1, 0.2, 0.3, 0.5]","['relu', 'tanh', 'sigmoid', 'elu']","[1e-05, 0.01]","[2, 3, 4, 5, 6, 7, 8, 9, 10, 11, 12, 13, 14, 15, 16, 17, 18, 19, 20, 21, 22, 23, 24, 25, 26, 27, 28, 29, 30]","[16, 32, 64, 128]","[5, 10, 15, 20]","[2, 3, 5, 7]","[2, 4, 8]",GridSearch,minimize,local
y8bsu7fq,109,672,1779170189388,,/home/meliani/nni-experiments/y8bsu7fq,40,exp_GridSearch_1800s_local_plus_tt_local_plus_tt,hpo,/home/meliani/Desktop/phd/fast-track/search_space.json,python3 trial.py --data ./local_plus_tt.csv,/home/meliani/Desktop/phd/fast-track,1,1800s,100000000,False,False,info,/home/meliani/nni-experiments,"['LSTM', 'GRU', 'CNN', 'RNN', 'TCN', 'Transformer', 'MLP']","[16, 32, 64, 128, 256]","[1, 2, 3, 4]","[0, 0.1, 0.2, 0.3, 0.5]","['relu', 'tanh', 'sigmoid', 'elu']","[1e-05, 0.01]","[2, 3, 4, 5, 6, 7, 8, 9, 10, 11, 12, 13, 14, 15, 16, 17, 18, 19, 20, 21, 22, 23, 24, 25, 26, 27, 28, 29, 30]","[16, 32, 64, 128]","[5, 10, 15, 20]","[2, 3, 5, 7]","[2, 4, 8]",GridSearch,minimize,local
y8bsu7fq,110,680,1779170189388,,/home/meliani/nni-experiments/y8bsu7fq,40,exp_GridSearch_1800s_local_plus_tt_local_plus_tt,hpo,/home/meliani/Desktop/phd/fast-track/search_space.json,python3 trial.py --data ./local_plus_tt.csv,/home/meliani/Desktop/phd/fast-track,1,1800s,100000000,False,False,info,/home/meliani/nni-experiments,"['LSTM', 'GRU', 'CNN', 'RNN', 'TCN', 'Transformer', 'MLP']","[16, 32, 64, 128, 256]","[1, 2, 3, 4]","[0, 0.1, 0.2, 0.3, 0.5]","['relu', 'tanh', 'sigmoid', 'elu']","[1e-05, 0.01]","[2, 3, 4, 5, 6, 7, 8, 9, 10, 11, 12, 13, 14, 15, 16, 17, 18, 19, 20, 21, 22, 23, 24, 25, 26, 27, 28, 29, 30]","[16, 32, 64, 128]","[5, 10, 15, 20]","[2, 3, 5, 7]","[2, 4, 8]",GridSearch,minimize,local
y8bsu7fq,111,690,1779170189388,,/home/meliani/nni-experiments/y8bsu7fq,40,exp_GridSearch_1800s_local_plus_tt_local_plus_tt,hpo,/home/meliani/Desktop/phd/fast-track/search_space.json,python3 trial.py --data ./local_plus_tt.csv,/home/meliani/Desktop/phd/fast-track,1,1800s,100000000,False,False,info,/home/meliani/nni-experiments,"['LSTM', 'GRU', 'CNN', 'RNN', 'TCN', 'Transformer', 'MLP']","[16, 32, 64, 128, 256]","[1, 2, 3, 4]","[0, 0.1, 0.2, 0.3, 0.5]","['relu', 'tanh', 'sigmoid', 'elu']","[1e-05, 0.01]","[2, 3, 4, 5, 6, 7, 8, 9, 10, 11, 12, 13, 14, 15, 16, 17, 18, 19, 20, 21, 22, 23, 24, 25, 26, 27, 28, 29, 30]","[16, 32, 64, 128]","[5, 10, 15, 20]","[2, 3, 5, 7]","[2, 4, 8]",GridSearch,minimize,local
y8bsu7fq,112,699,1779170189388,,/home/meliani/nni-experiments/y8bsu7fq,41,exp_GridSearch_1800s_local_plus_tt_local_plus_tt,hpo,/home/meliani/Desktop/phd/fast-track/search_space.json,python3 trial.py --data ./local_plus_tt.csv,/home/meliani/Desktop/phd/fast-track,1,1800s,100000000,False,False,info,/home/meliani/nni-experiments,"['LSTM', 'GRU', 'CNN', 'RNN', 'TCN', 'Transformer', 'MLP']","[16, 32, 64, 128, 256]","[1, 2, 3, 4]","[0, 0.1, 0.2, 0.3, 0.5]","['relu', 'tanh', 'sigmoid', 'elu']","[1e-05, 0.01]","[2, 3, 4, 5, 6, 7, 8, 9, 10, 11, 12, 13, 14, 15, 16, 17, 18, 19, 20, 21, 22, 23, 24, 25, 26, 27, 28, 29, 30]","[16, 32, 64, 128]","[5, 10, 15, 20]","[2, 3, 5, 7]","[2, 4, 8]",GridSearch,minimize,local
y8bsu7fq,113,700,1779170189388,,/home/meliani/nni-experiments/y8bsu7fq,41,exp_GridSearch_1800s_local_plus_tt_local_plus_tt,hpo,/home/meliani/Desktop/phd/fast-track/search_space.json,python3 trial.py --data ./local_plus_tt.csv,/home/meliani/Desktop/phd/fast-track,1,1800s,100000000,False,False,info,/home/meliani/nni-experiments,"['LSTM', 'GRU', 'CNN', 'RNN', 'TCN', 'Transformer', 'MLP']","[16, 32, 64, 128, 256]","[1, 2, 3, 4]","[0, 0.1, 0.2, 0.3, 0.5]","['relu', 'tanh', 'sigmoid', 'elu']","[1e-05, 0.01]","[2, 3, 4, 5, 6, 7, 8, 9, 10, 11, 12, 13, 14, 15, 16, 17, 18, 19, 20, 21, 22, 23, 24, 25, 26, 27, 28, 29, 30]","[16, 32, 64, 128]","[5, 10, 15, 20]","[2, 3, 5, 7]","[2, 4, 8]",GridSearch,minimize,local
y8bsu7fq,114,710,1779170189388,,/home/meliani/nni-experiments/y8bsu7fq,41,exp_GridSearch_1800s_local_plus_tt_local_plus_tt,hpo,/home/meliani/Desktop/phd/fast-track/search_space.json,python3 trial.py --data ./local_plus_tt.csv,/home/meliani/Desktop/phd/fast-track,1,1800s,100000000,False,False,info,/home/meliani/nni-experiments,"['LSTM', 'GRU', 'CNN', 'RNN', 'TCN', 'Transformer', 'MLP']","[16, 32, 64, 128, 256]","[1, 2, 3, 4]","[0, 0.1, 0.2, 0.3, 0.5]","['relu', 'tanh', 'sigmoid', 'elu']","[1e-05, 0.01]","[2, 3, 4, 5, 6, 7, 8, 9, 10, 11, 12, 13, 14, 15, 16, 17, 18, 19, 20, 21, 22, 23, 24, 25, 26, 27, 28, 29, 30]","[16, 32, 64, 128]","[5, 10, 15, 20]","[2, 3, 5, 7]","[2, 4, 8]",GridSearch,minimize,local
y8bsu7fq,115,720,1779170189388,,/home/meliani/nni-experiments/y8bsu7fq,41,exp_GridSearch_1800s_local_plus_tt_local_plus_tt,hpo,/home/meliani/Desktop/phd/fast-track/search_space.json,python3 trial.py --data ./local_plus_tt.csv,/home/meliani/Desktop/phd/fast-track,1,1800s,100000000,False,False,info,/home/meliani/nni-experiments,"['LSTM', 'GRU', 'CNN', 'RNN', 'TCN', 'Transformer', 'MLP']","[16, 32, 64, 128, 256]","[1, 2, 3, 4]","[0, 0.1, 0.2, 0.3, 0.5]","['relu', 'tanh', 'sigmoid', 'elu']","[1e-05, 0.01]","[2, 3, 4, 5, 6, 7, 8, 9, 10, 11, 12, 13, 14, 15, 16, 17, 18, 19, 20, 21, 22, 23, 24, 25, 26, 27, 28, 29, 30]","[16, 32, 64, 128]","[5, 10, 15, 20]","[2, 3, 5, 7]","[2, 4, 8]",GridSearch,minimize,local
y8bsu7fq,116,726,1779170189388,,/home/meliani/nni-experiments/y8bsu7fq,42,exp_GridSearch_1800s_local_plus_tt_local_plus_tt,hpo,/home/meliani/Desktop/phd/fast-track/search_space.json,python3 trial.py --data ./local_plus_tt.csv,/home/meliani/Desktop/phd/fast-track,1,1800s,100000000,False,False,info,/home/meliani/nni-experiments,"['LSTM', 'GRU', 'CNN', 'RNN', 'TCN', 'Transformer', 'MLP']","[16, 32, 64, 128, 256]","[1, 2, 3, 4]","[0, 0.1, 0.2, 0.3, 0.5]","['relu', 'tanh', 'sigmoid', 'elu']","[1e-05, 0.01]","[2, 3, 4, 5, 6, 7, 8, 9, 10, 11, 12, 13, 14, 15, 16, 17, 18, 19, 20, 21, 22, 23, 24, 25, 26, 27, 28, 29, 30]","[16, 32, 64, 128]","[5, 10, 15, 20]","[2, 3, 5, 7]","[2, 4, 8]",GridSearch,minimize,local
y8bsu7fq,117,730,1779170189388,,/home/meliani/nni-experiments/y8bsu7fq,42,exp_GridSearch_1800s_local_plus_tt_local_plus_tt,hpo,/home/meliani/Desktop/phd/fast-track/search_space.json,python3 trial.py --data ./local_plus_tt.csv,/home/meliani/Desktop/phd/fast-track,1,1800s,100000000,False,False,info,/home/meliani/nni-experiments,"['LSTM', 'GRU', 'CNN', 'RNN', 'TCN', 'Transformer', 'MLP']","[16, 32, 64, 128, 256]","[1, 2, 3, 4]","[0, 0.1, 0.2, 0.3, 0.5]","['relu', 'tanh', 'sigmoid', 'elu']","[1e-05, 0.01]","[2, 3, 4, 5, 6, 7, 8, 9, 10, 11, 12, 13, 14, 15, 16, 17, 18, 19, 20, 21, 22, 23, 24, 25, 26, 27, 28, 29, 30]","[16, 32, 64, 128]","[5, 10, 15, 20]","[2, 3, 5, 7]","[2, 4, 8]",GridSearch,minimize,local
y8bsu7fq,118,740,1779170189388,,/home/meliani/nni-experiments/y8bsu7fq,42,exp_GridSearch_1800s_local_plus_tt_local_plus_tt,hpo,/home/meliani/Desktop/phd/fast-track/search_space.json,python3 trial.py --data ./local_plus_tt.csv,/home/meliani/Desktop/phd/fast-track,1,1800s,100000000,False,False,info,/home/meliani/nni-experiments,"['LSTM', 'GRU', 'CNN', 'RNN', 'TCN', 'Transformer', 'MLP']","[16, 32, 64, 128, 256]","[1, 2, 3, 4]","[0, 0.1, 0.2, 0.3, 0.5]","['relu', 'tanh', 'sigmoid', 'elu']","[1e-05, 0.01]","[2, 3, 4, 5, 6, 7, 8, 9, 10, 11, 12, 13, 14, 15, 16, 17, 18, 19, 20, 21, 22, 23, 24, 25, 26, 27, 28, 29, 30]","[16, 32, 64, 128]","[5, 10, 15, 20]","[2, 3, 5, 7]","[2, 4, 8]",GridSearch,minimize,local
y8bsu7fq,119,750,1779170189388,,/home/meliani/nni-experiments/y8bsu7fq,42,exp_GridSearch_1800s_local_plus_tt_local_plus_tt,hpo,/home/meliani/Desktop/phd/fast-track/search_space.json,python3 trial.py --data ./local_plus_tt.csv,/home/meliani/Desktop/phd/fast-track,1,1800s,100000000,False,False,info,/home/meliani/nni-experiments,"['LSTM', 'GRU', 'CNN', 'RNN', 'TCN', 'Transformer', 'MLP']","[16, 32, 64, 128, 256]","[1, 2, 3, 4]","[0, 0.1, 0.2, 0.3, 0.5]","['relu', 'tanh', 'sigmoid', 'elu']","[1e-05, 0.01]","[2, 3, 4, 5, 6, 7, 8, 9, 10, 11, 12, 13, 14, 15, 16, 17, 18, 19, 20, 21, 22, 23, 24, 25, 26, 27, 28, 29, 30]","[16, 32, 64, 128]","[5, 10, 15, 20]","[2, 3, 5, 7]","[2, 4, 8]",GridSearch,minimize,local
y8bsu7fq,120,753,1779170189388,,/home/meliani/nni-experiments/y8bsu7fq,43,exp_GridSearch_1800s_local_plus_tt_local_plus_tt,hpo,/home/meliani/Desktop/phd/fast-track/search_space.json,python3 trial.py --data ./local_plus_tt.csv,/home/meliani/Desktop/phd/fast-track,1,1800s,100000000,False,False,info,/home/meliani/nni-experiments,"['LSTM', 'GRU', 'CNN', 'RNN', 'TCN', 'Transformer', 'MLP']","[16, 32, 64, 128, 256]","[1, 2, 3, 4]","[0, 0.1, 0.2, 0.3, 0.5]","['relu', 'tanh', 'sigmoid', 'elu']","[1e-05, 0.01]","[2, 3, 4, 5, 6, 7, 8, 9, 10, 11, 12, 13, 14, 15, 16, 17, 18, 19, 20, 21, 22, 23, 24, 25, 26, 27, 28, 29, 30]","[16, 32, 64, 128]","[5, 10, 15, 20]","[2, 3, 5, 7]","[2, 4, 8]",GridSearch,minimize,local
y8bsu7fq,121,760,1779170189388,,/home/meliani/nni-experiments/y8bsu7fq,43,exp_GridSearch_1800s_local_plus_tt_local_plus_tt,hpo,/home/meliani/Desktop/phd/fast-track/search_space.json,python3 trial.py --data ./local_plus_tt.csv,/home/meliani/Desktop/phd/fast-track,1,1800s,100000000,False,False,info,/home/meliani/nni-experiments,"['LSTM', 'GRU', 'CNN', 'RNN', 'TCN', 'Transformer', 'MLP']","[16, 32, 64, 128, 256]","[1, 2, 3, 4]","[0, 0.1, 0.2, 0.3, 0.5]","['relu', 'tanh', 'sigmoid', 'elu']","[1e-05, 0.01]","[2, 3, 4, 5, 6, 7, 8, 9, 10, 11, 12, 13, 14, 15, 16, 17, 18, 19, 20, 21, 22, 23, 24, 25, 26, 27, 28, 29, 30]","[16, 32, 64, 128]","[5, 10, 15, 20]","[2, 3, 5, 7]","[2, 4, 8]",GridSearch,minimize,local
y8bsu7fq,122,770,1779170189388,,/home/meliani/nni-experiments/y8bsu7fq,43,exp_GridSearch_1800s_local_plus_tt_local_plus_tt,hpo,/home/meliani/Desktop/phd/fast-track/search_space.json,python3 trial.py --data ./local_plus_tt.csv,/home/meliani/Desktop/phd/fast-track,1,1800s,100000000,False,False,info,/home/meliani/nni-experiments,"['LSTM', 'GRU', 'CNN', 'RNN', 'TCN', 'Transformer', 'MLP']","[16, 32, 64, 128, 256]","[1, 2, 3, 4]","[0, 0.1, 0.2, 0.3, 0.5]","['relu', 'tanh', 'sigmoid', 'elu']","[1e-05, 0.01]","[2, 3, 4, 5, 6, 7, 8, 9, 10, 11, 12, 13, 14, 15, 16, 17, 18, 19, 20, 21, 22, 23, 24, 25, 26, 27, 28, 29, 30]","[16, 32, 64, 128]","[5, 10, 15, 20]","[2, 3, 5, 7]","[2, 4, 8]",GridSearch,minimize,local
y8bsu7fq,123,779,1779170189388,,/home/meliani/nni-experiments/y8bsu7fq,44,exp_GridSearch_1800s_local_plus_tt_local_plus_tt,hpo,/home/meliani/Desktop/phd/fast-track/search_space.json,python3 trial.py --data ./local_plus_tt.csv,/home/meliani/Desktop/phd/fast-track,1,1800s,100000000,False,False,info,/home/meliani/nni-experiments,"['LSTM', 'GRU', 'CNN', 'RNN', 'TCN', 'Transformer', 'MLP']","[16, 32, 64, 128, 256]","[1, 2, 3, 4]","[0, 0.1, 0.2, 0.3, 0.5]","['relu', 'tanh', 'sigmoid', 'elu']","[1e-05, 0.01]","[2, 3, 4, 5, 6, 7, 8, 9, 10, 11, 12, 13, 14, 15, 16, 17, 18, 19, 20, 21, 22, 23, 24, 25, 26, 27, 28, 29, 30]","[16, 32, 64, 128]","[5, 10, 15, 20]","[2, 3, 5, 7]","[2, 4, 8]",GridSearch,minimize,local
y8bsu7fq,124,780,1779170189388,,/home/meliani/nni-experiments/y8bsu7fq,44,exp_GridSearch_1800s_local_plus_tt_local_plus_tt,hpo,/home/meliani/Desktop/phd/fast-track/search_space.json,python3 trial.py --data ./local_plus_tt.csv,/home/meliani/Desktop/phd/fast-track,1,1800s,100000000,False,False,info,/home/meliani/nni-experiments,"['LSTM', 'GRU', 'CNN', 'RNN', 'TCN', 'Transformer', 'MLP']","[16, 32, 64, 128, 256]","[1, 2, 3, 4]","[0, 0.1, 0.2, 0.3, 0.5]","['relu', 'tanh', 'sigmoid', 'elu']","[1e-05, 0.01]","[2, 3, 4, 5, 6, 7, 8, 9, 10, 11, 12, 13, 14, 15, 16, 17, 18, 19, 20, 21, 22, 23, 24, 25, 26, 27, 28, 29, 30]","[16, 32, 64, 128]","[5, 10, 15, 20]","[2, 3, 5, 7]","[2, 4, 8]",GridSearch,minimize,local
y8bsu7fq,125,790,1779170189388,,/home/meliani/nni-experiments/y8bsu7fq,44,exp_GridSearch_1800s_local_plus_tt_local_plus_tt,hpo,/home/meliani/Desktop/phd/fast-track/search_space.json,python3 trial.py --data ./local_plus_tt.csv,/home/meliani/Desktop/phd/fast-track,1,1800s,100000000,False,False,info,/home/meliani/nni-experiments,"['LSTM', 'GRU', 'CNN', 'RNN', 'TCN', 'Transformer', 'MLP']","[16, 32, 64, 128, 256]","[1, 2, 3, 4]","[0, 0.1, 0.2, 0.3, 0.5]","['relu', 'tanh', 'sigmoid', 'elu']","[1e-05, 0.01]","[2, 3, 4, 5, 6, 7, 8, 9, 10, 11, 12, 13, 14, 15, 16, 17, 18, 19, 20, 21, 22, 23, 24, 25, 26, 27, 28, 29, 30]","[16, 32, 64, 128]","[5, 10, 15, 20]","[2, 3, 5, 7]","[2, 4, 8]",GridSearch,minimize,local
y8bsu7fq,126,800,1779170189388,,/home/meliani/nni-experiments/y8bsu7fq,44,exp_GridSearch_1800s_local_plus_tt_local_plus_tt,hpo,/home/meliani/Desktop/phd/fast-track/search_space.json,python3 trial.py --data ./local_plus_tt.csv,/home/meliani/Desktop/phd/fast-track,1,1800s,100000000,False,False,info,/home/meliani/nni-experiments,"['LSTM', 'GRU', 'CNN', 'RNN', 'TCN', 'Transformer', 'MLP']","[16, 32, 64, 128, 256]","[1, 2, 3, 4]","[0, 0.1, 0.2, 0.3, 0.5]","['relu', 'tanh', 'sigmoid', 'elu']","[1e-05, 0.01]","[2, 3, 4, 5, 6, 7, 8, 9, 10, 11, 12, 13, 14, 15, 16, 17, 18, 19, 20, 21, 22, 23, 24, 25, 26, 27, 28, 29, 30]","[16, 32, 64, 128]","[5, 10, 15, 20]","[2, 3, 5, 7]","[2, 4, 8]",GridSearch,minimize,local
y8bsu7fq,127,805,1779170189388,,/home/meliani/nni-experiments/y8bsu7fq,45,exp_GridSearch_1800s_local_plus_tt_local_plus_tt,hpo,/home/meliani/Desktop/phd/fast-track/search_space.json,python3 trial.py --data ./local_plus_tt.csv,/home/meliani/Desktop/phd/fast-track,1,1800s,100000000,False,False,info,/home/meliani/nni-experiments,"['LSTM', 'GRU', 'CNN', 'RNN', 'TCN', 'Transformer', 'MLP']","[16, 32, 64, 128, 256]","[1, 2, 3, 4]","[0, 0.1, 0.2, 0.3, 0.5]","['relu', 'tanh', 'sigmoid', 'elu']","[1e-05, 0.01]","[2, 3, 4, 5, 6, 7, 8, 9, 10, 11, 12, 13, 14, 15, 16, 17, 18, 19, 20, 21, 22, 23, 24, 25, 26, 27, 28, 29, 30]","[16, 32, 64, 128]","[5, 10, 15, 20]","[2, 3, 5, 7]","[2, 4, 8]",GridSearch,minimize,local
y8bsu7fq,128,810,1779170189388,,/home/meliani/nni-experiments/y8bsu7fq,45,exp_GridSearch_1800s_local_plus_tt_local_plus_tt,hpo,/home/meliani/Desktop/phd/fast-track/search_space.json,python3 trial.py --data ./local_plus_tt.csv,/home/meliani/Desktop/phd/fast-track,1,1800s,100000000,False,False,info,/home/meliani/nni-experiments,"['LSTM', 'GRU', 'CNN', 'RNN', 'TCN', 'Transformer', 'MLP']","[16, 32, 64, 128, 256]","[1, 2, 3, 4]","[0, 0.1, 0.2, 0.3, 0.5]","['relu', 'tanh', 'sigmoid', 'elu']","[1e-05, 0.01]","[2, 3, 4, 5, 6, 7, 8, 9, 10, 11, 12, 13, 14, 15, 16, 17, 18, 19, 20, 21, 22, 23, 24, 25, 26, 27, 28, 29, 30]","[16, 32, 64, 128]","[5, 10, 15, 20]","[2, 3, 5, 7]","[2, 4, 8]",GridSearch,minimize,local
y8bsu7fq,129,820,1779170189388,,/home/meliani/nni-experiments/y8bsu7fq,45,exp_GridSearch_1800s_local_plus_tt_local_plus_tt,hpo,/home/meliani/Desktop/phd/fast-track/search_space.json,python3 trial.py --data ./local_plus_tt.csv,/home/meliani/Desktop/phd/fast-track,1,1800s,100000000,False,False,info,/home/meliani/nni-experiments,"['LSTM', 'GRU', 'CNN', 'RNN', 'TCN', 'Transformer', 'MLP']","[16, 32, 64, 128, 256]","[1, 2, 3, 4]","[0, 0.1, 0.2, 0.3, 0.5]","['relu', 'tanh', 'sigmoid', 'elu']","[1e-05, 0.01]","[2, 3, 4, 5, 6, 7, 8, 9, 10, 11, 12, 13, 14, 15, 16, 17, 18, 19, 20, 21, 22, 23, 24, 25, 26, 27, 28, 29, 30]","[16, 32, 64, 128]","[5, 10, 15, 20]","[2, 3, 5, 7]","[2, 4, 8]",GridSearch,minimize,local
y8bsu7fq,130,830,1779170189388,,/home/meliani/nni-experiments/y8bsu7fq,45,exp_GridSearch_1800s_local_plus_tt_local_plus_tt,hpo,/home/meliani/Desktop/phd/fast-track/search_space.json,python3 trial.py --data ./local_plus_tt.csv,/home/meliani/Desktop/phd/fast-track,1,1800s,100000000,False,False,info,/home/meliani/nni-experiments,"['LSTM', 'GRU', 'CNN', 'RNN', 'TCN', 'Transformer', 'MLP']","[16, 32, 64, 128, 256]","[1, 2, 3, 4]","[0, 0.1, 0.2, 0.3, 0.5]","['relu', 'tanh', 'sigmoid', 'elu']","[1e-05, 0.01]","[2, 3, 4, 5, 6, 7, 8, 9, 10, 11, 12, 13, 14, 15, 16, 17, 18, 19, 20, 21, 22, 23, 24, 25, 26, 27, 28, 29, 30]","[16, 32, 64, 128]","[5, 10, 15, 20]","[2, 3, 5, 7]","[2, 4, 8]",GridSearch,minimize,local
y8bsu7fq,131,832,1779170189388,,/home/meliani/nni-experiments/y8bsu7fq,46,exp_GridSearch_1800s_local_plus_tt_local_plus_tt,hpo,/home/meliani/Desktop/phd/fast-track/search_space.json,python3 trial.py --data ./local_plus_tt.csv,/home/meliani/Desktop/phd/fast-track,1,1800s,100000000,False,False,info,/home/meliani/nni-experiments,"['LSTM', 'GRU', 'CNN', 'RNN', 'TCN', 'Transformer', 'MLP']","[16, 32, 64, 128, 256]","[1, 2, 3, 4]","[0, 0.1, 0.2, 0.3, 0.5]","['relu', 'tanh', 'sigmoid', 'elu']","[1e-05, 0.01]","[2, 3, 4, 5, 6, 7, 8, 9, 10, 11, 12, 13, 14, 15, 16, 17, 18, 19, 20, 21, 22, 23, 24, 25, 26, 27, 28, 29, 30]","[16, 32, 64, 128]","[5, 10, 15, 20]","[2, 3, 5, 7]","[2, 4, 8]",GridSearch,minimize,local
y8bsu7fq,132,840,1779170189388,,/home/meliani/nni-experiments/y8bsu7fq,46,exp_GridSearch_1800s_local_plus_tt_local_plus_tt,hpo,/home/meliani/Desktop/phd/fast-track/search_space.json,python3 trial.py --data ./local_plus_tt.csv,/home/meliani/Desktop/phd/fast-track,1,1800s,100000000,False,False,info,/home/meliani/nni-experiments,"['LSTM', 'GRU', 'CNN', 'RNN', 'TCN', 'Transformer', 'MLP']","[16, 32, 64, 128, 256]","[1, 2, 3, 4]","[0, 0.1, 0.2, 0.3, 0.5]","['relu', 'tanh', 'sigmoid', 'elu']","[1e-05, 0.01]","[2, 3, 4, 5, 6, 7, 8, 9, 10, 11, 12, 13, 14, 15, 16, 17, 18, 19, 20, 21, 22, 23, 24, 25, 26, 27, 28, 29, 30]","[16, 32, 64, 128]","[5, 10, 15, 20]","[2, 3, 5, 7]","[2, 4, 8]",GridSearch,minimize,local
y8bsu7fq,133,850,1779170189388,,/home/meliani/nni-experiments/y8bsu7fq,46,exp_GridSearch_1800s_local_plus_tt_local_plus_tt,hpo,/home/meliani/Desktop/phd/fast-track/search_space.json,python3 trial.py --data ./local_plus_tt.csv,/home/meliani/Desktop/phd/fast-track,1,1800s,100000000,False,False,info,/home/meliani/nni-experiments,"['LSTM', 'GRU', 'CNN', 'RNN', 'TCN', 'Transformer', 'MLP']","[16, 32, 64, 128, 256]","[1, 2, 3, 4]","[0, 0.1, 0.2, 0.3, 0.5]","['relu', 'tanh', 'sigmoid', 'elu']","[1e-05, 0.01]","[2, 3, 4, 5, 6, 7, 8, 9, 10, 11, 12, 13, 14, 15, 16, 17, 18, 19, 20, 21, 22, 23, 24, 25, 26, 27, 28, 29, 30]","[16, 32, 64, 128]","[5, 10, 15, 20]","[2, 3, 5, 7]","[2, 4, 8]",GridSearch,minimize,local
y8bsu7fq,134,859,1779170189388,,/home/meliani/nni-experiments/y8bsu7fq,47,exp_GridSearch_1800s_local_plus_tt_local_plus_tt,hpo,/home/meliani/Desktop/phd/fast-track/search_space.json,python3 trial.py --data ./local_plus_tt.csv,/home/meliani/Desktop/phd/fast-track,1,1800s,100000000,False,False,info,/home/meliani/nni-experiments,"['LSTM', 'GRU', 'CNN', 'RNN', 'TCN', 'Transformer', 'MLP']","[16, 32, 64, 128, 256]","[1, 2, 3, 4]","[0, 0.1, 0.2, 0.3, 0.5]","['relu', 'tanh', 'sigmoid', 'elu']","[1e-05, 0.01]","[2, 3, 4, 5, 6, 7, 8, 9, 10, 11, 12, 13, 14, 15, 16, 17, 18, 19, 20, 21, 22, 23, 24, 25, 26, 27, 28, 29, 30]","[16, 32, 64, 128]","[5, 10, 15, 20]","[2, 3, 5, 7]","[2, 4, 8]",GridSearch,minimize,local
y8bsu7fq,135,860,1779170189388,,/home/meliani/nni-experiments/y8bsu7fq,47,exp_GridSearch_1800s_local_plus_tt_local_plus_tt,hpo,/home/meliani/Desktop/phd/fast-track/search_space.json,python3 trial.py --data ./local_plus_tt.csv,/home/meliani/Desktop/phd/fast-track,1,1800s,100000000,False,False,info,/home/meliani/nni-experiments,"['LSTM', 'GRU', 'CNN', 'RNN', 'TCN', 'Transformer', 'MLP']","[16, 32, 64, 128, 256]","[1, 2, 3, 4]","[0, 0.1, 0.2, 0.3, 0.5]","['relu', 'tanh', 'sigmoid', 'elu']","[1e-05, 0.01]","[2, 3, 4, 5, 6, 7, 8, 9, 10, 11, 12, 13, 14, 15, 16, 17, 18, 19, 20, 21, 22, 23, 24, 25, 26, 27, 28, 29, 30]","[16, 32, 64, 128]","[5, 10, 15, 20]","[2, 3, 5, 7]","[2, 4, 8]",GridSearch,minimize,local
y8bsu7fq,136,870,1779170189388,,/home/meliani/nni-experiments/y8bsu7fq,47,exp_GridSearch_1800s_local_plus_tt_local_plus_tt,hpo,/home/meliani/Desktop/phd/fast-track/search_space.json,python3 trial.py --data ./local_plus_tt.csv,/home/meliani/Desktop/phd/fast-track,1,1800s,100000000,False,False,info,/home/meliani/nni-experiments,"['LSTM', 'GRU', 'CNN', 'RNN', 'TCN', 'Transformer', 'MLP']","[16, 32, 64, 128, 256]","[1, 2, 3, 4]","[0, 0.1, 0.2, 0.3, 0.5]","['relu', 'tanh', 'sigmoid', 'elu']","[1e-05, 0.01]","[2, 3, 4, 5, 6, 7, 8, 9, 10, 11, 12, 13, 14, 15, 16, 17, 18, 19, 20, 21, 22, 23, 24, 25, 26, 27, 28, 29, 30]","[16, 32, 64, 128]","[5, 10, 15, 20]","[2, 3, 5, 7]","[2, 4, 8]",GridSearch,minimize,local
y8bsu7fq,137,880,1779170189388,,/home/meliani/nni-experiments/y8bsu7fq,47,exp_GridSearch_1800s_local_plus_tt_local_plus_tt,hpo,/home/meliani/Desktop/phd/fast-track/search_space.json,python3 trial.py --data ./local_plus_tt.csv,/home/meliani/Desktop/phd/fast-track,1,1800s,100000000,False,False,info,/home/meliani/nni-experiments,"['LSTM', 'GRU', 'CNN', 'RNN', 'TCN', 'Transformer', 'MLP']","[16, 32, 64, 128, 256]","[1, 2, 3, 4]","[0, 0.1, 0.2, 0.3, 0.5]","['relu', 'tanh', 'sigmoid', 'elu']","[1e-05, 0.01]","[2, 3, 4, 5, 6, 7, 8, 9, 10, 11, 12, 13, 14, 15, 16, 17, 18, 19, 20, 21, 22, 23, 24, 25, 26, 27, 28, 29, 30]","[16, 32, 64, 128]","[5, 10, 15, 20]","[2, 3, 5, 7]","[2, 4, 8]",GridSearch,minimize,local
y8bsu7fq,138,885,1779170189388,,/home/meliani/nni-experiments/y8bsu7fq,48,exp_GridSearch_1800s_local_plus_tt_local_plus_tt,hpo,/home/meliani/Desktop/phd/fast-track/search_space.json,python3 trial.py --data ./local_plus_tt.csv,/home/meliani/Desktop/phd/fast-track,1,1800s,100000000,False,False,info,/home/meliani/nni-experiments,"['LSTM', 'GRU', 'CNN', 'RNN', 'TCN', 'Transformer', 'MLP']","[16, 32, 64, 128, 256]","[1, 2, 3, 4]","[0, 0.1, 0.2, 0.3, 0.5]","['relu', 'tanh', 'sigmoid', 'elu']","[1e-05, 0.01]","[2, 3, 4, 5, 6, 7, 8, 9, 10, 11, 12, 13, 14, 15, 16, 17, 18, 19, 20, 21, 22, 23, 24, 25, 26, 27, 28, 29, 30]","[16, 32, 64, 128]","[5, 10, 15, 20]","[2, 3, 5, 7]","[2, 4, 8]",GridSearch,minimize,local
y8bsu7fq,139,890,1779170189388,,/home/meliani/nni-experiments/y8bsu7fq,48,exp_GridSearch_1800s_local_plus_tt_local_plus_tt,hpo,/home/meliani/Desktop/phd/fast-track/search_space.json,python3 trial.py --data ./local_plus_tt.csv,/home/meliani/Desktop/phd/fast-track,1,1800s,100000000,False,False,info,/home/meliani/nni-experiments,"['LSTM', 'GRU', 'CNN', 'RNN', 'TCN', 'Transformer', 'MLP']","[16, 32, 64, 128, 256]","[1, 2, 3, 4]","[0, 0.1, 0.2, 0.3, 0.5]","['relu', 'tanh', 'sigmoid', 'elu']","[1e-05, 0.01]","[2, 3, 4, 5, 6, 7, 8, 9, 10, 11, 12, 13, 14, 15, 16, 17, 18, 19, 20, 21, 22, 23, 24, 25, 26, 27, 28, 29, 30]","[16, 32, 64, 128]","[5, 10, 15, 20]","[2, 3, 5, 7]","[2, 4, 8]",GridSearch,minimize,local
y8bsu7fq,140,900,1779170189388,,/home/meliani/nni-experiments/y8bsu7fq,48,exp_GridSearch_1800s_local_plus_tt_local_plus_tt,hpo,/home/meliani/Desktop/phd/fast-track/search_space.json,python3 trial.py --data ./local_plus_tt.csv,/home/meliani/Desktop/phd/fast-track,1,1800s,100000000,False,False,info,/home/meliani/nni-experiments,"['LSTM', 'GRU', 'CNN', 'RNN', 'TCN', 'Transformer', 'MLP']","[16, 32, 64, 128, 256]","[1, 2, 3, 4]","[0, 0.1, 0.2, 0.3, 0.5]","['relu', 'tanh', 'sigmoid', 'elu']","[1e-05, 0.01]","[2, 3, 4, 5, 6, 7, 8, 9, 10, 11, 12, 13, 14, 15, 16, 17, 18, 19, 20, 21, 22, 23, 24, 25, 26, 27, 28, 29, 30]","[16, 32, 64, 128]","[5, 10, 15, 20]","[2, 3, 5, 7]","[2, 4, 8]",GridSearch,minimize,local
y8bsu7fq,141,910,1779170189388,,/home/meliani/nni-experiments/y8bsu7fq,48,exp_GridSearch_1800s_local_plus_tt_local_plus_tt,hpo,/home/meliani/Desktop/phd/fast-track/search_space.json,python3 trial.py --data ./local_plus_tt.csv,/home/meliani/Desktop/phd/fast-track,1,1800s,100000000,False,False,info,/home/meliani/nni-experiments,"['LSTM', 'GRU', 'CNN', 'RNN', 'TCN', 'Transformer', 'MLP']","[16, 32, 64, 128, 256]","[1, 2, 3, 4]","[0, 0.1, 0.2, 0.3, 0.5]","['relu', 'tanh', 'sigmoid', 'elu']","[1e-05, 0.01]","[2, 3, 4, 5, 6, 7, 8, 9, 10, 11, 12, 13, 14, 15, 16, 17, 18, 19, 20, 21, 22, 23, 24, 25, 26, 27, 28, 29, 30]","[16, 32, 64, 128]","[5, 10, 15, 20]","[2, 3, 5, 7]","[2, 4, 8]",GridSearch,minimize,local
y8bsu7fq,142,913,1779170189388,,/home/meliani/nni-experiments/y8bsu7fq,49,exp_GridSearch_1800s_local_plus_tt_local_plus_tt,hpo,/home/meliani/Desktop/phd/fast-track/search_space.json,python3 trial.py --data ./local_plus_tt.csv,/home/meliani/Desktop/phd/fast-track,1,1800s,100000000,False,False,info,/home/meliani/nni-experiments,"['LSTM', 'GRU', 'CNN', 'RNN', 'TCN', 'Transformer', 'MLP']","[16, 32, 64, 128, 256]","[1, 2, 3, 4]","[0, 0.1, 0.2, 0.3, 0.5]","['relu', 'tanh', 'sigmoid', 'elu']","[1e-05, 0.01]","[2, 3, 4, 5, 6, 7, 8, 9, 10, 11, 12, 13, 14, 15, 16, 17, 18, 19, 20, 21, 22, 23, 24, 25, 26, 27, 28, 29, 30]","[16, 32, 64, 128]","[5, 10, 15, 20]","[2, 3, 5, 7]","[2, 4, 8]",GridSearch,minimize,local
y8bsu7fq,143,920,1779170189388,,/home/meliani/nni-experiments/y8bsu7fq,49,exp_GridSearch_1800s_local_plus_tt_local_plus_tt,hpo,/home/meliani/Desktop/phd/fast-track/search_space.json,python3 trial.py --data ./local_plus_tt.csv,/home/meliani/Desktop/phd/fast-track,1,1800s,100000000,False,False,info,/home/meliani/nni-experiments,"['LSTM', 'GRU', 'CNN', 'RNN', 'TCN', 'Transformer', 'MLP']","[16, 32, 64, 128, 256]","[1, 2, 3, 4]","[0, 0.1, 0.2, 0.3, 0.5]","['relu', 'tanh', 'sigmoid', 'elu']","[1e-05, 0.01]","[2, 3, 4, 5, 6, 7, 8, 9, 10, 11, 12, 13, 14, 15, 16, 17, 18, 19, 20, 21, 22, 23, 24, 25, 26, 27, 28, 29, 30]","[16, 32, 64, 128]","[5, 10, 15, 20]","[2, 3, 5, 7]","[2, 4, 8]",GridSearch,minimize,local
y8bsu7fq,144,922,1779170189388,,/home/meliani/nni-experiments/y8bsu7fq,50,exp_GridSearch_1800s_local_plus_tt_local_plus_tt,hpo,/home/meliani/Desktop/phd/fast-track/search_space.json,python3 trial.py --data ./local_plus_tt.csv,/home/meliani/Desktop/phd/fast-track,1,1800s,100000000,False,False,info,/home/meliani/nni-experiments,"['LSTM', 'GRU', 'CNN', 'RNN', 'TCN', 'Transformer', 'MLP']","[16, 32, 64, 128, 256]","[1, 2, 3, 4]","[0, 0.1, 0.2, 0.3, 0.5]","['relu', 'tanh', 'sigmoid', 'elu']","[1e-05, 0.01]","[2, 3, 4, 5, 6, 7, 8, 9, 10, 11, 12, 13, 14, 15, 16, 17, 18, 19, 20, 21, 22, 23, 24, 25, 26, 27, 28, 29, 30]","[16, 32, 64, 128]","[5, 10, 15, 20]","[2, 3, 5, 7]","[2, 4, 8]",GridSearch,minimize,local
y8bsu7fq,145,928,1779170189388,,/home/meliani/nni-experiments/y8bsu7fq,51,exp_GridSearch_1800s_local_plus_tt_local_plus_tt,hpo,/home/meliani/Desktop/phd/fast-track/search_space.json,python3 trial.py --data ./local_plus_tt.csv,/home/meliani/Desktop/phd/fast-track,1,1800s,100000000,False,False,info,/home/meliani/nni-experiments,"['LSTM', 'GRU', 'CNN', 'RNN', 'TCN', 'Transformer', 'MLP']","[16, 32, 64, 128, 256]","[1, 2, 3, 4]","[0, 0.1, 0.2, 0.3, 0.5]","['relu', 'tanh', 'sigmoid', 'elu']","[1e-05, 0.01]","[2, 3, 4, 5, 6, 7, 8, 9, 10, 11, 12, 13, 14, 15, 16, 17, 18, 19, 20, 21, 22, 23, 24, 25, 26, 27, 28, 29, 30]","[16, 32, 64, 128]","[5, 10, 15, 20]","[2, 3, 5, 7]","[2, 4, 8]",GridSearch,minimize,local
y8bsu7fq,146,930,1779170189388,,/home/meliani/nni-experiments/y8bsu7fq,51,exp_GridSearch_1800s_local_plus_tt_local_plus_tt,hpo,/home/meliani/Desktop/phd/fast-track/search_space.json,python3 trial.py --data ./local_plus_tt.csv,/home/meliani/Desktop/phd/fast-track,1,1800s,100000000,False,False,info,/home/meliani/nni-experiments,"['LSTM', 'GRU', 'CNN', 'RNN', 'TCN', 'Transformer', 'MLP']","[16, 32, 64, 128, 256]","[1, 2, 3, 4]","[0, 0.1, 0.2, 0.3, 0.5]","['relu', 'tanh', 'sigmoid', 'elu']","[1e-05, 0.01]","[2, 3, 4, 5, 6, 7, 8, 9, 10, 11, 12, 13, 14, 15, 16, 17, 18, 19, 20, 21, 22, 23, 24, 25, 26, 27, 28, 29, 30]","[16, 32, 64, 128]","[5, 10, 15, 20]","[2, 3, 5, 7]","[2, 4, 8]",GridSearch,minimize,local
y8bsu7fq,147,938,1779170189388,,/home/meliani/nni-experiments/y8bsu7fq,52,exp_GridSearch_1800s_local_plus_tt_local_plus_tt,hpo,/home/meliani/Desktop/phd/fast-track/search_space.json,python3 trial.py --data ./local_plus_tt.csv,/home/meliani/Desktop/phd/fast-track,1,1800s,100000000,False,False,info,/home/meliani/nni-experiments,"['LSTM', 'GRU', 'CNN', 'RNN', 'TCN', 'Transformer', 'MLP']","[16, 32, 64, 128, 256]","[1, 2, 3, 4]","[0, 0.1, 0.2, 0.3, 0.5]","['relu', 'tanh', 'sigmoid', 'elu']","[1e-05, 0.01]","[2, 3, 4, 5, 6, 7, 8, 9, 10, 11, 12, 13, 14, 15, 16, 17, 18, 19, 20, 21, 22, 23, 24, 25, 26, 27, 28, 29, 30]","[16, 32, 64, 128]","[5, 10, 15, 20]","[2, 3, 5, 7]","[2, 4, 8]",GridSearch,minimize,local
y8bsu7fq,148,940,1779170189388,,/home/meliani/nni-experiments/y8bsu7fq,52,exp_GridSearch_1800s_local_plus_tt_local_plus_tt,hpo,/home/meliani/Desktop/phd/fast-track/search_space.json,python3 trial.py --data ./local_plus_tt.csv,/home/meliani/Desktop/phd/fast-track,1,1800s,100000000,False,False,info,/home/meliani/nni-experiments,"['LSTM', 'GRU', 'CNN', 'RNN', 'TCN', 'Transformer', 'MLP']","[16, 32, 64, 128, 256]","[1, 2, 3, 4]","[0, 0.1, 0.2, 0.3, 0.5]","['relu', 'tanh', 'sigmoid', 'elu']","[1e-05, 0.01]","[2, 3, 4, 5, 6, 7, 8, 9, 10, 11, 12, 13, 14, 15, 16, 17, 18, 19, 20, 21, 22, 23, 24, 25, 26, 27, 28, 29, 30]","[16, 32, 64, 128]","[5, 10, 15, 20]","[2, 3, 5, 7]","[2, 4, 8]",GridSearch,minimize,local
y8bsu7fq,149,947,1779170189388,,/home/meliani/nni-experiments/y8bsu7fq,53,exp_GridSearch_1800s_local_plus_tt_local_plus_tt,hpo,/home/meliani/Desktop/phd/fast-track/search_space.json,python3 trial.py --data ./local_plus_tt.csv,/home/meliani/Desktop/phd/fast-track,1,1800s,100000000,False,False,info,/home/meliani/nni-experiments,"['LSTM', 'GRU', 'CNN', 'RNN', 'TCN', 'Transformer', 'MLP']","[16, 32, 64, 128, 256]","[1, 2, 3, 4]","[0, 0.1, 0.2, 0.3, 0.5]","['relu', 'tanh', 'sigmoid', 'elu']","[1e-05, 0.01]","[2, 3, 4, 5, 6, 7, 8, 9, 10, 11, 12, 13, 14, 15, 16, 17, 18, 19, 20, 21, 22, 23, 24, 25, 26, 27, 28, 29, 30]","[16, 32, 64, 128]","[5, 10, 15, 20]","[2, 3, 5, 7]","[2, 4, 8]",GridSearch,minimize,local
y8bsu7fq,150,950,1779170189388,,/home/meliani/nni-experiments/y8bsu7fq,53,exp_GridSearch_1800s_local_plus_tt_local_plus_tt,hpo,/home/meliani/Desktop/phd/fast-track/search_space.json,python3 trial.py --data ./local_plus_tt.csv,/home/meliani/Desktop/phd/fast-track,1,1800s,100000000,False,False,info,/home/meliani/nni-experiments,"['LSTM', 'GRU', 'CNN', 'RNN', 'TCN', 'Transformer', 'MLP']","[16, 32, 64, 128, 256]","[1, 2, 3, 4]","[0, 0.1, 0.2, 0.3, 0.5]","['relu', 'tanh', 'sigmoid', 'elu']","[1e-05, 0.01]","[2, 3, 4, 5, 6, 7, 8, 9, 10, 11, 12, 13, 14, 15, 16, 17, 18, 19, 20, 21, 22, 23, 24, 25, 26, 27, 28, 29, 30]","[16, 32, 64, 128]","[5, 10, 15, 20]","[2, 3, 5, 7]","[2, 4, 8]",GridSearch,minimize,local
y8bsu7fq,151,956,1779170189388,,/home/meliani/nni-experiments/y8bsu7fq,54,exp_GridSearch_1800s_local_plus_tt_local_plus_tt,hpo,/home/meliani/Desktop/phd/fast-track/search_space.json,python3 trial.py --data ./local_plus_tt.csv,/home/meliani/Desktop/phd/fast-track,1,1800s,100000000,False,False,info,/home/meliani/nni-experiments,"['LSTM', 'GRU', 'CNN', 'RNN', 'TCN', 'Transformer', 'MLP']","[16, 32, 64, 128, 256]","[1, 2, 3, 4]","[0, 0.1, 0.2, 0.3, 0.5]","['relu', 'tanh', 'sigmoid', 'elu']","[1e-05, 0.01]","[2, 3, 4, 5, 6, 7, 8, 9, 10, 11, 12, 13, 14, 15, 16, 17, 18, 19, 20, 21, 22, 23, 24, 25, 26, 27, 28, 29, 30]","[16, 32, 64, 128]","[5, 10, 15, 20]","[2, 3, 5, 7]","[2, 4, 8]",GridSearch,minimize,local
y8bsu7fq,152,960,1779170189388,,/home/meliani/nni-experiments/y8bsu7fq,54,exp_GridSearch_1800s_local_plus_tt_local_plus_tt,hpo,/home/meliani/Desktop/phd/fast-track/search_space.json,python3 trial.py --data ./local_plus_tt.csv,/home/meliani/Desktop/phd/fast-track,1,1800s,100000000,False,False,info,/home/meliani/nni-experiments,"['LSTM', 'GRU', 'CNN', 'RNN', 'TCN', 'Transformer', 'MLP']","[16, 32, 64, 128, 256]","[1, 2, 3, 4]","[0, 0.1, 0.2, 0.3, 0.5]","['relu', 'tanh', 'sigmoid', 'elu']","[1e-05, 0.01]","[2, 3, 4, 5, 6, 7, 8, 9, 10, 11, 12, 13, 14, 15, 16, 17, 18, 19, 20, 21, 22, 23, 24, 25, 26, 27, 28, 29, 30]","[16, 32, 64, 128]","[5, 10, 15, 20]","[2, 3, 5, 7]","[2, 4, 8]",GridSearch,minimize,local
y8bsu7fq,153,966,1779170189388,,/home/meliani/nni-experiments/y8bsu7fq,55,exp_GridSearch_1800s_local_plus_tt_local_plus_tt,hpo,/home/meliani/Desktop/phd/fast-track/search_space.json,python3 trial.py --data ./local_plus_tt.csv,/home/meliani/Desktop/phd/fast-track,1,1800s,100000000,False,False,info,/home/meliani/nni-experiments,"['LSTM', 'GRU', 'CNN', 'RNN', 'TCN', 'Transformer', 'MLP']","[16, 32, 64, 128, 256]","[1, 2, 3, 4]","[0, 0.1, 0.2, 0.3, 0.5]","['relu', 'tanh', 'sigmoid', 'elu']","[1e-05, 0.01]","[2, 3, 4, 5, 6, 7, 8, 9, 10, 11, 12, 13, 14, 15, 16, 17, 18, 19, 20, 21, 22, 23, 24, 25, 26, 27, 28, 29, 30]","[16, 32, 64, 128]","[5, 10, 15, 20]","[2, 3, 5, 7]","[2, 4, 8]",GridSearch,minimize,local
y8bsu7fq,154,970,1779170189388,,/home/meliani/nni-experiments/y8bsu7fq,55,exp_GridSearch_1800s_local_plus_tt_local_plus_tt,hpo,/home/meliani/Desktop/phd/fast-track/search_space.json,python3 trial.py --data ./local_plus_tt.csv,/home/meliani/Desktop/phd/fast-track,1,1800s,100000000,False,False,info,/home/meliani/nni-experiments,"['LSTM', 'GRU', 'CNN', 'RNN', 'TCN', 'Transformer', 'MLP']","[16, 32, 64, 128, 256]","[1, 2, 3, 4]","[0, 0.1, 0.2, 0.3, 0.5]","['relu', 'tanh', 'sigmoid', 'elu']","[1e-05, 0.01]","[2, 3, 4, 5, 6, 7, 8, 9, 10, 11, 12, 13, 14, 15, 16, 17, 18, 19, 20, 21, 22, 23, 24, 25, 26, 27, 28, 29, 30]","[16, 32, 64, 128]","[5, 10, 15, 20]","[2, 3, 5, 7]","[2, 4, 8]",GridSearch,minimize,local
y8bsu7fq,155,975,1779170189388,,/home/meliani/nni-experiments/y8bsu7fq,56,exp_GridSearch_1800s_local_plus_tt_local_plus_tt,hpo,/home/meliani/Desktop/phd/fast-track/search_space.json,python3 trial.py --data ./local_plus_tt.csv,/home/meliani/Desktop/phd/fast-track,1,1800s,100000000,False,False,info,/home/meliani/nni-experiments,"['LSTM', 'GRU', 'CNN', 'RNN', 'TCN', 'Transformer', 'MLP']","[16, 32, 64, 128, 256]","[1, 2, 3, 4]","[0, 0.1, 0.2, 0.3, 0.5]","['relu', 'tanh', 'sigmoid', 'elu']","[1e-05, 0.01]","[2, 3, 4, 5, 6, 7, 8, 9, 10, 11, 12, 13, 14, 15, 16, 17, 18, 19, 20, 21, 22, 23, 24, 25, 26, 27, 28, 29, 30]","[16, 32, 64, 128]","[5, 10, 15, 20]","[2, 3, 5, 7]","[2, 4, 8]",GridSearch,minimize,local
y8bsu7fq,156,980,1779170189388,,/home/meliani/nni-experiments/y8bsu7fq,56,exp_GridSearch_1800s_local_plus_tt_local_plus_tt,hpo,/home/meliani/Desktop/phd/fast-track/search_space.json,python3 trial.py --data ./local_plus_tt.csv,/home/meliani/Desktop/phd/fast-track,1,1800s,100000000,False,False,info,/home/meliani/nni-experiments,"['LSTM', 'GRU', 'CNN', 'RNN', 'TCN', 'Transformer', 'MLP']","[16, 32, 64, 128, 256]","[1, 2, 3, 4]","[0, 0.1, 0.2, 0.3, 0.5]","['relu', 'tanh', 'sigmoid', 'elu']","[1e-05, 0.01]","[2, 3, 4, 5, 6, 7, 8, 9, 10, 11, 12, 13, 14, 15, 16, 17, 18, 19, 20, 21, 22, 23, 24, 25, 26, 27, 28, 29, 30]","[16, 32, 64, 128]","[5, 10, 15, 20]","[2, 3, 5, 7]","[2, 4, 8]",GridSearch,minimize,local
y8bsu7fq,157,985,1779170189388,,/home/meliani/nni-experiments/y8bsu7fq,57,exp_GridSearch_1800s_local_plus_tt_local_plus_tt,hpo,/home/meliani/Desktop/phd/fast-track/search_space.json,python3 trial.py --data ./local_plus_tt.csv,/home/meliani/Desktop/phd/fast-track,1,1800s,100000000,False,False,info,/home/meliani/nni-experiments,"['LSTM', 'GRU', 'CNN', 'RNN', 'TCN', 'Transformer', 'MLP']","[16, 32, 64, 128, 256]","[1, 2, 3, 4]","[0, 0.1, 0.2, 0.3, 0.5]","['relu', 'tanh', 'sigmoid', 'elu']","[1e-05, 0.01]","[2, 3, 4, 5, 6, 7, 8, 9, 10, 11, 12, 13, 14, 15, 16, 17, 18, 19, 20, 21, 22, 23, 24, 25, 26, 27, 28, 29, 30]","[16, 32, 64, 128]","[5, 10, 15, 20]","[2, 3, 5, 7]","[2, 4, 8]",GridSearch,minimize,local
y8bsu7fq,158,990,1779170189388,,/home/meliani/nni-experiments/y8bsu7fq,57,exp_GridSearch_1800s_local_plus_tt_local_plus_tt,hpo,/home/meliani/Desktop/phd/fast-track/search_space.json,python3 trial.py --data ./local_plus_tt.csv,/home/meliani/Desktop/phd/fast-track,1,1800s,100000000,False,False,info,/home/meliani/nni-experiments,"['LSTM', 'GRU', 'CNN', 'RNN', 'TCN', 'Transformer', 'MLP']","[16, 32, 64, 128, 256]","[1, 2, 3, 4]","[0, 0.1, 0.2, 0.3, 0.5]","['relu', 'tanh', 'sigmoid', 'elu']","[1e-05, 0.01]","[2, 3, 4, 5, 6, 7, 8, 9, 10, 11, 12, 13, 14, 15, 16, 17, 18, 19, 20, 21, 22, 23, 24, 25, 26, 27, 28, 29, 30]","[16, 32, 64, 128]","[5, 10, 15, 20]","[2, 3, 5, 7]","[2, 4, 8]",GridSearch,minimize,local
y8bsu7fq,159,995,1779170189388,,/home/meliani/nni-experiments/y8bsu7fq,58,exp_GridSearch_1800s_local_plus_tt_local_plus_tt,hpo,/home/meliani/Desktop/phd/fast-track/search_space.json,python3 trial.py --data ./local_plus_tt.csv,/home/meliani/Desktop/phd/fast-track,1,1800s,100000000,False,False,info,/home/meliani/nni-experiments,"['LSTM', 'GRU', 'CNN', 'RNN', 'TCN', 'Transformer', 'MLP']","[16, 32, 64, 128, 256]","[1, 2, 3, 4]","[0, 0.1, 0.2, 0.3, 0.5]","['relu', 'tanh', 'sigmoid', 'elu']","[1e-05, 0.01]","[2, 3, 4, 5, 6, 7, 8, 9, 10, 11, 12, 13, 14, 15, 16, 17, 18, 19, 20, 21, 22, 23, 24, 25, 26, 27, 28, 29, 30]","[16, 32, 64, 128]","[5, 10, 15, 20]","[2, 3, 5, 7]","[2, 4, 8]",GridSearch,minimize,local
y8bsu7fq,160,1000,1779170189388,,/home/meliani/nni-experiments/y8bsu7fq,58,exp_GridSearch_1800s_local_plus_tt_local_plus_tt,hpo,/home/meliani/Desktop/phd/fast-track/search_space.json,python3 trial.py --data ./local_plus_tt.csv,/home/meliani/Desktop/phd/fast-track,1,1800s,100000000,False,False,info,/home/meliani/nni-experiments,"['LSTM', 'GRU', 'CNN', 'RNN', 'TCN', 'Transformer', 'MLP']","[16, 32, 64, 128, 256]","[1, 2, 3, 4]","[0, 0.1, 0.2, 0.3, 0.5]","['relu', 'tanh', 'sigmoid', 'elu']","[1e-05, 0.01]","[2, 3, 4, 5, 6, 7, 8, 9, 10, 11, 12, 13, 14, 15, 16, 17, 18, 19, 20, 21, 22, 23, 24, 25, 26, 27, 28, 29, 30]","[16, 32, 64, 128]","[5, 10, 15, 20]","[2, 3, 5, 7]","[2, 4, 8]",GridSearch,minimize,local
y8bsu7fq,161,1004,1779170189388,,/home/meliani/nni-experiments/y8bsu7fq,59,exp_GridSearch_1800s_local_plus_tt_local_plus_tt,hpo,/home/meliani/Desktop/phd/fast-track/search_space.json,python3 trial.py --data ./local_plus_tt.csv,/home/meliani/Desktop/phd/fast-track,1,1800s,100000000,False,False,info,/home/meliani/nni-experiments,"['LSTM', 'GRU', 'CNN', 'RNN', 'TCN', 'Transformer', 'MLP']","[16, 32, 64, 128, 256]","[1, 2, 3, 4]","[0, 0.1, 0.2, 0.3, 0.5]","['relu', 'tanh', 'sigmoid', 'elu']","[1e-05, 0.01]","[2, 3, 4, 5, 6, 7, 8, 9, 10, 11, 12, 13, 14, 15, 16, 17, 18, 19, 20, 21, 22, 23, 24, 25, 26, 27, 28, 29, 30]","[16, 32, 64, 128]","[5, 10, 15, 20]","[2, 3, 5, 7]","[2, 4, 8]",GridSearch,minimize,local
y8bsu7fq,162,1010,1779170189388,,/home/meliani/nni-experiments/y8bsu7fq,59,exp_GridSearch_1800s_local_plus_tt_local_plus_tt,hpo,/home/meliani/Desktop/phd/fast-track/search_space.json,python3 trial.py --data ./local_plus_tt.csv,/home/meliani/Desktop/phd/fast-track,1,1800s,100000000,False,False,info,/home/meliani/nni-experiments,"['LSTM', 'GRU', 'CNN', 'RNN', 'TCN', 'Transformer', 'MLP']","[16, 32, 64, 128, 256]","[1, 2, 3, 4]","[0, 0.1, 0.2, 0.3, 0.5]","['relu', 'tanh', 'sigmoid', 'elu']","[1e-05, 0.01]","[2, 3, 4, 5, 6, 7, 8, 9, 10, 11, 12, 13, 14, 15, 16, 17, 18, 19, 20, 21, 22, 23, 24, 25, 26, 27, 28, 29, 30]","[16, 32, 64, 128]","[5, 10, 15, 20]","[2, 3, 5, 7]","[2, 4, 8]",GridSearch,minimize,local
y8bsu7fq,163,1014,1779170189388,,/home/meliani/nni-experiments/y8bsu7fq,60,exp_GridSearch_1800s_local_plus_tt_local_plus_tt,hpo,/home/meliani/Desktop/phd/fast-track/search_space.json,python3 trial.py --data ./local_plus_tt.csv,/home/meliani/Desktop/phd/fast-track,1,1800s,100000000,False,False,info,/home/meliani/nni-experiments,"['LSTM', 'GRU', 'CNN', 'RNN', 'TCN', 'Transformer', 'MLP']","[16, 32, 64, 128, 256]","[1, 2, 3, 4]","[0, 0.1, 0.2, 0.3, 0.5]","['relu', 'tanh', 'sigmoid', 'elu']","[1e-05, 0.01]","[2, 3, 4, 5, 6, 7, 8, 9, 10, 11, 12, 13, 14, 15, 16, 17, 18, 19, 20, 21, 22, 23, 24, 25, 26, 27, 28, 29, 30]","[16, 32, 64, 128]","[5, 10, 15, 20]","[2, 3, 5, 7]","[2, 4, 8]",GridSearch,minimize,local
y8bsu7fq,164,1020,1779170189388,,/home/meliani/nni-experiments/y8bsu7fq,60,exp_GridSearch_1800s_local_plus_tt_local_plus_tt,hpo,/home/meliani/Desktop/phd/fast-track/search_space.json,python3 trial.py --data ./local_plus_tt.csv,/home/meliani/Desktop/phd/fast-track,1,1800s,100000000,False,False,info,/home/meliani/nni-experiments,"['LSTM', 'GRU', 'CNN', 'RNN', 'TCN', 'Transformer', 'MLP']","[16, 32, 64, 128, 256]","[1, 2, 3, 4]","[0, 0.1, 0.2, 0.3, 0.5]","['relu', 'tanh', 'sigmoid', 'elu']","[1e-05, 0.01]","[2, 3, 4, 5, 6, 7, 8, 9, 10, 11, 12, 13, 14, 15, 16, 17, 18, 19, 20, 21, 22, 23, 24, 25, 26, 27, 28, 29, 30]","[16, 32, 64, 128]","[5, 10, 15, 20]","[2, 3, 5, 7]","[2, 4, 8]",GridSearch,minimize,local
y8bsu7fq,165,1024,1779170189388,,/home/meliani/nni-experiments/y8bsu7fq,61,exp_GridSearch_1800s_local_plus_tt_local_plus_tt,hpo,/home/meliani/Desktop/phd/fast-track/search_space.json,python3 trial.py --data ./local_plus_tt.csv,/home/meliani/Desktop/phd/fast-track,1,1800s,100000000,False,False,info,/home/meliani/nni-experiments,"['LSTM', 'GRU', 'CNN', 'RNN', 'TCN', 'Transformer', 'MLP']","[16, 32, 64, 128, 256]","[1, 2, 3, 4]","[0, 0.1, 0.2, 0.3, 0.5]","['relu', 'tanh', 'sigmoid', 'elu']","[1e-05, 0.01]","[2, 3, 4, 5, 6, 7, 8, 9, 10, 11, 12, 13, 14, 15, 16, 17, 18, 19, 20, 21, 22, 23, 24, 25, 26, 27, 28, 29, 30]","[16, 32, 64, 128]","[5, 10, 15, 20]","[2, 3, 5, 7]","[2, 4, 8]",GridSearch,minimize,local
y8bsu7fq,166,1030,1779170189388,,/home/meliani/nni-experiments/y8bsu7fq,61,exp_GridSearch_1800s_local_plus_tt_local_plus_tt,hpo,/home/meliani/Desktop/phd/fast-track/search_space.json,python3 trial.py --data ./local_plus_tt.csv,/home/meliani/Desktop/phd/fast-track,1,1800s,100000000,False,False,info,/home/meliani/nni-experiments,"['LSTM', 'GRU', 'CNN', 'RNN', 'TCN', 'Transformer', 'MLP']","[16, 32, 64, 128, 256]","[1, 2, 3, 4]","[0, 0.1, 0.2, 0.3, 0.5]","['relu', 'tanh', 'sigmoid', 'elu']","[1e-05, 0.01]","[2, 3, 4, 5, 6, 7, 8, 9, 10, 11, 12, 13, 14, 15, 16, 17, 18, 19, 20, 21, 22, 23, 24, 25, 26, 27, 28, 29, 30]","[16, 32, 64, 128]","[5, 10, 15, 20]","[2, 3, 5, 7]","[2, 4, 8]",GridSearch,minimize,local
y8bsu7fq,167,1036,1779170189388,,/home/meliani/nni-experiments/y8bsu7fq,62,exp_GridSearch_1800s_local_plus_tt_local_plus_tt,hpo,/home/meliani/Desktop/phd/fast-track/search_space.json,python3 trial.py --data ./local_plus_tt.csv,/home/meliani/Desktop/phd/fast-track,1,1800s,100000000,False,False,info,/home/meliani/nni-experiments,"['LSTM', 'GRU', 'CNN', 'RNN', 'TCN', 'Transformer', 'MLP']","[16, 32, 64, 128, 256]","[1, 2, 3, 4]","[0, 0.1, 0.2, 0.3, 0.5]","['relu', 'tanh', 'sigmoid', 'elu']","[1e-05, 0.01]","[2, 3, 4, 5, 6, 7, 8, 9, 10, 11, 12, 13, 14, 15, 16, 17, 18, 19, 20, 21, 22, 23, 24, 25, 26, 27, 28, 29, 30]","[16, 32, 64, 128]","[5, 10, 15, 20]","[2, 3, 5, 7]","[2, 4, 8]",GridSearch,minimize,local
y8bsu7fq,168,1040,1779170189388,,/home/meliani/nni-experiments/y8bsu7fq,62,exp_GridSearch_1800s_local_plus_tt_local_plus_tt,hpo,/home/meliani/Desktop/phd/fast-track/search_space.json,python3 trial.py --data ./local_plus_tt.csv,/home/meliani/Desktop/phd/fast-track,1,1800s,100000000,False,False,info,/home/meliani/nni-experiments,"['LSTM', 'GRU', 'CNN', 'RNN', 'TCN', 'Transformer', 'MLP']","[16, 32, 64, 128, 256]","[1, 2, 3, 4]","[0, 0.1, 0.2, 0.3, 0.5]","['relu', 'tanh', 'sigmoid', 'elu']","[1e-05, 0.01]","[2, 3, 4, 5, 6, 7, 8, 9, 10, 11, 12, 13, 14, 15, 16, 17, 18, 19, 20, 21, 22, 23, 24, 25, 26, 27, 28, 29, 30]","[16, 32, 64, 128]","[5, 10, 15, 20]","[2, 3, 5, 7]","[2, 4, 8]",GridSearch,minimize,local
y8bsu7fq,169,1046,1779170189388,,/home/meliani/nni-experiments/y8bsu7fq,63,exp_GridSearch_1800s_local_plus_tt_local_plus_tt,hpo,/home/meliani/Desktop/phd/fast-track/search_space.json,python3 trial.py --data ./local_plus_tt.csv,/home/meliani/Desktop/phd/fast-track,1,1800s,100000000,False,False,info,/home/meliani/nni-experiments,"['LSTM', 'GRU', 'CNN', 'RNN', 'TCN', 'Transformer', 'MLP']","[16, 32, 64, 128, 256]","[1, 2, 3, 4]","[0, 0.1, 0.2, 0.3, 0.5]","['relu', 'tanh', 'sigmoid', 'elu']","[1e-05, 0.01]","[2, 3, 4, 5, 6, 7, 8, 9, 10, 11, 12, 13, 14, 15, 16, 17, 18, 19, 20, 21, 22, 23, 24, 25, 26, 27, 28, 29, 30]","[16, 32, 64, 128]","[5, 10, 15, 20]","[2, 3, 5, 7]","[2, 4, 8]",GridSearch,minimize,local
y8bsu7fq,170,1050,1779170189388,,/home/meliani/nni-experiments/y8bsu7fq,63,exp_GridSearch_1800s_local_plus_tt_local_plus_tt,hpo,/home/meliani/Desktop/phd/fast-track/search_space.json,python3 trial.py --data ./local_plus_tt.csv,/home/meliani/Desktop/phd/fast-track,1,1800s,100000000,False,False,info,/home/meliani/nni-experiments,"['LSTM', 'GRU', 'CNN', 'RNN', 'TCN', 'Transformer', 'MLP']","[16, 32, 64, 128, 256]","[1, 2, 3, 4]","[0, 0.1, 0.2, 0.3, 0.5]","['relu', 'tanh', 'sigmoid', 'elu']","[1e-05, 0.01]","[2, 3, 4, 5, 6, 7, 8, 9, 10, 11, 12, 13, 14, 15, 16, 17, 18, 19, 20, 21, 22, 23, 24, 25, 26, 27, 28, 29, 30]","[16, 32, 64, 128]","[5, 10, 15, 20]","[2, 3, 5, 7]","[2, 4, 8]",GridSearch,minimize,local
y8bsu7fq,171,1057,1779170189388,,/home/meliani/nni-experiments/y8bsu7fq,64,exp_GridSearch_1800s_local_plus_tt_local_plus_tt,hpo,/home/meliani/Desktop/phd/fast-track/search_space.json,python3 trial.py --data ./local_plus_tt.csv,/home/meliani/Desktop/phd/fast-track,1,1800s,100000000,False,False,info,/home/meliani/nni-experiments,"['LSTM', 'GRU', 'CNN', 'RNN', 'TCN', 'Transformer', 'MLP']","[16, 32, 64, 128, 256]","[1, 2, 3, 4]","[0, 0.1, 0.2, 0.3, 0.5]","['relu', 'tanh', 'sigmoid', 'elu']","[1e-05, 0.01]","[2, 3, 4, 5, 6, 7, 8, 9, 10, 11, 12, 13, 14, 15, 16, 17, 18, 19, 20, 21, 22, 23, 24, 25, 26, 27, 28, 29, 30]","[16, 32, 64, 128]","[5, 10, 15, 20]","[2, 3, 5, 7]","[2, 4, 8]",GridSearch,minimize,local
y8bsu7fq,172,1060,1779170189388,,/home/meliani/nni-experiments/y8bsu7fq,64,exp_GridSearch_1800s_local_plus_tt_local_plus_tt,hpo,/home/meliani/Desktop/phd/fast-track/search_space.json,python3 trial.py --data ./local_plus_tt.csv,/home/meliani/Desktop/phd/fast-track,1,1800s,100000000,False,False,info,/home/meliani/nni-experiments,"['LSTM', 'GRU', 'CNN', 'RNN', 'TCN', 'Transformer', 'MLP']","[16, 32, 64, 128, 256]","[1, 2, 3, 4]","[0, 0.1, 0.2, 0.3, 0.5]","['relu', 'tanh', 'sigmoid', 'elu']","[1e-05, 0.01]","[2, 3, 4, 5, 6, 7, 8, 9, 10, 11, 12, 13, 14, 15, 16, 17, 18, 19, 20, 21, 22, 23, 24, 25, 26, 27, 28, 29, 30]","[16, 32, 64, 128]","[5, 10, 15, 20]","[2, 3, 5, 7]","[2, 4, 8]",GridSearch,minimize,local
y8bsu7fq,173,1070,1779170189388,,/home/meliani/nni-experiments/y8bsu7fq,65,exp_GridSearch_1800s_local_plus_tt_local_plus_tt,hpo,/home/meliani/Desktop/phd/fast-track/search_space.json,python3 trial.py --data ./local_plus_tt.csv,/home/meliani/Desktop/phd/fast-track,1,1800s,100000000,False,False,info,/home/meliani/nni-experiments,"['LSTM', 'GRU', 'CNN', 'RNN', 'TCN', 'Transformer', 'MLP']","[16, 32, 64, 128, 256]","[1, 2, 3, 4]","[0, 0.1, 0.2, 0.3, 0.5]","['relu', 'tanh', 'sigmoid', 'elu']","[1e-05, 0.01]","[2, 3, 4, 5, 6, 7, 8, 9, 10, 11, 12, 13, 14, 15, 16, 17, 18, 19, 20, 21, 22, 23, 24, 25, 26, 27, 28, 29, 30]","[16, 32, 64, 128]","[5, 10, 15, 20]","[2, 3, 5, 7]","[2, 4, 8]",GridSearch,minimize,local
y8bsu7fq,174,1070,1779170189388,,/home/meliani/nni-experiments/y8bsu7fq,65,exp_GridSearch_1800s_local_plus_tt_local_plus_tt,hpo,/home/meliani/Desktop/phd/fast-track/search_space.json,python3 trial.py --data ./local_plus_tt.csv,/home/meliani/Desktop/phd/fast-track,1,1800s,100000000,False,False,info,/home/meliani/nni-experiments,"['LSTM', 'GRU', 'CNN', 'RNN', 'TCN', 'Transformer', 'MLP']","[16, 32, 64, 128, 256]","[1, 2, 3, 4]","[0, 0.1, 0.2, 0.3, 0.5]","['relu', 'tanh', 'sigmoid', 'elu']","[1e-05, 0.01]","[2, 3, 4, 5, 6, 7, 8, 9, 10, 11, 12, 13, 14, 15, 16, 17, 18, 19, 20, 21, 22, 23, 24, 25, 26, 27, 28, 29, 30]","[16, 32, 64, 128]","[5, 10, 15, 20]","[2, 3, 5, 7]","[2, 4, 8]",GridSearch,minimize,local
y8bsu7fq,175,1080,1779170189388,,/home/meliani/nni-experiments/y8bsu7fq,65,exp_GridSearch_1800s_local_plus_tt_local_plus_tt,hpo,/home/meliani/Desktop/phd/fast-track/search_space.json,python3 trial.py --data ./local_plus_tt.csv,/home/meliani/Desktop/phd/fast-track,1,1800s,100000000,False,False,info,/home/meliani/nni-experiments,"['LSTM', 'GRU', 'CNN', 'RNN', 'TCN', 'Transformer', 'MLP']","[16, 32, 64, 128, 256]","[1, 2, 3, 4]","[0, 0.1, 0.2, 0.3, 0.5]","['relu', 'tanh', 'sigmoid', 'elu']","[1e-05, 0.01]","[2, 3, 4, 5, 6, 7, 8, 9, 10, 11, 12, 13, 14, 15, 16, 17, 18, 19, 20, 21, 22, 23, 24, 25, 26, 27, 28, 29, 30]","[16, 32, 64, 128]","[5, 10, 15, 20]","[2, 3, 5, 7]","[2, 4, 8]",GridSearch,minimize,local
y8bsu7fq,176,1082,1779170189388,,/home/meliani/nni-experiments/y8bsu7fq,66,exp_GridSearch_1800s_local_plus_tt_local_plus_tt,hpo,/home/meliani/Desktop/phd/fast-track/search_space.json,python3 trial.py --data ./local_plus_tt.csv,/home/meliani/Desktop/phd/fast-track,1,1800s,100000000,False,False,info,/home/meliani/nni-experiments,"['LSTM', 'GRU', 'CNN', 'RNN', 'TCN', 'Transformer', 'MLP']","[16, 32, 64, 128, 256]","[1, 2, 3, 4]","[0, 0.1, 0.2, 0.3, 0.5]","['relu', 'tanh', 'sigmoid', 'elu']","[1e-05, 0.01]","[2, 3, 4, 5, 6, 7, 8, 9, 10, 11, 12, 13, 14, 15, 16, 17, 18, 19, 20, 21, 22, 23, 24, 25, 26, 27, 28, 29, 30]","[16, 32, 64, 128]","[5, 10, 15, 20]","[2, 3, 5, 7]","[2, 4, 8]",GridSearch,minimize,local
y8bsu7fq,177,1090,1779170189388,,/home/meliani/nni-experiments/y8bsu7fq,66,exp_GridSearch_1800s_local_plus_tt_local_plus_tt,hpo,/home/meliani/Desktop/phd/fast-track/search_space.json,python3 trial.py --data ./local_plus_tt.csv,/home/meliani/Desktop/phd/fast-track,1,1800s,100000000,False,False,info,/home/meliani/nni-experiments,"['LSTM', 'GRU', 'CNN', 'RNN', 'TCN', 'Transformer', 'MLP']","[16, 32, 64, 128, 256]","[1, 2, 3, 4]","[0, 0.1, 0.2, 0.3, 0.5]","['relu', 'tanh', 'sigmoid', 'elu']","[1e-05, 0.01]","[2, 3, 4, 5, 6, 7, 8, 9, 10, 11, 12, 13, 14, 15, 16, 17, 18, 19, 20, 21, 22, 23, 24, 25, 26, 27, 28, 29, 30]","[16, 32, 64, 128]","[5, 10, 15, 20]","[2, 3, 5, 7]","[2, 4, 8]",GridSearch,minimize,local
y8bsu7fq,178,1094,1779170189388,,/home/meliani/nni-experiments/y8bsu7fq,67,exp_GridSearch_1800s_local_plus_tt_local_plus_tt,hpo,/home/meliani/Desktop/phd/fast-track/search_space.json,python3 trial.py --data ./local_plus_tt.csv,/home/meliani/Desktop/phd/fast-track,1,1800s,100000000,False,False,info,/home/meliani/nni-experiments,"['LSTM', 'GRU', 'CNN', 'RNN', 'TCN', 'Transformer', 'MLP']","[16, 32, 64, 128, 256]","[1, 2, 3, 4]","[0, 0.1, 0.2, 0.3, 0.5]","['relu', 'tanh', 'sigmoid', 'elu']","[1e-05, 0.01]","[2, 3, 4, 5, 6, 7, 8, 9, 10, 11, 12, 13, 14, 15, 16, 17, 18, 19, 20, 21, 22, 23, 24, 25, 26, 27, 28, 29, 30]","[16, 32, 64, 128]","[5, 10, 15, 20]","[2, 3, 5, 7]","[2, 4, 8]",GridSearch,minimize,local
y8bsu7fq,179,1100,1779170189388,,/home/meliani/nni-experiments/y8bsu7fq,67,exp_GridSearch_1800s_local_plus_tt_local_plus_tt,hpo,/home/meliani/Desktop/phd/fast-track/search_space.json,python3 trial.py --data ./local_plus_tt.csv,/home/meliani/Desktop/phd/fast-track,1,1800s,100000000,False,False,info,/home/meliani/nni-experiments,"['LSTM', 'GRU', 'CNN', 'RNN', 'TCN', 'Transformer', 'MLP']","[16, 32, 64, 128, 256]","[1, 2, 3, 4]","[0, 0.1, 0.2, 0.3, 0.5]","['relu', 'tanh', 'sigmoid', 'elu']","[1e-05, 0.01]","[2, 3, 4, 5, 6, 7, 8, 9, 10, 11, 12, 13, 14, 15, 16, 17, 18, 19, 20, 21, 22, 23, 24, 25, 26, 27, 28, 29, 30]","[16, 32, 64, 128]","[5, 10, 15, 20]","[2, 3, 5, 7]","[2, 4, 8]",GridSearch,minimize,local
y8bsu7fq,180,1107,1779170189388,,/home/meliani/nni-experiments/y8bsu7fq,68,exp_GridSearch_1800s_local_plus_tt_local_plus_tt,hpo,/home/meliani/Desktop/phd/fast-track/search_space.json,python3 trial.py --data ./local_plus_tt.csv,/home/meliani/Desktop/phd/fast-track,1,1800s,100000000,False,False,info,/home/meliani/nni-experiments,"['LSTM', 'GRU', 'CNN', 'RNN', 'TCN', 'Transformer', 'MLP']","[16, 32, 64, 128, 256]","[1, 2, 3, 4]","[0, 0.1, 0.2, 0.3, 0.5]","['relu', 'tanh', 'sigmoid', 'elu']","[1e-05, 0.01]","[2, 3, 4, 5, 6, 7, 8, 9, 10, 11, 12, 13, 14, 15, 16, 17, 18, 19, 20, 21, 22, 23, 24, 25, 26, 27, 28, 29, 30]","[16, 32, 64, 128]","[5, 10, 15, 20]","[2, 3, 5, 7]","[2, 4, 8]",GridSearch,minimize,local
y8bsu7fq,181,1110,1779170189388,,/home/meliani/nni-experiments/y8bsu7fq,68,exp_GridSearch_1800s_local_plus_tt_local_plus_tt,hpo,/home/meliani/Desktop/phd/fast-track/search_space.json,python3 trial.py --data ./local_plus_tt.csv,/home/meliani/Desktop/phd/fast-track,1,1800s,100000000,False,False,info,/home/meliani/nni-experiments,"['LSTM', 'GRU', 'CNN', 'RNN', 'TCN', 'Transformer', 'MLP']","[16, 32, 64, 128, 256]","[1, 2, 3, 4]","[0, 0.1, 0.2, 0.3, 0.5]","['relu', 'tanh', 'sigmoid', 'elu']","[1e-05, 0.01]","[2, 3, 4, 5, 6, 7, 8, 9, 10, 11, 12, 13, 14, 15, 16, 17, 18, 19, 20, 21, 22, 23, 24, 25, 26, 27, 28, 29, 30]","[16, 32, 64, 128]","[5, 10, 15, 20]","[2, 3, 5, 7]","[2, 4, 8]",GridSearch,minimize,local
y8bsu7fq,182,1119,1779170189388,,/home/meliani/nni-experiments/y8bsu7fq,69,exp_GridSearch_1800s_local_plus_tt_local_plus_tt,hpo,/home/meliani/Desktop/phd/fast-track/search_space.json,python3 trial.py --data ./local_plus_tt.csv,/home/meliani/Desktop/phd/fast-track,1,1800s,100000000,False,False,info,/home/meliani/nni-experiments,"['LSTM', 'GRU', 'CNN', 'RNN', 'TCN', 'Transformer', 'MLP']","[16, 32, 64, 128, 256]","[1, 2, 3, 4]","[0, 0.1, 0.2, 0.3, 0.5]","['relu', 'tanh', 'sigmoid', 'elu']","[1e-05, 0.01]","[2, 3, 4, 5, 6, 7, 8, 9, 10, 11, 12, 13, 14, 15, 16, 17, 18, 19, 20, 21, 22, 23, 24, 25, 26, 27, 28, 29, 30]","[16, 32, 64, 128]","[5, 10, 15, 20]","[2, 3, 5, 7]","[2, 4, 8]",GridSearch,minimize,local
y8bsu7fq,183,1120,1779170189388,,/home/meliani/nni-experiments/y8bsu7fq,69,exp_GridSearch_1800s_local_plus_tt_local_plus_tt,hpo,/home/meliani/Desktop/phd/fast-track/search_space.json,python3 trial.py --data ./local_plus_tt.csv,/home/meliani/Desktop/phd/fast-track,1,1800s,100000000,False,False,info,/home/meliani/nni-experiments,"['LSTM', 'GRU', 'CNN', 'RNN', 'TCN', 'Transformer', 'MLP']","[16, 32, 64, 128, 256]","[1, 2, 3, 4]","[0, 0.1, 0.2, 0.3, 0.5]","['relu', 'tanh', 'sigmoid', 'elu']","[1e-05, 0.01]","[2, 3, 4, 5, 6, 7, 8, 9, 10, 11, 12, 13, 14, 15, 16, 17, 18, 19, 20, 21, 22, 23, 24, 25, 26, 27, 28, 29, 30]","[16, 32, 64, 128]","[5, 10, 15, 20]","[2, 3, 5, 7]","[2, 4, 8]",GridSearch,minimize,local
y8bsu7fq,184,1130,1779170189388,,/home/meliani/nni-experiments/y8bsu7fq,69,exp_GridSearch_1800s_local_plus_tt_local_plus_tt,hpo,/home/meliani/Desktop/phd/fast-track/search_space.json,python3 trial.py --data ./local_plus_tt.csv,/home/meliani/Desktop/phd/fast-track,1,1800s,100000000,False,False,info,/home/meliani/nni-experiments,"['LSTM', 'GRU', 'CNN', 'RNN', 'TCN', 'Transformer', 'MLP']","[16, 32, 64, 128, 256]","[1, 2, 3, 4]","[0, 0.1, 0.2, 0.3, 0.5]","['relu', 'tanh', 'sigmoid', 'elu']","[1e-05, 0.01]","[2, 3, 4, 5, 6, 7, 8, 9, 10, 11, 12, 13, 14, 15, 16, 17, 18, 19, 20, 21, 22, 23, 24, 25, 26, 27, 28, 29, 30]","[16, 32, 64, 128]","[5, 10, 15, 20]","[2, 3, 5, 7]","[2, 4, 8]",GridSearch,minimize,local
y8bsu7fq,185,1132,1779170189388,,/home/meliani/nni-experiments/y8bsu7fq,70,exp_GridSearch_1800s_local_plus_tt_local_plus_tt,hpo,/home/meliani/Desktop/phd/fast-track/search_space.json,python3 trial.py --data ./local_plus_tt.csv,/home/meliani/Desktop/phd/fast-track,1,1800s,100000000,False,False,info,/home/meliani/nni-experiments,"['LSTM', 'GRU', 'CNN', 'RNN', 'TCN', 'Transformer', 'MLP']","[16, 32, 64, 128, 256]","[1, 2, 3, 4]","[0, 0.1, 0.2, 0.3, 0.5]","['relu', 'tanh', 'sigmoid', 'elu']","[1e-05, 0.01]","[2, 3, 4, 5, 6, 7, 8, 9, 10, 11, 12, 13, 14, 15, 16, 17, 18, 19, 20, 21, 22, 23, 24, 25, 26, 27, 28, 29, 30]","[16, 32, 64, 128]","[5, 10, 15, 20]","[2, 3, 5, 7]","[2, 4, 8]",GridSearch,minimize,local
y8bsu7fq,186,1140,1779170189388,,/home/meliani/nni-experiments/y8bsu7fq,70,exp_GridSearch_1800s_local_plus_tt_local_plus_tt,hpo,/home/meliani/Desktop/phd/fast-track/search_space.json,python3 trial.py --data ./local_plus_tt.csv,/home/meliani/Desktop/phd/fast-track,1,1800s,100000000,False,False,info,/home/meliani/nni-experiments,"['LSTM', 'GRU', 'CNN', 'RNN', 'TCN', 'Transformer', 'MLP']","[16, 32, 64, 128, 256]","[1, 2, 3, 4]","[0, 0.1, 0.2, 0.3, 0.5]","['relu', 'tanh', 'sigmoid', 'elu']","[1e-05, 0.01]","[2, 3, 4, 5, 6, 7, 8, 9, 10, 11, 12, 13, 14, 15, 16, 17, 18, 19, 20, 21, 22, 23, 24, 25, 26, 27, 28, 29, 30]","[16, 32, 64, 128]","[5, 10, 15, 20]","[2, 3, 5, 7]","[2, 4, 8]",GridSearch,minimize,local
y8bsu7fq,187,1144,1779170189388,,/home/meliani/nni-experiments/y8bsu7fq,71,exp_GridSearch_1800s_local_plus_tt_local_plus_tt,hpo,/home/meliani/Desktop/phd/fast-track/search_space.json,python3 trial.py --data ./local_plus_tt.csv,/home/meliani/Desktop/phd/fast-track,1,1800s,100000000,False,False,info,/home/meliani/nni-experiments,"['LSTM', 'GRU', 'CNN', 'RNN', 'TCN', 'Transformer', 'MLP']","[16, 32, 64, 128, 256]","[1, 2, 3, 4]","[0, 0.1, 0.2, 0.3, 0.5]","['relu', 'tanh', 'sigmoid', 'elu']","[1e-05, 0.01]","[2, 3, 4, 5, 6, 7, 8, 9, 10, 11, 12, 13, 14, 15, 16, 17, 18, 19, 20, 21, 22, 23, 24, 25, 26, 27, 28, 29, 30]","[16, 32, 64, 128]","[5, 10, 15, 20]","[2, 3, 5, 7]","[2, 4, 8]",GridSearch,minimize,local
y8bsu7fq,188,1150,1779170189388,,/home/meliani/nni-experiments/y8bsu7fq,71,exp_GridSearch_1800s_local_plus_tt_local_plus_tt,hpo,/home/meliani/Desktop/phd/fast-track/search_space.json,python3 trial.py --data ./local_plus_tt.csv,/home/meliani/Desktop/phd/fast-track,1,1800s,100000000,False,False,info,/home/meliani/nni-experiments,"['LSTM', 'GRU', 'CNN', 'RNN', 'TCN', 'Transformer', 'MLP']","[16, 32, 64, 128, 256]","[1, 2, 3, 4]","[0, 0.1, 0.2, 0.3, 0.5]","['relu', 'tanh', 'sigmoid', 'elu']","[1e-05, 0.01]","[2, 3, 4, 5, 6, 7, 8, 9, 10, 11, 12, 13, 14, 15, 16, 17, 18, 19, 20, 21, 22, 23, 24, 25, 26, 27, 28, 29, 30]","[16, 32, 64, 128]","[5, 10, 15, 20]","[2, 3, 5, 7]","[2, 4, 8]",GridSearch,minimize,local
y8bsu7fq,189,1157,1779170189388,,/home/meliani/nni-experiments/y8bsu7fq,72,exp_GridSearch_1800s_local_plus_tt_local_plus_tt,hpo,/home/meliani/Desktop/phd/fast-track/search_space.json,python3 trial.py --data ./local_plus_tt.csv,/home/meliani/Desktop/phd/fast-track,1,1800s,100000000,False,False,info,/home/meliani/nni-experiments,"['LSTM', 'GRU', 'CNN', 'RNN', 'TCN', 'Transformer', 'MLP']","[16, 32, 64, 128, 256]","[1, 2, 3, 4]","[0, 0.1, 0.2, 0.3, 0.5]","['relu', 'tanh', 'sigmoid', 'elu']","[1e-05, 0.01]","[2, 3, 4, 5, 6, 7, 8, 9, 10, 11, 12, 13, 14, 15, 16, 17, 18, 19, 20, 21, 22, 23, 24, 25, 26, 27, 28, 29, 30]","[16, 32, 64, 128]","[5, 10, 15, 20]","[2, 3, 5, 7]","[2, 4, 8]",GridSearch,minimize,local
y8bsu7fq,190,1160,1779170189388,,/home/meliani/nni-experiments/y8bsu7fq,72,exp_GridSearch_1800s_local_plus_tt_local_plus_tt,hpo,/home/meliani/Desktop/phd/fast-track/search_space.json,python3 trial.py --data ./local_plus_tt.csv,/home/meliani/Desktop/phd/fast-track,1,1800s,100000000,False,False,info,/home/meliani/nni-experiments,"['LSTM', 'GRU', 'CNN', 'RNN', 'TCN', 'Transformer', 'MLP']","[16, 32, 64, 128, 256]","[1, 2, 3, 4]","[0, 0.1, 0.2, 0.3, 0.5]","['relu', 'tanh', 'sigmoid', 'elu']","[1e-05, 0.01]","[2, 3, 4, 5, 6, 7, 8, 9, 10, 11, 12, 13, 14, 15, 16, 17, 18, 19, 20, 21, 22, 23, 24, 25, 26, 27, 28, 29, 30]","[16, 32, 64, 128]","[5, 10, 15, 20]","[2, 3, 5, 7]","[2, 4, 8]",GridSearch,minimize,local
y8bsu7fq,191,1170,1779170189388,,/home/meliani/nni-experiments/y8bsu7fq,72,exp_GridSearch_1800s_local_plus_tt_local_plus_tt,hpo,/home/meliani/Desktop/phd/fast-track/search_space.json,python3 trial.py --data ./local_plus_tt.csv,/home/meliani/Desktop/phd/fast-track,1,1800s,100000000,False,False,info,/home/meliani/nni-experiments,"['LSTM', 'GRU', 'CNN', 'RNN', 'TCN', 'Transformer', 'MLP']","[16, 32, 64, 128, 256]","[1, 2, 3, 4]","[0, 0.1, 0.2, 0.3, 0.5]","['relu', 'tanh', 'sigmoid', 'elu']","[1e-05, 0.01]","[2, 3, 4, 5, 6, 7, 8, 9, 10, 11, 12, 13, 14, 15, 16, 17, 18, 19, 20, 21, 22, 23, 24, 25, 26, 27, 28, 29, 30]","[16, 32, 64, 128]","[5, 10, 15, 20]","[2, 3, 5, 7]","[2, 4, 8]",GridSearch,minimize,local
y8bsu7fq,192,1170,1779170189388,,/home/meliani/nni-experiments/y8bsu7fq,73,exp_GridSearch_1800s_local_plus_tt_local_plus_tt,hpo,/home/meliani/Desktop/phd/fast-track/search_space.json,python3 trial.py --data ./local_plus_tt.csv,/home/meliani/Desktop/phd/fast-track,1,1800s,100000000,False,False,info,/home/meliani/nni-experiments,"['LSTM', 'GRU', 'CNN', 'RNN', 'TCN', 'Transformer', 'MLP']","[16, 32, 64, 128, 256]","[1, 2, 3, 4]","[0, 0.1, 0.2, 0.3, 0.5]","['relu', 'tanh', 'sigmoid', 'elu']","[1e-05, 0.01]","[2, 3, 4, 5, 6, 7, 8, 9, 10, 11, 12, 13, 14, 15, 16, 17, 18, 19, 20, 21, 22, 23, 24, 25, 26, 27, 28, 29, 30]","[16, 32, 64, 128]","[5, 10, 15, 20]","[2, 3, 5, 7]","[2, 4, 8]",GridSearch,minimize,local
y8bsu7fq,193,1180,1779170189388,,/home/meliani/nni-experiments/y8bsu7fq,73,exp_GridSearch_1800s_local_plus_tt_local_plus_tt,hpo,/home/meliani/Desktop/phd/fast-track/search_space.json,python3 trial.py --data ./local_plus_tt.csv,/home/meliani/Desktop/phd/fast-track,1,1800s,100000000,False,False,info,/home/meliani/nni-experiments,"['LSTM', 'GRU', 'CNN', 'RNN', 'TCN', 'Transformer', 'MLP']","[16, 32, 64, 128, 256]","[1, 2, 3, 4]","[0, 0.1, 0.2, 0.3, 0.5]","['relu', 'tanh', 'sigmoid', 'elu']","[1e-05, 0.01]","[2, 3, 4, 5, 6, 7, 8, 9, 10, 11, 12, 13, 14, 15, 16, 17, 18, 19, 20, 21, 22, 23, 24, 25, 26, 27, 28, 29, 30]","[16, 32, 64, 128]","[5, 10, 15, 20]","[2, 3, 5, 7]","[2, 4, 8]",GridSearch,minimize,local
y8bsu7fq,194,1186,1779170189388,,/home/meliani/nni-experiments/y8bsu7fq,74,exp_GridSearch_1800s_local_plus_tt_local_plus_tt,hpo,/home/meliani/Desktop/phd/fast-track/search_space.json,python3 trial.py --data ./local_plus_tt.csv,/home/meliani/Desktop/phd/fast-track,1,1800s,100000000,False,False,info,/home/meliani/nni-experiments,"['LSTM', 'GRU', 'CNN', 'RNN', 'TCN', 'Transformer', 'MLP']","[16, 32, 64, 128, 256]","[1, 2, 3, 4]","[0, 0.1, 0.2, 0.3, 0.5]","['relu', 'tanh', 'sigmoid', 'elu']","[1e-05, 0.01]","[2, 3, 4, 5, 6, 7, 8, 9, 10, 11, 12, 13, 14, 15, 16, 17, 18, 19, 20, 21, 22, 23, 24, 25, 26, 27, 28, 29, 30]","[16, 32, 64, 128]","[5, 10, 15, 20]","[2, 3, 5, 7]","[2, 4, 8]",GridSearch,minimize,local
y8bsu7fq,195,1190,1779170189388,,/home/meliani/nni-experiments/y8bsu7fq,74,exp_GridSearch_1800s_local_plus_tt_local_plus_tt,hpo,/home/meliani/Desktop/phd/fast-track/search_space.json,python3 trial.py --data ./local_plus_tt.csv,/home/meliani/Desktop/phd/fast-track,1,1800s,100000000,False,False,info,/home/meliani/nni-experiments,"['LSTM', 'GRU', 'CNN', 'RNN', 'TCN', 'Transformer', 'MLP']","[16, 32, 64, 128, 256]","[1, 2, 3, 4]","[0, 0.1, 0.2, 0.3, 0.5]","['relu', 'tanh', 'sigmoid', 'elu']","[1e-05, 0.01]","[2, 3, 4, 5, 6, 7, 8, 9, 10, 11, 12, 13, 14, 15, 16, 17, 18, 19, 20, 21, 22, 23, 24, 25, 26, 27, 28, 29, 30]","[16, 32, 64, 128]","[5, 10, 15, 20]","[2, 3, 5, 7]","[2, 4, 8]",GridSearch,minimize,local
y8bsu7fq,196,1200,1779170189388,,/home/meliani/nni-experiments/y8bsu7fq,74,exp_GridSearch_1800s_local_plus_tt_local_plus_tt,hpo,/home/meliani/Desktop/phd/fast-track/search_space.json,python3 trial.py --data ./local_plus_tt.csv,/home/meliani/Desktop/phd/fast-track,1,1800s,100000000,False,False,info,/home/meliani/nni-experiments,"['LSTM', 'GRU', 'CNN', 'RNN', 'TCN', 'Transformer', 'MLP']","[16, 32, 64, 128, 256]","[1, 2, 3, 4]","[0, 0.1, 0.2, 0.3, 0.5]","['relu', 'tanh', 'sigmoid', 'elu']","[1e-05, 0.01]","[2, 3, 4, 5, 6, 7, 8, 9, 10, 11, 12, 13, 14, 15, 16, 17, 18, 19, 20, 21, 22, 23, 24, 25, 26, 27, 28, 29, 30]","[16, 32, 64, 128]","[5, 10, 15, 20]","[2, 3, 5, 7]","[2, 4, 8]",GridSearch,minimize,local
y8bsu7fq,197,1201,1779170189388,,/home/meliani/nni-experiments/y8bsu7fq,75,exp_GridSearch_1800s_local_plus_tt_local_plus_tt,hpo,/home/meliani/Desktop/phd/fast-track/search_space.json,python3 trial.py --data ./local_plus_tt.csv,/home/meliani/Desktop/phd/fast-track,1,1800s,100000000,False,False,info,/home/meliani/nni-experiments,"['LSTM', 'GRU', 'CNN', 'RNN', 'TCN', 'Transformer', 'MLP']","[16, 32, 64, 128, 256]","[1, 2, 3, 4]","[0, 0.1, 0.2, 0.3, 0.5]","['relu', 'tanh', 'sigmoid', 'elu']","[1e-05, 0.01]","[2, 3, 4, 5, 6, 7, 8, 9, 10, 11, 12, 13, 14, 15, 16, 17, 18, 19, 20, 21, 22, 23, 24, 25, 26, 27, 28, 29, 30]","[16, 32, 64, 128]","[5, 10, 15, 20]","[2, 3, 5, 7]","[2, 4, 8]",GridSearch,minimize,local
y8bsu7fq,198,1210,1779170189388,,/home/meliani/nni-experiments/y8bsu7fq,75,exp_GridSearch_1800s_local_plus_tt_local_plus_tt,hpo,/home/meliani/Desktop/phd/fast-track/search_space.json,python3 trial.py --data ./local_plus_tt.csv,/home/meliani/Desktop/phd/fast-track,1,1800s,100000000,False,False,info,/home/meliani/nni-experiments,"['LSTM', 'GRU', 'CNN', 'RNN', 'TCN', 'Transformer', 'MLP']","[16, 32, 64, 128, 256]","[1, 2, 3, 4]","[0, 0.1, 0.2, 0.3, 0.5]","['relu', 'tanh', 'sigmoid', 'elu']","[1e-05, 0.01]","[2, 3, 4, 5, 6, 7, 8, 9, 10, 11, 12, 13, 14, 15, 16, 17, 18, 19, 20, 21, 22, 23, 24, 25, 26, 27, 28, 29, 30]","[16, 32, 64, 128]","[5, 10, 15, 20]","[2, 3, 5, 7]","[2, 4, 8]",GridSearch,minimize,local
y8bsu7fq,199,1217,1779170189388,,/home/meliani/nni-experiments/y8bsu7fq,76,exp_GridSearch_1800s_local_plus_tt_local_plus_tt,hpo,/home/meliani/Desktop/phd/fast-track/search_space.json,python3 trial.py --data ./local_plus_tt.csv,/home/meliani/Desktop/phd/fast-track,1,1800s,100000000,False,False,info,/home/meliani/nni-experiments,"['LSTM', 'GRU', 'CNN', 'RNN', 'TCN', 'Transformer', 'MLP']","[16, 32, 64, 128, 256]","[1, 2, 3, 4]","[0, 0.1, 0.2, 0.3, 0.5]","['relu', 'tanh', 'sigmoid', 'elu']","[1e-05, 0.01]","[2, 3, 4, 5, 6, 7, 8, 9, 10, 11, 12, 13, 14, 15, 16, 17, 18, 19, 20, 21, 22, 23, 24, 25, 26, 27, 28, 29, 30]","[16, 32, 64, 128]","[5, 10, 15, 20]","[2, 3, 5, 7]","[2, 4, 8]",GridSearch,minimize,local
y8bsu7fq,200,1220,1779170189388,,/home/meliani/nni-experiments/y8bsu7fq,76,exp_GridSearch_1800s_local_plus_tt_local_plus_tt,hpo,/home/meliani/Desktop/phd/fast-track/search_space.json,python3 trial.py --data ./local_plus_tt.csv,/home/meliani/Desktop/phd/fast-track,1,1800s,100000000,False,False,info,/home/meliani/nni-experiments,"['LSTM', 'GRU', 'CNN', 'RNN', 'TCN', 'Transformer', 'MLP']","[16, 32, 64, 128, 256]","[1, 2, 3, 4]","[0, 0.1, 0.2, 0.3, 0.5]","['relu', 'tanh', 'sigmoid', 'elu']","[1e-05, 0.01]","[2, 3, 4, 5, 6, 7, 8, 9, 10, 11, 12, 13, 14, 15, 16, 17, 18, 19, 20, 21, 22, 23, 24, 25, 26, 27, 28, 29, 30]","[16, 32, 64, 128]","[5, 10, 15, 20]","[2, 3, 5, 7]","[2, 4, 8]",GridSearch,minimize,local
y8bsu7fq,201,1230,1779170189388,,/home/meliani/nni-experiments/y8bsu7fq,76,exp_GridSearch_1800s_local_plus_tt_local_plus_tt,hpo,/home/meliani/Desktop/phd/fast-track/search_space.json,python3 trial.py --data ./local_plus_tt.csv,/home/meliani/Desktop/phd/fast-track,1,1800s,100000000,False,False,info,/home/meliani/nni-experiments,"['LSTM', 'GRU', 'CNN', 'RNN', 'TCN', 'Transformer', 'MLP']","[16, 32, 64, 128, 256]","[1, 2, 3, 4]","[0, 0.1, 0.2, 0.3, 0.5]","['relu', 'tanh', 'sigmoid', 'elu']","[1e-05, 0.01]","[2, 3, 4, 5, 6, 7, 8, 9, 10, 11, 12, 13, 14, 15, 16, 17, 18, 19, 20, 21, 22, 23, 24, 25, 26, 27, 28, 29, 30]","[16, 32, 64, 128]","[5, 10, 15, 20]","[2, 3, 5, 7]","[2, 4, 8]",GridSearch,minimize,local
y8bsu7fq,202,1233,1779170189388,,/home/meliani/nni-experiments/y8bsu7fq,77,exp_GridSearch_1800s_local_plus_tt_local_plus_tt,hpo,/home/meliani/Desktop/phd/fast-track/search_space.json,python3 trial.py --data ./local_plus_tt.csv,/home/meliani/Desktop/phd/fast-track,1,1800s,100000000,False,False,info,/home/meliani/nni-experiments,"['LSTM', 'GRU', 'CNN', 'RNN', 'TCN', 'Transformer', 'MLP']","[16, 32, 64, 128, 256]","[1, 2, 3, 4]","[0, 0.1, 0.2, 0.3, 0.5]","['relu', 'tanh', 'sigmoid', 'elu']","[1e-05, 0.01]","[2, 3, 4, 5, 6, 7, 8, 9, 10, 11, 12, 13, 14, 15, 16, 17, 18, 19, 20, 21, 22, 23, 24, 25, 26, 27, 28, 29, 30]","[16, 32, 64, 128]","[5, 10, 15, 20]","[2, 3, 5, 7]","[2, 4, 8]",GridSearch,minimize,local
y8bsu7fq,203,1240,1779170189388,,/home/meliani/nni-experiments/y8bsu7fq,77,exp_GridSearch_1800s_local_plus_tt_local_plus_tt,hpo,/home/meliani/Desktop/phd/fast-track/search_space.json,python3 trial.py --data ./local_plus_tt.csv,/home/meliani/Desktop/phd/fast-track,1,1800s,100000000,False,False,info,/home/meliani/nni-experiments,"['LSTM', 'GRU', 'CNN', 'RNN', 'TCN', 'Transformer', 'MLP']","[16, 32, 64, 128, 256]","[1, 2, 3, 4]","[0, 0.1, 0.2, 0.3, 0.5]","['relu', 'tanh', 'sigmoid', 'elu']","[1e-05, 0.01]","[2, 3, 4, 5, 6, 7, 8, 9, 10, 11, 12, 13, 14, 15, 16, 17, 18, 19, 20, 21, 22, 23, 24, 25, 26, 27, 28, 29, 30]","[16, 32, 64, 128]","[5, 10, 15, 20]","[2, 3, 5, 7]","[2, 4, 8]",GridSearch,minimize,local
y8bsu7fq,204,1248,1779170189388,,/home/meliani/nni-experiments/y8bsu7fq,78,exp_GridSearch_1800s_local_plus_tt_local_plus_tt,hpo,/home/meliani/Desktop/phd/fast-track/search_space.json,python3 trial.py --data ./local_plus_tt.csv,/home/meliani/Desktop/phd/fast-track,1,1800s,100000000,False,False,info,/home/meliani/nni-experiments,"['LSTM', 'GRU', 'CNN', 'RNN', 'TCN', 'Transformer', 'MLP']","[16, 32, 64, 128, 256]","[1, 2, 3, 4]","[0, 0.1, 0.2, 0.3, 0.5]","['relu', 'tanh', 'sigmoid', 'elu']","[1e-05, 0.01]","[2, 3, 4, 5, 6, 7, 8, 9, 10, 11, 12, 13, 14, 15, 16, 17, 18, 19, 20, 21, 22, 23, 24, 25, 26, 27, 28, 29, 30]","[16, 32, 64, 128]","[5, 10, 15, 20]","[2, 3, 5, 7]","[2, 4, 8]",GridSearch,minimize,local
y8bsu7fq,205,1250,1779170189388,,/home/meliani/nni-experiments/y8bsu7fq,78,exp_GridSearch_1800s_local_plus_tt_local_plus_tt,hpo,/home/meliani/Desktop/phd/fast-track/search_space.json,python3 trial.py --data ./local_plus_tt.csv,/home/meliani/Desktop/phd/fast-track,1,1800s,100000000,False,False,info,/home/meliani/nni-experiments,"['LSTM', 'GRU', 'CNN', 'RNN', 'TCN', 'Transformer', 'MLP']","[16, 32, 64, 128, 256]","[1, 2, 3, 4]","[0, 0.1, 0.2, 0.3, 0.5]","['relu', 'tanh', 'sigmoid', 'elu']","[1e-05, 0.01]","[2, 3, 4, 5, 6, 7, 8, 9, 10, 11, 12, 13, 14, 15, 16, 17, 18, 19, 20, 21, 22, 23, 24, 25, 26, 27, 28, 29, 30]","[16, 32, 64, 128]","[5, 10, 15, 20]","[2, 3, 5, 7]","[2, 4, 8]",GridSearch,minimize,local
y8bsu7fq,206,1260,1779170189388,,/home/meliani/nni-experiments/y8bsu7fq,78,exp_GridSearch_1800s_local_plus_tt_local_plus_tt,hpo,/home/meliani/Desktop/phd/fast-track/search_space.json,python3 trial.py --data ./local_plus_tt.csv,/home/meliani/Desktop/phd/fast-track,1,1800s,100000000,False,False,info,/home/meliani/nni-experiments,"['LSTM', 'GRU', 'CNN', 'RNN', 'TCN', 'Transformer', 'MLP']","[16, 32, 64, 128, 256]","[1, 2, 3, 4]","[0, 0.1, 0.2, 0.3, 0.5]","['relu', 'tanh', 'sigmoid', 'elu']","[1e-05, 0.01]","[2, 3, 4, 5, 6, 7, 8, 9, 10, 11, 12, 13, 14, 15, 16, 17, 18, 19, 20, 21, 22, 23, 24, 25, 26, 27, 28, 29, 30]","[16, 32, 64, 128]","[5, 10, 15, 20]","[2, 3, 5, 7]","[2, 4, 8]",GridSearch,minimize,local
y8bsu7fq,207,1263,1779170189388,,/home/meliani/nni-experiments/y8bsu7fq,79,exp_GridSearch_1800s_local_plus_tt_local_plus_tt,hpo,/home/meliani/Desktop/phd/fast-track/search_space.json,python3 trial.py --data ./local_plus_tt.csv,/home/meliani/Desktop/phd/fast-track,1,1800s,100000000,False,False,info,/home/meliani/nni-experiments,"['LSTM', 'GRU', 'CNN', 'RNN', 'TCN', 'Transformer', 'MLP']","[16, 32, 64, 128, 256]","[1, 2, 3, 4]","[0, 0.1, 0.2, 0.3, 0.5]","['relu', 'tanh', 'sigmoid', 'elu']","[1e-05, 0.01]","[2, 3, 4, 5, 6, 7, 8, 9, 10, 11, 12, 13, 14, 15, 16, 17, 18, 19, 20, 21, 22, 23, 24, 25, 26, 27, 28, 29, 30]","[16, 32, 64, 128]","[5, 10, 15, 20]","[2, 3, 5, 7]","[2, 4, 8]",GridSearch,minimize,local
y8bsu7fq,208,1270,1779170189388,,/home/meliani/nni-experiments/y8bsu7fq,79,exp_GridSearch_1800s_local_plus_tt_local_plus_tt,hpo,/home/meliani/Desktop/phd/fast-track/search_space.json,python3 trial.py --data ./local_plus_tt.csv,/home/meliani/Desktop/phd/fast-track,1,1800s,100000000,False,False,info,/home/meliani/nni-experiments,"['LSTM', 'GRU', 'CNN', 'RNN', 'TCN', 'Transformer', 'MLP']","[16, 32, 64, 128, 256]","[1, 2, 3, 4]","[0, 0.1, 0.2, 0.3, 0.5]","['relu', 'tanh', 'sigmoid', 'elu']","[1e-05, 0.01]","[2, 3, 4, 5, 6, 7, 8, 9, 10, 11, 12, 13, 14, 15, 16, 17, 18, 19, 20, 21, 22, 23, 24, 25, 26, 27, 28, 29, 30]","[16, 32, 64, 128]","[5, 10, 15, 20]","[2, 3, 5, 7]","[2, 4, 8]",GridSearch,minimize,local
y8bsu7fq,209,1278,1779170189388,,/home/meliani/nni-experiments/y8bsu7fq,80,exp_GridSearch_1800s_local_plus_tt_local_plus_tt,hpo,/home/meliani/Desktop/phd/fast-track/search_space.json,python3 trial.py --data ./local_plus_tt.csv,/home/meliani/Desktop/phd/fast-track,1,1800s,100000000,False,False,info,/home/meliani/nni-experiments,"['LSTM', 'GRU', 'CNN', 'RNN', 'TCN', 'Transformer', 'MLP']","[16, 32, 64, 128, 256]","[1, 2, 3, 4]","[0, 0.1, 0.2, 0.3, 0.5]","['relu', 'tanh', 'sigmoid', 'elu']","[1e-05, 0.01]","[2, 3, 4, 5, 6, 7, 8, 9, 10, 11, 12, 13, 14, 15, 16, 17, 18, 19, 20, 21, 22, 23, 24, 25, 26, 27, 28, 29, 30]","[16, 32, 64, 128]","[5, 10, 15, 20]","[2, 3, 5, 7]","[2, 4, 8]",GridSearch,minimize,local
y8bsu7fq,210,1280,1779170189388,,/home/meliani/nni-experiments/y8bsu7fq,80,exp_GridSearch_1800s_local_plus_tt_local_plus_tt,hpo,/home/meliani/Desktop/phd/fast-track/search_space.json,python3 trial.py --data ./local_plus_tt.csv,/home/meliani/Desktop/phd/fast-track,1,1800s,100000000,False,False,info,/home/meliani/nni-experiments,"['LSTM', 'GRU', 'CNN', 'RNN', 'TCN', 'Transformer', 'MLP']","[16, 32, 64, 128, 256]","[1, 2, 3, 4]","[0, 0.1, 0.2, 0.3, 0.5]","['relu', 'tanh', 'sigmoid', 'elu']","[1e-05, 0.01]","[2, 3, 4, 5, 6, 7, 8, 9, 10, 11, 12, 13, 14, 15, 16, 17, 18, 19, 20, 21, 22, 23, 24, 25, 26, 27, 28, 29, 30]","[16, 32, 64, 128]","[5, 10, 15, 20]","[2, 3, 5, 7]","[2, 4, 8]",GridSearch,minimize,local
y8bsu7fq,211,1290,1779170189388,,/home/meliani/nni-experiments/y8bsu7fq,80,exp_GridSearch_1800s_local_plus_tt_local_plus_tt,hpo,/home/meliani/Desktop/phd/fast-track/search_space.json,python3 trial.py --data ./local_plus_tt.csv,/home/meliani/Desktop/phd/fast-track,1,1800s,100000000,False,False,info,/home/meliani/nni-experiments,"['LSTM', 'GRU', 'CNN', 'RNN', 'TCN', 'Transformer', 'MLP']","[16, 32, 64, 128, 256]","[1, 2, 3, 4]","[0, 0.1, 0.2, 0.3, 0.5]","['relu', 'tanh', 'sigmoid', 'elu']","[1e-05, 0.01]","[2, 3, 4, 5, 6, 7, 8, 9, 10, 11, 12, 13, 14, 15, 16, 17, 18, 19, 20, 21, 22, 23, 24, 25, 26, 27, 28, 29, 30]","[16, 32, 64, 128]","[5, 10, 15, 20]","[2, 3, 5, 7]","[2, 4, 8]",GridSearch,minimize,local
y8bsu7fq,212,1294,1779170189388,,/home/meliani/nni-experiments/y8bsu7fq,81,exp_GridSearch_1800s_local_plus_tt_local_plus_tt,hpo,/home/meliani/Desktop/phd/fast-track/search_space.json,python3 trial.py --data ./local_plus_tt.csv,/home/meliani/Desktop/phd/fast-track,1,1800s,100000000,False,False,info,/home/meliani/nni-experiments,"['LSTM', 'GRU', 'CNN', 'RNN', 'TCN', 'Transformer', 'MLP']","[16, 32, 64, 128, 256]","[1, 2, 3, 4]","[0, 0.1, 0.2, 0.3, 0.5]","['relu', 'tanh', 'sigmoid', 'elu']","[1e-05, 0.01]","[2, 3, 4, 5, 6, 7, 8, 9, 10, 11, 12, 13, 14, 15, 16, 17, 18, 19, 20, 21, 22, 23, 24, 25, 26, 27, 28, 29, 30]","[16, 32, 64, 128]","[5, 10, 15, 20]","[2, 3, 5, 7]","[2, 4, 8]",GridSearch,minimize,local
y8bsu7fq,213,1300,1779170189388,,/home/meliani/nni-experiments/y8bsu7fq,81,exp_GridSearch_1800s_local_plus_tt_local_plus_tt,hpo,/home/meliani/Desktop/phd/fast-track/search_space.json,python3 trial.py --data ./local_plus_tt.csv,/home/meliani/Desktop/phd/fast-track,1,1800s,100000000,False,False,info,/home/meliani/nni-experiments,"['LSTM', 'GRU', 'CNN', 'RNN', 'TCN', 'Transformer', 'MLP']","[16, 32, 64, 128, 256]","[1, 2, 3, 4]","[0, 0.1, 0.2, 0.3, 0.5]","['relu', 'tanh', 'sigmoid', 'elu']","[1e-05, 0.01]","[2, 3, 4, 5, 6, 7, 8, 9, 10, 11, 12, 13, 14, 15, 16, 17, 18, 19, 20, 21, 22, 23, 24, 25, 26, 27, 28, 29, 30]","[16, 32, 64, 128]","[5, 10, 15, 20]","[2, 3, 5, 7]","[2, 4, 8]",GridSearch,minimize,local
y8bsu7fq,214,1309,1779170189388,,/home/meliani/nni-experiments/y8bsu7fq,82,exp_GridSearch_1800s_local_plus_tt_local_plus_tt,hpo,/home/meliani/Desktop/phd/fast-track/search_space.json,python3 trial.py --data ./local_plus_tt.csv,/home/meliani/Desktop/phd/fast-track,1,1800s,100000000,False,False,info,/home/meliani/nni-experiments,"['LSTM', 'GRU', 'CNN', 'RNN', 'TCN', 'Transformer', 'MLP']","[16, 32, 64, 128, 256]","[1, 2, 3, 4]","[0, 0.1, 0.2, 0.3, 0.5]","['relu', 'tanh', 'sigmoid', 'elu']","[1e-05, 0.01]","[2, 3, 4, 5, 6, 7, 8, 9, 10, 11, 12, 13, 14, 15, 16, 17, 18, 19, 20, 21, 22, 23, 24, 25, 26, 27, 28, 29, 30]","[16, 32, 64, 128]","[5, 10, 15, 20]","[2, 3, 5, 7]","[2, 4, 8]",GridSearch,minimize,local
y8bsu7fq,215,1310,1779170189388,,/home/meliani/nni-experiments/y8bsu7fq,82,exp_GridSearch_1800s_local_plus_tt_local_plus_tt,hpo,/home/meliani/Desktop/phd/fast-track/search_space.json,python3 trial.py --data ./local_plus_tt.csv,/home/meliani/Desktop/phd/fast-track,1,1800s,100000000,False,False,info,/home/meliani/nni-experiments,"['LSTM', 'GRU', 'CNN', 'RNN', 'TCN', 'Transformer', 'MLP']","[16, 32, 64, 128, 256]","[1, 2, 3, 4]","[0, 0.1, 0.2, 0.3, 0.5]","['relu', 'tanh', 'sigmoid', 'elu']","[1e-05, 0.01]","[2, 3, 4, 5, 6, 7, 8, 9, 10, 11, 12, 13, 14, 15, 16, 17, 18, 19, 20, 21, 22, 23, 24, 25, 26, 27, 28, 29, 30]","[16, 32, 64, 128]","[5, 10, 15, 20]","[2, 3, 5, 7]","[2, 4, 8]",GridSearch,minimize,local
y8bsu7fq,216,1320,1779170189388,,/home/meliani/nni-experiments/y8bsu7fq,82,exp_GridSearch_1800s_local_plus_tt_local_plus_tt,hpo,/home/meliani/Desktop/phd/fast-track/search_space.json,python3 trial.py --data ./local_plus_tt.csv,/home/meliani/Desktop/phd/fast-track,1,1800s,100000000,False,False,info,/home/meliani/nni-experiments,"['LSTM', 'GRU', 'CNN', 'RNN', 'TCN', 'Transformer', 'MLP']","[16, 32, 64, 128, 256]","[1, 2, 3, 4]","[0, 0.1, 0.2, 0.3, 0.5]","['relu', 'tanh', 'sigmoid', 'elu']","[1e-05, 0.01]","[2, 3, 4, 5, 6, 7, 8, 9, 10, 11, 12, 13, 14, 15, 16, 17, 18, 19, 20, 21, 22, 23, 24, 25, 26, 27, 28, 29, 30]","[16, 32, 64, 128]","[5, 10, 15, 20]","[2, 3, 5, 7]","[2, 4, 8]",GridSearch,minimize,local
y8bsu7fq,217,1324,1779170189388,,/home/meliani/nni-experiments/y8bsu7fq,83,exp_GridSearch_1800s_local_plus_tt_local_plus_tt,hpo,/home/meliani/Desktop/phd/fast-track/search_space.json,python3 trial.py --data ./local_plus_tt.csv,/home/meliani/Desktop/phd/fast-track,1,1800s,100000000,False,False,info,/home/meliani/nni-experiments,"['LSTM', 'GRU', 'CNN', 'RNN', 'TCN', 'Transformer', 'MLP']","[16, 32, 64, 128, 256]","[1, 2, 3, 4]","[0, 0.1, 0.2, 0.3, 0.5]","['relu', 'tanh', 'sigmoid', 'elu']","[1e-05, 0.01]","[2, 3, 4, 5, 6, 7, 8, 9, 10, 11, 12, 13, 14, 15, 16, 17, 18, 19, 20, 21, 22, 23, 24, 25, 26, 27, 28, 29, 30]","[16, 32, 64, 128]","[5, 10, 15, 20]","[2, 3, 5, 7]","[2, 4, 8]",GridSearch,minimize,local
y8bsu7fq,218,1330,1779170189388,,/home/meliani/nni-experiments/y8bsu7fq,83,exp_GridSearch_1800s_local_plus_tt_local_plus_tt,hpo,/home/meliani/Desktop/phd/fast-track/search_space.json,python3 trial.py --data ./local_plus_tt.csv,/home/meliani/Desktop/phd/fast-track,1,1800s,100000000,False,False,info,/home/meliani/nni-experiments,"['LSTM', 'GRU', 'CNN', 'RNN', 'TCN', 'Transformer', 'MLP']","[16, 32, 64, 128, 256]","[1, 2, 3, 4]","[0, 0.1, 0.2, 0.3, 0.5]","['relu', 'tanh', 'sigmoid', 'elu']","[1e-05, 0.01]","[2, 3, 4, 5, 6, 7, 8, 9, 10, 11, 12, 13, 14, 15, 16, 17, 18, 19, 20, 21, 22, 23, 24, 25, 26, 27, 28, 29, 30]","[16, 32, 64, 128]","[5, 10, 15, 20]","[2, 3, 5, 7]","[2, 4, 8]",GridSearch,minimize,local
y8bsu7fq,219,1340,1779170189388,,/home/meliani/nni-experiments/y8bsu7fq,84,exp_GridSearch_1800s_local_plus_tt_local_plus_tt,hpo,/home/meliani/Desktop/phd/fast-track/search_space.json,python3 trial.py --data ./local_plus_tt.csv,/home/meliani/Desktop/phd/fast-track,1,1800s,100000000,False,False,info,/home/meliani/nni-experiments,"['LSTM', 'GRU', 'CNN', 'RNN', 'TCN', 'Transformer', 'MLP']","[16, 32, 64, 128, 256]","[1, 2, 3, 4]","[0, 0.1, 0.2, 0.3, 0.5]","['relu', 'tanh', 'sigmoid', 'elu']","[1e-05, 0.01]","[2, 3, 4, 5, 6, 7, 8, 9, 10, 11, 12, 13, 14, 15, 16, 17, 18, 19, 20, 21, 22, 23, 24, 25, 26, 27, 28, 29, 30]","[16, 32, 64, 128]","[5, 10, 15, 20]","[2, 3, 5, 7]","[2, 4, 8]",GridSearch,minimize,local
y8bsu7fq,220,1340,1779170189388,,/home/meliani/nni-experiments/y8bsu7fq,84,exp_GridSearch_1800s_local_plus_tt_local_plus_tt,hpo,/home/meliani/Desktop/phd/fast-track/search_space.json,python3 trial.py --data ./local_plus_tt.csv,/home/meliani/Desktop/phd/fast-track,1,1800s,100000000,False,False,info,/home/meliani/nni-experiments,"['LSTM', 'GRU', 'CNN', 'RNN', 'TCN', 'Transformer', 'MLP']","[16, 32, 64, 128, 256]","[1, 2, 3, 4]","[0, 0.1, 0.2, 0.3, 0.5]","['relu', 'tanh', 'sigmoid', 'elu']","[1e-05, 0.01]","[2, 3, 4, 5, 6, 7, 8, 9, 10, 11, 12, 13, 14, 15, 16, 17, 18, 19, 20, 21, 22, 23, 24, 25, 26, 27, 28, 29, 30]","[16, 32, 64, 128]","[5, 10, 15, 20]","[2, 3, 5, 7]","[2, 4, 8]",GridSearch,minimize,local
y8bsu7fq,221,1350,1779170189388,,/home/meliani/nni-experiments/y8bsu7fq,84,exp_GridSearch_1800s_local_plus_tt_local_plus_tt,hpo,/home/meliani/Desktop/phd/fast-track/search_space.json,python3 trial.py --data ./local_plus_tt.csv,/home/meliani/Desktop/phd/fast-track,1,1800s,100000000,False,False,info,/home/meliani/nni-experiments,"['LSTM', 'GRU', 'CNN', 'RNN', 'TCN', 'Transformer', 'MLP']","[16, 32, 64, 128, 256]","[1, 2, 3, 4]","[0, 0.1, 0.2, 0.3, 0.5]","['relu', 'tanh', 'sigmoid', 'elu']","[1e-05, 0.01]","[2, 3, 4, 5, 6, 7, 8, 9, 10, 11, 12, 13, 14, 15, 16, 17, 18, 19, 20, 21, 22, 23, 24, 25, 26, 27, 28, 29, 30]","[16, 32, 64, 128]","[5, 10, 15, 20]","[2, 3, 5, 7]","[2, 4, 8]",GridSearch,minimize,local
y8bsu7fq,222,1355,1779170189388,,/home/meliani/nni-experiments/y8bsu7fq,85,exp_GridSearch_1800s_local_plus_tt_local_plus_tt,hpo,/home/meliani/Desktop/phd/fast-track/search_space.json,python3 trial.py --data ./local_plus_tt.csv,/home/meliani/Desktop/phd/fast-track,1,1800s,100000000,False,False,info,/home/meliani/nni-experiments,"['LSTM', 'GRU', 'CNN', 'RNN', 'TCN', 'Transformer', 'MLP']","[16, 32, 64, 128, 256]","[1, 2, 3, 4]","[0, 0.1, 0.2, 0.3, 0.5]","['relu', 'tanh', 'sigmoid', 'elu']","[1e-05, 0.01]","[2, 3, 4, 5, 6, 7, 8, 9, 10, 11, 12, 13, 14, 15, 16, 17, 18, 19, 20, 21, 22, 23, 24, 25, 26, 27, 28, 29, 30]","[16, 32, 64, 128]","[5, 10, 15, 20]","[2, 3, 5, 7]","[2, 4, 8]",GridSearch,minimize,local
y8bsu7fq,223,1360,1779170189388,,/home/meliani/nni-experiments/y8bsu7fq,85,exp_GridSearch_1800s_local_plus_tt_local_plus_tt,hpo,/home/meliani/Desktop/phd/fast-track/search_space.json,python3 trial.py --data ./local_plus_tt.csv,/home/meliani/Desktop/phd/fast-track,1,1800s,100000000,False,False,info,/home/meliani/nni-experiments,"['LSTM', 'GRU', 'CNN', 'RNN', 'TCN', 'Transformer', 'MLP']","[16, 32, 64, 128, 256]","[1, 2, 3, 4]","[0, 0.1, 0.2, 0.3, 0.5]","['relu', 'tanh', 'sigmoid', 'elu']","[1e-05, 0.01]","[2, 3, 4, 5, 6, 7, 8, 9, 10, 11, 12, 13, 14, 15, 16, 17, 18, 19, 20, 21, 22, 23, 24, 25, 26, 27, 28, 29, 30]","[16, 32, 64, 128]","[5, 10, 15, 20]","[2, 3, 5, 7]","[2, 4, 8]",GridSearch,minimize,local
y8bsu7fq,224,1370,1779170189388,,/home/meliani/nni-experiments/y8bsu7fq,85,exp_GridSearch_1800s_local_plus_tt_local_plus_tt,hpo,/home/meliani/Desktop/phd/fast-track/search_space.json,python3 trial.py --data ./local_plus_tt.csv,/home/meliani/Desktop/phd/fast-track,1,1800s,100000000,False,False,info,/home/meliani/nni-experiments,"['LSTM', 'GRU', 'CNN', 'RNN', 'TCN', 'Transformer', 'MLP']","[16, 32, 64, 128, 256]","[1, 2, 3, 4]","[0, 0.1, 0.2, 0.3, 0.5]","['relu', 'tanh', 'sigmoid', 'elu']","[1e-05, 0.01]","[2, 3, 4, 5, 6, 7, 8, 9, 10, 11, 12, 13, 14, 15, 16, 17, 18, 19, 20, 21, 22, 23, 24, 25, 26, 27, 28, 29, 30]","[16, 32, 64, 128]","[5, 10, 15, 20]","[2, 3, 5, 7]","[2, 4, 8]",GridSearch,minimize,local
y8bsu7fq,225,1373,1779170189388,,/home/meliani/nni-experiments/y8bsu7fq,86,exp_GridSearch_1800s_local_plus_tt_local_plus_tt,hpo,/home/meliani/Desktop/phd/fast-track/search_space.json,python3 trial.py --data ./local_plus_tt.csv,/home/meliani/Desktop/phd/fast-track,1,1800s,100000000,False,False,info,/home/meliani/nni-experiments,"['LSTM', 'GRU', 'CNN', 'RNN', 'TCN', 'Transformer', 'MLP']","[16, 32, 64, 128, 256]","[1, 2, 3, 4]","[0, 0.1, 0.2, 0.3, 0.5]","['relu', 'tanh', 'sigmoid', 'elu']","[1e-05, 0.01]","[2, 3, 4, 5, 6, 7, 8, 9, 10, 11, 12, 13, 14, 15, 16, 17, 18, 19, 20, 21, 22, 23, 24, 25, 26, 27, 28, 29, 30]","[16, 32, 64, 128]","[5, 10, 15, 20]","[2, 3, 5, 7]","[2, 4, 8]",GridSearch,minimize,local
y8bsu7fq,226,1380,1779170189388,,/home/meliani/nni-experiments/y8bsu7fq,86,exp_GridSearch_1800s_local_plus_tt_local_plus_tt,hpo,/home/meliani/Desktop/phd/fast-track/search_space.json,python3 trial.py --data ./local_plus_tt.csv,/home/meliani/Desktop/phd/fast-track,1,1800s,100000000,False,False,info,/home/meliani/nni-experiments,"['LSTM', 'GRU', 'CNN', 'RNN', 'TCN', 'Transformer', 'MLP']","[16, 32, 64, 128, 256]","[1, 2, 3, 4]","[0, 0.1, 0.2, 0.3, 0.5]","['relu', 'tanh', 'sigmoid', 'elu']","[1e-05, 0.01]","[2, 3, 4, 5, 6, 7, 8, 9, 10, 11, 12, 13, 14, 15, 16, 17, 18, 19, 20, 21, 22, 23, 24, 25, 26, 27, 28, 29, 30]","[16, 32, 64, 128]","[5, 10, 15, 20]","[2, 3, 5, 7]","[2, 4, 8]",GridSearch,minimize,local
y8bsu7fq,227,1390,1779170189388,,/home/meliani/nni-experiments/y8bsu7fq,86,exp_GridSearch_1800s_local_plus_tt_local_plus_tt,hpo,/home/meliani/Desktop/phd/fast-track/search_space.json,python3 trial.py --data ./local_plus_tt.csv,/home/meliani/Desktop/phd/fast-track,1,1800s,100000000,False,False,info,/home/meliani/nni-experiments,"['LSTM', 'GRU', 'CNN', 'RNN', 'TCN', 'Transformer', 'MLP']","[16, 32, 64, 128, 256]","[1, 2, 3, 4]","[0, 0.1, 0.2, 0.3, 0.5]","['relu', 'tanh', 'sigmoid', 'elu']","[1e-05, 0.01]","[2, 3, 4, 5, 6, 7, 8, 9, 10, 11, 12, 13, 14, 15, 16, 17, 18, 19, 20, 21, 22, 23, 24, 25, 26, 27, 28, 29, 30]","[16, 32, 64, 128]","[5, 10, 15, 20]","[2, 3, 5, 7]","[2, 4, 8]",GridSearch,minimize,local
y8bsu7fq,228,1391,1779170189388,,/home/meliani/nni-experiments/y8bsu7fq,87,exp_GridSearch_1800s_local_plus_tt_local_plus_tt,hpo,/home/meliani/Desktop/phd/fast-track/search_space.json,python3 trial.py --data ./local_plus_tt.csv,/home/meliani/Desktop/phd/fast-track,1,1800s,100000000,False,False,info,/home/meliani/nni-experiments,"['LSTM', 'GRU', 'CNN', 'RNN', 'TCN', 'Transformer', 'MLP']","[16, 32, 64, 128, 256]","[1, 2, 3, 4]","[0, 0.1, 0.2, 0.3, 0.5]","['relu', 'tanh', 'sigmoid', 'elu']","[1e-05, 0.01]","[2, 3, 4, 5, 6, 7, 8, 9, 10, 11, 12, 13, 14, 15, 16, 17, 18, 19, 20, 21, 22, 23, 24, 25, 26, 27, 28, 29, 30]","[16, 32, 64, 128]","[5, 10, 15, 20]","[2, 3, 5, 7]","[2, 4, 8]",GridSearch,minimize,local
y8bsu7fq,229,1400,1779170189388,,/home/meliani/nni-experiments/y8bsu7fq,87,exp_GridSearch_1800s_local_plus_tt_local_plus_tt,hpo,/home/meliani/Desktop/phd/fast-track/search_space.json,python3 trial.py --data ./local_plus_tt.csv,/home/meliani/Desktop/phd/fast-track,1,1800s,100000000,False,False,info,/home/meliani/nni-experiments,"['LSTM', 'GRU', 'CNN', 'RNN', 'TCN', 'Transformer', 'MLP']","[16, 32, 64, 128, 256]","[1, 2, 3, 4]","[0, 0.1, 0.2, 0.3, 0.5]","['relu', 'tanh', 'sigmoid', 'elu']","[1e-05, 0.01]","[2, 3, 4, 5, 6, 7, 8, 9, 10, 11, 12, 13, 14, 15, 16, 17, 18, 19, 20, 21, 22, 23, 24, 25, 26, 27, 28, 29, 30]","[16, 32, 64, 128]","[5, 10, 15, 20]","[2, 3, 5, 7]","[2, 4, 8]",GridSearch,minimize,local
y8bsu7fq,230,1409,1779170189388,,/home/meliani/nni-experiments/y8bsu7fq,88,exp_GridSearch_1800s_local_plus_tt_local_plus_tt,hpo,/home/meliani/Desktop/phd/fast-track/search_space.json,python3 trial.py --data ./local_plus_tt.csv,/home/meliani/Desktop/phd/fast-track,1,1800s,100000000,False,False,info,/home/meliani/nni-experiments,"['LSTM', 'GRU', 'CNN', 'RNN', 'TCN', 'Transformer', 'MLP']","[16, 32, 64, 128, 256]","[1, 2, 3, 4]","[0, 0.1, 0.2, 0.3, 0.5]","['relu', 'tanh', 'sigmoid', 'elu']","[1e-05, 0.01]","[2, 3, 4, 5, 6, 7, 8, 9, 10, 11, 12, 13, 14, 15, 16, 17, 18, 19, 20, 21, 22, 23, 24, 25, 26, 27, 28, 29, 30]","[16, 32, 64, 128]","[5, 10, 15, 20]","[2, 3, 5, 7]","[2, 4, 8]",GridSearch,minimize,local
y8bsu7fq,231,1410,1779170189388,,/home/meliani/nni-experiments/y8bsu7fq,88,exp_GridSearch_1800s_local_plus_tt_local_plus_tt,hpo,/home/meliani/Desktop/phd/fast-track/search_space.json,python3 trial.py --data ./local_plus_tt.csv,/home/meliani/Desktop/phd/fast-track,1,1800s,100000000,False,False,info,/home/meliani/nni-experiments,"['LSTM', 'GRU', 'CNN', 'RNN', 'TCN', 'Transformer', 'MLP']","[16, 32, 64, 128, 256]","[1, 2, 3, 4]","[0, 0.1, 0.2, 0.3, 0.5]","['relu', 'tanh', 'sigmoid', 'elu']","[1e-05, 0.01]","[2, 3, 4, 5, 6, 7, 8, 9, 10, 11, 12, 13, 14, 15, 16, 17, 18, 19, 20, 21, 22, 23, 24, 25, 26, 27, 28, 29, 30]","[16, 32, 64, 128]","[5, 10, 15, 20]","[2, 3, 5, 7]","[2, 4, 8]",GridSearch,minimize,local
y8bsu7fq,232,1420,1779170189388,,/home/meliani/nni-experiments/y8bsu7fq,88,exp_GridSearch_1800s_local_plus_tt_local_plus_tt,hpo,/home/meliani/Desktop/phd/fast-track/search_space.json,python3 trial.py --data ./local_plus_tt.csv,/home/meliani/Desktop/phd/fast-track,1,1800s,100000000,False,False,info,/home/meliani/nni-experiments,"['LSTM', 'GRU', 'CNN', 'RNN', 'TCN', 'Transformer', 'MLP']","[16, 32, 64, 128, 256]","[1, 2, 3, 4]","[0, 0.1, 0.2, 0.3, 0.5]","['relu', 'tanh', 'sigmoid', 'elu']","[1e-05, 0.01]","[2, 3, 4, 5, 6, 7, 8, 9, 10, 11, 12, 13, 14, 15, 16, 17, 18, 19, 20, 21, 22, 23, 24, 25, 26, 27, 28, 29, 30]","[16, 32, 64, 128]","[5, 10, 15, 20]","[2, 3, 5, 7]","[2, 4, 8]",GridSearch,minimize,local
y8bsu7fq,233,1427,1779170189388,,/home/meliani/nni-experiments/y8bsu7fq,89,exp_GridSearch_1800s_local_plus_tt_local_plus_tt,hpo,/home/meliani/Desktop/phd/fast-track/search_space.json,python3 trial.py --data ./local_plus_tt.csv,/home/meliani/Desktop/phd/fast-track,1,1800s,100000000,False,False,info,/home/meliani/nni-experiments,"['LSTM', 'GRU', 'CNN', 'RNN', 'TCN', 'Transformer', 'MLP']","[16, 32, 64, 128, 256]","[1, 2, 3, 4]","[0, 0.1, 0.2, 0.3, 0.5]","['relu', 'tanh', 'sigmoid', 'elu']","[1e-05, 0.01]","[2, 3, 4, 5, 6, 7, 8, 9, 10, 11, 12, 13, 14, 15, 16, 17, 18, 19, 20, 21, 22, 23, 24, 25, 26, 27, 28, 29, 30]","[16, 32, 64, 128]","[5, 10, 15, 20]","[2, 3, 5, 7]","[2, 4, 8]",GridSearch,minimize,local
y8bsu7fq,234,1430,1779170189388,,/home/meliani/nni-experiments/y8bsu7fq,89,exp_GridSearch_1800s_local_plus_tt_local_plus_tt,hpo,/home/meliani/Desktop/phd/fast-track/search_space.json,python3 trial.py --data ./local_plus_tt.csv,/home/meliani/Desktop/phd/fast-track,1,1800s,100000000,False,False,info,/home/meliani/nni-experiments,"['LSTM', 'GRU', 'CNN', 'RNN', 'TCN', 'Transformer', 'MLP']","[16, 32, 64, 128, 256]","[1, 2, 3, 4]","[0, 0.1, 0.2, 0.3, 0.5]","['relu', 'tanh', 'sigmoid', 'elu']","[1e-05, 0.01]","[2, 3, 4, 5, 6, 7, 8, 9, 10, 11, 12, 13, 14, 15, 16, 17, 18, 19, 20, 21, 22, 23, 24, 25, 26, 27, 28, 29, 30]","[16, 32, 64, 128]","[5, 10, 15, 20]","[2, 3, 5, 7]","[2, 4, 8]",GridSearch,minimize,local
y8bsu7fq,235,1440,1779170189388,,/home/meliani/nni-experiments/y8bsu7fq,89,exp_GridSearch_1800s_local_plus_tt_local_plus_tt,hpo,/home/meliani/Desktop/phd/fast-track/search_space.json,python3 trial.py --data ./local_plus_tt.csv,/home/meliani/Desktop/phd/fast-track,1,1800s,100000000,False,False,info,/home/meliani/nni-experiments,"['LSTM', 'GRU', 'CNN', 'RNN', 'TCN', 'Transformer', 'MLP']","[16, 32, 64, 128, 256]","[1, 2, 3, 4]","[0, 0.1, 0.2, 0.3, 0.5]","['relu', 'tanh', 'sigmoid', 'elu']","[1e-05, 0.01]","[2, 3, 4, 5, 6, 7, 8, 9, 10, 11, 12, 13, 14, 15, 16, 17, 18, 19, 20, 21, 22, 23, 24, 25, 26, 27, 28, 29, 30]","[16, 32, 64, 128]","[5, 10, 15, 20]","[2, 3, 5, 7]","[2, 4, 8]",GridSearch,minimize,local
y8bsu7fq,236,1445,1779170189388,,/home/meliani/nni-experiments/y8bsu7fq,90,exp_GridSearch_1800s_local_plus_tt_local_plus_tt,hpo,/home/meliani/Desktop/phd/fast-track/search_space.json,python3 trial.py --data ./local_plus_tt.csv,/home/meliani/Desktop/phd/fast-track,1,1800s,100000000,False,False,info,/home/meliani/nni-experiments,"['LSTM', 'GRU', 'CNN', 'RNN', 'TCN', 'Transformer', 'MLP']","[16, 32, 64, 128, 256]","[1, 2, 3, 4]","[0, 0.1, 0.2, 0.3, 0.5]","['relu', 'tanh', 'sigmoid', 'elu']","[1e-05, 0.01]","[2, 3, 4, 5, 6, 7, 8, 9, 10, 11, 12, 13, 14, 15, 16, 17, 18, 19, 20, 21, 22, 23, 24, 25, 26, 27, 28, 29, 30]","[16, 32, 64, 128]","[5, 10, 15, 20]","[2, 3, 5, 7]","[2, 4, 8]",GridSearch,minimize,local
y8bsu7fq,237,1450,1779170189388,,/home/meliani/nni-experiments/y8bsu7fq,90,exp_GridSearch_1800s_local_plus_tt_local_plus_tt,hpo,/home/meliani/Desktop/phd/fast-track/search_space.json,python3 trial.py --data ./local_plus_tt.csv,/home/meliani/Desktop/phd/fast-track,1,1800s,100000000,False,False,info,/home/meliani/nni-experiments,"['LSTM', 'GRU', 'CNN', 'RNN', 'TCN', 'Transformer', 'MLP']","[16, 32, 64, 128, 256]","[1, 2, 3, 4]","[0, 0.1, 0.2, 0.3, 0.5]","['relu', 'tanh', 'sigmoid', 'elu']","[1e-05, 0.01]","[2, 3, 4, 5, 6, 7, 8, 9, 10, 11, 12, 13, 14, 15, 16, 17, 18, 19, 20, 21, 22, 23, 24, 25, 26, 27, 28, 29, 30]","[16, 32, 64, 128]","[5, 10, 15, 20]","[2, 3, 5, 7]","[2, 4, 8]",GridSearch,minimize,local
y8bsu7fq,238,1460,1779170189388,,/home/meliani/nni-experiments/y8bsu7fq,90,exp_GridSearch_1800s_local_plus_tt_local_plus_tt,hpo,/home/meliani/Desktop/phd/fast-track/search_space.json,python3 trial.py --data ./local_plus_tt.csv,/home/meliani/Desktop/phd/fast-track,1,1800s,100000000,False,False,info,/home/meliani/nni-experiments,"['LSTM', 'GRU', 'CNN', 'RNN', 'TCN', 'Transformer', 'MLP']","[16, 32, 64, 128, 256]","[1, 2, 3, 4]","[0, 0.1, 0.2, 0.3, 0.5]","['relu', 'tanh', 'sigmoid', 'elu']","[1e-05, 0.01]","[2, 3, 4, 5, 6, 7, 8, 9, 10, 11, 12, 13, 14, 15, 16, 17, 18, 19, 20, 21, 22, 23, 24, 25, 26, 27, 28, 29, 30]","[16, 32, 64, 128]","[5, 10, 15, 20]","[2, 3, 5, 7]","[2, 4, 8]",GridSearch,minimize,local
y8bsu7fq,239,1464,1779170189388,,/home/meliani/nni-experiments/y8bsu7fq,91,exp_GridSearch_1800s_local_plus_tt_local_plus_tt,hpo,/home/meliani/Desktop/phd/fast-track/search_space.json,python3 trial.py --data ./local_plus_tt.csv,/home/meliani/Desktop/phd/fast-track,1,1800s,100000000,False,False,info,/home/meliani/nni-experiments,"['LSTM', 'GRU', 'CNN', 'RNN', 'TCN', 'Transformer', 'MLP']","[16, 32, 64, 128, 256]","[1, 2, 3, 4]","[0, 0.1, 0.2, 0.3, 0.5]","['relu', 'tanh', 'sigmoid', 'elu']","[1e-05, 0.01]","[2, 3, 4, 5, 6, 7, 8, 9, 10, 11, 12, 13, 14, 15, 16, 17, 18, 19, 20, 21, 22, 23, 24, 25, 26, 27, 28, 29, 30]","[16, 32, 64, 128]","[5, 10, 15, 20]","[2, 3, 5, 7]","[2, 4, 8]",GridSearch,minimize,local
y8bsu7fq,240,1470,1779170189388,,/home/meliani/nni-experiments/y8bsu7fq,91,exp_GridSearch_1800s_local_plus_tt_local_plus_tt,hpo,/home/meliani/Desktop/phd/fast-track/search_space.json,python3 trial.py --data ./local_plus_tt.csv,/home/meliani/Desktop/phd/fast-track,1,1800s,100000000,False,False,info,/home/meliani/nni-experiments,"['LSTM', 'GRU', 'CNN', 'RNN', 'TCN', 'Transformer', 'MLP']","[16, 32, 64, 128, 256]","[1, 2, 3, 4]","[0, 0.1, 0.2, 0.3, 0.5]","['relu', 'tanh', 'sigmoid', 'elu']","[1e-05, 0.01]","[2, 3, 4, 5, 6, 7, 8, 9, 10, 11, 12, 13, 14, 15, 16, 17, 18, 19, 20, 21, 22, 23, 24, 25, 26, 27, 28, 29, 30]","[16, 32, 64, 128]","[5, 10, 15, 20]","[2, 3, 5, 7]","[2, 4, 8]",GridSearch,minimize,local
y8bsu7fq,241,1477,1779170189388,,/home/meliani/nni-experiments/y8bsu7fq,92,exp_GridSearch_1800s_local_plus_tt_local_plus_tt,hpo,/home/meliani/Desktop/phd/fast-track/search_space.json,python3 trial.py --data ./local_plus_tt.csv,/home/meliani/Desktop/phd/fast-track,1,1800s,100000000,False,False,info,/home/meliani/nni-experiments,"['LSTM', 'GRU', 'CNN', 'RNN', 'TCN', 'Transformer', 'MLP']","[16, 32, 64, 128, 256]","[1, 2, 3, 4]","[0, 0.1, 0.2, 0.3, 0.5]","['relu', 'tanh', 'sigmoid', 'elu']","[1e-05, 0.01]","[2, 3, 4, 5, 6, 7, 8, 9, 10, 11, 12, 13, 14, 15, 16, 17, 18, 19, 20, 21, 22, 23, 24, 25, 26, 27, 28, 29, 30]","[16, 32, 64, 128]","[5, 10, 15, 20]","[2, 3, 5, 7]","[2, 4, 8]",GridSearch,minimize,local
y8bsu7fq,242,1480,1779170189388,,/home/meliani/nni-experiments/y8bsu7fq,92,exp_GridSearch_1800s_local_plus_tt_local_plus_tt,hpo,/home/meliani/Desktop/phd/fast-track/search_space.json,python3 trial.py --data ./local_plus_tt.csv,/home/meliani/Desktop/phd/fast-track,1,1800s,100000000,False,False,info,/home/meliani/nni-experiments,"['LSTM', 'GRU', 'CNN', 'RNN', 'TCN', 'Transformer', 'MLP']","[16, 32, 64, 128, 256]","[1, 2, 3, 4]","[0, 0.1, 0.2, 0.3, 0.5]","['relu', 'tanh', 'sigmoid', 'elu']","[1e-05, 0.01]","[2, 3, 4, 5, 6, 7, 8, 9, 10, 11, 12, 13, 14, 15, 16, 17, 18, 19, 20, 21, 22, 23, 24, 25, 26, 27, 28, 29, 30]","[16, 32, 64, 128]","[5, 10, 15, 20]","[2, 3, 5, 7]","[2, 4, 8]",GridSearch,minimize,local
y8bsu7fq,243,1490,1779170189388,,/home/meliani/nni-experiments/y8bsu7fq,92,exp_GridSearch_1800s_local_plus_tt_local_plus_tt,hpo,/home/meliani/Desktop/phd/fast-track/search_space.json,python3 trial.py --data ./local_plus_tt.csv,/home/meliani/Desktop/phd/fast-track,1,1800s,100000000,False,False,info,/home/meliani/nni-experiments,"['LSTM', 'GRU', 'CNN', 'RNN', 'TCN', 'Transformer', 'MLP']","[16, 32, 64, 128, 256]","[1, 2, 3, 4]","[0, 0.1, 0.2, 0.3, 0.5]","['relu', 'tanh', 'sigmoid', 'elu']","[1e-05, 0.01]","[2, 3, 4, 5, 6, 7, 8, 9, 10, 11, 12, 13, 14, 15, 16, 17, 18, 19, 20, 21, 22, 23, 24, 25, 26, 27, 28, 29, 30]","[16, 32, 64, 128]","[5, 10, 15, 20]","[2, 3, 5, 7]","[2, 4, 8]",GridSearch,minimize,local
y8bsu7fq,244,1494,1779170189388,,/home/meliani/nni-experiments/y8bsu7fq,93,exp_GridSearch_1800s_local_plus_tt_local_plus_tt,hpo,/home/meliani/Desktop/phd/fast-track/search_space.json,python3 trial.py --data ./local_plus_tt.csv,/home/meliani/Desktop/phd/fast-track,1,1800s,100000000,False,False,info,/home/meliani/nni-experiments,"['LSTM', 'GRU', 'CNN', 'RNN', 'TCN', 'Transformer', 'MLP']","[16, 32, 64, 128, 256]","[1, 2, 3, 4]","[0, 0.1, 0.2, 0.3, 0.5]","['relu', 'tanh', 'sigmoid', 'elu']","[1e-05, 0.01]","[2, 3, 4, 5, 6, 7, 8, 9, 10, 11, 12, 13, 14, 15, 16, 17, 18, 19, 20, 21, 22, 23, 24, 25, 26, 27, 28, 29, 30]","[16, 32, 64, 128]","[5, 10, 15, 20]","[2, 3, 5, 7]","[2, 4, 8]",GridSearch,minimize,local
y8bsu7fq,245,1500,1779170189388,,/home/meliani/nni-experiments/y8bsu7fq,93,exp_GridSearch_1800s_local_plus_tt_local_plus_tt,hpo,/home/meliani/Desktop/phd/fast-track/search_space.json,python3 trial.py --data ./local_plus_tt.csv,/home/meliani/Desktop/phd/fast-track,1,1800s,100000000,False,False,info,/home/meliani/nni-experiments,"['LSTM', 'GRU', 'CNN', 'RNN', 'TCN', 'Transformer', 'MLP']","[16, 32, 64, 128, 256]","[1, 2, 3, 4]","[0, 0.1, 0.2, 0.3, 0.5]","['relu', 'tanh', 'sigmoid', 'elu']","[1e-05, 0.01]","[2, 3, 4, 5, 6, 7, 8, 9, 10, 11, 12, 13, 14, 15, 16, 17, 18, 19, 20, 21, 22, 23, 24, 25, 26, 27, 28, 29, 30]","[16, 32, 64, 128]","[5, 10, 15, 20]","[2, 3, 5, 7]","[2, 4, 8]",GridSearch,minimize,local
y8bsu7fq,246,1510,1779170189388,,/home/meliani/nni-experiments/y8bsu7fq,93,exp_GridSearch_1800s_local_plus_tt_local_plus_tt,hpo,/home/meliani/Desktop/phd/fast-track/search_space.json,python3 trial.py --data ./local_plus_tt.csv,/home/meliani/Desktop/phd/fast-track,1,1800s,100000000,False,False,info,/home/meliani/nni-experiments,"['LSTM', 'GRU', 'CNN', 'RNN', 'TCN', 'Transformer', 'MLP']","[16, 32, 64, 128, 256]","[1, 2, 3, 4]","[0, 0.1, 0.2, 0.3, 0.5]","['relu', 'tanh', 'sigmoid', 'elu']","[1e-05, 0.01]","[2, 3, 4, 5, 6, 7, 8, 9, 10, 11, 12, 13, 14, 15, 16, 17, 18, 19, 20, 21, 22, 23, 24, 25, 26, 27, 28, 29, 30]","[16, 32, 64, 128]","[5, 10, 15, 20]","[2, 3, 5, 7]","[2, 4, 8]",GridSearch,minimize,local
y8bsu7fq,247,1511,1779170189388,,/home/meliani/nni-experiments/y8bsu7fq,94,exp_GridSearch_1800s_local_plus_tt_local_plus_tt,hpo,/home/meliani/Desktop/phd/fast-track/search_space.json,python3 trial.py --data ./local_plus_tt.csv,/home/meliani/Desktop/phd/fast-track,1,1800s,100000000,False,False,info,/home/meliani/nni-experiments,"['LSTM', 'GRU', 'CNN', 'RNN', 'TCN', 'Transformer', 'MLP']","[16, 32, 64, 128, 256]","[1, 2, 3, 4]","[0, 0.1, 0.2, 0.3, 0.5]","['relu', 'tanh', 'sigmoid', 'elu']","[1e-05, 0.01]","[2, 3, 4, 5, 6, 7, 8, 9, 10, 11, 12, 13, 14, 15, 16, 17, 18, 19, 20, 21, 22, 23, 24, 25, 26, 27, 28, 29, 30]","[16, 32, 64, 128]","[5, 10, 15, 20]","[2, 3, 5, 7]","[2, 4, 8]",GridSearch,minimize,local
y8bsu7fq,248,1520,1779170189388,,/home/meliani/nni-experiments/y8bsu7fq,94,exp_GridSearch_1800s_local_plus_tt_local_plus_tt,hpo,/home/meliani/Desktop/phd/fast-track/search_space.json,python3 trial.py --data ./local_plus_tt.csv,/home/meliani/Desktop/phd/fast-track,1,1800s,100000000,False,False,info,/home/meliani/nni-experiments,"['LSTM', 'GRU', 'CNN', 'RNN', 'TCN', 'Transformer', 'MLP']","[16, 32, 64, 128, 256]","[1, 2, 3, 4]","[0, 0.1, 0.2, 0.3, 0.5]","['relu', 'tanh', 'sigmoid', 'elu']","[1e-05, 0.01]","[2, 3, 4, 5, 6, 7, 8, 9, 10, 11, 12, 13, 14, 15, 16, 17, 18, 19, 20, 21, 22, 23, 24, 25, 26, 27, 28, 29, 30]","[16, 32, 64, 128]","[5, 10, 15, 20]","[2, 3, 5, 7]","[2, 4, 8]",GridSearch,minimize,local
y8bsu7fq,249,1529,1779170189388,,/home/meliani/nni-experiments/y8bsu7fq,95,exp_GridSearch_1800s_local_plus_tt_local_plus_tt,hpo,/home/meliani/Desktop/phd/fast-track/search_space.json,python3 trial.py --data ./local_plus_tt.csv,/home/meliani/Desktop/phd/fast-track,1,1800s,100000000,False,False,info,/home/meliani/nni-experiments,"['LSTM', 'GRU', 'CNN', 'RNN', 'TCN', 'Transformer', 'MLP']","[16, 32, 64, 128, 256]","[1, 2, 3, 4]","[0, 0.1, 0.2, 0.3, 0.5]","['relu', 'tanh', 'sigmoid', 'elu']","[1e-05, 0.01]","[2, 3, 4, 5, 6, 7, 8, 9, 10, 11, 12, 13, 14, 15, 16, 17, 18, 19, 20, 21, 22, 23, 24, 25, 26, 27, 28, 29, 30]","[16, 32, 64, 128]","[5, 10, 15, 20]","[2, 3, 5, 7]","[2, 4, 8]",GridSearch,minimize,local
y8bsu7fq,250,1530,1779170189388,,/home/meliani/nni-experiments/y8bsu7fq,95,exp_GridSearch_1800s_local_plus_tt_local_plus_tt,hpo,/home/meliani/Desktop/phd/fast-track/search_space.json,python3 trial.py --data ./local_plus_tt.csv,/home/meliani/Desktop/phd/fast-track,1,1800s,100000000,False,False,info,/home/meliani/nni-experiments,"['LSTM', 'GRU', 'CNN', 'RNN', 'TCN', 'Transformer', 'MLP']","[16, 32, 64, 128, 256]","[1, 2, 3, 4]","[0, 0.1, 0.2, 0.3, 0.5]","['relu', 'tanh', 'sigmoid', 'elu']","[1e-05, 0.01]","[2, 3, 4, 5, 6, 7, 8, 9, 10, 11, 12, 13, 14, 15, 16, 17, 18, 19, 20, 21, 22, 23, 24, 25, 26, 27, 28, 29, 30]","[16, 32, 64, 128]","[5, 10, 15, 20]","[2, 3, 5, 7]","[2, 4, 8]",GridSearch,minimize,local
y8bsu7fq,251,1540,1779170189388,,/home/meliani/nni-experiments/y8bsu7fq,95,exp_GridSearch_1800s_local_plus_tt_local_plus_tt,hpo,/home/meliani/Desktop/phd/fast-track/search_space.json,python3 trial.py --data ./local_plus_tt.csv,/home/meliani/Desktop/phd/fast-track,1,1800s,100000000,False,False,info,/home/meliani/nni-experiments,"['LSTM', 'GRU', 'CNN', 'RNN', 'TCN', 'Transformer', 'MLP']","[16, 32, 64, 128, 256]","[1, 2, 3, 4]","[0, 0.1, 0.2, 0.3, 0.5]","['relu', 'tanh', 'sigmoid', 'elu']","[1e-05, 0.01]","[2, 3, 4, 5, 6, 7, 8, 9, 10, 11, 12, 13, 14, 15, 16, 17, 18, 19, 20, 21, 22, 23, 24, 25, 26, 27, 28, 29, 30]","[16, 32, 64, 128]","[5, 10, 15, 20]","[2, 3, 5, 7]","[2, 4, 8]",GridSearch,minimize,local
y8bsu7fq,252,1547,1779170189388,,/home/meliani/nni-experiments/y8bsu7fq,96,exp_GridSearch_1800s_local_plus_tt_local_plus_tt,hpo,/home/meliani/Desktop/phd/fast-track/search_space.json,python3 trial.py --data ./local_plus_tt.csv,/home/meliani/Desktop/phd/fast-track,1,1800s,100000000,False,False,info,/home/meliani/nni-experiments,"['LSTM', 'GRU', 'CNN', 'RNN', 'TCN', 'Transformer', 'MLP']","[16, 32, 64, 128, 256]","[1, 2, 3, 4]","[0, 0.1, 0.2, 0.3, 0.5]","['relu', 'tanh', 'sigmoid', 'elu']","[1e-05, 0.01]","[2, 3, 4, 5, 6, 7, 8, 9, 10, 11, 12, 13, 14, 15, 16, 17, 18, 19, 20, 21, 22, 23, 24, 25, 26, 27, 28, 29, 30]","[16, 32, 64, 128]","[5, 10, 15, 20]","[2, 3, 5, 7]","[2, 4, 8]",GridSearch,minimize,local
y8bsu7fq,253,1550,1779170189388,,/home/meliani/nni-experiments/y8bsu7fq,96,exp_GridSearch_1800s_local_plus_tt_local_plus_tt,hpo,/home/meliani/Desktop/phd/fast-track/search_space.json,python3 trial.py --data ./local_plus_tt.csv,/home/meliani/Desktop/phd/fast-track,1,1800s,100000000,False,False,info,/home/meliani/nni-experiments,"['LSTM', 'GRU', 'CNN', 'RNN', 'TCN', 'Transformer', 'MLP']","[16, 32, 64, 128, 256]","[1, 2, 3, 4]","[0, 0.1, 0.2, 0.3, 0.5]","['relu', 'tanh', 'sigmoid', 'elu']","[1e-05, 0.01]","[2, 3, 4, 5, 6, 7, 8, 9, 10, 11, 12, 13, 14, 15, 16, 17, 18, 19, 20, 21, 22, 23, 24, 25, 26, 27, 28, 29, 30]","[16, 32, 64, 128]","[5, 10, 15, 20]","[2, 3, 5, 7]","[2, 4, 8]",GridSearch,minimize,local
y8bsu7fq,254,1560,1779170189388,,/home/meliani/nni-experiments/y8bsu7fq,96,exp_GridSearch_1800s_local_plus_tt_local_plus_tt,hpo,/home/meliani/Desktop/phd/fast-track/search_space.json,python3 trial.py --data ./local_plus_tt.csv,/home/meliani/Desktop/phd/fast-track,1,1800s,100000000,False,False,info,/home/meliani/nni-experiments,"['LSTM', 'GRU', 'CNN', 'RNN', 'TCN', 'Transformer', 'MLP']","[16, 32, 64, 128, 256]","[1, 2, 3, 4]","[0, 0.1, 0.2, 0.3, 0.5]","['relu', 'tanh', 'sigmoid', 'elu']","[1e-05, 0.01]","[2, 3, 4, 5, 6, 7, 8, 9, 10, 11, 12, 13, 14, 15, 16, 17, 18, 19, 20, 21, 22, 23, 24, 25, 26, 27, 28, 29, 30]","[16, 32, 64, 128]","[5, 10, 15, 20]","[2, 3, 5, 7]","[2, 4, 8]",GridSearch,minimize,local
y8bsu7fq,255,1564,1779170189388,,/home/meliani/nni-experiments/y8bsu7fq,97,exp_GridSearch_1800s_local_plus_tt_local_plus_tt,hpo,/home/meliani/Desktop/phd/fast-track/search_space.json,python3 trial.py --data ./local_plus_tt.csv,/home/meliani/Desktop/phd/fast-track,1,1800s,100000000,False,False,info,/home/meliani/nni-experiments,"['LSTM', 'GRU', 'CNN', 'RNN', 'TCN', 'Transformer', 'MLP']","[16, 32, 64, 128, 256]","[1, 2, 3, 4]","[0, 0.1, 0.2, 0.3, 0.5]","['relu', 'tanh', 'sigmoid', 'elu']","[1e-05, 0.01]","[2, 3, 4, 5, 6, 7, 8, 9, 10, 11, 12, 13, 14, 15, 16, 17, 18, 19, 20, 21, 22, 23, 24, 25, 26, 27, 28, 29, 30]","[16, 32, 64, 128]","[5, 10, 15, 20]","[2, 3, 5, 7]","[2, 4, 8]",GridSearch,minimize,local
y8bsu7fq,256,1570,1779170189388,,/home/meliani/nni-experiments/y8bsu7fq,97,exp_GridSearch_1800s_local_plus_tt_local_plus_tt,hpo,/home/meliani/Desktop/phd/fast-track/search_space.json,python3 trial.py --data ./local_plus_tt.csv,/home/meliani/Desktop/phd/fast-track,1,1800s,100000000,False,False,info,/home/meliani/nni-experiments,"['LSTM', 'GRU', 'CNN', 'RNN', 'TCN', 'Transformer', 'MLP']","[16, 32, 64, 128, 256]","[1, 2, 3, 4]","[0, 0.1, 0.2, 0.3, 0.5]","['relu', 'tanh', 'sigmoid', 'elu']","[1e-05, 0.01]","[2, 3, 4, 5, 6, 7, 8, 9, 10, 11, 12, 13, 14, 15, 16, 17, 18, 19, 20, 21, 22, 23, 24, 25, 26, 27, 28, 29, 30]","[16, 32, 64, 128]","[5, 10, 15, 20]","[2, 3, 5, 7]","[2, 4, 8]",GridSearch,minimize,local
y8bsu7fq,257,1572,1779170189388,,/home/meliani/nni-experiments/y8bsu7fq,98,exp_GridSearch_1800s_local_plus_tt_local_plus_tt,hpo,/home/meliani/Desktop/phd/fast-track/search_space.json,python3 trial.py --data ./local_plus_tt.csv,/home/meliani/Desktop/phd/fast-track,1,1800s,100000000,False,False,info,/home/meliani/nni-experiments,"['LSTM', 'GRU', 'CNN', 'RNN', 'TCN', 'Transformer', 'MLP']","[16, 32, 64, 128, 256]","[1, 2, 3, 4]","[0, 0.1, 0.2, 0.3, 0.5]","['relu', 'tanh', 'sigmoid', 'elu']","[1e-05, 0.01]","[2, 3, 4, 5, 6, 7, 8, 9, 10, 11, 12, 13, 14, 15, 16, 17, 18, 19, 20, 21, 22, 23, 24, 25, 26, 27, 28, 29, 30]","[16, 32, 64, 128]","[5, 10, 15, 20]","[2, 3, 5, 7]","[2, 4, 8]",GridSearch,minimize,local
y8bsu7fq,258,1580,1779170189388,,/home/meliani/nni-experiments/y8bsu7fq,98,exp_GridSearch_1800s_local_plus_tt_local_plus_tt,hpo,/home/meliani/Desktop/phd/fast-track/search_space.json,python3 trial.py --data ./local_plus_tt.csv,/home/meliani/Desktop/phd/fast-track,1,1800s,100000000,False,False,info,/home/meliani/nni-experiments,"['LSTM', 'GRU', 'CNN', 'RNN', 'TCN', 'Transformer', 'MLP']","[16, 32, 64, 128, 256]","[1, 2, 3, 4]","[0, 0.1, 0.2, 0.3, 0.5]","['relu', 'tanh', 'sigmoid', 'elu']","[1e-05, 0.01]","[2, 3, 4, 5, 6, 7, 8, 9, 10, 11, 12, 13, 14, 15, 16, 17, 18, 19, 20, 21, 22, 23, 24, 25, 26, 27, 28, 29, 30]","[16, 32, 64, 128]","[5, 10, 15, 20]","[2, 3, 5, 7]","[2, 4, 8]",GridSearch,minimize,local
y8bsu7fq,259,1581,1779170189388,,/home/meliani/nni-experiments/y8bsu7fq,99,exp_GridSearch_1800s_local_plus_tt_local_plus_tt,hpo,/home/meliani/Desktop/phd/fast-track/search_space.json,python3 trial.py --data ./local_plus_tt.csv,/home/meliani/Desktop/phd/fast-track,1,1800s,100000000,False,False,info,/home/meliani/nni-experiments,"['LSTM', 'GRU', 'CNN', 'RNN', 'TCN', 'Transformer', 'MLP']","[16, 32, 64, 128, 256]","[1, 2, 3, 4]","[0, 0.1, 0.2, 0.3, 0.5]","['relu', 'tanh', 'sigmoid', 'elu']","[1e-05, 0.01]","[2, 3, 4, 5, 6, 7, 8, 9, 10, 11, 12, 13, 14, 15, 16, 17, 18, 19, 20, 21, 22, 23, 24, 25, 26, 27, 28, 29, 30]","[16, 32, 64, 128]","[5, 10, 15, 20]","[2, 3, 5, 7]","[2, 4, 8]",GridSearch,minimize,local
y8bsu7fq,260,1587,1779170189388,,/home/meliani/nni-experiments/y8bsu7fq,100,exp_GridSearch_1800s_local_plus_tt_local_plus_tt,hpo,/home/meliani/Desktop/phd/fast-track/search_space.json,python3 trial.py --data ./local_plus_tt.csv,/home/meliani/Desktop/phd/fast-track,1,1800s,100000000,False,False,info,/home/meliani/nni-experiments,"['LSTM', 'GRU', 'CNN', 'RNN', 'TCN', 'Transformer', 'MLP']","[16, 32, 64, 128, 256]","[1, 2, 3, 4]","[0, 0.1, 0.2, 0.3, 0.5]","['relu', 'tanh', 'sigmoid', 'elu']","[1e-05, 0.01]","[2, 3, 4, 5, 6, 7, 8, 9, 10, 11, 12, 13, 14, 15, 16, 17, 18, 19, 20, 21, 22, 23, 24, 25, 26, 27, 28, 29, 30]","[16, 32, 64, 128]","[5, 10, 15, 20]","[2, 3, 5, 7]","[2, 4, 8]",GridSearch,minimize,local
y8bsu7fq,261,1590,1779170189388,,/home/meliani/nni-experiments/y8bsu7fq,100,exp_GridSearch_1800s_local_plus_tt_local_plus_tt,hpo,/home/meliani/Desktop/phd/fast-track/search_space.json,python3 trial.py --data ./local_plus_tt.csv,/home/meliani/Desktop/phd/fast-track,1,1800s,100000000,False,False,info,/home/meliani/nni-experiments,"['LSTM', 'GRU', 'CNN', 'RNN', 'TCN', 'Transformer', 'MLP']","[16, 32, 64, 128, 256]","[1, 2, 3, 4]","[0, 0.1, 0.2, 0.3, 0.5]","['relu', 'tanh', 'sigmoid', 'elu']","[1e-05, 0.01]","[2, 3, 4, 5, 6, 7, 8, 9, 10, 11, 12, 13, 14, 15, 16, 17, 18, 19, 20, 21, 22, 23, 24, 25, 26, 27, 28, 29, 30]","[16, 32, 64, 128]","[5, 10, 15, 20]","[2, 3, 5, 7]","[2, 4, 8]",GridSearch,minimize,local
y8bsu7fq,262,1595,1779170189388,,/home/meliani/nni-experiments/y8bsu7fq,101,exp_GridSearch_1800s_local_plus_tt_local_plus_tt,hpo,/home/meliani/Desktop/phd/fast-track/search_space.json,python3 trial.py --data ./local_plus_tt.csv,/home/meliani/Desktop/phd/fast-track,1,1800s,100000000,False,False,info,/home/meliani/nni-experiments,"['LSTM', 'GRU', 'CNN', 'RNN', 'TCN', 'Transformer', 'MLP']","[16, 32, 64, 128, 256]","[1, 2, 3, 4]","[0, 0.1, 0.2, 0.3, 0.5]","['relu', 'tanh', 'sigmoid', 'elu']","[1e-05, 0.01]","[2, 3, 4, 5, 6, 7, 8, 9, 10, 11, 12, 13, 14, 15, 16, 17, 18, 19, 20, 21, 22, 23, 24, 25, 26, 27, 28, 29, 30]","[16, 32, 64, 128]","[5, 10, 15, 20]","[2, 3, 5, 7]","[2, 4, 8]",GridSearch,minimize,local
y8bsu7fq,263,1600,1779170189388,,/home/meliani/nni-experiments/y8bsu7fq,101,exp_GridSearch_1800s_local_plus_tt_local_plus_tt,hpo,/home/meliani/Desktop/phd/fast-track/search_space.json,python3 trial.py --data ./local_plus_tt.csv,/home/meliani/Desktop/phd/fast-track,1,1800s,100000000,False,False,info,/home/meliani/nni-experiments,"['LSTM', 'GRU', 'CNN', 'RNN', 'TCN', 'Transformer', 'MLP']","[16, 32, 64, 128, 256]","[1, 2, 3, 4]","[0, 0.1, 0.2, 0.3, 0.5]","['relu', 'tanh', 'sigmoid', 'elu']","[1e-05, 0.01]","[2, 3, 4, 5, 6, 7, 8, 9, 10, 11, 12, 13, 14, 15, 16, 17, 18, 19, 20, 21, 22, 23, 24, 25, 26, 27, 28, 29, 30]","[16, 32, 64, 128]","[5, 10, 15, 20]","[2, 3, 5, 7]","[2, 4, 8]",GridSearch,minimize,local
y8bsu7fq,264,1603,1779170189388,,/home/meliani/nni-experiments/y8bsu7fq,102,exp_GridSearch_1800s_local_plus_tt_local_plus_tt,hpo,/home/meliani/Desktop/phd/fast-track/search_space.json,python3 trial.py --data ./local_plus_tt.csv,/home/meliani/Desktop/phd/fast-track,1,1800s,100000000,False,False,info,/home/meliani/nni-experiments,"['LSTM', 'GRU', 'CNN', 'RNN', 'TCN', 'Transformer', 'MLP']","[16, 32, 64, 128, 256]","[1, 2, 3, 4]","[0, 0.1, 0.2, 0.3, 0.5]","['relu', 'tanh', 'sigmoid', 'elu']","[1e-05, 0.01]","[2, 3, 4, 5, 6, 7, 8, 9, 10, 11, 12, 13, 14, 15, 16, 17, 18, 19, 20, 21, 22, 23, 24, 25, 26, 27, 28, 29, 30]","[16, 32, 64, 128]","[5, 10, 15, 20]","[2, 3, 5, 7]","[2, 4, 8]",GridSearch,minimize,local
y8bsu7fq,265,1610,1779170189388,,/home/meliani/nni-experiments/y8bsu7fq,102,exp_GridSearch_1800s_local_plus_tt_local_plus_tt,hpo,/home/meliani/Desktop/phd/fast-track/search_space.json,python3 trial.py --data ./local_plus_tt.csv,/home/meliani/Desktop/phd/fast-track,1,1800s,100000000,False,False,info,/home/meliani/nni-experiments,"['LSTM', 'GRU', 'CNN', 'RNN', 'TCN', 'Transformer', 'MLP']","[16, 32, 64, 128, 256]","[1, 2, 3, 4]","[0, 0.1, 0.2, 0.3, 0.5]","['relu', 'tanh', 'sigmoid', 'elu']","[1e-05, 0.01]","[2, 3, 4, 5, 6, 7, 8, 9, 10, 11, 12, 13, 14, 15, 16, 17, 18, 19, 20, 21, 22, 23, 24, 25, 26, 27, 28, 29, 30]","[16, 32, 64, 128]","[5, 10, 15, 20]","[2, 3, 5, 7]","[2, 4, 8]",GridSearch,minimize,local
y8bsu7fq,266,1611,1779170189388,,/home/meliani/nni-experiments/y8bsu7fq,103,exp_GridSearch_1800s_local_plus_tt_local_plus_tt,hpo,/home/meliani/Desktop/phd/fast-track/search_space.json,python3 trial.py --data ./local_plus_tt.csv,/home/meliani/Desktop/phd/fast-track,1,1800s,100000000,False,False,info,/home/meliani/nni-experiments,"['LSTM', 'GRU', 'CNN', 'RNN', 'TCN', 'Transformer', 'MLP']","[16, 32, 64, 128, 256]","[1, 2, 3, 4]","[0, 0.1, 0.2, 0.3, 0.5]","['relu', 'tanh', 'sigmoid', 'elu']","[1e-05, 0.01]","[2, 3, 4, 5, 6, 7, 8, 9, 10, 11, 12, 13, 14, 15, 16, 17, 18, 19, 20, 21, 22, 23, 24, 25, 26, 27, 28, 29, 30]","[16, 32, 64, 128]","[5, 10, 15, 20]","[2, 3, 5, 7]","[2, 4, 8]",GridSearch,minimize,local
y8bsu7fq,267,1619,1779170189388,,/home/meliani/nni-experiments/y8bsu7fq,104,exp_GridSearch_1800s_local_plus_tt_local_plus_tt,hpo,/home/meliani/Desktop/phd/fast-track/search_space.json,python3 trial.py --data ./local_plus_tt.csv,/home/meliani/Desktop/phd/fast-track,1,1800s,100000000,False,False,info,/home/meliani/nni-experiments,"['LSTM', 'GRU', 'CNN', 'RNN', 'TCN', 'Transformer', 'MLP']","[16, 32, 64, 128, 256]","[1, 2, 3, 4]","[0, 0.1, 0.2, 0.3, 0.5]","['relu', 'tanh', 'sigmoid', 'elu']","[1e-05, 0.01]","[2, 3, 4, 5, 6, 7, 8, 9, 10, 11, 12, 13, 14, 15, 16, 17, 18, 19, 20, 21, 22, 23, 24, 25, 26, 27, 28, 29, 30]","[16, 32, 64, 128]","[5, 10, 15, 20]","[2, 3, 5, 7]","[2, 4, 8]",GridSearch,minimize,local
y8bsu7fq,268,1620,1779170189388,,/home/meliani/nni-experiments/y8bsu7fq,104,exp_GridSearch_1800s_local_plus_tt_local_plus_tt,hpo,/home/meliani/Desktop/phd/fast-track/search_space.json,python3 trial.py --data ./local_plus_tt.csv,/home/meliani/Desktop/phd/fast-track,1,1800s,100000000,False,False,info,/home/meliani/nni-experiments,"['LSTM', 'GRU', 'CNN', 'RNN', 'TCN', 'Transformer', 'MLP']","[16, 32, 64, 128, 256]","[1, 2, 3, 4]","[0, 0.1, 0.2, 0.3, 0.5]","['relu', 'tanh', 'sigmoid', 'elu']","[1e-05, 0.01]","[2, 3, 4, 5, 6, 7, 8, 9, 10, 11, 12, 13, 14, 15, 16, 17, 18, 19, 20, 21, 22, 23, 24, 25, 26, 27, 28, 29, 30]","[16, 32, 64, 128]","[5, 10, 15, 20]","[2, 3, 5, 7]","[2, 4, 8]",GridSearch,minimize,local
y8bsu7fq,269,1627,1779170189388,,/home/meliani/nni-experiments/y8bsu7fq,105,exp_GridSearch_1800s_local_plus_tt_local_plus_tt,hpo,/home/meliani/Desktop/phd/fast-track/search_space.json,python3 trial.py --data ./local_plus_tt.csv,/home/meliani/Desktop/phd/fast-track,1,1800s,100000000,False,False,info,/home/meliani/nni-experiments,"['LSTM', 'GRU', 'CNN', 'RNN', 'TCN', 'Transformer', 'MLP']","[16, 32, 64, 128, 256]","[1, 2, 3, 4]","[0, 0.1, 0.2, 0.3, 0.5]","['relu', 'tanh', 'sigmoid', 'elu']","[1e-05, 0.01]","[2, 3, 4, 5, 6, 7, 8, 9, 10, 11, 12, 13, 14, 15, 16, 17, 18, 19, 20, 21, 22, 23, 24, 25, 26, 27, 28, 29, 30]","[16, 32, 64, 128]","[5, 10, 15, 20]","[2, 3, 5, 7]","[2, 4, 8]",GridSearch,minimize,local
y8bsu7fq,270,1630,1779170189388,,/home/meliani/nni-experiments/y8bsu7fq,105,exp_GridSearch_1800s_local_plus_tt_local_plus_tt,hpo,/home/meliani/Desktop/phd/fast-track/search_space.json,python3 trial.py --data ./local_plus_tt.csv,/home/meliani/Desktop/phd/fast-track,1,1800s,100000000,False,False,info,/home/meliani/nni-experiments,"['LSTM', 'GRU', 'CNN', 'RNN', 'TCN', 'Transformer', 'MLP']","[16, 32, 64, 128, 256]","[1, 2, 3, 4]","[0, 0.1, 0.2, 0.3, 0.5]","['relu', 'tanh', 'sigmoid', 'elu']","[1e-05, 0.01]","[2, 3, 4, 5, 6, 7, 8, 9, 10, 11, 12, 13, 14, 15, 16, 17, 18, 19, 20, 21, 22, 23, 24, 25, 26, 27, 28, 29, 30]","[16, 32, 64, 128]","[5, 10, 15, 20]","[2, 3, 5, 7]","[2, 4, 8]",GridSearch,minimize,local
y8bsu7fq,271,1636,1779170189388,,/home/meliani/nni-experiments/y8bsu7fq,106,exp_GridSearch_1800s_local_plus_tt_local_plus_tt,hpo,/home/meliani/Desktop/phd/fast-track/search_space.json,python3 trial.py --data ./local_plus_tt.csv,/home/meliani/Desktop/phd/fast-track,1,1800s,100000000,False,False,info,/home/meliani/nni-experiments,"['LSTM', 'GRU', 'CNN', 'RNN', 'TCN', 'Transformer', 'MLP']","[16, 32, 64, 128, 256]","[1, 2, 3, 4]","[0, 0.1, 0.2, 0.3, 0.5]","['relu', 'tanh', 'sigmoid', 'elu']","[1e-05, 0.01]","[2, 3, 4, 5, 6, 7, 8, 9, 10, 11, 12, 13, 14, 15, 16, 17, 18, 19, 20, 21, 22, 23, 24, 25, 26, 27, 28, 29, 30]","[16, 32, 64, 128]","[5, 10, 15, 20]","[2, 3, 5, 7]","[2, 4, 8]",GridSearch,minimize,local
y8bsu7fq,272,1640,1779170189388,,/home/meliani/nni-experiments/y8bsu7fq,106,exp_GridSearch_1800s_local_plus_tt_local_plus_tt,hpo,/home/meliani/Desktop/phd/fast-track/search_space.json,python3 trial.py --data ./local_plus_tt.csv,/home/meliani/Desktop/phd/fast-track,1,1800s,100000000,False,False,info,/home/meliani/nni-experiments,"['LSTM', 'GRU', 'CNN', 'RNN', 'TCN', 'Transformer', 'MLP']","[16, 32, 64, 128, 256]","[1, 2, 3, 4]","[0, 0.1, 0.2, 0.3, 0.5]","['relu', 'tanh', 'sigmoid', 'elu']","[1e-05, 0.01]","[2, 3, 4, 5, 6, 7, 8, 9, 10, 11, 12, 13, 14, 15, 16, 17, 18, 19, 20, 21, 22, 23, 24, 25, 26, 27, 28, 29, 30]","[16, 32, 64, 128]","[5, 10, 15, 20]","[2, 3, 5, 7]","[2, 4, 8]",GridSearch,minimize,local
y8bsu7fq,273,1645,1779170189388,,/home/meliani/nni-experiments/y8bsu7fq,107,exp_GridSearch_1800s_local_plus_tt_local_plus_tt,hpo,/home/meliani/Desktop/phd/fast-track/search_space.json,python3 trial.py --data ./local_plus_tt.csv,/home/meliani/Desktop/phd/fast-track,1,1800s,100000000,False,False,info,/home/meliani/nni-experiments,"['LSTM', 'GRU', 'CNN', 'RNN', 'TCN', 'Transformer', 'MLP']","[16, 32, 64, 128, 256]","[1, 2, 3, 4]","[0, 0.1, 0.2, 0.3, 0.5]","['relu', 'tanh', 'sigmoid', 'elu']","[1e-05, 0.01]","[2, 3, 4, 5, 6, 7, 8, 9, 10, 11, 12, 13, 14, 15, 16, 17, 18, 19, 20, 21, 22, 23, 24, 25, 26, 27, 28, 29, 30]","[16, 32, 64, 128]","[5, 10, 15, 20]","[2, 3, 5, 7]","[2, 4, 8]",GridSearch,minimize,local
y8bsu7fq,274,1650,1779170189388,,/home/meliani/nni-experiments/y8bsu7fq,107,exp_GridSearch_1800s_local_plus_tt_local_plus_tt,hpo,/home/meliani/Desktop/phd/fast-track/search_space.json,python3 trial.py --data ./local_plus_tt.csv,/home/meliani/Desktop/phd/fast-track,1,1800s,100000000,False,False,info,/home/meliani/nni-experiments,"['LSTM', 'GRU', 'CNN', 'RNN', 'TCN', 'Transformer', 'MLP']","[16, 32, 64, 128, 256]","[1, 2, 3, 4]","[0, 0.1, 0.2, 0.3, 0.5]","['relu', 'tanh', 'sigmoid', 'elu']","[1e-05, 0.01]","[2, 3, 4, 5, 6, 7, 8, 9, 10, 11, 12, 13, 14, 15, 16, 17, 18, 19, 20, 21, 22, 23, 24, 25, 26, 27, 28, 29, 30]","[16, 32, 64, 128]","[5, 10, 15, 20]","[2, 3, 5, 7]","[2, 4, 8]",GridSearch,minimize,local
y8bsu7fq,275,1653,1779170189388,,/home/meliani/nni-experiments/y8bsu7fq,108,exp_GridSearch_1800s_local_plus_tt_local_plus_tt,hpo,/home/meliani/Desktop/phd/fast-track/search_space.json,python3 trial.py --data ./local_plus_tt.csv,/home/meliani/Desktop/phd/fast-track,1,1800s,100000000,False,False,info,/home/meliani/nni-experiments,"['LSTM', 'GRU', 'CNN', 'RNN', 'TCN', 'Transformer', 'MLP']","[16, 32, 64, 128, 256]","[1, 2, 3, 4]","[0, 0.1, 0.2, 0.3, 0.5]","['relu', 'tanh', 'sigmoid', 'elu']","[1e-05, 0.01]","[2, 3, 4, 5, 6, 7, 8, 9, 10, 11, 12, 13, 14, 15, 16, 17, 18, 19, 20, 21, 22, 23, 24, 25, 26, 27, 28, 29, 30]","[16, 32, 64, 128]","[5, 10, 15, 20]","[2, 3, 5, 7]","[2, 4, 8]",GridSearch,minimize,local
y8bsu7fq,276,1660,1779170189388,,/home/meliani/nni-experiments/y8bsu7fq,108,exp_GridSearch_1800s_local_plus_tt_local_plus_tt,hpo,/home/meliani/Desktop/phd/fast-track/search_space.json,python3 trial.py --data ./local_plus_tt.csv,/home/meliani/Desktop/phd/fast-track,1,1800s,100000000,False,False,info,/home/meliani/nni-experiments,"['LSTM', 'GRU', 'CNN', 'RNN', 'TCN', 'Transformer', 'MLP']","[16, 32, 64, 128, 256]","[1, 2, 3, 4]","[0, 0.1, 0.2, 0.3, 0.5]","['relu', 'tanh', 'sigmoid', 'elu']","[1e-05, 0.01]","[2, 3, 4, 5, 6, 7, 8, 9, 10, 11, 12, 13, 14, 15, 16, 17, 18, 19, 20, 21, 22, 23, 24, 25, 26, 27, 28, 29, 30]","[16, 32, 64, 128]","[5, 10, 15, 20]","[2, 3, 5, 7]","[2, 4, 8]",GridSearch,minimize,local
y8bsu7fq,277,1662,1779170189388,,/home/meliani/nni-experiments/y8bsu7fq,109,exp_GridSearch_1800s_local_plus_tt_local_plus_tt,hpo,/home/meliani/Desktop/phd/fast-track/search_space.json,python3 trial.py --data ./local_plus_tt.csv,/home/meliani/Desktop/phd/fast-track,1,1800s,100000000,False,False,info,/home/meliani/nni-experiments,"['LSTM', 'GRU', 'CNN', 'RNN', 'TCN', 'Transformer', 'MLP']","[16, 32, 64, 128, 256]","[1, 2, 3, 4]","[0, 0.1, 0.2, 0.3, 0.5]","['relu', 'tanh', 'sigmoid', 'elu']","[1e-05, 0.01]","[2, 3, 4, 5, 6, 7, 8, 9, 10, 11, 12, 13, 14, 15, 16, 17, 18, 19, 20, 21, 22, 23, 24, 25, 26, 27, 28, 29, 30]","[16, 32, 64, 128]","[5, 10, 15, 20]","[2, 3, 5, 7]","[2, 4, 8]",GridSearch,minimize,local
y8bsu7fq,278,1670,1779170189388,,/home/meliani/nni-experiments/y8bsu7fq,109,exp_GridSearch_1800s_local_plus_tt_local_plus_tt,hpo,/home/meliani/Desktop/phd/fast-track/search_space.json,python3 trial.py --data ./local_plus_tt.csv,/home/meliani/Desktop/phd/fast-track,1,1800s,100000000,False,False,info,/home/meliani/nni-experiments,"['LSTM', 'GRU', 'CNN', 'RNN', 'TCN', 'Transformer', 'MLP']","[16, 32, 64, 128, 256]","[1, 2, 3, 4]","[0, 0.1, 0.2, 0.3, 0.5]","['relu', 'tanh', 'sigmoid', 'elu']","[1e-05, 0.01]","[2, 3, 4, 5, 6, 7, 8, 9, 10, 11, 12, 13, 14, 15, 16, 17, 18, 19, 20, 21, 22, 23, 24, 25, 26, 27, 28, 29, 30]","[16, 32, 64, 128]","[5, 10, 15, 20]","[2, 3, 5, 7]","[2, 4, 8]",GridSearch,minimize,local
y8bsu7fq,279,1672,1779170189388,,/home/meliani/nni-experiments/y8bsu7fq,110,exp_GridSearch_1800s_local_plus_tt_local_plus_tt,hpo,/home/meliani/Desktop/phd/fast-track/search_space.json,python3 trial.py --data ./local_plus_tt.csv,/home/meliani/Desktop/phd/fast-track,1,1800s,100000000,False,False,info,/home/meliani/nni-experiments,"['LSTM', 'GRU', 'CNN', 'RNN', 'TCN', 'Transformer', 'MLP']","[16, 32, 64, 128, 256]","[1, 2, 3, 4]","[0, 0.1, 0.2, 0.3, 0.5]","['relu', 'tanh', 'sigmoid', 'elu']","[1e-05, 0.01]","[2, 3, 4, 5, 6, 7, 8, 9, 10, 11, 12, 13, 14, 15, 16, 17, 18, 19, 20, 21, 22, 23, 24, 25, 26, 27, 28, 29, 30]","[16, 32, 64, 128]","[5, 10, 15, 20]","[2, 3, 5, 7]","[2, 4, 8]",GridSearch,minimize,local
y8bsu7fq,280,1680,1779170189388,,/home/meliani/nni-experiments/y8bsu7fq,110,exp_GridSearch_1800s_local_plus_tt_local_plus_tt,hpo,/home/meliani/Desktop/phd/fast-track/search_space.json,python3 trial.py --data ./local_plus_tt.csv,/home/meliani/Desktop/phd/fast-track,1,1800s,100000000,False,False,info,/home/meliani/nni-experiments,"['LSTM', 'GRU', 'CNN', 'RNN', 'TCN', 'Transformer', 'MLP']","[16, 32, 64, 128, 256]","[1, 2, 3, 4]","[0, 0.1, 0.2, 0.3, 0.5]","['relu', 'tanh', 'sigmoid', 'elu']","[1e-05, 0.01]","[2, 3, 4, 5, 6, 7, 8, 9, 10, 11, 12, 13, 14, 15, 16, 17, 18, 19, 20, 21, 22, 23, 24, 25, 26, 27, 28, 29, 30]","[16, 32, 64, 128]","[5, 10, 15, 20]","[2, 3, 5, 7]","[2, 4, 8]",GridSearch,minimize,local
y8bsu7fq,281,1682,1779170189388,,/home/meliani/nni-experiments/y8bsu7fq,111,exp_GridSearch_1800s_local_plus_tt_local_plus_tt,hpo,/home/meliani/Desktop/phd/fast-track/search_space.json,python3 trial.py --data ./local_plus_tt.csv,/home/meliani/Desktop/phd/fast-track,1,1800s,100000000,False,False,info,/home/meliani/nni-experiments,"['LSTM', 'GRU', 'CNN', 'RNN', 'TCN', 'Transformer', 'MLP']","[16, 32, 64, 128, 256]","[1, 2, 3, 4]","[0, 0.1, 0.2, 0.3, 0.5]","['relu', 'tanh', 'sigmoid', 'elu']","[1e-05, 0.01]","[2, 3, 4, 5, 6, 7, 8, 9, 10, 11, 12, 13, 14, 15, 16, 17, 18, 19, 20, 21, 22, 23, 24, 25, 26, 27, 28, 29, 30]","[16, 32, 64, 128]","[5, 10, 15, 20]","[2, 3, 5, 7]","[2, 4, 8]",GridSearch,minimize,local
y8bsu7fq,282,1690,1779170189388,,/home/meliani/nni-experiments/y8bsu7fq,111,exp_GridSearch_1800s_local_plus_tt_local_plus_tt,hpo,/home/meliani/Desktop/phd/fast-track/search_space.json,python3 trial.py --data ./local_plus_tt.csv,/home/meliani/Desktop/phd/fast-track,1,1800s,100000000,False,False,info,/home/meliani/nni-experiments,"['LSTM', 'GRU', 'CNN', 'RNN', 'TCN', 'Transformer', 'MLP']","[16, 32, 64, 128, 256]","[1, 2, 3, 4]","[0, 0.1, 0.2, 0.3, 0.5]","['relu', 'tanh', 'sigmoid', 'elu']","[1e-05, 0.01]","[2, 3, 4, 5, 6, 7, 8, 9, 10, 11, 12, 13, 14, 15, 16, 17, 18, 19, 20, 21, 22, 23, 24, 25, 26, 27, 28, 29, 30]","[16, 32, 64, 128]","[5, 10, 15, 20]","[2, 3, 5, 7]","[2, 4, 8]",GridSearch,minimize,local
y8bsu7fq,283,1692,1779170189388,,/home/meliani/nni-experiments/y8bsu7fq,112,exp_GridSearch_1800s_local_plus_tt_local_plus_tt,hpo,/home/meliani/Desktop/phd/fast-track/search_space.json,python3 trial.py --data ./local_plus_tt.csv,/home/meliani/Desktop/phd/fast-track,1,1800s,100000000,False,False,info,/home/meliani/nni-experiments,"['LSTM', 'GRU', 'CNN', 'RNN', 'TCN', 'Transformer', 'MLP']","[16, 32, 64, 128, 256]","[1, 2, 3, 4]","[0, 0.1, 0.2, 0.3, 0.5]","['relu', 'tanh', 'sigmoid', 'elu']","[1e-05, 0.01]","[2, 3, 4, 5, 6, 7, 8, 9, 10, 11, 12, 13, 14, 15, 16, 17, 18, 19, 20, 21, 22, 23, 24, 25, 26, 27, 28, 29, 30]","[16, 32, 64, 128]","[5, 10, 15, 20]","[2, 3, 5, 7]","[2, 4, 8]",GridSearch,minimize,local
y8bsu7fq,284,1700,1779170189388,,/home/meliani/nni-experiments/y8bsu7fq,112,exp_GridSearch_1800s_local_plus_tt_local_plus_tt,hpo,/home/meliani/Desktop/phd/fast-track/search_space.json,python3 trial.py --data ./local_plus_tt.csv,/home/meliani/Desktop/phd/fast-track,1,1800s,100000000,False,False,info,/home/meliani/nni-experiments,"['LSTM', 'GRU', 'CNN', 'RNN', 'TCN', 'Transformer', 'MLP']","[16, 32, 64, 128, 256]","[1, 2, 3, 4]","[0, 0.1, 0.2, 0.3, 0.5]","['relu', 'tanh', 'sigmoid', 'elu']","[1e-05, 0.01]","[2, 3, 4, 5, 6, 7, 8, 9, 10, 11, 12, 13, 14, 15, 16, 17, 18, 19, 20, 21, 22, 23, 24, 25, 26, 27, 28, 29, 30]","[16, 32, 64, 128]","[5, 10, 15, 20]","[2, 3, 5, 7]","[2, 4, 8]",GridSearch,minimize,local
y8bsu7fq,285,1702,1779170189388,,/home/meliani/nni-experiments/y8bsu7fq,113,exp_GridSearch_1800s_local_plus_tt_local_plus_tt,hpo,/home/meliani/Desktop/phd/fast-track/search_space.json,python3 trial.py --data ./local_plus_tt.csv,/home/meliani/Desktop/phd/fast-track,1,1800s,100000000,False,False,info,/home/meliani/nni-experiments,"['LSTM', 'GRU', 'CNN', 'RNN', 'TCN', 'Transformer', 'MLP']","[16, 32, 64, 128, 256]","[1, 2, 3, 4]","[0, 0.1, 0.2, 0.3, 0.5]","['relu', 'tanh', 'sigmoid', 'elu']","[1e-05, 0.01]","[2, 3, 4, 5, 6, 7, 8, 9, 10, 11, 12, 13, 14, 15, 16, 17, 18, 19, 20, 21, 22, 23, 24, 25, 26, 27, 28, 29, 30]","[16, 32, 64, 128]","[5, 10, 15, 20]","[2, 3, 5, 7]","[2, 4, 8]",GridSearch,minimize,local
y8bsu7fq,286,1710,1779170189388,,/home/meliani/nni-experiments/y8bsu7fq,113,exp_GridSearch_1800s_local_plus_tt_local_plus_tt,hpo,/home/meliani/Desktop/phd/fast-track/search_space.json,python3 trial.py --data ./local_plus_tt.csv,/home/meliani/Desktop/phd/fast-track,1,1800s,100000000,False,False,info,/home/meliani/nni-experiments,"['LSTM', 'GRU', 'CNN', 'RNN', 'TCN', 'Transformer', 'MLP']","[16, 32, 64, 128, 256]","[1, 2, 3, 4]","[0, 0.1, 0.2, 0.3, 0.5]","['relu', 'tanh', 'sigmoid', 'elu']","[1e-05, 0.01]","[2, 3, 4, 5, 6, 7, 8, 9, 10, 11, 12, 13, 14, 15, 16, 17, 18, 19, 20, 21, 22, 23, 24, 25, 26, 27, 28, 29, 30]","[16, 32, 64, 128]","[5, 10, 15, 20]","[2, 3, 5, 7]","[2, 4, 8]",GridSearch,minimize,local
y8bsu7fq,287,1712,1779170189388,,/home/meliani/nni-experiments/y8bsu7fq,114,exp_GridSearch_1800s_local_plus_tt_local_plus_tt,hpo,/home/meliani/Desktop/phd/fast-track/search_space.json,python3 trial.py --data ./local_plus_tt.csv,/home/meliani/Desktop/phd/fast-track,1,1800s,100000000,False,False,info,/home/meliani/nni-experiments,"['LSTM', 'GRU', 'CNN', 'RNN', 'TCN', 'Transformer', 'MLP']","[16, 32, 64, 128, 256]","[1, 2, 3, 4]","[0, 0.1, 0.2, 0.3, 0.5]","['relu', 'tanh', 'sigmoid', 'elu']","[1e-05, 0.01]","[2, 3, 4, 5, 6, 7, 8, 9, 10, 11, 12, 13, 14, 15, 16, 17, 18, 19, 20, 21, 22, 23, 24, 25, 26, 27, 28, 29, 30]","[16, 32, 64, 128]","[5, 10, 15, 20]","[2, 3, 5, 7]","[2, 4, 8]",GridSearch,minimize,local
y8bsu7fq,288,1720,1779170189388,,/home/meliani/nni-experiments/y8bsu7fq,114,exp_GridSearch_1800s_local_plus_tt_local_plus_tt,hpo,/home/meliani/Desktop/phd/fast-track/search_space.json,python3 trial.py --data ./local_plus_tt.csv,/home/meliani/Desktop/phd/fast-track,1,1800s,100000000,False,False,info,/home/meliani/nni-experiments,"['LSTM', 'GRU', 'CNN', 'RNN', 'TCN', 'Transformer', 'MLP']","[16, 32, 64, 128, 256]","[1, 2, 3, 4]","[0, 0.1, 0.2, 0.3, 0.5]","['relu', 'tanh', 'sigmoid', 'elu']","[1e-05, 0.01]","[2, 3, 4, 5, 6, 7, 8, 9, 10, 11, 12, 13, 14, 15, 16, 17, 18, 19, 20, 21, 22, 23, 24, 25, 26, 27, 28, 29, 30]","[16, 32, 64, 128]","[5, 10, 15, 20]","[2, 3, 5, 7]","[2, 4, 8]",GridSearch,minimize,local
y8bsu7fq,289,1722,1779170189388,,/home/meliani/nni-experiments/y8bsu7fq,115,exp_GridSearch_1800s_local_plus_tt_local_plus_tt,hpo,/home/meliani/Desktop/phd/fast-track/search_space.json,python3 trial.py --data ./local_plus_tt.csv,/home/meliani/Desktop/phd/fast-track,1,1800s,100000000,False,False,info,/home/meliani/nni-experiments,"['LSTM', 'GRU', 'CNN', 'RNN', 'TCN', 'Transformer', 'MLP']","[16, 32, 64, 128, 256]","[1, 2, 3, 4]","[0, 0.1, 0.2, 0.3, 0.5]","['relu', 'tanh', 'sigmoid', 'elu']","[1e-05, 0.01]","[2, 3, 4, 5, 6, 7, 8, 9, 10, 11, 12, 13, 14, 15, 16, 17, 18, 19, 20, 21, 22, 23, 24, 25, 26, 27, 28, 29, 30]","[16, 32, 64, 128]","[5, 10, 15, 20]","[2, 3, 5, 7]","[2, 4, 8]",GridSearch,minimize,local
y8bsu7fq,290,1730,1779170189388,,/home/meliani/nni-experiments/y8bsu7fq,115,exp_GridSearch_1800s_local_plus_tt_local_plus_tt,hpo,/home/meliani/Desktop/phd/fast-track/search_space.json,python3 trial.py --data ./local_plus_tt.csv,/home/meliani/Desktop/phd/fast-track,1,1800s,100000000,False,False,info,/home/meliani/nni-experiments,"['LSTM', 'GRU', 'CNN', 'RNN', 'TCN', 'Transformer', 'MLP']","[16, 32, 64, 128, 256]","[1, 2, 3, 4]","[0, 0.1, 0.2, 0.3, 0.5]","['relu', 'tanh', 'sigmoid', 'elu']","[1e-05, 0.01]","[2, 3, 4, 5, 6, 7, 8, 9, 10, 11, 12, 13, 14, 15, 16, 17, 18, 19, 20, 21, 22, 23, 24, 25, 26, 27, 28, 29, 30]","[16, 32, 64, 128]","[5, 10, 15, 20]","[2, 3, 5, 7]","[2, 4, 8]",GridSearch,minimize,local
y8bsu7fq,291,1733,1779170189388,,/home/meliani/nni-experiments/y8bsu7fq,116,exp_GridSearch_1800s_local_plus_tt_local_plus_tt,hpo,/home/meliani/Desktop/phd/fast-track/search_space.json,python3 trial.py --data ./local_plus_tt.csv,/home/meliani/Desktop/phd/fast-track,1,1800s,100000000,False,False,info,/home/meliani/nni-experiments,"['LSTM', 'GRU', 'CNN', 'RNN', 'TCN', 'Transformer', 'MLP']","[16, 32, 64, 128, 256]","[1, 2, 3, 4]","[0, 0.1, 0.2, 0.3, 0.5]","['relu', 'tanh', 'sigmoid', 'elu']","[1e-05, 0.01]","[2, 3, 4, 5, 6, 7, 8, 9, 10, 11, 12, 13, 14, 15, 16, 17, 18, 19, 20, 21, 22, 23, 24, 25, 26, 27, 28, 29, 30]","[16, 32, 64, 128]","[5, 10, 15, 20]","[2, 3, 5, 7]","[2, 4, 8]",GridSearch,minimize,local
y8bsu7fq,292,1740,1779170189388,,/home/meliani/nni-experiments/y8bsu7fq,116,exp_GridSearch_1800s_local_plus_tt_local_plus_tt,hpo,/home/meliani/Desktop/phd/fast-track/search_space.json,python3 trial.py --data ./local_plus_tt.csv,/home/meliani/Desktop/phd/fast-track,1,1800s,100000000,False,False,info,/home/meliani/nni-experiments,"['LSTM', 'GRU', 'CNN', 'RNN', 'TCN', 'Transformer', 'MLP']","[16, 32, 64, 128, 256]","[1, 2, 3, 4]","[0, 0.1, 0.2, 0.3, 0.5]","['relu', 'tanh', 'sigmoid', 'elu']","[1e-05, 0.01]","[2, 3, 4, 5, 6, 7, 8, 9, 10, 11, 12, 13, 14, 15, 16, 17, 18, 19, 20, 21, 22, 23, 24, 25, 26, 27, 28, 29, 30]","[16, 32, 64, 128]","[5, 10, 15, 20]","[2, 3, 5, 7]","[2, 4, 8]",GridSearch,minimize,local
y8bsu7fq,293,1741,1779170189388,,/home/meliani/nni-experiments/y8bsu7fq,117,exp_GridSearch_1800s_local_plus_tt_local_plus_tt,hpo,/home/meliani/Desktop/phd/fast-track/search_space.json,python3 trial.py --data ./local_plus_tt.csv,/home/meliani/Desktop/phd/fast-track,1,1800s,100000000,False,False,info,/home/meliani/nni-experiments,"['LSTM', 'GRU', 'CNN', 'RNN', 'TCN', 'Transformer', 'MLP']","[16, 32, 64, 128, 256]","[1, 2, 3, 4]","[0, 0.1, 0.2, 0.3, 0.5]","['relu', 'tanh', 'sigmoid', 'elu']","[1e-05, 0.01]","[2, 3, 4, 5, 6, 7, 8, 9, 10, 11, 12, 13, 14, 15, 16, 17, 18, 19, 20, 21, 22, 23, 24, 25, 26, 27, 28, 29, 30]","[16, 32, 64, 128]","[5, 10, 15, 20]","[2, 3, 5, 7]","[2, 4, 8]",GridSearch,minimize,local
y8bsu7fq,294,1750,1779170189388,,/home/meliani/nni-experiments/y8bsu7fq,117,exp_GridSearch_1800s_local_plus_tt_local_plus_tt,hpo,/home/meliani/Desktop/phd/fast-track/search_space.json,python3 trial.py --data ./local_plus_tt.csv,/home/meliani/Desktop/phd/fast-track,1,1800s,100000000,False,False,info,/home/meliani/nni-experiments,"['LSTM', 'GRU', 'CNN', 'RNN', 'TCN', 'Transformer', 'MLP']","[16, 32, 64, 128, 256]","[1, 2, 3, 4]","[0, 0.1, 0.2, 0.3, 0.5]","['relu', 'tanh', 'sigmoid', 'elu']","[1e-05, 0.01]","[2, 3, 4, 5, 6, 7, 8, 9, 10, 11, 12, 13, 14, 15, 16, 17, 18, 19, 20, 21, 22, 23, 24, 25, 26, 27, 28, 29, 30]","[16, 32, 64, 128]","[5, 10, 15, 20]","[2, 3, 5, 7]","[2, 4, 8]",GridSearch,minimize,local
y8bsu7fq,295,1750,1779170189388,,/home/meliani/nni-experiments/y8bsu7fq,118,exp_GridSearch_1800s_local_plus_tt_local_plus_tt,hpo,/home/meliani/Desktop/phd/fast-track/search_space.json,python3 trial.py --data ./local_plus_tt.csv,/home/meliani/Desktop/phd/fast-track,1,1800s,100000000,False,False,info,/home/meliani/nni-experiments,"['LSTM', 'GRU', 'CNN', 'RNN', 'TCN', 'Transformer', 'MLP']","[16, 32, 64, 128, 256]","[1, 2, 3, 4]","[0, 0.1, 0.2, 0.3, 0.5]","['relu', 'tanh', 'sigmoid', 'elu']","[1e-05, 0.01]","[2, 3, 4, 5, 6, 7, 8, 9, 10, 11, 12, 13, 14, 15, 16, 17, 18, 19, 20, 21, 22, 23, 24, 25, 26, 27, 28, 29, 30]","[16, 32, 64, 128]","[5, 10, 15, 20]","[2, 3, 5, 7]","[2, 4, 8]",GridSearch,minimize,local
y8bsu7fq,296,1760,1779170189388,,/home/meliani/nni-experiments/y8bsu7fq,118,exp_GridSearch_1800s_local_plus_tt_local_plus_tt,hpo,/home/meliani/Desktop/phd/fast-track/search_space.json,python3 trial.py --data ./local_plus_tt.csv,/home/meliani/Desktop/phd/fast-track,1,1800s,100000000,False,False,info,/home/meliani/nni-experiments,"['LSTM', 'GRU', 'CNN', 'RNN', 'TCN', 'Transformer', 'MLP']","[16, 32, 64, 128, 256]","[1, 2, 3, 4]","[0, 0.1, 0.2, 0.3, 0.5]","['relu', 'tanh', 'sigmoid', 'elu']","[1e-05, 0.01]","[2, 3, 4, 5, 6, 7, 8, 9, 10, 11, 12, 13, 14, 15, 16, 17, 18, 19, 20, 21, 22, 23, 24, 25, 26, 27, 28, 29, 30]","[16, 32, 64, 128]","[5, 10, 15, 20]","[2, 3, 5, 7]","[2, 4, 8]",GridSearch,minimize,local
y8bsu7fq,297,1760,1779170189388,,/home/meliani/nni-experiments/y8bsu7fq,119,exp_GridSearch_1800s_local_plus_tt_local_plus_tt,hpo,/home/meliani/Desktop/phd/fast-track/search_space.json,python3 trial.py --data ./local_plus_tt.csv,/home/meliani/Desktop/phd/fast-track,1,1800s,100000000,False,False,info,/home/meliani/nni-experiments,"['LSTM', 'GRU', 'CNN', 'RNN', 'TCN', 'Transformer', 'MLP']","[16, 32, 64, 128, 256]","[1, 2, 3, 4]","[0, 0.1, 0.2, 0.3, 0.5]","['relu', 'tanh', 'sigmoid', 'elu']","[1e-05, 0.01]","[2, 3, 4, 5, 6, 7, 8, 9, 10, 11, 12, 13, 14, 15, 16, 17, 18, 19, 20, 21, 22, 23, 24, 25, 26, 27, 28, 29, 30]","[16, 32, 64, 128]","[5, 10, 15, 20]","[2, 3, 5, 7]","[2, 4, 8]",GridSearch,minimize,local
y8bsu7fq,298,1770,1779170189388,,/home/meliani/nni-experiments/y8bsu7fq,119,exp_GridSearch_1800s_local_plus_tt_local_plus_tt,hpo,/home/meliani/Desktop/phd/fast-track/search_space.json,python3 trial.py --data ./local_plus_tt.csv,/home/meliani/Desktop/phd/fast-track,1,1800s,100000000,False,False,info,/home/meliani/nni-experiments,"['LSTM', 'GRU', 'CNN', 'RNN', 'TCN', 'Transformer', 'MLP']","[16, 32, 64, 128, 256]","[1, 2, 3, 4]","[0, 0.1, 0.2, 0.3, 0.5]","['relu', 'tanh', 'sigmoid', 'elu']","[1e-05, 0.01]","[2, 3, 4, 5, 6, 7, 8, 9, 10, 11, 12, 13, 14, 15, 16, 17, 18, 19, 20, 21, 22, 23, 24, 25, 26, 27, 28, 29, 30]","[16, 32, 64, 128]","[5, 10, 15, 20]","[2, 3, 5, 7]","[2, 4, 8]",GridSearch,minimize,local
y8bsu7fq,299,1770,1779170189388,,/home/meliani/nni-experiments/y8bsu7fq,120,exp_GridSearch_1800s_local_plus_tt_local_plus_tt,hpo,/home/meliani/Desktop/phd/fast-track/search_space.json,python3 trial.py --data ./local_plus_tt.csv,/home/meliani/Desktop/phd/fast-track,1,1800s,100000000,False,False,info,/home/meliani/nni-experiments,"['LSTM', 'GRU', 'CNN', 'RNN', 'TCN', 'Transformer', 'MLP']","[16, 32, 64, 128, 256]","[1, 2, 3, 4]","[0, 0.1, 0.2, 0.3, 0.5]","['relu', 'tanh', 'sigmoid', 'elu']","[1e-05, 0.01]","[2, 3, 4, 5, 6, 7, 8, 9, 10, 11, 12, 13, 14, 15, 16, 17, 18, 19, 20, 21, 22, 23, 24, 25, 26, 27, 28, 29, 30]","[16, 32, 64, 128]","[5, 10, 15, 20]","[2, 3, 5, 7]","[2, 4, 8]",GridSearch,minimize,local
y8bsu7fq,300,1780,1779170189388,,/home/meliani/nni-experiments/y8bsu7fq,120,exp_GridSearch_1800s_local_plus_tt_local_plus_tt,hpo,/home/meliani/Desktop/phd/fast-track/search_space.json,python3 trial.py --data ./local_plus_tt.csv,/home/meliani/Desktop/phd/fast-track,1,1800s,100000000,False,False,info,/home/meliani/nni-experiments,"['LSTM', 'GRU', 'CNN', 'RNN', 'TCN', 'Transformer', 'MLP']","[16, 32, 64, 128, 256]","[1, 2, 3, 4]","[0, 0.1, 0.2, 0.3, 0.5]","['relu', 'tanh', 'sigmoid', 'elu']","[1e-05, 0.01]","[2, 3, 4, 5, 6, 7, 8, 9, 10, 11, 12, 13, 14, 15, 16, 17, 18, 19, 20, 21, 22, 23, 24, 25, 26, 27, 28, 29, 30]","[16, 32, 64, 128]","[5, 10, 15, 20]","[2, 3, 5, 7]","[2, 4, 8]",GridSearch,minimize,local
y8bsu7fq,301,1781,1779170189388,,/home/meliani/nni-experiments/y8bsu7fq,121,exp_GridSearch_1800s_local_plus_tt_local_plus_tt,hpo,/home/meliani/Desktop/phd/fast-track/search_space.json,python3 trial.py --data ./local_plus_tt.csv,/home/meliani/Desktop/phd/fast-track,1,1800s,100000000,False,False,info,/home/meliani/nni-experiments,"['LSTM', 'GRU', 'CNN', 'RNN', 'TCN', 'Transformer', 'MLP']","[16, 32, 64, 128, 256]","[1, 2, 3, 4]","[0, 0.1, 0.2, 0.3, 0.5]","['relu', 'tanh', 'sigmoid', 'elu']","[1e-05, 0.01]","[2, 3, 4, 5, 6, 7, 8, 9, 10, 11, 12, 13, 14, 15, 16, 17, 18, 19, 20, 21, 22, 23, 24, 25, 26, 27, 28, 29, 30]","[16, 32, 64, 128]","[5, 10, 15, 20]","[2, 3, 5, 7]","[2, 4, 8]",GridSearch,minimize,local
y8bsu7fq,302,1790,1779170189388,,/home/meliani/nni-experiments/y8bsu7fq,121,exp_GridSearch_1800s_local_plus_tt_local_plus_tt,hpo,/home/meliani/Desktop/phd/fast-track/search_space.json,python3 trial.py --data ./local_plus_tt.csv,/home/meliani/Desktop/phd/fast-track,1,1800s,100000000,False,False,info,/home/meliani/nni-experiments,"['LSTM', 'GRU', 'CNN', 'RNN', 'TCN', 'Transformer', 'MLP']","[16, 32, 64, 128, 256]","[1, 2, 3, 4]","[0, 0.1, 0.2, 0.3, 0.5]","['relu', 'tanh', 'sigmoid', 'elu']","[1e-05, 0.01]","[2, 3, 4, 5, 6, 7, 8, 9, 10, 11, 12, 13, 14, 15, 16, 17, 18, 19, 20, 21, 22, 23, 24, 25, 26, 27, 28, 29, 30]","[16, 32, 64, 128]","[5, 10, 15, 20]","[2, 3, 5, 7]","[2, 4, 8]",GridSearch,minimize,local
y8bsu7fq,303,1794,1779170189388,,/home/meliani/nni-experiments/y8bsu7fq,122,exp_GridSearch_1800s_local_plus_tt_local_plus_tt,hpo,/home/meliani/Desktop/phd/fast-track/search_space.json,python3 trial.py --data ./local_plus_tt.csv,/home/meliani/Desktop/phd/fast-track,1,1800s,100000000,False,False,info,/home/meliani/nni-experiments,"['LSTM', 'GRU', 'CNN', 'RNN', 'TCN', 'Transformer', 'MLP']","[16, 32, 64, 128, 256]","[1, 2, 3, 4]","[0, 0.1, 0.2, 0.3, 0.5]","['relu', 'tanh', 'sigmoid', 'elu']","[1e-05, 0.01]","[2, 3, 4, 5, 6, 7, 8, 9, 10, 11, 12, 13, 14, 15, 16, 17, 18, 19, 20, 21, 22, 23, 24, 25, 26, 27, 28, 29, 30]","[16, 32, 64, 128]","[5, 10, 15, 20]","[2, 3, 5, 7]","[2, 4, 8]",GridSearch,minimize,local
y8bsu7fq,304,1800,1779170189388,,/home/meliani/nni-experiments/y8bsu7fq,122,exp_GridSearch_1800s_local_plus_tt_local_plus_tt,hpo,/home/meliani/Desktop/phd/fast-track/search_space.json,python3 trial.py --data ./local_plus_tt.csv,/home/meliani/Desktop/phd/fast-track,1,1800s,100000000,False,False,info,/home/meliani/nni-experiments,"['LSTM', 'GRU', 'CNN', 'RNN', 'TCN', 'Transformer', 'MLP']","[16, 32, 64, 128, 256]","[1, 2, 3, 4]","[0, 0.1, 0.2, 0.3, 0.5]","['relu', 'tanh', 'sigmoid', 'elu']","[1e-05, 0.01]","[2, 3, 4, 5, 6, 7, 8, 9, 10, 11, 12, 13, 14, 15, 16, 17, 18, 19, 20, 21, 22, 23, 24, 25, 26, 27, 28, 29, 30]","[16, 32, 64, 128]","[5, 10, 15, 20]","[2, 3, 5, 7]","[2, 4, 8]",GridSearch,minimize,local
y8bsu7fq,305,1805,1779170189388,1779172000449,/home/meliani/nni-experiments/y8bsu7fq,122,exp_GridSearch_1800s_local_plus_tt_local_plus_tt,hpo,/home/meliani/Desktop/phd/fast-track/search_space.json,python3 trial.py --data ./local_plus_tt.csv,/home/meliani/Desktop/phd/fast-track,1,1800s,100000000,False,False,info,/home/meliani/nni-experiments,"['LSTM', 'GRU', 'CNN', 'RNN', 'TCN', 'Transformer', 'MLP']","[16, 32, 64, 128, 256]","[1, 2, 3, 4]","[0, 0.1, 0.2, 0.3, 0.5]","['relu', 'tanh', 'sigmoid', 'elu']","[1e-05, 0.01]","[2, 3, 4, 5, 6, 7, 8, 9, 10, 11, 12, 13, 14, 15, 16, 17, 18, 19, 20, 21, 22, 23, 24, 25, 26, 27, 28, 29, 30]","[16, 32, 64, 128]","[5, 10, 15, 20]","[2, 3, 5, 7]","[2, 4, 8]",GridSearch,minimize,local
