[2026-05-18 21:29:12] INFO (main) Start NNI manager
[2026-05-18 21:29:12] INFO (RestServer) Starting REST server at port 8861, URL prefix: "/"
[2026-05-18 21:29:12] INFO (RestServer) REST server started.
[2026-05-18 21:29:12] INFO (NNIDataStore) Datastore initialization done
[2026-05-18 21:29:12] INFO (NNIManager) Starting experiment: c2q0yv3h
[2026-05-18 21:29:12] INFO (NNIManager) Setup training service...
[2026-05-18 21:29:12] INFO (NNIManager) Setup tuner...
[2026-05-18 21:29:12] INFO (NNIManager) Change NNIManager status from: INITIALIZED to: RUNNING
[2026-05-18 21:29:13] INFO (NNIManager) Add event listeners
[2026-05-18 21:29:13] INFO (LocalV3.local) Start
[2026-05-18 21:29:13] INFO (NNIManager) NNIManager received command from dispatcher: ID, 
[2026-05-18 21:29:13] INFO (NNIManager) NNIManager received command from dispatcher: TR, {"parameter_id": 0, "parameter_source": "algorithm", "parameters": {"model_type": "TCN", "units": 16, "num_layers": 4, "dropout": 0, "activation": "tanh", "lr": 0.0004620486843141707, "window_size": 8, "batch_size": 64, "epochs": 10, "kernel_size": 7, "attention_heads": 4}, "parameter_index": 0}
[2026-05-18 21:29:14] INFO (NNIManager) submitTrialJob: form: {
  sequenceId: 0,
  hyperParameters: {
    value: '{"parameter_id": 0, "parameter_source": "algorithm", "parameters": {"model_type": "TCN", "units": 16, "num_layers": 4, "dropout": 0, "activation": "tanh", "lr": 0.0004620486843141707, "window_size": 8, "batch_size": 64, "epochs": 10, "kernel_size": 7, "attention_heads": 4}, "parameter_index": 0}',
    index: 0
  },
  placementConstraint: { type: 'None', gpus: [] }
}
[2026-05-18 21:29:14] INFO (LocalV3.local) Register directory trial_code = /home/meliani/Desktop/phd/fast-track
[2026-05-18 21:29:14] INFO (LocalV3.local) Created trial cVKKg
[2026-05-18 21:29:17] INFO (LocalV3.local) Trial parameter: cVKKg {"parameter_id": 0, "parameter_source": "algorithm", "parameters": {"model_type": "TCN", "units": 16, "num_layers": 4, "dropout": 0, "activation": "tanh", "lr": 0.0004620486843141707, "window_size": 8, "batch_size": 64, "epochs": 10, "kernel_size": 7, "attention_heads": 4}, "parameter_index": 0}
[2026-05-18 21:29:21] INFO (NNIManager) Trial job cVKKg status changed from RUNNING to SUCCEEDED
[2026-05-18 21:29:21] INFO (NNIManager) NNIManager received command from dispatcher: TR, {"parameter_id": 1, "parameter_source": "algorithm", "parameters": {"model_type": "TCN", "units": 32, "num_layers": 1, "dropout": 0.2, "activation": "relu", "lr": 3.700426594724751e-05, "window_size": 7, "batch_size": 128, "epochs": 15, "kernel_size": 2, "attention_heads": 4}, "parameter_index": 0}
[2026-05-18 21:29:21] INFO (NNIManager) submitTrialJob: form: {
  sequenceId: 1,
  hyperParameters: {
    value: '{"parameter_id": 1, "parameter_source": "algorithm", "parameters": {"model_type": "TCN", "units": 32, "num_layers": 1, "dropout": 0.2, "activation": "relu", "lr": 3.700426594724751e-05, "window_size": 7, "batch_size": 128, "epochs": 15, "kernel_size": 2, "attention_heads": 4}, "parameter_index": 0}',
    index: 0
  },
  placementConstraint: { type: 'None', gpus: [] }
}
[2026-05-18 21:29:21] INFO (LocalV3.local) Created trial BnRY0
[2026-05-18 21:29:24] INFO (LocalV3.local) Trial parameter: BnRY0 {"parameter_id": 1, "parameter_source": "algorithm", "parameters": {"model_type": "TCN", "units": 32, "num_layers": 1, "dropout": 0.2, "activation": "relu", "lr": 3.700426594724751e-05, "window_size": 7, "batch_size": 128, "epochs": 15, "kernel_size": 2, "attention_heads": 4}, "parameter_index": 0}
[2026-05-18 21:29:28] INFO (NNIManager) Trial job BnRY0 status changed from RUNNING to SUCCEEDED
[2026-05-18 21:29:28] INFO (NNIManager) NNIManager received command from dispatcher: TR, {"parameter_id": 2, "parameter_source": "algorithm", "parameters": {"model_type": "TCN", "units": 32, "num_layers": 1, "dropout": 0.3, "activation": "sigmoid", "lr": 0.000277233772246002, "window_size": 7, "batch_size": 128, "epochs": 20, "kernel_size": 3, "attention_heads": 4}, "parameter_index": 0}
[2026-05-18 21:29:28] INFO (NNIManager) submitTrialJob: form: {
  sequenceId: 2,
  hyperParameters: {
    value: '{"parameter_id": 2, "parameter_source": "algorithm", "parameters": {"model_type": "TCN", "units": 32, "num_layers": 1, "dropout": 0.3, "activation": "sigmoid", "lr": 0.000277233772246002, "window_size": 7, "batch_size": 128, "epochs": 20, "kernel_size": 3, "attention_heads": 4}, "parameter_index": 0}',
    index: 0
  },
  placementConstraint: { type: 'None', gpus: [] }
}
[2026-05-18 21:29:28] INFO (LocalV3.local) Created trial v0vYJ
[2026-05-18 21:29:31] INFO (LocalV3.local) Trial parameter: v0vYJ {"parameter_id": 2, "parameter_source": "algorithm", "parameters": {"model_type": "TCN", "units": 32, "num_layers": 1, "dropout": 0.3, "activation": "sigmoid", "lr": 0.000277233772246002, "window_size": 7, "batch_size": 128, "epochs": 20, "kernel_size": 3, "attention_heads": 4}, "parameter_index": 0}
[2026-05-18 21:29:35] INFO (NNIManager) Trial job v0vYJ status changed from RUNNING to SUCCEEDED
[2026-05-18 21:29:35] INFO (NNIManager) NNIManager received command from dispatcher: TR, {"parameter_id": 3, "parameter_source": "algorithm", "parameters": {"model_type": "Transformer", "units": 64, "num_layers": 4, "dropout": 0.1, "activation": "relu", "lr": 0.0007481648111442446, "window_size": 12, "batch_size": 128, "epochs": 5, "kernel_size": 2, "attention_heads": 4}, "parameter_index": 0}
[2026-05-18 21:29:36] INFO (NNIManager) submitTrialJob: form: {
  sequenceId: 3,
  hyperParameters: {
    value: '{"parameter_id": 3, "parameter_source": "algorithm", "parameters": {"model_type": "Transformer", "units": 64, "num_layers": 4, "dropout": 0.1, "activation": "relu", "lr": 0.0007481648111442446, "window_size": 12, "batch_size": 128, "epochs": 5, "kernel_size": 2, "attention_heads": 4}, "parameter_index": 0}',
    index: 0
  },
  placementConstraint: { type: 'None', gpus: [] }
}
[2026-05-18 21:29:36] INFO (LocalV3.local) Created trial OG9iM
[2026-05-18 21:29:38] INFO (LocalV3.local) Trial parameter: OG9iM {"parameter_id": 3, "parameter_source": "algorithm", "parameters": {"model_type": "Transformer", "units": 64, "num_layers": 4, "dropout": 0.1, "activation": "relu", "lr": 0.0007481648111442446, "window_size": 12, "batch_size": 128, "epochs": 5, "kernel_size": 2, "attention_heads": 4}, "parameter_index": 0}
[2026-05-18 21:29:48] INFO (NNIManager) Trial job OG9iM status changed from RUNNING to SUCCEEDED
[2026-05-18 21:29:48] INFO (NNIManager) NNIManager received command from dispatcher: TR, {"parameter_id": 4, "parameter_source": "algorithm", "parameters": {"model_type": "GRU", "units": 32, "num_layers": 3, "dropout": 0.5, "activation": "relu", "lr": 6.575337502955323e-05, "window_size": 8, "batch_size": 64, "epochs": 15, "kernel_size": 5, "attention_heads": 4}, "parameter_index": 0}
[2026-05-18 21:29:48] INFO (NNIManager) submitTrialJob: form: {
  sequenceId: 4,
  hyperParameters: {
    value: '{"parameter_id": 4, "parameter_source": "algorithm", "parameters": {"model_type": "GRU", "units": 32, "num_layers": 3, "dropout": 0.5, "activation": "relu", "lr": 6.575337502955323e-05, "window_size": 8, "batch_size": 64, "epochs": 15, "kernel_size": 5, "attention_heads": 4}, "parameter_index": 0}',
    index: 0
  },
  placementConstraint: { type: 'None', gpus: [] }
}
[2026-05-18 21:29:48] INFO (LocalV3.local) Created trial E5q3q
[2026-05-18 21:29:50] INFO (LocalV3.local) Trial parameter: E5q3q {"parameter_id": 4, "parameter_source": "algorithm", "parameters": {"model_type": "GRU", "units": 32, "num_layers": 3, "dropout": 0.5, "activation": "relu", "lr": 6.575337502955323e-05, "window_size": 8, "batch_size": 64, "epochs": 15, "kernel_size": 5, "attention_heads": 4}, "parameter_index": 0}
[2026-05-18 21:30:02] INFO (NNIManager) Trial job E5q3q status changed from RUNNING to SUCCEEDED
[2026-05-18 21:30:02] INFO (NNIManager) NNIManager received command from dispatcher: TR, {"parameter_id": 5, "parameter_source": "algorithm", "parameters": {"model_type": "TCN", "units": 128, "num_layers": 1, "dropout": 0, "activation": "elu", "lr": 0.0031763865668257884, "window_size": 8, "batch_size": 16, "epochs": 10, "kernel_size": 2, "attention_heads": 8}, "parameter_index": 0}
[2026-05-18 21:30:03] INFO (NNIManager) submitTrialJob: form: {
  sequenceId: 5,
  hyperParameters: {
    value: '{"parameter_id": 5, "parameter_source": "algorithm", "parameters": {"model_type": "TCN", "units": 128, "num_layers": 1, "dropout": 0, "activation": "elu", "lr": 0.0031763865668257884, "window_size": 8, "batch_size": 16, "epochs": 10, "kernel_size": 2, "attention_heads": 8}, "parameter_index": 0}',
    index: 0
  },
  placementConstraint: { type: 'None', gpus: [] }
}
[2026-05-18 21:30:03] INFO (LocalV3.local) Created trial O8Oad
[2026-05-18 21:30:05] INFO (LocalV3.local) Trial parameter: O8Oad {"parameter_id": 5, "parameter_source": "algorithm", "parameters": {"model_type": "TCN", "units": 128, "num_layers": 1, "dropout": 0, "activation": "elu", "lr": 0.0031763865668257884, "window_size": 8, "batch_size": 16, "epochs": 10, "kernel_size": 2, "attention_heads": 8}, "parameter_index": 0}
[2026-05-18 21:30:09] INFO (NNIManager) Trial job O8Oad status changed from RUNNING to SUCCEEDED
[2026-05-18 21:30:09] INFO (NNIManager) NNIManager received command from dispatcher: TR, {"parameter_id": 6, "parameter_source": "algorithm", "parameters": {"model_type": "Transformer", "units": 128, "num_layers": 4, "dropout": 0, "activation": "tanh", "lr": 0.0001590454677167112, "window_size": 17, "batch_size": 64, "epochs": 10, "kernel_size": 7, "attention_heads": 8}, "parameter_index": 0}
[2026-05-18 21:30:09] INFO (NNIManager) submitTrialJob: form: {
  sequenceId: 6,
  hyperParameters: {
    value: '{"parameter_id": 6, "parameter_source": "algorithm", "parameters": {"model_type": "Transformer", "units": 128, "num_layers": 4, "dropout": 0, "activation": "tanh", "lr": 0.0001590454677167112, "window_size": 17, "batch_size": 64, "epochs": 10, "kernel_size": 7, "attention_heads": 8}, "parameter_index": 0}',
    index: 0
  },
  placementConstraint: { type: 'None', gpus: [] }
}
[2026-05-18 21:30:09] INFO (LocalV3.local) Created trial pYPEb
[2026-05-18 21:30:11] INFO (LocalV3.local) Trial parameter: pYPEb {"parameter_id": 6, "parameter_source": "algorithm", "parameters": {"model_type": "Transformer", "units": 128, "num_layers": 4, "dropout": 0, "activation": "tanh", "lr": 0.0001590454677167112, "window_size": 17, "batch_size": 64, "epochs": 10, "kernel_size": 7, "attention_heads": 8}, "parameter_index": 0}
[2026-05-18 21:30:35] INFO (NNIManager) Trial job pYPEb status changed from RUNNING to SUCCEEDED
[2026-05-18 21:30:35] INFO (NNIManager) NNIManager received command from dispatcher: TR, {"parameter_id": 7, "parameter_source": "algorithm", "parameters": {"model_type": "MLP", "units": 128, "num_layers": 4, "dropout": 0.5, "activation": "sigmoid", "lr": 0.00988086976639762, "window_size": 8, "batch_size": 16, "epochs": 5, "kernel_size": 2, "attention_heads": 8}, "parameter_index": 0}
[2026-05-18 21:30:35] INFO (NNIManager) submitTrialJob: form: {
  sequenceId: 7,
  hyperParameters: {
    value: '{"parameter_id": 7, "parameter_source": "algorithm", "parameters": {"model_type": "MLP", "units": 128, "num_layers": 4, "dropout": 0.5, "activation": "sigmoid", "lr": 0.00988086976639762, "window_size": 8, "batch_size": 16, "epochs": 5, "kernel_size": 2, "attention_heads": 8}, "parameter_index": 0}',
    index: 0
  },
  placementConstraint: { type: 'None', gpus: [] }
}
[2026-05-18 21:30:35] INFO (LocalV3.local) Created trial VObyA
[2026-05-18 21:30:37] INFO (LocalV3.local) Trial parameter: VObyA {"parameter_id": 7, "parameter_source": "algorithm", "parameters": {"model_type": "MLP", "units": 128, "num_layers": 4, "dropout": 0.5, "activation": "sigmoid", "lr": 0.00988086976639762, "window_size": 8, "batch_size": 16, "epochs": 5, "kernel_size": 2, "attention_heads": 8}, "parameter_index": 0}
[2026-05-18 21:30:40] INFO (NNIManager) Trial job VObyA status changed from RUNNING to SUCCEEDED
[2026-05-18 21:30:40] INFO (NNIManager) NNIManager received command from dispatcher: TR, {"parameter_id": 8, "parameter_source": "algorithm", "parameters": {"model_type": "Transformer", "units": 128, "num_layers": 4, "dropout": 0.1, "activation": "tanh", "lr": 0.0003893450134720009, "window_size": 20, "batch_size": 32, "epochs": 10, "kernel_size": 7, "attention_heads": 2}, "parameter_index": 0}
[2026-05-18 21:30:40] INFO (NNIManager) submitTrialJob: form: {
  sequenceId: 8,
  hyperParameters: {
    value: '{"parameter_id": 8, "parameter_source": "algorithm", "parameters": {"model_type": "Transformer", "units": 128, "num_layers": 4, "dropout": 0.1, "activation": "tanh", "lr": 0.0003893450134720009, "window_size": 20, "batch_size": 32, "epochs": 10, "kernel_size": 7, "attention_heads": 2}, "parameter_index": 0}',
    index: 0
  },
  placementConstraint: { type: 'None', gpus: [] }
}
[2026-05-18 21:30:40] INFO (LocalV3.local) Created trial DQf5f
[2026-05-18 21:30:42] INFO (LocalV3.local) Trial parameter: DQf5f {"parameter_id": 8, "parameter_source": "algorithm", "parameters": {"model_type": "Transformer", "units": 128, "num_layers": 4, "dropout": 0.1, "activation": "tanh", "lr": 0.0003893450134720009, "window_size": 20, "batch_size": 32, "epochs": 10, "kernel_size": 7, "attention_heads": 2}, "parameter_index": 0}
[2026-05-18 21:31:03] INFO (NNIManager) Trial job DQf5f status changed from RUNNING to SUCCEEDED
[2026-05-18 21:31:03] INFO (NNIManager) NNIManager received command from dispatcher: TR, {"parameter_id": 9, "parameter_source": "algorithm", "parameters": {"model_type": "GRU", "units": 128, "num_layers": 4, "dropout": 0.3, "activation": "elu", "lr": 0.0008605981779172203, "window_size": 2, "batch_size": 128, "epochs": 10, "kernel_size": 7, "attention_heads": 2}, "parameter_index": 0}
[2026-05-18 21:31:04] INFO (NNIManager) submitTrialJob: form: {
  sequenceId: 9,
  hyperParameters: {
    value: '{"parameter_id": 9, "parameter_source": "algorithm", "parameters": {"model_type": "GRU", "units": 128, "num_layers": 4, "dropout": 0.3, "activation": "elu", "lr": 0.0008605981779172203, "window_size": 2, "batch_size": 128, "epochs": 10, "kernel_size": 7, "attention_heads": 2}, "parameter_index": 0}',
    index: 0
  },
  placementConstraint: { type: 'None', gpus: [] }
}
[2026-05-18 21:31:04] INFO (LocalV3.local) Created trial YfBVn
[2026-05-18 21:31:07] INFO (LocalV3.local) Trial parameter: YfBVn {"parameter_id": 9, "parameter_source": "algorithm", "parameters": {"model_type": "GRU", "units": 128, "num_layers": 4, "dropout": 0.3, "activation": "elu", "lr": 0.0008605981779172203, "window_size": 2, "batch_size": 128, "epochs": 10, "kernel_size": 7, "attention_heads": 2}, "parameter_index": 0}
[2026-05-18 21:31:20] INFO (NNIManager) Trial job YfBVn status changed from RUNNING to SUCCEEDED
[2026-05-18 21:31:20] INFO (NNIManager) NNIManager received command from dispatcher: TR, {"parameter_id": 10, "parameter_source": "algorithm", "parameters": {"model_type": "GRU", "units": 128, "num_layers": 4, "dropout": 0.5, "activation": "elu", "lr": 0.0013233934707212454, "window_size": 16, "batch_size": 128, "epochs": 10, "kernel_size": 5, "attention_heads": 8}, "parameter_index": 0}
[2026-05-18 21:31:21] INFO (NNIManager) submitTrialJob: form: {
  sequenceId: 10,
  hyperParameters: {
    value: '{"parameter_id": 10, "parameter_source": "algorithm", "parameters": {"model_type": "GRU", "units": 128, "num_layers": 4, "dropout": 0.5, "activation": "elu", "lr": 0.0013233934707212454, "window_size": 16, "batch_size": 128, "epochs": 10, "kernel_size": 5, "attention_heads": 8}, "parameter_index": 0}',
    index: 0
  },
  placementConstraint: { type: 'None', gpus: [] }
}
[2026-05-18 21:31:21] INFO (LocalV3.local) Created trial IvRtc
[2026-05-18 21:31:23] INFO (LocalV3.local) Trial parameter: IvRtc {"parameter_id": 10, "parameter_source": "algorithm", "parameters": {"model_type": "GRU", "units": 128, "num_layers": 4, "dropout": 0.5, "activation": "elu", "lr": 0.0013233934707212454, "window_size": 16, "batch_size": 128, "epochs": 10, "kernel_size": 5, "attention_heads": 8}, "parameter_index": 0}
[2026-05-18 21:31:38] INFO (NNIManager) Trial job IvRtc status changed from RUNNING to SUCCEEDED
[2026-05-18 21:31:38] INFO (NNIManager) NNIManager received command from dispatcher: TR, {"parameter_id": 11, "parameter_source": "algorithm", "parameters": {"model_type": "GRU", "units": 128, "num_layers": 2, "dropout": 0.3, "activation": "elu", "lr": 0.00041600882350135797, "window_size": 2, "batch_size": 128, "epochs": 10, "kernel_size": 7, "attention_heads": 2}, "parameter_index": 0}
[2026-05-18 21:31:39] INFO (NNIManager) submitTrialJob: form: {
  sequenceId: 11,
  hyperParameters: {
    value: '{"parameter_id": 11, "parameter_source": "algorithm", "parameters": {"model_type": "GRU", "units": 128, "num_layers": 2, "dropout": 0.3, "activation": "elu", "lr": 0.00041600882350135797, "window_size": 2, "batch_size": 128, "epochs": 10, "kernel_size": 7, "attention_heads": 2}, "parameter_index": 0}',
    index: 0
  },
  placementConstraint: { type: 'None', gpus: [] }
}
[2026-05-18 21:31:39] INFO (LocalV3.local) Created trial hYLGt
[2026-05-18 21:31:41] INFO (LocalV3.local) Trial parameter: hYLGt {"parameter_id": 11, "parameter_source": "algorithm", "parameters": {"model_type": "GRU", "units": 128, "num_layers": 2, "dropout": 0.3, "activation": "elu", "lr": 0.00041600882350135797, "window_size": 2, "batch_size": 128, "epochs": 10, "kernel_size": 7, "attention_heads": 2}, "parameter_index": 0}
[2026-05-18 21:31:48] INFO (NNIManager) Trial job hYLGt status changed from RUNNING to SUCCEEDED
[2026-05-18 21:31:48] INFO (NNIManager) NNIManager received command from dispatcher: TR, {"parameter_id": 12, "parameter_source": "algorithm", "parameters": {"model_type": "MLP", "units": 32, "num_layers": 1, "dropout": 0, "activation": "elu", "lr": 0.002502561575869164, "window_size": 8, "batch_size": 16, "epochs": 10, "kernel_size": 2, "attention_heads": 8}, "parameter_index": 0}
[2026-05-18 21:31:48] INFO (NNIManager) submitTrialJob: form: {
  sequenceId: 12,
  hyperParameters: {
    value: '{"parameter_id": 12, "parameter_source": "algorithm", "parameters": {"model_type": "MLP", "units": 32, "num_layers": 1, "dropout": 0, "activation": "elu", "lr": 0.002502561575869164, "window_size": 8, "batch_size": 16, "epochs": 10, "kernel_size": 2, "attention_heads": 8}, "parameter_index": 0}',
    index: 0
  },
  placementConstraint: { type: 'None', gpus: [] }
}
[2026-05-18 21:31:48] INFO (LocalV3.local) Created trial NkF6Z
[2026-05-18 21:31:50] INFO (LocalV3.local) Trial parameter: NkF6Z {"parameter_id": 12, "parameter_source": "algorithm", "parameters": {"model_type": "MLP", "units": 32, "num_layers": 1, "dropout": 0, "activation": "elu", "lr": 0.002502561575869164, "window_size": 8, "batch_size": 16, "epochs": 10, "kernel_size": 2, "attention_heads": 8}, "parameter_index": 0}
[2026-05-18 21:31:53] INFO (NNIManager) Trial job NkF6Z status changed from RUNNING to SUCCEEDED
[2026-05-18 21:31:53] INFO (NNIManager) NNIManager received command from dispatcher: TR, {"parameter_id": 13, "parameter_source": "algorithm", "parameters": {"model_type": "LSTM", "units": 256, "num_layers": 1, "dropout": 0, "activation": "elu", "lr": 0.008105683198265975, "window_size": 8, "batch_size": 16, "epochs": 20, "kernel_size": 2, "attention_heads": 8}, "parameter_index": 0}
[2026-05-18 21:31:54] INFO (NNIManager) submitTrialJob: form: {
  sequenceId: 13,
  hyperParameters: {
    value: '{"parameter_id": 13, "parameter_source": "algorithm", "parameters": {"model_type": "LSTM", "units": 256, "num_layers": 1, "dropout": 0, "activation": "elu", "lr": 0.008105683198265975, "window_size": 8, "batch_size": 16, "epochs": 20, "kernel_size": 2, "attention_heads": 8}, "parameter_index": 0}',
    index: 0
  },
  placementConstraint: { type: 'None', gpus: [] }
}
[2026-05-18 21:31:54] INFO (LocalV3.local) Created trial d8SNb
[2026-05-18 21:31:56] INFO (LocalV3.local) Trial parameter: d8SNb {"parameter_id": 13, "parameter_source": "algorithm", "parameters": {"model_type": "LSTM", "units": 256, "num_layers": 1, "dropout": 0, "activation": "elu", "lr": 0.008105683198265975, "window_size": 8, "batch_size": 16, "epochs": 20, "kernel_size": 2, "attention_heads": 8}, "parameter_index": 0}
[2026-05-18 21:32:11] INFO (NNIManager) Trial job d8SNb status changed from RUNNING to SUCCEEDED
[2026-05-18 21:32:11] INFO (NNIManager) NNIManager received command from dispatcher: TR, {"parameter_id": 14, "parameter_source": "algorithm", "parameters": {"model_type": "TCN", "units": 16, "num_layers": 2, "dropout": 0.3, "activation": "elu", "lr": 0.0011406203450933887, "window_size": 8, "batch_size": 16, "epochs": 10, "kernel_size": 2, "attention_heads": 8}, "parameter_index": 0}
[2026-05-18 21:32:11] INFO (NNIManager) submitTrialJob: form: {
  sequenceId: 14,
  hyperParameters: {
    value: '{"parameter_id": 14, "parameter_source": "algorithm", "parameters": {"model_type": "TCN", "units": 16, "num_layers": 2, "dropout": 0.3, "activation": "elu", "lr": 0.0011406203450933887, "window_size": 8, "batch_size": 16, "epochs": 10, "kernel_size": 2, "attention_heads": 8}, "parameter_index": 0}',
    index: 0
  },
  placementConstraint: { type: 'None', gpus: [] }
}
[2026-05-18 21:32:11] INFO (LocalV3.local) Created trial xhpL9
[2026-05-18 21:32:13] INFO (LocalV3.local) Trial parameter: xhpL9 {"parameter_id": 14, "parameter_source": "algorithm", "parameters": {"model_type": "TCN", "units": 16, "num_layers": 2, "dropout": 0.3, "activation": "elu", "lr": 0.0011406203450933887, "window_size": 8, "batch_size": 16, "epochs": 10, "kernel_size": 2, "attention_heads": 8}, "parameter_index": 0}
[2026-05-18 21:32:17] INFO (NNIManager) Trial job xhpL9 status changed from RUNNING to SUCCEEDED
[2026-05-18 21:32:17] INFO (NNIManager) NNIManager received command from dispatcher: TR, {"parameter_id": 15, "parameter_source": "algorithm", "parameters": {"model_type": "RNN", "units": 256, "num_layers": 3, "dropout": 0.3, "activation": "elu", "lr": 0.0022413603552592235, "window_size": 24, "batch_size": 128, "epochs": 10, "kernel_size": 7, "attention_heads": 2}, "parameter_index": 0}
[2026-05-18 21:32:18] INFO (NNIManager) submitTrialJob: form: {
  sequenceId: 15,
  hyperParameters: {
    value: '{"parameter_id": 15, "parameter_source": "algorithm", "parameters": {"model_type": "RNN", "units": 256, "num_layers": 3, "dropout": 0.3, "activation": "elu", "lr": 0.0022413603552592235, "window_size": 24, "batch_size": 128, "epochs": 10, "kernel_size": 7, "attention_heads": 2}, "parameter_index": 0}',
    index: 0
  },
  placementConstraint: { type: 'None', gpus: [] }
}
[2026-05-18 21:32:18] INFO (LocalV3.local) Created trial HDpIA
[2026-05-18 21:32:20] INFO (LocalV3.local) Trial parameter: HDpIA {"parameter_id": 15, "parameter_source": "algorithm", "parameters": {"model_type": "RNN", "units": 256, "num_layers": 3, "dropout": 0.3, "activation": "elu", "lr": 0.0022413603552592235, "window_size": 24, "batch_size": 128, "epochs": 10, "kernel_size": 7, "attention_heads": 2}, "parameter_index": 0}
[2026-05-18 21:32:32] INFO (NNIManager) Trial job HDpIA status changed from RUNNING to SUCCEEDED
[2026-05-18 21:32:32] INFO (NNIManager) NNIManager received command from dispatcher: TR, {"parameter_id": 16, "parameter_source": "algorithm", "parameters": {"model_type": "TCN", "units": 32, "num_layers": 1, "dropout": 0, "activation": "elu", "lr": 0.0008931782397944543, "window_size": 8, "batch_size": 16, "epochs": 10, "kernel_size": 7, "attention_heads": 8}, "parameter_index": 0}
[2026-05-18 21:32:33] INFO (NNIManager) submitTrialJob: form: {
  sequenceId: 16,
  hyperParameters: {
    value: '{"parameter_id": 16, "parameter_source": "algorithm", "parameters": {"model_type": "TCN", "units": 32, "num_layers": 1, "dropout": 0, "activation": "elu", "lr": 0.0008931782397944543, "window_size": 8, "batch_size": 16, "epochs": 10, "kernel_size": 7, "attention_heads": 8}, "parameter_index": 0}',
    index: 0
  },
  placementConstraint: { type: 'None', gpus: [] }
}
[2026-05-18 21:32:33] INFO (LocalV3.local) Created trial l6kGF
[2026-05-18 21:32:36] INFO (LocalV3.local) Trial parameter: l6kGF {"parameter_id": 16, "parameter_source": "algorithm", "parameters": {"model_type": "TCN", "units": 32, "num_layers": 1, "dropout": 0, "activation": "elu", "lr": 0.0008931782397944543, "window_size": 8, "batch_size": 16, "epochs": 10, "kernel_size": 7, "attention_heads": 8}, "parameter_index": 0}
[2026-05-18 21:32:41] INFO (NNIManager) Trial job l6kGF status changed from RUNNING to SUCCEEDED
[2026-05-18 21:32:41] INFO (NNIManager) NNIManager received command from dispatcher: TR, {"parameter_id": 17, "parameter_source": "algorithm", "parameters": {"model_type": "GRU", "units": 128, "num_layers": 4, "dropout": 0.3, "activation": "elu", "lr": 0.0003384102481730569, "window_size": 2, "batch_size": 16, "epochs": 10, "kernel_size": 7, "attention_heads": 2}, "parameter_index": 0}
[2026-05-18 21:32:42] INFO (NNIManager) submitTrialJob: form: {
  sequenceId: 17,
  hyperParameters: {
    value: '{"parameter_id": 17, "parameter_source": "algorithm", "parameters": {"model_type": "GRU", "units": 128, "num_layers": 4, "dropout": 0.3, "activation": "elu", "lr": 0.0003384102481730569, "window_size": 2, "batch_size": 16, "epochs": 10, "kernel_size": 7, "attention_heads": 2}, "parameter_index": 0}',
    index: 0
  },
  placementConstraint: { type: 'None', gpus: [] }
}
[2026-05-18 21:32:42] INFO (LocalV3.local) Created trial NF6D8
[2026-05-18 21:32:44] INFO (LocalV3.local) Trial parameter: NF6D8 {"parameter_id": 17, "parameter_source": "algorithm", "parameters": {"model_type": "GRU", "units": 128, "num_layers": 4, "dropout": 0.3, "activation": "elu", "lr": 0.0003384102481730569, "window_size": 2, "batch_size": 16, "epochs": 10, "kernel_size": 7, "attention_heads": 2}, "parameter_index": 0}
[2026-05-18 21:33:04] INFO (NNIManager) Trial job NF6D8 status changed from RUNNING to SUCCEEDED
[2026-05-18 21:33:04] INFO (NNIManager) NNIManager received command from dispatcher: TR, {"parameter_id": 18, "parameter_source": "algorithm", "parameters": {"model_type": "GRU", "units": 128, "num_layers": 1, "dropout": 0.3, "activation": "elu", "lr": 0.00045127238856446816, "window_size": 29, "batch_size": 128, "epochs": 10, "kernel_size": 7, "attention_heads": 2}, "parameter_index": 0}
[2026-05-18 21:33:04] INFO (NNIManager) submitTrialJob: form: {
  sequenceId: 18,
  hyperParameters: {
    value: '{"parameter_id": 18, "parameter_source": "algorithm", "parameters": {"model_type": "GRU", "units": 128, "num_layers": 1, "dropout": 0.3, "activation": "elu", "lr": 0.00045127238856446816, "window_size": 29, "batch_size": 128, "epochs": 10, "kernel_size": 7, "attention_heads": 2}, "parameter_index": 0}',
    index: 0
  },
  placementConstraint: { type: 'None', gpus: [] }
}
[2026-05-18 21:33:04] INFO (LocalV3.local) Created trial RTFyx
[2026-05-18 21:33:07] INFO (LocalV3.local) Trial parameter: RTFyx {"parameter_id": 18, "parameter_source": "algorithm", "parameters": {"model_type": "GRU", "units": 128, "num_layers": 1, "dropout": 0.3, "activation": "elu", "lr": 0.00045127238856446816, "window_size": 29, "batch_size": 128, "epochs": 10, "kernel_size": 7, "attention_heads": 2}, "parameter_index": 0}
[2026-05-18 21:33:14] INFO (NNIManager) Trial job RTFyx status changed from RUNNING to SUCCEEDED
[2026-05-18 21:33:14] INFO (NNIManager) NNIManager received command from dispatcher: TR, {"parameter_id": 19, "parameter_source": "algorithm", "parameters": {"model_type": "RNN", "units": 16, "num_layers": 1, "dropout": 0, "activation": "elu", "lr": 0.006423997897599105, "window_size": 24, "batch_size": 16, "epochs": 10, "kernel_size": 2, "attention_heads": 8}, "parameter_index": 0}
[2026-05-18 21:33:15] INFO (NNIManager) submitTrialJob: form: {
  sequenceId: 19,
  hyperParameters: {
    value: '{"parameter_id": 19, "parameter_source": "algorithm", "parameters": {"model_type": "RNN", "units": 16, "num_layers": 1, "dropout": 0, "activation": "elu", "lr": 0.006423997897599105, "window_size": 24, "batch_size": 16, "epochs": 10, "kernel_size": 2, "attention_heads": 8}, "parameter_index": 0}',
    index: 0
  },
  placementConstraint: { type: 'None', gpus: [] }
}
[2026-05-18 21:33:15] INFO (LocalV3.local) Created trial U1dx5
[2026-05-18 21:33:18] INFO (LocalV3.local) Trial parameter: U1dx5 {"parameter_id": 19, "parameter_source": "algorithm", "parameters": {"model_type": "RNN", "units": 16, "num_layers": 1, "dropout": 0, "activation": "elu", "lr": 0.006423997897599105, "window_size": 24, "batch_size": 16, "epochs": 10, "kernel_size": 2, "attention_heads": 8}, "parameter_index": 0}
[2026-05-18 21:33:24] INFO (NNIManager) Trial job U1dx5 status changed from RUNNING to SUCCEEDED
[2026-05-18 21:33:24] INFO (NNIManager) NNIManager received command from dispatcher: TR, {"parameter_id": 20, "parameter_source": "algorithm", "parameters": {"model_type": "GRU", "units": 256, "num_layers": 3, "dropout": 0.3, "activation": "elu", "lr": 0.000646247229196435, "window_size": 20, "batch_size": 64, "epochs": 5, "kernel_size": 7, "attention_heads": 8}, "parameter_index": 0}
[2026-05-18 21:33:24] INFO (NNIManager) submitTrialJob: form: {
  sequenceId: 20,
  hyperParameters: {
    value: '{"parameter_id": 20, "parameter_source": "algorithm", "parameters": {"model_type": "GRU", "units": 256, "num_layers": 3, "dropout": 0.3, "activation": "elu", "lr": 0.000646247229196435, "window_size": 20, "batch_size": 64, "epochs": 5, "kernel_size": 7, "attention_heads": 8}, "parameter_index": 0}',
    index: 0
  },
  placementConstraint: { type: 'None', gpus: [] }
}
[2026-05-18 21:33:24] INFO (LocalV3.local) Created trial Atwax
[2026-05-18 21:33:26] INFO (LocalV3.local) Trial parameter: Atwax {"parameter_id": 20, "parameter_source": "algorithm", "parameters": {"model_type": "GRU", "units": 256, "num_layers": 3, "dropout": 0.3, "activation": "elu", "lr": 0.000646247229196435, "window_size": 20, "batch_size": 64, "epochs": 5, "kernel_size": 7, "attention_heads": 8}, "parameter_index": 0}
[2026-05-18 21:33:41] INFO (NNIManager) Trial job Atwax status changed from RUNNING to SUCCEEDED
[2026-05-18 21:33:41] INFO (NNIManager) NNIManager received command from dispatcher: TR, {"parameter_id": 21, "parameter_source": "algorithm", "parameters": {"model_type": "MLP", "units": 16, "num_layers": 1, "dropout": 0, "activation": "elu", "lr": 0.0013240225295408558, "window_size": 8, "batch_size": 16, "epochs": 10, "kernel_size": 2, "attention_heads": 8}, "parameter_index": 0}
[2026-05-18 21:33:42] INFO (NNIManager) submitTrialJob: form: {
  sequenceId: 21,
  hyperParameters: {
    value: '{"parameter_id": 21, "parameter_source": "algorithm", "parameters": {"model_type": "MLP", "units": 16, "num_layers": 1, "dropout": 0, "activation": "elu", "lr": 0.0013240225295408558, "window_size": 8, "batch_size": 16, "epochs": 10, "kernel_size": 2, "attention_heads": 8}, "parameter_index": 0}',
    index: 0
  },
  placementConstraint: { type: 'None', gpus: [] }
}
[2026-05-18 21:33:42] INFO (LocalV3.local) Created trial tZDEs
[2026-05-18 21:33:44] INFO (LocalV3.local) Trial parameter: tZDEs {"parameter_id": 21, "parameter_source": "algorithm", "parameters": {"model_type": "MLP", "units": 16, "num_layers": 1, "dropout": 0, "activation": "elu", "lr": 0.0013240225295408558, "window_size": 8, "batch_size": 16, "epochs": 10, "kernel_size": 2, "attention_heads": 8}, "parameter_index": 0}
[2026-05-18 21:33:47] INFO (NNIManager) Trial job tZDEs status changed from RUNNING to SUCCEEDED
[2026-05-18 21:33:47] INFO (NNIManager) NNIManager received command from dispatcher: TR, {"parameter_id": 22, "parameter_source": "algorithm", "parameters": {"model_type": "MLP", "units": 32, "num_layers": 1, "dropout": 0.5, "activation": "elu", "lr": 0.0017516452517415957, "window_size": 8, "batch_size": 16, "epochs": 10, "kernel_size": 2, "attention_heads": 8}, "parameter_index": 0}
[2026-05-18 21:33:47] INFO (NNIManager) submitTrialJob: form: {
  sequenceId: 22,
  hyperParameters: {
    value: '{"parameter_id": 22, "parameter_source": "algorithm", "parameters": {"model_type": "MLP", "units": 32, "num_layers": 1, "dropout": 0.5, "activation": "elu", "lr": 0.0017516452517415957, "window_size": 8, "batch_size": 16, "epochs": 10, "kernel_size": 2, "attention_heads": 8}, "parameter_index": 0}',
    index: 0
  },
  placementConstraint: { type: 'None', gpus: [] }
}
[2026-05-18 21:33:47] INFO (LocalV3.local) Created trial ehS2W
[2026-05-18 21:33:49] INFO (LocalV3.local) Trial parameter: ehS2W {"parameter_id": 22, "parameter_source": "algorithm", "parameters": {"model_type": "MLP", "units": 32, "num_layers": 1, "dropout": 0.5, "activation": "elu", "lr": 0.0017516452517415957, "window_size": 8, "batch_size": 16, "epochs": 10, "kernel_size": 2, "attention_heads": 8}, "parameter_index": 0}
[2026-05-18 21:33:52] INFO (NNIManager) Trial job ehS2W status changed from RUNNING to SUCCEEDED
[2026-05-18 21:33:52] INFO (NNIManager) NNIManager received command from dispatcher: TR, {"parameter_id": 23, "parameter_source": "algorithm", "parameters": {"model_type": "TCN", "units": 128, "num_layers": 1, "dropout": 0.5, "activation": "relu", "lr": 0.001494885508001074, "window_size": 4, "batch_size": 16, "epochs": 10, "kernel_size": 7, "attention_heads": 4}, "parameter_index": 0}
[2026-05-18 21:33:52] INFO (NNIManager) submitTrialJob: form: {
  sequenceId: 23,
  hyperParameters: {
    value: '{"parameter_id": 23, "parameter_source": "algorithm", "parameters": {"model_type": "TCN", "units": 128, "num_layers": 1, "dropout": 0.5, "activation": "relu", "lr": 0.001494885508001074, "window_size": 4, "batch_size": 16, "epochs": 10, "kernel_size": 7, "attention_heads": 4}, "parameter_index": 0}',
    index: 0
  },
  placementConstraint: { type: 'None', gpus: [] }
}
[2026-05-18 21:33:52] INFO (LocalV3.local) Created trial ReJo6
[2026-05-18 21:33:54] INFO (LocalV3.local) Trial parameter: ReJo6 {"parameter_id": 23, "parameter_source": "algorithm", "parameters": {"model_type": "TCN", "units": 128, "num_layers": 1, "dropout": 0.5, "activation": "relu", "lr": 0.001494885508001074, "window_size": 4, "batch_size": 16, "epochs": 10, "kernel_size": 7, "attention_heads": 4}, "parameter_index": 0}
[2026-05-18 21:33:58] INFO (NNIManager) Trial job ReJo6 status changed from RUNNING to SUCCEEDED
[2026-05-18 21:33:58] INFO (NNIManager) NNIManager received command from dispatcher: TR, {"parameter_id": 24, "parameter_source": "algorithm", "parameters": {"model_type": "GRU", "units": 128, "num_layers": 4, "dropout": 0.3, "activation": "elu", "lr": 0.0009498904377438554, "window_size": 2, "batch_size": 128, "epochs": 10, "kernel_size": 7, "attention_heads": 2}, "parameter_index": 0}
[2026-05-18 21:33:58] INFO (NNIManager) submitTrialJob: form: {
  sequenceId: 24,
  hyperParameters: {
    value: '{"parameter_id": 24, "parameter_source": "algorithm", "parameters": {"model_type": "GRU", "units": 128, "num_layers": 4, "dropout": 0.3, "activation": "elu", "lr": 0.0009498904377438554, "window_size": 2, "batch_size": 128, "epochs": 10, "kernel_size": 7, "attention_heads": 2}, "parameter_index": 0}',
    index: 0
  },
  placementConstraint: { type: 'None', gpus: [] }
}
[2026-05-18 21:33:58] INFO (LocalV3.local) Created trial Le8h7
[2026-05-18 21:34:00] INFO (LocalV3.local) Trial parameter: Le8h7 {"parameter_id": 24, "parameter_source": "algorithm", "parameters": {"model_type": "GRU", "units": 128, "num_layers": 4, "dropout": 0.3, "activation": "elu", "lr": 0.0009498904377438554, "window_size": 2, "batch_size": 128, "epochs": 10, "kernel_size": 7, "attention_heads": 2}, "parameter_index": 0}
[2026-05-18 21:34:10] INFO (NNIManager) Trial job Le8h7 status changed from RUNNING to SUCCEEDED
[2026-05-18 21:34:10] INFO (NNIManager) NNIManager received command from dispatcher: TR, {"parameter_id": 25, "parameter_source": "algorithm", "parameters": {"model_type": "TCN", "units": 16, "num_layers": 1, "dropout": 0.5, "activation": "tanh", "lr": 0.00021084559490383976, "window_size": 8, "batch_size": 64, "epochs": 10, "kernel_size": 3, "attention_heads": 4}, "parameter_index": 0}
[2026-05-18 21:34:10] INFO (NNIManager) submitTrialJob: form: {
  sequenceId: 25,
  hyperParameters: {
    value: '{"parameter_id": 25, "parameter_source": "algorithm", "parameters": {"model_type": "TCN", "units": 16, "num_layers": 1, "dropout": 0.5, "activation": "tanh", "lr": 0.00021084559490383976, "window_size": 8, "batch_size": 64, "epochs": 10, "kernel_size": 3, "attention_heads": 4}, "parameter_index": 0}',
    index: 0
  },
  placementConstraint: { type: 'None', gpus: [] }
}
[2026-05-18 21:34:10] INFO (LocalV3.local) Created trial zZ7Kv
[2026-05-18 21:34:12] INFO (LocalV3.local) Trial parameter: zZ7Kv {"parameter_id": 25, "parameter_source": "algorithm", "parameters": {"model_type": "TCN", "units": 16, "num_layers": 1, "dropout": 0.5, "activation": "tanh", "lr": 0.00021084559490383976, "window_size": 8, "batch_size": 64, "epochs": 10, "kernel_size": 3, "attention_heads": 4}, "parameter_index": 0}
[2026-05-18 21:34:17] INFO (NNIManager) Trial job zZ7Kv status changed from RUNNING to SUCCEEDED
[2026-05-18 21:34:17] INFO (NNIManager) NNIManager received command from dispatcher: TR, {"parameter_id": 26, "parameter_source": "algorithm", "parameters": {"model_type": "GRU", "units": 128, "num_layers": 4, "dropout": 0.3, "activation": "elu", "lr": 0.0003345289199200564, "window_size": 2, "batch_size": 128, "epochs": 15, "kernel_size": 7, "attention_heads": 2}, "parameter_index": 0}
[2026-05-18 21:34:17] INFO (NNIManager) submitTrialJob: form: {
  sequenceId: 26,
  hyperParameters: {
    value: '{"parameter_id": 26, "parameter_source": "algorithm", "parameters": {"model_type": "GRU", "units": 128, "num_layers": 4, "dropout": 0.3, "activation": "elu", "lr": 0.0003345289199200564, "window_size": 2, "batch_size": 128, "epochs": 15, "kernel_size": 7, "attention_heads": 2}, "parameter_index": 0}',
    index: 0
  },
  placementConstraint: { type: 'None', gpus: [] }
}
[2026-05-18 21:34:17] INFO (LocalV3.local) Created trial jjQkE
[2026-05-18 21:34:20] INFO (LocalV3.local) Trial parameter: jjQkE {"parameter_id": 26, "parameter_source": "algorithm", "parameters": {"model_type": "GRU", "units": 128, "num_layers": 4, "dropout": 0.3, "activation": "elu", "lr": 0.0003345289199200564, "window_size": 2, "batch_size": 128, "epochs": 15, "kernel_size": 7, "attention_heads": 2}, "parameter_index": 0}
[2026-05-18 21:34:30] INFO (NNIManager) Trial job jjQkE status changed from RUNNING to SUCCEEDED
[2026-05-18 21:34:30] INFO (NNIManager) NNIManager received command from dispatcher: TR, {"parameter_id": 27, "parameter_source": "algorithm", "parameters": {"model_type": "GRU", "units": 128, "num_layers": 4, "dropout": 0.1, "activation": "elu", "lr": 0.00037157829940000995, "window_size": 2, "batch_size": 128, "epochs": 5, "kernel_size": 7, "attention_heads": 2}, "parameter_index": 0}
[2026-05-18 21:34:30] INFO (NNIManager) submitTrialJob: form: {
  sequenceId: 27,
  hyperParameters: {
    value: '{"parameter_id": 27, "parameter_source": "algorithm", "parameters": {"model_type": "GRU", "units": 128, "num_layers": 4, "dropout": 0.1, "activation": "elu", "lr": 0.00037157829940000995, "window_size": 2, "batch_size": 128, "epochs": 5, "kernel_size": 7, "attention_heads": 2}, "parameter_index": 0}',
    index: 0
  },
  placementConstraint: { type: 'None', gpus: [] }
}
[2026-05-18 21:34:30] INFO (LocalV3.local) Created trial Z3OjK
[2026-05-18 21:34:32] INFO (LocalV3.local) Trial parameter: Z3OjK {"parameter_id": 27, "parameter_source": "algorithm", "parameters": {"model_type": "GRU", "units": 128, "num_layers": 4, "dropout": 0.1, "activation": "elu", "lr": 0.00037157829940000995, "window_size": 2, "batch_size": 128, "epochs": 5, "kernel_size": 7, "attention_heads": 2}, "parameter_index": 0}
[2026-05-18 21:34:40] INFO (NNIManager) Trial job Z3OjK status changed from RUNNING to SUCCEEDED
[2026-05-18 21:34:40] INFO (NNIManager) NNIManager received command from dispatcher: TR, {"parameter_id": 28, "parameter_source": "algorithm", "parameters": {"model_type": "TCN", "units": 16, "num_layers": 4, "dropout": 0, "activation": "tanh", "lr": 0.0006002898131201365, "window_size": 8, "batch_size": 128, "epochs": 10, "kernel_size": 7, "attention_heads": 4}, "parameter_index": 0}
[2026-05-18 21:34:41] INFO (NNIManager) submitTrialJob: form: {
  sequenceId: 28,
  hyperParameters: {
    value: '{"parameter_id": 28, "parameter_source": "algorithm", "parameters": {"model_type": "TCN", "units": 16, "num_layers": 4, "dropout": 0, "activation": "tanh", "lr": 0.0006002898131201365, "window_size": 8, "batch_size": 128, "epochs": 10, "kernel_size": 7, "attention_heads": 4}, "parameter_index": 0}',
    index: 0
  },
  placementConstraint: { type: 'None', gpus: [] }
}
[2026-05-18 21:34:41] INFO (LocalV3.local) Created trial GPjbT
[2026-05-18 21:34:43] INFO (LocalV3.local) Trial parameter: GPjbT {"parameter_id": 28, "parameter_source": "algorithm", "parameters": {"model_type": "TCN", "units": 16, "num_layers": 4, "dropout": 0, "activation": "tanh", "lr": 0.0006002898131201365, "window_size": 8, "batch_size": 128, "epochs": 10, "kernel_size": 7, "attention_heads": 4}, "parameter_index": 0}
[2026-05-18 21:34:45] INFO (NNIManager) Trial job GPjbT status changed from RUNNING to SUCCEEDED
[2026-05-18 21:34:45] INFO (NNIManager) NNIManager received command from dispatcher: TR, {"parameter_id": 29, "parameter_source": "algorithm", "parameters": {"model_type": "GRU", "units": 128, "num_layers": 4, "dropout": 0.3, "activation": "elu", "lr": 0.0020378517645238893, "window_size": 2, "batch_size": 128, "epochs": 10, "kernel_size": 7, "attention_heads": 2}, "parameter_index": 0}
[2026-05-18 21:34:46] INFO (NNIManager) submitTrialJob: form: {
  sequenceId: 29,
  hyperParameters: {
    value: '{"parameter_id": 29, "parameter_source": "algorithm", "parameters": {"model_type": "GRU", "units": 128, "num_layers": 4, "dropout": 0.3, "activation": "elu", "lr": 0.0020378517645238893, "window_size": 2, "batch_size": 128, "epochs": 10, "kernel_size": 7, "attention_heads": 2}, "parameter_index": 0}',
    index: 0
  },
  placementConstraint: { type: 'None', gpus: [] }
}
[2026-05-18 21:34:46] INFO (LocalV3.local) Created trial Szo7I
[2026-05-18 21:34:48] INFO (LocalV3.local) Trial parameter: Szo7I {"parameter_id": 29, "parameter_source": "algorithm", "parameters": {"model_type": "GRU", "units": 128, "num_layers": 4, "dropout": 0.3, "activation": "elu", "lr": 0.0020378517645238893, "window_size": 2, "batch_size": 128, "epochs": 10, "kernel_size": 7, "attention_heads": 2}, "parameter_index": 0}
[2026-05-18 21:34:57] INFO (NNIManager) Trial job Szo7I status changed from RUNNING to SUCCEEDED
[2026-05-18 21:34:57] INFO (NNIManager) NNIManager received command from dispatcher: TR, {"parameter_id": 30, "parameter_source": "algorithm", "parameters": {"model_type": "RNN", "units": 128, "num_layers": 4, "dropout": 0.3, "activation": "sigmoid", "lr": 0.0008292495484863217, "window_size": 2, "batch_size": 128, "epochs": 5, "kernel_size": 7, "attention_heads": 2}, "parameter_index": 0}
[2026-05-18 21:34:57] INFO (NNIManager) submitTrialJob: form: {
  sequenceId: 30,
  hyperParameters: {
    value: '{"parameter_id": 30, "parameter_source": "algorithm", "parameters": {"model_type": "RNN", "units": 128, "num_layers": 4, "dropout": 0.3, "activation": "sigmoid", "lr": 0.0008292495484863217, "window_size": 2, "batch_size": 128, "epochs": 5, "kernel_size": 7, "attention_heads": 2}, "parameter_index": 0}',
    index: 0
  },
  placementConstraint: { type: 'None', gpus: [] }
}
[2026-05-18 21:34:57] INFO (LocalV3.local) Created trial OZIFF
[2026-05-18 21:35:01] INFO (LocalV3.local) Trial parameter: OZIFF {"parameter_id": 30, "parameter_source": "algorithm", "parameters": {"model_type": "RNN", "units": 128, "num_layers": 4, "dropout": 0.3, "activation": "sigmoid", "lr": 0.0008292495484863217, "window_size": 2, "batch_size": 128, "epochs": 5, "kernel_size": 7, "attention_heads": 2}, "parameter_index": 0}
[2026-05-18 21:35:08] INFO (NNIManager) Trial job OZIFF status changed from RUNNING to SUCCEEDED
[2026-05-18 21:35:09] INFO (NNIManager) NNIManager received command from dispatcher: TR, {"parameter_id": 31, "parameter_source": "algorithm", "parameters": {"model_type": "GRU", "units": 128, "num_layers": 4, "dropout": 0, "activation": "elu", "lr": 0.0019137593040911226, "window_size": 2, "batch_size": 32, "epochs": 10, "kernel_size": 7, "attention_heads": 2}, "parameter_index": 0}
[2026-05-18 21:35:09] INFO (NNIManager) submitTrialJob: form: {
  sequenceId: 31,
  hyperParameters: {
    value: '{"parameter_id": 31, "parameter_source": "algorithm", "parameters": {"model_type": "GRU", "units": 128, "num_layers": 4, "dropout": 0, "activation": "elu", "lr": 0.0019137593040911226, "window_size": 2, "batch_size": 32, "epochs": 10, "kernel_size": 7, "attention_heads": 2}, "parameter_index": 0}',
    index: 0
  },
  placementConstraint: { type: 'None', gpus: [] }
}
[2026-05-18 21:35:09] INFO (LocalV3.local) Created trial dml1V
[2026-05-18 21:35:12] INFO (LocalV3.local) Trial parameter: dml1V {"parameter_id": 31, "parameter_source": "algorithm", "parameters": {"model_type": "GRU", "units": 128, "num_layers": 4, "dropout": 0, "activation": "elu", "lr": 0.0019137593040911226, "window_size": 2, "batch_size": 32, "epochs": 10, "kernel_size": 7, "attention_heads": 2}, "parameter_index": 0}
[2026-05-18 21:35:24] INFO (NNIManager) Trial job dml1V status changed from RUNNING to SUCCEEDED
[2026-05-18 21:35:24] INFO (NNIManager) NNIManager received command from dispatcher: TR, {"parameter_id": 32, "parameter_source": "algorithm", "parameters": {"model_type": "MLP", "units": 32, "num_layers": 3, "dropout": 0.5, "activation": "elu", "lr": 0.0038409952170999494, "window_size": 8, "batch_size": 128, "epochs": 10, "kernel_size": 2, "attention_heads": 8}, "parameter_index": 0}
[2026-05-18 21:35:25] INFO (NNIManager) submitTrialJob: form: {
  sequenceId: 32,
  hyperParameters: {
    value: '{"parameter_id": 32, "parameter_source": "algorithm", "parameters": {"model_type": "MLP", "units": 32, "num_layers": 3, "dropout": 0.5, "activation": "elu", "lr": 0.0038409952170999494, "window_size": 8, "batch_size": 128, "epochs": 10, "kernel_size": 2, "attention_heads": 8}, "parameter_index": 0}',
    index: 0
  },
  placementConstraint: { type: 'None', gpus: [] }
}
[2026-05-18 21:35:25] INFO (LocalV3.local) Created trial xioVj
[2026-05-18 21:35:27] INFO (LocalV3.local) Trial parameter: xioVj {"parameter_id": 32, "parameter_source": "algorithm", "parameters": {"model_type": "MLP", "units": 32, "num_layers": 3, "dropout": 0.5, "activation": "elu", "lr": 0.0038409952170999494, "window_size": 8, "batch_size": 128, "epochs": 10, "kernel_size": 2, "attention_heads": 8}, "parameter_index": 0}
[2026-05-18 21:35:30] INFO (NNIManager) Trial job xioVj status changed from RUNNING to SUCCEEDED
[2026-05-18 21:35:30] INFO (NNIManager) NNIManager received command from dispatcher: TR, {"parameter_id": 33, "parameter_source": "algorithm", "parameters": {"model_type": "MLP", "units": 32, "num_layers": 1, "dropout": 0.5, "activation": "elu", "lr": 0.0013237875589455972, "window_size": 8, "batch_size": 32, "epochs": 10, "kernel_size": 2, "attention_heads": 8}, "parameter_index": 0}
[2026-05-18 21:35:30] INFO (NNIManager) submitTrialJob: form: {
  sequenceId: 33,
  hyperParameters: {
    value: '{"parameter_id": 33, "parameter_source": "algorithm", "parameters": {"model_type": "MLP", "units": 32, "num_layers": 1, "dropout": 0.5, "activation": "elu", "lr": 0.0013237875589455972, "window_size": 8, "batch_size": 32, "epochs": 10, "kernel_size": 2, "attention_heads": 8}, "parameter_index": 0}',
    index: 0
  },
  placementConstraint: { type: 'None', gpus: [] }
}
[2026-05-18 21:35:30] INFO (LocalV3.local) Created trial cNhKD
[2026-05-18 21:35:32] INFO (LocalV3.local) Trial parameter: cNhKD {"parameter_id": 33, "parameter_source": "algorithm", "parameters": {"model_type": "MLP", "units": 32, "num_layers": 1, "dropout": 0.5, "activation": "elu", "lr": 0.0013237875589455972, "window_size": 8, "batch_size": 32, "epochs": 10, "kernel_size": 2, "attention_heads": 8}, "parameter_index": 0}
[2026-05-18 21:35:35] INFO (NNIManager) Trial job cNhKD status changed from RUNNING to SUCCEEDED
[2026-05-18 21:35:35] INFO (NNIManager) NNIManager received command from dispatcher: TR, {"parameter_id": 34, "parameter_source": "algorithm", "parameters": {"model_type": "RNN", "units": 32, "num_layers": 1, "dropout": 0, "activation": "elu", "lr": 0.003673986627436836, "window_size": 21, "batch_size": 128, "epochs": 20, "kernel_size": 2, "attention_heads": 8}, "parameter_index": 0}
[2026-05-18 21:35:35] INFO (NNIManager) submitTrialJob: form: {
  sequenceId: 34,
  hyperParameters: {
    value: '{"parameter_id": 34, "parameter_source": "algorithm", "parameters": {"model_type": "RNN", "units": 32, "num_layers": 1, "dropout": 0, "activation": "elu", "lr": 0.003673986627436836, "window_size": 21, "batch_size": 128, "epochs": 20, "kernel_size": 2, "attention_heads": 8}, "parameter_index": 0}',
    index: 0
  },
  placementConstraint: { type: 'None', gpus: [] }
}
[2026-05-18 21:35:35] INFO (LocalV3.local) Created trial JFRv6
[2026-05-18 21:35:37] INFO (LocalV3.local) Trial parameter: JFRv6 {"parameter_id": 34, "parameter_source": "algorithm", "parameters": {"model_type": "RNN", "units": 32, "num_layers": 1, "dropout": 0, "activation": "elu", "lr": 0.003673986627436836, "window_size": 21, "batch_size": 128, "epochs": 20, "kernel_size": 2, "attention_heads": 8}, "parameter_index": 0}
[2026-05-18 21:35:41] INFO (NNIManager) Trial job JFRv6 status changed from RUNNING to SUCCEEDED
[2026-05-18 21:35:41] INFO (NNIManager) NNIManager received command from dispatcher: TR, {"parameter_id": 35, "parameter_source": "algorithm", "parameters": {"model_type": "GRU", "units": 128, "num_layers": 4, "dropout": 0.3, "activation": "elu", "lr": 0.0013479153323402576, "window_size": 2, "batch_size": 128, "epochs": 10, "kernel_size": 3, "attention_heads": 8}, "parameter_index": 0}
[2026-05-18 21:35:42] INFO (NNIManager) submitTrialJob: form: {
  sequenceId: 35,
  hyperParameters: {
    value: '{"parameter_id": 35, "parameter_source": "algorithm", "parameters": {"model_type": "GRU", "units": 128, "num_layers": 4, "dropout": 0.3, "activation": "elu", "lr": 0.0013479153323402576, "window_size": 2, "batch_size": 128, "epochs": 10, "kernel_size": 3, "attention_heads": 8}, "parameter_index": 0}',
    index: 0
  },
  placementConstraint: { type: 'None', gpus: [] }
}
[2026-05-18 21:35:42] INFO (LocalV3.local) Created trial IZLCq
[2026-05-18 21:35:44] INFO (LocalV3.local) Trial parameter: IZLCq {"parameter_id": 35, "parameter_source": "algorithm", "parameters": {"model_type": "GRU", "units": 128, "num_layers": 4, "dropout": 0.3, "activation": "elu", "lr": 0.0013479153323402576, "window_size": 2, "batch_size": 128, "epochs": 10, "kernel_size": 3, "attention_heads": 8}, "parameter_index": 0}
[2026-05-18 21:35:53] INFO (NNIManager) Trial job IZLCq status changed from RUNNING to SUCCEEDED
[2026-05-18 21:35:53] INFO (NNIManager) NNIManager received command from dispatcher: TR, {"parameter_id": 36, "parameter_source": "algorithm", "parameters": {"model_type": "TCN", "units": 16, "num_layers": 4, "dropout": 0.1, "activation": "elu", "lr": 0.0016193770141204604, "window_size": 4, "batch_size": 16, "epochs": 10, "kernel_size": 7, "attention_heads": 2}, "parameter_index": 0}
[2026-05-18 21:35:53] INFO (NNIManager) submitTrialJob: form: {
  sequenceId: 36,
  hyperParameters: {
    value: '{"parameter_id": 36, "parameter_source": "algorithm", "parameters": {"model_type": "TCN", "units": 16, "num_layers": 4, "dropout": 0.1, "activation": "elu", "lr": 0.0016193770141204604, "window_size": 4, "batch_size": 16, "epochs": 10, "kernel_size": 7, "attention_heads": 2}, "parameter_index": 0}',
    index: 0
  },
  placementConstraint: { type: 'None', gpus: [] }
}
[2026-05-18 21:35:53] INFO (LocalV3.local) Created trial e9XqQ
[2026-05-18 21:35:55] INFO (LocalV3.local) Trial parameter: e9XqQ {"parameter_id": 36, "parameter_source": "algorithm", "parameters": {"model_type": "TCN", "units": 16, "num_layers": 4, "dropout": 0.1, "activation": "elu", "lr": 0.0016193770141204604, "window_size": 4, "batch_size": 16, "epochs": 10, "kernel_size": 7, "attention_heads": 2}, "parameter_index": 0}
[2026-05-18 21:36:01] INFO (NNIManager) Trial job e9XqQ status changed from RUNNING to SUCCEEDED
[2026-05-18 21:36:01] INFO (NNIManager) NNIManager received command from dispatcher: TR, {"parameter_id": 37, "parameter_source": "algorithm", "parameters": {"model_type": "MLP", "units": 16, "num_layers": 2, "dropout": 0, "activation": "elu", "lr": 0.0013380094225849681, "window_size": 8, "batch_size": 16, "epochs": 10, "kernel_size": 2, "attention_heads": 8}, "parameter_index": 0}
[2026-05-18 21:36:01] INFO (NNIManager) submitTrialJob: form: {
  sequenceId: 37,
  hyperParameters: {
    value: '{"parameter_id": 37, "parameter_source": "algorithm", "parameters": {"model_type": "MLP", "units": 16, "num_layers": 2, "dropout": 0, "activation": "elu", "lr": 0.0013380094225849681, "window_size": 8, "batch_size": 16, "epochs": 10, "kernel_size": 2, "attention_heads": 8}, "parameter_index": 0}',
    index: 0
  },
  placementConstraint: { type: 'None', gpus: [] }
}
[2026-05-18 21:36:01] INFO (LocalV3.local) Created trial FD4kf
[2026-05-18 21:36:03] INFO (LocalV3.local) Trial parameter: FD4kf {"parameter_id": 37, "parameter_source": "algorithm", "parameters": {"model_type": "MLP", "units": 16, "num_layers": 2, "dropout": 0, "activation": "elu", "lr": 0.0013380094225849681, "window_size": 8, "batch_size": 16, "epochs": 10, "kernel_size": 2, "attention_heads": 8}, "parameter_index": 0}
[2026-05-18 21:36:07] INFO (NNIManager) Trial job FD4kf status changed from RUNNING to SUCCEEDED
[2026-05-18 21:36:07] INFO (NNIManager) NNIManager received command from dispatcher: TR, {"parameter_id": 38, "parameter_source": "algorithm", "parameters": {"model_type": "MLP", "units": 32, "num_layers": 1, "dropout": 0, "activation": "elu", "lr": 0.0011012541150812734, "window_size": 8, "batch_size": 16, "epochs": 10, "kernel_size": 2, "attention_heads": 8}, "parameter_index": 0}
[2026-05-18 21:36:07] INFO (NNIManager) submitTrialJob: form: {
  sequenceId: 38,
  hyperParameters: {
    value: '{"parameter_id": 38, "parameter_source": "algorithm", "parameters": {"model_type": "MLP", "units": 32, "num_layers": 1, "dropout": 0, "activation": "elu", "lr": 0.0011012541150812734, "window_size": 8, "batch_size": 16, "epochs": 10, "kernel_size": 2, "attention_heads": 8}, "parameter_index": 0}',
    index: 0
  },
  placementConstraint: { type: 'None', gpus: [] }
}
[2026-05-18 21:36:07] INFO (LocalV3.local) Created trial RyRw1
[2026-05-18 21:36:09] INFO (LocalV3.local) Trial parameter: RyRw1 {"parameter_id": 38, "parameter_source": "algorithm", "parameters": {"model_type": "MLP", "units": 32, "num_layers": 1, "dropout": 0, "activation": "elu", "lr": 0.0011012541150812734, "window_size": 8, "batch_size": 16, "epochs": 10, "kernel_size": 2, "attention_heads": 8}, "parameter_index": 0}
[2026-05-18 21:36:12] INFO (NNIManager) Trial job RyRw1 status changed from RUNNING to SUCCEEDED
[2026-05-18 21:36:12] INFO (NNIManager) NNIManager received command from dispatcher: TR, {"parameter_id": 39, "parameter_source": "algorithm", "parameters": {"model_type": "GRU", "units": 128, "num_layers": 4, "dropout": 0.3, "activation": "elu", "lr": 0.00045776632405242906, "window_size": 2, "batch_size": 128, "epochs": 10, "kernel_size": 7, "attention_heads": 2}, "parameter_index": 0}
[2026-05-18 21:36:13] INFO (NNIManager) submitTrialJob: form: {
  sequenceId: 39,
  hyperParameters: {
    value: '{"parameter_id": 39, "parameter_source": "algorithm", "parameters": {"model_type": "GRU", "units": 128, "num_layers": 4, "dropout": 0.3, "activation": "elu", "lr": 0.00045776632405242906, "window_size": 2, "batch_size": 128, "epochs": 10, "kernel_size": 7, "attention_heads": 2}, "parameter_index": 0}',
    index: 0
  },
  placementConstraint: { type: 'None', gpus: [] }
}
[2026-05-18 21:36:13] INFO (LocalV3.local) Created trial XducL
[2026-05-18 21:36:15] INFO (LocalV3.local) Trial parameter: XducL {"parameter_id": 39, "parameter_source": "algorithm", "parameters": {"model_type": "GRU", "units": 128, "num_layers": 4, "dropout": 0.3, "activation": "elu", "lr": 0.00045776632405242906, "window_size": 2, "batch_size": 128, "epochs": 10, "kernel_size": 7, "attention_heads": 2}, "parameter_index": 0}
[2026-05-18 21:36:24] INFO (NNIManager) Trial job XducL status changed from RUNNING to SUCCEEDED
[2026-05-18 21:36:24] INFO (NNIManager) NNIManager received command from dispatcher: TR, {"parameter_id": 40, "parameter_source": "algorithm", "parameters": {"model_type": "CNN", "units": 16, "num_layers": 2, "dropout": 0.1, "activation": "elu", "lr": 0.0007146223717707181, "window_size": 9, "batch_size": 16, "epochs": 10, "kernel_size": 2, "attention_heads": 8}, "parameter_index": 0}
[2026-05-18 21:36:24] INFO (NNIManager) submitTrialJob: form: {
  sequenceId: 40,
  hyperParameters: {
    value: '{"parameter_id": 40, "parameter_source": "algorithm", "parameters": {"model_type": "CNN", "units": 16, "num_layers": 2, "dropout": 0.1, "activation": "elu", "lr": 0.0007146223717707181, "window_size": 9, "batch_size": 16, "epochs": 10, "kernel_size": 2, "attention_heads": 8}, "parameter_index": 0}',
    index: 0
  },
  placementConstraint: { type: 'None', gpus: [] }
}
[2026-05-18 21:36:24] INFO (LocalV3.local) Created trial IJ8uo
[2026-05-18 21:36:26] INFO (LocalV3.local) Trial parameter: IJ8uo {"parameter_id": 40, "parameter_source": "algorithm", "parameters": {"model_type": "CNN", "units": 16, "num_layers": 2, "dropout": 0.1, "activation": "elu", "lr": 0.0007146223717707181, "window_size": 9, "batch_size": 16, "epochs": 10, "kernel_size": 2, "attention_heads": 8}, "parameter_index": 0}
[2026-05-18 21:36:30] INFO (NNIManager) Trial job IJ8uo status changed from RUNNING to SUCCEEDED
[2026-05-18 21:36:30] INFO (NNIManager) NNIManager received command from dispatcher: TR, {"parameter_id": 41, "parameter_source": "algorithm", "parameters": {"model_type": "TCN", "units": 128, "num_layers": 4, "dropout": 0.3, "activation": "elu", "lr": 0.000983239911126019, "window_size": 24, "batch_size": 128, "epochs": 10, "kernel_size": 7, "attention_heads": 2}, "parameter_index": 0}
[2026-05-18 21:36:30] INFO (NNIManager) submitTrialJob: form: {
  sequenceId: 41,
  hyperParameters: {
    value: '{"parameter_id": 41, "parameter_source": "algorithm", "parameters": {"model_type": "TCN", "units": 128, "num_layers": 4, "dropout": 0.3, "activation": "elu", "lr": 0.000983239911126019, "window_size": 24, "batch_size": 128, "epochs": 10, "kernel_size": 7, "attention_heads": 2}, "parameter_index": 0}',
    index: 0
  },
  placementConstraint: { type: 'None', gpus: [] }
}
[2026-05-18 21:36:30] INFO (LocalV3.local) Created trial zFPVc
[2026-05-18 21:36:32] INFO (LocalV3.local) Trial parameter: zFPVc {"parameter_id": 41, "parameter_source": "algorithm", "parameters": {"model_type": "TCN", "units": 128, "num_layers": 4, "dropout": 0.3, "activation": "elu", "lr": 0.000983239911126019, "window_size": 24, "batch_size": 128, "epochs": 10, "kernel_size": 7, "attention_heads": 2}, "parameter_index": 0}
[2026-05-18 21:36:38] INFO (NNIManager) Trial job zFPVc status changed from RUNNING to SUCCEEDED
[2026-05-18 21:36:38] INFO (NNIManager) NNIManager received command from dispatcher: TR, {"parameter_id": 42, "parameter_source": "algorithm", "parameters": {"model_type": "MLP", "units": 32, "num_layers": 1, "dropout": 0, "activation": "elu", "lr": 0.002086150706673995, "window_size": 8, "batch_size": 64, "epochs": 10, "kernel_size": 2, "attention_heads": 8}, "parameter_index": 0}
[2026-05-18 21:36:39] INFO (NNIManager) submitTrialJob: form: {
  sequenceId: 42,
  hyperParameters: {
    value: '{"parameter_id": 42, "parameter_source": "algorithm", "parameters": {"model_type": "MLP", "units": 32, "num_layers": 1, "dropout": 0, "activation": "elu", "lr": 0.002086150706673995, "window_size": 8, "batch_size": 64, "epochs": 10, "kernel_size": 2, "attention_heads": 8}, "parameter_index": 0}',
    index: 0
  },
  placementConstraint: { type: 'None', gpus: [] }
}
[2026-05-18 21:36:39] INFO (LocalV3.local) Created trial BFTod
[2026-05-18 21:36:41] INFO (LocalV3.local) Trial parameter: BFTod {"parameter_id": 42, "parameter_source": "algorithm", "parameters": {"model_type": "MLP", "units": 32, "num_layers": 1, "dropout": 0, "activation": "elu", "lr": 0.002086150706673995, "window_size": 8, "batch_size": 64, "epochs": 10, "kernel_size": 2, "attention_heads": 8}, "parameter_index": 0}
[2026-05-18 21:36:43] INFO (NNIManager) Trial job BFTod status changed from RUNNING to SUCCEEDED
[2026-05-18 21:36:43] INFO (NNIManager) NNIManager received command from dispatcher: TR, {"parameter_id": 43, "parameter_source": "algorithm", "parameters": {"model_type": "LSTM", "units": 16, "num_layers": 2, "dropout": 0.1, "activation": "elu", "lr": 0.0013591621073439342, "window_size": 9, "batch_size": 16, "epochs": 10, "kernel_size": 2, "attention_heads": 8}, "parameter_index": 0}
[2026-05-18 21:36:44] INFO (NNIManager) submitTrialJob: form: {
  sequenceId: 43,
  hyperParameters: {
    value: '{"parameter_id": 43, "parameter_source": "algorithm", "parameters": {"model_type": "LSTM", "units": 16, "num_layers": 2, "dropout": 0.1, "activation": "elu", "lr": 0.0013591621073439342, "window_size": 9, "batch_size": 16, "epochs": 10, "kernel_size": 2, "attention_heads": 8}, "parameter_index": 0}',
    index: 0
  },
  placementConstraint: { type: 'None', gpus: [] }
}
[2026-05-18 21:36:44] INFO (LocalV3.local) Created trial Z5peQ
[2026-05-18 21:36:46] INFO (LocalV3.local) Trial parameter: Z5peQ {"parameter_id": 43, "parameter_source": "algorithm", "parameters": {"model_type": "LSTM", "units": 16, "num_layers": 2, "dropout": 0.1, "activation": "elu", "lr": 0.0013591621073439342, "window_size": 9, "batch_size": 16, "epochs": 10, "kernel_size": 2, "attention_heads": 8}, "parameter_index": 0}
[2026-05-18 21:36:55] INFO (NNIManager) Trial job Z5peQ status changed from RUNNING to SUCCEEDED
[2026-05-18 21:36:55] INFO (NNIManager) NNIManager received command from dispatcher: TR, {"parameter_id": 44, "parameter_source": "algorithm", "parameters": {"model_type": "MLP", "units": 128, "num_layers": 4, "dropout": 0.3, "activation": "elu", "lr": 0.0015885443964417034, "window_size": 17, "batch_size": 16, "epochs": 10, "kernel_size": 7, "attention_heads": 2}, "parameter_index": 0}
[2026-05-18 21:36:55] INFO (NNIManager) submitTrialJob: form: {
  sequenceId: 44,
  hyperParameters: {
    value: '{"parameter_id": 44, "parameter_source": "algorithm", "parameters": {"model_type": "MLP", "units": 128, "num_layers": 4, "dropout": 0.3, "activation": "elu", "lr": 0.0015885443964417034, "window_size": 17, "batch_size": 16, "epochs": 10, "kernel_size": 7, "attention_heads": 2}, "parameter_index": 0}',
    index: 0
  },
  placementConstraint: { type: 'None', gpus: [] }
}
[2026-05-18 21:36:55] INFO (LocalV3.local) Created trial deBU7
[2026-05-18 21:36:57] INFO (LocalV3.local) Trial parameter: deBU7 {"parameter_id": 44, "parameter_source": "algorithm", "parameters": {"model_type": "MLP", "units": 128, "num_layers": 4, "dropout": 0.3, "activation": "elu", "lr": 0.0015885443964417034, "window_size": 17, "batch_size": 16, "epochs": 10, "kernel_size": 7, "attention_heads": 2}, "parameter_index": 0}
[2026-05-18 21:37:01] INFO (NNIManager) Trial job deBU7 status changed from RUNNING to SUCCEEDED
[2026-05-18 21:37:01] INFO (NNIManager) NNIManager received command from dispatcher: TR, {"parameter_id": 45, "parameter_source": "algorithm", "parameters": {"model_type": "MLP", "units": 16, "num_layers": 4, "dropout": 0, "activation": "elu", "lr": 0.0012232382041828327, "window_size": 8, "batch_size": 16, "epochs": 20, "kernel_size": 2, "attention_heads": 8}, "parameter_index": 0}
[2026-05-18 21:37:01] INFO (NNIManager) submitTrialJob: form: {
  sequenceId: 45,
  hyperParameters: {
    value: '{"parameter_id": 45, "parameter_source": "algorithm", "parameters": {"model_type": "MLP", "units": 16, "num_layers": 4, "dropout": 0, "activation": "elu", "lr": 0.0012232382041828327, "window_size": 8, "batch_size": 16, "epochs": 20, "kernel_size": 2, "attention_heads": 8}, "parameter_index": 0}',
    index: 0
  },
  placementConstraint: { type: 'None', gpus: [] }
}
[2026-05-18 21:37:01] INFO (LocalV3.local) Created trial x250m
[2026-05-18 21:37:03] INFO (LocalV3.local) Trial parameter: x250m {"parameter_id": 45, "parameter_source": "algorithm", "parameters": {"model_type": "MLP", "units": 16, "num_layers": 4, "dropout": 0, "activation": "elu", "lr": 0.0012232382041828327, "window_size": 8, "batch_size": 16, "epochs": 20, "kernel_size": 2, "attention_heads": 8}, "parameter_index": 0}
[2026-05-18 21:37:08] INFO (NNIManager) Trial job x250m status changed from RUNNING to SUCCEEDED
[2026-05-18 21:37:08] INFO (NNIManager) NNIManager received command from dispatcher: TR, {"parameter_id": 46, "parameter_source": "algorithm", "parameters": {"model_type": "MLP", "units": 16, "num_layers": 1, "dropout": 0, "activation": "elu", "lr": 0.0017684620131043919, "window_size": 8, "batch_size": 16, "epochs": 5, "kernel_size": 2, "attention_heads": 2}, "parameter_index": 0}
[2026-05-18 21:37:08] INFO (NNIManager) submitTrialJob: form: {
  sequenceId: 46,
  hyperParameters: {
    value: '{"parameter_id": 46, "parameter_source": "algorithm", "parameters": {"model_type": "MLP", "units": 16, "num_layers": 1, "dropout": 0, "activation": "elu", "lr": 0.0017684620131043919, "window_size": 8, "batch_size": 16, "epochs": 5, "kernel_size": 2, "attention_heads": 2}, "parameter_index": 0}',
    index: 0
  },
  placementConstraint: { type: 'None', gpus: [] }
}
[2026-05-18 21:37:08] INFO (LocalV3.local) Created trial jtwfI
[2026-05-18 21:37:11] INFO (LocalV3.local) Trial parameter: jtwfI {"parameter_id": 46, "parameter_source": "algorithm", "parameters": {"model_type": "MLP", "units": 16, "num_layers": 1, "dropout": 0, "activation": "elu", "lr": 0.0017684620131043919, "window_size": 8, "batch_size": 16, "epochs": 5, "kernel_size": 2, "attention_heads": 2}, "parameter_index": 0}
[2026-05-18 21:37:13] INFO (NNIManager) Trial job jtwfI status changed from RUNNING to SUCCEEDED
[2026-05-18 21:37:13] INFO (NNIManager) NNIManager received command from dispatcher: TR, {"parameter_id": 47, "parameter_source": "algorithm", "parameters": {"model_type": "MLP", "units": 32, "num_layers": 1, "dropout": 0, "activation": "elu", "lr": 0.0015435614835881944, "window_size": 8, "batch_size": 16, "epochs": 10, "kernel_size": 2, "attention_heads": 2}, "parameter_index": 0}
[2026-05-18 21:37:13] INFO (NNIManager) submitTrialJob: form: {
  sequenceId: 47,
  hyperParameters: {
    value: '{"parameter_id": 47, "parameter_source": "algorithm", "parameters": {"model_type": "MLP", "units": 32, "num_layers": 1, "dropout": 0, "activation": "elu", "lr": 0.0015435614835881944, "window_size": 8, "batch_size": 16, "epochs": 10, "kernel_size": 2, "attention_heads": 2}, "parameter_index": 0}',
    index: 0
  },
  placementConstraint: { type: 'None', gpus: [] }
}
[2026-05-18 21:37:13] INFO (LocalV3.local) Created trial zJRCD
[2026-05-18 21:37:15] INFO (LocalV3.local) Trial parameter: zJRCD {"parameter_id": 47, "parameter_source": "algorithm", "parameters": {"model_type": "MLP", "units": 32, "num_layers": 1, "dropout": 0, "activation": "elu", "lr": 0.0015435614835881944, "window_size": 8, "batch_size": 16, "epochs": 10, "kernel_size": 2, "attention_heads": 2}, "parameter_index": 0}
[2026-05-18 21:37:19] INFO (NNIManager) Trial job zJRCD status changed from RUNNING to SUCCEEDED
[2026-05-18 21:37:19] INFO (NNIManager) NNIManager received command from dispatcher: TR, {"parameter_id": 48, "parameter_source": "algorithm", "parameters": {"model_type": "MLP", "units": 256, "num_layers": 1, "dropout": 0, "activation": "elu", "lr": 0.0022205669828586337, "window_size": 3, "batch_size": 16, "epochs": 10, "kernel_size": 2, "attention_heads": 4}, "parameter_index": 0}
[2026-05-18 21:37:19] INFO (NNIManager) submitTrialJob: form: {
  sequenceId: 48,
  hyperParameters: {
    value: '{"parameter_id": 48, "parameter_source": "algorithm", "parameters": {"model_type": "MLP", "units": 256, "num_layers": 1, "dropout": 0, "activation": "elu", "lr": 0.0022205669828586337, "window_size": 3, "batch_size": 16, "epochs": 10, "kernel_size": 2, "attention_heads": 4}, "parameter_index": 0}',
    index: 0
  },
  placementConstraint: { type: 'None', gpus: [] }
}
[2026-05-18 21:37:19] INFO (LocalV3.local) Created trial jES93
[2026-05-18 21:37:21] INFO (LocalV3.local) Trial parameter: jES93 {"parameter_id": 48, "parameter_source": "algorithm", "parameters": {"model_type": "MLP", "units": 256, "num_layers": 1, "dropout": 0, "activation": "elu", "lr": 0.0022205669828586337, "window_size": 3, "batch_size": 16, "epochs": 10, "kernel_size": 2, "attention_heads": 4}, "parameter_index": 0}
[2026-05-18 21:37:24] INFO (NNIManager) Trial job jES93 status changed from RUNNING to SUCCEEDED
[2026-05-18 21:37:24] INFO (NNIManager) NNIManager received command from dispatcher: TR, {"parameter_id": 49, "parameter_source": "algorithm", "parameters": {"model_type": "CNN", "units": 16, "num_layers": 2, "dropout": 0.1, "activation": "elu", "lr": 0.0005169835305830196, "window_size": 6, "batch_size": 64, "epochs": 10, "kernel_size": 2, "attention_heads": 8}, "parameter_index": 0}
[2026-05-18 21:37:25] INFO (NNIManager) submitTrialJob: form: {
  sequenceId: 49,
  hyperParameters: {
    value: '{"parameter_id": 49, "parameter_source": "algorithm", "parameters": {"model_type": "CNN", "units": 16, "num_layers": 2, "dropout": 0.1, "activation": "elu", "lr": 0.0005169835305830196, "window_size": 6, "batch_size": 64, "epochs": 10, "kernel_size": 2, "attention_heads": 8}, "parameter_index": 0}',
    index: 0
  },
  placementConstraint: { type: 'None', gpus: [] }
}
[2026-05-18 21:37:25] INFO (LocalV3.local) Created trial nTBFF
[2026-05-18 21:37:26] INFO (LocalV3.local) Trial parameter: nTBFF {"parameter_id": 49, "parameter_source": "algorithm", "parameters": {"model_type": "CNN", "units": 16, "num_layers": 2, "dropout": 0.1, "activation": "elu", "lr": 0.0005169835305830196, "window_size": 6, "batch_size": 64, "epochs": 10, "kernel_size": 2, "attention_heads": 8}, "parameter_index": 0}
[2026-05-18 21:37:30] INFO (NNIManager) Trial job nTBFF status changed from RUNNING to SUCCEEDED
[2026-05-18 21:37:30] INFO (NNIManager) NNIManager received command from dispatcher: TR, {"parameter_id": 50, "parameter_source": "algorithm", "parameters": {"model_type": "MLP", "units": 32, "num_layers": 1, "dropout": 0, "activation": "elu", "lr": 0.0014664028756754572, "window_size": 8, "batch_size": 16, "epochs": 10, "kernel_size": 2, "attention_heads": 2}, "parameter_index": 0}
[2026-05-18 21:37:30] INFO (NNIManager) submitTrialJob: form: {
  sequenceId: 50,
  hyperParameters: {
    value: '{"parameter_id": 50, "parameter_source": "algorithm", "parameters": {"model_type": "MLP", "units": 32, "num_layers": 1, "dropout": 0, "activation": "elu", "lr": 0.0014664028756754572, "window_size": 8, "batch_size": 16, "epochs": 10, "kernel_size": 2, "attention_heads": 2}, "parameter_index": 0}',
    index: 0
  },
  placementConstraint: { type: 'None', gpus: [] }
}
[2026-05-18 21:37:30] INFO (LocalV3.local) Created trial Ln9G3
[2026-05-18 21:37:32] INFO (LocalV3.local) Trial parameter: Ln9G3 {"parameter_id": 50, "parameter_source": "algorithm", "parameters": {"model_type": "MLP", "units": 32, "num_layers": 1, "dropout": 0, "activation": "elu", "lr": 0.0014664028756754572, "window_size": 8, "batch_size": 16, "epochs": 10, "kernel_size": 2, "attention_heads": 2}, "parameter_index": 0}
[2026-05-18 21:37:35] INFO (NNIManager) Trial job Ln9G3 status changed from RUNNING to SUCCEEDED
[2026-05-18 21:37:35] INFO (NNIManager) NNIManager received command from dispatcher: TR, {"parameter_id": 51, "parameter_source": "algorithm", "parameters": {"model_type": "MLP", "units": 16, "num_layers": 1, "dropout": 0, "activation": "elu", "lr": 0.0011439969484760481, "window_size": 8, "batch_size": 16, "epochs": 10, "kernel_size": 2, "attention_heads": 8}, "parameter_index": 0}
[2026-05-18 21:37:36] INFO (NNIManager) submitTrialJob: form: {
  sequenceId: 51,
  hyperParameters: {
    value: '{"parameter_id": 51, "parameter_source": "algorithm", "parameters": {"model_type": "MLP", "units": 16, "num_layers": 1, "dropout": 0, "activation": "elu", "lr": 0.0011439969484760481, "window_size": 8, "batch_size": 16, "epochs": 10, "kernel_size": 2, "attention_heads": 8}, "parameter_index": 0}',
    index: 0
  },
  placementConstraint: { type: 'None', gpus: [] }
}
[2026-05-18 21:37:36] INFO (LocalV3.local) Created trial qsJnt
[2026-05-18 21:37:37] INFO (LocalV3.local) Trial parameter: qsJnt {"parameter_id": 51, "parameter_source": "algorithm", "parameters": {"model_type": "MLP", "units": 16, "num_layers": 1, "dropout": 0, "activation": "elu", "lr": 0.0011439969484760481, "window_size": 8, "batch_size": 16, "epochs": 10, "kernel_size": 2, "attention_heads": 8}, "parameter_index": 0}
[2026-05-18 21:37:41] INFO (NNIManager) Trial job qsJnt status changed from RUNNING to SUCCEEDED
[2026-05-18 21:37:41] INFO (NNIManager) NNIManager received command from dispatcher: TR, {"parameter_id": 52, "parameter_source": "algorithm", "parameters": {"model_type": "CNN", "units": 16, "num_layers": 2, "dropout": 0.1, "activation": "elu", "lr": 0.0007240642779980226, "window_size": 9, "batch_size": 16, "epochs": 10, "kernel_size": 2, "attention_heads": 8}, "parameter_index": 0}
[2026-05-18 21:37:41] INFO (NNIManager) submitTrialJob: form: {
  sequenceId: 52,
  hyperParameters: {
    value: '{"parameter_id": 52, "parameter_source": "algorithm", "parameters": {"model_type": "CNN", "units": 16, "num_layers": 2, "dropout": 0.1, "activation": "elu", "lr": 0.0007240642779980226, "window_size": 9, "batch_size": 16, "epochs": 10, "kernel_size": 2, "attention_heads": 8}, "parameter_index": 0}',
    index: 0
  },
  placementConstraint: { type: 'None', gpus: [] }
}
[2026-05-18 21:37:41] INFO (LocalV3.local) Created trial nvXLX
[2026-05-18 21:37:43] INFO (LocalV3.local) Trial parameter: nvXLX {"parameter_id": 52, "parameter_source": "algorithm", "parameters": {"model_type": "CNN", "units": 16, "num_layers": 2, "dropout": 0.1, "activation": "elu", "lr": 0.0007240642779980226, "window_size": 9, "batch_size": 16, "epochs": 10, "kernel_size": 2, "attention_heads": 8}, "parameter_index": 0}
[2026-05-18 21:37:47] INFO (NNIManager) Trial job nvXLX status changed from RUNNING to SUCCEEDED
[2026-05-18 21:37:47] INFO (NNIManager) NNIManager received command from dispatcher: TR, {"parameter_id": 53, "parameter_source": "algorithm", "parameters": {"model_type": "GRU", "units": 128, "num_layers": 4, "dropout": 0.2, "activation": "elu", "lr": 0.0005051784827071597, "window_size": 30, "batch_size": 128, "epochs": 10, "kernel_size": 7, "attention_heads": 2}, "parameter_index": 0}
[2026-05-18 21:37:47] INFO (NNIManager) submitTrialJob: form: {
  sequenceId: 53,
  hyperParameters: {
    value: '{"parameter_id": 53, "parameter_source": "algorithm", "parameters": {"model_type": "GRU", "units": 128, "num_layers": 4, "dropout": 0.2, "activation": "elu", "lr": 0.0005051784827071597, "window_size": 30, "batch_size": 128, "epochs": 10, "kernel_size": 7, "attention_heads": 2}, "parameter_index": 0}',
    index: 0
  },
  placementConstraint: { type: 'None', gpus: [] }
}
[2026-05-18 21:37:47] INFO (LocalV3.local) Created trial e6ThO
[2026-05-18 21:37:49] INFO (LocalV3.local) Trial parameter: e6ThO {"parameter_id": 53, "parameter_source": "algorithm", "parameters": {"model_type": "GRU", "units": 128, "num_layers": 4, "dropout": 0.2, "activation": "elu", "lr": 0.0005051784827071597, "window_size": 30, "batch_size": 128, "epochs": 10, "kernel_size": 7, "attention_heads": 2}, "parameter_index": 0}
[2026-05-18 21:38:09] INFO (NNIManager) Trial job e6ThO status changed from RUNNING to SUCCEEDED
[2026-05-18 21:38:09] INFO (NNIManager) NNIManager received command from dispatcher: TR, {"parameter_id": 54, "parameter_source": "algorithm", "parameters": {"model_type": "CNN", "units": 16, "num_layers": 2, "dropout": 0.1, "activation": "elu", "lr": 0.0004314092934151705, "window_size": 9, "batch_size": 16, "epochs": 10, "kernel_size": 5, "attention_heads": 8}, "parameter_index": 0}
[2026-05-18 21:38:10] INFO (NNIManager) submitTrialJob: form: {
  sequenceId: 54,
  hyperParameters: {
    value: '{"parameter_id": 54, "parameter_source": "algorithm", "parameters": {"model_type": "CNN", "units": 16, "num_layers": 2, "dropout": 0.1, "activation": "elu", "lr": 0.0004314092934151705, "window_size": 9, "batch_size": 16, "epochs": 10, "kernel_size": 5, "attention_heads": 8}, "parameter_index": 0}',
    index: 0
  },
  placementConstraint: { type: 'None', gpus: [] }
}
[2026-05-18 21:38:10] INFO (LocalV3.local) Created trial I2YUL
[2026-05-18 21:38:12] INFO (LocalV3.local) Trial parameter: I2YUL {"parameter_id": 54, "parameter_source": "algorithm", "parameters": {"model_type": "CNN", "units": 16, "num_layers": 2, "dropout": 0.1, "activation": "elu", "lr": 0.0004314092934151705, "window_size": 9, "batch_size": 16, "epochs": 10, "kernel_size": 5, "attention_heads": 8}, "parameter_index": 0}
[2026-05-18 21:38:15] INFO (NNIManager) Trial job I2YUL status changed from RUNNING to SUCCEEDED
[2026-05-18 21:38:15] INFO (NNIManager) NNIManager received command from dispatcher: TR, {"parameter_id": 55, "parameter_source": "algorithm", "parameters": {"model_type": "MLP", "units": 16, "num_layers": 4, "dropout": 0, "activation": "elu", "lr": 0.0016585049065325078, "window_size": 8, "batch_size": 16, "epochs": 20, "kernel_size": 2, "attention_heads": 4}, "parameter_index": 0}
[2026-05-18 21:38:16] INFO (NNIManager) submitTrialJob: form: {
  sequenceId: 55,
  hyperParameters: {
    value: '{"parameter_id": 55, "parameter_source": "algorithm", "parameters": {"model_type": "MLP", "units": 16, "num_layers": 4, "dropout": 0, "activation": "elu", "lr": 0.0016585049065325078, "window_size": 8, "batch_size": 16, "epochs": 20, "kernel_size": 2, "attention_heads": 4}, "parameter_index": 0}',
    index: 0
  },
  placementConstraint: { type: 'None', gpus: [] }
}
[2026-05-18 21:38:16] INFO (LocalV3.local) Created trial Lx3QF
[2026-05-18 21:38:18] INFO (LocalV3.local) Trial parameter: Lx3QF {"parameter_id": 55, "parameter_source": "algorithm", "parameters": {"model_type": "MLP", "units": 16, "num_layers": 4, "dropout": 0, "activation": "elu", "lr": 0.0016585049065325078, "window_size": 8, "batch_size": 16, "epochs": 20, "kernel_size": 2, "attention_heads": 4}, "parameter_index": 0}
[2026-05-18 21:38:23] INFO (NNIManager) Trial job Lx3QF status changed from RUNNING to SUCCEEDED
[2026-05-18 21:38:23] INFO (NNIManager) NNIManager received command from dispatcher: TR, {"parameter_id": 56, "parameter_source": "algorithm", "parameters": {"model_type": "MLP", "units": 16, "num_layers": 4, "dropout": 0, "activation": "sigmoid", "lr": 0.0016402140595638782, "window_size": 8, "batch_size": 16, "epochs": 20, "kernel_size": 2, "attention_heads": 4}, "parameter_index": 0}
[2026-05-18 21:38:23] INFO (NNIManager) submitTrialJob: form: {
  sequenceId: 56,
  hyperParameters: {
    value: '{"parameter_id": 56, "parameter_source": "algorithm", "parameters": {"model_type": "MLP", "units": 16, "num_layers": 4, "dropout": 0, "activation": "sigmoid", "lr": 0.0016402140595638782, "window_size": 8, "batch_size": 16, "epochs": 20, "kernel_size": 2, "attention_heads": 4}, "parameter_index": 0}',
    index: 0
  },
  placementConstraint: { type: 'None', gpus: [] }
}
[2026-05-18 21:38:23] INFO (LocalV3.local) Created trial VQRog
[2026-05-18 21:38:26] INFO (LocalV3.local) Trial parameter: VQRog {"parameter_id": 56, "parameter_source": "algorithm", "parameters": {"model_type": "MLP", "units": 16, "num_layers": 4, "dropout": 0, "activation": "sigmoid", "lr": 0.0016402140595638782, "window_size": 8, "batch_size": 16, "epochs": 20, "kernel_size": 2, "attention_heads": 4}, "parameter_index": 0}
[2026-05-18 21:38:33] INFO (NNIManager) Trial job VQRog status changed from RUNNING to SUCCEEDED
[2026-05-18 21:38:33] INFO (NNIManager) NNIManager received command from dispatcher: TR, {"parameter_id": 57, "parameter_source": "algorithm", "parameters": {"model_type": "MLP", "units": 16, "num_layers": 2, "dropout": 0, "activation": "sigmoid", "lr": 0.0016806611979028878, "window_size": 8, "batch_size": 16, "epochs": 20, "kernel_size": 2, "attention_heads": 4}, "parameter_index": 0}
[2026-05-18 21:38:34] INFO (NNIManager) submitTrialJob: form: {
  sequenceId: 57,
  hyperParameters: {
    value: '{"parameter_id": 57, "parameter_source": "algorithm", "parameters": {"model_type": "MLP", "units": 16, "num_layers": 2, "dropout": 0, "activation": "sigmoid", "lr": 0.0016806611979028878, "window_size": 8, "batch_size": 16, "epochs": 20, "kernel_size": 2, "attention_heads": 4}, "parameter_index": 0}',
    index: 0
  },
  placementConstraint: { type: 'None', gpus: [] }
}
[2026-05-18 21:38:34] INFO (LocalV3.local) Created trial nwQR9
[2026-05-18 21:38:36] INFO (LocalV3.local) Trial parameter: nwQR9 {"parameter_id": 57, "parameter_source": "algorithm", "parameters": {"model_type": "MLP", "units": 16, "num_layers": 2, "dropout": 0, "activation": "sigmoid", "lr": 0.0016806611979028878, "window_size": 8, "batch_size": 16, "epochs": 20, "kernel_size": 2, "attention_heads": 4}, "parameter_index": 0}
[2026-05-18 21:38:40] INFO (NNIManager) Trial job nwQR9 status changed from RUNNING to SUCCEEDED
[2026-05-18 21:38:40] INFO (NNIManager) NNIManager received command from dispatcher: TR, {"parameter_id": 58, "parameter_source": "algorithm", "parameters": {"model_type": "MLP", "units": 256, "num_layers": 4, "dropout": 0, "activation": "elu", "lr": 0.0010000342501102553, "window_size": 8, "batch_size": 16, "epochs": 20, "kernel_size": 2, "attention_heads": 4}, "parameter_index": 0}
[2026-05-18 21:38:40] INFO (NNIManager) submitTrialJob: form: {
  sequenceId: 58,
  hyperParameters: {
    value: '{"parameter_id": 58, "parameter_source": "algorithm", "parameters": {"model_type": "MLP", "units": 256, "num_layers": 4, "dropout": 0, "activation": "elu", "lr": 0.0010000342501102553, "window_size": 8, "batch_size": 16, "epochs": 20, "kernel_size": 2, "attention_heads": 4}, "parameter_index": 0}',
    index: 0
  },
  placementConstraint: { type: 'None', gpus: [] }
}
[2026-05-18 21:38:40] INFO (LocalV3.local) Created trial iIdHa
[2026-05-18 21:38:42] INFO (LocalV3.local) Trial parameter: iIdHa {"parameter_id": 58, "parameter_source": "algorithm", "parameters": {"model_type": "MLP", "units": 256, "num_layers": 4, "dropout": 0, "activation": "elu", "lr": 0.0010000342501102553, "window_size": 8, "batch_size": 16, "epochs": 20, "kernel_size": 2, "attention_heads": 4}, "parameter_index": 0}
[2026-05-18 21:38:48] INFO (NNIManager) Trial job iIdHa status changed from RUNNING to SUCCEEDED
[2026-05-18 21:38:48] INFO (NNIManager) NNIManager received command from dispatcher: TR, {"parameter_id": 59, "parameter_source": "algorithm", "parameters": {"model_type": "MLP", "units": 16, "num_layers": 4, "dropout": 0, "activation": "elu", "lr": 0.002543767748595456, "window_size": 8, "batch_size": 128, "epochs": 20, "kernel_size": 2, "attention_heads": 4}, "parameter_index": 0}
[2026-05-18 21:38:49] INFO (NNIManager) submitTrialJob: form: {
  sequenceId: 59,
  hyperParameters: {
    value: '{"parameter_id": 59, "parameter_source": "algorithm", "parameters": {"model_type": "MLP", "units": 16, "num_layers": 4, "dropout": 0, "activation": "elu", "lr": 0.002543767748595456, "window_size": 8, "batch_size": 128, "epochs": 20, "kernel_size": 2, "attention_heads": 4}, "parameter_index": 0}',
    index: 0
  },
  placementConstraint: { type: 'None', gpus: [] }
}
[2026-05-18 21:38:49] INFO (LocalV3.local) Created trial FPBel
[2026-05-18 21:38:51] INFO (LocalV3.local) Trial parameter: FPBel {"parameter_id": 59, "parameter_source": "algorithm", "parameters": {"model_type": "MLP", "units": 16, "num_layers": 4, "dropout": 0, "activation": "elu", "lr": 0.002543767748595456, "window_size": 8, "batch_size": 128, "epochs": 20, "kernel_size": 2, "attention_heads": 4}, "parameter_index": 0}
[2026-05-18 21:38:55] INFO (NNIManager) Trial job FPBel status changed from RUNNING to SUCCEEDED
[2026-05-18 21:38:55] INFO (NNIManager) NNIManager received command from dispatcher: TR, {"parameter_id": 60, "parameter_source": "algorithm", "parameters": {"model_type": "CNN", "units": 16, "num_layers": 2, "dropout": 0.1, "activation": "sigmoid", "lr": 0.0004381376089058943, "window_size": 28, "batch_size": 16, "epochs": 10, "kernel_size": 2, "attention_heads": 4}, "parameter_index": 0}
[2026-05-18 21:38:55] INFO (NNIManager) submitTrialJob: form: {
  sequenceId: 60,
  hyperParameters: {
    value: '{"parameter_id": 60, "parameter_source": "algorithm", "parameters": {"model_type": "CNN", "units": 16, "num_layers": 2, "dropout": 0.1, "activation": "sigmoid", "lr": 0.0004381376089058943, "window_size": 28, "batch_size": 16, "epochs": 10, "kernel_size": 2, "attention_heads": 4}, "parameter_index": 0}',
    index: 0
  },
  placementConstraint: { type: 'None', gpus: [] }
}
[2026-05-18 21:38:55] INFO (LocalV3.local) Created trial lwU7E
[2026-05-18 21:38:58] INFO (LocalV3.local) Trial parameter: lwU7E {"parameter_id": 60, "parameter_source": "algorithm", "parameters": {"model_type": "CNN", "units": 16, "num_layers": 2, "dropout": 0.1, "activation": "sigmoid", "lr": 0.0004381376089058943, "window_size": 28, "batch_size": 16, "epochs": 10, "kernel_size": 2, "attention_heads": 4}, "parameter_index": 0}
[2026-05-18 21:39:01] INFO (NNIManager) Trial job lwU7E status changed from RUNNING to SUCCEEDED
[2026-05-18 21:39:01] INFO (NNIManager) NNIManager received command from dispatcher: TR, {"parameter_id": 61, "parameter_source": "algorithm", "parameters": {"model_type": "CNN", "units": 16, "num_layers": 2, "dropout": 0.1, "activation": "elu", "lr": 0.0008420951332132054, "window_size": 9, "batch_size": 16, "epochs": 10, "kernel_size": 3, "attention_heads": 8}, "parameter_index": 0}
[2026-05-18 21:39:02] INFO (NNIManager) submitTrialJob: form: {
  sequenceId: 61,
  hyperParameters: {
    value: '{"parameter_id": 61, "parameter_source": "algorithm", "parameters": {"model_type": "CNN", "units": 16, "num_layers": 2, "dropout": 0.1, "activation": "elu", "lr": 0.0008420951332132054, "window_size": 9, "batch_size": 16, "epochs": 10, "kernel_size": 3, "attention_heads": 8}, "parameter_index": 0}',
    index: 0
  },
  placementConstraint: { type: 'None', gpus: [] }
}
[2026-05-18 21:39:02] INFO (LocalV3.local) Created trial hlSuk
[2026-05-18 21:39:04] INFO (LocalV3.local) Trial parameter: hlSuk {"parameter_id": 61, "parameter_source": "algorithm", "parameters": {"model_type": "CNN", "units": 16, "num_layers": 2, "dropout": 0.1, "activation": "elu", "lr": 0.0008420951332132054, "window_size": 9, "batch_size": 16, "epochs": 10, "kernel_size": 3, "attention_heads": 8}, "parameter_index": 0}
[2026-05-18 21:39:07] INFO (NNIManager) Trial job hlSuk status changed from RUNNING to SUCCEEDED
[2026-05-18 21:39:07] INFO (NNIManager) NNIManager received command from dispatcher: TR, {"parameter_id": 62, "parameter_source": "algorithm", "parameters": {"model_type": "MLP", "units": 16, "num_layers": 3, "dropout": 0, "activation": "elu", "lr": 0.0016988308025691387, "window_size": 8, "batch_size": 16, "epochs": 20, "kernel_size": 2, "attention_heads": 4}, "parameter_index": 0}
[2026-05-18 21:39:07] INFO (NNIManager) submitTrialJob: form: {
  sequenceId: 62,
  hyperParameters: {
    value: '{"parameter_id": 62, "parameter_source": "algorithm", "parameters": {"model_type": "MLP", "units": 16, "num_layers": 3, "dropout": 0, "activation": "elu", "lr": 0.0016988308025691387, "window_size": 8, "batch_size": 16, "epochs": 20, "kernel_size": 2, "attention_heads": 4}, "parameter_index": 0}',
    index: 0
  },
  placementConstraint: { type: 'None', gpus: [] }
}
[2026-05-18 21:39:07] INFO (LocalV3.local) Created trial bKuWS
[2026-05-18 21:39:10] INFO (LocalV3.local) Trial parameter: bKuWS {"parameter_id": 62, "parameter_source": "algorithm", "parameters": {"model_type": "MLP", "units": 16, "num_layers": 3, "dropout": 0, "activation": "elu", "lr": 0.0016988308025691387, "window_size": 8, "batch_size": 16, "epochs": 20, "kernel_size": 2, "attention_heads": 4}, "parameter_index": 0}
[2026-05-18 21:39:16] INFO (NNIManager) Trial job bKuWS status changed from RUNNING to SUCCEEDED
[2026-05-18 21:39:16] INFO (NNIManager) NNIManager received command from dispatcher: TR, {"parameter_id": 63, "parameter_source": "algorithm", "parameters": {"model_type": "CNN", "units": 16, "num_layers": 2, "dropout": 0.1, "activation": "tanh", "lr": 0.0010507950364380622, "window_size": 9, "batch_size": 16, "epochs": 10, "kernel_size": 2, "attention_heads": 8}, "parameter_index": 0}
[2026-05-18 21:39:17] INFO (NNIManager) submitTrialJob: form: {
  sequenceId: 63,
  hyperParameters: {
    value: '{"parameter_id": 63, "parameter_source": "algorithm", "parameters": {"model_type": "CNN", "units": 16, "num_layers": 2, "dropout": 0.1, "activation": "tanh", "lr": 0.0010507950364380622, "window_size": 9, "batch_size": 16, "epochs": 10, "kernel_size": 2, "attention_heads": 8}, "parameter_index": 0}',
    index: 0
  },
  placementConstraint: { type: 'None', gpus: [] }
}
[2026-05-18 21:39:17] INFO (LocalV3.local) Created trial by1BM
[2026-05-18 21:39:18] INFO (LocalV3.local) Trial parameter: by1BM {"parameter_id": 63, "parameter_source": "algorithm", "parameters": {"model_type": "CNN", "units": 16, "num_layers": 2, "dropout": 0.1, "activation": "tanh", "lr": 0.0010507950364380622, "window_size": 9, "batch_size": 16, "epochs": 10, "kernel_size": 2, "attention_heads": 8}, "parameter_index": 0}
[2026-05-18 21:39:22] INFO (NNIManager) Trial job by1BM status changed from RUNNING to SUCCEEDED
[2026-05-18 21:39:22] INFO (NNIManager) NNIManager received command from dispatcher: TR, {"parameter_id": 64, "parameter_source": "algorithm", "parameters": {"model_type": "MLP", "units": 32, "num_layers": 1, "dropout": 0.1, "activation": "elu", "lr": 0.001642420900970907, "window_size": 8, "batch_size": 16, "epochs": 10, "kernel_size": 2, "attention_heads": 8}, "parameter_index": 0}
[2026-05-18 21:39:23] INFO (NNIManager) submitTrialJob: form: {
  sequenceId: 64,
  hyperParameters: {
    value: '{"parameter_id": 64, "parameter_source": "algorithm", "parameters": {"model_type": "MLP", "units": 32, "num_layers": 1, "dropout": 0.1, "activation": "elu", "lr": 0.001642420900970907, "window_size": 8, "batch_size": 16, "epochs": 10, "kernel_size": 2, "attention_heads": 8}, "parameter_index": 0}',
    index: 0
  },
  placementConstraint: { type: 'None', gpus: [] }
}
[2026-05-18 21:39:23] INFO (LocalV3.local) Created trial ezS9f
[2026-05-18 21:39:25] INFO (LocalV3.local) Trial parameter: ezS9f {"parameter_id": 64, "parameter_source": "algorithm", "parameters": {"model_type": "MLP", "units": 32, "num_layers": 1, "dropout": 0.1, "activation": "elu", "lr": 0.001642420900970907, "window_size": 8, "batch_size": 16, "epochs": 10, "kernel_size": 2, "attention_heads": 8}, "parameter_index": 0}
[2026-05-18 21:39:28] INFO (NNIManager) Trial job ezS9f status changed from RUNNING to SUCCEEDED
[2026-05-18 21:39:28] INFO (NNIManager) NNIManager received command from dispatcher: TR, {"parameter_id": 65, "parameter_source": "algorithm", "parameters": {"model_type": "MLP", "units": 16, "num_layers": 3, "dropout": 0, "activation": "elu", "lr": 0.0023748412291390636, "window_size": 8, "batch_size": 16, "epochs": 20, "kernel_size": 2, "attention_heads": 8}, "parameter_index": 0}
[2026-05-18 21:39:28] INFO (NNIManager) submitTrialJob: form: {
  sequenceId: 65,
  hyperParameters: {
    value: '{"parameter_id": 65, "parameter_source": "algorithm", "parameters": {"model_type": "MLP", "units": 16, "num_layers": 3, "dropout": 0, "activation": "elu", "lr": 0.0023748412291390636, "window_size": 8, "batch_size": 16, "epochs": 20, "kernel_size": 2, "attention_heads": 8}, "parameter_index": 0}',
    index: 0
  },
  placementConstraint: { type: 'None', gpus: [] }
}
[2026-05-18 21:39:28] INFO (LocalV3.local) Created trial XWdXA
[2026-05-18 21:39:30] INFO (LocalV3.local) Trial parameter: XWdXA {"parameter_id": 65, "parameter_source": "algorithm", "parameters": {"model_type": "MLP", "units": 16, "num_layers": 3, "dropout": 0, "activation": "elu", "lr": 0.0023748412291390636, "window_size": 8, "batch_size": 16, "epochs": 20, "kernel_size": 2, "attention_heads": 8}, "parameter_index": 0}
[2026-05-18 21:39:35] INFO (NNIManager) Trial job XWdXA status changed from RUNNING to SUCCEEDED
[2026-05-18 21:39:35] INFO (NNIManager) NNIManager received command from dispatcher: TR, {"parameter_id": 66, "parameter_source": "algorithm", "parameters": {"model_type": "GRU", "units": 128, "num_layers": 4, "dropout": 0.3, "activation": "elu", "lr": 0.0005654058041425913, "window_size": 2, "batch_size": 128, "epochs": 10, "kernel_size": 7, "attention_heads": 2}, "parameter_index": 0}
[2026-05-18 21:39:36] INFO (NNIManager) submitTrialJob: form: {
  sequenceId: 66,
  hyperParameters: {
    value: '{"parameter_id": 66, "parameter_source": "algorithm", "parameters": {"model_type": "GRU", "units": 128, "num_layers": 4, "dropout": 0.3, "activation": "elu", "lr": 0.0005654058041425913, "window_size": 2, "batch_size": 128, "epochs": 10, "kernel_size": 7, "attention_heads": 2}, "parameter_index": 0}',
    index: 0
  },
  placementConstraint: { type: 'None', gpus: [] }
}
[2026-05-18 21:39:36] INFO (LocalV3.local) Created trial UHn9G
[2026-05-18 21:39:37] INFO (LocalV3.local) Trial parameter: UHn9G {"parameter_id": 66, "parameter_source": "algorithm", "parameters": {"model_type": "GRU", "units": 128, "num_layers": 4, "dropout": 0.3, "activation": "elu", "lr": 0.0005654058041425913, "window_size": 2, "batch_size": 128, "epochs": 10, "kernel_size": 7, "attention_heads": 2}, "parameter_index": 0}
[2026-05-18 21:39:47] INFO (NNIManager) Trial job UHn9G status changed from RUNNING to SUCCEEDED
[2026-05-18 21:39:47] INFO (NNIManager) NNIManager received command from dispatcher: TR, {"parameter_id": 67, "parameter_source": "algorithm", "parameters": {"model_type": "GRU", "units": 16, "num_layers": 4, "dropout": 0, "activation": "elu", "lr": 0.0013012528645114897, "window_size": 8, "batch_size": 16, "epochs": 20, "kernel_size": 2, "attention_heads": 4}, "parameter_index": 0}
[2026-05-18 21:39:47] INFO (NNIManager) submitTrialJob: form: {
  sequenceId: 67,
  hyperParameters: {
    value: '{"parameter_id": 67, "parameter_source": "algorithm", "parameters": {"model_type": "GRU", "units": 16, "num_layers": 4, "dropout": 0, "activation": "elu", "lr": 0.0013012528645114897, "window_size": 8, "batch_size": 16, "epochs": 20, "kernel_size": 2, "attention_heads": 4}, "parameter_index": 0}',
    index: 0
  },
  placementConstraint: { type: 'None', gpus: [] }
}
[2026-05-18 21:39:47] INFO (LocalV3.local) Created trial kQPDV
[2026-05-18 21:39:49] INFO (LocalV3.local) Trial parameter: kQPDV {"parameter_id": 67, "parameter_source": "algorithm", "parameters": {"model_type": "GRU", "units": 16, "num_layers": 4, "dropout": 0, "activation": "elu", "lr": 0.0013012528645114897, "window_size": 8, "batch_size": 16, "epochs": 20, "kernel_size": 2, "attention_heads": 4}, "parameter_index": 0}
[2026-05-18 21:40:09] INFO (NNIManager) Trial job kQPDV status changed from RUNNING to SUCCEEDED
[2026-05-18 21:40:09] INFO (NNIManager) NNIManager received command from dispatcher: TR, {"parameter_id": 68, "parameter_source": "algorithm", "parameters": {"model_type": "Transformer", "units": 16, "num_layers": 3, "dropout": 0, "activation": "elu", "lr": 0.0023769764365341303, "window_size": 8, "batch_size": 16, "epochs": 15, "kernel_size": 2, "attention_heads": 4}, "parameter_index": 0}
[2026-05-18 21:40:09] INFO (NNIManager) submitTrialJob: form: {
  sequenceId: 68,
  hyperParameters: {
    value: '{"parameter_id": 68, "parameter_source": "algorithm", "parameters": {"model_type": "Transformer", "units": 16, "num_layers": 3, "dropout": 0, "activation": "elu", "lr": 0.0023769764365341303, "window_size": 8, "batch_size": 16, "epochs": 15, "kernel_size": 2, "attention_heads": 4}, "parameter_index": 0}',
    index: 0
  },
  placementConstraint: { type: 'None', gpus: [] }
}
[2026-05-18 21:40:09] INFO (LocalV3.local) Created trial AVB1N
[2026-05-18 21:40:11] INFO (LocalV3.local) Trial parameter: AVB1N {"parameter_id": 68, "parameter_source": "algorithm", "parameters": {"model_type": "Transformer", "units": 16, "num_layers": 3, "dropout": 0, "activation": "elu", "lr": 0.0023769764365341303, "window_size": 8, "batch_size": 16, "epochs": 15, "kernel_size": 2, "attention_heads": 4}, "parameter_index": 0}
[2026-05-18 21:40:22] INFO (NNIManager) Trial job AVB1N status changed from RUNNING to SUCCEEDED
[2026-05-18 21:40:22] INFO (NNIManager) NNIManager received command from dispatcher: TR, {"parameter_id": 69, "parameter_source": "algorithm", "parameters": {"model_type": "MLP", "units": 16, "num_layers": 3, "dropout": 0, "activation": "elu", "lr": 0.0014848492356303196, "window_size": 8, "batch_size": 16, "epochs": 20, "kernel_size": 3, "attention_heads": 4}, "parameter_index": 0}
[2026-05-18 21:40:22] INFO (NNIManager) submitTrialJob: form: {
  sequenceId: 69,
  hyperParameters: {
    value: '{"parameter_id": 69, "parameter_source": "algorithm", "parameters": {"model_type": "MLP", "units": 16, "num_layers": 3, "dropout": 0, "activation": "elu", "lr": 0.0014848492356303196, "window_size": 8, "batch_size": 16, "epochs": 20, "kernel_size": 3, "attention_heads": 4}, "parameter_index": 0}',
    index: 0
  },
  placementConstraint: { type: 'None', gpus: [] }
}
[2026-05-18 21:40:22] INFO (LocalV3.local) Created trial eFuhk
[2026-05-18 21:40:24] INFO (LocalV3.local) Trial parameter: eFuhk {"parameter_id": 69, "parameter_source": "algorithm", "parameters": {"model_type": "MLP", "units": 16, "num_layers": 3, "dropout": 0, "activation": "elu", "lr": 0.0014848492356303196, "window_size": 8, "batch_size": 16, "epochs": 20, "kernel_size": 3, "attention_heads": 4}, "parameter_index": 0}
[2026-05-18 21:40:28] INFO (NNIManager) Trial job eFuhk status changed from RUNNING to SUCCEEDED
[2026-05-18 21:40:28] INFO (NNIManager) NNIManager received command from dispatcher: TR, {"parameter_id": 70, "parameter_source": "algorithm", "parameters": {"model_type": "MLP", "units": 32, "num_layers": 3, "dropout": 0, "activation": "elu", "lr": 0.0022624118663250527, "window_size": 8, "batch_size": 16, "epochs": 20, "kernel_size": 2, "attention_heads": 4}, "parameter_index": 0}
[2026-05-18 21:40:29] INFO (NNIManager) submitTrialJob: form: {
  sequenceId: 70,
  hyperParameters: {
    value: '{"parameter_id": 70, "parameter_source": "algorithm", "parameters": {"model_type": "MLP", "units": 32, "num_layers": 3, "dropout": 0, "activation": "elu", "lr": 0.0022624118663250527, "window_size": 8, "batch_size": 16, "epochs": 20, "kernel_size": 2, "attention_heads": 4}, "parameter_index": 0}',
    index: 0
  },
  placementConstraint: { type: 'None', gpus: [] }
}
[2026-05-18 21:40:29] INFO (LocalV3.local) Created trial H4xDQ
[2026-05-18 21:40:31] INFO (LocalV3.local) Trial parameter: H4xDQ {"parameter_id": 70, "parameter_source": "algorithm", "parameters": {"model_type": "MLP", "units": 32, "num_layers": 3, "dropout": 0, "activation": "elu", "lr": 0.0022624118663250527, "window_size": 8, "batch_size": 16, "epochs": 20, "kernel_size": 2, "attention_heads": 4}, "parameter_index": 0}
[2026-05-18 21:40:35] INFO (NNIManager) Trial job H4xDQ status changed from RUNNING to SUCCEEDED
[2026-05-18 21:40:35] INFO (NNIManager) NNIManager received command from dispatcher: TR, {"parameter_id": 71, "parameter_source": "algorithm", "parameters": {"model_type": "MLP", "units": 16, "num_layers": 4, "dropout": 0, "activation": "elu", "lr": 0.0021446616256837387, "window_size": 8, "batch_size": 16, "epochs": 20, "kernel_size": 7, "attention_heads": 4}, "parameter_index": 0}
[2026-05-18 21:40:36] INFO (NNIManager) submitTrialJob: form: {
  sequenceId: 71,
  hyperParameters: {
    value: '{"parameter_id": 71, "parameter_source": "algorithm", "parameters": {"model_type": "MLP", "units": 16, "num_layers": 4, "dropout": 0, "activation": "elu", "lr": 0.0021446616256837387, "window_size": 8, "batch_size": 16, "epochs": 20, "kernel_size": 7, "attention_heads": 4}, "parameter_index": 0}',
    index: 0
  },
  placementConstraint: { type: 'None', gpus: [] }
}
[2026-05-18 21:40:36] INFO (LocalV3.local) Created trial jNWOG
[2026-05-18 21:40:38] INFO (LocalV3.local) Trial parameter: jNWOG {"parameter_id": 71, "parameter_source": "algorithm", "parameters": {"model_type": "MLP", "units": 16, "num_layers": 4, "dropout": 0, "activation": "elu", "lr": 0.0021446616256837387, "window_size": 8, "batch_size": 16, "epochs": 20, "kernel_size": 7, "attention_heads": 4}, "parameter_index": 0}
[2026-05-18 21:40:44] INFO (NNIManager) Trial job jNWOG status changed from RUNNING to SUCCEEDED
[2026-05-18 21:40:44] INFO (NNIManager) NNIManager received command from dispatcher: TR, {"parameter_id": 72, "parameter_source": "algorithm", "parameters": {"model_type": "LSTM", "units": 16, "num_layers": 1, "dropout": 0, "activation": "elu", "lr": 0.0016245349270076913, "window_size": 8, "batch_size": 16, "epochs": 10, "kernel_size": 2, "attention_heads": 8}, "parameter_index": 0}
[2026-05-18 21:40:44] INFO (NNIManager) submitTrialJob: form: {
  sequenceId: 72,
  hyperParameters: {
    value: '{"parameter_id": 72, "parameter_source": "algorithm", "parameters": {"model_type": "LSTM", "units": 16, "num_layers": 1, "dropout": 0, "activation": "elu", "lr": 0.0016245349270076913, "window_size": 8, "batch_size": 16, "epochs": 10, "kernel_size": 2, "attention_heads": 8}, "parameter_index": 0}',
    index: 0
  },
  placementConstraint: { type: 'None', gpus: [] }
}
[2026-05-18 21:40:44] INFO (LocalV3.local) Created trial mO7kt
[2026-05-18 21:40:46] INFO (LocalV3.local) Trial parameter: mO7kt {"parameter_id": 72, "parameter_source": "algorithm", "parameters": {"model_type": "LSTM", "units": 16, "num_layers": 1, "dropout": 0, "activation": "elu", "lr": 0.0016245349270076913, "window_size": 8, "batch_size": 16, "epochs": 10, "kernel_size": 2, "attention_heads": 8}, "parameter_index": 0}
[2026-05-18 21:40:53] INFO (NNIManager) Trial job mO7kt status changed from RUNNING to SUCCEEDED
[2026-05-18 21:40:53] INFO (NNIManager) NNIManager received command from dispatcher: TR, {"parameter_id": 73, "parameter_source": "algorithm", "parameters": {"model_type": "MLP", "units": 16, "num_layers": 3, "dropout": 0.3, "activation": "elu", "lr": 0.001806885801671698, "window_size": 8, "batch_size": 16, "epochs": 20, "kernel_size": 2, "attention_heads": 4}, "parameter_index": 0}
[2026-05-18 21:40:53] INFO (NNIManager) submitTrialJob: form: {
  sequenceId: 73,
  hyperParameters: {
    value: '{"parameter_id": 73, "parameter_source": "algorithm", "parameters": {"model_type": "MLP", "units": 16, "num_layers": 3, "dropout": 0.3, "activation": "elu", "lr": 0.001806885801671698, "window_size": 8, "batch_size": 16, "epochs": 20, "kernel_size": 2, "attention_heads": 4}, "parameter_index": 0}',
    index: 0
  },
  placementConstraint: { type: 'None', gpus: [] }
}
[2026-05-18 21:40:53] INFO (LocalV3.local) Created trial rlXb9
[2026-05-18 21:40:55] INFO (LocalV3.local) Trial parameter: rlXb9 {"parameter_id": 73, "parameter_source": "algorithm", "parameters": {"model_type": "MLP", "units": 16, "num_layers": 3, "dropout": 0.3, "activation": "elu", "lr": 0.001806885801671698, "window_size": 8, "batch_size": 16, "epochs": 20, "kernel_size": 2, "attention_heads": 4}, "parameter_index": 0}
[2026-05-18 21:41:00] INFO (NNIManager) Trial job rlXb9 status changed from RUNNING to SUCCEEDED
[2026-05-18 21:41:00] INFO (NNIManager) NNIManager received command from dispatcher: TR, {"parameter_id": 74, "parameter_source": "algorithm", "parameters": {"model_type": "MLP", "units": 16, "num_layers": 3, "dropout": 0, "activation": "elu", "lr": 0.0015352960338985543, "window_size": 8, "batch_size": 16, "epochs": 20, "kernel_size": 2, "attention_heads": 8}, "parameter_index": 0}
[2026-05-18 21:41:01] INFO (NNIManager) submitTrialJob: form: {
  sequenceId: 74,
  hyperParameters: {
    value: '{"parameter_id": 74, "parameter_source": "algorithm", "parameters": {"model_type": "MLP", "units": 16, "num_layers": 3, "dropout": 0, "activation": "elu", "lr": 0.0015352960338985543, "window_size": 8, "batch_size": 16, "epochs": 20, "kernel_size": 2, "attention_heads": 8}, "parameter_index": 0}',
    index: 0
  },
  placementConstraint: { type: 'None', gpus: [] }
}
[2026-05-18 21:41:01] INFO (LocalV3.local) Created trial AFcNe
[2026-05-18 21:41:03] INFO (LocalV3.local) Trial parameter: AFcNe {"parameter_id": 74, "parameter_source": "algorithm", "parameters": {"model_type": "MLP", "units": 16, "num_layers": 3, "dropout": 0, "activation": "elu", "lr": 0.0015352960338985543, "window_size": 8, "batch_size": 16, "epochs": 20, "kernel_size": 2, "attention_heads": 8}, "parameter_index": 0}
[2026-05-18 21:41:07] INFO (NNIManager) Trial job AFcNe status changed from RUNNING to SUCCEEDED
[2026-05-18 21:41:07] INFO (NNIManager) NNIManager received command from dispatcher: TR, {"parameter_id": 75, "parameter_source": "algorithm", "parameters": {"model_type": "MLP", "units": 16, "num_layers": 4, "dropout": 0, "activation": "elu", "lr": 0.001134896781948989, "window_size": 8, "batch_size": 16, "epochs": 20, "kernel_size": 2, "attention_heads": 4}, "parameter_index": 0}
[2026-05-18 21:41:08] INFO (NNIManager) submitTrialJob: form: {
  sequenceId: 75,
  hyperParameters: {
    value: '{"parameter_id": 75, "parameter_source": "algorithm", "parameters": {"model_type": "MLP", "units": 16, "num_layers": 4, "dropout": 0, "activation": "elu", "lr": 0.001134896781948989, "window_size": 8, "batch_size": 16, "epochs": 20, "kernel_size": 2, "attention_heads": 4}, "parameter_index": 0}',
    index: 0
  },
  placementConstraint: { type: 'None', gpus: [] }
}
[2026-05-18 21:41:08] INFO (LocalV3.local) Created trial REyi4
[2026-05-18 21:41:10] INFO (LocalV3.local) Trial parameter: REyi4 {"parameter_id": 75, "parameter_source": "algorithm", "parameters": {"model_type": "MLP", "units": 16, "num_layers": 4, "dropout": 0, "activation": "elu", "lr": 0.001134896781948989, "window_size": 8, "batch_size": 16, "epochs": 20, "kernel_size": 2, "attention_heads": 4}, "parameter_index": 0}
[2026-05-18 21:41:15] INFO (NNIManager) Trial job REyi4 status changed from RUNNING to SUCCEEDED
[2026-05-18 21:41:15] INFO (NNIManager) NNIManager received command from dispatcher: TR, {"parameter_id": 76, "parameter_source": "algorithm", "parameters": {"model_type": "MLP", "units": 16, "num_layers": 3, "dropout": 0, "activation": "elu", "lr": 0.0015695018439211006, "window_size": 8, "batch_size": 16, "epochs": 20, "kernel_size": 2, "attention_heads": 4}, "parameter_index": 0}
[2026-05-18 21:41:15] INFO (NNIManager) submitTrialJob: form: {
  sequenceId: 76,
  hyperParameters: {
    value: '{"parameter_id": 76, "parameter_source": "algorithm", "parameters": {"model_type": "MLP", "units": 16, "num_layers": 3, "dropout": 0, "activation": "elu", "lr": 0.0015695018439211006, "window_size": 8, "batch_size": 16, "epochs": 20, "kernel_size": 2, "attention_heads": 4}, "parameter_index": 0}',
    index: 0
  },
  placementConstraint: { type: 'None', gpus: [] }
}
[2026-05-18 21:41:15] INFO (LocalV3.local) Created trial Plgur
[2026-05-18 21:41:17] INFO (LocalV3.local) Trial parameter: Plgur {"parameter_id": 76, "parameter_source": "algorithm", "parameters": {"model_type": "MLP", "units": 16, "num_layers": 3, "dropout": 0, "activation": "elu", "lr": 0.0015695018439211006, "window_size": 8, "batch_size": 16, "epochs": 20, "kernel_size": 2, "attention_heads": 4}, "parameter_index": 0}
[2026-05-18 21:41:23] INFO (NNIManager) Trial job Plgur status changed from RUNNING to SUCCEEDED
[2026-05-18 21:41:23] INFO (NNIManager) NNIManager received command from dispatcher: TR, {"parameter_id": 77, "parameter_source": "algorithm", "parameters": {"model_type": "MLP", "units": 32, "num_layers": 1, "dropout": 0.1, "activation": "elu", "lr": 0.0022566730067612455, "window_size": 8, "batch_size": 16, "epochs": 10, "kernel_size": 2, "attention_heads": 8}, "parameter_index": 0}
[2026-05-18 21:41:24] INFO (NNIManager) submitTrialJob: form: {
  sequenceId: 77,
  hyperParameters: {
    value: '{"parameter_id": 77, "parameter_source": "algorithm", "parameters": {"model_type": "MLP", "units": 32, "num_layers": 1, "dropout": 0.1, "activation": "elu", "lr": 0.0022566730067612455, "window_size": 8, "batch_size": 16, "epochs": 10, "kernel_size": 2, "attention_heads": 8}, "parameter_index": 0}',
    index: 0
  },
  placementConstraint: { type: 'None', gpus: [] }
}
[2026-05-18 21:41:24] INFO (LocalV3.local) Created trial cTzRS
[2026-05-18 21:41:26] INFO (LocalV3.local) Trial parameter: cTzRS {"parameter_id": 77, "parameter_source": "algorithm", "parameters": {"model_type": "MLP", "units": 32, "num_layers": 1, "dropout": 0.1, "activation": "elu", "lr": 0.0022566730067612455, "window_size": 8, "batch_size": 16, "epochs": 10, "kernel_size": 2, "attention_heads": 8}, "parameter_index": 0}
[2026-05-18 21:41:30] INFO (NNIManager) Trial job cTzRS status changed from RUNNING to SUCCEEDED
[2026-05-18 21:41:30] INFO (NNIManager) NNIManager received command from dispatcher: TR, {"parameter_id": 78, "parameter_source": "algorithm", "parameters": {"model_type": "CNN", "units": 16, "num_layers": 2, "dropout": 0.1, "activation": "elu", "lr": 0.0005219832612091556, "window_size": 23, "batch_size": 16, "epochs": 10, "kernel_size": 2, "attention_heads": 8}, "parameter_index": 0}
[2026-05-18 21:41:31] INFO (NNIManager) submitTrialJob: form: {
  sequenceId: 78,
  hyperParameters: {
    value: '{"parameter_id": 78, "parameter_source": "algorithm", "parameters": {"model_type": "CNN", "units": 16, "num_layers": 2, "dropout": 0.1, "activation": "elu", "lr": 0.0005219832612091556, "window_size": 23, "batch_size": 16, "epochs": 10, "kernel_size": 2, "attention_heads": 8}, "parameter_index": 0}',
    index: 0
  },
  placementConstraint: { type: 'None', gpus: [] }
}
[2026-05-18 21:41:31] INFO (LocalV3.local) Created trial tTHAc
[2026-05-18 21:41:33] INFO (LocalV3.local) Trial parameter: tTHAc {"parameter_id": 78, "parameter_source": "algorithm", "parameters": {"model_type": "CNN", "units": 16, "num_layers": 2, "dropout": 0.1, "activation": "elu", "lr": 0.0005219832612091556, "window_size": 23, "batch_size": 16, "epochs": 10, "kernel_size": 2, "attention_heads": 8}, "parameter_index": 0}
[2026-05-18 21:41:38] INFO (NNIManager) Trial job tTHAc status changed from RUNNING to SUCCEEDED
[2026-05-18 21:41:38] INFO (NNIManager) NNIManager received command from dispatcher: TR, {"parameter_id": 79, "parameter_source": "algorithm", "parameters": {"model_type": "MLP", "units": 32, "num_layers": 1, "dropout": 0.1, "activation": "elu", "lr": 0.0017424203249200906, "window_size": 8, "batch_size": 16, "epochs": 10, "kernel_size": 2, "attention_heads": 8}, "parameter_index": 0}
[2026-05-18 21:41:39] INFO (NNIManager) submitTrialJob: form: {
  sequenceId: 79,
  hyperParameters: {
    value: '{"parameter_id": 79, "parameter_source": "algorithm", "parameters": {"model_type": "MLP", "units": 32, "num_layers": 1, "dropout": 0.1, "activation": "elu", "lr": 0.0017424203249200906, "window_size": 8, "batch_size": 16, "epochs": 10, "kernel_size": 2, "attention_heads": 8}, "parameter_index": 0}',
    index: 0
  },
  placementConstraint: { type: 'None', gpus: [] }
}
[2026-05-18 21:41:39] INFO (LocalV3.local) Created trial LEGKT
[2026-05-18 21:41:41] INFO (LocalV3.local) Trial parameter: LEGKT {"parameter_id": 79, "parameter_source": "algorithm", "parameters": {"model_type": "MLP", "units": 32, "num_layers": 1, "dropout": 0.1, "activation": "elu", "lr": 0.0017424203249200906, "window_size": 8, "batch_size": 16, "epochs": 10, "kernel_size": 2, "attention_heads": 8}, "parameter_index": 0}
[2026-05-18 21:41:45] INFO (NNIManager) Trial job LEGKT status changed from RUNNING to SUCCEEDED
[2026-05-18 21:41:45] INFO (NNIManager) NNIManager received command from dispatcher: TR, {"parameter_id": 80, "parameter_source": "algorithm", "parameters": {"model_type": "MLP", "units": 16, "num_layers": 3, "dropout": 0, "activation": "elu", "lr": 0.001565049130530496, "window_size": 8, "batch_size": 16, "epochs": 20, "kernel_size": 2, "attention_heads": 4}, "parameter_index": 0}
[2026-05-18 21:41:45] INFO (NNIManager) submitTrialJob: form: {
  sequenceId: 80,
  hyperParameters: {
    value: '{"parameter_id": 80, "parameter_source": "algorithm", "parameters": {"model_type": "MLP", "units": 16, "num_layers": 3, "dropout": 0, "activation": "elu", "lr": 0.001565049130530496, "window_size": 8, "batch_size": 16, "epochs": 20, "kernel_size": 2, "attention_heads": 4}, "parameter_index": 0}',
    index: 0
  },
  placementConstraint: { type: 'None', gpus: [] }
}
[2026-05-18 21:41:45] INFO (LocalV3.local) Created trial B4Ufh
[2026-05-18 21:41:47] INFO (LocalV3.local) Trial parameter: B4Ufh {"parameter_id": 80, "parameter_source": "algorithm", "parameters": {"model_type": "MLP", "units": 16, "num_layers": 3, "dropout": 0, "activation": "elu", "lr": 0.001565049130530496, "window_size": 8, "batch_size": 16, "epochs": 20, "kernel_size": 2, "attention_heads": 4}, "parameter_index": 0}
[2026-05-18 21:41:54] INFO (NNIManager) Trial job B4Ufh status changed from RUNNING to SUCCEEDED
[2026-05-18 21:41:54] INFO (NNIManager) NNIManager received command from dispatcher: TR, {"parameter_id": 81, "parameter_source": "algorithm", "parameters": {"model_type": "MLP", "units": 16, "num_layers": 4, "dropout": 0, "activation": "elu", "lr": 0.0011989103495261555, "window_size": 8, "batch_size": 16, "epochs": 20, "kernel_size": 2, "attention_heads": 4}, "parameter_index": 0}
[2026-05-18 21:41:55] INFO (NNIManager) submitTrialJob: form: {
  sequenceId: 81,
  hyperParameters: {
    value: '{"parameter_id": 81, "parameter_source": "algorithm", "parameters": {"model_type": "MLP", "units": 16, "num_layers": 4, "dropout": 0, "activation": "elu", "lr": 0.0011989103495261555, "window_size": 8, "batch_size": 16, "epochs": 20, "kernel_size": 2, "attention_heads": 4}, "parameter_index": 0}',
    index: 0
  },
  placementConstraint: { type: 'None', gpus: [] }
}
[2026-05-18 21:41:55] INFO (LocalV3.local) Created trial wuLFa
[2026-05-18 21:41:57] INFO (LocalV3.local) Trial parameter: wuLFa {"parameter_id": 81, "parameter_source": "algorithm", "parameters": {"model_type": "MLP", "units": 16, "num_layers": 4, "dropout": 0, "activation": "elu", "lr": 0.0011989103495261555, "window_size": 8, "batch_size": 16, "epochs": 20, "kernel_size": 2, "attention_heads": 4}, "parameter_index": 0}
[2026-05-18 21:42:03] INFO (NNIManager) Trial job wuLFa status changed from RUNNING to SUCCEEDED
[2026-05-18 21:42:03] INFO (NNIManager) NNIManager received command from dispatcher: TR, {"parameter_id": 82, "parameter_source": "algorithm", "parameters": {"model_type": "CNN", "units": 16, "num_layers": 2, "dropout": 0.1, "activation": "elu", "lr": 0.0009784084568087194, "window_size": 9, "batch_size": 16, "epochs": 10, "kernel_size": 2, "attention_heads": 8}, "parameter_index": 0}
[2026-05-18 21:42:04] INFO (NNIManager) submitTrialJob: form: {
  sequenceId: 82,
  hyperParameters: {
    value: '{"parameter_id": 82, "parameter_source": "algorithm", "parameters": {"model_type": "CNN", "units": 16, "num_layers": 2, "dropout": 0.1, "activation": "elu", "lr": 0.0009784084568087194, "window_size": 9, "batch_size": 16, "epochs": 10, "kernel_size": 2, "attention_heads": 8}, "parameter_index": 0}',
    index: 0
  },
  placementConstraint: { type: 'None', gpus: [] }
}
[2026-05-18 21:42:04] INFO (LocalV3.local) Created trial XRnNO
[2026-05-18 21:42:06] INFO (LocalV3.local) Trial parameter: XRnNO {"parameter_id": 82, "parameter_source": "algorithm", "parameters": {"model_type": "CNN", "units": 16, "num_layers": 2, "dropout": 0.1, "activation": "elu", "lr": 0.0009784084568087194, "window_size": 9, "batch_size": 16, "epochs": 10, "kernel_size": 2, "attention_heads": 8}, "parameter_index": 0}
[2026-05-18 21:42:11] INFO (NNIManager) Trial job XRnNO status changed from RUNNING to SUCCEEDED
[2026-05-18 21:42:11] INFO (NNIManager) NNIManager received command from dispatcher: TR, {"parameter_id": 83, "parameter_source": "algorithm", "parameters": {"model_type": "MLP", "units": 16, "num_layers": 3, "dropout": 0, "activation": "elu", "lr": 0.0019328555566450805, "window_size": 8, "batch_size": 16, "epochs": 15, "kernel_size": 2, "attention_heads": 4}, "parameter_index": 0}
[2026-05-18 21:42:12] INFO (NNIManager) submitTrialJob: form: {
  sequenceId: 83,
  hyperParameters: {
    value: '{"parameter_id": 83, "parameter_source": "algorithm", "parameters": {"model_type": "MLP", "units": 16, "num_layers": 3, "dropout": 0, "activation": "elu", "lr": 0.0019328555566450805, "window_size": 8, "batch_size": 16, "epochs": 15, "kernel_size": 2, "attention_heads": 4}, "parameter_index": 0}',
    index: 0
  },
  placementConstraint: { type: 'None', gpus: [] }
}
[2026-05-18 21:42:12] INFO (LocalV3.local) Created trial Zchsm
[2026-05-18 21:42:14] INFO (LocalV3.local) Trial parameter: Zchsm {"parameter_id": 83, "parameter_source": "algorithm", "parameters": {"model_type": "MLP", "units": 16, "num_layers": 3, "dropout": 0, "activation": "elu", "lr": 0.0019328555566450805, "window_size": 8, "batch_size": 16, "epochs": 15, "kernel_size": 2, "attention_heads": 4}, "parameter_index": 0}
[2026-05-18 21:42:20] INFO (NNIManager) Trial job Zchsm status changed from RUNNING to SUCCEEDED
[2026-05-18 21:42:20] INFO (NNIManager) NNIManager received command from dispatcher: TR, {"parameter_id": 84, "parameter_source": "algorithm", "parameters": {"model_type": "MLP", "units": 16, "num_layers": 4, "dropout": 0, "activation": "elu", "lr": 0.002290468844400012, "window_size": 8, "batch_size": 16, "epochs": 20, "kernel_size": 7, "attention_heads": 8}, "parameter_index": 0}
[2026-05-18 21:42:21] INFO (NNIManager) submitTrialJob: form: {
  sequenceId: 84,
  hyperParameters: {
    value: '{"parameter_id": 84, "parameter_source": "algorithm", "parameters": {"model_type": "MLP", "units": 16, "num_layers": 4, "dropout": 0, "activation": "elu", "lr": 0.002290468844400012, "window_size": 8, "batch_size": 16, "epochs": 20, "kernel_size": 7, "attention_heads": 8}, "parameter_index": 0}',
    index: 0
  },
  placementConstraint: { type: 'None', gpus: [] }
}
[2026-05-18 21:42:21] INFO (LocalV3.local) Created trial K3jJX
[2026-05-18 21:42:23] INFO (LocalV3.local) Trial parameter: K3jJX {"parameter_id": 84, "parameter_source": "algorithm", "parameters": {"model_type": "MLP", "units": 16, "num_layers": 4, "dropout": 0, "activation": "elu", "lr": 0.002290468844400012, "window_size": 8, "batch_size": 16, "epochs": 20, "kernel_size": 7, "attention_heads": 8}, "parameter_index": 0}
[2026-05-18 21:42:30] INFO (NNIManager) Trial job K3jJX status changed from RUNNING to SUCCEEDED
[2026-05-18 21:42:30] INFO (NNIManager) NNIManager received command from dispatcher: TR, {"parameter_id": 85, "parameter_source": "algorithm", "parameters": {"model_type": "MLP", "units": 16, "num_layers": 3, "dropout": 0, "activation": "elu", "lr": 0.0013540656967110773, "window_size": 8, "batch_size": 16, "epochs": 20, "kernel_size": 2, "attention_heads": 4}, "parameter_index": 0}
[2026-05-18 21:42:31] INFO (NNIManager) submitTrialJob: form: {
  sequenceId: 85,
  hyperParameters: {
    value: '{"parameter_id": 85, "parameter_source": "algorithm", "parameters": {"model_type": "MLP", "units": 16, "num_layers": 3, "dropout": 0, "activation": "elu", "lr": 0.0013540656967110773, "window_size": 8, "batch_size": 16, "epochs": 20, "kernel_size": 2, "attention_heads": 4}, "parameter_index": 0}',
    index: 0
  },
  placementConstraint: { type: 'None', gpus: [] }
}
[2026-05-18 21:42:31] INFO (LocalV3.local) Created trial EThnG
[2026-05-18 21:42:33] INFO (LocalV3.local) Trial parameter: EThnG {"parameter_id": 85, "parameter_source": "algorithm", "parameters": {"model_type": "MLP", "units": 16, "num_layers": 3, "dropout": 0, "activation": "elu", "lr": 0.0013540656967110773, "window_size": 8, "batch_size": 16, "epochs": 20, "kernel_size": 2, "attention_heads": 4}, "parameter_index": 0}
[2026-05-18 21:42:39] INFO (NNIManager) Trial job EThnG status changed from RUNNING to SUCCEEDED
[2026-05-18 21:42:39] INFO (NNIManager) NNIManager received command from dispatcher: TR, {"parameter_id": 86, "parameter_source": "algorithm", "parameters": {"model_type": "MLP", "units": 16, "num_layers": 3, "dropout": 0, "activation": "elu", "lr": 0.0017690706742821414, "window_size": 8, "batch_size": 16, "epochs": 20, "kernel_size": 2, "attention_heads": 4}, "parameter_index": 0}
[2026-05-18 21:42:40] INFO (NNIManager) submitTrialJob: form: {
  sequenceId: 86,
  hyperParameters: {
    value: '{"parameter_id": 86, "parameter_source": "algorithm", "parameters": {"model_type": "MLP", "units": 16, "num_layers": 3, "dropout": 0, "activation": "elu", "lr": 0.0017690706742821414, "window_size": 8, "batch_size": 16, "epochs": 20, "kernel_size": 2, "attention_heads": 4}, "parameter_index": 0}',
    index: 0
  },
  placementConstraint: { type: 'None', gpus: [] }
}
[2026-05-18 21:42:40] INFO (LocalV3.local) Created trial SscA0
[2026-05-18 21:42:42] INFO (LocalV3.local) Trial parameter: SscA0 {"parameter_id": 86, "parameter_source": "algorithm", "parameters": {"model_type": "MLP", "units": 16, "num_layers": 3, "dropout": 0, "activation": "elu", "lr": 0.0017690706742821414, "window_size": 8, "batch_size": 16, "epochs": 20, "kernel_size": 2, "attention_heads": 4}, "parameter_index": 0}
[2026-05-18 21:42:48] INFO (NNIManager) Trial job SscA0 status changed from RUNNING to SUCCEEDED
[2026-05-18 21:42:48] INFO (NNIManager) NNIManager received command from dispatcher: TR, {"parameter_id": 87, "parameter_source": "algorithm", "parameters": {"model_type": "MLP", "units": 16, "num_layers": 3, "dropout": 0, "activation": "elu", "lr": 0.0020217856271971674, "window_size": 22, "batch_size": 16, "epochs": 20, "kernel_size": 2, "attention_heads": 4}, "parameter_index": 0}
[2026-05-18 21:42:49] INFO (NNIManager) submitTrialJob: form: {
  sequenceId: 87,
  hyperParameters: {
    value: '{"parameter_id": 87, "parameter_source": "algorithm", "parameters": {"model_type": "MLP", "units": 16, "num_layers": 3, "dropout": 0, "activation": "elu", "lr": 0.0020217856271971674, "window_size": 22, "batch_size": 16, "epochs": 20, "kernel_size": 2, "attention_heads": 4}, "parameter_index": 0}',
    index: 0
  },
  placementConstraint: { type: 'None', gpus: [] }
}
[2026-05-18 21:42:49] INFO (LocalV3.local) Created trial yXALE
[2026-05-18 21:42:51] INFO (LocalV3.local) Trial parameter: yXALE {"parameter_id": 87, "parameter_source": "algorithm", "parameters": {"model_type": "MLP", "units": 16, "num_layers": 3, "dropout": 0, "activation": "elu", "lr": 0.0020217856271971674, "window_size": 22, "batch_size": 16, "epochs": 20, "kernel_size": 2, "attention_heads": 4}, "parameter_index": 0}
[2026-05-18 21:42:58] INFO (NNIManager) Trial job yXALE status changed from RUNNING to SUCCEEDED
[2026-05-18 21:42:58] INFO (NNIManager) NNIManager received command from dispatcher: TR, {"parameter_id": 88, "parameter_source": "algorithm", "parameters": {"model_type": "MLP", "units": 16, "num_layers": 3, "dropout": 0, "activation": "elu", "lr": 0.0015940047490612611, "window_size": 8, "batch_size": 16, "epochs": 20, "kernel_size": 7, "attention_heads": 4}, "parameter_index": 0}
[2026-05-18 21:42:58] INFO (NNIManager) submitTrialJob: form: {
  sequenceId: 88,
  hyperParameters: {
    value: '{"parameter_id": 88, "parameter_source": "algorithm", "parameters": {"model_type": "MLP", "units": 16, "num_layers": 3, "dropout": 0, "activation": "elu", "lr": 0.0015940047490612611, "window_size": 8, "batch_size": 16, "epochs": 20, "kernel_size": 7, "attention_heads": 4}, "parameter_index": 0}',
    index: 0
  },
  placementConstraint: { type: 'None', gpus: [] }
}
[2026-05-18 21:42:58] INFO (LocalV3.local) Created trial EYlGC
[2026-05-18 21:43:01] INFO (LocalV3.local) Trial parameter: EYlGC {"parameter_id": 88, "parameter_source": "algorithm", "parameters": {"model_type": "MLP", "units": 16, "num_layers": 3, "dropout": 0, "activation": "elu", "lr": 0.0015940047490612611, "window_size": 8, "batch_size": 16, "epochs": 20, "kernel_size": 7, "attention_heads": 4}, "parameter_index": 0}
[2026-05-18 21:43:07] INFO (NNIManager) Trial job EYlGC status changed from RUNNING to SUCCEEDED
[2026-05-18 21:43:07] INFO (NNIManager) NNIManager received command from dispatcher: TR, {"parameter_id": 89, "parameter_source": "algorithm", "parameters": {"model_type": "MLP", "units": 16, "num_layers": 2, "dropout": 0, "activation": "elu", "lr": 0.001570320698680274, "window_size": 8, "batch_size": 16, "epochs": 20, "kernel_size": 2, "attention_heads": 4}, "parameter_index": 0}
[2026-05-18 21:43:08] INFO (NNIManager) submitTrialJob: form: {
  sequenceId: 89,
  hyperParameters: {
    value: '{"parameter_id": 89, "parameter_source": "algorithm", "parameters": {"model_type": "MLP", "units": 16, "num_layers": 2, "dropout": 0, "activation": "elu", "lr": 0.001570320698680274, "window_size": 8, "batch_size": 16, "epochs": 20, "kernel_size": 2, "attention_heads": 4}, "parameter_index": 0}',
    index: 0
  },
  placementConstraint: { type: 'None', gpus: [] }
}
[2026-05-18 21:43:08] INFO (LocalV3.local) Created trial NjjW8
[2026-05-18 21:43:10] INFO (LocalV3.local) Trial parameter: NjjW8 {"parameter_id": 89, "parameter_source": "algorithm", "parameters": {"model_type": "MLP", "units": 16, "num_layers": 2, "dropout": 0, "activation": "elu", "lr": 0.001570320698680274, "window_size": 8, "batch_size": 16, "epochs": 20, "kernel_size": 2, "attention_heads": 4}, "parameter_index": 0}
[2026-05-18 21:43:16] INFO (NNIManager) Trial job NjjW8 status changed from RUNNING to SUCCEEDED
[2026-05-18 21:43:16] INFO (NNIManager) NNIManager received command from dispatcher: TR, {"parameter_id": 90, "parameter_source": "algorithm", "parameters": {"model_type": "MLP", "units": 16, "num_layers": 4, "dropout": 0, "activation": "elu", "lr": 0.0014410723936460065, "window_size": 8, "batch_size": 16, "epochs": 20, "kernel_size": 2, "attention_heads": 4}, "parameter_index": 0}
[2026-05-18 21:43:17] INFO (NNIManager) submitTrialJob: form: {
  sequenceId: 90,
  hyperParameters: {
    value: '{"parameter_id": 90, "parameter_source": "algorithm", "parameters": {"model_type": "MLP", "units": 16, "num_layers": 4, "dropout": 0, "activation": "elu", "lr": 0.0014410723936460065, "window_size": 8, "batch_size": 16, "epochs": 20, "kernel_size": 2, "attention_heads": 4}, "parameter_index": 0}',
    index: 0
  },
  placementConstraint: { type: 'None', gpus: [] }
}
[2026-05-18 21:43:17] INFO (LocalV3.local) Created trial SQoDw
[2026-05-18 21:43:19] INFO (LocalV3.local) Trial parameter: SQoDw {"parameter_id": 90, "parameter_source": "algorithm", "parameters": {"model_type": "MLP", "units": 16, "num_layers": 4, "dropout": 0, "activation": "elu", "lr": 0.0014410723936460065, "window_size": 8, "batch_size": 16, "epochs": 20, "kernel_size": 2, "attention_heads": 4}, "parameter_index": 0}
[2026-05-18 21:43:26] INFO (NNIManager) Trial job SQoDw status changed from RUNNING to SUCCEEDED
[2026-05-18 21:43:26] INFO (NNIManager) NNIManager received command from dispatcher: TR, {"parameter_id": 91, "parameter_source": "algorithm", "parameters": {"model_type": "CNN", "units": 16, "num_layers": 4, "dropout": 0.1, "activation": "elu", "lr": 0.0007791847111430202, "window_size": 9, "batch_size": 128, "epochs": 10, "kernel_size": 2, "attention_heads": 8}, "parameter_index": 0}
[2026-05-18 21:43:26] INFO (NNIManager) submitTrialJob: form: {
  sequenceId: 91,
  hyperParameters: {
    value: '{"parameter_id": 91, "parameter_source": "algorithm", "parameters": {"model_type": "CNN", "units": 16, "num_layers": 4, "dropout": 0.1, "activation": "elu", "lr": 0.0007791847111430202, "window_size": 9, "batch_size": 128, "epochs": 10, "kernel_size": 2, "attention_heads": 8}, "parameter_index": 0}',
    index: 0
  },
  placementConstraint: { type: 'None', gpus: [] }
}
[2026-05-18 21:43:26] INFO (LocalV3.local) Created trial muHVa
[2026-05-18 21:43:29] INFO (LocalV3.local) Trial parameter: muHVa {"parameter_id": 91, "parameter_source": "algorithm", "parameters": {"model_type": "CNN", "units": 16, "num_layers": 4, "dropout": 0.1, "activation": "elu", "lr": 0.0007791847111430202, "window_size": 9, "batch_size": 128, "epochs": 10, "kernel_size": 2, "attention_heads": 8}, "parameter_index": 0}
[2026-05-18 21:43:33] INFO (NNIManager) Trial job muHVa status changed from RUNNING to SUCCEEDED
[2026-05-18 21:43:33] INFO (NNIManager) NNIManager received command from dispatcher: TR, {"parameter_id": 92, "parameter_source": "algorithm", "parameters": {"model_type": "MLP", "units": 16, "num_layers": 3, "dropout": 0, "activation": "elu", "lr": 0.0013494528675130288, "window_size": 8, "batch_size": 16, "epochs": 20, "kernel_size": 2, "attention_heads": 4}, "parameter_index": 0}
[2026-05-18 21:43:33] INFO (NNIManager) submitTrialJob: form: {
  sequenceId: 92,
  hyperParameters: {
    value: '{"parameter_id": 92, "parameter_source": "algorithm", "parameters": {"model_type": "MLP", "units": 16, "num_layers": 3, "dropout": 0, "activation": "elu", "lr": 0.0013494528675130288, "window_size": 8, "batch_size": 16, "epochs": 20, "kernel_size": 2, "attention_heads": 4}, "parameter_index": 0}',
    index: 0
  },
  placementConstraint: { type: 'None', gpus: [] }
}
[2026-05-18 21:43:33] INFO (LocalV3.local) Created trial Oj7kx
[2026-05-18 21:43:36] INFO (LocalV3.local) Trial parameter: Oj7kx {"parameter_id": 92, "parameter_source": "algorithm", "parameters": {"model_type": "MLP", "units": 16, "num_layers": 3, "dropout": 0, "activation": "elu", "lr": 0.0013494528675130288, "window_size": 8, "batch_size": 16, "epochs": 20, "kernel_size": 2, "attention_heads": 4}, "parameter_index": 0}
[2026-05-18 21:43:42] INFO (NNIManager) Trial job Oj7kx status changed from RUNNING to SUCCEEDED
[2026-05-18 21:43:42] INFO (NNIManager) NNIManager received command from dispatcher: TR, {"parameter_id": 93, "parameter_source": "algorithm", "parameters": {"model_type": "MLP", "units": 16, "num_layers": 3, "dropout": 0, "activation": "elu", "lr": 0.00195383532850489, "window_size": 8, "batch_size": 16, "epochs": 20, "kernel_size": 2, "attention_heads": 4}, "parameter_index": 0}
[2026-05-18 21:43:42] INFO (NNIManager) submitTrialJob: form: {
  sequenceId: 93,
  hyperParameters: {
    value: '{"parameter_id": 93, "parameter_source": "algorithm", "parameters": {"model_type": "MLP", "units": 16, "num_layers": 3, "dropout": 0, "activation": "elu", "lr": 0.00195383532850489, "window_size": 8, "batch_size": 16, "epochs": 20, "kernel_size": 2, "attention_heads": 4}, "parameter_index": 0}',
    index: 0
  },
  placementConstraint: { type: 'None', gpus: [] }
}
[2026-05-18 21:43:42] INFO (LocalV3.local) Created trial acI8r
[2026-05-18 21:43:45] INFO (LocalV3.local) Trial parameter: acI8r {"parameter_id": 93, "parameter_source": "algorithm", "parameters": {"model_type": "MLP", "units": 16, "num_layers": 3, "dropout": 0, "activation": "elu", "lr": 0.00195383532850489, "window_size": 8, "batch_size": 16, "epochs": 20, "kernel_size": 2, "attention_heads": 4}, "parameter_index": 0}
[2026-05-18 21:43:52] INFO (NNIManager) Trial job acI8r status changed from RUNNING to SUCCEEDED
[2026-05-18 21:43:52] INFO (NNIManager) NNIManager received command from dispatcher: TR, {"parameter_id": 94, "parameter_source": "algorithm", "parameters": {"model_type": "MLP", "units": 16, "num_layers": 3, "dropout": 0, "activation": "elu", "lr": 0.001752882610676394, "window_size": 8, "batch_size": 16, "epochs": 20, "kernel_size": 2, "attention_heads": 4}, "parameter_index": 0}
[2026-05-18 21:43:52] INFO (NNIManager) submitTrialJob: form: {
  sequenceId: 94,
  hyperParameters: {
    value: '{"parameter_id": 94, "parameter_source": "algorithm", "parameters": {"model_type": "MLP", "units": 16, "num_layers": 3, "dropout": 0, "activation": "elu", "lr": 0.001752882610676394, "window_size": 8, "batch_size": 16, "epochs": 20, "kernel_size": 2, "attention_heads": 4}, "parameter_index": 0}',
    index: 0
  },
  placementConstraint: { type: 'None', gpus: [] }
}
[2026-05-18 21:43:52] INFO (LocalV3.local) Created trial rOg0R
[2026-05-18 21:43:54] INFO (LocalV3.local) Trial parameter: rOg0R {"parameter_id": 94, "parameter_source": "algorithm", "parameters": {"model_type": "MLP", "units": 16, "num_layers": 3, "dropout": 0, "activation": "elu", "lr": 0.001752882610676394, "window_size": 8, "batch_size": 16, "epochs": 20, "kernel_size": 2, "attention_heads": 4}, "parameter_index": 0}
[2026-05-18 21:44:01] INFO (NNIManager) Trial job rOg0R status changed from RUNNING to SUCCEEDED
[2026-05-18 21:44:01] INFO (NNIManager) NNIManager received command from dispatcher: TR, {"parameter_id": 95, "parameter_source": "algorithm", "parameters": {"model_type": "MLP", "units": 16, "num_layers": 3, "dropout": 0, "activation": "elu", "lr": 0.0023801815396443976, "window_size": 8, "batch_size": 16, "epochs": 5, "kernel_size": 2, "attention_heads": 4}, "parameter_index": 0}
[2026-05-18 21:44:01] INFO (NNIManager) submitTrialJob: form: {
  sequenceId: 95,
  hyperParameters: {
    value: '{"parameter_id": 95, "parameter_source": "algorithm", "parameters": {"model_type": "MLP", "units": 16, "num_layers": 3, "dropout": 0, "activation": "elu", "lr": 0.0023801815396443976, "window_size": 8, "batch_size": 16, "epochs": 5, "kernel_size": 2, "attention_heads": 4}, "parameter_index": 0}',
    index: 0
  },
  placementConstraint: { type: 'None', gpus: [] }
}
[2026-05-18 21:44:01] INFO (LocalV3.local) Created trial CwIYQ
[2026-05-18 21:44:03] INFO (LocalV3.local) Trial parameter: CwIYQ {"parameter_id": 95, "parameter_source": "algorithm", "parameters": {"model_type": "MLP", "units": 16, "num_layers": 3, "dropout": 0, "activation": "elu", "lr": 0.0023801815396443976, "window_size": 8, "batch_size": 16, "epochs": 5, "kernel_size": 2, "attention_heads": 4}, "parameter_index": 0}
[2026-05-18 21:44:06] INFO (NNIManager) Trial job CwIYQ status changed from RUNNING to SUCCEEDED
[2026-05-18 21:44:06] INFO (NNIManager) NNIManager received command from dispatcher: TR, {"parameter_id": 96, "parameter_source": "algorithm", "parameters": {"model_type": "MLP", "units": 16, "num_layers": 3, "dropout": 0, "activation": "elu", "lr": 0.0023282869230174716, "window_size": 8, "batch_size": 16, "epochs": 20, "kernel_size": 2, "attention_heads": 4}, "parameter_index": 0}
[2026-05-18 21:44:06] INFO (NNIManager) submitTrialJob: form: {
  sequenceId: 96,
  hyperParameters: {
    value: '{"parameter_id": 96, "parameter_source": "algorithm", "parameters": {"model_type": "MLP", "units": 16, "num_layers": 3, "dropout": 0, "activation": "elu", "lr": 0.0023282869230174716, "window_size": 8, "batch_size": 16, "epochs": 20, "kernel_size": 2, "attention_heads": 4}, "parameter_index": 0}',
    index: 0
  },
  placementConstraint: { type: 'None', gpus: [] }
}
[2026-05-18 21:44:06] INFO (LocalV3.local) Created trial PkIxT
[2026-05-18 21:44:08] INFO (LocalV3.local) Trial parameter: PkIxT {"parameter_id": 96, "parameter_source": "algorithm", "parameters": {"model_type": "MLP", "units": 16, "num_layers": 3, "dropout": 0, "activation": "elu", "lr": 0.0023282869230174716, "window_size": 8, "batch_size": 16, "epochs": 20, "kernel_size": 2, "attention_heads": 4}, "parameter_index": 0}
[2026-05-18 21:44:13] INFO (NNIManager) Trial job PkIxT status changed from RUNNING to SUCCEEDED
[2026-05-18 21:44:13] INFO (NNIManager) NNIManager received command from dispatcher: TR, {"parameter_id": 97, "parameter_source": "algorithm", "parameters": {"model_type": "MLP", "units": 16, "num_layers": 3, "dropout": 0.5, "activation": "elu", "lr": 0.001838818095001228, "window_size": 8, "batch_size": 16, "epochs": 20, "kernel_size": 2, "attention_heads": 4}, "parameter_index": 0}
[2026-05-18 21:44:14] INFO (NNIManager) submitTrialJob: form: {
  sequenceId: 97,
  hyperParameters: {
    value: '{"parameter_id": 97, "parameter_source": "algorithm", "parameters": {"model_type": "MLP", "units": 16, "num_layers": 3, "dropout": 0.5, "activation": "elu", "lr": 0.001838818095001228, "window_size": 8, "batch_size": 16, "epochs": 20, "kernel_size": 2, "attention_heads": 4}, "parameter_index": 0}',
    index: 0
  },
  placementConstraint: { type: 'None', gpus: [] }
}
[2026-05-18 21:44:14] INFO (LocalV3.local) Created trial yXSe5
[2026-05-18 21:44:16] INFO (LocalV3.local) Trial parameter: yXSe5 {"parameter_id": 97, "parameter_source": "algorithm", "parameters": {"model_type": "MLP", "units": 16, "num_layers": 3, "dropout": 0.5, "activation": "elu", "lr": 0.001838818095001228, "window_size": 8, "batch_size": 16, "epochs": 20, "kernel_size": 2, "attention_heads": 4}, "parameter_index": 0}
[2026-05-18 21:44:21] INFO (NNIManager) Trial job yXSe5 status changed from RUNNING to SUCCEEDED
[2026-05-18 21:44:21] INFO (NNIManager) NNIManager received command from dispatcher: TR, {"parameter_id": 98, "parameter_source": "algorithm", "parameters": {"model_type": "MLP", "units": 16, "num_layers": 3, "dropout": 0, "activation": "elu", "lr": 0.0021297037892895, "window_size": 8, "batch_size": 16, "epochs": 20, "kernel_size": 2, "attention_heads": 4}, "parameter_index": 0}
[2026-05-18 21:44:21] INFO (NNIManager) submitTrialJob: form: {
  sequenceId: 98,
  hyperParameters: {
    value: '{"parameter_id": 98, "parameter_source": "algorithm", "parameters": {"model_type": "MLP", "units": 16, "num_layers": 3, "dropout": 0, "activation": "elu", "lr": 0.0021297037892895, "window_size": 8, "batch_size": 16, "epochs": 20, "kernel_size": 2, "attention_heads": 4}, "parameter_index": 0}',
    index: 0
  },
  placementConstraint: { type: 'None', gpus: [] }
}
[2026-05-18 21:44:21] INFO (LocalV3.local) Created trial xKtqR
[2026-05-18 21:44:23] INFO (LocalV3.local) Trial parameter: xKtqR {"parameter_id": 98, "parameter_source": "algorithm", "parameters": {"model_type": "MLP", "units": 16, "num_layers": 3, "dropout": 0, "activation": "elu", "lr": 0.0021297037892895, "window_size": 8, "batch_size": 16, "epochs": 20, "kernel_size": 2, "attention_heads": 4}, "parameter_index": 0}
[2026-05-18 21:44:28] INFO (NNIManager) Trial job xKtqR status changed from RUNNING to SUCCEEDED
[2026-05-18 21:44:28] INFO (NNIManager) NNIManager received command from dispatcher: TR, {"parameter_id": 99, "parameter_source": "algorithm", "parameters": {"model_type": "MLP", "units": 16, "num_layers": 3, "dropout": 0, "activation": "elu", "lr": 0.002607930694898631, "window_size": 24, "batch_size": 16, "epochs": 5, "kernel_size": 2, "attention_heads": 4}, "parameter_index": 0}
[2026-05-18 21:44:29] INFO (NNIManager) submitTrialJob: form: {
  sequenceId: 99,
  hyperParameters: {
    value: '{"parameter_id": 99, "parameter_source": "algorithm", "parameters": {"model_type": "MLP", "units": 16, "num_layers": 3, "dropout": 0, "activation": "elu", "lr": 0.002607930694898631, "window_size": 24, "batch_size": 16, "epochs": 5, "kernel_size": 2, "attention_heads": 4}, "parameter_index": 0}',
    index: 0
  },
  placementConstraint: { type: 'None', gpus: [] }
}
[2026-05-18 21:44:29] INFO (LocalV3.local) Created trial bmMHe
[2026-05-18 21:44:30] INFO (LocalV3.local) Trial parameter: bmMHe {"parameter_id": 99, "parameter_source": "algorithm", "parameters": {"model_type": "MLP", "units": 16, "num_layers": 3, "dropout": 0, "activation": "elu", "lr": 0.002607930694898631, "window_size": 24, "batch_size": 16, "epochs": 5, "kernel_size": 2, "attention_heads": 4}, "parameter_index": 0}
[2026-05-18 21:44:33] INFO (NNIManager) Trial job bmMHe status changed from RUNNING to SUCCEEDED
[2026-05-18 21:44:33] INFO (NNIManager) NNIManager received command from dispatcher: TR, {"parameter_id": 100, "parameter_source": "algorithm", "parameters": {"model_type": "Transformer", "units": 16, "num_layers": 3, "dropout": 0, "activation": "elu", "lr": 0.0023614318953996804, "window_size": 8, "batch_size": 16, "epochs": 20, "kernel_size": 2, "attention_heads": 4}, "parameter_index": 0}
[2026-05-18 21:44:34] INFO (NNIManager) submitTrialJob: form: {
  sequenceId: 100,
  hyperParameters: {
    value: '{"parameter_id": 100, "parameter_source": "algorithm", "parameters": {"model_type": "Transformer", "units": 16, "num_layers": 3, "dropout": 0, "activation": "elu", "lr": 0.0023614318953996804, "window_size": 8, "batch_size": 16, "epochs": 20, "kernel_size": 2, "attention_heads": 4}, "parameter_index": 0}',
    index: 0
  },
  placementConstraint: { type: 'None', gpus: [] }
}
[2026-05-18 21:44:34] INFO (LocalV3.local) Created trial j0iX8
[2026-05-18 21:44:36] INFO (LocalV3.local) Trial parameter: j0iX8 {"parameter_id": 100, "parameter_source": "algorithm", "parameters": {"model_type": "Transformer", "units": 16, "num_layers": 3, "dropout": 0, "activation": "elu", "lr": 0.0023614318953996804, "window_size": 8, "batch_size": 16, "epochs": 20, "kernel_size": 2, "attention_heads": 4}, "parameter_index": 0}
[2026-05-18 21:44:48] INFO (NNIManager) Trial job j0iX8 status changed from RUNNING to SUCCEEDED
[2026-05-18 21:44:48] INFO (NNIManager) NNIManager received command from dispatcher: TR, {"parameter_id": 101, "parameter_source": "algorithm", "parameters": {"model_type": "MLP", "units": 16, "num_layers": 3, "dropout": 0, "activation": "elu", "lr": 0.0019352949707816224, "window_size": 8, "batch_size": 16, "epochs": 20, "kernel_size": 5, "attention_heads": 4}, "parameter_index": 0}
[2026-05-18 21:44:48] INFO (NNIManager) submitTrialJob: form: {
  sequenceId: 101,
  hyperParameters: {
    value: '{"parameter_id": 101, "parameter_source": "algorithm", "parameters": {"model_type": "MLP", "units": 16, "num_layers": 3, "dropout": 0, "activation": "elu", "lr": 0.0019352949707816224, "window_size": 8, "batch_size": 16, "epochs": 20, "kernel_size": 5, "attention_heads": 4}, "parameter_index": 0}',
    index: 0
  },
  placementConstraint: { type: 'None', gpus: [] }
}
[2026-05-18 21:44:48] INFO (LocalV3.local) Created trial VMfqh
[2026-05-18 21:44:50] INFO (LocalV3.local) Trial parameter: VMfqh {"parameter_id": 101, "parameter_source": "algorithm", "parameters": {"model_type": "MLP", "units": 16, "num_layers": 3, "dropout": 0, "activation": "elu", "lr": 0.0019352949707816224, "window_size": 8, "batch_size": 16, "epochs": 20, "kernel_size": 5, "attention_heads": 4}, "parameter_index": 0}
[2026-05-18 21:44:56] INFO (NNIManager) Trial job VMfqh status changed from RUNNING to SUCCEEDED
[2026-05-18 21:44:56] INFO (NNIManager) NNIManager received command from dispatcher: TR, {"parameter_id": 102, "parameter_source": "algorithm", "parameters": {"model_type": "MLP", "units": 16, "num_layers": 3, "dropout": 0, "activation": "elu", "lr": 0.0020228640010888244, "window_size": 8, "batch_size": 16, "epochs": 20, "kernel_size": 2, "attention_heads": 4}, "parameter_index": 0}
[2026-05-18 21:44:56] INFO (NNIManager) submitTrialJob: form: {
  sequenceId: 102,
  hyperParameters: {
    value: '{"parameter_id": 102, "parameter_source": "algorithm", "parameters": {"model_type": "MLP", "units": 16, "num_layers": 3, "dropout": 0, "activation": "elu", "lr": 0.0020228640010888244, "window_size": 8, "batch_size": 16, "epochs": 20, "kernel_size": 2, "attention_heads": 4}, "parameter_index": 0}',
    index: 0
  },
  placementConstraint: { type: 'None', gpus: [] }
}
[2026-05-18 21:44:56] INFO (LocalV3.local) Created trial MCv7m
[2026-05-18 21:44:58] INFO (LocalV3.local) Trial parameter: MCv7m {"parameter_id": 102, "parameter_source": "algorithm", "parameters": {"model_type": "MLP", "units": 16, "num_layers": 3, "dropout": 0, "activation": "elu", "lr": 0.0020228640010888244, "window_size": 8, "batch_size": 16, "epochs": 20, "kernel_size": 2, "attention_heads": 4}, "parameter_index": 0}
[2026-05-18 21:45:04] INFO (NNIManager) Trial job MCv7m status changed from RUNNING to SUCCEEDED
[2026-05-18 21:45:04] INFO (NNIManager) NNIManager received command from dispatcher: TR, {"parameter_id": 103, "parameter_source": "algorithm", "parameters": {"model_type": "CNN", "units": 256, "num_layers": 4, "dropout": 0, "activation": "elu", "lr": 0.0013384646113068508, "window_size": 10, "batch_size": 16, "epochs": 10, "kernel_size": 2, "attention_heads": 4}, "parameter_index": 0}
[2026-05-18 21:45:05] INFO (NNIManager) submitTrialJob: form: {
  sequenceId: 103,
  hyperParameters: {
    value: '{"parameter_id": 103, "parameter_source": "algorithm", "parameters": {"model_type": "CNN", "units": 256, "num_layers": 4, "dropout": 0, "activation": "elu", "lr": 0.0013384646113068508, "window_size": 10, "batch_size": 16, "epochs": 10, "kernel_size": 2, "attention_heads": 4}, "parameter_index": 0}',
    index: 0
  },
  placementConstraint: { type: 'None', gpus: [] }
}
[2026-05-18 21:45:05] INFO (LocalV3.local) Created trial iYroA
[2026-05-18 21:45:07] INFO (LocalV3.local) Trial parameter: iYroA {"parameter_id": 103, "parameter_source": "algorithm", "parameters": {"model_type": "CNN", "units": 256, "num_layers": 4, "dropout": 0, "activation": "elu", "lr": 0.0013384646113068508, "window_size": 10, "batch_size": 16, "epochs": 10, "kernel_size": 2, "attention_heads": 4}, "parameter_index": 0}
[2026-05-18 21:45:14] INFO (NNIManager) Trial job iYroA status changed from RUNNING to SUCCEEDED
[2026-05-18 21:45:14] INFO (NNIManager) NNIManager received command from dispatcher: TR, {"parameter_id": 104, "parameter_source": "algorithm", "parameters": {"model_type": "MLP", "units": 16, "num_layers": 4, "dropout": 0, "activation": "elu", "lr": 0.0021603152849809164, "window_size": 8, "batch_size": 16, "epochs": 20, "kernel_size": 2, "attention_heads": 4}, "parameter_index": 0}
[2026-05-18 21:45:15] INFO (NNIManager) submitTrialJob: form: {
  sequenceId: 104,
  hyperParameters: {
    value: '{"parameter_id": 104, "parameter_source": "algorithm", "parameters": {"model_type": "MLP", "units": 16, "num_layers": 4, "dropout": 0, "activation": "elu", "lr": 0.0021603152849809164, "window_size": 8, "batch_size": 16, "epochs": 20, "kernel_size": 2, "attention_heads": 4}, "parameter_index": 0}',
    index: 0
  },
  placementConstraint: { type: 'None', gpus: [] }
}
[2026-05-18 21:45:15] INFO (LocalV3.local) Created trial d0Ihv
[2026-05-18 21:45:17] INFO (LocalV3.local) Trial parameter: d0Ihv {"parameter_id": 104, "parameter_source": "algorithm", "parameters": {"model_type": "MLP", "units": 16, "num_layers": 4, "dropout": 0, "activation": "elu", "lr": 0.0021603152849809164, "window_size": 8, "batch_size": 16, "epochs": 20, "kernel_size": 2, "attention_heads": 4}, "parameter_index": 0}
[2026-05-18 21:45:24] INFO (NNIManager) Trial job d0Ihv status changed from RUNNING to SUCCEEDED
[2026-05-18 21:45:24] INFO (NNIManager) NNIManager received command from dispatcher: TR, {"parameter_id": 105, "parameter_source": "algorithm", "parameters": {"model_type": "MLP", "units": 16, "num_layers": 3, "dropout": 0, "activation": "relu", "lr": 0.0020847897593283264, "window_size": 8, "batch_size": 16, "epochs": 20, "kernel_size": 2, "attention_heads": 4}, "parameter_index": 0}
[2026-05-18 21:45:24] INFO (NNIManager) submitTrialJob: form: {
  sequenceId: 105,
  hyperParameters: {
    value: '{"parameter_id": 105, "parameter_source": "algorithm", "parameters": {"model_type": "MLP", "units": 16, "num_layers": 3, "dropout": 0, "activation": "relu", "lr": 0.0020847897593283264, "window_size": 8, "batch_size": 16, "epochs": 20, "kernel_size": 2, "attention_heads": 4}, "parameter_index": 0}',
    index: 0
  },
  placementConstraint: { type: 'None', gpus: [] }
}
[2026-05-18 21:45:24] INFO (LocalV3.local) Created trial b6VtT
[2026-05-18 21:45:26] INFO (LocalV3.local) Trial parameter: b6VtT {"parameter_id": 105, "parameter_source": "algorithm", "parameters": {"model_type": "MLP", "units": 16, "num_layers": 3, "dropout": 0, "activation": "relu", "lr": 0.0020847897593283264, "window_size": 8, "batch_size": 16, "epochs": 20, "kernel_size": 2, "attention_heads": 4}, "parameter_index": 0}
[2026-05-18 21:45:32] INFO (NNIManager) Trial job b6VtT status changed from RUNNING to SUCCEEDED
[2026-05-18 21:45:32] INFO (NNIManager) NNIManager received command from dispatcher: TR, {"parameter_id": 106, "parameter_source": "algorithm", "parameters": {"model_type": "RNN", "units": 16, "num_layers": 3, "dropout": 0, "activation": "elu", "lr": 0.0014423844260155983, "window_size": 8, "batch_size": 16, "epochs": 20, "kernel_size": 2, "attention_heads": 4}, "parameter_index": 0}
[2026-05-18 21:45:33] INFO (NNIManager) submitTrialJob: form: {
  sequenceId: 106,
  hyperParameters: {
    value: '{"parameter_id": 106, "parameter_source": "algorithm", "parameters": {"model_type": "RNN", "units": 16, "num_layers": 3, "dropout": 0, "activation": "elu", "lr": 0.0014423844260155983, "window_size": 8, "batch_size": 16, "epochs": 20, "kernel_size": 2, "attention_heads": 4}, "parameter_index": 0}',
    index: 0
  },
  placementConstraint: { type: 'None', gpus: [] }
}
[2026-05-18 21:45:33] INFO (LocalV3.local) Created trial xjV8D
[2026-05-18 21:45:35] INFO (LocalV3.local) Trial parameter: xjV8D {"parameter_id": 106, "parameter_source": "algorithm", "parameters": {"model_type": "RNN", "units": 16, "num_layers": 3, "dropout": 0, "activation": "elu", "lr": 0.0014423844260155983, "window_size": 8, "batch_size": 16, "epochs": 20, "kernel_size": 2, "attention_heads": 4}, "parameter_index": 0}
[2026-05-18 21:45:46] INFO (NNIManager) Trial job xjV8D status changed from RUNNING to SUCCEEDED
[2026-05-18 21:45:46] INFO (NNIManager) NNIManager received command from dispatcher: TR, {"parameter_id": 107, "parameter_source": "algorithm", "parameters": {"model_type": "MLP", "units": 16, "num_layers": 3, "dropout": 0, "activation": "elu", "lr": 0.0017423879136432843, "window_size": 8, "batch_size": 16, "epochs": 20, "kernel_size": 2, "attention_heads": 4}, "parameter_index": 0}
[2026-05-18 21:45:46] INFO (NNIManager) submitTrialJob: form: {
  sequenceId: 107,
  hyperParameters: {
    value: '{"parameter_id": 107, "parameter_source": "algorithm", "parameters": {"model_type": "MLP", "units": 16, "num_layers": 3, "dropout": 0, "activation": "elu", "lr": 0.0017423879136432843, "window_size": 8, "batch_size": 16, "epochs": 20, "kernel_size": 2, "attention_heads": 4}, "parameter_index": 0}',
    index: 0
  },
  placementConstraint: { type: 'None', gpus: [] }
}
[2026-05-18 21:45:46] INFO (LocalV3.local) Created trial ndoAg
[2026-05-18 21:45:49] INFO (LocalV3.local) Trial parameter: ndoAg {"parameter_id": 107, "parameter_source": "algorithm", "parameters": {"model_type": "MLP", "units": 16, "num_layers": 3, "dropout": 0, "activation": "elu", "lr": 0.0017423879136432843, "window_size": 8, "batch_size": 16, "epochs": 20, "kernel_size": 2, "attention_heads": 4}, "parameter_index": 0}
[2026-05-18 21:45:54] INFO (NNIManager) Trial job ndoAg status changed from RUNNING to SUCCEEDED
[2026-05-18 21:45:54] INFO (NNIManager) NNIManager received command from dispatcher: TR, {"parameter_id": 108, "parameter_source": "algorithm", "parameters": {"model_type": "MLP", "units": 16, "num_layers": 3, "dropout": 0, "activation": "tanh", "lr": 0.0020395138140918852, "window_size": 8, "batch_size": 16, "epochs": 20, "kernel_size": 5, "attention_heads": 4}, "parameter_index": 0}
[2026-05-18 21:45:54] INFO (NNIManager) submitTrialJob: form: {
  sequenceId: 108,
  hyperParameters: {
    value: '{"parameter_id": 108, "parameter_source": "algorithm", "parameters": {"model_type": "MLP", "units": 16, "num_layers": 3, "dropout": 0, "activation": "tanh", "lr": 0.0020395138140918852, "window_size": 8, "batch_size": 16, "epochs": 20, "kernel_size": 5, "attention_heads": 4}, "parameter_index": 0}',
    index: 0
  },
  placementConstraint: { type: 'None', gpus: [] }
}
[2026-05-18 21:45:54] INFO (LocalV3.local) Created trial wg21e
[2026-05-18 21:45:57] INFO (LocalV3.local) Trial parameter: wg21e {"parameter_id": 108, "parameter_source": "algorithm", "parameters": {"model_type": "MLP", "units": 16, "num_layers": 3, "dropout": 0, "activation": "tanh", "lr": 0.0020395138140918852, "window_size": 8, "batch_size": 16, "epochs": 20, "kernel_size": 5, "attention_heads": 4}, "parameter_index": 0}
[2026-05-18 21:46:02] INFO (NNIManager) Trial job wg21e status changed from RUNNING to SUCCEEDED
[2026-05-18 21:46:02] INFO (NNIManager) NNIManager received command from dispatcher: TR, {"parameter_id": 109, "parameter_source": "algorithm", "parameters": {"model_type": "MLP", "units": 16, "num_layers": 3, "dropout": 0, "activation": "relu", "lr": 0.0016224614740729447, "window_size": 8, "batch_size": 32, "epochs": 20, "kernel_size": 2, "attention_heads": 4}, "parameter_index": 0}
[2026-05-18 21:46:02] INFO (NNIManager) submitTrialJob: form: {
  sequenceId: 109,
  hyperParameters: {
    value: '{"parameter_id": 109, "parameter_source": "algorithm", "parameters": {"model_type": "MLP", "units": 16, "num_layers": 3, "dropout": 0, "activation": "relu", "lr": 0.0016224614740729447, "window_size": 8, "batch_size": 32, "epochs": 20, "kernel_size": 2, "attention_heads": 4}, "parameter_index": 0}',
    index: 0
  },
  placementConstraint: { type: 'None', gpus: [] }
}
[2026-05-18 21:46:02] INFO (LocalV3.local) Created trial GiTGC
[2026-05-18 21:46:04] INFO (LocalV3.local) Trial parameter: GiTGC {"parameter_id": 109, "parameter_source": "algorithm", "parameters": {"model_type": "MLP", "units": 16, "num_layers": 3, "dropout": 0, "activation": "relu", "lr": 0.0016224614740729447, "window_size": 8, "batch_size": 32, "epochs": 20, "kernel_size": 2, "attention_heads": 4}, "parameter_index": 0}
[2026-05-18 21:46:09] INFO (NNIManager) Trial job GiTGC status changed from RUNNING to SUCCEEDED
[2026-05-18 21:46:09] INFO (NNIManager) NNIManager received command from dispatcher: TR, {"parameter_id": 110, "parameter_source": "algorithm", "parameters": {"model_type": "MLP", "units": 16, "num_layers": 3, "dropout": 0, "activation": "elu", "lr": 0.0022044266158587843, "window_size": 8, "batch_size": 16, "epochs": 20, "kernel_size": 2, "attention_heads": 4}, "parameter_index": 0}
[2026-05-18 21:46:09] INFO (NNIManager) submitTrialJob: form: {
  sequenceId: 110,
  hyperParameters: {
    value: '{"parameter_id": 110, "parameter_source": "algorithm", "parameters": {"model_type": "MLP", "units": 16, "num_layers": 3, "dropout": 0, "activation": "elu", "lr": 0.0022044266158587843, "window_size": 8, "batch_size": 16, "epochs": 20, "kernel_size": 2, "attention_heads": 4}, "parameter_index": 0}',
    index: 0
  },
  placementConstraint: { type: 'None', gpus: [] }
}
[2026-05-18 21:46:09] INFO (LocalV3.local) Created trial B3vBi
[2026-05-18 21:46:11] INFO (LocalV3.local) Trial parameter: B3vBi {"parameter_id": 110, "parameter_source": "algorithm", "parameters": {"model_type": "MLP", "units": 16, "num_layers": 3, "dropout": 0, "activation": "elu", "lr": 0.0022044266158587843, "window_size": 8, "batch_size": 16, "epochs": 20, "kernel_size": 2, "attention_heads": 4}, "parameter_index": 0}
[2026-05-18 21:46:16] INFO (NNIManager) Trial job B3vBi status changed from RUNNING to SUCCEEDED
[2026-05-18 21:46:16] INFO (NNIManager) NNIManager received command from dispatcher: TR, {"parameter_id": 111, "parameter_source": "algorithm", "parameters": {"model_type": "MLP", "units": 16, "num_layers": 3, "dropout": 0, "activation": "elu", "lr": 0.001614524812117544, "window_size": 8, "batch_size": 16, "epochs": 20, "kernel_size": 2, "attention_heads": 4}, "parameter_index": 0}
[2026-05-18 21:46:16] INFO (NNIManager) submitTrialJob: form: {
  sequenceId: 111,
  hyperParameters: {
    value: '{"parameter_id": 111, "parameter_source": "algorithm", "parameters": {"model_type": "MLP", "units": 16, "num_layers": 3, "dropout": 0, "activation": "elu", "lr": 0.001614524812117544, "window_size": 8, "batch_size": 16, "epochs": 20, "kernel_size": 2, "attention_heads": 4}, "parameter_index": 0}',
    index: 0
  },
  placementConstraint: { type: 'None', gpus: [] }
}
[2026-05-18 21:46:16] INFO (LocalV3.local) Created trial z5R0a
[2026-05-18 21:46:18] INFO (LocalV3.local) Trial parameter: z5R0a {"parameter_id": 111, "parameter_source": "algorithm", "parameters": {"model_type": "MLP", "units": 16, "num_layers": 3, "dropout": 0, "activation": "elu", "lr": 0.001614524812117544, "window_size": 8, "batch_size": 16, "epochs": 20, "kernel_size": 2, "attention_heads": 4}, "parameter_index": 0}
[2026-05-18 21:46:24] INFO (NNIManager) Trial job z5R0a status changed from RUNNING to SUCCEEDED
[2026-05-18 21:46:24] INFO (NNIManager) NNIManager received command from dispatcher: TR, {"parameter_id": 112, "parameter_source": "algorithm", "parameters": {"model_type": "MLP", "units": 16, "num_layers": 3, "dropout": 0, "activation": "elu", "lr": 0.0025347658936952003, "window_size": 8, "batch_size": 16, "epochs": 20, "kernel_size": 2, "attention_heads": 4}, "parameter_index": 0}
[2026-05-18 21:46:24] INFO (NNIManager) submitTrialJob: form: {
  sequenceId: 112,
  hyperParameters: {
    value: '{"parameter_id": 112, "parameter_source": "algorithm", "parameters": {"model_type": "MLP", "units": 16, "num_layers": 3, "dropout": 0, "activation": "elu", "lr": 0.0025347658936952003, "window_size": 8, "batch_size": 16, "epochs": 20, "kernel_size": 2, "attention_heads": 4}, "parameter_index": 0}',
    index: 0
  },
  placementConstraint: { type: 'None', gpus: [] }
}
[2026-05-18 21:46:24] INFO (LocalV3.local) Created trial fFn6a
[2026-05-18 21:46:26] INFO (LocalV3.local) Trial parameter: fFn6a {"parameter_id": 112, "parameter_source": "algorithm", "parameters": {"model_type": "MLP", "units": 16, "num_layers": 3, "dropout": 0, "activation": "elu", "lr": 0.0025347658936952003, "window_size": 8, "batch_size": 16, "epochs": 20, "kernel_size": 2, "attention_heads": 4}, "parameter_index": 0}
[2026-05-18 21:46:31] INFO (NNIManager) Trial job fFn6a status changed from RUNNING to SUCCEEDED
[2026-05-18 21:46:31] INFO (NNIManager) NNIManager received command from dispatcher: TR, {"parameter_id": 113, "parameter_source": "algorithm", "parameters": {"model_type": "TCN", "units": 16, "num_layers": 3, "dropout": 0, "activation": "elu", "lr": 0.0016906946790367797, "window_size": 8, "batch_size": 16, "epochs": 20, "kernel_size": 2, "attention_heads": 4}, "parameter_index": 0}
[2026-05-18 21:46:32] INFO (NNIManager) submitTrialJob: form: {
  sequenceId: 113,
  hyperParameters: {
    value: '{"parameter_id": 113, "parameter_source": "algorithm", "parameters": {"model_type": "TCN", "units": 16, "num_layers": 3, "dropout": 0, "activation": "elu", "lr": 0.0016906946790367797, "window_size": 8, "batch_size": 16, "epochs": 20, "kernel_size": 2, "attention_heads": 4}, "parameter_index": 0}',
    index: 0
  },
  placementConstraint: { type: 'None', gpus: [] }
}
[2026-05-18 21:46:32] INFO (LocalV3.local) Created trial iMBEQ
[2026-05-18 21:46:33] INFO (LocalV3.local) Trial parameter: iMBEQ {"parameter_id": 113, "parameter_source": "algorithm", "parameters": {"model_type": "TCN", "units": 16, "num_layers": 3, "dropout": 0, "activation": "elu", "lr": 0.0016906946790367797, "window_size": 8, "batch_size": 16, "epochs": 20, "kernel_size": 2, "attention_heads": 4}, "parameter_index": 0}
[2026-05-18 21:46:40] INFO (NNIManager) Trial job iMBEQ status changed from RUNNING to SUCCEEDED
[2026-05-18 21:46:40] INFO (NNIManager) NNIManager received command from dispatcher: TR, {"parameter_id": 114, "parameter_source": "algorithm", "parameters": {"model_type": "MLP", "units": 16, "num_layers": 3, "dropout": 0, "activation": "relu", "lr": 0.0019954488093806787, "window_size": 28, "batch_size": 16, "epochs": 20, "kernel_size": 2, "attention_heads": 4}, "parameter_index": 0}
[2026-05-18 21:46:40] INFO (NNIManager) submitTrialJob: form: {
  sequenceId: 114,
  hyperParameters: {
    value: '{"parameter_id": 114, "parameter_source": "algorithm", "parameters": {"model_type": "MLP", "units": 16, "num_layers": 3, "dropout": 0, "activation": "relu", "lr": 0.0019954488093806787, "window_size": 28, "batch_size": 16, "epochs": 20, "kernel_size": 2, "attention_heads": 4}, "parameter_index": 0}',
    index: 0
  },
  placementConstraint: { type: 'None', gpus: [] }
}
[2026-05-18 21:46:40] INFO (LocalV3.local) Created trial W7e0f
[2026-05-18 21:46:42] INFO (LocalV3.local) Trial parameter: W7e0f {"parameter_id": 114, "parameter_source": "algorithm", "parameters": {"model_type": "MLP", "units": 16, "num_layers": 3, "dropout": 0, "activation": "relu", "lr": 0.0019954488093806787, "window_size": 28, "batch_size": 16, "epochs": 20, "kernel_size": 2, "attention_heads": 4}, "parameter_index": 0}
[2026-05-18 21:46:47] INFO (NNIManager) Trial job W7e0f status changed from RUNNING to SUCCEEDED
[2026-05-18 21:46:47] INFO (NNIManager) NNIManager received command from dispatcher: TR, {"parameter_id": 115, "parameter_source": "algorithm", "parameters": {"model_type": "LSTM", "units": 16, "num_layers": 3, "dropout": 0, "activation": "elu", "lr": 0.001365609540042554, "window_size": 8, "batch_size": 16, "epochs": 20, "kernel_size": 2, "attention_heads": 4}, "parameter_index": 0}
[2026-05-18 21:46:47] INFO (NNIManager) submitTrialJob: form: {
  sequenceId: 115,
  hyperParameters: {
    value: '{"parameter_id": 115, "parameter_source": "algorithm", "parameters": {"model_type": "LSTM", "units": 16, "num_layers": 3, "dropout": 0, "activation": "elu", "lr": 0.001365609540042554, "window_size": 8, "batch_size": 16, "epochs": 20, "kernel_size": 2, "attention_heads": 4}, "parameter_index": 0}',
    index: 0
  },
  placementConstraint: { type: 'None', gpus: [] }
}
[2026-05-18 21:46:47] INFO (LocalV3.local) Created trial WZRK0
[2026-05-18 21:46:49] INFO (LocalV3.local) Trial parameter: WZRK0 {"parameter_id": 115, "parameter_source": "algorithm", "parameters": {"model_type": "LSTM", "units": 16, "num_layers": 3, "dropout": 0, "activation": "elu", "lr": 0.001365609540042554, "window_size": 8, "batch_size": 16, "epochs": 20, "kernel_size": 2, "attention_heads": 4}, "parameter_index": 0}
[2026-05-18 21:47:13] INFO (NNIManager) Trial job WZRK0 status changed from RUNNING to SUCCEEDED
[2026-05-18 21:47:13] INFO (NNIManager) NNIManager received command from dispatcher: TR, {"parameter_id": 116, "parameter_source": "algorithm", "parameters": {"model_type": "MLP", "units": 16, "num_layers": 3, "dropout": 0, "activation": "elu", "lr": 0.0015279920092240652, "window_size": 8, "batch_size": 16, "epochs": 20, "kernel_size": 2, "attention_heads": 4}, "parameter_index": 0}
[2026-05-18 21:47:13] INFO (NNIManager) submitTrialJob: form: {
  sequenceId: 116,
  hyperParameters: {
    value: '{"parameter_id": 116, "parameter_source": "algorithm", "parameters": {"model_type": "MLP", "units": 16, "num_layers": 3, "dropout": 0, "activation": "elu", "lr": 0.0015279920092240652, "window_size": 8, "batch_size": 16, "epochs": 20, "kernel_size": 2, "attention_heads": 4}, "parameter_index": 0}',
    index: 0
  },
  placementConstraint: { type: 'None', gpus: [] }
}
[2026-05-18 21:47:13] INFO (LocalV3.local) Created trial Pxpov
[2026-05-18 21:47:16] INFO (LocalV3.local) Trial parameter: Pxpov {"parameter_id": 116, "parameter_source": "algorithm", "parameters": {"model_type": "MLP", "units": 16, "num_layers": 3, "dropout": 0, "activation": "elu", "lr": 0.0015279920092240652, "window_size": 8, "batch_size": 16, "epochs": 20, "kernel_size": 2, "attention_heads": 4}, "parameter_index": 0}
[2026-05-18 21:47:24] INFO (NNIManager) Trial job Pxpov status changed from RUNNING to SUCCEEDED
[2026-05-18 21:47:24] INFO (NNIManager) NNIManager received command from dispatcher: TR, {"parameter_id": 117, "parameter_source": "algorithm", "parameters": {"model_type": "CNN", "units": 16, "num_layers": 2, "dropout": 0.1, "activation": "elu", "lr": 0.0005557973640918241, "window_size": 9, "batch_size": 16, "epochs": 10, "kernel_size": 3, "attention_heads": 8}, "parameter_index": 0}
[2026-05-18 21:47:25] INFO (NNIManager) submitTrialJob: form: {
  sequenceId: 117,
  hyperParameters: {
    value: '{"parameter_id": 117, "parameter_source": "algorithm", "parameters": {"model_type": "CNN", "units": 16, "num_layers": 2, "dropout": 0.1, "activation": "elu", "lr": 0.0005557973640918241, "window_size": 9, "batch_size": 16, "epochs": 10, "kernel_size": 3, "attention_heads": 8}, "parameter_index": 0}',
    index: 0
  },
  placementConstraint: { type: 'None', gpus: [] }
}
[2026-05-18 21:47:25] INFO (LocalV3.local) Created trial rxUhk
[2026-05-18 21:47:28] INFO (LocalV3.local) Trial parameter: rxUhk {"parameter_id": 117, "parameter_source": "algorithm", "parameters": {"model_type": "CNN", "units": 16, "num_layers": 2, "dropout": 0.1, "activation": "elu", "lr": 0.0005557973640918241, "window_size": 9, "batch_size": 16, "epochs": 10, "kernel_size": 3, "attention_heads": 8}, "parameter_index": 0}
[2026-05-18 21:47:34] INFO (NNIManager) Trial job rxUhk status changed from RUNNING to SUCCEEDED
[2026-05-18 21:47:34] INFO (NNIManager) NNIManager received command from dispatcher: TR, {"parameter_id": 118, "parameter_source": "algorithm", "parameters": {"model_type": "MLP", "units": 16, "num_layers": 3, "dropout": 0, "activation": "elu", "lr": 0.0015469261994223186, "window_size": 8, "batch_size": 16, "epochs": 20, "kernel_size": 2, "attention_heads": 4}, "parameter_index": 0}
[2026-05-18 21:47:34] INFO (NNIManager) submitTrialJob: form: {
  sequenceId: 118,
  hyperParameters: {
    value: '{"parameter_id": 118, "parameter_source": "algorithm", "parameters": {"model_type": "MLP", "units": 16, "num_layers": 3, "dropout": 0, "activation": "elu", "lr": 0.0015469261994223186, "window_size": 8, "batch_size": 16, "epochs": 20, "kernel_size": 2, "attention_heads": 4}, "parameter_index": 0}',
    index: 0
  },
  placementConstraint: { type: 'None', gpus: [] }
}
[2026-05-18 21:47:34] INFO (LocalV3.local) Created trial W5ugK
[2026-05-18 21:47:36] INFO (LocalV3.local) Trial parameter: W5ugK {"parameter_id": 118, "parameter_source": "algorithm", "parameters": {"model_type": "MLP", "units": 16, "num_layers": 3, "dropout": 0, "activation": "elu", "lr": 0.0015469261994223186, "window_size": 8, "batch_size": 16, "epochs": 20, "kernel_size": 2, "attention_heads": 4}, "parameter_index": 0}
[2026-05-18 21:47:40] INFO (NNIManager) Trial job W5ugK status changed from RUNNING to SUCCEEDED
[2026-05-18 21:47:40] INFO (NNIManager) NNIManager received command from dispatcher: TR, {"parameter_id": 119, "parameter_source": "algorithm", "parameters": {"model_type": "MLP", "units": 16, "num_layers": 3, "dropout": 0.1, "activation": "relu", "lr": 0.0019125948213870364, "window_size": 8, "batch_size": 16, "epochs": 15, "kernel_size": 2, "attention_heads": 4}, "parameter_index": 0}
[2026-05-18 21:47:41] INFO (NNIManager) submitTrialJob: form: {
  sequenceId: 119,
  hyperParameters: {
    value: '{"parameter_id": 119, "parameter_source": "algorithm", "parameters": {"model_type": "MLP", "units": 16, "num_layers": 3, "dropout": 0.1, "activation": "relu", "lr": 0.0019125948213870364, "window_size": 8, "batch_size": 16, "epochs": 15, "kernel_size": 2, "attention_heads": 4}, "parameter_index": 0}',
    index: 0
  },
  placementConstraint: { type: 'None', gpus: [] }
}
[2026-05-18 21:47:41] INFO (LocalV3.local) Created trial kD60N
[2026-05-18 21:47:43] INFO (LocalV3.local) Trial parameter: kD60N {"parameter_id": 119, "parameter_source": "algorithm", "parameters": {"model_type": "MLP", "units": 16, "num_layers": 3, "dropout": 0.1, "activation": "relu", "lr": 0.0019125948213870364, "window_size": 8, "batch_size": 16, "epochs": 15, "kernel_size": 2, "attention_heads": 4}, "parameter_index": 0}
[2026-05-18 21:47:47] INFO (NNIManager) Trial job kD60N status changed from RUNNING to SUCCEEDED
[2026-05-18 21:47:47] INFO (NNIManager) NNIManager received command from dispatcher: TR, {"parameter_id": 120, "parameter_source": "algorithm", "parameters": {"model_type": "MLP", "units": 16, "num_layers": 3, "dropout": 0, "activation": "elu", "lr": 0.0019446029741092912, "window_size": 8, "batch_size": 16, "epochs": 20, "kernel_size": 2, "attention_heads": 4}, "parameter_index": 0}
[2026-05-18 21:47:48] INFO (NNIManager) submitTrialJob: form: {
  sequenceId: 120,
  hyperParameters: {
    value: '{"parameter_id": 120, "parameter_source": "algorithm", "parameters": {"model_type": "MLP", "units": 16, "num_layers": 3, "dropout": 0, "activation": "elu", "lr": 0.0019446029741092912, "window_size": 8, "batch_size": 16, "epochs": 20, "kernel_size": 2, "attention_heads": 4}, "parameter_index": 0}',
    index: 0
  },
  placementConstraint: { type: 'None', gpus: [] }
}
[2026-05-18 21:47:48] INFO (LocalV3.local) Created trial G4JJZ
[2026-05-18 21:47:50] INFO (LocalV3.local) Trial parameter: G4JJZ {"parameter_id": 120, "parameter_source": "algorithm", "parameters": {"model_type": "MLP", "units": 16, "num_layers": 3, "dropout": 0, "activation": "elu", "lr": 0.0019446029741092912, "window_size": 8, "batch_size": 16, "epochs": 20, "kernel_size": 2, "attention_heads": 4}, "parameter_index": 0}
[2026-05-18 21:47:55] INFO (NNIManager) Trial job G4JJZ status changed from RUNNING to SUCCEEDED
[2026-05-18 21:47:55] INFO (NNIManager) NNIManager received command from dispatcher: TR, {"parameter_id": 121, "parameter_source": "algorithm", "parameters": {"model_type": "MLP", "units": 16, "num_layers": 3, "dropout": 0, "activation": "relu", "lr": 0.0022821121584345313, "window_size": 8, "batch_size": 16, "epochs": 20, "kernel_size": 2, "attention_heads": 4}, "parameter_index": 0}
[2026-05-18 21:47:56] INFO (NNIManager) submitTrialJob: form: {
  sequenceId: 121,
  hyperParameters: {
    value: '{"parameter_id": 121, "parameter_source": "algorithm", "parameters": {"model_type": "MLP", "units": 16, "num_layers": 3, "dropout": 0, "activation": "relu", "lr": 0.0022821121584345313, "window_size": 8, "batch_size": 16, "epochs": 20, "kernel_size": 2, "attention_heads": 4}, "parameter_index": 0}',
    index: 0
  },
  placementConstraint: { type: 'None', gpus: [] }
}
[2026-05-18 21:47:56] INFO (LocalV3.local) Created trial ST1iU
[2026-05-18 21:47:58] INFO (LocalV3.local) Trial parameter: ST1iU {"parameter_id": 121, "parameter_source": "algorithm", "parameters": {"model_type": "MLP", "units": 16, "num_layers": 3, "dropout": 0, "activation": "relu", "lr": 0.0022821121584345313, "window_size": 8, "batch_size": 16, "epochs": 20, "kernel_size": 2, "attention_heads": 4}, "parameter_index": 0}
[2026-05-18 21:48:03] INFO (NNIManager) Trial job ST1iU status changed from RUNNING to SUCCEEDED
[2026-05-18 21:48:03] INFO (NNIManager) NNIManager received command from dispatcher: TR, {"parameter_id": 122, "parameter_source": "algorithm", "parameters": {"model_type": "LSTM", "units": 16, "num_layers": 3, "dropout": 0, "activation": "elu", "lr": 0.0016477395604238673, "window_size": 8, "batch_size": 16, "epochs": 20, "kernel_size": 2, "attention_heads": 4}, "parameter_index": 0}
[2026-05-18 21:48:04] INFO (NNIManager) submitTrialJob: form: {
  sequenceId: 122,
  hyperParameters: {
    value: '{"parameter_id": 122, "parameter_source": "algorithm", "parameters": {"model_type": "LSTM", "units": 16, "num_layers": 3, "dropout": 0, "activation": "elu", "lr": 0.0016477395604238673, "window_size": 8, "batch_size": 16, "epochs": 20, "kernel_size": 2, "attention_heads": 4}, "parameter_index": 0}',
    index: 0
  },
  placementConstraint: { type: 'None', gpus: [] }
}
[2026-05-18 21:48:04] INFO (LocalV3.local) Created trial o1dLf
[2026-05-18 21:48:06] INFO (LocalV3.local) Trial parameter: o1dLf {"parameter_id": 122, "parameter_source": "algorithm", "parameters": {"model_type": "LSTM", "units": 16, "num_layers": 3, "dropout": 0, "activation": "elu", "lr": 0.0016477395604238673, "window_size": 8, "batch_size": 16, "epochs": 20, "kernel_size": 2, "attention_heads": 4}, "parameter_index": 0}
[2026-05-18 21:48:25] INFO (NNIManager) Trial job o1dLf status changed from RUNNING to SUCCEEDED
[2026-05-18 21:48:25] INFO (NNIManager) NNIManager received command from dispatcher: TR, {"parameter_id": 123, "parameter_source": "algorithm", "parameters": {"model_type": "MLP", "units": 16, "num_layers": 3, "dropout": 0, "activation": "elu", "lr": 0.0019327030843416355, "window_size": 8, "batch_size": 16, "epochs": 20, "kernel_size": 2, "attention_heads": 4}, "parameter_index": 0}
[2026-05-18 21:48:26] INFO (NNIManager) submitTrialJob: form: {
  sequenceId: 123,
  hyperParameters: {
    value: '{"parameter_id": 123, "parameter_source": "algorithm", "parameters": {"model_type": "MLP", "units": 16, "num_layers": 3, "dropout": 0, "activation": "elu", "lr": 0.0019327030843416355, "window_size": 8, "batch_size": 16, "epochs": 20, "kernel_size": 2, "attention_heads": 4}, "parameter_index": 0}',
    index: 0
  },
  placementConstraint: { type: 'None', gpus: [] }
}
[2026-05-18 21:48:26] INFO (LocalV3.local) Created trial qzzIY
[2026-05-18 21:48:28] INFO (LocalV3.local) Trial parameter: qzzIY {"parameter_id": 123, "parameter_source": "algorithm", "parameters": {"model_type": "MLP", "units": 16, "num_layers": 3, "dropout": 0, "activation": "elu", "lr": 0.0019327030843416355, "window_size": 8, "batch_size": 16, "epochs": 20, "kernel_size": 2, "attention_heads": 4}, "parameter_index": 0}
[2026-05-18 21:48:33] INFO (NNIManager) Trial job qzzIY status changed from RUNNING to SUCCEEDED
[2026-05-18 21:48:33] INFO (NNIManager) NNIManager received command from dispatcher: TR, {"parameter_id": 124, "parameter_source": "algorithm", "parameters": {"model_type": "MLP", "units": 16, "num_layers": 3, "dropout": 0, "activation": "relu", "lr": 0.00233574950513112, "window_size": 8, "batch_size": 16, "epochs": 20, "kernel_size": 5, "attention_heads": 4}, "parameter_index": 0}
[2026-05-18 21:48:34] INFO (NNIManager) submitTrialJob: form: {
  sequenceId: 124,
  hyperParameters: {
    value: '{"parameter_id": 124, "parameter_source": "algorithm", "parameters": {"model_type": "MLP", "units": 16, "num_layers": 3, "dropout": 0, "activation": "relu", "lr": 0.00233574950513112, "window_size": 8, "batch_size": 16, "epochs": 20, "kernel_size": 5, "attention_heads": 4}, "parameter_index": 0}',
    index: 0
  },
  placementConstraint: { type: 'None', gpus: [] }
}
[2026-05-18 21:48:34] INFO (LocalV3.local) Created trial A1VVU
[2026-05-18 21:48:35] INFO (LocalV3.local) Trial parameter: A1VVU {"parameter_id": 124, "parameter_source": "algorithm", "parameters": {"model_type": "MLP", "units": 16, "num_layers": 3, "dropout": 0, "activation": "relu", "lr": 0.00233574950513112, "window_size": 8, "batch_size": 16, "epochs": 20, "kernel_size": 5, "attention_heads": 4}, "parameter_index": 0}
[2026-05-18 21:48:40] INFO (NNIManager) Trial job A1VVU status changed from RUNNING to SUCCEEDED
[2026-05-18 21:48:40] INFO (NNIManager) NNIManager received command from dispatcher: TR, {"parameter_id": 125, "parameter_source": "algorithm", "parameters": {"model_type": "MLP", "units": 16, "num_layers": 3, "dropout": 0, "activation": "elu", "lr": 0.0022767011529097013, "window_size": 25, "batch_size": 16, "epochs": 20, "kernel_size": 2, "attention_heads": 4}, "parameter_index": 0}
[2026-05-18 21:48:41] INFO (NNIManager) submitTrialJob: form: {
  sequenceId: 125,
  hyperParameters: {
    value: '{"parameter_id": 125, "parameter_source": "algorithm", "parameters": {"model_type": "MLP", "units": 16, "num_layers": 3, "dropout": 0, "activation": "elu", "lr": 0.0022767011529097013, "window_size": 25, "batch_size": 16, "epochs": 20, "kernel_size": 2, "attention_heads": 4}, "parameter_index": 0}',
    index: 0
  },
  placementConstraint: { type: 'None', gpus: [] }
}
[2026-05-18 21:48:41] INFO (LocalV3.local) Created trial UDSeF
[2026-05-18 21:48:42] INFO (LocalV3.local) Trial parameter: UDSeF {"parameter_id": 125, "parameter_source": "algorithm", "parameters": {"model_type": "MLP", "units": 16, "num_layers": 3, "dropout": 0, "activation": "elu", "lr": 0.0022767011529097013, "window_size": 25, "batch_size": 16, "epochs": 20, "kernel_size": 2, "attention_heads": 4}, "parameter_index": 0}
[2026-05-18 21:48:47] INFO (NNIManager) Trial job UDSeF status changed from RUNNING to SUCCEEDED
[2026-05-18 21:48:47] INFO (NNIManager) NNIManager received command from dispatcher: TR, {"parameter_id": 126, "parameter_source": "algorithm", "parameters": {"model_type": "CNN", "units": 16, "num_layers": 3, "dropout": 0, "activation": "elu", "lr": 0.0018375593650809964, "window_size": 8, "batch_size": 16, "epochs": 20, "kernel_size": 2, "attention_heads": 4}, "parameter_index": 0}
[2026-05-18 21:48:48] INFO (NNIManager) submitTrialJob: form: {
  sequenceId: 126,
  hyperParameters: {
    value: '{"parameter_id": 126, "parameter_source": "algorithm", "parameters": {"model_type": "CNN", "units": 16, "num_layers": 3, "dropout": 0, "activation": "elu", "lr": 0.0018375593650809964, "window_size": 8, "batch_size": 16, "epochs": 20, "kernel_size": 2, "attention_heads": 4}, "parameter_index": 0}',
    index: 0
  },
  placementConstraint: { type: 'None', gpus: [] }
}
[2026-05-18 21:48:48] INFO (LocalV3.local) Created trial mv69l
[2026-05-18 21:48:49] INFO (LocalV3.local) Trial parameter: mv69l {"parameter_id": 126, "parameter_source": "algorithm", "parameters": {"model_type": "CNN", "units": 16, "num_layers": 3, "dropout": 0, "activation": "elu", "lr": 0.0018375593650809964, "window_size": 8, "batch_size": 16, "epochs": 20, "kernel_size": 2, "attention_heads": 4}, "parameter_index": 0}
[2026-05-18 21:48:56] INFO (NNIManager) Trial job mv69l status changed from RUNNING to SUCCEEDED
[2026-05-18 21:48:56] INFO (NNIManager) NNIManager received command from dispatcher: TR, {"parameter_id": 127, "parameter_source": "algorithm", "parameters": {"model_type": "MLP", "units": 16, "num_layers": 3, "dropout": 0.1, "activation": "sigmoid", "lr": 0.0018171627516415014, "window_size": 8, "batch_size": 16, "epochs": 15, "kernel_size": 2, "attention_heads": 4}, "parameter_index": 0}
[2026-05-18 21:48:56] INFO (NNIManager) submitTrialJob: form: {
  sequenceId: 127,
  hyperParameters: {
    value: '{"parameter_id": 127, "parameter_source": "algorithm", "parameters": {"model_type": "MLP", "units": 16, "num_layers": 3, "dropout": 0.1, "activation": "sigmoid", "lr": 0.0018171627516415014, "window_size": 8, "batch_size": 16, "epochs": 15, "kernel_size": 2, "attention_heads": 4}, "parameter_index": 0}',
    index: 0
  },
  placementConstraint: { type: 'None', gpus: [] }
}
[2026-05-18 21:48:56] INFO (LocalV3.local) Created trial HcVlz
[2026-05-18 21:48:58] INFO (LocalV3.local) Trial parameter: HcVlz {"parameter_id": 127, "parameter_source": "algorithm", "parameters": {"model_type": "MLP", "units": 16, "num_layers": 3, "dropout": 0.1, "activation": "sigmoid", "lr": 0.0018171627516415014, "window_size": 8, "batch_size": 16, "epochs": 15, "kernel_size": 2, "attention_heads": 4}, "parameter_index": 0}
[2026-05-18 21:49:02] INFO (NNIManager) Trial job HcVlz status changed from RUNNING to SUCCEEDED
[2026-05-18 21:49:02] INFO (NNIManager) NNIManager received command from dispatcher: TR, {"parameter_id": 128, "parameter_source": "algorithm", "parameters": {"model_type": "MLP", "units": 16, "num_layers": 3, "dropout": 0, "activation": "relu", "lr": 0.0022320926468218957, "window_size": 8, "batch_size": 16, "epochs": 20, "kernel_size": 2, "attention_heads": 4}, "parameter_index": 0}
[2026-05-18 21:49:03] INFO (NNIManager) submitTrialJob: form: {
  sequenceId: 128,
  hyperParameters: {
    value: '{"parameter_id": 128, "parameter_source": "algorithm", "parameters": {"model_type": "MLP", "units": 16, "num_layers": 3, "dropout": 0, "activation": "relu", "lr": 0.0022320926468218957, "window_size": 8, "batch_size": 16, "epochs": 20, "kernel_size": 2, "attention_heads": 4}, "parameter_index": 0}',
    index: 0
  },
  placementConstraint: { type: 'None', gpus: [] }
}
[2026-05-18 21:49:03] INFO (LocalV3.local) Created trial MZP8a
[2026-05-18 21:49:05] INFO (LocalV3.local) Trial parameter: MZP8a {"parameter_id": 128, "parameter_source": "algorithm", "parameters": {"model_type": "MLP", "units": 16, "num_layers": 3, "dropout": 0, "activation": "relu", "lr": 0.0022320926468218957, "window_size": 8, "batch_size": 16, "epochs": 20, "kernel_size": 2, "attention_heads": 4}, "parameter_index": 0}
[2026-05-18 21:49:10] INFO (NNIManager) Trial job MZP8a status changed from RUNNING to SUCCEEDED
[2026-05-18 21:49:10] INFO (NNIManager) NNIManager received command from dispatcher: TR, {"parameter_id": 129, "parameter_source": "algorithm", "parameters": {"model_type": "MLP", "units": 16, "num_layers": 3, "dropout": 0, "activation": "relu", "lr": 0.0017745504260362516, "window_size": 25, "batch_size": 16, "epochs": 20, "kernel_size": 2, "attention_heads": 4}, "parameter_index": 0}
[2026-05-18 21:49:11] INFO (NNIManager) submitTrialJob: form: {
  sequenceId: 129,
  hyperParameters: {
    value: '{"parameter_id": 129, "parameter_source": "algorithm", "parameters": {"model_type": "MLP", "units": 16, "num_layers": 3, "dropout": 0, "activation": "relu", "lr": 0.0017745504260362516, "window_size": 25, "batch_size": 16, "epochs": 20, "kernel_size": 2, "attention_heads": 4}, "parameter_index": 0}',
    index: 0
  },
  placementConstraint: { type: 'None', gpus: [] }
}
[2026-05-18 21:49:11] INFO (LocalV3.local) Created trial qnkS7
[2026-05-18 21:49:13] INFO (LocalV3.local) Trial parameter: qnkS7 {"parameter_id": 129, "parameter_source": "algorithm", "parameters": {"model_type": "MLP", "units": 16, "num_layers": 3, "dropout": 0, "activation": "relu", "lr": 0.0017745504260362516, "window_size": 25, "batch_size": 16, "epochs": 20, "kernel_size": 2, "attention_heads": 4}, "parameter_index": 0}
[2026-05-18 21:49:18] INFO (NNIManager) Trial job qnkS7 status changed from RUNNING to SUCCEEDED
[2026-05-18 21:49:18] INFO (NNIManager) NNIManager received command from dispatcher: TR, {"parameter_id": 130, "parameter_source": "algorithm", "parameters": {"model_type": "MLP", "units": 16, "num_layers": 3, "dropout": 0, "activation": "elu", "lr": 0.001717579250582166, "window_size": 8, "batch_size": 16, "epochs": 5, "kernel_size": 2, "attention_heads": 4}, "parameter_index": 0}
[2026-05-18 21:49:18] INFO (NNIManager) submitTrialJob: form: {
  sequenceId: 130,
  hyperParameters: {
    value: '{"parameter_id": 130, "parameter_source": "algorithm", "parameters": {"model_type": "MLP", "units": 16, "num_layers": 3, "dropout": 0, "activation": "elu", "lr": 0.001717579250582166, "window_size": 8, "batch_size": 16, "epochs": 5, "kernel_size": 2, "attention_heads": 4}, "parameter_index": 0}',
    index: 0
  },
  placementConstraint: { type: 'None', gpus: [] }
}
[2026-05-18 21:49:18] INFO (LocalV3.local) Created trial CMgE5
[2026-05-18 21:49:21] INFO (LocalV3.local) Trial parameter: CMgE5 {"parameter_id": 130, "parameter_source": "algorithm", "parameters": {"model_type": "MLP", "units": 16, "num_layers": 3, "dropout": 0, "activation": "elu", "lr": 0.001717579250582166, "window_size": 8, "batch_size": 16, "epochs": 5, "kernel_size": 2, "attention_heads": 4}, "parameter_index": 0}
[2026-05-18 21:49:23] INFO (NNIManager) Trial job CMgE5 status changed from RUNNING to SUCCEEDED
[2026-05-18 21:49:23] INFO (NNIManager) NNIManager received command from dispatcher: TR, {"parameter_id": 131, "parameter_source": "algorithm", "parameters": {"model_type": "MLP", "units": 16, "num_layers": 3, "dropout": 0, "activation": "relu", "lr": 0.0021983721079027506, "window_size": 8, "batch_size": 16, "epochs": 20, "kernel_size": 2, "attention_heads": 4}, "parameter_index": 0}
[2026-05-18 21:49:24] INFO (NNIManager) submitTrialJob: form: {
  sequenceId: 131,
  hyperParameters: {
    value: '{"parameter_id": 131, "parameter_source": "algorithm", "parameters": {"model_type": "MLP", "units": 16, "num_layers": 3, "dropout": 0, "activation": "relu", "lr": 0.0021983721079027506, "window_size": 8, "batch_size": 16, "epochs": 20, "kernel_size": 2, "attention_heads": 4}, "parameter_index": 0}',
    index: 0
  },
  placementConstraint: { type: 'None', gpus: [] }
}
[2026-05-18 21:49:24] INFO (LocalV3.local) Created trial Asr7Z
[2026-05-18 21:49:26] INFO (LocalV3.local) Trial parameter: Asr7Z {"parameter_id": 131, "parameter_source": "algorithm", "parameters": {"model_type": "MLP", "units": 16, "num_layers": 3, "dropout": 0, "activation": "relu", "lr": 0.0021983721079027506, "window_size": 8, "batch_size": 16, "epochs": 20, "kernel_size": 2, "attention_heads": 4}, "parameter_index": 0}
[2026-05-18 21:49:30] INFO (NNIManager) Trial job Asr7Z status changed from RUNNING to SUCCEEDED
[2026-05-18 21:49:30] INFO (NNIManager) NNIManager received command from dispatcher: TR, {"parameter_id": 132, "parameter_source": "algorithm", "parameters": {"model_type": "MLP", "units": 16, "num_layers": 3, "dropout": 0, "activation": "relu", "lr": 0.0017043207818930304, "window_size": 8, "batch_size": 16, "epochs": 20, "kernel_size": 2, "attention_heads": 4}, "parameter_index": 0}
[2026-05-18 21:49:31] INFO (NNIManager) submitTrialJob: form: {
  sequenceId: 132,
  hyperParameters: {
    value: '{"parameter_id": 132, "parameter_source": "algorithm", "parameters": {"model_type": "MLP", "units": 16, "num_layers": 3, "dropout": 0, "activation": "relu", "lr": 0.0017043207818930304, "window_size": 8, "batch_size": 16, "epochs": 20, "kernel_size": 2, "attention_heads": 4}, "parameter_index": 0}',
    index: 0
  },
  placementConstraint: { type: 'None', gpus: [] }
}
[2026-05-18 21:49:31] INFO (LocalV3.local) Created trial eM82p
[2026-05-18 21:49:33] INFO (LocalV3.local) Trial parameter: eM82p {"parameter_id": 132, "parameter_source": "algorithm", "parameters": {"model_type": "MLP", "units": 16, "num_layers": 3, "dropout": 0, "activation": "relu", "lr": 0.0017043207818930304, "window_size": 8, "batch_size": 16, "epochs": 20, "kernel_size": 2, "attention_heads": 4}, "parameter_index": 0}
[2026-05-18 21:49:37] INFO (NNIManager) Trial job eM82p status changed from RUNNING to SUCCEEDED
[2026-05-18 21:49:37] INFO (NNIManager) NNIManager received command from dispatcher: TR, {"parameter_id": 133, "parameter_source": "algorithm", "parameters": {"model_type": "MLP", "units": 128, "num_layers": 3, "dropout": 0, "activation": "relu", "lr": 0.0021529459450920774, "window_size": 15, "batch_size": 16, "epochs": 20, "kernel_size": 2, "attention_heads": 4}, "parameter_index": 0}
[2026-05-18 21:49:38] INFO (NNIManager) submitTrialJob: form: {
  sequenceId: 133,
  hyperParameters: {
    value: '{"parameter_id": 133, "parameter_source": "algorithm", "parameters": {"model_type": "MLP", "units": 128, "num_layers": 3, "dropout": 0, "activation": "relu", "lr": 0.0021529459450920774, "window_size": 15, "batch_size": 16, "epochs": 20, "kernel_size": 2, "attention_heads": 4}, "parameter_index": 0}',
    index: 0
  },
  placementConstraint: { type: 'None', gpus: [] }
}
[2026-05-18 21:49:38] INFO (LocalV3.local) Created trial lzr6e
[2026-05-18 21:49:40] INFO (LocalV3.local) Trial parameter: lzr6e {"parameter_id": 133, "parameter_source": "algorithm", "parameters": {"model_type": "MLP", "units": 128, "num_layers": 3, "dropout": 0, "activation": "relu", "lr": 0.0021529459450920774, "window_size": 15, "batch_size": 16, "epochs": 20, "kernel_size": 2, "attention_heads": 4}, "parameter_index": 0}
[2026-05-18 21:49:45] INFO (NNIManager) Trial job lzr6e status changed from RUNNING to SUCCEEDED
[2026-05-18 21:49:45] INFO (NNIManager) NNIManager received command from dispatcher: TR, {"parameter_id": 134, "parameter_source": "algorithm", "parameters": {"model_type": "MLP", "units": 16, "num_layers": 3, "dropout": 0, "activation": "elu", "lr": 0.001549809449689965, "window_size": 8, "batch_size": 16, "epochs": 20, "kernel_size": 2, "attention_heads": 4}, "parameter_index": 0}
[2026-05-18 21:49:45] INFO (NNIManager) submitTrialJob: form: {
  sequenceId: 134,
  hyperParameters: {
    value: '{"parameter_id": 134, "parameter_source": "algorithm", "parameters": {"model_type": "MLP", "units": 16, "num_layers": 3, "dropout": 0, "activation": "elu", "lr": 0.001549809449689965, "window_size": 8, "batch_size": 16, "epochs": 20, "kernel_size": 2, "attention_heads": 4}, "parameter_index": 0}',
    index: 0
  },
  placementConstraint: { type: 'None', gpus: [] }
}
[2026-05-18 21:49:45] INFO (LocalV3.local) Created trial oF9qP
[2026-05-18 21:49:47] INFO (LocalV3.local) Trial parameter: oF9qP {"parameter_id": 134, "parameter_source": "algorithm", "parameters": {"model_type": "MLP", "units": 16, "num_layers": 3, "dropout": 0, "activation": "elu", "lr": 0.001549809449689965, "window_size": 8, "batch_size": 16, "epochs": 20, "kernel_size": 2, "attention_heads": 4}, "parameter_index": 0}
[2026-05-18 21:49:52] INFO (NNIManager) Trial job oF9qP status changed from RUNNING to SUCCEEDED
[2026-05-18 21:49:52] INFO (NNIManager) NNIManager received command from dispatcher: TR, {"parameter_id": 135, "parameter_source": "algorithm", "parameters": {"model_type": "MLP", "units": 16, "num_layers": 3, "dropout": 0.1, "activation": "relu", "lr": 0.0016812386887017944, "window_size": 8, "batch_size": 16, "epochs": 15, "kernel_size": 2, "attention_heads": 4}, "parameter_index": 0}
[2026-05-18 21:49:53] INFO (NNIManager) submitTrialJob: form: {
  sequenceId: 135,
  hyperParameters: {
    value: '{"parameter_id": 135, "parameter_source": "algorithm", "parameters": {"model_type": "MLP", "units": 16, "num_layers": 3, "dropout": 0.1, "activation": "relu", "lr": 0.0016812386887017944, "window_size": 8, "batch_size": 16, "epochs": 15, "kernel_size": 2, "attention_heads": 4}, "parameter_index": 0}',
    index: 0
  },
  placementConstraint: { type: 'None', gpus: [] }
}
[2026-05-18 21:49:53] INFO (LocalV3.local) Created trial Crs0B
[2026-05-18 21:49:55] INFO (LocalV3.local) Trial parameter: Crs0B {"parameter_id": 135, "parameter_source": "algorithm", "parameters": {"model_type": "MLP", "units": 16, "num_layers": 3, "dropout": 0.1, "activation": "relu", "lr": 0.0016812386887017944, "window_size": 8, "batch_size": 16, "epochs": 15, "kernel_size": 2, "attention_heads": 4}, "parameter_index": 0}
[2026-05-18 21:49:59] INFO (NNIManager) Trial job Crs0B status changed from RUNNING to SUCCEEDED
[2026-05-18 21:49:59] INFO (NNIManager) NNIManager received command from dispatcher: TR, {"parameter_id": 136, "parameter_source": "algorithm", "parameters": {"model_type": "MLP", "units": 16, "num_layers": 3, "dropout": 0, "activation": "elu", "lr": 0.0018985212566865325, "window_size": 8, "batch_size": 16, "epochs": 20, "kernel_size": 2, "attention_heads": 4}, "parameter_index": 0}
[2026-05-18 21:50:00] INFO (NNIManager) submitTrialJob: form: {
  sequenceId: 136,
  hyperParameters: {
    value: '{"parameter_id": 136, "parameter_source": "algorithm", "parameters": {"model_type": "MLP", "units": 16, "num_layers": 3, "dropout": 0, "activation": "elu", "lr": 0.0018985212566865325, "window_size": 8, "batch_size": 16, "epochs": 20, "kernel_size": 2, "attention_heads": 4}, "parameter_index": 0}',
    index: 0
  },
  placementConstraint: { type: 'None', gpus: [] }
}
[2026-05-18 21:50:00] INFO (LocalV3.local) Created trial eGy2F
[2026-05-18 21:50:02] INFO (LocalV3.local) Trial parameter: eGy2F {"parameter_id": 136, "parameter_source": "algorithm", "parameters": {"model_type": "MLP", "units": 16, "num_layers": 3, "dropout": 0, "activation": "elu", "lr": 0.0018985212566865325, "window_size": 8, "batch_size": 16, "epochs": 20, "kernel_size": 2, "attention_heads": 4}, "parameter_index": 0}
[2026-05-18 21:50:06] INFO (NNIManager) Trial job eGy2F status changed from RUNNING to SUCCEEDED
[2026-05-18 21:50:06] INFO (NNIManager) NNIManager received command from dispatcher: TR, {"parameter_id": 137, "parameter_source": "algorithm", "parameters": {"model_type": "MLP", "units": 16, "num_layers": 3, "dropout": 0, "activation": "elu", "lr": 0.001660322766744816, "window_size": 8, "batch_size": 16, "epochs": 20, "kernel_size": 2, "attention_heads": 4}, "parameter_index": 0}
[2026-05-18 21:50:07] INFO (NNIManager) submitTrialJob: form: {
  sequenceId: 137,
  hyperParameters: {
    value: '{"parameter_id": 137, "parameter_source": "algorithm", "parameters": {"model_type": "MLP", "units": 16, "num_layers": 3, "dropout": 0, "activation": "elu", "lr": 0.001660322766744816, "window_size": 8, "batch_size": 16, "epochs": 20, "kernel_size": 2, "attention_heads": 4}, "parameter_index": 0}',
    index: 0
  },
  placementConstraint: { type: 'None', gpus: [] }
}
[2026-05-18 21:50:07] INFO (LocalV3.local) Created trial F2kdT
[2026-05-18 21:50:09] INFO (LocalV3.local) Trial parameter: F2kdT {"parameter_id": 137, "parameter_source": "algorithm", "parameters": {"model_type": "MLP", "units": 16, "num_layers": 3, "dropout": 0, "activation": "elu", "lr": 0.001660322766744816, "window_size": 8, "batch_size": 16, "epochs": 20, "kernel_size": 2, "attention_heads": 4}, "parameter_index": 0}
[2026-05-18 21:50:13] INFO (NNIManager) Trial job F2kdT status changed from RUNNING to SUCCEEDED
[2026-05-18 21:50:13] INFO (NNIManager) NNIManager received command from dispatcher: TR, {"parameter_id": 138, "parameter_source": "algorithm", "parameters": {"model_type": "MLP", "units": 16, "num_layers": 3, "dropout": 0, "activation": "relu", "lr": 0.002194762419647595, "window_size": 8, "batch_size": 16, "epochs": 20, "kernel_size": 2, "attention_heads": 4}, "parameter_index": 0}
[2026-05-18 21:50:14] INFO (NNIManager) submitTrialJob: form: {
  sequenceId: 138,
  hyperParameters: {
    value: '{"parameter_id": 138, "parameter_source": "algorithm", "parameters": {"model_type": "MLP", "units": 16, "num_layers": 3, "dropout": 0, "activation": "relu", "lr": 0.002194762419647595, "window_size": 8, "batch_size": 16, "epochs": 20, "kernel_size": 2, "attention_heads": 4}, "parameter_index": 0}',
    index: 0
  },
  placementConstraint: { type: 'None', gpus: [] }
}
[2026-05-18 21:50:14] INFO (LocalV3.local) Created trial QeDJu
[2026-05-18 21:50:16] INFO (LocalV3.local) Trial parameter: QeDJu {"parameter_id": 138, "parameter_source": "algorithm", "parameters": {"model_type": "MLP", "units": 16, "num_layers": 3, "dropout": 0, "activation": "relu", "lr": 0.002194762419647595, "window_size": 8, "batch_size": 16, "epochs": 20, "kernel_size": 2, "attention_heads": 4}, "parameter_index": 0}
[2026-05-18 21:50:22] INFO (NNIManager) Trial job QeDJu status changed from RUNNING to SUCCEEDED
[2026-05-18 21:50:22] INFO (NNIManager) NNIManager received command from dispatcher: TR, {"parameter_id": 139, "parameter_source": "algorithm", "parameters": {"model_type": "MLP", "units": 32, "num_layers": 3, "dropout": 0, "activation": "relu", "lr": 0.0018728038995816574, "window_size": 8, "batch_size": 16, "epochs": 20, "kernel_size": 2, "attention_heads": 4}, "parameter_index": 0}
[2026-05-18 21:50:22] INFO (NNIManager) submitTrialJob: form: {
  sequenceId: 139,
  hyperParameters: {
    value: '{"parameter_id": 139, "parameter_source": "algorithm", "parameters": {"model_type": "MLP", "units": 32, "num_layers": 3, "dropout": 0, "activation": "relu", "lr": 0.0018728038995816574, "window_size": 8, "batch_size": 16, "epochs": 20, "kernel_size": 2, "attention_heads": 4}, "parameter_index": 0}',
    index: 0
  },
  placementConstraint: { type: 'None', gpus: [] }
}
[2026-05-18 21:50:22] INFO (LocalV3.local) Created trial u0HIg
[2026-05-18 21:50:24] INFO (LocalV3.local) Trial parameter: u0HIg {"parameter_id": 139, "parameter_source": "algorithm", "parameters": {"model_type": "MLP", "units": 32, "num_layers": 3, "dropout": 0, "activation": "relu", "lr": 0.0018728038995816574, "window_size": 8, "batch_size": 16, "epochs": 20, "kernel_size": 2, "attention_heads": 4}, "parameter_index": 0}
[2026-05-18 21:50:29] INFO (NNIManager) Trial job u0HIg status changed from RUNNING to SUCCEEDED
[2026-05-18 21:50:29] INFO (NNIManager) NNIManager received command from dispatcher: TR, {"parameter_id": 140, "parameter_source": "algorithm", "parameters": {"model_type": "MLP", "units": 16, "num_layers": 3, "dropout": 0, "activation": "relu", "lr": 0.002047532291923398, "window_size": 8, "batch_size": 16, "epochs": 20, "kernel_size": 2, "attention_heads": 4}, "parameter_index": 0}
[2026-05-18 21:50:30] INFO (NNIManager) submitTrialJob: form: {
  sequenceId: 140,
  hyperParameters: {
    value: '{"parameter_id": 140, "parameter_source": "algorithm", "parameters": {"model_type": "MLP", "units": 16, "num_layers": 3, "dropout": 0, "activation": "relu", "lr": 0.002047532291923398, "window_size": 8, "batch_size": 16, "epochs": 20, "kernel_size": 2, "attention_heads": 4}, "parameter_index": 0}',
    index: 0
  },
  placementConstraint: { type: 'None', gpus: [] }
}
[2026-05-18 21:50:30] INFO (LocalV3.local) Created trial etZrL
[2026-05-18 21:50:32] INFO (LocalV3.local) Trial parameter: etZrL {"parameter_id": 140, "parameter_source": "algorithm", "parameters": {"model_type": "MLP", "units": 16, "num_layers": 3, "dropout": 0, "activation": "relu", "lr": 0.002047532291923398, "window_size": 8, "batch_size": 16, "epochs": 20, "kernel_size": 2, "attention_heads": 4}, "parameter_index": 0}
[2026-05-18 21:50:37] INFO (NNIManager) Trial job etZrL status changed from RUNNING to SUCCEEDED
[2026-05-18 21:50:37] INFO (NNIManager) NNIManager received command from dispatcher: TR, {"parameter_id": 141, "parameter_source": "algorithm", "parameters": {"model_type": "MLP", "units": 256, "num_layers": 3, "dropout": 0, "activation": "elu", "lr": 0.001985128955399617, "window_size": 8, "batch_size": 16, "epochs": 20, "kernel_size": 2, "attention_heads": 4}, "parameter_index": 0}
[2026-05-18 21:50:38] INFO (NNIManager) submitTrialJob: form: {
  sequenceId: 141,
  hyperParameters: {
    value: '{"parameter_id": 141, "parameter_source": "algorithm", "parameters": {"model_type": "MLP", "units": 256, "num_layers": 3, "dropout": 0, "activation": "elu", "lr": 0.001985128955399617, "window_size": 8, "batch_size": 16, "epochs": 20, "kernel_size": 2, "attention_heads": 4}, "parameter_index": 0}',
    index: 0
  },
  placementConstraint: { type: 'None', gpus: [] }
}
[2026-05-18 21:50:38] INFO (LocalV3.local) Created trial dZf3z
[2026-05-18 21:50:39] INFO (LocalV3.local) Trial parameter: dZf3z {"parameter_id": 141, "parameter_source": "algorithm", "parameters": {"model_type": "MLP", "units": 256, "num_layers": 3, "dropout": 0, "activation": "elu", "lr": 0.001985128955399617, "window_size": 8, "batch_size": 16, "epochs": 20, "kernel_size": 2, "attention_heads": 4}, "parameter_index": 0}
[2026-05-18 21:50:46] INFO (NNIManager) Trial job dZf3z status changed from RUNNING to SUCCEEDED
[2026-05-18 21:50:46] INFO (NNIManager) NNIManager received command from dispatcher: TR, {"parameter_id": 142, "parameter_source": "algorithm", "parameters": {"model_type": "MLP", "units": 16, "num_layers": 3, "dropout": 0, "activation": "elu", "lr": 0.0019425411853504421, "window_size": 8, "batch_size": 16, "epochs": 20, "kernel_size": 2, "attention_heads": 4}, "parameter_index": 0}
[2026-05-18 21:50:46] INFO (NNIManager) submitTrialJob: form: {
  sequenceId: 142,
  hyperParameters: {
    value: '{"parameter_id": 142, "parameter_source": "algorithm", "parameters": {"model_type": "MLP", "units": 16, "num_layers": 3, "dropout": 0, "activation": "elu", "lr": 0.0019425411853504421, "window_size": 8, "batch_size": 16, "epochs": 20, "kernel_size": 2, "attention_heads": 4}, "parameter_index": 0}',
    index: 0
  },
  placementConstraint: { type: 'None', gpus: [] }
}
[2026-05-18 21:50:46] INFO (LocalV3.local) Created trial pvFr1
[2026-05-18 21:50:48] INFO (LocalV3.local) Trial parameter: pvFr1 {"parameter_id": 142, "parameter_source": "algorithm", "parameters": {"model_type": "MLP", "units": 16, "num_layers": 3, "dropout": 0, "activation": "elu", "lr": 0.0019425411853504421, "window_size": 8, "batch_size": 16, "epochs": 20, "kernel_size": 2, "attention_heads": 4}, "parameter_index": 0}
[2026-05-18 21:50:52] INFO (NNIManager) Trial job pvFr1 status changed from RUNNING to SUCCEEDED
[2026-05-18 21:50:52] INFO (NNIManager) NNIManager received command from dispatcher: TR, {"parameter_id": 143, "parameter_source": "algorithm", "parameters": {"model_type": "MLP", "units": 16, "num_layers": 3, "dropout": 0, "activation": "relu", "lr": 0.0017892289225470673, "window_size": 8, "batch_size": 16, "epochs": 20, "kernel_size": 2, "attention_heads": 4}, "parameter_index": 0}
[2026-05-18 21:50:53] INFO (NNIManager) submitTrialJob: form: {
  sequenceId: 143,
  hyperParameters: {
    value: '{"parameter_id": 143, "parameter_source": "algorithm", "parameters": {"model_type": "MLP", "units": 16, "num_layers": 3, "dropout": 0, "activation": "relu", "lr": 0.0017892289225470673, "window_size": 8, "batch_size": 16, "epochs": 20, "kernel_size": 2, "attention_heads": 4}, "parameter_index": 0}',
    index: 0
  },
  placementConstraint: { type: 'None', gpus: [] }
}
[2026-05-18 21:50:53] INFO (LocalV3.local) Created trial EjVD2
[2026-05-18 21:50:55] INFO (LocalV3.local) Trial parameter: EjVD2 {"parameter_id": 143, "parameter_source": "algorithm", "parameters": {"model_type": "MLP", "units": 16, "num_layers": 3, "dropout": 0, "activation": "relu", "lr": 0.0017892289225470673, "window_size": 8, "batch_size": 16, "epochs": 20, "kernel_size": 2, "attention_heads": 4}, "parameter_index": 0}
[2026-05-18 21:51:00] INFO (NNIManager) Trial job EjVD2 status changed from RUNNING to SUCCEEDED
[2026-05-18 21:51:00] INFO (NNIManager) NNIManager received command from dispatcher: TR, {"parameter_id": 144, "parameter_source": "algorithm", "parameters": {"model_type": "MLP", "units": 16, "num_layers": 3, "dropout": 0.5, "activation": "elu", "lr": 0.0017169263225830125, "window_size": 8, "batch_size": 16, "epochs": 20, "kernel_size": 2, "attention_heads": 4}, "parameter_index": 0}
[2026-05-18 21:51:00] INFO (NNIManager) submitTrialJob: form: {
  sequenceId: 144,
  hyperParameters: {
    value: '{"parameter_id": 144, "parameter_source": "algorithm", "parameters": {"model_type": "MLP", "units": 16, "num_layers": 3, "dropout": 0.5, "activation": "elu", "lr": 0.0017169263225830125, "window_size": 8, "batch_size": 16, "epochs": 20, "kernel_size": 2, "attention_heads": 4}, "parameter_index": 0}',
    index: 0
  },
  placementConstraint: { type: 'None', gpus: [] }
}
[2026-05-18 21:51:00] INFO (LocalV3.local) Created trial ZvNzD
[2026-05-18 21:51:02] INFO (LocalV3.local) Trial parameter: ZvNzD {"parameter_id": 144, "parameter_source": "algorithm", "parameters": {"model_type": "MLP", "units": 16, "num_layers": 3, "dropout": 0.5, "activation": "elu", "lr": 0.0017169263225830125, "window_size": 8, "batch_size": 16, "epochs": 20, "kernel_size": 2, "attention_heads": 4}, "parameter_index": 0}
[2026-05-18 21:51:08] INFO (NNIManager) Trial job ZvNzD status changed from RUNNING to SUCCEEDED
[2026-05-18 21:51:08] INFO (NNIManager) NNIManager received command from dispatcher: TR, {"parameter_id": 145, "parameter_source": "algorithm", "parameters": {"model_type": "MLP", "units": 32, "num_layers": 3, "dropout": 0, "activation": "relu", "lr": 0.0019019784231349675, "window_size": 8, "batch_size": 128, "epochs": 20, "kernel_size": 2, "attention_heads": 4}, "parameter_index": 0}
[2026-05-18 21:51:09] INFO (NNIManager) submitTrialJob: form: {
  sequenceId: 145,
  hyperParameters: {
    value: '{"parameter_id": 145, "parameter_source": "algorithm", "parameters": {"model_type": "MLP", "units": 32, "num_layers": 3, "dropout": 0, "activation": "relu", "lr": 0.0019019784231349675, "window_size": 8, "batch_size": 128, "epochs": 20, "kernel_size": 2, "attention_heads": 4}, "parameter_index": 0}',
    index: 0
  },
  placementConstraint: { type: 'None', gpus: [] }
}
[2026-05-18 21:51:09] INFO (LocalV3.local) Created trial Ug13G
[2026-05-18 21:51:11] INFO (LocalV3.local) Trial parameter: Ug13G {"parameter_id": 145, "parameter_source": "algorithm", "parameters": {"model_type": "MLP", "units": 32, "num_layers": 3, "dropout": 0, "activation": "relu", "lr": 0.0019019784231349675, "window_size": 8, "batch_size": 128, "epochs": 20, "kernel_size": 2, "attention_heads": 4}, "parameter_index": 0}
[2026-05-18 21:51:15] INFO (NNIManager) Trial job Ug13G status changed from RUNNING to SUCCEEDED
[2026-05-18 21:51:15] INFO (NNIManager) NNIManager received command from dispatcher: TR, {"parameter_id": 146, "parameter_source": "algorithm", "parameters": {"model_type": "MLP", "units": 16, "num_layers": 3, "dropout": 0, "activation": "relu", "lr": 0.0022795594143550767, "window_size": 8, "batch_size": 16, "epochs": 20, "kernel_size": 2, "attention_heads": 4}, "parameter_index": 0}
[2026-05-18 21:51:15] INFO (NNIManager) submitTrialJob: form: {
  sequenceId: 146,
  hyperParameters: {
    value: '{"parameter_id": 146, "parameter_source": "algorithm", "parameters": {"model_type": "MLP", "units": 16, "num_layers": 3, "dropout": 0, "activation": "relu", "lr": 0.0022795594143550767, "window_size": 8, "batch_size": 16, "epochs": 20, "kernel_size": 2, "attention_heads": 4}, "parameter_index": 0}',
    index: 0
  },
  placementConstraint: { type: 'None', gpus: [] }
}
[2026-05-18 21:51:15] INFO (LocalV3.local) Created trial SaaBP
[2026-05-18 21:51:18] INFO (LocalV3.local) Trial parameter: SaaBP {"parameter_id": 146, "parameter_source": "algorithm", "parameters": {"model_type": "MLP", "units": 16, "num_layers": 3, "dropout": 0, "activation": "relu", "lr": 0.0022795594143550767, "window_size": 8, "batch_size": 16, "epochs": 20, "kernel_size": 2, "attention_heads": 4}, "parameter_index": 0}
[2026-05-18 21:51:23] INFO (NNIManager) Trial job SaaBP status changed from RUNNING to SUCCEEDED
[2026-05-18 21:51:23] INFO (NNIManager) NNIManager received command from dispatcher: TR, {"parameter_id": 147, "parameter_source": "algorithm", "parameters": {"model_type": "MLP", "units": 16, "num_layers": 3, "dropout": 0, "activation": "elu", "lr": 0.0017172622103245896, "window_size": 8, "batch_size": 16, "epochs": 20, "kernel_size": 5, "attention_heads": 8}, "parameter_index": 0}
[2026-05-18 21:51:23] INFO (NNIManager) submitTrialJob: form: {
  sequenceId: 147,
  hyperParameters: {
    value: '{"parameter_id": 147, "parameter_source": "algorithm", "parameters": {"model_type": "MLP", "units": 16, "num_layers": 3, "dropout": 0, "activation": "elu", "lr": 0.0017172622103245896, "window_size": 8, "batch_size": 16, "epochs": 20, "kernel_size": 5, "attention_heads": 8}, "parameter_index": 0}',
    index: 0
  },
  placementConstraint: { type: 'None', gpus: [] }
}
[2026-05-18 21:51:23] INFO (LocalV3.local) Created trial wy1KZ
[2026-05-18 21:51:25] INFO (LocalV3.local) Trial parameter: wy1KZ {"parameter_id": 147, "parameter_source": "algorithm", "parameters": {"model_type": "MLP", "units": 16, "num_layers": 3, "dropout": 0, "activation": "elu", "lr": 0.0017172622103245896, "window_size": 8, "batch_size": 16, "epochs": 20, "kernel_size": 5, "attention_heads": 8}, "parameter_index": 0}
[2026-05-18 21:51:31] INFO (NNIManager) Trial job wy1KZ status changed from RUNNING to SUCCEEDED
[2026-05-18 21:51:31] INFO (NNIManager) NNIManager received command from dispatcher: TR, {"parameter_id": 148, "parameter_source": "algorithm", "parameters": {"model_type": "MLP", "units": 16, "num_layers": 3, "dropout": 0, "activation": "elu", "lr": 0.00178062139760881, "window_size": 8, "batch_size": 16, "epochs": 20, "kernel_size": 2, "attention_heads": 4}, "parameter_index": 0}
[2026-05-18 21:51:31] INFO (NNIManager) submitTrialJob: form: {
  sequenceId: 148,
  hyperParameters: {
    value: '{"parameter_id": 148, "parameter_source": "algorithm", "parameters": {"model_type": "MLP", "units": 16, "num_layers": 3, "dropout": 0, "activation": "elu", "lr": 0.00178062139760881, "window_size": 8, "batch_size": 16, "epochs": 20, "kernel_size": 2, "attention_heads": 4}, "parameter_index": 0}',
    index: 0
  },
  placementConstraint: { type: 'None', gpus: [] }
}
[2026-05-18 21:51:31] INFO (LocalV3.local) Created trial g0qz1
[2026-05-18 21:51:33] INFO (LocalV3.local) Trial parameter: g0qz1 {"parameter_id": 148, "parameter_source": "algorithm", "parameters": {"model_type": "MLP", "units": 16, "num_layers": 3, "dropout": 0, "activation": "elu", "lr": 0.00178062139760881, "window_size": 8, "batch_size": 16, "epochs": 20, "kernel_size": 2, "attention_heads": 4}, "parameter_index": 0}
[2026-05-18 21:51:39] INFO (NNIManager) Trial job g0qz1 status changed from RUNNING to SUCCEEDED
[2026-05-18 21:51:39] INFO (NNIManager) NNIManager received command from dispatcher: TR, {"parameter_id": 149, "parameter_source": "algorithm", "parameters": {"model_type": "MLP", "units": 16, "num_layers": 3, "dropout": 0, "activation": "relu", "lr": 0.0020129200099462787, "window_size": 8, "batch_size": 16, "epochs": 20, "kernel_size": 2, "attention_heads": 4}, "parameter_index": 0}
[2026-05-18 21:51:39] INFO (NNIManager) submitTrialJob: form: {
  sequenceId: 149,
  hyperParameters: {
    value: '{"parameter_id": 149, "parameter_source": "algorithm", "parameters": {"model_type": "MLP", "units": 16, "num_layers": 3, "dropout": 0, "activation": "relu", "lr": 0.0020129200099462787, "window_size": 8, "batch_size": 16, "epochs": 20, "kernel_size": 2, "attention_heads": 4}, "parameter_index": 0}',
    index: 0
  },
  placementConstraint: { type: 'None', gpus: [] }
}
[2026-05-18 21:51:39] INFO (LocalV3.local) Created trial w4HHK
[2026-05-18 21:51:41] INFO (LocalV3.local) Trial parameter: w4HHK {"parameter_id": 149, "parameter_source": "algorithm", "parameters": {"model_type": "MLP", "units": 16, "num_layers": 3, "dropout": 0, "activation": "relu", "lr": 0.0020129200099462787, "window_size": 8, "batch_size": 16, "epochs": 20, "kernel_size": 2, "attention_heads": 4}, "parameter_index": 0}
[2026-05-18 21:51:45] INFO (NNIManager) Trial job w4HHK status changed from RUNNING to SUCCEEDED
[2026-05-18 21:51:45] INFO (NNIManager) NNIManager received command from dispatcher: TR, {"parameter_id": 150, "parameter_source": "algorithm", "parameters": {"model_type": "MLP", "units": 16, "num_layers": 3, "dropout": 0.1, "activation": "relu", "lr": 0.0022260497339055404, "window_size": 8, "batch_size": 16, "epochs": 15, "kernel_size": 2, "attention_heads": 4}, "parameter_index": 0}
[2026-05-18 21:51:46] INFO (NNIManager) submitTrialJob: form: {
  sequenceId: 150,
  hyperParameters: {
    value: '{"parameter_id": 150, "parameter_source": "algorithm", "parameters": {"model_type": "MLP", "units": 16, "num_layers": 3, "dropout": 0.1, "activation": "relu", "lr": 0.0022260497339055404, "window_size": 8, "batch_size": 16, "epochs": 15, "kernel_size": 2, "attention_heads": 4}, "parameter_index": 0}',
    index: 0
  },
  placementConstraint: { type: 'None', gpus: [] }
}
[2026-05-18 21:51:46] INFO (LocalV3.local) Created trial v99Nt
[2026-05-18 21:51:48] INFO (LocalV3.local) Trial parameter: v99Nt {"parameter_id": 150, "parameter_source": "algorithm", "parameters": {"model_type": "MLP", "units": 16, "num_layers": 3, "dropout": 0.1, "activation": "relu", "lr": 0.0022260497339055404, "window_size": 8, "batch_size": 16, "epochs": 15, "kernel_size": 2, "attention_heads": 4}, "parameter_index": 0}
[2026-05-18 21:51:53] INFO (NNIManager) Trial job v99Nt status changed from RUNNING to SUCCEEDED
[2026-05-18 21:51:53] INFO (NNIManager) NNIManager received command from dispatcher: TR, {"parameter_id": 151, "parameter_source": "algorithm", "parameters": {"model_type": "MLP", "units": 32, "num_layers": 3, "dropout": 0, "activation": "elu", "lr": 0.0019980228347357865, "window_size": 8, "batch_size": 16, "epochs": 20, "kernel_size": 2, "attention_heads": 4}, "parameter_index": 0}
[2026-05-18 21:51:53] INFO (NNIManager) submitTrialJob: form: {
  sequenceId: 151,
  hyperParameters: {
    value: '{"parameter_id": 151, "parameter_source": "algorithm", "parameters": {"model_type": "MLP", "units": 32, "num_layers": 3, "dropout": 0, "activation": "elu", "lr": 0.0019980228347357865, "window_size": 8, "batch_size": 16, "epochs": 20, "kernel_size": 2, "attention_heads": 4}, "parameter_index": 0}',
    index: 0
  },
  placementConstraint: { type: 'None', gpus: [] }
}
[2026-05-18 21:51:53] INFO (LocalV3.local) Created trial nME1A
[2026-05-18 21:51:56] INFO (LocalV3.local) Trial parameter: nME1A {"parameter_id": 151, "parameter_source": "algorithm", "parameters": {"model_type": "MLP", "units": 32, "num_layers": 3, "dropout": 0, "activation": "elu", "lr": 0.0019980228347357865, "window_size": 8, "batch_size": 16, "epochs": 20, "kernel_size": 2, "attention_heads": 4}, "parameter_index": 0}
[2026-05-18 21:52:01] INFO (NNIManager) Trial job nME1A status changed from RUNNING to SUCCEEDED
[2026-05-18 21:52:01] INFO (NNIManager) NNIManager received command from dispatcher: TR, {"parameter_id": 152, "parameter_source": "algorithm", "parameters": {"model_type": "MLP", "units": 16, "num_layers": 3, "dropout": 0, "activation": "relu", "lr": 0.0016940372556025311, "window_size": 8, "batch_size": 16, "epochs": 20, "kernel_size": 2, "attention_heads": 2}, "parameter_index": 0}
[2026-05-18 21:52:01] INFO (NNIManager) submitTrialJob: form: {
  sequenceId: 152,
  hyperParameters: {
    value: '{"parameter_id": 152, "parameter_source": "algorithm", "parameters": {"model_type": "MLP", "units": 16, "num_layers": 3, "dropout": 0, "activation": "relu", "lr": 0.0016940372556025311, "window_size": 8, "batch_size": 16, "epochs": 20, "kernel_size": 2, "attention_heads": 2}, "parameter_index": 0}',
    index: 0
  },
  placementConstraint: { type: 'None', gpus: [] }
}
[2026-05-18 21:52:01] INFO (LocalV3.local) Created trial SyL0v
[2026-05-18 21:52:04] INFO (LocalV3.local) Trial parameter: SyL0v {"parameter_id": 152, "parameter_source": "algorithm", "parameters": {"model_type": "MLP", "units": 16, "num_layers": 3, "dropout": 0, "activation": "relu", "lr": 0.0016940372556025311, "window_size": 8, "batch_size": 16, "epochs": 20, "kernel_size": 2, "attention_heads": 2}, "parameter_index": 0}
[2026-05-18 21:52:09] INFO (NNIManager) Trial job SyL0v status changed from RUNNING to SUCCEEDED
[2026-05-18 21:52:09] INFO (NNIManager) NNIManager received command from dispatcher: TR, {"parameter_id": 153, "parameter_source": "algorithm", "parameters": {"model_type": "MLP", "units": 16, "num_layers": 3, "dropout": 0, "activation": "relu", "lr": 0.0017152707983817005, "window_size": 7, "batch_size": 16, "epochs": 20, "kernel_size": 2, "attention_heads": 4}, "parameter_index": 0}
[2026-05-18 21:52:09] INFO (NNIManager) submitTrialJob: form: {
  sequenceId: 153,
  hyperParameters: {
    value: '{"parameter_id": 153, "parameter_source": "algorithm", "parameters": {"model_type": "MLP", "units": 16, "num_layers": 3, "dropout": 0, "activation": "relu", "lr": 0.0017152707983817005, "window_size": 7, "batch_size": 16, "epochs": 20, "kernel_size": 2, "attention_heads": 4}, "parameter_index": 0}',
    index: 0
  },
  placementConstraint: { type: 'None', gpus: [] }
}
[2026-05-18 21:52:09] INFO (LocalV3.local) Created trial q03Yc
[2026-05-18 21:52:12] INFO (LocalV3.local) Trial parameter: q03Yc {"parameter_id": 153, "parameter_source": "algorithm", "parameters": {"model_type": "MLP", "units": 16, "num_layers": 3, "dropout": 0, "activation": "relu", "lr": 0.0017152707983817005, "window_size": 7, "batch_size": 16, "epochs": 20, "kernel_size": 2, "attention_heads": 4}, "parameter_index": 0}
[2026-05-18 21:52:18] INFO (NNIManager) Trial job q03Yc status changed from RUNNING to SUCCEEDED
[2026-05-18 21:52:18] INFO (NNIManager) NNIManager received command from dispatcher: TR, {"parameter_id": 154, "parameter_source": "algorithm", "parameters": {"model_type": "MLP", "units": 16, "num_layers": 3, "dropout": 0, "activation": "elu", "lr": 0.002145829203093149, "window_size": 8, "batch_size": 16, "epochs": 20, "kernel_size": 2, "attention_heads": 4}, "parameter_index": 0}
[2026-05-18 21:52:18] INFO (NNIManager) submitTrialJob: form: {
  sequenceId: 154,
  hyperParameters: {
    value: '{"parameter_id": 154, "parameter_source": "algorithm", "parameters": {"model_type": "MLP", "units": 16, "num_layers": 3, "dropout": 0, "activation": "elu", "lr": 0.002145829203093149, "window_size": 8, "batch_size": 16, "epochs": 20, "kernel_size": 2, "attention_heads": 4}, "parameter_index": 0}',
    index: 0
  },
  placementConstraint: { type: 'None', gpus: [] }
}
[2026-05-18 21:52:18] INFO (LocalV3.local) Created trial rHXHT
[2026-05-18 21:52:20] INFO (LocalV3.local) Trial parameter: rHXHT {"parameter_id": 154, "parameter_source": "algorithm", "parameters": {"model_type": "MLP", "units": 16, "num_layers": 3, "dropout": 0, "activation": "elu", "lr": 0.002145829203093149, "window_size": 8, "batch_size": 16, "epochs": 20, "kernel_size": 2, "attention_heads": 4}, "parameter_index": 0}
[2026-05-18 21:52:25] INFO (NNIManager) Trial job rHXHT status changed from RUNNING to SUCCEEDED
[2026-05-18 21:52:25] INFO (NNIManager) NNIManager received command from dispatcher: TR, {"parameter_id": 155, "parameter_source": "algorithm", "parameters": {"model_type": "MLP", "units": 16, "num_layers": 3, "dropout": 0, "activation": "elu", "lr": 0.0017774350178523016, "window_size": 8, "batch_size": 16, "epochs": 20, "kernel_size": 2, "attention_heads": 4}, "parameter_index": 0}
[2026-05-18 21:52:25] INFO (NNIManager) submitTrialJob: form: {
  sequenceId: 155,
  hyperParameters: {
    value: '{"parameter_id": 155, "parameter_source": "algorithm", "parameters": {"model_type": "MLP", "units": 16, "num_layers": 3, "dropout": 0, "activation": "elu", "lr": 0.0017774350178523016, "window_size": 8, "batch_size": 16, "epochs": 20, "kernel_size": 2, "attention_heads": 4}, "parameter_index": 0}',
    index: 0
  },
  placementConstraint: { type: 'None', gpus: [] }
}
[2026-05-18 21:52:25] INFO (LocalV3.local) Created trial gxO0d
[2026-05-18 21:52:27] INFO (LocalV3.local) Trial parameter: gxO0d {"parameter_id": 155, "parameter_source": "algorithm", "parameters": {"model_type": "MLP", "units": 16, "num_layers": 3, "dropout": 0, "activation": "elu", "lr": 0.0017774350178523016, "window_size": 8, "batch_size": 16, "epochs": 20, "kernel_size": 2, "attention_heads": 4}, "parameter_index": 0}
[2026-05-18 21:52:32] INFO (NNIManager) Trial job gxO0d status changed from RUNNING to SUCCEEDED
[2026-05-18 21:52:32] INFO (NNIManager) NNIManager received command from dispatcher: TR, {"parameter_id": 156, "parameter_source": "algorithm", "parameters": {"model_type": "MLP", "units": 16, "num_layers": 3, "dropout": 0, "activation": "elu", "lr": 0.0017454120102336512, "window_size": 8, "batch_size": 16, "epochs": 20, "kernel_size": 2, "attention_heads": 4}, "parameter_index": 0}
[2026-05-18 21:52:32] INFO (NNIManager) submitTrialJob: form: {
  sequenceId: 156,
  hyperParameters: {
    value: '{"parameter_id": 156, "parameter_source": "algorithm", "parameters": {"model_type": "MLP", "units": 16, "num_layers": 3, "dropout": 0, "activation": "elu", "lr": 0.0017454120102336512, "window_size": 8, "batch_size": 16, "epochs": 20, "kernel_size": 2, "attention_heads": 4}, "parameter_index": 0}',
    index: 0
  },
  placementConstraint: { type: 'None', gpus: [] }
}
[2026-05-18 21:52:32] INFO (LocalV3.local) Created trial c3txN
[2026-05-18 21:52:34] INFO (LocalV3.local) Trial parameter: c3txN {"parameter_id": 156, "parameter_source": "algorithm", "parameters": {"model_type": "MLP", "units": 16, "num_layers": 3, "dropout": 0, "activation": "elu", "lr": 0.0017454120102336512, "window_size": 8, "batch_size": 16, "epochs": 20, "kernel_size": 2, "attention_heads": 4}, "parameter_index": 0}
[2026-05-18 21:52:40] INFO (NNIManager) Trial job c3txN status changed from RUNNING to SUCCEEDED
[2026-05-18 21:52:40] INFO (NNIManager) NNIManager received command from dispatcher: TR, {"parameter_id": 157, "parameter_source": "algorithm", "parameters": {"model_type": "MLP", "units": 16, "num_layers": 3, "dropout": 0, "activation": "elu", "lr": 0.0015824088950968935, "window_size": 8, "batch_size": 16, "epochs": 20, "kernel_size": 2, "attention_heads": 4}, "parameter_index": 0}
[2026-05-18 21:52:40] INFO (NNIManager) submitTrialJob: form: {
  sequenceId: 157,
  hyperParameters: {
    value: '{"parameter_id": 157, "parameter_source": "algorithm", "parameters": {"model_type": "MLP", "units": 16, "num_layers": 3, "dropout": 0, "activation": "elu", "lr": 0.0015824088950968935, "window_size": 8, "batch_size": 16, "epochs": 20, "kernel_size": 2, "attention_heads": 4}, "parameter_index": 0}',
    index: 0
  },
  placementConstraint: { type: 'None', gpus: [] }
}
[2026-05-18 21:52:40] INFO (LocalV3.local) Created trial coHrn
[2026-05-18 21:52:42] INFO (LocalV3.local) Trial parameter: coHrn {"parameter_id": 157, "parameter_source": "algorithm", "parameters": {"model_type": "MLP", "units": 16, "num_layers": 3, "dropout": 0, "activation": "elu", "lr": 0.0015824088950968935, "window_size": 8, "batch_size": 16, "epochs": 20, "kernel_size": 2, "attention_heads": 4}, "parameter_index": 0}
[2026-05-18 21:52:48] INFO (NNIManager) Trial job coHrn status changed from RUNNING to SUCCEEDED
[2026-05-18 21:52:48] INFO (NNIManager) NNIManager received command from dispatcher: TR, {"parameter_id": 158, "parameter_source": "algorithm", "parameters": {"model_type": "MLP", "units": 16, "num_layers": 3, "dropout": 0, "activation": "elu", "lr": 0.0019837947978029453, "window_size": 8, "batch_size": 16, "epochs": 20, "kernel_size": 2, "attention_heads": 4}, "parameter_index": 0}
[2026-05-18 21:52:48] INFO (NNIManager) submitTrialJob: form: {
  sequenceId: 158,
  hyperParameters: {
    value: '{"parameter_id": 158, "parameter_source": "algorithm", "parameters": {"model_type": "MLP", "units": 16, "num_layers": 3, "dropout": 0, "activation": "elu", "lr": 0.0019837947978029453, "window_size": 8, "batch_size": 16, "epochs": 20, "kernel_size": 2, "attention_heads": 4}, "parameter_index": 0}',
    index: 0
  },
  placementConstraint: { type: 'None', gpus: [] }
}
[2026-05-18 21:52:48] INFO (LocalV3.local) Created trial CmCmR
[2026-05-18 21:52:50] INFO (LocalV3.local) Trial parameter: CmCmR {"parameter_id": 158, "parameter_source": "algorithm", "parameters": {"model_type": "MLP", "units": 16, "num_layers": 3, "dropout": 0, "activation": "elu", "lr": 0.0019837947978029453, "window_size": 8, "batch_size": 16, "epochs": 20, "kernel_size": 2, "attention_heads": 4}, "parameter_index": 0}
[2026-05-18 21:52:54] INFO (NNIManager) Trial job CmCmR status changed from RUNNING to SUCCEEDED
[2026-05-18 21:52:54] INFO (NNIManager) NNIManager received command from dispatcher: TR, {"parameter_id": 159, "parameter_source": "algorithm", "parameters": {"model_type": "MLP", "units": 16, "num_layers": 3, "dropout": 0, "activation": "elu", "lr": 0.0017341631974564144, "window_size": 8, "batch_size": 128, "epochs": 20, "kernel_size": 2, "attention_heads": 4}, "parameter_index": 0}
[2026-05-18 21:52:55] INFO (NNIManager) submitTrialJob: form: {
  sequenceId: 159,
  hyperParameters: {
    value: '{"parameter_id": 159, "parameter_source": "algorithm", "parameters": {"model_type": "MLP", "units": 16, "num_layers": 3, "dropout": 0, "activation": "elu", "lr": 0.0017341631974564144, "window_size": 8, "batch_size": 128, "epochs": 20, "kernel_size": 2, "attention_heads": 4}, "parameter_index": 0}',
    index: 0
  },
  placementConstraint: { type: 'None', gpus: [] }
}
[2026-05-18 21:52:55] INFO (LocalV3.local) Created trial aHIgp
[2026-05-18 21:52:57] INFO (LocalV3.local) Trial parameter: aHIgp {"parameter_id": 159, "parameter_source": "algorithm", "parameters": {"model_type": "MLP", "units": 16, "num_layers": 3, "dropout": 0, "activation": "elu", "lr": 0.0017341631974564144, "window_size": 8, "batch_size": 128, "epochs": 20, "kernel_size": 2, "attention_heads": 4}, "parameter_index": 0}
[2026-05-18 21:53:01] INFO (NNIManager) Trial job aHIgp status changed from RUNNING to SUCCEEDED
[2026-05-18 21:53:01] INFO (NNIManager) NNIManager received command from dispatcher: TR, {"parameter_id": 160, "parameter_source": "algorithm", "parameters": {"model_type": "MLP", "units": 32, "num_layers": 3, "dropout": 0, "activation": "elu", "lr": 0.002084524053896076, "window_size": 8, "batch_size": 16, "epochs": 20, "kernel_size": 2, "attention_heads": 4}, "parameter_index": 0}
[2026-05-18 21:53:01] INFO (NNIManager) submitTrialJob: form: {
  sequenceId: 160,
  hyperParameters: {
    value: '{"parameter_id": 160, "parameter_source": "algorithm", "parameters": {"model_type": "MLP", "units": 32, "num_layers": 3, "dropout": 0, "activation": "elu", "lr": 0.002084524053896076, "window_size": 8, "batch_size": 16, "epochs": 20, "kernel_size": 2, "attention_heads": 4}, "parameter_index": 0}',
    index: 0
  },
  placementConstraint: { type: 'None', gpus: [] }
}
[2026-05-18 21:53:01] INFO (LocalV3.local) Created trial K85XK
[2026-05-18 21:53:03] INFO (LocalV3.local) Trial parameter: K85XK {"parameter_id": 160, "parameter_source": "algorithm", "parameters": {"model_type": "MLP", "units": 32, "num_layers": 3, "dropout": 0, "activation": "elu", "lr": 0.002084524053896076, "window_size": 8, "batch_size": 16, "epochs": 20, "kernel_size": 2, "attention_heads": 4}, "parameter_index": 0}
[2026-05-18 21:53:08] INFO (NNIManager) Trial job K85XK status changed from RUNNING to SUCCEEDED
[2026-05-18 21:53:08] INFO (NNIManager) NNIManager received command from dispatcher: TR, {"parameter_id": 161, "parameter_source": "algorithm", "parameters": {"model_type": "MLP", "units": 16, "num_layers": 3, "dropout": 0, "activation": "relu", "lr": 0.002401905594843949, "window_size": 8, "batch_size": 16, "epochs": 20, "kernel_size": 2, "attention_heads": 4}, "parameter_index": 0}
[2026-05-18 21:53:09] INFO (NNIManager) submitTrialJob: form: {
  sequenceId: 161,
  hyperParameters: {
    value: '{"parameter_id": 161, "parameter_source": "algorithm", "parameters": {"model_type": "MLP", "units": 16, "num_layers": 3, "dropout": 0, "activation": "relu", "lr": 0.002401905594843949, "window_size": 8, "batch_size": 16, "epochs": 20, "kernel_size": 2, "attention_heads": 4}, "parameter_index": 0}',
    index: 0
  },
  placementConstraint: { type: 'None', gpus: [] }
}
[2026-05-18 21:53:09] INFO (LocalV3.local) Created trial Xo8xa
[2026-05-18 21:53:11] INFO (LocalV3.local) Trial parameter: Xo8xa {"parameter_id": 161, "parameter_source": "algorithm", "parameters": {"model_type": "MLP", "units": 16, "num_layers": 3, "dropout": 0, "activation": "relu", "lr": 0.002401905594843949, "window_size": 8, "batch_size": 16, "epochs": 20, "kernel_size": 2, "attention_heads": 4}, "parameter_index": 0}
[2026-05-18 21:53:15] INFO (NNIManager) Trial job Xo8xa status changed from RUNNING to SUCCEEDED
[2026-05-18 21:53:15] INFO (NNIManager) NNIManager received command from dispatcher: TR, {"parameter_id": 162, "parameter_source": "algorithm", "parameters": {"model_type": "MLP", "units": 16, "num_layers": 3, "dropout": 0, "activation": "relu", "lr": 0.002540002476944393, "window_size": 8, "batch_size": 16, "epochs": 20, "kernel_size": 2, "attention_heads": 4}, "parameter_index": 0}
[2026-05-18 21:53:16] INFO (NNIManager) submitTrialJob: form: {
  sequenceId: 162,
  hyperParameters: {
    value: '{"parameter_id": 162, "parameter_source": "algorithm", "parameters": {"model_type": "MLP", "units": 16, "num_layers": 3, "dropout": 0, "activation": "relu", "lr": 0.002540002476944393, "window_size": 8, "batch_size": 16, "epochs": 20, "kernel_size": 2, "attention_heads": 4}, "parameter_index": 0}',
    index: 0
  },
  placementConstraint: { type: 'None', gpus: [] }
}
[2026-05-18 21:53:16] INFO (LocalV3.local) Created trial kg64q
[2026-05-18 21:53:18] INFO (LocalV3.local) Trial parameter: kg64q {"parameter_id": 162, "parameter_source": "algorithm", "parameters": {"model_type": "MLP", "units": 16, "num_layers": 3, "dropout": 0, "activation": "relu", "lr": 0.002540002476944393, "window_size": 8, "batch_size": 16, "epochs": 20, "kernel_size": 2, "attention_heads": 4}, "parameter_index": 0}
[2026-05-18 21:53:23] INFO (NNIManager) Trial job kg64q status changed from RUNNING to SUCCEEDED
[2026-05-18 21:53:23] INFO (NNIManager) NNIManager received command from dispatcher: TR, {"parameter_id": 163, "parameter_source": "algorithm", "parameters": {"model_type": "MLP", "units": 16, "num_layers": 3, "dropout": 0, "activation": "elu", "lr": 0.0015574070474329632, "window_size": 8, "batch_size": 16, "epochs": 20, "kernel_size": 2, "attention_heads": 4}, "parameter_index": 0}
[2026-05-18 21:53:23] INFO (NNIManager) submitTrialJob: form: {
  sequenceId: 163,
  hyperParameters: {
    value: '{"parameter_id": 163, "parameter_source": "algorithm", "parameters": {"model_type": "MLP", "units": 16, "num_layers": 3, "dropout": 0, "activation": "elu", "lr": 0.0015574070474329632, "window_size": 8, "batch_size": 16, "epochs": 20, "kernel_size": 2, "attention_heads": 4}, "parameter_index": 0}',
    index: 0
  },
  placementConstraint: { type: 'None', gpus: [] }
}
[2026-05-18 21:53:23] INFO (LocalV3.local) Created trial kgs9Z
[2026-05-18 21:53:25] INFO (LocalV3.local) Trial parameter: kgs9Z {"parameter_id": 163, "parameter_source": "algorithm", "parameters": {"model_type": "MLP", "units": 16, "num_layers": 3, "dropout": 0, "activation": "elu", "lr": 0.0015574070474329632, "window_size": 8, "batch_size": 16, "epochs": 20, "kernel_size": 2, "attention_heads": 4}, "parameter_index": 0}
[2026-05-18 21:53:30] INFO (NNIManager) Trial job kgs9Z status changed from RUNNING to SUCCEEDED
[2026-05-18 21:53:30] INFO (NNIManager) NNIManager received command from dispatcher: TR, {"parameter_id": 164, "parameter_source": "algorithm", "parameters": {"model_type": "MLP", "units": 16, "num_layers": 3, "dropout": 0, "activation": "relu", "lr": 0.0021452425762597807, "window_size": 8, "batch_size": 16, "epochs": 20, "kernel_size": 2, "attention_heads": 4}, "parameter_index": 0}
[2026-05-18 21:53:30] INFO (NNIManager) submitTrialJob: form: {
  sequenceId: 164,
  hyperParameters: {
    value: '{"parameter_id": 164, "parameter_source": "algorithm", "parameters": {"model_type": "MLP", "units": 16, "num_layers": 3, "dropout": 0, "activation": "relu", "lr": 0.0021452425762597807, "window_size": 8, "batch_size": 16, "epochs": 20, "kernel_size": 2, "attention_heads": 4}, "parameter_index": 0}',
    index: 0
  },
  placementConstraint: { type: 'None', gpus: [] }
}
[2026-05-18 21:53:30] INFO (LocalV3.local) Created trial eeiwu
[2026-05-18 21:53:32] INFO (LocalV3.local) Trial parameter: eeiwu {"parameter_id": 164, "parameter_source": "algorithm", "parameters": {"model_type": "MLP", "units": 16, "num_layers": 3, "dropout": 0, "activation": "relu", "lr": 0.0021452425762597807, "window_size": 8, "batch_size": 16, "epochs": 20, "kernel_size": 2, "attention_heads": 4}, "parameter_index": 0}
[2026-05-18 21:53:37] INFO (NNIManager) Trial job eeiwu status changed from RUNNING to SUCCEEDED
[2026-05-18 21:53:37] INFO (NNIManager) NNIManager received command from dispatcher: TR, {"parameter_id": 165, "parameter_source": "algorithm", "parameters": {"model_type": "MLP", "units": 16, "num_layers": 3, "dropout": 0, "activation": "elu", "lr": 0.001542548329680455, "window_size": 8, "batch_size": 128, "epochs": 20, "kernel_size": 2, "attention_heads": 4}, "parameter_index": 0}
[2026-05-18 21:53:37] INFO (NNIManager) submitTrialJob: form: {
  sequenceId: 165,
  hyperParameters: {
    value: '{"parameter_id": 165, "parameter_source": "algorithm", "parameters": {"model_type": "MLP", "units": 16, "num_layers": 3, "dropout": 0, "activation": "elu", "lr": 0.001542548329680455, "window_size": 8, "batch_size": 128, "epochs": 20, "kernel_size": 2, "attention_heads": 4}, "parameter_index": 0}',
    index: 0
  },
  placementConstraint: { type: 'None', gpus: [] }
}
[2026-05-18 21:53:37] INFO (LocalV3.local) Created trial tdSOR
[2026-05-18 21:53:39] INFO (LocalV3.local) Trial parameter: tdSOR {"parameter_id": 165, "parameter_source": "algorithm", "parameters": {"model_type": "MLP", "units": 16, "num_layers": 3, "dropout": 0, "activation": "elu", "lr": 0.001542548329680455, "window_size": 8, "batch_size": 128, "epochs": 20, "kernel_size": 2, "attention_heads": 4}, "parameter_index": 0}
[2026-05-18 21:53:43] INFO (NNIManager) Trial job tdSOR status changed from RUNNING to SUCCEEDED
[2026-05-18 21:53:43] INFO (NNIManager) NNIManager received command from dispatcher: TR, {"parameter_id": 166, "parameter_source": "algorithm", "parameters": {"model_type": "MLP", "units": 16, "num_layers": 3, "dropout": 0, "activation": "elu", "lr": 0.001801513364344915, "window_size": 27, "batch_size": 16, "epochs": 20, "kernel_size": 2, "attention_heads": 4}, "parameter_index": 0}
[2026-05-18 21:53:44] INFO (NNIManager) submitTrialJob: form: {
  sequenceId: 166,
  hyperParameters: {
    value: '{"parameter_id": 166, "parameter_source": "algorithm", "parameters": {"model_type": "MLP", "units": 16, "num_layers": 3, "dropout": 0, "activation": "elu", "lr": 0.001801513364344915, "window_size": 27, "batch_size": 16, "epochs": 20, "kernel_size": 2, "attention_heads": 4}, "parameter_index": 0}',
    index: 0
  },
  placementConstraint: { type: 'None', gpus: [] }
}
[2026-05-18 21:53:44] INFO (LocalV3.local) Created trial myuIH
[2026-05-18 21:53:46] INFO (LocalV3.local) Trial parameter: myuIH {"parameter_id": 166, "parameter_source": "algorithm", "parameters": {"model_type": "MLP", "units": 16, "num_layers": 3, "dropout": 0, "activation": "elu", "lr": 0.001801513364344915, "window_size": 27, "batch_size": 16, "epochs": 20, "kernel_size": 2, "attention_heads": 4}, "parameter_index": 0}
[2026-05-18 21:53:50] INFO (NNIManager) Trial job myuIH status changed from RUNNING to SUCCEEDED
[2026-05-18 21:53:50] INFO (NNIManager) NNIManager received command from dispatcher: TR, {"parameter_id": 167, "parameter_source": "algorithm", "parameters": {"model_type": "Transformer", "units": 16, "num_layers": 3, "dropout": 0, "activation": "relu", "lr": 0.0022022350738167785, "window_size": 5, "batch_size": 16, "epochs": 20, "kernel_size": 2, "attention_heads": 4}, "parameter_index": 0}
[2026-05-18 21:53:51] INFO (NNIManager) submitTrialJob: form: {
  sequenceId: 167,
  hyperParameters: {
    value: '{"parameter_id": 167, "parameter_source": "algorithm", "parameters": {"model_type": "Transformer", "units": 16, "num_layers": 3, "dropout": 0, "activation": "relu", "lr": 0.0022022350738167785, "window_size": 5, "batch_size": 16, "epochs": 20, "kernel_size": 2, "attention_heads": 4}, "parameter_index": 0}',
    index: 0
  },
  placementConstraint: { type: 'None', gpus: [] }
}
[2026-05-18 21:53:51] INFO (LocalV3.local) Created trial h1RQw
[2026-05-18 21:53:53] INFO (LocalV3.local) Trial parameter: h1RQw {"parameter_id": 167, "parameter_source": "algorithm", "parameters": {"model_type": "Transformer", "units": 16, "num_layers": 3, "dropout": 0, "activation": "relu", "lr": 0.0022022350738167785, "window_size": 5, "batch_size": 16, "epochs": 20, "kernel_size": 2, "attention_heads": 4}, "parameter_index": 0}
[2026-05-18 21:54:11] INFO (NNIManager) Trial job h1RQw status changed from RUNNING to SUCCEEDED
[2026-05-18 21:54:11] INFO (NNIManager) NNIManager received command from dispatcher: TR, {"parameter_id": 168, "parameter_source": "algorithm", "parameters": {"model_type": "MLP", "units": 16, "num_layers": 3, "dropout": 0, "activation": "elu", "lr": 0.002052730372999562, "window_size": 8, "batch_size": 16, "epochs": 20, "kernel_size": 2, "attention_heads": 4}, "parameter_index": 0}
[2026-05-18 21:54:11] INFO (NNIManager) submitTrialJob: form: {
  sequenceId: 168,
  hyperParameters: {
    value: '{"parameter_id": 168, "parameter_source": "algorithm", "parameters": {"model_type": "MLP", "units": 16, "num_layers": 3, "dropout": 0, "activation": "elu", "lr": 0.002052730372999562, "window_size": 8, "batch_size": 16, "epochs": 20, "kernel_size": 2, "attention_heads": 4}, "parameter_index": 0}',
    index: 0
  },
  placementConstraint: { type: 'None', gpus: [] }
}
[2026-05-18 21:54:11] INFO (LocalV3.local) Created trial SZ7E3
[2026-05-18 21:54:14] INFO (LocalV3.local) Trial parameter: SZ7E3 {"parameter_id": 168, "parameter_source": "algorithm", "parameters": {"model_type": "MLP", "units": 16, "num_layers": 3, "dropout": 0, "activation": "elu", "lr": 0.002052730372999562, "window_size": 8, "batch_size": 16, "epochs": 20, "kernel_size": 2, "attention_heads": 4}, "parameter_index": 0}
[2026-05-18 21:54:16] INFO (NNIManager) Change NNIManager status from: RUNNING to: NO_MORE_TRIAL
[2026-05-18 21:54:22] INFO (NNIManager) Trial job SZ7E3 status changed from RUNNING to SUCCEEDED
[2026-05-18 21:54:23] INFO (NNIManager) Change NNIManager status from: NO_MORE_TRIAL to: DONE
[2026-05-18 21:54:23] INFO (NNIManager) Experiment done.
[2026-05-18 21:54:28] INFO (ShutdownManager) Initiate shutdown: SIGTERM
[2026-05-18 21:54:28] INFO (RestServer) Stopping REST server.
[2026-05-18 21:54:28] INFO (NNIManager) Change NNIManager status from: DONE to: STOPPING
[2026-05-18 21:54:28] INFO (NNIManager) Stopping experiment, cleaning up ...
[2026-05-18 21:54:28] INFO (RestServer) REST server stopped.
[2026-05-18 21:54:31] INFO (LocalV3.local) All trials stopped
[2026-05-18 21:54:31] INFO (NNIManager) Change NNIManager status from: STOPPING to: STOPPED
[2026-05-18 21:54:31] INFO (NNIManager) Experiment stopped.
[2026-05-18 21:54:31] INFO (NNITensorboardManager) Forced stopping all tensorboard task.
[2026-05-18 21:54:31] INFO (NNITensorboardManager) All tensorboard task stopped.
[2026-05-18 21:54:31] INFO (NNITensorboardManager) Tensorboard manager stopped.
[2026-05-18 21:54:31] INFO (ShutdownManager) Shutdown complete.
