[2026-05-19 21:22:07] INFO (main) Start NNI manager
[2026-05-19 21:22:07] INFO (RestServer) Starting REST server at port 8248, URL prefix: "/"
[2026-05-19 21:22:07] INFO (RestServer) REST server started.
[2026-05-19 21:22:07] INFO (NNIDataStore) Datastore initialization done
[2026-05-19 21:22:08] INFO (NNIManager) Starting experiment: s5np1dc7
[2026-05-19 21:22:08] INFO (NNIManager) Setup training service...
[2026-05-19 21:22:08] INFO (NNIManager) Setup tuner...
[2026-05-19 21:22:08] INFO (NNIManager) Change NNIManager status from: INITIALIZED to: RUNNING
[2026-05-19 21:22:09] INFO (NNIManager) Add event listeners
[2026-05-19 21:22:09] INFO (LocalV3.local) Start
[2026-05-19 21:22:09] INFO (NNIManager) NNIManager received command from dispatcher: ID, 
[2026-05-19 21:22:09] INFO (NNIManager) NNIManager received command from dispatcher: TR, {"parameter_id": 0, "parameter_source": "algorithm", "parameters": {"model_type": "LSTM", "units": 16, "num_layers": 1, "dropout": 0, "activation": "relu", "lr": 0.00031622776601683783, "window_size": 2, "batch_size": 16, "epochs": 5, "kernel_size": 2, "attention_heads": 2}, "parameter_index": 0}
[2026-05-19 21:22:10] INFO (NNIManager) submitTrialJob: form: {
  sequenceId: 0,
  hyperParameters: {
    value: '{"parameter_id": 0, "parameter_source": "algorithm", "parameters": {"model_type": "LSTM", "units": 16, "num_layers": 1, "dropout": 0, "activation": "relu", "lr": 0.00031622776601683783, "window_size": 2, "batch_size": 16, "epochs": 5, "kernel_size": 2, "attention_heads": 2}, "parameter_index": 0}',
    index: 0
  },
  placementConstraint: { type: 'None', gpus: [] }
}
[2026-05-19 21:22:10] INFO (LocalV3.local) Register directory trial_code = /home/meliani/Desktop/phd/fast-track
[2026-05-19 21:22:10] INFO (LocalV3.local) Created trial IxMqs
[2026-05-19 21:22:11] INFO (LocalV3.local) Trial parameter: IxMqs {"parameter_id": 0, "parameter_source": "algorithm", "parameters": {"model_type": "LSTM", "units": 16, "num_layers": 1, "dropout": 0, "activation": "relu", "lr": 0.00031622776601683783, "window_size": 2, "batch_size": 16, "epochs": 5, "kernel_size": 2, "attention_heads": 2}, "parameter_index": 0}
[2026-05-19 21:22:17] INFO (NNIManager) Trial job IxMqs status changed from RUNNING to SUCCEEDED
[2026-05-19 21:22:17] INFO (NNIManager) NNIManager received command from dispatcher: TR, {"parameter_id": 1, "parameter_source": "algorithm", "parameters": {"model_type": "LSTM", "units": 16, "num_layers": 1, "dropout": 0, "activation": "relu", "lr": 0.00031622776601683783, "window_size": 2, "batch_size": 16, "epochs": 5, "kernel_size": 2, "attention_heads": 4}, "parameter_index": 0}
[2026-05-19 21:22:17] INFO (NNIManager) submitTrialJob: form: {
  sequenceId: 1,
  hyperParameters: {
    value: '{"parameter_id": 1, "parameter_source": "algorithm", "parameters": {"model_type": "LSTM", "units": 16, "num_layers": 1, "dropout": 0, "activation": "relu", "lr": 0.00031622776601683783, "window_size": 2, "batch_size": 16, "epochs": 5, "kernel_size": 2, "attention_heads": 4}, "parameter_index": 0}',
    index: 0
  },
  placementConstraint: { type: 'None', gpus: [] }
}
[2026-05-19 21:22:17] INFO (LocalV3.local) Created trial ODWVi
[2026-05-19 21:22:19] INFO (LocalV3.local) Trial parameter: ODWVi {"parameter_id": 1, "parameter_source": "algorithm", "parameters": {"model_type": "LSTM", "units": 16, "num_layers": 1, "dropout": 0, "activation": "relu", "lr": 0.00031622776601683783, "window_size": 2, "batch_size": 16, "epochs": 5, "kernel_size": 2, "attention_heads": 4}, "parameter_index": 0}
[2026-05-19 21:22:24] INFO (NNIManager) Trial job ODWVi status changed from RUNNING to SUCCEEDED
[2026-05-19 21:22:24] INFO (NNIManager) NNIManager received command from dispatcher: TR, {"parameter_id": 2, "parameter_source": "algorithm", "parameters": {"model_type": "LSTM", "units": 16, "num_layers": 1, "dropout": 0, "activation": "relu", "lr": 0.00031622776601683783, "window_size": 2, "batch_size": 16, "epochs": 5, "kernel_size": 2, "attention_heads": 8}, "parameter_index": 0}
[2026-05-19 21:22:25] INFO (NNIManager) submitTrialJob: form: {
  sequenceId: 2,
  hyperParameters: {
    value: '{"parameter_id": 2, "parameter_source": "algorithm", "parameters": {"model_type": "LSTM", "units": 16, "num_layers": 1, "dropout": 0, "activation": "relu", "lr": 0.00031622776601683783, "window_size": 2, "batch_size": 16, "epochs": 5, "kernel_size": 2, "attention_heads": 8}, "parameter_index": 0}',
    index: 0
  },
  placementConstraint: { type: 'None', gpus: [] }
}
[2026-05-19 21:22:25] INFO (LocalV3.local) Created trial Jjfin
[2026-05-19 21:22:27] INFO (LocalV3.local) Trial parameter: Jjfin {"parameter_id": 2, "parameter_source": "algorithm", "parameters": {"model_type": "LSTM", "units": 16, "num_layers": 1, "dropout": 0, "activation": "relu", "lr": 0.00031622776601683783, "window_size": 2, "batch_size": 16, "epochs": 5, "kernel_size": 2, "attention_heads": 8}, "parameter_index": 0}
[2026-05-19 21:22:32] INFO (NNIManager) Trial job Jjfin status changed from RUNNING to SUCCEEDED
[2026-05-19 21:22:32] INFO (NNIManager) NNIManager received command from dispatcher: TR, {"parameter_id": 3, "parameter_source": "algorithm", "parameters": {"model_type": "LSTM", "units": 16, "num_layers": 1, "dropout": 0, "activation": "relu", "lr": 0.00031622776601683783, "window_size": 2, "batch_size": 16, "epochs": 5, "kernel_size": 3, "attention_heads": 2}, "parameter_index": 0}
[2026-05-19 21:22:32] INFO (NNIManager) submitTrialJob: form: {
  sequenceId: 3,
  hyperParameters: {
    value: '{"parameter_id": 3, "parameter_source": "algorithm", "parameters": {"model_type": "LSTM", "units": 16, "num_layers": 1, "dropout": 0, "activation": "relu", "lr": 0.00031622776601683783, "window_size": 2, "batch_size": 16, "epochs": 5, "kernel_size": 3, "attention_heads": 2}, "parameter_index": 0}',
    index: 0
  },
  placementConstraint: { type: 'None', gpus: [] }
}
[2026-05-19 21:22:32] INFO (LocalV3.local) Created trial fpM2E
[2026-05-19 21:22:34] INFO (LocalV3.local) Trial parameter: fpM2E {"parameter_id": 3, "parameter_source": "algorithm", "parameters": {"model_type": "LSTM", "units": 16, "num_layers": 1, "dropout": 0, "activation": "relu", "lr": 0.00031622776601683783, "window_size": 2, "batch_size": 16, "epochs": 5, "kernel_size": 3, "attention_heads": 2}, "parameter_index": 0}
[2026-05-19 21:22:39] INFO (NNIManager) Trial job fpM2E status changed from RUNNING to SUCCEEDED
[2026-05-19 21:22:39] INFO (NNIManager) NNIManager received command from dispatcher: TR, {"parameter_id": 4, "parameter_source": "algorithm", "parameters": {"model_type": "LSTM", "units": 16, "num_layers": 1, "dropout": 0, "activation": "relu", "lr": 0.00031622776601683783, "window_size": 2, "batch_size": 16, "epochs": 5, "kernel_size": 3, "attention_heads": 4}, "parameter_index": 0}
[2026-05-19 21:22:40] INFO (NNIManager) submitTrialJob: form: {
  sequenceId: 4,
  hyperParameters: {
    value: '{"parameter_id": 4, "parameter_source": "algorithm", "parameters": {"model_type": "LSTM", "units": 16, "num_layers": 1, "dropout": 0, "activation": "relu", "lr": 0.00031622776601683783, "window_size": 2, "batch_size": 16, "epochs": 5, "kernel_size": 3, "attention_heads": 4}, "parameter_index": 0}',
    index: 0
  },
  placementConstraint: { type: 'None', gpus: [] }
}
[2026-05-19 21:22:40] INFO (LocalV3.local) Created trial VM7nV
[2026-05-19 21:22:42] INFO (LocalV3.local) Trial parameter: VM7nV {"parameter_id": 4, "parameter_source": "algorithm", "parameters": {"model_type": "LSTM", "units": 16, "num_layers": 1, "dropout": 0, "activation": "relu", "lr": 0.00031622776601683783, "window_size": 2, "batch_size": 16, "epochs": 5, "kernel_size": 3, "attention_heads": 4}, "parameter_index": 0}
[2026-05-19 21:22:47] INFO (NNIManager) Trial job VM7nV status changed from RUNNING to SUCCEEDED
[2026-05-19 21:22:47] INFO (NNIManager) NNIManager received command from dispatcher: TR, {"parameter_id": 5, "parameter_source": "algorithm", "parameters": {"model_type": "LSTM", "units": 16, "num_layers": 1, "dropout": 0, "activation": "relu", "lr": 0.00031622776601683783, "window_size": 2, "batch_size": 16, "epochs": 5, "kernel_size": 3, "attention_heads": 8}, "parameter_index": 0}
[2026-05-19 21:22:47] INFO (NNIManager) submitTrialJob: form: {
  sequenceId: 5,
  hyperParameters: {
    value: '{"parameter_id": 5, "parameter_source": "algorithm", "parameters": {"model_type": "LSTM", "units": 16, "num_layers": 1, "dropout": 0, "activation": "relu", "lr": 0.00031622776601683783, "window_size": 2, "batch_size": 16, "epochs": 5, "kernel_size": 3, "attention_heads": 8}, "parameter_index": 0}',
    index: 0
  },
  placementConstraint: { type: 'None', gpus: [] }
}
[2026-05-19 21:22:47] INFO (LocalV3.local) Created trial dr5he
[2026-05-19 21:22:49] INFO (LocalV3.local) Trial parameter: dr5he {"parameter_id": 5, "parameter_source": "algorithm", "parameters": {"model_type": "LSTM", "units": 16, "num_layers": 1, "dropout": 0, "activation": "relu", "lr": 0.00031622776601683783, "window_size": 2, "batch_size": 16, "epochs": 5, "kernel_size": 3, "attention_heads": 8}, "parameter_index": 0}
[2026-05-19 21:22:54] INFO (NNIManager) Trial job dr5he status changed from RUNNING to SUCCEEDED
[2026-05-19 21:22:54] INFO (NNIManager) NNIManager received command from dispatcher: TR, {"parameter_id": 6, "parameter_source": "algorithm", "parameters": {"model_type": "LSTM", "units": 16, "num_layers": 1, "dropout": 0, "activation": "relu", "lr": 0.00031622776601683783, "window_size": 2, "batch_size": 16, "epochs": 5, "kernel_size": 5, "attention_heads": 2}, "parameter_index": 0}
[2026-05-19 21:22:55] INFO (NNIManager) submitTrialJob: form: {
  sequenceId: 6,
  hyperParameters: {
    value: '{"parameter_id": 6, "parameter_source": "algorithm", "parameters": {"model_type": "LSTM", "units": 16, "num_layers": 1, "dropout": 0, "activation": "relu", "lr": 0.00031622776601683783, "window_size": 2, "batch_size": 16, "epochs": 5, "kernel_size": 5, "attention_heads": 2}, "parameter_index": 0}',
    index: 0
  },
  placementConstraint: { type: 'None', gpus: [] }
}
[2026-05-19 21:22:55] INFO (LocalV3.local) Created trial Dk6eJ
[2026-05-19 21:22:57] INFO (LocalV3.local) Trial parameter: Dk6eJ {"parameter_id": 6, "parameter_source": "algorithm", "parameters": {"model_type": "LSTM", "units": 16, "num_layers": 1, "dropout": 0, "activation": "relu", "lr": 0.00031622776601683783, "window_size": 2, "batch_size": 16, "epochs": 5, "kernel_size": 5, "attention_heads": 2}, "parameter_index": 0}
[2026-05-19 21:23:02] INFO (NNIManager) Trial job Dk6eJ status changed from RUNNING to SUCCEEDED
[2026-05-19 21:23:02] INFO (NNIManager) NNIManager received command from dispatcher: TR, {"parameter_id": 7, "parameter_source": "algorithm", "parameters": {"model_type": "LSTM", "units": 16, "num_layers": 1, "dropout": 0, "activation": "relu", "lr": 0.00031622776601683783, "window_size": 2, "batch_size": 16, "epochs": 5, "kernel_size": 5, "attention_heads": 4}, "parameter_index": 0}
[2026-05-19 21:23:02] INFO (NNIManager) submitTrialJob: form: {
  sequenceId: 7,
  hyperParameters: {
    value: '{"parameter_id": 7, "parameter_source": "algorithm", "parameters": {"model_type": "LSTM", "units": 16, "num_layers": 1, "dropout": 0, "activation": "relu", "lr": 0.00031622776601683783, "window_size": 2, "batch_size": 16, "epochs": 5, "kernel_size": 5, "attention_heads": 4}, "parameter_index": 0}',
    index: 0
  },
  placementConstraint: { type: 'None', gpus: [] }
}
[2026-05-19 21:23:02] INFO (LocalV3.local) Created trial WLlvD
[2026-05-19 21:23:04] INFO (LocalV3.local) Trial parameter: WLlvD {"parameter_id": 7, "parameter_source": "algorithm", "parameters": {"model_type": "LSTM", "units": 16, "num_layers": 1, "dropout": 0, "activation": "relu", "lr": 0.00031622776601683783, "window_size": 2, "batch_size": 16, "epochs": 5, "kernel_size": 5, "attention_heads": 4}, "parameter_index": 0}
[2026-05-19 21:23:10] INFO (NNIManager) Trial job WLlvD status changed from RUNNING to SUCCEEDED
[2026-05-19 21:23:10] INFO (NNIManager) NNIManager received command from dispatcher: TR, {"parameter_id": 8, "parameter_source": "algorithm", "parameters": {"model_type": "LSTM", "units": 16, "num_layers": 1, "dropout": 0, "activation": "relu", "lr": 0.00031622776601683783, "window_size": 2, "batch_size": 16, "epochs": 5, "kernel_size": 5, "attention_heads": 8}, "parameter_index": 0}
[2026-05-19 21:23:10] INFO (NNIManager) submitTrialJob: form: {
  sequenceId: 8,
  hyperParameters: {
    value: '{"parameter_id": 8, "parameter_source": "algorithm", "parameters": {"model_type": "LSTM", "units": 16, "num_layers": 1, "dropout": 0, "activation": "relu", "lr": 0.00031622776601683783, "window_size": 2, "batch_size": 16, "epochs": 5, "kernel_size": 5, "attention_heads": 8}, "parameter_index": 0}',
    index: 0
  },
  placementConstraint: { type: 'None', gpus: [] }
}
[2026-05-19 21:23:10] INFO (LocalV3.local) Created trial S3yKG
[2026-05-19 21:23:12] INFO (LocalV3.local) Trial parameter: S3yKG {"parameter_id": 8, "parameter_source": "algorithm", "parameters": {"model_type": "LSTM", "units": 16, "num_layers": 1, "dropout": 0, "activation": "relu", "lr": 0.00031622776601683783, "window_size": 2, "batch_size": 16, "epochs": 5, "kernel_size": 5, "attention_heads": 8}, "parameter_index": 0}
[2026-05-19 21:23:17] INFO (NNIManager) Trial job S3yKG status changed from RUNNING to SUCCEEDED
[2026-05-19 21:23:17] INFO (NNIManager) NNIManager received command from dispatcher: TR, {"parameter_id": 9, "parameter_source": "algorithm", "parameters": {"model_type": "LSTM", "units": 16, "num_layers": 1, "dropout": 0, "activation": "relu", "lr": 0.00031622776601683783, "window_size": 2, "batch_size": 16, "epochs": 5, "kernel_size": 7, "attention_heads": 2}, "parameter_index": 0}
[2026-05-19 21:23:18] INFO (NNIManager) submitTrialJob: form: {
  sequenceId: 9,
  hyperParameters: {
    value: '{"parameter_id": 9, "parameter_source": "algorithm", "parameters": {"model_type": "LSTM", "units": 16, "num_layers": 1, "dropout": 0, "activation": "relu", "lr": 0.00031622776601683783, "window_size": 2, "batch_size": 16, "epochs": 5, "kernel_size": 7, "attention_heads": 2}, "parameter_index": 0}',
    index: 0
  },
  placementConstraint: { type: 'None', gpus: [] }
}
[2026-05-19 21:23:18] INFO (LocalV3.local) Created trial mmoOL
[2026-05-19 21:23:19] INFO (LocalV3.local) Trial parameter: mmoOL {"parameter_id": 9, "parameter_source": "algorithm", "parameters": {"model_type": "LSTM", "units": 16, "num_layers": 1, "dropout": 0, "activation": "relu", "lr": 0.00031622776601683783, "window_size": 2, "batch_size": 16, "epochs": 5, "kernel_size": 7, "attention_heads": 2}, "parameter_index": 0}
[2026-05-19 21:23:25] INFO (NNIManager) Trial job mmoOL status changed from RUNNING to SUCCEEDED
[2026-05-19 21:23:25] INFO (NNIManager) NNIManager received command from dispatcher: TR, {"parameter_id": 10, "parameter_source": "algorithm", "parameters": {"model_type": "LSTM", "units": 16, "num_layers": 1, "dropout": 0, "activation": "relu", "lr": 0.00031622776601683783, "window_size": 2, "batch_size": 16, "epochs": 5, "kernel_size": 7, "attention_heads": 4}, "parameter_index": 0}
[2026-05-19 21:23:25] INFO (NNIManager) submitTrialJob: form: {
  sequenceId: 10,
  hyperParameters: {
    value: '{"parameter_id": 10, "parameter_source": "algorithm", "parameters": {"model_type": "LSTM", "units": 16, "num_layers": 1, "dropout": 0, "activation": "relu", "lr": 0.00031622776601683783, "window_size": 2, "batch_size": 16, "epochs": 5, "kernel_size": 7, "attention_heads": 4}, "parameter_index": 0}',
    index: 0
  },
  placementConstraint: { type: 'None', gpus: [] }
}
[2026-05-19 21:23:25] INFO (LocalV3.local) Created trial WI1lU
[2026-05-19 21:23:27] INFO (LocalV3.local) Trial parameter: WI1lU {"parameter_id": 10, "parameter_source": "algorithm", "parameters": {"model_type": "LSTM", "units": 16, "num_layers": 1, "dropout": 0, "activation": "relu", "lr": 0.00031622776601683783, "window_size": 2, "batch_size": 16, "epochs": 5, "kernel_size": 7, "attention_heads": 4}, "parameter_index": 0}
[2026-05-19 21:23:32] INFO (NNIManager) Trial job WI1lU status changed from RUNNING to SUCCEEDED
[2026-05-19 21:23:32] INFO (NNIManager) NNIManager received command from dispatcher: TR, {"parameter_id": 11, "parameter_source": "algorithm", "parameters": {"model_type": "LSTM", "units": 16, "num_layers": 1, "dropout": 0, "activation": "relu", "lr": 0.00031622776601683783, "window_size": 2, "batch_size": 16, "epochs": 5, "kernel_size": 7, "attention_heads": 8}, "parameter_index": 0}
[2026-05-19 21:23:33] INFO (NNIManager) submitTrialJob: form: {
  sequenceId: 11,
  hyperParameters: {
    value: '{"parameter_id": 11, "parameter_source": "algorithm", "parameters": {"model_type": "LSTM", "units": 16, "num_layers": 1, "dropout": 0, "activation": "relu", "lr": 0.00031622776601683783, "window_size": 2, "batch_size": 16, "epochs": 5, "kernel_size": 7, "attention_heads": 8}, "parameter_index": 0}',
    index: 0
  },
  placementConstraint: { type: 'None', gpus: [] }
}
[2026-05-19 21:23:33] INFO (LocalV3.local) Created trial XDxlf
[2026-05-19 21:23:34] INFO (LocalV3.local) Trial parameter: XDxlf {"parameter_id": 11, "parameter_source": "algorithm", "parameters": {"model_type": "LSTM", "units": 16, "num_layers": 1, "dropout": 0, "activation": "relu", "lr": 0.00031622776601683783, "window_size": 2, "batch_size": 16, "epochs": 5, "kernel_size": 7, "attention_heads": 8}, "parameter_index": 0}
[2026-05-19 21:23:40] INFO (NNIManager) Trial job XDxlf status changed from RUNNING to SUCCEEDED
[2026-05-19 21:23:40] INFO (NNIManager) NNIManager received command from dispatcher: TR, {"parameter_id": 12, "parameter_source": "algorithm", "parameters": {"model_type": "LSTM", "units": 16, "num_layers": 1, "dropout": 0, "activation": "relu", "lr": 0.00031622776601683783, "window_size": 2, "batch_size": 16, "epochs": 10, "kernel_size": 2, "attention_heads": 2}, "parameter_index": 0}
[2026-05-19 21:23:40] INFO (NNIManager) submitTrialJob: form: {
  sequenceId: 12,
  hyperParameters: {
    value: '{"parameter_id": 12, "parameter_source": "algorithm", "parameters": {"model_type": "LSTM", "units": 16, "num_layers": 1, "dropout": 0, "activation": "relu", "lr": 0.00031622776601683783, "window_size": 2, "batch_size": 16, "epochs": 10, "kernel_size": 2, "attention_heads": 2}, "parameter_index": 0}',
    index: 0
  },
  placementConstraint: { type: 'None', gpus: [] }
}
[2026-05-19 21:23:40] INFO (LocalV3.local) Created trial tvdq5
[2026-05-19 21:23:42] INFO (LocalV3.local) Trial parameter: tvdq5 {"parameter_id": 12, "parameter_source": "algorithm", "parameters": {"model_type": "LSTM", "units": 16, "num_layers": 1, "dropout": 0, "activation": "relu", "lr": 0.00031622776601683783, "window_size": 2, "batch_size": 16, "epochs": 10, "kernel_size": 2, "attention_heads": 2}, "parameter_index": 0}
[2026-05-19 21:23:50] INFO (NNIManager) Trial job tvdq5 status changed from RUNNING to SUCCEEDED
[2026-05-19 21:23:50] INFO (NNIManager) NNIManager received command from dispatcher: TR, {"parameter_id": 13, "parameter_source": "algorithm", "parameters": {"model_type": "LSTM", "units": 16, "num_layers": 1, "dropout": 0, "activation": "relu", "lr": 0.00031622776601683783, "window_size": 2, "batch_size": 16, "epochs": 10, "kernel_size": 2, "attention_heads": 4}, "parameter_index": 0}
[2026-05-19 21:23:50] INFO (NNIManager) submitTrialJob: form: {
  sequenceId: 13,
  hyperParameters: {
    value: '{"parameter_id": 13, "parameter_source": "algorithm", "parameters": {"model_type": "LSTM", "units": 16, "num_layers": 1, "dropout": 0, "activation": "relu", "lr": 0.00031622776601683783, "window_size": 2, "batch_size": 16, "epochs": 10, "kernel_size": 2, "attention_heads": 4}, "parameter_index": 0}',
    index: 0
  },
  placementConstraint: { type: 'None', gpus: [] }
}
[2026-05-19 21:23:50] INFO (LocalV3.local) Created trial BZWo3
[2026-05-19 21:23:52] INFO (LocalV3.local) Trial parameter: BZWo3 {"parameter_id": 13, "parameter_source": "algorithm", "parameters": {"model_type": "LSTM", "units": 16, "num_layers": 1, "dropout": 0, "activation": "relu", "lr": 0.00031622776601683783, "window_size": 2, "batch_size": 16, "epochs": 10, "kernel_size": 2, "attention_heads": 4}, "parameter_index": 0}
[2026-05-19 21:24:00] INFO (NNIManager) Trial job BZWo3 status changed from RUNNING to SUCCEEDED
[2026-05-19 21:24:00] INFO (NNIManager) NNIManager received command from dispatcher: TR, {"parameter_id": 14, "parameter_source": "algorithm", "parameters": {"model_type": "LSTM", "units": 16, "num_layers": 1, "dropout": 0, "activation": "relu", "lr": 0.00031622776601683783, "window_size": 2, "batch_size": 16, "epochs": 10, "kernel_size": 2, "attention_heads": 8}, "parameter_index": 0}
[2026-05-19 21:24:00] INFO (NNIManager) submitTrialJob: form: {
  sequenceId: 14,
  hyperParameters: {
    value: '{"parameter_id": 14, "parameter_source": "algorithm", "parameters": {"model_type": "LSTM", "units": 16, "num_layers": 1, "dropout": 0, "activation": "relu", "lr": 0.00031622776601683783, "window_size": 2, "batch_size": 16, "epochs": 10, "kernel_size": 2, "attention_heads": 8}, "parameter_index": 0}',
    index: 0
  },
  placementConstraint: { type: 'None', gpus: [] }
}
[2026-05-19 21:24:00] INFO (LocalV3.local) Created trial ioz3S
[2026-05-19 21:24:02] INFO (LocalV3.local) Trial parameter: ioz3S {"parameter_id": 14, "parameter_source": "algorithm", "parameters": {"model_type": "LSTM", "units": 16, "num_layers": 1, "dropout": 0, "activation": "relu", "lr": 0.00031622776601683783, "window_size": 2, "batch_size": 16, "epochs": 10, "kernel_size": 2, "attention_heads": 8}, "parameter_index": 0}
[2026-05-19 21:24:10] INFO (NNIManager) Trial job ioz3S status changed from RUNNING to SUCCEEDED
[2026-05-19 21:24:10] INFO (NNIManager) NNIManager received command from dispatcher: TR, {"parameter_id": 15, "parameter_source": "algorithm", "parameters": {"model_type": "LSTM", "units": 16, "num_layers": 1, "dropout": 0, "activation": "relu", "lr": 0.00031622776601683783, "window_size": 2, "batch_size": 16, "epochs": 10, "kernel_size": 3, "attention_heads": 2}, "parameter_index": 0}
[2026-05-19 21:24:10] INFO (NNIManager) submitTrialJob: form: {
  sequenceId: 15,
  hyperParameters: {
    value: '{"parameter_id": 15, "parameter_source": "algorithm", "parameters": {"model_type": "LSTM", "units": 16, "num_layers": 1, "dropout": 0, "activation": "relu", "lr": 0.00031622776601683783, "window_size": 2, "batch_size": 16, "epochs": 10, "kernel_size": 3, "attention_heads": 2}, "parameter_index": 0}',
    index: 0
  },
  placementConstraint: { type: 'None', gpus: [] }
}
[2026-05-19 21:24:10] INFO (LocalV3.local) Created trial PMsen
[2026-05-19 21:24:12] INFO (LocalV3.local) Trial parameter: PMsen {"parameter_id": 15, "parameter_source": "algorithm", "parameters": {"model_type": "LSTM", "units": 16, "num_layers": 1, "dropout": 0, "activation": "relu", "lr": 0.00031622776601683783, "window_size": 2, "batch_size": 16, "epochs": 10, "kernel_size": 3, "attention_heads": 2}, "parameter_index": 0}
[2026-05-19 21:24:20] INFO (NNIManager) Trial job PMsen status changed from RUNNING to SUCCEEDED
[2026-05-19 21:24:20] INFO (NNIManager) NNIManager received command from dispatcher: TR, {"parameter_id": 16, "parameter_source": "algorithm", "parameters": {"model_type": "LSTM", "units": 16, "num_layers": 1, "dropout": 0, "activation": "relu", "lr": 0.00031622776601683783, "window_size": 2, "batch_size": 16, "epochs": 10, "kernel_size": 3, "attention_heads": 4}, "parameter_index": 0}
[2026-05-19 21:24:20] INFO (NNIManager) submitTrialJob: form: {
  sequenceId: 16,
  hyperParameters: {
    value: '{"parameter_id": 16, "parameter_source": "algorithm", "parameters": {"model_type": "LSTM", "units": 16, "num_layers": 1, "dropout": 0, "activation": "relu", "lr": 0.00031622776601683783, "window_size": 2, "batch_size": 16, "epochs": 10, "kernel_size": 3, "attention_heads": 4}, "parameter_index": 0}',
    index: 0
  },
  placementConstraint: { type: 'None', gpus: [] }
}
[2026-05-19 21:24:20] INFO (LocalV3.local) Created trial XeRNn
[2026-05-19 21:24:22] INFO (LocalV3.local) Trial parameter: XeRNn {"parameter_id": 16, "parameter_source": "algorithm", "parameters": {"model_type": "LSTM", "units": 16, "num_layers": 1, "dropout": 0, "activation": "relu", "lr": 0.00031622776601683783, "window_size": 2, "batch_size": 16, "epochs": 10, "kernel_size": 3, "attention_heads": 4}, "parameter_index": 0}
[2026-05-19 21:24:30] INFO (NNIManager) Trial job XeRNn status changed from RUNNING to SUCCEEDED
[2026-05-19 21:24:30] INFO (NNIManager) NNIManager received command from dispatcher: TR, {"parameter_id": 17, "parameter_source": "algorithm", "parameters": {"model_type": "LSTM", "units": 16, "num_layers": 1, "dropout": 0, "activation": "relu", "lr": 0.00031622776601683783, "window_size": 2, "batch_size": 16, "epochs": 10, "kernel_size": 3, "attention_heads": 8}, "parameter_index": 0}
[2026-05-19 21:24:30] INFO (NNIManager) submitTrialJob: form: {
  sequenceId: 17,
  hyperParameters: {
    value: '{"parameter_id": 17, "parameter_source": "algorithm", "parameters": {"model_type": "LSTM", "units": 16, "num_layers": 1, "dropout": 0, "activation": "relu", "lr": 0.00031622776601683783, "window_size": 2, "batch_size": 16, "epochs": 10, "kernel_size": 3, "attention_heads": 8}, "parameter_index": 0}',
    index: 0
  },
  placementConstraint: { type: 'None', gpus: [] }
}
[2026-05-19 21:24:30] INFO (LocalV3.local) Created trial OW655
[2026-05-19 21:24:32] INFO (LocalV3.local) Trial parameter: OW655 {"parameter_id": 17, "parameter_source": "algorithm", "parameters": {"model_type": "LSTM", "units": 16, "num_layers": 1, "dropout": 0, "activation": "relu", "lr": 0.00031622776601683783, "window_size": 2, "batch_size": 16, "epochs": 10, "kernel_size": 3, "attention_heads": 8}, "parameter_index": 0}
[2026-05-19 21:24:40] INFO (NNIManager) Trial job OW655 status changed from RUNNING to SUCCEEDED
[2026-05-19 21:24:40] INFO (NNIManager) NNIManager received command from dispatcher: TR, {"parameter_id": 18, "parameter_source": "algorithm", "parameters": {"model_type": "LSTM", "units": 16, "num_layers": 1, "dropout": 0, "activation": "relu", "lr": 0.00031622776601683783, "window_size": 2, "batch_size": 16, "epochs": 10, "kernel_size": 5, "attention_heads": 2}, "parameter_index": 0}
[2026-05-19 21:24:40] INFO (NNIManager) submitTrialJob: form: {
  sequenceId: 18,
  hyperParameters: {
    value: '{"parameter_id": 18, "parameter_source": "algorithm", "parameters": {"model_type": "LSTM", "units": 16, "num_layers": 1, "dropout": 0, "activation": "relu", "lr": 0.00031622776601683783, "window_size": 2, "batch_size": 16, "epochs": 10, "kernel_size": 5, "attention_heads": 2}, "parameter_index": 0}',
    index: 0
  },
  placementConstraint: { type: 'None', gpus: [] }
}
[2026-05-19 21:24:40] INFO (LocalV3.local) Created trial RwA5s
[2026-05-19 21:24:42] INFO (LocalV3.local) Trial parameter: RwA5s {"parameter_id": 18, "parameter_source": "algorithm", "parameters": {"model_type": "LSTM", "units": 16, "num_layers": 1, "dropout": 0, "activation": "relu", "lr": 0.00031622776601683783, "window_size": 2, "batch_size": 16, "epochs": 10, "kernel_size": 5, "attention_heads": 2}, "parameter_index": 0}
[2026-05-19 21:24:50] INFO (NNIManager) Trial job RwA5s status changed from RUNNING to SUCCEEDED
[2026-05-19 21:24:50] INFO (NNIManager) NNIManager received command from dispatcher: TR, {"parameter_id": 19, "parameter_source": "algorithm", "parameters": {"model_type": "LSTM", "units": 16, "num_layers": 1, "dropout": 0, "activation": "relu", "lr": 0.00031622776601683783, "window_size": 2, "batch_size": 16, "epochs": 10, "kernel_size": 5, "attention_heads": 4}, "parameter_index": 0}
[2026-05-19 21:24:50] INFO (NNIManager) submitTrialJob: form: {
  sequenceId: 19,
  hyperParameters: {
    value: '{"parameter_id": 19, "parameter_source": "algorithm", "parameters": {"model_type": "LSTM", "units": 16, "num_layers": 1, "dropout": 0, "activation": "relu", "lr": 0.00031622776601683783, "window_size": 2, "batch_size": 16, "epochs": 10, "kernel_size": 5, "attention_heads": 4}, "parameter_index": 0}',
    index: 0
  },
  placementConstraint: { type: 'None', gpus: [] }
}
[2026-05-19 21:24:50] INFO (LocalV3.local) Created trial hEYCN
[2026-05-19 21:24:52] INFO (LocalV3.local) Trial parameter: hEYCN {"parameter_id": 19, "parameter_source": "algorithm", "parameters": {"model_type": "LSTM", "units": 16, "num_layers": 1, "dropout": 0, "activation": "relu", "lr": 0.00031622776601683783, "window_size": 2, "batch_size": 16, "epochs": 10, "kernel_size": 5, "attention_heads": 4}, "parameter_index": 0}
[2026-05-19 21:25:00] INFO (NNIManager) Trial job hEYCN status changed from RUNNING to SUCCEEDED
[2026-05-19 21:25:00] INFO (NNIManager) NNIManager received command from dispatcher: TR, {"parameter_id": 20, "parameter_source": "algorithm", "parameters": {"model_type": "LSTM", "units": 16, "num_layers": 1, "dropout": 0, "activation": "relu", "lr": 0.00031622776601683783, "window_size": 2, "batch_size": 16, "epochs": 10, "kernel_size": 5, "attention_heads": 8}, "parameter_index": 0}
[2026-05-19 21:25:01] INFO (NNIManager) submitTrialJob: form: {
  sequenceId: 20,
  hyperParameters: {
    value: '{"parameter_id": 20, "parameter_source": "algorithm", "parameters": {"model_type": "LSTM", "units": 16, "num_layers": 1, "dropout": 0, "activation": "relu", "lr": 0.00031622776601683783, "window_size": 2, "batch_size": 16, "epochs": 10, "kernel_size": 5, "attention_heads": 8}, "parameter_index": 0}',
    index: 0
  },
  placementConstraint: { type: 'None', gpus: [] }
}
[2026-05-19 21:25:01] INFO (LocalV3.local) Created trial fSyP2
[2026-05-19 21:25:03] INFO (LocalV3.local) Trial parameter: fSyP2 {"parameter_id": 20, "parameter_source": "algorithm", "parameters": {"model_type": "LSTM", "units": 16, "num_layers": 1, "dropout": 0, "activation": "relu", "lr": 0.00031622776601683783, "window_size": 2, "batch_size": 16, "epochs": 10, "kernel_size": 5, "attention_heads": 8}, "parameter_index": 0}
[2026-05-19 21:25:10] INFO (NNIManager) Trial job fSyP2 status changed from RUNNING to SUCCEEDED
[2026-05-19 21:25:10] INFO (NNIManager) NNIManager received command from dispatcher: TR, {"parameter_id": 21, "parameter_source": "algorithm", "parameters": {"model_type": "LSTM", "units": 16, "num_layers": 1, "dropout": 0, "activation": "relu", "lr": 0.00031622776601683783, "window_size": 2, "batch_size": 16, "epochs": 10, "kernel_size": 7, "attention_heads": 2}, "parameter_index": 0}
[2026-05-19 21:25:11] INFO (NNIManager) submitTrialJob: form: {
  sequenceId: 21,
  hyperParameters: {
    value: '{"parameter_id": 21, "parameter_source": "algorithm", "parameters": {"model_type": "LSTM", "units": 16, "num_layers": 1, "dropout": 0, "activation": "relu", "lr": 0.00031622776601683783, "window_size": 2, "batch_size": 16, "epochs": 10, "kernel_size": 7, "attention_heads": 2}, "parameter_index": 0}',
    index: 0
  },
  placementConstraint: { type: 'None', gpus: [] }
}
[2026-05-19 21:25:11] INFO (LocalV3.local) Created trial V9nXG
[2026-05-19 21:25:13] INFO (LocalV3.local) Trial parameter: V9nXG {"parameter_id": 21, "parameter_source": "algorithm", "parameters": {"model_type": "LSTM", "units": 16, "num_layers": 1, "dropout": 0, "activation": "relu", "lr": 0.00031622776601683783, "window_size": 2, "batch_size": 16, "epochs": 10, "kernel_size": 7, "attention_heads": 2}, "parameter_index": 0}
[2026-05-19 21:25:20] INFO (NNIManager) Trial job V9nXG status changed from RUNNING to SUCCEEDED
[2026-05-19 21:25:20] INFO (NNIManager) NNIManager received command from dispatcher: TR, {"parameter_id": 22, "parameter_source": "algorithm", "parameters": {"model_type": "LSTM", "units": 16, "num_layers": 1, "dropout": 0, "activation": "relu", "lr": 0.00031622776601683783, "window_size": 2, "batch_size": 16, "epochs": 10, "kernel_size": 7, "attention_heads": 4}, "parameter_index": 0}
[2026-05-19 21:25:21] INFO (NNIManager) submitTrialJob: form: {
  sequenceId: 22,
  hyperParameters: {
    value: '{"parameter_id": 22, "parameter_source": "algorithm", "parameters": {"model_type": "LSTM", "units": 16, "num_layers": 1, "dropout": 0, "activation": "relu", "lr": 0.00031622776601683783, "window_size": 2, "batch_size": 16, "epochs": 10, "kernel_size": 7, "attention_heads": 4}, "parameter_index": 0}',
    index: 0
  },
  placementConstraint: { type: 'None', gpus: [] }
}
[2026-05-19 21:25:21] INFO (LocalV3.local) Created trial Da3qv
[2026-05-19 21:25:22] INFO (LocalV3.local) Trial parameter: Da3qv {"parameter_id": 22, "parameter_source": "algorithm", "parameters": {"model_type": "LSTM", "units": 16, "num_layers": 1, "dropout": 0, "activation": "relu", "lr": 0.00031622776601683783, "window_size": 2, "batch_size": 16, "epochs": 10, "kernel_size": 7, "attention_heads": 4}, "parameter_index": 0}
[2026-05-19 21:25:30] INFO (NNIManager) Trial job Da3qv status changed from RUNNING to SUCCEEDED
[2026-05-19 21:25:30] INFO (NNIManager) NNIManager received command from dispatcher: TR, {"parameter_id": 23, "parameter_source": "algorithm", "parameters": {"model_type": "LSTM", "units": 16, "num_layers": 1, "dropout": 0, "activation": "relu", "lr": 0.00031622776601683783, "window_size": 2, "batch_size": 16, "epochs": 10, "kernel_size": 7, "attention_heads": 8}, "parameter_index": 0}
[2026-05-19 21:25:31] INFO (NNIManager) submitTrialJob: form: {
  sequenceId: 23,
  hyperParameters: {
    value: '{"parameter_id": 23, "parameter_source": "algorithm", "parameters": {"model_type": "LSTM", "units": 16, "num_layers": 1, "dropout": 0, "activation": "relu", "lr": 0.00031622776601683783, "window_size": 2, "batch_size": 16, "epochs": 10, "kernel_size": 7, "attention_heads": 8}, "parameter_index": 0}',
    index: 0
  },
  placementConstraint: { type: 'None', gpus: [] }
}
[2026-05-19 21:25:31] INFO (LocalV3.local) Created trial JeAem
[2026-05-19 21:25:32] INFO (LocalV3.local) Trial parameter: JeAem {"parameter_id": 23, "parameter_source": "algorithm", "parameters": {"model_type": "LSTM", "units": 16, "num_layers": 1, "dropout": 0, "activation": "relu", "lr": 0.00031622776601683783, "window_size": 2, "batch_size": 16, "epochs": 10, "kernel_size": 7, "attention_heads": 8}, "parameter_index": 0}
[2026-05-19 21:25:40] INFO (NNIManager) Trial job JeAem status changed from RUNNING to SUCCEEDED
[2026-05-19 21:25:40] INFO (NNIManager) NNIManager received command from dispatcher: TR, {"parameter_id": 24, "parameter_source": "algorithm", "parameters": {"model_type": "LSTM", "units": 16, "num_layers": 1, "dropout": 0, "activation": "relu", "lr": 0.00031622776601683783, "window_size": 2, "batch_size": 16, "epochs": 15, "kernel_size": 2, "attention_heads": 2}, "parameter_index": 0}
[2026-05-19 21:25:41] INFO (NNIManager) submitTrialJob: form: {
  sequenceId: 24,
  hyperParameters: {
    value: '{"parameter_id": 24, "parameter_source": "algorithm", "parameters": {"model_type": "LSTM", "units": 16, "num_layers": 1, "dropout": 0, "activation": "relu", "lr": 0.00031622776601683783, "window_size": 2, "batch_size": 16, "epochs": 15, "kernel_size": 2, "attention_heads": 2}, "parameter_index": 0}',
    index: 0
  },
  placementConstraint: { type: 'None', gpus: [] }
}
[2026-05-19 21:25:41] INFO (LocalV3.local) Created trial ruXx1
[2026-05-19 21:25:42] INFO (LocalV3.local) Trial parameter: ruXx1 {"parameter_id": 24, "parameter_source": "algorithm", "parameters": {"model_type": "LSTM", "units": 16, "num_layers": 1, "dropout": 0, "activation": "relu", "lr": 0.00031622776601683783, "window_size": 2, "batch_size": 16, "epochs": 15, "kernel_size": 2, "attention_heads": 2}, "parameter_index": 0}
[2026-05-19 21:25:52] INFO (NNIManager) Trial job ruXx1 status changed from RUNNING to SUCCEEDED
[2026-05-19 21:25:52] INFO (NNIManager) NNIManager received command from dispatcher: TR, {"parameter_id": 25, "parameter_source": "algorithm", "parameters": {"model_type": "LSTM", "units": 16, "num_layers": 1, "dropout": 0, "activation": "relu", "lr": 0.00031622776601683783, "window_size": 2, "batch_size": 16, "epochs": 15, "kernel_size": 2, "attention_heads": 4}, "parameter_index": 0}
[2026-05-19 21:25:53] INFO (NNIManager) submitTrialJob: form: {
  sequenceId: 25,
  hyperParameters: {
    value: '{"parameter_id": 25, "parameter_source": "algorithm", "parameters": {"model_type": "LSTM", "units": 16, "num_layers": 1, "dropout": 0, "activation": "relu", "lr": 0.00031622776601683783, "window_size": 2, "batch_size": 16, "epochs": 15, "kernel_size": 2, "attention_heads": 4}, "parameter_index": 0}',
    index: 0
  },
  placementConstraint: { type: 'None', gpus: [] }
}
[2026-05-19 21:25:53] INFO (LocalV3.local) Created trial VZ9K8
[2026-05-19 21:25:54] INFO (LocalV3.local) Trial parameter: VZ9K8 {"parameter_id": 25, "parameter_source": "algorithm", "parameters": {"model_type": "LSTM", "units": 16, "num_layers": 1, "dropout": 0, "activation": "relu", "lr": 0.00031622776601683783, "window_size": 2, "batch_size": 16, "epochs": 15, "kernel_size": 2, "attention_heads": 4}, "parameter_index": 0}
[2026-05-19 21:26:05] INFO (NNIManager) Trial job VZ9K8 status changed from RUNNING to SUCCEEDED
[2026-05-19 21:26:05] INFO (NNIManager) NNIManager received command from dispatcher: TR, {"parameter_id": 26, "parameter_source": "algorithm", "parameters": {"model_type": "LSTM", "units": 16, "num_layers": 1, "dropout": 0, "activation": "relu", "lr": 0.00031622776601683783, "window_size": 2, "batch_size": 16, "epochs": 15, "kernel_size": 2, "attention_heads": 8}, "parameter_index": 0}
[2026-05-19 21:26:06] INFO (NNIManager) submitTrialJob: form: {
  sequenceId: 26,
  hyperParameters: {
    value: '{"parameter_id": 26, "parameter_source": "algorithm", "parameters": {"model_type": "LSTM", "units": 16, "num_layers": 1, "dropout": 0, "activation": "relu", "lr": 0.00031622776601683783, "window_size": 2, "batch_size": 16, "epochs": 15, "kernel_size": 2, "attention_heads": 8}, "parameter_index": 0}',
    index: 0
  },
  placementConstraint: { type: 'None', gpus: [] }
}
[2026-05-19 21:26:06] INFO (LocalV3.local) Created trial mUVPn
[2026-05-19 21:26:07] INFO (LocalV3.local) Trial parameter: mUVPn {"parameter_id": 26, "parameter_source": "algorithm", "parameters": {"model_type": "LSTM", "units": 16, "num_layers": 1, "dropout": 0, "activation": "relu", "lr": 0.00031622776601683783, "window_size": 2, "batch_size": 16, "epochs": 15, "kernel_size": 2, "attention_heads": 8}, "parameter_index": 0}
[2026-05-19 21:26:18] INFO (NNIManager) Trial job mUVPn status changed from RUNNING to SUCCEEDED
[2026-05-19 21:26:18] INFO (NNIManager) NNIManager received command from dispatcher: TR, {"parameter_id": 27, "parameter_source": "algorithm", "parameters": {"model_type": "LSTM", "units": 16, "num_layers": 1, "dropout": 0, "activation": "relu", "lr": 0.00031622776601683783, "window_size": 2, "batch_size": 16, "epochs": 15, "kernel_size": 3, "attention_heads": 2}, "parameter_index": 0}
[2026-05-19 21:26:18] INFO (NNIManager) submitTrialJob: form: {
  sequenceId: 27,
  hyperParameters: {
    value: '{"parameter_id": 27, "parameter_source": "algorithm", "parameters": {"model_type": "LSTM", "units": 16, "num_layers": 1, "dropout": 0, "activation": "relu", "lr": 0.00031622776601683783, "window_size": 2, "batch_size": 16, "epochs": 15, "kernel_size": 3, "attention_heads": 2}, "parameter_index": 0}',
    index: 0
  },
  placementConstraint: { type: 'None', gpus: [] }
}
[2026-05-19 21:26:18] INFO (LocalV3.local) Created trial Qw6E3
[2026-05-19 21:26:20] INFO (LocalV3.local) Trial parameter: Qw6E3 {"parameter_id": 27, "parameter_source": "algorithm", "parameters": {"model_type": "LSTM", "units": 16, "num_layers": 1, "dropout": 0, "activation": "relu", "lr": 0.00031622776601683783, "window_size": 2, "batch_size": 16, "epochs": 15, "kernel_size": 3, "attention_heads": 2}, "parameter_index": 0}
[2026-05-19 21:26:31] INFO (NNIManager) Trial job Qw6E3 status changed from RUNNING to SUCCEEDED
[2026-05-19 21:26:31] INFO (NNIManager) NNIManager received command from dispatcher: TR, {"parameter_id": 28, "parameter_source": "algorithm", "parameters": {"model_type": "LSTM", "units": 16, "num_layers": 1, "dropout": 0, "activation": "relu", "lr": 0.00031622776601683783, "window_size": 2, "batch_size": 16, "epochs": 15, "kernel_size": 3, "attention_heads": 4}, "parameter_index": 0}
[2026-05-19 21:26:31] INFO (NNIManager) submitTrialJob: form: {
  sequenceId: 28,
  hyperParameters: {
    value: '{"parameter_id": 28, "parameter_source": "algorithm", "parameters": {"model_type": "LSTM", "units": 16, "num_layers": 1, "dropout": 0, "activation": "relu", "lr": 0.00031622776601683783, "window_size": 2, "batch_size": 16, "epochs": 15, "kernel_size": 3, "attention_heads": 4}, "parameter_index": 0}',
    index: 0
  },
  placementConstraint: { type: 'None', gpus: [] }
}
[2026-05-19 21:26:31] INFO (LocalV3.local) Created trial USE6L
[2026-05-19 21:26:33] INFO (LocalV3.local) Trial parameter: USE6L {"parameter_id": 28, "parameter_source": "algorithm", "parameters": {"model_type": "LSTM", "units": 16, "num_layers": 1, "dropout": 0, "activation": "relu", "lr": 0.00031622776601683783, "window_size": 2, "batch_size": 16, "epochs": 15, "kernel_size": 3, "attention_heads": 4}, "parameter_index": 0}
[2026-05-19 21:26:44] INFO (NNIManager) Trial job USE6L status changed from RUNNING to SUCCEEDED
[2026-05-19 21:26:44] INFO (NNIManager) NNIManager received command from dispatcher: TR, {"parameter_id": 29, "parameter_source": "algorithm", "parameters": {"model_type": "LSTM", "units": 16, "num_layers": 1, "dropout": 0, "activation": "relu", "lr": 0.00031622776601683783, "window_size": 2, "batch_size": 16, "epochs": 15, "kernel_size": 3, "attention_heads": 8}, "parameter_index": 0}
[2026-05-19 21:26:44] INFO (NNIManager) submitTrialJob: form: {
  sequenceId: 29,
  hyperParameters: {
    value: '{"parameter_id": 29, "parameter_source": "algorithm", "parameters": {"model_type": "LSTM", "units": 16, "num_layers": 1, "dropout": 0, "activation": "relu", "lr": 0.00031622776601683783, "window_size": 2, "batch_size": 16, "epochs": 15, "kernel_size": 3, "attention_heads": 8}, "parameter_index": 0}',
    index: 0
  },
  placementConstraint: { type: 'None', gpus: [] }
}
[2026-05-19 21:26:44] INFO (LocalV3.local) Created trial tVdVJ
[2026-05-19 21:26:46] INFO (LocalV3.local) Trial parameter: tVdVJ {"parameter_id": 29, "parameter_source": "algorithm", "parameters": {"model_type": "LSTM", "units": 16, "num_layers": 1, "dropout": 0, "activation": "relu", "lr": 0.00031622776601683783, "window_size": 2, "batch_size": 16, "epochs": 15, "kernel_size": 3, "attention_heads": 8}, "parameter_index": 0}
[2026-05-19 21:26:56] INFO (NNIManager) Trial job tVdVJ status changed from RUNNING to SUCCEEDED
[2026-05-19 21:26:56] INFO (NNIManager) NNIManager received command from dispatcher: TR, {"parameter_id": 30, "parameter_source": "algorithm", "parameters": {"model_type": "LSTM", "units": 16, "num_layers": 1, "dropout": 0, "activation": "relu", "lr": 0.00031622776601683783, "window_size": 2, "batch_size": 16, "epochs": 15, "kernel_size": 5, "attention_heads": 2}, "parameter_index": 0}
[2026-05-19 21:26:56] INFO (NNIManager) submitTrialJob: form: {
  sequenceId: 30,
  hyperParameters: {
    value: '{"parameter_id": 30, "parameter_source": "algorithm", "parameters": {"model_type": "LSTM", "units": 16, "num_layers": 1, "dropout": 0, "activation": "relu", "lr": 0.00031622776601683783, "window_size": 2, "batch_size": 16, "epochs": 15, "kernel_size": 5, "attention_heads": 2}, "parameter_index": 0}',
    index: 0
  },
  placementConstraint: { type: 'None', gpus: [] }
}
[2026-05-19 21:26:56] INFO (LocalV3.local) Created trial st2Al
[2026-05-19 21:26:58] INFO (LocalV3.local) Trial parameter: st2Al {"parameter_id": 30, "parameter_source": "algorithm", "parameters": {"model_type": "LSTM", "units": 16, "num_layers": 1, "dropout": 0, "activation": "relu", "lr": 0.00031622776601683783, "window_size": 2, "batch_size": 16, "epochs": 15, "kernel_size": 5, "attention_heads": 2}, "parameter_index": 0}
[2026-05-19 21:27:08] INFO (NNIManager) Trial job st2Al status changed from RUNNING to SUCCEEDED
[2026-05-19 21:27:08] INFO (NNIManager) NNIManager received command from dispatcher: TR, {"parameter_id": 31, "parameter_source": "algorithm", "parameters": {"model_type": "LSTM", "units": 16, "num_layers": 1, "dropout": 0, "activation": "relu", "lr": 0.00031622776601683783, "window_size": 2, "batch_size": 16, "epochs": 15, "kernel_size": 5, "attention_heads": 4}, "parameter_index": 0}
[2026-05-19 21:27:09] INFO (NNIManager) submitTrialJob: form: {
  sequenceId: 31,
  hyperParameters: {
    value: '{"parameter_id": 31, "parameter_source": "algorithm", "parameters": {"model_type": "LSTM", "units": 16, "num_layers": 1, "dropout": 0, "activation": "relu", "lr": 0.00031622776601683783, "window_size": 2, "batch_size": 16, "epochs": 15, "kernel_size": 5, "attention_heads": 4}, "parameter_index": 0}',
    index: 0
  },
  placementConstraint: { type: 'None', gpus: [] }
}
[2026-05-19 21:27:09] INFO (LocalV3.local) Created trial yxRGf
[2026-05-19 21:27:11] INFO (LocalV3.local) Trial parameter: yxRGf {"parameter_id": 31, "parameter_source": "algorithm", "parameters": {"model_type": "LSTM", "units": 16, "num_layers": 1, "dropout": 0, "activation": "relu", "lr": 0.00031622776601683783, "window_size": 2, "batch_size": 16, "epochs": 15, "kernel_size": 5, "attention_heads": 4}, "parameter_index": 0}
[2026-05-19 21:27:21] INFO (NNIManager) Trial job yxRGf status changed from RUNNING to SUCCEEDED
[2026-05-19 21:27:21] INFO (NNIManager) NNIManager received command from dispatcher: TR, {"parameter_id": 32, "parameter_source": "algorithm", "parameters": {"model_type": "LSTM", "units": 16, "num_layers": 1, "dropout": 0, "activation": "relu", "lr": 0.00031622776601683783, "window_size": 2, "batch_size": 16, "epochs": 15, "kernel_size": 5, "attention_heads": 8}, "parameter_index": 0}
[2026-05-19 21:27:22] INFO (NNIManager) submitTrialJob: form: {
  sequenceId: 32,
  hyperParameters: {
    value: '{"parameter_id": 32, "parameter_source": "algorithm", "parameters": {"model_type": "LSTM", "units": 16, "num_layers": 1, "dropout": 0, "activation": "relu", "lr": 0.00031622776601683783, "window_size": 2, "batch_size": 16, "epochs": 15, "kernel_size": 5, "attention_heads": 8}, "parameter_index": 0}',
    index: 0
  },
  placementConstraint: { type: 'None', gpus: [] }
}
[2026-05-19 21:27:22] INFO (LocalV3.local) Created trial iNnxC
[2026-05-19 21:27:24] INFO (LocalV3.local) Trial parameter: iNnxC {"parameter_id": 32, "parameter_source": "algorithm", "parameters": {"model_type": "LSTM", "units": 16, "num_layers": 1, "dropout": 0, "activation": "relu", "lr": 0.00031622776601683783, "window_size": 2, "batch_size": 16, "epochs": 15, "kernel_size": 5, "attention_heads": 8}, "parameter_index": 0}
[2026-05-19 21:27:34] INFO (NNIManager) Trial job iNnxC status changed from RUNNING to SUCCEEDED
[2026-05-19 21:27:34] INFO (NNIManager) NNIManager received command from dispatcher: TR, {"parameter_id": 33, "parameter_source": "algorithm", "parameters": {"model_type": "LSTM", "units": 16, "num_layers": 1, "dropout": 0, "activation": "relu", "lr": 0.00031622776601683783, "window_size": 2, "batch_size": 16, "epochs": 15, "kernel_size": 7, "attention_heads": 2}, "parameter_index": 0}
[2026-05-19 21:27:34] INFO (NNIManager) submitTrialJob: form: {
  sequenceId: 33,
  hyperParameters: {
    value: '{"parameter_id": 33, "parameter_source": "algorithm", "parameters": {"model_type": "LSTM", "units": 16, "num_layers": 1, "dropout": 0, "activation": "relu", "lr": 0.00031622776601683783, "window_size": 2, "batch_size": 16, "epochs": 15, "kernel_size": 7, "attention_heads": 2}, "parameter_index": 0}',
    index: 0
  },
  placementConstraint: { type: 'None', gpus: [] }
}
[2026-05-19 21:27:34] INFO (LocalV3.local) Created trial MZo0h
[2026-05-19 21:27:36] INFO (LocalV3.local) Trial parameter: MZo0h {"parameter_id": 33, "parameter_source": "algorithm", "parameters": {"model_type": "LSTM", "units": 16, "num_layers": 1, "dropout": 0, "activation": "relu", "lr": 0.00031622776601683783, "window_size": 2, "batch_size": 16, "epochs": 15, "kernel_size": 7, "attention_heads": 2}, "parameter_index": 0}
[2026-05-19 21:27:46] INFO (NNIManager) Trial job MZo0h status changed from RUNNING to SUCCEEDED
[2026-05-19 21:27:46] INFO (NNIManager) NNIManager received command from dispatcher: TR, {"parameter_id": 34, "parameter_source": "algorithm", "parameters": {"model_type": "LSTM", "units": 16, "num_layers": 1, "dropout": 0, "activation": "relu", "lr": 0.00031622776601683783, "window_size": 2, "batch_size": 16, "epochs": 15, "kernel_size": 7, "attention_heads": 4}, "parameter_index": 0}
[2026-05-19 21:27:47] INFO (NNIManager) submitTrialJob: form: {
  sequenceId: 34,
  hyperParameters: {
    value: '{"parameter_id": 34, "parameter_source": "algorithm", "parameters": {"model_type": "LSTM", "units": 16, "num_layers": 1, "dropout": 0, "activation": "relu", "lr": 0.00031622776601683783, "window_size": 2, "batch_size": 16, "epochs": 15, "kernel_size": 7, "attention_heads": 4}, "parameter_index": 0}',
    index: 0
  },
  placementConstraint: { type: 'None', gpus: [] }
}
[2026-05-19 21:27:47] INFO (LocalV3.local) Created trial hrR6B
[2026-05-19 21:27:49] INFO (LocalV3.local) Trial parameter: hrR6B {"parameter_id": 34, "parameter_source": "algorithm", "parameters": {"model_type": "LSTM", "units": 16, "num_layers": 1, "dropout": 0, "activation": "relu", "lr": 0.00031622776601683783, "window_size": 2, "batch_size": 16, "epochs": 15, "kernel_size": 7, "attention_heads": 4}, "parameter_index": 0}
[2026-05-19 21:27:59] INFO (NNIManager) Trial job hrR6B status changed from RUNNING to SUCCEEDED
[2026-05-19 21:27:59] INFO (NNIManager) NNIManager received command from dispatcher: TR, {"parameter_id": 35, "parameter_source": "algorithm", "parameters": {"model_type": "LSTM", "units": 16, "num_layers": 1, "dropout": 0, "activation": "relu", "lr": 0.00031622776601683783, "window_size": 2, "batch_size": 16, "epochs": 15, "kernel_size": 7, "attention_heads": 8}, "parameter_index": 0}
[2026-05-19 21:28:00] INFO (NNIManager) submitTrialJob: form: {
  sequenceId: 35,
  hyperParameters: {
    value: '{"parameter_id": 35, "parameter_source": "algorithm", "parameters": {"model_type": "LSTM", "units": 16, "num_layers": 1, "dropout": 0, "activation": "relu", "lr": 0.00031622776601683783, "window_size": 2, "batch_size": 16, "epochs": 15, "kernel_size": 7, "attention_heads": 8}, "parameter_index": 0}',
    index: 0
  },
  placementConstraint: { type: 'None', gpus: [] }
}
[2026-05-19 21:28:00] INFO (LocalV3.local) Created trial uEPfO
[2026-05-19 21:28:02] INFO (LocalV3.local) Trial parameter: uEPfO {"parameter_id": 35, "parameter_source": "algorithm", "parameters": {"model_type": "LSTM", "units": 16, "num_layers": 1, "dropout": 0, "activation": "relu", "lr": 0.00031622776601683783, "window_size": 2, "batch_size": 16, "epochs": 15, "kernel_size": 7, "attention_heads": 8}, "parameter_index": 0}
[2026-05-19 21:28:12] INFO (NNIManager) Trial job uEPfO status changed from RUNNING to SUCCEEDED
[2026-05-19 21:28:13] INFO (NNIManager) NNIManager received command from dispatcher: TR, {"parameter_id": 36, "parameter_source": "algorithm", "parameters": {"model_type": "LSTM", "units": 16, "num_layers": 1, "dropout": 0, "activation": "relu", "lr": 0.00031622776601683783, "window_size": 2, "batch_size": 16, "epochs": 20, "kernel_size": 2, "attention_heads": 2}, "parameter_index": 0}
[2026-05-19 21:28:13] INFO (NNIManager) submitTrialJob: form: {
  sequenceId: 36,
  hyperParameters: {
    value: '{"parameter_id": 36, "parameter_source": "algorithm", "parameters": {"model_type": "LSTM", "units": 16, "num_layers": 1, "dropout": 0, "activation": "relu", "lr": 0.00031622776601683783, "window_size": 2, "batch_size": 16, "epochs": 20, "kernel_size": 2, "attention_heads": 2}, "parameter_index": 0}',
    index: 0
  },
  placementConstraint: { type: 'None', gpus: [] }
}
[2026-05-19 21:28:13] INFO (LocalV3.local) Created trial Ej3t9
[2026-05-19 21:28:15] INFO (LocalV3.local) Trial parameter: Ej3t9 {"parameter_id": 36, "parameter_source": "algorithm", "parameters": {"model_type": "LSTM", "units": 16, "num_layers": 1, "dropout": 0, "activation": "relu", "lr": 0.00031622776601683783, "window_size": 2, "batch_size": 16, "epochs": 20, "kernel_size": 2, "attention_heads": 2}, "parameter_index": 0}
[2026-05-19 21:28:28] INFO (NNIManager) Trial job Ej3t9 status changed from RUNNING to SUCCEEDED
[2026-05-19 21:28:28] INFO (NNIManager) NNIManager received command from dispatcher: TR, {"parameter_id": 37, "parameter_source": "algorithm", "parameters": {"model_type": "LSTM", "units": 16, "num_layers": 1, "dropout": 0, "activation": "relu", "lr": 0.00031622776601683783, "window_size": 2, "batch_size": 16, "epochs": 20, "kernel_size": 2, "attention_heads": 4}, "parameter_index": 0}
[2026-05-19 21:28:29] INFO (NNIManager) submitTrialJob: form: {
  sequenceId: 37,
  hyperParameters: {
    value: '{"parameter_id": 37, "parameter_source": "algorithm", "parameters": {"model_type": "LSTM", "units": 16, "num_layers": 1, "dropout": 0, "activation": "relu", "lr": 0.00031622776601683783, "window_size": 2, "batch_size": 16, "epochs": 20, "kernel_size": 2, "attention_heads": 4}, "parameter_index": 0}',
    index: 0
  },
  placementConstraint: { type: 'None', gpus: [] }
}
[2026-05-19 21:28:29] INFO (LocalV3.local) Created trial vjmqC
[2026-05-19 21:28:30] INFO (LocalV3.local) Trial parameter: vjmqC {"parameter_id": 37, "parameter_source": "algorithm", "parameters": {"model_type": "LSTM", "units": 16, "num_layers": 1, "dropout": 0, "activation": "relu", "lr": 0.00031622776601683783, "window_size": 2, "batch_size": 16, "epochs": 20, "kernel_size": 2, "attention_heads": 4}, "parameter_index": 0}
[2026-05-19 21:28:44] INFO (NNIManager) Trial job vjmqC status changed from RUNNING to SUCCEEDED
[2026-05-19 21:28:44] INFO (NNIManager) NNIManager received command from dispatcher: TR, {"parameter_id": 38, "parameter_source": "algorithm", "parameters": {"model_type": "LSTM", "units": 16, "num_layers": 1, "dropout": 0, "activation": "relu", "lr": 0.00031622776601683783, "window_size": 2, "batch_size": 16, "epochs": 20, "kernel_size": 2, "attention_heads": 8}, "parameter_index": 0}
[2026-05-19 21:28:44] INFO (NNIManager) submitTrialJob: form: {
  sequenceId: 38,
  hyperParameters: {
    value: '{"parameter_id": 38, "parameter_source": "algorithm", "parameters": {"model_type": "LSTM", "units": 16, "num_layers": 1, "dropout": 0, "activation": "relu", "lr": 0.00031622776601683783, "window_size": 2, "batch_size": 16, "epochs": 20, "kernel_size": 2, "attention_heads": 8}, "parameter_index": 0}',
    index: 0
  },
  placementConstraint: { type: 'None', gpus: [] }
}
[2026-05-19 21:28:44] INFO (LocalV3.local) Created trial Oeupg
[2026-05-19 21:28:46] INFO (LocalV3.local) Trial parameter: Oeupg {"parameter_id": 38, "parameter_source": "algorithm", "parameters": {"model_type": "LSTM", "units": 16, "num_layers": 1, "dropout": 0, "activation": "relu", "lr": 0.00031622776601683783, "window_size": 2, "batch_size": 16, "epochs": 20, "kernel_size": 2, "attention_heads": 8}, "parameter_index": 0}
[2026-05-19 21:28:59] INFO (NNIManager) Trial job Oeupg status changed from RUNNING to SUCCEEDED
[2026-05-19 21:28:59] INFO (NNIManager) NNIManager received command from dispatcher: TR, {"parameter_id": 39, "parameter_source": "algorithm", "parameters": {"model_type": "LSTM", "units": 16, "num_layers": 1, "dropout": 0, "activation": "relu", "lr": 0.00031622776601683783, "window_size": 2, "batch_size": 16, "epochs": 20, "kernel_size": 3, "attention_heads": 2}, "parameter_index": 0}
[2026-05-19 21:28:59] INFO (NNIManager) submitTrialJob: form: {
  sequenceId: 39,
  hyperParameters: {
    value: '{"parameter_id": 39, "parameter_source": "algorithm", "parameters": {"model_type": "LSTM", "units": 16, "num_layers": 1, "dropout": 0, "activation": "relu", "lr": 0.00031622776601683783, "window_size": 2, "batch_size": 16, "epochs": 20, "kernel_size": 3, "attention_heads": 2}, "parameter_index": 0}',
    index: 0
  },
  placementConstraint: { type: 'None', gpus: [] }
}
[2026-05-19 21:28:59] INFO (LocalV3.local) Created trial PZQV3
[2026-05-19 21:29:01] INFO (LocalV3.local) Trial parameter: PZQV3 {"parameter_id": 39, "parameter_source": "algorithm", "parameters": {"model_type": "LSTM", "units": 16, "num_layers": 1, "dropout": 0, "activation": "relu", "lr": 0.00031622776601683783, "window_size": 2, "batch_size": 16, "epochs": 20, "kernel_size": 3, "attention_heads": 2}, "parameter_index": 0}
[2026-05-19 21:29:14] INFO (NNIManager) Trial job PZQV3 status changed from RUNNING to SUCCEEDED
[2026-05-19 21:29:14] INFO (NNIManager) NNIManager received command from dispatcher: TR, {"parameter_id": 40, "parameter_source": "algorithm", "parameters": {"model_type": "LSTM", "units": 16, "num_layers": 1, "dropout": 0, "activation": "relu", "lr": 0.00031622776601683783, "window_size": 2, "batch_size": 16, "epochs": 20, "kernel_size": 3, "attention_heads": 4}, "parameter_index": 0}
[2026-05-19 21:29:14] INFO (NNIManager) submitTrialJob: form: {
  sequenceId: 40,
  hyperParameters: {
    value: '{"parameter_id": 40, "parameter_source": "algorithm", "parameters": {"model_type": "LSTM", "units": 16, "num_layers": 1, "dropout": 0, "activation": "relu", "lr": 0.00031622776601683783, "window_size": 2, "batch_size": 16, "epochs": 20, "kernel_size": 3, "attention_heads": 4}, "parameter_index": 0}',
    index: 0
  },
  placementConstraint: { type: 'None', gpus: [] }
}
[2026-05-19 21:29:14] INFO (LocalV3.local) Created trial zckDu
[2026-05-19 21:29:16] INFO (LocalV3.local) Trial parameter: zckDu {"parameter_id": 40, "parameter_source": "algorithm", "parameters": {"model_type": "LSTM", "units": 16, "num_layers": 1, "dropout": 0, "activation": "relu", "lr": 0.00031622776601683783, "window_size": 2, "batch_size": 16, "epochs": 20, "kernel_size": 3, "attention_heads": 4}, "parameter_index": 0}
[2026-05-19 21:29:29] INFO (NNIManager) Trial job zckDu status changed from RUNNING to SUCCEEDED
[2026-05-19 21:29:29] INFO (NNIManager) NNIManager received command from dispatcher: TR, {"parameter_id": 41, "parameter_source": "algorithm", "parameters": {"model_type": "LSTM", "units": 16, "num_layers": 1, "dropout": 0, "activation": "relu", "lr": 0.00031622776601683783, "window_size": 2, "batch_size": 16, "epochs": 20, "kernel_size": 3, "attention_heads": 8}, "parameter_index": 0}
[2026-05-19 21:29:30] INFO (NNIManager) submitTrialJob: form: {
  sequenceId: 41,
  hyperParameters: {
    value: '{"parameter_id": 41, "parameter_source": "algorithm", "parameters": {"model_type": "LSTM", "units": 16, "num_layers": 1, "dropout": 0, "activation": "relu", "lr": 0.00031622776601683783, "window_size": 2, "batch_size": 16, "epochs": 20, "kernel_size": 3, "attention_heads": 8}, "parameter_index": 0}',
    index: 0
  },
  placementConstraint: { type: 'None', gpus: [] }
}
[2026-05-19 21:29:30] INFO (LocalV3.local) Created trial DBdiz
[2026-05-19 21:29:31] INFO (LocalV3.local) Trial parameter: DBdiz {"parameter_id": 41, "parameter_source": "algorithm", "parameters": {"model_type": "LSTM", "units": 16, "num_layers": 1, "dropout": 0, "activation": "relu", "lr": 0.00031622776601683783, "window_size": 2, "batch_size": 16, "epochs": 20, "kernel_size": 3, "attention_heads": 8}, "parameter_index": 0}
[2026-05-19 21:29:44] INFO (NNIManager) Trial job DBdiz status changed from RUNNING to SUCCEEDED
[2026-05-19 21:29:44] INFO (NNIManager) NNIManager received command from dispatcher: TR, {"parameter_id": 42, "parameter_source": "algorithm", "parameters": {"model_type": "LSTM", "units": 16, "num_layers": 1, "dropout": 0, "activation": "relu", "lr": 0.00031622776601683783, "window_size": 2, "batch_size": 16, "epochs": 20, "kernel_size": 5, "attention_heads": 2}, "parameter_index": 0}
[2026-05-19 21:29:45] INFO (NNIManager) submitTrialJob: form: {
  sequenceId: 42,
  hyperParameters: {
    value: '{"parameter_id": 42, "parameter_source": "algorithm", "parameters": {"model_type": "LSTM", "units": 16, "num_layers": 1, "dropout": 0, "activation": "relu", "lr": 0.00031622776601683783, "window_size": 2, "batch_size": 16, "epochs": 20, "kernel_size": 5, "attention_heads": 2}, "parameter_index": 0}',
    index: 0
  },
  placementConstraint: { type: 'None', gpus: [] }
}
[2026-05-19 21:29:45] INFO (LocalV3.local) Created trial sgp6l
[2026-05-19 21:29:46] INFO (LocalV3.local) Trial parameter: sgp6l {"parameter_id": 42, "parameter_source": "algorithm", "parameters": {"model_type": "LSTM", "units": 16, "num_layers": 1, "dropout": 0, "activation": "relu", "lr": 0.00031622776601683783, "window_size": 2, "batch_size": 16, "epochs": 20, "kernel_size": 5, "attention_heads": 2}, "parameter_index": 0}
[2026-05-19 21:30:00] INFO (NNIManager) Trial job sgp6l status changed from RUNNING to SUCCEEDED
[2026-05-19 21:30:00] INFO (NNIManager) NNIManager received command from dispatcher: TR, {"parameter_id": 43, "parameter_source": "algorithm", "parameters": {"model_type": "LSTM", "units": 16, "num_layers": 1, "dropout": 0, "activation": "relu", "lr": 0.00031622776601683783, "window_size": 2, "batch_size": 16, "epochs": 20, "kernel_size": 5, "attention_heads": 4}, "parameter_index": 0}
[2026-05-19 21:30:00] INFO (NNIManager) submitTrialJob: form: {
  sequenceId: 43,
  hyperParameters: {
    value: '{"parameter_id": 43, "parameter_source": "algorithm", "parameters": {"model_type": "LSTM", "units": 16, "num_layers": 1, "dropout": 0, "activation": "relu", "lr": 0.00031622776601683783, "window_size": 2, "batch_size": 16, "epochs": 20, "kernel_size": 5, "attention_heads": 4}, "parameter_index": 0}',
    index: 0
  },
  placementConstraint: { type: 'None', gpus: [] }
}
[2026-05-19 21:30:00] INFO (LocalV3.local) Created trial qqcvO
[2026-05-19 21:30:02] INFO (LocalV3.local) Trial parameter: qqcvO {"parameter_id": 43, "parameter_source": "algorithm", "parameters": {"model_type": "LSTM", "units": 16, "num_layers": 1, "dropout": 0, "activation": "relu", "lr": 0.00031622776601683783, "window_size": 2, "batch_size": 16, "epochs": 20, "kernel_size": 5, "attention_heads": 4}, "parameter_index": 0}
[2026-05-19 21:30:15] INFO (NNIManager) Trial job qqcvO status changed from RUNNING to SUCCEEDED
[2026-05-19 21:30:15] INFO (NNIManager) NNIManager received command from dispatcher: TR, {"parameter_id": 44, "parameter_source": "algorithm", "parameters": {"model_type": "LSTM", "units": 16, "num_layers": 1, "dropout": 0, "activation": "relu", "lr": 0.00031622776601683783, "window_size": 2, "batch_size": 16, "epochs": 20, "kernel_size": 5, "attention_heads": 8}, "parameter_index": 0}
[2026-05-19 21:30:15] INFO (NNIManager) submitTrialJob: form: {
  sequenceId: 44,
  hyperParameters: {
    value: '{"parameter_id": 44, "parameter_source": "algorithm", "parameters": {"model_type": "LSTM", "units": 16, "num_layers": 1, "dropout": 0, "activation": "relu", "lr": 0.00031622776601683783, "window_size": 2, "batch_size": 16, "epochs": 20, "kernel_size": 5, "attention_heads": 8}, "parameter_index": 0}',
    index: 0
  },
  placementConstraint: { type: 'None', gpus: [] }
}
[2026-05-19 21:30:15] INFO (LocalV3.local) Created trial CgQuZ
[2026-05-19 21:30:17] INFO (LocalV3.local) Trial parameter: CgQuZ {"parameter_id": 44, "parameter_source": "algorithm", "parameters": {"model_type": "LSTM", "units": 16, "num_layers": 1, "dropout": 0, "activation": "relu", "lr": 0.00031622776601683783, "window_size": 2, "batch_size": 16, "epochs": 20, "kernel_size": 5, "attention_heads": 8}, "parameter_index": 0}
[2026-05-19 21:30:30] INFO (NNIManager) Trial job CgQuZ status changed from RUNNING to SUCCEEDED
[2026-05-19 21:30:30] INFO (NNIManager) NNIManager received command from dispatcher: TR, {"parameter_id": 45, "parameter_source": "algorithm", "parameters": {"model_type": "LSTM", "units": 16, "num_layers": 1, "dropout": 0, "activation": "relu", "lr": 0.00031622776601683783, "window_size": 2, "batch_size": 16, "epochs": 20, "kernel_size": 7, "attention_heads": 2}, "parameter_index": 0}
[2026-05-19 21:30:31] INFO (NNIManager) submitTrialJob: form: {
  sequenceId: 45,
  hyperParameters: {
    value: '{"parameter_id": 45, "parameter_source": "algorithm", "parameters": {"model_type": "LSTM", "units": 16, "num_layers": 1, "dropout": 0, "activation": "relu", "lr": 0.00031622776601683783, "window_size": 2, "batch_size": 16, "epochs": 20, "kernel_size": 7, "attention_heads": 2}, "parameter_index": 0}',
    index: 0
  },
  placementConstraint: { type: 'None', gpus: [] }
}
[2026-05-19 21:30:31] INFO (LocalV3.local) Created trial N9WEN
[2026-05-19 21:30:33] INFO (LocalV3.local) Trial parameter: N9WEN {"parameter_id": 45, "parameter_source": "algorithm", "parameters": {"model_type": "LSTM", "units": 16, "num_layers": 1, "dropout": 0, "activation": "relu", "lr": 0.00031622776601683783, "window_size": 2, "batch_size": 16, "epochs": 20, "kernel_size": 7, "attention_heads": 2}, "parameter_index": 0}
[2026-05-19 21:30:45] INFO (NNIManager) Trial job N9WEN status changed from RUNNING to SUCCEEDED
[2026-05-19 21:30:45] INFO (NNIManager) NNIManager received command from dispatcher: TR, {"parameter_id": 46, "parameter_source": "algorithm", "parameters": {"model_type": "LSTM", "units": 16, "num_layers": 1, "dropout": 0, "activation": "relu", "lr": 0.00031622776601683783, "window_size": 2, "batch_size": 16, "epochs": 20, "kernel_size": 7, "attention_heads": 4}, "parameter_index": 0}
[2026-05-19 21:30:46] INFO (NNIManager) submitTrialJob: form: {
  sequenceId: 46,
  hyperParameters: {
    value: '{"parameter_id": 46, "parameter_source": "algorithm", "parameters": {"model_type": "LSTM", "units": 16, "num_layers": 1, "dropout": 0, "activation": "relu", "lr": 0.00031622776601683783, "window_size": 2, "batch_size": 16, "epochs": 20, "kernel_size": 7, "attention_heads": 4}, "parameter_index": 0}',
    index: 0
  },
  placementConstraint: { type: 'None', gpus: [] }
}
[2026-05-19 21:30:46] INFO (LocalV3.local) Created trial nb1Mu
[2026-05-19 21:30:48] INFO (LocalV3.local) Trial parameter: nb1Mu {"parameter_id": 46, "parameter_source": "algorithm", "parameters": {"model_type": "LSTM", "units": 16, "num_layers": 1, "dropout": 0, "activation": "relu", "lr": 0.00031622776601683783, "window_size": 2, "batch_size": 16, "epochs": 20, "kernel_size": 7, "attention_heads": 4}, "parameter_index": 0}
[2026-05-19 21:31:01] INFO (NNIManager) Trial job nb1Mu status changed from RUNNING to SUCCEEDED
[2026-05-19 21:31:01] INFO (NNIManager) NNIManager received command from dispatcher: TR, {"parameter_id": 47, "parameter_source": "algorithm", "parameters": {"model_type": "LSTM", "units": 16, "num_layers": 1, "dropout": 0, "activation": "relu", "lr": 0.00031622776601683783, "window_size": 2, "batch_size": 16, "epochs": 20, "kernel_size": 7, "attention_heads": 8}, "parameter_index": 0}
[2026-05-19 21:31:01] INFO (NNIManager) submitTrialJob: form: {
  sequenceId: 47,
  hyperParameters: {
    value: '{"parameter_id": 47, "parameter_source": "algorithm", "parameters": {"model_type": "LSTM", "units": 16, "num_layers": 1, "dropout": 0, "activation": "relu", "lr": 0.00031622776601683783, "window_size": 2, "batch_size": 16, "epochs": 20, "kernel_size": 7, "attention_heads": 8}, "parameter_index": 0}',
    index: 0
  },
  placementConstraint: { type: 'None', gpus: [] }
}
[2026-05-19 21:31:01] INFO (LocalV3.local) Created trial l6nxT
[2026-05-19 21:31:03] INFO (LocalV3.local) Trial parameter: l6nxT {"parameter_id": 47, "parameter_source": "algorithm", "parameters": {"model_type": "LSTM", "units": 16, "num_layers": 1, "dropout": 0, "activation": "relu", "lr": 0.00031622776601683783, "window_size": 2, "batch_size": 16, "epochs": 20, "kernel_size": 7, "attention_heads": 8}, "parameter_index": 0}
[2026-05-19 21:31:16] INFO (NNIManager) Trial job l6nxT status changed from RUNNING to SUCCEEDED
[2026-05-19 21:31:16] INFO (NNIManager) NNIManager received command from dispatcher: TR, {"parameter_id": 48, "parameter_source": "algorithm", "parameters": {"model_type": "LSTM", "units": 16, "num_layers": 1, "dropout": 0, "activation": "relu", "lr": 0.00031622776601683783, "window_size": 2, "batch_size": 32, "epochs": 5, "kernel_size": 2, "attention_heads": 2}, "parameter_index": 0}
[2026-05-19 21:31:17] INFO (NNIManager) submitTrialJob: form: {
  sequenceId: 48,
  hyperParameters: {
    value: '{"parameter_id": 48, "parameter_source": "algorithm", "parameters": {"model_type": "LSTM", "units": 16, "num_layers": 1, "dropout": 0, "activation": "relu", "lr": 0.00031622776601683783, "window_size": 2, "batch_size": 32, "epochs": 5, "kernel_size": 2, "attention_heads": 2}, "parameter_index": 0}',
    index: 0
  },
  placementConstraint: { type: 'None', gpus: [] }
}
[2026-05-19 21:31:17] INFO (LocalV3.local) Created trial Xe3OL
[2026-05-19 21:31:19] INFO (LocalV3.local) Trial parameter: Xe3OL {"parameter_id": 48, "parameter_source": "algorithm", "parameters": {"model_type": "LSTM", "units": 16, "num_layers": 1, "dropout": 0, "activation": "relu", "lr": 0.00031622776601683783, "window_size": 2, "batch_size": 32, "epochs": 5, "kernel_size": 2, "attention_heads": 2}, "parameter_index": 0}
[2026-05-19 21:31:23] INFO (NNIManager) Trial job Xe3OL status changed from RUNNING to SUCCEEDED
[2026-05-19 21:31:23] INFO (NNIManager) NNIManager received command from dispatcher: TR, {"parameter_id": 49, "parameter_source": "algorithm", "parameters": {"model_type": "LSTM", "units": 16, "num_layers": 1, "dropout": 0, "activation": "relu", "lr": 0.00031622776601683783, "window_size": 2, "batch_size": 32, "epochs": 5, "kernel_size": 2, "attention_heads": 4}, "parameter_index": 0}
[2026-05-19 21:31:24] INFO (NNIManager) submitTrialJob: form: {
  sequenceId: 49,
  hyperParameters: {
    value: '{"parameter_id": 49, "parameter_source": "algorithm", "parameters": {"model_type": "LSTM", "units": 16, "num_layers": 1, "dropout": 0, "activation": "relu", "lr": 0.00031622776601683783, "window_size": 2, "batch_size": 32, "epochs": 5, "kernel_size": 2, "attention_heads": 4}, "parameter_index": 0}',
    index: 0
  },
  placementConstraint: { type: 'None', gpus: [] }
}
[2026-05-19 21:31:24] INFO (LocalV3.local) Created trial zU2VS
[2026-05-19 21:31:25] INFO (LocalV3.local) Trial parameter: zU2VS {"parameter_id": 49, "parameter_source": "algorithm", "parameters": {"model_type": "LSTM", "units": 16, "num_layers": 1, "dropout": 0, "activation": "relu", "lr": 0.00031622776601683783, "window_size": 2, "batch_size": 32, "epochs": 5, "kernel_size": 2, "attention_heads": 4}, "parameter_index": 0}
[2026-05-19 21:31:30] INFO (NNIManager) Trial job zU2VS status changed from RUNNING to SUCCEEDED
[2026-05-19 21:31:30] INFO (NNIManager) NNIManager received command from dispatcher: TR, {"parameter_id": 50, "parameter_source": "algorithm", "parameters": {"model_type": "LSTM", "units": 16, "num_layers": 1, "dropout": 0, "activation": "relu", "lr": 0.00031622776601683783, "window_size": 2, "batch_size": 32, "epochs": 5, "kernel_size": 2, "attention_heads": 8}, "parameter_index": 0}
[2026-05-19 21:31:30] INFO (NNIManager) submitTrialJob: form: {
  sequenceId: 50,
  hyperParameters: {
    value: '{"parameter_id": 50, "parameter_source": "algorithm", "parameters": {"model_type": "LSTM", "units": 16, "num_layers": 1, "dropout": 0, "activation": "relu", "lr": 0.00031622776601683783, "window_size": 2, "batch_size": 32, "epochs": 5, "kernel_size": 2, "attention_heads": 8}, "parameter_index": 0}',
    index: 0
  },
  placementConstraint: { type: 'None', gpus: [] }
}
[2026-05-19 21:31:30] INFO (LocalV3.local) Created trial gleNp
[2026-05-19 21:31:32] INFO (LocalV3.local) Trial parameter: gleNp {"parameter_id": 50, "parameter_source": "algorithm", "parameters": {"model_type": "LSTM", "units": 16, "num_layers": 1, "dropout": 0, "activation": "relu", "lr": 0.00031622776601683783, "window_size": 2, "batch_size": 32, "epochs": 5, "kernel_size": 2, "attention_heads": 8}, "parameter_index": 0}
[2026-05-19 21:31:36] INFO (NNIManager) Trial job gleNp status changed from RUNNING to SUCCEEDED
[2026-05-19 21:31:36] INFO (NNIManager) NNIManager received command from dispatcher: TR, {"parameter_id": 51, "parameter_source": "algorithm", "parameters": {"model_type": "LSTM", "units": 16, "num_layers": 1, "dropout": 0, "activation": "relu", "lr": 0.00031622776601683783, "window_size": 2, "batch_size": 32, "epochs": 5, "kernel_size": 3, "attention_heads": 2}, "parameter_index": 0}
[2026-05-19 21:31:37] INFO (NNIManager) submitTrialJob: form: {
  sequenceId: 51,
  hyperParameters: {
    value: '{"parameter_id": 51, "parameter_source": "algorithm", "parameters": {"model_type": "LSTM", "units": 16, "num_layers": 1, "dropout": 0, "activation": "relu", "lr": 0.00031622776601683783, "window_size": 2, "batch_size": 32, "epochs": 5, "kernel_size": 3, "attention_heads": 2}, "parameter_index": 0}',
    index: 0
  },
  placementConstraint: { type: 'None', gpus: [] }
}
[2026-05-19 21:31:37] INFO (LocalV3.local) Created trial o0ISc
[2026-05-19 21:31:38] INFO (LocalV3.local) Trial parameter: o0ISc {"parameter_id": 51, "parameter_source": "algorithm", "parameters": {"model_type": "LSTM", "units": 16, "num_layers": 1, "dropout": 0, "activation": "relu", "lr": 0.00031622776601683783, "window_size": 2, "batch_size": 32, "epochs": 5, "kernel_size": 3, "attention_heads": 2}, "parameter_index": 0}
[2026-05-19 21:31:43] INFO (NNIManager) Trial job o0ISc status changed from RUNNING to SUCCEEDED
[2026-05-19 21:31:43] INFO (NNIManager) NNIManager received command from dispatcher: TR, {"parameter_id": 52, "parameter_source": "algorithm", "parameters": {"model_type": "LSTM", "units": 16, "num_layers": 1, "dropout": 0, "activation": "relu", "lr": 0.00031622776601683783, "window_size": 2, "batch_size": 32, "epochs": 5, "kernel_size": 3, "attention_heads": 4}, "parameter_index": 0}
[2026-05-19 21:31:43] INFO (NNIManager) submitTrialJob: form: {
  sequenceId: 52,
  hyperParameters: {
    value: '{"parameter_id": 52, "parameter_source": "algorithm", "parameters": {"model_type": "LSTM", "units": 16, "num_layers": 1, "dropout": 0, "activation": "relu", "lr": 0.00031622776601683783, "window_size": 2, "batch_size": 32, "epochs": 5, "kernel_size": 3, "attention_heads": 4}, "parameter_index": 0}',
    index: 0
  },
  placementConstraint: { type: 'None', gpus: [] }
}
[2026-05-19 21:31:43] INFO (LocalV3.local) Created trial qaUbf
[2026-05-19 21:31:45] INFO (LocalV3.local) Trial parameter: qaUbf {"parameter_id": 52, "parameter_source": "algorithm", "parameters": {"model_type": "LSTM", "units": 16, "num_layers": 1, "dropout": 0, "activation": "relu", "lr": 0.00031622776601683783, "window_size": 2, "batch_size": 32, "epochs": 5, "kernel_size": 3, "attention_heads": 4}, "parameter_index": 0}
[2026-05-19 21:31:49] INFO (NNIManager) Trial job qaUbf status changed from RUNNING to SUCCEEDED
[2026-05-19 21:31:49] INFO (NNIManager) NNIManager received command from dispatcher: TR, {"parameter_id": 53, "parameter_source": "algorithm", "parameters": {"model_type": "LSTM", "units": 16, "num_layers": 1, "dropout": 0, "activation": "relu", "lr": 0.00031622776601683783, "window_size": 2, "batch_size": 32, "epochs": 5, "kernel_size": 3, "attention_heads": 8}, "parameter_index": 0}
[2026-05-19 21:31:50] INFO (NNIManager) submitTrialJob: form: {
  sequenceId: 53,
  hyperParameters: {
    value: '{"parameter_id": 53, "parameter_source": "algorithm", "parameters": {"model_type": "LSTM", "units": 16, "num_layers": 1, "dropout": 0, "activation": "relu", "lr": 0.00031622776601683783, "window_size": 2, "batch_size": 32, "epochs": 5, "kernel_size": 3, "attention_heads": 8}, "parameter_index": 0}',
    index: 0
  },
  placementConstraint: { type: 'None', gpus: [] }
}
[2026-05-19 21:31:50] INFO (LocalV3.local) Created trial KfCbO
[2026-05-19 21:31:51] INFO (LocalV3.local) Trial parameter: KfCbO {"parameter_id": 53, "parameter_source": "algorithm", "parameters": {"model_type": "LSTM", "units": 16, "num_layers": 1, "dropout": 0, "activation": "relu", "lr": 0.00031622776601683783, "window_size": 2, "batch_size": 32, "epochs": 5, "kernel_size": 3, "attention_heads": 8}, "parameter_index": 0}
[2026-05-19 21:31:56] INFO (NNIManager) Trial job KfCbO status changed from RUNNING to SUCCEEDED
[2026-05-19 21:31:56] INFO (NNIManager) NNIManager received command from dispatcher: TR, {"parameter_id": 54, "parameter_source": "algorithm", "parameters": {"model_type": "LSTM", "units": 16, "num_layers": 1, "dropout": 0, "activation": "relu", "lr": 0.00031622776601683783, "window_size": 2, "batch_size": 32, "epochs": 5, "kernel_size": 5, "attention_heads": 2}, "parameter_index": 0}
[2026-05-19 21:31:56] INFO (NNIManager) submitTrialJob: form: {
  sequenceId: 54,
  hyperParameters: {
    value: '{"parameter_id": 54, "parameter_source": "algorithm", "parameters": {"model_type": "LSTM", "units": 16, "num_layers": 1, "dropout": 0, "activation": "relu", "lr": 0.00031622776601683783, "window_size": 2, "batch_size": 32, "epochs": 5, "kernel_size": 5, "attention_heads": 2}, "parameter_index": 0}',
    index: 0
  },
  placementConstraint: { type: 'None', gpus: [] }
}
[2026-05-19 21:31:56] INFO (LocalV3.local) Created trial zYcZX
[2026-05-19 21:31:58] INFO (LocalV3.local) Trial parameter: zYcZX {"parameter_id": 54, "parameter_source": "algorithm", "parameters": {"model_type": "LSTM", "units": 16, "num_layers": 1, "dropout": 0, "activation": "relu", "lr": 0.00031622776601683783, "window_size": 2, "batch_size": 32, "epochs": 5, "kernel_size": 5, "attention_heads": 2}, "parameter_index": 0}
[2026-05-19 21:32:02] INFO (NNIManager) Trial job zYcZX status changed from RUNNING to SUCCEEDED
[2026-05-19 21:32:02] INFO (NNIManager) NNIManager received command from dispatcher: TR, {"parameter_id": 55, "parameter_source": "algorithm", "parameters": {"model_type": "LSTM", "units": 16, "num_layers": 1, "dropout": 0, "activation": "relu", "lr": 0.00031622776601683783, "window_size": 2, "batch_size": 32, "epochs": 5, "kernel_size": 5, "attention_heads": 4}, "parameter_index": 0}
[2026-05-19 21:32:03] INFO (NNIManager) submitTrialJob: form: {
  sequenceId: 55,
  hyperParameters: {
    value: '{"parameter_id": 55, "parameter_source": "algorithm", "parameters": {"model_type": "LSTM", "units": 16, "num_layers": 1, "dropout": 0, "activation": "relu", "lr": 0.00031622776601683783, "window_size": 2, "batch_size": 32, "epochs": 5, "kernel_size": 5, "attention_heads": 4}, "parameter_index": 0}',
    index: 0
  },
  placementConstraint: { type: 'None', gpus: [] }
}
[2026-05-19 21:32:03] INFO (LocalV3.local) Created trial wdb2E
[2026-05-19 21:32:04] INFO (LocalV3.local) Trial parameter: wdb2E {"parameter_id": 55, "parameter_source": "algorithm", "parameters": {"model_type": "LSTM", "units": 16, "num_layers": 1, "dropout": 0, "activation": "relu", "lr": 0.00031622776601683783, "window_size": 2, "batch_size": 32, "epochs": 5, "kernel_size": 5, "attention_heads": 4}, "parameter_index": 0}
[2026-05-19 21:32:09] INFO (NNIManager) Trial job wdb2E status changed from RUNNING to SUCCEEDED
[2026-05-19 21:32:09] INFO (NNIManager) NNIManager received command from dispatcher: TR, {"parameter_id": 56, "parameter_source": "algorithm", "parameters": {"model_type": "LSTM", "units": 16, "num_layers": 1, "dropout": 0, "activation": "relu", "lr": 0.00031622776601683783, "window_size": 2, "batch_size": 32, "epochs": 5, "kernel_size": 5, "attention_heads": 8}, "parameter_index": 0}
[2026-05-19 21:32:09] INFO (NNIManager) submitTrialJob: form: {
  sequenceId: 56,
  hyperParameters: {
    value: '{"parameter_id": 56, "parameter_source": "algorithm", "parameters": {"model_type": "LSTM", "units": 16, "num_layers": 1, "dropout": 0, "activation": "relu", "lr": 0.00031622776601683783, "window_size": 2, "batch_size": 32, "epochs": 5, "kernel_size": 5, "attention_heads": 8}, "parameter_index": 0}',
    index: 0
  },
  placementConstraint: { type: 'None', gpus: [] }
}
[2026-05-19 21:32:09] INFO (LocalV3.local) Created trial q2QSV
[2026-05-19 21:32:11] INFO (LocalV3.local) Trial parameter: q2QSV {"parameter_id": 56, "parameter_source": "algorithm", "parameters": {"model_type": "LSTM", "units": 16, "num_layers": 1, "dropout": 0, "activation": "relu", "lr": 0.00031622776601683783, "window_size": 2, "batch_size": 32, "epochs": 5, "kernel_size": 5, "attention_heads": 8}, "parameter_index": 0}
[2026-05-19 21:32:15] INFO (NNIManager) Trial job q2QSV status changed from RUNNING to SUCCEEDED
[2026-05-19 21:32:15] INFO (NNIManager) NNIManager received command from dispatcher: TR, {"parameter_id": 57, "parameter_source": "algorithm", "parameters": {"model_type": "LSTM", "units": 16, "num_layers": 1, "dropout": 0, "activation": "relu", "lr": 0.00031622776601683783, "window_size": 2, "batch_size": 32, "epochs": 5, "kernel_size": 7, "attention_heads": 2}, "parameter_index": 0}
[2026-05-19 21:32:16] INFO (NNIManager) submitTrialJob: form: {
  sequenceId: 57,
  hyperParameters: {
    value: '{"parameter_id": 57, "parameter_source": "algorithm", "parameters": {"model_type": "LSTM", "units": 16, "num_layers": 1, "dropout": 0, "activation": "relu", "lr": 0.00031622776601683783, "window_size": 2, "batch_size": 32, "epochs": 5, "kernel_size": 7, "attention_heads": 2}, "parameter_index": 0}',
    index: 0
  },
  placementConstraint: { type: 'None', gpus: [] }
}
[2026-05-19 21:32:16] INFO (LocalV3.local) Created trial KXeKd
[2026-05-19 21:32:17] INFO (LocalV3.local) Trial parameter: KXeKd {"parameter_id": 57, "parameter_source": "algorithm", "parameters": {"model_type": "LSTM", "units": 16, "num_layers": 1, "dropout": 0, "activation": "relu", "lr": 0.00031622776601683783, "window_size": 2, "batch_size": 32, "epochs": 5, "kernel_size": 7, "attention_heads": 2}, "parameter_index": 0}
[2026-05-19 21:32:22] INFO (NNIManager) Trial job KXeKd status changed from RUNNING to SUCCEEDED
[2026-05-19 21:32:22] INFO (NNIManager) NNIManager received command from dispatcher: TR, {"parameter_id": 58, "parameter_source": "algorithm", "parameters": {"model_type": "LSTM", "units": 16, "num_layers": 1, "dropout": 0, "activation": "relu", "lr": 0.00031622776601683783, "window_size": 2, "batch_size": 32, "epochs": 5, "kernel_size": 7, "attention_heads": 4}, "parameter_index": 0}
[2026-05-19 21:32:22] INFO (NNIManager) submitTrialJob: form: {
  sequenceId: 58,
  hyperParameters: {
    value: '{"parameter_id": 58, "parameter_source": "algorithm", "parameters": {"model_type": "LSTM", "units": 16, "num_layers": 1, "dropout": 0, "activation": "relu", "lr": 0.00031622776601683783, "window_size": 2, "batch_size": 32, "epochs": 5, "kernel_size": 7, "attention_heads": 4}, "parameter_index": 0}',
    index: 0
  },
  placementConstraint: { type: 'None', gpus: [] }
}
[2026-05-19 21:32:22] INFO (LocalV3.local) Created trial rMQZj
[2026-05-19 21:32:24] INFO (LocalV3.local) Trial parameter: rMQZj {"parameter_id": 58, "parameter_source": "algorithm", "parameters": {"model_type": "LSTM", "units": 16, "num_layers": 1, "dropout": 0, "activation": "relu", "lr": 0.00031622776601683783, "window_size": 2, "batch_size": 32, "epochs": 5, "kernel_size": 7, "attention_heads": 4}, "parameter_index": 0}
[2026-05-19 21:32:28] INFO (NNIManager) Trial job rMQZj status changed from RUNNING to SUCCEEDED
[2026-05-19 21:32:28] INFO (NNIManager) NNIManager received command from dispatcher: TR, {"parameter_id": 59, "parameter_source": "algorithm", "parameters": {"model_type": "LSTM", "units": 16, "num_layers": 1, "dropout": 0, "activation": "relu", "lr": 0.00031622776601683783, "window_size": 2, "batch_size": 32, "epochs": 5, "kernel_size": 7, "attention_heads": 8}, "parameter_index": 0}
[2026-05-19 21:32:29] INFO (NNIManager) submitTrialJob: form: {
  sequenceId: 59,
  hyperParameters: {
    value: '{"parameter_id": 59, "parameter_source": "algorithm", "parameters": {"model_type": "LSTM", "units": 16, "num_layers": 1, "dropout": 0, "activation": "relu", "lr": 0.00031622776601683783, "window_size": 2, "batch_size": 32, "epochs": 5, "kernel_size": 7, "attention_heads": 8}, "parameter_index": 0}',
    index: 0
  },
  placementConstraint: { type: 'None', gpus: [] }
}
[2026-05-19 21:32:29] INFO (LocalV3.local) Created trial FNTIX
[2026-05-19 21:32:31] INFO (LocalV3.local) Trial parameter: FNTIX {"parameter_id": 59, "parameter_source": "algorithm", "parameters": {"model_type": "LSTM", "units": 16, "num_layers": 1, "dropout": 0, "activation": "relu", "lr": 0.00031622776601683783, "window_size": 2, "batch_size": 32, "epochs": 5, "kernel_size": 7, "attention_heads": 8}, "parameter_index": 0}
[2026-05-19 21:32:35] INFO (NNIManager) Trial job FNTIX status changed from RUNNING to SUCCEEDED
[2026-05-19 21:32:35] INFO (NNIManager) NNIManager received command from dispatcher: TR, {"parameter_id": 60, "parameter_source": "algorithm", "parameters": {"model_type": "LSTM", "units": 16, "num_layers": 1, "dropout": 0, "activation": "relu", "lr": 0.00031622776601683783, "window_size": 2, "batch_size": 32, "epochs": 10, "kernel_size": 2, "attention_heads": 2}, "parameter_index": 0}
[2026-05-19 21:32:35] INFO (NNIManager) submitTrialJob: form: {
  sequenceId: 60,
  hyperParameters: {
    value: '{"parameter_id": 60, "parameter_source": "algorithm", "parameters": {"model_type": "LSTM", "units": 16, "num_layers": 1, "dropout": 0, "activation": "relu", "lr": 0.00031622776601683783, "window_size": 2, "batch_size": 32, "epochs": 10, "kernel_size": 2, "attention_heads": 2}, "parameter_index": 0}',
    index: 0
  },
  placementConstraint: { type: 'None', gpus: [] }
}
[2026-05-19 21:32:35] INFO (LocalV3.local) Created trial KYC3b
[2026-05-19 21:32:37] INFO (LocalV3.local) Trial parameter: KYC3b {"parameter_id": 60, "parameter_source": "algorithm", "parameters": {"model_type": "LSTM", "units": 16, "num_layers": 1, "dropout": 0, "activation": "relu", "lr": 0.00031622776601683783, "window_size": 2, "batch_size": 32, "epochs": 10, "kernel_size": 2, "attention_heads": 2}, "parameter_index": 0}
[2026-05-19 21:32:43] INFO (NNIManager) Trial job KYC3b status changed from RUNNING to SUCCEEDED
[2026-05-19 21:32:43] INFO (NNIManager) NNIManager received command from dispatcher: TR, {"parameter_id": 61, "parameter_source": "algorithm", "parameters": {"model_type": "LSTM", "units": 16, "num_layers": 1, "dropout": 0, "activation": "relu", "lr": 0.00031622776601683783, "window_size": 2, "batch_size": 32, "epochs": 10, "kernel_size": 2, "attention_heads": 4}, "parameter_index": 0}
[2026-05-19 21:32:43] INFO (NNIManager) submitTrialJob: form: {
  sequenceId: 61,
  hyperParameters: {
    value: '{"parameter_id": 61, "parameter_source": "algorithm", "parameters": {"model_type": "LSTM", "units": 16, "num_layers": 1, "dropout": 0, "activation": "relu", "lr": 0.00031622776601683783, "window_size": 2, "batch_size": 32, "epochs": 10, "kernel_size": 2, "attention_heads": 4}, "parameter_index": 0}',
    index: 0
  },
  placementConstraint: { type: 'None', gpus: [] }
}
[2026-05-19 21:32:43] INFO (LocalV3.local) Created trial Pejez
[2026-05-19 21:32:45] INFO (LocalV3.local) Trial parameter: Pejez {"parameter_id": 61, "parameter_source": "algorithm", "parameters": {"model_type": "LSTM", "units": 16, "num_layers": 1, "dropout": 0, "activation": "relu", "lr": 0.00031622776601683783, "window_size": 2, "batch_size": 32, "epochs": 10, "kernel_size": 2, "attention_heads": 4}, "parameter_index": 0}
[2026-05-19 21:32:51] INFO (NNIManager) Trial job Pejez status changed from RUNNING to SUCCEEDED
[2026-05-19 21:32:51] INFO (NNIManager) NNIManager received command from dispatcher: TR, {"parameter_id": 62, "parameter_source": "algorithm", "parameters": {"model_type": "LSTM", "units": 16, "num_layers": 1, "dropout": 0, "activation": "relu", "lr": 0.00031622776601683783, "window_size": 2, "batch_size": 32, "epochs": 10, "kernel_size": 2, "attention_heads": 8}, "parameter_index": 0}
[2026-05-19 21:32:51] INFO (NNIManager) submitTrialJob: form: {
  sequenceId: 62,
  hyperParameters: {
    value: '{"parameter_id": 62, "parameter_source": "algorithm", "parameters": {"model_type": "LSTM", "units": 16, "num_layers": 1, "dropout": 0, "activation": "relu", "lr": 0.00031622776601683783, "window_size": 2, "batch_size": 32, "epochs": 10, "kernel_size": 2, "attention_heads": 8}, "parameter_index": 0}',
    index: 0
  },
  placementConstraint: { type: 'None', gpus: [] }
}
[2026-05-19 21:32:51] INFO (LocalV3.local) Created trial hXhah
[2026-05-19 21:32:53] INFO (LocalV3.local) Trial parameter: hXhah {"parameter_id": 62, "parameter_source": "algorithm", "parameters": {"model_type": "LSTM", "units": 16, "num_layers": 1, "dropout": 0, "activation": "relu", "lr": 0.00031622776601683783, "window_size": 2, "batch_size": 32, "epochs": 10, "kernel_size": 2, "attention_heads": 8}, "parameter_index": 0}
[2026-05-19 21:32:59] INFO (NNIManager) Trial job hXhah status changed from RUNNING to SUCCEEDED
[2026-05-19 21:32:59] INFO (NNIManager) NNIManager received command from dispatcher: TR, {"parameter_id": 63, "parameter_source": "algorithm", "parameters": {"model_type": "LSTM", "units": 16, "num_layers": 1, "dropout": 0, "activation": "relu", "lr": 0.00031622776601683783, "window_size": 2, "batch_size": 32, "epochs": 10, "kernel_size": 3, "attention_heads": 2}, "parameter_index": 0}
[2026-05-19 21:32:59] INFO (NNIManager) submitTrialJob: form: {
  sequenceId: 63,
  hyperParameters: {
    value: '{"parameter_id": 63, "parameter_source": "algorithm", "parameters": {"model_type": "LSTM", "units": 16, "num_layers": 1, "dropout": 0, "activation": "relu", "lr": 0.00031622776601683783, "window_size": 2, "batch_size": 32, "epochs": 10, "kernel_size": 3, "attention_heads": 2}, "parameter_index": 0}',
    index: 0
  },
  placementConstraint: { type: 'None', gpus: [] }
}
[2026-05-19 21:32:59] INFO (LocalV3.local) Created trial TCm8t
[2026-05-19 21:33:01] INFO (LocalV3.local) Trial parameter: TCm8t {"parameter_id": 63, "parameter_source": "algorithm", "parameters": {"model_type": "LSTM", "units": 16, "num_layers": 1, "dropout": 0, "activation": "relu", "lr": 0.00031622776601683783, "window_size": 2, "batch_size": 32, "epochs": 10, "kernel_size": 3, "attention_heads": 2}, "parameter_index": 0}
[2026-05-19 21:33:07] INFO (NNIManager) Trial job TCm8t status changed from RUNNING to SUCCEEDED
[2026-05-19 21:33:07] INFO (NNIManager) NNIManager received command from dispatcher: TR, {"parameter_id": 64, "parameter_source": "algorithm", "parameters": {"model_type": "LSTM", "units": 16, "num_layers": 1, "dropout": 0, "activation": "relu", "lr": 0.00031622776601683783, "window_size": 2, "batch_size": 32, "epochs": 10, "kernel_size": 3, "attention_heads": 4}, "parameter_index": 0}
[2026-05-19 21:33:08] INFO (NNIManager) submitTrialJob: form: {
  sequenceId: 64,
  hyperParameters: {
    value: '{"parameter_id": 64, "parameter_source": "algorithm", "parameters": {"model_type": "LSTM", "units": 16, "num_layers": 1, "dropout": 0, "activation": "relu", "lr": 0.00031622776601683783, "window_size": 2, "batch_size": 32, "epochs": 10, "kernel_size": 3, "attention_heads": 4}, "parameter_index": 0}',
    index: 0
  },
  placementConstraint: { type: 'None', gpus: [] }
}
[2026-05-19 21:33:08] INFO (LocalV3.local) Created trial MZTCc
[2026-05-19 21:33:09] INFO (LocalV3.local) Trial parameter: MZTCc {"parameter_id": 64, "parameter_source": "algorithm", "parameters": {"model_type": "LSTM", "units": 16, "num_layers": 1, "dropout": 0, "activation": "relu", "lr": 0.00031622776601683783, "window_size": 2, "batch_size": 32, "epochs": 10, "kernel_size": 3, "attention_heads": 4}, "parameter_index": 0}
[2026-05-19 21:33:15] INFO (NNIManager) Trial job MZTCc status changed from RUNNING to SUCCEEDED
[2026-05-19 21:33:15] INFO (NNIManager) NNIManager received command from dispatcher: TR, {"parameter_id": 65, "parameter_source": "algorithm", "parameters": {"model_type": "LSTM", "units": 16, "num_layers": 1, "dropout": 0, "activation": "relu", "lr": 0.00031622776601683783, "window_size": 2, "batch_size": 32, "epochs": 10, "kernel_size": 3, "attention_heads": 8}, "parameter_index": 0}
[2026-05-19 21:33:16] INFO (NNIManager) submitTrialJob: form: {
  sequenceId: 65,
  hyperParameters: {
    value: '{"parameter_id": 65, "parameter_source": "algorithm", "parameters": {"model_type": "LSTM", "units": 16, "num_layers": 1, "dropout": 0, "activation": "relu", "lr": 0.00031622776601683783, "window_size": 2, "batch_size": 32, "epochs": 10, "kernel_size": 3, "attention_heads": 8}, "parameter_index": 0}',
    index: 0
  },
  placementConstraint: { type: 'None', gpus: [] }
}
[2026-05-19 21:33:16] INFO (LocalV3.local) Created trial FJgFn
[2026-05-19 21:33:17] INFO (LocalV3.local) Trial parameter: FJgFn {"parameter_id": 65, "parameter_source": "algorithm", "parameters": {"model_type": "LSTM", "units": 16, "num_layers": 1, "dropout": 0, "activation": "relu", "lr": 0.00031622776601683783, "window_size": 2, "batch_size": 32, "epochs": 10, "kernel_size": 3, "attention_heads": 8}, "parameter_index": 0}
[2026-05-19 21:33:23] INFO (NNIManager) Trial job FJgFn status changed from RUNNING to SUCCEEDED
[2026-05-19 21:33:23] INFO (NNIManager) NNIManager received command from dispatcher: TR, {"parameter_id": 66, "parameter_source": "algorithm", "parameters": {"model_type": "LSTM", "units": 16, "num_layers": 1, "dropout": 0, "activation": "relu", "lr": 0.00031622776601683783, "window_size": 2, "batch_size": 32, "epochs": 10, "kernel_size": 5, "attention_heads": 2}, "parameter_index": 0}
[2026-05-19 21:33:24] INFO (NNIManager) submitTrialJob: form: {
  sequenceId: 66,
  hyperParameters: {
    value: '{"parameter_id": 66, "parameter_source": "algorithm", "parameters": {"model_type": "LSTM", "units": 16, "num_layers": 1, "dropout": 0, "activation": "relu", "lr": 0.00031622776601683783, "window_size": 2, "batch_size": 32, "epochs": 10, "kernel_size": 5, "attention_heads": 2}, "parameter_index": 0}',
    index: 0
  },
  placementConstraint: { type: 'None', gpus: [] }
}
[2026-05-19 21:33:24] INFO (LocalV3.local) Created trial febxn
[2026-05-19 21:33:25] INFO (LocalV3.local) Trial parameter: febxn {"parameter_id": 66, "parameter_source": "algorithm", "parameters": {"model_type": "LSTM", "units": 16, "num_layers": 1, "dropout": 0, "activation": "relu", "lr": 0.00031622776601683783, "window_size": 2, "batch_size": 32, "epochs": 10, "kernel_size": 5, "attention_heads": 2}, "parameter_index": 0}
[2026-05-19 21:33:31] INFO (NNIManager) Trial job febxn status changed from RUNNING to SUCCEEDED
[2026-05-19 21:33:31] INFO (NNIManager) NNIManager received command from dispatcher: TR, {"parameter_id": 67, "parameter_source": "algorithm", "parameters": {"model_type": "LSTM", "units": 16, "num_layers": 1, "dropout": 0, "activation": "relu", "lr": 0.00031622776601683783, "window_size": 2, "batch_size": 32, "epochs": 10, "kernel_size": 5, "attention_heads": 4}, "parameter_index": 0}
[2026-05-19 21:33:32] INFO (NNIManager) submitTrialJob: form: {
  sequenceId: 67,
  hyperParameters: {
    value: '{"parameter_id": 67, "parameter_source": "algorithm", "parameters": {"model_type": "LSTM", "units": 16, "num_layers": 1, "dropout": 0, "activation": "relu", "lr": 0.00031622776601683783, "window_size": 2, "batch_size": 32, "epochs": 10, "kernel_size": 5, "attention_heads": 4}, "parameter_index": 0}',
    index: 0
  },
  placementConstraint: { type: 'None', gpus: [] }
}
[2026-05-19 21:33:32] INFO (LocalV3.local) Created trial R3eDj
[2026-05-19 21:33:33] INFO (LocalV3.local) Trial parameter: R3eDj {"parameter_id": 67, "parameter_source": "algorithm", "parameters": {"model_type": "LSTM", "units": 16, "num_layers": 1, "dropout": 0, "activation": "relu", "lr": 0.00031622776601683783, "window_size": 2, "batch_size": 32, "epochs": 10, "kernel_size": 5, "attention_heads": 4}, "parameter_index": 0}
[2026-05-19 21:33:39] INFO (NNIManager) Trial job R3eDj status changed from RUNNING to SUCCEEDED
[2026-05-19 21:33:39] INFO (NNIManager) NNIManager received command from dispatcher: TR, {"parameter_id": 68, "parameter_source": "algorithm", "parameters": {"model_type": "LSTM", "units": 16, "num_layers": 1, "dropout": 0, "activation": "relu", "lr": 0.00031622776601683783, "window_size": 2, "batch_size": 32, "epochs": 10, "kernel_size": 5, "attention_heads": 8}, "parameter_index": 0}
[2026-05-19 21:33:39] INFO (NNIManager) submitTrialJob: form: {
  sequenceId: 68,
  hyperParameters: {
    value: '{"parameter_id": 68, "parameter_source": "algorithm", "parameters": {"model_type": "LSTM", "units": 16, "num_layers": 1, "dropout": 0, "activation": "relu", "lr": 0.00031622776601683783, "window_size": 2, "batch_size": 32, "epochs": 10, "kernel_size": 5, "attention_heads": 8}, "parameter_index": 0}',
    index: 0
  },
  placementConstraint: { type: 'None', gpus: [] }
}
[2026-05-19 21:33:39] INFO (LocalV3.local) Created trial zNhyg
[2026-05-19 21:33:41] INFO (LocalV3.local) Trial parameter: zNhyg {"parameter_id": 68, "parameter_source": "algorithm", "parameters": {"model_type": "LSTM", "units": 16, "num_layers": 1, "dropout": 0, "activation": "relu", "lr": 0.00031622776601683783, "window_size": 2, "batch_size": 32, "epochs": 10, "kernel_size": 5, "attention_heads": 8}, "parameter_index": 0}
[2026-05-19 21:33:47] INFO (NNIManager) Trial job zNhyg status changed from RUNNING to SUCCEEDED
[2026-05-19 21:33:47] INFO (NNIManager) NNIManager received command from dispatcher: TR, {"parameter_id": 69, "parameter_source": "algorithm", "parameters": {"model_type": "LSTM", "units": 16, "num_layers": 1, "dropout": 0, "activation": "relu", "lr": 0.00031622776601683783, "window_size": 2, "batch_size": 32, "epochs": 10, "kernel_size": 7, "attention_heads": 2}, "parameter_index": 0}
[2026-05-19 21:33:47] INFO (NNIManager) submitTrialJob: form: {
  sequenceId: 69,
  hyperParameters: {
    value: '{"parameter_id": 69, "parameter_source": "algorithm", "parameters": {"model_type": "LSTM", "units": 16, "num_layers": 1, "dropout": 0, "activation": "relu", "lr": 0.00031622776601683783, "window_size": 2, "batch_size": 32, "epochs": 10, "kernel_size": 7, "attention_heads": 2}, "parameter_index": 0}',
    index: 0
  },
  placementConstraint: { type: 'None', gpus: [] }
}
[2026-05-19 21:33:47] INFO (LocalV3.local) Created trial C17QN
[2026-05-19 21:33:49] INFO (LocalV3.local) Trial parameter: C17QN {"parameter_id": 69, "parameter_source": "algorithm", "parameters": {"model_type": "LSTM", "units": 16, "num_layers": 1, "dropout": 0, "activation": "relu", "lr": 0.00031622776601683783, "window_size": 2, "batch_size": 32, "epochs": 10, "kernel_size": 7, "attention_heads": 2}, "parameter_index": 0}
[2026-05-19 21:33:55] INFO (NNIManager) Trial job C17QN status changed from RUNNING to SUCCEEDED
[2026-05-19 21:33:55] INFO (NNIManager) NNIManager received command from dispatcher: TR, {"parameter_id": 70, "parameter_source": "algorithm", "parameters": {"model_type": "LSTM", "units": 16, "num_layers": 1, "dropout": 0, "activation": "relu", "lr": 0.00031622776601683783, "window_size": 2, "batch_size": 32, "epochs": 10, "kernel_size": 7, "attention_heads": 4}, "parameter_index": 0}
[2026-05-19 21:33:55] INFO (NNIManager) submitTrialJob: form: {
  sequenceId: 70,
  hyperParameters: {
    value: '{"parameter_id": 70, "parameter_source": "algorithm", "parameters": {"model_type": "LSTM", "units": 16, "num_layers": 1, "dropout": 0, "activation": "relu", "lr": 0.00031622776601683783, "window_size": 2, "batch_size": 32, "epochs": 10, "kernel_size": 7, "attention_heads": 4}, "parameter_index": 0}',
    index: 0
  },
  placementConstraint: { type: 'None', gpus: [] }
}
[2026-05-19 21:33:55] INFO (LocalV3.local) Created trial SspxC
[2026-05-19 21:33:57] INFO (LocalV3.local) Trial parameter: SspxC {"parameter_id": 70, "parameter_source": "algorithm", "parameters": {"model_type": "LSTM", "units": 16, "num_layers": 1, "dropout": 0, "activation": "relu", "lr": 0.00031622776601683783, "window_size": 2, "batch_size": 32, "epochs": 10, "kernel_size": 7, "attention_heads": 4}, "parameter_index": 0}
[2026-05-19 21:34:02] INFO (NNIManager) Trial job SspxC status changed from RUNNING to SUCCEEDED
[2026-05-19 21:34:02] INFO (NNIManager) NNIManager received command from dispatcher: TR, {"parameter_id": 71, "parameter_source": "algorithm", "parameters": {"model_type": "LSTM", "units": 16, "num_layers": 1, "dropout": 0, "activation": "relu", "lr": 0.00031622776601683783, "window_size": 2, "batch_size": 32, "epochs": 10, "kernel_size": 7, "attention_heads": 8}, "parameter_index": 0}
[2026-05-19 21:34:03] INFO (NNIManager) submitTrialJob: form: {
  sequenceId: 71,
  hyperParameters: {
    value: '{"parameter_id": 71, "parameter_source": "algorithm", "parameters": {"model_type": "LSTM", "units": 16, "num_layers": 1, "dropout": 0, "activation": "relu", "lr": 0.00031622776601683783, "window_size": 2, "batch_size": 32, "epochs": 10, "kernel_size": 7, "attention_heads": 8}, "parameter_index": 0}',
    index: 0
  },
  placementConstraint: { type: 'None', gpus: [] }
}
[2026-05-19 21:34:03] INFO (LocalV3.local) Created trial IpkCx
[2026-05-19 21:34:04] INFO (LocalV3.local) Trial parameter: IpkCx {"parameter_id": 71, "parameter_source": "algorithm", "parameters": {"model_type": "LSTM", "units": 16, "num_layers": 1, "dropout": 0, "activation": "relu", "lr": 0.00031622776601683783, "window_size": 2, "batch_size": 32, "epochs": 10, "kernel_size": 7, "attention_heads": 8}, "parameter_index": 0}
[2026-05-19 21:34:10] INFO (NNIManager) Trial job IpkCx status changed from RUNNING to SUCCEEDED
[2026-05-19 21:34:10] INFO (NNIManager) NNIManager received command from dispatcher: TR, {"parameter_id": 72, "parameter_source": "algorithm", "parameters": {"model_type": "LSTM", "units": 16, "num_layers": 1, "dropout": 0, "activation": "relu", "lr": 0.00031622776601683783, "window_size": 2, "batch_size": 32, "epochs": 15, "kernel_size": 2, "attention_heads": 2}, "parameter_index": 0}
[2026-05-19 21:34:10] INFO (NNIManager) submitTrialJob: form: {
  sequenceId: 72,
  hyperParameters: {
    value: '{"parameter_id": 72, "parameter_source": "algorithm", "parameters": {"model_type": "LSTM", "units": 16, "num_layers": 1, "dropout": 0, "activation": "relu", "lr": 0.00031622776601683783, "window_size": 2, "batch_size": 32, "epochs": 15, "kernel_size": 2, "attention_heads": 2}, "parameter_index": 0}',
    index: 0
  },
  placementConstraint: { type: 'None', gpus: [] }
}
[2026-05-19 21:34:10] INFO (LocalV3.local) Created trial XDuK1
[2026-05-19 21:34:12] INFO (LocalV3.local) Trial parameter: XDuK1 {"parameter_id": 72, "parameter_source": "algorithm", "parameters": {"model_type": "LSTM", "units": 16, "num_layers": 1, "dropout": 0, "activation": "relu", "lr": 0.00031622776601683783, "window_size": 2, "batch_size": 32, "epochs": 15, "kernel_size": 2, "attention_heads": 2}, "parameter_index": 0}
[2026-05-19 21:34:19] INFO (NNIManager) Trial job XDuK1 status changed from RUNNING to SUCCEEDED
[2026-05-19 21:34:19] INFO (NNIManager) NNIManager received command from dispatcher: TR, {"parameter_id": 73, "parameter_source": "algorithm", "parameters": {"model_type": "LSTM", "units": 16, "num_layers": 1, "dropout": 0, "activation": "relu", "lr": 0.00031622776601683783, "window_size": 2, "batch_size": 32, "epochs": 15, "kernel_size": 2, "attention_heads": 4}, "parameter_index": 0}
[2026-05-19 21:34:19] INFO (NNIManager) submitTrialJob: form: {
  sequenceId: 73,
  hyperParameters: {
    value: '{"parameter_id": 73, "parameter_source": "algorithm", "parameters": {"model_type": "LSTM", "units": 16, "num_layers": 1, "dropout": 0, "activation": "relu", "lr": 0.00031622776601683783, "window_size": 2, "batch_size": 32, "epochs": 15, "kernel_size": 2, "attention_heads": 4}, "parameter_index": 0}',
    index: 0
  },
  placementConstraint: { type: 'None', gpus: [] }
}
[2026-05-19 21:34:19] INFO (LocalV3.local) Created trial SGJpJ
[2026-05-19 21:34:21] INFO (LocalV3.local) Trial parameter: SGJpJ {"parameter_id": 73, "parameter_source": "algorithm", "parameters": {"model_type": "LSTM", "units": 16, "num_layers": 1, "dropout": 0, "activation": "relu", "lr": 0.00031622776601683783, "window_size": 2, "batch_size": 32, "epochs": 15, "kernel_size": 2, "attention_heads": 4}, "parameter_index": 0}
[2026-05-19 21:34:28] INFO (NNIManager) Trial job SGJpJ status changed from RUNNING to SUCCEEDED
[2026-05-19 21:34:28] INFO (NNIManager) NNIManager received command from dispatcher: TR, {"parameter_id": 74, "parameter_source": "algorithm", "parameters": {"model_type": "LSTM", "units": 16, "num_layers": 1, "dropout": 0, "activation": "relu", "lr": 0.00031622776601683783, "window_size": 2, "batch_size": 32, "epochs": 15, "kernel_size": 2, "attention_heads": 8}, "parameter_index": 0}
[2026-05-19 21:34:29] INFO (NNIManager) submitTrialJob: form: {
  sequenceId: 74,
  hyperParameters: {
    value: '{"parameter_id": 74, "parameter_source": "algorithm", "parameters": {"model_type": "LSTM", "units": 16, "num_layers": 1, "dropout": 0, "activation": "relu", "lr": 0.00031622776601683783, "window_size": 2, "batch_size": 32, "epochs": 15, "kernel_size": 2, "attention_heads": 8}, "parameter_index": 0}',
    index: 0
  },
  placementConstraint: { type: 'None', gpus: [] }
}
[2026-05-19 21:34:29] INFO (LocalV3.local) Created trial XRAX2
[2026-05-19 21:34:31] INFO (LocalV3.local) Trial parameter: XRAX2 {"parameter_id": 74, "parameter_source": "algorithm", "parameters": {"model_type": "LSTM", "units": 16, "num_layers": 1, "dropout": 0, "activation": "relu", "lr": 0.00031622776601683783, "window_size": 2, "batch_size": 32, "epochs": 15, "kernel_size": 2, "attention_heads": 8}, "parameter_index": 0}
[2026-05-19 21:34:38] INFO (NNIManager) Trial job XRAX2 status changed from RUNNING to SUCCEEDED
[2026-05-19 21:34:38] INFO (NNIManager) NNIManager received command from dispatcher: TR, {"parameter_id": 75, "parameter_source": "algorithm", "parameters": {"model_type": "LSTM", "units": 16, "num_layers": 1, "dropout": 0, "activation": "relu", "lr": 0.00031622776601683783, "window_size": 2, "batch_size": 32, "epochs": 15, "kernel_size": 3, "attention_heads": 2}, "parameter_index": 0}
[2026-05-19 21:34:38] INFO (NNIManager) submitTrialJob: form: {
  sequenceId: 75,
  hyperParameters: {
    value: '{"parameter_id": 75, "parameter_source": "algorithm", "parameters": {"model_type": "LSTM", "units": 16, "num_layers": 1, "dropout": 0, "activation": "relu", "lr": 0.00031622776601683783, "window_size": 2, "batch_size": 32, "epochs": 15, "kernel_size": 3, "attention_heads": 2}, "parameter_index": 0}',
    index: 0
  },
  placementConstraint: { type: 'None', gpus: [] }
}
[2026-05-19 21:34:38] INFO (LocalV3.local) Created trial fZjti
[2026-05-19 21:34:40] INFO (LocalV3.local) Trial parameter: fZjti {"parameter_id": 75, "parameter_source": "algorithm", "parameters": {"model_type": "LSTM", "units": 16, "num_layers": 1, "dropout": 0, "activation": "relu", "lr": 0.00031622776601683783, "window_size": 2, "batch_size": 32, "epochs": 15, "kernel_size": 3, "attention_heads": 2}, "parameter_index": 0}
[2026-05-19 21:34:47] INFO (NNIManager) Trial job fZjti status changed from RUNNING to SUCCEEDED
[2026-05-19 21:34:47] INFO (NNIManager) NNIManager received command from dispatcher: TR, {"parameter_id": 76, "parameter_source": "algorithm", "parameters": {"model_type": "LSTM", "units": 16, "num_layers": 1, "dropout": 0, "activation": "relu", "lr": 0.00031622776601683783, "window_size": 2, "batch_size": 32, "epochs": 15, "kernel_size": 3, "attention_heads": 4}, "parameter_index": 0}
[2026-05-19 21:34:48] INFO (NNIManager) submitTrialJob: form: {
  sequenceId: 76,
  hyperParameters: {
    value: '{"parameter_id": 76, "parameter_source": "algorithm", "parameters": {"model_type": "LSTM", "units": 16, "num_layers": 1, "dropout": 0, "activation": "relu", "lr": 0.00031622776601683783, "window_size": 2, "batch_size": 32, "epochs": 15, "kernel_size": 3, "attention_heads": 4}, "parameter_index": 0}',
    index: 0
  },
  placementConstraint: { type: 'None', gpus: [] }
}
[2026-05-19 21:34:48] INFO (LocalV3.local) Created trial zaPWB
[2026-05-19 21:34:50] INFO (LocalV3.local) Trial parameter: zaPWB {"parameter_id": 76, "parameter_source": "algorithm", "parameters": {"model_type": "LSTM", "units": 16, "num_layers": 1, "dropout": 0, "activation": "relu", "lr": 0.00031622776601683783, "window_size": 2, "batch_size": 32, "epochs": 15, "kernel_size": 3, "attention_heads": 4}, "parameter_index": 0}
[2026-05-19 21:34:57] INFO (NNIManager) Trial job zaPWB status changed from RUNNING to SUCCEEDED
[2026-05-19 21:34:57] INFO (NNIManager) NNIManager received command from dispatcher: TR, {"parameter_id": 77, "parameter_source": "algorithm", "parameters": {"model_type": "LSTM", "units": 16, "num_layers": 1, "dropout": 0, "activation": "relu", "lr": 0.00031622776601683783, "window_size": 2, "batch_size": 32, "epochs": 15, "kernel_size": 3, "attention_heads": 8}, "parameter_index": 0}
[2026-05-19 21:34:57] INFO (NNIManager) submitTrialJob: form: {
  sequenceId: 77,
  hyperParameters: {
    value: '{"parameter_id": 77, "parameter_source": "algorithm", "parameters": {"model_type": "LSTM", "units": 16, "num_layers": 1, "dropout": 0, "activation": "relu", "lr": 0.00031622776601683783, "window_size": 2, "batch_size": 32, "epochs": 15, "kernel_size": 3, "attention_heads": 8}, "parameter_index": 0}',
    index: 0
  },
  placementConstraint: { type: 'None', gpus: [] }
}
[2026-05-19 21:34:57] INFO (LocalV3.local) Created trial R5tjx
[2026-05-19 21:34:59] INFO (LocalV3.local) Trial parameter: R5tjx {"parameter_id": 77, "parameter_source": "algorithm", "parameters": {"model_type": "LSTM", "units": 16, "num_layers": 1, "dropout": 0, "activation": "relu", "lr": 0.00031622776601683783, "window_size": 2, "batch_size": 32, "epochs": 15, "kernel_size": 3, "attention_heads": 8}, "parameter_index": 0}
[2026-05-19 21:35:06] INFO (NNIManager) Trial job R5tjx status changed from RUNNING to SUCCEEDED
[2026-05-19 21:35:07] INFO (NNIManager) NNIManager received command from dispatcher: TR, {"parameter_id": 78, "parameter_source": "algorithm", "parameters": {"model_type": "LSTM", "units": 16, "num_layers": 1, "dropout": 0, "activation": "relu", "lr": 0.00031622776601683783, "window_size": 2, "batch_size": 32, "epochs": 15, "kernel_size": 5, "attention_heads": 2}, "parameter_index": 0}
[2026-05-19 21:35:07] INFO (NNIManager) submitTrialJob: form: {
  sequenceId: 78,
  hyperParameters: {
    value: '{"parameter_id": 78, "parameter_source": "algorithm", "parameters": {"model_type": "LSTM", "units": 16, "num_layers": 1, "dropout": 0, "activation": "relu", "lr": 0.00031622776601683783, "window_size": 2, "batch_size": 32, "epochs": 15, "kernel_size": 5, "attention_heads": 2}, "parameter_index": 0}',
    index: 0
  },
  placementConstraint: { type: 'None', gpus: [] }
}
[2026-05-19 21:35:07] INFO (LocalV3.local) Created trial Wfsmq
[2026-05-19 21:35:09] INFO (LocalV3.local) Trial parameter: Wfsmq {"parameter_id": 78, "parameter_source": "algorithm", "parameters": {"model_type": "LSTM", "units": 16, "num_layers": 1, "dropout": 0, "activation": "relu", "lr": 0.00031622776601683783, "window_size": 2, "batch_size": 32, "epochs": 15, "kernel_size": 5, "attention_heads": 2}, "parameter_index": 0}
[2026-05-19 21:35:16] INFO (NNIManager) Trial job Wfsmq status changed from RUNNING to SUCCEEDED
[2026-05-19 21:35:16] INFO (NNIManager) NNIManager received command from dispatcher: TR, {"parameter_id": 79, "parameter_source": "algorithm", "parameters": {"model_type": "LSTM", "units": 16, "num_layers": 1, "dropout": 0, "activation": "relu", "lr": 0.00031622776601683783, "window_size": 2, "batch_size": 32, "epochs": 15, "kernel_size": 5, "attention_heads": 4}, "parameter_index": 0}
[2026-05-19 21:35:17] INFO (NNIManager) submitTrialJob: form: {
  sequenceId: 79,
  hyperParameters: {
    value: '{"parameter_id": 79, "parameter_source": "algorithm", "parameters": {"model_type": "LSTM", "units": 16, "num_layers": 1, "dropout": 0, "activation": "relu", "lr": 0.00031622776601683783, "window_size": 2, "batch_size": 32, "epochs": 15, "kernel_size": 5, "attention_heads": 4}, "parameter_index": 0}',
    index: 0
  },
  placementConstraint: { type: 'None', gpus: [] }
}
[2026-05-19 21:35:17] INFO (LocalV3.local) Created trial msJnB
[2026-05-19 21:35:17] INFO (NNIManager) Change NNIManager status from: RUNNING to: NO_MORE_TRIAL
[2026-05-19 21:35:18] INFO (LocalV3.local) Trial parameter: msJnB {"parameter_id": 79, "parameter_source": "algorithm", "parameters": {"model_type": "LSTM", "units": 16, "num_layers": 1, "dropout": 0, "activation": "relu", "lr": 0.00031622776601683783, "window_size": 2, "batch_size": 32, "epochs": 15, "kernel_size": 5, "attention_heads": 4}, "parameter_index": 0}
[2026-05-19 21:35:26] INFO (NNIManager) Trial job msJnB status changed from RUNNING to SUCCEEDED
[2026-05-19 21:35:26] INFO (NNIManager) Change NNIManager status from: NO_MORE_TRIAL to: DONE
[2026-05-19 21:35:26] INFO (NNIManager) Experiment done.
[2026-05-19 21:35:27] INFO (ShutdownManager) Initiate shutdown: SIGTERM
[2026-05-19 21:35:27] INFO (RestServer) Stopping REST server.
[2026-05-19 21:35:27] INFO (NNIManager) Change NNIManager status from: DONE to: STOPPING
[2026-05-19 21:35:27] INFO (NNIManager) Stopping experiment, cleaning up ...
[2026-05-19 21:35:27] INFO (RestServer) REST server stopped.
[2026-05-19 21:35:29] INFO (LocalV3.local) All trials stopped
[2026-05-19 21:35:29] INFO (NNIManager) Change NNIManager status from: STOPPING to: STOPPED
[2026-05-19 21:35:29] INFO (NNIManager) Experiment stopped.
[2026-05-19 21:35:29] INFO (NNITensorboardManager) Forced stopping all tensorboard task.
[2026-05-19 21:35:29] INFO (NNITensorboardManager) All tensorboard task stopped.
[2026-05-19 21:35:29] INFO (NNITensorboardManager) Tensorboard manager stopped.
[2026-05-19 21:35:29] INFO (ShutdownManager) Shutdown complete.
