[2026-05-18 18:32:10] INFO (main) Start NNI manager
[2026-05-18 18:32:10] INFO (RestServer) Starting REST server at port 8854, URL prefix: "/"
[2026-05-18 18:32:10] INFO (RestServer) REST server started.
[2026-05-18 18:32:10] INFO (NNIDataStore) Datastore initialization done
[2026-05-18 18:32:11] INFO (NNIManager) Starting experiment: 2h4vyub9
[2026-05-18 18:32:11] INFO (NNIManager) Setup training service...
[2026-05-18 18:32:11] INFO (NNIManager) Setup tuner...
[2026-05-18 18:32:11] INFO (NNIManager) Change NNIManager status from: INITIALIZED to: RUNNING
[2026-05-18 18:32:12] INFO (NNIManager) Add event listeners
[2026-05-18 18:32:12] INFO (LocalV3.local) Start
[2026-05-18 18:32:12] INFO (NNIManager) NNIManager received command from dispatcher: ID, 
[2026-05-18 18:32:12] INFO (NNIManager) NNIManager received command from dispatcher: TR, {"parameter_id": 0, "parameter_source": "algorithm", "parameters": {"model_type": "GRU", "units": 256, "num_layers": 1, "dropout": 0.1, "activation": "sigmoid", "lr": 0.0006400844921219436, "window_size": 9, "batch_size": 128, "epochs": 15, "kernel_size": 3, "attention_heads": 4}, "parameter_index": 0}
[2026-05-18 18:32:12] INFO (NNIManager) submitTrialJob: form: {
  sequenceId: 0,
  hyperParameters: {
    value: '{"parameter_id": 0, "parameter_source": "algorithm", "parameters": {"model_type": "GRU", "units": 256, "num_layers": 1, "dropout": 0.1, "activation": "sigmoid", "lr": 0.0006400844921219436, "window_size": 9, "batch_size": 128, "epochs": 15, "kernel_size": 3, "attention_heads": 4}, "parameter_index": 0}',
    index: 0
  },
  placementConstraint: { type: 'None', gpus: [] }
}
[2026-05-18 18:32:13] INFO (LocalV3.local) Register directory trial_code = /home/meliani/Desktop/phd/fast-track
[2026-05-18 18:32:13] INFO (LocalV3.local) Created trial bQRyF
[2026-05-18 18:32:14] INFO (LocalV3.local) Trial parameter: bQRyF {"parameter_id": 0, "parameter_source": "algorithm", "parameters": {"model_type": "GRU", "units": 256, "num_layers": 1, "dropout": 0.1, "activation": "sigmoid", "lr": 0.0006400844921219436, "window_size": 9, "batch_size": 128, "epochs": 15, "kernel_size": 3, "attention_heads": 4}, "parameter_index": 0}
[2026-05-18 18:32:23] INFO (NNIManager) Trial job bQRyF status changed from RUNNING to SUCCEEDED
[2026-05-18 18:32:23] INFO (NNIManager) NNIManager received command from dispatcher: TR, {"parameter_id": 1, "parameter_source": "algorithm", "parameters": {"model_type": "MLP", "units": 64, "num_layers": 3, "dropout": 0.1, "activation": "relu", "lr": 0.00021526510542555446, "window_size": 23, "batch_size": 32, "epochs": 5, "kernel_size": 7, "attention_heads": 8}, "parameter_index": 0}
[2026-05-18 18:32:24] INFO (NNIManager) submitTrialJob: form: {
  sequenceId: 1,
  hyperParameters: {
    value: '{"parameter_id": 1, "parameter_source": "algorithm", "parameters": {"model_type": "MLP", "units": 64, "num_layers": 3, "dropout": 0.1, "activation": "relu", "lr": 0.00021526510542555446, "window_size": 23, "batch_size": 32, "epochs": 5, "kernel_size": 7, "attention_heads": 8}, "parameter_index": 0}',
    index: 0
  },
  placementConstraint: { type: 'None', gpus: [] }
}
[2026-05-18 18:32:24] INFO (LocalV3.local) Created trial U565V
[2026-05-18 18:32:26] INFO (LocalV3.local) Trial parameter: U565V {"parameter_id": 1, "parameter_source": "algorithm", "parameters": {"model_type": "MLP", "units": 64, "num_layers": 3, "dropout": 0.1, "activation": "relu", "lr": 0.00021526510542555446, "window_size": 23, "batch_size": 32, "epochs": 5, "kernel_size": 7, "attention_heads": 8}, "parameter_index": 0}
[2026-05-18 18:32:28] INFO (NNIManager) Trial job U565V status changed from RUNNING to SUCCEEDED
[2026-05-18 18:32:28] INFO (NNIManager) NNIManager received command from dispatcher: TR, {"parameter_id": 2, "parameter_source": "algorithm", "parameters": {"model_type": "CNN", "units": 256, "num_layers": 1, "dropout": 0.3, "activation": "sigmoid", "lr": 4.2929867768854056e-05, "window_size": 23, "batch_size": 32, "epochs": 20, "kernel_size": 2, "attention_heads": 2}, "parameter_index": 0}
[2026-05-18 18:32:28] INFO (NNIManager) submitTrialJob: form: {
  sequenceId: 2,
  hyperParameters: {
    value: '{"parameter_id": 2, "parameter_source": "algorithm", "parameters": {"model_type": "CNN", "units": 256, "num_layers": 1, "dropout": 0.3, "activation": "sigmoid", "lr": 4.2929867768854056e-05, "window_size": 23, "batch_size": 32, "epochs": 20, "kernel_size": 2, "attention_heads": 2}, "parameter_index": 0}',
    index: 0
  },
  placementConstraint: { type: 'None', gpus: [] }
}
[2026-05-18 18:32:28] INFO (LocalV3.local) Created trial JRysU
[2026-05-18 18:32:30] INFO (LocalV3.local) Trial parameter: JRysU {"parameter_id": 2, "parameter_source": "algorithm", "parameters": {"model_type": "CNN", "units": 256, "num_layers": 1, "dropout": 0.3, "activation": "sigmoid", "lr": 4.2929867768854056e-05, "window_size": 23, "batch_size": 32, "epochs": 20, "kernel_size": 2, "attention_heads": 2}, "parameter_index": 0}
[2026-05-18 18:32:35] INFO (NNIManager) Trial job JRysU status changed from RUNNING to SUCCEEDED
[2026-05-18 18:32:35] INFO (NNIManager) NNIManager received command from dispatcher: TR, {"parameter_id": 3, "parameter_source": "algorithm", "parameters": {"model_type": "Transformer", "units": 128, "num_layers": 1, "dropout": 0.2, "activation": "elu", "lr": 0.00014028853658236003, "window_size": 2, "batch_size": 32, "epochs": 20, "kernel_size": 3, "attention_heads": 4}, "parameter_index": 0}
[2026-05-18 18:32:35] INFO (NNIManager) submitTrialJob: form: {
  sequenceId: 3,
  hyperParameters: {
    value: '{"parameter_id": 3, "parameter_source": "algorithm", "parameters": {"model_type": "Transformer", "units": 128, "num_layers": 1, "dropout": 0.2, "activation": "elu", "lr": 0.00014028853658236003, "window_size": 2, "batch_size": 32, "epochs": 20, "kernel_size": 3, "attention_heads": 4}, "parameter_index": 0}',
    index: 0
  },
  placementConstraint: { type: 'None', gpus: [] }
}
[2026-05-18 18:32:35] INFO (LocalV3.local) Created trial Hp5hD
[2026-05-18 18:32:37] INFO (LocalV3.local) Trial parameter: Hp5hD {"parameter_id": 3, "parameter_source": "algorithm", "parameters": {"model_type": "Transformer", "units": 128, "num_layers": 1, "dropout": 0.2, "activation": "elu", "lr": 0.00014028853658236003, "window_size": 2, "batch_size": 32, "epochs": 20, "kernel_size": 3, "attention_heads": 4}, "parameter_index": 0}
[2026-05-18 18:32:43] INFO (NNIManager) Trial job Hp5hD status changed from RUNNING to SUCCEEDED
[2026-05-18 18:32:43] INFO (NNIManager) NNIManager received command from dispatcher: TR, {"parameter_id": 4, "parameter_source": "algorithm", "parameters": {"model_type": "Transformer", "units": 32, "num_layers": 2, "dropout": 0, "activation": "elu", "lr": 5.877872880429394e-05, "window_size": 29, "batch_size": 16, "epochs": 5, "kernel_size": 7, "attention_heads": 4}, "parameter_index": 0}
[2026-05-18 18:32:44] INFO (NNIManager) submitTrialJob: form: {
  sequenceId: 4,
  hyperParameters: {
    value: '{"parameter_id": 4, "parameter_source": "algorithm", "parameters": {"model_type": "Transformer", "units": 32, "num_layers": 2, "dropout": 0, "activation": "elu", "lr": 5.877872880429394e-05, "window_size": 29, "batch_size": 16, "epochs": 5, "kernel_size": 7, "attention_heads": 4}, "parameter_index": 0}',
    index: 0
  },
  placementConstraint: { type: 'None', gpus: [] }
}
[2026-05-18 18:32:44] INFO (LocalV3.local) Created trial ux66h
[2026-05-18 18:32:46] INFO (LocalV3.local) Trial parameter: ux66h {"parameter_id": 4, "parameter_source": "algorithm", "parameters": {"model_type": "Transformer", "units": 32, "num_layers": 2, "dropout": 0, "activation": "elu", "lr": 5.877872880429394e-05, "window_size": 29, "batch_size": 16, "epochs": 5, "kernel_size": 7, "attention_heads": 4}, "parameter_index": 0}
[2026-05-18 18:32:52] INFO (NNIManager) Trial job ux66h status changed from RUNNING to SUCCEEDED
[2026-05-18 18:32:52] INFO (NNIManager) NNIManager received command from dispatcher: TR, {"parameter_id": 5, "parameter_source": "algorithm", "parameters": {"model_type": "TCN", "units": 256, "num_layers": 3, "dropout": 0, "activation": "tanh", "lr": 0.00014424866822698083, "window_size": 28, "batch_size": 16, "epochs": 20, "kernel_size": 2, "attention_heads": 8}, "parameter_index": 0}
[2026-05-18 18:32:52] INFO (NNIManager) submitTrialJob: form: {
  sequenceId: 5,
  hyperParameters: {
    value: '{"parameter_id": 5, "parameter_source": "algorithm", "parameters": {"model_type": "TCN", "units": 256, "num_layers": 3, "dropout": 0, "activation": "tanh", "lr": 0.00014424866822698083, "window_size": 28, "batch_size": 16, "epochs": 20, "kernel_size": 2, "attention_heads": 8}, "parameter_index": 0}',
    index: 0
  },
  placementConstraint: { type: 'None', gpus: [] }
}
[2026-05-18 18:32:52] INFO (LocalV3.local) Created trial SAJND
[2026-05-18 18:32:54] INFO (LocalV3.local) Trial parameter: SAJND {"parameter_id": 5, "parameter_source": "algorithm", "parameters": {"model_type": "TCN", "units": 256, "num_layers": 3, "dropout": 0, "activation": "tanh", "lr": 0.00014424866822698083, "window_size": 28, "batch_size": 16, "epochs": 20, "kernel_size": 2, "attention_heads": 8}, "parameter_index": 0}
[2026-05-18 18:33:07] INFO (NNIManager) Trial job SAJND status changed from RUNNING to SUCCEEDED
[2026-05-18 18:33:07] INFO (NNIManager) NNIManager received command from dispatcher: TR, {"parameter_id": 6, "parameter_source": "algorithm", "parameters": {"model_type": "RNN", "units": 128, "num_layers": 3, "dropout": 0.2, "activation": "relu", "lr": 0.0006559565012202097, "window_size": 14, "batch_size": 32, "epochs": 20, "kernel_size": 3, "attention_heads": 4}, "parameter_index": 0}
[2026-05-18 18:33:08] INFO (NNIManager) submitTrialJob: form: {
  sequenceId: 6,
  hyperParameters: {
    value: '{"parameter_id": 6, "parameter_source": "algorithm", "parameters": {"model_type": "RNN", "units": 128, "num_layers": 3, "dropout": 0.2, "activation": "relu", "lr": 0.0006559565012202097, "window_size": 14, "batch_size": 32, "epochs": 20, "kernel_size": 3, "attention_heads": 4}, "parameter_index": 0}',
    index: 0
  },
  placementConstraint: { type: 'None', gpus: [] }
}
[2026-05-18 18:33:08] INFO (LocalV3.local) Created trial hpYYa
[2026-05-18 18:33:10] INFO (LocalV3.local) Trial parameter: hpYYa {"parameter_id": 6, "parameter_source": "algorithm", "parameters": {"model_type": "RNN", "units": 128, "num_layers": 3, "dropout": 0.2, "activation": "relu", "lr": 0.0006559565012202097, "window_size": 14, "batch_size": 32, "epochs": 20, "kernel_size": 3, "attention_heads": 4}, "parameter_index": 0}
[2026-05-18 18:33:20] INFO (NNIManager) Trial job hpYYa status changed from RUNNING to SUCCEEDED
[2026-05-18 18:33:20] INFO (NNIManager) NNIManager received command from dispatcher: TR, {"parameter_id": 7, "parameter_source": "algorithm", "parameters": {"model_type": "Transformer", "units": 128, "num_layers": 4, "dropout": 0.5, "activation": "sigmoid", "lr": 2.074127397897675e-05, "window_size": 20, "batch_size": 128, "epochs": 5, "kernel_size": 2, "attention_heads": 4}, "parameter_index": 0}
[2026-05-18 18:33:20] INFO (NNIManager) submitTrialJob: form: {
  sequenceId: 7,
  hyperParameters: {
    value: '{"parameter_id": 7, "parameter_source": "algorithm", "parameters": {"model_type": "Transformer", "units": 128, "num_layers": 4, "dropout": 0.5, "activation": "sigmoid", "lr": 2.074127397897675e-05, "window_size": 20, "batch_size": 128, "epochs": 5, "kernel_size": 2, "attention_heads": 4}, "parameter_index": 0}',
    index: 0
  },
  placementConstraint: { type: 'None', gpus: [] }
}
[2026-05-18 18:33:20] INFO (LocalV3.local) Created trial aB3Fb
[2026-05-18 18:33:22] INFO (LocalV3.local) Trial parameter: aB3Fb {"parameter_id": 7, "parameter_source": "algorithm", "parameters": {"model_type": "Transformer", "units": 128, "num_layers": 4, "dropout": 0.5, "activation": "sigmoid", "lr": 2.074127397897675e-05, "window_size": 20, "batch_size": 128, "epochs": 5, "kernel_size": 2, "attention_heads": 4}, "parameter_index": 0}
[2026-05-18 18:33:33] INFO (NNIManager) Trial job aB3Fb status changed from RUNNING to SUCCEEDED
[2026-05-18 18:33:33] INFO (NNIManager) NNIManager received command from dispatcher: TR, {"parameter_id": 8, "parameter_source": "algorithm", "parameters": {"model_type": "TCN", "units": 32, "num_layers": 3, "dropout": 0.3, "activation": "relu", "lr": 1.6199793493512547e-05, "window_size": 28, "batch_size": 128, "epochs": 15, "kernel_size": 3, "attention_heads": 8}, "parameter_index": 0}
[2026-05-18 18:33:33] INFO (NNIManager) submitTrialJob: form: {
  sequenceId: 8,
  hyperParameters: {
    value: '{"parameter_id": 8, "parameter_source": "algorithm", "parameters": {"model_type": "TCN", "units": 32, "num_layers": 3, "dropout": 0.3, "activation": "relu", "lr": 1.6199793493512547e-05, "window_size": 28, "batch_size": 128, "epochs": 15, "kernel_size": 3, "attention_heads": 8}, "parameter_index": 0}',
    index: 0
  },
  placementConstraint: { type: 'None', gpus: [] }
}
[2026-05-18 18:33:33] INFO (LocalV3.local) Created trial PkkCW
[2026-05-18 18:33:35] INFO (LocalV3.local) Trial parameter: PkkCW {"parameter_id": 8, "parameter_source": "algorithm", "parameters": {"model_type": "TCN", "units": 32, "num_layers": 3, "dropout": 0.3, "activation": "relu", "lr": 1.6199793493512547e-05, "window_size": 28, "batch_size": 128, "epochs": 15, "kernel_size": 3, "attention_heads": 8}, "parameter_index": 0}
[2026-05-18 18:33:38] INFO (NNIManager) Trial job PkkCW status changed from RUNNING to SUCCEEDED
[2026-05-18 18:33:38] INFO (NNIManager) NNIManager received command from dispatcher: TR, {"parameter_id": 9, "parameter_source": "algorithm", "parameters": {"model_type": "RNN", "units": 64, "num_layers": 1, "dropout": 0.5, "activation": "tanh", "lr": 1.0419581120313741e-05, "window_size": 3, "batch_size": 128, "epochs": 15, "kernel_size": 2, "attention_heads": 4}, "parameter_index": 0}
[2026-05-18 18:33:39] INFO (NNIManager) submitTrialJob: form: {
  sequenceId: 9,
  hyperParameters: {
    value: '{"parameter_id": 9, "parameter_source": "algorithm", "parameters": {"model_type": "RNN", "units": 64, "num_layers": 1, "dropout": 0.5, "activation": "tanh", "lr": 1.0419581120313741e-05, "window_size": 3, "batch_size": 128, "epochs": 15, "kernel_size": 2, "attention_heads": 4}, "parameter_index": 0}',
    index: 0
  },
  placementConstraint: { type: 'None', gpus: [] }
}
[2026-05-18 18:33:39] INFO (LocalV3.local) Created trial pZfNe
[2026-05-18 18:33:40] INFO (LocalV3.local) Trial parameter: pZfNe {"parameter_id": 9, "parameter_source": "algorithm", "parameters": {"model_type": "RNN", "units": 64, "num_layers": 1, "dropout": 0.5, "activation": "tanh", "lr": 1.0419581120313741e-05, "window_size": 3, "batch_size": 128, "epochs": 15, "kernel_size": 2, "attention_heads": 4}, "parameter_index": 0}
[2026-05-18 18:33:44] INFO (NNIManager) Trial job pZfNe status changed from RUNNING to SUCCEEDED
[2026-05-18 18:33:44] INFO (NNIManager) NNIManager received command from dispatcher: TR, {"parameter_id": 10, "parameter_source": "algorithm", "parameters": {"model_type": "MLP", "units": 16, "num_layers": 1, "dropout": 0, "activation": "tanh", "lr": 0.0003464552233252333, "window_size": 28, "batch_size": 64, "epochs": 20, "kernel_size": 5, "attention_heads": 8}, "parameter_index": 0}
[2026-05-18 18:33:44] INFO (NNIManager) submitTrialJob: form: {
  sequenceId: 10,
  hyperParameters: {
    value: '{"parameter_id": 10, "parameter_source": "algorithm", "parameters": {"model_type": "MLP", "units": 16, "num_layers": 1, "dropout": 0, "activation": "tanh", "lr": 0.0003464552233252333, "window_size": 28, "batch_size": 64, "epochs": 20, "kernel_size": 5, "attention_heads": 8}, "parameter_index": 0}',
    index: 0
  },
  placementConstraint: { type: 'None', gpus: [] }
}
[2026-05-18 18:33:44] INFO (LocalV3.local) Created trial Tq5Bm
[2026-05-18 18:33:46] INFO (LocalV3.local) Trial parameter: Tq5Bm {"parameter_id": 10, "parameter_source": "algorithm", "parameters": {"model_type": "MLP", "units": 16, "num_layers": 1, "dropout": 0, "activation": "tanh", "lr": 0.0003464552233252333, "window_size": 28, "batch_size": 64, "epochs": 20, "kernel_size": 5, "attention_heads": 8}, "parameter_index": 0}
[2026-05-18 18:33:50] INFO (NNIManager) Trial job Tq5Bm status changed from RUNNING to SUCCEEDED
[2026-05-18 18:33:50] INFO (NNIManager) NNIManager received command from dispatcher: TR, {"parameter_id": 11, "parameter_source": "algorithm", "parameters": {"model_type": "CNN", "units": 256, "num_layers": 4, "dropout": 0.3, "activation": "sigmoid", "lr": 0.004675653115663961, "window_size": 8, "batch_size": 64, "epochs": 20, "kernel_size": 7, "attention_heads": 2}, "parameter_index": 0}
[2026-05-18 18:33:50] INFO (NNIManager) submitTrialJob: form: {
  sequenceId: 11,
  hyperParameters: {
    value: '{"parameter_id": 11, "parameter_source": "algorithm", "parameters": {"model_type": "CNN", "units": 256, "num_layers": 4, "dropout": 0.3, "activation": "sigmoid", "lr": 0.004675653115663961, "window_size": 8, "batch_size": 64, "epochs": 20, "kernel_size": 7, "attention_heads": 2}, "parameter_index": 0}',
    index: 0
  },
  placementConstraint: { type: 'None', gpus: [] }
}
[2026-05-18 18:33:50] INFO (LocalV3.local) Created trial aq4iN
[2026-05-18 18:33:52] INFO (LocalV3.local) Trial parameter: aq4iN {"parameter_id": 11, "parameter_source": "algorithm", "parameters": {"model_type": "CNN", "units": 256, "num_layers": 4, "dropout": 0.3, "activation": "sigmoid", "lr": 0.004675653115663961, "window_size": 8, "batch_size": 64, "epochs": 20, "kernel_size": 7, "attention_heads": 2}, "parameter_index": 0}
[2026-05-18 18:34:03] INFO (NNIManager) Trial job aq4iN status changed from RUNNING to SUCCEEDED
[2026-05-18 18:34:03] INFO (NNIManager) NNIManager received command from dispatcher: TR, {"parameter_id": 12, "parameter_source": "algorithm", "parameters": {"model_type": "CNN", "units": 64, "num_layers": 3, "dropout": 0.2, "activation": "elu", "lr": 0.003335890493683814, "window_size": 14, "batch_size": 128, "epochs": 15, "kernel_size": 2, "attention_heads": 4}, "parameter_index": 0}
[2026-05-18 18:34:04] INFO (NNIManager) submitTrialJob: form: {
  sequenceId: 12,
  hyperParameters: {
    value: '{"parameter_id": 12, "parameter_source": "algorithm", "parameters": {"model_type": "CNN", "units": 64, "num_layers": 3, "dropout": 0.2, "activation": "elu", "lr": 0.003335890493683814, "window_size": 14, "batch_size": 128, "epochs": 15, "kernel_size": 2, "attention_heads": 4}, "parameter_index": 0}',
    index: 0
  },
  placementConstraint: { type: 'None', gpus: [] }
}
[2026-05-18 18:34:04] INFO (LocalV3.local) Created trial RtzQ6
[2026-05-18 18:34:06] INFO (LocalV3.local) Trial parameter: RtzQ6 {"parameter_id": 12, "parameter_source": "algorithm", "parameters": {"model_type": "CNN", "units": 64, "num_layers": 3, "dropout": 0.2, "activation": "elu", "lr": 0.003335890493683814, "window_size": 14, "batch_size": 128, "epochs": 15, "kernel_size": 2, "attention_heads": 4}, "parameter_index": 0}
[2026-05-18 18:34:09] INFO (NNIManager) Trial job RtzQ6 status changed from RUNNING to SUCCEEDED
[2026-05-18 18:34:09] INFO (NNIManager) NNIManager received command from dispatcher: TR, {"parameter_id": 13, "parameter_source": "algorithm", "parameters": {"model_type": "RNN", "units": 256, "num_layers": 4, "dropout": 0, "activation": "elu", "lr": 0.0002545065978447235, "window_size": 24, "batch_size": 16, "epochs": 10, "kernel_size": 3, "attention_heads": 2}, "parameter_index": 0}
[2026-05-18 18:34:10] INFO (NNIManager) submitTrialJob: form: {
  sequenceId: 13,
  hyperParameters: {
    value: '{"parameter_id": 13, "parameter_source": "algorithm", "parameters": {"model_type": "RNN", "units": 256, "num_layers": 4, "dropout": 0, "activation": "elu", "lr": 0.0002545065978447235, "window_size": 24, "batch_size": 16, "epochs": 10, "kernel_size": 3, "attention_heads": 2}, "parameter_index": 0}',
    index: 0
  },
  placementConstraint: { type: 'None', gpus: [] }
}
[2026-05-18 18:34:10] INFO (LocalV3.local) Created trial Q2O6s
[2026-05-18 18:34:11] INFO (LocalV3.local) Trial parameter: Q2O6s {"parameter_id": 13, "parameter_source": "algorithm", "parameters": {"model_type": "RNN", "units": 256, "num_layers": 4, "dropout": 0, "activation": "elu", "lr": 0.0002545065978447235, "window_size": 24, "batch_size": 16, "epochs": 10, "kernel_size": 3, "attention_heads": 2}, "parameter_index": 0}
[2026-05-18 18:34:31] INFO (NNIManager) Trial job Q2O6s status changed from RUNNING to SUCCEEDED
[2026-05-18 18:34:31] INFO (NNIManager) NNIManager received command from dispatcher: TR, {"parameter_id": 14, "parameter_source": "algorithm", "parameters": {"model_type": "LSTM", "units": 32, "num_layers": 1, "dropout": 0.3, "activation": "tanh", "lr": 0.003251187843466177, "window_size": 23, "batch_size": 32, "epochs": 15, "kernel_size": 3, "attention_heads": 8}, "parameter_index": 0}
[2026-05-18 18:34:31] INFO (NNIManager) submitTrialJob: form: {
  sequenceId: 14,
  hyperParameters: {
    value: '{"parameter_id": 14, "parameter_source": "algorithm", "parameters": {"model_type": "LSTM", "units": 32, "num_layers": 1, "dropout": 0.3, "activation": "tanh", "lr": 0.003251187843466177, "window_size": 23, "batch_size": 32, "epochs": 15, "kernel_size": 3, "attention_heads": 8}, "parameter_index": 0}',
    index: 0
  },
  placementConstraint: { type: 'None', gpus: [] }
}
[2026-05-18 18:34:31] INFO (LocalV3.local) Created trial mUbbu
[2026-05-18 18:34:33] INFO (LocalV3.local) Trial parameter: mUbbu {"parameter_id": 14, "parameter_source": "algorithm", "parameters": {"model_type": "LSTM", "units": 32, "num_layers": 1, "dropout": 0.3, "activation": "tanh", "lr": 0.003251187843466177, "window_size": 23, "batch_size": 32, "epochs": 15, "kernel_size": 3, "attention_heads": 8}, "parameter_index": 0}
[2026-05-18 18:34:40] INFO (NNIManager) Trial job mUbbu status changed from RUNNING to SUCCEEDED
[2026-05-18 18:34:40] INFO (NNIManager) NNIManager received command from dispatcher: TR, {"parameter_id": 15, "parameter_source": "algorithm", "parameters": {"model_type": "Transformer", "units": 32, "num_layers": 2, "dropout": 0.5, "activation": "elu", "lr": 0.0009654037847823166, "window_size": 17, "batch_size": 128, "epochs": 15, "kernel_size": 5, "attention_heads": 8}, "parameter_index": 0}
[2026-05-18 18:34:40] INFO (NNIManager) submitTrialJob: form: {
  sequenceId: 15,
  hyperParameters: {
    value: '{"parameter_id": 15, "parameter_source": "algorithm", "parameters": {"model_type": "Transformer", "units": 32, "num_layers": 2, "dropout": 0.5, "activation": "elu", "lr": 0.0009654037847823166, "window_size": 17, "batch_size": 128, "epochs": 15, "kernel_size": 5, "attention_heads": 8}, "parameter_index": 0}',
    index: 0
  },
  placementConstraint: { type: 'None', gpus: [] }
}
[2026-05-18 18:34:40] INFO (LocalV3.local) Created trial XcyPZ
[2026-05-18 18:34:42] INFO (LocalV3.local) Trial parameter: XcyPZ {"parameter_id": 15, "parameter_source": "algorithm", "parameters": {"model_type": "Transformer", "units": 32, "num_layers": 2, "dropout": 0.5, "activation": "elu", "lr": 0.0009654037847823166, "window_size": 17, "batch_size": 128, "epochs": 15, "kernel_size": 5, "attention_heads": 8}, "parameter_index": 0}
[2026-05-18 18:34:50] INFO (NNIManager) Trial job XcyPZ status changed from RUNNING to SUCCEEDED
[2026-05-18 18:34:50] INFO (NNIManager) NNIManager received command from dispatcher: TR, {"parameter_id": 16, "parameter_source": "algorithm", "parameters": {"model_type": "MLP", "units": 16, "num_layers": 4, "dropout": 0, "activation": "elu", "lr": 1.3033706868182601e-05, "window_size": 11, "batch_size": 128, "epochs": 10, "kernel_size": 5, "attention_heads": 4}, "parameter_index": 0}
[2026-05-18 18:34:50] INFO (NNIManager) submitTrialJob: form: {
  sequenceId: 16,
  hyperParameters: {
    value: '{"parameter_id": 16, "parameter_source": "algorithm", "parameters": {"model_type": "MLP", "units": 16, "num_layers": 4, "dropout": 0, "activation": "elu", "lr": 1.3033706868182601e-05, "window_size": 11, "batch_size": 128, "epochs": 10, "kernel_size": 5, "attention_heads": 4}, "parameter_index": 0}',
    index: 0
  },
  placementConstraint: { type: 'None', gpus: [] }
}
[2026-05-18 18:34:50] INFO (LocalV3.local) Created trial NIsqY
[2026-05-18 18:34:52] INFO (LocalV3.local) Trial parameter: NIsqY {"parameter_id": 16, "parameter_source": "algorithm", "parameters": {"model_type": "MLP", "units": 16, "num_layers": 4, "dropout": 0, "activation": "elu", "lr": 1.3033706868182601e-05, "window_size": 11, "batch_size": 128, "epochs": 10, "kernel_size": 5, "attention_heads": 4}, "parameter_index": 0}
[2026-05-18 18:34:55] INFO (NNIManager) Trial job NIsqY status changed from RUNNING to SUCCEEDED
[2026-05-18 18:34:55] INFO (NNIManager) NNIManager received command from dispatcher: TR, {"parameter_id": 17, "parameter_source": "algorithm", "parameters": {"model_type": "Transformer", "units": 32, "num_layers": 1, "dropout": 0.5, "activation": "sigmoid", "lr": 4.0130316121085184e-05, "window_size": 30, "batch_size": 128, "epochs": 15, "kernel_size": 3, "attention_heads": 2}, "parameter_index": 0}
[2026-05-18 18:34:55] INFO (NNIManager) submitTrialJob: form: {
  sequenceId: 17,
  hyperParameters: {
    value: '{"parameter_id": 17, "parameter_source": "algorithm", "parameters": {"model_type": "Transformer", "units": 32, "num_layers": 1, "dropout": 0.5, "activation": "sigmoid", "lr": 4.0130316121085184e-05, "window_size": 30, "batch_size": 128, "epochs": 15, "kernel_size": 3, "attention_heads": 2}, "parameter_index": 0}',
    index: 0
  },
  placementConstraint: { type: 'None', gpus: [] }
}
[2026-05-18 18:34:55] INFO (LocalV3.local) Created trial iIA6S
[2026-05-18 18:34:57] INFO (LocalV3.local) Trial parameter: iIA6S {"parameter_id": 17, "parameter_source": "algorithm", "parameters": {"model_type": "Transformer", "units": 32, "num_layers": 1, "dropout": 0.5, "activation": "sigmoid", "lr": 4.0130316121085184e-05, "window_size": 30, "batch_size": 128, "epochs": 15, "kernel_size": 3, "attention_heads": 2}, "parameter_index": 0}
[2026-05-18 18:35:02] INFO (NNIManager) Trial job iIA6S status changed from RUNNING to SUCCEEDED
[2026-05-18 18:35:02] INFO (NNIManager) NNIManager received command from dispatcher: TR, {"parameter_id": 18, "parameter_source": "algorithm", "parameters": {"model_type": "MLP", "units": 256, "num_layers": 1, "dropout": 0.1, "activation": "relu", "lr": 0.0004407811923175543, "window_size": 19, "batch_size": 128, "epochs": 10, "kernel_size": 2, "attention_heads": 8}, "parameter_index": 0}
[2026-05-18 18:35:02] INFO (NNIManager) submitTrialJob: form: {
  sequenceId: 18,
  hyperParameters: {
    value: '{"parameter_id": 18, "parameter_source": "algorithm", "parameters": {"model_type": "MLP", "units": 256, "num_layers": 1, "dropout": 0.1, "activation": "relu", "lr": 0.0004407811923175543, "window_size": 19, "batch_size": 128, "epochs": 10, "kernel_size": 2, "attention_heads": 8}, "parameter_index": 0}',
    index: 0
  },
  placementConstraint: { type: 'None', gpus: [] }
}
[2026-05-18 18:35:02] INFO (LocalV3.local) Created trial C8DG2
[2026-05-18 18:35:04] INFO (LocalV3.local) Trial parameter: C8DG2 {"parameter_id": 18, "parameter_source": "algorithm", "parameters": {"model_type": "MLP", "units": 256, "num_layers": 1, "dropout": 0.1, "activation": "relu", "lr": 0.0004407811923175543, "window_size": 19, "batch_size": 128, "epochs": 10, "kernel_size": 2, "attention_heads": 8}, "parameter_index": 0}
[2026-05-18 18:35:06] INFO (NNIManager) Trial job C8DG2 status changed from RUNNING to SUCCEEDED
[2026-05-18 18:35:06] INFO (NNIManager) NNIManager received command from dispatcher: TR, {"parameter_id": 19, "parameter_source": "algorithm", "parameters": {"model_type": "RNN", "units": 64, "num_layers": 4, "dropout": 0.2, "activation": "tanh", "lr": 0.002541256690472642, "window_size": 3, "batch_size": 64, "epochs": 10, "kernel_size": 3, "attention_heads": 4}, "parameter_index": 0}
[2026-05-18 18:35:07] INFO (NNIManager) submitTrialJob: form: {
  sequenceId: 19,
  hyperParameters: {
    value: '{"parameter_id": 19, "parameter_source": "algorithm", "parameters": {"model_type": "RNN", "units": 64, "num_layers": 4, "dropout": 0.2, "activation": "tanh", "lr": 0.002541256690472642, "window_size": 3, "batch_size": 64, "epochs": 10, "kernel_size": 3, "attention_heads": 4}, "parameter_index": 0}',
    index: 0
  },
  placementConstraint: { type: 'None', gpus: [] }
}
[2026-05-18 18:35:07] INFO (LocalV3.local) Created trial vitRn
[2026-05-18 18:35:09] INFO (LocalV3.local) Trial parameter: vitRn {"parameter_id": 19, "parameter_source": "algorithm", "parameters": {"model_type": "RNN", "units": 64, "num_layers": 4, "dropout": 0.2, "activation": "tanh", "lr": 0.002541256690472642, "window_size": 3, "batch_size": 64, "epochs": 10, "kernel_size": 3, "attention_heads": 4}, "parameter_index": 0}
[2026-05-18 18:35:13] INFO (NNIManager) Trial job vitRn status changed from RUNNING to SUCCEEDED
[2026-05-18 18:35:13] INFO (NNIManager) NNIManager received command from dispatcher: TR, {"parameter_id": 20, "parameter_source": "algorithm", "parameters": {"model_type": "CNN", "units": 128, "num_layers": 3, "dropout": 0.2, "activation": "elu", "lr": 0.0015111228482307967, "window_size": 2, "batch_size": 32, "epochs": 20, "kernel_size": 2, "attention_heads": 4}, "parameter_index": 0}
[2026-05-18 18:35:14] INFO (NNIManager) submitTrialJob: form: {
  sequenceId: 20,
  hyperParameters: {
    value: '{"parameter_id": 20, "parameter_source": "algorithm", "parameters": {"model_type": "CNN", "units": 128, "num_layers": 3, "dropout": 0.2, "activation": "elu", "lr": 0.0015111228482307967, "window_size": 2, "batch_size": 32, "epochs": 20, "kernel_size": 2, "attention_heads": 4}, "parameter_index": 0}',
    index: 0
  },
  placementConstraint: { type: 'None', gpus: [] }
}
[2026-05-18 18:35:14] INFO (LocalV3.local) Created trial kcf2S
[2026-05-18 18:35:16] INFO (LocalV3.local) Trial parameter: kcf2S {"parameter_id": 20, "parameter_source": "algorithm", "parameters": {"model_type": "CNN", "units": 128, "num_layers": 3, "dropout": 0.2, "activation": "elu", "lr": 0.0015111228482307967, "window_size": 2, "batch_size": 32, "epochs": 20, "kernel_size": 2, "attention_heads": 4}, "parameter_index": 0}
[2026-05-18 18:35:21] INFO (NNIManager) Trial job kcf2S status changed from RUNNING to SUCCEEDED
[2026-05-18 18:35:21] INFO (NNIManager) NNIManager received command from dispatcher: TR, {"parameter_id": 21, "parameter_source": "algorithm", "parameters": {"model_type": "GRU", "units": 64, "num_layers": 2, "dropout": 0.2, "activation": "elu", "lr": 0.008260739764513124, "window_size": 2, "batch_size": 32, "epochs": 15, "kernel_size": 2, "attention_heads": 4}, "parameter_index": 0}
[2026-05-18 18:35:21] INFO (NNIManager) submitTrialJob: form: {
  sequenceId: 21,
  hyperParameters: {
    value: '{"parameter_id": 21, "parameter_source": "algorithm", "parameters": {"model_type": "GRU", "units": 64, "num_layers": 2, "dropout": 0.2, "activation": "elu", "lr": 0.008260739764513124, "window_size": 2, "batch_size": 32, "epochs": 15, "kernel_size": 2, "attention_heads": 4}, "parameter_index": 0}',
    index: 0
  },
  placementConstraint: { type: 'None', gpus: [] }
}
[2026-05-18 18:35:21] INFO (LocalV3.local) Created trial QGJVr
[2026-05-18 18:35:23] INFO (LocalV3.local) Trial parameter: QGJVr {"parameter_id": 21, "parameter_source": "algorithm", "parameters": {"model_type": "GRU", "units": 64, "num_layers": 2, "dropout": 0.2, "activation": "elu", "lr": 0.008260739764513124, "window_size": 2, "batch_size": 32, "epochs": 15, "kernel_size": 2, "attention_heads": 4}, "parameter_index": 0}
[2026-05-18 18:35:30] INFO (NNIManager) Trial job QGJVr status changed from RUNNING to SUCCEEDED
[2026-05-18 18:35:30] INFO (NNIManager) NNIManager received command from dispatcher: TR, {"parameter_id": 22, "parameter_source": "algorithm", "parameters": {"model_type": "CNN", "units": 128, "num_layers": 3, "dropout": 0.2, "activation": "elu", "lr": 0.0001180956054308689, "window_size": 18, "batch_size": 32, "epochs": 20, "kernel_size": 3, "attention_heads": 4}, "parameter_index": 0}
[2026-05-18 18:35:30] INFO (NNIManager) submitTrialJob: form: {
  sequenceId: 22,
  hyperParameters: {
    value: '{"parameter_id": 22, "parameter_source": "algorithm", "parameters": {"model_type": "CNN", "units": 128, "num_layers": 3, "dropout": 0.2, "activation": "elu", "lr": 0.0001180956054308689, "window_size": 18, "batch_size": 32, "epochs": 20, "kernel_size": 3, "attention_heads": 4}, "parameter_index": 0}',
    index: 0
  },
  placementConstraint: { type: 'None', gpus: [] }
}
[2026-05-18 18:35:31] INFO (LocalV3.local) Created trial c6v3E
[2026-05-18 18:35:32] INFO (LocalV3.local) Trial parameter: c6v3E {"parameter_id": 22, "parameter_source": "algorithm", "parameters": {"model_type": "CNN", "units": 128, "num_layers": 3, "dropout": 0.2, "activation": "elu", "lr": 0.0001180956054308689, "window_size": 18, "batch_size": 32, "epochs": 20, "kernel_size": 3, "attention_heads": 4}, "parameter_index": 0}
[2026-05-18 18:35:39] INFO (NNIManager) Trial job c6v3E status changed from RUNNING to SUCCEEDED
[2026-05-18 18:35:39] INFO (NNIManager) NNIManager received command from dispatcher: TR, {"parameter_id": 23, "parameter_source": "algorithm", "parameters": {"model_type": "LSTM", "units": 64, "num_layers": 3, "dropout": 0.2, "activation": "elu", "lr": 0.007412496058650232, "window_size": 26, "batch_size": 64, "epochs": 5, "kernel_size": 5, "attention_heads": 4}, "parameter_index": 0}
[2026-05-18 18:35:40] INFO (NNIManager) submitTrialJob: form: {
  sequenceId: 23,
  hyperParameters: {
    value: '{"parameter_id": 23, "parameter_source": "algorithm", "parameters": {"model_type": "LSTM", "units": 64, "num_layers": 3, "dropout": 0.2, "activation": "elu", "lr": 0.007412496058650232, "window_size": 26, "batch_size": 64, "epochs": 5, "kernel_size": 5, "attention_heads": 4}, "parameter_index": 0}',
    index: 0
  },
  placementConstraint: { type: 'None', gpus: [] }
}
[2026-05-18 18:35:40] INFO (LocalV3.local) Created trial xDIkW
[2026-05-18 18:35:41] INFO (LocalV3.local) Trial parameter: xDIkW {"parameter_id": 23, "parameter_source": "algorithm", "parameters": {"model_type": "LSTM", "units": 64, "num_layers": 3, "dropout": 0.2, "activation": "elu", "lr": 0.007412496058650232, "window_size": 26, "batch_size": 64, "epochs": 5, "kernel_size": 5, "attention_heads": 4}, "parameter_index": 0}
[2026-05-18 18:35:50] INFO (NNIManager) Trial job xDIkW status changed from RUNNING to SUCCEEDED
[2026-05-18 18:35:50] INFO (NNIManager) NNIManager received command from dispatcher: TR, {"parameter_id": 24, "parameter_source": "algorithm", "parameters": {"model_type": "LSTM", "units": 128, "num_layers": 3, "dropout": 0.2, "activation": "elu", "lr": 0.009877595280942444, "window_size": 26, "batch_size": 64, "epochs": 5, "kernel_size": 5, "attention_heads": 4}, "parameter_index": 0}
[2026-05-18 18:35:51] INFO (NNIManager) submitTrialJob: form: {
  sequenceId: 24,
  hyperParameters: {
    value: '{"parameter_id": 24, "parameter_source": "algorithm", "parameters": {"model_type": "LSTM", "units": 128, "num_layers": 3, "dropout": 0.2, "activation": "elu", "lr": 0.009877595280942444, "window_size": 26, "batch_size": 64, "epochs": 5, "kernel_size": 5, "attention_heads": 4}, "parameter_index": 0}',
    index: 0
  },
  placementConstraint: { type: 'None', gpus: [] }
}
[2026-05-18 18:35:51] INFO (LocalV3.local) Created trial VKm2N
[2026-05-18 18:35:53] INFO (LocalV3.local) Trial parameter: VKm2N {"parameter_id": 24, "parameter_source": "algorithm", "parameters": {"model_type": "LSTM", "units": 128, "num_layers": 3, "dropout": 0.2, "activation": "elu", "lr": 0.009877595280942444, "window_size": 26, "batch_size": 64, "epochs": 5, "kernel_size": 5, "attention_heads": 4}, "parameter_index": 0}
[2026-05-18 18:36:04] INFO (NNIManager) Trial job VKm2N status changed from RUNNING to SUCCEEDED
[2026-05-18 18:36:04] INFO (NNIManager) NNIManager received command from dispatcher: TR, {"parameter_id": 25, "parameter_source": "algorithm", "parameters": {"model_type": "LSTM", "units": 64, "num_layers": 2, "dropout": 0.2, "activation": "elu", "lr": 9.684628648694444e-05, "window_size": 26, "batch_size": 64, "epochs": 5, "kernel_size": 5, "attention_heads": 4}, "parameter_index": 0}
[2026-05-18 18:36:05] INFO (NNIManager) submitTrialJob: form: {
  sequenceId: 25,
  hyperParameters: {
    value: '{"parameter_id": 25, "parameter_source": "algorithm", "parameters": {"model_type": "LSTM", "units": 64, "num_layers": 2, "dropout": 0.2, "activation": "elu", "lr": 9.684628648694444e-05, "window_size": 26, "batch_size": 64, "epochs": 5, "kernel_size": 5, "attention_heads": 4}, "parameter_index": 0}',
    index: 0
  },
  placementConstraint: { type: 'None', gpus: [] }
}
[2026-05-18 18:36:05] INFO (LocalV3.local) Created trial FDFm0
[2026-05-18 18:36:06] INFO (LocalV3.local) Trial parameter: FDFm0 {"parameter_id": 25, "parameter_source": "algorithm", "parameters": {"model_type": "LSTM", "units": 64, "num_layers": 2, "dropout": 0.2, "activation": "elu", "lr": 9.684628648694444e-05, "window_size": 26, "batch_size": 64, "epochs": 5, "kernel_size": 5, "attention_heads": 4}, "parameter_index": 0}
[2026-05-18 18:36:13] INFO (NNIManager) Trial job FDFm0 status changed from RUNNING to SUCCEEDED
[2026-05-18 18:36:13] INFO (NNIManager) NNIManager received command from dispatcher: TR, {"parameter_id": 26, "parameter_source": "algorithm", "parameters": {"model_type": "LSTM", "units": 128, "num_layers": 1, "dropout": 0.2, "activation": "elu", "lr": 0.0015598146184913854, "window_size": 10, "batch_size": 64, "epochs": 5, "kernel_size": 5, "attention_heads": 4}, "parameter_index": 0}
[2026-05-18 18:36:13] INFO (NNIManager) submitTrialJob: form: {
  sequenceId: 26,
  hyperParameters: {
    value: '{"parameter_id": 26, "parameter_source": "algorithm", "parameters": {"model_type": "LSTM", "units": 128, "num_layers": 1, "dropout": 0.2, "activation": "elu", "lr": 0.0015598146184913854, "window_size": 10, "batch_size": 64, "epochs": 5, "kernel_size": 5, "attention_heads": 4}, "parameter_index": 0}',
    index: 0
  },
  placementConstraint: { type: 'None', gpus: [] }
}
[2026-05-18 18:36:13] INFO (LocalV3.local) Created trial r36Aq
[2026-05-18 18:36:15] INFO (LocalV3.local) Trial parameter: r36Aq {"parameter_id": 26, "parameter_source": "algorithm", "parameters": {"model_type": "LSTM", "units": 128, "num_layers": 1, "dropout": 0.2, "activation": "elu", "lr": 0.0015598146184913854, "window_size": 10, "batch_size": 64, "epochs": 5, "kernel_size": 5, "attention_heads": 4}, "parameter_index": 0}
[2026-05-18 18:36:19] INFO (NNIManager) Trial job r36Aq status changed from RUNNING to SUCCEEDED
[2026-05-18 18:36:19] INFO (NNIManager) NNIManager received command from dispatcher: TR, {"parameter_id": 27, "parameter_source": "algorithm", "parameters": {"model_type": "LSTM", "units": 16, "num_layers": 1, "dropout": 0.2, "activation": "elu", "lr": 2.430611610277485e-05, "window_size": 6, "batch_size": 64, "epochs": 5, "kernel_size": 5, "attention_heads": 2}, "parameter_index": 0}
[2026-05-18 18:36:20] INFO (NNIManager) submitTrialJob: form: {
  sequenceId: 27,
  hyperParameters: {
    value: '{"parameter_id": 27, "parameter_source": "algorithm", "parameters": {"model_type": "LSTM", "units": 16, "num_layers": 1, "dropout": 0.2, "activation": "elu", "lr": 2.430611610277485e-05, "window_size": 6, "batch_size": 64, "epochs": 5, "kernel_size": 5, "attention_heads": 2}, "parameter_index": 0}',
    index: 0
  },
  placementConstraint: { type: 'None', gpus: [] }
}
[2026-05-18 18:36:20] INFO (LocalV3.local) Created trial jJbsZ
[2026-05-18 18:36:21] INFO (LocalV3.local) Trial parameter: jJbsZ {"parameter_id": 27, "parameter_source": "algorithm", "parameters": {"model_type": "LSTM", "units": 16, "num_layers": 1, "dropout": 0.2, "activation": "elu", "lr": 2.430611610277485e-05, "window_size": 6, "batch_size": 64, "epochs": 5, "kernel_size": 5, "attention_heads": 2}, "parameter_index": 0}
[2026-05-18 18:36:25] INFO (NNIManager) Trial job jJbsZ status changed from RUNNING to SUCCEEDED
[2026-05-18 18:36:25] INFO (NNIManager) NNIManager received command from dispatcher: TR, {"parameter_id": 28, "parameter_source": "algorithm", "parameters": {"model_type": "Transformer", "units": 128, "num_layers": 3, "dropout": 0.2, "activation": "elu", "lr": 0.009471765128866307, "window_size": 5, "batch_size": 64, "epochs": 5, "kernel_size": 5, "attention_heads": 4}, "parameter_index": 0}
[2026-05-18 18:36:25] INFO (NNIManager) submitTrialJob: form: {
  sequenceId: 28,
  hyperParameters: {
    value: '{"parameter_id": 28, "parameter_source": "algorithm", "parameters": {"model_type": "Transformer", "units": 128, "num_layers": 3, "dropout": 0.2, "activation": "elu", "lr": 0.009471765128866307, "window_size": 5, "batch_size": 64, "epochs": 5, "kernel_size": 5, "attention_heads": 4}, "parameter_index": 0}',
    index: 0
  },
  placementConstraint: { type: 'None', gpus: [] }
}
[2026-05-18 18:36:25] INFO (LocalV3.local) Created trial jW0jH
[2026-05-18 18:36:27] INFO (LocalV3.local) Trial parameter: jW0jH {"parameter_id": 28, "parameter_source": "algorithm", "parameters": {"model_type": "Transformer", "units": 128, "num_layers": 3, "dropout": 0.2, "activation": "elu", "lr": 0.009471765128866307, "window_size": 5, "batch_size": 64, "epochs": 5, "kernel_size": 5, "attention_heads": 4}, "parameter_index": 0}
[2026-05-18 18:36:35] INFO (NNIManager) Trial job jW0jH status changed from RUNNING to SUCCEEDED
[2026-05-18 18:36:35] INFO (NNIManager) NNIManager received command from dispatcher: TR, {"parameter_id": 29, "parameter_source": "algorithm", "parameters": {"model_type": "LSTM", "units": 64, "num_layers": 3, "dropout": 0.2, "activation": "elu", "lr": 7.409075315829423e-05, "window_size": 4, "batch_size": 16, "epochs": 20, "kernel_size": 7, "attention_heads": 4}, "parameter_index": 0}
[2026-05-18 18:36:35] INFO (NNIManager) submitTrialJob: form: {
  sequenceId: 29,
  hyperParameters: {
    value: '{"parameter_id": 29, "parameter_source": "algorithm", "parameters": {"model_type": "LSTM", "units": 64, "num_layers": 3, "dropout": 0.2, "activation": "elu", "lr": 7.409075315829423e-05, "window_size": 4, "batch_size": 16, "epochs": 20, "kernel_size": 7, "attention_heads": 4}, "parameter_index": 0}',
    index: 0
  },
  placementConstraint: { type: 'None', gpus: [] }
}
[2026-05-18 18:36:35] INFO (LocalV3.local) Created trial oUZpa
[2026-05-18 18:36:37] INFO (LocalV3.local) Trial parameter: oUZpa {"parameter_id": 29, "parameter_source": "algorithm", "parameters": {"model_type": "LSTM", "units": 64, "num_layers": 3, "dropout": 0.2, "activation": "elu", "lr": 7.409075315829423e-05, "window_size": 4, "batch_size": 16, "epochs": 20, "kernel_size": 7, "attention_heads": 4}, "parameter_index": 0}
[2026-05-18 18:36:51] INFO (NNIManager) Trial job oUZpa status changed from RUNNING to SUCCEEDED
[2026-05-18 18:36:51] INFO (NNIManager) NNIManager received command from dispatcher: TR, {"parameter_id": 30, "parameter_source": "algorithm", "parameters": {"model_type": "TCN", "units": 128, "num_layers": 3, "dropout": 0.2, "activation": "elu", "lr": 0.006881513369101492, "window_size": 27, "batch_size": 32, "epochs": 5, "kernel_size": 5, "attention_heads": 4}, "parameter_index": 0}
[2026-05-18 18:36:52] INFO (NNIManager) submitTrialJob: form: {
  sequenceId: 30,
  hyperParameters: {
    value: '{"parameter_id": 30, "parameter_source": "algorithm", "parameters": {"model_type": "TCN", "units": 128, "num_layers": 3, "dropout": 0.2, "activation": "elu", "lr": 0.006881513369101492, "window_size": 27, "batch_size": 32, "epochs": 5, "kernel_size": 5, "attention_heads": 4}, "parameter_index": 0}',
    index: 0
  },
  placementConstraint: { type: 'None', gpus: [] }
}
[2026-05-18 18:36:52] INFO (LocalV3.local) Created trial nG3xj
[2026-05-18 18:36:53] INFO (LocalV3.local) Trial parameter: nG3xj {"parameter_id": 30, "parameter_source": "algorithm", "parameters": {"model_type": "TCN", "units": 128, "num_layers": 3, "dropout": 0.2, "activation": "elu", "lr": 0.006881513369101492, "window_size": 27, "batch_size": 32, "epochs": 5, "kernel_size": 5, "attention_heads": 4}, "parameter_index": 0}
[2026-05-18 18:36:57] INFO (NNIManager) Trial job nG3xj status changed from RUNNING to SUCCEEDED
[2026-05-18 18:36:57] INFO (NNIManager) NNIManager received command from dispatcher: TR, {"parameter_id": 31, "parameter_source": "algorithm", "parameters": {"model_type": "LSTM", "units": 64, "num_layers": 1, "dropout": 0.1, "activation": "elu", "lr": 0.00021422263742547929, "window_size": 22, "batch_size": 64, "epochs": 20, "kernel_size": 3, "attention_heads": 4}, "parameter_index": 0}
[2026-05-18 18:36:58] INFO (NNIManager) submitTrialJob: form: {
  sequenceId: 31,
  hyperParameters: {
    value: '{"parameter_id": 31, "parameter_source": "algorithm", "parameters": {"model_type": "LSTM", "units": 64, "num_layers": 1, "dropout": 0.1, "activation": "elu", "lr": 0.00021422263742547929, "window_size": 22, "batch_size": 64, "epochs": 20, "kernel_size": 3, "attention_heads": 4}, "parameter_index": 0}',
    index: 0
  },
  placementConstraint: { type: 'None', gpus: [] }
}
[2026-05-18 18:36:58] INFO (LocalV3.local) Created trial vlD0x
[2026-05-18 18:37:00] INFO (LocalV3.local) Trial parameter: vlD0x {"parameter_id": 31, "parameter_source": "algorithm", "parameters": {"model_type": "LSTM", "units": 64, "num_layers": 1, "dropout": 0.1, "activation": "elu", "lr": 0.00021422263742547929, "window_size": 22, "batch_size": 64, "epochs": 20, "kernel_size": 3, "attention_heads": 4}, "parameter_index": 0}
[2026-05-18 18:37:07] INFO (NNIManager) Trial job vlD0x status changed from RUNNING to SUCCEEDED
[2026-05-18 18:37:07] INFO (NNIManager) NNIManager received command from dispatcher: TR, {"parameter_id": 32, "parameter_source": "algorithm", "parameters": {"model_type": "Transformer", "units": 16, "num_layers": 2, "dropout": 0.2, "activation": "relu", "lr": 0.00017919947632308615, "window_size": 15, "batch_size": 32, "epochs": 5, "kernel_size": 5, "attention_heads": 4}, "parameter_index": 0}
[2026-05-18 18:37:07] INFO (NNIManager) submitTrialJob: form: {
  sequenceId: 32,
  hyperParameters: {
    value: '{"parameter_id": 32, "parameter_source": "algorithm", "parameters": {"model_type": "Transformer", "units": 16, "num_layers": 2, "dropout": 0.2, "activation": "relu", "lr": 0.00017919947632308615, "window_size": 15, "batch_size": 32, "epochs": 5, "kernel_size": 5, "attention_heads": 4}, "parameter_index": 0}',
    index: 0
  },
  placementConstraint: { type: 'None', gpus: [] }
}
[2026-05-18 18:37:07] INFO (LocalV3.local) Created trial Ri7sK
[2026-05-18 18:37:09] INFO (LocalV3.local) Trial parameter: Ri7sK {"parameter_id": 32, "parameter_source": "algorithm", "parameters": {"model_type": "Transformer", "units": 16, "num_layers": 2, "dropout": 0.2, "activation": "relu", "lr": 0.00017919947632308615, "window_size": 15, "batch_size": 32, "epochs": 5, "kernel_size": 5, "attention_heads": 4}, "parameter_index": 0}
[2026-05-18 18:37:13] INFO (NNIManager) Trial job Ri7sK status changed from RUNNING to SUCCEEDED
[2026-05-18 18:37:13] INFO (NNIManager) NNIManager received command from dispatcher: TR, {"parameter_id": 33, "parameter_source": "algorithm", "parameters": {"model_type": "GRU", "units": 64, "num_layers": 3, "dropout": 0.2, "activation": "elu", "lr": 0.001856629127538721, "window_size": 13, "batch_size": 64, "epochs": 10, "kernel_size": 7, "attention_heads": 2}, "parameter_index": 0}
[2026-05-18 18:37:14] INFO (NNIManager) submitTrialJob: form: {
  sequenceId: 33,
  hyperParameters: {
    value: '{"parameter_id": 33, "parameter_source": "algorithm", "parameters": {"model_type": "GRU", "units": 64, "num_layers": 3, "dropout": 0.2, "activation": "elu", "lr": 0.001856629127538721, "window_size": 13, "batch_size": 64, "epochs": 10, "kernel_size": 7, "attention_heads": 2}, "parameter_index": 0}',
    index: 0
  },
  placementConstraint: { type: 'None', gpus: [] }
}
[2026-05-18 18:37:14] INFO (LocalV3.local) Created trial yyHbd
[2026-05-18 18:37:16] INFO (LocalV3.local) Trial parameter: yyHbd {"parameter_id": 33, "parameter_source": "algorithm", "parameters": {"model_type": "GRU", "units": 64, "num_layers": 3, "dropout": 0.2, "activation": "elu", "lr": 0.001856629127538721, "window_size": 13, "batch_size": 64, "epochs": 10, "kernel_size": 7, "attention_heads": 2}, "parameter_index": 0}
[2026-05-18 18:37:24] INFO (NNIManager) Trial job yyHbd status changed from RUNNING to SUCCEEDED
[2026-05-18 18:37:24] INFO (NNIManager) NNIManager received command from dispatcher: TR, {"parameter_id": 34, "parameter_source": "algorithm", "parameters": {"model_type": "LSTM", "units": 128, "num_layers": 1, "dropout": 0.3, "activation": "tanh", "lr": 0.00045557785923377867, "window_size": 21, "batch_size": 32, "epochs": 5, "kernel_size": 3, "attention_heads": 4}, "parameter_index": 0}
[2026-05-18 18:37:25] INFO (NNIManager) submitTrialJob: form: {
  sequenceId: 34,
  hyperParameters: {
    value: '{"parameter_id": 34, "parameter_source": "algorithm", "parameters": {"model_type": "LSTM", "units": 128, "num_layers": 1, "dropout": 0.3, "activation": "tanh", "lr": 0.00045557785923377867, "window_size": 21, "batch_size": 32, "epochs": 5, "kernel_size": 3, "attention_heads": 4}, "parameter_index": 0}',
    index: 0
  },
  placementConstraint: { type: 'None', gpus: [] }
}
[2026-05-18 18:37:25] INFO (LocalV3.local) Created trial wNYdQ
[2026-05-18 18:37:27] INFO (LocalV3.local) Trial parameter: wNYdQ {"parameter_id": 34, "parameter_source": "algorithm", "parameters": {"model_type": "LSTM", "units": 128, "num_layers": 1, "dropout": 0.3, "activation": "tanh", "lr": 0.00045557785923377867, "window_size": 21, "batch_size": 32, "epochs": 5, "kernel_size": 3, "attention_heads": 4}, "parameter_index": 0}
[2026-05-18 18:37:32] INFO (NNIManager) Trial job wNYdQ status changed from RUNNING to SUCCEEDED
[2026-05-18 18:37:32] INFO (NNIManager) NNIManager received command from dispatcher: TR, {"parameter_id": 35, "parameter_source": "algorithm", "parameters": {"model_type": "Transformer", "units": 64, "num_layers": 3, "dropout": 0.1, "activation": "elu", "lr": 0.004569422410680946, "window_size": 7, "batch_size": 16, "epochs": 20, "kernel_size": 3, "attention_heads": 4}, "parameter_index": 0}
[2026-05-18 18:37:32] INFO (NNIManager) submitTrialJob: form: {
  sequenceId: 35,
  hyperParameters: {
    value: '{"parameter_id": 35, "parameter_source": "algorithm", "parameters": {"model_type": "Transformer", "units": 64, "num_layers": 3, "dropout": 0.1, "activation": "elu", "lr": 0.004569422410680946, "window_size": 7, "batch_size": 16, "epochs": 20, "kernel_size": 3, "attention_heads": 4}, "parameter_index": 0}',
    index: 0
  },
  placementConstraint: { type: 'None', gpus: [] }
}
[2026-05-18 18:37:32] INFO (LocalV3.local) Created trial sy5CX
[2026-05-18 18:37:34] INFO (LocalV3.local) Trial parameter: sy5CX {"parameter_id": 35, "parameter_source": "algorithm", "parameters": {"model_type": "Transformer", "units": 64, "num_layers": 3, "dropout": 0.1, "activation": "elu", "lr": 0.004569422410680946, "window_size": 7, "batch_size": 16, "epochs": 20, "kernel_size": 3, "attention_heads": 4}, "parameter_index": 0}
[2026-05-18 18:37:52] INFO (NNIManager) Trial job sy5CX status changed from RUNNING to SUCCEEDED
[2026-05-18 18:37:53] INFO (NNIManager) NNIManager received command from dispatcher: TR, {"parameter_id": 36, "parameter_source": "algorithm", "parameters": {"model_type": "TCN", "units": 128, "num_layers": 3, "dropout": 0.2, "activation": "relu", "lr": 0.0011361043524007693, "window_size": 25, "batch_size": 32, "epochs": 20, "kernel_size": 5, "attention_heads": 8}, "parameter_index": 0}
[2026-05-18 18:37:53] INFO (NNIManager) submitTrialJob: form: {
  sequenceId: 36,
  hyperParameters: {
    value: '{"parameter_id": 36, "parameter_source": "algorithm", "parameters": {"model_type": "TCN", "units": 128, "num_layers": 3, "dropout": 0.2, "activation": "relu", "lr": 0.0011361043524007693, "window_size": 25, "batch_size": 32, "epochs": 20, "kernel_size": 5, "attention_heads": 8}, "parameter_index": 0}',
    index: 0
  },
  placementConstraint: { type: 'None', gpus: [] }
}
[2026-05-18 18:37:53] INFO (LocalV3.local) Created trial M2oLO
[2026-05-18 18:37:55] INFO (LocalV3.local) Trial parameter: M2oLO {"parameter_id": 36, "parameter_source": "algorithm", "parameters": {"model_type": "TCN", "units": 128, "num_layers": 3, "dropout": 0.2, "activation": "relu", "lr": 0.0011361043524007693, "window_size": 25, "batch_size": 32, "epochs": 20, "kernel_size": 5, "attention_heads": 8}, "parameter_index": 0}
[2026-05-18 18:38:04] INFO (NNIManager) Trial job M2oLO status changed from RUNNING to SUCCEEDED
[2026-05-18 18:38:04] INFO (NNIManager) NNIManager received command from dispatcher: TR, {"parameter_id": 37, "parameter_source": "algorithm", "parameters": {"model_type": "LSTM", "units": 64, "num_layers": 4, "dropout": 0.2, "activation": "tanh", "lr": 3.011380815179425e-05, "window_size": 16, "batch_size": 64, "epochs": 5, "kernel_size": 3, "attention_heads": 4}, "parameter_index": 0}
[2026-05-18 18:38:04] INFO (NNIManager) submitTrialJob: form: {
  sequenceId: 37,
  hyperParameters: {
    value: '{"parameter_id": 37, "parameter_source": "algorithm", "parameters": {"model_type": "LSTM", "units": 64, "num_layers": 4, "dropout": 0.2, "activation": "tanh", "lr": 3.011380815179425e-05, "window_size": 16, "batch_size": 64, "epochs": 5, "kernel_size": 3, "attention_heads": 4}, "parameter_index": 0}',
    index: 0
  },
  placementConstraint: { type: 'None', gpus: [] }
}
[2026-05-18 18:38:04] INFO (LocalV3.local) Created trial Wef23
[2026-05-18 18:38:06] INFO (LocalV3.local) Trial parameter: Wef23 {"parameter_id": 37, "parameter_source": "algorithm", "parameters": {"model_type": "LSTM", "units": 64, "num_layers": 4, "dropout": 0.2, "activation": "tanh", "lr": 3.011380815179425e-05, "window_size": 16, "batch_size": 64, "epochs": 5, "kernel_size": 3, "attention_heads": 4}, "parameter_index": 0}
[2026-05-18 18:38:15] INFO (NNIManager) Trial job Wef23 status changed from RUNNING to SUCCEEDED
[2026-05-18 18:38:15] INFO (NNIManager) NNIManager received command from dispatcher: TR, {"parameter_id": 38, "parameter_source": "algorithm", "parameters": {"model_type": "GRU", "units": 128, "num_layers": 1, "dropout": 0.2, "activation": "elu", "lr": 0.002514242731682734, "window_size": 12, "batch_size": 32, "epochs": 10, "kernel_size": 5, "attention_heads": 4}, "parameter_index": 0}
[2026-05-18 18:38:15] INFO (NNIManager) submitTrialJob: form: {
  sequenceId: 38,
  hyperParameters: {
    value: '{"parameter_id": 38, "parameter_source": "algorithm", "parameters": {"model_type": "GRU", "units": 128, "num_layers": 1, "dropout": 0.2, "activation": "elu", "lr": 0.002514242731682734, "window_size": 12, "batch_size": 32, "epochs": 10, "kernel_size": 5, "attention_heads": 4}, "parameter_index": 0}',
    index: 0
  },
  placementConstraint: { type: 'None', gpus: [] }
}
[2026-05-18 18:38:15] INFO (LocalV3.local) Created trial soNiB
[2026-05-18 18:38:17] INFO (LocalV3.local) Trial parameter: soNiB {"parameter_id": 38, "parameter_source": "algorithm", "parameters": {"model_type": "GRU", "units": 128, "num_layers": 1, "dropout": 0.2, "activation": "elu", "lr": 0.002514242731682734, "window_size": 12, "batch_size": 32, "epochs": 10, "kernel_size": 5, "attention_heads": 4}, "parameter_index": 0}
[2026-05-18 18:38:23] INFO (NNIManager) Trial job soNiB status changed from RUNNING to SUCCEEDED
[2026-05-18 18:38:23] INFO (NNIManager) NNIManager received command from dispatcher: TR, {"parameter_id": 39, "parameter_source": "algorithm", "parameters": {"model_type": "Transformer", "units": 64, "num_layers": 3, "dropout": 0.5, "activation": "sigmoid", "lr": 0.00014445883011070316, "window_size": 26, "batch_size": 64, "epochs": 20, "kernel_size": 7, "attention_heads": 8}, "parameter_index": 0}
[2026-05-18 18:38:23] INFO (NNIManager) submitTrialJob: form: {
  sequenceId: 39,
  hyperParameters: {
    value: '{"parameter_id": 39, "parameter_source": "algorithm", "parameters": {"model_type": "Transformer", "units": 64, "num_layers": 3, "dropout": 0.5, "activation": "sigmoid", "lr": 0.00014445883011070316, "window_size": 26, "batch_size": 64, "epochs": 20, "kernel_size": 7, "attention_heads": 8}, "parameter_index": 0}',
    index: 0
  },
  placementConstraint: { type: 'None', gpus: [] }
}
[2026-05-18 18:38:23] INFO (LocalV3.local) Created trial W0Zva
[2026-05-18 18:38:25] INFO (LocalV3.local) Trial parameter: W0Zva {"parameter_id": 39, "parameter_source": "algorithm", "parameters": {"model_type": "Transformer", "units": 64, "num_layers": 3, "dropout": 0.5, "activation": "sigmoid", "lr": 0.00014445883011070316, "window_size": 26, "batch_size": 64, "epochs": 20, "kernel_size": 7, "attention_heads": 8}, "parameter_index": 0}
[2026-05-18 18:38:49] INFO (NNIManager) Trial job W0Zva status changed from RUNNING to SUCCEEDED
[2026-05-18 18:38:49] INFO (NNIManager) NNIManager received command from dispatcher: TR, {"parameter_id": 40, "parameter_source": "algorithm", "parameters": {"model_type": "TCN", "units": 128, "num_layers": 1, "dropout": 0.3, "activation": "relu", "lr": 0.0007441557745091865, "window_size": 2, "batch_size": 32, "epochs": 5, "kernel_size": 3, "attention_heads": 4}, "parameter_index": 0}
[2026-05-18 18:38:49] INFO (NNIManager) submitTrialJob: form: {
  sequenceId: 40,
  hyperParameters: {
    value: '{"parameter_id": 40, "parameter_source": "algorithm", "parameters": {"model_type": "TCN", "units": 128, "num_layers": 1, "dropout": 0.3, "activation": "relu", "lr": 0.0007441557745091865, "window_size": 2, "batch_size": 32, "epochs": 5, "kernel_size": 3, "attention_heads": 4}, "parameter_index": 0}',
    index: 0
  },
  placementConstraint: { type: 'None', gpus: [] }
}
[2026-05-18 18:38:49] INFO (LocalV3.local) Created trial SAt6Z
[2026-05-18 18:38:51] INFO (LocalV3.local) Trial parameter: SAt6Z {"parameter_id": 40, "parameter_source": "algorithm", "parameters": {"model_type": "TCN", "units": 128, "num_layers": 1, "dropout": 0.3, "activation": "relu", "lr": 0.0007441557745091865, "window_size": 2, "batch_size": 32, "epochs": 5, "kernel_size": 3, "attention_heads": 4}, "parameter_index": 0}
[2026-05-18 18:38:53] INFO (NNIManager) Trial job SAt6Z status changed from RUNNING to SUCCEEDED
[2026-05-18 18:38:53] INFO (NNIManager) NNIManager received command from dispatcher: TR, {"parameter_id": 41, "parameter_source": "algorithm", "parameters": {"model_type": "LSTM", "units": 16, "num_layers": 1, "dropout": 0.1, "activation": "tanh", "lr": 0.0009297164604732288, "window_size": 26, "batch_size": 32, "epochs": 5, "kernel_size": 3, "attention_heads": 4}, "parameter_index": 0}
[2026-05-18 18:38:53] INFO (NNIManager) submitTrialJob: form: {
  sequenceId: 41,
  hyperParameters: {
    value: '{"parameter_id": 41, "parameter_source": "algorithm", "parameters": {"model_type": "LSTM", "units": 16, "num_layers": 1, "dropout": 0.1, "activation": "tanh", "lr": 0.0009297164604732288, "window_size": 26, "batch_size": 32, "epochs": 5, "kernel_size": 3, "attention_heads": 4}, "parameter_index": 0}',
    index: 0
  },
  placementConstraint: { type: 'None', gpus: [] }
}
[2026-05-18 18:38:53] INFO (LocalV3.local) Created trial spP91
[2026-05-18 18:38:55] INFO (LocalV3.local) Trial parameter: spP91 {"parameter_id": 41, "parameter_source": "algorithm", "parameters": {"model_type": "LSTM", "units": 16, "num_layers": 1, "dropout": 0.1, "activation": "tanh", "lr": 0.0009297164604732288, "window_size": 26, "batch_size": 32, "epochs": 5, "kernel_size": 3, "attention_heads": 4}, "parameter_index": 0}
[2026-05-18 18:38:59] INFO (NNIManager) Trial job spP91 status changed from RUNNING to SUCCEEDED
[2026-05-18 18:38:59] INFO (NNIManager) NNIManager received command from dispatcher: TR, {"parameter_id": 42, "parameter_source": "algorithm", "parameters": {"model_type": "MLP", "units": 128, "num_layers": 2, "dropout": 0.3, "activation": "relu", "lr": 8.819197387546383e-05, "window_size": 2, "batch_size": 16, "epochs": 20, "kernel_size": 5, "attention_heads": 2}, "parameter_index": 0}
[2026-05-18 18:38:59] INFO (NNIManager) submitTrialJob: form: {
  sequenceId: 42,
  hyperParameters: {
    value: '{"parameter_id": 42, "parameter_source": "algorithm", "parameters": {"model_type": "MLP", "units": 128, "num_layers": 2, "dropout": 0.3, "activation": "relu", "lr": 8.819197387546383e-05, "window_size": 2, "batch_size": 16, "epochs": 20, "kernel_size": 5, "attention_heads": 2}, "parameter_index": 0}',
    index: 0
  },
  placementConstraint: { type: 'None', gpus: [] }
}
[2026-05-18 18:38:59] INFO (LocalV3.local) Created trial CFT7A
[2026-05-18 18:39:01] INFO (LocalV3.local) Trial parameter: CFT7A {"parameter_id": 42, "parameter_source": "algorithm", "parameters": {"model_type": "MLP", "units": 128, "num_layers": 2, "dropout": 0.3, "activation": "relu", "lr": 8.819197387546383e-05, "window_size": 2, "batch_size": 16, "epochs": 20, "kernel_size": 5, "attention_heads": 2}, "parameter_index": 0}
[2026-05-18 18:39:05] INFO (NNIManager) Trial job CFT7A status changed from RUNNING to SUCCEEDED
[2026-05-18 18:39:05] INFO (NNIManager) NNIManager received command from dispatcher: TR, {"parameter_id": 43, "parameter_source": "algorithm", "parameters": {"model_type": "RNN", "units": 128, "num_layers": 3, "dropout": 0.2, "activation": "elu", "lr": 0.00033743524834829155, "window_size": 2, "batch_size": 32, "epochs": 5, "kernel_size": 3, "attention_heads": 4}, "parameter_index": 0}
[2026-05-18 18:39:06] INFO (NNIManager) submitTrialJob: form: {
  sequenceId: 43,
  hyperParameters: {
    value: '{"parameter_id": 43, "parameter_source": "algorithm", "parameters": {"model_type": "RNN", "units": 128, "num_layers": 3, "dropout": 0.2, "activation": "elu", "lr": 0.00033743524834829155, "window_size": 2, "batch_size": 32, "epochs": 5, "kernel_size": 3, "attention_heads": 4}, "parameter_index": 0}',
    index: 0
  },
  placementConstraint: { type: 'None', gpus: [] }
}
[2026-05-18 18:39:06] INFO (LocalV3.local) Created trial dYtT2
[2026-05-18 18:39:07] INFO (LocalV3.local) Trial parameter: dYtT2 {"parameter_id": 43, "parameter_source": "algorithm", "parameters": {"model_type": "RNN", "units": 128, "num_layers": 3, "dropout": 0.2, "activation": "elu", "lr": 0.00033743524834829155, "window_size": 2, "batch_size": 32, "epochs": 5, "kernel_size": 3, "attention_heads": 4}, "parameter_index": 0}
[2026-05-18 18:39:11] INFO (NNIManager) Trial job dYtT2 status changed from RUNNING to SUCCEEDED
[2026-05-18 18:39:11] INFO (NNIManager) NNIManager received command from dispatcher: TR, {"parameter_id": 44, "parameter_source": "algorithm", "parameters": {"model_type": "TCN", "units": 32, "num_layers": 1, "dropout": 0.3, "activation": "relu", "lr": 0.0005067994054585967, "window_size": 25, "batch_size": 64, "epochs": 20, "kernel_size": 5, "attention_heads": 2}, "parameter_index": 0}
[2026-05-18 18:39:12] INFO (NNIManager) submitTrialJob: form: {
  sequenceId: 44,
  hyperParameters: {
    value: '{"parameter_id": 44, "parameter_source": "algorithm", "parameters": {"model_type": "TCN", "units": 32, "num_layers": 1, "dropout": 0.3, "activation": "relu", "lr": 0.0005067994054585967, "window_size": 25, "batch_size": 64, "epochs": 20, "kernel_size": 5, "attention_heads": 2}, "parameter_index": 0}',
    index: 0
  },
  placementConstraint: { type: 'None', gpus: [] }
}
[2026-05-18 18:39:12] INFO (LocalV3.local) Created trial EH0Y2
[2026-05-18 18:39:14] INFO (LocalV3.local) Trial parameter: EH0Y2 {"parameter_id": 44, "parameter_source": "algorithm", "parameters": {"model_type": "TCN", "units": 32, "num_layers": 1, "dropout": 0.3, "activation": "relu", "lr": 0.0005067994054585967, "window_size": 25, "batch_size": 64, "epochs": 20, "kernel_size": 5, "attention_heads": 2}, "parameter_index": 0}
[2026-05-18 18:39:17] INFO (NNIManager) Trial job EH0Y2 status changed from RUNNING to SUCCEEDED
[2026-05-18 18:39:17] INFO (NNIManager) NNIManager received command from dispatcher: TR, {"parameter_id": 45, "parameter_source": "algorithm", "parameters": {"model_type": "LSTM", "units": 16, "num_layers": 2, "dropout": 0.1, "activation": "tanh", "lr": 6.084351131557664e-05, "window_size": 9, "batch_size": 16, "epochs": 20, "kernel_size": 3, "attention_heads": 4}, "parameter_index": 0}
[2026-05-18 18:39:17] INFO (NNIManager) submitTrialJob: form: {
  sequenceId: 45,
  hyperParameters: {
    value: '{"parameter_id": 45, "parameter_source": "algorithm", "parameters": {"model_type": "LSTM", "units": 16, "num_layers": 2, "dropout": 0.1, "activation": "tanh", "lr": 6.084351131557664e-05, "window_size": 9, "batch_size": 16, "epochs": 20, "kernel_size": 3, "attention_heads": 4}, "parameter_index": 0}',
    index: 0
  },
  placementConstraint: { type: 'None', gpus: [] }
}
[2026-05-18 18:39:17] INFO (LocalV3.local) Created trial TrU3S
[2026-05-18 18:39:19] INFO (LocalV3.local) Trial parameter: TrU3S {"parameter_id": 45, "parameter_source": "algorithm", "parameters": {"model_type": "LSTM", "units": 16, "num_layers": 2, "dropout": 0.1, "activation": "tanh", "lr": 6.084351131557664e-05, "window_size": 9, "batch_size": 16, "epochs": 20, "kernel_size": 3, "attention_heads": 4}, "parameter_index": 0}
[2026-05-18 18:39:31] INFO (NNIManager) Trial job TrU3S status changed from RUNNING to SUCCEEDED
[2026-05-18 18:39:31] INFO (NNIManager) NNIManager received command from dispatcher: TR, {"parameter_id": 46, "parameter_source": "algorithm", "parameters": {"model_type": "MLP", "units": 64, "num_layers": 4, "dropout": 0, "activation": "elu", "lr": 0.00027202313931524113, "window_size": 26, "batch_size": 32, "epochs": 5, "kernel_size": 3, "attention_heads": 4}, "parameter_index": 0}
[2026-05-18 18:39:32] INFO (NNIManager) submitTrialJob: form: {
  sequenceId: 46,
  hyperParameters: {
    value: '{"parameter_id": 46, "parameter_source": "algorithm", "parameters": {"model_type": "MLP", "units": 64, "num_layers": 4, "dropout": 0, "activation": "elu", "lr": 0.00027202313931524113, "window_size": 26, "batch_size": 32, "epochs": 5, "kernel_size": 3, "attention_heads": 4}, "parameter_index": 0}',
    index: 0
  },
  placementConstraint: { type: 'None', gpus: [] }
}
[2026-05-18 18:39:32] INFO (LocalV3.local) Created trial MI50O
[2026-05-18 18:39:34] INFO (LocalV3.local) Trial parameter: MI50O {"parameter_id": 46, "parameter_source": "algorithm", "parameters": {"model_type": "MLP", "units": 64, "num_layers": 4, "dropout": 0, "activation": "elu", "lr": 0.00027202313931524113, "window_size": 26, "batch_size": 32, "epochs": 5, "kernel_size": 3, "attention_heads": 4}, "parameter_index": 0}
[2026-05-18 18:39:35] INFO (NNIManager) Trial job MI50O status changed from RUNNING to SUCCEEDED
[2026-05-18 18:39:35] INFO (NNIManager) NNIManager received command from dispatcher: TR, {"parameter_id": 47, "parameter_source": "algorithm", "parameters": {"model_type": "LSTM", "units": 128, "num_layers": 3, "dropout": 0.2, "activation": "elu", "lr": 4.99571112569593e-05, "window_size": 21, "batch_size": 32, "epochs": 10, "kernel_size": 7, "attention_heads": 8}, "parameter_index": 0}
[2026-05-18 18:39:36] INFO (NNIManager) submitTrialJob: form: {
  sequenceId: 47,
  hyperParameters: {
    value: '{"parameter_id": 47, "parameter_source": "algorithm", "parameters": {"model_type": "LSTM", "units": 128, "num_layers": 3, "dropout": 0.2, "activation": "elu", "lr": 4.99571112569593e-05, "window_size": 21, "batch_size": 32, "epochs": 10, "kernel_size": 7, "attention_heads": 8}, "parameter_index": 0}',
    index: 0
  },
  placementConstraint: { type: 'None', gpus: [] }
}
[2026-05-18 18:39:36] INFO (LocalV3.local) Created trial Nlhd1
[2026-05-18 18:39:38] INFO (LocalV3.local) Trial parameter: Nlhd1 {"parameter_id": 47, "parameter_source": "algorithm", "parameters": {"model_type": "LSTM", "units": 128, "num_layers": 3, "dropout": 0.2, "activation": "elu", "lr": 4.99571112569593e-05, "window_size": 21, "batch_size": 32, "epochs": 10, "kernel_size": 7, "attention_heads": 8}, "parameter_index": 0}
[2026-05-18 18:39:55] INFO (NNIManager) Trial job Nlhd1 status changed from RUNNING to SUCCEEDED
[2026-05-18 18:39:55] INFO (NNIManager) NNIManager received command from dispatcher: TR, {"parameter_id": 48, "parameter_source": "algorithm", "parameters": {"model_type": "Transformer", "units": 64, "num_layers": 1, "dropout": 0.1, "activation": "tanh", "lr": 0.0007884086497063201, "window_size": 14, "batch_size": 16, "epochs": 20, "kernel_size": 5, "attention_heads": 4}, "parameter_index": 0}
[2026-05-18 18:39:55] INFO (NNIManager) submitTrialJob: form: {
  sequenceId: 48,
  hyperParameters: {
    value: '{"parameter_id": 48, "parameter_source": "algorithm", "parameters": {"model_type": "Transformer", "units": 64, "num_layers": 1, "dropout": 0.1, "activation": "tanh", "lr": 0.0007884086497063201, "window_size": 14, "batch_size": 16, "epochs": 20, "kernel_size": 5, "attention_heads": 4}, "parameter_index": 0}',
    index: 0
  },
  placementConstraint: { type: 'None', gpus: [] }
}
[2026-05-18 18:39:55] INFO (LocalV3.local) Created trial niyDF
[2026-05-18 18:39:57] INFO (LocalV3.local) Trial parameter: niyDF {"parameter_id": 48, "parameter_source": "algorithm", "parameters": {"model_type": "Transformer", "units": 64, "num_layers": 1, "dropout": 0.1, "activation": "tanh", "lr": 0.0007884086497063201, "window_size": 14, "batch_size": 16, "epochs": 20, "kernel_size": 5, "attention_heads": 4}, "parameter_index": 0}
[2026-05-18 18:40:06] INFO (NNIManager) Trial job niyDF status changed from RUNNING to SUCCEEDED
[2026-05-18 18:40:06] INFO (NNIManager) NNIManager received command from dispatcher: TR, {"parameter_id": 49, "parameter_source": "algorithm", "parameters": {"model_type": "CNN", "units": 16, "num_layers": 2, "dropout": 0.2, "activation": "elu", "lr": 7.655136875795269e-05, "window_size": 19, "batch_size": 64, "epochs": 5, "kernel_size": 3, "attention_heads": 4}, "parameter_index": 0}
[2026-05-18 18:40:06] INFO (NNIManager) submitTrialJob: form: {
  sequenceId: 49,
  hyperParameters: {
    value: '{"parameter_id": 49, "parameter_source": "algorithm", "parameters": {"model_type": "CNN", "units": 16, "num_layers": 2, "dropout": 0.2, "activation": "elu", "lr": 7.655136875795269e-05, "window_size": 19, "batch_size": 64, "epochs": 5, "kernel_size": 3, "attention_heads": 4}, "parameter_index": 0}',
    index: 0
  },
  placementConstraint: { type: 'None', gpus: [] }
}
[2026-05-18 18:40:06] INFO (LocalV3.local) Created trial I8kOe
[2026-05-18 18:40:08] INFO (LocalV3.local) Trial parameter: I8kOe {"parameter_id": 49, "parameter_source": "algorithm", "parameters": {"model_type": "CNN", "units": 16, "num_layers": 2, "dropout": 0.2, "activation": "elu", "lr": 7.655136875795269e-05, "window_size": 19, "batch_size": 64, "epochs": 5, "kernel_size": 3, "attention_heads": 4}, "parameter_index": 0}
[2026-05-18 18:40:11] INFO (NNIManager) Trial job I8kOe status changed from RUNNING to SUCCEEDED
[2026-05-18 18:40:11] INFO (NNIManager) NNIManager received command from dispatcher: TR, {"parameter_id": 50, "parameter_source": "algorithm", "parameters": {"model_type": "MLP", "units": 128, "num_layers": 3, "dropout": 0, "activation": "relu", "lr": 0.0011690692848607728, "window_size": 2, "batch_size": 32, "epochs": 20, "kernel_size": 3, "attention_heads": 8}, "parameter_index": 0}
[2026-05-18 18:40:11] INFO (NNIManager) submitTrialJob: form: {
  sequenceId: 50,
  hyperParameters: {
    value: '{"parameter_id": 50, "parameter_source": "algorithm", "parameters": {"model_type": "MLP", "units": 128, "num_layers": 3, "dropout": 0, "activation": "relu", "lr": 0.0011690692848607728, "window_size": 2, "batch_size": 32, "epochs": 20, "kernel_size": 3, "attention_heads": 8}, "parameter_index": 0}',
    index: 0
  },
  placementConstraint: { type: 'None', gpus: [] }
}
[2026-05-18 18:40:11] INFO (LocalV3.local) Created trial taEWm
[2026-05-18 18:40:13] INFO (LocalV3.local) Trial parameter: taEWm {"parameter_id": 50, "parameter_source": "algorithm", "parameters": {"model_type": "MLP", "units": 128, "num_layers": 3, "dropout": 0, "activation": "relu", "lr": 0.0011690692848607728, "window_size": 2, "batch_size": 32, "epochs": 20, "kernel_size": 3, "attention_heads": 8}, "parameter_index": 0}
[2026-05-18 18:40:17] INFO (NNIManager) Trial job taEWm status changed from RUNNING to SUCCEEDED
[2026-05-18 18:40:17] INFO (NNIManager) NNIManager received command from dispatcher: TR, {"parameter_id": 51, "parameter_source": "algorithm", "parameters": {"model_type": "MLP", "units": 128, "num_layers": 3, "dropout": 0, "activation": "relu", "lr": 0.001329028784160474, "window_size": 2, "batch_size": 32, "epochs": 20, "kernel_size": 3, "attention_heads": 8}, "parameter_index": 0}
[2026-05-18 18:40:17] INFO (NNIManager) submitTrialJob: form: {
  sequenceId: 51,
  hyperParameters: {
    value: '{"parameter_id": 51, "parameter_source": "algorithm", "parameters": {"model_type": "MLP", "units": 128, "num_layers": 3, "dropout": 0, "activation": "relu", "lr": 0.001329028784160474, "window_size": 2, "batch_size": 32, "epochs": 20, "kernel_size": 3, "attention_heads": 8}, "parameter_index": 0}',
    index: 0
  },
  placementConstraint: { type: 'None', gpus: [] }
}
[2026-05-18 18:40:17] INFO (LocalV3.local) Created trial dvwB3
[2026-05-18 18:40:19] INFO (LocalV3.local) Trial parameter: dvwB3 {"parameter_id": 51, "parameter_source": "algorithm", "parameters": {"model_type": "MLP", "units": 128, "num_layers": 3, "dropout": 0, "activation": "relu", "lr": 0.001329028784160474, "window_size": 2, "batch_size": 32, "epochs": 20, "kernel_size": 3, "attention_heads": 8}, "parameter_index": 0}
[2026-05-18 18:40:23] INFO (NNIManager) Trial job dvwB3 status changed from RUNNING to SUCCEEDED
[2026-05-18 18:40:23] INFO (NNIManager) NNIManager received command from dispatcher: TR, {"parameter_id": 52, "parameter_source": "algorithm", "parameters": {"model_type": "MLP", "units": 128, "num_layers": 1, "dropout": 0, "activation": "relu", "lr": 0.0026861604406143397, "window_size": 2, "batch_size": 32, "epochs": 20, "kernel_size": 3, "attention_heads": 8}, "parameter_index": 0}
[2026-05-18 18:40:23] INFO (NNIManager) submitTrialJob: form: {
  sequenceId: 52,
  hyperParameters: {
    value: '{"parameter_id": 52, "parameter_source": "algorithm", "parameters": {"model_type": "MLP", "units": 128, "num_layers": 1, "dropout": 0, "activation": "relu", "lr": 0.0026861604406143397, "window_size": 2, "batch_size": 32, "epochs": 20, "kernel_size": 3, "attention_heads": 8}, "parameter_index": 0}',
    index: 0
  },
  placementConstraint: { type: 'None', gpus: [] }
}
[2026-05-18 18:40:23] INFO (LocalV3.local) Created trial tSxzd
[2026-05-18 18:40:25] INFO (LocalV3.local) Trial parameter: tSxzd {"parameter_id": 52, "parameter_source": "algorithm", "parameters": {"model_type": "MLP", "units": 128, "num_layers": 1, "dropout": 0, "activation": "relu", "lr": 0.0026861604406143397, "window_size": 2, "batch_size": 32, "epochs": 20, "kernel_size": 3, "attention_heads": 8}, "parameter_index": 0}
[2026-05-18 18:40:28] INFO (NNIManager) Trial job tSxzd status changed from RUNNING to SUCCEEDED
[2026-05-18 18:40:28] INFO (NNIManager) NNIManager received command from dispatcher: TR, {"parameter_id": 53, "parameter_source": "algorithm", "parameters": {"model_type": "MLP", "units": 128, "num_layers": 1, "dropout": 0, "activation": "relu", "lr": 0.0005104135959476851, "window_size": 2, "batch_size": 32, "epochs": 20, "kernel_size": 3, "attention_heads": 8}, "parameter_index": 0}
[2026-05-18 18:40:29] INFO (NNIManager) submitTrialJob: form: {
  sequenceId: 53,
  hyperParameters: {
    value: '{"parameter_id": 53, "parameter_source": "algorithm", "parameters": {"model_type": "MLP", "units": 128, "num_layers": 1, "dropout": 0, "activation": "relu", "lr": 0.0005104135959476851, "window_size": 2, "batch_size": 32, "epochs": 20, "kernel_size": 3, "attention_heads": 8}, "parameter_index": 0}',
    index: 0
  },
  placementConstraint: { type: 'None', gpus: [] }
}
[2026-05-18 18:40:29] INFO (LocalV3.local) Created trial aE8ot
[2026-05-18 18:40:30] INFO (LocalV3.local) Trial parameter: aE8ot {"parameter_id": 53, "parameter_source": "algorithm", "parameters": {"model_type": "MLP", "units": 128, "num_layers": 1, "dropout": 0, "activation": "relu", "lr": 0.0005104135959476851, "window_size": 2, "batch_size": 32, "epochs": 20, "kernel_size": 3, "attention_heads": 8}, "parameter_index": 0}
[2026-05-18 18:40:34] INFO (NNIManager) Trial job aE8ot status changed from RUNNING to SUCCEEDED
[2026-05-18 18:40:34] INFO (NNIManager) NNIManager received command from dispatcher: TR, {"parameter_id": 54, "parameter_source": "algorithm", "parameters": {"model_type": "MLP", "units": 128, "num_layers": 4, "dropout": 0, "activation": "relu", "lr": 0.0021192393514364843, "window_size": 2, "batch_size": 32, "epochs": 20, "kernel_size": 3, "attention_heads": 8}, "parameter_index": 0}
[2026-05-18 18:40:34] INFO (NNIManager) submitTrialJob: form: {
  sequenceId: 54,
  hyperParameters: {
    value: '{"parameter_id": 54, "parameter_source": "algorithm", "parameters": {"model_type": "MLP", "units": 128, "num_layers": 4, "dropout": 0, "activation": "relu", "lr": 0.0021192393514364843, "window_size": 2, "batch_size": 32, "epochs": 20, "kernel_size": 3, "attention_heads": 8}, "parameter_index": 0}',
    index: 0
  },
  placementConstraint: { type: 'None', gpus: [] }
}
[2026-05-18 18:40:34] INFO (LocalV3.local) Created trial LHpcm
[2026-05-18 18:40:36] INFO (LocalV3.local) Trial parameter: LHpcm {"parameter_id": 54, "parameter_source": "algorithm", "parameters": {"model_type": "MLP", "units": 128, "num_layers": 4, "dropout": 0, "activation": "relu", "lr": 0.0021192393514364843, "window_size": 2, "batch_size": 32, "epochs": 20, "kernel_size": 3, "attention_heads": 8}, "parameter_index": 0}
[2026-05-18 18:40:40] INFO (NNIManager) Trial job LHpcm status changed from RUNNING to SUCCEEDED
[2026-05-18 18:40:40] INFO (NNIManager) NNIManager received command from dispatcher: TR, {"parameter_id": 55, "parameter_source": "algorithm", "parameters": {"model_type": "MLP", "units": 128, "num_layers": 3, "dropout": 0, "activation": "relu", "lr": 0.0032083154359417772, "window_size": 9, "batch_size": 32, "epochs": 20, "kernel_size": 3, "attention_heads": 8}, "parameter_index": 0}
[2026-05-18 18:40:40] INFO (NNIManager) submitTrialJob: form: {
  sequenceId: 55,
  hyperParameters: {
    value: '{"parameter_id": 55, "parameter_source": "algorithm", "parameters": {"model_type": "MLP", "units": 128, "num_layers": 3, "dropout": 0, "activation": "relu", "lr": 0.0032083154359417772, "window_size": 9, "batch_size": 32, "epochs": 20, "kernel_size": 3, "attention_heads": 8}, "parameter_index": 0}',
    index: 0
  },
  placementConstraint: { type: 'None', gpus: [] }
}
[2026-05-18 18:40:40] INFO (LocalV3.local) Created trial ykNGG
[2026-05-18 18:40:42] INFO (LocalV3.local) Trial parameter: ykNGG {"parameter_id": 55, "parameter_source": "algorithm", "parameters": {"model_type": "MLP", "units": 128, "num_layers": 3, "dropout": 0, "activation": "relu", "lr": 0.0032083154359417772, "window_size": 9, "batch_size": 32, "epochs": 20, "kernel_size": 3, "attention_heads": 8}, "parameter_index": 0}
[2026-05-18 18:40:46] INFO (NNIManager) Trial job ykNGG status changed from RUNNING to SUCCEEDED
[2026-05-18 18:40:46] INFO (NNIManager) NNIManager received command from dispatcher: TR, {"parameter_id": 56, "parameter_source": "algorithm", "parameters": {"model_type": "MLP", "units": 128, "num_layers": 3, "dropout": 0, "activation": "relu", "lr": 0.004708089809157941, "window_size": 12, "batch_size": 32, "epochs": 20, "kernel_size": 3, "attention_heads": 8}, "parameter_index": 0}
[2026-05-18 18:40:46] INFO (NNIManager) submitTrialJob: form: {
  sequenceId: 56,
  hyperParameters: {
    value: '{"parameter_id": 56, "parameter_source": "algorithm", "parameters": {"model_type": "MLP", "units": 128, "num_layers": 3, "dropout": 0, "activation": "relu", "lr": 0.004708089809157941, "window_size": 12, "batch_size": 32, "epochs": 20, "kernel_size": 3, "attention_heads": 8}, "parameter_index": 0}',
    index: 0
  },
  placementConstraint: { type: 'None', gpus: [] }
}
[2026-05-18 18:40:46] INFO (LocalV3.local) Created trial nsQ8e
[2026-05-18 18:40:48] INFO (LocalV3.local) Trial parameter: nsQ8e {"parameter_id": 56, "parameter_source": "algorithm", "parameters": {"model_type": "MLP", "units": 128, "num_layers": 3, "dropout": 0, "activation": "relu", "lr": 0.004708089809157941, "window_size": 12, "batch_size": 32, "epochs": 20, "kernel_size": 3, "attention_heads": 8}, "parameter_index": 0}
[2026-05-18 18:40:52] INFO (NNIManager) Trial job nsQ8e status changed from RUNNING to SUCCEEDED
[2026-05-18 18:40:52] INFO (NNIManager) NNIManager received command from dispatcher: TR, {"parameter_id": 57, "parameter_source": "algorithm", "parameters": {"model_type": "MLP", "units": 128, "num_layers": 1, "dropout": 0, "activation": "relu", "lr": 0.0003695077868241601, "window_size": 22, "batch_size": 32, "epochs": 20, "kernel_size": 3, "attention_heads": 8}, "parameter_index": 0}
[2026-05-18 18:40:52] INFO (NNIManager) submitTrialJob: form: {
  sequenceId: 57,
  hyperParameters: {
    value: '{"parameter_id": 57, "parameter_source": "algorithm", "parameters": {"model_type": "MLP", "units": 128, "num_layers": 1, "dropout": 0, "activation": "relu", "lr": 0.0003695077868241601, "window_size": 22, "batch_size": 32, "epochs": 20, "kernel_size": 3, "attention_heads": 8}, "parameter_index": 0}',
    index: 0
  },
  placementConstraint: { type: 'None', gpus: [] }
}
[2026-05-18 18:40:52] INFO (LocalV3.local) Created trial DPMka
[2026-05-18 18:40:54] INFO (LocalV3.local) Trial parameter: DPMka {"parameter_id": 57, "parameter_source": "algorithm", "parameters": {"model_type": "MLP", "units": 128, "num_layers": 1, "dropout": 0, "activation": "relu", "lr": 0.0003695077868241601, "window_size": 22, "batch_size": 32, "epochs": 20, "kernel_size": 3, "attention_heads": 8}, "parameter_index": 0}
[2026-05-18 18:40:57] INFO (NNIManager) Trial job DPMka status changed from RUNNING to SUCCEEDED
[2026-05-18 18:40:57] INFO (NNIManager) NNIManager received command from dispatcher: TR, {"parameter_id": 58, "parameter_source": "algorithm", "parameters": {"model_type": "MLP", "units": 128, "num_layers": 3, "dropout": 0, "activation": "relu", "lr": 0.00358357062186312, "window_size": 9, "batch_size": 32, "epochs": 20, "kernel_size": 3, "attention_heads": 8}, "parameter_index": 0}
[2026-05-18 18:40:58] INFO (NNIManager) submitTrialJob: form: {
  sequenceId: 58,
  hyperParameters: {
    value: '{"parameter_id": 58, "parameter_source": "algorithm", "parameters": {"model_type": "MLP", "units": 128, "num_layers": 3, "dropout": 0, "activation": "relu", "lr": 0.00358357062186312, "window_size": 9, "batch_size": 32, "epochs": 20, "kernel_size": 3, "attention_heads": 8}, "parameter_index": 0}',
    index: 0
  },
  placementConstraint: { type: 'None', gpus: [] }
}
[2026-05-18 18:40:58] INFO (LocalV3.local) Created trial Rzj4n
[2026-05-18 18:40:59] INFO (LocalV3.local) Trial parameter: Rzj4n {"parameter_id": 58, "parameter_source": "algorithm", "parameters": {"model_type": "MLP", "units": 128, "num_layers": 3, "dropout": 0, "activation": "relu", "lr": 0.00358357062186312, "window_size": 9, "batch_size": 32, "epochs": 20, "kernel_size": 3, "attention_heads": 8}, "parameter_index": 0}
[2026-05-18 18:41:03] INFO (NNIManager) Trial job Rzj4n status changed from RUNNING to SUCCEEDED
[2026-05-18 18:41:03] INFO (NNIManager) NNIManager received command from dispatcher: TR, {"parameter_id": 59, "parameter_source": "algorithm", "parameters": {"model_type": "MLP", "units": 128, "num_layers": 1, "dropout": 0, "activation": "relu", "lr": 0.0001680053649317023, "window_size": 16, "batch_size": 32, "epochs": 20, "kernel_size": 3, "attention_heads": 8}, "parameter_index": 0}
[2026-05-18 18:41:04] INFO (NNIManager) submitTrialJob: form: {
  sequenceId: 59,
  hyperParameters: {
    value: '{"parameter_id": 59, "parameter_source": "algorithm", "parameters": {"model_type": "MLP", "units": 128, "num_layers": 1, "dropout": 0, "activation": "relu", "lr": 0.0001680053649317023, "window_size": 16, "batch_size": 32, "epochs": 20, "kernel_size": 3, "attention_heads": 8}, "parameter_index": 0}',
    index: 0
  },
  placementConstraint: { type: 'None', gpus: [] }
}
[2026-05-18 18:41:04] INFO (LocalV3.local) Created trial nAHX5
[2026-05-18 18:41:06] INFO (LocalV3.local) Trial parameter: nAHX5 {"parameter_id": 59, "parameter_source": "algorithm", "parameters": {"model_type": "MLP", "units": 128, "num_layers": 1, "dropout": 0, "activation": "relu", "lr": 0.0001680053649317023, "window_size": 16, "batch_size": 32, "epochs": 20, "kernel_size": 3, "attention_heads": 8}, "parameter_index": 0}
[2026-05-18 18:41:09] INFO (NNIManager) Trial job nAHX5 status changed from RUNNING to SUCCEEDED
[2026-05-18 18:41:09] INFO (NNIManager) NNIManager received command from dispatcher: TR, {"parameter_id": 60, "parameter_source": "algorithm", "parameters": {"model_type": "GRU", "units": 128, "num_layers": 4, "dropout": 0, "activation": "relu", "lr": 0.006378044545750796, "window_size": 30, "batch_size": 32, "epochs": 20, "kernel_size": 3, "attention_heads": 8}, "parameter_index": 0}
[2026-05-18 18:41:10] INFO (NNIManager) submitTrialJob: form: {
  sequenceId: 60,
  hyperParameters: {
    value: '{"parameter_id": 60, "parameter_source": "algorithm", "parameters": {"model_type": "GRU", "units": 128, "num_layers": 4, "dropout": 0, "activation": "relu", "lr": 0.006378044545750796, "window_size": 30, "batch_size": 32, "epochs": 20, "kernel_size": 3, "attention_heads": 8}, "parameter_index": 0}',
    index: 0
  },
  placementConstraint: { type: 'None', gpus: [] }
}
[2026-05-18 18:41:10] INFO (LocalV3.local) Created trial Lyty4
[2026-05-18 18:41:12] INFO (LocalV3.local) Trial parameter: Lyty4 {"parameter_id": 60, "parameter_source": "algorithm", "parameters": {"model_type": "GRU", "units": 128, "num_layers": 4, "dropout": 0, "activation": "relu", "lr": 0.006378044545750796, "window_size": 30, "batch_size": 32, "epochs": 20, "kernel_size": 3, "attention_heads": 8}, "parameter_index": 0}
[2026-05-18 18:41:55] INFO (NNIManager) Trial job Lyty4 status changed from RUNNING to SUCCEEDED
[2026-05-18 18:41:55] INFO (NNIManager) NNIManager received command from dispatcher: TR, {"parameter_id": 61, "parameter_source": "algorithm", "parameters": {"model_type": "GRU", "units": 128, "num_layers": 4, "dropout": 0, "activation": "relu", "lr": 0.005890043027847313, "window_size": 13, "batch_size": 32, "epochs": 20, "kernel_size": 3, "attention_heads": 8}, "parameter_index": 0}
[2026-05-18 18:41:55] INFO (NNIManager) submitTrialJob: form: {
  sequenceId: 61,
  hyperParameters: {
    value: '{"parameter_id": 61, "parameter_source": "algorithm", "parameters": {"model_type": "GRU", "units": 128, "num_layers": 4, "dropout": 0, "activation": "relu", "lr": 0.005890043027847313, "window_size": 13, "batch_size": 32, "epochs": 20, "kernel_size": 3, "attention_heads": 8}, "parameter_index": 0}',
    index: 0
  },
  placementConstraint: { type: 'None', gpus: [] }
}
[2026-05-18 18:41:55] INFO (LocalV3.local) Created trial EEspo
[2026-05-18 18:41:57] INFO (LocalV3.local) Trial parameter: EEspo {"parameter_id": 61, "parameter_source": "algorithm", "parameters": {"model_type": "GRU", "units": 128, "num_layers": 4, "dropout": 0, "activation": "relu", "lr": 0.005890043027847313, "window_size": 13, "batch_size": 32, "epochs": 20, "kernel_size": 3, "attention_heads": 8}, "parameter_index": 0}
[2026-05-18 18:42:23] INFO (NNIManager) Trial job EEspo status changed from RUNNING to SUCCEEDED
[2026-05-18 18:42:23] INFO (NNIManager) NNIManager received command from dispatcher: TR, {"parameter_id": 62, "parameter_source": "algorithm", "parameters": {"model_type": "GRU", "units": 128, "num_layers": 4, "dropout": 0, "activation": "relu", "lr": 0.003519039756809685, "window_size": 24, "batch_size": 32, "epochs": 20, "kernel_size": 3, "attention_heads": 8}, "parameter_index": 0}
[2026-05-18 18:42:23] INFO (NNIManager) submitTrialJob: form: {
  sequenceId: 62,
  hyperParameters: {
    value: '{"parameter_id": 62, "parameter_source": "algorithm", "parameters": {"model_type": "GRU", "units": 128, "num_layers": 4, "dropout": 0, "activation": "relu", "lr": 0.003519039756809685, "window_size": 24, "batch_size": 32, "epochs": 20, "kernel_size": 3, "attention_heads": 8}, "parameter_index": 0}',
    index: 0
  },
  placementConstraint: { type: 'None', gpus: [] }
}
[2026-05-18 18:42:23] INFO (LocalV3.local) Created trial bwjoE
[2026-05-18 18:42:25] INFO (LocalV3.local) Trial parameter: bwjoE {"parameter_id": 62, "parameter_source": "algorithm", "parameters": {"model_type": "GRU", "units": 128, "num_layers": 4, "dropout": 0, "activation": "relu", "lr": 0.003519039756809685, "window_size": 24, "batch_size": 32, "epochs": 20, "kernel_size": 3, "attention_heads": 8}, "parameter_index": 0}
[2026-05-18 18:43:03] INFO (NNIManager) Trial job bwjoE status changed from RUNNING to SUCCEEDED
[2026-05-18 18:43:03] INFO (NNIManager) NNIManager received command from dispatcher: TR, {"parameter_id": 63, "parameter_source": "algorithm", "parameters": {"model_type": "GRU", "units": 256, "num_layers": 4, "dropout": 0, "activation": "relu", "lr": 0.00990686952950327, "window_size": 30, "batch_size": 32, "epochs": 20, "kernel_size": 3, "attention_heads": 8}, "parameter_index": 0}
[2026-05-18 18:43:03] INFO (NNIManager) submitTrialJob: form: {
  sequenceId: 63,
  hyperParameters: {
    value: '{"parameter_id": 63, "parameter_source": "algorithm", "parameters": {"model_type": "GRU", "units": 256, "num_layers": 4, "dropout": 0, "activation": "relu", "lr": 0.00990686952950327, "window_size": 30, "batch_size": 32, "epochs": 20, "kernel_size": 3, "attention_heads": 8}, "parameter_index": 0}',
    index: 0
  },
  placementConstraint: { type: 'None', gpus: [] }
}
[2026-05-18 18:43:04] INFO (LocalV3.local) Created trial hDQzo
[2026-05-18 18:43:05] INFO (LocalV3.local) Trial parameter: hDQzo {"parameter_id": 63, "parameter_source": "algorithm", "parameters": {"model_type": "GRU", "units": 256, "num_layers": 4, "dropout": 0, "activation": "relu", "lr": 0.00990686952950327, "window_size": 30, "batch_size": 32, "epochs": 20, "kernel_size": 3, "attention_heads": 8}, "parameter_index": 0}
[2026-05-18 18:44:44] INFO (NNIManager) Trial job hDQzo status changed from RUNNING to SUCCEEDED
[2026-05-18 18:44:44] INFO (NNIManager) NNIManager received command from dispatcher: TR, {"parameter_id": 64, "parameter_source": "algorithm", "parameters": {"model_type": "GRU", "units": 128, "num_layers": 4, "dropout": 0, "activation": "relu", "lr": 0.0029015484586268395, "window_size": 30, "batch_size": 32, "epochs": 20, "kernel_size": 2, "attention_heads": 8}, "parameter_index": 0}
[2026-05-18 18:44:44] INFO (NNIManager) submitTrialJob: form: {
  sequenceId: 64,
  hyperParameters: {
    value: '{"parameter_id": 64, "parameter_source": "algorithm", "parameters": {"model_type": "GRU", "units": 128, "num_layers": 4, "dropout": 0, "activation": "relu", "lr": 0.0029015484586268395, "window_size": 30, "batch_size": 32, "epochs": 20, "kernel_size": 2, "attention_heads": 8}, "parameter_index": 0}',
    index: 0
  },
  placementConstraint: { type: 'None', gpus: [] }
}
[2026-05-18 18:44:44] INFO (LocalV3.local) Created trial yVncA
[2026-05-18 18:44:46] INFO (LocalV3.local) Trial parameter: yVncA {"parameter_id": 64, "parameter_source": "algorithm", "parameters": {"model_type": "GRU", "units": 128, "num_layers": 4, "dropout": 0, "activation": "relu", "lr": 0.0029015484586268395, "window_size": 30, "batch_size": 32, "epochs": 20, "kernel_size": 2, "attention_heads": 8}, "parameter_index": 0}
[2026-05-18 18:45:31] INFO (NNIManager) Trial job yVncA status changed from RUNNING to SUCCEEDED
[2026-05-18 18:45:31] INFO (NNIManager) NNIManager received command from dispatcher: TR, {"parameter_id": 65, "parameter_source": "algorithm", "parameters": {"model_type": "GRU", "units": 128, "num_layers": 4, "dropout": 0, "activation": "relu", "lr": 0.0012028511571681708, "window_size": 30, "batch_size": 32, "epochs": 20, "kernel_size": 3, "attention_heads": 8}, "parameter_index": 0}
[2026-05-18 18:45:31] INFO (NNIManager) submitTrialJob: form: {
  sequenceId: 65,
  hyperParameters: {
    value: '{"parameter_id": 65, "parameter_source": "algorithm", "parameters": {"model_type": "GRU", "units": 128, "num_layers": 4, "dropout": 0, "activation": "relu", "lr": 0.0012028511571681708, "window_size": 30, "batch_size": 32, "epochs": 20, "kernel_size": 3, "attention_heads": 8}, "parameter_index": 0}',
    index: 0
  },
  placementConstraint: { type: 'None', gpus: [] }
}
[2026-05-18 18:45:31] INFO (LocalV3.local) Created trial ufqvn
[2026-05-18 18:45:33] INFO (LocalV3.local) Trial parameter: ufqvn {"parameter_id": 65, "parameter_source": "algorithm", "parameters": {"model_type": "GRU", "units": 128, "num_layers": 4, "dropout": 0, "activation": "relu", "lr": 0.0012028511571681708, "window_size": 30, "batch_size": 32, "epochs": 20, "kernel_size": 3, "attention_heads": 8}, "parameter_index": 0}
[2026-05-18 18:46:20] INFO (NNIManager) Trial job ufqvn status changed from RUNNING to SUCCEEDED
[2026-05-18 18:46:20] INFO (NNIManager) NNIManager received command from dispatcher: TR, {"parameter_id": 66, "parameter_source": "algorithm", "parameters": {"model_type": "GRU", "units": 128, "num_layers": 4, "dropout": 0, "activation": "relu", "lr": 0.0006179492170471039, "window_size": 2, "batch_size": 32, "epochs": 20, "kernel_size": 3, "attention_heads": 8}, "parameter_index": 0}
[2026-05-18 18:46:20] INFO (NNIManager) submitTrialJob: form: {
  sequenceId: 66,
  hyperParameters: {
    value: '{"parameter_id": 66, "parameter_source": "algorithm", "parameters": {"model_type": "GRU", "units": 128, "num_layers": 4, "dropout": 0, "activation": "relu", "lr": 0.0006179492170471039, "window_size": 2, "batch_size": 32, "epochs": 20, "kernel_size": 3, "attention_heads": 8}, "parameter_index": 0}',
    index: 0
  },
  placementConstraint: { type: 'None', gpus: [] }
}
[2026-05-18 18:46:20] INFO (LocalV3.local) Created trial hW4cZ
[2026-05-18 18:46:22] INFO (LocalV3.local) Trial parameter: hW4cZ {"parameter_id": 66, "parameter_source": "algorithm", "parameters": {"model_type": "GRU", "units": 128, "num_layers": 4, "dropout": 0, "activation": "relu", "lr": 0.0006179492170471039, "window_size": 2, "batch_size": 32, "epochs": 20, "kernel_size": 3, "attention_heads": 8}, "parameter_index": 0}
[2026-05-18 18:46:35] INFO (NNIManager) Trial job hW4cZ status changed from RUNNING to SUCCEEDED
[2026-05-18 18:46:35] INFO (NNIManager) NNIManager received command from dispatcher: TR, {"parameter_id": 67, "parameter_source": "algorithm", "parameters": {"model_type": "MLP", "units": 128, "num_layers": 4, "dropout": 0, "activation": "relu", "lr": 0.0019062021615585184, "window_size": 4, "batch_size": 32, "epochs": 20, "kernel_size": 3, "attention_heads": 8}, "parameter_index": 0}
[2026-05-18 18:46:36] INFO (NNIManager) submitTrialJob: form: {
  sequenceId: 67,
  hyperParameters: {
    value: '{"parameter_id": 67, "parameter_source": "algorithm", "parameters": {"model_type": "MLP", "units": 128, "num_layers": 4, "dropout": 0, "activation": "relu", "lr": 0.0019062021615585184, "window_size": 4, "batch_size": 32, "epochs": 20, "kernel_size": 3, "attention_heads": 8}, "parameter_index": 0}',
    index: 0
  },
  placementConstraint: { type: 'None', gpus: [] }
}
[2026-05-18 18:46:36] INFO (LocalV3.local) Created trial pEQXH
[2026-05-18 18:46:38] INFO (LocalV3.local) Trial parameter: pEQXH {"parameter_id": 67, "parameter_source": "algorithm", "parameters": {"model_type": "MLP", "units": 128, "num_layers": 4, "dropout": 0, "activation": "relu", "lr": 0.0019062021615585184, "window_size": 4, "batch_size": 32, "epochs": 20, "kernel_size": 3, "attention_heads": 8}, "parameter_index": 0}
[2026-05-18 18:46:41] INFO (NNIManager) Trial job pEQXH status changed from RUNNING to SUCCEEDED
[2026-05-18 18:46:41] INFO (NNIManager) NNIManager received command from dispatcher: TR, {"parameter_id": 68, "parameter_source": "algorithm", "parameters": {"model_type": "RNN", "units": 128, "num_layers": 4, "dropout": 0, "activation": "relu", "lr": 0.0010252103881795353, "window_size": 18, "batch_size": 32, "epochs": 20, "kernel_size": 3, "attention_heads": 8}, "parameter_index": 0}
[2026-05-18 18:46:42] INFO (NNIManager) submitTrialJob: form: {
  sequenceId: 68,
  hyperParameters: {
    value: '{"parameter_id": 68, "parameter_source": "algorithm", "parameters": {"model_type": "RNN", "units": 128, "num_layers": 4, "dropout": 0, "activation": "relu", "lr": 0.0010252103881795353, "window_size": 18, "batch_size": 32, "epochs": 20, "kernel_size": 3, "attention_heads": 8}, "parameter_index": 0}',
    index: 0
  },
  placementConstraint: { type: 'None', gpus: [] }
}
[2026-05-18 18:46:42] INFO (LocalV3.local) Created trial z9YuD
[2026-05-18 18:46:43] INFO (LocalV3.local) Trial parameter: z9YuD {"parameter_id": 68, "parameter_source": "algorithm", "parameters": {"model_type": "RNN", "units": 128, "num_layers": 4, "dropout": 0, "activation": "relu", "lr": 0.0010252103881795353, "window_size": 18, "batch_size": 32, "epochs": 20, "kernel_size": 3, "attention_heads": 8}, "parameter_index": 0}
[2026-05-18 18:46:56] INFO (NNIManager) Trial job z9YuD status changed from RUNNING to SUCCEEDED
[2026-05-18 18:46:56] INFO (NNIManager) NNIManager received command from dispatcher: TR, {"parameter_id": 69, "parameter_source": "algorithm", "parameters": {"model_type": "MLP", "units": 128, "num_layers": 4, "dropout": 0, "activation": "relu", "lr": 0.00028126934895725963, "window_size": 11, "batch_size": 32, "epochs": 20, "kernel_size": 3, "attention_heads": 8}, "parameter_index": 0}
[2026-05-18 18:46:56] INFO (NNIManager) submitTrialJob: form: {
  sequenceId: 69,
  hyperParameters: {
    value: '{"parameter_id": 69, "parameter_source": "algorithm", "parameters": {"model_type": "MLP", "units": 128, "num_layers": 4, "dropout": 0, "activation": "relu", "lr": 0.00028126934895725963, "window_size": 11, "batch_size": 32, "epochs": 20, "kernel_size": 3, "attention_heads": 8}, "parameter_index": 0}',
    index: 0
  },
  placementConstraint: { type: 'None', gpus: [] }
}
[2026-05-18 18:46:56] INFO (LocalV3.local) Created trial skgHf
[2026-05-18 18:46:58] INFO (LocalV3.local) Trial parameter: skgHf {"parameter_id": 69, "parameter_source": "algorithm", "parameters": {"model_type": "MLP", "units": 128, "num_layers": 4, "dropout": 0, "activation": "relu", "lr": 0.00028126934895725963, "window_size": 11, "batch_size": 32, "epochs": 20, "kernel_size": 3, "attention_heads": 8}, "parameter_index": 0}
[2026-05-18 18:47:03] INFO (NNIManager) Trial job skgHf status changed from RUNNING to SUCCEEDED
[2026-05-18 18:47:03] INFO (NNIManager) NNIManager received command from dispatcher: TR, {"parameter_id": 70, "parameter_source": "algorithm", "parameters": {"model_type": "TCN", "units": 128, "num_layers": 3, "dropout": 0, "activation": "relu", "lr": 0.00010800662815565466, "window_size": 9, "batch_size": 32, "epochs": 20, "kernel_size": 3, "attention_heads": 8}, "parameter_index": 0}
[2026-05-18 18:47:03] INFO (NNIManager) submitTrialJob: form: {
  sequenceId: 70,
  hyperParameters: {
    value: '{"parameter_id": 70, "parameter_source": "algorithm", "parameters": {"model_type": "TCN", "units": 128, "num_layers": 3, "dropout": 0, "activation": "relu", "lr": 0.00010800662815565466, "window_size": 9, "batch_size": 32, "epochs": 20, "kernel_size": 3, "attention_heads": 8}, "parameter_index": 0}',
    index: 0
  },
  placementConstraint: { type: 'None', gpus: [] }
}
[2026-05-18 18:47:03] INFO (LocalV3.local) Created trial EHDfE
[2026-05-18 18:47:05] INFO (LocalV3.local) Trial parameter: EHDfE {"parameter_id": 70, "parameter_source": "algorithm", "parameters": {"model_type": "TCN", "units": 128, "num_layers": 3, "dropout": 0, "activation": "relu", "lr": 0.00010800662815565466, "window_size": 9, "batch_size": 32, "epochs": 20, "kernel_size": 3, "attention_heads": 8}, "parameter_index": 0}
[2026-05-18 18:47:11] INFO (NNIManager) Trial job EHDfE status changed from RUNNING to SUCCEEDED
[2026-05-18 18:47:11] INFO (NNIManager) NNIManager received command from dispatcher: TR, {"parameter_id": 71, "parameter_source": "algorithm", "parameters": {"model_type": "GRU", "units": 128, "num_layers": 1, "dropout": 0.3, "activation": "relu", "lr": 0.0008090089902140798, "window_size": 10, "batch_size": 32, "epochs": 20, "kernel_size": 3, "attention_heads": 8}, "parameter_index": 0}
[2026-05-18 18:47:12] INFO (NNIManager) submitTrialJob: form: {
  sequenceId: 71,
  hyperParameters: {
    value: '{"parameter_id": 71, "parameter_source": "algorithm", "parameters": {"model_type": "GRU", "units": 128, "num_layers": 1, "dropout": 0.3, "activation": "relu", "lr": 0.0008090089902140798, "window_size": 10, "batch_size": 32, "epochs": 20, "kernel_size": 3, "attention_heads": 8}, "parameter_index": 0}',
    index: 0
  },
  placementConstraint: { type: 'None', gpus: [] }
}
[2026-05-18 18:47:12] INFO (LocalV3.local) Created trial UqyyA
[2026-05-18 18:47:14] INFO (LocalV3.local) Trial parameter: UqyyA {"parameter_id": 71, "parameter_source": "algorithm", "parameters": {"model_type": "GRU", "units": 128, "num_layers": 1, "dropout": 0.3, "activation": "relu", "lr": 0.0008090089902140798, "window_size": 10, "batch_size": 32, "epochs": 20, "kernel_size": 3, "attention_heads": 8}, "parameter_index": 0}
[2026-05-18 18:47:22] INFO (NNIManager) Trial job UqyyA status changed from RUNNING to SUCCEEDED
[2026-05-18 18:47:22] INFO (NNIManager) NNIManager received command from dispatcher: TR, {"parameter_id": 72, "parameter_source": "algorithm", "parameters": {"model_type": "GRU", "units": 128, "num_layers": 4, "dropout": 0, "activation": "relu", "lr": 0.005558868205016169, "window_size": 27, "batch_size": 32, "epochs": 20, "kernel_size": 3, "attention_heads": 8}, "parameter_index": 0}
[2026-05-18 18:47:23] INFO (NNIManager) submitTrialJob: form: {
  sequenceId: 72,
  hyperParameters: {
    value: '{"parameter_id": 72, "parameter_source": "algorithm", "parameters": {"model_type": "GRU", "units": 128, "num_layers": 4, "dropout": 0, "activation": "relu", "lr": 0.005558868205016169, "window_size": 27, "batch_size": 32, "epochs": 20, "kernel_size": 3, "attention_heads": 8}, "parameter_index": 0}',
    index: 0
  },
  placementConstraint: { type: 'None', gpus: [] }
}
[2026-05-18 18:47:23] INFO (LocalV3.local) Created trial KKXx8
[2026-05-18 18:47:25] INFO (LocalV3.local) Trial parameter: KKXx8 {"parameter_id": 72, "parameter_source": "algorithm", "parameters": {"model_type": "GRU", "units": 128, "num_layers": 4, "dropout": 0, "activation": "relu", "lr": 0.005558868205016169, "window_size": 27, "batch_size": 32, "epochs": 20, "kernel_size": 3, "attention_heads": 8}, "parameter_index": 0}
[2026-05-18 18:48:03] INFO (NNIManager) Trial job KKXx8 status changed from RUNNING to SUCCEEDED
[2026-05-18 18:48:03] INFO (NNIManager) NNIManager received command from dispatcher: TR, {"parameter_id": 73, "parameter_source": "algorithm", "parameters": {"model_type": "MLP", "units": 128, "num_layers": 1, "dropout": 0.1, "activation": "relu", "lr": 0.00020448888503476776, "window_size": 8, "batch_size": 32, "epochs": 20, "kernel_size": 3, "attention_heads": 8}, "parameter_index": 0}
[2026-05-18 18:48:04] INFO (NNIManager) submitTrialJob: form: {
  sequenceId: 73,
  hyperParameters: {
    value: '{"parameter_id": 73, "parameter_source": "algorithm", "parameters": {"model_type": "MLP", "units": 128, "num_layers": 1, "dropout": 0.1, "activation": "relu", "lr": 0.00020448888503476776, "window_size": 8, "batch_size": 32, "epochs": 20, "kernel_size": 3, "attention_heads": 8}, "parameter_index": 0}',
    index: 0
  },
  placementConstraint: { type: 'None', gpus: [] }
}
[2026-05-18 18:48:04] INFO (LocalV3.local) Created trial xW77i
[2026-05-18 18:48:06] INFO (LocalV3.local) Trial parameter: xW77i {"parameter_id": 73, "parameter_source": "algorithm", "parameters": {"model_type": "MLP", "units": 128, "num_layers": 1, "dropout": 0.1, "activation": "relu", "lr": 0.00020448888503476776, "window_size": 8, "batch_size": 32, "epochs": 20, "kernel_size": 3, "attention_heads": 8}, "parameter_index": 0}
[2026-05-18 18:48:10] INFO (NNIManager) Trial job xW77i status changed from RUNNING to SUCCEEDED
[2026-05-18 18:48:10] INFO (NNIManager) NNIManager received command from dispatcher: TR, {"parameter_id": 74, "parameter_source": "algorithm", "parameters": {"model_type": "Transformer", "units": 128, "num_layers": 3, "dropout": 0.3, "activation": "tanh", "lr": 0.0022401450686477657, "window_size": 7, "batch_size": 32, "epochs": 20, "kernel_size": 3, "attention_heads": 8}, "parameter_index": 0}
[2026-05-18 18:48:10] INFO (NNIManager) submitTrialJob: form: {
  sequenceId: 74,
  hyperParameters: {
    value: '{"parameter_id": 74, "parameter_source": "algorithm", "parameters": {"model_type": "Transformer", "units": 128, "num_layers": 3, "dropout": 0.3, "activation": "tanh", "lr": 0.0022401450686477657, "window_size": 7, "batch_size": 32, "epochs": 20, "kernel_size": 3, "attention_heads": 8}, "parameter_index": 0}',
    index: 0
  },
  placementConstraint: { type: 'None', gpus: [] }
}
[2026-05-18 18:48:10] INFO (LocalV3.local) Created trial KpMik
[2026-05-18 18:48:13] INFO (LocalV3.local) Trial parameter: KpMik {"parameter_id": 74, "parameter_source": "algorithm", "parameters": {"model_type": "Transformer", "units": 128, "num_layers": 3, "dropout": 0.3, "activation": "tanh", "lr": 0.0022401450686477657, "window_size": 7, "batch_size": 32, "epochs": 20, "kernel_size": 3, "attention_heads": 8}, "parameter_index": 0}
[2026-05-18 18:48:39] INFO (NNIManager) Trial job KpMik status changed from RUNNING to SUCCEEDED
[2026-05-18 18:48:39] INFO (NNIManager) NNIManager received command from dispatcher: TR, {"parameter_id": 75, "parameter_source": "algorithm", "parameters": {"model_type": "RNN", "units": 128, "num_layers": 1, "dropout": 0, "activation": "relu", "lr": 0.00406816808510524, "window_size": 5, "batch_size": 32, "epochs": 20, "kernel_size": 3, "attention_heads": 8}, "parameter_index": 0}
[2026-05-18 18:48:40] INFO (NNIManager) submitTrialJob: form: {
  sequenceId: 75,
  hyperParameters: {
    value: '{"parameter_id": 75, "parameter_source": "algorithm", "parameters": {"model_type": "RNN", "units": 128, "num_layers": 1, "dropout": 0, "activation": "relu", "lr": 0.00406816808510524, "window_size": 5, "batch_size": 32, "epochs": 20, "kernel_size": 3, "attention_heads": 8}, "parameter_index": 0}',
    index: 0
  },
  placementConstraint: { type: 'None', gpus: [] }
}
[2026-05-18 18:48:40] INFO (LocalV3.local) Created trial smpwA
[2026-05-18 18:48:41] INFO (LocalV3.local) Trial parameter: smpwA {"parameter_id": 75, "parameter_source": "algorithm", "parameters": {"model_type": "RNN", "units": 128, "num_layers": 1, "dropout": 0, "activation": "relu", "lr": 0.00406816808510524, "window_size": 5, "batch_size": 32, "epochs": 20, "kernel_size": 3, "attention_heads": 8}, "parameter_index": 0}
[2026-05-18 18:48:48] INFO (NNIManager) Trial job smpwA status changed from RUNNING to SUCCEEDED
[2026-05-18 18:48:48] INFO (NNIManager) NNIManager received command from dispatcher: TR, {"parameter_id": 76, "parameter_source": "algorithm", "parameters": {"model_type": "GRU", "units": 128, "num_layers": 2, "dropout": 0.5, "activation": "sigmoid", "lr": 0.0014965414350833076, "window_size": 15, "batch_size": 32, "epochs": 15, "kernel_size": 3, "attention_heads": 8}, "parameter_index": 0}
[2026-05-18 18:48:48] INFO (NNIManager) submitTrialJob: form: {
  sequenceId: 76,
  hyperParameters: {
    value: '{"parameter_id": 76, "parameter_source": "algorithm", "parameters": {"model_type": "GRU", "units": 128, "num_layers": 2, "dropout": 0.5, "activation": "sigmoid", "lr": 0.0014965414350833076, "window_size": 15, "batch_size": 32, "epochs": 15, "kernel_size": 3, "attention_heads": 8}, "parameter_index": 0}',
    index: 0
  },
  placementConstraint: { type: 'None', gpus: [] }
}
[2026-05-18 18:48:48] INFO (LocalV3.local) Created trial vJuxa
[2026-05-18 18:48:50] INFO (LocalV3.local) Trial parameter: vJuxa {"parameter_id": 76, "parameter_source": "algorithm", "parameters": {"model_type": "GRU", "units": 128, "num_layers": 2, "dropout": 0.5, "activation": "sigmoid", "lr": 0.0014965414350833076, "window_size": 15, "batch_size": 32, "epochs": 15, "kernel_size": 3, "attention_heads": 8}, "parameter_index": 0}
[2026-05-18 18:49:05] INFO (NNIManager) Trial job vJuxa status changed from RUNNING to SUCCEEDED
[2026-05-18 18:49:05] INFO (NNIManager) NNIManager received command from dispatcher: TR, {"parameter_id": 77, "parameter_source": "algorithm", "parameters": {"model_type": "MLP", "units": 32, "num_layers": 4, "dropout": 0, "activation": "relu", "lr": 0.0003976772365739651, "window_size": 6, "batch_size": 32, "epochs": 20, "kernel_size": 3, "attention_heads": 8}, "parameter_index": 0}
[2026-05-18 18:49:06] INFO (NNIManager) submitTrialJob: form: {
  sequenceId: 77,
  hyperParameters: {
    value: '{"parameter_id": 77, "parameter_source": "algorithm", "parameters": {"model_type": "MLP", "units": 32, "num_layers": 4, "dropout": 0, "activation": "relu", "lr": 0.0003976772365739651, "window_size": 6, "batch_size": 32, "epochs": 20, "kernel_size": 3, "attention_heads": 8}, "parameter_index": 0}',
    index: 0
  },
  placementConstraint: { type: 'None', gpus: [] }
}
[2026-05-18 18:49:06] INFO (LocalV3.local) Created trial BzuuA
[2026-05-18 18:49:07] INFO (LocalV3.local) Trial parameter: BzuuA {"parameter_id": 77, "parameter_source": "algorithm", "parameters": {"model_type": "MLP", "units": 32, "num_layers": 4, "dropout": 0, "activation": "relu", "lr": 0.0003976772365739651, "window_size": 6, "batch_size": 32, "epochs": 20, "kernel_size": 3, "attention_heads": 8}, "parameter_index": 0}
[2026-05-18 18:49:13] INFO (NNIManager) Trial job BzuuA status changed from RUNNING to SUCCEEDED
[2026-05-18 18:49:13] INFO (NNIManager) NNIManager received command from dispatcher: TR, {"parameter_id": 78, "parameter_source": "algorithm", "parameters": {"model_type": "MLP", "units": 128, "num_layers": 4, "dropout": 0, "activation": "relu", "lr": 0.00012773450919121576, "window_size": 17, "batch_size": 16, "epochs": 10, "kernel_size": 3, "attention_heads": 8}, "parameter_index": 0}
[2026-05-18 18:49:14] INFO (NNIManager) submitTrialJob: form: {
  sequenceId: 78,
  hyperParameters: {
    value: '{"parameter_id": 78, "parameter_source": "algorithm", "parameters": {"model_type": "MLP", "units": 128, "num_layers": 4, "dropout": 0, "activation": "relu", "lr": 0.00012773450919121576, "window_size": 17, "batch_size": 16, "epochs": 10, "kernel_size": 3, "attention_heads": 8}, "parameter_index": 0}',
    index: 0
  },
  placementConstraint: { type: 'None', gpus: [] }
}
[2026-05-18 18:49:14] INFO (LocalV3.local) Created trial zhRsZ
[2026-05-18 18:49:16] INFO (LocalV3.local) Trial parameter: zhRsZ {"parameter_id": 78, "parameter_source": "algorithm", "parameters": {"model_type": "MLP", "units": 128, "num_layers": 4, "dropout": 0, "activation": "relu", "lr": 0.00012773450919121576, "window_size": 17, "batch_size": 16, "epochs": 10, "kernel_size": 3, "attention_heads": 8}, "parameter_index": 0}
[2026-05-18 18:49:21] INFO (NNIManager) Trial job zhRsZ status changed from RUNNING to SUCCEEDED
[2026-05-18 18:49:21] INFO (NNIManager) NNIManager received command from dispatcher: TR, {"parameter_id": 79, "parameter_source": "algorithm", "parameters": {"model_type": "GRU", "units": 16, "num_layers": 1, "dropout": 0.1, "activation": "relu", "lr": 0.0005613268953156748, "window_size": 20, "batch_size": 32, "epochs": 20, "kernel_size": 3, "attention_heads": 8}, "parameter_index": 0}
[2026-05-18 18:49:22] INFO (NNIManager) submitTrialJob: form: {
  sequenceId: 79,
  hyperParameters: {
    value: '{"parameter_id": 79, "parameter_source": "algorithm", "parameters": {"model_type": "GRU", "units": 16, "num_layers": 1, "dropout": 0.1, "activation": "relu", "lr": 0.0005613268953156748, "window_size": 20, "batch_size": 32, "epochs": 20, "kernel_size": 3, "attention_heads": 8}, "parameter_index": 0}',
    index: 0
  },
  placementConstraint: { type: 'None', gpus: [] }
}
[2026-05-18 18:49:22] INFO (LocalV3.local) Created trial uT33g
[2026-05-18 18:49:25] INFO (LocalV3.local) Trial parameter: uT33g {"parameter_id": 79, "parameter_source": "algorithm", "parameters": {"model_type": "GRU", "units": 16, "num_layers": 1, "dropout": 0.1, "activation": "relu", "lr": 0.0005613268953156748, "window_size": 20, "batch_size": 32, "epochs": 20, "kernel_size": 3, "attention_heads": 8}, "parameter_index": 0}
[2026-05-18 18:49:37] INFO (NNIManager) Trial job uT33g status changed from RUNNING to SUCCEEDED
[2026-05-18 18:49:37] INFO (NNIManager) NNIManager received command from dispatcher: TR, {"parameter_id": 80, "parameter_source": "algorithm", "parameters": {"model_type": "TCN", "units": 32, "num_layers": 1, "dropout": 0.1, "activation": "sigmoid", "lr": 0.0007443204240014427, "window_size": 29, "batch_size": 32, "epochs": 20, "kernel_size": 7, "attention_heads": 8}, "parameter_index": 0}
[2026-05-18 18:49:37] INFO (NNIManager) submitTrialJob: form: {
  sequenceId: 80,
  hyperParameters: {
    value: '{"parameter_id": 80, "parameter_source": "algorithm", "parameters": {"model_type": "TCN", "units": 32, "num_layers": 1, "dropout": 0.1, "activation": "sigmoid", "lr": 0.0007443204240014427, "window_size": 29, "batch_size": 32, "epochs": 20, "kernel_size": 7, "attention_heads": 8}, "parameter_index": 0}',
    index: 0
  },
  placementConstraint: { type: 'None', gpus: [] }
}
[2026-05-18 18:49:37] INFO (LocalV3.local) Created trial j0qLG
[2026-05-18 18:49:39] INFO (LocalV3.local) Trial parameter: j0qLG {"parameter_id": 80, "parameter_source": "algorithm", "parameters": {"model_type": "TCN", "units": 32, "num_layers": 1, "dropout": 0.1, "activation": "sigmoid", "lr": 0.0007443204240014427, "window_size": 29, "batch_size": 32, "epochs": 20, "kernel_size": 7, "attention_heads": 8}, "parameter_index": 0}
[2026-05-18 18:49:45] INFO (NNIManager) Trial job j0qLG status changed from RUNNING to SUCCEEDED
[2026-05-18 18:49:45] INFO (NNIManager) NNIManager received command from dispatcher: TR, {"parameter_id": 81, "parameter_source": "algorithm", "parameters": {"model_type": "GRU", "units": 16, "num_layers": 3, "dropout": 0, "activation": "relu", "lr": 0.0036375912399145183, "window_size": 10, "batch_size": 32, "epochs": 20, "kernel_size": 3, "attention_heads": 2}, "parameter_index": 0}
[2026-05-18 18:49:45] INFO (NNIManager) submitTrialJob: form: {
  sequenceId: 81,
  hyperParameters: {
    value: '{"parameter_id": 81, "parameter_source": "algorithm", "parameters": {"model_type": "GRU", "units": 16, "num_layers": 3, "dropout": 0, "activation": "relu", "lr": 0.0036375912399145183, "window_size": 10, "batch_size": 32, "epochs": 20, "kernel_size": 3, "attention_heads": 2}, "parameter_index": 0}',
    index: 0
  },
  placementConstraint: { type: 'None', gpus: [] }
}
[2026-05-18 18:49:45] INFO (LocalV3.local) Created trial Wspls
[2026-05-18 18:49:47] INFO (LocalV3.local) Trial parameter: Wspls {"parameter_id": 81, "parameter_source": "algorithm", "parameters": {"model_type": "GRU", "units": 16, "num_layers": 3, "dropout": 0, "activation": "relu", "lr": 0.0036375912399145183, "window_size": 10, "batch_size": 32, "epochs": 20, "kernel_size": 3, "attention_heads": 2}, "parameter_index": 0}
[2026-05-18 18:50:00] INFO (NNIManager) Trial job Wspls status changed from RUNNING to SUCCEEDED
[2026-05-18 18:50:00] INFO (NNIManager) NNIManager received command from dispatcher: TR, {"parameter_id": 82, "parameter_source": "algorithm", "parameters": {"model_type": "CNN", "units": 128, "num_layers": 3, "dropout": 0.5, "activation": "relu", "lr": 0.0002944518302635742, "window_size": 2, "batch_size": 32, "epochs": 20, "kernel_size": 3, "attention_heads": 2}, "parameter_index": 0}
[2026-05-18 18:50:00] INFO (NNIManager) submitTrialJob: form: {
  sequenceId: 82,
  hyperParameters: {
    value: '{"parameter_id": 82, "parameter_source": "algorithm", "parameters": {"model_type": "CNN", "units": 128, "num_layers": 3, "dropout": 0.5, "activation": "relu", "lr": 0.0002944518302635742, "window_size": 2, "batch_size": 32, "epochs": 20, "kernel_size": 3, "attention_heads": 2}, "parameter_index": 0}',
    index: 0
  },
  placementConstraint: { type: 'None', gpus: [] }
}
[2026-05-18 18:50:00] INFO (LocalV3.local) Created trial v5m1H
[2026-05-18 18:50:02] INFO (LocalV3.local) Trial parameter: v5m1H {"parameter_id": 82, "parameter_source": "algorithm", "parameters": {"model_type": "CNN", "units": 128, "num_layers": 3, "dropout": 0.5, "activation": "relu", "lr": 0.0002944518302635742, "window_size": 2, "batch_size": 32, "epochs": 20, "kernel_size": 3, "attention_heads": 2}, "parameter_index": 0}
[2026-05-18 18:50:08] INFO (NNIManager) Trial job v5m1H status changed from RUNNING to SUCCEEDED
[2026-05-18 18:50:08] INFO (NNIManager) NNIManager received command from dispatcher: TR, {"parameter_id": 83, "parameter_source": "algorithm", "parameters": {"model_type": "CNN", "units": 16, "num_layers": 3, "dropout": 0.5, "activation": "relu", "lr": 0.0008262679411032938, "window_size": 20, "batch_size": 32, "epochs": 20, "kernel_size": 3, "attention_heads": 2}, "parameter_index": 0}
[2026-05-18 18:50:08] INFO (NNIManager) submitTrialJob: form: {
  sequenceId: 83,
  hyperParameters: {
    value: '{"parameter_id": 83, "parameter_source": "algorithm", "parameters": {"model_type": "CNN", "units": 16, "num_layers": 3, "dropout": 0.5, "activation": "relu", "lr": 0.0008262679411032938, "window_size": 20, "batch_size": 32, "epochs": 20, "kernel_size": 3, "attention_heads": 2}, "parameter_index": 0}',
    index: 0
  },
  placementConstraint: { type: 'None', gpus: [] }
}
[2026-05-18 18:50:08] INFO (LocalV3.local) Created trial yFser
[2026-05-18 18:50:10] INFO (LocalV3.local) Trial parameter: yFser {"parameter_id": 83, "parameter_source": "algorithm", "parameters": {"model_type": "CNN", "units": 16, "num_layers": 3, "dropout": 0.5, "activation": "relu", "lr": 0.0008262679411032938, "window_size": 20, "batch_size": 32, "epochs": 20, "kernel_size": 3, "attention_heads": 2}, "parameter_index": 0}
[2026-05-18 18:50:16] INFO (NNIManager) Trial job yFser status changed from RUNNING to SUCCEEDED
[2026-05-18 18:50:16] INFO (NNIManager) NNIManager received command from dispatcher: TR, {"parameter_id": 84, "parameter_source": "algorithm", "parameters": {"model_type": "CNN", "units": 256, "num_layers": 3, "dropout": 0.5, "activation": "relu", "lr": 0.00030300831054528926, "window_size": 30, "batch_size": 32, "epochs": 20, "kernel_size": 3, "attention_heads": 2}, "parameter_index": 0}
[2026-05-18 18:50:16] INFO (NNIManager) submitTrialJob: form: {
  sequenceId: 84,
  hyperParameters: {
    value: '{"parameter_id": 84, "parameter_source": "algorithm", "parameters": {"model_type": "CNN", "units": 256, "num_layers": 3, "dropout": 0.5, "activation": "relu", "lr": 0.00030300831054528926, "window_size": 30, "batch_size": 32, "epochs": 20, "kernel_size": 3, "attention_heads": 2}, "parameter_index": 0}',
    index: 0
  },
  placementConstraint: { type: 'None', gpus: [] }
}
[2026-05-18 18:50:16] INFO (LocalV3.local) Created trial FmsEs
[2026-05-18 18:50:18] INFO (LocalV3.local) Trial parameter: FmsEs {"parameter_id": 84, "parameter_source": "algorithm", "parameters": {"model_type": "CNN", "units": 256, "num_layers": 3, "dropout": 0.5, "activation": "relu", "lr": 0.00030300831054528926, "window_size": 30, "batch_size": 32, "epochs": 20, "kernel_size": 3, "attention_heads": 2}, "parameter_index": 0}
[2026-05-18 18:50:30] INFO (NNIManager) Trial job FmsEs status changed from RUNNING to SUCCEEDED
[2026-05-18 18:50:30] INFO (NNIManager) NNIManager received command from dispatcher: TR, {"parameter_id": 85, "parameter_source": "algorithm", "parameters": {"model_type": "CNN", "units": 128, "num_layers": 3, "dropout": 0.5, "activation": "relu", "lr": 0.0031421226240061465, "window_size": 2, "batch_size": 32, "epochs": 15, "kernel_size": 7, "attention_heads": 2}, "parameter_index": 0}
[2026-05-18 18:50:30] INFO (NNIManager) submitTrialJob: form: {
  sequenceId: 85,
  hyperParameters: {
    value: '{"parameter_id": 85, "parameter_source": "algorithm", "parameters": {"model_type": "CNN", "units": 128, "num_layers": 3, "dropout": 0.5, "activation": "relu", "lr": 0.0031421226240061465, "window_size": 2, "batch_size": 32, "epochs": 15, "kernel_size": 7, "attention_heads": 2}, "parameter_index": 0}',
    index: 0
  },
  placementConstraint: { type: 'None', gpus: [] }
}
[2026-05-18 18:50:30] INFO (LocalV3.local) Created trial ENXsQ
[2026-05-18 18:50:33] INFO (LocalV3.local) Trial parameter: ENXsQ {"parameter_id": 85, "parameter_source": "algorithm", "parameters": {"model_type": "CNN", "units": 128, "num_layers": 3, "dropout": 0.5, "activation": "relu", "lr": 0.0031421226240061465, "window_size": 2, "batch_size": 32, "epochs": 15, "kernel_size": 7, "attention_heads": 2}, "parameter_index": 0}
[2026-05-18 18:50:38] INFO (NNIManager) Trial job ENXsQ status changed from RUNNING to SUCCEEDED
[2026-05-18 18:50:38] INFO (NNIManager) NNIManager received command from dispatcher: TR, {"parameter_id": 86, "parameter_source": "algorithm", "parameters": {"model_type": "CNN", "units": 32, "num_layers": 3, "dropout": 0.5, "activation": "relu", "lr": 0.0010934408391365766, "window_size": 10, "batch_size": 32, "epochs": 20, "kernel_size": 3, "attention_heads": 2}, "parameter_index": 0}
[2026-05-18 18:50:38] INFO (NNIManager) submitTrialJob: form: {
  sequenceId: 86,
  hyperParameters: {
    value: '{"parameter_id": 86, "parameter_source": "algorithm", "parameters": {"model_type": "CNN", "units": 32, "num_layers": 3, "dropout": 0.5, "activation": "relu", "lr": 0.0010934408391365766, "window_size": 10, "batch_size": 32, "epochs": 20, "kernel_size": 3, "attention_heads": 2}, "parameter_index": 0}',
    index: 0
  },
  placementConstraint: { type: 'None', gpus: [] }
}
[2026-05-18 18:50:38] INFO (LocalV3.local) Created trial Z92pn
[2026-05-18 18:50:41] INFO (LocalV3.local) Trial parameter: Z92pn {"parameter_id": 86, "parameter_source": "algorithm", "parameters": {"model_type": "CNN", "units": 32, "num_layers": 3, "dropout": 0.5, "activation": "relu", "lr": 0.0010934408391365766, "window_size": 10, "batch_size": 32, "epochs": 20, "kernel_size": 3, "attention_heads": 2}, "parameter_index": 0}
[2026-05-18 18:50:46] INFO (NNIManager) Trial job Z92pn status changed from RUNNING to SUCCEEDED
[2026-05-18 18:50:46] INFO (NNIManager) NNIManager received command from dispatcher: TR, {"parameter_id": 87, "parameter_source": "algorithm", "parameters": {"model_type": "CNN", "units": 16, "num_layers": 3, "dropout": 0.5, "activation": "relu", "lr": 0.0006864534510846543, "window_size": 21, "batch_size": 32, "epochs": 20, "kernel_size": 2, "attention_heads": 2}, "parameter_index": 0}
[2026-05-18 18:50:46] INFO (NNIManager) submitTrialJob: form: {
  sequenceId: 87,
  hyperParameters: {
    value: '{"parameter_id": 87, "parameter_source": "algorithm", "parameters": {"model_type": "CNN", "units": 16, "num_layers": 3, "dropout": 0.5, "activation": "relu", "lr": 0.0006864534510846543, "window_size": 21, "batch_size": 32, "epochs": 20, "kernel_size": 2, "attention_heads": 2}, "parameter_index": 0}',
    index: 0
  },
  placementConstraint: { type: 'None', gpus: [] }
}
[2026-05-18 18:50:46] INFO (LocalV3.local) Created trial x2733
[2026-05-18 18:50:48] INFO (LocalV3.local) Trial parameter: x2733 {"parameter_id": 87, "parameter_source": "algorithm", "parameters": {"model_type": "CNN", "units": 16, "num_layers": 3, "dropout": 0.5, "activation": "relu", "lr": 0.0006864534510846543, "window_size": 21, "batch_size": 32, "epochs": 20, "kernel_size": 2, "attention_heads": 2}, "parameter_index": 0}
[2026-05-18 18:50:56] INFO (NNIManager) Trial job x2733 status changed from RUNNING to SUCCEEDED
[2026-05-18 18:50:56] INFO (NNIManager) NNIManager received command from dispatcher: TR, {"parameter_id": 88, "parameter_source": "algorithm", "parameters": {"model_type": "CNN", "units": 16, "num_layers": 3, "dropout": 0.5, "activation": "relu", "lr": 0.00041303168042039327, "window_size": 21, "batch_size": 32, "epochs": 20, "kernel_size": 2, "attention_heads": 2}, "parameter_index": 0}
[2026-05-18 18:50:57] INFO (NNIManager) submitTrialJob: form: {
  sequenceId: 88,
  hyperParameters: {
    value: '{"parameter_id": 88, "parameter_source": "algorithm", "parameters": {"model_type": "CNN", "units": 16, "num_layers": 3, "dropout": 0.5, "activation": "relu", "lr": 0.00041303168042039327, "window_size": 21, "batch_size": 32, "epochs": 20, "kernel_size": 2, "attention_heads": 2}, "parameter_index": 0}',
    index: 0
  },
  placementConstraint: { type: 'None', gpus: [] }
}
[2026-05-18 18:50:57] INFO (LocalV3.local) Created trial ttxjh
[2026-05-18 18:50:59] INFO (LocalV3.local) Trial parameter: ttxjh {"parameter_id": 88, "parameter_source": "algorithm", "parameters": {"model_type": "CNN", "units": 16, "num_layers": 3, "dropout": 0.5, "activation": "relu", "lr": 0.00041303168042039327, "window_size": 21, "batch_size": 32, "epochs": 20, "kernel_size": 2, "attention_heads": 2}, "parameter_index": 0}
[2026-05-18 18:51:07] INFO (NNIManager) Trial job ttxjh status changed from RUNNING to SUCCEEDED
[2026-05-18 18:51:08] INFO (NNIManager) NNIManager received command from dispatcher: TR, {"parameter_id": 89, "parameter_source": "algorithm", "parameters": {"model_type": "CNN", "units": 16, "num_layers": 3, "dropout": 0.5, "activation": "relu", "lr": 0.0007087481698910255, "window_size": 21, "batch_size": 16, "epochs": 20, "kernel_size": 2, "attention_heads": 2}, "parameter_index": 0}
[2026-05-18 18:51:08] INFO (NNIManager) submitTrialJob: form: {
  sequenceId: 89,
  hyperParameters: {
    value: '{"parameter_id": 89, "parameter_source": "algorithm", "parameters": {"model_type": "CNN", "units": 16, "num_layers": 3, "dropout": 0.5, "activation": "relu", "lr": 0.0007087481698910255, "window_size": 21, "batch_size": 16, "epochs": 20, "kernel_size": 2, "attention_heads": 2}, "parameter_index": 0}',
    index: 0
  },
  placementConstraint: { type: 'None', gpus: [] }
}
[2026-05-18 18:51:08] INFO (LocalV3.local) Created trial ID7sc
[2026-05-18 18:51:10] INFO (LocalV3.local) Trial parameter: ID7sc {"parameter_id": 89, "parameter_source": "algorithm", "parameters": {"model_type": "CNN", "units": 16, "num_layers": 3, "dropout": 0.5, "activation": "relu", "lr": 0.0007087481698910255, "window_size": 21, "batch_size": 16, "epochs": 20, "kernel_size": 2, "attention_heads": 2}, "parameter_index": 0}
[2026-05-18 18:51:20] INFO (NNIManager) Trial job ID7sc status changed from RUNNING to SUCCEEDED
[2026-05-18 18:51:20] INFO (NNIManager) NNIManager received command from dispatcher: TR, {"parameter_id": 90, "parameter_source": "algorithm", "parameters": {"model_type": "CNN", "units": 16, "num_layers": 3, "dropout": 0.5, "activation": "relu", "lr": 0.003940960211041283, "window_size": 25, "batch_size": 32, "epochs": 20, "kernel_size": 2, "attention_heads": 2}, "parameter_index": 0}
[2026-05-18 18:51:21] INFO (NNIManager) submitTrialJob: form: {
  sequenceId: 90,
  hyperParameters: {
    value: '{"parameter_id": 90, "parameter_source": "algorithm", "parameters": {"model_type": "CNN", "units": 16, "num_layers": 3, "dropout": 0.5, "activation": "relu", "lr": 0.003940960211041283, "window_size": 25, "batch_size": 32, "epochs": 20, "kernel_size": 2, "attention_heads": 2}, "parameter_index": 0}',
    index: 0
  },
  placementConstraint: { type: 'None', gpus: [] }
}
[2026-05-18 18:51:21] INFO (LocalV3.local) Created trial hqCkY
[2026-05-18 18:51:23] INFO (LocalV3.local) Trial parameter: hqCkY {"parameter_id": 90, "parameter_source": "algorithm", "parameters": {"model_type": "CNN", "units": 16, "num_layers": 3, "dropout": 0.5, "activation": "relu", "lr": 0.003940960211041283, "window_size": 25, "batch_size": 32, "epochs": 20, "kernel_size": 2, "attention_heads": 2}, "parameter_index": 0}
[2026-05-18 18:51:32] INFO (NNIManager) Trial job hqCkY status changed from RUNNING to SUCCEEDED
[2026-05-18 18:51:32] INFO (NNIManager) NNIManager received command from dispatcher: TR, {"parameter_id": 91, "parameter_source": "algorithm", "parameters": {"model_type": "CNN", "units": 16, "num_layers": 3, "dropout": 0.5, "activation": "relu", "lr": 0.006287499023349037, "window_size": 25, "batch_size": 32, "epochs": 10, "kernel_size": 2, "attention_heads": 2}, "parameter_index": 0}
[2026-05-18 18:51:33] INFO (NNIManager) submitTrialJob: form: {
  sequenceId: 91,
  hyperParameters: {
    value: '{"parameter_id": 91, "parameter_source": "algorithm", "parameters": {"model_type": "CNN", "units": 16, "num_layers": 3, "dropout": 0.5, "activation": "relu", "lr": 0.006287499023349037, "window_size": 25, "batch_size": 32, "epochs": 10, "kernel_size": 2, "attention_heads": 2}, "parameter_index": 0}',
    index: 0
  },
  placementConstraint: { type: 'None', gpus: [] }
}
[2026-05-18 18:51:33] INFO (LocalV3.local) Created trial sWNkl
[2026-05-18 18:51:35] INFO (LocalV3.local) Trial parameter: sWNkl {"parameter_id": 91, "parameter_source": "algorithm", "parameters": {"model_type": "CNN", "units": 16, "num_layers": 3, "dropout": 0.5, "activation": "relu", "lr": 0.006287499023349037, "window_size": 25, "batch_size": 32, "epochs": 10, "kernel_size": 2, "attention_heads": 2}, "parameter_index": 0}
[2026-05-18 18:51:41] INFO (NNIManager) Trial job sWNkl status changed from RUNNING to SUCCEEDED
[2026-05-18 18:51:41] INFO (NNIManager) NNIManager received command from dispatcher: TR, {"parameter_id": 92, "parameter_source": "algorithm", "parameters": {"model_type": "CNN", "units": 16, "num_layers": 3, "dropout": 0.5, "activation": "relu", "lr": 0.007272247560415926, "window_size": 21, "batch_size": 16, "epochs": 20, "kernel_size": 2, "attention_heads": 2}, "parameter_index": 0}
[2026-05-18 18:51:41] INFO (NNIManager) submitTrialJob: form: {
  sequenceId: 92,
  hyperParameters: {
    value: '{"parameter_id": 92, "parameter_source": "algorithm", "parameters": {"model_type": "CNN", "units": 16, "num_layers": 3, "dropout": 0.5, "activation": "relu", "lr": 0.007272247560415926, "window_size": 21, "batch_size": 16, "epochs": 20, "kernel_size": 2, "attention_heads": 2}, "parameter_index": 0}',
    index: 0
  },
  placementConstraint: { type: 'None', gpus: [] }
}
[2026-05-18 18:51:41] INFO (LocalV3.local) Created trial Rnf12
[2026-05-18 18:51:44] INFO (LocalV3.local) Trial parameter: Rnf12 {"parameter_id": 92, "parameter_source": "algorithm", "parameters": {"model_type": "CNN", "units": 16, "num_layers": 3, "dropout": 0.5, "activation": "relu", "lr": 0.007272247560415926, "window_size": 21, "batch_size": 16, "epochs": 20, "kernel_size": 2, "attention_heads": 2}, "parameter_index": 0}
[2026-05-18 18:51:54] INFO (NNIManager) Trial job Rnf12 status changed from RUNNING to SUCCEEDED
[2026-05-18 18:51:54] INFO (NNIManager) NNIManager received command from dispatcher: TR, {"parameter_id": 93, "parameter_source": "algorithm", "parameters": {"model_type": "CNN", "units": 16, "num_layers": 3, "dropout": 0.5, "activation": "relu", "lr": 0.008667442092407803, "window_size": 25, "batch_size": 32, "epochs": 20, "kernel_size": 2, "attention_heads": 2}, "parameter_index": 0}
[2026-05-18 18:51:54] INFO (NNIManager) submitTrialJob: form: {
  sequenceId: 93,
  hyperParameters: {
    value: '{"parameter_id": 93, "parameter_source": "algorithm", "parameters": {"model_type": "CNN", "units": 16, "num_layers": 3, "dropout": 0.5, "activation": "relu", "lr": 0.008667442092407803, "window_size": 25, "batch_size": 32, "epochs": 20, "kernel_size": 2, "attention_heads": 2}, "parameter_index": 0}',
    index: 0
  },
  placementConstraint: { type: 'None', gpus: [] }
}
[2026-05-18 18:51:54] INFO (LocalV3.local) Created trial o5W4b
[2026-05-18 18:51:56] INFO (LocalV3.local) Trial parameter: o5W4b {"parameter_id": 93, "parameter_source": "algorithm", "parameters": {"model_type": "CNN", "units": 16, "num_layers": 3, "dropout": 0.5, "activation": "relu", "lr": 0.008667442092407803, "window_size": 25, "batch_size": 32, "epochs": 20, "kernel_size": 2, "attention_heads": 2}, "parameter_index": 0}
[2026-05-18 18:52:02] INFO (NNIManager) Trial job o5W4b status changed from RUNNING to SUCCEEDED
[2026-05-18 18:52:02] INFO (NNIManager) NNIManager received command from dispatcher: TR, {"parameter_id": 94, "parameter_source": "algorithm", "parameters": {"model_type": "CNN", "units": 16, "num_layers": 3, "dropout": 0.5, "activation": "relu", "lr": 0.0017637362167113038, "window_size": 21, "batch_size": 32, "epochs": 20, "kernel_size": 2, "attention_heads": 2}, "parameter_index": 0}
[2026-05-18 18:52:02] INFO (NNIManager) submitTrialJob: form: {
  sequenceId: 94,
  hyperParameters: {
    value: '{"parameter_id": 94, "parameter_source": "algorithm", "parameters": {"model_type": "CNN", "units": 16, "num_layers": 3, "dropout": 0.5, "activation": "relu", "lr": 0.0017637362167113038, "window_size": 21, "batch_size": 32, "epochs": 20, "kernel_size": 2, "attention_heads": 2}, "parameter_index": 0}',
    index: 0
  },
  placementConstraint: { type: 'None', gpus: [] }
}
[2026-05-18 18:52:02] INFO (LocalV3.local) Created trial OpOCE
[2026-05-18 18:52:04] INFO (LocalV3.local) Trial parameter: OpOCE {"parameter_id": 94, "parameter_source": "algorithm", "parameters": {"model_type": "CNN", "units": 16, "num_layers": 3, "dropout": 0.5, "activation": "relu", "lr": 0.0017637362167113038, "window_size": 21, "batch_size": 32, "epochs": 20, "kernel_size": 2, "attention_heads": 2}, "parameter_index": 0}
[2026-05-18 18:52:10] INFO (NNIManager) Trial job OpOCE status changed from RUNNING to SUCCEEDED
[2026-05-18 18:52:10] INFO (NNIManager) NNIManager received command from dispatcher: TR, {"parameter_id": 95, "parameter_source": "algorithm", "parameters": {"model_type": "CNN", "units": 16, "num_layers": 3, "dropout": 0.5, "activation": "relu", "lr": 0.0042175831012593425, "window_size": 6, "batch_size": 32, "epochs": 20, "kernel_size": 2, "attention_heads": 2}, "parameter_index": 0}
[2026-05-18 18:52:11] INFO (NNIManager) submitTrialJob: form: {
  sequenceId: 95,
  hyperParameters: {
    value: '{"parameter_id": 95, "parameter_source": "algorithm", "parameters": {"model_type": "CNN", "units": 16, "num_layers": 3, "dropout": 0.5, "activation": "relu", "lr": 0.0042175831012593425, "window_size": 6, "batch_size": 32, "epochs": 20, "kernel_size": 2, "attention_heads": 2}, "parameter_index": 0}',
    index: 0
  },
  placementConstraint: { type: 'None', gpus: [] }
}
[2026-05-18 18:52:11] INFO (LocalV3.local) Created trial OTNNl
[2026-05-18 18:52:13] INFO (LocalV3.local) Trial parameter: OTNNl {"parameter_id": 95, "parameter_source": "algorithm", "parameters": {"model_type": "CNN", "units": 16, "num_layers": 3, "dropout": 0.5, "activation": "relu", "lr": 0.0042175831012593425, "window_size": 6, "batch_size": 32, "epochs": 20, "kernel_size": 2, "attention_heads": 2}, "parameter_index": 0}
[2026-05-18 18:52:17] INFO (NNIManager) Trial job OTNNl status changed from RUNNING to SUCCEEDED
[2026-05-18 18:52:17] INFO (NNIManager) NNIManager received command from dispatcher: TR, {"parameter_id": 96, "parameter_source": "algorithm", "parameters": {"model_type": "CNN", "units": 16, "num_layers": 3, "dropout": 0.5, "activation": "relu", "lr": 0.0024552235210526276, "window_size": 25, "batch_size": 128, "epochs": 15, "kernel_size": 2, "attention_heads": 2}, "parameter_index": 0}
[2026-05-18 18:52:18] INFO (NNIManager) submitTrialJob: form: {
  sequenceId: 96,
  hyperParameters: {
    value: '{"parameter_id": 96, "parameter_source": "algorithm", "parameters": {"model_type": "CNN", "units": 16, "num_layers": 3, "dropout": 0.5, "activation": "relu", "lr": 0.0024552235210526276, "window_size": 25, "batch_size": 128, "epochs": 15, "kernel_size": 2, "attention_heads": 2}, "parameter_index": 0}',
    index: 0
  },
  placementConstraint: { type: 'None', gpus: [] }
}
[2026-05-18 18:52:18] INFO (LocalV3.local) Created trial H1hrw
[2026-05-18 18:52:20] INFO (LocalV3.local) Trial parameter: H1hrw {"parameter_id": 96, "parameter_source": "algorithm", "parameters": {"model_type": "CNN", "units": 16, "num_layers": 3, "dropout": 0.5, "activation": "relu", "lr": 0.0024552235210526276, "window_size": 25, "batch_size": 128, "epochs": 15, "kernel_size": 2, "attention_heads": 2}, "parameter_index": 0}
[2026-05-18 18:52:23] INFO (NNIManager) Trial job H1hrw status changed from RUNNING to SUCCEEDED
[2026-05-18 18:52:23] INFO (NNIManager) NNIManager received command from dispatcher: TR, {"parameter_id": 97, "parameter_source": "algorithm", "parameters": {"model_type": "CNN", "units": 16, "num_layers": 4, "dropout": 0.5, "activation": "relu", "lr": 0.005240469709012945, "window_size": 25, "batch_size": 128, "epochs": 15, "kernel_size": 2, "attention_heads": 2}, "parameter_index": 0}
[2026-05-18 18:52:24] INFO (NNIManager) submitTrialJob: form: {
  sequenceId: 97,
  hyperParameters: {
    value: '{"parameter_id": 97, "parameter_source": "algorithm", "parameters": {"model_type": "CNN", "units": 16, "num_layers": 4, "dropout": 0.5, "activation": "relu", "lr": 0.005240469709012945, "window_size": 25, "batch_size": 128, "epochs": 15, "kernel_size": 2, "attention_heads": 2}, "parameter_index": 0}',
    index: 0
  },
  placementConstraint: { type: 'None', gpus: [] }
}
[2026-05-18 18:52:24] INFO (LocalV3.local) Created trial xtfNx
[2026-05-18 18:52:26] INFO (LocalV3.local) Trial parameter: xtfNx {"parameter_id": 97, "parameter_source": "algorithm", "parameters": {"model_type": "CNN", "units": 16, "num_layers": 4, "dropout": 0.5, "activation": "relu", "lr": 0.005240469709012945, "window_size": 25, "batch_size": 128, "epochs": 15, "kernel_size": 2, "attention_heads": 2}, "parameter_index": 0}
[2026-05-18 18:52:29] INFO (NNIManager) Trial job xtfNx status changed from RUNNING to SUCCEEDED
[2026-05-18 18:52:29] INFO (NNIManager) NNIManager received command from dispatcher: TR, {"parameter_id": 98, "parameter_source": "algorithm", "parameters": {"model_type": "CNN", "units": 16, "num_layers": 3, "dropout": 0.5, "activation": "sigmoid", "lr": 0.0027175442916873203, "window_size": 21, "batch_size": 32, "epochs": 20, "kernel_size": 2, "attention_heads": 2}, "parameter_index": 0}
[2026-05-18 18:52:30] INFO (NNIManager) submitTrialJob: form: {
  sequenceId: 98,
  hyperParameters: {
    value: '{"parameter_id": 98, "parameter_source": "algorithm", "parameters": {"model_type": "CNN", "units": 16, "num_layers": 3, "dropout": 0.5, "activation": "sigmoid", "lr": 0.0027175442916873203, "window_size": 21, "batch_size": 32, "epochs": 20, "kernel_size": 2, "attention_heads": 2}, "parameter_index": 0}',
    index: 0
  },
  placementConstraint: { type: 'None', gpus: [] }
}
[2026-05-18 18:52:30] INFO (LocalV3.local) Created trial EIslz
[2026-05-18 18:52:32] INFO (LocalV3.local) Trial parameter: EIslz {"parameter_id": 98, "parameter_source": "algorithm", "parameters": {"model_type": "CNN", "units": 16, "num_layers": 3, "dropout": 0.5, "activation": "sigmoid", "lr": 0.0027175442916873203, "window_size": 21, "batch_size": 32, "epochs": 20, "kernel_size": 2, "attention_heads": 2}, "parameter_index": 0}
[2026-05-18 18:52:37] INFO (NNIManager) Trial job EIslz status changed from RUNNING to SUCCEEDED
[2026-05-18 18:52:37] INFO (NNIManager) NNIManager received command from dispatcher: TR, {"parameter_id": 99, "parameter_source": "algorithm", "parameters": {"model_type": "CNN", "units": 16, "num_layers": 2, "dropout": 0.5, "activation": "relu", "lr": 0.003903575195935595, "window_size": 22, "batch_size": 32, "epochs": 20, "kernel_size": 2, "attention_heads": 2}, "parameter_index": 0}
[2026-05-18 18:52:37] INFO (NNIManager) submitTrialJob: form: {
  sequenceId: 99,
  hyperParameters: {
    value: '{"parameter_id": 99, "parameter_source": "algorithm", "parameters": {"model_type": "CNN", "units": 16, "num_layers": 2, "dropout": 0.5, "activation": "relu", "lr": 0.003903575195935595, "window_size": 22, "batch_size": 32, "epochs": 20, "kernel_size": 2, "attention_heads": 2}, "parameter_index": 0}',
    index: 0
  },
  placementConstraint: { type: 'None', gpus: [] }
}
[2026-05-18 18:52:37] INFO (LocalV3.local) Created trial Z2KNi
[2026-05-18 18:52:39] INFO (LocalV3.local) Trial parameter: Z2KNi {"parameter_id": 99, "parameter_source": "algorithm", "parameters": {"model_type": "CNN", "units": 16, "num_layers": 2, "dropout": 0.5, "activation": "relu", "lr": 0.003903575195935595, "window_size": 22, "batch_size": 32, "epochs": 20, "kernel_size": 2, "attention_heads": 2}, "parameter_index": 0}
[2026-05-18 18:52:44] INFO (NNIManager) Trial job Z2KNi status changed from RUNNING to SUCCEEDED
[2026-05-18 18:52:44] INFO (NNIManager) NNIManager received command from dispatcher: TR, {"parameter_id": 100, "parameter_source": "algorithm", "parameters": {"model_type": "CNN", "units": 16, "num_layers": 3, "dropout": 0.5, "activation": "relu", "lr": 0.0012427676973344607, "window_size": 21, "batch_size": 32, "epochs": 20, "kernel_size": 2, "attention_heads": 2}, "parameter_index": 0}
[2026-05-18 18:52:45] INFO (NNIManager) submitTrialJob: form: {
  sequenceId: 100,
  hyperParameters: {
    value: '{"parameter_id": 100, "parameter_source": "algorithm", "parameters": {"model_type": "CNN", "units": 16, "num_layers": 3, "dropout": 0.5, "activation": "relu", "lr": 0.0012427676973344607, "window_size": 21, "batch_size": 32, "epochs": 20, "kernel_size": 2, "attention_heads": 2}, "parameter_index": 0}',
    index: 0
  },
  placementConstraint: { type: 'None', gpus: [] }
}
[2026-05-18 18:52:45] INFO (LocalV3.local) Created trial ql87I
[2026-05-18 18:52:47] INFO (LocalV3.local) Trial parameter: ql87I {"parameter_id": 100, "parameter_source": "algorithm", "parameters": {"model_type": "CNN", "units": 16, "num_layers": 3, "dropout": 0.5, "activation": "relu", "lr": 0.0012427676973344607, "window_size": 21, "batch_size": 32, "epochs": 20, "kernel_size": 2, "attention_heads": 2}, "parameter_index": 0}
[2026-05-18 18:52:52] INFO (NNIManager) Trial job ql87I status changed from RUNNING to SUCCEEDED
[2026-05-18 18:52:52] INFO (NNIManager) NNIManager received command from dispatcher: TR, {"parameter_id": 101, "parameter_source": "algorithm", "parameters": {"model_type": "CNN", "units": 16, "num_layers": 3, "dropout": 0.5, "activation": "tanh", "lr": 0.0021585198820702517, "window_size": 12, "batch_size": 16, "epochs": 10, "kernel_size": 2, "attention_heads": 2}, "parameter_index": 0}
[2026-05-18 18:52:53] INFO (NNIManager) submitTrialJob: form: {
  sequenceId: 101,
  hyperParameters: {
    value: '{"parameter_id": 101, "parameter_source": "algorithm", "parameters": {"model_type": "CNN", "units": 16, "num_layers": 3, "dropout": 0.5, "activation": "tanh", "lr": 0.0021585198820702517, "window_size": 12, "batch_size": 16, "epochs": 10, "kernel_size": 2, "attention_heads": 2}, "parameter_index": 0}',
    index: 0
  },
  placementConstraint: { type: 'None', gpus: [] }
}
[2026-05-18 18:52:53] INFO (LocalV3.local) Created trial SXQbR
[2026-05-18 18:52:55] INFO (LocalV3.local) Trial parameter: SXQbR {"parameter_id": 101, "parameter_source": "algorithm", "parameters": {"model_type": "CNN", "units": 16, "num_layers": 3, "dropout": 0.5, "activation": "tanh", "lr": 0.0021585198820702517, "window_size": 12, "batch_size": 16, "epochs": 10, "kernel_size": 2, "attention_heads": 2}, "parameter_index": 0}
[2026-05-18 18:52:58] INFO (NNIManager) Trial job SXQbR status changed from RUNNING to SUCCEEDED
[2026-05-18 18:52:58] INFO (NNIManager) NNIManager received command from dispatcher: TR, {"parameter_id": 102, "parameter_source": "algorithm", "parameters": {"model_type": "CNN", "units": 16, "num_layers": 4, "dropout": 0.5, "activation": "relu", "lr": 0.0012903313677329934, "window_size": 3, "batch_size": 32, "epochs": 20, "kernel_size": 2, "attention_heads": 2}, "parameter_index": 0}
[2026-05-18 18:52:59] INFO (NNIManager) submitTrialJob: form: {
  sequenceId: 102,
  hyperParameters: {
    value: '{"parameter_id": 102, "parameter_source": "algorithm", "parameters": {"model_type": "CNN", "units": 16, "num_layers": 4, "dropout": 0.5, "activation": "relu", "lr": 0.0012903313677329934, "window_size": 3, "batch_size": 32, "epochs": 20, "kernel_size": 2, "attention_heads": 2}, "parameter_index": 0}',
    index: 0
  },
  placementConstraint: { type: 'None', gpus: [] }
}
[2026-05-18 18:52:59] INFO (LocalV3.local) Created trial o9D42
[2026-05-18 18:53:01] INFO (LocalV3.local) Trial parameter: o9D42 {"parameter_id": 102, "parameter_source": "algorithm", "parameters": {"model_type": "CNN", "units": 16, "num_layers": 4, "dropout": 0.5, "activation": "relu", "lr": 0.0012903313677329934, "window_size": 3, "batch_size": 32, "epochs": 20, "kernel_size": 2, "attention_heads": 2}, "parameter_index": 0}
[2026-05-18 18:53:06] INFO (NNIManager) Trial job o9D42 status changed from RUNNING to SUCCEEDED
[2026-05-18 18:53:06] INFO (NNIManager) NNIManager received command from dispatcher: TR, {"parameter_id": 103, "parameter_source": "algorithm", "parameters": {"model_type": "GRU", "units": 16, "num_layers": 3, "dropout": 0.5, "activation": "sigmoid", "lr": 0.0009205372618992138, "window_size": 20, "batch_size": 32, "epochs": 20, "kernel_size": 2, "attention_heads": 2}, "parameter_index": 0}
[2026-05-18 18:53:07] INFO (NNIManager) submitTrialJob: form: {
  sequenceId: 103,
  hyperParameters: {
    value: '{"parameter_id": 103, "parameter_source": "algorithm", "parameters": {"model_type": "GRU", "units": 16, "num_layers": 3, "dropout": 0.5, "activation": "sigmoid", "lr": 0.0009205372618992138, "window_size": 20, "batch_size": 32, "epochs": 20, "kernel_size": 2, "attention_heads": 2}, "parameter_index": 0}',
    index: 0
  },
  placementConstraint: { type: 'None', gpus: [] }
}
[2026-05-18 18:53:07] INFO (LocalV3.local) Created trial jSlvo
[2026-05-18 18:53:09] INFO (LocalV3.local) Trial parameter: jSlvo {"parameter_id": 103, "parameter_source": "algorithm", "parameters": {"model_type": "GRU", "units": 16, "num_layers": 3, "dropout": 0.5, "activation": "sigmoid", "lr": 0.0009205372618992138, "window_size": 20, "batch_size": 32, "epochs": 20, "kernel_size": 2, "attention_heads": 2}, "parameter_index": 0}
[2026-05-18 18:53:25] INFO (NNIManager) Trial job jSlvo status changed from RUNNING to SUCCEEDED
[2026-05-18 18:53:25] INFO (NNIManager) NNIManager received command from dispatcher: TR, {"parameter_id": 104, "parameter_source": "algorithm", "parameters": {"model_type": "RNN", "units": 16, "num_layers": 2, "dropout": 0.5, "activation": "relu", "lr": 0.0031467972644400803, "window_size": 29, "batch_size": 32, "epochs": 15, "kernel_size": 2, "attention_heads": 2}, "parameter_index": 0}
[2026-05-18 18:53:26] INFO (NNIManager) submitTrialJob: form: {
  sequenceId: 104,
  hyperParameters: {
    value: '{"parameter_id": 104, "parameter_source": "algorithm", "parameters": {"model_type": "RNN", "units": 16, "num_layers": 2, "dropout": 0.5, "activation": "relu", "lr": 0.0031467972644400803, "window_size": 29, "batch_size": 32, "epochs": 15, "kernel_size": 2, "attention_heads": 2}, "parameter_index": 0}',
    index: 0
  },
  placementConstraint: { type: 'None', gpus: [] }
}
[2026-05-18 18:53:26] INFO (LocalV3.local) Created trial hpzYY
[2026-05-18 18:53:27] INFO (LocalV3.local) Trial parameter: hpzYY {"parameter_id": 104, "parameter_source": "algorithm", "parameters": {"model_type": "RNN", "units": 16, "num_layers": 2, "dropout": 0.5, "activation": "relu", "lr": 0.0031467972644400803, "window_size": 29, "batch_size": 32, "epochs": 15, "kernel_size": 2, "attention_heads": 2}, "parameter_index": 0}
[2026-05-18 18:53:35] INFO (NNIManager) Trial job hpzYY status changed from RUNNING to SUCCEEDED
[2026-05-18 18:53:35] INFO (NNIManager) NNIManager received command from dispatcher: TR, {"parameter_id": 105, "parameter_source": "algorithm", "parameters": {"model_type": "CNN", "units": 16, "num_layers": 3, "dropout": 0.5, "activation": "relu", "lr": 0.0008617958369289253, "window_size": 21, "batch_size": 128, "epochs": 20, "kernel_size": 2, "attention_heads": 2}, "parameter_index": 0}
[2026-05-18 18:53:36] INFO (NNIManager) submitTrialJob: form: {
  sequenceId: 105,
  hyperParameters: {
    value: '{"parameter_id": 105, "parameter_source": "algorithm", "parameters": {"model_type": "CNN", "units": 16, "num_layers": 3, "dropout": 0.5, "activation": "relu", "lr": 0.0008617958369289253, "window_size": 21, "batch_size": 128, "epochs": 20, "kernel_size": 2, "attention_heads": 2}, "parameter_index": 0}',
    index: 0
  },
  placementConstraint: { type: 'None', gpus: [] }
}
[2026-05-18 18:53:36] INFO (LocalV3.local) Created trial ZU2Us
[2026-05-18 18:53:37] INFO (LocalV3.local) Trial parameter: ZU2Us {"parameter_id": 105, "parameter_source": "algorithm", "parameters": {"model_type": "CNN", "units": 16, "num_layers": 3, "dropout": 0.5, "activation": "relu", "lr": 0.0008617958369289253, "window_size": 21, "batch_size": 128, "epochs": 20, "kernel_size": 2, "attention_heads": 2}, "parameter_index": 0}
[2026-05-18 18:53:42] INFO (NNIManager) Trial job ZU2Us status changed from RUNNING to SUCCEEDED
[2026-05-18 18:53:42] INFO (NNIManager) NNIManager received command from dispatcher: TR, {"parameter_id": 106, "parameter_source": "algorithm", "parameters": {"model_type": "CNN", "units": 16, "num_layers": 3, "dropout": 0.5, "activation": "relu", "lr": 0.00024301024392732096, "window_size": 23, "batch_size": 128, "epochs": 20, "kernel_size": 2, "attention_heads": 2}, "parameter_index": 0}
[2026-05-18 18:53:43] INFO (NNIManager) submitTrialJob: form: {
  sequenceId: 106,
  hyperParameters: {
    value: '{"parameter_id": 106, "parameter_source": "algorithm", "parameters": {"model_type": "CNN", "units": 16, "num_layers": 3, "dropout": 0.5, "activation": "relu", "lr": 0.00024301024392732096, "window_size": 23, "batch_size": 128, "epochs": 20, "kernel_size": 2, "attention_heads": 2}, "parameter_index": 0}',
    index: 0
  },
  placementConstraint: { type: 'None', gpus: [] }
}
[2026-05-18 18:53:43] INFO (LocalV3.local) Created trial jM1vj
[2026-05-18 18:53:44] INFO (LocalV3.local) Trial parameter: jM1vj {"parameter_id": 106, "parameter_source": "algorithm", "parameters": {"model_type": "CNN", "units": 16, "num_layers": 3, "dropout": 0.5, "activation": "relu", "lr": 0.00024301024392732096, "window_size": 23, "batch_size": 128, "epochs": 20, "kernel_size": 2, "attention_heads": 2}, "parameter_index": 0}
[2026-05-18 18:53:49] INFO (NNIManager) Trial job jM1vj status changed from RUNNING to SUCCEEDED
[2026-05-18 18:53:49] INFO (NNIManager) NNIManager received command from dispatcher: TR, {"parameter_id": 107, "parameter_source": "algorithm", "parameters": {"model_type": "CNN", "units": 16, "num_layers": 3, "dropout": 0.5, "activation": "relu", "lr": 0.0005415271223174476, "window_size": 21, "batch_size": 128, "epochs": 10, "kernel_size": 2, "attention_heads": 2}, "parameter_index": 0}
[2026-05-18 18:53:50] INFO (NNIManager) submitTrialJob: form: {
  sequenceId: 107,
  hyperParameters: {
    value: '{"parameter_id": 107, "parameter_source": "algorithm", "parameters": {"model_type": "CNN", "units": 16, "num_layers": 3, "dropout": 0.5, "activation": "relu", "lr": 0.0005415271223174476, "window_size": 21, "batch_size": 128, "epochs": 10, "kernel_size": 2, "attention_heads": 2}, "parameter_index": 0}',
    index: 0
  },
  placementConstraint: { type: 'None', gpus: [] }
}
[2026-05-18 18:53:50] INFO (LocalV3.local) Created trial f5OO0
[2026-05-18 18:53:52] INFO (LocalV3.local) Trial parameter: f5OO0 {"parameter_id": 107, "parameter_source": "algorithm", "parameters": {"model_type": "CNN", "units": 16, "num_layers": 3, "dropout": 0.5, "activation": "relu", "lr": 0.0005415271223174476, "window_size": 21, "batch_size": 128, "epochs": 10, "kernel_size": 2, "attention_heads": 2}, "parameter_index": 0}
[2026-05-18 18:53:55] INFO (NNIManager) Trial job f5OO0 status changed from RUNNING to SUCCEEDED
[2026-05-18 18:53:55] INFO (NNIManager) NNIManager received command from dispatcher: TR, {"parameter_id": 108, "parameter_source": "algorithm", "parameters": {"model_type": "CNN", "units": 16, "num_layers": 3, "dropout": 0.5, "activation": "tanh", "lr": 0.0004000505061800867, "window_size": 5, "batch_size": 128, "epochs": 20, "kernel_size": 2, "attention_heads": 2}, "parameter_index": 0}
[2026-05-18 18:53:55] INFO (NNIManager) submitTrialJob: form: {
  sequenceId: 108,
  hyperParameters: {
    value: '{"parameter_id": 108, "parameter_source": "algorithm", "parameters": {"model_type": "CNN", "units": 16, "num_layers": 3, "dropout": 0.5, "activation": "tanh", "lr": 0.0004000505061800867, "window_size": 5, "batch_size": 128, "epochs": 20, "kernel_size": 2, "attention_heads": 2}, "parameter_index": 0}',
    index: 0
  },
  placementConstraint: { type: 'None', gpus: [] }
}
[2026-05-18 18:53:55] INFO (LocalV3.local) Created trial s8d7y
[2026-05-18 18:53:57] INFO (LocalV3.local) Trial parameter: s8d7y {"parameter_id": 108, "parameter_source": "algorithm", "parameters": {"model_type": "CNN", "units": 16, "num_layers": 3, "dropout": 0.5, "activation": "tanh", "lr": 0.0004000505061800867, "window_size": 5, "batch_size": 128, "epochs": 20, "kernel_size": 2, "attention_heads": 2}, "parameter_index": 0}
[2026-05-18 18:54:01] INFO (NNIManager) Trial job s8d7y status changed from RUNNING to SUCCEEDED
[2026-05-18 18:54:01] INFO (NNIManager) NNIManager received command from dispatcher: TR, {"parameter_id": 109, "parameter_source": "algorithm", "parameters": {"model_type": "CNN", "units": 16, "num_layers": 3, "dropout": 0.5, "activation": "relu", "lr": 0.0008789408371275184, "window_size": 21, "batch_size": 128, "epochs": 15, "kernel_size": 2, "attention_heads": 2}, "parameter_index": 0}
[2026-05-18 18:54:02] INFO (NNIManager) submitTrialJob: form: {
  sequenceId: 109,
  hyperParameters: {
    value: '{"parameter_id": 109, "parameter_source": "algorithm", "parameters": {"model_type": "CNN", "units": 16, "num_layers": 3, "dropout": 0.5, "activation": "relu", "lr": 0.0008789408371275184, "window_size": 21, "batch_size": 128, "epochs": 15, "kernel_size": 2, "attention_heads": 2}, "parameter_index": 0}',
    index: 0
  },
  placementConstraint: { type: 'None', gpus: [] }
}
[2026-05-18 18:54:02] INFO (LocalV3.local) Created trial AYIFV
[2026-05-18 18:54:04] INFO (LocalV3.local) Trial parameter: AYIFV {"parameter_id": 109, "parameter_source": "algorithm", "parameters": {"model_type": "CNN", "units": 16, "num_layers": 3, "dropout": 0.5, "activation": "relu", "lr": 0.0008789408371275184, "window_size": 21, "batch_size": 128, "epochs": 15, "kernel_size": 2, "attention_heads": 2}, "parameter_index": 0}
[2026-05-18 18:54:07] INFO (NNIManager) Trial job AYIFV status changed from RUNNING to SUCCEEDED
[2026-05-18 18:54:07] INFO (NNIManager) NNIManager received command from dispatcher: TR, {"parameter_id": 110, "parameter_source": "algorithm", "parameters": {"model_type": "CNN", "units": 16, "num_layers": 3, "dropout": 0.5, "activation": "sigmoid", "lr": 0.0006894483112778354, "window_size": 21, "batch_size": 128, "epochs": 20, "kernel_size": 2, "attention_heads": 2}, "parameter_index": 0}
[2026-05-18 18:54:08] INFO (NNIManager) submitTrialJob: form: {
  sequenceId: 110,
  hyperParameters: {
    value: '{"parameter_id": 110, "parameter_source": "algorithm", "parameters": {"model_type": "CNN", "units": 16, "num_layers": 3, "dropout": 0.5, "activation": "sigmoid", "lr": 0.0006894483112778354, "window_size": 21, "batch_size": 128, "epochs": 20, "kernel_size": 2, "attention_heads": 2}, "parameter_index": 0}',
    index: 0
  },
  placementConstraint: { type: 'None', gpus: [] }
}
[2026-05-18 18:54:08] INFO (LocalV3.local) Created trial Q2ssS
[2026-05-18 18:54:10] INFO (LocalV3.local) Trial parameter: Q2ssS {"parameter_id": 110, "parameter_source": "algorithm", "parameters": {"model_type": "CNN", "units": 16, "num_layers": 3, "dropout": 0.5, "activation": "sigmoid", "lr": 0.0006894483112778354, "window_size": 21, "batch_size": 128, "epochs": 20, "kernel_size": 2, "attention_heads": 2}, "parameter_index": 0}
[2026-05-18 18:54:14] INFO (NNIManager) Trial job Q2ssS status changed from RUNNING to SUCCEEDED
[2026-05-18 18:54:14] INFO (NNIManager) NNIManager received command from dispatcher: TR, {"parameter_id": 111, "parameter_source": "algorithm", "parameters": {"model_type": "CNN", "units": 16, "num_layers": 3, "dropout": 0.5, "activation": "relu", "lr": 0.00046635804012379263, "window_size": 21, "batch_size": 128, "epochs": 20, "kernel_size": 2, "attention_heads": 2}, "parameter_index": 0}
[2026-05-18 18:54:14] INFO (NNIManager) submitTrialJob: form: {
  sequenceId: 111,
  hyperParameters: {
    value: '{"parameter_id": 111, "parameter_source": "algorithm", "parameters": {"model_type": "CNN", "units": 16, "num_layers": 3, "dropout": 0.5, "activation": "relu", "lr": 0.00046635804012379263, "window_size": 21, "batch_size": 128, "epochs": 20, "kernel_size": 2, "attention_heads": 2}, "parameter_index": 0}',
    index: 0
  },
  placementConstraint: { type: 'None', gpus: [] }
}
[2026-05-18 18:54:14] INFO (LocalV3.local) Created trial EbbmW
[2026-05-18 18:54:16] INFO (LocalV3.local) Trial parameter: EbbmW {"parameter_id": 111, "parameter_source": "algorithm", "parameters": {"model_type": "CNN", "units": 16, "num_layers": 3, "dropout": 0.5, "activation": "relu", "lr": 0.00046635804012379263, "window_size": 21, "batch_size": 128, "epochs": 20, "kernel_size": 2, "attention_heads": 2}, "parameter_index": 0}
[2026-05-18 18:54:20] INFO (NNIManager) Trial job EbbmW status changed from RUNNING to SUCCEEDED
[2026-05-18 18:54:20] INFO (NNIManager) NNIManager received command from dispatcher: TR, {"parameter_id": 112, "parameter_source": "algorithm", "parameters": {"model_type": "CNN", "units": 16, "num_layers": 3, "dropout": 0.5, "activation": "relu", "lr": 0.0015353327796486576, "window_size": 25, "batch_size": 128, "epochs": 20, "kernel_size": 2, "attention_heads": 2}, "parameter_index": 0}
[2026-05-18 18:54:21] INFO (NNIManager) submitTrialJob: form: {
  sequenceId: 112,
  hyperParameters: {
    value: '{"parameter_id": 112, "parameter_source": "algorithm", "parameters": {"model_type": "CNN", "units": 16, "num_layers": 3, "dropout": 0.5, "activation": "relu", "lr": 0.0015353327796486576, "window_size": 25, "batch_size": 128, "epochs": 20, "kernel_size": 2, "attention_heads": 2}, "parameter_index": 0}',
    index: 0
  },
  placementConstraint: { type: 'None', gpus: [] }
}
[2026-05-18 18:54:21] INFO (LocalV3.local) Created trial XveTI
[2026-05-18 18:54:23] INFO (LocalV3.local) Trial parameter: XveTI {"parameter_id": 112, "parameter_source": "algorithm", "parameters": {"model_type": "CNN", "units": 16, "num_layers": 3, "dropout": 0.5, "activation": "relu", "lr": 0.0015353327796486576, "window_size": 25, "batch_size": 128, "epochs": 20, "kernel_size": 2, "attention_heads": 2}, "parameter_index": 0}
[2026-05-18 18:54:27] INFO (NNIManager) Trial job XveTI status changed from RUNNING to SUCCEEDED
[2026-05-18 18:54:27] INFO (NNIManager) NNIManager received command from dispatcher: TR, {"parameter_id": 113, "parameter_source": "algorithm", "parameters": {"model_type": "CNN", "units": 16, "num_layers": 3, "dropout": 0.5, "activation": "relu", "lr": 0.0016795439698257658, "window_size": 16, "batch_size": 128, "epochs": 20, "kernel_size": 2, "attention_heads": 2}, "parameter_index": 0}
[2026-05-18 18:54:28] INFO (NNIManager) submitTrialJob: form: {
  sequenceId: 113,
  hyperParameters: {
    value: '{"parameter_id": 113, "parameter_source": "algorithm", "parameters": {"model_type": "CNN", "units": 16, "num_layers": 3, "dropout": 0.5, "activation": "relu", "lr": 0.0016795439698257658, "window_size": 16, "batch_size": 128, "epochs": 20, "kernel_size": 2, "attention_heads": 2}, "parameter_index": 0}',
    index: 0
  },
  placementConstraint: { type: 'None', gpus: [] }
}
[2026-05-18 18:54:28] INFO (LocalV3.local) Created trial W6GuX
[2026-05-18 18:54:30] INFO (LocalV3.local) Trial parameter: W6GuX {"parameter_id": 113, "parameter_source": "algorithm", "parameters": {"model_type": "CNN", "units": 16, "num_layers": 3, "dropout": 0.5, "activation": "relu", "lr": 0.0016795439698257658, "window_size": 16, "batch_size": 128, "epochs": 20, "kernel_size": 2, "attention_heads": 2}, "parameter_index": 0}
[2026-05-18 18:54:34] INFO (NNIManager) Trial job W6GuX status changed from RUNNING to SUCCEEDED
[2026-05-18 18:54:34] INFO (NNIManager) NNIManager received command from dispatcher: TR, {"parameter_id": 114, "parameter_source": "algorithm", "parameters": {"model_type": "CNN", "units": 16, "num_layers": 3, "dropout": 0.5, "activation": "relu", "lr": 0.0016897210036564546, "window_size": 16, "batch_size": 128, "epochs": 15, "kernel_size": 2, "attention_heads": 2}, "parameter_index": 0}
[2026-05-18 18:54:34] INFO (NNIManager) submitTrialJob: form: {
  sequenceId: 114,
  hyperParameters: {
    value: '{"parameter_id": 114, "parameter_source": "algorithm", "parameters": {"model_type": "CNN", "units": 16, "num_layers": 3, "dropout": 0.5, "activation": "relu", "lr": 0.0016897210036564546, "window_size": 16, "batch_size": 128, "epochs": 15, "kernel_size": 2, "attention_heads": 2}, "parameter_index": 0}',
    index: 0
  },
  placementConstraint: { type: 'None', gpus: [] }
}
[2026-05-18 18:54:34] INFO (LocalV3.local) Created trial ceBP7
[2026-05-18 18:54:36] INFO (LocalV3.local) Trial parameter: ceBP7 {"parameter_id": 114, "parameter_source": "algorithm", "parameters": {"model_type": "CNN", "units": 16, "num_layers": 3, "dropout": 0.5, "activation": "relu", "lr": 0.0016897210036564546, "window_size": 16, "batch_size": 128, "epochs": 15, "kernel_size": 2, "attention_heads": 2}, "parameter_index": 0}
[2026-05-18 18:54:40] INFO (NNIManager) Trial job ceBP7 status changed from RUNNING to SUCCEEDED
[2026-05-18 18:54:40] INFO (NNIManager) NNIManager received command from dispatcher: TR, {"parameter_id": 115, "parameter_source": "algorithm", "parameters": {"model_type": "CNN", "units": 16, "num_layers": 3, "dropout": 0.5, "activation": "tanh", "lr": 0.001389155597949456, "window_size": 16, "batch_size": 128, "epochs": 20, "kernel_size": 2, "attention_heads": 2}, "parameter_index": 0}
[2026-05-18 18:54:41] INFO (NNIManager) submitTrialJob: form: {
  sequenceId: 115,
  hyperParameters: {
    value: '{"parameter_id": 115, "parameter_source": "algorithm", "parameters": {"model_type": "CNN", "units": 16, "num_layers": 3, "dropout": 0.5, "activation": "tanh", "lr": 0.001389155597949456, "window_size": 16, "batch_size": 128, "epochs": 20, "kernel_size": 2, "attention_heads": 2}, "parameter_index": 0}',
    index: 0
  },
  placementConstraint: { type: 'None', gpus: [] }
}
[2026-05-18 18:54:41] INFO (LocalV3.local) Created trial pAysO
[2026-05-18 18:54:43] INFO (LocalV3.local) Trial parameter: pAysO {"parameter_id": 115, "parameter_source": "algorithm", "parameters": {"model_type": "CNN", "units": 16, "num_layers": 3, "dropout": 0.5, "activation": "tanh", "lr": 0.001389155597949456, "window_size": 16, "batch_size": 128, "epochs": 20, "kernel_size": 2, "attention_heads": 2}, "parameter_index": 0}
[2026-05-18 18:54:47] INFO (NNIManager) Trial job pAysO status changed from RUNNING to SUCCEEDED
[2026-05-18 18:54:47] INFO (NNIManager) NNIManager received command from dispatcher: TR, {"parameter_id": 116, "parameter_source": "algorithm", "parameters": {"model_type": "CNN", "units": 16, "num_layers": 3, "dropout": 0.5, "activation": "relu", "lr": 0.001134864330226118, "window_size": 4, "batch_size": 128, "epochs": 20, "kernel_size": 2, "attention_heads": 2}, "parameter_index": 0}
[2026-05-18 18:54:48] INFO (NNIManager) submitTrialJob: form: {
  sequenceId: 116,
  hyperParameters: {
    value: '{"parameter_id": 116, "parameter_source": "algorithm", "parameters": {"model_type": "CNN", "units": 16, "num_layers": 3, "dropout": 0.5, "activation": "relu", "lr": 0.001134864330226118, "window_size": 4, "batch_size": 128, "epochs": 20, "kernel_size": 2, "attention_heads": 2}, "parameter_index": 0}',
    index: 0
  },
  placementConstraint: { type: 'None', gpus: [] }
}
[2026-05-18 18:54:48] INFO (LocalV3.local) Created trial jLlGt
[2026-05-18 18:54:50] INFO (LocalV3.local) Trial parameter: jLlGt {"parameter_id": 116, "parameter_source": "algorithm", "parameters": {"model_type": "CNN", "units": 16, "num_layers": 3, "dropout": 0.5, "activation": "relu", "lr": 0.001134864330226118, "window_size": 4, "batch_size": 128, "epochs": 20, "kernel_size": 2, "attention_heads": 2}, "parameter_index": 0}
[2026-05-18 18:54:54] INFO (NNIManager) Trial job jLlGt status changed from RUNNING to SUCCEEDED
[2026-05-18 18:54:54] INFO (NNIManager) NNIManager received command from dispatcher: TR, {"parameter_id": 117, "parameter_source": "algorithm", "parameters": {"model_type": "CNN", "units": 16, "num_layers": 3, "dropout": 0.5, "activation": "relu", "lr": 0.0027258603074711346, "window_size": 8, "batch_size": 128, "epochs": 20, "kernel_size": 2, "attention_heads": 2}, "parameter_index": 0}
[2026-05-18 18:54:54] INFO (NNIManager) submitTrialJob: form: {
  sequenceId: 117,
  hyperParameters: {
    value: '{"parameter_id": 117, "parameter_source": "algorithm", "parameters": {"model_type": "CNN", "units": 16, "num_layers": 3, "dropout": 0.5, "activation": "relu", "lr": 0.0027258603074711346, "window_size": 8, "batch_size": 128, "epochs": 20, "kernel_size": 2, "attention_heads": 2}, "parameter_index": 0}',
    index: 0
  },
  placementConstraint: { type: 'None', gpus: [] }
}
[2026-05-18 18:54:54] INFO (LocalV3.local) Created trial aVIGe
[2026-05-18 18:54:56] INFO (LocalV3.local) Trial parameter: aVIGe {"parameter_id": 117, "parameter_source": "algorithm", "parameters": {"model_type": "CNN", "units": 16, "num_layers": 3, "dropout": 0.5, "activation": "relu", "lr": 0.0027258603074711346, "window_size": 8, "batch_size": 128, "epochs": 20, "kernel_size": 2, "attention_heads": 2}, "parameter_index": 0}
[2026-05-18 18:55:01] INFO (NNIManager) Trial job aVIGe status changed from RUNNING to SUCCEEDED
[2026-05-18 18:55:01] INFO (NNIManager) NNIManager received command from dispatcher: TR, {"parameter_id": 118, "parameter_source": "algorithm", "parameters": {"model_type": "CNN", "units": 16, "num_layers": 3, "dropout": 0.5, "activation": "relu", "lr": 0.002367868561761323, "window_size": 16, "batch_size": 128, "epochs": 20, "kernel_size": 2, "attention_heads": 2}, "parameter_index": 0}
[2026-05-18 18:55:01] INFO (NNIManager) submitTrialJob: form: {
  sequenceId: 118,
  hyperParameters: {
    value: '{"parameter_id": 118, "parameter_source": "algorithm", "parameters": {"model_type": "CNN", "units": 16, "num_layers": 3, "dropout": 0.5, "activation": "relu", "lr": 0.002367868561761323, "window_size": 16, "batch_size": 128, "epochs": 20, "kernel_size": 2, "attention_heads": 2}, "parameter_index": 0}',
    index: 0
  },
  placementConstraint: { type: 'None', gpus: [] }
}
[2026-05-18 18:55:01] INFO (LocalV3.local) Created trial oyhNE
[2026-05-18 18:55:04] INFO (LocalV3.local) Trial parameter: oyhNE {"parameter_id": 118, "parameter_source": "algorithm", "parameters": {"model_type": "CNN", "units": 16, "num_layers": 3, "dropout": 0.5, "activation": "relu", "lr": 0.002367868561761323, "window_size": 16, "batch_size": 128, "epochs": 20, "kernel_size": 2, "attention_heads": 2}, "parameter_index": 0}
[2026-05-18 18:55:08] INFO (NNIManager) Trial job oyhNE status changed from RUNNING to SUCCEEDED
[2026-05-18 18:55:08] INFO (NNIManager) NNIManager received command from dispatcher: TR, {"parameter_id": 119, "parameter_source": "algorithm", "parameters": {"model_type": "CNN", "units": 16, "num_layers": 3, "dropout": 0.5, "activation": "tanh", "lr": 0.0006035118337992468, "window_size": 16, "batch_size": 128, "epochs": 20, "kernel_size": 2, "attention_heads": 2}, "parameter_index": 0}
[2026-05-18 18:55:08] INFO (NNIManager) submitTrialJob: form: {
  sequenceId: 119,
  hyperParameters: {
    value: '{"parameter_id": 119, "parameter_source": "algorithm", "parameters": {"model_type": "CNN", "units": 16, "num_layers": 3, "dropout": 0.5, "activation": "tanh", "lr": 0.0006035118337992468, "window_size": 16, "batch_size": 128, "epochs": 20, "kernel_size": 2, "attention_heads": 2}, "parameter_index": 0}',
    index: 0
  },
  placementConstraint: { type: 'None', gpus: [] }
}
[2026-05-18 18:55:08] INFO (LocalV3.local) Created trial JLT1A
[2026-05-18 18:55:10] INFO (LocalV3.local) Trial parameter: JLT1A {"parameter_id": 119, "parameter_source": "algorithm", "parameters": {"model_type": "CNN", "units": 16, "num_layers": 3, "dropout": 0.5, "activation": "tanh", "lr": 0.0006035118337992468, "window_size": 16, "batch_size": 128, "epochs": 20, "kernel_size": 2, "attention_heads": 2}, "parameter_index": 0}
[2026-05-18 18:55:15] INFO (NNIManager) Trial job JLT1A status changed from RUNNING to SUCCEEDED
[2026-05-18 18:55:15] INFO (NNIManager) NNIManager received command from dispatcher: TR, {"parameter_id": 120, "parameter_source": "algorithm", "parameters": {"model_type": "TCN", "units": 16, "num_layers": 3, "dropout": 0.5, "activation": "relu", "lr": 0.0027799218087209607, "window_size": 16, "batch_size": 128, "epochs": 20, "kernel_size": 2, "attention_heads": 2}, "parameter_index": 0}
[2026-05-18 18:55:15] INFO (NNIManager) submitTrialJob: form: {
  sequenceId: 120,
  hyperParameters: {
    value: '{"parameter_id": 120, "parameter_source": "algorithm", "parameters": {"model_type": "TCN", "units": 16, "num_layers": 3, "dropout": 0.5, "activation": "relu", "lr": 0.0027799218087209607, "window_size": 16, "batch_size": 128, "epochs": 20, "kernel_size": 2, "attention_heads": 2}, "parameter_index": 0}',
    index: 0
  },
  placementConstraint: { type: 'None', gpus: [] }
}
[2026-05-18 18:55:16] INFO (LocalV3.local) Created trial ZjCRW
[2026-05-18 18:55:18] INFO (LocalV3.local) Trial parameter: ZjCRW {"parameter_id": 120, "parameter_source": "algorithm", "parameters": {"model_type": "TCN", "units": 16, "num_layers": 3, "dropout": 0.5, "activation": "relu", "lr": 0.0027799218087209607, "window_size": 16, "batch_size": 128, "epochs": 20, "kernel_size": 2, "attention_heads": 2}, "parameter_index": 0}
[2026-05-18 18:55:22] INFO (NNIManager) Trial job ZjCRW status changed from RUNNING to SUCCEEDED
[2026-05-18 18:55:22] INFO (NNIManager) NNIManager received command from dispatcher: TR, {"parameter_id": 121, "parameter_source": "algorithm", "parameters": {"model_type": "RNN", "units": 16, "num_layers": 3, "dropout": 0.5, "activation": "tanh", "lr": 0.003671099021019831, "window_size": 16, "batch_size": 128, "epochs": 10, "kernel_size": 2, "attention_heads": 2}, "parameter_index": 0}
[2026-05-18 18:55:23] INFO (NNIManager) submitTrialJob: form: {
  sequenceId: 121,
  hyperParameters: {
    value: '{"parameter_id": 121, "parameter_source": "algorithm", "parameters": {"model_type": "RNN", "units": 16, "num_layers": 3, "dropout": 0.5, "activation": "tanh", "lr": 0.003671099021019831, "window_size": 16, "batch_size": 128, "epochs": 10, "kernel_size": 2, "attention_heads": 2}, "parameter_index": 0}',
    index: 0
  },
  placementConstraint: { type: 'None', gpus: [] }
}
[2026-05-18 18:55:23] INFO (LocalV3.local) Created trial ZxnUt
[2026-05-18 18:55:24] INFO (LocalV3.local) Trial parameter: ZxnUt {"parameter_id": 121, "parameter_source": "algorithm", "parameters": {"model_type": "RNN", "units": 16, "num_layers": 3, "dropout": 0.5, "activation": "tanh", "lr": 0.003671099021019831, "window_size": 16, "batch_size": 128, "epochs": 10, "kernel_size": 2, "attention_heads": 2}, "parameter_index": 0}
[2026-05-18 18:55:29] INFO (NNIManager) Trial job ZxnUt status changed from RUNNING to SUCCEEDED
[2026-05-18 18:55:29] INFO (NNIManager) NNIManager received command from dispatcher: TR, {"parameter_id": 122, "parameter_source": "algorithm", "parameters": {"model_type": "CNN", "units": 16, "num_layers": 3, "dropout": 0.5, "activation": "relu", "lr": 0.0008188859422156896, "window_size": 15, "batch_size": 128, "epochs": 20, "kernel_size": 2, "attention_heads": 2}, "parameter_index": 0}
[2026-05-18 18:55:30] INFO (NNIManager) submitTrialJob: form: {
  sequenceId: 122,
  hyperParameters: {
    value: '{"parameter_id": 122, "parameter_source": "algorithm", "parameters": {"model_type": "CNN", "units": 16, "num_layers": 3, "dropout": 0.5, "activation": "relu", "lr": 0.0008188859422156896, "window_size": 15, "batch_size": 128, "epochs": 20, "kernel_size": 2, "attention_heads": 2}, "parameter_index": 0}',
    index: 0
  },
  placementConstraint: { type: 'None', gpus: [] }
}
[2026-05-18 18:55:30] INFO (LocalV3.local) Created trial xX5rQ
[2026-05-18 18:55:31] INFO (LocalV3.local) Trial parameter: xX5rQ {"parameter_id": 122, "parameter_source": "algorithm", "parameters": {"model_type": "CNN", "units": 16, "num_layers": 3, "dropout": 0.5, "activation": "relu", "lr": 0.0008188859422156896, "window_size": 15, "batch_size": 128, "epochs": 20, "kernel_size": 2, "attention_heads": 2}, "parameter_index": 0}
[2026-05-18 18:55:36] INFO (NNIManager) Trial job xX5rQ status changed from RUNNING to SUCCEEDED
[2026-05-18 18:55:36] INFO (NNIManager) NNIManager received command from dispatcher: TR, {"parameter_id": 123, "parameter_source": "algorithm", "parameters": {"model_type": "CNN", "units": 16, "num_layers": 3, "dropout": 0.5, "activation": "relu", "lr": 0.0020582383876823584, "window_size": 25, "batch_size": 128, "epochs": 20, "kernel_size": 2, "attention_heads": 2}, "parameter_index": 0}
[2026-05-18 18:55:36] INFO (NNIManager) submitTrialJob: form: {
  sequenceId: 123,
  hyperParameters: {
    value: '{"parameter_id": 123, "parameter_source": "algorithm", "parameters": {"model_type": "CNN", "units": 16, "num_layers": 3, "dropout": 0.5, "activation": "relu", "lr": 0.0020582383876823584, "window_size": 25, "batch_size": 128, "epochs": 20, "kernel_size": 2, "attention_heads": 2}, "parameter_index": 0}',
    index: 0
  },
  placementConstraint: { type: 'None', gpus: [] }
}
[2026-05-18 18:55:36] INFO (LocalV3.local) Created trial aIJST
[2026-05-18 18:55:38] INFO (LocalV3.local) Trial parameter: aIJST {"parameter_id": 123, "parameter_source": "algorithm", "parameters": {"model_type": "CNN", "units": 16, "num_layers": 3, "dropout": 0.5, "activation": "relu", "lr": 0.0020582383876823584, "window_size": 25, "batch_size": 128, "epochs": 20, "kernel_size": 2, "attention_heads": 2}, "parameter_index": 0}
[2026-05-18 18:55:43] INFO (NNIManager) Trial job aIJST status changed from RUNNING to SUCCEEDED
[2026-05-18 18:55:43] INFO (NNIManager) NNIManager received command from dispatcher: TR, {"parameter_id": 124, "parameter_source": "algorithm", "parameters": {"model_type": "CNN", "units": 16, "num_layers": 2, "dropout": 0.1, "activation": "sigmoid", "lr": 0.0008427865928553682, "window_size": 14, "batch_size": 128, "epochs": 20, "kernel_size": 2, "attention_heads": 2}, "parameter_index": 0}
[2026-05-18 18:55:43] INFO (NNIManager) submitTrialJob: form: {
  sequenceId: 124,
  hyperParameters: {
    value: '{"parameter_id": 124, "parameter_source": "algorithm", "parameters": {"model_type": "CNN", "units": 16, "num_layers": 2, "dropout": 0.1, "activation": "sigmoid", "lr": 0.0008427865928553682, "window_size": 14, "batch_size": 128, "epochs": 20, "kernel_size": 2, "attention_heads": 2}, "parameter_index": 0}',
    index: 0
  },
  placementConstraint: { type: 'None', gpus: [] }
}
[2026-05-18 18:55:43] INFO (LocalV3.local) Created trial HfgqS
[2026-05-18 18:55:45] INFO (LocalV3.local) Trial parameter: HfgqS {"parameter_id": 124, "parameter_source": "algorithm", "parameters": {"model_type": "CNN", "units": 16, "num_layers": 2, "dropout": 0.1, "activation": "sigmoid", "lr": 0.0008427865928553682, "window_size": 14, "batch_size": 128, "epochs": 20, "kernel_size": 2, "attention_heads": 2}, "parameter_index": 0}
[2026-05-18 18:55:50] INFO (NNIManager) Trial job HfgqS status changed from RUNNING to SUCCEEDED
[2026-05-18 18:55:50] INFO (NNIManager) NNIManager received command from dispatcher: TR, {"parameter_id": 125, "parameter_source": "algorithm", "parameters": {"model_type": "CNN", "units": 16, "num_layers": 3, "dropout": 0.5, "activation": "relu", "lr": 0.0024597553883834067, "window_size": 27, "batch_size": 16, "epochs": 15, "kernel_size": 2, "attention_heads": 2}, "parameter_index": 0}
[2026-05-18 18:55:50] INFO (NNIManager) submitTrialJob: form: {
  sequenceId: 125,
  hyperParameters: {
    value: '{"parameter_id": 125, "parameter_source": "algorithm", "parameters": {"model_type": "CNN", "units": 16, "num_layers": 3, "dropout": 0.5, "activation": "relu", "lr": 0.0024597553883834067, "window_size": 27, "batch_size": 16, "epochs": 15, "kernel_size": 2, "attention_heads": 2}, "parameter_index": 0}',
    index: 0
  },
  placementConstraint: { type: 'None', gpus: [] }
}
[2026-05-18 18:55:50] INFO (LocalV3.local) Created trial ekNsr
[2026-05-18 18:55:52] INFO (LocalV3.local) Trial parameter: ekNsr {"parameter_id": 125, "parameter_source": "algorithm", "parameters": {"model_type": "CNN", "units": 16, "num_layers": 3, "dropout": 0.5, "activation": "relu", "lr": 0.0024597553883834067, "window_size": 27, "batch_size": 16, "epochs": 15, "kernel_size": 2, "attention_heads": 2}, "parameter_index": 0}
[2026-05-18 18:55:57] INFO (NNIManager) Trial job ekNsr status changed from RUNNING to SUCCEEDED
[2026-05-18 18:55:57] INFO (NNIManager) NNIManager received command from dispatcher: TR, {"parameter_id": 126, "parameter_source": "algorithm", "parameters": {"model_type": "CNN", "units": 16, "num_layers": 3, "dropout": 0.5, "activation": "relu", "lr": 0.0023704126414887637, "window_size": 18, "batch_size": 16, "epochs": 20, "kernel_size": 2, "attention_heads": 2}, "parameter_index": 0}
[2026-05-18 18:55:58] INFO (NNIManager) submitTrialJob: form: {
  sequenceId: 126,
  hyperParameters: {
    value: '{"parameter_id": 126, "parameter_source": "algorithm", "parameters": {"model_type": "CNN", "units": 16, "num_layers": 3, "dropout": 0.5, "activation": "relu", "lr": 0.0023704126414887637, "window_size": 18, "batch_size": 16, "epochs": 20, "kernel_size": 2, "attention_heads": 2}, "parameter_index": 0}',
    index: 0
  },
  placementConstraint: { type: 'None', gpus: [] }
}
[2026-05-18 18:55:58] INFO (LocalV3.local) Created trial pOduV
[2026-05-18 18:56:00] INFO (LocalV3.local) Trial parameter: pOduV {"parameter_id": 126, "parameter_source": "algorithm", "parameters": {"model_type": "CNN", "units": 16, "num_layers": 3, "dropout": 0.5, "activation": "relu", "lr": 0.0023704126414887637, "window_size": 18, "batch_size": 16, "epochs": 20, "kernel_size": 2, "attention_heads": 2}, "parameter_index": 0}
[2026-05-18 18:56:07] INFO (NNIManager) Trial job pOduV status changed from RUNNING to SUCCEEDED
[2026-05-18 18:56:07] INFO (NNIManager) NNIManager received command from dispatcher: TR, {"parameter_id": 127, "parameter_source": "algorithm", "parameters": {"model_type": "CNN", "units": 16, "num_layers": 3, "dropout": 0.3, "activation": "relu", "lr": 0.0014638816349383675, "window_size": 8, "batch_size": 128, "epochs": 15, "kernel_size": 2, "attention_heads": 2}, "parameter_index": 0}
[2026-05-18 18:56:07] INFO (NNIManager) submitTrialJob: form: {
  sequenceId: 127,
  hyperParameters: {
    value: '{"parameter_id": 127, "parameter_source": "algorithm", "parameters": {"model_type": "CNN", "units": 16, "num_layers": 3, "dropout": 0.3, "activation": "relu", "lr": 0.0014638816349383675, "window_size": 8, "batch_size": 128, "epochs": 15, "kernel_size": 2, "attention_heads": 2}, "parameter_index": 0}',
    index: 0
  },
  placementConstraint: { type: 'None', gpus: [] }
}
[2026-05-18 18:56:07] INFO (LocalV3.local) Created trial P2ySg
[2026-05-18 18:56:09] INFO (LocalV3.local) Trial parameter: P2ySg {"parameter_id": 127, "parameter_source": "algorithm", "parameters": {"model_type": "CNN", "units": 16, "num_layers": 3, "dropout": 0.3, "activation": "relu", "lr": 0.0014638816349383675, "window_size": 8, "batch_size": 128, "epochs": 15, "kernel_size": 2, "attention_heads": 2}, "parameter_index": 0}
[2026-05-18 18:56:13] INFO (NNIManager) Trial job P2ySg status changed from RUNNING to SUCCEEDED
[2026-05-18 18:56:13] INFO (NNIManager) NNIManager received command from dispatcher: TR, {"parameter_id": 128, "parameter_source": "algorithm", "parameters": {"model_type": "TCN", "units": 16, "num_layers": 3, "dropout": 0.5, "activation": "relu", "lr": 0.0010981762793373286, "window_size": 11, "batch_size": 128, "epochs": 20, "kernel_size": 2, "attention_heads": 2}, "parameter_index": 0}
[2026-05-18 18:56:14] INFO (NNIManager) submitTrialJob: form: {
  sequenceId: 128,
  hyperParameters: {
    value: '{"parameter_id": 128, "parameter_source": "algorithm", "parameters": {"model_type": "TCN", "units": 16, "num_layers": 3, "dropout": 0.5, "activation": "relu", "lr": 0.0010981762793373286, "window_size": 11, "batch_size": 128, "epochs": 20, "kernel_size": 2, "attention_heads": 2}, "parameter_index": 0}',
    index: 0
  },
  placementConstraint: { type: 'None', gpus: [] }
}
[2026-05-18 18:56:14] INFO (LocalV3.local) Created trial JEN3M
[2026-05-18 18:56:16] INFO (LocalV3.local) Trial parameter: JEN3M {"parameter_id": 128, "parameter_source": "algorithm", "parameters": {"model_type": "TCN", "units": 16, "num_layers": 3, "dropout": 0.5, "activation": "relu", "lr": 0.0010981762793373286, "window_size": 11, "batch_size": 128, "epochs": 20, "kernel_size": 2, "attention_heads": 2}, "parameter_index": 0}
[2026-05-18 18:56:20] INFO (NNIManager) Trial job JEN3M status changed from RUNNING to SUCCEEDED
[2026-05-18 18:56:20] INFO (NNIManager) NNIManager received command from dispatcher: TR, {"parameter_id": 129, "parameter_source": "algorithm", "parameters": {"model_type": "CNN", "units": 16, "num_layers": 3, "dropout": 0.5, "activation": "relu", "lr": 0.00509165200790992, "window_size": 24, "batch_size": 16, "epochs": 20, "kernel_size": 2, "attention_heads": 2}, "parameter_index": 0}
[2026-05-18 18:56:20] INFO (NNIManager) submitTrialJob: form: {
  sequenceId: 129,
  hyperParameters: {
    value: '{"parameter_id": 129, "parameter_source": "algorithm", "parameters": {"model_type": "CNN", "units": 16, "num_layers": 3, "dropout": 0.5, "activation": "relu", "lr": 0.00509165200790992, "window_size": 24, "batch_size": 16, "epochs": 20, "kernel_size": 2, "attention_heads": 2}, "parameter_index": 0}',
    index: 0
  },
  placementConstraint: { type: 'None', gpus: [] }
}
[2026-05-18 18:56:20] INFO (LocalV3.local) Created trial spv8R
[2026-05-18 18:56:22] INFO (LocalV3.local) Trial parameter: spv8R {"parameter_id": 129, "parameter_source": "algorithm", "parameters": {"model_type": "CNN", "units": 16, "num_layers": 3, "dropout": 0.5, "activation": "relu", "lr": 0.00509165200790992, "window_size": 24, "batch_size": 16, "epochs": 20, "kernel_size": 2, "attention_heads": 2}, "parameter_index": 0}
[2026-05-18 18:56:28] INFO (NNIManager) Trial job spv8R status changed from RUNNING to SUCCEEDED
[2026-05-18 18:56:28] INFO (NNIManager) NNIManager received command from dispatcher: TR, {"parameter_id": 130, "parameter_source": "algorithm", "parameters": {"model_type": "CNN", "units": 16, "num_layers": 3, "dropout": 0.5, "activation": "tanh", "lr": 0.0003683779611090685, "window_size": 19, "batch_size": 128, "epochs": 10, "kernel_size": 2, "attention_heads": 2}, "parameter_index": 0}
[2026-05-18 18:56:29] INFO (NNIManager) submitTrialJob: form: {
  sequenceId: 130,
  hyperParameters: {
    value: '{"parameter_id": 130, "parameter_source": "algorithm", "parameters": {"model_type": "CNN", "units": 16, "num_layers": 3, "dropout": 0.5, "activation": "tanh", "lr": 0.0003683779611090685, "window_size": 19, "batch_size": 128, "epochs": 10, "kernel_size": 2, "attention_heads": 2}, "parameter_index": 0}',
    index: 0
  },
  placementConstraint: { type: 'None', gpus: [] }
}
[2026-05-18 18:56:29] INFO (LocalV3.local) Created trial a6KzW
[2026-05-18 18:56:31] INFO (LocalV3.local) Trial parameter: a6KzW {"parameter_id": 130, "parameter_source": "algorithm", "parameters": {"model_type": "CNN", "units": 16, "num_layers": 3, "dropout": 0.5, "activation": "tanh", "lr": 0.0003683779611090685, "window_size": 19, "batch_size": 128, "epochs": 10, "kernel_size": 2, "attention_heads": 2}, "parameter_index": 0}
[2026-05-18 18:56:34] INFO (NNIManager) Trial job a6KzW status changed from RUNNING to SUCCEEDED
[2026-05-18 18:56:34] INFO (NNIManager) NNIManager received command from dispatcher: TR, {"parameter_id": 131, "parameter_source": "algorithm", "parameters": {"model_type": "RNN", "units": 16, "num_layers": 3, "dropout": 0.5, "activation": "relu", "lr": 0.00307498563865179, "window_size": 15, "batch_size": 16, "epochs": 20, "kernel_size": 2, "attention_heads": 2}, "parameter_index": 0}
[2026-05-18 18:56:34] INFO (NNIManager) submitTrialJob: form: {
  sequenceId: 131,
  hyperParameters: {
    value: '{"parameter_id": 131, "parameter_source": "algorithm", "parameters": {"model_type": "RNN", "units": 16, "num_layers": 3, "dropout": 0.5, "activation": "relu", "lr": 0.00307498563865179, "window_size": 15, "batch_size": 16, "epochs": 20, "kernel_size": 2, "attention_heads": 2}, "parameter_index": 0}',
    index: 0
  },
  placementConstraint: { type: 'None', gpus: [] }
}
[2026-05-18 18:56:34] INFO (LocalV3.local) Created trial pdDXI
[2026-05-18 18:56:36] INFO (LocalV3.local) Trial parameter: pdDXI {"parameter_id": 131, "parameter_source": "algorithm", "parameters": {"model_type": "RNN", "units": 16, "num_layers": 3, "dropout": 0.5, "activation": "relu", "lr": 0.00307498563865179, "window_size": 15, "batch_size": 16, "epochs": 20, "kernel_size": 2, "attention_heads": 2}, "parameter_index": 0}
[2026-05-18 18:56:51] INFO (NNIManager) Trial job pdDXI status changed from RUNNING to SUCCEEDED
[2026-05-18 18:56:51] INFO (NNIManager) NNIManager received command from dispatcher: TR, {"parameter_id": 132, "parameter_source": "algorithm", "parameters": {"model_type": "CNN", "units": 32, "num_layers": 2, "dropout": 0.3, "activation": "relu", "lr": 0.008291365064858731, "window_size": 29, "batch_size": 128, "epochs": 10, "kernel_size": 2, "attention_heads": 2}, "parameter_index": 0}
[2026-05-18 18:56:52] INFO (NNIManager) submitTrialJob: form: {
  sequenceId: 132,
  hyperParameters: {
    value: '{"parameter_id": 132, "parameter_source": "algorithm", "parameters": {"model_type": "CNN", "units": 32, "num_layers": 2, "dropout": 0.3, "activation": "relu", "lr": 0.008291365064858731, "window_size": 29, "batch_size": 128, "epochs": 10, "kernel_size": 2, "attention_heads": 2}, "parameter_index": 0}',
    index: 0
  },
  placementConstraint: { type: 'None', gpus: [] }
}
[2026-05-18 18:56:52] INFO (LocalV3.local) Created trial ASV1q
[2026-05-18 18:56:54] INFO (LocalV3.local) Trial parameter: ASV1q {"parameter_id": 132, "parameter_source": "algorithm", "parameters": {"model_type": "CNN", "units": 32, "num_layers": 2, "dropout": 0.3, "activation": "relu", "lr": 0.008291365064858731, "window_size": 29, "batch_size": 128, "epochs": 10, "kernel_size": 2, "attention_heads": 2}, "parameter_index": 0}
[2026-05-18 18:56:57] INFO (NNIManager) Trial job ASV1q status changed from RUNNING to SUCCEEDED
[2026-05-18 18:56:57] INFO (NNIManager) NNIManager received command from dispatcher: TR, {"parameter_id": 133, "parameter_source": "algorithm", "parameters": {"model_type": "CNN", "units": 256, "num_layers": 3, "dropout": 0.5, "activation": "sigmoid", "lr": 0.0016921593616719003, "window_size": 22, "batch_size": 128, "epochs": 20, "kernel_size": 2, "attention_heads": 2}, "parameter_index": 0}
[2026-05-18 18:56:57] INFO (NNIManager) submitTrialJob: form: {
  sequenceId: 133,
  hyperParameters: {
    value: '{"parameter_id": 133, "parameter_source": "algorithm", "parameters": {"model_type": "CNN", "units": 256, "num_layers": 3, "dropout": 0.5, "activation": "sigmoid", "lr": 0.0016921593616719003, "window_size": 22, "batch_size": 128, "epochs": 20, "kernel_size": 2, "attention_heads": 2}, "parameter_index": 0}',
    index: 0
  },
  placementConstraint: { type: 'None', gpus: [] }
}
[2026-05-18 18:56:57] INFO (LocalV3.local) Created trial CyqYy
[2026-05-18 18:56:59] INFO (LocalV3.local) Trial parameter: CyqYy {"parameter_id": 133, "parameter_source": "algorithm", "parameters": {"model_type": "CNN", "units": 256, "num_layers": 3, "dropout": 0.5, "activation": "sigmoid", "lr": 0.0016921593616719003, "window_size": 22, "batch_size": 128, "epochs": 20, "kernel_size": 2, "attention_heads": 2}, "parameter_index": 0}
[2026-05-18 18:57:07] INFO (NNIManager) Trial job CyqYy status changed from RUNNING to SUCCEEDED
[2026-05-18 18:57:07] INFO (NNIManager) NNIManager received command from dispatcher: TR, {"parameter_id": 134, "parameter_source": "algorithm", "parameters": {"model_type": "CNN", "units": 16, "num_layers": 3, "dropout": 0.1, "activation": "tanh", "lr": 0.0019998295773709213, "window_size": 16, "batch_size": 128, "epochs": 15, "kernel_size": 7, "attention_heads": 2}, "parameter_index": 0}
[2026-05-18 18:57:07] INFO (NNIManager) submitTrialJob: form: {
  sequenceId: 134,
  hyperParameters: {
    value: '{"parameter_id": 134, "parameter_source": "algorithm", "parameters": {"model_type": "CNN", "units": 16, "num_layers": 3, "dropout": 0.1, "activation": "tanh", "lr": 0.0019998295773709213, "window_size": 16, "batch_size": 128, "epochs": 15, "kernel_size": 7, "attention_heads": 2}, "parameter_index": 0}',
    index: 0
  },
  placementConstraint: { type: 'None', gpus: [] }
}
[2026-05-18 18:57:07] INFO (LocalV3.local) Created trial ZHib6
[2026-05-18 18:57:09] INFO (LocalV3.local) Trial parameter: ZHib6 {"parameter_id": 134, "parameter_source": "algorithm", "parameters": {"model_type": "CNN", "units": 16, "num_layers": 3, "dropout": 0.1, "activation": "tanh", "lr": 0.0019998295773709213, "window_size": 16, "batch_size": 128, "epochs": 15, "kernel_size": 7, "attention_heads": 2}, "parameter_index": 0}
[2026-05-18 18:57:13] INFO (NNIManager) Trial job ZHib6 status changed from RUNNING to SUCCEEDED
[2026-05-18 18:57:13] INFO (NNIManager) NNIManager received command from dispatcher: TR, {"parameter_id": 135, "parameter_source": "algorithm", "parameters": {"model_type": "CNN", "units": 16, "num_layers": 3, "dropout": 0.5, "activation": "relu", "lr": 0.0005842492825811664, "window_size": 27, "batch_size": 16, "epochs": 20, "kernel_size": 2, "attention_heads": 2}, "parameter_index": 0}
[2026-05-18 18:57:13] INFO (NNIManager) submitTrialJob: form: {
  sequenceId: 135,
  hyperParameters: {
    value: '{"parameter_id": 135, "parameter_source": "algorithm", "parameters": {"model_type": "CNN", "units": 16, "num_layers": 3, "dropout": 0.5, "activation": "relu", "lr": 0.0005842492825811664, "window_size": 27, "batch_size": 16, "epochs": 20, "kernel_size": 2, "attention_heads": 2}, "parameter_index": 0}',
    index: 0
  },
  placementConstraint: { type: 'None', gpus: [] }
}
[2026-05-18 18:57:13] INFO (LocalV3.local) Created trial r1RHX
[2026-05-18 18:57:14] INFO (NNIManager) Change NNIManager status from: RUNNING to: NO_MORE_TRIAL
[2026-05-18 18:57:15] INFO (LocalV3.local) Trial parameter: r1RHX {"parameter_id": 135, "parameter_source": "algorithm", "parameters": {"model_type": "CNN", "units": 16, "num_layers": 3, "dropout": 0.5, "activation": "relu", "lr": 0.0005842492825811664, "window_size": 27, "batch_size": 16, "epochs": 20, "kernel_size": 2, "attention_heads": 2}, "parameter_index": 0}
[2026-05-18 18:57:22] INFO (NNIManager) Trial job r1RHX status changed from RUNNING to SUCCEEDED
[2026-05-18 18:57:22] INFO (NNIManager) Change NNIManager status from: NO_MORE_TRIAL to: DONE
[2026-05-18 18:57:22] INFO (NNIManager) Experiment done.
[2026-05-18 18:57:22] INFO (ShutdownManager) Initiate shutdown: SIGTERM
[2026-05-18 18:57:22] INFO (RestServer) Stopping REST server.
[2026-05-18 18:57:22] INFO (NNIManager) Change NNIManager status from: DONE to: STOPPING
[2026-05-18 18:57:22] INFO (NNIManager) Stopping experiment, cleaning up ...
[2026-05-18 18:57:22] INFO (RestServer) REST server stopped.
[2026-05-18 18:57:25] INFO (LocalV3.local) All trials stopped
[2026-05-18 18:57:25] INFO (NNIManager) Change NNIManager status from: STOPPING to: STOPPED
[2026-05-18 18:57:25] INFO (NNIManager) Experiment stopped.
[2026-05-18 18:57:25] INFO (NNITensorboardManager) Forced stopping all tensorboard task.
[2026-05-18 18:57:25] INFO (NNITensorboardManager) All tensorboard task stopped.
[2026-05-18 18:57:25] INFO (NNITensorboardManager) Tensorboard manager stopped.
[2026-05-18 18:57:25] INFO (ShutdownManager) Shutdown complete.
