[2026-05-18 22:19:52] INFO (main) Start NNI manager
[2026-05-18 22:19:52] INFO (RestServer) Starting REST server at port 8863, URL prefix: "/"
[2026-05-18 22:19:52] INFO (RestServer) REST server started.
[2026-05-18 22:19:52] INFO (NNIDataStore) Datastore initialization done
[2026-05-18 22:19:53] INFO (NNIManager) Starting experiment: qmdt6ay4
[2026-05-18 22:19:53] INFO (NNIManager) Setup training service...
[2026-05-18 22:19:53] INFO (NNIManager) Setup tuner...
[2026-05-18 22:19:53] INFO (NNIManager) Change NNIManager status from: INITIALIZED to: RUNNING
[2026-05-18 22:19:54] INFO (NNIManager) Add event listeners
[2026-05-18 22:19:54] INFO (LocalV3.local) Start
[2026-05-18 22:19:54] INFO (NNIManager) NNIManager received command from dispatcher: ID, 
[2026-05-18 22:19:54] INFO (NNIManager) NNIManager received command from dispatcher: TR, {"parameter_id": 0, "parameter_source": "algorithm", "parameters": {"model_type": "TCN", "units": 256, "num_layers": 2, "dropout": 0.5, "activation": "tanh", "lr": 0.0016210487373719735, "window_size": 3, "batch_size": 32, "epochs": 15, "kernel_size": 7, "attention_heads": 8}, "parameter_index": 0}
[2026-05-18 22:19:54] INFO (NNIManager) submitTrialJob: form: {
  sequenceId: 0,
  hyperParameters: {
    value: '{"parameter_id": 0, "parameter_source": "algorithm", "parameters": {"model_type": "TCN", "units": 256, "num_layers": 2, "dropout": 0.5, "activation": "tanh", "lr": 0.0016210487373719735, "window_size": 3, "batch_size": 32, "epochs": 15, "kernel_size": 7, "attention_heads": 8}, "parameter_index": 0}',
    index: 0
  },
  placementConstraint: { type: 'None', gpus: [] }
}
[2026-05-18 22:19:55] INFO (LocalV3.local) Register directory trial_code = /home/meliani/Desktop/phd/fast-track
[2026-05-18 22:19:55] INFO (LocalV3.local) Created trial DipdB
[2026-05-18 22:19:56] INFO (LocalV3.local) Trial parameter: DipdB {"parameter_id": 0, "parameter_source": "algorithm", "parameters": {"model_type": "TCN", "units": 256, "num_layers": 2, "dropout": 0.5, "activation": "tanh", "lr": 0.0016210487373719735, "window_size": 3, "batch_size": 32, "epochs": 15, "kernel_size": 7, "attention_heads": 8}, "parameter_index": 0}
[2026-05-18 22:20:18] INFO (NNIManager) Trial job DipdB status changed from RUNNING to SUCCEEDED
[2026-05-18 22:20:18] INFO (NNIManager) NNIManager received command from dispatcher: TR, {"parameter_id": 1, "parameter_source": "algorithm", "parameters": {"model_type": "CNN", "units": 32, "num_layers": 4, "dropout": 0.5, "activation": "tanh", "lr": 0.0010644679631814473, "window_size": 3, "batch_size": 32, "epochs": 15, "kernel_size": 5, "attention_heads": 8}, "parameter_index": 0}
[2026-05-18 22:20:19] INFO (NNIManager) submitTrialJob: form: {
  sequenceId: 1,
  hyperParameters: {
    value: '{"parameter_id": 1, "parameter_source": "algorithm", "parameters": {"model_type": "CNN", "units": 32, "num_layers": 4, "dropout": 0.5, "activation": "tanh", "lr": 0.0010644679631814473, "window_size": 3, "batch_size": 32, "epochs": 15, "kernel_size": 5, "attention_heads": 8}, "parameter_index": 0}',
    index: 0
  },
  placementConstraint: { type: 'None', gpus: [] }
}
[2026-05-18 22:20:19] INFO (LocalV3.local) Created trial AmIR6
[2026-05-18 22:20:21] INFO (LocalV3.local) Trial parameter: AmIR6 {"parameter_id": 1, "parameter_source": "algorithm", "parameters": {"model_type": "CNN", "units": 32, "num_layers": 4, "dropout": 0.5, "activation": "tanh", "lr": 0.0010644679631814473, "window_size": 3, "batch_size": 32, "epochs": 15, "kernel_size": 5, "attention_heads": 8}, "parameter_index": 0}
[2026-05-18 22:20:33] INFO (NNIManager) Trial job AmIR6 status changed from RUNNING to SUCCEEDED
[2026-05-18 22:20:33] INFO (NNIManager) NNIManager received command from dispatcher: TR, {"parameter_id": 2, "parameter_source": "algorithm", "parameters": {"model_type": "RNN", "units": 64, "num_layers": 2, "dropout": 0.3, "activation": "tanh", "lr": 0.003291333934002042, "window_size": 8, "batch_size": 32, "epochs": 15, "kernel_size": 3, "attention_heads": 8}, "parameter_index": 0}
[2026-05-18 22:20:34] INFO (NNIManager) submitTrialJob: form: {
  sequenceId: 2,
  hyperParameters: {
    value: '{"parameter_id": 2, "parameter_source": "algorithm", "parameters": {"model_type": "RNN", "units": 64, "num_layers": 2, "dropout": 0.3, "activation": "tanh", "lr": 0.003291333934002042, "window_size": 8, "batch_size": 32, "epochs": 15, "kernel_size": 3, "attention_heads": 8}, "parameter_index": 0}',
    index: 0
  },
  placementConstraint: { type: 'None', gpus: [] }
}
[2026-05-18 22:20:34] INFO (LocalV3.local) Created trial GorBs
[2026-05-18 22:20:36] INFO (LocalV3.local) Trial parameter: GorBs {"parameter_id": 2, "parameter_source": "algorithm", "parameters": {"model_type": "RNN", "units": 64, "num_layers": 2, "dropout": 0.3, "activation": "tanh", "lr": 0.003291333934002042, "window_size": 8, "batch_size": 32, "epochs": 15, "kernel_size": 3, "attention_heads": 8}, "parameter_index": 0}
[2026-05-18 22:20:51] INFO (NNIManager) Trial job GorBs status changed from RUNNING to SUCCEEDED
[2026-05-18 22:20:51] INFO (NNIManager) NNIManager received command from dispatcher: TR, {"parameter_id": 3, "parameter_source": "algorithm", "parameters": {"model_type": "TCN", "units": 256, "num_layers": 2, "dropout": 0.3, "activation": "tanh", "lr": 0.000980214847933704, "window_size": 28, "batch_size": 16, "epochs": 15, "kernel_size": 2, "attention_heads": 8}, "parameter_index": 0}
[2026-05-18 22:20:52] INFO (NNIManager) submitTrialJob: form: {
  sequenceId: 3,
  hyperParameters: {
    value: '{"parameter_id": 3, "parameter_source": "algorithm", "parameters": {"model_type": "TCN", "units": 256, "num_layers": 2, "dropout": 0.3, "activation": "tanh", "lr": 0.000980214847933704, "window_size": 28, "batch_size": 16, "epochs": 15, "kernel_size": 2, "attention_heads": 8}, "parameter_index": 0}',
    index: 0
  },
  placementConstraint: { type: 'None', gpus: [] }
}
[2026-05-18 22:20:52] INFO (LocalV3.local) Created trial ErwGt
[2026-05-18 22:20:54] INFO (LocalV3.local) Trial parameter: ErwGt {"parameter_id": 3, "parameter_source": "algorithm", "parameters": {"model_type": "TCN", "units": 256, "num_layers": 2, "dropout": 0.3, "activation": "tanh", "lr": 0.000980214847933704, "window_size": 28, "batch_size": 16, "epochs": 15, "kernel_size": 2, "attention_heads": 8}, "parameter_index": 0}
[2026-05-18 22:21:24] INFO (NNIManager) Trial job ErwGt status changed from RUNNING to SUCCEEDED
[2026-05-18 22:21:24] INFO (NNIManager) NNIManager received command from dispatcher: TR, {"parameter_id": 4, "parameter_source": "algorithm", "parameters": {"model_type": "TCN", "units": 256, "num_layers": 2, "dropout": 0.2, "activation": "sigmoid", "lr": 0.003153717035339031, "window_size": 20, "batch_size": 32, "epochs": 20, "kernel_size": 2, "attention_heads": 8}, "parameter_index": 0}
[2026-05-18 22:21:24] INFO (NNIManager) submitTrialJob: form: {
  sequenceId: 4,
  hyperParameters: {
    value: '{"parameter_id": 4, "parameter_source": "algorithm", "parameters": {"model_type": "TCN", "units": 256, "num_layers": 2, "dropout": 0.2, "activation": "sigmoid", "lr": 0.003153717035339031, "window_size": 20, "batch_size": 32, "epochs": 20, "kernel_size": 2, "attention_heads": 8}, "parameter_index": 0}',
    index: 0
  },
  placementConstraint: { type: 'None', gpus: [] }
}
[2026-05-18 22:21:24] INFO (LocalV3.local) Created trial mBhQj
[2026-05-18 22:21:27] INFO (LocalV3.local) Trial parameter: mBhQj {"parameter_id": 4, "parameter_source": "algorithm", "parameters": {"model_type": "TCN", "units": 256, "num_layers": 2, "dropout": 0.2, "activation": "sigmoid", "lr": 0.003153717035339031, "window_size": 20, "batch_size": 32, "epochs": 20, "kernel_size": 2, "attention_heads": 8}, "parameter_index": 0}
[2026-05-18 22:21:59] INFO (NNIManager) Trial job mBhQj status changed from RUNNING to SUCCEEDED
[2026-05-18 22:22:00] INFO (NNIManager) NNIManager received command from dispatcher: TR, {"parameter_id": 5, "parameter_source": "algorithm", "parameters": {"model_type": "TCN", "units": 128, "num_layers": 2, "dropout": 0.5, "activation": "tanh", "lr": 0.007884910595833424, "window_size": 15, "batch_size": 64, "epochs": 20, "kernel_size": 5, "attention_heads": 4}, "parameter_index": 0}
[2026-05-18 22:22:00] INFO (NNIManager) submitTrialJob: form: {
  sequenceId: 5,
  hyperParameters: {
    value: '{"parameter_id": 5, "parameter_source": "algorithm", "parameters": {"model_type": "TCN", "units": 128, "num_layers": 2, "dropout": 0.5, "activation": "tanh", "lr": 0.007884910595833424, "window_size": 15, "batch_size": 64, "epochs": 20, "kernel_size": 5, "attention_heads": 4}, "parameter_index": 0}',
    index: 0
  },
  placementConstraint: { type: 'None', gpus: [] }
}
[2026-05-18 22:22:00] INFO (LocalV3.local) Created trial R8TAz
[2026-05-18 22:22:02] INFO (LocalV3.local) Trial parameter: R8TAz {"parameter_id": 5, "parameter_source": "algorithm", "parameters": {"model_type": "TCN", "units": 128, "num_layers": 2, "dropout": 0.5, "activation": "tanh", "lr": 0.007884910595833424, "window_size": 15, "batch_size": 64, "epochs": 20, "kernel_size": 5, "attention_heads": 4}, "parameter_index": 0}
[2026-05-18 22:22:20] INFO (NNIManager) Trial job R8TAz status changed from RUNNING to SUCCEEDED
[2026-05-18 22:22:20] INFO (NNIManager) NNIManager received command from dispatcher: TR, {"parameter_id": 6, "parameter_source": "algorithm", "parameters": {"model_type": "GRU", "units": 128, "num_layers": 2, "dropout": 0.5, "activation": "tanh", "lr": 0.0039728321302166395, "window_size": 10, "batch_size": 64, "epochs": 20, "kernel_size": 3, "attention_heads": 4}, "parameter_index": 0}
[2026-05-18 22:22:20] INFO (NNIManager) submitTrialJob: form: {
  sequenceId: 6,
  hyperParameters: {
    value: '{"parameter_id": 6, "parameter_source": "algorithm", "parameters": {"model_type": "GRU", "units": 128, "num_layers": 2, "dropout": 0.5, "activation": "tanh", "lr": 0.0039728321302166395, "window_size": 10, "batch_size": 64, "epochs": 20, "kernel_size": 3, "attention_heads": 4}, "parameter_index": 0}',
    index: 0
  },
  placementConstraint: { type: 'None', gpus: [] }
}
[2026-05-18 22:22:20] INFO (LocalV3.local) Created trial pgyQU
[2026-05-18 22:22:22] INFO (LocalV3.local) Trial parameter: pgyQU {"parameter_id": 6, "parameter_source": "algorithm", "parameters": {"model_type": "GRU", "units": 128, "num_layers": 2, "dropout": 0.5, "activation": "tanh", "lr": 0.0039728321302166395, "window_size": 10, "batch_size": 64, "epochs": 20, "kernel_size": 3, "attention_heads": 4}, "parameter_index": 0}
[2026-05-18 22:22:59] INFO (NNIManager) Trial job pgyQU status changed from RUNNING to SUCCEEDED
[2026-05-18 22:22:59] INFO (NNIManager) NNIManager received command from dispatcher: TR, {"parameter_id": 7, "parameter_source": "algorithm", "parameters": {"model_type": "GRU", "units": 16, "num_layers": 4, "dropout": 0.5, "activation": "tanh", "lr": 0.0015647019358866752, "window_size": 3, "batch_size": 32, "epochs": 15, "kernel_size": 7, "attention_heads": 2}, "parameter_index": 0}
[2026-05-18 22:22:59] INFO (NNIManager) submitTrialJob: form: {
  sequenceId: 7,
  hyperParameters: {
    value: '{"parameter_id": 7, "parameter_source": "algorithm", "parameters": {"model_type": "GRU", "units": 16, "num_layers": 4, "dropout": 0.5, "activation": "tanh", "lr": 0.0015647019358866752, "window_size": 3, "batch_size": 32, "epochs": 15, "kernel_size": 7, "attention_heads": 2}, "parameter_index": 0}',
    index: 0
  },
  placementConstraint: { type: 'None', gpus: [] }
}
[2026-05-18 22:22:59] INFO (LocalV3.local) Created trial jaK0n
[2026-05-18 22:23:01] INFO (LocalV3.local) Trial parameter: jaK0n {"parameter_id": 7, "parameter_source": "algorithm", "parameters": {"model_type": "GRU", "units": 16, "num_layers": 4, "dropout": 0.5, "activation": "tanh", "lr": 0.0015647019358866752, "window_size": 3, "batch_size": 32, "epochs": 15, "kernel_size": 7, "attention_heads": 2}, "parameter_index": 0}
[2026-05-18 22:23:24] INFO (NNIManager) Trial job jaK0n status changed from RUNNING to SUCCEEDED
[2026-05-18 22:23:24] INFO (NNIManager) NNIManager received command from dispatcher: TR, {"parameter_id": 8, "parameter_source": "algorithm", "parameters": {"model_type": "TCN", "units": 128, "num_layers": 2, "dropout": 0.5, "activation": "tanh", "lr": 0.000844380559282392, "window_size": 15, "batch_size": 32, "epochs": 5, "kernel_size": 7, "attention_heads": 4}, "parameter_index": 0}
[2026-05-18 22:23:25] INFO (NNIManager) submitTrialJob: form: {
  sequenceId: 8,
  hyperParameters: {
    value: '{"parameter_id": 8, "parameter_source": "algorithm", "parameters": {"model_type": "TCN", "units": 128, "num_layers": 2, "dropout": 0.5, "activation": "tanh", "lr": 0.000844380559282392, "window_size": 15, "batch_size": 32, "epochs": 5, "kernel_size": 7, "attention_heads": 4}, "parameter_index": 0}',
    index: 0
  },
  placementConstraint: { type: 'None', gpus: [] }
}
[2026-05-18 22:23:25] INFO (LocalV3.local) Created trial v3sPy
[2026-05-18 22:23:27] INFO (LocalV3.local) Trial parameter: v3sPy {"parameter_id": 8, "parameter_source": "algorithm", "parameters": {"model_type": "TCN", "units": 128, "num_layers": 2, "dropout": 0.5, "activation": "tanh", "lr": 0.000844380559282392, "window_size": 15, "batch_size": 32, "epochs": 5, "kernel_size": 7, "attention_heads": 4}, "parameter_index": 0}
[2026-05-18 22:23:34] INFO (NNIManager) Trial job v3sPy status changed from RUNNING to SUCCEEDED
[2026-05-18 22:23:34] INFO (NNIManager) NNIManager received command from dispatcher: TR, {"parameter_id": 9, "parameter_source": "algorithm", "parameters": {"model_type": "RNN", "units": 128, "num_layers": 2, "dropout": 0.5, "activation": "tanh", "lr": 0.0029075933108796666, "window_size": 20, "batch_size": 128, "epochs": 20, "kernel_size": 5, "attention_heads": 4}, "parameter_index": 0}
[2026-05-18 22:23:34] INFO (NNIManager) submitTrialJob: form: {
  sequenceId: 9,
  hyperParameters: {
    value: '{"parameter_id": 9, "parameter_source": "algorithm", "parameters": {"model_type": "RNN", "units": 128, "num_layers": 2, "dropout": 0.5, "activation": "tanh", "lr": 0.0029075933108796666, "window_size": 20, "batch_size": 128, "epochs": 20, "kernel_size": 5, "attention_heads": 4}, "parameter_index": 0}',
    index: 0
  },
  placementConstraint: { type: 'None', gpus: [] }
}
[2026-05-18 22:23:34] INFO (LocalV3.local) Created trial YUzVv
[2026-05-18 22:23:36] INFO (LocalV3.local) Trial parameter: YUzVv {"parameter_id": 9, "parameter_source": "algorithm", "parameters": {"model_type": "RNN", "units": 128, "num_layers": 2, "dropout": 0.5, "activation": "tanh", "lr": 0.0029075933108796666, "window_size": 20, "batch_size": 128, "epochs": 20, "kernel_size": 5, "attention_heads": 4}, "parameter_index": 0}
[2026-05-18 22:23:55] INFO (NNIManager) Trial job YUzVv status changed from RUNNING to SUCCEEDED
[2026-05-18 22:23:55] INFO (NNIManager) NNIManager received command from dispatcher: TR, {"parameter_id": 10, "parameter_source": "algorithm", "parameters": {"model_type": "RNN", "units": 16, "num_layers": 2, "dropout": 0.5, "activation": "tanh", "lr": 0.0009451061173351468, "window_size": 21, "batch_size": 128, "epochs": 10, "kernel_size": 3, "attention_heads": 4}, "parameter_index": 0}
[2026-05-18 22:23:56] INFO (NNIManager) submitTrialJob: form: {
  sequenceId: 10,
  hyperParameters: {
    value: '{"parameter_id": 10, "parameter_source": "algorithm", "parameters": {"model_type": "RNN", "units": 16, "num_layers": 2, "dropout": 0.5, "activation": "tanh", "lr": 0.0009451061173351468, "window_size": 21, "batch_size": 128, "epochs": 10, "kernel_size": 3, "attention_heads": 4}, "parameter_index": 0}',
    index: 0
  },
  placementConstraint: { type: 'None', gpus: [] }
}
[2026-05-18 22:23:56] INFO (LocalV3.local) Created trial GSJCp
[2026-05-18 22:23:58] INFO (LocalV3.local) Trial parameter: GSJCp {"parameter_id": 10, "parameter_source": "algorithm", "parameters": {"model_type": "RNN", "units": 16, "num_layers": 2, "dropout": 0.5, "activation": "tanh", "lr": 0.0009451061173351468, "window_size": 21, "batch_size": 128, "epochs": 10, "kernel_size": 3, "attention_heads": 4}, "parameter_index": 0}
[2026-05-18 22:24:06] INFO (NNIManager) Trial job GSJCp status changed from RUNNING to SUCCEEDED
[2026-05-18 22:24:06] INFO (NNIManager) NNIManager received command from dispatcher: TR, {"parameter_id": 11, "parameter_source": "algorithm", "parameters": {"model_type": "CNN", "units": 128, "num_layers": 4, "dropout": 0.2, "activation": "tanh", "lr": 0.0096012032914842, "window_size": 15, "batch_size": 64, "epochs": 20, "kernel_size": 5, "attention_heads": 4}, "parameter_index": 0}
[2026-05-18 22:24:06] INFO (NNIManager) submitTrialJob: form: {
  sequenceId: 11,
  hyperParameters: {
    value: '{"parameter_id": 11, "parameter_source": "algorithm", "parameters": {"model_type": "CNN", "units": 128, "num_layers": 4, "dropout": 0.2, "activation": "tanh", "lr": 0.0096012032914842, "window_size": 15, "batch_size": 64, "epochs": 20, "kernel_size": 5, "attention_heads": 4}, "parameter_index": 0}',
    index: 0
  },
  placementConstraint: { type: 'None', gpus: [] }
}
[2026-05-18 22:24:06] INFO (LocalV3.local) Created trial sgxEm
[2026-05-18 22:24:09] INFO (LocalV3.local) Trial parameter: sgxEm {"parameter_id": 11, "parameter_source": "algorithm", "parameters": {"model_type": "CNN", "units": 128, "num_layers": 4, "dropout": 0.2, "activation": "tanh", "lr": 0.0096012032914842, "window_size": 15, "batch_size": 64, "epochs": 20, "kernel_size": 5, "attention_heads": 4}, "parameter_index": 0}
[2026-05-18 22:24:31] INFO (NNIManager) Trial job sgxEm status changed from RUNNING to SUCCEEDED
[2026-05-18 22:24:31] INFO (NNIManager) NNIManager received command from dispatcher: TR, {"parameter_id": 12, "parameter_source": "algorithm", "parameters": {"model_type": "RNN", "units": 256, "num_layers": 2, "dropout": 0.5, "activation": "tanh", "lr": 0.0013394060335602444, "window_size": 20, "batch_size": 32, "epochs": 20, "kernel_size": 5, "attention_heads": 4}, "parameter_index": 0}
[2026-05-18 22:24:31] INFO (NNIManager) submitTrialJob: form: {
  sequenceId: 12,
  hyperParameters: {
    value: '{"parameter_id": 12, "parameter_source": "algorithm", "parameters": {"model_type": "RNN", "units": 256, "num_layers": 2, "dropout": 0.5, "activation": "tanh", "lr": 0.0013394060335602444, "window_size": 20, "batch_size": 32, "epochs": 20, "kernel_size": 5, "attention_heads": 4}, "parameter_index": 0}',
    index: 0
  },
  placementConstraint: { type: 'None', gpus: [] }
}
[2026-05-18 22:24:31] INFO (LocalV3.local) Created trial mrCEF
[2026-05-18 22:24:33] INFO (LocalV3.local) Trial parameter: mrCEF {"parameter_id": 12, "parameter_source": "algorithm", "parameters": {"model_type": "RNN", "units": 256, "num_layers": 2, "dropout": 0.5, "activation": "tanh", "lr": 0.0013394060335602444, "window_size": 20, "batch_size": 32, "epochs": 20, "kernel_size": 5, "attention_heads": 4}, "parameter_index": 0}
[2026-05-18 22:25:38] INFO (NNIManager) Trial job mrCEF status changed from RUNNING to SUCCEEDED
[2026-05-18 22:25:38] INFO (NNIManager) NNIManager received command from dispatcher: TR, {"parameter_id": 13, "parameter_source": "algorithm", "parameters": {"model_type": "CNN", "units": 128, "num_layers": 2, "dropout": 0.1, "activation": "tanh", "lr": 0.002412251538027864, "window_size": 15, "batch_size": 64, "epochs": 10, "kernel_size": 5, "attention_heads": 4}, "parameter_index": 0}
[2026-05-18 22:25:39] INFO (NNIManager) submitTrialJob: form: {
  sequenceId: 13,
  hyperParameters: {
    value: '{"parameter_id": 13, "parameter_source": "algorithm", "parameters": {"model_type": "CNN", "units": 128, "num_layers": 2, "dropout": 0.1, "activation": "tanh", "lr": 0.002412251538027864, "window_size": 15, "batch_size": 64, "epochs": 10, "kernel_size": 5, "attention_heads": 4}, "parameter_index": 0}',
    index: 0
  },
  placementConstraint: { type: 'None', gpus: [] }
}
[2026-05-18 22:25:39] INFO (LocalV3.local) Created trial M2k3L
[2026-05-18 22:25:41] INFO (LocalV3.local) Trial parameter: M2k3L {"parameter_id": 13, "parameter_source": "algorithm", "parameters": {"model_type": "CNN", "units": 128, "num_layers": 2, "dropout": 0.1, "activation": "tanh", "lr": 0.002412251538027864, "window_size": 15, "batch_size": 64, "epochs": 10, "kernel_size": 5, "attention_heads": 4}, "parameter_index": 0}
[2026-05-18 22:25:49] INFO (NNIManager) Trial job M2k3L status changed from RUNNING to SUCCEEDED
[2026-05-18 22:25:49] INFO (NNIManager) NNIManager received command from dispatcher: TR, {"parameter_id": 14, "parameter_source": "algorithm", "parameters": {"model_type": "TCN", "units": 128, "num_layers": 2, "dropout": 0.3, "activation": "tanh", "lr": 0.0012299833869069043, "window_size": 15, "batch_size": 16, "epochs": 20, "kernel_size": 2, "attention_heads": 2}, "parameter_index": 0}
[2026-05-18 22:25:50] INFO (NNIManager) submitTrialJob: form: {
  sequenceId: 14,
  hyperParameters: {
    value: '{"parameter_id": 14, "parameter_source": "algorithm", "parameters": {"model_type": "TCN", "units": 128, "num_layers": 2, "dropout": 0.3, "activation": "tanh", "lr": 0.0012299833869069043, "window_size": 15, "batch_size": 16, "epochs": 20, "kernel_size": 2, "attention_heads": 2}, "parameter_index": 0}',
    index: 0
  },
  placementConstraint: { type: 'None', gpus: [] }
}
[2026-05-18 22:25:50] INFO (LocalV3.local) Created trial XVd2H
[2026-05-18 22:25:52] INFO (LocalV3.local) Trial parameter: XVd2H {"parameter_id": 14, "parameter_source": "algorithm", "parameters": {"model_type": "TCN", "units": 128, "num_layers": 2, "dropout": 0.3, "activation": "tanh", "lr": 0.0012299833869069043, "window_size": 15, "batch_size": 16, "epochs": 20, "kernel_size": 2, "attention_heads": 2}, "parameter_index": 0}
[2026-05-18 22:26:18] INFO (NNIManager) Trial job XVd2H status changed from RUNNING to SUCCEEDED
[2026-05-18 22:26:18] INFO (NNIManager) NNIManager received command from dispatcher: TR, {"parameter_id": 15, "parameter_source": "algorithm", "parameters": {"model_type": "TCN", "units": 128, "num_layers": 3, "dropout": 0.5, "activation": "tanh", "lr": 0.0024672825705378755, "window_size": 24, "batch_size": 64, "epochs": 20, "kernel_size": 5, "attention_heads": 2}, "parameter_index": 0}
[2026-05-18 22:26:18] INFO (NNIManager) submitTrialJob: form: {
  sequenceId: 15,
  hyperParameters: {
    value: '{"parameter_id": 15, "parameter_source": "algorithm", "parameters": {"model_type": "TCN", "units": 128, "num_layers": 3, "dropout": 0.5, "activation": "tanh", "lr": 0.0024672825705378755, "window_size": 24, "batch_size": 64, "epochs": 20, "kernel_size": 5, "attention_heads": 2}, "parameter_index": 0}',
    index: 0
  },
  placementConstraint: { type: 'None', gpus: [] }
}
[2026-05-18 22:26:18] INFO (LocalV3.local) Created trial CcYNu
[2026-05-18 22:26:21] INFO (LocalV3.local) Trial parameter: CcYNu {"parameter_id": 15, "parameter_source": "algorithm", "parameters": {"model_type": "TCN", "units": 128, "num_layers": 3, "dropout": 0.5, "activation": "tanh", "lr": 0.0024672825705378755, "window_size": 24, "batch_size": 64, "epochs": 20, "kernel_size": 5, "attention_heads": 2}, "parameter_index": 0}
[2026-05-18 22:26:46] INFO (NNIManager) Trial job CcYNu status changed from RUNNING to SUCCEEDED
[2026-05-18 22:26:46] INFO (NNIManager) NNIManager received command from dispatcher: TR, {"parameter_id": 16, "parameter_source": "algorithm", "parameters": {"model_type": "TCN", "units": 32, "num_layers": 3, "dropout": 0.1, "activation": "tanh", "lr": 0.0007199807264536435, "window_size": 15, "batch_size": 64, "epochs": 20, "kernel_size": 5, "attention_heads": 4}, "parameter_index": 0}
[2026-05-18 22:26:46] INFO (NNIManager) submitTrialJob: form: {
  sequenceId: 16,
  hyperParameters: {
    value: '{"parameter_id": 16, "parameter_source": "algorithm", "parameters": {"model_type": "TCN", "units": 32, "num_layers": 3, "dropout": 0.1, "activation": "tanh", "lr": 0.0007199807264536435, "window_size": 15, "batch_size": 64, "epochs": 20, "kernel_size": 5, "attention_heads": 4}, "parameter_index": 0}',
    index: 0
  },
  placementConstraint: { type: 'None', gpus: [] }
}
[2026-05-18 22:26:46] INFO (LocalV3.local) Created trial fbiq4
[2026-05-18 22:26:48] INFO (LocalV3.local) Trial parameter: fbiq4 {"parameter_id": 16, "parameter_source": "algorithm", "parameters": {"model_type": "TCN", "units": 32, "num_layers": 3, "dropout": 0.1, "activation": "tanh", "lr": 0.0007199807264536435, "window_size": 15, "batch_size": 64, "epochs": 20, "kernel_size": 5, "attention_heads": 4}, "parameter_index": 0}
[2026-05-18 22:27:06] INFO (NNIManager) Trial job fbiq4 status changed from RUNNING to SUCCEEDED
[2026-05-18 22:27:06] INFO (NNIManager) NNIManager received command from dispatcher: TR, {"parameter_id": 17, "parameter_source": "algorithm", "parameters": {"model_type": "MLP", "units": 128, "num_layers": 3, "dropout": 0.5, "activation": "elu", "lr": 0.002060404750314479, "window_size": 20, "batch_size": 128, "epochs": 5, "kernel_size": 5, "attention_heads": 8}, "parameter_index": 0}
[2026-05-18 22:27:06] INFO (NNIManager) submitTrialJob: form: {
  sequenceId: 17,
  hyperParameters: {
    value: '{"parameter_id": 17, "parameter_source": "algorithm", "parameters": {"model_type": "MLP", "units": 128, "num_layers": 3, "dropout": 0.5, "activation": "elu", "lr": 0.002060404750314479, "window_size": 20, "batch_size": 128, "epochs": 5, "kernel_size": 5, "attention_heads": 8}, "parameter_index": 0}',
    index: 0
  },
  placementConstraint: { type: 'None', gpus: [] }
}
[2026-05-18 22:27:06] INFO (LocalV3.local) Created trial SmiXk
[2026-05-18 22:27:09] INFO (LocalV3.local) Trial parameter: SmiXk {"parameter_id": 17, "parameter_source": "algorithm", "parameters": {"model_type": "MLP", "units": 128, "num_layers": 3, "dropout": 0.5, "activation": "elu", "lr": 0.002060404750314479, "window_size": 20, "batch_size": 128, "epochs": 5, "kernel_size": 5, "attention_heads": 8}, "parameter_index": 0}
[2026-05-18 22:27:14] INFO (NNIManager) Trial job SmiXk status changed from RUNNING to SUCCEEDED
[2026-05-18 22:27:14] INFO (NNIManager) NNIManager received command from dispatcher: TR, {"parameter_id": 18, "parameter_source": "algorithm", "parameters": {"model_type": "TCN", "units": 128, "num_layers": 2, "dropout": 0.5, "activation": "tanh", "lr": 0.002581088072314656, "window_size": 15, "batch_size": 64, "epochs": 20, "kernel_size": 5, "attention_heads": 4}, "parameter_index": 0}
[2026-05-18 22:27:15] INFO (NNIManager) submitTrialJob: form: {
  sequenceId: 18,
  hyperParameters: {
    value: '{"parameter_id": 18, "parameter_source": "algorithm", "parameters": {"model_type": "TCN", "units": 128, "num_layers": 2, "dropout": 0.5, "activation": "tanh", "lr": 0.002581088072314656, "window_size": 15, "batch_size": 64, "epochs": 20, "kernel_size": 5, "attention_heads": 4}, "parameter_index": 0}',
    index: 0
  },
  placementConstraint: { type: 'None', gpus: [] }
}
[2026-05-18 22:27:15] INFO (LocalV3.local) Created trial X2204
[2026-05-18 22:27:17] INFO (LocalV3.local) Trial parameter: X2204 {"parameter_id": 18, "parameter_source": "algorithm", "parameters": {"model_type": "TCN", "units": 128, "num_layers": 2, "dropout": 0.5, "activation": "tanh", "lr": 0.002581088072314656, "window_size": 15, "batch_size": 64, "epochs": 20, "kernel_size": 5, "attention_heads": 4}, "parameter_index": 0}
[2026-05-18 22:27:30] INFO (NNIManager) Trial job X2204 status changed from RUNNING to SUCCEEDED
[2026-05-18 22:27:30] INFO (NNIManager) NNIManager received command from dispatcher: TR, {"parameter_id": 19, "parameter_source": "algorithm", "parameters": {"model_type": "CNN", "units": 64, "num_layers": 3, "dropout": 0.5, "activation": "tanh", "lr": 0.003874872023552973, "window_size": 24, "batch_size": 128, "epochs": 20, "kernel_size": 5, "attention_heads": 2}, "parameter_index": 0}
[2026-05-18 22:27:30] INFO (NNIManager) submitTrialJob: form: {
  sequenceId: 19,
  hyperParameters: {
    value: '{"parameter_id": 19, "parameter_source": "algorithm", "parameters": {"model_type": "CNN", "units": 64, "num_layers": 3, "dropout": 0.5, "activation": "tanh", "lr": 0.003874872023552973, "window_size": 24, "batch_size": 128, "epochs": 20, "kernel_size": 5, "attention_heads": 2}, "parameter_index": 0}',
    index: 0
  },
  placementConstraint: { type: 'None', gpus: [] }
}
[2026-05-18 22:27:30] INFO (LocalV3.local) Created trial BKYxE
[2026-05-18 22:27:32] INFO (LocalV3.local) Trial parameter: BKYxE {"parameter_id": 19, "parameter_source": "algorithm", "parameters": {"model_type": "CNN", "units": 64, "num_layers": 3, "dropout": 0.5, "activation": "tanh", "lr": 0.003874872023552973, "window_size": 24, "batch_size": 128, "epochs": 20, "kernel_size": 5, "attention_heads": 2}, "parameter_index": 0}
[2026-05-18 22:27:42] INFO (NNIManager) Trial job BKYxE status changed from RUNNING to SUCCEEDED
[2026-05-18 22:27:42] INFO (NNIManager) NNIManager received command from dispatcher: TR, {"parameter_id": 20, "parameter_source": "algorithm", "parameters": {"model_type": "LSTM", "units": 32, "num_layers": 1, "dropout": 0.1, "activation": "elu", "lr": 0.002908939313624983, "window_size": 4, "batch_size": 64, "epochs": 20, "kernel_size": 5, "attention_heads": 2}, "parameter_index": 0}
[2026-05-18 22:27:42] INFO (NNIManager) submitTrialJob: form: {
  sequenceId: 20,
  hyperParameters: {
    value: '{"parameter_id": 20, "parameter_source": "algorithm", "parameters": {"model_type": "LSTM", "units": 32, "num_layers": 1, "dropout": 0.1, "activation": "elu", "lr": 0.002908939313624983, "window_size": 4, "batch_size": 64, "epochs": 20, "kernel_size": 5, "attention_heads": 2}, "parameter_index": 0}',
    index: 0
  },
  placementConstraint: { type: 'None', gpus: [] }
}
[2026-05-18 22:27:42] INFO (LocalV3.local) Created trial ERill
[2026-05-18 22:27:44] INFO (LocalV3.local) Trial parameter: ERill {"parameter_id": 20, "parameter_source": "algorithm", "parameters": {"model_type": "LSTM", "units": 32, "num_layers": 1, "dropout": 0.1, "activation": "elu", "lr": 0.002908939313624983, "window_size": 4, "batch_size": 64, "epochs": 20, "kernel_size": 5, "attention_heads": 2}, "parameter_index": 0}
[2026-05-18 22:27:53] INFO (NNIManager) Trial job ERill status changed from RUNNING to SUCCEEDED
[2026-05-18 22:27:53] INFO (NNIManager) NNIManager received command from dispatcher: TR, {"parameter_id": 21, "parameter_source": "algorithm", "parameters": {"model_type": "TCN", "units": 128, "num_layers": 2, "dropout": 0.5, "activation": "tanh", "lr": 0.002259791702179874, "window_size": 15, "batch_size": 32, "epochs": 20, "kernel_size": 2, "attention_heads": 4}, "parameter_index": 0}
[2026-05-18 22:27:53] INFO (NNIManager) submitTrialJob: form: {
  sequenceId: 21,
  hyperParameters: {
    value: '{"parameter_id": 21, "parameter_source": "algorithm", "parameters": {"model_type": "TCN", "units": 128, "num_layers": 2, "dropout": 0.5, "activation": "tanh", "lr": 0.002259791702179874, "window_size": 15, "batch_size": 32, "epochs": 20, "kernel_size": 2, "attention_heads": 4}, "parameter_index": 0}',
    index: 0
  },
  placementConstraint: { type: 'None', gpus: [] }
}
[2026-05-18 22:27:53] INFO (LocalV3.local) Created trial XAExG
[2026-05-18 22:27:55] INFO (LocalV3.local) Trial parameter: XAExG {"parameter_id": 21, "parameter_source": "algorithm", "parameters": {"model_type": "TCN", "units": 128, "num_layers": 2, "dropout": 0.5, "activation": "tanh", "lr": 0.002259791702179874, "window_size": 15, "batch_size": 32, "epochs": 20, "kernel_size": 2, "attention_heads": 4}, "parameter_index": 0}
[2026-05-18 22:28:10] INFO (NNIManager) Trial job XAExG status changed from RUNNING to SUCCEEDED
[2026-05-18 22:28:10] INFO (NNIManager) NNIManager received command from dispatcher: TR, {"parameter_id": 22, "parameter_source": "algorithm", "parameters": {"model_type": "TCN", "units": 128, "num_layers": 2, "dropout": 0.5, "activation": "tanh", "lr": 0.005557122815235459, "window_size": 15, "batch_size": 64, "epochs": 20, "kernel_size": 5, "attention_heads": 2}, "parameter_index": 0}
[2026-05-18 22:28:11] INFO (NNIManager) submitTrialJob: form: {
  sequenceId: 22,
  hyperParameters: {
    value: '{"parameter_id": 22, "parameter_source": "algorithm", "parameters": {"model_type": "TCN", "units": 128, "num_layers": 2, "dropout": 0.5, "activation": "tanh", "lr": 0.005557122815235459, "window_size": 15, "batch_size": 64, "epochs": 20, "kernel_size": 5, "attention_heads": 2}, "parameter_index": 0}',
    index: 0
  },
  placementConstraint: { type: 'None', gpus: [] }
}
[2026-05-18 22:28:11] INFO (LocalV3.local) Created trial quRmd
[2026-05-18 22:28:13] INFO (LocalV3.local) Trial parameter: quRmd {"parameter_id": 22, "parameter_source": "algorithm", "parameters": {"model_type": "TCN", "units": 128, "num_layers": 2, "dropout": 0.5, "activation": "tanh", "lr": 0.005557122815235459, "window_size": 15, "batch_size": 64, "epochs": 20, "kernel_size": 5, "attention_heads": 2}, "parameter_index": 0}
[2026-05-18 22:28:34] INFO (NNIManager) Trial job quRmd status changed from RUNNING to SUCCEEDED
[2026-05-18 22:28:34] INFO (NNIManager) NNIManager received command from dispatcher: TR, {"parameter_id": 23, "parameter_source": "algorithm", "parameters": {"model_type": "TCN", "units": 128, "num_layers": 3, "dropout": 0.5, "activation": "tanh", "lr": 0.005152398530614697, "window_size": 15, "batch_size": 64, "epochs": 20, "kernel_size": 5, "attention_heads": 2}, "parameter_index": 0}
[2026-05-18 22:28:35] INFO (NNIManager) submitTrialJob: form: {
  sequenceId: 23,
  hyperParameters: {
    value: '{"parameter_id": 23, "parameter_source": "algorithm", "parameters": {"model_type": "TCN", "units": 128, "num_layers": 3, "dropout": 0.5, "activation": "tanh", "lr": 0.005152398530614697, "window_size": 15, "batch_size": 64, "epochs": 20, "kernel_size": 5, "attention_heads": 2}, "parameter_index": 0}',
    index: 0
  },
  placementConstraint: { type: 'None', gpus: [] }
}
[2026-05-18 22:28:35] INFO (LocalV3.local) Created trial BNojA
[2026-05-18 22:28:38] INFO (LocalV3.local) Trial parameter: BNojA {"parameter_id": 23, "parameter_source": "algorithm", "parameters": {"model_type": "TCN", "units": 128, "num_layers": 3, "dropout": 0.5, "activation": "tanh", "lr": 0.005152398530614697, "window_size": 15, "batch_size": 64, "epochs": 20, "kernel_size": 5, "attention_heads": 2}, "parameter_index": 0}
[2026-05-18 22:29:13] INFO (NNIManager) Trial job BNojA status changed from RUNNING to SUCCEEDED
[2026-05-18 22:29:13] INFO (NNIManager) NNIManager received command from dispatcher: TR, {"parameter_id": 24, "parameter_source": "algorithm", "parameters": {"model_type": "TCN", "units": 128, "num_layers": 3, "dropout": 0.5, "activation": "tanh", "lr": 0.003070351942712808, "window_size": 9, "batch_size": 16, "epochs": 20, "kernel_size": 5, "attention_heads": 2}, "parameter_index": 0}
[2026-05-18 22:29:13] INFO (NNIManager) submitTrialJob: form: {
  sequenceId: 24,
  hyperParameters: {
    value: '{"parameter_id": 24, "parameter_source": "algorithm", "parameters": {"model_type": "TCN", "units": 128, "num_layers": 3, "dropout": 0.5, "activation": "tanh", "lr": 0.003070351942712808, "window_size": 9, "batch_size": 16, "epochs": 20, "kernel_size": 5, "attention_heads": 2}, "parameter_index": 0}',
    index: 0
  },
  placementConstraint: { type: 'None', gpus: [] }
}
[2026-05-18 22:29:13] INFO (LocalV3.local) Created trial Tjbgv
[2026-05-18 22:29:17] INFO (LocalV3.local) Trial parameter: Tjbgv {"parameter_id": 24, "parameter_source": "algorithm", "parameters": {"model_type": "TCN", "units": 128, "num_layers": 3, "dropout": 0.5, "activation": "tanh", "lr": 0.003070351942712808, "window_size": 9, "batch_size": 16, "epochs": 20, "kernel_size": 5, "attention_heads": 2}, "parameter_index": 0}
[2026-05-18 22:29:56] INFO (NNIManager) Trial job Tjbgv status changed from RUNNING to SUCCEEDED
[2026-05-18 22:29:56] INFO (NNIManager) NNIManager received command from dispatcher: TR, {"parameter_id": 25, "parameter_source": "algorithm", "parameters": {"model_type": "TCN", "units": 16, "num_layers": 2, "dropout": 0.5, "activation": "tanh", "lr": 0.0009769164380972807, "window_size": 2, "batch_size": 32, "epochs": 15, "kernel_size": 5, "attention_heads": 8}, "parameter_index": 0}
[2026-05-18 22:29:56] INFO (NNIManager) submitTrialJob: form: {
  sequenceId: 25,
  hyperParameters: {
    value: '{"parameter_id": 25, "parameter_source": "algorithm", "parameters": {"model_type": "TCN", "units": 16, "num_layers": 2, "dropout": 0.5, "activation": "tanh", "lr": 0.0009769164380972807, "window_size": 2, "batch_size": 32, "epochs": 15, "kernel_size": 5, "attention_heads": 8}, "parameter_index": 0}',
    index: 0
  },
  placementConstraint: { type: 'None', gpus: [] }
}
[2026-05-18 22:29:57] INFO (LocalV3.local) Created trial ALEpq
[2026-05-18 22:29:58] INFO (LocalV3.local) Trial parameter: ALEpq {"parameter_id": 25, "parameter_source": "algorithm", "parameters": {"model_type": "TCN", "units": 16, "num_layers": 2, "dropout": 0.5, "activation": "tanh", "lr": 0.0009769164380972807, "window_size": 2, "batch_size": 32, "epochs": 15, "kernel_size": 5, "attention_heads": 8}, "parameter_index": 0}
[2026-05-18 22:30:06] INFO (NNIManager) Trial job ALEpq status changed from RUNNING to SUCCEEDED
[2026-05-18 22:30:06] INFO (NNIManager) NNIManager received command from dispatcher: TR, {"parameter_id": 26, "parameter_source": "algorithm", "parameters": {"model_type": "TCN", "units": 128, "num_layers": 3, "dropout": 0.5, "activation": "tanh", "lr": 0.002095707161216083, "window_size": 15, "batch_size": 64, "epochs": 20, "kernel_size": 5, "attention_heads": 4}, "parameter_index": 0}
[2026-05-18 22:30:07] INFO (NNIManager) submitTrialJob: form: {
  sequenceId: 26,
  hyperParameters: {
    value: '{"parameter_id": 26, "parameter_source": "algorithm", "parameters": {"model_type": "TCN", "units": 128, "num_layers": 3, "dropout": 0.5, "activation": "tanh", "lr": 0.002095707161216083, "window_size": 15, "batch_size": 64, "epochs": 20, "kernel_size": 5, "attention_heads": 4}, "parameter_index": 0}',
    index: 0
  },
  placementConstraint: { type: 'None', gpus: [] }
}
[2026-05-18 22:30:07] INFO (LocalV3.local) Created trial W4tP2
[2026-05-18 22:30:09] INFO (LocalV3.local) Trial parameter: W4tP2 {"parameter_id": 26, "parameter_source": "algorithm", "parameters": {"model_type": "TCN", "units": 128, "num_layers": 3, "dropout": 0.5, "activation": "tanh", "lr": 0.002095707161216083, "window_size": 15, "batch_size": 64, "epochs": 20, "kernel_size": 5, "attention_heads": 4}, "parameter_index": 0}
[2026-05-18 22:30:30] INFO (NNIManager) Trial job W4tP2 status changed from RUNNING to SUCCEEDED
[2026-05-18 22:30:30] INFO (NNIManager) NNIManager received command from dispatcher: TR, {"parameter_id": 27, "parameter_source": "algorithm", "parameters": {"model_type": "TCN", "units": 256, "num_layers": 2, "dropout": 0.5, "activation": "tanh", "lr": 0.0035862159243233082, "window_size": 15, "batch_size": 64, "epochs": 20, "kernel_size": 7, "attention_heads": 2}, "parameter_index": 0}
[2026-05-18 22:30:30] INFO (NNIManager) submitTrialJob: form: {
  sequenceId: 27,
  hyperParameters: {
    value: '{"parameter_id": 27, "parameter_source": "algorithm", "parameters": {"model_type": "TCN", "units": 256, "num_layers": 2, "dropout": 0.5, "activation": "tanh", "lr": 0.0035862159243233082, "window_size": 15, "batch_size": 64, "epochs": 20, "kernel_size": 7, "attention_heads": 2}, "parameter_index": 0}',
    index: 0
  },
  placementConstraint: { type: 'None', gpus: [] }
}
[2026-05-18 22:30:30] INFO (LocalV3.local) Created trial YrK86
[2026-05-18 22:30:32] INFO (LocalV3.local) Trial parameter: YrK86 {"parameter_id": 27, "parameter_source": "algorithm", "parameters": {"model_type": "TCN", "units": 256, "num_layers": 2, "dropout": 0.5, "activation": "tanh", "lr": 0.0035862159243233082, "window_size": 15, "batch_size": 64, "epochs": 20, "kernel_size": 7, "attention_heads": 2}, "parameter_index": 0}
[2026-05-18 22:31:05] INFO (NNIManager) Trial job YrK86 status changed from RUNNING to SUCCEEDED
[2026-05-18 22:31:05] INFO (NNIManager) NNIManager received command from dispatcher: TR, {"parameter_id": 28, "parameter_source": "algorithm", "parameters": {"model_type": "CNN", "units": 128, "num_layers": 3, "dropout": 0.5, "activation": "tanh", "lr": 0.0012762171013244964, "window_size": 3, "batch_size": 64, "epochs": 20, "kernel_size": 7, "attention_heads": 2}, "parameter_index": 0}
[2026-05-18 22:31:05] INFO (NNIManager) submitTrialJob: form: {
  sequenceId: 28,
  hyperParameters: {
    value: '{"parameter_id": 28, "parameter_source": "algorithm", "parameters": {"model_type": "CNN", "units": 128, "num_layers": 3, "dropout": 0.5, "activation": "tanh", "lr": 0.0012762171013244964, "window_size": 3, "batch_size": 64, "epochs": 20, "kernel_size": 7, "attention_heads": 2}, "parameter_index": 0}',
    index: 0
  },
  placementConstraint: { type: 'None', gpus: [] }
}
[2026-05-18 22:31:05] INFO (LocalV3.local) Created trial wBQsn
[2026-05-18 22:31:07] INFO (LocalV3.local) Trial parameter: wBQsn {"parameter_id": 28, "parameter_source": "algorithm", "parameters": {"model_type": "CNN", "units": 128, "num_layers": 3, "dropout": 0.5, "activation": "tanh", "lr": 0.0012762171013244964, "window_size": 3, "batch_size": 64, "epochs": 20, "kernel_size": 7, "attention_heads": 2}, "parameter_index": 0}
[2026-05-18 22:31:19] INFO (NNIManager) Trial job wBQsn status changed from RUNNING to SUCCEEDED
[2026-05-18 22:31:19] INFO (NNIManager) NNIManager received command from dispatcher: TR, {"parameter_id": 29, "parameter_source": "algorithm", "parameters": {"model_type": "MLP", "units": 128, "num_layers": 2, "dropout": 0.5, "activation": "tanh", "lr": 0.001930764934687039, "window_size": 15, "batch_size": 64, "epochs": 5, "kernel_size": 5, "attention_heads": 4}, "parameter_index": 0}
[2026-05-18 22:31:20] INFO (NNIManager) submitTrialJob: form: {
  sequenceId: 29,
  hyperParameters: {
    value: '{"parameter_id": 29, "parameter_source": "algorithm", "parameters": {"model_type": "MLP", "units": 128, "num_layers": 2, "dropout": 0.5, "activation": "tanh", "lr": 0.001930764934687039, "window_size": 15, "batch_size": 64, "epochs": 5, "kernel_size": 5, "attention_heads": 4}, "parameter_index": 0}',
    index: 0
  },
  placementConstraint: { type: 'None', gpus: [] }
}
[2026-05-18 22:31:20] INFO (LocalV3.local) Created trial PvUcV
[2026-05-18 22:31:22] INFO (LocalV3.local) Trial parameter: PvUcV {"parameter_id": 29, "parameter_source": "algorithm", "parameters": {"model_type": "MLP", "units": 128, "num_layers": 2, "dropout": 0.5, "activation": "tanh", "lr": 0.001930764934687039, "window_size": 15, "batch_size": 64, "epochs": 5, "kernel_size": 5, "attention_heads": 4}, "parameter_index": 0}
[2026-05-18 22:31:25] INFO (NNIManager) Trial job PvUcV status changed from RUNNING to SUCCEEDED
[2026-05-18 22:31:25] INFO (NNIManager) NNIManager received command from dispatcher: TR, {"parameter_id": 30, "parameter_source": "algorithm", "parameters": {"model_type": "TCN", "units": 128, "num_layers": 1, "dropout": 0.5, "activation": "tanh", "lr": 0.00969853761527285, "window_size": 15, "batch_size": 128, "epochs": 15, "kernel_size": 5, "attention_heads": 2}, "parameter_index": 0}
[2026-05-18 22:31:26] INFO (NNIManager) submitTrialJob: form: {
  sequenceId: 30,
  hyperParameters: {
    value: '{"parameter_id": 30, "parameter_source": "algorithm", "parameters": {"model_type": "TCN", "units": 128, "num_layers": 1, "dropout": 0.5, "activation": "tanh", "lr": 0.00969853761527285, "window_size": 15, "batch_size": 128, "epochs": 15, "kernel_size": 5, "attention_heads": 2}, "parameter_index": 0}',
    index: 0
  },
  placementConstraint: { type: 'None', gpus: [] }
}
[2026-05-18 22:31:26] INFO (LocalV3.local) Created trial Sajba
[2026-05-18 22:31:28] INFO (LocalV3.local) Trial parameter: Sajba {"parameter_id": 30, "parameter_source": "algorithm", "parameters": {"model_type": "TCN", "units": 128, "num_layers": 1, "dropout": 0.5, "activation": "tanh", "lr": 0.00969853761527285, "window_size": 15, "batch_size": 128, "epochs": 15, "kernel_size": 5, "attention_heads": 2}, "parameter_index": 0}
[2026-05-18 22:31:33] INFO (NNIManager) Trial job Sajba status changed from RUNNING to SUCCEEDED
[2026-05-18 22:31:33] INFO (NNIManager) NNIManager received command from dispatcher: TR, {"parameter_id": 31, "parameter_source": "algorithm", "parameters": {"model_type": "MLP", "units": 64, "num_layers": 1, "dropout": 0.5, "activation": "tanh", "lr": 0.0015261984441458693, "window_size": 16, "batch_size": 16, "epochs": 5, "kernel_size": 5, "attention_heads": 4}, "parameter_index": 0}
[2026-05-18 22:31:34] INFO (NNIManager) submitTrialJob: form: {
  sequenceId: 31,
  hyperParameters: {
    value: '{"parameter_id": 31, "parameter_source": "algorithm", "parameters": {"model_type": "MLP", "units": 64, "num_layers": 1, "dropout": 0.5, "activation": "tanh", "lr": 0.0015261984441458693, "window_size": 16, "batch_size": 16, "epochs": 5, "kernel_size": 5, "attention_heads": 4}, "parameter_index": 0}',
    index: 0
  },
  placementConstraint: { type: 'None', gpus: [] }
}
[2026-05-18 22:31:34] INFO (LocalV3.local) Created trial x2M0j
[2026-05-18 22:31:35] INFO (LocalV3.local) Trial parameter: x2M0j {"parameter_id": 31, "parameter_source": "algorithm", "parameters": {"model_type": "MLP", "units": 64, "num_layers": 1, "dropout": 0.5, "activation": "tanh", "lr": 0.0015261984441458693, "window_size": 16, "batch_size": 16, "epochs": 5, "kernel_size": 5, "attention_heads": 4}, "parameter_index": 0}
[2026-05-18 22:31:39] INFO (NNIManager) Trial job x2M0j status changed from RUNNING to SUCCEEDED
[2026-05-18 22:31:39] INFO (NNIManager) NNIManager received command from dispatcher: TR, {"parameter_id": 32, "parameter_source": "algorithm", "parameters": {"model_type": "TCN", "units": 32, "num_layers": 2, "dropout": 0.5, "activation": "tanh", "lr": 0.00855692076598449, "window_size": 5, "batch_size": 64, "epochs": 20, "kernel_size": 5, "attention_heads": 2}, "parameter_index": 0}
[2026-05-18 22:31:39] INFO (NNIManager) submitTrialJob: form: {
  sequenceId: 32,
  hyperParameters: {
    value: '{"parameter_id": 32, "parameter_source": "algorithm", "parameters": {"model_type": "TCN", "units": 32, "num_layers": 2, "dropout": 0.5, "activation": "tanh", "lr": 0.00855692076598449, "window_size": 5, "batch_size": 64, "epochs": 20, "kernel_size": 5, "attention_heads": 2}, "parameter_index": 0}',
    index: 0
  },
  placementConstraint: { type: 'None', gpus: [] }
}
[2026-05-18 22:31:39] INFO (LocalV3.local) Created trial U2nbx
[2026-05-18 22:31:41] INFO (LocalV3.local) Trial parameter: U2nbx {"parameter_id": 32, "parameter_source": "algorithm", "parameters": {"model_type": "TCN", "units": 32, "num_layers": 2, "dropout": 0.5, "activation": "tanh", "lr": 0.00855692076598449, "window_size": 5, "batch_size": 64, "epochs": 20, "kernel_size": 5, "attention_heads": 2}, "parameter_index": 0}
[2026-05-18 22:31:48] INFO (NNIManager) Trial job U2nbx status changed from RUNNING to SUCCEEDED
[2026-05-18 22:31:48] INFO (NNIManager) NNIManager received command from dispatcher: TR, {"parameter_id": 33, "parameter_source": "algorithm", "parameters": {"model_type": "MLP", "units": 128, "num_layers": 2, "dropout": 0.5, "activation": "tanh", "lr": 0.0020752493949066694, "window_size": 15, "batch_size": 64, "epochs": 10, "kernel_size": 5, "attention_heads": 4}, "parameter_index": 0}
[2026-05-18 22:31:48] INFO (NNIManager) submitTrialJob: form: {
  sequenceId: 33,
  hyperParameters: {
    value: '{"parameter_id": 33, "parameter_source": "algorithm", "parameters": {"model_type": "MLP", "units": 128, "num_layers": 2, "dropout": 0.5, "activation": "tanh", "lr": 0.0020752493949066694, "window_size": 15, "batch_size": 64, "epochs": 10, "kernel_size": 5, "attention_heads": 4}, "parameter_index": 0}',
    index: 0
  },
  placementConstraint: { type: 'None', gpus: [] }
}
[2026-05-18 22:31:48] INFO (LocalV3.local) Created trial PtGWY
[2026-05-18 22:31:50] INFO (LocalV3.local) Trial parameter: PtGWY {"parameter_id": 33, "parameter_source": "algorithm", "parameters": {"model_type": "MLP", "units": 128, "num_layers": 2, "dropout": 0.5, "activation": "tanh", "lr": 0.0020752493949066694, "window_size": 15, "batch_size": 64, "epochs": 10, "kernel_size": 5, "attention_heads": 4}, "parameter_index": 0}
[2026-05-18 22:31:54] INFO (NNIManager) Trial job PtGWY status changed from RUNNING to SUCCEEDED
[2026-05-18 22:31:54] INFO (NNIManager) NNIManager received command from dispatcher: TR, {"parameter_id": 34, "parameter_source": "algorithm", "parameters": {"model_type": "TCN", "units": 16, "num_layers": 1, "dropout": 0.1, "activation": "sigmoid", "lr": 0.004210374984853137, "window_size": 15, "batch_size": 64, "epochs": 20, "kernel_size": 5, "attention_heads": 2}, "parameter_index": 0}
[2026-05-18 22:31:55] INFO (NNIManager) submitTrialJob: form: {
  sequenceId: 34,
  hyperParameters: {
    value: '{"parameter_id": 34, "parameter_source": "algorithm", "parameters": {"model_type": "TCN", "units": 16, "num_layers": 1, "dropout": 0.1, "activation": "sigmoid", "lr": 0.004210374984853137, "window_size": 15, "batch_size": 64, "epochs": 20, "kernel_size": 5, "attention_heads": 2}, "parameter_index": 0}',
    index: 0
  },
  placementConstraint: { type: 'None', gpus: [] }
}
[2026-05-18 22:31:55] INFO (LocalV3.local) Created trial rm90s
[2026-05-18 22:31:57] INFO (LocalV3.local) Trial parameter: rm90s {"parameter_id": 34, "parameter_source": "algorithm", "parameters": {"model_type": "TCN", "units": 16, "num_layers": 1, "dropout": 0.1, "activation": "sigmoid", "lr": 0.004210374984853137, "window_size": 15, "batch_size": 64, "epochs": 20, "kernel_size": 5, "attention_heads": 2}, "parameter_index": 0}
[2026-05-18 22:32:03] INFO (NNIManager) Trial job rm90s status changed from RUNNING to SUCCEEDED
[2026-05-18 22:32:03] INFO (NNIManager) NNIManager received command from dispatcher: TR, {"parameter_id": 35, "parameter_source": "algorithm", "parameters": {"model_type": "TCN", "units": 128, "num_layers": 2, "dropout": 0, "activation": "tanh", "lr": 0.0031249018829845755, "window_size": 15, "batch_size": 64, "epochs": 20, "kernel_size": 5, "attention_heads": 2}, "parameter_index": 0}
[2026-05-18 22:32:03] INFO (NNIManager) submitTrialJob: form: {
  sequenceId: 35,
  hyperParameters: {
    value: '{"parameter_id": 35, "parameter_source": "algorithm", "parameters": {"model_type": "TCN", "units": 128, "num_layers": 2, "dropout": 0, "activation": "tanh", "lr": 0.0031249018829845755, "window_size": 15, "batch_size": 64, "epochs": 20, "kernel_size": 5, "attention_heads": 2}, "parameter_index": 0}',
    index: 0
  },
  placementConstraint: { type: 'None', gpus: [] }
}
[2026-05-18 22:32:03] INFO (LocalV3.local) Created trial MN8vo
[2026-05-18 22:32:05] INFO (LocalV3.local) Trial parameter: MN8vo {"parameter_id": 35, "parameter_source": "algorithm", "parameters": {"model_type": "TCN", "units": 128, "num_layers": 2, "dropout": 0, "activation": "tanh", "lr": 0.0031249018829845755, "window_size": 15, "batch_size": 64, "epochs": 20, "kernel_size": 5, "attention_heads": 2}, "parameter_index": 0}
[2026-05-18 22:32:21] INFO (NNIManager) Trial job MN8vo status changed from RUNNING to SUCCEEDED
[2026-05-18 22:32:21] INFO (NNIManager) NNIManager received command from dispatcher: TR, {"parameter_id": 36, "parameter_source": "algorithm", "parameters": {"model_type": "MLP", "units": 16, "num_layers": 2, "dropout": 0.5, "activation": "tanh", "lr": 0.0017473758324380113, "window_size": 23, "batch_size": 64, "epochs": 5, "kernel_size": 5, "attention_heads": 4}, "parameter_index": 0}
[2026-05-18 22:32:21] INFO (NNIManager) submitTrialJob: form: {
  sequenceId: 36,
  hyperParameters: {
    value: '{"parameter_id": 36, "parameter_source": "algorithm", "parameters": {"model_type": "MLP", "units": 16, "num_layers": 2, "dropout": 0.5, "activation": "tanh", "lr": 0.0017473758324380113, "window_size": 23, "batch_size": 64, "epochs": 5, "kernel_size": 5, "attention_heads": 4}, "parameter_index": 0}',
    index: 0
  },
  placementConstraint: { type: 'None', gpus: [] }
}
[2026-05-18 22:32:21] INFO (LocalV3.local) Created trial rXown
[2026-05-18 22:32:24] INFO (LocalV3.local) Trial parameter: rXown {"parameter_id": 36, "parameter_source": "algorithm", "parameters": {"model_type": "MLP", "units": 16, "num_layers": 2, "dropout": 0.5, "activation": "tanh", "lr": 0.0017473758324380113, "window_size": 23, "batch_size": 64, "epochs": 5, "kernel_size": 5, "attention_heads": 4}, "parameter_index": 0}
[2026-05-18 22:32:27] INFO (NNIManager) Trial job rXown status changed from RUNNING to SUCCEEDED
[2026-05-18 22:32:27] INFO (NNIManager) NNIManager received command from dispatcher: TR, {"parameter_id": 37, "parameter_source": "algorithm", "parameters": {"model_type": "TCN", "units": 16, "num_layers": 1, "dropout": 0.1, "activation": "sigmoid", "lr": 0.00686912520365068, "window_size": 15, "batch_size": 64, "epochs": 15, "kernel_size": 7, "attention_heads": 2}, "parameter_index": 0}
[2026-05-18 22:32:27] INFO (NNIManager) submitTrialJob: form: {
  sequenceId: 37,
  hyperParameters: {
    value: '{"parameter_id": 37, "parameter_source": "algorithm", "parameters": {"model_type": "TCN", "units": 16, "num_layers": 1, "dropout": 0.1, "activation": "sigmoid", "lr": 0.00686912520365068, "window_size": 15, "batch_size": 64, "epochs": 15, "kernel_size": 7, "attention_heads": 2}, "parameter_index": 0}',
    index: 0
  },
  placementConstraint: { type: 'None', gpus: [] }
}
[2026-05-18 22:32:27] INFO (LocalV3.local) Created trial OFs4J
[2026-05-18 22:32:29] INFO (LocalV3.local) Trial parameter: OFs4J {"parameter_id": 37, "parameter_source": "algorithm", "parameters": {"model_type": "TCN", "units": 16, "num_layers": 1, "dropout": 0.1, "activation": "sigmoid", "lr": 0.00686912520365068, "window_size": 15, "batch_size": 64, "epochs": 15, "kernel_size": 7, "attention_heads": 2}, "parameter_index": 0}
[2026-05-18 22:32:35] INFO (NNIManager) Trial job OFs4J status changed from RUNNING to SUCCEEDED
[2026-05-18 22:32:35] INFO (NNIManager) NNIManager received command from dispatcher: TR, {"parameter_id": 38, "parameter_source": "algorithm", "parameters": {"model_type": "MLP", "units": 128, "num_layers": 1, "dropout": 0.5, "activation": "tanh", "lr": 0.0024826235950717694, "window_size": 15, "batch_size": 64, "epochs": 5, "kernel_size": 5, "attention_heads": 4}, "parameter_index": 0}
[2026-05-18 22:32:35] INFO (NNIManager) submitTrialJob: form: {
  sequenceId: 38,
  hyperParameters: {
    value: '{"parameter_id": 38, "parameter_source": "algorithm", "parameters": {"model_type": "MLP", "units": 128, "num_layers": 1, "dropout": 0.5, "activation": "tanh", "lr": 0.0024826235950717694, "window_size": 15, "batch_size": 64, "epochs": 5, "kernel_size": 5, "attention_heads": 4}, "parameter_index": 0}',
    index: 0
  },
  placementConstraint: { type: 'None', gpus: [] }
}
[2026-05-18 22:32:35] INFO (LocalV3.local) Created trial MFXK4
[2026-05-18 22:32:37] INFO (LocalV3.local) Trial parameter: MFXK4 {"parameter_id": 38, "parameter_source": "algorithm", "parameters": {"model_type": "MLP", "units": 128, "num_layers": 1, "dropout": 0.5, "activation": "tanh", "lr": 0.0024826235950717694, "window_size": 15, "batch_size": 64, "epochs": 5, "kernel_size": 5, "attention_heads": 4}, "parameter_index": 0}
[2026-05-18 22:32:39] INFO (NNIManager) Trial job MFXK4 status changed from RUNNING to SUCCEEDED
[2026-05-18 22:32:40] INFO (NNIManager) NNIManager received command from dispatcher: TR, {"parameter_id": 39, "parameter_source": "algorithm", "parameters": {"model_type": "MLP", "units": 16, "num_layers": 2, "dropout": 0.5, "activation": "tanh", "lr": 0.001015195434969993, "window_size": 16, "batch_size": 64, "epochs": 5, "kernel_size": 3, "attention_heads": 4}, "parameter_index": 0}
[2026-05-18 22:32:40] INFO (NNIManager) submitTrialJob: form: {
  sequenceId: 39,
  hyperParameters: {
    value: '{"parameter_id": 39, "parameter_source": "algorithm", "parameters": {"model_type": "MLP", "units": 16, "num_layers": 2, "dropout": 0.5, "activation": "tanh", "lr": 0.001015195434969993, "window_size": 16, "batch_size": 64, "epochs": 5, "kernel_size": 3, "attention_heads": 4}, "parameter_index": 0}',
    index: 0
  },
  placementConstraint: { type: 'None', gpus: [] }
}
[2026-05-18 22:32:40] INFO (LocalV3.local) Created trial ghoVo
[2026-05-18 22:32:42] INFO (LocalV3.local) Trial parameter: ghoVo {"parameter_id": 39, "parameter_source": "algorithm", "parameters": {"model_type": "MLP", "units": 16, "num_layers": 2, "dropout": 0.5, "activation": "tanh", "lr": 0.001015195434969993, "window_size": 16, "batch_size": 64, "epochs": 5, "kernel_size": 3, "attention_heads": 4}, "parameter_index": 0}
[2026-05-18 22:32:45] INFO (NNIManager) Trial job ghoVo status changed from RUNNING to SUCCEEDED
[2026-05-18 22:32:45] INFO (NNIManager) NNIManager received command from dispatcher: TR, {"parameter_id": 40, "parameter_source": "algorithm", "parameters": {"model_type": "MLP", "units": 16, "num_layers": 2, "dropout": 0.5, "activation": "tanh", "lr": 0.00290272483221027, "window_size": 15, "batch_size": 32, "epochs": 5, "kernel_size": 5, "attention_heads": 4}, "parameter_index": 0}
[2026-05-18 22:32:45] INFO (NNIManager) submitTrialJob: form: {
  sequenceId: 40,
  hyperParameters: {
    value: '{"parameter_id": 40, "parameter_source": "algorithm", "parameters": {"model_type": "MLP", "units": 16, "num_layers": 2, "dropout": 0.5, "activation": "tanh", "lr": 0.00290272483221027, "window_size": 15, "batch_size": 32, "epochs": 5, "kernel_size": 5, "attention_heads": 4}, "parameter_index": 0}',
    index: 0
  },
  placementConstraint: { type: 'None', gpus: [] }
}
[2026-05-18 22:32:45] INFO (LocalV3.local) Created trial mixia
[2026-05-18 22:32:47] INFO (LocalV3.local) Trial parameter: mixia {"parameter_id": 40, "parameter_source": "algorithm", "parameters": {"model_type": "MLP", "units": 16, "num_layers": 2, "dropout": 0.5, "activation": "tanh", "lr": 0.00290272483221027, "window_size": 15, "batch_size": 32, "epochs": 5, "kernel_size": 5, "attention_heads": 4}, "parameter_index": 0}
[2026-05-18 22:32:51] INFO (NNIManager) Trial job mixia status changed from RUNNING to SUCCEEDED
[2026-05-18 22:32:51] INFO (NNIManager) NNIManager received command from dispatcher: TR, {"parameter_id": 41, "parameter_source": "algorithm", "parameters": {"model_type": "TCN", "units": 128, "num_layers": 2, "dropout": 0.5, "activation": "tanh", "lr": 0.0027342000934421273, "window_size": 15, "batch_size": 64, "epochs": 20, "kernel_size": 5, "attention_heads": 2}, "parameter_index": 0}
[2026-05-18 22:32:51] INFO (NNIManager) submitTrialJob: form: {
  sequenceId: 41,
  hyperParameters: {
    value: '{"parameter_id": 41, "parameter_source": "algorithm", "parameters": {"model_type": "TCN", "units": 128, "num_layers": 2, "dropout": 0.5, "activation": "tanh", "lr": 0.0027342000934421273, "window_size": 15, "batch_size": 64, "epochs": 20, "kernel_size": 5, "attention_heads": 2}, "parameter_index": 0}',
    index: 0
  },
  placementConstraint: { type: 'None', gpus: [] }
}
[2026-05-18 22:32:51] INFO (LocalV3.local) Created trial zQxth
[2026-05-18 22:32:53] INFO (LocalV3.local) Trial parameter: zQxth {"parameter_id": 41, "parameter_source": "algorithm", "parameters": {"model_type": "TCN", "units": 128, "num_layers": 2, "dropout": 0.5, "activation": "tanh", "lr": 0.0027342000934421273, "window_size": 15, "batch_size": 64, "epochs": 20, "kernel_size": 5, "attention_heads": 2}, "parameter_index": 0}
[2026-05-18 22:33:07] INFO (NNIManager) Trial job zQxth status changed from RUNNING to SUCCEEDED
[2026-05-18 22:33:07] INFO (NNIManager) NNIManager received command from dispatcher: TR, {"parameter_id": 42, "parameter_source": "algorithm", "parameters": {"model_type": "MLP", "units": 128, "num_layers": 2, "dropout": 0.5, "activation": "elu", "lr": 0.002611384163220704, "window_size": 15, "batch_size": 64, "epochs": 15, "kernel_size": 5, "attention_heads": 4}, "parameter_index": 0}
[2026-05-18 22:33:08] INFO (NNIManager) submitTrialJob: form: {
  sequenceId: 42,
  hyperParameters: {
    value: '{"parameter_id": 42, "parameter_source": "algorithm", "parameters": {"model_type": "MLP", "units": 128, "num_layers": 2, "dropout": 0.5, "activation": "elu", "lr": 0.002611384163220704, "window_size": 15, "batch_size": 64, "epochs": 15, "kernel_size": 5, "attention_heads": 4}, "parameter_index": 0}',
    index: 0
  },
  placementConstraint: { type: 'None', gpus: [] }
}
[2026-05-18 22:33:08] INFO (LocalV3.local) Created trial wLWDH
[2026-05-18 22:33:10] INFO (LocalV3.local) Trial parameter: wLWDH {"parameter_id": 42, "parameter_source": "algorithm", "parameters": {"model_type": "MLP", "units": 128, "num_layers": 2, "dropout": 0.5, "activation": "elu", "lr": 0.002611384163220704, "window_size": 15, "batch_size": 64, "epochs": 15, "kernel_size": 5, "attention_heads": 4}, "parameter_index": 0}
[2026-05-18 22:33:16] INFO (NNIManager) Trial job wLWDH status changed from RUNNING to SUCCEEDED
[2026-05-18 22:33:16] INFO (NNIManager) NNIManager received command from dispatcher: TR, {"parameter_id": 43, "parameter_source": "algorithm", "parameters": {"model_type": "Transformer", "units": 64, "num_layers": 2, "dropout": 0.5, "activation": "elu", "lr": 0.0012009351799790113, "window_size": 15, "batch_size": 64, "epochs": 5, "kernel_size": 5, "attention_heads": 4}, "parameter_index": 0}
[2026-05-18 22:33:16] INFO (NNIManager) submitTrialJob: form: {
  sequenceId: 43,
  hyperParameters: {
    value: '{"parameter_id": 43, "parameter_source": "algorithm", "parameters": {"model_type": "Transformer", "units": 64, "num_layers": 2, "dropout": 0.5, "activation": "elu", "lr": 0.0012009351799790113, "window_size": 15, "batch_size": 64, "epochs": 5, "kernel_size": 5, "attention_heads": 4}, "parameter_index": 0}',
    index: 0
  },
  placementConstraint: { type: 'None', gpus: [] }
}
[2026-05-18 22:33:16] INFO (LocalV3.local) Created trial o0Ih8
[2026-05-18 22:33:19] INFO (LocalV3.local) Trial parameter: o0Ih8 {"parameter_id": 43, "parameter_source": "algorithm", "parameters": {"model_type": "Transformer", "units": 64, "num_layers": 2, "dropout": 0.5, "activation": "elu", "lr": 0.0012009351799790113, "window_size": 15, "batch_size": 64, "epochs": 5, "kernel_size": 5, "attention_heads": 4}, "parameter_index": 0}
[2026-05-18 22:33:33] INFO (NNIManager) Trial job o0Ih8 status changed from RUNNING to SUCCEEDED
[2026-05-18 22:33:33] INFO (NNIManager) NNIManager received command from dispatcher: TR, {"parameter_id": 44, "parameter_source": "algorithm", "parameters": {"model_type": "CNN", "units": 16, "num_layers": 2, "dropout": 0.5, "activation": "tanh", "lr": 0.0025344279899326147, "window_size": 15, "batch_size": 64, "epochs": 5, "kernel_size": 5, "attention_heads": 4}, "parameter_index": 0}
[2026-05-18 22:33:33] INFO (NNIManager) submitTrialJob: form: {
  sequenceId: 44,
  hyperParameters: {
    value: '{"parameter_id": 44, "parameter_source": "algorithm", "parameters": {"model_type": "CNN", "units": 16, "num_layers": 2, "dropout": 0.5, "activation": "tanh", "lr": 0.0025344279899326147, "window_size": 15, "batch_size": 64, "epochs": 5, "kernel_size": 5, "attention_heads": 4}, "parameter_index": 0}',
    index: 0
  },
  placementConstraint: { type: 'None', gpus: [] }
}
[2026-05-18 22:33:33] INFO (LocalV3.local) Created trial vdUtD
[2026-05-18 22:33:35] INFO (LocalV3.local) Trial parameter: vdUtD {"parameter_id": 44, "parameter_source": "algorithm", "parameters": {"model_type": "CNN", "units": 16, "num_layers": 2, "dropout": 0.5, "activation": "tanh", "lr": 0.0025344279899326147, "window_size": 15, "batch_size": 64, "epochs": 5, "kernel_size": 5, "attention_heads": 4}, "parameter_index": 0}
[2026-05-18 22:33:38] INFO (NNIManager) Trial job vdUtD status changed from RUNNING to SUCCEEDED
[2026-05-18 22:33:38] INFO (NNIManager) NNIManager received command from dispatcher: TR, {"parameter_id": 45, "parameter_source": "algorithm", "parameters": {"model_type": "MLP", "units": 128, "num_layers": 2, "dropout": 0.5, "activation": "tanh", "lr": 0.0010971389699013323, "window_size": 15, "batch_size": 64, "epochs": 5, "kernel_size": 5, "attention_heads": 4}, "parameter_index": 0}
[2026-05-18 22:33:39] INFO (NNIManager) submitTrialJob: form: {
  sequenceId: 45,
  hyperParameters: {
    value: '{"parameter_id": 45, "parameter_source": "algorithm", "parameters": {"model_type": "MLP", "units": 128, "num_layers": 2, "dropout": 0.5, "activation": "tanh", "lr": 0.0010971389699013323, "window_size": 15, "batch_size": 64, "epochs": 5, "kernel_size": 5, "attention_heads": 4}, "parameter_index": 0}',
    index: 0
  },
  placementConstraint: { type: 'None', gpus: [] }
}
[2026-05-18 22:33:39] INFO (LocalV3.local) Created trial SeNLK
[2026-05-18 22:33:41] INFO (LocalV3.local) Trial parameter: SeNLK {"parameter_id": 45, "parameter_source": "algorithm", "parameters": {"model_type": "MLP", "units": 128, "num_layers": 2, "dropout": 0.5, "activation": "tanh", "lr": 0.0010971389699013323, "window_size": 15, "batch_size": 64, "epochs": 5, "kernel_size": 5, "attention_heads": 4}, "parameter_index": 0}
[2026-05-18 22:33:44] INFO (NNIManager) Trial job SeNLK status changed from RUNNING to SUCCEEDED
[2026-05-18 22:33:44] INFO (NNIManager) NNIManager received command from dispatcher: TR, {"parameter_id": 46, "parameter_source": "algorithm", "parameters": {"model_type": "MLP", "units": 128, "num_layers": 2, "dropout": 0.5, "activation": "relu", "lr": 0.0018167125089206073, "window_size": 15, "batch_size": 16, "epochs": 5, "kernel_size": 5, "attention_heads": 8}, "parameter_index": 0}
[2026-05-18 22:33:45] INFO (NNIManager) submitTrialJob: form: {
  sequenceId: 46,
  hyperParameters: {
    value: '{"parameter_id": 46, "parameter_source": "algorithm", "parameters": {"model_type": "MLP", "units": 128, "num_layers": 2, "dropout": 0.5, "activation": "relu", "lr": 0.0018167125089206073, "window_size": 15, "batch_size": 16, "epochs": 5, "kernel_size": 5, "attention_heads": 8}, "parameter_index": 0}',
    index: 0
  },
  placementConstraint: { type: 'None', gpus: [] }
}
[2026-05-18 22:33:45] INFO (LocalV3.local) Created trial pZwMQ
[2026-05-18 22:33:47] INFO (LocalV3.local) Trial parameter: pZwMQ {"parameter_id": 46, "parameter_source": "algorithm", "parameters": {"model_type": "MLP", "units": 128, "num_layers": 2, "dropout": 0.5, "activation": "relu", "lr": 0.0018167125089206073, "window_size": 15, "batch_size": 16, "epochs": 5, "kernel_size": 5, "attention_heads": 8}, "parameter_index": 0}
[2026-05-18 22:33:51] INFO (NNIManager) Trial job pZwMQ status changed from RUNNING to SUCCEEDED
[2026-05-18 22:33:51] INFO (NNIManager) NNIManager received command from dispatcher: TR, {"parameter_id": 47, "parameter_source": "algorithm", "parameters": {"model_type": "MLP", "units": 128, "num_layers": 2, "dropout": 0, "activation": "tanh", "lr": 0.0022403517288924163, "window_size": 15, "batch_size": 64, "epochs": 15, "kernel_size": 5, "attention_heads": 4}, "parameter_index": 0}
[2026-05-18 22:33:51] INFO (NNIManager) submitTrialJob: form: {
  sequenceId: 47,
  hyperParameters: {
    value: '{"parameter_id": 47, "parameter_source": "algorithm", "parameters": {"model_type": "MLP", "units": 128, "num_layers": 2, "dropout": 0, "activation": "tanh", "lr": 0.0022403517288924163, "window_size": 15, "batch_size": 64, "epochs": 15, "kernel_size": 5, "attention_heads": 4}, "parameter_index": 0}',
    index: 0
  },
  placementConstraint: { type: 'None', gpus: [] }
}
[2026-05-18 22:33:51] INFO (LocalV3.local) Created trial VC7H5
[2026-05-18 22:33:53] INFO (LocalV3.local) Trial parameter: VC7H5 {"parameter_id": 47, "parameter_source": "algorithm", "parameters": {"model_type": "MLP", "units": 128, "num_layers": 2, "dropout": 0, "activation": "tanh", "lr": 0.0022403517288924163, "window_size": 15, "batch_size": 64, "epochs": 15, "kernel_size": 5, "attention_heads": 4}, "parameter_index": 0}
[2026-05-18 22:34:01] INFO (NNIManager) Trial job VC7H5 status changed from RUNNING to SUCCEEDED
[2026-05-18 22:34:01] INFO (NNIManager) NNIManager received command from dispatcher: TR, {"parameter_id": 48, "parameter_source": "algorithm", "parameters": {"model_type": "TCN", "units": 128, "num_layers": 1, "dropout": 0.5, "activation": "tanh", "lr": 0.004459937076299041, "window_size": 15, "batch_size": 64, "epochs": 20, "kernel_size": 7, "attention_heads": 4}, "parameter_index": 0}
[2026-05-18 22:34:02] INFO (NNIManager) submitTrialJob: form: {
  sequenceId: 48,
  hyperParameters: {
    value: '{"parameter_id": 48, "parameter_source": "algorithm", "parameters": {"model_type": "TCN", "units": 128, "num_layers": 1, "dropout": 0.5, "activation": "tanh", "lr": 0.004459937076299041, "window_size": 15, "batch_size": 64, "epochs": 20, "kernel_size": 7, "attention_heads": 4}, "parameter_index": 0}',
    index: 0
  },
  placementConstraint: { type: 'None', gpus: [] }
}
[2026-05-18 22:34:02] INFO (LocalV3.local) Created trial HtORn
[2026-05-18 22:34:05] INFO (LocalV3.local) Trial parameter: HtORn {"parameter_id": 48, "parameter_source": "algorithm", "parameters": {"model_type": "TCN", "units": 128, "num_layers": 1, "dropout": 0.5, "activation": "tanh", "lr": 0.004459937076299041, "window_size": 15, "batch_size": 64, "epochs": 20, "kernel_size": 7, "attention_heads": 4}, "parameter_index": 0}
[2026-05-18 22:34:17] INFO (NNIManager) Trial job HtORn status changed from RUNNING to SUCCEEDED
[2026-05-18 22:34:17] INFO (NNIManager) NNIManager received command from dispatcher: TR, {"parameter_id": 49, "parameter_source": "algorithm", "parameters": {"model_type": "MLP", "units": 128, "num_layers": 2, "dropout": 0.2, "activation": "tanh", "lr": 0.001183484504521599, "window_size": 30, "batch_size": 64, "epochs": 5, "kernel_size": 5, "attention_heads": 4}, "parameter_index": 0}
[2026-05-18 22:34:18] INFO (NNIManager) submitTrialJob: form: {
  sequenceId: 49,
  hyperParameters: {
    value: '{"parameter_id": 49, "parameter_source": "algorithm", "parameters": {"model_type": "MLP", "units": 128, "num_layers": 2, "dropout": 0.2, "activation": "tanh", "lr": 0.001183484504521599, "window_size": 30, "batch_size": 64, "epochs": 5, "kernel_size": 5, "attention_heads": 4}, "parameter_index": 0}',
    index: 0
  },
  placementConstraint: { type: 'None', gpus: [] }
}
[2026-05-18 22:34:18] INFO (LocalV3.local) Created trial a02Ry
[2026-05-18 22:34:20] INFO (LocalV3.local) Trial parameter: a02Ry {"parameter_id": 49, "parameter_source": "algorithm", "parameters": {"model_type": "MLP", "units": 128, "num_layers": 2, "dropout": 0.2, "activation": "tanh", "lr": 0.001183484504521599, "window_size": 30, "batch_size": 64, "epochs": 5, "kernel_size": 5, "attention_heads": 4}, "parameter_index": 0}
[2026-05-18 22:34:23] INFO (NNIManager) Trial job a02Ry status changed from RUNNING to SUCCEEDED
[2026-05-18 22:34:23] INFO (NNIManager) NNIManager received command from dispatcher: TR, {"parameter_id": 50, "parameter_source": "algorithm", "parameters": {"model_type": "TCN", "units": 128, "num_layers": 2, "dropout": 0.5, "activation": "tanh", "lr": 0.003273637308322725, "window_size": 15, "batch_size": 128, "epochs": 20, "kernel_size": 5, "attention_heads": 2}, "parameter_index": 0}
[2026-05-18 22:34:23] INFO (NNIManager) submitTrialJob: form: {
  sequenceId: 50,
  hyperParameters: {
    value: '{"parameter_id": 50, "parameter_source": "algorithm", "parameters": {"model_type": "TCN", "units": 128, "num_layers": 2, "dropout": 0.5, "activation": "tanh", "lr": 0.003273637308322725, "window_size": 15, "batch_size": 128, "epochs": 20, "kernel_size": 5, "attention_heads": 2}, "parameter_index": 0}',
    index: 0
  },
  placementConstraint: { type: 'None', gpus: [] }
}
[2026-05-18 22:34:23] INFO (LocalV3.local) Created trial C5QBy
[2026-05-18 22:34:25] INFO (LocalV3.local) Trial parameter: C5QBy {"parameter_id": 50, "parameter_source": "algorithm", "parameters": {"model_type": "TCN", "units": 128, "num_layers": 2, "dropout": 0.5, "activation": "tanh", "lr": 0.003273637308322725, "window_size": 15, "batch_size": 128, "epochs": 20, "kernel_size": 5, "attention_heads": 2}, "parameter_index": 0}
[2026-05-18 22:34:38] INFO (NNIManager) Trial job C5QBy status changed from RUNNING to SUCCEEDED
[2026-05-18 22:34:38] INFO (NNIManager) NNIManager received command from dispatcher: TR, {"parameter_id": 51, "parameter_source": "algorithm", "parameters": {"model_type": "MLP", "units": 128, "num_layers": 2, "dropout": 0.5, "activation": "tanh", "lr": 0.0013727470054252064, "window_size": 15, "batch_size": 64, "epochs": 5, "kernel_size": 5, "attention_heads": 4}, "parameter_index": 0}
[2026-05-18 22:34:38] INFO (NNIManager) submitTrialJob: form: {
  sequenceId: 51,
  hyperParameters: {
    value: '{"parameter_id": 51, "parameter_source": "algorithm", "parameters": {"model_type": "MLP", "units": 128, "num_layers": 2, "dropout": 0.5, "activation": "tanh", "lr": 0.0013727470054252064, "window_size": 15, "batch_size": 64, "epochs": 5, "kernel_size": 5, "attention_heads": 4}, "parameter_index": 0}',
    index: 0
  },
  placementConstraint: { type: 'None', gpus: [] }
}
[2026-05-18 22:34:38] INFO (LocalV3.local) Created trial DUYvZ
[2026-05-18 22:34:41] INFO (LocalV3.local) Trial parameter: DUYvZ {"parameter_id": 51, "parameter_source": "algorithm", "parameters": {"model_type": "MLP", "units": 128, "num_layers": 2, "dropout": 0.5, "activation": "tanh", "lr": 0.0013727470054252064, "window_size": 15, "batch_size": 64, "epochs": 5, "kernel_size": 5, "attention_heads": 4}, "parameter_index": 0}
[2026-05-18 22:34:43] INFO (NNIManager) Trial job DUYvZ status changed from RUNNING to SUCCEEDED
[2026-05-18 22:34:43] INFO (NNIManager) NNIManager received command from dispatcher: TR, {"parameter_id": 52, "parameter_source": "algorithm", "parameters": {"model_type": "MLP", "units": 128, "num_layers": 2, "dropout": 0.5, "activation": "tanh", "lr": 0.0029392534789476387, "window_size": 15, "batch_size": 64, "epochs": 5, "kernel_size": 5, "attention_heads": 4}, "parameter_index": 0}
[2026-05-18 22:34:44] INFO (NNIManager) submitTrialJob: form: {
  sequenceId: 52,
  hyperParameters: {
    value: '{"parameter_id": 52, "parameter_source": "algorithm", "parameters": {"model_type": "MLP", "units": 128, "num_layers": 2, "dropout": 0.5, "activation": "tanh", "lr": 0.0029392534789476387, "window_size": 15, "batch_size": 64, "epochs": 5, "kernel_size": 5, "attention_heads": 4}, "parameter_index": 0}',
    index: 0
  },
  placementConstraint: { type: 'None', gpus: [] }
}
[2026-05-18 22:34:44] INFO (LocalV3.local) Created trial vpf14
[2026-05-18 22:34:46] INFO (LocalV3.local) Trial parameter: vpf14 {"parameter_id": 52, "parameter_source": "algorithm", "parameters": {"model_type": "MLP", "units": 128, "num_layers": 2, "dropout": 0.5, "activation": "tanh", "lr": 0.0029392534789476387, "window_size": 15, "batch_size": 64, "epochs": 5, "kernel_size": 5, "attention_heads": 4}, "parameter_index": 0}
[2026-05-18 22:34:49] INFO (NNIManager) Trial job vpf14 status changed from RUNNING to SUCCEEDED
[2026-05-18 22:34:49] INFO (NNIManager) NNIManager received command from dispatcher: TR, {"parameter_id": 53, "parameter_source": "algorithm", "parameters": {"model_type": "TCN", "units": 128, "num_layers": 2, "dropout": 0.5, "activation": "sigmoid", "lr": 0.003614628115990746, "window_size": 13, "batch_size": 64, "epochs": 10, "kernel_size": 5, "attention_heads": 2}, "parameter_index": 0}
[2026-05-18 22:34:50] INFO (NNIManager) submitTrialJob: form: {
  sequenceId: 53,
  hyperParameters: {
    value: '{"parameter_id": 53, "parameter_source": "algorithm", "parameters": {"model_type": "TCN", "units": 128, "num_layers": 2, "dropout": 0.5, "activation": "sigmoid", "lr": 0.003614628115990746, "window_size": 13, "batch_size": 64, "epochs": 10, "kernel_size": 5, "attention_heads": 2}, "parameter_index": 0}',
    index: 0
  },
  placementConstraint: { type: 'None', gpus: [] }
}
[2026-05-18 22:34:50] INFO (LocalV3.local) Created trial lZo4D
[2026-05-18 22:34:52] INFO (LocalV3.local) Trial parameter: lZo4D {"parameter_id": 53, "parameter_source": "algorithm", "parameters": {"model_type": "TCN", "units": 128, "num_layers": 2, "dropout": 0.5, "activation": "sigmoid", "lr": 0.003614628115990746, "window_size": 13, "batch_size": 64, "epochs": 10, "kernel_size": 5, "attention_heads": 2}, "parameter_index": 0}
[2026-05-18 22:35:01] INFO (NNIManager) Trial job lZo4D status changed from RUNNING to SUCCEEDED
[2026-05-18 22:35:01] INFO (NNIManager) NNIManager received command from dispatcher: TR, {"parameter_id": 54, "parameter_source": "algorithm", "parameters": {"model_type": "MLP", "units": 128, "num_layers": 2, "dropout": 0.5, "activation": "tanh", "lr": 0.0019094638836912152, "window_size": 15, "batch_size": 64, "epochs": 5, "kernel_size": 5, "attention_heads": 4}, "parameter_index": 0}
[2026-05-18 22:35:02] INFO (NNIManager) submitTrialJob: form: {
  sequenceId: 54,
  hyperParameters: {
    value: '{"parameter_id": 54, "parameter_source": "algorithm", "parameters": {"model_type": "MLP", "units": 128, "num_layers": 2, "dropout": 0.5, "activation": "tanh", "lr": 0.0019094638836912152, "window_size": 15, "batch_size": 64, "epochs": 5, "kernel_size": 5, "attention_heads": 4}, "parameter_index": 0}',
    index: 0
  },
  placementConstraint: { type: 'None', gpus: [] }
}
[2026-05-18 22:35:02] INFO (LocalV3.local) Created trial bT6CE
[2026-05-18 22:35:03] INFO (LocalV3.local) Trial parameter: bT6CE {"parameter_id": 54, "parameter_source": "algorithm", "parameters": {"model_type": "MLP", "units": 128, "num_layers": 2, "dropout": 0.5, "activation": "tanh", "lr": 0.0019094638836912152, "window_size": 15, "batch_size": 64, "epochs": 5, "kernel_size": 5, "attention_heads": 4}, "parameter_index": 0}
[2026-05-18 22:35:06] INFO (NNIManager) Trial job bT6CE status changed from RUNNING to SUCCEEDED
[2026-05-18 22:35:06] INFO (NNIManager) NNIManager received command from dispatcher: TR, {"parameter_id": 55, "parameter_source": "algorithm", "parameters": {"model_type": "MLP", "units": 128, "num_layers": 2, "dropout": 0.5, "activation": "tanh", "lr": 0.0013621068423966898, "window_size": 15, "batch_size": 64, "epochs": 5, "kernel_size": 5, "attention_heads": 4}, "parameter_index": 0}
[2026-05-18 22:35:07] INFO (NNIManager) submitTrialJob: form: {
  sequenceId: 55,
  hyperParameters: {
    value: '{"parameter_id": 55, "parameter_source": "algorithm", "parameters": {"model_type": "MLP", "units": 128, "num_layers": 2, "dropout": 0.5, "activation": "tanh", "lr": 0.0013621068423966898, "window_size": 15, "batch_size": 64, "epochs": 5, "kernel_size": 5, "attention_heads": 4}, "parameter_index": 0}',
    index: 0
  },
  placementConstraint: { type: 'None', gpus: [] }
}
[2026-05-18 22:35:07] INFO (LocalV3.local) Created trial bamNN
[2026-05-18 22:35:08] INFO (LocalV3.local) Trial parameter: bamNN {"parameter_id": 55, "parameter_source": "algorithm", "parameters": {"model_type": "MLP", "units": 128, "num_layers": 2, "dropout": 0.5, "activation": "tanh", "lr": 0.0013621068423966898, "window_size": 15, "batch_size": 64, "epochs": 5, "kernel_size": 5, "attention_heads": 4}, "parameter_index": 0}
[2026-05-18 22:35:11] INFO (NNIManager) Trial job bamNN status changed from RUNNING to SUCCEEDED
[2026-05-18 22:35:11] INFO (NNIManager) NNIManager received command from dispatcher: TR, {"parameter_id": 56, "parameter_source": "algorithm", "parameters": {"model_type": "TCN", "units": 16, "num_layers": 2, "dropout": 0.5, "activation": "tanh", "lr": 0.003958131732116929, "window_size": 15, "batch_size": 64, "epochs": 20, "kernel_size": 5, "attention_heads": 2}, "parameter_index": 0}
[2026-05-18 22:35:12] INFO (NNIManager) submitTrialJob: form: {
  sequenceId: 56,
  hyperParameters: {
    value: '{"parameter_id": 56, "parameter_source": "algorithm", "parameters": {"model_type": "TCN", "units": 16, "num_layers": 2, "dropout": 0.5, "activation": "tanh", "lr": 0.003958131732116929, "window_size": 15, "batch_size": 64, "epochs": 20, "kernel_size": 5, "attention_heads": 2}, "parameter_index": 0}',
    index: 0
  },
  placementConstraint: { type: 'None', gpus: [] }
}
[2026-05-18 22:35:12] INFO (LocalV3.local) Created trial DJ9KS
[2026-05-18 22:35:14] INFO (LocalV3.local) Trial parameter: DJ9KS {"parameter_id": 56, "parameter_source": "algorithm", "parameters": {"model_type": "TCN", "units": 16, "num_layers": 2, "dropout": 0.5, "activation": "tanh", "lr": 0.003958131732116929, "window_size": 15, "batch_size": 64, "epochs": 20, "kernel_size": 5, "attention_heads": 2}, "parameter_index": 0}
[2026-05-18 22:35:21] INFO (NNIManager) Trial job DJ9KS status changed from RUNNING to SUCCEEDED
[2026-05-18 22:35:21] INFO (NNIManager) NNIManager received command from dispatcher: TR, {"parameter_id": 57, "parameter_source": "algorithm", "parameters": {"model_type": "TCN", "units": 128, "num_layers": 2, "dropout": 0.5, "activation": "tanh", "lr": 0.006664460835563436, "window_size": 15, "batch_size": 64, "epochs": 20, "kernel_size": 5, "attention_heads": 4}, "parameter_index": 0}
[2026-05-18 22:35:21] INFO (NNIManager) submitTrialJob: form: {
  sequenceId: 57,
  hyperParameters: {
    value: '{"parameter_id": 57, "parameter_source": "algorithm", "parameters": {"model_type": "TCN", "units": 128, "num_layers": 2, "dropout": 0.5, "activation": "tanh", "lr": 0.006664460835563436, "window_size": 15, "batch_size": 64, "epochs": 20, "kernel_size": 5, "attention_heads": 4}, "parameter_index": 0}',
    index: 0
  },
  placementConstraint: { type: 'None', gpus: [] }
}
[2026-05-18 22:35:21] INFO (LocalV3.local) Created trial hEgpR
[2026-05-18 22:35:23] INFO (LocalV3.local) Trial parameter: hEgpR {"parameter_id": 57, "parameter_source": "algorithm", "parameters": {"model_type": "TCN", "units": 128, "num_layers": 2, "dropout": 0.5, "activation": "tanh", "lr": 0.006664460835563436, "window_size": 15, "batch_size": 64, "epochs": 20, "kernel_size": 5, "attention_heads": 4}, "parameter_index": 0}
[2026-05-18 22:35:37] INFO (NNIManager) Trial job hEgpR status changed from RUNNING to SUCCEEDED
[2026-05-18 22:35:37] INFO (NNIManager) NNIManager received command from dispatcher: TR, {"parameter_id": 58, "parameter_source": "algorithm", "parameters": {"model_type": "CNN", "units": 128, "num_layers": 2, "dropout": 0.5, "activation": "tanh", "lr": 0.001510378705511035, "window_size": 15, "batch_size": 32, "epochs": 10, "kernel_size": 7, "attention_heads": 4}, "parameter_index": 0}
[2026-05-18 22:35:37] INFO (NNIManager) submitTrialJob: form: {
  sequenceId: 58,
  hyperParameters: {
    value: '{"parameter_id": 58, "parameter_source": "algorithm", "parameters": {"model_type": "CNN", "units": 128, "num_layers": 2, "dropout": 0.5, "activation": "tanh", "lr": 0.001510378705511035, "window_size": 15, "batch_size": 32, "epochs": 10, "kernel_size": 7, "attention_heads": 4}, "parameter_index": 0}',
    index: 0
  },
  placementConstraint: { type: 'None', gpus: [] }
}
[2026-05-18 22:35:37] INFO (LocalV3.local) Created trial tazNl
[2026-05-18 22:35:39] INFO (LocalV3.local) Trial parameter: tazNl {"parameter_id": 58, "parameter_source": "algorithm", "parameters": {"model_type": "CNN", "units": 128, "num_layers": 2, "dropout": 0.5, "activation": "tanh", "lr": 0.001510378705511035, "window_size": 15, "batch_size": 32, "epochs": 10, "kernel_size": 7, "attention_heads": 4}, "parameter_index": 0}
[2026-05-18 22:35:48] INFO (NNIManager) Trial job tazNl status changed from RUNNING to SUCCEEDED
[2026-05-18 22:35:48] INFO (NNIManager) NNIManager received command from dispatcher: TR, {"parameter_id": 59, "parameter_source": "algorithm", "parameters": {"model_type": "MLP", "units": 128, "num_layers": 2, "dropout": 0.5, "activation": "tanh", "lr": 0.0011544118561395045, "window_size": 15, "batch_size": 128, "epochs": 5, "kernel_size": 2, "attention_heads": 4}, "parameter_index": 0}
[2026-05-18 22:35:49] INFO (NNIManager) submitTrialJob: form: {
  sequenceId: 59,
  hyperParameters: {
    value: '{"parameter_id": 59, "parameter_source": "algorithm", "parameters": {"model_type": "MLP", "units": 128, "num_layers": 2, "dropout": 0.5, "activation": "tanh", "lr": 0.0011544118561395045, "window_size": 15, "batch_size": 128, "epochs": 5, "kernel_size": 2, "attention_heads": 4}, "parameter_index": 0}',
    index: 0
  },
  placementConstraint: { type: 'None', gpus: [] }
}
[2026-05-18 22:35:49] INFO (LocalV3.local) Created trial aVMNN
[2026-05-18 22:35:51] INFO (LocalV3.local) Trial parameter: aVMNN {"parameter_id": 59, "parameter_source": "algorithm", "parameters": {"model_type": "MLP", "units": 128, "num_layers": 2, "dropout": 0.5, "activation": "tanh", "lr": 0.0011544118561395045, "window_size": 15, "batch_size": 128, "epochs": 5, "kernel_size": 2, "attention_heads": 4}, "parameter_index": 0}
[2026-05-18 22:35:54] INFO (NNIManager) Trial job aVMNN status changed from RUNNING to SUCCEEDED
[2026-05-18 22:35:54] INFO (NNIManager) NNIManager received command from dispatcher: TR, {"parameter_id": 60, "parameter_source": "algorithm", "parameters": {"model_type": "MLP", "units": 16, "num_layers": 1, "dropout": 0.2, "activation": "sigmoid", "lr": 0.002755720955164724, "window_size": 15, "batch_size": 64, "epochs": 20, "kernel_size": 5, "attention_heads": 2}, "parameter_index": 0}
[2026-05-18 22:35:54] INFO (NNIManager) submitTrialJob: form: {
  sequenceId: 60,
  hyperParameters: {
    value: '{"parameter_id": 60, "parameter_source": "algorithm", "parameters": {"model_type": "MLP", "units": 16, "num_layers": 1, "dropout": 0.2, "activation": "sigmoid", "lr": 0.002755720955164724, "window_size": 15, "batch_size": 64, "epochs": 20, "kernel_size": 5, "attention_heads": 2}, "parameter_index": 0}',
    index: 0
  },
  placementConstraint: { type: 'None', gpus: [] }
}
[2026-05-18 22:35:54] INFO (LocalV3.local) Created trial mqEOc
[2026-05-18 22:35:56] INFO (LocalV3.local) Trial parameter: mqEOc {"parameter_id": 60, "parameter_source": "algorithm", "parameters": {"model_type": "MLP", "units": 16, "num_layers": 1, "dropout": 0.2, "activation": "sigmoid", "lr": 0.002755720955164724, "window_size": 15, "batch_size": 64, "epochs": 20, "kernel_size": 5, "attention_heads": 2}, "parameter_index": 0}
[2026-05-18 22:36:01] INFO (NNIManager) Trial job mqEOc status changed from RUNNING to SUCCEEDED
[2026-05-18 22:36:01] INFO (NNIManager) NNIManager received command from dispatcher: TR, {"parameter_id": 61, "parameter_source": "algorithm", "parameters": {"model_type": "MLP", "units": 256, "num_layers": 2, "dropout": 0.1, "activation": "elu", "lr": 0.001500025230322108, "window_size": 15, "batch_size": 64, "epochs": 5, "kernel_size": 5, "attention_heads": 4}, "parameter_index": 0}
[2026-05-18 22:36:02] INFO (NNIManager) submitTrialJob: form: {
  sequenceId: 61,
  hyperParameters: {
    value: '{"parameter_id": 61, "parameter_source": "algorithm", "parameters": {"model_type": "MLP", "units": 256, "num_layers": 2, "dropout": 0.1, "activation": "elu", "lr": 0.001500025230322108, "window_size": 15, "batch_size": 64, "epochs": 5, "kernel_size": 5, "attention_heads": 4}, "parameter_index": 0}',
    index: 0
  },
  placementConstraint: { type: 'None', gpus: [] }
}
[2026-05-18 22:36:02] INFO (LocalV3.local) Created trial x8rzT
[2026-05-18 22:36:04] INFO (LocalV3.local) Trial parameter: x8rzT {"parameter_id": 61, "parameter_source": "algorithm", "parameters": {"model_type": "MLP", "units": 256, "num_layers": 2, "dropout": 0.1, "activation": "elu", "lr": 0.001500025230322108, "window_size": 15, "batch_size": 64, "epochs": 5, "kernel_size": 5, "attention_heads": 4}, "parameter_index": 0}
[2026-05-18 22:36:06] INFO (NNIManager) Trial job x8rzT status changed from RUNNING to SUCCEEDED
[2026-05-18 22:36:06] INFO (NNIManager) NNIManager received command from dispatcher: TR, {"parameter_id": 62, "parameter_source": "algorithm", "parameters": {"model_type": "MLP", "units": 128, "num_layers": 2, "dropout": 0.5, "activation": "elu", "lr": 0.0017619839401128517, "window_size": 15, "batch_size": 64, "epochs": 15, "kernel_size": 5, "attention_heads": 4}, "parameter_index": 0}
[2026-05-18 22:36:07] INFO (NNIManager) submitTrialJob: form: {
  sequenceId: 62,
  hyperParameters: {
    value: '{"parameter_id": 62, "parameter_source": "algorithm", "parameters": {"model_type": "MLP", "units": 128, "num_layers": 2, "dropout": 0.5, "activation": "elu", "lr": 0.0017619839401128517, "window_size": 15, "batch_size": 64, "epochs": 15, "kernel_size": 5, "attention_heads": 4}, "parameter_index": 0}',
    index: 0
  },
  placementConstraint: { type: 'None', gpus: [] }
}
[2026-05-18 22:36:07] INFO (LocalV3.local) Created trial mGQUr
[2026-05-18 22:36:09] INFO (LocalV3.local) Trial parameter: mGQUr {"parameter_id": 62, "parameter_source": "algorithm", "parameters": {"model_type": "MLP", "units": 128, "num_layers": 2, "dropout": 0.5, "activation": "elu", "lr": 0.0017619839401128517, "window_size": 15, "batch_size": 64, "epochs": 15, "kernel_size": 5, "attention_heads": 4}, "parameter_index": 0}
[2026-05-18 22:36:14] INFO (NNIManager) Trial job mGQUr status changed from RUNNING to SUCCEEDED
[2026-05-18 22:36:14] INFO (NNIManager) NNIManager received command from dispatcher: TR, {"parameter_id": 63, "parameter_source": "algorithm", "parameters": {"model_type": "MLP", "units": 128, "num_layers": 1, "dropout": 0.5, "activation": "tanh", "lr": 0.0011030003951205977, "window_size": 15, "batch_size": 64, "epochs": 5, "kernel_size": 5, "attention_heads": 4}, "parameter_index": 0}
[2026-05-18 22:36:14] INFO (NNIManager) submitTrialJob: form: {
  sequenceId: 63,
  hyperParameters: {
    value: '{"parameter_id": 63, "parameter_source": "algorithm", "parameters": {"model_type": "MLP", "units": 128, "num_layers": 1, "dropout": 0.5, "activation": "tanh", "lr": 0.0011030003951205977, "window_size": 15, "batch_size": 64, "epochs": 5, "kernel_size": 5, "attention_heads": 4}, "parameter_index": 0}',
    index: 0
  },
  placementConstraint: { type: 'None', gpus: [] }
}
[2026-05-18 22:36:14] INFO (LocalV3.local) Created trial GXD53
[2026-05-18 22:36:16] INFO (LocalV3.local) Trial parameter: GXD53 {"parameter_id": 63, "parameter_source": "algorithm", "parameters": {"model_type": "MLP", "units": 128, "num_layers": 1, "dropout": 0.5, "activation": "tanh", "lr": 0.0011030003951205977, "window_size": 15, "batch_size": 64, "epochs": 5, "kernel_size": 5, "attention_heads": 4}, "parameter_index": 0}
[2026-05-18 22:36:19] INFO (NNIManager) Trial job GXD53 status changed from RUNNING to SUCCEEDED
[2026-05-18 22:36:19] INFO (NNIManager) NNIManager received command from dispatcher: TR, {"parameter_id": 64, "parameter_source": "algorithm", "parameters": {"model_type": "MLP", "units": 128, "num_layers": 2, "dropout": 0.5, "activation": "tanh", "lr": 0.003004384011597835, "window_size": 15, "batch_size": 64, "epochs": 5, "kernel_size": 5, "attention_heads": 4}, "parameter_index": 0}
[2026-05-18 22:36:20] INFO (NNIManager) submitTrialJob: form: {
  sequenceId: 64,
  hyperParameters: {
    value: '{"parameter_id": 64, "parameter_source": "algorithm", "parameters": {"model_type": "MLP", "units": 128, "num_layers": 2, "dropout": 0.5, "activation": "tanh", "lr": 0.003004384011597835, "window_size": 15, "batch_size": 64, "epochs": 5, "kernel_size": 5, "attention_heads": 4}, "parameter_index": 0}',
    index: 0
  },
  placementConstraint: { type: 'None', gpus: [] }
}
[2026-05-18 22:36:20] INFO (LocalV3.local) Created trial zCTwI
[2026-05-18 22:36:22] INFO (LocalV3.local) Trial parameter: zCTwI {"parameter_id": 64, "parameter_source": "algorithm", "parameters": {"model_type": "MLP", "units": 128, "num_layers": 2, "dropout": 0.5, "activation": "tanh", "lr": 0.003004384011597835, "window_size": 15, "batch_size": 64, "epochs": 5, "kernel_size": 5, "attention_heads": 4}, "parameter_index": 0}
[2026-05-18 22:36:25] INFO (NNIManager) Trial job zCTwI status changed from RUNNING to SUCCEEDED
[2026-05-18 22:36:25] INFO (NNIManager) NNIManager received command from dispatcher: TR, {"parameter_id": 65, "parameter_source": "algorithm", "parameters": {"model_type": "MLP", "units": 128, "num_layers": 2, "dropout": 0.5, "activation": "tanh", "lr": 0.00088534312851144, "window_size": 15, "batch_size": 64, "epochs": 5, "kernel_size": 7, "attention_heads": 4}, "parameter_index": 0}
[2026-05-18 22:36:25] INFO (NNIManager) submitTrialJob: form: {
  sequenceId: 65,
  hyperParameters: {
    value: '{"parameter_id": 65, "parameter_source": "algorithm", "parameters": {"model_type": "MLP", "units": 128, "num_layers": 2, "dropout": 0.5, "activation": "tanh", "lr": 0.00088534312851144, "window_size": 15, "batch_size": 64, "epochs": 5, "kernel_size": 7, "attention_heads": 4}, "parameter_index": 0}',
    index: 0
  },
  placementConstraint: { type: 'None', gpus: [] }
}
[2026-05-18 22:36:25] INFO (LocalV3.local) Created trial baVUk
[2026-05-18 22:36:27] INFO (LocalV3.local) Trial parameter: baVUk {"parameter_id": 65, "parameter_source": "algorithm", "parameters": {"model_type": "MLP", "units": 128, "num_layers": 2, "dropout": 0.5, "activation": "tanh", "lr": 0.00088534312851144, "window_size": 15, "batch_size": 64, "epochs": 5, "kernel_size": 7, "attention_heads": 4}, "parameter_index": 0}
[2026-05-18 22:36:30] INFO (NNIManager) Trial job baVUk status changed from RUNNING to SUCCEEDED
[2026-05-18 22:36:30] INFO (NNIManager) NNIManager received command from dispatcher: TR, {"parameter_id": 66, "parameter_source": "algorithm", "parameters": {"model_type": "GRU", "units": 128, "num_layers": 2, "dropout": 0.5, "activation": "tanh", "lr": 0.0014894133780574495, "window_size": 15, "batch_size": 64, "epochs": 5, "kernel_size": 3, "attention_heads": 4}, "parameter_index": 0}
[2026-05-18 22:36:31] INFO (NNIManager) submitTrialJob: form: {
  sequenceId: 66,
  hyperParameters: {
    value: '{"parameter_id": 66, "parameter_source": "algorithm", "parameters": {"model_type": "GRU", "units": 128, "num_layers": 2, "dropout": 0.5, "activation": "tanh", "lr": 0.0014894133780574495, "window_size": 15, "batch_size": 64, "epochs": 5, "kernel_size": 3, "attention_heads": 4}, "parameter_index": 0}',
    index: 0
  },
  placementConstraint: { type: 'None', gpus: [] }
}
[2026-05-18 22:36:31] INFO (LocalV3.local) Created trial rlAk1
[2026-05-18 22:36:33] INFO (LocalV3.local) Trial parameter: rlAk1 {"parameter_id": 66, "parameter_source": "algorithm", "parameters": {"model_type": "GRU", "units": 128, "num_layers": 2, "dropout": 0.5, "activation": "tanh", "lr": 0.0014894133780574495, "window_size": 15, "batch_size": 64, "epochs": 5, "kernel_size": 3, "attention_heads": 4}, "parameter_index": 0}
[2026-05-18 22:36:47] INFO (NNIManager) Trial job rlAk1 status changed from RUNNING to SUCCEEDED
[2026-05-18 22:36:47] INFO (NNIManager) NNIManager received command from dispatcher: TR, {"parameter_id": 67, "parameter_source": "algorithm", "parameters": {"model_type": "MLP", "units": 128, "num_layers": 2, "dropout": 0.5, "activation": "tanh", "lr": 0.0023697633552805346, "window_size": 15, "batch_size": 128, "epochs": 5, "kernel_size": 5, "attention_heads": 4}, "parameter_index": 0}
[2026-05-18 22:36:47] INFO (NNIManager) submitTrialJob: form: {
  sequenceId: 67,
  hyperParameters: {
    value: '{"parameter_id": 67, "parameter_source": "algorithm", "parameters": {"model_type": "MLP", "units": 128, "num_layers": 2, "dropout": 0.5, "activation": "tanh", "lr": 0.0023697633552805346, "window_size": 15, "batch_size": 128, "epochs": 5, "kernel_size": 5, "attention_heads": 4}, "parameter_index": 0}',
    index: 0
  },
  placementConstraint: { type: 'None', gpus: [] }
}
[2026-05-18 22:36:47] INFO (LocalV3.local) Created trial lWIZw
[2026-05-18 22:36:49] INFO (LocalV3.local) Trial parameter: lWIZw {"parameter_id": 67, "parameter_source": "algorithm", "parameters": {"model_type": "MLP", "units": 128, "num_layers": 2, "dropout": 0.5, "activation": "tanh", "lr": 0.0023697633552805346, "window_size": 15, "batch_size": 128, "epochs": 5, "kernel_size": 5, "attention_heads": 4}, "parameter_index": 0}
[2026-05-18 22:36:51] INFO (NNIManager) Trial job lWIZw status changed from RUNNING to SUCCEEDED
[2026-05-18 22:36:51] INFO (NNIManager) NNIManager received command from dispatcher: TR, {"parameter_id": 68, "parameter_source": "algorithm", "parameters": {"model_type": "LSTM", "units": 128, "num_layers": 2, "dropout": 0.5, "activation": "tanh", "lr": 0.0023122566550865128, "window_size": 15, "batch_size": 64, "epochs": 15, "kernel_size": 3, "attention_heads": 4}, "parameter_index": 0}
[2026-05-18 22:36:52] INFO (NNIManager) submitTrialJob: form: {
  sequenceId: 68,
  hyperParameters: {
    value: '{"parameter_id": 68, "parameter_source": "algorithm", "parameters": {"model_type": "LSTM", "units": 128, "num_layers": 2, "dropout": 0.5, "activation": "tanh", "lr": 0.0023122566550865128, "window_size": 15, "batch_size": 64, "epochs": 15, "kernel_size": 3, "attention_heads": 4}, "parameter_index": 0}',
    index: 0
  },
  placementConstraint: { type: 'None', gpus: [] }
}
[2026-05-18 22:36:52] INFO (LocalV3.local) Created trial pCCQF
[2026-05-18 22:36:54] INFO (LocalV3.local) Trial parameter: pCCQF {"parameter_id": 68, "parameter_source": "algorithm", "parameters": {"model_type": "LSTM", "units": 128, "num_layers": 2, "dropout": 0.5, "activation": "tanh", "lr": 0.0023122566550865128, "window_size": 15, "batch_size": 64, "epochs": 15, "kernel_size": 3, "attention_heads": 4}, "parameter_index": 0}
[2026-05-18 22:37:36] INFO (NNIManager) Trial job pCCQF status changed from RUNNING to SUCCEEDED
[2026-05-18 22:37:36] INFO (NNIManager) NNIManager received command from dispatcher: TR, {"parameter_id": 69, "parameter_source": "algorithm", "parameters": {"model_type": "MLP", "units": 128, "num_layers": 2, "dropout": 0.5, "activation": "tanh", "lr": 0.0025507762860343436, "window_size": 15, "batch_size": 64, "epochs": 5, "kernel_size": 5, "attention_heads": 4}, "parameter_index": 0}
[2026-05-18 22:37:36] INFO (NNIManager) submitTrialJob: form: {
  sequenceId: 69,
  hyperParameters: {
    value: '{"parameter_id": 69, "parameter_source": "algorithm", "parameters": {"model_type": "MLP", "units": 128, "num_layers": 2, "dropout": 0.5, "activation": "tanh", "lr": 0.0025507762860343436, "window_size": 15, "batch_size": 64, "epochs": 5, "kernel_size": 5, "attention_heads": 4}, "parameter_index": 0}',
    index: 0
  },
  placementConstraint: { type: 'None', gpus: [] }
}
[2026-05-18 22:37:36] INFO (LocalV3.local) Created trial Gudq4
[2026-05-18 22:37:38] INFO (LocalV3.local) Trial parameter: Gudq4 {"parameter_id": 69, "parameter_source": "algorithm", "parameters": {"model_type": "MLP", "units": 128, "num_layers": 2, "dropout": 0.5, "activation": "tanh", "lr": 0.0025507762860343436, "window_size": 15, "batch_size": 64, "epochs": 5, "kernel_size": 5, "attention_heads": 4}, "parameter_index": 0}
[2026-05-18 22:37:41] INFO (NNIManager) Trial job Gudq4 status changed from RUNNING to SUCCEEDED
[2026-05-18 22:37:42] INFO (NNIManager) NNIManager received command from dispatcher: TR, {"parameter_id": 70, "parameter_source": "algorithm", "parameters": {"model_type": "Transformer", "units": 128, "num_layers": 2, "dropout": 0.5, "activation": "tanh", "lr": 0.0014786680940492587, "window_size": 15, "batch_size": 64, "epochs": 5, "kernel_size": 5, "attention_heads": 4}, "parameter_index": 0}
[2026-05-18 22:37:42] INFO (NNIManager) submitTrialJob: form: {
  sequenceId: 70,
  hyperParameters: {
    value: '{"parameter_id": 70, "parameter_source": "algorithm", "parameters": {"model_type": "Transformer", "units": 128, "num_layers": 2, "dropout": 0.5, "activation": "tanh", "lr": 0.0014786680940492587, "window_size": 15, "batch_size": 64, "epochs": 5, "kernel_size": 5, "attention_heads": 4}, "parameter_index": 0}',
    index: 0
  },
  placementConstraint: { type: 'None', gpus: [] }
}
[2026-05-18 22:37:42] INFO (LocalV3.local) Created trial jYEjm
[2026-05-18 22:37:44] INFO (LocalV3.local) Trial parameter: jYEjm {"parameter_id": 70, "parameter_source": "algorithm", "parameters": {"model_type": "Transformer", "units": 128, "num_layers": 2, "dropout": 0.5, "activation": "tanh", "lr": 0.0014786680940492587, "window_size": 15, "batch_size": 64, "epochs": 5, "kernel_size": 5, "attention_heads": 4}, "parameter_index": 0}
[2026-05-18 22:37:59] INFO (NNIManager) Trial job jYEjm status changed from RUNNING to SUCCEEDED
[2026-05-18 22:37:59] INFO (NNIManager) NNIManager received command from dispatcher: TR, {"parameter_id": 71, "parameter_source": "algorithm", "parameters": {"model_type": "MLP", "units": 128, "num_layers": 2, "dropout": 0.5, "activation": "tanh", "lr": 0.0018602935777028713, "window_size": 15, "batch_size": 64, "epochs": 5, "kernel_size": 5, "attention_heads": 4}, "parameter_index": 0}
[2026-05-18 22:38:00] INFO (NNIManager) submitTrialJob: form: {
  sequenceId: 71,
  hyperParameters: {
    value: '{"parameter_id": 71, "parameter_source": "algorithm", "parameters": {"model_type": "MLP", "units": 128, "num_layers": 2, "dropout": 0.5, "activation": "tanh", "lr": 0.0018602935777028713, "window_size": 15, "batch_size": 64, "epochs": 5, "kernel_size": 5, "attention_heads": 4}, "parameter_index": 0}',
    index: 0
  },
  placementConstraint: { type: 'None', gpus: [] }
}
[2026-05-18 22:38:00] INFO (LocalV3.local) Created trial Au1eP
[2026-05-18 22:38:02] INFO (LocalV3.local) Trial parameter: Au1eP {"parameter_id": 71, "parameter_source": "algorithm", "parameters": {"model_type": "MLP", "units": 128, "num_layers": 2, "dropout": 0.5, "activation": "tanh", "lr": 0.0018602935777028713, "window_size": 15, "batch_size": 64, "epochs": 5, "kernel_size": 5, "attention_heads": 4}, "parameter_index": 0}
[2026-05-18 22:38:05] INFO (NNIManager) Trial job Au1eP status changed from RUNNING to SUCCEEDED
[2026-05-18 22:38:05] INFO (NNIManager) NNIManager received command from dispatcher: TR, {"parameter_id": 72, "parameter_source": "algorithm", "parameters": {"model_type": "MLP", "units": 128, "num_layers": 2, "dropout": 0.3, "activation": "elu", "lr": 0.0025611471965216195, "window_size": 15, "batch_size": 64, "epochs": 5, "kernel_size": 5, "attention_heads": 4}, "parameter_index": 0}
[2026-05-18 22:38:05] INFO (NNIManager) submitTrialJob: form: {
  sequenceId: 72,
  hyperParameters: {
    value: '{"parameter_id": 72, "parameter_source": "algorithm", "parameters": {"model_type": "MLP", "units": 128, "num_layers": 2, "dropout": 0.3, "activation": "elu", "lr": 0.0025611471965216195, "window_size": 15, "batch_size": 64, "epochs": 5, "kernel_size": 5, "attention_heads": 4}, "parameter_index": 0}',
    index: 0
  },
  placementConstraint: { type: 'None', gpus: [] }
}
[2026-05-18 22:38:05] INFO (LocalV3.local) Created trial JS9W7
[2026-05-18 22:38:07] INFO (LocalV3.local) Trial parameter: JS9W7 {"parameter_id": 72, "parameter_source": "algorithm", "parameters": {"model_type": "MLP", "units": 128, "num_layers": 2, "dropout": 0.3, "activation": "elu", "lr": 0.0025611471965216195, "window_size": 15, "batch_size": 64, "epochs": 5, "kernel_size": 5, "attention_heads": 4}, "parameter_index": 0}
[2026-05-18 22:38:10] INFO (NNIManager) Trial job JS9W7 status changed from RUNNING to SUCCEEDED
[2026-05-18 22:38:10] INFO (NNIManager) NNIManager received command from dispatcher: TR, {"parameter_id": 73, "parameter_source": "algorithm", "parameters": {"model_type": "MLP", "units": 128, "num_layers": 2, "dropout": 0.5, "activation": "tanh", "lr": 0.00201026309311729, "window_size": 15, "batch_size": 64, "epochs": 5, "kernel_size": 5, "attention_heads": 4}, "parameter_index": 0}
[2026-05-18 22:38:10] INFO (NNIManager) submitTrialJob: form: {
  sequenceId: 73,
  hyperParameters: {
    value: '{"parameter_id": 73, "parameter_source": "algorithm", "parameters": {"model_type": "MLP", "units": 128, "num_layers": 2, "dropout": 0.5, "activation": "tanh", "lr": 0.00201026309311729, "window_size": 15, "batch_size": 64, "epochs": 5, "kernel_size": 5, "attention_heads": 4}, "parameter_index": 0}',
    index: 0
  },
  placementConstraint: { type: 'None', gpus: [] }
}
[2026-05-18 22:38:10] INFO (LocalV3.local) Created trial dKr9w
[2026-05-18 22:38:12] INFO (LocalV3.local) Trial parameter: dKr9w {"parameter_id": 73, "parameter_source": "algorithm", "parameters": {"model_type": "MLP", "units": 128, "num_layers": 2, "dropout": 0.5, "activation": "tanh", "lr": 0.00201026309311729, "window_size": 15, "batch_size": 64, "epochs": 5, "kernel_size": 5, "attention_heads": 4}, "parameter_index": 0}
[2026-05-18 22:38:15] INFO (NNIManager) Trial job dKr9w status changed from RUNNING to SUCCEEDED
[2026-05-18 22:38:15] INFO (NNIManager) NNIManager received command from dispatcher: TR, {"parameter_id": 74, "parameter_source": "algorithm", "parameters": {"model_type": "MLP", "units": 128, "num_layers": 2, "dropout": 0.5, "activation": "tanh", "lr": 0.0018929991924645838, "window_size": 15, "batch_size": 16, "epochs": 5, "kernel_size": 2, "attention_heads": 2}, "parameter_index": 0}
[2026-05-18 22:38:16] INFO (NNIManager) submitTrialJob: form: {
  sequenceId: 74,
  hyperParameters: {
    value: '{"parameter_id": 74, "parameter_source": "algorithm", "parameters": {"model_type": "MLP", "units": 128, "num_layers": 2, "dropout": 0.5, "activation": "tanh", "lr": 0.0018929991924645838, "window_size": 15, "batch_size": 16, "epochs": 5, "kernel_size": 2, "attention_heads": 2}, "parameter_index": 0}',
    index: 0
  },
  placementConstraint: { type: 'None', gpus: [] }
}
[2026-05-18 22:38:16] INFO (LocalV3.local) Created trial HrfDj
[2026-05-18 22:38:18] INFO (LocalV3.local) Trial parameter: HrfDj {"parameter_id": 74, "parameter_source": "algorithm", "parameters": {"model_type": "MLP", "units": 128, "num_layers": 2, "dropout": 0.5, "activation": "tanh", "lr": 0.0018929991924645838, "window_size": 15, "batch_size": 16, "epochs": 5, "kernel_size": 2, "attention_heads": 2}, "parameter_index": 0}
[2026-05-18 22:38:23] INFO (NNIManager) Trial job HrfDj status changed from RUNNING to SUCCEEDED
[2026-05-18 22:38:23] INFO (NNIManager) NNIManager received command from dispatcher: TR, {"parameter_id": 75, "parameter_source": "algorithm", "parameters": {"model_type": "MLP", "units": 128, "num_layers": 2, "dropout": 0.5, "activation": "tanh", "lr": 0.001517027762896986, "window_size": 15, "batch_size": 64, "epochs": 5, "kernel_size": 5, "attention_heads": 4}, "parameter_index": 0}
[2026-05-18 22:38:23] INFO (NNIManager) submitTrialJob: form: {
  sequenceId: 75,
  hyperParameters: {
    value: '{"parameter_id": 75, "parameter_source": "algorithm", "parameters": {"model_type": "MLP", "units": 128, "num_layers": 2, "dropout": 0.5, "activation": "tanh", "lr": 0.001517027762896986, "window_size": 15, "batch_size": 64, "epochs": 5, "kernel_size": 5, "attention_heads": 4}, "parameter_index": 0}',
    index: 0
  },
  placementConstraint: { type: 'None', gpus: [] }
}
[2026-05-18 22:38:23] INFO (LocalV3.local) Created trial r1Mdx
[2026-05-18 22:38:25] INFO (LocalV3.local) Trial parameter: r1Mdx {"parameter_id": 75, "parameter_source": "algorithm", "parameters": {"model_type": "MLP", "units": 128, "num_layers": 2, "dropout": 0.5, "activation": "tanh", "lr": 0.001517027762896986, "window_size": 15, "batch_size": 64, "epochs": 5, "kernel_size": 5, "attention_heads": 4}, "parameter_index": 0}
[2026-05-18 22:38:28] INFO (NNIManager) Trial job r1Mdx status changed from RUNNING to SUCCEEDED
[2026-05-18 22:38:28] INFO (NNIManager) NNIManager received command from dispatcher: TR, {"parameter_id": 76, "parameter_source": "algorithm", "parameters": {"model_type": "MLP", "units": 128, "num_layers": 2, "dropout": 0.5, "activation": "tanh", "lr": 0.002404936297599967, "window_size": 15, "batch_size": 64, "epochs": 10, "kernel_size": 5, "attention_heads": 2}, "parameter_index": 0}
[2026-05-18 22:38:29] INFO (NNIManager) submitTrialJob: form: {
  sequenceId: 76,
  hyperParameters: {
    value: '{"parameter_id": 76, "parameter_source": "algorithm", "parameters": {"model_type": "MLP", "units": 128, "num_layers": 2, "dropout": 0.5, "activation": "tanh", "lr": 0.002404936297599967, "window_size": 15, "batch_size": 64, "epochs": 10, "kernel_size": 5, "attention_heads": 2}, "parameter_index": 0}',
    index: 0
  },
  placementConstraint: { type: 'None', gpus: [] }
}
[2026-05-18 22:38:29] INFO (LocalV3.local) Created trial tsz9m
[2026-05-18 22:38:31] INFO (LocalV3.local) Trial parameter: tsz9m {"parameter_id": 76, "parameter_source": "algorithm", "parameters": {"model_type": "MLP", "units": 128, "num_layers": 2, "dropout": 0.5, "activation": "tanh", "lr": 0.002404936297599967, "window_size": 15, "batch_size": 64, "epochs": 10, "kernel_size": 5, "attention_heads": 2}, "parameter_index": 0}
[2026-05-18 22:38:35] INFO (NNIManager) Trial job tsz9m status changed from RUNNING to SUCCEEDED
[2026-05-18 22:38:35] INFO (NNIManager) NNIManager received command from dispatcher: TR, {"parameter_id": 77, "parameter_source": "algorithm", "parameters": {"model_type": "MLP", "units": 64, "num_layers": 2, "dropout": 0.5, "activation": "tanh", "lr": 0.0018023824811240381, "window_size": 15, "batch_size": 64, "epochs": 5, "kernel_size": 5, "attention_heads": 4}, "parameter_index": 0}
[2026-05-18 22:38:36] INFO (NNIManager) submitTrialJob: form: {
  sequenceId: 77,
  hyperParameters: {
    value: '{"parameter_id": 77, "parameter_source": "algorithm", "parameters": {"model_type": "MLP", "units": 64, "num_layers": 2, "dropout": 0.5, "activation": "tanh", "lr": 0.0018023824811240381, "window_size": 15, "batch_size": 64, "epochs": 5, "kernel_size": 5, "attention_heads": 4}, "parameter_index": 0}',
    index: 0
  },
  placementConstraint: { type: 'None', gpus: [] }
}
[2026-05-18 22:38:36] INFO (LocalV3.local) Created trial nGXxu
[2026-05-18 22:38:38] INFO (LocalV3.local) Trial parameter: nGXxu {"parameter_id": 77, "parameter_source": "algorithm", "parameters": {"model_type": "MLP", "units": 64, "num_layers": 2, "dropout": 0.5, "activation": "tanh", "lr": 0.0018023824811240381, "window_size": 15, "batch_size": 64, "epochs": 5, "kernel_size": 5, "attention_heads": 4}, "parameter_index": 0}
[2026-05-18 22:38:41] INFO (NNIManager) Trial job nGXxu status changed from RUNNING to SUCCEEDED
[2026-05-18 22:38:41] INFO (NNIManager) NNIManager received command from dispatcher: TR, {"parameter_id": 78, "parameter_source": "algorithm", "parameters": {"model_type": "MLP", "units": 128, "num_layers": 2, "dropout": 0.5, "activation": "tanh", "lr": 0.0010279959969032638, "window_size": 15, "batch_size": 32, "epochs": 5, "kernel_size": 5, "attention_heads": 4}, "parameter_index": 0}
[2026-05-18 22:38:41] INFO (NNIManager) submitTrialJob: form: {
  sequenceId: 78,
  hyperParameters: {
    value: '{"parameter_id": 78, "parameter_source": "algorithm", "parameters": {"model_type": "MLP", "units": 128, "num_layers": 2, "dropout": 0.5, "activation": "tanh", "lr": 0.0010279959969032638, "window_size": 15, "batch_size": 32, "epochs": 5, "kernel_size": 5, "attention_heads": 4}, "parameter_index": 0}',
    index: 0
  },
  placementConstraint: { type: 'None', gpus: [] }
}
[2026-05-18 22:38:41] INFO (LocalV3.local) Created trial vP6OA
[2026-05-18 22:38:43] INFO (LocalV3.local) Trial parameter: vP6OA {"parameter_id": 78, "parameter_source": "algorithm", "parameters": {"model_type": "MLP", "units": 128, "num_layers": 2, "dropout": 0.5, "activation": "tanh", "lr": 0.0010279959969032638, "window_size": 15, "batch_size": 32, "epochs": 5, "kernel_size": 5, "attention_heads": 4}, "parameter_index": 0}
[2026-05-18 22:38:47] INFO (NNIManager) Trial job vP6OA status changed from RUNNING to SUCCEEDED
[2026-05-18 22:38:47] INFO (NNIManager) NNIManager received command from dispatcher: TR, {"parameter_id": 79, "parameter_source": "algorithm", "parameters": {"model_type": "MLP", "units": 128, "num_layers": 2, "dropout": 0.5, "activation": "tanh", "lr": 0.0018037226067558457, "window_size": 15, "batch_size": 64, "epochs": 5, "kernel_size": 5, "attention_heads": 4}, "parameter_index": 0}
[2026-05-18 22:38:47] INFO (NNIManager) submitTrialJob: form: {
  sequenceId: 79,
  hyperParameters: {
    value: '{"parameter_id": 79, "parameter_source": "algorithm", "parameters": {"model_type": "MLP", "units": 128, "num_layers": 2, "dropout": 0.5, "activation": "tanh", "lr": 0.0018037226067558457, "window_size": 15, "batch_size": 64, "epochs": 5, "kernel_size": 5, "attention_heads": 4}, "parameter_index": 0}',
    index: 0
  },
  placementConstraint: { type: 'None', gpus: [] }
}
[2026-05-18 22:38:47] INFO (LocalV3.local) Created trial hUAXS
[2026-05-18 22:38:49] INFO (LocalV3.local) Trial parameter: hUAXS {"parameter_id": 79, "parameter_source": "algorithm", "parameters": {"model_type": "MLP", "units": 128, "num_layers": 2, "dropout": 0.5, "activation": "tanh", "lr": 0.0018037226067558457, "window_size": 15, "batch_size": 64, "epochs": 5, "kernel_size": 5, "attention_heads": 4}, "parameter_index": 0}
[2026-05-18 22:38:52] INFO (NNIManager) Trial job hUAXS status changed from RUNNING to SUCCEEDED
[2026-05-18 22:38:52] INFO (NNIManager) NNIManager received command from dispatcher: TR, {"parameter_id": 80, "parameter_source": "algorithm", "parameters": {"model_type": "MLP", "units": 128, "num_layers": 2, "dropout": 0.5, "activation": "tanh", "lr": 0.0017393896218753722, "window_size": 15, "batch_size": 64, "epochs": 5, "kernel_size": 5, "attention_heads": 4}, "parameter_index": 0}
[2026-05-18 22:38:52] INFO (NNIManager) submitTrialJob: form: {
  sequenceId: 80,
  hyperParameters: {
    value: '{"parameter_id": 80, "parameter_source": "algorithm", "parameters": {"model_type": "MLP", "units": 128, "num_layers": 2, "dropout": 0.5, "activation": "tanh", "lr": 0.0017393896218753722, "window_size": 15, "batch_size": 64, "epochs": 5, "kernel_size": 5, "attention_heads": 4}, "parameter_index": 0}',
    index: 0
  },
  placementConstraint: { type: 'None', gpus: [] }
}
[2026-05-18 22:38:52] INFO (LocalV3.local) Created trial OQrN1
[2026-05-18 22:38:54] INFO (LocalV3.local) Trial parameter: OQrN1 {"parameter_id": 80, "parameter_source": "algorithm", "parameters": {"model_type": "MLP", "units": 128, "num_layers": 2, "dropout": 0.5, "activation": "tanh", "lr": 0.0017393896218753722, "window_size": 15, "batch_size": 64, "epochs": 5, "kernel_size": 5, "attention_heads": 4}, "parameter_index": 0}
[2026-05-18 22:38:57] INFO (NNIManager) Trial job OQrN1 status changed from RUNNING to SUCCEEDED
[2026-05-18 22:38:57] INFO (NNIManager) NNIManager received command from dispatcher: TR, {"parameter_id": 81, "parameter_source": "algorithm", "parameters": {"model_type": "MLP", "units": 128, "num_layers": 2, "dropout": 0.5, "activation": "tanh", "lr": 0.006685751348079522, "window_size": 15, "batch_size": 64, "epochs": 20, "kernel_size": 5, "attention_heads": 2}, "parameter_index": 0}
[2026-05-18 22:38:58] INFO (NNIManager) submitTrialJob: form: {
  sequenceId: 81,
  hyperParameters: {
    value: '{"parameter_id": 81, "parameter_source": "algorithm", "parameters": {"model_type": "MLP", "units": 128, "num_layers": 2, "dropout": 0.5, "activation": "tanh", "lr": 0.006685751348079522, "window_size": 15, "batch_size": 64, "epochs": 20, "kernel_size": 5, "attention_heads": 2}, "parameter_index": 0}',
    index: 0
  },
  placementConstraint: { type: 'None', gpus: [] }
}
[2026-05-18 22:38:58] INFO (LocalV3.local) Created trial b3595
[2026-05-18 22:39:00] INFO (LocalV3.local) Trial parameter: b3595 {"parameter_id": 81, "parameter_source": "algorithm", "parameters": {"model_type": "MLP", "units": 128, "num_layers": 2, "dropout": 0.5, "activation": "tanh", "lr": 0.006685751348079522, "window_size": 15, "batch_size": 64, "epochs": 20, "kernel_size": 5, "attention_heads": 2}, "parameter_index": 0}
[2026-05-18 22:39:06] INFO (NNIManager) Trial job b3595 status changed from RUNNING to SUCCEEDED
[2026-05-18 22:39:06] INFO (NNIManager) NNIManager received command from dispatcher: TR, {"parameter_id": 82, "parameter_source": "algorithm", "parameters": {"model_type": "MLP", "units": 128, "num_layers": 2, "dropout": 0.2, "activation": "tanh", "lr": 0.00150570768494126, "window_size": 15, "batch_size": 64, "epochs": 5, "kernel_size": 5, "attention_heads": 4}, "parameter_index": 0}
[2026-05-18 22:39:07] INFO (NNIManager) submitTrialJob: form: {
  sequenceId: 82,
  hyperParameters: {
    value: '{"parameter_id": 82, "parameter_source": "algorithm", "parameters": {"model_type": "MLP", "units": 128, "num_layers": 2, "dropout": 0.2, "activation": "tanh", "lr": 0.00150570768494126, "window_size": 15, "batch_size": 64, "epochs": 5, "kernel_size": 5, "attention_heads": 4}, "parameter_index": 0}',
    index: 0
  },
  placementConstraint: { type: 'None', gpus: [] }
}
[2026-05-18 22:39:07] INFO (LocalV3.local) Created trial pPG6W
[2026-05-18 22:39:09] INFO (LocalV3.local) Trial parameter: pPG6W {"parameter_id": 82, "parameter_source": "algorithm", "parameters": {"model_type": "MLP", "units": 128, "num_layers": 2, "dropout": 0.2, "activation": "tanh", "lr": 0.00150570768494126, "window_size": 15, "batch_size": 64, "epochs": 5, "kernel_size": 5, "attention_heads": 4}, "parameter_index": 0}
[2026-05-18 22:39:12] INFO (NNIManager) Trial job pPG6W status changed from RUNNING to SUCCEEDED
[2026-05-18 22:39:12] INFO (NNIManager) NNIManager received command from dispatcher: TR, {"parameter_id": 83, "parameter_source": "algorithm", "parameters": {"model_type": "MLP", "units": 32, "num_layers": 2, "dropout": 0.5, "activation": "tanh", "lr": 0.0019515963003740747, "window_size": 15, "batch_size": 64, "epochs": 5, "kernel_size": 5, "attention_heads": 4}, "parameter_index": 0}
[2026-05-18 22:39:13] INFO (NNIManager) submitTrialJob: form: {
  sequenceId: 83,
  hyperParameters: {
    value: '{"parameter_id": 83, "parameter_source": "algorithm", "parameters": {"model_type": "MLP", "units": 32, "num_layers": 2, "dropout": 0.5, "activation": "tanh", "lr": 0.0019515963003740747, "window_size": 15, "batch_size": 64, "epochs": 5, "kernel_size": 5, "attention_heads": 4}, "parameter_index": 0}',
    index: 0
  },
  placementConstraint: { type: 'None', gpus: [] }
}
[2026-05-18 22:39:13] INFO (LocalV3.local) Created trial wMGli
[2026-05-18 22:39:15] INFO (LocalV3.local) Trial parameter: wMGli {"parameter_id": 83, "parameter_source": "algorithm", "parameters": {"model_type": "MLP", "units": 32, "num_layers": 2, "dropout": 0.5, "activation": "tanh", "lr": 0.0019515963003740747, "window_size": 15, "batch_size": 64, "epochs": 5, "kernel_size": 5, "attention_heads": 4}, "parameter_index": 0}
[2026-05-18 22:39:18] INFO (NNIManager) Trial job wMGli status changed from RUNNING to SUCCEEDED
[2026-05-18 22:39:18] INFO (NNIManager) NNIManager received command from dispatcher: TR, {"parameter_id": 84, "parameter_source": "algorithm", "parameters": {"model_type": "MLP", "units": 128, "num_layers": 2, "dropout": 0.5, "activation": "tanh", "lr": 0.0015398447789616498, "window_size": 15, "batch_size": 64, "epochs": 15, "kernel_size": 5, "attention_heads": 4}, "parameter_index": 0}
[2026-05-18 22:39:19] INFO (NNIManager) submitTrialJob: form: {
  sequenceId: 84,
  hyperParameters: {
    value: '{"parameter_id": 84, "parameter_source": "algorithm", "parameters": {"model_type": "MLP", "units": 128, "num_layers": 2, "dropout": 0.5, "activation": "tanh", "lr": 0.0015398447789616498, "window_size": 15, "batch_size": 64, "epochs": 15, "kernel_size": 5, "attention_heads": 4}, "parameter_index": 0}',
    index: 0
  },
  placementConstraint: { type: 'None', gpus: [] }
}
[2026-05-18 22:39:19] INFO (LocalV3.local) Created trial uzSse
[2026-05-18 22:39:21] INFO (LocalV3.local) Trial parameter: uzSse {"parameter_id": 84, "parameter_source": "algorithm", "parameters": {"model_type": "MLP", "units": 128, "num_layers": 2, "dropout": 0.5, "activation": "tanh", "lr": 0.0015398447789616498, "window_size": 15, "batch_size": 64, "epochs": 15, "kernel_size": 5, "attention_heads": 4}, "parameter_index": 0}
[2026-05-18 22:39:26] INFO (NNIManager) Trial job uzSse status changed from RUNNING to SUCCEEDED
[2026-05-18 22:39:26] INFO (NNIManager) NNIManager received command from dispatcher: TR, {"parameter_id": 85, "parameter_source": "algorithm", "parameters": {"model_type": "MLP", "units": 128, "num_layers": 2, "dropout": 0.5, "activation": "tanh", "lr": 0.002220596301865762, "window_size": 15, "batch_size": 128, "epochs": 5, "kernel_size": 5, "attention_heads": 4}, "parameter_index": 0}
[2026-05-18 22:39:26] INFO (NNIManager) submitTrialJob: form: {
  sequenceId: 85,
  hyperParameters: {
    value: '{"parameter_id": 85, "parameter_source": "algorithm", "parameters": {"model_type": "MLP", "units": 128, "num_layers": 2, "dropout": 0.5, "activation": "tanh", "lr": 0.002220596301865762, "window_size": 15, "batch_size": 128, "epochs": 5, "kernel_size": 5, "attention_heads": 4}, "parameter_index": 0}',
    index: 0
  },
  placementConstraint: { type: 'None', gpus: [] }
}
[2026-05-18 22:39:26] INFO (LocalV3.local) Created trial VltKS
[2026-05-18 22:39:29] INFO (LocalV3.local) Trial parameter: VltKS {"parameter_id": 85, "parameter_source": "algorithm", "parameters": {"model_type": "MLP", "units": 128, "num_layers": 2, "dropout": 0.5, "activation": "tanh", "lr": 0.002220596301865762, "window_size": 15, "batch_size": 128, "epochs": 5, "kernel_size": 5, "attention_heads": 4}, "parameter_index": 0}
[2026-05-18 22:39:31] INFO (NNIManager) Trial job VltKS status changed from RUNNING to SUCCEEDED
[2026-05-18 22:39:31] INFO (NNIManager) NNIManager received command from dispatcher: TR, {"parameter_id": 86, "parameter_source": "algorithm", "parameters": {"model_type": "MLP", "units": 128, "num_layers": 2, "dropout": 0.5, "activation": "tanh", "lr": 0.0016432401349649552, "window_size": 15, "batch_size": 64, "epochs": 5, "kernel_size": 5, "attention_heads": 4}, "parameter_index": 0}
[2026-05-18 22:39:31] INFO (NNIManager) submitTrialJob: form: {
  sequenceId: 86,
  hyperParameters: {
    value: '{"parameter_id": 86, "parameter_source": "algorithm", "parameters": {"model_type": "MLP", "units": 128, "num_layers": 2, "dropout": 0.5, "activation": "tanh", "lr": 0.0016432401349649552, "window_size": 15, "batch_size": 64, "epochs": 5, "kernel_size": 5, "attention_heads": 4}, "parameter_index": 0}',
    index: 0
  },
  placementConstraint: { type: 'None', gpus: [] }
}
[2026-05-18 22:39:31] INFO (LocalV3.local) Created trial mrsSi
[2026-05-18 22:39:34] INFO (LocalV3.local) Trial parameter: mrsSi {"parameter_id": 86, "parameter_source": "algorithm", "parameters": {"model_type": "MLP", "units": 128, "num_layers": 2, "dropout": 0.5, "activation": "tanh", "lr": 0.0016432401349649552, "window_size": 15, "batch_size": 64, "epochs": 5, "kernel_size": 5, "attention_heads": 4}, "parameter_index": 0}
[2026-05-18 22:39:36] INFO (NNIManager) Trial job mrsSi status changed from RUNNING to SUCCEEDED
[2026-05-18 22:39:36] INFO (NNIManager) NNIManager received command from dispatcher: TR, {"parameter_id": 87, "parameter_source": "algorithm", "parameters": {"model_type": "TCN", "units": 128, "num_layers": 2, "dropout": 0.5, "activation": "tanh", "lr": 0.0010627322166434526, "window_size": 15, "batch_size": 64, "epochs": 5, "kernel_size": 5, "attention_heads": 4}, "parameter_index": 0}
[2026-05-18 22:39:37] INFO (NNIManager) submitTrialJob: form: {
  sequenceId: 87,
  hyperParameters: {
    value: '{"parameter_id": 87, "parameter_source": "algorithm", "parameters": {"model_type": "TCN", "units": 128, "num_layers": 2, "dropout": 0.5, "activation": "tanh", "lr": 0.0010627322166434526, "window_size": 15, "batch_size": 64, "epochs": 5, "kernel_size": 5, "attention_heads": 4}, "parameter_index": 0}',
    index: 0
  },
  placementConstraint: { type: 'None', gpus: [] }
}
[2026-05-18 22:39:37] INFO (LocalV3.local) Created trial Pav2e
[2026-05-18 22:39:39] INFO (LocalV3.local) Trial parameter: Pav2e {"parameter_id": 87, "parameter_source": "algorithm", "parameters": {"model_type": "TCN", "units": 128, "num_layers": 2, "dropout": 0.5, "activation": "tanh", "lr": 0.0010627322166434526, "window_size": 15, "batch_size": 64, "epochs": 5, "kernel_size": 5, "attention_heads": 4}, "parameter_index": 0}
[2026-05-18 22:39:45] INFO (NNIManager) Trial job Pav2e status changed from RUNNING to SUCCEEDED
[2026-05-18 22:39:45] INFO (NNIManager) NNIManager received command from dispatcher: TR, {"parameter_id": 88, "parameter_source": "algorithm", "parameters": {"model_type": "CNN", "units": 128, "num_layers": 2, "dropout": 0.5, "activation": "tanh", "lr": 0.0022625741046936195, "window_size": 15, "batch_size": 64, "epochs": 10, "kernel_size": 5, "attention_heads": 4}, "parameter_index": 0}
[2026-05-18 22:39:45] INFO (NNIManager) submitTrialJob: form: {
  sequenceId: 88,
  hyperParameters: {
    value: '{"parameter_id": 88, "parameter_source": "algorithm", "parameters": {"model_type": "CNN", "units": 128, "num_layers": 2, "dropout": 0.5, "activation": "tanh", "lr": 0.0022625741046936195, "window_size": 15, "batch_size": 64, "epochs": 10, "kernel_size": 5, "attention_heads": 4}, "parameter_index": 0}',
    index: 0
  },
  placementConstraint: { type: 'None', gpus: [] }
}
[2026-05-18 22:39:46] INFO (LocalV3.local) Created trial kIr25
[2026-05-18 22:39:48] INFO (LocalV3.local) Trial parameter: kIr25 {"parameter_id": 88, "parameter_source": "algorithm", "parameters": {"model_type": "CNN", "units": 128, "num_layers": 2, "dropout": 0.5, "activation": "tanh", "lr": 0.0022625741046936195, "window_size": 15, "batch_size": 64, "epochs": 10, "kernel_size": 5, "attention_heads": 4}, "parameter_index": 0}
[2026-05-18 22:39:56] INFO (NNIManager) Trial job kIr25 status changed from RUNNING to SUCCEEDED
[2026-05-18 22:39:56] INFO (NNIManager) NNIManager received command from dispatcher: TR, {"parameter_id": 89, "parameter_source": "algorithm", "parameters": {"model_type": "MLP", "units": 128, "num_layers": 2, "dropout": 0.5, "activation": "tanh", "lr": 0.0010595152274780837, "window_size": 15, "batch_size": 64, "epochs": 20, "kernel_size": 5, "attention_heads": 4}, "parameter_index": 0}
[2026-05-18 22:39:57] INFO (NNIManager) submitTrialJob: form: {
  sequenceId: 89,
  hyperParameters: {
    value: '{"parameter_id": 89, "parameter_source": "algorithm", "parameters": {"model_type": "MLP", "units": 128, "num_layers": 2, "dropout": 0.5, "activation": "tanh", "lr": 0.0010595152274780837, "window_size": 15, "batch_size": 64, "epochs": 20, "kernel_size": 5, "attention_heads": 4}, "parameter_index": 0}',
    index: 0
  },
  placementConstraint: { type: 'None', gpus: [] }
}
[2026-05-18 22:39:57] INFO (LocalV3.local) Created trial AzugP
[2026-05-18 22:39:59] INFO (LocalV3.local) Trial parameter: AzugP {"parameter_id": 89, "parameter_source": "algorithm", "parameters": {"model_type": "MLP", "units": 128, "num_layers": 2, "dropout": 0.5, "activation": "tanh", "lr": 0.0010595152274780837, "window_size": 15, "batch_size": 64, "epochs": 20, "kernel_size": 5, "attention_heads": 4}, "parameter_index": 0}
[2026-05-18 22:40:06] INFO (NNIManager) Trial job AzugP status changed from RUNNING to SUCCEEDED
[2026-05-18 22:40:06] INFO (NNIManager) NNIManager received command from dispatcher: TR, {"parameter_id": 90, "parameter_source": "algorithm", "parameters": {"model_type": "MLP", "units": 32, "num_layers": 2, "dropout": 0.5, "activation": "tanh", "lr": 0.0014416469186160138, "window_size": 15, "batch_size": 64, "epochs": 5, "kernel_size": 5, "attention_heads": 4}, "parameter_index": 0}
[2026-05-18 22:40:06] INFO (NNIManager) submitTrialJob: form: {
  sequenceId: 90,
  hyperParameters: {
    value: '{"parameter_id": 90, "parameter_source": "algorithm", "parameters": {"model_type": "MLP", "units": 32, "num_layers": 2, "dropout": 0.5, "activation": "tanh", "lr": 0.0014416469186160138, "window_size": 15, "batch_size": 64, "epochs": 5, "kernel_size": 5, "attention_heads": 4}, "parameter_index": 0}',
    index: 0
  },
  placementConstraint: { type: 'None', gpus: [] }
}
[2026-05-18 22:40:06] INFO (LocalV3.local) Created trial RnrXC
[2026-05-18 22:40:08] INFO (LocalV3.local) Trial parameter: RnrXC {"parameter_id": 90, "parameter_source": "algorithm", "parameters": {"model_type": "MLP", "units": 32, "num_layers": 2, "dropout": 0.5, "activation": "tanh", "lr": 0.0014416469186160138, "window_size": 15, "batch_size": 64, "epochs": 5, "kernel_size": 5, "attention_heads": 4}, "parameter_index": 0}
[2026-05-18 22:40:11] INFO (NNIManager) Trial job RnrXC status changed from RUNNING to SUCCEEDED
[2026-05-18 22:40:11] INFO (NNIManager) NNIManager received command from dispatcher: TR, {"parameter_id": 91, "parameter_source": "algorithm", "parameters": {"model_type": "MLP", "units": 128, "num_layers": 2, "dropout": 0.5, "activation": "tanh", "lr": 0.0020480732095091376, "window_size": 15, "batch_size": 64, "epochs": 5, "kernel_size": 7, "attention_heads": 8}, "parameter_index": 0}
[2026-05-18 22:40:12] INFO (NNIManager) submitTrialJob: form: {
  sequenceId: 91,
  hyperParameters: {
    value: '{"parameter_id": 91, "parameter_source": "algorithm", "parameters": {"model_type": "MLP", "units": 128, "num_layers": 2, "dropout": 0.5, "activation": "tanh", "lr": 0.0020480732095091376, "window_size": 15, "batch_size": 64, "epochs": 5, "kernel_size": 7, "attention_heads": 8}, "parameter_index": 0}',
    index: 0
  },
  placementConstraint: { type: 'None', gpus: [] }
}
[2026-05-18 22:40:12] INFO (LocalV3.local) Created trial lWHuk
[2026-05-18 22:40:14] INFO (LocalV3.local) Trial parameter: lWHuk {"parameter_id": 91, "parameter_source": "algorithm", "parameters": {"model_type": "MLP", "units": 128, "num_layers": 2, "dropout": 0.5, "activation": "tanh", "lr": 0.0020480732095091376, "window_size": 15, "batch_size": 64, "epochs": 5, "kernel_size": 7, "attention_heads": 8}, "parameter_index": 0}
[2026-05-18 22:40:16] INFO (NNIManager) Trial job lWHuk status changed from RUNNING to SUCCEEDED
[2026-05-18 22:40:16] INFO (NNIManager) NNIManager received command from dispatcher: TR, {"parameter_id": 92, "parameter_source": "algorithm", "parameters": {"model_type": "MLP", "units": 128, "num_layers": 2, "dropout": 0.5, "activation": "tanh", "lr": 0.0015983467092139196, "window_size": 15, "batch_size": 64, "epochs": 5, "kernel_size": 3, "attention_heads": 4}, "parameter_index": 0}
[2026-05-18 22:40:17] INFO (NNIManager) submitTrialJob: form: {
  sequenceId: 92,
  hyperParameters: {
    value: '{"parameter_id": 92, "parameter_source": "algorithm", "parameters": {"model_type": "MLP", "units": 128, "num_layers": 2, "dropout": 0.5, "activation": "tanh", "lr": 0.0015983467092139196, "window_size": 15, "batch_size": 64, "epochs": 5, "kernel_size": 3, "attention_heads": 4}, "parameter_index": 0}',
    index: 0
  },
  placementConstraint: { type: 'None', gpus: [] }
}
[2026-05-18 22:40:17] INFO (LocalV3.local) Created trial O8KLG
[2026-05-18 22:40:19] INFO (LocalV3.local) Trial parameter: O8KLG {"parameter_id": 92, "parameter_source": "algorithm", "parameters": {"model_type": "MLP", "units": 128, "num_layers": 2, "dropout": 0.5, "activation": "tanh", "lr": 0.0015983467092139196, "window_size": 15, "batch_size": 64, "epochs": 5, "kernel_size": 3, "attention_heads": 4}, "parameter_index": 0}
[2026-05-18 22:40:22] INFO (NNIManager) Trial job O8KLG status changed from RUNNING to SUCCEEDED
[2026-05-18 22:40:22] INFO (NNIManager) NNIManager received command from dispatcher: TR, {"parameter_id": 93, "parameter_source": "algorithm", "parameters": {"model_type": "MLP", "units": 128, "num_layers": 2, "dropout": 0.1, "activation": "tanh", "lr": 0.0018244074278747325, "window_size": 15, "batch_size": 64, "epochs": 5, "kernel_size": 5, "attention_heads": 4}, "parameter_index": 0}
[2026-05-18 22:40:22] INFO (NNIManager) submitTrialJob: form: {
  sequenceId: 93,
  hyperParameters: {
    value: '{"parameter_id": 93, "parameter_source": "algorithm", "parameters": {"model_type": "MLP", "units": 128, "num_layers": 2, "dropout": 0.1, "activation": "tanh", "lr": 0.0018244074278747325, "window_size": 15, "batch_size": 64, "epochs": 5, "kernel_size": 5, "attention_heads": 4}, "parameter_index": 0}',
    index: 0
  },
  placementConstraint: { type: 'None', gpus: [] }
}
[2026-05-18 22:40:22] INFO (LocalV3.local) Created trial AFwa6
[2026-05-18 22:40:24] INFO (LocalV3.local) Trial parameter: AFwa6 {"parameter_id": 93, "parameter_source": "algorithm", "parameters": {"model_type": "MLP", "units": 128, "num_layers": 2, "dropout": 0.1, "activation": "tanh", "lr": 0.0018244074278747325, "window_size": 15, "batch_size": 64, "epochs": 5, "kernel_size": 5, "attention_heads": 4}, "parameter_index": 0}
[2026-05-18 22:40:27] INFO (NNIManager) Trial job AFwa6 status changed from RUNNING to SUCCEEDED
[2026-05-18 22:40:27] INFO (NNIManager) NNIManager received command from dispatcher: TR, {"parameter_id": 94, "parameter_source": "algorithm", "parameters": {"model_type": "MLP", "units": 128, "num_layers": 2, "dropout": 0.5, "activation": "tanh", "lr": 0.0026287862952947883, "window_size": 15, "batch_size": 32, "epochs": 5, "kernel_size": 5, "attention_heads": 4}, "parameter_index": 0}
[2026-05-18 22:40:28] INFO (NNIManager) submitTrialJob: form: {
  sequenceId: 94,
  hyperParameters: {
    value: '{"parameter_id": 94, "parameter_source": "algorithm", "parameters": {"model_type": "MLP", "units": 128, "num_layers": 2, "dropout": 0.5, "activation": "tanh", "lr": 0.0026287862952947883, "window_size": 15, "batch_size": 32, "epochs": 5, "kernel_size": 5, "attention_heads": 4}, "parameter_index": 0}',
    index: 0
  },
  placementConstraint: { type: 'None', gpus: [] }
}
[2026-05-18 22:40:28] INFO (LocalV3.local) Created trial vatYp
[2026-05-18 22:40:30] INFO (LocalV3.local) Trial parameter: vatYp {"parameter_id": 94, "parameter_source": "algorithm", "parameters": {"model_type": "MLP", "units": 128, "num_layers": 2, "dropout": 0.5, "activation": "tanh", "lr": 0.0026287862952947883, "window_size": 15, "batch_size": 32, "epochs": 5, "kernel_size": 5, "attention_heads": 4}, "parameter_index": 0}
[2026-05-18 22:40:33] INFO (NNIManager) Trial job vatYp status changed from RUNNING to SUCCEEDED
[2026-05-18 22:40:33] INFO (NNIManager) NNIManager received command from dispatcher: TR, {"parameter_id": 95, "parameter_source": "algorithm", "parameters": {"model_type": "MLP", "units": 128, "num_layers": 2, "dropout": 0.5, "activation": "tanh", "lr": 0.0020203727196012764, "window_size": 15, "batch_size": 64, "epochs": 5, "kernel_size": 5, "attention_heads": 4}, "parameter_index": 0}
[2026-05-18 22:40:33] INFO (NNIManager) submitTrialJob: form: {
  sequenceId: 95,
  hyperParameters: {
    value: '{"parameter_id": 95, "parameter_source": "algorithm", "parameters": {"model_type": "MLP", "units": 128, "num_layers": 2, "dropout": 0.5, "activation": "tanh", "lr": 0.0020203727196012764, "window_size": 15, "batch_size": 64, "epochs": 5, "kernel_size": 5, "attention_heads": 4}, "parameter_index": 0}',
    index: 0
  },
  placementConstraint: { type: 'None', gpus: [] }
}
[2026-05-18 22:40:33] INFO (LocalV3.local) Created trial xGTbu
[2026-05-18 22:40:35] INFO (LocalV3.local) Trial parameter: xGTbu {"parameter_id": 95, "parameter_source": "algorithm", "parameters": {"model_type": "MLP", "units": 128, "num_layers": 2, "dropout": 0.5, "activation": "tanh", "lr": 0.0020203727196012764, "window_size": 15, "batch_size": 64, "epochs": 5, "kernel_size": 5, "attention_heads": 4}, "parameter_index": 0}
[2026-05-18 22:40:38] INFO (NNIManager) Trial job xGTbu status changed from RUNNING to SUCCEEDED
[2026-05-18 22:40:38] INFO (NNIManager) NNIManager received command from dispatcher: TR, {"parameter_id": 96, "parameter_source": "algorithm", "parameters": {"model_type": "RNN", "units": 128, "num_layers": 2, "dropout": 0.5, "activation": "tanh", "lr": 0.002451656947575316, "window_size": 15, "batch_size": 64, "epochs": 5, "kernel_size": 5, "attention_heads": 4}, "parameter_index": 0}
[2026-05-18 22:40:39] INFO (NNIManager) submitTrialJob: form: {
  sequenceId: 96,
  hyperParameters: {
    value: '{"parameter_id": 96, "parameter_source": "algorithm", "parameters": {"model_type": "RNN", "units": 128, "num_layers": 2, "dropout": 0.5, "activation": "tanh", "lr": 0.002451656947575316, "window_size": 15, "batch_size": 64, "epochs": 5, "kernel_size": 5, "attention_heads": 4}, "parameter_index": 0}',
    index: 0
  },
  placementConstraint: { type: 'None', gpus: [] }
}
[2026-05-18 22:40:39] INFO (LocalV3.local) Created trial dKrvg
[2026-05-18 22:40:41] INFO (LocalV3.local) Trial parameter: dKrvg {"parameter_id": 96, "parameter_source": "algorithm", "parameters": {"model_type": "RNN", "units": 128, "num_layers": 2, "dropout": 0.5, "activation": "tanh", "lr": 0.002451656947575316, "window_size": 15, "batch_size": 64, "epochs": 5, "kernel_size": 5, "attention_heads": 4}, "parameter_index": 0}
[2026-05-18 22:40:48] INFO (NNIManager) Trial job dKrvg status changed from RUNNING to SUCCEEDED
[2026-05-18 22:40:48] INFO (NNIManager) NNIManager received command from dispatcher: TR, {"parameter_id": 97, "parameter_source": "algorithm", "parameters": {"model_type": "MLP", "units": 128, "num_layers": 2, "dropout": 0.5, "activation": "tanh", "lr": 0.0016626253793018309, "window_size": 15, "batch_size": 64, "epochs": 5, "kernel_size": 5, "attention_heads": 4}, "parameter_index": 0}
[2026-05-18 22:40:49] INFO (NNIManager) submitTrialJob: form: {
  sequenceId: 97,
  hyperParameters: {
    value: '{"parameter_id": 97, "parameter_source": "algorithm", "parameters": {"model_type": "MLP", "units": 128, "num_layers": 2, "dropout": 0.5, "activation": "tanh", "lr": 0.0016626253793018309, "window_size": 15, "batch_size": 64, "epochs": 5, "kernel_size": 5, "attention_heads": 4}, "parameter_index": 0}',
    index: 0
  },
  placementConstraint: { type: 'None', gpus: [] }
}
[2026-05-18 22:40:49] INFO (LocalV3.local) Created trial j9zuX
[2026-05-18 22:40:51] INFO (LocalV3.local) Trial parameter: j9zuX {"parameter_id": 97, "parameter_source": "algorithm", "parameters": {"model_type": "MLP", "units": 128, "num_layers": 2, "dropout": 0.5, "activation": "tanh", "lr": 0.0016626253793018309, "window_size": 15, "batch_size": 64, "epochs": 5, "kernel_size": 5, "attention_heads": 4}, "parameter_index": 0}
[2026-05-18 22:40:54] INFO (NNIManager) Trial job j9zuX status changed from RUNNING to SUCCEEDED
[2026-05-18 22:40:54] INFO (NNIManager) NNIManager received command from dispatcher: TR, {"parameter_id": 98, "parameter_source": "algorithm", "parameters": {"model_type": "MLP", "units": 128, "num_layers": 2, "dropout": 0.5, "activation": "tanh", "lr": 0.002132286045640202, "window_size": 15, "batch_size": 64, "epochs": 5, "kernel_size": 5, "attention_heads": 4}, "parameter_index": 0}
[2026-05-18 22:40:54] INFO (NNIManager) submitTrialJob: form: {
  sequenceId: 98,
  hyperParameters: {
    value: '{"parameter_id": 98, "parameter_source": "algorithm", "parameters": {"model_type": "MLP", "units": 128, "num_layers": 2, "dropout": 0.5, "activation": "tanh", "lr": 0.002132286045640202, "window_size": 15, "batch_size": 64, "epochs": 5, "kernel_size": 5, "attention_heads": 4}, "parameter_index": 0}',
    index: 0
  },
  placementConstraint: { type: 'None', gpus: [] }
}
[2026-05-18 22:40:54] INFO (LocalV3.local) Created trial h8i45
[2026-05-18 22:40:56] INFO (LocalV3.local) Trial parameter: h8i45 {"parameter_id": 98, "parameter_source": "algorithm", "parameters": {"model_type": "MLP", "units": 128, "num_layers": 2, "dropout": 0.5, "activation": "tanh", "lr": 0.002132286045640202, "window_size": 15, "batch_size": 64, "epochs": 5, "kernel_size": 5, "attention_heads": 4}, "parameter_index": 0}
[2026-05-18 22:40:59] INFO (NNIManager) Trial job h8i45 status changed from RUNNING to SUCCEEDED
[2026-05-18 22:40:59] INFO (NNIManager) NNIManager received command from dispatcher: TR, {"parameter_id": 99, "parameter_source": "algorithm", "parameters": {"model_type": "MLP", "units": 128, "num_layers": 2, "dropout": 0.5, "activation": "tanh", "lr": 0.0019964281363410823, "window_size": 15, "batch_size": 64, "epochs": 5, "kernel_size": 5, "attention_heads": 4}, "parameter_index": 0}
[2026-05-18 22:41:00] INFO (NNIManager) submitTrialJob: form: {
  sequenceId: 99,
  hyperParameters: {
    value: '{"parameter_id": 99, "parameter_source": "algorithm", "parameters": {"model_type": "MLP", "units": 128, "num_layers": 2, "dropout": 0.5, "activation": "tanh", "lr": 0.0019964281363410823, "window_size": 15, "batch_size": 64, "epochs": 5, "kernel_size": 5, "attention_heads": 4}, "parameter_index": 0}',
    index: 0
  },
  placementConstraint: { type: 'None', gpus: [] }
}
[2026-05-18 22:41:00] INFO (LocalV3.local) Created trial vDImW
[2026-05-18 22:41:02] INFO (LocalV3.local) Trial parameter: vDImW {"parameter_id": 99, "parameter_source": "algorithm", "parameters": {"model_type": "MLP", "units": 128, "num_layers": 2, "dropout": 0.5, "activation": "tanh", "lr": 0.0019964281363410823, "window_size": 15, "batch_size": 64, "epochs": 5, "kernel_size": 5, "attention_heads": 4}, "parameter_index": 0}
[2026-05-18 22:41:04] INFO (NNIManager) Trial job vDImW status changed from RUNNING to SUCCEEDED
[2026-05-18 22:41:04] INFO (NNIManager) NNIManager received command from dispatcher: TR, {"parameter_id": 100, "parameter_source": "algorithm", "parameters": {"model_type": "MLP", "units": 128, "num_layers": 2, "dropout": 0.5, "activation": "tanh", "lr": 0.0015914647395772594, "window_size": 12, "batch_size": 64, "epochs": 5, "kernel_size": 5, "attention_heads": 4}, "parameter_index": 0}
[2026-05-18 22:41:05] INFO (NNIManager) submitTrialJob: form: {
  sequenceId: 100,
  hyperParameters: {
    value: '{"parameter_id": 100, "parameter_source": "algorithm", "parameters": {"model_type": "MLP", "units": 128, "num_layers": 2, "dropout": 0.5, "activation": "tanh", "lr": 0.0015914647395772594, "window_size": 12, "batch_size": 64, "epochs": 5, "kernel_size": 5, "attention_heads": 4}, "parameter_index": 0}',
    index: 0
  },
  placementConstraint: { type: 'None', gpus: [] }
}
[2026-05-18 22:41:05] INFO (LocalV3.local) Created trial tC1SS
[2026-05-18 22:41:07] INFO (LocalV3.local) Trial parameter: tC1SS {"parameter_id": 100, "parameter_source": "algorithm", "parameters": {"model_type": "MLP", "units": 128, "num_layers": 2, "dropout": 0.5, "activation": "tanh", "lr": 0.0015914647395772594, "window_size": 12, "batch_size": 64, "epochs": 5, "kernel_size": 5, "attention_heads": 4}, "parameter_index": 0}
[2026-05-18 22:41:10] INFO (NNIManager) Trial job tC1SS status changed from RUNNING to SUCCEEDED
[2026-05-18 22:41:10] INFO (NNIManager) NNIManager received command from dispatcher: TR, {"parameter_id": 101, "parameter_source": "algorithm", "parameters": {"model_type": "MLP", "units": 128, "num_layers": 2, "dropout": 0.5, "activation": "tanh", "lr": 0.0016522369261920387, "window_size": 15, "batch_size": 64, "epochs": 5, "kernel_size": 5, "attention_heads": 4}, "parameter_index": 0}
[2026-05-18 22:41:11] INFO (NNIManager) submitTrialJob: form: {
  sequenceId: 101,
  hyperParameters: {
    value: '{"parameter_id": 101, "parameter_source": "algorithm", "parameters": {"model_type": "MLP", "units": 128, "num_layers": 2, "dropout": 0.5, "activation": "tanh", "lr": 0.0016522369261920387, "window_size": 15, "batch_size": 64, "epochs": 5, "kernel_size": 5, "attention_heads": 4}, "parameter_index": 0}',
    index: 0
  },
  placementConstraint: { type: 'None', gpus: [] }
}
[2026-05-18 22:41:11] INFO (LocalV3.local) Created trial MHBPK
[2026-05-18 22:41:13] INFO (LocalV3.local) Trial parameter: MHBPK {"parameter_id": 101, "parameter_source": "algorithm", "parameters": {"model_type": "MLP", "units": 128, "num_layers": 2, "dropout": 0.5, "activation": "tanh", "lr": 0.0016522369261920387, "window_size": 15, "batch_size": 64, "epochs": 5, "kernel_size": 5, "attention_heads": 4}, "parameter_index": 0}
[2026-05-18 22:41:16] INFO (NNIManager) Trial job MHBPK status changed from RUNNING to SUCCEEDED
[2026-05-18 22:41:16] INFO (NNIManager) NNIManager received command from dispatcher: TR, {"parameter_id": 102, "parameter_source": "algorithm", "parameters": {"model_type": "MLP", "units": 128, "num_layers": 2, "dropout": 0.5, "activation": "tanh", "lr": 0.0016287722792941676, "window_size": 15, "batch_size": 64, "epochs": 5, "kernel_size": 5, "attention_heads": 4}, "parameter_index": 0}
[2026-05-18 22:41:17] INFO (NNIManager) submitTrialJob: form: {
  sequenceId: 102,
  hyperParameters: {
    value: '{"parameter_id": 102, "parameter_source": "algorithm", "parameters": {"model_type": "MLP", "units": 128, "num_layers": 2, "dropout": 0.5, "activation": "tanh", "lr": 0.0016287722792941676, "window_size": 15, "batch_size": 64, "epochs": 5, "kernel_size": 5, "attention_heads": 4}, "parameter_index": 0}',
    index: 0
  },
  placementConstraint: { type: 'None', gpus: [] }
}
[2026-05-18 22:41:17] INFO (LocalV3.local) Created trial KCr7c
[2026-05-18 22:41:19] INFO (LocalV3.local) Trial parameter: KCr7c {"parameter_id": 102, "parameter_source": "algorithm", "parameters": {"model_type": "MLP", "units": 128, "num_layers": 2, "dropout": 0.5, "activation": "tanh", "lr": 0.0016287722792941676, "window_size": 15, "batch_size": 64, "epochs": 5, "kernel_size": 5, "attention_heads": 4}, "parameter_index": 0}
[2026-05-18 22:41:22] INFO (NNIManager) Trial job KCr7c status changed from RUNNING to SUCCEEDED
[2026-05-18 22:41:22] INFO (NNIManager) NNIManager received command from dispatcher: TR, {"parameter_id": 103, "parameter_source": "algorithm", "parameters": {"model_type": "RNN", "units": 128, "num_layers": 2, "dropout": 0.5, "activation": "tanh", "lr": 0.001972120401146232, "window_size": 15, "batch_size": 64, "epochs": 5, "kernel_size": 5, "attention_heads": 4}, "parameter_index": 0}
[2026-05-18 22:41:22] INFO (NNIManager) submitTrialJob: form: {
  sequenceId: 103,
  hyperParameters: {
    value: '{"parameter_id": 103, "parameter_source": "algorithm", "parameters": {"model_type": "RNN", "units": 128, "num_layers": 2, "dropout": 0.5, "activation": "tanh", "lr": 0.001972120401146232, "window_size": 15, "batch_size": 64, "epochs": 5, "kernel_size": 5, "attention_heads": 4}, "parameter_index": 0}',
    index: 0
  },
  placementConstraint: { type: 'None', gpus: [] }
}
[2026-05-18 22:41:22] INFO (LocalV3.local) Created trial QSv8v
[2026-05-18 22:41:24] INFO (LocalV3.local) Trial parameter: QSv8v {"parameter_id": 103, "parameter_source": "algorithm", "parameters": {"model_type": "RNN", "units": 128, "num_layers": 2, "dropout": 0.5, "activation": "tanh", "lr": 0.001972120401146232, "window_size": 15, "batch_size": 64, "epochs": 5, "kernel_size": 5, "attention_heads": 4}, "parameter_index": 0}
[2026-05-18 22:41:32] INFO (NNIManager) Trial job QSv8v status changed from RUNNING to SUCCEEDED
[2026-05-18 22:41:32] INFO (NNIManager) NNIManager received command from dispatcher: TR, {"parameter_id": 104, "parameter_source": "algorithm", "parameters": {"model_type": "MLP", "units": 128, "num_layers": 2, "dropout": 0.5, "activation": "tanh", "lr": 0.0024155651214242397, "window_size": 15, "batch_size": 64, "epochs": 5, "kernel_size": 5, "attention_heads": 4}, "parameter_index": 0}
[2026-05-18 22:41:32] INFO (NNIManager) submitTrialJob: form: {
  sequenceId: 104,
  hyperParameters: {
    value: '{"parameter_id": 104, "parameter_source": "algorithm", "parameters": {"model_type": "MLP", "units": 128, "num_layers": 2, "dropout": 0.5, "activation": "tanh", "lr": 0.0024155651214242397, "window_size": 15, "batch_size": 64, "epochs": 5, "kernel_size": 5, "attention_heads": 4}, "parameter_index": 0}',
    index: 0
  },
  placementConstraint: { type: 'None', gpus: [] }
}
[2026-05-18 22:41:32] INFO (LocalV3.local) Created trial xgOqM
[2026-05-18 22:41:34] INFO (LocalV3.local) Trial parameter: xgOqM {"parameter_id": 104, "parameter_source": "algorithm", "parameters": {"model_type": "MLP", "units": 128, "num_layers": 2, "dropout": 0.5, "activation": "tanh", "lr": 0.0024155651214242397, "window_size": 15, "batch_size": 64, "epochs": 5, "kernel_size": 5, "attention_heads": 4}, "parameter_index": 0}
[2026-05-18 22:41:37] INFO (NNIManager) Trial job xgOqM status changed from RUNNING to SUCCEEDED
[2026-05-18 22:41:37] INFO (NNIManager) NNIManager received command from dispatcher: TR, {"parameter_id": 105, "parameter_source": "algorithm", "parameters": {"model_type": "MLP", "units": 128, "num_layers": 2, "dropout": 0.5, "activation": "tanh", "lr": 0.0010280191350397695, "window_size": 15, "batch_size": 64, "epochs": 5, "kernel_size": 5, "attention_heads": 4}, "parameter_index": 0}
[2026-05-18 22:41:38] INFO (NNIManager) submitTrialJob: form: {
  sequenceId: 105,
  hyperParameters: {
    value: '{"parameter_id": 105, "parameter_source": "algorithm", "parameters": {"model_type": "MLP", "units": 128, "num_layers": 2, "dropout": 0.5, "activation": "tanh", "lr": 0.0010280191350397695, "window_size": 15, "batch_size": 64, "epochs": 5, "kernel_size": 5, "attention_heads": 4}, "parameter_index": 0}',
    index: 0
  },
  placementConstraint: { type: 'None', gpus: [] }
}
[2026-05-18 22:41:38] INFO (LocalV3.local) Created trial AySns
[2026-05-18 22:41:40] INFO (LocalV3.local) Trial parameter: AySns {"parameter_id": 105, "parameter_source": "algorithm", "parameters": {"model_type": "MLP", "units": 128, "num_layers": 2, "dropout": 0.5, "activation": "tanh", "lr": 0.0010280191350397695, "window_size": 15, "batch_size": 64, "epochs": 5, "kernel_size": 5, "attention_heads": 4}, "parameter_index": 0}
[2026-05-18 22:41:43] INFO (NNIManager) Trial job AySns status changed from RUNNING to SUCCEEDED
[2026-05-18 22:41:43] INFO (NNIManager) NNIManager received command from dispatcher: TR, {"parameter_id": 106, "parameter_source": "algorithm", "parameters": {"model_type": "MLP", "units": 128, "num_layers": 2, "dropout": 0.5, "activation": "tanh", "lr": 0.001138793884378633, "window_size": 15, "batch_size": 64, "epochs": 5, "kernel_size": 5, "attention_heads": 4}, "parameter_index": 0}
[2026-05-18 22:41:43] INFO (NNIManager) submitTrialJob: form: {
  sequenceId: 106,
  hyperParameters: {
    value: '{"parameter_id": 106, "parameter_source": "algorithm", "parameters": {"model_type": "MLP", "units": 128, "num_layers": 2, "dropout": 0.5, "activation": "tanh", "lr": 0.001138793884378633, "window_size": 15, "batch_size": 64, "epochs": 5, "kernel_size": 5, "attention_heads": 4}, "parameter_index": 0}',
    index: 0
  },
  placementConstraint: { type: 'None', gpus: [] }
}
[2026-05-18 22:41:44] INFO (LocalV3.local) Created trial xcwJN
[2026-05-18 22:41:46] INFO (LocalV3.local) Trial parameter: xcwJN {"parameter_id": 106, "parameter_source": "algorithm", "parameters": {"model_type": "MLP", "units": 128, "num_layers": 2, "dropout": 0.5, "activation": "tanh", "lr": 0.001138793884378633, "window_size": 15, "batch_size": 64, "epochs": 5, "kernel_size": 5, "attention_heads": 4}, "parameter_index": 0}
[2026-05-18 22:41:51] INFO (NNIManager) Trial job xcwJN status changed from RUNNING to SUCCEEDED
[2026-05-18 22:41:51] INFO (NNIManager) NNIManager received command from dispatcher: TR, {"parameter_id": 107, "parameter_source": "algorithm", "parameters": {"model_type": "MLP", "units": 128, "num_layers": 2, "dropout": 0.5, "activation": "tanh", "lr": 0.0020395611283020557, "window_size": 15, "batch_size": 64, "epochs": 5, "kernel_size": 5, "attention_heads": 4}, "parameter_index": 0}
[2026-05-18 22:41:51] INFO (NNIManager) submitTrialJob: form: {
  sequenceId: 107,
  hyperParameters: {
    value: '{"parameter_id": 107, "parameter_source": "algorithm", "parameters": {"model_type": "MLP", "units": 128, "num_layers": 2, "dropout": 0.5, "activation": "tanh", "lr": 0.0020395611283020557, "window_size": 15, "batch_size": 64, "epochs": 5, "kernel_size": 5, "attention_heads": 4}, "parameter_index": 0}',
    index: 0
  },
  placementConstraint: { type: 'None', gpus: [] }
}
[2026-05-18 22:41:51] INFO (LocalV3.local) Created trial VyysI
[2026-05-18 22:41:55] INFO (LocalV3.local) Trial parameter: VyysI {"parameter_id": 107, "parameter_source": "algorithm", "parameters": {"model_type": "MLP", "units": 128, "num_layers": 2, "dropout": 0.5, "activation": "tanh", "lr": 0.0020395611283020557, "window_size": 15, "batch_size": 64, "epochs": 5, "kernel_size": 5, "attention_heads": 4}, "parameter_index": 0}
[2026-05-18 22:41:59] INFO (NNIManager) Trial job VyysI status changed from RUNNING to SUCCEEDED
[2026-05-18 22:41:59] INFO (NNIManager) NNIManager received command from dispatcher: TR, {"parameter_id": 108, "parameter_source": "algorithm", "parameters": {"model_type": "RNN", "units": 128, "num_layers": 2, "dropout": 0.5, "activation": "tanh", "lr": 0.002395319936196324, "window_size": 15, "batch_size": 32, "epochs": 5, "kernel_size": 5, "attention_heads": 4}, "parameter_index": 0}
[2026-05-18 22:42:00] INFO (NNIManager) submitTrialJob: form: {
  sequenceId: 108,
  hyperParameters: {
    value: '{"parameter_id": 108, "parameter_source": "algorithm", "parameters": {"model_type": "RNN", "units": 128, "num_layers": 2, "dropout": 0.5, "activation": "tanh", "lr": 0.002395319936196324, "window_size": 15, "batch_size": 32, "epochs": 5, "kernel_size": 5, "attention_heads": 4}, "parameter_index": 0}',
    index: 0
  },
  placementConstraint: { type: 'None', gpus: [] }
}
[2026-05-18 22:42:00] INFO (LocalV3.local) Created trial ZGTRt
[2026-05-18 22:42:02] INFO (LocalV3.local) Trial parameter: ZGTRt {"parameter_id": 108, "parameter_source": "algorithm", "parameters": {"model_type": "RNN", "units": 128, "num_layers": 2, "dropout": 0.5, "activation": "tanh", "lr": 0.002395319936196324, "window_size": 15, "batch_size": 32, "epochs": 5, "kernel_size": 5, "attention_heads": 4}, "parameter_index": 0}
[2026-05-18 22:42:15] INFO (NNIManager) Trial job ZGTRt status changed from RUNNING to SUCCEEDED
[2026-05-18 22:42:15] INFO (NNIManager) NNIManager received command from dispatcher: TR, {"parameter_id": 109, "parameter_source": "algorithm", "parameters": {"model_type": "MLP", "units": 128, "num_layers": 2, "dropout": 0.5, "activation": "tanh", "lr": 0.001404063444806113, "window_size": 15, "batch_size": 64, "epochs": 5, "kernel_size": 5, "attention_heads": 4}, "parameter_index": 0}
[2026-05-18 22:42:16] INFO (NNIManager) submitTrialJob: form: {
  sequenceId: 109,
  hyperParameters: {
    value: '{"parameter_id": 109, "parameter_source": "algorithm", "parameters": {"model_type": "MLP", "units": 128, "num_layers": 2, "dropout": 0.5, "activation": "tanh", "lr": 0.001404063444806113, "window_size": 15, "batch_size": 64, "epochs": 5, "kernel_size": 5, "attention_heads": 4}, "parameter_index": 0}',
    index: 0
  },
  placementConstraint: { type: 'None', gpus: [] }
}
[2026-05-18 22:42:16] INFO (LocalV3.local) Created trial OrxE2
[2026-05-18 22:42:19] INFO (LocalV3.local) Trial parameter: OrxE2 {"parameter_id": 109, "parameter_source": "algorithm", "parameters": {"model_type": "MLP", "units": 128, "num_layers": 2, "dropout": 0.5, "activation": "tanh", "lr": 0.001404063444806113, "window_size": 15, "batch_size": 64, "epochs": 5, "kernel_size": 5, "attention_heads": 4}, "parameter_index": 0}
[2026-05-18 22:42:23] INFO (NNIManager) Trial job OrxE2 status changed from RUNNING to SUCCEEDED
[2026-05-18 22:42:23] INFO (NNIManager) NNIManager received command from dispatcher: TR, {"parameter_id": 110, "parameter_source": "algorithm", "parameters": {"model_type": "MLP", "units": 128, "num_layers": 2, "dropout": 0.5, "activation": "tanh", "lr": 0.0018204475892837609, "window_size": 15, "batch_size": 16, "epochs": 5, "kernel_size": 5, "attention_heads": 4}, "parameter_index": 0}
[2026-05-18 22:42:24] INFO (NNIManager) submitTrialJob: form: {
  sequenceId: 110,
  hyperParameters: {
    value: '{"parameter_id": 110, "parameter_source": "algorithm", "parameters": {"model_type": "MLP", "units": 128, "num_layers": 2, "dropout": 0.5, "activation": "tanh", "lr": 0.0018204475892837609, "window_size": 15, "batch_size": 16, "epochs": 5, "kernel_size": 5, "attention_heads": 4}, "parameter_index": 0}',
    index: 0
  },
  placementConstraint: { type: 'None', gpus: [] }
}
[2026-05-18 22:42:24] INFO (LocalV3.local) Created trial Sg732
[2026-05-18 22:42:27] INFO (LocalV3.local) Trial parameter: Sg732 {"parameter_id": 110, "parameter_source": "algorithm", "parameters": {"model_type": "MLP", "units": 128, "num_layers": 2, "dropout": 0.5, "activation": "tanh", "lr": 0.0018204475892837609, "window_size": 15, "batch_size": 16, "epochs": 5, "kernel_size": 5, "attention_heads": 4}, "parameter_index": 0}
[2026-05-18 22:42:34] INFO (NNIManager) Trial job Sg732 status changed from RUNNING to SUCCEEDED
[2026-05-18 22:42:34] INFO (NNIManager) NNIManager received command from dispatcher: TR, {"parameter_id": 111, "parameter_source": "algorithm", "parameters": {"model_type": "MLP", "units": 128, "num_layers": 2, "dropout": 0.5, "activation": "tanh", "lr": 0.0019577220222362817, "window_size": 15, "batch_size": 64, "epochs": 5, "kernel_size": 5, "attention_heads": 4}, "parameter_index": 0}
[2026-05-18 22:42:34] INFO (NNIManager) submitTrialJob: form: {
  sequenceId: 111,
  hyperParameters: {
    value: '{"parameter_id": 111, "parameter_source": "algorithm", "parameters": {"model_type": "MLP", "units": 128, "num_layers": 2, "dropout": 0.5, "activation": "tanh", "lr": 0.0019577220222362817, "window_size": 15, "batch_size": 64, "epochs": 5, "kernel_size": 5, "attention_heads": 4}, "parameter_index": 0}',
    index: 0
  },
  placementConstraint: { type: 'None', gpus: [] }
}
[2026-05-18 22:42:34] INFO (LocalV3.local) Created trial OvVn5
[2026-05-18 22:42:37] INFO (LocalV3.local) Trial parameter: OvVn5 {"parameter_id": 111, "parameter_source": "algorithm", "parameters": {"model_type": "MLP", "units": 128, "num_layers": 2, "dropout": 0.5, "activation": "tanh", "lr": 0.0019577220222362817, "window_size": 15, "batch_size": 64, "epochs": 5, "kernel_size": 5, "attention_heads": 4}, "parameter_index": 0}
[2026-05-18 22:42:42] INFO (NNIManager) Trial job OvVn5 status changed from RUNNING to SUCCEEDED
[2026-05-18 22:42:42] INFO (NNIManager) NNIManager received command from dispatcher: TR, {"parameter_id": 112, "parameter_source": "algorithm", "parameters": {"model_type": "RNN", "units": 128, "num_layers": 2, "dropout": 0.5, "activation": "tanh", "lr": 0.0028567114046153474, "window_size": 15, "batch_size": 64, "epochs": 5, "kernel_size": 5, "attention_heads": 4}, "parameter_index": 0}
[2026-05-18 22:42:42] INFO (NNIManager) submitTrialJob: form: {
  sequenceId: 112,
  hyperParameters: {
    value: '{"parameter_id": 112, "parameter_source": "algorithm", "parameters": {"model_type": "RNN", "units": 128, "num_layers": 2, "dropout": 0.5, "activation": "tanh", "lr": 0.0028567114046153474, "window_size": 15, "batch_size": 64, "epochs": 5, "kernel_size": 5, "attention_heads": 4}, "parameter_index": 0}',
    index: 0
  },
  placementConstraint: { type: 'None', gpus: [] }
}
[2026-05-18 22:42:42] INFO (LocalV3.local) Created trial rloRg
[2026-05-18 22:42:45] INFO (LocalV3.local) Trial parameter: rloRg {"parameter_id": 112, "parameter_source": "algorithm", "parameters": {"model_type": "RNN", "units": 128, "num_layers": 2, "dropout": 0.5, "activation": "tanh", "lr": 0.0028567114046153474, "window_size": 15, "batch_size": 64, "epochs": 5, "kernel_size": 5, "attention_heads": 4}, "parameter_index": 0}
[2026-05-18 22:42:55] INFO (NNIManager) Trial job rloRg status changed from RUNNING to SUCCEEDED
[2026-05-18 22:42:55] INFO (NNIManager) NNIManager received command from dispatcher: TR, {"parameter_id": 113, "parameter_source": "algorithm", "parameters": {"model_type": "MLP", "units": 128, "num_layers": 2, "dropout": 0.5, "activation": "tanh", "lr": 0.0015162594094204106, "window_size": 15, "batch_size": 64, "epochs": 5, "kernel_size": 5, "attention_heads": 4}, "parameter_index": 0}
[2026-05-18 22:42:56] INFO (NNIManager) submitTrialJob: form: {
  sequenceId: 113,
  hyperParameters: {
    value: '{"parameter_id": 113, "parameter_source": "algorithm", "parameters": {"model_type": "MLP", "units": 128, "num_layers": 2, "dropout": 0.5, "activation": "tanh", "lr": 0.0015162594094204106, "window_size": 15, "batch_size": 64, "epochs": 5, "kernel_size": 5, "attention_heads": 4}, "parameter_index": 0}',
    index: 0
  },
  placementConstraint: { type: 'None', gpus: [] }
}
[2026-05-18 22:42:56] INFO (LocalV3.local) Created trial s9RSK
[2026-05-18 22:42:59] INFO (LocalV3.local) Trial parameter: s9RSK {"parameter_id": 113, "parameter_source": "algorithm", "parameters": {"model_type": "MLP", "units": 128, "num_layers": 2, "dropout": 0.5, "activation": "tanh", "lr": 0.0015162594094204106, "window_size": 15, "batch_size": 64, "epochs": 5, "kernel_size": 5, "attention_heads": 4}, "parameter_index": 0}
[2026-05-18 22:43:03] INFO (NNIManager) Trial job s9RSK status changed from RUNNING to SUCCEEDED
[2026-05-18 22:43:03] INFO (NNIManager) NNIManager received command from dispatcher: TR, {"parameter_id": 114, "parameter_source": "algorithm", "parameters": {"model_type": "MLP", "units": 128, "num_layers": 2, "dropout": 0.5, "activation": "tanh", "lr": 0.001856777085148166, "window_size": 15, "batch_size": 64, "epochs": 5, "kernel_size": 5, "attention_heads": 4}, "parameter_index": 0}
[2026-05-18 22:43:04] INFO (NNIManager) submitTrialJob: form: {
  sequenceId: 114,
  hyperParameters: {
    value: '{"parameter_id": 114, "parameter_source": "algorithm", "parameters": {"model_type": "MLP", "units": 128, "num_layers": 2, "dropout": 0.5, "activation": "tanh", "lr": 0.001856777085148166, "window_size": 15, "batch_size": 64, "epochs": 5, "kernel_size": 5, "attention_heads": 4}, "parameter_index": 0}',
    index: 0
  },
  placementConstraint: { type: 'None', gpus: [] }
}
[2026-05-18 22:43:04] INFO (LocalV3.local) Created trial OMy1z
[2026-05-18 22:43:07] INFO (LocalV3.local) Trial parameter: OMy1z {"parameter_id": 114, "parameter_source": "algorithm", "parameters": {"model_type": "MLP", "units": 128, "num_layers": 2, "dropout": 0.5, "activation": "tanh", "lr": 0.001856777085148166, "window_size": 15, "batch_size": 64, "epochs": 5, "kernel_size": 5, "attention_heads": 4}, "parameter_index": 0}
[2026-05-18 22:43:11] INFO (NNIManager) Trial job OMy1z status changed from RUNNING to SUCCEEDED
[2026-05-18 22:43:11] INFO (NNIManager) NNIManager received command from dispatcher: TR, {"parameter_id": 115, "parameter_source": "algorithm", "parameters": {"model_type": "CNN", "units": 128, "num_layers": 2, "dropout": 0.5, "activation": "tanh", "lr": 0.0023229974443340715, "window_size": 15, "batch_size": 64, "epochs": 5, "kernel_size": 5, "attention_heads": 4}, "parameter_index": 0}
[2026-05-18 22:43:12] INFO (NNIManager) submitTrialJob: form: {
  sequenceId: 115,
  hyperParameters: {
    value: '{"parameter_id": 115, "parameter_source": "algorithm", "parameters": {"model_type": "CNN", "units": 128, "num_layers": 2, "dropout": 0.5, "activation": "tanh", "lr": 0.0023229974443340715, "window_size": 15, "batch_size": 64, "epochs": 5, "kernel_size": 5, "attention_heads": 4}, "parameter_index": 0}',
    index: 0
  },
  placementConstraint: { type: 'None', gpus: [] }
}
[2026-05-18 22:43:12] INFO (LocalV3.local) Created trial eJxoM
[2026-05-18 22:43:15] INFO (LocalV3.local) Trial parameter: eJxoM {"parameter_id": 115, "parameter_source": "algorithm", "parameters": {"model_type": "CNN", "units": 128, "num_layers": 2, "dropout": 0.5, "activation": "tanh", "lr": 0.0023229974443340715, "window_size": 15, "batch_size": 64, "epochs": 5, "kernel_size": 5, "attention_heads": 4}, "parameter_index": 0}
[2026-05-18 22:43:22] INFO (NNIManager) Trial job eJxoM status changed from RUNNING to SUCCEEDED
[2026-05-18 22:43:22] INFO (NNIManager) NNIManager received command from dispatcher: TR, {"parameter_id": 116, "parameter_source": "algorithm", "parameters": {"model_type": "MLP", "units": 128, "num_layers": 2, "dropout": 0.5, "activation": "tanh", "lr": 0.0015288483939039064, "window_size": 15, "batch_size": 64, "epochs": 5, "kernel_size": 5, "attention_heads": 4}, "parameter_index": 0}
[2026-05-18 22:43:22] INFO (NNIManager) submitTrialJob: form: {
  sequenceId: 116,
  hyperParameters: {
    value: '{"parameter_id": 116, "parameter_source": "algorithm", "parameters": {"model_type": "MLP", "units": 128, "num_layers": 2, "dropout": 0.5, "activation": "tanh", "lr": 0.0015288483939039064, "window_size": 15, "batch_size": 64, "epochs": 5, "kernel_size": 5, "attention_heads": 4}, "parameter_index": 0}',
    index: 0
  },
  placementConstraint: { type: 'None', gpus: [] }
}
[2026-05-18 22:43:22] INFO (LocalV3.local) Created trial EMM1W
[2026-05-18 22:43:25] INFO (LocalV3.local) Trial parameter: EMM1W {"parameter_id": 116, "parameter_source": "algorithm", "parameters": {"model_type": "MLP", "units": 128, "num_layers": 2, "dropout": 0.5, "activation": "tanh", "lr": 0.0015288483939039064, "window_size": 15, "batch_size": 64, "epochs": 5, "kernel_size": 5, "attention_heads": 4}, "parameter_index": 0}
[2026-05-18 22:43:30] INFO (NNIManager) Trial job EMM1W status changed from RUNNING to SUCCEEDED
[2026-05-18 22:43:30] INFO (NNIManager) NNIManager received command from dispatcher: TR, {"parameter_id": 117, "parameter_source": "algorithm", "parameters": {"model_type": "MLP", "units": 128, "num_layers": 2, "dropout": 0.5, "activation": "tanh", "lr": 0.0017103759622954173, "window_size": 15, "batch_size": 64, "epochs": 5, "kernel_size": 5, "attention_heads": 4}, "parameter_index": 0}
[2026-05-18 22:43:31] INFO (NNIManager) submitTrialJob: form: {
  sequenceId: 117,
  hyperParameters: {
    value: '{"parameter_id": 117, "parameter_source": "algorithm", "parameters": {"model_type": "MLP", "units": 128, "num_layers": 2, "dropout": 0.5, "activation": "tanh", "lr": 0.0017103759622954173, "window_size": 15, "batch_size": 64, "epochs": 5, "kernel_size": 5, "attention_heads": 4}, "parameter_index": 0}',
    index: 0
  },
  placementConstraint: { type: 'None', gpus: [] }
}
[2026-05-18 22:43:31] INFO (LocalV3.local) Created trial LS1Dv
[2026-05-18 22:43:33] INFO (LocalV3.local) Trial parameter: LS1Dv {"parameter_id": 117, "parameter_source": "algorithm", "parameters": {"model_type": "MLP", "units": 128, "num_layers": 2, "dropout": 0.5, "activation": "tanh", "lr": 0.0017103759622954173, "window_size": 15, "batch_size": 64, "epochs": 5, "kernel_size": 5, "attention_heads": 4}, "parameter_index": 0}
[2026-05-18 22:43:36] INFO (NNIManager) Trial job LS1Dv status changed from RUNNING to SUCCEEDED
[2026-05-18 22:43:36] INFO (NNIManager) NNIManager received command from dispatcher: TR, {"parameter_id": 118, "parameter_source": "algorithm", "parameters": {"model_type": "TCN", "units": 128, "num_layers": 2, "dropout": 0.5, "activation": "tanh", "lr": 0.004970586941517109, "window_size": 15, "batch_size": 64, "epochs": 20, "kernel_size": 5, "attention_heads": 2}, "parameter_index": 0}
[2026-05-18 22:43:36] INFO (NNIManager) submitTrialJob: form: {
  sequenceId: 118,
  hyperParameters: {
    value: '{"parameter_id": 118, "parameter_source": "algorithm", "parameters": {"model_type": "TCN", "units": 128, "num_layers": 2, "dropout": 0.5, "activation": "tanh", "lr": 0.004970586941517109, "window_size": 15, "batch_size": 64, "epochs": 20, "kernel_size": 5, "attention_heads": 2}, "parameter_index": 0}',
    index: 0
  },
  placementConstraint: { type: 'None', gpus: [] }
}
[2026-05-18 22:43:36] INFO (LocalV3.local) Created trial TbPyp
[2026-05-18 22:43:38] INFO (LocalV3.local) Trial parameter: TbPyp {"parameter_id": 118, "parameter_source": "algorithm", "parameters": {"model_type": "TCN", "units": 128, "num_layers": 2, "dropout": 0.5, "activation": "tanh", "lr": 0.004970586941517109, "window_size": 15, "batch_size": 64, "epochs": 20, "kernel_size": 5, "attention_heads": 2}, "parameter_index": 0}
[2026-05-18 22:43:54] INFO (NNIManager) Trial job TbPyp status changed from RUNNING to SUCCEEDED
[2026-05-18 22:43:54] INFO (NNIManager) NNIManager received command from dispatcher: TR, {"parameter_id": 119, "parameter_source": "algorithm", "parameters": {"model_type": "RNN", "units": 128, "num_layers": 2, "dropout": 0.2, "activation": "tanh", "lr": 0.0029569348925644607, "window_size": 15, "batch_size": 64, "epochs": 5, "kernel_size": 5, "attention_heads": 4}, "parameter_index": 0}
[2026-05-18 22:43:54] INFO (NNIManager) submitTrialJob: form: {
  sequenceId: 119,
  hyperParameters: {
    value: '{"parameter_id": 119, "parameter_source": "algorithm", "parameters": {"model_type": "RNN", "units": 128, "num_layers": 2, "dropout": 0.2, "activation": "tanh", "lr": 0.0029569348925644607, "window_size": 15, "batch_size": 64, "epochs": 5, "kernel_size": 5, "attention_heads": 4}, "parameter_index": 0}',
    index: 0
  },
  placementConstraint: { type: 'None', gpus: [] }
}
[2026-05-18 22:43:54] INFO (LocalV3.local) Created trial hWjUy
[2026-05-18 22:43:56] INFO (LocalV3.local) Trial parameter: hWjUy {"parameter_id": 119, "parameter_source": "algorithm", "parameters": {"model_type": "RNN", "units": 128, "num_layers": 2, "dropout": 0.2, "activation": "tanh", "lr": 0.0029569348925644607, "window_size": 15, "batch_size": 64, "epochs": 5, "kernel_size": 5, "attention_heads": 4}, "parameter_index": 0}
[2026-05-18 22:44:04] INFO (NNIManager) Trial job hWjUy status changed from RUNNING to SUCCEEDED
[2026-05-18 22:44:04] INFO (NNIManager) NNIManager received command from dispatcher: TR, {"parameter_id": 120, "parameter_source": "algorithm", "parameters": {"model_type": "GRU", "units": 128, "num_layers": 2, "dropout": 0.5, "activation": "tanh", "lr": 0.0017559824738947528, "window_size": 15, "batch_size": 64, "epochs": 5, "kernel_size": 5, "attention_heads": 4}, "parameter_index": 0}
[2026-05-18 22:44:04] INFO (NNIManager) submitTrialJob: form: {
  sequenceId: 120,
  hyperParameters: {
    value: '{"parameter_id": 120, "parameter_source": "algorithm", "parameters": {"model_type": "GRU", "units": 128, "num_layers": 2, "dropout": 0.5, "activation": "tanh", "lr": 0.0017559824738947528, "window_size": 15, "batch_size": 64, "epochs": 5, "kernel_size": 5, "attention_heads": 4}, "parameter_index": 0}',
    index: 0
  },
  placementConstraint: { type: 'None', gpus: [] }
}
[2026-05-18 22:44:04] INFO (LocalV3.local) Created trial LTYcK
[2026-05-18 22:44:06] INFO (LocalV3.local) Trial parameter: LTYcK {"parameter_id": 120, "parameter_source": "algorithm", "parameters": {"model_type": "GRU", "units": 128, "num_layers": 2, "dropout": 0.5, "activation": "tanh", "lr": 0.0017559824738947528, "window_size": 15, "batch_size": 64, "epochs": 5, "kernel_size": 5, "attention_heads": 4}, "parameter_index": 0}
[2026-05-18 22:44:21] INFO (NNIManager) Trial job LTYcK status changed from RUNNING to SUCCEEDED
[2026-05-18 22:44:21] INFO (NNIManager) NNIManager received command from dispatcher: TR, {"parameter_id": 121, "parameter_source": "algorithm", "parameters": {"model_type": "LSTM", "units": 128, "num_layers": 2, "dropout": 0.5, "activation": "tanh", "lr": 0.0016075524467723356, "window_size": 15, "batch_size": 64, "epochs": 5, "kernel_size": 3, "attention_heads": 4}, "parameter_index": 0}
[2026-05-18 22:44:22] INFO (NNIManager) submitTrialJob: form: {
  sequenceId: 121,
  hyperParameters: {
    value: '{"parameter_id": 121, "parameter_source": "algorithm", "parameters": {"model_type": "LSTM", "units": 128, "num_layers": 2, "dropout": 0.5, "activation": "tanh", "lr": 0.0016075524467723356, "window_size": 15, "batch_size": 64, "epochs": 5, "kernel_size": 3, "attention_heads": 4}, "parameter_index": 0}',
    index: 0
  },
  placementConstraint: { type: 'None', gpus: [] }
}
[2026-05-18 22:44:22] INFO (LocalV3.local) Created trial L1v88
[2026-05-18 22:44:24] INFO (LocalV3.local) Trial parameter: L1v88 {"parameter_id": 121, "parameter_source": "algorithm", "parameters": {"model_type": "LSTM", "units": 128, "num_layers": 2, "dropout": 0.5, "activation": "tanh", "lr": 0.0016075524467723356, "window_size": 15, "batch_size": 64, "epochs": 5, "kernel_size": 3, "attention_heads": 4}, "parameter_index": 0}
[2026-05-18 22:44:43] INFO (NNIManager) Trial job L1v88 status changed from RUNNING to SUCCEEDED
[2026-05-18 22:44:43] INFO (NNIManager) NNIManager received command from dispatcher: TR, {"parameter_id": 122, "parameter_source": "algorithm", "parameters": {"model_type": "MLP", "units": 128, "num_layers": 2, "dropout": 0.5, "activation": "tanh", "lr": 0.0010516458461596067, "window_size": 15, "batch_size": 64, "epochs": 5, "kernel_size": 5, "attention_heads": 4}, "parameter_index": 0}
[2026-05-18 22:44:43] INFO (NNIManager) submitTrialJob: form: {
  sequenceId: 122,
  hyperParameters: {
    value: '{"parameter_id": 122, "parameter_source": "algorithm", "parameters": {"model_type": "MLP", "units": 128, "num_layers": 2, "dropout": 0.5, "activation": "tanh", "lr": 0.0010516458461596067, "window_size": 15, "batch_size": 64, "epochs": 5, "kernel_size": 5, "attention_heads": 4}, "parameter_index": 0}',
    index: 0
  },
  placementConstraint: { type: 'None', gpus: [] }
}
[2026-05-18 22:44:43] INFO (LocalV3.local) Created trial LadMw
[2026-05-18 22:44:45] INFO (LocalV3.local) Trial parameter: LadMw {"parameter_id": 122, "parameter_source": "algorithm", "parameters": {"model_type": "MLP", "units": 128, "num_layers": 2, "dropout": 0.5, "activation": "tanh", "lr": 0.0010516458461596067, "window_size": 15, "batch_size": 64, "epochs": 5, "kernel_size": 5, "attention_heads": 4}, "parameter_index": 0}
[2026-05-18 22:44:49] INFO (NNIManager) Trial job LadMw status changed from RUNNING to SUCCEEDED
[2026-05-18 22:44:49] INFO (NNIManager) NNIManager received command from dispatcher: TR, {"parameter_id": 123, "parameter_source": "algorithm", "parameters": {"model_type": "MLP", "units": 128, "num_layers": 2, "dropout": 0.5, "activation": "tanh", "lr": 0.0013328431892905754, "window_size": 15, "batch_size": 64, "epochs": 5, "kernel_size": 5, "attention_heads": 4}, "parameter_index": 0}
[2026-05-18 22:44:49] INFO (NNIManager) submitTrialJob: form: {
  sequenceId: 123,
  hyperParameters: {
    value: '{"parameter_id": 123, "parameter_source": "algorithm", "parameters": {"model_type": "MLP", "units": 128, "num_layers": 2, "dropout": 0.5, "activation": "tanh", "lr": 0.0013328431892905754, "window_size": 15, "batch_size": 64, "epochs": 5, "kernel_size": 5, "attention_heads": 4}, "parameter_index": 0}',
    index: 0
  },
  placementConstraint: { type: 'None', gpus: [] }
}
[2026-05-18 22:44:49] INFO (LocalV3.local) Created trial c4Rsa
[2026-05-18 22:44:51] INFO (LocalV3.local) Trial parameter: c4Rsa {"parameter_id": 123, "parameter_source": "algorithm", "parameters": {"model_type": "MLP", "units": 128, "num_layers": 2, "dropout": 0.5, "activation": "tanh", "lr": 0.0013328431892905754, "window_size": 15, "batch_size": 64, "epochs": 5, "kernel_size": 5, "attention_heads": 4}, "parameter_index": 0}
[2026-05-18 22:44:54] INFO (NNIManager) Trial job c4Rsa status changed from RUNNING to SUCCEEDED
[2026-05-18 22:44:54] INFO (NNIManager) NNIManager received command from dispatcher: TR, {"parameter_id": 124, "parameter_source": "algorithm", "parameters": {"model_type": "MLP", "units": 128, "num_layers": 3, "dropout": 0.5, "activation": "tanh", "lr": 0.0011716548874679323, "window_size": 15, "batch_size": 64, "epochs": 5, "kernel_size": 5, "attention_heads": 4}, "parameter_index": 0}
[2026-05-18 22:44:54] INFO (NNIManager) submitTrialJob: form: {
  sequenceId: 124,
  hyperParameters: {
    value: '{"parameter_id": 124, "parameter_source": "algorithm", "parameters": {"model_type": "MLP", "units": 128, "num_layers": 3, "dropout": 0.5, "activation": "tanh", "lr": 0.0011716548874679323, "window_size": 15, "batch_size": 64, "epochs": 5, "kernel_size": 5, "attention_heads": 4}, "parameter_index": 0}',
    index: 0
  },
  placementConstraint: { type: 'None', gpus: [] }
}
[2026-05-18 22:44:54] INFO (LocalV3.local) Created trial nxsdw
[2026-05-18 22:44:56] INFO (LocalV3.local) Trial parameter: nxsdw {"parameter_id": 124, "parameter_source": "algorithm", "parameters": {"model_type": "MLP", "units": 128, "num_layers": 3, "dropout": 0.5, "activation": "tanh", "lr": 0.0011716548874679323, "window_size": 15, "batch_size": 64, "epochs": 5, "kernel_size": 5, "attention_heads": 4}, "parameter_index": 0}
[2026-05-18 22:44:57] INFO (NNIManager) Change NNIManager status from: RUNNING to: NO_MORE_TRIAL
[2026-05-18 22:45:00] INFO (NNIManager) Trial job nxsdw status changed from RUNNING to SUCCEEDED
[2026-05-18 22:45:00] INFO (NNIManager) Change NNIManager status from: NO_MORE_TRIAL to: DONE
[2026-05-18 22:45:00] INFO (NNIManager) Experiment done.
[2026-05-18 22:45:08] INFO (ShutdownManager) Initiate shutdown: SIGTERM
[2026-05-18 22:45:08] INFO (RestServer) Stopping REST server.
[2026-05-18 22:45:08] INFO (NNIManager) Change NNIManager status from: DONE to: STOPPING
[2026-05-18 22:45:08] INFO (NNIManager) Stopping experiment, cleaning up ...
[2026-05-18 22:45:08] INFO (RestServer) REST server stopped.
[2026-05-18 22:45:11] INFO (LocalV3.local) All trials stopped
[2026-05-18 22:45:11] INFO (NNIManager) Change NNIManager status from: STOPPING to: STOPPED
[2026-05-18 22:45:11] INFO (NNIManager) Experiment stopped.
[2026-05-18 22:45:11] INFO (NNITensorboardManager) Forced stopping all tensorboard task.
[2026-05-18 22:45:11] INFO (NNITensorboardManager) All tensorboard task stopped.
[2026-05-18 22:45:11] INFO (NNITensorboardManager) Tensorboard manager stopped.
[2026-05-18 22:45:11] INFO (ShutdownManager) Shutdown complete.
