[2026-05-19 00:26:30] INFO (main) Start NNI manager
[2026-05-19 00:26:30] INFO (RestServer) Starting REST server at port 8868, URL prefix: "/"
[2026-05-19 00:26:30] INFO (RestServer) REST server started.
[2026-05-19 00:26:30] INFO (NNIDataStore) Datastore initialization done
[2026-05-19 00:26:31] INFO (NNIManager) Starting experiment: m9oln8db
[2026-05-19 00:26:31] INFO (NNIManager) Setup training service...
[2026-05-19 00:26:31] INFO (NNIManager) Setup tuner...
[2026-05-19 00:26:31] INFO (NNIManager) Change NNIManager status from: INITIALIZED to: RUNNING
[2026-05-19 00:26:31] INFO (NNIManager) Add event listeners
[2026-05-19 00:26:31] INFO (LocalV3.local) Start
[2026-05-19 00:26:32] INFO (NNIManager) NNIManager received command from dispatcher: ID, 
[2026-05-19 00:26:32] INFO (NNIManager) NNIManager received command from dispatcher: TR, {"parameter_id": 0, "parameter_source": "algorithm", "parameters": {"model_type": "LSTM", "units": 32, "num_layers": 4, "dropout": 0.5, "activation": "sigmoid", "lr": 4.5431747820232096e-05, "window_size": 18, "batch_size": 64, "epochs": 20, "kernel_size": 3, "attention_heads": 2}, "parameter_index": 0}
[2026-05-19 00:26:32] INFO (NNIManager) submitTrialJob: form: {
  sequenceId: 0,
  hyperParameters: {
    value: '{"parameter_id": 0, "parameter_source": "algorithm", "parameters": {"model_type": "LSTM", "units": 32, "num_layers": 4, "dropout": 0.5, "activation": "sigmoid", "lr": 4.5431747820232096e-05, "window_size": 18, "batch_size": 64, "epochs": 20, "kernel_size": 3, "attention_heads": 2}, "parameter_index": 0}',
    index: 0
  },
  placementConstraint: { type: 'None', gpus: [] }
}
[2026-05-19 00:26:32] INFO (LocalV3.local) Register directory trial_code = /home/meliani/Desktop/phd/fast-track
[2026-05-19 00:26:32] INFO (LocalV3.local) Created trial hwiRa
[2026-05-19 00:26:34] INFO (LocalV3.local) Trial parameter: hwiRa {"parameter_id": 0, "parameter_source": "algorithm", "parameters": {"model_type": "LSTM", "units": 32, "num_layers": 4, "dropout": 0.5, "activation": "sigmoid", "lr": 4.5431747820232096e-05, "window_size": 18, "batch_size": 64, "epochs": 20, "kernel_size": 3, "attention_heads": 2}, "parameter_index": 0}
[2026-05-19 00:26:50] INFO (NNIManager) Trial job hwiRa status changed from RUNNING to SUCCEEDED
[2026-05-19 00:26:50] INFO (NNIManager) NNIManager received command from dispatcher: TR, {"parameter_id": 1, "parameter_source": "algorithm", "parameters": {"model_type": "Transformer", "units": 64, "num_layers": 2, "dropout": 0.3, "activation": "tanh", "lr": 2.0109535497713612e-05, "window_size": 27, "batch_size": 128, "epochs": 15, "kernel_size": 3, "attention_heads": 8}, "parameter_index": 0}
[2026-05-19 00:26:50] INFO (NNIManager) submitTrialJob: form: {
  sequenceId: 1,
  hyperParameters: {
    value: '{"parameter_id": 1, "parameter_source": "algorithm", "parameters": {"model_type": "Transformer", "units": 64, "num_layers": 2, "dropout": 0.3, "activation": "tanh", "lr": 2.0109535497713612e-05, "window_size": 27, "batch_size": 128, "epochs": 15, "kernel_size": 3, "attention_heads": 8}, "parameter_index": 0}',
    index: 0
  },
  placementConstraint: { type: 'None', gpus: [] }
}
[2026-05-19 00:26:50] INFO (LocalV3.local) Created trial pSXFp
[2026-05-19 00:26:52] INFO (LocalV3.local) Trial parameter: pSXFp {"parameter_id": 1, "parameter_source": "algorithm", "parameters": {"model_type": "Transformer", "units": 64, "num_layers": 2, "dropout": 0.3, "activation": "tanh", "lr": 2.0109535497713612e-05, "window_size": 27, "batch_size": 128, "epochs": 15, "kernel_size": 3, "attention_heads": 8}, "parameter_index": 0}
[2026-05-19 00:27:03] INFO (NNIManager) Trial job pSXFp status changed from RUNNING to SUCCEEDED
[2026-05-19 00:27:03] INFO (NNIManager) NNIManager received command from dispatcher: TR, {"parameter_id": 2, "parameter_source": "algorithm", "parameters": {"model_type": "GRU", "units": 64, "num_layers": 2, "dropout": 0.3, "activation": "elu", "lr": 7.675794520852439e-05, "window_size": 10, "batch_size": 16, "epochs": 20, "kernel_size": 2, "attention_heads": 4}, "parameter_index": 0}
[2026-05-19 00:27:04] INFO (NNIManager) submitTrialJob: form: {
  sequenceId: 2,
  hyperParameters: {
    value: '{"parameter_id": 2, "parameter_source": "algorithm", "parameters": {"model_type": "GRU", "units": 64, "num_layers": 2, "dropout": 0.3, "activation": "elu", "lr": 7.675794520852439e-05, "window_size": 10, "batch_size": 16, "epochs": 20, "kernel_size": 2, "attention_heads": 4}, "parameter_index": 0}',
    index: 0
  },
  placementConstraint: { type: 'None', gpus: [] }
}
[2026-05-19 00:27:04] INFO (LocalV3.local) Created trial Ck9PS
[2026-05-19 00:27:05] INFO (LocalV3.local) Trial parameter: Ck9PS {"parameter_id": 2, "parameter_source": "algorithm", "parameters": {"model_type": "GRU", "units": 64, "num_layers": 2, "dropout": 0.3, "activation": "elu", "lr": 7.675794520852439e-05, "window_size": 10, "batch_size": 16, "epochs": 20, "kernel_size": 2, "attention_heads": 4}, "parameter_index": 0}
[2026-05-19 00:27:23] INFO (NNIManager) Trial job Ck9PS status changed from RUNNING to SUCCEEDED
[2026-05-19 00:27:23] INFO (NNIManager) NNIManager received command from dispatcher: TR, {"parameter_id": 3, "parameter_source": "algorithm", "parameters": {"model_type": "GRU", "units": 16, "num_layers": 3, "dropout": 0.3, "activation": "elu", "lr": 0.003991008249576957, "window_size": 12, "batch_size": 128, "epochs": 5, "kernel_size": 7, "attention_heads": 4}, "parameter_index": 0}
[2026-05-19 00:27:24] INFO (NNIManager) submitTrialJob: form: {
  sequenceId: 3,
  hyperParameters: {
    value: '{"parameter_id": 3, "parameter_source": "algorithm", "parameters": {"model_type": "GRU", "units": 16, "num_layers": 3, "dropout": 0.3, "activation": "elu", "lr": 0.003991008249576957, "window_size": 12, "batch_size": 128, "epochs": 5, "kernel_size": 7, "attention_heads": 4}, "parameter_index": 0}',
    index: 0
  },
  placementConstraint: { type: 'None', gpus: [] }
}
[2026-05-19 00:27:24] INFO (LocalV3.local) Created trial Q2N3B
[2026-05-19 00:27:25] INFO (LocalV3.local) Trial parameter: Q2N3B {"parameter_id": 3, "parameter_source": "algorithm", "parameters": {"model_type": "GRU", "units": 16, "num_layers": 3, "dropout": 0.3, "activation": "elu", "lr": 0.003991008249576957, "window_size": 12, "batch_size": 128, "epochs": 5, "kernel_size": 7, "attention_heads": 4}, "parameter_index": 0}
[2026-05-19 00:27:33] INFO (NNIManager) Trial job Q2N3B status changed from RUNNING to SUCCEEDED
[2026-05-19 00:27:33] INFO (NNIManager) NNIManager received command from dispatcher: TR, {"parameter_id": 4, "parameter_source": "algorithm", "parameters": {"model_type": "TCN", "units": 16, "num_layers": 3, "dropout": 0.1, "activation": "elu", "lr": 1.777297572249844e-05, "window_size": 23, "batch_size": 128, "epochs": 5, "kernel_size": 7, "attention_heads": 2}, "parameter_index": 0}
[2026-05-19 00:27:34] INFO (NNIManager) submitTrialJob: form: {
  sequenceId: 4,
  hyperParameters: {
    value: '{"parameter_id": 4, "parameter_source": "algorithm", "parameters": {"model_type": "TCN", "units": 16, "num_layers": 3, "dropout": 0.1, "activation": "elu", "lr": 1.777297572249844e-05, "window_size": 23, "batch_size": 128, "epochs": 5, "kernel_size": 7, "attention_heads": 2}, "parameter_index": 0}',
    index: 0
  },
  placementConstraint: { type: 'None', gpus: [] }
}
[2026-05-19 00:27:34] INFO (LocalV3.local) Created trial pvV7y
[2026-05-19 00:27:35] INFO (LocalV3.local) Trial parameter: pvV7y {"parameter_id": 4, "parameter_source": "algorithm", "parameters": {"model_type": "TCN", "units": 16, "num_layers": 3, "dropout": 0.1, "activation": "elu", "lr": 1.777297572249844e-05, "window_size": 23, "batch_size": 128, "epochs": 5, "kernel_size": 7, "attention_heads": 2}, "parameter_index": 0}
[2026-05-19 00:27:38] INFO (NNIManager) Trial job pvV7y status changed from RUNNING to SUCCEEDED
[2026-05-19 00:27:38] INFO (NNIManager) NNIManager received command from dispatcher: TR, {"parameter_id": 5, "parameter_source": "algorithm", "parameters": {"model_type": "MLP", "units": 128, "num_layers": 4, "dropout": 0.5, "activation": "elu", "lr": 0.00013547451207170512, "window_size": 29, "batch_size": 128, "epochs": 20, "kernel_size": 7, "attention_heads": 4}, "parameter_index": 0}
[2026-05-19 00:27:39] INFO (NNIManager) submitTrialJob: form: {
  sequenceId: 5,
  hyperParameters: {
    value: '{"parameter_id": 5, "parameter_source": "algorithm", "parameters": {"model_type": "MLP", "units": 128, "num_layers": 4, "dropout": 0.5, "activation": "elu", "lr": 0.00013547451207170512, "window_size": 29, "batch_size": 128, "epochs": 20, "kernel_size": 7, "attention_heads": 4}, "parameter_index": 0}',
    index: 0
  },
  placementConstraint: { type: 'None', gpus: [] }
}
[2026-05-19 00:27:39] INFO (LocalV3.local) Created trial oTjJl
[2026-05-19 00:27:41] INFO (LocalV3.local) Trial parameter: oTjJl {"parameter_id": 5, "parameter_source": "algorithm", "parameters": {"model_type": "MLP", "units": 128, "num_layers": 4, "dropout": 0.5, "activation": "elu", "lr": 0.00013547451207170512, "window_size": 29, "batch_size": 128, "epochs": 20, "kernel_size": 7, "attention_heads": 4}, "parameter_index": 0}
[2026-05-19 00:27:45] INFO (NNIManager) Trial job oTjJl status changed from RUNNING to SUCCEEDED
[2026-05-19 00:27:45] INFO (NNIManager) NNIManager received command from dispatcher: TR, {"parameter_id": 6, "parameter_source": "algorithm", "parameters": {"model_type": "GRU", "units": 256, "num_layers": 3, "dropout": 0.2, "activation": "tanh", "lr": 2.3928223199587033e-05, "window_size": 18, "batch_size": 16, "epochs": 10, "kernel_size": 7, "attention_heads": 2}, "parameter_index": 0}
[2026-05-19 00:27:46] INFO (NNIManager) submitTrialJob: form: {
  sequenceId: 6,
  hyperParameters: {
    value: '{"parameter_id": 6, "parameter_source": "algorithm", "parameters": {"model_type": "GRU", "units": 256, "num_layers": 3, "dropout": 0.2, "activation": "tanh", "lr": 2.3928223199587033e-05, "window_size": 18, "batch_size": 16, "epochs": 10, "kernel_size": 7, "attention_heads": 2}, "parameter_index": 0}',
    index: 0
  },
  placementConstraint: { type: 'None', gpus: [] }
}
[2026-05-19 00:27:46] INFO (LocalV3.local) Created trial LWtnv
[2026-05-19 00:27:47] INFO (LocalV3.local) Trial parameter: LWtnv {"parameter_id": 6, "parameter_source": "algorithm", "parameters": {"model_type": "GRU", "units": 256, "num_layers": 3, "dropout": 0.2, "activation": "tanh", "lr": 2.3928223199587033e-05, "window_size": 18, "batch_size": 16, "epochs": 10, "kernel_size": 7, "attention_heads": 2}, "parameter_index": 0}
[2026-05-19 00:28:21] INFO (NNIManager) Trial job LWtnv status changed from RUNNING to SUCCEEDED
[2026-05-19 00:28:21] INFO (NNIManager) NNIManager received command from dispatcher: TR, {"parameter_id": 7, "parameter_source": "algorithm", "parameters": {"model_type": "RNN", "units": 64, "num_layers": 1, "dropout": 0.5, "activation": "relu", "lr": 1.3698900067611153e-05, "window_size": 5, "batch_size": 128, "epochs": 5, "kernel_size": 5, "attention_heads": 4}, "parameter_index": 0}
[2026-05-19 00:28:21] INFO (NNIManager) submitTrialJob: form: {
  sequenceId: 7,
  hyperParameters: {
    value: '{"parameter_id": 7, "parameter_source": "algorithm", "parameters": {"model_type": "RNN", "units": 64, "num_layers": 1, "dropout": 0.5, "activation": "relu", "lr": 1.3698900067611153e-05, "window_size": 5, "batch_size": 128, "epochs": 5, "kernel_size": 5, "attention_heads": 4}, "parameter_index": 0}',
    index: 0
  },
  placementConstraint: { type: 'None', gpus: [] }
}
[2026-05-19 00:28:21] INFO (LocalV3.local) Created trial mhODK
[2026-05-19 00:28:23] INFO (LocalV3.local) Trial parameter: mhODK {"parameter_id": 7, "parameter_source": "algorithm", "parameters": {"model_type": "RNN", "units": 64, "num_layers": 1, "dropout": 0.5, "activation": "relu", "lr": 1.3698900067611153e-05, "window_size": 5, "batch_size": 128, "epochs": 5, "kernel_size": 5, "attention_heads": 4}, "parameter_index": 0}
[2026-05-19 00:28:26] INFO (NNIManager) Trial job mhODK status changed from RUNNING to SUCCEEDED
[2026-05-19 00:28:26] INFO (NNIManager) NNIManager received command from dispatcher: TR, {"parameter_id": 8, "parameter_source": "algorithm", "parameters": {"model_type": "LSTM", "units": 128, "num_layers": 1, "dropout": 0.1, "activation": "relu", "lr": 0.001594675867756731, "window_size": 5, "batch_size": 128, "epochs": 5, "kernel_size": 5, "attention_heads": 2}, "parameter_index": 0}
[2026-05-19 00:28:27] INFO (NNIManager) submitTrialJob: form: {
  sequenceId: 8,
  hyperParameters: {
    value: '{"parameter_id": 8, "parameter_source": "algorithm", "parameters": {"model_type": "LSTM", "units": 128, "num_layers": 1, "dropout": 0.1, "activation": "relu", "lr": 0.001594675867756731, "window_size": 5, "batch_size": 128, "epochs": 5, "kernel_size": 5, "attention_heads": 2}, "parameter_index": 0}',
    index: 0
  },
  placementConstraint: { type: 'None', gpus: [] }
}
[2026-05-19 00:28:27] INFO (LocalV3.local) Created trial i58rw
[2026-05-19 00:28:29] INFO (LocalV3.local) Trial parameter: i58rw {"parameter_id": 8, "parameter_source": "algorithm", "parameters": {"model_type": "LSTM", "units": 128, "num_layers": 1, "dropout": 0.1, "activation": "relu", "lr": 0.001594675867756731, "window_size": 5, "batch_size": 128, "epochs": 5, "kernel_size": 5, "attention_heads": 2}, "parameter_index": 0}
[2026-05-19 00:28:33] INFO (NNIManager) Trial job i58rw status changed from RUNNING to SUCCEEDED
[2026-05-19 00:28:33] INFO (NNIManager) NNIManager received command from dispatcher: TR, {"parameter_id": 9, "parameter_source": "algorithm", "parameters": {"model_type": "LSTM", "units": 32, "num_layers": 4, "dropout": 0.2, "activation": "elu", "lr": 0.0003776669578317301, "window_size": 20, "batch_size": 64, "epochs": 5, "kernel_size": 5, "attention_heads": 8}, "parameter_index": 0}
[2026-05-19 00:28:33] INFO (NNIManager) submitTrialJob: form: {
  sequenceId: 9,
  hyperParameters: {
    value: '{"parameter_id": 9, "parameter_source": "algorithm", "parameters": {"model_type": "LSTM", "units": 32, "num_layers": 4, "dropout": 0.2, "activation": "elu", "lr": 0.0003776669578317301, "window_size": 20, "batch_size": 64, "epochs": 5, "kernel_size": 5, "attention_heads": 8}, "parameter_index": 0}',
    index: 0
  },
  placementConstraint: { type: 'None', gpus: [] }
}
[2026-05-19 00:28:33] INFO (LocalV3.local) Created trial QvfhG
[2026-05-19 00:28:35] INFO (LocalV3.local) Trial parameter: QvfhG {"parameter_id": 9, "parameter_source": "algorithm", "parameters": {"model_type": "LSTM", "units": 32, "num_layers": 4, "dropout": 0.2, "activation": "elu", "lr": 0.0003776669578317301, "window_size": 20, "batch_size": 64, "epochs": 5, "kernel_size": 5, "attention_heads": 8}, "parameter_index": 0}
[2026-05-19 00:28:45] INFO (NNIManager) Trial job QvfhG status changed from RUNNING to SUCCEEDED
[2026-05-19 00:28:45] INFO (NNIManager) NNIManager received command from dispatcher: TR, {"parameter_id": 10, "parameter_source": "algorithm", "parameters": {"model_type": "TCN", "units": 128, "num_layers": 3, "dropout": 0, "activation": "elu", "lr": 0.0015358028854794842, "window_size": 10, "batch_size": 16, "epochs": 5, "kernel_size": 2, "attention_heads": 2}, "parameter_index": 0}
[2026-05-19 00:28:45] INFO (NNIManager) submitTrialJob: form: {
  sequenceId: 10,
  hyperParameters: {
    value: '{"parameter_id": 10, "parameter_source": "algorithm", "parameters": {"model_type": "TCN", "units": 128, "num_layers": 3, "dropout": 0, "activation": "elu", "lr": 0.0015358028854794842, "window_size": 10, "batch_size": 16, "epochs": 5, "kernel_size": 2, "attention_heads": 2}, "parameter_index": 0}',
    index: 0
  },
  placementConstraint: { type: 'None', gpus: [] }
}
[2026-05-19 00:28:45] INFO (LocalV3.local) Created trial yY5qV
[2026-05-19 00:28:48] INFO (LocalV3.local) Trial parameter: yY5qV {"parameter_id": 10, "parameter_source": "algorithm", "parameters": {"model_type": "TCN", "units": 128, "num_layers": 3, "dropout": 0, "activation": "elu", "lr": 0.0015358028854794842, "window_size": 10, "batch_size": 16, "epochs": 5, "kernel_size": 2, "attention_heads": 2}, "parameter_index": 0}
[2026-05-19 00:28:51] INFO (NNIManager) Trial job yY5qV status changed from RUNNING to SUCCEEDED
[2026-05-19 00:28:51] INFO (NNIManager) NNIManager received command from dispatcher: TR, {"parameter_id": 11, "parameter_source": "algorithm", "parameters": {"model_type": "LSTM", "units": 16, "num_layers": 3, "dropout": 0, "activation": "tanh", "lr": 1.002378937399322e-05, "window_size": 30, "batch_size": 128, "epochs": 20, "kernel_size": 3, "attention_heads": 8}, "parameter_index": 0}
[2026-05-19 00:28:52] INFO (NNIManager) submitTrialJob: form: {
  sequenceId: 11,
  hyperParameters: {
    value: '{"parameter_id": 11, "parameter_source": "algorithm", "parameters": {"model_type": "LSTM", "units": 16, "num_layers": 3, "dropout": 0, "activation": "tanh", "lr": 1.002378937399322e-05, "window_size": 30, "batch_size": 128, "epochs": 20, "kernel_size": 3, "attention_heads": 8}, "parameter_index": 0}',
    index: 0
  },
  placementConstraint: { type: 'None', gpus: [] }
}
[2026-05-19 00:28:52] INFO (LocalV3.local) Created trial EifBk
[2026-05-19 00:28:54] INFO (LocalV3.local) Trial parameter: EifBk {"parameter_id": 11, "parameter_source": "algorithm", "parameters": {"model_type": "LSTM", "units": 16, "num_layers": 3, "dropout": 0, "activation": "tanh", "lr": 1.002378937399322e-05, "window_size": 30, "batch_size": 128, "epochs": 20, "kernel_size": 3, "attention_heads": 8}, "parameter_index": 0}
[2026-05-19 00:29:05] INFO (NNIManager) Trial job EifBk status changed from RUNNING to SUCCEEDED
[2026-05-19 00:29:05] INFO (NNIManager) NNIManager received command from dispatcher: TR, {"parameter_id": 12, "parameter_source": "algorithm", "parameters": {"model_type": "MLP", "units": 16, "num_layers": 3, "dropout": 0.3, "activation": "tanh", "lr": 8.8112761459864e-05, "window_size": 20, "batch_size": 128, "epochs": 15, "kernel_size": 3, "attention_heads": 8}, "parameter_index": 0}
[2026-05-19 00:29:05] INFO (NNIManager) submitTrialJob: form: {
  sequenceId: 12,
  hyperParameters: {
    value: '{"parameter_id": 12, "parameter_source": "algorithm", "parameters": {"model_type": "MLP", "units": 16, "num_layers": 3, "dropout": 0.3, "activation": "tanh", "lr": 8.8112761459864e-05, "window_size": 20, "batch_size": 128, "epochs": 15, "kernel_size": 3, "attention_heads": 8}, "parameter_index": 0}',
    index: 0
  },
  placementConstraint: { type: 'None', gpus: [] }
}
[2026-05-19 00:29:05] INFO (LocalV3.local) Created trial YBNGI
[2026-05-19 00:29:07] INFO (LocalV3.local) Trial parameter: YBNGI {"parameter_id": 12, "parameter_source": "algorithm", "parameters": {"model_type": "MLP", "units": 16, "num_layers": 3, "dropout": 0.3, "activation": "tanh", "lr": 8.8112761459864e-05, "window_size": 20, "batch_size": 128, "epochs": 15, "kernel_size": 3, "attention_heads": 8}, "parameter_index": 0}
[2026-05-19 00:29:11] INFO (NNIManager) Trial job YBNGI status changed from RUNNING to SUCCEEDED
[2026-05-19 00:29:11] INFO (NNIManager) NNIManager received command from dispatcher: TR, {"parameter_id": 13, "parameter_source": "algorithm", "parameters": {"model_type": "CNN", "units": 128, "num_layers": 2, "dropout": 0, "activation": "sigmoid", "lr": 0.00017775875515587487, "window_size": 13, "batch_size": 128, "epochs": 5, "kernel_size": 2, "attention_heads": 4}, "parameter_index": 0}
[2026-05-19 00:29:11] INFO (NNIManager) submitTrialJob: form: {
  sequenceId: 13,
  hyperParameters: {
    value: '{"parameter_id": 13, "parameter_source": "algorithm", "parameters": {"model_type": "CNN", "units": 128, "num_layers": 2, "dropout": 0, "activation": "sigmoid", "lr": 0.00017775875515587487, "window_size": 13, "batch_size": 128, "epochs": 5, "kernel_size": 2, "attention_heads": 4}, "parameter_index": 0}',
    index: 0
  },
  placementConstraint: { type: 'None', gpus: [] }
}
[2026-05-19 00:29:11] INFO (LocalV3.local) Created trial a9G7J
[2026-05-19 00:29:13] INFO (LocalV3.local) Trial parameter: a9G7J {"parameter_id": 13, "parameter_source": "algorithm", "parameters": {"model_type": "CNN", "units": 128, "num_layers": 2, "dropout": 0, "activation": "sigmoid", "lr": 0.00017775875515587487, "window_size": 13, "batch_size": 128, "epochs": 5, "kernel_size": 2, "attention_heads": 4}, "parameter_index": 0}
[2026-05-19 00:29:15] INFO (NNIManager) Trial job a9G7J status changed from RUNNING to SUCCEEDED
[2026-05-19 00:29:15] INFO (NNIManager) NNIManager received command from dispatcher: TR, {"parameter_id": 14, "parameter_source": "algorithm", "parameters": {"model_type": "Transformer", "units": 256, "num_layers": 2, "dropout": 0, "activation": "elu", "lr": 0.001471777933935194, "window_size": 13, "batch_size": 128, "epochs": 5, "kernel_size": 5, "attention_heads": 4}, "parameter_index": 0}
[2026-05-19 00:29:16] INFO (NNIManager) submitTrialJob: form: {
  sequenceId: 14,
  hyperParameters: {
    value: '{"parameter_id": 14, "parameter_source": "algorithm", "parameters": {"model_type": "Transformer", "units": 256, "num_layers": 2, "dropout": 0, "activation": "elu", "lr": 0.001471777933935194, "window_size": 13, "batch_size": 128, "epochs": 5, "kernel_size": 5, "attention_heads": 4}, "parameter_index": 0}',
    index: 0
  },
  placementConstraint: { type: 'None', gpus: [] }
}
[2026-05-19 00:29:16] INFO (LocalV3.local) Created trial rs2dS
[2026-05-19 00:29:18] INFO (LocalV3.local) Trial parameter: rs2dS {"parameter_id": 14, "parameter_source": "algorithm", "parameters": {"model_type": "Transformer", "units": 256, "num_layers": 2, "dropout": 0, "activation": "elu", "lr": 0.001471777933935194, "window_size": 13, "batch_size": 128, "epochs": 5, "kernel_size": 5, "attention_heads": 4}, "parameter_index": 0}
[2026-05-19 00:29:26] INFO (NNIManager) Trial job rs2dS status changed from RUNNING to SUCCEEDED
[2026-05-19 00:29:26] INFO (NNIManager) NNIManager received command from dispatcher: TR, {"parameter_id": 15, "parameter_source": "algorithm", "parameters": {"model_type": "RNN", "units": 128, "num_layers": 1, "dropout": 0.2, "activation": "sigmoid", "lr": 0.00036571764543993695, "window_size": 2, "batch_size": 32, "epochs": 20, "kernel_size": 5, "attention_heads": 8}, "parameter_index": 0}
[2026-05-19 00:29:26] INFO (NNIManager) submitTrialJob: form: {
  sequenceId: 15,
  hyperParameters: {
    value: '{"parameter_id": 15, "parameter_source": "algorithm", "parameters": {"model_type": "RNN", "units": 128, "num_layers": 1, "dropout": 0.2, "activation": "sigmoid", "lr": 0.00036571764543993695, "window_size": 2, "batch_size": 32, "epochs": 20, "kernel_size": 5, "attention_heads": 8}, "parameter_index": 0}',
    index: 0
  },
  placementConstraint: { type: 'None', gpus: [] }
}
[2026-05-19 00:29:26] INFO (LocalV3.local) Created trial mDCLD
[2026-05-19 00:29:28] INFO (LocalV3.local) Trial parameter: mDCLD {"parameter_id": 15, "parameter_source": "algorithm", "parameters": {"model_type": "RNN", "units": 128, "num_layers": 1, "dropout": 0.2, "activation": "sigmoid", "lr": 0.00036571764543993695, "window_size": 2, "batch_size": 32, "epochs": 20, "kernel_size": 5, "attention_heads": 8}, "parameter_index": 0}
[2026-05-19 00:29:33] INFO (NNIManager) Trial job mDCLD status changed from RUNNING to SUCCEEDED
[2026-05-19 00:29:33] INFO (NNIManager) NNIManager received command from dispatcher: TR, {"parameter_id": 16, "parameter_source": "algorithm", "parameters": {"model_type": "TCN", "units": 128, "num_layers": 3, "dropout": 0.5, "activation": "elu", "lr": 0.005556450970523814, "window_size": 7, "batch_size": 16, "epochs": 20, "kernel_size": 7, "attention_heads": 4}, "parameter_index": 0}
[2026-05-19 00:29:34] INFO (NNIManager) submitTrialJob: form: {
  sequenceId: 16,
  hyperParameters: {
    value: '{"parameter_id": 16, "parameter_source": "algorithm", "parameters": {"model_type": "TCN", "units": 128, "num_layers": 3, "dropout": 0.5, "activation": "elu", "lr": 0.005556450970523814, "window_size": 7, "batch_size": 16, "epochs": 20, "kernel_size": 7, "attention_heads": 4}, "parameter_index": 0}',
    index: 0
  },
  placementConstraint: { type: 'None', gpus: [] }
}
[2026-05-19 00:29:34] INFO (LocalV3.local) Created trial o9gow
[2026-05-19 00:29:36] INFO (LocalV3.local) Trial parameter: o9gow {"parameter_id": 16, "parameter_source": "algorithm", "parameters": {"model_type": "TCN", "units": 128, "num_layers": 3, "dropout": 0.5, "activation": "elu", "lr": 0.005556450970523814, "window_size": 7, "batch_size": 16, "epochs": 20, "kernel_size": 7, "attention_heads": 4}, "parameter_index": 0}
[2026-05-19 00:29:48] INFO (NNIManager) Trial job o9gow status changed from RUNNING to SUCCEEDED
[2026-05-19 00:29:48] INFO (NNIManager) NNIManager received command from dispatcher: TR, {"parameter_id": 17, "parameter_source": "algorithm", "parameters": {"model_type": "LSTM", "units": 32, "num_layers": 2, "dropout": 0, "activation": "relu", "lr": 0.006976859059132261, "window_size": 20, "batch_size": 16, "epochs": 20, "kernel_size": 7, "attention_heads": 4}, "parameter_index": 0}
[2026-05-19 00:29:48] INFO (NNIManager) submitTrialJob: form: {
  sequenceId: 17,
  hyperParameters: {
    value: '{"parameter_id": 17, "parameter_source": "algorithm", "parameters": {"model_type": "LSTM", "units": 32, "num_layers": 2, "dropout": 0, "activation": "relu", "lr": 0.006976859059132261, "window_size": 20, "batch_size": 16, "epochs": 20, "kernel_size": 7, "attention_heads": 4}, "parameter_index": 0}',
    index: 0
  },
  placementConstraint: { type: 'None', gpus: [] }
}
[2026-05-19 00:29:48] INFO (LocalV3.local) Created trial hn1LU
[2026-05-19 00:29:50] INFO (LocalV3.local) Trial parameter: hn1LU {"parameter_id": 17, "parameter_source": "algorithm", "parameters": {"model_type": "LSTM", "units": 32, "num_layers": 2, "dropout": 0, "activation": "relu", "lr": 0.006976859059132261, "window_size": 20, "batch_size": 16, "epochs": 20, "kernel_size": 7, "attention_heads": 4}, "parameter_index": 0}
[2026-05-19 00:30:09] INFO (NNIManager) Trial job hn1LU status changed from RUNNING to SUCCEEDED
[2026-05-19 00:30:09] INFO (NNIManager) NNIManager received command from dispatcher: TR, {"parameter_id": 18, "parameter_source": "algorithm", "parameters": {"model_type": "CNN", "units": 16, "num_layers": 1, "dropout": 0.2, "activation": "relu", "lr": 0.007509734234121476, "window_size": 20, "batch_size": 16, "epochs": 15, "kernel_size": 5, "attention_heads": 8}, "parameter_index": 0}
[2026-05-19 00:30:10] INFO (NNIManager) submitTrialJob: form: {
  sequenceId: 18,
  hyperParameters: {
    value: '{"parameter_id": 18, "parameter_source": "algorithm", "parameters": {"model_type": "CNN", "units": 16, "num_layers": 1, "dropout": 0.2, "activation": "relu", "lr": 0.007509734234121476, "window_size": 20, "batch_size": 16, "epochs": 15, "kernel_size": 5, "attention_heads": 8}, "parameter_index": 0}',
    index: 0
  },
  placementConstraint: { type: 'None', gpus: [] }
}
[2026-05-19 00:30:10] INFO (LocalV3.local) Created trial YwWbj
[2026-05-19 00:30:12] INFO (LocalV3.local) Trial parameter: YwWbj {"parameter_id": 18, "parameter_source": "algorithm", "parameters": {"model_type": "CNN", "units": 16, "num_layers": 1, "dropout": 0.2, "activation": "relu", "lr": 0.007509734234121476, "window_size": 20, "batch_size": 16, "epochs": 15, "kernel_size": 5, "attention_heads": 8}, "parameter_index": 0}
[2026-05-19 00:30:16] INFO (NNIManager) Trial job YwWbj status changed from RUNNING to SUCCEEDED
[2026-05-19 00:30:16] INFO (NNIManager) NNIManager received command from dispatcher: TR, {"parameter_id": 19, "parameter_source": "algorithm", "parameters": {"model_type": "LSTM", "units": 128, "num_layers": 2, "dropout": 0.1, "activation": "tanh", "lr": 0.0003944273504208052, "window_size": 2, "batch_size": 64, "epochs": 15, "kernel_size": 2, "attention_heads": 8}, "parameter_index": 0}
[2026-05-19 00:30:17] INFO (NNIManager) submitTrialJob: form: {
  sequenceId: 19,
  hyperParameters: {
    value: '{"parameter_id": 19, "parameter_source": "algorithm", "parameters": {"model_type": "LSTM", "units": 128, "num_layers": 2, "dropout": 0.1, "activation": "tanh", "lr": 0.0003944273504208052, "window_size": 2, "batch_size": 64, "epochs": 15, "kernel_size": 2, "attention_heads": 8}, "parameter_index": 0}',
    index: 0
  },
  placementConstraint: { type: 'None', gpus: [] }
}
[2026-05-19 00:30:17] INFO (LocalV3.local) Created trial kCF3K
[2026-05-19 00:30:19] INFO (LocalV3.local) Trial parameter: kCF3K {"parameter_id": 19, "parameter_source": "algorithm", "parameters": {"model_type": "LSTM", "units": 128, "num_layers": 2, "dropout": 0.1, "activation": "tanh", "lr": 0.0003944273504208052, "window_size": 2, "batch_size": 64, "epochs": 15, "kernel_size": 2, "attention_heads": 8}, "parameter_index": 0}
[2026-05-19 00:30:27] INFO (NNIManager) Trial job kCF3K status changed from RUNNING to SUCCEEDED
[2026-05-19 00:30:27] INFO (NNIManager) NNIManager received command from dispatcher: TR, {"parameter_id": 20, "parameter_source": "algorithm", "parameters": {"model_type": "RNN", "units": 256, "num_layers": 1, "dropout": 0.3, "activation": "tanh", "lr": 0.00012178180463062667, "window_size": 20, "batch_size": 128, "epochs": 15, "kernel_size": 5, "attention_heads": 4}, "parameter_index": 0}
[2026-05-19 00:30:27] INFO (NNIManager) submitTrialJob: form: {
  sequenceId: 20,
  hyperParameters: {
    value: '{"parameter_id": 20, "parameter_source": "algorithm", "parameters": {"model_type": "RNN", "units": 256, "num_layers": 1, "dropout": 0.3, "activation": "tanh", "lr": 0.00012178180463062667, "window_size": 20, "batch_size": 128, "epochs": 15, "kernel_size": 5, "attention_heads": 4}, "parameter_index": 0}',
    index: 0
  },
  placementConstraint: { type: 'None', gpus: [] }
}
[2026-05-19 00:30:27] INFO (LocalV3.local) Created trial tM5YK
[2026-05-19 00:30:29] INFO (LocalV3.local) Trial parameter: tM5YK {"parameter_id": 20, "parameter_source": "algorithm", "parameters": {"model_type": "RNN", "units": 256, "num_layers": 1, "dropout": 0.3, "activation": "tanh", "lr": 0.00012178180463062667, "window_size": 20, "batch_size": 128, "epochs": 15, "kernel_size": 5, "attention_heads": 4}, "parameter_index": 0}
[2026-05-19 00:30:35] INFO (NNIManager) Trial job tM5YK status changed from RUNNING to SUCCEEDED
[2026-05-19 00:30:35] INFO (NNIManager) NNIManager received command from dispatcher: TR, {"parameter_id": 21, "parameter_source": "algorithm", "parameters": {"model_type": "GRU", "units": 128, "num_layers": 1, "dropout": 0.2, "activation": "sigmoid", "lr": 0.00024542839561043754, "window_size": 19, "batch_size": 16, "epochs": 5, "kernel_size": 5, "attention_heads": 4}, "parameter_index": 0}
[2026-05-19 00:30:36] INFO (NNIManager) submitTrialJob: form: {
  sequenceId: 21,
  hyperParameters: {
    value: '{"parameter_id": 21, "parameter_source": "algorithm", "parameters": {"model_type": "GRU", "units": 128, "num_layers": 1, "dropout": 0.2, "activation": "sigmoid", "lr": 0.00024542839561043754, "window_size": 19, "batch_size": 16, "epochs": 5, "kernel_size": 5, "attention_heads": 4}, "parameter_index": 0}',
    index: 0
  },
  placementConstraint: { type: 'None', gpus: [] }
}
[2026-05-19 00:30:36] INFO (LocalV3.local) Created trial OnicD
[2026-05-19 00:30:38] INFO (LocalV3.local) Trial parameter: OnicD {"parameter_id": 21, "parameter_source": "algorithm", "parameters": {"model_type": "GRU", "units": 128, "num_layers": 1, "dropout": 0.2, "activation": "sigmoid", "lr": 0.00024542839561043754, "window_size": 19, "batch_size": 16, "epochs": 5, "kernel_size": 5, "attention_heads": 4}, "parameter_index": 0}
[2026-05-19 00:30:44] INFO (NNIManager) Trial job OnicD status changed from RUNNING to SUCCEEDED
[2026-05-19 00:30:44] INFO (NNIManager) NNIManager received command from dispatcher: TR, {"parameter_id": 22, "parameter_source": "algorithm", "parameters": {"model_type": "Transformer", "units": 16, "num_layers": 3, "dropout": 0.5, "activation": "sigmoid", "lr": 5.1498764608793984e-05, "window_size": 26, "batch_size": 32, "epochs": 10, "kernel_size": 5, "attention_heads": 8}, "parameter_index": 0}
[2026-05-19 00:30:44] INFO (NNIManager) submitTrialJob: form: {
  sequenceId: 22,
  hyperParameters: {
    value: '{"parameter_id": 22, "parameter_source": "algorithm", "parameters": {"model_type": "Transformer", "units": 16, "num_layers": 3, "dropout": 0.5, "activation": "sigmoid", "lr": 5.1498764608793984e-05, "window_size": 26, "batch_size": 32, "epochs": 10, "kernel_size": 5, "attention_heads": 8}, "parameter_index": 0}',
    index: 0
  },
  placementConstraint: { type: 'None', gpus: [] }
}
[2026-05-19 00:30:44] INFO (LocalV3.local) Created trial wfAiU
[2026-05-19 00:30:46] INFO (LocalV3.local) Trial parameter: wfAiU {"parameter_id": 22, "parameter_source": "algorithm", "parameters": {"model_type": "Transformer", "units": 16, "num_layers": 3, "dropout": 0.5, "activation": "sigmoid", "lr": 5.1498764608793984e-05, "window_size": 26, "batch_size": 32, "epochs": 10, "kernel_size": 5, "attention_heads": 8}, "parameter_index": 0}
[2026-05-19 00:30:57] INFO (NNIManager) Trial job wfAiU status changed from RUNNING to SUCCEEDED
[2026-05-19 00:30:57] INFO (NNIManager) NNIManager received command from dispatcher: TR, {"parameter_id": 23, "parameter_source": "algorithm", "parameters": {"model_type": "LSTM", "units": 32, "num_layers": 2, "dropout": 0.1, "activation": "tanh", "lr": 0.00011557860746821109, "window_size": 6, "batch_size": 128, "epochs": 15, "kernel_size": 2, "attention_heads": 4}, "parameter_index": 0}
[2026-05-19 00:30:57] INFO (NNIManager) submitTrialJob: form: {
  sequenceId: 23,
  hyperParameters: {
    value: '{"parameter_id": 23, "parameter_source": "algorithm", "parameters": {"model_type": "LSTM", "units": 32, "num_layers": 2, "dropout": 0.1, "activation": "tanh", "lr": 0.00011557860746821109, "window_size": 6, "batch_size": 128, "epochs": 15, "kernel_size": 2, "attention_heads": 4}, "parameter_index": 0}',
    index: 0
  },
  placementConstraint: { type: 'None', gpus: [] }
}
[2026-05-19 00:30:57] INFO (LocalV3.local) Created trial bLov6
[2026-05-19 00:30:59] INFO (LocalV3.local) Trial parameter: bLov6 {"parameter_id": 23, "parameter_source": "algorithm", "parameters": {"model_type": "LSTM", "units": 32, "num_layers": 2, "dropout": 0.1, "activation": "tanh", "lr": 0.00011557860746821109, "window_size": 6, "batch_size": 128, "epochs": 15, "kernel_size": 2, "attention_heads": 4}, "parameter_index": 0}
[2026-05-19 00:31:06] INFO (NNIManager) Trial job bLov6 status changed from RUNNING to SUCCEEDED
[2026-05-19 00:31:06] INFO (NNIManager) NNIManager received command from dispatcher: TR, {"parameter_id": 24, "parameter_source": "algorithm", "parameters": {"model_type": "RNN", "units": 16, "num_layers": 4, "dropout": 0.1, "activation": "tanh", "lr": 3.5658860311103345e-05, "window_size": 6, "batch_size": 32, "epochs": 20, "kernel_size": 2, "attention_heads": 2}, "parameter_index": 0}
[2026-05-19 00:31:07] INFO (NNIManager) submitTrialJob: form: {
  sequenceId: 24,
  hyperParameters: {
    value: '{"parameter_id": 24, "parameter_source": "algorithm", "parameters": {"model_type": "RNN", "units": 16, "num_layers": 4, "dropout": 0.1, "activation": "tanh", "lr": 3.5658860311103345e-05, "window_size": 6, "batch_size": 32, "epochs": 20, "kernel_size": 2, "attention_heads": 2}, "parameter_index": 0}',
    index: 0
  },
  placementConstraint: { type: 'None', gpus: [] }
}
[2026-05-19 00:31:07] INFO (LocalV3.local) Created trial hyAkT
[2026-05-19 00:31:09] INFO (LocalV3.local) Trial parameter: hyAkT {"parameter_id": 24, "parameter_source": "algorithm", "parameters": {"model_type": "RNN", "units": 16, "num_layers": 4, "dropout": 0.1, "activation": "tanh", "lr": 3.5658860311103345e-05, "window_size": 6, "batch_size": 32, "epochs": 20, "kernel_size": 2, "attention_heads": 2}, "parameter_index": 0}
[2026-05-19 00:31:17] INFO (NNIManager) Trial job hyAkT status changed from RUNNING to SUCCEEDED
[2026-05-19 00:31:17] INFO (NNIManager) NNIManager received command from dispatcher: TR, {"parameter_id": 25, "parameter_source": "algorithm", "parameters": {"model_type": "GRU", "units": 32, "num_layers": 1, "dropout": 0.3, "activation": "relu", "lr": 0.00011619263326362893, "window_size": 14, "batch_size": 16, "epochs": 15, "kernel_size": 2, "attention_heads": 4}, "parameter_index": 0}
[2026-05-19 00:31:17] INFO (NNIManager) submitTrialJob: form: {
  sequenceId: 25,
  hyperParameters: {
    value: '{"parameter_id": 25, "parameter_source": "algorithm", "parameters": {"model_type": "GRU", "units": 32, "num_layers": 1, "dropout": 0.3, "activation": "relu", "lr": 0.00011619263326362893, "window_size": 14, "batch_size": 16, "epochs": 15, "kernel_size": 2, "attention_heads": 4}, "parameter_index": 0}',
    index: 0
  },
  placementConstraint: { type: 'None', gpus: [] }
}
[2026-05-19 00:31:17] INFO (LocalV3.local) Created trial qPBR9
[2026-05-19 00:31:19] INFO (LocalV3.local) Trial parameter: qPBR9 {"parameter_id": 25, "parameter_source": "algorithm", "parameters": {"model_type": "GRU", "units": 32, "num_layers": 1, "dropout": 0.3, "activation": "relu", "lr": 0.00011619263326362893, "window_size": 14, "batch_size": 16, "epochs": 15, "kernel_size": 2, "attention_heads": 4}, "parameter_index": 0}
[2026-05-19 00:31:27] INFO (NNIManager) Trial job qPBR9 status changed from RUNNING to SUCCEEDED
[2026-05-19 00:31:27] INFO (NNIManager) NNIManager received command from dispatcher: TR, {"parameter_id": 26, "parameter_source": "algorithm", "parameters": {"model_type": "GRU", "units": 16, "num_layers": 2, "dropout": 0, "activation": "sigmoid", "lr": 0.00023773782020832947, "window_size": 3, "batch_size": 64, "epochs": 15, "kernel_size": 5, "attention_heads": 8}, "parameter_index": 0}
[2026-05-19 00:31:28] INFO (NNIManager) submitTrialJob: form: {
  sequenceId: 26,
  hyperParameters: {
    value: '{"parameter_id": 26, "parameter_source": "algorithm", "parameters": {"model_type": "GRU", "units": 16, "num_layers": 2, "dropout": 0, "activation": "sigmoid", "lr": 0.00023773782020832947, "window_size": 3, "batch_size": 64, "epochs": 15, "kernel_size": 5, "attention_heads": 8}, "parameter_index": 0}',
    index: 0
  },
  placementConstraint: { type: 'None', gpus: [] }
}
[2026-05-19 00:31:28] INFO (LocalV3.local) Created trial Lb50j
[2026-05-19 00:31:30] INFO (LocalV3.local) Trial parameter: Lb50j {"parameter_id": 26, "parameter_source": "algorithm", "parameters": {"model_type": "GRU", "units": 16, "num_layers": 2, "dropout": 0, "activation": "sigmoid", "lr": 0.00023773782020832947, "window_size": 3, "batch_size": 64, "epochs": 15, "kernel_size": 5, "attention_heads": 8}, "parameter_index": 0}
[2026-05-19 00:31:36] INFO (NNIManager) Trial job Lb50j status changed from RUNNING to SUCCEEDED
[2026-05-19 00:31:36] INFO (NNIManager) NNIManager received command from dispatcher: TR, {"parameter_id": 27, "parameter_source": "algorithm", "parameters": {"model_type": "TCN", "units": 128, "num_layers": 2, "dropout": 0.1, "activation": "tanh", "lr": 0.0007570952522283674, "window_size": 11, "batch_size": 128, "epochs": 10, "kernel_size": 2, "attention_heads": 4}, "parameter_index": 0}
[2026-05-19 00:31:36] INFO (NNIManager) submitTrialJob: form: {
  sequenceId: 27,
  hyperParameters: {
    value: '{"parameter_id": 27, "parameter_source": "algorithm", "parameters": {"model_type": "TCN", "units": 128, "num_layers": 2, "dropout": 0.1, "activation": "tanh", "lr": 0.0007570952522283674, "window_size": 11, "batch_size": 128, "epochs": 10, "kernel_size": 2, "attention_heads": 4}, "parameter_index": 0}',
    index: 0
  },
  placementConstraint: { type: 'None', gpus: [] }
}
[2026-05-19 00:31:36] INFO (LocalV3.local) Created trial Wmk5o
[2026-05-19 00:31:38] INFO (LocalV3.local) Trial parameter: Wmk5o {"parameter_id": 27, "parameter_source": "algorithm", "parameters": {"model_type": "TCN", "units": 128, "num_layers": 2, "dropout": 0.1, "activation": "tanh", "lr": 0.0007570952522283674, "window_size": 11, "batch_size": 128, "epochs": 10, "kernel_size": 2, "attention_heads": 4}, "parameter_index": 0}
[2026-05-19 00:31:41] INFO (NNIManager) Trial job Wmk5o status changed from RUNNING to SUCCEEDED
[2026-05-19 00:31:41] INFO (NNIManager) NNIManager received command from dispatcher: TR, {"parameter_id": 28, "parameter_source": "algorithm", "parameters": {"model_type": "RNN", "units": 128, "num_layers": 3, "dropout": 0.3, "activation": "sigmoid", "lr": 0.0007399222184113277, "window_size": 9, "batch_size": 16, "epochs": 15, "kernel_size": 7, "attention_heads": 2}, "parameter_index": 0}
[2026-05-19 00:31:42] INFO (NNIManager) submitTrialJob: form: {
  sequenceId: 28,
  hyperParameters: {
    value: '{"parameter_id": 28, "parameter_source": "algorithm", "parameters": {"model_type": "RNN", "units": 128, "num_layers": 3, "dropout": 0.3, "activation": "sigmoid", "lr": 0.0007399222184113277, "window_size": 9, "batch_size": 16, "epochs": 15, "kernel_size": 7, "attention_heads": 2}, "parameter_index": 0}',
    index: 0
  },
  placementConstraint: { type: 'None', gpus: [] }
}
[2026-05-19 00:31:42] INFO (LocalV3.local) Created trial Qcesp
[2026-05-19 00:31:44] INFO (LocalV3.local) Trial parameter: Qcesp {"parameter_id": 28, "parameter_source": "algorithm", "parameters": {"model_type": "RNN", "units": 128, "num_layers": 3, "dropout": 0.3, "activation": "sigmoid", "lr": 0.0007399222184113277, "window_size": 9, "batch_size": 16, "epochs": 15, "kernel_size": 7, "attention_heads": 2}, "parameter_index": 0}
[2026-05-19 00:31:53] INFO (NNIManager) Trial job Qcesp status changed from RUNNING to SUCCEEDED
[2026-05-19 00:31:53] INFO (NNIManager) NNIManager received command from dispatcher: TR, {"parameter_id": 29, "parameter_source": "algorithm", "parameters": {"model_type": "MLP", "units": 256, "num_layers": 2, "dropout": 0, "activation": "tanh", "lr": 2.4513388309234716e-05, "window_size": 7, "batch_size": 16, "epochs": 5, "kernel_size": 3, "attention_heads": 2}, "parameter_index": 0}
[2026-05-19 00:31:54] INFO (NNIManager) submitTrialJob: form: {
  sequenceId: 29,
  hyperParameters: {
    value: '{"parameter_id": 29, "parameter_source": "algorithm", "parameters": {"model_type": "MLP", "units": 256, "num_layers": 2, "dropout": 0, "activation": "tanh", "lr": 2.4513388309234716e-05, "window_size": 7, "batch_size": 16, "epochs": 5, "kernel_size": 3, "attention_heads": 2}, "parameter_index": 0}',
    index: 0
  },
  placementConstraint: { type: 'None', gpus: [] }
}
[2026-05-19 00:31:54] INFO (LocalV3.local) Created trial jy3Ve
[2026-05-19 00:31:56] INFO (LocalV3.local) Trial parameter: jy3Ve {"parameter_id": 29, "parameter_source": "algorithm", "parameters": {"model_type": "MLP", "units": 256, "num_layers": 2, "dropout": 0, "activation": "tanh", "lr": 2.4513388309234716e-05, "window_size": 7, "batch_size": 16, "epochs": 5, "kernel_size": 3, "attention_heads": 2}, "parameter_index": 0}
[2026-05-19 00:31:59] INFO (NNIManager) Trial job jy3Ve status changed from RUNNING to SUCCEEDED
[2026-05-19 00:31:59] INFO (NNIManager) NNIManager received command from dispatcher: TR, {"parameter_id": 30, "parameter_source": "algorithm", "parameters": {"model_type": "Transformer", "units": 128, "num_layers": 1, "dropout": 0.3, "activation": "sigmoid", "lr": 0.006542537967097835, "window_size": 5, "batch_size": 16, "epochs": 10, "kernel_size": 3, "attention_heads": 4}, "parameter_index": 0}
[2026-05-19 00:31:59] INFO (NNIManager) submitTrialJob: form: {
  sequenceId: 30,
  hyperParameters: {
    value: '{"parameter_id": 30, "parameter_source": "algorithm", "parameters": {"model_type": "Transformer", "units": 128, "num_layers": 1, "dropout": 0.3, "activation": "sigmoid", "lr": 0.006542537967097835, "window_size": 5, "batch_size": 16, "epochs": 10, "kernel_size": 3, "attention_heads": 4}, "parameter_index": 0}',
    index: 0
  },
  placementConstraint: { type: 'None', gpus: [] }
}
[2026-05-19 00:31:59] INFO (LocalV3.local) Created trial R3szT
[2026-05-19 00:32:01] INFO (LocalV3.local) Trial parameter: R3szT {"parameter_id": 30, "parameter_source": "algorithm", "parameters": {"model_type": "Transformer", "units": 128, "num_layers": 1, "dropout": 0.3, "activation": "sigmoid", "lr": 0.006542537967097835, "window_size": 5, "batch_size": 16, "epochs": 10, "kernel_size": 3, "attention_heads": 4}, "parameter_index": 0}
[2026-05-19 00:32:06] INFO (NNIManager) Trial job R3szT status changed from RUNNING to SUCCEEDED
[2026-05-19 00:32:06] INFO (NNIManager) NNIManager received command from dispatcher: TR, {"parameter_id": 31, "parameter_source": "algorithm", "parameters": {"model_type": "CNN", "units": 256, "num_layers": 4, "dropout": 0.1, "activation": "relu", "lr": 0.00013924106229166848, "window_size": 14, "batch_size": 128, "epochs": 5, "kernel_size": 7, "attention_heads": 8}, "parameter_index": 0}
[2026-05-19 00:32:07] INFO (NNIManager) submitTrialJob: form: {
  sequenceId: 31,
  hyperParameters: {
    value: '{"parameter_id": 31, "parameter_source": "algorithm", "parameters": {"model_type": "CNN", "units": 256, "num_layers": 4, "dropout": 0.1, "activation": "relu", "lr": 0.00013924106229166848, "window_size": 14, "batch_size": 128, "epochs": 5, "kernel_size": 7, "attention_heads": 8}, "parameter_index": 0}',
    index: 0
  },
  placementConstraint: { type: 'None', gpus: [] }
}
[2026-05-19 00:32:07] INFO (LocalV3.local) Created trial uGvvX
[2026-05-19 00:32:09] INFO (LocalV3.local) Trial parameter: uGvvX {"parameter_id": 31, "parameter_source": "algorithm", "parameters": {"model_type": "CNN", "units": 256, "num_layers": 4, "dropout": 0.1, "activation": "relu", "lr": 0.00013924106229166848, "window_size": 14, "batch_size": 128, "epochs": 5, "kernel_size": 7, "attention_heads": 8}, "parameter_index": 0}
[2026-05-19 00:32:14] INFO (NNIManager) Trial job uGvvX status changed from RUNNING to SUCCEEDED
[2026-05-19 00:32:14] INFO (NNIManager) NNIManager received command from dispatcher: TR, {"parameter_id": 32, "parameter_source": "algorithm", "parameters": {"model_type": "LSTM", "units": 128, "num_layers": 1, "dropout": 0.1, "activation": "relu", "lr": 0.001594675867756731, "window_size": 5, "batch_size": 128, "epochs": 10, "kernel_size": 5, "attention_heads": 2}, "parameter_index": 0}
[2026-05-19 00:32:15] INFO (NNIManager) submitTrialJob: form: {
  sequenceId: 32,
  hyperParameters: {
    value: '{"parameter_id": 32, "parameter_source": "algorithm", "parameters": {"model_type": "LSTM", "units": 128, "num_layers": 1, "dropout": 0.1, "activation": "relu", "lr": 0.001594675867756731, "window_size": 5, "batch_size": 128, "epochs": 10, "kernel_size": 5, "attention_heads": 2}, "parameter_index": 0}',
    index: 0
  },
  placementConstraint: { type: 'None', gpus: [] }
}
[2026-05-19 00:32:15] INFO (LocalV3.local) Created trial YIAx8
[2026-05-19 00:32:17] INFO (LocalV3.local) Trial parameter: YIAx8 {"parameter_id": 32, "parameter_source": "algorithm", "parameters": {"model_type": "LSTM", "units": 128, "num_layers": 1, "dropout": 0.1, "activation": "relu", "lr": 0.001594675867756731, "window_size": 5, "batch_size": 128, "epochs": 10, "kernel_size": 5, "attention_heads": 2}, "parameter_index": 0}
[2026-05-19 00:32:22] INFO (NNIManager) Trial job YIAx8 status changed from RUNNING to SUCCEEDED
[2026-05-19 00:32:22] INFO (NNIManager) NNIManager received command from dispatcher: TR, {"parameter_id": 33, "parameter_source": "algorithm", "parameters": {"model_type": "GRU", "units": 64, "num_layers": 2, "dropout": 0.3, "activation": "elu", "lr": 7.675794520852439e-05, "window_size": 10, "batch_size": 16, "epochs": 10, "kernel_size": 2, "attention_heads": 4}, "parameter_index": 0}
[2026-05-19 00:32:23] INFO (NNIManager) submitTrialJob: form: {
  sequenceId: 33,
  hyperParameters: {
    value: '{"parameter_id": 33, "parameter_source": "algorithm", "parameters": {"model_type": "GRU", "units": 64, "num_layers": 2, "dropout": 0.3, "activation": "elu", "lr": 7.675794520852439e-05, "window_size": 10, "batch_size": 16, "epochs": 10, "kernel_size": 2, "attention_heads": 4}, "parameter_index": 0}',
    index: 0
  },
  placementConstraint: { type: 'None', gpus: [] }
}
[2026-05-19 00:32:23] INFO (LocalV3.local) Created trial hKWCf
[2026-05-19 00:32:24] INFO (LocalV3.local) Trial parameter: hKWCf {"parameter_id": 33, "parameter_source": "algorithm", "parameters": {"model_type": "GRU", "units": 64, "num_layers": 2, "dropout": 0.3, "activation": "elu", "lr": 7.675794520852439e-05, "window_size": 10, "batch_size": 16, "epochs": 10, "kernel_size": 2, "attention_heads": 4}, "parameter_index": 0}
[2026-05-19 00:32:35] INFO (NNIManager) Trial job hKWCf status changed from RUNNING to SUCCEEDED
[2026-05-19 00:32:35] INFO (NNIManager) NNIManager received command from dispatcher: TR, {"parameter_id": 34, "parameter_source": "algorithm", "parameters": {"model_type": "LSTM", "units": 128, "num_layers": 1, "dropout": 0.1, "activation": "relu", "lr": 2.8491178462730317e-05, "window_size": 5, "batch_size": 128, "epochs": 5, "kernel_size": 5, "attention_heads": 2}, "parameter_index": 0}
[2026-05-19 00:32:35] INFO (NNIManager) submitTrialJob: form: {
  sequenceId: 34,
  hyperParameters: {
    value: '{"parameter_id": 34, "parameter_source": "algorithm", "parameters": {"model_type": "LSTM", "units": 128, "num_layers": 1, "dropout": 0.1, "activation": "relu", "lr": 2.8491178462730317e-05, "window_size": 5, "batch_size": 128, "epochs": 5, "kernel_size": 5, "attention_heads": 2}, "parameter_index": 0}',
    index: 0
  },
  placementConstraint: { type: 'None', gpus: [] }
}
[2026-05-19 00:32:35] INFO (LocalV3.local) Created trial zObaU
[2026-05-19 00:32:37] INFO (LocalV3.local) Trial parameter: zObaU {"parameter_id": 34, "parameter_source": "algorithm", "parameters": {"model_type": "LSTM", "units": 128, "num_layers": 1, "dropout": 0.1, "activation": "relu", "lr": 2.8491178462730317e-05, "window_size": 5, "batch_size": 128, "epochs": 5, "kernel_size": 5, "attention_heads": 2}, "parameter_index": 0}
[2026-05-19 00:32:41] INFO (NNIManager) Trial job zObaU status changed from RUNNING to SUCCEEDED
[2026-05-19 00:32:41] INFO (NNIManager) NNIManager received command from dispatcher: TR, {"parameter_id": 35, "parameter_source": "algorithm", "parameters": {"model_type": "RNN", "units": 256, "num_layers": 1, "dropout": 0.3, "activation": "tanh", "lr": 0.00012178180463062667, "window_size": 20, "batch_size": 128, "epochs": 15, "kernel_size": 5, "attention_heads": 4}, "parameter_index": 0}
[2026-05-19 00:32:42] INFO (NNIManager) submitTrialJob: form: {
  sequenceId: 35,
  hyperParameters: {
    value: '{"parameter_id": 35, "parameter_source": "algorithm", "parameters": {"model_type": "RNN", "units": 256, "num_layers": 1, "dropout": 0.3, "activation": "tanh", "lr": 0.00012178180463062667, "window_size": 20, "batch_size": 128, "epochs": 15, "kernel_size": 5, "attention_heads": 4}, "parameter_index": 0}',
    index: 0
  },
  placementConstraint: { type: 'None', gpus: [] }
}
[2026-05-19 00:32:42] INFO (LocalV3.local) Created trial La7kl
[2026-05-19 00:32:44] INFO (LocalV3.local) Trial parameter: La7kl {"parameter_id": 35, "parameter_source": "algorithm", "parameters": {"model_type": "RNN", "units": 256, "num_layers": 1, "dropout": 0.3, "activation": "tanh", "lr": 0.00012178180463062667, "window_size": 20, "batch_size": 128, "epochs": 15, "kernel_size": 5, "attention_heads": 4}, "parameter_index": 0}
[2026-05-19 00:32:50] INFO (NNIManager) Trial job La7kl status changed from RUNNING to SUCCEEDED
[2026-05-19 00:32:50] INFO (NNIManager) NNIManager received command from dispatcher: TR, {"parameter_id": 36, "parameter_source": "algorithm", "parameters": {"model_type": "RNN", "units": 128, "num_layers": 3, "dropout": 0.3, "activation": "sigmoid", "lr": 0.0007399222184113277, "window_size": 9, "batch_size": 32, "epochs": 15, "kernel_size": 7, "attention_heads": 2}, "parameter_index": 0}
[2026-05-19 00:32:51] INFO (NNIManager) submitTrialJob: form: {
  sequenceId: 36,
  hyperParameters: {
    value: '{"parameter_id": 36, "parameter_source": "algorithm", "parameters": {"model_type": "RNN", "units": 128, "num_layers": 3, "dropout": 0.3, "activation": "sigmoid", "lr": 0.0007399222184113277, "window_size": 9, "batch_size": 32, "epochs": 15, "kernel_size": 7, "attention_heads": 2}, "parameter_index": 0}',
    index: 0
  },
  placementConstraint: { type: 'None', gpus: [] }
}
[2026-05-19 00:32:51] INFO (LocalV3.local) Created trial NfhlO
[2026-05-19 00:32:52] INFO (LocalV3.local) Trial parameter: NfhlO {"parameter_id": 36, "parameter_source": "algorithm", "parameters": {"model_type": "RNN", "units": 128, "num_layers": 3, "dropout": 0.3, "activation": "sigmoid", "lr": 0.0007399222184113277, "window_size": 9, "batch_size": 32, "epochs": 15, "kernel_size": 7, "attention_heads": 2}, "parameter_index": 0}
[2026-05-19 00:33:00] INFO (NNIManager) Trial job NfhlO status changed from RUNNING to SUCCEEDED
[2026-05-19 00:33:00] INFO (NNIManager) NNIManager received command from dispatcher: TR, {"parameter_id": 37, "parameter_source": "algorithm", "parameters": {"model_type": "Transformer", "units": 256, "num_layers": 2, "dropout": 0, "activation": "elu", "lr": 0.001471777933935194, "window_size": 13, "batch_size": 128, "epochs": 5, "kernel_size": 2, "attention_heads": 4}, "parameter_index": 0}
[2026-05-19 00:33:01] INFO (NNIManager) submitTrialJob: form: {
  sequenceId: 37,
  hyperParameters: {
    value: '{"parameter_id": 37, "parameter_source": "algorithm", "parameters": {"model_type": "Transformer", "units": 256, "num_layers": 2, "dropout": 0, "activation": "elu", "lr": 0.001471777933935194, "window_size": 13, "batch_size": 128, "epochs": 5, "kernel_size": 2, "attention_heads": 4}, "parameter_index": 0}',
    index: 0
  },
  placementConstraint: { type: 'None', gpus: [] }
}
[2026-05-19 00:33:01] INFO (LocalV3.local) Created trial LItjl
[2026-05-19 00:33:03] INFO (LocalV3.local) Trial parameter: LItjl {"parameter_id": 37, "parameter_source": "algorithm", "parameters": {"model_type": "Transformer", "units": 256, "num_layers": 2, "dropout": 0, "activation": "elu", "lr": 0.001471777933935194, "window_size": 13, "batch_size": 128, "epochs": 5, "kernel_size": 2, "attention_heads": 4}, "parameter_index": 0}
[2026-05-19 00:33:11] INFO (NNIManager) Trial job LItjl status changed from RUNNING to SUCCEEDED
[2026-05-19 00:33:11] INFO (NNIManager) NNIManager received command from dispatcher: TR, {"parameter_id": 38, "parameter_source": "algorithm", "parameters": {"model_type": "Transformer", "units": 256, "num_layers": 1, "dropout": 0.3, "activation": "tanh", "lr": 0.00012178180463062667, "window_size": 20, "batch_size": 128, "epochs": 15, "kernel_size": 5, "attention_heads": 4}, "parameter_index": 0}
[2026-05-19 00:33:11] INFO (NNIManager) submitTrialJob: form: {
  sequenceId: 38,
  hyperParameters: {
    value: '{"parameter_id": 38, "parameter_source": "algorithm", "parameters": {"model_type": "Transformer", "units": 256, "num_layers": 1, "dropout": 0.3, "activation": "tanh", "lr": 0.00012178180463062667, "window_size": 20, "batch_size": 128, "epochs": 15, "kernel_size": 5, "attention_heads": 4}, "parameter_index": 0}',
    index: 0
  },
  placementConstraint: { type: 'None', gpus: [] }
}
[2026-05-19 00:33:11] INFO (LocalV3.local) Created trial M2e78
[2026-05-19 00:33:13] INFO (LocalV3.local) Trial parameter: M2e78 {"parameter_id": 38, "parameter_source": "algorithm", "parameters": {"model_type": "Transformer", "units": 256, "num_layers": 1, "dropout": 0.3, "activation": "tanh", "lr": 0.00012178180463062667, "window_size": 20, "batch_size": 128, "epochs": 15, "kernel_size": 5, "attention_heads": 4}, "parameter_index": 0}
[2026-05-19 00:33:22] INFO (NNIManager) Trial job M2e78 status changed from RUNNING to SUCCEEDED
[2026-05-19 00:33:22] INFO (NNIManager) NNIManager received command from dispatcher: TR, {"parameter_id": 39, "parameter_source": "algorithm", "parameters": {"model_type": "LSTM", "units": 32, "num_layers": 4, "dropout": 0.2, "activation": "elu", "lr": 0.0003776669578317301, "window_size": 20, "batch_size": 16, "epochs": 5, "kernel_size": 5, "attention_heads": 8}, "parameter_index": 0}
[2026-05-19 00:33:23] INFO (NNIManager) submitTrialJob: form: {
  sequenceId: 39,
  hyperParameters: {
    value: '{"parameter_id": 39, "parameter_source": "algorithm", "parameters": {"model_type": "LSTM", "units": 32, "num_layers": 4, "dropout": 0.2, "activation": "elu", "lr": 0.0003776669578317301, "window_size": 20, "batch_size": 16, "epochs": 5, "kernel_size": 5, "attention_heads": 8}, "parameter_index": 0}',
    index: 0
  },
  placementConstraint: { type: 'None', gpus: [] }
}
[2026-05-19 00:33:23] INFO (LocalV3.local) Created trial qkGSM
[2026-05-19 00:33:25] INFO (LocalV3.local) Trial parameter: qkGSM {"parameter_id": 39, "parameter_source": "algorithm", "parameters": {"model_type": "LSTM", "units": 32, "num_layers": 4, "dropout": 0.2, "activation": "elu", "lr": 0.0003776669578317301, "window_size": 20, "batch_size": 16, "epochs": 5, "kernel_size": 5, "attention_heads": 8}, "parameter_index": 0}
[2026-05-19 00:33:37] INFO (NNIManager) Trial job qkGSM status changed from RUNNING to SUCCEEDED
[2026-05-19 00:33:37] INFO (NNIManager) NNIManager received command from dispatcher: TR, {"parameter_id": 40, "parameter_source": "algorithm", "parameters": {"model_type": "RNN", "units": 256, "num_layers": 1, "dropout": 0.3, "activation": "tanh", "lr": 0.00012178180463062667, "window_size": 20, "batch_size": 128, "epochs": 15, "kernel_size": 5, "attention_heads": 4}, "parameter_index": 0}
[2026-05-19 00:33:38] INFO (NNIManager) submitTrialJob: form: {
  sequenceId: 40,
  hyperParameters: {
    value: '{"parameter_id": 40, "parameter_source": "algorithm", "parameters": {"model_type": "RNN", "units": 256, "num_layers": 1, "dropout": 0.3, "activation": "tanh", "lr": 0.00012178180463062667, "window_size": 20, "batch_size": 128, "epochs": 15, "kernel_size": 5, "attention_heads": 4}, "parameter_index": 0}',
    index: 0
  },
  placementConstraint: { type: 'None', gpus: [] }
}
[2026-05-19 00:33:38] INFO (LocalV3.local) Created trial WuD9E
[2026-05-19 00:33:40] INFO (LocalV3.local) Trial parameter: WuD9E {"parameter_id": 40, "parameter_source": "algorithm", "parameters": {"model_type": "RNN", "units": 256, "num_layers": 1, "dropout": 0.3, "activation": "tanh", "lr": 0.00012178180463062667, "window_size": 20, "batch_size": 128, "epochs": 15, "kernel_size": 5, "attention_heads": 4}, "parameter_index": 0}
[2026-05-19 00:33:45] INFO (NNIManager) Trial job WuD9E status changed from RUNNING to SUCCEEDED
[2026-05-19 00:33:45] INFO (NNIManager) NNIManager received command from dispatcher: TR, {"parameter_id": 41, "parameter_source": "algorithm", "parameters": {"model_type": "LSTM", "units": 32, "num_layers": 4, "dropout": 0.2, "activation": "elu", "lr": 0.0003776669578317301, "window_size": 20, "batch_size": 64, "epochs": 5, "kernel_size": 5, "attention_heads": 8}, "parameter_index": 0}
[2026-05-19 00:33:46] INFO (NNIManager) submitTrialJob: form: {
  sequenceId: 41,
  hyperParameters: {
    value: '{"parameter_id": 41, "parameter_source": "algorithm", "parameters": {"model_type": "LSTM", "units": 32, "num_layers": 4, "dropout": 0.2, "activation": "elu", "lr": 0.0003776669578317301, "window_size": 20, "batch_size": 64, "epochs": 5, "kernel_size": 5, "attention_heads": 8}, "parameter_index": 0}',
    index: 0
  },
  placementConstraint: { type: 'None', gpus: [] }
}
[2026-05-19 00:33:46] INFO (LocalV3.local) Created trial zDO9y
[2026-05-19 00:33:48] INFO (LocalV3.local) Trial parameter: zDO9y {"parameter_id": 41, "parameter_source": "algorithm", "parameters": {"model_type": "LSTM", "units": 32, "num_layers": 4, "dropout": 0.2, "activation": "elu", "lr": 0.0003776669578317301, "window_size": 20, "batch_size": 64, "epochs": 5, "kernel_size": 5, "attention_heads": 8}, "parameter_index": 0}
[2026-05-19 00:33:56] INFO (NNIManager) Trial job zDO9y status changed from RUNNING to SUCCEEDED
[2026-05-19 00:33:56] INFO (NNIManager) NNIManager received command from dispatcher: TR, {"parameter_id": 42, "parameter_source": "algorithm", "parameters": {"model_type": "LSTM", "units": 16, "num_layers": 4, "dropout": 0, "activation": "tanh", "lr": 1.002378937399322e-05, "window_size": 30, "batch_size": 128, "epochs": 20, "kernel_size": 3, "attention_heads": 8}, "parameter_index": 0}
[2026-05-19 00:33:57] INFO (NNIManager) submitTrialJob: form: {
  sequenceId: 42,
  hyperParameters: {
    value: '{"parameter_id": 42, "parameter_source": "algorithm", "parameters": {"model_type": "LSTM", "units": 16, "num_layers": 4, "dropout": 0, "activation": "tanh", "lr": 1.002378937399322e-05, "window_size": 30, "batch_size": 128, "epochs": 20, "kernel_size": 3, "attention_heads": 8}, "parameter_index": 0}',
    index: 0
  },
  placementConstraint: { type: 'None', gpus: [] }
}
[2026-05-19 00:33:57] INFO (LocalV3.local) Created trial eY5LB
[2026-05-19 00:33:59] INFO (LocalV3.local) Trial parameter: eY5LB {"parameter_id": 42, "parameter_source": "algorithm", "parameters": {"model_type": "LSTM", "units": 16, "num_layers": 4, "dropout": 0, "activation": "tanh", "lr": 1.002378937399322e-05, "window_size": 30, "batch_size": 128, "epochs": 20, "kernel_size": 3, "attention_heads": 8}, "parameter_index": 0}
[2026-05-19 00:34:12] INFO (NNIManager) Trial job eY5LB status changed from RUNNING to SUCCEEDED
[2026-05-19 00:34:12] INFO (NNIManager) NNIManager received command from dispatcher: TR, {"parameter_id": 43, "parameter_source": "algorithm", "parameters": {"model_type": "GRU", "units": 256, "num_layers": 2, "dropout": 0.3, "activation": "elu", "lr": 7.675794520852439e-05, "window_size": 10, "batch_size": 16, "epochs": 20, "kernel_size": 2, "attention_heads": 4}, "parameter_index": 0}
[2026-05-19 00:34:12] INFO (NNIManager) submitTrialJob: form: {
  sequenceId: 43,
  hyperParameters: {
    value: '{"parameter_id": 43, "parameter_source": "algorithm", "parameters": {"model_type": "GRU", "units": 256, "num_layers": 2, "dropout": 0.3, "activation": "elu", "lr": 7.675794520852439e-05, "window_size": 10, "batch_size": 16, "epochs": 20, "kernel_size": 2, "attention_heads": 4}, "parameter_index": 0}',
    index: 0
  },
  placementConstraint: { type: 'None', gpus: [] }
}
[2026-05-19 00:34:12] INFO (LocalV3.local) Created trial cet4w
[2026-05-19 00:34:14] INFO (LocalV3.local) Trial parameter: cet4w {"parameter_id": 43, "parameter_source": "algorithm", "parameters": {"model_type": "GRU", "units": 256, "num_layers": 2, "dropout": 0.3, "activation": "elu", "lr": 7.675794520852439e-05, "window_size": 10, "batch_size": 16, "epochs": 20, "kernel_size": 2, "attention_heads": 4}, "parameter_index": 0}
[2026-05-19 00:34:40] INFO (NNIManager) Trial job cet4w status changed from RUNNING to SUCCEEDED
[2026-05-19 00:34:40] INFO (NNIManager) NNIManager received command from dispatcher: TR, {"parameter_id": 44, "parameter_source": "algorithm", "parameters": {"model_type": "GRU", "units": 32, "num_layers": 1, "dropout": 0.3, "activation": "relu", "lr": 0.00011619263326362893, "window_size": 14, "batch_size": 16, "epochs": 15, "kernel_size": 2, "attention_heads": 4}, "parameter_index": 0}
[2026-05-19 00:34:41] INFO (NNIManager) submitTrialJob: form: {
  sequenceId: 44,
  hyperParameters: {
    value: '{"parameter_id": 44, "parameter_source": "algorithm", "parameters": {"model_type": "GRU", "units": 32, "num_layers": 1, "dropout": 0.3, "activation": "relu", "lr": 0.00011619263326362893, "window_size": 14, "batch_size": 16, "epochs": 15, "kernel_size": 2, "attention_heads": 4}, "parameter_index": 0}',
    index: 0
  },
  placementConstraint: { type: 'None', gpus: [] }
}
[2026-05-19 00:34:41] INFO (LocalV3.local) Created trial B5D8r
[2026-05-19 00:34:43] INFO (LocalV3.local) Trial parameter: B5D8r {"parameter_id": 44, "parameter_source": "algorithm", "parameters": {"model_type": "GRU", "units": 32, "num_layers": 1, "dropout": 0.3, "activation": "relu", "lr": 0.00011619263326362893, "window_size": 14, "batch_size": 16, "epochs": 15, "kernel_size": 2, "attention_heads": 4}, "parameter_index": 0}
[2026-05-19 00:34:50] INFO (NNIManager) Trial job B5D8r status changed from RUNNING to SUCCEEDED
[2026-05-19 00:34:50] INFO (NNIManager) NNIManager received command from dispatcher: TR, {"parameter_id": 45, "parameter_source": "algorithm", "parameters": {"model_type": "Transformer", "units": 256, "num_layers": 3, "dropout": 0, "activation": "elu", "lr": 0.001471777933935194, "window_size": 13, "batch_size": 128, "epochs": 5, "kernel_size": 2, "attention_heads": 4}, "parameter_index": 0}
[2026-05-19 00:34:51] INFO (NNIManager) submitTrialJob: form: {
  sequenceId: 45,
  hyperParameters: {
    value: '{"parameter_id": 45, "parameter_source": "algorithm", "parameters": {"model_type": "Transformer", "units": 256, "num_layers": 3, "dropout": 0, "activation": "elu", "lr": 0.001471777933935194, "window_size": 13, "batch_size": 128, "epochs": 5, "kernel_size": 2, "attention_heads": 4}, "parameter_index": 0}',
    index: 0
  },
  placementConstraint: { type: 'None', gpus: [] }
}
[2026-05-19 00:34:51] INFO (LocalV3.local) Created trial ji2gE
[2026-05-19 00:34:53] INFO (LocalV3.local) Trial parameter: ji2gE {"parameter_id": 45, "parameter_source": "algorithm", "parameters": {"model_type": "Transformer", "units": 256, "num_layers": 3, "dropout": 0, "activation": "elu", "lr": 0.001471777933935194, "window_size": 13, "batch_size": 128, "epochs": 5, "kernel_size": 2, "attention_heads": 4}, "parameter_index": 0}
[2026-05-19 00:35:04] INFO (NNIManager) Trial job ji2gE status changed from RUNNING to SUCCEEDED
[2026-05-19 00:35:04] INFO (NNIManager) NNIManager received command from dispatcher: TR, {"parameter_id": 46, "parameter_source": "algorithm", "parameters": {"model_type": "GRU", "units": 32, "num_layers": 1, "dropout": 0.3, "activation": "relu", "lr": 0.00011619263326362893, "window_size": 4, "batch_size": 16, "epochs": 15, "kernel_size": 2, "attention_heads": 4}, "parameter_index": 0}
[2026-05-19 00:35:04] INFO (NNIManager) submitTrialJob: form: {
  sequenceId: 46,
  hyperParameters: {
    value: '{"parameter_id": 46, "parameter_source": "algorithm", "parameters": {"model_type": "GRU", "units": 32, "num_layers": 1, "dropout": 0.3, "activation": "relu", "lr": 0.00011619263326362893, "window_size": 4, "batch_size": 16, "epochs": 15, "kernel_size": 2, "attention_heads": 4}, "parameter_index": 0}',
    index: 0
  },
  placementConstraint: { type: 'None', gpus: [] }
}
[2026-05-19 00:35:04] INFO (LocalV3.local) Created trial pwUiF
[2026-05-19 00:35:07] INFO (LocalV3.local) Trial parameter: pwUiF {"parameter_id": 46, "parameter_source": "algorithm", "parameters": {"model_type": "GRU", "units": 32, "num_layers": 1, "dropout": 0.3, "activation": "relu", "lr": 0.00011619263326362893, "window_size": 4, "batch_size": 16, "epochs": 15, "kernel_size": 2, "attention_heads": 4}, "parameter_index": 0}
[2026-05-19 00:35:12] INFO (NNIManager) Trial job pwUiF status changed from RUNNING to SUCCEEDED
[2026-05-19 00:35:12] INFO (NNIManager) NNIManager received command from dispatcher: TR, {"parameter_id": 47, "parameter_source": "algorithm", "parameters": {"model_type": "RNN", "units": 128, "num_layers": 1, "dropout": 0.2, "activation": "elu", "lr": 0.00036571764543993695, "window_size": 2, "batch_size": 32, "epochs": 20, "kernel_size": 5, "attention_heads": 8}, "parameter_index": 0}
[2026-05-19 00:35:13] INFO (NNIManager) submitTrialJob: form: {
  sequenceId: 47,
  hyperParameters: {
    value: '{"parameter_id": 47, "parameter_source": "algorithm", "parameters": {"model_type": "RNN", "units": 128, "num_layers": 1, "dropout": 0.2, "activation": "elu", "lr": 0.00036571764543993695, "window_size": 2, "batch_size": 32, "epochs": 20, "kernel_size": 5, "attention_heads": 8}, "parameter_index": 0}',
    index: 0
  },
  placementConstraint: { type: 'None', gpus: [] }
}
[2026-05-19 00:35:13] INFO (LocalV3.local) Created trial D7OjN
[2026-05-19 00:35:15] INFO (LocalV3.local) Trial parameter: D7OjN {"parameter_id": 47, "parameter_source": "algorithm", "parameters": {"model_type": "RNN", "units": 128, "num_layers": 1, "dropout": 0.2, "activation": "elu", "lr": 0.00036571764543993695, "window_size": 2, "batch_size": 32, "epochs": 20, "kernel_size": 5, "attention_heads": 8}, "parameter_index": 0}
[2026-05-19 00:35:19] INFO (NNIManager) Trial job D7OjN status changed from RUNNING to SUCCEEDED
[2026-05-19 00:35:20] INFO (NNIManager) NNIManager received command from dispatcher: TR, {"parameter_id": 48, "parameter_source": "algorithm", "parameters": {"model_type": "GRU", "units": 32, "num_layers": 1, "dropout": 0.3, "activation": "relu", "lr": 0.00011619263326362893, "window_size": 14, "batch_size": 16, "epochs": 15, "kernel_size": 2, "attention_heads": 4}, "parameter_index": 0}
[2026-05-19 00:35:20] INFO (NNIManager) submitTrialJob: form: {
  sequenceId: 48,
  hyperParameters: {
    value: '{"parameter_id": 48, "parameter_source": "algorithm", "parameters": {"model_type": "GRU", "units": 32, "num_layers": 1, "dropout": 0.3, "activation": "relu", "lr": 0.00011619263326362893, "window_size": 14, "batch_size": 16, "epochs": 15, "kernel_size": 2, "attention_heads": 4}, "parameter_index": 0}',
    index: 0
  },
  placementConstraint: { type: 'None', gpus: [] }
}
[2026-05-19 00:35:20] INFO (LocalV3.local) Created trial RdcQk
[2026-05-19 00:35:22] INFO (LocalV3.local) Trial parameter: RdcQk {"parameter_id": 48, "parameter_source": "algorithm", "parameters": {"model_type": "GRU", "units": 32, "num_layers": 1, "dropout": 0.3, "activation": "relu", "lr": 0.00011619263326362893, "window_size": 14, "batch_size": 16, "epochs": 15, "kernel_size": 2, "attention_heads": 4}, "parameter_index": 0}
[2026-05-19 00:35:30] INFO (NNIManager) Trial job RdcQk status changed from RUNNING to SUCCEEDED
[2026-05-19 00:35:30] INFO (NNIManager) NNIManager received command from dispatcher: TR, {"parameter_id": 49, "parameter_source": "algorithm", "parameters": {"model_type": "LSTM", "units": 16, "num_layers": 1, "dropout": 0.1, "activation": "relu", "lr": 0.001594675867756731, "window_size": 5, "batch_size": 128, "epochs": 5, "kernel_size": 5, "attention_heads": 2}, "parameter_index": 0}
[2026-05-19 00:35:30] INFO (NNIManager) submitTrialJob: form: {
  sequenceId: 49,
  hyperParameters: {
    value: '{"parameter_id": 49, "parameter_source": "algorithm", "parameters": {"model_type": "LSTM", "units": 16, "num_layers": 1, "dropout": 0.1, "activation": "relu", "lr": 0.001594675867756731, "window_size": 5, "batch_size": 128, "epochs": 5, "kernel_size": 5, "attention_heads": 2}, "parameter_index": 0}',
    index: 0
  },
  placementConstraint: { type: 'None', gpus: [] }
}
[2026-05-19 00:35:30] INFO (LocalV3.local) Created trial XX11q
[2026-05-19 00:35:32] INFO (LocalV3.local) Trial parameter: XX11q {"parameter_id": 49, "parameter_source": "algorithm", "parameters": {"model_type": "LSTM", "units": 16, "num_layers": 1, "dropout": 0.1, "activation": "relu", "lr": 0.001594675867756731, "window_size": 5, "batch_size": 128, "epochs": 5, "kernel_size": 5, "attention_heads": 2}, "parameter_index": 0}
[2026-05-19 00:35:36] INFO (NNIManager) Trial job XX11q status changed from RUNNING to SUCCEEDED
[2026-05-19 00:35:36] INFO (NNIManager) NNIManager received command from dispatcher: TR, {"parameter_id": 50, "parameter_source": "algorithm", "parameters": {"model_type": "LSTM", "units": 32, "num_layers": 4, "dropout": 0.2, "activation": "elu", "lr": 0.0003776669578317301, "window_size": 10, "batch_size": 64, "epochs": 5, "kernel_size": 5, "attention_heads": 8}, "parameter_index": 0}
[2026-05-19 00:35:36] INFO (NNIManager) submitTrialJob: form: {
  sequenceId: 50,
  hyperParameters: {
    value: '{"parameter_id": 50, "parameter_source": "algorithm", "parameters": {"model_type": "LSTM", "units": 32, "num_layers": 4, "dropout": 0.2, "activation": "elu", "lr": 0.0003776669578317301, "window_size": 10, "batch_size": 64, "epochs": 5, "kernel_size": 5, "attention_heads": 8}, "parameter_index": 0}',
    index: 0
  },
  placementConstraint: { type: 'None', gpus: [] }
}
[2026-05-19 00:35:36] INFO (LocalV3.local) Created trial TwGUL
[2026-05-19 00:35:38] INFO (LocalV3.local) Trial parameter: TwGUL {"parameter_id": 50, "parameter_source": "algorithm", "parameters": {"model_type": "LSTM", "units": 32, "num_layers": 4, "dropout": 0.2, "activation": "elu", "lr": 0.0003776669578317301, "window_size": 10, "batch_size": 64, "epochs": 5, "kernel_size": 5, "attention_heads": 8}, "parameter_index": 0}
[2026-05-19 00:35:47] INFO (NNIManager) Trial job TwGUL status changed from RUNNING to SUCCEEDED
[2026-05-19 00:35:47] INFO (NNIManager) NNIManager received command from dispatcher: TR, {"parameter_id": 51, "parameter_source": "algorithm", "parameters": {"model_type": "Transformer", "units": 16, "num_layers": 2, "dropout": 0, "activation": "elu", "lr": 0.001471777933935194, "window_size": 13, "batch_size": 128, "epochs": 5, "kernel_size": 5, "attention_heads": 4}, "parameter_index": 0}
[2026-05-19 00:35:47] INFO (NNIManager) submitTrialJob: form: {
  sequenceId: 51,
  hyperParameters: {
    value: '{"parameter_id": 51, "parameter_source": "algorithm", "parameters": {"model_type": "Transformer", "units": 16, "num_layers": 2, "dropout": 0, "activation": "elu", "lr": 0.001471777933935194, "window_size": 13, "batch_size": 128, "epochs": 5, "kernel_size": 5, "attention_heads": 4}, "parameter_index": 0}',
    index: 0
  },
  placementConstraint: { type: 'None', gpus: [] }
}
[2026-05-19 00:35:47] INFO (LocalV3.local) Created trial ReVsa
[2026-05-19 00:35:49] INFO (LocalV3.local) Trial parameter: ReVsa {"parameter_id": 51, "parameter_source": "algorithm", "parameters": {"model_type": "Transformer", "units": 16, "num_layers": 2, "dropout": 0, "activation": "elu", "lr": 0.001471777933935194, "window_size": 13, "batch_size": 128, "epochs": 5, "kernel_size": 5, "attention_heads": 4}, "parameter_index": 0}
[2026-05-19 00:35:53] INFO (NNIManager) Trial job ReVsa status changed from RUNNING to SUCCEEDED
[2026-05-19 00:35:53] INFO (NNIManager) NNIManager received command from dispatcher: TR, {"parameter_id": 52, "parameter_source": "algorithm", "parameters": {"model_type": "GRU", "units": 64, "num_layers": 2, "dropout": 0.3, "activation": "elu", "lr": 7.675794520852439e-05, "window_size": 10, "batch_size": 16, "epochs": 20, "kernel_size": 7, "attention_heads": 4}, "parameter_index": 0}
[2026-05-19 00:35:54] INFO (NNIManager) submitTrialJob: form: {
  sequenceId: 52,
  hyperParameters: {
    value: '{"parameter_id": 52, "parameter_source": "algorithm", "parameters": {"model_type": "GRU", "units": 64, "num_layers": 2, "dropout": 0.3, "activation": "elu", "lr": 7.675794520852439e-05, "window_size": 10, "batch_size": 16, "epochs": 20, "kernel_size": 7, "attention_heads": 4}, "parameter_index": 0}',
    index: 0
  },
  placementConstraint: { type: 'None', gpus: [] }
}
[2026-05-19 00:35:54] INFO (LocalV3.local) Created trial TS04p
[2026-05-19 00:35:55] INFO (LocalV3.local) Trial parameter: TS04p {"parameter_id": 52, "parameter_source": "algorithm", "parameters": {"model_type": "GRU", "units": 64, "num_layers": 2, "dropout": 0.3, "activation": "elu", "lr": 7.675794520852439e-05, "window_size": 10, "batch_size": 16, "epochs": 20, "kernel_size": 7, "attention_heads": 4}, "parameter_index": 0}
[2026-05-19 00:36:10] INFO (NNIManager) Trial job TS04p status changed from RUNNING to SUCCEEDED
[2026-05-19 00:36:10] INFO (NNIManager) NNIManager received command from dispatcher: TR, {"parameter_id": 53, "parameter_source": "algorithm", "parameters": {"model_type": "GRU", "units": 64, "num_layers": 2, "dropout": 0.3, "activation": "elu", "lr": 7.675794520852439e-05, "window_size": 10, "batch_size": 16, "epochs": 20, "kernel_size": 7, "attention_heads": 4}, "parameter_index": 0}
[2026-05-19 00:36:10] INFO (NNIManager) submitTrialJob: form: {
  sequenceId: 53,
  hyperParameters: {
    value: '{"parameter_id": 53, "parameter_source": "algorithm", "parameters": {"model_type": "GRU", "units": 64, "num_layers": 2, "dropout": 0.3, "activation": "elu", "lr": 7.675794520852439e-05, "window_size": 10, "batch_size": 16, "epochs": 20, "kernel_size": 7, "attention_heads": 4}, "parameter_index": 0}',
    index: 0
  },
  placementConstraint: { type: 'None', gpus: [] }
}
[2026-05-19 00:36:10] INFO (LocalV3.local) Created trial RSf1C
[2026-05-19 00:36:12] INFO (LocalV3.local) Trial parameter: RSf1C {"parameter_id": 53, "parameter_source": "algorithm", "parameters": {"model_type": "GRU", "units": 64, "num_layers": 2, "dropout": 0.3, "activation": "elu", "lr": 7.675794520852439e-05, "window_size": 10, "batch_size": 16, "epochs": 20, "kernel_size": 7, "attention_heads": 4}, "parameter_index": 0}
[2026-05-19 00:36:28] INFO (NNIManager) Trial job RSf1C status changed from RUNNING to SUCCEEDED
[2026-05-19 00:36:28] INFO (NNIManager) NNIManager received command from dispatcher: TR, {"parameter_id": 54, "parameter_source": "algorithm", "parameters": {"model_type": "Transformer", "units": 256, "num_layers": 2, "dropout": 0, "activation": "elu", "lr": 0.001471777933935194, "window_size": 13, "batch_size": 128, "epochs": 5, "kernel_size": 2, "attention_heads": 4}, "parameter_index": 0}
[2026-05-19 00:36:29] INFO (NNIManager) submitTrialJob: form: {
  sequenceId: 54,
  hyperParameters: {
    value: '{"parameter_id": 54, "parameter_source": "algorithm", "parameters": {"model_type": "Transformer", "units": 256, "num_layers": 2, "dropout": 0, "activation": "elu", "lr": 0.001471777933935194, "window_size": 13, "batch_size": 128, "epochs": 5, "kernel_size": 2, "attention_heads": 4}, "parameter_index": 0}',
    index: 0
  },
  placementConstraint: { type: 'None', gpus: [] }
}
[2026-05-19 00:36:29] INFO (LocalV3.local) Created trial Akqee
[2026-05-19 00:36:31] INFO (LocalV3.local) Trial parameter: Akqee {"parameter_id": 54, "parameter_source": "algorithm", "parameters": {"model_type": "Transformer", "units": 256, "num_layers": 2, "dropout": 0, "activation": "elu", "lr": 0.001471777933935194, "window_size": 13, "batch_size": 128, "epochs": 5, "kernel_size": 2, "attention_heads": 4}, "parameter_index": 0}
[2026-05-19 00:36:40] INFO (NNIManager) Trial job Akqee status changed from RUNNING to SUCCEEDED
[2026-05-19 00:36:40] INFO (NNIManager) NNIManager received command from dispatcher: TR, {"parameter_id": 55, "parameter_source": "algorithm", "parameters": {"model_type": "Transformer", "units": 128, "num_layers": 1, "dropout": 0.2, "activation": "sigmoid", "lr": 0.00036571764543993695, "window_size": 2, "batch_size": 32, "epochs": 20, "kernel_size": 5, "attention_heads": 8}, "parameter_index": 0}
[2026-05-19 00:36:40] INFO (NNIManager) submitTrialJob: form: {
  sequenceId: 55,
  hyperParameters: {
    value: '{"parameter_id": 55, "parameter_source": "algorithm", "parameters": {"model_type": "Transformer", "units": 128, "num_layers": 1, "dropout": 0.2, "activation": "sigmoid", "lr": 0.00036571764543993695, "window_size": 2, "batch_size": 32, "epochs": 20, "kernel_size": 5, "attention_heads": 8}, "parameter_index": 0}',
    index: 0
  },
  placementConstraint: { type: 'None', gpus: [] }
}
[2026-05-19 00:36:40] INFO (LocalV3.local) Created trial BLKEb
[2026-05-19 00:36:42] INFO (LocalV3.local) Trial parameter: BLKEb {"parameter_id": 55, "parameter_source": "algorithm", "parameters": {"model_type": "Transformer", "units": 128, "num_layers": 1, "dropout": 0.2, "activation": "sigmoid", "lr": 0.00036571764543993695, "window_size": 2, "batch_size": 32, "epochs": 20, "kernel_size": 5, "attention_heads": 8}, "parameter_index": 0}
[2026-05-19 00:36:51] INFO (NNIManager) Trial job BLKEb status changed from RUNNING to SUCCEEDED
[2026-05-19 00:36:51] INFO (NNIManager) NNIManager received command from dispatcher: TR, {"parameter_id": 56, "parameter_source": "algorithm", "parameters": {"model_type": "LSTM", "units": 128, "num_layers": 1, "dropout": 0.3, "activation": "relu", "lr": 0.001594675867756731, "window_size": 5, "batch_size": 128, "epochs": 5, "kernel_size": 5, "attention_heads": 2}, "parameter_index": 0}
[2026-05-19 00:36:52] INFO (NNIManager) submitTrialJob: form: {
  sequenceId: 56,
  hyperParameters: {
    value: '{"parameter_id": 56, "parameter_source": "algorithm", "parameters": {"model_type": "LSTM", "units": 128, "num_layers": 1, "dropout": 0.3, "activation": "relu", "lr": 0.001594675867756731, "window_size": 5, "batch_size": 128, "epochs": 5, "kernel_size": 5, "attention_heads": 2}, "parameter_index": 0}',
    index: 0
  },
  placementConstraint: { type: 'None', gpus: [] }
}
[2026-05-19 00:36:52] INFO (LocalV3.local) Created trial hc3sW
[2026-05-19 00:36:54] INFO (LocalV3.local) Trial parameter: hc3sW {"parameter_id": 56, "parameter_source": "algorithm", "parameters": {"model_type": "LSTM", "units": 128, "num_layers": 1, "dropout": 0.3, "activation": "relu", "lr": 0.001594675867756731, "window_size": 5, "batch_size": 128, "epochs": 5, "kernel_size": 5, "attention_heads": 2}, "parameter_index": 0}
[2026-05-19 00:36:58] INFO (NNIManager) Trial job hc3sW status changed from RUNNING to SUCCEEDED
[2026-05-19 00:36:58] INFO (NNIManager) NNIManager received command from dispatcher: TR, {"parameter_id": 57, "parameter_source": "algorithm", "parameters": {"model_type": "LSTM", "units": 16, "num_layers": 4, "dropout": 0.1, "activation": "relu", "lr": 0.001594675867756731, "window_size": 5, "batch_size": 128, "epochs": 5, "kernel_size": 5, "attention_heads": 2}, "parameter_index": 0}
[2026-05-19 00:36:59] INFO (NNIManager) submitTrialJob: form: {
  sequenceId: 57,
  hyperParameters: {
    value: '{"parameter_id": 57, "parameter_source": "algorithm", "parameters": {"model_type": "LSTM", "units": 16, "num_layers": 4, "dropout": 0.1, "activation": "relu", "lr": 0.001594675867756731, "window_size": 5, "batch_size": 128, "epochs": 5, "kernel_size": 5, "attention_heads": 2}, "parameter_index": 0}',
    index: 0
  },
  placementConstraint: { type: 'None', gpus: [] }
}
[2026-05-19 00:36:59] INFO (LocalV3.local) Created trial sN4gQ
[2026-05-19 00:37:01] INFO (LocalV3.local) Trial parameter: sN4gQ {"parameter_id": 57, "parameter_source": "algorithm", "parameters": {"model_type": "LSTM", "units": 16, "num_layers": 4, "dropout": 0.1, "activation": "relu", "lr": 0.001594675867756731, "window_size": 5, "batch_size": 128, "epochs": 5, "kernel_size": 5, "attention_heads": 2}, "parameter_index": 0}
[2026-05-19 00:37:10] INFO (NNIManager) Trial job sN4gQ status changed from RUNNING to SUCCEEDED
[2026-05-19 00:37:10] INFO (NNIManager) NNIManager received command from dispatcher: TR, {"parameter_id": 58, "parameter_source": "algorithm", "parameters": {"model_type": "RNN", "units": 256, "num_layers": 1, "dropout": 0.1, "activation": "tanh", "lr": 0.00012178180463062667, "window_size": 20, "batch_size": 128, "epochs": 15, "kernel_size": 5, "attention_heads": 4}, "parameter_index": 0}
[2026-05-19 00:37:10] INFO (NNIManager) submitTrialJob: form: {
  sequenceId: 58,
  hyperParameters: {
    value: '{"parameter_id": 58, "parameter_source": "algorithm", "parameters": {"model_type": "RNN", "units": 256, "num_layers": 1, "dropout": 0.1, "activation": "tanh", "lr": 0.00012178180463062667, "window_size": 20, "batch_size": 128, "epochs": 15, "kernel_size": 5, "attention_heads": 4}, "parameter_index": 0}',
    index: 0
  },
  placementConstraint: { type: 'None', gpus: [] }
}
[2026-05-19 00:37:10] INFO (LocalV3.local) Created trial VMI0Q
[2026-05-19 00:37:12] INFO (LocalV3.local) Trial parameter: VMI0Q {"parameter_id": 58, "parameter_source": "algorithm", "parameters": {"model_type": "RNN", "units": 256, "num_layers": 1, "dropout": 0.1, "activation": "tanh", "lr": 0.00012178180463062667, "window_size": 20, "batch_size": 128, "epochs": 15, "kernel_size": 5, "attention_heads": 4}, "parameter_index": 0}
[2026-05-19 00:37:19] INFO (NNIManager) Trial job VMI0Q status changed from RUNNING to SUCCEEDED
[2026-05-19 00:37:19] INFO (NNIManager) NNIManager received command from dispatcher: TR, {"parameter_id": 59, "parameter_source": "algorithm", "parameters": {"model_type": "RNN", "units": 256, "num_layers": 1, "dropout": 0.3, "activation": "tanh", "lr": 0.00012178180463062667, "window_size": 20, "batch_size": 128, "epochs": 15, "kernel_size": 5, "attention_heads": 8}, "parameter_index": 0}
[2026-05-19 00:37:19] INFO (NNIManager) submitTrialJob: form: {
  sequenceId: 59,
  hyperParameters: {
    value: '{"parameter_id": 59, "parameter_source": "algorithm", "parameters": {"model_type": "RNN", "units": 256, "num_layers": 1, "dropout": 0.3, "activation": "tanh", "lr": 0.00012178180463062667, "window_size": 20, "batch_size": 128, "epochs": 15, "kernel_size": 5, "attention_heads": 8}, "parameter_index": 0}',
    index: 0
  },
  placementConstraint: { type: 'None', gpus: [] }
}
[2026-05-19 00:37:19] INFO (LocalV3.local) Created trial aIC8u
[2026-05-19 00:37:22] INFO (LocalV3.local) Trial parameter: aIC8u {"parameter_id": 59, "parameter_source": "algorithm", "parameters": {"model_type": "RNN", "units": 256, "num_layers": 1, "dropout": 0.3, "activation": "tanh", "lr": 0.00012178180463062667, "window_size": 20, "batch_size": 128, "epochs": 15, "kernel_size": 5, "attention_heads": 8}, "parameter_index": 0}
[2026-05-19 00:37:27] INFO (NNIManager) Trial job aIC8u status changed from RUNNING to SUCCEEDED
[2026-05-19 00:37:27] INFO (NNIManager) NNIManager received command from dispatcher: TR, {"parameter_id": 60, "parameter_source": "algorithm", "parameters": {"model_type": "RNN", "units": 256, "num_layers": 1, "dropout": 0.3, "activation": "tanh", "lr": 0.0065392476309942575, "window_size": 20, "batch_size": 128, "epochs": 15, "kernel_size": 5, "attention_heads": 4}, "parameter_index": 0}
[2026-05-19 00:37:28] INFO (NNIManager) submitTrialJob: form: {
  sequenceId: 60,
  hyperParameters: {
    value: '{"parameter_id": 60, "parameter_source": "algorithm", "parameters": {"model_type": "RNN", "units": 256, "num_layers": 1, "dropout": 0.3, "activation": "tanh", "lr": 0.0065392476309942575, "window_size": 20, "batch_size": 128, "epochs": 15, "kernel_size": 5, "attention_heads": 4}, "parameter_index": 0}',
    index: 0
  },
  placementConstraint: { type: 'None', gpus: [] }
}
[2026-05-19 00:37:28] INFO (LocalV3.local) Created trial CdA8j
[2026-05-19 00:37:30] INFO (LocalV3.local) Trial parameter: CdA8j {"parameter_id": 60, "parameter_source": "algorithm", "parameters": {"model_type": "RNN", "units": 256, "num_layers": 1, "dropout": 0.3, "activation": "tanh", "lr": 0.0065392476309942575, "window_size": 20, "batch_size": 128, "epochs": 15, "kernel_size": 5, "attention_heads": 4}, "parameter_index": 0}
[2026-05-19 00:37:35] INFO (NNIManager) Trial job CdA8j status changed from RUNNING to SUCCEEDED
[2026-05-19 00:37:35] INFO (NNIManager) NNIManager received command from dispatcher: TR, {"parameter_id": 61, "parameter_source": "algorithm", "parameters": {"model_type": "GRU", "units": 64, "num_layers": 2, "dropout": 0.2, "activation": "elu", "lr": 7.675794520852439e-05, "window_size": 10, "batch_size": 16, "epochs": 20, "kernel_size": 7, "attention_heads": 4}, "parameter_index": 0}
[2026-05-19 00:37:36] INFO (NNIManager) submitTrialJob: form: {
  sequenceId: 61,
  hyperParameters: {
    value: '{"parameter_id": 61, "parameter_source": "algorithm", "parameters": {"model_type": "GRU", "units": 64, "num_layers": 2, "dropout": 0.2, "activation": "elu", "lr": 7.675794520852439e-05, "window_size": 10, "batch_size": 16, "epochs": 20, "kernel_size": 7, "attention_heads": 4}, "parameter_index": 0}',
    index: 0
  },
  placementConstraint: { type: 'None', gpus: [] }
}
[2026-05-19 00:37:36] INFO (LocalV3.local) Created trial Hcx2i
[2026-05-19 00:37:38] INFO (LocalV3.local) Trial parameter: Hcx2i {"parameter_id": 61, "parameter_source": "algorithm", "parameters": {"model_type": "GRU", "units": 64, "num_layers": 2, "dropout": 0.2, "activation": "elu", "lr": 7.675794520852439e-05, "window_size": 10, "batch_size": 16, "epochs": 20, "kernel_size": 7, "attention_heads": 4}, "parameter_index": 0}
[2026-05-19 00:37:52] INFO (NNIManager) Trial job Hcx2i status changed from RUNNING to SUCCEEDED
[2026-05-19 00:37:52] INFO (NNIManager) NNIManager received command from dispatcher: TR, {"parameter_id": 62, "parameter_source": "algorithm", "parameters": {"model_type": "RNN", "units": 256, "num_layers": 1, "dropout": 0.3, "activation": "tanh", "lr": 0.00012178180463062667, "window_size": 4, "batch_size": 128, "epochs": 15, "kernel_size": 5, "attention_heads": 8}, "parameter_index": 0}
[2026-05-19 00:37:53] INFO (NNIManager) submitTrialJob: form: {
  sequenceId: 62,
  hyperParameters: {
    value: '{"parameter_id": 62, "parameter_source": "algorithm", "parameters": {"model_type": "RNN", "units": 256, "num_layers": 1, "dropout": 0.3, "activation": "tanh", "lr": 0.00012178180463062667, "window_size": 4, "batch_size": 128, "epochs": 15, "kernel_size": 5, "attention_heads": 8}, "parameter_index": 0}',
    index: 0
  },
  placementConstraint: { type: 'None', gpus: [] }
}
[2026-05-19 00:37:53] INFO (LocalV3.local) Created trial UfFu2
[2026-05-19 00:37:55] INFO (LocalV3.local) Trial parameter: UfFu2 {"parameter_id": 62, "parameter_source": "algorithm", "parameters": {"model_type": "RNN", "units": 256, "num_layers": 1, "dropout": 0.3, "activation": "tanh", "lr": 0.00012178180463062667, "window_size": 4, "batch_size": 128, "epochs": 15, "kernel_size": 5, "attention_heads": 8}, "parameter_index": 0}
[2026-05-19 00:37:59] INFO (NNIManager) Trial job UfFu2 status changed from RUNNING to SUCCEEDED
[2026-05-19 00:37:59] INFO (NNIManager) NNIManager received command from dispatcher: TR, {"parameter_id": 63, "parameter_source": "algorithm", "parameters": {"model_type": "GRU", "units": 32, "num_layers": 1, "dropout": 0.3, "activation": "relu", "lr": 0.00011619263326362893, "window_size": 14, "batch_size": 16, "epochs": 5, "kernel_size": 2, "attention_heads": 4}, "parameter_index": 0}
[2026-05-19 00:38:00] INFO (NNIManager) submitTrialJob: form: {
  sequenceId: 63,
  hyperParameters: {
    value: '{"parameter_id": 63, "parameter_source": "algorithm", "parameters": {"model_type": "GRU", "units": 32, "num_layers": 1, "dropout": 0.3, "activation": "relu", "lr": 0.00011619263326362893, "window_size": 14, "batch_size": 16, "epochs": 5, "kernel_size": 2, "attention_heads": 4}, "parameter_index": 0}',
    index: 0
  },
  placementConstraint: { type: 'None', gpus: [] }
}
[2026-05-19 00:38:00] INFO (LocalV3.local) Created trial kS03B
[2026-05-19 00:38:02] INFO (LocalV3.local) Trial parameter: kS03B {"parameter_id": 63, "parameter_source": "algorithm", "parameters": {"model_type": "GRU", "units": 32, "num_layers": 1, "dropout": 0.3, "activation": "relu", "lr": 0.00011619263326362893, "window_size": 14, "batch_size": 16, "epochs": 5, "kernel_size": 2, "attention_heads": 4}, "parameter_index": 0}
[2026-05-19 00:38:07] INFO (NNIManager) Trial job kS03B status changed from RUNNING to SUCCEEDED
[2026-05-19 00:38:07] INFO (NNIManager) NNIManager received command from dispatcher: TR, {"parameter_id": 64, "parameter_source": "algorithm", "parameters": {"model_type": "Transformer", "units": 16, "num_layers": 4, "dropout": 0, "activation": "elu", "lr": 0.001471777933935194, "window_size": 13, "batch_size": 128, "epochs": 5, "kernel_size": 5, "attention_heads": 4}, "parameter_index": 0}
[2026-05-19 00:38:08] INFO (NNIManager) submitTrialJob: form: {
  sequenceId: 64,
  hyperParameters: {
    value: '{"parameter_id": 64, "parameter_source": "algorithm", "parameters": {"model_type": "Transformer", "units": 16, "num_layers": 4, "dropout": 0, "activation": "elu", "lr": 0.001471777933935194, "window_size": 13, "batch_size": 128, "epochs": 5, "kernel_size": 5, "attention_heads": 4}, "parameter_index": 0}',
    index: 0
  },
  placementConstraint: { type: 'None', gpus: [] }
}
[2026-05-19 00:38:08] INFO (LocalV3.local) Created trial fvxQg
[2026-05-19 00:38:09] INFO (LocalV3.local) Trial parameter: fvxQg {"parameter_id": 64, "parameter_source": "algorithm", "parameters": {"model_type": "Transformer", "units": 16, "num_layers": 4, "dropout": 0, "activation": "elu", "lr": 0.001471777933935194, "window_size": 13, "batch_size": 128, "epochs": 5, "kernel_size": 5, "attention_heads": 4}, "parameter_index": 0}
[2026-05-19 00:38:16] INFO (NNIManager) Trial job fvxQg status changed from RUNNING to SUCCEEDED
[2026-05-19 00:38:16] INFO (NNIManager) NNIManager received command from dispatcher: TR, {"parameter_id": 65, "parameter_source": "algorithm", "parameters": {"model_type": "LSTM", "units": 16, "num_layers": 1, "dropout": 0.1, "activation": "elu", "lr": 0.001594675867756731, "window_size": 5, "batch_size": 128, "epochs": 5, "kernel_size": 5, "attention_heads": 2}, "parameter_index": 0}
[2026-05-19 00:38:17] INFO (NNIManager) submitTrialJob: form: {
  sequenceId: 65,
  hyperParameters: {
    value: '{"parameter_id": 65, "parameter_source": "algorithm", "parameters": {"model_type": "LSTM", "units": 16, "num_layers": 1, "dropout": 0.1, "activation": "elu", "lr": 0.001594675867756731, "window_size": 5, "batch_size": 128, "epochs": 5, "kernel_size": 5, "attention_heads": 2}, "parameter_index": 0}',
    index: 0
  },
  placementConstraint: { type: 'None', gpus: [] }
}
[2026-05-19 00:38:17] INFO (LocalV3.local) Created trial O0ttx
[2026-05-19 00:38:19] INFO (LocalV3.local) Trial parameter: O0ttx {"parameter_id": 65, "parameter_source": "algorithm", "parameters": {"model_type": "LSTM", "units": 16, "num_layers": 1, "dropout": 0.1, "activation": "elu", "lr": 0.001594675867756731, "window_size": 5, "batch_size": 128, "epochs": 5, "kernel_size": 5, "attention_heads": 2}, "parameter_index": 0}
[2026-05-19 00:38:22] INFO (NNIManager) Trial job O0ttx status changed from RUNNING to SUCCEEDED
[2026-05-19 00:38:22] INFO (NNIManager) NNIManager received command from dispatcher: TR, {"parameter_id": 66, "parameter_source": "algorithm", "parameters": {"model_type": "RNN", "units": 256, "num_layers": 1, "dropout": 0.3, "activation": "tanh", "lr": 0.00012178180463062667, "window_size": 4, "batch_size": 128, "epochs": 15, "kernel_size": 2, "attention_heads": 8}, "parameter_index": 0}
[2026-05-19 00:38:23] INFO (NNIManager) submitTrialJob: form: {
  sequenceId: 66,
  hyperParameters: {
    value: '{"parameter_id": 66, "parameter_source": "algorithm", "parameters": {"model_type": "RNN", "units": 256, "num_layers": 1, "dropout": 0.3, "activation": "tanh", "lr": 0.00012178180463062667, "window_size": 4, "batch_size": 128, "epochs": 15, "kernel_size": 2, "attention_heads": 8}, "parameter_index": 0}',
    index: 0
  },
  placementConstraint: { type: 'None', gpus: [] }
}
[2026-05-19 00:38:23] INFO (LocalV3.local) Created trial pz0XY
[2026-05-19 00:38:24] INFO (LocalV3.local) Trial parameter: pz0XY {"parameter_id": 66, "parameter_source": "algorithm", "parameters": {"model_type": "RNN", "units": 256, "num_layers": 1, "dropout": 0.3, "activation": "tanh", "lr": 0.00012178180463062667, "window_size": 4, "batch_size": 128, "epochs": 15, "kernel_size": 2, "attention_heads": 8}, "parameter_index": 0}
[2026-05-19 00:38:29] INFO (NNIManager) Trial job pz0XY status changed from RUNNING to SUCCEEDED
[2026-05-19 00:38:29] INFO (NNIManager) NNIManager received command from dispatcher: TR, {"parameter_id": 67, "parameter_source": "algorithm", "parameters": {"model_type": "Transformer", "units": 256, "num_layers": 2, "dropout": 0, "activation": "elu", "lr": 0.0013763926404151328, "window_size": 13, "batch_size": 128, "epochs": 5, "kernel_size": 2, "attention_heads": 4}, "parameter_index": 0}
[2026-05-19 00:38:30] INFO (NNIManager) submitTrialJob: form: {
  sequenceId: 67,
  hyperParameters: {
    value: '{"parameter_id": 67, "parameter_source": "algorithm", "parameters": {"model_type": "Transformer", "units": 256, "num_layers": 2, "dropout": 0, "activation": "elu", "lr": 0.0013763926404151328, "window_size": 13, "batch_size": 128, "epochs": 5, "kernel_size": 2, "attention_heads": 4}, "parameter_index": 0}',
    index: 0
  },
  placementConstraint: { type: 'None', gpus: [] }
}
[2026-05-19 00:38:30] INFO (LocalV3.local) Created trial uRBnh
[2026-05-19 00:38:31] INFO (LocalV3.local) Trial parameter: uRBnh {"parameter_id": 67, "parameter_source": "algorithm", "parameters": {"model_type": "Transformer", "units": 256, "num_layers": 2, "dropout": 0, "activation": "elu", "lr": 0.0013763926404151328, "window_size": 13, "batch_size": 128, "epochs": 5, "kernel_size": 2, "attention_heads": 4}, "parameter_index": 0}
[2026-05-19 00:38:39] INFO (NNIManager) Trial job uRBnh status changed from RUNNING to SUCCEEDED
[2026-05-19 00:38:39] INFO (NNIManager) NNIManager received command from dispatcher: TR, {"parameter_id": 68, "parameter_source": "algorithm", "parameters": {"model_type": "TCN", "units": 128, "num_layers": 2, "dropout": 0.1, "activation": "tanh", "lr": 0.0007570952522283674, "window_size": 11, "batch_size": 128, "epochs": 10, "kernel_size": 2, "attention_heads": 4}, "parameter_index": 0}
[2026-05-19 00:38:40] INFO (NNIManager) submitTrialJob: form: {
  sequenceId: 68,
  hyperParameters: {
    value: '{"parameter_id": 68, "parameter_source": "algorithm", "parameters": {"model_type": "TCN", "units": 128, "num_layers": 2, "dropout": 0.1, "activation": "tanh", "lr": 0.0007570952522283674, "window_size": 11, "batch_size": 128, "epochs": 10, "kernel_size": 2, "attention_heads": 4}, "parameter_index": 0}',
    index: 0
  },
  placementConstraint: { type: 'None', gpus: [] }
}
[2026-05-19 00:38:40] INFO (LocalV3.local) Created trial NslWW
[2026-05-19 00:38:42] INFO (LocalV3.local) Trial parameter: NslWW {"parameter_id": 68, "parameter_source": "algorithm", "parameters": {"model_type": "TCN", "units": 128, "num_layers": 2, "dropout": 0.1, "activation": "tanh", "lr": 0.0007570952522283674, "window_size": 11, "batch_size": 128, "epochs": 10, "kernel_size": 2, "attention_heads": 4}, "parameter_index": 0}
[2026-05-19 00:38:46] INFO (NNIManager) Trial job NslWW status changed from RUNNING to SUCCEEDED
[2026-05-19 00:38:46] INFO (NNIManager) NNIManager received command from dispatcher: TR, {"parameter_id": 69, "parameter_source": "algorithm", "parameters": {"model_type": "GRU", "units": 64, "num_layers": 2, "dropout": 0.3, "activation": "elu", "lr": 7.675794520852439e-05, "window_size": 10, "batch_size": 16, "epochs": 20, "kernel_size": 5, "attention_heads": 4}, "parameter_index": 0}
[2026-05-19 00:38:47] INFO (NNIManager) submitTrialJob: form: {
  sequenceId: 69,
  hyperParameters: {
    value: '{"parameter_id": 69, "parameter_source": "algorithm", "parameters": {"model_type": "GRU", "units": 64, "num_layers": 2, "dropout": 0.3, "activation": "elu", "lr": 7.675794520852439e-05, "window_size": 10, "batch_size": 16, "epochs": 20, "kernel_size": 5, "attention_heads": 4}, "parameter_index": 0}',
    index: 0
  },
  placementConstraint: { type: 'None', gpus: [] }
}
[2026-05-19 00:38:47] INFO (LocalV3.local) Created trial walqq
[2026-05-19 00:38:49] INFO (LocalV3.local) Trial parameter: walqq {"parameter_id": 69, "parameter_source": "algorithm", "parameters": {"model_type": "GRU", "units": 64, "num_layers": 2, "dropout": 0.3, "activation": "elu", "lr": 7.675794520852439e-05, "window_size": 10, "batch_size": 16, "epochs": 20, "kernel_size": 5, "attention_heads": 4}, "parameter_index": 0}
[2026-05-19 00:39:10] INFO (NNIManager) Trial job walqq status changed from RUNNING to SUCCEEDED
[2026-05-19 00:39:10] INFO (NNIManager) NNIManager received command from dispatcher: TR, {"parameter_id": 70, "parameter_source": "algorithm", "parameters": {"model_type": "Transformer", "units": 256, "num_layers": 2, "dropout": 0.1, "activation": "elu", "lr": 0.001471777933935194, "window_size": 13, "batch_size": 128, "epochs": 5, "kernel_size": 2, "attention_heads": 4}, "parameter_index": 0}
[2026-05-19 00:39:10] INFO (NNIManager) submitTrialJob: form: {
  sequenceId: 70,
  hyperParameters: {
    value: '{"parameter_id": 70, "parameter_source": "algorithm", "parameters": {"model_type": "Transformer", "units": 256, "num_layers": 2, "dropout": 0.1, "activation": "elu", "lr": 0.001471777933935194, "window_size": 13, "batch_size": 128, "epochs": 5, "kernel_size": 2, "attention_heads": 4}, "parameter_index": 0}',
    index: 0
  },
  placementConstraint: { type: 'None', gpus: [] }
}
[2026-05-19 00:39:10] INFO (LocalV3.local) Created trial H1EY8
[2026-05-19 00:39:12] INFO (LocalV3.local) Trial parameter: H1EY8 {"parameter_id": 70, "parameter_source": "algorithm", "parameters": {"model_type": "Transformer", "units": 256, "num_layers": 2, "dropout": 0.1, "activation": "elu", "lr": 0.001471777933935194, "window_size": 13, "batch_size": 128, "epochs": 5, "kernel_size": 2, "attention_heads": 4}, "parameter_index": 0}
[2026-05-19 00:39:23] INFO (NNIManager) Trial job H1EY8 status changed from RUNNING to SUCCEEDED
[2026-05-19 00:39:23] INFO (NNIManager) NNIManager received command from dispatcher: TR, {"parameter_id": 71, "parameter_source": "algorithm", "parameters": {"model_type": "Transformer", "units": 256, "num_layers": 2, "dropout": 0.1, "activation": "elu", "lr": 0.001471777933935194, "window_size": 13, "batch_size": 128, "epochs": 10, "kernel_size": 2, "attention_heads": 4}, "parameter_index": 0}
[2026-05-19 00:39:23] INFO (NNIManager) submitTrialJob: form: {
  sequenceId: 71,
  hyperParameters: {
    value: '{"parameter_id": 71, "parameter_source": "algorithm", "parameters": {"model_type": "Transformer", "units": 256, "num_layers": 2, "dropout": 0.1, "activation": "elu", "lr": 0.001471777933935194, "window_size": 13, "batch_size": 128, "epochs": 10, "kernel_size": 2, "attention_heads": 4}, "parameter_index": 0}',
    index: 0
  },
  placementConstraint: { type: 'None', gpus: [] }
}
[2026-05-19 00:39:23] INFO (LocalV3.local) Created trial il1sl
[2026-05-19 00:39:26] INFO (LocalV3.local) Trial parameter: il1sl {"parameter_id": 71, "parameter_source": "algorithm", "parameters": {"model_type": "Transformer", "units": 256, "num_layers": 2, "dropout": 0.1, "activation": "elu", "lr": 0.001471777933935194, "window_size": 13, "batch_size": 128, "epochs": 10, "kernel_size": 2, "attention_heads": 4}, "parameter_index": 0}
[2026-05-19 00:39:42] INFO (NNIManager) Trial job il1sl status changed from RUNNING to SUCCEEDED
[2026-05-19 00:39:42] INFO (NNIManager) NNIManager received command from dispatcher: TR, {"parameter_id": 72, "parameter_source": "algorithm", "parameters": {"model_type": "GRU", "units": 16, "num_layers": 3, "dropout": 0.3, "activation": "elu", "lr": 0.003991008249576957, "window_size": 12, "batch_size": 128, "epochs": 10, "kernel_size": 7, "attention_heads": 4}, "parameter_index": 0}
[2026-05-19 00:39:42] INFO (NNIManager) submitTrialJob: form: {
  sequenceId: 72,
  hyperParameters: {
    value: '{"parameter_id": 72, "parameter_source": "algorithm", "parameters": {"model_type": "GRU", "units": 16, "num_layers": 3, "dropout": 0.3, "activation": "elu", "lr": 0.003991008249576957, "window_size": 12, "batch_size": 128, "epochs": 10, "kernel_size": 7, "attention_heads": 4}, "parameter_index": 0}',
    index: 0
  },
  placementConstraint: { type: 'None', gpus: [] }
}
[2026-05-19 00:39:42] INFO (LocalV3.local) Created trial beo2t
[2026-05-19 00:39:45] INFO (LocalV3.local) Trial parameter: beo2t {"parameter_id": 72, "parameter_source": "algorithm", "parameters": {"model_type": "GRU", "units": 16, "num_layers": 3, "dropout": 0.3, "activation": "elu", "lr": 0.003991008249576957, "window_size": 12, "batch_size": 128, "epochs": 10, "kernel_size": 7, "attention_heads": 4}, "parameter_index": 0}
[2026-05-19 00:39:55] INFO (NNIManager) Trial job beo2t status changed from RUNNING to SUCCEEDED
[2026-05-19 00:39:55] INFO (NNIManager) NNIManager received command from dispatcher: TR, {"parameter_id": 73, "parameter_source": "algorithm", "parameters": {"model_type": "Transformer", "units": 256, "num_layers": 2, "dropout": 0.1, "activation": "elu", "lr": 0.001471777933935194, "window_size": 13, "batch_size": 128, "epochs": 5, "kernel_size": 2, "attention_heads": 4}, "parameter_index": 0}
[2026-05-19 00:39:56] INFO (NNIManager) submitTrialJob: form: {
  sequenceId: 73,
  hyperParameters: {
    value: '{"parameter_id": 73, "parameter_source": "algorithm", "parameters": {"model_type": "Transformer", "units": 256, "num_layers": 2, "dropout": 0.1, "activation": "elu", "lr": 0.001471777933935194, "window_size": 13, "batch_size": 128, "epochs": 5, "kernel_size": 2, "attention_heads": 4}, "parameter_index": 0}',
    index: 0
  },
  placementConstraint: { type: 'None', gpus: [] }
}
[2026-05-19 00:39:56] INFO (LocalV3.local) Created trial Blz4h
[2026-05-19 00:39:58] INFO (LocalV3.local) Trial parameter: Blz4h {"parameter_id": 73, "parameter_source": "algorithm", "parameters": {"model_type": "Transformer", "units": 256, "num_layers": 2, "dropout": 0.1, "activation": "elu", "lr": 0.001471777933935194, "window_size": 13, "batch_size": 128, "epochs": 5, "kernel_size": 2, "attention_heads": 4}, "parameter_index": 0}
[2026-05-19 00:40:09] INFO (NNIManager) Trial job Blz4h status changed from RUNNING to SUCCEEDED
[2026-05-19 00:40:09] INFO (NNIManager) NNIManager received command from dispatcher: TR, {"parameter_id": 74, "parameter_source": "algorithm", "parameters": {"model_type": "GRU", "units": 128, "num_layers": 2, "dropout": 0, "activation": "sigmoid", "lr": 0.00023773782020832947, "window_size": 3, "batch_size": 64, "epochs": 15, "kernel_size": 5, "attention_heads": 8}, "parameter_index": 0}
[2026-05-19 00:40:09] INFO (NNIManager) submitTrialJob: form: {
  sequenceId: 74,
  hyperParameters: {
    value: '{"parameter_id": 74, "parameter_source": "algorithm", "parameters": {"model_type": "GRU", "units": 128, "num_layers": 2, "dropout": 0, "activation": "sigmoid", "lr": 0.00023773782020832947, "window_size": 3, "batch_size": 64, "epochs": 15, "kernel_size": 5, "attention_heads": 8}, "parameter_index": 0}',
    index: 0
  },
  placementConstraint: { type: 'None', gpus: [] }
}
[2026-05-19 00:40:09] INFO (LocalV3.local) Created trial nW2x2
[2026-05-19 00:40:12] INFO (LocalV3.local) Trial parameter: nW2x2 {"parameter_id": 74, "parameter_source": "algorithm", "parameters": {"model_type": "GRU", "units": 128, "num_layers": 2, "dropout": 0, "activation": "sigmoid", "lr": 0.00023773782020832947, "window_size": 3, "batch_size": 64, "epochs": 15, "kernel_size": 5, "attention_heads": 8}, "parameter_index": 0}
[2026-05-19 00:40:22] INFO (NNIManager) Trial job nW2x2 status changed from RUNNING to SUCCEEDED
[2026-05-19 00:40:22] INFO (NNIManager) NNIManager received command from dispatcher: TR, {"parameter_id": 75, "parameter_source": "algorithm", "parameters": {"model_type": "GRU", "units": 128, "num_layers": 2, "dropout": 0, "activation": "sigmoid", "lr": 0.00023773782020832947, "window_size": 3, "batch_size": 16, "epochs": 15, "kernel_size": 5, "attention_heads": 8}, "parameter_index": 0}
[2026-05-19 00:40:22] INFO (NNIManager) submitTrialJob: form: {
  sequenceId: 75,
  hyperParameters: {
    value: '{"parameter_id": 75, "parameter_source": "algorithm", "parameters": {"model_type": "GRU", "units": 128, "num_layers": 2, "dropout": 0, "activation": "sigmoid", "lr": 0.00023773782020832947, "window_size": 3, "batch_size": 16, "epochs": 15, "kernel_size": 5, "attention_heads": 8}, "parameter_index": 0}',
    index: 0
  },
  placementConstraint: { type: 'None', gpus: [] }
}
[2026-05-19 00:40:22] INFO (LocalV3.local) Created trial kwn9T
[2026-05-19 00:40:25] INFO (LocalV3.local) Trial parameter: kwn9T {"parameter_id": 75, "parameter_source": "algorithm", "parameters": {"model_type": "GRU", "units": 128, "num_layers": 2, "dropout": 0, "activation": "sigmoid", "lr": 0.00023773782020832947, "window_size": 3, "batch_size": 16, "epochs": 15, "kernel_size": 5, "attention_heads": 8}, "parameter_index": 0}
[2026-05-19 00:40:38] INFO (NNIManager) Trial job kwn9T status changed from RUNNING to SUCCEEDED
[2026-05-19 00:40:38] INFO (NNIManager) NNIManager received command from dispatcher: TR, {"parameter_id": 76, "parameter_source": "algorithm", "parameters": {"model_type": "Transformer", "units": 256, "num_layers": 2, "dropout": 0.1, "activation": "elu", "lr": 0.001471777933935194, "window_size": 13, "batch_size": 128, "epochs": 5, "kernel_size": 2, "attention_heads": 4}, "parameter_index": 0}
[2026-05-19 00:40:39] INFO (NNIManager) submitTrialJob: form: {
  sequenceId: 76,
  hyperParameters: {
    value: '{"parameter_id": 76, "parameter_source": "algorithm", "parameters": {"model_type": "Transformer", "units": 256, "num_layers": 2, "dropout": 0.1, "activation": "elu", "lr": 0.001471777933935194, "window_size": 13, "batch_size": 128, "epochs": 5, "kernel_size": 2, "attention_heads": 4}, "parameter_index": 0}',
    index: 0
  },
  placementConstraint: { type: 'None', gpus: [] }
}
[2026-05-19 00:40:39] INFO (LocalV3.local) Created trial tQTwq
[2026-05-19 00:40:41] INFO (LocalV3.local) Trial parameter: tQTwq {"parameter_id": 76, "parameter_source": "algorithm", "parameters": {"model_type": "Transformer", "units": 256, "num_layers": 2, "dropout": 0.1, "activation": "elu", "lr": 0.001471777933935194, "window_size": 13, "batch_size": 128, "epochs": 5, "kernel_size": 2, "attention_heads": 4}, "parameter_index": 0}
[2026-05-19 00:40:51] INFO (NNIManager) Trial job tQTwq status changed from RUNNING to SUCCEEDED
[2026-05-19 00:40:51] INFO (NNIManager) NNIManager received command from dispatcher: TR, {"parameter_id": 77, "parameter_source": "algorithm", "parameters": {"model_type": "Transformer", "units": 256, "num_layers": 2, "dropout": 0.5, "activation": "elu", "lr": 0.001471777933935194, "window_size": 13, "batch_size": 128, "epochs": 5, "kernel_size": 2, "attention_heads": 4}, "parameter_index": 0}
[2026-05-19 00:40:52] INFO (NNIManager) submitTrialJob: form: {
  sequenceId: 77,
  hyperParameters: {
    value: '{"parameter_id": 77, "parameter_source": "algorithm", "parameters": {"model_type": "Transformer", "units": 256, "num_layers": 2, "dropout": 0.5, "activation": "elu", "lr": 0.001471777933935194, "window_size": 13, "batch_size": 128, "epochs": 5, "kernel_size": 2, "attention_heads": 4}, "parameter_index": 0}',
    index: 0
  },
  placementConstraint: { type: 'None', gpus: [] }
}
[2026-05-19 00:40:52] INFO (LocalV3.local) Created trial xWXY3
[2026-05-19 00:40:54] INFO (LocalV3.local) Trial parameter: xWXY3 {"parameter_id": 77, "parameter_source": "algorithm", "parameters": {"model_type": "Transformer", "units": 256, "num_layers": 2, "dropout": 0.5, "activation": "elu", "lr": 0.001471777933935194, "window_size": 13, "batch_size": 128, "epochs": 5, "kernel_size": 2, "attention_heads": 4}, "parameter_index": 0}
[2026-05-19 00:41:05] INFO (NNIManager) Trial job xWXY3 status changed from RUNNING to SUCCEEDED
[2026-05-19 00:41:05] INFO (NNIManager) NNIManager received command from dispatcher: TR, {"parameter_id": 78, "parameter_source": "algorithm", "parameters": {"model_type": "GRU", "units": 64, "num_layers": 2, "dropout": 0.3, "activation": "elu", "lr": 7.675794520852439e-05, "window_size": 10, "batch_size": 16, "epochs": 20, "kernel_size": 2, "attention_heads": 4}, "parameter_index": 0}
[2026-05-19 00:41:06] INFO (NNIManager) submitTrialJob: form: {
  sequenceId: 78,
  hyperParameters: {
    value: '{"parameter_id": 78, "parameter_source": "algorithm", "parameters": {"model_type": "GRU", "units": 64, "num_layers": 2, "dropout": 0.3, "activation": "elu", "lr": 7.675794520852439e-05, "window_size": 10, "batch_size": 16, "epochs": 20, "kernel_size": 2, "attention_heads": 4}, "parameter_index": 0}',
    index: 0
  },
  placementConstraint: { type: 'None', gpus: [] }
}
[2026-05-19 00:41:06] INFO (LocalV3.local) Created trial fa1xR
[2026-05-19 00:41:08] INFO (LocalV3.local) Trial parameter: fa1xR {"parameter_id": 78, "parameter_source": "algorithm", "parameters": {"model_type": "GRU", "units": 64, "num_layers": 2, "dropout": 0.3, "activation": "elu", "lr": 7.675794520852439e-05, "window_size": 10, "batch_size": 16, "epochs": 20, "kernel_size": 2, "attention_heads": 4}, "parameter_index": 0}
[2026-05-19 00:41:29] INFO (NNIManager) Trial job fa1xR status changed from RUNNING to SUCCEEDED
[2026-05-19 00:41:29] INFO (NNIManager) NNIManager received command from dispatcher: TR, {"parameter_id": 79, "parameter_source": "algorithm", "parameters": {"model_type": "GRU", "units": 64, "num_layers": 2, "dropout": 0.3, "activation": "elu", "lr": 7.675794520852439e-05, "window_size": 3, "batch_size": 16, "epochs": 20, "kernel_size": 7, "attention_heads": 4}, "parameter_index": 0}
[2026-05-19 00:41:30] INFO (NNIManager) submitTrialJob: form: {
  sequenceId: 79,
  hyperParameters: {
    value: '{"parameter_id": 79, "parameter_source": "algorithm", "parameters": {"model_type": "GRU", "units": 64, "num_layers": 2, "dropout": 0.3, "activation": "elu", "lr": 7.675794520852439e-05, "window_size": 3, "batch_size": 16, "epochs": 20, "kernel_size": 7, "attention_heads": 4}, "parameter_index": 0}',
    index: 0
  },
  placementConstraint: { type: 'None', gpus: [] }
}
[2026-05-19 00:41:30] INFO (LocalV3.local) Created trial VQ2zn
[2026-05-19 00:41:32] INFO (LocalV3.local) Trial parameter: VQ2zn {"parameter_id": 79, "parameter_source": "algorithm", "parameters": {"model_type": "GRU", "units": 64, "num_layers": 2, "dropout": 0.3, "activation": "elu", "lr": 7.675794520852439e-05, "window_size": 3, "batch_size": 16, "epochs": 20, "kernel_size": 7, "attention_heads": 4}, "parameter_index": 0}
[2026-05-19 00:41:47] INFO (NNIManager) Trial job VQ2zn status changed from RUNNING to SUCCEEDED
[2026-05-19 00:41:47] INFO (NNIManager) NNIManager received command from dispatcher: TR, {"parameter_id": 80, "parameter_source": "algorithm", "parameters": {"model_type": "RNN", "units": 256, "num_layers": 1, "dropout": 0.3, "activation": "tanh", "lr": 0.00012178180463062667, "window_size": 20, "batch_size": 128, "epochs": 15, "kernel_size": 5, "attention_heads": 4}, "parameter_index": 0}
[2026-05-19 00:41:48] INFO (NNIManager) submitTrialJob: form: {
  sequenceId: 80,
  hyperParameters: {
    value: '{"parameter_id": 80, "parameter_source": "algorithm", "parameters": {"model_type": "RNN", "units": 256, "num_layers": 1, "dropout": 0.3, "activation": "tanh", "lr": 0.00012178180463062667, "window_size": 20, "batch_size": 128, "epochs": 15, "kernel_size": 5, "attention_heads": 4}, "parameter_index": 0}',
    index: 0
  },
  placementConstraint: { type: 'None', gpus: [] }
}
[2026-05-19 00:41:48] INFO (LocalV3.local) Created trial KXYfZ
[2026-05-19 00:41:50] INFO (LocalV3.local) Trial parameter: KXYfZ {"parameter_id": 80, "parameter_source": "algorithm", "parameters": {"model_type": "RNN", "units": 256, "num_layers": 1, "dropout": 0.3, "activation": "tanh", "lr": 0.00012178180463062667, "window_size": 20, "batch_size": 128, "epochs": 15, "kernel_size": 5, "attention_heads": 4}, "parameter_index": 0}
[2026-05-19 00:41:58] INFO (NNIManager) Trial job KXYfZ status changed from RUNNING to SUCCEEDED
[2026-05-19 00:41:58] INFO (NNIManager) NNIManager received command from dispatcher: TR, {"parameter_id": 81, "parameter_source": "algorithm", "parameters": {"model_type": "LSTM", "units": 128, "num_layers": 1, "dropout": 0.1, "activation": "relu", "lr": 0.001594675867756731, "window_size": 5, "batch_size": 128, "epochs": 5, "kernel_size": 5, "attention_heads": 2}, "parameter_index": 0}
[2026-05-19 00:41:59] INFO (NNIManager) submitTrialJob: form: {
  sequenceId: 81,
  hyperParameters: {
    value: '{"parameter_id": 81, "parameter_source": "algorithm", "parameters": {"model_type": "LSTM", "units": 128, "num_layers": 1, "dropout": 0.1, "activation": "relu", "lr": 0.001594675867756731, "window_size": 5, "batch_size": 128, "epochs": 5, "kernel_size": 5, "attention_heads": 2}, "parameter_index": 0}',
    index: 0
  },
  placementConstraint: { type: 'None', gpus: [] }
}
[2026-05-19 00:41:59] INFO (LocalV3.local) Created trial g5WHW
[2026-05-19 00:42:01] INFO (LocalV3.local) Trial parameter: g5WHW {"parameter_id": 81, "parameter_source": "algorithm", "parameters": {"model_type": "LSTM", "units": 128, "num_layers": 1, "dropout": 0.1, "activation": "relu", "lr": 0.001594675867756731, "window_size": 5, "batch_size": 128, "epochs": 5, "kernel_size": 5, "attention_heads": 2}, "parameter_index": 0}
[2026-05-19 00:42:06] INFO (NNIManager) Trial job g5WHW status changed from RUNNING to SUCCEEDED
[2026-05-19 00:42:06] INFO (NNIManager) NNIManager received command from dispatcher: TR, {"parameter_id": 82, "parameter_source": "algorithm", "parameters": {"model_type": "Transformer", "units": 256, "num_layers": 2, "dropout": 0.5, "activation": "elu", "lr": 0.001556321148374464, "window_size": 13, "batch_size": 128, "epochs": 5, "kernel_size": 2, "attention_heads": 4}, "parameter_index": 0}
[2026-05-19 00:42:07] INFO (NNIManager) submitTrialJob: form: {
  sequenceId: 82,
  hyperParameters: {
    value: '{"parameter_id": 82, "parameter_source": "algorithm", "parameters": {"model_type": "Transformer", "units": 256, "num_layers": 2, "dropout": 0.5, "activation": "elu", "lr": 0.001556321148374464, "window_size": 13, "batch_size": 128, "epochs": 5, "kernel_size": 2, "attention_heads": 4}, "parameter_index": 0}',
    index: 0
  },
  placementConstraint: { type: 'None', gpus: [] }
}
[2026-05-19 00:42:07] INFO (LocalV3.local) Created trial kOu4L
[2026-05-19 00:42:09] INFO (LocalV3.local) Trial parameter: kOu4L {"parameter_id": 82, "parameter_source": "algorithm", "parameters": {"model_type": "Transformer", "units": 256, "num_layers": 2, "dropout": 0.5, "activation": "elu", "lr": 0.001556321148374464, "window_size": 13, "batch_size": 128, "epochs": 5, "kernel_size": 2, "attention_heads": 4}, "parameter_index": 0}
[2026-05-19 00:42:19] INFO (NNIManager) Trial job kOu4L status changed from RUNNING to SUCCEEDED
[2026-05-19 00:42:19] INFO (NNIManager) NNIManager received command from dispatcher: TR, {"parameter_id": 83, "parameter_source": "algorithm", "parameters": {"model_type": "GRU", "units": 64, "num_layers": 2, "dropout": 0.3, "activation": "elu", "lr": 7.675794520852439e-05, "window_size": 10, "batch_size": 16, "epochs": 20, "kernel_size": 2, "attention_heads": 4}, "parameter_index": 0}
[2026-05-19 00:42:20] INFO (NNIManager) submitTrialJob: form: {
  sequenceId: 83,
  hyperParameters: {
    value: '{"parameter_id": 83, "parameter_source": "algorithm", "parameters": {"model_type": "GRU", "units": 64, "num_layers": 2, "dropout": 0.3, "activation": "elu", "lr": 7.675794520852439e-05, "window_size": 10, "batch_size": 16, "epochs": 20, "kernel_size": 2, "attention_heads": 4}, "parameter_index": 0}',
    index: 0
  },
  placementConstraint: { type: 'None', gpus: [] }
}
[2026-05-19 00:42:20] INFO (LocalV3.local) Created trial R4dmd
[2026-05-19 00:42:22] INFO (LocalV3.local) Trial parameter: R4dmd {"parameter_id": 83, "parameter_source": "algorithm", "parameters": {"model_type": "GRU", "units": 64, "num_layers": 2, "dropout": 0.3, "activation": "elu", "lr": 7.675794520852439e-05, "window_size": 10, "batch_size": 16, "epochs": 20, "kernel_size": 2, "attention_heads": 4}, "parameter_index": 0}
[2026-05-19 00:42:42] INFO (NNIManager) Trial job R4dmd status changed from RUNNING to SUCCEEDED
[2026-05-19 00:42:42] INFO (NNIManager) NNIManager received command from dispatcher: TR, {"parameter_id": 84, "parameter_source": "algorithm", "parameters": {"model_type": "GRU", "units": 64, "num_layers": 2, "dropout": 0.3, "activation": "elu", "lr": 7.675794520852439e-05, "window_size": 10, "batch_size": 16, "epochs": 20, "kernel_size": 7, "attention_heads": 4}, "parameter_index": 0}
[2026-05-19 00:42:42] INFO (NNIManager) submitTrialJob: form: {
  sequenceId: 84,
  hyperParameters: {
    value: '{"parameter_id": 84, "parameter_source": "algorithm", "parameters": {"model_type": "GRU", "units": 64, "num_layers": 2, "dropout": 0.3, "activation": "elu", "lr": 7.675794520852439e-05, "window_size": 10, "batch_size": 16, "epochs": 20, "kernel_size": 7, "attention_heads": 4}, "parameter_index": 0}',
    index: 0
  },
  placementConstraint: { type: 'None', gpus: [] }
}
[2026-05-19 00:42:42] INFO (LocalV3.local) Created trial MJPkT
[2026-05-19 00:42:45] INFO (LocalV3.local) Trial parameter: MJPkT {"parameter_id": 84, "parameter_source": "algorithm", "parameters": {"model_type": "GRU", "units": 64, "num_layers": 2, "dropout": 0.3, "activation": "elu", "lr": 7.675794520852439e-05, "window_size": 10, "batch_size": 16, "epochs": 20, "kernel_size": 7, "attention_heads": 4}, "parameter_index": 0}
[2026-05-19 00:43:05] INFO (NNIManager) Trial job MJPkT status changed from RUNNING to SUCCEEDED
[2026-05-19 00:43:05] INFO (NNIManager) NNIManager received command from dispatcher: TR, {"parameter_id": 85, "parameter_source": "algorithm", "parameters": {"model_type": "RNN", "units": 128, "num_layers": 1, "dropout": 0.2, "activation": "sigmoid", "lr": 0.00036571764543993695, "window_size": 2, "batch_size": 32, "epochs": 20, "kernel_size": 5, "attention_heads": 2}, "parameter_index": 0}
[2026-05-19 00:43:05] INFO (NNIManager) submitTrialJob: form: {
  sequenceId: 85,
  hyperParameters: {
    value: '{"parameter_id": 85, "parameter_source": "algorithm", "parameters": {"model_type": "RNN", "units": 128, "num_layers": 1, "dropout": 0.2, "activation": "sigmoid", "lr": 0.00036571764543993695, "window_size": 2, "batch_size": 32, "epochs": 20, "kernel_size": 5, "attention_heads": 2}, "parameter_index": 0}',
    index: 0
  },
  placementConstraint: { type: 'None', gpus: [] }
}
[2026-05-19 00:43:05] INFO (LocalV3.local) Created trial ncWSl
[2026-05-19 00:43:07] INFO (LocalV3.local) Trial parameter: ncWSl {"parameter_id": 85, "parameter_source": "algorithm", "parameters": {"model_type": "RNN", "units": 128, "num_layers": 1, "dropout": 0.2, "activation": "sigmoid", "lr": 0.00036571764543993695, "window_size": 2, "batch_size": 32, "epochs": 20, "kernel_size": 5, "attention_heads": 2}, "parameter_index": 0}
[2026-05-19 00:43:12] INFO (NNIManager) Trial job ncWSl status changed from RUNNING to SUCCEEDED
[2026-05-19 00:43:12] INFO (NNIManager) NNIManager received command from dispatcher: TR, {"parameter_id": 86, "parameter_source": "algorithm", "parameters": {"model_type": "RNN", "units": 128, "num_layers": 1, "dropout": 0.2, "activation": "sigmoid", "lr": 0.00036571764543993695, "window_size": 2, "batch_size": 32, "epochs": 20, "kernel_size": 5, "attention_heads": 8}, "parameter_index": 0}
[2026-05-19 00:43:13] INFO (NNIManager) submitTrialJob: form: {
  sequenceId: 86,
  hyperParameters: {
    value: '{"parameter_id": 86, "parameter_source": "algorithm", "parameters": {"model_type": "RNN", "units": 128, "num_layers": 1, "dropout": 0.2, "activation": "sigmoid", "lr": 0.00036571764543993695, "window_size": 2, "batch_size": 32, "epochs": 20, "kernel_size": 5, "attention_heads": 8}, "parameter_index": 0}',
    index: 0
  },
  placementConstraint: { type: 'None', gpus: [] }
}
[2026-05-19 00:43:13] INFO (LocalV3.local) Created trial NZ0L8
[2026-05-19 00:43:16] INFO (LocalV3.local) Trial parameter: NZ0L8 {"parameter_id": 86, "parameter_source": "algorithm", "parameters": {"model_type": "RNN", "units": 128, "num_layers": 1, "dropout": 0.2, "activation": "sigmoid", "lr": 0.00036571764543993695, "window_size": 2, "batch_size": 32, "epochs": 20, "kernel_size": 5, "attention_heads": 8}, "parameter_index": 0}
[2026-05-19 00:43:22] INFO (NNIManager) Trial job NZ0L8 status changed from RUNNING to SUCCEEDED
[2026-05-19 00:43:22] INFO (NNIManager) NNIManager received command from dispatcher: TR, {"parameter_id": 87, "parameter_source": "algorithm", "parameters": {"model_type": "RNN", "units": 128, "num_layers": 1, "dropout": 0.2, "activation": "sigmoid", "lr": 0.0011871143782309212, "window_size": 2, "batch_size": 32, "epochs": 20, "kernel_size": 5, "attention_heads": 2}, "parameter_index": 0}
[2026-05-19 00:43:23] INFO (NNIManager) submitTrialJob: form: {
  sequenceId: 87,
  hyperParameters: {
    value: '{"parameter_id": 87, "parameter_source": "algorithm", "parameters": {"model_type": "RNN", "units": 128, "num_layers": 1, "dropout": 0.2, "activation": "sigmoid", "lr": 0.0011871143782309212, "window_size": 2, "batch_size": 32, "epochs": 20, "kernel_size": 5, "attention_heads": 2}, "parameter_index": 0}',
    index: 0
  },
  placementConstraint: { type: 'None', gpus: [] }
}
[2026-05-19 00:43:23] INFO (LocalV3.local) Created trial NZozo
[2026-05-19 00:43:25] INFO (LocalV3.local) Trial parameter: NZozo {"parameter_id": 87, "parameter_source": "algorithm", "parameters": {"model_type": "RNN", "units": 128, "num_layers": 1, "dropout": 0.2, "activation": "sigmoid", "lr": 0.0011871143782309212, "window_size": 2, "batch_size": 32, "epochs": 20, "kernel_size": 5, "attention_heads": 2}, "parameter_index": 0}
[2026-05-19 00:43:32] INFO (NNIManager) Trial job NZozo status changed from RUNNING to SUCCEEDED
[2026-05-19 00:43:32] INFO (NNIManager) NNIManager received command from dispatcher: TR, {"parameter_id": 88, "parameter_source": "algorithm", "parameters": {"model_type": "RNN", "units": 128, "num_layers": 1, "dropout": 0.2, "activation": "sigmoid", "lr": 0.00036571764543993695, "window_size": 12, "batch_size": 32, "epochs": 20, "kernel_size": 5, "attention_heads": 8}, "parameter_index": 0}
[2026-05-19 00:43:33] INFO (NNIManager) submitTrialJob: form: {
  sequenceId: 88,
  hyperParameters: {
    value: '{"parameter_id": 88, "parameter_source": "algorithm", "parameters": {"model_type": "RNN", "units": 128, "num_layers": 1, "dropout": 0.2, "activation": "sigmoid", "lr": 0.00036571764543993695, "window_size": 12, "batch_size": 32, "epochs": 20, "kernel_size": 5, "attention_heads": 8}, "parameter_index": 0}',
    index: 0
  },
  placementConstraint: { type: 'None', gpus: [] }
}
[2026-05-19 00:43:33] INFO (LocalV3.local) Created trial DoQsd
[2026-05-19 00:43:36] INFO (LocalV3.local) Trial parameter: DoQsd {"parameter_id": 88, "parameter_source": "algorithm", "parameters": {"model_type": "RNN", "units": 128, "num_layers": 1, "dropout": 0.2, "activation": "sigmoid", "lr": 0.00036571764543993695, "window_size": 12, "batch_size": 32, "epochs": 20, "kernel_size": 5, "attention_heads": 8}, "parameter_index": 0}
[2026-05-19 00:43:44] INFO (NNIManager) Trial job DoQsd status changed from RUNNING to SUCCEEDED
[2026-05-19 00:43:44] INFO (NNIManager) NNIManager received command from dispatcher: TR, {"parameter_id": 89, "parameter_source": "algorithm", "parameters": {"model_type": "Transformer", "units": 128, "num_layers": 2, "dropout": 0, "activation": "elu", "lr": 0.001471777933935194, "window_size": 13, "batch_size": 128, "epochs": 5, "kernel_size": 5, "attention_heads": 4}, "parameter_index": 0}
[2026-05-19 00:43:44] INFO (NNIManager) submitTrialJob: form: {
  sequenceId: 89,
  hyperParameters: {
    value: '{"parameter_id": 89, "parameter_source": "algorithm", "parameters": {"model_type": "Transformer", "units": 128, "num_layers": 2, "dropout": 0, "activation": "elu", "lr": 0.001471777933935194, "window_size": 13, "batch_size": 128, "epochs": 5, "kernel_size": 5, "attention_heads": 4}, "parameter_index": 0}',
    index: 0
  },
  placementConstraint: { type: 'None', gpus: [] }
}
[2026-05-19 00:43:44] INFO (LocalV3.local) Created trial hZ2sB
[2026-05-19 00:43:47] INFO (LocalV3.local) Trial parameter: hZ2sB {"parameter_id": 89, "parameter_source": "algorithm", "parameters": {"model_type": "Transformer", "units": 128, "num_layers": 2, "dropout": 0, "activation": "elu", "lr": 0.001471777933935194, "window_size": 13, "batch_size": 128, "epochs": 5, "kernel_size": 5, "attention_heads": 4}, "parameter_index": 0}
[2026-05-19 00:43:52] INFO (NNIManager) Trial job hZ2sB status changed from RUNNING to SUCCEEDED
[2026-05-19 00:43:52] INFO (NNIManager) NNIManager received command from dispatcher: TR, {"parameter_id": 90, "parameter_source": "algorithm", "parameters": {"model_type": "Transformer", "units": 256, "num_layers": 2, "dropout": 0.1, "activation": "elu", "lr": 0.001471777933935194, "window_size": 13, "batch_size": 128, "epochs": 5, "kernel_size": 7, "attention_heads": 4}, "parameter_index": 0}
[2026-05-19 00:43:53] INFO (NNIManager) submitTrialJob: form: {
  sequenceId: 90,
  hyperParameters: {
    value: '{"parameter_id": 90, "parameter_source": "algorithm", "parameters": {"model_type": "Transformer", "units": 256, "num_layers": 2, "dropout": 0.1, "activation": "elu", "lr": 0.001471777933935194, "window_size": 13, "batch_size": 128, "epochs": 5, "kernel_size": 7, "attention_heads": 4}, "parameter_index": 0}',
    index: 0
  },
  placementConstraint: { type: 'None', gpus: [] }
}
[2026-05-19 00:43:53] INFO (LocalV3.local) Created trial NpGEV
[2026-05-19 00:43:55] INFO (LocalV3.local) Trial parameter: NpGEV {"parameter_id": 90, "parameter_source": "algorithm", "parameters": {"model_type": "Transformer", "units": 256, "num_layers": 2, "dropout": 0.1, "activation": "elu", "lr": 0.001471777933935194, "window_size": 13, "batch_size": 128, "epochs": 5, "kernel_size": 7, "attention_heads": 4}, "parameter_index": 0}
[2026-05-19 00:44:04] INFO (NNIManager) Trial job NpGEV status changed from RUNNING to SUCCEEDED
[2026-05-19 00:44:04] INFO (NNIManager) NNIManager received command from dispatcher: TR, {"parameter_id": 91, "parameter_source": "algorithm", "parameters": {"model_type": "GRU", "units": 16, "num_layers": 3, "dropout": 0.3, "activation": "elu", "lr": 0.003991008249576957, "window_size": 12, "batch_size": 128, "epochs": 10, "kernel_size": 7, "attention_heads": 2}, "parameter_index": 0}
[2026-05-19 00:44:04] INFO (NNIManager) submitTrialJob: form: {
  sequenceId: 91,
  hyperParameters: {
    value: '{"parameter_id": 91, "parameter_source": "algorithm", "parameters": {"model_type": "GRU", "units": 16, "num_layers": 3, "dropout": 0.3, "activation": "elu", "lr": 0.003991008249576957, "window_size": 12, "batch_size": 128, "epochs": 10, "kernel_size": 7, "attention_heads": 2}, "parameter_index": 0}',
    index: 0
  },
  placementConstraint: { type: 'None', gpus: [] }
}
[2026-05-19 00:44:04] INFO (LocalV3.local) Created trial x64A0
[2026-05-19 00:44:06] INFO (LocalV3.local) Trial parameter: x64A0 {"parameter_id": 91, "parameter_source": "algorithm", "parameters": {"model_type": "GRU", "units": 16, "num_layers": 3, "dropout": 0.3, "activation": "elu", "lr": 0.003991008249576957, "window_size": 12, "batch_size": 128, "epochs": 10, "kernel_size": 7, "attention_heads": 2}, "parameter_index": 0}
[2026-05-19 00:44:15] INFO (NNIManager) Trial job x64A0 status changed from RUNNING to SUCCEEDED
[2026-05-19 00:44:15] INFO (NNIManager) NNIManager received command from dispatcher: TR, {"parameter_id": 92, "parameter_source": "algorithm", "parameters": {"model_type": "Transformer", "units": 128, "num_layers": 2, "dropout": 0, "activation": "elu", "lr": 0.001471777933935194, "window_size": 13, "batch_size": 128, "epochs": 5, "kernel_size": 5, "attention_heads": 4}, "parameter_index": 0}
[2026-05-19 00:44:15] INFO (NNIManager) submitTrialJob: form: {
  sequenceId: 92,
  hyperParameters: {
    value: '{"parameter_id": 92, "parameter_source": "algorithm", "parameters": {"model_type": "Transformer", "units": 128, "num_layers": 2, "dropout": 0, "activation": "elu", "lr": 0.001471777933935194, "window_size": 13, "batch_size": 128, "epochs": 5, "kernel_size": 5, "attention_heads": 4}, "parameter_index": 0}',
    index: 0
  },
  placementConstraint: { type: 'None', gpus: [] }
}
[2026-05-19 00:44:15] INFO (LocalV3.local) Created trial evgyy
[2026-05-19 00:44:17] INFO (LocalV3.local) Trial parameter: evgyy {"parameter_id": 92, "parameter_source": "algorithm", "parameters": {"model_type": "Transformer", "units": 128, "num_layers": 2, "dropout": 0, "activation": "elu", "lr": 0.001471777933935194, "window_size": 13, "batch_size": 128, "epochs": 5, "kernel_size": 5, "attention_heads": 4}, "parameter_index": 0}
[2026-05-19 00:44:23] INFO (NNIManager) Trial job evgyy status changed from RUNNING to SUCCEEDED
[2026-05-19 00:44:23] INFO (NNIManager) NNIManager received command from dispatcher: TR, {"parameter_id": 93, "parameter_source": "algorithm", "parameters": {"model_type": "TCN", "units": 256, "num_layers": 2, "dropout": 0.1, "activation": "elu", "lr": 0.001471777933935194, "window_size": 13, "batch_size": 128, "epochs": 5, "kernel_size": 2, "attention_heads": 4}, "parameter_index": 0}
[2026-05-19 00:44:24] INFO (NNIManager) submitTrialJob: form: {
  sequenceId: 93,
  hyperParameters: {
    value: '{"parameter_id": 93, "parameter_source": "algorithm", "parameters": {"model_type": "TCN", "units": 256, "num_layers": 2, "dropout": 0.1, "activation": "elu", "lr": 0.001471777933935194, "window_size": 13, "batch_size": 128, "epochs": 5, "kernel_size": 2, "attention_heads": 4}, "parameter_index": 0}',
    index: 0
  },
  placementConstraint: { type: 'None', gpus: [] }
}
[2026-05-19 00:44:24] INFO (LocalV3.local) Created trial c93x6
[2026-05-19 00:44:26] INFO (LocalV3.local) Trial parameter: c93x6 {"parameter_id": 93, "parameter_source": "algorithm", "parameters": {"model_type": "TCN", "units": 256, "num_layers": 2, "dropout": 0.1, "activation": "elu", "lr": 0.001471777933935194, "window_size": 13, "batch_size": 128, "epochs": 5, "kernel_size": 2, "attention_heads": 4}, "parameter_index": 0}
[2026-05-19 00:44:29] INFO (NNIManager) Trial job c93x6 status changed from RUNNING to SUCCEEDED
[2026-05-19 00:44:29] INFO (NNIManager) NNIManager received command from dispatcher: TR, {"parameter_id": 94, "parameter_source": "algorithm", "parameters": {"model_type": "LSTM", "units": 16, "num_layers": 1, "dropout": 0.1, "activation": "relu", "lr": 0.00556003685059886, "window_size": 5, "batch_size": 128, "epochs": 5, "kernel_size": 5, "attention_heads": 2}, "parameter_index": 0}
[2026-05-19 00:44:29] INFO (NNIManager) submitTrialJob: form: {
  sequenceId: 94,
  hyperParameters: {
    value: '{"parameter_id": 94, "parameter_source": "algorithm", "parameters": {"model_type": "LSTM", "units": 16, "num_layers": 1, "dropout": 0.1, "activation": "relu", "lr": 0.00556003685059886, "window_size": 5, "batch_size": 128, "epochs": 5, "kernel_size": 5, "attention_heads": 2}, "parameter_index": 0}',
    index: 0
  },
  placementConstraint: { type: 'None', gpus: [] }
}
[2026-05-19 00:44:29] INFO (LocalV3.local) Created trial V74Rt
[2026-05-19 00:44:31] INFO (LocalV3.local) Trial parameter: V74Rt {"parameter_id": 94, "parameter_source": "algorithm", "parameters": {"model_type": "LSTM", "units": 16, "num_layers": 1, "dropout": 0.1, "activation": "relu", "lr": 0.00556003685059886, "window_size": 5, "batch_size": 128, "epochs": 5, "kernel_size": 5, "attention_heads": 2}, "parameter_index": 0}
[2026-05-19 00:44:35] INFO (NNIManager) Trial job V74Rt status changed from RUNNING to SUCCEEDED
[2026-05-19 00:44:35] INFO (NNIManager) NNIManager received command from dispatcher: TR, {"parameter_id": 95, "parameter_source": "algorithm", "parameters": {"model_type": "TCN", "units": 64, "num_layers": 2, "dropout": 0.3, "activation": "elu", "lr": 7.675794520852439e-05, "window_size": 10, "batch_size": 16, "epochs": 10, "kernel_size": 2, "attention_heads": 4}, "parameter_index": 0}
[2026-05-19 00:44:36] INFO (NNIManager) submitTrialJob: form: {
  sequenceId: 95,
  hyperParameters: {
    value: '{"parameter_id": 95, "parameter_source": "algorithm", "parameters": {"model_type": "TCN", "units": 64, "num_layers": 2, "dropout": 0.3, "activation": "elu", "lr": 7.675794520852439e-05, "window_size": 10, "batch_size": 16, "epochs": 10, "kernel_size": 2, "attention_heads": 4}, "parameter_index": 0}',
    index: 0
  },
  placementConstraint: { type: 'None', gpus: [] }
}
[2026-05-19 00:44:36] INFO (LocalV3.local) Created trial DsI0S
[2026-05-19 00:44:38] INFO (LocalV3.local) Trial parameter: DsI0S {"parameter_id": 95, "parameter_source": "algorithm", "parameters": {"model_type": "TCN", "units": 64, "num_layers": 2, "dropout": 0.3, "activation": "elu", "lr": 7.675794520852439e-05, "window_size": 10, "batch_size": 16, "epochs": 10, "kernel_size": 2, "attention_heads": 4}, "parameter_index": 0}
[2026-05-19 00:44:41] INFO (NNIManager) Trial job DsI0S status changed from RUNNING to SUCCEEDED
[2026-05-19 00:44:41] INFO (NNIManager) NNIManager received command from dispatcher: TR, {"parameter_id": 96, "parameter_source": "algorithm", "parameters": {"model_type": "GRU", "units": 64, "num_layers": 3, "dropout": 0.3, "activation": "elu", "lr": 7.675794520852439e-05, "window_size": 10, "batch_size": 16, "epochs": 20, "kernel_size": 7, "attention_heads": 4}, "parameter_index": 0}
[2026-05-19 00:44:42] INFO (NNIManager) submitTrialJob: form: {
  sequenceId: 96,
  hyperParameters: {
    value: '{"parameter_id": 96, "parameter_source": "algorithm", "parameters": {"model_type": "GRU", "units": 64, "num_layers": 3, "dropout": 0.3, "activation": "elu", "lr": 7.675794520852439e-05, "window_size": 10, "batch_size": 16, "epochs": 20, "kernel_size": 7, "attention_heads": 4}, "parameter_index": 0}',
    index: 0
  },
  placementConstraint: { type: 'None', gpus: [] }
}
[2026-05-19 00:44:42] INFO (LocalV3.local) Created trial yqqGk
[2026-05-19 00:44:44] INFO (LocalV3.local) Trial parameter: yqqGk {"parameter_id": 96, "parameter_source": "algorithm", "parameters": {"model_type": "GRU", "units": 64, "num_layers": 3, "dropout": 0.3, "activation": "elu", "lr": 7.675794520852439e-05, "window_size": 10, "batch_size": 16, "epochs": 20, "kernel_size": 7, "attention_heads": 4}, "parameter_index": 0}
[2026-05-19 00:45:05] INFO (NNIManager) Trial job yqqGk status changed from RUNNING to SUCCEEDED
[2026-05-19 00:45:05] INFO (NNIManager) NNIManager received command from dispatcher: TR, {"parameter_id": 97, "parameter_source": "algorithm", "parameters": {"model_type": "Transformer", "units": 128, "num_layers": 2, "dropout": 0, "activation": "elu", "lr": 0.00018095956020017982, "window_size": 13, "batch_size": 128, "epochs": 5, "kernel_size": 5, "attention_heads": 4}, "parameter_index": 0}
[2026-05-19 00:45:05] INFO (NNIManager) submitTrialJob: form: {
  sequenceId: 97,
  hyperParameters: {
    value: '{"parameter_id": 97, "parameter_source": "algorithm", "parameters": {"model_type": "Transformer", "units": 128, "num_layers": 2, "dropout": 0, "activation": "elu", "lr": 0.00018095956020017982, "window_size": 13, "batch_size": 128, "epochs": 5, "kernel_size": 5, "attention_heads": 4}, "parameter_index": 0}',
    index: 0
  },
  placementConstraint: { type: 'None', gpus: [] }
}
[2026-05-19 00:45:05] INFO (LocalV3.local) Created trial Obhoh
[2026-05-19 00:45:07] INFO (LocalV3.local) Trial parameter: Obhoh {"parameter_id": 97, "parameter_source": "algorithm", "parameters": {"model_type": "Transformer", "units": 128, "num_layers": 2, "dropout": 0, "activation": "elu", "lr": 0.00018095956020017982, "window_size": 13, "batch_size": 128, "epochs": 5, "kernel_size": 5, "attention_heads": 4}, "parameter_index": 0}
[2026-05-19 00:45:14] INFO (NNIManager) Trial job Obhoh status changed from RUNNING to SUCCEEDED
[2026-05-19 00:45:14] INFO (NNIManager) NNIManager received command from dispatcher: TR, {"parameter_id": 98, "parameter_source": "algorithm", "parameters": {"model_type": "GRU", "units": 16, "num_layers": 3, "dropout": 0.3, "activation": "relu", "lr": 0.003991008249576957, "window_size": 12, "batch_size": 128, "epochs": 10, "kernel_size": 7, "attention_heads": 2}, "parameter_index": 0}
[2026-05-19 00:45:14] INFO (NNIManager) submitTrialJob: form: {
  sequenceId: 98,
  hyperParameters: {
    value: '{"parameter_id": 98, "parameter_source": "algorithm", "parameters": {"model_type": "GRU", "units": 16, "num_layers": 3, "dropout": 0.3, "activation": "relu", "lr": 0.003991008249576957, "window_size": 12, "batch_size": 128, "epochs": 10, "kernel_size": 7, "attention_heads": 2}, "parameter_index": 0}',
    index: 0
  },
  placementConstraint: { type: 'None', gpus: [] }
}
[2026-05-19 00:45:14] INFO (LocalV3.local) Created trial PhuVU
[2026-05-19 00:45:16] INFO (LocalV3.local) Trial parameter: PhuVU {"parameter_id": 98, "parameter_source": "algorithm", "parameters": {"model_type": "GRU", "units": 16, "num_layers": 3, "dropout": 0.3, "activation": "relu", "lr": 0.003991008249576957, "window_size": 12, "batch_size": 128, "epochs": 10, "kernel_size": 7, "attention_heads": 2}, "parameter_index": 0}
[2026-05-19 00:45:25] INFO (NNIManager) Trial job PhuVU status changed from RUNNING to SUCCEEDED
[2026-05-19 00:45:25] INFO (NNIManager) NNIManager received command from dispatcher: TR, {"parameter_id": 99, "parameter_source": "algorithm", "parameters": {"model_type": "GRU", "units": 64, "num_layers": 2, "dropout": 0, "activation": "elu", "lr": 7.675794520852439e-05, "window_size": 10, "batch_size": 16, "epochs": 20, "kernel_size": 7, "attention_heads": 4}, "parameter_index": 0}
[2026-05-19 00:45:25] INFO (NNIManager) submitTrialJob: form: {
  sequenceId: 99,
  hyperParameters: {
    value: '{"parameter_id": 99, "parameter_source": "algorithm", "parameters": {"model_type": "GRU", "units": 64, "num_layers": 2, "dropout": 0, "activation": "elu", "lr": 7.675794520852439e-05, "window_size": 10, "batch_size": 16, "epochs": 20, "kernel_size": 7, "attention_heads": 4}, "parameter_index": 0}',
    index: 0
  },
  placementConstraint: { type: 'None', gpus: [] }
}
[2026-05-19 00:45:25] INFO (LocalV3.local) Created trial Bg5HB
[2026-05-19 00:45:27] INFO (LocalV3.local) Trial parameter: Bg5HB {"parameter_id": 99, "parameter_source": "algorithm", "parameters": {"model_type": "GRU", "units": 64, "num_layers": 2, "dropout": 0, "activation": "elu", "lr": 7.675794520852439e-05, "window_size": 10, "batch_size": 16, "epochs": 20, "kernel_size": 7, "attention_heads": 4}, "parameter_index": 0}
[2026-05-19 00:45:41] INFO (NNIManager) Trial job Bg5HB status changed from RUNNING to SUCCEEDED
[2026-05-19 00:45:41] INFO (NNIManager) NNIManager received command from dispatcher: TR, {"parameter_id": 100, "parameter_source": "algorithm", "parameters": {"model_type": "TCN", "units": 64, "num_layers": 2, "dropout": 0.3, "activation": "sigmoid", "lr": 7.675794520852439e-05, "window_size": 10, "batch_size": 16, "epochs": 10, "kernel_size": 2, "attention_heads": 4}, "parameter_index": 0}
[2026-05-19 00:45:41] INFO (NNIManager) submitTrialJob: form: {
  sequenceId: 100,
  hyperParameters: {
    value: '{"parameter_id": 100, "parameter_source": "algorithm", "parameters": {"model_type": "TCN", "units": 64, "num_layers": 2, "dropout": 0.3, "activation": "sigmoid", "lr": 7.675794520852439e-05, "window_size": 10, "batch_size": 16, "epochs": 10, "kernel_size": 2, "attention_heads": 4}, "parameter_index": 0}',
    index: 0
  },
  placementConstraint: { type: 'None', gpus: [] }
}
[2026-05-19 00:45:41] INFO (LocalV3.local) Created trial r2j8Q
[2026-05-19 00:45:43] INFO (LocalV3.local) Trial parameter: r2j8Q {"parameter_id": 100, "parameter_source": "algorithm", "parameters": {"model_type": "TCN", "units": 64, "num_layers": 2, "dropout": 0.3, "activation": "sigmoid", "lr": 7.675794520852439e-05, "window_size": 10, "batch_size": 16, "epochs": 10, "kernel_size": 2, "attention_heads": 4}, "parameter_index": 0}
[2026-05-19 00:45:48] INFO (NNIManager) Trial job r2j8Q status changed from RUNNING to SUCCEEDED
[2026-05-19 00:45:48] INFO (NNIManager) NNIManager received command from dispatcher: TR, {"parameter_id": 101, "parameter_source": "algorithm", "parameters": {"model_type": "GRU", "units": 64, "num_layers": 2, "dropout": 0.3, "activation": "elu", "lr": 7.675794520852439e-05, "window_size": 10, "batch_size": 16, "epochs": 20, "kernel_size": 2, "attention_heads": 4}, "parameter_index": 0}
[2026-05-19 00:45:48] INFO (NNIManager) submitTrialJob: form: {
  sequenceId: 101,
  hyperParameters: {
    value: '{"parameter_id": 101, "parameter_source": "algorithm", "parameters": {"model_type": "GRU", "units": 64, "num_layers": 2, "dropout": 0.3, "activation": "elu", "lr": 7.675794520852439e-05, "window_size": 10, "batch_size": 16, "epochs": 20, "kernel_size": 2, "attention_heads": 4}, "parameter_index": 0}',
    index: 0
  },
  placementConstraint: { type: 'None', gpus: [] }
}
[2026-05-19 00:45:48] INFO (LocalV3.local) Created trial TLF72
[2026-05-19 00:45:51] INFO (LocalV3.local) Trial parameter: TLF72 {"parameter_id": 101, "parameter_source": "algorithm", "parameters": {"model_type": "GRU", "units": 64, "num_layers": 2, "dropout": 0.3, "activation": "elu", "lr": 7.675794520852439e-05, "window_size": 10, "batch_size": 16, "epochs": 20, "kernel_size": 2, "attention_heads": 4}, "parameter_index": 0}
[2026-05-19 00:46:07] INFO (NNIManager) Trial job TLF72 status changed from RUNNING to SUCCEEDED
[2026-05-19 00:46:07] INFO (NNIManager) NNIManager received command from dispatcher: TR, {"parameter_id": 102, "parameter_source": "algorithm", "parameters": {"model_type": "Transformer", "units": 256, "num_layers": 2, "dropout": 0, "activation": "elu", "lr": 0.00011350229722531142, "window_size": 13, "batch_size": 128, "epochs": 5, "kernel_size": 2, "attention_heads": 4}, "parameter_index": 0}
[2026-05-19 00:46:08] INFO (NNIManager) submitTrialJob: form: {
  sequenceId: 102,
  hyperParameters: {
    value: '{"parameter_id": 102, "parameter_source": "algorithm", "parameters": {"model_type": "Transformer", "units": 256, "num_layers": 2, "dropout": 0, "activation": "elu", "lr": 0.00011350229722531142, "window_size": 13, "batch_size": 128, "epochs": 5, "kernel_size": 2, "attention_heads": 4}, "parameter_index": 0}',
    index: 0
  },
  placementConstraint: { type: 'None', gpus: [] }
}
[2026-05-19 00:46:08] INFO (LocalV3.local) Created trial P3MAz
[2026-05-19 00:46:10] INFO (LocalV3.local) Trial parameter: P3MAz {"parameter_id": 102, "parameter_source": "algorithm", "parameters": {"model_type": "Transformer", "units": 256, "num_layers": 2, "dropout": 0, "activation": "elu", "lr": 0.00011350229722531142, "window_size": 13, "batch_size": 128, "epochs": 5, "kernel_size": 2, "attention_heads": 4}, "parameter_index": 0}
[2026-05-19 00:46:19] INFO (NNIManager) Trial job P3MAz status changed from RUNNING to SUCCEEDED
[2026-05-19 00:46:19] INFO (NNIManager) NNIManager received command from dispatcher: TR, {"parameter_id": 103, "parameter_source": "algorithm", "parameters": {"model_type": "Transformer", "units": 16, "num_layers": 2, "dropout": 0, "activation": "elu", "lr": 0.001471777933935194, "window_size": 13, "batch_size": 128, "epochs": 5, "kernel_size": 5, "attention_heads": 4}, "parameter_index": 0}
[2026-05-19 00:46:19] INFO (NNIManager) submitTrialJob: form: {
  sequenceId: 103,
  hyperParameters: {
    value: '{"parameter_id": 103, "parameter_source": "algorithm", "parameters": {"model_type": "Transformer", "units": 16, "num_layers": 2, "dropout": 0, "activation": "elu", "lr": 0.001471777933935194, "window_size": 13, "batch_size": 128, "epochs": 5, "kernel_size": 5, "attention_heads": 4}, "parameter_index": 0}',
    index: 0
  },
  placementConstraint: { type: 'None', gpus: [] }
}
[2026-05-19 00:46:19] INFO (LocalV3.local) Created trial lY1O2
[2026-05-19 00:46:22] INFO (LocalV3.local) Trial parameter: lY1O2 {"parameter_id": 103, "parameter_source": "algorithm", "parameters": {"model_type": "Transformer", "units": 16, "num_layers": 2, "dropout": 0, "activation": "elu", "lr": 0.001471777933935194, "window_size": 13, "batch_size": 128, "epochs": 5, "kernel_size": 5, "attention_heads": 4}, "parameter_index": 0}
[2026-05-19 00:46:26] INFO (NNIManager) Trial job lY1O2 status changed from RUNNING to SUCCEEDED
[2026-05-19 00:46:26] INFO (NNIManager) NNIManager received command from dispatcher: TR, {"parameter_id": 104, "parameter_source": "algorithm", "parameters": {"model_type": "Transformer", "units": 128, "num_layers": 2, "dropout": 0, "activation": "elu", "lr": 0.001471777933935194, "window_size": 13, "batch_size": 128, "epochs": 5, "kernel_size": 5, "attention_heads": 4}, "parameter_index": 0}
[2026-05-19 00:46:27] INFO (NNIManager) submitTrialJob: form: {
  sequenceId: 104,
  hyperParameters: {
    value: '{"parameter_id": 104, "parameter_source": "algorithm", "parameters": {"model_type": "Transformer", "units": 128, "num_layers": 2, "dropout": 0, "activation": "elu", "lr": 0.001471777933935194, "window_size": 13, "batch_size": 128, "epochs": 5, "kernel_size": 5, "attention_heads": 4}, "parameter_index": 0}',
    index: 0
  },
  placementConstraint: { type: 'None', gpus: [] }
}
[2026-05-19 00:46:27] INFO (LocalV3.local) Created trial M7qdB
[2026-05-19 00:46:29] INFO (LocalV3.local) Trial parameter: M7qdB {"parameter_id": 104, "parameter_source": "algorithm", "parameters": {"model_type": "Transformer", "units": 128, "num_layers": 2, "dropout": 0, "activation": "elu", "lr": 0.001471777933935194, "window_size": 13, "batch_size": 128, "epochs": 5, "kernel_size": 5, "attention_heads": 4}, "parameter_index": 0}
[2026-05-19 00:46:35] INFO (NNIManager) Trial job M7qdB status changed from RUNNING to SUCCEEDED
[2026-05-19 00:46:35] INFO (NNIManager) NNIManager received command from dispatcher: TR, {"parameter_id": 105, "parameter_source": "algorithm", "parameters": {"model_type": "GRU", "units": 16, "num_layers": 3, "dropout": 0.3, "activation": "relu", "lr": 0.003991008249576957, "window_size": 12, "batch_size": 128, "epochs": 10, "kernel_size": 2, "attention_heads": 2}, "parameter_index": 0}
[2026-05-19 00:46:36] INFO (NNIManager) submitTrialJob: form: {
  sequenceId: 105,
  hyperParameters: {
    value: '{"parameter_id": 105, "parameter_source": "algorithm", "parameters": {"model_type": "GRU", "units": 16, "num_layers": 3, "dropout": 0.3, "activation": "relu", "lr": 0.003991008249576957, "window_size": 12, "batch_size": 128, "epochs": 10, "kernel_size": 2, "attention_heads": 2}, "parameter_index": 0}',
    index: 0
  },
  placementConstraint: { type: 'None', gpus: [] }
}
[2026-05-19 00:46:36] INFO (LocalV3.local) Created trial gG3jC
[2026-05-19 00:46:37] INFO (LocalV3.local) Trial parameter: gG3jC {"parameter_id": 105, "parameter_source": "algorithm", "parameters": {"model_type": "GRU", "units": 16, "num_layers": 3, "dropout": 0.3, "activation": "relu", "lr": 0.003991008249576957, "window_size": 12, "batch_size": 128, "epochs": 10, "kernel_size": 2, "attention_heads": 2}, "parameter_index": 0}
[2026-05-19 00:46:47] INFO (NNIManager) Trial job gG3jC status changed from RUNNING to SUCCEEDED
[2026-05-19 00:46:47] INFO (NNIManager) NNIManager received command from dispatcher: TR, {"parameter_id": 106, "parameter_source": "algorithm", "parameters": {"model_type": "GRU", "units": 64, "num_layers": 2, "dropout": 0.3, "activation": "sigmoid", "lr": 7.675794520852439e-05, "window_size": 10, "batch_size": 16, "epochs": 20, "kernel_size": 7, "attention_heads": 4}, "parameter_index": 0}
[2026-05-19 00:46:47] INFO (NNIManager) submitTrialJob: form: {
  sequenceId: 106,
  hyperParameters: {
    value: '{"parameter_id": 106, "parameter_source": "algorithm", "parameters": {"model_type": "GRU", "units": 64, "num_layers": 2, "dropout": 0.3, "activation": "sigmoid", "lr": 7.675794520852439e-05, "window_size": 10, "batch_size": 16, "epochs": 20, "kernel_size": 7, "attention_heads": 4}, "parameter_index": 0}',
    index: 0
  },
  placementConstraint: { type: 'None', gpus: [] }
}
[2026-05-19 00:46:47] INFO (LocalV3.local) Created trial gbkM6
[2026-05-19 00:46:49] INFO (LocalV3.local) Trial parameter: gbkM6 {"parameter_id": 106, "parameter_source": "algorithm", "parameters": {"model_type": "GRU", "units": 64, "num_layers": 2, "dropout": 0.3, "activation": "sigmoid", "lr": 7.675794520852439e-05, "window_size": 10, "batch_size": 16, "epochs": 20, "kernel_size": 7, "attention_heads": 4}, "parameter_index": 0}
[2026-05-19 00:47:10] INFO (NNIManager) Trial job gbkM6 status changed from RUNNING to SUCCEEDED
[2026-05-19 00:47:10] INFO (NNIManager) NNIManager received command from dispatcher: TR, {"parameter_id": 107, "parameter_source": "algorithm", "parameters": {"model_type": "GRU", "units": 64, "num_layers": 2, "dropout": 0.3, "activation": "elu", "lr": 0.0006622614599404559, "window_size": 10, "batch_size": 16, "epochs": 20, "kernel_size": 2, "attention_heads": 4}, "parameter_index": 0}
[2026-05-19 00:47:10] INFO (NNIManager) submitTrialJob: form: {
  sequenceId: 107,
  hyperParameters: {
    value: '{"parameter_id": 107, "parameter_source": "algorithm", "parameters": {"model_type": "GRU", "units": 64, "num_layers": 2, "dropout": 0.3, "activation": "elu", "lr": 0.0006622614599404559, "window_size": 10, "batch_size": 16, "epochs": 20, "kernel_size": 2, "attention_heads": 4}, "parameter_index": 0}',
    index: 0
  },
  placementConstraint: { type: 'None', gpus: [] }
}
[2026-05-19 00:47:10] INFO (LocalV3.local) Created trial obqFg
[2026-05-19 00:47:12] INFO (LocalV3.local) Trial parameter: obqFg {"parameter_id": 107, "parameter_source": "algorithm", "parameters": {"model_type": "GRU", "units": 64, "num_layers": 2, "dropout": 0.3, "activation": "elu", "lr": 0.0006622614599404559, "window_size": 10, "batch_size": 16, "epochs": 20, "kernel_size": 2, "attention_heads": 4}, "parameter_index": 0}
[2026-05-19 00:47:33] INFO (NNIManager) Trial job obqFg status changed from RUNNING to SUCCEEDED
[2026-05-19 00:47:33] INFO (NNIManager) NNIManager received command from dispatcher: TR, {"parameter_id": 108, "parameter_source": "algorithm", "parameters": {"model_type": "GRU", "units": 64, "num_layers": 2, "dropout": 0.3, "activation": "sigmoid", "lr": 7.675794520852439e-05, "window_size": 10, "batch_size": 16, "epochs": 20, "kernel_size": 7, "attention_heads": 4}, "parameter_index": 0}
[2026-05-19 00:47:33] INFO (NNIManager) submitTrialJob: form: {
  sequenceId: 108,
  hyperParameters: {
    value: '{"parameter_id": 108, "parameter_source": "algorithm", "parameters": {"model_type": "GRU", "units": 64, "num_layers": 2, "dropout": 0.3, "activation": "sigmoid", "lr": 7.675794520852439e-05, "window_size": 10, "batch_size": 16, "epochs": 20, "kernel_size": 7, "attention_heads": 4}, "parameter_index": 0}',
    index: 0
  },
  placementConstraint: { type: 'None', gpus: [] }
}
[2026-05-19 00:47:33] INFO (LocalV3.local) Created trial YhVlk
[2026-05-19 00:47:35] INFO (LocalV3.local) Trial parameter: YhVlk {"parameter_id": 108, "parameter_source": "algorithm", "parameters": {"model_type": "GRU", "units": 64, "num_layers": 2, "dropout": 0.3, "activation": "sigmoid", "lr": 7.675794520852439e-05, "window_size": 10, "batch_size": 16, "epochs": 20, "kernel_size": 7, "attention_heads": 4}, "parameter_index": 0}
[2026-05-19 00:47:56] INFO (NNIManager) Trial job YhVlk status changed from RUNNING to SUCCEEDED
[2026-05-19 00:47:56] INFO (NNIManager) NNIManager received command from dispatcher: TR, {"parameter_id": 109, "parameter_source": "algorithm", "parameters": {"model_type": "GRU", "units": 64, "num_layers": 2, "dropout": 0.3, "activation": "sigmoid", "lr": 7.675794520852439e-05, "window_size": 10, "batch_size": 16, "epochs": 20, "kernel_size": 7, "attention_heads": 4}, "parameter_index": 0}
[2026-05-19 00:47:56] INFO (NNIManager) submitTrialJob: form: {
  sequenceId: 109,
  hyperParameters: {
    value: '{"parameter_id": 109, "parameter_source": "algorithm", "parameters": {"model_type": "GRU", "units": 64, "num_layers": 2, "dropout": 0.3, "activation": "sigmoid", "lr": 7.675794520852439e-05, "window_size": 10, "batch_size": 16, "epochs": 20, "kernel_size": 7, "attention_heads": 4}, "parameter_index": 0}',
    index: 0
  },
  placementConstraint: { type: 'None', gpus: [] }
}
[2026-05-19 00:47:56] INFO (LocalV3.local) Created trial yPvds
[2026-05-19 00:47:58] INFO (LocalV3.local) Trial parameter: yPvds {"parameter_id": 109, "parameter_source": "algorithm", "parameters": {"model_type": "GRU", "units": 64, "num_layers": 2, "dropout": 0.3, "activation": "sigmoid", "lr": 7.675794520852439e-05, "window_size": 10, "batch_size": 16, "epochs": 20, "kernel_size": 7, "attention_heads": 4}, "parameter_index": 0}
[2026-05-19 00:48:19] INFO (NNIManager) Trial job yPvds status changed from RUNNING to SUCCEEDED
[2026-05-19 00:48:19] INFO (NNIManager) NNIManager received command from dispatcher: TR, {"parameter_id": 110, "parameter_source": "algorithm", "parameters": {"model_type": "GRU", "units": 128, "num_layers": 2, "dropout": 0.3, "activation": "sigmoid", "lr": 7.675794520852439e-05, "window_size": 10, "batch_size": 16, "epochs": 20, "kernel_size": 7, "attention_heads": 4}, "parameter_index": 0}
[2026-05-19 00:48:19] INFO (NNIManager) submitTrialJob: form: {
  sequenceId: 110,
  hyperParameters: {
    value: '{"parameter_id": 110, "parameter_source": "algorithm", "parameters": {"model_type": "GRU", "units": 128, "num_layers": 2, "dropout": 0.3, "activation": "sigmoid", "lr": 7.675794520852439e-05, "window_size": 10, "batch_size": 16, "epochs": 20, "kernel_size": 7, "attention_heads": 4}, "parameter_index": 0}',
    index: 0
  },
  placementConstraint: { type: 'None', gpus: [] }
}
[2026-05-19 00:48:19] INFO (LocalV3.local) Created trial oOA3E
[2026-05-19 00:48:21] INFO (LocalV3.local) Trial parameter: oOA3E {"parameter_id": 110, "parameter_source": "algorithm", "parameters": {"model_type": "GRU", "units": 128, "num_layers": 2, "dropout": 0.3, "activation": "sigmoid", "lr": 7.675794520852439e-05, "window_size": 10, "batch_size": 16, "epochs": 20, "kernel_size": 7, "attention_heads": 4}, "parameter_index": 0}
[2026-05-19 00:48:45] INFO (NNIManager) Trial job oOA3E status changed from RUNNING to SUCCEEDED
[2026-05-19 00:48:45] INFO (NNIManager) NNIManager received command from dispatcher: TR, {"parameter_id": 111, "parameter_source": "algorithm", "parameters": {"model_type": "GRU", "units": 64, "num_layers": 2, "dropout": 0.3, "activation": "elu", "lr": 0.0006622614599404559, "window_size": 21, "batch_size": 16, "epochs": 20, "kernel_size": 2, "attention_heads": 4}, "parameter_index": 0}
[2026-05-19 00:48:46] INFO (NNIManager) submitTrialJob: form: {
  sequenceId: 111,
  hyperParameters: {
    value: '{"parameter_id": 111, "parameter_source": "algorithm", "parameters": {"model_type": "GRU", "units": 64, "num_layers": 2, "dropout": 0.3, "activation": "elu", "lr": 0.0006622614599404559, "window_size": 21, "batch_size": 16, "epochs": 20, "kernel_size": 2, "attention_heads": 4}, "parameter_index": 0}',
    index: 0
  },
  placementConstraint: { type: 'None', gpus: [] }
}
[2026-05-19 00:48:46] INFO (LocalV3.local) Created trial Xg4Sf
[2026-05-19 00:48:48] INFO (LocalV3.local) Trial parameter: Xg4Sf {"parameter_id": 111, "parameter_source": "algorithm", "parameters": {"model_type": "GRU", "units": 64, "num_layers": 2, "dropout": 0.3, "activation": "elu", "lr": 0.0006622614599404559, "window_size": 21, "batch_size": 16, "epochs": 20, "kernel_size": 2, "attention_heads": 4}, "parameter_index": 0}
[2026-05-19 00:49:16] INFO (NNIManager) Trial job Xg4Sf status changed from RUNNING to SUCCEEDED
[2026-05-19 00:49:16] INFO (NNIManager) NNIManager received command from dispatcher: TR, {"parameter_id": 112, "parameter_source": "algorithm", "parameters": {"model_type": "GRU", "units": 64, "num_layers": 2, "dropout": 0.3, "activation": "elu", "lr": 7.675794520852439e-05, "window_size": 10, "batch_size": 16, "epochs": 20, "kernel_size": 5, "attention_heads": 4}, "parameter_index": 0}
[2026-05-19 00:49:16] INFO (NNIManager) submitTrialJob: form: {
  sequenceId: 112,
  hyperParameters: {
    value: '{"parameter_id": 112, "parameter_source": "algorithm", "parameters": {"model_type": "GRU", "units": 64, "num_layers": 2, "dropout": 0.3, "activation": "elu", "lr": 7.675794520852439e-05, "window_size": 10, "batch_size": 16, "epochs": 20, "kernel_size": 5, "attention_heads": 4}, "parameter_index": 0}',
    index: 0
  },
  placementConstraint: { type: 'None', gpus: [] }
}
[2026-05-19 00:49:16] INFO (LocalV3.local) Created trial B9xzS
[2026-05-19 00:49:19] INFO (LocalV3.local) Trial parameter: B9xzS {"parameter_id": 112, "parameter_source": "algorithm", "parameters": {"model_type": "GRU", "units": 64, "num_layers": 2, "dropout": 0.3, "activation": "elu", "lr": 7.675794520852439e-05, "window_size": 10, "batch_size": 16, "epochs": 20, "kernel_size": 5, "attention_heads": 4}, "parameter_index": 0}
[2026-05-19 00:49:39] INFO (NNIManager) Trial job B9xzS status changed from RUNNING to SUCCEEDED
[2026-05-19 00:49:39] INFO (NNIManager) NNIManager received command from dispatcher: TR, {"parameter_id": 113, "parameter_source": "algorithm", "parameters": {"model_type": "GRU", "units": 64, "num_layers": 2, "dropout": 0.1, "activation": "elu", "lr": 7.675794520852439e-05, "window_size": 10, "batch_size": 16, "epochs": 20, "kernel_size": 2, "attention_heads": 4}, "parameter_index": 0}
[2026-05-19 00:49:40] INFO (NNIManager) submitTrialJob: form: {
  sequenceId: 113,
  hyperParameters: {
    value: '{"parameter_id": 113, "parameter_source": "algorithm", "parameters": {"model_type": "GRU", "units": 64, "num_layers": 2, "dropout": 0.1, "activation": "elu", "lr": 7.675794520852439e-05, "window_size": 10, "batch_size": 16, "epochs": 20, "kernel_size": 2, "attention_heads": 4}, "parameter_index": 0}',
    index: 0
  },
  placementConstraint: { type: 'None', gpus: [] }
}
[2026-05-19 00:49:40] INFO (LocalV3.local) Created trial tfrl6
[2026-05-19 00:49:42] INFO (LocalV3.local) Trial parameter: tfrl6 {"parameter_id": 113, "parameter_source": "algorithm", "parameters": {"model_type": "GRU", "units": 64, "num_layers": 2, "dropout": 0.1, "activation": "elu", "lr": 7.675794520852439e-05, "window_size": 10, "batch_size": 16, "epochs": 20, "kernel_size": 2, "attention_heads": 4}, "parameter_index": 0}
[2026-05-19 00:50:03] INFO (NNIManager) Trial job tfrl6 status changed from RUNNING to SUCCEEDED
[2026-05-19 00:50:03] INFO (NNIManager) NNIManager received command from dispatcher: TR, {"parameter_id": 114, "parameter_source": "algorithm", "parameters": {"model_type": "GRU", "units": 16, "num_layers": 2, "dropout": 0.3, "activation": "elu", "lr": 7.675794520852439e-05, "window_size": 10, "batch_size": 16, "epochs": 20, "kernel_size": 2, "attention_heads": 4}, "parameter_index": 0}
[2026-05-19 00:50:04] INFO (NNIManager) submitTrialJob: form: {
  sequenceId: 114,
  hyperParameters: {
    value: '{"parameter_id": 114, "parameter_source": "algorithm", "parameters": {"model_type": "GRU", "units": 16, "num_layers": 2, "dropout": 0.3, "activation": "elu", "lr": 7.675794520852439e-05, "window_size": 10, "batch_size": 16, "epochs": 20, "kernel_size": 2, "attention_heads": 4}, "parameter_index": 0}',
    index: 0
  },
  placementConstraint: { type: 'None', gpus: [] }
}
[2026-05-19 00:50:04] INFO (LocalV3.local) Created trial LMKm7
[2026-05-19 00:50:06] INFO (LocalV3.local) Trial parameter: LMKm7 {"parameter_id": 114, "parameter_source": "algorithm", "parameters": {"model_type": "GRU", "units": 16, "num_layers": 2, "dropout": 0.3, "activation": "elu", "lr": 7.675794520852439e-05, "window_size": 10, "batch_size": 16, "epochs": 20, "kernel_size": 2, "attention_heads": 4}, "parameter_index": 0}
[2026-05-19 00:50:25] INFO (NNIManager) Trial job LMKm7 status changed from RUNNING to SUCCEEDED
[2026-05-19 00:50:26] INFO (NNIManager) NNIManager received command from dispatcher: TR, {"parameter_id": 115, "parameter_source": "algorithm", "parameters": {"model_type": "GRU", "units": 64, "num_layers": 2, "dropout": 0.3, "activation": "elu", "lr": 7.675794520852439e-05, "window_size": 10, "batch_size": 16, "epochs": 5, "kernel_size": 2, "attention_heads": 4}, "parameter_index": 0}
[2026-05-19 00:50:26] INFO (NNIManager) submitTrialJob: form: {
  sequenceId: 115,
  hyperParameters: {
    value: '{"parameter_id": 115, "parameter_source": "algorithm", "parameters": {"model_type": "GRU", "units": 64, "num_layers": 2, "dropout": 0.3, "activation": "elu", "lr": 7.675794520852439e-05, "window_size": 10, "batch_size": 16, "epochs": 5, "kernel_size": 2, "attention_heads": 4}, "parameter_index": 0}',
    index: 0
  },
  placementConstraint: { type: 'None', gpus: [] }
}
[2026-05-19 00:50:26] INFO (LocalV3.local) Created trial S2Kdo
[2026-05-19 00:50:28] INFO (LocalV3.local) Trial parameter: S2Kdo {"parameter_id": 115, "parameter_source": "algorithm", "parameters": {"model_type": "GRU", "units": 64, "num_layers": 2, "dropout": 0.3, "activation": "elu", "lr": 7.675794520852439e-05, "window_size": 10, "batch_size": 16, "epochs": 5, "kernel_size": 2, "attention_heads": 4}, "parameter_index": 0}
[2026-05-19 00:50:38] INFO (NNIManager) Trial job S2Kdo status changed from RUNNING to SUCCEEDED
[2026-05-19 00:50:38] INFO (NNIManager) NNIManager received command from dispatcher: TR, {"parameter_id": 116, "parameter_source": "algorithm", "parameters": {"model_type": "GRU", "units": 64, "num_layers": 2, "dropout": 0.3, "activation": "elu", "lr": 0.0006622614599404559, "window_size": 26, "batch_size": 16, "epochs": 20, "kernel_size": 2, "attention_heads": 4}, "parameter_index": 0}
[2026-05-19 00:50:39] INFO (NNIManager) submitTrialJob: form: {
  sequenceId: 116,
  hyperParameters: {
    value: '{"parameter_id": 116, "parameter_source": "algorithm", "parameters": {"model_type": "GRU", "units": 64, "num_layers": 2, "dropout": 0.3, "activation": "elu", "lr": 0.0006622614599404559, "window_size": 26, "batch_size": 16, "epochs": 20, "kernel_size": 2, "attention_heads": 4}, "parameter_index": 0}',
    index: 0
  },
  placementConstraint: { type: 'None', gpus: [] }
}
[2026-05-19 00:50:39] INFO (LocalV3.local) Created trial xxKqB
[2026-05-19 00:50:41] INFO (LocalV3.local) Trial parameter: xxKqB {"parameter_id": 116, "parameter_source": "algorithm", "parameters": {"model_type": "GRU", "units": 64, "num_layers": 2, "dropout": 0.3, "activation": "elu", "lr": 0.0006622614599404559, "window_size": 26, "batch_size": 16, "epochs": 20, "kernel_size": 2, "attention_heads": 4}, "parameter_index": 0}
[2026-05-19 00:51:12] INFO (NNIManager) Trial job xxKqB status changed from RUNNING to SUCCEEDED
[2026-05-19 00:51:12] INFO (NNIManager) NNIManager received command from dispatcher: TR, {"parameter_id": 117, "parameter_source": "algorithm", "parameters": {"model_type": "RNN", "units": 128, "num_layers": 3, "dropout": 0.3, "activation": "sigmoid", "lr": 0.0007399222184113277, "window_size": 9, "batch_size": 16, "epochs": 15, "kernel_size": 7, "attention_heads": 2}, "parameter_index": 0}
[2026-05-19 00:51:13] INFO (NNIManager) submitTrialJob: form: {
  sequenceId: 117,
  hyperParameters: {
    value: '{"parameter_id": 117, "parameter_source": "algorithm", "parameters": {"model_type": "RNN", "units": 128, "num_layers": 3, "dropout": 0.3, "activation": "sigmoid", "lr": 0.0007399222184113277, "window_size": 9, "batch_size": 16, "epochs": 15, "kernel_size": 7, "attention_heads": 2}, "parameter_index": 0}',
    index: 0
  },
  placementConstraint: { type: 'None', gpus: [] }
}
[2026-05-19 00:51:13] INFO (LocalV3.local) Created trial uOxYA
[2026-05-19 00:51:15] INFO (LocalV3.local) Trial parameter: uOxYA {"parameter_id": 117, "parameter_source": "algorithm", "parameters": {"model_type": "RNN", "units": 128, "num_layers": 3, "dropout": 0.3, "activation": "sigmoid", "lr": 0.0007399222184113277, "window_size": 9, "batch_size": 16, "epochs": 15, "kernel_size": 7, "attention_heads": 2}, "parameter_index": 0}
[2026-05-19 00:51:25] INFO (NNIManager) Trial job uOxYA status changed from RUNNING to SUCCEEDED
[2026-05-19 00:51:25] INFO (NNIManager) NNIManager received command from dispatcher: TR, {"parameter_id": 118, "parameter_source": "algorithm", "parameters": {"model_type": "Transformer", "units": 256, "num_layers": 2, "dropout": 0.1, "activation": "elu", "lr": 2.8976430151528005e-05, "window_size": 13, "batch_size": 128, "epochs": 5, "kernel_size": 2, "attention_heads": 4}, "parameter_index": 0}
[2026-05-19 00:51:25] INFO (NNIManager) submitTrialJob: form: {
  sequenceId: 118,
  hyperParameters: {
    value: '{"parameter_id": 118, "parameter_source": "algorithm", "parameters": {"model_type": "Transformer", "units": 256, "num_layers": 2, "dropout": 0.1, "activation": "elu", "lr": 2.8976430151528005e-05, "window_size": 13, "batch_size": 128, "epochs": 5, "kernel_size": 2, "attention_heads": 4}, "parameter_index": 0}',
    index: 0
  },
  placementConstraint: { type: 'None', gpus: [] }
}
[2026-05-19 00:51:25] INFO (LocalV3.local) Created trial Zl7Ne
[2026-05-19 00:51:27] INFO (LocalV3.local) Trial parameter: Zl7Ne {"parameter_id": 118, "parameter_source": "algorithm", "parameters": {"model_type": "Transformer", "units": 256, "num_layers": 2, "dropout": 0.1, "activation": "elu", "lr": 2.8976430151528005e-05, "window_size": 13, "batch_size": 128, "epochs": 5, "kernel_size": 2, "attention_heads": 4}, "parameter_index": 0}
[2026-05-19 00:51:34] INFO (NNIManager) Change NNIManager status from: RUNNING to: NO_MORE_TRIAL
[2026-05-19 00:51:35] INFO (NNIManager) Trial job Zl7Ne status changed from RUNNING to SUCCEEDED
[2026-05-19 00:51:35] INFO (NNIManager) Change NNIManager status from: NO_MORE_TRIAL to: DONE
[2026-05-19 00:51:35] INFO (NNIManager) Experiment done.
[2026-05-19 00:51:38] INFO (ShutdownManager) Initiate shutdown: SIGTERM
[2026-05-19 00:51:38] INFO (RestServer) Stopping REST server.
[2026-05-19 00:51:38] INFO (NNIManager) Change NNIManager status from: DONE to: STOPPING
[2026-05-19 00:51:38] INFO (NNIManager) Stopping experiment, cleaning up ...
[2026-05-19 00:51:38] INFO (RestServer) REST server stopped.
[2026-05-19 00:51:41] INFO (LocalV3.local) All trials stopped
[2026-05-19 00:51:41] INFO (NNIManager) Change NNIManager status from: STOPPING to: STOPPED
[2026-05-19 00:51:41] INFO (NNIManager) Experiment stopped.
[2026-05-19 00:51:41] INFO (NNITensorboardManager) Forced stopping all tensorboard task.
[2026-05-19 00:51:41] INFO (NNITensorboardManager) All tensorboard task stopped.
[2026-05-19 00:51:41] INFO (NNITensorboardManager) Tensorboard manager stopped.
[2026-05-19 00:51:41] INFO (ShutdownManager) Shutdown complete.
