[2026-05-18 15:35:00] INFO (main) Start NNI manager
[2026-05-18 15:35:00] INFO (RestServer) Starting REST server at port 8847, URL prefix: "/"
[2026-05-18 15:35:00] INFO (RestServer) REST server started.
[2026-05-18 15:35:00] INFO (NNIDataStore) Datastore initialization done
[2026-05-18 15:35:01] INFO (NNIManager) Starting experiment: klte0px5
[2026-05-18 15:35:01] INFO (NNIManager) Setup training service...
[2026-05-18 15:35:01] INFO (NNIManager) Setup tuner...
[2026-05-18 15:35:01] INFO (NNIManager) Change NNIManager status from: INITIALIZED to: RUNNING
[2026-05-18 15:35:02] INFO (NNIManager) Add event listeners
[2026-05-18 15:35:02] INFO (LocalV3.local) Start
[2026-05-18 15:35:02] INFO (NNIManager) NNIManager received command from dispatcher: ID, 
[2026-05-18 15:35:02] INFO (NNIManager) NNIManager received command from dispatcher: TR, {"parameter_id": 0, "parameter_source": "algorithm", "parameters": {"model_type": "LSTM", "units": 16, "num_layers": 1, "dropout": 0, "activation": "relu", "lr": 0.00031622776601683783, "window_size": 2, "batch_size": 16, "epochs": 5, "kernel_size": 2, "attention_heads": 2}, "parameter_index": 0}
[2026-05-18 15:35:02] INFO (NNIManager) submitTrialJob: form: {
  sequenceId: 0,
  hyperParameters: {
    value: '{"parameter_id": 0, "parameter_source": "algorithm", "parameters": {"model_type": "LSTM", "units": 16, "num_layers": 1, "dropout": 0, "activation": "relu", "lr": 0.00031622776601683783, "window_size": 2, "batch_size": 16, "epochs": 5, "kernel_size": 2, "attention_heads": 2}, "parameter_index": 0}',
    index: 0
  },
  placementConstraint: { type: 'None', gpus: [] }
}
[2026-05-18 15:35:02] INFO (LocalV3.local) Register directory trial_code = /home/meliani/Desktop/phd/fast-track
[2026-05-18 15:35:02] INFO (LocalV3.local) Created trial Cgyqj
[2026-05-18 15:35:06] INFO (LocalV3.local) Trial parameter: Cgyqj {"parameter_id": 0, "parameter_source": "algorithm", "parameters": {"model_type": "LSTM", "units": 16, "num_layers": 1, "dropout": 0, "activation": "relu", "lr": 0.00031622776601683783, "window_size": 2, "batch_size": 16, "epochs": 5, "kernel_size": 2, "attention_heads": 2}, "parameter_index": 0}
[2026-05-18 15:35:09] INFO (NNIManager) Trial job Cgyqj status changed from RUNNING to SUCCEEDED
[2026-05-18 15:35:09] INFO (NNIManager) NNIManager received command from dispatcher: TR, {"parameter_id": 1, "parameter_source": "algorithm", "parameters": {"model_type": "LSTM", "units": 16, "num_layers": 1, "dropout": 0, "activation": "relu", "lr": 0.00031622776601683783, "window_size": 2, "batch_size": 16, "epochs": 5, "kernel_size": 2, "attention_heads": 4}, "parameter_index": 0}
[2026-05-18 15:35:10] INFO (NNIManager) submitTrialJob: form: {
  sequenceId: 1,
  hyperParameters: {
    value: '{"parameter_id": 1, "parameter_source": "algorithm", "parameters": {"model_type": "LSTM", "units": 16, "num_layers": 1, "dropout": 0, "activation": "relu", "lr": 0.00031622776601683783, "window_size": 2, "batch_size": 16, "epochs": 5, "kernel_size": 2, "attention_heads": 4}, "parameter_index": 0}',
    index: 0
  },
  placementConstraint: { type: 'None', gpus: [] }
}
[2026-05-18 15:35:10] INFO (LocalV3.local) Created trial ecYo7
[2026-05-18 15:35:12] INFO (LocalV3.local) Trial parameter: ecYo7 {"parameter_id": 1, "parameter_source": "algorithm", "parameters": {"model_type": "LSTM", "units": 16, "num_layers": 1, "dropout": 0, "activation": "relu", "lr": 0.00031622776601683783, "window_size": 2, "batch_size": 16, "epochs": 5, "kernel_size": 2, "attention_heads": 4}, "parameter_index": 0}
[2026-05-18 15:35:15] INFO (NNIManager) Trial job ecYo7 status changed from RUNNING to SUCCEEDED
[2026-05-18 15:35:15] INFO (NNIManager) NNIManager received command from dispatcher: TR, {"parameter_id": 2, "parameter_source": "algorithm", "parameters": {"model_type": "LSTM", "units": 16, "num_layers": 1, "dropout": 0, "activation": "relu", "lr": 0.00031622776601683783, "window_size": 2, "batch_size": 16, "epochs": 5, "kernel_size": 2, "attention_heads": 8}, "parameter_index": 0}
[2026-05-18 15:35:16] INFO (NNIManager) submitTrialJob: form: {
  sequenceId: 2,
  hyperParameters: {
    value: '{"parameter_id": 2, "parameter_source": "algorithm", "parameters": {"model_type": "LSTM", "units": 16, "num_layers": 1, "dropout": 0, "activation": "relu", "lr": 0.00031622776601683783, "window_size": 2, "batch_size": 16, "epochs": 5, "kernel_size": 2, "attention_heads": 8}, "parameter_index": 0}',
    index: 0
  },
  placementConstraint: { type: 'None', gpus: [] }
}
[2026-05-18 15:35:16] INFO (LocalV3.local) Created trial I9YDf
[2026-05-18 15:35:18] INFO (LocalV3.local) Trial parameter: I9YDf {"parameter_id": 2, "parameter_source": "algorithm", "parameters": {"model_type": "LSTM", "units": 16, "num_layers": 1, "dropout": 0, "activation": "relu", "lr": 0.00031622776601683783, "window_size": 2, "batch_size": 16, "epochs": 5, "kernel_size": 2, "attention_heads": 8}, "parameter_index": 0}
[2026-05-18 15:35:21] INFO (NNIManager) Trial job I9YDf status changed from RUNNING to SUCCEEDED
[2026-05-18 15:35:21] INFO (NNIManager) NNIManager received command from dispatcher: TR, {"parameter_id": 3, "parameter_source": "algorithm", "parameters": {"model_type": "LSTM", "units": 16, "num_layers": 1, "dropout": 0, "activation": "relu", "lr": 0.00031622776601683783, "window_size": 2, "batch_size": 16, "epochs": 5, "kernel_size": 3, "attention_heads": 2}, "parameter_index": 0}
[2026-05-18 15:35:22] INFO (NNIManager) submitTrialJob: form: {
  sequenceId: 3,
  hyperParameters: {
    value: '{"parameter_id": 3, "parameter_source": "algorithm", "parameters": {"model_type": "LSTM", "units": 16, "num_layers": 1, "dropout": 0, "activation": "relu", "lr": 0.00031622776601683783, "window_size": 2, "batch_size": 16, "epochs": 5, "kernel_size": 3, "attention_heads": 2}, "parameter_index": 0}',
    index: 0
  },
  placementConstraint: { type: 'None', gpus: [] }
}
[2026-05-18 15:35:22] INFO (LocalV3.local) Created trial KpyC1
[2026-05-18 15:35:24] INFO (LocalV3.local) Trial parameter: KpyC1 {"parameter_id": 3, "parameter_source": "algorithm", "parameters": {"model_type": "LSTM", "units": 16, "num_layers": 1, "dropout": 0, "activation": "relu", "lr": 0.00031622776601683783, "window_size": 2, "batch_size": 16, "epochs": 5, "kernel_size": 3, "attention_heads": 2}, "parameter_index": 0}
[2026-05-18 15:35:27] INFO (NNIManager) Trial job KpyC1 status changed from RUNNING to SUCCEEDED
[2026-05-18 15:35:27] INFO (NNIManager) NNIManager received command from dispatcher: TR, {"parameter_id": 4, "parameter_source": "algorithm", "parameters": {"model_type": "LSTM", "units": 16, "num_layers": 1, "dropout": 0, "activation": "relu", "lr": 0.00031622776601683783, "window_size": 2, "batch_size": 16, "epochs": 5, "kernel_size": 3, "attention_heads": 4}, "parameter_index": 0}
[2026-05-18 15:35:28] INFO (NNIManager) submitTrialJob: form: {
  sequenceId: 4,
  hyperParameters: {
    value: '{"parameter_id": 4, "parameter_source": "algorithm", "parameters": {"model_type": "LSTM", "units": 16, "num_layers": 1, "dropout": 0, "activation": "relu", "lr": 0.00031622776601683783, "window_size": 2, "batch_size": 16, "epochs": 5, "kernel_size": 3, "attention_heads": 4}, "parameter_index": 0}',
    index: 0
  },
  placementConstraint: { type: 'None', gpus: [] }
}
[2026-05-18 15:35:28] INFO (LocalV3.local) Created trial cYZik
[2026-05-18 15:35:30] INFO (LocalV3.local) Trial parameter: cYZik {"parameter_id": 4, "parameter_source": "algorithm", "parameters": {"model_type": "LSTM", "units": 16, "num_layers": 1, "dropout": 0, "activation": "relu", "lr": 0.00031622776601683783, "window_size": 2, "batch_size": 16, "epochs": 5, "kernel_size": 3, "attention_heads": 4}, "parameter_index": 0}
[2026-05-18 15:35:33] INFO (NNIManager) Trial job cYZik status changed from RUNNING to SUCCEEDED
[2026-05-18 15:35:34] INFO (NNIManager) NNIManager received command from dispatcher: TR, {"parameter_id": 5, "parameter_source": "algorithm", "parameters": {"model_type": "LSTM", "units": 16, "num_layers": 1, "dropout": 0, "activation": "relu", "lr": 0.00031622776601683783, "window_size": 2, "batch_size": 16, "epochs": 5, "kernel_size": 3, "attention_heads": 8}, "parameter_index": 0}
[2026-05-18 15:35:34] INFO (NNIManager) submitTrialJob: form: {
  sequenceId: 5,
  hyperParameters: {
    value: '{"parameter_id": 5, "parameter_source": "algorithm", "parameters": {"model_type": "LSTM", "units": 16, "num_layers": 1, "dropout": 0, "activation": "relu", "lr": 0.00031622776601683783, "window_size": 2, "batch_size": 16, "epochs": 5, "kernel_size": 3, "attention_heads": 8}, "parameter_index": 0}',
    index: 0
  },
  placementConstraint: { type: 'None', gpus: [] }
}
[2026-05-18 15:35:34] INFO (LocalV3.local) Created trial lwM4Z
[2026-05-18 15:35:36] INFO (LocalV3.local) Trial parameter: lwM4Z {"parameter_id": 5, "parameter_source": "algorithm", "parameters": {"model_type": "LSTM", "units": 16, "num_layers": 1, "dropout": 0, "activation": "relu", "lr": 0.00031622776601683783, "window_size": 2, "batch_size": 16, "epochs": 5, "kernel_size": 3, "attention_heads": 8}, "parameter_index": 0}
[2026-05-18 15:35:40] INFO (NNIManager) Trial job lwM4Z status changed from RUNNING to SUCCEEDED
[2026-05-18 15:35:40] INFO (NNIManager) NNIManager received command from dispatcher: TR, {"parameter_id": 6, "parameter_source": "algorithm", "parameters": {"model_type": "LSTM", "units": 16, "num_layers": 1, "dropout": 0, "activation": "relu", "lr": 0.00031622776601683783, "window_size": 2, "batch_size": 16, "epochs": 5, "kernel_size": 5, "attention_heads": 2}, "parameter_index": 0}
[2026-05-18 15:35:40] INFO (NNIManager) submitTrialJob: form: {
  sequenceId: 6,
  hyperParameters: {
    value: '{"parameter_id": 6, "parameter_source": "algorithm", "parameters": {"model_type": "LSTM", "units": 16, "num_layers": 1, "dropout": 0, "activation": "relu", "lr": 0.00031622776601683783, "window_size": 2, "batch_size": 16, "epochs": 5, "kernel_size": 5, "attention_heads": 2}, "parameter_index": 0}',
    index: 0
  },
  placementConstraint: { type: 'None', gpus: [] }
}
[2026-05-18 15:35:40] INFO (LocalV3.local) Created trial VGMRF
[2026-05-18 15:35:42] INFO (LocalV3.local) Trial parameter: VGMRF {"parameter_id": 6, "parameter_source": "algorithm", "parameters": {"model_type": "LSTM", "units": 16, "num_layers": 1, "dropout": 0, "activation": "relu", "lr": 0.00031622776601683783, "window_size": 2, "batch_size": 16, "epochs": 5, "kernel_size": 5, "attention_heads": 2}, "parameter_index": 0}
[2026-05-18 15:35:46] INFO (NNIManager) Trial job VGMRF status changed from RUNNING to SUCCEEDED
[2026-05-18 15:35:46] INFO (NNIManager) NNIManager received command from dispatcher: TR, {"parameter_id": 7, "parameter_source": "algorithm", "parameters": {"model_type": "LSTM", "units": 16, "num_layers": 1, "dropout": 0, "activation": "relu", "lr": 0.00031622776601683783, "window_size": 2, "batch_size": 16, "epochs": 5, "kernel_size": 5, "attention_heads": 4}, "parameter_index": 0}
[2026-05-18 15:35:46] INFO (NNIManager) submitTrialJob: form: {
  sequenceId: 7,
  hyperParameters: {
    value: '{"parameter_id": 7, "parameter_source": "algorithm", "parameters": {"model_type": "LSTM", "units": 16, "num_layers": 1, "dropout": 0, "activation": "relu", "lr": 0.00031622776601683783, "window_size": 2, "batch_size": 16, "epochs": 5, "kernel_size": 5, "attention_heads": 4}, "parameter_index": 0}',
    index: 0
  },
  placementConstraint: { type: 'None', gpus: [] }
}
[2026-05-18 15:35:46] INFO (LocalV3.local) Created trial IgSCo
[2026-05-18 15:35:48] INFO (LocalV3.local) Trial parameter: IgSCo {"parameter_id": 7, "parameter_source": "algorithm", "parameters": {"model_type": "LSTM", "units": 16, "num_layers": 1, "dropout": 0, "activation": "relu", "lr": 0.00031622776601683783, "window_size": 2, "batch_size": 16, "epochs": 5, "kernel_size": 5, "attention_heads": 4}, "parameter_index": 0}
[2026-05-18 15:35:52] INFO (NNIManager) Trial job IgSCo status changed from RUNNING to SUCCEEDED
[2026-05-18 15:35:52] INFO (NNIManager) NNIManager received command from dispatcher: TR, {"parameter_id": 8, "parameter_source": "algorithm", "parameters": {"model_type": "LSTM", "units": 16, "num_layers": 1, "dropout": 0, "activation": "relu", "lr": 0.00031622776601683783, "window_size": 2, "batch_size": 16, "epochs": 5, "kernel_size": 5, "attention_heads": 8}, "parameter_index": 0}
[2026-05-18 15:35:52] INFO (NNIManager) submitTrialJob: form: {
  sequenceId: 8,
  hyperParameters: {
    value: '{"parameter_id": 8, "parameter_source": "algorithm", "parameters": {"model_type": "LSTM", "units": 16, "num_layers": 1, "dropout": 0, "activation": "relu", "lr": 0.00031622776601683783, "window_size": 2, "batch_size": 16, "epochs": 5, "kernel_size": 5, "attention_heads": 8}, "parameter_index": 0}',
    index: 0
  },
  placementConstraint: { type: 'None', gpus: [] }
}
[2026-05-18 15:35:52] INFO (LocalV3.local) Created trial j7gvF
[2026-05-18 15:35:54] INFO (LocalV3.local) Trial parameter: j7gvF {"parameter_id": 8, "parameter_source": "algorithm", "parameters": {"model_type": "LSTM", "units": 16, "num_layers": 1, "dropout": 0, "activation": "relu", "lr": 0.00031622776601683783, "window_size": 2, "batch_size": 16, "epochs": 5, "kernel_size": 5, "attention_heads": 8}, "parameter_index": 0}
[2026-05-18 15:35:58] INFO (NNIManager) Trial job j7gvF status changed from RUNNING to SUCCEEDED
[2026-05-18 15:35:58] INFO (NNIManager) NNIManager received command from dispatcher: TR, {"parameter_id": 9, "parameter_source": "algorithm", "parameters": {"model_type": "LSTM", "units": 16, "num_layers": 1, "dropout": 0, "activation": "relu", "lr": 0.00031622776601683783, "window_size": 2, "batch_size": 16, "epochs": 5, "kernel_size": 7, "attention_heads": 2}, "parameter_index": 0}
[2026-05-18 15:35:58] INFO (NNIManager) submitTrialJob: form: {
  sequenceId: 9,
  hyperParameters: {
    value: '{"parameter_id": 9, "parameter_source": "algorithm", "parameters": {"model_type": "LSTM", "units": 16, "num_layers": 1, "dropout": 0, "activation": "relu", "lr": 0.00031622776601683783, "window_size": 2, "batch_size": 16, "epochs": 5, "kernel_size": 7, "attention_heads": 2}, "parameter_index": 0}',
    index: 0
  },
  placementConstraint: { type: 'None', gpus: [] }
}
[2026-05-18 15:35:58] INFO (LocalV3.local) Created trial ynYLu
[2026-05-18 15:36:00] INFO (LocalV3.local) Trial parameter: ynYLu {"parameter_id": 9, "parameter_source": "algorithm", "parameters": {"model_type": "LSTM", "units": 16, "num_layers": 1, "dropout": 0, "activation": "relu", "lr": 0.00031622776601683783, "window_size": 2, "batch_size": 16, "epochs": 5, "kernel_size": 7, "attention_heads": 2}, "parameter_index": 0}
[2026-05-18 15:36:04] INFO (NNIManager) Trial job ynYLu status changed from RUNNING to SUCCEEDED
[2026-05-18 15:36:04] INFO (NNIManager) NNIManager received command from dispatcher: TR, {"parameter_id": 10, "parameter_source": "algorithm", "parameters": {"model_type": "LSTM", "units": 16, "num_layers": 1, "dropout": 0, "activation": "relu", "lr": 0.00031622776601683783, "window_size": 2, "batch_size": 16, "epochs": 5, "kernel_size": 7, "attention_heads": 4}, "parameter_index": 0}
[2026-05-18 15:36:05] INFO (NNIManager) submitTrialJob: form: {
  sequenceId: 10,
  hyperParameters: {
    value: '{"parameter_id": 10, "parameter_source": "algorithm", "parameters": {"model_type": "LSTM", "units": 16, "num_layers": 1, "dropout": 0, "activation": "relu", "lr": 0.00031622776601683783, "window_size": 2, "batch_size": 16, "epochs": 5, "kernel_size": 7, "attention_heads": 4}, "parameter_index": 0}',
    index: 0
  },
  placementConstraint: { type: 'None', gpus: [] }
}
[2026-05-18 15:36:05] INFO (LocalV3.local) Created trial mvcDw
[2026-05-18 15:36:07] INFO (LocalV3.local) Trial parameter: mvcDw {"parameter_id": 10, "parameter_source": "algorithm", "parameters": {"model_type": "LSTM", "units": 16, "num_layers": 1, "dropout": 0, "activation": "relu", "lr": 0.00031622776601683783, "window_size": 2, "batch_size": 16, "epochs": 5, "kernel_size": 7, "attention_heads": 4}, "parameter_index": 0}
[2026-05-18 15:36:11] INFO (NNIManager) Trial job mvcDw status changed from RUNNING to SUCCEEDED
[2026-05-18 15:36:11] INFO (NNIManager) NNIManager received command from dispatcher: TR, {"parameter_id": 11, "parameter_source": "algorithm", "parameters": {"model_type": "LSTM", "units": 16, "num_layers": 1, "dropout": 0, "activation": "relu", "lr": 0.00031622776601683783, "window_size": 2, "batch_size": 16, "epochs": 5, "kernel_size": 7, "attention_heads": 8}, "parameter_index": 0}
[2026-05-18 15:36:11] INFO (NNIManager) submitTrialJob: form: {
  sequenceId: 11,
  hyperParameters: {
    value: '{"parameter_id": 11, "parameter_source": "algorithm", "parameters": {"model_type": "LSTM", "units": 16, "num_layers": 1, "dropout": 0, "activation": "relu", "lr": 0.00031622776601683783, "window_size": 2, "batch_size": 16, "epochs": 5, "kernel_size": 7, "attention_heads": 8}, "parameter_index": 0}',
    index: 0
  },
  placementConstraint: { type: 'None', gpus: [] }
}
[2026-05-18 15:36:11] INFO (LocalV3.local) Created trial RUi93
[2026-05-18 15:36:13] INFO (LocalV3.local) Trial parameter: RUi93 {"parameter_id": 11, "parameter_source": "algorithm", "parameters": {"model_type": "LSTM", "units": 16, "num_layers": 1, "dropout": 0, "activation": "relu", "lr": 0.00031622776601683783, "window_size": 2, "batch_size": 16, "epochs": 5, "kernel_size": 7, "attention_heads": 8}, "parameter_index": 0}
[2026-05-18 15:36:17] INFO (NNIManager) Trial job RUi93 status changed from RUNNING to SUCCEEDED
[2026-05-18 15:36:17] INFO (NNIManager) NNIManager received command from dispatcher: TR, {"parameter_id": 12, "parameter_source": "algorithm", "parameters": {"model_type": "LSTM", "units": 16, "num_layers": 1, "dropout": 0, "activation": "relu", "lr": 0.00031622776601683783, "window_size": 2, "batch_size": 16, "epochs": 10, "kernel_size": 2, "attention_heads": 2}, "parameter_index": 0}
[2026-05-18 15:36:17] INFO (NNIManager) submitTrialJob: form: {
  sequenceId: 12,
  hyperParameters: {
    value: '{"parameter_id": 12, "parameter_source": "algorithm", "parameters": {"model_type": "LSTM", "units": 16, "num_layers": 1, "dropout": 0, "activation": "relu", "lr": 0.00031622776601683783, "window_size": 2, "batch_size": 16, "epochs": 10, "kernel_size": 2, "attention_heads": 2}, "parameter_index": 0}',
    index: 0
  },
  placementConstraint: { type: 'None', gpus: [] }
}
[2026-05-18 15:36:17] INFO (LocalV3.local) Created trial v0Ocw
[2026-05-18 15:36:19] INFO (LocalV3.local) Trial parameter: v0Ocw {"parameter_id": 12, "parameter_source": "algorithm", "parameters": {"model_type": "LSTM", "units": 16, "num_layers": 1, "dropout": 0, "activation": "relu", "lr": 0.00031622776601683783, "window_size": 2, "batch_size": 16, "epochs": 10, "kernel_size": 2, "attention_heads": 2}, "parameter_index": 0}
[2026-05-18 15:36:24] INFO (NNIManager) Trial job v0Ocw status changed from RUNNING to SUCCEEDED
[2026-05-18 15:36:24] INFO (NNIManager) NNIManager received command from dispatcher: TR, {"parameter_id": 13, "parameter_source": "algorithm", "parameters": {"model_type": "LSTM", "units": 16, "num_layers": 1, "dropout": 0, "activation": "relu", "lr": 0.00031622776601683783, "window_size": 2, "batch_size": 16, "epochs": 10, "kernel_size": 2, "attention_heads": 4}, "parameter_index": 0}
[2026-05-18 15:36:24] INFO (NNIManager) submitTrialJob: form: {
  sequenceId: 13,
  hyperParameters: {
    value: '{"parameter_id": 13, "parameter_source": "algorithm", "parameters": {"model_type": "LSTM", "units": 16, "num_layers": 1, "dropout": 0, "activation": "relu", "lr": 0.00031622776601683783, "window_size": 2, "batch_size": 16, "epochs": 10, "kernel_size": 2, "attention_heads": 4}, "parameter_index": 0}',
    index: 0
  },
  placementConstraint: { type: 'None', gpus: [] }
}
[2026-05-18 15:36:24] INFO (LocalV3.local) Created trial ILYw7
[2026-05-18 15:36:26] INFO (LocalV3.local) Trial parameter: ILYw7 {"parameter_id": 13, "parameter_source": "algorithm", "parameters": {"model_type": "LSTM", "units": 16, "num_layers": 1, "dropout": 0, "activation": "relu", "lr": 0.00031622776601683783, "window_size": 2, "batch_size": 16, "epochs": 10, "kernel_size": 2, "attention_heads": 4}, "parameter_index": 0}
[2026-05-18 15:36:31] INFO (NNIManager) Trial job ILYw7 status changed from RUNNING to SUCCEEDED
[2026-05-18 15:36:31] INFO (NNIManager) NNIManager received command from dispatcher: TR, {"parameter_id": 14, "parameter_source": "algorithm", "parameters": {"model_type": "LSTM", "units": 16, "num_layers": 1, "dropout": 0, "activation": "relu", "lr": 0.00031622776601683783, "window_size": 2, "batch_size": 16, "epochs": 10, "kernel_size": 2, "attention_heads": 8}, "parameter_index": 0}
[2026-05-18 15:36:32] INFO (NNIManager) submitTrialJob: form: {
  sequenceId: 14,
  hyperParameters: {
    value: '{"parameter_id": 14, "parameter_source": "algorithm", "parameters": {"model_type": "LSTM", "units": 16, "num_layers": 1, "dropout": 0, "activation": "relu", "lr": 0.00031622776601683783, "window_size": 2, "batch_size": 16, "epochs": 10, "kernel_size": 2, "attention_heads": 8}, "parameter_index": 0}',
    index: 0
  },
  placementConstraint: { type: 'None', gpus: [] }
}
[2026-05-18 15:36:32] INFO (LocalV3.local) Created trial OLuvG
[2026-05-18 15:36:34] INFO (LocalV3.local) Trial parameter: OLuvG {"parameter_id": 14, "parameter_source": "algorithm", "parameters": {"model_type": "LSTM", "units": 16, "num_layers": 1, "dropout": 0, "activation": "relu", "lr": 0.00031622776601683783, "window_size": 2, "batch_size": 16, "epochs": 10, "kernel_size": 2, "attention_heads": 8}, "parameter_index": 0}
[2026-05-18 15:36:39] INFO (NNIManager) Trial job OLuvG status changed from RUNNING to SUCCEEDED
[2026-05-18 15:36:39] INFO (NNIManager) NNIManager received command from dispatcher: TR, {"parameter_id": 15, "parameter_source": "algorithm", "parameters": {"model_type": "LSTM", "units": 16, "num_layers": 1, "dropout": 0, "activation": "relu", "lr": 0.00031622776601683783, "window_size": 2, "batch_size": 16, "epochs": 10, "kernel_size": 3, "attention_heads": 2}, "parameter_index": 0}
[2026-05-18 15:36:39] INFO (NNIManager) submitTrialJob: form: {
  sequenceId: 15,
  hyperParameters: {
    value: '{"parameter_id": 15, "parameter_source": "algorithm", "parameters": {"model_type": "LSTM", "units": 16, "num_layers": 1, "dropout": 0, "activation": "relu", "lr": 0.00031622776601683783, "window_size": 2, "batch_size": 16, "epochs": 10, "kernel_size": 3, "attention_heads": 2}, "parameter_index": 0}',
    index: 0
  },
  placementConstraint: { type: 'None', gpus: [] }
}
[2026-05-18 15:36:39] INFO (LocalV3.local) Created trial hElDc
[2026-05-18 15:36:41] INFO (LocalV3.local) Trial parameter: hElDc {"parameter_id": 15, "parameter_source": "algorithm", "parameters": {"model_type": "LSTM", "units": 16, "num_layers": 1, "dropout": 0, "activation": "relu", "lr": 0.00031622776601683783, "window_size": 2, "batch_size": 16, "epochs": 10, "kernel_size": 3, "attention_heads": 2}, "parameter_index": 0}
[2026-05-18 15:36:46] INFO (NNIManager) Trial job hElDc status changed from RUNNING to SUCCEEDED
[2026-05-18 15:36:46] INFO (NNIManager) NNIManager received command from dispatcher: TR, {"parameter_id": 16, "parameter_source": "algorithm", "parameters": {"model_type": "LSTM", "units": 16, "num_layers": 1, "dropout": 0, "activation": "relu", "lr": 0.00031622776601683783, "window_size": 2, "batch_size": 16, "epochs": 10, "kernel_size": 3, "attention_heads": 4}, "parameter_index": 0}
[2026-05-18 15:36:47] INFO (NNIManager) submitTrialJob: form: {
  sequenceId: 16,
  hyperParameters: {
    value: '{"parameter_id": 16, "parameter_source": "algorithm", "parameters": {"model_type": "LSTM", "units": 16, "num_layers": 1, "dropout": 0, "activation": "relu", "lr": 0.00031622776601683783, "window_size": 2, "batch_size": 16, "epochs": 10, "kernel_size": 3, "attention_heads": 4}, "parameter_index": 0}',
    index: 0
  },
  placementConstraint: { type: 'None', gpus: [] }
}
[2026-05-18 15:36:47] INFO (LocalV3.local) Created trial U6rE4
[2026-05-18 15:36:49] INFO (LocalV3.local) Trial parameter: U6rE4 {"parameter_id": 16, "parameter_source": "algorithm", "parameters": {"model_type": "LSTM", "units": 16, "num_layers": 1, "dropout": 0, "activation": "relu", "lr": 0.00031622776601683783, "window_size": 2, "batch_size": 16, "epochs": 10, "kernel_size": 3, "attention_heads": 4}, "parameter_index": 0}
[2026-05-18 15:36:53] INFO (NNIManager) Trial job U6rE4 status changed from RUNNING to SUCCEEDED
[2026-05-18 15:36:53] INFO (NNIManager) NNIManager received command from dispatcher: TR, {"parameter_id": 17, "parameter_source": "algorithm", "parameters": {"model_type": "LSTM", "units": 16, "num_layers": 1, "dropout": 0, "activation": "relu", "lr": 0.00031622776601683783, "window_size": 2, "batch_size": 16, "epochs": 10, "kernel_size": 3, "attention_heads": 8}, "parameter_index": 0}
[2026-05-18 15:36:54] INFO (NNIManager) submitTrialJob: form: {
  sequenceId: 17,
  hyperParameters: {
    value: '{"parameter_id": 17, "parameter_source": "algorithm", "parameters": {"model_type": "LSTM", "units": 16, "num_layers": 1, "dropout": 0, "activation": "relu", "lr": 0.00031622776601683783, "window_size": 2, "batch_size": 16, "epochs": 10, "kernel_size": 3, "attention_heads": 8}, "parameter_index": 0}',
    index: 0
  },
  placementConstraint: { type: 'None', gpus: [] }
}
[2026-05-18 15:36:54] INFO (LocalV3.local) Created trial HzXw9
[2026-05-18 15:36:56] INFO (LocalV3.local) Trial parameter: HzXw9 {"parameter_id": 17, "parameter_source": "algorithm", "parameters": {"model_type": "LSTM", "units": 16, "num_layers": 1, "dropout": 0, "activation": "relu", "lr": 0.00031622776601683783, "window_size": 2, "batch_size": 16, "epochs": 10, "kernel_size": 3, "attention_heads": 8}, "parameter_index": 0}
[2026-05-18 15:37:00] INFO (NNIManager) Trial job HzXw9 status changed from RUNNING to SUCCEEDED
[2026-05-18 15:37:00] INFO (NNIManager) NNIManager received command from dispatcher: TR, {"parameter_id": 18, "parameter_source": "algorithm", "parameters": {"model_type": "LSTM", "units": 16, "num_layers": 1, "dropout": 0, "activation": "relu", "lr": 0.00031622776601683783, "window_size": 2, "batch_size": 16, "epochs": 10, "kernel_size": 5, "attention_heads": 2}, "parameter_index": 0}
[2026-05-18 15:37:00] INFO (NNIManager) submitTrialJob: form: {
  sequenceId: 18,
  hyperParameters: {
    value: '{"parameter_id": 18, "parameter_source": "algorithm", "parameters": {"model_type": "LSTM", "units": 16, "num_layers": 1, "dropout": 0, "activation": "relu", "lr": 0.00031622776601683783, "window_size": 2, "batch_size": 16, "epochs": 10, "kernel_size": 5, "attention_heads": 2}, "parameter_index": 0}',
    index: 0
  },
  placementConstraint: { type: 'None', gpus: [] }
}
[2026-05-18 15:37:00] INFO (LocalV3.local) Created trial K1JFm
[2026-05-18 15:37:02] INFO (LocalV3.local) Trial parameter: K1JFm {"parameter_id": 18, "parameter_source": "algorithm", "parameters": {"model_type": "LSTM", "units": 16, "num_layers": 1, "dropout": 0, "activation": "relu", "lr": 0.00031622776601683783, "window_size": 2, "batch_size": 16, "epochs": 10, "kernel_size": 5, "attention_heads": 2}, "parameter_index": 0}
[2026-05-18 15:37:06] INFO (NNIManager) Trial job K1JFm status changed from RUNNING to SUCCEEDED
[2026-05-18 15:37:07] INFO (NNIManager) NNIManager received command from dispatcher: TR, {"parameter_id": 19, "parameter_source": "algorithm", "parameters": {"model_type": "LSTM", "units": 16, "num_layers": 1, "dropout": 0, "activation": "relu", "lr": 0.00031622776601683783, "window_size": 2, "batch_size": 16, "epochs": 10, "kernel_size": 5, "attention_heads": 4}, "parameter_index": 0}
[2026-05-18 15:37:07] INFO (NNIManager) submitTrialJob: form: {
  sequenceId: 19,
  hyperParameters: {
    value: '{"parameter_id": 19, "parameter_source": "algorithm", "parameters": {"model_type": "LSTM", "units": 16, "num_layers": 1, "dropout": 0, "activation": "relu", "lr": 0.00031622776601683783, "window_size": 2, "batch_size": 16, "epochs": 10, "kernel_size": 5, "attention_heads": 4}, "parameter_index": 0}',
    index: 0
  },
  placementConstraint: { type: 'None', gpus: [] }
}
[2026-05-18 15:37:07] INFO (LocalV3.local) Created trial cVQXM
[2026-05-18 15:37:09] INFO (LocalV3.local) Trial parameter: cVQXM {"parameter_id": 19, "parameter_source": "algorithm", "parameters": {"model_type": "LSTM", "units": 16, "num_layers": 1, "dropout": 0, "activation": "relu", "lr": 0.00031622776601683783, "window_size": 2, "batch_size": 16, "epochs": 10, "kernel_size": 5, "attention_heads": 4}, "parameter_index": 0}
[2026-05-18 15:37:13] INFO (NNIManager) Trial job cVQXM status changed from RUNNING to SUCCEEDED
[2026-05-18 15:37:13] INFO (NNIManager) NNIManager received command from dispatcher: TR, {"parameter_id": 20, "parameter_source": "algorithm", "parameters": {"model_type": "LSTM", "units": 16, "num_layers": 1, "dropout": 0, "activation": "relu", "lr": 0.00031622776601683783, "window_size": 2, "batch_size": 16, "epochs": 10, "kernel_size": 5, "attention_heads": 8}, "parameter_index": 0}
[2026-05-18 15:37:14] INFO (NNIManager) submitTrialJob: form: {
  sequenceId: 20,
  hyperParameters: {
    value: '{"parameter_id": 20, "parameter_source": "algorithm", "parameters": {"model_type": "LSTM", "units": 16, "num_layers": 1, "dropout": 0, "activation": "relu", "lr": 0.00031622776601683783, "window_size": 2, "batch_size": 16, "epochs": 10, "kernel_size": 5, "attention_heads": 8}, "parameter_index": 0}',
    index: 0
  },
  placementConstraint: { type: 'None', gpus: [] }
}
[2026-05-18 15:37:14] INFO (LocalV3.local) Created trial O7vra
[2026-05-18 15:37:15] INFO (LocalV3.local) Trial parameter: O7vra {"parameter_id": 20, "parameter_source": "algorithm", "parameters": {"model_type": "LSTM", "units": 16, "num_layers": 1, "dropout": 0, "activation": "relu", "lr": 0.00031622776601683783, "window_size": 2, "batch_size": 16, "epochs": 10, "kernel_size": 5, "attention_heads": 8}, "parameter_index": 0}
[2026-05-18 15:37:20] INFO (NNIManager) Trial job O7vra status changed from RUNNING to SUCCEEDED
[2026-05-18 15:37:20] INFO (NNIManager) NNIManager received command from dispatcher: TR, {"parameter_id": 21, "parameter_source": "algorithm", "parameters": {"model_type": "LSTM", "units": 16, "num_layers": 1, "dropout": 0, "activation": "relu", "lr": 0.00031622776601683783, "window_size": 2, "batch_size": 16, "epochs": 10, "kernel_size": 7, "attention_heads": 2}, "parameter_index": 0}
[2026-05-18 15:37:20] INFO (NNIManager) submitTrialJob: form: {
  sequenceId: 21,
  hyperParameters: {
    value: '{"parameter_id": 21, "parameter_source": "algorithm", "parameters": {"model_type": "LSTM", "units": 16, "num_layers": 1, "dropout": 0, "activation": "relu", "lr": 0.00031622776601683783, "window_size": 2, "batch_size": 16, "epochs": 10, "kernel_size": 7, "attention_heads": 2}, "parameter_index": 0}',
    index: 0
  },
  placementConstraint: { type: 'None', gpus: [] }
}
[2026-05-18 15:37:20] INFO (LocalV3.local) Created trial LEGa3
[2026-05-18 15:37:22] INFO (LocalV3.local) Trial parameter: LEGa3 {"parameter_id": 21, "parameter_source": "algorithm", "parameters": {"model_type": "LSTM", "units": 16, "num_layers": 1, "dropout": 0, "activation": "relu", "lr": 0.00031622776601683783, "window_size": 2, "batch_size": 16, "epochs": 10, "kernel_size": 7, "attention_heads": 2}, "parameter_index": 0}
[2026-05-18 15:37:27] INFO (NNIManager) Trial job LEGa3 status changed from RUNNING to SUCCEEDED
[2026-05-18 15:37:27] INFO (NNIManager) NNIManager received command from dispatcher: TR, {"parameter_id": 22, "parameter_source": "algorithm", "parameters": {"model_type": "LSTM", "units": 16, "num_layers": 1, "dropout": 0, "activation": "relu", "lr": 0.00031622776601683783, "window_size": 2, "batch_size": 16, "epochs": 10, "kernel_size": 7, "attention_heads": 4}, "parameter_index": 0}
[2026-05-18 15:37:27] INFO (NNIManager) submitTrialJob: form: {
  sequenceId: 22,
  hyperParameters: {
    value: '{"parameter_id": 22, "parameter_source": "algorithm", "parameters": {"model_type": "LSTM", "units": 16, "num_layers": 1, "dropout": 0, "activation": "relu", "lr": 0.00031622776601683783, "window_size": 2, "batch_size": 16, "epochs": 10, "kernel_size": 7, "attention_heads": 4}, "parameter_index": 0}',
    index: 0
  },
  placementConstraint: { type: 'None', gpus: [] }
}
[2026-05-18 15:37:27] INFO (LocalV3.local) Created trial gcvmn
[2026-05-18 15:37:29] INFO (LocalV3.local) Trial parameter: gcvmn {"parameter_id": 22, "parameter_source": "algorithm", "parameters": {"model_type": "LSTM", "units": 16, "num_layers": 1, "dropout": 0, "activation": "relu", "lr": 0.00031622776601683783, "window_size": 2, "batch_size": 16, "epochs": 10, "kernel_size": 7, "attention_heads": 4}, "parameter_index": 0}
[2026-05-18 15:37:33] INFO (NNIManager) Trial job gcvmn status changed from RUNNING to SUCCEEDED
[2026-05-18 15:37:33] INFO (NNIManager) NNIManager received command from dispatcher: TR, {"parameter_id": 23, "parameter_source": "algorithm", "parameters": {"model_type": "LSTM", "units": 16, "num_layers": 1, "dropout": 0, "activation": "relu", "lr": 0.00031622776601683783, "window_size": 2, "batch_size": 16, "epochs": 10, "kernel_size": 7, "attention_heads": 8}, "parameter_index": 0}
[2026-05-18 15:37:34] INFO (NNIManager) submitTrialJob: form: {
  sequenceId: 23,
  hyperParameters: {
    value: '{"parameter_id": 23, "parameter_source": "algorithm", "parameters": {"model_type": "LSTM", "units": 16, "num_layers": 1, "dropout": 0, "activation": "relu", "lr": 0.00031622776601683783, "window_size": 2, "batch_size": 16, "epochs": 10, "kernel_size": 7, "attention_heads": 8}, "parameter_index": 0}',
    index: 0
  },
  placementConstraint: { type: 'None', gpus: [] }
}
[2026-05-18 15:37:34] INFO (LocalV3.local) Created trial wu2NH
[2026-05-18 15:37:35] INFO (LocalV3.local) Trial parameter: wu2NH {"parameter_id": 23, "parameter_source": "algorithm", "parameters": {"model_type": "LSTM", "units": 16, "num_layers": 1, "dropout": 0, "activation": "relu", "lr": 0.00031622776601683783, "window_size": 2, "batch_size": 16, "epochs": 10, "kernel_size": 7, "attention_heads": 8}, "parameter_index": 0}
[2026-05-18 15:37:40] INFO (NNIManager) Trial job wu2NH status changed from RUNNING to SUCCEEDED
[2026-05-18 15:37:40] INFO (NNIManager) NNIManager received command from dispatcher: TR, {"parameter_id": 24, "parameter_source": "algorithm", "parameters": {"model_type": "LSTM", "units": 16, "num_layers": 1, "dropout": 0, "activation": "relu", "lr": 0.00031622776601683783, "window_size": 2, "batch_size": 16, "epochs": 15, "kernel_size": 2, "attention_heads": 2}, "parameter_index": 0}
[2026-05-18 15:37:40] INFO (NNIManager) submitTrialJob: form: {
  sequenceId: 24,
  hyperParameters: {
    value: '{"parameter_id": 24, "parameter_source": "algorithm", "parameters": {"model_type": "LSTM", "units": 16, "num_layers": 1, "dropout": 0, "activation": "relu", "lr": 0.00031622776601683783, "window_size": 2, "batch_size": 16, "epochs": 15, "kernel_size": 2, "attention_heads": 2}, "parameter_index": 0}',
    index: 0
  },
  placementConstraint: { type: 'None', gpus: [] }
}
[2026-05-18 15:37:40] INFO (LocalV3.local) Created trial BjBri
[2026-05-18 15:37:42] INFO (LocalV3.local) Trial parameter: BjBri {"parameter_id": 24, "parameter_source": "algorithm", "parameters": {"model_type": "LSTM", "units": 16, "num_layers": 1, "dropout": 0, "activation": "relu", "lr": 0.00031622776601683783, "window_size": 2, "batch_size": 16, "epochs": 15, "kernel_size": 2, "attention_heads": 2}, "parameter_index": 0}
[2026-05-18 15:37:48] INFO (NNIManager) Trial job BjBri status changed from RUNNING to SUCCEEDED
[2026-05-18 15:37:48] INFO (NNIManager) NNIManager received command from dispatcher: TR, {"parameter_id": 25, "parameter_source": "algorithm", "parameters": {"model_type": "LSTM", "units": 16, "num_layers": 1, "dropout": 0, "activation": "relu", "lr": 0.00031622776601683783, "window_size": 2, "batch_size": 16, "epochs": 15, "kernel_size": 2, "attention_heads": 4}, "parameter_index": 0}
[2026-05-18 15:37:48] INFO (NNIManager) submitTrialJob: form: {
  sequenceId: 25,
  hyperParameters: {
    value: '{"parameter_id": 25, "parameter_source": "algorithm", "parameters": {"model_type": "LSTM", "units": 16, "num_layers": 1, "dropout": 0, "activation": "relu", "lr": 0.00031622776601683783, "window_size": 2, "batch_size": 16, "epochs": 15, "kernel_size": 2, "attention_heads": 4}, "parameter_index": 0}',
    index: 0
  },
  placementConstraint: { type: 'None', gpus: [] }
}
[2026-05-18 15:37:48] INFO (LocalV3.local) Created trial XrS8v
[2026-05-18 15:37:50] INFO (LocalV3.local) Trial parameter: XrS8v {"parameter_id": 25, "parameter_source": "algorithm", "parameters": {"model_type": "LSTM", "units": 16, "num_layers": 1, "dropout": 0, "activation": "relu", "lr": 0.00031622776601683783, "window_size": 2, "batch_size": 16, "epochs": 15, "kernel_size": 2, "attention_heads": 4}, "parameter_index": 0}
[2026-05-18 15:37:55] INFO (NNIManager) Trial job XrS8v status changed from RUNNING to SUCCEEDED
[2026-05-18 15:37:55] INFO (NNIManager) NNIManager received command from dispatcher: TR, {"parameter_id": 26, "parameter_source": "algorithm", "parameters": {"model_type": "LSTM", "units": 16, "num_layers": 1, "dropout": 0, "activation": "relu", "lr": 0.00031622776601683783, "window_size": 2, "batch_size": 16, "epochs": 15, "kernel_size": 2, "attention_heads": 8}, "parameter_index": 0}
[2026-05-18 15:37:56] INFO (NNIManager) submitTrialJob: form: {
  sequenceId: 26,
  hyperParameters: {
    value: '{"parameter_id": 26, "parameter_source": "algorithm", "parameters": {"model_type": "LSTM", "units": 16, "num_layers": 1, "dropout": 0, "activation": "relu", "lr": 0.00031622776601683783, "window_size": 2, "batch_size": 16, "epochs": 15, "kernel_size": 2, "attention_heads": 8}, "parameter_index": 0}',
    index: 0
  },
  placementConstraint: { type: 'None', gpus: [] }
}
[2026-05-18 15:37:56] INFO (LocalV3.local) Created trial Hrm12
[2026-05-18 15:37:58] INFO (LocalV3.local) Trial parameter: Hrm12 {"parameter_id": 26, "parameter_source": "algorithm", "parameters": {"model_type": "LSTM", "units": 16, "num_layers": 1, "dropout": 0, "activation": "relu", "lr": 0.00031622776601683783, "window_size": 2, "batch_size": 16, "epochs": 15, "kernel_size": 2, "attention_heads": 8}, "parameter_index": 0}
[2026-05-18 15:38:03] INFO (NNIManager) Trial job Hrm12 status changed from RUNNING to SUCCEEDED
[2026-05-18 15:38:03] INFO (NNIManager) NNIManager received command from dispatcher: TR, {"parameter_id": 27, "parameter_source": "algorithm", "parameters": {"model_type": "LSTM", "units": 16, "num_layers": 1, "dropout": 0, "activation": "relu", "lr": 0.00031622776601683783, "window_size": 2, "batch_size": 16, "epochs": 15, "kernel_size": 3, "attention_heads": 2}, "parameter_index": 0}
[2026-05-18 15:38:03] INFO (NNIManager) submitTrialJob: form: {
  sequenceId: 27,
  hyperParameters: {
    value: '{"parameter_id": 27, "parameter_source": "algorithm", "parameters": {"model_type": "LSTM", "units": 16, "num_layers": 1, "dropout": 0, "activation": "relu", "lr": 0.00031622776601683783, "window_size": 2, "batch_size": 16, "epochs": 15, "kernel_size": 3, "attention_heads": 2}, "parameter_index": 0}',
    index: 0
  },
  placementConstraint: { type: 'None', gpus: [] }
}
[2026-05-18 15:38:03] INFO (LocalV3.local) Created trial wkzPJ
[2026-05-18 15:38:05] INFO (LocalV3.local) Trial parameter: wkzPJ {"parameter_id": 27, "parameter_source": "algorithm", "parameters": {"model_type": "LSTM", "units": 16, "num_layers": 1, "dropout": 0, "activation": "relu", "lr": 0.00031622776601683783, "window_size": 2, "batch_size": 16, "epochs": 15, "kernel_size": 3, "attention_heads": 2}, "parameter_index": 0}
[2026-05-18 15:38:10] INFO (NNIManager) Trial job wkzPJ status changed from RUNNING to SUCCEEDED
[2026-05-18 15:38:10] INFO (NNIManager) NNIManager received command from dispatcher: TR, {"parameter_id": 28, "parameter_source": "algorithm", "parameters": {"model_type": "LSTM", "units": 16, "num_layers": 1, "dropout": 0, "activation": "relu", "lr": 0.00031622776601683783, "window_size": 2, "batch_size": 16, "epochs": 15, "kernel_size": 3, "attention_heads": 4}, "parameter_index": 0}
[2026-05-18 15:38:11] INFO (NNIManager) submitTrialJob: form: {
  sequenceId: 28,
  hyperParameters: {
    value: '{"parameter_id": 28, "parameter_source": "algorithm", "parameters": {"model_type": "LSTM", "units": 16, "num_layers": 1, "dropout": 0, "activation": "relu", "lr": 0.00031622776601683783, "window_size": 2, "batch_size": 16, "epochs": 15, "kernel_size": 3, "attention_heads": 4}, "parameter_index": 0}',
    index: 0
  },
  placementConstraint: { type: 'None', gpus: [] }
}
[2026-05-18 15:38:11] INFO (LocalV3.local) Created trial cLesv
[2026-05-18 15:38:12] INFO (LocalV3.local) Trial parameter: cLesv {"parameter_id": 28, "parameter_source": "algorithm", "parameters": {"model_type": "LSTM", "units": 16, "num_layers": 1, "dropout": 0, "activation": "relu", "lr": 0.00031622776601683783, "window_size": 2, "batch_size": 16, "epochs": 15, "kernel_size": 3, "attention_heads": 4}, "parameter_index": 0}
[2026-05-18 15:38:18] INFO (NNIManager) Trial job cLesv status changed from RUNNING to SUCCEEDED
[2026-05-18 15:38:18] INFO (NNIManager) NNIManager received command from dispatcher: TR, {"parameter_id": 29, "parameter_source": "algorithm", "parameters": {"model_type": "LSTM", "units": 16, "num_layers": 1, "dropout": 0, "activation": "relu", "lr": 0.00031622776601683783, "window_size": 2, "batch_size": 16, "epochs": 15, "kernel_size": 3, "attention_heads": 8}, "parameter_index": 0}
[2026-05-18 15:38:18] INFO (NNIManager) submitTrialJob: form: {
  sequenceId: 29,
  hyperParameters: {
    value: '{"parameter_id": 29, "parameter_source": "algorithm", "parameters": {"model_type": "LSTM", "units": 16, "num_layers": 1, "dropout": 0, "activation": "relu", "lr": 0.00031622776601683783, "window_size": 2, "batch_size": 16, "epochs": 15, "kernel_size": 3, "attention_heads": 8}, "parameter_index": 0}',
    index: 0
  },
  placementConstraint: { type: 'None', gpus: [] }
}
[2026-05-18 15:38:18] INFO (LocalV3.local) Created trial DNlbz
[2026-05-18 15:38:20] INFO (LocalV3.local) Trial parameter: DNlbz {"parameter_id": 29, "parameter_source": "algorithm", "parameters": {"model_type": "LSTM", "units": 16, "num_layers": 1, "dropout": 0, "activation": "relu", "lr": 0.00031622776601683783, "window_size": 2, "batch_size": 16, "epochs": 15, "kernel_size": 3, "attention_heads": 8}, "parameter_index": 0}
[2026-05-18 15:38:25] INFO (NNIManager) Trial job DNlbz status changed from RUNNING to SUCCEEDED
[2026-05-18 15:38:25] INFO (NNIManager) NNIManager received command from dispatcher: TR, {"parameter_id": 30, "parameter_source": "algorithm", "parameters": {"model_type": "LSTM", "units": 16, "num_layers": 1, "dropout": 0, "activation": "relu", "lr": 0.00031622776601683783, "window_size": 2, "batch_size": 16, "epochs": 15, "kernel_size": 5, "attention_heads": 2}, "parameter_index": 0}
[2026-05-18 15:38:26] INFO (NNIManager) submitTrialJob: form: {
  sequenceId: 30,
  hyperParameters: {
    value: '{"parameter_id": 30, "parameter_source": "algorithm", "parameters": {"model_type": "LSTM", "units": 16, "num_layers": 1, "dropout": 0, "activation": "relu", "lr": 0.00031622776601683783, "window_size": 2, "batch_size": 16, "epochs": 15, "kernel_size": 5, "attention_heads": 2}, "parameter_index": 0}',
    index: 0
  },
  placementConstraint: { type: 'None', gpus: [] }
}
[2026-05-18 15:38:26] INFO (LocalV3.local) Created trial kM1Q0
[2026-05-18 15:38:28] INFO (LocalV3.local) Trial parameter: kM1Q0 {"parameter_id": 30, "parameter_source": "algorithm", "parameters": {"model_type": "LSTM", "units": 16, "num_layers": 1, "dropout": 0, "activation": "relu", "lr": 0.00031622776601683783, "window_size": 2, "batch_size": 16, "epochs": 15, "kernel_size": 5, "attention_heads": 2}, "parameter_index": 0}
[2026-05-18 15:38:33] INFO (NNIManager) Trial job kM1Q0 status changed from RUNNING to SUCCEEDED
[2026-05-18 15:38:33] INFO (NNIManager) NNIManager received command from dispatcher: TR, {"parameter_id": 31, "parameter_source": "algorithm", "parameters": {"model_type": "LSTM", "units": 16, "num_layers": 1, "dropout": 0, "activation": "relu", "lr": 0.00031622776601683783, "window_size": 2, "batch_size": 16, "epochs": 15, "kernel_size": 5, "attention_heads": 4}, "parameter_index": 0}
[2026-05-18 15:38:34] INFO (NNIManager) submitTrialJob: form: {
  sequenceId: 31,
  hyperParameters: {
    value: '{"parameter_id": 31, "parameter_source": "algorithm", "parameters": {"model_type": "LSTM", "units": 16, "num_layers": 1, "dropout": 0, "activation": "relu", "lr": 0.00031622776601683783, "window_size": 2, "batch_size": 16, "epochs": 15, "kernel_size": 5, "attention_heads": 4}, "parameter_index": 0}',
    index: 0
  },
  placementConstraint: { type: 'None', gpus: [] }
}
[2026-05-18 15:38:34] INFO (LocalV3.local) Created trial hRiUE
[2026-05-18 15:38:36] INFO (LocalV3.local) Trial parameter: hRiUE {"parameter_id": 31, "parameter_source": "algorithm", "parameters": {"model_type": "LSTM", "units": 16, "num_layers": 1, "dropout": 0, "activation": "relu", "lr": 0.00031622776601683783, "window_size": 2, "batch_size": 16, "epochs": 15, "kernel_size": 5, "attention_heads": 4}, "parameter_index": 0}
[2026-05-18 15:38:41] INFO (NNIManager) Trial job hRiUE status changed from RUNNING to SUCCEEDED
[2026-05-18 15:38:41] INFO (NNIManager) NNIManager received command from dispatcher: TR, {"parameter_id": 32, "parameter_source": "algorithm", "parameters": {"model_type": "LSTM", "units": 16, "num_layers": 1, "dropout": 0, "activation": "relu", "lr": 0.00031622776601683783, "window_size": 2, "batch_size": 16, "epochs": 15, "kernel_size": 5, "attention_heads": 8}, "parameter_index": 0}
[2026-05-18 15:38:42] INFO (NNIManager) submitTrialJob: form: {
  sequenceId: 32,
  hyperParameters: {
    value: '{"parameter_id": 32, "parameter_source": "algorithm", "parameters": {"model_type": "LSTM", "units": 16, "num_layers": 1, "dropout": 0, "activation": "relu", "lr": 0.00031622776601683783, "window_size": 2, "batch_size": 16, "epochs": 15, "kernel_size": 5, "attention_heads": 8}, "parameter_index": 0}',
    index: 0
  },
  placementConstraint: { type: 'None', gpus: [] }
}
[2026-05-18 15:38:42] INFO (LocalV3.local) Created trial ywTop
[2026-05-18 15:38:44] INFO (LocalV3.local) Trial parameter: ywTop {"parameter_id": 32, "parameter_source": "algorithm", "parameters": {"model_type": "LSTM", "units": 16, "num_layers": 1, "dropout": 0, "activation": "relu", "lr": 0.00031622776601683783, "window_size": 2, "batch_size": 16, "epochs": 15, "kernel_size": 5, "attention_heads": 8}, "parameter_index": 0}
[2026-05-18 15:38:49] INFO (NNIManager) Trial job ywTop status changed from RUNNING to SUCCEEDED
[2026-05-18 15:38:49] INFO (NNIManager) NNIManager received command from dispatcher: TR, {"parameter_id": 33, "parameter_source": "algorithm", "parameters": {"model_type": "LSTM", "units": 16, "num_layers": 1, "dropout": 0, "activation": "relu", "lr": 0.00031622776601683783, "window_size": 2, "batch_size": 16, "epochs": 15, "kernel_size": 7, "attention_heads": 2}, "parameter_index": 0}
[2026-05-18 15:38:49] INFO (NNIManager) submitTrialJob: form: {
  sequenceId: 33,
  hyperParameters: {
    value: '{"parameter_id": 33, "parameter_source": "algorithm", "parameters": {"model_type": "LSTM", "units": 16, "num_layers": 1, "dropout": 0, "activation": "relu", "lr": 0.00031622776601683783, "window_size": 2, "batch_size": 16, "epochs": 15, "kernel_size": 7, "attention_heads": 2}, "parameter_index": 0}',
    index: 0
  },
  placementConstraint: { type: 'None', gpus: [] }
}
[2026-05-18 15:38:49] INFO (LocalV3.local) Created trial hNulu
[2026-05-18 15:38:51] INFO (LocalV3.local) Trial parameter: hNulu {"parameter_id": 33, "parameter_source": "algorithm", "parameters": {"model_type": "LSTM", "units": 16, "num_layers": 1, "dropout": 0, "activation": "relu", "lr": 0.00031622776601683783, "window_size": 2, "batch_size": 16, "epochs": 15, "kernel_size": 7, "attention_heads": 2}, "parameter_index": 0}
[2026-05-18 15:38:57] INFO (NNIManager) Trial job hNulu status changed from RUNNING to SUCCEEDED
[2026-05-18 15:38:57] INFO (NNIManager) NNIManager received command from dispatcher: TR, {"parameter_id": 34, "parameter_source": "algorithm", "parameters": {"model_type": "LSTM", "units": 16, "num_layers": 1, "dropout": 0, "activation": "relu", "lr": 0.00031622776601683783, "window_size": 2, "batch_size": 16, "epochs": 15, "kernel_size": 7, "attention_heads": 4}, "parameter_index": 0}
[2026-05-18 15:38:57] INFO (NNIManager) submitTrialJob: form: {
  sequenceId: 34,
  hyperParameters: {
    value: '{"parameter_id": 34, "parameter_source": "algorithm", "parameters": {"model_type": "LSTM", "units": 16, "num_layers": 1, "dropout": 0, "activation": "relu", "lr": 0.00031622776601683783, "window_size": 2, "batch_size": 16, "epochs": 15, "kernel_size": 7, "attention_heads": 4}, "parameter_index": 0}',
    index: 0
  },
  placementConstraint: { type: 'None', gpus: [] }
}
[2026-05-18 15:38:57] INFO (LocalV3.local) Created trial nluij
[2026-05-18 15:38:59] INFO (LocalV3.local) Trial parameter: nluij {"parameter_id": 34, "parameter_source": "algorithm", "parameters": {"model_type": "LSTM", "units": 16, "num_layers": 1, "dropout": 0, "activation": "relu", "lr": 0.00031622776601683783, "window_size": 2, "batch_size": 16, "epochs": 15, "kernel_size": 7, "attention_heads": 4}, "parameter_index": 0}
[2026-05-18 15:39:04] INFO (NNIManager) Trial job nluij status changed from RUNNING to SUCCEEDED
[2026-05-18 15:39:04] INFO (NNIManager) NNIManager received command from dispatcher: TR, {"parameter_id": 35, "parameter_source": "algorithm", "parameters": {"model_type": "LSTM", "units": 16, "num_layers": 1, "dropout": 0, "activation": "relu", "lr": 0.00031622776601683783, "window_size": 2, "batch_size": 16, "epochs": 15, "kernel_size": 7, "attention_heads": 8}, "parameter_index": 0}
[2026-05-18 15:39:05] INFO (NNIManager) submitTrialJob: form: {
  sequenceId: 35,
  hyperParameters: {
    value: '{"parameter_id": 35, "parameter_source": "algorithm", "parameters": {"model_type": "LSTM", "units": 16, "num_layers": 1, "dropout": 0, "activation": "relu", "lr": 0.00031622776601683783, "window_size": 2, "batch_size": 16, "epochs": 15, "kernel_size": 7, "attention_heads": 8}, "parameter_index": 0}',
    index: 0
  },
  placementConstraint: { type: 'None', gpus: [] }
}
[2026-05-18 15:39:05] INFO (LocalV3.local) Created trial DNGqg
[2026-05-18 15:39:06] INFO (LocalV3.local) Trial parameter: DNGqg {"parameter_id": 35, "parameter_source": "algorithm", "parameters": {"model_type": "LSTM", "units": 16, "num_layers": 1, "dropout": 0, "activation": "relu", "lr": 0.00031622776601683783, "window_size": 2, "batch_size": 16, "epochs": 15, "kernel_size": 7, "attention_heads": 8}, "parameter_index": 0}
[2026-05-18 15:39:12] INFO (NNIManager) Trial job DNGqg status changed from RUNNING to SUCCEEDED
[2026-05-18 15:39:12] INFO (NNIManager) NNIManager received command from dispatcher: TR, {"parameter_id": 36, "parameter_source": "algorithm", "parameters": {"model_type": "LSTM", "units": 16, "num_layers": 1, "dropout": 0, "activation": "relu", "lr": 0.00031622776601683783, "window_size": 2, "batch_size": 16, "epochs": 20, "kernel_size": 2, "attention_heads": 2}, "parameter_index": 0}
[2026-05-18 15:39:12] INFO (NNIManager) submitTrialJob: form: {
  sequenceId: 36,
  hyperParameters: {
    value: '{"parameter_id": 36, "parameter_source": "algorithm", "parameters": {"model_type": "LSTM", "units": 16, "num_layers": 1, "dropout": 0, "activation": "relu", "lr": 0.00031622776601683783, "window_size": 2, "batch_size": 16, "epochs": 20, "kernel_size": 2, "attention_heads": 2}, "parameter_index": 0}',
    index: 0
  },
  placementConstraint: { type: 'None', gpus: [] }
}
[2026-05-18 15:39:12] INFO (LocalV3.local) Created trial UeQe7
[2026-05-18 15:39:14] INFO (LocalV3.local) Trial parameter: UeQe7 {"parameter_id": 36, "parameter_source": "algorithm", "parameters": {"model_type": "LSTM", "units": 16, "num_layers": 1, "dropout": 0, "activation": "relu", "lr": 0.00031622776601683783, "window_size": 2, "batch_size": 16, "epochs": 20, "kernel_size": 2, "attention_heads": 2}, "parameter_index": 0}
[2026-05-18 15:39:20] INFO (NNIManager) Trial job UeQe7 status changed from RUNNING to SUCCEEDED
[2026-05-18 15:39:20] INFO (NNIManager) NNIManager received command from dispatcher: TR, {"parameter_id": 37, "parameter_source": "algorithm", "parameters": {"model_type": "LSTM", "units": 16, "num_layers": 1, "dropout": 0, "activation": "relu", "lr": 0.00031622776601683783, "window_size": 2, "batch_size": 16, "epochs": 20, "kernel_size": 2, "attention_heads": 4}, "parameter_index": 0}
[2026-05-18 15:39:21] INFO (NNIManager) submitTrialJob: form: {
  sequenceId: 37,
  hyperParameters: {
    value: '{"parameter_id": 37, "parameter_source": "algorithm", "parameters": {"model_type": "LSTM", "units": 16, "num_layers": 1, "dropout": 0, "activation": "relu", "lr": 0.00031622776601683783, "window_size": 2, "batch_size": 16, "epochs": 20, "kernel_size": 2, "attention_heads": 4}, "parameter_index": 0}',
    index: 0
  },
  placementConstraint: { type: 'None', gpus: [] }
}
[2026-05-18 15:39:21] INFO (LocalV3.local) Created trial eiNss
[2026-05-18 15:39:22] INFO (LocalV3.local) Trial parameter: eiNss {"parameter_id": 37, "parameter_source": "algorithm", "parameters": {"model_type": "LSTM", "units": 16, "num_layers": 1, "dropout": 0, "activation": "relu", "lr": 0.00031622776601683783, "window_size": 2, "batch_size": 16, "epochs": 20, "kernel_size": 2, "attention_heads": 4}, "parameter_index": 0}
[2026-05-18 15:39:29] INFO (NNIManager) Trial job eiNss status changed from RUNNING to SUCCEEDED
[2026-05-18 15:39:29] INFO (NNIManager) NNIManager received command from dispatcher: TR, {"parameter_id": 38, "parameter_source": "algorithm", "parameters": {"model_type": "LSTM", "units": 16, "num_layers": 1, "dropout": 0, "activation": "relu", "lr": 0.00031622776601683783, "window_size": 2, "batch_size": 16, "epochs": 20, "kernel_size": 2, "attention_heads": 8}, "parameter_index": 0}
[2026-05-18 15:39:29] INFO (NNIManager) submitTrialJob: form: {
  sequenceId: 38,
  hyperParameters: {
    value: '{"parameter_id": 38, "parameter_source": "algorithm", "parameters": {"model_type": "LSTM", "units": 16, "num_layers": 1, "dropout": 0, "activation": "relu", "lr": 0.00031622776601683783, "window_size": 2, "batch_size": 16, "epochs": 20, "kernel_size": 2, "attention_heads": 8}, "parameter_index": 0}',
    index: 0
  },
  placementConstraint: { type: 'None', gpus: [] }
}
[2026-05-18 15:39:29] INFO (LocalV3.local) Created trial jX6Ol
[2026-05-18 15:39:31] INFO (LocalV3.local) Trial parameter: jX6Ol {"parameter_id": 38, "parameter_source": "algorithm", "parameters": {"model_type": "LSTM", "units": 16, "num_layers": 1, "dropout": 0, "activation": "relu", "lr": 0.00031622776601683783, "window_size": 2, "batch_size": 16, "epochs": 20, "kernel_size": 2, "attention_heads": 8}, "parameter_index": 0}
[2026-05-18 15:39:37] INFO (NNIManager) Trial job jX6Ol status changed from RUNNING to SUCCEEDED
[2026-05-18 15:39:37] INFO (NNIManager) NNIManager received command from dispatcher: TR, {"parameter_id": 39, "parameter_source": "algorithm", "parameters": {"model_type": "LSTM", "units": 16, "num_layers": 1, "dropout": 0, "activation": "relu", "lr": 0.00031622776601683783, "window_size": 2, "batch_size": 16, "epochs": 20, "kernel_size": 3, "attention_heads": 2}, "parameter_index": 0}
[2026-05-18 15:39:38] INFO (NNIManager) submitTrialJob: form: {
  sequenceId: 39,
  hyperParameters: {
    value: '{"parameter_id": 39, "parameter_source": "algorithm", "parameters": {"model_type": "LSTM", "units": 16, "num_layers": 1, "dropout": 0, "activation": "relu", "lr": 0.00031622776601683783, "window_size": 2, "batch_size": 16, "epochs": 20, "kernel_size": 3, "attention_heads": 2}, "parameter_index": 0}',
    index: 0
  },
  placementConstraint: { type: 'None', gpus: [] }
}
[2026-05-18 15:39:38] INFO (LocalV3.local) Created trial wLfLx
[2026-05-18 15:39:39] INFO (LocalV3.local) Trial parameter: wLfLx {"parameter_id": 39, "parameter_source": "algorithm", "parameters": {"model_type": "LSTM", "units": 16, "num_layers": 1, "dropout": 0, "activation": "relu", "lr": 0.00031622776601683783, "window_size": 2, "batch_size": 16, "epochs": 20, "kernel_size": 3, "attention_heads": 2}, "parameter_index": 0}
[2026-05-18 15:39:46] INFO (NNIManager) Trial job wLfLx status changed from RUNNING to SUCCEEDED
[2026-05-18 15:39:46] INFO (NNIManager) NNIManager received command from dispatcher: TR, {"parameter_id": 40, "parameter_source": "algorithm", "parameters": {"model_type": "LSTM", "units": 16, "num_layers": 1, "dropout": 0, "activation": "relu", "lr": 0.00031622776601683783, "window_size": 2, "batch_size": 16, "epochs": 20, "kernel_size": 3, "attention_heads": 4}, "parameter_index": 0}
[2026-05-18 15:39:46] INFO (NNIManager) submitTrialJob: form: {
  sequenceId: 40,
  hyperParameters: {
    value: '{"parameter_id": 40, "parameter_source": "algorithm", "parameters": {"model_type": "LSTM", "units": 16, "num_layers": 1, "dropout": 0, "activation": "relu", "lr": 0.00031622776601683783, "window_size": 2, "batch_size": 16, "epochs": 20, "kernel_size": 3, "attention_heads": 4}, "parameter_index": 0}',
    index: 0
  },
  placementConstraint: { type: 'None', gpus: [] }
}
[2026-05-18 15:39:46] INFO (LocalV3.local) Created trial QFDJv
[2026-05-18 15:39:48] INFO (LocalV3.local) Trial parameter: QFDJv {"parameter_id": 40, "parameter_source": "algorithm", "parameters": {"model_type": "LSTM", "units": 16, "num_layers": 1, "dropout": 0, "activation": "relu", "lr": 0.00031622776601683783, "window_size": 2, "batch_size": 16, "epochs": 20, "kernel_size": 3, "attention_heads": 4}, "parameter_index": 0}
[2026-05-18 15:39:54] INFO (NNIManager) Trial job QFDJv status changed from RUNNING to SUCCEEDED
[2026-05-18 15:39:54] INFO (NNIManager) NNIManager received command from dispatcher: TR, {"parameter_id": 41, "parameter_source": "algorithm", "parameters": {"model_type": "LSTM", "units": 16, "num_layers": 1, "dropout": 0, "activation": "relu", "lr": 0.00031622776601683783, "window_size": 2, "batch_size": 16, "epochs": 20, "kernel_size": 3, "attention_heads": 8}, "parameter_index": 0}
[2026-05-18 15:39:54] INFO (NNIManager) submitTrialJob: form: {
  sequenceId: 41,
  hyperParameters: {
    value: '{"parameter_id": 41, "parameter_source": "algorithm", "parameters": {"model_type": "LSTM", "units": 16, "num_layers": 1, "dropout": 0, "activation": "relu", "lr": 0.00031622776601683783, "window_size": 2, "batch_size": 16, "epochs": 20, "kernel_size": 3, "attention_heads": 8}, "parameter_index": 0}',
    index: 0
  },
  placementConstraint: { type: 'None', gpus: [] }
}
[2026-05-18 15:39:54] INFO (LocalV3.local) Created trial oiGIv
[2026-05-18 15:39:56] INFO (LocalV3.local) Trial parameter: oiGIv {"parameter_id": 41, "parameter_source": "algorithm", "parameters": {"model_type": "LSTM", "units": 16, "num_layers": 1, "dropout": 0, "activation": "relu", "lr": 0.00031622776601683783, "window_size": 2, "batch_size": 16, "epochs": 20, "kernel_size": 3, "attention_heads": 8}, "parameter_index": 0}
[2026-05-18 15:40:02] INFO (NNIManager) Trial job oiGIv status changed from RUNNING to SUCCEEDED
[2026-05-18 15:40:02] INFO (NNIManager) NNIManager received command from dispatcher: TR, {"parameter_id": 42, "parameter_source": "algorithm", "parameters": {"model_type": "LSTM", "units": 16, "num_layers": 1, "dropout": 0, "activation": "relu", "lr": 0.00031622776601683783, "window_size": 2, "batch_size": 16, "epochs": 20, "kernel_size": 5, "attention_heads": 2}, "parameter_index": 0}
[2026-05-18 15:40:03] INFO (NNIManager) submitTrialJob: form: {
  sequenceId: 42,
  hyperParameters: {
    value: '{"parameter_id": 42, "parameter_source": "algorithm", "parameters": {"model_type": "LSTM", "units": 16, "num_layers": 1, "dropout": 0, "activation": "relu", "lr": 0.00031622776601683783, "window_size": 2, "batch_size": 16, "epochs": 20, "kernel_size": 5, "attention_heads": 2}, "parameter_index": 0}',
    index: 0
  },
  placementConstraint: { type: 'None', gpus: [] }
}
[2026-05-18 15:40:03] INFO (LocalV3.local) Created trial sQW0H
[2026-05-18 15:40:05] INFO (LocalV3.local) Trial parameter: sQW0H {"parameter_id": 42, "parameter_source": "algorithm", "parameters": {"model_type": "LSTM", "units": 16, "num_layers": 1, "dropout": 0, "activation": "relu", "lr": 0.00031622776601683783, "window_size": 2, "batch_size": 16, "epochs": 20, "kernel_size": 5, "attention_heads": 2}, "parameter_index": 0}
[2026-05-18 15:40:11] INFO (NNIManager) Trial job sQW0H status changed from RUNNING to SUCCEEDED
[2026-05-18 15:40:11] INFO (NNIManager) NNIManager received command from dispatcher: TR, {"parameter_id": 43, "parameter_source": "algorithm", "parameters": {"model_type": "LSTM", "units": 16, "num_layers": 1, "dropout": 0, "activation": "relu", "lr": 0.00031622776601683783, "window_size": 2, "batch_size": 16, "epochs": 20, "kernel_size": 5, "attention_heads": 4}, "parameter_index": 0}
[2026-05-18 15:40:11] INFO (NNIManager) submitTrialJob: form: {
  sequenceId: 43,
  hyperParameters: {
    value: '{"parameter_id": 43, "parameter_source": "algorithm", "parameters": {"model_type": "LSTM", "units": 16, "num_layers": 1, "dropout": 0, "activation": "relu", "lr": 0.00031622776601683783, "window_size": 2, "batch_size": 16, "epochs": 20, "kernel_size": 5, "attention_heads": 4}, "parameter_index": 0}',
    index: 0
  },
  placementConstraint: { type: 'None', gpus: [] }
}
[2026-05-18 15:40:11] INFO (LocalV3.local) Created trial FKSr3
[2026-05-18 15:40:13] INFO (LocalV3.local) Trial parameter: FKSr3 {"parameter_id": 43, "parameter_source": "algorithm", "parameters": {"model_type": "LSTM", "units": 16, "num_layers": 1, "dropout": 0, "activation": "relu", "lr": 0.00031622776601683783, "window_size": 2, "batch_size": 16, "epochs": 20, "kernel_size": 5, "attention_heads": 4}, "parameter_index": 0}
[2026-05-18 15:40:19] INFO (NNIManager) Trial job FKSr3 status changed from RUNNING to SUCCEEDED
[2026-05-18 15:40:19] INFO (NNIManager) NNIManager received command from dispatcher: TR, {"parameter_id": 44, "parameter_source": "algorithm", "parameters": {"model_type": "LSTM", "units": 16, "num_layers": 1, "dropout": 0, "activation": "relu", "lr": 0.00031622776601683783, "window_size": 2, "batch_size": 16, "epochs": 20, "kernel_size": 5, "attention_heads": 8}, "parameter_index": 0}
[2026-05-18 15:40:20] INFO (NNIManager) submitTrialJob: form: {
  sequenceId: 44,
  hyperParameters: {
    value: '{"parameter_id": 44, "parameter_source": "algorithm", "parameters": {"model_type": "LSTM", "units": 16, "num_layers": 1, "dropout": 0, "activation": "relu", "lr": 0.00031622776601683783, "window_size": 2, "batch_size": 16, "epochs": 20, "kernel_size": 5, "attention_heads": 8}, "parameter_index": 0}',
    index: 0
  },
  placementConstraint: { type: 'None', gpus: [] }
}
[2026-05-18 15:40:20] INFO (LocalV3.local) Created trial t6KE1
[2026-05-18 15:40:22] INFO (LocalV3.local) Trial parameter: t6KE1 {"parameter_id": 44, "parameter_source": "algorithm", "parameters": {"model_type": "LSTM", "units": 16, "num_layers": 1, "dropout": 0, "activation": "relu", "lr": 0.00031622776601683783, "window_size": 2, "batch_size": 16, "epochs": 20, "kernel_size": 5, "attention_heads": 8}, "parameter_index": 0}
[2026-05-18 15:40:27] INFO (NNIManager) Trial job t6KE1 status changed from RUNNING to SUCCEEDED
[2026-05-18 15:40:27] INFO (NNIManager) NNIManager received command from dispatcher: TR, {"parameter_id": 45, "parameter_source": "algorithm", "parameters": {"model_type": "LSTM", "units": 16, "num_layers": 1, "dropout": 0, "activation": "relu", "lr": 0.00031622776601683783, "window_size": 2, "batch_size": 16, "epochs": 20, "kernel_size": 7, "attention_heads": 2}, "parameter_index": 0}
[2026-05-18 15:40:28] INFO (NNIManager) submitTrialJob: form: {
  sequenceId: 45,
  hyperParameters: {
    value: '{"parameter_id": 45, "parameter_source": "algorithm", "parameters": {"model_type": "LSTM", "units": 16, "num_layers": 1, "dropout": 0, "activation": "relu", "lr": 0.00031622776601683783, "window_size": 2, "batch_size": 16, "epochs": 20, "kernel_size": 7, "attention_heads": 2}, "parameter_index": 0}',
    index: 0
  },
  placementConstraint: { type: 'None', gpus: [] }
}
[2026-05-18 15:40:28] INFO (LocalV3.local) Created trial bwP15
[2026-05-18 15:40:30] INFO (LocalV3.local) Trial parameter: bwP15 {"parameter_id": 45, "parameter_source": "algorithm", "parameters": {"model_type": "LSTM", "units": 16, "num_layers": 1, "dropout": 0, "activation": "relu", "lr": 0.00031622776601683783, "window_size": 2, "batch_size": 16, "epochs": 20, "kernel_size": 7, "attention_heads": 2}, "parameter_index": 0}
[2026-05-18 15:40:36] INFO (NNIManager) Trial job bwP15 status changed from RUNNING to SUCCEEDED
[2026-05-18 15:40:36] INFO (NNIManager) NNIManager received command from dispatcher: TR, {"parameter_id": 46, "parameter_source": "algorithm", "parameters": {"model_type": "LSTM", "units": 16, "num_layers": 1, "dropout": 0, "activation": "relu", "lr": 0.00031622776601683783, "window_size": 2, "batch_size": 16, "epochs": 20, "kernel_size": 7, "attention_heads": 4}, "parameter_index": 0}
[2026-05-18 15:40:36] INFO (NNIManager) submitTrialJob: form: {
  sequenceId: 46,
  hyperParameters: {
    value: '{"parameter_id": 46, "parameter_source": "algorithm", "parameters": {"model_type": "LSTM", "units": 16, "num_layers": 1, "dropout": 0, "activation": "relu", "lr": 0.00031622776601683783, "window_size": 2, "batch_size": 16, "epochs": 20, "kernel_size": 7, "attention_heads": 4}, "parameter_index": 0}',
    index: 0
  },
  placementConstraint: { type: 'None', gpus: [] }
}
[2026-05-18 15:40:36] INFO (LocalV3.local) Created trial OKHQ9
[2026-05-18 15:40:38] INFO (LocalV3.local) Trial parameter: OKHQ9 {"parameter_id": 46, "parameter_source": "algorithm", "parameters": {"model_type": "LSTM", "units": 16, "num_layers": 1, "dropout": 0, "activation": "relu", "lr": 0.00031622776601683783, "window_size": 2, "batch_size": 16, "epochs": 20, "kernel_size": 7, "attention_heads": 4}, "parameter_index": 0}
[2026-05-18 15:40:44] INFO (NNIManager) Trial job OKHQ9 status changed from RUNNING to SUCCEEDED
[2026-05-18 15:40:44] INFO (NNIManager) NNIManager received command from dispatcher: TR, {"parameter_id": 47, "parameter_source": "algorithm", "parameters": {"model_type": "LSTM", "units": 16, "num_layers": 1, "dropout": 0, "activation": "relu", "lr": 0.00031622776601683783, "window_size": 2, "batch_size": 16, "epochs": 20, "kernel_size": 7, "attention_heads": 8}, "parameter_index": 0}
[2026-05-18 15:40:45] INFO (NNIManager) submitTrialJob: form: {
  sequenceId: 47,
  hyperParameters: {
    value: '{"parameter_id": 47, "parameter_source": "algorithm", "parameters": {"model_type": "LSTM", "units": 16, "num_layers": 1, "dropout": 0, "activation": "relu", "lr": 0.00031622776601683783, "window_size": 2, "batch_size": 16, "epochs": 20, "kernel_size": 7, "attention_heads": 8}, "parameter_index": 0}',
    index: 0
  },
  placementConstraint: { type: 'None', gpus: [] }
}
[2026-05-18 15:40:45] INFO (LocalV3.local) Created trial WhwuU
[2026-05-18 15:40:47] INFO (LocalV3.local) Trial parameter: WhwuU {"parameter_id": 47, "parameter_source": "algorithm", "parameters": {"model_type": "LSTM", "units": 16, "num_layers": 1, "dropout": 0, "activation": "relu", "lr": 0.00031622776601683783, "window_size": 2, "batch_size": 16, "epochs": 20, "kernel_size": 7, "attention_heads": 8}, "parameter_index": 0}
[2026-05-18 15:40:53] INFO (NNIManager) Trial job WhwuU status changed from RUNNING to SUCCEEDED
[2026-05-18 15:40:53] INFO (NNIManager) NNIManager received command from dispatcher: TR, {"parameter_id": 48, "parameter_source": "algorithm", "parameters": {"model_type": "LSTM", "units": 16, "num_layers": 1, "dropout": 0, "activation": "relu", "lr": 0.00031622776601683783, "window_size": 2, "batch_size": 32, "epochs": 5, "kernel_size": 2, "attention_heads": 2}, "parameter_index": 0}
[2026-05-18 15:40:53] INFO (NNIManager) submitTrialJob: form: {
  sequenceId: 48,
  hyperParameters: {
    value: '{"parameter_id": 48, "parameter_source": "algorithm", "parameters": {"model_type": "LSTM", "units": 16, "num_layers": 1, "dropout": 0, "activation": "relu", "lr": 0.00031622776601683783, "window_size": 2, "batch_size": 32, "epochs": 5, "kernel_size": 2, "attention_heads": 2}, "parameter_index": 0}',
    index: 0
  },
  placementConstraint: { type: 'None', gpus: [] }
}
[2026-05-18 15:40:53] INFO (LocalV3.local) Created trial OLJwx
[2026-05-18 15:40:55] INFO (LocalV3.local) Trial parameter: OLJwx {"parameter_id": 48, "parameter_source": "algorithm", "parameters": {"model_type": "LSTM", "units": 16, "num_layers": 1, "dropout": 0, "activation": "relu", "lr": 0.00031622776601683783, "window_size": 2, "batch_size": 32, "epochs": 5, "kernel_size": 2, "attention_heads": 2}, "parameter_index": 0}
[2026-05-18 15:40:59] INFO (NNIManager) Trial job OLJwx status changed from RUNNING to SUCCEEDED
[2026-05-18 15:40:59] INFO (NNIManager) NNIManager received command from dispatcher: TR, {"parameter_id": 49, "parameter_source": "algorithm", "parameters": {"model_type": "LSTM", "units": 16, "num_layers": 1, "dropout": 0, "activation": "relu", "lr": 0.00031622776601683783, "window_size": 2, "batch_size": 32, "epochs": 5, "kernel_size": 2, "attention_heads": 4}, "parameter_index": 0}
[2026-05-18 15:40:59] INFO (NNIManager) submitTrialJob: form: {
  sequenceId: 49,
  hyperParameters: {
    value: '{"parameter_id": 49, "parameter_source": "algorithm", "parameters": {"model_type": "LSTM", "units": 16, "num_layers": 1, "dropout": 0, "activation": "relu", "lr": 0.00031622776601683783, "window_size": 2, "batch_size": 32, "epochs": 5, "kernel_size": 2, "attention_heads": 4}, "parameter_index": 0}',
    index: 0
  },
  placementConstraint: { type: 'None', gpus: [] }
}
[2026-05-18 15:40:59] INFO (LocalV3.local) Created trial QyMVZ
[2026-05-18 15:41:01] INFO (LocalV3.local) Trial parameter: QyMVZ {"parameter_id": 49, "parameter_source": "algorithm", "parameters": {"model_type": "LSTM", "units": 16, "num_layers": 1, "dropout": 0, "activation": "relu", "lr": 0.00031622776601683783, "window_size": 2, "batch_size": 32, "epochs": 5, "kernel_size": 2, "attention_heads": 4}, "parameter_index": 0}
[2026-05-18 15:41:04] INFO (NNIManager) Trial job QyMVZ status changed from RUNNING to SUCCEEDED
[2026-05-18 15:41:04] INFO (NNIManager) NNIManager received command from dispatcher: TR, {"parameter_id": 50, "parameter_source": "algorithm", "parameters": {"model_type": "LSTM", "units": 16, "num_layers": 1, "dropout": 0, "activation": "relu", "lr": 0.00031622776601683783, "window_size": 2, "batch_size": 32, "epochs": 5, "kernel_size": 2, "attention_heads": 8}, "parameter_index": 0}
[2026-05-18 15:41:05] INFO (NNIManager) submitTrialJob: form: {
  sequenceId: 50,
  hyperParameters: {
    value: '{"parameter_id": 50, "parameter_source": "algorithm", "parameters": {"model_type": "LSTM", "units": 16, "num_layers": 1, "dropout": 0, "activation": "relu", "lr": 0.00031622776601683783, "window_size": 2, "batch_size": 32, "epochs": 5, "kernel_size": 2, "attention_heads": 8}, "parameter_index": 0}',
    index: 0
  },
  placementConstraint: { type: 'None', gpus: [] }
}
[2026-05-18 15:41:05] INFO (LocalV3.local) Created trial bp3HY
[2026-05-18 15:41:06] INFO (LocalV3.local) Trial parameter: bp3HY {"parameter_id": 50, "parameter_source": "algorithm", "parameters": {"model_type": "LSTM", "units": 16, "num_layers": 1, "dropout": 0, "activation": "relu", "lr": 0.00031622776601683783, "window_size": 2, "batch_size": 32, "epochs": 5, "kernel_size": 2, "attention_heads": 8}, "parameter_index": 0}
[2026-05-18 15:41:10] INFO (NNIManager) Trial job bp3HY status changed from RUNNING to SUCCEEDED
[2026-05-18 15:41:10] INFO (NNIManager) NNIManager received command from dispatcher: TR, {"parameter_id": 51, "parameter_source": "algorithm", "parameters": {"model_type": "LSTM", "units": 16, "num_layers": 1, "dropout": 0, "activation": "relu", "lr": 0.00031622776601683783, "window_size": 2, "batch_size": 32, "epochs": 5, "kernel_size": 3, "attention_heads": 2}, "parameter_index": 0}
[2026-05-18 15:41:10] INFO (NNIManager) submitTrialJob: form: {
  sequenceId: 51,
  hyperParameters: {
    value: '{"parameter_id": 51, "parameter_source": "algorithm", "parameters": {"model_type": "LSTM", "units": 16, "num_layers": 1, "dropout": 0, "activation": "relu", "lr": 0.00031622776601683783, "window_size": 2, "batch_size": 32, "epochs": 5, "kernel_size": 3, "attention_heads": 2}, "parameter_index": 0}',
    index: 0
  },
  placementConstraint: { type: 'None', gpus: [] }
}
[2026-05-18 15:41:10] INFO (LocalV3.local) Created trial KYbSf
[2026-05-18 15:41:12] INFO (LocalV3.local) Trial parameter: KYbSf {"parameter_id": 51, "parameter_source": "algorithm", "parameters": {"model_type": "LSTM", "units": 16, "num_layers": 1, "dropout": 0, "activation": "relu", "lr": 0.00031622776601683783, "window_size": 2, "batch_size": 32, "epochs": 5, "kernel_size": 3, "attention_heads": 2}, "parameter_index": 0}
[2026-05-18 15:41:15] INFO (NNIManager) Trial job KYbSf status changed from RUNNING to SUCCEEDED
[2026-05-18 15:41:15] INFO (NNIManager) NNIManager received command from dispatcher: TR, {"parameter_id": 52, "parameter_source": "algorithm", "parameters": {"model_type": "LSTM", "units": 16, "num_layers": 1, "dropout": 0, "activation": "relu", "lr": 0.00031622776601683783, "window_size": 2, "batch_size": 32, "epochs": 5, "kernel_size": 3, "attention_heads": 4}, "parameter_index": 0}
[2026-05-18 15:41:16] INFO (NNIManager) submitTrialJob: form: {
  sequenceId: 52,
  hyperParameters: {
    value: '{"parameter_id": 52, "parameter_source": "algorithm", "parameters": {"model_type": "LSTM", "units": 16, "num_layers": 1, "dropout": 0, "activation": "relu", "lr": 0.00031622776601683783, "window_size": 2, "batch_size": 32, "epochs": 5, "kernel_size": 3, "attention_heads": 4}, "parameter_index": 0}',
    index: 0
  },
  placementConstraint: { type: 'None', gpus: [] }
}
[2026-05-18 15:41:16] INFO (LocalV3.local) Created trial LIB7F
[2026-05-18 15:41:17] INFO (LocalV3.local) Trial parameter: LIB7F {"parameter_id": 52, "parameter_source": "algorithm", "parameters": {"model_type": "LSTM", "units": 16, "num_layers": 1, "dropout": 0, "activation": "relu", "lr": 0.00031622776601683783, "window_size": 2, "batch_size": 32, "epochs": 5, "kernel_size": 3, "attention_heads": 4}, "parameter_index": 0}
[2026-05-18 15:41:21] INFO (NNIManager) Trial job LIB7F status changed from RUNNING to SUCCEEDED
[2026-05-18 15:41:21] INFO (NNIManager) NNIManager received command from dispatcher: TR, {"parameter_id": 53, "parameter_source": "algorithm", "parameters": {"model_type": "LSTM", "units": 16, "num_layers": 1, "dropout": 0, "activation": "relu", "lr": 0.00031622776601683783, "window_size": 2, "batch_size": 32, "epochs": 5, "kernel_size": 3, "attention_heads": 8}, "parameter_index": 0}
[2026-05-18 15:41:21] INFO (NNIManager) submitTrialJob: form: {
  sequenceId: 53,
  hyperParameters: {
    value: '{"parameter_id": 53, "parameter_source": "algorithm", "parameters": {"model_type": "LSTM", "units": 16, "num_layers": 1, "dropout": 0, "activation": "relu", "lr": 0.00031622776601683783, "window_size": 2, "batch_size": 32, "epochs": 5, "kernel_size": 3, "attention_heads": 8}, "parameter_index": 0}',
    index: 0
  },
  placementConstraint: { type: 'None', gpus: [] }
}
[2026-05-18 15:41:21] INFO (LocalV3.local) Created trial Uq1lG
[2026-05-18 15:41:23] INFO (LocalV3.local) Trial parameter: Uq1lG {"parameter_id": 53, "parameter_source": "algorithm", "parameters": {"model_type": "LSTM", "units": 16, "num_layers": 1, "dropout": 0, "activation": "relu", "lr": 0.00031622776601683783, "window_size": 2, "batch_size": 32, "epochs": 5, "kernel_size": 3, "attention_heads": 8}, "parameter_index": 0}
[2026-05-18 15:41:26] INFO (NNIManager) Trial job Uq1lG status changed from RUNNING to SUCCEEDED
[2026-05-18 15:41:26] INFO (NNIManager) NNIManager received command from dispatcher: TR, {"parameter_id": 54, "parameter_source": "algorithm", "parameters": {"model_type": "LSTM", "units": 16, "num_layers": 1, "dropout": 0, "activation": "relu", "lr": 0.00031622776601683783, "window_size": 2, "batch_size": 32, "epochs": 5, "kernel_size": 5, "attention_heads": 2}, "parameter_index": 0}
[2026-05-18 15:41:27] INFO (NNIManager) submitTrialJob: form: {
  sequenceId: 54,
  hyperParameters: {
    value: '{"parameter_id": 54, "parameter_source": "algorithm", "parameters": {"model_type": "LSTM", "units": 16, "num_layers": 1, "dropout": 0, "activation": "relu", "lr": 0.00031622776601683783, "window_size": 2, "batch_size": 32, "epochs": 5, "kernel_size": 5, "attention_heads": 2}, "parameter_index": 0}',
    index: 0
  },
  placementConstraint: { type: 'None', gpus: [] }
}
[2026-05-18 15:41:27] INFO (LocalV3.local) Created trial EjFk5
[2026-05-18 15:41:28] INFO (LocalV3.local) Trial parameter: EjFk5 {"parameter_id": 54, "parameter_source": "algorithm", "parameters": {"model_type": "LSTM", "units": 16, "num_layers": 1, "dropout": 0, "activation": "relu", "lr": 0.00031622776601683783, "window_size": 2, "batch_size": 32, "epochs": 5, "kernel_size": 5, "attention_heads": 2}, "parameter_index": 0}
[2026-05-18 15:41:32] INFO (NNIManager) Trial job EjFk5 status changed from RUNNING to SUCCEEDED
[2026-05-18 15:41:32] INFO (NNIManager) NNIManager received command from dispatcher: TR, {"parameter_id": 55, "parameter_source": "algorithm", "parameters": {"model_type": "LSTM", "units": 16, "num_layers": 1, "dropout": 0, "activation": "relu", "lr": 0.00031622776601683783, "window_size": 2, "batch_size": 32, "epochs": 5, "kernel_size": 5, "attention_heads": 4}, "parameter_index": 0}
[2026-05-18 15:41:32] INFO (NNIManager) submitTrialJob: form: {
  sequenceId: 55,
  hyperParameters: {
    value: '{"parameter_id": 55, "parameter_source": "algorithm", "parameters": {"model_type": "LSTM", "units": 16, "num_layers": 1, "dropout": 0, "activation": "relu", "lr": 0.00031622776601683783, "window_size": 2, "batch_size": 32, "epochs": 5, "kernel_size": 5, "attention_heads": 4}, "parameter_index": 0}',
    index: 0
  },
  placementConstraint: { type: 'None', gpus: [] }
}
[2026-05-18 15:41:32] INFO (LocalV3.local) Created trial ZCrwQ
[2026-05-18 15:41:34] INFO (LocalV3.local) Trial parameter: ZCrwQ {"parameter_id": 55, "parameter_source": "algorithm", "parameters": {"model_type": "LSTM", "units": 16, "num_layers": 1, "dropout": 0, "activation": "relu", "lr": 0.00031622776601683783, "window_size": 2, "batch_size": 32, "epochs": 5, "kernel_size": 5, "attention_heads": 4}, "parameter_index": 0}
[2026-05-18 15:41:37] INFO (NNIManager) Trial job ZCrwQ status changed from RUNNING to SUCCEEDED
[2026-05-18 15:41:37] INFO (NNIManager) NNIManager received command from dispatcher: TR, {"parameter_id": 56, "parameter_source": "algorithm", "parameters": {"model_type": "LSTM", "units": 16, "num_layers": 1, "dropout": 0, "activation": "relu", "lr": 0.00031622776601683783, "window_size": 2, "batch_size": 32, "epochs": 5, "kernel_size": 5, "attention_heads": 8}, "parameter_index": 0}
[2026-05-18 15:41:38] INFO (NNIManager) submitTrialJob: form: {
  sequenceId: 56,
  hyperParameters: {
    value: '{"parameter_id": 56, "parameter_source": "algorithm", "parameters": {"model_type": "LSTM", "units": 16, "num_layers": 1, "dropout": 0, "activation": "relu", "lr": 0.00031622776601683783, "window_size": 2, "batch_size": 32, "epochs": 5, "kernel_size": 5, "attention_heads": 8}, "parameter_index": 0}',
    index: 0
  },
  placementConstraint: { type: 'None', gpus: [] }
}
[2026-05-18 15:41:38] INFO (LocalV3.local) Created trial Iy1mJ
[2026-05-18 15:41:39] INFO (LocalV3.local) Trial parameter: Iy1mJ {"parameter_id": 56, "parameter_source": "algorithm", "parameters": {"model_type": "LSTM", "units": 16, "num_layers": 1, "dropout": 0, "activation": "relu", "lr": 0.00031622776601683783, "window_size": 2, "batch_size": 32, "epochs": 5, "kernel_size": 5, "attention_heads": 8}, "parameter_index": 0}
[2026-05-18 15:41:43] INFO (NNIManager) Trial job Iy1mJ status changed from RUNNING to SUCCEEDED
[2026-05-18 15:41:43] INFO (NNIManager) NNIManager received command from dispatcher: TR, {"parameter_id": 57, "parameter_source": "algorithm", "parameters": {"model_type": "LSTM", "units": 16, "num_layers": 1, "dropout": 0, "activation": "relu", "lr": 0.00031622776601683783, "window_size": 2, "batch_size": 32, "epochs": 5, "kernel_size": 7, "attention_heads": 2}, "parameter_index": 0}
[2026-05-18 15:41:43] INFO (NNIManager) submitTrialJob: form: {
  sequenceId: 57,
  hyperParameters: {
    value: '{"parameter_id": 57, "parameter_source": "algorithm", "parameters": {"model_type": "LSTM", "units": 16, "num_layers": 1, "dropout": 0, "activation": "relu", "lr": 0.00031622776601683783, "window_size": 2, "batch_size": 32, "epochs": 5, "kernel_size": 7, "attention_heads": 2}, "parameter_index": 0}',
    index: 0
  },
  placementConstraint: { type: 'None', gpus: [] }
}
[2026-05-18 15:41:43] INFO (LocalV3.local) Created trial zrnAd
[2026-05-18 15:41:45] INFO (LocalV3.local) Trial parameter: zrnAd {"parameter_id": 57, "parameter_source": "algorithm", "parameters": {"model_type": "LSTM", "units": 16, "num_layers": 1, "dropout": 0, "activation": "relu", "lr": 0.00031622776601683783, "window_size": 2, "batch_size": 32, "epochs": 5, "kernel_size": 7, "attention_heads": 2}, "parameter_index": 0}
[2026-05-18 15:41:48] INFO (NNIManager) Trial job zrnAd status changed from RUNNING to SUCCEEDED
[2026-05-18 15:41:48] INFO (NNIManager) NNIManager received command from dispatcher: TR, {"parameter_id": 58, "parameter_source": "algorithm", "parameters": {"model_type": "LSTM", "units": 16, "num_layers": 1, "dropout": 0, "activation": "relu", "lr": 0.00031622776601683783, "window_size": 2, "batch_size": 32, "epochs": 5, "kernel_size": 7, "attention_heads": 4}, "parameter_index": 0}
[2026-05-18 15:41:49] INFO (NNIManager) submitTrialJob: form: {
  sequenceId: 58,
  hyperParameters: {
    value: '{"parameter_id": 58, "parameter_source": "algorithm", "parameters": {"model_type": "LSTM", "units": 16, "num_layers": 1, "dropout": 0, "activation": "relu", "lr": 0.00031622776601683783, "window_size": 2, "batch_size": 32, "epochs": 5, "kernel_size": 7, "attention_heads": 4}, "parameter_index": 0}',
    index: 0
  },
  placementConstraint: { type: 'None', gpus: [] }
}
[2026-05-18 15:41:49] INFO (LocalV3.local) Created trial ZNxhp
[2026-05-18 15:41:51] INFO (LocalV3.local) Trial parameter: ZNxhp {"parameter_id": 58, "parameter_source": "algorithm", "parameters": {"model_type": "LSTM", "units": 16, "num_layers": 1, "dropout": 0, "activation": "relu", "lr": 0.00031622776601683783, "window_size": 2, "batch_size": 32, "epochs": 5, "kernel_size": 7, "attention_heads": 4}, "parameter_index": 0}
[2026-05-18 15:41:54] INFO (NNIManager) Trial job ZNxhp status changed from RUNNING to SUCCEEDED
[2026-05-18 15:41:54] INFO (NNIManager) NNIManager received command from dispatcher: TR, {"parameter_id": 59, "parameter_source": "algorithm", "parameters": {"model_type": "LSTM", "units": 16, "num_layers": 1, "dropout": 0, "activation": "relu", "lr": 0.00031622776601683783, "window_size": 2, "batch_size": 32, "epochs": 5, "kernel_size": 7, "attention_heads": 8}, "parameter_index": 0}
[2026-05-18 15:41:54] INFO (NNIManager) submitTrialJob: form: {
  sequenceId: 59,
  hyperParameters: {
    value: '{"parameter_id": 59, "parameter_source": "algorithm", "parameters": {"model_type": "LSTM", "units": 16, "num_layers": 1, "dropout": 0, "activation": "relu", "lr": 0.00031622776601683783, "window_size": 2, "batch_size": 32, "epochs": 5, "kernel_size": 7, "attention_heads": 8}, "parameter_index": 0}',
    index: 0
  },
  placementConstraint: { type: 'None', gpus: [] }
}
[2026-05-18 15:41:54] INFO (LocalV3.local) Created trial Rzc2f
[2026-05-18 15:41:56] INFO (LocalV3.local) Trial parameter: Rzc2f {"parameter_id": 59, "parameter_source": "algorithm", "parameters": {"model_type": "LSTM", "units": 16, "num_layers": 1, "dropout": 0, "activation": "relu", "lr": 0.00031622776601683783, "window_size": 2, "batch_size": 32, "epochs": 5, "kernel_size": 7, "attention_heads": 8}, "parameter_index": 0}
[2026-05-18 15:41:59] INFO (NNIManager) Trial job Rzc2f status changed from RUNNING to SUCCEEDED
[2026-05-18 15:41:59] INFO (NNIManager) NNIManager received command from dispatcher: TR, {"parameter_id": 60, "parameter_source": "algorithm", "parameters": {"model_type": "LSTM", "units": 16, "num_layers": 1, "dropout": 0, "activation": "relu", "lr": 0.00031622776601683783, "window_size": 2, "batch_size": 32, "epochs": 10, "kernel_size": 2, "attention_heads": 2}, "parameter_index": 0}
[2026-05-18 15:42:00] INFO (NNIManager) submitTrialJob: form: {
  sequenceId: 60,
  hyperParameters: {
    value: '{"parameter_id": 60, "parameter_source": "algorithm", "parameters": {"model_type": "LSTM", "units": 16, "num_layers": 1, "dropout": 0, "activation": "relu", "lr": 0.00031622776601683783, "window_size": 2, "batch_size": 32, "epochs": 10, "kernel_size": 2, "attention_heads": 2}, "parameter_index": 0}',
    index: 0
  },
  placementConstraint: { type: 'None', gpus: [] }
}
[2026-05-18 15:42:00] INFO (LocalV3.local) Created trial ajD4c
[2026-05-18 15:42:02] INFO (LocalV3.local) Trial parameter: ajD4c {"parameter_id": 60, "parameter_source": "algorithm", "parameters": {"model_type": "LSTM", "units": 16, "num_layers": 1, "dropout": 0, "activation": "relu", "lr": 0.00031622776601683783, "window_size": 2, "batch_size": 32, "epochs": 10, "kernel_size": 2, "attention_heads": 2}, "parameter_index": 0}
[2026-05-18 15:42:05] INFO (NNIManager) Trial job ajD4c status changed from RUNNING to SUCCEEDED
[2026-05-18 15:42:05] INFO (NNIManager) NNIManager received command from dispatcher: TR, {"parameter_id": 61, "parameter_source": "algorithm", "parameters": {"model_type": "LSTM", "units": 16, "num_layers": 1, "dropout": 0, "activation": "relu", "lr": 0.00031622776601683783, "window_size": 2, "batch_size": 32, "epochs": 10, "kernel_size": 2, "attention_heads": 4}, "parameter_index": 0}
[2026-05-18 15:42:06] INFO (NNIManager) submitTrialJob: form: {
  sequenceId: 61,
  hyperParameters: {
    value: '{"parameter_id": 61, "parameter_source": "algorithm", "parameters": {"model_type": "LSTM", "units": 16, "num_layers": 1, "dropout": 0, "activation": "relu", "lr": 0.00031622776601683783, "window_size": 2, "batch_size": 32, "epochs": 10, "kernel_size": 2, "attention_heads": 4}, "parameter_index": 0}',
    index: 0
  },
  placementConstraint: { type: 'None', gpus: [] }
}
[2026-05-18 15:42:06] INFO (LocalV3.local) Created trial qUbcx
[2026-05-18 15:42:08] INFO (LocalV3.local) Trial parameter: qUbcx {"parameter_id": 61, "parameter_source": "algorithm", "parameters": {"model_type": "LSTM", "units": 16, "num_layers": 1, "dropout": 0, "activation": "relu", "lr": 0.00031622776601683783, "window_size": 2, "batch_size": 32, "epochs": 10, "kernel_size": 2, "attention_heads": 4}, "parameter_index": 0}
[2026-05-18 15:42:11] INFO (NNIManager) Trial job qUbcx status changed from RUNNING to SUCCEEDED
[2026-05-18 15:42:11] INFO (NNIManager) NNIManager received command from dispatcher: TR, {"parameter_id": 62, "parameter_source": "algorithm", "parameters": {"model_type": "LSTM", "units": 16, "num_layers": 1, "dropout": 0, "activation": "relu", "lr": 0.00031622776601683783, "window_size": 2, "batch_size": 32, "epochs": 10, "kernel_size": 2, "attention_heads": 8}, "parameter_index": 0}
[2026-05-18 15:42:12] INFO (NNIManager) submitTrialJob: form: {
  sequenceId: 62,
  hyperParameters: {
    value: '{"parameter_id": 62, "parameter_source": "algorithm", "parameters": {"model_type": "LSTM", "units": 16, "num_layers": 1, "dropout": 0, "activation": "relu", "lr": 0.00031622776601683783, "window_size": 2, "batch_size": 32, "epochs": 10, "kernel_size": 2, "attention_heads": 8}, "parameter_index": 0}',
    index: 0
  },
  placementConstraint: { type: 'None', gpus: [] }
}
[2026-05-18 15:42:12] INFO (LocalV3.local) Created trial KdP7X
[2026-05-18 15:42:14] INFO (LocalV3.local) Trial parameter: KdP7X {"parameter_id": 62, "parameter_source": "algorithm", "parameters": {"model_type": "LSTM", "units": 16, "num_layers": 1, "dropout": 0, "activation": "relu", "lr": 0.00031622776601683783, "window_size": 2, "batch_size": 32, "epochs": 10, "kernel_size": 2, "attention_heads": 8}, "parameter_index": 0}
[2026-05-18 15:42:18] INFO (NNIManager) Trial job KdP7X status changed from RUNNING to SUCCEEDED
[2026-05-18 15:42:18] INFO (NNIManager) NNIManager received command from dispatcher: TR, {"parameter_id": 63, "parameter_source": "algorithm", "parameters": {"model_type": "LSTM", "units": 16, "num_layers": 1, "dropout": 0, "activation": "relu", "lr": 0.00031622776601683783, "window_size": 2, "batch_size": 32, "epochs": 10, "kernel_size": 3, "attention_heads": 2}, "parameter_index": 0}
[2026-05-18 15:42:19] INFO (NNIManager) submitTrialJob: form: {
  sequenceId: 63,
  hyperParameters: {
    value: '{"parameter_id": 63, "parameter_source": "algorithm", "parameters": {"model_type": "LSTM", "units": 16, "num_layers": 1, "dropout": 0, "activation": "relu", "lr": 0.00031622776601683783, "window_size": 2, "batch_size": 32, "epochs": 10, "kernel_size": 3, "attention_heads": 2}, "parameter_index": 0}',
    index: 0
  },
  placementConstraint: { type: 'None', gpus: [] }
}
[2026-05-18 15:42:19] INFO (LocalV3.local) Created trial nSiwT
[2026-05-18 15:42:20] INFO (LocalV3.local) Trial parameter: nSiwT {"parameter_id": 63, "parameter_source": "algorithm", "parameters": {"model_type": "LSTM", "units": 16, "num_layers": 1, "dropout": 0, "activation": "relu", "lr": 0.00031622776601683783, "window_size": 2, "batch_size": 32, "epochs": 10, "kernel_size": 3, "attention_heads": 2}, "parameter_index": 0}
[2026-05-18 15:42:24] INFO (NNIManager) Trial job nSiwT status changed from RUNNING to SUCCEEDED
[2026-05-18 15:42:24] INFO (NNIManager) NNIManager received command from dispatcher: TR, {"parameter_id": 64, "parameter_source": "algorithm", "parameters": {"model_type": "LSTM", "units": 16, "num_layers": 1, "dropout": 0, "activation": "relu", "lr": 0.00031622776601683783, "window_size": 2, "batch_size": 32, "epochs": 10, "kernel_size": 3, "attention_heads": 4}, "parameter_index": 0}
[2026-05-18 15:42:25] INFO (NNIManager) submitTrialJob: form: {
  sequenceId: 64,
  hyperParameters: {
    value: '{"parameter_id": 64, "parameter_source": "algorithm", "parameters": {"model_type": "LSTM", "units": 16, "num_layers": 1, "dropout": 0, "activation": "relu", "lr": 0.00031622776601683783, "window_size": 2, "batch_size": 32, "epochs": 10, "kernel_size": 3, "attention_heads": 4}, "parameter_index": 0}',
    index: 0
  },
  placementConstraint: { type: 'None', gpus: [] }
}
[2026-05-18 15:42:25] INFO (LocalV3.local) Created trial e8Dub
[2026-05-18 15:42:26] INFO (LocalV3.local) Trial parameter: e8Dub {"parameter_id": 64, "parameter_source": "algorithm", "parameters": {"model_type": "LSTM", "units": 16, "num_layers": 1, "dropout": 0, "activation": "relu", "lr": 0.00031622776601683783, "window_size": 2, "batch_size": 32, "epochs": 10, "kernel_size": 3, "attention_heads": 4}, "parameter_index": 0}
[2026-05-18 15:42:31] INFO (NNIManager) Trial job e8Dub status changed from RUNNING to SUCCEEDED
[2026-05-18 15:42:31] INFO (NNIManager) NNIManager received command from dispatcher: TR, {"parameter_id": 65, "parameter_source": "algorithm", "parameters": {"model_type": "LSTM", "units": 16, "num_layers": 1, "dropout": 0, "activation": "relu", "lr": 0.00031622776601683783, "window_size": 2, "batch_size": 32, "epochs": 10, "kernel_size": 3, "attention_heads": 8}, "parameter_index": 0}
[2026-05-18 15:42:31] INFO (NNIManager) submitTrialJob: form: {
  sequenceId: 65,
  hyperParameters: {
    value: '{"parameter_id": 65, "parameter_source": "algorithm", "parameters": {"model_type": "LSTM", "units": 16, "num_layers": 1, "dropout": 0, "activation": "relu", "lr": 0.00031622776601683783, "window_size": 2, "batch_size": 32, "epochs": 10, "kernel_size": 3, "attention_heads": 8}, "parameter_index": 0}',
    index: 0
  },
  placementConstraint: { type: 'None', gpus: [] }
}
[2026-05-18 15:42:31] INFO (LocalV3.local) Created trial cFFsU
[2026-05-18 15:42:33] INFO (LocalV3.local) Trial parameter: cFFsU {"parameter_id": 65, "parameter_source": "algorithm", "parameters": {"model_type": "LSTM", "units": 16, "num_layers": 1, "dropout": 0, "activation": "relu", "lr": 0.00031622776601683783, "window_size": 2, "batch_size": 32, "epochs": 10, "kernel_size": 3, "attention_heads": 8}, "parameter_index": 0}
[2026-05-18 15:42:37] INFO (NNIManager) Trial job cFFsU status changed from RUNNING to SUCCEEDED
[2026-05-18 15:42:37] INFO (NNIManager) NNIManager received command from dispatcher: TR, {"parameter_id": 66, "parameter_source": "algorithm", "parameters": {"model_type": "LSTM", "units": 16, "num_layers": 1, "dropout": 0, "activation": "relu", "lr": 0.00031622776601683783, "window_size": 2, "batch_size": 32, "epochs": 10, "kernel_size": 5, "attention_heads": 2}, "parameter_index": 0}
[2026-05-18 15:42:37] INFO (NNIManager) submitTrialJob: form: {
  sequenceId: 66,
  hyperParameters: {
    value: '{"parameter_id": 66, "parameter_source": "algorithm", "parameters": {"model_type": "LSTM", "units": 16, "num_layers": 1, "dropout": 0, "activation": "relu", "lr": 0.00031622776601683783, "window_size": 2, "batch_size": 32, "epochs": 10, "kernel_size": 5, "attention_heads": 2}, "parameter_index": 0}',
    index: 0
  },
  placementConstraint: { type: 'None', gpus: [] }
}
[2026-05-18 15:42:37] INFO (LocalV3.local) Created trial I8ISY
[2026-05-18 15:42:39] INFO (LocalV3.local) Trial parameter: I8ISY {"parameter_id": 66, "parameter_source": "algorithm", "parameters": {"model_type": "LSTM", "units": 16, "num_layers": 1, "dropout": 0, "activation": "relu", "lr": 0.00031622776601683783, "window_size": 2, "batch_size": 32, "epochs": 10, "kernel_size": 5, "attention_heads": 2}, "parameter_index": 0}
[2026-05-18 15:42:43] INFO (NNIManager) Trial job I8ISY status changed from RUNNING to SUCCEEDED
[2026-05-18 15:42:43] INFO (NNIManager) NNIManager received command from dispatcher: TR, {"parameter_id": 67, "parameter_source": "algorithm", "parameters": {"model_type": "LSTM", "units": 16, "num_layers": 1, "dropout": 0, "activation": "relu", "lr": 0.00031622776601683783, "window_size": 2, "batch_size": 32, "epochs": 10, "kernel_size": 5, "attention_heads": 4}, "parameter_index": 0}
[2026-05-18 15:42:43] INFO (NNIManager) submitTrialJob: form: {
  sequenceId: 67,
  hyperParameters: {
    value: '{"parameter_id": 67, "parameter_source": "algorithm", "parameters": {"model_type": "LSTM", "units": 16, "num_layers": 1, "dropout": 0, "activation": "relu", "lr": 0.00031622776601683783, "window_size": 2, "batch_size": 32, "epochs": 10, "kernel_size": 5, "attention_heads": 4}, "parameter_index": 0}',
    index: 0
  },
  placementConstraint: { type: 'None', gpus: [] }
}
[2026-05-18 15:42:43] INFO (LocalV3.local) Created trial lsIXZ
[2026-05-18 15:42:45] INFO (LocalV3.local) Trial parameter: lsIXZ {"parameter_id": 67, "parameter_source": "algorithm", "parameters": {"model_type": "LSTM", "units": 16, "num_layers": 1, "dropout": 0, "activation": "relu", "lr": 0.00031622776601683783, "window_size": 2, "batch_size": 32, "epochs": 10, "kernel_size": 5, "attention_heads": 4}, "parameter_index": 0}
[2026-05-18 15:42:49] INFO (NNIManager) Trial job lsIXZ status changed from RUNNING to SUCCEEDED
[2026-05-18 15:42:49] INFO (NNIManager) NNIManager received command from dispatcher: TR, {"parameter_id": 68, "parameter_source": "algorithm", "parameters": {"model_type": "LSTM", "units": 16, "num_layers": 1, "dropout": 0, "activation": "relu", "lr": 0.00031622776601683783, "window_size": 2, "batch_size": 32, "epochs": 10, "kernel_size": 5, "attention_heads": 8}, "parameter_index": 0}
[2026-05-18 15:42:49] INFO (NNIManager) submitTrialJob: form: {
  sequenceId: 68,
  hyperParameters: {
    value: '{"parameter_id": 68, "parameter_source": "algorithm", "parameters": {"model_type": "LSTM", "units": 16, "num_layers": 1, "dropout": 0, "activation": "relu", "lr": 0.00031622776601683783, "window_size": 2, "batch_size": 32, "epochs": 10, "kernel_size": 5, "attention_heads": 8}, "parameter_index": 0}',
    index: 0
  },
  placementConstraint: { type: 'None', gpus: [] }
}
[2026-05-18 15:42:49] INFO (LocalV3.local) Created trial SCosj
[2026-05-18 15:42:51] INFO (LocalV3.local) Trial parameter: SCosj {"parameter_id": 68, "parameter_source": "algorithm", "parameters": {"model_type": "LSTM", "units": 16, "num_layers": 1, "dropout": 0, "activation": "relu", "lr": 0.00031622776601683783, "window_size": 2, "batch_size": 32, "epochs": 10, "kernel_size": 5, "attention_heads": 8}, "parameter_index": 0}
[2026-05-18 15:42:55] INFO (NNIManager) Trial job SCosj status changed from RUNNING to SUCCEEDED
[2026-05-18 15:42:55] INFO (NNIManager) NNIManager received command from dispatcher: TR, {"parameter_id": 69, "parameter_source": "algorithm", "parameters": {"model_type": "LSTM", "units": 16, "num_layers": 1, "dropout": 0, "activation": "relu", "lr": 0.00031622776601683783, "window_size": 2, "batch_size": 32, "epochs": 10, "kernel_size": 7, "attention_heads": 2}, "parameter_index": 0}
[2026-05-18 15:42:56] INFO (NNIManager) submitTrialJob: form: {
  sequenceId: 69,
  hyperParameters: {
    value: '{"parameter_id": 69, "parameter_source": "algorithm", "parameters": {"model_type": "LSTM", "units": 16, "num_layers": 1, "dropout": 0, "activation": "relu", "lr": 0.00031622776601683783, "window_size": 2, "batch_size": 32, "epochs": 10, "kernel_size": 7, "attention_heads": 2}, "parameter_index": 0}',
    index: 0
  },
  placementConstraint: { type: 'None', gpus: [] }
}
[2026-05-18 15:42:56] INFO (LocalV3.local) Created trial BRbbK
[2026-05-18 15:42:57] INFO (LocalV3.local) Trial parameter: BRbbK {"parameter_id": 69, "parameter_source": "algorithm", "parameters": {"model_type": "LSTM", "units": 16, "num_layers": 1, "dropout": 0, "activation": "relu", "lr": 0.00031622776601683783, "window_size": 2, "batch_size": 32, "epochs": 10, "kernel_size": 7, "attention_heads": 2}, "parameter_index": 0}
[2026-05-18 15:43:02] INFO (NNIManager) Trial job BRbbK status changed from RUNNING to SUCCEEDED
[2026-05-18 15:43:02] INFO (NNIManager) NNIManager received command from dispatcher: TR, {"parameter_id": 70, "parameter_source": "algorithm", "parameters": {"model_type": "LSTM", "units": 16, "num_layers": 1, "dropout": 0, "activation": "relu", "lr": 0.00031622776601683783, "window_size": 2, "batch_size": 32, "epochs": 10, "kernel_size": 7, "attention_heads": 4}, "parameter_index": 0}
[2026-05-18 15:43:02] INFO (NNIManager) submitTrialJob: form: {
  sequenceId: 70,
  hyperParameters: {
    value: '{"parameter_id": 70, "parameter_source": "algorithm", "parameters": {"model_type": "LSTM", "units": 16, "num_layers": 1, "dropout": 0, "activation": "relu", "lr": 0.00031622776601683783, "window_size": 2, "batch_size": 32, "epochs": 10, "kernel_size": 7, "attention_heads": 4}, "parameter_index": 0}',
    index: 0
  },
  placementConstraint: { type: 'None', gpus: [] }
}
[2026-05-18 15:43:02] INFO (LocalV3.local) Created trial P2qlg
[2026-05-18 15:43:04] INFO (LocalV3.local) Trial parameter: P2qlg {"parameter_id": 70, "parameter_source": "algorithm", "parameters": {"model_type": "LSTM", "units": 16, "num_layers": 1, "dropout": 0, "activation": "relu", "lr": 0.00031622776601683783, "window_size": 2, "batch_size": 32, "epochs": 10, "kernel_size": 7, "attention_heads": 4}, "parameter_index": 0}
[2026-05-18 15:43:08] INFO (NNIManager) Trial job P2qlg status changed from RUNNING to SUCCEEDED
[2026-05-18 15:43:08] INFO (NNIManager) NNIManager received command from dispatcher: TR, {"parameter_id": 71, "parameter_source": "algorithm", "parameters": {"model_type": "LSTM", "units": 16, "num_layers": 1, "dropout": 0, "activation": "relu", "lr": 0.00031622776601683783, "window_size": 2, "batch_size": 32, "epochs": 10, "kernel_size": 7, "attention_heads": 8}, "parameter_index": 0}
[2026-05-18 15:43:08] INFO (NNIManager) submitTrialJob: form: {
  sequenceId: 71,
  hyperParameters: {
    value: '{"parameter_id": 71, "parameter_source": "algorithm", "parameters": {"model_type": "LSTM", "units": 16, "num_layers": 1, "dropout": 0, "activation": "relu", "lr": 0.00031622776601683783, "window_size": 2, "batch_size": 32, "epochs": 10, "kernel_size": 7, "attention_heads": 8}, "parameter_index": 0}',
    index: 0
  },
  placementConstraint: { type: 'None', gpus: [] }
}
[2026-05-18 15:43:08] INFO (LocalV3.local) Created trial i0Woa
[2026-05-18 15:43:10] INFO (LocalV3.local) Trial parameter: i0Woa {"parameter_id": 71, "parameter_source": "algorithm", "parameters": {"model_type": "LSTM", "units": 16, "num_layers": 1, "dropout": 0, "activation": "relu", "lr": 0.00031622776601683783, "window_size": 2, "batch_size": 32, "epochs": 10, "kernel_size": 7, "attention_heads": 8}, "parameter_index": 0}
[2026-05-18 15:43:14] INFO (NNIManager) Trial job i0Woa status changed from RUNNING to SUCCEEDED
[2026-05-18 15:43:14] INFO (NNIManager) NNIManager received command from dispatcher: TR, {"parameter_id": 72, "parameter_source": "algorithm", "parameters": {"model_type": "LSTM", "units": 16, "num_layers": 1, "dropout": 0, "activation": "relu", "lr": 0.00031622776601683783, "window_size": 2, "batch_size": 32, "epochs": 15, "kernel_size": 2, "attention_heads": 2}, "parameter_index": 0}
[2026-05-18 15:43:15] INFO (NNIManager) submitTrialJob: form: {
  sequenceId: 72,
  hyperParameters: {
    value: '{"parameter_id": 72, "parameter_source": "algorithm", "parameters": {"model_type": "LSTM", "units": 16, "num_layers": 1, "dropout": 0, "activation": "relu", "lr": 0.00031622776601683783, "window_size": 2, "batch_size": 32, "epochs": 15, "kernel_size": 2, "attention_heads": 2}, "parameter_index": 0}',
    index: 0
  },
  placementConstraint: { type: 'None', gpus: [] }
}
[2026-05-18 15:43:15] INFO (LocalV3.local) Created trial buURH
[2026-05-18 15:43:17] INFO (LocalV3.local) Trial parameter: buURH {"parameter_id": 72, "parameter_source": "algorithm", "parameters": {"model_type": "LSTM", "units": 16, "num_layers": 1, "dropout": 0, "activation": "relu", "lr": 0.00031622776601683783, "window_size": 2, "batch_size": 32, "epochs": 15, "kernel_size": 2, "attention_heads": 2}, "parameter_index": 0}
[2026-05-18 15:43:21] INFO (NNIManager) Trial job buURH status changed from RUNNING to SUCCEEDED
[2026-05-18 15:43:21] INFO (NNIManager) NNIManager received command from dispatcher: TR, {"parameter_id": 73, "parameter_source": "algorithm", "parameters": {"model_type": "LSTM", "units": 16, "num_layers": 1, "dropout": 0, "activation": "relu", "lr": 0.00031622776601683783, "window_size": 2, "batch_size": 32, "epochs": 15, "kernel_size": 2, "attention_heads": 4}, "parameter_index": 0}
[2026-05-18 15:43:21] INFO (NNIManager) submitTrialJob: form: {
  sequenceId: 73,
  hyperParameters: {
    value: '{"parameter_id": 73, "parameter_source": "algorithm", "parameters": {"model_type": "LSTM", "units": 16, "num_layers": 1, "dropout": 0, "activation": "relu", "lr": 0.00031622776601683783, "window_size": 2, "batch_size": 32, "epochs": 15, "kernel_size": 2, "attention_heads": 4}, "parameter_index": 0}',
    index: 0
  },
  placementConstraint: { type: 'None', gpus: [] }
}
[2026-05-18 15:43:21] INFO (LocalV3.local) Created trial BswY4
[2026-05-18 15:43:23] INFO (LocalV3.local) Trial parameter: BswY4 {"parameter_id": 73, "parameter_source": "algorithm", "parameters": {"model_type": "LSTM", "units": 16, "num_layers": 1, "dropout": 0, "activation": "relu", "lr": 0.00031622776601683783, "window_size": 2, "batch_size": 32, "epochs": 15, "kernel_size": 2, "attention_heads": 4}, "parameter_index": 0}
[2026-05-18 15:43:28] INFO (NNIManager) Trial job BswY4 status changed from RUNNING to SUCCEEDED
[2026-05-18 15:43:28] INFO (NNIManager) NNIManager received command from dispatcher: TR, {"parameter_id": 74, "parameter_source": "algorithm", "parameters": {"model_type": "LSTM", "units": 16, "num_layers": 1, "dropout": 0, "activation": "relu", "lr": 0.00031622776601683783, "window_size": 2, "batch_size": 32, "epochs": 15, "kernel_size": 2, "attention_heads": 8}, "parameter_index": 0}
[2026-05-18 15:43:28] INFO (NNIManager) submitTrialJob: form: {
  sequenceId: 74,
  hyperParameters: {
    value: '{"parameter_id": 74, "parameter_source": "algorithm", "parameters": {"model_type": "LSTM", "units": 16, "num_layers": 1, "dropout": 0, "activation": "relu", "lr": 0.00031622776601683783, "window_size": 2, "batch_size": 32, "epochs": 15, "kernel_size": 2, "attention_heads": 8}, "parameter_index": 0}',
    index: 0
  },
  placementConstraint: { type: 'None', gpus: [] }
}
[2026-05-18 15:43:28] INFO (LocalV3.local) Created trial HPzr1
[2026-05-18 15:43:30] INFO (LocalV3.local) Trial parameter: HPzr1 {"parameter_id": 74, "parameter_source": "algorithm", "parameters": {"model_type": "LSTM", "units": 16, "num_layers": 1, "dropout": 0, "activation": "relu", "lr": 0.00031622776601683783, "window_size": 2, "batch_size": 32, "epochs": 15, "kernel_size": 2, "attention_heads": 8}, "parameter_index": 0}
[2026-05-18 15:43:35] INFO (NNIManager) Trial job HPzr1 status changed from RUNNING to SUCCEEDED
[2026-05-18 15:43:35] INFO (NNIManager) NNIManager received command from dispatcher: TR, {"parameter_id": 75, "parameter_source": "algorithm", "parameters": {"model_type": "LSTM", "units": 16, "num_layers": 1, "dropout": 0, "activation": "relu", "lr": 0.00031622776601683783, "window_size": 2, "batch_size": 32, "epochs": 15, "kernel_size": 3, "attention_heads": 2}, "parameter_index": 0}
[2026-05-18 15:43:35] INFO (NNIManager) submitTrialJob: form: {
  sequenceId: 75,
  hyperParameters: {
    value: '{"parameter_id": 75, "parameter_source": "algorithm", "parameters": {"model_type": "LSTM", "units": 16, "num_layers": 1, "dropout": 0, "activation": "relu", "lr": 0.00031622776601683783, "window_size": 2, "batch_size": 32, "epochs": 15, "kernel_size": 3, "attention_heads": 2}, "parameter_index": 0}',
    index: 0
  },
  placementConstraint: { type: 'None', gpus: [] }
}
[2026-05-18 15:43:35] INFO (LocalV3.local) Created trial zr62M
[2026-05-18 15:43:37] INFO (LocalV3.local) Trial parameter: zr62M {"parameter_id": 75, "parameter_source": "algorithm", "parameters": {"model_type": "LSTM", "units": 16, "num_layers": 1, "dropout": 0, "activation": "relu", "lr": 0.00031622776601683783, "window_size": 2, "batch_size": 32, "epochs": 15, "kernel_size": 3, "attention_heads": 2}, "parameter_index": 0}
[2026-05-18 15:43:42] INFO (NNIManager) Trial job zr62M status changed from RUNNING to SUCCEEDED
[2026-05-18 15:43:42] INFO (NNIManager) NNIManager received command from dispatcher: TR, {"parameter_id": 76, "parameter_source": "algorithm", "parameters": {"model_type": "LSTM", "units": 16, "num_layers": 1, "dropout": 0, "activation": "relu", "lr": 0.00031622776601683783, "window_size": 2, "batch_size": 32, "epochs": 15, "kernel_size": 3, "attention_heads": 4}, "parameter_index": 0}
[2026-05-18 15:43:42] INFO (NNIManager) submitTrialJob: form: {
  sequenceId: 76,
  hyperParameters: {
    value: '{"parameter_id": 76, "parameter_source": "algorithm", "parameters": {"model_type": "LSTM", "units": 16, "num_layers": 1, "dropout": 0, "activation": "relu", "lr": 0.00031622776601683783, "window_size": 2, "batch_size": 32, "epochs": 15, "kernel_size": 3, "attention_heads": 4}, "parameter_index": 0}',
    index: 0
  },
  placementConstraint: { type: 'None', gpus: [] }
}
[2026-05-18 15:43:42] INFO (LocalV3.local) Created trial EwCLe
[2026-05-18 15:43:44] INFO (LocalV3.local) Trial parameter: EwCLe {"parameter_id": 76, "parameter_source": "algorithm", "parameters": {"model_type": "LSTM", "units": 16, "num_layers": 1, "dropout": 0, "activation": "relu", "lr": 0.00031622776601683783, "window_size": 2, "batch_size": 32, "epochs": 15, "kernel_size": 3, "attention_heads": 4}, "parameter_index": 0}
[2026-05-18 15:43:50] INFO (NNIManager) Trial job EwCLe status changed from RUNNING to SUCCEEDED
[2026-05-18 15:43:50] INFO (NNIManager) NNIManager received command from dispatcher: TR, {"parameter_id": 77, "parameter_source": "algorithm", "parameters": {"model_type": "LSTM", "units": 16, "num_layers": 1, "dropout": 0, "activation": "relu", "lr": 0.00031622776601683783, "window_size": 2, "batch_size": 32, "epochs": 15, "kernel_size": 3, "attention_heads": 8}, "parameter_index": 0}
[2026-05-18 15:43:50] INFO (NNIManager) submitTrialJob: form: {
  sequenceId: 77,
  hyperParameters: {
    value: '{"parameter_id": 77, "parameter_source": "algorithm", "parameters": {"model_type": "LSTM", "units": 16, "num_layers": 1, "dropout": 0, "activation": "relu", "lr": 0.00031622776601683783, "window_size": 2, "batch_size": 32, "epochs": 15, "kernel_size": 3, "attention_heads": 8}, "parameter_index": 0}',
    index: 0
  },
  placementConstraint: { type: 'None', gpus: [] }
}
[2026-05-18 15:43:50] INFO (LocalV3.local) Created trial jGrta
[2026-05-18 15:43:52] INFO (LocalV3.local) Trial parameter: jGrta {"parameter_id": 77, "parameter_source": "algorithm", "parameters": {"model_type": "LSTM", "units": 16, "num_layers": 1, "dropout": 0, "activation": "relu", "lr": 0.00031622776601683783, "window_size": 2, "batch_size": 32, "epochs": 15, "kernel_size": 3, "attention_heads": 8}, "parameter_index": 0}
[2026-05-18 15:43:58] INFO (NNIManager) Trial job jGrta status changed from RUNNING to SUCCEEDED
[2026-05-18 15:43:58] INFO (NNIManager) NNIManager received command from dispatcher: TR, {"parameter_id": 78, "parameter_source": "algorithm", "parameters": {"model_type": "LSTM", "units": 16, "num_layers": 1, "dropout": 0, "activation": "relu", "lr": 0.00031622776601683783, "window_size": 2, "batch_size": 32, "epochs": 15, "kernel_size": 5, "attention_heads": 2}, "parameter_index": 0}
[2026-05-18 15:43:58] INFO (NNIManager) submitTrialJob: form: {
  sequenceId: 78,
  hyperParameters: {
    value: '{"parameter_id": 78, "parameter_source": "algorithm", "parameters": {"model_type": "LSTM", "units": 16, "num_layers": 1, "dropout": 0, "activation": "relu", "lr": 0.00031622776601683783, "window_size": 2, "batch_size": 32, "epochs": 15, "kernel_size": 5, "attention_heads": 2}, "parameter_index": 0}',
    index: 0
  },
  placementConstraint: { type: 'None', gpus: [] }
}
[2026-05-18 15:43:58] INFO (LocalV3.local) Created trial GlUfA
[2026-05-18 15:44:00] INFO (LocalV3.local) Trial parameter: GlUfA {"parameter_id": 78, "parameter_source": "algorithm", "parameters": {"model_type": "LSTM", "units": 16, "num_layers": 1, "dropout": 0, "activation": "relu", "lr": 0.00031622776601683783, "window_size": 2, "batch_size": 32, "epochs": 15, "kernel_size": 5, "attention_heads": 2}, "parameter_index": 0}
[2026-05-18 15:44:05] INFO (NNIManager) Trial job GlUfA status changed from RUNNING to SUCCEEDED
[2026-05-18 15:44:05] INFO (NNIManager) NNIManager received command from dispatcher: TR, {"parameter_id": 79, "parameter_source": "algorithm", "parameters": {"model_type": "LSTM", "units": 16, "num_layers": 1, "dropout": 0, "activation": "relu", "lr": 0.00031622776601683783, "window_size": 2, "batch_size": 32, "epochs": 15, "kernel_size": 5, "attention_heads": 4}, "parameter_index": 0}
[2026-05-18 15:44:06] INFO (NNIManager) submitTrialJob: form: {
  sequenceId: 79,
  hyperParameters: {
    value: '{"parameter_id": 79, "parameter_source": "algorithm", "parameters": {"model_type": "LSTM", "units": 16, "num_layers": 1, "dropout": 0, "activation": "relu", "lr": 0.00031622776601683783, "window_size": 2, "batch_size": 32, "epochs": 15, "kernel_size": 5, "attention_heads": 4}, "parameter_index": 0}',
    index: 0
  },
  placementConstraint: { type: 'None', gpus: [] }
}
[2026-05-18 15:44:06] INFO (LocalV3.local) Created trial BJNII
[2026-05-18 15:44:08] INFO (LocalV3.local) Trial parameter: BJNII {"parameter_id": 79, "parameter_source": "algorithm", "parameters": {"model_type": "LSTM", "units": 16, "num_layers": 1, "dropout": 0, "activation": "relu", "lr": 0.00031622776601683783, "window_size": 2, "batch_size": 32, "epochs": 15, "kernel_size": 5, "attention_heads": 4}, "parameter_index": 0}
[2026-05-18 15:44:13] INFO (NNIManager) Trial job BJNII status changed from RUNNING to SUCCEEDED
[2026-05-18 15:44:13] INFO (NNIManager) NNIManager received command from dispatcher: TR, {"parameter_id": 80, "parameter_source": "algorithm", "parameters": {"model_type": "LSTM", "units": 16, "num_layers": 1, "dropout": 0, "activation": "relu", "lr": 0.00031622776601683783, "window_size": 2, "batch_size": 32, "epochs": 15, "kernel_size": 5, "attention_heads": 8}, "parameter_index": 0}
[2026-05-18 15:44:14] INFO (NNIManager) submitTrialJob: form: {
  sequenceId: 80,
  hyperParameters: {
    value: '{"parameter_id": 80, "parameter_source": "algorithm", "parameters": {"model_type": "LSTM", "units": 16, "num_layers": 1, "dropout": 0, "activation": "relu", "lr": 0.00031622776601683783, "window_size": 2, "batch_size": 32, "epochs": 15, "kernel_size": 5, "attention_heads": 8}, "parameter_index": 0}',
    index: 0
  },
  placementConstraint: { type: 'None', gpus: [] }
}
[2026-05-18 15:44:14] INFO (LocalV3.local) Created trial AFG2S
[2026-05-18 15:44:15] INFO (LocalV3.local) Trial parameter: AFG2S {"parameter_id": 80, "parameter_source": "algorithm", "parameters": {"model_type": "LSTM", "units": 16, "num_layers": 1, "dropout": 0, "activation": "relu", "lr": 0.00031622776601683783, "window_size": 2, "batch_size": 32, "epochs": 15, "kernel_size": 5, "attention_heads": 8}, "parameter_index": 0}
[2026-05-18 15:44:21] INFO (NNIManager) Trial job AFG2S status changed from RUNNING to SUCCEEDED
[2026-05-18 15:44:21] INFO (NNIManager) NNIManager received command from dispatcher: TR, {"parameter_id": 81, "parameter_source": "algorithm", "parameters": {"model_type": "LSTM", "units": 16, "num_layers": 1, "dropout": 0, "activation": "relu", "lr": 0.00031622776601683783, "window_size": 2, "batch_size": 32, "epochs": 15, "kernel_size": 7, "attention_heads": 2}, "parameter_index": 0}
[2026-05-18 15:44:21] INFO (NNIManager) submitTrialJob: form: {
  sequenceId: 81,
  hyperParameters: {
    value: '{"parameter_id": 81, "parameter_source": "algorithm", "parameters": {"model_type": "LSTM", "units": 16, "num_layers": 1, "dropout": 0, "activation": "relu", "lr": 0.00031622776601683783, "window_size": 2, "batch_size": 32, "epochs": 15, "kernel_size": 7, "attention_heads": 2}, "parameter_index": 0}',
    index: 0
  },
  placementConstraint: { type: 'None', gpus: [] }
}
[2026-05-18 15:44:21] INFO (LocalV3.local) Created trial lCrdT
[2026-05-18 15:44:23] INFO (LocalV3.local) Trial parameter: lCrdT {"parameter_id": 81, "parameter_source": "algorithm", "parameters": {"model_type": "LSTM", "units": 16, "num_layers": 1, "dropout": 0, "activation": "relu", "lr": 0.00031622776601683783, "window_size": 2, "batch_size": 32, "epochs": 15, "kernel_size": 7, "attention_heads": 2}, "parameter_index": 0}
[2026-05-18 15:44:28] INFO (NNIManager) Trial job lCrdT status changed from RUNNING to SUCCEEDED
[2026-05-18 15:44:28] INFO (NNIManager) NNIManager received command from dispatcher: TR, {"parameter_id": 82, "parameter_source": "algorithm", "parameters": {"model_type": "LSTM", "units": 16, "num_layers": 1, "dropout": 0, "activation": "relu", "lr": 0.00031622776601683783, "window_size": 2, "batch_size": 32, "epochs": 15, "kernel_size": 7, "attention_heads": 4}, "parameter_index": 0}
[2026-05-18 15:44:28] INFO (NNIManager) submitTrialJob: form: {
  sequenceId: 82,
  hyperParameters: {
    value: '{"parameter_id": 82, "parameter_source": "algorithm", "parameters": {"model_type": "LSTM", "units": 16, "num_layers": 1, "dropout": 0, "activation": "relu", "lr": 0.00031622776601683783, "window_size": 2, "batch_size": 32, "epochs": 15, "kernel_size": 7, "attention_heads": 4}, "parameter_index": 0}',
    index: 0
  },
  placementConstraint: { type: 'None', gpus: [] }
}
[2026-05-18 15:44:28] INFO (LocalV3.local) Created trial bLadx
[2026-05-18 15:44:30] INFO (LocalV3.local) Trial parameter: bLadx {"parameter_id": 82, "parameter_source": "algorithm", "parameters": {"model_type": "LSTM", "units": 16, "num_layers": 1, "dropout": 0, "activation": "relu", "lr": 0.00031622776601683783, "window_size": 2, "batch_size": 32, "epochs": 15, "kernel_size": 7, "attention_heads": 4}, "parameter_index": 0}
[2026-05-18 15:44:35] INFO (NNIManager) Trial job bLadx status changed from RUNNING to SUCCEEDED
[2026-05-18 15:44:35] INFO (NNIManager) NNIManager received command from dispatcher: TR, {"parameter_id": 83, "parameter_source": "algorithm", "parameters": {"model_type": "LSTM", "units": 16, "num_layers": 1, "dropout": 0, "activation": "relu", "lr": 0.00031622776601683783, "window_size": 2, "batch_size": 32, "epochs": 15, "kernel_size": 7, "attention_heads": 8}, "parameter_index": 0}
[2026-05-18 15:44:35] INFO (NNIManager) submitTrialJob: form: {
  sequenceId: 83,
  hyperParameters: {
    value: '{"parameter_id": 83, "parameter_source": "algorithm", "parameters": {"model_type": "LSTM", "units": 16, "num_layers": 1, "dropout": 0, "activation": "relu", "lr": 0.00031622776601683783, "window_size": 2, "batch_size": 32, "epochs": 15, "kernel_size": 7, "attention_heads": 8}, "parameter_index": 0}',
    index: 0
  },
  placementConstraint: { type: 'None', gpus: [] }
}
[2026-05-18 15:44:35] INFO (LocalV3.local) Created trial ic5Ms
[2026-05-18 15:44:37] INFO (LocalV3.local) Trial parameter: ic5Ms {"parameter_id": 83, "parameter_source": "algorithm", "parameters": {"model_type": "LSTM", "units": 16, "num_layers": 1, "dropout": 0, "activation": "relu", "lr": 0.00031622776601683783, "window_size": 2, "batch_size": 32, "epochs": 15, "kernel_size": 7, "attention_heads": 8}, "parameter_index": 0}
[2026-05-18 15:44:42] INFO (NNIManager) Trial job ic5Ms status changed from RUNNING to SUCCEEDED
[2026-05-18 15:44:42] INFO (NNIManager) NNIManager received command from dispatcher: TR, {"parameter_id": 84, "parameter_source": "algorithm", "parameters": {"model_type": "LSTM", "units": 16, "num_layers": 1, "dropout": 0, "activation": "relu", "lr": 0.00031622776601683783, "window_size": 2, "batch_size": 32, "epochs": 20, "kernel_size": 2, "attention_heads": 2}, "parameter_index": 0}
[2026-05-18 15:44:42] INFO (NNIManager) submitTrialJob: form: {
  sequenceId: 84,
  hyperParameters: {
    value: '{"parameter_id": 84, "parameter_source": "algorithm", "parameters": {"model_type": "LSTM", "units": 16, "num_layers": 1, "dropout": 0, "activation": "relu", "lr": 0.00031622776601683783, "window_size": 2, "batch_size": 32, "epochs": 20, "kernel_size": 2, "attention_heads": 2}, "parameter_index": 0}',
    index: 0
  },
  placementConstraint: { type: 'None', gpus: [] }
}
[2026-05-18 15:44:42] INFO (LocalV3.local) Created trial SQ99f
[2026-05-18 15:44:44] INFO (LocalV3.local) Trial parameter: SQ99f {"parameter_id": 84, "parameter_source": "algorithm", "parameters": {"model_type": "LSTM", "units": 16, "num_layers": 1, "dropout": 0, "activation": "relu", "lr": 0.00031622776601683783, "window_size": 2, "batch_size": 32, "epochs": 20, "kernel_size": 2, "attention_heads": 2}, "parameter_index": 0}
[2026-05-18 15:44:50] INFO (NNIManager) Trial job SQ99f status changed from RUNNING to SUCCEEDED
[2026-05-18 15:44:50] INFO (NNIManager) NNIManager received command from dispatcher: TR, {"parameter_id": 85, "parameter_source": "algorithm", "parameters": {"model_type": "LSTM", "units": 16, "num_layers": 1, "dropout": 0, "activation": "relu", "lr": 0.00031622776601683783, "window_size": 2, "batch_size": 32, "epochs": 20, "kernel_size": 2, "attention_heads": 4}, "parameter_index": 0}
[2026-05-18 15:44:50] INFO (NNIManager) submitTrialJob: form: {
  sequenceId: 85,
  hyperParameters: {
    value: '{"parameter_id": 85, "parameter_source": "algorithm", "parameters": {"model_type": "LSTM", "units": 16, "num_layers": 1, "dropout": 0, "activation": "relu", "lr": 0.00031622776601683783, "window_size": 2, "batch_size": 32, "epochs": 20, "kernel_size": 2, "attention_heads": 4}, "parameter_index": 0}',
    index: 0
  },
  placementConstraint: { type: 'None', gpus: [] }
}
[2026-05-18 15:44:50] INFO (LocalV3.local) Created trial dQYdb
[2026-05-18 15:44:52] INFO (LocalV3.local) Trial parameter: dQYdb {"parameter_id": 85, "parameter_source": "algorithm", "parameters": {"model_type": "LSTM", "units": 16, "num_layers": 1, "dropout": 0, "activation": "relu", "lr": 0.00031622776601683783, "window_size": 2, "batch_size": 32, "epochs": 20, "kernel_size": 2, "attention_heads": 4}, "parameter_index": 0}
[2026-05-18 15:44:58] INFO (NNIManager) Trial job dQYdb status changed from RUNNING to SUCCEEDED
[2026-05-18 15:44:58] INFO (NNIManager) NNIManager received command from dispatcher: TR, {"parameter_id": 86, "parameter_source": "algorithm", "parameters": {"model_type": "LSTM", "units": 16, "num_layers": 1, "dropout": 0, "activation": "relu", "lr": 0.00031622776601683783, "window_size": 2, "batch_size": 32, "epochs": 20, "kernel_size": 2, "attention_heads": 8}, "parameter_index": 0}
[2026-05-18 15:44:59] INFO (NNIManager) submitTrialJob: form: {
  sequenceId: 86,
  hyperParameters: {
    value: '{"parameter_id": 86, "parameter_source": "algorithm", "parameters": {"model_type": "LSTM", "units": 16, "num_layers": 1, "dropout": 0, "activation": "relu", "lr": 0.00031622776601683783, "window_size": 2, "batch_size": 32, "epochs": 20, "kernel_size": 2, "attention_heads": 8}, "parameter_index": 0}',
    index: 0
  },
  placementConstraint: { type: 'None', gpus: [] }
}
[2026-05-18 15:44:59] INFO (LocalV3.local) Created trial zTEjV
[2026-05-18 15:45:01] INFO (LocalV3.local) Trial parameter: zTEjV {"parameter_id": 86, "parameter_source": "algorithm", "parameters": {"model_type": "LSTM", "units": 16, "num_layers": 1, "dropout": 0, "activation": "relu", "lr": 0.00031622776601683783, "window_size": 2, "batch_size": 32, "epochs": 20, "kernel_size": 2, "attention_heads": 8}, "parameter_index": 0}
[2026-05-18 15:45:06] INFO (NNIManager) Trial job zTEjV status changed from RUNNING to SUCCEEDED
[2026-05-18 15:45:06] INFO (NNIManager) NNIManager received command from dispatcher: TR, {"parameter_id": 87, "parameter_source": "algorithm", "parameters": {"model_type": "LSTM", "units": 16, "num_layers": 1, "dropout": 0, "activation": "relu", "lr": 0.00031622776601683783, "window_size": 2, "batch_size": 32, "epochs": 20, "kernel_size": 3, "attention_heads": 2}, "parameter_index": 0}
[2026-05-18 15:45:07] INFO (NNIManager) submitTrialJob: form: {
  sequenceId: 87,
  hyperParameters: {
    value: '{"parameter_id": 87, "parameter_source": "algorithm", "parameters": {"model_type": "LSTM", "units": 16, "num_layers": 1, "dropout": 0, "activation": "relu", "lr": 0.00031622776601683783, "window_size": 2, "batch_size": 32, "epochs": 20, "kernel_size": 3, "attention_heads": 2}, "parameter_index": 0}',
    index: 0
  },
  placementConstraint: { type: 'None', gpus: [] }
}
[2026-05-18 15:45:07] INFO (LocalV3.local) Created trial OGZOG
[2026-05-18 15:45:09] INFO (LocalV3.local) Trial parameter: OGZOG {"parameter_id": 87, "parameter_source": "algorithm", "parameters": {"model_type": "LSTM", "units": 16, "num_layers": 1, "dropout": 0, "activation": "relu", "lr": 0.00031622776601683783, "window_size": 2, "batch_size": 32, "epochs": 20, "kernel_size": 3, "attention_heads": 2}, "parameter_index": 0}
[2026-05-18 15:45:14] INFO (NNIManager) Trial job OGZOG status changed from RUNNING to SUCCEEDED
[2026-05-18 15:45:14] INFO (NNIManager) NNIManager received command from dispatcher: TR, {"parameter_id": 88, "parameter_source": "algorithm", "parameters": {"model_type": "LSTM", "units": 16, "num_layers": 1, "dropout": 0, "activation": "relu", "lr": 0.00031622776601683783, "window_size": 2, "batch_size": 32, "epochs": 20, "kernel_size": 3, "attention_heads": 4}, "parameter_index": 0}
[2026-05-18 15:45:15] INFO (NNIManager) submitTrialJob: form: {
  sequenceId: 88,
  hyperParameters: {
    value: '{"parameter_id": 88, "parameter_source": "algorithm", "parameters": {"model_type": "LSTM", "units": 16, "num_layers": 1, "dropout": 0, "activation": "relu", "lr": 0.00031622776601683783, "window_size": 2, "batch_size": 32, "epochs": 20, "kernel_size": 3, "attention_heads": 4}, "parameter_index": 0}',
    index: 0
  },
  placementConstraint: { type: 'None', gpus: [] }
}
[2026-05-18 15:45:15] INFO (LocalV3.local) Created trial zT8sZ
[2026-05-18 15:45:17] INFO (LocalV3.local) Trial parameter: zT8sZ {"parameter_id": 88, "parameter_source": "algorithm", "parameters": {"model_type": "LSTM", "units": 16, "num_layers": 1, "dropout": 0, "activation": "relu", "lr": 0.00031622776601683783, "window_size": 2, "batch_size": 32, "epochs": 20, "kernel_size": 3, "attention_heads": 4}, "parameter_index": 0}
[2026-05-18 15:45:22] INFO (NNIManager) Trial job zT8sZ status changed from RUNNING to SUCCEEDED
[2026-05-18 15:45:22] INFO (NNIManager) NNIManager received command from dispatcher: TR, {"parameter_id": 89, "parameter_source": "algorithm", "parameters": {"model_type": "LSTM", "units": 16, "num_layers": 1, "dropout": 0, "activation": "relu", "lr": 0.00031622776601683783, "window_size": 2, "batch_size": 32, "epochs": 20, "kernel_size": 3, "attention_heads": 8}, "parameter_index": 0}
[2026-05-18 15:45:22] INFO (NNIManager) submitTrialJob: form: {
  sequenceId: 89,
  hyperParameters: {
    value: '{"parameter_id": 89, "parameter_source": "algorithm", "parameters": {"model_type": "LSTM", "units": 16, "num_layers": 1, "dropout": 0, "activation": "relu", "lr": 0.00031622776601683783, "window_size": 2, "batch_size": 32, "epochs": 20, "kernel_size": 3, "attention_heads": 8}, "parameter_index": 0}',
    index: 0
  },
  placementConstraint: { type: 'None', gpus: [] }
}
[2026-05-18 15:45:22] INFO (LocalV3.local) Created trial HIV7C
[2026-05-18 15:45:24] INFO (LocalV3.local) Trial parameter: HIV7C {"parameter_id": 89, "parameter_source": "algorithm", "parameters": {"model_type": "LSTM", "units": 16, "num_layers": 1, "dropout": 0, "activation": "relu", "lr": 0.00031622776601683783, "window_size": 2, "batch_size": 32, "epochs": 20, "kernel_size": 3, "attention_heads": 8}, "parameter_index": 0}
[2026-05-18 15:45:30] INFO (NNIManager) Trial job HIV7C status changed from RUNNING to SUCCEEDED
[2026-05-18 15:45:30] INFO (NNIManager) NNIManager received command from dispatcher: TR, {"parameter_id": 90, "parameter_source": "algorithm", "parameters": {"model_type": "LSTM", "units": 16, "num_layers": 1, "dropout": 0, "activation": "relu", "lr": 0.00031622776601683783, "window_size": 2, "batch_size": 32, "epochs": 20, "kernel_size": 5, "attention_heads": 2}, "parameter_index": 0}
[2026-05-18 15:45:30] INFO (NNIManager) submitTrialJob: form: {
  sequenceId: 90,
  hyperParameters: {
    value: '{"parameter_id": 90, "parameter_source": "algorithm", "parameters": {"model_type": "LSTM", "units": 16, "num_layers": 1, "dropout": 0, "activation": "relu", "lr": 0.00031622776601683783, "window_size": 2, "batch_size": 32, "epochs": 20, "kernel_size": 5, "attention_heads": 2}, "parameter_index": 0}',
    index: 0
  },
  placementConstraint: { type: 'None', gpus: [] }
}
[2026-05-18 15:45:31] INFO (LocalV3.local) Created trial TGjpM
[2026-05-18 15:45:32] INFO (LocalV3.local) Trial parameter: TGjpM {"parameter_id": 90, "parameter_source": "algorithm", "parameters": {"model_type": "LSTM", "units": 16, "num_layers": 1, "dropout": 0, "activation": "relu", "lr": 0.00031622776601683783, "window_size": 2, "batch_size": 32, "epochs": 20, "kernel_size": 5, "attention_heads": 2}, "parameter_index": 0}
[2026-05-18 15:45:38] INFO (NNIManager) Trial job TGjpM status changed from RUNNING to SUCCEEDED
[2026-05-18 15:45:38] INFO (NNIManager) NNIManager received command from dispatcher: TR, {"parameter_id": 91, "parameter_source": "algorithm", "parameters": {"model_type": "LSTM", "units": 16, "num_layers": 1, "dropout": 0, "activation": "relu", "lr": 0.00031622776601683783, "window_size": 2, "batch_size": 32, "epochs": 20, "kernel_size": 5, "attention_heads": 4}, "parameter_index": 0}
[2026-05-18 15:45:39] INFO (NNIManager) submitTrialJob: form: {
  sequenceId: 91,
  hyperParameters: {
    value: '{"parameter_id": 91, "parameter_source": "algorithm", "parameters": {"model_type": "LSTM", "units": 16, "num_layers": 1, "dropout": 0, "activation": "relu", "lr": 0.00031622776601683783, "window_size": 2, "batch_size": 32, "epochs": 20, "kernel_size": 5, "attention_heads": 4}, "parameter_index": 0}',
    index: 0
  },
  placementConstraint: { type: 'None', gpus: [] }
}
[2026-05-18 15:45:39] INFO (LocalV3.local) Created trial GjAdQ
[2026-05-18 15:45:40] INFO (LocalV3.local) Trial parameter: GjAdQ {"parameter_id": 91, "parameter_source": "algorithm", "parameters": {"model_type": "LSTM", "units": 16, "num_layers": 1, "dropout": 0, "activation": "relu", "lr": 0.00031622776601683783, "window_size": 2, "batch_size": 32, "epochs": 20, "kernel_size": 5, "attention_heads": 4}, "parameter_index": 0}
[2026-05-18 15:45:46] INFO (NNIManager) Trial job GjAdQ status changed from RUNNING to SUCCEEDED
[2026-05-18 15:45:46] INFO (NNIManager) NNIManager received command from dispatcher: TR, {"parameter_id": 92, "parameter_source": "algorithm", "parameters": {"model_type": "LSTM", "units": 16, "num_layers": 1, "dropout": 0, "activation": "relu", "lr": 0.00031622776601683783, "window_size": 2, "batch_size": 32, "epochs": 20, "kernel_size": 5, "attention_heads": 8}, "parameter_index": 0}
[2026-05-18 15:45:46] INFO (NNIManager) submitTrialJob: form: {
  sequenceId: 92,
  hyperParameters: {
    value: '{"parameter_id": 92, "parameter_source": "algorithm", "parameters": {"model_type": "LSTM", "units": 16, "num_layers": 1, "dropout": 0, "activation": "relu", "lr": 0.00031622776601683783, "window_size": 2, "batch_size": 32, "epochs": 20, "kernel_size": 5, "attention_heads": 8}, "parameter_index": 0}',
    index: 0
  },
  placementConstraint: { type: 'None', gpus: [] }
}
[2026-05-18 15:45:46] INFO (LocalV3.local) Created trial cQdyW
[2026-05-18 15:45:48] INFO (LocalV3.local) Trial parameter: cQdyW {"parameter_id": 92, "parameter_source": "algorithm", "parameters": {"model_type": "LSTM", "units": 16, "num_layers": 1, "dropout": 0, "activation": "relu", "lr": 0.00031622776601683783, "window_size": 2, "batch_size": 32, "epochs": 20, "kernel_size": 5, "attention_heads": 8}, "parameter_index": 0}
[2026-05-18 15:45:53] INFO (NNIManager) Trial job cQdyW status changed from RUNNING to SUCCEEDED
[2026-05-18 15:45:53] INFO (NNIManager) NNIManager received command from dispatcher: TR, {"parameter_id": 93, "parameter_source": "algorithm", "parameters": {"model_type": "LSTM", "units": 16, "num_layers": 1, "dropout": 0, "activation": "relu", "lr": 0.00031622776601683783, "window_size": 2, "batch_size": 32, "epochs": 20, "kernel_size": 7, "attention_heads": 2}, "parameter_index": 0}
[2026-05-18 15:45:53] INFO (NNIManager) submitTrialJob: form: {
  sequenceId: 93,
  hyperParameters: {
    value: '{"parameter_id": 93, "parameter_source": "algorithm", "parameters": {"model_type": "LSTM", "units": 16, "num_layers": 1, "dropout": 0, "activation": "relu", "lr": 0.00031622776601683783, "window_size": 2, "batch_size": 32, "epochs": 20, "kernel_size": 7, "attention_heads": 2}, "parameter_index": 0}',
    index: 0
  },
  placementConstraint: { type: 'None', gpus: [] }
}
[2026-05-18 15:45:53] INFO (LocalV3.local) Created trial XCol7
[2026-05-18 15:45:55] INFO (LocalV3.local) Trial parameter: XCol7 {"parameter_id": 93, "parameter_source": "algorithm", "parameters": {"model_type": "LSTM", "units": 16, "num_layers": 1, "dropout": 0, "activation": "relu", "lr": 0.00031622776601683783, "window_size": 2, "batch_size": 32, "epochs": 20, "kernel_size": 7, "attention_heads": 2}, "parameter_index": 0}
[2026-05-18 15:46:00] INFO (NNIManager) Trial job XCol7 status changed from RUNNING to SUCCEEDED
[2026-05-18 15:46:00] INFO (NNIManager) NNIManager received command from dispatcher: TR, {"parameter_id": 94, "parameter_source": "algorithm", "parameters": {"model_type": "LSTM", "units": 16, "num_layers": 1, "dropout": 0, "activation": "relu", "lr": 0.00031622776601683783, "window_size": 2, "batch_size": 32, "epochs": 20, "kernel_size": 7, "attention_heads": 4}, "parameter_index": 0}
[2026-05-18 15:46:01] INFO (NNIManager) submitTrialJob: form: {
  sequenceId: 94,
  hyperParameters: {
    value: '{"parameter_id": 94, "parameter_source": "algorithm", "parameters": {"model_type": "LSTM", "units": 16, "num_layers": 1, "dropout": 0, "activation": "relu", "lr": 0.00031622776601683783, "window_size": 2, "batch_size": 32, "epochs": 20, "kernel_size": 7, "attention_heads": 4}, "parameter_index": 0}',
    index: 0
  },
  placementConstraint: { type: 'None', gpus: [] }
}
[2026-05-18 15:46:01] INFO (LocalV3.local) Created trial tGxUH
[2026-05-18 15:46:02] INFO (LocalV3.local) Trial parameter: tGxUH {"parameter_id": 94, "parameter_source": "algorithm", "parameters": {"model_type": "LSTM", "units": 16, "num_layers": 1, "dropout": 0, "activation": "relu", "lr": 0.00031622776601683783, "window_size": 2, "batch_size": 32, "epochs": 20, "kernel_size": 7, "attention_heads": 4}, "parameter_index": 0}
[2026-05-18 15:46:08] INFO (NNIManager) Trial job tGxUH status changed from RUNNING to SUCCEEDED
[2026-05-18 15:46:08] INFO (NNIManager) NNIManager received command from dispatcher: TR, {"parameter_id": 95, "parameter_source": "algorithm", "parameters": {"model_type": "LSTM", "units": 16, "num_layers": 1, "dropout": 0, "activation": "relu", "lr": 0.00031622776601683783, "window_size": 2, "batch_size": 32, "epochs": 20, "kernel_size": 7, "attention_heads": 8}, "parameter_index": 0}
[2026-05-18 15:46:08] INFO (NNIManager) submitTrialJob: form: {
  sequenceId: 95,
  hyperParameters: {
    value: '{"parameter_id": 95, "parameter_source": "algorithm", "parameters": {"model_type": "LSTM", "units": 16, "num_layers": 1, "dropout": 0, "activation": "relu", "lr": 0.00031622776601683783, "window_size": 2, "batch_size": 32, "epochs": 20, "kernel_size": 7, "attention_heads": 8}, "parameter_index": 0}',
    index: 0
  },
  placementConstraint: { type: 'None', gpus: [] }
}
[2026-05-18 15:46:08] INFO (LocalV3.local) Created trial aVkV5
[2026-05-18 15:46:10] INFO (LocalV3.local) Trial parameter: aVkV5 {"parameter_id": 95, "parameter_source": "algorithm", "parameters": {"model_type": "LSTM", "units": 16, "num_layers": 1, "dropout": 0, "activation": "relu", "lr": 0.00031622776601683783, "window_size": 2, "batch_size": 32, "epochs": 20, "kernel_size": 7, "attention_heads": 8}, "parameter_index": 0}
[2026-05-18 15:46:15] INFO (NNIManager) Trial job aVkV5 status changed from RUNNING to SUCCEEDED
[2026-05-18 15:46:15] INFO (NNIManager) NNIManager received command from dispatcher: TR, {"parameter_id": 96, "parameter_source": "algorithm", "parameters": {"model_type": "LSTM", "units": 16, "num_layers": 1, "dropout": 0, "activation": "relu", "lr": 0.00031622776601683783, "window_size": 2, "batch_size": 64, "epochs": 5, "kernel_size": 2, "attention_heads": 2}, "parameter_index": 0}
[2026-05-18 15:46:16] INFO (NNIManager) submitTrialJob: form: {
  sequenceId: 96,
  hyperParameters: {
    value: '{"parameter_id": 96, "parameter_source": "algorithm", "parameters": {"model_type": "LSTM", "units": 16, "num_layers": 1, "dropout": 0, "activation": "relu", "lr": 0.00031622776601683783, "window_size": 2, "batch_size": 64, "epochs": 5, "kernel_size": 2, "attention_heads": 2}, "parameter_index": 0}',
    index: 0
  },
  placementConstraint: { type: 'None', gpus: [] }
}
[2026-05-18 15:46:16] INFO (LocalV3.local) Created trial XKAic
[2026-05-18 15:46:18] INFO (LocalV3.local) Trial parameter: XKAic {"parameter_id": 96, "parameter_source": "algorithm", "parameters": {"model_type": "LSTM", "units": 16, "num_layers": 1, "dropout": 0, "activation": "relu", "lr": 0.00031622776601683783, "window_size": 2, "batch_size": 64, "epochs": 5, "kernel_size": 2, "attention_heads": 2}, "parameter_index": 0}
[2026-05-18 15:46:21] INFO (NNIManager) Trial job XKAic status changed from RUNNING to SUCCEEDED
[2026-05-18 15:46:21] INFO (NNIManager) NNIManager received command from dispatcher: TR, {"parameter_id": 97, "parameter_source": "algorithm", "parameters": {"model_type": "LSTM", "units": 16, "num_layers": 1, "dropout": 0, "activation": "relu", "lr": 0.00031622776601683783, "window_size": 2, "batch_size": 64, "epochs": 5, "kernel_size": 2, "attention_heads": 4}, "parameter_index": 0}
[2026-05-18 15:46:21] INFO (NNIManager) submitTrialJob: form: {
  sequenceId: 97,
  hyperParameters: {
    value: '{"parameter_id": 97, "parameter_source": "algorithm", "parameters": {"model_type": "LSTM", "units": 16, "num_layers": 1, "dropout": 0, "activation": "relu", "lr": 0.00031622776601683783, "window_size": 2, "batch_size": 64, "epochs": 5, "kernel_size": 2, "attention_heads": 4}, "parameter_index": 0}',
    index: 0
  },
  placementConstraint: { type: 'None', gpus: [] }
}
[2026-05-18 15:46:21] INFO (LocalV3.local) Created trial LMU6V
[2026-05-18 15:46:23] INFO (LocalV3.local) Trial parameter: LMU6V {"parameter_id": 97, "parameter_source": "algorithm", "parameters": {"model_type": "LSTM", "units": 16, "num_layers": 1, "dropout": 0, "activation": "relu", "lr": 0.00031622776601683783, "window_size": 2, "batch_size": 64, "epochs": 5, "kernel_size": 2, "attention_heads": 4}, "parameter_index": 0}
[2026-05-18 15:46:26] INFO (NNIManager) Trial job LMU6V status changed from RUNNING to SUCCEEDED
[2026-05-18 15:46:26] INFO (NNIManager) NNIManager received command from dispatcher: TR, {"parameter_id": 98, "parameter_source": "algorithm", "parameters": {"model_type": "LSTM", "units": 16, "num_layers": 1, "dropout": 0, "activation": "relu", "lr": 0.00031622776601683783, "window_size": 2, "batch_size": 64, "epochs": 5, "kernel_size": 2, "attention_heads": 8}, "parameter_index": 0}
[2026-05-18 15:46:27] INFO (NNIManager) submitTrialJob: form: {
  sequenceId: 98,
  hyperParameters: {
    value: '{"parameter_id": 98, "parameter_source": "algorithm", "parameters": {"model_type": "LSTM", "units": 16, "num_layers": 1, "dropout": 0, "activation": "relu", "lr": 0.00031622776601683783, "window_size": 2, "batch_size": 64, "epochs": 5, "kernel_size": 2, "attention_heads": 8}, "parameter_index": 0}',
    index: 0
  },
  placementConstraint: { type: 'None', gpus: [] }
}
[2026-05-18 15:46:27] INFO (LocalV3.local) Created trial E5gbB
[2026-05-18 15:46:29] INFO (LocalV3.local) Trial parameter: E5gbB {"parameter_id": 98, "parameter_source": "algorithm", "parameters": {"model_type": "LSTM", "units": 16, "num_layers": 1, "dropout": 0, "activation": "relu", "lr": 0.00031622776601683783, "window_size": 2, "batch_size": 64, "epochs": 5, "kernel_size": 2, "attention_heads": 8}, "parameter_index": 0}
[2026-05-18 15:46:32] INFO (NNIManager) Trial job E5gbB status changed from RUNNING to SUCCEEDED
[2026-05-18 15:46:32] INFO (NNIManager) NNIManager received command from dispatcher: TR, {"parameter_id": 99, "parameter_source": "algorithm", "parameters": {"model_type": "LSTM", "units": 16, "num_layers": 1, "dropout": 0, "activation": "relu", "lr": 0.00031622776601683783, "window_size": 2, "batch_size": 64, "epochs": 5, "kernel_size": 3, "attention_heads": 2}, "parameter_index": 0}
[2026-05-18 15:46:32] INFO (NNIManager) submitTrialJob: form: {
  sequenceId: 99,
  hyperParameters: {
    value: '{"parameter_id": 99, "parameter_source": "algorithm", "parameters": {"model_type": "LSTM", "units": 16, "num_layers": 1, "dropout": 0, "activation": "relu", "lr": 0.00031622776601683783, "window_size": 2, "batch_size": 64, "epochs": 5, "kernel_size": 3, "attention_heads": 2}, "parameter_index": 0}',
    index: 0
  },
  placementConstraint: { type: 'None', gpus: [] }
}
[2026-05-18 15:46:32] INFO (LocalV3.local) Created trial Ajtje
[2026-05-18 15:46:34] INFO (LocalV3.local) Trial parameter: Ajtje {"parameter_id": 99, "parameter_source": "algorithm", "parameters": {"model_type": "LSTM", "units": 16, "num_layers": 1, "dropout": 0, "activation": "relu", "lr": 0.00031622776601683783, "window_size": 2, "batch_size": 64, "epochs": 5, "kernel_size": 3, "attention_heads": 2}, "parameter_index": 0}
[2026-05-18 15:46:37] INFO (NNIManager) Trial job Ajtje status changed from RUNNING to SUCCEEDED
[2026-05-18 15:46:37] INFO (NNIManager) NNIManager received command from dispatcher: TR, {"parameter_id": 100, "parameter_source": "algorithm", "parameters": {"model_type": "LSTM", "units": 16, "num_layers": 1, "dropout": 0, "activation": "relu", "lr": 0.00031622776601683783, "window_size": 2, "batch_size": 64, "epochs": 5, "kernel_size": 3, "attention_heads": 4}, "parameter_index": 0}
[2026-05-18 15:46:38] INFO (NNIManager) submitTrialJob: form: {
  sequenceId: 100,
  hyperParameters: {
    value: '{"parameter_id": 100, "parameter_source": "algorithm", "parameters": {"model_type": "LSTM", "units": 16, "num_layers": 1, "dropout": 0, "activation": "relu", "lr": 0.00031622776601683783, "window_size": 2, "batch_size": 64, "epochs": 5, "kernel_size": 3, "attention_heads": 4}, "parameter_index": 0}',
    index: 0
  },
  placementConstraint: { type: 'None', gpus: [] }
}
[2026-05-18 15:46:38] INFO (LocalV3.local) Created trial sQGwN
[2026-05-18 15:46:40] INFO (LocalV3.local) Trial parameter: sQGwN {"parameter_id": 100, "parameter_source": "algorithm", "parameters": {"model_type": "LSTM", "units": 16, "num_layers": 1, "dropout": 0, "activation": "relu", "lr": 0.00031622776601683783, "window_size": 2, "batch_size": 64, "epochs": 5, "kernel_size": 3, "attention_heads": 4}, "parameter_index": 0}
[2026-05-18 15:46:43] INFO (NNIManager) Trial job sQGwN status changed from RUNNING to SUCCEEDED
[2026-05-18 15:46:43] INFO (NNIManager) NNIManager received command from dispatcher: TR, {"parameter_id": 101, "parameter_source": "algorithm", "parameters": {"model_type": "LSTM", "units": 16, "num_layers": 1, "dropout": 0, "activation": "relu", "lr": 0.00031622776601683783, "window_size": 2, "batch_size": 64, "epochs": 5, "kernel_size": 3, "attention_heads": 8}, "parameter_index": 0}
[2026-05-18 15:46:43] INFO (NNIManager) submitTrialJob: form: {
  sequenceId: 101,
  hyperParameters: {
    value: '{"parameter_id": 101, "parameter_source": "algorithm", "parameters": {"model_type": "LSTM", "units": 16, "num_layers": 1, "dropout": 0, "activation": "relu", "lr": 0.00031622776601683783, "window_size": 2, "batch_size": 64, "epochs": 5, "kernel_size": 3, "attention_heads": 8}, "parameter_index": 0}',
    index: 0
  },
  placementConstraint: { type: 'None', gpus: [] }
}
[2026-05-18 15:46:43] INFO (LocalV3.local) Created trial LsJ11
[2026-05-18 15:46:45] INFO (LocalV3.local) Trial parameter: LsJ11 {"parameter_id": 101, "parameter_source": "algorithm", "parameters": {"model_type": "LSTM", "units": 16, "num_layers": 1, "dropout": 0, "activation": "relu", "lr": 0.00031622776601683783, "window_size": 2, "batch_size": 64, "epochs": 5, "kernel_size": 3, "attention_heads": 8}, "parameter_index": 0}
[2026-05-18 15:46:48] INFO (NNIManager) Trial job LsJ11 status changed from RUNNING to SUCCEEDED
[2026-05-18 15:46:48] INFO (NNIManager) NNIManager received command from dispatcher: TR, {"parameter_id": 102, "parameter_source": "algorithm", "parameters": {"model_type": "LSTM", "units": 16, "num_layers": 1, "dropout": 0, "activation": "relu", "lr": 0.00031622776601683783, "window_size": 2, "batch_size": 64, "epochs": 5, "kernel_size": 5, "attention_heads": 2}, "parameter_index": 0}
[2026-05-18 15:46:48] INFO (NNIManager) submitTrialJob: form: {
  sequenceId: 102,
  hyperParameters: {
    value: '{"parameter_id": 102, "parameter_source": "algorithm", "parameters": {"model_type": "LSTM", "units": 16, "num_layers": 1, "dropout": 0, "activation": "relu", "lr": 0.00031622776601683783, "window_size": 2, "batch_size": 64, "epochs": 5, "kernel_size": 5, "attention_heads": 2}, "parameter_index": 0}',
    index: 0
  },
  placementConstraint: { type: 'None', gpus: [] }
}
[2026-05-18 15:46:48] INFO (LocalV3.local) Created trial Y0vi7
[2026-05-18 15:46:50] INFO (LocalV3.local) Trial parameter: Y0vi7 {"parameter_id": 102, "parameter_source": "algorithm", "parameters": {"model_type": "LSTM", "units": 16, "num_layers": 1, "dropout": 0, "activation": "relu", "lr": 0.00031622776601683783, "window_size": 2, "batch_size": 64, "epochs": 5, "kernel_size": 5, "attention_heads": 2}, "parameter_index": 0}
[2026-05-18 15:46:53] INFO (NNIManager) Trial job Y0vi7 status changed from RUNNING to SUCCEEDED
[2026-05-18 15:46:53] INFO (NNIManager) NNIManager received command from dispatcher: TR, {"parameter_id": 103, "parameter_source": "algorithm", "parameters": {"model_type": "LSTM", "units": 16, "num_layers": 1, "dropout": 0, "activation": "relu", "lr": 0.00031622776601683783, "window_size": 2, "batch_size": 64, "epochs": 5, "kernel_size": 5, "attention_heads": 4}, "parameter_index": 0}
[2026-05-18 15:46:54] INFO (NNIManager) submitTrialJob: form: {
  sequenceId: 103,
  hyperParameters: {
    value: '{"parameter_id": 103, "parameter_source": "algorithm", "parameters": {"model_type": "LSTM", "units": 16, "num_layers": 1, "dropout": 0, "activation": "relu", "lr": 0.00031622776601683783, "window_size": 2, "batch_size": 64, "epochs": 5, "kernel_size": 5, "attention_heads": 4}, "parameter_index": 0}',
    index: 0
  },
  placementConstraint: { type: 'None', gpus: [] }
}
[2026-05-18 15:46:54] INFO (LocalV3.local) Created trial d4PTw
[2026-05-18 15:46:56] INFO (LocalV3.local) Trial parameter: d4PTw {"parameter_id": 103, "parameter_source": "algorithm", "parameters": {"model_type": "LSTM", "units": 16, "num_layers": 1, "dropout": 0, "activation": "relu", "lr": 0.00031622776601683783, "window_size": 2, "batch_size": 64, "epochs": 5, "kernel_size": 5, "attention_heads": 4}, "parameter_index": 0}
[2026-05-18 15:46:59] INFO (NNIManager) Trial job d4PTw status changed from RUNNING to SUCCEEDED
[2026-05-18 15:46:59] INFO (NNIManager) NNIManager received command from dispatcher: TR, {"parameter_id": 104, "parameter_source": "algorithm", "parameters": {"model_type": "LSTM", "units": 16, "num_layers": 1, "dropout": 0, "activation": "relu", "lr": 0.00031622776601683783, "window_size": 2, "batch_size": 64, "epochs": 5, "kernel_size": 5, "attention_heads": 8}, "parameter_index": 0}
[2026-05-18 15:46:59] INFO (NNIManager) submitTrialJob: form: {
  sequenceId: 104,
  hyperParameters: {
    value: '{"parameter_id": 104, "parameter_source": "algorithm", "parameters": {"model_type": "LSTM", "units": 16, "num_layers": 1, "dropout": 0, "activation": "relu", "lr": 0.00031622776601683783, "window_size": 2, "batch_size": 64, "epochs": 5, "kernel_size": 5, "attention_heads": 8}, "parameter_index": 0}',
    index: 0
  },
  placementConstraint: { type: 'None', gpus: [] }
}
[2026-05-18 15:47:00] INFO (LocalV3.local) Created trial cv3QC
[2026-05-18 15:47:01] INFO (LocalV3.local) Trial parameter: cv3QC {"parameter_id": 104, "parameter_source": "algorithm", "parameters": {"model_type": "LSTM", "units": 16, "num_layers": 1, "dropout": 0, "activation": "relu", "lr": 0.00031622776601683783, "window_size": 2, "batch_size": 64, "epochs": 5, "kernel_size": 5, "attention_heads": 8}, "parameter_index": 0}
[2026-05-18 15:47:05] INFO (NNIManager) Trial job cv3QC status changed from RUNNING to SUCCEEDED
[2026-05-18 15:47:05] INFO (NNIManager) NNIManager received command from dispatcher: TR, {"parameter_id": 105, "parameter_source": "algorithm", "parameters": {"model_type": "LSTM", "units": 16, "num_layers": 1, "dropout": 0, "activation": "relu", "lr": 0.00031622776601683783, "window_size": 2, "batch_size": 64, "epochs": 5, "kernel_size": 7, "attention_heads": 2}, "parameter_index": 0}
[2026-05-18 15:47:05] INFO (NNIManager) submitTrialJob: form: {
  sequenceId: 105,
  hyperParameters: {
    value: '{"parameter_id": 105, "parameter_source": "algorithm", "parameters": {"model_type": "LSTM", "units": 16, "num_layers": 1, "dropout": 0, "activation": "relu", "lr": 0.00031622776601683783, "window_size": 2, "batch_size": 64, "epochs": 5, "kernel_size": 7, "attention_heads": 2}, "parameter_index": 0}',
    index: 0
  },
  placementConstraint: { type: 'None', gpus: [] }
}
[2026-05-18 15:47:05] INFO (LocalV3.local) Created trial l0113
[2026-05-18 15:47:07] INFO (LocalV3.local) Trial parameter: l0113 {"parameter_id": 105, "parameter_source": "algorithm", "parameters": {"model_type": "LSTM", "units": 16, "num_layers": 1, "dropout": 0, "activation": "relu", "lr": 0.00031622776601683783, "window_size": 2, "batch_size": 64, "epochs": 5, "kernel_size": 7, "attention_heads": 2}, "parameter_index": 0}
[2026-05-18 15:47:10] INFO (NNIManager) Trial job l0113 status changed from RUNNING to SUCCEEDED
[2026-05-18 15:47:10] INFO (NNIManager) NNIManager received command from dispatcher: TR, {"parameter_id": 106, "parameter_source": "algorithm", "parameters": {"model_type": "LSTM", "units": 16, "num_layers": 1, "dropout": 0, "activation": "relu", "lr": 0.00031622776601683783, "window_size": 2, "batch_size": 64, "epochs": 5, "kernel_size": 7, "attention_heads": 4}, "parameter_index": 0}
[2026-05-18 15:47:11] INFO (NNIManager) submitTrialJob: form: {
  sequenceId: 106,
  hyperParameters: {
    value: '{"parameter_id": 106, "parameter_source": "algorithm", "parameters": {"model_type": "LSTM", "units": 16, "num_layers": 1, "dropout": 0, "activation": "relu", "lr": 0.00031622776601683783, "window_size": 2, "batch_size": 64, "epochs": 5, "kernel_size": 7, "attention_heads": 4}, "parameter_index": 0}',
    index: 0
  },
  placementConstraint: { type: 'None', gpus: [] }
}
[2026-05-18 15:47:11] INFO (LocalV3.local) Created trial Pt4fs
[2026-05-18 15:47:12] INFO (LocalV3.local) Trial parameter: Pt4fs {"parameter_id": 106, "parameter_source": "algorithm", "parameters": {"model_type": "LSTM", "units": 16, "num_layers": 1, "dropout": 0, "activation": "relu", "lr": 0.00031622776601683783, "window_size": 2, "batch_size": 64, "epochs": 5, "kernel_size": 7, "attention_heads": 4}, "parameter_index": 0}
[2026-05-18 15:47:16] INFO (NNIManager) Trial job Pt4fs status changed from RUNNING to SUCCEEDED
[2026-05-18 15:47:16] INFO (NNIManager) NNIManager received command from dispatcher: TR, {"parameter_id": 107, "parameter_source": "algorithm", "parameters": {"model_type": "LSTM", "units": 16, "num_layers": 1, "dropout": 0, "activation": "relu", "lr": 0.00031622776601683783, "window_size": 2, "batch_size": 64, "epochs": 5, "kernel_size": 7, "attention_heads": 8}, "parameter_index": 0}
[2026-05-18 15:47:16] INFO (NNIManager) submitTrialJob: form: {
  sequenceId: 107,
  hyperParameters: {
    value: '{"parameter_id": 107, "parameter_source": "algorithm", "parameters": {"model_type": "LSTM", "units": 16, "num_layers": 1, "dropout": 0, "activation": "relu", "lr": 0.00031622776601683783, "window_size": 2, "batch_size": 64, "epochs": 5, "kernel_size": 7, "attention_heads": 8}, "parameter_index": 0}',
    index: 0
  },
  placementConstraint: { type: 'None', gpus: [] }
}
[2026-05-18 15:47:16] INFO (LocalV3.local) Created trial b4aoC
[2026-05-18 15:47:18] INFO (LocalV3.local) Trial parameter: b4aoC {"parameter_id": 107, "parameter_source": "algorithm", "parameters": {"model_type": "LSTM", "units": 16, "num_layers": 1, "dropout": 0, "activation": "relu", "lr": 0.00031622776601683783, "window_size": 2, "batch_size": 64, "epochs": 5, "kernel_size": 7, "attention_heads": 8}, "parameter_index": 0}
[2026-05-18 15:47:21] INFO (NNIManager) Trial job b4aoC status changed from RUNNING to SUCCEEDED
[2026-05-18 15:47:21] INFO (NNIManager) NNIManager received command from dispatcher: TR, {"parameter_id": 108, "parameter_source": "algorithm", "parameters": {"model_type": "LSTM", "units": 16, "num_layers": 1, "dropout": 0, "activation": "relu", "lr": 0.00031622776601683783, "window_size": 2, "batch_size": 64, "epochs": 10, "kernel_size": 2, "attention_heads": 2}, "parameter_index": 0}
[2026-05-18 15:47:22] INFO (NNIManager) submitTrialJob: form: {
  sequenceId: 108,
  hyperParameters: {
    value: '{"parameter_id": 108, "parameter_source": "algorithm", "parameters": {"model_type": "LSTM", "units": 16, "num_layers": 1, "dropout": 0, "activation": "relu", "lr": 0.00031622776601683783, "window_size": 2, "batch_size": 64, "epochs": 10, "kernel_size": 2, "attention_heads": 2}, "parameter_index": 0}',
    index: 0
  },
  placementConstraint: { type: 'None', gpus: [] }
}
[2026-05-18 15:47:22] INFO (LocalV3.local) Created trial VYGW9
[2026-05-18 15:47:24] INFO (LocalV3.local) Trial parameter: VYGW9 {"parameter_id": 108, "parameter_source": "algorithm", "parameters": {"model_type": "LSTM", "units": 16, "num_layers": 1, "dropout": 0, "activation": "relu", "lr": 0.00031622776601683783, "window_size": 2, "batch_size": 64, "epochs": 10, "kernel_size": 2, "attention_heads": 2}, "parameter_index": 0}
[2026-05-18 15:47:27] INFO (NNIManager) Trial job VYGW9 status changed from RUNNING to SUCCEEDED
[2026-05-18 15:47:27] INFO (NNIManager) NNIManager received command from dispatcher: TR, {"parameter_id": 109, "parameter_source": "algorithm", "parameters": {"model_type": "LSTM", "units": 16, "num_layers": 1, "dropout": 0, "activation": "relu", "lr": 0.00031622776601683783, "window_size": 2, "batch_size": 64, "epochs": 10, "kernel_size": 2, "attention_heads": 4}, "parameter_index": 0}
[2026-05-18 15:47:28] INFO (NNIManager) submitTrialJob: form: {
  sequenceId: 109,
  hyperParameters: {
    value: '{"parameter_id": 109, "parameter_source": "algorithm", "parameters": {"model_type": "LSTM", "units": 16, "num_layers": 1, "dropout": 0, "activation": "relu", "lr": 0.00031622776601683783, "window_size": 2, "batch_size": 64, "epochs": 10, "kernel_size": 2, "attention_heads": 4}, "parameter_index": 0}',
    index: 0
  },
  placementConstraint: { type: 'None', gpus: [] }
}
[2026-05-18 15:47:28] INFO (LocalV3.local) Created trial nNz0Q
[2026-05-18 15:47:29] INFO (LocalV3.local) Trial parameter: nNz0Q {"parameter_id": 109, "parameter_source": "algorithm", "parameters": {"model_type": "LSTM", "units": 16, "num_layers": 1, "dropout": 0, "activation": "relu", "lr": 0.00031622776601683783, "window_size": 2, "batch_size": 64, "epochs": 10, "kernel_size": 2, "attention_heads": 4}, "parameter_index": 0}
[2026-05-18 15:47:33] INFO (NNIManager) Trial job nNz0Q status changed from RUNNING to SUCCEEDED
[2026-05-18 15:47:33] INFO (NNIManager) NNIManager received command from dispatcher: TR, {"parameter_id": 110, "parameter_source": "algorithm", "parameters": {"model_type": "LSTM", "units": 16, "num_layers": 1, "dropout": 0, "activation": "relu", "lr": 0.00031622776601683783, "window_size": 2, "batch_size": 64, "epochs": 10, "kernel_size": 2, "attention_heads": 8}, "parameter_index": 0}
[2026-05-18 15:47:34] INFO (NNIManager) submitTrialJob: form: {
  sequenceId: 110,
  hyperParameters: {
    value: '{"parameter_id": 110, "parameter_source": "algorithm", "parameters": {"model_type": "LSTM", "units": 16, "num_layers": 1, "dropout": 0, "activation": "relu", "lr": 0.00031622776601683783, "window_size": 2, "batch_size": 64, "epochs": 10, "kernel_size": 2, "attention_heads": 8}, "parameter_index": 0}',
    index: 0
  },
  placementConstraint: { type: 'None', gpus: [] }
}
[2026-05-18 15:47:34] INFO (LocalV3.local) Created trial Op58U
[2026-05-18 15:47:35] INFO (LocalV3.local) Trial parameter: Op58U {"parameter_id": 110, "parameter_source": "algorithm", "parameters": {"model_type": "LSTM", "units": 16, "num_layers": 1, "dropout": 0, "activation": "relu", "lr": 0.00031622776601683783, "window_size": 2, "batch_size": 64, "epochs": 10, "kernel_size": 2, "attention_heads": 8}, "parameter_index": 0}
[2026-05-18 15:47:39] INFO (NNIManager) Trial job Op58U status changed from RUNNING to SUCCEEDED
[2026-05-18 15:47:39] INFO (NNIManager) NNIManager received command from dispatcher: TR, {"parameter_id": 111, "parameter_source": "algorithm", "parameters": {"model_type": "LSTM", "units": 16, "num_layers": 1, "dropout": 0, "activation": "relu", "lr": 0.00031622776601683783, "window_size": 2, "batch_size": 64, "epochs": 10, "kernel_size": 3, "attention_heads": 2}, "parameter_index": 0}
[2026-05-18 15:47:40] INFO (NNIManager) submitTrialJob: form: {
  sequenceId: 111,
  hyperParameters: {
    value: '{"parameter_id": 111, "parameter_source": "algorithm", "parameters": {"model_type": "LSTM", "units": 16, "num_layers": 1, "dropout": 0, "activation": "relu", "lr": 0.00031622776601683783, "window_size": 2, "batch_size": 64, "epochs": 10, "kernel_size": 3, "attention_heads": 2}, "parameter_index": 0}',
    index: 0
  },
  placementConstraint: { type: 'None', gpus: [] }
}
[2026-05-18 15:47:40] INFO (LocalV3.local) Created trial d1wdR
[2026-05-18 15:47:41] INFO (LocalV3.local) Trial parameter: d1wdR {"parameter_id": 111, "parameter_source": "algorithm", "parameters": {"model_type": "LSTM", "units": 16, "num_layers": 1, "dropout": 0, "activation": "relu", "lr": 0.00031622776601683783, "window_size": 2, "batch_size": 64, "epochs": 10, "kernel_size": 3, "attention_heads": 2}, "parameter_index": 0}
[2026-05-18 15:47:45] INFO (NNIManager) Trial job d1wdR status changed from RUNNING to SUCCEEDED
[2026-05-18 15:47:45] INFO (NNIManager) NNIManager received command from dispatcher: TR, {"parameter_id": 112, "parameter_source": "algorithm", "parameters": {"model_type": "LSTM", "units": 16, "num_layers": 1, "dropout": 0, "activation": "relu", "lr": 0.00031622776601683783, "window_size": 2, "batch_size": 64, "epochs": 10, "kernel_size": 3, "attention_heads": 4}, "parameter_index": 0}
[2026-05-18 15:47:46] INFO (NNIManager) submitTrialJob: form: {
  sequenceId: 112,
  hyperParameters: {
    value: '{"parameter_id": 112, "parameter_source": "algorithm", "parameters": {"model_type": "LSTM", "units": 16, "num_layers": 1, "dropout": 0, "activation": "relu", "lr": 0.00031622776601683783, "window_size": 2, "batch_size": 64, "epochs": 10, "kernel_size": 3, "attention_heads": 4}, "parameter_index": 0}',
    index: 0
  },
  placementConstraint: { type: 'None', gpus: [] }
}
[2026-05-18 15:47:46] INFO (LocalV3.local) Created trial GNaDk
[2026-05-18 15:47:48] INFO (LocalV3.local) Trial parameter: GNaDk {"parameter_id": 112, "parameter_source": "algorithm", "parameters": {"model_type": "LSTM", "units": 16, "num_layers": 1, "dropout": 0, "activation": "relu", "lr": 0.00031622776601683783, "window_size": 2, "batch_size": 64, "epochs": 10, "kernel_size": 3, "attention_heads": 4}, "parameter_index": 0}
[2026-05-18 15:47:51] INFO (NNIManager) Trial job GNaDk status changed from RUNNING to SUCCEEDED
[2026-05-18 15:47:51] INFO (NNIManager) NNIManager received command from dispatcher: TR, {"parameter_id": 113, "parameter_source": "algorithm", "parameters": {"model_type": "LSTM", "units": 16, "num_layers": 1, "dropout": 0, "activation": "relu", "lr": 0.00031622776601683783, "window_size": 2, "batch_size": 64, "epochs": 10, "kernel_size": 3, "attention_heads": 8}, "parameter_index": 0}
[2026-05-18 15:47:52] INFO (NNIManager) submitTrialJob: form: {
  sequenceId: 113,
  hyperParameters: {
    value: '{"parameter_id": 113, "parameter_source": "algorithm", "parameters": {"model_type": "LSTM", "units": 16, "num_layers": 1, "dropout": 0, "activation": "relu", "lr": 0.00031622776601683783, "window_size": 2, "batch_size": 64, "epochs": 10, "kernel_size": 3, "attention_heads": 8}, "parameter_index": 0}',
    index: 0
  },
  placementConstraint: { type: 'None', gpus: [] }
}
[2026-05-18 15:47:52] INFO (LocalV3.local) Created trial SIhm6
[2026-05-18 15:47:54] INFO (LocalV3.local) Trial parameter: SIhm6 {"parameter_id": 113, "parameter_source": "algorithm", "parameters": {"model_type": "LSTM", "units": 16, "num_layers": 1, "dropout": 0, "activation": "relu", "lr": 0.00031622776601683783, "window_size": 2, "batch_size": 64, "epochs": 10, "kernel_size": 3, "attention_heads": 8}, "parameter_index": 0}
[2026-05-18 15:47:57] INFO (NNIManager) Trial job SIhm6 status changed from RUNNING to SUCCEEDED
[2026-05-18 15:47:57] INFO (NNIManager) NNIManager received command from dispatcher: TR, {"parameter_id": 114, "parameter_source": "algorithm", "parameters": {"model_type": "LSTM", "units": 16, "num_layers": 1, "dropout": 0, "activation": "relu", "lr": 0.00031622776601683783, "window_size": 2, "batch_size": 64, "epochs": 10, "kernel_size": 5, "attention_heads": 2}, "parameter_index": 0}
[2026-05-18 15:47:58] INFO (NNIManager) submitTrialJob: form: {
  sequenceId: 114,
  hyperParameters: {
    value: '{"parameter_id": 114, "parameter_source": "algorithm", "parameters": {"model_type": "LSTM", "units": 16, "num_layers": 1, "dropout": 0, "activation": "relu", "lr": 0.00031622776601683783, "window_size": 2, "batch_size": 64, "epochs": 10, "kernel_size": 5, "attention_heads": 2}, "parameter_index": 0}',
    index: 0
  },
  placementConstraint: { type: 'None', gpus: [] }
}
[2026-05-18 15:47:58] INFO (LocalV3.local) Created trial Gflk4
[2026-05-18 15:48:00] INFO (LocalV3.local) Trial parameter: Gflk4 {"parameter_id": 114, "parameter_source": "algorithm", "parameters": {"model_type": "LSTM", "units": 16, "num_layers": 1, "dropout": 0, "activation": "relu", "lr": 0.00031622776601683783, "window_size": 2, "batch_size": 64, "epochs": 10, "kernel_size": 5, "attention_heads": 2}, "parameter_index": 0}
[2026-05-18 15:48:03] INFO (NNIManager) Trial job Gflk4 status changed from RUNNING to SUCCEEDED
[2026-05-18 15:48:03] INFO (NNIManager) NNIManager received command from dispatcher: TR, {"parameter_id": 115, "parameter_source": "algorithm", "parameters": {"model_type": "LSTM", "units": 16, "num_layers": 1, "dropout": 0, "activation": "relu", "lr": 0.00031622776601683783, "window_size": 2, "batch_size": 64, "epochs": 10, "kernel_size": 5, "attention_heads": 4}, "parameter_index": 0}
[2026-05-18 15:48:04] INFO (NNIManager) submitTrialJob: form: {
  sequenceId: 115,
  hyperParameters: {
    value: '{"parameter_id": 115, "parameter_source": "algorithm", "parameters": {"model_type": "LSTM", "units": 16, "num_layers": 1, "dropout": 0, "activation": "relu", "lr": 0.00031622776601683783, "window_size": 2, "batch_size": 64, "epochs": 10, "kernel_size": 5, "attention_heads": 4}, "parameter_index": 0}',
    index: 0
  },
  placementConstraint: { type: 'None', gpus: [] }
}
[2026-05-18 15:48:04] INFO (LocalV3.local) Created trial I5XZU
[2026-05-18 15:48:06] INFO (LocalV3.local) Trial parameter: I5XZU {"parameter_id": 115, "parameter_source": "algorithm", "parameters": {"model_type": "LSTM", "units": 16, "num_layers": 1, "dropout": 0, "activation": "relu", "lr": 0.00031622776601683783, "window_size": 2, "batch_size": 64, "epochs": 10, "kernel_size": 5, "attention_heads": 4}, "parameter_index": 0}
[2026-05-18 15:48:09] INFO (NNIManager) Trial job I5XZU status changed from RUNNING to SUCCEEDED
[2026-05-18 15:48:09] INFO (NNIManager) NNIManager received command from dispatcher: TR, {"parameter_id": 116, "parameter_source": "algorithm", "parameters": {"model_type": "LSTM", "units": 16, "num_layers": 1, "dropout": 0, "activation": "relu", "lr": 0.00031622776601683783, "window_size": 2, "batch_size": 64, "epochs": 10, "kernel_size": 5, "attention_heads": 8}, "parameter_index": 0}
[2026-05-18 15:48:10] INFO (NNIManager) submitTrialJob: form: {
  sequenceId: 116,
  hyperParameters: {
    value: '{"parameter_id": 116, "parameter_source": "algorithm", "parameters": {"model_type": "LSTM", "units": 16, "num_layers": 1, "dropout": 0, "activation": "relu", "lr": 0.00031622776601683783, "window_size": 2, "batch_size": 64, "epochs": 10, "kernel_size": 5, "attention_heads": 8}, "parameter_index": 0}',
    index: 0
  },
  placementConstraint: { type: 'None', gpus: [] }
}
[2026-05-18 15:48:10] INFO (LocalV3.local) Created trial Ozhls
[2026-05-18 15:48:12] INFO (LocalV3.local) Trial parameter: Ozhls {"parameter_id": 116, "parameter_source": "algorithm", "parameters": {"model_type": "LSTM", "units": 16, "num_layers": 1, "dropout": 0, "activation": "relu", "lr": 0.00031622776601683783, "window_size": 2, "batch_size": 64, "epochs": 10, "kernel_size": 5, "attention_heads": 8}, "parameter_index": 0}
[2026-05-18 15:48:15] INFO (NNIManager) Trial job Ozhls status changed from RUNNING to SUCCEEDED
[2026-05-18 15:48:15] INFO (NNIManager) NNIManager received command from dispatcher: TR, {"parameter_id": 117, "parameter_source": "algorithm", "parameters": {"model_type": "LSTM", "units": 16, "num_layers": 1, "dropout": 0, "activation": "relu", "lr": 0.00031622776601683783, "window_size": 2, "batch_size": 64, "epochs": 10, "kernel_size": 7, "attention_heads": 2}, "parameter_index": 0}
[2026-05-18 15:48:16] INFO (NNIManager) submitTrialJob: form: {
  sequenceId: 117,
  hyperParameters: {
    value: '{"parameter_id": 117, "parameter_source": "algorithm", "parameters": {"model_type": "LSTM", "units": 16, "num_layers": 1, "dropout": 0, "activation": "relu", "lr": 0.00031622776601683783, "window_size": 2, "batch_size": 64, "epochs": 10, "kernel_size": 7, "attention_heads": 2}, "parameter_index": 0}',
    index: 0
  },
  placementConstraint: { type: 'None', gpus: [] }
}
[2026-05-18 15:48:16] INFO (LocalV3.local) Created trial qunRI
[2026-05-18 15:48:18] INFO (LocalV3.local) Trial parameter: qunRI {"parameter_id": 117, "parameter_source": "algorithm", "parameters": {"model_type": "LSTM", "units": 16, "num_layers": 1, "dropout": 0, "activation": "relu", "lr": 0.00031622776601683783, "window_size": 2, "batch_size": 64, "epochs": 10, "kernel_size": 7, "attention_heads": 2}, "parameter_index": 0}
[2026-05-18 15:48:22] INFO (NNIManager) Trial job qunRI status changed from RUNNING to SUCCEEDED
[2026-05-18 15:48:22] INFO (NNIManager) NNIManager received command from dispatcher: TR, {"parameter_id": 118, "parameter_source": "algorithm", "parameters": {"model_type": "LSTM", "units": 16, "num_layers": 1, "dropout": 0, "activation": "relu", "lr": 0.00031622776601683783, "window_size": 2, "batch_size": 64, "epochs": 10, "kernel_size": 7, "attention_heads": 4}, "parameter_index": 0}
[2026-05-18 15:48:22] INFO (NNIManager) submitTrialJob: form: {
  sequenceId: 118,
  hyperParameters: {
    value: '{"parameter_id": 118, "parameter_source": "algorithm", "parameters": {"model_type": "LSTM", "units": 16, "num_layers": 1, "dropout": 0, "activation": "relu", "lr": 0.00031622776601683783, "window_size": 2, "batch_size": 64, "epochs": 10, "kernel_size": 7, "attention_heads": 4}, "parameter_index": 0}',
    index: 0
  },
  placementConstraint: { type: 'None', gpus: [] }
}
[2026-05-18 15:48:22] INFO (LocalV3.local) Created trial Jvzy8
[2026-05-18 15:48:24] INFO (LocalV3.local) Trial parameter: Jvzy8 {"parameter_id": 118, "parameter_source": "algorithm", "parameters": {"model_type": "LSTM", "units": 16, "num_layers": 1, "dropout": 0, "activation": "relu", "lr": 0.00031622776601683783, "window_size": 2, "batch_size": 64, "epochs": 10, "kernel_size": 7, "attention_heads": 4}, "parameter_index": 0}
[2026-05-18 15:48:28] INFO (NNIManager) Trial job Jvzy8 status changed from RUNNING to SUCCEEDED
[2026-05-18 15:48:28] INFO (NNIManager) NNIManager received command from dispatcher: TR, {"parameter_id": 119, "parameter_source": "algorithm", "parameters": {"model_type": "LSTM", "units": 16, "num_layers": 1, "dropout": 0, "activation": "relu", "lr": 0.00031622776601683783, "window_size": 2, "batch_size": 64, "epochs": 10, "kernel_size": 7, "attention_heads": 8}, "parameter_index": 0}
[2026-05-18 15:48:28] INFO (NNIManager) submitTrialJob: form: {
  sequenceId: 119,
  hyperParameters: {
    value: '{"parameter_id": 119, "parameter_source": "algorithm", "parameters": {"model_type": "LSTM", "units": 16, "num_layers": 1, "dropout": 0, "activation": "relu", "lr": 0.00031622776601683783, "window_size": 2, "batch_size": 64, "epochs": 10, "kernel_size": 7, "attention_heads": 8}, "parameter_index": 0}',
    index: 0
  },
  placementConstraint: { type: 'None', gpus: [] }
}
[2026-05-18 15:48:28] INFO (LocalV3.local) Created trial ZAVS2
[2026-05-18 15:48:30] INFO (LocalV3.local) Trial parameter: ZAVS2 {"parameter_id": 119, "parameter_source": "algorithm", "parameters": {"model_type": "LSTM", "units": 16, "num_layers": 1, "dropout": 0, "activation": "relu", "lr": 0.00031622776601683783, "window_size": 2, "batch_size": 64, "epochs": 10, "kernel_size": 7, "attention_heads": 8}, "parameter_index": 0}
[2026-05-18 15:48:34] INFO (NNIManager) Trial job ZAVS2 status changed from RUNNING to SUCCEEDED
[2026-05-18 15:48:34] INFO (NNIManager) NNIManager received command from dispatcher: TR, {"parameter_id": 120, "parameter_source": "algorithm", "parameters": {"model_type": "LSTM", "units": 16, "num_layers": 1, "dropout": 0, "activation": "relu", "lr": 0.00031622776601683783, "window_size": 2, "batch_size": 64, "epochs": 15, "kernel_size": 2, "attention_heads": 2}, "parameter_index": 0}
[2026-05-18 15:48:34] INFO (NNIManager) submitTrialJob: form: {
  sequenceId: 120,
  hyperParameters: {
    value: '{"parameter_id": 120, "parameter_source": "algorithm", "parameters": {"model_type": "LSTM", "units": 16, "num_layers": 1, "dropout": 0, "activation": "relu", "lr": 0.00031622776601683783, "window_size": 2, "batch_size": 64, "epochs": 15, "kernel_size": 2, "attention_heads": 2}, "parameter_index": 0}',
    index: 0
  },
  placementConstraint: { type: 'None', gpus: [] }
}
[2026-05-18 15:48:34] INFO (LocalV3.local) Created trial vpT9m
[2026-05-18 15:48:36] INFO (LocalV3.local) Trial parameter: vpT9m {"parameter_id": 120, "parameter_source": "algorithm", "parameters": {"model_type": "LSTM", "units": 16, "num_layers": 1, "dropout": 0, "activation": "relu", "lr": 0.00031622776601683783, "window_size": 2, "batch_size": 64, "epochs": 15, "kernel_size": 2, "attention_heads": 2}, "parameter_index": 0}
[2026-05-18 15:48:40] INFO (NNIManager) Trial job vpT9m status changed from RUNNING to SUCCEEDED
[2026-05-18 15:48:40] INFO (NNIManager) NNIManager received command from dispatcher: TR, {"parameter_id": 121, "parameter_source": "algorithm", "parameters": {"model_type": "LSTM", "units": 16, "num_layers": 1, "dropout": 0, "activation": "relu", "lr": 0.00031622776601683783, "window_size": 2, "batch_size": 64, "epochs": 15, "kernel_size": 2, "attention_heads": 4}, "parameter_index": 0}
[2026-05-18 15:48:41] INFO (NNIManager) submitTrialJob: form: {
  sequenceId: 121,
  hyperParameters: {
    value: '{"parameter_id": 121, "parameter_source": "algorithm", "parameters": {"model_type": "LSTM", "units": 16, "num_layers": 1, "dropout": 0, "activation": "relu", "lr": 0.00031622776601683783, "window_size": 2, "batch_size": 64, "epochs": 15, "kernel_size": 2, "attention_heads": 4}, "parameter_index": 0}',
    index: 0
  },
  placementConstraint: { type: 'None', gpus: [] }
}
[2026-05-18 15:48:41] INFO (LocalV3.local) Created trial bkCc5
[2026-05-18 15:48:42] INFO (LocalV3.local) Trial parameter: bkCc5 {"parameter_id": 121, "parameter_source": "algorithm", "parameters": {"model_type": "LSTM", "units": 16, "num_layers": 1, "dropout": 0, "activation": "relu", "lr": 0.00031622776601683783, "window_size": 2, "batch_size": 64, "epochs": 15, "kernel_size": 2, "attention_heads": 4}, "parameter_index": 0}
[2026-05-18 15:48:47] INFO (NNIManager) Trial job bkCc5 status changed from RUNNING to SUCCEEDED
[2026-05-18 15:48:47] INFO (NNIManager) NNIManager received command from dispatcher: TR, {"parameter_id": 122, "parameter_source": "algorithm", "parameters": {"model_type": "LSTM", "units": 16, "num_layers": 1, "dropout": 0, "activation": "relu", "lr": 0.00031622776601683783, "window_size": 2, "batch_size": 64, "epochs": 15, "kernel_size": 2, "attention_heads": 8}, "parameter_index": 0}
[2026-05-18 15:48:47] INFO (NNIManager) submitTrialJob: form: {
  sequenceId: 122,
  hyperParameters: {
    value: '{"parameter_id": 122, "parameter_source": "algorithm", "parameters": {"model_type": "LSTM", "units": 16, "num_layers": 1, "dropout": 0, "activation": "relu", "lr": 0.00031622776601683783, "window_size": 2, "batch_size": 64, "epochs": 15, "kernel_size": 2, "attention_heads": 8}, "parameter_index": 0}',
    index: 0
  },
  placementConstraint: { type: 'None', gpus: [] }
}
[2026-05-18 15:48:47] INFO (LocalV3.local) Created trial iVZvx
[2026-05-18 15:48:49] INFO (LocalV3.local) Trial parameter: iVZvx {"parameter_id": 122, "parameter_source": "algorithm", "parameters": {"model_type": "LSTM", "units": 16, "num_layers": 1, "dropout": 0, "activation": "relu", "lr": 0.00031622776601683783, "window_size": 2, "batch_size": 64, "epochs": 15, "kernel_size": 2, "attention_heads": 8}, "parameter_index": 0}
[2026-05-18 15:48:53] INFO (NNIManager) Trial job iVZvx status changed from RUNNING to SUCCEEDED
[2026-05-18 15:48:53] INFO (NNIManager) NNIManager received command from dispatcher: TR, {"parameter_id": 123, "parameter_source": "algorithm", "parameters": {"model_type": "LSTM", "units": 16, "num_layers": 1, "dropout": 0, "activation": "relu", "lr": 0.00031622776601683783, "window_size": 2, "batch_size": 64, "epochs": 15, "kernel_size": 3, "attention_heads": 2}, "parameter_index": 0}
[2026-05-18 15:48:54] INFO (NNIManager) submitTrialJob: form: {
  sequenceId: 123,
  hyperParameters: {
    value: '{"parameter_id": 123, "parameter_source": "algorithm", "parameters": {"model_type": "LSTM", "units": 16, "num_layers": 1, "dropout": 0, "activation": "relu", "lr": 0.00031622776601683783, "window_size": 2, "batch_size": 64, "epochs": 15, "kernel_size": 3, "attention_heads": 2}, "parameter_index": 0}',
    index: 0
  },
  placementConstraint: { type: 'None', gpus: [] }
}
[2026-05-18 15:48:54] INFO (LocalV3.local) Created trial upXiM
[2026-05-18 15:48:56] INFO (LocalV3.local) Trial parameter: upXiM {"parameter_id": 123, "parameter_source": "algorithm", "parameters": {"model_type": "LSTM", "units": 16, "num_layers": 1, "dropout": 0, "activation": "relu", "lr": 0.00031622776601683783, "window_size": 2, "batch_size": 64, "epochs": 15, "kernel_size": 3, "attention_heads": 2}, "parameter_index": 0}
[2026-05-18 15:49:00] INFO (NNIManager) Trial job upXiM status changed from RUNNING to SUCCEEDED
[2026-05-18 15:49:00] INFO (NNIManager) NNIManager received command from dispatcher: TR, {"parameter_id": 124, "parameter_source": "algorithm", "parameters": {"model_type": "LSTM", "units": 16, "num_layers": 1, "dropout": 0, "activation": "relu", "lr": 0.00031622776601683783, "window_size": 2, "batch_size": 64, "epochs": 15, "kernel_size": 3, "attention_heads": 4}, "parameter_index": 0}
[2026-05-18 15:49:00] INFO (NNIManager) submitTrialJob: form: {
  sequenceId: 124,
  hyperParameters: {
    value: '{"parameter_id": 124, "parameter_source": "algorithm", "parameters": {"model_type": "LSTM", "units": 16, "num_layers": 1, "dropout": 0, "activation": "relu", "lr": 0.00031622776601683783, "window_size": 2, "batch_size": 64, "epochs": 15, "kernel_size": 3, "attention_heads": 4}, "parameter_index": 0}',
    index: 0
  },
  placementConstraint: { type: 'None', gpus: [] }
}
[2026-05-18 15:49:00] INFO (LocalV3.local) Created trial If5Mm
[2026-05-18 15:49:02] INFO (LocalV3.local) Trial parameter: If5Mm {"parameter_id": 124, "parameter_source": "algorithm", "parameters": {"model_type": "LSTM", "units": 16, "num_layers": 1, "dropout": 0, "activation": "relu", "lr": 0.00031622776601683783, "window_size": 2, "batch_size": 64, "epochs": 15, "kernel_size": 3, "attention_heads": 4}, "parameter_index": 0}
[2026-05-18 15:49:06] INFO (NNIManager) Trial job If5Mm status changed from RUNNING to SUCCEEDED
[2026-05-18 15:49:06] INFO (NNIManager) NNIManager received command from dispatcher: TR, {"parameter_id": 125, "parameter_source": "algorithm", "parameters": {"model_type": "LSTM", "units": 16, "num_layers": 1, "dropout": 0, "activation": "relu", "lr": 0.00031622776601683783, "window_size": 2, "batch_size": 64, "epochs": 15, "kernel_size": 3, "attention_heads": 8}, "parameter_index": 0}
[2026-05-18 15:49:07] INFO (NNIManager) submitTrialJob: form: {
  sequenceId: 125,
  hyperParameters: {
    value: '{"parameter_id": 125, "parameter_source": "algorithm", "parameters": {"model_type": "LSTM", "units": 16, "num_layers": 1, "dropout": 0, "activation": "relu", "lr": 0.00031622776601683783, "window_size": 2, "batch_size": 64, "epochs": 15, "kernel_size": 3, "attention_heads": 8}, "parameter_index": 0}',
    index: 0
  },
  placementConstraint: { type: 'None', gpus: [] }
}
[2026-05-18 15:49:07] INFO (LocalV3.local) Created trial fp2le
[2026-05-18 15:49:08] INFO (LocalV3.local) Trial parameter: fp2le {"parameter_id": 125, "parameter_source": "algorithm", "parameters": {"model_type": "LSTM", "units": 16, "num_layers": 1, "dropout": 0, "activation": "relu", "lr": 0.00031622776601683783, "window_size": 2, "batch_size": 64, "epochs": 15, "kernel_size": 3, "attention_heads": 8}, "parameter_index": 0}
[2026-05-18 15:49:13] INFO (NNIManager) Trial job fp2le status changed from RUNNING to SUCCEEDED
[2026-05-18 15:49:13] INFO (NNIManager) NNIManager received command from dispatcher: TR, {"parameter_id": 126, "parameter_source": "algorithm", "parameters": {"model_type": "LSTM", "units": 16, "num_layers": 1, "dropout": 0, "activation": "relu", "lr": 0.00031622776601683783, "window_size": 2, "batch_size": 64, "epochs": 15, "kernel_size": 5, "attention_heads": 2}, "parameter_index": 0}
[2026-05-18 15:49:14] INFO (NNIManager) submitTrialJob: form: {
  sequenceId: 126,
  hyperParameters: {
    value: '{"parameter_id": 126, "parameter_source": "algorithm", "parameters": {"model_type": "LSTM", "units": 16, "num_layers": 1, "dropout": 0, "activation": "relu", "lr": 0.00031622776601683783, "window_size": 2, "batch_size": 64, "epochs": 15, "kernel_size": 5, "attention_heads": 2}, "parameter_index": 0}',
    index: 0
  },
  placementConstraint: { type: 'None', gpus: [] }
}
[2026-05-18 15:49:14] INFO (LocalV3.local) Created trial XdFvS
[2026-05-18 15:49:16] INFO (LocalV3.local) Trial parameter: XdFvS {"parameter_id": 126, "parameter_source": "algorithm", "parameters": {"model_type": "LSTM", "units": 16, "num_layers": 1, "dropout": 0, "activation": "relu", "lr": 0.00031622776601683783, "window_size": 2, "batch_size": 64, "epochs": 15, "kernel_size": 5, "attention_heads": 2}, "parameter_index": 0}
[2026-05-18 15:49:20] INFO (NNIManager) Trial job XdFvS status changed from RUNNING to SUCCEEDED
[2026-05-18 15:49:20] INFO (NNIManager) NNIManager received command from dispatcher: TR, {"parameter_id": 127, "parameter_source": "algorithm", "parameters": {"model_type": "LSTM", "units": 16, "num_layers": 1, "dropout": 0, "activation": "relu", "lr": 0.00031622776601683783, "window_size": 2, "batch_size": 64, "epochs": 15, "kernel_size": 5, "attention_heads": 4}, "parameter_index": 0}
[2026-05-18 15:49:21] INFO (NNIManager) submitTrialJob: form: {
  sequenceId: 127,
  hyperParameters: {
    value: '{"parameter_id": 127, "parameter_source": "algorithm", "parameters": {"model_type": "LSTM", "units": 16, "num_layers": 1, "dropout": 0, "activation": "relu", "lr": 0.00031622776601683783, "window_size": 2, "batch_size": 64, "epochs": 15, "kernel_size": 5, "attention_heads": 4}, "parameter_index": 0}',
    index: 0
  },
  placementConstraint: { type: 'None', gpus: [] }
}
[2026-05-18 15:49:21] INFO (LocalV3.local) Created trial nRJ4h
[2026-05-18 15:49:23] INFO (LocalV3.local) Trial parameter: nRJ4h {"parameter_id": 127, "parameter_source": "algorithm", "parameters": {"model_type": "LSTM", "units": 16, "num_layers": 1, "dropout": 0, "activation": "relu", "lr": 0.00031622776601683783, "window_size": 2, "batch_size": 64, "epochs": 15, "kernel_size": 5, "attention_heads": 4}, "parameter_index": 0}
[2026-05-18 15:49:27] INFO (NNIManager) Trial job nRJ4h status changed from RUNNING to SUCCEEDED
[2026-05-18 15:49:27] INFO (NNIManager) NNIManager received command from dispatcher: TR, {"parameter_id": 128, "parameter_source": "algorithm", "parameters": {"model_type": "LSTM", "units": 16, "num_layers": 1, "dropout": 0, "activation": "relu", "lr": 0.00031622776601683783, "window_size": 2, "batch_size": 64, "epochs": 15, "kernel_size": 5, "attention_heads": 8}, "parameter_index": 0}
[2026-05-18 15:49:27] INFO (NNIManager) submitTrialJob: form: {
  sequenceId: 128,
  hyperParameters: {
    value: '{"parameter_id": 128, "parameter_source": "algorithm", "parameters": {"model_type": "LSTM", "units": 16, "num_layers": 1, "dropout": 0, "activation": "relu", "lr": 0.00031622776601683783, "window_size": 2, "batch_size": 64, "epochs": 15, "kernel_size": 5, "attention_heads": 8}, "parameter_index": 0}',
    index: 0
  },
  placementConstraint: { type: 'None', gpus: [] }
}
[2026-05-18 15:49:27] INFO (LocalV3.local) Created trial UsPSV
[2026-05-18 15:49:29] INFO (LocalV3.local) Trial parameter: UsPSV {"parameter_id": 128, "parameter_source": "algorithm", "parameters": {"model_type": "LSTM", "units": 16, "num_layers": 1, "dropout": 0, "activation": "relu", "lr": 0.00031622776601683783, "window_size": 2, "batch_size": 64, "epochs": 15, "kernel_size": 5, "attention_heads": 8}, "parameter_index": 0}
[2026-05-18 15:49:33] INFO (NNIManager) Trial job UsPSV status changed from RUNNING to SUCCEEDED
[2026-05-18 15:49:33] INFO (NNIManager) NNIManager received command from dispatcher: TR, {"parameter_id": 129, "parameter_source": "algorithm", "parameters": {"model_type": "LSTM", "units": 16, "num_layers": 1, "dropout": 0, "activation": "relu", "lr": 0.00031622776601683783, "window_size": 2, "batch_size": 64, "epochs": 15, "kernel_size": 7, "attention_heads": 2}, "parameter_index": 0}
[2026-05-18 15:49:34] INFO (NNIManager) submitTrialJob: form: {
  sequenceId: 129,
  hyperParameters: {
    value: '{"parameter_id": 129, "parameter_source": "algorithm", "parameters": {"model_type": "LSTM", "units": 16, "num_layers": 1, "dropout": 0, "activation": "relu", "lr": 0.00031622776601683783, "window_size": 2, "batch_size": 64, "epochs": 15, "kernel_size": 7, "attention_heads": 2}, "parameter_index": 0}',
    index: 0
  },
  placementConstraint: { type: 'None', gpus: [] }
}
[2026-05-18 15:49:34] INFO (LocalV3.local) Created trial DROmI
[2026-05-18 15:49:36] INFO (LocalV3.local) Trial parameter: DROmI {"parameter_id": 129, "parameter_source": "algorithm", "parameters": {"model_type": "LSTM", "units": 16, "num_layers": 1, "dropout": 0, "activation": "relu", "lr": 0.00031622776601683783, "window_size": 2, "batch_size": 64, "epochs": 15, "kernel_size": 7, "attention_heads": 2}, "parameter_index": 0}
[2026-05-18 15:49:40] INFO (NNIManager) Trial job DROmI status changed from RUNNING to SUCCEEDED
[2026-05-18 15:49:40] INFO (NNIManager) NNIManager received command from dispatcher: TR, {"parameter_id": 130, "parameter_source": "algorithm", "parameters": {"model_type": "LSTM", "units": 16, "num_layers": 1, "dropout": 0, "activation": "relu", "lr": 0.00031622776601683783, "window_size": 2, "batch_size": 64, "epochs": 15, "kernel_size": 7, "attention_heads": 4}, "parameter_index": 0}
[2026-05-18 15:49:40] INFO (NNIManager) submitTrialJob: form: {
  sequenceId: 130,
  hyperParameters: {
    value: '{"parameter_id": 130, "parameter_source": "algorithm", "parameters": {"model_type": "LSTM", "units": 16, "num_layers": 1, "dropout": 0, "activation": "relu", "lr": 0.00031622776601683783, "window_size": 2, "batch_size": 64, "epochs": 15, "kernel_size": 7, "attention_heads": 4}, "parameter_index": 0}',
    index: 0
  },
  placementConstraint: { type: 'None', gpus: [] }
}
[2026-05-18 15:49:40] INFO (LocalV3.local) Created trial L7RK0
[2026-05-18 15:49:42] INFO (LocalV3.local) Trial parameter: L7RK0 {"parameter_id": 130, "parameter_source": "algorithm", "parameters": {"model_type": "LSTM", "units": 16, "num_layers": 1, "dropout": 0, "activation": "relu", "lr": 0.00031622776601683783, "window_size": 2, "batch_size": 64, "epochs": 15, "kernel_size": 7, "attention_heads": 4}, "parameter_index": 0}
[2026-05-18 15:49:46] INFO (NNIManager) Trial job L7RK0 status changed from RUNNING to SUCCEEDED
[2026-05-18 15:49:46] INFO (NNIManager) NNIManager received command from dispatcher: TR, {"parameter_id": 131, "parameter_source": "algorithm", "parameters": {"model_type": "LSTM", "units": 16, "num_layers": 1, "dropout": 0, "activation": "relu", "lr": 0.00031622776601683783, "window_size": 2, "batch_size": 64, "epochs": 15, "kernel_size": 7, "attention_heads": 8}, "parameter_index": 0}
[2026-05-18 15:49:47] INFO (NNIManager) submitTrialJob: form: {
  sequenceId: 131,
  hyperParameters: {
    value: '{"parameter_id": 131, "parameter_source": "algorithm", "parameters": {"model_type": "LSTM", "units": 16, "num_layers": 1, "dropout": 0, "activation": "relu", "lr": 0.00031622776601683783, "window_size": 2, "batch_size": 64, "epochs": 15, "kernel_size": 7, "attention_heads": 8}, "parameter_index": 0}',
    index: 0
  },
  placementConstraint: { type: 'None', gpus: [] }
}
[2026-05-18 15:49:47] INFO (LocalV3.local) Created trial KG1yK
[2026-05-18 15:49:49] INFO (LocalV3.local) Trial parameter: KG1yK {"parameter_id": 131, "parameter_source": "algorithm", "parameters": {"model_type": "LSTM", "units": 16, "num_layers": 1, "dropout": 0, "activation": "relu", "lr": 0.00031622776601683783, "window_size": 2, "batch_size": 64, "epochs": 15, "kernel_size": 7, "attention_heads": 8}, "parameter_index": 0}
[2026-05-18 15:49:53] INFO (NNIManager) Trial job KG1yK status changed from RUNNING to SUCCEEDED
[2026-05-18 15:49:53] INFO (NNIManager) NNIManager received command from dispatcher: TR, {"parameter_id": 132, "parameter_source": "algorithm", "parameters": {"model_type": "LSTM", "units": 16, "num_layers": 1, "dropout": 0, "activation": "relu", "lr": 0.00031622776601683783, "window_size": 2, "batch_size": 64, "epochs": 20, "kernel_size": 2, "attention_heads": 2}, "parameter_index": 0}
[2026-05-18 15:49:54] INFO (NNIManager) submitTrialJob: form: {
  sequenceId: 132,
  hyperParameters: {
    value: '{"parameter_id": 132, "parameter_source": "algorithm", "parameters": {"model_type": "LSTM", "units": 16, "num_layers": 1, "dropout": 0, "activation": "relu", "lr": 0.00031622776601683783, "window_size": 2, "batch_size": 64, "epochs": 20, "kernel_size": 2, "attention_heads": 2}, "parameter_index": 0}',
    index: 0
  },
  placementConstraint: { type: 'None', gpus: [] }
}
[2026-05-18 15:49:54] INFO (LocalV3.local) Created trial XU9SL
[2026-05-18 15:49:55] INFO (LocalV3.local) Trial parameter: XU9SL {"parameter_id": 132, "parameter_source": "algorithm", "parameters": {"model_type": "LSTM", "units": 16, "num_layers": 1, "dropout": 0, "activation": "relu", "lr": 0.00031622776601683783, "window_size": 2, "batch_size": 64, "epochs": 20, "kernel_size": 2, "attention_heads": 2}, "parameter_index": 0}
[2026-05-18 15:50:00] INFO (NNIManager) Trial job XU9SL status changed from RUNNING to SUCCEEDED
[2026-05-18 15:50:00] INFO (NNIManager) NNIManager received command from dispatcher: TR, {"parameter_id": 133, "parameter_source": "algorithm", "parameters": {"model_type": "LSTM", "units": 16, "num_layers": 1, "dropout": 0, "activation": "relu", "lr": 0.00031622776601683783, "window_size": 2, "batch_size": 64, "epochs": 20, "kernel_size": 2, "attention_heads": 4}, "parameter_index": 0}
[2026-05-18 15:50:01] INFO (NNIManager) submitTrialJob: form: {
  sequenceId: 133,
  hyperParameters: {
    value: '{"parameter_id": 133, "parameter_source": "algorithm", "parameters": {"model_type": "LSTM", "units": 16, "num_layers": 1, "dropout": 0, "activation": "relu", "lr": 0.00031622776601683783, "window_size": 2, "batch_size": 64, "epochs": 20, "kernel_size": 2, "attention_heads": 4}, "parameter_index": 0}',
    index: 0
  },
  placementConstraint: { type: 'None', gpus: [] }
}
[2026-05-18 15:50:01] INFO (LocalV3.local) Created trial if3Zt
[2026-05-18 15:50:02] INFO (LocalV3.local) Trial parameter: if3Zt {"parameter_id": 133, "parameter_source": "algorithm", "parameters": {"model_type": "LSTM", "units": 16, "num_layers": 1, "dropout": 0, "activation": "relu", "lr": 0.00031622776601683783, "window_size": 2, "batch_size": 64, "epochs": 20, "kernel_size": 2, "attention_heads": 4}, "parameter_index": 0}
[2026-05-18 15:50:07] INFO (NNIManager) Trial job if3Zt status changed from RUNNING to SUCCEEDED
[2026-05-18 15:50:07] INFO (NNIManager) NNIManager received command from dispatcher: TR, {"parameter_id": 134, "parameter_source": "algorithm", "parameters": {"model_type": "LSTM", "units": 16, "num_layers": 1, "dropout": 0, "activation": "relu", "lr": 0.00031622776601683783, "window_size": 2, "batch_size": 64, "epochs": 20, "kernel_size": 2, "attention_heads": 8}, "parameter_index": 0}
[2026-05-18 15:50:08] INFO (NNIManager) submitTrialJob: form: {
  sequenceId: 134,
  hyperParameters: {
    value: '{"parameter_id": 134, "parameter_source": "algorithm", "parameters": {"model_type": "LSTM", "units": 16, "num_layers": 1, "dropout": 0, "activation": "relu", "lr": 0.00031622776601683783, "window_size": 2, "batch_size": 64, "epochs": 20, "kernel_size": 2, "attention_heads": 8}, "parameter_index": 0}',
    index: 0
  },
  placementConstraint: { type: 'None', gpus: [] }
}
[2026-05-18 15:50:08] INFO (LocalV3.local) Created trial HpZ9T
[2026-05-18 15:50:09] INFO (LocalV3.local) Trial parameter: HpZ9T {"parameter_id": 134, "parameter_source": "algorithm", "parameters": {"model_type": "LSTM", "units": 16, "num_layers": 1, "dropout": 0, "activation": "relu", "lr": 0.00031622776601683783, "window_size": 2, "batch_size": 64, "epochs": 20, "kernel_size": 2, "attention_heads": 8}, "parameter_index": 0}
[2026-05-18 15:50:14] INFO (NNIManager) Trial job HpZ9T status changed from RUNNING to SUCCEEDED
[2026-05-18 15:50:14] INFO (NNIManager) NNIManager received command from dispatcher: TR, {"parameter_id": 135, "parameter_source": "algorithm", "parameters": {"model_type": "LSTM", "units": 16, "num_layers": 1, "dropout": 0, "activation": "relu", "lr": 0.00031622776601683783, "window_size": 2, "batch_size": 64, "epochs": 20, "kernel_size": 3, "attention_heads": 2}, "parameter_index": 0}
[2026-05-18 15:50:15] INFO (NNIManager) submitTrialJob: form: {
  sequenceId: 135,
  hyperParameters: {
    value: '{"parameter_id": 135, "parameter_source": "algorithm", "parameters": {"model_type": "LSTM", "units": 16, "num_layers": 1, "dropout": 0, "activation": "relu", "lr": 0.00031622776601683783, "window_size": 2, "batch_size": 64, "epochs": 20, "kernel_size": 3, "attention_heads": 2}, "parameter_index": 0}',
    index: 0
  },
  placementConstraint: { type: 'None', gpus: [] }
}
[2026-05-18 15:50:15] INFO (LocalV3.local) Created trial vcaF7
[2026-05-18 15:50:16] INFO (LocalV3.local) Trial parameter: vcaF7 {"parameter_id": 135, "parameter_source": "algorithm", "parameters": {"model_type": "LSTM", "units": 16, "num_layers": 1, "dropout": 0, "activation": "relu", "lr": 0.00031622776601683783, "window_size": 2, "batch_size": 64, "epochs": 20, "kernel_size": 3, "attention_heads": 2}, "parameter_index": 0}
[2026-05-18 15:50:21] INFO (NNIManager) Trial job vcaF7 status changed from RUNNING to SUCCEEDED
[2026-05-18 15:50:21] INFO (NNIManager) NNIManager received command from dispatcher: TR, {"parameter_id": 136, "parameter_source": "algorithm", "parameters": {"model_type": "LSTM", "units": 16, "num_layers": 1, "dropout": 0, "activation": "relu", "lr": 0.00031622776601683783, "window_size": 2, "batch_size": 64, "epochs": 20, "kernel_size": 3, "attention_heads": 4}, "parameter_index": 0}
[2026-05-18 15:50:22] INFO (NNIManager) submitTrialJob: form: {
  sequenceId: 136,
  hyperParameters: {
    value: '{"parameter_id": 136, "parameter_source": "algorithm", "parameters": {"model_type": "LSTM", "units": 16, "num_layers": 1, "dropout": 0, "activation": "relu", "lr": 0.00031622776601683783, "window_size": 2, "batch_size": 64, "epochs": 20, "kernel_size": 3, "attention_heads": 4}, "parameter_index": 0}',
    index: 0
  },
  placementConstraint: { type: 'None', gpus: [] }
}
[2026-05-18 15:50:22] INFO (LocalV3.local) Created trial oJegq
[2026-05-18 15:50:23] INFO (LocalV3.local) Trial parameter: oJegq {"parameter_id": 136, "parameter_source": "algorithm", "parameters": {"model_type": "LSTM", "units": 16, "num_layers": 1, "dropout": 0, "activation": "relu", "lr": 0.00031622776601683783, "window_size": 2, "batch_size": 64, "epochs": 20, "kernel_size": 3, "attention_heads": 4}, "parameter_index": 0}
[2026-05-18 15:50:28] INFO (NNIManager) Trial job oJegq status changed from RUNNING to SUCCEEDED
[2026-05-18 15:50:28] INFO (NNIManager) NNIManager received command from dispatcher: TR, {"parameter_id": 137, "parameter_source": "algorithm", "parameters": {"model_type": "LSTM", "units": 16, "num_layers": 1, "dropout": 0, "activation": "relu", "lr": 0.00031622776601683783, "window_size": 2, "batch_size": 64, "epochs": 20, "kernel_size": 3, "attention_heads": 8}, "parameter_index": 0}
[2026-05-18 15:50:29] INFO (NNIManager) submitTrialJob: form: {
  sequenceId: 137,
  hyperParameters: {
    value: '{"parameter_id": 137, "parameter_source": "algorithm", "parameters": {"model_type": "LSTM", "units": 16, "num_layers": 1, "dropout": 0, "activation": "relu", "lr": 0.00031622776601683783, "window_size": 2, "batch_size": 64, "epochs": 20, "kernel_size": 3, "attention_heads": 8}, "parameter_index": 0}',
    index: 0
  },
  placementConstraint: { type: 'None', gpus: [] }
}
[2026-05-18 15:50:29] INFO (LocalV3.local) Created trial nyEjm
[2026-05-18 15:50:30] INFO (LocalV3.local) Trial parameter: nyEjm {"parameter_id": 137, "parameter_source": "algorithm", "parameters": {"model_type": "LSTM", "units": 16, "num_layers": 1, "dropout": 0, "activation": "relu", "lr": 0.00031622776601683783, "window_size": 2, "batch_size": 64, "epochs": 20, "kernel_size": 3, "attention_heads": 8}, "parameter_index": 0}
[2026-05-18 15:50:35] INFO (NNIManager) Trial job nyEjm status changed from RUNNING to SUCCEEDED
[2026-05-18 15:50:35] INFO (NNIManager) NNIManager received command from dispatcher: TR, {"parameter_id": 138, "parameter_source": "algorithm", "parameters": {"model_type": "LSTM", "units": 16, "num_layers": 1, "dropout": 0, "activation": "relu", "lr": 0.00031622776601683783, "window_size": 2, "batch_size": 64, "epochs": 20, "kernel_size": 5, "attention_heads": 2}, "parameter_index": 0}
[2026-05-18 15:50:36] INFO (NNIManager) submitTrialJob: form: {
  sequenceId: 138,
  hyperParameters: {
    value: '{"parameter_id": 138, "parameter_source": "algorithm", "parameters": {"model_type": "LSTM", "units": 16, "num_layers": 1, "dropout": 0, "activation": "relu", "lr": 0.00031622776601683783, "window_size": 2, "batch_size": 64, "epochs": 20, "kernel_size": 5, "attention_heads": 2}, "parameter_index": 0}',
    index: 0
  },
  placementConstraint: { type: 'None', gpus: [] }
}
[2026-05-18 15:50:36] INFO (LocalV3.local) Created trial u29QB
[2026-05-18 15:50:38] INFO (LocalV3.local) Trial parameter: u29QB {"parameter_id": 138, "parameter_source": "algorithm", "parameters": {"model_type": "LSTM", "units": 16, "num_layers": 1, "dropout": 0, "activation": "relu", "lr": 0.00031622776601683783, "window_size": 2, "batch_size": 64, "epochs": 20, "kernel_size": 5, "attention_heads": 2}, "parameter_index": 0}
[2026-05-18 15:50:42] INFO (NNIManager) Trial job u29QB status changed from RUNNING to SUCCEEDED
[2026-05-18 15:50:42] INFO (NNIManager) NNIManager received command from dispatcher: TR, {"parameter_id": 139, "parameter_source": "algorithm", "parameters": {"model_type": "LSTM", "units": 16, "num_layers": 1, "dropout": 0, "activation": "relu", "lr": 0.00031622776601683783, "window_size": 2, "batch_size": 64, "epochs": 20, "kernel_size": 5, "attention_heads": 4}, "parameter_index": 0}
[2026-05-18 15:50:43] INFO (NNIManager) submitTrialJob: form: {
  sequenceId: 139,
  hyperParameters: {
    value: '{"parameter_id": 139, "parameter_source": "algorithm", "parameters": {"model_type": "LSTM", "units": 16, "num_layers": 1, "dropout": 0, "activation": "relu", "lr": 0.00031622776601683783, "window_size": 2, "batch_size": 64, "epochs": 20, "kernel_size": 5, "attention_heads": 4}, "parameter_index": 0}',
    index: 0
  },
  placementConstraint: { type: 'None', gpus: [] }
}
[2026-05-18 15:50:43] INFO (LocalV3.local) Created trial JutRB
[2026-05-18 15:50:45] INFO (LocalV3.local) Trial parameter: JutRB {"parameter_id": 139, "parameter_source": "algorithm", "parameters": {"model_type": "LSTM", "units": 16, "num_layers": 1, "dropout": 0, "activation": "relu", "lr": 0.00031622776601683783, "window_size": 2, "batch_size": 64, "epochs": 20, "kernel_size": 5, "attention_heads": 4}, "parameter_index": 0}
[2026-05-18 15:50:49] INFO (NNIManager) Trial job JutRB status changed from RUNNING to SUCCEEDED
[2026-05-18 15:50:49] INFO (NNIManager) NNIManager received command from dispatcher: TR, {"parameter_id": 140, "parameter_source": "algorithm", "parameters": {"model_type": "LSTM", "units": 16, "num_layers": 1, "dropout": 0, "activation": "relu", "lr": 0.00031622776601683783, "window_size": 2, "batch_size": 64, "epochs": 20, "kernel_size": 5, "attention_heads": 8}, "parameter_index": 0}
[2026-05-18 15:50:50] INFO (NNIManager) submitTrialJob: form: {
  sequenceId: 140,
  hyperParameters: {
    value: '{"parameter_id": 140, "parameter_source": "algorithm", "parameters": {"model_type": "LSTM", "units": 16, "num_layers": 1, "dropout": 0, "activation": "relu", "lr": 0.00031622776601683783, "window_size": 2, "batch_size": 64, "epochs": 20, "kernel_size": 5, "attention_heads": 8}, "parameter_index": 0}',
    index: 0
  },
  placementConstraint: { type: 'None', gpus: [] }
}
[2026-05-18 15:50:50] INFO (LocalV3.local) Created trial wrbCh
[2026-05-18 15:50:52] INFO (LocalV3.local) Trial parameter: wrbCh {"parameter_id": 140, "parameter_source": "algorithm", "parameters": {"model_type": "LSTM", "units": 16, "num_layers": 1, "dropout": 0, "activation": "relu", "lr": 0.00031622776601683783, "window_size": 2, "batch_size": 64, "epochs": 20, "kernel_size": 5, "attention_heads": 8}, "parameter_index": 0}
[2026-05-18 15:50:56] INFO (NNIManager) Trial job wrbCh status changed from RUNNING to SUCCEEDED
[2026-05-18 15:50:56] INFO (NNIManager) NNIManager received command from dispatcher: TR, {"parameter_id": 141, "parameter_source": "algorithm", "parameters": {"model_type": "LSTM", "units": 16, "num_layers": 1, "dropout": 0, "activation": "relu", "lr": 0.00031622776601683783, "window_size": 2, "batch_size": 64, "epochs": 20, "kernel_size": 7, "attention_heads": 2}, "parameter_index": 0}
[2026-05-18 15:50:57] INFO (NNIManager) submitTrialJob: form: {
  sequenceId: 141,
  hyperParameters: {
    value: '{"parameter_id": 141, "parameter_source": "algorithm", "parameters": {"model_type": "LSTM", "units": 16, "num_layers": 1, "dropout": 0, "activation": "relu", "lr": 0.00031622776601683783, "window_size": 2, "batch_size": 64, "epochs": 20, "kernel_size": 7, "attention_heads": 2}, "parameter_index": 0}',
    index: 0
  },
  placementConstraint: { type: 'None', gpus: [] }
}
[2026-05-18 15:50:57] INFO (LocalV3.local) Created trial X41q5
[2026-05-18 15:50:59] INFO (LocalV3.local) Trial parameter: X41q5 {"parameter_id": 141, "parameter_source": "algorithm", "parameters": {"model_type": "LSTM", "units": 16, "num_layers": 1, "dropout": 0, "activation": "relu", "lr": 0.00031622776601683783, "window_size": 2, "batch_size": 64, "epochs": 20, "kernel_size": 7, "attention_heads": 2}, "parameter_index": 0}
[2026-05-18 15:51:03] INFO (NNIManager) Trial job X41q5 status changed from RUNNING to SUCCEEDED
[2026-05-18 15:51:03] INFO (NNIManager) NNIManager received command from dispatcher: TR, {"parameter_id": 142, "parameter_source": "algorithm", "parameters": {"model_type": "LSTM", "units": 16, "num_layers": 1, "dropout": 0, "activation": "relu", "lr": 0.00031622776601683783, "window_size": 2, "batch_size": 64, "epochs": 20, "kernel_size": 7, "attention_heads": 4}, "parameter_index": 0}
[2026-05-18 15:51:04] INFO (NNIManager) submitTrialJob: form: {
  sequenceId: 142,
  hyperParameters: {
    value: '{"parameter_id": 142, "parameter_source": "algorithm", "parameters": {"model_type": "LSTM", "units": 16, "num_layers": 1, "dropout": 0, "activation": "relu", "lr": 0.00031622776601683783, "window_size": 2, "batch_size": 64, "epochs": 20, "kernel_size": 7, "attention_heads": 4}, "parameter_index": 0}',
    index: 0
  },
  placementConstraint: { type: 'None', gpus: [] }
}
[2026-05-18 15:51:04] INFO (LocalV3.local) Created trial ZngKX
[2026-05-18 15:51:06] INFO (LocalV3.local) Trial parameter: ZngKX {"parameter_id": 142, "parameter_source": "algorithm", "parameters": {"model_type": "LSTM", "units": 16, "num_layers": 1, "dropout": 0, "activation": "relu", "lr": 0.00031622776601683783, "window_size": 2, "batch_size": 64, "epochs": 20, "kernel_size": 7, "attention_heads": 4}, "parameter_index": 0}
[2026-05-18 15:51:10] INFO (NNIManager) Trial job ZngKX status changed from RUNNING to SUCCEEDED
[2026-05-18 15:51:10] INFO (NNIManager) NNIManager received command from dispatcher: TR, {"parameter_id": 143, "parameter_source": "algorithm", "parameters": {"model_type": "LSTM", "units": 16, "num_layers": 1, "dropout": 0, "activation": "relu", "lr": 0.00031622776601683783, "window_size": 2, "batch_size": 64, "epochs": 20, "kernel_size": 7, "attention_heads": 8}, "parameter_index": 0}
[2026-05-18 15:51:11] INFO (NNIManager) submitTrialJob: form: {
  sequenceId: 143,
  hyperParameters: {
    value: '{"parameter_id": 143, "parameter_source": "algorithm", "parameters": {"model_type": "LSTM", "units": 16, "num_layers": 1, "dropout": 0, "activation": "relu", "lr": 0.00031622776601683783, "window_size": 2, "batch_size": 64, "epochs": 20, "kernel_size": 7, "attention_heads": 8}, "parameter_index": 0}',
    index: 0
  },
  placementConstraint: { type: 'None', gpus: [] }
}
[2026-05-18 15:51:11] INFO (LocalV3.local) Created trial b0UFH
[2026-05-18 15:51:13] INFO (LocalV3.local) Trial parameter: b0UFH {"parameter_id": 143, "parameter_source": "algorithm", "parameters": {"model_type": "LSTM", "units": 16, "num_layers": 1, "dropout": 0, "activation": "relu", "lr": 0.00031622776601683783, "window_size": 2, "batch_size": 64, "epochs": 20, "kernel_size": 7, "attention_heads": 8}, "parameter_index": 0}
[2026-05-18 15:51:17] INFO (NNIManager) Trial job b0UFH status changed from RUNNING to SUCCEEDED
[2026-05-18 15:51:17] INFO (NNIManager) NNIManager received command from dispatcher: TR, {"parameter_id": 144, "parameter_source": "algorithm", "parameters": {"model_type": "LSTM", "units": 16, "num_layers": 1, "dropout": 0, "activation": "relu", "lr": 0.00031622776601683783, "window_size": 2, "batch_size": 128, "epochs": 5, "kernel_size": 2, "attention_heads": 2}, "parameter_index": 0}
[2026-05-18 15:51:18] INFO (NNIManager) submitTrialJob: form: {
  sequenceId: 144,
  hyperParameters: {
    value: '{"parameter_id": 144, "parameter_source": "algorithm", "parameters": {"model_type": "LSTM", "units": 16, "num_layers": 1, "dropout": 0, "activation": "relu", "lr": 0.00031622776601683783, "window_size": 2, "batch_size": 128, "epochs": 5, "kernel_size": 2, "attention_heads": 2}, "parameter_index": 0}',
    index: 0
  },
  placementConstraint: { type: 'None', gpus: [] }
}
[2026-05-18 15:51:18] INFO (LocalV3.local) Created trial UGDIp
[2026-05-18 15:51:20] INFO (LocalV3.local) Trial parameter: UGDIp {"parameter_id": 144, "parameter_source": "algorithm", "parameters": {"model_type": "LSTM", "units": 16, "num_layers": 1, "dropout": 0, "activation": "relu", "lr": 0.00031622776601683783, "window_size": 2, "batch_size": 128, "epochs": 5, "kernel_size": 2, "attention_heads": 2}, "parameter_index": 0}
[2026-05-18 15:51:23] INFO (NNIManager) Trial job UGDIp status changed from RUNNING to SUCCEEDED
[2026-05-18 15:51:23] INFO (NNIManager) NNIManager received command from dispatcher: TR, {"parameter_id": 145, "parameter_source": "algorithm", "parameters": {"model_type": "LSTM", "units": 16, "num_layers": 1, "dropout": 0, "activation": "relu", "lr": 0.00031622776601683783, "window_size": 2, "batch_size": 128, "epochs": 5, "kernel_size": 2, "attention_heads": 4}, "parameter_index": 0}
[2026-05-18 15:51:24] INFO (NNIManager) submitTrialJob: form: {
  sequenceId: 145,
  hyperParameters: {
    value: '{"parameter_id": 145, "parameter_source": "algorithm", "parameters": {"model_type": "LSTM", "units": 16, "num_layers": 1, "dropout": 0, "activation": "relu", "lr": 0.00031622776601683783, "window_size": 2, "batch_size": 128, "epochs": 5, "kernel_size": 2, "attention_heads": 4}, "parameter_index": 0}',
    index: 0
  },
  placementConstraint: { type: 'None', gpus: [] }
}
[2026-05-18 15:51:24] INFO (LocalV3.local) Created trial CrX2n
[2026-05-18 15:51:25] INFO (LocalV3.local) Trial parameter: CrX2n {"parameter_id": 145, "parameter_source": "algorithm", "parameters": {"model_type": "LSTM", "units": 16, "num_layers": 1, "dropout": 0, "activation": "relu", "lr": 0.00031622776601683783, "window_size": 2, "batch_size": 128, "epochs": 5, "kernel_size": 2, "attention_heads": 4}, "parameter_index": 0}
[2026-05-18 15:51:29] INFO (NNIManager) Trial job CrX2n status changed from RUNNING to SUCCEEDED
[2026-05-18 15:51:29] INFO (NNIManager) NNIManager received command from dispatcher: TR, {"parameter_id": 146, "parameter_source": "algorithm", "parameters": {"model_type": "LSTM", "units": 16, "num_layers": 1, "dropout": 0, "activation": "relu", "lr": 0.00031622776601683783, "window_size": 2, "batch_size": 128, "epochs": 5, "kernel_size": 2, "attention_heads": 8}, "parameter_index": 0}
[2026-05-18 15:51:29] INFO (NNIManager) submitTrialJob: form: {
  sequenceId: 146,
  hyperParameters: {
    value: '{"parameter_id": 146, "parameter_source": "algorithm", "parameters": {"model_type": "LSTM", "units": 16, "num_layers": 1, "dropout": 0, "activation": "relu", "lr": 0.00031622776601683783, "window_size": 2, "batch_size": 128, "epochs": 5, "kernel_size": 2, "attention_heads": 8}, "parameter_index": 0}',
    index: 0
  },
  placementConstraint: { type: 'None', gpus: [] }
}
[2026-05-18 15:51:29] INFO (LocalV3.local) Created trial cpaH8
[2026-05-18 15:51:31] INFO (LocalV3.local) Trial parameter: cpaH8 {"parameter_id": 146, "parameter_source": "algorithm", "parameters": {"model_type": "LSTM", "units": 16, "num_layers": 1, "dropout": 0, "activation": "relu", "lr": 0.00031622776601683783, "window_size": 2, "batch_size": 128, "epochs": 5, "kernel_size": 2, "attention_heads": 8}, "parameter_index": 0}
[2026-05-18 15:51:34] INFO (NNIManager) Trial job cpaH8 status changed from RUNNING to SUCCEEDED
[2026-05-18 15:51:34] INFO (NNIManager) NNIManager received command from dispatcher: TR, {"parameter_id": 147, "parameter_source": "algorithm", "parameters": {"model_type": "LSTM", "units": 16, "num_layers": 1, "dropout": 0, "activation": "relu", "lr": 0.00031622776601683783, "window_size": 2, "batch_size": 128, "epochs": 5, "kernel_size": 3, "attention_heads": 2}, "parameter_index": 0}
[2026-05-18 15:51:35] INFO (NNIManager) submitTrialJob: form: {
  sequenceId: 147,
  hyperParameters: {
    value: '{"parameter_id": 147, "parameter_source": "algorithm", "parameters": {"model_type": "LSTM", "units": 16, "num_layers": 1, "dropout": 0, "activation": "relu", "lr": 0.00031622776601683783, "window_size": 2, "batch_size": 128, "epochs": 5, "kernel_size": 3, "attention_heads": 2}, "parameter_index": 0}',
    index: 0
  },
  placementConstraint: { type: 'None', gpus: [] }
}
[2026-05-18 15:51:35] INFO (LocalV3.local) Created trial z4AQS
[2026-05-18 15:51:36] INFO (LocalV3.local) Trial parameter: z4AQS {"parameter_id": 147, "parameter_source": "algorithm", "parameters": {"model_type": "LSTM", "units": 16, "num_layers": 1, "dropout": 0, "activation": "relu", "lr": 0.00031622776601683783, "window_size": 2, "batch_size": 128, "epochs": 5, "kernel_size": 3, "attention_heads": 2}, "parameter_index": 0}
[2026-05-18 15:51:39] INFO (NNIManager) Trial job z4AQS status changed from RUNNING to SUCCEEDED
[2026-05-18 15:51:39] INFO (NNIManager) NNIManager received command from dispatcher: TR, {"parameter_id": 148, "parameter_source": "algorithm", "parameters": {"model_type": "LSTM", "units": 16, "num_layers": 1, "dropout": 0, "activation": "relu", "lr": 0.00031622776601683783, "window_size": 2, "batch_size": 128, "epochs": 5, "kernel_size": 3, "attention_heads": 4}, "parameter_index": 0}
[2026-05-18 15:51:40] INFO (NNIManager) submitTrialJob: form: {
  sequenceId: 148,
  hyperParameters: {
    value: '{"parameter_id": 148, "parameter_source": "algorithm", "parameters": {"model_type": "LSTM", "units": 16, "num_layers": 1, "dropout": 0, "activation": "relu", "lr": 0.00031622776601683783, "window_size": 2, "batch_size": 128, "epochs": 5, "kernel_size": 3, "attention_heads": 4}, "parameter_index": 0}',
    index: 0
  },
  placementConstraint: { type: 'None', gpus: [] }
}
[2026-05-18 15:51:40] INFO (LocalV3.local) Created trial ipLqx
[2026-05-18 15:51:41] INFO (LocalV3.local) Trial parameter: ipLqx {"parameter_id": 148, "parameter_source": "algorithm", "parameters": {"model_type": "LSTM", "units": 16, "num_layers": 1, "dropout": 0, "activation": "relu", "lr": 0.00031622776601683783, "window_size": 2, "batch_size": 128, "epochs": 5, "kernel_size": 3, "attention_heads": 4}, "parameter_index": 0}
[2026-05-18 15:51:45] INFO (NNIManager) Trial job ipLqx status changed from RUNNING to SUCCEEDED
[2026-05-18 15:51:45] INFO (NNIManager) NNIManager received command from dispatcher: TR, {"parameter_id": 149, "parameter_source": "algorithm", "parameters": {"model_type": "LSTM", "units": 16, "num_layers": 1, "dropout": 0, "activation": "relu", "lr": 0.00031622776601683783, "window_size": 2, "batch_size": 128, "epochs": 5, "kernel_size": 3, "attention_heads": 8}, "parameter_index": 0}
[2026-05-18 15:51:45] INFO (NNIManager) submitTrialJob: form: {
  sequenceId: 149,
  hyperParameters: {
    value: '{"parameter_id": 149, "parameter_source": "algorithm", "parameters": {"model_type": "LSTM", "units": 16, "num_layers": 1, "dropout": 0, "activation": "relu", "lr": 0.00031622776601683783, "window_size": 2, "batch_size": 128, "epochs": 5, "kernel_size": 3, "attention_heads": 8}, "parameter_index": 0}',
    index: 0
  },
  placementConstraint: { type: 'None', gpus: [] }
}
[2026-05-18 15:51:45] INFO (LocalV3.local) Created trial SJITc
[2026-05-18 15:51:47] INFO (LocalV3.local) Trial parameter: SJITc {"parameter_id": 149, "parameter_source": "algorithm", "parameters": {"model_type": "LSTM", "units": 16, "num_layers": 1, "dropout": 0, "activation": "relu", "lr": 0.00031622776601683783, "window_size": 2, "batch_size": 128, "epochs": 5, "kernel_size": 3, "attention_heads": 8}, "parameter_index": 0}
[2026-05-18 15:51:50] INFO (NNIManager) Trial job SJITc status changed from RUNNING to SUCCEEDED
[2026-05-18 15:51:50] INFO (NNIManager) NNIManager received command from dispatcher: TR, {"parameter_id": 150, "parameter_source": "algorithm", "parameters": {"model_type": "LSTM", "units": 16, "num_layers": 1, "dropout": 0, "activation": "relu", "lr": 0.00031622776601683783, "window_size": 2, "batch_size": 128, "epochs": 5, "kernel_size": 5, "attention_heads": 2}, "parameter_index": 0}
[2026-05-18 15:51:50] INFO (NNIManager) submitTrialJob: form: {
  sequenceId: 150,
  hyperParameters: {
    value: '{"parameter_id": 150, "parameter_source": "algorithm", "parameters": {"model_type": "LSTM", "units": 16, "num_layers": 1, "dropout": 0, "activation": "relu", "lr": 0.00031622776601683783, "window_size": 2, "batch_size": 128, "epochs": 5, "kernel_size": 5, "attention_heads": 2}, "parameter_index": 0}',
    index: 0
  },
  placementConstraint: { type: 'None', gpus: [] }
}
[2026-05-18 15:51:50] INFO (LocalV3.local) Created trial KTgYN
[2026-05-18 15:51:52] INFO (LocalV3.local) Trial parameter: KTgYN {"parameter_id": 150, "parameter_source": "algorithm", "parameters": {"model_type": "LSTM", "units": 16, "num_layers": 1, "dropout": 0, "activation": "relu", "lr": 0.00031622776601683783, "window_size": 2, "batch_size": 128, "epochs": 5, "kernel_size": 5, "attention_heads": 2}, "parameter_index": 0}
[2026-05-18 15:51:55] INFO (NNIManager) Trial job KTgYN status changed from RUNNING to SUCCEEDED
[2026-05-18 15:51:55] INFO (NNIManager) NNIManager received command from dispatcher: TR, {"parameter_id": 151, "parameter_source": "algorithm", "parameters": {"model_type": "LSTM", "units": 16, "num_layers": 1, "dropout": 0, "activation": "relu", "lr": 0.00031622776601683783, "window_size": 2, "batch_size": 128, "epochs": 5, "kernel_size": 5, "attention_heads": 4}, "parameter_index": 0}
[2026-05-18 15:51:56] INFO (NNIManager) submitTrialJob: form: {
  sequenceId: 151,
  hyperParameters: {
    value: '{"parameter_id": 151, "parameter_source": "algorithm", "parameters": {"model_type": "LSTM", "units": 16, "num_layers": 1, "dropout": 0, "activation": "relu", "lr": 0.00031622776601683783, "window_size": 2, "batch_size": 128, "epochs": 5, "kernel_size": 5, "attention_heads": 4}, "parameter_index": 0}',
    index: 0
  },
  placementConstraint: { type: 'None', gpus: [] }
}
[2026-05-18 15:51:56] INFO (LocalV3.local) Created trial fCFDB
[2026-05-18 15:51:57] INFO (LocalV3.local) Trial parameter: fCFDB {"parameter_id": 151, "parameter_source": "algorithm", "parameters": {"model_type": "LSTM", "units": 16, "num_layers": 1, "dropout": 0, "activation": "relu", "lr": 0.00031622776601683783, "window_size": 2, "batch_size": 128, "epochs": 5, "kernel_size": 5, "attention_heads": 4}, "parameter_index": 0}
[2026-05-18 15:52:00] INFO (NNIManager) Trial job fCFDB status changed from RUNNING to SUCCEEDED
[2026-05-18 15:52:00] INFO (NNIManager) NNIManager received command from dispatcher: TR, {"parameter_id": 152, "parameter_source": "algorithm", "parameters": {"model_type": "LSTM", "units": 16, "num_layers": 1, "dropout": 0, "activation": "relu", "lr": 0.00031622776601683783, "window_size": 2, "batch_size": 128, "epochs": 5, "kernel_size": 5, "attention_heads": 8}, "parameter_index": 0}
[2026-05-18 15:52:01] INFO (NNIManager) submitTrialJob: form: {
  sequenceId: 152,
  hyperParameters: {
    value: '{"parameter_id": 152, "parameter_source": "algorithm", "parameters": {"model_type": "LSTM", "units": 16, "num_layers": 1, "dropout": 0, "activation": "relu", "lr": 0.00031622776601683783, "window_size": 2, "batch_size": 128, "epochs": 5, "kernel_size": 5, "attention_heads": 8}, "parameter_index": 0}',
    index: 0
  },
  placementConstraint: { type: 'None', gpus: [] }
}
[2026-05-18 15:52:01] INFO (LocalV3.local) Created trial wd9Hs
[2026-05-18 15:52:02] INFO (LocalV3.local) Trial parameter: wd9Hs {"parameter_id": 152, "parameter_source": "algorithm", "parameters": {"model_type": "LSTM", "units": 16, "num_layers": 1, "dropout": 0, "activation": "relu", "lr": 0.00031622776601683783, "window_size": 2, "batch_size": 128, "epochs": 5, "kernel_size": 5, "attention_heads": 8}, "parameter_index": 0}
[2026-05-18 15:52:06] INFO (NNIManager) Trial job wd9Hs status changed from RUNNING to SUCCEEDED
[2026-05-18 15:52:06] INFO (NNIManager) NNIManager received command from dispatcher: TR, {"parameter_id": 153, "parameter_source": "algorithm", "parameters": {"model_type": "LSTM", "units": 16, "num_layers": 1, "dropout": 0, "activation": "relu", "lr": 0.00031622776601683783, "window_size": 2, "batch_size": 128, "epochs": 5, "kernel_size": 7, "attention_heads": 2}, "parameter_index": 0}
[2026-05-18 15:52:06] INFO (NNIManager) submitTrialJob: form: {
  sequenceId: 153,
  hyperParameters: {
    value: '{"parameter_id": 153, "parameter_source": "algorithm", "parameters": {"model_type": "LSTM", "units": 16, "num_layers": 1, "dropout": 0, "activation": "relu", "lr": 0.00031622776601683783, "window_size": 2, "batch_size": 128, "epochs": 5, "kernel_size": 7, "attention_heads": 2}, "parameter_index": 0}',
    index: 0
  },
  placementConstraint: { type: 'None', gpus: [] }
}
[2026-05-18 15:52:06] INFO (LocalV3.local) Created trial Wol1y
[2026-05-18 15:52:08] INFO (LocalV3.local) Trial parameter: Wol1y {"parameter_id": 153, "parameter_source": "algorithm", "parameters": {"model_type": "LSTM", "units": 16, "num_layers": 1, "dropout": 0, "activation": "relu", "lr": 0.00031622776601683783, "window_size": 2, "batch_size": 128, "epochs": 5, "kernel_size": 7, "attention_heads": 2}, "parameter_index": 0}
[2026-05-18 15:52:11] INFO (NNIManager) Trial job Wol1y status changed from RUNNING to SUCCEEDED
[2026-05-18 15:52:11] INFO (NNIManager) NNIManager received command from dispatcher: TR, {"parameter_id": 154, "parameter_source": "algorithm", "parameters": {"model_type": "LSTM", "units": 16, "num_layers": 1, "dropout": 0, "activation": "relu", "lr": 0.00031622776601683783, "window_size": 2, "batch_size": 128, "epochs": 5, "kernel_size": 7, "attention_heads": 4}, "parameter_index": 0}
[2026-05-18 15:52:12] INFO (NNIManager) submitTrialJob: form: {
  sequenceId: 154,
  hyperParameters: {
    value: '{"parameter_id": 154, "parameter_source": "algorithm", "parameters": {"model_type": "LSTM", "units": 16, "num_layers": 1, "dropout": 0, "activation": "relu", "lr": 0.00031622776601683783, "window_size": 2, "batch_size": 128, "epochs": 5, "kernel_size": 7, "attention_heads": 4}, "parameter_index": 0}',
    index: 0
  },
  placementConstraint: { type: 'None', gpus: [] }
}
[2026-05-18 15:52:12] INFO (LocalV3.local) Created trial IP6fF
[2026-05-18 15:52:14] INFO (LocalV3.local) Trial parameter: IP6fF {"parameter_id": 154, "parameter_source": "algorithm", "parameters": {"model_type": "LSTM", "units": 16, "num_layers": 1, "dropout": 0, "activation": "relu", "lr": 0.00031622776601683783, "window_size": 2, "batch_size": 128, "epochs": 5, "kernel_size": 7, "attention_heads": 4}, "parameter_index": 0}
[2026-05-18 15:52:17] INFO (NNIManager) Trial job IP6fF status changed from RUNNING to SUCCEEDED
[2026-05-18 15:52:17] INFO (NNIManager) NNIManager received command from dispatcher: TR, {"parameter_id": 155, "parameter_source": "algorithm", "parameters": {"model_type": "LSTM", "units": 16, "num_layers": 1, "dropout": 0, "activation": "relu", "lr": 0.00031622776601683783, "window_size": 2, "batch_size": 128, "epochs": 5, "kernel_size": 7, "attention_heads": 8}, "parameter_index": 0}
[2026-05-18 15:52:17] INFO (NNIManager) submitTrialJob: form: {
  sequenceId: 155,
  hyperParameters: {
    value: '{"parameter_id": 155, "parameter_source": "algorithm", "parameters": {"model_type": "LSTM", "units": 16, "num_layers": 1, "dropout": 0, "activation": "relu", "lr": 0.00031622776601683783, "window_size": 2, "batch_size": 128, "epochs": 5, "kernel_size": 7, "attention_heads": 8}, "parameter_index": 0}',
    index: 0
  },
  placementConstraint: { type: 'None', gpus: [] }
}
[2026-05-18 15:52:17] INFO (LocalV3.local) Created trial t0zQk
[2026-05-18 15:52:19] INFO (LocalV3.local) Trial parameter: t0zQk {"parameter_id": 155, "parameter_source": "algorithm", "parameters": {"model_type": "LSTM", "units": 16, "num_layers": 1, "dropout": 0, "activation": "relu", "lr": 0.00031622776601683783, "window_size": 2, "batch_size": 128, "epochs": 5, "kernel_size": 7, "attention_heads": 8}, "parameter_index": 0}
[2026-05-18 15:52:22] INFO (NNIManager) Trial job t0zQk status changed from RUNNING to SUCCEEDED
[2026-05-18 15:52:22] INFO (NNIManager) NNIManager received command from dispatcher: TR, {"parameter_id": 156, "parameter_source": "algorithm", "parameters": {"model_type": "LSTM", "units": 16, "num_layers": 1, "dropout": 0, "activation": "relu", "lr": 0.00031622776601683783, "window_size": 2, "batch_size": 128, "epochs": 10, "kernel_size": 2, "attention_heads": 2}, "parameter_index": 0}
[2026-05-18 15:52:23] INFO (NNIManager) submitTrialJob: form: {
  sequenceId: 156,
  hyperParameters: {
    value: '{"parameter_id": 156, "parameter_source": "algorithm", "parameters": {"model_type": "LSTM", "units": 16, "num_layers": 1, "dropout": 0, "activation": "relu", "lr": 0.00031622776601683783, "window_size": 2, "batch_size": 128, "epochs": 10, "kernel_size": 2, "attention_heads": 2}, "parameter_index": 0}',
    index: 0
  },
  placementConstraint: { type: 'None', gpus: [] }
}
[2026-05-18 15:52:23] INFO (LocalV3.local) Created trial gQrjd
[2026-05-18 15:52:25] INFO (LocalV3.local) Trial parameter: gQrjd {"parameter_id": 156, "parameter_source": "algorithm", "parameters": {"model_type": "LSTM", "units": 16, "num_layers": 1, "dropout": 0, "activation": "relu", "lr": 0.00031622776601683783, "window_size": 2, "batch_size": 128, "epochs": 10, "kernel_size": 2, "attention_heads": 2}, "parameter_index": 0}
[2026-05-18 15:52:28] INFO (NNIManager) Trial job gQrjd status changed from RUNNING to SUCCEEDED
[2026-05-18 15:52:28] INFO (NNIManager) NNIManager received command from dispatcher: TR, {"parameter_id": 157, "parameter_source": "algorithm", "parameters": {"model_type": "LSTM", "units": 16, "num_layers": 1, "dropout": 0, "activation": "relu", "lr": 0.00031622776601683783, "window_size": 2, "batch_size": 128, "epochs": 10, "kernel_size": 2, "attention_heads": 4}, "parameter_index": 0}
[2026-05-18 15:52:29] INFO (NNIManager) submitTrialJob: form: {
  sequenceId: 157,
  hyperParameters: {
    value: '{"parameter_id": 157, "parameter_source": "algorithm", "parameters": {"model_type": "LSTM", "units": 16, "num_layers": 1, "dropout": 0, "activation": "relu", "lr": 0.00031622776601683783, "window_size": 2, "batch_size": 128, "epochs": 10, "kernel_size": 2, "attention_heads": 4}, "parameter_index": 0}',
    index: 0
  },
  placementConstraint: { type: 'None', gpus: [] }
}
[2026-05-18 15:52:29] INFO (LocalV3.local) Created trial iCPdi
[2026-05-18 15:52:31] INFO (LocalV3.local) Trial parameter: iCPdi {"parameter_id": 157, "parameter_source": "algorithm", "parameters": {"model_type": "LSTM", "units": 16, "num_layers": 1, "dropout": 0, "activation": "relu", "lr": 0.00031622776601683783, "window_size": 2, "batch_size": 128, "epochs": 10, "kernel_size": 2, "attention_heads": 4}, "parameter_index": 0}
[2026-05-18 15:52:34] INFO (NNIManager) Trial job iCPdi status changed from RUNNING to SUCCEEDED
[2026-05-18 15:52:34] INFO (NNIManager) NNIManager received command from dispatcher: TR, {"parameter_id": 158, "parameter_source": "algorithm", "parameters": {"model_type": "LSTM", "units": 16, "num_layers": 1, "dropout": 0, "activation": "relu", "lr": 0.00031622776601683783, "window_size": 2, "batch_size": 128, "epochs": 10, "kernel_size": 2, "attention_heads": 8}, "parameter_index": 0}
[2026-05-18 15:52:35] INFO (NNIManager) submitTrialJob: form: {
  sequenceId: 158,
  hyperParameters: {
    value: '{"parameter_id": 158, "parameter_source": "algorithm", "parameters": {"model_type": "LSTM", "units": 16, "num_layers": 1, "dropout": 0, "activation": "relu", "lr": 0.00031622776601683783, "window_size": 2, "batch_size": 128, "epochs": 10, "kernel_size": 2, "attention_heads": 8}, "parameter_index": 0}',
    index: 0
  },
  placementConstraint: { type: 'None', gpus: [] }
}
[2026-05-18 15:52:35] INFO (LocalV3.local) Created trial NyFEO
[2026-05-18 15:52:36] INFO (LocalV3.local) Trial parameter: NyFEO {"parameter_id": 158, "parameter_source": "algorithm", "parameters": {"model_type": "LSTM", "units": 16, "num_layers": 1, "dropout": 0, "activation": "relu", "lr": 0.00031622776601683783, "window_size": 2, "batch_size": 128, "epochs": 10, "kernel_size": 2, "attention_heads": 8}, "parameter_index": 0}
[2026-05-18 15:52:40] INFO (NNIManager) Trial job NyFEO status changed from RUNNING to SUCCEEDED
[2026-05-18 15:52:40] INFO (NNIManager) NNIManager received command from dispatcher: TR, {"parameter_id": 159, "parameter_source": "algorithm", "parameters": {"model_type": "LSTM", "units": 16, "num_layers": 1, "dropout": 0, "activation": "relu", "lr": 0.00031622776601683783, "window_size": 2, "batch_size": 128, "epochs": 10, "kernel_size": 3, "attention_heads": 2}, "parameter_index": 0}
[2026-05-18 15:52:41] INFO (NNIManager) submitTrialJob: form: {
  sequenceId: 159,
  hyperParameters: {
    value: '{"parameter_id": 159, "parameter_source": "algorithm", "parameters": {"model_type": "LSTM", "units": 16, "num_layers": 1, "dropout": 0, "activation": "relu", "lr": 0.00031622776601683783, "window_size": 2, "batch_size": 128, "epochs": 10, "kernel_size": 3, "attention_heads": 2}, "parameter_index": 0}',
    index: 0
  },
  placementConstraint: { type: 'None', gpus: [] }
}
[2026-05-18 15:52:41] INFO (LocalV3.local) Created trial gIA4d
[2026-05-18 15:52:42] INFO (LocalV3.local) Trial parameter: gIA4d {"parameter_id": 159, "parameter_source": "algorithm", "parameters": {"model_type": "LSTM", "units": 16, "num_layers": 1, "dropout": 0, "activation": "relu", "lr": 0.00031622776601683783, "window_size": 2, "batch_size": 128, "epochs": 10, "kernel_size": 3, "attention_heads": 2}, "parameter_index": 0}
[2026-05-18 15:52:46] INFO (NNIManager) Trial job gIA4d status changed from RUNNING to SUCCEEDED
[2026-05-18 15:52:46] INFO (NNIManager) NNIManager received command from dispatcher: TR, {"parameter_id": 160, "parameter_source": "algorithm", "parameters": {"model_type": "LSTM", "units": 16, "num_layers": 1, "dropout": 0, "activation": "relu", "lr": 0.00031622776601683783, "window_size": 2, "batch_size": 128, "epochs": 10, "kernel_size": 3, "attention_heads": 4}, "parameter_index": 0}
[2026-05-18 15:52:47] INFO (NNIManager) submitTrialJob: form: {
  sequenceId: 160,
  hyperParameters: {
    value: '{"parameter_id": 160, "parameter_source": "algorithm", "parameters": {"model_type": "LSTM", "units": 16, "num_layers": 1, "dropout": 0, "activation": "relu", "lr": 0.00031622776601683783, "window_size": 2, "batch_size": 128, "epochs": 10, "kernel_size": 3, "attention_heads": 4}, "parameter_index": 0}',
    index: 0
  },
  placementConstraint: { type: 'None', gpus: [] }
}
[2026-05-18 15:52:47] INFO (LocalV3.local) Created trial sQNxC
[2026-05-18 15:52:48] INFO (LocalV3.local) Trial parameter: sQNxC {"parameter_id": 160, "parameter_source": "algorithm", "parameters": {"model_type": "LSTM", "units": 16, "num_layers": 1, "dropout": 0, "activation": "relu", "lr": 0.00031622776601683783, "window_size": 2, "batch_size": 128, "epochs": 10, "kernel_size": 3, "attention_heads": 4}, "parameter_index": 0}
[2026-05-18 15:52:52] INFO (NNIManager) Trial job sQNxC status changed from RUNNING to SUCCEEDED
[2026-05-18 15:52:52] INFO (NNIManager) NNIManager received command from dispatcher: TR, {"parameter_id": 161, "parameter_source": "algorithm", "parameters": {"model_type": "LSTM", "units": 16, "num_layers": 1, "dropout": 0, "activation": "relu", "lr": 0.00031622776601683783, "window_size": 2, "batch_size": 128, "epochs": 10, "kernel_size": 3, "attention_heads": 8}, "parameter_index": 0}
[2026-05-18 15:52:53] INFO (NNIManager) submitTrialJob: form: {
  sequenceId: 161,
  hyperParameters: {
    value: '{"parameter_id": 161, "parameter_source": "algorithm", "parameters": {"model_type": "LSTM", "units": 16, "num_layers": 1, "dropout": 0, "activation": "relu", "lr": 0.00031622776601683783, "window_size": 2, "batch_size": 128, "epochs": 10, "kernel_size": 3, "attention_heads": 8}, "parameter_index": 0}',
    index: 0
  },
  placementConstraint: { type: 'None', gpus: [] }
}
[2026-05-18 15:52:53] INFO (LocalV3.local) Created trial oJJR0
[2026-05-18 15:52:54] INFO (LocalV3.local) Trial parameter: oJJR0 {"parameter_id": 161, "parameter_source": "algorithm", "parameters": {"model_type": "LSTM", "units": 16, "num_layers": 1, "dropout": 0, "activation": "relu", "lr": 0.00031622776601683783, "window_size": 2, "batch_size": 128, "epochs": 10, "kernel_size": 3, "attention_heads": 8}, "parameter_index": 0}
[2026-05-18 15:52:58] INFO (NNIManager) Trial job oJJR0 status changed from RUNNING to SUCCEEDED
[2026-05-18 15:52:58] INFO (NNIManager) NNIManager received command from dispatcher: TR, {"parameter_id": 162, "parameter_source": "algorithm", "parameters": {"model_type": "LSTM", "units": 16, "num_layers": 1, "dropout": 0, "activation": "relu", "lr": 0.00031622776601683783, "window_size": 2, "batch_size": 128, "epochs": 10, "kernel_size": 5, "attention_heads": 2}, "parameter_index": 0}
[2026-05-18 15:52:58] INFO (NNIManager) submitTrialJob: form: {
  sequenceId: 162,
  hyperParameters: {
    value: '{"parameter_id": 162, "parameter_source": "algorithm", "parameters": {"model_type": "LSTM", "units": 16, "num_layers": 1, "dropout": 0, "activation": "relu", "lr": 0.00031622776601683783, "window_size": 2, "batch_size": 128, "epochs": 10, "kernel_size": 5, "attention_heads": 2}, "parameter_index": 0}',
    index: 0
  },
  placementConstraint: { type: 'None', gpus: [] }
}
[2026-05-18 15:52:58] INFO (LocalV3.local) Created trial EZSFO
[2026-05-18 15:53:00] INFO (LocalV3.local) Trial parameter: EZSFO {"parameter_id": 162, "parameter_source": "algorithm", "parameters": {"model_type": "LSTM", "units": 16, "num_layers": 1, "dropout": 0, "activation": "relu", "lr": 0.00031622776601683783, "window_size": 2, "batch_size": 128, "epochs": 10, "kernel_size": 5, "attention_heads": 2}, "parameter_index": 0}
[2026-05-18 15:53:04] INFO (NNIManager) Trial job EZSFO status changed from RUNNING to SUCCEEDED
[2026-05-18 15:53:04] INFO (NNIManager) NNIManager received command from dispatcher: TR, {"parameter_id": 163, "parameter_source": "algorithm", "parameters": {"model_type": "LSTM", "units": 16, "num_layers": 1, "dropout": 0, "activation": "relu", "lr": 0.00031622776601683783, "window_size": 2, "batch_size": 128, "epochs": 10, "kernel_size": 5, "attention_heads": 4}, "parameter_index": 0}
[2026-05-18 15:53:04] INFO (NNIManager) submitTrialJob: form: {
  sequenceId: 163,
  hyperParameters: {
    value: '{"parameter_id": 163, "parameter_source": "algorithm", "parameters": {"model_type": "LSTM", "units": 16, "num_layers": 1, "dropout": 0, "activation": "relu", "lr": 0.00031622776601683783, "window_size": 2, "batch_size": 128, "epochs": 10, "kernel_size": 5, "attention_heads": 4}, "parameter_index": 0}',
    index: 0
  },
  placementConstraint: { type: 'None', gpus: [] }
}
[2026-05-18 15:53:04] INFO (LocalV3.local) Created trial Pi37p
[2026-05-18 15:53:06] INFO (LocalV3.local) Trial parameter: Pi37p {"parameter_id": 163, "parameter_source": "algorithm", "parameters": {"model_type": "LSTM", "units": 16, "num_layers": 1, "dropout": 0, "activation": "relu", "lr": 0.00031622776601683783, "window_size": 2, "batch_size": 128, "epochs": 10, "kernel_size": 5, "attention_heads": 4}, "parameter_index": 0}
[2026-05-18 15:53:09] INFO (NNIManager) Trial job Pi37p status changed from RUNNING to SUCCEEDED
[2026-05-18 15:53:09] INFO (NNIManager) NNIManager received command from dispatcher: TR, {"parameter_id": 164, "parameter_source": "algorithm", "parameters": {"model_type": "LSTM", "units": 16, "num_layers": 1, "dropout": 0, "activation": "relu", "lr": 0.00031622776601683783, "window_size": 2, "batch_size": 128, "epochs": 10, "kernel_size": 5, "attention_heads": 8}, "parameter_index": 0}
[2026-05-18 15:53:10] INFO (NNIManager) submitTrialJob: form: {
  sequenceId: 164,
  hyperParameters: {
    value: '{"parameter_id": 164, "parameter_source": "algorithm", "parameters": {"model_type": "LSTM", "units": 16, "num_layers": 1, "dropout": 0, "activation": "relu", "lr": 0.00031622776601683783, "window_size": 2, "batch_size": 128, "epochs": 10, "kernel_size": 5, "attention_heads": 8}, "parameter_index": 0}',
    index: 0
  },
  placementConstraint: { type: 'None', gpus: [] }
}
[2026-05-18 15:53:10] INFO (LocalV3.local) Created trial Xhrtw
[2026-05-18 15:53:12] INFO (LocalV3.local) Trial parameter: Xhrtw {"parameter_id": 164, "parameter_source": "algorithm", "parameters": {"model_type": "LSTM", "units": 16, "num_layers": 1, "dropout": 0, "activation": "relu", "lr": 0.00031622776601683783, "window_size": 2, "batch_size": 128, "epochs": 10, "kernel_size": 5, "attention_heads": 8}, "parameter_index": 0}
[2026-05-18 15:53:15] INFO (NNIManager) Trial job Xhrtw status changed from RUNNING to SUCCEEDED
[2026-05-18 15:53:15] INFO (NNIManager) NNIManager received command from dispatcher: TR, {"parameter_id": 165, "parameter_source": "algorithm", "parameters": {"model_type": "LSTM", "units": 16, "num_layers": 1, "dropout": 0, "activation": "relu", "lr": 0.00031622776601683783, "window_size": 2, "batch_size": 128, "epochs": 10, "kernel_size": 7, "attention_heads": 2}, "parameter_index": 0}
[2026-05-18 15:53:16] INFO (NNIManager) submitTrialJob: form: {
  sequenceId: 165,
  hyperParameters: {
    value: '{"parameter_id": 165, "parameter_source": "algorithm", "parameters": {"model_type": "LSTM", "units": 16, "num_layers": 1, "dropout": 0, "activation": "relu", "lr": 0.00031622776601683783, "window_size": 2, "batch_size": 128, "epochs": 10, "kernel_size": 7, "attention_heads": 2}, "parameter_index": 0}',
    index: 0
  },
  placementConstraint: { type: 'None', gpus: [] }
}
[2026-05-18 15:53:16] INFO (LocalV3.local) Created trial h6MlJ
[2026-05-18 15:53:18] INFO (LocalV3.local) Trial parameter: h6MlJ {"parameter_id": 165, "parameter_source": "algorithm", "parameters": {"model_type": "LSTM", "units": 16, "num_layers": 1, "dropout": 0, "activation": "relu", "lr": 0.00031622776601683783, "window_size": 2, "batch_size": 128, "epochs": 10, "kernel_size": 7, "attention_heads": 2}, "parameter_index": 0}
[2026-05-18 15:53:21] INFO (NNIManager) Trial job h6MlJ status changed from RUNNING to SUCCEEDED
[2026-05-18 15:53:21] INFO (NNIManager) NNIManager received command from dispatcher: TR, {"parameter_id": 166, "parameter_source": "algorithm", "parameters": {"model_type": "LSTM", "units": 16, "num_layers": 1, "dropout": 0, "activation": "relu", "lr": 0.00031622776601683783, "window_size": 2, "batch_size": 128, "epochs": 10, "kernel_size": 7, "attention_heads": 4}, "parameter_index": 0}
[2026-05-18 15:53:22] INFO (NNIManager) submitTrialJob: form: {
  sequenceId: 166,
  hyperParameters: {
    value: '{"parameter_id": 166, "parameter_source": "algorithm", "parameters": {"model_type": "LSTM", "units": 16, "num_layers": 1, "dropout": 0, "activation": "relu", "lr": 0.00031622776601683783, "window_size": 2, "batch_size": 128, "epochs": 10, "kernel_size": 7, "attention_heads": 4}, "parameter_index": 0}',
    index: 0
  },
  placementConstraint: { type: 'None', gpus: [] }
}
[2026-05-18 15:53:22] INFO (LocalV3.local) Created trial PLrrm
[2026-05-18 15:53:24] INFO (LocalV3.local) Trial parameter: PLrrm {"parameter_id": 166, "parameter_source": "algorithm", "parameters": {"model_type": "LSTM", "units": 16, "num_layers": 1, "dropout": 0, "activation": "relu", "lr": 0.00031622776601683783, "window_size": 2, "batch_size": 128, "epochs": 10, "kernel_size": 7, "attention_heads": 4}, "parameter_index": 0}
[2026-05-18 15:53:27] INFO (NNIManager) Trial job PLrrm status changed from RUNNING to SUCCEEDED
[2026-05-18 15:53:27] INFO (NNIManager) NNIManager received command from dispatcher: TR, {"parameter_id": 167, "parameter_source": "algorithm", "parameters": {"model_type": "LSTM", "units": 16, "num_layers": 1, "dropout": 0, "activation": "relu", "lr": 0.00031622776601683783, "window_size": 2, "batch_size": 128, "epochs": 10, "kernel_size": 7, "attention_heads": 8}, "parameter_index": 0}
[2026-05-18 15:53:27] INFO (NNIManager) submitTrialJob: form: {
  sequenceId: 167,
  hyperParameters: {
    value: '{"parameter_id": 167, "parameter_source": "algorithm", "parameters": {"model_type": "LSTM", "units": 16, "num_layers": 1, "dropout": 0, "activation": "relu", "lr": 0.00031622776601683783, "window_size": 2, "batch_size": 128, "epochs": 10, "kernel_size": 7, "attention_heads": 8}, "parameter_index": 0}',
    index: 0
  },
  placementConstraint: { type: 'None', gpus: [] }
}
[2026-05-18 15:53:27] INFO (LocalV3.local) Created trial fvNPN
[2026-05-18 15:53:29] INFO (LocalV3.local) Trial parameter: fvNPN {"parameter_id": 167, "parameter_source": "algorithm", "parameters": {"model_type": "LSTM", "units": 16, "num_layers": 1, "dropout": 0, "activation": "relu", "lr": 0.00031622776601683783, "window_size": 2, "batch_size": 128, "epochs": 10, "kernel_size": 7, "attention_heads": 8}, "parameter_index": 0}
[2026-05-18 15:53:33] INFO (NNIManager) Trial job fvNPN status changed from RUNNING to SUCCEEDED
[2026-05-18 15:53:33] INFO (NNIManager) NNIManager received command from dispatcher: TR, {"parameter_id": 168, "parameter_source": "algorithm", "parameters": {"model_type": "LSTM", "units": 16, "num_layers": 1, "dropout": 0, "activation": "relu", "lr": 0.00031622776601683783, "window_size": 2, "batch_size": 128, "epochs": 15, "kernel_size": 2, "attention_heads": 2}, "parameter_index": 0}
[2026-05-18 15:53:33] INFO (NNIManager) submitTrialJob: form: {
  sequenceId: 168,
  hyperParameters: {
    value: '{"parameter_id": 168, "parameter_source": "algorithm", "parameters": {"model_type": "LSTM", "units": 16, "num_layers": 1, "dropout": 0, "activation": "relu", "lr": 0.00031622776601683783, "window_size": 2, "batch_size": 128, "epochs": 15, "kernel_size": 2, "attention_heads": 2}, "parameter_index": 0}',
    index: 0
  },
  placementConstraint: { type: 'None', gpus: [] }
}
[2026-05-18 15:53:33] INFO (LocalV3.local) Created trial d5HnD
[2026-05-18 15:53:35] INFO (LocalV3.local) Trial parameter: d5HnD {"parameter_id": 168, "parameter_source": "algorithm", "parameters": {"model_type": "LSTM", "units": 16, "num_layers": 1, "dropout": 0, "activation": "relu", "lr": 0.00031622776601683783, "window_size": 2, "batch_size": 128, "epochs": 15, "kernel_size": 2, "attention_heads": 2}, "parameter_index": 0}
[2026-05-18 15:53:39] INFO (NNIManager) Trial job d5HnD status changed from RUNNING to SUCCEEDED
[2026-05-18 15:53:39] INFO (NNIManager) NNIManager received command from dispatcher: TR, {"parameter_id": 169, "parameter_source": "algorithm", "parameters": {"model_type": "LSTM", "units": 16, "num_layers": 1, "dropout": 0, "activation": "relu", "lr": 0.00031622776601683783, "window_size": 2, "batch_size": 128, "epochs": 15, "kernel_size": 2, "attention_heads": 4}, "parameter_index": 0}
[2026-05-18 15:53:40] INFO (NNIManager) submitTrialJob: form: {
  sequenceId: 169,
  hyperParameters: {
    value: '{"parameter_id": 169, "parameter_source": "algorithm", "parameters": {"model_type": "LSTM", "units": 16, "num_layers": 1, "dropout": 0, "activation": "relu", "lr": 0.00031622776601683783, "window_size": 2, "batch_size": 128, "epochs": 15, "kernel_size": 2, "attention_heads": 4}, "parameter_index": 0}',
    index: 0
  },
  placementConstraint: { type: 'None', gpus: [] }
}
[2026-05-18 15:53:40] INFO (LocalV3.local) Created trial zgado
[2026-05-18 15:53:41] INFO (LocalV3.local) Trial parameter: zgado {"parameter_id": 169, "parameter_source": "algorithm", "parameters": {"model_type": "LSTM", "units": 16, "num_layers": 1, "dropout": 0, "activation": "relu", "lr": 0.00031622776601683783, "window_size": 2, "batch_size": 128, "epochs": 15, "kernel_size": 2, "attention_heads": 4}, "parameter_index": 0}
[2026-05-18 15:53:46] INFO (NNIManager) Trial job zgado status changed from RUNNING to SUCCEEDED
[2026-05-18 15:53:46] INFO (NNIManager) NNIManager received command from dispatcher: TR, {"parameter_id": 170, "parameter_source": "algorithm", "parameters": {"model_type": "LSTM", "units": 16, "num_layers": 1, "dropout": 0, "activation": "relu", "lr": 0.00031622776601683783, "window_size": 2, "batch_size": 128, "epochs": 15, "kernel_size": 2, "attention_heads": 8}, "parameter_index": 0}
[2026-05-18 15:53:46] INFO (NNIManager) submitTrialJob: form: {
  sequenceId: 170,
  hyperParameters: {
    value: '{"parameter_id": 170, "parameter_source": "algorithm", "parameters": {"model_type": "LSTM", "units": 16, "num_layers": 1, "dropout": 0, "activation": "relu", "lr": 0.00031622776601683783, "window_size": 2, "batch_size": 128, "epochs": 15, "kernel_size": 2, "attention_heads": 8}, "parameter_index": 0}',
    index: 0
  },
  placementConstraint: { type: 'None', gpus: [] }
}
[2026-05-18 15:53:46] INFO (LocalV3.local) Created trial TaAPn
[2026-05-18 15:53:48] INFO (LocalV3.local) Trial parameter: TaAPn {"parameter_id": 170, "parameter_source": "algorithm", "parameters": {"model_type": "LSTM", "units": 16, "num_layers": 1, "dropout": 0, "activation": "relu", "lr": 0.00031622776601683783, "window_size": 2, "batch_size": 128, "epochs": 15, "kernel_size": 2, "attention_heads": 8}, "parameter_index": 0}
[2026-05-18 15:53:52] INFO (NNIManager) Trial job TaAPn status changed from RUNNING to SUCCEEDED
[2026-05-18 15:53:52] INFO (NNIManager) NNIManager received command from dispatcher: TR, {"parameter_id": 171, "parameter_source": "algorithm", "parameters": {"model_type": "LSTM", "units": 16, "num_layers": 1, "dropout": 0, "activation": "relu", "lr": 0.00031622776601683783, "window_size": 2, "batch_size": 128, "epochs": 15, "kernel_size": 3, "attention_heads": 2}, "parameter_index": 0}
[2026-05-18 15:53:52] INFO (NNIManager) submitTrialJob: form: {
  sequenceId: 171,
  hyperParameters: {
    value: '{"parameter_id": 171, "parameter_source": "algorithm", "parameters": {"model_type": "LSTM", "units": 16, "num_layers": 1, "dropout": 0, "activation": "relu", "lr": 0.00031622776601683783, "window_size": 2, "batch_size": 128, "epochs": 15, "kernel_size": 3, "attention_heads": 2}, "parameter_index": 0}',
    index: 0
  },
  placementConstraint: { type: 'None', gpus: [] }
}
[2026-05-18 15:53:52] INFO (LocalV3.local) Created trial v3joc
[2026-05-18 15:53:54] INFO (LocalV3.local) Trial parameter: v3joc {"parameter_id": 171, "parameter_source": "algorithm", "parameters": {"model_type": "LSTM", "units": 16, "num_layers": 1, "dropout": 0, "activation": "relu", "lr": 0.00031622776601683783, "window_size": 2, "batch_size": 128, "epochs": 15, "kernel_size": 3, "attention_heads": 2}, "parameter_index": 0}
[2026-05-18 15:53:58] INFO (NNIManager) Trial job v3joc status changed from RUNNING to SUCCEEDED
[2026-05-18 15:53:58] INFO (NNIManager) NNIManager received command from dispatcher: TR, {"parameter_id": 172, "parameter_source": "algorithm", "parameters": {"model_type": "LSTM", "units": 16, "num_layers": 1, "dropout": 0, "activation": "relu", "lr": 0.00031622776601683783, "window_size": 2, "batch_size": 128, "epochs": 15, "kernel_size": 3, "attention_heads": 4}, "parameter_index": 0}
[2026-05-18 15:53:59] INFO (NNIManager) submitTrialJob: form: {
  sequenceId: 172,
  hyperParameters: {
    value: '{"parameter_id": 172, "parameter_source": "algorithm", "parameters": {"model_type": "LSTM", "units": 16, "num_layers": 1, "dropout": 0, "activation": "relu", "lr": 0.00031622776601683783, "window_size": 2, "batch_size": 128, "epochs": 15, "kernel_size": 3, "attention_heads": 4}, "parameter_index": 0}',
    index: 0
  },
  placementConstraint: { type: 'None', gpus: [] }
}
[2026-05-18 15:53:59] INFO (LocalV3.local) Created trial Gv8nG
[2026-05-18 15:54:00] INFO (LocalV3.local) Trial parameter: Gv8nG {"parameter_id": 172, "parameter_source": "algorithm", "parameters": {"model_type": "LSTM", "units": 16, "num_layers": 1, "dropout": 0, "activation": "relu", "lr": 0.00031622776601683783, "window_size": 2, "batch_size": 128, "epochs": 15, "kernel_size": 3, "attention_heads": 4}, "parameter_index": 0}
[2026-05-18 15:54:05] INFO (NNIManager) Trial job Gv8nG status changed from RUNNING to SUCCEEDED
[2026-05-18 15:54:05] INFO (NNIManager) NNIManager received command from dispatcher: TR, {"parameter_id": 173, "parameter_source": "algorithm", "parameters": {"model_type": "LSTM", "units": 16, "num_layers": 1, "dropout": 0, "activation": "relu", "lr": 0.00031622776601683783, "window_size": 2, "batch_size": 128, "epochs": 15, "kernel_size": 3, "attention_heads": 8}, "parameter_index": 0}
[2026-05-18 15:54:05] INFO (NNIManager) submitTrialJob: form: {
  sequenceId: 173,
  hyperParameters: {
    value: '{"parameter_id": 173, "parameter_source": "algorithm", "parameters": {"model_type": "LSTM", "units": 16, "num_layers": 1, "dropout": 0, "activation": "relu", "lr": 0.00031622776601683783, "window_size": 2, "batch_size": 128, "epochs": 15, "kernel_size": 3, "attention_heads": 8}, "parameter_index": 0}',
    index: 0
  },
  placementConstraint: { type: 'None', gpus: [] }
}
[2026-05-18 15:54:05] INFO (LocalV3.local) Created trial vU6VV
[2026-05-18 15:54:07] INFO (LocalV3.local) Trial parameter: vU6VV {"parameter_id": 173, "parameter_source": "algorithm", "parameters": {"model_type": "LSTM", "units": 16, "num_layers": 1, "dropout": 0, "activation": "relu", "lr": 0.00031622776601683783, "window_size": 2, "batch_size": 128, "epochs": 15, "kernel_size": 3, "attention_heads": 8}, "parameter_index": 0}
[2026-05-18 15:54:11] INFO (NNIManager) Trial job vU6VV status changed from RUNNING to SUCCEEDED
[2026-05-18 15:54:11] INFO (NNIManager) NNIManager received command from dispatcher: TR, {"parameter_id": 174, "parameter_source": "algorithm", "parameters": {"model_type": "LSTM", "units": 16, "num_layers": 1, "dropout": 0, "activation": "relu", "lr": 0.00031622776601683783, "window_size": 2, "batch_size": 128, "epochs": 15, "kernel_size": 5, "attention_heads": 2}, "parameter_index": 0}
[2026-05-18 15:54:12] INFO (NNIManager) submitTrialJob: form: {
  sequenceId: 174,
  hyperParameters: {
    value: '{"parameter_id": 174, "parameter_source": "algorithm", "parameters": {"model_type": "LSTM", "units": 16, "num_layers": 1, "dropout": 0, "activation": "relu", "lr": 0.00031622776601683783, "window_size": 2, "batch_size": 128, "epochs": 15, "kernel_size": 5, "attention_heads": 2}, "parameter_index": 0}',
    index: 0
  },
  placementConstraint: { type: 'None', gpus: [] }
}
[2026-05-18 15:54:12] INFO (LocalV3.local) Created trial dVo3d
[2026-05-18 15:54:13] INFO (LocalV3.local) Trial parameter: dVo3d {"parameter_id": 174, "parameter_source": "algorithm", "parameters": {"model_type": "LSTM", "units": 16, "num_layers": 1, "dropout": 0, "activation": "relu", "lr": 0.00031622776601683783, "window_size": 2, "batch_size": 128, "epochs": 15, "kernel_size": 5, "attention_heads": 2}, "parameter_index": 0}
[2026-05-18 15:54:18] INFO (NNIManager) Trial job dVo3d status changed from RUNNING to SUCCEEDED
[2026-05-18 15:54:18] INFO (NNIManager) NNIManager received command from dispatcher: TR, {"parameter_id": 175, "parameter_source": "algorithm", "parameters": {"model_type": "LSTM", "units": 16, "num_layers": 1, "dropout": 0, "activation": "relu", "lr": 0.00031622776601683783, "window_size": 2, "batch_size": 128, "epochs": 15, "kernel_size": 5, "attention_heads": 4}, "parameter_index": 0}
[2026-05-18 15:54:18] INFO (NNIManager) submitTrialJob: form: {
  sequenceId: 175,
  hyperParameters: {
    value: '{"parameter_id": 175, "parameter_source": "algorithm", "parameters": {"model_type": "LSTM", "units": 16, "num_layers": 1, "dropout": 0, "activation": "relu", "lr": 0.00031622776601683783, "window_size": 2, "batch_size": 128, "epochs": 15, "kernel_size": 5, "attention_heads": 4}, "parameter_index": 0}',
    index: 0
  },
  placementConstraint: { type: 'None', gpus: [] }
}
[2026-05-18 15:54:18] INFO (LocalV3.local) Created trial lnPZp
[2026-05-18 15:54:20] INFO (LocalV3.local) Trial parameter: lnPZp {"parameter_id": 175, "parameter_source": "algorithm", "parameters": {"model_type": "LSTM", "units": 16, "num_layers": 1, "dropout": 0, "activation": "relu", "lr": 0.00031622776601683783, "window_size": 2, "batch_size": 128, "epochs": 15, "kernel_size": 5, "attention_heads": 4}, "parameter_index": 0}
[2026-05-18 15:54:24] INFO (NNIManager) Trial job lnPZp status changed from RUNNING to SUCCEEDED
[2026-05-18 15:54:24] INFO (NNIManager) NNIManager received command from dispatcher: TR, {"parameter_id": 176, "parameter_source": "algorithm", "parameters": {"model_type": "LSTM", "units": 16, "num_layers": 1, "dropout": 0, "activation": "relu", "lr": 0.00031622776601683783, "window_size": 2, "batch_size": 128, "epochs": 15, "kernel_size": 5, "attention_heads": 8}, "parameter_index": 0}
[2026-05-18 15:54:24] INFO (NNIManager) submitTrialJob: form: {
  sequenceId: 176,
  hyperParameters: {
    value: '{"parameter_id": 176, "parameter_source": "algorithm", "parameters": {"model_type": "LSTM", "units": 16, "num_layers": 1, "dropout": 0, "activation": "relu", "lr": 0.00031622776601683783, "window_size": 2, "batch_size": 128, "epochs": 15, "kernel_size": 5, "attention_heads": 8}, "parameter_index": 0}',
    index: 0
  },
  placementConstraint: { type: 'None', gpus: [] }
}
[2026-05-18 15:54:24] INFO (LocalV3.local) Created trial Tgfj7
[2026-05-18 15:54:26] INFO (LocalV3.local) Trial parameter: Tgfj7 {"parameter_id": 176, "parameter_source": "algorithm", "parameters": {"model_type": "LSTM", "units": 16, "num_layers": 1, "dropout": 0, "activation": "relu", "lr": 0.00031622776601683783, "window_size": 2, "batch_size": 128, "epochs": 15, "kernel_size": 5, "attention_heads": 8}, "parameter_index": 0}
[2026-05-18 15:54:30] INFO (NNIManager) Trial job Tgfj7 status changed from RUNNING to SUCCEEDED
[2026-05-18 15:54:30] INFO (NNIManager) NNIManager received command from dispatcher: TR, {"parameter_id": 177, "parameter_source": "algorithm", "parameters": {"model_type": "LSTM", "units": 16, "num_layers": 1, "dropout": 0, "activation": "relu", "lr": 0.00031622776601683783, "window_size": 2, "batch_size": 128, "epochs": 15, "kernel_size": 7, "attention_heads": 2}, "parameter_index": 0}
[2026-05-18 15:54:31] INFO (NNIManager) submitTrialJob: form: {
  sequenceId: 177,
  hyperParameters: {
    value: '{"parameter_id": 177, "parameter_source": "algorithm", "parameters": {"model_type": "LSTM", "units": 16, "num_layers": 1, "dropout": 0, "activation": "relu", "lr": 0.00031622776601683783, "window_size": 2, "batch_size": 128, "epochs": 15, "kernel_size": 7, "attention_heads": 2}, "parameter_index": 0}',
    index: 0
  },
  placementConstraint: { type: 'None', gpus: [] }
}
[2026-05-18 15:54:31] INFO (LocalV3.local) Created trial iFasI
[2026-05-18 15:54:33] INFO (LocalV3.local) Trial parameter: iFasI {"parameter_id": 177, "parameter_source": "algorithm", "parameters": {"model_type": "LSTM", "units": 16, "num_layers": 1, "dropout": 0, "activation": "relu", "lr": 0.00031622776601683783, "window_size": 2, "batch_size": 128, "epochs": 15, "kernel_size": 7, "attention_heads": 2}, "parameter_index": 0}
[2026-05-18 15:54:36] INFO (NNIManager) Trial job iFasI status changed from RUNNING to SUCCEEDED
[2026-05-18 15:54:36] INFO (NNIManager) NNIManager received command from dispatcher: TR, {"parameter_id": 178, "parameter_source": "algorithm", "parameters": {"model_type": "LSTM", "units": 16, "num_layers": 1, "dropout": 0, "activation": "relu", "lr": 0.00031622776601683783, "window_size": 2, "batch_size": 128, "epochs": 15, "kernel_size": 7, "attention_heads": 4}, "parameter_index": 0}
[2026-05-18 15:54:37] INFO (NNIManager) submitTrialJob: form: {
  sequenceId: 178,
  hyperParameters: {
    value: '{"parameter_id": 178, "parameter_source": "algorithm", "parameters": {"model_type": "LSTM", "units": 16, "num_layers": 1, "dropout": 0, "activation": "relu", "lr": 0.00031622776601683783, "window_size": 2, "batch_size": 128, "epochs": 15, "kernel_size": 7, "attention_heads": 4}, "parameter_index": 0}',
    index: 0
  },
  placementConstraint: { type: 'None', gpus: [] }
}
[2026-05-18 15:54:37] INFO (LocalV3.local) Created trial seMcE
[2026-05-18 15:54:39] INFO (LocalV3.local) Trial parameter: seMcE {"parameter_id": 178, "parameter_source": "algorithm", "parameters": {"model_type": "LSTM", "units": 16, "num_layers": 1, "dropout": 0, "activation": "relu", "lr": 0.00031622776601683783, "window_size": 2, "batch_size": 128, "epochs": 15, "kernel_size": 7, "attention_heads": 4}, "parameter_index": 0}
[2026-05-18 15:54:43] INFO (NNIManager) Trial job seMcE status changed from RUNNING to SUCCEEDED
[2026-05-18 15:54:43] INFO (NNIManager) NNIManager received command from dispatcher: TR, {"parameter_id": 179, "parameter_source": "algorithm", "parameters": {"model_type": "LSTM", "units": 16, "num_layers": 1, "dropout": 0, "activation": "relu", "lr": 0.00031622776601683783, "window_size": 2, "batch_size": 128, "epochs": 15, "kernel_size": 7, "attention_heads": 8}, "parameter_index": 0}
[2026-05-18 15:54:43] INFO (NNIManager) submitTrialJob: form: {
  sequenceId: 179,
  hyperParameters: {
    value: '{"parameter_id": 179, "parameter_source": "algorithm", "parameters": {"model_type": "LSTM", "units": 16, "num_layers": 1, "dropout": 0, "activation": "relu", "lr": 0.00031622776601683783, "window_size": 2, "batch_size": 128, "epochs": 15, "kernel_size": 7, "attention_heads": 8}, "parameter_index": 0}',
    index: 0
  },
  placementConstraint: { type: 'None', gpus: [] }
}
[2026-05-18 15:54:43] INFO (LocalV3.local) Created trial KGu0h
[2026-05-18 15:54:45] INFO (LocalV3.local) Trial parameter: KGu0h {"parameter_id": 179, "parameter_source": "algorithm", "parameters": {"model_type": "LSTM", "units": 16, "num_layers": 1, "dropout": 0, "activation": "relu", "lr": 0.00031622776601683783, "window_size": 2, "batch_size": 128, "epochs": 15, "kernel_size": 7, "attention_heads": 8}, "parameter_index": 0}
[2026-05-18 15:54:50] INFO (NNIManager) Trial job KGu0h status changed from RUNNING to SUCCEEDED
[2026-05-18 15:54:50] INFO (NNIManager) NNIManager received command from dispatcher: TR, {"parameter_id": 180, "parameter_source": "algorithm", "parameters": {"model_type": "LSTM", "units": 16, "num_layers": 1, "dropout": 0, "activation": "relu", "lr": 0.00031622776601683783, "window_size": 2, "batch_size": 128, "epochs": 20, "kernel_size": 2, "attention_heads": 2}, "parameter_index": 0}
[2026-05-18 15:54:50] INFO (NNIManager) submitTrialJob: form: {
  sequenceId: 180,
  hyperParameters: {
    value: '{"parameter_id": 180, "parameter_source": "algorithm", "parameters": {"model_type": "LSTM", "units": 16, "num_layers": 1, "dropout": 0, "activation": "relu", "lr": 0.00031622776601683783, "window_size": 2, "batch_size": 128, "epochs": 20, "kernel_size": 2, "attention_heads": 2}, "parameter_index": 0}',
    index: 0
  },
  placementConstraint: { type: 'None', gpus: [] }
}
[2026-05-18 15:54:50] INFO (LocalV3.local) Created trial Ixplq
[2026-05-18 15:54:52] INFO (LocalV3.local) Trial parameter: Ixplq {"parameter_id": 180, "parameter_source": "algorithm", "parameters": {"model_type": "LSTM", "units": 16, "num_layers": 1, "dropout": 0, "activation": "relu", "lr": 0.00031622776601683783, "window_size": 2, "batch_size": 128, "epochs": 20, "kernel_size": 2, "attention_heads": 2}, "parameter_index": 0}
[2026-05-18 15:54:57] INFO (NNIManager) Trial job Ixplq status changed from RUNNING to SUCCEEDED
[2026-05-18 15:54:57] INFO (NNIManager) NNIManager received command from dispatcher: TR, {"parameter_id": 181, "parameter_source": "algorithm", "parameters": {"model_type": "LSTM", "units": 16, "num_layers": 1, "dropout": 0, "activation": "relu", "lr": 0.00031622776601683783, "window_size": 2, "batch_size": 128, "epochs": 20, "kernel_size": 2, "attention_heads": 4}, "parameter_index": 0}
[2026-05-18 15:54:57] INFO (NNIManager) submitTrialJob: form: {
  sequenceId: 181,
  hyperParameters: {
    value: '{"parameter_id": 181, "parameter_source": "algorithm", "parameters": {"model_type": "LSTM", "units": 16, "num_layers": 1, "dropout": 0, "activation": "relu", "lr": 0.00031622776601683783, "window_size": 2, "batch_size": 128, "epochs": 20, "kernel_size": 2, "attention_heads": 4}, "parameter_index": 0}',
    index: 0
  },
  placementConstraint: { type: 'None', gpus: [] }
}
[2026-05-18 15:54:57] INFO (LocalV3.local) Created trial eBsHN
[2026-05-18 15:54:59] INFO (LocalV3.local) Trial parameter: eBsHN {"parameter_id": 181, "parameter_source": "algorithm", "parameters": {"model_type": "LSTM", "units": 16, "num_layers": 1, "dropout": 0, "activation": "relu", "lr": 0.00031622776601683783, "window_size": 2, "batch_size": 128, "epochs": 20, "kernel_size": 2, "attention_heads": 4}, "parameter_index": 0}
[2026-05-18 15:55:04] INFO (NNIManager) Trial job eBsHN status changed from RUNNING to SUCCEEDED
[2026-05-18 15:55:04] INFO (NNIManager) NNIManager received command from dispatcher: TR, {"parameter_id": 182, "parameter_source": "algorithm", "parameters": {"model_type": "LSTM", "units": 16, "num_layers": 1, "dropout": 0, "activation": "relu", "lr": 0.00031622776601683783, "window_size": 2, "batch_size": 128, "epochs": 20, "kernel_size": 2, "attention_heads": 8}, "parameter_index": 0}
[2026-05-18 15:55:04] INFO (NNIManager) submitTrialJob: form: {
  sequenceId: 182,
  hyperParameters: {
    value: '{"parameter_id": 182, "parameter_source": "algorithm", "parameters": {"model_type": "LSTM", "units": 16, "num_layers": 1, "dropout": 0, "activation": "relu", "lr": 0.00031622776601683783, "window_size": 2, "batch_size": 128, "epochs": 20, "kernel_size": 2, "attention_heads": 8}, "parameter_index": 0}',
    index: 0
  },
  placementConstraint: { type: 'None', gpus: [] }
}
[2026-05-18 15:55:04] INFO (LocalV3.local) Created trial ahpto
[2026-05-18 15:55:06] INFO (LocalV3.local) Trial parameter: ahpto {"parameter_id": 182, "parameter_source": "algorithm", "parameters": {"model_type": "LSTM", "units": 16, "num_layers": 1, "dropout": 0, "activation": "relu", "lr": 0.00031622776601683783, "window_size": 2, "batch_size": 128, "epochs": 20, "kernel_size": 2, "attention_heads": 8}, "parameter_index": 0}
[2026-05-18 15:55:12] INFO (NNIManager) Trial job ahpto status changed from RUNNING to SUCCEEDED
[2026-05-18 15:55:12] INFO (NNIManager) NNIManager received command from dispatcher: TR, {"parameter_id": 183, "parameter_source": "algorithm", "parameters": {"model_type": "LSTM", "units": 16, "num_layers": 1, "dropout": 0, "activation": "relu", "lr": 0.00031622776601683783, "window_size": 2, "batch_size": 128, "epochs": 20, "kernel_size": 3, "attention_heads": 2}, "parameter_index": 0}
[2026-05-18 15:55:13] INFO (NNIManager) submitTrialJob: form: {
  sequenceId: 183,
  hyperParameters: {
    value: '{"parameter_id": 183, "parameter_source": "algorithm", "parameters": {"model_type": "LSTM", "units": 16, "num_layers": 1, "dropout": 0, "activation": "relu", "lr": 0.00031622776601683783, "window_size": 2, "batch_size": 128, "epochs": 20, "kernel_size": 3, "attention_heads": 2}, "parameter_index": 0}',
    index: 0
  },
  placementConstraint: { type: 'None', gpus: [] }
}
[2026-05-18 15:55:13] INFO (LocalV3.local) Created trial GmBlM
[2026-05-18 15:55:14] INFO (LocalV3.local) Trial parameter: GmBlM {"parameter_id": 183, "parameter_source": "algorithm", "parameters": {"model_type": "LSTM", "units": 16, "num_layers": 1, "dropout": 0, "activation": "relu", "lr": 0.00031622776601683783, "window_size": 2, "batch_size": 128, "epochs": 20, "kernel_size": 3, "attention_heads": 2}, "parameter_index": 0}
[2026-05-18 15:55:19] INFO (NNIManager) Trial job GmBlM status changed from RUNNING to SUCCEEDED
[2026-05-18 15:55:19] INFO (NNIManager) NNIManager received command from dispatcher: TR, {"parameter_id": 184, "parameter_source": "algorithm", "parameters": {"model_type": "LSTM", "units": 16, "num_layers": 1, "dropout": 0, "activation": "relu", "lr": 0.00031622776601683783, "window_size": 2, "batch_size": 128, "epochs": 20, "kernel_size": 3, "attention_heads": 4}, "parameter_index": 0}
[2026-05-18 15:55:20] INFO (NNIManager) submitTrialJob: form: {
  sequenceId: 184,
  hyperParameters: {
    value: '{"parameter_id": 184, "parameter_source": "algorithm", "parameters": {"model_type": "LSTM", "units": 16, "num_layers": 1, "dropout": 0, "activation": "relu", "lr": 0.00031622776601683783, "window_size": 2, "batch_size": 128, "epochs": 20, "kernel_size": 3, "attention_heads": 4}, "parameter_index": 0}',
    index: 0
  },
  placementConstraint: { type: 'None', gpus: [] }
}
[2026-05-18 15:55:20] INFO (LocalV3.local) Created trial nYxZA
[2026-05-18 15:55:21] INFO (LocalV3.local) Trial parameter: nYxZA {"parameter_id": 184, "parameter_source": "algorithm", "parameters": {"model_type": "LSTM", "units": 16, "num_layers": 1, "dropout": 0, "activation": "relu", "lr": 0.00031622776601683783, "window_size": 2, "batch_size": 128, "epochs": 20, "kernel_size": 3, "attention_heads": 4}, "parameter_index": 0}
[2026-05-18 15:55:26] INFO (NNIManager) Trial job nYxZA status changed from RUNNING to SUCCEEDED
[2026-05-18 15:55:26] INFO (NNIManager) NNIManager received command from dispatcher: TR, {"parameter_id": 185, "parameter_source": "algorithm", "parameters": {"model_type": "LSTM", "units": 16, "num_layers": 1, "dropout": 0, "activation": "relu", "lr": 0.00031622776601683783, "window_size": 2, "batch_size": 128, "epochs": 20, "kernel_size": 3, "attention_heads": 8}, "parameter_index": 0}
[2026-05-18 15:55:27] INFO (NNIManager) submitTrialJob: form: {
  sequenceId: 185,
  hyperParameters: {
    value: '{"parameter_id": 185, "parameter_source": "algorithm", "parameters": {"model_type": "LSTM", "units": 16, "num_layers": 1, "dropout": 0, "activation": "relu", "lr": 0.00031622776601683783, "window_size": 2, "batch_size": 128, "epochs": 20, "kernel_size": 3, "attention_heads": 8}, "parameter_index": 0}',
    index: 0
  },
  placementConstraint: { type: 'None', gpus: [] }
}
[2026-05-18 15:55:27] INFO (LocalV3.local) Created trial vxBef
[2026-05-18 15:55:28] INFO (LocalV3.local) Trial parameter: vxBef {"parameter_id": 185, "parameter_source": "algorithm", "parameters": {"model_type": "LSTM", "units": 16, "num_layers": 1, "dropout": 0, "activation": "relu", "lr": 0.00031622776601683783, "window_size": 2, "batch_size": 128, "epochs": 20, "kernel_size": 3, "attention_heads": 8}, "parameter_index": 0}
[2026-05-18 15:55:33] INFO (NNIManager) Trial job vxBef status changed from RUNNING to SUCCEEDED
[2026-05-18 15:55:33] INFO (NNIManager) NNIManager received command from dispatcher: TR, {"parameter_id": 186, "parameter_source": "algorithm", "parameters": {"model_type": "LSTM", "units": 16, "num_layers": 1, "dropout": 0, "activation": "relu", "lr": 0.00031622776601683783, "window_size": 2, "batch_size": 128, "epochs": 20, "kernel_size": 5, "attention_heads": 2}, "parameter_index": 0}
[2026-05-18 15:55:34] INFO (NNIManager) submitTrialJob: form: {
  sequenceId: 186,
  hyperParameters: {
    value: '{"parameter_id": 186, "parameter_source": "algorithm", "parameters": {"model_type": "LSTM", "units": 16, "num_layers": 1, "dropout": 0, "activation": "relu", "lr": 0.00031622776601683783, "window_size": 2, "batch_size": 128, "epochs": 20, "kernel_size": 5, "attention_heads": 2}, "parameter_index": 0}',
    index: 0
  },
  placementConstraint: { type: 'None', gpus: [] }
}
[2026-05-18 15:55:34] INFO (LocalV3.local) Created trial Uj89r
[2026-05-18 15:55:35] INFO (LocalV3.local) Trial parameter: Uj89r {"parameter_id": 186, "parameter_source": "algorithm", "parameters": {"model_type": "LSTM", "units": 16, "num_layers": 1, "dropout": 0, "activation": "relu", "lr": 0.00031622776601683783, "window_size": 2, "batch_size": 128, "epochs": 20, "kernel_size": 5, "attention_heads": 2}, "parameter_index": 0}
[2026-05-18 15:55:40] INFO (NNIManager) Trial job Uj89r status changed from RUNNING to SUCCEEDED
[2026-05-18 15:55:40] INFO (NNIManager) NNIManager received command from dispatcher: TR, {"parameter_id": 187, "parameter_source": "algorithm", "parameters": {"model_type": "LSTM", "units": 16, "num_layers": 1, "dropout": 0, "activation": "relu", "lr": 0.00031622776601683783, "window_size": 2, "batch_size": 128, "epochs": 20, "kernel_size": 5, "attention_heads": 4}, "parameter_index": 0}
[2026-05-18 15:55:40] INFO (NNIManager) submitTrialJob: form: {
  sequenceId: 187,
  hyperParameters: {
    value: '{"parameter_id": 187, "parameter_source": "algorithm", "parameters": {"model_type": "LSTM", "units": 16, "num_layers": 1, "dropout": 0, "activation": "relu", "lr": 0.00031622776601683783, "window_size": 2, "batch_size": 128, "epochs": 20, "kernel_size": 5, "attention_heads": 4}, "parameter_index": 0}',
    index: 0
  },
  placementConstraint: { type: 'None', gpus: [] }
}
[2026-05-18 15:55:40] INFO (LocalV3.local) Created trial tzMZl
[2026-05-18 15:55:42] INFO (LocalV3.local) Trial parameter: tzMZl {"parameter_id": 187, "parameter_source": "algorithm", "parameters": {"model_type": "LSTM", "units": 16, "num_layers": 1, "dropout": 0, "activation": "relu", "lr": 0.00031622776601683783, "window_size": 2, "batch_size": 128, "epochs": 20, "kernel_size": 5, "attention_heads": 4}, "parameter_index": 0}
[2026-05-18 15:55:47] INFO (NNIManager) Trial job tzMZl status changed from RUNNING to SUCCEEDED
[2026-05-18 15:55:47] INFO (NNIManager) NNIManager received command from dispatcher: TR, {"parameter_id": 188, "parameter_source": "algorithm", "parameters": {"model_type": "LSTM", "units": 16, "num_layers": 1, "dropout": 0, "activation": "relu", "lr": 0.00031622776601683783, "window_size": 2, "batch_size": 128, "epochs": 20, "kernel_size": 5, "attention_heads": 8}, "parameter_index": 0}
[2026-05-18 15:55:47] INFO (NNIManager) submitTrialJob: form: {
  sequenceId: 188,
  hyperParameters: {
    value: '{"parameter_id": 188, "parameter_source": "algorithm", "parameters": {"model_type": "LSTM", "units": 16, "num_layers": 1, "dropout": 0, "activation": "relu", "lr": 0.00031622776601683783, "window_size": 2, "batch_size": 128, "epochs": 20, "kernel_size": 5, "attention_heads": 8}, "parameter_index": 0}',
    index: 0
  },
  placementConstraint: { type: 'None', gpus: [] }
}
[2026-05-18 15:55:47] INFO (LocalV3.local) Created trial fP9IC
[2026-05-18 15:55:49] INFO (LocalV3.local) Trial parameter: fP9IC {"parameter_id": 188, "parameter_source": "algorithm", "parameters": {"model_type": "LSTM", "units": 16, "num_layers": 1, "dropout": 0, "activation": "relu", "lr": 0.00031622776601683783, "window_size": 2, "batch_size": 128, "epochs": 20, "kernel_size": 5, "attention_heads": 8}, "parameter_index": 0}
[2026-05-18 15:55:53] INFO (NNIManager) Trial job fP9IC status changed from RUNNING to SUCCEEDED
[2026-05-18 15:55:53] INFO (NNIManager) NNIManager received command from dispatcher: TR, {"parameter_id": 189, "parameter_source": "algorithm", "parameters": {"model_type": "LSTM", "units": 16, "num_layers": 1, "dropout": 0, "activation": "relu", "lr": 0.00031622776601683783, "window_size": 2, "batch_size": 128, "epochs": 20, "kernel_size": 7, "attention_heads": 2}, "parameter_index": 0}
[2026-05-18 15:55:54] INFO (NNIManager) submitTrialJob: form: {
  sequenceId: 189,
  hyperParameters: {
    value: '{"parameter_id": 189, "parameter_source": "algorithm", "parameters": {"model_type": "LSTM", "units": 16, "num_layers": 1, "dropout": 0, "activation": "relu", "lr": 0.00031622776601683783, "window_size": 2, "batch_size": 128, "epochs": 20, "kernel_size": 7, "attention_heads": 2}, "parameter_index": 0}',
    index: 0
  },
  placementConstraint: { type: 'None', gpus: [] }
}
[2026-05-18 15:55:54] INFO (LocalV3.local) Created trial Kg0tf
[2026-05-18 15:55:56] INFO (LocalV3.local) Trial parameter: Kg0tf {"parameter_id": 189, "parameter_source": "algorithm", "parameters": {"model_type": "LSTM", "units": 16, "num_layers": 1, "dropout": 0, "activation": "relu", "lr": 0.00031622776601683783, "window_size": 2, "batch_size": 128, "epochs": 20, "kernel_size": 7, "attention_heads": 2}, "parameter_index": 0}
[2026-05-18 15:56:00] INFO (NNIManager) Trial job Kg0tf status changed from RUNNING to SUCCEEDED
[2026-05-18 15:56:00] INFO (NNIManager) NNIManager received command from dispatcher: TR, {"parameter_id": 190, "parameter_source": "algorithm", "parameters": {"model_type": "LSTM", "units": 16, "num_layers": 1, "dropout": 0, "activation": "relu", "lr": 0.00031622776601683783, "window_size": 2, "batch_size": 128, "epochs": 20, "kernel_size": 7, "attention_heads": 4}, "parameter_index": 0}
[2026-05-18 15:56:00] INFO (NNIManager) submitTrialJob: form: {
  sequenceId: 190,
  hyperParameters: {
    value: '{"parameter_id": 190, "parameter_source": "algorithm", "parameters": {"model_type": "LSTM", "units": 16, "num_layers": 1, "dropout": 0, "activation": "relu", "lr": 0.00031622776601683783, "window_size": 2, "batch_size": 128, "epochs": 20, "kernel_size": 7, "attention_heads": 4}, "parameter_index": 0}',
    index: 0
  },
  placementConstraint: { type: 'None', gpus: [] }
}
[2026-05-18 15:56:00] INFO (LocalV3.local) Created trial Qxxam
[2026-05-18 15:56:02] INFO (LocalV3.local) Trial parameter: Qxxam {"parameter_id": 190, "parameter_source": "algorithm", "parameters": {"model_type": "LSTM", "units": 16, "num_layers": 1, "dropout": 0, "activation": "relu", "lr": 0.00031622776601683783, "window_size": 2, "batch_size": 128, "epochs": 20, "kernel_size": 7, "attention_heads": 4}, "parameter_index": 0}
[2026-05-18 15:56:07] INFO (NNIManager) Trial job Qxxam status changed from RUNNING to SUCCEEDED
[2026-05-18 15:56:07] INFO (NNIManager) NNIManager received command from dispatcher: TR, {"parameter_id": 191, "parameter_source": "algorithm", "parameters": {"model_type": "LSTM", "units": 16, "num_layers": 1, "dropout": 0, "activation": "relu", "lr": 0.00031622776601683783, "window_size": 2, "batch_size": 128, "epochs": 20, "kernel_size": 7, "attention_heads": 8}, "parameter_index": 0}
[2026-05-18 15:56:07] INFO (NNIManager) submitTrialJob: form: {
  sequenceId: 191,
  hyperParameters: {
    value: '{"parameter_id": 191, "parameter_source": "algorithm", "parameters": {"model_type": "LSTM", "units": 16, "num_layers": 1, "dropout": 0, "activation": "relu", "lr": 0.00031622776601683783, "window_size": 2, "batch_size": 128, "epochs": 20, "kernel_size": 7, "attention_heads": 8}, "parameter_index": 0}',
    index: 0
  },
  placementConstraint: { type: 'None', gpus: [] }
}
[2026-05-18 15:56:07] INFO (LocalV3.local) Created trial nTic4
[2026-05-18 15:56:09] INFO (LocalV3.local) Trial parameter: nTic4 {"parameter_id": 191, "parameter_source": "algorithm", "parameters": {"model_type": "LSTM", "units": 16, "num_layers": 1, "dropout": 0, "activation": "relu", "lr": 0.00031622776601683783, "window_size": 2, "batch_size": 128, "epochs": 20, "kernel_size": 7, "attention_heads": 8}, "parameter_index": 0}
[2026-05-18 15:56:13] INFO (NNIManager) Trial job nTic4 status changed from RUNNING to SUCCEEDED
[2026-05-18 15:56:13] INFO (NNIManager) NNIManager received command from dispatcher: TR, {"parameter_id": 192, "parameter_source": "algorithm", "parameters": {"model_type": "LSTM", "units": 16, "num_layers": 1, "dropout": 0, "activation": "relu", "lr": 0.00031622776601683783, "window_size": 3, "batch_size": 16, "epochs": 5, "kernel_size": 2, "attention_heads": 2}, "parameter_index": 0}
[2026-05-18 15:56:14] INFO (NNIManager) submitTrialJob: form: {
  sequenceId: 192,
  hyperParameters: {
    value: '{"parameter_id": 192, "parameter_source": "algorithm", "parameters": {"model_type": "LSTM", "units": 16, "num_layers": 1, "dropout": 0, "activation": "relu", "lr": 0.00031622776601683783, "window_size": 3, "batch_size": 16, "epochs": 5, "kernel_size": 2, "attention_heads": 2}, "parameter_index": 0}',
    index: 0
  },
  placementConstraint: { type: 'None', gpus: [] }
}
[2026-05-18 15:56:14] INFO (LocalV3.local) Created trial wPn39
[2026-05-18 15:56:16] INFO (LocalV3.local) Trial parameter: wPn39 {"parameter_id": 192, "parameter_source": "algorithm", "parameters": {"model_type": "LSTM", "units": 16, "num_layers": 1, "dropout": 0, "activation": "relu", "lr": 0.00031622776601683783, "window_size": 3, "batch_size": 16, "epochs": 5, "kernel_size": 2, "attention_heads": 2}, "parameter_index": 0}
[2026-05-18 15:56:19] INFO (NNIManager) Trial job wPn39 status changed from RUNNING to SUCCEEDED
[2026-05-18 15:56:19] INFO (NNIManager) NNIManager received command from dispatcher: TR, {"parameter_id": 193, "parameter_source": "algorithm", "parameters": {"model_type": "LSTM", "units": 16, "num_layers": 1, "dropout": 0, "activation": "relu", "lr": 0.00031622776601683783, "window_size": 3, "batch_size": 16, "epochs": 5, "kernel_size": 2, "attention_heads": 4}, "parameter_index": 0}
[2026-05-18 15:56:20] INFO (NNIManager) submitTrialJob: form: {
  sequenceId: 193,
  hyperParameters: {
    value: '{"parameter_id": 193, "parameter_source": "algorithm", "parameters": {"model_type": "LSTM", "units": 16, "num_layers": 1, "dropout": 0, "activation": "relu", "lr": 0.00031622776601683783, "window_size": 3, "batch_size": 16, "epochs": 5, "kernel_size": 2, "attention_heads": 4}, "parameter_index": 0}',
    index: 0
  },
  placementConstraint: { type: 'None', gpus: [] }
}
[2026-05-18 15:56:20] INFO (LocalV3.local) Created trial k0xd7
[2026-05-18 15:56:22] INFO (LocalV3.local) Trial parameter: k0xd7 {"parameter_id": 193, "parameter_source": "algorithm", "parameters": {"model_type": "LSTM", "units": 16, "num_layers": 1, "dropout": 0, "activation": "relu", "lr": 0.00031622776601683783, "window_size": 3, "batch_size": 16, "epochs": 5, "kernel_size": 2, "attention_heads": 4}, "parameter_index": 0}
[2026-05-18 15:56:25] INFO (NNIManager) Trial job k0xd7 status changed from RUNNING to SUCCEEDED
[2026-05-18 15:56:25] INFO (NNIManager) NNIManager received command from dispatcher: TR, {"parameter_id": 194, "parameter_source": "algorithm", "parameters": {"model_type": "LSTM", "units": 16, "num_layers": 1, "dropout": 0, "activation": "relu", "lr": 0.00031622776601683783, "window_size": 3, "batch_size": 16, "epochs": 5, "kernel_size": 2, "attention_heads": 8}, "parameter_index": 0}
[2026-05-18 15:56:26] INFO (NNIManager) submitTrialJob: form: {
  sequenceId: 194,
  hyperParameters: {
    value: '{"parameter_id": 194, "parameter_source": "algorithm", "parameters": {"model_type": "LSTM", "units": 16, "num_layers": 1, "dropout": 0, "activation": "relu", "lr": 0.00031622776601683783, "window_size": 3, "batch_size": 16, "epochs": 5, "kernel_size": 2, "attention_heads": 8}, "parameter_index": 0}',
    index: 0
  },
  placementConstraint: { type: 'None', gpus: [] }
}
[2026-05-18 15:56:26] INFO (LocalV3.local) Created trial Em89S
[2026-05-18 15:56:27] INFO (LocalV3.local) Trial parameter: Em89S {"parameter_id": 194, "parameter_source": "algorithm", "parameters": {"model_type": "LSTM", "units": 16, "num_layers": 1, "dropout": 0, "activation": "relu", "lr": 0.00031622776601683783, "window_size": 3, "batch_size": 16, "epochs": 5, "kernel_size": 2, "attention_heads": 8}, "parameter_index": 0}
[2026-05-18 15:56:31] INFO (NNIManager) Trial job Em89S status changed from RUNNING to SUCCEEDED
[2026-05-18 15:56:31] INFO (NNIManager) NNIManager received command from dispatcher: TR, {"parameter_id": 195, "parameter_source": "algorithm", "parameters": {"model_type": "LSTM", "units": 16, "num_layers": 1, "dropout": 0, "activation": "relu", "lr": 0.00031622776601683783, "window_size": 3, "batch_size": 16, "epochs": 5, "kernel_size": 3, "attention_heads": 2}, "parameter_index": 0}
[2026-05-18 15:56:32] INFO (NNIManager) submitTrialJob: form: {
  sequenceId: 195,
  hyperParameters: {
    value: '{"parameter_id": 195, "parameter_source": "algorithm", "parameters": {"model_type": "LSTM", "units": 16, "num_layers": 1, "dropout": 0, "activation": "relu", "lr": 0.00031622776601683783, "window_size": 3, "batch_size": 16, "epochs": 5, "kernel_size": 3, "attention_heads": 2}, "parameter_index": 0}',
    index: 0
  },
  placementConstraint: { type: 'None', gpus: [] }
}
[2026-05-18 15:56:32] INFO (LocalV3.local) Created trial MXsBp
[2026-05-18 15:56:33] INFO (LocalV3.local) Trial parameter: MXsBp {"parameter_id": 195, "parameter_source": "algorithm", "parameters": {"model_type": "LSTM", "units": 16, "num_layers": 1, "dropout": 0, "activation": "relu", "lr": 0.00031622776601683783, "window_size": 3, "batch_size": 16, "epochs": 5, "kernel_size": 3, "attention_heads": 2}, "parameter_index": 0}
[2026-05-18 15:56:37] INFO (NNIManager) Trial job MXsBp status changed from RUNNING to SUCCEEDED
[2026-05-18 15:56:37] INFO (NNIManager) NNIManager received command from dispatcher: TR, {"parameter_id": 196, "parameter_source": "algorithm", "parameters": {"model_type": "LSTM", "units": 16, "num_layers": 1, "dropout": 0, "activation": "relu", "lr": 0.00031622776601683783, "window_size": 3, "batch_size": 16, "epochs": 5, "kernel_size": 3, "attention_heads": 4}, "parameter_index": 0}
[2026-05-18 15:56:37] INFO (NNIManager) submitTrialJob: form: {
  sequenceId: 196,
  hyperParameters: {
    value: '{"parameter_id": 196, "parameter_source": "algorithm", "parameters": {"model_type": "LSTM", "units": 16, "num_layers": 1, "dropout": 0, "activation": "relu", "lr": 0.00031622776601683783, "window_size": 3, "batch_size": 16, "epochs": 5, "kernel_size": 3, "attention_heads": 4}, "parameter_index": 0}',
    index: 0
  },
  placementConstraint: { type: 'None', gpus: [] }
}
[2026-05-18 15:56:37] INFO (LocalV3.local) Created trial nIdyE
[2026-05-18 15:56:39] INFO (LocalV3.local) Trial parameter: nIdyE {"parameter_id": 196, "parameter_source": "algorithm", "parameters": {"model_type": "LSTM", "units": 16, "num_layers": 1, "dropout": 0, "activation": "relu", "lr": 0.00031622776601683783, "window_size": 3, "batch_size": 16, "epochs": 5, "kernel_size": 3, "attention_heads": 4}, "parameter_index": 0}
[2026-05-18 15:56:43] INFO (NNIManager) Trial job nIdyE status changed from RUNNING to SUCCEEDED
[2026-05-18 15:56:43] INFO (NNIManager) NNIManager received command from dispatcher: TR, {"parameter_id": 197, "parameter_source": "algorithm", "parameters": {"model_type": "LSTM", "units": 16, "num_layers": 1, "dropout": 0, "activation": "relu", "lr": 0.00031622776601683783, "window_size": 3, "batch_size": 16, "epochs": 5, "kernel_size": 3, "attention_heads": 8}, "parameter_index": 0}
[2026-05-18 15:56:43] INFO (NNIManager) submitTrialJob: form: {
  sequenceId: 197,
  hyperParameters: {
    value: '{"parameter_id": 197, "parameter_source": "algorithm", "parameters": {"model_type": "LSTM", "units": 16, "num_layers": 1, "dropout": 0, "activation": "relu", "lr": 0.00031622776601683783, "window_size": 3, "batch_size": 16, "epochs": 5, "kernel_size": 3, "attention_heads": 8}, "parameter_index": 0}',
    index: 0
  },
  placementConstraint: { type: 'None', gpus: [] }
}
[2026-05-18 15:56:43] INFO (LocalV3.local) Created trial Fwa4L
[2026-05-18 15:56:45] INFO (LocalV3.local) Trial parameter: Fwa4L {"parameter_id": 197, "parameter_source": "algorithm", "parameters": {"model_type": "LSTM", "units": 16, "num_layers": 1, "dropout": 0, "activation": "relu", "lr": 0.00031622776601683783, "window_size": 3, "batch_size": 16, "epochs": 5, "kernel_size": 3, "attention_heads": 8}, "parameter_index": 0}
[2026-05-18 15:56:49] INFO (NNIManager) Trial job Fwa4L status changed from RUNNING to SUCCEEDED
[2026-05-18 15:56:49] INFO (NNIManager) NNIManager received command from dispatcher: TR, {"parameter_id": 198, "parameter_source": "algorithm", "parameters": {"model_type": "LSTM", "units": 16, "num_layers": 1, "dropout": 0, "activation": "relu", "lr": 0.00031622776601683783, "window_size": 3, "batch_size": 16, "epochs": 5, "kernel_size": 5, "attention_heads": 2}, "parameter_index": 0}
[2026-05-18 15:56:49] INFO (NNIManager) submitTrialJob: form: {
  sequenceId: 198,
  hyperParameters: {
    value: '{"parameter_id": 198, "parameter_source": "algorithm", "parameters": {"model_type": "LSTM", "units": 16, "num_layers": 1, "dropout": 0, "activation": "relu", "lr": 0.00031622776601683783, "window_size": 3, "batch_size": 16, "epochs": 5, "kernel_size": 5, "attention_heads": 2}, "parameter_index": 0}',
    index: 0
  },
  placementConstraint: { type: 'None', gpus: [] }
}
[2026-05-18 15:56:49] INFO (LocalV3.local) Created trial hKdBR
[2026-05-18 15:56:51] INFO (LocalV3.local) Trial parameter: hKdBR {"parameter_id": 198, "parameter_source": "algorithm", "parameters": {"model_type": "LSTM", "units": 16, "num_layers": 1, "dropout": 0, "activation": "relu", "lr": 0.00031622776601683783, "window_size": 3, "batch_size": 16, "epochs": 5, "kernel_size": 5, "attention_heads": 2}, "parameter_index": 0}
[2026-05-18 15:56:54] INFO (NNIManager) Trial job hKdBR status changed from RUNNING to SUCCEEDED
[2026-05-18 15:56:54] INFO (NNIManager) NNIManager received command from dispatcher: TR, {"parameter_id": 199, "parameter_source": "algorithm", "parameters": {"model_type": "LSTM", "units": 16, "num_layers": 1, "dropout": 0, "activation": "relu", "lr": 0.00031622776601683783, "window_size": 3, "batch_size": 16, "epochs": 5, "kernel_size": 5, "attention_heads": 4}, "parameter_index": 0}
[2026-05-18 15:56:55] INFO (NNIManager) submitTrialJob: form: {
  sequenceId: 199,
  hyperParameters: {
    value: '{"parameter_id": 199, "parameter_source": "algorithm", "parameters": {"model_type": "LSTM", "units": 16, "num_layers": 1, "dropout": 0, "activation": "relu", "lr": 0.00031622776601683783, "window_size": 3, "batch_size": 16, "epochs": 5, "kernel_size": 5, "attention_heads": 4}, "parameter_index": 0}',
    index: 0
  },
  placementConstraint: { type: 'None', gpus: [] }
}
[2026-05-18 15:56:55] INFO (LocalV3.local) Created trial nH3Yf
[2026-05-18 15:56:56] INFO (LocalV3.local) Trial parameter: nH3Yf {"parameter_id": 199, "parameter_source": "algorithm", "parameters": {"model_type": "LSTM", "units": 16, "num_layers": 1, "dropout": 0, "activation": "relu", "lr": 0.00031622776601683783, "window_size": 3, "batch_size": 16, "epochs": 5, "kernel_size": 5, "attention_heads": 4}, "parameter_index": 0}
[2026-05-18 15:57:00] INFO (NNIManager) Trial job nH3Yf status changed from RUNNING to SUCCEEDED
[2026-05-18 15:57:00] INFO (NNIManager) NNIManager received command from dispatcher: TR, {"parameter_id": 200, "parameter_source": "algorithm", "parameters": {"model_type": "LSTM", "units": 16, "num_layers": 1, "dropout": 0, "activation": "relu", "lr": 0.00031622776601683783, "window_size": 3, "batch_size": 16, "epochs": 5, "kernel_size": 5, "attention_heads": 8}, "parameter_index": 0}
[2026-05-18 15:57:01] INFO (NNIManager) submitTrialJob: form: {
  sequenceId: 200,
  hyperParameters: {
    value: '{"parameter_id": 200, "parameter_source": "algorithm", "parameters": {"model_type": "LSTM", "units": 16, "num_layers": 1, "dropout": 0, "activation": "relu", "lr": 0.00031622776601683783, "window_size": 3, "batch_size": 16, "epochs": 5, "kernel_size": 5, "attention_heads": 8}, "parameter_index": 0}',
    index: 0
  },
  placementConstraint: { type: 'None', gpus: [] }
}
[2026-05-18 15:57:01] INFO (LocalV3.local) Created trial i3viw
[2026-05-18 15:57:02] INFO (LocalV3.local) Trial parameter: i3viw {"parameter_id": 200, "parameter_source": "algorithm", "parameters": {"model_type": "LSTM", "units": 16, "num_layers": 1, "dropout": 0, "activation": "relu", "lr": 0.00031622776601683783, "window_size": 3, "batch_size": 16, "epochs": 5, "kernel_size": 5, "attention_heads": 8}, "parameter_index": 0}
[2026-05-18 15:57:06] INFO (NNIManager) Trial job i3viw status changed from RUNNING to SUCCEEDED
[2026-05-18 15:57:06] INFO (NNIManager) NNIManager received command from dispatcher: TR, {"parameter_id": 201, "parameter_source": "algorithm", "parameters": {"model_type": "LSTM", "units": 16, "num_layers": 1, "dropout": 0, "activation": "relu", "lr": 0.00031622776601683783, "window_size": 3, "batch_size": 16, "epochs": 5, "kernel_size": 7, "attention_heads": 2}, "parameter_index": 0}
[2026-05-18 15:57:07] INFO (NNIManager) submitTrialJob: form: {
  sequenceId: 201,
  hyperParameters: {
    value: '{"parameter_id": 201, "parameter_source": "algorithm", "parameters": {"model_type": "LSTM", "units": 16, "num_layers": 1, "dropout": 0, "activation": "relu", "lr": 0.00031622776601683783, "window_size": 3, "batch_size": 16, "epochs": 5, "kernel_size": 7, "attention_heads": 2}, "parameter_index": 0}',
    index: 0
  },
  placementConstraint: { type: 'None', gpus: [] }
}
[2026-05-18 15:57:07] INFO (LocalV3.local) Created trial Hlv3K
[2026-05-18 15:57:09] INFO (LocalV3.local) Trial parameter: Hlv3K {"parameter_id": 201, "parameter_source": "algorithm", "parameters": {"model_type": "LSTM", "units": 16, "num_layers": 1, "dropout": 0, "activation": "relu", "lr": 0.00031622776601683783, "window_size": 3, "batch_size": 16, "epochs": 5, "kernel_size": 7, "attention_heads": 2}, "parameter_index": 0}
[2026-05-18 15:57:12] INFO (NNIManager) Trial job Hlv3K status changed from RUNNING to SUCCEEDED
[2026-05-18 15:57:12] INFO (NNIManager) NNIManager received command from dispatcher: TR, {"parameter_id": 202, "parameter_source": "algorithm", "parameters": {"model_type": "LSTM", "units": 16, "num_layers": 1, "dropout": 0, "activation": "relu", "lr": 0.00031622776601683783, "window_size": 3, "batch_size": 16, "epochs": 5, "kernel_size": 7, "attention_heads": 4}, "parameter_index": 0}
[2026-05-18 15:57:12] INFO (NNIManager) submitTrialJob: form: {
  sequenceId: 202,
  hyperParameters: {
    value: '{"parameter_id": 202, "parameter_source": "algorithm", "parameters": {"model_type": "LSTM", "units": 16, "num_layers": 1, "dropout": 0, "activation": "relu", "lr": 0.00031622776601683783, "window_size": 3, "batch_size": 16, "epochs": 5, "kernel_size": 7, "attention_heads": 4}, "parameter_index": 0}',
    index: 0
  },
  placementConstraint: { type: 'None', gpus: [] }
}
[2026-05-18 15:57:12] INFO (LocalV3.local) Created trial EVc07
[2026-05-18 15:57:14] INFO (LocalV3.local) Trial parameter: EVc07 {"parameter_id": 202, "parameter_source": "algorithm", "parameters": {"model_type": "LSTM", "units": 16, "num_layers": 1, "dropout": 0, "activation": "relu", "lr": 0.00031622776601683783, "window_size": 3, "batch_size": 16, "epochs": 5, "kernel_size": 7, "attention_heads": 4}, "parameter_index": 0}
[2026-05-18 15:57:18] INFO (NNIManager) Trial job EVc07 status changed from RUNNING to SUCCEEDED
[2026-05-18 15:57:18] INFO (NNIManager) NNIManager received command from dispatcher: TR, {"parameter_id": 203, "parameter_source": "algorithm", "parameters": {"model_type": "LSTM", "units": 16, "num_layers": 1, "dropout": 0, "activation": "relu", "lr": 0.00031622776601683783, "window_size": 3, "batch_size": 16, "epochs": 5, "kernel_size": 7, "attention_heads": 8}, "parameter_index": 0}
[2026-05-18 15:57:18] INFO (NNIManager) submitTrialJob: form: {
  sequenceId: 203,
  hyperParameters: {
    value: '{"parameter_id": 203, "parameter_source": "algorithm", "parameters": {"model_type": "LSTM", "units": 16, "num_layers": 1, "dropout": 0, "activation": "relu", "lr": 0.00031622776601683783, "window_size": 3, "batch_size": 16, "epochs": 5, "kernel_size": 7, "attention_heads": 8}, "parameter_index": 0}',
    index: 0
  },
  placementConstraint: { type: 'None', gpus: [] }
}
[2026-05-18 15:57:18] INFO (LocalV3.local) Created trial bORNl
[2026-05-18 15:57:20] INFO (LocalV3.local) Trial parameter: bORNl {"parameter_id": 203, "parameter_source": "algorithm", "parameters": {"model_type": "LSTM", "units": 16, "num_layers": 1, "dropout": 0, "activation": "relu", "lr": 0.00031622776601683783, "window_size": 3, "batch_size": 16, "epochs": 5, "kernel_size": 7, "attention_heads": 8}, "parameter_index": 0}
[2026-05-18 15:57:24] INFO (NNIManager) Trial job bORNl status changed from RUNNING to SUCCEEDED
[2026-05-18 15:57:24] INFO (NNIManager) NNIManager received command from dispatcher: TR, {"parameter_id": 204, "parameter_source": "algorithm", "parameters": {"model_type": "LSTM", "units": 16, "num_layers": 1, "dropout": 0, "activation": "relu", "lr": 0.00031622776601683783, "window_size": 3, "batch_size": 16, "epochs": 10, "kernel_size": 2, "attention_heads": 2}, "parameter_index": 0}
[2026-05-18 15:57:24] INFO (NNIManager) submitTrialJob: form: {
  sequenceId: 204,
  hyperParameters: {
    value: '{"parameter_id": 204, "parameter_source": "algorithm", "parameters": {"model_type": "LSTM", "units": 16, "num_layers": 1, "dropout": 0, "activation": "relu", "lr": 0.00031622776601683783, "window_size": 3, "batch_size": 16, "epochs": 10, "kernel_size": 2, "attention_heads": 2}, "parameter_index": 0}',
    index: 0
  },
  placementConstraint: { type: 'None', gpus: [] }
}
[2026-05-18 15:57:24] INFO (LocalV3.local) Created trial PnYcu
[2026-05-18 15:57:26] INFO (LocalV3.local) Trial parameter: PnYcu {"parameter_id": 204, "parameter_source": "algorithm", "parameters": {"model_type": "LSTM", "units": 16, "num_layers": 1, "dropout": 0, "activation": "relu", "lr": 0.00031622776601683783, "window_size": 3, "batch_size": 16, "epochs": 10, "kernel_size": 2, "attention_heads": 2}, "parameter_index": 0}
[2026-05-18 15:57:30] INFO (NNIManager) Trial job PnYcu status changed from RUNNING to SUCCEEDED
[2026-05-18 15:57:31] INFO (NNIManager) NNIManager received command from dispatcher: TR, {"parameter_id": 205, "parameter_source": "algorithm", "parameters": {"model_type": "LSTM", "units": 16, "num_layers": 1, "dropout": 0, "activation": "relu", "lr": 0.00031622776601683783, "window_size": 3, "batch_size": 16, "epochs": 10, "kernel_size": 2, "attention_heads": 4}, "parameter_index": 0}
[2026-05-18 15:57:31] INFO (NNIManager) submitTrialJob: form: {
  sequenceId: 205,
  hyperParameters: {
    value: '{"parameter_id": 205, "parameter_source": "algorithm", "parameters": {"model_type": "LSTM", "units": 16, "num_layers": 1, "dropout": 0, "activation": "relu", "lr": 0.00031622776601683783, "window_size": 3, "batch_size": 16, "epochs": 10, "kernel_size": 2, "attention_heads": 4}, "parameter_index": 0}',
    index: 0
  },
  placementConstraint: { type: 'None', gpus: [] }
}
[2026-05-18 15:57:31] INFO (LocalV3.local) Created trial XchFX
[2026-05-18 15:57:33] INFO (LocalV3.local) Trial parameter: XchFX {"parameter_id": 205, "parameter_source": "algorithm", "parameters": {"model_type": "LSTM", "units": 16, "num_layers": 1, "dropout": 0, "activation": "relu", "lr": 0.00031622776601683783, "window_size": 3, "batch_size": 16, "epochs": 10, "kernel_size": 2, "attention_heads": 4}, "parameter_index": 0}
[2026-05-18 15:57:37] INFO (NNIManager) Trial job XchFX status changed from RUNNING to SUCCEEDED
[2026-05-18 15:57:37] INFO (NNIManager) NNIManager received command from dispatcher: TR, {"parameter_id": 206, "parameter_source": "algorithm", "parameters": {"model_type": "LSTM", "units": 16, "num_layers": 1, "dropout": 0, "activation": "relu", "lr": 0.00031622776601683783, "window_size": 3, "batch_size": 16, "epochs": 10, "kernel_size": 2, "attention_heads": 8}, "parameter_index": 0}
[2026-05-18 15:57:38] INFO (NNIManager) submitTrialJob: form: {
  sequenceId: 206,
  hyperParameters: {
    value: '{"parameter_id": 206, "parameter_source": "algorithm", "parameters": {"model_type": "LSTM", "units": 16, "num_layers": 1, "dropout": 0, "activation": "relu", "lr": 0.00031622776601683783, "window_size": 3, "batch_size": 16, "epochs": 10, "kernel_size": 2, "attention_heads": 8}, "parameter_index": 0}',
    index: 0
  },
  placementConstraint: { type: 'None', gpus: [] }
}
[2026-05-18 15:57:38] INFO (LocalV3.local) Created trial FrpLU
[2026-05-18 15:57:39] INFO (LocalV3.local) Trial parameter: FrpLU {"parameter_id": 206, "parameter_source": "algorithm", "parameters": {"model_type": "LSTM", "units": 16, "num_layers": 1, "dropout": 0, "activation": "relu", "lr": 0.00031622776601683783, "window_size": 3, "batch_size": 16, "epochs": 10, "kernel_size": 2, "attention_heads": 8}, "parameter_index": 0}
[2026-05-18 15:57:44] INFO (NNIManager) Trial job FrpLU status changed from RUNNING to SUCCEEDED
[2026-05-18 15:57:44] INFO (NNIManager) NNIManager received command from dispatcher: TR, {"parameter_id": 207, "parameter_source": "algorithm", "parameters": {"model_type": "LSTM", "units": 16, "num_layers": 1, "dropout": 0, "activation": "relu", "lr": 0.00031622776601683783, "window_size": 3, "batch_size": 16, "epochs": 10, "kernel_size": 3, "attention_heads": 2}, "parameter_index": 0}
[2026-05-18 15:57:44] INFO (NNIManager) submitTrialJob: form: {
  sequenceId: 207,
  hyperParameters: {
    value: '{"parameter_id": 207, "parameter_source": "algorithm", "parameters": {"model_type": "LSTM", "units": 16, "num_layers": 1, "dropout": 0, "activation": "relu", "lr": 0.00031622776601683783, "window_size": 3, "batch_size": 16, "epochs": 10, "kernel_size": 3, "attention_heads": 2}, "parameter_index": 0}',
    index: 0
  },
  placementConstraint: { type: 'None', gpus: [] }
}
[2026-05-18 15:57:44] INFO (LocalV3.local) Created trial Fzjcv
[2026-05-18 15:57:46] INFO (LocalV3.local) Trial parameter: Fzjcv {"parameter_id": 207, "parameter_source": "algorithm", "parameters": {"model_type": "LSTM", "units": 16, "num_layers": 1, "dropout": 0, "activation": "relu", "lr": 0.00031622776601683783, "window_size": 3, "batch_size": 16, "epochs": 10, "kernel_size": 3, "attention_heads": 2}, "parameter_index": 0}
[2026-05-18 15:57:50] INFO (NNIManager) Trial job Fzjcv status changed from RUNNING to SUCCEEDED
[2026-05-18 15:57:50] INFO (NNIManager) NNIManager received command from dispatcher: TR, {"parameter_id": 208, "parameter_source": "algorithm", "parameters": {"model_type": "LSTM", "units": 16, "num_layers": 1, "dropout": 0, "activation": "relu", "lr": 0.00031622776601683783, "window_size": 3, "batch_size": 16, "epochs": 10, "kernel_size": 3, "attention_heads": 4}, "parameter_index": 0}
[2026-05-18 15:57:51] INFO (NNIManager) submitTrialJob: form: {
  sequenceId: 208,
  hyperParameters: {
    value: '{"parameter_id": 208, "parameter_source": "algorithm", "parameters": {"model_type": "LSTM", "units": 16, "num_layers": 1, "dropout": 0, "activation": "relu", "lr": 0.00031622776601683783, "window_size": 3, "batch_size": 16, "epochs": 10, "kernel_size": 3, "attention_heads": 4}, "parameter_index": 0}',
    index: 0
  },
  placementConstraint: { type: 'None', gpus: [] }
}
[2026-05-18 15:57:51] INFO (LocalV3.local) Created trial ZVDeJ
[2026-05-18 15:57:52] INFO (LocalV3.local) Trial parameter: ZVDeJ {"parameter_id": 208, "parameter_source": "algorithm", "parameters": {"model_type": "LSTM", "units": 16, "num_layers": 1, "dropout": 0, "activation": "relu", "lr": 0.00031622776601683783, "window_size": 3, "batch_size": 16, "epochs": 10, "kernel_size": 3, "attention_heads": 4}, "parameter_index": 0}
[2026-05-18 15:57:57] INFO (NNIManager) Trial job ZVDeJ status changed from RUNNING to SUCCEEDED
[2026-05-18 15:57:57] INFO (NNIManager) NNIManager received command from dispatcher: TR, {"parameter_id": 209, "parameter_source": "algorithm", "parameters": {"model_type": "LSTM", "units": 16, "num_layers": 1, "dropout": 0, "activation": "relu", "lr": 0.00031622776601683783, "window_size": 3, "batch_size": 16, "epochs": 10, "kernel_size": 3, "attention_heads": 8}, "parameter_index": 0}
[2026-05-18 15:57:57] INFO (NNIManager) submitTrialJob: form: {
  sequenceId: 209,
  hyperParameters: {
    value: '{"parameter_id": 209, "parameter_source": "algorithm", "parameters": {"model_type": "LSTM", "units": 16, "num_layers": 1, "dropout": 0, "activation": "relu", "lr": 0.00031622776601683783, "window_size": 3, "batch_size": 16, "epochs": 10, "kernel_size": 3, "attention_heads": 8}, "parameter_index": 0}',
    index: 0
  },
  placementConstraint: { type: 'None', gpus: [] }
}
[2026-05-18 15:57:57] INFO (LocalV3.local) Created trial OWulk
[2026-05-18 15:57:59] INFO (LocalV3.local) Trial parameter: OWulk {"parameter_id": 209, "parameter_source": "algorithm", "parameters": {"model_type": "LSTM", "units": 16, "num_layers": 1, "dropout": 0, "activation": "relu", "lr": 0.00031622776601683783, "window_size": 3, "batch_size": 16, "epochs": 10, "kernel_size": 3, "attention_heads": 8}, "parameter_index": 0}
[2026-05-18 15:58:03] INFO (NNIManager) Trial job OWulk status changed from RUNNING to SUCCEEDED
[2026-05-18 15:58:03] INFO (NNIManager) NNIManager received command from dispatcher: TR, {"parameter_id": 210, "parameter_source": "algorithm", "parameters": {"model_type": "LSTM", "units": 16, "num_layers": 1, "dropout": 0, "activation": "relu", "lr": 0.00031622776601683783, "window_size": 3, "batch_size": 16, "epochs": 10, "kernel_size": 5, "attention_heads": 2}, "parameter_index": 0}
[2026-05-18 15:58:04] INFO (NNIManager) submitTrialJob: form: {
  sequenceId: 210,
  hyperParameters: {
    value: '{"parameter_id": 210, "parameter_source": "algorithm", "parameters": {"model_type": "LSTM", "units": 16, "num_layers": 1, "dropout": 0, "activation": "relu", "lr": 0.00031622776601683783, "window_size": 3, "batch_size": 16, "epochs": 10, "kernel_size": 5, "attention_heads": 2}, "parameter_index": 0}',
    index: 0
  },
  placementConstraint: { type: 'None', gpus: [] }
}
[2026-05-18 15:58:04] INFO (LocalV3.local) Created trial OXgZJ
[2026-05-18 15:58:05] INFO (LocalV3.local) Trial parameter: OXgZJ {"parameter_id": 210, "parameter_source": "algorithm", "parameters": {"model_type": "LSTM", "units": 16, "num_layers": 1, "dropout": 0, "activation": "relu", "lr": 0.00031622776601683783, "window_size": 3, "batch_size": 16, "epochs": 10, "kernel_size": 5, "attention_heads": 2}, "parameter_index": 0}
[2026-05-18 15:58:10] INFO (NNIManager) Trial job OXgZJ status changed from RUNNING to SUCCEEDED
[2026-05-18 15:58:10] INFO (NNIManager) NNIManager received command from dispatcher: TR, {"parameter_id": 211, "parameter_source": "algorithm", "parameters": {"model_type": "LSTM", "units": 16, "num_layers": 1, "dropout": 0, "activation": "relu", "lr": 0.00031622776601683783, "window_size": 3, "batch_size": 16, "epochs": 10, "kernel_size": 5, "attention_heads": 4}, "parameter_index": 0}
[2026-05-18 15:58:10] INFO (NNIManager) submitTrialJob: form: {
  sequenceId: 211,
  hyperParameters: {
    value: '{"parameter_id": 211, "parameter_source": "algorithm", "parameters": {"model_type": "LSTM", "units": 16, "num_layers": 1, "dropout": 0, "activation": "relu", "lr": 0.00031622776601683783, "window_size": 3, "batch_size": 16, "epochs": 10, "kernel_size": 5, "attention_heads": 4}, "parameter_index": 0}',
    index: 0
  },
  placementConstraint: { type: 'None', gpus: [] }
}
[2026-05-18 15:58:10] INFO (LocalV3.local) Created trial jBcRM
[2026-05-18 15:58:12] INFO (LocalV3.local) Trial parameter: jBcRM {"parameter_id": 211, "parameter_source": "algorithm", "parameters": {"model_type": "LSTM", "units": 16, "num_layers": 1, "dropout": 0, "activation": "relu", "lr": 0.00031622776601683783, "window_size": 3, "batch_size": 16, "epochs": 10, "kernel_size": 5, "attention_heads": 4}, "parameter_index": 0}
[2026-05-18 15:58:16] INFO (NNIManager) Trial job jBcRM status changed from RUNNING to SUCCEEDED
[2026-05-18 15:58:16] INFO (NNIManager) NNIManager received command from dispatcher: TR, {"parameter_id": 212, "parameter_source": "algorithm", "parameters": {"model_type": "LSTM", "units": 16, "num_layers": 1, "dropout": 0, "activation": "relu", "lr": 0.00031622776601683783, "window_size": 3, "batch_size": 16, "epochs": 10, "kernel_size": 5, "attention_heads": 8}, "parameter_index": 0}
[2026-05-18 15:58:17] INFO (NNIManager) submitTrialJob: form: {
  sequenceId: 212,
  hyperParameters: {
    value: '{"parameter_id": 212, "parameter_source": "algorithm", "parameters": {"model_type": "LSTM", "units": 16, "num_layers": 1, "dropout": 0, "activation": "relu", "lr": 0.00031622776601683783, "window_size": 3, "batch_size": 16, "epochs": 10, "kernel_size": 5, "attention_heads": 8}, "parameter_index": 0}',
    index: 0
  },
  placementConstraint: { type: 'None', gpus: [] }
}
[2026-05-18 15:58:17] INFO (LocalV3.local) Created trial zP7Wc
[2026-05-18 15:58:18] INFO (LocalV3.local) Trial parameter: zP7Wc {"parameter_id": 212, "parameter_source": "algorithm", "parameters": {"model_type": "LSTM", "units": 16, "num_layers": 1, "dropout": 0, "activation": "relu", "lr": 0.00031622776601683783, "window_size": 3, "batch_size": 16, "epochs": 10, "kernel_size": 5, "attention_heads": 8}, "parameter_index": 0}
[2026-05-18 15:58:23] INFO (NNIManager) Trial job zP7Wc status changed from RUNNING to SUCCEEDED
[2026-05-18 15:58:23] INFO (NNIManager) NNIManager received command from dispatcher: TR, {"parameter_id": 213, "parameter_source": "algorithm", "parameters": {"model_type": "LSTM", "units": 16, "num_layers": 1, "dropout": 0, "activation": "relu", "lr": 0.00031622776601683783, "window_size": 3, "batch_size": 16, "epochs": 10, "kernel_size": 7, "attention_heads": 2}, "parameter_index": 0}
[2026-05-18 15:58:23] INFO (NNIManager) submitTrialJob: form: {
  sequenceId: 213,
  hyperParameters: {
    value: '{"parameter_id": 213, "parameter_source": "algorithm", "parameters": {"model_type": "LSTM", "units": 16, "num_layers": 1, "dropout": 0, "activation": "relu", "lr": 0.00031622776601683783, "window_size": 3, "batch_size": 16, "epochs": 10, "kernel_size": 7, "attention_heads": 2}, "parameter_index": 0}',
    index: 0
  },
  placementConstraint: { type: 'None', gpus: [] }
}
[2026-05-18 15:58:23] INFO (LocalV3.local) Created trial FbAwM
[2026-05-18 15:58:25] INFO (LocalV3.local) Trial parameter: FbAwM {"parameter_id": 213, "parameter_source": "algorithm", "parameters": {"model_type": "LSTM", "units": 16, "num_layers": 1, "dropout": 0, "activation": "relu", "lr": 0.00031622776601683783, "window_size": 3, "batch_size": 16, "epochs": 10, "kernel_size": 7, "attention_heads": 2}, "parameter_index": 0}
[2026-05-18 15:58:29] INFO (NNIManager) Trial job FbAwM status changed from RUNNING to SUCCEEDED
[2026-05-18 15:58:29] INFO (NNIManager) NNIManager received command from dispatcher: TR, {"parameter_id": 214, "parameter_source": "algorithm", "parameters": {"model_type": "LSTM", "units": 16, "num_layers": 1, "dropout": 0, "activation": "relu", "lr": 0.00031622776601683783, "window_size": 3, "batch_size": 16, "epochs": 10, "kernel_size": 7, "attention_heads": 4}, "parameter_index": 0}
[2026-05-18 15:58:30] INFO (NNIManager) submitTrialJob: form: {
  sequenceId: 214,
  hyperParameters: {
    value: '{"parameter_id": 214, "parameter_source": "algorithm", "parameters": {"model_type": "LSTM", "units": 16, "num_layers": 1, "dropout": 0, "activation": "relu", "lr": 0.00031622776601683783, "window_size": 3, "batch_size": 16, "epochs": 10, "kernel_size": 7, "attention_heads": 4}, "parameter_index": 0}',
    index: 0
  },
  placementConstraint: { type: 'None', gpus: [] }
}
[2026-05-18 15:58:30] INFO (LocalV3.local) Created trial jS8QM
[2026-05-18 15:58:32] INFO (LocalV3.local) Trial parameter: jS8QM {"parameter_id": 214, "parameter_source": "algorithm", "parameters": {"model_type": "LSTM", "units": 16, "num_layers": 1, "dropout": 0, "activation": "relu", "lr": 0.00031622776601683783, "window_size": 3, "batch_size": 16, "epochs": 10, "kernel_size": 7, "attention_heads": 4}, "parameter_index": 0}
[2026-05-18 15:58:36] INFO (NNIManager) Trial job jS8QM status changed from RUNNING to SUCCEEDED
[2026-05-18 15:58:36] INFO (NNIManager) NNIManager received command from dispatcher: TR, {"parameter_id": 215, "parameter_source": "algorithm", "parameters": {"model_type": "LSTM", "units": 16, "num_layers": 1, "dropout": 0, "activation": "relu", "lr": 0.00031622776601683783, "window_size": 3, "batch_size": 16, "epochs": 10, "kernel_size": 7, "attention_heads": 8}, "parameter_index": 0}
[2026-05-18 15:58:36] INFO (NNIManager) submitTrialJob: form: {
  sequenceId: 215,
  hyperParameters: {
    value: '{"parameter_id": 215, "parameter_source": "algorithm", "parameters": {"model_type": "LSTM", "units": 16, "num_layers": 1, "dropout": 0, "activation": "relu", "lr": 0.00031622776601683783, "window_size": 3, "batch_size": 16, "epochs": 10, "kernel_size": 7, "attention_heads": 8}, "parameter_index": 0}',
    index: 0
  },
  placementConstraint: { type: 'None', gpus: [] }
}
[2026-05-18 15:58:36] INFO (LocalV3.local) Created trial B71Pr
[2026-05-18 15:58:38] INFO (LocalV3.local) Trial parameter: B71Pr {"parameter_id": 215, "parameter_source": "algorithm", "parameters": {"model_type": "LSTM", "units": 16, "num_layers": 1, "dropout": 0, "activation": "relu", "lr": 0.00031622776601683783, "window_size": 3, "batch_size": 16, "epochs": 10, "kernel_size": 7, "attention_heads": 8}, "parameter_index": 0}
[2026-05-18 15:58:42] INFO (NNIManager) Trial job B71Pr status changed from RUNNING to SUCCEEDED
[2026-05-18 15:58:42] INFO (NNIManager) NNIManager received command from dispatcher: TR, {"parameter_id": 216, "parameter_source": "algorithm", "parameters": {"model_type": "LSTM", "units": 16, "num_layers": 1, "dropout": 0, "activation": "relu", "lr": 0.00031622776601683783, "window_size": 3, "batch_size": 16, "epochs": 15, "kernel_size": 2, "attention_heads": 2}, "parameter_index": 0}
[2026-05-18 15:58:43] INFO (NNIManager) submitTrialJob: form: {
  sequenceId: 216,
  hyperParameters: {
    value: '{"parameter_id": 216, "parameter_source": "algorithm", "parameters": {"model_type": "LSTM", "units": 16, "num_layers": 1, "dropout": 0, "activation": "relu", "lr": 0.00031622776601683783, "window_size": 3, "batch_size": 16, "epochs": 15, "kernel_size": 2, "attention_heads": 2}, "parameter_index": 0}',
    index: 0
  },
  placementConstraint: { type: 'None', gpus: [] }
}
[2026-05-18 15:58:43] INFO (LocalV3.local) Created trial fNb76
[2026-05-18 15:58:45] INFO (LocalV3.local) Trial parameter: fNb76 {"parameter_id": 216, "parameter_source": "algorithm", "parameters": {"model_type": "LSTM", "units": 16, "num_layers": 1, "dropout": 0, "activation": "relu", "lr": 0.00031622776601683783, "window_size": 3, "batch_size": 16, "epochs": 15, "kernel_size": 2, "attention_heads": 2}, "parameter_index": 0}
[2026-05-18 15:58:50] INFO (NNIManager) Trial job fNb76 status changed from RUNNING to SUCCEEDED
[2026-05-18 15:58:50] INFO (NNIManager) NNIManager received command from dispatcher: TR, {"parameter_id": 217, "parameter_source": "algorithm", "parameters": {"model_type": "LSTM", "units": 16, "num_layers": 1, "dropout": 0, "activation": "relu", "lr": 0.00031622776601683783, "window_size": 3, "batch_size": 16, "epochs": 15, "kernel_size": 2, "attention_heads": 4}, "parameter_index": 0}
[2026-05-18 15:58:50] INFO (NNIManager) submitTrialJob: form: {
  sequenceId: 217,
  hyperParameters: {
    value: '{"parameter_id": 217, "parameter_source": "algorithm", "parameters": {"model_type": "LSTM", "units": 16, "num_layers": 1, "dropout": 0, "activation": "relu", "lr": 0.00031622776601683783, "window_size": 3, "batch_size": 16, "epochs": 15, "kernel_size": 2, "attention_heads": 4}, "parameter_index": 0}',
    index: 0
  },
  placementConstraint: { type: 'None', gpus: [] }
}
[2026-05-18 15:58:50] INFO (LocalV3.local) Created trial y9OlY
[2026-05-18 15:58:52] INFO (LocalV3.local) Trial parameter: y9OlY {"parameter_id": 217, "parameter_source": "algorithm", "parameters": {"model_type": "LSTM", "units": 16, "num_layers": 1, "dropout": 0, "activation": "relu", "lr": 0.00031622776601683783, "window_size": 3, "batch_size": 16, "epochs": 15, "kernel_size": 2, "attention_heads": 4}, "parameter_index": 0}
[2026-05-18 15:58:57] INFO (NNIManager) Trial job y9OlY status changed from RUNNING to SUCCEEDED
[2026-05-18 15:58:57] INFO (NNIManager) NNIManager received command from dispatcher: TR, {"parameter_id": 218, "parameter_source": "algorithm", "parameters": {"model_type": "LSTM", "units": 16, "num_layers": 1, "dropout": 0, "activation": "relu", "lr": 0.00031622776601683783, "window_size": 3, "batch_size": 16, "epochs": 15, "kernel_size": 2, "attention_heads": 8}, "parameter_index": 0}
[2026-05-18 15:58:58] INFO (NNIManager) submitTrialJob: form: {
  sequenceId: 218,
  hyperParameters: {
    value: '{"parameter_id": 218, "parameter_source": "algorithm", "parameters": {"model_type": "LSTM", "units": 16, "num_layers": 1, "dropout": 0, "activation": "relu", "lr": 0.00031622776601683783, "window_size": 3, "batch_size": 16, "epochs": 15, "kernel_size": 2, "attention_heads": 8}, "parameter_index": 0}',
    index: 0
  },
  placementConstraint: { type: 'None', gpus: [] }
}
[2026-05-18 15:58:58] INFO (LocalV3.local) Created trial RjOjp
[2026-05-18 15:59:00] INFO (LocalV3.local) Trial parameter: RjOjp {"parameter_id": 218, "parameter_source": "algorithm", "parameters": {"model_type": "LSTM", "units": 16, "num_layers": 1, "dropout": 0, "activation": "relu", "lr": 0.00031622776601683783, "window_size": 3, "batch_size": 16, "epochs": 15, "kernel_size": 2, "attention_heads": 8}, "parameter_index": 0}
[2026-05-18 15:59:05] INFO (NNIManager) Trial job RjOjp status changed from RUNNING to SUCCEEDED
[2026-05-18 15:59:05] INFO (NNIManager) NNIManager received command from dispatcher: TR, {"parameter_id": 219, "parameter_source": "algorithm", "parameters": {"model_type": "LSTM", "units": 16, "num_layers": 1, "dropout": 0, "activation": "relu", "lr": 0.00031622776601683783, "window_size": 3, "batch_size": 16, "epochs": 15, "kernel_size": 3, "attention_heads": 2}, "parameter_index": 0}
[2026-05-18 15:59:06] INFO (NNIManager) submitTrialJob: form: {
  sequenceId: 219,
  hyperParameters: {
    value: '{"parameter_id": 219, "parameter_source": "algorithm", "parameters": {"model_type": "LSTM", "units": 16, "num_layers": 1, "dropout": 0, "activation": "relu", "lr": 0.00031622776601683783, "window_size": 3, "batch_size": 16, "epochs": 15, "kernel_size": 3, "attention_heads": 2}, "parameter_index": 0}',
    index: 0
  },
  placementConstraint: { type: 'None', gpus: [] }
}
[2026-05-18 15:59:06] INFO (LocalV3.local) Created trial UI8Xy
[2026-05-18 15:59:07] INFO (LocalV3.local) Trial parameter: UI8Xy {"parameter_id": 219, "parameter_source": "algorithm", "parameters": {"model_type": "LSTM", "units": 16, "num_layers": 1, "dropout": 0, "activation": "relu", "lr": 0.00031622776601683783, "window_size": 3, "batch_size": 16, "epochs": 15, "kernel_size": 3, "attention_heads": 2}, "parameter_index": 0}
[2026-05-18 15:59:13] INFO (NNIManager) Trial job UI8Xy status changed from RUNNING to SUCCEEDED
[2026-05-18 15:59:13] INFO (NNIManager) NNIManager received command from dispatcher: TR, {"parameter_id": 220, "parameter_source": "algorithm", "parameters": {"model_type": "LSTM", "units": 16, "num_layers": 1, "dropout": 0, "activation": "relu", "lr": 0.00031622776601683783, "window_size": 3, "batch_size": 16, "epochs": 15, "kernel_size": 3, "attention_heads": 4}, "parameter_index": 0}
[2026-05-18 15:59:13] INFO (NNIManager) submitTrialJob: form: {
  sequenceId: 220,
  hyperParameters: {
    value: '{"parameter_id": 220, "parameter_source": "algorithm", "parameters": {"model_type": "LSTM", "units": 16, "num_layers": 1, "dropout": 0, "activation": "relu", "lr": 0.00031622776601683783, "window_size": 3, "batch_size": 16, "epochs": 15, "kernel_size": 3, "attention_heads": 4}, "parameter_index": 0}',
    index: 0
  },
  placementConstraint: { type: 'None', gpus: [] }
}
[2026-05-18 15:59:13] INFO (LocalV3.local) Created trial v2wjM
[2026-05-18 15:59:15] INFO (LocalV3.local) Trial parameter: v2wjM {"parameter_id": 220, "parameter_source": "algorithm", "parameters": {"model_type": "LSTM", "units": 16, "num_layers": 1, "dropout": 0, "activation": "relu", "lr": 0.00031622776601683783, "window_size": 3, "batch_size": 16, "epochs": 15, "kernel_size": 3, "attention_heads": 4}, "parameter_index": 0}
[2026-05-18 15:59:20] INFO (NNIManager) Trial job v2wjM status changed from RUNNING to SUCCEEDED
[2026-05-18 15:59:20] INFO (NNIManager) NNIManager received command from dispatcher: TR, {"parameter_id": 221, "parameter_source": "algorithm", "parameters": {"model_type": "LSTM", "units": 16, "num_layers": 1, "dropout": 0, "activation": "relu", "lr": 0.00031622776601683783, "window_size": 3, "batch_size": 16, "epochs": 15, "kernel_size": 3, "attention_heads": 8}, "parameter_index": 0}
[2026-05-18 15:59:21] INFO (NNIManager) submitTrialJob: form: {
  sequenceId: 221,
  hyperParameters: {
    value: '{"parameter_id": 221, "parameter_source": "algorithm", "parameters": {"model_type": "LSTM", "units": 16, "num_layers": 1, "dropout": 0, "activation": "relu", "lr": 0.00031622776601683783, "window_size": 3, "batch_size": 16, "epochs": 15, "kernel_size": 3, "attention_heads": 8}, "parameter_index": 0}',
    index: 0
  },
  placementConstraint: { type: 'None', gpus: [] }
}
[2026-05-18 15:59:21] INFO (LocalV3.local) Created trial vSMbb
[2026-05-18 15:59:22] INFO (LocalV3.local) Trial parameter: vSMbb {"parameter_id": 221, "parameter_source": "algorithm", "parameters": {"model_type": "LSTM", "units": 16, "num_layers": 1, "dropout": 0, "activation": "relu", "lr": 0.00031622776601683783, "window_size": 3, "batch_size": 16, "epochs": 15, "kernel_size": 3, "attention_heads": 8}, "parameter_index": 0}
[2026-05-18 15:59:28] INFO (NNIManager) Trial job vSMbb status changed from RUNNING to SUCCEEDED
[2026-05-18 15:59:28] INFO (NNIManager) NNIManager received command from dispatcher: TR, {"parameter_id": 222, "parameter_source": "algorithm", "parameters": {"model_type": "LSTM", "units": 16, "num_layers": 1, "dropout": 0, "activation": "relu", "lr": 0.00031622776601683783, "window_size": 3, "batch_size": 16, "epochs": 15, "kernel_size": 5, "attention_heads": 2}, "parameter_index": 0}
[2026-05-18 15:59:28] INFO (NNIManager) submitTrialJob: form: {
  sequenceId: 222,
  hyperParameters: {
    value: '{"parameter_id": 222, "parameter_source": "algorithm", "parameters": {"model_type": "LSTM", "units": 16, "num_layers": 1, "dropout": 0, "activation": "relu", "lr": 0.00031622776601683783, "window_size": 3, "batch_size": 16, "epochs": 15, "kernel_size": 5, "attention_heads": 2}, "parameter_index": 0}',
    index: 0
  },
  placementConstraint: { type: 'None', gpus: [] }
}
[2026-05-18 15:59:28] INFO (LocalV3.local) Created trial d19g5
[2026-05-18 15:59:30] INFO (LocalV3.local) Trial parameter: d19g5 {"parameter_id": 222, "parameter_source": "algorithm", "parameters": {"model_type": "LSTM", "units": 16, "num_layers": 1, "dropout": 0, "activation": "relu", "lr": 0.00031622776601683783, "window_size": 3, "batch_size": 16, "epochs": 15, "kernel_size": 5, "attention_heads": 2}, "parameter_index": 0}
[2026-05-18 15:59:35] INFO (NNIManager) Trial job d19g5 status changed from RUNNING to SUCCEEDED
[2026-05-18 15:59:35] INFO (NNIManager) NNIManager received command from dispatcher: TR, {"parameter_id": 223, "parameter_source": "algorithm", "parameters": {"model_type": "LSTM", "units": 16, "num_layers": 1, "dropout": 0, "activation": "relu", "lr": 0.00031622776601683783, "window_size": 3, "batch_size": 16, "epochs": 15, "kernel_size": 5, "attention_heads": 4}, "parameter_index": 0}
[2026-05-18 15:59:36] INFO (NNIManager) submitTrialJob: form: {
  sequenceId: 223,
  hyperParameters: {
    value: '{"parameter_id": 223, "parameter_source": "algorithm", "parameters": {"model_type": "LSTM", "units": 16, "num_layers": 1, "dropout": 0, "activation": "relu", "lr": 0.00031622776601683783, "window_size": 3, "batch_size": 16, "epochs": 15, "kernel_size": 5, "attention_heads": 4}, "parameter_index": 0}',
    index: 0
  },
  placementConstraint: { type: 'None', gpus: [] }
}
[2026-05-18 15:59:36] INFO (LocalV3.local) Created trial amusj
[2026-05-18 15:59:37] INFO (LocalV3.local) Trial parameter: amusj {"parameter_id": 223, "parameter_source": "algorithm", "parameters": {"model_type": "LSTM", "units": 16, "num_layers": 1, "dropout": 0, "activation": "relu", "lr": 0.00031622776601683783, "window_size": 3, "batch_size": 16, "epochs": 15, "kernel_size": 5, "attention_heads": 4}, "parameter_index": 0}
[2026-05-18 15:59:43] INFO (NNIManager) Trial job amusj status changed from RUNNING to SUCCEEDED
[2026-05-18 15:59:43] INFO (NNIManager) NNIManager received command from dispatcher: TR, {"parameter_id": 224, "parameter_source": "algorithm", "parameters": {"model_type": "LSTM", "units": 16, "num_layers": 1, "dropout": 0, "activation": "relu", "lr": 0.00031622776601683783, "window_size": 3, "batch_size": 16, "epochs": 15, "kernel_size": 5, "attention_heads": 8}, "parameter_index": 0}
[2026-05-18 15:59:43] INFO (NNIManager) submitTrialJob: form: {
  sequenceId: 224,
  hyperParameters: {
    value: '{"parameter_id": 224, "parameter_source": "algorithm", "parameters": {"model_type": "LSTM", "units": 16, "num_layers": 1, "dropout": 0, "activation": "relu", "lr": 0.00031622776601683783, "window_size": 3, "batch_size": 16, "epochs": 15, "kernel_size": 5, "attention_heads": 8}, "parameter_index": 0}',
    index: 0
  },
  placementConstraint: { type: 'None', gpus: [] }
}
[2026-05-18 15:59:43] INFO (LocalV3.local) Created trial m6Rg1
[2026-05-18 15:59:45] INFO (LocalV3.local) Trial parameter: m6Rg1 {"parameter_id": 224, "parameter_source": "algorithm", "parameters": {"model_type": "LSTM", "units": 16, "num_layers": 1, "dropout": 0, "activation": "relu", "lr": 0.00031622776601683783, "window_size": 3, "batch_size": 16, "epochs": 15, "kernel_size": 5, "attention_heads": 8}, "parameter_index": 0}
[2026-05-18 15:59:50] INFO (NNIManager) Trial job m6Rg1 status changed from RUNNING to SUCCEEDED
[2026-05-18 15:59:50] INFO (NNIManager) NNIManager received command from dispatcher: TR, {"parameter_id": 225, "parameter_source": "algorithm", "parameters": {"model_type": "LSTM", "units": 16, "num_layers": 1, "dropout": 0, "activation": "relu", "lr": 0.00031622776601683783, "window_size": 3, "batch_size": 16, "epochs": 15, "kernel_size": 7, "attention_heads": 2}, "parameter_index": 0}
[2026-05-18 15:59:51] INFO (NNIManager) submitTrialJob: form: {
  sequenceId: 225,
  hyperParameters: {
    value: '{"parameter_id": 225, "parameter_source": "algorithm", "parameters": {"model_type": "LSTM", "units": 16, "num_layers": 1, "dropout": 0, "activation": "relu", "lr": 0.00031622776601683783, "window_size": 3, "batch_size": 16, "epochs": 15, "kernel_size": 7, "attention_heads": 2}, "parameter_index": 0}',
    index: 0
  },
  placementConstraint: { type: 'None', gpus: [] }
}
[2026-05-18 15:59:51] INFO (LocalV3.local) Created trial uypyw
[2026-05-18 15:59:53] INFO (LocalV3.local) Trial parameter: uypyw {"parameter_id": 225, "parameter_source": "algorithm", "parameters": {"model_type": "LSTM", "units": 16, "num_layers": 1, "dropout": 0, "activation": "relu", "lr": 0.00031622776601683783, "window_size": 3, "batch_size": 16, "epochs": 15, "kernel_size": 7, "attention_heads": 2}, "parameter_index": 0}
[2026-05-18 15:59:58] INFO (NNIManager) Trial job uypyw status changed from RUNNING to SUCCEEDED
[2026-05-18 15:59:58] INFO (NNIManager) NNIManager received command from dispatcher: TR, {"parameter_id": 226, "parameter_source": "algorithm", "parameters": {"model_type": "LSTM", "units": 16, "num_layers": 1, "dropout": 0, "activation": "relu", "lr": 0.00031622776601683783, "window_size": 3, "batch_size": 16, "epochs": 15, "kernel_size": 7, "attention_heads": 4}, "parameter_index": 0}
[2026-05-18 15:59:58] INFO (NNIManager) submitTrialJob: form: {
  sequenceId: 226,
  hyperParameters: {
    value: '{"parameter_id": 226, "parameter_source": "algorithm", "parameters": {"model_type": "LSTM", "units": 16, "num_layers": 1, "dropout": 0, "activation": "relu", "lr": 0.00031622776601683783, "window_size": 3, "batch_size": 16, "epochs": 15, "kernel_size": 7, "attention_heads": 4}, "parameter_index": 0}',
    index: 0
  },
  placementConstraint: { type: 'None', gpus: [] }
}
[2026-05-18 15:59:58] INFO (LocalV3.local) Created trial lBYJr
[2026-05-18 16:00:00] INFO (LocalV3.local) Trial parameter: lBYJr {"parameter_id": 226, "parameter_source": "algorithm", "parameters": {"model_type": "LSTM", "units": 16, "num_layers": 1, "dropout": 0, "activation": "relu", "lr": 0.00031622776601683783, "window_size": 3, "batch_size": 16, "epochs": 15, "kernel_size": 7, "attention_heads": 4}, "parameter_index": 0}
[2026-05-18 16:00:04] INFO (NNIManager) Change NNIManager status from: RUNNING to: NO_MORE_TRIAL
[2026-05-18 16:00:05] INFO (NNIManager) Trial job lBYJr status changed from RUNNING to SUCCEEDED
[2026-05-18 16:00:05] INFO (NNIManager) Change NNIManager status from: NO_MORE_TRIAL to: DONE
[2026-05-18 16:00:05] INFO (NNIManager) Experiment done.
[2026-05-18 16:00:15] INFO (ShutdownManager) Initiate shutdown: SIGTERM
[2026-05-18 16:00:15] INFO (RestServer) Stopping REST server.
[2026-05-18 16:00:15] INFO (NNIManager) Change NNIManager status from: DONE to: STOPPING
[2026-05-18 16:00:15] INFO (NNIManager) Stopping experiment, cleaning up ...
[2026-05-18 16:00:15] INFO (RestServer) REST server stopped.
[2026-05-18 16:00:18] INFO (LocalV3.local) All trials stopped
[2026-05-18 16:00:18] INFO (NNIManager) Change NNIManager status from: STOPPING to: STOPPED
[2026-05-18 16:00:18] INFO (NNIManager) Experiment stopped.
[2026-05-18 16:00:18] INFO (NNITensorboardManager) Forced stopping all tensorboard task.
[2026-05-18 16:00:18] INFO (NNITensorboardManager) All tensorboard task stopped.
[2026-05-18 16:00:18] INFO (NNITensorboardManager) Tensorboard manager stopped.
[2026-05-18 16:00:18] INFO (ShutdownManager) Shutdown complete.
