[2026-05-13 10:43:51] INFO (main) Start NNI manager
[2026-05-13 10:43:51] INFO (RestServer) Starting REST server at port 8817, URL prefix: "/"
[2026-05-13 10:43:51] INFO (RestServer) REST server started.
[2026-05-13 10:43:51] INFO (NNIDataStore) Datastore initialization done
[2026-05-13 10:43:51] INFO (NNIManager) Starting experiment: ylh32jai
[2026-05-13 10:43:51] INFO (NNIManager) Setup training service...
[2026-05-13 10:43:51] INFO (NNIManager) Setup tuner...
[2026-05-13 10:43:51] INFO (NNIManager) Change NNIManager status from: INITIALIZED to: RUNNING
[2026-05-13 10:43:52] INFO (NNIManager) Add event listeners
[2026-05-13 10:43:52] INFO (LocalV3.local) Start
[2026-05-13 10:43:52] INFO (NNIManager) NNIManager received command from dispatcher: ID, 
[2026-05-13 10:43:52] INFO (NNIManager) NNIManager received command from dispatcher: TR, {"parameter_id": 0, "parameter_source": "algorithm", "parameters": {"model_type": "LSTM", "units": 16, "num_layers": 1, "dropout": 0, "activation": "relu", "lr": 0.00031622776601683783, "window_size": 2, "batch_size": 16, "epochs": 5, "kernel_size": 2, "attention_heads": 2}, "parameter_index": 0}
[2026-05-13 10:43:53] INFO (NNIManager) submitTrialJob: form: {
  sequenceId: 0,
  hyperParameters: {
    value: '{"parameter_id": 0, "parameter_source": "algorithm", "parameters": {"model_type": "LSTM", "units": 16, "num_layers": 1, "dropout": 0, "activation": "relu", "lr": 0.00031622776601683783, "window_size": 2, "batch_size": 16, "epochs": 5, "kernel_size": 2, "attention_heads": 2}, "parameter_index": 0}',
    index: 0
  },
  placementConstraint: { type: 'None', gpus: [] }
}
[2026-05-13 10:43:53] INFO (LocalV3.local) Register directory trial_code = /home/meliani/Desktop/phd/fast-track
[2026-05-13 10:43:53] INFO (LocalV3.local) Created trial AliUd
[2026-05-13 10:43:55] INFO (LocalV3.local) Trial parameter: AliUd {"parameter_id": 0, "parameter_source": "algorithm", "parameters": {"model_type": "LSTM", "units": 16, "num_layers": 1, "dropout": 0, "activation": "relu", "lr": 0.00031622776601683783, "window_size": 2, "batch_size": 16, "epochs": 5, "kernel_size": 2, "attention_heads": 2}, "parameter_index": 0}
[2026-05-13 10:44:00] INFO (NNIManager) Trial job AliUd status changed from RUNNING to SUCCEEDED
[2026-05-13 10:44:00] INFO (NNIManager) NNIManager received command from dispatcher: TR, {"parameter_id": 1, "parameter_source": "algorithm", "parameters": {"model_type": "LSTM", "units": 16, "num_layers": 1, "dropout": 0, "activation": "relu", "lr": 0.00031622776601683783, "window_size": 2, "batch_size": 16, "epochs": 5, "kernel_size": 2, "attention_heads": 4}, "parameter_index": 0}
[2026-05-13 10:44:01] INFO (NNIManager) submitTrialJob: form: {
  sequenceId: 1,
  hyperParameters: {
    value: '{"parameter_id": 1, "parameter_source": "algorithm", "parameters": {"model_type": "LSTM", "units": 16, "num_layers": 1, "dropout": 0, "activation": "relu", "lr": 0.00031622776601683783, "window_size": 2, "batch_size": 16, "epochs": 5, "kernel_size": 2, "attention_heads": 4}, "parameter_index": 0}',
    index: 0
  },
  placementConstraint: { type: 'None', gpus: [] }
}
[2026-05-13 10:44:01] INFO (LocalV3.local) Created trial kPdLU
[2026-05-13 10:44:02] INFO (LocalV3.local) Trial parameter: kPdLU {"parameter_id": 1, "parameter_source": "algorithm", "parameters": {"model_type": "LSTM", "units": 16, "num_layers": 1, "dropout": 0, "activation": "relu", "lr": 0.00031622776601683783, "window_size": 2, "batch_size": 16, "epochs": 5, "kernel_size": 2, "attention_heads": 4}, "parameter_index": 0}
[2026-05-13 10:44:08] INFO (NNIManager) Trial job kPdLU status changed from RUNNING to SUCCEEDED
[2026-05-13 10:44:08] INFO (NNIManager) NNIManager received command from dispatcher: TR, {"parameter_id": 2, "parameter_source": "algorithm", "parameters": {"model_type": "LSTM", "units": 16, "num_layers": 1, "dropout": 0, "activation": "relu", "lr": 0.00031622776601683783, "window_size": 2, "batch_size": 16, "epochs": 5, "kernel_size": 2, "attention_heads": 8}, "parameter_index": 0}
[2026-05-13 10:44:09] INFO (NNIManager) submitTrialJob: form: {
  sequenceId: 2,
  hyperParameters: {
    value: '{"parameter_id": 2, "parameter_source": "algorithm", "parameters": {"model_type": "LSTM", "units": 16, "num_layers": 1, "dropout": 0, "activation": "relu", "lr": 0.00031622776601683783, "window_size": 2, "batch_size": 16, "epochs": 5, "kernel_size": 2, "attention_heads": 8}, "parameter_index": 0}',
    index: 0
  },
  placementConstraint: { type: 'None', gpus: [] }
}
[2026-05-13 10:44:09] INFO (LocalV3.local) Created trial sEDrK
[2026-05-13 10:44:11] INFO (LocalV3.local) Trial parameter: sEDrK {"parameter_id": 2, "parameter_source": "algorithm", "parameters": {"model_type": "LSTM", "units": 16, "num_layers": 1, "dropout": 0, "activation": "relu", "lr": 0.00031622776601683783, "window_size": 2, "batch_size": 16, "epochs": 5, "kernel_size": 2, "attention_heads": 8}, "parameter_index": 0}
[2026-05-13 10:44:16] INFO (NNIManager) Trial job sEDrK status changed from RUNNING to SUCCEEDED
[2026-05-13 10:44:16] INFO (NNIManager) NNIManager received command from dispatcher: TR, {"parameter_id": 3, "parameter_source": "algorithm", "parameters": {"model_type": "LSTM", "units": 16, "num_layers": 1, "dropout": 0, "activation": "relu", "lr": 0.00031622776601683783, "window_size": 2, "batch_size": 16, "epochs": 5, "kernel_size": 3, "attention_heads": 2}, "parameter_index": 0}
[2026-05-13 10:44:17] INFO (NNIManager) submitTrialJob: form: {
  sequenceId: 3,
  hyperParameters: {
    value: '{"parameter_id": 3, "parameter_source": "algorithm", "parameters": {"model_type": "LSTM", "units": 16, "num_layers": 1, "dropout": 0, "activation": "relu", "lr": 0.00031622776601683783, "window_size": 2, "batch_size": 16, "epochs": 5, "kernel_size": 3, "attention_heads": 2}, "parameter_index": 0}',
    index: 0
  },
  placementConstraint: { type: 'None', gpus: [] }
}
[2026-05-13 10:44:17] INFO (LocalV3.local) Created trial wanJH
[2026-05-13 10:44:19] INFO (LocalV3.local) Trial parameter: wanJH {"parameter_id": 3, "parameter_source": "algorithm", "parameters": {"model_type": "LSTM", "units": 16, "num_layers": 1, "dropout": 0, "activation": "relu", "lr": 0.00031622776601683783, "window_size": 2, "batch_size": 16, "epochs": 5, "kernel_size": 3, "attention_heads": 2}, "parameter_index": 0}
[2026-05-13 10:44:24] INFO (NNIManager) Trial job wanJH status changed from RUNNING to SUCCEEDED
[2026-05-13 10:44:24] INFO (NNIManager) NNIManager received command from dispatcher: TR, {"parameter_id": 4, "parameter_source": "algorithm", "parameters": {"model_type": "LSTM", "units": 16, "num_layers": 1, "dropout": 0, "activation": "relu", "lr": 0.00031622776601683783, "window_size": 2, "batch_size": 16, "epochs": 5, "kernel_size": 3, "attention_heads": 4}, "parameter_index": 0}
[2026-05-13 10:44:24] INFO (NNIManager) submitTrialJob: form: {
  sequenceId: 4,
  hyperParameters: {
    value: '{"parameter_id": 4, "parameter_source": "algorithm", "parameters": {"model_type": "LSTM", "units": 16, "num_layers": 1, "dropout": 0, "activation": "relu", "lr": 0.00031622776601683783, "window_size": 2, "batch_size": 16, "epochs": 5, "kernel_size": 3, "attention_heads": 4}, "parameter_index": 0}',
    index: 0
  },
  placementConstraint: { type: 'None', gpus: [] }
}
[2026-05-13 10:44:24] INFO (LocalV3.local) Created trial wQKOq
[2026-05-13 10:44:26] INFO (LocalV3.local) Trial parameter: wQKOq {"parameter_id": 4, "parameter_source": "algorithm", "parameters": {"model_type": "LSTM", "units": 16, "num_layers": 1, "dropout": 0, "activation": "relu", "lr": 0.00031622776601683783, "window_size": 2, "batch_size": 16, "epochs": 5, "kernel_size": 3, "attention_heads": 4}, "parameter_index": 0}
[2026-05-13 10:44:32] INFO (NNIManager) Trial job wQKOq status changed from RUNNING to SUCCEEDED
[2026-05-13 10:44:32] INFO (NNIManager) NNIManager received command from dispatcher: TR, {"parameter_id": 5, "parameter_source": "algorithm", "parameters": {"model_type": "LSTM", "units": 16, "num_layers": 1, "dropout": 0, "activation": "relu", "lr": 0.00031622776601683783, "window_size": 2, "batch_size": 16, "epochs": 5, "kernel_size": 3, "attention_heads": 8}, "parameter_index": 0}
[2026-05-13 10:44:32] INFO (NNIManager) submitTrialJob: form: {
  sequenceId: 5,
  hyperParameters: {
    value: '{"parameter_id": 5, "parameter_source": "algorithm", "parameters": {"model_type": "LSTM", "units": 16, "num_layers": 1, "dropout": 0, "activation": "relu", "lr": 0.00031622776601683783, "window_size": 2, "batch_size": 16, "epochs": 5, "kernel_size": 3, "attention_heads": 8}, "parameter_index": 0}',
    index: 0
  },
  placementConstraint: { type: 'None', gpus: [] }
}
[2026-05-13 10:44:32] INFO (LocalV3.local) Created trial YFZUn
[2026-05-13 10:44:34] INFO (LocalV3.local) Trial parameter: YFZUn {"parameter_id": 5, "parameter_source": "algorithm", "parameters": {"model_type": "LSTM", "units": 16, "num_layers": 1, "dropout": 0, "activation": "relu", "lr": 0.00031622776601683783, "window_size": 2, "batch_size": 16, "epochs": 5, "kernel_size": 3, "attention_heads": 8}, "parameter_index": 0}
[2026-05-13 10:44:40] INFO (NNIManager) Trial job YFZUn status changed from RUNNING to SUCCEEDED
[2026-05-13 10:44:40] INFO (NNIManager) NNIManager received command from dispatcher: TR, {"parameter_id": 6, "parameter_source": "algorithm", "parameters": {"model_type": "LSTM", "units": 16, "num_layers": 1, "dropout": 0, "activation": "relu", "lr": 0.00031622776601683783, "window_size": 2, "batch_size": 16, "epochs": 5, "kernel_size": 5, "attention_heads": 2}, "parameter_index": 0}
[2026-05-13 10:44:40] INFO (NNIManager) submitTrialJob: form: {
  sequenceId: 6,
  hyperParameters: {
    value: '{"parameter_id": 6, "parameter_source": "algorithm", "parameters": {"model_type": "LSTM", "units": 16, "num_layers": 1, "dropout": 0, "activation": "relu", "lr": 0.00031622776601683783, "window_size": 2, "batch_size": 16, "epochs": 5, "kernel_size": 5, "attention_heads": 2}, "parameter_index": 0}',
    index: 0
  },
  placementConstraint: { type: 'None', gpus: [] }
}
[2026-05-13 10:44:40] INFO (LocalV3.local) Created trial zhHXZ
[2026-05-13 10:44:42] INFO (LocalV3.local) Trial parameter: zhHXZ {"parameter_id": 6, "parameter_source": "algorithm", "parameters": {"model_type": "LSTM", "units": 16, "num_layers": 1, "dropout": 0, "activation": "relu", "lr": 0.00031622776601683783, "window_size": 2, "batch_size": 16, "epochs": 5, "kernel_size": 5, "attention_heads": 2}, "parameter_index": 0}
[2026-05-13 10:44:47] INFO (NNIManager) Trial job zhHXZ status changed from RUNNING to SUCCEEDED
[2026-05-13 10:44:47] INFO (NNIManager) NNIManager received command from dispatcher: TR, {"parameter_id": 7, "parameter_source": "algorithm", "parameters": {"model_type": "LSTM", "units": 16, "num_layers": 1, "dropout": 0, "activation": "relu", "lr": 0.00031622776601683783, "window_size": 2, "batch_size": 16, "epochs": 5, "kernel_size": 5, "attention_heads": 4}, "parameter_index": 0}
[2026-05-13 10:44:48] INFO (NNIManager) submitTrialJob: form: {
  sequenceId: 7,
  hyperParameters: {
    value: '{"parameter_id": 7, "parameter_source": "algorithm", "parameters": {"model_type": "LSTM", "units": 16, "num_layers": 1, "dropout": 0, "activation": "relu", "lr": 0.00031622776601683783, "window_size": 2, "batch_size": 16, "epochs": 5, "kernel_size": 5, "attention_heads": 4}, "parameter_index": 0}',
    index: 0
  },
  placementConstraint: { type: 'None', gpus: [] }
}
[2026-05-13 10:44:48] INFO (LocalV3.local) Created trial jzwDq
[2026-05-13 10:44:50] INFO (LocalV3.local) Trial parameter: jzwDq {"parameter_id": 7, "parameter_source": "algorithm", "parameters": {"model_type": "LSTM", "units": 16, "num_layers": 1, "dropout": 0, "activation": "relu", "lr": 0.00031622776601683783, "window_size": 2, "batch_size": 16, "epochs": 5, "kernel_size": 5, "attention_heads": 4}, "parameter_index": 0}
[2026-05-13 10:44:55] INFO (NNIManager) Trial job jzwDq status changed from RUNNING to SUCCEEDED
[2026-05-13 10:44:55] INFO (NNIManager) NNIManager received command from dispatcher: TR, {"parameter_id": 8, "parameter_source": "algorithm", "parameters": {"model_type": "LSTM", "units": 16, "num_layers": 1, "dropout": 0, "activation": "relu", "lr": 0.00031622776601683783, "window_size": 2, "batch_size": 16, "epochs": 5, "kernel_size": 5, "attention_heads": 8}, "parameter_index": 0}
[2026-05-13 10:44:55] INFO (NNIManager) submitTrialJob: form: {
  sequenceId: 8,
  hyperParameters: {
    value: '{"parameter_id": 8, "parameter_source": "algorithm", "parameters": {"model_type": "LSTM", "units": 16, "num_layers": 1, "dropout": 0, "activation": "relu", "lr": 0.00031622776601683783, "window_size": 2, "batch_size": 16, "epochs": 5, "kernel_size": 5, "attention_heads": 8}, "parameter_index": 0}',
    index: 0
  },
  placementConstraint: { type: 'None', gpus: [] }
}
[2026-05-13 10:44:55] INFO (LocalV3.local) Created trial Xe5Md
[2026-05-13 10:44:57] INFO (LocalV3.local) Trial parameter: Xe5Md {"parameter_id": 8, "parameter_source": "algorithm", "parameters": {"model_type": "LSTM", "units": 16, "num_layers": 1, "dropout": 0, "activation": "relu", "lr": 0.00031622776601683783, "window_size": 2, "batch_size": 16, "epochs": 5, "kernel_size": 5, "attention_heads": 8}, "parameter_index": 0}
[2026-05-13 10:45:03] INFO (NNIManager) Trial job Xe5Md status changed from RUNNING to SUCCEEDED
[2026-05-13 10:45:03] INFO (NNIManager) NNIManager received command from dispatcher: TR, {"parameter_id": 9, "parameter_source": "algorithm", "parameters": {"model_type": "LSTM", "units": 16, "num_layers": 1, "dropout": 0, "activation": "relu", "lr": 0.00031622776601683783, "window_size": 2, "batch_size": 16, "epochs": 5, "kernel_size": 7, "attention_heads": 2}, "parameter_index": 0}
[2026-05-13 10:45:03] INFO (NNIManager) submitTrialJob: form: {
  sequenceId: 9,
  hyperParameters: {
    value: '{"parameter_id": 9, "parameter_source": "algorithm", "parameters": {"model_type": "LSTM", "units": 16, "num_layers": 1, "dropout": 0, "activation": "relu", "lr": 0.00031622776601683783, "window_size": 2, "batch_size": 16, "epochs": 5, "kernel_size": 7, "attention_heads": 2}, "parameter_index": 0}',
    index: 0
  },
  placementConstraint: { type: 'None', gpus: [] }
}
[2026-05-13 10:45:03] INFO (LocalV3.local) Created trial YFuD4
[2026-05-13 10:45:05] INFO (LocalV3.local) Trial parameter: YFuD4 {"parameter_id": 9, "parameter_source": "algorithm", "parameters": {"model_type": "LSTM", "units": 16, "num_layers": 1, "dropout": 0, "activation": "relu", "lr": 0.00031622776601683783, "window_size": 2, "batch_size": 16, "epochs": 5, "kernel_size": 7, "attention_heads": 2}, "parameter_index": 0}
[2026-05-13 10:45:11] INFO (NNIManager) Trial job YFuD4 status changed from RUNNING to SUCCEEDED
[2026-05-13 10:45:11] INFO (NNIManager) NNIManager received command from dispatcher: TR, {"parameter_id": 10, "parameter_source": "algorithm", "parameters": {"model_type": "LSTM", "units": 16, "num_layers": 1, "dropout": 0, "activation": "relu", "lr": 0.00031622776601683783, "window_size": 2, "batch_size": 16, "epochs": 5, "kernel_size": 7, "attention_heads": 4}, "parameter_index": 0}
[2026-05-13 10:45:11] INFO (NNIManager) submitTrialJob: form: {
  sequenceId: 10,
  hyperParameters: {
    value: '{"parameter_id": 10, "parameter_source": "algorithm", "parameters": {"model_type": "LSTM", "units": 16, "num_layers": 1, "dropout": 0, "activation": "relu", "lr": 0.00031622776601683783, "window_size": 2, "batch_size": 16, "epochs": 5, "kernel_size": 7, "attention_heads": 4}, "parameter_index": 0}',
    index: 0
  },
  placementConstraint: { type: 'None', gpus: [] }
}
[2026-05-13 10:45:11] INFO (LocalV3.local) Created trial aPoFN
[2026-05-13 10:45:13] INFO (LocalV3.local) Trial parameter: aPoFN {"parameter_id": 10, "parameter_source": "algorithm", "parameters": {"model_type": "LSTM", "units": 16, "num_layers": 1, "dropout": 0, "activation": "relu", "lr": 0.00031622776601683783, "window_size": 2, "batch_size": 16, "epochs": 5, "kernel_size": 7, "attention_heads": 4}, "parameter_index": 0}
[2026-05-13 10:45:18] INFO (NNIManager) Trial job aPoFN status changed from RUNNING to SUCCEEDED
[2026-05-13 10:45:18] INFO (NNIManager) NNIManager received command from dispatcher: TR, {"parameter_id": 11, "parameter_source": "algorithm", "parameters": {"model_type": "LSTM", "units": 16, "num_layers": 1, "dropout": 0, "activation": "relu", "lr": 0.00031622776601683783, "window_size": 2, "batch_size": 16, "epochs": 5, "kernel_size": 7, "attention_heads": 8}, "parameter_index": 0}
[2026-05-13 10:45:19] INFO (NNIManager) submitTrialJob: form: {
  sequenceId: 11,
  hyperParameters: {
    value: '{"parameter_id": 11, "parameter_source": "algorithm", "parameters": {"model_type": "LSTM", "units": 16, "num_layers": 1, "dropout": 0, "activation": "relu", "lr": 0.00031622776601683783, "window_size": 2, "batch_size": 16, "epochs": 5, "kernel_size": 7, "attention_heads": 8}, "parameter_index": 0}',
    index: 0
  },
  placementConstraint: { type: 'None', gpus: [] }
}
[2026-05-13 10:45:19] INFO (LocalV3.local) Created trial zEOHp
[2026-05-13 10:45:21] INFO (LocalV3.local) Trial parameter: zEOHp {"parameter_id": 11, "parameter_source": "algorithm", "parameters": {"model_type": "LSTM", "units": 16, "num_layers": 1, "dropout": 0, "activation": "relu", "lr": 0.00031622776601683783, "window_size": 2, "batch_size": 16, "epochs": 5, "kernel_size": 7, "attention_heads": 8}, "parameter_index": 0}
[2026-05-13 10:45:26] INFO (NNIManager) Trial job zEOHp status changed from RUNNING to SUCCEEDED
[2026-05-13 10:45:26] INFO (NNIManager) NNIManager received command from dispatcher: TR, {"parameter_id": 12, "parameter_source": "algorithm", "parameters": {"model_type": "LSTM", "units": 16, "num_layers": 1, "dropout": 0, "activation": "relu", "lr": 0.00031622776601683783, "window_size": 2, "batch_size": 16, "epochs": 10, "kernel_size": 2, "attention_heads": 2}, "parameter_index": 0}
[2026-05-13 10:45:27] INFO (NNIManager) submitTrialJob: form: {
  sequenceId: 12,
  hyperParameters: {
    value: '{"parameter_id": 12, "parameter_source": "algorithm", "parameters": {"model_type": "LSTM", "units": 16, "num_layers": 1, "dropout": 0, "activation": "relu", "lr": 0.00031622776601683783, "window_size": 2, "batch_size": 16, "epochs": 10, "kernel_size": 2, "attention_heads": 2}, "parameter_index": 0}',
    index: 0
  },
  placementConstraint: { type: 'None', gpus: [] }
}
[2026-05-13 10:45:27] INFO (LocalV3.local) Created trial fDQvP
[2026-05-13 10:45:29] INFO (LocalV3.local) Trial parameter: fDQvP {"parameter_id": 12, "parameter_source": "algorithm", "parameters": {"model_type": "LSTM", "units": 16, "num_layers": 1, "dropout": 0, "activation": "relu", "lr": 0.00031622776601683783, "window_size": 2, "batch_size": 16, "epochs": 10, "kernel_size": 2, "attention_heads": 2}, "parameter_index": 0}
[2026-05-13 10:45:37] INFO (NNIManager) Trial job fDQvP status changed from RUNNING to SUCCEEDED
[2026-05-13 10:45:37] INFO (NNIManager) NNIManager received command from dispatcher: TR, {"parameter_id": 13, "parameter_source": "algorithm", "parameters": {"model_type": "LSTM", "units": 16, "num_layers": 1, "dropout": 0, "activation": "relu", "lr": 0.00031622776601683783, "window_size": 2, "batch_size": 16, "epochs": 10, "kernel_size": 2, "attention_heads": 4}, "parameter_index": 0}
[2026-05-13 10:45:38] INFO (NNIManager) submitTrialJob: form: {
  sequenceId: 13,
  hyperParameters: {
    value: '{"parameter_id": 13, "parameter_source": "algorithm", "parameters": {"model_type": "LSTM", "units": 16, "num_layers": 1, "dropout": 0, "activation": "relu", "lr": 0.00031622776601683783, "window_size": 2, "batch_size": 16, "epochs": 10, "kernel_size": 2, "attention_heads": 4}, "parameter_index": 0}',
    index: 0
  },
  placementConstraint: { type: 'None', gpus: [] }
}
[2026-05-13 10:45:38] INFO (LocalV3.local) Created trial DuJTD
[2026-05-13 10:45:39] INFO (LocalV3.local) Trial parameter: DuJTD {"parameter_id": 13, "parameter_source": "algorithm", "parameters": {"model_type": "LSTM", "units": 16, "num_layers": 1, "dropout": 0, "activation": "relu", "lr": 0.00031622776601683783, "window_size": 2, "batch_size": 16, "epochs": 10, "kernel_size": 2, "attention_heads": 4}, "parameter_index": 0}
[2026-05-13 10:45:48] INFO (NNIManager) Trial job DuJTD status changed from RUNNING to SUCCEEDED
[2026-05-13 10:45:48] INFO (NNIManager) NNIManager received command from dispatcher: TR, {"parameter_id": 14, "parameter_source": "algorithm", "parameters": {"model_type": "LSTM", "units": 16, "num_layers": 1, "dropout": 0, "activation": "relu", "lr": 0.00031622776601683783, "window_size": 2, "batch_size": 16, "epochs": 10, "kernel_size": 2, "attention_heads": 8}, "parameter_index": 0}
[2026-05-13 10:45:48] INFO (NNIManager) submitTrialJob: form: {
  sequenceId: 14,
  hyperParameters: {
    value: '{"parameter_id": 14, "parameter_source": "algorithm", "parameters": {"model_type": "LSTM", "units": 16, "num_layers": 1, "dropout": 0, "activation": "relu", "lr": 0.00031622776601683783, "window_size": 2, "batch_size": 16, "epochs": 10, "kernel_size": 2, "attention_heads": 8}, "parameter_index": 0}',
    index: 0
  },
  placementConstraint: { type: 'None', gpus: [] }
}
[2026-05-13 10:45:48] INFO (LocalV3.local) Created trial KUHzs
[2026-05-13 10:45:50] INFO (LocalV3.local) Trial parameter: KUHzs {"parameter_id": 14, "parameter_source": "algorithm", "parameters": {"model_type": "LSTM", "units": 16, "num_layers": 1, "dropout": 0, "activation": "relu", "lr": 0.00031622776601683783, "window_size": 2, "batch_size": 16, "epochs": 10, "kernel_size": 2, "attention_heads": 8}, "parameter_index": 0}
[2026-05-13 10:45:58] INFO (NNIManager) Trial job KUHzs status changed from RUNNING to SUCCEEDED
[2026-05-13 10:45:58] INFO (NNIManager) NNIManager received command from dispatcher: TR, {"parameter_id": 15, "parameter_source": "algorithm", "parameters": {"model_type": "LSTM", "units": 16, "num_layers": 1, "dropout": 0, "activation": "relu", "lr": 0.00031622776601683783, "window_size": 2, "batch_size": 16, "epochs": 10, "kernel_size": 3, "attention_heads": 2}, "parameter_index": 0}
[2026-05-13 10:45:59] INFO (NNIManager) submitTrialJob: form: {
  sequenceId: 15,
  hyperParameters: {
    value: '{"parameter_id": 15, "parameter_source": "algorithm", "parameters": {"model_type": "LSTM", "units": 16, "num_layers": 1, "dropout": 0, "activation": "relu", "lr": 0.00031622776601683783, "window_size": 2, "batch_size": 16, "epochs": 10, "kernel_size": 3, "attention_heads": 2}, "parameter_index": 0}',
    index: 0
  },
  placementConstraint: { type: 'None', gpus: [] }
}
[2026-05-13 10:45:59] INFO (LocalV3.local) Created trial kmMBa
[2026-05-13 10:46:00] INFO (LocalV3.local) Trial parameter: kmMBa {"parameter_id": 15, "parameter_source": "algorithm", "parameters": {"model_type": "LSTM", "units": 16, "num_layers": 1, "dropout": 0, "activation": "relu", "lr": 0.00031622776601683783, "window_size": 2, "batch_size": 16, "epochs": 10, "kernel_size": 3, "attention_heads": 2}, "parameter_index": 0}
[2026-05-13 10:46:09] INFO (NNIManager) Trial job kmMBa status changed from RUNNING to SUCCEEDED
[2026-05-13 10:46:09] INFO (NNIManager) NNIManager received command from dispatcher: TR, {"parameter_id": 16, "parameter_source": "algorithm", "parameters": {"model_type": "LSTM", "units": 16, "num_layers": 1, "dropout": 0, "activation": "relu", "lr": 0.00031622776601683783, "window_size": 2, "batch_size": 16, "epochs": 10, "kernel_size": 3, "attention_heads": 4}, "parameter_index": 0}
[2026-05-13 10:46:09] INFO (NNIManager) submitTrialJob: form: {
  sequenceId: 16,
  hyperParameters: {
    value: '{"parameter_id": 16, "parameter_source": "algorithm", "parameters": {"model_type": "LSTM", "units": 16, "num_layers": 1, "dropout": 0, "activation": "relu", "lr": 0.00031622776601683783, "window_size": 2, "batch_size": 16, "epochs": 10, "kernel_size": 3, "attention_heads": 4}, "parameter_index": 0}',
    index: 0
  },
  placementConstraint: { type: 'None', gpus: [] }
}
[2026-05-13 10:46:09] INFO (LocalV3.local) Created trial tu38p
[2026-05-13 10:46:11] INFO (LocalV3.local) Trial parameter: tu38p {"parameter_id": 16, "parameter_source": "algorithm", "parameters": {"model_type": "LSTM", "units": 16, "num_layers": 1, "dropout": 0, "activation": "relu", "lr": 0.00031622776601683783, "window_size": 2, "batch_size": 16, "epochs": 10, "kernel_size": 3, "attention_heads": 4}, "parameter_index": 0}
[2026-05-13 10:46:19] INFO (NNIManager) Trial job tu38p status changed from RUNNING to SUCCEEDED
[2026-05-13 10:46:19] INFO (NNIManager) NNIManager received command from dispatcher: TR, {"parameter_id": 17, "parameter_source": "algorithm", "parameters": {"model_type": "LSTM", "units": 16, "num_layers": 1, "dropout": 0, "activation": "relu", "lr": 0.00031622776601683783, "window_size": 2, "batch_size": 16, "epochs": 10, "kernel_size": 3, "attention_heads": 8}, "parameter_index": 0}
[2026-05-13 10:46:19] INFO (NNIManager) submitTrialJob: form: {
  sequenceId: 17,
  hyperParameters: {
    value: '{"parameter_id": 17, "parameter_source": "algorithm", "parameters": {"model_type": "LSTM", "units": 16, "num_layers": 1, "dropout": 0, "activation": "relu", "lr": 0.00031622776601683783, "window_size": 2, "batch_size": 16, "epochs": 10, "kernel_size": 3, "attention_heads": 8}, "parameter_index": 0}',
    index: 0
  },
  placementConstraint: { type: 'None', gpus: [] }
}
[2026-05-13 10:46:19] INFO (LocalV3.local) Created trial XHON3
[2026-05-13 10:46:21] INFO (LocalV3.local) Trial parameter: XHON3 {"parameter_id": 17, "parameter_source": "algorithm", "parameters": {"model_type": "LSTM", "units": 16, "num_layers": 1, "dropout": 0, "activation": "relu", "lr": 0.00031622776601683783, "window_size": 2, "batch_size": 16, "epochs": 10, "kernel_size": 3, "attention_heads": 8}, "parameter_index": 0}
[2026-05-13 10:46:29] INFO (NNIManager) Trial job XHON3 status changed from RUNNING to SUCCEEDED
[2026-05-13 10:46:29] INFO (NNIManager) NNIManager received command from dispatcher: TR, {"parameter_id": 18, "parameter_source": "algorithm", "parameters": {"model_type": "LSTM", "units": 16, "num_layers": 1, "dropout": 0, "activation": "relu", "lr": 0.00031622776601683783, "window_size": 2, "batch_size": 16, "epochs": 10, "kernel_size": 5, "attention_heads": 2}, "parameter_index": 0}
[2026-05-13 10:46:30] INFO (NNIManager) submitTrialJob: form: {
  sequenceId: 18,
  hyperParameters: {
    value: '{"parameter_id": 18, "parameter_source": "algorithm", "parameters": {"model_type": "LSTM", "units": 16, "num_layers": 1, "dropout": 0, "activation": "relu", "lr": 0.00031622776601683783, "window_size": 2, "batch_size": 16, "epochs": 10, "kernel_size": 5, "attention_heads": 2}, "parameter_index": 0}',
    index: 0
  },
  placementConstraint: { type: 'None', gpus: [] }
}
[2026-05-13 10:46:30] INFO (LocalV3.local) Created trial wQBzr
[2026-05-13 10:46:31] INFO (LocalV3.local) Trial parameter: wQBzr {"parameter_id": 18, "parameter_source": "algorithm", "parameters": {"model_type": "LSTM", "units": 16, "num_layers": 1, "dropout": 0, "activation": "relu", "lr": 0.00031622776601683783, "window_size": 2, "batch_size": 16, "epochs": 10, "kernel_size": 5, "attention_heads": 2}, "parameter_index": 0}
[2026-05-13 10:46:40] INFO (NNIManager) Trial job wQBzr status changed from RUNNING to SUCCEEDED
[2026-05-13 10:46:40] INFO (NNIManager) NNIManager received command from dispatcher: TR, {"parameter_id": 19, "parameter_source": "algorithm", "parameters": {"model_type": "LSTM", "units": 16, "num_layers": 1, "dropout": 0, "activation": "relu", "lr": 0.00031622776601683783, "window_size": 2, "batch_size": 16, "epochs": 10, "kernel_size": 5, "attention_heads": 4}, "parameter_index": 0}
[2026-05-13 10:46:40] INFO (NNIManager) submitTrialJob: form: {
  sequenceId: 19,
  hyperParameters: {
    value: '{"parameter_id": 19, "parameter_source": "algorithm", "parameters": {"model_type": "LSTM", "units": 16, "num_layers": 1, "dropout": 0, "activation": "relu", "lr": 0.00031622776601683783, "window_size": 2, "batch_size": 16, "epochs": 10, "kernel_size": 5, "attention_heads": 4}, "parameter_index": 0}',
    index: 0
  },
  placementConstraint: { type: 'None', gpus: [] }
}
[2026-05-13 10:46:40] INFO (LocalV3.local) Created trial IZGDa
[2026-05-13 10:46:42] INFO (LocalV3.local) Trial parameter: IZGDa {"parameter_id": 19, "parameter_source": "algorithm", "parameters": {"model_type": "LSTM", "units": 16, "num_layers": 1, "dropout": 0, "activation": "relu", "lr": 0.00031622776601683783, "window_size": 2, "batch_size": 16, "epochs": 10, "kernel_size": 5, "attention_heads": 4}, "parameter_index": 0}
[2026-05-13 10:46:50] INFO (NNIManager) Trial job IZGDa status changed from RUNNING to SUCCEEDED
[2026-05-13 10:46:50] INFO (NNIManager) NNIManager received command from dispatcher: TR, {"parameter_id": 20, "parameter_source": "algorithm", "parameters": {"model_type": "LSTM", "units": 16, "num_layers": 1, "dropout": 0, "activation": "relu", "lr": 0.00031622776601683783, "window_size": 2, "batch_size": 16, "epochs": 10, "kernel_size": 5, "attention_heads": 8}, "parameter_index": 0}
[2026-05-13 10:46:51] INFO (NNIManager) submitTrialJob: form: {
  sequenceId: 20,
  hyperParameters: {
    value: '{"parameter_id": 20, "parameter_source": "algorithm", "parameters": {"model_type": "LSTM", "units": 16, "num_layers": 1, "dropout": 0, "activation": "relu", "lr": 0.00031622776601683783, "window_size": 2, "batch_size": 16, "epochs": 10, "kernel_size": 5, "attention_heads": 8}, "parameter_index": 0}',
    index: 0
  },
  placementConstraint: { type: 'None', gpus: [] }
}
[2026-05-13 10:46:51] INFO (LocalV3.local) Created trial JDLdK
[2026-05-13 10:46:53] INFO (LocalV3.local) Trial parameter: JDLdK {"parameter_id": 20, "parameter_source": "algorithm", "parameters": {"model_type": "LSTM", "units": 16, "num_layers": 1, "dropout": 0, "activation": "relu", "lr": 0.00031622776601683783, "window_size": 2, "batch_size": 16, "epochs": 10, "kernel_size": 5, "attention_heads": 8}, "parameter_index": 0}
[2026-05-13 10:47:01] INFO (NNIManager) Trial job JDLdK status changed from RUNNING to SUCCEEDED
[2026-05-13 10:47:01] INFO (NNIManager) NNIManager received command from dispatcher: TR, {"parameter_id": 21, "parameter_source": "algorithm", "parameters": {"model_type": "LSTM", "units": 16, "num_layers": 1, "dropout": 0, "activation": "relu", "lr": 0.00031622776601683783, "window_size": 2, "batch_size": 16, "epochs": 10, "kernel_size": 7, "attention_heads": 2}, "parameter_index": 0}
[2026-05-13 10:47:01] INFO (NNIManager) submitTrialJob: form: {
  sequenceId: 21,
  hyperParameters: {
    value: '{"parameter_id": 21, "parameter_source": "algorithm", "parameters": {"model_type": "LSTM", "units": 16, "num_layers": 1, "dropout": 0, "activation": "relu", "lr": 0.00031622776601683783, "window_size": 2, "batch_size": 16, "epochs": 10, "kernel_size": 7, "attention_heads": 2}, "parameter_index": 0}',
    index: 0
  },
  placementConstraint: { type: 'None', gpus: [] }
}
[2026-05-13 10:47:01] INFO (LocalV3.local) Created trial zisn8
[2026-05-13 10:47:03] INFO (LocalV3.local) Trial parameter: zisn8 {"parameter_id": 21, "parameter_source": "algorithm", "parameters": {"model_type": "LSTM", "units": 16, "num_layers": 1, "dropout": 0, "activation": "relu", "lr": 0.00031622776601683783, "window_size": 2, "batch_size": 16, "epochs": 10, "kernel_size": 7, "attention_heads": 2}, "parameter_index": 0}
[2026-05-13 10:47:11] INFO (NNIManager) Trial job zisn8 status changed from RUNNING to SUCCEEDED
[2026-05-13 10:47:11] INFO (NNIManager) NNIManager received command from dispatcher: TR, {"parameter_id": 22, "parameter_source": "algorithm", "parameters": {"model_type": "LSTM", "units": 16, "num_layers": 1, "dropout": 0, "activation": "relu", "lr": 0.00031622776601683783, "window_size": 2, "batch_size": 16, "epochs": 10, "kernel_size": 7, "attention_heads": 4}, "parameter_index": 0}
[2026-05-13 10:47:12] INFO (NNIManager) submitTrialJob: form: {
  sequenceId: 22,
  hyperParameters: {
    value: '{"parameter_id": 22, "parameter_source": "algorithm", "parameters": {"model_type": "LSTM", "units": 16, "num_layers": 1, "dropout": 0, "activation": "relu", "lr": 0.00031622776601683783, "window_size": 2, "batch_size": 16, "epochs": 10, "kernel_size": 7, "attention_heads": 4}, "parameter_index": 0}',
    index: 0
  },
  placementConstraint: { type: 'None', gpus: [] }
}
[2026-05-13 10:47:12] INFO (LocalV3.local) Created trial YXO9s
[2026-05-13 10:47:14] INFO (LocalV3.local) Trial parameter: YXO9s {"parameter_id": 22, "parameter_source": "algorithm", "parameters": {"model_type": "LSTM", "units": 16, "num_layers": 1, "dropout": 0, "activation": "relu", "lr": 0.00031622776601683783, "window_size": 2, "batch_size": 16, "epochs": 10, "kernel_size": 7, "attention_heads": 4}, "parameter_index": 0}
[2026-05-13 10:47:22] INFO (NNIManager) Trial job YXO9s status changed from RUNNING to SUCCEEDED
[2026-05-13 10:47:22] INFO (NNIManager) NNIManager received command from dispatcher: TR, {"parameter_id": 23, "parameter_source": "algorithm", "parameters": {"model_type": "LSTM", "units": 16, "num_layers": 1, "dropout": 0, "activation": "relu", "lr": 0.00031622776601683783, "window_size": 2, "batch_size": 16, "epochs": 10, "kernel_size": 7, "attention_heads": 8}, "parameter_index": 0}
[2026-05-13 10:47:22] INFO (NNIManager) submitTrialJob: form: {
  sequenceId: 23,
  hyperParameters: {
    value: '{"parameter_id": 23, "parameter_source": "algorithm", "parameters": {"model_type": "LSTM", "units": 16, "num_layers": 1, "dropout": 0, "activation": "relu", "lr": 0.00031622776601683783, "window_size": 2, "batch_size": 16, "epochs": 10, "kernel_size": 7, "attention_heads": 8}, "parameter_index": 0}',
    index: 0
  },
  placementConstraint: { type: 'None', gpus: [] }
}
[2026-05-13 10:47:22] INFO (LocalV3.local) Created trial b0v7C
[2026-05-13 10:47:24] INFO (LocalV3.local) Trial parameter: b0v7C {"parameter_id": 23, "parameter_source": "algorithm", "parameters": {"model_type": "LSTM", "units": 16, "num_layers": 1, "dropout": 0, "activation": "relu", "lr": 0.00031622776601683783, "window_size": 2, "batch_size": 16, "epochs": 10, "kernel_size": 7, "attention_heads": 8}, "parameter_index": 0}
[2026-05-13 10:47:32] INFO (NNIManager) Trial job b0v7C status changed from RUNNING to SUCCEEDED
[2026-05-13 10:47:32] INFO (NNIManager) NNIManager received command from dispatcher: TR, {"parameter_id": 24, "parameter_source": "algorithm", "parameters": {"model_type": "LSTM", "units": 16, "num_layers": 1, "dropout": 0, "activation": "relu", "lr": 0.00031622776601683783, "window_size": 2, "batch_size": 16, "epochs": 15, "kernel_size": 2, "attention_heads": 2}, "parameter_index": 0}
[2026-05-13 10:47:33] INFO (NNIManager) submitTrialJob: form: {
  sequenceId: 24,
  hyperParameters: {
    value: '{"parameter_id": 24, "parameter_source": "algorithm", "parameters": {"model_type": "LSTM", "units": 16, "num_layers": 1, "dropout": 0, "activation": "relu", "lr": 0.00031622776601683783, "window_size": 2, "batch_size": 16, "epochs": 15, "kernel_size": 2, "attention_heads": 2}, "parameter_index": 0}',
    index: 0
  },
  placementConstraint: { type: 'None', gpus: [] }
}
[2026-05-13 10:47:33] INFO (LocalV3.local) Created trial hOTH7
[2026-05-13 10:47:35] INFO (LocalV3.local) Trial parameter: hOTH7 {"parameter_id": 24, "parameter_source": "algorithm", "parameters": {"model_type": "LSTM", "units": 16, "num_layers": 1, "dropout": 0, "activation": "relu", "lr": 0.00031622776601683783, "window_size": 2, "batch_size": 16, "epochs": 15, "kernel_size": 2, "attention_heads": 2}, "parameter_index": 0}
[2026-05-13 10:47:45] INFO (NNIManager) Trial job hOTH7 status changed from RUNNING to SUCCEEDED
[2026-05-13 10:47:45] INFO (NNIManager) NNIManager received command from dispatcher: TR, {"parameter_id": 25, "parameter_source": "algorithm", "parameters": {"model_type": "LSTM", "units": 16, "num_layers": 1, "dropout": 0, "activation": "relu", "lr": 0.00031622776601683783, "window_size": 2, "batch_size": 16, "epochs": 15, "kernel_size": 2, "attention_heads": 4}, "parameter_index": 0}
[2026-05-13 10:47:46] INFO (NNIManager) submitTrialJob: form: {
  sequenceId: 25,
  hyperParameters: {
    value: '{"parameter_id": 25, "parameter_source": "algorithm", "parameters": {"model_type": "LSTM", "units": 16, "num_layers": 1, "dropout": 0, "activation": "relu", "lr": 0.00031622776601683783, "window_size": 2, "batch_size": 16, "epochs": 15, "kernel_size": 2, "attention_heads": 4}, "parameter_index": 0}',
    index: 0
  },
  placementConstraint: { type: 'None', gpus: [] }
}
[2026-05-13 10:47:46] INFO (LocalV3.local) Created trial a8KJY
[2026-05-13 10:47:48] INFO (LocalV3.local) Trial parameter: a8KJY {"parameter_id": 25, "parameter_source": "algorithm", "parameters": {"model_type": "LSTM", "units": 16, "num_layers": 1, "dropout": 0, "activation": "relu", "lr": 0.00031622776601683783, "window_size": 2, "batch_size": 16, "epochs": 15, "kernel_size": 2, "attention_heads": 4}, "parameter_index": 0}
[2026-05-13 10:47:58] INFO (NNIManager) Trial job a8KJY status changed from RUNNING to SUCCEEDED
[2026-05-13 10:47:58] INFO (NNIManager) NNIManager received command from dispatcher: TR, {"parameter_id": 26, "parameter_source": "algorithm", "parameters": {"model_type": "LSTM", "units": 16, "num_layers": 1, "dropout": 0, "activation": "relu", "lr": 0.00031622776601683783, "window_size": 2, "batch_size": 16, "epochs": 15, "kernel_size": 2, "attention_heads": 8}, "parameter_index": 0}
[2026-05-13 10:47:59] INFO (NNIManager) submitTrialJob: form: {
  sequenceId: 26,
  hyperParameters: {
    value: '{"parameter_id": 26, "parameter_source": "algorithm", "parameters": {"model_type": "LSTM", "units": 16, "num_layers": 1, "dropout": 0, "activation": "relu", "lr": 0.00031622776601683783, "window_size": 2, "batch_size": 16, "epochs": 15, "kernel_size": 2, "attention_heads": 8}, "parameter_index": 0}',
    index: 0
  },
  placementConstraint: { type: 'None', gpus: [] }
}
[2026-05-13 10:47:59] INFO (LocalV3.local) Created trial ep3fr
[2026-05-13 10:48:01] INFO (LocalV3.local) Trial parameter: ep3fr {"parameter_id": 26, "parameter_source": "algorithm", "parameters": {"model_type": "LSTM", "units": 16, "num_layers": 1, "dropout": 0, "activation": "relu", "lr": 0.00031622776601683783, "window_size": 2, "batch_size": 16, "epochs": 15, "kernel_size": 2, "attention_heads": 8}, "parameter_index": 0}
[2026-05-13 10:48:11] INFO (NNIManager) Trial job ep3fr status changed from RUNNING to SUCCEEDED
[2026-05-13 10:48:11] INFO (NNIManager) NNIManager received command from dispatcher: TR, {"parameter_id": 27, "parameter_source": "algorithm", "parameters": {"model_type": "LSTM", "units": 16, "num_layers": 1, "dropout": 0, "activation": "relu", "lr": 0.00031622776601683783, "window_size": 2, "batch_size": 16, "epochs": 15, "kernel_size": 3, "attention_heads": 2}, "parameter_index": 0}
[2026-05-13 10:48:12] INFO (NNIManager) submitTrialJob: form: {
  sequenceId: 27,
  hyperParameters: {
    value: '{"parameter_id": 27, "parameter_source": "algorithm", "parameters": {"model_type": "LSTM", "units": 16, "num_layers": 1, "dropout": 0, "activation": "relu", "lr": 0.00031622776601683783, "window_size": 2, "batch_size": 16, "epochs": 15, "kernel_size": 3, "attention_heads": 2}, "parameter_index": 0}',
    index: 0
  },
  placementConstraint: { type: 'None', gpus: [] }
}
[2026-05-13 10:48:12] INFO (LocalV3.local) Created trial l0j2g
[2026-05-13 10:48:14] INFO (LocalV3.local) Trial parameter: l0j2g {"parameter_id": 27, "parameter_source": "algorithm", "parameters": {"model_type": "LSTM", "units": 16, "num_layers": 1, "dropout": 0, "activation": "relu", "lr": 0.00031622776601683783, "window_size": 2, "batch_size": 16, "epochs": 15, "kernel_size": 3, "attention_heads": 2}, "parameter_index": 0}
[2026-05-13 10:48:24] INFO (NNIManager) Trial job l0j2g status changed from RUNNING to SUCCEEDED
[2026-05-13 10:48:25] INFO (NNIManager) NNIManager received command from dispatcher: TR, {"parameter_id": 28, "parameter_source": "algorithm", "parameters": {"model_type": "LSTM", "units": 16, "num_layers": 1, "dropout": 0, "activation": "relu", "lr": 0.00031622776601683783, "window_size": 2, "batch_size": 16, "epochs": 15, "kernel_size": 3, "attention_heads": 4}, "parameter_index": 0}
[2026-05-13 10:48:25] INFO (NNIManager) submitTrialJob: form: {
  sequenceId: 28,
  hyperParameters: {
    value: '{"parameter_id": 28, "parameter_source": "algorithm", "parameters": {"model_type": "LSTM", "units": 16, "num_layers": 1, "dropout": 0, "activation": "relu", "lr": 0.00031622776601683783, "window_size": 2, "batch_size": 16, "epochs": 15, "kernel_size": 3, "attention_heads": 4}, "parameter_index": 0}',
    index: 0
  },
  placementConstraint: { type: 'None', gpus: [] }
}
[2026-05-13 10:48:25] INFO (LocalV3.local) Created trial zuceI
[2026-05-13 10:48:27] INFO (LocalV3.local) Trial parameter: zuceI {"parameter_id": 28, "parameter_source": "algorithm", "parameters": {"model_type": "LSTM", "units": 16, "num_layers": 1, "dropout": 0, "activation": "relu", "lr": 0.00031622776601683783, "window_size": 2, "batch_size": 16, "epochs": 15, "kernel_size": 3, "attention_heads": 4}, "parameter_index": 0}
[2026-05-13 10:48:38] INFO (NNIManager) Trial job zuceI status changed from RUNNING to SUCCEEDED
[2026-05-13 10:48:38] INFO (NNIManager) NNIManager received command from dispatcher: TR, {"parameter_id": 29, "parameter_source": "algorithm", "parameters": {"model_type": "LSTM", "units": 16, "num_layers": 1, "dropout": 0, "activation": "relu", "lr": 0.00031622776601683783, "window_size": 2, "batch_size": 16, "epochs": 15, "kernel_size": 3, "attention_heads": 8}, "parameter_index": 0}
[2026-05-13 10:48:38] INFO (NNIManager) submitTrialJob: form: {
  sequenceId: 29,
  hyperParameters: {
    value: '{"parameter_id": 29, "parameter_source": "algorithm", "parameters": {"model_type": "LSTM", "units": 16, "num_layers": 1, "dropout": 0, "activation": "relu", "lr": 0.00031622776601683783, "window_size": 2, "batch_size": 16, "epochs": 15, "kernel_size": 3, "attention_heads": 8}, "parameter_index": 0}',
    index: 0
  },
  placementConstraint: { type: 'None', gpus: [] }
}
[2026-05-13 10:48:38] INFO (LocalV3.local) Created trial NIyya
[2026-05-13 10:48:40] INFO (LocalV3.local) Trial parameter: NIyya {"parameter_id": 29, "parameter_source": "algorithm", "parameters": {"model_type": "LSTM", "units": 16, "num_layers": 1, "dropout": 0, "activation": "relu", "lr": 0.00031622776601683783, "window_size": 2, "batch_size": 16, "epochs": 15, "kernel_size": 3, "attention_heads": 8}, "parameter_index": 0}
[2026-05-13 10:48:51] INFO (NNIManager) Trial job NIyya status changed from RUNNING to SUCCEEDED
[2026-05-13 10:48:51] INFO (NNIManager) NNIManager received command from dispatcher: TR, {"parameter_id": 30, "parameter_source": "algorithm", "parameters": {"model_type": "LSTM", "units": 16, "num_layers": 1, "dropout": 0, "activation": "relu", "lr": 0.00031622776601683783, "window_size": 2, "batch_size": 16, "epochs": 15, "kernel_size": 5, "attention_heads": 2}, "parameter_index": 0}
[2026-05-13 10:48:51] INFO (NNIManager) submitTrialJob: form: {
  sequenceId: 30,
  hyperParameters: {
    value: '{"parameter_id": 30, "parameter_source": "algorithm", "parameters": {"model_type": "LSTM", "units": 16, "num_layers": 1, "dropout": 0, "activation": "relu", "lr": 0.00031622776601683783, "window_size": 2, "batch_size": 16, "epochs": 15, "kernel_size": 5, "attention_heads": 2}, "parameter_index": 0}',
    index: 0
  },
  placementConstraint: { type: 'None', gpus: [] }
}
[2026-05-13 10:48:51] INFO (LocalV3.local) Created trial ddBHh
[2026-05-13 10:48:53] INFO (LocalV3.local) Trial parameter: ddBHh {"parameter_id": 30, "parameter_source": "algorithm", "parameters": {"model_type": "LSTM", "units": 16, "num_layers": 1, "dropout": 0, "activation": "relu", "lr": 0.00031622776601683783, "window_size": 2, "batch_size": 16, "epochs": 15, "kernel_size": 5, "attention_heads": 2}, "parameter_index": 0}
[2026-05-13 10:49:04] INFO (NNIManager) Trial job ddBHh status changed from RUNNING to SUCCEEDED
[2026-05-13 10:49:04] INFO (NNIManager) NNIManager received command from dispatcher: TR, {"parameter_id": 31, "parameter_source": "algorithm", "parameters": {"model_type": "LSTM", "units": 16, "num_layers": 1, "dropout": 0, "activation": "relu", "lr": 0.00031622776601683783, "window_size": 2, "batch_size": 16, "epochs": 15, "kernel_size": 5, "attention_heads": 4}, "parameter_index": 0}
[2026-05-13 10:49:04] INFO (NNIManager) submitTrialJob: form: {
  sequenceId: 31,
  hyperParameters: {
    value: '{"parameter_id": 31, "parameter_source": "algorithm", "parameters": {"model_type": "LSTM", "units": 16, "num_layers": 1, "dropout": 0, "activation": "relu", "lr": 0.00031622776601683783, "window_size": 2, "batch_size": 16, "epochs": 15, "kernel_size": 5, "attention_heads": 4}, "parameter_index": 0}',
    index: 0
  },
  placementConstraint: { type: 'None', gpus: [] }
}
[2026-05-13 10:49:04] INFO (LocalV3.local) Created trial ollxB
[2026-05-13 10:49:06] INFO (LocalV3.local) Trial parameter: ollxB {"parameter_id": 31, "parameter_source": "algorithm", "parameters": {"model_type": "LSTM", "units": 16, "num_layers": 1, "dropout": 0, "activation": "relu", "lr": 0.00031622776601683783, "window_size": 2, "batch_size": 16, "epochs": 15, "kernel_size": 5, "attention_heads": 4}, "parameter_index": 0}
[2026-05-13 10:49:17] INFO (NNIManager) Trial job ollxB status changed from RUNNING to SUCCEEDED
[2026-05-13 10:49:17] INFO (NNIManager) NNIManager received command from dispatcher: TR, {"parameter_id": 32, "parameter_source": "algorithm", "parameters": {"model_type": "LSTM", "units": 16, "num_layers": 1, "dropout": 0, "activation": "relu", "lr": 0.00031622776601683783, "window_size": 2, "batch_size": 16, "epochs": 15, "kernel_size": 5, "attention_heads": 8}, "parameter_index": 0}
[2026-05-13 10:49:18] INFO (NNIManager) submitTrialJob: form: {
  sequenceId: 32,
  hyperParameters: {
    value: '{"parameter_id": 32, "parameter_source": "algorithm", "parameters": {"model_type": "LSTM", "units": 16, "num_layers": 1, "dropout": 0, "activation": "relu", "lr": 0.00031622776601683783, "window_size": 2, "batch_size": 16, "epochs": 15, "kernel_size": 5, "attention_heads": 8}, "parameter_index": 0}',
    index: 0
  },
  placementConstraint: { type: 'None', gpus: [] }
}
[2026-05-13 10:49:18] INFO (LocalV3.local) Created trial Hfdd7
[2026-05-13 10:49:19] INFO (LocalV3.local) Trial parameter: Hfdd7 {"parameter_id": 32, "parameter_source": "algorithm", "parameters": {"model_type": "LSTM", "units": 16, "num_layers": 1, "dropout": 0, "activation": "relu", "lr": 0.00031622776601683783, "window_size": 2, "batch_size": 16, "epochs": 15, "kernel_size": 5, "attention_heads": 8}, "parameter_index": 0}
[2026-05-13 10:49:31] INFO (NNIManager) Trial job Hfdd7 status changed from RUNNING to SUCCEEDED
[2026-05-13 10:49:31] INFO (NNIManager) NNIManager received command from dispatcher: TR, {"parameter_id": 33, "parameter_source": "algorithm", "parameters": {"model_type": "LSTM", "units": 16, "num_layers": 1, "dropout": 0, "activation": "relu", "lr": 0.00031622776601683783, "window_size": 2, "batch_size": 16, "epochs": 15, "kernel_size": 7, "attention_heads": 2}, "parameter_index": 0}
[2026-05-13 10:49:31] INFO (NNIManager) submitTrialJob: form: {
  sequenceId: 33,
  hyperParameters: {
    value: '{"parameter_id": 33, "parameter_source": "algorithm", "parameters": {"model_type": "LSTM", "units": 16, "num_layers": 1, "dropout": 0, "activation": "relu", "lr": 0.00031622776601683783, "window_size": 2, "batch_size": 16, "epochs": 15, "kernel_size": 7, "attention_heads": 2}, "parameter_index": 0}',
    index: 0
  },
  placementConstraint: { type: 'None', gpus: [] }
}
[2026-05-13 10:49:31] INFO (LocalV3.local) Created trial FxKeg
[2026-05-13 10:49:33] INFO (LocalV3.local) Trial parameter: FxKeg {"parameter_id": 33, "parameter_source": "algorithm", "parameters": {"model_type": "LSTM", "units": 16, "num_layers": 1, "dropout": 0, "activation": "relu", "lr": 0.00031622776601683783, "window_size": 2, "batch_size": 16, "epochs": 15, "kernel_size": 7, "attention_heads": 2}, "parameter_index": 0}
[2026-05-13 10:49:44] INFO (NNIManager) Trial job FxKeg status changed from RUNNING to SUCCEEDED
[2026-05-13 10:49:44] INFO (NNIManager) NNIManager received command from dispatcher: TR, {"parameter_id": 34, "parameter_source": "algorithm", "parameters": {"model_type": "LSTM", "units": 16, "num_layers": 1, "dropout": 0, "activation": "relu", "lr": 0.00031622776601683783, "window_size": 2, "batch_size": 16, "epochs": 15, "kernel_size": 7, "attention_heads": 4}, "parameter_index": 0}
[2026-05-13 10:49:44] INFO (NNIManager) submitTrialJob: form: {
  sequenceId: 34,
  hyperParameters: {
    value: '{"parameter_id": 34, "parameter_source": "algorithm", "parameters": {"model_type": "LSTM", "units": 16, "num_layers": 1, "dropout": 0, "activation": "relu", "lr": 0.00031622776601683783, "window_size": 2, "batch_size": 16, "epochs": 15, "kernel_size": 7, "attention_heads": 4}, "parameter_index": 0}',
    index: 0
  },
  placementConstraint: { type: 'None', gpus: [] }
}
[2026-05-13 10:49:44] INFO (LocalV3.local) Created trial pdQgy
[2026-05-13 10:49:46] INFO (LocalV3.local) Trial parameter: pdQgy {"parameter_id": 34, "parameter_source": "algorithm", "parameters": {"model_type": "LSTM", "units": 16, "num_layers": 1, "dropout": 0, "activation": "relu", "lr": 0.00031622776601683783, "window_size": 2, "batch_size": 16, "epochs": 15, "kernel_size": 7, "attention_heads": 4}, "parameter_index": 0}
[2026-05-13 10:49:57] INFO (NNIManager) Trial job pdQgy status changed from RUNNING to SUCCEEDED
[2026-05-13 10:49:57] INFO (NNIManager) NNIManager received command from dispatcher: TR, {"parameter_id": 35, "parameter_source": "algorithm", "parameters": {"model_type": "LSTM", "units": 16, "num_layers": 1, "dropout": 0, "activation": "relu", "lr": 0.00031622776601683783, "window_size": 2, "batch_size": 16, "epochs": 15, "kernel_size": 7, "attention_heads": 8}, "parameter_index": 0}
[2026-05-13 10:49:57] INFO (NNIManager) submitTrialJob: form: {
  sequenceId: 35,
  hyperParameters: {
    value: '{"parameter_id": 35, "parameter_source": "algorithm", "parameters": {"model_type": "LSTM", "units": 16, "num_layers": 1, "dropout": 0, "activation": "relu", "lr": 0.00031622776601683783, "window_size": 2, "batch_size": 16, "epochs": 15, "kernel_size": 7, "attention_heads": 8}, "parameter_index": 0}',
    index: 0
  },
  placementConstraint: { type: 'None', gpus: [] }
}
[2026-05-13 10:49:57] INFO (LocalV3.local) Created trial Ox0GL
[2026-05-13 10:49:59] INFO (LocalV3.local) Trial parameter: Ox0GL {"parameter_id": 35, "parameter_source": "algorithm", "parameters": {"model_type": "LSTM", "units": 16, "num_layers": 1, "dropout": 0, "activation": "relu", "lr": 0.00031622776601683783, "window_size": 2, "batch_size": 16, "epochs": 15, "kernel_size": 7, "attention_heads": 8}, "parameter_index": 0}
[2026-05-13 10:50:10] INFO (NNIManager) Trial job Ox0GL status changed from RUNNING to SUCCEEDED
[2026-05-13 10:50:10] INFO (NNIManager) NNIManager received command from dispatcher: TR, {"parameter_id": 36, "parameter_source": "algorithm", "parameters": {"model_type": "LSTM", "units": 16, "num_layers": 1, "dropout": 0, "activation": "relu", "lr": 0.00031622776601683783, "window_size": 2, "batch_size": 16, "epochs": 20, "kernel_size": 2, "attention_heads": 2}, "parameter_index": 0}
[2026-05-13 10:50:10] INFO (NNIManager) submitTrialJob: form: {
  sequenceId: 36,
  hyperParameters: {
    value: '{"parameter_id": 36, "parameter_source": "algorithm", "parameters": {"model_type": "LSTM", "units": 16, "num_layers": 1, "dropout": 0, "activation": "relu", "lr": 0.00031622776601683783, "window_size": 2, "batch_size": 16, "epochs": 20, "kernel_size": 2, "attention_heads": 2}, "parameter_index": 0}',
    index: 0
  },
  placementConstraint: { type: 'None', gpus: [] }
}
[2026-05-13 10:50:10] INFO (LocalV3.local) Created trial Q2YUA
[2026-05-13 10:50:12] INFO (LocalV3.local) Trial parameter: Q2YUA {"parameter_id": 36, "parameter_source": "algorithm", "parameters": {"model_type": "LSTM", "units": 16, "num_layers": 1, "dropout": 0, "activation": "relu", "lr": 0.00031622776601683783, "window_size": 2, "batch_size": 16, "epochs": 20, "kernel_size": 2, "attention_heads": 2}, "parameter_index": 0}
[2026-05-13 10:50:26] INFO (NNIManager) Trial job Q2YUA status changed from RUNNING to SUCCEEDED
[2026-05-13 10:50:26] INFO (NNIManager) NNIManager received command from dispatcher: TR, {"parameter_id": 37, "parameter_source": "algorithm", "parameters": {"model_type": "LSTM", "units": 16, "num_layers": 1, "dropout": 0, "activation": "relu", "lr": 0.00031622776601683783, "window_size": 2, "batch_size": 16, "epochs": 20, "kernel_size": 2, "attention_heads": 4}, "parameter_index": 0}
[2026-05-13 10:50:26] INFO (NNIManager) submitTrialJob: form: {
  sequenceId: 37,
  hyperParameters: {
    value: '{"parameter_id": 37, "parameter_source": "algorithm", "parameters": {"model_type": "LSTM", "units": 16, "num_layers": 1, "dropout": 0, "activation": "relu", "lr": 0.00031622776601683783, "window_size": 2, "batch_size": 16, "epochs": 20, "kernel_size": 2, "attention_heads": 4}, "parameter_index": 0}',
    index: 0
  },
  placementConstraint: { type: 'None', gpus: [] }
}
[2026-05-13 10:50:26] INFO (LocalV3.local) Created trial O47AC
[2026-05-13 10:50:28] INFO (LocalV3.local) Trial parameter: O47AC {"parameter_id": 37, "parameter_source": "algorithm", "parameters": {"model_type": "LSTM", "units": 16, "num_layers": 1, "dropout": 0, "activation": "relu", "lr": 0.00031622776601683783, "window_size": 2, "batch_size": 16, "epochs": 20, "kernel_size": 2, "attention_heads": 4}, "parameter_index": 0}
[2026-05-13 10:50:42] INFO (NNIManager) Trial job O47AC status changed from RUNNING to SUCCEEDED
[2026-05-13 10:50:42] INFO (NNIManager) NNIManager received command from dispatcher: TR, {"parameter_id": 38, "parameter_source": "algorithm", "parameters": {"model_type": "LSTM", "units": 16, "num_layers": 1, "dropout": 0, "activation": "relu", "lr": 0.00031622776601683783, "window_size": 2, "batch_size": 16, "epochs": 20, "kernel_size": 2, "attention_heads": 8}, "parameter_index": 0}
[2026-05-13 10:50:42] INFO (NNIManager) submitTrialJob: form: {
  sequenceId: 38,
  hyperParameters: {
    value: '{"parameter_id": 38, "parameter_source": "algorithm", "parameters": {"model_type": "LSTM", "units": 16, "num_layers": 1, "dropout": 0, "activation": "relu", "lr": 0.00031622776601683783, "window_size": 2, "batch_size": 16, "epochs": 20, "kernel_size": 2, "attention_heads": 8}, "parameter_index": 0}',
    index: 0
  },
  placementConstraint: { type: 'None', gpus: [] }
}
[2026-05-13 10:50:42] INFO (LocalV3.local) Created trial vALr3
[2026-05-13 10:50:44] INFO (LocalV3.local) Trial parameter: vALr3 {"parameter_id": 38, "parameter_source": "algorithm", "parameters": {"model_type": "LSTM", "units": 16, "num_layers": 1, "dropout": 0, "activation": "relu", "lr": 0.00031622776601683783, "window_size": 2, "batch_size": 16, "epochs": 20, "kernel_size": 2, "attention_heads": 8}, "parameter_index": 0}
[2026-05-13 10:50:58] INFO (NNIManager) Trial job vALr3 status changed from RUNNING to SUCCEEDED
[2026-05-13 10:50:58] INFO (NNIManager) NNIManager received command from dispatcher: TR, {"parameter_id": 39, "parameter_source": "algorithm", "parameters": {"model_type": "LSTM", "units": 16, "num_layers": 1, "dropout": 0, "activation": "relu", "lr": 0.00031622776601683783, "window_size": 2, "batch_size": 16, "epochs": 20, "kernel_size": 3, "attention_heads": 2}, "parameter_index": 0}
[2026-05-13 10:50:58] INFO (NNIManager) submitTrialJob: form: {
  sequenceId: 39,
  hyperParameters: {
    value: '{"parameter_id": 39, "parameter_source": "algorithm", "parameters": {"model_type": "LSTM", "units": 16, "num_layers": 1, "dropout": 0, "activation": "relu", "lr": 0.00031622776601683783, "window_size": 2, "batch_size": 16, "epochs": 20, "kernel_size": 3, "attention_heads": 2}, "parameter_index": 0}',
    index: 0
  },
  placementConstraint: { type: 'None', gpus: [] }
}
[2026-05-13 10:50:58] INFO (LocalV3.local) Created trial oC96b
[2026-05-13 10:51:00] INFO (LocalV3.local) Trial parameter: oC96b {"parameter_id": 39, "parameter_source": "algorithm", "parameters": {"model_type": "LSTM", "units": 16, "num_layers": 1, "dropout": 0, "activation": "relu", "lr": 0.00031622776601683783, "window_size": 2, "batch_size": 16, "epochs": 20, "kernel_size": 3, "attention_heads": 2}, "parameter_index": 0}
[2026-05-13 10:51:13] INFO (NNIManager) Trial job oC96b status changed from RUNNING to SUCCEEDED
[2026-05-13 10:51:13] INFO (NNIManager) NNIManager received command from dispatcher: TR, {"parameter_id": 40, "parameter_source": "algorithm", "parameters": {"model_type": "LSTM", "units": 16, "num_layers": 1, "dropout": 0, "activation": "relu", "lr": 0.00031622776601683783, "window_size": 2, "batch_size": 16, "epochs": 20, "kernel_size": 3, "attention_heads": 4}, "parameter_index": 0}
[2026-05-13 10:51:14] INFO (NNIManager) submitTrialJob: form: {
  sequenceId: 40,
  hyperParameters: {
    value: '{"parameter_id": 40, "parameter_source": "algorithm", "parameters": {"model_type": "LSTM", "units": 16, "num_layers": 1, "dropout": 0, "activation": "relu", "lr": 0.00031622776601683783, "window_size": 2, "batch_size": 16, "epochs": 20, "kernel_size": 3, "attention_heads": 4}, "parameter_index": 0}',
    index: 0
  },
  placementConstraint: { type: 'None', gpus: [] }
}
[2026-05-13 10:51:14] INFO (LocalV3.local) Created trial jgpxR
[2026-05-13 10:51:16] INFO (LocalV3.local) Trial parameter: jgpxR {"parameter_id": 40, "parameter_source": "algorithm", "parameters": {"model_type": "LSTM", "units": 16, "num_layers": 1, "dropout": 0, "activation": "relu", "lr": 0.00031622776601683783, "window_size": 2, "batch_size": 16, "epochs": 20, "kernel_size": 3, "attention_heads": 4}, "parameter_index": 0}
[2026-05-13 10:51:29] INFO (NNIManager) Trial job jgpxR status changed from RUNNING to SUCCEEDED
[2026-05-13 10:51:29] INFO (NNIManager) NNIManager received command from dispatcher: TR, {"parameter_id": 41, "parameter_source": "algorithm", "parameters": {"model_type": "LSTM", "units": 16, "num_layers": 1, "dropout": 0, "activation": "relu", "lr": 0.00031622776601683783, "window_size": 2, "batch_size": 16, "epochs": 20, "kernel_size": 3, "attention_heads": 8}, "parameter_index": 0}
[2026-05-13 10:51:29] INFO (NNIManager) submitTrialJob: form: {
  sequenceId: 41,
  hyperParameters: {
    value: '{"parameter_id": 41, "parameter_source": "algorithm", "parameters": {"model_type": "LSTM", "units": 16, "num_layers": 1, "dropout": 0, "activation": "relu", "lr": 0.00031622776601683783, "window_size": 2, "batch_size": 16, "epochs": 20, "kernel_size": 3, "attention_heads": 8}, "parameter_index": 0}',
    index: 0
  },
  placementConstraint: { type: 'None', gpus: [] }
}
[2026-05-13 10:51:29] INFO (LocalV3.local) Created trial qbvpY
[2026-05-13 10:51:31] INFO (LocalV3.local) Trial parameter: qbvpY {"parameter_id": 41, "parameter_source": "algorithm", "parameters": {"model_type": "LSTM", "units": 16, "num_layers": 1, "dropout": 0, "activation": "relu", "lr": 0.00031622776601683783, "window_size": 2, "batch_size": 16, "epochs": 20, "kernel_size": 3, "attention_heads": 8}, "parameter_index": 0}
[2026-05-13 10:51:45] INFO (NNIManager) Trial job qbvpY status changed from RUNNING to SUCCEEDED
[2026-05-13 10:51:45] INFO (NNIManager) NNIManager received command from dispatcher: TR, {"parameter_id": 42, "parameter_source": "algorithm", "parameters": {"model_type": "LSTM", "units": 16, "num_layers": 1, "dropout": 0, "activation": "relu", "lr": 0.00031622776601683783, "window_size": 2, "batch_size": 16, "epochs": 20, "kernel_size": 5, "attention_heads": 2}, "parameter_index": 0}
[2026-05-13 10:51:45] INFO (NNIManager) submitTrialJob: form: {
  sequenceId: 42,
  hyperParameters: {
    value: '{"parameter_id": 42, "parameter_source": "algorithm", "parameters": {"model_type": "LSTM", "units": 16, "num_layers": 1, "dropout": 0, "activation": "relu", "lr": 0.00031622776601683783, "window_size": 2, "batch_size": 16, "epochs": 20, "kernel_size": 5, "attention_heads": 2}, "parameter_index": 0}',
    index: 0
  },
  placementConstraint: { type: 'None', gpus: [] }
}
[2026-05-13 10:51:45] INFO (LocalV3.local) Created trial WAxZh
[2026-05-13 10:51:47] INFO (LocalV3.local) Trial parameter: WAxZh {"parameter_id": 42, "parameter_source": "algorithm", "parameters": {"model_type": "LSTM", "units": 16, "num_layers": 1, "dropout": 0, "activation": "relu", "lr": 0.00031622776601683783, "window_size": 2, "batch_size": 16, "epochs": 20, "kernel_size": 5, "attention_heads": 2}, "parameter_index": 0}
[2026-05-13 10:52:00] INFO (NNIManager) Trial job WAxZh status changed from RUNNING to SUCCEEDED
[2026-05-13 10:52:00] INFO (NNIManager) NNIManager received command from dispatcher: TR, {"parameter_id": 43, "parameter_source": "algorithm", "parameters": {"model_type": "LSTM", "units": 16, "num_layers": 1, "dropout": 0, "activation": "relu", "lr": 0.00031622776601683783, "window_size": 2, "batch_size": 16, "epochs": 20, "kernel_size": 5, "attention_heads": 4}, "parameter_index": 0}
[2026-05-13 10:52:01] INFO (NNIManager) submitTrialJob: form: {
  sequenceId: 43,
  hyperParameters: {
    value: '{"parameter_id": 43, "parameter_source": "algorithm", "parameters": {"model_type": "LSTM", "units": 16, "num_layers": 1, "dropout": 0, "activation": "relu", "lr": 0.00031622776601683783, "window_size": 2, "batch_size": 16, "epochs": 20, "kernel_size": 5, "attention_heads": 4}, "parameter_index": 0}',
    index: 0
  },
  placementConstraint: { type: 'None', gpus: [] }
}
[2026-05-13 10:52:01] INFO (LocalV3.local) Created trial DdAyv
[2026-05-13 10:52:03] INFO (LocalV3.local) Trial parameter: DdAyv {"parameter_id": 43, "parameter_source": "algorithm", "parameters": {"model_type": "LSTM", "units": 16, "num_layers": 1, "dropout": 0, "activation": "relu", "lr": 0.00031622776601683783, "window_size": 2, "batch_size": 16, "epochs": 20, "kernel_size": 5, "attention_heads": 4}, "parameter_index": 0}
[2026-05-13 10:52:16] INFO (NNIManager) Trial job DdAyv status changed from RUNNING to SUCCEEDED
[2026-05-13 10:52:16] INFO (NNIManager) NNIManager received command from dispatcher: TR, {"parameter_id": 44, "parameter_source": "algorithm", "parameters": {"model_type": "LSTM", "units": 16, "num_layers": 1, "dropout": 0, "activation": "relu", "lr": 0.00031622776601683783, "window_size": 2, "batch_size": 16, "epochs": 20, "kernel_size": 5, "attention_heads": 8}, "parameter_index": 0}
[2026-05-13 10:52:17] INFO (NNIManager) submitTrialJob: form: {
  sequenceId: 44,
  hyperParameters: {
    value: '{"parameter_id": 44, "parameter_source": "algorithm", "parameters": {"model_type": "LSTM", "units": 16, "num_layers": 1, "dropout": 0, "activation": "relu", "lr": 0.00031622776601683783, "window_size": 2, "batch_size": 16, "epochs": 20, "kernel_size": 5, "attention_heads": 8}, "parameter_index": 0}',
    index: 0
  },
  placementConstraint: { type: 'None', gpus: [] }
}
[2026-05-13 10:52:17] INFO (LocalV3.local) Created trial pFaCC
[2026-05-13 10:52:19] INFO (LocalV3.local) Trial parameter: pFaCC {"parameter_id": 44, "parameter_source": "algorithm", "parameters": {"model_type": "LSTM", "units": 16, "num_layers": 1, "dropout": 0, "activation": "relu", "lr": 0.00031622776601683783, "window_size": 2, "batch_size": 16, "epochs": 20, "kernel_size": 5, "attention_heads": 8}, "parameter_index": 0}
[2026-05-13 10:52:32] INFO (NNIManager) Trial job pFaCC status changed from RUNNING to SUCCEEDED
[2026-05-13 10:52:33] INFO (NNIManager) NNIManager received command from dispatcher: TR, {"parameter_id": 45, "parameter_source": "algorithm", "parameters": {"model_type": "LSTM", "units": 16, "num_layers": 1, "dropout": 0, "activation": "relu", "lr": 0.00031622776601683783, "window_size": 2, "batch_size": 16, "epochs": 20, "kernel_size": 7, "attention_heads": 2}, "parameter_index": 0}
[2026-05-13 10:52:33] INFO (NNIManager) submitTrialJob: form: {
  sequenceId: 45,
  hyperParameters: {
    value: '{"parameter_id": 45, "parameter_source": "algorithm", "parameters": {"model_type": "LSTM", "units": 16, "num_layers": 1, "dropout": 0, "activation": "relu", "lr": 0.00031622776601683783, "window_size": 2, "batch_size": 16, "epochs": 20, "kernel_size": 7, "attention_heads": 2}, "parameter_index": 0}',
    index: 0
  },
  placementConstraint: { type: 'None', gpus: [] }
}
[2026-05-13 10:52:33] INFO (LocalV3.local) Created trial wF4Rd
[2026-05-13 10:52:35] INFO (LocalV3.local) Trial parameter: wF4Rd {"parameter_id": 45, "parameter_source": "algorithm", "parameters": {"model_type": "LSTM", "units": 16, "num_layers": 1, "dropout": 0, "activation": "relu", "lr": 0.00031622776601683783, "window_size": 2, "batch_size": 16, "epochs": 20, "kernel_size": 7, "attention_heads": 2}, "parameter_index": 0}
[2026-05-13 10:52:48] INFO (NNIManager) Trial job wF4Rd status changed from RUNNING to SUCCEEDED
[2026-05-13 10:52:48] INFO (NNIManager) NNIManager received command from dispatcher: TR, {"parameter_id": 46, "parameter_source": "algorithm", "parameters": {"model_type": "LSTM", "units": 16, "num_layers": 1, "dropout": 0, "activation": "relu", "lr": 0.00031622776601683783, "window_size": 2, "batch_size": 16, "epochs": 20, "kernel_size": 7, "attention_heads": 4}, "parameter_index": 0}
[2026-05-13 10:52:49] INFO (NNIManager) submitTrialJob: form: {
  sequenceId: 46,
  hyperParameters: {
    value: '{"parameter_id": 46, "parameter_source": "algorithm", "parameters": {"model_type": "LSTM", "units": 16, "num_layers": 1, "dropout": 0, "activation": "relu", "lr": 0.00031622776601683783, "window_size": 2, "batch_size": 16, "epochs": 20, "kernel_size": 7, "attention_heads": 4}, "parameter_index": 0}',
    index: 0
  },
  placementConstraint: { type: 'None', gpus: [] }
}
[2026-05-13 10:52:49] INFO (LocalV3.local) Created trial aEmVc
[2026-05-13 10:52:50] INFO (LocalV3.local) Trial parameter: aEmVc {"parameter_id": 46, "parameter_source": "algorithm", "parameters": {"model_type": "LSTM", "units": 16, "num_layers": 1, "dropout": 0, "activation": "relu", "lr": 0.00031622776601683783, "window_size": 2, "batch_size": 16, "epochs": 20, "kernel_size": 7, "attention_heads": 4}, "parameter_index": 0}
[2026-05-13 10:53:05] INFO (NNIManager) Trial job aEmVc status changed from RUNNING to SUCCEEDED
[2026-05-13 10:53:05] INFO (NNIManager) NNIManager received command from dispatcher: TR, {"parameter_id": 47, "parameter_source": "algorithm", "parameters": {"model_type": "LSTM", "units": 16, "num_layers": 1, "dropout": 0, "activation": "relu", "lr": 0.00031622776601683783, "window_size": 2, "batch_size": 16, "epochs": 20, "kernel_size": 7, "attention_heads": 8}, "parameter_index": 0}
[2026-05-13 10:53:05] INFO (NNIManager) submitTrialJob: form: {
  sequenceId: 47,
  hyperParameters: {
    value: '{"parameter_id": 47, "parameter_source": "algorithm", "parameters": {"model_type": "LSTM", "units": 16, "num_layers": 1, "dropout": 0, "activation": "relu", "lr": 0.00031622776601683783, "window_size": 2, "batch_size": 16, "epochs": 20, "kernel_size": 7, "attention_heads": 8}, "parameter_index": 0}',
    index: 0
  },
  placementConstraint: { type: 'None', gpus: [] }
}
[2026-05-13 10:53:05] INFO (LocalV3.local) Created trial K1uSr
[2026-05-13 10:53:07] INFO (LocalV3.local) Trial parameter: K1uSr {"parameter_id": 47, "parameter_source": "algorithm", "parameters": {"model_type": "LSTM", "units": 16, "num_layers": 1, "dropout": 0, "activation": "relu", "lr": 0.00031622776601683783, "window_size": 2, "batch_size": 16, "epochs": 20, "kernel_size": 7, "attention_heads": 8}, "parameter_index": 0}
[2026-05-13 10:53:20] INFO (NNIManager) Trial job K1uSr status changed from RUNNING to SUCCEEDED
[2026-05-13 10:53:20] INFO (NNIManager) NNIManager received command from dispatcher: TR, {"parameter_id": 48, "parameter_source": "algorithm", "parameters": {"model_type": "LSTM", "units": 16, "num_layers": 1, "dropout": 0, "activation": "relu", "lr": 0.00031622776601683783, "window_size": 2, "batch_size": 32, "epochs": 5, "kernel_size": 2, "attention_heads": 2}, "parameter_index": 0}
[2026-05-13 10:53:21] INFO (NNIManager) submitTrialJob: form: {
  sequenceId: 48,
  hyperParameters: {
    value: '{"parameter_id": 48, "parameter_source": "algorithm", "parameters": {"model_type": "LSTM", "units": 16, "num_layers": 1, "dropout": 0, "activation": "relu", "lr": 0.00031622776601683783, "window_size": 2, "batch_size": 32, "epochs": 5, "kernel_size": 2, "attention_heads": 2}, "parameter_index": 0}',
    index: 0
  },
  placementConstraint: { type: 'None', gpus: [] }
}
[2026-05-13 10:53:21] INFO (LocalV3.local) Created trial algKu
[2026-05-13 10:53:22] INFO (LocalV3.local) Trial parameter: algKu {"parameter_id": 48, "parameter_source": "algorithm", "parameters": {"model_type": "LSTM", "units": 16, "num_layers": 1, "dropout": 0, "activation": "relu", "lr": 0.00031622776601683783, "window_size": 2, "batch_size": 32, "epochs": 5, "kernel_size": 2, "attention_heads": 2}, "parameter_index": 0}
[2026-05-13 10:53:27] INFO (NNIManager) Trial job algKu status changed from RUNNING to SUCCEEDED
[2026-05-13 10:53:27] INFO (NNIManager) NNIManager received command from dispatcher: TR, {"parameter_id": 49, "parameter_source": "algorithm", "parameters": {"model_type": "LSTM", "units": 16, "num_layers": 1, "dropout": 0, "activation": "relu", "lr": 0.00031622776601683783, "window_size": 2, "batch_size": 32, "epochs": 5, "kernel_size": 2, "attention_heads": 4}, "parameter_index": 0}
[2026-05-13 10:53:28] INFO (NNIManager) submitTrialJob: form: {
  sequenceId: 49,
  hyperParameters: {
    value: '{"parameter_id": 49, "parameter_source": "algorithm", "parameters": {"model_type": "LSTM", "units": 16, "num_layers": 1, "dropout": 0, "activation": "relu", "lr": 0.00031622776601683783, "window_size": 2, "batch_size": 32, "epochs": 5, "kernel_size": 2, "attention_heads": 4}, "parameter_index": 0}',
    index: 0
  },
  placementConstraint: { type: 'None', gpus: [] }
}
[2026-05-13 10:53:28] INFO (LocalV3.local) Created trial Ctz87
[2026-05-13 10:53:29] INFO (LocalV3.local) Trial parameter: Ctz87 {"parameter_id": 49, "parameter_source": "algorithm", "parameters": {"model_type": "LSTM", "units": 16, "num_layers": 1, "dropout": 0, "activation": "relu", "lr": 0.00031622776601683783, "window_size": 2, "batch_size": 32, "epochs": 5, "kernel_size": 2, "attention_heads": 4}, "parameter_index": 0}
[2026-05-13 10:53:34] INFO (NNIManager) Trial job Ctz87 status changed from RUNNING to SUCCEEDED
[2026-05-13 10:53:34] INFO (NNIManager) NNIManager received command from dispatcher: TR, {"parameter_id": 50, "parameter_source": "algorithm", "parameters": {"model_type": "LSTM", "units": 16, "num_layers": 1, "dropout": 0, "activation": "relu", "lr": 0.00031622776601683783, "window_size": 2, "batch_size": 32, "epochs": 5, "kernel_size": 2, "attention_heads": 8}, "parameter_index": 0}
[2026-05-13 10:53:34] INFO (NNIManager) submitTrialJob: form: {
  sequenceId: 50,
  hyperParameters: {
    value: '{"parameter_id": 50, "parameter_source": "algorithm", "parameters": {"model_type": "LSTM", "units": 16, "num_layers": 1, "dropout": 0, "activation": "relu", "lr": 0.00031622776601683783, "window_size": 2, "batch_size": 32, "epochs": 5, "kernel_size": 2, "attention_heads": 8}, "parameter_index": 0}',
    index: 0
  },
  placementConstraint: { type: 'None', gpus: [] }
}
[2026-05-13 10:53:34] INFO (LocalV3.local) Created trial GBMtP
[2026-05-13 10:53:36] INFO (LocalV3.local) Trial parameter: GBMtP {"parameter_id": 50, "parameter_source": "algorithm", "parameters": {"model_type": "LSTM", "units": 16, "num_layers": 1, "dropout": 0, "activation": "relu", "lr": 0.00031622776601683783, "window_size": 2, "batch_size": 32, "epochs": 5, "kernel_size": 2, "attention_heads": 8}, "parameter_index": 0}
[2026-05-13 10:53:40] INFO (NNIManager) Trial job GBMtP status changed from RUNNING to SUCCEEDED
[2026-05-13 10:53:40] INFO (NNIManager) NNIManager received command from dispatcher: TR, {"parameter_id": 51, "parameter_source": "algorithm", "parameters": {"model_type": "LSTM", "units": 16, "num_layers": 1, "dropout": 0, "activation": "relu", "lr": 0.00031622776601683783, "window_size": 2, "batch_size": 32, "epochs": 5, "kernel_size": 3, "attention_heads": 2}, "parameter_index": 0}
[2026-05-13 10:53:41] INFO (NNIManager) submitTrialJob: form: {
  sequenceId: 51,
  hyperParameters: {
    value: '{"parameter_id": 51, "parameter_source": "algorithm", "parameters": {"model_type": "LSTM", "units": 16, "num_layers": 1, "dropout": 0, "activation": "relu", "lr": 0.00031622776601683783, "window_size": 2, "batch_size": 32, "epochs": 5, "kernel_size": 3, "attention_heads": 2}, "parameter_index": 0}',
    index: 0
  },
  placementConstraint: { type: 'None', gpus: [] }
}
[2026-05-13 10:53:41] INFO (LocalV3.local) Created trial Uqu7o
[2026-05-13 10:53:43] INFO (LocalV3.local) Trial parameter: Uqu7o {"parameter_id": 51, "parameter_source": "algorithm", "parameters": {"model_type": "LSTM", "units": 16, "num_layers": 1, "dropout": 0, "activation": "relu", "lr": 0.00031622776601683783, "window_size": 2, "batch_size": 32, "epochs": 5, "kernel_size": 3, "attention_heads": 2}, "parameter_index": 0}
[2026-05-13 10:53:47] INFO (NNIManager) Trial job Uqu7o status changed from RUNNING to SUCCEEDED
[2026-05-13 10:53:47] INFO (NNIManager) NNIManager received command from dispatcher: TR, {"parameter_id": 52, "parameter_source": "algorithm", "parameters": {"model_type": "LSTM", "units": 16, "num_layers": 1, "dropout": 0, "activation": "relu", "lr": 0.00031622776601683783, "window_size": 2, "batch_size": 32, "epochs": 5, "kernel_size": 3, "attention_heads": 4}, "parameter_index": 0}
[2026-05-13 10:53:48] INFO (NNIManager) submitTrialJob: form: {
  sequenceId: 52,
  hyperParameters: {
    value: '{"parameter_id": 52, "parameter_source": "algorithm", "parameters": {"model_type": "LSTM", "units": 16, "num_layers": 1, "dropout": 0, "activation": "relu", "lr": 0.00031622776601683783, "window_size": 2, "batch_size": 32, "epochs": 5, "kernel_size": 3, "attention_heads": 4}, "parameter_index": 0}',
    index: 0
  },
  placementConstraint: { type: 'None', gpus: [] }
}
[2026-05-13 10:53:48] INFO (LocalV3.local) Created trial aH2il
[2026-05-13 10:53:49] INFO (LocalV3.local) Trial parameter: aH2il {"parameter_id": 52, "parameter_source": "algorithm", "parameters": {"model_type": "LSTM", "units": 16, "num_layers": 1, "dropout": 0, "activation": "relu", "lr": 0.00031622776601683783, "window_size": 2, "batch_size": 32, "epochs": 5, "kernel_size": 3, "attention_heads": 4}, "parameter_index": 0}
[2026-05-13 10:53:54] INFO (NNIManager) Trial job aH2il status changed from RUNNING to SUCCEEDED
[2026-05-13 10:53:54] INFO (NNIManager) NNIManager received command from dispatcher: TR, {"parameter_id": 53, "parameter_source": "algorithm", "parameters": {"model_type": "LSTM", "units": 16, "num_layers": 1, "dropout": 0, "activation": "relu", "lr": 0.00031622776601683783, "window_size": 2, "batch_size": 32, "epochs": 5, "kernel_size": 3, "attention_heads": 8}, "parameter_index": 0}
[2026-05-13 10:53:54] INFO (NNIManager) submitTrialJob: form: {
  sequenceId: 53,
  hyperParameters: {
    value: '{"parameter_id": 53, "parameter_source": "algorithm", "parameters": {"model_type": "LSTM", "units": 16, "num_layers": 1, "dropout": 0, "activation": "relu", "lr": 0.00031622776601683783, "window_size": 2, "batch_size": 32, "epochs": 5, "kernel_size": 3, "attention_heads": 8}, "parameter_index": 0}',
    index: 0
  },
  placementConstraint: { type: 'None', gpus: [] }
}
[2026-05-13 10:53:54] INFO (LocalV3.local) Created trial oYIBh
[2026-05-13 10:53:56] INFO (LocalV3.local) Trial parameter: oYIBh {"parameter_id": 53, "parameter_source": "algorithm", "parameters": {"model_type": "LSTM", "units": 16, "num_layers": 1, "dropout": 0, "activation": "relu", "lr": 0.00031622776601683783, "window_size": 2, "batch_size": 32, "epochs": 5, "kernel_size": 3, "attention_heads": 8}, "parameter_index": 0}
[2026-05-13 10:54:00] INFO (NNIManager) Trial job oYIBh status changed from RUNNING to SUCCEEDED
[2026-05-13 10:54:00] INFO (NNIManager) NNIManager received command from dispatcher: TR, {"parameter_id": 54, "parameter_source": "algorithm", "parameters": {"model_type": "LSTM", "units": 16, "num_layers": 1, "dropout": 0, "activation": "relu", "lr": 0.00031622776601683783, "window_size": 2, "batch_size": 32, "epochs": 5, "kernel_size": 5, "attention_heads": 2}, "parameter_index": 0}
[2026-05-13 10:54:01] INFO (NNIManager) submitTrialJob: form: {
  sequenceId: 54,
  hyperParameters: {
    value: '{"parameter_id": 54, "parameter_source": "algorithm", "parameters": {"model_type": "LSTM", "units": 16, "num_layers": 1, "dropout": 0, "activation": "relu", "lr": 0.00031622776601683783, "window_size": 2, "batch_size": 32, "epochs": 5, "kernel_size": 5, "attention_heads": 2}, "parameter_index": 0}',
    index: 0
  },
  placementConstraint: { type: 'None', gpus: [] }
}
[2026-05-13 10:54:01] INFO (LocalV3.local) Created trial FF8qo
[2026-05-13 10:54:03] INFO (LocalV3.local) Trial parameter: FF8qo {"parameter_id": 54, "parameter_source": "algorithm", "parameters": {"model_type": "LSTM", "units": 16, "num_layers": 1, "dropout": 0, "activation": "relu", "lr": 0.00031622776601683783, "window_size": 2, "batch_size": 32, "epochs": 5, "kernel_size": 5, "attention_heads": 2}, "parameter_index": 0}
[2026-05-13 10:54:07] INFO (NNIManager) Trial job FF8qo status changed from RUNNING to SUCCEEDED
[2026-05-13 10:54:07] INFO (NNIManager) NNIManager received command from dispatcher: TR, {"parameter_id": 55, "parameter_source": "algorithm", "parameters": {"model_type": "LSTM", "units": 16, "num_layers": 1, "dropout": 0, "activation": "relu", "lr": 0.00031622776601683783, "window_size": 2, "batch_size": 32, "epochs": 5, "kernel_size": 5, "attention_heads": 4}, "parameter_index": 0}
[2026-05-13 10:54:07] INFO (NNIManager) submitTrialJob: form: {
  sequenceId: 55,
  hyperParameters: {
    value: '{"parameter_id": 55, "parameter_source": "algorithm", "parameters": {"model_type": "LSTM", "units": 16, "num_layers": 1, "dropout": 0, "activation": "relu", "lr": 0.00031622776601683783, "window_size": 2, "batch_size": 32, "epochs": 5, "kernel_size": 5, "attention_heads": 4}, "parameter_index": 0}',
    index: 0
  },
  placementConstraint: { type: 'None', gpus: [] }
}
[2026-05-13 10:54:07] INFO (LocalV3.local) Created trial eh8FI
[2026-05-13 10:54:09] INFO (LocalV3.local) Trial parameter: eh8FI {"parameter_id": 55, "parameter_source": "algorithm", "parameters": {"model_type": "LSTM", "units": 16, "num_layers": 1, "dropout": 0, "activation": "relu", "lr": 0.00031622776601683783, "window_size": 2, "batch_size": 32, "epochs": 5, "kernel_size": 5, "attention_heads": 4}, "parameter_index": 0}
[2026-05-13 10:54:13] INFO (NNIManager) Trial job eh8FI status changed from RUNNING to SUCCEEDED
[2026-05-13 10:54:13] INFO (NNIManager) NNIManager received command from dispatcher: TR, {"parameter_id": 56, "parameter_source": "algorithm", "parameters": {"model_type": "LSTM", "units": 16, "num_layers": 1, "dropout": 0, "activation": "relu", "lr": 0.00031622776601683783, "window_size": 2, "batch_size": 32, "epochs": 5, "kernel_size": 5, "attention_heads": 8}, "parameter_index": 0}
[2026-05-13 10:54:14] INFO (NNIManager) submitTrialJob: form: {
  sequenceId: 56,
  hyperParameters: {
    value: '{"parameter_id": 56, "parameter_source": "algorithm", "parameters": {"model_type": "LSTM", "units": 16, "num_layers": 1, "dropout": 0, "activation": "relu", "lr": 0.00031622776601683783, "window_size": 2, "batch_size": 32, "epochs": 5, "kernel_size": 5, "attention_heads": 8}, "parameter_index": 0}',
    index: 0
  },
  placementConstraint: { type: 'None', gpus: [] }
}
[2026-05-13 10:54:14] INFO (LocalV3.local) Created trial ziXS2
[2026-05-13 10:54:16] INFO (LocalV3.local) Trial parameter: ziXS2 {"parameter_id": 56, "parameter_source": "algorithm", "parameters": {"model_type": "LSTM", "units": 16, "num_layers": 1, "dropout": 0, "activation": "relu", "lr": 0.00031622776601683783, "window_size": 2, "batch_size": 32, "epochs": 5, "kernel_size": 5, "attention_heads": 8}, "parameter_index": 0}
[2026-05-13 10:54:20] INFO (NNIManager) Trial job ziXS2 status changed from RUNNING to SUCCEEDED
[2026-05-13 10:54:20] INFO (NNIManager) NNIManager received command from dispatcher: TR, {"parameter_id": 57, "parameter_source": "algorithm", "parameters": {"model_type": "LSTM", "units": 16, "num_layers": 1, "dropout": 0, "activation": "relu", "lr": 0.00031622776601683783, "window_size": 2, "batch_size": 32, "epochs": 5, "kernel_size": 7, "attention_heads": 2}, "parameter_index": 0}
[2026-05-13 10:54:21] INFO (NNIManager) submitTrialJob: form: {
  sequenceId: 57,
  hyperParameters: {
    value: '{"parameter_id": 57, "parameter_source": "algorithm", "parameters": {"model_type": "LSTM", "units": 16, "num_layers": 1, "dropout": 0, "activation": "relu", "lr": 0.00031622776601683783, "window_size": 2, "batch_size": 32, "epochs": 5, "kernel_size": 7, "attention_heads": 2}, "parameter_index": 0}',
    index: 0
  },
  placementConstraint: { type: 'None', gpus: [] }
}
[2026-05-13 10:54:21] INFO (LocalV3.local) Created trial juX70
[2026-05-13 10:54:23] INFO (LocalV3.local) Trial parameter: juX70 {"parameter_id": 57, "parameter_source": "algorithm", "parameters": {"model_type": "LSTM", "units": 16, "num_layers": 1, "dropout": 0, "activation": "relu", "lr": 0.00031622776601683783, "window_size": 2, "batch_size": 32, "epochs": 5, "kernel_size": 7, "attention_heads": 2}, "parameter_index": 0}
[2026-05-13 10:54:27] INFO (NNIManager) Trial job juX70 status changed from RUNNING to SUCCEEDED
[2026-05-13 10:54:27] INFO (NNIManager) NNIManager received command from dispatcher: TR, {"parameter_id": 58, "parameter_source": "algorithm", "parameters": {"model_type": "LSTM", "units": 16, "num_layers": 1, "dropout": 0, "activation": "relu", "lr": 0.00031622776601683783, "window_size": 2, "batch_size": 32, "epochs": 5, "kernel_size": 7, "attention_heads": 4}, "parameter_index": 0}
[2026-05-13 10:54:27] INFO (NNIManager) submitTrialJob: form: {
  sequenceId: 58,
  hyperParameters: {
    value: '{"parameter_id": 58, "parameter_source": "algorithm", "parameters": {"model_type": "LSTM", "units": 16, "num_layers": 1, "dropout": 0, "activation": "relu", "lr": 0.00031622776601683783, "window_size": 2, "batch_size": 32, "epochs": 5, "kernel_size": 7, "attention_heads": 4}, "parameter_index": 0}',
    index: 0
  },
  placementConstraint: { type: 'None', gpus: [] }
}
[2026-05-13 10:54:27] INFO (LocalV3.local) Created trial DGxOC
[2026-05-13 10:54:29] INFO (LocalV3.local) Trial parameter: DGxOC {"parameter_id": 58, "parameter_source": "algorithm", "parameters": {"model_type": "LSTM", "units": 16, "num_layers": 1, "dropout": 0, "activation": "relu", "lr": 0.00031622776601683783, "window_size": 2, "batch_size": 32, "epochs": 5, "kernel_size": 7, "attention_heads": 4}, "parameter_index": 0}
[2026-05-13 10:54:33] INFO (NNIManager) Trial job DGxOC status changed from RUNNING to SUCCEEDED
[2026-05-13 10:54:33] INFO (NNIManager) NNIManager received command from dispatcher: TR, {"parameter_id": 59, "parameter_source": "algorithm", "parameters": {"model_type": "LSTM", "units": 16, "num_layers": 1, "dropout": 0, "activation": "relu", "lr": 0.00031622776601683783, "window_size": 2, "batch_size": 32, "epochs": 5, "kernel_size": 7, "attention_heads": 8}, "parameter_index": 0}
[2026-05-13 10:54:34] INFO (NNIManager) submitTrialJob: form: {
  sequenceId: 59,
  hyperParameters: {
    value: '{"parameter_id": 59, "parameter_source": "algorithm", "parameters": {"model_type": "LSTM", "units": 16, "num_layers": 1, "dropout": 0, "activation": "relu", "lr": 0.00031622776601683783, "window_size": 2, "batch_size": 32, "epochs": 5, "kernel_size": 7, "attention_heads": 8}, "parameter_index": 0}',
    index: 0
  },
  placementConstraint: { type: 'None', gpus: [] }
}
[2026-05-13 10:54:34] INFO (LocalV3.local) Created trial WyiIN
[2026-05-13 10:54:36] INFO (LocalV3.local) Trial parameter: WyiIN {"parameter_id": 59, "parameter_source": "algorithm", "parameters": {"model_type": "LSTM", "units": 16, "num_layers": 1, "dropout": 0, "activation": "relu", "lr": 0.00031622776601683783, "window_size": 2, "batch_size": 32, "epochs": 5, "kernel_size": 7, "attention_heads": 8}, "parameter_index": 0}
[2026-05-13 10:54:40] INFO (NNIManager) Trial job WyiIN status changed from RUNNING to SUCCEEDED
[2026-05-13 10:54:40] INFO (NNIManager) NNIManager received command from dispatcher: TR, {"parameter_id": 60, "parameter_source": "algorithm", "parameters": {"model_type": "LSTM", "units": 16, "num_layers": 1, "dropout": 0, "activation": "relu", "lr": 0.00031622776601683783, "window_size": 2, "batch_size": 32, "epochs": 10, "kernel_size": 2, "attention_heads": 2}, "parameter_index": 0}
[2026-05-13 10:54:40] INFO (NNIManager) submitTrialJob: form: {
  sequenceId: 60,
  hyperParameters: {
    value: '{"parameter_id": 60, "parameter_source": "algorithm", "parameters": {"model_type": "LSTM", "units": 16, "num_layers": 1, "dropout": 0, "activation": "relu", "lr": 0.00031622776601683783, "window_size": 2, "batch_size": 32, "epochs": 10, "kernel_size": 2, "attention_heads": 2}, "parameter_index": 0}',
    index: 0
  },
  placementConstraint: { type: 'None', gpus: [] }
}
[2026-05-13 10:54:40] INFO (LocalV3.local) Created trial LJFRY
[2026-05-13 10:54:42] INFO (LocalV3.local) Trial parameter: LJFRY {"parameter_id": 60, "parameter_source": "algorithm", "parameters": {"model_type": "LSTM", "units": 16, "num_layers": 1, "dropout": 0, "activation": "relu", "lr": 0.00031622776601683783, "window_size": 2, "batch_size": 32, "epochs": 10, "kernel_size": 2, "attention_heads": 2}, "parameter_index": 0}
[2026-05-13 10:54:48] INFO (NNIManager) Trial job LJFRY status changed from RUNNING to SUCCEEDED
[2026-05-13 10:54:48] INFO (NNIManager) NNIManager received command from dispatcher: TR, {"parameter_id": 61, "parameter_source": "algorithm", "parameters": {"model_type": "LSTM", "units": 16, "num_layers": 1, "dropout": 0, "activation": "relu", "lr": 0.00031622776601683783, "window_size": 2, "batch_size": 32, "epochs": 10, "kernel_size": 2, "attention_heads": 4}, "parameter_index": 0}
[2026-05-13 10:54:48] INFO (NNIManager) submitTrialJob: form: {
  sequenceId: 61,
  hyperParameters: {
    value: '{"parameter_id": 61, "parameter_source": "algorithm", "parameters": {"model_type": "LSTM", "units": 16, "num_layers": 1, "dropout": 0, "activation": "relu", "lr": 0.00031622776601683783, "window_size": 2, "batch_size": 32, "epochs": 10, "kernel_size": 2, "attention_heads": 4}, "parameter_index": 0}',
    index: 0
  },
  placementConstraint: { type: 'None', gpus: [] }
}
[2026-05-13 10:54:48] INFO (LocalV3.local) Created trial hgtFk
[2026-05-13 10:54:50] INFO (LocalV3.local) Trial parameter: hgtFk {"parameter_id": 61, "parameter_source": "algorithm", "parameters": {"model_type": "LSTM", "units": 16, "num_layers": 1, "dropout": 0, "activation": "relu", "lr": 0.00031622776601683783, "window_size": 2, "batch_size": 32, "epochs": 10, "kernel_size": 2, "attention_heads": 4}, "parameter_index": 0}
[2026-05-13 10:54:56] INFO (NNIManager) Trial job hgtFk status changed from RUNNING to SUCCEEDED
[2026-05-13 10:54:56] INFO (NNIManager) NNIManager received command from dispatcher: TR, {"parameter_id": 62, "parameter_source": "algorithm", "parameters": {"model_type": "LSTM", "units": 16, "num_layers": 1, "dropout": 0, "activation": "relu", "lr": 0.00031622776601683783, "window_size": 2, "batch_size": 32, "epochs": 10, "kernel_size": 2, "attention_heads": 8}, "parameter_index": 0}
[2026-05-13 10:54:56] INFO (NNIManager) submitTrialJob: form: {
  sequenceId: 62,
  hyperParameters: {
    value: '{"parameter_id": 62, "parameter_source": "algorithm", "parameters": {"model_type": "LSTM", "units": 16, "num_layers": 1, "dropout": 0, "activation": "relu", "lr": 0.00031622776601683783, "window_size": 2, "batch_size": 32, "epochs": 10, "kernel_size": 2, "attention_heads": 8}, "parameter_index": 0}',
    index: 0
  },
  placementConstraint: { type: 'None', gpus: [] }
}
[2026-05-13 10:54:56] INFO (LocalV3.local) Created trial QlYvJ
[2026-05-13 10:54:58] INFO (LocalV3.local) Trial parameter: QlYvJ {"parameter_id": 62, "parameter_source": "algorithm", "parameters": {"model_type": "LSTM", "units": 16, "num_layers": 1, "dropout": 0, "activation": "relu", "lr": 0.00031622776601683783, "window_size": 2, "batch_size": 32, "epochs": 10, "kernel_size": 2, "attention_heads": 8}, "parameter_index": 0}
[2026-05-13 10:55:04] INFO (NNIManager) Trial job QlYvJ status changed from RUNNING to SUCCEEDED
[2026-05-13 10:55:04] INFO (NNIManager) NNIManager received command from dispatcher: TR, {"parameter_id": 63, "parameter_source": "algorithm", "parameters": {"model_type": "LSTM", "units": 16, "num_layers": 1, "dropout": 0, "activation": "relu", "lr": 0.00031622776601683783, "window_size": 2, "batch_size": 32, "epochs": 10, "kernel_size": 3, "attention_heads": 2}, "parameter_index": 0}
[2026-05-13 10:55:05] INFO (NNIManager) submitTrialJob: form: {
  sequenceId: 63,
  hyperParameters: {
    value: '{"parameter_id": 63, "parameter_source": "algorithm", "parameters": {"model_type": "LSTM", "units": 16, "num_layers": 1, "dropout": 0, "activation": "relu", "lr": 0.00031622776601683783, "window_size": 2, "batch_size": 32, "epochs": 10, "kernel_size": 3, "attention_heads": 2}, "parameter_index": 0}',
    index: 0
  },
  placementConstraint: { type: 'None', gpus: [] }
}
[2026-05-13 10:55:05] INFO (LocalV3.local) Created trial UqnuC
[2026-05-13 10:55:06] INFO (LocalV3.local) Trial parameter: UqnuC {"parameter_id": 63, "parameter_source": "algorithm", "parameters": {"model_type": "LSTM", "units": 16, "num_layers": 1, "dropout": 0, "activation": "relu", "lr": 0.00031622776601683783, "window_size": 2, "batch_size": 32, "epochs": 10, "kernel_size": 3, "attention_heads": 2}, "parameter_index": 0}
[2026-05-13 10:55:12] INFO (NNIManager) Trial job UqnuC status changed from RUNNING to SUCCEEDED
[2026-05-13 10:55:12] INFO (NNIManager) NNIManager received command from dispatcher: TR, {"parameter_id": 64, "parameter_source": "algorithm", "parameters": {"model_type": "LSTM", "units": 16, "num_layers": 1, "dropout": 0, "activation": "relu", "lr": 0.00031622776601683783, "window_size": 2, "batch_size": 32, "epochs": 10, "kernel_size": 3, "attention_heads": 4}, "parameter_index": 0}
[2026-05-13 10:55:13] INFO (NNIManager) submitTrialJob: form: {
  sequenceId: 64,
  hyperParameters: {
    value: '{"parameter_id": 64, "parameter_source": "algorithm", "parameters": {"model_type": "LSTM", "units": 16, "num_layers": 1, "dropout": 0, "activation": "relu", "lr": 0.00031622776601683783, "window_size": 2, "batch_size": 32, "epochs": 10, "kernel_size": 3, "attention_heads": 4}, "parameter_index": 0}',
    index: 0
  },
  placementConstraint: { type: 'None', gpus: [] }
}
[2026-05-13 10:55:13] INFO (LocalV3.local) Created trial Hypeh
[2026-05-13 10:55:14] INFO (LocalV3.local) Trial parameter: Hypeh {"parameter_id": 64, "parameter_source": "algorithm", "parameters": {"model_type": "LSTM", "units": 16, "num_layers": 1, "dropout": 0, "activation": "relu", "lr": 0.00031622776601683783, "window_size": 2, "batch_size": 32, "epochs": 10, "kernel_size": 3, "attention_heads": 4}, "parameter_index": 0}
[2026-05-13 10:55:20] INFO (NNIManager) Trial job Hypeh status changed from RUNNING to SUCCEEDED
[2026-05-13 10:55:20] INFO (NNIManager) NNIManager received command from dispatcher: TR, {"parameter_id": 65, "parameter_source": "algorithm", "parameters": {"model_type": "LSTM", "units": 16, "num_layers": 1, "dropout": 0, "activation": "relu", "lr": 0.00031622776601683783, "window_size": 2, "batch_size": 32, "epochs": 10, "kernel_size": 3, "attention_heads": 8}, "parameter_index": 0}
[2026-05-13 10:55:21] INFO (NNIManager) submitTrialJob: form: {
  sequenceId: 65,
  hyperParameters: {
    value: '{"parameter_id": 65, "parameter_source": "algorithm", "parameters": {"model_type": "LSTM", "units": 16, "num_layers": 1, "dropout": 0, "activation": "relu", "lr": 0.00031622776601683783, "window_size": 2, "batch_size": 32, "epochs": 10, "kernel_size": 3, "attention_heads": 8}, "parameter_index": 0}',
    index: 0
  },
  placementConstraint: { type: 'None', gpus: [] }
}
[2026-05-13 10:55:21] INFO (LocalV3.local) Created trial olzZZ
[2026-05-13 10:55:22] INFO (LocalV3.local) Trial parameter: olzZZ {"parameter_id": 65, "parameter_source": "algorithm", "parameters": {"model_type": "LSTM", "units": 16, "num_layers": 1, "dropout": 0, "activation": "relu", "lr": 0.00031622776601683783, "window_size": 2, "batch_size": 32, "epochs": 10, "kernel_size": 3, "attention_heads": 8}, "parameter_index": 0}
[2026-05-13 10:55:29] INFO (NNIManager) Trial job olzZZ status changed from RUNNING to SUCCEEDED
[2026-05-13 10:55:29] INFO (NNIManager) NNIManager received command from dispatcher: TR, {"parameter_id": 66, "parameter_source": "algorithm", "parameters": {"model_type": "LSTM", "units": 16, "num_layers": 1, "dropout": 0, "activation": "relu", "lr": 0.00031622776601683783, "window_size": 2, "batch_size": 32, "epochs": 10, "kernel_size": 5, "attention_heads": 2}, "parameter_index": 0}
[2026-05-13 10:55:29] INFO (NNIManager) submitTrialJob: form: {
  sequenceId: 66,
  hyperParameters: {
    value: '{"parameter_id": 66, "parameter_source": "algorithm", "parameters": {"model_type": "LSTM", "units": 16, "num_layers": 1, "dropout": 0, "activation": "relu", "lr": 0.00031622776601683783, "window_size": 2, "batch_size": 32, "epochs": 10, "kernel_size": 5, "attention_heads": 2}, "parameter_index": 0}',
    index: 0
  },
  placementConstraint: { type: 'None', gpus: [] }
}
[2026-05-13 10:55:29] INFO (LocalV3.local) Created trial zTcs0
[2026-05-13 10:55:31] INFO (LocalV3.local) Trial parameter: zTcs0 {"parameter_id": 66, "parameter_source": "algorithm", "parameters": {"model_type": "LSTM", "units": 16, "num_layers": 1, "dropout": 0, "activation": "relu", "lr": 0.00031622776601683783, "window_size": 2, "batch_size": 32, "epochs": 10, "kernel_size": 5, "attention_heads": 2}, "parameter_index": 0}
[2026-05-13 10:55:37] INFO (NNIManager) Trial job zTcs0 status changed from RUNNING to SUCCEEDED
[2026-05-13 10:55:37] INFO (NNIManager) NNIManager received command from dispatcher: TR, {"parameter_id": 67, "parameter_source": "algorithm", "parameters": {"model_type": "LSTM", "units": 16, "num_layers": 1, "dropout": 0, "activation": "relu", "lr": 0.00031622776601683783, "window_size": 2, "batch_size": 32, "epochs": 10, "kernel_size": 5, "attention_heads": 4}, "parameter_index": 0}
[2026-05-13 10:55:37] INFO (NNIManager) submitTrialJob: form: {
  sequenceId: 67,
  hyperParameters: {
    value: '{"parameter_id": 67, "parameter_source": "algorithm", "parameters": {"model_type": "LSTM", "units": 16, "num_layers": 1, "dropout": 0, "activation": "relu", "lr": 0.00031622776601683783, "window_size": 2, "batch_size": 32, "epochs": 10, "kernel_size": 5, "attention_heads": 4}, "parameter_index": 0}',
    index: 0
  },
  placementConstraint: { type: 'None', gpus: [] }
}
[2026-05-13 10:55:37] INFO (LocalV3.local) Created trial wYiJ0
[2026-05-13 10:55:39] INFO (LocalV3.local) Trial parameter: wYiJ0 {"parameter_id": 67, "parameter_source": "algorithm", "parameters": {"model_type": "LSTM", "units": 16, "num_layers": 1, "dropout": 0, "activation": "relu", "lr": 0.00031622776601683783, "window_size": 2, "batch_size": 32, "epochs": 10, "kernel_size": 5, "attention_heads": 4}, "parameter_index": 0}
[2026-05-13 10:55:45] INFO (NNIManager) Trial job wYiJ0 status changed from RUNNING to SUCCEEDED
[2026-05-13 10:55:45] INFO (NNIManager) NNIManager received command from dispatcher: TR, {"parameter_id": 68, "parameter_source": "algorithm", "parameters": {"model_type": "LSTM", "units": 16, "num_layers": 1, "dropout": 0, "activation": "relu", "lr": 0.00031622776601683783, "window_size": 2, "batch_size": 32, "epochs": 10, "kernel_size": 5, "attention_heads": 8}, "parameter_index": 0}
[2026-05-13 10:55:45] INFO (NNIManager) submitTrialJob: form: {
  sequenceId: 68,
  hyperParameters: {
    value: '{"parameter_id": 68, "parameter_source": "algorithm", "parameters": {"model_type": "LSTM", "units": 16, "num_layers": 1, "dropout": 0, "activation": "relu", "lr": 0.00031622776601683783, "window_size": 2, "batch_size": 32, "epochs": 10, "kernel_size": 5, "attention_heads": 8}, "parameter_index": 0}',
    index: 0
  },
  placementConstraint: { type: 'None', gpus: [] }
}
[2026-05-13 10:55:45] INFO (LocalV3.local) Created trial h4gcu
[2026-05-13 10:55:47] INFO (LocalV3.local) Trial parameter: h4gcu {"parameter_id": 68, "parameter_source": "algorithm", "parameters": {"model_type": "LSTM", "units": 16, "num_layers": 1, "dropout": 0, "activation": "relu", "lr": 0.00031622776601683783, "window_size": 2, "batch_size": 32, "epochs": 10, "kernel_size": 5, "attention_heads": 8}, "parameter_index": 0}
[2026-05-13 10:55:53] INFO (NNIManager) Trial job h4gcu status changed from RUNNING to SUCCEEDED
[2026-05-13 10:55:53] INFO (NNIManager) NNIManager received command from dispatcher: TR, {"parameter_id": 69, "parameter_source": "algorithm", "parameters": {"model_type": "LSTM", "units": 16, "num_layers": 1, "dropout": 0, "activation": "relu", "lr": 0.00031622776601683783, "window_size": 2, "batch_size": 32, "epochs": 10, "kernel_size": 7, "attention_heads": 2}, "parameter_index": 0}
[2026-05-13 10:55:54] INFO (NNIManager) submitTrialJob: form: {
  sequenceId: 69,
  hyperParameters: {
    value: '{"parameter_id": 69, "parameter_source": "algorithm", "parameters": {"model_type": "LSTM", "units": 16, "num_layers": 1, "dropout": 0, "activation": "relu", "lr": 0.00031622776601683783, "window_size": 2, "batch_size": 32, "epochs": 10, "kernel_size": 7, "attention_heads": 2}, "parameter_index": 0}',
    index: 0
  },
  placementConstraint: { type: 'None', gpus: [] }
}
[2026-05-13 10:55:54] INFO (LocalV3.local) Created trial hr3pn
[2026-05-13 10:55:56] INFO (LocalV3.local) Trial parameter: hr3pn {"parameter_id": 69, "parameter_source": "algorithm", "parameters": {"model_type": "LSTM", "units": 16, "num_layers": 1, "dropout": 0, "activation": "relu", "lr": 0.00031622776601683783, "window_size": 2, "batch_size": 32, "epochs": 10, "kernel_size": 7, "attention_heads": 2}, "parameter_index": 0}
[2026-05-13 10:56:02] INFO (NNIManager) Trial job hr3pn status changed from RUNNING to SUCCEEDED
[2026-05-13 10:56:02] INFO (NNIManager) NNIManager received command from dispatcher: TR, {"parameter_id": 70, "parameter_source": "algorithm", "parameters": {"model_type": "LSTM", "units": 16, "num_layers": 1, "dropout": 0, "activation": "relu", "lr": 0.00031622776601683783, "window_size": 2, "batch_size": 32, "epochs": 10, "kernel_size": 7, "attention_heads": 4}, "parameter_index": 0}
[2026-05-13 10:56:02] INFO (NNIManager) submitTrialJob: form: {
  sequenceId: 70,
  hyperParameters: {
    value: '{"parameter_id": 70, "parameter_source": "algorithm", "parameters": {"model_type": "LSTM", "units": 16, "num_layers": 1, "dropout": 0, "activation": "relu", "lr": 0.00031622776601683783, "window_size": 2, "batch_size": 32, "epochs": 10, "kernel_size": 7, "attention_heads": 4}, "parameter_index": 0}',
    index: 0
  },
  placementConstraint: { type: 'None', gpus: [] }
}
[2026-05-13 10:56:02] INFO (LocalV3.local) Created trial KGDYp
[2026-05-13 10:56:04] INFO (LocalV3.local) Trial parameter: KGDYp {"parameter_id": 70, "parameter_source": "algorithm", "parameters": {"model_type": "LSTM", "units": 16, "num_layers": 1, "dropout": 0, "activation": "relu", "lr": 0.00031622776601683783, "window_size": 2, "batch_size": 32, "epochs": 10, "kernel_size": 7, "attention_heads": 4}, "parameter_index": 0}
[2026-05-13 10:56:10] INFO (NNIManager) Trial job KGDYp status changed from RUNNING to SUCCEEDED
[2026-05-13 10:56:10] INFO (NNIManager) NNIManager received command from dispatcher: TR, {"parameter_id": 71, "parameter_source": "algorithm", "parameters": {"model_type": "LSTM", "units": 16, "num_layers": 1, "dropout": 0, "activation": "relu", "lr": 0.00031622776601683783, "window_size": 2, "batch_size": 32, "epochs": 10, "kernel_size": 7, "attention_heads": 8}, "parameter_index": 0}
[2026-05-13 10:56:10] INFO (NNIManager) submitTrialJob: form: {
  sequenceId: 71,
  hyperParameters: {
    value: '{"parameter_id": 71, "parameter_source": "algorithm", "parameters": {"model_type": "LSTM", "units": 16, "num_layers": 1, "dropout": 0, "activation": "relu", "lr": 0.00031622776601683783, "window_size": 2, "batch_size": 32, "epochs": 10, "kernel_size": 7, "attention_heads": 8}, "parameter_index": 0}',
    index: 0
  },
  placementConstraint: { type: 'None', gpus: [] }
}
[2026-05-13 10:56:10] INFO (LocalV3.local) Created trial bFPzT
[2026-05-13 10:56:12] INFO (LocalV3.local) Trial parameter: bFPzT {"parameter_id": 71, "parameter_source": "algorithm", "parameters": {"model_type": "LSTM", "units": 16, "num_layers": 1, "dropout": 0, "activation": "relu", "lr": 0.00031622776601683783, "window_size": 2, "batch_size": 32, "epochs": 10, "kernel_size": 7, "attention_heads": 8}, "parameter_index": 0}
[2026-05-13 10:56:18] INFO (NNIManager) Trial job bFPzT status changed from RUNNING to SUCCEEDED
[2026-05-13 10:56:18] INFO (NNIManager) NNIManager received command from dispatcher: TR, {"parameter_id": 72, "parameter_source": "algorithm", "parameters": {"model_type": "LSTM", "units": 16, "num_layers": 1, "dropout": 0, "activation": "relu", "lr": 0.00031622776601683783, "window_size": 2, "batch_size": 32, "epochs": 15, "kernel_size": 2, "attention_heads": 2}, "parameter_index": 0}
[2026-05-13 10:56:18] INFO (NNIManager) submitTrialJob: form: {
  sequenceId: 72,
  hyperParameters: {
    value: '{"parameter_id": 72, "parameter_source": "algorithm", "parameters": {"model_type": "LSTM", "units": 16, "num_layers": 1, "dropout": 0, "activation": "relu", "lr": 0.00031622776601683783, "window_size": 2, "batch_size": 32, "epochs": 15, "kernel_size": 2, "attention_heads": 2}, "parameter_index": 0}',
    index: 0
  },
  placementConstraint: { type: 'None', gpus: [] }
}
[2026-05-13 10:56:18] INFO (LocalV3.local) Created trial Ef5nq
[2026-05-13 10:56:20] INFO (LocalV3.local) Trial parameter: Ef5nq {"parameter_id": 72, "parameter_source": "algorithm", "parameters": {"model_type": "LSTM", "units": 16, "num_layers": 1, "dropout": 0, "activation": "relu", "lr": 0.00031622776601683783, "window_size": 2, "batch_size": 32, "epochs": 15, "kernel_size": 2, "attention_heads": 2}, "parameter_index": 0}
[2026-05-13 10:56:28] INFO (NNIManager) Trial job Ef5nq status changed from RUNNING to SUCCEEDED
[2026-05-13 10:56:28] INFO (NNIManager) NNIManager received command from dispatcher: TR, {"parameter_id": 73, "parameter_source": "algorithm", "parameters": {"model_type": "LSTM", "units": 16, "num_layers": 1, "dropout": 0, "activation": "relu", "lr": 0.00031622776601683783, "window_size": 2, "batch_size": 32, "epochs": 15, "kernel_size": 2, "attention_heads": 4}, "parameter_index": 0}
[2026-05-13 10:56:28] INFO (NNIManager) submitTrialJob: form: {
  sequenceId: 73,
  hyperParameters: {
    value: '{"parameter_id": 73, "parameter_source": "algorithm", "parameters": {"model_type": "LSTM", "units": 16, "num_layers": 1, "dropout": 0, "activation": "relu", "lr": 0.00031622776601683783, "window_size": 2, "batch_size": 32, "epochs": 15, "kernel_size": 2, "attention_heads": 4}, "parameter_index": 0}',
    index: 0
  },
  placementConstraint: { type: 'None', gpus: [] }
}
[2026-05-13 10:56:28] INFO (LocalV3.local) Created trial j2AaA
[2026-05-13 10:56:30] INFO (LocalV3.local) Trial parameter: j2AaA {"parameter_id": 73, "parameter_source": "algorithm", "parameters": {"model_type": "LSTM", "units": 16, "num_layers": 1, "dropout": 0, "activation": "relu", "lr": 0.00031622776601683783, "window_size": 2, "batch_size": 32, "epochs": 15, "kernel_size": 2, "attention_heads": 4}, "parameter_index": 0}
[2026-05-13 10:56:38] INFO (NNIManager) Trial job j2AaA status changed from RUNNING to SUCCEEDED
[2026-05-13 10:56:38] INFO (NNIManager) NNIManager received command from dispatcher: TR, {"parameter_id": 74, "parameter_source": "algorithm", "parameters": {"model_type": "LSTM", "units": 16, "num_layers": 1, "dropout": 0, "activation": "relu", "lr": 0.00031622776601683783, "window_size": 2, "batch_size": 32, "epochs": 15, "kernel_size": 2, "attention_heads": 8}, "parameter_index": 0}
[2026-05-13 10:56:38] INFO (NNIManager) submitTrialJob: form: {
  sequenceId: 74,
  hyperParameters: {
    value: '{"parameter_id": 74, "parameter_source": "algorithm", "parameters": {"model_type": "LSTM", "units": 16, "num_layers": 1, "dropout": 0, "activation": "relu", "lr": 0.00031622776601683783, "window_size": 2, "batch_size": 32, "epochs": 15, "kernel_size": 2, "attention_heads": 8}, "parameter_index": 0}',
    index: 0
  },
  placementConstraint: { type: 'None', gpus: [] }
}
[2026-05-13 10:56:38] INFO (LocalV3.local) Created trial UbGzI
[2026-05-13 10:56:40] INFO (LocalV3.local) Trial parameter: UbGzI {"parameter_id": 74, "parameter_source": "algorithm", "parameters": {"model_type": "LSTM", "units": 16, "num_layers": 1, "dropout": 0, "activation": "relu", "lr": 0.00031622776601683783, "window_size": 2, "batch_size": 32, "epochs": 15, "kernel_size": 2, "attention_heads": 8}, "parameter_index": 0}
[2026-05-13 10:56:48] INFO (NNIManager) Trial job UbGzI status changed from RUNNING to SUCCEEDED
[2026-05-13 10:56:48] INFO (NNIManager) NNIManager received command from dispatcher: TR, {"parameter_id": 75, "parameter_source": "algorithm", "parameters": {"model_type": "LSTM", "units": 16, "num_layers": 1, "dropout": 0, "activation": "relu", "lr": 0.00031622776601683783, "window_size": 2, "batch_size": 32, "epochs": 15, "kernel_size": 3, "attention_heads": 2}, "parameter_index": 0}
[2026-05-13 10:56:48] INFO (NNIManager) submitTrialJob: form: {
  sequenceId: 75,
  hyperParameters: {
    value: '{"parameter_id": 75, "parameter_source": "algorithm", "parameters": {"model_type": "LSTM", "units": 16, "num_layers": 1, "dropout": 0, "activation": "relu", "lr": 0.00031622776601683783, "window_size": 2, "batch_size": 32, "epochs": 15, "kernel_size": 3, "attention_heads": 2}, "parameter_index": 0}',
    index: 0
  },
  placementConstraint: { type: 'None', gpus: [] }
}
[2026-05-13 10:56:48] INFO (LocalV3.local) Created trial aNe8c
[2026-05-13 10:56:50] INFO (LocalV3.local) Trial parameter: aNe8c {"parameter_id": 75, "parameter_source": "algorithm", "parameters": {"model_type": "LSTM", "units": 16, "num_layers": 1, "dropout": 0, "activation": "relu", "lr": 0.00031622776601683783, "window_size": 2, "batch_size": 32, "epochs": 15, "kernel_size": 3, "attention_heads": 2}, "parameter_index": 0}
[2026-05-13 10:56:58] INFO (NNIManager) Trial job aNe8c status changed from RUNNING to SUCCEEDED
[2026-05-13 10:56:58] INFO (NNIManager) NNIManager received command from dispatcher: TR, {"parameter_id": 76, "parameter_source": "algorithm", "parameters": {"model_type": "LSTM", "units": 16, "num_layers": 1, "dropout": 0, "activation": "relu", "lr": 0.00031622776601683783, "window_size": 2, "batch_size": 32, "epochs": 15, "kernel_size": 3, "attention_heads": 4}, "parameter_index": 0}
[2026-05-13 10:56:58] INFO (NNIManager) submitTrialJob: form: {
  sequenceId: 76,
  hyperParameters: {
    value: '{"parameter_id": 76, "parameter_source": "algorithm", "parameters": {"model_type": "LSTM", "units": 16, "num_layers": 1, "dropout": 0, "activation": "relu", "lr": 0.00031622776601683783, "window_size": 2, "batch_size": 32, "epochs": 15, "kernel_size": 3, "attention_heads": 4}, "parameter_index": 0}',
    index: 0
  },
  placementConstraint: { type: 'None', gpus: [] }
}
[2026-05-13 10:56:58] INFO (LocalV3.local) Created trial uVZPv
[2026-05-13 10:57:00] INFO (LocalV3.local) Trial parameter: uVZPv {"parameter_id": 76, "parameter_source": "algorithm", "parameters": {"model_type": "LSTM", "units": 16, "num_layers": 1, "dropout": 0, "activation": "relu", "lr": 0.00031622776601683783, "window_size": 2, "batch_size": 32, "epochs": 15, "kernel_size": 3, "attention_heads": 4}, "parameter_index": 0}
[2026-05-13 10:57:08] INFO (NNIManager) Trial job uVZPv status changed from RUNNING to SUCCEEDED
[2026-05-13 10:57:08] INFO (NNIManager) NNIManager received command from dispatcher: TR, {"parameter_id": 77, "parameter_source": "algorithm", "parameters": {"model_type": "LSTM", "units": 16, "num_layers": 1, "dropout": 0, "activation": "relu", "lr": 0.00031622776601683783, "window_size": 2, "batch_size": 32, "epochs": 15, "kernel_size": 3, "attention_heads": 8}, "parameter_index": 0}
[2026-05-13 10:57:08] INFO (NNIManager) submitTrialJob: form: {
  sequenceId: 77,
  hyperParameters: {
    value: '{"parameter_id": 77, "parameter_source": "algorithm", "parameters": {"model_type": "LSTM", "units": 16, "num_layers": 1, "dropout": 0, "activation": "relu", "lr": 0.00031622776601683783, "window_size": 2, "batch_size": 32, "epochs": 15, "kernel_size": 3, "attention_heads": 8}, "parameter_index": 0}',
    index: 0
  },
  placementConstraint: { type: 'None', gpus: [] }
}
[2026-05-13 10:57:08] INFO (LocalV3.local) Created trial pk5CN
[2026-05-13 10:57:10] INFO (LocalV3.local) Trial parameter: pk5CN {"parameter_id": 77, "parameter_source": "algorithm", "parameters": {"model_type": "LSTM", "units": 16, "num_layers": 1, "dropout": 0, "activation": "relu", "lr": 0.00031622776601683783, "window_size": 2, "batch_size": 32, "epochs": 15, "kernel_size": 3, "attention_heads": 8}, "parameter_index": 0}
[2026-05-13 10:57:18] INFO (NNIManager) Trial job pk5CN status changed from RUNNING to SUCCEEDED
[2026-05-13 10:57:18] INFO (NNIManager) NNIManager received command from dispatcher: TR, {"parameter_id": 78, "parameter_source": "algorithm", "parameters": {"model_type": "LSTM", "units": 16, "num_layers": 1, "dropout": 0, "activation": "relu", "lr": 0.00031622776601683783, "window_size": 2, "batch_size": 32, "epochs": 15, "kernel_size": 5, "attention_heads": 2}, "parameter_index": 0}
[2026-05-13 10:57:18] INFO (NNIManager) submitTrialJob: form: {
  sequenceId: 78,
  hyperParameters: {
    value: '{"parameter_id": 78, "parameter_source": "algorithm", "parameters": {"model_type": "LSTM", "units": 16, "num_layers": 1, "dropout": 0, "activation": "relu", "lr": 0.00031622776601683783, "window_size": 2, "batch_size": 32, "epochs": 15, "kernel_size": 5, "attention_heads": 2}, "parameter_index": 0}',
    index: 0
  },
  placementConstraint: { type: 'None', gpus: [] }
}
[2026-05-13 10:57:18] INFO (LocalV3.local) Created trial GUItC
[2026-05-13 10:57:20] INFO (LocalV3.local) Trial parameter: GUItC {"parameter_id": 78, "parameter_source": "algorithm", "parameters": {"model_type": "LSTM", "units": 16, "num_layers": 1, "dropout": 0, "activation": "relu", "lr": 0.00031622776601683783, "window_size": 2, "batch_size": 32, "epochs": 15, "kernel_size": 5, "attention_heads": 2}, "parameter_index": 0}
[2026-05-13 10:57:28] INFO (NNIManager) Trial job GUItC status changed from RUNNING to SUCCEEDED
[2026-05-13 10:57:28] INFO (NNIManager) NNIManager received command from dispatcher: TR, {"parameter_id": 79, "parameter_source": "algorithm", "parameters": {"model_type": "LSTM", "units": 16, "num_layers": 1, "dropout": 0, "activation": "relu", "lr": 0.00031622776601683783, "window_size": 2, "batch_size": 32, "epochs": 15, "kernel_size": 5, "attention_heads": 4}, "parameter_index": 0}
[2026-05-13 10:57:28] INFO (NNIManager) submitTrialJob: form: {
  sequenceId: 79,
  hyperParameters: {
    value: '{"parameter_id": 79, "parameter_source": "algorithm", "parameters": {"model_type": "LSTM", "units": 16, "num_layers": 1, "dropout": 0, "activation": "relu", "lr": 0.00031622776601683783, "window_size": 2, "batch_size": 32, "epochs": 15, "kernel_size": 5, "attention_heads": 4}, "parameter_index": 0}',
    index: 0
  },
  placementConstraint: { type: 'None', gpus: [] }
}
[2026-05-13 10:57:28] INFO (LocalV3.local) Created trial FwLVw
[2026-05-13 10:57:30] INFO (LocalV3.local) Trial parameter: FwLVw {"parameter_id": 79, "parameter_source": "algorithm", "parameters": {"model_type": "LSTM", "units": 16, "num_layers": 1, "dropout": 0, "activation": "relu", "lr": 0.00031622776601683783, "window_size": 2, "batch_size": 32, "epochs": 15, "kernel_size": 5, "attention_heads": 4}, "parameter_index": 0}
[2026-05-13 10:57:38] INFO (NNIManager) Trial job FwLVw status changed from RUNNING to SUCCEEDED
[2026-05-13 10:57:38] INFO (NNIManager) NNIManager received command from dispatcher: TR, {"parameter_id": 80, "parameter_source": "algorithm", "parameters": {"model_type": "LSTM", "units": 16, "num_layers": 1, "dropout": 0, "activation": "relu", "lr": 0.00031622776601683783, "window_size": 2, "batch_size": 32, "epochs": 15, "kernel_size": 5, "attention_heads": 8}, "parameter_index": 0}
[2026-05-13 10:57:38] INFO (NNIManager) submitTrialJob: form: {
  sequenceId: 80,
  hyperParameters: {
    value: '{"parameter_id": 80, "parameter_source": "algorithm", "parameters": {"model_type": "LSTM", "units": 16, "num_layers": 1, "dropout": 0, "activation": "relu", "lr": 0.00031622776601683783, "window_size": 2, "batch_size": 32, "epochs": 15, "kernel_size": 5, "attention_heads": 8}, "parameter_index": 0}',
    index: 0
  },
  placementConstraint: { type: 'None', gpus: [] }
}
[2026-05-13 10:57:38] INFO (LocalV3.local) Created trial H1Axf
[2026-05-13 10:57:40] INFO (LocalV3.local) Trial parameter: H1Axf {"parameter_id": 80, "parameter_source": "algorithm", "parameters": {"model_type": "LSTM", "units": 16, "num_layers": 1, "dropout": 0, "activation": "relu", "lr": 0.00031622776601683783, "window_size": 2, "batch_size": 32, "epochs": 15, "kernel_size": 5, "attention_heads": 8}, "parameter_index": 0}
[2026-05-13 10:57:47] INFO (NNIManager) Trial job H1Axf status changed from RUNNING to SUCCEEDED
[2026-05-13 10:57:47] INFO (NNIManager) NNIManager received command from dispatcher: TR, {"parameter_id": 81, "parameter_source": "algorithm", "parameters": {"model_type": "LSTM", "units": 16, "num_layers": 1, "dropout": 0, "activation": "relu", "lr": 0.00031622776601683783, "window_size": 2, "batch_size": 32, "epochs": 15, "kernel_size": 7, "attention_heads": 2}, "parameter_index": 0}
[2026-05-13 10:57:48] INFO (NNIManager) submitTrialJob: form: {
  sequenceId: 81,
  hyperParameters: {
    value: '{"parameter_id": 81, "parameter_source": "algorithm", "parameters": {"model_type": "LSTM", "units": 16, "num_layers": 1, "dropout": 0, "activation": "relu", "lr": 0.00031622776601683783, "window_size": 2, "batch_size": 32, "epochs": 15, "kernel_size": 7, "attention_heads": 2}, "parameter_index": 0}',
    index: 0
  },
  placementConstraint: { type: 'None', gpus: [] }
}
[2026-05-13 10:57:48] INFO (LocalV3.local) Created trial QTYIi
[2026-05-13 10:57:49] INFO (LocalV3.local) Trial parameter: QTYIi {"parameter_id": 81, "parameter_source": "algorithm", "parameters": {"model_type": "LSTM", "units": 16, "num_layers": 1, "dropout": 0, "activation": "relu", "lr": 0.00031622776601683783, "window_size": 2, "batch_size": 32, "epochs": 15, "kernel_size": 7, "attention_heads": 2}, "parameter_index": 0}
[2026-05-13 10:57:57] INFO (NNIManager) Trial job QTYIi status changed from RUNNING to SUCCEEDED
[2026-05-13 10:57:57] INFO (NNIManager) NNIManager received command from dispatcher: TR, {"parameter_id": 82, "parameter_source": "algorithm", "parameters": {"model_type": "LSTM", "units": 16, "num_layers": 1, "dropout": 0, "activation": "relu", "lr": 0.00031622776601683783, "window_size": 2, "batch_size": 32, "epochs": 15, "kernel_size": 7, "attention_heads": 4}, "parameter_index": 0}
[2026-05-13 10:57:57] INFO (NNIManager) submitTrialJob: form: {
  sequenceId: 82,
  hyperParameters: {
    value: '{"parameter_id": 82, "parameter_source": "algorithm", "parameters": {"model_type": "LSTM", "units": 16, "num_layers": 1, "dropout": 0, "activation": "relu", "lr": 0.00031622776601683783, "window_size": 2, "batch_size": 32, "epochs": 15, "kernel_size": 7, "attention_heads": 4}, "parameter_index": 0}',
    index: 0
  },
  placementConstraint: { type: 'None', gpus: [] }
}
[2026-05-13 10:57:57] INFO (LocalV3.local) Created trial KspVl
[2026-05-13 10:57:59] INFO (LocalV3.local) Trial parameter: KspVl {"parameter_id": 82, "parameter_source": "algorithm", "parameters": {"model_type": "LSTM", "units": 16, "num_layers": 1, "dropout": 0, "activation": "relu", "lr": 0.00031622776601683783, "window_size": 2, "batch_size": 32, "epochs": 15, "kernel_size": 7, "attention_heads": 4}, "parameter_index": 0}
[2026-05-13 10:58:07] INFO (NNIManager) Trial job KspVl status changed from RUNNING to SUCCEEDED
[2026-05-13 10:58:07] INFO (NNIManager) NNIManager received command from dispatcher: TR, {"parameter_id": 83, "parameter_source": "algorithm", "parameters": {"model_type": "LSTM", "units": 16, "num_layers": 1, "dropout": 0, "activation": "relu", "lr": 0.00031622776601683783, "window_size": 2, "batch_size": 32, "epochs": 15, "kernel_size": 7, "attention_heads": 8}, "parameter_index": 0}
[2026-05-13 10:58:07] INFO (NNIManager) submitTrialJob: form: {
  sequenceId: 83,
  hyperParameters: {
    value: '{"parameter_id": 83, "parameter_source": "algorithm", "parameters": {"model_type": "LSTM", "units": 16, "num_layers": 1, "dropout": 0, "activation": "relu", "lr": 0.00031622776601683783, "window_size": 2, "batch_size": 32, "epochs": 15, "kernel_size": 7, "attention_heads": 8}, "parameter_index": 0}',
    index: 0
  },
  placementConstraint: { type: 'None', gpus: [] }
}
[2026-05-13 10:58:07] INFO (LocalV3.local) Created trial qxyvK
[2026-05-13 10:58:09] INFO (LocalV3.local) Trial parameter: qxyvK {"parameter_id": 83, "parameter_source": "algorithm", "parameters": {"model_type": "LSTM", "units": 16, "num_layers": 1, "dropout": 0, "activation": "relu", "lr": 0.00031622776601683783, "window_size": 2, "batch_size": 32, "epochs": 15, "kernel_size": 7, "attention_heads": 8}, "parameter_index": 0}
[2026-05-13 10:58:16] INFO (NNIManager) Trial job qxyvK status changed from RUNNING to SUCCEEDED
[2026-05-13 10:58:16] INFO (NNIManager) NNIManager received command from dispatcher: TR, {"parameter_id": 84, "parameter_source": "algorithm", "parameters": {"model_type": "LSTM", "units": 16, "num_layers": 1, "dropout": 0, "activation": "relu", "lr": 0.00031622776601683783, "window_size": 2, "batch_size": 32, "epochs": 20, "kernel_size": 2, "attention_heads": 2}, "parameter_index": 0}
[2026-05-13 10:58:17] INFO (NNIManager) submitTrialJob: form: {
  sequenceId: 84,
  hyperParameters: {
    value: '{"parameter_id": 84, "parameter_source": "algorithm", "parameters": {"model_type": "LSTM", "units": 16, "num_layers": 1, "dropout": 0, "activation": "relu", "lr": 0.00031622776601683783, "window_size": 2, "batch_size": 32, "epochs": 20, "kernel_size": 2, "attention_heads": 2}, "parameter_index": 0}',
    index: 0
  },
  placementConstraint: { type: 'None', gpus: [] }
}
[2026-05-13 10:58:17] INFO (LocalV3.local) Created trial jRBx2
[2026-05-13 10:58:18] INFO (LocalV3.local) Trial parameter: jRBx2 {"parameter_id": 84, "parameter_source": "algorithm", "parameters": {"model_type": "LSTM", "units": 16, "num_layers": 1, "dropout": 0, "activation": "relu", "lr": 0.00031622776601683783, "window_size": 2, "batch_size": 32, "epochs": 20, "kernel_size": 2, "attention_heads": 2}, "parameter_index": 0}
[2026-05-13 10:58:28] INFO (NNIManager) Trial job jRBx2 status changed from RUNNING to SUCCEEDED
[2026-05-13 10:58:28] INFO (NNIManager) NNIManager received command from dispatcher: TR, {"parameter_id": 85, "parameter_source": "algorithm", "parameters": {"model_type": "LSTM", "units": 16, "num_layers": 1, "dropout": 0, "activation": "relu", "lr": 0.00031622776601683783, "window_size": 2, "batch_size": 32, "epochs": 20, "kernel_size": 2, "attention_heads": 4}, "parameter_index": 0}
[2026-05-13 10:58:28] INFO (NNIManager) submitTrialJob: form: {
  sequenceId: 85,
  hyperParameters: {
    value: '{"parameter_id": 85, "parameter_source": "algorithm", "parameters": {"model_type": "LSTM", "units": 16, "num_layers": 1, "dropout": 0, "activation": "relu", "lr": 0.00031622776601683783, "window_size": 2, "batch_size": 32, "epochs": 20, "kernel_size": 2, "attention_heads": 4}, "parameter_index": 0}',
    index: 0
  },
  placementConstraint: { type: 'None', gpus: [] }
}
[2026-05-13 10:58:28] INFO (LocalV3.local) Created trial NYAFj
[2026-05-13 10:58:30] INFO (LocalV3.local) Trial parameter: NYAFj {"parameter_id": 85, "parameter_source": "algorithm", "parameters": {"model_type": "LSTM", "units": 16, "num_layers": 1, "dropout": 0, "activation": "relu", "lr": 0.00031622776601683783, "window_size": 2, "batch_size": 32, "epochs": 20, "kernel_size": 2, "attention_heads": 4}, "parameter_index": 0}
[2026-05-13 10:58:39] INFO (NNIManager) Trial job NYAFj status changed from RUNNING to SUCCEEDED
[2026-05-13 10:58:39] INFO (NNIManager) NNIManager received command from dispatcher: TR, {"parameter_id": 86, "parameter_source": "algorithm", "parameters": {"model_type": "LSTM", "units": 16, "num_layers": 1, "dropout": 0, "activation": "relu", "lr": 0.00031622776601683783, "window_size": 2, "batch_size": 32, "epochs": 20, "kernel_size": 2, "attention_heads": 8}, "parameter_index": 0}
[2026-05-13 10:58:40] INFO (NNIManager) submitTrialJob: form: {
  sequenceId: 86,
  hyperParameters: {
    value: '{"parameter_id": 86, "parameter_source": "algorithm", "parameters": {"model_type": "LSTM", "units": 16, "num_layers": 1, "dropout": 0, "activation": "relu", "lr": 0.00031622776601683783, "window_size": 2, "batch_size": 32, "epochs": 20, "kernel_size": 2, "attention_heads": 8}, "parameter_index": 0}',
    index: 0
  },
  placementConstraint: { type: 'None', gpus: [] }
}
[2026-05-13 10:58:40] INFO (LocalV3.local) Created trial sPKwb
[2026-05-13 10:58:41] INFO (LocalV3.local) Trial parameter: sPKwb {"parameter_id": 86, "parameter_source": "algorithm", "parameters": {"model_type": "LSTM", "units": 16, "num_layers": 1, "dropout": 0, "activation": "relu", "lr": 0.00031622776601683783, "window_size": 2, "batch_size": 32, "epochs": 20, "kernel_size": 2, "attention_heads": 8}, "parameter_index": 0}
[2026-05-13 10:58:51] INFO (NNIManager) Trial job sPKwb status changed from RUNNING to SUCCEEDED
[2026-05-13 10:58:51] INFO (NNIManager) NNIManager received command from dispatcher: TR, {"parameter_id": 87, "parameter_source": "algorithm", "parameters": {"model_type": "LSTM", "units": 16, "num_layers": 1, "dropout": 0, "activation": "relu", "lr": 0.00031622776601683783, "window_size": 2, "batch_size": 32, "epochs": 20, "kernel_size": 3, "attention_heads": 2}, "parameter_index": 0}
[2026-05-13 10:58:51] INFO (NNIManager) submitTrialJob: form: {
  sequenceId: 87,
  hyperParameters: {
    value: '{"parameter_id": 87, "parameter_source": "algorithm", "parameters": {"model_type": "LSTM", "units": 16, "num_layers": 1, "dropout": 0, "activation": "relu", "lr": 0.00031622776601683783, "window_size": 2, "batch_size": 32, "epochs": 20, "kernel_size": 3, "attention_heads": 2}, "parameter_index": 0}',
    index: 0
  },
  placementConstraint: { type: 'None', gpus: [] }
}
[2026-05-13 10:58:51] INFO (LocalV3.local) Created trial axV27
[2026-05-13 10:58:53] INFO (LocalV3.local) Trial parameter: axV27 {"parameter_id": 87, "parameter_source": "algorithm", "parameters": {"model_type": "LSTM", "units": 16, "num_layers": 1, "dropout": 0, "activation": "relu", "lr": 0.00031622776601683783, "window_size": 2, "batch_size": 32, "epochs": 20, "kernel_size": 3, "attention_heads": 2}, "parameter_index": 0}
[2026-05-13 10:59:02] INFO (NNIManager) Trial job axV27 status changed from RUNNING to SUCCEEDED
[2026-05-13 10:59:02] INFO (NNIManager) NNIManager received command from dispatcher: TR, {"parameter_id": 88, "parameter_source": "algorithm", "parameters": {"model_type": "LSTM", "units": 16, "num_layers": 1, "dropout": 0, "activation": "relu", "lr": 0.00031622776601683783, "window_size": 2, "batch_size": 32, "epochs": 20, "kernel_size": 3, "attention_heads": 4}, "parameter_index": 0}
[2026-05-13 10:59:03] INFO (NNIManager) submitTrialJob: form: {
  sequenceId: 88,
  hyperParameters: {
    value: '{"parameter_id": 88, "parameter_source": "algorithm", "parameters": {"model_type": "LSTM", "units": 16, "num_layers": 1, "dropout": 0, "activation": "relu", "lr": 0.00031622776601683783, "window_size": 2, "batch_size": 32, "epochs": 20, "kernel_size": 3, "attention_heads": 4}, "parameter_index": 0}',
    index: 0
  },
  placementConstraint: { type: 'None', gpus: [] }
}
[2026-05-13 10:59:03] INFO (LocalV3.local) Created trial rXQ6a
[2026-05-13 10:59:05] INFO (LocalV3.local) Trial parameter: rXQ6a {"parameter_id": 88, "parameter_source": "algorithm", "parameters": {"model_type": "LSTM", "units": 16, "num_layers": 1, "dropout": 0, "activation": "relu", "lr": 0.00031622776601683783, "window_size": 2, "batch_size": 32, "epochs": 20, "kernel_size": 3, "attention_heads": 4}, "parameter_index": 0}
[2026-05-13 10:59:14] INFO (NNIManager) Trial job rXQ6a status changed from RUNNING to SUCCEEDED
[2026-05-13 10:59:14] INFO (NNIManager) NNIManager received command from dispatcher: TR, {"parameter_id": 89, "parameter_source": "algorithm", "parameters": {"model_type": "LSTM", "units": 16, "num_layers": 1, "dropout": 0, "activation": "relu", "lr": 0.00031622776601683783, "window_size": 2, "batch_size": 32, "epochs": 20, "kernel_size": 3, "attention_heads": 8}, "parameter_index": 0}
[2026-05-13 10:59:14] INFO (NNIManager) submitTrialJob: form: {
  sequenceId: 89,
  hyperParameters: {
    value: '{"parameter_id": 89, "parameter_source": "algorithm", "parameters": {"model_type": "LSTM", "units": 16, "num_layers": 1, "dropout": 0, "activation": "relu", "lr": 0.00031622776601683783, "window_size": 2, "batch_size": 32, "epochs": 20, "kernel_size": 3, "attention_heads": 8}, "parameter_index": 0}',
    index: 0
  },
  placementConstraint: { type: 'None', gpus: [] }
}
[2026-05-13 10:59:14] INFO (LocalV3.local) Created trial JLzg4
[2026-05-13 10:59:16] INFO (LocalV3.local) Trial parameter: JLzg4 {"parameter_id": 89, "parameter_source": "algorithm", "parameters": {"model_type": "LSTM", "units": 16, "num_layers": 1, "dropout": 0, "activation": "relu", "lr": 0.00031622776601683783, "window_size": 2, "batch_size": 32, "epochs": 20, "kernel_size": 3, "attention_heads": 8}, "parameter_index": 0}
[2026-05-13 10:59:25] INFO (NNIManager) Trial job JLzg4 status changed from RUNNING to SUCCEEDED
[2026-05-13 10:59:25] INFO (NNIManager) NNIManager received command from dispatcher: TR, {"parameter_id": 90, "parameter_source": "algorithm", "parameters": {"model_type": "LSTM", "units": 16, "num_layers": 1, "dropout": 0, "activation": "relu", "lr": 0.00031622776601683783, "window_size": 2, "batch_size": 32, "epochs": 20, "kernel_size": 5, "attention_heads": 2}, "parameter_index": 0}
[2026-05-13 10:59:26] INFO (NNIManager) submitTrialJob: form: {
  sequenceId: 90,
  hyperParameters: {
    value: '{"parameter_id": 90, "parameter_source": "algorithm", "parameters": {"model_type": "LSTM", "units": 16, "num_layers": 1, "dropout": 0, "activation": "relu", "lr": 0.00031622776601683783, "window_size": 2, "batch_size": 32, "epochs": 20, "kernel_size": 5, "attention_heads": 2}, "parameter_index": 0}',
    index: 0
  },
  placementConstraint: { type: 'None', gpus: [] }
}
[2026-05-13 10:59:26] INFO (LocalV3.local) Created trial aBBDe
[2026-05-13 10:59:28] INFO (LocalV3.local) Trial parameter: aBBDe {"parameter_id": 90, "parameter_source": "algorithm", "parameters": {"model_type": "LSTM", "units": 16, "num_layers": 1, "dropout": 0, "activation": "relu", "lr": 0.00031622776601683783, "window_size": 2, "batch_size": 32, "epochs": 20, "kernel_size": 5, "attention_heads": 2}, "parameter_index": 0}
[2026-05-13 10:59:37] INFO (NNIManager) Trial job aBBDe status changed from RUNNING to SUCCEEDED
[2026-05-13 10:59:37] INFO (NNIManager) NNIManager received command from dispatcher: TR, {"parameter_id": 91, "parameter_source": "algorithm", "parameters": {"model_type": "LSTM", "units": 16, "num_layers": 1, "dropout": 0, "activation": "relu", "lr": 0.00031622776601683783, "window_size": 2, "batch_size": 32, "epochs": 20, "kernel_size": 5, "attention_heads": 4}, "parameter_index": 0}
[2026-05-13 10:59:37] INFO (NNIManager) submitTrialJob: form: {
  sequenceId: 91,
  hyperParameters: {
    value: '{"parameter_id": 91, "parameter_source": "algorithm", "parameters": {"model_type": "LSTM", "units": 16, "num_layers": 1, "dropout": 0, "activation": "relu", "lr": 0.00031622776601683783, "window_size": 2, "batch_size": 32, "epochs": 20, "kernel_size": 5, "attention_heads": 4}, "parameter_index": 0}',
    index: 0
  },
  placementConstraint: { type: 'None', gpus: [] }
}
[2026-05-13 10:59:37] INFO (LocalV3.local) Created trial xGeSP
[2026-05-13 10:59:39] INFO (LocalV3.local) Trial parameter: xGeSP {"parameter_id": 91, "parameter_source": "algorithm", "parameters": {"model_type": "LSTM", "units": 16, "num_layers": 1, "dropout": 0, "activation": "relu", "lr": 0.00031622776601683783, "window_size": 2, "batch_size": 32, "epochs": 20, "kernel_size": 5, "attention_heads": 4}, "parameter_index": 0}
[2026-05-13 10:59:48] INFO (NNIManager) Trial job xGeSP status changed from RUNNING to SUCCEEDED
[2026-05-13 10:59:48] INFO (NNIManager) NNIManager received command from dispatcher: TR, {"parameter_id": 92, "parameter_source": "algorithm", "parameters": {"model_type": "LSTM", "units": 16, "num_layers": 1, "dropout": 0, "activation": "relu", "lr": 0.00031622776601683783, "window_size": 2, "batch_size": 32, "epochs": 20, "kernel_size": 5, "attention_heads": 8}, "parameter_index": 0}
[2026-05-13 10:59:48] INFO (NNIManager) submitTrialJob: form: {
  sequenceId: 92,
  hyperParameters: {
    value: '{"parameter_id": 92, "parameter_source": "algorithm", "parameters": {"model_type": "LSTM", "units": 16, "num_layers": 1, "dropout": 0, "activation": "relu", "lr": 0.00031622776601683783, "window_size": 2, "batch_size": 32, "epochs": 20, "kernel_size": 5, "attention_heads": 8}, "parameter_index": 0}',
    index: 0
  },
  placementConstraint: { type: 'None', gpus: [] }
}
[2026-05-13 10:59:48] INFO (LocalV3.local) Created trial AhlCn
[2026-05-13 10:59:50] INFO (LocalV3.local) Trial parameter: AhlCn {"parameter_id": 92, "parameter_source": "algorithm", "parameters": {"model_type": "LSTM", "units": 16, "num_layers": 1, "dropout": 0, "activation": "relu", "lr": 0.00031622776601683783, "window_size": 2, "batch_size": 32, "epochs": 20, "kernel_size": 5, "attention_heads": 8}, "parameter_index": 0}
[2026-05-13 10:59:59] INFO (NNIManager) Trial job AhlCn status changed from RUNNING to SUCCEEDED
[2026-05-13 10:59:59] INFO (NNIManager) NNIManager received command from dispatcher: TR, {"parameter_id": 93, "parameter_source": "algorithm", "parameters": {"model_type": "LSTM", "units": 16, "num_layers": 1, "dropout": 0, "activation": "relu", "lr": 0.00031622776601683783, "window_size": 2, "batch_size": 32, "epochs": 20, "kernel_size": 7, "attention_heads": 2}, "parameter_index": 0}
[2026-05-13 11:00:00] INFO (NNIManager) submitTrialJob: form: {
  sequenceId: 93,
  hyperParameters: {
    value: '{"parameter_id": 93, "parameter_source": "algorithm", "parameters": {"model_type": "LSTM", "units": 16, "num_layers": 1, "dropout": 0, "activation": "relu", "lr": 0.00031622776601683783, "window_size": 2, "batch_size": 32, "epochs": 20, "kernel_size": 7, "attention_heads": 2}, "parameter_index": 0}',
    index: 0
  },
  placementConstraint: { type: 'None', gpus: [] }
}
[2026-05-13 11:00:00] INFO (LocalV3.local) Created trial nAL0E
[2026-05-13 11:00:02] INFO (LocalV3.local) Trial parameter: nAL0E {"parameter_id": 93, "parameter_source": "algorithm", "parameters": {"model_type": "LSTM", "units": 16, "num_layers": 1, "dropout": 0, "activation": "relu", "lr": 0.00031622776601683783, "window_size": 2, "batch_size": 32, "epochs": 20, "kernel_size": 7, "attention_heads": 2}, "parameter_index": 0}
[2026-05-13 11:00:11] INFO (NNIManager) Trial job nAL0E status changed from RUNNING to SUCCEEDED
[2026-05-13 11:00:11] INFO (NNIManager) NNIManager received command from dispatcher: TR, {"parameter_id": 94, "parameter_source": "algorithm", "parameters": {"model_type": "LSTM", "units": 16, "num_layers": 1, "dropout": 0, "activation": "relu", "lr": 0.00031622776601683783, "window_size": 2, "batch_size": 32, "epochs": 20, "kernel_size": 7, "attention_heads": 4}, "parameter_index": 0}
[2026-05-13 11:00:11] INFO (NNIManager) submitTrialJob: form: {
  sequenceId: 94,
  hyperParameters: {
    value: '{"parameter_id": 94, "parameter_source": "algorithm", "parameters": {"model_type": "LSTM", "units": 16, "num_layers": 1, "dropout": 0, "activation": "relu", "lr": 0.00031622776601683783, "window_size": 2, "batch_size": 32, "epochs": 20, "kernel_size": 7, "attention_heads": 4}, "parameter_index": 0}',
    index: 0
  },
  placementConstraint: { type: 'None', gpus: [] }
}
[2026-05-13 11:00:11] INFO (LocalV3.local) Created trial Yg25m
[2026-05-13 11:00:14] INFO (LocalV3.local) Trial parameter: Yg25m {"parameter_id": 94, "parameter_source": "algorithm", "parameters": {"model_type": "LSTM", "units": 16, "num_layers": 1, "dropout": 0, "activation": "relu", "lr": 0.00031622776601683783, "window_size": 2, "batch_size": 32, "epochs": 20, "kernel_size": 7, "attention_heads": 4}, "parameter_index": 0}
[2026-05-13 11:00:22] INFO (NNIManager) Trial job Yg25m status changed from RUNNING to SUCCEEDED
[2026-05-13 11:00:22] INFO (NNIManager) NNIManager received command from dispatcher: TR, {"parameter_id": 95, "parameter_source": "algorithm", "parameters": {"model_type": "LSTM", "units": 16, "num_layers": 1, "dropout": 0, "activation": "relu", "lr": 0.00031622776601683783, "window_size": 2, "batch_size": 32, "epochs": 20, "kernel_size": 7, "attention_heads": 8}, "parameter_index": 0}
[2026-05-13 11:00:23] INFO (NNIManager) submitTrialJob: form: {
  sequenceId: 95,
  hyperParameters: {
    value: '{"parameter_id": 95, "parameter_source": "algorithm", "parameters": {"model_type": "LSTM", "units": 16, "num_layers": 1, "dropout": 0, "activation": "relu", "lr": 0.00031622776601683783, "window_size": 2, "batch_size": 32, "epochs": 20, "kernel_size": 7, "attention_heads": 8}, "parameter_index": 0}',
    index: 0
  },
  placementConstraint: { type: 'None', gpus: [] }
}
[2026-05-13 11:00:23] INFO (LocalV3.local) Created trial Kl4NE
[2026-05-13 11:00:25] INFO (LocalV3.local) Trial parameter: Kl4NE {"parameter_id": 95, "parameter_source": "algorithm", "parameters": {"model_type": "LSTM", "units": 16, "num_layers": 1, "dropout": 0, "activation": "relu", "lr": 0.00031622776601683783, "window_size": 2, "batch_size": 32, "epochs": 20, "kernel_size": 7, "attention_heads": 8}, "parameter_index": 0}
[2026-05-13 11:00:34] INFO (NNIManager) Trial job Kl4NE status changed from RUNNING to SUCCEEDED
[2026-05-13 11:00:34] INFO (NNIManager) NNIManager received command from dispatcher: TR, {"parameter_id": 96, "parameter_source": "algorithm", "parameters": {"model_type": "LSTM", "units": 16, "num_layers": 1, "dropout": 0, "activation": "relu", "lr": 0.00031622776601683783, "window_size": 2, "batch_size": 64, "epochs": 5, "kernel_size": 2, "attention_heads": 2}, "parameter_index": 0}
[2026-05-13 11:00:34] INFO (NNIManager) submitTrialJob: form: {
  sequenceId: 96,
  hyperParameters: {
    value: '{"parameter_id": 96, "parameter_source": "algorithm", "parameters": {"model_type": "LSTM", "units": 16, "num_layers": 1, "dropout": 0, "activation": "relu", "lr": 0.00031622776601683783, "window_size": 2, "batch_size": 64, "epochs": 5, "kernel_size": 2, "attention_heads": 2}, "parameter_index": 0}',
    index: 0
  },
  placementConstraint: { type: 'None', gpus: [] }
}
[2026-05-13 11:00:34] INFO (LocalV3.local) Created trial BKDpi
[2026-05-13 11:00:36] INFO (LocalV3.local) Trial parameter: BKDpi {"parameter_id": 96, "parameter_source": "algorithm", "parameters": {"model_type": "LSTM", "units": 16, "num_layers": 1, "dropout": 0, "activation": "relu", "lr": 0.00031622776601683783, "window_size": 2, "batch_size": 64, "epochs": 5, "kernel_size": 2, "attention_heads": 2}, "parameter_index": 0}
[2026-05-13 11:00:40] INFO (NNIManager) Trial job BKDpi status changed from RUNNING to SUCCEEDED
[2026-05-13 11:00:40] INFO (NNIManager) NNIManager received command from dispatcher: TR, {"parameter_id": 97, "parameter_source": "algorithm", "parameters": {"model_type": "LSTM", "units": 16, "num_layers": 1, "dropout": 0, "activation": "relu", "lr": 0.00031622776601683783, "window_size": 2, "batch_size": 64, "epochs": 5, "kernel_size": 2, "attention_heads": 4}, "parameter_index": 0}
[2026-05-13 11:00:41] INFO (NNIManager) submitTrialJob: form: {
  sequenceId: 97,
  hyperParameters: {
    value: '{"parameter_id": 97, "parameter_source": "algorithm", "parameters": {"model_type": "LSTM", "units": 16, "num_layers": 1, "dropout": 0, "activation": "relu", "lr": 0.00031622776601683783, "window_size": 2, "batch_size": 64, "epochs": 5, "kernel_size": 2, "attention_heads": 4}, "parameter_index": 0}',
    index: 0
  },
  placementConstraint: { type: 'None', gpus: [] }
}
[2026-05-13 11:00:41] INFO (LocalV3.local) Created trial K622v
[2026-05-13 11:00:42] INFO (LocalV3.local) Trial parameter: K622v {"parameter_id": 97, "parameter_source": "algorithm", "parameters": {"model_type": "LSTM", "units": 16, "num_layers": 1, "dropout": 0, "activation": "relu", "lr": 0.00031622776601683783, "window_size": 2, "batch_size": 64, "epochs": 5, "kernel_size": 2, "attention_heads": 4}, "parameter_index": 0}
[2026-05-13 11:00:46] INFO (NNIManager) Trial job K622v status changed from RUNNING to SUCCEEDED
[2026-05-13 11:00:46] INFO (NNIManager) NNIManager received command from dispatcher: TR, {"parameter_id": 98, "parameter_source": "algorithm", "parameters": {"model_type": "LSTM", "units": 16, "num_layers": 1, "dropout": 0, "activation": "relu", "lr": 0.00031622776601683783, "window_size": 2, "batch_size": 64, "epochs": 5, "kernel_size": 2, "attention_heads": 8}, "parameter_index": 0}
[2026-05-13 11:00:47] INFO (NNIManager) submitTrialJob: form: {
  sequenceId: 98,
  hyperParameters: {
    value: '{"parameter_id": 98, "parameter_source": "algorithm", "parameters": {"model_type": "LSTM", "units": 16, "num_layers": 1, "dropout": 0, "activation": "relu", "lr": 0.00031622776601683783, "window_size": 2, "batch_size": 64, "epochs": 5, "kernel_size": 2, "attention_heads": 8}, "parameter_index": 0}',
    index: 0
  },
  placementConstraint: { type: 'None', gpus: [] }
}
[2026-05-13 11:00:47] INFO (LocalV3.local) Created trial SlT3I
[2026-05-13 11:00:48] INFO (LocalV3.local) Trial parameter: SlT3I {"parameter_id": 98, "parameter_source": "algorithm", "parameters": {"model_type": "LSTM", "units": 16, "num_layers": 1, "dropout": 0, "activation": "relu", "lr": 0.00031622776601683783, "window_size": 2, "batch_size": 64, "epochs": 5, "kernel_size": 2, "attention_heads": 8}, "parameter_index": 0}
[2026-05-13 11:00:52] INFO (NNIManager) Trial job SlT3I status changed from RUNNING to SUCCEEDED
[2026-05-13 11:00:52] INFO (NNIManager) NNIManager received command from dispatcher: TR, {"parameter_id": 99, "parameter_source": "algorithm", "parameters": {"model_type": "LSTM", "units": 16, "num_layers": 1, "dropout": 0, "activation": "relu", "lr": 0.00031622776601683783, "window_size": 2, "batch_size": 64, "epochs": 5, "kernel_size": 3, "attention_heads": 2}, "parameter_index": 0}
[2026-05-13 11:00:53] INFO (NNIManager) submitTrialJob: form: {
  sequenceId: 99,
  hyperParameters: {
    value: '{"parameter_id": 99, "parameter_source": "algorithm", "parameters": {"model_type": "LSTM", "units": 16, "num_layers": 1, "dropout": 0, "activation": "relu", "lr": 0.00031622776601683783, "window_size": 2, "batch_size": 64, "epochs": 5, "kernel_size": 3, "attention_heads": 2}, "parameter_index": 0}',
    index: 0
  },
  placementConstraint: { type: 'None', gpus: [] }
}
[2026-05-13 11:00:53] INFO (LocalV3.local) Created trial ovx8y
[2026-05-13 11:00:54] INFO (LocalV3.local) Trial parameter: ovx8y {"parameter_id": 99, "parameter_source": "algorithm", "parameters": {"model_type": "LSTM", "units": 16, "num_layers": 1, "dropout": 0, "activation": "relu", "lr": 0.00031622776601683783, "window_size": 2, "batch_size": 64, "epochs": 5, "kernel_size": 3, "attention_heads": 2}, "parameter_index": 0}
[2026-05-13 11:00:58] INFO (NNIManager) Trial job ovx8y status changed from RUNNING to SUCCEEDED
[2026-05-13 11:00:58] INFO (NNIManager) NNIManager received command from dispatcher: TR, {"parameter_id": 100, "parameter_source": "algorithm", "parameters": {"model_type": "LSTM", "units": 16, "num_layers": 1, "dropout": 0, "activation": "relu", "lr": 0.00031622776601683783, "window_size": 2, "batch_size": 64, "epochs": 5, "kernel_size": 3, "attention_heads": 4}, "parameter_index": 0}
[2026-05-13 11:00:59] INFO (NNIManager) submitTrialJob: form: {
  sequenceId: 100,
  hyperParameters: {
    value: '{"parameter_id": 100, "parameter_source": "algorithm", "parameters": {"model_type": "LSTM", "units": 16, "num_layers": 1, "dropout": 0, "activation": "relu", "lr": 0.00031622776601683783, "window_size": 2, "batch_size": 64, "epochs": 5, "kernel_size": 3, "attention_heads": 4}, "parameter_index": 0}',
    index: 0
  },
  placementConstraint: { type: 'None', gpus: [] }
}
[2026-05-13 11:00:59] INFO (LocalV3.local) Created trial L6h2D
[2026-05-13 11:01:00] INFO (LocalV3.local) Trial parameter: L6h2D {"parameter_id": 100, "parameter_source": "algorithm", "parameters": {"model_type": "LSTM", "units": 16, "num_layers": 1, "dropout": 0, "activation": "relu", "lr": 0.00031622776601683783, "window_size": 2, "batch_size": 64, "epochs": 5, "kernel_size": 3, "attention_heads": 4}, "parameter_index": 0}
[2026-05-13 11:01:04] INFO (NNIManager) Trial job L6h2D status changed from RUNNING to SUCCEEDED
[2026-05-13 11:01:04] INFO (NNIManager) NNIManager received command from dispatcher: TR, {"parameter_id": 101, "parameter_source": "algorithm", "parameters": {"model_type": "LSTM", "units": 16, "num_layers": 1, "dropout": 0, "activation": "relu", "lr": 0.00031622776601683783, "window_size": 2, "batch_size": 64, "epochs": 5, "kernel_size": 3, "attention_heads": 8}, "parameter_index": 0}
[2026-05-13 11:01:05] INFO (NNIManager) submitTrialJob: form: {
  sequenceId: 101,
  hyperParameters: {
    value: '{"parameter_id": 101, "parameter_source": "algorithm", "parameters": {"model_type": "LSTM", "units": 16, "num_layers": 1, "dropout": 0, "activation": "relu", "lr": 0.00031622776601683783, "window_size": 2, "batch_size": 64, "epochs": 5, "kernel_size": 3, "attention_heads": 8}, "parameter_index": 0}',
    index: 0
  },
  placementConstraint: { type: 'None', gpus: [] }
}
[2026-05-13 11:01:05] INFO (LocalV3.local) Created trial eqKra
[2026-05-13 11:01:06] INFO (LocalV3.local) Trial parameter: eqKra {"parameter_id": 101, "parameter_source": "algorithm", "parameters": {"model_type": "LSTM", "units": 16, "num_layers": 1, "dropout": 0, "activation": "relu", "lr": 0.00031622776601683783, "window_size": 2, "batch_size": 64, "epochs": 5, "kernel_size": 3, "attention_heads": 8}, "parameter_index": 0}
[2026-05-13 11:01:10] INFO (NNIManager) Trial job eqKra status changed from RUNNING to SUCCEEDED
[2026-05-13 11:01:10] INFO (NNIManager) NNIManager received command from dispatcher: TR, {"parameter_id": 102, "parameter_source": "algorithm", "parameters": {"model_type": "LSTM", "units": 16, "num_layers": 1, "dropout": 0, "activation": "relu", "lr": 0.00031622776601683783, "window_size": 2, "batch_size": 64, "epochs": 5, "kernel_size": 5, "attention_heads": 2}, "parameter_index": 0}
[2026-05-13 11:01:11] INFO (NNIManager) submitTrialJob: form: {
  sequenceId: 102,
  hyperParameters: {
    value: '{"parameter_id": 102, "parameter_source": "algorithm", "parameters": {"model_type": "LSTM", "units": 16, "num_layers": 1, "dropout": 0, "activation": "relu", "lr": 0.00031622776601683783, "window_size": 2, "batch_size": 64, "epochs": 5, "kernel_size": 5, "attention_heads": 2}, "parameter_index": 0}',
    index: 0
  },
  placementConstraint: { type: 'None', gpus: [] }
}
[2026-05-13 11:01:11] INFO (LocalV3.local) Created trial fiE6m
[2026-05-13 11:01:12] INFO (LocalV3.local) Trial parameter: fiE6m {"parameter_id": 102, "parameter_source": "algorithm", "parameters": {"model_type": "LSTM", "units": 16, "num_layers": 1, "dropout": 0, "activation": "relu", "lr": 0.00031622776601683783, "window_size": 2, "batch_size": 64, "epochs": 5, "kernel_size": 5, "attention_heads": 2}, "parameter_index": 0}
[2026-05-13 11:01:16] INFO (NNIManager) Trial job fiE6m status changed from RUNNING to SUCCEEDED
[2026-05-13 11:01:16] INFO (NNIManager) NNIManager received command from dispatcher: TR, {"parameter_id": 103, "parameter_source": "algorithm", "parameters": {"model_type": "LSTM", "units": 16, "num_layers": 1, "dropout": 0, "activation": "relu", "lr": 0.00031622776601683783, "window_size": 2, "batch_size": 64, "epochs": 5, "kernel_size": 5, "attention_heads": 4}, "parameter_index": 0}
[2026-05-13 11:01:17] INFO (NNIManager) submitTrialJob: form: {
  sequenceId: 103,
  hyperParameters: {
    value: '{"parameter_id": 103, "parameter_source": "algorithm", "parameters": {"model_type": "LSTM", "units": 16, "num_layers": 1, "dropout": 0, "activation": "relu", "lr": 0.00031622776601683783, "window_size": 2, "batch_size": 64, "epochs": 5, "kernel_size": 5, "attention_heads": 4}, "parameter_index": 0}',
    index: 0
  },
  placementConstraint: { type: 'None', gpus: [] }
}
[2026-05-13 11:01:17] INFO (LocalV3.local) Created trial QYmq3
[2026-05-13 11:01:18] INFO (LocalV3.local) Trial parameter: QYmq3 {"parameter_id": 103, "parameter_source": "algorithm", "parameters": {"model_type": "LSTM", "units": 16, "num_layers": 1, "dropout": 0, "activation": "relu", "lr": 0.00031622776601683783, "window_size": 2, "batch_size": 64, "epochs": 5, "kernel_size": 5, "attention_heads": 4}, "parameter_index": 0}
[2026-05-13 11:01:22] INFO (NNIManager) Trial job QYmq3 status changed from RUNNING to SUCCEEDED
[2026-05-13 11:01:22] INFO (NNIManager) NNIManager received command from dispatcher: TR, {"parameter_id": 104, "parameter_source": "algorithm", "parameters": {"model_type": "LSTM", "units": 16, "num_layers": 1, "dropout": 0, "activation": "relu", "lr": 0.00031622776601683783, "window_size": 2, "batch_size": 64, "epochs": 5, "kernel_size": 5, "attention_heads": 8}, "parameter_index": 0}
[2026-05-13 11:01:23] INFO (NNIManager) submitTrialJob: form: {
  sequenceId: 104,
  hyperParameters: {
    value: '{"parameter_id": 104, "parameter_source": "algorithm", "parameters": {"model_type": "LSTM", "units": 16, "num_layers": 1, "dropout": 0, "activation": "relu", "lr": 0.00031622776601683783, "window_size": 2, "batch_size": 64, "epochs": 5, "kernel_size": 5, "attention_heads": 8}, "parameter_index": 0}',
    index: 0
  },
  placementConstraint: { type: 'None', gpus: [] }
}
[2026-05-13 11:01:23] INFO (LocalV3.local) Created trial I9TPP
[2026-05-13 11:01:24] INFO (LocalV3.local) Trial parameter: I9TPP {"parameter_id": 104, "parameter_source": "algorithm", "parameters": {"model_type": "LSTM", "units": 16, "num_layers": 1, "dropout": 0, "activation": "relu", "lr": 0.00031622776601683783, "window_size": 2, "batch_size": 64, "epochs": 5, "kernel_size": 5, "attention_heads": 8}, "parameter_index": 0}
[2026-05-13 11:01:28] INFO (NNIManager) Trial job I9TPP status changed from RUNNING to SUCCEEDED
[2026-05-13 11:01:28] INFO (NNIManager) NNIManager received command from dispatcher: TR, {"parameter_id": 105, "parameter_source": "algorithm", "parameters": {"model_type": "LSTM", "units": 16, "num_layers": 1, "dropout": 0, "activation": "relu", "lr": 0.00031622776601683783, "window_size": 2, "batch_size": 64, "epochs": 5, "kernel_size": 7, "attention_heads": 2}, "parameter_index": 0}
[2026-05-13 11:01:29] INFO (NNIManager) submitTrialJob: form: {
  sequenceId: 105,
  hyperParameters: {
    value: '{"parameter_id": 105, "parameter_source": "algorithm", "parameters": {"model_type": "LSTM", "units": 16, "num_layers": 1, "dropout": 0, "activation": "relu", "lr": 0.00031622776601683783, "window_size": 2, "batch_size": 64, "epochs": 5, "kernel_size": 7, "attention_heads": 2}, "parameter_index": 0}',
    index: 0
  },
  placementConstraint: { type: 'None', gpus: [] }
}
[2026-05-13 11:01:29] INFO (LocalV3.local) Created trial b5anA
[2026-05-13 11:01:31] INFO (LocalV3.local) Trial parameter: b5anA {"parameter_id": 105, "parameter_source": "algorithm", "parameters": {"model_type": "LSTM", "units": 16, "num_layers": 1, "dropout": 0, "activation": "relu", "lr": 0.00031622776601683783, "window_size": 2, "batch_size": 64, "epochs": 5, "kernel_size": 7, "attention_heads": 2}, "parameter_index": 0}
[2026-05-13 11:01:35] INFO (NNIManager) Trial job b5anA status changed from RUNNING to SUCCEEDED
[2026-05-13 11:01:35] INFO (NNIManager) NNIManager received command from dispatcher: TR, {"parameter_id": 106, "parameter_source": "algorithm", "parameters": {"model_type": "LSTM", "units": 16, "num_layers": 1, "dropout": 0, "activation": "relu", "lr": 0.00031622776601683783, "window_size": 2, "batch_size": 64, "epochs": 5, "kernel_size": 7, "attention_heads": 4}, "parameter_index": 0}
[2026-05-13 11:01:35] INFO (NNIManager) submitTrialJob: form: {
  sequenceId: 106,
  hyperParameters: {
    value: '{"parameter_id": 106, "parameter_source": "algorithm", "parameters": {"model_type": "LSTM", "units": 16, "num_layers": 1, "dropout": 0, "activation": "relu", "lr": 0.00031622776601683783, "window_size": 2, "batch_size": 64, "epochs": 5, "kernel_size": 7, "attention_heads": 4}, "parameter_index": 0}',
    index: 0
  },
  placementConstraint: { type: 'None', gpus: [] }
}
[2026-05-13 11:01:35] INFO (LocalV3.local) Created trial jVDPz
[2026-05-13 11:01:37] INFO (LocalV3.local) Trial parameter: jVDPz {"parameter_id": 106, "parameter_source": "algorithm", "parameters": {"model_type": "LSTM", "units": 16, "num_layers": 1, "dropout": 0, "activation": "relu", "lr": 0.00031622776601683783, "window_size": 2, "batch_size": 64, "epochs": 5, "kernel_size": 7, "attention_heads": 4}, "parameter_index": 0}
[2026-05-13 11:01:41] INFO (NNIManager) Trial job jVDPz status changed from RUNNING to SUCCEEDED
[2026-05-13 11:01:41] INFO (NNIManager) NNIManager received command from dispatcher: TR, {"parameter_id": 107, "parameter_source": "algorithm", "parameters": {"model_type": "LSTM", "units": 16, "num_layers": 1, "dropout": 0, "activation": "relu", "lr": 0.00031622776601683783, "window_size": 2, "batch_size": 64, "epochs": 5, "kernel_size": 7, "attention_heads": 8}, "parameter_index": 0}
[2026-05-13 11:01:41] INFO (NNIManager) submitTrialJob: form: {
  sequenceId: 107,
  hyperParameters: {
    value: '{"parameter_id": 107, "parameter_source": "algorithm", "parameters": {"model_type": "LSTM", "units": 16, "num_layers": 1, "dropout": 0, "activation": "relu", "lr": 0.00031622776601683783, "window_size": 2, "batch_size": 64, "epochs": 5, "kernel_size": 7, "attention_heads": 8}, "parameter_index": 0}',
    index: 0
  },
  placementConstraint: { type: 'None', gpus: [] }
}
[2026-05-13 11:01:41] INFO (LocalV3.local) Created trial UNLHO
[2026-05-13 11:01:43] INFO (LocalV3.local) Trial parameter: UNLHO {"parameter_id": 107, "parameter_source": "algorithm", "parameters": {"model_type": "LSTM", "units": 16, "num_layers": 1, "dropout": 0, "activation": "relu", "lr": 0.00031622776601683783, "window_size": 2, "batch_size": 64, "epochs": 5, "kernel_size": 7, "attention_heads": 8}, "parameter_index": 0}
[2026-05-13 11:01:47] INFO (NNIManager) Trial job UNLHO status changed from RUNNING to SUCCEEDED
[2026-05-13 11:01:47] INFO (NNIManager) NNIManager received command from dispatcher: TR, {"parameter_id": 108, "parameter_source": "algorithm", "parameters": {"model_type": "LSTM", "units": 16, "num_layers": 1, "dropout": 0, "activation": "relu", "lr": 0.00031622776601683783, "window_size": 2, "batch_size": 64, "epochs": 10, "kernel_size": 2, "attention_heads": 2}, "parameter_index": 0}
[2026-05-13 11:01:47] INFO (NNIManager) submitTrialJob: form: {
  sequenceId: 108,
  hyperParameters: {
    value: '{"parameter_id": 108, "parameter_source": "algorithm", "parameters": {"model_type": "LSTM", "units": 16, "num_layers": 1, "dropout": 0, "activation": "relu", "lr": 0.00031622776601683783, "window_size": 2, "batch_size": 64, "epochs": 10, "kernel_size": 2, "attention_heads": 2}, "parameter_index": 0}',
    index: 0
  },
  placementConstraint: { type: 'None', gpus: [] }
}
[2026-05-13 11:01:47] INFO (LocalV3.local) Created trial otbho
[2026-05-13 11:01:49] INFO (LocalV3.local) Trial parameter: otbho {"parameter_id": 108, "parameter_source": "algorithm", "parameters": {"model_type": "LSTM", "units": 16, "num_layers": 1, "dropout": 0, "activation": "relu", "lr": 0.00031622776601683783, "window_size": 2, "batch_size": 64, "epochs": 10, "kernel_size": 2, "attention_heads": 2}, "parameter_index": 0}
[2026-05-13 11:01:54] INFO (NNIManager) Trial job otbho status changed from RUNNING to SUCCEEDED
[2026-05-13 11:01:54] INFO (NNIManager) NNIManager received command from dispatcher: TR, {"parameter_id": 109, "parameter_source": "algorithm", "parameters": {"model_type": "LSTM", "units": 16, "num_layers": 1, "dropout": 0, "activation": "relu", "lr": 0.00031622776601683783, "window_size": 2, "batch_size": 64, "epochs": 10, "kernel_size": 2, "attention_heads": 4}, "parameter_index": 0}
[2026-05-13 11:01:54] INFO (NNIManager) submitTrialJob: form: {
  sequenceId: 109,
  hyperParameters: {
    value: '{"parameter_id": 109, "parameter_source": "algorithm", "parameters": {"model_type": "LSTM", "units": 16, "num_layers": 1, "dropout": 0, "activation": "relu", "lr": 0.00031622776601683783, "window_size": 2, "batch_size": 64, "epochs": 10, "kernel_size": 2, "attention_heads": 4}, "parameter_index": 0}',
    index: 0
  },
  placementConstraint: { type: 'None', gpus: [] }
}
[2026-05-13 11:01:54] INFO (LocalV3.local) Created trial Ycrau
[2026-05-13 11:01:56] INFO (LocalV3.local) Trial parameter: Ycrau {"parameter_id": 109, "parameter_source": "algorithm", "parameters": {"model_type": "LSTM", "units": 16, "num_layers": 1, "dropout": 0, "activation": "relu", "lr": 0.00031622776601683783, "window_size": 2, "batch_size": 64, "epochs": 10, "kernel_size": 2, "attention_heads": 4}, "parameter_index": 0}
[2026-05-13 11:02:01] INFO (NNIManager) Trial job Ycrau status changed from RUNNING to SUCCEEDED
[2026-05-13 11:02:01] INFO (NNIManager) NNIManager received command from dispatcher: TR, {"parameter_id": 110, "parameter_source": "algorithm", "parameters": {"model_type": "LSTM", "units": 16, "num_layers": 1, "dropout": 0, "activation": "relu", "lr": 0.00031622776601683783, "window_size": 2, "batch_size": 64, "epochs": 10, "kernel_size": 2, "attention_heads": 8}, "parameter_index": 0}
[2026-05-13 11:02:01] INFO (NNIManager) submitTrialJob: form: {
  sequenceId: 110,
  hyperParameters: {
    value: '{"parameter_id": 110, "parameter_source": "algorithm", "parameters": {"model_type": "LSTM", "units": 16, "num_layers": 1, "dropout": 0, "activation": "relu", "lr": 0.00031622776601683783, "window_size": 2, "batch_size": 64, "epochs": 10, "kernel_size": 2, "attention_heads": 8}, "parameter_index": 0}',
    index: 0
  },
  placementConstraint: { type: 'None', gpus: [] }
}
[2026-05-13 11:02:01] INFO (LocalV3.local) Created trial KkSzh
[2026-05-13 11:02:03] INFO (LocalV3.local) Trial parameter: KkSzh {"parameter_id": 110, "parameter_source": "algorithm", "parameters": {"model_type": "LSTM", "units": 16, "num_layers": 1, "dropout": 0, "activation": "relu", "lr": 0.00031622776601683783, "window_size": 2, "batch_size": 64, "epochs": 10, "kernel_size": 2, "attention_heads": 8}, "parameter_index": 0}
[2026-05-13 11:02:08] INFO (NNIManager) Trial job KkSzh status changed from RUNNING to SUCCEEDED
[2026-05-13 11:02:08] INFO (NNIManager) NNIManager received command from dispatcher: TR, {"parameter_id": 111, "parameter_source": "algorithm", "parameters": {"model_type": "LSTM", "units": 16, "num_layers": 1, "dropout": 0, "activation": "relu", "lr": 0.00031622776601683783, "window_size": 2, "batch_size": 64, "epochs": 10, "kernel_size": 3, "attention_heads": 2}, "parameter_index": 0}
[2026-05-13 11:02:08] INFO (NNIManager) submitTrialJob: form: {
  sequenceId: 111,
  hyperParameters: {
    value: '{"parameter_id": 111, "parameter_source": "algorithm", "parameters": {"model_type": "LSTM", "units": 16, "num_layers": 1, "dropout": 0, "activation": "relu", "lr": 0.00031622776601683783, "window_size": 2, "batch_size": 64, "epochs": 10, "kernel_size": 3, "attention_heads": 2}, "parameter_index": 0}',
    index: 0
  },
  placementConstraint: { type: 'None', gpus: [] }
}
[2026-05-13 11:02:08] INFO (LocalV3.local) Created trial kuwiR
[2026-05-13 11:02:10] INFO (LocalV3.local) Trial parameter: kuwiR {"parameter_id": 111, "parameter_source": "algorithm", "parameters": {"model_type": "LSTM", "units": 16, "num_layers": 1, "dropout": 0, "activation": "relu", "lr": 0.00031622776601683783, "window_size": 2, "batch_size": 64, "epochs": 10, "kernel_size": 3, "attention_heads": 2}, "parameter_index": 0}
[2026-05-13 11:02:15] INFO (NNIManager) Trial job kuwiR status changed from RUNNING to SUCCEEDED
[2026-05-13 11:02:15] INFO (NNIManager) NNIManager received command from dispatcher: TR, {"parameter_id": 112, "parameter_source": "algorithm", "parameters": {"model_type": "LSTM", "units": 16, "num_layers": 1, "dropout": 0, "activation": "relu", "lr": 0.00031622776601683783, "window_size": 2, "batch_size": 64, "epochs": 10, "kernel_size": 3, "attention_heads": 4}, "parameter_index": 0}
[2026-05-13 11:02:15] INFO (NNIManager) submitTrialJob: form: {
  sequenceId: 112,
  hyperParameters: {
    value: '{"parameter_id": 112, "parameter_source": "algorithm", "parameters": {"model_type": "LSTM", "units": 16, "num_layers": 1, "dropout": 0, "activation": "relu", "lr": 0.00031622776601683783, "window_size": 2, "batch_size": 64, "epochs": 10, "kernel_size": 3, "attention_heads": 4}, "parameter_index": 0}',
    index: 0
  },
  placementConstraint: { type: 'None', gpus: [] }
}
[2026-05-13 11:02:15] INFO (LocalV3.local) Created trial LIVha
[2026-05-13 11:02:17] INFO (LocalV3.local) Trial parameter: LIVha {"parameter_id": 112, "parameter_source": "algorithm", "parameters": {"model_type": "LSTM", "units": 16, "num_layers": 1, "dropout": 0, "activation": "relu", "lr": 0.00031622776601683783, "window_size": 2, "batch_size": 64, "epochs": 10, "kernel_size": 3, "attention_heads": 4}, "parameter_index": 0}
[2026-05-13 11:02:22] INFO (NNIManager) Trial job LIVha status changed from RUNNING to SUCCEEDED
[2026-05-13 11:02:22] INFO (NNIManager) NNIManager received command from dispatcher: TR, {"parameter_id": 113, "parameter_source": "algorithm", "parameters": {"model_type": "LSTM", "units": 16, "num_layers": 1, "dropout": 0, "activation": "relu", "lr": 0.00031622776601683783, "window_size": 2, "batch_size": 64, "epochs": 10, "kernel_size": 3, "attention_heads": 8}, "parameter_index": 0}
[2026-05-13 11:02:22] INFO (NNIManager) submitTrialJob: form: {
  sequenceId: 113,
  hyperParameters: {
    value: '{"parameter_id": 113, "parameter_source": "algorithm", "parameters": {"model_type": "LSTM", "units": 16, "num_layers": 1, "dropout": 0, "activation": "relu", "lr": 0.00031622776601683783, "window_size": 2, "batch_size": 64, "epochs": 10, "kernel_size": 3, "attention_heads": 8}, "parameter_index": 0}',
    index: 0
  },
  placementConstraint: { type: 'None', gpus: [] }
}
[2026-05-13 11:02:22] INFO (LocalV3.local) Created trial Q6k89
[2026-05-13 11:02:24] INFO (LocalV3.local) Trial parameter: Q6k89 {"parameter_id": 113, "parameter_source": "algorithm", "parameters": {"model_type": "LSTM", "units": 16, "num_layers": 1, "dropout": 0, "activation": "relu", "lr": 0.00031622776601683783, "window_size": 2, "batch_size": 64, "epochs": 10, "kernel_size": 3, "attention_heads": 8}, "parameter_index": 0}
[2026-05-13 11:02:29] INFO (NNIManager) Trial job Q6k89 status changed from RUNNING to SUCCEEDED
[2026-05-13 11:02:29] INFO (NNIManager) NNIManager received command from dispatcher: TR, {"parameter_id": 114, "parameter_source": "algorithm", "parameters": {"model_type": "LSTM", "units": 16, "num_layers": 1, "dropout": 0, "activation": "relu", "lr": 0.00031622776601683783, "window_size": 2, "batch_size": 64, "epochs": 10, "kernel_size": 5, "attention_heads": 2}, "parameter_index": 0}
[2026-05-13 11:02:30] INFO (NNIManager) submitTrialJob: form: {
  sequenceId: 114,
  hyperParameters: {
    value: '{"parameter_id": 114, "parameter_source": "algorithm", "parameters": {"model_type": "LSTM", "units": 16, "num_layers": 1, "dropout": 0, "activation": "relu", "lr": 0.00031622776601683783, "window_size": 2, "batch_size": 64, "epochs": 10, "kernel_size": 5, "attention_heads": 2}, "parameter_index": 0}',
    index: 0
  },
  placementConstraint: { type: 'None', gpus: [] }
}
[2026-05-13 11:02:30] INFO (LocalV3.local) Created trial QH0V1
[2026-05-13 11:02:32] INFO (LocalV3.local) Trial parameter: QH0V1 {"parameter_id": 114, "parameter_source": "algorithm", "parameters": {"model_type": "LSTM", "units": 16, "num_layers": 1, "dropout": 0, "activation": "relu", "lr": 0.00031622776601683783, "window_size": 2, "batch_size": 64, "epochs": 10, "kernel_size": 5, "attention_heads": 2}, "parameter_index": 0}
[2026-05-13 11:02:37] INFO (NNIManager) Trial job QH0V1 status changed from RUNNING to SUCCEEDED
[2026-05-13 11:02:37] INFO (NNIManager) NNIManager received command from dispatcher: TR, {"parameter_id": 115, "parameter_source": "algorithm", "parameters": {"model_type": "LSTM", "units": 16, "num_layers": 1, "dropout": 0, "activation": "relu", "lr": 0.00031622776601683783, "window_size": 2, "batch_size": 64, "epochs": 10, "kernel_size": 5, "attention_heads": 4}, "parameter_index": 0}
[2026-05-13 11:02:37] INFO (NNIManager) submitTrialJob: form: {
  sequenceId: 115,
  hyperParameters: {
    value: '{"parameter_id": 115, "parameter_source": "algorithm", "parameters": {"model_type": "LSTM", "units": 16, "num_layers": 1, "dropout": 0, "activation": "relu", "lr": 0.00031622776601683783, "window_size": 2, "batch_size": 64, "epochs": 10, "kernel_size": 5, "attention_heads": 4}, "parameter_index": 0}',
    index: 0
  },
  placementConstraint: { type: 'None', gpus: [] }
}
[2026-05-13 11:02:37] INFO (LocalV3.local) Created trial kdizv
[2026-05-13 11:02:39] INFO (LocalV3.local) Trial parameter: kdizv {"parameter_id": 115, "parameter_source": "algorithm", "parameters": {"model_type": "LSTM", "units": 16, "num_layers": 1, "dropout": 0, "activation": "relu", "lr": 0.00031622776601683783, "window_size": 2, "batch_size": 64, "epochs": 10, "kernel_size": 5, "attention_heads": 4}, "parameter_index": 0}
[2026-05-13 11:02:44] INFO (NNIManager) Trial job kdizv status changed from RUNNING to SUCCEEDED
[2026-05-13 11:02:44] INFO (NNIManager) NNIManager received command from dispatcher: TR, {"parameter_id": 116, "parameter_source": "algorithm", "parameters": {"model_type": "LSTM", "units": 16, "num_layers": 1, "dropout": 0, "activation": "relu", "lr": 0.00031622776601683783, "window_size": 2, "batch_size": 64, "epochs": 10, "kernel_size": 5, "attention_heads": 8}, "parameter_index": 0}
[2026-05-13 11:02:44] INFO (NNIManager) submitTrialJob: form: {
  sequenceId: 116,
  hyperParameters: {
    value: '{"parameter_id": 116, "parameter_source": "algorithm", "parameters": {"model_type": "LSTM", "units": 16, "num_layers": 1, "dropout": 0, "activation": "relu", "lr": 0.00031622776601683783, "window_size": 2, "batch_size": 64, "epochs": 10, "kernel_size": 5, "attention_heads": 8}, "parameter_index": 0}',
    index: 0
  },
  placementConstraint: { type: 'None', gpus: [] }
}
[2026-05-13 11:02:44] INFO (LocalV3.local) Created trial VIVHR
[2026-05-13 11:02:46] INFO (LocalV3.local) Trial parameter: VIVHR {"parameter_id": 116, "parameter_source": "algorithm", "parameters": {"model_type": "LSTM", "units": 16, "num_layers": 1, "dropout": 0, "activation": "relu", "lr": 0.00031622776601683783, "window_size": 2, "batch_size": 64, "epochs": 10, "kernel_size": 5, "attention_heads": 8}, "parameter_index": 0}
[2026-05-13 11:02:51] INFO (NNIManager) Trial job VIVHR status changed from RUNNING to SUCCEEDED
[2026-05-13 11:02:51] INFO (NNIManager) NNIManager received command from dispatcher: TR, {"parameter_id": 117, "parameter_source": "algorithm", "parameters": {"model_type": "LSTM", "units": 16, "num_layers": 1, "dropout": 0, "activation": "relu", "lr": 0.00031622776601683783, "window_size": 2, "batch_size": 64, "epochs": 10, "kernel_size": 7, "attention_heads": 2}, "parameter_index": 0}
[2026-05-13 11:02:51] INFO (NNIManager) submitTrialJob: form: {
  sequenceId: 117,
  hyperParameters: {
    value: '{"parameter_id": 117, "parameter_source": "algorithm", "parameters": {"model_type": "LSTM", "units": 16, "num_layers": 1, "dropout": 0, "activation": "relu", "lr": 0.00031622776601683783, "window_size": 2, "batch_size": 64, "epochs": 10, "kernel_size": 7, "attention_heads": 2}, "parameter_index": 0}',
    index: 0
  },
  placementConstraint: { type: 'None', gpus: [] }
}
[2026-05-13 11:02:51] INFO (LocalV3.local) Created trial Iae26
[2026-05-13 11:02:53] INFO (LocalV3.local) Trial parameter: Iae26 {"parameter_id": 117, "parameter_source": "algorithm", "parameters": {"model_type": "LSTM", "units": 16, "num_layers": 1, "dropout": 0, "activation": "relu", "lr": 0.00031622776601683783, "window_size": 2, "batch_size": 64, "epochs": 10, "kernel_size": 7, "attention_heads": 2}, "parameter_index": 0}
[2026-05-13 11:02:58] INFO (NNIManager) Trial job Iae26 status changed from RUNNING to SUCCEEDED
[2026-05-13 11:02:58] INFO (NNIManager) NNIManager received command from dispatcher: TR, {"parameter_id": 118, "parameter_source": "algorithm", "parameters": {"model_type": "LSTM", "units": 16, "num_layers": 1, "dropout": 0, "activation": "relu", "lr": 0.00031622776601683783, "window_size": 2, "batch_size": 64, "epochs": 10, "kernel_size": 7, "attention_heads": 4}, "parameter_index": 0}
[2026-05-13 11:02:58] INFO (NNIManager) submitTrialJob: form: {
  sequenceId: 118,
  hyperParameters: {
    value: '{"parameter_id": 118, "parameter_source": "algorithm", "parameters": {"model_type": "LSTM", "units": 16, "num_layers": 1, "dropout": 0, "activation": "relu", "lr": 0.00031622776601683783, "window_size": 2, "batch_size": 64, "epochs": 10, "kernel_size": 7, "attention_heads": 4}, "parameter_index": 0}',
    index: 0
  },
  placementConstraint: { type: 'None', gpus: [] }
}
[2026-05-13 11:02:58] INFO (LocalV3.local) Created trial jlKpg
[2026-05-13 11:03:00] INFO (LocalV3.local) Trial parameter: jlKpg {"parameter_id": 118, "parameter_source": "algorithm", "parameters": {"model_type": "LSTM", "units": 16, "num_layers": 1, "dropout": 0, "activation": "relu", "lr": 0.00031622776601683783, "window_size": 2, "batch_size": 64, "epochs": 10, "kernel_size": 7, "attention_heads": 4}, "parameter_index": 0}
[2026-05-13 11:03:05] INFO (NNIManager) Trial job jlKpg status changed from RUNNING to SUCCEEDED
[2026-05-13 11:03:05] INFO (NNIManager) NNIManager received command from dispatcher: TR, {"parameter_id": 119, "parameter_source": "algorithm", "parameters": {"model_type": "LSTM", "units": 16, "num_layers": 1, "dropout": 0, "activation": "relu", "lr": 0.00031622776601683783, "window_size": 2, "batch_size": 64, "epochs": 10, "kernel_size": 7, "attention_heads": 8}, "parameter_index": 0}
[2026-05-13 11:03:05] INFO (NNIManager) submitTrialJob: form: {
  sequenceId: 119,
  hyperParameters: {
    value: '{"parameter_id": 119, "parameter_source": "algorithm", "parameters": {"model_type": "LSTM", "units": 16, "num_layers": 1, "dropout": 0, "activation": "relu", "lr": 0.00031622776601683783, "window_size": 2, "batch_size": 64, "epochs": 10, "kernel_size": 7, "attention_heads": 8}, "parameter_index": 0}',
    index: 0
  },
  placementConstraint: { type: 'None', gpus: [] }
}
[2026-05-13 11:03:05] INFO (LocalV3.local) Created trial Ch1uZ
[2026-05-13 11:03:07] INFO (LocalV3.local) Trial parameter: Ch1uZ {"parameter_id": 119, "parameter_source": "algorithm", "parameters": {"model_type": "LSTM", "units": 16, "num_layers": 1, "dropout": 0, "activation": "relu", "lr": 0.00031622776601683783, "window_size": 2, "batch_size": 64, "epochs": 10, "kernel_size": 7, "attention_heads": 8}, "parameter_index": 0}
[2026-05-13 11:03:12] INFO (NNIManager) Trial job Ch1uZ status changed from RUNNING to SUCCEEDED
[2026-05-13 11:03:12] INFO (NNIManager) NNIManager received command from dispatcher: TR, {"parameter_id": 120, "parameter_source": "algorithm", "parameters": {"model_type": "LSTM", "units": 16, "num_layers": 1, "dropout": 0, "activation": "relu", "lr": 0.00031622776601683783, "window_size": 2, "batch_size": 64, "epochs": 15, "kernel_size": 2, "attention_heads": 2}, "parameter_index": 0}
[2026-05-13 11:03:13] INFO (NNIManager) submitTrialJob: form: {
  sequenceId: 120,
  hyperParameters: {
    value: '{"parameter_id": 120, "parameter_source": "algorithm", "parameters": {"model_type": "LSTM", "units": 16, "num_layers": 1, "dropout": 0, "activation": "relu", "lr": 0.00031622776601683783, "window_size": 2, "batch_size": 64, "epochs": 15, "kernel_size": 2, "attention_heads": 2}, "parameter_index": 0}',
    index: 0
  },
  placementConstraint: { type: 'None', gpus: [] }
}
[2026-05-13 11:03:13] INFO (LocalV3.local) Created trial vGlVv
[2026-05-13 11:03:14] INFO (LocalV3.local) Trial parameter: vGlVv {"parameter_id": 120, "parameter_source": "algorithm", "parameters": {"model_type": "LSTM", "units": 16, "num_layers": 1, "dropout": 0, "activation": "relu", "lr": 0.00031622776601683783, "window_size": 2, "batch_size": 64, "epochs": 15, "kernel_size": 2, "attention_heads": 2}, "parameter_index": 0}
[2026-05-13 11:03:20] INFO (NNIManager) Trial job vGlVv status changed from RUNNING to SUCCEEDED
[2026-05-13 11:03:20] INFO (NNIManager) NNIManager received command from dispatcher: TR, {"parameter_id": 121, "parameter_source": "algorithm", "parameters": {"model_type": "LSTM", "units": 16, "num_layers": 1, "dropout": 0, "activation": "relu", "lr": 0.00031622776601683783, "window_size": 2, "batch_size": 64, "epochs": 15, "kernel_size": 2, "attention_heads": 4}, "parameter_index": 0}
[2026-05-13 11:03:21] INFO (NNIManager) submitTrialJob: form: {
  sequenceId: 121,
  hyperParameters: {
    value: '{"parameter_id": 121, "parameter_source": "algorithm", "parameters": {"model_type": "LSTM", "units": 16, "num_layers": 1, "dropout": 0, "activation": "relu", "lr": 0.00031622776601683783, "window_size": 2, "batch_size": 64, "epochs": 15, "kernel_size": 2, "attention_heads": 4}, "parameter_index": 0}',
    index: 0
  },
  placementConstraint: { type: 'None', gpus: [] }
}
[2026-05-13 11:03:21] INFO (LocalV3.local) Created trial Xo9K4
[2026-05-13 11:03:23] INFO (LocalV3.local) Trial parameter: Xo9K4 {"parameter_id": 121, "parameter_source": "algorithm", "parameters": {"model_type": "LSTM", "units": 16, "num_layers": 1, "dropout": 0, "activation": "relu", "lr": 0.00031622776601683783, "window_size": 2, "batch_size": 64, "epochs": 15, "kernel_size": 2, "attention_heads": 4}, "parameter_index": 0}
[2026-05-13 11:03:28] INFO (NNIManager) Trial job Xo9K4 status changed from RUNNING to SUCCEEDED
[2026-05-13 11:03:28] INFO (NNIManager) NNIManager received command from dispatcher: TR, {"parameter_id": 122, "parameter_source": "algorithm", "parameters": {"model_type": "LSTM", "units": 16, "num_layers": 1, "dropout": 0, "activation": "relu", "lr": 0.00031622776601683783, "window_size": 2, "batch_size": 64, "epochs": 15, "kernel_size": 2, "attention_heads": 8}, "parameter_index": 0}
[2026-05-13 11:03:29] INFO (NNIManager) submitTrialJob: form: {
  sequenceId: 122,
  hyperParameters: {
    value: '{"parameter_id": 122, "parameter_source": "algorithm", "parameters": {"model_type": "LSTM", "units": 16, "num_layers": 1, "dropout": 0, "activation": "relu", "lr": 0.00031622776601683783, "window_size": 2, "batch_size": 64, "epochs": 15, "kernel_size": 2, "attention_heads": 8}, "parameter_index": 0}',
    index: 0
  },
  placementConstraint: { type: 'None', gpus: [] }
}
[2026-05-13 11:03:29] INFO (LocalV3.local) Created trial anCHf
[2026-05-13 11:03:31] INFO (LocalV3.local) Trial parameter: anCHf {"parameter_id": 122, "parameter_source": "algorithm", "parameters": {"model_type": "LSTM", "units": 16, "num_layers": 1, "dropout": 0, "activation": "relu", "lr": 0.00031622776601683783, "window_size": 2, "batch_size": 64, "epochs": 15, "kernel_size": 2, "attention_heads": 8}, "parameter_index": 0}
[2026-05-13 11:03:37] INFO (NNIManager) Trial job anCHf status changed from RUNNING to SUCCEEDED
[2026-05-13 11:03:37] INFO (NNIManager) NNIManager received command from dispatcher: TR, {"parameter_id": 123, "parameter_source": "algorithm", "parameters": {"model_type": "LSTM", "units": 16, "num_layers": 1, "dropout": 0, "activation": "relu", "lr": 0.00031622776601683783, "window_size": 2, "batch_size": 64, "epochs": 15, "kernel_size": 3, "attention_heads": 2}, "parameter_index": 0}
[2026-05-13 11:03:37] INFO (NNIManager) submitTrialJob: form: {
  sequenceId: 123,
  hyperParameters: {
    value: '{"parameter_id": 123, "parameter_source": "algorithm", "parameters": {"model_type": "LSTM", "units": 16, "num_layers": 1, "dropout": 0, "activation": "relu", "lr": 0.00031622776601683783, "window_size": 2, "batch_size": 64, "epochs": 15, "kernel_size": 3, "attention_heads": 2}, "parameter_index": 0}',
    index: 0
  },
  placementConstraint: { type: 'None', gpus: [] }
}
[2026-05-13 11:03:37] INFO (LocalV3.local) Created trial u2ZpI
[2026-05-13 11:03:39] INFO (LocalV3.local) Trial parameter: u2ZpI {"parameter_id": 123, "parameter_source": "algorithm", "parameters": {"model_type": "LSTM", "units": 16, "num_layers": 1, "dropout": 0, "activation": "relu", "lr": 0.00031622776601683783, "window_size": 2, "batch_size": 64, "epochs": 15, "kernel_size": 3, "attention_heads": 2}, "parameter_index": 0}
[2026-05-13 11:03:45] INFO (NNIManager) Trial job u2ZpI status changed from RUNNING to SUCCEEDED
[2026-05-13 11:03:45] INFO (NNIManager) NNIManager received command from dispatcher: TR, {"parameter_id": 124, "parameter_source": "algorithm", "parameters": {"model_type": "LSTM", "units": 16, "num_layers": 1, "dropout": 0, "activation": "relu", "lr": 0.00031622776601683783, "window_size": 2, "batch_size": 64, "epochs": 15, "kernel_size": 3, "attention_heads": 4}, "parameter_index": 0}
[2026-05-13 11:03:46] INFO (NNIManager) submitTrialJob: form: {
  sequenceId: 124,
  hyperParameters: {
    value: '{"parameter_id": 124, "parameter_source": "algorithm", "parameters": {"model_type": "LSTM", "units": 16, "num_layers": 1, "dropout": 0, "activation": "relu", "lr": 0.00031622776601683783, "window_size": 2, "batch_size": 64, "epochs": 15, "kernel_size": 3, "attention_heads": 4}, "parameter_index": 0}',
    index: 0
  },
  placementConstraint: { type: 'None', gpus: [] }
}
[2026-05-13 11:03:46] INFO (LocalV3.local) Created trial ECHmm
[2026-05-13 11:03:48] INFO (LocalV3.local) Trial parameter: ECHmm {"parameter_id": 124, "parameter_source": "algorithm", "parameters": {"model_type": "LSTM", "units": 16, "num_layers": 1, "dropout": 0, "activation": "relu", "lr": 0.00031622776601683783, "window_size": 2, "batch_size": 64, "epochs": 15, "kernel_size": 3, "attention_heads": 4}, "parameter_index": 0}
[2026-05-13 11:03:53] INFO (NNIManager) Trial job ECHmm status changed from RUNNING to SUCCEEDED
[2026-05-13 11:03:53] INFO (NNIManager) NNIManager received command from dispatcher: TR, {"parameter_id": 125, "parameter_source": "algorithm", "parameters": {"model_type": "LSTM", "units": 16, "num_layers": 1, "dropout": 0, "activation": "relu", "lr": 0.00031622776601683783, "window_size": 2, "batch_size": 64, "epochs": 15, "kernel_size": 3, "attention_heads": 8}, "parameter_index": 0}
[2026-05-13 11:03:54] INFO (NNIManager) submitTrialJob: form: {
  sequenceId: 125,
  hyperParameters: {
    value: '{"parameter_id": 125, "parameter_source": "algorithm", "parameters": {"model_type": "LSTM", "units": 16, "num_layers": 1, "dropout": 0, "activation": "relu", "lr": 0.00031622776601683783, "window_size": 2, "batch_size": 64, "epochs": 15, "kernel_size": 3, "attention_heads": 8}, "parameter_index": 0}',
    index: 0
  },
  placementConstraint: { type: 'None', gpus: [] }
}
[2026-05-13 11:03:54] INFO (LocalV3.local) Created trial PC7L7
[2026-05-13 11:03:55] INFO (NNIManager) Change NNIManager status from: RUNNING to: NO_MORE_TRIAL
[2026-05-13 11:03:56] INFO (LocalV3.local) Trial parameter: PC7L7 {"parameter_id": 125, "parameter_source": "algorithm", "parameters": {"model_type": "LSTM", "units": 16, "num_layers": 1, "dropout": 0, "activation": "relu", "lr": 0.00031622776601683783, "window_size": 2, "batch_size": 64, "epochs": 15, "kernel_size": 3, "attention_heads": 8}, "parameter_index": 0}
[2026-05-13 11:04:01] INFO (NNIManager) Trial job PC7L7 status changed from RUNNING to SUCCEEDED
[2026-05-13 11:04:01] INFO (NNIManager) Change NNIManager status from: NO_MORE_TRIAL to: DONE
[2026-05-13 11:04:01] INFO (NNIManager) Experiment done.
[2026-05-13 11:04:06] INFO (ShutdownManager) Initiate shutdown: SIGTERM
[2026-05-13 11:04:06] INFO (RestServer) Stopping REST server.
[2026-05-13 11:04:06] INFO (NNIManager) Change NNIManager status from: DONE to: STOPPING
[2026-05-13 11:04:06] INFO (NNIManager) Stopping experiment, cleaning up ...
[2026-05-13 11:04:06] INFO (RestServer) REST server stopped.
[2026-05-13 11:04:08] INFO (LocalV3.local) All trials stopped
[2026-05-13 11:04:08] INFO (NNIManager) Change NNIManager status from: STOPPING to: STOPPED
[2026-05-13 11:04:08] INFO (NNIManager) Experiment stopped.
[2026-05-13 11:04:08] INFO (NNITensorboardManager) Forced stopping all tensorboard task.
[2026-05-13 11:04:08] INFO (NNITensorboardManager) All tensorboard task stopped.
[2026-05-13 11:04:08] INFO (NNITensorboardManager) Tensorboard manager stopped.
[2026-05-13 11:04:08] INFO (ShutdownManager) Shutdown complete.
