experiment_id,trial_id,status,start_time,end_time,working_directory,exit_code,experiment_name,experiment_type,search_space_file,trial_command,trial_code_directory,trial_concurrency,max_duration,max_trials,use_annotation,debug_mode,log_level,exp_working_dir,model_types,unit_values,layer_counts,dropout_rates,activations,learning_rate_range,window_sizes,batch_sizes,epoch_options,kernel_sizes,attention_heads,tuner_name,optimize_mode,training_platform
xzyjq1eh,1,0,1779265526419,,/home/meliani/nni-experiments/xzyjq1eh,0,exp_random_100_tt_only_tt_only,hpo,/home/meliani/Desktop/phd/fast-track/search_space.json,python3 trial.py --data ./tt_only.csv,/home/meliani/Desktop/phd/fast-track,1,360000s,100,False,False,info,/home/meliani/nni-experiments,"['LSTM', 'GRU', 'CNN', 'RNN', 'TCN', 'Transformer', 'MLP']","[16, 32, 64, 128, 256]","[1, 2, 3, 4]","[0, 0.1, 0.2, 0.3, 0.5]","['relu', 'tanh', 'sigmoid', 'elu']","[1e-05, 0.01]","[2, 3, 4, 5, 6, 7, 8, 9, 10, 11, 12, 13, 14, 15, 16, 17, 18, 19, 20, 21, 22, 23, 24, 25, 26, 27, 28, 29, 30]","[16, 32, 64, 128]","[5, 10, 15, 20]","[2, 3, 5, 7]","[2, 4, 8]",random,minimize,local
xzyjq1eh,2,0,1779265526419,,/home/meliani/nni-experiments/xzyjq1eh,0,exp_random_100_tt_only_tt_only,hpo,/home/meliani/Desktop/phd/fast-track/search_space.json,python3 trial.py --data ./tt_only.csv,/home/meliani/Desktop/phd/fast-track,1,360000s,100,False,False,info,/home/meliani/nni-experiments,"['LSTM', 'GRU', 'CNN', 'RNN', 'TCN', 'Transformer', 'MLP']","[16, 32, 64, 128, 256]","[1, 2, 3, 4]","[0, 0.1, 0.2, 0.3, 0.5]","['relu', 'tanh', 'sigmoid', 'elu']","[1e-05, 0.01]","[2, 3, 4, 5, 6, 7, 8, 9, 10, 11, 12, 13, 14, 15, 16, 17, 18, 19, 20, 21, 22, 23, 24, 25, 26, 27, 28, 29, 30]","[16, 32, 64, 128]","[5, 10, 15, 20]","[2, 3, 5, 7]","[2, 4, 8]",random,minimize,local
xzyjq1eh,3,0,1779265526419,,/home/meliani/nni-experiments/xzyjq1eh,1,exp_random_100_tt_only_tt_only,hpo,/home/meliani/Desktop/phd/fast-track/search_space.json,python3 trial.py --data ./tt_only.csv,/home/meliani/Desktop/phd/fast-track,1,360000s,100,False,False,info,/home/meliani/nni-experiments,"['LSTM', 'GRU', 'CNN', 'RNN', 'TCN', 'Transformer', 'MLP']","[16, 32, 64, 128, 256]","[1, 2, 3, 4]","[0, 0.1, 0.2, 0.3, 0.5]","['relu', 'tanh', 'sigmoid', 'elu']","[1e-05, 0.01]","[2, 3, 4, 5, 6, 7, 8, 9, 10, 11, 12, 13, 14, 15, 16, 17, 18, 19, 20, 21, 22, 23, 24, 25, 26, 27, 28, 29, 30]","[16, 32, 64, 128]","[5, 10, 15, 20]","[2, 3, 5, 7]","[2, 4, 8]",random,minimize,local
xzyjq1eh,4,10,1779265526419,,/home/meliani/nni-experiments/xzyjq1eh,1,exp_random_100_tt_only_tt_only,hpo,/home/meliani/Desktop/phd/fast-track/search_space.json,python3 trial.py --data ./tt_only.csv,/home/meliani/Desktop/phd/fast-track,1,360000s,100,False,False,info,/home/meliani/nni-experiments,"['LSTM', 'GRU', 'CNN', 'RNN', 'TCN', 'Transformer', 'MLP']","[16, 32, 64, 128, 256]","[1, 2, 3, 4]","[0, 0.1, 0.2, 0.3, 0.5]","['relu', 'tanh', 'sigmoid', 'elu']","[1e-05, 0.01]","[2, 3, 4, 5, 6, 7, 8, 9, 10, 11, 12, 13, 14, 15, 16, 17, 18, 19, 20, 21, 22, 23, 24, 25, 26, 27, 28, 29, 30]","[16, 32, 64, 128]","[5, 10, 15, 20]","[2, 3, 5, 7]","[2, 4, 8]",random,minimize,local
xzyjq1eh,5,20,1779265526419,,/home/meliani/nni-experiments/xzyjq1eh,1,exp_random_100_tt_only_tt_only,hpo,/home/meliani/Desktop/phd/fast-track/search_space.json,python3 trial.py --data ./tt_only.csv,/home/meliani/Desktop/phd/fast-track,1,360000s,100,False,False,info,/home/meliani/nni-experiments,"['LSTM', 'GRU', 'CNN', 'RNN', 'TCN', 'Transformer', 'MLP']","[16, 32, 64, 128, 256]","[1, 2, 3, 4]","[0, 0.1, 0.2, 0.3, 0.5]","['relu', 'tanh', 'sigmoid', 'elu']","[1e-05, 0.01]","[2, 3, 4, 5, 6, 7, 8, 9, 10, 11, 12, 13, 14, 15, 16, 17, 18, 19, 20, 21, 22, 23, 24, 25, 26, 27, 28, 29, 30]","[16, 32, 64, 128]","[5, 10, 15, 20]","[2, 3, 5, 7]","[2, 4, 8]",random,minimize,local
xzyjq1eh,6,30,1779265526419,,/home/meliani/nni-experiments/xzyjq1eh,1,exp_random_100_tt_only_tt_only,hpo,/home/meliani/Desktop/phd/fast-track/search_space.json,python3 trial.py --data ./tt_only.csv,/home/meliani/Desktop/phd/fast-track,1,360000s,100,False,False,info,/home/meliani/nni-experiments,"['LSTM', 'GRU', 'CNN', 'RNN', 'TCN', 'Transformer', 'MLP']","[16, 32, 64, 128, 256]","[1, 2, 3, 4]","[0, 0.1, 0.2, 0.3, 0.5]","['relu', 'tanh', 'sigmoid', 'elu']","[1e-05, 0.01]","[2, 3, 4, 5, 6, 7, 8, 9, 10, 11, 12, 13, 14, 15, 16, 17, 18, 19, 20, 21, 22, 23, 24, 25, 26, 27, 28, 29, 30]","[16, 32, 64, 128]","[5, 10, 15, 20]","[2, 3, 5, 7]","[2, 4, 8]",random,minimize,local
xzyjq1eh,7,40,1779265526419,,/home/meliani/nni-experiments/xzyjq1eh,1,exp_random_100_tt_only_tt_only,hpo,/home/meliani/Desktop/phd/fast-track/search_space.json,python3 trial.py --data ./tt_only.csv,/home/meliani/Desktop/phd/fast-track,1,360000s,100,False,False,info,/home/meliani/nni-experiments,"['LSTM', 'GRU', 'CNN', 'RNN', 'TCN', 'Transformer', 'MLP']","[16, 32, 64, 128, 256]","[1, 2, 3, 4]","[0, 0.1, 0.2, 0.3, 0.5]","['relu', 'tanh', 'sigmoid', 'elu']","[1e-05, 0.01]","[2, 3, 4, 5, 6, 7, 8, 9, 10, 11, 12, 13, 14, 15, 16, 17, 18, 19, 20, 21, 22, 23, 24, 25, 26, 27, 28, 29, 30]","[16, 32, 64, 128]","[5, 10, 15, 20]","[2, 3, 5, 7]","[2, 4, 8]",random,minimize,local
xzyjq1eh,8,46,1779265526419,,/home/meliani/nni-experiments/xzyjq1eh,2,exp_random_100_tt_only_tt_only,hpo,/home/meliani/Desktop/phd/fast-track/search_space.json,python3 trial.py --data ./tt_only.csv,/home/meliani/Desktop/phd/fast-track,1,360000s,100,False,False,info,/home/meliani/nni-experiments,"['LSTM', 'GRU', 'CNN', 'RNN', 'TCN', 'Transformer', 'MLP']","[16, 32, 64, 128, 256]","[1, 2, 3, 4]","[0, 0.1, 0.2, 0.3, 0.5]","['relu', 'tanh', 'sigmoid', 'elu']","[1e-05, 0.01]","[2, 3, 4, 5, 6, 7, 8, 9, 10, 11, 12, 13, 14, 15, 16, 17, 18, 19, 20, 21, 22, 23, 24, 25, 26, 27, 28, 29, 30]","[16, 32, 64, 128]","[5, 10, 15, 20]","[2, 3, 5, 7]","[2, 4, 8]",random,minimize,local
xzyjq1eh,9,50,1779265526419,,/home/meliani/nni-experiments/xzyjq1eh,2,exp_random_100_tt_only_tt_only,hpo,/home/meliani/Desktop/phd/fast-track/search_space.json,python3 trial.py --data ./tt_only.csv,/home/meliani/Desktop/phd/fast-track,1,360000s,100,False,False,info,/home/meliani/nni-experiments,"['LSTM', 'GRU', 'CNN', 'RNN', 'TCN', 'Transformer', 'MLP']","[16, 32, 64, 128, 256]","[1, 2, 3, 4]","[0, 0.1, 0.2, 0.3, 0.5]","['relu', 'tanh', 'sigmoid', 'elu']","[1e-05, 0.01]","[2, 3, 4, 5, 6, 7, 8, 9, 10, 11, 12, 13, 14, 15, 16, 17, 18, 19, 20, 21, 22, 23, 24, 25, 26, 27, 28, 29, 30]","[16, 32, 64, 128]","[5, 10, 15, 20]","[2, 3, 5, 7]","[2, 4, 8]",random,minimize,local
xzyjq1eh,10,51,1779265526419,,/home/meliani/nni-experiments/xzyjq1eh,3,exp_random_100_tt_only_tt_only,hpo,/home/meliani/Desktop/phd/fast-track/search_space.json,python3 trial.py --data ./tt_only.csv,/home/meliani/Desktop/phd/fast-track,1,360000s,100,False,False,info,/home/meliani/nni-experiments,"['LSTM', 'GRU', 'CNN', 'RNN', 'TCN', 'Transformer', 'MLP']","[16, 32, 64, 128, 256]","[1, 2, 3, 4]","[0, 0.1, 0.2, 0.3, 0.5]","['relu', 'tanh', 'sigmoid', 'elu']","[1e-05, 0.01]","[2, 3, 4, 5, 6, 7, 8, 9, 10, 11, 12, 13, 14, 15, 16, 17, 18, 19, 20, 21, 22, 23, 24, 25, 26, 27, 28, 29, 30]","[16, 32, 64, 128]","[5, 10, 15, 20]","[2, 3, 5, 7]","[2, 4, 8]",random,minimize,local
xzyjq1eh,11,60,1779265526419,,/home/meliani/nni-experiments/xzyjq1eh,3,exp_random_100_tt_only_tt_only,hpo,/home/meliani/Desktop/phd/fast-track/search_space.json,python3 trial.py --data ./tt_only.csv,/home/meliani/Desktop/phd/fast-track,1,360000s,100,False,False,info,/home/meliani/nni-experiments,"['LSTM', 'GRU', 'CNN', 'RNN', 'TCN', 'Transformer', 'MLP']","[16, 32, 64, 128, 256]","[1, 2, 3, 4]","[0, 0.1, 0.2, 0.3, 0.5]","['relu', 'tanh', 'sigmoid', 'elu']","[1e-05, 0.01]","[2, 3, 4, 5, 6, 7, 8, 9, 10, 11, 12, 13, 14, 15, 16, 17, 18, 19, 20, 21, 22, 23, 24, 25, 26, 27, 28, 29, 30]","[16, 32, 64, 128]","[5, 10, 15, 20]","[2, 3, 5, 7]","[2, 4, 8]",random,minimize,local
xzyjq1eh,12,63,1779265526419,,/home/meliani/nni-experiments/xzyjq1eh,4,exp_random_100_tt_only_tt_only,hpo,/home/meliani/Desktop/phd/fast-track/search_space.json,python3 trial.py --data ./tt_only.csv,/home/meliani/Desktop/phd/fast-track,1,360000s,100,False,False,info,/home/meliani/nni-experiments,"['LSTM', 'GRU', 'CNN', 'RNN', 'TCN', 'Transformer', 'MLP']","[16, 32, 64, 128, 256]","[1, 2, 3, 4]","[0, 0.1, 0.2, 0.3, 0.5]","['relu', 'tanh', 'sigmoid', 'elu']","[1e-05, 0.01]","[2, 3, 4, 5, 6, 7, 8, 9, 10, 11, 12, 13, 14, 15, 16, 17, 18, 19, 20, 21, 22, 23, 24, 25, 26, 27, 28, 29, 30]","[16, 32, 64, 128]","[5, 10, 15, 20]","[2, 3, 5, 7]","[2, 4, 8]",random,minimize,local
xzyjq1eh,13,70,1779265526419,,/home/meliani/nni-experiments/xzyjq1eh,4,exp_random_100_tt_only_tt_only,hpo,/home/meliani/Desktop/phd/fast-track/search_space.json,python3 trial.py --data ./tt_only.csv,/home/meliani/Desktop/phd/fast-track,1,360000s,100,False,False,info,/home/meliani/nni-experiments,"['LSTM', 'GRU', 'CNN', 'RNN', 'TCN', 'Transformer', 'MLP']","[16, 32, 64, 128, 256]","[1, 2, 3, 4]","[0, 0.1, 0.2, 0.3, 0.5]","['relu', 'tanh', 'sigmoid', 'elu']","[1e-05, 0.01]","[2, 3, 4, 5, 6, 7, 8, 9, 10, 11, 12, 13, 14, 15, 16, 17, 18, 19, 20, 21, 22, 23, 24, 25, 26, 27, 28, 29, 30]","[16, 32, 64, 128]","[5, 10, 15, 20]","[2, 3, 5, 7]","[2, 4, 8]",random,minimize,local
xzyjq1eh,14,70,1779265526419,,/home/meliani/nni-experiments/xzyjq1eh,5,exp_random_100_tt_only_tt_only,hpo,/home/meliani/Desktop/phd/fast-track/search_space.json,python3 trial.py --data ./tt_only.csv,/home/meliani/Desktop/phd/fast-track,1,360000s,100,False,False,info,/home/meliani/nni-experiments,"['LSTM', 'GRU', 'CNN', 'RNN', 'TCN', 'Transformer', 'MLP']","[16, 32, 64, 128, 256]","[1, 2, 3, 4]","[0, 0.1, 0.2, 0.3, 0.5]","['relu', 'tanh', 'sigmoid', 'elu']","[1e-05, 0.01]","[2, 3, 4, 5, 6, 7, 8, 9, 10, 11, 12, 13, 14, 15, 16, 17, 18, 19, 20, 21, 22, 23, 24, 25, 26, 27, 28, 29, 30]","[16, 32, 64, 128]","[5, 10, 15, 20]","[2, 3, 5, 7]","[2, 4, 8]",random,minimize,local
xzyjq1eh,15,80,1779265526419,,/home/meliani/nni-experiments/xzyjq1eh,6,exp_random_100_tt_only_tt_only,hpo,/home/meliani/Desktop/phd/fast-track/search_space.json,python3 trial.py --data ./tt_only.csv,/home/meliani/Desktop/phd/fast-track,1,360000s,100,False,False,info,/home/meliani/nni-experiments,"['LSTM', 'GRU', 'CNN', 'RNN', 'TCN', 'Transformer', 'MLP']","[16, 32, 64, 128, 256]","[1, 2, 3, 4]","[0, 0.1, 0.2, 0.3, 0.5]","['relu', 'tanh', 'sigmoid', 'elu']","[1e-05, 0.01]","[2, 3, 4, 5, 6, 7, 8, 9, 10, 11, 12, 13, 14, 15, 16, 17, 18, 19, 20, 21, 22, 23, 24, 25, 26, 27, 28, 29, 30]","[16, 32, 64, 128]","[5, 10, 15, 20]","[2, 3, 5, 7]","[2, 4, 8]",random,minimize,local
xzyjq1eh,16,80,1779265526419,,/home/meliani/nni-experiments/xzyjq1eh,6,exp_random_100_tt_only_tt_only,hpo,/home/meliani/Desktop/phd/fast-track/search_space.json,python3 trial.py --data ./tt_only.csv,/home/meliani/Desktop/phd/fast-track,1,360000s,100,False,False,info,/home/meliani/nni-experiments,"['LSTM', 'GRU', 'CNN', 'RNN', 'TCN', 'Transformer', 'MLP']","[16, 32, 64, 128, 256]","[1, 2, 3, 4]","[0, 0.1, 0.2, 0.3, 0.5]","['relu', 'tanh', 'sigmoid', 'elu']","[1e-05, 0.01]","[2, 3, 4, 5, 6, 7, 8, 9, 10, 11, 12, 13, 14, 15, 16, 17, 18, 19, 20, 21, 22, 23, 24, 25, 26, 27, 28, 29, 30]","[16, 32, 64, 128]","[5, 10, 15, 20]","[2, 3, 5, 7]","[2, 4, 8]",random,minimize,local
xzyjq1eh,17,86,1779265526419,,/home/meliani/nni-experiments/xzyjq1eh,7,exp_random_100_tt_only_tt_only,hpo,/home/meliani/Desktop/phd/fast-track/search_space.json,python3 trial.py --data ./tt_only.csv,/home/meliani/Desktop/phd/fast-track,1,360000s,100,False,False,info,/home/meliani/nni-experiments,"['LSTM', 'GRU', 'CNN', 'RNN', 'TCN', 'Transformer', 'MLP']","[16, 32, 64, 128, 256]","[1, 2, 3, 4]","[0, 0.1, 0.2, 0.3, 0.5]","['relu', 'tanh', 'sigmoid', 'elu']","[1e-05, 0.01]","[2, 3, 4, 5, 6, 7, 8, 9, 10, 11, 12, 13, 14, 15, 16, 17, 18, 19, 20, 21, 22, 23, 24, 25, 26, 27, 28, 29, 30]","[16, 32, 64, 128]","[5, 10, 15, 20]","[2, 3, 5, 7]","[2, 4, 8]",random,minimize,local
xzyjq1eh,18,90,1779265526419,,/home/meliani/nni-experiments/xzyjq1eh,7,exp_random_100_tt_only_tt_only,hpo,/home/meliani/Desktop/phd/fast-track/search_space.json,python3 trial.py --data ./tt_only.csv,/home/meliani/Desktop/phd/fast-track,1,360000s,100,False,False,info,/home/meliani/nni-experiments,"['LSTM', 'GRU', 'CNN', 'RNN', 'TCN', 'Transformer', 'MLP']","[16, 32, 64, 128, 256]","[1, 2, 3, 4]","[0, 0.1, 0.2, 0.3, 0.5]","['relu', 'tanh', 'sigmoid', 'elu']","[1e-05, 0.01]","[2, 3, 4, 5, 6, 7, 8, 9, 10, 11, 12, 13, 14, 15, 16, 17, 18, 19, 20, 21, 22, 23, 24, 25, 26, 27, 28, 29, 30]","[16, 32, 64, 128]","[5, 10, 15, 20]","[2, 3, 5, 7]","[2, 4, 8]",random,minimize,local
xzyjq1eh,19,99,1779265526419,,/home/meliani/nni-experiments/xzyjq1eh,8,exp_random_100_tt_only_tt_only,hpo,/home/meliani/Desktop/phd/fast-track/search_space.json,python3 trial.py --data ./tt_only.csv,/home/meliani/Desktop/phd/fast-track,1,360000s,100,False,False,info,/home/meliani/nni-experiments,"['LSTM', 'GRU', 'CNN', 'RNN', 'TCN', 'Transformer', 'MLP']","[16, 32, 64, 128, 256]","[1, 2, 3, 4]","[0, 0.1, 0.2, 0.3, 0.5]","['relu', 'tanh', 'sigmoid', 'elu']","[1e-05, 0.01]","[2, 3, 4, 5, 6, 7, 8, 9, 10, 11, 12, 13, 14, 15, 16, 17, 18, 19, 20, 21, 22, 23, 24, 25, 26, 27, 28, 29, 30]","[16, 32, 64, 128]","[5, 10, 15, 20]","[2, 3, 5, 7]","[2, 4, 8]",random,minimize,local
xzyjq1eh,20,100,1779265526419,,/home/meliani/nni-experiments/xzyjq1eh,8,exp_random_100_tt_only_tt_only,hpo,/home/meliani/Desktop/phd/fast-track/search_space.json,python3 trial.py --data ./tt_only.csv,/home/meliani/Desktop/phd/fast-track,1,360000s,100,False,False,info,/home/meliani/nni-experiments,"['LSTM', 'GRU', 'CNN', 'RNN', 'TCN', 'Transformer', 'MLP']","[16, 32, 64, 128, 256]","[1, 2, 3, 4]","[0, 0.1, 0.2, 0.3, 0.5]","['relu', 'tanh', 'sigmoid', 'elu']","[1e-05, 0.01]","[2, 3, 4, 5, 6, 7, 8, 9, 10, 11, 12, 13, 14, 15, 16, 17, 18, 19, 20, 21, 22, 23, 24, 25, 26, 27, 28, 29, 30]","[16, 32, 64, 128]","[5, 10, 15, 20]","[2, 3, 5, 7]","[2, 4, 8]",random,minimize,local
xzyjq1eh,21,110,1779265526419,,/home/meliani/nni-experiments/xzyjq1eh,9,exp_random_100_tt_only_tt_only,hpo,/home/meliani/Desktop/phd/fast-track/search_space.json,python3 trial.py --data ./tt_only.csv,/home/meliani/Desktop/phd/fast-track,1,360000s,100,False,False,info,/home/meliani/nni-experiments,"['LSTM', 'GRU', 'CNN', 'RNN', 'TCN', 'Transformer', 'MLP']","[16, 32, 64, 128, 256]","[1, 2, 3, 4]","[0, 0.1, 0.2, 0.3, 0.5]","['relu', 'tanh', 'sigmoid', 'elu']","[1e-05, 0.01]","[2, 3, 4, 5, 6, 7, 8, 9, 10, 11, 12, 13, 14, 15, 16, 17, 18, 19, 20, 21, 22, 23, 24, 25, 26, 27, 28, 29, 30]","[16, 32, 64, 128]","[5, 10, 15, 20]","[2, 3, 5, 7]","[2, 4, 8]",random,minimize,local
xzyjq1eh,22,110,1779265526419,,/home/meliani/nni-experiments/xzyjq1eh,9,exp_random_100_tt_only_tt_only,hpo,/home/meliani/Desktop/phd/fast-track/search_space.json,python3 trial.py --data ./tt_only.csv,/home/meliani/Desktop/phd/fast-track,1,360000s,100,False,False,info,/home/meliani/nni-experiments,"['LSTM', 'GRU', 'CNN', 'RNN', 'TCN', 'Transformer', 'MLP']","[16, 32, 64, 128, 256]","[1, 2, 3, 4]","[0, 0.1, 0.2, 0.3, 0.5]","['relu', 'tanh', 'sigmoid', 'elu']","[1e-05, 0.01]","[2, 3, 4, 5, 6, 7, 8, 9, 10, 11, 12, 13, 14, 15, 16, 17, 18, 19, 20, 21, 22, 23, 24, 25, 26, 27, 28, 29, 30]","[16, 32, 64, 128]","[5, 10, 15, 20]","[2, 3, 5, 7]","[2, 4, 8]",random,minimize,local
xzyjq1eh,23,115,1779265526419,,/home/meliani/nni-experiments/xzyjq1eh,10,exp_random_100_tt_only_tt_only,hpo,/home/meliani/Desktop/phd/fast-track/search_space.json,python3 trial.py --data ./tt_only.csv,/home/meliani/Desktop/phd/fast-track,1,360000s,100,False,False,info,/home/meliani/nni-experiments,"['LSTM', 'GRU', 'CNN', 'RNN', 'TCN', 'Transformer', 'MLP']","[16, 32, 64, 128, 256]","[1, 2, 3, 4]","[0, 0.1, 0.2, 0.3, 0.5]","['relu', 'tanh', 'sigmoid', 'elu']","[1e-05, 0.01]","[2, 3, 4, 5, 6, 7, 8, 9, 10, 11, 12, 13, 14, 15, 16, 17, 18, 19, 20, 21, 22, 23, 24, 25, 26, 27, 28, 29, 30]","[16, 32, 64, 128]","[5, 10, 15, 20]","[2, 3, 5, 7]","[2, 4, 8]",random,minimize,local
xzyjq1eh,24,119,1779265526419,,/home/meliani/nni-experiments/xzyjq1eh,11,exp_random_100_tt_only_tt_only,hpo,/home/meliani/Desktop/phd/fast-track/search_space.json,python3 trial.py --data ./tt_only.csv,/home/meliani/Desktop/phd/fast-track,1,360000s,100,False,False,info,/home/meliani/nni-experiments,"['LSTM', 'GRU', 'CNN', 'RNN', 'TCN', 'Transformer', 'MLP']","[16, 32, 64, 128, 256]","[1, 2, 3, 4]","[0, 0.1, 0.2, 0.3, 0.5]","['relu', 'tanh', 'sigmoid', 'elu']","[1e-05, 0.01]","[2, 3, 4, 5, 6, 7, 8, 9, 10, 11, 12, 13, 14, 15, 16, 17, 18, 19, 20, 21, 22, 23, 24, 25, 26, 27, 28, 29, 30]","[16, 32, 64, 128]","[5, 10, 15, 20]","[2, 3, 5, 7]","[2, 4, 8]",random,minimize,local
xzyjq1eh,25,120,1779265526419,,/home/meliani/nni-experiments/xzyjq1eh,11,exp_random_100_tt_only_tt_only,hpo,/home/meliani/Desktop/phd/fast-track/search_space.json,python3 trial.py --data ./tt_only.csv,/home/meliani/Desktop/phd/fast-track,1,360000s,100,False,False,info,/home/meliani/nni-experiments,"['LSTM', 'GRU', 'CNN', 'RNN', 'TCN', 'Transformer', 'MLP']","[16, 32, 64, 128, 256]","[1, 2, 3, 4]","[0, 0.1, 0.2, 0.3, 0.5]","['relu', 'tanh', 'sigmoid', 'elu']","[1e-05, 0.01]","[2, 3, 4, 5, 6, 7, 8, 9, 10, 11, 12, 13, 14, 15, 16, 17, 18, 19, 20, 21, 22, 23, 24, 25, 26, 27, 28, 29, 30]","[16, 32, 64, 128]","[5, 10, 15, 20]","[2, 3, 5, 7]","[2, 4, 8]",random,minimize,local
xzyjq1eh,26,130,1779265526419,,/home/meliani/nni-experiments/xzyjq1eh,11,exp_random_100_tt_only_tt_only,hpo,/home/meliani/Desktop/phd/fast-track/search_space.json,python3 trial.py --data ./tt_only.csv,/home/meliani/Desktop/phd/fast-track,1,360000s,100,False,False,info,/home/meliani/nni-experiments,"['LSTM', 'GRU', 'CNN', 'RNN', 'TCN', 'Transformer', 'MLP']","[16, 32, 64, 128, 256]","[1, 2, 3, 4]","[0, 0.1, 0.2, 0.3, 0.5]","['relu', 'tanh', 'sigmoid', 'elu']","[1e-05, 0.01]","[2, 3, 4, 5, 6, 7, 8, 9, 10, 11, 12, 13, 14, 15, 16, 17, 18, 19, 20, 21, 22, 23, 24, 25, 26, 27, 28, 29, 30]","[16, 32, 64, 128]","[5, 10, 15, 20]","[2, 3, 5, 7]","[2, 4, 8]",random,minimize,local
xzyjq1eh,27,140,1779265526419,,/home/meliani/nni-experiments/xzyjq1eh,11,exp_random_100_tt_only_tt_only,hpo,/home/meliani/Desktop/phd/fast-track/search_space.json,python3 trial.py --data ./tt_only.csv,/home/meliani/Desktop/phd/fast-track,1,360000s,100,False,False,info,/home/meliani/nni-experiments,"['LSTM', 'GRU', 'CNN', 'RNN', 'TCN', 'Transformer', 'MLP']","[16, 32, 64, 128, 256]","[1, 2, 3, 4]","[0, 0.1, 0.2, 0.3, 0.5]","['relu', 'tanh', 'sigmoid', 'elu']","[1e-05, 0.01]","[2, 3, 4, 5, 6, 7, 8, 9, 10, 11, 12, 13, 14, 15, 16, 17, 18, 19, 20, 21, 22, 23, 24, 25, 26, 27, 28, 29, 30]","[16, 32, 64, 128]","[5, 10, 15, 20]","[2, 3, 5, 7]","[2, 4, 8]",random,minimize,local
xzyjq1eh,28,150,1779265526419,,/home/meliani/nni-experiments/xzyjq1eh,11,exp_random_100_tt_only_tt_only,hpo,/home/meliani/Desktop/phd/fast-track/search_space.json,python3 trial.py --data ./tt_only.csv,/home/meliani/Desktop/phd/fast-track,1,360000s,100,False,False,info,/home/meliani/nni-experiments,"['LSTM', 'GRU', 'CNN', 'RNN', 'TCN', 'Transformer', 'MLP']","[16, 32, 64, 128, 256]","[1, 2, 3, 4]","[0, 0.1, 0.2, 0.3, 0.5]","['relu', 'tanh', 'sigmoid', 'elu']","[1e-05, 0.01]","[2, 3, 4, 5, 6, 7, 8, 9, 10, 11, 12, 13, 14, 15, 16, 17, 18, 19, 20, 21, 22, 23, 24, 25, 26, 27, 28, 29, 30]","[16, 32, 64, 128]","[5, 10, 15, 20]","[2, 3, 5, 7]","[2, 4, 8]",random,minimize,local
xzyjq1eh,29,160,1779265526419,,/home/meliani/nni-experiments/xzyjq1eh,11,exp_random_100_tt_only_tt_only,hpo,/home/meliani/Desktop/phd/fast-track/search_space.json,python3 trial.py --data ./tt_only.csv,/home/meliani/Desktop/phd/fast-track,1,360000s,100,False,False,info,/home/meliani/nni-experiments,"['LSTM', 'GRU', 'CNN', 'RNN', 'TCN', 'Transformer', 'MLP']","[16, 32, 64, 128, 256]","[1, 2, 3, 4]","[0, 0.1, 0.2, 0.3, 0.5]","['relu', 'tanh', 'sigmoid', 'elu']","[1e-05, 0.01]","[2, 3, 4, 5, 6, 7, 8, 9, 10, 11, 12, 13, 14, 15, 16, 17, 18, 19, 20, 21, 22, 23, 24, 25, 26, 27, 28, 29, 30]","[16, 32, 64, 128]","[5, 10, 15, 20]","[2, 3, 5, 7]","[2, 4, 8]",random,minimize,local
xzyjq1eh,30,162,1779265526419,,/home/meliani/nni-experiments/xzyjq1eh,12,exp_random_100_tt_only_tt_only,hpo,/home/meliani/Desktop/phd/fast-track/search_space.json,python3 trial.py --data ./tt_only.csv,/home/meliani/Desktop/phd/fast-track,1,360000s,100,False,False,info,/home/meliani/nni-experiments,"['LSTM', 'GRU', 'CNN', 'RNN', 'TCN', 'Transformer', 'MLP']","[16, 32, 64, 128, 256]","[1, 2, 3, 4]","[0, 0.1, 0.2, 0.3, 0.5]","['relu', 'tanh', 'sigmoid', 'elu']","[1e-05, 0.01]","[2, 3, 4, 5, 6, 7, 8, 9, 10, 11, 12, 13, 14, 15, 16, 17, 18, 19, 20, 21, 22, 23, 24, 25, 26, 27, 28, 29, 30]","[16, 32, 64, 128]","[5, 10, 15, 20]","[2, 3, 5, 7]","[2, 4, 8]",random,minimize,local
xzyjq1eh,31,170,1779265526419,,/home/meliani/nni-experiments/xzyjq1eh,12,exp_random_100_tt_only_tt_only,hpo,/home/meliani/Desktop/phd/fast-track/search_space.json,python3 trial.py --data ./tt_only.csv,/home/meliani/Desktop/phd/fast-track,1,360000s,100,False,False,info,/home/meliani/nni-experiments,"['LSTM', 'GRU', 'CNN', 'RNN', 'TCN', 'Transformer', 'MLP']","[16, 32, 64, 128, 256]","[1, 2, 3, 4]","[0, 0.1, 0.2, 0.3, 0.5]","['relu', 'tanh', 'sigmoid', 'elu']","[1e-05, 0.01]","[2, 3, 4, 5, 6, 7, 8, 9, 10, 11, 12, 13, 14, 15, 16, 17, 18, 19, 20, 21, 22, 23, 24, 25, 26, 27, 28, 29, 30]","[16, 32, 64, 128]","[5, 10, 15, 20]","[2, 3, 5, 7]","[2, 4, 8]",random,minimize,local
xzyjq1eh,32,180,1779265526419,,/home/meliani/nni-experiments/xzyjq1eh,12,exp_random_100_tt_only_tt_only,hpo,/home/meliani/Desktop/phd/fast-track/search_space.json,python3 trial.py --data ./tt_only.csv,/home/meliani/Desktop/phd/fast-track,1,360000s,100,False,False,info,/home/meliani/nni-experiments,"['LSTM', 'GRU', 'CNN', 'RNN', 'TCN', 'Transformer', 'MLP']","[16, 32, 64, 128, 256]","[1, 2, 3, 4]","[0, 0.1, 0.2, 0.3, 0.5]","['relu', 'tanh', 'sigmoid', 'elu']","[1e-05, 0.01]","[2, 3, 4, 5, 6, 7, 8, 9, 10, 11, 12, 13, 14, 15, 16, 17, 18, 19, 20, 21, 22, 23, 24, 25, 26, 27, 28, 29, 30]","[16, 32, 64, 128]","[5, 10, 15, 20]","[2, 3, 5, 7]","[2, 4, 8]",random,minimize,local
xzyjq1eh,33,190,1779265526419,,/home/meliani/nni-experiments/xzyjq1eh,13,exp_random_100_tt_only_tt_only,hpo,/home/meliani/Desktop/phd/fast-track/search_space.json,python3 trial.py --data ./tt_only.csv,/home/meliani/Desktop/phd/fast-track,1,360000s,100,False,False,info,/home/meliani/nni-experiments,"['LSTM', 'GRU', 'CNN', 'RNN', 'TCN', 'Transformer', 'MLP']","[16, 32, 64, 128, 256]","[1, 2, 3, 4]","[0, 0.1, 0.2, 0.3, 0.5]","['relu', 'tanh', 'sigmoid', 'elu']","[1e-05, 0.01]","[2, 3, 4, 5, 6, 7, 8, 9, 10, 11, 12, 13, 14, 15, 16, 17, 18, 19, 20, 21, 22, 23, 24, 25, 26, 27, 28, 29, 30]","[16, 32, 64, 128]","[5, 10, 15, 20]","[2, 3, 5, 7]","[2, 4, 8]",random,minimize,local
xzyjq1eh,34,190,1779265526419,,/home/meliani/nni-experiments/xzyjq1eh,13,exp_random_100_tt_only_tt_only,hpo,/home/meliani/Desktop/phd/fast-track/search_space.json,python3 trial.py --data ./tt_only.csv,/home/meliani/Desktop/phd/fast-track,1,360000s,100,False,False,info,/home/meliani/nni-experiments,"['LSTM', 'GRU', 'CNN', 'RNN', 'TCN', 'Transformer', 'MLP']","[16, 32, 64, 128, 256]","[1, 2, 3, 4]","[0, 0.1, 0.2, 0.3, 0.5]","['relu', 'tanh', 'sigmoid', 'elu']","[1e-05, 0.01]","[2, 3, 4, 5, 6, 7, 8, 9, 10, 11, 12, 13, 14, 15, 16, 17, 18, 19, 20, 21, 22, 23, 24, 25, 26, 27, 28, 29, 30]","[16, 32, 64, 128]","[5, 10, 15, 20]","[2, 3, 5, 7]","[2, 4, 8]",random,minimize,local
xzyjq1eh,35,195,1779265526419,,/home/meliani/nni-experiments/xzyjq1eh,14,exp_random_100_tt_only_tt_only,hpo,/home/meliani/Desktop/phd/fast-track/search_space.json,python3 trial.py --data ./tt_only.csv,/home/meliani/Desktop/phd/fast-track,1,360000s,100,False,False,info,/home/meliani/nni-experiments,"['LSTM', 'GRU', 'CNN', 'RNN', 'TCN', 'Transformer', 'MLP']","[16, 32, 64, 128, 256]","[1, 2, 3, 4]","[0, 0.1, 0.2, 0.3, 0.5]","['relu', 'tanh', 'sigmoid', 'elu']","[1e-05, 0.01]","[2, 3, 4, 5, 6, 7, 8, 9, 10, 11, 12, 13, 14, 15, 16, 17, 18, 19, 20, 21, 22, 23, 24, 25, 26, 27, 28, 29, 30]","[16, 32, 64, 128]","[5, 10, 15, 20]","[2, 3, 5, 7]","[2, 4, 8]",random,minimize,local
xzyjq1eh,36,200,1779265526419,,/home/meliani/nni-experiments/xzyjq1eh,14,exp_random_100_tt_only_tt_only,hpo,/home/meliani/Desktop/phd/fast-track/search_space.json,python3 trial.py --data ./tt_only.csv,/home/meliani/Desktop/phd/fast-track,1,360000s,100,False,False,info,/home/meliani/nni-experiments,"['LSTM', 'GRU', 'CNN', 'RNN', 'TCN', 'Transformer', 'MLP']","[16, 32, 64, 128, 256]","[1, 2, 3, 4]","[0, 0.1, 0.2, 0.3, 0.5]","['relu', 'tanh', 'sigmoid', 'elu']","[1e-05, 0.01]","[2, 3, 4, 5, 6, 7, 8, 9, 10, 11, 12, 13, 14, 15, 16, 17, 18, 19, 20, 21, 22, 23, 24, 25, 26, 27, 28, 29, 30]","[16, 32, 64, 128]","[5, 10, 15, 20]","[2, 3, 5, 7]","[2, 4, 8]",random,minimize,local
xzyjq1eh,37,200,1779265526419,,/home/meliani/nni-experiments/xzyjq1eh,15,exp_random_100_tt_only_tt_only,hpo,/home/meliani/Desktop/phd/fast-track/search_space.json,python3 trial.py --data ./tt_only.csv,/home/meliani/Desktop/phd/fast-track,1,360000s,100,False,False,info,/home/meliani/nni-experiments,"['LSTM', 'GRU', 'CNN', 'RNN', 'TCN', 'Transformer', 'MLP']","[16, 32, 64, 128, 256]","[1, 2, 3, 4]","[0, 0.1, 0.2, 0.3, 0.5]","['relu', 'tanh', 'sigmoid', 'elu']","[1e-05, 0.01]","[2, 3, 4, 5, 6, 7, 8, 9, 10, 11, 12, 13, 14, 15, 16, 17, 18, 19, 20, 21, 22, 23, 24, 25, 26, 27, 28, 29, 30]","[16, 32, 64, 128]","[5, 10, 15, 20]","[2, 3, 5, 7]","[2, 4, 8]",random,minimize,local
xzyjq1eh,38,210,1779265526419,,/home/meliani/nni-experiments/xzyjq1eh,15,exp_random_100_tt_only_tt_only,hpo,/home/meliani/Desktop/phd/fast-track/search_space.json,python3 trial.py --data ./tt_only.csv,/home/meliani/Desktop/phd/fast-track,1,360000s,100,False,False,info,/home/meliani/nni-experiments,"['LSTM', 'GRU', 'CNN', 'RNN', 'TCN', 'Transformer', 'MLP']","[16, 32, 64, 128, 256]","[1, 2, 3, 4]","[0, 0.1, 0.2, 0.3, 0.5]","['relu', 'tanh', 'sigmoid', 'elu']","[1e-05, 0.01]","[2, 3, 4, 5, 6, 7, 8, 9, 10, 11, 12, 13, 14, 15, 16, 17, 18, 19, 20, 21, 22, 23, 24, 25, 26, 27, 28, 29, 30]","[16, 32, 64, 128]","[5, 10, 15, 20]","[2, 3, 5, 7]","[2, 4, 8]",random,minimize,local
xzyjq1eh,39,220,1779265526419,,/home/meliani/nni-experiments/xzyjq1eh,15,exp_random_100_tt_only_tt_only,hpo,/home/meliani/Desktop/phd/fast-track/search_space.json,python3 trial.py --data ./tt_only.csv,/home/meliani/Desktop/phd/fast-track,1,360000s,100,False,False,info,/home/meliani/nni-experiments,"['LSTM', 'GRU', 'CNN', 'RNN', 'TCN', 'Transformer', 'MLP']","[16, 32, 64, 128, 256]","[1, 2, 3, 4]","[0, 0.1, 0.2, 0.3, 0.5]","['relu', 'tanh', 'sigmoid', 'elu']","[1e-05, 0.01]","[2, 3, 4, 5, 6, 7, 8, 9, 10, 11, 12, 13, 14, 15, 16, 17, 18, 19, 20, 21, 22, 23, 24, 25, 26, 27, 28, 29, 30]","[16, 32, 64, 128]","[5, 10, 15, 20]","[2, 3, 5, 7]","[2, 4, 8]",random,minimize,local
xzyjq1eh,40,230,1779265526419,,/home/meliani/nni-experiments/xzyjq1eh,15,exp_random_100_tt_only_tt_only,hpo,/home/meliani/Desktop/phd/fast-track/search_space.json,python3 trial.py --data ./tt_only.csv,/home/meliani/Desktop/phd/fast-track,1,360000s,100,False,False,info,/home/meliani/nni-experiments,"['LSTM', 'GRU', 'CNN', 'RNN', 'TCN', 'Transformer', 'MLP']","[16, 32, 64, 128, 256]","[1, 2, 3, 4]","[0, 0.1, 0.2, 0.3, 0.5]","['relu', 'tanh', 'sigmoid', 'elu']","[1e-05, 0.01]","[2, 3, 4, 5, 6, 7, 8, 9, 10, 11, 12, 13, 14, 15, 16, 17, 18, 19, 20, 21, 22, 23, 24, 25, 26, 27, 28, 29, 30]","[16, 32, 64, 128]","[5, 10, 15, 20]","[2, 3, 5, 7]","[2, 4, 8]",random,minimize,local
xzyjq1eh,41,240,1779265526419,,/home/meliani/nni-experiments/xzyjq1eh,15,exp_random_100_tt_only_tt_only,hpo,/home/meliani/Desktop/phd/fast-track/search_space.json,python3 trial.py --data ./tt_only.csv,/home/meliani/Desktop/phd/fast-track,1,360000s,100,False,False,info,/home/meliani/nni-experiments,"['LSTM', 'GRU', 'CNN', 'RNN', 'TCN', 'Transformer', 'MLP']","[16, 32, 64, 128, 256]","[1, 2, 3, 4]","[0, 0.1, 0.2, 0.3, 0.5]","['relu', 'tanh', 'sigmoid', 'elu']","[1e-05, 0.01]","[2, 3, 4, 5, 6, 7, 8, 9, 10, 11, 12, 13, 14, 15, 16, 17, 18, 19, 20, 21, 22, 23, 24, 25, 26, 27, 28, 29, 30]","[16, 32, 64, 128]","[5, 10, 15, 20]","[2, 3, 5, 7]","[2, 4, 8]",random,minimize,local
xzyjq1eh,42,250,1779265526419,,/home/meliani/nni-experiments/xzyjq1eh,15,exp_random_100_tt_only_tt_only,hpo,/home/meliani/Desktop/phd/fast-track/search_space.json,python3 trial.py --data ./tt_only.csv,/home/meliani/Desktop/phd/fast-track,1,360000s,100,False,False,info,/home/meliani/nni-experiments,"['LSTM', 'GRU', 'CNN', 'RNN', 'TCN', 'Transformer', 'MLP']","[16, 32, 64, 128, 256]","[1, 2, 3, 4]","[0, 0.1, 0.2, 0.3, 0.5]","['relu', 'tanh', 'sigmoid', 'elu']","[1e-05, 0.01]","[2, 3, 4, 5, 6, 7, 8, 9, 10, 11, 12, 13, 14, 15, 16, 17, 18, 19, 20, 21, 22, 23, 24, 25, 26, 27, 28, 29, 30]","[16, 32, 64, 128]","[5, 10, 15, 20]","[2, 3, 5, 7]","[2, 4, 8]",random,minimize,local
xzyjq1eh,43,260,1779265526419,,/home/meliani/nni-experiments/xzyjq1eh,15,exp_random_100_tt_only_tt_only,hpo,/home/meliani/Desktop/phd/fast-track/search_space.json,python3 trial.py --data ./tt_only.csv,/home/meliani/Desktop/phd/fast-track,1,360000s,100,False,False,info,/home/meliani/nni-experiments,"['LSTM', 'GRU', 'CNN', 'RNN', 'TCN', 'Transformer', 'MLP']","[16, 32, 64, 128, 256]","[1, 2, 3, 4]","[0, 0.1, 0.2, 0.3, 0.5]","['relu', 'tanh', 'sigmoid', 'elu']","[1e-05, 0.01]","[2, 3, 4, 5, 6, 7, 8, 9, 10, 11, 12, 13, 14, 15, 16, 17, 18, 19, 20, 21, 22, 23, 24, 25, 26, 27, 28, 29, 30]","[16, 32, 64, 128]","[5, 10, 15, 20]","[2, 3, 5, 7]","[2, 4, 8]",random,minimize,local
xzyjq1eh,44,270,1779265526419,,/home/meliani/nni-experiments/xzyjq1eh,15,exp_random_100_tt_only_tt_only,hpo,/home/meliani/Desktop/phd/fast-track/search_space.json,python3 trial.py --data ./tt_only.csv,/home/meliani/Desktop/phd/fast-track,1,360000s,100,False,False,info,/home/meliani/nni-experiments,"['LSTM', 'GRU', 'CNN', 'RNN', 'TCN', 'Transformer', 'MLP']","[16, 32, 64, 128, 256]","[1, 2, 3, 4]","[0, 0.1, 0.2, 0.3, 0.5]","['relu', 'tanh', 'sigmoid', 'elu']","[1e-05, 0.01]","[2, 3, 4, 5, 6, 7, 8, 9, 10, 11, 12, 13, 14, 15, 16, 17, 18, 19, 20, 21, 22, 23, 24, 25, 26, 27, 28, 29, 30]","[16, 32, 64, 128]","[5, 10, 15, 20]","[2, 3, 5, 7]","[2, 4, 8]",random,minimize,local
xzyjq1eh,45,280,1779265526419,,/home/meliani/nni-experiments/xzyjq1eh,15,exp_random_100_tt_only_tt_only,hpo,/home/meliani/Desktop/phd/fast-track/search_space.json,python3 trial.py --data ./tt_only.csv,/home/meliani/Desktop/phd/fast-track,1,360000s,100,False,False,info,/home/meliani/nni-experiments,"['LSTM', 'GRU', 'CNN', 'RNN', 'TCN', 'Transformer', 'MLP']","[16, 32, 64, 128, 256]","[1, 2, 3, 4]","[0, 0.1, 0.2, 0.3, 0.5]","['relu', 'tanh', 'sigmoid', 'elu']","[1e-05, 0.01]","[2, 3, 4, 5, 6, 7, 8, 9, 10, 11, 12, 13, 14, 15, 16, 17, 18, 19, 20, 21, 22, 23, 24, 25, 26, 27, 28, 29, 30]","[16, 32, 64, 128]","[5, 10, 15, 20]","[2, 3, 5, 7]","[2, 4, 8]",random,minimize,local
xzyjq1eh,46,290,1779265526419,,/home/meliani/nni-experiments/xzyjq1eh,15,exp_random_100_tt_only_tt_only,hpo,/home/meliani/Desktop/phd/fast-track/search_space.json,python3 trial.py --data ./tt_only.csv,/home/meliani/Desktop/phd/fast-track,1,360000s,100,False,False,info,/home/meliani/nni-experiments,"['LSTM', 'GRU', 'CNN', 'RNN', 'TCN', 'Transformer', 'MLP']","[16, 32, 64, 128, 256]","[1, 2, 3, 4]","[0, 0.1, 0.2, 0.3, 0.5]","['relu', 'tanh', 'sigmoid', 'elu']","[1e-05, 0.01]","[2, 3, 4, 5, 6, 7, 8, 9, 10, 11, 12, 13, 14, 15, 16, 17, 18, 19, 20, 21, 22, 23, 24, 25, 26, 27, 28, 29, 30]","[16, 32, 64, 128]","[5, 10, 15, 20]","[2, 3, 5, 7]","[2, 4, 8]",random,minimize,local
xzyjq1eh,47,300,1779265526419,,/home/meliani/nni-experiments/xzyjq1eh,15,exp_random_100_tt_only_tt_only,hpo,/home/meliani/Desktop/phd/fast-track/search_space.json,python3 trial.py --data ./tt_only.csv,/home/meliani/Desktop/phd/fast-track,1,360000s,100,False,False,info,/home/meliani/nni-experiments,"['LSTM', 'GRU', 'CNN', 'RNN', 'TCN', 'Transformer', 'MLP']","[16, 32, 64, 128, 256]","[1, 2, 3, 4]","[0, 0.1, 0.2, 0.3, 0.5]","['relu', 'tanh', 'sigmoid', 'elu']","[1e-05, 0.01]","[2, 3, 4, 5, 6, 7, 8, 9, 10, 11, 12, 13, 14, 15, 16, 17, 18, 19, 20, 21, 22, 23, 24, 25, 26, 27, 28, 29, 30]","[16, 32, 64, 128]","[5, 10, 15, 20]","[2, 3, 5, 7]","[2, 4, 8]",random,minimize,local
xzyjq1eh,48,310,1779265526419,,/home/meliani/nni-experiments/xzyjq1eh,15,exp_random_100_tt_only_tt_only,hpo,/home/meliani/Desktop/phd/fast-track/search_space.json,python3 trial.py --data ./tt_only.csv,/home/meliani/Desktop/phd/fast-track,1,360000s,100,False,False,info,/home/meliani/nni-experiments,"['LSTM', 'GRU', 'CNN', 'RNN', 'TCN', 'Transformer', 'MLP']","[16, 32, 64, 128, 256]","[1, 2, 3, 4]","[0, 0.1, 0.2, 0.3, 0.5]","['relu', 'tanh', 'sigmoid', 'elu']","[1e-05, 0.01]","[2, 3, 4, 5, 6, 7, 8, 9, 10, 11, 12, 13, 14, 15, 16, 17, 18, 19, 20, 21, 22, 23, 24, 25, 26, 27, 28, 29, 30]","[16, 32, 64, 128]","[5, 10, 15, 20]","[2, 3, 5, 7]","[2, 4, 8]",random,minimize,local
xzyjq1eh,49,316,1779265526419,,/home/meliani/nni-experiments/xzyjq1eh,16,exp_random_100_tt_only_tt_only,hpo,/home/meliani/Desktop/phd/fast-track/search_space.json,python3 trial.py --data ./tt_only.csv,/home/meliani/Desktop/phd/fast-track,1,360000s,100,False,False,info,/home/meliani/nni-experiments,"['LSTM', 'GRU', 'CNN', 'RNN', 'TCN', 'Transformer', 'MLP']","[16, 32, 64, 128, 256]","[1, 2, 3, 4]","[0, 0.1, 0.2, 0.3, 0.5]","['relu', 'tanh', 'sigmoid', 'elu']","[1e-05, 0.01]","[2, 3, 4, 5, 6, 7, 8, 9, 10, 11, 12, 13, 14, 15, 16, 17, 18, 19, 20, 21, 22, 23, 24, 25, 26, 27, 28, 29, 30]","[16, 32, 64, 128]","[5, 10, 15, 20]","[2, 3, 5, 7]","[2, 4, 8]",random,minimize,local
xzyjq1eh,50,320,1779265526419,,/home/meliani/nni-experiments/xzyjq1eh,16,exp_random_100_tt_only_tt_only,hpo,/home/meliani/Desktop/phd/fast-track/search_space.json,python3 trial.py --data ./tt_only.csv,/home/meliani/Desktop/phd/fast-track,1,360000s,100,False,False,info,/home/meliani/nni-experiments,"['LSTM', 'GRU', 'CNN', 'RNN', 'TCN', 'Transformer', 'MLP']","[16, 32, 64, 128, 256]","[1, 2, 3, 4]","[0, 0.1, 0.2, 0.3, 0.5]","['relu', 'tanh', 'sigmoid', 'elu']","[1e-05, 0.01]","[2, 3, 4, 5, 6, 7, 8, 9, 10, 11, 12, 13, 14, 15, 16, 17, 18, 19, 20, 21, 22, 23, 24, 25, 26, 27, 28, 29, 30]","[16, 32, 64, 128]","[5, 10, 15, 20]","[2, 3, 5, 7]","[2, 4, 8]",random,minimize,local
xzyjq1eh,51,330,1779265526419,,/home/meliani/nni-experiments/xzyjq1eh,16,exp_random_100_tt_only_tt_only,hpo,/home/meliani/Desktop/phd/fast-track/search_space.json,python3 trial.py --data ./tt_only.csv,/home/meliani/Desktop/phd/fast-track,1,360000s,100,False,False,info,/home/meliani/nni-experiments,"['LSTM', 'GRU', 'CNN', 'RNN', 'TCN', 'Transformer', 'MLP']","[16, 32, 64, 128, 256]","[1, 2, 3, 4]","[0, 0.1, 0.2, 0.3, 0.5]","['relu', 'tanh', 'sigmoid', 'elu']","[1e-05, 0.01]","[2, 3, 4, 5, 6, 7, 8, 9, 10, 11, 12, 13, 14, 15, 16, 17, 18, 19, 20, 21, 22, 23, 24, 25, 26, 27, 28, 29, 30]","[16, 32, 64, 128]","[5, 10, 15, 20]","[2, 3, 5, 7]","[2, 4, 8]",random,minimize,local
xzyjq1eh,52,340,1779265526419,,/home/meliani/nni-experiments/xzyjq1eh,17,exp_random_100_tt_only_tt_only,hpo,/home/meliani/Desktop/phd/fast-track/search_space.json,python3 trial.py --data ./tt_only.csv,/home/meliani/Desktop/phd/fast-track,1,360000s,100,False,False,info,/home/meliani/nni-experiments,"['LSTM', 'GRU', 'CNN', 'RNN', 'TCN', 'Transformer', 'MLP']","[16, 32, 64, 128, 256]","[1, 2, 3, 4]","[0, 0.1, 0.2, 0.3, 0.5]","['relu', 'tanh', 'sigmoid', 'elu']","[1e-05, 0.01]","[2, 3, 4, 5, 6, 7, 8, 9, 10, 11, 12, 13, 14, 15, 16, 17, 18, 19, 20, 21, 22, 23, 24, 25, 26, 27, 28, 29, 30]","[16, 32, 64, 128]","[5, 10, 15, 20]","[2, 3, 5, 7]","[2, 4, 8]",random,minimize,local
xzyjq1eh,53,340,1779265526419,,/home/meliani/nni-experiments/xzyjq1eh,17,exp_random_100_tt_only_tt_only,hpo,/home/meliani/Desktop/phd/fast-track/search_space.json,python3 trial.py --data ./tt_only.csv,/home/meliani/Desktop/phd/fast-track,1,360000s,100,False,False,info,/home/meliani/nni-experiments,"['LSTM', 'GRU', 'CNN', 'RNN', 'TCN', 'Transformer', 'MLP']","[16, 32, 64, 128, 256]","[1, 2, 3, 4]","[0, 0.1, 0.2, 0.3, 0.5]","['relu', 'tanh', 'sigmoid', 'elu']","[1e-05, 0.01]","[2, 3, 4, 5, 6, 7, 8, 9, 10, 11, 12, 13, 14, 15, 16, 17, 18, 19, 20, 21, 22, 23, 24, 25, 26, 27, 28, 29, 30]","[16, 32, 64, 128]","[5, 10, 15, 20]","[2, 3, 5, 7]","[2, 4, 8]",random,minimize,local
xzyjq1eh,54,350,1779265526419,,/home/meliani/nni-experiments/xzyjq1eh,17,exp_random_100_tt_only_tt_only,hpo,/home/meliani/Desktop/phd/fast-track/search_space.json,python3 trial.py --data ./tt_only.csv,/home/meliani/Desktop/phd/fast-track,1,360000s,100,False,False,info,/home/meliani/nni-experiments,"['LSTM', 'GRU', 'CNN', 'RNN', 'TCN', 'Transformer', 'MLP']","[16, 32, 64, 128, 256]","[1, 2, 3, 4]","[0, 0.1, 0.2, 0.3, 0.5]","['relu', 'tanh', 'sigmoid', 'elu']","[1e-05, 0.01]","[2, 3, 4, 5, 6, 7, 8, 9, 10, 11, 12, 13, 14, 15, 16, 17, 18, 19, 20, 21, 22, 23, 24, 25, 26, 27, 28, 29, 30]","[16, 32, 64, 128]","[5, 10, 15, 20]","[2, 3, 5, 7]","[2, 4, 8]",random,minimize,local
xzyjq1eh,55,355,1779265526419,,/home/meliani/nni-experiments/xzyjq1eh,18,exp_random_100_tt_only_tt_only,hpo,/home/meliani/Desktop/phd/fast-track/search_space.json,python3 trial.py --data ./tt_only.csv,/home/meliani/Desktop/phd/fast-track,1,360000s,100,False,False,info,/home/meliani/nni-experiments,"['LSTM', 'GRU', 'CNN', 'RNN', 'TCN', 'Transformer', 'MLP']","[16, 32, 64, 128, 256]","[1, 2, 3, 4]","[0, 0.1, 0.2, 0.3, 0.5]","['relu', 'tanh', 'sigmoid', 'elu']","[1e-05, 0.01]","[2, 3, 4, 5, 6, 7, 8, 9, 10, 11, 12, 13, 14, 15, 16, 17, 18, 19, 20, 21, 22, 23, 24, 25, 26, 27, 28, 29, 30]","[16, 32, 64, 128]","[5, 10, 15, 20]","[2, 3, 5, 7]","[2, 4, 8]",random,minimize,local
xzyjq1eh,56,360,1779265526419,,/home/meliani/nni-experiments/xzyjq1eh,18,exp_random_100_tt_only_tt_only,hpo,/home/meliani/Desktop/phd/fast-track/search_space.json,python3 trial.py --data ./tt_only.csv,/home/meliani/Desktop/phd/fast-track,1,360000s,100,False,False,info,/home/meliani/nni-experiments,"['LSTM', 'GRU', 'CNN', 'RNN', 'TCN', 'Transformer', 'MLP']","[16, 32, 64, 128, 256]","[1, 2, 3, 4]","[0, 0.1, 0.2, 0.3, 0.5]","['relu', 'tanh', 'sigmoid', 'elu']","[1e-05, 0.01]","[2, 3, 4, 5, 6, 7, 8, 9, 10, 11, 12, 13, 14, 15, 16, 17, 18, 19, 20, 21, 22, 23, 24, 25, 26, 27, 28, 29, 30]","[16, 32, 64, 128]","[5, 10, 15, 20]","[2, 3, 5, 7]","[2, 4, 8]",random,minimize,local
xzyjq1eh,57,370,1779265526419,,/home/meliani/nni-experiments/xzyjq1eh,18,exp_random_100_tt_only_tt_only,hpo,/home/meliani/Desktop/phd/fast-track/search_space.json,python3 trial.py --data ./tt_only.csv,/home/meliani/Desktop/phd/fast-track,1,360000s,100,False,False,info,/home/meliani/nni-experiments,"['LSTM', 'GRU', 'CNN', 'RNN', 'TCN', 'Transformer', 'MLP']","[16, 32, 64, 128, 256]","[1, 2, 3, 4]","[0, 0.1, 0.2, 0.3, 0.5]","['relu', 'tanh', 'sigmoid', 'elu']","[1e-05, 0.01]","[2, 3, 4, 5, 6, 7, 8, 9, 10, 11, 12, 13, 14, 15, 16, 17, 18, 19, 20, 21, 22, 23, 24, 25, 26, 27, 28, 29, 30]","[16, 32, 64, 128]","[5, 10, 15, 20]","[2, 3, 5, 7]","[2, 4, 8]",random,minimize,local
xzyjq1eh,58,380,1779265526419,,/home/meliani/nni-experiments/xzyjq1eh,18,exp_random_100_tt_only_tt_only,hpo,/home/meliani/Desktop/phd/fast-track/search_space.json,python3 trial.py --data ./tt_only.csv,/home/meliani/Desktop/phd/fast-track,1,360000s,100,False,False,info,/home/meliani/nni-experiments,"['LSTM', 'GRU', 'CNN', 'RNN', 'TCN', 'Transformer', 'MLP']","[16, 32, 64, 128, 256]","[1, 2, 3, 4]","[0, 0.1, 0.2, 0.3, 0.5]","['relu', 'tanh', 'sigmoid', 'elu']","[1e-05, 0.01]","[2, 3, 4, 5, 6, 7, 8, 9, 10, 11, 12, 13, 14, 15, 16, 17, 18, 19, 20, 21, 22, 23, 24, 25, 26, 27, 28, 29, 30]","[16, 32, 64, 128]","[5, 10, 15, 20]","[2, 3, 5, 7]","[2, 4, 8]",random,minimize,local
xzyjq1eh,59,390,1779265526419,,/home/meliani/nni-experiments/xzyjq1eh,18,exp_random_100_tt_only_tt_only,hpo,/home/meliani/Desktop/phd/fast-track/search_space.json,python3 trial.py --data ./tt_only.csv,/home/meliani/Desktop/phd/fast-track,1,360000s,100,False,False,info,/home/meliani/nni-experiments,"['LSTM', 'GRU', 'CNN', 'RNN', 'TCN', 'Transformer', 'MLP']","[16, 32, 64, 128, 256]","[1, 2, 3, 4]","[0, 0.1, 0.2, 0.3, 0.5]","['relu', 'tanh', 'sigmoid', 'elu']","[1e-05, 0.01]","[2, 3, 4, 5, 6, 7, 8, 9, 10, 11, 12, 13, 14, 15, 16, 17, 18, 19, 20, 21, 22, 23, 24, 25, 26, 27, 28, 29, 30]","[16, 32, 64, 128]","[5, 10, 15, 20]","[2, 3, 5, 7]","[2, 4, 8]",random,minimize,local
xzyjq1eh,60,400,1779265526419,,/home/meliani/nni-experiments/xzyjq1eh,18,exp_random_100_tt_only_tt_only,hpo,/home/meliani/Desktop/phd/fast-track/search_space.json,python3 trial.py --data ./tt_only.csv,/home/meliani/Desktop/phd/fast-track,1,360000s,100,False,False,info,/home/meliani/nni-experiments,"['LSTM', 'GRU', 'CNN', 'RNN', 'TCN', 'Transformer', 'MLP']","[16, 32, 64, 128, 256]","[1, 2, 3, 4]","[0, 0.1, 0.2, 0.3, 0.5]","['relu', 'tanh', 'sigmoid', 'elu']","[1e-05, 0.01]","[2, 3, 4, 5, 6, 7, 8, 9, 10, 11, 12, 13, 14, 15, 16, 17, 18, 19, 20, 21, 22, 23, 24, 25, 26, 27, 28, 29, 30]","[16, 32, 64, 128]","[5, 10, 15, 20]","[2, 3, 5, 7]","[2, 4, 8]",random,minimize,local
xzyjq1eh,61,410,1779265526419,,/home/meliani/nni-experiments/xzyjq1eh,18,exp_random_100_tt_only_tt_only,hpo,/home/meliani/Desktop/phd/fast-track/search_space.json,python3 trial.py --data ./tt_only.csv,/home/meliani/Desktop/phd/fast-track,1,360000s,100,False,False,info,/home/meliani/nni-experiments,"['LSTM', 'GRU', 'CNN', 'RNN', 'TCN', 'Transformer', 'MLP']","[16, 32, 64, 128, 256]","[1, 2, 3, 4]","[0, 0.1, 0.2, 0.3, 0.5]","['relu', 'tanh', 'sigmoid', 'elu']","[1e-05, 0.01]","[2, 3, 4, 5, 6, 7, 8, 9, 10, 11, 12, 13, 14, 15, 16, 17, 18, 19, 20, 21, 22, 23, 24, 25, 26, 27, 28, 29, 30]","[16, 32, 64, 128]","[5, 10, 15, 20]","[2, 3, 5, 7]","[2, 4, 8]",random,minimize,local
xzyjq1eh,62,420,1779265526419,,/home/meliani/nni-experiments/xzyjq1eh,18,exp_random_100_tt_only_tt_only,hpo,/home/meliani/Desktop/phd/fast-track/search_space.json,python3 trial.py --data ./tt_only.csv,/home/meliani/Desktop/phd/fast-track,1,360000s,100,False,False,info,/home/meliani/nni-experiments,"['LSTM', 'GRU', 'CNN', 'RNN', 'TCN', 'Transformer', 'MLP']","[16, 32, 64, 128, 256]","[1, 2, 3, 4]","[0, 0.1, 0.2, 0.3, 0.5]","['relu', 'tanh', 'sigmoid', 'elu']","[1e-05, 0.01]","[2, 3, 4, 5, 6, 7, 8, 9, 10, 11, 12, 13, 14, 15, 16, 17, 18, 19, 20, 21, 22, 23, 24, 25, 26, 27, 28, 29, 30]","[16, 32, 64, 128]","[5, 10, 15, 20]","[2, 3, 5, 7]","[2, 4, 8]",random,minimize,local
xzyjq1eh,63,430,1779265526419,,/home/meliani/nni-experiments/xzyjq1eh,18,exp_random_100_tt_only_tt_only,hpo,/home/meliani/Desktop/phd/fast-track/search_space.json,python3 trial.py --data ./tt_only.csv,/home/meliani/Desktop/phd/fast-track,1,360000s,100,False,False,info,/home/meliani/nni-experiments,"['LSTM', 'GRU', 'CNN', 'RNN', 'TCN', 'Transformer', 'MLP']","[16, 32, 64, 128, 256]","[1, 2, 3, 4]","[0, 0.1, 0.2, 0.3, 0.5]","['relu', 'tanh', 'sigmoid', 'elu']","[1e-05, 0.01]","[2, 3, 4, 5, 6, 7, 8, 9, 10, 11, 12, 13, 14, 15, 16, 17, 18, 19, 20, 21, 22, 23, 24, 25, 26, 27, 28, 29, 30]","[16, 32, 64, 128]","[5, 10, 15, 20]","[2, 3, 5, 7]","[2, 4, 8]",random,minimize,local
xzyjq1eh,64,434,1779265526419,,/home/meliani/nni-experiments/xzyjq1eh,19,exp_random_100_tt_only_tt_only,hpo,/home/meliani/Desktop/phd/fast-track/search_space.json,python3 trial.py --data ./tt_only.csv,/home/meliani/Desktop/phd/fast-track,1,360000s,100,False,False,info,/home/meliani/nni-experiments,"['LSTM', 'GRU', 'CNN', 'RNN', 'TCN', 'Transformer', 'MLP']","[16, 32, 64, 128, 256]","[1, 2, 3, 4]","[0, 0.1, 0.2, 0.3, 0.5]","['relu', 'tanh', 'sigmoid', 'elu']","[1e-05, 0.01]","[2, 3, 4, 5, 6, 7, 8, 9, 10, 11, 12, 13, 14, 15, 16, 17, 18, 19, 20, 21, 22, 23, 24, 25, 26, 27, 28, 29, 30]","[16, 32, 64, 128]","[5, 10, 15, 20]","[2, 3, 5, 7]","[2, 4, 8]",random,minimize,local
xzyjq1eh,65,440,1779265526419,,/home/meliani/nni-experiments/xzyjq1eh,19,exp_random_100_tt_only_tt_only,hpo,/home/meliani/Desktop/phd/fast-track/search_space.json,python3 trial.py --data ./tt_only.csv,/home/meliani/Desktop/phd/fast-track,1,360000s,100,False,False,info,/home/meliani/nni-experiments,"['LSTM', 'GRU', 'CNN', 'RNN', 'TCN', 'Transformer', 'MLP']","[16, 32, 64, 128, 256]","[1, 2, 3, 4]","[0, 0.1, 0.2, 0.3, 0.5]","['relu', 'tanh', 'sigmoid', 'elu']","[1e-05, 0.01]","[2, 3, 4, 5, 6, 7, 8, 9, 10, 11, 12, 13, 14, 15, 16, 17, 18, 19, 20, 21, 22, 23, 24, 25, 26, 27, 28, 29, 30]","[16, 32, 64, 128]","[5, 10, 15, 20]","[2, 3, 5, 7]","[2, 4, 8]",random,minimize,local
xzyjq1eh,66,444,1779265526419,,/home/meliani/nni-experiments/xzyjq1eh,20,exp_random_100_tt_only_tt_only,hpo,/home/meliani/Desktop/phd/fast-track/search_space.json,python3 trial.py --data ./tt_only.csv,/home/meliani/Desktop/phd/fast-track,1,360000s,100,False,False,info,/home/meliani/nni-experiments,"['LSTM', 'GRU', 'CNN', 'RNN', 'TCN', 'Transformer', 'MLP']","[16, 32, 64, 128, 256]","[1, 2, 3, 4]","[0, 0.1, 0.2, 0.3, 0.5]","['relu', 'tanh', 'sigmoid', 'elu']","[1e-05, 0.01]","[2, 3, 4, 5, 6, 7, 8, 9, 10, 11, 12, 13, 14, 15, 16, 17, 18, 19, 20, 21, 22, 23, 24, 25, 26, 27, 28, 29, 30]","[16, 32, 64, 128]","[5, 10, 15, 20]","[2, 3, 5, 7]","[2, 4, 8]",random,minimize,local
xzyjq1eh,67,450,1779265526419,,/home/meliani/nni-experiments/xzyjq1eh,20,exp_random_100_tt_only_tt_only,hpo,/home/meliani/Desktop/phd/fast-track/search_space.json,python3 trial.py --data ./tt_only.csv,/home/meliani/Desktop/phd/fast-track,1,360000s,100,False,False,info,/home/meliani/nni-experiments,"['LSTM', 'GRU', 'CNN', 'RNN', 'TCN', 'Transformer', 'MLP']","[16, 32, 64, 128, 256]","[1, 2, 3, 4]","[0, 0.1, 0.2, 0.3, 0.5]","['relu', 'tanh', 'sigmoid', 'elu']","[1e-05, 0.01]","[2, 3, 4, 5, 6, 7, 8, 9, 10, 11, 12, 13, 14, 15, 16, 17, 18, 19, 20, 21, 22, 23, 24, 25, 26, 27, 28, 29, 30]","[16, 32, 64, 128]","[5, 10, 15, 20]","[2, 3, 5, 7]","[2, 4, 8]",random,minimize,local
xzyjq1eh,68,457,1779265526419,,/home/meliani/nni-experiments/xzyjq1eh,21,exp_random_100_tt_only_tt_only,hpo,/home/meliani/Desktop/phd/fast-track/search_space.json,python3 trial.py --data ./tt_only.csv,/home/meliani/Desktop/phd/fast-track,1,360000s,100,False,False,info,/home/meliani/nni-experiments,"['LSTM', 'GRU', 'CNN', 'RNN', 'TCN', 'Transformer', 'MLP']","[16, 32, 64, 128, 256]","[1, 2, 3, 4]","[0, 0.1, 0.2, 0.3, 0.5]","['relu', 'tanh', 'sigmoid', 'elu']","[1e-05, 0.01]","[2, 3, 4, 5, 6, 7, 8, 9, 10, 11, 12, 13, 14, 15, 16, 17, 18, 19, 20, 21, 22, 23, 24, 25, 26, 27, 28, 29, 30]","[16, 32, 64, 128]","[5, 10, 15, 20]","[2, 3, 5, 7]","[2, 4, 8]",random,minimize,local
xzyjq1eh,69,460,1779265526419,,/home/meliani/nni-experiments/xzyjq1eh,21,exp_random_100_tt_only_tt_only,hpo,/home/meliani/Desktop/phd/fast-track/search_space.json,python3 trial.py --data ./tt_only.csv,/home/meliani/Desktop/phd/fast-track,1,360000s,100,False,False,info,/home/meliani/nni-experiments,"['LSTM', 'GRU', 'CNN', 'RNN', 'TCN', 'Transformer', 'MLP']","[16, 32, 64, 128, 256]","[1, 2, 3, 4]","[0, 0.1, 0.2, 0.3, 0.5]","['relu', 'tanh', 'sigmoid', 'elu']","[1e-05, 0.01]","[2, 3, 4, 5, 6, 7, 8, 9, 10, 11, 12, 13, 14, 15, 16, 17, 18, 19, 20, 21, 22, 23, 24, 25, 26, 27, 28, 29, 30]","[16, 32, 64, 128]","[5, 10, 15, 20]","[2, 3, 5, 7]","[2, 4, 8]",random,minimize,local
xzyjq1eh,70,470,1779265526419,,/home/meliani/nni-experiments/xzyjq1eh,21,exp_random_100_tt_only_tt_only,hpo,/home/meliani/Desktop/phd/fast-track/search_space.json,python3 trial.py --data ./tt_only.csv,/home/meliani/Desktop/phd/fast-track,1,360000s,100,False,False,info,/home/meliani/nni-experiments,"['LSTM', 'GRU', 'CNN', 'RNN', 'TCN', 'Transformer', 'MLP']","[16, 32, 64, 128, 256]","[1, 2, 3, 4]","[0, 0.1, 0.2, 0.3, 0.5]","['relu', 'tanh', 'sigmoid', 'elu']","[1e-05, 0.01]","[2, 3, 4, 5, 6, 7, 8, 9, 10, 11, 12, 13, 14, 15, 16, 17, 18, 19, 20, 21, 22, 23, 24, 25, 26, 27, 28, 29, 30]","[16, 32, 64, 128]","[5, 10, 15, 20]","[2, 3, 5, 7]","[2, 4, 8]",random,minimize,local
xzyjq1eh,71,480,1779265526419,,/home/meliani/nni-experiments/xzyjq1eh,21,exp_random_100_tt_only_tt_only,hpo,/home/meliani/Desktop/phd/fast-track/search_space.json,python3 trial.py --data ./tt_only.csv,/home/meliani/Desktop/phd/fast-track,1,360000s,100,False,False,info,/home/meliani/nni-experiments,"['LSTM', 'GRU', 'CNN', 'RNN', 'TCN', 'Transformer', 'MLP']","[16, 32, 64, 128, 256]","[1, 2, 3, 4]","[0, 0.1, 0.2, 0.3, 0.5]","['relu', 'tanh', 'sigmoid', 'elu']","[1e-05, 0.01]","[2, 3, 4, 5, 6, 7, 8, 9, 10, 11, 12, 13, 14, 15, 16, 17, 18, 19, 20, 21, 22, 23, 24, 25, 26, 27, 28, 29, 30]","[16, 32, 64, 128]","[5, 10, 15, 20]","[2, 3, 5, 7]","[2, 4, 8]",random,minimize,local
xzyjq1eh,72,483,1779265526419,,/home/meliani/nni-experiments/xzyjq1eh,22,exp_random_100_tt_only_tt_only,hpo,/home/meliani/Desktop/phd/fast-track/search_space.json,python3 trial.py --data ./tt_only.csv,/home/meliani/Desktop/phd/fast-track,1,360000s,100,False,False,info,/home/meliani/nni-experiments,"['LSTM', 'GRU', 'CNN', 'RNN', 'TCN', 'Transformer', 'MLP']","[16, 32, 64, 128, 256]","[1, 2, 3, 4]","[0, 0.1, 0.2, 0.3, 0.5]","['relu', 'tanh', 'sigmoid', 'elu']","[1e-05, 0.01]","[2, 3, 4, 5, 6, 7, 8, 9, 10, 11, 12, 13, 14, 15, 16, 17, 18, 19, 20, 21, 22, 23, 24, 25, 26, 27, 28, 29, 30]","[16, 32, 64, 128]","[5, 10, 15, 20]","[2, 3, 5, 7]","[2, 4, 8]",random,minimize,local
xzyjq1eh,73,490,1779265526419,,/home/meliani/nni-experiments/xzyjq1eh,22,exp_random_100_tt_only_tt_only,hpo,/home/meliani/Desktop/phd/fast-track/search_space.json,python3 trial.py --data ./tt_only.csv,/home/meliani/Desktop/phd/fast-track,1,360000s,100,False,False,info,/home/meliani/nni-experiments,"['LSTM', 'GRU', 'CNN', 'RNN', 'TCN', 'Transformer', 'MLP']","[16, 32, 64, 128, 256]","[1, 2, 3, 4]","[0, 0.1, 0.2, 0.3, 0.5]","['relu', 'tanh', 'sigmoid', 'elu']","[1e-05, 0.01]","[2, 3, 4, 5, 6, 7, 8, 9, 10, 11, 12, 13, 14, 15, 16, 17, 18, 19, 20, 21, 22, 23, 24, 25, 26, 27, 28, 29, 30]","[16, 32, 64, 128]","[5, 10, 15, 20]","[2, 3, 5, 7]","[2, 4, 8]",random,minimize,local
xzyjq1eh,74,495,1779265526419,,/home/meliani/nni-experiments/xzyjq1eh,23,exp_random_100_tt_only_tt_only,hpo,/home/meliani/Desktop/phd/fast-track/search_space.json,python3 trial.py --data ./tt_only.csv,/home/meliani/Desktop/phd/fast-track,1,360000s,100,False,False,info,/home/meliani/nni-experiments,"['LSTM', 'GRU', 'CNN', 'RNN', 'TCN', 'Transformer', 'MLP']","[16, 32, 64, 128, 256]","[1, 2, 3, 4]","[0, 0.1, 0.2, 0.3, 0.5]","['relu', 'tanh', 'sigmoid', 'elu']","[1e-05, 0.01]","[2, 3, 4, 5, 6, 7, 8, 9, 10, 11, 12, 13, 14, 15, 16, 17, 18, 19, 20, 21, 22, 23, 24, 25, 26, 27, 28, 29, 30]","[16, 32, 64, 128]","[5, 10, 15, 20]","[2, 3, 5, 7]","[2, 4, 8]",random,minimize,local
xzyjq1eh,75,500,1779265526419,,/home/meliani/nni-experiments/xzyjq1eh,23,exp_random_100_tt_only_tt_only,hpo,/home/meliani/Desktop/phd/fast-track/search_space.json,python3 trial.py --data ./tt_only.csv,/home/meliani/Desktop/phd/fast-track,1,360000s,100,False,False,info,/home/meliani/nni-experiments,"['LSTM', 'GRU', 'CNN', 'RNN', 'TCN', 'Transformer', 'MLP']","[16, 32, 64, 128, 256]","[1, 2, 3, 4]","[0, 0.1, 0.2, 0.3, 0.5]","['relu', 'tanh', 'sigmoid', 'elu']","[1e-05, 0.01]","[2, 3, 4, 5, 6, 7, 8, 9, 10, 11, 12, 13, 14, 15, 16, 17, 18, 19, 20, 21, 22, 23, 24, 25, 26, 27, 28, 29, 30]","[16, 32, 64, 128]","[5, 10, 15, 20]","[2, 3, 5, 7]","[2, 4, 8]",random,minimize,local
xzyjq1eh,76,501,1779265526419,,/home/meliani/nni-experiments/xzyjq1eh,24,exp_random_100_tt_only_tt_only,hpo,/home/meliani/Desktop/phd/fast-track/search_space.json,python3 trial.py --data ./tt_only.csv,/home/meliani/Desktop/phd/fast-track,1,360000s,100,False,False,info,/home/meliani/nni-experiments,"['LSTM', 'GRU', 'CNN', 'RNN', 'TCN', 'Transformer', 'MLP']","[16, 32, 64, 128, 256]","[1, 2, 3, 4]","[0, 0.1, 0.2, 0.3, 0.5]","['relu', 'tanh', 'sigmoid', 'elu']","[1e-05, 0.01]","[2, 3, 4, 5, 6, 7, 8, 9, 10, 11, 12, 13, 14, 15, 16, 17, 18, 19, 20, 21, 22, 23, 24, 25, 26, 27, 28, 29, 30]","[16, 32, 64, 128]","[5, 10, 15, 20]","[2, 3, 5, 7]","[2, 4, 8]",random,minimize,local
xzyjq1eh,77,510,1779265526419,,/home/meliani/nni-experiments/xzyjq1eh,24,exp_random_100_tt_only_tt_only,hpo,/home/meliani/Desktop/phd/fast-track/search_space.json,python3 trial.py --data ./tt_only.csv,/home/meliani/Desktop/phd/fast-track,1,360000s,100,False,False,info,/home/meliani/nni-experiments,"['LSTM', 'GRU', 'CNN', 'RNN', 'TCN', 'Transformer', 'MLP']","[16, 32, 64, 128, 256]","[1, 2, 3, 4]","[0, 0.1, 0.2, 0.3, 0.5]","['relu', 'tanh', 'sigmoid', 'elu']","[1e-05, 0.01]","[2, 3, 4, 5, 6, 7, 8, 9, 10, 11, 12, 13, 14, 15, 16, 17, 18, 19, 20, 21, 22, 23, 24, 25, 26, 27, 28, 29, 30]","[16, 32, 64, 128]","[5, 10, 15, 20]","[2, 3, 5, 7]","[2, 4, 8]",random,minimize,local
xzyjq1eh,78,520,1779265526419,,/home/meliani/nni-experiments/xzyjq1eh,24,exp_random_100_tt_only_tt_only,hpo,/home/meliani/Desktop/phd/fast-track/search_space.json,python3 trial.py --data ./tt_only.csv,/home/meliani/Desktop/phd/fast-track,1,360000s,100,False,False,info,/home/meliani/nni-experiments,"['LSTM', 'GRU', 'CNN', 'RNN', 'TCN', 'Transformer', 'MLP']","[16, 32, 64, 128, 256]","[1, 2, 3, 4]","[0, 0.1, 0.2, 0.3, 0.5]","['relu', 'tanh', 'sigmoid', 'elu']","[1e-05, 0.01]","[2, 3, 4, 5, 6, 7, 8, 9, 10, 11, 12, 13, 14, 15, 16, 17, 18, 19, 20, 21, 22, 23, 24, 25, 26, 27, 28, 29, 30]","[16, 32, 64, 128]","[5, 10, 15, 20]","[2, 3, 5, 7]","[2, 4, 8]",random,minimize,local
xzyjq1eh,79,530,1779265526419,,/home/meliani/nni-experiments/xzyjq1eh,24,exp_random_100_tt_only_tt_only,hpo,/home/meliani/Desktop/phd/fast-track/search_space.json,python3 trial.py --data ./tt_only.csv,/home/meliani/Desktop/phd/fast-track,1,360000s,100,False,False,info,/home/meliani/nni-experiments,"['LSTM', 'GRU', 'CNN', 'RNN', 'TCN', 'Transformer', 'MLP']","[16, 32, 64, 128, 256]","[1, 2, 3, 4]","[0, 0.1, 0.2, 0.3, 0.5]","['relu', 'tanh', 'sigmoid', 'elu']","[1e-05, 0.01]","[2, 3, 4, 5, 6, 7, 8, 9, 10, 11, 12, 13, 14, 15, 16, 17, 18, 19, 20, 21, 22, 23, 24, 25, 26, 27, 28, 29, 30]","[16, 32, 64, 128]","[5, 10, 15, 20]","[2, 3, 5, 7]","[2, 4, 8]",random,minimize,local
xzyjq1eh,80,540,1779265526419,,/home/meliani/nni-experiments/xzyjq1eh,24,exp_random_100_tt_only_tt_only,hpo,/home/meliani/Desktop/phd/fast-track/search_space.json,python3 trial.py --data ./tt_only.csv,/home/meliani/Desktop/phd/fast-track,1,360000s,100,False,False,info,/home/meliani/nni-experiments,"['LSTM', 'GRU', 'CNN', 'RNN', 'TCN', 'Transformer', 'MLP']","[16, 32, 64, 128, 256]","[1, 2, 3, 4]","[0, 0.1, 0.2, 0.3, 0.5]","['relu', 'tanh', 'sigmoid', 'elu']","[1e-05, 0.01]","[2, 3, 4, 5, 6, 7, 8, 9, 10, 11, 12, 13, 14, 15, 16, 17, 18, 19, 20, 21, 22, 23, 24, 25, 26, 27, 28, 29, 30]","[16, 32, 64, 128]","[5, 10, 15, 20]","[2, 3, 5, 7]","[2, 4, 8]",random,minimize,local
xzyjq1eh,81,550,1779265526419,,/home/meliani/nni-experiments/xzyjq1eh,24,exp_random_100_tt_only_tt_only,hpo,/home/meliani/Desktop/phd/fast-track/search_space.json,python3 trial.py --data ./tt_only.csv,/home/meliani/Desktop/phd/fast-track,1,360000s,100,False,False,info,/home/meliani/nni-experiments,"['LSTM', 'GRU', 'CNN', 'RNN', 'TCN', 'Transformer', 'MLP']","[16, 32, 64, 128, 256]","[1, 2, 3, 4]","[0, 0.1, 0.2, 0.3, 0.5]","['relu', 'tanh', 'sigmoid', 'elu']","[1e-05, 0.01]","[2, 3, 4, 5, 6, 7, 8, 9, 10, 11, 12, 13, 14, 15, 16, 17, 18, 19, 20, 21, 22, 23, 24, 25, 26, 27, 28, 29, 30]","[16, 32, 64, 128]","[5, 10, 15, 20]","[2, 3, 5, 7]","[2, 4, 8]",random,minimize,local
xzyjq1eh,82,560,1779265526419,,/home/meliani/nni-experiments/xzyjq1eh,24,exp_random_100_tt_only_tt_only,hpo,/home/meliani/Desktop/phd/fast-track/search_space.json,python3 trial.py --data ./tt_only.csv,/home/meliani/Desktop/phd/fast-track,1,360000s,100,False,False,info,/home/meliani/nni-experiments,"['LSTM', 'GRU', 'CNN', 'RNN', 'TCN', 'Transformer', 'MLP']","[16, 32, 64, 128, 256]","[1, 2, 3, 4]","[0, 0.1, 0.2, 0.3, 0.5]","['relu', 'tanh', 'sigmoid', 'elu']","[1e-05, 0.01]","[2, 3, 4, 5, 6, 7, 8, 9, 10, 11, 12, 13, 14, 15, 16, 17, 18, 19, 20, 21, 22, 23, 24, 25, 26, 27, 28, 29, 30]","[16, 32, 64, 128]","[5, 10, 15, 20]","[2, 3, 5, 7]","[2, 4, 8]",random,minimize,local
xzyjq1eh,83,563,1779265526419,,/home/meliani/nni-experiments/xzyjq1eh,25,exp_random_100_tt_only_tt_only,hpo,/home/meliani/Desktop/phd/fast-track/search_space.json,python3 trial.py --data ./tt_only.csv,/home/meliani/Desktop/phd/fast-track,1,360000s,100,False,False,info,/home/meliani/nni-experiments,"['LSTM', 'GRU', 'CNN', 'RNN', 'TCN', 'Transformer', 'MLP']","[16, 32, 64, 128, 256]","[1, 2, 3, 4]","[0, 0.1, 0.2, 0.3, 0.5]","['relu', 'tanh', 'sigmoid', 'elu']","[1e-05, 0.01]","[2, 3, 4, 5, 6, 7, 8, 9, 10, 11, 12, 13, 14, 15, 16, 17, 18, 19, 20, 21, 22, 23, 24, 25, 26, 27, 28, 29, 30]","[16, 32, 64, 128]","[5, 10, 15, 20]","[2, 3, 5, 7]","[2, 4, 8]",random,minimize,local
xzyjq1eh,84,570,1779265526419,,/home/meliani/nni-experiments/xzyjq1eh,25,exp_random_100_tt_only_tt_only,hpo,/home/meliani/Desktop/phd/fast-track/search_space.json,python3 trial.py --data ./tt_only.csv,/home/meliani/Desktop/phd/fast-track,1,360000s,100,False,False,info,/home/meliani/nni-experiments,"['LSTM', 'GRU', 'CNN', 'RNN', 'TCN', 'Transformer', 'MLP']","[16, 32, 64, 128, 256]","[1, 2, 3, 4]","[0, 0.1, 0.2, 0.3, 0.5]","['relu', 'tanh', 'sigmoid', 'elu']","[1e-05, 0.01]","[2, 3, 4, 5, 6, 7, 8, 9, 10, 11, 12, 13, 14, 15, 16, 17, 18, 19, 20, 21, 22, 23, 24, 25, 26, 27, 28, 29, 30]","[16, 32, 64, 128]","[5, 10, 15, 20]","[2, 3, 5, 7]","[2, 4, 8]",random,minimize,local
xzyjq1eh,85,576,1779265526419,,/home/meliani/nni-experiments/xzyjq1eh,26,exp_random_100_tt_only_tt_only,hpo,/home/meliani/Desktop/phd/fast-track/search_space.json,python3 trial.py --data ./tt_only.csv,/home/meliani/Desktop/phd/fast-track,1,360000s,100,False,False,info,/home/meliani/nni-experiments,"['LSTM', 'GRU', 'CNN', 'RNN', 'TCN', 'Transformer', 'MLP']","[16, 32, 64, 128, 256]","[1, 2, 3, 4]","[0, 0.1, 0.2, 0.3, 0.5]","['relu', 'tanh', 'sigmoid', 'elu']","[1e-05, 0.01]","[2, 3, 4, 5, 6, 7, 8, 9, 10, 11, 12, 13, 14, 15, 16, 17, 18, 19, 20, 21, 22, 23, 24, 25, 26, 27, 28, 29, 30]","[16, 32, 64, 128]","[5, 10, 15, 20]","[2, 3, 5, 7]","[2, 4, 8]",random,minimize,local
xzyjq1eh,86,580,1779265526419,,/home/meliani/nni-experiments/xzyjq1eh,26,exp_random_100_tt_only_tt_only,hpo,/home/meliani/Desktop/phd/fast-track/search_space.json,python3 trial.py --data ./tt_only.csv,/home/meliani/Desktop/phd/fast-track,1,360000s,100,False,False,info,/home/meliani/nni-experiments,"['LSTM', 'GRU', 'CNN', 'RNN', 'TCN', 'Transformer', 'MLP']","[16, 32, 64, 128, 256]","[1, 2, 3, 4]","[0, 0.1, 0.2, 0.3, 0.5]","['relu', 'tanh', 'sigmoid', 'elu']","[1e-05, 0.01]","[2, 3, 4, 5, 6, 7, 8, 9, 10, 11, 12, 13, 14, 15, 16, 17, 18, 19, 20, 21, 22, 23, 24, 25, 26, 27, 28, 29, 30]","[16, 32, 64, 128]","[5, 10, 15, 20]","[2, 3, 5, 7]","[2, 4, 8]",random,minimize,local
xzyjq1eh,87,590,1779265526419,,/home/meliani/nni-experiments/xzyjq1eh,26,exp_random_100_tt_only_tt_only,hpo,/home/meliani/Desktop/phd/fast-track/search_space.json,python3 trial.py --data ./tt_only.csv,/home/meliani/Desktop/phd/fast-track,1,360000s,100,False,False,info,/home/meliani/nni-experiments,"['LSTM', 'GRU', 'CNN', 'RNN', 'TCN', 'Transformer', 'MLP']","[16, 32, 64, 128, 256]","[1, 2, 3, 4]","[0, 0.1, 0.2, 0.3, 0.5]","['relu', 'tanh', 'sigmoid', 'elu']","[1e-05, 0.01]","[2, 3, 4, 5, 6, 7, 8, 9, 10, 11, 12, 13, 14, 15, 16, 17, 18, 19, 20, 21, 22, 23, 24, 25, 26, 27, 28, 29, 30]","[16, 32, 64, 128]","[5, 10, 15, 20]","[2, 3, 5, 7]","[2, 4, 8]",random,minimize,local
xzyjq1eh,88,596,1779265526419,,/home/meliani/nni-experiments/xzyjq1eh,27,exp_random_100_tt_only_tt_only,hpo,/home/meliani/Desktop/phd/fast-track/search_space.json,python3 trial.py --data ./tt_only.csv,/home/meliani/Desktop/phd/fast-track,1,360000s,100,False,False,info,/home/meliani/nni-experiments,"['LSTM', 'GRU', 'CNN', 'RNN', 'TCN', 'Transformer', 'MLP']","[16, 32, 64, 128, 256]","[1, 2, 3, 4]","[0, 0.1, 0.2, 0.3, 0.5]","['relu', 'tanh', 'sigmoid', 'elu']","[1e-05, 0.01]","[2, 3, 4, 5, 6, 7, 8, 9, 10, 11, 12, 13, 14, 15, 16, 17, 18, 19, 20, 21, 22, 23, 24, 25, 26, 27, 28, 29, 30]","[16, 32, 64, 128]","[5, 10, 15, 20]","[2, 3, 5, 7]","[2, 4, 8]",random,minimize,local
xzyjq1eh,89,600,1779265526419,,/home/meliani/nni-experiments/xzyjq1eh,27,exp_random_100_tt_only_tt_only,hpo,/home/meliani/Desktop/phd/fast-track/search_space.json,python3 trial.py --data ./tt_only.csv,/home/meliani/Desktop/phd/fast-track,1,360000s,100,False,False,info,/home/meliani/nni-experiments,"['LSTM', 'GRU', 'CNN', 'RNN', 'TCN', 'Transformer', 'MLP']","[16, 32, 64, 128, 256]","[1, 2, 3, 4]","[0, 0.1, 0.2, 0.3, 0.5]","['relu', 'tanh', 'sigmoid', 'elu']","[1e-05, 0.01]","[2, 3, 4, 5, 6, 7, 8, 9, 10, 11, 12, 13, 14, 15, 16, 17, 18, 19, 20, 21, 22, 23, 24, 25, 26, 27, 28, 29, 30]","[16, 32, 64, 128]","[5, 10, 15, 20]","[2, 3, 5, 7]","[2, 4, 8]",random,minimize,local
xzyjq1eh,90,602,1779265526419,,/home/meliani/nni-experiments/xzyjq1eh,28,exp_random_100_tt_only_tt_only,hpo,/home/meliani/Desktop/phd/fast-track/search_space.json,python3 trial.py --data ./tt_only.csv,/home/meliani/Desktop/phd/fast-track,1,360000s,100,False,False,info,/home/meliani/nni-experiments,"['LSTM', 'GRU', 'CNN', 'RNN', 'TCN', 'Transformer', 'MLP']","[16, 32, 64, 128, 256]","[1, 2, 3, 4]","[0, 0.1, 0.2, 0.3, 0.5]","['relu', 'tanh', 'sigmoid', 'elu']","[1e-05, 0.01]","[2, 3, 4, 5, 6, 7, 8, 9, 10, 11, 12, 13, 14, 15, 16, 17, 18, 19, 20, 21, 22, 23, 24, 25, 26, 27, 28, 29, 30]","[16, 32, 64, 128]","[5, 10, 15, 20]","[2, 3, 5, 7]","[2, 4, 8]",random,minimize,local
xzyjq1eh,91,610,1779265526419,,/home/meliani/nni-experiments/xzyjq1eh,28,exp_random_100_tt_only_tt_only,hpo,/home/meliani/Desktop/phd/fast-track/search_space.json,python3 trial.py --data ./tt_only.csv,/home/meliani/Desktop/phd/fast-track,1,360000s,100,False,False,info,/home/meliani/nni-experiments,"['LSTM', 'GRU', 'CNN', 'RNN', 'TCN', 'Transformer', 'MLP']","[16, 32, 64, 128, 256]","[1, 2, 3, 4]","[0, 0.1, 0.2, 0.3, 0.5]","['relu', 'tanh', 'sigmoid', 'elu']","[1e-05, 0.01]","[2, 3, 4, 5, 6, 7, 8, 9, 10, 11, 12, 13, 14, 15, 16, 17, 18, 19, 20, 21, 22, 23, 24, 25, 26, 27, 28, 29, 30]","[16, 32, 64, 128]","[5, 10, 15, 20]","[2, 3, 5, 7]","[2, 4, 8]",random,minimize,local
xzyjq1eh,92,620,1779265526419,,/home/meliani/nni-experiments/xzyjq1eh,28,exp_random_100_tt_only_tt_only,hpo,/home/meliani/Desktop/phd/fast-track/search_space.json,python3 trial.py --data ./tt_only.csv,/home/meliani/Desktop/phd/fast-track,1,360000s,100,False,False,info,/home/meliani/nni-experiments,"['LSTM', 'GRU', 'CNN', 'RNN', 'TCN', 'Transformer', 'MLP']","[16, 32, 64, 128, 256]","[1, 2, 3, 4]","[0, 0.1, 0.2, 0.3, 0.5]","['relu', 'tanh', 'sigmoid', 'elu']","[1e-05, 0.01]","[2, 3, 4, 5, 6, 7, 8, 9, 10, 11, 12, 13, 14, 15, 16, 17, 18, 19, 20, 21, 22, 23, 24, 25, 26, 27, 28, 29, 30]","[16, 32, 64, 128]","[5, 10, 15, 20]","[2, 3, 5, 7]","[2, 4, 8]",random,minimize,local
xzyjq1eh,93,630,1779265526419,,/home/meliani/nni-experiments/xzyjq1eh,28,exp_random_100_tt_only_tt_only,hpo,/home/meliani/Desktop/phd/fast-track/search_space.json,python3 trial.py --data ./tt_only.csv,/home/meliani/Desktop/phd/fast-track,1,360000s,100,False,False,info,/home/meliani/nni-experiments,"['LSTM', 'GRU', 'CNN', 'RNN', 'TCN', 'Transformer', 'MLP']","[16, 32, 64, 128, 256]","[1, 2, 3, 4]","[0, 0.1, 0.2, 0.3, 0.5]","['relu', 'tanh', 'sigmoid', 'elu']","[1e-05, 0.01]","[2, 3, 4, 5, 6, 7, 8, 9, 10, 11, 12, 13, 14, 15, 16, 17, 18, 19, 20, 21, 22, 23, 24, 25, 26, 27, 28, 29, 30]","[16, 32, 64, 128]","[5, 10, 15, 20]","[2, 3, 5, 7]","[2, 4, 8]",random,minimize,local
xzyjq1eh,94,640,1779265526419,,/home/meliani/nni-experiments/xzyjq1eh,28,exp_random_100_tt_only_tt_only,hpo,/home/meliani/Desktop/phd/fast-track/search_space.json,python3 trial.py --data ./tt_only.csv,/home/meliani/Desktop/phd/fast-track,1,360000s,100,False,False,info,/home/meliani/nni-experiments,"['LSTM', 'GRU', 'CNN', 'RNN', 'TCN', 'Transformer', 'MLP']","[16, 32, 64, 128, 256]","[1, 2, 3, 4]","[0, 0.1, 0.2, 0.3, 0.5]","['relu', 'tanh', 'sigmoid', 'elu']","[1e-05, 0.01]","[2, 3, 4, 5, 6, 7, 8, 9, 10, 11, 12, 13, 14, 15, 16, 17, 18, 19, 20, 21, 22, 23, 24, 25, 26, 27, 28, 29, 30]","[16, 32, 64, 128]","[5, 10, 15, 20]","[2, 3, 5, 7]","[2, 4, 8]",random,minimize,local
xzyjq1eh,95,650,1779265526419,,/home/meliani/nni-experiments/xzyjq1eh,28,exp_random_100_tt_only_tt_only,hpo,/home/meliani/Desktop/phd/fast-track/search_space.json,python3 trial.py --data ./tt_only.csv,/home/meliani/Desktop/phd/fast-track,1,360000s,100,False,False,info,/home/meliani/nni-experiments,"['LSTM', 'GRU', 'CNN', 'RNN', 'TCN', 'Transformer', 'MLP']","[16, 32, 64, 128, 256]","[1, 2, 3, 4]","[0, 0.1, 0.2, 0.3, 0.5]","['relu', 'tanh', 'sigmoid', 'elu']","[1e-05, 0.01]","[2, 3, 4, 5, 6, 7, 8, 9, 10, 11, 12, 13, 14, 15, 16, 17, 18, 19, 20, 21, 22, 23, 24, 25, 26, 27, 28, 29, 30]","[16, 32, 64, 128]","[5, 10, 15, 20]","[2, 3, 5, 7]","[2, 4, 8]",random,minimize,local
xzyjq1eh,96,660,1779265526419,,/home/meliani/nni-experiments/xzyjq1eh,28,exp_random_100_tt_only_tt_only,hpo,/home/meliani/Desktop/phd/fast-track/search_space.json,python3 trial.py --data ./tt_only.csv,/home/meliani/Desktop/phd/fast-track,1,360000s,100,False,False,info,/home/meliani/nni-experiments,"['LSTM', 'GRU', 'CNN', 'RNN', 'TCN', 'Transformer', 'MLP']","[16, 32, 64, 128, 256]","[1, 2, 3, 4]","[0, 0.1, 0.2, 0.3, 0.5]","['relu', 'tanh', 'sigmoid', 'elu']","[1e-05, 0.01]","[2, 3, 4, 5, 6, 7, 8, 9, 10, 11, 12, 13, 14, 15, 16, 17, 18, 19, 20, 21, 22, 23, 24, 25, 26, 27, 28, 29, 30]","[16, 32, 64, 128]","[5, 10, 15, 20]","[2, 3, 5, 7]","[2, 4, 8]",random,minimize,local
xzyjq1eh,97,664,1779265526419,,/home/meliani/nni-experiments/xzyjq1eh,29,exp_random_100_tt_only_tt_only,hpo,/home/meliani/Desktop/phd/fast-track/search_space.json,python3 trial.py --data ./tt_only.csv,/home/meliani/Desktop/phd/fast-track,1,360000s,100,False,False,info,/home/meliani/nni-experiments,"['LSTM', 'GRU', 'CNN', 'RNN', 'TCN', 'Transformer', 'MLP']","[16, 32, 64, 128, 256]","[1, 2, 3, 4]","[0, 0.1, 0.2, 0.3, 0.5]","['relu', 'tanh', 'sigmoid', 'elu']","[1e-05, 0.01]","[2, 3, 4, 5, 6, 7, 8, 9, 10, 11, 12, 13, 14, 15, 16, 17, 18, 19, 20, 21, 22, 23, 24, 25, 26, 27, 28, 29, 30]","[16, 32, 64, 128]","[5, 10, 15, 20]","[2, 3, 5, 7]","[2, 4, 8]",random,minimize,local
xzyjq1eh,98,669,1779265526419,,/home/meliani/nni-experiments/xzyjq1eh,30,exp_random_100_tt_only_tt_only,hpo,/home/meliani/Desktop/phd/fast-track/search_space.json,python3 trial.py --data ./tt_only.csv,/home/meliani/Desktop/phd/fast-track,1,360000s,100,False,False,info,/home/meliani/nni-experiments,"['LSTM', 'GRU', 'CNN', 'RNN', 'TCN', 'Transformer', 'MLP']","[16, 32, 64, 128, 256]","[1, 2, 3, 4]","[0, 0.1, 0.2, 0.3, 0.5]","['relu', 'tanh', 'sigmoid', 'elu']","[1e-05, 0.01]","[2, 3, 4, 5, 6, 7, 8, 9, 10, 11, 12, 13, 14, 15, 16, 17, 18, 19, 20, 21, 22, 23, 24, 25, 26, 27, 28, 29, 30]","[16, 32, 64, 128]","[5, 10, 15, 20]","[2, 3, 5, 7]","[2, 4, 8]",random,minimize,local
xzyjq1eh,99,670,1779265526419,,/home/meliani/nni-experiments/xzyjq1eh,30,exp_random_100_tt_only_tt_only,hpo,/home/meliani/Desktop/phd/fast-track/search_space.json,python3 trial.py --data ./tt_only.csv,/home/meliani/Desktop/phd/fast-track,1,360000s,100,False,False,info,/home/meliani/nni-experiments,"['LSTM', 'GRU', 'CNN', 'RNN', 'TCN', 'Transformer', 'MLP']","[16, 32, 64, 128, 256]","[1, 2, 3, 4]","[0, 0.1, 0.2, 0.3, 0.5]","['relu', 'tanh', 'sigmoid', 'elu']","[1e-05, 0.01]","[2, 3, 4, 5, 6, 7, 8, 9, 10, 11, 12, 13, 14, 15, 16, 17, 18, 19, 20, 21, 22, 23, 24, 25, 26, 27, 28, 29, 30]","[16, 32, 64, 128]","[5, 10, 15, 20]","[2, 3, 5, 7]","[2, 4, 8]",random,minimize,local
xzyjq1eh,100,680,1779265526419,,/home/meliani/nni-experiments/xzyjq1eh,30,exp_random_100_tt_only_tt_only,hpo,/home/meliani/Desktop/phd/fast-track/search_space.json,python3 trial.py --data ./tt_only.csv,/home/meliani/Desktop/phd/fast-track,1,360000s,100,False,False,info,/home/meliani/nni-experiments,"['LSTM', 'GRU', 'CNN', 'RNN', 'TCN', 'Transformer', 'MLP']","[16, 32, 64, 128, 256]","[1, 2, 3, 4]","[0, 0.1, 0.2, 0.3, 0.5]","['relu', 'tanh', 'sigmoid', 'elu']","[1e-05, 0.01]","[2, 3, 4, 5, 6, 7, 8, 9, 10, 11, 12, 13, 14, 15, 16, 17, 18, 19, 20, 21, 22, 23, 24, 25, 26, 27, 28, 29, 30]","[16, 32, 64, 128]","[5, 10, 15, 20]","[2, 3, 5, 7]","[2, 4, 8]",random,minimize,local
xzyjq1eh,101,687,1779265526419,,/home/meliani/nni-experiments/xzyjq1eh,31,exp_random_100_tt_only_tt_only,hpo,/home/meliani/Desktop/phd/fast-track/search_space.json,python3 trial.py --data ./tt_only.csv,/home/meliani/Desktop/phd/fast-track,1,360000s,100,False,False,info,/home/meliani/nni-experiments,"['LSTM', 'GRU', 'CNN', 'RNN', 'TCN', 'Transformer', 'MLP']","[16, 32, 64, 128, 256]","[1, 2, 3, 4]","[0, 0.1, 0.2, 0.3, 0.5]","['relu', 'tanh', 'sigmoid', 'elu']","[1e-05, 0.01]","[2, 3, 4, 5, 6, 7, 8, 9, 10, 11, 12, 13, 14, 15, 16, 17, 18, 19, 20, 21, 22, 23, 24, 25, 26, 27, 28, 29, 30]","[16, 32, 64, 128]","[5, 10, 15, 20]","[2, 3, 5, 7]","[2, 4, 8]",random,minimize,local
xzyjq1eh,102,690,1779265526419,,/home/meliani/nni-experiments/xzyjq1eh,31,exp_random_100_tt_only_tt_only,hpo,/home/meliani/Desktop/phd/fast-track/search_space.json,python3 trial.py --data ./tt_only.csv,/home/meliani/Desktop/phd/fast-track,1,360000s,100,False,False,info,/home/meliani/nni-experiments,"['LSTM', 'GRU', 'CNN', 'RNN', 'TCN', 'Transformer', 'MLP']","[16, 32, 64, 128, 256]","[1, 2, 3, 4]","[0, 0.1, 0.2, 0.3, 0.5]","['relu', 'tanh', 'sigmoid', 'elu']","[1e-05, 0.01]","[2, 3, 4, 5, 6, 7, 8, 9, 10, 11, 12, 13, 14, 15, 16, 17, 18, 19, 20, 21, 22, 23, 24, 25, 26, 27, 28, 29, 30]","[16, 32, 64, 128]","[5, 10, 15, 20]","[2, 3, 5, 7]","[2, 4, 8]",random,minimize,local
xzyjq1eh,103,700,1779265526419,,/home/meliani/nni-experiments/xzyjq1eh,32,exp_random_100_tt_only_tt_only,hpo,/home/meliani/Desktop/phd/fast-track/search_space.json,python3 trial.py --data ./tt_only.csv,/home/meliani/Desktop/phd/fast-track,1,360000s,100,False,False,info,/home/meliani/nni-experiments,"['LSTM', 'GRU', 'CNN', 'RNN', 'TCN', 'Transformer', 'MLP']","[16, 32, 64, 128, 256]","[1, 2, 3, 4]","[0, 0.1, 0.2, 0.3, 0.5]","['relu', 'tanh', 'sigmoid', 'elu']","[1e-05, 0.01]","[2, 3, 4, 5, 6, 7, 8, 9, 10, 11, 12, 13, 14, 15, 16, 17, 18, 19, 20, 21, 22, 23, 24, 25, 26, 27, 28, 29, 30]","[16, 32, 64, 128]","[5, 10, 15, 20]","[2, 3, 5, 7]","[2, 4, 8]",random,minimize,local
xzyjq1eh,104,700,1779265526419,,/home/meliani/nni-experiments/xzyjq1eh,32,exp_random_100_tt_only_tt_only,hpo,/home/meliani/Desktop/phd/fast-track/search_space.json,python3 trial.py --data ./tt_only.csv,/home/meliani/Desktop/phd/fast-track,1,360000s,100,False,False,info,/home/meliani/nni-experiments,"['LSTM', 'GRU', 'CNN', 'RNN', 'TCN', 'Transformer', 'MLP']","[16, 32, 64, 128, 256]","[1, 2, 3, 4]","[0, 0.1, 0.2, 0.3, 0.5]","['relu', 'tanh', 'sigmoid', 'elu']","[1e-05, 0.01]","[2, 3, 4, 5, 6, 7, 8, 9, 10, 11, 12, 13, 14, 15, 16, 17, 18, 19, 20, 21, 22, 23, 24, 25, 26, 27, 28, 29, 30]","[16, 32, 64, 128]","[5, 10, 15, 20]","[2, 3, 5, 7]","[2, 4, 8]",random,minimize,local
xzyjq1eh,105,706,1779265526419,,/home/meliani/nni-experiments/xzyjq1eh,33,exp_random_100_tt_only_tt_only,hpo,/home/meliani/Desktop/phd/fast-track/search_space.json,python3 trial.py --data ./tt_only.csv,/home/meliani/Desktop/phd/fast-track,1,360000s,100,False,False,info,/home/meliani/nni-experiments,"['LSTM', 'GRU', 'CNN', 'RNN', 'TCN', 'Transformer', 'MLP']","[16, 32, 64, 128, 256]","[1, 2, 3, 4]","[0, 0.1, 0.2, 0.3, 0.5]","['relu', 'tanh', 'sigmoid', 'elu']","[1e-05, 0.01]","[2, 3, 4, 5, 6, 7, 8, 9, 10, 11, 12, 13, 14, 15, 16, 17, 18, 19, 20, 21, 22, 23, 24, 25, 26, 27, 28, 29, 30]","[16, 32, 64, 128]","[5, 10, 15, 20]","[2, 3, 5, 7]","[2, 4, 8]",random,minimize,local
xzyjq1eh,106,710,1779265526419,,/home/meliani/nni-experiments/xzyjq1eh,33,exp_random_100_tt_only_tt_only,hpo,/home/meliani/Desktop/phd/fast-track/search_space.json,python3 trial.py --data ./tt_only.csv,/home/meliani/Desktop/phd/fast-track,1,360000s,100,False,False,info,/home/meliani/nni-experiments,"['LSTM', 'GRU', 'CNN', 'RNN', 'TCN', 'Transformer', 'MLP']","[16, 32, 64, 128, 256]","[1, 2, 3, 4]","[0, 0.1, 0.2, 0.3, 0.5]","['relu', 'tanh', 'sigmoid', 'elu']","[1e-05, 0.01]","[2, 3, 4, 5, 6, 7, 8, 9, 10, 11, 12, 13, 14, 15, 16, 17, 18, 19, 20, 21, 22, 23, 24, 25, 26, 27, 28, 29, 30]","[16, 32, 64, 128]","[5, 10, 15, 20]","[2, 3, 5, 7]","[2, 4, 8]",random,minimize,local
xzyjq1eh,107,711,1779265526419,,/home/meliani/nni-experiments/xzyjq1eh,34,exp_random_100_tt_only_tt_only,hpo,/home/meliani/Desktop/phd/fast-track/search_space.json,python3 trial.py --data ./tt_only.csv,/home/meliani/Desktop/phd/fast-track,1,360000s,100,False,False,info,/home/meliani/nni-experiments,"['LSTM', 'GRU', 'CNN', 'RNN', 'TCN', 'Transformer', 'MLP']","[16, 32, 64, 128, 256]","[1, 2, 3, 4]","[0, 0.1, 0.2, 0.3, 0.5]","['relu', 'tanh', 'sigmoid', 'elu']","[1e-05, 0.01]","[2, 3, 4, 5, 6, 7, 8, 9, 10, 11, 12, 13, 14, 15, 16, 17, 18, 19, 20, 21, 22, 23, 24, 25, 26, 27, 28, 29, 30]","[16, 32, 64, 128]","[5, 10, 15, 20]","[2, 3, 5, 7]","[2, 4, 8]",random,minimize,local
xzyjq1eh,108,720,1779265526419,,/home/meliani/nni-experiments/xzyjq1eh,34,exp_random_100_tt_only_tt_only,hpo,/home/meliani/Desktop/phd/fast-track/search_space.json,python3 trial.py --data ./tt_only.csv,/home/meliani/Desktop/phd/fast-track,1,360000s,100,False,False,info,/home/meliani/nni-experiments,"['LSTM', 'GRU', 'CNN', 'RNN', 'TCN', 'Transformer', 'MLP']","[16, 32, 64, 128, 256]","[1, 2, 3, 4]","[0, 0.1, 0.2, 0.3, 0.5]","['relu', 'tanh', 'sigmoid', 'elu']","[1e-05, 0.01]","[2, 3, 4, 5, 6, 7, 8, 9, 10, 11, 12, 13, 14, 15, 16, 17, 18, 19, 20, 21, 22, 23, 24, 25, 26, 27, 28, 29, 30]","[16, 32, 64, 128]","[5, 10, 15, 20]","[2, 3, 5, 7]","[2, 4, 8]",random,minimize,local
xzyjq1eh,109,730,1779265526419,,/home/meliani/nni-experiments/xzyjq1eh,34,exp_random_100_tt_only_tt_only,hpo,/home/meliani/Desktop/phd/fast-track/search_space.json,python3 trial.py --data ./tt_only.csv,/home/meliani/Desktop/phd/fast-track,1,360000s,100,False,False,info,/home/meliani/nni-experiments,"['LSTM', 'GRU', 'CNN', 'RNN', 'TCN', 'Transformer', 'MLP']","[16, 32, 64, 128, 256]","[1, 2, 3, 4]","[0, 0.1, 0.2, 0.3, 0.5]","['relu', 'tanh', 'sigmoid', 'elu']","[1e-05, 0.01]","[2, 3, 4, 5, 6, 7, 8, 9, 10, 11, 12, 13, 14, 15, 16, 17, 18, 19, 20, 21, 22, 23, 24, 25, 26, 27, 28, 29, 30]","[16, 32, 64, 128]","[5, 10, 15, 20]","[2, 3, 5, 7]","[2, 4, 8]",random,minimize,local
xzyjq1eh,110,739,1779265526419,,/home/meliani/nni-experiments/xzyjq1eh,35,exp_random_100_tt_only_tt_only,hpo,/home/meliani/Desktop/phd/fast-track/search_space.json,python3 trial.py --data ./tt_only.csv,/home/meliani/Desktop/phd/fast-track,1,360000s,100,False,False,info,/home/meliani/nni-experiments,"['LSTM', 'GRU', 'CNN', 'RNN', 'TCN', 'Transformer', 'MLP']","[16, 32, 64, 128, 256]","[1, 2, 3, 4]","[0, 0.1, 0.2, 0.3, 0.5]","['relu', 'tanh', 'sigmoid', 'elu']","[1e-05, 0.01]","[2, 3, 4, 5, 6, 7, 8, 9, 10, 11, 12, 13, 14, 15, 16, 17, 18, 19, 20, 21, 22, 23, 24, 25, 26, 27, 28, 29, 30]","[16, 32, 64, 128]","[5, 10, 15, 20]","[2, 3, 5, 7]","[2, 4, 8]",random,minimize,local
xzyjq1eh,111,740,1779265526419,,/home/meliani/nni-experiments/xzyjq1eh,35,exp_random_100_tt_only_tt_only,hpo,/home/meliani/Desktop/phd/fast-track/search_space.json,python3 trial.py --data ./tt_only.csv,/home/meliani/Desktop/phd/fast-track,1,360000s,100,False,False,info,/home/meliani/nni-experiments,"['LSTM', 'GRU', 'CNN', 'RNN', 'TCN', 'Transformer', 'MLP']","[16, 32, 64, 128, 256]","[1, 2, 3, 4]","[0, 0.1, 0.2, 0.3, 0.5]","['relu', 'tanh', 'sigmoid', 'elu']","[1e-05, 0.01]","[2, 3, 4, 5, 6, 7, 8, 9, 10, 11, 12, 13, 14, 15, 16, 17, 18, 19, 20, 21, 22, 23, 24, 25, 26, 27, 28, 29, 30]","[16, 32, 64, 128]","[5, 10, 15, 20]","[2, 3, 5, 7]","[2, 4, 8]",random,minimize,local
xzyjq1eh,112,749,1779265526419,,/home/meliani/nni-experiments/xzyjq1eh,36,exp_random_100_tt_only_tt_only,hpo,/home/meliani/Desktop/phd/fast-track/search_space.json,python3 trial.py --data ./tt_only.csv,/home/meliani/Desktop/phd/fast-track,1,360000s,100,False,False,info,/home/meliani/nni-experiments,"['LSTM', 'GRU', 'CNN', 'RNN', 'TCN', 'Transformer', 'MLP']","[16, 32, 64, 128, 256]","[1, 2, 3, 4]","[0, 0.1, 0.2, 0.3, 0.5]","['relu', 'tanh', 'sigmoid', 'elu']","[1e-05, 0.01]","[2, 3, 4, 5, 6, 7, 8, 9, 10, 11, 12, 13, 14, 15, 16, 17, 18, 19, 20, 21, 22, 23, 24, 25, 26, 27, 28, 29, 30]","[16, 32, 64, 128]","[5, 10, 15, 20]","[2, 3, 5, 7]","[2, 4, 8]",random,minimize,local
xzyjq1eh,113,750,1779265526419,,/home/meliani/nni-experiments/xzyjq1eh,36,exp_random_100_tt_only_tt_only,hpo,/home/meliani/Desktop/phd/fast-track/search_space.json,python3 trial.py --data ./tt_only.csv,/home/meliani/Desktop/phd/fast-track,1,360000s,100,False,False,info,/home/meliani/nni-experiments,"['LSTM', 'GRU', 'CNN', 'RNN', 'TCN', 'Transformer', 'MLP']","[16, 32, 64, 128, 256]","[1, 2, 3, 4]","[0, 0.1, 0.2, 0.3, 0.5]","['relu', 'tanh', 'sigmoid', 'elu']","[1e-05, 0.01]","[2, 3, 4, 5, 6, 7, 8, 9, 10, 11, 12, 13, 14, 15, 16, 17, 18, 19, 20, 21, 22, 23, 24, 25, 26, 27, 28, 29, 30]","[16, 32, 64, 128]","[5, 10, 15, 20]","[2, 3, 5, 7]","[2, 4, 8]",random,minimize,local
xzyjq1eh,114,760,1779265526419,,/home/meliani/nni-experiments/xzyjq1eh,36,exp_random_100_tt_only_tt_only,hpo,/home/meliani/Desktop/phd/fast-track/search_space.json,python3 trial.py --data ./tt_only.csv,/home/meliani/Desktop/phd/fast-track,1,360000s,100,False,False,info,/home/meliani/nni-experiments,"['LSTM', 'GRU', 'CNN', 'RNN', 'TCN', 'Transformer', 'MLP']","[16, 32, 64, 128, 256]","[1, 2, 3, 4]","[0, 0.1, 0.2, 0.3, 0.5]","['relu', 'tanh', 'sigmoid', 'elu']","[1e-05, 0.01]","[2, 3, 4, 5, 6, 7, 8, 9, 10, 11, 12, 13, 14, 15, 16, 17, 18, 19, 20, 21, 22, 23, 24, 25, 26, 27, 28, 29, 30]","[16, 32, 64, 128]","[5, 10, 15, 20]","[2, 3, 5, 7]","[2, 4, 8]",random,minimize,local
xzyjq1eh,115,762,1779265526419,,/home/meliani/nni-experiments/xzyjq1eh,37,exp_random_100_tt_only_tt_only,hpo,/home/meliani/Desktop/phd/fast-track/search_space.json,python3 trial.py --data ./tt_only.csv,/home/meliani/Desktop/phd/fast-track,1,360000s,100,False,False,info,/home/meliani/nni-experiments,"['LSTM', 'GRU', 'CNN', 'RNN', 'TCN', 'Transformer', 'MLP']","[16, 32, 64, 128, 256]","[1, 2, 3, 4]","[0, 0.1, 0.2, 0.3, 0.5]","['relu', 'tanh', 'sigmoid', 'elu']","[1e-05, 0.01]","[2, 3, 4, 5, 6, 7, 8, 9, 10, 11, 12, 13, 14, 15, 16, 17, 18, 19, 20, 21, 22, 23, 24, 25, 26, 27, 28, 29, 30]","[16, 32, 64, 128]","[5, 10, 15, 20]","[2, 3, 5, 7]","[2, 4, 8]",random,minimize,local
xzyjq1eh,116,770,1779265526419,,/home/meliani/nni-experiments/xzyjq1eh,37,exp_random_100_tt_only_tt_only,hpo,/home/meliani/Desktop/phd/fast-track/search_space.json,python3 trial.py --data ./tt_only.csv,/home/meliani/Desktop/phd/fast-track,1,360000s,100,False,False,info,/home/meliani/nni-experiments,"['LSTM', 'GRU', 'CNN', 'RNN', 'TCN', 'Transformer', 'MLP']","[16, 32, 64, 128, 256]","[1, 2, 3, 4]","[0, 0.1, 0.2, 0.3, 0.5]","['relu', 'tanh', 'sigmoid', 'elu']","[1e-05, 0.01]","[2, 3, 4, 5, 6, 7, 8, 9, 10, 11, 12, 13, 14, 15, 16, 17, 18, 19, 20, 21, 22, 23, 24, 25, 26, 27, 28, 29, 30]","[16, 32, 64, 128]","[5, 10, 15, 20]","[2, 3, 5, 7]","[2, 4, 8]",random,minimize,local
xzyjq1eh,117,778,1779265526419,,/home/meliani/nni-experiments/xzyjq1eh,38,exp_random_100_tt_only_tt_only,hpo,/home/meliani/Desktop/phd/fast-track/search_space.json,python3 trial.py --data ./tt_only.csv,/home/meliani/Desktop/phd/fast-track,1,360000s,100,False,False,info,/home/meliani/nni-experiments,"['LSTM', 'GRU', 'CNN', 'RNN', 'TCN', 'Transformer', 'MLP']","[16, 32, 64, 128, 256]","[1, 2, 3, 4]","[0, 0.1, 0.2, 0.3, 0.5]","['relu', 'tanh', 'sigmoid', 'elu']","[1e-05, 0.01]","[2, 3, 4, 5, 6, 7, 8, 9, 10, 11, 12, 13, 14, 15, 16, 17, 18, 19, 20, 21, 22, 23, 24, 25, 26, 27, 28, 29, 30]","[16, 32, 64, 128]","[5, 10, 15, 20]","[2, 3, 5, 7]","[2, 4, 8]",random,minimize,local
xzyjq1eh,118,780,1779265526419,,/home/meliani/nni-experiments/xzyjq1eh,38,exp_random_100_tt_only_tt_only,hpo,/home/meliani/Desktop/phd/fast-track/search_space.json,python3 trial.py --data ./tt_only.csv,/home/meliani/Desktop/phd/fast-track,1,360000s,100,False,False,info,/home/meliani/nni-experiments,"['LSTM', 'GRU', 'CNN', 'RNN', 'TCN', 'Transformer', 'MLP']","[16, 32, 64, 128, 256]","[1, 2, 3, 4]","[0, 0.1, 0.2, 0.3, 0.5]","['relu', 'tanh', 'sigmoid', 'elu']","[1e-05, 0.01]","[2, 3, 4, 5, 6, 7, 8, 9, 10, 11, 12, 13, 14, 15, 16, 17, 18, 19, 20, 21, 22, 23, 24, 25, 26, 27, 28, 29, 30]","[16, 32, 64, 128]","[5, 10, 15, 20]","[2, 3, 5, 7]","[2, 4, 8]",random,minimize,local
xzyjq1eh,119,790,1779265526419,,/home/meliani/nni-experiments/xzyjq1eh,38,exp_random_100_tt_only_tt_only,hpo,/home/meliani/Desktop/phd/fast-track/search_space.json,python3 trial.py --data ./tt_only.csv,/home/meliani/Desktop/phd/fast-track,1,360000s,100,False,False,info,/home/meliani/nni-experiments,"['LSTM', 'GRU', 'CNN', 'RNN', 'TCN', 'Transformer', 'MLP']","[16, 32, 64, 128, 256]","[1, 2, 3, 4]","[0, 0.1, 0.2, 0.3, 0.5]","['relu', 'tanh', 'sigmoid', 'elu']","[1e-05, 0.01]","[2, 3, 4, 5, 6, 7, 8, 9, 10, 11, 12, 13, 14, 15, 16, 17, 18, 19, 20, 21, 22, 23, 24, 25, 26, 27, 28, 29, 30]","[16, 32, 64, 128]","[5, 10, 15, 20]","[2, 3, 5, 7]","[2, 4, 8]",random,minimize,local
xzyjq1eh,120,800,1779265526419,,/home/meliani/nni-experiments/xzyjq1eh,38,exp_random_100_tt_only_tt_only,hpo,/home/meliani/Desktop/phd/fast-track/search_space.json,python3 trial.py --data ./tt_only.csv,/home/meliani/Desktop/phd/fast-track,1,360000s,100,False,False,info,/home/meliani/nni-experiments,"['LSTM', 'GRU', 'CNN', 'RNN', 'TCN', 'Transformer', 'MLP']","[16, 32, 64, 128, 256]","[1, 2, 3, 4]","[0, 0.1, 0.2, 0.3, 0.5]","['relu', 'tanh', 'sigmoid', 'elu']","[1e-05, 0.01]","[2, 3, 4, 5, 6, 7, 8, 9, 10, 11, 12, 13, 14, 15, 16, 17, 18, 19, 20, 21, 22, 23, 24, 25, 26, 27, 28, 29, 30]","[16, 32, 64, 128]","[5, 10, 15, 20]","[2, 3, 5, 7]","[2, 4, 8]",random,minimize,local
xzyjq1eh,121,810,1779265526419,,/home/meliani/nni-experiments/xzyjq1eh,38,exp_random_100_tt_only_tt_only,hpo,/home/meliani/Desktop/phd/fast-track/search_space.json,python3 trial.py --data ./tt_only.csv,/home/meliani/Desktop/phd/fast-track,1,360000s,100,False,False,info,/home/meliani/nni-experiments,"['LSTM', 'GRU', 'CNN', 'RNN', 'TCN', 'Transformer', 'MLP']","[16, 32, 64, 128, 256]","[1, 2, 3, 4]","[0, 0.1, 0.2, 0.3, 0.5]","['relu', 'tanh', 'sigmoid', 'elu']","[1e-05, 0.01]","[2, 3, 4, 5, 6, 7, 8, 9, 10, 11, 12, 13, 14, 15, 16, 17, 18, 19, 20, 21, 22, 23, 24, 25, 26, 27, 28, 29, 30]","[16, 32, 64, 128]","[5, 10, 15, 20]","[2, 3, 5, 7]","[2, 4, 8]",random,minimize,local
xzyjq1eh,122,820,1779265526419,,/home/meliani/nni-experiments/xzyjq1eh,38,exp_random_100_tt_only_tt_only,hpo,/home/meliani/Desktop/phd/fast-track/search_space.json,python3 trial.py --data ./tt_only.csv,/home/meliani/Desktop/phd/fast-track,1,360000s,100,False,False,info,/home/meliani/nni-experiments,"['LSTM', 'GRU', 'CNN', 'RNN', 'TCN', 'Transformer', 'MLP']","[16, 32, 64, 128, 256]","[1, 2, 3, 4]","[0, 0.1, 0.2, 0.3, 0.5]","['relu', 'tanh', 'sigmoid', 'elu']","[1e-05, 0.01]","[2, 3, 4, 5, 6, 7, 8, 9, 10, 11, 12, 13, 14, 15, 16, 17, 18, 19, 20, 21, 22, 23, 24, 25, 26, 27, 28, 29, 30]","[16, 32, 64, 128]","[5, 10, 15, 20]","[2, 3, 5, 7]","[2, 4, 8]",random,minimize,local
xzyjq1eh,123,830,1779265526419,,/home/meliani/nni-experiments/xzyjq1eh,38,exp_random_100_tt_only_tt_only,hpo,/home/meliani/Desktop/phd/fast-track/search_space.json,python3 trial.py --data ./tt_only.csv,/home/meliani/Desktop/phd/fast-track,1,360000s,100,False,False,info,/home/meliani/nni-experiments,"['LSTM', 'GRU', 'CNN', 'RNN', 'TCN', 'Transformer', 'MLP']","[16, 32, 64, 128, 256]","[1, 2, 3, 4]","[0, 0.1, 0.2, 0.3, 0.5]","['relu', 'tanh', 'sigmoid', 'elu']","[1e-05, 0.01]","[2, 3, 4, 5, 6, 7, 8, 9, 10, 11, 12, 13, 14, 15, 16, 17, 18, 19, 20, 21, 22, 23, 24, 25, 26, 27, 28, 29, 30]","[16, 32, 64, 128]","[5, 10, 15, 20]","[2, 3, 5, 7]","[2, 4, 8]",random,minimize,local
xzyjq1eh,124,840,1779265526419,,/home/meliani/nni-experiments/xzyjq1eh,38,exp_random_100_tt_only_tt_only,hpo,/home/meliani/Desktop/phd/fast-track/search_space.json,python3 trial.py --data ./tt_only.csv,/home/meliani/Desktop/phd/fast-track,1,360000s,100,False,False,info,/home/meliani/nni-experiments,"['LSTM', 'GRU', 'CNN', 'RNN', 'TCN', 'Transformer', 'MLP']","[16, 32, 64, 128, 256]","[1, 2, 3, 4]","[0, 0.1, 0.2, 0.3, 0.5]","['relu', 'tanh', 'sigmoid', 'elu']","[1e-05, 0.01]","[2, 3, 4, 5, 6, 7, 8, 9, 10, 11, 12, 13, 14, 15, 16, 17, 18, 19, 20, 21, 22, 23, 24, 25, 26, 27, 28, 29, 30]","[16, 32, 64, 128]","[5, 10, 15, 20]","[2, 3, 5, 7]","[2, 4, 8]",random,minimize,local
xzyjq1eh,125,850,1779265526419,,/home/meliani/nni-experiments/xzyjq1eh,38,exp_random_100_tt_only_tt_only,hpo,/home/meliani/Desktop/phd/fast-track/search_space.json,python3 trial.py --data ./tt_only.csv,/home/meliani/Desktop/phd/fast-track,1,360000s,100,False,False,info,/home/meliani/nni-experiments,"['LSTM', 'GRU', 'CNN', 'RNN', 'TCN', 'Transformer', 'MLP']","[16, 32, 64, 128, 256]","[1, 2, 3, 4]","[0, 0.1, 0.2, 0.3, 0.5]","['relu', 'tanh', 'sigmoid', 'elu']","[1e-05, 0.01]","[2, 3, 4, 5, 6, 7, 8, 9, 10, 11, 12, 13, 14, 15, 16, 17, 18, 19, 20, 21, 22, 23, 24, 25, 26, 27, 28, 29, 30]","[16, 32, 64, 128]","[5, 10, 15, 20]","[2, 3, 5, 7]","[2, 4, 8]",random,minimize,local
xzyjq1eh,126,860,1779265526419,,/home/meliani/nni-experiments/xzyjq1eh,38,exp_random_100_tt_only_tt_only,hpo,/home/meliani/Desktop/phd/fast-track/search_space.json,python3 trial.py --data ./tt_only.csv,/home/meliani/Desktop/phd/fast-track,1,360000s,100,False,False,info,/home/meliani/nni-experiments,"['LSTM', 'GRU', 'CNN', 'RNN', 'TCN', 'Transformer', 'MLP']","[16, 32, 64, 128, 256]","[1, 2, 3, 4]","[0, 0.1, 0.2, 0.3, 0.5]","['relu', 'tanh', 'sigmoid', 'elu']","[1e-05, 0.01]","[2, 3, 4, 5, 6, 7, 8, 9, 10, 11, 12, 13, 14, 15, 16, 17, 18, 19, 20, 21, 22, 23, 24, 25, 26, 27, 28, 29, 30]","[16, 32, 64, 128]","[5, 10, 15, 20]","[2, 3, 5, 7]","[2, 4, 8]",random,minimize,local
xzyjq1eh,127,870,1779265526419,,/home/meliani/nni-experiments/xzyjq1eh,38,exp_random_100_tt_only_tt_only,hpo,/home/meliani/Desktop/phd/fast-track/search_space.json,python3 trial.py --data ./tt_only.csv,/home/meliani/Desktop/phd/fast-track,1,360000s,100,False,False,info,/home/meliani/nni-experiments,"['LSTM', 'GRU', 'CNN', 'RNN', 'TCN', 'Transformer', 'MLP']","[16, 32, 64, 128, 256]","[1, 2, 3, 4]","[0, 0.1, 0.2, 0.3, 0.5]","['relu', 'tanh', 'sigmoid', 'elu']","[1e-05, 0.01]","[2, 3, 4, 5, 6, 7, 8, 9, 10, 11, 12, 13, 14, 15, 16, 17, 18, 19, 20, 21, 22, 23, 24, 25, 26, 27, 28, 29, 30]","[16, 32, 64, 128]","[5, 10, 15, 20]","[2, 3, 5, 7]","[2, 4, 8]",random,minimize,local
xzyjq1eh,128,872,1779265526419,,/home/meliani/nni-experiments/xzyjq1eh,39,exp_random_100_tt_only_tt_only,hpo,/home/meliani/Desktop/phd/fast-track/search_space.json,python3 trial.py --data ./tt_only.csv,/home/meliani/Desktop/phd/fast-track,1,360000s,100,False,False,info,/home/meliani/nni-experiments,"['LSTM', 'GRU', 'CNN', 'RNN', 'TCN', 'Transformer', 'MLP']","[16, 32, 64, 128, 256]","[1, 2, 3, 4]","[0, 0.1, 0.2, 0.3, 0.5]","['relu', 'tanh', 'sigmoid', 'elu']","[1e-05, 0.01]","[2, 3, 4, 5, 6, 7, 8, 9, 10, 11, 12, 13, 14, 15, 16, 17, 18, 19, 20, 21, 22, 23, 24, 25, 26, 27, 28, 29, 30]","[16, 32, 64, 128]","[5, 10, 15, 20]","[2, 3, 5, 7]","[2, 4, 8]",random,minimize,local
xzyjq1eh,129,879,1779265526419,,/home/meliani/nni-experiments/xzyjq1eh,40,exp_random_100_tt_only_tt_only,hpo,/home/meliani/Desktop/phd/fast-track/search_space.json,python3 trial.py --data ./tt_only.csv,/home/meliani/Desktop/phd/fast-track,1,360000s,100,False,False,info,/home/meliani/nni-experiments,"['LSTM', 'GRU', 'CNN', 'RNN', 'TCN', 'Transformer', 'MLP']","[16, 32, 64, 128, 256]","[1, 2, 3, 4]","[0, 0.1, 0.2, 0.3, 0.5]","['relu', 'tanh', 'sigmoid', 'elu']","[1e-05, 0.01]","[2, 3, 4, 5, 6, 7, 8, 9, 10, 11, 12, 13, 14, 15, 16, 17, 18, 19, 20, 21, 22, 23, 24, 25, 26, 27, 28, 29, 30]","[16, 32, 64, 128]","[5, 10, 15, 20]","[2, 3, 5, 7]","[2, 4, 8]",random,minimize,local
xzyjq1eh,130,880,1779265526419,,/home/meliani/nni-experiments/xzyjq1eh,40,exp_random_100_tt_only_tt_only,hpo,/home/meliani/Desktop/phd/fast-track/search_space.json,python3 trial.py --data ./tt_only.csv,/home/meliani/Desktop/phd/fast-track,1,360000s,100,False,False,info,/home/meliani/nni-experiments,"['LSTM', 'GRU', 'CNN', 'RNN', 'TCN', 'Transformer', 'MLP']","[16, 32, 64, 128, 256]","[1, 2, 3, 4]","[0, 0.1, 0.2, 0.3, 0.5]","['relu', 'tanh', 'sigmoid', 'elu']","[1e-05, 0.01]","[2, 3, 4, 5, 6, 7, 8, 9, 10, 11, 12, 13, 14, 15, 16, 17, 18, 19, 20, 21, 22, 23, 24, 25, 26, 27, 28, 29, 30]","[16, 32, 64, 128]","[5, 10, 15, 20]","[2, 3, 5, 7]","[2, 4, 8]",random,minimize,local
xzyjq1eh,131,890,1779265526419,,/home/meliani/nni-experiments/xzyjq1eh,40,exp_random_100_tt_only_tt_only,hpo,/home/meliani/Desktop/phd/fast-track/search_space.json,python3 trial.py --data ./tt_only.csv,/home/meliani/Desktop/phd/fast-track,1,360000s,100,False,False,info,/home/meliani/nni-experiments,"['LSTM', 'GRU', 'CNN', 'RNN', 'TCN', 'Transformer', 'MLP']","[16, 32, 64, 128, 256]","[1, 2, 3, 4]","[0, 0.1, 0.2, 0.3, 0.5]","['relu', 'tanh', 'sigmoid', 'elu']","[1e-05, 0.01]","[2, 3, 4, 5, 6, 7, 8, 9, 10, 11, 12, 13, 14, 15, 16, 17, 18, 19, 20, 21, 22, 23, 24, 25, 26, 27, 28, 29, 30]","[16, 32, 64, 128]","[5, 10, 15, 20]","[2, 3, 5, 7]","[2, 4, 8]",random,minimize,local
xzyjq1eh,132,900,1779265526419,,/home/meliani/nni-experiments/xzyjq1eh,40,exp_random_100_tt_only_tt_only,hpo,/home/meliani/Desktop/phd/fast-track/search_space.json,python3 trial.py --data ./tt_only.csv,/home/meliani/Desktop/phd/fast-track,1,360000s,100,False,False,info,/home/meliani/nni-experiments,"['LSTM', 'GRU', 'CNN', 'RNN', 'TCN', 'Transformer', 'MLP']","[16, 32, 64, 128, 256]","[1, 2, 3, 4]","[0, 0.1, 0.2, 0.3, 0.5]","['relu', 'tanh', 'sigmoid', 'elu']","[1e-05, 0.01]","[2, 3, 4, 5, 6, 7, 8, 9, 10, 11, 12, 13, 14, 15, 16, 17, 18, 19, 20, 21, 22, 23, 24, 25, 26, 27, 28, 29, 30]","[16, 32, 64, 128]","[5, 10, 15, 20]","[2, 3, 5, 7]","[2, 4, 8]",random,minimize,local
xzyjq1eh,133,910,1779265526419,,/home/meliani/nni-experiments/xzyjq1eh,40,exp_random_100_tt_only_tt_only,hpo,/home/meliani/Desktop/phd/fast-track/search_space.json,python3 trial.py --data ./tt_only.csv,/home/meliani/Desktop/phd/fast-track,1,360000s,100,False,False,info,/home/meliani/nni-experiments,"['LSTM', 'GRU', 'CNN', 'RNN', 'TCN', 'Transformer', 'MLP']","[16, 32, 64, 128, 256]","[1, 2, 3, 4]","[0, 0.1, 0.2, 0.3, 0.5]","['relu', 'tanh', 'sigmoid', 'elu']","[1e-05, 0.01]","[2, 3, 4, 5, 6, 7, 8, 9, 10, 11, 12, 13, 14, 15, 16, 17, 18, 19, 20, 21, 22, 23, 24, 25, 26, 27, 28, 29, 30]","[16, 32, 64, 128]","[5, 10, 15, 20]","[2, 3, 5, 7]","[2, 4, 8]",random,minimize,local
xzyjq1eh,134,912,1779265526419,,/home/meliani/nni-experiments/xzyjq1eh,41,exp_random_100_tt_only_tt_only,hpo,/home/meliani/Desktop/phd/fast-track/search_space.json,python3 trial.py --data ./tt_only.csv,/home/meliani/Desktop/phd/fast-track,1,360000s,100,False,False,info,/home/meliani/nni-experiments,"['LSTM', 'GRU', 'CNN', 'RNN', 'TCN', 'Transformer', 'MLP']","[16, 32, 64, 128, 256]","[1, 2, 3, 4]","[0, 0.1, 0.2, 0.3, 0.5]","['relu', 'tanh', 'sigmoid', 'elu']","[1e-05, 0.01]","[2, 3, 4, 5, 6, 7, 8, 9, 10, 11, 12, 13, 14, 15, 16, 17, 18, 19, 20, 21, 22, 23, 24, 25, 26, 27, 28, 29, 30]","[16, 32, 64, 128]","[5, 10, 15, 20]","[2, 3, 5, 7]","[2, 4, 8]",random,minimize,local
xzyjq1eh,135,920,1779265526419,,/home/meliani/nni-experiments/xzyjq1eh,41,exp_random_100_tt_only_tt_only,hpo,/home/meliani/Desktop/phd/fast-track/search_space.json,python3 trial.py --data ./tt_only.csv,/home/meliani/Desktop/phd/fast-track,1,360000s,100,False,False,info,/home/meliani/nni-experiments,"['LSTM', 'GRU', 'CNN', 'RNN', 'TCN', 'Transformer', 'MLP']","[16, 32, 64, 128, 256]","[1, 2, 3, 4]","[0, 0.1, 0.2, 0.3, 0.5]","['relu', 'tanh', 'sigmoid', 'elu']","[1e-05, 0.01]","[2, 3, 4, 5, 6, 7, 8, 9, 10, 11, 12, 13, 14, 15, 16, 17, 18, 19, 20, 21, 22, 23, 24, 25, 26, 27, 28, 29, 30]","[16, 32, 64, 128]","[5, 10, 15, 20]","[2, 3, 5, 7]","[2, 4, 8]",random,minimize,local
xzyjq1eh,136,930,1779265526419,,/home/meliani/nni-experiments/xzyjq1eh,41,exp_random_100_tt_only_tt_only,hpo,/home/meliani/Desktop/phd/fast-track/search_space.json,python3 trial.py --data ./tt_only.csv,/home/meliani/Desktop/phd/fast-track,1,360000s,100,False,False,info,/home/meliani/nni-experiments,"['LSTM', 'GRU', 'CNN', 'RNN', 'TCN', 'Transformer', 'MLP']","[16, 32, 64, 128, 256]","[1, 2, 3, 4]","[0, 0.1, 0.2, 0.3, 0.5]","['relu', 'tanh', 'sigmoid', 'elu']","[1e-05, 0.01]","[2, 3, 4, 5, 6, 7, 8, 9, 10, 11, 12, 13, 14, 15, 16, 17, 18, 19, 20, 21, 22, 23, 24, 25, 26, 27, 28, 29, 30]","[16, 32, 64, 128]","[5, 10, 15, 20]","[2, 3, 5, 7]","[2, 4, 8]",random,minimize,local
xzyjq1eh,137,932,1779265526419,,/home/meliani/nni-experiments/xzyjq1eh,42,exp_random_100_tt_only_tt_only,hpo,/home/meliani/Desktop/phd/fast-track/search_space.json,python3 trial.py --data ./tt_only.csv,/home/meliani/Desktop/phd/fast-track,1,360000s,100,False,False,info,/home/meliani/nni-experiments,"['LSTM', 'GRU', 'CNN', 'RNN', 'TCN', 'Transformer', 'MLP']","[16, 32, 64, 128, 256]","[1, 2, 3, 4]","[0, 0.1, 0.2, 0.3, 0.5]","['relu', 'tanh', 'sigmoid', 'elu']","[1e-05, 0.01]","[2, 3, 4, 5, 6, 7, 8, 9, 10, 11, 12, 13, 14, 15, 16, 17, 18, 19, 20, 21, 22, 23, 24, 25, 26, 27, 28, 29, 30]","[16, 32, 64, 128]","[5, 10, 15, 20]","[2, 3, 5, 7]","[2, 4, 8]",random,minimize,local
xzyjq1eh,138,940,1779265526419,,/home/meliani/nni-experiments/xzyjq1eh,42,exp_random_100_tt_only_tt_only,hpo,/home/meliani/Desktop/phd/fast-track/search_space.json,python3 trial.py --data ./tt_only.csv,/home/meliani/Desktop/phd/fast-track,1,360000s,100,False,False,info,/home/meliani/nni-experiments,"['LSTM', 'GRU', 'CNN', 'RNN', 'TCN', 'Transformer', 'MLP']","[16, 32, 64, 128, 256]","[1, 2, 3, 4]","[0, 0.1, 0.2, 0.3, 0.5]","['relu', 'tanh', 'sigmoid', 'elu']","[1e-05, 0.01]","[2, 3, 4, 5, 6, 7, 8, 9, 10, 11, 12, 13, 14, 15, 16, 17, 18, 19, 20, 21, 22, 23, 24, 25, 26, 27, 28, 29, 30]","[16, 32, 64, 128]","[5, 10, 15, 20]","[2, 3, 5, 7]","[2, 4, 8]",random,minimize,local
xzyjq1eh,139,950,1779265526419,,/home/meliani/nni-experiments/xzyjq1eh,42,exp_random_100_tt_only_tt_only,hpo,/home/meliani/Desktop/phd/fast-track/search_space.json,python3 trial.py --data ./tt_only.csv,/home/meliani/Desktop/phd/fast-track,1,360000s,100,False,False,info,/home/meliani/nni-experiments,"['LSTM', 'GRU', 'CNN', 'RNN', 'TCN', 'Transformer', 'MLP']","[16, 32, 64, 128, 256]","[1, 2, 3, 4]","[0, 0.1, 0.2, 0.3, 0.5]","['relu', 'tanh', 'sigmoid', 'elu']","[1e-05, 0.01]","[2, 3, 4, 5, 6, 7, 8, 9, 10, 11, 12, 13, 14, 15, 16, 17, 18, 19, 20, 21, 22, 23, 24, 25, 26, 27, 28, 29, 30]","[16, 32, 64, 128]","[5, 10, 15, 20]","[2, 3, 5, 7]","[2, 4, 8]",random,minimize,local
xzyjq1eh,140,960,1779265526419,,/home/meliani/nni-experiments/xzyjq1eh,42,exp_random_100_tt_only_tt_only,hpo,/home/meliani/Desktop/phd/fast-track/search_space.json,python3 trial.py --data ./tt_only.csv,/home/meliani/Desktop/phd/fast-track,1,360000s,100,False,False,info,/home/meliani/nni-experiments,"['LSTM', 'GRU', 'CNN', 'RNN', 'TCN', 'Transformer', 'MLP']","[16, 32, 64, 128, 256]","[1, 2, 3, 4]","[0, 0.1, 0.2, 0.3, 0.5]","['relu', 'tanh', 'sigmoid', 'elu']","[1e-05, 0.01]","[2, 3, 4, 5, 6, 7, 8, 9, 10, 11, 12, 13, 14, 15, 16, 17, 18, 19, 20, 21, 22, 23, 24, 25, 26, 27, 28, 29, 30]","[16, 32, 64, 128]","[5, 10, 15, 20]","[2, 3, 5, 7]","[2, 4, 8]",random,minimize,local
xzyjq1eh,141,960,1779265526419,,/home/meliani/nni-experiments/xzyjq1eh,43,exp_random_100_tt_only_tt_only,hpo,/home/meliani/Desktop/phd/fast-track/search_space.json,python3 trial.py --data ./tt_only.csv,/home/meliani/Desktop/phd/fast-track,1,360000s,100,False,False,info,/home/meliani/nni-experiments,"['LSTM', 'GRU', 'CNN', 'RNN', 'TCN', 'Transformer', 'MLP']","[16, 32, 64, 128, 256]","[1, 2, 3, 4]","[0, 0.1, 0.2, 0.3, 0.5]","['relu', 'tanh', 'sigmoid', 'elu']","[1e-05, 0.01]","[2, 3, 4, 5, 6, 7, 8, 9, 10, 11, 12, 13, 14, 15, 16, 17, 18, 19, 20, 21, 22, 23, 24, 25, 26, 27, 28, 29, 30]","[16, 32, 64, 128]","[5, 10, 15, 20]","[2, 3, 5, 7]","[2, 4, 8]",random,minimize,local
xzyjq1eh,142,970,1779265526419,,/home/meliani/nni-experiments/xzyjq1eh,43,exp_random_100_tt_only_tt_only,hpo,/home/meliani/Desktop/phd/fast-track/search_space.json,python3 trial.py --data ./tt_only.csv,/home/meliani/Desktop/phd/fast-track,1,360000s,100,False,False,info,/home/meliani/nni-experiments,"['LSTM', 'GRU', 'CNN', 'RNN', 'TCN', 'Transformer', 'MLP']","[16, 32, 64, 128, 256]","[1, 2, 3, 4]","[0, 0.1, 0.2, 0.3, 0.5]","['relu', 'tanh', 'sigmoid', 'elu']","[1e-05, 0.01]","[2, 3, 4, 5, 6, 7, 8, 9, 10, 11, 12, 13, 14, 15, 16, 17, 18, 19, 20, 21, 22, 23, 24, 25, 26, 27, 28, 29, 30]","[16, 32, 64, 128]","[5, 10, 15, 20]","[2, 3, 5, 7]","[2, 4, 8]",random,minimize,local
xzyjq1eh,143,980,1779265526419,,/home/meliani/nni-experiments/xzyjq1eh,43,exp_random_100_tt_only_tt_only,hpo,/home/meliani/Desktop/phd/fast-track/search_space.json,python3 trial.py --data ./tt_only.csv,/home/meliani/Desktop/phd/fast-track,1,360000s,100,False,False,info,/home/meliani/nni-experiments,"['LSTM', 'GRU', 'CNN', 'RNN', 'TCN', 'Transformer', 'MLP']","[16, 32, 64, 128, 256]","[1, 2, 3, 4]","[0, 0.1, 0.2, 0.3, 0.5]","['relu', 'tanh', 'sigmoid', 'elu']","[1e-05, 0.01]","[2, 3, 4, 5, 6, 7, 8, 9, 10, 11, 12, 13, 14, 15, 16, 17, 18, 19, 20, 21, 22, 23, 24, 25, 26, 27, 28, 29, 30]","[16, 32, 64, 128]","[5, 10, 15, 20]","[2, 3, 5, 7]","[2, 4, 8]",random,minimize,local
xzyjq1eh,144,990,1779265526419,,/home/meliani/nni-experiments/xzyjq1eh,43,exp_random_100_tt_only_tt_only,hpo,/home/meliani/Desktop/phd/fast-track/search_space.json,python3 trial.py --data ./tt_only.csv,/home/meliani/Desktop/phd/fast-track,1,360000s,100,False,False,info,/home/meliani/nni-experiments,"['LSTM', 'GRU', 'CNN', 'RNN', 'TCN', 'Transformer', 'MLP']","[16, 32, 64, 128, 256]","[1, 2, 3, 4]","[0, 0.1, 0.2, 0.3, 0.5]","['relu', 'tanh', 'sigmoid', 'elu']","[1e-05, 0.01]","[2, 3, 4, 5, 6, 7, 8, 9, 10, 11, 12, 13, 14, 15, 16, 17, 18, 19, 20, 21, 22, 23, 24, 25, 26, 27, 28, 29, 30]","[16, 32, 64, 128]","[5, 10, 15, 20]","[2, 3, 5, 7]","[2, 4, 8]",random,minimize,local
xzyjq1eh,145,1000,1779265526419,,/home/meliani/nni-experiments/xzyjq1eh,43,exp_random_100_tt_only_tt_only,hpo,/home/meliani/Desktop/phd/fast-track/search_space.json,python3 trial.py --data ./tt_only.csv,/home/meliani/Desktop/phd/fast-track,1,360000s,100,False,False,info,/home/meliani/nni-experiments,"['LSTM', 'GRU', 'CNN', 'RNN', 'TCN', 'Transformer', 'MLP']","[16, 32, 64, 128, 256]","[1, 2, 3, 4]","[0, 0.1, 0.2, 0.3, 0.5]","['relu', 'tanh', 'sigmoid', 'elu']","[1e-05, 0.01]","[2, 3, 4, 5, 6, 7, 8, 9, 10, 11, 12, 13, 14, 15, 16, 17, 18, 19, 20, 21, 22, 23, 24, 25, 26, 27, 28, 29, 30]","[16, 32, 64, 128]","[5, 10, 15, 20]","[2, 3, 5, 7]","[2, 4, 8]",random,minimize,local
xzyjq1eh,146,1010,1779265526419,,/home/meliani/nni-experiments/xzyjq1eh,43,exp_random_100_tt_only_tt_only,hpo,/home/meliani/Desktop/phd/fast-track/search_space.json,python3 trial.py --data ./tt_only.csv,/home/meliani/Desktop/phd/fast-track,1,360000s,100,False,False,info,/home/meliani/nni-experiments,"['LSTM', 'GRU', 'CNN', 'RNN', 'TCN', 'Transformer', 'MLP']","[16, 32, 64, 128, 256]","[1, 2, 3, 4]","[0, 0.1, 0.2, 0.3, 0.5]","['relu', 'tanh', 'sigmoid', 'elu']","[1e-05, 0.01]","[2, 3, 4, 5, 6, 7, 8, 9, 10, 11, 12, 13, 14, 15, 16, 17, 18, 19, 20, 21, 22, 23, 24, 25, 26, 27, 28, 29, 30]","[16, 32, 64, 128]","[5, 10, 15, 20]","[2, 3, 5, 7]","[2, 4, 8]",random,minimize,local
xzyjq1eh,147,1020,1779265526419,,/home/meliani/nni-experiments/xzyjq1eh,43,exp_random_100_tt_only_tt_only,hpo,/home/meliani/Desktop/phd/fast-track/search_space.json,python3 trial.py --data ./tt_only.csv,/home/meliani/Desktop/phd/fast-track,1,360000s,100,False,False,info,/home/meliani/nni-experiments,"['LSTM', 'GRU', 'CNN', 'RNN', 'TCN', 'Transformer', 'MLP']","[16, 32, 64, 128, 256]","[1, 2, 3, 4]","[0, 0.1, 0.2, 0.3, 0.5]","['relu', 'tanh', 'sigmoid', 'elu']","[1e-05, 0.01]","[2, 3, 4, 5, 6, 7, 8, 9, 10, 11, 12, 13, 14, 15, 16, 17, 18, 19, 20, 21, 22, 23, 24, 25, 26, 27, 28, 29, 30]","[16, 32, 64, 128]","[5, 10, 15, 20]","[2, 3, 5, 7]","[2, 4, 8]",random,minimize,local
xzyjq1eh,148,1030,1779265526419,,/home/meliani/nni-experiments/xzyjq1eh,43,exp_random_100_tt_only_tt_only,hpo,/home/meliani/Desktop/phd/fast-track/search_space.json,python3 trial.py --data ./tt_only.csv,/home/meliani/Desktop/phd/fast-track,1,360000s,100,False,False,info,/home/meliani/nni-experiments,"['LSTM', 'GRU', 'CNN', 'RNN', 'TCN', 'Transformer', 'MLP']","[16, 32, 64, 128, 256]","[1, 2, 3, 4]","[0, 0.1, 0.2, 0.3, 0.5]","['relu', 'tanh', 'sigmoid', 'elu']","[1e-05, 0.01]","[2, 3, 4, 5, 6, 7, 8, 9, 10, 11, 12, 13, 14, 15, 16, 17, 18, 19, 20, 21, 22, 23, 24, 25, 26, 27, 28, 29, 30]","[16, 32, 64, 128]","[5, 10, 15, 20]","[2, 3, 5, 7]","[2, 4, 8]",random,minimize,local
xzyjq1eh,149,1038,1779265526419,,/home/meliani/nni-experiments/xzyjq1eh,44,exp_random_100_tt_only_tt_only,hpo,/home/meliani/Desktop/phd/fast-track/search_space.json,python3 trial.py --data ./tt_only.csv,/home/meliani/Desktop/phd/fast-track,1,360000s,100,False,False,info,/home/meliani/nni-experiments,"['LSTM', 'GRU', 'CNN', 'RNN', 'TCN', 'Transformer', 'MLP']","[16, 32, 64, 128, 256]","[1, 2, 3, 4]","[0, 0.1, 0.2, 0.3, 0.5]","['relu', 'tanh', 'sigmoid', 'elu']","[1e-05, 0.01]","[2, 3, 4, 5, 6, 7, 8, 9, 10, 11, 12, 13, 14, 15, 16, 17, 18, 19, 20, 21, 22, 23, 24, 25, 26, 27, 28, 29, 30]","[16, 32, 64, 128]","[5, 10, 15, 20]","[2, 3, 5, 7]","[2, 4, 8]",random,minimize,local
xzyjq1eh,150,1040,1779265526419,,/home/meliani/nni-experiments/xzyjq1eh,44,exp_random_100_tt_only_tt_only,hpo,/home/meliani/Desktop/phd/fast-track/search_space.json,python3 trial.py --data ./tt_only.csv,/home/meliani/Desktop/phd/fast-track,1,360000s,100,False,False,info,/home/meliani/nni-experiments,"['LSTM', 'GRU', 'CNN', 'RNN', 'TCN', 'Transformer', 'MLP']","[16, 32, 64, 128, 256]","[1, 2, 3, 4]","[0, 0.1, 0.2, 0.3, 0.5]","['relu', 'tanh', 'sigmoid', 'elu']","[1e-05, 0.01]","[2, 3, 4, 5, 6, 7, 8, 9, 10, 11, 12, 13, 14, 15, 16, 17, 18, 19, 20, 21, 22, 23, 24, 25, 26, 27, 28, 29, 30]","[16, 32, 64, 128]","[5, 10, 15, 20]","[2, 3, 5, 7]","[2, 4, 8]",random,minimize,local
xzyjq1eh,151,1050,1779265526419,,/home/meliani/nni-experiments/xzyjq1eh,44,exp_random_100_tt_only_tt_only,hpo,/home/meliani/Desktop/phd/fast-track/search_space.json,python3 trial.py --data ./tt_only.csv,/home/meliani/Desktop/phd/fast-track,1,360000s,100,False,False,info,/home/meliani/nni-experiments,"['LSTM', 'GRU', 'CNN', 'RNN', 'TCN', 'Transformer', 'MLP']","[16, 32, 64, 128, 256]","[1, 2, 3, 4]","[0, 0.1, 0.2, 0.3, 0.5]","['relu', 'tanh', 'sigmoid', 'elu']","[1e-05, 0.01]","[2, 3, 4, 5, 6, 7, 8, 9, 10, 11, 12, 13, 14, 15, 16, 17, 18, 19, 20, 21, 22, 23, 24, 25, 26, 27, 28, 29, 30]","[16, 32, 64, 128]","[5, 10, 15, 20]","[2, 3, 5, 7]","[2, 4, 8]",random,minimize,local
xzyjq1eh,152,1053,1779265526419,,/home/meliani/nni-experiments/xzyjq1eh,45,exp_random_100_tt_only_tt_only,hpo,/home/meliani/Desktop/phd/fast-track/search_space.json,python3 trial.py --data ./tt_only.csv,/home/meliani/Desktop/phd/fast-track,1,360000s,100,False,False,info,/home/meliani/nni-experiments,"['LSTM', 'GRU', 'CNN', 'RNN', 'TCN', 'Transformer', 'MLP']","[16, 32, 64, 128, 256]","[1, 2, 3, 4]","[0, 0.1, 0.2, 0.3, 0.5]","['relu', 'tanh', 'sigmoid', 'elu']","[1e-05, 0.01]","[2, 3, 4, 5, 6, 7, 8, 9, 10, 11, 12, 13, 14, 15, 16, 17, 18, 19, 20, 21, 22, 23, 24, 25, 26, 27, 28, 29, 30]","[16, 32, 64, 128]","[5, 10, 15, 20]","[2, 3, 5, 7]","[2, 4, 8]",random,minimize,local
xzyjq1eh,153,1060,1779265526419,,/home/meliani/nni-experiments/xzyjq1eh,45,exp_random_100_tt_only_tt_only,hpo,/home/meliani/Desktop/phd/fast-track/search_space.json,python3 trial.py --data ./tt_only.csv,/home/meliani/Desktop/phd/fast-track,1,360000s,100,False,False,info,/home/meliani/nni-experiments,"['LSTM', 'GRU', 'CNN', 'RNN', 'TCN', 'Transformer', 'MLP']","[16, 32, 64, 128, 256]","[1, 2, 3, 4]","[0, 0.1, 0.2, 0.3, 0.5]","['relu', 'tanh', 'sigmoid', 'elu']","[1e-05, 0.01]","[2, 3, 4, 5, 6, 7, 8, 9, 10, 11, 12, 13, 14, 15, 16, 17, 18, 19, 20, 21, 22, 23, 24, 25, 26, 27, 28, 29, 30]","[16, 32, 64, 128]","[5, 10, 15, 20]","[2, 3, 5, 7]","[2, 4, 8]",random,minimize,local
xzyjq1eh,154,1064,1779265526419,,/home/meliani/nni-experiments/xzyjq1eh,46,exp_random_100_tt_only_tt_only,hpo,/home/meliani/Desktop/phd/fast-track/search_space.json,python3 trial.py --data ./tt_only.csv,/home/meliani/Desktop/phd/fast-track,1,360000s,100,False,False,info,/home/meliani/nni-experiments,"['LSTM', 'GRU', 'CNN', 'RNN', 'TCN', 'Transformer', 'MLP']","[16, 32, 64, 128, 256]","[1, 2, 3, 4]","[0, 0.1, 0.2, 0.3, 0.5]","['relu', 'tanh', 'sigmoid', 'elu']","[1e-05, 0.01]","[2, 3, 4, 5, 6, 7, 8, 9, 10, 11, 12, 13, 14, 15, 16, 17, 18, 19, 20, 21, 22, 23, 24, 25, 26, 27, 28, 29, 30]","[16, 32, 64, 128]","[5, 10, 15, 20]","[2, 3, 5, 7]","[2, 4, 8]",random,minimize,local
xzyjq1eh,155,1070,1779265526419,,/home/meliani/nni-experiments/xzyjq1eh,46,exp_random_100_tt_only_tt_only,hpo,/home/meliani/Desktop/phd/fast-track/search_space.json,python3 trial.py --data ./tt_only.csv,/home/meliani/Desktop/phd/fast-track,1,360000s,100,False,False,info,/home/meliani/nni-experiments,"['LSTM', 'GRU', 'CNN', 'RNN', 'TCN', 'Transformer', 'MLP']","[16, 32, 64, 128, 256]","[1, 2, 3, 4]","[0, 0.1, 0.2, 0.3, 0.5]","['relu', 'tanh', 'sigmoid', 'elu']","[1e-05, 0.01]","[2, 3, 4, 5, 6, 7, 8, 9, 10, 11, 12, 13, 14, 15, 16, 17, 18, 19, 20, 21, 22, 23, 24, 25, 26, 27, 28, 29, 30]","[16, 32, 64, 128]","[5, 10, 15, 20]","[2, 3, 5, 7]","[2, 4, 8]",random,minimize,local
xzyjq1eh,156,1080,1779265526419,,/home/meliani/nni-experiments/xzyjq1eh,46,exp_random_100_tt_only_tt_only,hpo,/home/meliani/Desktop/phd/fast-track/search_space.json,python3 trial.py --data ./tt_only.csv,/home/meliani/Desktop/phd/fast-track,1,360000s,100,False,False,info,/home/meliani/nni-experiments,"['LSTM', 'GRU', 'CNN', 'RNN', 'TCN', 'Transformer', 'MLP']","[16, 32, 64, 128, 256]","[1, 2, 3, 4]","[0, 0.1, 0.2, 0.3, 0.5]","['relu', 'tanh', 'sigmoid', 'elu']","[1e-05, 0.01]","[2, 3, 4, 5, 6, 7, 8, 9, 10, 11, 12, 13, 14, 15, 16, 17, 18, 19, 20, 21, 22, 23, 24, 25, 26, 27, 28, 29, 30]","[16, 32, 64, 128]","[5, 10, 15, 20]","[2, 3, 5, 7]","[2, 4, 8]",random,minimize,local
xzyjq1eh,157,1090,1779265526419,,/home/meliani/nni-experiments/xzyjq1eh,46,exp_random_100_tt_only_tt_only,hpo,/home/meliani/Desktop/phd/fast-track/search_space.json,python3 trial.py --data ./tt_only.csv,/home/meliani/Desktop/phd/fast-track,1,360000s,100,False,False,info,/home/meliani/nni-experiments,"['LSTM', 'GRU', 'CNN', 'RNN', 'TCN', 'Transformer', 'MLP']","[16, 32, 64, 128, 256]","[1, 2, 3, 4]","[0, 0.1, 0.2, 0.3, 0.5]","['relu', 'tanh', 'sigmoid', 'elu']","[1e-05, 0.01]","[2, 3, 4, 5, 6, 7, 8, 9, 10, 11, 12, 13, 14, 15, 16, 17, 18, 19, 20, 21, 22, 23, 24, 25, 26, 27, 28, 29, 30]","[16, 32, 64, 128]","[5, 10, 15, 20]","[2, 3, 5, 7]","[2, 4, 8]",random,minimize,local
xzyjq1eh,158,1100,1779265526419,,/home/meliani/nni-experiments/xzyjq1eh,46,exp_random_100_tt_only_tt_only,hpo,/home/meliani/Desktop/phd/fast-track/search_space.json,python3 trial.py --data ./tt_only.csv,/home/meliani/Desktop/phd/fast-track,1,360000s,100,False,False,info,/home/meliani/nni-experiments,"['LSTM', 'GRU', 'CNN', 'RNN', 'TCN', 'Transformer', 'MLP']","[16, 32, 64, 128, 256]","[1, 2, 3, 4]","[0, 0.1, 0.2, 0.3, 0.5]","['relu', 'tanh', 'sigmoid', 'elu']","[1e-05, 0.01]","[2, 3, 4, 5, 6, 7, 8, 9, 10, 11, 12, 13, 14, 15, 16, 17, 18, 19, 20, 21, 22, 23, 24, 25, 26, 27, 28, 29, 30]","[16, 32, 64, 128]","[5, 10, 15, 20]","[2, 3, 5, 7]","[2, 4, 8]",random,minimize,local
xzyjq1eh,159,1110,1779265526419,,/home/meliani/nni-experiments/xzyjq1eh,46,exp_random_100_tt_only_tt_only,hpo,/home/meliani/Desktop/phd/fast-track/search_space.json,python3 trial.py --data ./tt_only.csv,/home/meliani/Desktop/phd/fast-track,1,360000s,100,False,False,info,/home/meliani/nni-experiments,"['LSTM', 'GRU', 'CNN', 'RNN', 'TCN', 'Transformer', 'MLP']","[16, 32, 64, 128, 256]","[1, 2, 3, 4]","[0, 0.1, 0.2, 0.3, 0.5]","['relu', 'tanh', 'sigmoid', 'elu']","[1e-05, 0.01]","[2, 3, 4, 5, 6, 7, 8, 9, 10, 11, 12, 13, 14, 15, 16, 17, 18, 19, 20, 21, 22, 23, 24, 25, 26, 27, 28, 29, 30]","[16, 32, 64, 128]","[5, 10, 15, 20]","[2, 3, 5, 7]","[2, 4, 8]",random,minimize,local
xzyjq1eh,160,1120,1779265526419,,/home/meliani/nni-experiments/xzyjq1eh,46,exp_random_100_tt_only_tt_only,hpo,/home/meliani/Desktop/phd/fast-track/search_space.json,python3 trial.py --data ./tt_only.csv,/home/meliani/Desktop/phd/fast-track,1,360000s,100,False,False,info,/home/meliani/nni-experiments,"['LSTM', 'GRU', 'CNN', 'RNN', 'TCN', 'Transformer', 'MLP']","[16, 32, 64, 128, 256]","[1, 2, 3, 4]","[0, 0.1, 0.2, 0.3, 0.5]","['relu', 'tanh', 'sigmoid', 'elu']","[1e-05, 0.01]","[2, 3, 4, 5, 6, 7, 8, 9, 10, 11, 12, 13, 14, 15, 16, 17, 18, 19, 20, 21, 22, 23, 24, 25, 26, 27, 28, 29, 30]","[16, 32, 64, 128]","[5, 10, 15, 20]","[2, 3, 5, 7]","[2, 4, 8]",random,minimize,local
xzyjq1eh,161,1130,1779265526419,,/home/meliani/nni-experiments/xzyjq1eh,46,exp_random_100_tt_only_tt_only,hpo,/home/meliani/Desktop/phd/fast-track/search_space.json,python3 trial.py --data ./tt_only.csv,/home/meliani/Desktop/phd/fast-track,1,360000s,100,False,False,info,/home/meliani/nni-experiments,"['LSTM', 'GRU', 'CNN', 'RNN', 'TCN', 'Transformer', 'MLP']","[16, 32, 64, 128, 256]","[1, 2, 3, 4]","[0, 0.1, 0.2, 0.3, 0.5]","['relu', 'tanh', 'sigmoid', 'elu']","[1e-05, 0.01]","[2, 3, 4, 5, 6, 7, 8, 9, 10, 11, 12, 13, 14, 15, 16, 17, 18, 19, 20, 21, 22, 23, 24, 25, 26, 27, 28, 29, 30]","[16, 32, 64, 128]","[5, 10, 15, 20]","[2, 3, 5, 7]","[2, 4, 8]",random,minimize,local
xzyjq1eh,162,1140,1779265526419,,/home/meliani/nni-experiments/xzyjq1eh,46,exp_random_100_tt_only_tt_only,hpo,/home/meliani/Desktop/phd/fast-track/search_space.json,python3 trial.py --data ./tt_only.csv,/home/meliani/Desktop/phd/fast-track,1,360000s,100,False,False,info,/home/meliani/nni-experiments,"['LSTM', 'GRU', 'CNN', 'RNN', 'TCN', 'Transformer', 'MLP']","[16, 32, 64, 128, 256]","[1, 2, 3, 4]","[0, 0.1, 0.2, 0.3, 0.5]","['relu', 'tanh', 'sigmoid', 'elu']","[1e-05, 0.01]","[2, 3, 4, 5, 6, 7, 8, 9, 10, 11, 12, 13, 14, 15, 16, 17, 18, 19, 20, 21, 22, 23, 24, 25, 26, 27, 28, 29, 30]","[16, 32, 64, 128]","[5, 10, 15, 20]","[2, 3, 5, 7]","[2, 4, 8]",random,minimize,local
xzyjq1eh,163,1150,1779265526419,,/home/meliani/nni-experiments/xzyjq1eh,46,exp_random_100_tt_only_tt_only,hpo,/home/meliani/Desktop/phd/fast-track/search_space.json,python3 trial.py --data ./tt_only.csv,/home/meliani/Desktop/phd/fast-track,1,360000s,100,False,False,info,/home/meliani/nni-experiments,"['LSTM', 'GRU', 'CNN', 'RNN', 'TCN', 'Transformer', 'MLP']","[16, 32, 64, 128, 256]","[1, 2, 3, 4]","[0, 0.1, 0.2, 0.3, 0.5]","['relu', 'tanh', 'sigmoid', 'elu']","[1e-05, 0.01]","[2, 3, 4, 5, 6, 7, 8, 9, 10, 11, 12, 13, 14, 15, 16, 17, 18, 19, 20, 21, 22, 23, 24, 25, 26, 27, 28, 29, 30]","[16, 32, 64, 128]","[5, 10, 15, 20]","[2, 3, 5, 7]","[2, 4, 8]",random,minimize,local
xzyjq1eh,164,1160,1779265526419,,/home/meliani/nni-experiments/xzyjq1eh,46,exp_random_100_tt_only_tt_only,hpo,/home/meliani/Desktop/phd/fast-track/search_space.json,python3 trial.py --data ./tt_only.csv,/home/meliani/Desktop/phd/fast-track,1,360000s,100,False,False,info,/home/meliani/nni-experiments,"['LSTM', 'GRU', 'CNN', 'RNN', 'TCN', 'Transformer', 'MLP']","[16, 32, 64, 128, 256]","[1, 2, 3, 4]","[0, 0.1, 0.2, 0.3, 0.5]","['relu', 'tanh', 'sigmoid', 'elu']","[1e-05, 0.01]","[2, 3, 4, 5, 6, 7, 8, 9, 10, 11, 12, 13, 14, 15, 16, 17, 18, 19, 20, 21, 22, 23, 24, 25, 26, 27, 28, 29, 30]","[16, 32, 64, 128]","[5, 10, 15, 20]","[2, 3, 5, 7]","[2, 4, 8]",random,minimize,local
xzyjq1eh,165,1170,1779265526419,,/home/meliani/nni-experiments/xzyjq1eh,46,exp_random_100_tt_only_tt_only,hpo,/home/meliani/Desktop/phd/fast-track/search_space.json,python3 trial.py --data ./tt_only.csv,/home/meliani/Desktop/phd/fast-track,1,360000s,100,False,False,info,/home/meliani/nni-experiments,"['LSTM', 'GRU', 'CNN', 'RNN', 'TCN', 'Transformer', 'MLP']","[16, 32, 64, 128, 256]","[1, 2, 3, 4]","[0, 0.1, 0.2, 0.3, 0.5]","['relu', 'tanh', 'sigmoid', 'elu']","[1e-05, 0.01]","[2, 3, 4, 5, 6, 7, 8, 9, 10, 11, 12, 13, 14, 15, 16, 17, 18, 19, 20, 21, 22, 23, 24, 25, 26, 27, 28, 29, 30]","[16, 32, 64, 128]","[5, 10, 15, 20]","[2, 3, 5, 7]","[2, 4, 8]",random,minimize,local
xzyjq1eh,166,1180,1779265526419,,/home/meliani/nni-experiments/xzyjq1eh,46,exp_random_100_tt_only_tt_only,hpo,/home/meliani/Desktop/phd/fast-track/search_space.json,python3 trial.py --data ./tt_only.csv,/home/meliani/Desktop/phd/fast-track,1,360000s,100,False,False,info,/home/meliani/nni-experiments,"['LSTM', 'GRU', 'CNN', 'RNN', 'TCN', 'Transformer', 'MLP']","[16, 32, 64, 128, 256]","[1, 2, 3, 4]","[0, 0.1, 0.2, 0.3, 0.5]","['relu', 'tanh', 'sigmoid', 'elu']","[1e-05, 0.01]","[2, 3, 4, 5, 6, 7, 8, 9, 10, 11, 12, 13, 14, 15, 16, 17, 18, 19, 20, 21, 22, 23, 24, 25, 26, 27, 28, 29, 30]","[16, 32, 64, 128]","[5, 10, 15, 20]","[2, 3, 5, 7]","[2, 4, 8]",random,minimize,local
xzyjq1eh,167,1190,1779265526419,,/home/meliani/nni-experiments/xzyjq1eh,46,exp_random_100_tt_only_tt_only,hpo,/home/meliani/Desktop/phd/fast-track/search_space.json,python3 trial.py --data ./tt_only.csv,/home/meliani/Desktop/phd/fast-track,1,360000s,100,False,False,info,/home/meliani/nni-experiments,"['LSTM', 'GRU', 'CNN', 'RNN', 'TCN', 'Transformer', 'MLP']","[16, 32, 64, 128, 256]","[1, 2, 3, 4]","[0, 0.1, 0.2, 0.3, 0.5]","['relu', 'tanh', 'sigmoid', 'elu']","[1e-05, 0.01]","[2, 3, 4, 5, 6, 7, 8, 9, 10, 11, 12, 13, 14, 15, 16, 17, 18, 19, 20, 21, 22, 23, 24, 25, 26, 27, 28, 29, 30]","[16, 32, 64, 128]","[5, 10, 15, 20]","[2, 3, 5, 7]","[2, 4, 8]",random,minimize,local
xzyjq1eh,168,1200,1779265526419,,/home/meliani/nni-experiments/xzyjq1eh,46,exp_random_100_tt_only_tt_only,hpo,/home/meliani/Desktop/phd/fast-track/search_space.json,python3 trial.py --data ./tt_only.csv,/home/meliani/Desktop/phd/fast-track,1,360000s,100,False,False,info,/home/meliani/nni-experiments,"['LSTM', 'GRU', 'CNN', 'RNN', 'TCN', 'Transformer', 'MLP']","[16, 32, 64, 128, 256]","[1, 2, 3, 4]","[0, 0.1, 0.2, 0.3, 0.5]","['relu', 'tanh', 'sigmoid', 'elu']","[1e-05, 0.01]","[2, 3, 4, 5, 6, 7, 8, 9, 10, 11, 12, 13, 14, 15, 16, 17, 18, 19, 20, 21, 22, 23, 24, 25, 26, 27, 28, 29, 30]","[16, 32, 64, 128]","[5, 10, 15, 20]","[2, 3, 5, 7]","[2, 4, 8]",random,minimize,local
xzyjq1eh,169,1210,1779265526419,,/home/meliani/nni-experiments/xzyjq1eh,46,exp_random_100_tt_only_tt_only,hpo,/home/meliani/Desktop/phd/fast-track/search_space.json,python3 trial.py --data ./tt_only.csv,/home/meliani/Desktop/phd/fast-track,1,360000s,100,False,False,info,/home/meliani/nni-experiments,"['LSTM', 'GRU', 'CNN', 'RNN', 'TCN', 'Transformer', 'MLP']","[16, 32, 64, 128, 256]","[1, 2, 3, 4]","[0, 0.1, 0.2, 0.3, 0.5]","['relu', 'tanh', 'sigmoid', 'elu']","[1e-05, 0.01]","[2, 3, 4, 5, 6, 7, 8, 9, 10, 11, 12, 13, 14, 15, 16, 17, 18, 19, 20, 21, 22, 23, 24, 25, 26, 27, 28, 29, 30]","[16, 32, 64, 128]","[5, 10, 15, 20]","[2, 3, 5, 7]","[2, 4, 8]",random,minimize,local
xzyjq1eh,170,1220,1779265526419,,/home/meliani/nni-experiments/xzyjq1eh,46,exp_random_100_tt_only_tt_only,hpo,/home/meliani/Desktop/phd/fast-track/search_space.json,python3 trial.py --data ./tt_only.csv,/home/meliani/Desktop/phd/fast-track,1,360000s,100,False,False,info,/home/meliani/nni-experiments,"['LSTM', 'GRU', 'CNN', 'RNN', 'TCN', 'Transformer', 'MLP']","[16, 32, 64, 128, 256]","[1, 2, 3, 4]","[0, 0.1, 0.2, 0.3, 0.5]","['relu', 'tanh', 'sigmoid', 'elu']","[1e-05, 0.01]","[2, 3, 4, 5, 6, 7, 8, 9, 10, 11, 12, 13, 14, 15, 16, 17, 18, 19, 20, 21, 22, 23, 24, 25, 26, 27, 28, 29, 30]","[16, 32, 64, 128]","[5, 10, 15, 20]","[2, 3, 5, 7]","[2, 4, 8]",random,minimize,local
xzyjq1eh,171,1230,1779265526419,,/home/meliani/nni-experiments/xzyjq1eh,46,exp_random_100_tt_only_tt_only,hpo,/home/meliani/Desktop/phd/fast-track/search_space.json,python3 trial.py --data ./tt_only.csv,/home/meliani/Desktop/phd/fast-track,1,360000s,100,False,False,info,/home/meliani/nni-experiments,"['LSTM', 'GRU', 'CNN', 'RNN', 'TCN', 'Transformer', 'MLP']","[16, 32, 64, 128, 256]","[1, 2, 3, 4]","[0, 0.1, 0.2, 0.3, 0.5]","['relu', 'tanh', 'sigmoid', 'elu']","[1e-05, 0.01]","[2, 3, 4, 5, 6, 7, 8, 9, 10, 11, 12, 13, 14, 15, 16, 17, 18, 19, 20, 21, 22, 23, 24, 25, 26, 27, 28, 29, 30]","[16, 32, 64, 128]","[5, 10, 15, 20]","[2, 3, 5, 7]","[2, 4, 8]",random,minimize,local
xzyjq1eh,172,1240,1779265526419,,/home/meliani/nni-experiments/xzyjq1eh,46,exp_random_100_tt_only_tt_only,hpo,/home/meliani/Desktop/phd/fast-track/search_space.json,python3 trial.py --data ./tt_only.csv,/home/meliani/Desktop/phd/fast-track,1,360000s,100,False,False,info,/home/meliani/nni-experiments,"['LSTM', 'GRU', 'CNN', 'RNN', 'TCN', 'Transformer', 'MLP']","[16, 32, 64, 128, 256]","[1, 2, 3, 4]","[0, 0.1, 0.2, 0.3, 0.5]","['relu', 'tanh', 'sigmoid', 'elu']","[1e-05, 0.01]","[2, 3, 4, 5, 6, 7, 8, 9, 10, 11, 12, 13, 14, 15, 16, 17, 18, 19, 20, 21, 22, 23, 24, 25, 26, 27, 28, 29, 30]","[16, 32, 64, 128]","[5, 10, 15, 20]","[2, 3, 5, 7]","[2, 4, 8]",random,minimize,local
xzyjq1eh,173,1250,1779265526419,,/home/meliani/nni-experiments/xzyjq1eh,46,exp_random_100_tt_only_tt_only,hpo,/home/meliani/Desktop/phd/fast-track/search_space.json,python3 trial.py --data ./tt_only.csv,/home/meliani/Desktop/phd/fast-track,1,360000s,100,False,False,info,/home/meliani/nni-experiments,"['LSTM', 'GRU', 'CNN', 'RNN', 'TCN', 'Transformer', 'MLP']","[16, 32, 64, 128, 256]","[1, 2, 3, 4]","[0, 0.1, 0.2, 0.3, 0.5]","['relu', 'tanh', 'sigmoid', 'elu']","[1e-05, 0.01]","[2, 3, 4, 5, 6, 7, 8, 9, 10, 11, 12, 13, 14, 15, 16, 17, 18, 19, 20, 21, 22, 23, 24, 25, 26, 27, 28, 29, 30]","[16, 32, 64, 128]","[5, 10, 15, 20]","[2, 3, 5, 7]","[2, 4, 8]",random,minimize,local
xzyjq1eh,174,1260,1779265526419,,/home/meliani/nni-experiments/xzyjq1eh,46,exp_random_100_tt_only_tt_only,hpo,/home/meliani/Desktop/phd/fast-track/search_space.json,python3 trial.py --data ./tt_only.csv,/home/meliani/Desktop/phd/fast-track,1,360000s,100,False,False,info,/home/meliani/nni-experiments,"['LSTM', 'GRU', 'CNN', 'RNN', 'TCN', 'Transformer', 'MLP']","[16, 32, 64, 128, 256]","[1, 2, 3, 4]","[0, 0.1, 0.2, 0.3, 0.5]","['relu', 'tanh', 'sigmoid', 'elu']","[1e-05, 0.01]","[2, 3, 4, 5, 6, 7, 8, 9, 10, 11, 12, 13, 14, 15, 16, 17, 18, 19, 20, 21, 22, 23, 24, 25, 26, 27, 28, 29, 30]","[16, 32, 64, 128]","[5, 10, 15, 20]","[2, 3, 5, 7]","[2, 4, 8]",random,minimize,local
xzyjq1eh,175,1268,1779265526419,,/home/meliani/nni-experiments/xzyjq1eh,47,exp_random_100_tt_only_tt_only,hpo,/home/meliani/Desktop/phd/fast-track/search_space.json,python3 trial.py --data ./tt_only.csv,/home/meliani/Desktop/phd/fast-track,1,360000s,100,False,False,info,/home/meliani/nni-experiments,"['LSTM', 'GRU', 'CNN', 'RNN', 'TCN', 'Transformer', 'MLP']","[16, 32, 64, 128, 256]","[1, 2, 3, 4]","[0, 0.1, 0.2, 0.3, 0.5]","['relu', 'tanh', 'sigmoid', 'elu']","[1e-05, 0.01]","[2, 3, 4, 5, 6, 7, 8, 9, 10, 11, 12, 13, 14, 15, 16, 17, 18, 19, 20, 21, 22, 23, 24, 25, 26, 27, 28, 29, 30]","[16, 32, 64, 128]","[5, 10, 15, 20]","[2, 3, 5, 7]","[2, 4, 8]",random,minimize,local
xzyjq1eh,176,1270,1779265526419,,/home/meliani/nni-experiments/xzyjq1eh,47,exp_random_100_tt_only_tt_only,hpo,/home/meliani/Desktop/phd/fast-track/search_space.json,python3 trial.py --data ./tt_only.csv,/home/meliani/Desktop/phd/fast-track,1,360000s,100,False,False,info,/home/meliani/nni-experiments,"['LSTM', 'GRU', 'CNN', 'RNN', 'TCN', 'Transformer', 'MLP']","[16, 32, 64, 128, 256]","[1, 2, 3, 4]","[0, 0.1, 0.2, 0.3, 0.5]","['relu', 'tanh', 'sigmoid', 'elu']","[1e-05, 0.01]","[2, 3, 4, 5, 6, 7, 8, 9, 10, 11, 12, 13, 14, 15, 16, 17, 18, 19, 20, 21, 22, 23, 24, 25, 26, 27, 28, 29, 30]","[16, 32, 64, 128]","[5, 10, 15, 20]","[2, 3, 5, 7]","[2, 4, 8]",random,minimize,local
xzyjq1eh,177,1280,1779265526419,,/home/meliani/nni-experiments/xzyjq1eh,47,exp_random_100_tt_only_tt_only,hpo,/home/meliani/Desktop/phd/fast-track/search_space.json,python3 trial.py --data ./tt_only.csv,/home/meliani/Desktop/phd/fast-track,1,360000s,100,False,False,info,/home/meliani/nni-experiments,"['LSTM', 'GRU', 'CNN', 'RNN', 'TCN', 'Transformer', 'MLP']","[16, 32, 64, 128, 256]","[1, 2, 3, 4]","[0, 0.1, 0.2, 0.3, 0.5]","['relu', 'tanh', 'sigmoid', 'elu']","[1e-05, 0.01]","[2, 3, 4, 5, 6, 7, 8, 9, 10, 11, 12, 13, 14, 15, 16, 17, 18, 19, 20, 21, 22, 23, 24, 25, 26, 27, 28, 29, 30]","[16, 32, 64, 128]","[5, 10, 15, 20]","[2, 3, 5, 7]","[2, 4, 8]",random,minimize,local
xzyjq1eh,178,1290,1779265526419,,/home/meliani/nni-experiments/xzyjq1eh,47,exp_random_100_tt_only_tt_only,hpo,/home/meliani/Desktop/phd/fast-track/search_space.json,python3 trial.py --data ./tt_only.csv,/home/meliani/Desktop/phd/fast-track,1,360000s,100,False,False,info,/home/meliani/nni-experiments,"['LSTM', 'GRU', 'CNN', 'RNN', 'TCN', 'Transformer', 'MLP']","[16, 32, 64, 128, 256]","[1, 2, 3, 4]","[0, 0.1, 0.2, 0.3, 0.5]","['relu', 'tanh', 'sigmoid', 'elu']","[1e-05, 0.01]","[2, 3, 4, 5, 6, 7, 8, 9, 10, 11, 12, 13, 14, 15, 16, 17, 18, 19, 20, 21, 22, 23, 24, 25, 26, 27, 28, 29, 30]","[16, 32, 64, 128]","[5, 10, 15, 20]","[2, 3, 5, 7]","[2, 4, 8]",random,minimize,local
xzyjq1eh,179,1300,1779265526419,,/home/meliani/nni-experiments/xzyjq1eh,47,exp_random_100_tt_only_tt_only,hpo,/home/meliani/Desktop/phd/fast-track/search_space.json,python3 trial.py --data ./tt_only.csv,/home/meliani/Desktop/phd/fast-track,1,360000s,100,False,False,info,/home/meliani/nni-experiments,"['LSTM', 'GRU', 'CNN', 'RNN', 'TCN', 'Transformer', 'MLP']","[16, 32, 64, 128, 256]","[1, 2, 3, 4]","[0, 0.1, 0.2, 0.3, 0.5]","['relu', 'tanh', 'sigmoid', 'elu']","[1e-05, 0.01]","[2, 3, 4, 5, 6, 7, 8, 9, 10, 11, 12, 13, 14, 15, 16, 17, 18, 19, 20, 21, 22, 23, 24, 25, 26, 27, 28, 29, 30]","[16, 32, 64, 128]","[5, 10, 15, 20]","[2, 3, 5, 7]","[2, 4, 8]",random,minimize,local
xzyjq1eh,180,1306,1779265526419,,/home/meliani/nni-experiments/xzyjq1eh,48,exp_random_100_tt_only_tt_only,hpo,/home/meliani/Desktop/phd/fast-track/search_space.json,python3 trial.py --data ./tt_only.csv,/home/meliani/Desktop/phd/fast-track,1,360000s,100,False,False,info,/home/meliani/nni-experiments,"['LSTM', 'GRU', 'CNN', 'RNN', 'TCN', 'Transformer', 'MLP']","[16, 32, 64, 128, 256]","[1, 2, 3, 4]","[0, 0.1, 0.2, 0.3, 0.5]","['relu', 'tanh', 'sigmoid', 'elu']","[1e-05, 0.01]","[2, 3, 4, 5, 6, 7, 8, 9, 10, 11, 12, 13, 14, 15, 16, 17, 18, 19, 20, 21, 22, 23, 24, 25, 26, 27, 28, 29, 30]","[16, 32, 64, 128]","[5, 10, 15, 20]","[2, 3, 5, 7]","[2, 4, 8]",random,minimize,local
xzyjq1eh,181,1310,1779265526419,,/home/meliani/nni-experiments/xzyjq1eh,48,exp_random_100_tt_only_tt_only,hpo,/home/meliani/Desktop/phd/fast-track/search_space.json,python3 trial.py --data ./tt_only.csv,/home/meliani/Desktop/phd/fast-track,1,360000s,100,False,False,info,/home/meliani/nni-experiments,"['LSTM', 'GRU', 'CNN', 'RNN', 'TCN', 'Transformer', 'MLP']","[16, 32, 64, 128, 256]","[1, 2, 3, 4]","[0, 0.1, 0.2, 0.3, 0.5]","['relu', 'tanh', 'sigmoid', 'elu']","[1e-05, 0.01]","[2, 3, 4, 5, 6, 7, 8, 9, 10, 11, 12, 13, 14, 15, 16, 17, 18, 19, 20, 21, 22, 23, 24, 25, 26, 27, 28, 29, 30]","[16, 32, 64, 128]","[5, 10, 15, 20]","[2, 3, 5, 7]","[2, 4, 8]",random,minimize,local
xzyjq1eh,182,1320,1779265526419,,/home/meliani/nni-experiments/xzyjq1eh,48,exp_random_100_tt_only_tt_only,hpo,/home/meliani/Desktop/phd/fast-track/search_space.json,python3 trial.py --data ./tt_only.csv,/home/meliani/Desktop/phd/fast-track,1,360000s,100,False,False,info,/home/meliani/nni-experiments,"['LSTM', 'GRU', 'CNN', 'RNN', 'TCN', 'Transformer', 'MLP']","[16, 32, 64, 128, 256]","[1, 2, 3, 4]","[0, 0.1, 0.2, 0.3, 0.5]","['relu', 'tanh', 'sigmoid', 'elu']","[1e-05, 0.01]","[2, 3, 4, 5, 6, 7, 8, 9, 10, 11, 12, 13, 14, 15, 16, 17, 18, 19, 20, 21, 22, 23, 24, 25, 26, 27, 28, 29, 30]","[16, 32, 64, 128]","[5, 10, 15, 20]","[2, 3, 5, 7]","[2, 4, 8]",random,minimize,local
xzyjq1eh,183,1321,1779265526419,,/home/meliani/nni-experiments/xzyjq1eh,49,exp_random_100_tt_only_tt_only,hpo,/home/meliani/Desktop/phd/fast-track/search_space.json,python3 trial.py --data ./tt_only.csv,/home/meliani/Desktop/phd/fast-track,1,360000s,100,False,False,info,/home/meliani/nni-experiments,"['LSTM', 'GRU', 'CNN', 'RNN', 'TCN', 'Transformer', 'MLP']","[16, 32, 64, 128, 256]","[1, 2, 3, 4]","[0, 0.1, 0.2, 0.3, 0.5]","['relu', 'tanh', 'sigmoid', 'elu']","[1e-05, 0.01]","[2, 3, 4, 5, 6, 7, 8, 9, 10, 11, 12, 13, 14, 15, 16, 17, 18, 19, 20, 21, 22, 23, 24, 25, 26, 27, 28, 29, 30]","[16, 32, 64, 128]","[5, 10, 15, 20]","[2, 3, 5, 7]","[2, 4, 8]",random,minimize,local
xzyjq1eh,184,1327,1779265526419,,/home/meliani/nni-experiments/xzyjq1eh,50,exp_random_100_tt_only_tt_only,hpo,/home/meliani/Desktop/phd/fast-track/search_space.json,python3 trial.py --data ./tt_only.csv,/home/meliani/Desktop/phd/fast-track,1,360000s,100,False,False,info,/home/meliani/nni-experiments,"['LSTM', 'GRU', 'CNN', 'RNN', 'TCN', 'Transformer', 'MLP']","[16, 32, 64, 128, 256]","[1, 2, 3, 4]","[0, 0.1, 0.2, 0.3, 0.5]","['relu', 'tanh', 'sigmoid', 'elu']","[1e-05, 0.01]","[2, 3, 4, 5, 6, 7, 8, 9, 10, 11, 12, 13, 14, 15, 16, 17, 18, 19, 20, 21, 22, 23, 24, 25, 26, 27, 28, 29, 30]","[16, 32, 64, 128]","[5, 10, 15, 20]","[2, 3, 5, 7]","[2, 4, 8]",random,minimize,local
xzyjq1eh,185,1330,1779265526419,,/home/meliani/nni-experiments/xzyjq1eh,50,exp_random_100_tt_only_tt_only,hpo,/home/meliani/Desktop/phd/fast-track/search_space.json,python3 trial.py --data ./tt_only.csv,/home/meliani/Desktop/phd/fast-track,1,360000s,100,False,False,info,/home/meliani/nni-experiments,"['LSTM', 'GRU', 'CNN', 'RNN', 'TCN', 'Transformer', 'MLP']","[16, 32, 64, 128, 256]","[1, 2, 3, 4]","[0, 0.1, 0.2, 0.3, 0.5]","['relu', 'tanh', 'sigmoid', 'elu']","[1e-05, 0.01]","[2, 3, 4, 5, 6, 7, 8, 9, 10, 11, 12, 13, 14, 15, 16, 17, 18, 19, 20, 21, 22, 23, 24, 25, 26, 27, 28, 29, 30]","[16, 32, 64, 128]","[5, 10, 15, 20]","[2, 3, 5, 7]","[2, 4, 8]",random,minimize,local
xzyjq1eh,186,1340,1779265526419,,/home/meliani/nni-experiments/xzyjq1eh,50,exp_random_100_tt_only_tt_only,hpo,/home/meliani/Desktop/phd/fast-track/search_space.json,python3 trial.py --data ./tt_only.csv,/home/meliani/Desktop/phd/fast-track,1,360000s,100,False,False,info,/home/meliani/nni-experiments,"['LSTM', 'GRU', 'CNN', 'RNN', 'TCN', 'Transformer', 'MLP']","[16, 32, 64, 128, 256]","[1, 2, 3, 4]","[0, 0.1, 0.2, 0.3, 0.5]","['relu', 'tanh', 'sigmoid', 'elu']","[1e-05, 0.01]","[2, 3, 4, 5, 6, 7, 8, 9, 10, 11, 12, 13, 14, 15, 16, 17, 18, 19, 20, 21, 22, 23, 24, 25, 26, 27, 28, 29, 30]","[16, 32, 64, 128]","[5, 10, 15, 20]","[2, 3, 5, 7]","[2, 4, 8]",random,minimize,local
xzyjq1eh,187,1350,1779265526419,,/home/meliani/nni-experiments/xzyjq1eh,50,exp_random_100_tt_only_tt_only,hpo,/home/meliani/Desktop/phd/fast-track/search_space.json,python3 trial.py --data ./tt_only.csv,/home/meliani/Desktop/phd/fast-track,1,360000s,100,False,False,info,/home/meliani/nni-experiments,"['LSTM', 'GRU', 'CNN', 'RNN', 'TCN', 'Transformer', 'MLP']","[16, 32, 64, 128, 256]","[1, 2, 3, 4]","[0, 0.1, 0.2, 0.3, 0.5]","['relu', 'tanh', 'sigmoid', 'elu']","[1e-05, 0.01]","[2, 3, 4, 5, 6, 7, 8, 9, 10, 11, 12, 13, 14, 15, 16, 17, 18, 19, 20, 21, 22, 23, 24, 25, 26, 27, 28, 29, 30]","[16, 32, 64, 128]","[5, 10, 15, 20]","[2, 3, 5, 7]","[2, 4, 8]",random,minimize,local
xzyjq1eh,188,1360,1779265526419,,/home/meliani/nni-experiments/xzyjq1eh,50,exp_random_100_tt_only_tt_only,hpo,/home/meliani/Desktop/phd/fast-track/search_space.json,python3 trial.py --data ./tt_only.csv,/home/meliani/Desktop/phd/fast-track,1,360000s,100,False,False,info,/home/meliani/nni-experiments,"['LSTM', 'GRU', 'CNN', 'RNN', 'TCN', 'Transformer', 'MLP']","[16, 32, 64, 128, 256]","[1, 2, 3, 4]","[0, 0.1, 0.2, 0.3, 0.5]","['relu', 'tanh', 'sigmoid', 'elu']","[1e-05, 0.01]","[2, 3, 4, 5, 6, 7, 8, 9, 10, 11, 12, 13, 14, 15, 16, 17, 18, 19, 20, 21, 22, 23, 24, 25, 26, 27, 28, 29, 30]","[16, 32, 64, 128]","[5, 10, 15, 20]","[2, 3, 5, 7]","[2, 4, 8]",random,minimize,local
xzyjq1eh,189,1363,1779265526419,,/home/meliani/nni-experiments/xzyjq1eh,51,exp_random_100_tt_only_tt_only,hpo,/home/meliani/Desktop/phd/fast-track/search_space.json,python3 trial.py --data ./tt_only.csv,/home/meliani/Desktop/phd/fast-track,1,360000s,100,False,False,info,/home/meliani/nni-experiments,"['LSTM', 'GRU', 'CNN', 'RNN', 'TCN', 'Transformer', 'MLP']","[16, 32, 64, 128, 256]","[1, 2, 3, 4]","[0, 0.1, 0.2, 0.3, 0.5]","['relu', 'tanh', 'sigmoid', 'elu']","[1e-05, 0.01]","[2, 3, 4, 5, 6, 7, 8, 9, 10, 11, 12, 13, 14, 15, 16, 17, 18, 19, 20, 21, 22, 23, 24, 25, 26, 27, 28, 29, 30]","[16, 32, 64, 128]","[5, 10, 15, 20]","[2, 3, 5, 7]","[2, 4, 8]",random,minimize,local
xzyjq1eh,190,1368,1779265526419,,/home/meliani/nni-experiments/xzyjq1eh,52,exp_random_100_tt_only_tt_only,hpo,/home/meliani/Desktop/phd/fast-track/search_space.json,python3 trial.py --data ./tt_only.csv,/home/meliani/Desktop/phd/fast-track,1,360000s,100,False,False,info,/home/meliani/nni-experiments,"['LSTM', 'GRU', 'CNN', 'RNN', 'TCN', 'Transformer', 'MLP']","[16, 32, 64, 128, 256]","[1, 2, 3, 4]","[0, 0.1, 0.2, 0.3, 0.5]","['relu', 'tanh', 'sigmoid', 'elu']","[1e-05, 0.01]","[2, 3, 4, 5, 6, 7, 8, 9, 10, 11, 12, 13, 14, 15, 16, 17, 18, 19, 20, 21, 22, 23, 24, 25, 26, 27, 28, 29, 30]","[16, 32, 64, 128]","[5, 10, 15, 20]","[2, 3, 5, 7]","[2, 4, 8]",random,minimize,local
xzyjq1eh,191,1370,1779265526419,,/home/meliani/nni-experiments/xzyjq1eh,52,exp_random_100_tt_only_tt_only,hpo,/home/meliani/Desktop/phd/fast-track/search_space.json,python3 trial.py --data ./tt_only.csv,/home/meliani/Desktop/phd/fast-track,1,360000s,100,False,False,info,/home/meliani/nni-experiments,"['LSTM', 'GRU', 'CNN', 'RNN', 'TCN', 'Transformer', 'MLP']","[16, 32, 64, 128, 256]","[1, 2, 3, 4]","[0, 0.1, 0.2, 0.3, 0.5]","['relu', 'tanh', 'sigmoid', 'elu']","[1e-05, 0.01]","[2, 3, 4, 5, 6, 7, 8, 9, 10, 11, 12, 13, 14, 15, 16, 17, 18, 19, 20, 21, 22, 23, 24, 25, 26, 27, 28, 29, 30]","[16, 32, 64, 128]","[5, 10, 15, 20]","[2, 3, 5, 7]","[2, 4, 8]",random,minimize,local
xzyjq1eh,192,1377,1779265526419,,/home/meliani/nni-experiments/xzyjq1eh,53,exp_random_100_tt_only_tt_only,hpo,/home/meliani/Desktop/phd/fast-track/search_space.json,python3 trial.py --data ./tt_only.csv,/home/meliani/Desktop/phd/fast-track,1,360000s,100,False,False,info,/home/meliani/nni-experiments,"['LSTM', 'GRU', 'CNN', 'RNN', 'TCN', 'Transformer', 'MLP']","[16, 32, 64, 128, 256]","[1, 2, 3, 4]","[0, 0.1, 0.2, 0.3, 0.5]","['relu', 'tanh', 'sigmoid', 'elu']","[1e-05, 0.01]","[2, 3, 4, 5, 6, 7, 8, 9, 10, 11, 12, 13, 14, 15, 16, 17, 18, 19, 20, 21, 22, 23, 24, 25, 26, 27, 28, 29, 30]","[16, 32, 64, 128]","[5, 10, 15, 20]","[2, 3, 5, 7]","[2, 4, 8]",random,minimize,local
xzyjq1eh,193,1380,1779265526419,,/home/meliani/nni-experiments/xzyjq1eh,53,exp_random_100_tt_only_tt_only,hpo,/home/meliani/Desktop/phd/fast-track/search_space.json,python3 trial.py --data ./tt_only.csv,/home/meliani/Desktop/phd/fast-track,1,360000s,100,False,False,info,/home/meliani/nni-experiments,"['LSTM', 'GRU', 'CNN', 'RNN', 'TCN', 'Transformer', 'MLP']","[16, 32, 64, 128, 256]","[1, 2, 3, 4]","[0, 0.1, 0.2, 0.3, 0.5]","['relu', 'tanh', 'sigmoid', 'elu']","[1e-05, 0.01]","[2, 3, 4, 5, 6, 7, 8, 9, 10, 11, 12, 13, 14, 15, 16, 17, 18, 19, 20, 21, 22, 23, 24, 25, 26, 27, 28, 29, 30]","[16, 32, 64, 128]","[5, 10, 15, 20]","[2, 3, 5, 7]","[2, 4, 8]",random,minimize,local
xzyjq1eh,194,1390,1779265526419,,/home/meliani/nni-experiments/xzyjq1eh,53,exp_random_100_tt_only_tt_only,hpo,/home/meliani/Desktop/phd/fast-track/search_space.json,python3 trial.py --data ./tt_only.csv,/home/meliani/Desktop/phd/fast-track,1,360000s,100,False,False,info,/home/meliani/nni-experiments,"['LSTM', 'GRU', 'CNN', 'RNN', 'TCN', 'Transformer', 'MLP']","[16, 32, 64, 128, 256]","[1, 2, 3, 4]","[0, 0.1, 0.2, 0.3, 0.5]","['relu', 'tanh', 'sigmoid', 'elu']","[1e-05, 0.01]","[2, 3, 4, 5, 6, 7, 8, 9, 10, 11, 12, 13, 14, 15, 16, 17, 18, 19, 20, 21, 22, 23, 24, 25, 26, 27, 28, 29, 30]","[16, 32, 64, 128]","[5, 10, 15, 20]","[2, 3, 5, 7]","[2, 4, 8]",random,minimize,local
xzyjq1eh,195,1400,1779265526419,,/home/meliani/nni-experiments/xzyjq1eh,53,exp_random_100_tt_only_tt_only,hpo,/home/meliani/Desktop/phd/fast-track/search_space.json,python3 trial.py --data ./tt_only.csv,/home/meliani/Desktop/phd/fast-track,1,360000s,100,False,False,info,/home/meliani/nni-experiments,"['LSTM', 'GRU', 'CNN', 'RNN', 'TCN', 'Transformer', 'MLP']","[16, 32, 64, 128, 256]","[1, 2, 3, 4]","[0, 0.1, 0.2, 0.3, 0.5]","['relu', 'tanh', 'sigmoid', 'elu']","[1e-05, 0.01]","[2, 3, 4, 5, 6, 7, 8, 9, 10, 11, 12, 13, 14, 15, 16, 17, 18, 19, 20, 21, 22, 23, 24, 25, 26, 27, 28, 29, 30]","[16, 32, 64, 128]","[5, 10, 15, 20]","[2, 3, 5, 7]","[2, 4, 8]",random,minimize,local
xzyjq1eh,196,1410,1779265526419,,/home/meliani/nni-experiments/xzyjq1eh,54,exp_random_100_tt_only_tt_only,hpo,/home/meliani/Desktop/phd/fast-track/search_space.json,python3 trial.py --data ./tt_only.csv,/home/meliani/Desktop/phd/fast-track,1,360000s,100,False,False,info,/home/meliani/nni-experiments,"['LSTM', 'GRU', 'CNN', 'RNN', 'TCN', 'Transformer', 'MLP']","[16, 32, 64, 128, 256]","[1, 2, 3, 4]","[0, 0.1, 0.2, 0.3, 0.5]","['relu', 'tanh', 'sigmoid', 'elu']","[1e-05, 0.01]","[2, 3, 4, 5, 6, 7, 8, 9, 10, 11, 12, 13, 14, 15, 16, 17, 18, 19, 20, 21, 22, 23, 24, 25, 26, 27, 28, 29, 30]","[16, 32, 64, 128]","[5, 10, 15, 20]","[2, 3, 5, 7]","[2, 4, 8]",random,minimize,local
xzyjq1eh,197,1410,1779265526419,,/home/meliani/nni-experiments/xzyjq1eh,54,exp_random_100_tt_only_tt_only,hpo,/home/meliani/Desktop/phd/fast-track/search_space.json,python3 trial.py --data ./tt_only.csv,/home/meliani/Desktop/phd/fast-track,1,360000s,100,False,False,info,/home/meliani/nni-experiments,"['LSTM', 'GRU', 'CNN', 'RNN', 'TCN', 'Transformer', 'MLP']","[16, 32, 64, 128, 256]","[1, 2, 3, 4]","[0, 0.1, 0.2, 0.3, 0.5]","['relu', 'tanh', 'sigmoid', 'elu']","[1e-05, 0.01]","[2, 3, 4, 5, 6, 7, 8, 9, 10, 11, 12, 13, 14, 15, 16, 17, 18, 19, 20, 21, 22, 23, 24, 25, 26, 27, 28, 29, 30]","[16, 32, 64, 128]","[5, 10, 15, 20]","[2, 3, 5, 7]","[2, 4, 8]",random,minimize,local
xzyjq1eh,198,1416,1779265526419,,/home/meliani/nni-experiments/xzyjq1eh,55,exp_random_100_tt_only_tt_only,hpo,/home/meliani/Desktop/phd/fast-track/search_space.json,python3 trial.py --data ./tt_only.csv,/home/meliani/Desktop/phd/fast-track,1,360000s,100,False,False,info,/home/meliani/nni-experiments,"['LSTM', 'GRU', 'CNN', 'RNN', 'TCN', 'Transformer', 'MLP']","[16, 32, 64, 128, 256]","[1, 2, 3, 4]","[0, 0.1, 0.2, 0.3, 0.5]","['relu', 'tanh', 'sigmoid', 'elu']","[1e-05, 0.01]","[2, 3, 4, 5, 6, 7, 8, 9, 10, 11, 12, 13, 14, 15, 16, 17, 18, 19, 20, 21, 22, 23, 24, 25, 26, 27, 28, 29, 30]","[16, 32, 64, 128]","[5, 10, 15, 20]","[2, 3, 5, 7]","[2, 4, 8]",random,minimize,local
xzyjq1eh,199,1420,1779265526419,,/home/meliani/nni-experiments/xzyjq1eh,55,exp_random_100_tt_only_tt_only,hpo,/home/meliani/Desktop/phd/fast-track/search_space.json,python3 trial.py --data ./tt_only.csv,/home/meliani/Desktop/phd/fast-track,1,360000s,100,False,False,info,/home/meliani/nni-experiments,"['LSTM', 'GRU', 'CNN', 'RNN', 'TCN', 'Transformer', 'MLP']","[16, 32, 64, 128, 256]","[1, 2, 3, 4]","[0, 0.1, 0.2, 0.3, 0.5]","['relu', 'tanh', 'sigmoid', 'elu']","[1e-05, 0.01]","[2, 3, 4, 5, 6, 7, 8, 9, 10, 11, 12, 13, 14, 15, 16, 17, 18, 19, 20, 21, 22, 23, 24, 25, 26, 27, 28, 29, 30]","[16, 32, 64, 128]","[5, 10, 15, 20]","[2, 3, 5, 7]","[2, 4, 8]",random,minimize,local
xzyjq1eh,200,1426,1779265526419,,/home/meliani/nni-experiments/xzyjq1eh,56,exp_random_100_tt_only_tt_only,hpo,/home/meliani/Desktop/phd/fast-track/search_space.json,python3 trial.py --data ./tt_only.csv,/home/meliani/Desktop/phd/fast-track,1,360000s,100,False,False,info,/home/meliani/nni-experiments,"['LSTM', 'GRU', 'CNN', 'RNN', 'TCN', 'Transformer', 'MLP']","[16, 32, 64, 128, 256]","[1, 2, 3, 4]","[0, 0.1, 0.2, 0.3, 0.5]","['relu', 'tanh', 'sigmoid', 'elu']","[1e-05, 0.01]","[2, 3, 4, 5, 6, 7, 8, 9, 10, 11, 12, 13, 14, 15, 16, 17, 18, 19, 20, 21, 22, 23, 24, 25, 26, 27, 28, 29, 30]","[16, 32, 64, 128]","[5, 10, 15, 20]","[2, 3, 5, 7]","[2, 4, 8]",random,minimize,local
xzyjq1eh,201,1430,1779265526419,,/home/meliani/nni-experiments/xzyjq1eh,56,exp_random_100_tt_only_tt_only,hpo,/home/meliani/Desktop/phd/fast-track/search_space.json,python3 trial.py --data ./tt_only.csv,/home/meliani/Desktop/phd/fast-track,1,360000s,100,False,False,info,/home/meliani/nni-experiments,"['LSTM', 'GRU', 'CNN', 'RNN', 'TCN', 'Transformer', 'MLP']","[16, 32, 64, 128, 256]","[1, 2, 3, 4]","[0, 0.1, 0.2, 0.3, 0.5]","['relu', 'tanh', 'sigmoid', 'elu']","[1e-05, 0.01]","[2, 3, 4, 5, 6, 7, 8, 9, 10, 11, 12, 13, 14, 15, 16, 17, 18, 19, 20, 21, 22, 23, 24, 25, 26, 27, 28, 29, 30]","[16, 32, 64, 128]","[5, 10, 15, 20]","[2, 3, 5, 7]","[2, 4, 8]",random,minimize,local
xzyjq1eh,202,1440,1779265526419,,/home/meliani/nni-experiments/xzyjq1eh,56,exp_random_100_tt_only_tt_only,hpo,/home/meliani/Desktop/phd/fast-track/search_space.json,python3 trial.py --data ./tt_only.csv,/home/meliani/Desktop/phd/fast-track,1,360000s,100,False,False,info,/home/meliani/nni-experiments,"['LSTM', 'GRU', 'CNN', 'RNN', 'TCN', 'Transformer', 'MLP']","[16, 32, 64, 128, 256]","[1, 2, 3, 4]","[0, 0.1, 0.2, 0.3, 0.5]","['relu', 'tanh', 'sigmoid', 'elu']","[1e-05, 0.01]","[2, 3, 4, 5, 6, 7, 8, 9, 10, 11, 12, 13, 14, 15, 16, 17, 18, 19, 20, 21, 22, 23, 24, 25, 26, 27, 28, 29, 30]","[16, 32, 64, 128]","[5, 10, 15, 20]","[2, 3, 5, 7]","[2, 4, 8]",random,minimize,local
xzyjq1eh,203,1446,1779265526419,,/home/meliani/nni-experiments/xzyjq1eh,57,exp_random_100_tt_only_tt_only,hpo,/home/meliani/Desktop/phd/fast-track/search_space.json,python3 trial.py --data ./tt_only.csv,/home/meliani/Desktop/phd/fast-track,1,360000s,100,False,False,info,/home/meliani/nni-experiments,"['LSTM', 'GRU', 'CNN', 'RNN', 'TCN', 'Transformer', 'MLP']","[16, 32, 64, 128, 256]","[1, 2, 3, 4]","[0, 0.1, 0.2, 0.3, 0.5]","['relu', 'tanh', 'sigmoid', 'elu']","[1e-05, 0.01]","[2, 3, 4, 5, 6, 7, 8, 9, 10, 11, 12, 13, 14, 15, 16, 17, 18, 19, 20, 21, 22, 23, 24, 25, 26, 27, 28, 29, 30]","[16, 32, 64, 128]","[5, 10, 15, 20]","[2, 3, 5, 7]","[2, 4, 8]",random,minimize,local
xzyjq1eh,204,1450,1779265526419,,/home/meliani/nni-experiments/xzyjq1eh,57,exp_random_100_tt_only_tt_only,hpo,/home/meliani/Desktop/phd/fast-track/search_space.json,python3 trial.py --data ./tt_only.csv,/home/meliani/Desktop/phd/fast-track,1,360000s,100,False,False,info,/home/meliani/nni-experiments,"['LSTM', 'GRU', 'CNN', 'RNN', 'TCN', 'Transformer', 'MLP']","[16, 32, 64, 128, 256]","[1, 2, 3, 4]","[0, 0.1, 0.2, 0.3, 0.5]","['relu', 'tanh', 'sigmoid', 'elu']","[1e-05, 0.01]","[2, 3, 4, 5, 6, 7, 8, 9, 10, 11, 12, 13, 14, 15, 16, 17, 18, 19, 20, 21, 22, 23, 24, 25, 26, 27, 28, 29, 30]","[16, 32, 64, 128]","[5, 10, 15, 20]","[2, 3, 5, 7]","[2, 4, 8]",random,minimize,local
xzyjq1eh,205,1453,1779265526419,,/home/meliani/nni-experiments/xzyjq1eh,58,exp_random_100_tt_only_tt_only,hpo,/home/meliani/Desktop/phd/fast-track/search_space.json,python3 trial.py --data ./tt_only.csv,/home/meliani/Desktop/phd/fast-track,1,360000s,100,False,False,info,/home/meliani/nni-experiments,"['LSTM', 'GRU', 'CNN', 'RNN', 'TCN', 'Transformer', 'MLP']","[16, 32, 64, 128, 256]","[1, 2, 3, 4]","[0, 0.1, 0.2, 0.3, 0.5]","['relu', 'tanh', 'sigmoid', 'elu']","[1e-05, 0.01]","[2, 3, 4, 5, 6, 7, 8, 9, 10, 11, 12, 13, 14, 15, 16, 17, 18, 19, 20, 21, 22, 23, 24, 25, 26, 27, 28, 29, 30]","[16, 32, 64, 128]","[5, 10, 15, 20]","[2, 3, 5, 7]","[2, 4, 8]",random,minimize,local
xzyjq1eh,206,1460,1779265526419,,/home/meliani/nni-experiments/xzyjq1eh,59,exp_random_100_tt_only_tt_only,hpo,/home/meliani/Desktop/phd/fast-track/search_space.json,python3 trial.py --data ./tt_only.csv,/home/meliani/Desktop/phd/fast-track,1,360000s,100,False,False,info,/home/meliani/nni-experiments,"['LSTM', 'GRU', 'CNN', 'RNN', 'TCN', 'Transformer', 'MLP']","[16, 32, 64, 128, 256]","[1, 2, 3, 4]","[0, 0.1, 0.2, 0.3, 0.5]","['relu', 'tanh', 'sigmoid', 'elu']","[1e-05, 0.01]","[2, 3, 4, 5, 6, 7, 8, 9, 10, 11, 12, 13, 14, 15, 16, 17, 18, 19, 20, 21, 22, 23, 24, 25, 26, 27, 28, 29, 30]","[16, 32, 64, 128]","[5, 10, 15, 20]","[2, 3, 5, 7]","[2, 4, 8]",random,minimize,local
xzyjq1eh,207,1460,1779265526419,,/home/meliani/nni-experiments/xzyjq1eh,59,exp_random_100_tt_only_tt_only,hpo,/home/meliani/Desktop/phd/fast-track/search_space.json,python3 trial.py --data ./tt_only.csv,/home/meliani/Desktop/phd/fast-track,1,360000s,100,False,False,info,/home/meliani/nni-experiments,"['LSTM', 'GRU', 'CNN', 'RNN', 'TCN', 'Transformer', 'MLP']","[16, 32, 64, 128, 256]","[1, 2, 3, 4]","[0, 0.1, 0.2, 0.3, 0.5]","['relu', 'tanh', 'sigmoid', 'elu']","[1e-05, 0.01]","[2, 3, 4, 5, 6, 7, 8, 9, 10, 11, 12, 13, 14, 15, 16, 17, 18, 19, 20, 21, 22, 23, 24, 25, 26, 27, 28, 29, 30]","[16, 32, 64, 128]","[5, 10, 15, 20]","[2, 3, 5, 7]","[2, 4, 8]",random,minimize,local
xzyjq1eh,208,1470,1779265526419,,/home/meliani/nni-experiments/xzyjq1eh,59,exp_random_100_tt_only_tt_only,hpo,/home/meliani/Desktop/phd/fast-track/search_space.json,python3 trial.py --data ./tt_only.csv,/home/meliani/Desktop/phd/fast-track,1,360000s,100,False,False,info,/home/meliani/nni-experiments,"['LSTM', 'GRU', 'CNN', 'RNN', 'TCN', 'Transformer', 'MLP']","[16, 32, 64, 128, 256]","[1, 2, 3, 4]","[0, 0.1, 0.2, 0.3, 0.5]","['relu', 'tanh', 'sigmoid', 'elu']","[1e-05, 0.01]","[2, 3, 4, 5, 6, 7, 8, 9, 10, 11, 12, 13, 14, 15, 16, 17, 18, 19, 20, 21, 22, 23, 24, 25, 26, 27, 28, 29, 30]","[16, 32, 64, 128]","[5, 10, 15, 20]","[2, 3, 5, 7]","[2, 4, 8]",random,minimize,local
xzyjq1eh,209,1480,1779265526419,,/home/meliani/nni-experiments/xzyjq1eh,59,exp_random_100_tt_only_tt_only,hpo,/home/meliani/Desktop/phd/fast-track/search_space.json,python3 trial.py --data ./tt_only.csv,/home/meliani/Desktop/phd/fast-track,1,360000s,100,False,False,info,/home/meliani/nni-experiments,"['LSTM', 'GRU', 'CNN', 'RNN', 'TCN', 'Transformer', 'MLP']","[16, 32, 64, 128, 256]","[1, 2, 3, 4]","[0, 0.1, 0.2, 0.3, 0.5]","['relu', 'tanh', 'sigmoid', 'elu']","[1e-05, 0.01]","[2, 3, 4, 5, 6, 7, 8, 9, 10, 11, 12, 13, 14, 15, 16, 17, 18, 19, 20, 21, 22, 23, 24, 25, 26, 27, 28, 29, 30]","[16, 32, 64, 128]","[5, 10, 15, 20]","[2, 3, 5, 7]","[2, 4, 8]",random,minimize,local
xzyjq1eh,210,1487,1779265526419,,/home/meliani/nni-experiments/xzyjq1eh,60,exp_random_100_tt_only_tt_only,hpo,/home/meliani/Desktop/phd/fast-track/search_space.json,python3 trial.py --data ./tt_only.csv,/home/meliani/Desktop/phd/fast-track,1,360000s,100,False,False,info,/home/meliani/nni-experiments,"['LSTM', 'GRU', 'CNN', 'RNN', 'TCN', 'Transformer', 'MLP']","[16, 32, 64, 128, 256]","[1, 2, 3, 4]","[0, 0.1, 0.2, 0.3, 0.5]","['relu', 'tanh', 'sigmoid', 'elu']","[1e-05, 0.01]","[2, 3, 4, 5, 6, 7, 8, 9, 10, 11, 12, 13, 14, 15, 16, 17, 18, 19, 20, 21, 22, 23, 24, 25, 26, 27, 28, 29, 30]","[16, 32, 64, 128]","[5, 10, 15, 20]","[2, 3, 5, 7]","[2, 4, 8]",random,minimize,local
xzyjq1eh,211,1490,1779265526419,,/home/meliani/nni-experiments/xzyjq1eh,60,exp_random_100_tt_only_tt_only,hpo,/home/meliani/Desktop/phd/fast-track/search_space.json,python3 trial.py --data ./tt_only.csv,/home/meliani/Desktop/phd/fast-track,1,360000s,100,False,False,info,/home/meliani/nni-experiments,"['LSTM', 'GRU', 'CNN', 'RNN', 'TCN', 'Transformer', 'MLP']","[16, 32, 64, 128, 256]","[1, 2, 3, 4]","[0, 0.1, 0.2, 0.3, 0.5]","['relu', 'tanh', 'sigmoid', 'elu']","[1e-05, 0.01]","[2, 3, 4, 5, 6, 7, 8, 9, 10, 11, 12, 13, 14, 15, 16, 17, 18, 19, 20, 21, 22, 23, 24, 25, 26, 27, 28, 29, 30]","[16, 32, 64, 128]","[5, 10, 15, 20]","[2, 3, 5, 7]","[2, 4, 8]",random,minimize,local
xzyjq1eh,212,1500,1779265526419,,/home/meliani/nni-experiments/xzyjq1eh,60,exp_random_100_tt_only_tt_only,hpo,/home/meliani/Desktop/phd/fast-track/search_space.json,python3 trial.py --data ./tt_only.csv,/home/meliani/Desktop/phd/fast-track,1,360000s,100,False,False,info,/home/meliani/nni-experiments,"['LSTM', 'GRU', 'CNN', 'RNN', 'TCN', 'Transformer', 'MLP']","[16, 32, 64, 128, 256]","[1, 2, 3, 4]","[0, 0.1, 0.2, 0.3, 0.5]","['relu', 'tanh', 'sigmoid', 'elu']","[1e-05, 0.01]","[2, 3, 4, 5, 6, 7, 8, 9, 10, 11, 12, 13, 14, 15, 16, 17, 18, 19, 20, 21, 22, 23, 24, 25, 26, 27, 28, 29, 30]","[16, 32, 64, 128]","[5, 10, 15, 20]","[2, 3, 5, 7]","[2, 4, 8]",random,minimize,local
xzyjq1eh,213,1502,1779265526419,,/home/meliani/nni-experiments/xzyjq1eh,61,exp_random_100_tt_only_tt_only,hpo,/home/meliani/Desktop/phd/fast-track/search_space.json,python3 trial.py --data ./tt_only.csv,/home/meliani/Desktop/phd/fast-track,1,360000s,100,False,False,info,/home/meliani/nni-experiments,"['LSTM', 'GRU', 'CNN', 'RNN', 'TCN', 'Transformer', 'MLP']","[16, 32, 64, 128, 256]","[1, 2, 3, 4]","[0, 0.1, 0.2, 0.3, 0.5]","['relu', 'tanh', 'sigmoid', 'elu']","[1e-05, 0.01]","[2, 3, 4, 5, 6, 7, 8, 9, 10, 11, 12, 13, 14, 15, 16, 17, 18, 19, 20, 21, 22, 23, 24, 25, 26, 27, 28, 29, 30]","[16, 32, 64, 128]","[5, 10, 15, 20]","[2, 3, 5, 7]","[2, 4, 8]",random,minimize,local
xzyjq1eh,214,1510,1779265526419,,/home/meliani/nni-experiments/xzyjq1eh,61,exp_random_100_tt_only_tt_only,hpo,/home/meliani/Desktop/phd/fast-track/search_space.json,python3 trial.py --data ./tt_only.csv,/home/meliani/Desktop/phd/fast-track,1,360000s,100,False,False,info,/home/meliani/nni-experiments,"['LSTM', 'GRU', 'CNN', 'RNN', 'TCN', 'Transformer', 'MLP']","[16, 32, 64, 128, 256]","[1, 2, 3, 4]","[0, 0.1, 0.2, 0.3, 0.5]","['relu', 'tanh', 'sigmoid', 'elu']","[1e-05, 0.01]","[2, 3, 4, 5, 6, 7, 8, 9, 10, 11, 12, 13, 14, 15, 16, 17, 18, 19, 20, 21, 22, 23, 24, 25, 26, 27, 28, 29, 30]","[16, 32, 64, 128]","[5, 10, 15, 20]","[2, 3, 5, 7]","[2, 4, 8]",random,minimize,local
xzyjq1eh,215,1520,1779265526419,,/home/meliani/nni-experiments/xzyjq1eh,61,exp_random_100_tt_only_tt_only,hpo,/home/meliani/Desktop/phd/fast-track/search_space.json,python3 trial.py --data ./tt_only.csv,/home/meliani/Desktop/phd/fast-track,1,360000s,100,False,False,info,/home/meliani/nni-experiments,"['LSTM', 'GRU', 'CNN', 'RNN', 'TCN', 'Transformer', 'MLP']","[16, 32, 64, 128, 256]","[1, 2, 3, 4]","[0, 0.1, 0.2, 0.3, 0.5]","['relu', 'tanh', 'sigmoid', 'elu']","[1e-05, 0.01]","[2, 3, 4, 5, 6, 7, 8, 9, 10, 11, 12, 13, 14, 15, 16, 17, 18, 19, 20, 21, 22, 23, 24, 25, 26, 27, 28, 29, 30]","[16, 32, 64, 128]","[5, 10, 15, 20]","[2, 3, 5, 7]","[2, 4, 8]",random,minimize,local
xzyjq1eh,216,1530,1779265526419,,/home/meliani/nni-experiments/xzyjq1eh,61,exp_random_100_tt_only_tt_only,hpo,/home/meliani/Desktop/phd/fast-track/search_space.json,python3 trial.py --data ./tt_only.csv,/home/meliani/Desktop/phd/fast-track,1,360000s,100,False,False,info,/home/meliani/nni-experiments,"['LSTM', 'GRU', 'CNN', 'RNN', 'TCN', 'Transformer', 'MLP']","[16, 32, 64, 128, 256]","[1, 2, 3, 4]","[0, 0.1, 0.2, 0.3, 0.5]","['relu', 'tanh', 'sigmoid', 'elu']","[1e-05, 0.01]","[2, 3, 4, 5, 6, 7, 8, 9, 10, 11, 12, 13, 14, 15, 16, 17, 18, 19, 20, 21, 22, 23, 24, 25, 26, 27, 28, 29, 30]","[16, 32, 64, 128]","[5, 10, 15, 20]","[2, 3, 5, 7]","[2, 4, 8]",random,minimize,local
xzyjq1eh,217,1540,1779265526419,,/home/meliani/nni-experiments/xzyjq1eh,61,exp_random_100_tt_only_tt_only,hpo,/home/meliani/Desktop/phd/fast-track/search_space.json,python3 trial.py --data ./tt_only.csv,/home/meliani/Desktop/phd/fast-track,1,360000s,100,False,False,info,/home/meliani/nni-experiments,"['LSTM', 'GRU', 'CNN', 'RNN', 'TCN', 'Transformer', 'MLP']","[16, 32, 64, 128, 256]","[1, 2, 3, 4]","[0, 0.1, 0.2, 0.3, 0.5]","['relu', 'tanh', 'sigmoid', 'elu']","[1e-05, 0.01]","[2, 3, 4, 5, 6, 7, 8, 9, 10, 11, 12, 13, 14, 15, 16, 17, 18, 19, 20, 21, 22, 23, 24, 25, 26, 27, 28, 29, 30]","[16, 32, 64, 128]","[5, 10, 15, 20]","[2, 3, 5, 7]","[2, 4, 8]",random,minimize,local
xzyjq1eh,218,1544,1779265526419,,/home/meliani/nni-experiments/xzyjq1eh,62,exp_random_100_tt_only_tt_only,hpo,/home/meliani/Desktop/phd/fast-track/search_space.json,python3 trial.py --data ./tt_only.csv,/home/meliani/Desktop/phd/fast-track,1,360000s,100,False,False,info,/home/meliani/nni-experiments,"['LSTM', 'GRU', 'CNN', 'RNN', 'TCN', 'Transformer', 'MLP']","[16, 32, 64, 128, 256]","[1, 2, 3, 4]","[0, 0.1, 0.2, 0.3, 0.5]","['relu', 'tanh', 'sigmoid', 'elu']","[1e-05, 0.01]","[2, 3, 4, 5, 6, 7, 8, 9, 10, 11, 12, 13, 14, 15, 16, 17, 18, 19, 20, 21, 22, 23, 24, 25, 26, 27, 28, 29, 30]","[16, 32, 64, 128]","[5, 10, 15, 20]","[2, 3, 5, 7]","[2, 4, 8]",random,minimize,local
xzyjq1eh,219,1550,1779265526419,,/home/meliani/nni-experiments/xzyjq1eh,63,exp_random_100_tt_only_tt_only,hpo,/home/meliani/Desktop/phd/fast-track/search_space.json,python3 trial.py --data ./tt_only.csv,/home/meliani/Desktop/phd/fast-track,1,360000s,100,False,False,info,/home/meliani/nni-experiments,"['LSTM', 'GRU', 'CNN', 'RNN', 'TCN', 'Transformer', 'MLP']","[16, 32, 64, 128, 256]","[1, 2, 3, 4]","[0, 0.1, 0.2, 0.3, 0.5]","['relu', 'tanh', 'sigmoid', 'elu']","[1e-05, 0.01]","[2, 3, 4, 5, 6, 7, 8, 9, 10, 11, 12, 13, 14, 15, 16, 17, 18, 19, 20, 21, 22, 23, 24, 25, 26, 27, 28, 29, 30]","[16, 32, 64, 128]","[5, 10, 15, 20]","[2, 3, 5, 7]","[2, 4, 8]",random,minimize,local
xzyjq1eh,220,1550,1779265526419,,/home/meliani/nni-experiments/xzyjq1eh,63,exp_random_100_tt_only_tt_only,hpo,/home/meliani/Desktop/phd/fast-track/search_space.json,python3 trial.py --data ./tt_only.csv,/home/meliani/Desktop/phd/fast-track,1,360000s,100,False,False,info,/home/meliani/nni-experiments,"['LSTM', 'GRU', 'CNN', 'RNN', 'TCN', 'Transformer', 'MLP']","[16, 32, 64, 128, 256]","[1, 2, 3, 4]","[0, 0.1, 0.2, 0.3, 0.5]","['relu', 'tanh', 'sigmoid', 'elu']","[1e-05, 0.01]","[2, 3, 4, 5, 6, 7, 8, 9, 10, 11, 12, 13, 14, 15, 16, 17, 18, 19, 20, 21, 22, 23, 24, 25, 26, 27, 28, 29, 30]","[16, 32, 64, 128]","[5, 10, 15, 20]","[2, 3, 5, 7]","[2, 4, 8]",random,minimize,local
xzyjq1eh,221,1560,1779265526419,,/home/meliani/nni-experiments/xzyjq1eh,63,exp_random_100_tt_only_tt_only,hpo,/home/meliani/Desktop/phd/fast-track/search_space.json,python3 trial.py --data ./tt_only.csv,/home/meliani/Desktop/phd/fast-track,1,360000s,100,False,False,info,/home/meliani/nni-experiments,"['LSTM', 'GRU', 'CNN', 'RNN', 'TCN', 'Transformer', 'MLP']","[16, 32, 64, 128, 256]","[1, 2, 3, 4]","[0, 0.1, 0.2, 0.3, 0.5]","['relu', 'tanh', 'sigmoid', 'elu']","[1e-05, 0.01]","[2, 3, 4, 5, 6, 7, 8, 9, 10, 11, 12, 13, 14, 15, 16, 17, 18, 19, 20, 21, 22, 23, 24, 25, 26, 27, 28, 29, 30]","[16, 32, 64, 128]","[5, 10, 15, 20]","[2, 3, 5, 7]","[2, 4, 8]",random,minimize,local
xzyjq1eh,222,1570,1779265526419,,/home/meliani/nni-experiments/xzyjq1eh,63,exp_random_100_tt_only_tt_only,hpo,/home/meliani/Desktop/phd/fast-track/search_space.json,python3 trial.py --data ./tt_only.csv,/home/meliani/Desktop/phd/fast-track,1,360000s,100,False,False,info,/home/meliani/nni-experiments,"['LSTM', 'GRU', 'CNN', 'RNN', 'TCN', 'Transformer', 'MLP']","[16, 32, 64, 128, 256]","[1, 2, 3, 4]","[0, 0.1, 0.2, 0.3, 0.5]","['relu', 'tanh', 'sigmoid', 'elu']","[1e-05, 0.01]","[2, 3, 4, 5, 6, 7, 8, 9, 10, 11, 12, 13, 14, 15, 16, 17, 18, 19, 20, 21, 22, 23, 24, 25, 26, 27, 28, 29, 30]","[16, 32, 64, 128]","[5, 10, 15, 20]","[2, 3, 5, 7]","[2, 4, 8]",random,minimize,local
xzyjq1eh,223,1580,1779265526419,,/home/meliani/nni-experiments/xzyjq1eh,63,exp_random_100_tt_only_tt_only,hpo,/home/meliani/Desktop/phd/fast-track/search_space.json,python3 trial.py --data ./tt_only.csv,/home/meliani/Desktop/phd/fast-track,1,360000s,100,False,False,info,/home/meliani/nni-experiments,"['LSTM', 'GRU', 'CNN', 'RNN', 'TCN', 'Transformer', 'MLP']","[16, 32, 64, 128, 256]","[1, 2, 3, 4]","[0, 0.1, 0.2, 0.3, 0.5]","['relu', 'tanh', 'sigmoid', 'elu']","[1e-05, 0.01]","[2, 3, 4, 5, 6, 7, 8, 9, 10, 11, 12, 13, 14, 15, 16, 17, 18, 19, 20, 21, 22, 23, 24, 25, 26, 27, 28, 29, 30]","[16, 32, 64, 128]","[5, 10, 15, 20]","[2, 3, 5, 7]","[2, 4, 8]",random,minimize,local
xzyjq1eh,224,1590,1779265526419,,/home/meliani/nni-experiments/xzyjq1eh,63,exp_random_100_tt_only_tt_only,hpo,/home/meliani/Desktop/phd/fast-track/search_space.json,python3 trial.py --data ./tt_only.csv,/home/meliani/Desktop/phd/fast-track,1,360000s,100,False,False,info,/home/meliani/nni-experiments,"['LSTM', 'GRU', 'CNN', 'RNN', 'TCN', 'Transformer', 'MLP']","[16, 32, 64, 128, 256]","[1, 2, 3, 4]","[0, 0.1, 0.2, 0.3, 0.5]","['relu', 'tanh', 'sigmoid', 'elu']","[1e-05, 0.01]","[2, 3, 4, 5, 6, 7, 8, 9, 10, 11, 12, 13, 14, 15, 16, 17, 18, 19, 20, 21, 22, 23, 24, 25, 26, 27, 28, 29, 30]","[16, 32, 64, 128]","[5, 10, 15, 20]","[2, 3, 5, 7]","[2, 4, 8]",random,minimize,local
xzyjq1eh,225,1600,1779265526419,,/home/meliani/nni-experiments/xzyjq1eh,63,exp_random_100_tt_only_tt_only,hpo,/home/meliani/Desktop/phd/fast-track/search_space.json,python3 trial.py --data ./tt_only.csv,/home/meliani/Desktop/phd/fast-track,1,360000s,100,False,False,info,/home/meliani/nni-experiments,"['LSTM', 'GRU', 'CNN', 'RNN', 'TCN', 'Transformer', 'MLP']","[16, 32, 64, 128, 256]","[1, 2, 3, 4]","[0, 0.1, 0.2, 0.3, 0.5]","['relu', 'tanh', 'sigmoid', 'elu']","[1e-05, 0.01]","[2, 3, 4, 5, 6, 7, 8, 9, 10, 11, 12, 13, 14, 15, 16, 17, 18, 19, 20, 21, 22, 23, 24, 25, 26, 27, 28, 29, 30]","[16, 32, 64, 128]","[5, 10, 15, 20]","[2, 3, 5, 7]","[2, 4, 8]",random,minimize,local
xzyjq1eh,226,1608,1779265526419,,/home/meliani/nni-experiments/xzyjq1eh,64,exp_random_100_tt_only_tt_only,hpo,/home/meliani/Desktop/phd/fast-track/search_space.json,python3 trial.py --data ./tt_only.csv,/home/meliani/Desktop/phd/fast-track,1,360000s,100,False,False,info,/home/meliani/nni-experiments,"['LSTM', 'GRU', 'CNN', 'RNN', 'TCN', 'Transformer', 'MLP']","[16, 32, 64, 128, 256]","[1, 2, 3, 4]","[0, 0.1, 0.2, 0.3, 0.5]","['relu', 'tanh', 'sigmoid', 'elu']","[1e-05, 0.01]","[2, 3, 4, 5, 6, 7, 8, 9, 10, 11, 12, 13, 14, 15, 16, 17, 18, 19, 20, 21, 22, 23, 24, 25, 26, 27, 28, 29, 30]","[16, 32, 64, 128]","[5, 10, 15, 20]","[2, 3, 5, 7]","[2, 4, 8]",random,minimize,local
xzyjq1eh,227,1610,1779265526419,,/home/meliani/nni-experiments/xzyjq1eh,64,exp_random_100_tt_only_tt_only,hpo,/home/meliani/Desktop/phd/fast-track/search_space.json,python3 trial.py --data ./tt_only.csv,/home/meliani/Desktop/phd/fast-track,1,360000s,100,False,False,info,/home/meliani/nni-experiments,"['LSTM', 'GRU', 'CNN', 'RNN', 'TCN', 'Transformer', 'MLP']","[16, 32, 64, 128, 256]","[1, 2, 3, 4]","[0, 0.1, 0.2, 0.3, 0.5]","['relu', 'tanh', 'sigmoid', 'elu']","[1e-05, 0.01]","[2, 3, 4, 5, 6, 7, 8, 9, 10, 11, 12, 13, 14, 15, 16, 17, 18, 19, 20, 21, 22, 23, 24, 25, 26, 27, 28, 29, 30]","[16, 32, 64, 128]","[5, 10, 15, 20]","[2, 3, 5, 7]","[2, 4, 8]",random,minimize,local
xzyjq1eh,228,1612,1779265526419,,/home/meliani/nni-experiments/xzyjq1eh,65,exp_random_100_tt_only_tt_only,hpo,/home/meliani/Desktop/phd/fast-track/search_space.json,python3 trial.py --data ./tt_only.csv,/home/meliani/Desktop/phd/fast-track,1,360000s,100,False,False,info,/home/meliani/nni-experiments,"['LSTM', 'GRU', 'CNN', 'RNN', 'TCN', 'Transformer', 'MLP']","[16, 32, 64, 128, 256]","[1, 2, 3, 4]","[0, 0.1, 0.2, 0.3, 0.5]","['relu', 'tanh', 'sigmoid', 'elu']","[1e-05, 0.01]","[2, 3, 4, 5, 6, 7, 8, 9, 10, 11, 12, 13, 14, 15, 16, 17, 18, 19, 20, 21, 22, 23, 24, 25, 26, 27, 28, 29, 30]","[16, 32, 64, 128]","[5, 10, 15, 20]","[2, 3, 5, 7]","[2, 4, 8]",random,minimize,local
xzyjq1eh,229,1620,1779265526419,,/home/meliani/nni-experiments/xzyjq1eh,65,exp_random_100_tt_only_tt_only,hpo,/home/meliani/Desktop/phd/fast-track/search_space.json,python3 trial.py --data ./tt_only.csv,/home/meliani/Desktop/phd/fast-track,1,360000s,100,False,False,info,/home/meliani/nni-experiments,"['LSTM', 'GRU', 'CNN', 'RNN', 'TCN', 'Transformer', 'MLP']","[16, 32, 64, 128, 256]","[1, 2, 3, 4]","[0, 0.1, 0.2, 0.3, 0.5]","['relu', 'tanh', 'sigmoid', 'elu']","[1e-05, 0.01]","[2, 3, 4, 5, 6, 7, 8, 9, 10, 11, 12, 13, 14, 15, 16, 17, 18, 19, 20, 21, 22, 23, 24, 25, 26, 27, 28, 29, 30]","[16, 32, 64, 128]","[5, 10, 15, 20]","[2, 3, 5, 7]","[2, 4, 8]",random,minimize,local
xzyjq1eh,230,1623,1779265526419,,/home/meliani/nni-experiments/xzyjq1eh,66,exp_random_100_tt_only_tt_only,hpo,/home/meliani/Desktop/phd/fast-track/search_space.json,python3 trial.py --data ./tt_only.csv,/home/meliani/Desktop/phd/fast-track,1,360000s,100,False,False,info,/home/meliani/nni-experiments,"['LSTM', 'GRU', 'CNN', 'RNN', 'TCN', 'Transformer', 'MLP']","[16, 32, 64, 128, 256]","[1, 2, 3, 4]","[0, 0.1, 0.2, 0.3, 0.5]","['relu', 'tanh', 'sigmoid', 'elu']","[1e-05, 0.01]","[2, 3, 4, 5, 6, 7, 8, 9, 10, 11, 12, 13, 14, 15, 16, 17, 18, 19, 20, 21, 22, 23, 24, 25, 26, 27, 28, 29, 30]","[16, 32, 64, 128]","[5, 10, 15, 20]","[2, 3, 5, 7]","[2, 4, 8]",random,minimize,local
xzyjq1eh,231,1630,1779265526419,,/home/meliani/nni-experiments/xzyjq1eh,66,exp_random_100_tt_only_tt_only,hpo,/home/meliani/Desktop/phd/fast-track/search_space.json,python3 trial.py --data ./tt_only.csv,/home/meliani/Desktop/phd/fast-track,1,360000s,100,False,False,info,/home/meliani/nni-experiments,"['LSTM', 'GRU', 'CNN', 'RNN', 'TCN', 'Transformer', 'MLP']","[16, 32, 64, 128, 256]","[1, 2, 3, 4]","[0, 0.1, 0.2, 0.3, 0.5]","['relu', 'tanh', 'sigmoid', 'elu']","[1e-05, 0.01]","[2, 3, 4, 5, 6, 7, 8, 9, 10, 11, 12, 13, 14, 15, 16, 17, 18, 19, 20, 21, 22, 23, 24, 25, 26, 27, 28, 29, 30]","[16, 32, 64, 128]","[5, 10, 15, 20]","[2, 3, 5, 7]","[2, 4, 8]",random,minimize,local
xzyjq1eh,232,1640,1779265526419,,/home/meliani/nni-experiments/xzyjq1eh,66,exp_random_100_tt_only_tt_only,hpo,/home/meliani/Desktop/phd/fast-track/search_space.json,python3 trial.py --data ./tt_only.csv,/home/meliani/Desktop/phd/fast-track,1,360000s,100,False,False,info,/home/meliani/nni-experiments,"['LSTM', 'GRU', 'CNN', 'RNN', 'TCN', 'Transformer', 'MLP']","[16, 32, 64, 128, 256]","[1, 2, 3, 4]","[0, 0.1, 0.2, 0.3, 0.5]","['relu', 'tanh', 'sigmoid', 'elu']","[1e-05, 0.01]","[2, 3, 4, 5, 6, 7, 8, 9, 10, 11, 12, 13, 14, 15, 16, 17, 18, 19, 20, 21, 22, 23, 24, 25, 26, 27, 28, 29, 30]","[16, 32, 64, 128]","[5, 10, 15, 20]","[2, 3, 5, 7]","[2, 4, 8]",random,minimize,local
xzyjq1eh,233,1643,1779265526419,,/home/meliani/nni-experiments/xzyjq1eh,67,exp_random_100_tt_only_tt_only,hpo,/home/meliani/Desktop/phd/fast-track/search_space.json,python3 trial.py --data ./tt_only.csv,/home/meliani/Desktop/phd/fast-track,1,360000s,100,False,False,info,/home/meliani/nni-experiments,"['LSTM', 'GRU', 'CNN', 'RNN', 'TCN', 'Transformer', 'MLP']","[16, 32, 64, 128, 256]","[1, 2, 3, 4]","[0, 0.1, 0.2, 0.3, 0.5]","['relu', 'tanh', 'sigmoid', 'elu']","[1e-05, 0.01]","[2, 3, 4, 5, 6, 7, 8, 9, 10, 11, 12, 13, 14, 15, 16, 17, 18, 19, 20, 21, 22, 23, 24, 25, 26, 27, 28, 29, 30]","[16, 32, 64, 128]","[5, 10, 15, 20]","[2, 3, 5, 7]","[2, 4, 8]",random,minimize,local
xzyjq1eh,234,1650,1779265526419,,/home/meliani/nni-experiments/xzyjq1eh,68,exp_random_100_tt_only_tt_only,hpo,/home/meliani/Desktop/phd/fast-track/search_space.json,python3 trial.py --data ./tt_only.csv,/home/meliani/Desktop/phd/fast-track,1,360000s,100,False,False,info,/home/meliani/nni-experiments,"['LSTM', 'GRU', 'CNN', 'RNN', 'TCN', 'Transformer', 'MLP']","[16, 32, 64, 128, 256]","[1, 2, 3, 4]","[0, 0.1, 0.2, 0.3, 0.5]","['relu', 'tanh', 'sigmoid', 'elu']","[1e-05, 0.01]","[2, 3, 4, 5, 6, 7, 8, 9, 10, 11, 12, 13, 14, 15, 16, 17, 18, 19, 20, 21, 22, 23, 24, 25, 26, 27, 28, 29, 30]","[16, 32, 64, 128]","[5, 10, 15, 20]","[2, 3, 5, 7]","[2, 4, 8]",random,minimize,local
xzyjq1eh,235,1650,1779265526419,,/home/meliani/nni-experiments/xzyjq1eh,68,exp_random_100_tt_only_tt_only,hpo,/home/meliani/Desktop/phd/fast-track/search_space.json,python3 trial.py --data ./tt_only.csv,/home/meliani/Desktop/phd/fast-track,1,360000s,100,False,False,info,/home/meliani/nni-experiments,"['LSTM', 'GRU', 'CNN', 'RNN', 'TCN', 'Transformer', 'MLP']","[16, 32, 64, 128, 256]","[1, 2, 3, 4]","[0, 0.1, 0.2, 0.3, 0.5]","['relu', 'tanh', 'sigmoid', 'elu']","[1e-05, 0.01]","[2, 3, 4, 5, 6, 7, 8, 9, 10, 11, 12, 13, 14, 15, 16, 17, 18, 19, 20, 21, 22, 23, 24, 25, 26, 27, 28, 29, 30]","[16, 32, 64, 128]","[5, 10, 15, 20]","[2, 3, 5, 7]","[2, 4, 8]",random,minimize,local
xzyjq1eh,236,1660,1779265526419,,/home/meliani/nni-experiments/xzyjq1eh,68,exp_random_100_tt_only_tt_only,hpo,/home/meliani/Desktop/phd/fast-track/search_space.json,python3 trial.py --data ./tt_only.csv,/home/meliani/Desktop/phd/fast-track,1,360000s,100,False,False,info,/home/meliani/nni-experiments,"['LSTM', 'GRU', 'CNN', 'RNN', 'TCN', 'Transformer', 'MLP']","[16, 32, 64, 128, 256]","[1, 2, 3, 4]","[0, 0.1, 0.2, 0.3, 0.5]","['relu', 'tanh', 'sigmoid', 'elu']","[1e-05, 0.01]","[2, 3, 4, 5, 6, 7, 8, 9, 10, 11, 12, 13, 14, 15, 16, 17, 18, 19, 20, 21, 22, 23, 24, 25, 26, 27, 28, 29, 30]","[16, 32, 64, 128]","[5, 10, 15, 20]","[2, 3, 5, 7]","[2, 4, 8]",random,minimize,local
xzyjq1eh,237,1670,1779265526419,,/home/meliani/nni-experiments/xzyjq1eh,68,exp_random_100_tt_only_tt_only,hpo,/home/meliani/Desktop/phd/fast-track/search_space.json,python3 trial.py --data ./tt_only.csv,/home/meliani/Desktop/phd/fast-track,1,360000s,100,False,False,info,/home/meliani/nni-experiments,"['LSTM', 'GRU', 'CNN', 'RNN', 'TCN', 'Transformer', 'MLP']","[16, 32, 64, 128, 256]","[1, 2, 3, 4]","[0, 0.1, 0.2, 0.3, 0.5]","['relu', 'tanh', 'sigmoid', 'elu']","[1e-05, 0.01]","[2, 3, 4, 5, 6, 7, 8, 9, 10, 11, 12, 13, 14, 15, 16, 17, 18, 19, 20, 21, 22, 23, 24, 25, 26, 27, 28, 29, 30]","[16, 32, 64, 128]","[5, 10, 15, 20]","[2, 3, 5, 7]","[2, 4, 8]",random,minimize,local
xzyjq1eh,238,1680,1779265526419,,/home/meliani/nni-experiments/xzyjq1eh,68,exp_random_100_tt_only_tt_only,hpo,/home/meliani/Desktop/phd/fast-track/search_space.json,python3 trial.py --data ./tt_only.csv,/home/meliani/Desktop/phd/fast-track,1,360000s,100,False,False,info,/home/meliani/nni-experiments,"['LSTM', 'GRU', 'CNN', 'RNN', 'TCN', 'Transformer', 'MLP']","[16, 32, 64, 128, 256]","[1, 2, 3, 4]","[0, 0.1, 0.2, 0.3, 0.5]","['relu', 'tanh', 'sigmoid', 'elu']","[1e-05, 0.01]","[2, 3, 4, 5, 6, 7, 8, 9, 10, 11, 12, 13, 14, 15, 16, 17, 18, 19, 20, 21, 22, 23, 24, 25, 26, 27, 28, 29, 30]","[16, 32, 64, 128]","[5, 10, 15, 20]","[2, 3, 5, 7]","[2, 4, 8]",random,minimize,local
xzyjq1eh,239,1690,1779265526419,,/home/meliani/nni-experiments/xzyjq1eh,68,exp_random_100_tt_only_tt_only,hpo,/home/meliani/Desktop/phd/fast-track/search_space.json,python3 trial.py --data ./tt_only.csv,/home/meliani/Desktop/phd/fast-track,1,360000s,100,False,False,info,/home/meliani/nni-experiments,"['LSTM', 'GRU', 'CNN', 'RNN', 'TCN', 'Transformer', 'MLP']","[16, 32, 64, 128, 256]","[1, 2, 3, 4]","[0, 0.1, 0.2, 0.3, 0.5]","['relu', 'tanh', 'sigmoid', 'elu']","[1e-05, 0.01]","[2, 3, 4, 5, 6, 7, 8, 9, 10, 11, 12, 13, 14, 15, 16, 17, 18, 19, 20, 21, 22, 23, 24, 25, 26, 27, 28, 29, 30]","[16, 32, 64, 128]","[5, 10, 15, 20]","[2, 3, 5, 7]","[2, 4, 8]",random,minimize,local
xzyjq1eh,240,1700,1779265526419,,/home/meliani/nni-experiments/xzyjq1eh,68,exp_random_100_tt_only_tt_only,hpo,/home/meliani/Desktop/phd/fast-track/search_space.json,python3 trial.py --data ./tt_only.csv,/home/meliani/Desktop/phd/fast-track,1,360000s,100,False,False,info,/home/meliani/nni-experiments,"['LSTM', 'GRU', 'CNN', 'RNN', 'TCN', 'Transformer', 'MLP']","[16, 32, 64, 128, 256]","[1, 2, 3, 4]","[0, 0.1, 0.2, 0.3, 0.5]","['relu', 'tanh', 'sigmoid', 'elu']","[1e-05, 0.01]","[2, 3, 4, 5, 6, 7, 8, 9, 10, 11, 12, 13, 14, 15, 16, 17, 18, 19, 20, 21, 22, 23, 24, 25, 26, 27, 28, 29, 30]","[16, 32, 64, 128]","[5, 10, 15, 20]","[2, 3, 5, 7]","[2, 4, 8]",random,minimize,local
xzyjq1eh,241,1710,1779265526419,,/home/meliani/nni-experiments/xzyjq1eh,68,exp_random_100_tt_only_tt_only,hpo,/home/meliani/Desktop/phd/fast-track/search_space.json,python3 trial.py --data ./tt_only.csv,/home/meliani/Desktop/phd/fast-track,1,360000s,100,False,False,info,/home/meliani/nni-experiments,"['LSTM', 'GRU', 'CNN', 'RNN', 'TCN', 'Transformer', 'MLP']","[16, 32, 64, 128, 256]","[1, 2, 3, 4]","[0, 0.1, 0.2, 0.3, 0.5]","['relu', 'tanh', 'sigmoid', 'elu']","[1e-05, 0.01]","[2, 3, 4, 5, 6, 7, 8, 9, 10, 11, 12, 13, 14, 15, 16, 17, 18, 19, 20, 21, 22, 23, 24, 25, 26, 27, 28, 29, 30]","[16, 32, 64, 128]","[5, 10, 15, 20]","[2, 3, 5, 7]","[2, 4, 8]",random,minimize,local
xzyjq1eh,242,1720,1779265526419,,/home/meliani/nni-experiments/xzyjq1eh,68,exp_random_100_tt_only_tt_only,hpo,/home/meliani/Desktop/phd/fast-track/search_space.json,python3 trial.py --data ./tt_only.csv,/home/meliani/Desktop/phd/fast-track,1,360000s,100,False,False,info,/home/meliani/nni-experiments,"['LSTM', 'GRU', 'CNN', 'RNN', 'TCN', 'Transformer', 'MLP']","[16, 32, 64, 128, 256]","[1, 2, 3, 4]","[0, 0.1, 0.2, 0.3, 0.5]","['relu', 'tanh', 'sigmoid', 'elu']","[1e-05, 0.01]","[2, 3, 4, 5, 6, 7, 8, 9, 10, 11, 12, 13, 14, 15, 16, 17, 18, 19, 20, 21, 22, 23, 24, 25, 26, 27, 28, 29, 30]","[16, 32, 64, 128]","[5, 10, 15, 20]","[2, 3, 5, 7]","[2, 4, 8]",random,minimize,local
xzyjq1eh,243,1730,1779265526419,,/home/meliani/nni-experiments/xzyjq1eh,68,exp_random_100_tt_only_tt_only,hpo,/home/meliani/Desktop/phd/fast-track/search_space.json,python3 trial.py --data ./tt_only.csv,/home/meliani/Desktop/phd/fast-track,1,360000s,100,False,False,info,/home/meliani/nni-experiments,"['LSTM', 'GRU', 'CNN', 'RNN', 'TCN', 'Transformer', 'MLP']","[16, 32, 64, 128, 256]","[1, 2, 3, 4]","[0, 0.1, 0.2, 0.3, 0.5]","['relu', 'tanh', 'sigmoid', 'elu']","[1e-05, 0.01]","[2, 3, 4, 5, 6, 7, 8, 9, 10, 11, 12, 13, 14, 15, 16, 17, 18, 19, 20, 21, 22, 23, 24, 25, 26, 27, 28, 29, 30]","[16, 32, 64, 128]","[5, 10, 15, 20]","[2, 3, 5, 7]","[2, 4, 8]",random,minimize,local
xzyjq1eh,244,1740,1779265526419,,/home/meliani/nni-experiments/xzyjq1eh,68,exp_random_100_tt_only_tt_only,hpo,/home/meliani/Desktop/phd/fast-track/search_space.json,python3 trial.py --data ./tt_only.csv,/home/meliani/Desktop/phd/fast-track,1,360000s,100,False,False,info,/home/meliani/nni-experiments,"['LSTM', 'GRU', 'CNN', 'RNN', 'TCN', 'Transformer', 'MLP']","[16, 32, 64, 128, 256]","[1, 2, 3, 4]","[0, 0.1, 0.2, 0.3, 0.5]","['relu', 'tanh', 'sigmoid', 'elu']","[1e-05, 0.01]","[2, 3, 4, 5, 6, 7, 8, 9, 10, 11, 12, 13, 14, 15, 16, 17, 18, 19, 20, 21, 22, 23, 24, 25, 26, 27, 28, 29, 30]","[16, 32, 64, 128]","[5, 10, 15, 20]","[2, 3, 5, 7]","[2, 4, 8]",random,minimize,local
xzyjq1eh,245,1748,1779265526419,,/home/meliani/nni-experiments/xzyjq1eh,69,exp_random_100_tt_only_tt_only,hpo,/home/meliani/Desktop/phd/fast-track/search_space.json,python3 trial.py --data ./tt_only.csv,/home/meliani/Desktop/phd/fast-track,1,360000s,100,False,False,info,/home/meliani/nni-experiments,"['LSTM', 'GRU', 'CNN', 'RNN', 'TCN', 'Transformer', 'MLP']","[16, 32, 64, 128, 256]","[1, 2, 3, 4]","[0, 0.1, 0.2, 0.3, 0.5]","['relu', 'tanh', 'sigmoid', 'elu']","[1e-05, 0.01]","[2, 3, 4, 5, 6, 7, 8, 9, 10, 11, 12, 13, 14, 15, 16, 17, 18, 19, 20, 21, 22, 23, 24, 25, 26, 27, 28, 29, 30]","[16, 32, 64, 128]","[5, 10, 15, 20]","[2, 3, 5, 7]","[2, 4, 8]",random,minimize,local
xzyjq1eh,246,1750,1779265526419,,/home/meliani/nni-experiments/xzyjq1eh,69,exp_random_100_tt_only_tt_only,hpo,/home/meliani/Desktop/phd/fast-track/search_space.json,python3 trial.py --data ./tt_only.csv,/home/meliani/Desktop/phd/fast-track,1,360000s,100,False,False,info,/home/meliani/nni-experiments,"['LSTM', 'GRU', 'CNN', 'RNN', 'TCN', 'Transformer', 'MLP']","[16, 32, 64, 128, 256]","[1, 2, 3, 4]","[0, 0.1, 0.2, 0.3, 0.5]","['relu', 'tanh', 'sigmoid', 'elu']","[1e-05, 0.01]","[2, 3, 4, 5, 6, 7, 8, 9, 10, 11, 12, 13, 14, 15, 16, 17, 18, 19, 20, 21, 22, 23, 24, 25, 26, 27, 28, 29, 30]","[16, 32, 64, 128]","[5, 10, 15, 20]","[2, 3, 5, 7]","[2, 4, 8]",random,minimize,local
xzyjq1eh,247,1757,1779265526419,,/home/meliani/nni-experiments/xzyjq1eh,70,exp_random_100_tt_only_tt_only,hpo,/home/meliani/Desktop/phd/fast-track/search_space.json,python3 trial.py --data ./tt_only.csv,/home/meliani/Desktop/phd/fast-track,1,360000s,100,False,False,info,/home/meliani/nni-experiments,"['LSTM', 'GRU', 'CNN', 'RNN', 'TCN', 'Transformer', 'MLP']","[16, 32, 64, 128, 256]","[1, 2, 3, 4]","[0, 0.1, 0.2, 0.3, 0.5]","['relu', 'tanh', 'sigmoid', 'elu']","[1e-05, 0.01]","[2, 3, 4, 5, 6, 7, 8, 9, 10, 11, 12, 13, 14, 15, 16, 17, 18, 19, 20, 21, 22, 23, 24, 25, 26, 27, 28, 29, 30]","[16, 32, 64, 128]","[5, 10, 15, 20]","[2, 3, 5, 7]","[2, 4, 8]",random,minimize,local
xzyjq1eh,248,1760,1779265526419,,/home/meliani/nni-experiments/xzyjq1eh,70,exp_random_100_tt_only_tt_only,hpo,/home/meliani/Desktop/phd/fast-track/search_space.json,python3 trial.py --data ./tt_only.csv,/home/meliani/Desktop/phd/fast-track,1,360000s,100,False,False,info,/home/meliani/nni-experiments,"['LSTM', 'GRU', 'CNN', 'RNN', 'TCN', 'Transformer', 'MLP']","[16, 32, 64, 128, 256]","[1, 2, 3, 4]","[0, 0.1, 0.2, 0.3, 0.5]","['relu', 'tanh', 'sigmoid', 'elu']","[1e-05, 0.01]","[2, 3, 4, 5, 6, 7, 8, 9, 10, 11, 12, 13, 14, 15, 16, 17, 18, 19, 20, 21, 22, 23, 24, 25, 26, 27, 28, 29, 30]","[16, 32, 64, 128]","[5, 10, 15, 20]","[2, 3, 5, 7]","[2, 4, 8]",random,minimize,local
xzyjq1eh,249,1763,1779265526419,,/home/meliani/nni-experiments/xzyjq1eh,71,exp_random_100_tt_only_tt_only,hpo,/home/meliani/Desktop/phd/fast-track/search_space.json,python3 trial.py --data ./tt_only.csv,/home/meliani/Desktop/phd/fast-track,1,360000s,100,False,False,info,/home/meliani/nni-experiments,"['LSTM', 'GRU', 'CNN', 'RNN', 'TCN', 'Transformer', 'MLP']","[16, 32, 64, 128, 256]","[1, 2, 3, 4]","[0, 0.1, 0.2, 0.3, 0.5]","['relu', 'tanh', 'sigmoid', 'elu']","[1e-05, 0.01]","[2, 3, 4, 5, 6, 7, 8, 9, 10, 11, 12, 13, 14, 15, 16, 17, 18, 19, 20, 21, 22, 23, 24, 25, 26, 27, 28, 29, 30]","[16, 32, 64, 128]","[5, 10, 15, 20]","[2, 3, 5, 7]","[2, 4, 8]",random,minimize,local
xzyjq1eh,250,1770,1779265526419,,/home/meliani/nni-experiments/xzyjq1eh,71,exp_random_100_tt_only_tt_only,hpo,/home/meliani/Desktop/phd/fast-track/search_space.json,python3 trial.py --data ./tt_only.csv,/home/meliani/Desktop/phd/fast-track,1,360000s,100,False,False,info,/home/meliani/nni-experiments,"['LSTM', 'GRU', 'CNN', 'RNN', 'TCN', 'Transformer', 'MLP']","[16, 32, 64, 128, 256]","[1, 2, 3, 4]","[0, 0.1, 0.2, 0.3, 0.5]","['relu', 'tanh', 'sigmoid', 'elu']","[1e-05, 0.01]","[2, 3, 4, 5, 6, 7, 8, 9, 10, 11, 12, 13, 14, 15, 16, 17, 18, 19, 20, 21, 22, 23, 24, 25, 26, 27, 28, 29, 30]","[16, 32, 64, 128]","[5, 10, 15, 20]","[2, 3, 5, 7]","[2, 4, 8]",random,minimize,local
xzyjq1eh,251,1773,1779265526419,,/home/meliani/nni-experiments/xzyjq1eh,72,exp_random_100_tt_only_tt_only,hpo,/home/meliani/Desktop/phd/fast-track/search_space.json,python3 trial.py --data ./tt_only.csv,/home/meliani/Desktop/phd/fast-track,1,360000s,100,False,False,info,/home/meliani/nni-experiments,"['LSTM', 'GRU', 'CNN', 'RNN', 'TCN', 'Transformer', 'MLP']","[16, 32, 64, 128, 256]","[1, 2, 3, 4]","[0, 0.1, 0.2, 0.3, 0.5]","['relu', 'tanh', 'sigmoid', 'elu']","[1e-05, 0.01]","[2, 3, 4, 5, 6, 7, 8, 9, 10, 11, 12, 13, 14, 15, 16, 17, 18, 19, 20, 21, 22, 23, 24, 25, 26, 27, 28, 29, 30]","[16, 32, 64, 128]","[5, 10, 15, 20]","[2, 3, 5, 7]","[2, 4, 8]",random,minimize,local
xzyjq1eh,252,1780,1779265526419,,/home/meliani/nni-experiments/xzyjq1eh,72,exp_random_100_tt_only_tt_only,hpo,/home/meliani/Desktop/phd/fast-track/search_space.json,python3 trial.py --data ./tt_only.csv,/home/meliani/Desktop/phd/fast-track,1,360000s,100,False,False,info,/home/meliani/nni-experiments,"['LSTM', 'GRU', 'CNN', 'RNN', 'TCN', 'Transformer', 'MLP']","[16, 32, 64, 128, 256]","[1, 2, 3, 4]","[0, 0.1, 0.2, 0.3, 0.5]","['relu', 'tanh', 'sigmoid', 'elu']","[1e-05, 0.01]","[2, 3, 4, 5, 6, 7, 8, 9, 10, 11, 12, 13, 14, 15, 16, 17, 18, 19, 20, 21, 22, 23, 24, 25, 26, 27, 28, 29, 30]","[16, 32, 64, 128]","[5, 10, 15, 20]","[2, 3, 5, 7]","[2, 4, 8]",random,minimize,local
xzyjq1eh,253,1787,1779265526419,,/home/meliani/nni-experiments/xzyjq1eh,73,exp_random_100_tt_only_tt_only,hpo,/home/meliani/Desktop/phd/fast-track/search_space.json,python3 trial.py --data ./tt_only.csv,/home/meliani/Desktop/phd/fast-track,1,360000s,100,False,False,info,/home/meliani/nni-experiments,"['LSTM', 'GRU', 'CNN', 'RNN', 'TCN', 'Transformer', 'MLP']","[16, 32, 64, 128, 256]","[1, 2, 3, 4]","[0, 0.1, 0.2, 0.3, 0.5]","['relu', 'tanh', 'sigmoid', 'elu']","[1e-05, 0.01]","[2, 3, 4, 5, 6, 7, 8, 9, 10, 11, 12, 13, 14, 15, 16, 17, 18, 19, 20, 21, 22, 23, 24, 25, 26, 27, 28, 29, 30]","[16, 32, 64, 128]","[5, 10, 15, 20]","[2, 3, 5, 7]","[2, 4, 8]",random,minimize,local
xzyjq1eh,254,1790,1779265526419,,/home/meliani/nni-experiments/xzyjq1eh,73,exp_random_100_tt_only_tt_only,hpo,/home/meliani/Desktop/phd/fast-track/search_space.json,python3 trial.py --data ./tt_only.csv,/home/meliani/Desktop/phd/fast-track,1,360000s,100,False,False,info,/home/meliani/nni-experiments,"['LSTM', 'GRU', 'CNN', 'RNN', 'TCN', 'Transformer', 'MLP']","[16, 32, 64, 128, 256]","[1, 2, 3, 4]","[0, 0.1, 0.2, 0.3, 0.5]","['relu', 'tanh', 'sigmoid', 'elu']","[1e-05, 0.01]","[2, 3, 4, 5, 6, 7, 8, 9, 10, 11, 12, 13, 14, 15, 16, 17, 18, 19, 20, 21, 22, 23, 24, 25, 26, 27, 28, 29, 30]","[16, 32, 64, 128]","[5, 10, 15, 20]","[2, 3, 5, 7]","[2, 4, 8]",random,minimize,local
xzyjq1eh,255,1800,1779265526419,,/home/meliani/nni-experiments/xzyjq1eh,73,exp_random_100_tt_only_tt_only,hpo,/home/meliani/Desktop/phd/fast-track/search_space.json,python3 trial.py --data ./tt_only.csv,/home/meliani/Desktop/phd/fast-track,1,360000s,100,False,False,info,/home/meliani/nni-experiments,"['LSTM', 'GRU', 'CNN', 'RNN', 'TCN', 'Transformer', 'MLP']","[16, 32, 64, 128, 256]","[1, 2, 3, 4]","[0, 0.1, 0.2, 0.3, 0.5]","['relu', 'tanh', 'sigmoid', 'elu']","[1e-05, 0.01]","[2, 3, 4, 5, 6, 7, 8, 9, 10, 11, 12, 13, 14, 15, 16, 17, 18, 19, 20, 21, 22, 23, 24, 25, 26, 27, 28, 29, 30]","[16, 32, 64, 128]","[5, 10, 15, 20]","[2, 3, 5, 7]","[2, 4, 8]",random,minimize,local
xzyjq1eh,256,1808,1779265526419,,/home/meliani/nni-experiments/xzyjq1eh,74,exp_random_100_tt_only_tt_only,hpo,/home/meliani/Desktop/phd/fast-track/search_space.json,python3 trial.py --data ./tt_only.csv,/home/meliani/Desktop/phd/fast-track,1,360000s,100,False,False,info,/home/meliani/nni-experiments,"['LSTM', 'GRU', 'CNN', 'RNN', 'TCN', 'Transformer', 'MLP']","[16, 32, 64, 128, 256]","[1, 2, 3, 4]","[0, 0.1, 0.2, 0.3, 0.5]","['relu', 'tanh', 'sigmoid', 'elu']","[1e-05, 0.01]","[2, 3, 4, 5, 6, 7, 8, 9, 10, 11, 12, 13, 14, 15, 16, 17, 18, 19, 20, 21, 22, 23, 24, 25, 26, 27, 28, 29, 30]","[16, 32, 64, 128]","[5, 10, 15, 20]","[2, 3, 5, 7]","[2, 4, 8]",random,minimize,local
xzyjq1eh,257,1810,1779265526419,,/home/meliani/nni-experiments/xzyjq1eh,74,exp_random_100_tt_only_tt_only,hpo,/home/meliani/Desktop/phd/fast-track/search_space.json,python3 trial.py --data ./tt_only.csv,/home/meliani/Desktop/phd/fast-track,1,360000s,100,False,False,info,/home/meliani/nni-experiments,"['LSTM', 'GRU', 'CNN', 'RNN', 'TCN', 'Transformer', 'MLP']","[16, 32, 64, 128, 256]","[1, 2, 3, 4]","[0, 0.1, 0.2, 0.3, 0.5]","['relu', 'tanh', 'sigmoid', 'elu']","[1e-05, 0.01]","[2, 3, 4, 5, 6, 7, 8, 9, 10, 11, 12, 13, 14, 15, 16, 17, 18, 19, 20, 21, 22, 23, 24, 25, 26, 27, 28, 29, 30]","[16, 32, 64, 128]","[5, 10, 15, 20]","[2, 3, 5, 7]","[2, 4, 8]",random,minimize,local
xzyjq1eh,258,1813,1779265526419,,/home/meliani/nni-experiments/xzyjq1eh,75,exp_random_100_tt_only_tt_only,hpo,/home/meliani/Desktop/phd/fast-track/search_space.json,python3 trial.py --data ./tt_only.csv,/home/meliani/Desktop/phd/fast-track,1,360000s,100,False,False,info,/home/meliani/nni-experiments,"['LSTM', 'GRU', 'CNN', 'RNN', 'TCN', 'Transformer', 'MLP']","[16, 32, 64, 128, 256]","[1, 2, 3, 4]","[0, 0.1, 0.2, 0.3, 0.5]","['relu', 'tanh', 'sigmoid', 'elu']","[1e-05, 0.01]","[2, 3, 4, 5, 6, 7, 8, 9, 10, 11, 12, 13, 14, 15, 16, 17, 18, 19, 20, 21, 22, 23, 24, 25, 26, 27, 28, 29, 30]","[16, 32, 64, 128]","[5, 10, 15, 20]","[2, 3, 5, 7]","[2, 4, 8]",random,minimize,local
xzyjq1eh,259,1819,1779265526419,,/home/meliani/nni-experiments/xzyjq1eh,76,exp_random_100_tt_only_tt_only,hpo,/home/meliani/Desktop/phd/fast-track/search_space.json,python3 trial.py --data ./tt_only.csv,/home/meliani/Desktop/phd/fast-track,1,360000s,100,False,False,info,/home/meliani/nni-experiments,"['LSTM', 'GRU', 'CNN', 'RNN', 'TCN', 'Transformer', 'MLP']","[16, 32, 64, 128, 256]","[1, 2, 3, 4]","[0, 0.1, 0.2, 0.3, 0.5]","['relu', 'tanh', 'sigmoid', 'elu']","[1e-05, 0.01]","[2, 3, 4, 5, 6, 7, 8, 9, 10, 11, 12, 13, 14, 15, 16, 17, 18, 19, 20, 21, 22, 23, 24, 25, 26, 27, 28, 29, 30]","[16, 32, 64, 128]","[5, 10, 15, 20]","[2, 3, 5, 7]","[2, 4, 8]",random,minimize,local
xzyjq1eh,260,1820,1779265526419,,/home/meliani/nni-experiments/xzyjq1eh,76,exp_random_100_tt_only_tt_only,hpo,/home/meliani/Desktop/phd/fast-track/search_space.json,python3 trial.py --data ./tt_only.csv,/home/meliani/Desktop/phd/fast-track,1,360000s,100,False,False,info,/home/meliani/nni-experiments,"['LSTM', 'GRU', 'CNN', 'RNN', 'TCN', 'Transformer', 'MLP']","[16, 32, 64, 128, 256]","[1, 2, 3, 4]","[0, 0.1, 0.2, 0.3, 0.5]","['relu', 'tanh', 'sigmoid', 'elu']","[1e-05, 0.01]","[2, 3, 4, 5, 6, 7, 8, 9, 10, 11, 12, 13, 14, 15, 16, 17, 18, 19, 20, 21, 22, 23, 24, 25, 26, 27, 28, 29, 30]","[16, 32, 64, 128]","[5, 10, 15, 20]","[2, 3, 5, 7]","[2, 4, 8]",random,minimize,local
xzyjq1eh,261,1830,1779265526419,,/home/meliani/nni-experiments/xzyjq1eh,76,exp_random_100_tt_only_tt_only,hpo,/home/meliani/Desktop/phd/fast-track/search_space.json,python3 trial.py --data ./tt_only.csv,/home/meliani/Desktop/phd/fast-track,1,360000s,100,False,False,info,/home/meliani/nni-experiments,"['LSTM', 'GRU', 'CNN', 'RNN', 'TCN', 'Transformer', 'MLP']","[16, 32, 64, 128, 256]","[1, 2, 3, 4]","[0, 0.1, 0.2, 0.3, 0.5]","['relu', 'tanh', 'sigmoid', 'elu']","[1e-05, 0.01]","[2, 3, 4, 5, 6, 7, 8, 9, 10, 11, 12, 13, 14, 15, 16, 17, 18, 19, 20, 21, 22, 23, 24, 25, 26, 27, 28, 29, 30]","[16, 32, 64, 128]","[5, 10, 15, 20]","[2, 3, 5, 7]","[2, 4, 8]",random,minimize,local
xzyjq1eh,262,1840,1779265526419,,/home/meliani/nni-experiments/xzyjq1eh,77,exp_random_100_tt_only_tt_only,hpo,/home/meliani/Desktop/phd/fast-track/search_space.json,python3 trial.py --data ./tt_only.csv,/home/meliani/Desktop/phd/fast-track,1,360000s,100,False,False,info,/home/meliani/nni-experiments,"['LSTM', 'GRU', 'CNN', 'RNN', 'TCN', 'Transformer', 'MLP']","[16, 32, 64, 128, 256]","[1, 2, 3, 4]","[0, 0.1, 0.2, 0.3, 0.5]","['relu', 'tanh', 'sigmoid', 'elu']","[1e-05, 0.01]","[2, 3, 4, 5, 6, 7, 8, 9, 10, 11, 12, 13, 14, 15, 16, 17, 18, 19, 20, 21, 22, 23, 24, 25, 26, 27, 28, 29, 30]","[16, 32, 64, 128]","[5, 10, 15, 20]","[2, 3, 5, 7]","[2, 4, 8]",random,minimize,local
xzyjq1eh,263,1840,1779265526419,,/home/meliani/nni-experiments/xzyjq1eh,77,exp_random_100_tt_only_tt_only,hpo,/home/meliani/Desktop/phd/fast-track/search_space.json,python3 trial.py --data ./tt_only.csv,/home/meliani/Desktop/phd/fast-track,1,360000s,100,False,False,info,/home/meliani/nni-experiments,"['LSTM', 'GRU', 'CNN', 'RNN', 'TCN', 'Transformer', 'MLP']","[16, 32, 64, 128, 256]","[1, 2, 3, 4]","[0, 0.1, 0.2, 0.3, 0.5]","['relu', 'tanh', 'sigmoid', 'elu']","[1e-05, 0.01]","[2, 3, 4, 5, 6, 7, 8, 9, 10, 11, 12, 13, 14, 15, 16, 17, 18, 19, 20, 21, 22, 23, 24, 25, 26, 27, 28, 29, 30]","[16, 32, 64, 128]","[5, 10, 15, 20]","[2, 3, 5, 7]","[2, 4, 8]",random,minimize,local
xzyjq1eh,264,1845,1779265526419,,/home/meliani/nni-experiments/xzyjq1eh,78,exp_random_100_tt_only_tt_only,hpo,/home/meliani/Desktop/phd/fast-track/search_space.json,python3 trial.py --data ./tt_only.csv,/home/meliani/Desktop/phd/fast-track,1,360000s,100,False,False,info,/home/meliani/nni-experiments,"['LSTM', 'GRU', 'CNN', 'RNN', 'TCN', 'Transformer', 'MLP']","[16, 32, 64, 128, 256]","[1, 2, 3, 4]","[0, 0.1, 0.2, 0.3, 0.5]","['relu', 'tanh', 'sigmoid', 'elu']","[1e-05, 0.01]","[2, 3, 4, 5, 6, 7, 8, 9, 10, 11, 12, 13, 14, 15, 16, 17, 18, 19, 20, 21, 22, 23, 24, 25, 26, 27, 28, 29, 30]","[16, 32, 64, 128]","[5, 10, 15, 20]","[2, 3, 5, 7]","[2, 4, 8]",random,minimize,local
xzyjq1eh,265,1850,1779265526419,,/home/meliani/nni-experiments/xzyjq1eh,78,exp_random_100_tt_only_tt_only,hpo,/home/meliani/Desktop/phd/fast-track/search_space.json,python3 trial.py --data ./tt_only.csv,/home/meliani/Desktop/phd/fast-track,1,360000s,100,False,False,info,/home/meliani/nni-experiments,"['LSTM', 'GRU', 'CNN', 'RNN', 'TCN', 'Transformer', 'MLP']","[16, 32, 64, 128, 256]","[1, 2, 3, 4]","[0, 0.1, 0.2, 0.3, 0.5]","['relu', 'tanh', 'sigmoid', 'elu']","[1e-05, 0.01]","[2, 3, 4, 5, 6, 7, 8, 9, 10, 11, 12, 13, 14, 15, 16, 17, 18, 19, 20, 21, 22, 23, 24, 25, 26, 27, 28, 29, 30]","[16, 32, 64, 128]","[5, 10, 15, 20]","[2, 3, 5, 7]","[2, 4, 8]",random,minimize,local
xzyjq1eh,266,1851,1779265526419,,/home/meliani/nni-experiments/xzyjq1eh,79,exp_random_100_tt_only_tt_only,hpo,/home/meliani/Desktop/phd/fast-track/search_space.json,python3 trial.py --data ./tt_only.csv,/home/meliani/Desktop/phd/fast-track,1,360000s,100,False,False,info,/home/meliani/nni-experiments,"['LSTM', 'GRU', 'CNN', 'RNN', 'TCN', 'Transformer', 'MLP']","[16, 32, 64, 128, 256]","[1, 2, 3, 4]","[0, 0.1, 0.2, 0.3, 0.5]","['relu', 'tanh', 'sigmoid', 'elu']","[1e-05, 0.01]","[2, 3, 4, 5, 6, 7, 8, 9, 10, 11, 12, 13, 14, 15, 16, 17, 18, 19, 20, 21, 22, 23, 24, 25, 26, 27, 28, 29, 30]","[16, 32, 64, 128]","[5, 10, 15, 20]","[2, 3, 5, 7]","[2, 4, 8]",random,minimize,local
xzyjq1eh,267,1855,1779265526419,,/home/meliani/nni-experiments/xzyjq1eh,80,exp_random_100_tt_only_tt_only,hpo,/home/meliani/Desktop/phd/fast-track/search_space.json,python3 trial.py --data ./tt_only.csv,/home/meliani/Desktop/phd/fast-track,1,360000s,100,False,False,info,/home/meliani/nni-experiments,"['LSTM', 'GRU', 'CNN', 'RNN', 'TCN', 'Transformer', 'MLP']","[16, 32, 64, 128, 256]","[1, 2, 3, 4]","[0, 0.1, 0.2, 0.3, 0.5]","['relu', 'tanh', 'sigmoid', 'elu']","[1e-05, 0.01]","[2, 3, 4, 5, 6, 7, 8, 9, 10, 11, 12, 13, 14, 15, 16, 17, 18, 19, 20, 21, 22, 23, 24, 25, 26, 27, 28, 29, 30]","[16, 32, 64, 128]","[5, 10, 15, 20]","[2, 3, 5, 7]","[2, 4, 8]",random,minimize,local
xzyjq1eh,268,1860,1779265526419,,/home/meliani/nni-experiments/xzyjq1eh,80,exp_random_100_tt_only_tt_only,hpo,/home/meliani/Desktop/phd/fast-track/search_space.json,python3 trial.py --data ./tt_only.csv,/home/meliani/Desktop/phd/fast-track,1,360000s,100,False,False,info,/home/meliani/nni-experiments,"['LSTM', 'GRU', 'CNN', 'RNN', 'TCN', 'Transformer', 'MLP']","[16, 32, 64, 128, 256]","[1, 2, 3, 4]","[0, 0.1, 0.2, 0.3, 0.5]","['relu', 'tanh', 'sigmoid', 'elu']","[1e-05, 0.01]","[2, 3, 4, 5, 6, 7, 8, 9, 10, 11, 12, 13, 14, 15, 16, 17, 18, 19, 20, 21, 22, 23, 24, 25, 26, 27, 28, 29, 30]","[16, 32, 64, 128]","[5, 10, 15, 20]","[2, 3, 5, 7]","[2, 4, 8]",random,minimize,local
xzyjq1eh,269,1870,1779265526419,,/home/meliani/nni-experiments/xzyjq1eh,80,exp_random_100_tt_only_tt_only,hpo,/home/meliani/Desktop/phd/fast-track/search_space.json,python3 trial.py --data ./tt_only.csv,/home/meliani/Desktop/phd/fast-track,1,360000s,100,False,False,info,/home/meliani/nni-experiments,"['LSTM', 'GRU', 'CNN', 'RNN', 'TCN', 'Transformer', 'MLP']","[16, 32, 64, 128, 256]","[1, 2, 3, 4]","[0, 0.1, 0.2, 0.3, 0.5]","['relu', 'tanh', 'sigmoid', 'elu']","[1e-05, 0.01]","[2, 3, 4, 5, 6, 7, 8, 9, 10, 11, 12, 13, 14, 15, 16, 17, 18, 19, 20, 21, 22, 23, 24, 25, 26, 27, 28, 29, 30]","[16, 32, 64, 128]","[5, 10, 15, 20]","[2, 3, 5, 7]","[2, 4, 8]",random,minimize,local
xzyjq1eh,270,1877,1779265526419,,/home/meliani/nni-experiments/xzyjq1eh,81,exp_random_100_tt_only_tt_only,hpo,/home/meliani/Desktop/phd/fast-track/search_space.json,python3 trial.py --data ./tt_only.csv,/home/meliani/Desktop/phd/fast-track,1,360000s,100,False,False,info,/home/meliani/nni-experiments,"['LSTM', 'GRU', 'CNN', 'RNN', 'TCN', 'Transformer', 'MLP']","[16, 32, 64, 128, 256]","[1, 2, 3, 4]","[0, 0.1, 0.2, 0.3, 0.5]","['relu', 'tanh', 'sigmoid', 'elu']","[1e-05, 0.01]","[2, 3, 4, 5, 6, 7, 8, 9, 10, 11, 12, 13, 14, 15, 16, 17, 18, 19, 20, 21, 22, 23, 24, 25, 26, 27, 28, 29, 30]","[16, 32, 64, 128]","[5, 10, 15, 20]","[2, 3, 5, 7]","[2, 4, 8]",random,minimize,local
xzyjq1eh,271,1880,1779265526419,,/home/meliani/nni-experiments/xzyjq1eh,81,exp_random_100_tt_only_tt_only,hpo,/home/meliani/Desktop/phd/fast-track/search_space.json,python3 trial.py --data ./tt_only.csv,/home/meliani/Desktop/phd/fast-track,1,360000s,100,False,False,info,/home/meliani/nni-experiments,"['LSTM', 'GRU', 'CNN', 'RNN', 'TCN', 'Transformer', 'MLP']","[16, 32, 64, 128, 256]","[1, 2, 3, 4]","[0, 0.1, 0.2, 0.3, 0.5]","['relu', 'tanh', 'sigmoid', 'elu']","[1e-05, 0.01]","[2, 3, 4, 5, 6, 7, 8, 9, 10, 11, 12, 13, 14, 15, 16, 17, 18, 19, 20, 21, 22, 23, 24, 25, 26, 27, 28, 29, 30]","[16, 32, 64, 128]","[5, 10, 15, 20]","[2, 3, 5, 7]","[2, 4, 8]",random,minimize,local
xzyjq1eh,272,1890,1779265526419,,/home/meliani/nni-experiments/xzyjq1eh,81,exp_random_100_tt_only_tt_only,hpo,/home/meliani/Desktop/phd/fast-track/search_space.json,python3 trial.py --data ./tt_only.csv,/home/meliani/Desktop/phd/fast-track,1,360000s,100,False,False,info,/home/meliani/nni-experiments,"['LSTM', 'GRU', 'CNN', 'RNN', 'TCN', 'Transformer', 'MLP']","[16, 32, 64, 128, 256]","[1, 2, 3, 4]","[0, 0.1, 0.2, 0.3, 0.5]","['relu', 'tanh', 'sigmoid', 'elu']","[1e-05, 0.01]","[2, 3, 4, 5, 6, 7, 8, 9, 10, 11, 12, 13, 14, 15, 16, 17, 18, 19, 20, 21, 22, 23, 24, 25, 26, 27, 28, 29, 30]","[16, 32, 64, 128]","[5, 10, 15, 20]","[2, 3, 5, 7]","[2, 4, 8]",random,minimize,local
xzyjq1eh,273,1900,1779265526419,,/home/meliani/nni-experiments/xzyjq1eh,81,exp_random_100_tt_only_tt_only,hpo,/home/meliani/Desktop/phd/fast-track/search_space.json,python3 trial.py --data ./tt_only.csv,/home/meliani/Desktop/phd/fast-track,1,360000s,100,False,False,info,/home/meliani/nni-experiments,"['LSTM', 'GRU', 'CNN', 'RNN', 'TCN', 'Transformer', 'MLP']","[16, 32, 64, 128, 256]","[1, 2, 3, 4]","[0, 0.1, 0.2, 0.3, 0.5]","['relu', 'tanh', 'sigmoid', 'elu']","[1e-05, 0.01]","[2, 3, 4, 5, 6, 7, 8, 9, 10, 11, 12, 13, 14, 15, 16, 17, 18, 19, 20, 21, 22, 23, 24, 25, 26, 27, 28, 29, 30]","[16, 32, 64, 128]","[5, 10, 15, 20]","[2, 3, 5, 7]","[2, 4, 8]",random,minimize,local
xzyjq1eh,274,1902,1779265526419,,/home/meliani/nni-experiments/xzyjq1eh,82,exp_random_100_tt_only_tt_only,hpo,/home/meliani/Desktop/phd/fast-track/search_space.json,python3 trial.py --data ./tt_only.csv,/home/meliani/Desktop/phd/fast-track,1,360000s,100,False,False,info,/home/meliani/nni-experiments,"['LSTM', 'GRU', 'CNN', 'RNN', 'TCN', 'Transformer', 'MLP']","[16, 32, 64, 128, 256]","[1, 2, 3, 4]","[0, 0.1, 0.2, 0.3, 0.5]","['relu', 'tanh', 'sigmoid', 'elu']","[1e-05, 0.01]","[2, 3, 4, 5, 6, 7, 8, 9, 10, 11, 12, 13, 14, 15, 16, 17, 18, 19, 20, 21, 22, 23, 24, 25, 26, 27, 28, 29, 30]","[16, 32, 64, 128]","[5, 10, 15, 20]","[2, 3, 5, 7]","[2, 4, 8]",random,minimize,local
xzyjq1eh,275,1910,1779265526419,,/home/meliani/nni-experiments/xzyjq1eh,82,exp_random_100_tt_only_tt_only,hpo,/home/meliani/Desktop/phd/fast-track/search_space.json,python3 trial.py --data ./tt_only.csv,/home/meliani/Desktop/phd/fast-track,1,360000s,100,False,False,info,/home/meliani/nni-experiments,"['LSTM', 'GRU', 'CNN', 'RNN', 'TCN', 'Transformer', 'MLP']","[16, 32, 64, 128, 256]","[1, 2, 3, 4]","[0, 0.1, 0.2, 0.3, 0.5]","['relu', 'tanh', 'sigmoid', 'elu']","[1e-05, 0.01]","[2, 3, 4, 5, 6, 7, 8, 9, 10, 11, 12, 13, 14, 15, 16, 17, 18, 19, 20, 21, 22, 23, 24, 25, 26, 27, 28, 29, 30]","[16, 32, 64, 128]","[5, 10, 15, 20]","[2, 3, 5, 7]","[2, 4, 8]",random,minimize,local
xzyjq1eh,276,1920,1779265526419,,/home/meliani/nni-experiments/xzyjq1eh,82,exp_random_100_tt_only_tt_only,hpo,/home/meliani/Desktop/phd/fast-track/search_space.json,python3 trial.py --data ./tt_only.csv,/home/meliani/Desktop/phd/fast-track,1,360000s,100,False,False,info,/home/meliani/nni-experiments,"['LSTM', 'GRU', 'CNN', 'RNN', 'TCN', 'Transformer', 'MLP']","[16, 32, 64, 128, 256]","[1, 2, 3, 4]","[0, 0.1, 0.2, 0.3, 0.5]","['relu', 'tanh', 'sigmoid', 'elu']","[1e-05, 0.01]","[2, 3, 4, 5, 6, 7, 8, 9, 10, 11, 12, 13, 14, 15, 16, 17, 18, 19, 20, 21, 22, 23, 24, 25, 26, 27, 28, 29, 30]","[16, 32, 64, 128]","[5, 10, 15, 20]","[2, 3, 5, 7]","[2, 4, 8]",random,minimize,local
xzyjq1eh,277,1922,1779265526419,,/home/meliani/nni-experiments/xzyjq1eh,83,exp_random_100_tt_only_tt_only,hpo,/home/meliani/Desktop/phd/fast-track/search_space.json,python3 trial.py --data ./tt_only.csv,/home/meliani/Desktop/phd/fast-track,1,360000s,100,False,False,info,/home/meliani/nni-experiments,"['LSTM', 'GRU', 'CNN', 'RNN', 'TCN', 'Transformer', 'MLP']","[16, 32, 64, 128, 256]","[1, 2, 3, 4]","[0, 0.1, 0.2, 0.3, 0.5]","['relu', 'tanh', 'sigmoid', 'elu']","[1e-05, 0.01]","[2, 3, 4, 5, 6, 7, 8, 9, 10, 11, 12, 13, 14, 15, 16, 17, 18, 19, 20, 21, 22, 23, 24, 25, 26, 27, 28, 29, 30]","[16, 32, 64, 128]","[5, 10, 15, 20]","[2, 3, 5, 7]","[2, 4, 8]",random,minimize,local
xzyjq1eh,278,1930,1779265526419,,/home/meliani/nni-experiments/xzyjq1eh,83,exp_random_100_tt_only_tt_only,hpo,/home/meliani/Desktop/phd/fast-track/search_space.json,python3 trial.py --data ./tt_only.csv,/home/meliani/Desktop/phd/fast-track,1,360000s,100,False,False,info,/home/meliani/nni-experiments,"['LSTM', 'GRU', 'CNN', 'RNN', 'TCN', 'Transformer', 'MLP']","[16, 32, 64, 128, 256]","[1, 2, 3, 4]","[0, 0.1, 0.2, 0.3, 0.5]","['relu', 'tanh', 'sigmoid', 'elu']","[1e-05, 0.01]","[2, 3, 4, 5, 6, 7, 8, 9, 10, 11, 12, 13, 14, 15, 16, 17, 18, 19, 20, 21, 22, 23, 24, 25, 26, 27, 28, 29, 30]","[16, 32, 64, 128]","[5, 10, 15, 20]","[2, 3, 5, 7]","[2, 4, 8]",random,minimize,local
xzyjq1eh,279,1930,1779265526419,,/home/meliani/nni-experiments/xzyjq1eh,84,exp_random_100_tt_only_tt_only,hpo,/home/meliani/Desktop/phd/fast-track/search_space.json,python3 trial.py --data ./tt_only.csv,/home/meliani/Desktop/phd/fast-track,1,360000s,100,False,False,info,/home/meliani/nni-experiments,"['LSTM', 'GRU', 'CNN', 'RNN', 'TCN', 'Transformer', 'MLP']","[16, 32, 64, 128, 256]","[1, 2, 3, 4]","[0, 0.1, 0.2, 0.3, 0.5]","['relu', 'tanh', 'sigmoid', 'elu']","[1e-05, 0.01]","[2, 3, 4, 5, 6, 7, 8, 9, 10, 11, 12, 13, 14, 15, 16, 17, 18, 19, 20, 21, 22, 23, 24, 25, 26, 27, 28, 29, 30]","[16, 32, 64, 128]","[5, 10, 15, 20]","[2, 3, 5, 7]","[2, 4, 8]",random,minimize,local
xzyjq1eh,280,1940,1779265526419,,/home/meliani/nni-experiments/xzyjq1eh,84,exp_random_100_tt_only_tt_only,hpo,/home/meliani/Desktop/phd/fast-track/search_space.json,python3 trial.py --data ./tt_only.csv,/home/meliani/Desktop/phd/fast-track,1,360000s,100,False,False,info,/home/meliani/nni-experiments,"['LSTM', 'GRU', 'CNN', 'RNN', 'TCN', 'Transformer', 'MLP']","[16, 32, 64, 128, 256]","[1, 2, 3, 4]","[0, 0.1, 0.2, 0.3, 0.5]","['relu', 'tanh', 'sigmoid', 'elu']","[1e-05, 0.01]","[2, 3, 4, 5, 6, 7, 8, 9, 10, 11, 12, 13, 14, 15, 16, 17, 18, 19, 20, 21, 22, 23, 24, 25, 26, 27, 28, 29, 30]","[16, 32, 64, 128]","[5, 10, 15, 20]","[2, 3, 5, 7]","[2, 4, 8]",random,minimize,local
xzyjq1eh,281,1950,1779265526419,,/home/meliani/nni-experiments/xzyjq1eh,84,exp_random_100_tt_only_tt_only,hpo,/home/meliani/Desktop/phd/fast-track/search_space.json,python3 trial.py --data ./tt_only.csv,/home/meliani/Desktop/phd/fast-track,1,360000s,100,False,False,info,/home/meliani/nni-experiments,"['LSTM', 'GRU', 'CNN', 'RNN', 'TCN', 'Transformer', 'MLP']","[16, 32, 64, 128, 256]","[1, 2, 3, 4]","[0, 0.1, 0.2, 0.3, 0.5]","['relu', 'tanh', 'sigmoid', 'elu']","[1e-05, 0.01]","[2, 3, 4, 5, 6, 7, 8, 9, 10, 11, 12, 13, 14, 15, 16, 17, 18, 19, 20, 21, 22, 23, 24, 25, 26, 27, 28, 29, 30]","[16, 32, 64, 128]","[5, 10, 15, 20]","[2, 3, 5, 7]","[2, 4, 8]",random,minimize,local
xzyjq1eh,282,1960,1779265526419,,/home/meliani/nni-experiments/xzyjq1eh,84,exp_random_100_tt_only_tt_only,hpo,/home/meliani/Desktop/phd/fast-track/search_space.json,python3 trial.py --data ./tt_only.csv,/home/meliani/Desktop/phd/fast-track,1,360000s,100,False,False,info,/home/meliani/nni-experiments,"['LSTM', 'GRU', 'CNN', 'RNN', 'TCN', 'Transformer', 'MLP']","[16, 32, 64, 128, 256]","[1, 2, 3, 4]","[0, 0.1, 0.2, 0.3, 0.5]","['relu', 'tanh', 'sigmoid', 'elu']","[1e-05, 0.01]","[2, 3, 4, 5, 6, 7, 8, 9, 10, 11, 12, 13, 14, 15, 16, 17, 18, 19, 20, 21, 22, 23, 24, 25, 26, 27, 28, 29, 30]","[16, 32, 64, 128]","[5, 10, 15, 20]","[2, 3, 5, 7]","[2, 4, 8]",random,minimize,local
xzyjq1eh,283,1970,1779265526419,,/home/meliani/nni-experiments/xzyjq1eh,84,exp_random_100_tt_only_tt_only,hpo,/home/meliani/Desktop/phd/fast-track/search_space.json,python3 trial.py --data ./tt_only.csv,/home/meliani/Desktop/phd/fast-track,1,360000s,100,False,False,info,/home/meliani/nni-experiments,"['LSTM', 'GRU', 'CNN', 'RNN', 'TCN', 'Transformer', 'MLP']","[16, 32, 64, 128, 256]","[1, 2, 3, 4]","[0, 0.1, 0.2, 0.3, 0.5]","['relu', 'tanh', 'sigmoid', 'elu']","[1e-05, 0.01]","[2, 3, 4, 5, 6, 7, 8, 9, 10, 11, 12, 13, 14, 15, 16, 17, 18, 19, 20, 21, 22, 23, 24, 25, 26, 27, 28, 29, 30]","[16, 32, 64, 128]","[5, 10, 15, 20]","[2, 3, 5, 7]","[2, 4, 8]",random,minimize,local
xzyjq1eh,284,1972,1779265526419,,/home/meliani/nni-experiments/xzyjq1eh,85,exp_random_100_tt_only_tt_only,hpo,/home/meliani/Desktop/phd/fast-track/search_space.json,python3 trial.py --data ./tt_only.csv,/home/meliani/Desktop/phd/fast-track,1,360000s,100,False,False,info,/home/meliani/nni-experiments,"['LSTM', 'GRU', 'CNN', 'RNN', 'TCN', 'Transformer', 'MLP']","[16, 32, 64, 128, 256]","[1, 2, 3, 4]","[0, 0.1, 0.2, 0.3, 0.5]","['relu', 'tanh', 'sigmoid', 'elu']","[1e-05, 0.01]","[2, 3, 4, 5, 6, 7, 8, 9, 10, 11, 12, 13, 14, 15, 16, 17, 18, 19, 20, 21, 22, 23, 24, 25, 26, 27, 28, 29, 30]","[16, 32, 64, 128]","[5, 10, 15, 20]","[2, 3, 5, 7]","[2, 4, 8]",random,minimize,local
xzyjq1eh,285,1980,1779265526419,,/home/meliani/nni-experiments/xzyjq1eh,85,exp_random_100_tt_only_tt_only,hpo,/home/meliani/Desktop/phd/fast-track/search_space.json,python3 trial.py --data ./tt_only.csv,/home/meliani/Desktop/phd/fast-track,1,360000s,100,False,False,info,/home/meliani/nni-experiments,"['LSTM', 'GRU', 'CNN', 'RNN', 'TCN', 'Transformer', 'MLP']","[16, 32, 64, 128, 256]","[1, 2, 3, 4]","[0, 0.1, 0.2, 0.3, 0.5]","['relu', 'tanh', 'sigmoid', 'elu']","[1e-05, 0.01]","[2, 3, 4, 5, 6, 7, 8, 9, 10, 11, 12, 13, 14, 15, 16, 17, 18, 19, 20, 21, 22, 23, 24, 25, 26, 27, 28, 29, 30]","[16, 32, 64, 128]","[5, 10, 15, 20]","[2, 3, 5, 7]","[2, 4, 8]",random,minimize,local
xzyjq1eh,286,1990,1779265526419,,/home/meliani/nni-experiments/xzyjq1eh,85,exp_random_100_tt_only_tt_only,hpo,/home/meliani/Desktop/phd/fast-track/search_space.json,python3 trial.py --data ./tt_only.csv,/home/meliani/Desktop/phd/fast-track,1,360000s,100,False,False,info,/home/meliani/nni-experiments,"['LSTM', 'GRU', 'CNN', 'RNN', 'TCN', 'Transformer', 'MLP']","[16, 32, 64, 128, 256]","[1, 2, 3, 4]","[0, 0.1, 0.2, 0.3, 0.5]","['relu', 'tanh', 'sigmoid', 'elu']","[1e-05, 0.01]","[2, 3, 4, 5, 6, 7, 8, 9, 10, 11, 12, 13, 14, 15, 16, 17, 18, 19, 20, 21, 22, 23, 24, 25, 26, 27, 28, 29, 30]","[16, 32, 64, 128]","[5, 10, 15, 20]","[2, 3, 5, 7]","[2, 4, 8]",random,minimize,local
xzyjq1eh,287,2000,1779265526419,,/home/meliani/nni-experiments/xzyjq1eh,85,exp_random_100_tt_only_tt_only,hpo,/home/meliani/Desktop/phd/fast-track/search_space.json,python3 trial.py --data ./tt_only.csv,/home/meliani/Desktop/phd/fast-track,1,360000s,100,False,False,info,/home/meliani/nni-experiments,"['LSTM', 'GRU', 'CNN', 'RNN', 'TCN', 'Transformer', 'MLP']","[16, 32, 64, 128, 256]","[1, 2, 3, 4]","[0, 0.1, 0.2, 0.3, 0.5]","['relu', 'tanh', 'sigmoid', 'elu']","[1e-05, 0.01]","[2, 3, 4, 5, 6, 7, 8, 9, 10, 11, 12, 13, 14, 15, 16, 17, 18, 19, 20, 21, 22, 23, 24, 25, 26, 27, 28, 29, 30]","[16, 32, 64, 128]","[5, 10, 15, 20]","[2, 3, 5, 7]","[2, 4, 8]",random,minimize,local
xzyjq1eh,288,2006,1779265526419,,/home/meliani/nni-experiments/xzyjq1eh,86,exp_random_100_tt_only_tt_only,hpo,/home/meliani/Desktop/phd/fast-track/search_space.json,python3 trial.py --data ./tt_only.csv,/home/meliani/Desktop/phd/fast-track,1,360000s,100,False,False,info,/home/meliani/nni-experiments,"['LSTM', 'GRU', 'CNN', 'RNN', 'TCN', 'Transformer', 'MLP']","[16, 32, 64, 128, 256]","[1, 2, 3, 4]","[0, 0.1, 0.2, 0.3, 0.5]","['relu', 'tanh', 'sigmoid', 'elu']","[1e-05, 0.01]","[2, 3, 4, 5, 6, 7, 8, 9, 10, 11, 12, 13, 14, 15, 16, 17, 18, 19, 20, 21, 22, 23, 24, 25, 26, 27, 28, 29, 30]","[16, 32, 64, 128]","[5, 10, 15, 20]","[2, 3, 5, 7]","[2, 4, 8]",random,minimize,local
xzyjq1eh,289,2010,1779265526419,,/home/meliani/nni-experiments/xzyjq1eh,86,exp_random_100_tt_only_tt_only,hpo,/home/meliani/Desktop/phd/fast-track/search_space.json,python3 trial.py --data ./tt_only.csv,/home/meliani/Desktop/phd/fast-track,1,360000s,100,False,False,info,/home/meliani/nni-experiments,"['LSTM', 'GRU', 'CNN', 'RNN', 'TCN', 'Transformer', 'MLP']","[16, 32, 64, 128, 256]","[1, 2, 3, 4]","[0, 0.1, 0.2, 0.3, 0.5]","['relu', 'tanh', 'sigmoid', 'elu']","[1e-05, 0.01]","[2, 3, 4, 5, 6, 7, 8, 9, 10, 11, 12, 13, 14, 15, 16, 17, 18, 19, 20, 21, 22, 23, 24, 25, 26, 27, 28, 29, 30]","[16, 32, 64, 128]","[5, 10, 15, 20]","[2, 3, 5, 7]","[2, 4, 8]",random,minimize,local
xzyjq1eh,290,2020,1779265526419,,/home/meliani/nni-experiments/xzyjq1eh,86,exp_random_100_tt_only_tt_only,hpo,/home/meliani/Desktop/phd/fast-track/search_space.json,python3 trial.py --data ./tt_only.csv,/home/meliani/Desktop/phd/fast-track,1,360000s,100,False,False,info,/home/meliani/nni-experiments,"['LSTM', 'GRU', 'CNN', 'RNN', 'TCN', 'Transformer', 'MLP']","[16, 32, 64, 128, 256]","[1, 2, 3, 4]","[0, 0.1, 0.2, 0.3, 0.5]","['relu', 'tanh', 'sigmoid', 'elu']","[1e-05, 0.01]","[2, 3, 4, 5, 6, 7, 8, 9, 10, 11, 12, 13, 14, 15, 16, 17, 18, 19, 20, 21, 22, 23, 24, 25, 26, 27, 28, 29, 30]","[16, 32, 64, 128]","[5, 10, 15, 20]","[2, 3, 5, 7]","[2, 4, 8]",random,minimize,local
xzyjq1eh,291,2030,1779265526419,,/home/meliani/nni-experiments/xzyjq1eh,86,exp_random_100_tt_only_tt_only,hpo,/home/meliani/Desktop/phd/fast-track/search_space.json,python3 trial.py --data ./tt_only.csv,/home/meliani/Desktop/phd/fast-track,1,360000s,100,False,False,info,/home/meliani/nni-experiments,"['LSTM', 'GRU', 'CNN', 'RNN', 'TCN', 'Transformer', 'MLP']","[16, 32, 64, 128, 256]","[1, 2, 3, 4]","[0, 0.1, 0.2, 0.3, 0.5]","['relu', 'tanh', 'sigmoid', 'elu']","[1e-05, 0.01]","[2, 3, 4, 5, 6, 7, 8, 9, 10, 11, 12, 13, 14, 15, 16, 17, 18, 19, 20, 21, 22, 23, 24, 25, 26, 27, 28, 29, 30]","[16, 32, 64, 128]","[5, 10, 15, 20]","[2, 3, 5, 7]","[2, 4, 8]",random,minimize,local
xzyjq1eh,292,2040,1779265526419,,/home/meliani/nni-experiments/xzyjq1eh,86,exp_random_100_tt_only_tt_only,hpo,/home/meliani/Desktop/phd/fast-track/search_space.json,python3 trial.py --data ./tt_only.csv,/home/meliani/Desktop/phd/fast-track,1,360000s,100,False,False,info,/home/meliani/nni-experiments,"['LSTM', 'GRU', 'CNN', 'RNN', 'TCN', 'Transformer', 'MLP']","[16, 32, 64, 128, 256]","[1, 2, 3, 4]","[0, 0.1, 0.2, 0.3, 0.5]","['relu', 'tanh', 'sigmoid', 'elu']","[1e-05, 0.01]","[2, 3, 4, 5, 6, 7, 8, 9, 10, 11, 12, 13, 14, 15, 16, 17, 18, 19, 20, 21, 22, 23, 24, 25, 26, 27, 28, 29, 30]","[16, 32, 64, 128]","[5, 10, 15, 20]","[2, 3, 5, 7]","[2, 4, 8]",random,minimize,local
xzyjq1eh,293,2050,1779265526419,,/home/meliani/nni-experiments/xzyjq1eh,86,exp_random_100_tt_only_tt_only,hpo,/home/meliani/Desktop/phd/fast-track/search_space.json,python3 trial.py --data ./tt_only.csv,/home/meliani/Desktop/phd/fast-track,1,360000s,100,False,False,info,/home/meliani/nni-experiments,"['LSTM', 'GRU', 'CNN', 'RNN', 'TCN', 'Transformer', 'MLP']","[16, 32, 64, 128, 256]","[1, 2, 3, 4]","[0, 0.1, 0.2, 0.3, 0.5]","['relu', 'tanh', 'sigmoid', 'elu']","[1e-05, 0.01]","[2, 3, 4, 5, 6, 7, 8, 9, 10, 11, 12, 13, 14, 15, 16, 17, 18, 19, 20, 21, 22, 23, 24, 25, 26, 27, 28, 29, 30]","[16, 32, 64, 128]","[5, 10, 15, 20]","[2, 3, 5, 7]","[2, 4, 8]",random,minimize,local
xzyjq1eh,294,2060,1779265526419,,/home/meliani/nni-experiments/xzyjq1eh,86,exp_random_100_tt_only_tt_only,hpo,/home/meliani/Desktop/phd/fast-track/search_space.json,python3 trial.py --data ./tt_only.csv,/home/meliani/Desktop/phd/fast-track,1,360000s,100,False,False,info,/home/meliani/nni-experiments,"['LSTM', 'GRU', 'CNN', 'RNN', 'TCN', 'Transformer', 'MLP']","[16, 32, 64, 128, 256]","[1, 2, 3, 4]","[0, 0.1, 0.2, 0.3, 0.5]","['relu', 'tanh', 'sigmoid', 'elu']","[1e-05, 0.01]","[2, 3, 4, 5, 6, 7, 8, 9, 10, 11, 12, 13, 14, 15, 16, 17, 18, 19, 20, 21, 22, 23, 24, 25, 26, 27, 28, 29, 30]","[16, 32, 64, 128]","[5, 10, 15, 20]","[2, 3, 5, 7]","[2, 4, 8]",random,minimize,local
xzyjq1eh,295,2070,1779265526419,,/home/meliani/nni-experiments/xzyjq1eh,86,exp_random_100_tt_only_tt_only,hpo,/home/meliani/Desktop/phd/fast-track/search_space.json,python3 trial.py --data ./tt_only.csv,/home/meliani/Desktop/phd/fast-track,1,360000s,100,False,False,info,/home/meliani/nni-experiments,"['LSTM', 'GRU', 'CNN', 'RNN', 'TCN', 'Transformer', 'MLP']","[16, 32, 64, 128, 256]","[1, 2, 3, 4]","[0, 0.1, 0.2, 0.3, 0.5]","['relu', 'tanh', 'sigmoid', 'elu']","[1e-05, 0.01]","[2, 3, 4, 5, 6, 7, 8, 9, 10, 11, 12, 13, 14, 15, 16, 17, 18, 19, 20, 21, 22, 23, 24, 25, 26, 27, 28, 29, 30]","[16, 32, 64, 128]","[5, 10, 15, 20]","[2, 3, 5, 7]","[2, 4, 8]",random,minimize,local
xzyjq1eh,296,2074,1779265526419,,/home/meliani/nni-experiments/xzyjq1eh,87,exp_random_100_tt_only_tt_only,hpo,/home/meliani/Desktop/phd/fast-track/search_space.json,python3 trial.py --data ./tt_only.csv,/home/meliani/Desktop/phd/fast-track,1,360000s,100,False,False,info,/home/meliani/nni-experiments,"['LSTM', 'GRU', 'CNN', 'RNN', 'TCN', 'Transformer', 'MLP']","[16, 32, 64, 128, 256]","[1, 2, 3, 4]","[0, 0.1, 0.2, 0.3, 0.5]","['relu', 'tanh', 'sigmoid', 'elu']","[1e-05, 0.01]","[2, 3, 4, 5, 6, 7, 8, 9, 10, 11, 12, 13, 14, 15, 16, 17, 18, 19, 20, 21, 22, 23, 24, 25, 26, 27, 28, 29, 30]","[16, 32, 64, 128]","[5, 10, 15, 20]","[2, 3, 5, 7]","[2, 4, 8]",random,minimize,local
xzyjq1eh,297,2080,1779265526419,,/home/meliani/nni-experiments/xzyjq1eh,87,exp_random_100_tt_only_tt_only,hpo,/home/meliani/Desktop/phd/fast-track/search_space.json,python3 trial.py --data ./tt_only.csv,/home/meliani/Desktop/phd/fast-track,1,360000s,100,False,False,info,/home/meliani/nni-experiments,"['LSTM', 'GRU', 'CNN', 'RNN', 'TCN', 'Transformer', 'MLP']","[16, 32, 64, 128, 256]","[1, 2, 3, 4]","[0, 0.1, 0.2, 0.3, 0.5]","['relu', 'tanh', 'sigmoid', 'elu']","[1e-05, 0.01]","[2, 3, 4, 5, 6, 7, 8, 9, 10, 11, 12, 13, 14, 15, 16, 17, 18, 19, 20, 21, 22, 23, 24, 25, 26, 27, 28, 29, 30]","[16, 32, 64, 128]","[5, 10, 15, 20]","[2, 3, 5, 7]","[2, 4, 8]",random,minimize,local
xzyjq1eh,298,2083,1779265526419,,/home/meliani/nni-experiments/xzyjq1eh,88,exp_random_100_tt_only_tt_only,hpo,/home/meliani/Desktop/phd/fast-track/search_space.json,python3 trial.py --data ./tt_only.csv,/home/meliani/Desktop/phd/fast-track,1,360000s,100,False,False,info,/home/meliani/nni-experiments,"['LSTM', 'GRU', 'CNN', 'RNN', 'TCN', 'Transformer', 'MLP']","[16, 32, 64, 128, 256]","[1, 2, 3, 4]","[0, 0.1, 0.2, 0.3, 0.5]","['relu', 'tanh', 'sigmoid', 'elu']","[1e-05, 0.01]","[2, 3, 4, 5, 6, 7, 8, 9, 10, 11, 12, 13, 14, 15, 16, 17, 18, 19, 20, 21, 22, 23, 24, 25, 26, 27, 28, 29, 30]","[16, 32, 64, 128]","[5, 10, 15, 20]","[2, 3, 5, 7]","[2, 4, 8]",random,minimize,local
xzyjq1eh,299,2090,1779265526419,,/home/meliani/nni-experiments/xzyjq1eh,88,exp_random_100_tt_only_tt_only,hpo,/home/meliani/Desktop/phd/fast-track/search_space.json,python3 trial.py --data ./tt_only.csv,/home/meliani/Desktop/phd/fast-track,1,360000s,100,False,False,info,/home/meliani/nni-experiments,"['LSTM', 'GRU', 'CNN', 'RNN', 'TCN', 'Transformer', 'MLP']","[16, 32, 64, 128, 256]","[1, 2, 3, 4]","[0, 0.1, 0.2, 0.3, 0.5]","['relu', 'tanh', 'sigmoid', 'elu']","[1e-05, 0.01]","[2, 3, 4, 5, 6, 7, 8, 9, 10, 11, 12, 13, 14, 15, 16, 17, 18, 19, 20, 21, 22, 23, 24, 25, 26, 27, 28, 29, 30]","[16, 32, 64, 128]","[5, 10, 15, 20]","[2, 3, 5, 7]","[2, 4, 8]",random,minimize,local
xzyjq1eh,300,2100,1779265526419,,/home/meliani/nni-experiments/xzyjq1eh,88,exp_random_100_tt_only_tt_only,hpo,/home/meliani/Desktop/phd/fast-track/search_space.json,python3 trial.py --data ./tt_only.csv,/home/meliani/Desktop/phd/fast-track,1,360000s,100,False,False,info,/home/meliani/nni-experiments,"['LSTM', 'GRU', 'CNN', 'RNN', 'TCN', 'Transformer', 'MLP']","[16, 32, 64, 128, 256]","[1, 2, 3, 4]","[0, 0.1, 0.2, 0.3, 0.5]","['relu', 'tanh', 'sigmoid', 'elu']","[1e-05, 0.01]","[2, 3, 4, 5, 6, 7, 8, 9, 10, 11, 12, 13, 14, 15, 16, 17, 18, 19, 20, 21, 22, 23, 24, 25, 26, 27, 28, 29, 30]","[16, 32, 64, 128]","[5, 10, 15, 20]","[2, 3, 5, 7]","[2, 4, 8]",random,minimize,local
xzyjq1eh,301,2110,1779265526419,,/home/meliani/nni-experiments/xzyjq1eh,88,exp_random_100_tt_only_tt_only,hpo,/home/meliani/Desktop/phd/fast-track/search_space.json,python3 trial.py --data ./tt_only.csv,/home/meliani/Desktop/phd/fast-track,1,360000s,100,False,False,info,/home/meliani/nni-experiments,"['LSTM', 'GRU', 'CNN', 'RNN', 'TCN', 'Transformer', 'MLP']","[16, 32, 64, 128, 256]","[1, 2, 3, 4]","[0, 0.1, 0.2, 0.3, 0.5]","['relu', 'tanh', 'sigmoid', 'elu']","[1e-05, 0.01]","[2, 3, 4, 5, 6, 7, 8, 9, 10, 11, 12, 13, 14, 15, 16, 17, 18, 19, 20, 21, 22, 23, 24, 25, 26, 27, 28, 29, 30]","[16, 32, 64, 128]","[5, 10, 15, 20]","[2, 3, 5, 7]","[2, 4, 8]",random,minimize,local
xzyjq1eh,302,2110,1779265526419,,/home/meliani/nni-experiments/xzyjq1eh,89,exp_random_100_tt_only_tt_only,hpo,/home/meliani/Desktop/phd/fast-track/search_space.json,python3 trial.py --data ./tt_only.csv,/home/meliani/Desktop/phd/fast-track,1,360000s,100,False,False,info,/home/meliani/nni-experiments,"['LSTM', 'GRU', 'CNN', 'RNN', 'TCN', 'Transformer', 'MLP']","[16, 32, 64, 128, 256]","[1, 2, 3, 4]","[0, 0.1, 0.2, 0.3, 0.5]","['relu', 'tanh', 'sigmoid', 'elu']","[1e-05, 0.01]","[2, 3, 4, 5, 6, 7, 8, 9, 10, 11, 12, 13, 14, 15, 16, 17, 18, 19, 20, 21, 22, 23, 24, 25, 26, 27, 28, 29, 30]","[16, 32, 64, 128]","[5, 10, 15, 20]","[2, 3, 5, 7]","[2, 4, 8]",random,minimize,local
xzyjq1eh,303,2116,1779265526419,,/home/meliani/nni-experiments/xzyjq1eh,90,exp_random_100_tt_only_tt_only,hpo,/home/meliani/Desktop/phd/fast-track/search_space.json,python3 trial.py --data ./tt_only.csv,/home/meliani/Desktop/phd/fast-track,1,360000s,100,False,False,info,/home/meliani/nni-experiments,"['LSTM', 'GRU', 'CNN', 'RNN', 'TCN', 'Transformer', 'MLP']","[16, 32, 64, 128, 256]","[1, 2, 3, 4]","[0, 0.1, 0.2, 0.3, 0.5]","['relu', 'tanh', 'sigmoid', 'elu']","[1e-05, 0.01]","[2, 3, 4, 5, 6, 7, 8, 9, 10, 11, 12, 13, 14, 15, 16, 17, 18, 19, 20, 21, 22, 23, 24, 25, 26, 27, 28, 29, 30]","[16, 32, 64, 128]","[5, 10, 15, 20]","[2, 3, 5, 7]","[2, 4, 8]",random,minimize,local
xzyjq1eh,304,2120,1779265526419,,/home/meliani/nni-experiments/xzyjq1eh,90,exp_random_100_tt_only_tt_only,hpo,/home/meliani/Desktop/phd/fast-track/search_space.json,python3 trial.py --data ./tt_only.csv,/home/meliani/Desktop/phd/fast-track,1,360000s,100,False,False,info,/home/meliani/nni-experiments,"['LSTM', 'GRU', 'CNN', 'RNN', 'TCN', 'Transformer', 'MLP']","[16, 32, 64, 128, 256]","[1, 2, 3, 4]","[0, 0.1, 0.2, 0.3, 0.5]","['relu', 'tanh', 'sigmoid', 'elu']","[1e-05, 0.01]","[2, 3, 4, 5, 6, 7, 8, 9, 10, 11, 12, 13, 14, 15, 16, 17, 18, 19, 20, 21, 22, 23, 24, 25, 26, 27, 28, 29, 30]","[16, 32, 64, 128]","[5, 10, 15, 20]","[2, 3, 5, 7]","[2, 4, 8]",random,minimize,local
xzyjq1eh,305,2130,1779265526419,,/home/meliani/nni-experiments/xzyjq1eh,90,exp_random_100_tt_only_tt_only,hpo,/home/meliani/Desktop/phd/fast-track/search_space.json,python3 trial.py --data ./tt_only.csv,/home/meliani/Desktop/phd/fast-track,1,360000s,100,False,False,info,/home/meliani/nni-experiments,"['LSTM', 'GRU', 'CNN', 'RNN', 'TCN', 'Transformer', 'MLP']","[16, 32, 64, 128, 256]","[1, 2, 3, 4]","[0, 0.1, 0.2, 0.3, 0.5]","['relu', 'tanh', 'sigmoid', 'elu']","[1e-05, 0.01]","[2, 3, 4, 5, 6, 7, 8, 9, 10, 11, 12, 13, 14, 15, 16, 17, 18, 19, 20, 21, 22, 23, 24, 25, 26, 27, 28, 29, 30]","[16, 32, 64, 128]","[5, 10, 15, 20]","[2, 3, 5, 7]","[2, 4, 8]",random,minimize,local
xzyjq1eh,306,2140,1779265526419,,/home/meliani/nni-experiments/xzyjq1eh,90,exp_random_100_tt_only_tt_only,hpo,/home/meliani/Desktop/phd/fast-track/search_space.json,python3 trial.py --data ./tt_only.csv,/home/meliani/Desktop/phd/fast-track,1,360000s,100,False,False,info,/home/meliani/nni-experiments,"['LSTM', 'GRU', 'CNN', 'RNN', 'TCN', 'Transformer', 'MLP']","[16, 32, 64, 128, 256]","[1, 2, 3, 4]","[0, 0.1, 0.2, 0.3, 0.5]","['relu', 'tanh', 'sigmoid', 'elu']","[1e-05, 0.01]","[2, 3, 4, 5, 6, 7, 8, 9, 10, 11, 12, 13, 14, 15, 16, 17, 18, 19, 20, 21, 22, 23, 24, 25, 26, 27, 28, 29, 30]","[16, 32, 64, 128]","[5, 10, 15, 20]","[2, 3, 5, 7]","[2, 4, 8]",random,minimize,local
xzyjq1eh,307,2150,1779265526419,,/home/meliani/nni-experiments/xzyjq1eh,90,exp_random_100_tt_only_tt_only,hpo,/home/meliani/Desktop/phd/fast-track/search_space.json,python3 trial.py --data ./tt_only.csv,/home/meliani/Desktop/phd/fast-track,1,360000s,100,False,False,info,/home/meliani/nni-experiments,"['LSTM', 'GRU', 'CNN', 'RNN', 'TCN', 'Transformer', 'MLP']","[16, 32, 64, 128, 256]","[1, 2, 3, 4]","[0, 0.1, 0.2, 0.3, 0.5]","['relu', 'tanh', 'sigmoid', 'elu']","[1e-05, 0.01]","[2, 3, 4, 5, 6, 7, 8, 9, 10, 11, 12, 13, 14, 15, 16, 17, 18, 19, 20, 21, 22, 23, 24, 25, 26, 27, 28, 29, 30]","[16, 32, 64, 128]","[5, 10, 15, 20]","[2, 3, 5, 7]","[2, 4, 8]",random,minimize,local
xzyjq1eh,308,2160,1779265526419,,/home/meliani/nni-experiments/xzyjq1eh,90,exp_random_100_tt_only_tt_only,hpo,/home/meliani/Desktop/phd/fast-track/search_space.json,python3 trial.py --data ./tt_only.csv,/home/meliani/Desktop/phd/fast-track,1,360000s,100,False,False,info,/home/meliani/nni-experiments,"['LSTM', 'GRU', 'CNN', 'RNN', 'TCN', 'Transformer', 'MLP']","[16, 32, 64, 128, 256]","[1, 2, 3, 4]","[0, 0.1, 0.2, 0.3, 0.5]","['relu', 'tanh', 'sigmoid', 'elu']","[1e-05, 0.01]","[2, 3, 4, 5, 6, 7, 8, 9, 10, 11, 12, 13, 14, 15, 16, 17, 18, 19, 20, 21, 22, 23, 24, 25, 26, 27, 28, 29, 30]","[16, 32, 64, 128]","[5, 10, 15, 20]","[2, 3, 5, 7]","[2, 4, 8]",random,minimize,local
xzyjq1eh,309,2170,1779265526419,,/home/meliani/nni-experiments/xzyjq1eh,90,exp_random_100_tt_only_tt_only,hpo,/home/meliani/Desktop/phd/fast-track/search_space.json,python3 trial.py --data ./tt_only.csv,/home/meliani/Desktop/phd/fast-track,1,360000s,100,False,False,info,/home/meliani/nni-experiments,"['LSTM', 'GRU', 'CNN', 'RNN', 'TCN', 'Transformer', 'MLP']","[16, 32, 64, 128, 256]","[1, 2, 3, 4]","[0, 0.1, 0.2, 0.3, 0.5]","['relu', 'tanh', 'sigmoid', 'elu']","[1e-05, 0.01]","[2, 3, 4, 5, 6, 7, 8, 9, 10, 11, 12, 13, 14, 15, 16, 17, 18, 19, 20, 21, 22, 23, 24, 25, 26, 27, 28, 29, 30]","[16, 32, 64, 128]","[5, 10, 15, 20]","[2, 3, 5, 7]","[2, 4, 8]",random,minimize,local
xzyjq1eh,310,2180,1779265526419,,/home/meliani/nni-experiments/xzyjq1eh,90,exp_random_100_tt_only_tt_only,hpo,/home/meliani/Desktop/phd/fast-track/search_space.json,python3 trial.py --data ./tt_only.csv,/home/meliani/Desktop/phd/fast-track,1,360000s,100,False,False,info,/home/meliani/nni-experiments,"['LSTM', 'GRU', 'CNN', 'RNN', 'TCN', 'Transformer', 'MLP']","[16, 32, 64, 128, 256]","[1, 2, 3, 4]","[0, 0.1, 0.2, 0.3, 0.5]","['relu', 'tanh', 'sigmoid', 'elu']","[1e-05, 0.01]","[2, 3, 4, 5, 6, 7, 8, 9, 10, 11, 12, 13, 14, 15, 16, 17, 18, 19, 20, 21, 22, 23, 24, 25, 26, 27, 28, 29, 30]","[16, 32, 64, 128]","[5, 10, 15, 20]","[2, 3, 5, 7]","[2, 4, 8]",random,minimize,local
xzyjq1eh,311,2190,1779265526419,,/home/meliani/nni-experiments/xzyjq1eh,90,exp_random_100_tt_only_tt_only,hpo,/home/meliani/Desktop/phd/fast-track/search_space.json,python3 trial.py --data ./tt_only.csv,/home/meliani/Desktop/phd/fast-track,1,360000s,100,False,False,info,/home/meliani/nni-experiments,"['LSTM', 'GRU', 'CNN', 'RNN', 'TCN', 'Transformer', 'MLP']","[16, 32, 64, 128, 256]","[1, 2, 3, 4]","[0, 0.1, 0.2, 0.3, 0.5]","['relu', 'tanh', 'sigmoid', 'elu']","[1e-05, 0.01]","[2, 3, 4, 5, 6, 7, 8, 9, 10, 11, 12, 13, 14, 15, 16, 17, 18, 19, 20, 21, 22, 23, 24, 25, 26, 27, 28, 29, 30]","[16, 32, 64, 128]","[5, 10, 15, 20]","[2, 3, 5, 7]","[2, 4, 8]",random,minimize,local
xzyjq1eh,312,2200,1779265526419,,/home/meliani/nni-experiments/xzyjq1eh,90,exp_random_100_tt_only_tt_only,hpo,/home/meliani/Desktop/phd/fast-track/search_space.json,python3 trial.py --data ./tt_only.csv,/home/meliani/Desktop/phd/fast-track,1,360000s,100,False,False,info,/home/meliani/nni-experiments,"['LSTM', 'GRU', 'CNN', 'RNN', 'TCN', 'Transformer', 'MLP']","[16, 32, 64, 128, 256]","[1, 2, 3, 4]","[0, 0.1, 0.2, 0.3, 0.5]","['relu', 'tanh', 'sigmoid', 'elu']","[1e-05, 0.01]","[2, 3, 4, 5, 6, 7, 8, 9, 10, 11, 12, 13, 14, 15, 16, 17, 18, 19, 20, 21, 22, 23, 24, 25, 26, 27, 28, 29, 30]","[16, 32, 64, 128]","[5, 10, 15, 20]","[2, 3, 5, 7]","[2, 4, 8]",random,minimize,local
xzyjq1eh,313,2210,1779265526419,,/home/meliani/nni-experiments/xzyjq1eh,90,exp_random_100_tt_only_tt_only,hpo,/home/meliani/Desktop/phd/fast-track/search_space.json,python3 trial.py --data ./tt_only.csv,/home/meliani/Desktop/phd/fast-track,1,360000s,100,False,False,info,/home/meliani/nni-experiments,"['LSTM', 'GRU', 'CNN', 'RNN', 'TCN', 'Transformer', 'MLP']","[16, 32, 64, 128, 256]","[1, 2, 3, 4]","[0, 0.1, 0.2, 0.3, 0.5]","['relu', 'tanh', 'sigmoid', 'elu']","[1e-05, 0.01]","[2, 3, 4, 5, 6, 7, 8, 9, 10, 11, 12, 13, 14, 15, 16, 17, 18, 19, 20, 21, 22, 23, 24, 25, 26, 27, 28, 29, 30]","[16, 32, 64, 128]","[5, 10, 15, 20]","[2, 3, 5, 7]","[2, 4, 8]",random,minimize,local
xzyjq1eh,314,2220,1779265526419,,/home/meliani/nni-experiments/xzyjq1eh,90,exp_random_100_tt_only_tt_only,hpo,/home/meliani/Desktop/phd/fast-track/search_space.json,python3 trial.py --data ./tt_only.csv,/home/meliani/Desktop/phd/fast-track,1,360000s,100,False,False,info,/home/meliani/nni-experiments,"['LSTM', 'GRU', 'CNN', 'RNN', 'TCN', 'Transformer', 'MLP']","[16, 32, 64, 128, 256]","[1, 2, 3, 4]","[0, 0.1, 0.2, 0.3, 0.5]","['relu', 'tanh', 'sigmoid', 'elu']","[1e-05, 0.01]","[2, 3, 4, 5, 6, 7, 8, 9, 10, 11, 12, 13, 14, 15, 16, 17, 18, 19, 20, 21, 22, 23, 24, 25, 26, 27, 28, 29, 30]","[16, 32, 64, 128]","[5, 10, 15, 20]","[2, 3, 5, 7]","[2, 4, 8]",random,minimize,local
xzyjq1eh,315,2230,1779265526419,,/home/meliani/nni-experiments/xzyjq1eh,90,exp_random_100_tt_only_tt_only,hpo,/home/meliani/Desktop/phd/fast-track/search_space.json,python3 trial.py --data ./tt_only.csv,/home/meliani/Desktop/phd/fast-track,1,360000s,100,False,False,info,/home/meliani/nni-experiments,"['LSTM', 'GRU', 'CNN', 'RNN', 'TCN', 'Transformer', 'MLP']","[16, 32, 64, 128, 256]","[1, 2, 3, 4]","[0, 0.1, 0.2, 0.3, 0.5]","['relu', 'tanh', 'sigmoid', 'elu']","[1e-05, 0.01]","[2, 3, 4, 5, 6, 7, 8, 9, 10, 11, 12, 13, 14, 15, 16, 17, 18, 19, 20, 21, 22, 23, 24, 25, 26, 27, 28, 29, 30]","[16, 32, 64, 128]","[5, 10, 15, 20]","[2, 3, 5, 7]","[2, 4, 8]",random,minimize,local
xzyjq1eh,316,2240,1779265526419,,/home/meliani/nni-experiments/xzyjq1eh,90,exp_random_100_tt_only_tt_only,hpo,/home/meliani/Desktop/phd/fast-track/search_space.json,python3 trial.py --data ./tt_only.csv,/home/meliani/Desktop/phd/fast-track,1,360000s,100,False,False,info,/home/meliani/nni-experiments,"['LSTM', 'GRU', 'CNN', 'RNN', 'TCN', 'Transformer', 'MLP']","[16, 32, 64, 128, 256]","[1, 2, 3, 4]","[0, 0.1, 0.2, 0.3, 0.5]","['relu', 'tanh', 'sigmoid', 'elu']","[1e-05, 0.01]","[2, 3, 4, 5, 6, 7, 8, 9, 10, 11, 12, 13, 14, 15, 16, 17, 18, 19, 20, 21, 22, 23, 24, 25, 26, 27, 28, 29, 30]","[16, 32, 64, 128]","[5, 10, 15, 20]","[2, 3, 5, 7]","[2, 4, 8]",random,minimize,local
xzyjq1eh,317,2250,1779265526419,,/home/meliani/nni-experiments/xzyjq1eh,90,exp_random_100_tt_only_tt_only,hpo,/home/meliani/Desktop/phd/fast-track/search_space.json,python3 trial.py --data ./tt_only.csv,/home/meliani/Desktop/phd/fast-track,1,360000s,100,False,False,info,/home/meliani/nni-experiments,"['LSTM', 'GRU', 'CNN', 'RNN', 'TCN', 'Transformer', 'MLP']","[16, 32, 64, 128, 256]","[1, 2, 3, 4]","[0, 0.1, 0.2, 0.3, 0.5]","['relu', 'tanh', 'sigmoid', 'elu']","[1e-05, 0.01]","[2, 3, 4, 5, 6, 7, 8, 9, 10, 11, 12, 13, 14, 15, 16, 17, 18, 19, 20, 21, 22, 23, 24, 25, 26, 27, 28, 29, 30]","[16, 32, 64, 128]","[5, 10, 15, 20]","[2, 3, 5, 7]","[2, 4, 8]",random,minimize,local
xzyjq1eh,318,2260,1779265526419,,/home/meliani/nni-experiments/xzyjq1eh,90,exp_random_100_tt_only_tt_only,hpo,/home/meliani/Desktop/phd/fast-track/search_space.json,python3 trial.py --data ./tt_only.csv,/home/meliani/Desktop/phd/fast-track,1,360000s,100,False,False,info,/home/meliani/nni-experiments,"['LSTM', 'GRU', 'CNN', 'RNN', 'TCN', 'Transformer', 'MLP']","[16, 32, 64, 128, 256]","[1, 2, 3, 4]","[0, 0.1, 0.2, 0.3, 0.5]","['relu', 'tanh', 'sigmoid', 'elu']","[1e-05, 0.01]","[2, 3, 4, 5, 6, 7, 8, 9, 10, 11, 12, 13, 14, 15, 16, 17, 18, 19, 20, 21, 22, 23, 24, 25, 26, 27, 28, 29, 30]","[16, 32, 64, 128]","[5, 10, 15, 20]","[2, 3, 5, 7]","[2, 4, 8]",random,minimize,local
xzyjq1eh,319,2270,1779265526419,,/home/meliani/nni-experiments/xzyjq1eh,90,exp_random_100_tt_only_tt_only,hpo,/home/meliani/Desktop/phd/fast-track/search_space.json,python3 trial.py --data ./tt_only.csv,/home/meliani/Desktop/phd/fast-track,1,360000s,100,False,False,info,/home/meliani/nni-experiments,"['LSTM', 'GRU', 'CNN', 'RNN', 'TCN', 'Transformer', 'MLP']","[16, 32, 64, 128, 256]","[1, 2, 3, 4]","[0, 0.1, 0.2, 0.3, 0.5]","['relu', 'tanh', 'sigmoid', 'elu']","[1e-05, 0.01]","[2, 3, 4, 5, 6, 7, 8, 9, 10, 11, 12, 13, 14, 15, 16, 17, 18, 19, 20, 21, 22, 23, 24, 25, 26, 27, 28, 29, 30]","[16, 32, 64, 128]","[5, 10, 15, 20]","[2, 3, 5, 7]","[2, 4, 8]",random,minimize,local
xzyjq1eh,320,2280,1779265526419,,/home/meliani/nni-experiments/xzyjq1eh,90,exp_random_100_tt_only_tt_only,hpo,/home/meliani/Desktop/phd/fast-track/search_space.json,python3 trial.py --data ./tt_only.csv,/home/meliani/Desktop/phd/fast-track,1,360000s,100,False,False,info,/home/meliani/nni-experiments,"['LSTM', 'GRU', 'CNN', 'RNN', 'TCN', 'Transformer', 'MLP']","[16, 32, 64, 128, 256]","[1, 2, 3, 4]","[0, 0.1, 0.2, 0.3, 0.5]","['relu', 'tanh', 'sigmoid', 'elu']","[1e-05, 0.01]","[2, 3, 4, 5, 6, 7, 8, 9, 10, 11, 12, 13, 14, 15, 16, 17, 18, 19, 20, 21, 22, 23, 24, 25, 26, 27, 28, 29, 30]","[16, 32, 64, 128]","[5, 10, 15, 20]","[2, 3, 5, 7]","[2, 4, 8]",random,minimize,local
xzyjq1eh,321,2290,1779265526419,,/home/meliani/nni-experiments/xzyjq1eh,90,exp_random_100_tt_only_tt_only,hpo,/home/meliani/Desktop/phd/fast-track/search_space.json,python3 trial.py --data ./tt_only.csv,/home/meliani/Desktop/phd/fast-track,1,360000s,100,False,False,info,/home/meliani/nni-experiments,"['LSTM', 'GRU', 'CNN', 'RNN', 'TCN', 'Transformer', 'MLP']","[16, 32, 64, 128, 256]","[1, 2, 3, 4]","[0, 0.1, 0.2, 0.3, 0.5]","['relu', 'tanh', 'sigmoid', 'elu']","[1e-05, 0.01]","[2, 3, 4, 5, 6, 7, 8, 9, 10, 11, 12, 13, 14, 15, 16, 17, 18, 19, 20, 21, 22, 23, 24, 25, 26, 27, 28, 29, 30]","[16, 32, 64, 128]","[5, 10, 15, 20]","[2, 3, 5, 7]","[2, 4, 8]",random,minimize,local
xzyjq1eh,322,2300,1779265526419,,/home/meliani/nni-experiments/xzyjq1eh,90,exp_random_100_tt_only_tt_only,hpo,/home/meliani/Desktop/phd/fast-track/search_space.json,python3 trial.py --data ./tt_only.csv,/home/meliani/Desktop/phd/fast-track,1,360000s,100,False,False,info,/home/meliani/nni-experiments,"['LSTM', 'GRU', 'CNN', 'RNN', 'TCN', 'Transformer', 'MLP']","[16, 32, 64, 128, 256]","[1, 2, 3, 4]","[0, 0.1, 0.2, 0.3, 0.5]","['relu', 'tanh', 'sigmoid', 'elu']","[1e-05, 0.01]","[2, 3, 4, 5, 6, 7, 8, 9, 10, 11, 12, 13, 14, 15, 16, 17, 18, 19, 20, 21, 22, 23, 24, 25, 26, 27, 28, 29, 30]","[16, 32, 64, 128]","[5, 10, 15, 20]","[2, 3, 5, 7]","[2, 4, 8]",random,minimize,local
xzyjq1eh,323,2303,1779265526419,,/home/meliani/nni-experiments/xzyjq1eh,91,exp_random_100_tt_only_tt_only,hpo,/home/meliani/Desktop/phd/fast-track/search_space.json,python3 trial.py --data ./tt_only.csv,/home/meliani/Desktop/phd/fast-track,1,360000s,100,False,False,info,/home/meliani/nni-experiments,"['LSTM', 'GRU', 'CNN', 'RNN', 'TCN', 'Transformer', 'MLP']","[16, 32, 64, 128, 256]","[1, 2, 3, 4]","[0, 0.1, 0.2, 0.3, 0.5]","['relu', 'tanh', 'sigmoid', 'elu']","[1e-05, 0.01]","[2, 3, 4, 5, 6, 7, 8, 9, 10, 11, 12, 13, 14, 15, 16, 17, 18, 19, 20, 21, 22, 23, 24, 25, 26, 27, 28, 29, 30]","[16, 32, 64, 128]","[5, 10, 15, 20]","[2, 3, 5, 7]","[2, 4, 8]",random,minimize,local
xzyjq1eh,324,2310,1779265526419,,/home/meliani/nni-experiments/xzyjq1eh,91,exp_random_100_tt_only_tt_only,hpo,/home/meliani/Desktop/phd/fast-track/search_space.json,python3 trial.py --data ./tt_only.csv,/home/meliani/Desktop/phd/fast-track,1,360000s,100,False,False,info,/home/meliani/nni-experiments,"['LSTM', 'GRU', 'CNN', 'RNN', 'TCN', 'Transformer', 'MLP']","[16, 32, 64, 128, 256]","[1, 2, 3, 4]","[0, 0.1, 0.2, 0.3, 0.5]","['relu', 'tanh', 'sigmoid', 'elu']","[1e-05, 0.01]","[2, 3, 4, 5, 6, 7, 8, 9, 10, 11, 12, 13, 14, 15, 16, 17, 18, 19, 20, 21, 22, 23, 24, 25, 26, 27, 28, 29, 30]","[16, 32, 64, 128]","[5, 10, 15, 20]","[2, 3, 5, 7]","[2, 4, 8]",random,minimize,local
xzyjq1eh,325,2316,1779265526419,,/home/meliani/nni-experiments/xzyjq1eh,92,exp_random_100_tt_only_tt_only,hpo,/home/meliani/Desktop/phd/fast-track/search_space.json,python3 trial.py --data ./tt_only.csv,/home/meliani/Desktop/phd/fast-track,1,360000s,100,False,False,info,/home/meliani/nni-experiments,"['LSTM', 'GRU', 'CNN', 'RNN', 'TCN', 'Transformer', 'MLP']","[16, 32, 64, 128, 256]","[1, 2, 3, 4]","[0, 0.1, 0.2, 0.3, 0.5]","['relu', 'tanh', 'sigmoid', 'elu']","[1e-05, 0.01]","[2, 3, 4, 5, 6, 7, 8, 9, 10, 11, 12, 13, 14, 15, 16, 17, 18, 19, 20, 21, 22, 23, 24, 25, 26, 27, 28, 29, 30]","[16, 32, 64, 128]","[5, 10, 15, 20]","[2, 3, 5, 7]","[2, 4, 8]",random,minimize,local
xzyjq1eh,326,2320,1779265526419,,/home/meliani/nni-experiments/xzyjq1eh,92,exp_random_100_tt_only_tt_only,hpo,/home/meliani/Desktop/phd/fast-track/search_space.json,python3 trial.py --data ./tt_only.csv,/home/meliani/Desktop/phd/fast-track,1,360000s,100,False,False,info,/home/meliani/nni-experiments,"['LSTM', 'GRU', 'CNN', 'RNN', 'TCN', 'Transformer', 'MLP']","[16, 32, 64, 128, 256]","[1, 2, 3, 4]","[0, 0.1, 0.2, 0.3, 0.5]","['relu', 'tanh', 'sigmoid', 'elu']","[1e-05, 0.01]","[2, 3, 4, 5, 6, 7, 8, 9, 10, 11, 12, 13, 14, 15, 16, 17, 18, 19, 20, 21, 22, 23, 24, 25, 26, 27, 28, 29, 30]","[16, 32, 64, 128]","[5, 10, 15, 20]","[2, 3, 5, 7]","[2, 4, 8]",random,minimize,local
xzyjq1eh,327,2320,1779265526419,,/home/meliani/nni-experiments/xzyjq1eh,93,exp_random_100_tt_only_tt_only,hpo,/home/meliani/Desktop/phd/fast-track/search_space.json,python3 trial.py --data ./tt_only.csv,/home/meliani/Desktop/phd/fast-track,1,360000s,100,False,False,info,/home/meliani/nni-experiments,"['LSTM', 'GRU', 'CNN', 'RNN', 'TCN', 'Transformer', 'MLP']","[16, 32, 64, 128, 256]","[1, 2, 3, 4]","[0, 0.1, 0.2, 0.3, 0.5]","['relu', 'tanh', 'sigmoid', 'elu']","[1e-05, 0.01]","[2, 3, 4, 5, 6, 7, 8, 9, 10, 11, 12, 13, 14, 15, 16, 17, 18, 19, 20, 21, 22, 23, 24, 25, 26, 27, 28, 29, 30]","[16, 32, 64, 128]","[5, 10, 15, 20]","[2, 3, 5, 7]","[2, 4, 8]",random,minimize,local
xzyjq1eh,328,2330,1779265526419,,/home/meliani/nni-experiments/xzyjq1eh,93,exp_random_100_tt_only_tt_only,hpo,/home/meliani/Desktop/phd/fast-track/search_space.json,python3 trial.py --data ./tt_only.csv,/home/meliani/Desktop/phd/fast-track,1,360000s,100,False,False,info,/home/meliani/nni-experiments,"['LSTM', 'GRU', 'CNN', 'RNN', 'TCN', 'Transformer', 'MLP']","[16, 32, 64, 128, 256]","[1, 2, 3, 4]","[0, 0.1, 0.2, 0.3, 0.5]","['relu', 'tanh', 'sigmoid', 'elu']","[1e-05, 0.01]","[2, 3, 4, 5, 6, 7, 8, 9, 10, 11, 12, 13, 14, 15, 16, 17, 18, 19, 20, 21, 22, 23, 24, 25, 26, 27, 28, 29, 30]","[16, 32, 64, 128]","[5, 10, 15, 20]","[2, 3, 5, 7]","[2, 4, 8]",random,minimize,local
xzyjq1eh,329,2340,1779265526419,,/home/meliani/nni-experiments/xzyjq1eh,93,exp_random_100_tt_only_tt_only,hpo,/home/meliani/Desktop/phd/fast-track/search_space.json,python3 trial.py --data ./tt_only.csv,/home/meliani/Desktop/phd/fast-track,1,360000s,100,False,False,info,/home/meliani/nni-experiments,"['LSTM', 'GRU', 'CNN', 'RNN', 'TCN', 'Transformer', 'MLP']","[16, 32, 64, 128, 256]","[1, 2, 3, 4]","[0, 0.1, 0.2, 0.3, 0.5]","['relu', 'tanh', 'sigmoid', 'elu']","[1e-05, 0.01]","[2, 3, 4, 5, 6, 7, 8, 9, 10, 11, 12, 13, 14, 15, 16, 17, 18, 19, 20, 21, 22, 23, 24, 25, 26, 27, 28, 29, 30]","[16, 32, 64, 128]","[5, 10, 15, 20]","[2, 3, 5, 7]","[2, 4, 8]",random,minimize,local
xzyjq1eh,330,2345,1779265526419,,/home/meliani/nni-experiments/xzyjq1eh,94,exp_random_100_tt_only_tt_only,hpo,/home/meliani/Desktop/phd/fast-track/search_space.json,python3 trial.py --data ./tt_only.csv,/home/meliani/Desktop/phd/fast-track,1,360000s,100,False,False,info,/home/meliani/nni-experiments,"['LSTM', 'GRU', 'CNN', 'RNN', 'TCN', 'Transformer', 'MLP']","[16, 32, 64, 128, 256]","[1, 2, 3, 4]","[0, 0.1, 0.2, 0.3, 0.5]","['relu', 'tanh', 'sigmoid', 'elu']","[1e-05, 0.01]","[2, 3, 4, 5, 6, 7, 8, 9, 10, 11, 12, 13, 14, 15, 16, 17, 18, 19, 20, 21, 22, 23, 24, 25, 26, 27, 28, 29, 30]","[16, 32, 64, 128]","[5, 10, 15, 20]","[2, 3, 5, 7]","[2, 4, 8]",random,minimize,local
xzyjq1eh,331,2350,1779265526419,,/home/meliani/nni-experiments/xzyjq1eh,94,exp_random_100_tt_only_tt_only,hpo,/home/meliani/Desktop/phd/fast-track/search_space.json,python3 trial.py --data ./tt_only.csv,/home/meliani/Desktop/phd/fast-track,1,360000s,100,False,False,info,/home/meliani/nni-experiments,"['LSTM', 'GRU', 'CNN', 'RNN', 'TCN', 'Transformer', 'MLP']","[16, 32, 64, 128, 256]","[1, 2, 3, 4]","[0, 0.1, 0.2, 0.3, 0.5]","['relu', 'tanh', 'sigmoid', 'elu']","[1e-05, 0.01]","[2, 3, 4, 5, 6, 7, 8, 9, 10, 11, 12, 13, 14, 15, 16, 17, 18, 19, 20, 21, 22, 23, 24, 25, 26, 27, 28, 29, 30]","[16, 32, 64, 128]","[5, 10, 15, 20]","[2, 3, 5, 7]","[2, 4, 8]",random,minimize,local
xzyjq1eh,332,2360,1779265526419,,/home/meliani/nni-experiments/xzyjq1eh,94,exp_random_100_tt_only_tt_only,hpo,/home/meliani/Desktop/phd/fast-track/search_space.json,python3 trial.py --data ./tt_only.csv,/home/meliani/Desktop/phd/fast-track,1,360000s,100,False,False,info,/home/meliani/nni-experiments,"['LSTM', 'GRU', 'CNN', 'RNN', 'TCN', 'Transformer', 'MLP']","[16, 32, 64, 128, 256]","[1, 2, 3, 4]","[0, 0.1, 0.2, 0.3, 0.5]","['relu', 'tanh', 'sigmoid', 'elu']","[1e-05, 0.01]","[2, 3, 4, 5, 6, 7, 8, 9, 10, 11, 12, 13, 14, 15, 16, 17, 18, 19, 20, 21, 22, 23, 24, 25, 26, 27, 28, 29, 30]","[16, 32, 64, 128]","[5, 10, 15, 20]","[2, 3, 5, 7]","[2, 4, 8]",random,minimize,local
xzyjq1eh,333,2362,1779265526419,,/home/meliani/nni-experiments/xzyjq1eh,95,exp_random_100_tt_only_tt_only,hpo,/home/meliani/Desktop/phd/fast-track/search_space.json,python3 trial.py --data ./tt_only.csv,/home/meliani/Desktop/phd/fast-track,1,360000s,100,False,False,info,/home/meliani/nni-experiments,"['LSTM', 'GRU', 'CNN', 'RNN', 'TCN', 'Transformer', 'MLP']","[16, 32, 64, 128, 256]","[1, 2, 3, 4]","[0, 0.1, 0.2, 0.3, 0.5]","['relu', 'tanh', 'sigmoid', 'elu']","[1e-05, 0.01]","[2, 3, 4, 5, 6, 7, 8, 9, 10, 11, 12, 13, 14, 15, 16, 17, 18, 19, 20, 21, 22, 23, 24, 25, 26, 27, 28, 29, 30]","[16, 32, 64, 128]","[5, 10, 15, 20]","[2, 3, 5, 7]","[2, 4, 8]",random,minimize,local
xzyjq1eh,334,2368,1779265526419,,/home/meliani/nni-experiments/xzyjq1eh,96,exp_random_100_tt_only_tt_only,hpo,/home/meliani/Desktop/phd/fast-track/search_space.json,python3 trial.py --data ./tt_only.csv,/home/meliani/Desktop/phd/fast-track,1,360000s,100,False,False,info,/home/meliani/nni-experiments,"['LSTM', 'GRU', 'CNN', 'RNN', 'TCN', 'Transformer', 'MLP']","[16, 32, 64, 128, 256]","[1, 2, 3, 4]","[0, 0.1, 0.2, 0.3, 0.5]","['relu', 'tanh', 'sigmoid', 'elu']","[1e-05, 0.01]","[2, 3, 4, 5, 6, 7, 8, 9, 10, 11, 12, 13, 14, 15, 16, 17, 18, 19, 20, 21, 22, 23, 24, 25, 26, 27, 28, 29, 30]","[16, 32, 64, 128]","[5, 10, 15, 20]","[2, 3, 5, 7]","[2, 4, 8]",random,minimize,local
xzyjq1eh,335,2370,1779265526419,,/home/meliani/nni-experiments/xzyjq1eh,96,exp_random_100_tt_only_tt_only,hpo,/home/meliani/Desktop/phd/fast-track/search_space.json,python3 trial.py --data ./tt_only.csv,/home/meliani/Desktop/phd/fast-track,1,360000s,100,False,False,info,/home/meliani/nni-experiments,"['LSTM', 'GRU', 'CNN', 'RNN', 'TCN', 'Transformer', 'MLP']","[16, 32, 64, 128, 256]","[1, 2, 3, 4]","[0, 0.1, 0.2, 0.3, 0.5]","['relu', 'tanh', 'sigmoid', 'elu']","[1e-05, 0.01]","[2, 3, 4, 5, 6, 7, 8, 9, 10, 11, 12, 13, 14, 15, 16, 17, 18, 19, 20, 21, 22, 23, 24, 25, 26, 27, 28, 29, 30]","[16, 32, 64, 128]","[5, 10, 15, 20]","[2, 3, 5, 7]","[2, 4, 8]",random,minimize,local
xzyjq1eh,336,2375,1779265526419,,/home/meliani/nni-experiments/xzyjq1eh,97,exp_random_100_tt_only_tt_only,hpo,/home/meliani/Desktop/phd/fast-track/search_space.json,python3 trial.py --data ./tt_only.csv,/home/meliani/Desktop/phd/fast-track,1,360000s,100,False,False,info,/home/meliani/nni-experiments,"['LSTM', 'GRU', 'CNN', 'RNN', 'TCN', 'Transformer', 'MLP']","[16, 32, 64, 128, 256]","[1, 2, 3, 4]","[0, 0.1, 0.2, 0.3, 0.5]","['relu', 'tanh', 'sigmoid', 'elu']","[1e-05, 0.01]","[2, 3, 4, 5, 6, 7, 8, 9, 10, 11, 12, 13, 14, 15, 16, 17, 18, 19, 20, 21, 22, 23, 24, 25, 26, 27, 28, 29, 30]","[16, 32, 64, 128]","[5, 10, 15, 20]","[2, 3, 5, 7]","[2, 4, 8]",random,minimize,local
xzyjq1eh,337,2380,1779265526419,,/home/meliani/nni-experiments/xzyjq1eh,97,exp_random_100_tt_only_tt_only,hpo,/home/meliani/Desktop/phd/fast-track/search_space.json,python3 trial.py --data ./tt_only.csv,/home/meliani/Desktop/phd/fast-track,1,360000s,100,False,False,info,/home/meliani/nni-experiments,"['LSTM', 'GRU', 'CNN', 'RNN', 'TCN', 'Transformer', 'MLP']","[16, 32, 64, 128, 256]","[1, 2, 3, 4]","[0, 0.1, 0.2, 0.3, 0.5]","['relu', 'tanh', 'sigmoid', 'elu']","[1e-05, 0.01]","[2, 3, 4, 5, 6, 7, 8, 9, 10, 11, 12, 13, 14, 15, 16, 17, 18, 19, 20, 21, 22, 23, 24, 25, 26, 27, 28, 29, 30]","[16, 32, 64, 128]","[5, 10, 15, 20]","[2, 3, 5, 7]","[2, 4, 8]",random,minimize,local
xzyjq1eh,338,2387,1779265526419,,/home/meliani/nni-experiments/xzyjq1eh,98,exp_random_100_tt_only_tt_only,hpo,/home/meliani/Desktop/phd/fast-track/search_space.json,python3 trial.py --data ./tt_only.csv,/home/meliani/Desktop/phd/fast-track,1,360000s,100,False,False,info,/home/meliani/nni-experiments,"['LSTM', 'GRU', 'CNN', 'RNN', 'TCN', 'Transformer', 'MLP']","[16, 32, 64, 128, 256]","[1, 2, 3, 4]","[0, 0.1, 0.2, 0.3, 0.5]","['relu', 'tanh', 'sigmoid', 'elu']","[1e-05, 0.01]","[2, 3, 4, 5, 6, 7, 8, 9, 10, 11, 12, 13, 14, 15, 16, 17, 18, 19, 20, 21, 22, 23, 24, 25, 26, 27, 28, 29, 30]","[16, 32, 64, 128]","[5, 10, 15, 20]","[2, 3, 5, 7]","[2, 4, 8]",random,minimize,local
xzyjq1eh,339,2390,1779265526419,,/home/meliani/nni-experiments/xzyjq1eh,98,exp_random_100_tt_only_tt_only,hpo,/home/meliani/Desktop/phd/fast-track/search_space.json,python3 trial.py --data ./tt_only.csv,/home/meliani/Desktop/phd/fast-track,1,360000s,100,False,False,info,/home/meliani/nni-experiments,"['LSTM', 'GRU', 'CNN', 'RNN', 'TCN', 'Transformer', 'MLP']","[16, 32, 64, 128, 256]","[1, 2, 3, 4]","[0, 0.1, 0.2, 0.3, 0.5]","['relu', 'tanh', 'sigmoid', 'elu']","[1e-05, 0.01]","[2, 3, 4, 5, 6, 7, 8, 9, 10, 11, 12, 13, 14, 15, 16, 17, 18, 19, 20, 21, 22, 23, 24, 25, 26, 27, 28, 29, 30]","[16, 32, 64, 128]","[5, 10, 15, 20]","[2, 3, 5, 7]","[2, 4, 8]",random,minimize,local
xzyjq1eh,340,2391,1779265526419,,/home/meliani/nni-experiments/xzyjq1eh,99,exp_random_100_tt_only_tt_only,hpo,/home/meliani/Desktop/phd/fast-track/search_space.json,python3 trial.py --data ./tt_only.csv,/home/meliani/Desktop/phd/fast-track,1,360000s,100,False,False,info,/home/meliani/nni-experiments,"['LSTM', 'GRU', 'CNN', 'RNN', 'TCN', 'Transformer', 'MLP']","[16, 32, 64, 128, 256]","[1, 2, 3, 4]","[0, 0.1, 0.2, 0.3, 0.5]","['relu', 'tanh', 'sigmoid', 'elu']","[1e-05, 0.01]","[2, 3, 4, 5, 6, 7, 8, 9, 10, 11, 12, 13, 14, 15, 16, 17, 18, 19, 20, 21, 22, 23, 24, 25, 26, 27, 28, 29, 30]","[16, 32, 64, 128]","[5, 10, 15, 20]","[2, 3, 5, 7]","[2, 4, 8]",random,minimize,local
xzyjq1eh,341,2396,1779265526419,,/home/meliani/nni-experiments/xzyjq1eh,100,exp_random_100_tt_only_tt_only,hpo,/home/meliani/Desktop/phd/fast-track/search_space.json,python3 trial.py --data ./tt_only.csv,/home/meliani/Desktop/phd/fast-track,1,360000s,100,False,False,info,/home/meliani/nni-experiments,"['LSTM', 'GRU', 'CNN', 'RNN', 'TCN', 'Transformer', 'MLP']","[16, 32, 64, 128, 256]","[1, 2, 3, 4]","[0, 0.1, 0.2, 0.3, 0.5]","['relu', 'tanh', 'sigmoid', 'elu']","[1e-05, 0.01]","[2, 3, 4, 5, 6, 7, 8, 9, 10, 11, 12, 13, 14, 15, 16, 17, 18, 19, 20, 21, 22, 23, 24, 25, 26, 27, 28, 29, 30]","[16, 32, 64, 128]","[5, 10, 15, 20]","[2, 3, 5, 7]","[2, 4, 8]",random,minimize,local
xzyjq1eh,342,2400,1779265526419,,/home/meliani/nni-experiments/xzyjq1eh,100,exp_random_100_tt_only_tt_only,hpo,/home/meliani/Desktop/phd/fast-track/search_space.json,python3 trial.py --data ./tt_only.csv,/home/meliani/Desktop/phd/fast-track,1,360000s,100,False,False,info,/home/meliani/nni-experiments,"['LSTM', 'GRU', 'CNN', 'RNN', 'TCN', 'Transformer', 'MLP']","[16, 32, 64, 128, 256]","[1, 2, 3, 4]","[0, 0.1, 0.2, 0.3, 0.5]","['relu', 'tanh', 'sigmoid', 'elu']","[1e-05, 0.01]","[2, 3, 4, 5, 6, 7, 8, 9, 10, 11, 12, 13, 14, 15, 16, 17, 18, 19, 20, 21, 22, 23, 24, 25, 26, 27, 28, 29, 30]","[16, 32, 64, 128]","[5, 10, 15, 20]","[2, 3, 5, 7]","[2, 4, 8]",random,minimize,local
xzyjq1eh,343,2406,1779265526419,1779267936551,/home/meliani/nni-experiments/xzyjq1eh,100,exp_random_100_tt_only_tt_only,hpo,/home/meliani/Desktop/phd/fast-track/search_space.json,python3 trial.py --data ./tt_only.csv,/home/meliani/Desktop/phd/fast-track,1,360000s,100,False,False,info,/home/meliani/nni-experiments,"['LSTM', 'GRU', 'CNN', 'RNN', 'TCN', 'Transformer', 'MLP']","[16, 32, 64, 128, 256]","[1, 2, 3, 4]","[0, 0.1, 0.2, 0.3, 0.5]","['relu', 'tanh', 'sigmoid', 'elu']","[1e-05, 0.01]","[2, 3, 4, 5, 6, 7, 8, 9, 10, 11, 12, 13, 14, 15, 16, 17, 18, 19, 20, 21, 22, 23, 24, 25, 26, 27, 28, 29, 30]","[16, 32, 64, 128]","[5, 10, 15, 20]","[2, 3, 5, 7]","[2, 4, 8]",random,minimize,local
xzyjq1eh,344,2406,1779265526419,1779267936551,/home/meliani/nni-experiments/xzyjq1eh,100,exp_random_100_tt_only_tt_only,hpo,/home/meliani/Desktop/phd/fast-track/search_space.json,python3 trial.py --data ./tt_only.csv,/home/meliani/Desktop/phd/fast-track,1,360000s,100,False,False,info,/home/meliani/nni-experiments,"['LSTM', 'GRU', 'CNN', 'RNN', 'TCN', 'Transformer', 'MLP']","[16, 32, 64, 128, 256]","[1, 2, 3, 4]","[0, 0.1, 0.2, 0.3, 0.5]","['relu', 'tanh', 'sigmoid', 'elu']","[1e-05, 0.01]","[2, 3, 4, 5, 6, 7, 8, 9, 10, 11, 12, 13, 14, 15, 16, 17, 18, 19, 20, 21, 22, 23, 24, 25, 26, 27, 28, 29, 30]","[16, 32, 64, 128]","[5, 10, 15, 20]","[2, 3, 5, 7]","[2, 4, 8]",random,minimize,local
