experiment_id,trial_id,status,start_time,end_time,working_directory,exit_code,experiment_name,experiment_type,search_space_file,trial_command,trial_code_directory,trial_concurrency,max_duration,max_trials,use_annotation,debug_mode,log_level,exp_working_dir,model_types,unit_values,layer_counts,dropout_rates,activations,learning_rate_range,window_sizes,batch_sizes,epoch_options,kernel_sizes,attention_heads,tuner_name,optimize_mode,training_platform
cuvz9eyt,1,0,1778681326163,,/home/meliani/nni-experiments/cuvz9eyt,0,exp_evolution_1200s_local_only_local_only,hpo,/home/meliani/Desktop/phd/fast-track/search_space.json,python3 trial.py --data ./local_only.csv,/home/meliani/Desktop/phd/fast-track,1,1200s,100000000,False,False,info,/home/meliani/nni-experiments,"['LSTM', 'GRU', 'CNN', 'RNN', 'TCN', 'Transformer', 'MLP']","[16, 32, 64, 128, 256]","[1, 2, 3, 4]","[0, 0.1, 0.2, 0.3, 0.5]","['relu', 'tanh', 'sigmoid', 'elu']","[1e-05, 0.01]","[2, 3, 4, 5, 6, 7, 8, 9, 10, 11, 12, 13, 14, 15, 16, 17, 18, 19, 20, 21, 22, 23, 24, 25, 26, 27, 28, 29, 30]","[16, 32, 64, 128]","[5, 10, 15, 20]","[2, 3, 5, 7]","[2, 4, 8]",evolution,minimize,local
cuvz9eyt,2,0,1778681326163,,/home/meliani/nni-experiments/cuvz9eyt,0,exp_evolution_1200s_local_only_local_only,hpo,/home/meliani/Desktop/phd/fast-track/search_space.json,python3 trial.py --data ./local_only.csv,/home/meliani/Desktop/phd/fast-track,1,1200s,100000000,False,False,info,/home/meliani/nni-experiments,"['LSTM', 'GRU', 'CNN', 'RNN', 'TCN', 'Transformer', 'MLP']","[16, 32, 64, 128, 256]","[1, 2, 3, 4]","[0, 0.1, 0.2, 0.3, 0.5]","['relu', 'tanh', 'sigmoid', 'elu']","[1e-05, 0.01]","[2, 3, 4, 5, 6, 7, 8, 9, 10, 11, 12, 13, 14, 15, 16, 17, 18, 19, 20, 21, 22, 23, 24, 25, 26, 27, 28, 29, 30]","[16, 32, 64, 128]","[5, 10, 15, 20]","[2, 3, 5, 7]","[2, 4, 8]",evolution,minimize,local
cuvz9eyt,3,0,1778681326163,,/home/meliani/nni-experiments/cuvz9eyt,1,exp_evolution_1200s_local_only_local_only,hpo,/home/meliani/Desktop/phd/fast-track/search_space.json,python3 trial.py --data ./local_only.csv,/home/meliani/Desktop/phd/fast-track,1,1200s,100000000,False,False,info,/home/meliani/nni-experiments,"['LSTM', 'GRU', 'CNN', 'RNN', 'TCN', 'Transformer', 'MLP']","[16, 32, 64, 128, 256]","[1, 2, 3, 4]","[0, 0.1, 0.2, 0.3, 0.5]","['relu', 'tanh', 'sigmoid', 'elu']","[1e-05, 0.01]","[2, 3, 4, 5, 6, 7, 8, 9, 10, 11, 12, 13, 14, 15, 16, 17, 18, 19, 20, 21, 22, 23, 24, 25, 26, 27, 28, 29, 30]","[16, 32, 64, 128]","[5, 10, 15, 20]","[2, 3, 5, 7]","[2, 4, 8]",evolution,minimize,local
cuvz9eyt,4,6,1778681326163,,/home/meliani/nni-experiments/cuvz9eyt,2,exp_evolution_1200s_local_only_local_only,hpo,/home/meliani/Desktop/phd/fast-track/search_space.json,python3 trial.py --data ./local_only.csv,/home/meliani/Desktop/phd/fast-track,1,1200s,100000000,False,False,info,/home/meliani/nni-experiments,"['LSTM', 'GRU', 'CNN', 'RNN', 'TCN', 'Transformer', 'MLP']","[16, 32, 64, 128, 256]","[1, 2, 3, 4]","[0, 0.1, 0.2, 0.3, 0.5]","['relu', 'tanh', 'sigmoid', 'elu']","[1e-05, 0.01]","[2, 3, 4, 5, 6, 7, 8, 9, 10, 11, 12, 13, 14, 15, 16, 17, 18, 19, 20, 21, 22, 23, 24, 25, 26, 27, 28, 29, 30]","[16, 32, 64, 128]","[5, 10, 15, 20]","[2, 3, 5, 7]","[2, 4, 8]",evolution,minimize,local
cuvz9eyt,5,10,1778681326163,,/home/meliani/nni-experiments/cuvz9eyt,2,exp_evolution_1200s_local_only_local_only,hpo,/home/meliani/Desktop/phd/fast-track/search_space.json,python3 trial.py --data ./local_only.csv,/home/meliani/Desktop/phd/fast-track,1,1200s,100000000,False,False,info,/home/meliani/nni-experiments,"['LSTM', 'GRU', 'CNN', 'RNN', 'TCN', 'Transformer', 'MLP']","[16, 32, 64, 128, 256]","[1, 2, 3, 4]","[0, 0.1, 0.2, 0.3, 0.5]","['relu', 'tanh', 'sigmoid', 'elu']","[1e-05, 0.01]","[2, 3, 4, 5, 6, 7, 8, 9, 10, 11, 12, 13, 14, 15, 16, 17, 18, 19, 20, 21, 22, 23, 24, 25, 26, 27, 28, 29, 30]","[16, 32, 64, 128]","[5, 10, 15, 20]","[2, 3, 5, 7]","[2, 4, 8]",evolution,minimize,local
cuvz9eyt,6,12,1778681326163,,/home/meliani/nni-experiments/cuvz9eyt,3,exp_evolution_1200s_local_only_local_only,hpo,/home/meliani/Desktop/phd/fast-track/search_space.json,python3 trial.py --data ./local_only.csv,/home/meliani/Desktop/phd/fast-track,1,1200s,100000000,False,False,info,/home/meliani/nni-experiments,"['LSTM', 'GRU', 'CNN', 'RNN', 'TCN', 'Transformer', 'MLP']","[16, 32, 64, 128, 256]","[1, 2, 3, 4]","[0, 0.1, 0.2, 0.3, 0.5]","['relu', 'tanh', 'sigmoid', 'elu']","[1e-05, 0.01]","[2, 3, 4, 5, 6, 7, 8, 9, 10, 11, 12, 13, 14, 15, 16, 17, 18, 19, 20, 21, 22, 23, 24, 25, 26, 27, 28, 29, 30]","[16, 32, 64, 128]","[5, 10, 15, 20]","[2, 3, 5, 7]","[2, 4, 8]",evolution,minimize,local
cuvz9eyt,7,20,1778681326163,,/home/meliani/nni-experiments/cuvz9eyt,3,exp_evolution_1200s_local_only_local_only,hpo,/home/meliani/Desktop/phd/fast-track/search_space.json,python3 trial.py --data ./local_only.csv,/home/meliani/Desktop/phd/fast-track,1,1200s,100000000,False,False,info,/home/meliani/nni-experiments,"['LSTM', 'GRU', 'CNN', 'RNN', 'TCN', 'Transformer', 'MLP']","[16, 32, 64, 128, 256]","[1, 2, 3, 4]","[0, 0.1, 0.2, 0.3, 0.5]","['relu', 'tanh', 'sigmoid', 'elu']","[1e-05, 0.01]","[2, 3, 4, 5, 6, 7, 8, 9, 10, 11, 12, 13, 14, 15, 16, 17, 18, 19, 20, 21, 22, 23, 24, 25, 26, 27, 28, 29, 30]","[16, 32, 64, 128]","[5, 10, 15, 20]","[2, 3, 5, 7]","[2, 4, 8]",evolution,minimize,local
cuvz9eyt,8,23,1778681326163,,/home/meliani/nni-experiments/cuvz9eyt,4,exp_evolution_1200s_local_only_local_only,hpo,/home/meliani/Desktop/phd/fast-track/search_space.json,python3 trial.py --data ./local_only.csv,/home/meliani/Desktop/phd/fast-track,1,1200s,100000000,False,False,info,/home/meliani/nni-experiments,"['LSTM', 'GRU', 'CNN', 'RNN', 'TCN', 'Transformer', 'MLP']","[16, 32, 64, 128, 256]","[1, 2, 3, 4]","[0, 0.1, 0.2, 0.3, 0.5]","['relu', 'tanh', 'sigmoid', 'elu']","[1e-05, 0.01]","[2, 3, 4, 5, 6, 7, 8, 9, 10, 11, 12, 13, 14, 15, 16, 17, 18, 19, 20, 21, 22, 23, 24, 25, 26, 27, 28, 29, 30]","[16, 32, 64, 128]","[5, 10, 15, 20]","[2, 3, 5, 7]","[2, 4, 8]",evolution,minimize,local
cuvz9eyt,9,30,1778681326163,,/home/meliani/nni-experiments/cuvz9eyt,4,exp_evolution_1200s_local_only_local_only,hpo,/home/meliani/Desktop/phd/fast-track/search_space.json,python3 trial.py --data ./local_only.csv,/home/meliani/Desktop/phd/fast-track,1,1200s,100000000,False,False,info,/home/meliani/nni-experiments,"['LSTM', 'GRU', 'CNN', 'RNN', 'TCN', 'Transformer', 'MLP']","[16, 32, 64, 128, 256]","[1, 2, 3, 4]","[0, 0.1, 0.2, 0.3, 0.5]","['relu', 'tanh', 'sigmoid', 'elu']","[1e-05, 0.01]","[2, 3, 4, 5, 6, 7, 8, 9, 10, 11, 12, 13, 14, 15, 16, 17, 18, 19, 20, 21, 22, 23, 24, 25, 26, 27, 28, 29, 30]","[16, 32, 64, 128]","[5, 10, 15, 20]","[2, 3, 5, 7]","[2, 4, 8]",evolution,minimize,local
cuvz9eyt,10,36,1778681326163,,/home/meliani/nni-experiments/cuvz9eyt,5,exp_evolution_1200s_local_only_local_only,hpo,/home/meliani/Desktop/phd/fast-track/search_space.json,python3 trial.py --data ./local_only.csv,/home/meliani/Desktop/phd/fast-track,1,1200s,100000000,False,False,info,/home/meliani/nni-experiments,"['LSTM', 'GRU', 'CNN', 'RNN', 'TCN', 'Transformer', 'MLP']","[16, 32, 64, 128, 256]","[1, 2, 3, 4]","[0, 0.1, 0.2, 0.3, 0.5]","['relu', 'tanh', 'sigmoid', 'elu']","[1e-05, 0.01]","[2, 3, 4, 5, 6, 7, 8, 9, 10, 11, 12, 13, 14, 15, 16, 17, 18, 19, 20, 21, 22, 23, 24, 25, 26, 27, 28, 29, 30]","[16, 32, 64, 128]","[5, 10, 15, 20]","[2, 3, 5, 7]","[2, 4, 8]",evolution,minimize,local
cuvz9eyt,11,40,1778681326163,,/home/meliani/nni-experiments/cuvz9eyt,5,exp_evolution_1200s_local_only_local_only,hpo,/home/meliani/Desktop/phd/fast-track/search_space.json,python3 trial.py --data ./local_only.csv,/home/meliani/Desktop/phd/fast-track,1,1200s,100000000,False,False,info,/home/meliani/nni-experiments,"['LSTM', 'GRU', 'CNN', 'RNN', 'TCN', 'Transformer', 'MLP']","[16, 32, 64, 128, 256]","[1, 2, 3, 4]","[0, 0.1, 0.2, 0.3, 0.5]","['relu', 'tanh', 'sigmoid', 'elu']","[1e-05, 0.01]","[2, 3, 4, 5, 6, 7, 8, 9, 10, 11, 12, 13, 14, 15, 16, 17, 18, 19, 20, 21, 22, 23, 24, 25, 26, 27, 28, 29, 30]","[16, 32, 64, 128]","[5, 10, 15, 20]","[2, 3, 5, 7]","[2, 4, 8]",evolution,minimize,local
cuvz9eyt,12,43,1778681326163,,/home/meliani/nni-experiments/cuvz9eyt,6,exp_evolution_1200s_local_only_local_only,hpo,/home/meliani/Desktop/phd/fast-track/search_space.json,python3 trial.py --data ./local_only.csv,/home/meliani/Desktop/phd/fast-track,1,1200s,100000000,False,False,info,/home/meliani/nni-experiments,"['LSTM', 'GRU', 'CNN', 'RNN', 'TCN', 'Transformer', 'MLP']","[16, 32, 64, 128, 256]","[1, 2, 3, 4]","[0, 0.1, 0.2, 0.3, 0.5]","['relu', 'tanh', 'sigmoid', 'elu']","[1e-05, 0.01]","[2, 3, 4, 5, 6, 7, 8, 9, 10, 11, 12, 13, 14, 15, 16, 17, 18, 19, 20, 21, 22, 23, 24, 25, 26, 27, 28, 29, 30]","[16, 32, 64, 128]","[5, 10, 15, 20]","[2, 3, 5, 7]","[2, 4, 8]",evolution,minimize,local
cuvz9eyt,13,50,1778681326163,,/home/meliani/nni-experiments/cuvz9eyt,6,exp_evolution_1200s_local_only_local_only,hpo,/home/meliani/Desktop/phd/fast-track/search_space.json,python3 trial.py --data ./local_only.csv,/home/meliani/Desktop/phd/fast-track,1,1200s,100000000,False,False,info,/home/meliani/nni-experiments,"['LSTM', 'GRU', 'CNN', 'RNN', 'TCN', 'Transformer', 'MLP']","[16, 32, 64, 128, 256]","[1, 2, 3, 4]","[0, 0.1, 0.2, 0.3, 0.5]","['relu', 'tanh', 'sigmoid', 'elu']","[1e-05, 0.01]","[2, 3, 4, 5, 6, 7, 8, 9, 10, 11, 12, 13, 14, 15, 16, 17, 18, 19, 20, 21, 22, 23, 24, 25, 26, 27, 28, 29, 30]","[16, 32, 64, 128]","[5, 10, 15, 20]","[2, 3, 5, 7]","[2, 4, 8]",evolution,minimize,local
cuvz9eyt,14,51,1778681326163,,/home/meliani/nni-experiments/cuvz9eyt,7,exp_evolution_1200s_local_only_local_only,hpo,/home/meliani/Desktop/phd/fast-track/search_space.json,python3 trial.py --data ./local_only.csv,/home/meliani/Desktop/phd/fast-track,1,1200s,100000000,False,False,info,/home/meliani/nni-experiments,"['LSTM', 'GRU', 'CNN', 'RNN', 'TCN', 'Transformer', 'MLP']","[16, 32, 64, 128, 256]","[1, 2, 3, 4]","[0, 0.1, 0.2, 0.3, 0.5]","['relu', 'tanh', 'sigmoid', 'elu']","[1e-05, 0.01]","[2, 3, 4, 5, 6, 7, 8, 9, 10, 11, 12, 13, 14, 15, 16, 17, 18, 19, 20, 21, 22, 23, 24, 25, 26, 27, 28, 29, 30]","[16, 32, 64, 128]","[5, 10, 15, 20]","[2, 3, 5, 7]","[2, 4, 8]",evolution,minimize,local
cuvz9eyt,15,60,1778681326163,,/home/meliani/nni-experiments/cuvz9eyt,7,exp_evolution_1200s_local_only_local_only,hpo,/home/meliani/Desktop/phd/fast-track/search_space.json,python3 trial.py --data ./local_only.csv,/home/meliani/Desktop/phd/fast-track,1,1200s,100000000,False,False,info,/home/meliani/nni-experiments,"['LSTM', 'GRU', 'CNN', 'RNN', 'TCN', 'Transformer', 'MLP']","[16, 32, 64, 128, 256]","[1, 2, 3, 4]","[0, 0.1, 0.2, 0.3, 0.5]","['relu', 'tanh', 'sigmoid', 'elu']","[1e-05, 0.01]","[2, 3, 4, 5, 6, 7, 8, 9, 10, 11, 12, 13, 14, 15, 16, 17, 18, 19, 20, 21, 22, 23, 24, 25, 26, 27, 28, 29, 30]","[16, 32, 64, 128]","[5, 10, 15, 20]","[2, 3, 5, 7]","[2, 4, 8]",evolution,minimize,local
cuvz9eyt,16,60,1778681326163,,/home/meliani/nni-experiments/cuvz9eyt,8,exp_evolution_1200s_local_only_local_only,hpo,/home/meliani/Desktop/phd/fast-track/search_space.json,python3 trial.py --data ./local_only.csv,/home/meliani/Desktop/phd/fast-track,1,1200s,100000000,False,False,info,/home/meliani/nni-experiments,"['LSTM', 'GRU', 'CNN', 'RNN', 'TCN', 'Transformer', 'MLP']","[16, 32, 64, 128, 256]","[1, 2, 3, 4]","[0, 0.1, 0.2, 0.3, 0.5]","['relu', 'tanh', 'sigmoid', 'elu']","[1e-05, 0.01]","[2, 3, 4, 5, 6, 7, 8, 9, 10, 11, 12, 13, 14, 15, 16, 17, 18, 19, 20, 21, 22, 23, 24, 25, 26, 27, 28, 29, 30]","[16, 32, 64, 128]","[5, 10, 15, 20]","[2, 3, 5, 7]","[2, 4, 8]",evolution,minimize,local
cuvz9eyt,17,70,1778681326163,,/home/meliani/nni-experiments/cuvz9eyt,8,exp_evolution_1200s_local_only_local_only,hpo,/home/meliani/Desktop/phd/fast-track/search_space.json,python3 trial.py --data ./local_only.csv,/home/meliani/Desktop/phd/fast-track,1,1200s,100000000,False,False,info,/home/meliani/nni-experiments,"['LSTM', 'GRU', 'CNN', 'RNN', 'TCN', 'Transformer', 'MLP']","[16, 32, 64, 128, 256]","[1, 2, 3, 4]","[0, 0.1, 0.2, 0.3, 0.5]","['relu', 'tanh', 'sigmoid', 'elu']","[1e-05, 0.01]","[2, 3, 4, 5, 6, 7, 8, 9, 10, 11, 12, 13, 14, 15, 16, 17, 18, 19, 20, 21, 22, 23, 24, 25, 26, 27, 28, 29, 30]","[16, 32, 64, 128]","[5, 10, 15, 20]","[2, 3, 5, 7]","[2, 4, 8]",evolution,minimize,local
cuvz9eyt,18,73,1778681326163,,/home/meliani/nni-experiments/cuvz9eyt,9,exp_evolution_1200s_local_only_local_only,hpo,/home/meliani/Desktop/phd/fast-track/search_space.json,python3 trial.py --data ./local_only.csv,/home/meliani/Desktop/phd/fast-track,1,1200s,100000000,False,False,info,/home/meliani/nni-experiments,"['LSTM', 'GRU', 'CNN', 'RNN', 'TCN', 'Transformer', 'MLP']","[16, 32, 64, 128, 256]","[1, 2, 3, 4]","[0, 0.1, 0.2, 0.3, 0.5]","['relu', 'tanh', 'sigmoid', 'elu']","[1e-05, 0.01]","[2, 3, 4, 5, 6, 7, 8, 9, 10, 11, 12, 13, 14, 15, 16, 17, 18, 19, 20, 21, 22, 23, 24, 25, 26, 27, 28, 29, 30]","[16, 32, 64, 128]","[5, 10, 15, 20]","[2, 3, 5, 7]","[2, 4, 8]",evolution,minimize,local
cuvz9eyt,19,80,1778681326163,,/home/meliani/nni-experiments/cuvz9eyt,9,exp_evolution_1200s_local_only_local_only,hpo,/home/meliani/Desktop/phd/fast-track/search_space.json,python3 trial.py --data ./local_only.csv,/home/meliani/Desktop/phd/fast-track,1,1200s,100000000,False,False,info,/home/meliani/nni-experiments,"['LSTM', 'GRU', 'CNN', 'RNN', 'TCN', 'Transformer', 'MLP']","[16, 32, 64, 128, 256]","[1, 2, 3, 4]","[0, 0.1, 0.2, 0.3, 0.5]","['relu', 'tanh', 'sigmoid', 'elu']","[1e-05, 0.01]","[2, 3, 4, 5, 6, 7, 8, 9, 10, 11, 12, 13, 14, 15, 16, 17, 18, 19, 20, 21, 22, 23, 24, 25, 26, 27, 28, 29, 30]","[16, 32, 64, 128]","[5, 10, 15, 20]","[2, 3, 5, 7]","[2, 4, 8]",evolution,minimize,local
cuvz9eyt,20,86,1778681326163,,/home/meliani/nni-experiments/cuvz9eyt,10,exp_evolution_1200s_local_only_local_only,hpo,/home/meliani/Desktop/phd/fast-track/search_space.json,python3 trial.py --data ./local_only.csv,/home/meliani/Desktop/phd/fast-track,1,1200s,100000000,False,False,info,/home/meliani/nni-experiments,"['LSTM', 'GRU', 'CNN', 'RNN', 'TCN', 'Transformer', 'MLP']","[16, 32, 64, 128, 256]","[1, 2, 3, 4]","[0, 0.1, 0.2, 0.3, 0.5]","['relu', 'tanh', 'sigmoid', 'elu']","[1e-05, 0.01]","[2, 3, 4, 5, 6, 7, 8, 9, 10, 11, 12, 13, 14, 15, 16, 17, 18, 19, 20, 21, 22, 23, 24, 25, 26, 27, 28, 29, 30]","[16, 32, 64, 128]","[5, 10, 15, 20]","[2, 3, 5, 7]","[2, 4, 8]",evolution,minimize,local
cuvz9eyt,21,90,1778681326163,,/home/meliani/nni-experiments/cuvz9eyt,10,exp_evolution_1200s_local_only_local_only,hpo,/home/meliani/Desktop/phd/fast-track/search_space.json,python3 trial.py --data ./local_only.csv,/home/meliani/Desktop/phd/fast-track,1,1200s,100000000,False,False,info,/home/meliani/nni-experiments,"['LSTM', 'GRU', 'CNN', 'RNN', 'TCN', 'Transformer', 'MLP']","[16, 32, 64, 128, 256]","[1, 2, 3, 4]","[0, 0.1, 0.2, 0.3, 0.5]","['relu', 'tanh', 'sigmoid', 'elu']","[1e-05, 0.01]","[2, 3, 4, 5, 6, 7, 8, 9, 10, 11, 12, 13, 14, 15, 16, 17, 18, 19, 20, 21, 22, 23, 24, 25, 26, 27, 28, 29, 30]","[16, 32, 64, 128]","[5, 10, 15, 20]","[2, 3, 5, 7]","[2, 4, 8]",evolution,minimize,local
cuvz9eyt,22,94,1778681326163,,/home/meliani/nni-experiments/cuvz9eyt,11,exp_evolution_1200s_local_only_local_only,hpo,/home/meliani/Desktop/phd/fast-track/search_space.json,python3 trial.py --data ./local_only.csv,/home/meliani/Desktop/phd/fast-track,1,1200s,100000000,False,False,info,/home/meliani/nni-experiments,"['LSTM', 'GRU', 'CNN', 'RNN', 'TCN', 'Transformer', 'MLP']","[16, 32, 64, 128, 256]","[1, 2, 3, 4]","[0, 0.1, 0.2, 0.3, 0.5]","['relu', 'tanh', 'sigmoid', 'elu']","[1e-05, 0.01]","[2, 3, 4, 5, 6, 7, 8, 9, 10, 11, 12, 13, 14, 15, 16, 17, 18, 19, 20, 21, 22, 23, 24, 25, 26, 27, 28, 29, 30]","[16, 32, 64, 128]","[5, 10, 15, 20]","[2, 3, 5, 7]","[2, 4, 8]",evolution,minimize,local
cuvz9eyt,23,100,1778681326163,,/home/meliani/nni-experiments/cuvz9eyt,11,exp_evolution_1200s_local_only_local_only,hpo,/home/meliani/Desktop/phd/fast-track/search_space.json,python3 trial.py --data ./local_only.csv,/home/meliani/Desktop/phd/fast-track,1,1200s,100000000,False,False,info,/home/meliani/nni-experiments,"['LSTM', 'GRU', 'CNN', 'RNN', 'TCN', 'Transformer', 'MLP']","[16, 32, 64, 128, 256]","[1, 2, 3, 4]","[0, 0.1, 0.2, 0.3, 0.5]","['relu', 'tanh', 'sigmoid', 'elu']","[1e-05, 0.01]","[2, 3, 4, 5, 6, 7, 8, 9, 10, 11, 12, 13, 14, 15, 16, 17, 18, 19, 20, 21, 22, 23, 24, 25, 26, 27, 28, 29, 30]","[16, 32, 64, 128]","[5, 10, 15, 20]","[2, 3, 5, 7]","[2, 4, 8]",evolution,minimize,local
cuvz9eyt,24,110,1778681326163,,/home/meliani/nni-experiments/cuvz9eyt,11,exp_evolution_1200s_local_only_local_only,hpo,/home/meliani/Desktop/phd/fast-track/search_space.json,python3 trial.py --data ./local_only.csv,/home/meliani/Desktop/phd/fast-track,1,1200s,100000000,False,False,info,/home/meliani/nni-experiments,"['LSTM', 'GRU', 'CNN', 'RNN', 'TCN', 'Transformer', 'MLP']","[16, 32, 64, 128, 256]","[1, 2, 3, 4]","[0, 0.1, 0.2, 0.3, 0.5]","['relu', 'tanh', 'sigmoid', 'elu']","[1e-05, 0.01]","[2, 3, 4, 5, 6, 7, 8, 9, 10, 11, 12, 13, 14, 15, 16, 17, 18, 19, 20, 21, 22, 23, 24, 25, 26, 27, 28, 29, 30]","[16, 32, 64, 128]","[5, 10, 15, 20]","[2, 3, 5, 7]","[2, 4, 8]",evolution,minimize,local
cuvz9eyt,25,120,1778681326163,,/home/meliani/nni-experiments/cuvz9eyt,11,exp_evolution_1200s_local_only_local_only,hpo,/home/meliani/Desktop/phd/fast-track/search_space.json,python3 trial.py --data ./local_only.csv,/home/meliani/Desktop/phd/fast-track,1,1200s,100000000,False,False,info,/home/meliani/nni-experiments,"['LSTM', 'GRU', 'CNN', 'RNN', 'TCN', 'Transformer', 'MLP']","[16, 32, 64, 128, 256]","[1, 2, 3, 4]","[0, 0.1, 0.2, 0.3, 0.5]","['relu', 'tanh', 'sigmoid', 'elu']","[1e-05, 0.01]","[2, 3, 4, 5, 6, 7, 8, 9, 10, 11, 12, 13, 14, 15, 16, 17, 18, 19, 20, 21, 22, 23, 24, 25, 26, 27, 28, 29, 30]","[16, 32, 64, 128]","[5, 10, 15, 20]","[2, 3, 5, 7]","[2, 4, 8]",evolution,minimize,local
cuvz9eyt,26,123,1778681326163,,/home/meliani/nni-experiments/cuvz9eyt,12,exp_evolution_1200s_local_only_local_only,hpo,/home/meliani/Desktop/phd/fast-track/search_space.json,python3 trial.py --data ./local_only.csv,/home/meliani/Desktop/phd/fast-track,1,1200s,100000000,False,False,info,/home/meliani/nni-experiments,"['LSTM', 'GRU', 'CNN', 'RNN', 'TCN', 'Transformer', 'MLP']","[16, 32, 64, 128, 256]","[1, 2, 3, 4]","[0, 0.1, 0.2, 0.3, 0.5]","['relu', 'tanh', 'sigmoid', 'elu']","[1e-05, 0.01]","[2, 3, 4, 5, 6, 7, 8, 9, 10, 11, 12, 13, 14, 15, 16, 17, 18, 19, 20, 21, 22, 23, 24, 25, 26, 27, 28, 29, 30]","[16, 32, 64, 128]","[5, 10, 15, 20]","[2, 3, 5, 7]","[2, 4, 8]",evolution,minimize,local
cuvz9eyt,27,128,1778681326163,,/home/meliani/nni-experiments/cuvz9eyt,13,exp_evolution_1200s_local_only_local_only,hpo,/home/meliani/Desktop/phd/fast-track/search_space.json,python3 trial.py --data ./local_only.csv,/home/meliani/Desktop/phd/fast-track,1,1200s,100000000,False,False,info,/home/meliani/nni-experiments,"['LSTM', 'GRU', 'CNN', 'RNN', 'TCN', 'Transformer', 'MLP']","[16, 32, 64, 128, 256]","[1, 2, 3, 4]","[0, 0.1, 0.2, 0.3, 0.5]","['relu', 'tanh', 'sigmoid', 'elu']","[1e-05, 0.01]","[2, 3, 4, 5, 6, 7, 8, 9, 10, 11, 12, 13, 14, 15, 16, 17, 18, 19, 20, 21, 22, 23, 24, 25, 26, 27, 28, 29, 30]","[16, 32, 64, 128]","[5, 10, 15, 20]","[2, 3, 5, 7]","[2, 4, 8]",evolution,minimize,local
cuvz9eyt,28,130,1778681326163,,/home/meliani/nni-experiments/cuvz9eyt,13,exp_evolution_1200s_local_only_local_only,hpo,/home/meliani/Desktop/phd/fast-track/search_space.json,python3 trial.py --data ./local_only.csv,/home/meliani/Desktop/phd/fast-track,1,1200s,100000000,False,False,info,/home/meliani/nni-experiments,"['LSTM', 'GRU', 'CNN', 'RNN', 'TCN', 'Transformer', 'MLP']","[16, 32, 64, 128, 256]","[1, 2, 3, 4]","[0, 0.1, 0.2, 0.3, 0.5]","['relu', 'tanh', 'sigmoid', 'elu']","[1e-05, 0.01]","[2, 3, 4, 5, 6, 7, 8, 9, 10, 11, 12, 13, 14, 15, 16, 17, 18, 19, 20, 21, 22, 23, 24, 25, 26, 27, 28, 29, 30]","[16, 32, 64, 128]","[5, 10, 15, 20]","[2, 3, 5, 7]","[2, 4, 8]",evolution,minimize,local
cuvz9eyt,29,133,1778681326163,,/home/meliani/nni-experiments/cuvz9eyt,14,exp_evolution_1200s_local_only_local_only,hpo,/home/meliani/Desktop/phd/fast-track/search_space.json,python3 trial.py --data ./local_only.csv,/home/meliani/Desktop/phd/fast-track,1,1200s,100000000,False,False,info,/home/meliani/nni-experiments,"['LSTM', 'GRU', 'CNN', 'RNN', 'TCN', 'Transformer', 'MLP']","[16, 32, 64, 128, 256]","[1, 2, 3, 4]","[0, 0.1, 0.2, 0.3, 0.5]","['relu', 'tanh', 'sigmoid', 'elu']","[1e-05, 0.01]","[2, 3, 4, 5, 6, 7, 8, 9, 10, 11, 12, 13, 14, 15, 16, 17, 18, 19, 20, 21, 22, 23, 24, 25, 26, 27, 28, 29, 30]","[16, 32, 64, 128]","[5, 10, 15, 20]","[2, 3, 5, 7]","[2, 4, 8]",evolution,minimize,local
cuvz9eyt,30,139,1778681326163,,/home/meliani/nni-experiments/cuvz9eyt,15,exp_evolution_1200s_local_only_local_only,hpo,/home/meliani/Desktop/phd/fast-track/search_space.json,python3 trial.py --data ./local_only.csv,/home/meliani/Desktop/phd/fast-track,1,1200s,100000000,False,False,info,/home/meliani/nni-experiments,"['LSTM', 'GRU', 'CNN', 'RNN', 'TCN', 'Transformer', 'MLP']","[16, 32, 64, 128, 256]","[1, 2, 3, 4]","[0, 0.1, 0.2, 0.3, 0.5]","['relu', 'tanh', 'sigmoid', 'elu']","[1e-05, 0.01]","[2, 3, 4, 5, 6, 7, 8, 9, 10, 11, 12, 13, 14, 15, 16, 17, 18, 19, 20, 21, 22, 23, 24, 25, 26, 27, 28, 29, 30]","[16, 32, 64, 128]","[5, 10, 15, 20]","[2, 3, 5, 7]","[2, 4, 8]",evolution,minimize,local
cuvz9eyt,31,140,1778681326163,,/home/meliani/nni-experiments/cuvz9eyt,15,exp_evolution_1200s_local_only_local_only,hpo,/home/meliani/Desktop/phd/fast-track/search_space.json,python3 trial.py --data ./local_only.csv,/home/meliani/Desktop/phd/fast-track,1,1200s,100000000,False,False,info,/home/meliani/nni-experiments,"['LSTM', 'GRU', 'CNN', 'RNN', 'TCN', 'Transformer', 'MLP']","[16, 32, 64, 128, 256]","[1, 2, 3, 4]","[0, 0.1, 0.2, 0.3, 0.5]","['relu', 'tanh', 'sigmoid', 'elu']","[1e-05, 0.01]","[2, 3, 4, 5, 6, 7, 8, 9, 10, 11, 12, 13, 14, 15, 16, 17, 18, 19, 20, 21, 22, 23, 24, 25, 26, 27, 28, 29, 30]","[16, 32, 64, 128]","[5, 10, 15, 20]","[2, 3, 5, 7]","[2, 4, 8]",evolution,minimize,local
cuvz9eyt,32,143,1778681326163,,/home/meliani/nni-experiments/cuvz9eyt,16,exp_evolution_1200s_local_only_local_only,hpo,/home/meliani/Desktop/phd/fast-track/search_space.json,python3 trial.py --data ./local_only.csv,/home/meliani/Desktop/phd/fast-track,1,1200s,100000000,False,False,info,/home/meliani/nni-experiments,"['LSTM', 'GRU', 'CNN', 'RNN', 'TCN', 'Transformer', 'MLP']","[16, 32, 64, 128, 256]","[1, 2, 3, 4]","[0, 0.1, 0.2, 0.3, 0.5]","['relu', 'tanh', 'sigmoid', 'elu']","[1e-05, 0.01]","[2, 3, 4, 5, 6, 7, 8, 9, 10, 11, 12, 13, 14, 15, 16, 17, 18, 19, 20, 21, 22, 23, 24, 25, 26, 27, 28, 29, 30]","[16, 32, 64, 128]","[5, 10, 15, 20]","[2, 3, 5, 7]","[2, 4, 8]",evolution,minimize,local
cuvz9eyt,33,150,1778681326163,,/home/meliani/nni-experiments/cuvz9eyt,16,exp_evolution_1200s_local_only_local_only,hpo,/home/meliani/Desktop/phd/fast-track/search_space.json,python3 trial.py --data ./local_only.csv,/home/meliani/Desktop/phd/fast-track,1,1200s,100000000,False,False,info,/home/meliani/nni-experiments,"['LSTM', 'GRU', 'CNN', 'RNN', 'TCN', 'Transformer', 'MLP']","[16, 32, 64, 128, 256]","[1, 2, 3, 4]","[0, 0.1, 0.2, 0.3, 0.5]","['relu', 'tanh', 'sigmoid', 'elu']","[1e-05, 0.01]","[2, 3, 4, 5, 6, 7, 8, 9, 10, 11, 12, 13, 14, 15, 16, 17, 18, 19, 20, 21, 22, 23, 24, 25, 26, 27, 28, 29, 30]","[16, 32, 64, 128]","[5, 10, 15, 20]","[2, 3, 5, 7]","[2, 4, 8]",evolution,minimize,local
cuvz9eyt,34,160,1778681326163,,/home/meliani/nni-experiments/cuvz9eyt,16,exp_evolution_1200s_local_only_local_only,hpo,/home/meliani/Desktop/phd/fast-track/search_space.json,python3 trial.py --data ./local_only.csv,/home/meliani/Desktop/phd/fast-track,1,1200s,100000000,False,False,info,/home/meliani/nni-experiments,"['LSTM', 'GRU', 'CNN', 'RNN', 'TCN', 'Transformer', 'MLP']","[16, 32, 64, 128, 256]","[1, 2, 3, 4]","[0, 0.1, 0.2, 0.3, 0.5]","['relu', 'tanh', 'sigmoid', 'elu']","[1e-05, 0.01]","[2, 3, 4, 5, 6, 7, 8, 9, 10, 11, 12, 13, 14, 15, 16, 17, 18, 19, 20, 21, 22, 23, 24, 25, 26, 27, 28, 29, 30]","[16, 32, 64, 128]","[5, 10, 15, 20]","[2, 3, 5, 7]","[2, 4, 8]",evolution,minimize,local
cuvz9eyt,35,165,1778681326163,,/home/meliani/nni-experiments/cuvz9eyt,17,exp_evolution_1200s_local_only_local_only,hpo,/home/meliani/Desktop/phd/fast-track/search_space.json,python3 trial.py --data ./local_only.csv,/home/meliani/Desktop/phd/fast-track,1,1200s,100000000,False,False,info,/home/meliani/nni-experiments,"['LSTM', 'GRU', 'CNN', 'RNN', 'TCN', 'Transformer', 'MLP']","[16, 32, 64, 128, 256]","[1, 2, 3, 4]","[0, 0.1, 0.2, 0.3, 0.5]","['relu', 'tanh', 'sigmoid', 'elu']","[1e-05, 0.01]","[2, 3, 4, 5, 6, 7, 8, 9, 10, 11, 12, 13, 14, 15, 16, 17, 18, 19, 20, 21, 22, 23, 24, 25, 26, 27, 28, 29, 30]","[16, 32, 64, 128]","[5, 10, 15, 20]","[2, 3, 5, 7]","[2, 4, 8]",evolution,minimize,local
cuvz9eyt,36,170,1778681326163,,/home/meliani/nni-experiments/cuvz9eyt,17,exp_evolution_1200s_local_only_local_only,hpo,/home/meliani/Desktop/phd/fast-track/search_space.json,python3 trial.py --data ./local_only.csv,/home/meliani/Desktop/phd/fast-track,1,1200s,100000000,False,False,info,/home/meliani/nni-experiments,"['LSTM', 'GRU', 'CNN', 'RNN', 'TCN', 'Transformer', 'MLP']","[16, 32, 64, 128, 256]","[1, 2, 3, 4]","[0, 0.1, 0.2, 0.3, 0.5]","['relu', 'tanh', 'sigmoid', 'elu']","[1e-05, 0.01]","[2, 3, 4, 5, 6, 7, 8, 9, 10, 11, 12, 13, 14, 15, 16, 17, 18, 19, 20, 21, 22, 23, 24, 25, 26, 27, 28, 29, 30]","[16, 32, 64, 128]","[5, 10, 15, 20]","[2, 3, 5, 7]","[2, 4, 8]",evolution,minimize,local
cuvz9eyt,37,172,1778681326163,,/home/meliani/nni-experiments/cuvz9eyt,18,exp_evolution_1200s_local_only_local_only,hpo,/home/meliani/Desktop/phd/fast-track/search_space.json,python3 trial.py --data ./local_only.csv,/home/meliani/Desktop/phd/fast-track,1,1200s,100000000,False,False,info,/home/meliani/nni-experiments,"['LSTM', 'GRU', 'CNN', 'RNN', 'TCN', 'Transformer', 'MLP']","[16, 32, 64, 128, 256]","[1, 2, 3, 4]","[0, 0.1, 0.2, 0.3, 0.5]","['relu', 'tanh', 'sigmoid', 'elu']","[1e-05, 0.01]","[2, 3, 4, 5, 6, 7, 8, 9, 10, 11, 12, 13, 14, 15, 16, 17, 18, 19, 20, 21, 22, 23, 24, 25, 26, 27, 28, 29, 30]","[16, 32, 64, 128]","[5, 10, 15, 20]","[2, 3, 5, 7]","[2, 4, 8]",evolution,minimize,local
cuvz9eyt,38,180,1778681326163,,/home/meliani/nni-experiments/cuvz9eyt,18,exp_evolution_1200s_local_only_local_only,hpo,/home/meliani/Desktop/phd/fast-track/search_space.json,python3 trial.py --data ./local_only.csv,/home/meliani/Desktop/phd/fast-track,1,1200s,100000000,False,False,info,/home/meliani/nni-experiments,"['LSTM', 'GRU', 'CNN', 'RNN', 'TCN', 'Transformer', 'MLP']","[16, 32, 64, 128, 256]","[1, 2, 3, 4]","[0, 0.1, 0.2, 0.3, 0.5]","['relu', 'tanh', 'sigmoid', 'elu']","[1e-05, 0.01]","[2, 3, 4, 5, 6, 7, 8, 9, 10, 11, 12, 13, 14, 15, 16, 17, 18, 19, 20, 21, 22, 23, 24, 25, 26, 27, 28, 29, 30]","[16, 32, 64, 128]","[5, 10, 15, 20]","[2, 3, 5, 7]","[2, 4, 8]",evolution,minimize,local
cuvz9eyt,39,183,1778681326163,,/home/meliani/nni-experiments/cuvz9eyt,19,exp_evolution_1200s_local_only_local_only,hpo,/home/meliani/Desktop/phd/fast-track/search_space.json,python3 trial.py --data ./local_only.csv,/home/meliani/Desktop/phd/fast-track,1,1200s,100000000,False,False,info,/home/meliani/nni-experiments,"['LSTM', 'GRU', 'CNN', 'RNN', 'TCN', 'Transformer', 'MLP']","[16, 32, 64, 128, 256]","[1, 2, 3, 4]","[0, 0.1, 0.2, 0.3, 0.5]","['relu', 'tanh', 'sigmoid', 'elu']","[1e-05, 0.01]","[2, 3, 4, 5, 6, 7, 8, 9, 10, 11, 12, 13, 14, 15, 16, 17, 18, 19, 20, 21, 22, 23, 24, 25, 26, 27, 28, 29, 30]","[16, 32, 64, 128]","[5, 10, 15, 20]","[2, 3, 5, 7]","[2, 4, 8]",evolution,minimize,local
cuvz9eyt,40,189,1778681326163,,/home/meliani/nni-experiments/cuvz9eyt,20,exp_evolution_1200s_local_only_local_only,hpo,/home/meliani/Desktop/phd/fast-track/search_space.json,python3 trial.py --data ./local_only.csv,/home/meliani/Desktop/phd/fast-track,1,1200s,100000000,False,False,info,/home/meliani/nni-experiments,"['LSTM', 'GRU', 'CNN', 'RNN', 'TCN', 'Transformer', 'MLP']","[16, 32, 64, 128, 256]","[1, 2, 3, 4]","[0, 0.1, 0.2, 0.3, 0.5]","['relu', 'tanh', 'sigmoid', 'elu']","[1e-05, 0.01]","[2, 3, 4, 5, 6, 7, 8, 9, 10, 11, 12, 13, 14, 15, 16, 17, 18, 19, 20, 21, 22, 23, 24, 25, 26, 27, 28, 29, 30]","[16, 32, 64, 128]","[5, 10, 15, 20]","[2, 3, 5, 7]","[2, 4, 8]",evolution,minimize,local
cuvz9eyt,41,190,1778681326163,,/home/meliani/nni-experiments/cuvz9eyt,20,exp_evolution_1200s_local_only_local_only,hpo,/home/meliani/Desktop/phd/fast-track/search_space.json,python3 trial.py --data ./local_only.csv,/home/meliani/Desktop/phd/fast-track,1,1200s,100000000,False,False,info,/home/meliani/nni-experiments,"['LSTM', 'GRU', 'CNN', 'RNN', 'TCN', 'Transformer', 'MLP']","[16, 32, 64, 128, 256]","[1, 2, 3, 4]","[0, 0.1, 0.2, 0.3, 0.5]","['relu', 'tanh', 'sigmoid', 'elu']","[1e-05, 0.01]","[2, 3, 4, 5, 6, 7, 8, 9, 10, 11, 12, 13, 14, 15, 16, 17, 18, 19, 20, 21, 22, 23, 24, 25, 26, 27, 28, 29, 30]","[16, 32, 64, 128]","[5, 10, 15, 20]","[2, 3, 5, 7]","[2, 4, 8]",evolution,minimize,local
cuvz9eyt,42,195,1778681326163,,/home/meliani/nni-experiments/cuvz9eyt,21,exp_evolution_1200s_local_only_local_only,hpo,/home/meliani/Desktop/phd/fast-track/search_space.json,python3 trial.py --data ./local_only.csv,/home/meliani/Desktop/phd/fast-track,1,1200s,100000000,False,False,info,/home/meliani/nni-experiments,"['LSTM', 'GRU', 'CNN', 'RNN', 'TCN', 'Transformer', 'MLP']","[16, 32, 64, 128, 256]","[1, 2, 3, 4]","[0, 0.1, 0.2, 0.3, 0.5]","['relu', 'tanh', 'sigmoid', 'elu']","[1e-05, 0.01]","[2, 3, 4, 5, 6, 7, 8, 9, 10, 11, 12, 13, 14, 15, 16, 17, 18, 19, 20, 21, 22, 23, 24, 25, 26, 27, 28, 29, 30]","[16, 32, 64, 128]","[5, 10, 15, 20]","[2, 3, 5, 7]","[2, 4, 8]",evolution,minimize,local
cuvz9eyt,43,200,1778681326163,,/home/meliani/nni-experiments/cuvz9eyt,21,exp_evolution_1200s_local_only_local_only,hpo,/home/meliani/Desktop/phd/fast-track/search_space.json,python3 trial.py --data ./local_only.csv,/home/meliani/Desktop/phd/fast-track,1,1200s,100000000,False,False,info,/home/meliani/nni-experiments,"['LSTM', 'GRU', 'CNN', 'RNN', 'TCN', 'Transformer', 'MLP']","[16, 32, 64, 128, 256]","[1, 2, 3, 4]","[0, 0.1, 0.2, 0.3, 0.5]","['relu', 'tanh', 'sigmoid', 'elu']","[1e-05, 0.01]","[2, 3, 4, 5, 6, 7, 8, 9, 10, 11, 12, 13, 14, 15, 16, 17, 18, 19, 20, 21, 22, 23, 24, 25, 26, 27, 28, 29, 30]","[16, 32, 64, 128]","[5, 10, 15, 20]","[2, 3, 5, 7]","[2, 4, 8]",evolution,minimize,local
cuvz9eyt,44,208,1778681326163,,/home/meliani/nni-experiments/cuvz9eyt,22,exp_evolution_1200s_local_only_local_only,hpo,/home/meliani/Desktop/phd/fast-track/search_space.json,python3 trial.py --data ./local_only.csv,/home/meliani/Desktop/phd/fast-track,1,1200s,100000000,False,False,info,/home/meliani/nni-experiments,"['LSTM', 'GRU', 'CNN', 'RNN', 'TCN', 'Transformer', 'MLP']","[16, 32, 64, 128, 256]","[1, 2, 3, 4]","[0, 0.1, 0.2, 0.3, 0.5]","['relu', 'tanh', 'sigmoid', 'elu']","[1e-05, 0.01]","[2, 3, 4, 5, 6, 7, 8, 9, 10, 11, 12, 13, 14, 15, 16, 17, 18, 19, 20, 21, 22, 23, 24, 25, 26, 27, 28, 29, 30]","[16, 32, 64, 128]","[5, 10, 15, 20]","[2, 3, 5, 7]","[2, 4, 8]",evolution,minimize,local
cuvz9eyt,45,210,1778681326163,,/home/meliani/nni-experiments/cuvz9eyt,22,exp_evolution_1200s_local_only_local_only,hpo,/home/meliani/Desktop/phd/fast-track/search_space.json,python3 trial.py --data ./local_only.csv,/home/meliani/Desktop/phd/fast-track,1,1200s,100000000,False,False,info,/home/meliani/nni-experiments,"['LSTM', 'GRU', 'CNN', 'RNN', 'TCN', 'Transformer', 'MLP']","[16, 32, 64, 128, 256]","[1, 2, 3, 4]","[0, 0.1, 0.2, 0.3, 0.5]","['relu', 'tanh', 'sigmoid', 'elu']","[1e-05, 0.01]","[2, 3, 4, 5, 6, 7, 8, 9, 10, 11, 12, 13, 14, 15, 16, 17, 18, 19, 20, 21, 22, 23, 24, 25, 26, 27, 28, 29, 30]","[16, 32, 64, 128]","[5, 10, 15, 20]","[2, 3, 5, 7]","[2, 4, 8]",evolution,minimize,local
cuvz9eyt,46,219,1778681326163,,/home/meliani/nni-experiments/cuvz9eyt,23,exp_evolution_1200s_local_only_local_only,hpo,/home/meliani/Desktop/phd/fast-track/search_space.json,python3 trial.py --data ./local_only.csv,/home/meliani/Desktop/phd/fast-track,1,1200s,100000000,False,False,info,/home/meliani/nni-experiments,"['LSTM', 'GRU', 'CNN', 'RNN', 'TCN', 'Transformer', 'MLP']","[16, 32, 64, 128, 256]","[1, 2, 3, 4]","[0, 0.1, 0.2, 0.3, 0.5]","['relu', 'tanh', 'sigmoid', 'elu']","[1e-05, 0.01]","[2, 3, 4, 5, 6, 7, 8, 9, 10, 11, 12, 13, 14, 15, 16, 17, 18, 19, 20, 21, 22, 23, 24, 25, 26, 27, 28, 29, 30]","[16, 32, 64, 128]","[5, 10, 15, 20]","[2, 3, 5, 7]","[2, 4, 8]",evolution,minimize,local
cuvz9eyt,47,220,1778681326163,,/home/meliani/nni-experiments/cuvz9eyt,23,exp_evolution_1200s_local_only_local_only,hpo,/home/meliani/Desktop/phd/fast-track/search_space.json,python3 trial.py --data ./local_only.csv,/home/meliani/Desktop/phd/fast-track,1,1200s,100000000,False,False,info,/home/meliani/nni-experiments,"['LSTM', 'GRU', 'CNN', 'RNN', 'TCN', 'Transformer', 'MLP']","[16, 32, 64, 128, 256]","[1, 2, 3, 4]","[0, 0.1, 0.2, 0.3, 0.5]","['relu', 'tanh', 'sigmoid', 'elu']","[1e-05, 0.01]","[2, 3, 4, 5, 6, 7, 8, 9, 10, 11, 12, 13, 14, 15, 16, 17, 18, 19, 20, 21, 22, 23, 24, 25, 26, 27, 28, 29, 30]","[16, 32, 64, 128]","[5, 10, 15, 20]","[2, 3, 5, 7]","[2, 4, 8]",evolution,minimize,local
cuvz9eyt,48,227,1778681326163,,/home/meliani/nni-experiments/cuvz9eyt,24,exp_evolution_1200s_local_only_local_only,hpo,/home/meliani/Desktop/phd/fast-track/search_space.json,python3 trial.py --data ./local_only.csv,/home/meliani/Desktop/phd/fast-track,1,1200s,100000000,False,False,info,/home/meliani/nni-experiments,"['LSTM', 'GRU', 'CNN', 'RNN', 'TCN', 'Transformer', 'MLP']","[16, 32, 64, 128, 256]","[1, 2, 3, 4]","[0, 0.1, 0.2, 0.3, 0.5]","['relu', 'tanh', 'sigmoid', 'elu']","[1e-05, 0.01]","[2, 3, 4, 5, 6, 7, 8, 9, 10, 11, 12, 13, 14, 15, 16, 17, 18, 19, 20, 21, 22, 23, 24, 25, 26, 27, 28, 29, 30]","[16, 32, 64, 128]","[5, 10, 15, 20]","[2, 3, 5, 7]","[2, 4, 8]",evolution,minimize,local
cuvz9eyt,49,230,1778681326163,,/home/meliani/nni-experiments/cuvz9eyt,24,exp_evolution_1200s_local_only_local_only,hpo,/home/meliani/Desktop/phd/fast-track/search_space.json,python3 trial.py --data ./local_only.csv,/home/meliani/Desktop/phd/fast-track,1,1200s,100000000,False,False,info,/home/meliani/nni-experiments,"['LSTM', 'GRU', 'CNN', 'RNN', 'TCN', 'Transformer', 'MLP']","[16, 32, 64, 128, 256]","[1, 2, 3, 4]","[0, 0.1, 0.2, 0.3, 0.5]","['relu', 'tanh', 'sigmoid', 'elu']","[1e-05, 0.01]","[2, 3, 4, 5, 6, 7, 8, 9, 10, 11, 12, 13, 14, 15, 16, 17, 18, 19, 20, 21, 22, 23, 24, 25, 26, 27, 28, 29, 30]","[16, 32, 64, 128]","[5, 10, 15, 20]","[2, 3, 5, 7]","[2, 4, 8]",evolution,minimize,local
cuvz9eyt,50,240,1778681326163,,/home/meliani/nni-experiments/cuvz9eyt,24,exp_evolution_1200s_local_only_local_only,hpo,/home/meliani/Desktop/phd/fast-track/search_space.json,python3 trial.py --data ./local_only.csv,/home/meliani/Desktop/phd/fast-track,1,1200s,100000000,False,False,info,/home/meliani/nni-experiments,"['LSTM', 'GRU', 'CNN', 'RNN', 'TCN', 'Transformer', 'MLP']","[16, 32, 64, 128, 256]","[1, 2, 3, 4]","[0, 0.1, 0.2, 0.3, 0.5]","['relu', 'tanh', 'sigmoid', 'elu']","[1e-05, 0.01]","[2, 3, 4, 5, 6, 7, 8, 9, 10, 11, 12, 13, 14, 15, 16, 17, 18, 19, 20, 21, 22, 23, 24, 25, 26, 27, 28, 29, 30]","[16, 32, 64, 128]","[5, 10, 15, 20]","[2, 3, 5, 7]","[2, 4, 8]",evolution,minimize,local
cuvz9eyt,51,250,1778681326163,,/home/meliani/nni-experiments/cuvz9eyt,24,exp_evolution_1200s_local_only_local_only,hpo,/home/meliani/Desktop/phd/fast-track/search_space.json,python3 trial.py --data ./local_only.csv,/home/meliani/Desktop/phd/fast-track,1,1200s,100000000,False,False,info,/home/meliani/nni-experiments,"['LSTM', 'GRU', 'CNN', 'RNN', 'TCN', 'Transformer', 'MLP']","[16, 32, 64, 128, 256]","[1, 2, 3, 4]","[0, 0.1, 0.2, 0.3, 0.5]","['relu', 'tanh', 'sigmoid', 'elu']","[1e-05, 0.01]","[2, 3, 4, 5, 6, 7, 8, 9, 10, 11, 12, 13, 14, 15, 16, 17, 18, 19, 20, 21, 22, 23, 24, 25, 26, 27, 28, 29, 30]","[16, 32, 64, 128]","[5, 10, 15, 20]","[2, 3, 5, 7]","[2, 4, 8]",evolution,minimize,local
cuvz9eyt,52,260,1778681326163,,/home/meliani/nni-experiments/cuvz9eyt,24,exp_evolution_1200s_local_only_local_only,hpo,/home/meliani/Desktop/phd/fast-track/search_space.json,python3 trial.py --data ./local_only.csv,/home/meliani/Desktop/phd/fast-track,1,1200s,100000000,False,False,info,/home/meliani/nni-experiments,"['LSTM', 'GRU', 'CNN', 'RNN', 'TCN', 'Transformer', 'MLP']","[16, 32, 64, 128, 256]","[1, 2, 3, 4]","[0, 0.1, 0.2, 0.3, 0.5]","['relu', 'tanh', 'sigmoid', 'elu']","[1e-05, 0.01]","[2, 3, 4, 5, 6, 7, 8, 9, 10, 11, 12, 13, 14, 15, 16, 17, 18, 19, 20, 21, 22, 23, 24, 25, 26, 27, 28, 29, 30]","[16, 32, 64, 128]","[5, 10, 15, 20]","[2, 3, 5, 7]","[2, 4, 8]",evolution,minimize,local
cuvz9eyt,53,270,1778681326163,,/home/meliani/nni-experiments/cuvz9eyt,24,exp_evolution_1200s_local_only_local_only,hpo,/home/meliani/Desktop/phd/fast-track/search_space.json,python3 trial.py --data ./local_only.csv,/home/meliani/Desktop/phd/fast-track,1,1200s,100000000,False,False,info,/home/meliani/nni-experiments,"['LSTM', 'GRU', 'CNN', 'RNN', 'TCN', 'Transformer', 'MLP']","[16, 32, 64, 128, 256]","[1, 2, 3, 4]","[0, 0.1, 0.2, 0.3, 0.5]","['relu', 'tanh', 'sigmoid', 'elu']","[1e-05, 0.01]","[2, 3, 4, 5, 6, 7, 8, 9, 10, 11, 12, 13, 14, 15, 16, 17, 18, 19, 20, 21, 22, 23, 24, 25, 26, 27, 28, 29, 30]","[16, 32, 64, 128]","[5, 10, 15, 20]","[2, 3, 5, 7]","[2, 4, 8]",evolution,minimize,local
cuvz9eyt,54,272,1778681326163,,/home/meliani/nni-experiments/cuvz9eyt,25,exp_evolution_1200s_local_only_local_only,hpo,/home/meliani/Desktop/phd/fast-track/search_space.json,python3 trial.py --data ./local_only.csv,/home/meliani/Desktop/phd/fast-track,1,1200s,100000000,False,False,info,/home/meliani/nni-experiments,"['LSTM', 'GRU', 'CNN', 'RNN', 'TCN', 'Transformer', 'MLP']","[16, 32, 64, 128, 256]","[1, 2, 3, 4]","[0, 0.1, 0.2, 0.3, 0.5]","['relu', 'tanh', 'sigmoid', 'elu']","[1e-05, 0.01]","[2, 3, 4, 5, 6, 7, 8, 9, 10, 11, 12, 13, 14, 15, 16, 17, 18, 19, 20, 21, 22, 23, 24, 25, 26, 27, 28, 29, 30]","[16, 32, 64, 128]","[5, 10, 15, 20]","[2, 3, 5, 7]","[2, 4, 8]",evolution,minimize,local
cuvz9eyt,55,279,1778681326163,,/home/meliani/nni-experiments/cuvz9eyt,26,exp_evolution_1200s_local_only_local_only,hpo,/home/meliani/Desktop/phd/fast-track/search_space.json,python3 trial.py --data ./local_only.csv,/home/meliani/Desktop/phd/fast-track,1,1200s,100000000,False,False,info,/home/meliani/nni-experiments,"['LSTM', 'GRU', 'CNN', 'RNN', 'TCN', 'Transformer', 'MLP']","[16, 32, 64, 128, 256]","[1, 2, 3, 4]","[0, 0.1, 0.2, 0.3, 0.5]","['relu', 'tanh', 'sigmoid', 'elu']","[1e-05, 0.01]","[2, 3, 4, 5, 6, 7, 8, 9, 10, 11, 12, 13, 14, 15, 16, 17, 18, 19, 20, 21, 22, 23, 24, 25, 26, 27, 28, 29, 30]","[16, 32, 64, 128]","[5, 10, 15, 20]","[2, 3, 5, 7]","[2, 4, 8]",evolution,minimize,local
cuvz9eyt,56,280,1778681326163,,/home/meliani/nni-experiments/cuvz9eyt,26,exp_evolution_1200s_local_only_local_only,hpo,/home/meliani/Desktop/phd/fast-track/search_space.json,python3 trial.py --data ./local_only.csv,/home/meliani/Desktop/phd/fast-track,1,1200s,100000000,False,False,info,/home/meliani/nni-experiments,"['LSTM', 'GRU', 'CNN', 'RNN', 'TCN', 'Transformer', 'MLP']","[16, 32, 64, 128, 256]","[1, 2, 3, 4]","[0, 0.1, 0.2, 0.3, 0.5]","['relu', 'tanh', 'sigmoid', 'elu']","[1e-05, 0.01]","[2, 3, 4, 5, 6, 7, 8, 9, 10, 11, 12, 13, 14, 15, 16, 17, 18, 19, 20, 21, 22, 23, 24, 25, 26, 27, 28, 29, 30]","[16, 32, 64, 128]","[5, 10, 15, 20]","[2, 3, 5, 7]","[2, 4, 8]",evolution,minimize,local
cuvz9eyt,57,290,1778681326163,,/home/meliani/nni-experiments/cuvz9eyt,26,exp_evolution_1200s_local_only_local_only,hpo,/home/meliani/Desktop/phd/fast-track/search_space.json,python3 trial.py --data ./local_only.csv,/home/meliani/Desktop/phd/fast-track,1,1200s,100000000,False,False,info,/home/meliani/nni-experiments,"['LSTM', 'GRU', 'CNN', 'RNN', 'TCN', 'Transformer', 'MLP']","[16, 32, 64, 128, 256]","[1, 2, 3, 4]","[0, 0.1, 0.2, 0.3, 0.5]","['relu', 'tanh', 'sigmoid', 'elu']","[1e-05, 0.01]","[2, 3, 4, 5, 6, 7, 8, 9, 10, 11, 12, 13, 14, 15, 16, 17, 18, 19, 20, 21, 22, 23, 24, 25, 26, 27, 28, 29, 30]","[16, 32, 64, 128]","[5, 10, 15, 20]","[2, 3, 5, 7]","[2, 4, 8]",evolution,minimize,local
cuvz9eyt,58,294,1778681326163,,/home/meliani/nni-experiments/cuvz9eyt,27,exp_evolution_1200s_local_only_local_only,hpo,/home/meliani/Desktop/phd/fast-track/search_space.json,python3 trial.py --data ./local_only.csv,/home/meliani/Desktop/phd/fast-track,1,1200s,100000000,False,False,info,/home/meliani/nni-experiments,"['LSTM', 'GRU', 'CNN', 'RNN', 'TCN', 'Transformer', 'MLP']","[16, 32, 64, 128, 256]","[1, 2, 3, 4]","[0, 0.1, 0.2, 0.3, 0.5]","['relu', 'tanh', 'sigmoid', 'elu']","[1e-05, 0.01]","[2, 3, 4, 5, 6, 7, 8, 9, 10, 11, 12, 13, 14, 15, 16, 17, 18, 19, 20, 21, 22, 23, 24, 25, 26, 27, 28, 29, 30]","[16, 32, 64, 128]","[5, 10, 15, 20]","[2, 3, 5, 7]","[2, 4, 8]",evolution,minimize,local
cuvz9eyt,59,300,1778681326163,,/home/meliani/nni-experiments/cuvz9eyt,27,exp_evolution_1200s_local_only_local_only,hpo,/home/meliani/Desktop/phd/fast-track/search_space.json,python3 trial.py --data ./local_only.csv,/home/meliani/Desktop/phd/fast-track,1,1200s,100000000,False,False,info,/home/meliani/nni-experiments,"['LSTM', 'GRU', 'CNN', 'RNN', 'TCN', 'Transformer', 'MLP']","[16, 32, 64, 128, 256]","[1, 2, 3, 4]","[0, 0.1, 0.2, 0.3, 0.5]","['relu', 'tanh', 'sigmoid', 'elu']","[1e-05, 0.01]","[2, 3, 4, 5, 6, 7, 8, 9, 10, 11, 12, 13, 14, 15, 16, 17, 18, 19, 20, 21, 22, 23, 24, 25, 26, 27, 28, 29, 30]","[16, 32, 64, 128]","[5, 10, 15, 20]","[2, 3, 5, 7]","[2, 4, 8]",evolution,minimize,local
cuvz9eyt,60,301,1778681326163,,/home/meliani/nni-experiments/cuvz9eyt,28,exp_evolution_1200s_local_only_local_only,hpo,/home/meliani/Desktop/phd/fast-track/search_space.json,python3 trial.py --data ./local_only.csv,/home/meliani/Desktop/phd/fast-track,1,1200s,100000000,False,False,info,/home/meliani/nni-experiments,"['LSTM', 'GRU', 'CNN', 'RNN', 'TCN', 'Transformer', 'MLP']","[16, 32, 64, 128, 256]","[1, 2, 3, 4]","[0, 0.1, 0.2, 0.3, 0.5]","['relu', 'tanh', 'sigmoid', 'elu']","[1e-05, 0.01]","[2, 3, 4, 5, 6, 7, 8, 9, 10, 11, 12, 13, 14, 15, 16, 17, 18, 19, 20, 21, 22, 23, 24, 25, 26, 27, 28, 29, 30]","[16, 32, 64, 128]","[5, 10, 15, 20]","[2, 3, 5, 7]","[2, 4, 8]",evolution,minimize,local
cuvz9eyt,61,310,1778681326163,,/home/meliani/nni-experiments/cuvz9eyt,28,exp_evolution_1200s_local_only_local_only,hpo,/home/meliani/Desktop/phd/fast-track/search_space.json,python3 trial.py --data ./local_only.csv,/home/meliani/Desktop/phd/fast-track,1,1200s,100000000,False,False,info,/home/meliani/nni-experiments,"['LSTM', 'GRU', 'CNN', 'RNN', 'TCN', 'Transformer', 'MLP']","[16, 32, 64, 128, 256]","[1, 2, 3, 4]","[0, 0.1, 0.2, 0.3, 0.5]","['relu', 'tanh', 'sigmoid', 'elu']","[1e-05, 0.01]","[2, 3, 4, 5, 6, 7, 8, 9, 10, 11, 12, 13, 14, 15, 16, 17, 18, 19, 20, 21, 22, 23, 24, 25, 26, 27, 28, 29, 30]","[16, 32, 64, 128]","[5, 10, 15, 20]","[2, 3, 5, 7]","[2, 4, 8]",evolution,minimize,local
cuvz9eyt,62,310,1778681326163,,/home/meliani/nni-experiments/cuvz9eyt,29,exp_evolution_1200s_local_only_local_only,hpo,/home/meliani/Desktop/phd/fast-track/search_space.json,python3 trial.py --data ./local_only.csv,/home/meliani/Desktop/phd/fast-track,1,1200s,100000000,False,False,info,/home/meliani/nni-experiments,"['LSTM', 'GRU', 'CNN', 'RNN', 'TCN', 'Transformer', 'MLP']","[16, 32, 64, 128, 256]","[1, 2, 3, 4]","[0, 0.1, 0.2, 0.3, 0.5]","['relu', 'tanh', 'sigmoid', 'elu']","[1e-05, 0.01]","[2, 3, 4, 5, 6, 7, 8, 9, 10, 11, 12, 13, 14, 15, 16, 17, 18, 19, 20, 21, 22, 23, 24, 25, 26, 27, 28, 29, 30]","[16, 32, 64, 128]","[5, 10, 15, 20]","[2, 3, 5, 7]","[2, 4, 8]",evolution,minimize,local
cuvz9eyt,63,316,1778681326163,,/home/meliani/nni-experiments/cuvz9eyt,30,exp_evolution_1200s_local_only_local_only,hpo,/home/meliani/Desktop/phd/fast-track/search_space.json,python3 trial.py --data ./local_only.csv,/home/meliani/Desktop/phd/fast-track,1,1200s,100000000,False,False,info,/home/meliani/nni-experiments,"['LSTM', 'GRU', 'CNN', 'RNN', 'TCN', 'Transformer', 'MLP']","[16, 32, 64, 128, 256]","[1, 2, 3, 4]","[0, 0.1, 0.2, 0.3, 0.5]","['relu', 'tanh', 'sigmoid', 'elu']","[1e-05, 0.01]","[2, 3, 4, 5, 6, 7, 8, 9, 10, 11, 12, 13, 14, 15, 16, 17, 18, 19, 20, 21, 22, 23, 24, 25, 26, 27, 28, 29, 30]","[16, 32, 64, 128]","[5, 10, 15, 20]","[2, 3, 5, 7]","[2, 4, 8]",evolution,minimize,local
cuvz9eyt,64,320,1778681326163,,/home/meliani/nni-experiments/cuvz9eyt,30,exp_evolution_1200s_local_only_local_only,hpo,/home/meliani/Desktop/phd/fast-track/search_space.json,python3 trial.py --data ./local_only.csv,/home/meliani/Desktop/phd/fast-track,1,1200s,100000000,False,False,info,/home/meliani/nni-experiments,"['LSTM', 'GRU', 'CNN', 'RNN', 'TCN', 'Transformer', 'MLP']","[16, 32, 64, 128, 256]","[1, 2, 3, 4]","[0, 0.1, 0.2, 0.3, 0.5]","['relu', 'tanh', 'sigmoid', 'elu']","[1e-05, 0.01]","[2, 3, 4, 5, 6, 7, 8, 9, 10, 11, 12, 13, 14, 15, 16, 17, 18, 19, 20, 21, 22, 23, 24, 25, 26, 27, 28, 29, 30]","[16, 32, 64, 128]","[5, 10, 15, 20]","[2, 3, 5, 7]","[2, 4, 8]",evolution,minimize,local
cuvz9eyt,65,325,1778681326163,,/home/meliani/nni-experiments/cuvz9eyt,31,exp_evolution_1200s_local_only_local_only,hpo,/home/meliani/Desktop/phd/fast-track/search_space.json,python3 trial.py --data ./local_only.csv,/home/meliani/Desktop/phd/fast-track,1,1200s,100000000,False,False,info,/home/meliani/nni-experiments,"['LSTM', 'GRU', 'CNN', 'RNN', 'TCN', 'Transformer', 'MLP']","[16, 32, 64, 128, 256]","[1, 2, 3, 4]","[0, 0.1, 0.2, 0.3, 0.5]","['relu', 'tanh', 'sigmoid', 'elu']","[1e-05, 0.01]","[2, 3, 4, 5, 6, 7, 8, 9, 10, 11, 12, 13, 14, 15, 16, 17, 18, 19, 20, 21, 22, 23, 24, 25, 26, 27, 28, 29, 30]","[16, 32, 64, 128]","[5, 10, 15, 20]","[2, 3, 5, 7]","[2, 4, 8]",evolution,minimize,local
cuvz9eyt,66,330,1778681326163,,/home/meliani/nni-experiments/cuvz9eyt,31,exp_evolution_1200s_local_only_local_only,hpo,/home/meliani/Desktop/phd/fast-track/search_space.json,python3 trial.py --data ./local_only.csv,/home/meliani/Desktop/phd/fast-track,1,1200s,100000000,False,False,info,/home/meliani/nni-experiments,"['LSTM', 'GRU', 'CNN', 'RNN', 'TCN', 'Transformer', 'MLP']","[16, 32, 64, 128, 256]","[1, 2, 3, 4]","[0, 0.1, 0.2, 0.3, 0.5]","['relu', 'tanh', 'sigmoid', 'elu']","[1e-05, 0.01]","[2, 3, 4, 5, 6, 7, 8, 9, 10, 11, 12, 13, 14, 15, 16, 17, 18, 19, 20, 21, 22, 23, 24, 25, 26, 27, 28, 29, 30]","[16, 32, 64, 128]","[5, 10, 15, 20]","[2, 3, 5, 7]","[2, 4, 8]",evolution,minimize,local
cuvz9eyt,67,334,1778681326163,,/home/meliani/nni-experiments/cuvz9eyt,32,exp_evolution_1200s_local_only_local_only,hpo,/home/meliani/Desktop/phd/fast-track/search_space.json,python3 trial.py --data ./local_only.csv,/home/meliani/Desktop/phd/fast-track,1,1200s,100000000,False,False,info,/home/meliani/nni-experiments,"['LSTM', 'GRU', 'CNN', 'RNN', 'TCN', 'Transformer', 'MLP']","[16, 32, 64, 128, 256]","[1, 2, 3, 4]","[0, 0.1, 0.2, 0.3, 0.5]","['relu', 'tanh', 'sigmoid', 'elu']","[1e-05, 0.01]","[2, 3, 4, 5, 6, 7, 8, 9, 10, 11, 12, 13, 14, 15, 16, 17, 18, 19, 20, 21, 22, 23, 24, 25, 26, 27, 28, 29, 30]","[16, 32, 64, 128]","[5, 10, 15, 20]","[2, 3, 5, 7]","[2, 4, 8]",evolution,minimize,local
cuvz9eyt,68,340,1778681326163,,/home/meliani/nni-experiments/cuvz9eyt,32,exp_evolution_1200s_local_only_local_only,hpo,/home/meliani/Desktop/phd/fast-track/search_space.json,python3 trial.py --data ./local_only.csv,/home/meliani/Desktop/phd/fast-track,1,1200s,100000000,False,False,info,/home/meliani/nni-experiments,"['LSTM', 'GRU', 'CNN', 'RNN', 'TCN', 'Transformer', 'MLP']","[16, 32, 64, 128, 256]","[1, 2, 3, 4]","[0, 0.1, 0.2, 0.3, 0.5]","['relu', 'tanh', 'sigmoid', 'elu']","[1e-05, 0.01]","[2, 3, 4, 5, 6, 7, 8, 9, 10, 11, 12, 13, 14, 15, 16, 17, 18, 19, 20, 21, 22, 23, 24, 25, 26, 27, 28, 29, 30]","[16, 32, 64, 128]","[5, 10, 15, 20]","[2, 3, 5, 7]","[2, 4, 8]",evolution,minimize,local
cuvz9eyt,69,350,1778681326163,,/home/meliani/nni-experiments/cuvz9eyt,32,exp_evolution_1200s_local_only_local_only,hpo,/home/meliani/Desktop/phd/fast-track/search_space.json,python3 trial.py --data ./local_only.csv,/home/meliani/Desktop/phd/fast-track,1,1200s,100000000,False,False,info,/home/meliani/nni-experiments,"['LSTM', 'GRU', 'CNN', 'RNN', 'TCN', 'Transformer', 'MLP']","[16, 32, 64, 128, 256]","[1, 2, 3, 4]","[0, 0.1, 0.2, 0.3, 0.5]","['relu', 'tanh', 'sigmoid', 'elu']","[1e-05, 0.01]","[2, 3, 4, 5, 6, 7, 8, 9, 10, 11, 12, 13, 14, 15, 16, 17, 18, 19, 20, 21, 22, 23, 24, 25, 26, 27, 28, 29, 30]","[16, 32, 64, 128]","[5, 10, 15, 20]","[2, 3, 5, 7]","[2, 4, 8]",evolution,minimize,local
cuvz9eyt,70,351,1778681326163,,/home/meliani/nni-experiments/cuvz9eyt,33,exp_evolution_1200s_local_only_local_only,hpo,/home/meliani/Desktop/phd/fast-track/search_space.json,python3 trial.py --data ./local_only.csv,/home/meliani/Desktop/phd/fast-track,1,1200s,100000000,False,False,info,/home/meliani/nni-experiments,"['LSTM', 'GRU', 'CNN', 'RNN', 'TCN', 'Transformer', 'MLP']","[16, 32, 64, 128, 256]","[1, 2, 3, 4]","[0, 0.1, 0.2, 0.3, 0.5]","['relu', 'tanh', 'sigmoid', 'elu']","[1e-05, 0.01]","[2, 3, 4, 5, 6, 7, 8, 9, 10, 11, 12, 13, 14, 15, 16, 17, 18, 19, 20, 21, 22, 23, 24, 25, 26, 27, 28, 29, 30]","[16, 32, 64, 128]","[5, 10, 15, 20]","[2, 3, 5, 7]","[2, 4, 8]",evolution,minimize,local
cuvz9eyt,71,360,1778681326163,,/home/meliani/nni-experiments/cuvz9eyt,34,exp_evolution_1200s_local_only_local_only,hpo,/home/meliani/Desktop/phd/fast-track/search_space.json,python3 trial.py --data ./local_only.csv,/home/meliani/Desktop/phd/fast-track,1,1200s,100000000,False,False,info,/home/meliani/nni-experiments,"['LSTM', 'GRU', 'CNN', 'RNN', 'TCN', 'Transformer', 'MLP']","[16, 32, 64, 128, 256]","[1, 2, 3, 4]","[0, 0.1, 0.2, 0.3, 0.5]","['relu', 'tanh', 'sigmoid', 'elu']","[1e-05, 0.01]","[2, 3, 4, 5, 6, 7, 8, 9, 10, 11, 12, 13, 14, 15, 16, 17, 18, 19, 20, 21, 22, 23, 24, 25, 26, 27, 28, 29, 30]","[16, 32, 64, 128]","[5, 10, 15, 20]","[2, 3, 5, 7]","[2, 4, 8]",evolution,minimize,local
cuvz9eyt,72,360,1778681326163,,/home/meliani/nni-experiments/cuvz9eyt,34,exp_evolution_1200s_local_only_local_only,hpo,/home/meliani/Desktop/phd/fast-track/search_space.json,python3 trial.py --data ./local_only.csv,/home/meliani/Desktop/phd/fast-track,1,1200s,100000000,False,False,info,/home/meliani/nni-experiments,"['LSTM', 'GRU', 'CNN', 'RNN', 'TCN', 'Transformer', 'MLP']","[16, 32, 64, 128, 256]","[1, 2, 3, 4]","[0, 0.1, 0.2, 0.3, 0.5]","['relu', 'tanh', 'sigmoid', 'elu']","[1e-05, 0.01]","[2, 3, 4, 5, 6, 7, 8, 9, 10, 11, 12, 13, 14, 15, 16, 17, 18, 19, 20, 21, 22, 23, 24, 25, 26, 27, 28, 29, 30]","[16, 32, 64, 128]","[5, 10, 15, 20]","[2, 3, 5, 7]","[2, 4, 8]",evolution,minimize,local
cuvz9eyt,73,366,1778681326163,,/home/meliani/nni-experiments/cuvz9eyt,35,exp_evolution_1200s_local_only_local_only,hpo,/home/meliani/Desktop/phd/fast-track/search_space.json,python3 trial.py --data ./local_only.csv,/home/meliani/Desktop/phd/fast-track,1,1200s,100000000,False,False,info,/home/meliani/nni-experiments,"['LSTM', 'GRU', 'CNN', 'RNN', 'TCN', 'Transformer', 'MLP']","[16, 32, 64, 128, 256]","[1, 2, 3, 4]","[0, 0.1, 0.2, 0.3, 0.5]","['relu', 'tanh', 'sigmoid', 'elu']","[1e-05, 0.01]","[2, 3, 4, 5, 6, 7, 8, 9, 10, 11, 12, 13, 14, 15, 16, 17, 18, 19, 20, 21, 22, 23, 24, 25, 26, 27, 28, 29, 30]","[16, 32, 64, 128]","[5, 10, 15, 20]","[2, 3, 5, 7]","[2, 4, 8]",evolution,minimize,local
cuvz9eyt,74,370,1778681326163,,/home/meliani/nni-experiments/cuvz9eyt,35,exp_evolution_1200s_local_only_local_only,hpo,/home/meliani/Desktop/phd/fast-track/search_space.json,python3 trial.py --data ./local_only.csv,/home/meliani/Desktop/phd/fast-track,1,1200s,100000000,False,False,info,/home/meliani/nni-experiments,"['LSTM', 'GRU', 'CNN', 'RNN', 'TCN', 'Transformer', 'MLP']","[16, 32, 64, 128, 256]","[1, 2, 3, 4]","[0, 0.1, 0.2, 0.3, 0.5]","['relu', 'tanh', 'sigmoid', 'elu']","[1e-05, 0.01]","[2, 3, 4, 5, 6, 7, 8, 9, 10, 11, 12, 13, 14, 15, 16, 17, 18, 19, 20, 21, 22, 23, 24, 25, 26, 27, 28, 29, 30]","[16, 32, 64, 128]","[5, 10, 15, 20]","[2, 3, 5, 7]","[2, 4, 8]",evolution,minimize,local
cuvz9eyt,75,372,1778681326163,,/home/meliani/nni-experiments/cuvz9eyt,36,exp_evolution_1200s_local_only_local_only,hpo,/home/meliani/Desktop/phd/fast-track/search_space.json,python3 trial.py --data ./local_only.csv,/home/meliani/Desktop/phd/fast-track,1,1200s,100000000,False,False,info,/home/meliani/nni-experiments,"['LSTM', 'GRU', 'CNN', 'RNN', 'TCN', 'Transformer', 'MLP']","[16, 32, 64, 128, 256]","[1, 2, 3, 4]","[0, 0.1, 0.2, 0.3, 0.5]","['relu', 'tanh', 'sigmoid', 'elu']","[1e-05, 0.01]","[2, 3, 4, 5, 6, 7, 8, 9, 10, 11, 12, 13, 14, 15, 16, 17, 18, 19, 20, 21, 22, 23, 24, 25, 26, 27, 28, 29, 30]","[16, 32, 64, 128]","[5, 10, 15, 20]","[2, 3, 5, 7]","[2, 4, 8]",evolution,minimize,local
cuvz9eyt,76,376,1778681326163,,/home/meliani/nni-experiments/cuvz9eyt,37,exp_evolution_1200s_local_only_local_only,hpo,/home/meliani/Desktop/phd/fast-track/search_space.json,python3 trial.py --data ./local_only.csv,/home/meliani/Desktop/phd/fast-track,1,1200s,100000000,False,False,info,/home/meliani/nni-experiments,"['LSTM', 'GRU', 'CNN', 'RNN', 'TCN', 'Transformer', 'MLP']","[16, 32, 64, 128, 256]","[1, 2, 3, 4]","[0, 0.1, 0.2, 0.3, 0.5]","['relu', 'tanh', 'sigmoid', 'elu']","[1e-05, 0.01]","[2, 3, 4, 5, 6, 7, 8, 9, 10, 11, 12, 13, 14, 15, 16, 17, 18, 19, 20, 21, 22, 23, 24, 25, 26, 27, 28, 29, 30]","[16, 32, 64, 128]","[5, 10, 15, 20]","[2, 3, 5, 7]","[2, 4, 8]",evolution,minimize,local
cuvz9eyt,77,380,1778681326163,,/home/meliani/nni-experiments/cuvz9eyt,37,exp_evolution_1200s_local_only_local_only,hpo,/home/meliani/Desktop/phd/fast-track/search_space.json,python3 trial.py --data ./local_only.csv,/home/meliani/Desktop/phd/fast-track,1,1200s,100000000,False,False,info,/home/meliani/nni-experiments,"['LSTM', 'GRU', 'CNN', 'RNN', 'TCN', 'Transformer', 'MLP']","[16, 32, 64, 128, 256]","[1, 2, 3, 4]","[0, 0.1, 0.2, 0.3, 0.5]","['relu', 'tanh', 'sigmoid', 'elu']","[1e-05, 0.01]","[2, 3, 4, 5, 6, 7, 8, 9, 10, 11, 12, 13, 14, 15, 16, 17, 18, 19, 20, 21, 22, 23, 24, 25, 26, 27, 28, 29, 30]","[16, 32, 64, 128]","[5, 10, 15, 20]","[2, 3, 5, 7]","[2, 4, 8]",evolution,minimize,local
cuvz9eyt,78,390,1778681326163,,/home/meliani/nni-experiments/cuvz9eyt,37,exp_evolution_1200s_local_only_local_only,hpo,/home/meliani/Desktop/phd/fast-track/search_space.json,python3 trial.py --data ./local_only.csv,/home/meliani/Desktop/phd/fast-track,1,1200s,100000000,False,False,info,/home/meliani/nni-experiments,"['LSTM', 'GRU', 'CNN', 'RNN', 'TCN', 'Transformer', 'MLP']","[16, 32, 64, 128, 256]","[1, 2, 3, 4]","[0, 0.1, 0.2, 0.3, 0.5]","['relu', 'tanh', 'sigmoid', 'elu']","[1e-05, 0.01]","[2, 3, 4, 5, 6, 7, 8, 9, 10, 11, 12, 13, 14, 15, 16, 17, 18, 19, 20, 21, 22, 23, 24, 25, 26, 27, 28, 29, 30]","[16, 32, 64, 128]","[5, 10, 15, 20]","[2, 3, 5, 7]","[2, 4, 8]",evolution,minimize,local
cuvz9eyt,79,392,1778681326163,,/home/meliani/nni-experiments/cuvz9eyt,38,exp_evolution_1200s_local_only_local_only,hpo,/home/meliani/Desktop/phd/fast-track/search_space.json,python3 trial.py --data ./local_only.csv,/home/meliani/Desktop/phd/fast-track,1,1200s,100000000,False,False,info,/home/meliani/nni-experiments,"['LSTM', 'GRU', 'CNN', 'RNN', 'TCN', 'Transformer', 'MLP']","[16, 32, 64, 128, 256]","[1, 2, 3, 4]","[0, 0.1, 0.2, 0.3, 0.5]","['relu', 'tanh', 'sigmoid', 'elu']","[1e-05, 0.01]","[2, 3, 4, 5, 6, 7, 8, 9, 10, 11, 12, 13, 14, 15, 16, 17, 18, 19, 20, 21, 22, 23, 24, 25, 26, 27, 28, 29, 30]","[16, 32, 64, 128]","[5, 10, 15, 20]","[2, 3, 5, 7]","[2, 4, 8]",evolution,minimize,local
cuvz9eyt,80,400,1778681326163,,/home/meliani/nni-experiments/cuvz9eyt,38,exp_evolution_1200s_local_only_local_only,hpo,/home/meliani/Desktop/phd/fast-track/search_space.json,python3 trial.py --data ./local_only.csv,/home/meliani/Desktop/phd/fast-track,1,1200s,100000000,False,False,info,/home/meliani/nni-experiments,"['LSTM', 'GRU', 'CNN', 'RNN', 'TCN', 'Transformer', 'MLP']","[16, 32, 64, 128, 256]","[1, 2, 3, 4]","[0, 0.1, 0.2, 0.3, 0.5]","['relu', 'tanh', 'sigmoid', 'elu']","[1e-05, 0.01]","[2, 3, 4, 5, 6, 7, 8, 9, 10, 11, 12, 13, 14, 15, 16, 17, 18, 19, 20, 21, 22, 23, 24, 25, 26, 27, 28, 29, 30]","[16, 32, 64, 128]","[5, 10, 15, 20]","[2, 3, 5, 7]","[2, 4, 8]",evolution,minimize,local
cuvz9eyt,81,401,1778681326163,,/home/meliani/nni-experiments/cuvz9eyt,39,exp_evolution_1200s_local_only_local_only,hpo,/home/meliani/Desktop/phd/fast-track/search_space.json,python3 trial.py --data ./local_only.csv,/home/meliani/Desktop/phd/fast-track,1,1200s,100000000,False,False,info,/home/meliani/nni-experiments,"['LSTM', 'GRU', 'CNN', 'RNN', 'TCN', 'Transformer', 'MLP']","[16, 32, 64, 128, 256]","[1, 2, 3, 4]","[0, 0.1, 0.2, 0.3, 0.5]","['relu', 'tanh', 'sigmoid', 'elu']","[1e-05, 0.01]","[2, 3, 4, 5, 6, 7, 8, 9, 10, 11, 12, 13, 14, 15, 16, 17, 18, 19, 20, 21, 22, 23, 24, 25, 26, 27, 28, 29, 30]","[16, 32, 64, 128]","[5, 10, 15, 20]","[2, 3, 5, 7]","[2, 4, 8]",evolution,minimize,local
cuvz9eyt,82,408,1778681326163,,/home/meliani/nni-experiments/cuvz9eyt,40,exp_evolution_1200s_local_only_local_only,hpo,/home/meliani/Desktop/phd/fast-track/search_space.json,python3 trial.py --data ./local_only.csv,/home/meliani/Desktop/phd/fast-track,1,1200s,100000000,False,False,info,/home/meliani/nni-experiments,"['LSTM', 'GRU', 'CNN', 'RNN', 'TCN', 'Transformer', 'MLP']","[16, 32, 64, 128, 256]","[1, 2, 3, 4]","[0, 0.1, 0.2, 0.3, 0.5]","['relu', 'tanh', 'sigmoid', 'elu']","[1e-05, 0.01]","[2, 3, 4, 5, 6, 7, 8, 9, 10, 11, 12, 13, 14, 15, 16, 17, 18, 19, 20, 21, 22, 23, 24, 25, 26, 27, 28, 29, 30]","[16, 32, 64, 128]","[5, 10, 15, 20]","[2, 3, 5, 7]","[2, 4, 8]",evolution,minimize,local
cuvz9eyt,83,410,1778681326163,,/home/meliani/nni-experiments/cuvz9eyt,40,exp_evolution_1200s_local_only_local_only,hpo,/home/meliani/Desktop/phd/fast-track/search_space.json,python3 trial.py --data ./local_only.csv,/home/meliani/Desktop/phd/fast-track,1,1200s,100000000,False,False,info,/home/meliani/nni-experiments,"['LSTM', 'GRU', 'CNN', 'RNN', 'TCN', 'Transformer', 'MLP']","[16, 32, 64, 128, 256]","[1, 2, 3, 4]","[0, 0.1, 0.2, 0.3, 0.5]","['relu', 'tanh', 'sigmoid', 'elu']","[1e-05, 0.01]","[2, 3, 4, 5, 6, 7, 8, 9, 10, 11, 12, 13, 14, 15, 16, 17, 18, 19, 20, 21, 22, 23, 24, 25, 26, 27, 28, 29, 30]","[16, 32, 64, 128]","[5, 10, 15, 20]","[2, 3, 5, 7]","[2, 4, 8]",evolution,minimize,local
cuvz9eyt,84,414,1778681326163,,/home/meliani/nni-experiments/cuvz9eyt,41,exp_evolution_1200s_local_only_local_only,hpo,/home/meliani/Desktop/phd/fast-track/search_space.json,python3 trial.py --data ./local_only.csv,/home/meliani/Desktop/phd/fast-track,1,1200s,100000000,False,False,info,/home/meliani/nni-experiments,"['LSTM', 'GRU', 'CNN', 'RNN', 'TCN', 'Transformer', 'MLP']","[16, 32, 64, 128, 256]","[1, 2, 3, 4]","[0, 0.1, 0.2, 0.3, 0.5]","['relu', 'tanh', 'sigmoid', 'elu']","[1e-05, 0.01]","[2, 3, 4, 5, 6, 7, 8, 9, 10, 11, 12, 13, 14, 15, 16, 17, 18, 19, 20, 21, 22, 23, 24, 25, 26, 27, 28, 29, 30]","[16, 32, 64, 128]","[5, 10, 15, 20]","[2, 3, 5, 7]","[2, 4, 8]",evolution,minimize,local
cuvz9eyt,85,420,1778681326163,,/home/meliani/nni-experiments/cuvz9eyt,41,exp_evolution_1200s_local_only_local_only,hpo,/home/meliani/Desktop/phd/fast-track/search_space.json,python3 trial.py --data ./local_only.csv,/home/meliani/Desktop/phd/fast-track,1,1200s,100000000,False,False,info,/home/meliani/nni-experiments,"['LSTM', 'GRU', 'CNN', 'RNN', 'TCN', 'Transformer', 'MLP']","[16, 32, 64, 128, 256]","[1, 2, 3, 4]","[0, 0.1, 0.2, 0.3, 0.5]","['relu', 'tanh', 'sigmoid', 'elu']","[1e-05, 0.01]","[2, 3, 4, 5, 6, 7, 8, 9, 10, 11, 12, 13, 14, 15, 16, 17, 18, 19, 20, 21, 22, 23, 24, 25, 26, 27, 28, 29, 30]","[16, 32, 64, 128]","[5, 10, 15, 20]","[2, 3, 5, 7]","[2, 4, 8]",evolution,minimize,local
cuvz9eyt,86,421,1778681326163,,/home/meliani/nni-experiments/cuvz9eyt,42,exp_evolution_1200s_local_only_local_only,hpo,/home/meliani/Desktop/phd/fast-track/search_space.json,python3 trial.py --data ./local_only.csv,/home/meliani/Desktop/phd/fast-track,1,1200s,100000000,False,False,info,/home/meliani/nni-experiments,"['LSTM', 'GRU', 'CNN', 'RNN', 'TCN', 'Transformer', 'MLP']","[16, 32, 64, 128, 256]","[1, 2, 3, 4]","[0, 0.1, 0.2, 0.3, 0.5]","['relu', 'tanh', 'sigmoid', 'elu']","[1e-05, 0.01]","[2, 3, 4, 5, 6, 7, 8, 9, 10, 11, 12, 13, 14, 15, 16, 17, 18, 19, 20, 21, 22, 23, 24, 25, 26, 27, 28, 29, 30]","[16, 32, 64, 128]","[5, 10, 15, 20]","[2, 3, 5, 7]","[2, 4, 8]",evolution,minimize,local
cuvz9eyt,87,428,1778681326163,,/home/meliani/nni-experiments/cuvz9eyt,43,exp_evolution_1200s_local_only_local_only,hpo,/home/meliani/Desktop/phd/fast-track/search_space.json,python3 trial.py --data ./local_only.csv,/home/meliani/Desktop/phd/fast-track,1,1200s,100000000,False,False,info,/home/meliani/nni-experiments,"['LSTM', 'GRU', 'CNN', 'RNN', 'TCN', 'Transformer', 'MLP']","[16, 32, 64, 128, 256]","[1, 2, 3, 4]","[0, 0.1, 0.2, 0.3, 0.5]","['relu', 'tanh', 'sigmoid', 'elu']","[1e-05, 0.01]","[2, 3, 4, 5, 6, 7, 8, 9, 10, 11, 12, 13, 14, 15, 16, 17, 18, 19, 20, 21, 22, 23, 24, 25, 26, 27, 28, 29, 30]","[16, 32, 64, 128]","[5, 10, 15, 20]","[2, 3, 5, 7]","[2, 4, 8]",evolution,minimize,local
cuvz9eyt,88,430,1778681326163,,/home/meliani/nni-experiments/cuvz9eyt,43,exp_evolution_1200s_local_only_local_only,hpo,/home/meliani/Desktop/phd/fast-track/search_space.json,python3 trial.py --data ./local_only.csv,/home/meliani/Desktop/phd/fast-track,1,1200s,100000000,False,False,info,/home/meliani/nni-experiments,"['LSTM', 'GRU', 'CNN', 'RNN', 'TCN', 'Transformer', 'MLP']","[16, 32, 64, 128, 256]","[1, 2, 3, 4]","[0, 0.1, 0.2, 0.3, 0.5]","['relu', 'tanh', 'sigmoid', 'elu']","[1e-05, 0.01]","[2, 3, 4, 5, 6, 7, 8, 9, 10, 11, 12, 13, 14, 15, 16, 17, 18, 19, 20, 21, 22, 23, 24, 25, 26, 27, 28, 29, 30]","[16, 32, 64, 128]","[5, 10, 15, 20]","[2, 3, 5, 7]","[2, 4, 8]",evolution,minimize,local
cuvz9eyt,89,433,1778681326163,,/home/meliani/nni-experiments/cuvz9eyt,44,exp_evolution_1200s_local_only_local_only,hpo,/home/meliani/Desktop/phd/fast-track/search_space.json,python3 trial.py --data ./local_only.csv,/home/meliani/Desktop/phd/fast-track,1,1200s,100000000,False,False,info,/home/meliani/nni-experiments,"['LSTM', 'GRU', 'CNN', 'RNN', 'TCN', 'Transformer', 'MLP']","[16, 32, 64, 128, 256]","[1, 2, 3, 4]","[0, 0.1, 0.2, 0.3, 0.5]","['relu', 'tanh', 'sigmoid', 'elu']","[1e-05, 0.01]","[2, 3, 4, 5, 6, 7, 8, 9, 10, 11, 12, 13, 14, 15, 16, 17, 18, 19, 20, 21, 22, 23, 24, 25, 26, 27, 28, 29, 30]","[16, 32, 64, 128]","[5, 10, 15, 20]","[2, 3, 5, 7]","[2, 4, 8]",evolution,minimize,local
cuvz9eyt,90,440,1778681326163,,/home/meliani/nni-experiments/cuvz9eyt,44,exp_evolution_1200s_local_only_local_only,hpo,/home/meliani/Desktop/phd/fast-track/search_space.json,python3 trial.py --data ./local_only.csv,/home/meliani/Desktop/phd/fast-track,1,1200s,100000000,False,False,info,/home/meliani/nni-experiments,"['LSTM', 'GRU', 'CNN', 'RNN', 'TCN', 'Transformer', 'MLP']","[16, 32, 64, 128, 256]","[1, 2, 3, 4]","[0, 0.1, 0.2, 0.3, 0.5]","['relu', 'tanh', 'sigmoid', 'elu']","[1e-05, 0.01]","[2, 3, 4, 5, 6, 7, 8, 9, 10, 11, 12, 13, 14, 15, 16, 17, 18, 19, 20, 21, 22, 23, 24, 25, 26, 27, 28, 29, 30]","[16, 32, 64, 128]","[5, 10, 15, 20]","[2, 3, 5, 7]","[2, 4, 8]",evolution,minimize,local
cuvz9eyt,91,442,1778681326163,,/home/meliani/nni-experiments/cuvz9eyt,45,exp_evolution_1200s_local_only_local_only,hpo,/home/meliani/Desktop/phd/fast-track/search_space.json,python3 trial.py --data ./local_only.csv,/home/meliani/Desktop/phd/fast-track,1,1200s,100000000,False,False,info,/home/meliani/nni-experiments,"['LSTM', 'GRU', 'CNN', 'RNN', 'TCN', 'Transformer', 'MLP']","[16, 32, 64, 128, 256]","[1, 2, 3, 4]","[0, 0.1, 0.2, 0.3, 0.5]","['relu', 'tanh', 'sigmoid', 'elu']","[1e-05, 0.01]","[2, 3, 4, 5, 6, 7, 8, 9, 10, 11, 12, 13, 14, 15, 16, 17, 18, 19, 20, 21, 22, 23, 24, 25, 26, 27, 28, 29, 30]","[16, 32, 64, 128]","[5, 10, 15, 20]","[2, 3, 5, 7]","[2, 4, 8]",evolution,minimize,local
cuvz9eyt,92,449,1778681326163,,/home/meliani/nni-experiments/cuvz9eyt,46,exp_evolution_1200s_local_only_local_only,hpo,/home/meliani/Desktop/phd/fast-track/search_space.json,python3 trial.py --data ./local_only.csv,/home/meliani/Desktop/phd/fast-track,1,1200s,100000000,False,False,info,/home/meliani/nni-experiments,"['LSTM', 'GRU', 'CNN', 'RNN', 'TCN', 'Transformer', 'MLP']","[16, 32, 64, 128, 256]","[1, 2, 3, 4]","[0, 0.1, 0.2, 0.3, 0.5]","['relu', 'tanh', 'sigmoid', 'elu']","[1e-05, 0.01]","[2, 3, 4, 5, 6, 7, 8, 9, 10, 11, 12, 13, 14, 15, 16, 17, 18, 19, 20, 21, 22, 23, 24, 25, 26, 27, 28, 29, 30]","[16, 32, 64, 128]","[5, 10, 15, 20]","[2, 3, 5, 7]","[2, 4, 8]",evolution,minimize,local
cuvz9eyt,93,450,1778681326163,,/home/meliani/nni-experiments/cuvz9eyt,46,exp_evolution_1200s_local_only_local_only,hpo,/home/meliani/Desktop/phd/fast-track/search_space.json,python3 trial.py --data ./local_only.csv,/home/meliani/Desktop/phd/fast-track,1,1200s,100000000,False,False,info,/home/meliani/nni-experiments,"['LSTM', 'GRU', 'CNN', 'RNN', 'TCN', 'Transformer', 'MLP']","[16, 32, 64, 128, 256]","[1, 2, 3, 4]","[0, 0.1, 0.2, 0.3, 0.5]","['relu', 'tanh', 'sigmoid', 'elu']","[1e-05, 0.01]","[2, 3, 4, 5, 6, 7, 8, 9, 10, 11, 12, 13, 14, 15, 16, 17, 18, 19, 20, 21, 22, 23, 24, 25, 26, 27, 28, 29, 30]","[16, 32, 64, 128]","[5, 10, 15, 20]","[2, 3, 5, 7]","[2, 4, 8]",evolution,minimize,local
cuvz9eyt,94,455,1778681326163,,/home/meliani/nni-experiments/cuvz9eyt,47,exp_evolution_1200s_local_only_local_only,hpo,/home/meliani/Desktop/phd/fast-track/search_space.json,python3 trial.py --data ./local_only.csv,/home/meliani/Desktop/phd/fast-track,1,1200s,100000000,False,False,info,/home/meliani/nni-experiments,"['LSTM', 'GRU', 'CNN', 'RNN', 'TCN', 'Transformer', 'MLP']","[16, 32, 64, 128, 256]","[1, 2, 3, 4]","[0, 0.1, 0.2, 0.3, 0.5]","['relu', 'tanh', 'sigmoid', 'elu']","[1e-05, 0.01]","[2, 3, 4, 5, 6, 7, 8, 9, 10, 11, 12, 13, 14, 15, 16, 17, 18, 19, 20, 21, 22, 23, 24, 25, 26, 27, 28, 29, 30]","[16, 32, 64, 128]","[5, 10, 15, 20]","[2, 3, 5, 7]","[2, 4, 8]",evolution,minimize,local
cuvz9eyt,95,460,1778681326163,,/home/meliani/nni-experiments/cuvz9eyt,47,exp_evolution_1200s_local_only_local_only,hpo,/home/meliani/Desktop/phd/fast-track/search_space.json,python3 trial.py --data ./local_only.csv,/home/meliani/Desktop/phd/fast-track,1,1200s,100000000,False,False,info,/home/meliani/nni-experiments,"['LSTM', 'GRU', 'CNN', 'RNN', 'TCN', 'Transformer', 'MLP']","[16, 32, 64, 128, 256]","[1, 2, 3, 4]","[0, 0.1, 0.2, 0.3, 0.5]","['relu', 'tanh', 'sigmoid', 'elu']","[1e-05, 0.01]","[2, 3, 4, 5, 6, 7, 8, 9, 10, 11, 12, 13, 14, 15, 16, 17, 18, 19, 20, 21, 22, 23, 24, 25, 26, 27, 28, 29, 30]","[16, 32, 64, 128]","[5, 10, 15, 20]","[2, 3, 5, 7]","[2, 4, 8]",evolution,minimize,local
cuvz9eyt,96,468,1778681326163,,/home/meliani/nni-experiments/cuvz9eyt,48,exp_evolution_1200s_local_only_local_only,hpo,/home/meliani/Desktop/phd/fast-track/search_space.json,python3 trial.py --data ./local_only.csv,/home/meliani/Desktop/phd/fast-track,1,1200s,100000000,False,False,info,/home/meliani/nni-experiments,"['LSTM', 'GRU', 'CNN', 'RNN', 'TCN', 'Transformer', 'MLP']","[16, 32, 64, 128, 256]","[1, 2, 3, 4]","[0, 0.1, 0.2, 0.3, 0.5]","['relu', 'tanh', 'sigmoid', 'elu']","[1e-05, 0.01]","[2, 3, 4, 5, 6, 7, 8, 9, 10, 11, 12, 13, 14, 15, 16, 17, 18, 19, 20, 21, 22, 23, 24, 25, 26, 27, 28, 29, 30]","[16, 32, 64, 128]","[5, 10, 15, 20]","[2, 3, 5, 7]","[2, 4, 8]",evolution,minimize,local
cuvz9eyt,97,470,1778681326163,,/home/meliani/nni-experiments/cuvz9eyt,48,exp_evolution_1200s_local_only_local_only,hpo,/home/meliani/Desktop/phd/fast-track/search_space.json,python3 trial.py --data ./local_only.csv,/home/meliani/Desktop/phd/fast-track,1,1200s,100000000,False,False,info,/home/meliani/nni-experiments,"['LSTM', 'GRU', 'CNN', 'RNN', 'TCN', 'Transformer', 'MLP']","[16, 32, 64, 128, 256]","[1, 2, 3, 4]","[0, 0.1, 0.2, 0.3, 0.5]","['relu', 'tanh', 'sigmoid', 'elu']","[1e-05, 0.01]","[2, 3, 4, 5, 6, 7, 8, 9, 10, 11, 12, 13, 14, 15, 16, 17, 18, 19, 20, 21, 22, 23, 24, 25, 26, 27, 28, 29, 30]","[16, 32, 64, 128]","[5, 10, 15, 20]","[2, 3, 5, 7]","[2, 4, 8]",evolution,minimize,local
cuvz9eyt,98,473,1778681326163,,/home/meliani/nni-experiments/cuvz9eyt,49,exp_evolution_1200s_local_only_local_only,hpo,/home/meliani/Desktop/phd/fast-track/search_space.json,python3 trial.py --data ./local_only.csv,/home/meliani/Desktop/phd/fast-track,1,1200s,100000000,False,False,info,/home/meliani/nni-experiments,"['LSTM', 'GRU', 'CNN', 'RNN', 'TCN', 'Transformer', 'MLP']","[16, 32, 64, 128, 256]","[1, 2, 3, 4]","[0, 0.1, 0.2, 0.3, 0.5]","['relu', 'tanh', 'sigmoid', 'elu']","[1e-05, 0.01]","[2, 3, 4, 5, 6, 7, 8, 9, 10, 11, 12, 13, 14, 15, 16, 17, 18, 19, 20, 21, 22, 23, 24, 25, 26, 27, 28, 29, 30]","[16, 32, 64, 128]","[5, 10, 15, 20]","[2, 3, 5, 7]","[2, 4, 8]",evolution,minimize,local
cuvz9eyt,99,480,1778681326163,,/home/meliani/nni-experiments/cuvz9eyt,49,exp_evolution_1200s_local_only_local_only,hpo,/home/meliani/Desktop/phd/fast-track/search_space.json,python3 trial.py --data ./local_only.csv,/home/meliani/Desktop/phd/fast-track,1,1200s,100000000,False,False,info,/home/meliani/nni-experiments,"['LSTM', 'GRU', 'CNN', 'RNN', 'TCN', 'Transformer', 'MLP']","[16, 32, 64, 128, 256]","[1, 2, 3, 4]","[0, 0.1, 0.2, 0.3, 0.5]","['relu', 'tanh', 'sigmoid', 'elu']","[1e-05, 0.01]","[2, 3, 4, 5, 6, 7, 8, 9, 10, 11, 12, 13, 14, 15, 16, 17, 18, 19, 20, 21, 22, 23, 24, 25, 26, 27, 28, 29, 30]","[16, 32, 64, 128]","[5, 10, 15, 20]","[2, 3, 5, 7]","[2, 4, 8]",evolution,minimize,local
cuvz9eyt,100,487,1778681326163,,/home/meliani/nni-experiments/cuvz9eyt,50,exp_evolution_1200s_local_only_local_only,hpo,/home/meliani/Desktop/phd/fast-track/search_space.json,python3 trial.py --data ./local_only.csv,/home/meliani/Desktop/phd/fast-track,1,1200s,100000000,False,False,info,/home/meliani/nni-experiments,"['LSTM', 'GRU', 'CNN', 'RNN', 'TCN', 'Transformer', 'MLP']","[16, 32, 64, 128, 256]","[1, 2, 3, 4]","[0, 0.1, 0.2, 0.3, 0.5]","['relu', 'tanh', 'sigmoid', 'elu']","[1e-05, 0.01]","[2, 3, 4, 5, 6, 7, 8, 9, 10, 11, 12, 13, 14, 15, 16, 17, 18, 19, 20, 21, 22, 23, 24, 25, 26, 27, 28, 29, 30]","[16, 32, 64, 128]","[5, 10, 15, 20]","[2, 3, 5, 7]","[2, 4, 8]",evolution,minimize,local
cuvz9eyt,101,490,1778681326163,,/home/meliani/nni-experiments/cuvz9eyt,50,exp_evolution_1200s_local_only_local_only,hpo,/home/meliani/Desktop/phd/fast-track/search_space.json,python3 trial.py --data ./local_only.csv,/home/meliani/Desktop/phd/fast-track,1,1200s,100000000,False,False,info,/home/meliani/nni-experiments,"['LSTM', 'GRU', 'CNN', 'RNN', 'TCN', 'Transformer', 'MLP']","[16, 32, 64, 128, 256]","[1, 2, 3, 4]","[0, 0.1, 0.2, 0.3, 0.5]","['relu', 'tanh', 'sigmoid', 'elu']","[1e-05, 0.01]","[2, 3, 4, 5, 6, 7, 8, 9, 10, 11, 12, 13, 14, 15, 16, 17, 18, 19, 20, 21, 22, 23, 24, 25, 26, 27, 28, 29, 30]","[16, 32, 64, 128]","[5, 10, 15, 20]","[2, 3, 5, 7]","[2, 4, 8]",evolution,minimize,local
cuvz9eyt,102,493,1778681326163,,/home/meliani/nni-experiments/cuvz9eyt,51,exp_evolution_1200s_local_only_local_only,hpo,/home/meliani/Desktop/phd/fast-track/search_space.json,python3 trial.py --data ./local_only.csv,/home/meliani/Desktop/phd/fast-track,1,1200s,100000000,False,False,info,/home/meliani/nni-experiments,"['LSTM', 'GRU', 'CNN', 'RNN', 'TCN', 'Transformer', 'MLP']","[16, 32, 64, 128, 256]","[1, 2, 3, 4]","[0, 0.1, 0.2, 0.3, 0.5]","['relu', 'tanh', 'sigmoid', 'elu']","[1e-05, 0.01]","[2, 3, 4, 5, 6, 7, 8, 9, 10, 11, 12, 13, 14, 15, 16, 17, 18, 19, 20, 21, 22, 23, 24, 25, 26, 27, 28, 29, 30]","[16, 32, 64, 128]","[5, 10, 15, 20]","[2, 3, 5, 7]","[2, 4, 8]",evolution,minimize,local
cuvz9eyt,103,499,1778681326163,,/home/meliani/nni-experiments/cuvz9eyt,52,exp_evolution_1200s_local_only_local_only,hpo,/home/meliani/Desktop/phd/fast-track/search_space.json,python3 trial.py --data ./local_only.csv,/home/meliani/Desktop/phd/fast-track,1,1200s,100000000,False,False,info,/home/meliani/nni-experiments,"['LSTM', 'GRU', 'CNN', 'RNN', 'TCN', 'Transformer', 'MLP']","[16, 32, 64, 128, 256]","[1, 2, 3, 4]","[0, 0.1, 0.2, 0.3, 0.5]","['relu', 'tanh', 'sigmoid', 'elu']","[1e-05, 0.01]","[2, 3, 4, 5, 6, 7, 8, 9, 10, 11, 12, 13, 14, 15, 16, 17, 18, 19, 20, 21, 22, 23, 24, 25, 26, 27, 28, 29, 30]","[16, 32, 64, 128]","[5, 10, 15, 20]","[2, 3, 5, 7]","[2, 4, 8]",evolution,minimize,local
cuvz9eyt,104,500,1778681326163,,/home/meliani/nni-experiments/cuvz9eyt,52,exp_evolution_1200s_local_only_local_only,hpo,/home/meliani/Desktop/phd/fast-track/search_space.json,python3 trial.py --data ./local_only.csv,/home/meliani/Desktop/phd/fast-track,1,1200s,100000000,False,False,info,/home/meliani/nni-experiments,"['LSTM', 'GRU', 'CNN', 'RNN', 'TCN', 'Transformer', 'MLP']","[16, 32, 64, 128, 256]","[1, 2, 3, 4]","[0, 0.1, 0.2, 0.3, 0.5]","['relu', 'tanh', 'sigmoid', 'elu']","[1e-05, 0.01]","[2, 3, 4, 5, 6, 7, 8, 9, 10, 11, 12, 13, 14, 15, 16, 17, 18, 19, 20, 21, 22, 23, 24, 25, 26, 27, 28, 29, 30]","[16, 32, 64, 128]","[5, 10, 15, 20]","[2, 3, 5, 7]","[2, 4, 8]",evolution,minimize,local
cuvz9eyt,105,505,1778681326163,,/home/meliani/nni-experiments/cuvz9eyt,53,exp_evolution_1200s_local_only_local_only,hpo,/home/meliani/Desktop/phd/fast-track/search_space.json,python3 trial.py --data ./local_only.csv,/home/meliani/Desktop/phd/fast-track,1,1200s,100000000,False,False,info,/home/meliani/nni-experiments,"['LSTM', 'GRU', 'CNN', 'RNN', 'TCN', 'Transformer', 'MLP']","[16, 32, 64, 128, 256]","[1, 2, 3, 4]","[0, 0.1, 0.2, 0.3, 0.5]","['relu', 'tanh', 'sigmoid', 'elu']","[1e-05, 0.01]","[2, 3, 4, 5, 6, 7, 8, 9, 10, 11, 12, 13, 14, 15, 16, 17, 18, 19, 20, 21, 22, 23, 24, 25, 26, 27, 28, 29, 30]","[16, 32, 64, 128]","[5, 10, 15, 20]","[2, 3, 5, 7]","[2, 4, 8]",evolution,minimize,local
cuvz9eyt,106,510,1778681326163,,/home/meliani/nni-experiments/cuvz9eyt,53,exp_evolution_1200s_local_only_local_only,hpo,/home/meliani/Desktop/phd/fast-track/search_space.json,python3 trial.py --data ./local_only.csv,/home/meliani/Desktop/phd/fast-track,1,1200s,100000000,False,False,info,/home/meliani/nni-experiments,"['LSTM', 'GRU', 'CNN', 'RNN', 'TCN', 'Transformer', 'MLP']","[16, 32, 64, 128, 256]","[1, 2, 3, 4]","[0, 0.1, 0.2, 0.3, 0.5]","['relu', 'tanh', 'sigmoid', 'elu']","[1e-05, 0.01]","[2, 3, 4, 5, 6, 7, 8, 9, 10, 11, 12, 13, 14, 15, 16, 17, 18, 19, 20, 21, 22, 23, 24, 25, 26, 27, 28, 29, 30]","[16, 32, 64, 128]","[5, 10, 15, 20]","[2, 3, 5, 7]","[2, 4, 8]",evolution,minimize,local
cuvz9eyt,107,511,1778681326163,,/home/meliani/nni-experiments/cuvz9eyt,54,exp_evolution_1200s_local_only_local_only,hpo,/home/meliani/Desktop/phd/fast-track/search_space.json,python3 trial.py --data ./local_only.csv,/home/meliani/Desktop/phd/fast-track,1,1200s,100000000,False,False,info,/home/meliani/nni-experiments,"['LSTM', 'GRU', 'CNN', 'RNN', 'TCN', 'Transformer', 'MLP']","[16, 32, 64, 128, 256]","[1, 2, 3, 4]","[0, 0.1, 0.2, 0.3, 0.5]","['relu', 'tanh', 'sigmoid', 'elu']","[1e-05, 0.01]","[2, 3, 4, 5, 6, 7, 8, 9, 10, 11, 12, 13, 14, 15, 16, 17, 18, 19, 20, 21, 22, 23, 24, 25, 26, 27, 28, 29, 30]","[16, 32, 64, 128]","[5, 10, 15, 20]","[2, 3, 5, 7]","[2, 4, 8]",evolution,minimize,local
cuvz9eyt,108,517,1778681326163,,/home/meliani/nni-experiments/cuvz9eyt,55,exp_evolution_1200s_local_only_local_only,hpo,/home/meliani/Desktop/phd/fast-track/search_space.json,python3 trial.py --data ./local_only.csv,/home/meliani/Desktop/phd/fast-track,1,1200s,100000000,False,False,info,/home/meliani/nni-experiments,"['LSTM', 'GRU', 'CNN', 'RNN', 'TCN', 'Transformer', 'MLP']","[16, 32, 64, 128, 256]","[1, 2, 3, 4]","[0, 0.1, 0.2, 0.3, 0.5]","['relu', 'tanh', 'sigmoid', 'elu']","[1e-05, 0.01]","[2, 3, 4, 5, 6, 7, 8, 9, 10, 11, 12, 13, 14, 15, 16, 17, 18, 19, 20, 21, 22, 23, 24, 25, 26, 27, 28, 29, 30]","[16, 32, 64, 128]","[5, 10, 15, 20]","[2, 3, 5, 7]","[2, 4, 8]",evolution,minimize,local
cuvz9eyt,109,520,1778681326163,,/home/meliani/nni-experiments/cuvz9eyt,55,exp_evolution_1200s_local_only_local_only,hpo,/home/meliani/Desktop/phd/fast-track/search_space.json,python3 trial.py --data ./local_only.csv,/home/meliani/Desktop/phd/fast-track,1,1200s,100000000,False,False,info,/home/meliani/nni-experiments,"['LSTM', 'GRU', 'CNN', 'RNN', 'TCN', 'Transformer', 'MLP']","[16, 32, 64, 128, 256]","[1, 2, 3, 4]","[0, 0.1, 0.2, 0.3, 0.5]","['relu', 'tanh', 'sigmoid', 'elu']","[1e-05, 0.01]","[2, 3, 4, 5, 6, 7, 8, 9, 10, 11, 12, 13, 14, 15, 16, 17, 18, 19, 20, 21, 22, 23, 24, 25, 26, 27, 28, 29, 30]","[16, 32, 64, 128]","[5, 10, 15, 20]","[2, 3, 5, 7]","[2, 4, 8]",evolution,minimize,local
cuvz9eyt,110,524,1778681326163,,/home/meliani/nni-experiments/cuvz9eyt,56,exp_evolution_1200s_local_only_local_only,hpo,/home/meliani/Desktop/phd/fast-track/search_space.json,python3 trial.py --data ./local_only.csv,/home/meliani/Desktop/phd/fast-track,1,1200s,100000000,False,False,info,/home/meliani/nni-experiments,"['LSTM', 'GRU', 'CNN', 'RNN', 'TCN', 'Transformer', 'MLP']","[16, 32, 64, 128, 256]","[1, 2, 3, 4]","[0, 0.1, 0.2, 0.3, 0.5]","['relu', 'tanh', 'sigmoid', 'elu']","[1e-05, 0.01]","[2, 3, 4, 5, 6, 7, 8, 9, 10, 11, 12, 13, 14, 15, 16, 17, 18, 19, 20, 21, 22, 23, 24, 25, 26, 27, 28, 29, 30]","[16, 32, 64, 128]","[5, 10, 15, 20]","[2, 3, 5, 7]","[2, 4, 8]",evolution,minimize,local
cuvz9eyt,111,530,1778681326163,,/home/meliani/nni-experiments/cuvz9eyt,57,exp_evolution_1200s_local_only_local_only,hpo,/home/meliani/Desktop/phd/fast-track/search_space.json,python3 trial.py --data ./local_only.csv,/home/meliani/Desktop/phd/fast-track,1,1200s,100000000,False,False,info,/home/meliani/nni-experiments,"['LSTM', 'GRU', 'CNN', 'RNN', 'TCN', 'Transformer', 'MLP']","[16, 32, 64, 128, 256]","[1, 2, 3, 4]","[0, 0.1, 0.2, 0.3, 0.5]","['relu', 'tanh', 'sigmoid', 'elu']","[1e-05, 0.01]","[2, 3, 4, 5, 6, 7, 8, 9, 10, 11, 12, 13, 14, 15, 16, 17, 18, 19, 20, 21, 22, 23, 24, 25, 26, 27, 28, 29, 30]","[16, 32, 64, 128]","[5, 10, 15, 20]","[2, 3, 5, 7]","[2, 4, 8]",evolution,minimize,local
cuvz9eyt,112,530,1778681326163,,/home/meliani/nni-experiments/cuvz9eyt,57,exp_evolution_1200s_local_only_local_only,hpo,/home/meliani/Desktop/phd/fast-track/search_space.json,python3 trial.py --data ./local_only.csv,/home/meliani/Desktop/phd/fast-track,1,1200s,100000000,False,False,info,/home/meliani/nni-experiments,"['LSTM', 'GRU', 'CNN', 'RNN', 'TCN', 'Transformer', 'MLP']","[16, 32, 64, 128, 256]","[1, 2, 3, 4]","[0, 0.1, 0.2, 0.3, 0.5]","['relu', 'tanh', 'sigmoid', 'elu']","[1e-05, 0.01]","[2, 3, 4, 5, 6, 7, 8, 9, 10, 11, 12, 13, 14, 15, 16, 17, 18, 19, 20, 21, 22, 23, 24, 25, 26, 27, 28, 29, 30]","[16, 32, 64, 128]","[5, 10, 15, 20]","[2, 3, 5, 7]","[2, 4, 8]",evolution,minimize,local
cuvz9eyt,113,537,1778681326163,,/home/meliani/nni-experiments/cuvz9eyt,58,exp_evolution_1200s_local_only_local_only,hpo,/home/meliani/Desktop/phd/fast-track/search_space.json,python3 trial.py --data ./local_only.csv,/home/meliani/Desktop/phd/fast-track,1,1200s,100000000,False,False,info,/home/meliani/nni-experiments,"['LSTM', 'GRU', 'CNN', 'RNN', 'TCN', 'Transformer', 'MLP']","[16, 32, 64, 128, 256]","[1, 2, 3, 4]","[0, 0.1, 0.2, 0.3, 0.5]","['relu', 'tanh', 'sigmoid', 'elu']","[1e-05, 0.01]","[2, 3, 4, 5, 6, 7, 8, 9, 10, 11, 12, 13, 14, 15, 16, 17, 18, 19, 20, 21, 22, 23, 24, 25, 26, 27, 28, 29, 30]","[16, 32, 64, 128]","[5, 10, 15, 20]","[2, 3, 5, 7]","[2, 4, 8]",evolution,minimize,local
cuvz9eyt,114,540,1778681326163,,/home/meliani/nni-experiments/cuvz9eyt,58,exp_evolution_1200s_local_only_local_only,hpo,/home/meliani/Desktop/phd/fast-track/search_space.json,python3 trial.py --data ./local_only.csv,/home/meliani/Desktop/phd/fast-track,1,1200s,100000000,False,False,info,/home/meliani/nni-experiments,"['LSTM', 'GRU', 'CNN', 'RNN', 'TCN', 'Transformer', 'MLP']","[16, 32, 64, 128, 256]","[1, 2, 3, 4]","[0, 0.1, 0.2, 0.3, 0.5]","['relu', 'tanh', 'sigmoid', 'elu']","[1e-05, 0.01]","[2, 3, 4, 5, 6, 7, 8, 9, 10, 11, 12, 13, 14, 15, 16, 17, 18, 19, 20, 21, 22, 23, 24, 25, 26, 27, 28, 29, 30]","[16, 32, 64, 128]","[5, 10, 15, 20]","[2, 3, 5, 7]","[2, 4, 8]",evolution,minimize,local
cuvz9eyt,115,542,1778681326163,,/home/meliani/nni-experiments/cuvz9eyt,59,exp_evolution_1200s_local_only_local_only,hpo,/home/meliani/Desktop/phd/fast-track/search_space.json,python3 trial.py --data ./local_only.csv,/home/meliani/Desktop/phd/fast-track,1,1200s,100000000,False,False,info,/home/meliani/nni-experiments,"['LSTM', 'GRU', 'CNN', 'RNN', 'TCN', 'Transformer', 'MLP']","[16, 32, 64, 128, 256]","[1, 2, 3, 4]","[0, 0.1, 0.2, 0.3, 0.5]","['relu', 'tanh', 'sigmoid', 'elu']","[1e-05, 0.01]","[2, 3, 4, 5, 6, 7, 8, 9, 10, 11, 12, 13, 14, 15, 16, 17, 18, 19, 20, 21, 22, 23, 24, 25, 26, 27, 28, 29, 30]","[16, 32, 64, 128]","[5, 10, 15, 20]","[2, 3, 5, 7]","[2, 4, 8]",evolution,minimize,local
cuvz9eyt,116,548,1778681326163,,/home/meliani/nni-experiments/cuvz9eyt,60,exp_evolution_1200s_local_only_local_only,hpo,/home/meliani/Desktop/phd/fast-track/search_space.json,python3 trial.py --data ./local_only.csv,/home/meliani/Desktop/phd/fast-track,1,1200s,100000000,False,False,info,/home/meliani/nni-experiments,"['LSTM', 'GRU', 'CNN', 'RNN', 'TCN', 'Transformer', 'MLP']","[16, 32, 64, 128, 256]","[1, 2, 3, 4]","[0, 0.1, 0.2, 0.3, 0.5]","['relu', 'tanh', 'sigmoid', 'elu']","[1e-05, 0.01]","[2, 3, 4, 5, 6, 7, 8, 9, 10, 11, 12, 13, 14, 15, 16, 17, 18, 19, 20, 21, 22, 23, 24, 25, 26, 27, 28, 29, 30]","[16, 32, 64, 128]","[5, 10, 15, 20]","[2, 3, 5, 7]","[2, 4, 8]",evolution,minimize,local
cuvz9eyt,117,550,1778681326163,,/home/meliani/nni-experiments/cuvz9eyt,60,exp_evolution_1200s_local_only_local_only,hpo,/home/meliani/Desktop/phd/fast-track/search_space.json,python3 trial.py --data ./local_only.csv,/home/meliani/Desktop/phd/fast-track,1,1200s,100000000,False,False,info,/home/meliani/nni-experiments,"['LSTM', 'GRU', 'CNN', 'RNN', 'TCN', 'Transformer', 'MLP']","[16, 32, 64, 128, 256]","[1, 2, 3, 4]","[0, 0.1, 0.2, 0.3, 0.5]","['relu', 'tanh', 'sigmoid', 'elu']","[1e-05, 0.01]","[2, 3, 4, 5, 6, 7, 8, 9, 10, 11, 12, 13, 14, 15, 16, 17, 18, 19, 20, 21, 22, 23, 24, 25, 26, 27, 28, 29, 30]","[16, 32, 64, 128]","[5, 10, 15, 20]","[2, 3, 5, 7]","[2, 4, 8]",evolution,minimize,local
cuvz9eyt,118,555,1778681326163,,/home/meliani/nni-experiments/cuvz9eyt,61,exp_evolution_1200s_local_only_local_only,hpo,/home/meliani/Desktop/phd/fast-track/search_space.json,python3 trial.py --data ./local_only.csv,/home/meliani/Desktop/phd/fast-track,1,1200s,100000000,False,False,info,/home/meliani/nni-experiments,"['LSTM', 'GRU', 'CNN', 'RNN', 'TCN', 'Transformer', 'MLP']","[16, 32, 64, 128, 256]","[1, 2, 3, 4]","[0, 0.1, 0.2, 0.3, 0.5]","['relu', 'tanh', 'sigmoid', 'elu']","[1e-05, 0.01]","[2, 3, 4, 5, 6, 7, 8, 9, 10, 11, 12, 13, 14, 15, 16, 17, 18, 19, 20, 21, 22, 23, 24, 25, 26, 27, 28, 29, 30]","[16, 32, 64, 128]","[5, 10, 15, 20]","[2, 3, 5, 7]","[2, 4, 8]",evolution,minimize,local
cuvz9eyt,119,560,1778681326163,,/home/meliani/nni-experiments/cuvz9eyt,61,exp_evolution_1200s_local_only_local_only,hpo,/home/meliani/Desktop/phd/fast-track/search_space.json,python3 trial.py --data ./local_only.csv,/home/meliani/Desktop/phd/fast-track,1,1200s,100000000,False,False,info,/home/meliani/nni-experiments,"['LSTM', 'GRU', 'CNN', 'RNN', 'TCN', 'Transformer', 'MLP']","[16, 32, 64, 128, 256]","[1, 2, 3, 4]","[0, 0.1, 0.2, 0.3, 0.5]","['relu', 'tanh', 'sigmoid', 'elu']","[1e-05, 0.01]","[2, 3, 4, 5, 6, 7, 8, 9, 10, 11, 12, 13, 14, 15, 16, 17, 18, 19, 20, 21, 22, 23, 24, 25, 26, 27, 28, 29, 30]","[16, 32, 64, 128]","[5, 10, 15, 20]","[2, 3, 5, 7]","[2, 4, 8]",evolution,minimize,local
cuvz9eyt,120,563,1778681326163,,/home/meliani/nni-experiments/cuvz9eyt,62,exp_evolution_1200s_local_only_local_only,hpo,/home/meliani/Desktop/phd/fast-track/search_space.json,python3 trial.py --data ./local_only.csv,/home/meliani/Desktop/phd/fast-track,1,1200s,100000000,False,False,info,/home/meliani/nni-experiments,"['LSTM', 'GRU', 'CNN', 'RNN', 'TCN', 'Transformer', 'MLP']","[16, 32, 64, 128, 256]","[1, 2, 3, 4]","[0, 0.1, 0.2, 0.3, 0.5]","['relu', 'tanh', 'sigmoid', 'elu']","[1e-05, 0.01]","[2, 3, 4, 5, 6, 7, 8, 9, 10, 11, 12, 13, 14, 15, 16, 17, 18, 19, 20, 21, 22, 23, 24, 25, 26, 27, 28, 29, 30]","[16, 32, 64, 128]","[5, 10, 15, 20]","[2, 3, 5, 7]","[2, 4, 8]",evolution,minimize,local
cuvz9eyt,121,570,1778681326163,,/home/meliani/nni-experiments/cuvz9eyt,62,exp_evolution_1200s_local_only_local_only,hpo,/home/meliani/Desktop/phd/fast-track/search_space.json,python3 trial.py --data ./local_only.csv,/home/meliani/Desktop/phd/fast-track,1,1200s,100000000,False,False,info,/home/meliani/nni-experiments,"['LSTM', 'GRU', 'CNN', 'RNN', 'TCN', 'Transformer', 'MLP']","[16, 32, 64, 128, 256]","[1, 2, 3, 4]","[0, 0.1, 0.2, 0.3, 0.5]","['relu', 'tanh', 'sigmoid', 'elu']","[1e-05, 0.01]","[2, 3, 4, 5, 6, 7, 8, 9, 10, 11, 12, 13, 14, 15, 16, 17, 18, 19, 20, 21, 22, 23, 24, 25, 26, 27, 28, 29, 30]","[16, 32, 64, 128]","[5, 10, 15, 20]","[2, 3, 5, 7]","[2, 4, 8]",evolution,minimize,local
cuvz9eyt,122,580,1778681326163,,/home/meliani/nni-experiments/cuvz9eyt,62,exp_evolution_1200s_local_only_local_only,hpo,/home/meliani/Desktop/phd/fast-track/search_space.json,python3 trial.py --data ./local_only.csv,/home/meliani/Desktop/phd/fast-track,1,1200s,100000000,False,False,info,/home/meliani/nni-experiments,"['LSTM', 'GRU', 'CNN', 'RNN', 'TCN', 'Transformer', 'MLP']","[16, 32, 64, 128, 256]","[1, 2, 3, 4]","[0, 0.1, 0.2, 0.3, 0.5]","['relu', 'tanh', 'sigmoid', 'elu']","[1e-05, 0.01]","[2, 3, 4, 5, 6, 7, 8, 9, 10, 11, 12, 13, 14, 15, 16, 17, 18, 19, 20, 21, 22, 23, 24, 25, 26, 27, 28, 29, 30]","[16, 32, 64, 128]","[5, 10, 15, 20]","[2, 3, 5, 7]","[2, 4, 8]",evolution,minimize,local
cuvz9eyt,123,581,1778681326163,,/home/meliani/nni-experiments/cuvz9eyt,63,exp_evolution_1200s_local_only_local_only,hpo,/home/meliani/Desktop/phd/fast-track/search_space.json,python3 trial.py --data ./local_only.csv,/home/meliani/Desktop/phd/fast-track,1,1200s,100000000,False,False,info,/home/meliani/nni-experiments,"['LSTM', 'GRU', 'CNN', 'RNN', 'TCN', 'Transformer', 'MLP']","[16, 32, 64, 128, 256]","[1, 2, 3, 4]","[0, 0.1, 0.2, 0.3, 0.5]","['relu', 'tanh', 'sigmoid', 'elu']","[1e-05, 0.01]","[2, 3, 4, 5, 6, 7, 8, 9, 10, 11, 12, 13, 14, 15, 16, 17, 18, 19, 20, 21, 22, 23, 24, 25, 26, 27, 28, 29, 30]","[16, 32, 64, 128]","[5, 10, 15, 20]","[2, 3, 5, 7]","[2, 4, 8]",evolution,minimize,local
cuvz9eyt,124,587,1778681326163,,/home/meliani/nni-experiments/cuvz9eyt,64,exp_evolution_1200s_local_only_local_only,hpo,/home/meliani/Desktop/phd/fast-track/search_space.json,python3 trial.py --data ./local_only.csv,/home/meliani/Desktop/phd/fast-track,1,1200s,100000000,False,False,info,/home/meliani/nni-experiments,"['LSTM', 'GRU', 'CNN', 'RNN', 'TCN', 'Transformer', 'MLP']","[16, 32, 64, 128, 256]","[1, 2, 3, 4]","[0, 0.1, 0.2, 0.3, 0.5]","['relu', 'tanh', 'sigmoid', 'elu']","[1e-05, 0.01]","[2, 3, 4, 5, 6, 7, 8, 9, 10, 11, 12, 13, 14, 15, 16, 17, 18, 19, 20, 21, 22, 23, 24, 25, 26, 27, 28, 29, 30]","[16, 32, 64, 128]","[5, 10, 15, 20]","[2, 3, 5, 7]","[2, 4, 8]",evolution,minimize,local
cuvz9eyt,125,590,1778681326163,,/home/meliani/nni-experiments/cuvz9eyt,64,exp_evolution_1200s_local_only_local_only,hpo,/home/meliani/Desktop/phd/fast-track/search_space.json,python3 trial.py --data ./local_only.csv,/home/meliani/Desktop/phd/fast-track,1,1200s,100000000,False,False,info,/home/meliani/nni-experiments,"['LSTM', 'GRU', 'CNN', 'RNN', 'TCN', 'Transformer', 'MLP']","[16, 32, 64, 128, 256]","[1, 2, 3, 4]","[0, 0.1, 0.2, 0.3, 0.5]","['relu', 'tanh', 'sigmoid', 'elu']","[1e-05, 0.01]","[2, 3, 4, 5, 6, 7, 8, 9, 10, 11, 12, 13, 14, 15, 16, 17, 18, 19, 20, 21, 22, 23, 24, 25, 26, 27, 28, 29, 30]","[16, 32, 64, 128]","[5, 10, 15, 20]","[2, 3, 5, 7]","[2, 4, 8]",evolution,minimize,local
cuvz9eyt,126,594,1778681326163,,/home/meliani/nni-experiments/cuvz9eyt,65,exp_evolution_1200s_local_only_local_only,hpo,/home/meliani/Desktop/phd/fast-track/search_space.json,python3 trial.py --data ./local_only.csv,/home/meliani/Desktop/phd/fast-track,1,1200s,100000000,False,False,info,/home/meliani/nni-experiments,"['LSTM', 'GRU', 'CNN', 'RNN', 'TCN', 'Transformer', 'MLP']","[16, 32, 64, 128, 256]","[1, 2, 3, 4]","[0, 0.1, 0.2, 0.3, 0.5]","['relu', 'tanh', 'sigmoid', 'elu']","[1e-05, 0.01]","[2, 3, 4, 5, 6, 7, 8, 9, 10, 11, 12, 13, 14, 15, 16, 17, 18, 19, 20, 21, 22, 23, 24, 25, 26, 27, 28, 29, 30]","[16, 32, 64, 128]","[5, 10, 15, 20]","[2, 3, 5, 7]","[2, 4, 8]",evolution,minimize,local
cuvz9eyt,127,600,1778681326163,,/home/meliani/nni-experiments/cuvz9eyt,65,exp_evolution_1200s_local_only_local_only,hpo,/home/meliani/Desktop/phd/fast-track/search_space.json,python3 trial.py --data ./local_only.csv,/home/meliani/Desktop/phd/fast-track,1,1200s,100000000,False,False,info,/home/meliani/nni-experiments,"['LSTM', 'GRU', 'CNN', 'RNN', 'TCN', 'Transformer', 'MLP']","[16, 32, 64, 128, 256]","[1, 2, 3, 4]","[0, 0.1, 0.2, 0.3, 0.5]","['relu', 'tanh', 'sigmoid', 'elu']","[1e-05, 0.01]","[2, 3, 4, 5, 6, 7, 8, 9, 10, 11, 12, 13, 14, 15, 16, 17, 18, 19, 20, 21, 22, 23, 24, 25, 26, 27, 28, 29, 30]","[16, 32, 64, 128]","[5, 10, 15, 20]","[2, 3, 5, 7]","[2, 4, 8]",evolution,minimize,local
cuvz9eyt,128,602,1778681326163,,/home/meliani/nni-experiments/cuvz9eyt,66,exp_evolution_1200s_local_only_local_only,hpo,/home/meliani/Desktop/phd/fast-track/search_space.json,python3 trial.py --data ./local_only.csv,/home/meliani/Desktop/phd/fast-track,1,1200s,100000000,False,False,info,/home/meliani/nni-experiments,"['LSTM', 'GRU', 'CNN', 'RNN', 'TCN', 'Transformer', 'MLP']","[16, 32, 64, 128, 256]","[1, 2, 3, 4]","[0, 0.1, 0.2, 0.3, 0.5]","['relu', 'tanh', 'sigmoid', 'elu']","[1e-05, 0.01]","[2, 3, 4, 5, 6, 7, 8, 9, 10, 11, 12, 13, 14, 15, 16, 17, 18, 19, 20, 21, 22, 23, 24, 25, 26, 27, 28, 29, 30]","[16, 32, 64, 128]","[5, 10, 15, 20]","[2, 3, 5, 7]","[2, 4, 8]",evolution,minimize,local
cuvz9eyt,129,607,1778681326163,,/home/meliani/nni-experiments/cuvz9eyt,67,exp_evolution_1200s_local_only_local_only,hpo,/home/meliani/Desktop/phd/fast-track/search_space.json,python3 trial.py --data ./local_only.csv,/home/meliani/Desktop/phd/fast-track,1,1200s,100000000,False,False,info,/home/meliani/nni-experiments,"['LSTM', 'GRU', 'CNN', 'RNN', 'TCN', 'Transformer', 'MLP']","[16, 32, 64, 128, 256]","[1, 2, 3, 4]","[0, 0.1, 0.2, 0.3, 0.5]","['relu', 'tanh', 'sigmoid', 'elu']","[1e-05, 0.01]","[2, 3, 4, 5, 6, 7, 8, 9, 10, 11, 12, 13, 14, 15, 16, 17, 18, 19, 20, 21, 22, 23, 24, 25, 26, 27, 28, 29, 30]","[16, 32, 64, 128]","[5, 10, 15, 20]","[2, 3, 5, 7]","[2, 4, 8]",evolution,minimize,local
cuvz9eyt,130,610,1778681326163,,/home/meliani/nni-experiments/cuvz9eyt,67,exp_evolution_1200s_local_only_local_only,hpo,/home/meliani/Desktop/phd/fast-track/search_space.json,python3 trial.py --data ./local_only.csv,/home/meliani/Desktop/phd/fast-track,1,1200s,100000000,False,False,info,/home/meliani/nni-experiments,"['LSTM', 'GRU', 'CNN', 'RNN', 'TCN', 'Transformer', 'MLP']","[16, 32, 64, 128, 256]","[1, 2, 3, 4]","[0, 0.1, 0.2, 0.3, 0.5]","['relu', 'tanh', 'sigmoid', 'elu']","[1e-05, 0.01]","[2, 3, 4, 5, 6, 7, 8, 9, 10, 11, 12, 13, 14, 15, 16, 17, 18, 19, 20, 21, 22, 23, 24, 25, 26, 27, 28, 29, 30]","[16, 32, 64, 128]","[5, 10, 15, 20]","[2, 3, 5, 7]","[2, 4, 8]",evolution,minimize,local
cuvz9eyt,131,614,1778681326163,,/home/meliani/nni-experiments/cuvz9eyt,68,exp_evolution_1200s_local_only_local_only,hpo,/home/meliani/Desktop/phd/fast-track/search_space.json,python3 trial.py --data ./local_only.csv,/home/meliani/Desktop/phd/fast-track,1,1200s,100000000,False,False,info,/home/meliani/nni-experiments,"['LSTM', 'GRU', 'CNN', 'RNN', 'TCN', 'Transformer', 'MLP']","[16, 32, 64, 128, 256]","[1, 2, 3, 4]","[0, 0.1, 0.2, 0.3, 0.5]","['relu', 'tanh', 'sigmoid', 'elu']","[1e-05, 0.01]","[2, 3, 4, 5, 6, 7, 8, 9, 10, 11, 12, 13, 14, 15, 16, 17, 18, 19, 20, 21, 22, 23, 24, 25, 26, 27, 28, 29, 30]","[16, 32, 64, 128]","[5, 10, 15, 20]","[2, 3, 5, 7]","[2, 4, 8]",evolution,minimize,local
cuvz9eyt,132,620,1778681326163,,/home/meliani/nni-experiments/cuvz9eyt,68,exp_evolution_1200s_local_only_local_only,hpo,/home/meliani/Desktop/phd/fast-track/search_space.json,python3 trial.py --data ./local_only.csv,/home/meliani/Desktop/phd/fast-track,1,1200s,100000000,False,False,info,/home/meliani/nni-experiments,"['LSTM', 'GRU', 'CNN', 'RNN', 'TCN', 'Transformer', 'MLP']","[16, 32, 64, 128, 256]","[1, 2, 3, 4]","[0, 0.1, 0.2, 0.3, 0.5]","['relu', 'tanh', 'sigmoid', 'elu']","[1e-05, 0.01]","[2, 3, 4, 5, 6, 7, 8, 9, 10, 11, 12, 13, 14, 15, 16, 17, 18, 19, 20, 21, 22, 23, 24, 25, 26, 27, 28, 29, 30]","[16, 32, 64, 128]","[5, 10, 15, 20]","[2, 3, 5, 7]","[2, 4, 8]",evolution,minimize,local
cuvz9eyt,133,622,1778681326163,,/home/meliani/nni-experiments/cuvz9eyt,69,exp_evolution_1200s_local_only_local_only,hpo,/home/meliani/Desktop/phd/fast-track/search_space.json,python3 trial.py --data ./local_only.csv,/home/meliani/Desktop/phd/fast-track,1,1200s,100000000,False,False,info,/home/meliani/nni-experiments,"['LSTM', 'GRU', 'CNN', 'RNN', 'TCN', 'Transformer', 'MLP']","[16, 32, 64, 128, 256]","[1, 2, 3, 4]","[0, 0.1, 0.2, 0.3, 0.5]","['relu', 'tanh', 'sigmoid', 'elu']","[1e-05, 0.01]","[2, 3, 4, 5, 6, 7, 8, 9, 10, 11, 12, 13, 14, 15, 16, 17, 18, 19, 20, 21, 22, 23, 24, 25, 26, 27, 28, 29, 30]","[16, 32, 64, 128]","[5, 10, 15, 20]","[2, 3, 5, 7]","[2, 4, 8]",evolution,minimize,local
cuvz9eyt,134,630,1778681326163,,/home/meliani/nni-experiments/cuvz9eyt,69,exp_evolution_1200s_local_only_local_only,hpo,/home/meliani/Desktop/phd/fast-track/search_space.json,python3 trial.py --data ./local_only.csv,/home/meliani/Desktop/phd/fast-track,1,1200s,100000000,False,False,info,/home/meliani/nni-experiments,"['LSTM', 'GRU', 'CNN', 'RNN', 'TCN', 'Transformer', 'MLP']","[16, 32, 64, 128, 256]","[1, 2, 3, 4]","[0, 0.1, 0.2, 0.3, 0.5]","['relu', 'tanh', 'sigmoid', 'elu']","[1e-05, 0.01]","[2, 3, 4, 5, 6, 7, 8, 9, 10, 11, 12, 13, 14, 15, 16, 17, 18, 19, 20, 21, 22, 23, 24, 25, 26, 27, 28, 29, 30]","[16, 32, 64, 128]","[5, 10, 15, 20]","[2, 3, 5, 7]","[2, 4, 8]",evolution,minimize,local
cuvz9eyt,135,630,1778681326163,,/home/meliani/nni-experiments/cuvz9eyt,70,exp_evolution_1200s_local_only_local_only,hpo,/home/meliani/Desktop/phd/fast-track/search_space.json,python3 trial.py --data ./local_only.csv,/home/meliani/Desktop/phd/fast-track,1,1200s,100000000,False,False,info,/home/meliani/nni-experiments,"['LSTM', 'GRU', 'CNN', 'RNN', 'TCN', 'Transformer', 'MLP']","[16, 32, 64, 128, 256]","[1, 2, 3, 4]","[0, 0.1, 0.2, 0.3, 0.5]","['relu', 'tanh', 'sigmoid', 'elu']","[1e-05, 0.01]","[2, 3, 4, 5, 6, 7, 8, 9, 10, 11, 12, 13, 14, 15, 16, 17, 18, 19, 20, 21, 22, 23, 24, 25, 26, 27, 28, 29, 30]","[16, 32, 64, 128]","[5, 10, 15, 20]","[2, 3, 5, 7]","[2, 4, 8]",evolution,minimize,local
cuvz9eyt,136,640,1778681326163,,/home/meliani/nni-experiments/cuvz9eyt,71,exp_evolution_1200s_local_only_local_only,hpo,/home/meliani/Desktop/phd/fast-track/search_space.json,python3 trial.py --data ./local_only.csv,/home/meliani/Desktop/phd/fast-track,1,1200s,100000000,False,False,info,/home/meliani/nni-experiments,"['LSTM', 'GRU', 'CNN', 'RNN', 'TCN', 'Transformer', 'MLP']","[16, 32, 64, 128, 256]","[1, 2, 3, 4]","[0, 0.1, 0.2, 0.3, 0.5]","['relu', 'tanh', 'sigmoid', 'elu']","[1e-05, 0.01]","[2, 3, 4, 5, 6, 7, 8, 9, 10, 11, 12, 13, 14, 15, 16, 17, 18, 19, 20, 21, 22, 23, 24, 25, 26, 27, 28, 29, 30]","[16, 32, 64, 128]","[5, 10, 15, 20]","[2, 3, 5, 7]","[2, 4, 8]",evolution,minimize,local
cuvz9eyt,137,640,1778681326163,,/home/meliani/nni-experiments/cuvz9eyt,71,exp_evolution_1200s_local_only_local_only,hpo,/home/meliani/Desktop/phd/fast-track/search_space.json,python3 trial.py --data ./local_only.csv,/home/meliani/Desktop/phd/fast-track,1,1200s,100000000,False,False,info,/home/meliani/nni-experiments,"['LSTM', 'GRU', 'CNN', 'RNN', 'TCN', 'Transformer', 'MLP']","[16, 32, 64, 128, 256]","[1, 2, 3, 4]","[0, 0.1, 0.2, 0.3, 0.5]","['relu', 'tanh', 'sigmoid', 'elu']","[1e-05, 0.01]","[2, 3, 4, 5, 6, 7, 8, 9, 10, 11, 12, 13, 14, 15, 16, 17, 18, 19, 20, 21, 22, 23, 24, 25, 26, 27, 28, 29, 30]","[16, 32, 64, 128]","[5, 10, 15, 20]","[2, 3, 5, 7]","[2, 4, 8]",evolution,minimize,local
cuvz9eyt,138,645,1778681326163,,/home/meliani/nni-experiments/cuvz9eyt,72,exp_evolution_1200s_local_only_local_only,hpo,/home/meliani/Desktop/phd/fast-track/search_space.json,python3 trial.py --data ./local_only.csv,/home/meliani/Desktop/phd/fast-track,1,1200s,100000000,False,False,info,/home/meliani/nni-experiments,"['LSTM', 'GRU', 'CNN', 'RNN', 'TCN', 'Transformer', 'MLP']","[16, 32, 64, 128, 256]","[1, 2, 3, 4]","[0, 0.1, 0.2, 0.3, 0.5]","['relu', 'tanh', 'sigmoid', 'elu']","[1e-05, 0.01]","[2, 3, 4, 5, 6, 7, 8, 9, 10, 11, 12, 13, 14, 15, 16, 17, 18, 19, 20, 21, 22, 23, 24, 25, 26, 27, 28, 29, 30]","[16, 32, 64, 128]","[5, 10, 15, 20]","[2, 3, 5, 7]","[2, 4, 8]",evolution,minimize,local
cuvz9eyt,139,650,1778681326163,,/home/meliani/nni-experiments/cuvz9eyt,72,exp_evolution_1200s_local_only_local_only,hpo,/home/meliani/Desktop/phd/fast-track/search_space.json,python3 trial.py --data ./local_only.csv,/home/meliani/Desktop/phd/fast-track,1,1200s,100000000,False,False,info,/home/meliani/nni-experiments,"['LSTM', 'GRU', 'CNN', 'RNN', 'TCN', 'Transformer', 'MLP']","[16, 32, 64, 128, 256]","[1, 2, 3, 4]","[0, 0.1, 0.2, 0.3, 0.5]","['relu', 'tanh', 'sigmoid', 'elu']","[1e-05, 0.01]","[2, 3, 4, 5, 6, 7, 8, 9, 10, 11, 12, 13, 14, 15, 16, 17, 18, 19, 20, 21, 22, 23, 24, 25, 26, 27, 28, 29, 30]","[16, 32, 64, 128]","[5, 10, 15, 20]","[2, 3, 5, 7]","[2, 4, 8]",evolution,minimize,local
cuvz9eyt,140,652,1778681326163,,/home/meliani/nni-experiments/cuvz9eyt,73,exp_evolution_1200s_local_only_local_only,hpo,/home/meliani/Desktop/phd/fast-track/search_space.json,python3 trial.py --data ./local_only.csv,/home/meliani/Desktop/phd/fast-track,1,1200s,100000000,False,False,info,/home/meliani/nni-experiments,"['LSTM', 'GRU', 'CNN', 'RNN', 'TCN', 'Transformer', 'MLP']","[16, 32, 64, 128, 256]","[1, 2, 3, 4]","[0, 0.1, 0.2, 0.3, 0.5]","['relu', 'tanh', 'sigmoid', 'elu']","[1e-05, 0.01]","[2, 3, 4, 5, 6, 7, 8, 9, 10, 11, 12, 13, 14, 15, 16, 17, 18, 19, 20, 21, 22, 23, 24, 25, 26, 27, 28, 29, 30]","[16, 32, 64, 128]","[5, 10, 15, 20]","[2, 3, 5, 7]","[2, 4, 8]",evolution,minimize,local
cuvz9eyt,141,658,1778681326163,,/home/meliani/nni-experiments/cuvz9eyt,74,exp_evolution_1200s_local_only_local_only,hpo,/home/meliani/Desktop/phd/fast-track/search_space.json,python3 trial.py --data ./local_only.csv,/home/meliani/Desktop/phd/fast-track,1,1200s,100000000,False,False,info,/home/meliani/nni-experiments,"['LSTM', 'GRU', 'CNN', 'RNN', 'TCN', 'Transformer', 'MLP']","[16, 32, 64, 128, 256]","[1, 2, 3, 4]","[0, 0.1, 0.2, 0.3, 0.5]","['relu', 'tanh', 'sigmoid', 'elu']","[1e-05, 0.01]","[2, 3, 4, 5, 6, 7, 8, 9, 10, 11, 12, 13, 14, 15, 16, 17, 18, 19, 20, 21, 22, 23, 24, 25, 26, 27, 28, 29, 30]","[16, 32, 64, 128]","[5, 10, 15, 20]","[2, 3, 5, 7]","[2, 4, 8]",evolution,minimize,local
cuvz9eyt,142,660,1778681326163,,/home/meliani/nni-experiments/cuvz9eyt,74,exp_evolution_1200s_local_only_local_only,hpo,/home/meliani/Desktop/phd/fast-track/search_space.json,python3 trial.py --data ./local_only.csv,/home/meliani/Desktop/phd/fast-track,1,1200s,100000000,False,False,info,/home/meliani/nni-experiments,"['LSTM', 'GRU', 'CNN', 'RNN', 'TCN', 'Transformer', 'MLP']","[16, 32, 64, 128, 256]","[1, 2, 3, 4]","[0, 0.1, 0.2, 0.3, 0.5]","['relu', 'tanh', 'sigmoid', 'elu']","[1e-05, 0.01]","[2, 3, 4, 5, 6, 7, 8, 9, 10, 11, 12, 13, 14, 15, 16, 17, 18, 19, 20, 21, 22, 23, 24, 25, 26, 27, 28, 29, 30]","[16, 32, 64, 128]","[5, 10, 15, 20]","[2, 3, 5, 7]","[2, 4, 8]",evolution,minimize,local
cuvz9eyt,143,670,1778681326163,,/home/meliani/nni-experiments/cuvz9eyt,74,exp_evolution_1200s_local_only_local_only,hpo,/home/meliani/Desktop/phd/fast-track/search_space.json,python3 trial.py --data ./local_only.csv,/home/meliani/Desktop/phd/fast-track,1,1200s,100000000,False,False,info,/home/meliani/nni-experiments,"['LSTM', 'GRU', 'CNN', 'RNN', 'TCN', 'Transformer', 'MLP']","[16, 32, 64, 128, 256]","[1, 2, 3, 4]","[0, 0.1, 0.2, 0.3, 0.5]","['relu', 'tanh', 'sigmoid', 'elu']","[1e-05, 0.01]","[2, 3, 4, 5, 6, 7, 8, 9, 10, 11, 12, 13, 14, 15, 16, 17, 18, 19, 20, 21, 22, 23, 24, 25, 26, 27, 28, 29, 30]","[16, 32, 64, 128]","[5, 10, 15, 20]","[2, 3, 5, 7]","[2, 4, 8]",evolution,minimize,local
cuvz9eyt,144,675,1778681326163,,/home/meliani/nni-experiments/cuvz9eyt,75,exp_evolution_1200s_local_only_local_only,hpo,/home/meliani/Desktop/phd/fast-track/search_space.json,python3 trial.py --data ./local_only.csv,/home/meliani/Desktop/phd/fast-track,1,1200s,100000000,False,False,info,/home/meliani/nni-experiments,"['LSTM', 'GRU', 'CNN', 'RNN', 'TCN', 'Transformer', 'MLP']","[16, 32, 64, 128, 256]","[1, 2, 3, 4]","[0, 0.1, 0.2, 0.3, 0.5]","['relu', 'tanh', 'sigmoid', 'elu']","[1e-05, 0.01]","[2, 3, 4, 5, 6, 7, 8, 9, 10, 11, 12, 13, 14, 15, 16, 17, 18, 19, 20, 21, 22, 23, 24, 25, 26, 27, 28, 29, 30]","[16, 32, 64, 128]","[5, 10, 15, 20]","[2, 3, 5, 7]","[2, 4, 8]",evolution,minimize,local
cuvz9eyt,145,680,1778681326163,,/home/meliani/nni-experiments/cuvz9eyt,75,exp_evolution_1200s_local_only_local_only,hpo,/home/meliani/Desktop/phd/fast-track/search_space.json,python3 trial.py --data ./local_only.csv,/home/meliani/Desktop/phd/fast-track,1,1200s,100000000,False,False,info,/home/meliani/nni-experiments,"['LSTM', 'GRU', 'CNN', 'RNN', 'TCN', 'Transformer', 'MLP']","[16, 32, 64, 128, 256]","[1, 2, 3, 4]","[0, 0.1, 0.2, 0.3, 0.5]","['relu', 'tanh', 'sigmoid', 'elu']","[1e-05, 0.01]","[2, 3, 4, 5, 6, 7, 8, 9, 10, 11, 12, 13, 14, 15, 16, 17, 18, 19, 20, 21, 22, 23, 24, 25, 26, 27, 28, 29, 30]","[16, 32, 64, 128]","[5, 10, 15, 20]","[2, 3, 5, 7]","[2, 4, 8]",evolution,minimize,local
cuvz9eyt,146,680,1778681326163,,/home/meliani/nni-experiments/cuvz9eyt,76,exp_evolution_1200s_local_only_local_only,hpo,/home/meliani/Desktop/phd/fast-track/search_space.json,python3 trial.py --data ./local_only.csv,/home/meliani/Desktop/phd/fast-track,1,1200s,100000000,False,False,info,/home/meliani/nni-experiments,"['LSTM', 'GRU', 'CNN', 'RNN', 'TCN', 'Transformer', 'MLP']","[16, 32, 64, 128, 256]","[1, 2, 3, 4]","[0, 0.1, 0.2, 0.3, 0.5]","['relu', 'tanh', 'sigmoid', 'elu']","[1e-05, 0.01]","[2, 3, 4, 5, 6, 7, 8, 9, 10, 11, 12, 13, 14, 15, 16, 17, 18, 19, 20, 21, 22, 23, 24, 25, 26, 27, 28, 29, 30]","[16, 32, 64, 128]","[5, 10, 15, 20]","[2, 3, 5, 7]","[2, 4, 8]",evolution,minimize,local
cuvz9eyt,147,687,1778681326163,,/home/meliani/nni-experiments/cuvz9eyt,77,exp_evolution_1200s_local_only_local_only,hpo,/home/meliani/Desktop/phd/fast-track/search_space.json,python3 trial.py --data ./local_only.csv,/home/meliani/Desktop/phd/fast-track,1,1200s,100000000,False,False,info,/home/meliani/nni-experiments,"['LSTM', 'GRU', 'CNN', 'RNN', 'TCN', 'Transformer', 'MLP']","[16, 32, 64, 128, 256]","[1, 2, 3, 4]","[0, 0.1, 0.2, 0.3, 0.5]","['relu', 'tanh', 'sigmoid', 'elu']","[1e-05, 0.01]","[2, 3, 4, 5, 6, 7, 8, 9, 10, 11, 12, 13, 14, 15, 16, 17, 18, 19, 20, 21, 22, 23, 24, 25, 26, 27, 28, 29, 30]","[16, 32, 64, 128]","[5, 10, 15, 20]","[2, 3, 5, 7]","[2, 4, 8]",evolution,minimize,local
cuvz9eyt,148,690,1778681326163,,/home/meliani/nni-experiments/cuvz9eyt,77,exp_evolution_1200s_local_only_local_only,hpo,/home/meliani/Desktop/phd/fast-track/search_space.json,python3 trial.py --data ./local_only.csv,/home/meliani/Desktop/phd/fast-track,1,1200s,100000000,False,False,info,/home/meliani/nni-experiments,"['LSTM', 'GRU', 'CNN', 'RNN', 'TCN', 'Transformer', 'MLP']","[16, 32, 64, 128, 256]","[1, 2, 3, 4]","[0, 0.1, 0.2, 0.3, 0.5]","['relu', 'tanh', 'sigmoid', 'elu']","[1e-05, 0.01]","[2, 3, 4, 5, 6, 7, 8, 9, 10, 11, 12, 13, 14, 15, 16, 17, 18, 19, 20, 21, 22, 23, 24, 25, 26, 27, 28, 29, 30]","[16, 32, 64, 128]","[5, 10, 15, 20]","[2, 3, 5, 7]","[2, 4, 8]",evolution,minimize,local
cuvz9eyt,149,694,1778681326163,,/home/meliani/nni-experiments/cuvz9eyt,78,exp_evolution_1200s_local_only_local_only,hpo,/home/meliani/Desktop/phd/fast-track/search_space.json,python3 trial.py --data ./local_only.csv,/home/meliani/Desktop/phd/fast-track,1,1200s,100000000,False,False,info,/home/meliani/nni-experiments,"['LSTM', 'GRU', 'CNN', 'RNN', 'TCN', 'Transformer', 'MLP']","[16, 32, 64, 128, 256]","[1, 2, 3, 4]","[0, 0.1, 0.2, 0.3, 0.5]","['relu', 'tanh', 'sigmoid', 'elu']","[1e-05, 0.01]","[2, 3, 4, 5, 6, 7, 8, 9, 10, 11, 12, 13, 14, 15, 16, 17, 18, 19, 20, 21, 22, 23, 24, 25, 26, 27, 28, 29, 30]","[16, 32, 64, 128]","[5, 10, 15, 20]","[2, 3, 5, 7]","[2, 4, 8]",evolution,minimize,local
cuvz9eyt,150,700,1778681326163,,/home/meliani/nni-experiments/cuvz9eyt,78,exp_evolution_1200s_local_only_local_only,hpo,/home/meliani/Desktop/phd/fast-track/search_space.json,python3 trial.py --data ./local_only.csv,/home/meliani/Desktop/phd/fast-track,1,1200s,100000000,False,False,info,/home/meliani/nni-experiments,"['LSTM', 'GRU', 'CNN', 'RNN', 'TCN', 'Transformer', 'MLP']","[16, 32, 64, 128, 256]","[1, 2, 3, 4]","[0, 0.1, 0.2, 0.3, 0.5]","['relu', 'tanh', 'sigmoid', 'elu']","[1e-05, 0.01]","[2, 3, 4, 5, 6, 7, 8, 9, 10, 11, 12, 13, 14, 15, 16, 17, 18, 19, 20, 21, 22, 23, 24, 25, 26, 27, 28, 29, 30]","[16, 32, 64, 128]","[5, 10, 15, 20]","[2, 3, 5, 7]","[2, 4, 8]",evolution,minimize,local
cuvz9eyt,151,700,1778681326163,,/home/meliani/nni-experiments/cuvz9eyt,79,exp_evolution_1200s_local_only_local_only,hpo,/home/meliani/Desktop/phd/fast-track/search_space.json,python3 trial.py --data ./local_only.csv,/home/meliani/Desktop/phd/fast-track,1,1200s,100000000,False,False,info,/home/meliani/nni-experiments,"['LSTM', 'GRU', 'CNN', 'RNN', 'TCN', 'Transformer', 'MLP']","[16, 32, 64, 128, 256]","[1, 2, 3, 4]","[0, 0.1, 0.2, 0.3, 0.5]","['relu', 'tanh', 'sigmoid', 'elu']","[1e-05, 0.01]","[2, 3, 4, 5, 6, 7, 8, 9, 10, 11, 12, 13, 14, 15, 16, 17, 18, 19, 20, 21, 22, 23, 24, 25, 26, 27, 28, 29, 30]","[16, 32, 64, 128]","[5, 10, 15, 20]","[2, 3, 5, 7]","[2, 4, 8]",evolution,minimize,local
cuvz9eyt,152,707,1778681326163,,/home/meliani/nni-experiments/cuvz9eyt,80,exp_evolution_1200s_local_only_local_only,hpo,/home/meliani/Desktop/phd/fast-track/search_space.json,python3 trial.py --data ./local_only.csv,/home/meliani/Desktop/phd/fast-track,1,1200s,100000000,False,False,info,/home/meliani/nni-experiments,"['LSTM', 'GRU', 'CNN', 'RNN', 'TCN', 'Transformer', 'MLP']","[16, 32, 64, 128, 256]","[1, 2, 3, 4]","[0, 0.1, 0.2, 0.3, 0.5]","['relu', 'tanh', 'sigmoid', 'elu']","[1e-05, 0.01]","[2, 3, 4, 5, 6, 7, 8, 9, 10, 11, 12, 13, 14, 15, 16, 17, 18, 19, 20, 21, 22, 23, 24, 25, 26, 27, 28, 29, 30]","[16, 32, 64, 128]","[5, 10, 15, 20]","[2, 3, 5, 7]","[2, 4, 8]",evolution,minimize,local
cuvz9eyt,153,710,1778681326163,,/home/meliani/nni-experiments/cuvz9eyt,80,exp_evolution_1200s_local_only_local_only,hpo,/home/meliani/Desktop/phd/fast-track/search_space.json,python3 trial.py --data ./local_only.csv,/home/meliani/Desktop/phd/fast-track,1,1200s,100000000,False,False,info,/home/meliani/nni-experiments,"['LSTM', 'GRU', 'CNN', 'RNN', 'TCN', 'Transformer', 'MLP']","[16, 32, 64, 128, 256]","[1, 2, 3, 4]","[0, 0.1, 0.2, 0.3, 0.5]","['relu', 'tanh', 'sigmoid', 'elu']","[1e-05, 0.01]","[2, 3, 4, 5, 6, 7, 8, 9, 10, 11, 12, 13, 14, 15, 16, 17, 18, 19, 20, 21, 22, 23, 24, 25, 26, 27, 28, 29, 30]","[16, 32, 64, 128]","[5, 10, 15, 20]","[2, 3, 5, 7]","[2, 4, 8]",evolution,minimize,local
cuvz9eyt,154,713,1778681326163,,/home/meliani/nni-experiments/cuvz9eyt,81,exp_evolution_1200s_local_only_local_only,hpo,/home/meliani/Desktop/phd/fast-track/search_space.json,python3 trial.py --data ./local_only.csv,/home/meliani/Desktop/phd/fast-track,1,1200s,100000000,False,False,info,/home/meliani/nni-experiments,"['LSTM', 'GRU', 'CNN', 'RNN', 'TCN', 'Transformer', 'MLP']","[16, 32, 64, 128, 256]","[1, 2, 3, 4]","[0, 0.1, 0.2, 0.3, 0.5]","['relu', 'tanh', 'sigmoid', 'elu']","[1e-05, 0.01]","[2, 3, 4, 5, 6, 7, 8, 9, 10, 11, 12, 13, 14, 15, 16, 17, 18, 19, 20, 21, 22, 23, 24, 25, 26, 27, 28, 29, 30]","[16, 32, 64, 128]","[5, 10, 15, 20]","[2, 3, 5, 7]","[2, 4, 8]",evolution,minimize,local
cuvz9eyt,155,720,1778681326163,,/home/meliani/nni-experiments/cuvz9eyt,81,exp_evolution_1200s_local_only_local_only,hpo,/home/meliani/Desktop/phd/fast-track/search_space.json,python3 trial.py --data ./local_only.csv,/home/meliani/Desktop/phd/fast-track,1,1200s,100000000,False,False,info,/home/meliani/nni-experiments,"['LSTM', 'GRU', 'CNN', 'RNN', 'TCN', 'Transformer', 'MLP']","[16, 32, 64, 128, 256]","[1, 2, 3, 4]","[0, 0.1, 0.2, 0.3, 0.5]","['relu', 'tanh', 'sigmoid', 'elu']","[1e-05, 0.01]","[2, 3, 4, 5, 6, 7, 8, 9, 10, 11, 12, 13, 14, 15, 16, 17, 18, 19, 20, 21, 22, 23, 24, 25, 26, 27, 28, 29, 30]","[16, 32, 64, 128]","[5, 10, 15, 20]","[2, 3, 5, 7]","[2, 4, 8]",evolution,minimize,local
cuvz9eyt,156,730,1778681326163,,/home/meliani/nni-experiments/cuvz9eyt,81,exp_evolution_1200s_local_only_local_only,hpo,/home/meliani/Desktop/phd/fast-track/search_space.json,python3 trial.py --data ./local_only.csv,/home/meliani/Desktop/phd/fast-track,1,1200s,100000000,False,False,info,/home/meliani/nni-experiments,"['LSTM', 'GRU', 'CNN', 'RNN', 'TCN', 'Transformer', 'MLP']","[16, 32, 64, 128, 256]","[1, 2, 3, 4]","[0, 0.1, 0.2, 0.3, 0.5]","['relu', 'tanh', 'sigmoid', 'elu']","[1e-05, 0.01]","[2, 3, 4, 5, 6, 7, 8, 9, 10, 11, 12, 13, 14, 15, 16, 17, 18, 19, 20, 21, 22, 23, 24, 25, 26, 27, 28, 29, 30]","[16, 32, 64, 128]","[5, 10, 15, 20]","[2, 3, 5, 7]","[2, 4, 8]",evolution,minimize,local
cuvz9eyt,157,735,1778681326163,,/home/meliani/nni-experiments/cuvz9eyt,82,exp_evolution_1200s_local_only_local_only,hpo,/home/meliani/Desktop/phd/fast-track/search_space.json,python3 trial.py --data ./local_only.csv,/home/meliani/Desktop/phd/fast-track,1,1200s,100000000,False,False,info,/home/meliani/nni-experiments,"['LSTM', 'GRU', 'CNN', 'RNN', 'TCN', 'Transformer', 'MLP']","[16, 32, 64, 128, 256]","[1, 2, 3, 4]","[0, 0.1, 0.2, 0.3, 0.5]","['relu', 'tanh', 'sigmoid', 'elu']","[1e-05, 0.01]","[2, 3, 4, 5, 6, 7, 8, 9, 10, 11, 12, 13, 14, 15, 16, 17, 18, 19, 20, 21, 22, 23, 24, 25, 26, 27, 28, 29, 30]","[16, 32, 64, 128]","[5, 10, 15, 20]","[2, 3, 5, 7]","[2, 4, 8]",evolution,minimize,local
cuvz9eyt,158,740,1778681326163,,/home/meliani/nni-experiments/cuvz9eyt,82,exp_evolution_1200s_local_only_local_only,hpo,/home/meliani/Desktop/phd/fast-track/search_space.json,python3 trial.py --data ./local_only.csv,/home/meliani/Desktop/phd/fast-track,1,1200s,100000000,False,False,info,/home/meliani/nni-experiments,"['LSTM', 'GRU', 'CNN', 'RNN', 'TCN', 'Transformer', 'MLP']","[16, 32, 64, 128, 256]","[1, 2, 3, 4]","[0, 0.1, 0.2, 0.3, 0.5]","['relu', 'tanh', 'sigmoid', 'elu']","[1e-05, 0.01]","[2, 3, 4, 5, 6, 7, 8, 9, 10, 11, 12, 13, 14, 15, 16, 17, 18, 19, 20, 21, 22, 23, 24, 25, 26, 27, 28, 29, 30]","[16, 32, 64, 128]","[5, 10, 15, 20]","[2, 3, 5, 7]","[2, 4, 8]",evolution,minimize,local
cuvz9eyt,159,750,1778681326163,,/home/meliani/nni-experiments/cuvz9eyt,82,exp_evolution_1200s_local_only_local_only,hpo,/home/meliani/Desktop/phd/fast-track/search_space.json,python3 trial.py --data ./local_only.csv,/home/meliani/Desktop/phd/fast-track,1,1200s,100000000,False,False,info,/home/meliani/nni-experiments,"['LSTM', 'GRU', 'CNN', 'RNN', 'TCN', 'Transformer', 'MLP']","[16, 32, 64, 128, 256]","[1, 2, 3, 4]","[0, 0.1, 0.2, 0.3, 0.5]","['relu', 'tanh', 'sigmoid', 'elu']","[1e-05, 0.01]","[2, 3, 4, 5, 6, 7, 8, 9, 10, 11, 12, 13, 14, 15, 16, 17, 18, 19, 20, 21, 22, 23, 24, 25, 26, 27, 28, 29, 30]","[16, 32, 64, 128]","[5, 10, 15, 20]","[2, 3, 5, 7]","[2, 4, 8]",evolution,minimize,local
cuvz9eyt,160,758,1778681326163,,/home/meliani/nni-experiments/cuvz9eyt,83,exp_evolution_1200s_local_only_local_only,hpo,/home/meliani/Desktop/phd/fast-track/search_space.json,python3 trial.py --data ./local_only.csv,/home/meliani/Desktop/phd/fast-track,1,1200s,100000000,False,False,info,/home/meliani/nni-experiments,"['LSTM', 'GRU', 'CNN', 'RNN', 'TCN', 'Transformer', 'MLP']","[16, 32, 64, 128, 256]","[1, 2, 3, 4]","[0, 0.1, 0.2, 0.3, 0.5]","['relu', 'tanh', 'sigmoid', 'elu']","[1e-05, 0.01]","[2, 3, 4, 5, 6, 7, 8, 9, 10, 11, 12, 13, 14, 15, 16, 17, 18, 19, 20, 21, 22, 23, 24, 25, 26, 27, 28, 29, 30]","[16, 32, 64, 128]","[5, 10, 15, 20]","[2, 3, 5, 7]","[2, 4, 8]",evolution,minimize,local
cuvz9eyt,161,760,1778681326163,,/home/meliani/nni-experiments/cuvz9eyt,83,exp_evolution_1200s_local_only_local_only,hpo,/home/meliani/Desktop/phd/fast-track/search_space.json,python3 trial.py --data ./local_only.csv,/home/meliani/Desktop/phd/fast-track,1,1200s,100000000,False,False,info,/home/meliani/nni-experiments,"['LSTM', 'GRU', 'CNN', 'RNN', 'TCN', 'Transformer', 'MLP']","[16, 32, 64, 128, 256]","[1, 2, 3, 4]","[0, 0.1, 0.2, 0.3, 0.5]","['relu', 'tanh', 'sigmoid', 'elu']","[1e-05, 0.01]","[2, 3, 4, 5, 6, 7, 8, 9, 10, 11, 12, 13, 14, 15, 16, 17, 18, 19, 20, 21, 22, 23, 24, 25, 26, 27, 28, 29, 30]","[16, 32, 64, 128]","[5, 10, 15, 20]","[2, 3, 5, 7]","[2, 4, 8]",evolution,minimize,local
cuvz9eyt,162,770,1778681326163,,/home/meliani/nni-experiments/cuvz9eyt,83,exp_evolution_1200s_local_only_local_only,hpo,/home/meliani/Desktop/phd/fast-track/search_space.json,python3 trial.py --data ./local_only.csv,/home/meliani/Desktop/phd/fast-track,1,1200s,100000000,False,False,info,/home/meliani/nni-experiments,"['LSTM', 'GRU', 'CNN', 'RNN', 'TCN', 'Transformer', 'MLP']","[16, 32, 64, 128, 256]","[1, 2, 3, 4]","[0, 0.1, 0.2, 0.3, 0.5]","['relu', 'tanh', 'sigmoid', 'elu']","[1e-05, 0.01]","[2, 3, 4, 5, 6, 7, 8, 9, 10, 11, 12, 13, 14, 15, 16, 17, 18, 19, 20, 21, 22, 23, 24, 25, 26, 27, 28, 29, 30]","[16, 32, 64, 128]","[5, 10, 15, 20]","[2, 3, 5, 7]","[2, 4, 8]",evolution,minimize,local
cuvz9eyt,163,776,1778681326163,,/home/meliani/nni-experiments/cuvz9eyt,84,exp_evolution_1200s_local_only_local_only,hpo,/home/meliani/Desktop/phd/fast-track/search_space.json,python3 trial.py --data ./local_only.csv,/home/meliani/Desktop/phd/fast-track,1,1200s,100000000,False,False,info,/home/meliani/nni-experiments,"['LSTM', 'GRU', 'CNN', 'RNN', 'TCN', 'Transformer', 'MLP']","[16, 32, 64, 128, 256]","[1, 2, 3, 4]","[0, 0.1, 0.2, 0.3, 0.5]","['relu', 'tanh', 'sigmoid', 'elu']","[1e-05, 0.01]","[2, 3, 4, 5, 6, 7, 8, 9, 10, 11, 12, 13, 14, 15, 16, 17, 18, 19, 20, 21, 22, 23, 24, 25, 26, 27, 28, 29, 30]","[16, 32, 64, 128]","[5, 10, 15, 20]","[2, 3, 5, 7]","[2, 4, 8]",evolution,minimize,local
cuvz9eyt,164,780,1778681326163,,/home/meliani/nni-experiments/cuvz9eyt,84,exp_evolution_1200s_local_only_local_only,hpo,/home/meliani/Desktop/phd/fast-track/search_space.json,python3 trial.py --data ./local_only.csv,/home/meliani/Desktop/phd/fast-track,1,1200s,100000000,False,False,info,/home/meliani/nni-experiments,"['LSTM', 'GRU', 'CNN', 'RNN', 'TCN', 'Transformer', 'MLP']","[16, 32, 64, 128, 256]","[1, 2, 3, 4]","[0, 0.1, 0.2, 0.3, 0.5]","['relu', 'tanh', 'sigmoid', 'elu']","[1e-05, 0.01]","[2, 3, 4, 5, 6, 7, 8, 9, 10, 11, 12, 13, 14, 15, 16, 17, 18, 19, 20, 21, 22, 23, 24, 25, 26, 27, 28, 29, 30]","[16, 32, 64, 128]","[5, 10, 15, 20]","[2, 3, 5, 7]","[2, 4, 8]",evolution,minimize,local
cuvz9eyt,165,782,1778681326163,,/home/meliani/nni-experiments/cuvz9eyt,85,exp_evolution_1200s_local_only_local_only,hpo,/home/meliani/Desktop/phd/fast-track/search_space.json,python3 trial.py --data ./local_only.csv,/home/meliani/Desktop/phd/fast-track,1,1200s,100000000,False,False,info,/home/meliani/nni-experiments,"['LSTM', 'GRU', 'CNN', 'RNN', 'TCN', 'Transformer', 'MLP']","[16, 32, 64, 128, 256]","[1, 2, 3, 4]","[0, 0.1, 0.2, 0.3, 0.5]","['relu', 'tanh', 'sigmoid', 'elu']","[1e-05, 0.01]","[2, 3, 4, 5, 6, 7, 8, 9, 10, 11, 12, 13, 14, 15, 16, 17, 18, 19, 20, 21, 22, 23, 24, 25, 26, 27, 28, 29, 30]","[16, 32, 64, 128]","[5, 10, 15, 20]","[2, 3, 5, 7]","[2, 4, 8]",evolution,minimize,local
cuvz9eyt,166,790,1778681326163,,/home/meliani/nni-experiments/cuvz9eyt,86,exp_evolution_1200s_local_only_local_only,hpo,/home/meliani/Desktop/phd/fast-track/search_space.json,python3 trial.py --data ./local_only.csv,/home/meliani/Desktop/phd/fast-track,1,1200s,100000000,False,False,info,/home/meliani/nni-experiments,"['LSTM', 'GRU', 'CNN', 'RNN', 'TCN', 'Transformer', 'MLP']","[16, 32, 64, 128, 256]","[1, 2, 3, 4]","[0, 0.1, 0.2, 0.3, 0.5]","['relu', 'tanh', 'sigmoid', 'elu']","[1e-05, 0.01]","[2, 3, 4, 5, 6, 7, 8, 9, 10, 11, 12, 13, 14, 15, 16, 17, 18, 19, 20, 21, 22, 23, 24, 25, 26, 27, 28, 29, 30]","[16, 32, 64, 128]","[5, 10, 15, 20]","[2, 3, 5, 7]","[2, 4, 8]",evolution,minimize,local
cuvz9eyt,167,790,1778681326163,,/home/meliani/nni-experiments/cuvz9eyt,86,exp_evolution_1200s_local_only_local_only,hpo,/home/meliani/Desktop/phd/fast-track/search_space.json,python3 trial.py --data ./local_only.csv,/home/meliani/Desktop/phd/fast-track,1,1200s,100000000,False,False,info,/home/meliani/nni-experiments,"['LSTM', 'GRU', 'CNN', 'RNN', 'TCN', 'Transformer', 'MLP']","[16, 32, 64, 128, 256]","[1, 2, 3, 4]","[0, 0.1, 0.2, 0.3, 0.5]","['relu', 'tanh', 'sigmoid', 'elu']","[1e-05, 0.01]","[2, 3, 4, 5, 6, 7, 8, 9, 10, 11, 12, 13, 14, 15, 16, 17, 18, 19, 20, 21, 22, 23, 24, 25, 26, 27, 28, 29, 30]","[16, 32, 64, 128]","[5, 10, 15, 20]","[2, 3, 5, 7]","[2, 4, 8]",evolution,minimize,local
cuvz9eyt,168,795,1778681326163,,/home/meliani/nni-experiments/cuvz9eyt,87,exp_evolution_1200s_local_only_local_only,hpo,/home/meliani/Desktop/phd/fast-track/search_space.json,python3 trial.py --data ./local_only.csv,/home/meliani/Desktop/phd/fast-track,1,1200s,100000000,False,False,info,/home/meliani/nni-experiments,"['LSTM', 'GRU', 'CNN', 'RNN', 'TCN', 'Transformer', 'MLP']","[16, 32, 64, 128, 256]","[1, 2, 3, 4]","[0, 0.1, 0.2, 0.3, 0.5]","['relu', 'tanh', 'sigmoid', 'elu']","[1e-05, 0.01]","[2, 3, 4, 5, 6, 7, 8, 9, 10, 11, 12, 13, 14, 15, 16, 17, 18, 19, 20, 21, 22, 23, 24, 25, 26, 27, 28, 29, 30]","[16, 32, 64, 128]","[5, 10, 15, 20]","[2, 3, 5, 7]","[2, 4, 8]",evolution,minimize,local
cuvz9eyt,169,800,1778681326163,,/home/meliani/nni-experiments/cuvz9eyt,87,exp_evolution_1200s_local_only_local_only,hpo,/home/meliani/Desktop/phd/fast-track/search_space.json,python3 trial.py --data ./local_only.csv,/home/meliani/Desktop/phd/fast-track,1,1200s,100000000,False,False,info,/home/meliani/nni-experiments,"['LSTM', 'GRU', 'CNN', 'RNN', 'TCN', 'Transformer', 'MLP']","[16, 32, 64, 128, 256]","[1, 2, 3, 4]","[0, 0.1, 0.2, 0.3, 0.5]","['relu', 'tanh', 'sigmoid', 'elu']","[1e-05, 0.01]","[2, 3, 4, 5, 6, 7, 8, 9, 10, 11, 12, 13, 14, 15, 16, 17, 18, 19, 20, 21, 22, 23, 24, 25, 26, 27, 28, 29, 30]","[16, 32, 64, 128]","[5, 10, 15, 20]","[2, 3, 5, 7]","[2, 4, 8]",evolution,minimize,local
cuvz9eyt,170,810,1778681326163,,/home/meliani/nni-experiments/cuvz9eyt,87,exp_evolution_1200s_local_only_local_only,hpo,/home/meliani/Desktop/phd/fast-track/search_space.json,python3 trial.py --data ./local_only.csv,/home/meliani/Desktop/phd/fast-track,1,1200s,100000000,False,False,info,/home/meliani/nni-experiments,"['LSTM', 'GRU', 'CNN', 'RNN', 'TCN', 'Transformer', 'MLP']","[16, 32, 64, 128, 256]","[1, 2, 3, 4]","[0, 0.1, 0.2, 0.3, 0.5]","['relu', 'tanh', 'sigmoid', 'elu']","[1e-05, 0.01]","[2, 3, 4, 5, 6, 7, 8, 9, 10, 11, 12, 13, 14, 15, 16, 17, 18, 19, 20, 21, 22, 23, 24, 25, 26, 27, 28, 29, 30]","[16, 32, 64, 128]","[5, 10, 15, 20]","[2, 3, 5, 7]","[2, 4, 8]",evolution,minimize,local
cuvz9eyt,171,819,1778681326163,,/home/meliani/nni-experiments/cuvz9eyt,88,exp_evolution_1200s_local_only_local_only,hpo,/home/meliani/Desktop/phd/fast-track/search_space.json,python3 trial.py --data ./local_only.csv,/home/meliani/Desktop/phd/fast-track,1,1200s,100000000,False,False,info,/home/meliani/nni-experiments,"['LSTM', 'GRU', 'CNN', 'RNN', 'TCN', 'Transformer', 'MLP']","[16, 32, 64, 128, 256]","[1, 2, 3, 4]","[0, 0.1, 0.2, 0.3, 0.5]","['relu', 'tanh', 'sigmoid', 'elu']","[1e-05, 0.01]","[2, 3, 4, 5, 6, 7, 8, 9, 10, 11, 12, 13, 14, 15, 16, 17, 18, 19, 20, 21, 22, 23, 24, 25, 26, 27, 28, 29, 30]","[16, 32, 64, 128]","[5, 10, 15, 20]","[2, 3, 5, 7]","[2, 4, 8]",evolution,minimize,local
cuvz9eyt,172,820,1778681326163,,/home/meliani/nni-experiments/cuvz9eyt,88,exp_evolution_1200s_local_only_local_only,hpo,/home/meliani/Desktop/phd/fast-track/search_space.json,python3 trial.py --data ./local_only.csv,/home/meliani/Desktop/phd/fast-track,1,1200s,100000000,False,False,info,/home/meliani/nni-experiments,"['LSTM', 'GRU', 'CNN', 'RNN', 'TCN', 'Transformer', 'MLP']","[16, 32, 64, 128, 256]","[1, 2, 3, 4]","[0, 0.1, 0.2, 0.3, 0.5]","['relu', 'tanh', 'sigmoid', 'elu']","[1e-05, 0.01]","[2, 3, 4, 5, 6, 7, 8, 9, 10, 11, 12, 13, 14, 15, 16, 17, 18, 19, 20, 21, 22, 23, 24, 25, 26, 27, 28, 29, 30]","[16, 32, 64, 128]","[5, 10, 15, 20]","[2, 3, 5, 7]","[2, 4, 8]",evolution,minimize,local
cuvz9eyt,173,825,1778681326163,,/home/meliani/nni-experiments/cuvz9eyt,89,exp_evolution_1200s_local_only_local_only,hpo,/home/meliani/Desktop/phd/fast-track/search_space.json,python3 trial.py --data ./local_only.csv,/home/meliani/Desktop/phd/fast-track,1,1200s,100000000,False,False,info,/home/meliani/nni-experiments,"['LSTM', 'GRU', 'CNN', 'RNN', 'TCN', 'Transformer', 'MLP']","[16, 32, 64, 128, 256]","[1, 2, 3, 4]","[0, 0.1, 0.2, 0.3, 0.5]","['relu', 'tanh', 'sigmoid', 'elu']","[1e-05, 0.01]","[2, 3, 4, 5, 6, 7, 8, 9, 10, 11, 12, 13, 14, 15, 16, 17, 18, 19, 20, 21, 22, 23, 24, 25, 26, 27, 28, 29, 30]","[16, 32, 64, 128]","[5, 10, 15, 20]","[2, 3, 5, 7]","[2, 4, 8]",evolution,minimize,local
cuvz9eyt,174,830,1778681326163,,/home/meliani/nni-experiments/cuvz9eyt,89,exp_evolution_1200s_local_only_local_only,hpo,/home/meliani/Desktop/phd/fast-track/search_space.json,python3 trial.py --data ./local_only.csv,/home/meliani/Desktop/phd/fast-track,1,1200s,100000000,False,False,info,/home/meliani/nni-experiments,"['LSTM', 'GRU', 'CNN', 'RNN', 'TCN', 'Transformer', 'MLP']","[16, 32, 64, 128, 256]","[1, 2, 3, 4]","[0, 0.1, 0.2, 0.3, 0.5]","['relu', 'tanh', 'sigmoid', 'elu']","[1e-05, 0.01]","[2, 3, 4, 5, 6, 7, 8, 9, 10, 11, 12, 13, 14, 15, 16, 17, 18, 19, 20, 21, 22, 23, 24, 25, 26, 27, 28, 29, 30]","[16, 32, 64, 128]","[5, 10, 15, 20]","[2, 3, 5, 7]","[2, 4, 8]",evolution,minimize,local
cuvz9eyt,175,831,1778681326163,,/home/meliani/nni-experiments/cuvz9eyt,90,exp_evolution_1200s_local_only_local_only,hpo,/home/meliani/Desktop/phd/fast-track/search_space.json,python3 trial.py --data ./local_only.csv,/home/meliani/Desktop/phd/fast-track,1,1200s,100000000,False,False,info,/home/meliani/nni-experiments,"['LSTM', 'GRU', 'CNN', 'RNN', 'TCN', 'Transformer', 'MLP']","[16, 32, 64, 128, 256]","[1, 2, 3, 4]","[0, 0.1, 0.2, 0.3, 0.5]","['relu', 'tanh', 'sigmoid', 'elu']","[1e-05, 0.01]","[2, 3, 4, 5, 6, 7, 8, 9, 10, 11, 12, 13, 14, 15, 16, 17, 18, 19, 20, 21, 22, 23, 24, 25, 26, 27, 28, 29, 30]","[16, 32, 64, 128]","[5, 10, 15, 20]","[2, 3, 5, 7]","[2, 4, 8]",evolution,minimize,local
cuvz9eyt,176,837,1778681326163,,/home/meliani/nni-experiments/cuvz9eyt,91,exp_evolution_1200s_local_only_local_only,hpo,/home/meliani/Desktop/phd/fast-track/search_space.json,python3 trial.py --data ./local_only.csv,/home/meliani/Desktop/phd/fast-track,1,1200s,100000000,False,False,info,/home/meliani/nni-experiments,"['LSTM', 'GRU', 'CNN', 'RNN', 'TCN', 'Transformer', 'MLP']","[16, 32, 64, 128, 256]","[1, 2, 3, 4]","[0, 0.1, 0.2, 0.3, 0.5]","['relu', 'tanh', 'sigmoid', 'elu']","[1e-05, 0.01]","[2, 3, 4, 5, 6, 7, 8, 9, 10, 11, 12, 13, 14, 15, 16, 17, 18, 19, 20, 21, 22, 23, 24, 25, 26, 27, 28, 29, 30]","[16, 32, 64, 128]","[5, 10, 15, 20]","[2, 3, 5, 7]","[2, 4, 8]",evolution,minimize,local
cuvz9eyt,177,840,1778681326163,,/home/meliani/nni-experiments/cuvz9eyt,91,exp_evolution_1200s_local_only_local_only,hpo,/home/meliani/Desktop/phd/fast-track/search_space.json,python3 trial.py --data ./local_only.csv,/home/meliani/Desktop/phd/fast-track,1,1200s,100000000,False,False,info,/home/meliani/nni-experiments,"['LSTM', 'GRU', 'CNN', 'RNN', 'TCN', 'Transformer', 'MLP']","[16, 32, 64, 128, 256]","[1, 2, 3, 4]","[0, 0.1, 0.2, 0.3, 0.5]","['relu', 'tanh', 'sigmoid', 'elu']","[1e-05, 0.01]","[2, 3, 4, 5, 6, 7, 8, 9, 10, 11, 12, 13, 14, 15, 16, 17, 18, 19, 20, 21, 22, 23, 24, 25, 26, 27, 28, 29, 30]","[16, 32, 64, 128]","[5, 10, 15, 20]","[2, 3, 5, 7]","[2, 4, 8]",evolution,minimize,local
cuvz9eyt,178,844,1778681326163,,/home/meliani/nni-experiments/cuvz9eyt,92,exp_evolution_1200s_local_only_local_only,hpo,/home/meliani/Desktop/phd/fast-track/search_space.json,python3 trial.py --data ./local_only.csv,/home/meliani/Desktop/phd/fast-track,1,1200s,100000000,False,False,info,/home/meliani/nni-experiments,"['LSTM', 'GRU', 'CNN', 'RNN', 'TCN', 'Transformer', 'MLP']","[16, 32, 64, 128, 256]","[1, 2, 3, 4]","[0, 0.1, 0.2, 0.3, 0.5]","['relu', 'tanh', 'sigmoid', 'elu']","[1e-05, 0.01]","[2, 3, 4, 5, 6, 7, 8, 9, 10, 11, 12, 13, 14, 15, 16, 17, 18, 19, 20, 21, 22, 23, 24, 25, 26, 27, 28, 29, 30]","[16, 32, 64, 128]","[5, 10, 15, 20]","[2, 3, 5, 7]","[2, 4, 8]",evolution,minimize,local
cuvz9eyt,179,849,1778681326163,,/home/meliani/nni-experiments/cuvz9eyt,93,exp_evolution_1200s_local_only_local_only,hpo,/home/meliani/Desktop/phd/fast-track/search_space.json,python3 trial.py --data ./local_only.csv,/home/meliani/Desktop/phd/fast-track,1,1200s,100000000,False,False,info,/home/meliani/nni-experiments,"['LSTM', 'GRU', 'CNN', 'RNN', 'TCN', 'Transformer', 'MLP']","[16, 32, 64, 128, 256]","[1, 2, 3, 4]","[0, 0.1, 0.2, 0.3, 0.5]","['relu', 'tanh', 'sigmoid', 'elu']","[1e-05, 0.01]","[2, 3, 4, 5, 6, 7, 8, 9, 10, 11, 12, 13, 14, 15, 16, 17, 18, 19, 20, 21, 22, 23, 24, 25, 26, 27, 28, 29, 30]","[16, 32, 64, 128]","[5, 10, 15, 20]","[2, 3, 5, 7]","[2, 4, 8]",evolution,minimize,local
cuvz9eyt,180,850,1778681326163,,/home/meliani/nni-experiments/cuvz9eyt,93,exp_evolution_1200s_local_only_local_only,hpo,/home/meliani/Desktop/phd/fast-track/search_space.json,python3 trial.py --data ./local_only.csv,/home/meliani/Desktop/phd/fast-track,1,1200s,100000000,False,False,info,/home/meliani/nni-experiments,"['LSTM', 'GRU', 'CNN', 'RNN', 'TCN', 'Transformer', 'MLP']","[16, 32, 64, 128, 256]","[1, 2, 3, 4]","[0, 0.1, 0.2, 0.3, 0.5]","['relu', 'tanh', 'sigmoid', 'elu']","[1e-05, 0.01]","[2, 3, 4, 5, 6, 7, 8, 9, 10, 11, 12, 13, 14, 15, 16, 17, 18, 19, 20, 21, 22, 23, 24, 25, 26, 27, 28, 29, 30]","[16, 32, 64, 128]","[5, 10, 15, 20]","[2, 3, 5, 7]","[2, 4, 8]",evolution,minimize,local
cuvz9eyt,181,855,1778681326163,,/home/meliani/nni-experiments/cuvz9eyt,94,exp_evolution_1200s_local_only_local_only,hpo,/home/meliani/Desktop/phd/fast-track/search_space.json,python3 trial.py --data ./local_only.csv,/home/meliani/Desktop/phd/fast-track,1,1200s,100000000,False,False,info,/home/meliani/nni-experiments,"['LSTM', 'GRU', 'CNN', 'RNN', 'TCN', 'Transformer', 'MLP']","[16, 32, 64, 128, 256]","[1, 2, 3, 4]","[0, 0.1, 0.2, 0.3, 0.5]","['relu', 'tanh', 'sigmoid', 'elu']","[1e-05, 0.01]","[2, 3, 4, 5, 6, 7, 8, 9, 10, 11, 12, 13, 14, 15, 16, 17, 18, 19, 20, 21, 22, 23, 24, 25, 26, 27, 28, 29, 30]","[16, 32, 64, 128]","[5, 10, 15, 20]","[2, 3, 5, 7]","[2, 4, 8]",evolution,minimize,local
cuvz9eyt,182,860,1778681326163,,/home/meliani/nni-experiments/cuvz9eyt,94,exp_evolution_1200s_local_only_local_only,hpo,/home/meliani/Desktop/phd/fast-track/search_space.json,python3 trial.py --data ./local_only.csv,/home/meliani/Desktop/phd/fast-track,1,1200s,100000000,False,False,info,/home/meliani/nni-experiments,"['LSTM', 'GRU', 'CNN', 'RNN', 'TCN', 'Transformer', 'MLP']","[16, 32, 64, 128, 256]","[1, 2, 3, 4]","[0, 0.1, 0.2, 0.3, 0.5]","['relu', 'tanh', 'sigmoid', 'elu']","[1e-05, 0.01]","[2, 3, 4, 5, 6, 7, 8, 9, 10, 11, 12, 13, 14, 15, 16, 17, 18, 19, 20, 21, 22, 23, 24, 25, 26, 27, 28, 29, 30]","[16, 32, 64, 128]","[5, 10, 15, 20]","[2, 3, 5, 7]","[2, 4, 8]",evolution,minimize,local
cuvz9eyt,183,861,1778681326163,,/home/meliani/nni-experiments/cuvz9eyt,95,exp_evolution_1200s_local_only_local_only,hpo,/home/meliani/Desktop/phd/fast-track/search_space.json,python3 trial.py --data ./local_only.csv,/home/meliani/Desktop/phd/fast-track,1,1200s,100000000,False,False,info,/home/meliani/nni-experiments,"['LSTM', 'GRU', 'CNN', 'RNN', 'TCN', 'Transformer', 'MLP']","[16, 32, 64, 128, 256]","[1, 2, 3, 4]","[0, 0.1, 0.2, 0.3, 0.5]","['relu', 'tanh', 'sigmoid', 'elu']","[1e-05, 0.01]","[2, 3, 4, 5, 6, 7, 8, 9, 10, 11, 12, 13, 14, 15, 16, 17, 18, 19, 20, 21, 22, 23, 24, 25, 26, 27, 28, 29, 30]","[16, 32, 64, 128]","[5, 10, 15, 20]","[2, 3, 5, 7]","[2, 4, 8]",evolution,minimize,local
cuvz9eyt,184,867,1778681326163,,/home/meliani/nni-experiments/cuvz9eyt,96,exp_evolution_1200s_local_only_local_only,hpo,/home/meliani/Desktop/phd/fast-track/search_space.json,python3 trial.py --data ./local_only.csv,/home/meliani/Desktop/phd/fast-track,1,1200s,100000000,False,False,info,/home/meliani/nni-experiments,"['LSTM', 'GRU', 'CNN', 'RNN', 'TCN', 'Transformer', 'MLP']","[16, 32, 64, 128, 256]","[1, 2, 3, 4]","[0, 0.1, 0.2, 0.3, 0.5]","['relu', 'tanh', 'sigmoid', 'elu']","[1e-05, 0.01]","[2, 3, 4, 5, 6, 7, 8, 9, 10, 11, 12, 13, 14, 15, 16, 17, 18, 19, 20, 21, 22, 23, 24, 25, 26, 27, 28, 29, 30]","[16, 32, 64, 128]","[5, 10, 15, 20]","[2, 3, 5, 7]","[2, 4, 8]",evolution,minimize,local
cuvz9eyt,185,870,1778681326163,,/home/meliani/nni-experiments/cuvz9eyt,96,exp_evolution_1200s_local_only_local_only,hpo,/home/meliani/Desktop/phd/fast-track/search_space.json,python3 trial.py --data ./local_only.csv,/home/meliani/Desktop/phd/fast-track,1,1200s,100000000,False,False,info,/home/meliani/nni-experiments,"['LSTM', 'GRU', 'CNN', 'RNN', 'TCN', 'Transformer', 'MLP']","[16, 32, 64, 128, 256]","[1, 2, 3, 4]","[0, 0.1, 0.2, 0.3, 0.5]","['relu', 'tanh', 'sigmoid', 'elu']","[1e-05, 0.01]","[2, 3, 4, 5, 6, 7, 8, 9, 10, 11, 12, 13, 14, 15, 16, 17, 18, 19, 20, 21, 22, 23, 24, 25, 26, 27, 28, 29, 30]","[16, 32, 64, 128]","[5, 10, 15, 20]","[2, 3, 5, 7]","[2, 4, 8]",evolution,minimize,local
cuvz9eyt,186,874,1778681326163,,/home/meliani/nni-experiments/cuvz9eyt,97,exp_evolution_1200s_local_only_local_only,hpo,/home/meliani/Desktop/phd/fast-track/search_space.json,python3 trial.py --data ./local_only.csv,/home/meliani/Desktop/phd/fast-track,1,1200s,100000000,False,False,info,/home/meliani/nni-experiments,"['LSTM', 'GRU', 'CNN', 'RNN', 'TCN', 'Transformer', 'MLP']","[16, 32, 64, 128, 256]","[1, 2, 3, 4]","[0, 0.1, 0.2, 0.3, 0.5]","['relu', 'tanh', 'sigmoid', 'elu']","[1e-05, 0.01]","[2, 3, 4, 5, 6, 7, 8, 9, 10, 11, 12, 13, 14, 15, 16, 17, 18, 19, 20, 21, 22, 23, 24, 25, 26, 27, 28, 29, 30]","[16, 32, 64, 128]","[5, 10, 15, 20]","[2, 3, 5, 7]","[2, 4, 8]",evolution,minimize,local
cuvz9eyt,187,880,1778681326163,,/home/meliani/nni-experiments/cuvz9eyt,98,exp_evolution_1200s_local_only_local_only,hpo,/home/meliani/Desktop/phd/fast-track/search_space.json,python3 trial.py --data ./local_only.csv,/home/meliani/Desktop/phd/fast-track,1,1200s,100000000,False,False,info,/home/meliani/nni-experiments,"['LSTM', 'GRU', 'CNN', 'RNN', 'TCN', 'Transformer', 'MLP']","[16, 32, 64, 128, 256]","[1, 2, 3, 4]","[0, 0.1, 0.2, 0.3, 0.5]","['relu', 'tanh', 'sigmoid', 'elu']","[1e-05, 0.01]","[2, 3, 4, 5, 6, 7, 8, 9, 10, 11, 12, 13, 14, 15, 16, 17, 18, 19, 20, 21, 22, 23, 24, 25, 26, 27, 28, 29, 30]","[16, 32, 64, 128]","[5, 10, 15, 20]","[2, 3, 5, 7]","[2, 4, 8]",evolution,minimize,local
cuvz9eyt,188,880,1778681326163,,/home/meliani/nni-experiments/cuvz9eyt,98,exp_evolution_1200s_local_only_local_only,hpo,/home/meliani/Desktop/phd/fast-track/search_space.json,python3 trial.py --data ./local_only.csv,/home/meliani/Desktop/phd/fast-track,1,1200s,100000000,False,False,info,/home/meliani/nni-experiments,"['LSTM', 'GRU', 'CNN', 'RNN', 'TCN', 'Transformer', 'MLP']","[16, 32, 64, 128, 256]","[1, 2, 3, 4]","[0, 0.1, 0.2, 0.3, 0.5]","['relu', 'tanh', 'sigmoid', 'elu']","[1e-05, 0.01]","[2, 3, 4, 5, 6, 7, 8, 9, 10, 11, 12, 13, 14, 15, 16, 17, 18, 19, 20, 21, 22, 23, 24, 25, 26, 27, 28, 29, 30]","[16, 32, 64, 128]","[5, 10, 15, 20]","[2, 3, 5, 7]","[2, 4, 8]",evolution,minimize,local
cuvz9eyt,189,886,1778681326163,,/home/meliani/nni-experiments/cuvz9eyt,99,exp_evolution_1200s_local_only_local_only,hpo,/home/meliani/Desktop/phd/fast-track/search_space.json,python3 trial.py --data ./local_only.csv,/home/meliani/Desktop/phd/fast-track,1,1200s,100000000,False,False,info,/home/meliani/nni-experiments,"['LSTM', 'GRU', 'CNN', 'RNN', 'TCN', 'Transformer', 'MLP']","[16, 32, 64, 128, 256]","[1, 2, 3, 4]","[0, 0.1, 0.2, 0.3, 0.5]","['relu', 'tanh', 'sigmoid', 'elu']","[1e-05, 0.01]","[2, 3, 4, 5, 6, 7, 8, 9, 10, 11, 12, 13, 14, 15, 16, 17, 18, 19, 20, 21, 22, 23, 24, 25, 26, 27, 28, 29, 30]","[16, 32, 64, 128]","[5, 10, 15, 20]","[2, 3, 5, 7]","[2, 4, 8]",evolution,minimize,local
cuvz9eyt,190,890,1778681326163,,/home/meliani/nni-experiments/cuvz9eyt,99,exp_evolution_1200s_local_only_local_only,hpo,/home/meliani/Desktop/phd/fast-track/search_space.json,python3 trial.py --data ./local_only.csv,/home/meliani/Desktop/phd/fast-track,1,1200s,100000000,False,False,info,/home/meliani/nni-experiments,"['LSTM', 'GRU', 'CNN', 'RNN', 'TCN', 'Transformer', 'MLP']","[16, 32, 64, 128, 256]","[1, 2, 3, 4]","[0, 0.1, 0.2, 0.3, 0.5]","['relu', 'tanh', 'sigmoid', 'elu']","[1e-05, 0.01]","[2, 3, 4, 5, 6, 7, 8, 9, 10, 11, 12, 13, 14, 15, 16, 17, 18, 19, 20, 21, 22, 23, 24, 25, 26, 27, 28, 29, 30]","[16, 32, 64, 128]","[5, 10, 15, 20]","[2, 3, 5, 7]","[2, 4, 8]",evolution,minimize,local
cuvz9eyt,191,900,1778681326163,,/home/meliani/nni-experiments/cuvz9eyt,99,exp_evolution_1200s_local_only_local_only,hpo,/home/meliani/Desktop/phd/fast-track/search_space.json,python3 trial.py --data ./local_only.csv,/home/meliani/Desktop/phd/fast-track,1,1200s,100000000,False,False,info,/home/meliani/nni-experiments,"['LSTM', 'GRU', 'CNN', 'RNN', 'TCN', 'Transformer', 'MLP']","[16, 32, 64, 128, 256]","[1, 2, 3, 4]","[0, 0.1, 0.2, 0.3, 0.5]","['relu', 'tanh', 'sigmoid', 'elu']","[1e-05, 0.01]","[2, 3, 4, 5, 6, 7, 8, 9, 10, 11, 12, 13, 14, 15, 16, 17, 18, 19, 20, 21, 22, 23, 24, 25, 26, 27, 28, 29, 30]","[16, 32, 64, 128]","[5, 10, 15, 20]","[2, 3, 5, 7]","[2, 4, 8]",evolution,minimize,local
cuvz9eyt,192,908,1778681326163,,/home/meliani/nni-experiments/cuvz9eyt,100,exp_evolution_1200s_local_only_local_only,hpo,/home/meliani/Desktop/phd/fast-track/search_space.json,python3 trial.py --data ./local_only.csv,/home/meliani/Desktop/phd/fast-track,1,1200s,100000000,False,False,info,/home/meliani/nni-experiments,"['LSTM', 'GRU', 'CNN', 'RNN', 'TCN', 'Transformer', 'MLP']","[16, 32, 64, 128, 256]","[1, 2, 3, 4]","[0, 0.1, 0.2, 0.3, 0.5]","['relu', 'tanh', 'sigmoid', 'elu']","[1e-05, 0.01]","[2, 3, 4, 5, 6, 7, 8, 9, 10, 11, 12, 13, 14, 15, 16, 17, 18, 19, 20, 21, 22, 23, 24, 25, 26, 27, 28, 29, 30]","[16, 32, 64, 128]","[5, 10, 15, 20]","[2, 3, 5, 7]","[2, 4, 8]",evolution,minimize,local
cuvz9eyt,193,910,1778681326163,,/home/meliani/nni-experiments/cuvz9eyt,100,exp_evolution_1200s_local_only_local_only,hpo,/home/meliani/Desktop/phd/fast-track/search_space.json,python3 trial.py --data ./local_only.csv,/home/meliani/Desktop/phd/fast-track,1,1200s,100000000,False,False,info,/home/meliani/nni-experiments,"['LSTM', 'GRU', 'CNN', 'RNN', 'TCN', 'Transformer', 'MLP']","[16, 32, 64, 128, 256]","[1, 2, 3, 4]","[0, 0.1, 0.2, 0.3, 0.5]","['relu', 'tanh', 'sigmoid', 'elu']","[1e-05, 0.01]","[2, 3, 4, 5, 6, 7, 8, 9, 10, 11, 12, 13, 14, 15, 16, 17, 18, 19, 20, 21, 22, 23, 24, 25, 26, 27, 28, 29, 30]","[16, 32, 64, 128]","[5, 10, 15, 20]","[2, 3, 5, 7]","[2, 4, 8]",evolution,minimize,local
cuvz9eyt,194,914,1778681326163,,/home/meliani/nni-experiments/cuvz9eyt,101,exp_evolution_1200s_local_only_local_only,hpo,/home/meliani/Desktop/phd/fast-track/search_space.json,python3 trial.py --data ./local_only.csv,/home/meliani/Desktop/phd/fast-track,1,1200s,100000000,False,False,info,/home/meliani/nni-experiments,"['LSTM', 'GRU', 'CNN', 'RNN', 'TCN', 'Transformer', 'MLP']","[16, 32, 64, 128, 256]","[1, 2, 3, 4]","[0, 0.1, 0.2, 0.3, 0.5]","['relu', 'tanh', 'sigmoid', 'elu']","[1e-05, 0.01]","[2, 3, 4, 5, 6, 7, 8, 9, 10, 11, 12, 13, 14, 15, 16, 17, 18, 19, 20, 21, 22, 23, 24, 25, 26, 27, 28, 29, 30]","[16, 32, 64, 128]","[5, 10, 15, 20]","[2, 3, 5, 7]","[2, 4, 8]",evolution,minimize,local
cuvz9eyt,195,920,1778681326163,,/home/meliani/nni-experiments/cuvz9eyt,101,exp_evolution_1200s_local_only_local_only,hpo,/home/meliani/Desktop/phd/fast-track/search_space.json,python3 trial.py --data ./local_only.csv,/home/meliani/Desktop/phd/fast-track,1,1200s,100000000,False,False,info,/home/meliani/nni-experiments,"['LSTM', 'GRU', 'CNN', 'RNN', 'TCN', 'Transformer', 'MLP']","[16, 32, 64, 128, 256]","[1, 2, 3, 4]","[0, 0.1, 0.2, 0.3, 0.5]","['relu', 'tanh', 'sigmoid', 'elu']","[1e-05, 0.01]","[2, 3, 4, 5, 6, 7, 8, 9, 10, 11, 12, 13, 14, 15, 16, 17, 18, 19, 20, 21, 22, 23, 24, 25, 26, 27, 28, 29, 30]","[16, 32, 64, 128]","[5, 10, 15, 20]","[2, 3, 5, 7]","[2, 4, 8]",evolution,minimize,local
cuvz9eyt,196,920,1778681326163,,/home/meliani/nni-experiments/cuvz9eyt,102,exp_evolution_1200s_local_only_local_only,hpo,/home/meliani/Desktop/phd/fast-track/search_space.json,python3 trial.py --data ./local_only.csv,/home/meliani/Desktop/phd/fast-track,1,1200s,100000000,False,False,info,/home/meliani/nni-experiments,"['LSTM', 'GRU', 'CNN', 'RNN', 'TCN', 'Transformer', 'MLP']","[16, 32, 64, 128, 256]","[1, 2, 3, 4]","[0, 0.1, 0.2, 0.3, 0.5]","['relu', 'tanh', 'sigmoid', 'elu']","[1e-05, 0.01]","[2, 3, 4, 5, 6, 7, 8, 9, 10, 11, 12, 13, 14, 15, 16, 17, 18, 19, 20, 21, 22, 23, 24, 25, 26, 27, 28, 29, 30]","[16, 32, 64, 128]","[5, 10, 15, 20]","[2, 3, 5, 7]","[2, 4, 8]",evolution,minimize,local
cuvz9eyt,197,927,1778681326163,,/home/meliani/nni-experiments/cuvz9eyt,103,exp_evolution_1200s_local_only_local_only,hpo,/home/meliani/Desktop/phd/fast-track/search_space.json,python3 trial.py --data ./local_only.csv,/home/meliani/Desktop/phd/fast-track,1,1200s,100000000,False,False,info,/home/meliani/nni-experiments,"['LSTM', 'GRU', 'CNN', 'RNN', 'TCN', 'Transformer', 'MLP']","[16, 32, 64, 128, 256]","[1, 2, 3, 4]","[0, 0.1, 0.2, 0.3, 0.5]","['relu', 'tanh', 'sigmoid', 'elu']","[1e-05, 0.01]","[2, 3, 4, 5, 6, 7, 8, 9, 10, 11, 12, 13, 14, 15, 16, 17, 18, 19, 20, 21, 22, 23, 24, 25, 26, 27, 28, 29, 30]","[16, 32, 64, 128]","[5, 10, 15, 20]","[2, 3, 5, 7]","[2, 4, 8]",evolution,minimize,local
cuvz9eyt,198,930,1778681326163,,/home/meliani/nni-experiments/cuvz9eyt,103,exp_evolution_1200s_local_only_local_only,hpo,/home/meliani/Desktop/phd/fast-track/search_space.json,python3 trial.py --data ./local_only.csv,/home/meliani/Desktop/phd/fast-track,1,1200s,100000000,False,False,info,/home/meliani/nni-experiments,"['LSTM', 'GRU', 'CNN', 'RNN', 'TCN', 'Transformer', 'MLP']","[16, 32, 64, 128, 256]","[1, 2, 3, 4]","[0, 0.1, 0.2, 0.3, 0.5]","['relu', 'tanh', 'sigmoid', 'elu']","[1e-05, 0.01]","[2, 3, 4, 5, 6, 7, 8, 9, 10, 11, 12, 13, 14, 15, 16, 17, 18, 19, 20, 21, 22, 23, 24, 25, 26, 27, 28, 29, 30]","[16, 32, 64, 128]","[5, 10, 15, 20]","[2, 3, 5, 7]","[2, 4, 8]",evolution,minimize,local
cuvz9eyt,199,933,1778681326163,,/home/meliani/nni-experiments/cuvz9eyt,104,exp_evolution_1200s_local_only_local_only,hpo,/home/meliani/Desktop/phd/fast-track/search_space.json,python3 trial.py --data ./local_only.csv,/home/meliani/Desktop/phd/fast-track,1,1200s,100000000,False,False,info,/home/meliani/nni-experiments,"['LSTM', 'GRU', 'CNN', 'RNN', 'TCN', 'Transformer', 'MLP']","[16, 32, 64, 128, 256]","[1, 2, 3, 4]","[0, 0.1, 0.2, 0.3, 0.5]","['relu', 'tanh', 'sigmoid', 'elu']","[1e-05, 0.01]","[2, 3, 4, 5, 6, 7, 8, 9, 10, 11, 12, 13, 14, 15, 16, 17, 18, 19, 20, 21, 22, 23, 24, 25, 26, 27, 28, 29, 30]","[16, 32, 64, 128]","[5, 10, 15, 20]","[2, 3, 5, 7]","[2, 4, 8]",evolution,minimize,local
cuvz9eyt,200,939,1778681326163,,/home/meliani/nni-experiments/cuvz9eyt,105,exp_evolution_1200s_local_only_local_only,hpo,/home/meliani/Desktop/phd/fast-track/search_space.json,python3 trial.py --data ./local_only.csv,/home/meliani/Desktop/phd/fast-track,1,1200s,100000000,False,False,info,/home/meliani/nni-experiments,"['LSTM', 'GRU', 'CNN', 'RNN', 'TCN', 'Transformer', 'MLP']","[16, 32, 64, 128, 256]","[1, 2, 3, 4]","[0, 0.1, 0.2, 0.3, 0.5]","['relu', 'tanh', 'sigmoid', 'elu']","[1e-05, 0.01]","[2, 3, 4, 5, 6, 7, 8, 9, 10, 11, 12, 13, 14, 15, 16, 17, 18, 19, 20, 21, 22, 23, 24, 25, 26, 27, 28, 29, 30]","[16, 32, 64, 128]","[5, 10, 15, 20]","[2, 3, 5, 7]","[2, 4, 8]",evolution,minimize,local
cuvz9eyt,201,940,1778681326163,,/home/meliani/nni-experiments/cuvz9eyt,105,exp_evolution_1200s_local_only_local_only,hpo,/home/meliani/Desktop/phd/fast-track/search_space.json,python3 trial.py --data ./local_only.csv,/home/meliani/Desktop/phd/fast-track,1,1200s,100000000,False,False,info,/home/meliani/nni-experiments,"['LSTM', 'GRU', 'CNN', 'RNN', 'TCN', 'Transformer', 'MLP']","[16, 32, 64, 128, 256]","[1, 2, 3, 4]","[0, 0.1, 0.2, 0.3, 0.5]","['relu', 'tanh', 'sigmoid', 'elu']","[1e-05, 0.01]","[2, 3, 4, 5, 6, 7, 8, 9, 10, 11, 12, 13, 14, 15, 16, 17, 18, 19, 20, 21, 22, 23, 24, 25, 26, 27, 28, 29, 30]","[16, 32, 64, 128]","[5, 10, 15, 20]","[2, 3, 5, 7]","[2, 4, 8]",evolution,minimize,local
cuvz9eyt,202,945,1778681326163,,/home/meliani/nni-experiments/cuvz9eyt,106,exp_evolution_1200s_local_only_local_only,hpo,/home/meliani/Desktop/phd/fast-track/search_space.json,python3 trial.py --data ./local_only.csv,/home/meliani/Desktop/phd/fast-track,1,1200s,100000000,False,False,info,/home/meliani/nni-experiments,"['LSTM', 'GRU', 'CNN', 'RNN', 'TCN', 'Transformer', 'MLP']","[16, 32, 64, 128, 256]","[1, 2, 3, 4]","[0, 0.1, 0.2, 0.3, 0.5]","['relu', 'tanh', 'sigmoid', 'elu']","[1e-05, 0.01]","[2, 3, 4, 5, 6, 7, 8, 9, 10, 11, 12, 13, 14, 15, 16, 17, 18, 19, 20, 21, 22, 23, 24, 25, 26, 27, 28, 29, 30]","[16, 32, 64, 128]","[5, 10, 15, 20]","[2, 3, 5, 7]","[2, 4, 8]",evolution,minimize,local
cuvz9eyt,203,950,1778681326163,,/home/meliani/nni-experiments/cuvz9eyt,106,exp_evolution_1200s_local_only_local_only,hpo,/home/meliani/Desktop/phd/fast-track/search_space.json,python3 trial.py --data ./local_only.csv,/home/meliani/Desktop/phd/fast-track,1,1200s,100000000,False,False,info,/home/meliani/nni-experiments,"['LSTM', 'GRU', 'CNN', 'RNN', 'TCN', 'Transformer', 'MLP']","[16, 32, 64, 128, 256]","[1, 2, 3, 4]","[0, 0.1, 0.2, 0.3, 0.5]","['relu', 'tanh', 'sigmoid', 'elu']","[1e-05, 0.01]","[2, 3, 4, 5, 6, 7, 8, 9, 10, 11, 12, 13, 14, 15, 16, 17, 18, 19, 20, 21, 22, 23, 24, 25, 26, 27, 28, 29, 30]","[16, 32, 64, 128]","[5, 10, 15, 20]","[2, 3, 5, 7]","[2, 4, 8]",evolution,minimize,local
cuvz9eyt,204,950,1778681326163,,/home/meliani/nni-experiments/cuvz9eyt,107,exp_evolution_1200s_local_only_local_only,hpo,/home/meliani/Desktop/phd/fast-track/search_space.json,python3 trial.py --data ./local_only.csv,/home/meliani/Desktop/phd/fast-track,1,1200s,100000000,False,False,info,/home/meliani/nni-experiments,"['LSTM', 'GRU', 'CNN', 'RNN', 'TCN', 'Transformer', 'MLP']","[16, 32, 64, 128, 256]","[1, 2, 3, 4]","[0, 0.1, 0.2, 0.3, 0.5]","['relu', 'tanh', 'sigmoid', 'elu']","[1e-05, 0.01]","[2, 3, 4, 5, 6, 7, 8, 9, 10, 11, 12, 13, 14, 15, 16, 17, 18, 19, 20, 21, 22, 23, 24, 25, 26, 27, 28, 29, 30]","[16, 32, 64, 128]","[5, 10, 15, 20]","[2, 3, 5, 7]","[2, 4, 8]",evolution,minimize,local
cuvz9eyt,205,960,1778681326163,,/home/meliani/nni-experiments/cuvz9eyt,107,exp_evolution_1200s_local_only_local_only,hpo,/home/meliani/Desktop/phd/fast-track/search_space.json,python3 trial.py --data ./local_only.csv,/home/meliani/Desktop/phd/fast-track,1,1200s,100000000,False,False,info,/home/meliani/nni-experiments,"['LSTM', 'GRU', 'CNN', 'RNN', 'TCN', 'Transformer', 'MLP']","[16, 32, 64, 128, 256]","[1, 2, 3, 4]","[0, 0.1, 0.2, 0.3, 0.5]","['relu', 'tanh', 'sigmoid', 'elu']","[1e-05, 0.01]","[2, 3, 4, 5, 6, 7, 8, 9, 10, 11, 12, 13, 14, 15, 16, 17, 18, 19, 20, 21, 22, 23, 24, 25, 26, 27, 28, 29, 30]","[16, 32, 64, 128]","[5, 10, 15, 20]","[2, 3, 5, 7]","[2, 4, 8]",evolution,minimize,local
cuvz9eyt,206,966,1778681326163,,/home/meliani/nni-experiments/cuvz9eyt,108,exp_evolution_1200s_local_only_local_only,hpo,/home/meliani/Desktop/phd/fast-track/search_space.json,python3 trial.py --data ./local_only.csv,/home/meliani/Desktop/phd/fast-track,1,1200s,100000000,False,False,info,/home/meliani/nni-experiments,"['LSTM', 'GRU', 'CNN', 'RNN', 'TCN', 'Transformer', 'MLP']","[16, 32, 64, 128, 256]","[1, 2, 3, 4]","[0, 0.1, 0.2, 0.3, 0.5]","['relu', 'tanh', 'sigmoid', 'elu']","[1e-05, 0.01]","[2, 3, 4, 5, 6, 7, 8, 9, 10, 11, 12, 13, 14, 15, 16, 17, 18, 19, 20, 21, 22, 23, 24, 25, 26, 27, 28, 29, 30]","[16, 32, 64, 128]","[5, 10, 15, 20]","[2, 3, 5, 7]","[2, 4, 8]",evolution,minimize,local
cuvz9eyt,207,970,1778681326163,,/home/meliani/nni-experiments/cuvz9eyt,108,exp_evolution_1200s_local_only_local_only,hpo,/home/meliani/Desktop/phd/fast-track/search_space.json,python3 trial.py --data ./local_only.csv,/home/meliani/Desktop/phd/fast-track,1,1200s,100000000,False,False,info,/home/meliani/nni-experiments,"['LSTM', 'GRU', 'CNN', 'RNN', 'TCN', 'Transformer', 'MLP']","[16, 32, 64, 128, 256]","[1, 2, 3, 4]","[0, 0.1, 0.2, 0.3, 0.5]","['relu', 'tanh', 'sigmoid', 'elu']","[1e-05, 0.01]","[2, 3, 4, 5, 6, 7, 8, 9, 10, 11, 12, 13, 14, 15, 16, 17, 18, 19, 20, 21, 22, 23, 24, 25, 26, 27, 28, 29, 30]","[16, 32, 64, 128]","[5, 10, 15, 20]","[2, 3, 5, 7]","[2, 4, 8]",evolution,minimize,local
cuvz9eyt,208,976,1778681326163,,/home/meliani/nni-experiments/cuvz9eyt,109,exp_evolution_1200s_local_only_local_only,hpo,/home/meliani/Desktop/phd/fast-track/search_space.json,python3 trial.py --data ./local_only.csv,/home/meliani/Desktop/phd/fast-track,1,1200s,100000000,False,False,info,/home/meliani/nni-experiments,"['LSTM', 'GRU', 'CNN', 'RNN', 'TCN', 'Transformer', 'MLP']","[16, 32, 64, 128, 256]","[1, 2, 3, 4]","[0, 0.1, 0.2, 0.3, 0.5]","['relu', 'tanh', 'sigmoid', 'elu']","[1e-05, 0.01]","[2, 3, 4, 5, 6, 7, 8, 9, 10, 11, 12, 13, 14, 15, 16, 17, 18, 19, 20, 21, 22, 23, 24, 25, 26, 27, 28, 29, 30]","[16, 32, 64, 128]","[5, 10, 15, 20]","[2, 3, 5, 7]","[2, 4, 8]",evolution,minimize,local
cuvz9eyt,209,980,1778681326163,,/home/meliani/nni-experiments/cuvz9eyt,109,exp_evolution_1200s_local_only_local_only,hpo,/home/meliani/Desktop/phd/fast-track/search_space.json,python3 trial.py --data ./local_only.csv,/home/meliani/Desktop/phd/fast-track,1,1200s,100000000,False,False,info,/home/meliani/nni-experiments,"['LSTM', 'GRU', 'CNN', 'RNN', 'TCN', 'Transformer', 'MLP']","[16, 32, 64, 128, 256]","[1, 2, 3, 4]","[0, 0.1, 0.2, 0.3, 0.5]","['relu', 'tanh', 'sigmoid', 'elu']","[1e-05, 0.01]","[2, 3, 4, 5, 6, 7, 8, 9, 10, 11, 12, 13, 14, 15, 16, 17, 18, 19, 20, 21, 22, 23, 24, 25, 26, 27, 28, 29, 30]","[16, 32, 64, 128]","[5, 10, 15, 20]","[2, 3, 5, 7]","[2, 4, 8]",evolution,minimize,local
cuvz9eyt,210,990,1778681326163,,/home/meliani/nni-experiments/cuvz9eyt,109,exp_evolution_1200s_local_only_local_only,hpo,/home/meliani/Desktop/phd/fast-track/search_space.json,python3 trial.py --data ./local_only.csv,/home/meliani/Desktop/phd/fast-track,1,1200s,100000000,False,False,info,/home/meliani/nni-experiments,"['LSTM', 'GRU', 'CNN', 'RNN', 'TCN', 'Transformer', 'MLP']","[16, 32, 64, 128, 256]","[1, 2, 3, 4]","[0, 0.1, 0.2, 0.3, 0.5]","['relu', 'tanh', 'sigmoid', 'elu']","[1e-05, 0.01]","[2, 3, 4, 5, 6, 7, 8, 9, 10, 11, 12, 13, 14, 15, 16, 17, 18, 19, 20, 21, 22, 23, 24, 25, 26, 27, 28, 29, 30]","[16, 32, 64, 128]","[5, 10, 15, 20]","[2, 3, 5, 7]","[2, 4, 8]",evolution,minimize,local
cuvz9eyt,211,992,1778681326163,,/home/meliani/nni-experiments/cuvz9eyt,110,exp_evolution_1200s_local_only_local_only,hpo,/home/meliani/Desktop/phd/fast-track/search_space.json,python3 trial.py --data ./local_only.csv,/home/meliani/Desktop/phd/fast-track,1,1200s,100000000,False,False,info,/home/meliani/nni-experiments,"['LSTM', 'GRU', 'CNN', 'RNN', 'TCN', 'Transformer', 'MLP']","[16, 32, 64, 128, 256]","[1, 2, 3, 4]","[0, 0.1, 0.2, 0.3, 0.5]","['relu', 'tanh', 'sigmoid', 'elu']","[1e-05, 0.01]","[2, 3, 4, 5, 6, 7, 8, 9, 10, 11, 12, 13, 14, 15, 16, 17, 18, 19, 20, 21, 22, 23, 24, 25, 26, 27, 28, 29, 30]","[16, 32, 64, 128]","[5, 10, 15, 20]","[2, 3, 5, 7]","[2, 4, 8]",evolution,minimize,local
cuvz9eyt,212,998,1778681326163,,/home/meliani/nni-experiments/cuvz9eyt,111,exp_evolution_1200s_local_only_local_only,hpo,/home/meliani/Desktop/phd/fast-track/search_space.json,python3 trial.py --data ./local_only.csv,/home/meliani/Desktop/phd/fast-track,1,1200s,100000000,False,False,info,/home/meliani/nni-experiments,"['LSTM', 'GRU', 'CNN', 'RNN', 'TCN', 'Transformer', 'MLP']","[16, 32, 64, 128, 256]","[1, 2, 3, 4]","[0, 0.1, 0.2, 0.3, 0.5]","['relu', 'tanh', 'sigmoid', 'elu']","[1e-05, 0.01]","[2, 3, 4, 5, 6, 7, 8, 9, 10, 11, 12, 13, 14, 15, 16, 17, 18, 19, 20, 21, 22, 23, 24, 25, 26, 27, 28, 29, 30]","[16, 32, 64, 128]","[5, 10, 15, 20]","[2, 3, 5, 7]","[2, 4, 8]",evolution,minimize,local
cuvz9eyt,213,1000,1778681326163,,/home/meliani/nni-experiments/cuvz9eyt,111,exp_evolution_1200s_local_only_local_only,hpo,/home/meliani/Desktop/phd/fast-track/search_space.json,python3 trial.py --data ./local_only.csv,/home/meliani/Desktop/phd/fast-track,1,1200s,100000000,False,False,info,/home/meliani/nni-experiments,"['LSTM', 'GRU', 'CNN', 'RNN', 'TCN', 'Transformer', 'MLP']","[16, 32, 64, 128, 256]","[1, 2, 3, 4]","[0, 0.1, 0.2, 0.3, 0.5]","['relu', 'tanh', 'sigmoid', 'elu']","[1e-05, 0.01]","[2, 3, 4, 5, 6, 7, 8, 9, 10, 11, 12, 13, 14, 15, 16, 17, 18, 19, 20, 21, 22, 23, 24, 25, 26, 27, 28, 29, 30]","[16, 32, 64, 128]","[5, 10, 15, 20]","[2, 3, 5, 7]","[2, 4, 8]",evolution,minimize,local
cuvz9eyt,214,1004,1778681326163,,/home/meliani/nni-experiments/cuvz9eyt,112,exp_evolution_1200s_local_only_local_only,hpo,/home/meliani/Desktop/phd/fast-track/search_space.json,python3 trial.py --data ./local_only.csv,/home/meliani/Desktop/phd/fast-track,1,1200s,100000000,False,False,info,/home/meliani/nni-experiments,"['LSTM', 'GRU', 'CNN', 'RNN', 'TCN', 'Transformer', 'MLP']","[16, 32, 64, 128, 256]","[1, 2, 3, 4]","[0, 0.1, 0.2, 0.3, 0.5]","['relu', 'tanh', 'sigmoid', 'elu']","[1e-05, 0.01]","[2, 3, 4, 5, 6, 7, 8, 9, 10, 11, 12, 13, 14, 15, 16, 17, 18, 19, 20, 21, 22, 23, 24, 25, 26, 27, 28, 29, 30]","[16, 32, 64, 128]","[5, 10, 15, 20]","[2, 3, 5, 7]","[2, 4, 8]",evolution,minimize,local
cuvz9eyt,215,1010,1778681326163,,/home/meliani/nni-experiments/cuvz9eyt,112,exp_evolution_1200s_local_only_local_only,hpo,/home/meliani/Desktop/phd/fast-track/search_space.json,python3 trial.py --data ./local_only.csv,/home/meliani/Desktop/phd/fast-track,1,1200s,100000000,False,False,info,/home/meliani/nni-experiments,"['LSTM', 'GRU', 'CNN', 'RNN', 'TCN', 'Transformer', 'MLP']","[16, 32, 64, 128, 256]","[1, 2, 3, 4]","[0, 0.1, 0.2, 0.3, 0.5]","['relu', 'tanh', 'sigmoid', 'elu']","[1e-05, 0.01]","[2, 3, 4, 5, 6, 7, 8, 9, 10, 11, 12, 13, 14, 15, 16, 17, 18, 19, 20, 21, 22, 23, 24, 25, 26, 27, 28, 29, 30]","[16, 32, 64, 128]","[5, 10, 15, 20]","[2, 3, 5, 7]","[2, 4, 8]",evolution,minimize,local
cuvz9eyt,216,1020,1778681326163,,/home/meliani/nni-experiments/cuvz9eyt,112,exp_evolution_1200s_local_only_local_only,hpo,/home/meliani/Desktop/phd/fast-track/search_space.json,python3 trial.py --data ./local_only.csv,/home/meliani/Desktop/phd/fast-track,1,1200s,100000000,False,False,info,/home/meliani/nni-experiments,"['LSTM', 'GRU', 'CNN', 'RNN', 'TCN', 'Transformer', 'MLP']","[16, 32, 64, 128, 256]","[1, 2, 3, 4]","[0, 0.1, 0.2, 0.3, 0.5]","['relu', 'tanh', 'sigmoid', 'elu']","[1e-05, 0.01]","[2, 3, 4, 5, 6, 7, 8, 9, 10, 11, 12, 13, 14, 15, 16, 17, 18, 19, 20, 21, 22, 23, 24, 25, 26, 27, 28, 29, 30]","[16, 32, 64, 128]","[5, 10, 15, 20]","[2, 3, 5, 7]","[2, 4, 8]",evolution,minimize,local
cuvz9eyt,217,1023,1778681326163,,/home/meliani/nni-experiments/cuvz9eyt,113,exp_evolution_1200s_local_only_local_only,hpo,/home/meliani/Desktop/phd/fast-track/search_space.json,python3 trial.py --data ./local_only.csv,/home/meliani/Desktop/phd/fast-track,1,1200s,100000000,False,False,info,/home/meliani/nni-experiments,"['LSTM', 'GRU', 'CNN', 'RNN', 'TCN', 'Transformer', 'MLP']","[16, 32, 64, 128, 256]","[1, 2, 3, 4]","[0, 0.1, 0.2, 0.3, 0.5]","['relu', 'tanh', 'sigmoid', 'elu']","[1e-05, 0.01]","[2, 3, 4, 5, 6, 7, 8, 9, 10, 11, 12, 13, 14, 15, 16, 17, 18, 19, 20, 21, 22, 23, 24, 25, 26, 27, 28, 29, 30]","[16, 32, 64, 128]","[5, 10, 15, 20]","[2, 3, 5, 7]","[2, 4, 8]",evolution,minimize,local
cuvz9eyt,218,1029,1778681326163,,/home/meliani/nni-experiments/cuvz9eyt,114,exp_evolution_1200s_local_only_local_only,hpo,/home/meliani/Desktop/phd/fast-track/search_space.json,python3 trial.py --data ./local_only.csv,/home/meliani/Desktop/phd/fast-track,1,1200s,100000000,False,False,info,/home/meliani/nni-experiments,"['LSTM', 'GRU', 'CNN', 'RNN', 'TCN', 'Transformer', 'MLP']","[16, 32, 64, 128, 256]","[1, 2, 3, 4]","[0, 0.1, 0.2, 0.3, 0.5]","['relu', 'tanh', 'sigmoid', 'elu']","[1e-05, 0.01]","[2, 3, 4, 5, 6, 7, 8, 9, 10, 11, 12, 13, 14, 15, 16, 17, 18, 19, 20, 21, 22, 23, 24, 25, 26, 27, 28, 29, 30]","[16, 32, 64, 128]","[5, 10, 15, 20]","[2, 3, 5, 7]","[2, 4, 8]",evolution,minimize,local
cuvz9eyt,219,1030,1778681326163,,/home/meliani/nni-experiments/cuvz9eyt,114,exp_evolution_1200s_local_only_local_only,hpo,/home/meliani/Desktop/phd/fast-track/search_space.json,python3 trial.py --data ./local_only.csv,/home/meliani/Desktop/phd/fast-track,1,1200s,100000000,False,False,info,/home/meliani/nni-experiments,"['LSTM', 'GRU', 'CNN', 'RNN', 'TCN', 'Transformer', 'MLP']","[16, 32, 64, 128, 256]","[1, 2, 3, 4]","[0, 0.1, 0.2, 0.3, 0.5]","['relu', 'tanh', 'sigmoid', 'elu']","[1e-05, 0.01]","[2, 3, 4, 5, 6, 7, 8, 9, 10, 11, 12, 13, 14, 15, 16, 17, 18, 19, 20, 21, 22, 23, 24, 25, 26, 27, 28, 29, 30]","[16, 32, 64, 128]","[5, 10, 15, 20]","[2, 3, 5, 7]","[2, 4, 8]",evolution,minimize,local
cuvz9eyt,220,1036,1778681326163,,/home/meliani/nni-experiments/cuvz9eyt,115,exp_evolution_1200s_local_only_local_only,hpo,/home/meliani/Desktop/phd/fast-track/search_space.json,python3 trial.py --data ./local_only.csv,/home/meliani/Desktop/phd/fast-track,1,1200s,100000000,False,False,info,/home/meliani/nni-experiments,"['LSTM', 'GRU', 'CNN', 'RNN', 'TCN', 'Transformer', 'MLP']","[16, 32, 64, 128, 256]","[1, 2, 3, 4]","[0, 0.1, 0.2, 0.3, 0.5]","['relu', 'tanh', 'sigmoid', 'elu']","[1e-05, 0.01]","[2, 3, 4, 5, 6, 7, 8, 9, 10, 11, 12, 13, 14, 15, 16, 17, 18, 19, 20, 21, 22, 23, 24, 25, 26, 27, 28, 29, 30]","[16, 32, 64, 128]","[5, 10, 15, 20]","[2, 3, 5, 7]","[2, 4, 8]",evolution,minimize,local
cuvz9eyt,221,1040,1778681326163,,/home/meliani/nni-experiments/cuvz9eyt,115,exp_evolution_1200s_local_only_local_only,hpo,/home/meliani/Desktop/phd/fast-track/search_space.json,python3 trial.py --data ./local_only.csv,/home/meliani/Desktop/phd/fast-track,1,1200s,100000000,False,False,info,/home/meliani/nni-experiments,"['LSTM', 'GRU', 'CNN', 'RNN', 'TCN', 'Transformer', 'MLP']","[16, 32, 64, 128, 256]","[1, 2, 3, 4]","[0, 0.1, 0.2, 0.3, 0.5]","['relu', 'tanh', 'sigmoid', 'elu']","[1e-05, 0.01]","[2, 3, 4, 5, 6, 7, 8, 9, 10, 11, 12, 13, 14, 15, 16, 17, 18, 19, 20, 21, 22, 23, 24, 25, 26, 27, 28, 29, 30]","[16, 32, 64, 128]","[5, 10, 15, 20]","[2, 3, 5, 7]","[2, 4, 8]",evolution,minimize,local
cuvz9eyt,222,1042,1778681326163,,/home/meliani/nni-experiments/cuvz9eyt,116,exp_evolution_1200s_local_only_local_only,hpo,/home/meliani/Desktop/phd/fast-track/search_space.json,python3 trial.py --data ./local_only.csv,/home/meliani/Desktop/phd/fast-track,1,1200s,100000000,False,False,info,/home/meliani/nni-experiments,"['LSTM', 'GRU', 'CNN', 'RNN', 'TCN', 'Transformer', 'MLP']","[16, 32, 64, 128, 256]","[1, 2, 3, 4]","[0, 0.1, 0.2, 0.3, 0.5]","['relu', 'tanh', 'sigmoid', 'elu']","[1e-05, 0.01]","[2, 3, 4, 5, 6, 7, 8, 9, 10, 11, 12, 13, 14, 15, 16, 17, 18, 19, 20, 21, 22, 23, 24, 25, 26, 27, 28, 29, 30]","[16, 32, 64, 128]","[5, 10, 15, 20]","[2, 3, 5, 7]","[2, 4, 8]",evolution,minimize,local
cuvz9eyt,223,1048,1778681326163,,/home/meliani/nni-experiments/cuvz9eyt,117,exp_evolution_1200s_local_only_local_only,hpo,/home/meliani/Desktop/phd/fast-track/search_space.json,python3 trial.py --data ./local_only.csv,/home/meliani/Desktop/phd/fast-track,1,1200s,100000000,False,False,info,/home/meliani/nni-experiments,"['LSTM', 'GRU', 'CNN', 'RNN', 'TCN', 'Transformer', 'MLP']","[16, 32, 64, 128, 256]","[1, 2, 3, 4]","[0, 0.1, 0.2, 0.3, 0.5]","['relu', 'tanh', 'sigmoid', 'elu']","[1e-05, 0.01]","[2, 3, 4, 5, 6, 7, 8, 9, 10, 11, 12, 13, 14, 15, 16, 17, 18, 19, 20, 21, 22, 23, 24, 25, 26, 27, 28, 29, 30]","[16, 32, 64, 128]","[5, 10, 15, 20]","[2, 3, 5, 7]","[2, 4, 8]",evolution,minimize,local
cuvz9eyt,224,1050,1778681326163,,/home/meliani/nni-experiments/cuvz9eyt,117,exp_evolution_1200s_local_only_local_only,hpo,/home/meliani/Desktop/phd/fast-track/search_space.json,python3 trial.py --data ./local_only.csv,/home/meliani/Desktop/phd/fast-track,1,1200s,100000000,False,False,info,/home/meliani/nni-experiments,"['LSTM', 'GRU', 'CNN', 'RNN', 'TCN', 'Transformer', 'MLP']","[16, 32, 64, 128, 256]","[1, 2, 3, 4]","[0, 0.1, 0.2, 0.3, 0.5]","['relu', 'tanh', 'sigmoid', 'elu']","[1e-05, 0.01]","[2, 3, 4, 5, 6, 7, 8, 9, 10, 11, 12, 13, 14, 15, 16, 17, 18, 19, 20, 21, 22, 23, 24, 25, 26, 27, 28, 29, 30]","[16, 32, 64, 128]","[5, 10, 15, 20]","[2, 3, 5, 7]","[2, 4, 8]",evolution,minimize,local
cuvz9eyt,225,1060,1778681326163,,/home/meliani/nni-experiments/cuvz9eyt,117,exp_evolution_1200s_local_only_local_only,hpo,/home/meliani/Desktop/phd/fast-track/search_space.json,python3 trial.py --data ./local_only.csv,/home/meliani/Desktop/phd/fast-track,1,1200s,100000000,False,False,info,/home/meliani/nni-experiments,"['LSTM', 'GRU', 'CNN', 'RNN', 'TCN', 'Transformer', 'MLP']","[16, 32, 64, 128, 256]","[1, 2, 3, 4]","[0, 0.1, 0.2, 0.3, 0.5]","['relu', 'tanh', 'sigmoid', 'elu']","[1e-05, 0.01]","[2, 3, 4, 5, 6, 7, 8, 9, 10, 11, 12, 13, 14, 15, 16, 17, 18, 19, 20, 21, 22, 23, 24, 25, 26, 27, 28, 29, 30]","[16, 32, 64, 128]","[5, 10, 15, 20]","[2, 3, 5, 7]","[2, 4, 8]",evolution,minimize,local
cuvz9eyt,226,1063,1778681326163,,/home/meliani/nni-experiments/cuvz9eyt,118,exp_evolution_1200s_local_only_local_only,hpo,/home/meliani/Desktop/phd/fast-track/search_space.json,python3 trial.py --data ./local_only.csv,/home/meliani/Desktop/phd/fast-track,1,1200s,100000000,False,False,info,/home/meliani/nni-experiments,"['LSTM', 'GRU', 'CNN', 'RNN', 'TCN', 'Transformer', 'MLP']","[16, 32, 64, 128, 256]","[1, 2, 3, 4]","[0, 0.1, 0.2, 0.3, 0.5]","['relu', 'tanh', 'sigmoid', 'elu']","[1e-05, 0.01]","[2, 3, 4, 5, 6, 7, 8, 9, 10, 11, 12, 13, 14, 15, 16, 17, 18, 19, 20, 21, 22, 23, 24, 25, 26, 27, 28, 29, 30]","[16, 32, 64, 128]","[5, 10, 15, 20]","[2, 3, 5, 7]","[2, 4, 8]",evolution,minimize,local
cuvz9eyt,227,1069,1778681326163,,/home/meliani/nni-experiments/cuvz9eyt,119,exp_evolution_1200s_local_only_local_only,hpo,/home/meliani/Desktop/phd/fast-track/search_space.json,python3 trial.py --data ./local_only.csv,/home/meliani/Desktop/phd/fast-track,1,1200s,100000000,False,False,info,/home/meliani/nni-experiments,"['LSTM', 'GRU', 'CNN', 'RNN', 'TCN', 'Transformer', 'MLP']","[16, 32, 64, 128, 256]","[1, 2, 3, 4]","[0, 0.1, 0.2, 0.3, 0.5]","['relu', 'tanh', 'sigmoid', 'elu']","[1e-05, 0.01]","[2, 3, 4, 5, 6, 7, 8, 9, 10, 11, 12, 13, 14, 15, 16, 17, 18, 19, 20, 21, 22, 23, 24, 25, 26, 27, 28, 29, 30]","[16, 32, 64, 128]","[5, 10, 15, 20]","[2, 3, 5, 7]","[2, 4, 8]",evolution,minimize,local
cuvz9eyt,228,1070,1778681326163,,/home/meliani/nni-experiments/cuvz9eyt,119,exp_evolution_1200s_local_only_local_only,hpo,/home/meliani/Desktop/phd/fast-track/search_space.json,python3 trial.py --data ./local_only.csv,/home/meliani/Desktop/phd/fast-track,1,1200s,100000000,False,False,info,/home/meliani/nni-experiments,"['LSTM', 'GRU', 'CNN', 'RNN', 'TCN', 'Transformer', 'MLP']","[16, 32, 64, 128, 256]","[1, 2, 3, 4]","[0, 0.1, 0.2, 0.3, 0.5]","['relu', 'tanh', 'sigmoid', 'elu']","[1e-05, 0.01]","[2, 3, 4, 5, 6, 7, 8, 9, 10, 11, 12, 13, 14, 15, 16, 17, 18, 19, 20, 21, 22, 23, 24, 25, 26, 27, 28, 29, 30]","[16, 32, 64, 128]","[5, 10, 15, 20]","[2, 3, 5, 7]","[2, 4, 8]",evolution,minimize,local
cuvz9eyt,229,1075,1778681326163,,/home/meliani/nni-experiments/cuvz9eyt,120,exp_evolution_1200s_local_only_local_only,hpo,/home/meliani/Desktop/phd/fast-track/search_space.json,python3 trial.py --data ./local_only.csv,/home/meliani/Desktop/phd/fast-track,1,1200s,100000000,False,False,info,/home/meliani/nni-experiments,"['LSTM', 'GRU', 'CNN', 'RNN', 'TCN', 'Transformer', 'MLP']","[16, 32, 64, 128, 256]","[1, 2, 3, 4]","[0, 0.1, 0.2, 0.3, 0.5]","['relu', 'tanh', 'sigmoid', 'elu']","[1e-05, 0.01]","[2, 3, 4, 5, 6, 7, 8, 9, 10, 11, 12, 13, 14, 15, 16, 17, 18, 19, 20, 21, 22, 23, 24, 25, 26, 27, 28, 29, 30]","[16, 32, 64, 128]","[5, 10, 15, 20]","[2, 3, 5, 7]","[2, 4, 8]",evolution,minimize,local
cuvz9eyt,230,1080,1778681326163,,/home/meliani/nni-experiments/cuvz9eyt,120,exp_evolution_1200s_local_only_local_only,hpo,/home/meliani/Desktop/phd/fast-track/search_space.json,python3 trial.py --data ./local_only.csv,/home/meliani/Desktop/phd/fast-track,1,1200s,100000000,False,False,info,/home/meliani/nni-experiments,"['LSTM', 'GRU', 'CNN', 'RNN', 'TCN', 'Transformer', 'MLP']","[16, 32, 64, 128, 256]","[1, 2, 3, 4]","[0, 0.1, 0.2, 0.3, 0.5]","['relu', 'tanh', 'sigmoid', 'elu']","[1e-05, 0.01]","[2, 3, 4, 5, 6, 7, 8, 9, 10, 11, 12, 13, 14, 15, 16, 17, 18, 19, 20, 21, 22, 23, 24, 25, 26, 27, 28, 29, 30]","[16, 32, 64, 128]","[5, 10, 15, 20]","[2, 3, 5, 7]","[2, 4, 8]",evolution,minimize,local
cuvz9eyt,231,1089,1778681326163,,/home/meliani/nni-experiments/cuvz9eyt,121,exp_evolution_1200s_local_only_local_only,hpo,/home/meliani/Desktop/phd/fast-track/search_space.json,python3 trial.py --data ./local_only.csv,/home/meliani/Desktop/phd/fast-track,1,1200s,100000000,False,False,info,/home/meliani/nni-experiments,"['LSTM', 'GRU', 'CNN', 'RNN', 'TCN', 'Transformer', 'MLP']","[16, 32, 64, 128, 256]","[1, 2, 3, 4]","[0, 0.1, 0.2, 0.3, 0.5]","['relu', 'tanh', 'sigmoid', 'elu']","[1e-05, 0.01]","[2, 3, 4, 5, 6, 7, 8, 9, 10, 11, 12, 13, 14, 15, 16, 17, 18, 19, 20, 21, 22, 23, 24, 25, 26, 27, 28, 29, 30]","[16, 32, 64, 128]","[5, 10, 15, 20]","[2, 3, 5, 7]","[2, 4, 8]",evolution,minimize,local
cuvz9eyt,232,1090,1778681326163,,/home/meliani/nni-experiments/cuvz9eyt,121,exp_evolution_1200s_local_only_local_only,hpo,/home/meliani/Desktop/phd/fast-track/search_space.json,python3 trial.py --data ./local_only.csv,/home/meliani/Desktop/phd/fast-track,1,1200s,100000000,False,False,info,/home/meliani/nni-experiments,"['LSTM', 'GRU', 'CNN', 'RNN', 'TCN', 'Transformer', 'MLP']","[16, 32, 64, 128, 256]","[1, 2, 3, 4]","[0, 0.1, 0.2, 0.3, 0.5]","['relu', 'tanh', 'sigmoid', 'elu']","[1e-05, 0.01]","[2, 3, 4, 5, 6, 7, 8, 9, 10, 11, 12, 13, 14, 15, 16, 17, 18, 19, 20, 21, 22, 23, 24, 25, 26, 27, 28, 29, 30]","[16, 32, 64, 128]","[5, 10, 15, 20]","[2, 3, 5, 7]","[2, 4, 8]",evolution,minimize,local
cuvz9eyt,233,1095,1778681326163,,/home/meliani/nni-experiments/cuvz9eyt,122,exp_evolution_1200s_local_only_local_only,hpo,/home/meliani/Desktop/phd/fast-track/search_space.json,python3 trial.py --data ./local_only.csv,/home/meliani/Desktop/phd/fast-track,1,1200s,100000000,False,False,info,/home/meliani/nni-experiments,"['LSTM', 'GRU', 'CNN', 'RNN', 'TCN', 'Transformer', 'MLP']","[16, 32, 64, 128, 256]","[1, 2, 3, 4]","[0, 0.1, 0.2, 0.3, 0.5]","['relu', 'tanh', 'sigmoid', 'elu']","[1e-05, 0.01]","[2, 3, 4, 5, 6, 7, 8, 9, 10, 11, 12, 13, 14, 15, 16, 17, 18, 19, 20, 21, 22, 23, 24, 25, 26, 27, 28, 29, 30]","[16, 32, 64, 128]","[5, 10, 15, 20]","[2, 3, 5, 7]","[2, 4, 8]",evolution,minimize,local
cuvz9eyt,234,1100,1778681326163,,/home/meliani/nni-experiments/cuvz9eyt,122,exp_evolution_1200s_local_only_local_only,hpo,/home/meliani/Desktop/phd/fast-track/search_space.json,python3 trial.py --data ./local_only.csv,/home/meliani/Desktop/phd/fast-track,1,1200s,100000000,False,False,info,/home/meliani/nni-experiments,"['LSTM', 'GRU', 'CNN', 'RNN', 'TCN', 'Transformer', 'MLP']","[16, 32, 64, 128, 256]","[1, 2, 3, 4]","[0, 0.1, 0.2, 0.3, 0.5]","['relu', 'tanh', 'sigmoid', 'elu']","[1e-05, 0.01]","[2, 3, 4, 5, 6, 7, 8, 9, 10, 11, 12, 13, 14, 15, 16, 17, 18, 19, 20, 21, 22, 23, 24, 25, 26, 27, 28, 29, 30]","[16, 32, 64, 128]","[5, 10, 15, 20]","[2, 3, 5, 7]","[2, 4, 8]",evolution,minimize,local
cuvz9eyt,235,1100,1778681326163,,/home/meliani/nni-experiments/cuvz9eyt,123,exp_evolution_1200s_local_only_local_only,hpo,/home/meliani/Desktop/phd/fast-track/search_space.json,python3 trial.py --data ./local_only.csv,/home/meliani/Desktop/phd/fast-track,1,1200s,100000000,False,False,info,/home/meliani/nni-experiments,"['LSTM', 'GRU', 'CNN', 'RNN', 'TCN', 'Transformer', 'MLP']","[16, 32, 64, 128, 256]","[1, 2, 3, 4]","[0, 0.1, 0.2, 0.3, 0.5]","['relu', 'tanh', 'sigmoid', 'elu']","[1e-05, 0.01]","[2, 3, 4, 5, 6, 7, 8, 9, 10, 11, 12, 13, 14, 15, 16, 17, 18, 19, 20, 21, 22, 23, 24, 25, 26, 27, 28, 29, 30]","[16, 32, 64, 128]","[5, 10, 15, 20]","[2, 3, 5, 7]","[2, 4, 8]",evolution,minimize,local
cuvz9eyt,236,1106,1778681326163,,/home/meliani/nni-experiments/cuvz9eyt,124,exp_evolution_1200s_local_only_local_only,hpo,/home/meliani/Desktop/phd/fast-track/search_space.json,python3 trial.py --data ./local_only.csv,/home/meliani/Desktop/phd/fast-track,1,1200s,100000000,False,False,info,/home/meliani/nni-experiments,"['LSTM', 'GRU', 'CNN', 'RNN', 'TCN', 'Transformer', 'MLP']","[16, 32, 64, 128, 256]","[1, 2, 3, 4]","[0, 0.1, 0.2, 0.3, 0.5]","['relu', 'tanh', 'sigmoid', 'elu']","[1e-05, 0.01]","[2, 3, 4, 5, 6, 7, 8, 9, 10, 11, 12, 13, 14, 15, 16, 17, 18, 19, 20, 21, 22, 23, 24, 25, 26, 27, 28, 29, 30]","[16, 32, 64, 128]","[5, 10, 15, 20]","[2, 3, 5, 7]","[2, 4, 8]",evolution,minimize,local
cuvz9eyt,237,1110,1778681326163,,/home/meliani/nni-experiments/cuvz9eyt,124,exp_evolution_1200s_local_only_local_only,hpo,/home/meliani/Desktop/phd/fast-track/search_space.json,python3 trial.py --data ./local_only.csv,/home/meliani/Desktop/phd/fast-track,1,1200s,100000000,False,False,info,/home/meliani/nni-experiments,"['LSTM', 'GRU', 'CNN', 'RNN', 'TCN', 'Transformer', 'MLP']","[16, 32, 64, 128, 256]","[1, 2, 3, 4]","[0, 0.1, 0.2, 0.3, 0.5]","['relu', 'tanh', 'sigmoid', 'elu']","[1e-05, 0.01]","[2, 3, 4, 5, 6, 7, 8, 9, 10, 11, 12, 13, 14, 15, 16, 17, 18, 19, 20, 21, 22, 23, 24, 25, 26, 27, 28, 29, 30]","[16, 32, 64, 128]","[5, 10, 15, 20]","[2, 3, 5, 7]","[2, 4, 8]",evolution,minimize,local
cuvz9eyt,238,1111,1778681326163,,/home/meliani/nni-experiments/cuvz9eyt,125,exp_evolution_1200s_local_only_local_only,hpo,/home/meliani/Desktop/phd/fast-track/search_space.json,python3 trial.py --data ./local_only.csv,/home/meliani/Desktop/phd/fast-track,1,1200s,100000000,False,False,info,/home/meliani/nni-experiments,"['LSTM', 'GRU', 'CNN', 'RNN', 'TCN', 'Transformer', 'MLP']","[16, 32, 64, 128, 256]","[1, 2, 3, 4]","[0, 0.1, 0.2, 0.3, 0.5]","['relu', 'tanh', 'sigmoid', 'elu']","[1e-05, 0.01]","[2, 3, 4, 5, 6, 7, 8, 9, 10, 11, 12, 13, 14, 15, 16, 17, 18, 19, 20, 21, 22, 23, 24, 25, 26, 27, 28, 29, 30]","[16, 32, 64, 128]","[5, 10, 15, 20]","[2, 3, 5, 7]","[2, 4, 8]",evolution,minimize,local
cuvz9eyt,239,1116,1778681326163,,/home/meliani/nni-experiments/cuvz9eyt,126,exp_evolution_1200s_local_only_local_only,hpo,/home/meliani/Desktop/phd/fast-track/search_space.json,python3 trial.py --data ./local_only.csv,/home/meliani/Desktop/phd/fast-track,1,1200s,100000000,False,False,info,/home/meliani/nni-experiments,"['LSTM', 'GRU', 'CNN', 'RNN', 'TCN', 'Transformer', 'MLP']","[16, 32, 64, 128, 256]","[1, 2, 3, 4]","[0, 0.1, 0.2, 0.3, 0.5]","['relu', 'tanh', 'sigmoid', 'elu']","[1e-05, 0.01]","[2, 3, 4, 5, 6, 7, 8, 9, 10, 11, 12, 13, 14, 15, 16, 17, 18, 19, 20, 21, 22, 23, 24, 25, 26, 27, 28, 29, 30]","[16, 32, 64, 128]","[5, 10, 15, 20]","[2, 3, 5, 7]","[2, 4, 8]",evolution,minimize,local
cuvz9eyt,240,1120,1778681326163,,/home/meliani/nni-experiments/cuvz9eyt,126,exp_evolution_1200s_local_only_local_only,hpo,/home/meliani/Desktop/phd/fast-track/search_space.json,python3 trial.py --data ./local_only.csv,/home/meliani/Desktop/phd/fast-track,1,1200s,100000000,False,False,info,/home/meliani/nni-experiments,"['LSTM', 'GRU', 'CNN', 'RNN', 'TCN', 'Transformer', 'MLP']","[16, 32, 64, 128, 256]","[1, 2, 3, 4]","[0, 0.1, 0.2, 0.3, 0.5]","['relu', 'tanh', 'sigmoid', 'elu']","[1e-05, 0.01]","[2, 3, 4, 5, 6, 7, 8, 9, 10, 11, 12, 13, 14, 15, 16, 17, 18, 19, 20, 21, 22, 23, 24, 25, 26, 27, 28, 29, 30]","[16, 32, 64, 128]","[5, 10, 15, 20]","[2, 3, 5, 7]","[2, 4, 8]",evolution,minimize,local
cuvz9eyt,241,1130,1778681326163,,/home/meliani/nni-experiments/cuvz9eyt,126,exp_evolution_1200s_local_only_local_only,hpo,/home/meliani/Desktop/phd/fast-track/search_space.json,python3 trial.py --data ./local_only.csv,/home/meliani/Desktop/phd/fast-track,1,1200s,100000000,False,False,info,/home/meliani/nni-experiments,"['LSTM', 'GRU', 'CNN', 'RNN', 'TCN', 'Transformer', 'MLP']","[16, 32, 64, 128, 256]","[1, 2, 3, 4]","[0, 0.1, 0.2, 0.3, 0.5]","['relu', 'tanh', 'sigmoid', 'elu']","[1e-05, 0.01]","[2, 3, 4, 5, 6, 7, 8, 9, 10, 11, 12, 13, 14, 15, 16, 17, 18, 19, 20, 21, 22, 23, 24, 25, 26, 27, 28, 29, 30]","[16, 32, 64, 128]","[5, 10, 15, 20]","[2, 3, 5, 7]","[2, 4, 8]",evolution,minimize,local
cuvz9eyt,242,1137,1778681326163,,/home/meliani/nni-experiments/cuvz9eyt,127,exp_evolution_1200s_local_only_local_only,hpo,/home/meliani/Desktop/phd/fast-track/search_space.json,python3 trial.py --data ./local_only.csv,/home/meliani/Desktop/phd/fast-track,1,1200s,100000000,False,False,info,/home/meliani/nni-experiments,"['LSTM', 'GRU', 'CNN', 'RNN', 'TCN', 'Transformer', 'MLP']","[16, 32, 64, 128, 256]","[1, 2, 3, 4]","[0, 0.1, 0.2, 0.3, 0.5]","['relu', 'tanh', 'sigmoid', 'elu']","[1e-05, 0.01]","[2, 3, 4, 5, 6, 7, 8, 9, 10, 11, 12, 13, 14, 15, 16, 17, 18, 19, 20, 21, 22, 23, 24, 25, 26, 27, 28, 29, 30]","[16, 32, 64, 128]","[5, 10, 15, 20]","[2, 3, 5, 7]","[2, 4, 8]",evolution,minimize,local
cuvz9eyt,243,1140,1778681326163,,/home/meliani/nni-experiments/cuvz9eyt,127,exp_evolution_1200s_local_only_local_only,hpo,/home/meliani/Desktop/phd/fast-track/search_space.json,python3 trial.py --data ./local_only.csv,/home/meliani/Desktop/phd/fast-track,1,1200s,100000000,False,False,info,/home/meliani/nni-experiments,"['LSTM', 'GRU', 'CNN', 'RNN', 'TCN', 'Transformer', 'MLP']","[16, 32, 64, 128, 256]","[1, 2, 3, 4]","[0, 0.1, 0.2, 0.3, 0.5]","['relu', 'tanh', 'sigmoid', 'elu']","[1e-05, 0.01]","[2, 3, 4, 5, 6, 7, 8, 9, 10, 11, 12, 13, 14, 15, 16, 17, 18, 19, 20, 21, 22, 23, 24, 25, 26, 27, 28, 29, 30]","[16, 32, 64, 128]","[5, 10, 15, 20]","[2, 3, 5, 7]","[2, 4, 8]",evolution,minimize,local
cuvz9eyt,244,1143,1778681326163,,/home/meliani/nni-experiments/cuvz9eyt,128,exp_evolution_1200s_local_only_local_only,hpo,/home/meliani/Desktop/phd/fast-track/search_space.json,python3 trial.py --data ./local_only.csv,/home/meliani/Desktop/phd/fast-track,1,1200s,100000000,False,False,info,/home/meliani/nni-experiments,"['LSTM', 'GRU', 'CNN', 'RNN', 'TCN', 'Transformer', 'MLP']","[16, 32, 64, 128, 256]","[1, 2, 3, 4]","[0, 0.1, 0.2, 0.3, 0.5]","['relu', 'tanh', 'sigmoid', 'elu']","[1e-05, 0.01]","[2, 3, 4, 5, 6, 7, 8, 9, 10, 11, 12, 13, 14, 15, 16, 17, 18, 19, 20, 21, 22, 23, 24, 25, 26, 27, 28, 29, 30]","[16, 32, 64, 128]","[5, 10, 15, 20]","[2, 3, 5, 7]","[2, 4, 8]",evolution,minimize,local
cuvz9eyt,245,1148,1778681326163,,/home/meliani/nni-experiments/cuvz9eyt,129,exp_evolution_1200s_local_only_local_only,hpo,/home/meliani/Desktop/phd/fast-track/search_space.json,python3 trial.py --data ./local_only.csv,/home/meliani/Desktop/phd/fast-track,1,1200s,100000000,False,False,info,/home/meliani/nni-experiments,"['LSTM', 'GRU', 'CNN', 'RNN', 'TCN', 'Transformer', 'MLP']","[16, 32, 64, 128, 256]","[1, 2, 3, 4]","[0, 0.1, 0.2, 0.3, 0.5]","['relu', 'tanh', 'sigmoid', 'elu']","[1e-05, 0.01]","[2, 3, 4, 5, 6, 7, 8, 9, 10, 11, 12, 13, 14, 15, 16, 17, 18, 19, 20, 21, 22, 23, 24, 25, 26, 27, 28, 29, 30]","[16, 32, 64, 128]","[5, 10, 15, 20]","[2, 3, 5, 7]","[2, 4, 8]",evolution,minimize,local
cuvz9eyt,246,1150,1778681326163,,/home/meliani/nni-experiments/cuvz9eyt,129,exp_evolution_1200s_local_only_local_only,hpo,/home/meliani/Desktop/phd/fast-track/search_space.json,python3 trial.py --data ./local_only.csv,/home/meliani/Desktop/phd/fast-track,1,1200s,100000000,False,False,info,/home/meliani/nni-experiments,"['LSTM', 'GRU', 'CNN', 'RNN', 'TCN', 'Transformer', 'MLP']","[16, 32, 64, 128, 256]","[1, 2, 3, 4]","[0, 0.1, 0.2, 0.3, 0.5]","['relu', 'tanh', 'sigmoid', 'elu']","[1e-05, 0.01]","[2, 3, 4, 5, 6, 7, 8, 9, 10, 11, 12, 13, 14, 15, 16, 17, 18, 19, 20, 21, 22, 23, 24, 25, 26, 27, 28, 29, 30]","[16, 32, 64, 128]","[5, 10, 15, 20]","[2, 3, 5, 7]","[2, 4, 8]",evolution,minimize,local
cuvz9eyt,247,1156,1778681326163,,/home/meliani/nni-experiments/cuvz9eyt,130,exp_evolution_1200s_local_only_local_only,hpo,/home/meliani/Desktop/phd/fast-track/search_space.json,python3 trial.py --data ./local_only.csv,/home/meliani/Desktop/phd/fast-track,1,1200s,100000000,False,False,info,/home/meliani/nni-experiments,"['LSTM', 'GRU', 'CNN', 'RNN', 'TCN', 'Transformer', 'MLP']","[16, 32, 64, 128, 256]","[1, 2, 3, 4]","[0, 0.1, 0.2, 0.3, 0.5]","['relu', 'tanh', 'sigmoid', 'elu']","[1e-05, 0.01]","[2, 3, 4, 5, 6, 7, 8, 9, 10, 11, 12, 13, 14, 15, 16, 17, 18, 19, 20, 21, 22, 23, 24, 25, 26, 27, 28, 29, 30]","[16, 32, 64, 128]","[5, 10, 15, 20]","[2, 3, 5, 7]","[2, 4, 8]",evolution,minimize,local
cuvz9eyt,248,1160,1778681326163,,/home/meliani/nni-experiments/cuvz9eyt,130,exp_evolution_1200s_local_only_local_only,hpo,/home/meliani/Desktop/phd/fast-track/search_space.json,python3 trial.py --data ./local_only.csv,/home/meliani/Desktop/phd/fast-track,1,1200s,100000000,False,False,info,/home/meliani/nni-experiments,"['LSTM', 'GRU', 'CNN', 'RNN', 'TCN', 'Transformer', 'MLP']","[16, 32, 64, 128, 256]","[1, 2, 3, 4]","[0, 0.1, 0.2, 0.3, 0.5]","['relu', 'tanh', 'sigmoid', 'elu']","[1e-05, 0.01]","[2, 3, 4, 5, 6, 7, 8, 9, 10, 11, 12, 13, 14, 15, 16, 17, 18, 19, 20, 21, 22, 23, 24, 25, 26, 27, 28, 29, 30]","[16, 32, 64, 128]","[5, 10, 15, 20]","[2, 3, 5, 7]","[2, 4, 8]",evolution,minimize,local
cuvz9eyt,249,1162,1778681326163,,/home/meliani/nni-experiments/cuvz9eyt,131,exp_evolution_1200s_local_only_local_only,hpo,/home/meliani/Desktop/phd/fast-track/search_space.json,python3 trial.py --data ./local_only.csv,/home/meliani/Desktop/phd/fast-track,1,1200s,100000000,False,False,info,/home/meliani/nni-experiments,"['LSTM', 'GRU', 'CNN', 'RNN', 'TCN', 'Transformer', 'MLP']","[16, 32, 64, 128, 256]","[1, 2, 3, 4]","[0, 0.1, 0.2, 0.3, 0.5]","['relu', 'tanh', 'sigmoid', 'elu']","[1e-05, 0.01]","[2, 3, 4, 5, 6, 7, 8, 9, 10, 11, 12, 13, 14, 15, 16, 17, 18, 19, 20, 21, 22, 23, 24, 25, 26, 27, 28, 29, 30]","[16, 32, 64, 128]","[5, 10, 15, 20]","[2, 3, 5, 7]","[2, 4, 8]",evolution,minimize,local
cuvz9eyt,250,1169,1778681326163,,/home/meliani/nni-experiments/cuvz9eyt,132,exp_evolution_1200s_local_only_local_only,hpo,/home/meliani/Desktop/phd/fast-track/search_space.json,python3 trial.py --data ./local_only.csv,/home/meliani/Desktop/phd/fast-track,1,1200s,100000000,False,False,info,/home/meliani/nni-experiments,"['LSTM', 'GRU', 'CNN', 'RNN', 'TCN', 'Transformer', 'MLP']","[16, 32, 64, 128, 256]","[1, 2, 3, 4]","[0, 0.1, 0.2, 0.3, 0.5]","['relu', 'tanh', 'sigmoid', 'elu']","[1e-05, 0.01]","[2, 3, 4, 5, 6, 7, 8, 9, 10, 11, 12, 13, 14, 15, 16, 17, 18, 19, 20, 21, 22, 23, 24, 25, 26, 27, 28, 29, 30]","[16, 32, 64, 128]","[5, 10, 15, 20]","[2, 3, 5, 7]","[2, 4, 8]",evolution,minimize,local
cuvz9eyt,251,1170,1778681326163,,/home/meliani/nni-experiments/cuvz9eyt,132,exp_evolution_1200s_local_only_local_only,hpo,/home/meliani/Desktop/phd/fast-track/search_space.json,python3 trial.py --data ./local_only.csv,/home/meliani/Desktop/phd/fast-track,1,1200s,100000000,False,False,info,/home/meliani/nni-experiments,"['LSTM', 'GRU', 'CNN', 'RNN', 'TCN', 'Transformer', 'MLP']","[16, 32, 64, 128, 256]","[1, 2, 3, 4]","[0, 0.1, 0.2, 0.3, 0.5]","['relu', 'tanh', 'sigmoid', 'elu']","[1e-05, 0.01]","[2, 3, 4, 5, 6, 7, 8, 9, 10, 11, 12, 13, 14, 15, 16, 17, 18, 19, 20, 21, 22, 23, 24, 25, 26, 27, 28, 29, 30]","[16, 32, 64, 128]","[5, 10, 15, 20]","[2, 3, 5, 7]","[2, 4, 8]",evolution,minimize,local
cuvz9eyt,252,1175,1778681326163,,/home/meliani/nni-experiments/cuvz9eyt,133,exp_evolution_1200s_local_only_local_only,hpo,/home/meliani/Desktop/phd/fast-track/search_space.json,python3 trial.py --data ./local_only.csv,/home/meliani/Desktop/phd/fast-track,1,1200s,100000000,False,False,info,/home/meliani/nni-experiments,"['LSTM', 'GRU', 'CNN', 'RNN', 'TCN', 'Transformer', 'MLP']","[16, 32, 64, 128, 256]","[1, 2, 3, 4]","[0, 0.1, 0.2, 0.3, 0.5]","['relu', 'tanh', 'sigmoid', 'elu']","[1e-05, 0.01]","[2, 3, 4, 5, 6, 7, 8, 9, 10, 11, 12, 13, 14, 15, 16, 17, 18, 19, 20, 21, 22, 23, 24, 25, 26, 27, 28, 29, 30]","[16, 32, 64, 128]","[5, 10, 15, 20]","[2, 3, 5, 7]","[2, 4, 8]",evolution,minimize,local
cuvz9eyt,253,1180,1778681326163,,/home/meliani/nni-experiments/cuvz9eyt,133,exp_evolution_1200s_local_only_local_only,hpo,/home/meliani/Desktop/phd/fast-track/search_space.json,python3 trial.py --data ./local_only.csv,/home/meliani/Desktop/phd/fast-track,1,1200s,100000000,False,False,info,/home/meliani/nni-experiments,"['LSTM', 'GRU', 'CNN', 'RNN', 'TCN', 'Transformer', 'MLP']","[16, 32, 64, 128, 256]","[1, 2, 3, 4]","[0, 0.1, 0.2, 0.3, 0.5]","['relu', 'tanh', 'sigmoid', 'elu']","[1e-05, 0.01]","[2, 3, 4, 5, 6, 7, 8, 9, 10, 11, 12, 13, 14, 15, 16, 17, 18, 19, 20, 21, 22, 23, 24, 25, 26, 27, 28, 29, 30]","[16, 32, 64, 128]","[5, 10, 15, 20]","[2, 3, 5, 7]","[2, 4, 8]",evolution,minimize,local
cuvz9eyt,254,1190,1778681326163,,/home/meliani/nni-experiments/cuvz9eyt,133,exp_evolution_1200s_local_only_local_only,hpo,/home/meliani/Desktop/phd/fast-track/search_space.json,python3 trial.py --data ./local_only.csv,/home/meliani/Desktop/phd/fast-track,1,1200s,100000000,False,False,info,/home/meliani/nni-experiments,"['LSTM', 'GRU', 'CNN', 'RNN', 'TCN', 'Transformer', 'MLP']","[16, 32, 64, 128, 256]","[1, 2, 3, 4]","[0, 0.1, 0.2, 0.3, 0.5]","['relu', 'tanh', 'sigmoid', 'elu']","[1e-05, 0.01]","[2, 3, 4, 5, 6, 7, 8, 9, 10, 11, 12, 13, 14, 15, 16, 17, 18, 19, 20, 21, 22, 23, 24, 25, 26, 27, 28, 29, 30]","[16, 32, 64, 128]","[5, 10, 15, 20]","[2, 3, 5, 7]","[2, 4, 8]",evolution,minimize,local
cuvz9eyt,255,1193,1778681326163,,/home/meliani/nni-experiments/cuvz9eyt,134,exp_evolution_1200s_local_only_local_only,hpo,/home/meliani/Desktop/phd/fast-track/search_space.json,python3 trial.py --data ./local_only.csv,/home/meliani/Desktop/phd/fast-track,1,1200s,100000000,False,False,info,/home/meliani/nni-experiments,"['LSTM', 'GRU', 'CNN', 'RNN', 'TCN', 'Transformer', 'MLP']","[16, 32, 64, 128, 256]","[1, 2, 3, 4]","[0, 0.1, 0.2, 0.3, 0.5]","['relu', 'tanh', 'sigmoid', 'elu']","[1e-05, 0.01]","[2, 3, 4, 5, 6, 7, 8, 9, 10, 11, 12, 13, 14, 15, 16, 17, 18, 19, 20, 21, 22, 23, 24, 25, 26, 27, 28, 29, 30]","[16, 32, 64, 128]","[5, 10, 15, 20]","[2, 3, 5, 7]","[2, 4, 8]",evolution,minimize,local
cuvz9eyt,256,1200,1778681326163,,/home/meliani/nni-experiments/cuvz9eyt,134,exp_evolution_1200s_local_only_local_only,hpo,/home/meliani/Desktop/phd/fast-track/search_space.json,python3 trial.py --data ./local_only.csv,/home/meliani/Desktop/phd/fast-track,1,1200s,100000000,False,False,info,/home/meliani/nni-experiments,"['LSTM', 'GRU', 'CNN', 'RNN', 'TCN', 'Transformer', 'MLP']","[16, 32, 64, 128, 256]","[1, 2, 3, 4]","[0, 0.1, 0.2, 0.3, 0.5]","['relu', 'tanh', 'sigmoid', 'elu']","[1e-05, 0.01]","[2, 3, 4, 5, 6, 7, 8, 9, 10, 11, 12, 13, 14, 15, 16, 17, 18, 19, 20, 21, 22, 23, 24, 25, 26, 27, 28, 29, 30]","[16, 32, 64, 128]","[5, 10, 15, 20]","[2, 3, 5, 7]","[2, 4, 8]",evolution,minimize,local
cuvz9eyt,257,1200,1778681326163,,/home/meliani/nni-experiments/cuvz9eyt,135,exp_evolution_1200s_local_only_local_only,hpo,/home/meliani/Desktop/phd/fast-track/search_space.json,python3 trial.py --data ./local_only.csv,/home/meliani/Desktop/phd/fast-track,1,1200s,100000000,False,False,info,/home/meliani/nni-experiments,"['LSTM', 'GRU', 'CNN', 'RNN', 'TCN', 'Transformer', 'MLP']","[16, 32, 64, 128, 256]","[1, 2, 3, 4]","[0, 0.1, 0.2, 0.3, 0.5]","['relu', 'tanh', 'sigmoid', 'elu']","[1e-05, 0.01]","[2, 3, 4, 5, 6, 7, 8, 9, 10, 11, 12, 13, 14, 15, 16, 17, 18, 19, 20, 21, 22, 23, 24, 25, 26, 27, 28, 29, 30]","[16, 32, 64, 128]","[5, 10, 15, 20]","[2, 3, 5, 7]","[2, 4, 8]",evolution,minimize,local
cuvz9eyt,258,1206,1778681326163,1778682534865,/home/meliani/nni-experiments/cuvz9eyt,135,exp_evolution_1200s_local_only_local_only,hpo,/home/meliani/Desktop/phd/fast-track/search_space.json,python3 trial.py --data ./local_only.csv,/home/meliani/Desktop/phd/fast-track,1,1200s,100000000,False,False,info,/home/meliani/nni-experiments,"['LSTM', 'GRU', 'CNN', 'RNN', 'TCN', 'Transformer', 'MLP']","[16, 32, 64, 128, 256]","[1, 2, 3, 4]","[0, 0.1, 0.2, 0.3, 0.5]","['relu', 'tanh', 'sigmoid', 'elu']","[1e-05, 0.01]","[2, 3, 4, 5, 6, 7, 8, 9, 10, 11, 12, 13, 14, 15, 16, 17, 18, 19, 20, 21, 22, 23, 24, 25, 26, 27, 28, 29, 30]","[16, 32, 64, 128]","[5, 10, 15, 20]","[2, 3, 5, 7]","[2, 4, 8]",evolution,minimize,local
cuvz9eyt,259,1206,1778681326163,1778682534865,/home/meliani/nni-experiments/cuvz9eyt,135,exp_evolution_1200s_local_only_local_only,hpo,/home/meliani/Desktop/phd/fast-track/search_space.json,python3 trial.py --data ./local_only.csv,/home/meliani/Desktop/phd/fast-track,1,1200s,100000000,False,False,info,/home/meliani/nni-experiments,"['LSTM', 'GRU', 'CNN', 'RNN', 'TCN', 'Transformer', 'MLP']","[16, 32, 64, 128, 256]","[1, 2, 3, 4]","[0, 0.1, 0.2, 0.3, 0.5]","['relu', 'tanh', 'sigmoid', 'elu']","[1e-05, 0.01]","[2, 3, 4, 5, 6, 7, 8, 9, 10, 11, 12, 13, 14, 15, 16, 17, 18, 19, 20, 21, 22, 23, 24, 25, 26, 27, 28, 29, 30]","[16, 32, 64, 128]","[5, 10, 15, 20]","[2, 3, 5, 7]","[2, 4, 8]",evolution,minimize,local
