experiment_id,trial_id,status,start_time,end_time,working_directory,exit_code,experiment_name,experiment_type,search_space_file,trial_command,trial_code_directory,trial_concurrency,max_duration,max_trials,use_annotation,debug_mode,log_level,exp_working_dir,model_types,unit_values,layer_counts,dropout_rates,activations,learning_rate_range,window_sizes,batch_sizes,epoch_options,kernel_sizes,attention_heads,tuner_name,optimize_mode,training_platform
ge72s3y5,1,0,1779272934444,,/home/meliani/nni-experiments/ge72s3y5,0,exp_random_100_ali_only_ali_only,hpo,/home/meliani/Desktop/phd/fast-track/search_space.json,python3 trial.py --data ./ali_only.csv,/home/meliani/Desktop/phd/fast-track,1,360000s,100,False,False,info,/home/meliani/nni-experiments,"['LSTM', 'GRU', 'CNN', 'RNN', 'TCN', 'Transformer', 'MLP']","[16, 32, 64, 128, 256]","[1, 2, 3, 4]","[0, 0.1, 0.2, 0.3, 0.5]","['relu', 'tanh', 'sigmoid', 'elu']","[1e-05, 0.01]","[2, 3, 4, 5, 6, 7, 8, 9, 10, 11, 12, 13, 14, 15, 16, 17, 18, 19, 20, 21, 22, 23, 24, 25, 26, 27, 28, 29, 30]","[16, 32, 64, 128]","[5, 10, 15, 20]","[2, 3, 5, 7]","[2, 4, 8]",random,minimize,local
ge72s3y5,2,0,1779272934444,,/home/meliani/nni-experiments/ge72s3y5,0,exp_random_100_ali_only_ali_only,hpo,/home/meliani/Desktop/phd/fast-track/search_space.json,python3 trial.py --data ./ali_only.csv,/home/meliani/Desktop/phd/fast-track,1,360000s,100,False,False,info,/home/meliani/nni-experiments,"['LSTM', 'GRU', 'CNN', 'RNN', 'TCN', 'Transformer', 'MLP']","[16, 32, 64, 128, 256]","[1, 2, 3, 4]","[0, 0.1, 0.2, 0.3, 0.5]","['relu', 'tanh', 'sigmoid', 'elu']","[1e-05, 0.01]","[2, 3, 4, 5, 6, 7, 8, 9, 10, 11, 12, 13, 14, 15, 16, 17, 18, 19, 20, 21, 22, 23, 24, 25, 26, 27, 28, 29, 30]","[16, 32, 64, 128]","[5, 10, 15, 20]","[2, 3, 5, 7]","[2, 4, 8]",random,minimize,local
ge72s3y5,3,0,1779272934444,,/home/meliani/nni-experiments/ge72s3y5,1,exp_random_100_ali_only_ali_only,hpo,/home/meliani/Desktop/phd/fast-track/search_space.json,python3 trial.py --data ./ali_only.csv,/home/meliani/Desktop/phd/fast-track,1,360000s,100,False,False,info,/home/meliani/nni-experiments,"['LSTM', 'GRU', 'CNN', 'RNN', 'TCN', 'Transformer', 'MLP']","[16, 32, 64, 128, 256]","[1, 2, 3, 4]","[0, 0.1, 0.2, 0.3, 0.5]","['relu', 'tanh', 'sigmoid', 'elu']","[1e-05, 0.01]","[2, 3, 4, 5, 6, 7, 8, 9, 10, 11, 12, 13, 14, 15, 16, 17, 18, 19, 20, 21, 22, 23, 24, 25, 26, 27, 28, 29, 30]","[16, 32, 64, 128]","[5, 10, 15, 20]","[2, 3, 5, 7]","[2, 4, 8]",random,minimize,local
ge72s3y5,4,10,1779272934444,,/home/meliani/nni-experiments/ge72s3y5,1,exp_random_100_ali_only_ali_only,hpo,/home/meliani/Desktop/phd/fast-track/search_space.json,python3 trial.py --data ./ali_only.csv,/home/meliani/Desktop/phd/fast-track,1,360000s,100,False,False,info,/home/meliani/nni-experiments,"['LSTM', 'GRU', 'CNN', 'RNN', 'TCN', 'Transformer', 'MLP']","[16, 32, 64, 128, 256]","[1, 2, 3, 4]","[0, 0.1, 0.2, 0.3, 0.5]","['relu', 'tanh', 'sigmoid', 'elu']","[1e-05, 0.01]","[2, 3, 4, 5, 6, 7, 8, 9, 10, 11, 12, 13, 14, 15, 16, 17, 18, 19, 20, 21, 22, 23, 24, 25, 26, 27, 28, 29, 30]","[16, 32, 64, 128]","[5, 10, 15, 20]","[2, 3, 5, 7]","[2, 4, 8]",random,minimize,local
ge72s3y5,5,20,1779272934444,,/home/meliani/nni-experiments/ge72s3y5,1,exp_random_100_ali_only_ali_only,hpo,/home/meliani/Desktop/phd/fast-track/search_space.json,python3 trial.py --data ./ali_only.csv,/home/meliani/Desktop/phd/fast-track,1,360000s,100,False,False,info,/home/meliani/nni-experiments,"['LSTM', 'GRU', 'CNN', 'RNN', 'TCN', 'Transformer', 'MLP']","[16, 32, 64, 128, 256]","[1, 2, 3, 4]","[0, 0.1, 0.2, 0.3, 0.5]","['relu', 'tanh', 'sigmoid', 'elu']","[1e-05, 0.01]","[2, 3, 4, 5, 6, 7, 8, 9, 10, 11, 12, 13, 14, 15, 16, 17, 18, 19, 20, 21, 22, 23, 24, 25, 26, 27, 28, 29, 30]","[16, 32, 64, 128]","[5, 10, 15, 20]","[2, 3, 5, 7]","[2, 4, 8]",random,minimize,local
ge72s3y5,6,30,1779272934444,,/home/meliani/nni-experiments/ge72s3y5,1,exp_random_100_ali_only_ali_only,hpo,/home/meliani/Desktop/phd/fast-track/search_space.json,python3 trial.py --data ./ali_only.csv,/home/meliani/Desktop/phd/fast-track,1,360000s,100,False,False,info,/home/meliani/nni-experiments,"['LSTM', 'GRU', 'CNN', 'RNN', 'TCN', 'Transformer', 'MLP']","[16, 32, 64, 128, 256]","[1, 2, 3, 4]","[0, 0.1, 0.2, 0.3, 0.5]","['relu', 'tanh', 'sigmoid', 'elu']","[1e-05, 0.01]","[2, 3, 4, 5, 6, 7, 8, 9, 10, 11, 12, 13, 14, 15, 16, 17, 18, 19, 20, 21, 22, 23, 24, 25, 26, 27, 28, 29, 30]","[16, 32, 64, 128]","[5, 10, 15, 20]","[2, 3, 5, 7]","[2, 4, 8]",random,minimize,local
ge72s3y5,7,40,1779272934444,,/home/meliani/nni-experiments/ge72s3y5,1,exp_random_100_ali_only_ali_only,hpo,/home/meliani/Desktop/phd/fast-track/search_space.json,python3 trial.py --data ./ali_only.csv,/home/meliani/Desktop/phd/fast-track,1,360000s,100,False,False,info,/home/meliani/nni-experiments,"['LSTM', 'GRU', 'CNN', 'RNN', 'TCN', 'Transformer', 'MLP']","[16, 32, 64, 128, 256]","[1, 2, 3, 4]","[0, 0.1, 0.2, 0.3, 0.5]","['relu', 'tanh', 'sigmoid', 'elu']","[1e-05, 0.01]","[2, 3, 4, 5, 6, 7, 8, 9, 10, 11, 12, 13, 14, 15, 16, 17, 18, 19, 20, 21, 22, 23, 24, 25, 26, 27, 28, 29, 30]","[16, 32, 64, 128]","[5, 10, 15, 20]","[2, 3, 5, 7]","[2, 4, 8]",random,minimize,local
ge72s3y5,8,50,1779272934444,,/home/meliani/nni-experiments/ge72s3y5,1,exp_random_100_ali_only_ali_only,hpo,/home/meliani/Desktop/phd/fast-track/search_space.json,python3 trial.py --data ./ali_only.csv,/home/meliani/Desktop/phd/fast-track,1,360000s,100,False,False,info,/home/meliani/nni-experiments,"['LSTM', 'GRU', 'CNN', 'RNN', 'TCN', 'Transformer', 'MLP']","[16, 32, 64, 128, 256]","[1, 2, 3, 4]","[0, 0.1, 0.2, 0.3, 0.5]","['relu', 'tanh', 'sigmoid', 'elu']","[1e-05, 0.01]","[2, 3, 4, 5, 6, 7, 8, 9, 10, 11, 12, 13, 14, 15, 16, 17, 18, 19, 20, 21, 22, 23, 24, 25, 26, 27, 28, 29, 30]","[16, 32, 64, 128]","[5, 10, 15, 20]","[2, 3, 5, 7]","[2, 4, 8]",random,minimize,local
ge72s3y5,9,60,1779272934444,,/home/meliani/nni-experiments/ge72s3y5,1,exp_random_100_ali_only_ali_only,hpo,/home/meliani/Desktop/phd/fast-track/search_space.json,python3 trial.py --data ./ali_only.csv,/home/meliani/Desktop/phd/fast-track,1,360000s,100,False,False,info,/home/meliani/nni-experiments,"['LSTM', 'GRU', 'CNN', 'RNN', 'TCN', 'Transformer', 'MLP']","[16, 32, 64, 128, 256]","[1, 2, 3, 4]","[0, 0.1, 0.2, 0.3, 0.5]","['relu', 'tanh', 'sigmoid', 'elu']","[1e-05, 0.01]","[2, 3, 4, 5, 6, 7, 8, 9, 10, 11, 12, 13, 14, 15, 16, 17, 18, 19, 20, 21, 22, 23, 24, 25, 26, 27, 28, 29, 30]","[16, 32, 64, 128]","[5, 10, 15, 20]","[2, 3, 5, 7]","[2, 4, 8]",random,minimize,local
ge72s3y5,10,70,1779272934444,,/home/meliani/nni-experiments/ge72s3y5,1,exp_random_100_ali_only_ali_only,hpo,/home/meliani/Desktop/phd/fast-track/search_space.json,python3 trial.py --data ./ali_only.csv,/home/meliani/Desktop/phd/fast-track,1,360000s,100,False,False,info,/home/meliani/nni-experiments,"['LSTM', 'GRU', 'CNN', 'RNN', 'TCN', 'Transformer', 'MLP']","[16, 32, 64, 128, 256]","[1, 2, 3, 4]","[0, 0.1, 0.2, 0.3, 0.5]","['relu', 'tanh', 'sigmoid', 'elu']","[1e-05, 0.01]","[2, 3, 4, 5, 6, 7, 8, 9, 10, 11, 12, 13, 14, 15, 16, 17, 18, 19, 20, 21, 22, 23, 24, 25, 26, 27, 28, 29, 30]","[16, 32, 64, 128]","[5, 10, 15, 20]","[2, 3, 5, 7]","[2, 4, 8]",random,minimize,local
ge72s3y5,11,80,1779272934444,,/home/meliani/nni-experiments/ge72s3y5,1,exp_random_100_ali_only_ali_only,hpo,/home/meliani/Desktop/phd/fast-track/search_space.json,python3 trial.py --data ./ali_only.csv,/home/meliani/Desktop/phd/fast-track,1,360000s,100,False,False,info,/home/meliani/nni-experiments,"['LSTM', 'GRU', 'CNN', 'RNN', 'TCN', 'Transformer', 'MLP']","[16, 32, 64, 128, 256]","[1, 2, 3, 4]","[0, 0.1, 0.2, 0.3, 0.5]","['relu', 'tanh', 'sigmoid', 'elu']","[1e-05, 0.01]","[2, 3, 4, 5, 6, 7, 8, 9, 10, 11, 12, 13, 14, 15, 16, 17, 18, 19, 20, 21, 22, 23, 24, 25, 26, 27, 28, 29, 30]","[16, 32, 64, 128]","[5, 10, 15, 20]","[2, 3, 5, 7]","[2, 4, 8]",random,minimize,local
ge72s3y5,12,90,1779272934444,,/home/meliani/nni-experiments/ge72s3y5,1,exp_random_100_ali_only_ali_only,hpo,/home/meliani/Desktop/phd/fast-track/search_space.json,python3 trial.py --data ./ali_only.csv,/home/meliani/Desktop/phd/fast-track,1,360000s,100,False,False,info,/home/meliani/nni-experiments,"['LSTM', 'GRU', 'CNN', 'RNN', 'TCN', 'Transformer', 'MLP']","[16, 32, 64, 128, 256]","[1, 2, 3, 4]","[0, 0.1, 0.2, 0.3, 0.5]","['relu', 'tanh', 'sigmoid', 'elu']","[1e-05, 0.01]","[2, 3, 4, 5, 6, 7, 8, 9, 10, 11, 12, 13, 14, 15, 16, 17, 18, 19, 20, 21, 22, 23, 24, 25, 26, 27, 28, 29, 30]","[16, 32, 64, 128]","[5, 10, 15, 20]","[2, 3, 5, 7]","[2, 4, 8]",random,minimize,local
ge72s3y5,13,100,1779272934444,,/home/meliani/nni-experiments/ge72s3y5,1,exp_random_100_ali_only_ali_only,hpo,/home/meliani/Desktop/phd/fast-track/search_space.json,python3 trial.py --data ./ali_only.csv,/home/meliani/Desktop/phd/fast-track,1,360000s,100,False,False,info,/home/meliani/nni-experiments,"['LSTM', 'GRU', 'CNN', 'RNN', 'TCN', 'Transformer', 'MLP']","[16, 32, 64, 128, 256]","[1, 2, 3, 4]","[0, 0.1, 0.2, 0.3, 0.5]","['relu', 'tanh', 'sigmoid', 'elu']","[1e-05, 0.01]","[2, 3, 4, 5, 6, 7, 8, 9, 10, 11, 12, 13, 14, 15, 16, 17, 18, 19, 20, 21, 22, 23, 24, 25, 26, 27, 28, 29, 30]","[16, 32, 64, 128]","[5, 10, 15, 20]","[2, 3, 5, 7]","[2, 4, 8]",random,minimize,local
ge72s3y5,14,110,1779272934444,,/home/meliani/nni-experiments/ge72s3y5,1,exp_random_100_ali_only_ali_only,hpo,/home/meliani/Desktop/phd/fast-track/search_space.json,python3 trial.py --data ./ali_only.csv,/home/meliani/Desktop/phd/fast-track,1,360000s,100,False,False,info,/home/meliani/nni-experiments,"['LSTM', 'GRU', 'CNN', 'RNN', 'TCN', 'Transformer', 'MLP']","[16, 32, 64, 128, 256]","[1, 2, 3, 4]","[0, 0.1, 0.2, 0.3, 0.5]","['relu', 'tanh', 'sigmoid', 'elu']","[1e-05, 0.01]","[2, 3, 4, 5, 6, 7, 8, 9, 10, 11, 12, 13, 14, 15, 16, 17, 18, 19, 20, 21, 22, 23, 24, 25, 26, 27, 28, 29, 30]","[16, 32, 64, 128]","[5, 10, 15, 20]","[2, 3, 5, 7]","[2, 4, 8]",random,minimize,local
ge72s3y5,15,120,1779272934444,,/home/meliani/nni-experiments/ge72s3y5,1,exp_random_100_ali_only_ali_only,hpo,/home/meliani/Desktop/phd/fast-track/search_space.json,python3 trial.py --data ./ali_only.csv,/home/meliani/Desktop/phd/fast-track,1,360000s,100,False,False,info,/home/meliani/nni-experiments,"['LSTM', 'GRU', 'CNN', 'RNN', 'TCN', 'Transformer', 'MLP']","[16, 32, 64, 128, 256]","[1, 2, 3, 4]","[0, 0.1, 0.2, 0.3, 0.5]","['relu', 'tanh', 'sigmoid', 'elu']","[1e-05, 0.01]","[2, 3, 4, 5, 6, 7, 8, 9, 10, 11, 12, 13, 14, 15, 16, 17, 18, 19, 20, 21, 22, 23, 24, 25, 26, 27, 28, 29, 30]","[16, 32, 64, 128]","[5, 10, 15, 20]","[2, 3, 5, 7]","[2, 4, 8]",random,minimize,local
ge72s3y5,16,130,1779272934444,,/home/meliani/nni-experiments/ge72s3y5,1,exp_random_100_ali_only_ali_only,hpo,/home/meliani/Desktop/phd/fast-track/search_space.json,python3 trial.py --data ./ali_only.csv,/home/meliani/Desktop/phd/fast-track,1,360000s,100,False,False,info,/home/meliani/nni-experiments,"['LSTM', 'GRU', 'CNN', 'RNN', 'TCN', 'Transformer', 'MLP']","[16, 32, 64, 128, 256]","[1, 2, 3, 4]","[0, 0.1, 0.2, 0.3, 0.5]","['relu', 'tanh', 'sigmoid', 'elu']","[1e-05, 0.01]","[2, 3, 4, 5, 6, 7, 8, 9, 10, 11, 12, 13, 14, 15, 16, 17, 18, 19, 20, 21, 22, 23, 24, 25, 26, 27, 28, 29, 30]","[16, 32, 64, 128]","[5, 10, 15, 20]","[2, 3, 5, 7]","[2, 4, 8]",random,minimize,local
ge72s3y5,17,139,1779272934444,,/home/meliani/nni-experiments/ge72s3y5,2,exp_random_100_ali_only_ali_only,hpo,/home/meliani/Desktop/phd/fast-track/search_space.json,python3 trial.py --data ./ali_only.csv,/home/meliani/Desktop/phd/fast-track,1,360000s,100,False,False,info,/home/meliani/nni-experiments,"['LSTM', 'GRU', 'CNN', 'RNN', 'TCN', 'Transformer', 'MLP']","[16, 32, 64, 128, 256]","[1, 2, 3, 4]","[0, 0.1, 0.2, 0.3, 0.5]","['relu', 'tanh', 'sigmoid', 'elu']","[1e-05, 0.01]","[2, 3, 4, 5, 6, 7, 8, 9, 10, 11, 12, 13, 14, 15, 16, 17, 18, 19, 20, 21, 22, 23, 24, 25, 26, 27, 28, 29, 30]","[16, 32, 64, 128]","[5, 10, 15, 20]","[2, 3, 5, 7]","[2, 4, 8]",random,minimize,local
ge72s3y5,18,140,1779272934444,,/home/meliani/nni-experiments/ge72s3y5,2,exp_random_100_ali_only_ali_only,hpo,/home/meliani/Desktop/phd/fast-track/search_space.json,python3 trial.py --data ./ali_only.csv,/home/meliani/Desktop/phd/fast-track,1,360000s,100,False,False,info,/home/meliani/nni-experiments,"['LSTM', 'GRU', 'CNN', 'RNN', 'TCN', 'Transformer', 'MLP']","[16, 32, 64, 128, 256]","[1, 2, 3, 4]","[0, 0.1, 0.2, 0.3, 0.5]","['relu', 'tanh', 'sigmoid', 'elu']","[1e-05, 0.01]","[2, 3, 4, 5, 6, 7, 8, 9, 10, 11, 12, 13, 14, 15, 16, 17, 18, 19, 20, 21, 22, 23, 24, 25, 26, 27, 28, 29, 30]","[16, 32, 64, 128]","[5, 10, 15, 20]","[2, 3, 5, 7]","[2, 4, 8]",random,minimize,local
ge72s3y5,19,150,1779272934444,,/home/meliani/nni-experiments/ge72s3y5,2,exp_random_100_ali_only_ali_only,hpo,/home/meliani/Desktop/phd/fast-track/search_space.json,python3 trial.py --data ./ali_only.csv,/home/meliani/Desktop/phd/fast-track,1,360000s,100,False,False,info,/home/meliani/nni-experiments,"['LSTM', 'GRU', 'CNN', 'RNN', 'TCN', 'Transformer', 'MLP']","[16, 32, 64, 128, 256]","[1, 2, 3, 4]","[0, 0.1, 0.2, 0.3, 0.5]","['relu', 'tanh', 'sigmoid', 'elu']","[1e-05, 0.01]","[2, 3, 4, 5, 6, 7, 8, 9, 10, 11, 12, 13, 14, 15, 16, 17, 18, 19, 20, 21, 22, 23, 24, 25, 26, 27, 28, 29, 30]","[16, 32, 64, 128]","[5, 10, 15, 20]","[2, 3, 5, 7]","[2, 4, 8]",random,minimize,local
ge72s3y5,20,160,1779272934444,,/home/meliani/nni-experiments/ge72s3y5,2,exp_random_100_ali_only_ali_only,hpo,/home/meliani/Desktop/phd/fast-track/search_space.json,python3 trial.py --data ./ali_only.csv,/home/meliani/Desktop/phd/fast-track,1,360000s,100,False,False,info,/home/meliani/nni-experiments,"['LSTM', 'GRU', 'CNN', 'RNN', 'TCN', 'Transformer', 'MLP']","[16, 32, 64, 128, 256]","[1, 2, 3, 4]","[0, 0.1, 0.2, 0.3, 0.5]","['relu', 'tanh', 'sigmoid', 'elu']","[1e-05, 0.01]","[2, 3, 4, 5, 6, 7, 8, 9, 10, 11, 12, 13, 14, 15, 16, 17, 18, 19, 20, 21, 22, 23, 24, 25, 26, 27, 28, 29, 30]","[16, 32, 64, 128]","[5, 10, 15, 20]","[2, 3, 5, 7]","[2, 4, 8]",random,minimize,local
ge72s3y5,21,170,1779272934444,,/home/meliani/nni-experiments/ge72s3y5,2,exp_random_100_ali_only_ali_only,hpo,/home/meliani/Desktop/phd/fast-track/search_space.json,python3 trial.py --data ./ali_only.csv,/home/meliani/Desktop/phd/fast-track,1,360000s,100,False,False,info,/home/meliani/nni-experiments,"['LSTM', 'GRU', 'CNN', 'RNN', 'TCN', 'Transformer', 'MLP']","[16, 32, 64, 128, 256]","[1, 2, 3, 4]","[0, 0.1, 0.2, 0.3, 0.5]","['relu', 'tanh', 'sigmoid', 'elu']","[1e-05, 0.01]","[2, 3, 4, 5, 6, 7, 8, 9, 10, 11, 12, 13, 14, 15, 16, 17, 18, 19, 20, 21, 22, 23, 24, 25, 26, 27, 28, 29, 30]","[16, 32, 64, 128]","[5, 10, 15, 20]","[2, 3, 5, 7]","[2, 4, 8]",random,minimize,local
ge72s3y5,22,178,1779272934444,,/home/meliani/nni-experiments/ge72s3y5,3,exp_random_100_ali_only_ali_only,hpo,/home/meliani/Desktop/phd/fast-track/search_space.json,python3 trial.py --data ./ali_only.csv,/home/meliani/Desktop/phd/fast-track,1,360000s,100,False,False,info,/home/meliani/nni-experiments,"['LSTM', 'GRU', 'CNN', 'RNN', 'TCN', 'Transformer', 'MLP']","[16, 32, 64, 128, 256]","[1, 2, 3, 4]","[0, 0.1, 0.2, 0.3, 0.5]","['relu', 'tanh', 'sigmoid', 'elu']","[1e-05, 0.01]","[2, 3, 4, 5, 6, 7, 8, 9, 10, 11, 12, 13, 14, 15, 16, 17, 18, 19, 20, 21, 22, 23, 24, 25, 26, 27, 28, 29, 30]","[16, 32, 64, 128]","[5, 10, 15, 20]","[2, 3, 5, 7]","[2, 4, 8]",random,minimize,local
ge72s3y5,23,180,1779272934444,,/home/meliani/nni-experiments/ge72s3y5,3,exp_random_100_ali_only_ali_only,hpo,/home/meliani/Desktop/phd/fast-track/search_space.json,python3 trial.py --data ./ali_only.csv,/home/meliani/Desktop/phd/fast-track,1,360000s,100,False,False,info,/home/meliani/nni-experiments,"['LSTM', 'GRU', 'CNN', 'RNN', 'TCN', 'Transformer', 'MLP']","[16, 32, 64, 128, 256]","[1, 2, 3, 4]","[0, 0.1, 0.2, 0.3, 0.5]","['relu', 'tanh', 'sigmoid', 'elu']","[1e-05, 0.01]","[2, 3, 4, 5, 6, 7, 8, 9, 10, 11, 12, 13, 14, 15, 16, 17, 18, 19, 20, 21, 22, 23, 24, 25, 26, 27, 28, 29, 30]","[16, 32, 64, 128]","[5, 10, 15, 20]","[2, 3, 5, 7]","[2, 4, 8]",random,minimize,local
ge72s3y5,24,185,1779272934444,,/home/meliani/nni-experiments/ge72s3y5,4,exp_random_100_ali_only_ali_only,hpo,/home/meliani/Desktop/phd/fast-track/search_space.json,python3 trial.py --data ./ali_only.csv,/home/meliani/Desktop/phd/fast-track,1,360000s,100,False,False,info,/home/meliani/nni-experiments,"['LSTM', 'GRU', 'CNN', 'RNN', 'TCN', 'Transformer', 'MLP']","[16, 32, 64, 128, 256]","[1, 2, 3, 4]","[0, 0.1, 0.2, 0.3, 0.5]","['relu', 'tanh', 'sigmoid', 'elu']","[1e-05, 0.01]","[2, 3, 4, 5, 6, 7, 8, 9, 10, 11, 12, 13, 14, 15, 16, 17, 18, 19, 20, 21, 22, 23, 24, 25, 26, 27, 28, 29, 30]","[16, 32, 64, 128]","[5, 10, 15, 20]","[2, 3, 5, 7]","[2, 4, 8]",random,minimize,local
ge72s3y5,25,190,1779272934444,,/home/meliani/nni-experiments/ge72s3y5,4,exp_random_100_ali_only_ali_only,hpo,/home/meliani/Desktop/phd/fast-track/search_space.json,python3 trial.py --data ./ali_only.csv,/home/meliani/Desktop/phd/fast-track,1,360000s,100,False,False,info,/home/meliani/nni-experiments,"['LSTM', 'GRU', 'CNN', 'RNN', 'TCN', 'Transformer', 'MLP']","[16, 32, 64, 128, 256]","[1, 2, 3, 4]","[0, 0.1, 0.2, 0.3, 0.5]","['relu', 'tanh', 'sigmoid', 'elu']","[1e-05, 0.01]","[2, 3, 4, 5, 6, 7, 8, 9, 10, 11, 12, 13, 14, 15, 16, 17, 18, 19, 20, 21, 22, 23, 24, 25, 26, 27, 28, 29, 30]","[16, 32, 64, 128]","[5, 10, 15, 20]","[2, 3, 5, 7]","[2, 4, 8]",random,minimize,local
ge72s3y5,26,200,1779272934444,,/home/meliani/nni-experiments/ge72s3y5,4,exp_random_100_ali_only_ali_only,hpo,/home/meliani/Desktop/phd/fast-track/search_space.json,python3 trial.py --data ./ali_only.csv,/home/meliani/Desktop/phd/fast-track,1,360000s,100,False,False,info,/home/meliani/nni-experiments,"['LSTM', 'GRU', 'CNN', 'RNN', 'TCN', 'Transformer', 'MLP']","[16, 32, 64, 128, 256]","[1, 2, 3, 4]","[0, 0.1, 0.2, 0.3, 0.5]","['relu', 'tanh', 'sigmoid', 'elu']","[1e-05, 0.01]","[2, 3, 4, 5, 6, 7, 8, 9, 10, 11, 12, 13, 14, 15, 16, 17, 18, 19, 20, 21, 22, 23, 24, 25, 26, 27, 28, 29, 30]","[16, 32, 64, 128]","[5, 10, 15, 20]","[2, 3, 5, 7]","[2, 4, 8]",random,minimize,local
ge72s3y5,27,203,1779272934444,,/home/meliani/nni-experiments/ge72s3y5,5,exp_random_100_ali_only_ali_only,hpo,/home/meliani/Desktop/phd/fast-track/search_space.json,python3 trial.py --data ./ali_only.csv,/home/meliani/Desktop/phd/fast-track,1,360000s,100,False,False,info,/home/meliani/nni-experiments,"['LSTM', 'GRU', 'CNN', 'RNN', 'TCN', 'Transformer', 'MLP']","[16, 32, 64, 128, 256]","[1, 2, 3, 4]","[0, 0.1, 0.2, 0.3, 0.5]","['relu', 'tanh', 'sigmoid', 'elu']","[1e-05, 0.01]","[2, 3, 4, 5, 6, 7, 8, 9, 10, 11, 12, 13, 14, 15, 16, 17, 18, 19, 20, 21, 22, 23, 24, 25, 26, 27, 28, 29, 30]","[16, 32, 64, 128]","[5, 10, 15, 20]","[2, 3, 5, 7]","[2, 4, 8]",random,minimize,local
ge72s3y5,28,210,1779272934444,,/home/meliani/nni-experiments/ge72s3y5,5,exp_random_100_ali_only_ali_only,hpo,/home/meliani/Desktop/phd/fast-track/search_space.json,python3 trial.py --data ./ali_only.csv,/home/meliani/Desktop/phd/fast-track,1,360000s,100,False,False,info,/home/meliani/nni-experiments,"['LSTM', 'GRU', 'CNN', 'RNN', 'TCN', 'Transformer', 'MLP']","[16, 32, 64, 128, 256]","[1, 2, 3, 4]","[0, 0.1, 0.2, 0.3, 0.5]","['relu', 'tanh', 'sigmoid', 'elu']","[1e-05, 0.01]","[2, 3, 4, 5, 6, 7, 8, 9, 10, 11, 12, 13, 14, 15, 16, 17, 18, 19, 20, 21, 22, 23, 24, 25, 26, 27, 28, 29, 30]","[16, 32, 64, 128]","[5, 10, 15, 20]","[2, 3, 5, 7]","[2, 4, 8]",random,minimize,local
ge72s3y5,29,220,1779272934444,,/home/meliani/nni-experiments/ge72s3y5,5,exp_random_100_ali_only_ali_only,hpo,/home/meliani/Desktop/phd/fast-track/search_space.json,python3 trial.py --data ./ali_only.csv,/home/meliani/Desktop/phd/fast-track,1,360000s,100,False,False,info,/home/meliani/nni-experiments,"['LSTM', 'GRU', 'CNN', 'RNN', 'TCN', 'Transformer', 'MLP']","[16, 32, 64, 128, 256]","[1, 2, 3, 4]","[0, 0.1, 0.2, 0.3, 0.5]","['relu', 'tanh', 'sigmoid', 'elu']","[1e-05, 0.01]","[2, 3, 4, 5, 6, 7, 8, 9, 10, 11, 12, 13, 14, 15, 16, 17, 18, 19, 20, 21, 22, 23, 24, 25, 26, 27, 28, 29, 30]","[16, 32, 64, 128]","[5, 10, 15, 20]","[2, 3, 5, 7]","[2, 4, 8]",random,minimize,local
ge72s3y5,30,221,1779272934444,,/home/meliani/nni-experiments/ge72s3y5,6,exp_random_100_ali_only_ali_only,hpo,/home/meliani/Desktop/phd/fast-track/search_space.json,python3 trial.py --data ./ali_only.csv,/home/meliani/Desktop/phd/fast-track,1,360000s,100,False,False,info,/home/meliani/nni-experiments,"['LSTM', 'GRU', 'CNN', 'RNN', 'TCN', 'Transformer', 'MLP']","[16, 32, 64, 128, 256]","[1, 2, 3, 4]","[0, 0.1, 0.2, 0.3, 0.5]","['relu', 'tanh', 'sigmoid', 'elu']","[1e-05, 0.01]","[2, 3, 4, 5, 6, 7, 8, 9, 10, 11, 12, 13, 14, 15, 16, 17, 18, 19, 20, 21, 22, 23, 24, 25, 26, 27, 28, 29, 30]","[16, 32, 64, 128]","[5, 10, 15, 20]","[2, 3, 5, 7]","[2, 4, 8]",random,minimize,local
ge72s3y5,31,227,1779272934444,,/home/meliani/nni-experiments/ge72s3y5,7,exp_random_100_ali_only_ali_only,hpo,/home/meliani/Desktop/phd/fast-track/search_space.json,python3 trial.py --data ./ali_only.csv,/home/meliani/Desktop/phd/fast-track,1,360000s,100,False,False,info,/home/meliani/nni-experiments,"['LSTM', 'GRU', 'CNN', 'RNN', 'TCN', 'Transformer', 'MLP']","[16, 32, 64, 128, 256]","[1, 2, 3, 4]","[0, 0.1, 0.2, 0.3, 0.5]","['relu', 'tanh', 'sigmoid', 'elu']","[1e-05, 0.01]","[2, 3, 4, 5, 6, 7, 8, 9, 10, 11, 12, 13, 14, 15, 16, 17, 18, 19, 20, 21, 22, 23, 24, 25, 26, 27, 28, 29, 30]","[16, 32, 64, 128]","[5, 10, 15, 20]","[2, 3, 5, 7]","[2, 4, 8]",random,minimize,local
ge72s3y5,32,230,1779272934444,,/home/meliani/nni-experiments/ge72s3y5,7,exp_random_100_ali_only_ali_only,hpo,/home/meliani/Desktop/phd/fast-track/search_space.json,python3 trial.py --data ./ali_only.csv,/home/meliani/Desktop/phd/fast-track,1,360000s,100,False,False,info,/home/meliani/nni-experiments,"['LSTM', 'GRU', 'CNN', 'RNN', 'TCN', 'Transformer', 'MLP']","[16, 32, 64, 128, 256]","[1, 2, 3, 4]","[0, 0.1, 0.2, 0.3, 0.5]","['relu', 'tanh', 'sigmoid', 'elu']","[1e-05, 0.01]","[2, 3, 4, 5, 6, 7, 8, 9, 10, 11, 12, 13, 14, 15, 16, 17, 18, 19, 20, 21, 22, 23, 24, 25, 26, 27, 28, 29, 30]","[16, 32, 64, 128]","[5, 10, 15, 20]","[2, 3, 5, 7]","[2, 4, 8]",random,minimize,local
ge72s3y5,33,235,1779272934444,,/home/meliani/nni-experiments/ge72s3y5,8,exp_random_100_ali_only_ali_only,hpo,/home/meliani/Desktop/phd/fast-track/search_space.json,python3 trial.py --data ./ali_only.csv,/home/meliani/Desktop/phd/fast-track,1,360000s,100,False,False,info,/home/meliani/nni-experiments,"['LSTM', 'GRU', 'CNN', 'RNN', 'TCN', 'Transformer', 'MLP']","[16, 32, 64, 128, 256]","[1, 2, 3, 4]","[0, 0.1, 0.2, 0.3, 0.5]","['relu', 'tanh', 'sigmoid', 'elu']","[1e-05, 0.01]","[2, 3, 4, 5, 6, 7, 8, 9, 10, 11, 12, 13, 14, 15, 16, 17, 18, 19, 20, 21, 22, 23, 24, 25, 26, 27, 28, 29, 30]","[16, 32, 64, 128]","[5, 10, 15, 20]","[2, 3, 5, 7]","[2, 4, 8]",random,minimize,local
ge72s3y5,34,240,1779272934444,,/home/meliani/nni-experiments/ge72s3y5,8,exp_random_100_ali_only_ali_only,hpo,/home/meliani/Desktop/phd/fast-track/search_space.json,python3 trial.py --data ./ali_only.csv,/home/meliani/Desktop/phd/fast-track,1,360000s,100,False,False,info,/home/meliani/nni-experiments,"['LSTM', 'GRU', 'CNN', 'RNN', 'TCN', 'Transformer', 'MLP']","[16, 32, 64, 128, 256]","[1, 2, 3, 4]","[0, 0.1, 0.2, 0.3, 0.5]","['relu', 'tanh', 'sigmoid', 'elu']","[1e-05, 0.01]","[2, 3, 4, 5, 6, 7, 8, 9, 10, 11, 12, 13, 14, 15, 16, 17, 18, 19, 20, 21, 22, 23, 24, 25, 26, 27, 28, 29, 30]","[16, 32, 64, 128]","[5, 10, 15, 20]","[2, 3, 5, 7]","[2, 4, 8]",random,minimize,local
ge72s3y5,35,241,1779272934444,,/home/meliani/nni-experiments/ge72s3y5,9,exp_random_100_ali_only_ali_only,hpo,/home/meliani/Desktop/phd/fast-track/search_space.json,python3 trial.py --data ./ali_only.csv,/home/meliani/Desktop/phd/fast-track,1,360000s,100,False,False,info,/home/meliani/nni-experiments,"['LSTM', 'GRU', 'CNN', 'RNN', 'TCN', 'Transformer', 'MLP']","[16, 32, 64, 128, 256]","[1, 2, 3, 4]","[0, 0.1, 0.2, 0.3, 0.5]","['relu', 'tanh', 'sigmoid', 'elu']","[1e-05, 0.01]","[2, 3, 4, 5, 6, 7, 8, 9, 10, 11, 12, 13, 14, 15, 16, 17, 18, 19, 20, 21, 22, 23, 24, 25, 26, 27, 28, 29, 30]","[16, 32, 64, 128]","[5, 10, 15, 20]","[2, 3, 5, 7]","[2, 4, 8]",random,minimize,local
ge72s3y5,36,246,1779272934444,,/home/meliani/nni-experiments/ge72s3y5,10,exp_random_100_ali_only_ali_only,hpo,/home/meliani/Desktop/phd/fast-track/search_space.json,python3 trial.py --data ./ali_only.csv,/home/meliani/Desktop/phd/fast-track,1,360000s,100,False,False,info,/home/meliani/nni-experiments,"['LSTM', 'GRU', 'CNN', 'RNN', 'TCN', 'Transformer', 'MLP']","[16, 32, 64, 128, 256]","[1, 2, 3, 4]","[0, 0.1, 0.2, 0.3, 0.5]","['relu', 'tanh', 'sigmoid', 'elu']","[1e-05, 0.01]","[2, 3, 4, 5, 6, 7, 8, 9, 10, 11, 12, 13, 14, 15, 16, 17, 18, 19, 20, 21, 22, 23, 24, 25, 26, 27, 28, 29, 30]","[16, 32, 64, 128]","[5, 10, 15, 20]","[2, 3, 5, 7]","[2, 4, 8]",random,minimize,local
ge72s3y5,37,250,1779272934444,,/home/meliani/nni-experiments/ge72s3y5,10,exp_random_100_ali_only_ali_only,hpo,/home/meliani/Desktop/phd/fast-track/search_space.json,python3 trial.py --data ./ali_only.csv,/home/meliani/Desktop/phd/fast-track,1,360000s,100,False,False,info,/home/meliani/nni-experiments,"['LSTM', 'GRU', 'CNN', 'RNN', 'TCN', 'Transformer', 'MLP']","[16, 32, 64, 128, 256]","[1, 2, 3, 4]","[0, 0.1, 0.2, 0.3, 0.5]","['relu', 'tanh', 'sigmoid', 'elu']","[1e-05, 0.01]","[2, 3, 4, 5, 6, 7, 8, 9, 10, 11, 12, 13, 14, 15, 16, 17, 18, 19, 20, 21, 22, 23, 24, 25, 26, 27, 28, 29, 30]","[16, 32, 64, 128]","[5, 10, 15, 20]","[2, 3, 5, 7]","[2, 4, 8]",random,minimize,local
ge72s3y5,38,257,1779272934444,,/home/meliani/nni-experiments/ge72s3y5,11,exp_random_100_ali_only_ali_only,hpo,/home/meliani/Desktop/phd/fast-track/search_space.json,python3 trial.py --data ./ali_only.csv,/home/meliani/Desktop/phd/fast-track,1,360000s,100,False,False,info,/home/meliani/nni-experiments,"['LSTM', 'GRU', 'CNN', 'RNN', 'TCN', 'Transformer', 'MLP']","[16, 32, 64, 128, 256]","[1, 2, 3, 4]","[0, 0.1, 0.2, 0.3, 0.5]","['relu', 'tanh', 'sigmoid', 'elu']","[1e-05, 0.01]","[2, 3, 4, 5, 6, 7, 8, 9, 10, 11, 12, 13, 14, 15, 16, 17, 18, 19, 20, 21, 22, 23, 24, 25, 26, 27, 28, 29, 30]","[16, 32, 64, 128]","[5, 10, 15, 20]","[2, 3, 5, 7]","[2, 4, 8]",random,minimize,local
ge72s3y5,39,260,1779272934444,,/home/meliani/nni-experiments/ge72s3y5,11,exp_random_100_ali_only_ali_only,hpo,/home/meliani/Desktop/phd/fast-track/search_space.json,python3 trial.py --data ./ali_only.csv,/home/meliani/Desktop/phd/fast-track,1,360000s,100,False,False,info,/home/meliani/nni-experiments,"['LSTM', 'GRU', 'CNN', 'RNN', 'TCN', 'Transformer', 'MLP']","[16, 32, 64, 128, 256]","[1, 2, 3, 4]","[0, 0.1, 0.2, 0.3, 0.5]","['relu', 'tanh', 'sigmoid', 'elu']","[1e-05, 0.01]","[2, 3, 4, 5, 6, 7, 8, 9, 10, 11, 12, 13, 14, 15, 16, 17, 18, 19, 20, 21, 22, 23, 24, 25, 26, 27, 28, 29, 30]","[16, 32, 64, 128]","[5, 10, 15, 20]","[2, 3, 5, 7]","[2, 4, 8]",random,minimize,local
ge72s3y5,40,270,1779272934444,,/home/meliani/nni-experiments/ge72s3y5,11,exp_random_100_ali_only_ali_only,hpo,/home/meliani/Desktop/phd/fast-track/search_space.json,python3 trial.py --data ./ali_only.csv,/home/meliani/Desktop/phd/fast-track,1,360000s,100,False,False,info,/home/meliani/nni-experiments,"['LSTM', 'GRU', 'CNN', 'RNN', 'TCN', 'Transformer', 'MLP']","[16, 32, 64, 128, 256]","[1, 2, 3, 4]","[0, 0.1, 0.2, 0.3, 0.5]","['relu', 'tanh', 'sigmoid', 'elu']","[1e-05, 0.01]","[2, 3, 4, 5, 6, 7, 8, 9, 10, 11, 12, 13, 14, 15, 16, 17, 18, 19, 20, 21, 22, 23, 24, 25, 26, 27, 28, 29, 30]","[16, 32, 64, 128]","[5, 10, 15, 20]","[2, 3, 5, 7]","[2, 4, 8]",random,minimize,local
ge72s3y5,41,280,1779272934444,,/home/meliani/nni-experiments/ge72s3y5,11,exp_random_100_ali_only_ali_only,hpo,/home/meliani/Desktop/phd/fast-track/search_space.json,python3 trial.py --data ./ali_only.csv,/home/meliani/Desktop/phd/fast-track,1,360000s,100,False,False,info,/home/meliani/nni-experiments,"['LSTM', 'GRU', 'CNN', 'RNN', 'TCN', 'Transformer', 'MLP']","[16, 32, 64, 128, 256]","[1, 2, 3, 4]","[0, 0.1, 0.2, 0.3, 0.5]","['relu', 'tanh', 'sigmoid', 'elu']","[1e-05, 0.01]","[2, 3, 4, 5, 6, 7, 8, 9, 10, 11, 12, 13, 14, 15, 16, 17, 18, 19, 20, 21, 22, 23, 24, 25, 26, 27, 28, 29, 30]","[16, 32, 64, 128]","[5, 10, 15, 20]","[2, 3, 5, 7]","[2, 4, 8]",random,minimize,local
ge72s3y5,42,290,1779272934444,,/home/meliani/nni-experiments/ge72s3y5,11,exp_random_100_ali_only_ali_only,hpo,/home/meliani/Desktop/phd/fast-track/search_space.json,python3 trial.py --data ./ali_only.csv,/home/meliani/Desktop/phd/fast-track,1,360000s,100,False,False,info,/home/meliani/nni-experiments,"['LSTM', 'GRU', 'CNN', 'RNN', 'TCN', 'Transformer', 'MLP']","[16, 32, 64, 128, 256]","[1, 2, 3, 4]","[0, 0.1, 0.2, 0.3, 0.5]","['relu', 'tanh', 'sigmoid', 'elu']","[1e-05, 0.01]","[2, 3, 4, 5, 6, 7, 8, 9, 10, 11, 12, 13, 14, 15, 16, 17, 18, 19, 20, 21, 22, 23, 24, 25, 26, 27, 28, 29, 30]","[16, 32, 64, 128]","[5, 10, 15, 20]","[2, 3, 5, 7]","[2, 4, 8]",random,minimize,local
ge72s3y5,43,300,1779272934444,,/home/meliani/nni-experiments/ge72s3y5,11,exp_random_100_ali_only_ali_only,hpo,/home/meliani/Desktop/phd/fast-track/search_space.json,python3 trial.py --data ./ali_only.csv,/home/meliani/Desktop/phd/fast-track,1,360000s,100,False,False,info,/home/meliani/nni-experiments,"['LSTM', 'GRU', 'CNN', 'RNN', 'TCN', 'Transformer', 'MLP']","[16, 32, 64, 128, 256]","[1, 2, 3, 4]","[0, 0.1, 0.2, 0.3, 0.5]","['relu', 'tanh', 'sigmoid', 'elu']","[1e-05, 0.01]","[2, 3, 4, 5, 6, 7, 8, 9, 10, 11, 12, 13, 14, 15, 16, 17, 18, 19, 20, 21, 22, 23, 24, 25, 26, 27, 28, 29, 30]","[16, 32, 64, 128]","[5, 10, 15, 20]","[2, 3, 5, 7]","[2, 4, 8]",random,minimize,local
ge72s3y5,44,310,1779272934444,,/home/meliani/nni-experiments/ge72s3y5,11,exp_random_100_ali_only_ali_only,hpo,/home/meliani/Desktop/phd/fast-track/search_space.json,python3 trial.py --data ./ali_only.csv,/home/meliani/Desktop/phd/fast-track,1,360000s,100,False,False,info,/home/meliani/nni-experiments,"['LSTM', 'GRU', 'CNN', 'RNN', 'TCN', 'Transformer', 'MLP']","[16, 32, 64, 128, 256]","[1, 2, 3, 4]","[0, 0.1, 0.2, 0.3, 0.5]","['relu', 'tanh', 'sigmoid', 'elu']","[1e-05, 0.01]","[2, 3, 4, 5, 6, 7, 8, 9, 10, 11, 12, 13, 14, 15, 16, 17, 18, 19, 20, 21, 22, 23, 24, 25, 26, 27, 28, 29, 30]","[16, 32, 64, 128]","[5, 10, 15, 20]","[2, 3, 5, 7]","[2, 4, 8]",random,minimize,local
ge72s3y5,45,317,1779272934444,,/home/meliani/nni-experiments/ge72s3y5,12,exp_random_100_ali_only_ali_only,hpo,/home/meliani/Desktop/phd/fast-track/search_space.json,python3 trial.py --data ./ali_only.csv,/home/meliani/Desktop/phd/fast-track,1,360000s,100,False,False,info,/home/meliani/nni-experiments,"['LSTM', 'GRU', 'CNN', 'RNN', 'TCN', 'Transformer', 'MLP']","[16, 32, 64, 128, 256]","[1, 2, 3, 4]","[0, 0.1, 0.2, 0.3, 0.5]","['relu', 'tanh', 'sigmoid', 'elu']","[1e-05, 0.01]","[2, 3, 4, 5, 6, 7, 8, 9, 10, 11, 12, 13, 14, 15, 16, 17, 18, 19, 20, 21, 22, 23, 24, 25, 26, 27, 28, 29, 30]","[16, 32, 64, 128]","[5, 10, 15, 20]","[2, 3, 5, 7]","[2, 4, 8]",random,minimize,local
ge72s3y5,46,320,1779272934444,,/home/meliani/nni-experiments/ge72s3y5,12,exp_random_100_ali_only_ali_only,hpo,/home/meliani/Desktop/phd/fast-track/search_space.json,python3 trial.py --data ./ali_only.csv,/home/meliani/Desktop/phd/fast-track,1,360000s,100,False,False,info,/home/meliani/nni-experiments,"['LSTM', 'GRU', 'CNN', 'RNN', 'TCN', 'Transformer', 'MLP']","[16, 32, 64, 128, 256]","[1, 2, 3, 4]","[0, 0.1, 0.2, 0.3, 0.5]","['relu', 'tanh', 'sigmoid', 'elu']","[1e-05, 0.01]","[2, 3, 4, 5, 6, 7, 8, 9, 10, 11, 12, 13, 14, 15, 16, 17, 18, 19, 20, 21, 22, 23, 24, 25, 26, 27, 28, 29, 30]","[16, 32, 64, 128]","[5, 10, 15, 20]","[2, 3, 5, 7]","[2, 4, 8]",random,minimize,local
ge72s3y5,47,330,1779272934444,,/home/meliani/nni-experiments/ge72s3y5,12,exp_random_100_ali_only_ali_only,hpo,/home/meliani/Desktop/phd/fast-track/search_space.json,python3 trial.py --data ./ali_only.csv,/home/meliani/Desktop/phd/fast-track,1,360000s,100,False,False,info,/home/meliani/nni-experiments,"['LSTM', 'GRU', 'CNN', 'RNN', 'TCN', 'Transformer', 'MLP']","[16, 32, 64, 128, 256]","[1, 2, 3, 4]","[0, 0.1, 0.2, 0.3, 0.5]","['relu', 'tanh', 'sigmoid', 'elu']","[1e-05, 0.01]","[2, 3, 4, 5, 6, 7, 8, 9, 10, 11, 12, 13, 14, 15, 16, 17, 18, 19, 20, 21, 22, 23, 24, 25, 26, 27, 28, 29, 30]","[16, 32, 64, 128]","[5, 10, 15, 20]","[2, 3, 5, 7]","[2, 4, 8]",random,minimize,local
ge72s3y5,48,340,1779272934444,,/home/meliani/nni-experiments/ge72s3y5,12,exp_random_100_ali_only_ali_only,hpo,/home/meliani/Desktop/phd/fast-track/search_space.json,python3 trial.py --data ./ali_only.csv,/home/meliani/Desktop/phd/fast-track,1,360000s,100,False,False,info,/home/meliani/nni-experiments,"['LSTM', 'GRU', 'CNN', 'RNN', 'TCN', 'Transformer', 'MLP']","[16, 32, 64, 128, 256]","[1, 2, 3, 4]","[0, 0.1, 0.2, 0.3, 0.5]","['relu', 'tanh', 'sigmoid', 'elu']","[1e-05, 0.01]","[2, 3, 4, 5, 6, 7, 8, 9, 10, 11, 12, 13, 14, 15, 16, 17, 18, 19, 20, 21, 22, 23, 24, 25, 26, 27, 28, 29, 30]","[16, 32, 64, 128]","[5, 10, 15, 20]","[2, 3, 5, 7]","[2, 4, 8]",random,minimize,local
ge72s3y5,49,348,1779272934444,,/home/meliani/nni-experiments/ge72s3y5,13,exp_random_100_ali_only_ali_only,hpo,/home/meliani/Desktop/phd/fast-track/search_space.json,python3 trial.py --data ./ali_only.csv,/home/meliani/Desktop/phd/fast-track,1,360000s,100,False,False,info,/home/meliani/nni-experiments,"['LSTM', 'GRU', 'CNN', 'RNN', 'TCN', 'Transformer', 'MLP']","[16, 32, 64, 128, 256]","[1, 2, 3, 4]","[0, 0.1, 0.2, 0.3, 0.5]","['relu', 'tanh', 'sigmoid', 'elu']","[1e-05, 0.01]","[2, 3, 4, 5, 6, 7, 8, 9, 10, 11, 12, 13, 14, 15, 16, 17, 18, 19, 20, 21, 22, 23, 24, 25, 26, 27, 28, 29, 30]","[16, 32, 64, 128]","[5, 10, 15, 20]","[2, 3, 5, 7]","[2, 4, 8]",random,minimize,local
ge72s3y5,50,350,1779272934444,,/home/meliani/nni-experiments/ge72s3y5,13,exp_random_100_ali_only_ali_only,hpo,/home/meliani/Desktop/phd/fast-track/search_space.json,python3 trial.py --data ./ali_only.csv,/home/meliani/Desktop/phd/fast-track,1,360000s,100,False,False,info,/home/meliani/nni-experiments,"['LSTM', 'GRU', 'CNN', 'RNN', 'TCN', 'Transformer', 'MLP']","[16, 32, 64, 128, 256]","[1, 2, 3, 4]","[0, 0.1, 0.2, 0.3, 0.5]","['relu', 'tanh', 'sigmoid', 'elu']","[1e-05, 0.01]","[2, 3, 4, 5, 6, 7, 8, 9, 10, 11, 12, 13, 14, 15, 16, 17, 18, 19, 20, 21, 22, 23, 24, 25, 26, 27, 28, 29, 30]","[16, 32, 64, 128]","[5, 10, 15, 20]","[2, 3, 5, 7]","[2, 4, 8]",random,minimize,local
ge72s3y5,51,360,1779272934444,,/home/meliani/nni-experiments/ge72s3y5,13,exp_random_100_ali_only_ali_only,hpo,/home/meliani/Desktop/phd/fast-track/search_space.json,python3 trial.py --data ./ali_only.csv,/home/meliani/Desktop/phd/fast-track,1,360000s,100,False,False,info,/home/meliani/nni-experiments,"['LSTM', 'GRU', 'CNN', 'RNN', 'TCN', 'Transformer', 'MLP']","[16, 32, 64, 128, 256]","[1, 2, 3, 4]","[0, 0.1, 0.2, 0.3, 0.5]","['relu', 'tanh', 'sigmoid', 'elu']","[1e-05, 0.01]","[2, 3, 4, 5, 6, 7, 8, 9, 10, 11, 12, 13, 14, 15, 16, 17, 18, 19, 20, 21, 22, 23, 24, 25, 26, 27, 28, 29, 30]","[16, 32, 64, 128]","[5, 10, 15, 20]","[2, 3, 5, 7]","[2, 4, 8]",random,minimize,local
ge72s3y5,52,370,1779272934444,,/home/meliani/nni-experiments/ge72s3y5,13,exp_random_100_ali_only_ali_only,hpo,/home/meliani/Desktop/phd/fast-track/search_space.json,python3 trial.py --data ./ali_only.csv,/home/meliani/Desktop/phd/fast-track,1,360000s,100,False,False,info,/home/meliani/nni-experiments,"['LSTM', 'GRU', 'CNN', 'RNN', 'TCN', 'Transformer', 'MLP']","[16, 32, 64, 128, 256]","[1, 2, 3, 4]","[0, 0.1, 0.2, 0.3, 0.5]","['relu', 'tanh', 'sigmoid', 'elu']","[1e-05, 0.01]","[2, 3, 4, 5, 6, 7, 8, 9, 10, 11, 12, 13, 14, 15, 16, 17, 18, 19, 20, 21, 22, 23, 24, 25, 26, 27, 28, 29, 30]","[16, 32, 64, 128]","[5, 10, 15, 20]","[2, 3, 5, 7]","[2, 4, 8]",random,minimize,local
ge72s3y5,53,377,1779272934444,,/home/meliani/nni-experiments/ge72s3y5,14,exp_random_100_ali_only_ali_only,hpo,/home/meliani/Desktop/phd/fast-track/search_space.json,python3 trial.py --data ./ali_only.csv,/home/meliani/Desktop/phd/fast-track,1,360000s,100,False,False,info,/home/meliani/nni-experiments,"['LSTM', 'GRU', 'CNN', 'RNN', 'TCN', 'Transformer', 'MLP']","[16, 32, 64, 128, 256]","[1, 2, 3, 4]","[0, 0.1, 0.2, 0.3, 0.5]","['relu', 'tanh', 'sigmoid', 'elu']","[1e-05, 0.01]","[2, 3, 4, 5, 6, 7, 8, 9, 10, 11, 12, 13, 14, 15, 16, 17, 18, 19, 20, 21, 22, 23, 24, 25, 26, 27, 28, 29, 30]","[16, 32, 64, 128]","[5, 10, 15, 20]","[2, 3, 5, 7]","[2, 4, 8]",random,minimize,local
ge72s3y5,54,380,1779272934444,,/home/meliani/nni-experiments/ge72s3y5,14,exp_random_100_ali_only_ali_only,hpo,/home/meliani/Desktop/phd/fast-track/search_space.json,python3 trial.py --data ./ali_only.csv,/home/meliani/Desktop/phd/fast-track,1,360000s,100,False,False,info,/home/meliani/nni-experiments,"['LSTM', 'GRU', 'CNN', 'RNN', 'TCN', 'Transformer', 'MLP']","[16, 32, 64, 128, 256]","[1, 2, 3, 4]","[0, 0.1, 0.2, 0.3, 0.5]","['relu', 'tanh', 'sigmoid', 'elu']","[1e-05, 0.01]","[2, 3, 4, 5, 6, 7, 8, 9, 10, 11, 12, 13, 14, 15, 16, 17, 18, 19, 20, 21, 22, 23, 24, 25, 26, 27, 28, 29, 30]","[16, 32, 64, 128]","[5, 10, 15, 20]","[2, 3, 5, 7]","[2, 4, 8]",random,minimize,local
ge72s3y5,55,382,1779272934444,,/home/meliani/nni-experiments/ge72s3y5,15,exp_random_100_ali_only_ali_only,hpo,/home/meliani/Desktop/phd/fast-track/search_space.json,python3 trial.py --data ./ali_only.csv,/home/meliani/Desktop/phd/fast-track,1,360000s,100,False,False,info,/home/meliani/nni-experiments,"['LSTM', 'GRU', 'CNN', 'RNN', 'TCN', 'Transformer', 'MLP']","[16, 32, 64, 128, 256]","[1, 2, 3, 4]","[0, 0.1, 0.2, 0.3, 0.5]","['relu', 'tanh', 'sigmoid', 'elu']","[1e-05, 0.01]","[2, 3, 4, 5, 6, 7, 8, 9, 10, 11, 12, 13, 14, 15, 16, 17, 18, 19, 20, 21, 22, 23, 24, 25, 26, 27, 28, 29, 30]","[16, 32, 64, 128]","[5, 10, 15, 20]","[2, 3, 5, 7]","[2, 4, 8]",random,minimize,local
ge72s3y5,56,389,1779272934444,,/home/meliani/nni-experiments/ge72s3y5,16,exp_random_100_ali_only_ali_only,hpo,/home/meliani/Desktop/phd/fast-track/search_space.json,python3 trial.py --data ./ali_only.csv,/home/meliani/Desktop/phd/fast-track,1,360000s,100,False,False,info,/home/meliani/nni-experiments,"['LSTM', 'GRU', 'CNN', 'RNN', 'TCN', 'Transformer', 'MLP']","[16, 32, 64, 128, 256]","[1, 2, 3, 4]","[0, 0.1, 0.2, 0.3, 0.5]","['relu', 'tanh', 'sigmoid', 'elu']","[1e-05, 0.01]","[2, 3, 4, 5, 6, 7, 8, 9, 10, 11, 12, 13, 14, 15, 16, 17, 18, 19, 20, 21, 22, 23, 24, 25, 26, 27, 28, 29, 30]","[16, 32, 64, 128]","[5, 10, 15, 20]","[2, 3, 5, 7]","[2, 4, 8]",random,minimize,local
ge72s3y5,57,390,1779272934444,,/home/meliani/nni-experiments/ge72s3y5,16,exp_random_100_ali_only_ali_only,hpo,/home/meliani/Desktop/phd/fast-track/search_space.json,python3 trial.py --data ./ali_only.csv,/home/meliani/Desktop/phd/fast-track,1,360000s,100,False,False,info,/home/meliani/nni-experiments,"['LSTM', 'GRU', 'CNN', 'RNN', 'TCN', 'Transformer', 'MLP']","[16, 32, 64, 128, 256]","[1, 2, 3, 4]","[0, 0.1, 0.2, 0.3, 0.5]","['relu', 'tanh', 'sigmoid', 'elu']","[1e-05, 0.01]","[2, 3, 4, 5, 6, 7, 8, 9, 10, 11, 12, 13, 14, 15, 16, 17, 18, 19, 20, 21, 22, 23, 24, 25, 26, 27, 28, 29, 30]","[16, 32, 64, 128]","[5, 10, 15, 20]","[2, 3, 5, 7]","[2, 4, 8]",random,minimize,local
ge72s3y5,58,400,1779272934444,,/home/meliani/nni-experiments/ge72s3y5,16,exp_random_100_ali_only_ali_only,hpo,/home/meliani/Desktop/phd/fast-track/search_space.json,python3 trial.py --data ./ali_only.csv,/home/meliani/Desktop/phd/fast-track,1,360000s,100,False,False,info,/home/meliani/nni-experiments,"['LSTM', 'GRU', 'CNN', 'RNN', 'TCN', 'Transformer', 'MLP']","[16, 32, 64, 128, 256]","[1, 2, 3, 4]","[0, 0.1, 0.2, 0.3, 0.5]","['relu', 'tanh', 'sigmoid', 'elu']","[1e-05, 0.01]","[2, 3, 4, 5, 6, 7, 8, 9, 10, 11, 12, 13, 14, 15, 16, 17, 18, 19, 20, 21, 22, 23, 24, 25, 26, 27, 28, 29, 30]","[16, 32, 64, 128]","[5, 10, 15, 20]","[2, 3, 5, 7]","[2, 4, 8]",random,minimize,local
ge72s3y5,59,407,1779272934444,,/home/meliani/nni-experiments/ge72s3y5,17,exp_random_100_ali_only_ali_only,hpo,/home/meliani/Desktop/phd/fast-track/search_space.json,python3 trial.py --data ./ali_only.csv,/home/meliani/Desktop/phd/fast-track,1,360000s,100,False,False,info,/home/meliani/nni-experiments,"['LSTM', 'GRU', 'CNN', 'RNN', 'TCN', 'Transformer', 'MLP']","[16, 32, 64, 128, 256]","[1, 2, 3, 4]","[0, 0.1, 0.2, 0.3, 0.5]","['relu', 'tanh', 'sigmoid', 'elu']","[1e-05, 0.01]","[2, 3, 4, 5, 6, 7, 8, 9, 10, 11, 12, 13, 14, 15, 16, 17, 18, 19, 20, 21, 22, 23, 24, 25, 26, 27, 28, 29, 30]","[16, 32, 64, 128]","[5, 10, 15, 20]","[2, 3, 5, 7]","[2, 4, 8]",random,minimize,local
ge72s3y5,60,410,1779272934444,,/home/meliani/nni-experiments/ge72s3y5,17,exp_random_100_ali_only_ali_only,hpo,/home/meliani/Desktop/phd/fast-track/search_space.json,python3 trial.py --data ./ali_only.csv,/home/meliani/Desktop/phd/fast-track,1,360000s,100,False,False,info,/home/meliani/nni-experiments,"['LSTM', 'GRU', 'CNN', 'RNN', 'TCN', 'Transformer', 'MLP']","[16, 32, 64, 128, 256]","[1, 2, 3, 4]","[0, 0.1, 0.2, 0.3, 0.5]","['relu', 'tanh', 'sigmoid', 'elu']","[1e-05, 0.01]","[2, 3, 4, 5, 6, 7, 8, 9, 10, 11, 12, 13, 14, 15, 16, 17, 18, 19, 20, 21, 22, 23, 24, 25, 26, 27, 28, 29, 30]","[16, 32, 64, 128]","[5, 10, 15, 20]","[2, 3, 5, 7]","[2, 4, 8]",random,minimize,local
ge72s3y5,61,420,1779272934444,,/home/meliani/nni-experiments/ge72s3y5,17,exp_random_100_ali_only_ali_only,hpo,/home/meliani/Desktop/phd/fast-track/search_space.json,python3 trial.py --data ./ali_only.csv,/home/meliani/Desktop/phd/fast-track,1,360000s,100,False,False,info,/home/meliani/nni-experiments,"['LSTM', 'GRU', 'CNN', 'RNN', 'TCN', 'Transformer', 'MLP']","[16, 32, 64, 128, 256]","[1, 2, 3, 4]","[0, 0.1, 0.2, 0.3, 0.5]","['relu', 'tanh', 'sigmoid', 'elu']","[1e-05, 0.01]","[2, 3, 4, 5, 6, 7, 8, 9, 10, 11, 12, 13, 14, 15, 16, 17, 18, 19, 20, 21, 22, 23, 24, 25, 26, 27, 28, 29, 30]","[16, 32, 64, 128]","[5, 10, 15, 20]","[2, 3, 5, 7]","[2, 4, 8]",random,minimize,local
ge72s3y5,62,424,1779272934444,,/home/meliani/nni-experiments/ge72s3y5,18,exp_random_100_ali_only_ali_only,hpo,/home/meliani/Desktop/phd/fast-track/search_space.json,python3 trial.py --data ./ali_only.csv,/home/meliani/Desktop/phd/fast-track,1,360000s,100,False,False,info,/home/meliani/nni-experiments,"['LSTM', 'GRU', 'CNN', 'RNN', 'TCN', 'Transformer', 'MLP']","[16, 32, 64, 128, 256]","[1, 2, 3, 4]","[0, 0.1, 0.2, 0.3, 0.5]","['relu', 'tanh', 'sigmoid', 'elu']","[1e-05, 0.01]","[2, 3, 4, 5, 6, 7, 8, 9, 10, 11, 12, 13, 14, 15, 16, 17, 18, 19, 20, 21, 22, 23, 24, 25, 26, 27, 28, 29, 30]","[16, 32, 64, 128]","[5, 10, 15, 20]","[2, 3, 5, 7]","[2, 4, 8]",random,minimize,local
ge72s3y5,63,430,1779272934444,,/home/meliani/nni-experiments/ge72s3y5,18,exp_random_100_ali_only_ali_only,hpo,/home/meliani/Desktop/phd/fast-track/search_space.json,python3 trial.py --data ./ali_only.csv,/home/meliani/Desktop/phd/fast-track,1,360000s,100,False,False,info,/home/meliani/nni-experiments,"['LSTM', 'GRU', 'CNN', 'RNN', 'TCN', 'Transformer', 'MLP']","[16, 32, 64, 128, 256]","[1, 2, 3, 4]","[0, 0.1, 0.2, 0.3, 0.5]","['relu', 'tanh', 'sigmoid', 'elu']","[1e-05, 0.01]","[2, 3, 4, 5, 6, 7, 8, 9, 10, 11, 12, 13, 14, 15, 16, 17, 18, 19, 20, 21, 22, 23, 24, 25, 26, 27, 28, 29, 30]","[16, 32, 64, 128]","[5, 10, 15, 20]","[2, 3, 5, 7]","[2, 4, 8]",random,minimize,local
ge72s3y5,64,435,1779272934444,,/home/meliani/nni-experiments/ge72s3y5,19,exp_random_100_ali_only_ali_only,hpo,/home/meliani/Desktop/phd/fast-track/search_space.json,python3 trial.py --data ./ali_only.csv,/home/meliani/Desktop/phd/fast-track,1,360000s,100,False,False,info,/home/meliani/nni-experiments,"['LSTM', 'GRU', 'CNN', 'RNN', 'TCN', 'Transformer', 'MLP']","[16, 32, 64, 128, 256]","[1, 2, 3, 4]","[0, 0.1, 0.2, 0.3, 0.5]","['relu', 'tanh', 'sigmoid', 'elu']","[1e-05, 0.01]","[2, 3, 4, 5, 6, 7, 8, 9, 10, 11, 12, 13, 14, 15, 16, 17, 18, 19, 20, 21, 22, 23, 24, 25, 26, 27, 28, 29, 30]","[16, 32, 64, 128]","[5, 10, 15, 20]","[2, 3, 5, 7]","[2, 4, 8]",random,minimize,local
ge72s3y5,65,440,1779272934444,,/home/meliani/nni-experiments/ge72s3y5,19,exp_random_100_ali_only_ali_only,hpo,/home/meliani/Desktop/phd/fast-track/search_space.json,python3 trial.py --data ./ali_only.csv,/home/meliani/Desktop/phd/fast-track,1,360000s,100,False,False,info,/home/meliani/nni-experiments,"['LSTM', 'GRU', 'CNN', 'RNN', 'TCN', 'Transformer', 'MLP']","[16, 32, 64, 128, 256]","[1, 2, 3, 4]","[0, 0.1, 0.2, 0.3, 0.5]","['relu', 'tanh', 'sigmoid', 'elu']","[1e-05, 0.01]","[2, 3, 4, 5, 6, 7, 8, 9, 10, 11, 12, 13, 14, 15, 16, 17, 18, 19, 20, 21, 22, 23, 24, 25, 26, 27, 28, 29, 30]","[16, 32, 64, 128]","[5, 10, 15, 20]","[2, 3, 5, 7]","[2, 4, 8]",random,minimize,local
ge72s3y5,66,450,1779272934444,,/home/meliani/nni-experiments/ge72s3y5,19,exp_random_100_ali_only_ali_only,hpo,/home/meliani/Desktop/phd/fast-track/search_space.json,python3 trial.py --data ./ali_only.csv,/home/meliani/Desktop/phd/fast-track,1,360000s,100,False,False,info,/home/meliani/nni-experiments,"['LSTM', 'GRU', 'CNN', 'RNN', 'TCN', 'Transformer', 'MLP']","[16, 32, 64, 128, 256]","[1, 2, 3, 4]","[0, 0.1, 0.2, 0.3, 0.5]","['relu', 'tanh', 'sigmoid', 'elu']","[1e-05, 0.01]","[2, 3, 4, 5, 6, 7, 8, 9, 10, 11, 12, 13, 14, 15, 16, 17, 18, 19, 20, 21, 22, 23, 24, 25, 26, 27, 28, 29, 30]","[16, 32, 64, 128]","[5, 10, 15, 20]","[2, 3, 5, 7]","[2, 4, 8]",random,minimize,local
ge72s3y5,67,460,1779272934444,,/home/meliani/nni-experiments/ge72s3y5,19,exp_random_100_ali_only_ali_only,hpo,/home/meliani/Desktop/phd/fast-track/search_space.json,python3 trial.py --data ./ali_only.csv,/home/meliani/Desktop/phd/fast-track,1,360000s,100,False,False,info,/home/meliani/nni-experiments,"['LSTM', 'GRU', 'CNN', 'RNN', 'TCN', 'Transformer', 'MLP']","[16, 32, 64, 128, 256]","[1, 2, 3, 4]","[0, 0.1, 0.2, 0.3, 0.5]","['relu', 'tanh', 'sigmoid', 'elu']","[1e-05, 0.01]","[2, 3, 4, 5, 6, 7, 8, 9, 10, 11, 12, 13, 14, 15, 16, 17, 18, 19, 20, 21, 22, 23, 24, 25, 26, 27, 28, 29, 30]","[16, 32, 64, 128]","[5, 10, 15, 20]","[2, 3, 5, 7]","[2, 4, 8]",random,minimize,local
ge72s3y5,68,470,1779272934444,,/home/meliani/nni-experiments/ge72s3y5,19,exp_random_100_ali_only_ali_only,hpo,/home/meliani/Desktop/phd/fast-track/search_space.json,python3 trial.py --data ./ali_only.csv,/home/meliani/Desktop/phd/fast-track,1,360000s,100,False,False,info,/home/meliani/nni-experiments,"['LSTM', 'GRU', 'CNN', 'RNN', 'TCN', 'Transformer', 'MLP']","[16, 32, 64, 128, 256]","[1, 2, 3, 4]","[0, 0.1, 0.2, 0.3, 0.5]","['relu', 'tanh', 'sigmoid', 'elu']","[1e-05, 0.01]","[2, 3, 4, 5, 6, 7, 8, 9, 10, 11, 12, 13, 14, 15, 16, 17, 18, 19, 20, 21, 22, 23, 24, 25, 26, 27, 28, 29, 30]","[16, 32, 64, 128]","[5, 10, 15, 20]","[2, 3, 5, 7]","[2, 4, 8]",random,minimize,local
ge72s3y5,69,480,1779272934444,,/home/meliani/nni-experiments/ge72s3y5,19,exp_random_100_ali_only_ali_only,hpo,/home/meliani/Desktop/phd/fast-track/search_space.json,python3 trial.py --data ./ali_only.csv,/home/meliani/Desktop/phd/fast-track,1,360000s,100,False,False,info,/home/meliani/nni-experiments,"['LSTM', 'GRU', 'CNN', 'RNN', 'TCN', 'Transformer', 'MLP']","[16, 32, 64, 128, 256]","[1, 2, 3, 4]","[0, 0.1, 0.2, 0.3, 0.5]","['relu', 'tanh', 'sigmoid', 'elu']","[1e-05, 0.01]","[2, 3, 4, 5, 6, 7, 8, 9, 10, 11, 12, 13, 14, 15, 16, 17, 18, 19, 20, 21, 22, 23, 24, 25, 26, 27, 28, 29, 30]","[16, 32, 64, 128]","[5, 10, 15, 20]","[2, 3, 5, 7]","[2, 4, 8]",random,minimize,local
ge72s3y5,70,490,1779272934444,,/home/meliani/nni-experiments/ge72s3y5,19,exp_random_100_ali_only_ali_only,hpo,/home/meliani/Desktop/phd/fast-track/search_space.json,python3 trial.py --data ./ali_only.csv,/home/meliani/Desktop/phd/fast-track,1,360000s,100,False,False,info,/home/meliani/nni-experiments,"['LSTM', 'GRU', 'CNN', 'RNN', 'TCN', 'Transformer', 'MLP']","[16, 32, 64, 128, 256]","[1, 2, 3, 4]","[0, 0.1, 0.2, 0.3, 0.5]","['relu', 'tanh', 'sigmoid', 'elu']","[1e-05, 0.01]","[2, 3, 4, 5, 6, 7, 8, 9, 10, 11, 12, 13, 14, 15, 16, 17, 18, 19, 20, 21, 22, 23, 24, 25, 26, 27, 28, 29, 30]","[16, 32, 64, 128]","[5, 10, 15, 20]","[2, 3, 5, 7]","[2, 4, 8]",random,minimize,local
ge72s3y5,71,500,1779272934444,,/home/meliani/nni-experiments/ge72s3y5,19,exp_random_100_ali_only_ali_only,hpo,/home/meliani/Desktop/phd/fast-track/search_space.json,python3 trial.py --data ./ali_only.csv,/home/meliani/Desktop/phd/fast-track,1,360000s,100,False,False,info,/home/meliani/nni-experiments,"['LSTM', 'GRU', 'CNN', 'RNN', 'TCN', 'Transformer', 'MLP']","[16, 32, 64, 128, 256]","[1, 2, 3, 4]","[0, 0.1, 0.2, 0.3, 0.5]","['relu', 'tanh', 'sigmoid', 'elu']","[1e-05, 0.01]","[2, 3, 4, 5, 6, 7, 8, 9, 10, 11, 12, 13, 14, 15, 16, 17, 18, 19, 20, 21, 22, 23, 24, 25, 26, 27, 28, 29, 30]","[16, 32, 64, 128]","[5, 10, 15, 20]","[2, 3, 5, 7]","[2, 4, 8]",random,minimize,local
ge72s3y5,72,504,1779272934444,,/home/meliani/nni-experiments/ge72s3y5,20,exp_random_100_ali_only_ali_only,hpo,/home/meliani/Desktop/phd/fast-track/search_space.json,python3 trial.py --data ./ali_only.csv,/home/meliani/Desktop/phd/fast-track,1,360000s,100,False,False,info,/home/meliani/nni-experiments,"['LSTM', 'GRU', 'CNN', 'RNN', 'TCN', 'Transformer', 'MLP']","[16, 32, 64, 128, 256]","[1, 2, 3, 4]","[0, 0.1, 0.2, 0.3, 0.5]","['relu', 'tanh', 'sigmoid', 'elu']","[1e-05, 0.01]","[2, 3, 4, 5, 6, 7, 8, 9, 10, 11, 12, 13, 14, 15, 16, 17, 18, 19, 20, 21, 22, 23, 24, 25, 26, 27, 28, 29, 30]","[16, 32, 64, 128]","[5, 10, 15, 20]","[2, 3, 5, 7]","[2, 4, 8]",random,minimize,local
ge72s3y5,73,510,1779272934444,,/home/meliani/nni-experiments/ge72s3y5,20,exp_random_100_ali_only_ali_only,hpo,/home/meliani/Desktop/phd/fast-track/search_space.json,python3 trial.py --data ./ali_only.csv,/home/meliani/Desktop/phd/fast-track,1,360000s,100,False,False,info,/home/meliani/nni-experiments,"['LSTM', 'GRU', 'CNN', 'RNN', 'TCN', 'Transformer', 'MLP']","[16, 32, 64, 128, 256]","[1, 2, 3, 4]","[0, 0.1, 0.2, 0.3, 0.5]","['relu', 'tanh', 'sigmoid', 'elu']","[1e-05, 0.01]","[2, 3, 4, 5, 6, 7, 8, 9, 10, 11, 12, 13, 14, 15, 16, 17, 18, 19, 20, 21, 22, 23, 24, 25, 26, 27, 28, 29, 30]","[16, 32, 64, 128]","[5, 10, 15, 20]","[2, 3, 5, 7]","[2, 4, 8]",random,minimize,local
ge72s3y5,74,520,1779272934444,,/home/meliani/nni-experiments/ge72s3y5,20,exp_random_100_ali_only_ali_only,hpo,/home/meliani/Desktop/phd/fast-track/search_space.json,python3 trial.py --data ./ali_only.csv,/home/meliani/Desktop/phd/fast-track,1,360000s,100,False,False,info,/home/meliani/nni-experiments,"['LSTM', 'GRU', 'CNN', 'RNN', 'TCN', 'Transformer', 'MLP']","[16, 32, 64, 128, 256]","[1, 2, 3, 4]","[0, 0.1, 0.2, 0.3, 0.5]","['relu', 'tanh', 'sigmoid', 'elu']","[1e-05, 0.01]","[2, 3, 4, 5, 6, 7, 8, 9, 10, 11, 12, 13, 14, 15, 16, 17, 18, 19, 20, 21, 22, 23, 24, 25, 26, 27, 28, 29, 30]","[16, 32, 64, 128]","[5, 10, 15, 20]","[2, 3, 5, 7]","[2, 4, 8]",random,minimize,local
ge72s3y5,75,529,1779272934444,,/home/meliani/nni-experiments/ge72s3y5,21,exp_random_100_ali_only_ali_only,hpo,/home/meliani/Desktop/phd/fast-track/search_space.json,python3 trial.py --data ./ali_only.csv,/home/meliani/Desktop/phd/fast-track,1,360000s,100,False,False,info,/home/meliani/nni-experiments,"['LSTM', 'GRU', 'CNN', 'RNN', 'TCN', 'Transformer', 'MLP']","[16, 32, 64, 128, 256]","[1, 2, 3, 4]","[0, 0.1, 0.2, 0.3, 0.5]","['relu', 'tanh', 'sigmoid', 'elu']","[1e-05, 0.01]","[2, 3, 4, 5, 6, 7, 8, 9, 10, 11, 12, 13, 14, 15, 16, 17, 18, 19, 20, 21, 22, 23, 24, 25, 26, 27, 28, 29, 30]","[16, 32, 64, 128]","[5, 10, 15, 20]","[2, 3, 5, 7]","[2, 4, 8]",random,minimize,local
ge72s3y5,76,530,1779272934444,,/home/meliani/nni-experiments/ge72s3y5,21,exp_random_100_ali_only_ali_only,hpo,/home/meliani/Desktop/phd/fast-track/search_space.json,python3 trial.py --data ./ali_only.csv,/home/meliani/Desktop/phd/fast-track,1,360000s,100,False,False,info,/home/meliani/nni-experiments,"['LSTM', 'GRU', 'CNN', 'RNN', 'TCN', 'Transformer', 'MLP']","[16, 32, 64, 128, 256]","[1, 2, 3, 4]","[0, 0.1, 0.2, 0.3, 0.5]","['relu', 'tanh', 'sigmoid', 'elu']","[1e-05, 0.01]","[2, 3, 4, 5, 6, 7, 8, 9, 10, 11, 12, 13, 14, 15, 16, 17, 18, 19, 20, 21, 22, 23, 24, 25, 26, 27, 28, 29, 30]","[16, 32, 64, 128]","[5, 10, 15, 20]","[2, 3, 5, 7]","[2, 4, 8]",random,minimize,local
ge72s3y5,77,540,1779272934444,,/home/meliani/nni-experiments/ge72s3y5,21,exp_random_100_ali_only_ali_only,hpo,/home/meliani/Desktop/phd/fast-track/search_space.json,python3 trial.py --data ./ali_only.csv,/home/meliani/Desktop/phd/fast-track,1,360000s,100,False,False,info,/home/meliani/nni-experiments,"['LSTM', 'GRU', 'CNN', 'RNN', 'TCN', 'Transformer', 'MLP']","[16, 32, 64, 128, 256]","[1, 2, 3, 4]","[0, 0.1, 0.2, 0.3, 0.5]","['relu', 'tanh', 'sigmoid', 'elu']","[1e-05, 0.01]","[2, 3, 4, 5, 6, 7, 8, 9, 10, 11, 12, 13, 14, 15, 16, 17, 18, 19, 20, 21, 22, 23, 24, 25, 26, 27, 28, 29, 30]","[16, 32, 64, 128]","[5, 10, 15, 20]","[2, 3, 5, 7]","[2, 4, 8]",random,minimize,local
ge72s3y5,78,550,1779272934444,,/home/meliani/nni-experiments/ge72s3y5,21,exp_random_100_ali_only_ali_only,hpo,/home/meliani/Desktop/phd/fast-track/search_space.json,python3 trial.py --data ./ali_only.csv,/home/meliani/Desktop/phd/fast-track,1,360000s,100,False,False,info,/home/meliani/nni-experiments,"['LSTM', 'GRU', 'CNN', 'RNN', 'TCN', 'Transformer', 'MLP']","[16, 32, 64, 128, 256]","[1, 2, 3, 4]","[0, 0.1, 0.2, 0.3, 0.5]","['relu', 'tanh', 'sigmoid', 'elu']","[1e-05, 0.01]","[2, 3, 4, 5, 6, 7, 8, 9, 10, 11, 12, 13, 14, 15, 16, 17, 18, 19, 20, 21, 22, 23, 24, 25, 26, 27, 28, 29, 30]","[16, 32, 64, 128]","[5, 10, 15, 20]","[2, 3, 5, 7]","[2, 4, 8]",random,minimize,local
ge72s3y5,79,560,1779272934444,,/home/meliani/nni-experiments/ge72s3y5,21,exp_random_100_ali_only_ali_only,hpo,/home/meliani/Desktop/phd/fast-track/search_space.json,python3 trial.py --data ./ali_only.csv,/home/meliani/Desktop/phd/fast-track,1,360000s,100,False,False,info,/home/meliani/nni-experiments,"['LSTM', 'GRU', 'CNN', 'RNN', 'TCN', 'Transformer', 'MLP']","[16, 32, 64, 128, 256]","[1, 2, 3, 4]","[0, 0.1, 0.2, 0.3, 0.5]","['relu', 'tanh', 'sigmoid', 'elu']","[1e-05, 0.01]","[2, 3, 4, 5, 6, 7, 8, 9, 10, 11, 12, 13, 14, 15, 16, 17, 18, 19, 20, 21, 22, 23, 24, 25, 26, 27, 28, 29, 30]","[16, 32, 64, 128]","[5, 10, 15, 20]","[2, 3, 5, 7]","[2, 4, 8]",random,minimize,local
ge72s3y5,80,570,1779272934444,,/home/meliani/nni-experiments/ge72s3y5,21,exp_random_100_ali_only_ali_only,hpo,/home/meliani/Desktop/phd/fast-track/search_space.json,python3 trial.py --data ./ali_only.csv,/home/meliani/Desktop/phd/fast-track,1,360000s,100,False,False,info,/home/meliani/nni-experiments,"['LSTM', 'GRU', 'CNN', 'RNN', 'TCN', 'Transformer', 'MLP']","[16, 32, 64, 128, 256]","[1, 2, 3, 4]","[0, 0.1, 0.2, 0.3, 0.5]","['relu', 'tanh', 'sigmoid', 'elu']","[1e-05, 0.01]","[2, 3, 4, 5, 6, 7, 8, 9, 10, 11, 12, 13, 14, 15, 16, 17, 18, 19, 20, 21, 22, 23, 24, 25, 26, 27, 28, 29, 30]","[16, 32, 64, 128]","[5, 10, 15, 20]","[2, 3, 5, 7]","[2, 4, 8]",random,minimize,local
ge72s3y5,81,580,1779272934444,,/home/meliani/nni-experiments/ge72s3y5,21,exp_random_100_ali_only_ali_only,hpo,/home/meliani/Desktop/phd/fast-track/search_space.json,python3 trial.py --data ./ali_only.csv,/home/meliani/Desktop/phd/fast-track,1,360000s,100,False,False,info,/home/meliani/nni-experiments,"['LSTM', 'GRU', 'CNN', 'RNN', 'TCN', 'Transformer', 'MLP']","[16, 32, 64, 128, 256]","[1, 2, 3, 4]","[0, 0.1, 0.2, 0.3, 0.5]","['relu', 'tanh', 'sigmoid', 'elu']","[1e-05, 0.01]","[2, 3, 4, 5, 6, 7, 8, 9, 10, 11, 12, 13, 14, 15, 16, 17, 18, 19, 20, 21, 22, 23, 24, 25, 26, 27, 28, 29, 30]","[16, 32, 64, 128]","[5, 10, 15, 20]","[2, 3, 5, 7]","[2, 4, 8]",random,minimize,local
ge72s3y5,82,590,1779272934444,,/home/meliani/nni-experiments/ge72s3y5,21,exp_random_100_ali_only_ali_only,hpo,/home/meliani/Desktop/phd/fast-track/search_space.json,python3 trial.py --data ./ali_only.csv,/home/meliani/Desktop/phd/fast-track,1,360000s,100,False,False,info,/home/meliani/nni-experiments,"['LSTM', 'GRU', 'CNN', 'RNN', 'TCN', 'Transformer', 'MLP']","[16, 32, 64, 128, 256]","[1, 2, 3, 4]","[0, 0.1, 0.2, 0.3, 0.5]","['relu', 'tanh', 'sigmoid', 'elu']","[1e-05, 0.01]","[2, 3, 4, 5, 6, 7, 8, 9, 10, 11, 12, 13, 14, 15, 16, 17, 18, 19, 20, 21, 22, 23, 24, 25, 26, 27, 28, 29, 30]","[16, 32, 64, 128]","[5, 10, 15, 20]","[2, 3, 5, 7]","[2, 4, 8]",random,minimize,local
ge72s3y5,83,600,1779272934444,,/home/meliani/nni-experiments/ge72s3y5,21,exp_random_100_ali_only_ali_only,hpo,/home/meliani/Desktop/phd/fast-track/search_space.json,python3 trial.py --data ./ali_only.csv,/home/meliani/Desktop/phd/fast-track,1,360000s,100,False,False,info,/home/meliani/nni-experiments,"['LSTM', 'GRU', 'CNN', 'RNN', 'TCN', 'Transformer', 'MLP']","[16, 32, 64, 128, 256]","[1, 2, 3, 4]","[0, 0.1, 0.2, 0.3, 0.5]","['relu', 'tanh', 'sigmoid', 'elu']","[1e-05, 0.01]","[2, 3, 4, 5, 6, 7, 8, 9, 10, 11, 12, 13, 14, 15, 16, 17, 18, 19, 20, 21, 22, 23, 24, 25, 26, 27, 28, 29, 30]","[16, 32, 64, 128]","[5, 10, 15, 20]","[2, 3, 5, 7]","[2, 4, 8]",random,minimize,local
ge72s3y5,84,610,1779272934444,,/home/meliani/nni-experiments/ge72s3y5,21,exp_random_100_ali_only_ali_only,hpo,/home/meliani/Desktop/phd/fast-track/search_space.json,python3 trial.py --data ./ali_only.csv,/home/meliani/Desktop/phd/fast-track,1,360000s,100,False,False,info,/home/meliani/nni-experiments,"['LSTM', 'GRU', 'CNN', 'RNN', 'TCN', 'Transformer', 'MLP']","[16, 32, 64, 128, 256]","[1, 2, 3, 4]","[0, 0.1, 0.2, 0.3, 0.5]","['relu', 'tanh', 'sigmoid', 'elu']","[1e-05, 0.01]","[2, 3, 4, 5, 6, 7, 8, 9, 10, 11, 12, 13, 14, 15, 16, 17, 18, 19, 20, 21, 22, 23, 24, 25, 26, 27, 28, 29, 30]","[16, 32, 64, 128]","[5, 10, 15, 20]","[2, 3, 5, 7]","[2, 4, 8]",random,minimize,local
ge72s3y5,85,620,1779272934444,,/home/meliani/nni-experiments/ge72s3y5,21,exp_random_100_ali_only_ali_only,hpo,/home/meliani/Desktop/phd/fast-track/search_space.json,python3 trial.py --data ./ali_only.csv,/home/meliani/Desktop/phd/fast-track,1,360000s,100,False,False,info,/home/meliani/nni-experiments,"['LSTM', 'GRU', 'CNN', 'RNN', 'TCN', 'Transformer', 'MLP']","[16, 32, 64, 128, 256]","[1, 2, 3, 4]","[0, 0.1, 0.2, 0.3, 0.5]","['relu', 'tanh', 'sigmoid', 'elu']","[1e-05, 0.01]","[2, 3, 4, 5, 6, 7, 8, 9, 10, 11, 12, 13, 14, 15, 16, 17, 18, 19, 20, 21, 22, 23, 24, 25, 26, 27, 28, 29, 30]","[16, 32, 64, 128]","[5, 10, 15, 20]","[2, 3, 5, 7]","[2, 4, 8]",random,minimize,local
ge72s3y5,86,630,1779272934444,,/home/meliani/nni-experiments/ge72s3y5,21,exp_random_100_ali_only_ali_only,hpo,/home/meliani/Desktop/phd/fast-track/search_space.json,python3 trial.py --data ./ali_only.csv,/home/meliani/Desktop/phd/fast-track,1,360000s,100,False,False,info,/home/meliani/nni-experiments,"['LSTM', 'GRU', 'CNN', 'RNN', 'TCN', 'Transformer', 'MLP']","[16, 32, 64, 128, 256]","[1, 2, 3, 4]","[0, 0.1, 0.2, 0.3, 0.5]","['relu', 'tanh', 'sigmoid', 'elu']","[1e-05, 0.01]","[2, 3, 4, 5, 6, 7, 8, 9, 10, 11, 12, 13, 14, 15, 16, 17, 18, 19, 20, 21, 22, 23, 24, 25, 26, 27, 28, 29, 30]","[16, 32, 64, 128]","[5, 10, 15, 20]","[2, 3, 5, 7]","[2, 4, 8]",random,minimize,local
ge72s3y5,87,640,1779272934444,,/home/meliani/nni-experiments/ge72s3y5,21,exp_random_100_ali_only_ali_only,hpo,/home/meliani/Desktop/phd/fast-track/search_space.json,python3 trial.py --data ./ali_only.csv,/home/meliani/Desktop/phd/fast-track,1,360000s,100,False,False,info,/home/meliani/nni-experiments,"['LSTM', 'GRU', 'CNN', 'RNN', 'TCN', 'Transformer', 'MLP']","[16, 32, 64, 128, 256]","[1, 2, 3, 4]","[0, 0.1, 0.2, 0.3, 0.5]","['relu', 'tanh', 'sigmoid', 'elu']","[1e-05, 0.01]","[2, 3, 4, 5, 6, 7, 8, 9, 10, 11, 12, 13, 14, 15, 16, 17, 18, 19, 20, 21, 22, 23, 24, 25, 26, 27, 28, 29, 30]","[16, 32, 64, 128]","[5, 10, 15, 20]","[2, 3, 5, 7]","[2, 4, 8]",random,minimize,local
ge72s3y5,88,650,1779272934444,,/home/meliani/nni-experiments/ge72s3y5,21,exp_random_100_ali_only_ali_only,hpo,/home/meliani/Desktop/phd/fast-track/search_space.json,python3 trial.py --data ./ali_only.csv,/home/meliani/Desktop/phd/fast-track,1,360000s,100,False,False,info,/home/meliani/nni-experiments,"['LSTM', 'GRU', 'CNN', 'RNN', 'TCN', 'Transformer', 'MLP']","[16, 32, 64, 128, 256]","[1, 2, 3, 4]","[0, 0.1, 0.2, 0.3, 0.5]","['relu', 'tanh', 'sigmoid', 'elu']","[1e-05, 0.01]","[2, 3, 4, 5, 6, 7, 8, 9, 10, 11, 12, 13, 14, 15, 16, 17, 18, 19, 20, 21, 22, 23, 24, 25, 26, 27, 28, 29, 30]","[16, 32, 64, 128]","[5, 10, 15, 20]","[2, 3, 5, 7]","[2, 4, 8]",random,minimize,local
ge72s3y5,89,660,1779272934444,,/home/meliani/nni-experiments/ge72s3y5,21,exp_random_100_ali_only_ali_only,hpo,/home/meliani/Desktop/phd/fast-track/search_space.json,python3 trial.py --data ./ali_only.csv,/home/meliani/Desktop/phd/fast-track,1,360000s,100,False,False,info,/home/meliani/nni-experiments,"['LSTM', 'GRU', 'CNN', 'RNN', 'TCN', 'Transformer', 'MLP']","[16, 32, 64, 128, 256]","[1, 2, 3, 4]","[0, 0.1, 0.2, 0.3, 0.5]","['relu', 'tanh', 'sigmoid', 'elu']","[1e-05, 0.01]","[2, 3, 4, 5, 6, 7, 8, 9, 10, 11, 12, 13, 14, 15, 16, 17, 18, 19, 20, 21, 22, 23, 24, 25, 26, 27, 28, 29, 30]","[16, 32, 64, 128]","[5, 10, 15, 20]","[2, 3, 5, 7]","[2, 4, 8]",random,minimize,local
ge72s3y5,90,664,1779272934444,,/home/meliani/nni-experiments/ge72s3y5,22,exp_random_100_ali_only_ali_only,hpo,/home/meliani/Desktop/phd/fast-track/search_space.json,python3 trial.py --data ./ali_only.csv,/home/meliani/Desktop/phd/fast-track,1,360000s,100,False,False,info,/home/meliani/nni-experiments,"['LSTM', 'GRU', 'CNN', 'RNN', 'TCN', 'Transformer', 'MLP']","[16, 32, 64, 128, 256]","[1, 2, 3, 4]","[0, 0.1, 0.2, 0.3, 0.5]","['relu', 'tanh', 'sigmoid', 'elu']","[1e-05, 0.01]","[2, 3, 4, 5, 6, 7, 8, 9, 10, 11, 12, 13, 14, 15, 16, 17, 18, 19, 20, 21, 22, 23, 24, 25, 26, 27, 28, 29, 30]","[16, 32, 64, 128]","[5, 10, 15, 20]","[2, 3, 5, 7]","[2, 4, 8]",random,minimize,local
ge72s3y5,91,670,1779272934444,,/home/meliani/nni-experiments/ge72s3y5,22,exp_random_100_ali_only_ali_only,hpo,/home/meliani/Desktop/phd/fast-track/search_space.json,python3 trial.py --data ./ali_only.csv,/home/meliani/Desktop/phd/fast-track,1,360000s,100,False,False,info,/home/meliani/nni-experiments,"['LSTM', 'GRU', 'CNN', 'RNN', 'TCN', 'Transformer', 'MLP']","[16, 32, 64, 128, 256]","[1, 2, 3, 4]","[0, 0.1, 0.2, 0.3, 0.5]","['relu', 'tanh', 'sigmoid', 'elu']","[1e-05, 0.01]","[2, 3, 4, 5, 6, 7, 8, 9, 10, 11, 12, 13, 14, 15, 16, 17, 18, 19, 20, 21, 22, 23, 24, 25, 26, 27, 28, 29, 30]","[16, 32, 64, 128]","[5, 10, 15, 20]","[2, 3, 5, 7]","[2, 4, 8]",random,minimize,local
ge72s3y5,92,673,1779272934444,,/home/meliani/nni-experiments/ge72s3y5,23,exp_random_100_ali_only_ali_only,hpo,/home/meliani/Desktop/phd/fast-track/search_space.json,python3 trial.py --data ./ali_only.csv,/home/meliani/Desktop/phd/fast-track,1,360000s,100,False,False,info,/home/meliani/nni-experiments,"['LSTM', 'GRU', 'CNN', 'RNN', 'TCN', 'Transformer', 'MLP']","[16, 32, 64, 128, 256]","[1, 2, 3, 4]","[0, 0.1, 0.2, 0.3, 0.5]","['relu', 'tanh', 'sigmoid', 'elu']","[1e-05, 0.01]","[2, 3, 4, 5, 6, 7, 8, 9, 10, 11, 12, 13, 14, 15, 16, 17, 18, 19, 20, 21, 22, 23, 24, 25, 26, 27, 28, 29, 30]","[16, 32, 64, 128]","[5, 10, 15, 20]","[2, 3, 5, 7]","[2, 4, 8]",random,minimize,local
ge72s3y5,93,680,1779272934444,,/home/meliani/nni-experiments/ge72s3y5,23,exp_random_100_ali_only_ali_only,hpo,/home/meliani/Desktop/phd/fast-track/search_space.json,python3 trial.py --data ./ali_only.csv,/home/meliani/Desktop/phd/fast-track,1,360000s,100,False,False,info,/home/meliani/nni-experiments,"['LSTM', 'GRU', 'CNN', 'RNN', 'TCN', 'Transformer', 'MLP']","[16, 32, 64, 128, 256]","[1, 2, 3, 4]","[0, 0.1, 0.2, 0.3, 0.5]","['relu', 'tanh', 'sigmoid', 'elu']","[1e-05, 0.01]","[2, 3, 4, 5, 6, 7, 8, 9, 10, 11, 12, 13, 14, 15, 16, 17, 18, 19, 20, 21, 22, 23, 24, 25, 26, 27, 28, 29, 30]","[16, 32, 64, 128]","[5, 10, 15, 20]","[2, 3, 5, 7]","[2, 4, 8]",random,minimize,local
ge72s3y5,94,690,1779272934444,,/home/meliani/nni-experiments/ge72s3y5,23,exp_random_100_ali_only_ali_only,hpo,/home/meliani/Desktop/phd/fast-track/search_space.json,python3 trial.py --data ./ali_only.csv,/home/meliani/Desktop/phd/fast-track,1,360000s,100,False,False,info,/home/meliani/nni-experiments,"['LSTM', 'GRU', 'CNN', 'RNN', 'TCN', 'Transformer', 'MLP']","[16, 32, 64, 128, 256]","[1, 2, 3, 4]","[0, 0.1, 0.2, 0.3, 0.5]","['relu', 'tanh', 'sigmoid', 'elu']","[1e-05, 0.01]","[2, 3, 4, 5, 6, 7, 8, 9, 10, 11, 12, 13, 14, 15, 16, 17, 18, 19, 20, 21, 22, 23, 24, 25, 26, 27, 28, 29, 30]","[16, 32, 64, 128]","[5, 10, 15, 20]","[2, 3, 5, 7]","[2, 4, 8]",random,minimize,local
ge72s3y5,95,700,1779272934444,,/home/meliani/nni-experiments/ge72s3y5,23,exp_random_100_ali_only_ali_only,hpo,/home/meliani/Desktop/phd/fast-track/search_space.json,python3 trial.py --data ./ali_only.csv,/home/meliani/Desktop/phd/fast-track,1,360000s,100,False,False,info,/home/meliani/nni-experiments,"['LSTM', 'GRU', 'CNN', 'RNN', 'TCN', 'Transformer', 'MLP']","[16, 32, 64, 128, 256]","[1, 2, 3, 4]","[0, 0.1, 0.2, 0.3, 0.5]","['relu', 'tanh', 'sigmoid', 'elu']","[1e-05, 0.01]","[2, 3, 4, 5, 6, 7, 8, 9, 10, 11, 12, 13, 14, 15, 16, 17, 18, 19, 20, 21, 22, 23, 24, 25, 26, 27, 28, 29, 30]","[16, 32, 64, 128]","[5, 10, 15, 20]","[2, 3, 5, 7]","[2, 4, 8]",random,minimize,local
ge72s3y5,96,700,1779272934444,,/home/meliani/nni-experiments/ge72s3y5,24,exp_random_100_ali_only_ali_only,hpo,/home/meliani/Desktop/phd/fast-track/search_space.json,python3 trial.py --data ./ali_only.csv,/home/meliani/Desktop/phd/fast-track,1,360000s,100,False,False,info,/home/meliani/nni-experiments,"['LSTM', 'GRU', 'CNN', 'RNN', 'TCN', 'Transformer', 'MLP']","[16, 32, 64, 128, 256]","[1, 2, 3, 4]","[0, 0.1, 0.2, 0.3, 0.5]","['relu', 'tanh', 'sigmoid', 'elu']","[1e-05, 0.01]","[2, 3, 4, 5, 6, 7, 8, 9, 10, 11, 12, 13, 14, 15, 16, 17, 18, 19, 20, 21, 22, 23, 24, 25, 26, 27, 28, 29, 30]","[16, 32, 64, 128]","[5, 10, 15, 20]","[2, 3, 5, 7]","[2, 4, 8]",random,minimize,local
ge72s3y5,97,710,1779272934444,,/home/meliani/nni-experiments/ge72s3y5,24,exp_random_100_ali_only_ali_only,hpo,/home/meliani/Desktop/phd/fast-track/search_space.json,python3 trial.py --data ./ali_only.csv,/home/meliani/Desktop/phd/fast-track,1,360000s,100,False,False,info,/home/meliani/nni-experiments,"['LSTM', 'GRU', 'CNN', 'RNN', 'TCN', 'Transformer', 'MLP']","[16, 32, 64, 128, 256]","[1, 2, 3, 4]","[0, 0.1, 0.2, 0.3, 0.5]","['relu', 'tanh', 'sigmoid', 'elu']","[1e-05, 0.01]","[2, 3, 4, 5, 6, 7, 8, 9, 10, 11, 12, 13, 14, 15, 16, 17, 18, 19, 20, 21, 22, 23, 24, 25, 26, 27, 28, 29, 30]","[16, 32, 64, 128]","[5, 10, 15, 20]","[2, 3, 5, 7]","[2, 4, 8]",random,minimize,local
ge72s3y5,98,711,1779272934444,,/home/meliani/nni-experiments/ge72s3y5,25,exp_random_100_ali_only_ali_only,hpo,/home/meliani/Desktop/phd/fast-track/search_space.json,python3 trial.py --data ./ali_only.csv,/home/meliani/Desktop/phd/fast-track,1,360000s,100,False,False,info,/home/meliani/nni-experiments,"['LSTM', 'GRU', 'CNN', 'RNN', 'TCN', 'Transformer', 'MLP']","[16, 32, 64, 128, 256]","[1, 2, 3, 4]","[0, 0.1, 0.2, 0.3, 0.5]","['relu', 'tanh', 'sigmoid', 'elu']","[1e-05, 0.01]","[2, 3, 4, 5, 6, 7, 8, 9, 10, 11, 12, 13, 14, 15, 16, 17, 18, 19, 20, 21, 22, 23, 24, 25, 26, 27, 28, 29, 30]","[16, 32, 64, 128]","[5, 10, 15, 20]","[2, 3, 5, 7]","[2, 4, 8]",random,minimize,local
ge72s3y5,99,720,1779272934444,,/home/meliani/nni-experiments/ge72s3y5,25,exp_random_100_ali_only_ali_only,hpo,/home/meliani/Desktop/phd/fast-track/search_space.json,python3 trial.py --data ./ali_only.csv,/home/meliani/Desktop/phd/fast-track,1,360000s,100,False,False,info,/home/meliani/nni-experiments,"['LSTM', 'GRU', 'CNN', 'RNN', 'TCN', 'Transformer', 'MLP']","[16, 32, 64, 128, 256]","[1, 2, 3, 4]","[0, 0.1, 0.2, 0.3, 0.5]","['relu', 'tanh', 'sigmoid', 'elu']","[1e-05, 0.01]","[2, 3, 4, 5, 6, 7, 8, 9, 10, 11, 12, 13, 14, 15, 16, 17, 18, 19, 20, 21, 22, 23, 24, 25, 26, 27, 28, 29, 30]","[16, 32, 64, 128]","[5, 10, 15, 20]","[2, 3, 5, 7]","[2, 4, 8]",random,minimize,local
ge72s3y5,100,730,1779272934444,,/home/meliani/nni-experiments/ge72s3y5,25,exp_random_100_ali_only_ali_only,hpo,/home/meliani/Desktop/phd/fast-track/search_space.json,python3 trial.py --data ./ali_only.csv,/home/meliani/Desktop/phd/fast-track,1,360000s,100,False,False,info,/home/meliani/nni-experiments,"['LSTM', 'GRU', 'CNN', 'RNN', 'TCN', 'Transformer', 'MLP']","[16, 32, 64, 128, 256]","[1, 2, 3, 4]","[0, 0.1, 0.2, 0.3, 0.5]","['relu', 'tanh', 'sigmoid', 'elu']","[1e-05, 0.01]","[2, 3, 4, 5, 6, 7, 8, 9, 10, 11, 12, 13, 14, 15, 16, 17, 18, 19, 20, 21, 22, 23, 24, 25, 26, 27, 28, 29, 30]","[16, 32, 64, 128]","[5, 10, 15, 20]","[2, 3, 5, 7]","[2, 4, 8]",random,minimize,local
ge72s3y5,101,736,1779272934444,,/home/meliani/nni-experiments/ge72s3y5,26,exp_random_100_ali_only_ali_only,hpo,/home/meliani/Desktop/phd/fast-track/search_space.json,python3 trial.py --data ./ali_only.csv,/home/meliani/Desktop/phd/fast-track,1,360000s,100,False,False,info,/home/meliani/nni-experiments,"['LSTM', 'GRU', 'CNN', 'RNN', 'TCN', 'Transformer', 'MLP']","[16, 32, 64, 128, 256]","[1, 2, 3, 4]","[0, 0.1, 0.2, 0.3, 0.5]","['relu', 'tanh', 'sigmoid', 'elu']","[1e-05, 0.01]","[2, 3, 4, 5, 6, 7, 8, 9, 10, 11, 12, 13, 14, 15, 16, 17, 18, 19, 20, 21, 22, 23, 24, 25, 26, 27, 28, 29, 30]","[16, 32, 64, 128]","[5, 10, 15, 20]","[2, 3, 5, 7]","[2, 4, 8]",random,minimize,local
ge72s3y5,102,740,1779272934444,,/home/meliani/nni-experiments/ge72s3y5,26,exp_random_100_ali_only_ali_only,hpo,/home/meliani/Desktop/phd/fast-track/search_space.json,python3 trial.py --data ./ali_only.csv,/home/meliani/Desktop/phd/fast-track,1,360000s,100,False,False,info,/home/meliani/nni-experiments,"['LSTM', 'GRU', 'CNN', 'RNN', 'TCN', 'Transformer', 'MLP']","[16, 32, 64, 128, 256]","[1, 2, 3, 4]","[0, 0.1, 0.2, 0.3, 0.5]","['relu', 'tanh', 'sigmoid', 'elu']","[1e-05, 0.01]","[2, 3, 4, 5, 6, 7, 8, 9, 10, 11, 12, 13, 14, 15, 16, 17, 18, 19, 20, 21, 22, 23, 24, 25, 26, 27, 28, 29, 30]","[16, 32, 64, 128]","[5, 10, 15, 20]","[2, 3, 5, 7]","[2, 4, 8]",random,minimize,local
ge72s3y5,103,750,1779272934444,,/home/meliani/nni-experiments/ge72s3y5,26,exp_random_100_ali_only_ali_only,hpo,/home/meliani/Desktop/phd/fast-track/search_space.json,python3 trial.py --data ./ali_only.csv,/home/meliani/Desktop/phd/fast-track,1,360000s,100,False,False,info,/home/meliani/nni-experiments,"['LSTM', 'GRU', 'CNN', 'RNN', 'TCN', 'Transformer', 'MLP']","[16, 32, 64, 128, 256]","[1, 2, 3, 4]","[0, 0.1, 0.2, 0.3, 0.5]","['relu', 'tanh', 'sigmoid', 'elu']","[1e-05, 0.01]","[2, 3, 4, 5, 6, 7, 8, 9, 10, 11, 12, 13, 14, 15, 16, 17, 18, 19, 20, 21, 22, 23, 24, 25, 26, 27, 28, 29, 30]","[16, 32, 64, 128]","[5, 10, 15, 20]","[2, 3, 5, 7]","[2, 4, 8]",random,minimize,local
ge72s3y5,104,760,1779272934444,,/home/meliani/nni-experiments/ge72s3y5,26,exp_random_100_ali_only_ali_only,hpo,/home/meliani/Desktop/phd/fast-track/search_space.json,python3 trial.py --data ./ali_only.csv,/home/meliani/Desktop/phd/fast-track,1,360000s,100,False,False,info,/home/meliani/nni-experiments,"['LSTM', 'GRU', 'CNN', 'RNN', 'TCN', 'Transformer', 'MLP']","[16, 32, 64, 128, 256]","[1, 2, 3, 4]","[0, 0.1, 0.2, 0.3, 0.5]","['relu', 'tanh', 'sigmoid', 'elu']","[1e-05, 0.01]","[2, 3, 4, 5, 6, 7, 8, 9, 10, 11, 12, 13, 14, 15, 16, 17, 18, 19, 20, 21, 22, 23, 24, 25, 26, 27, 28, 29, 30]","[16, 32, 64, 128]","[5, 10, 15, 20]","[2, 3, 5, 7]","[2, 4, 8]",random,minimize,local
ge72s3y5,105,770,1779272934444,,/home/meliani/nni-experiments/ge72s3y5,26,exp_random_100_ali_only_ali_only,hpo,/home/meliani/Desktop/phd/fast-track/search_space.json,python3 trial.py --data ./ali_only.csv,/home/meliani/Desktop/phd/fast-track,1,360000s,100,False,False,info,/home/meliani/nni-experiments,"['LSTM', 'GRU', 'CNN', 'RNN', 'TCN', 'Transformer', 'MLP']","[16, 32, 64, 128, 256]","[1, 2, 3, 4]","[0, 0.1, 0.2, 0.3, 0.5]","['relu', 'tanh', 'sigmoid', 'elu']","[1e-05, 0.01]","[2, 3, 4, 5, 6, 7, 8, 9, 10, 11, 12, 13, 14, 15, 16, 17, 18, 19, 20, 21, 22, 23, 24, 25, 26, 27, 28, 29, 30]","[16, 32, 64, 128]","[5, 10, 15, 20]","[2, 3, 5, 7]","[2, 4, 8]",random,minimize,local
ge72s3y5,106,770,1779272934444,,/home/meliani/nni-experiments/ge72s3y5,27,exp_random_100_ali_only_ali_only,hpo,/home/meliani/Desktop/phd/fast-track/search_space.json,python3 trial.py --data ./ali_only.csv,/home/meliani/Desktop/phd/fast-track,1,360000s,100,False,False,info,/home/meliani/nni-experiments,"['LSTM', 'GRU', 'CNN', 'RNN', 'TCN', 'Transformer', 'MLP']","[16, 32, 64, 128, 256]","[1, 2, 3, 4]","[0, 0.1, 0.2, 0.3, 0.5]","['relu', 'tanh', 'sigmoid', 'elu']","[1e-05, 0.01]","[2, 3, 4, 5, 6, 7, 8, 9, 10, 11, 12, 13, 14, 15, 16, 17, 18, 19, 20, 21, 22, 23, 24, 25, 26, 27, 28, 29, 30]","[16, 32, 64, 128]","[5, 10, 15, 20]","[2, 3, 5, 7]","[2, 4, 8]",random,minimize,local
ge72s3y5,107,780,1779272934444,,/home/meliani/nni-experiments/ge72s3y5,27,exp_random_100_ali_only_ali_only,hpo,/home/meliani/Desktop/phd/fast-track/search_space.json,python3 trial.py --data ./ali_only.csv,/home/meliani/Desktop/phd/fast-track,1,360000s,100,False,False,info,/home/meliani/nni-experiments,"['LSTM', 'GRU', 'CNN', 'RNN', 'TCN', 'Transformer', 'MLP']","[16, 32, 64, 128, 256]","[1, 2, 3, 4]","[0, 0.1, 0.2, 0.3, 0.5]","['relu', 'tanh', 'sigmoid', 'elu']","[1e-05, 0.01]","[2, 3, 4, 5, 6, 7, 8, 9, 10, 11, 12, 13, 14, 15, 16, 17, 18, 19, 20, 21, 22, 23, 24, 25, 26, 27, 28, 29, 30]","[16, 32, 64, 128]","[5, 10, 15, 20]","[2, 3, 5, 7]","[2, 4, 8]",random,minimize,local
ge72s3y5,108,790,1779272934444,,/home/meliani/nni-experiments/ge72s3y5,27,exp_random_100_ali_only_ali_only,hpo,/home/meliani/Desktop/phd/fast-track/search_space.json,python3 trial.py --data ./ali_only.csv,/home/meliani/Desktop/phd/fast-track,1,360000s,100,False,False,info,/home/meliani/nni-experiments,"['LSTM', 'GRU', 'CNN', 'RNN', 'TCN', 'Transformer', 'MLP']","[16, 32, 64, 128, 256]","[1, 2, 3, 4]","[0, 0.1, 0.2, 0.3, 0.5]","['relu', 'tanh', 'sigmoid', 'elu']","[1e-05, 0.01]","[2, 3, 4, 5, 6, 7, 8, 9, 10, 11, 12, 13, 14, 15, 16, 17, 18, 19, 20, 21, 22, 23, 24, 25, 26, 27, 28, 29, 30]","[16, 32, 64, 128]","[5, 10, 15, 20]","[2, 3, 5, 7]","[2, 4, 8]",random,minimize,local
ge72s3y5,109,800,1779272934444,,/home/meliani/nni-experiments/ge72s3y5,27,exp_random_100_ali_only_ali_only,hpo,/home/meliani/Desktop/phd/fast-track/search_space.json,python3 trial.py --data ./ali_only.csv,/home/meliani/Desktop/phd/fast-track,1,360000s,100,False,False,info,/home/meliani/nni-experiments,"['LSTM', 'GRU', 'CNN', 'RNN', 'TCN', 'Transformer', 'MLP']","[16, 32, 64, 128, 256]","[1, 2, 3, 4]","[0, 0.1, 0.2, 0.3, 0.5]","['relu', 'tanh', 'sigmoid', 'elu']","[1e-05, 0.01]","[2, 3, 4, 5, 6, 7, 8, 9, 10, 11, 12, 13, 14, 15, 16, 17, 18, 19, 20, 21, 22, 23, 24, 25, 26, 27, 28, 29, 30]","[16, 32, 64, 128]","[5, 10, 15, 20]","[2, 3, 5, 7]","[2, 4, 8]",random,minimize,local
ge72s3y5,110,810,1779272934444,,/home/meliani/nni-experiments/ge72s3y5,27,exp_random_100_ali_only_ali_only,hpo,/home/meliani/Desktop/phd/fast-track/search_space.json,python3 trial.py --data ./ali_only.csv,/home/meliani/Desktop/phd/fast-track,1,360000s,100,False,False,info,/home/meliani/nni-experiments,"['LSTM', 'GRU', 'CNN', 'RNN', 'TCN', 'Transformer', 'MLP']","[16, 32, 64, 128, 256]","[1, 2, 3, 4]","[0, 0.1, 0.2, 0.3, 0.5]","['relu', 'tanh', 'sigmoid', 'elu']","[1e-05, 0.01]","[2, 3, 4, 5, 6, 7, 8, 9, 10, 11, 12, 13, 14, 15, 16, 17, 18, 19, 20, 21, 22, 23, 24, 25, 26, 27, 28, 29, 30]","[16, 32, 64, 128]","[5, 10, 15, 20]","[2, 3, 5, 7]","[2, 4, 8]",random,minimize,local
ge72s3y5,111,820,1779272934444,,/home/meliani/nni-experiments/ge72s3y5,28,exp_random_100_ali_only_ali_only,hpo,/home/meliani/Desktop/phd/fast-track/search_space.json,python3 trial.py --data ./ali_only.csv,/home/meliani/Desktop/phd/fast-track,1,360000s,100,False,False,info,/home/meliani/nni-experiments,"['LSTM', 'GRU', 'CNN', 'RNN', 'TCN', 'Transformer', 'MLP']","[16, 32, 64, 128, 256]","[1, 2, 3, 4]","[0, 0.1, 0.2, 0.3, 0.5]","['relu', 'tanh', 'sigmoid', 'elu']","[1e-05, 0.01]","[2, 3, 4, 5, 6, 7, 8, 9, 10, 11, 12, 13, 14, 15, 16, 17, 18, 19, 20, 21, 22, 23, 24, 25, 26, 27, 28, 29, 30]","[16, 32, 64, 128]","[5, 10, 15, 20]","[2, 3, 5, 7]","[2, 4, 8]",random,minimize,local
ge72s3y5,112,820,1779272934444,,/home/meliani/nni-experiments/ge72s3y5,28,exp_random_100_ali_only_ali_only,hpo,/home/meliani/Desktop/phd/fast-track/search_space.json,python3 trial.py --data ./ali_only.csv,/home/meliani/Desktop/phd/fast-track,1,360000s,100,False,False,info,/home/meliani/nni-experiments,"['LSTM', 'GRU', 'CNN', 'RNN', 'TCN', 'Transformer', 'MLP']","[16, 32, 64, 128, 256]","[1, 2, 3, 4]","[0, 0.1, 0.2, 0.3, 0.5]","['relu', 'tanh', 'sigmoid', 'elu']","[1e-05, 0.01]","[2, 3, 4, 5, 6, 7, 8, 9, 10, 11, 12, 13, 14, 15, 16, 17, 18, 19, 20, 21, 22, 23, 24, 25, 26, 27, 28, 29, 30]","[16, 32, 64, 128]","[5, 10, 15, 20]","[2, 3, 5, 7]","[2, 4, 8]",random,minimize,local
ge72s3y5,113,830,1779272934444,,/home/meliani/nni-experiments/ge72s3y5,28,exp_random_100_ali_only_ali_only,hpo,/home/meliani/Desktop/phd/fast-track/search_space.json,python3 trial.py --data ./ali_only.csv,/home/meliani/Desktop/phd/fast-track,1,360000s,100,False,False,info,/home/meliani/nni-experiments,"['LSTM', 'GRU', 'CNN', 'RNN', 'TCN', 'Transformer', 'MLP']","[16, 32, 64, 128, 256]","[1, 2, 3, 4]","[0, 0.1, 0.2, 0.3, 0.5]","['relu', 'tanh', 'sigmoid', 'elu']","[1e-05, 0.01]","[2, 3, 4, 5, 6, 7, 8, 9, 10, 11, 12, 13, 14, 15, 16, 17, 18, 19, 20, 21, 22, 23, 24, 25, 26, 27, 28, 29, 30]","[16, 32, 64, 128]","[5, 10, 15, 20]","[2, 3, 5, 7]","[2, 4, 8]",random,minimize,local
ge72s3y5,114,840,1779272934444,,/home/meliani/nni-experiments/ge72s3y5,28,exp_random_100_ali_only_ali_only,hpo,/home/meliani/Desktop/phd/fast-track/search_space.json,python3 trial.py --data ./ali_only.csv,/home/meliani/Desktop/phd/fast-track,1,360000s,100,False,False,info,/home/meliani/nni-experiments,"['LSTM', 'GRU', 'CNN', 'RNN', 'TCN', 'Transformer', 'MLP']","[16, 32, 64, 128, 256]","[1, 2, 3, 4]","[0, 0.1, 0.2, 0.3, 0.5]","['relu', 'tanh', 'sigmoid', 'elu']","[1e-05, 0.01]","[2, 3, 4, 5, 6, 7, 8, 9, 10, 11, 12, 13, 14, 15, 16, 17, 18, 19, 20, 21, 22, 23, 24, 25, 26, 27, 28, 29, 30]","[16, 32, 64, 128]","[5, 10, 15, 20]","[2, 3, 5, 7]","[2, 4, 8]",random,minimize,local
ge72s3y5,115,850,1779272934444,,/home/meliani/nni-experiments/ge72s3y5,28,exp_random_100_ali_only_ali_only,hpo,/home/meliani/Desktop/phd/fast-track/search_space.json,python3 trial.py --data ./ali_only.csv,/home/meliani/Desktop/phd/fast-track,1,360000s,100,False,False,info,/home/meliani/nni-experiments,"['LSTM', 'GRU', 'CNN', 'RNN', 'TCN', 'Transformer', 'MLP']","[16, 32, 64, 128, 256]","[1, 2, 3, 4]","[0, 0.1, 0.2, 0.3, 0.5]","['relu', 'tanh', 'sigmoid', 'elu']","[1e-05, 0.01]","[2, 3, 4, 5, 6, 7, 8, 9, 10, 11, 12, 13, 14, 15, 16, 17, 18, 19, 20, 21, 22, 23, 24, 25, 26, 27, 28, 29, 30]","[16, 32, 64, 128]","[5, 10, 15, 20]","[2, 3, 5, 7]","[2, 4, 8]",random,minimize,local
ge72s3y5,116,860,1779272934444,,/home/meliani/nni-experiments/ge72s3y5,28,exp_random_100_ali_only_ali_only,hpo,/home/meliani/Desktop/phd/fast-track/search_space.json,python3 trial.py --data ./ali_only.csv,/home/meliani/Desktop/phd/fast-track,1,360000s,100,False,False,info,/home/meliani/nni-experiments,"['LSTM', 'GRU', 'CNN', 'RNN', 'TCN', 'Transformer', 'MLP']","[16, 32, 64, 128, 256]","[1, 2, 3, 4]","[0, 0.1, 0.2, 0.3, 0.5]","['relu', 'tanh', 'sigmoid', 'elu']","[1e-05, 0.01]","[2, 3, 4, 5, 6, 7, 8, 9, 10, 11, 12, 13, 14, 15, 16, 17, 18, 19, 20, 21, 22, 23, 24, 25, 26, 27, 28, 29, 30]","[16, 32, 64, 128]","[5, 10, 15, 20]","[2, 3, 5, 7]","[2, 4, 8]",random,minimize,local
ge72s3y5,117,870,1779272934444,,/home/meliani/nni-experiments/ge72s3y5,28,exp_random_100_ali_only_ali_only,hpo,/home/meliani/Desktop/phd/fast-track/search_space.json,python3 trial.py --data ./ali_only.csv,/home/meliani/Desktop/phd/fast-track,1,360000s,100,False,False,info,/home/meliani/nni-experiments,"['LSTM', 'GRU', 'CNN', 'RNN', 'TCN', 'Transformer', 'MLP']","[16, 32, 64, 128, 256]","[1, 2, 3, 4]","[0, 0.1, 0.2, 0.3, 0.5]","['relu', 'tanh', 'sigmoid', 'elu']","[1e-05, 0.01]","[2, 3, 4, 5, 6, 7, 8, 9, 10, 11, 12, 13, 14, 15, 16, 17, 18, 19, 20, 21, 22, 23, 24, 25, 26, 27, 28, 29, 30]","[16, 32, 64, 128]","[5, 10, 15, 20]","[2, 3, 5, 7]","[2, 4, 8]",random,minimize,local
ge72s3y5,118,880,1779272934444,,/home/meliani/nni-experiments/ge72s3y5,28,exp_random_100_ali_only_ali_only,hpo,/home/meliani/Desktop/phd/fast-track/search_space.json,python3 trial.py --data ./ali_only.csv,/home/meliani/Desktop/phd/fast-track,1,360000s,100,False,False,info,/home/meliani/nni-experiments,"['LSTM', 'GRU', 'CNN', 'RNN', 'TCN', 'Transformer', 'MLP']","[16, 32, 64, 128, 256]","[1, 2, 3, 4]","[0, 0.1, 0.2, 0.3, 0.5]","['relu', 'tanh', 'sigmoid', 'elu']","[1e-05, 0.01]","[2, 3, 4, 5, 6, 7, 8, 9, 10, 11, 12, 13, 14, 15, 16, 17, 18, 19, 20, 21, 22, 23, 24, 25, 26, 27, 28, 29, 30]","[16, 32, 64, 128]","[5, 10, 15, 20]","[2, 3, 5, 7]","[2, 4, 8]",random,minimize,local
ge72s3y5,119,890,1779272934444,,/home/meliani/nni-experiments/ge72s3y5,28,exp_random_100_ali_only_ali_only,hpo,/home/meliani/Desktop/phd/fast-track/search_space.json,python3 trial.py --data ./ali_only.csv,/home/meliani/Desktop/phd/fast-track,1,360000s,100,False,False,info,/home/meliani/nni-experiments,"['LSTM', 'GRU', 'CNN', 'RNN', 'TCN', 'Transformer', 'MLP']","[16, 32, 64, 128, 256]","[1, 2, 3, 4]","[0, 0.1, 0.2, 0.3, 0.5]","['relu', 'tanh', 'sigmoid', 'elu']","[1e-05, 0.01]","[2, 3, 4, 5, 6, 7, 8, 9, 10, 11, 12, 13, 14, 15, 16, 17, 18, 19, 20, 21, 22, 23, 24, 25, 26, 27, 28, 29, 30]","[16, 32, 64, 128]","[5, 10, 15, 20]","[2, 3, 5, 7]","[2, 4, 8]",random,minimize,local
ge72s3y5,120,900,1779272934444,,/home/meliani/nni-experiments/ge72s3y5,28,exp_random_100_ali_only_ali_only,hpo,/home/meliani/Desktop/phd/fast-track/search_space.json,python3 trial.py --data ./ali_only.csv,/home/meliani/Desktop/phd/fast-track,1,360000s,100,False,False,info,/home/meliani/nni-experiments,"['LSTM', 'GRU', 'CNN', 'RNN', 'TCN', 'Transformer', 'MLP']","[16, 32, 64, 128, 256]","[1, 2, 3, 4]","[0, 0.1, 0.2, 0.3, 0.5]","['relu', 'tanh', 'sigmoid', 'elu']","[1e-05, 0.01]","[2, 3, 4, 5, 6, 7, 8, 9, 10, 11, 12, 13, 14, 15, 16, 17, 18, 19, 20, 21, 22, 23, 24, 25, 26, 27, 28, 29, 30]","[16, 32, 64, 128]","[5, 10, 15, 20]","[2, 3, 5, 7]","[2, 4, 8]",random,minimize,local
ge72s3y5,121,910,1779272934444,,/home/meliani/nni-experiments/ge72s3y5,28,exp_random_100_ali_only_ali_only,hpo,/home/meliani/Desktop/phd/fast-track/search_space.json,python3 trial.py --data ./ali_only.csv,/home/meliani/Desktop/phd/fast-track,1,360000s,100,False,False,info,/home/meliani/nni-experiments,"['LSTM', 'GRU', 'CNN', 'RNN', 'TCN', 'Transformer', 'MLP']","[16, 32, 64, 128, 256]","[1, 2, 3, 4]","[0, 0.1, 0.2, 0.3, 0.5]","['relu', 'tanh', 'sigmoid', 'elu']","[1e-05, 0.01]","[2, 3, 4, 5, 6, 7, 8, 9, 10, 11, 12, 13, 14, 15, 16, 17, 18, 19, 20, 21, 22, 23, 24, 25, 26, 27, 28, 29, 30]","[16, 32, 64, 128]","[5, 10, 15, 20]","[2, 3, 5, 7]","[2, 4, 8]",random,minimize,local
ge72s3y5,122,920,1779272934444,,/home/meliani/nni-experiments/ge72s3y5,28,exp_random_100_ali_only_ali_only,hpo,/home/meliani/Desktop/phd/fast-track/search_space.json,python3 trial.py --data ./ali_only.csv,/home/meliani/Desktop/phd/fast-track,1,360000s,100,False,False,info,/home/meliani/nni-experiments,"['LSTM', 'GRU', 'CNN', 'RNN', 'TCN', 'Transformer', 'MLP']","[16, 32, 64, 128, 256]","[1, 2, 3, 4]","[0, 0.1, 0.2, 0.3, 0.5]","['relu', 'tanh', 'sigmoid', 'elu']","[1e-05, 0.01]","[2, 3, 4, 5, 6, 7, 8, 9, 10, 11, 12, 13, 14, 15, 16, 17, 18, 19, 20, 21, 22, 23, 24, 25, 26, 27, 28, 29, 30]","[16, 32, 64, 128]","[5, 10, 15, 20]","[2, 3, 5, 7]","[2, 4, 8]",random,minimize,local
ge72s3y5,123,930,1779272934444,,/home/meliani/nni-experiments/ge72s3y5,28,exp_random_100_ali_only_ali_only,hpo,/home/meliani/Desktop/phd/fast-track/search_space.json,python3 trial.py --data ./ali_only.csv,/home/meliani/Desktop/phd/fast-track,1,360000s,100,False,False,info,/home/meliani/nni-experiments,"['LSTM', 'GRU', 'CNN', 'RNN', 'TCN', 'Transformer', 'MLP']","[16, 32, 64, 128, 256]","[1, 2, 3, 4]","[0, 0.1, 0.2, 0.3, 0.5]","['relu', 'tanh', 'sigmoid', 'elu']","[1e-05, 0.01]","[2, 3, 4, 5, 6, 7, 8, 9, 10, 11, 12, 13, 14, 15, 16, 17, 18, 19, 20, 21, 22, 23, 24, 25, 26, 27, 28, 29, 30]","[16, 32, 64, 128]","[5, 10, 15, 20]","[2, 3, 5, 7]","[2, 4, 8]",random,minimize,local
ge72s3y5,124,940,1779272934444,,/home/meliani/nni-experiments/ge72s3y5,28,exp_random_100_ali_only_ali_only,hpo,/home/meliani/Desktop/phd/fast-track/search_space.json,python3 trial.py --data ./ali_only.csv,/home/meliani/Desktop/phd/fast-track,1,360000s,100,False,False,info,/home/meliani/nni-experiments,"['LSTM', 'GRU', 'CNN', 'RNN', 'TCN', 'Transformer', 'MLP']","[16, 32, 64, 128, 256]","[1, 2, 3, 4]","[0, 0.1, 0.2, 0.3, 0.5]","['relu', 'tanh', 'sigmoid', 'elu']","[1e-05, 0.01]","[2, 3, 4, 5, 6, 7, 8, 9, 10, 11, 12, 13, 14, 15, 16, 17, 18, 19, 20, 21, 22, 23, 24, 25, 26, 27, 28, 29, 30]","[16, 32, 64, 128]","[5, 10, 15, 20]","[2, 3, 5, 7]","[2, 4, 8]",random,minimize,local
ge72s3y5,125,950,1779272934444,,/home/meliani/nni-experiments/ge72s3y5,28,exp_random_100_ali_only_ali_only,hpo,/home/meliani/Desktop/phd/fast-track/search_space.json,python3 trial.py --data ./ali_only.csv,/home/meliani/Desktop/phd/fast-track,1,360000s,100,False,False,info,/home/meliani/nni-experiments,"['LSTM', 'GRU', 'CNN', 'RNN', 'TCN', 'Transformer', 'MLP']","[16, 32, 64, 128, 256]","[1, 2, 3, 4]","[0, 0.1, 0.2, 0.3, 0.5]","['relu', 'tanh', 'sigmoid', 'elu']","[1e-05, 0.01]","[2, 3, 4, 5, 6, 7, 8, 9, 10, 11, 12, 13, 14, 15, 16, 17, 18, 19, 20, 21, 22, 23, 24, 25, 26, 27, 28, 29, 30]","[16, 32, 64, 128]","[5, 10, 15, 20]","[2, 3, 5, 7]","[2, 4, 8]",random,minimize,local
ge72s3y5,126,960,1779272934444,,/home/meliani/nni-experiments/ge72s3y5,28,exp_random_100_ali_only_ali_only,hpo,/home/meliani/Desktop/phd/fast-track/search_space.json,python3 trial.py --data ./ali_only.csv,/home/meliani/Desktop/phd/fast-track,1,360000s,100,False,False,info,/home/meliani/nni-experiments,"['LSTM', 'GRU', 'CNN', 'RNN', 'TCN', 'Transformer', 'MLP']","[16, 32, 64, 128, 256]","[1, 2, 3, 4]","[0, 0.1, 0.2, 0.3, 0.5]","['relu', 'tanh', 'sigmoid', 'elu']","[1e-05, 0.01]","[2, 3, 4, 5, 6, 7, 8, 9, 10, 11, 12, 13, 14, 15, 16, 17, 18, 19, 20, 21, 22, 23, 24, 25, 26, 27, 28, 29, 30]","[16, 32, 64, 128]","[5, 10, 15, 20]","[2, 3, 5, 7]","[2, 4, 8]",random,minimize,local
ge72s3y5,127,967,1779272934444,,/home/meliani/nni-experiments/ge72s3y5,29,exp_random_100_ali_only_ali_only,hpo,/home/meliani/Desktop/phd/fast-track/search_space.json,python3 trial.py --data ./ali_only.csv,/home/meliani/Desktop/phd/fast-track,1,360000s,100,False,False,info,/home/meliani/nni-experiments,"['LSTM', 'GRU', 'CNN', 'RNN', 'TCN', 'Transformer', 'MLP']","[16, 32, 64, 128, 256]","[1, 2, 3, 4]","[0, 0.1, 0.2, 0.3, 0.5]","['relu', 'tanh', 'sigmoid', 'elu']","[1e-05, 0.01]","[2, 3, 4, 5, 6, 7, 8, 9, 10, 11, 12, 13, 14, 15, 16, 17, 18, 19, 20, 21, 22, 23, 24, 25, 26, 27, 28, 29, 30]","[16, 32, 64, 128]","[5, 10, 15, 20]","[2, 3, 5, 7]","[2, 4, 8]",random,minimize,local
ge72s3y5,128,970,1779272934444,,/home/meliani/nni-experiments/ge72s3y5,29,exp_random_100_ali_only_ali_only,hpo,/home/meliani/Desktop/phd/fast-track/search_space.json,python3 trial.py --data ./ali_only.csv,/home/meliani/Desktop/phd/fast-track,1,360000s,100,False,False,info,/home/meliani/nni-experiments,"['LSTM', 'GRU', 'CNN', 'RNN', 'TCN', 'Transformer', 'MLP']","[16, 32, 64, 128, 256]","[1, 2, 3, 4]","[0, 0.1, 0.2, 0.3, 0.5]","['relu', 'tanh', 'sigmoid', 'elu']","[1e-05, 0.01]","[2, 3, 4, 5, 6, 7, 8, 9, 10, 11, 12, 13, 14, 15, 16, 17, 18, 19, 20, 21, 22, 23, 24, 25, 26, 27, 28, 29, 30]","[16, 32, 64, 128]","[5, 10, 15, 20]","[2, 3, 5, 7]","[2, 4, 8]",random,minimize,local
ge72s3y5,129,973,1779272934444,,/home/meliani/nni-experiments/ge72s3y5,30,exp_random_100_ali_only_ali_only,hpo,/home/meliani/Desktop/phd/fast-track/search_space.json,python3 trial.py --data ./ali_only.csv,/home/meliani/Desktop/phd/fast-track,1,360000s,100,False,False,info,/home/meliani/nni-experiments,"['LSTM', 'GRU', 'CNN', 'RNN', 'TCN', 'Transformer', 'MLP']","[16, 32, 64, 128, 256]","[1, 2, 3, 4]","[0, 0.1, 0.2, 0.3, 0.5]","['relu', 'tanh', 'sigmoid', 'elu']","[1e-05, 0.01]","[2, 3, 4, 5, 6, 7, 8, 9, 10, 11, 12, 13, 14, 15, 16, 17, 18, 19, 20, 21, 22, 23, 24, 25, 26, 27, 28, 29, 30]","[16, 32, 64, 128]","[5, 10, 15, 20]","[2, 3, 5, 7]","[2, 4, 8]",random,minimize,local
ge72s3y5,130,980,1779272934444,,/home/meliani/nni-experiments/ge72s3y5,30,exp_random_100_ali_only_ali_only,hpo,/home/meliani/Desktop/phd/fast-track/search_space.json,python3 trial.py --data ./ali_only.csv,/home/meliani/Desktop/phd/fast-track,1,360000s,100,False,False,info,/home/meliani/nni-experiments,"['LSTM', 'GRU', 'CNN', 'RNN', 'TCN', 'Transformer', 'MLP']","[16, 32, 64, 128, 256]","[1, 2, 3, 4]","[0, 0.1, 0.2, 0.3, 0.5]","['relu', 'tanh', 'sigmoid', 'elu']","[1e-05, 0.01]","[2, 3, 4, 5, 6, 7, 8, 9, 10, 11, 12, 13, 14, 15, 16, 17, 18, 19, 20, 21, 22, 23, 24, 25, 26, 27, 28, 29, 30]","[16, 32, 64, 128]","[5, 10, 15, 20]","[2, 3, 5, 7]","[2, 4, 8]",random,minimize,local
ge72s3y5,131,990,1779272934444,,/home/meliani/nni-experiments/ge72s3y5,30,exp_random_100_ali_only_ali_only,hpo,/home/meliani/Desktop/phd/fast-track/search_space.json,python3 trial.py --data ./ali_only.csv,/home/meliani/Desktop/phd/fast-track,1,360000s,100,False,False,info,/home/meliani/nni-experiments,"['LSTM', 'GRU', 'CNN', 'RNN', 'TCN', 'Transformer', 'MLP']","[16, 32, 64, 128, 256]","[1, 2, 3, 4]","[0, 0.1, 0.2, 0.3, 0.5]","['relu', 'tanh', 'sigmoid', 'elu']","[1e-05, 0.01]","[2, 3, 4, 5, 6, 7, 8, 9, 10, 11, 12, 13, 14, 15, 16, 17, 18, 19, 20, 21, 22, 23, 24, 25, 26, 27, 28, 29, 30]","[16, 32, 64, 128]","[5, 10, 15, 20]","[2, 3, 5, 7]","[2, 4, 8]",random,minimize,local
ge72s3y5,132,1000,1779272934444,,/home/meliani/nni-experiments/ge72s3y5,30,exp_random_100_ali_only_ali_only,hpo,/home/meliani/Desktop/phd/fast-track/search_space.json,python3 trial.py --data ./ali_only.csv,/home/meliani/Desktop/phd/fast-track,1,360000s,100,False,False,info,/home/meliani/nni-experiments,"['LSTM', 'GRU', 'CNN', 'RNN', 'TCN', 'Transformer', 'MLP']","[16, 32, 64, 128, 256]","[1, 2, 3, 4]","[0, 0.1, 0.2, 0.3, 0.5]","['relu', 'tanh', 'sigmoid', 'elu']","[1e-05, 0.01]","[2, 3, 4, 5, 6, 7, 8, 9, 10, 11, 12, 13, 14, 15, 16, 17, 18, 19, 20, 21, 22, 23, 24, 25, 26, 27, 28, 29, 30]","[16, 32, 64, 128]","[5, 10, 15, 20]","[2, 3, 5, 7]","[2, 4, 8]",random,minimize,local
ge72s3y5,133,1010,1779272934444,,/home/meliani/nni-experiments/ge72s3y5,30,exp_random_100_ali_only_ali_only,hpo,/home/meliani/Desktop/phd/fast-track/search_space.json,python3 trial.py --data ./ali_only.csv,/home/meliani/Desktop/phd/fast-track,1,360000s,100,False,False,info,/home/meliani/nni-experiments,"['LSTM', 'GRU', 'CNN', 'RNN', 'TCN', 'Transformer', 'MLP']","[16, 32, 64, 128, 256]","[1, 2, 3, 4]","[0, 0.1, 0.2, 0.3, 0.5]","['relu', 'tanh', 'sigmoid', 'elu']","[1e-05, 0.01]","[2, 3, 4, 5, 6, 7, 8, 9, 10, 11, 12, 13, 14, 15, 16, 17, 18, 19, 20, 21, 22, 23, 24, 25, 26, 27, 28, 29, 30]","[16, 32, 64, 128]","[5, 10, 15, 20]","[2, 3, 5, 7]","[2, 4, 8]",random,minimize,local
ge72s3y5,134,1018,1779272934444,,/home/meliani/nni-experiments/ge72s3y5,31,exp_random_100_ali_only_ali_only,hpo,/home/meliani/Desktop/phd/fast-track/search_space.json,python3 trial.py --data ./ali_only.csv,/home/meliani/Desktop/phd/fast-track,1,360000s,100,False,False,info,/home/meliani/nni-experiments,"['LSTM', 'GRU', 'CNN', 'RNN', 'TCN', 'Transformer', 'MLP']","[16, 32, 64, 128, 256]","[1, 2, 3, 4]","[0, 0.1, 0.2, 0.3, 0.5]","['relu', 'tanh', 'sigmoid', 'elu']","[1e-05, 0.01]","[2, 3, 4, 5, 6, 7, 8, 9, 10, 11, 12, 13, 14, 15, 16, 17, 18, 19, 20, 21, 22, 23, 24, 25, 26, 27, 28, 29, 30]","[16, 32, 64, 128]","[5, 10, 15, 20]","[2, 3, 5, 7]","[2, 4, 8]",random,minimize,local
ge72s3y5,135,1020,1779272934444,,/home/meliani/nni-experiments/ge72s3y5,31,exp_random_100_ali_only_ali_only,hpo,/home/meliani/Desktop/phd/fast-track/search_space.json,python3 trial.py --data ./ali_only.csv,/home/meliani/Desktop/phd/fast-track,1,360000s,100,False,False,info,/home/meliani/nni-experiments,"['LSTM', 'GRU', 'CNN', 'RNN', 'TCN', 'Transformer', 'MLP']","[16, 32, 64, 128, 256]","[1, 2, 3, 4]","[0, 0.1, 0.2, 0.3, 0.5]","['relu', 'tanh', 'sigmoid', 'elu']","[1e-05, 0.01]","[2, 3, 4, 5, 6, 7, 8, 9, 10, 11, 12, 13, 14, 15, 16, 17, 18, 19, 20, 21, 22, 23, 24, 25, 26, 27, 28, 29, 30]","[16, 32, 64, 128]","[5, 10, 15, 20]","[2, 3, 5, 7]","[2, 4, 8]",random,minimize,local
ge72s3y5,136,1029,1779272934444,,/home/meliani/nni-experiments/ge72s3y5,32,exp_random_100_ali_only_ali_only,hpo,/home/meliani/Desktop/phd/fast-track/search_space.json,python3 trial.py --data ./ali_only.csv,/home/meliani/Desktop/phd/fast-track,1,360000s,100,False,False,info,/home/meliani/nni-experiments,"['LSTM', 'GRU', 'CNN', 'RNN', 'TCN', 'Transformer', 'MLP']","[16, 32, 64, 128, 256]","[1, 2, 3, 4]","[0, 0.1, 0.2, 0.3, 0.5]","['relu', 'tanh', 'sigmoid', 'elu']","[1e-05, 0.01]","[2, 3, 4, 5, 6, 7, 8, 9, 10, 11, 12, 13, 14, 15, 16, 17, 18, 19, 20, 21, 22, 23, 24, 25, 26, 27, 28, 29, 30]","[16, 32, 64, 128]","[5, 10, 15, 20]","[2, 3, 5, 7]","[2, 4, 8]",random,minimize,local
ge72s3y5,137,1030,1779272934444,,/home/meliani/nni-experiments/ge72s3y5,32,exp_random_100_ali_only_ali_only,hpo,/home/meliani/Desktop/phd/fast-track/search_space.json,python3 trial.py --data ./ali_only.csv,/home/meliani/Desktop/phd/fast-track,1,360000s,100,False,False,info,/home/meliani/nni-experiments,"['LSTM', 'GRU', 'CNN', 'RNN', 'TCN', 'Transformer', 'MLP']","[16, 32, 64, 128, 256]","[1, 2, 3, 4]","[0, 0.1, 0.2, 0.3, 0.5]","['relu', 'tanh', 'sigmoid', 'elu']","[1e-05, 0.01]","[2, 3, 4, 5, 6, 7, 8, 9, 10, 11, 12, 13, 14, 15, 16, 17, 18, 19, 20, 21, 22, 23, 24, 25, 26, 27, 28, 29, 30]","[16, 32, 64, 128]","[5, 10, 15, 20]","[2, 3, 5, 7]","[2, 4, 8]",random,minimize,local
ge72s3y5,138,1040,1779272934444,,/home/meliani/nni-experiments/ge72s3y5,32,exp_random_100_ali_only_ali_only,hpo,/home/meliani/Desktop/phd/fast-track/search_space.json,python3 trial.py --data ./ali_only.csv,/home/meliani/Desktop/phd/fast-track,1,360000s,100,False,False,info,/home/meliani/nni-experiments,"['LSTM', 'GRU', 'CNN', 'RNN', 'TCN', 'Transformer', 'MLP']","[16, 32, 64, 128, 256]","[1, 2, 3, 4]","[0, 0.1, 0.2, 0.3, 0.5]","['relu', 'tanh', 'sigmoid', 'elu']","[1e-05, 0.01]","[2, 3, 4, 5, 6, 7, 8, 9, 10, 11, 12, 13, 14, 15, 16, 17, 18, 19, 20, 21, 22, 23, 24, 25, 26, 27, 28, 29, 30]","[16, 32, 64, 128]","[5, 10, 15, 20]","[2, 3, 5, 7]","[2, 4, 8]",random,minimize,local
ge72s3y5,139,1048,1779272934444,,/home/meliani/nni-experiments/ge72s3y5,33,exp_random_100_ali_only_ali_only,hpo,/home/meliani/Desktop/phd/fast-track/search_space.json,python3 trial.py --data ./ali_only.csv,/home/meliani/Desktop/phd/fast-track,1,360000s,100,False,False,info,/home/meliani/nni-experiments,"['LSTM', 'GRU', 'CNN', 'RNN', 'TCN', 'Transformer', 'MLP']","[16, 32, 64, 128, 256]","[1, 2, 3, 4]","[0, 0.1, 0.2, 0.3, 0.5]","['relu', 'tanh', 'sigmoid', 'elu']","[1e-05, 0.01]","[2, 3, 4, 5, 6, 7, 8, 9, 10, 11, 12, 13, 14, 15, 16, 17, 18, 19, 20, 21, 22, 23, 24, 25, 26, 27, 28, 29, 30]","[16, 32, 64, 128]","[5, 10, 15, 20]","[2, 3, 5, 7]","[2, 4, 8]",random,minimize,local
ge72s3y5,140,1050,1779272934444,,/home/meliani/nni-experiments/ge72s3y5,33,exp_random_100_ali_only_ali_only,hpo,/home/meliani/Desktop/phd/fast-track/search_space.json,python3 trial.py --data ./ali_only.csv,/home/meliani/Desktop/phd/fast-track,1,360000s,100,False,False,info,/home/meliani/nni-experiments,"['LSTM', 'GRU', 'CNN', 'RNN', 'TCN', 'Transformer', 'MLP']","[16, 32, 64, 128, 256]","[1, 2, 3, 4]","[0, 0.1, 0.2, 0.3, 0.5]","['relu', 'tanh', 'sigmoid', 'elu']","[1e-05, 0.01]","[2, 3, 4, 5, 6, 7, 8, 9, 10, 11, 12, 13, 14, 15, 16, 17, 18, 19, 20, 21, 22, 23, 24, 25, 26, 27, 28, 29, 30]","[16, 32, 64, 128]","[5, 10, 15, 20]","[2, 3, 5, 7]","[2, 4, 8]",random,minimize,local
ge72s3y5,141,1053,1779272934444,,/home/meliani/nni-experiments/ge72s3y5,34,exp_random_100_ali_only_ali_only,hpo,/home/meliani/Desktop/phd/fast-track/search_space.json,python3 trial.py --data ./ali_only.csv,/home/meliani/Desktop/phd/fast-track,1,360000s,100,False,False,info,/home/meliani/nni-experiments,"['LSTM', 'GRU', 'CNN', 'RNN', 'TCN', 'Transformer', 'MLP']","[16, 32, 64, 128, 256]","[1, 2, 3, 4]","[0, 0.1, 0.2, 0.3, 0.5]","['relu', 'tanh', 'sigmoid', 'elu']","[1e-05, 0.01]","[2, 3, 4, 5, 6, 7, 8, 9, 10, 11, 12, 13, 14, 15, 16, 17, 18, 19, 20, 21, 22, 23, 24, 25, 26, 27, 28, 29, 30]","[16, 32, 64, 128]","[5, 10, 15, 20]","[2, 3, 5, 7]","[2, 4, 8]",random,minimize,local
ge72s3y5,142,1060,1779272934444,,/home/meliani/nni-experiments/ge72s3y5,34,exp_random_100_ali_only_ali_only,hpo,/home/meliani/Desktop/phd/fast-track/search_space.json,python3 trial.py --data ./ali_only.csv,/home/meliani/Desktop/phd/fast-track,1,360000s,100,False,False,info,/home/meliani/nni-experiments,"['LSTM', 'GRU', 'CNN', 'RNN', 'TCN', 'Transformer', 'MLP']","[16, 32, 64, 128, 256]","[1, 2, 3, 4]","[0, 0.1, 0.2, 0.3, 0.5]","['relu', 'tanh', 'sigmoid', 'elu']","[1e-05, 0.01]","[2, 3, 4, 5, 6, 7, 8, 9, 10, 11, 12, 13, 14, 15, 16, 17, 18, 19, 20, 21, 22, 23, 24, 25, 26, 27, 28, 29, 30]","[16, 32, 64, 128]","[5, 10, 15, 20]","[2, 3, 5, 7]","[2, 4, 8]",random,minimize,local
ge72s3y5,143,1063,1779272934444,,/home/meliani/nni-experiments/ge72s3y5,35,exp_random_100_ali_only_ali_only,hpo,/home/meliani/Desktop/phd/fast-track/search_space.json,python3 trial.py --data ./ali_only.csv,/home/meliani/Desktop/phd/fast-track,1,360000s,100,False,False,info,/home/meliani/nni-experiments,"['LSTM', 'GRU', 'CNN', 'RNN', 'TCN', 'Transformer', 'MLP']","[16, 32, 64, 128, 256]","[1, 2, 3, 4]","[0, 0.1, 0.2, 0.3, 0.5]","['relu', 'tanh', 'sigmoid', 'elu']","[1e-05, 0.01]","[2, 3, 4, 5, 6, 7, 8, 9, 10, 11, 12, 13, 14, 15, 16, 17, 18, 19, 20, 21, 22, 23, 24, 25, 26, 27, 28, 29, 30]","[16, 32, 64, 128]","[5, 10, 15, 20]","[2, 3, 5, 7]","[2, 4, 8]",random,minimize,local
ge72s3y5,144,1070,1779272934444,,/home/meliani/nni-experiments/ge72s3y5,35,exp_random_100_ali_only_ali_only,hpo,/home/meliani/Desktop/phd/fast-track/search_space.json,python3 trial.py --data ./ali_only.csv,/home/meliani/Desktop/phd/fast-track,1,360000s,100,False,False,info,/home/meliani/nni-experiments,"['LSTM', 'GRU', 'CNN', 'RNN', 'TCN', 'Transformer', 'MLP']","[16, 32, 64, 128, 256]","[1, 2, 3, 4]","[0, 0.1, 0.2, 0.3, 0.5]","['relu', 'tanh', 'sigmoid', 'elu']","[1e-05, 0.01]","[2, 3, 4, 5, 6, 7, 8, 9, 10, 11, 12, 13, 14, 15, 16, 17, 18, 19, 20, 21, 22, 23, 24, 25, 26, 27, 28, 29, 30]","[16, 32, 64, 128]","[5, 10, 15, 20]","[2, 3, 5, 7]","[2, 4, 8]",random,minimize,local
ge72s3y5,145,1080,1779272934444,,/home/meliani/nni-experiments/ge72s3y5,35,exp_random_100_ali_only_ali_only,hpo,/home/meliani/Desktop/phd/fast-track/search_space.json,python3 trial.py --data ./ali_only.csv,/home/meliani/Desktop/phd/fast-track,1,360000s,100,False,False,info,/home/meliani/nni-experiments,"['LSTM', 'GRU', 'CNN', 'RNN', 'TCN', 'Transformer', 'MLP']","[16, 32, 64, 128, 256]","[1, 2, 3, 4]","[0, 0.1, 0.2, 0.3, 0.5]","['relu', 'tanh', 'sigmoid', 'elu']","[1e-05, 0.01]","[2, 3, 4, 5, 6, 7, 8, 9, 10, 11, 12, 13, 14, 15, 16, 17, 18, 19, 20, 21, 22, 23, 24, 25, 26, 27, 28, 29, 30]","[16, 32, 64, 128]","[5, 10, 15, 20]","[2, 3, 5, 7]","[2, 4, 8]",random,minimize,local
ge72s3y5,146,1082,1779272934444,,/home/meliani/nni-experiments/ge72s3y5,36,exp_random_100_ali_only_ali_only,hpo,/home/meliani/Desktop/phd/fast-track/search_space.json,python3 trial.py --data ./ali_only.csv,/home/meliani/Desktop/phd/fast-track,1,360000s,100,False,False,info,/home/meliani/nni-experiments,"['LSTM', 'GRU', 'CNN', 'RNN', 'TCN', 'Transformer', 'MLP']","[16, 32, 64, 128, 256]","[1, 2, 3, 4]","[0, 0.1, 0.2, 0.3, 0.5]","['relu', 'tanh', 'sigmoid', 'elu']","[1e-05, 0.01]","[2, 3, 4, 5, 6, 7, 8, 9, 10, 11, 12, 13, 14, 15, 16, 17, 18, 19, 20, 21, 22, 23, 24, 25, 26, 27, 28, 29, 30]","[16, 32, 64, 128]","[5, 10, 15, 20]","[2, 3, 5, 7]","[2, 4, 8]",random,minimize,local
ge72s3y5,147,1090,1779272934444,,/home/meliani/nni-experiments/ge72s3y5,36,exp_random_100_ali_only_ali_only,hpo,/home/meliani/Desktop/phd/fast-track/search_space.json,python3 trial.py --data ./ali_only.csv,/home/meliani/Desktop/phd/fast-track,1,360000s,100,False,False,info,/home/meliani/nni-experiments,"['LSTM', 'GRU', 'CNN', 'RNN', 'TCN', 'Transformer', 'MLP']","[16, 32, 64, 128, 256]","[1, 2, 3, 4]","[0, 0.1, 0.2, 0.3, 0.5]","['relu', 'tanh', 'sigmoid', 'elu']","[1e-05, 0.01]","[2, 3, 4, 5, 6, 7, 8, 9, 10, 11, 12, 13, 14, 15, 16, 17, 18, 19, 20, 21, 22, 23, 24, 25, 26, 27, 28, 29, 30]","[16, 32, 64, 128]","[5, 10, 15, 20]","[2, 3, 5, 7]","[2, 4, 8]",random,minimize,local
ge72s3y5,148,1100,1779272934444,,/home/meliani/nni-experiments/ge72s3y5,36,exp_random_100_ali_only_ali_only,hpo,/home/meliani/Desktop/phd/fast-track/search_space.json,python3 trial.py --data ./ali_only.csv,/home/meliani/Desktop/phd/fast-track,1,360000s,100,False,False,info,/home/meliani/nni-experiments,"['LSTM', 'GRU', 'CNN', 'RNN', 'TCN', 'Transformer', 'MLP']","[16, 32, 64, 128, 256]","[1, 2, 3, 4]","[0, 0.1, 0.2, 0.3, 0.5]","['relu', 'tanh', 'sigmoid', 'elu']","[1e-05, 0.01]","[2, 3, 4, 5, 6, 7, 8, 9, 10, 11, 12, 13, 14, 15, 16, 17, 18, 19, 20, 21, 22, 23, 24, 25, 26, 27, 28, 29, 30]","[16, 32, 64, 128]","[5, 10, 15, 20]","[2, 3, 5, 7]","[2, 4, 8]",random,minimize,local
ge72s3y5,149,1110,1779272934444,,/home/meliani/nni-experiments/ge72s3y5,36,exp_random_100_ali_only_ali_only,hpo,/home/meliani/Desktop/phd/fast-track/search_space.json,python3 trial.py --data ./ali_only.csv,/home/meliani/Desktop/phd/fast-track,1,360000s,100,False,False,info,/home/meliani/nni-experiments,"['LSTM', 'GRU', 'CNN', 'RNN', 'TCN', 'Transformer', 'MLP']","[16, 32, 64, 128, 256]","[1, 2, 3, 4]","[0, 0.1, 0.2, 0.3, 0.5]","['relu', 'tanh', 'sigmoid', 'elu']","[1e-05, 0.01]","[2, 3, 4, 5, 6, 7, 8, 9, 10, 11, 12, 13, 14, 15, 16, 17, 18, 19, 20, 21, 22, 23, 24, 25, 26, 27, 28, 29, 30]","[16, 32, 64, 128]","[5, 10, 15, 20]","[2, 3, 5, 7]","[2, 4, 8]",random,minimize,local
ge72s3y5,150,1120,1779272934444,,/home/meliani/nni-experiments/ge72s3y5,36,exp_random_100_ali_only_ali_only,hpo,/home/meliani/Desktop/phd/fast-track/search_space.json,python3 trial.py --data ./ali_only.csv,/home/meliani/Desktop/phd/fast-track,1,360000s,100,False,False,info,/home/meliani/nni-experiments,"['LSTM', 'GRU', 'CNN', 'RNN', 'TCN', 'Transformer', 'MLP']","[16, 32, 64, 128, 256]","[1, 2, 3, 4]","[0, 0.1, 0.2, 0.3, 0.5]","['relu', 'tanh', 'sigmoid', 'elu']","[1e-05, 0.01]","[2, 3, 4, 5, 6, 7, 8, 9, 10, 11, 12, 13, 14, 15, 16, 17, 18, 19, 20, 21, 22, 23, 24, 25, 26, 27, 28, 29, 30]","[16, 32, 64, 128]","[5, 10, 15, 20]","[2, 3, 5, 7]","[2, 4, 8]",random,minimize,local
ge72s3y5,151,1130,1779272934444,,/home/meliani/nni-experiments/ge72s3y5,36,exp_random_100_ali_only_ali_only,hpo,/home/meliani/Desktop/phd/fast-track/search_space.json,python3 trial.py --data ./ali_only.csv,/home/meliani/Desktop/phd/fast-track,1,360000s,100,False,False,info,/home/meliani/nni-experiments,"['LSTM', 'GRU', 'CNN', 'RNN', 'TCN', 'Transformer', 'MLP']","[16, 32, 64, 128, 256]","[1, 2, 3, 4]","[0, 0.1, 0.2, 0.3, 0.5]","['relu', 'tanh', 'sigmoid', 'elu']","[1e-05, 0.01]","[2, 3, 4, 5, 6, 7, 8, 9, 10, 11, 12, 13, 14, 15, 16, 17, 18, 19, 20, 21, 22, 23, 24, 25, 26, 27, 28, 29, 30]","[16, 32, 64, 128]","[5, 10, 15, 20]","[2, 3, 5, 7]","[2, 4, 8]",random,minimize,local
ge72s3y5,152,1139,1779272934444,,/home/meliani/nni-experiments/ge72s3y5,37,exp_random_100_ali_only_ali_only,hpo,/home/meliani/Desktop/phd/fast-track/search_space.json,python3 trial.py --data ./ali_only.csv,/home/meliani/Desktop/phd/fast-track,1,360000s,100,False,False,info,/home/meliani/nni-experiments,"['LSTM', 'GRU', 'CNN', 'RNN', 'TCN', 'Transformer', 'MLP']","[16, 32, 64, 128, 256]","[1, 2, 3, 4]","[0, 0.1, 0.2, 0.3, 0.5]","['relu', 'tanh', 'sigmoid', 'elu']","[1e-05, 0.01]","[2, 3, 4, 5, 6, 7, 8, 9, 10, 11, 12, 13, 14, 15, 16, 17, 18, 19, 20, 21, 22, 23, 24, 25, 26, 27, 28, 29, 30]","[16, 32, 64, 128]","[5, 10, 15, 20]","[2, 3, 5, 7]","[2, 4, 8]",random,minimize,local
ge72s3y5,153,1140,1779272934444,,/home/meliani/nni-experiments/ge72s3y5,37,exp_random_100_ali_only_ali_only,hpo,/home/meliani/Desktop/phd/fast-track/search_space.json,python3 trial.py --data ./ali_only.csv,/home/meliani/Desktop/phd/fast-track,1,360000s,100,False,False,info,/home/meliani/nni-experiments,"['LSTM', 'GRU', 'CNN', 'RNN', 'TCN', 'Transformer', 'MLP']","[16, 32, 64, 128, 256]","[1, 2, 3, 4]","[0, 0.1, 0.2, 0.3, 0.5]","['relu', 'tanh', 'sigmoid', 'elu']","[1e-05, 0.01]","[2, 3, 4, 5, 6, 7, 8, 9, 10, 11, 12, 13, 14, 15, 16, 17, 18, 19, 20, 21, 22, 23, 24, 25, 26, 27, 28, 29, 30]","[16, 32, 64, 128]","[5, 10, 15, 20]","[2, 3, 5, 7]","[2, 4, 8]",random,minimize,local
ge72s3y5,154,1150,1779272934444,,/home/meliani/nni-experiments/ge72s3y5,37,exp_random_100_ali_only_ali_only,hpo,/home/meliani/Desktop/phd/fast-track/search_space.json,python3 trial.py --data ./ali_only.csv,/home/meliani/Desktop/phd/fast-track,1,360000s,100,False,False,info,/home/meliani/nni-experiments,"['LSTM', 'GRU', 'CNN', 'RNN', 'TCN', 'Transformer', 'MLP']","[16, 32, 64, 128, 256]","[1, 2, 3, 4]","[0, 0.1, 0.2, 0.3, 0.5]","['relu', 'tanh', 'sigmoid', 'elu']","[1e-05, 0.01]","[2, 3, 4, 5, 6, 7, 8, 9, 10, 11, 12, 13, 14, 15, 16, 17, 18, 19, 20, 21, 22, 23, 24, 25, 26, 27, 28, 29, 30]","[16, 32, 64, 128]","[5, 10, 15, 20]","[2, 3, 5, 7]","[2, 4, 8]",random,minimize,local
ge72s3y5,155,1160,1779272934444,,/home/meliani/nni-experiments/ge72s3y5,37,exp_random_100_ali_only_ali_only,hpo,/home/meliani/Desktop/phd/fast-track/search_space.json,python3 trial.py --data ./ali_only.csv,/home/meliani/Desktop/phd/fast-track,1,360000s,100,False,False,info,/home/meliani/nni-experiments,"['LSTM', 'GRU', 'CNN', 'RNN', 'TCN', 'Transformer', 'MLP']","[16, 32, 64, 128, 256]","[1, 2, 3, 4]","[0, 0.1, 0.2, 0.3, 0.5]","['relu', 'tanh', 'sigmoid', 'elu']","[1e-05, 0.01]","[2, 3, 4, 5, 6, 7, 8, 9, 10, 11, 12, 13, 14, 15, 16, 17, 18, 19, 20, 21, 22, 23, 24, 25, 26, 27, 28, 29, 30]","[16, 32, 64, 128]","[5, 10, 15, 20]","[2, 3, 5, 7]","[2, 4, 8]",random,minimize,local
ge72s3y5,156,1170,1779272934444,,/home/meliani/nni-experiments/ge72s3y5,37,exp_random_100_ali_only_ali_only,hpo,/home/meliani/Desktop/phd/fast-track/search_space.json,python3 trial.py --data ./ali_only.csv,/home/meliani/Desktop/phd/fast-track,1,360000s,100,False,False,info,/home/meliani/nni-experiments,"['LSTM', 'GRU', 'CNN', 'RNN', 'TCN', 'Transformer', 'MLP']","[16, 32, 64, 128, 256]","[1, 2, 3, 4]","[0, 0.1, 0.2, 0.3, 0.5]","['relu', 'tanh', 'sigmoid', 'elu']","[1e-05, 0.01]","[2, 3, 4, 5, 6, 7, 8, 9, 10, 11, 12, 13, 14, 15, 16, 17, 18, 19, 20, 21, 22, 23, 24, 25, 26, 27, 28, 29, 30]","[16, 32, 64, 128]","[5, 10, 15, 20]","[2, 3, 5, 7]","[2, 4, 8]",random,minimize,local
ge72s3y5,157,1177,1779272934444,,/home/meliani/nni-experiments/ge72s3y5,38,exp_random_100_ali_only_ali_only,hpo,/home/meliani/Desktop/phd/fast-track/search_space.json,python3 trial.py --data ./ali_only.csv,/home/meliani/Desktop/phd/fast-track,1,360000s,100,False,False,info,/home/meliani/nni-experiments,"['LSTM', 'GRU', 'CNN', 'RNN', 'TCN', 'Transformer', 'MLP']","[16, 32, 64, 128, 256]","[1, 2, 3, 4]","[0, 0.1, 0.2, 0.3, 0.5]","['relu', 'tanh', 'sigmoid', 'elu']","[1e-05, 0.01]","[2, 3, 4, 5, 6, 7, 8, 9, 10, 11, 12, 13, 14, 15, 16, 17, 18, 19, 20, 21, 22, 23, 24, 25, 26, 27, 28, 29, 30]","[16, 32, 64, 128]","[5, 10, 15, 20]","[2, 3, 5, 7]","[2, 4, 8]",random,minimize,local
ge72s3y5,158,1180,1779272934444,,/home/meliani/nni-experiments/ge72s3y5,38,exp_random_100_ali_only_ali_only,hpo,/home/meliani/Desktop/phd/fast-track/search_space.json,python3 trial.py --data ./ali_only.csv,/home/meliani/Desktop/phd/fast-track,1,360000s,100,False,False,info,/home/meliani/nni-experiments,"['LSTM', 'GRU', 'CNN', 'RNN', 'TCN', 'Transformer', 'MLP']","[16, 32, 64, 128, 256]","[1, 2, 3, 4]","[0, 0.1, 0.2, 0.3, 0.5]","['relu', 'tanh', 'sigmoid', 'elu']","[1e-05, 0.01]","[2, 3, 4, 5, 6, 7, 8, 9, 10, 11, 12, 13, 14, 15, 16, 17, 18, 19, 20, 21, 22, 23, 24, 25, 26, 27, 28, 29, 30]","[16, 32, 64, 128]","[5, 10, 15, 20]","[2, 3, 5, 7]","[2, 4, 8]",random,minimize,local
ge72s3y5,159,1183,1779272934444,,/home/meliani/nni-experiments/ge72s3y5,39,exp_random_100_ali_only_ali_only,hpo,/home/meliani/Desktop/phd/fast-track/search_space.json,python3 trial.py --data ./ali_only.csv,/home/meliani/Desktop/phd/fast-track,1,360000s,100,False,False,info,/home/meliani/nni-experiments,"['LSTM', 'GRU', 'CNN', 'RNN', 'TCN', 'Transformer', 'MLP']","[16, 32, 64, 128, 256]","[1, 2, 3, 4]","[0, 0.1, 0.2, 0.3, 0.5]","['relu', 'tanh', 'sigmoid', 'elu']","[1e-05, 0.01]","[2, 3, 4, 5, 6, 7, 8, 9, 10, 11, 12, 13, 14, 15, 16, 17, 18, 19, 20, 21, 22, 23, 24, 25, 26, 27, 28, 29, 30]","[16, 32, 64, 128]","[5, 10, 15, 20]","[2, 3, 5, 7]","[2, 4, 8]",random,minimize,local
ge72s3y5,160,1190,1779272934444,,/home/meliani/nni-experiments/ge72s3y5,39,exp_random_100_ali_only_ali_only,hpo,/home/meliani/Desktop/phd/fast-track/search_space.json,python3 trial.py --data ./ali_only.csv,/home/meliani/Desktop/phd/fast-track,1,360000s,100,False,False,info,/home/meliani/nni-experiments,"['LSTM', 'GRU', 'CNN', 'RNN', 'TCN', 'Transformer', 'MLP']","[16, 32, 64, 128, 256]","[1, 2, 3, 4]","[0, 0.1, 0.2, 0.3, 0.5]","['relu', 'tanh', 'sigmoid', 'elu']","[1e-05, 0.01]","[2, 3, 4, 5, 6, 7, 8, 9, 10, 11, 12, 13, 14, 15, 16, 17, 18, 19, 20, 21, 22, 23, 24, 25, 26, 27, 28, 29, 30]","[16, 32, 64, 128]","[5, 10, 15, 20]","[2, 3, 5, 7]","[2, 4, 8]",random,minimize,local
ge72s3y5,161,1200,1779272934444,,/home/meliani/nni-experiments/ge72s3y5,39,exp_random_100_ali_only_ali_only,hpo,/home/meliani/Desktop/phd/fast-track/search_space.json,python3 trial.py --data ./ali_only.csv,/home/meliani/Desktop/phd/fast-track,1,360000s,100,False,False,info,/home/meliani/nni-experiments,"['LSTM', 'GRU', 'CNN', 'RNN', 'TCN', 'Transformer', 'MLP']","[16, 32, 64, 128, 256]","[1, 2, 3, 4]","[0, 0.1, 0.2, 0.3, 0.5]","['relu', 'tanh', 'sigmoid', 'elu']","[1e-05, 0.01]","[2, 3, 4, 5, 6, 7, 8, 9, 10, 11, 12, 13, 14, 15, 16, 17, 18, 19, 20, 21, 22, 23, 24, 25, 26, 27, 28, 29, 30]","[16, 32, 64, 128]","[5, 10, 15, 20]","[2, 3, 5, 7]","[2, 4, 8]",random,minimize,local
ge72s3y5,162,1210,1779272934444,,/home/meliani/nni-experiments/ge72s3y5,39,exp_random_100_ali_only_ali_only,hpo,/home/meliani/Desktop/phd/fast-track/search_space.json,python3 trial.py --data ./ali_only.csv,/home/meliani/Desktop/phd/fast-track,1,360000s,100,False,False,info,/home/meliani/nni-experiments,"['LSTM', 'GRU', 'CNN', 'RNN', 'TCN', 'Transformer', 'MLP']","[16, 32, 64, 128, 256]","[1, 2, 3, 4]","[0, 0.1, 0.2, 0.3, 0.5]","['relu', 'tanh', 'sigmoid', 'elu']","[1e-05, 0.01]","[2, 3, 4, 5, 6, 7, 8, 9, 10, 11, 12, 13, 14, 15, 16, 17, 18, 19, 20, 21, 22, 23, 24, 25, 26, 27, 28, 29, 30]","[16, 32, 64, 128]","[5, 10, 15, 20]","[2, 3, 5, 7]","[2, 4, 8]",random,minimize,local
ge72s3y5,163,1220,1779272934444,,/home/meliani/nni-experiments/ge72s3y5,39,exp_random_100_ali_only_ali_only,hpo,/home/meliani/Desktop/phd/fast-track/search_space.json,python3 trial.py --data ./ali_only.csv,/home/meliani/Desktop/phd/fast-track,1,360000s,100,False,False,info,/home/meliani/nni-experiments,"['LSTM', 'GRU', 'CNN', 'RNN', 'TCN', 'Transformer', 'MLP']","[16, 32, 64, 128, 256]","[1, 2, 3, 4]","[0, 0.1, 0.2, 0.3, 0.5]","['relu', 'tanh', 'sigmoid', 'elu']","[1e-05, 0.01]","[2, 3, 4, 5, 6, 7, 8, 9, 10, 11, 12, 13, 14, 15, 16, 17, 18, 19, 20, 21, 22, 23, 24, 25, 26, 27, 28, 29, 30]","[16, 32, 64, 128]","[5, 10, 15, 20]","[2, 3, 5, 7]","[2, 4, 8]",random,minimize,local
ge72s3y5,164,1225,1779272934444,,/home/meliani/nni-experiments/ge72s3y5,40,exp_random_100_ali_only_ali_only,hpo,/home/meliani/Desktop/phd/fast-track/search_space.json,python3 trial.py --data ./ali_only.csv,/home/meliani/Desktop/phd/fast-track,1,360000s,100,False,False,info,/home/meliani/nni-experiments,"['LSTM', 'GRU', 'CNN', 'RNN', 'TCN', 'Transformer', 'MLP']","[16, 32, 64, 128, 256]","[1, 2, 3, 4]","[0, 0.1, 0.2, 0.3, 0.5]","['relu', 'tanh', 'sigmoid', 'elu']","[1e-05, 0.01]","[2, 3, 4, 5, 6, 7, 8, 9, 10, 11, 12, 13, 14, 15, 16, 17, 18, 19, 20, 21, 22, 23, 24, 25, 26, 27, 28, 29, 30]","[16, 32, 64, 128]","[5, 10, 15, 20]","[2, 3, 5, 7]","[2, 4, 8]",random,minimize,local
ge72s3y5,165,1230,1779272934444,,/home/meliani/nni-experiments/ge72s3y5,40,exp_random_100_ali_only_ali_only,hpo,/home/meliani/Desktop/phd/fast-track/search_space.json,python3 trial.py --data ./ali_only.csv,/home/meliani/Desktop/phd/fast-track,1,360000s,100,False,False,info,/home/meliani/nni-experiments,"['LSTM', 'GRU', 'CNN', 'RNN', 'TCN', 'Transformer', 'MLP']","[16, 32, 64, 128, 256]","[1, 2, 3, 4]","[0, 0.1, 0.2, 0.3, 0.5]","['relu', 'tanh', 'sigmoid', 'elu']","[1e-05, 0.01]","[2, 3, 4, 5, 6, 7, 8, 9, 10, 11, 12, 13, 14, 15, 16, 17, 18, 19, 20, 21, 22, 23, 24, 25, 26, 27, 28, 29, 30]","[16, 32, 64, 128]","[5, 10, 15, 20]","[2, 3, 5, 7]","[2, 4, 8]",random,minimize,local
ge72s3y5,166,1239,1779272934444,,/home/meliani/nni-experiments/ge72s3y5,41,exp_random_100_ali_only_ali_only,hpo,/home/meliani/Desktop/phd/fast-track/search_space.json,python3 trial.py --data ./ali_only.csv,/home/meliani/Desktop/phd/fast-track,1,360000s,100,False,False,info,/home/meliani/nni-experiments,"['LSTM', 'GRU', 'CNN', 'RNN', 'TCN', 'Transformer', 'MLP']","[16, 32, 64, 128, 256]","[1, 2, 3, 4]","[0, 0.1, 0.2, 0.3, 0.5]","['relu', 'tanh', 'sigmoid', 'elu']","[1e-05, 0.01]","[2, 3, 4, 5, 6, 7, 8, 9, 10, 11, 12, 13, 14, 15, 16, 17, 18, 19, 20, 21, 22, 23, 24, 25, 26, 27, 28, 29, 30]","[16, 32, 64, 128]","[5, 10, 15, 20]","[2, 3, 5, 7]","[2, 4, 8]",random,minimize,local
ge72s3y5,167,1240,1779272934444,,/home/meliani/nni-experiments/ge72s3y5,41,exp_random_100_ali_only_ali_only,hpo,/home/meliani/Desktop/phd/fast-track/search_space.json,python3 trial.py --data ./ali_only.csv,/home/meliani/Desktop/phd/fast-track,1,360000s,100,False,False,info,/home/meliani/nni-experiments,"['LSTM', 'GRU', 'CNN', 'RNN', 'TCN', 'Transformer', 'MLP']","[16, 32, 64, 128, 256]","[1, 2, 3, 4]","[0, 0.1, 0.2, 0.3, 0.5]","['relu', 'tanh', 'sigmoid', 'elu']","[1e-05, 0.01]","[2, 3, 4, 5, 6, 7, 8, 9, 10, 11, 12, 13, 14, 15, 16, 17, 18, 19, 20, 21, 22, 23, 24, 25, 26, 27, 28, 29, 30]","[16, 32, 64, 128]","[5, 10, 15, 20]","[2, 3, 5, 7]","[2, 4, 8]",random,minimize,local
ge72s3y5,168,1247,1779272934444,,/home/meliani/nni-experiments/ge72s3y5,42,exp_random_100_ali_only_ali_only,hpo,/home/meliani/Desktop/phd/fast-track/search_space.json,python3 trial.py --data ./ali_only.csv,/home/meliani/Desktop/phd/fast-track,1,360000s,100,False,False,info,/home/meliani/nni-experiments,"['LSTM', 'GRU', 'CNN', 'RNN', 'TCN', 'Transformer', 'MLP']","[16, 32, 64, 128, 256]","[1, 2, 3, 4]","[0, 0.1, 0.2, 0.3, 0.5]","['relu', 'tanh', 'sigmoid', 'elu']","[1e-05, 0.01]","[2, 3, 4, 5, 6, 7, 8, 9, 10, 11, 12, 13, 14, 15, 16, 17, 18, 19, 20, 21, 22, 23, 24, 25, 26, 27, 28, 29, 30]","[16, 32, 64, 128]","[5, 10, 15, 20]","[2, 3, 5, 7]","[2, 4, 8]",random,minimize,local
ge72s3y5,169,1250,1779272934444,,/home/meliani/nni-experiments/ge72s3y5,42,exp_random_100_ali_only_ali_only,hpo,/home/meliani/Desktop/phd/fast-track/search_space.json,python3 trial.py --data ./ali_only.csv,/home/meliani/Desktop/phd/fast-track,1,360000s,100,False,False,info,/home/meliani/nni-experiments,"['LSTM', 'GRU', 'CNN', 'RNN', 'TCN', 'Transformer', 'MLP']","[16, 32, 64, 128, 256]","[1, 2, 3, 4]","[0, 0.1, 0.2, 0.3, 0.5]","['relu', 'tanh', 'sigmoid', 'elu']","[1e-05, 0.01]","[2, 3, 4, 5, 6, 7, 8, 9, 10, 11, 12, 13, 14, 15, 16, 17, 18, 19, 20, 21, 22, 23, 24, 25, 26, 27, 28, 29, 30]","[16, 32, 64, 128]","[5, 10, 15, 20]","[2, 3, 5, 7]","[2, 4, 8]",random,minimize,local
ge72s3y5,170,1260,1779272934444,,/home/meliani/nni-experiments/ge72s3y5,42,exp_random_100_ali_only_ali_only,hpo,/home/meliani/Desktop/phd/fast-track/search_space.json,python3 trial.py --data ./ali_only.csv,/home/meliani/Desktop/phd/fast-track,1,360000s,100,False,False,info,/home/meliani/nni-experiments,"['LSTM', 'GRU', 'CNN', 'RNN', 'TCN', 'Transformer', 'MLP']","[16, 32, 64, 128, 256]","[1, 2, 3, 4]","[0, 0.1, 0.2, 0.3, 0.5]","['relu', 'tanh', 'sigmoid', 'elu']","[1e-05, 0.01]","[2, 3, 4, 5, 6, 7, 8, 9, 10, 11, 12, 13, 14, 15, 16, 17, 18, 19, 20, 21, 22, 23, 24, 25, 26, 27, 28, 29, 30]","[16, 32, 64, 128]","[5, 10, 15, 20]","[2, 3, 5, 7]","[2, 4, 8]",random,minimize,local
ge72s3y5,171,1266,1779272934444,,/home/meliani/nni-experiments/ge72s3y5,43,exp_random_100_ali_only_ali_only,hpo,/home/meliani/Desktop/phd/fast-track/search_space.json,python3 trial.py --data ./ali_only.csv,/home/meliani/Desktop/phd/fast-track,1,360000s,100,False,False,info,/home/meliani/nni-experiments,"['LSTM', 'GRU', 'CNN', 'RNN', 'TCN', 'Transformer', 'MLP']","[16, 32, 64, 128, 256]","[1, 2, 3, 4]","[0, 0.1, 0.2, 0.3, 0.5]","['relu', 'tanh', 'sigmoid', 'elu']","[1e-05, 0.01]","[2, 3, 4, 5, 6, 7, 8, 9, 10, 11, 12, 13, 14, 15, 16, 17, 18, 19, 20, 21, 22, 23, 24, 25, 26, 27, 28, 29, 30]","[16, 32, 64, 128]","[5, 10, 15, 20]","[2, 3, 5, 7]","[2, 4, 8]",random,minimize,local
ge72s3y5,172,1270,1779272934444,,/home/meliani/nni-experiments/ge72s3y5,43,exp_random_100_ali_only_ali_only,hpo,/home/meliani/Desktop/phd/fast-track/search_space.json,python3 trial.py --data ./ali_only.csv,/home/meliani/Desktop/phd/fast-track,1,360000s,100,False,False,info,/home/meliani/nni-experiments,"['LSTM', 'GRU', 'CNN', 'RNN', 'TCN', 'Transformer', 'MLP']","[16, 32, 64, 128, 256]","[1, 2, 3, 4]","[0, 0.1, 0.2, 0.3, 0.5]","['relu', 'tanh', 'sigmoid', 'elu']","[1e-05, 0.01]","[2, 3, 4, 5, 6, 7, 8, 9, 10, 11, 12, 13, 14, 15, 16, 17, 18, 19, 20, 21, 22, 23, 24, 25, 26, 27, 28, 29, 30]","[16, 32, 64, 128]","[5, 10, 15, 20]","[2, 3, 5, 7]","[2, 4, 8]",random,minimize,local
ge72s3y5,173,1275,1779272934444,,/home/meliani/nni-experiments/ge72s3y5,44,exp_random_100_ali_only_ali_only,hpo,/home/meliani/Desktop/phd/fast-track/search_space.json,python3 trial.py --data ./ali_only.csv,/home/meliani/Desktop/phd/fast-track,1,360000s,100,False,False,info,/home/meliani/nni-experiments,"['LSTM', 'GRU', 'CNN', 'RNN', 'TCN', 'Transformer', 'MLP']","[16, 32, 64, 128, 256]","[1, 2, 3, 4]","[0, 0.1, 0.2, 0.3, 0.5]","['relu', 'tanh', 'sigmoid', 'elu']","[1e-05, 0.01]","[2, 3, 4, 5, 6, 7, 8, 9, 10, 11, 12, 13, 14, 15, 16, 17, 18, 19, 20, 21, 22, 23, 24, 25, 26, 27, 28, 29, 30]","[16, 32, 64, 128]","[5, 10, 15, 20]","[2, 3, 5, 7]","[2, 4, 8]",random,minimize,local
ge72s3y5,174,1280,1779272934444,,/home/meliani/nni-experiments/ge72s3y5,44,exp_random_100_ali_only_ali_only,hpo,/home/meliani/Desktop/phd/fast-track/search_space.json,python3 trial.py --data ./ali_only.csv,/home/meliani/Desktop/phd/fast-track,1,360000s,100,False,False,info,/home/meliani/nni-experiments,"['LSTM', 'GRU', 'CNN', 'RNN', 'TCN', 'Transformer', 'MLP']","[16, 32, 64, 128, 256]","[1, 2, 3, 4]","[0, 0.1, 0.2, 0.3, 0.5]","['relu', 'tanh', 'sigmoid', 'elu']","[1e-05, 0.01]","[2, 3, 4, 5, 6, 7, 8, 9, 10, 11, 12, 13, 14, 15, 16, 17, 18, 19, 20, 21, 22, 23, 24, 25, 26, 27, 28, 29, 30]","[16, 32, 64, 128]","[5, 10, 15, 20]","[2, 3, 5, 7]","[2, 4, 8]",random,minimize,local
ge72s3y5,175,1285,1779272934444,,/home/meliani/nni-experiments/ge72s3y5,45,exp_random_100_ali_only_ali_only,hpo,/home/meliani/Desktop/phd/fast-track/search_space.json,python3 trial.py --data ./ali_only.csv,/home/meliani/Desktop/phd/fast-track,1,360000s,100,False,False,info,/home/meliani/nni-experiments,"['LSTM', 'GRU', 'CNN', 'RNN', 'TCN', 'Transformer', 'MLP']","[16, 32, 64, 128, 256]","[1, 2, 3, 4]","[0, 0.1, 0.2, 0.3, 0.5]","['relu', 'tanh', 'sigmoid', 'elu']","[1e-05, 0.01]","[2, 3, 4, 5, 6, 7, 8, 9, 10, 11, 12, 13, 14, 15, 16, 17, 18, 19, 20, 21, 22, 23, 24, 25, 26, 27, 28, 29, 30]","[16, 32, 64, 128]","[5, 10, 15, 20]","[2, 3, 5, 7]","[2, 4, 8]",random,minimize,local
ge72s3y5,176,1290,1779272934444,,/home/meliani/nni-experiments/ge72s3y5,45,exp_random_100_ali_only_ali_only,hpo,/home/meliani/Desktop/phd/fast-track/search_space.json,python3 trial.py --data ./ali_only.csv,/home/meliani/Desktop/phd/fast-track,1,360000s,100,False,False,info,/home/meliani/nni-experiments,"['LSTM', 'GRU', 'CNN', 'RNN', 'TCN', 'Transformer', 'MLP']","[16, 32, 64, 128, 256]","[1, 2, 3, 4]","[0, 0.1, 0.2, 0.3, 0.5]","['relu', 'tanh', 'sigmoid', 'elu']","[1e-05, 0.01]","[2, 3, 4, 5, 6, 7, 8, 9, 10, 11, 12, 13, 14, 15, 16, 17, 18, 19, 20, 21, 22, 23, 24, 25, 26, 27, 28, 29, 30]","[16, 32, 64, 128]","[5, 10, 15, 20]","[2, 3, 5, 7]","[2, 4, 8]",random,minimize,local
ge72s3y5,177,1297,1779272934444,,/home/meliani/nni-experiments/ge72s3y5,46,exp_random_100_ali_only_ali_only,hpo,/home/meliani/Desktop/phd/fast-track/search_space.json,python3 trial.py --data ./ali_only.csv,/home/meliani/Desktop/phd/fast-track,1,360000s,100,False,False,info,/home/meliani/nni-experiments,"['LSTM', 'GRU', 'CNN', 'RNN', 'TCN', 'Transformer', 'MLP']","[16, 32, 64, 128, 256]","[1, 2, 3, 4]","[0, 0.1, 0.2, 0.3, 0.5]","['relu', 'tanh', 'sigmoid', 'elu']","[1e-05, 0.01]","[2, 3, 4, 5, 6, 7, 8, 9, 10, 11, 12, 13, 14, 15, 16, 17, 18, 19, 20, 21, 22, 23, 24, 25, 26, 27, 28, 29, 30]","[16, 32, 64, 128]","[5, 10, 15, 20]","[2, 3, 5, 7]","[2, 4, 8]",random,minimize,local
ge72s3y5,178,1300,1779272934444,,/home/meliani/nni-experiments/ge72s3y5,46,exp_random_100_ali_only_ali_only,hpo,/home/meliani/Desktop/phd/fast-track/search_space.json,python3 trial.py --data ./ali_only.csv,/home/meliani/Desktop/phd/fast-track,1,360000s,100,False,False,info,/home/meliani/nni-experiments,"['LSTM', 'GRU', 'CNN', 'RNN', 'TCN', 'Transformer', 'MLP']","[16, 32, 64, 128, 256]","[1, 2, 3, 4]","[0, 0.1, 0.2, 0.3, 0.5]","['relu', 'tanh', 'sigmoid', 'elu']","[1e-05, 0.01]","[2, 3, 4, 5, 6, 7, 8, 9, 10, 11, 12, 13, 14, 15, 16, 17, 18, 19, 20, 21, 22, 23, 24, 25, 26, 27, 28, 29, 30]","[16, 32, 64, 128]","[5, 10, 15, 20]","[2, 3, 5, 7]","[2, 4, 8]",random,minimize,local
ge72s3y5,179,1305,1779272934444,,/home/meliani/nni-experiments/ge72s3y5,47,exp_random_100_ali_only_ali_only,hpo,/home/meliani/Desktop/phd/fast-track/search_space.json,python3 trial.py --data ./ali_only.csv,/home/meliani/Desktop/phd/fast-track,1,360000s,100,False,False,info,/home/meliani/nni-experiments,"['LSTM', 'GRU', 'CNN', 'RNN', 'TCN', 'Transformer', 'MLP']","[16, 32, 64, 128, 256]","[1, 2, 3, 4]","[0, 0.1, 0.2, 0.3, 0.5]","['relu', 'tanh', 'sigmoid', 'elu']","[1e-05, 0.01]","[2, 3, 4, 5, 6, 7, 8, 9, 10, 11, 12, 13, 14, 15, 16, 17, 18, 19, 20, 21, 22, 23, 24, 25, 26, 27, 28, 29, 30]","[16, 32, 64, 128]","[5, 10, 15, 20]","[2, 3, 5, 7]","[2, 4, 8]",random,minimize,local
ge72s3y5,180,1310,1779272934444,,/home/meliani/nni-experiments/ge72s3y5,47,exp_random_100_ali_only_ali_only,hpo,/home/meliani/Desktop/phd/fast-track/search_space.json,python3 trial.py --data ./ali_only.csv,/home/meliani/Desktop/phd/fast-track,1,360000s,100,False,False,info,/home/meliani/nni-experiments,"['LSTM', 'GRU', 'CNN', 'RNN', 'TCN', 'Transformer', 'MLP']","[16, 32, 64, 128, 256]","[1, 2, 3, 4]","[0, 0.1, 0.2, 0.3, 0.5]","['relu', 'tanh', 'sigmoid', 'elu']","[1e-05, 0.01]","[2, 3, 4, 5, 6, 7, 8, 9, 10, 11, 12, 13, 14, 15, 16, 17, 18, 19, 20, 21, 22, 23, 24, 25, 26, 27, 28, 29, 30]","[16, 32, 64, 128]","[5, 10, 15, 20]","[2, 3, 5, 7]","[2, 4, 8]",random,minimize,local
ge72s3y5,181,1320,1779272934444,,/home/meliani/nni-experiments/ge72s3y5,47,exp_random_100_ali_only_ali_only,hpo,/home/meliani/Desktop/phd/fast-track/search_space.json,python3 trial.py --data ./ali_only.csv,/home/meliani/Desktop/phd/fast-track,1,360000s,100,False,False,info,/home/meliani/nni-experiments,"['LSTM', 'GRU', 'CNN', 'RNN', 'TCN', 'Transformer', 'MLP']","[16, 32, 64, 128, 256]","[1, 2, 3, 4]","[0, 0.1, 0.2, 0.3, 0.5]","['relu', 'tanh', 'sigmoid', 'elu']","[1e-05, 0.01]","[2, 3, 4, 5, 6, 7, 8, 9, 10, 11, 12, 13, 14, 15, 16, 17, 18, 19, 20, 21, 22, 23, 24, 25, 26, 27, 28, 29, 30]","[16, 32, 64, 128]","[5, 10, 15, 20]","[2, 3, 5, 7]","[2, 4, 8]",random,minimize,local
ge72s3y5,182,1326,1779272934444,,/home/meliani/nni-experiments/ge72s3y5,48,exp_random_100_ali_only_ali_only,hpo,/home/meliani/Desktop/phd/fast-track/search_space.json,python3 trial.py --data ./ali_only.csv,/home/meliani/Desktop/phd/fast-track,1,360000s,100,False,False,info,/home/meliani/nni-experiments,"['LSTM', 'GRU', 'CNN', 'RNN', 'TCN', 'Transformer', 'MLP']","[16, 32, 64, 128, 256]","[1, 2, 3, 4]","[0, 0.1, 0.2, 0.3, 0.5]","['relu', 'tanh', 'sigmoid', 'elu']","[1e-05, 0.01]","[2, 3, 4, 5, 6, 7, 8, 9, 10, 11, 12, 13, 14, 15, 16, 17, 18, 19, 20, 21, 22, 23, 24, 25, 26, 27, 28, 29, 30]","[16, 32, 64, 128]","[5, 10, 15, 20]","[2, 3, 5, 7]","[2, 4, 8]",random,minimize,local
ge72s3y5,183,1330,1779272934444,,/home/meliani/nni-experiments/ge72s3y5,48,exp_random_100_ali_only_ali_only,hpo,/home/meliani/Desktop/phd/fast-track/search_space.json,python3 trial.py --data ./ali_only.csv,/home/meliani/Desktop/phd/fast-track,1,360000s,100,False,False,info,/home/meliani/nni-experiments,"['LSTM', 'GRU', 'CNN', 'RNN', 'TCN', 'Transformer', 'MLP']","[16, 32, 64, 128, 256]","[1, 2, 3, 4]","[0, 0.1, 0.2, 0.3, 0.5]","['relu', 'tanh', 'sigmoid', 'elu']","[1e-05, 0.01]","[2, 3, 4, 5, 6, 7, 8, 9, 10, 11, 12, 13, 14, 15, 16, 17, 18, 19, 20, 21, 22, 23, 24, 25, 26, 27, 28, 29, 30]","[16, 32, 64, 128]","[5, 10, 15, 20]","[2, 3, 5, 7]","[2, 4, 8]",random,minimize,local
ge72s3y5,184,1340,1779272934444,,/home/meliani/nni-experiments/ge72s3y5,48,exp_random_100_ali_only_ali_only,hpo,/home/meliani/Desktop/phd/fast-track/search_space.json,python3 trial.py --data ./ali_only.csv,/home/meliani/Desktop/phd/fast-track,1,360000s,100,False,False,info,/home/meliani/nni-experiments,"['LSTM', 'GRU', 'CNN', 'RNN', 'TCN', 'Transformer', 'MLP']","[16, 32, 64, 128, 256]","[1, 2, 3, 4]","[0, 0.1, 0.2, 0.3, 0.5]","['relu', 'tanh', 'sigmoid', 'elu']","[1e-05, 0.01]","[2, 3, 4, 5, 6, 7, 8, 9, 10, 11, 12, 13, 14, 15, 16, 17, 18, 19, 20, 21, 22, 23, 24, 25, 26, 27, 28, 29, 30]","[16, 32, 64, 128]","[5, 10, 15, 20]","[2, 3, 5, 7]","[2, 4, 8]",random,minimize,local
ge72s3y5,185,1350,1779272934444,,/home/meliani/nni-experiments/ge72s3y5,48,exp_random_100_ali_only_ali_only,hpo,/home/meliani/Desktop/phd/fast-track/search_space.json,python3 trial.py --data ./ali_only.csv,/home/meliani/Desktop/phd/fast-track,1,360000s,100,False,False,info,/home/meliani/nni-experiments,"['LSTM', 'GRU', 'CNN', 'RNN', 'TCN', 'Transformer', 'MLP']","[16, 32, 64, 128, 256]","[1, 2, 3, 4]","[0, 0.1, 0.2, 0.3, 0.5]","['relu', 'tanh', 'sigmoid', 'elu']","[1e-05, 0.01]","[2, 3, 4, 5, 6, 7, 8, 9, 10, 11, 12, 13, 14, 15, 16, 17, 18, 19, 20, 21, 22, 23, 24, 25, 26, 27, 28, 29, 30]","[16, 32, 64, 128]","[5, 10, 15, 20]","[2, 3, 5, 7]","[2, 4, 8]",random,minimize,local
ge72s3y5,186,1360,1779272934444,,/home/meliani/nni-experiments/ge72s3y5,48,exp_random_100_ali_only_ali_only,hpo,/home/meliani/Desktop/phd/fast-track/search_space.json,python3 trial.py --data ./ali_only.csv,/home/meliani/Desktop/phd/fast-track,1,360000s,100,False,False,info,/home/meliani/nni-experiments,"['LSTM', 'GRU', 'CNN', 'RNN', 'TCN', 'Transformer', 'MLP']","[16, 32, 64, 128, 256]","[1, 2, 3, 4]","[0, 0.1, 0.2, 0.3, 0.5]","['relu', 'tanh', 'sigmoid', 'elu']","[1e-05, 0.01]","[2, 3, 4, 5, 6, 7, 8, 9, 10, 11, 12, 13, 14, 15, 16, 17, 18, 19, 20, 21, 22, 23, 24, 25, 26, 27, 28, 29, 30]","[16, 32, 64, 128]","[5, 10, 15, 20]","[2, 3, 5, 7]","[2, 4, 8]",random,minimize,local
ge72s3y5,187,1370,1779272934444,,/home/meliani/nni-experiments/ge72s3y5,48,exp_random_100_ali_only_ali_only,hpo,/home/meliani/Desktop/phd/fast-track/search_space.json,python3 trial.py --data ./ali_only.csv,/home/meliani/Desktop/phd/fast-track,1,360000s,100,False,False,info,/home/meliani/nni-experiments,"['LSTM', 'GRU', 'CNN', 'RNN', 'TCN', 'Transformer', 'MLP']","[16, 32, 64, 128, 256]","[1, 2, 3, 4]","[0, 0.1, 0.2, 0.3, 0.5]","['relu', 'tanh', 'sigmoid', 'elu']","[1e-05, 0.01]","[2, 3, 4, 5, 6, 7, 8, 9, 10, 11, 12, 13, 14, 15, 16, 17, 18, 19, 20, 21, 22, 23, 24, 25, 26, 27, 28, 29, 30]","[16, 32, 64, 128]","[5, 10, 15, 20]","[2, 3, 5, 7]","[2, 4, 8]",random,minimize,local
ge72s3y5,188,1380,1779272934444,,/home/meliani/nni-experiments/ge72s3y5,48,exp_random_100_ali_only_ali_only,hpo,/home/meliani/Desktop/phd/fast-track/search_space.json,python3 trial.py --data ./ali_only.csv,/home/meliani/Desktop/phd/fast-track,1,360000s,100,False,False,info,/home/meliani/nni-experiments,"['LSTM', 'GRU', 'CNN', 'RNN', 'TCN', 'Transformer', 'MLP']","[16, 32, 64, 128, 256]","[1, 2, 3, 4]","[0, 0.1, 0.2, 0.3, 0.5]","['relu', 'tanh', 'sigmoid', 'elu']","[1e-05, 0.01]","[2, 3, 4, 5, 6, 7, 8, 9, 10, 11, 12, 13, 14, 15, 16, 17, 18, 19, 20, 21, 22, 23, 24, 25, 26, 27, 28, 29, 30]","[16, 32, 64, 128]","[5, 10, 15, 20]","[2, 3, 5, 7]","[2, 4, 8]",random,minimize,local
ge72s3y5,189,1390,1779272934444,,/home/meliani/nni-experiments/ge72s3y5,48,exp_random_100_ali_only_ali_only,hpo,/home/meliani/Desktop/phd/fast-track/search_space.json,python3 trial.py --data ./ali_only.csv,/home/meliani/Desktop/phd/fast-track,1,360000s,100,False,False,info,/home/meliani/nni-experiments,"['LSTM', 'GRU', 'CNN', 'RNN', 'TCN', 'Transformer', 'MLP']","[16, 32, 64, 128, 256]","[1, 2, 3, 4]","[0, 0.1, 0.2, 0.3, 0.5]","['relu', 'tanh', 'sigmoid', 'elu']","[1e-05, 0.01]","[2, 3, 4, 5, 6, 7, 8, 9, 10, 11, 12, 13, 14, 15, 16, 17, 18, 19, 20, 21, 22, 23, 24, 25, 26, 27, 28, 29, 30]","[16, 32, 64, 128]","[5, 10, 15, 20]","[2, 3, 5, 7]","[2, 4, 8]",random,minimize,local
ge72s3y5,190,1400,1779272934444,,/home/meliani/nni-experiments/ge72s3y5,48,exp_random_100_ali_only_ali_only,hpo,/home/meliani/Desktop/phd/fast-track/search_space.json,python3 trial.py --data ./ali_only.csv,/home/meliani/Desktop/phd/fast-track,1,360000s,100,False,False,info,/home/meliani/nni-experiments,"['LSTM', 'GRU', 'CNN', 'RNN', 'TCN', 'Transformer', 'MLP']","[16, 32, 64, 128, 256]","[1, 2, 3, 4]","[0, 0.1, 0.2, 0.3, 0.5]","['relu', 'tanh', 'sigmoid', 'elu']","[1e-05, 0.01]","[2, 3, 4, 5, 6, 7, 8, 9, 10, 11, 12, 13, 14, 15, 16, 17, 18, 19, 20, 21, 22, 23, 24, 25, 26, 27, 28, 29, 30]","[16, 32, 64, 128]","[5, 10, 15, 20]","[2, 3, 5, 7]","[2, 4, 8]",random,minimize,local
ge72s3y5,191,1410,1779272934444,,/home/meliani/nni-experiments/ge72s3y5,48,exp_random_100_ali_only_ali_only,hpo,/home/meliani/Desktop/phd/fast-track/search_space.json,python3 trial.py --data ./ali_only.csv,/home/meliani/Desktop/phd/fast-track,1,360000s,100,False,False,info,/home/meliani/nni-experiments,"['LSTM', 'GRU', 'CNN', 'RNN', 'TCN', 'Transformer', 'MLP']","[16, 32, 64, 128, 256]","[1, 2, 3, 4]","[0, 0.1, 0.2, 0.3, 0.5]","['relu', 'tanh', 'sigmoid', 'elu']","[1e-05, 0.01]","[2, 3, 4, 5, 6, 7, 8, 9, 10, 11, 12, 13, 14, 15, 16, 17, 18, 19, 20, 21, 22, 23, 24, 25, 26, 27, 28, 29, 30]","[16, 32, 64, 128]","[5, 10, 15, 20]","[2, 3, 5, 7]","[2, 4, 8]",random,minimize,local
ge72s3y5,192,1420,1779272934444,,/home/meliani/nni-experiments/ge72s3y5,48,exp_random_100_ali_only_ali_only,hpo,/home/meliani/Desktop/phd/fast-track/search_space.json,python3 trial.py --data ./ali_only.csv,/home/meliani/Desktop/phd/fast-track,1,360000s,100,False,False,info,/home/meliani/nni-experiments,"['LSTM', 'GRU', 'CNN', 'RNN', 'TCN', 'Transformer', 'MLP']","[16, 32, 64, 128, 256]","[1, 2, 3, 4]","[0, 0.1, 0.2, 0.3, 0.5]","['relu', 'tanh', 'sigmoid', 'elu']","[1e-05, 0.01]","[2, 3, 4, 5, 6, 7, 8, 9, 10, 11, 12, 13, 14, 15, 16, 17, 18, 19, 20, 21, 22, 23, 24, 25, 26, 27, 28, 29, 30]","[16, 32, 64, 128]","[5, 10, 15, 20]","[2, 3, 5, 7]","[2, 4, 8]",random,minimize,local
ge72s3y5,193,1424,1779272934444,,/home/meliani/nni-experiments/ge72s3y5,49,exp_random_100_ali_only_ali_only,hpo,/home/meliani/Desktop/phd/fast-track/search_space.json,python3 trial.py --data ./ali_only.csv,/home/meliani/Desktop/phd/fast-track,1,360000s,100,False,False,info,/home/meliani/nni-experiments,"['LSTM', 'GRU', 'CNN', 'RNN', 'TCN', 'Transformer', 'MLP']","[16, 32, 64, 128, 256]","[1, 2, 3, 4]","[0, 0.1, 0.2, 0.3, 0.5]","['relu', 'tanh', 'sigmoid', 'elu']","[1e-05, 0.01]","[2, 3, 4, 5, 6, 7, 8, 9, 10, 11, 12, 13, 14, 15, 16, 17, 18, 19, 20, 21, 22, 23, 24, 25, 26, 27, 28, 29, 30]","[16, 32, 64, 128]","[5, 10, 15, 20]","[2, 3, 5, 7]","[2, 4, 8]",random,minimize,local
ge72s3y5,194,1430,1779272934444,,/home/meliani/nni-experiments/ge72s3y5,49,exp_random_100_ali_only_ali_only,hpo,/home/meliani/Desktop/phd/fast-track/search_space.json,python3 trial.py --data ./ali_only.csv,/home/meliani/Desktop/phd/fast-track,1,360000s,100,False,False,info,/home/meliani/nni-experiments,"['LSTM', 'GRU', 'CNN', 'RNN', 'TCN', 'Transformer', 'MLP']","[16, 32, 64, 128, 256]","[1, 2, 3, 4]","[0, 0.1, 0.2, 0.3, 0.5]","['relu', 'tanh', 'sigmoid', 'elu']","[1e-05, 0.01]","[2, 3, 4, 5, 6, 7, 8, 9, 10, 11, 12, 13, 14, 15, 16, 17, 18, 19, 20, 21, 22, 23, 24, 25, 26, 27, 28, 29, 30]","[16, 32, 64, 128]","[5, 10, 15, 20]","[2, 3, 5, 7]","[2, 4, 8]",random,minimize,local
ge72s3y5,195,1440,1779272934444,,/home/meliani/nni-experiments/ge72s3y5,49,exp_random_100_ali_only_ali_only,hpo,/home/meliani/Desktop/phd/fast-track/search_space.json,python3 trial.py --data ./ali_only.csv,/home/meliani/Desktop/phd/fast-track,1,360000s,100,False,False,info,/home/meliani/nni-experiments,"['LSTM', 'GRU', 'CNN', 'RNN', 'TCN', 'Transformer', 'MLP']","[16, 32, 64, 128, 256]","[1, 2, 3, 4]","[0, 0.1, 0.2, 0.3, 0.5]","['relu', 'tanh', 'sigmoid', 'elu']","[1e-05, 0.01]","[2, 3, 4, 5, 6, 7, 8, 9, 10, 11, 12, 13, 14, 15, 16, 17, 18, 19, 20, 21, 22, 23, 24, 25, 26, 27, 28, 29, 30]","[16, 32, 64, 128]","[5, 10, 15, 20]","[2, 3, 5, 7]","[2, 4, 8]",random,minimize,local
ge72s3y5,196,1450,1779272934444,,/home/meliani/nni-experiments/ge72s3y5,49,exp_random_100_ali_only_ali_only,hpo,/home/meliani/Desktop/phd/fast-track/search_space.json,python3 trial.py --data ./ali_only.csv,/home/meliani/Desktop/phd/fast-track,1,360000s,100,False,False,info,/home/meliani/nni-experiments,"['LSTM', 'GRU', 'CNN', 'RNN', 'TCN', 'Transformer', 'MLP']","[16, 32, 64, 128, 256]","[1, 2, 3, 4]","[0, 0.1, 0.2, 0.3, 0.5]","['relu', 'tanh', 'sigmoid', 'elu']","[1e-05, 0.01]","[2, 3, 4, 5, 6, 7, 8, 9, 10, 11, 12, 13, 14, 15, 16, 17, 18, 19, 20, 21, 22, 23, 24, 25, 26, 27, 28, 29, 30]","[16, 32, 64, 128]","[5, 10, 15, 20]","[2, 3, 5, 7]","[2, 4, 8]",random,minimize,local
ge72s3y5,197,1453,1779272934444,,/home/meliani/nni-experiments/ge72s3y5,50,exp_random_100_ali_only_ali_only,hpo,/home/meliani/Desktop/phd/fast-track/search_space.json,python3 trial.py --data ./ali_only.csv,/home/meliani/Desktop/phd/fast-track,1,360000s,100,False,False,info,/home/meliani/nni-experiments,"['LSTM', 'GRU', 'CNN', 'RNN', 'TCN', 'Transformer', 'MLP']","[16, 32, 64, 128, 256]","[1, 2, 3, 4]","[0, 0.1, 0.2, 0.3, 0.5]","['relu', 'tanh', 'sigmoid', 'elu']","[1e-05, 0.01]","[2, 3, 4, 5, 6, 7, 8, 9, 10, 11, 12, 13, 14, 15, 16, 17, 18, 19, 20, 21, 22, 23, 24, 25, 26, 27, 28, 29, 30]","[16, 32, 64, 128]","[5, 10, 15, 20]","[2, 3, 5, 7]","[2, 4, 8]",random,minimize,local
ge72s3y5,198,1460,1779272934444,,/home/meliani/nni-experiments/ge72s3y5,50,exp_random_100_ali_only_ali_only,hpo,/home/meliani/Desktop/phd/fast-track/search_space.json,python3 trial.py --data ./ali_only.csv,/home/meliani/Desktop/phd/fast-track,1,360000s,100,False,False,info,/home/meliani/nni-experiments,"['LSTM', 'GRU', 'CNN', 'RNN', 'TCN', 'Transformer', 'MLP']","[16, 32, 64, 128, 256]","[1, 2, 3, 4]","[0, 0.1, 0.2, 0.3, 0.5]","['relu', 'tanh', 'sigmoid', 'elu']","[1e-05, 0.01]","[2, 3, 4, 5, 6, 7, 8, 9, 10, 11, 12, 13, 14, 15, 16, 17, 18, 19, 20, 21, 22, 23, 24, 25, 26, 27, 28, 29, 30]","[16, 32, 64, 128]","[5, 10, 15, 20]","[2, 3, 5, 7]","[2, 4, 8]",random,minimize,local
ge72s3y5,199,1470,1779272934444,,/home/meliani/nni-experiments/ge72s3y5,50,exp_random_100_ali_only_ali_only,hpo,/home/meliani/Desktop/phd/fast-track/search_space.json,python3 trial.py --data ./ali_only.csv,/home/meliani/Desktop/phd/fast-track,1,360000s,100,False,False,info,/home/meliani/nni-experiments,"['LSTM', 'GRU', 'CNN', 'RNN', 'TCN', 'Transformer', 'MLP']","[16, 32, 64, 128, 256]","[1, 2, 3, 4]","[0, 0.1, 0.2, 0.3, 0.5]","['relu', 'tanh', 'sigmoid', 'elu']","[1e-05, 0.01]","[2, 3, 4, 5, 6, 7, 8, 9, 10, 11, 12, 13, 14, 15, 16, 17, 18, 19, 20, 21, 22, 23, 24, 25, 26, 27, 28, 29, 30]","[16, 32, 64, 128]","[5, 10, 15, 20]","[2, 3, 5, 7]","[2, 4, 8]",random,minimize,local
ge72s3y5,200,1471,1779272934444,,/home/meliani/nni-experiments/ge72s3y5,51,exp_random_100_ali_only_ali_only,hpo,/home/meliani/Desktop/phd/fast-track/search_space.json,python3 trial.py --data ./ali_only.csv,/home/meliani/Desktop/phd/fast-track,1,360000s,100,False,False,info,/home/meliani/nni-experiments,"['LSTM', 'GRU', 'CNN', 'RNN', 'TCN', 'Transformer', 'MLP']","[16, 32, 64, 128, 256]","[1, 2, 3, 4]","[0, 0.1, 0.2, 0.3, 0.5]","['relu', 'tanh', 'sigmoid', 'elu']","[1e-05, 0.01]","[2, 3, 4, 5, 6, 7, 8, 9, 10, 11, 12, 13, 14, 15, 16, 17, 18, 19, 20, 21, 22, 23, 24, 25, 26, 27, 28, 29, 30]","[16, 32, 64, 128]","[5, 10, 15, 20]","[2, 3, 5, 7]","[2, 4, 8]",random,minimize,local
ge72s3y5,201,1475,1779272934444,,/home/meliani/nni-experiments/ge72s3y5,52,exp_random_100_ali_only_ali_only,hpo,/home/meliani/Desktop/phd/fast-track/search_space.json,python3 trial.py --data ./ali_only.csv,/home/meliani/Desktop/phd/fast-track,1,360000s,100,False,False,info,/home/meliani/nni-experiments,"['LSTM', 'GRU', 'CNN', 'RNN', 'TCN', 'Transformer', 'MLP']","[16, 32, 64, 128, 256]","[1, 2, 3, 4]","[0, 0.1, 0.2, 0.3, 0.5]","['relu', 'tanh', 'sigmoid', 'elu']","[1e-05, 0.01]","[2, 3, 4, 5, 6, 7, 8, 9, 10, 11, 12, 13, 14, 15, 16, 17, 18, 19, 20, 21, 22, 23, 24, 25, 26, 27, 28, 29, 30]","[16, 32, 64, 128]","[5, 10, 15, 20]","[2, 3, 5, 7]","[2, 4, 8]",random,minimize,local
ge72s3y5,202,1480,1779272934444,,/home/meliani/nni-experiments/ge72s3y5,52,exp_random_100_ali_only_ali_only,hpo,/home/meliani/Desktop/phd/fast-track/search_space.json,python3 trial.py --data ./ali_only.csv,/home/meliani/Desktop/phd/fast-track,1,360000s,100,False,False,info,/home/meliani/nni-experiments,"['LSTM', 'GRU', 'CNN', 'RNN', 'TCN', 'Transformer', 'MLP']","[16, 32, 64, 128, 256]","[1, 2, 3, 4]","[0, 0.1, 0.2, 0.3, 0.5]","['relu', 'tanh', 'sigmoid', 'elu']","[1e-05, 0.01]","[2, 3, 4, 5, 6, 7, 8, 9, 10, 11, 12, 13, 14, 15, 16, 17, 18, 19, 20, 21, 22, 23, 24, 25, 26, 27, 28, 29, 30]","[16, 32, 64, 128]","[5, 10, 15, 20]","[2, 3, 5, 7]","[2, 4, 8]",random,minimize,local
ge72s3y5,203,1490,1779272934444,,/home/meliani/nni-experiments/ge72s3y5,52,exp_random_100_ali_only_ali_only,hpo,/home/meliani/Desktop/phd/fast-track/search_space.json,python3 trial.py --data ./ali_only.csv,/home/meliani/Desktop/phd/fast-track,1,360000s,100,False,False,info,/home/meliani/nni-experiments,"['LSTM', 'GRU', 'CNN', 'RNN', 'TCN', 'Transformer', 'MLP']","[16, 32, 64, 128, 256]","[1, 2, 3, 4]","[0, 0.1, 0.2, 0.3, 0.5]","['relu', 'tanh', 'sigmoid', 'elu']","[1e-05, 0.01]","[2, 3, 4, 5, 6, 7, 8, 9, 10, 11, 12, 13, 14, 15, 16, 17, 18, 19, 20, 21, 22, 23, 24, 25, 26, 27, 28, 29, 30]","[16, 32, 64, 128]","[5, 10, 15, 20]","[2, 3, 5, 7]","[2, 4, 8]",random,minimize,local
ge72s3y5,204,1500,1779272934444,,/home/meliani/nni-experiments/ge72s3y5,52,exp_random_100_ali_only_ali_only,hpo,/home/meliani/Desktop/phd/fast-track/search_space.json,python3 trial.py --data ./ali_only.csv,/home/meliani/Desktop/phd/fast-track,1,360000s,100,False,False,info,/home/meliani/nni-experiments,"['LSTM', 'GRU', 'CNN', 'RNN', 'TCN', 'Transformer', 'MLP']","[16, 32, 64, 128, 256]","[1, 2, 3, 4]","[0, 0.1, 0.2, 0.3, 0.5]","['relu', 'tanh', 'sigmoid', 'elu']","[1e-05, 0.01]","[2, 3, 4, 5, 6, 7, 8, 9, 10, 11, 12, 13, 14, 15, 16, 17, 18, 19, 20, 21, 22, 23, 24, 25, 26, 27, 28, 29, 30]","[16, 32, 64, 128]","[5, 10, 15, 20]","[2, 3, 5, 7]","[2, 4, 8]",random,minimize,local
ge72s3y5,205,1510,1779272934444,,/home/meliani/nni-experiments/ge72s3y5,52,exp_random_100_ali_only_ali_only,hpo,/home/meliani/Desktop/phd/fast-track/search_space.json,python3 trial.py --data ./ali_only.csv,/home/meliani/Desktop/phd/fast-track,1,360000s,100,False,False,info,/home/meliani/nni-experiments,"['LSTM', 'GRU', 'CNN', 'RNN', 'TCN', 'Transformer', 'MLP']","[16, 32, 64, 128, 256]","[1, 2, 3, 4]","[0, 0.1, 0.2, 0.3, 0.5]","['relu', 'tanh', 'sigmoid', 'elu']","[1e-05, 0.01]","[2, 3, 4, 5, 6, 7, 8, 9, 10, 11, 12, 13, 14, 15, 16, 17, 18, 19, 20, 21, 22, 23, 24, 25, 26, 27, 28, 29, 30]","[16, 32, 64, 128]","[5, 10, 15, 20]","[2, 3, 5, 7]","[2, 4, 8]",random,minimize,local
ge72s3y5,206,1515,1779272934444,,/home/meliani/nni-experiments/ge72s3y5,53,exp_random_100_ali_only_ali_only,hpo,/home/meliani/Desktop/phd/fast-track/search_space.json,python3 trial.py --data ./ali_only.csv,/home/meliani/Desktop/phd/fast-track,1,360000s,100,False,False,info,/home/meliani/nni-experiments,"['LSTM', 'GRU', 'CNN', 'RNN', 'TCN', 'Transformer', 'MLP']","[16, 32, 64, 128, 256]","[1, 2, 3, 4]","[0, 0.1, 0.2, 0.3, 0.5]","['relu', 'tanh', 'sigmoid', 'elu']","[1e-05, 0.01]","[2, 3, 4, 5, 6, 7, 8, 9, 10, 11, 12, 13, 14, 15, 16, 17, 18, 19, 20, 21, 22, 23, 24, 25, 26, 27, 28, 29, 30]","[16, 32, 64, 128]","[5, 10, 15, 20]","[2, 3, 5, 7]","[2, 4, 8]",random,minimize,local
ge72s3y5,207,1520,1779272934444,,/home/meliani/nni-experiments/ge72s3y5,53,exp_random_100_ali_only_ali_only,hpo,/home/meliani/Desktop/phd/fast-track/search_space.json,python3 trial.py --data ./ali_only.csv,/home/meliani/Desktop/phd/fast-track,1,360000s,100,False,False,info,/home/meliani/nni-experiments,"['LSTM', 'GRU', 'CNN', 'RNN', 'TCN', 'Transformer', 'MLP']","[16, 32, 64, 128, 256]","[1, 2, 3, 4]","[0, 0.1, 0.2, 0.3, 0.5]","['relu', 'tanh', 'sigmoid', 'elu']","[1e-05, 0.01]","[2, 3, 4, 5, 6, 7, 8, 9, 10, 11, 12, 13, 14, 15, 16, 17, 18, 19, 20, 21, 22, 23, 24, 25, 26, 27, 28, 29, 30]","[16, 32, 64, 128]","[5, 10, 15, 20]","[2, 3, 5, 7]","[2, 4, 8]",random,minimize,local
ge72s3y5,208,1530,1779272934444,,/home/meliani/nni-experiments/ge72s3y5,53,exp_random_100_ali_only_ali_only,hpo,/home/meliani/Desktop/phd/fast-track/search_space.json,python3 trial.py --data ./ali_only.csv,/home/meliani/Desktop/phd/fast-track,1,360000s,100,False,False,info,/home/meliani/nni-experiments,"['LSTM', 'GRU', 'CNN', 'RNN', 'TCN', 'Transformer', 'MLP']","[16, 32, 64, 128, 256]","[1, 2, 3, 4]","[0, 0.1, 0.2, 0.3, 0.5]","['relu', 'tanh', 'sigmoid', 'elu']","[1e-05, 0.01]","[2, 3, 4, 5, 6, 7, 8, 9, 10, 11, 12, 13, 14, 15, 16, 17, 18, 19, 20, 21, 22, 23, 24, 25, 26, 27, 28, 29, 30]","[16, 32, 64, 128]","[5, 10, 15, 20]","[2, 3, 5, 7]","[2, 4, 8]",random,minimize,local
ge72s3y5,209,1532,1779272934444,,/home/meliani/nni-experiments/ge72s3y5,54,exp_random_100_ali_only_ali_only,hpo,/home/meliani/Desktop/phd/fast-track/search_space.json,python3 trial.py --data ./ali_only.csv,/home/meliani/Desktop/phd/fast-track,1,360000s,100,False,False,info,/home/meliani/nni-experiments,"['LSTM', 'GRU', 'CNN', 'RNN', 'TCN', 'Transformer', 'MLP']","[16, 32, 64, 128, 256]","[1, 2, 3, 4]","[0, 0.1, 0.2, 0.3, 0.5]","['relu', 'tanh', 'sigmoid', 'elu']","[1e-05, 0.01]","[2, 3, 4, 5, 6, 7, 8, 9, 10, 11, 12, 13, 14, 15, 16, 17, 18, 19, 20, 21, 22, 23, 24, 25, 26, 27, 28, 29, 30]","[16, 32, 64, 128]","[5, 10, 15, 20]","[2, 3, 5, 7]","[2, 4, 8]",random,minimize,local
ge72s3y5,210,1540,1779272934444,,/home/meliani/nni-experiments/ge72s3y5,54,exp_random_100_ali_only_ali_only,hpo,/home/meliani/Desktop/phd/fast-track/search_space.json,python3 trial.py --data ./ali_only.csv,/home/meliani/Desktop/phd/fast-track,1,360000s,100,False,False,info,/home/meliani/nni-experiments,"['LSTM', 'GRU', 'CNN', 'RNN', 'TCN', 'Transformer', 'MLP']","[16, 32, 64, 128, 256]","[1, 2, 3, 4]","[0, 0.1, 0.2, 0.3, 0.5]","['relu', 'tanh', 'sigmoid', 'elu']","[1e-05, 0.01]","[2, 3, 4, 5, 6, 7, 8, 9, 10, 11, 12, 13, 14, 15, 16, 17, 18, 19, 20, 21, 22, 23, 24, 25, 26, 27, 28, 29, 30]","[16, 32, 64, 128]","[5, 10, 15, 20]","[2, 3, 5, 7]","[2, 4, 8]",random,minimize,local
ge72s3y5,211,1550,1779272934444,,/home/meliani/nni-experiments/ge72s3y5,54,exp_random_100_ali_only_ali_only,hpo,/home/meliani/Desktop/phd/fast-track/search_space.json,python3 trial.py --data ./ali_only.csv,/home/meliani/Desktop/phd/fast-track,1,360000s,100,False,False,info,/home/meliani/nni-experiments,"['LSTM', 'GRU', 'CNN', 'RNN', 'TCN', 'Transformer', 'MLP']","[16, 32, 64, 128, 256]","[1, 2, 3, 4]","[0, 0.1, 0.2, 0.3, 0.5]","['relu', 'tanh', 'sigmoid', 'elu']","[1e-05, 0.01]","[2, 3, 4, 5, 6, 7, 8, 9, 10, 11, 12, 13, 14, 15, 16, 17, 18, 19, 20, 21, 22, 23, 24, 25, 26, 27, 28, 29, 30]","[16, 32, 64, 128]","[5, 10, 15, 20]","[2, 3, 5, 7]","[2, 4, 8]",random,minimize,local
ge72s3y5,212,1560,1779272934444,,/home/meliani/nni-experiments/ge72s3y5,54,exp_random_100_ali_only_ali_only,hpo,/home/meliani/Desktop/phd/fast-track/search_space.json,python3 trial.py --data ./ali_only.csv,/home/meliani/Desktop/phd/fast-track,1,360000s,100,False,False,info,/home/meliani/nni-experiments,"['LSTM', 'GRU', 'CNN', 'RNN', 'TCN', 'Transformer', 'MLP']","[16, 32, 64, 128, 256]","[1, 2, 3, 4]","[0, 0.1, 0.2, 0.3, 0.5]","['relu', 'tanh', 'sigmoid', 'elu']","[1e-05, 0.01]","[2, 3, 4, 5, 6, 7, 8, 9, 10, 11, 12, 13, 14, 15, 16, 17, 18, 19, 20, 21, 22, 23, 24, 25, 26, 27, 28, 29, 30]","[16, 32, 64, 128]","[5, 10, 15, 20]","[2, 3, 5, 7]","[2, 4, 8]",random,minimize,local
ge72s3y5,213,1570,1779272934444,,/home/meliani/nni-experiments/ge72s3y5,54,exp_random_100_ali_only_ali_only,hpo,/home/meliani/Desktop/phd/fast-track/search_space.json,python3 trial.py --data ./ali_only.csv,/home/meliani/Desktop/phd/fast-track,1,360000s,100,False,False,info,/home/meliani/nni-experiments,"['LSTM', 'GRU', 'CNN', 'RNN', 'TCN', 'Transformer', 'MLP']","[16, 32, 64, 128, 256]","[1, 2, 3, 4]","[0, 0.1, 0.2, 0.3, 0.5]","['relu', 'tanh', 'sigmoid', 'elu']","[1e-05, 0.01]","[2, 3, 4, 5, 6, 7, 8, 9, 10, 11, 12, 13, 14, 15, 16, 17, 18, 19, 20, 21, 22, 23, 24, 25, 26, 27, 28, 29, 30]","[16, 32, 64, 128]","[5, 10, 15, 20]","[2, 3, 5, 7]","[2, 4, 8]",random,minimize,local
ge72s3y5,214,1580,1779272934444,,/home/meliani/nni-experiments/ge72s3y5,54,exp_random_100_ali_only_ali_only,hpo,/home/meliani/Desktop/phd/fast-track/search_space.json,python3 trial.py --data ./ali_only.csv,/home/meliani/Desktop/phd/fast-track,1,360000s,100,False,False,info,/home/meliani/nni-experiments,"['LSTM', 'GRU', 'CNN', 'RNN', 'TCN', 'Transformer', 'MLP']","[16, 32, 64, 128, 256]","[1, 2, 3, 4]","[0, 0.1, 0.2, 0.3, 0.5]","['relu', 'tanh', 'sigmoid', 'elu']","[1e-05, 0.01]","[2, 3, 4, 5, 6, 7, 8, 9, 10, 11, 12, 13, 14, 15, 16, 17, 18, 19, 20, 21, 22, 23, 24, 25, 26, 27, 28, 29, 30]","[16, 32, 64, 128]","[5, 10, 15, 20]","[2, 3, 5, 7]","[2, 4, 8]",random,minimize,local
ge72s3y5,215,1590,1779272934444,,/home/meliani/nni-experiments/ge72s3y5,54,exp_random_100_ali_only_ali_only,hpo,/home/meliani/Desktop/phd/fast-track/search_space.json,python3 trial.py --data ./ali_only.csv,/home/meliani/Desktop/phd/fast-track,1,360000s,100,False,False,info,/home/meliani/nni-experiments,"['LSTM', 'GRU', 'CNN', 'RNN', 'TCN', 'Transformer', 'MLP']","[16, 32, 64, 128, 256]","[1, 2, 3, 4]","[0, 0.1, 0.2, 0.3, 0.5]","['relu', 'tanh', 'sigmoid', 'elu']","[1e-05, 0.01]","[2, 3, 4, 5, 6, 7, 8, 9, 10, 11, 12, 13, 14, 15, 16, 17, 18, 19, 20, 21, 22, 23, 24, 25, 26, 27, 28, 29, 30]","[16, 32, 64, 128]","[5, 10, 15, 20]","[2, 3, 5, 7]","[2, 4, 8]",random,minimize,local
ge72s3y5,216,1600,1779272934444,,/home/meliani/nni-experiments/ge72s3y5,54,exp_random_100_ali_only_ali_only,hpo,/home/meliani/Desktop/phd/fast-track/search_space.json,python3 trial.py --data ./ali_only.csv,/home/meliani/Desktop/phd/fast-track,1,360000s,100,False,False,info,/home/meliani/nni-experiments,"['LSTM', 'GRU', 'CNN', 'RNN', 'TCN', 'Transformer', 'MLP']","[16, 32, 64, 128, 256]","[1, 2, 3, 4]","[0, 0.1, 0.2, 0.3, 0.5]","['relu', 'tanh', 'sigmoid', 'elu']","[1e-05, 0.01]","[2, 3, 4, 5, 6, 7, 8, 9, 10, 11, 12, 13, 14, 15, 16, 17, 18, 19, 20, 21, 22, 23, 24, 25, 26, 27, 28, 29, 30]","[16, 32, 64, 128]","[5, 10, 15, 20]","[2, 3, 5, 7]","[2, 4, 8]",random,minimize,local
ge72s3y5,217,1610,1779272934444,,/home/meliani/nni-experiments/ge72s3y5,54,exp_random_100_ali_only_ali_only,hpo,/home/meliani/Desktop/phd/fast-track/search_space.json,python3 trial.py --data ./ali_only.csv,/home/meliani/Desktop/phd/fast-track,1,360000s,100,False,False,info,/home/meliani/nni-experiments,"['LSTM', 'GRU', 'CNN', 'RNN', 'TCN', 'Transformer', 'MLP']","[16, 32, 64, 128, 256]","[1, 2, 3, 4]","[0, 0.1, 0.2, 0.3, 0.5]","['relu', 'tanh', 'sigmoid', 'elu']","[1e-05, 0.01]","[2, 3, 4, 5, 6, 7, 8, 9, 10, 11, 12, 13, 14, 15, 16, 17, 18, 19, 20, 21, 22, 23, 24, 25, 26, 27, 28, 29, 30]","[16, 32, 64, 128]","[5, 10, 15, 20]","[2, 3, 5, 7]","[2, 4, 8]",random,minimize,local
ge72s3y5,218,1620,1779272934444,,/home/meliani/nni-experiments/ge72s3y5,54,exp_random_100_ali_only_ali_only,hpo,/home/meliani/Desktop/phd/fast-track/search_space.json,python3 trial.py --data ./ali_only.csv,/home/meliani/Desktop/phd/fast-track,1,360000s,100,False,False,info,/home/meliani/nni-experiments,"['LSTM', 'GRU', 'CNN', 'RNN', 'TCN', 'Transformer', 'MLP']","[16, 32, 64, 128, 256]","[1, 2, 3, 4]","[0, 0.1, 0.2, 0.3, 0.5]","['relu', 'tanh', 'sigmoid', 'elu']","[1e-05, 0.01]","[2, 3, 4, 5, 6, 7, 8, 9, 10, 11, 12, 13, 14, 15, 16, 17, 18, 19, 20, 21, 22, 23, 24, 25, 26, 27, 28, 29, 30]","[16, 32, 64, 128]","[5, 10, 15, 20]","[2, 3, 5, 7]","[2, 4, 8]",random,minimize,local
ge72s3y5,219,1630,1779272934444,,/home/meliani/nni-experiments/ge72s3y5,54,exp_random_100_ali_only_ali_only,hpo,/home/meliani/Desktop/phd/fast-track/search_space.json,python3 trial.py --data ./ali_only.csv,/home/meliani/Desktop/phd/fast-track,1,360000s,100,False,False,info,/home/meliani/nni-experiments,"['LSTM', 'GRU', 'CNN', 'RNN', 'TCN', 'Transformer', 'MLP']","[16, 32, 64, 128, 256]","[1, 2, 3, 4]","[0, 0.1, 0.2, 0.3, 0.5]","['relu', 'tanh', 'sigmoid', 'elu']","[1e-05, 0.01]","[2, 3, 4, 5, 6, 7, 8, 9, 10, 11, 12, 13, 14, 15, 16, 17, 18, 19, 20, 21, 22, 23, 24, 25, 26, 27, 28, 29, 30]","[16, 32, 64, 128]","[5, 10, 15, 20]","[2, 3, 5, 7]","[2, 4, 8]",random,minimize,local
ge72s3y5,220,1637,1779272934444,,/home/meliani/nni-experiments/ge72s3y5,55,exp_random_100_ali_only_ali_only,hpo,/home/meliani/Desktop/phd/fast-track/search_space.json,python3 trial.py --data ./ali_only.csv,/home/meliani/Desktop/phd/fast-track,1,360000s,100,False,False,info,/home/meliani/nni-experiments,"['LSTM', 'GRU', 'CNN', 'RNN', 'TCN', 'Transformer', 'MLP']","[16, 32, 64, 128, 256]","[1, 2, 3, 4]","[0, 0.1, 0.2, 0.3, 0.5]","['relu', 'tanh', 'sigmoid', 'elu']","[1e-05, 0.01]","[2, 3, 4, 5, 6, 7, 8, 9, 10, 11, 12, 13, 14, 15, 16, 17, 18, 19, 20, 21, 22, 23, 24, 25, 26, 27, 28, 29, 30]","[16, 32, 64, 128]","[5, 10, 15, 20]","[2, 3, 5, 7]","[2, 4, 8]",random,minimize,local
ge72s3y5,221,1640,1779272934444,,/home/meliani/nni-experiments/ge72s3y5,55,exp_random_100_ali_only_ali_only,hpo,/home/meliani/Desktop/phd/fast-track/search_space.json,python3 trial.py --data ./ali_only.csv,/home/meliani/Desktop/phd/fast-track,1,360000s,100,False,False,info,/home/meliani/nni-experiments,"['LSTM', 'GRU', 'CNN', 'RNN', 'TCN', 'Transformer', 'MLP']","[16, 32, 64, 128, 256]","[1, 2, 3, 4]","[0, 0.1, 0.2, 0.3, 0.5]","['relu', 'tanh', 'sigmoid', 'elu']","[1e-05, 0.01]","[2, 3, 4, 5, 6, 7, 8, 9, 10, 11, 12, 13, 14, 15, 16, 17, 18, 19, 20, 21, 22, 23, 24, 25, 26, 27, 28, 29, 30]","[16, 32, 64, 128]","[5, 10, 15, 20]","[2, 3, 5, 7]","[2, 4, 8]",random,minimize,local
ge72s3y5,222,1650,1779272934444,,/home/meliani/nni-experiments/ge72s3y5,55,exp_random_100_ali_only_ali_only,hpo,/home/meliani/Desktop/phd/fast-track/search_space.json,python3 trial.py --data ./ali_only.csv,/home/meliani/Desktop/phd/fast-track,1,360000s,100,False,False,info,/home/meliani/nni-experiments,"['LSTM', 'GRU', 'CNN', 'RNN', 'TCN', 'Transformer', 'MLP']","[16, 32, 64, 128, 256]","[1, 2, 3, 4]","[0, 0.1, 0.2, 0.3, 0.5]","['relu', 'tanh', 'sigmoid', 'elu']","[1e-05, 0.01]","[2, 3, 4, 5, 6, 7, 8, 9, 10, 11, 12, 13, 14, 15, 16, 17, 18, 19, 20, 21, 22, 23, 24, 25, 26, 27, 28, 29, 30]","[16, 32, 64, 128]","[5, 10, 15, 20]","[2, 3, 5, 7]","[2, 4, 8]",random,minimize,local
ge72s3y5,223,1656,1779272934444,,/home/meliani/nni-experiments/ge72s3y5,56,exp_random_100_ali_only_ali_only,hpo,/home/meliani/Desktop/phd/fast-track/search_space.json,python3 trial.py --data ./ali_only.csv,/home/meliani/Desktop/phd/fast-track,1,360000s,100,False,False,info,/home/meliani/nni-experiments,"['LSTM', 'GRU', 'CNN', 'RNN', 'TCN', 'Transformer', 'MLP']","[16, 32, 64, 128, 256]","[1, 2, 3, 4]","[0, 0.1, 0.2, 0.3, 0.5]","['relu', 'tanh', 'sigmoid', 'elu']","[1e-05, 0.01]","[2, 3, 4, 5, 6, 7, 8, 9, 10, 11, 12, 13, 14, 15, 16, 17, 18, 19, 20, 21, 22, 23, 24, 25, 26, 27, 28, 29, 30]","[16, 32, 64, 128]","[5, 10, 15, 20]","[2, 3, 5, 7]","[2, 4, 8]",random,minimize,local
ge72s3y5,224,1660,1779272934444,,/home/meliani/nni-experiments/ge72s3y5,56,exp_random_100_ali_only_ali_only,hpo,/home/meliani/Desktop/phd/fast-track/search_space.json,python3 trial.py --data ./ali_only.csv,/home/meliani/Desktop/phd/fast-track,1,360000s,100,False,False,info,/home/meliani/nni-experiments,"['LSTM', 'GRU', 'CNN', 'RNN', 'TCN', 'Transformer', 'MLP']","[16, 32, 64, 128, 256]","[1, 2, 3, 4]","[0, 0.1, 0.2, 0.3, 0.5]","['relu', 'tanh', 'sigmoid', 'elu']","[1e-05, 0.01]","[2, 3, 4, 5, 6, 7, 8, 9, 10, 11, 12, 13, 14, 15, 16, 17, 18, 19, 20, 21, 22, 23, 24, 25, 26, 27, 28, 29, 30]","[16, 32, 64, 128]","[5, 10, 15, 20]","[2, 3, 5, 7]","[2, 4, 8]",random,minimize,local
ge72s3y5,225,1670,1779272934444,,/home/meliani/nni-experiments/ge72s3y5,56,exp_random_100_ali_only_ali_only,hpo,/home/meliani/Desktop/phd/fast-track/search_space.json,python3 trial.py --data ./ali_only.csv,/home/meliani/Desktop/phd/fast-track,1,360000s,100,False,False,info,/home/meliani/nni-experiments,"['LSTM', 'GRU', 'CNN', 'RNN', 'TCN', 'Transformer', 'MLP']","[16, 32, 64, 128, 256]","[1, 2, 3, 4]","[0, 0.1, 0.2, 0.3, 0.5]","['relu', 'tanh', 'sigmoid', 'elu']","[1e-05, 0.01]","[2, 3, 4, 5, 6, 7, 8, 9, 10, 11, 12, 13, 14, 15, 16, 17, 18, 19, 20, 21, 22, 23, 24, 25, 26, 27, 28, 29, 30]","[16, 32, 64, 128]","[5, 10, 15, 20]","[2, 3, 5, 7]","[2, 4, 8]",random,minimize,local
ge72s3y5,226,1672,1779272934444,,/home/meliani/nni-experiments/ge72s3y5,57,exp_random_100_ali_only_ali_only,hpo,/home/meliani/Desktop/phd/fast-track/search_space.json,python3 trial.py --data ./ali_only.csv,/home/meliani/Desktop/phd/fast-track,1,360000s,100,False,False,info,/home/meliani/nni-experiments,"['LSTM', 'GRU', 'CNN', 'RNN', 'TCN', 'Transformer', 'MLP']","[16, 32, 64, 128, 256]","[1, 2, 3, 4]","[0, 0.1, 0.2, 0.3, 0.5]","['relu', 'tanh', 'sigmoid', 'elu']","[1e-05, 0.01]","[2, 3, 4, 5, 6, 7, 8, 9, 10, 11, 12, 13, 14, 15, 16, 17, 18, 19, 20, 21, 22, 23, 24, 25, 26, 27, 28, 29, 30]","[16, 32, 64, 128]","[5, 10, 15, 20]","[2, 3, 5, 7]","[2, 4, 8]",random,minimize,local
ge72s3y5,227,1680,1779272934444,,/home/meliani/nni-experiments/ge72s3y5,57,exp_random_100_ali_only_ali_only,hpo,/home/meliani/Desktop/phd/fast-track/search_space.json,python3 trial.py --data ./ali_only.csv,/home/meliani/Desktop/phd/fast-track,1,360000s,100,False,False,info,/home/meliani/nni-experiments,"['LSTM', 'GRU', 'CNN', 'RNN', 'TCN', 'Transformer', 'MLP']","[16, 32, 64, 128, 256]","[1, 2, 3, 4]","[0, 0.1, 0.2, 0.3, 0.5]","['relu', 'tanh', 'sigmoid', 'elu']","[1e-05, 0.01]","[2, 3, 4, 5, 6, 7, 8, 9, 10, 11, 12, 13, 14, 15, 16, 17, 18, 19, 20, 21, 22, 23, 24, 25, 26, 27, 28, 29, 30]","[16, 32, 64, 128]","[5, 10, 15, 20]","[2, 3, 5, 7]","[2, 4, 8]",random,minimize,local
ge72s3y5,228,1690,1779272934444,,/home/meliani/nni-experiments/ge72s3y5,57,exp_random_100_ali_only_ali_only,hpo,/home/meliani/Desktop/phd/fast-track/search_space.json,python3 trial.py --data ./ali_only.csv,/home/meliani/Desktop/phd/fast-track,1,360000s,100,False,False,info,/home/meliani/nni-experiments,"['LSTM', 'GRU', 'CNN', 'RNN', 'TCN', 'Transformer', 'MLP']","[16, 32, 64, 128, 256]","[1, 2, 3, 4]","[0, 0.1, 0.2, 0.3, 0.5]","['relu', 'tanh', 'sigmoid', 'elu']","[1e-05, 0.01]","[2, 3, 4, 5, 6, 7, 8, 9, 10, 11, 12, 13, 14, 15, 16, 17, 18, 19, 20, 21, 22, 23, 24, 25, 26, 27, 28, 29, 30]","[16, 32, 64, 128]","[5, 10, 15, 20]","[2, 3, 5, 7]","[2, 4, 8]",random,minimize,local
ge72s3y5,229,1700,1779272934444,,/home/meliani/nni-experiments/ge72s3y5,57,exp_random_100_ali_only_ali_only,hpo,/home/meliani/Desktop/phd/fast-track/search_space.json,python3 trial.py --data ./ali_only.csv,/home/meliani/Desktop/phd/fast-track,1,360000s,100,False,False,info,/home/meliani/nni-experiments,"['LSTM', 'GRU', 'CNN', 'RNN', 'TCN', 'Transformer', 'MLP']","[16, 32, 64, 128, 256]","[1, 2, 3, 4]","[0, 0.1, 0.2, 0.3, 0.5]","['relu', 'tanh', 'sigmoid', 'elu']","[1e-05, 0.01]","[2, 3, 4, 5, 6, 7, 8, 9, 10, 11, 12, 13, 14, 15, 16, 17, 18, 19, 20, 21, 22, 23, 24, 25, 26, 27, 28, 29, 30]","[16, 32, 64, 128]","[5, 10, 15, 20]","[2, 3, 5, 7]","[2, 4, 8]",random,minimize,local
ge72s3y5,230,1707,1779272934444,,/home/meliani/nni-experiments/ge72s3y5,58,exp_random_100_ali_only_ali_only,hpo,/home/meliani/Desktop/phd/fast-track/search_space.json,python3 trial.py --data ./ali_only.csv,/home/meliani/Desktop/phd/fast-track,1,360000s,100,False,False,info,/home/meliani/nni-experiments,"['LSTM', 'GRU', 'CNN', 'RNN', 'TCN', 'Transformer', 'MLP']","[16, 32, 64, 128, 256]","[1, 2, 3, 4]","[0, 0.1, 0.2, 0.3, 0.5]","['relu', 'tanh', 'sigmoid', 'elu']","[1e-05, 0.01]","[2, 3, 4, 5, 6, 7, 8, 9, 10, 11, 12, 13, 14, 15, 16, 17, 18, 19, 20, 21, 22, 23, 24, 25, 26, 27, 28, 29, 30]","[16, 32, 64, 128]","[5, 10, 15, 20]","[2, 3, 5, 7]","[2, 4, 8]",random,minimize,local
ge72s3y5,231,1710,1779272934444,,/home/meliani/nni-experiments/ge72s3y5,58,exp_random_100_ali_only_ali_only,hpo,/home/meliani/Desktop/phd/fast-track/search_space.json,python3 trial.py --data ./ali_only.csv,/home/meliani/Desktop/phd/fast-track,1,360000s,100,False,False,info,/home/meliani/nni-experiments,"['LSTM', 'GRU', 'CNN', 'RNN', 'TCN', 'Transformer', 'MLP']","[16, 32, 64, 128, 256]","[1, 2, 3, 4]","[0, 0.1, 0.2, 0.3, 0.5]","['relu', 'tanh', 'sigmoid', 'elu']","[1e-05, 0.01]","[2, 3, 4, 5, 6, 7, 8, 9, 10, 11, 12, 13, 14, 15, 16, 17, 18, 19, 20, 21, 22, 23, 24, 25, 26, 27, 28, 29, 30]","[16, 32, 64, 128]","[5, 10, 15, 20]","[2, 3, 5, 7]","[2, 4, 8]",random,minimize,local
ge72s3y5,232,1717,1779272934444,,/home/meliani/nni-experiments/ge72s3y5,59,exp_random_100_ali_only_ali_only,hpo,/home/meliani/Desktop/phd/fast-track/search_space.json,python3 trial.py --data ./ali_only.csv,/home/meliani/Desktop/phd/fast-track,1,360000s,100,False,False,info,/home/meliani/nni-experiments,"['LSTM', 'GRU', 'CNN', 'RNN', 'TCN', 'Transformer', 'MLP']","[16, 32, 64, 128, 256]","[1, 2, 3, 4]","[0, 0.1, 0.2, 0.3, 0.5]","['relu', 'tanh', 'sigmoid', 'elu']","[1e-05, 0.01]","[2, 3, 4, 5, 6, 7, 8, 9, 10, 11, 12, 13, 14, 15, 16, 17, 18, 19, 20, 21, 22, 23, 24, 25, 26, 27, 28, 29, 30]","[16, 32, 64, 128]","[5, 10, 15, 20]","[2, 3, 5, 7]","[2, 4, 8]",random,minimize,local
ge72s3y5,233,1720,1779272934444,,/home/meliani/nni-experiments/ge72s3y5,59,exp_random_100_ali_only_ali_only,hpo,/home/meliani/Desktop/phd/fast-track/search_space.json,python3 trial.py --data ./ali_only.csv,/home/meliani/Desktop/phd/fast-track,1,360000s,100,False,False,info,/home/meliani/nni-experiments,"['LSTM', 'GRU', 'CNN', 'RNN', 'TCN', 'Transformer', 'MLP']","[16, 32, 64, 128, 256]","[1, 2, 3, 4]","[0, 0.1, 0.2, 0.3, 0.5]","['relu', 'tanh', 'sigmoid', 'elu']","[1e-05, 0.01]","[2, 3, 4, 5, 6, 7, 8, 9, 10, 11, 12, 13, 14, 15, 16, 17, 18, 19, 20, 21, 22, 23, 24, 25, 26, 27, 28, 29, 30]","[16, 32, 64, 128]","[5, 10, 15, 20]","[2, 3, 5, 7]","[2, 4, 8]",random,minimize,local
ge72s3y5,234,1726,1779272934444,,/home/meliani/nni-experiments/ge72s3y5,60,exp_random_100_ali_only_ali_only,hpo,/home/meliani/Desktop/phd/fast-track/search_space.json,python3 trial.py --data ./ali_only.csv,/home/meliani/Desktop/phd/fast-track,1,360000s,100,False,False,info,/home/meliani/nni-experiments,"['LSTM', 'GRU', 'CNN', 'RNN', 'TCN', 'Transformer', 'MLP']","[16, 32, 64, 128, 256]","[1, 2, 3, 4]","[0, 0.1, 0.2, 0.3, 0.5]","['relu', 'tanh', 'sigmoid', 'elu']","[1e-05, 0.01]","[2, 3, 4, 5, 6, 7, 8, 9, 10, 11, 12, 13, 14, 15, 16, 17, 18, 19, 20, 21, 22, 23, 24, 25, 26, 27, 28, 29, 30]","[16, 32, 64, 128]","[5, 10, 15, 20]","[2, 3, 5, 7]","[2, 4, 8]",random,minimize,local
ge72s3y5,235,1730,1779272934444,,/home/meliani/nni-experiments/ge72s3y5,60,exp_random_100_ali_only_ali_only,hpo,/home/meliani/Desktop/phd/fast-track/search_space.json,python3 trial.py --data ./ali_only.csv,/home/meliani/Desktop/phd/fast-track,1,360000s,100,False,False,info,/home/meliani/nni-experiments,"['LSTM', 'GRU', 'CNN', 'RNN', 'TCN', 'Transformer', 'MLP']","[16, 32, 64, 128, 256]","[1, 2, 3, 4]","[0, 0.1, 0.2, 0.3, 0.5]","['relu', 'tanh', 'sigmoid', 'elu']","[1e-05, 0.01]","[2, 3, 4, 5, 6, 7, 8, 9, 10, 11, 12, 13, 14, 15, 16, 17, 18, 19, 20, 21, 22, 23, 24, 25, 26, 27, 28, 29, 30]","[16, 32, 64, 128]","[5, 10, 15, 20]","[2, 3, 5, 7]","[2, 4, 8]",random,minimize,local
ge72s3y5,236,1733,1779272934444,,/home/meliani/nni-experiments/ge72s3y5,61,exp_random_100_ali_only_ali_only,hpo,/home/meliani/Desktop/phd/fast-track/search_space.json,python3 trial.py --data ./ali_only.csv,/home/meliani/Desktop/phd/fast-track,1,360000s,100,False,False,info,/home/meliani/nni-experiments,"['LSTM', 'GRU', 'CNN', 'RNN', 'TCN', 'Transformer', 'MLP']","[16, 32, 64, 128, 256]","[1, 2, 3, 4]","[0, 0.1, 0.2, 0.3, 0.5]","['relu', 'tanh', 'sigmoid', 'elu']","[1e-05, 0.01]","[2, 3, 4, 5, 6, 7, 8, 9, 10, 11, 12, 13, 14, 15, 16, 17, 18, 19, 20, 21, 22, 23, 24, 25, 26, 27, 28, 29, 30]","[16, 32, 64, 128]","[5, 10, 15, 20]","[2, 3, 5, 7]","[2, 4, 8]",random,minimize,local
ge72s3y5,237,1740,1779272934444,,/home/meliani/nni-experiments/ge72s3y5,61,exp_random_100_ali_only_ali_only,hpo,/home/meliani/Desktop/phd/fast-track/search_space.json,python3 trial.py --data ./ali_only.csv,/home/meliani/Desktop/phd/fast-track,1,360000s,100,False,False,info,/home/meliani/nni-experiments,"['LSTM', 'GRU', 'CNN', 'RNN', 'TCN', 'Transformer', 'MLP']","[16, 32, 64, 128, 256]","[1, 2, 3, 4]","[0, 0.1, 0.2, 0.3, 0.5]","['relu', 'tanh', 'sigmoid', 'elu']","[1e-05, 0.01]","[2, 3, 4, 5, 6, 7, 8, 9, 10, 11, 12, 13, 14, 15, 16, 17, 18, 19, 20, 21, 22, 23, 24, 25, 26, 27, 28, 29, 30]","[16, 32, 64, 128]","[5, 10, 15, 20]","[2, 3, 5, 7]","[2, 4, 8]",random,minimize,local
ge72s3y5,238,1750,1779272934444,,/home/meliani/nni-experiments/ge72s3y5,61,exp_random_100_ali_only_ali_only,hpo,/home/meliani/Desktop/phd/fast-track/search_space.json,python3 trial.py --data ./ali_only.csv,/home/meliani/Desktop/phd/fast-track,1,360000s,100,False,False,info,/home/meliani/nni-experiments,"['LSTM', 'GRU', 'CNN', 'RNN', 'TCN', 'Transformer', 'MLP']","[16, 32, 64, 128, 256]","[1, 2, 3, 4]","[0, 0.1, 0.2, 0.3, 0.5]","['relu', 'tanh', 'sigmoid', 'elu']","[1e-05, 0.01]","[2, 3, 4, 5, 6, 7, 8, 9, 10, 11, 12, 13, 14, 15, 16, 17, 18, 19, 20, 21, 22, 23, 24, 25, 26, 27, 28, 29, 30]","[16, 32, 64, 128]","[5, 10, 15, 20]","[2, 3, 5, 7]","[2, 4, 8]",random,minimize,local
ge72s3y5,239,1760,1779272934444,,/home/meliani/nni-experiments/ge72s3y5,61,exp_random_100_ali_only_ali_only,hpo,/home/meliani/Desktop/phd/fast-track/search_space.json,python3 trial.py --data ./ali_only.csv,/home/meliani/Desktop/phd/fast-track,1,360000s,100,False,False,info,/home/meliani/nni-experiments,"['LSTM', 'GRU', 'CNN', 'RNN', 'TCN', 'Transformer', 'MLP']","[16, 32, 64, 128, 256]","[1, 2, 3, 4]","[0, 0.1, 0.2, 0.3, 0.5]","['relu', 'tanh', 'sigmoid', 'elu']","[1e-05, 0.01]","[2, 3, 4, 5, 6, 7, 8, 9, 10, 11, 12, 13, 14, 15, 16, 17, 18, 19, 20, 21, 22, 23, 24, 25, 26, 27, 28, 29, 30]","[16, 32, 64, 128]","[5, 10, 15, 20]","[2, 3, 5, 7]","[2, 4, 8]",random,minimize,local
ge72s3y5,240,1762,1779272934444,,/home/meliani/nni-experiments/ge72s3y5,62,exp_random_100_ali_only_ali_only,hpo,/home/meliani/Desktop/phd/fast-track/search_space.json,python3 trial.py --data ./ali_only.csv,/home/meliani/Desktop/phd/fast-track,1,360000s,100,False,False,info,/home/meliani/nni-experiments,"['LSTM', 'GRU', 'CNN', 'RNN', 'TCN', 'Transformer', 'MLP']","[16, 32, 64, 128, 256]","[1, 2, 3, 4]","[0, 0.1, 0.2, 0.3, 0.5]","['relu', 'tanh', 'sigmoid', 'elu']","[1e-05, 0.01]","[2, 3, 4, 5, 6, 7, 8, 9, 10, 11, 12, 13, 14, 15, 16, 17, 18, 19, 20, 21, 22, 23, 24, 25, 26, 27, 28, 29, 30]","[16, 32, 64, 128]","[5, 10, 15, 20]","[2, 3, 5, 7]","[2, 4, 8]",random,minimize,local
ge72s3y5,241,1768,1779272934444,,/home/meliani/nni-experiments/ge72s3y5,63,exp_random_100_ali_only_ali_only,hpo,/home/meliani/Desktop/phd/fast-track/search_space.json,python3 trial.py --data ./ali_only.csv,/home/meliani/Desktop/phd/fast-track,1,360000s,100,False,False,info,/home/meliani/nni-experiments,"['LSTM', 'GRU', 'CNN', 'RNN', 'TCN', 'Transformer', 'MLP']","[16, 32, 64, 128, 256]","[1, 2, 3, 4]","[0, 0.1, 0.2, 0.3, 0.5]","['relu', 'tanh', 'sigmoid', 'elu']","[1e-05, 0.01]","[2, 3, 4, 5, 6, 7, 8, 9, 10, 11, 12, 13, 14, 15, 16, 17, 18, 19, 20, 21, 22, 23, 24, 25, 26, 27, 28, 29, 30]","[16, 32, 64, 128]","[5, 10, 15, 20]","[2, 3, 5, 7]","[2, 4, 8]",random,minimize,local
ge72s3y5,242,1770,1779272934444,,/home/meliani/nni-experiments/ge72s3y5,63,exp_random_100_ali_only_ali_only,hpo,/home/meliani/Desktop/phd/fast-track/search_space.json,python3 trial.py --data ./ali_only.csv,/home/meliani/Desktop/phd/fast-track,1,360000s,100,False,False,info,/home/meliani/nni-experiments,"['LSTM', 'GRU', 'CNN', 'RNN', 'TCN', 'Transformer', 'MLP']","[16, 32, 64, 128, 256]","[1, 2, 3, 4]","[0, 0.1, 0.2, 0.3, 0.5]","['relu', 'tanh', 'sigmoid', 'elu']","[1e-05, 0.01]","[2, 3, 4, 5, 6, 7, 8, 9, 10, 11, 12, 13, 14, 15, 16, 17, 18, 19, 20, 21, 22, 23, 24, 25, 26, 27, 28, 29, 30]","[16, 32, 64, 128]","[5, 10, 15, 20]","[2, 3, 5, 7]","[2, 4, 8]",random,minimize,local
ge72s3y5,243,1773,1779272934444,,/home/meliani/nni-experiments/ge72s3y5,64,exp_random_100_ali_only_ali_only,hpo,/home/meliani/Desktop/phd/fast-track/search_space.json,python3 trial.py --data ./ali_only.csv,/home/meliani/Desktop/phd/fast-track,1,360000s,100,False,False,info,/home/meliani/nni-experiments,"['LSTM', 'GRU', 'CNN', 'RNN', 'TCN', 'Transformer', 'MLP']","[16, 32, 64, 128, 256]","[1, 2, 3, 4]","[0, 0.1, 0.2, 0.3, 0.5]","['relu', 'tanh', 'sigmoid', 'elu']","[1e-05, 0.01]","[2, 3, 4, 5, 6, 7, 8, 9, 10, 11, 12, 13, 14, 15, 16, 17, 18, 19, 20, 21, 22, 23, 24, 25, 26, 27, 28, 29, 30]","[16, 32, 64, 128]","[5, 10, 15, 20]","[2, 3, 5, 7]","[2, 4, 8]",random,minimize,local
ge72s3y5,244,1780,1779272934444,,/home/meliani/nni-experiments/ge72s3y5,64,exp_random_100_ali_only_ali_only,hpo,/home/meliani/Desktop/phd/fast-track/search_space.json,python3 trial.py --data ./ali_only.csv,/home/meliani/Desktop/phd/fast-track,1,360000s,100,False,False,info,/home/meliani/nni-experiments,"['LSTM', 'GRU', 'CNN', 'RNN', 'TCN', 'Transformer', 'MLP']","[16, 32, 64, 128, 256]","[1, 2, 3, 4]","[0, 0.1, 0.2, 0.3, 0.5]","['relu', 'tanh', 'sigmoid', 'elu']","[1e-05, 0.01]","[2, 3, 4, 5, 6, 7, 8, 9, 10, 11, 12, 13, 14, 15, 16, 17, 18, 19, 20, 21, 22, 23, 24, 25, 26, 27, 28, 29, 30]","[16, 32, 64, 128]","[5, 10, 15, 20]","[2, 3, 5, 7]","[2, 4, 8]",random,minimize,local
ge72s3y5,245,1790,1779272934444,,/home/meliani/nni-experiments/ge72s3y5,64,exp_random_100_ali_only_ali_only,hpo,/home/meliani/Desktop/phd/fast-track/search_space.json,python3 trial.py --data ./ali_only.csv,/home/meliani/Desktop/phd/fast-track,1,360000s,100,False,False,info,/home/meliani/nni-experiments,"['LSTM', 'GRU', 'CNN', 'RNN', 'TCN', 'Transformer', 'MLP']","[16, 32, 64, 128, 256]","[1, 2, 3, 4]","[0, 0.1, 0.2, 0.3, 0.5]","['relu', 'tanh', 'sigmoid', 'elu']","[1e-05, 0.01]","[2, 3, 4, 5, 6, 7, 8, 9, 10, 11, 12, 13, 14, 15, 16, 17, 18, 19, 20, 21, 22, 23, 24, 25, 26, 27, 28, 29, 30]","[16, 32, 64, 128]","[5, 10, 15, 20]","[2, 3, 5, 7]","[2, 4, 8]",random,minimize,local
ge72s3y5,246,1800,1779272934444,,/home/meliani/nni-experiments/ge72s3y5,64,exp_random_100_ali_only_ali_only,hpo,/home/meliani/Desktop/phd/fast-track/search_space.json,python3 trial.py --data ./ali_only.csv,/home/meliani/Desktop/phd/fast-track,1,360000s,100,False,False,info,/home/meliani/nni-experiments,"['LSTM', 'GRU', 'CNN', 'RNN', 'TCN', 'Transformer', 'MLP']","[16, 32, 64, 128, 256]","[1, 2, 3, 4]","[0, 0.1, 0.2, 0.3, 0.5]","['relu', 'tanh', 'sigmoid', 'elu']","[1e-05, 0.01]","[2, 3, 4, 5, 6, 7, 8, 9, 10, 11, 12, 13, 14, 15, 16, 17, 18, 19, 20, 21, 22, 23, 24, 25, 26, 27, 28, 29, 30]","[16, 32, 64, 128]","[5, 10, 15, 20]","[2, 3, 5, 7]","[2, 4, 8]",random,minimize,local
ge72s3y5,247,1810,1779272934444,,/home/meliani/nni-experiments/ge72s3y5,64,exp_random_100_ali_only_ali_only,hpo,/home/meliani/Desktop/phd/fast-track/search_space.json,python3 trial.py --data ./ali_only.csv,/home/meliani/Desktop/phd/fast-track,1,360000s,100,False,False,info,/home/meliani/nni-experiments,"['LSTM', 'GRU', 'CNN', 'RNN', 'TCN', 'Transformer', 'MLP']","[16, 32, 64, 128, 256]","[1, 2, 3, 4]","[0, 0.1, 0.2, 0.3, 0.5]","['relu', 'tanh', 'sigmoid', 'elu']","[1e-05, 0.01]","[2, 3, 4, 5, 6, 7, 8, 9, 10, 11, 12, 13, 14, 15, 16, 17, 18, 19, 20, 21, 22, 23, 24, 25, 26, 27, 28, 29, 30]","[16, 32, 64, 128]","[5, 10, 15, 20]","[2, 3, 5, 7]","[2, 4, 8]",random,minimize,local
ge72s3y5,248,1820,1779272934444,,/home/meliani/nni-experiments/ge72s3y5,64,exp_random_100_ali_only_ali_only,hpo,/home/meliani/Desktop/phd/fast-track/search_space.json,python3 trial.py --data ./ali_only.csv,/home/meliani/Desktop/phd/fast-track,1,360000s,100,False,False,info,/home/meliani/nni-experiments,"['LSTM', 'GRU', 'CNN', 'RNN', 'TCN', 'Transformer', 'MLP']","[16, 32, 64, 128, 256]","[1, 2, 3, 4]","[0, 0.1, 0.2, 0.3, 0.5]","['relu', 'tanh', 'sigmoid', 'elu']","[1e-05, 0.01]","[2, 3, 4, 5, 6, 7, 8, 9, 10, 11, 12, 13, 14, 15, 16, 17, 18, 19, 20, 21, 22, 23, 24, 25, 26, 27, 28, 29, 30]","[16, 32, 64, 128]","[5, 10, 15, 20]","[2, 3, 5, 7]","[2, 4, 8]",random,minimize,local
ge72s3y5,249,1830,1779272934444,,/home/meliani/nni-experiments/ge72s3y5,64,exp_random_100_ali_only_ali_only,hpo,/home/meliani/Desktop/phd/fast-track/search_space.json,python3 trial.py --data ./ali_only.csv,/home/meliani/Desktop/phd/fast-track,1,360000s,100,False,False,info,/home/meliani/nni-experiments,"['LSTM', 'GRU', 'CNN', 'RNN', 'TCN', 'Transformer', 'MLP']","[16, 32, 64, 128, 256]","[1, 2, 3, 4]","[0, 0.1, 0.2, 0.3, 0.5]","['relu', 'tanh', 'sigmoid', 'elu']","[1e-05, 0.01]","[2, 3, 4, 5, 6, 7, 8, 9, 10, 11, 12, 13, 14, 15, 16, 17, 18, 19, 20, 21, 22, 23, 24, 25, 26, 27, 28, 29, 30]","[16, 32, 64, 128]","[5, 10, 15, 20]","[2, 3, 5, 7]","[2, 4, 8]",random,minimize,local
ge72s3y5,250,1832,1779272934444,,/home/meliani/nni-experiments/ge72s3y5,65,exp_random_100_ali_only_ali_only,hpo,/home/meliani/Desktop/phd/fast-track/search_space.json,python3 trial.py --data ./ali_only.csv,/home/meliani/Desktop/phd/fast-track,1,360000s,100,False,False,info,/home/meliani/nni-experiments,"['LSTM', 'GRU', 'CNN', 'RNN', 'TCN', 'Transformer', 'MLP']","[16, 32, 64, 128, 256]","[1, 2, 3, 4]","[0, 0.1, 0.2, 0.3, 0.5]","['relu', 'tanh', 'sigmoid', 'elu']","[1e-05, 0.01]","[2, 3, 4, 5, 6, 7, 8, 9, 10, 11, 12, 13, 14, 15, 16, 17, 18, 19, 20, 21, 22, 23, 24, 25, 26, 27, 28, 29, 30]","[16, 32, 64, 128]","[5, 10, 15, 20]","[2, 3, 5, 7]","[2, 4, 8]",random,minimize,local
ge72s3y5,251,1840,1779272934444,,/home/meliani/nni-experiments/ge72s3y5,65,exp_random_100_ali_only_ali_only,hpo,/home/meliani/Desktop/phd/fast-track/search_space.json,python3 trial.py --data ./ali_only.csv,/home/meliani/Desktop/phd/fast-track,1,360000s,100,False,False,info,/home/meliani/nni-experiments,"['LSTM', 'GRU', 'CNN', 'RNN', 'TCN', 'Transformer', 'MLP']","[16, 32, 64, 128, 256]","[1, 2, 3, 4]","[0, 0.1, 0.2, 0.3, 0.5]","['relu', 'tanh', 'sigmoid', 'elu']","[1e-05, 0.01]","[2, 3, 4, 5, 6, 7, 8, 9, 10, 11, 12, 13, 14, 15, 16, 17, 18, 19, 20, 21, 22, 23, 24, 25, 26, 27, 28, 29, 30]","[16, 32, 64, 128]","[5, 10, 15, 20]","[2, 3, 5, 7]","[2, 4, 8]",random,minimize,local
ge72s3y5,252,1850,1779272934444,,/home/meliani/nni-experiments/ge72s3y5,65,exp_random_100_ali_only_ali_only,hpo,/home/meliani/Desktop/phd/fast-track/search_space.json,python3 trial.py --data ./ali_only.csv,/home/meliani/Desktop/phd/fast-track,1,360000s,100,False,False,info,/home/meliani/nni-experiments,"['LSTM', 'GRU', 'CNN', 'RNN', 'TCN', 'Transformer', 'MLP']","[16, 32, 64, 128, 256]","[1, 2, 3, 4]","[0, 0.1, 0.2, 0.3, 0.5]","['relu', 'tanh', 'sigmoid', 'elu']","[1e-05, 0.01]","[2, 3, 4, 5, 6, 7, 8, 9, 10, 11, 12, 13, 14, 15, 16, 17, 18, 19, 20, 21, 22, 23, 24, 25, 26, 27, 28, 29, 30]","[16, 32, 64, 128]","[5, 10, 15, 20]","[2, 3, 5, 7]","[2, 4, 8]",random,minimize,local
ge72s3y5,253,1860,1779272934444,,/home/meliani/nni-experiments/ge72s3y5,65,exp_random_100_ali_only_ali_only,hpo,/home/meliani/Desktop/phd/fast-track/search_space.json,python3 trial.py --data ./ali_only.csv,/home/meliani/Desktop/phd/fast-track,1,360000s,100,False,False,info,/home/meliani/nni-experiments,"['LSTM', 'GRU', 'CNN', 'RNN', 'TCN', 'Transformer', 'MLP']","[16, 32, 64, 128, 256]","[1, 2, 3, 4]","[0, 0.1, 0.2, 0.3, 0.5]","['relu', 'tanh', 'sigmoid', 'elu']","[1e-05, 0.01]","[2, 3, 4, 5, 6, 7, 8, 9, 10, 11, 12, 13, 14, 15, 16, 17, 18, 19, 20, 21, 22, 23, 24, 25, 26, 27, 28, 29, 30]","[16, 32, 64, 128]","[5, 10, 15, 20]","[2, 3, 5, 7]","[2, 4, 8]",random,minimize,local
ge72s3y5,254,1868,1779272934444,,/home/meliani/nni-experiments/ge72s3y5,66,exp_random_100_ali_only_ali_only,hpo,/home/meliani/Desktop/phd/fast-track/search_space.json,python3 trial.py --data ./ali_only.csv,/home/meliani/Desktop/phd/fast-track,1,360000s,100,False,False,info,/home/meliani/nni-experiments,"['LSTM', 'GRU', 'CNN', 'RNN', 'TCN', 'Transformer', 'MLP']","[16, 32, 64, 128, 256]","[1, 2, 3, 4]","[0, 0.1, 0.2, 0.3, 0.5]","['relu', 'tanh', 'sigmoid', 'elu']","[1e-05, 0.01]","[2, 3, 4, 5, 6, 7, 8, 9, 10, 11, 12, 13, 14, 15, 16, 17, 18, 19, 20, 21, 22, 23, 24, 25, 26, 27, 28, 29, 30]","[16, 32, 64, 128]","[5, 10, 15, 20]","[2, 3, 5, 7]","[2, 4, 8]",random,minimize,local
ge72s3y5,255,1870,1779272934444,,/home/meliani/nni-experiments/ge72s3y5,66,exp_random_100_ali_only_ali_only,hpo,/home/meliani/Desktop/phd/fast-track/search_space.json,python3 trial.py --data ./ali_only.csv,/home/meliani/Desktop/phd/fast-track,1,360000s,100,False,False,info,/home/meliani/nni-experiments,"['LSTM', 'GRU', 'CNN', 'RNN', 'TCN', 'Transformer', 'MLP']","[16, 32, 64, 128, 256]","[1, 2, 3, 4]","[0, 0.1, 0.2, 0.3, 0.5]","['relu', 'tanh', 'sigmoid', 'elu']","[1e-05, 0.01]","[2, 3, 4, 5, 6, 7, 8, 9, 10, 11, 12, 13, 14, 15, 16, 17, 18, 19, 20, 21, 22, 23, 24, 25, 26, 27, 28, 29, 30]","[16, 32, 64, 128]","[5, 10, 15, 20]","[2, 3, 5, 7]","[2, 4, 8]",random,minimize,local
ge72s3y5,256,1876,1779272934444,,/home/meliani/nni-experiments/ge72s3y5,67,exp_random_100_ali_only_ali_only,hpo,/home/meliani/Desktop/phd/fast-track/search_space.json,python3 trial.py --data ./ali_only.csv,/home/meliani/Desktop/phd/fast-track,1,360000s,100,False,False,info,/home/meliani/nni-experiments,"['LSTM', 'GRU', 'CNN', 'RNN', 'TCN', 'Transformer', 'MLP']","[16, 32, 64, 128, 256]","[1, 2, 3, 4]","[0, 0.1, 0.2, 0.3, 0.5]","['relu', 'tanh', 'sigmoid', 'elu']","[1e-05, 0.01]","[2, 3, 4, 5, 6, 7, 8, 9, 10, 11, 12, 13, 14, 15, 16, 17, 18, 19, 20, 21, 22, 23, 24, 25, 26, 27, 28, 29, 30]","[16, 32, 64, 128]","[5, 10, 15, 20]","[2, 3, 5, 7]","[2, 4, 8]",random,minimize,local
ge72s3y5,257,1880,1779272934444,,/home/meliani/nni-experiments/ge72s3y5,67,exp_random_100_ali_only_ali_only,hpo,/home/meliani/Desktop/phd/fast-track/search_space.json,python3 trial.py --data ./ali_only.csv,/home/meliani/Desktop/phd/fast-track,1,360000s,100,False,False,info,/home/meliani/nni-experiments,"['LSTM', 'GRU', 'CNN', 'RNN', 'TCN', 'Transformer', 'MLP']","[16, 32, 64, 128, 256]","[1, 2, 3, 4]","[0, 0.1, 0.2, 0.3, 0.5]","['relu', 'tanh', 'sigmoid', 'elu']","[1e-05, 0.01]","[2, 3, 4, 5, 6, 7, 8, 9, 10, 11, 12, 13, 14, 15, 16, 17, 18, 19, 20, 21, 22, 23, 24, 25, 26, 27, 28, 29, 30]","[16, 32, 64, 128]","[5, 10, 15, 20]","[2, 3, 5, 7]","[2, 4, 8]",random,minimize,local
ge72s3y5,258,1890,1779272934444,,/home/meliani/nni-experiments/ge72s3y5,67,exp_random_100_ali_only_ali_only,hpo,/home/meliani/Desktop/phd/fast-track/search_space.json,python3 trial.py --data ./ali_only.csv,/home/meliani/Desktop/phd/fast-track,1,360000s,100,False,False,info,/home/meliani/nni-experiments,"['LSTM', 'GRU', 'CNN', 'RNN', 'TCN', 'Transformer', 'MLP']","[16, 32, 64, 128, 256]","[1, 2, 3, 4]","[0, 0.1, 0.2, 0.3, 0.5]","['relu', 'tanh', 'sigmoid', 'elu']","[1e-05, 0.01]","[2, 3, 4, 5, 6, 7, 8, 9, 10, 11, 12, 13, 14, 15, 16, 17, 18, 19, 20, 21, 22, 23, 24, 25, 26, 27, 28, 29, 30]","[16, 32, 64, 128]","[5, 10, 15, 20]","[2, 3, 5, 7]","[2, 4, 8]",random,minimize,local
ge72s3y5,259,1900,1779272934444,,/home/meliani/nni-experiments/ge72s3y5,67,exp_random_100_ali_only_ali_only,hpo,/home/meliani/Desktop/phd/fast-track/search_space.json,python3 trial.py --data ./ali_only.csv,/home/meliani/Desktop/phd/fast-track,1,360000s,100,False,False,info,/home/meliani/nni-experiments,"['LSTM', 'GRU', 'CNN', 'RNN', 'TCN', 'Transformer', 'MLP']","[16, 32, 64, 128, 256]","[1, 2, 3, 4]","[0, 0.1, 0.2, 0.3, 0.5]","['relu', 'tanh', 'sigmoid', 'elu']","[1e-05, 0.01]","[2, 3, 4, 5, 6, 7, 8, 9, 10, 11, 12, 13, 14, 15, 16, 17, 18, 19, 20, 21, 22, 23, 24, 25, 26, 27, 28, 29, 30]","[16, 32, 64, 128]","[5, 10, 15, 20]","[2, 3, 5, 7]","[2, 4, 8]",random,minimize,local
ge72s3y5,260,1910,1779272934444,,/home/meliani/nni-experiments/ge72s3y5,67,exp_random_100_ali_only_ali_only,hpo,/home/meliani/Desktop/phd/fast-track/search_space.json,python3 trial.py --data ./ali_only.csv,/home/meliani/Desktop/phd/fast-track,1,360000s,100,False,False,info,/home/meliani/nni-experiments,"['LSTM', 'GRU', 'CNN', 'RNN', 'TCN', 'Transformer', 'MLP']","[16, 32, 64, 128, 256]","[1, 2, 3, 4]","[0, 0.1, 0.2, 0.3, 0.5]","['relu', 'tanh', 'sigmoid', 'elu']","[1e-05, 0.01]","[2, 3, 4, 5, 6, 7, 8, 9, 10, 11, 12, 13, 14, 15, 16, 17, 18, 19, 20, 21, 22, 23, 24, 25, 26, 27, 28, 29, 30]","[16, 32, 64, 128]","[5, 10, 15, 20]","[2, 3, 5, 7]","[2, 4, 8]",random,minimize,local
ge72s3y5,261,1920,1779272934444,,/home/meliani/nni-experiments/ge72s3y5,67,exp_random_100_ali_only_ali_only,hpo,/home/meliani/Desktop/phd/fast-track/search_space.json,python3 trial.py --data ./ali_only.csv,/home/meliani/Desktop/phd/fast-track,1,360000s,100,False,False,info,/home/meliani/nni-experiments,"['LSTM', 'GRU', 'CNN', 'RNN', 'TCN', 'Transformer', 'MLP']","[16, 32, 64, 128, 256]","[1, 2, 3, 4]","[0, 0.1, 0.2, 0.3, 0.5]","['relu', 'tanh', 'sigmoid', 'elu']","[1e-05, 0.01]","[2, 3, 4, 5, 6, 7, 8, 9, 10, 11, 12, 13, 14, 15, 16, 17, 18, 19, 20, 21, 22, 23, 24, 25, 26, 27, 28, 29, 30]","[16, 32, 64, 128]","[5, 10, 15, 20]","[2, 3, 5, 7]","[2, 4, 8]",random,minimize,local
ge72s3y5,262,1924,1779272934444,,/home/meliani/nni-experiments/ge72s3y5,68,exp_random_100_ali_only_ali_only,hpo,/home/meliani/Desktop/phd/fast-track/search_space.json,python3 trial.py --data ./ali_only.csv,/home/meliani/Desktop/phd/fast-track,1,360000s,100,False,False,info,/home/meliani/nni-experiments,"['LSTM', 'GRU', 'CNN', 'RNN', 'TCN', 'Transformer', 'MLP']","[16, 32, 64, 128, 256]","[1, 2, 3, 4]","[0, 0.1, 0.2, 0.3, 0.5]","['relu', 'tanh', 'sigmoid', 'elu']","[1e-05, 0.01]","[2, 3, 4, 5, 6, 7, 8, 9, 10, 11, 12, 13, 14, 15, 16, 17, 18, 19, 20, 21, 22, 23, 24, 25, 26, 27, 28, 29, 30]","[16, 32, 64, 128]","[5, 10, 15, 20]","[2, 3, 5, 7]","[2, 4, 8]",random,minimize,local
ge72s3y5,263,1930,1779272934444,,/home/meliani/nni-experiments/ge72s3y5,68,exp_random_100_ali_only_ali_only,hpo,/home/meliani/Desktop/phd/fast-track/search_space.json,python3 trial.py --data ./ali_only.csv,/home/meliani/Desktop/phd/fast-track,1,360000s,100,False,False,info,/home/meliani/nni-experiments,"['LSTM', 'GRU', 'CNN', 'RNN', 'TCN', 'Transformer', 'MLP']","[16, 32, 64, 128, 256]","[1, 2, 3, 4]","[0, 0.1, 0.2, 0.3, 0.5]","['relu', 'tanh', 'sigmoid', 'elu']","[1e-05, 0.01]","[2, 3, 4, 5, 6, 7, 8, 9, 10, 11, 12, 13, 14, 15, 16, 17, 18, 19, 20, 21, 22, 23, 24, 25, 26, 27, 28, 29, 30]","[16, 32, 64, 128]","[5, 10, 15, 20]","[2, 3, 5, 7]","[2, 4, 8]",random,minimize,local
ge72s3y5,264,1936,1779272934444,,/home/meliani/nni-experiments/ge72s3y5,69,exp_random_100_ali_only_ali_only,hpo,/home/meliani/Desktop/phd/fast-track/search_space.json,python3 trial.py --data ./ali_only.csv,/home/meliani/Desktop/phd/fast-track,1,360000s,100,False,False,info,/home/meliani/nni-experiments,"['LSTM', 'GRU', 'CNN', 'RNN', 'TCN', 'Transformer', 'MLP']","[16, 32, 64, 128, 256]","[1, 2, 3, 4]","[0, 0.1, 0.2, 0.3, 0.5]","['relu', 'tanh', 'sigmoid', 'elu']","[1e-05, 0.01]","[2, 3, 4, 5, 6, 7, 8, 9, 10, 11, 12, 13, 14, 15, 16, 17, 18, 19, 20, 21, 22, 23, 24, 25, 26, 27, 28, 29, 30]","[16, 32, 64, 128]","[5, 10, 15, 20]","[2, 3, 5, 7]","[2, 4, 8]",random,minimize,local
ge72s3y5,265,1940,1779272934444,,/home/meliani/nni-experiments/ge72s3y5,69,exp_random_100_ali_only_ali_only,hpo,/home/meliani/Desktop/phd/fast-track/search_space.json,python3 trial.py --data ./ali_only.csv,/home/meliani/Desktop/phd/fast-track,1,360000s,100,False,False,info,/home/meliani/nni-experiments,"['LSTM', 'GRU', 'CNN', 'RNN', 'TCN', 'Transformer', 'MLP']","[16, 32, 64, 128, 256]","[1, 2, 3, 4]","[0, 0.1, 0.2, 0.3, 0.5]","['relu', 'tanh', 'sigmoid', 'elu']","[1e-05, 0.01]","[2, 3, 4, 5, 6, 7, 8, 9, 10, 11, 12, 13, 14, 15, 16, 17, 18, 19, 20, 21, 22, 23, 24, 25, 26, 27, 28, 29, 30]","[16, 32, 64, 128]","[5, 10, 15, 20]","[2, 3, 5, 7]","[2, 4, 8]",random,minimize,local
ge72s3y5,266,1942,1779272934444,,/home/meliani/nni-experiments/ge72s3y5,70,exp_random_100_ali_only_ali_only,hpo,/home/meliani/Desktop/phd/fast-track/search_space.json,python3 trial.py --data ./ali_only.csv,/home/meliani/Desktop/phd/fast-track,1,360000s,100,False,False,info,/home/meliani/nni-experiments,"['LSTM', 'GRU', 'CNN', 'RNN', 'TCN', 'Transformer', 'MLP']","[16, 32, 64, 128, 256]","[1, 2, 3, 4]","[0, 0.1, 0.2, 0.3, 0.5]","['relu', 'tanh', 'sigmoid', 'elu']","[1e-05, 0.01]","[2, 3, 4, 5, 6, 7, 8, 9, 10, 11, 12, 13, 14, 15, 16, 17, 18, 19, 20, 21, 22, 23, 24, 25, 26, 27, 28, 29, 30]","[16, 32, 64, 128]","[5, 10, 15, 20]","[2, 3, 5, 7]","[2, 4, 8]",random,minimize,local
ge72s3y5,267,1950,1779272934444,,/home/meliani/nni-experiments/ge72s3y5,70,exp_random_100_ali_only_ali_only,hpo,/home/meliani/Desktop/phd/fast-track/search_space.json,python3 trial.py --data ./ali_only.csv,/home/meliani/Desktop/phd/fast-track,1,360000s,100,False,False,info,/home/meliani/nni-experiments,"['LSTM', 'GRU', 'CNN', 'RNN', 'TCN', 'Transformer', 'MLP']","[16, 32, 64, 128, 256]","[1, 2, 3, 4]","[0, 0.1, 0.2, 0.3, 0.5]","['relu', 'tanh', 'sigmoid', 'elu']","[1e-05, 0.01]","[2, 3, 4, 5, 6, 7, 8, 9, 10, 11, 12, 13, 14, 15, 16, 17, 18, 19, 20, 21, 22, 23, 24, 25, 26, 27, 28, 29, 30]","[16, 32, 64, 128]","[5, 10, 15, 20]","[2, 3, 5, 7]","[2, 4, 8]",random,minimize,local
ge72s3y5,268,1956,1779272934444,,/home/meliani/nni-experiments/ge72s3y5,71,exp_random_100_ali_only_ali_only,hpo,/home/meliani/Desktop/phd/fast-track/search_space.json,python3 trial.py --data ./ali_only.csv,/home/meliani/Desktop/phd/fast-track,1,360000s,100,False,False,info,/home/meliani/nni-experiments,"['LSTM', 'GRU', 'CNN', 'RNN', 'TCN', 'Transformer', 'MLP']","[16, 32, 64, 128, 256]","[1, 2, 3, 4]","[0, 0.1, 0.2, 0.3, 0.5]","['relu', 'tanh', 'sigmoid', 'elu']","[1e-05, 0.01]","[2, 3, 4, 5, 6, 7, 8, 9, 10, 11, 12, 13, 14, 15, 16, 17, 18, 19, 20, 21, 22, 23, 24, 25, 26, 27, 28, 29, 30]","[16, 32, 64, 128]","[5, 10, 15, 20]","[2, 3, 5, 7]","[2, 4, 8]",random,minimize,local
ge72s3y5,269,1960,1779272934444,,/home/meliani/nni-experiments/ge72s3y5,71,exp_random_100_ali_only_ali_only,hpo,/home/meliani/Desktop/phd/fast-track/search_space.json,python3 trial.py --data ./ali_only.csv,/home/meliani/Desktop/phd/fast-track,1,360000s,100,False,False,info,/home/meliani/nni-experiments,"['LSTM', 'GRU', 'CNN', 'RNN', 'TCN', 'Transformer', 'MLP']","[16, 32, 64, 128, 256]","[1, 2, 3, 4]","[0, 0.1, 0.2, 0.3, 0.5]","['relu', 'tanh', 'sigmoid', 'elu']","[1e-05, 0.01]","[2, 3, 4, 5, 6, 7, 8, 9, 10, 11, 12, 13, 14, 15, 16, 17, 18, 19, 20, 21, 22, 23, 24, 25, 26, 27, 28, 29, 30]","[16, 32, 64, 128]","[5, 10, 15, 20]","[2, 3, 5, 7]","[2, 4, 8]",random,minimize,local
ge72s3y5,270,1970,1779272934444,,/home/meliani/nni-experiments/ge72s3y5,71,exp_random_100_ali_only_ali_only,hpo,/home/meliani/Desktop/phd/fast-track/search_space.json,python3 trial.py --data ./ali_only.csv,/home/meliani/Desktop/phd/fast-track,1,360000s,100,False,False,info,/home/meliani/nni-experiments,"['LSTM', 'GRU', 'CNN', 'RNN', 'TCN', 'Transformer', 'MLP']","[16, 32, 64, 128, 256]","[1, 2, 3, 4]","[0, 0.1, 0.2, 0.3, 0.5]","['relu', 'tanh', 'sigmoid', 'elu']","[1e-05, 0.01]","[2, 3, 4, 5, 6, 7, 8, 9, 10, 11, 12, 13, 14, 15, 16, 17, 18, 19, 20, 21, 22, 23, 24, 25, 26, 27, 28, 29, 30]","[16, 32, 64, 128]","[5, 10, 15, 20]","[2, 3, 5, 7]","[2, 4, 8]",random,minimize,local
ge72s3y5,271,1980,1779272934444,,/home/meliani/nni-experiments/ge72s3y5,71,exp_random_100_ali_only_ali_only,hpo,/home/meliani/Desktop/phd/fast-track/search_space.json,python3 trial.py --data ./ali_only.csv,/home/meliani/Desktop/phd/fast-track,1,360000s,100,False,False,info,/home/meliani/nni-experiments,"['LSTM', 'GRU', 'CNN', 'RNN', 'TCN', 'Transformer', 'MLP']","[16, 32, 64, 128, 256]","[1, 2, 3, 4]","[0, 0.1, 0.2, 0.3, 0.5]","['relu', 'tanh', 'sigmoid', 'elu']","[1e-05, 0.01]","[2, 3, 4, 5, 6, 7, 8, 9, 10, 11, 12, 13, 14, 15, 16, 17, 18, 19, 20, 21, 22, 23, 24, 25, 26, 27, 28, 29, 30]","[16, 32, 64, 128]","[5, 10, 15, 20]","[2, 3, 5, 7]","[2, 4, 8]",random,minimize,local
ge72s3y5,272,1990,1779272934444,,/home/meliani/nni-experiments/ge72s3y5,71,exp_random_100_ali_only_ali_only,hpo,/home/meliani/Desktop/phd/fast-track/search_space.json,python3 trial.py --data ./ali_only.csv,/home/meliani/Desktop/phd/fast-track,1,360000s,100,False,False,info,/home/meliani/nni-experiments,"['LSTM', 'GRU', 'CNN', 'RNN', 'TCN', 'Transformer', 'MLP']","[16, 32, 64, 128, 256]","[1, 2, 3, 4]","[0, 0.1, 0.2, 0.3, 0.5]","['relu', 'tanh', 'sigmoid', 'elu']","[1e-05, 0.01]","[2, 3, 4, 5, 6, 7, 8, 9, 10, 11, 12, 13, 14, 15, 16, 17, 18, 19, 20, 21, 22, 23, 24, 25, 26, 27, 28, 29, 30]","[16, 32, 64, 128]","[5, 10, 15, 20]","[2, 3, 5, 7]","[2, 4, 8]",random,minimize,local
ge72s3y5,273,2000,1779272934444,,/home/meliani/nni-experiments/ge72s3y5,71,exp_random_100_ali_only_ali_only,hpo,/home/meliani/Desktop/phd/fast-track/search_space.json,python3 trial.py --data ./ali_only.csv,/home/meliani/Desktop/phd/fast-track,1,360000s,100,False,False,info,/home/meliani/nni-experiments,"['LSTM', 'GRU', 'CNN', 'RNN', 'TCN', 'Transformer', 'MLP']","[16, 32, 64, 128, 256]","[1, 2, 3, 4]","[0, 0.1, 0.2, 0.3, 0.5]","['relu', 'tanh', 'sigmoid', 'elu']","[1e-05, 0.01]","[2, 3, 4, 5, 6, 7, 8, 9, 10, 11, 12, 13, 14, 15, 16, 17, 18, 19, 20, 21, 22, 23, 24, 25, 26, 27, 28, 29, 30]","[16, 32, 64, 128]","[5, 10, 15, 20]","[2, 3, 5, 7]","[2, 4, 8]",random,minimize,local
ge72s3y5,274,2005,1779272934444,,/home/meliani/nni-experiments/ge72s3y5,72,exp_random_100_ali_only_ali_only,hpo,/home/meliani/Desktop/phd/fast-track/search_space.json,python3 trial.py --data ./ali_only.csv,/home/meliani/Desktop/phd/fast-track,1,360000s,100,False,False,info,/home/meliani/nni-experiments,"['LSTM', 'GRU', 'CNN', 'RNN', 'TCN', 'Transformer', 'MLP']","[16, 32, 64, 128, 256]","[1, 2, 3, 4]","[0, 0.1, 0.2, 0.3, 0.5]","['relu', 'tanh', 'sigmoid', 'elu']","[1e-05, 0.01]","[2, 3, 4, 5, 6, 7, 8, 9, 10, 11, 12, 13, 14, 15, 16, 17, 18, 19, 20, 21, 22, 23, 24, 25, 26, 27, 28, 29, 30]","[16, 32, 64, 128]","[5, 10, 15, 20]","[2, 3, 5, 7]","[2, 4, 8]",random,minimize,local
ge72s3y5,275,2010,1779272934444,,/home/meliani/nni-experiments/ge72s3y5,72,exp_random_100_ali_only_ali_only,hpo,/home/meliani/Desktop/phd/fast-track/search_space.json,python3 trial.py --data ./ali_only.csv,/home/meliani/Desktop/phd/fast-track,1,360000s,100,False,False,info,/home/meliani/nni-experiments,"['LSTM', 'GRU', 'CNN', 'RNN', 'TCN', 'Transformer', 'MLP']","[16, 32, 64, 128, 256]","[1, 2, 3, 4]","[0, 0.1, 0.2, 0.3, 0.5]","['relu', 'tanh', 'sigmoid', 'elu']","[1e-05, 0.01]","[2, 3, 4, 5, 6, 7, 8, 9, 10, 11, 12, 13, 14, 15, 16, 17, 18, 19, 20, 21, 22, 23, 24, 25, 26, 27, 28, 29, 30]","[16, 32, 64, 128]","[5, 10, 15, 20]","[2, 3, 5, 7]","[2, 4, 8]",random,minimize,local
ge72s3y5,276,2020,1779272934444,,/home/meliani/nni-experiments/ge72s3y5,72,exp_random_100_ali_only_ali_only,hpo,/home/meliani/Desktop/phd/fast-track/search_space.json,python3 trial.py --data ./ali_only.csv,/home/meliani/Desktop/phd/fast-track,1,360000s,100,False,False,info,/home/meliani/nni-experiments,"['LSTM', 'GRU', 'CNN', 'RNN', 'TCN', 'Transformer', 'MLP']","[16, 32, 64, 128, 256]","[1, 2, 3, 4]","[0, 0.1, 0.2, 0.3, 0.5]","['relu', 'tanh', 'sigmoid', 'elu']","[1e-05, 0.01]","[2, 3, 4, 5, 6, 7, 8, 9, 10, 11, 12, 13, 14, 15, 16, 17, 18, 19, 20, 21, 22, 23, 24, 25, 26, 27, 28, 29, 30]","[16, 32, 64, 128]","[5, 10, 15, 20]","[2, 3, 5, 7]","[2, 4, 8]",random,minimize,local
ge72s3y5,277,2030,1779272934444,,/home/meliani/nni-experiments/ge72s3y5,72,exp_random_100_ali_only_ali_only,hpo,/home/meliani/Desktop/phd/fast-track/search_space.json,python3 trial.py --data ./ali_only.csv,/home/meliani/Desktop/phd/fast-track,1,360000s,100,False,False,info,/home/meliani/nni-experiments,"['LSTM', 'GRU', 'CNN', 'RNN', 'TCN', 'Transformer', 'MLP']","[16, 32, 64, 128, 256]","[1, 2, 3, 4]","[0, 0.1, 0.2, 0.3, 0.5]","['relu', 'tanh', 'sigmoid', 'elu']","[1e-05, 0.01]","[2, 3, 4, 5, 6, 7, 8, 9, 10, 11, 12, 13, 14, 15, 16, 17, 18, 19, 20, 21, 22, 23, 24, 25, 26, 27, 28, 29, 30]","[16, 32, 64, 128]","[5, 10, 15, 20]","[2, 3, 5, 7]","[2, 4, 8]",random,minimize,local
ge72s3y5,278,2040,1779272934444,,/home/meliani/nni-experiments/ge72s3y5,72,exp_random_100_ali_only_ali_only,hpo,/home/meliani/Desktop/phd/fast-track/search_space.json,python3 trial.py --data ./ali_only.csv,/home/meliani/Desktop/phd/fast-track,1,360000s,100,False,False,info,/home/meliani/nni-experiments,"['LSTM', 'GRU', 'CNN', 'RNN', 'TCN', 'Transformer', 'MLP']","[16, 32, 64, 128, 256]","[1, 2, 3, 4]","[0, 0.1, 0.2, 0.3, 0.5]","['relu', 'tanh', 'sigmoid', 'elu']","[1e-05, 0.01]","[2, 3, 4, 5, 6, 7, 8, 9, 10, 11, 12, 13, 14, 15, 16, 17, 18, 19, 20, 21, 22, 23, 24, 25, 26, 27, 28, 29, 30]","[16, 32, 64, 128]","[5, 10, 15, 20]","[2, 3, 5, 7]","[2, 4, 8]",random,minimize,local
ge72s3y5,279,2050,1779272934444,,/home/meliani/nni-experiments/ge72s3y5,72,exp_random_100_ali_only_ali_only,hpo,/home/meliani/Desktop/phd/fast-track/search_space.json,python3 trial.py --data ./ali_only.csv,/home/meliani/Desktop/phd/fast-track,1,360000s,100,False,False,info,/home/meliani/nni-experiments,"['LSTM', 'GRU', 'CNN', 'RNN', 'TCN', 'Transformer', 'MLP']","[16, 32, 64, 128, 256]","[1, 2, 3, 4]","[0, 0.1, 0.2, 0.3, 0.5]","['relu', 'tanh', 'sigmoid', 'elu']","[1e-05, 0.01]","[2, 3, 4, 5, 6, 7, 8, 9, 10, 11, 12, 13, 14, 15, 16, 17, 18, 19, 20, 21, 22, 23, 24, 25, 26, 27, 28, 29, 30]","[16, 32, 64, 128]","[5, 10, 15, 20]","[2, 3, 5, 7]","[2, 4, 8]",random,minimize,local
ge72s3y5,280,2051,1779272934444,,/home/meliani/nni-experiments/ge72s3y5,73,exp_random_100_ali_only_ali_only,hpo,/home/meliani/Desktop/phd/fast-track/search_space.json,python3 trial.py --data ./ali_only.csv,/home/meliani/Desktop/phd/fast-track,1,360000s,100,False,False,info,/home/meliani/nni-experiments,"['LSTM', 'GRU', 'CNN', 'RNN', 'TCN', 'Transformer', 'MLP']","[16, 32, 64, 128, 256]","[1, 2, 3, 4]","[0, 0.1, 0.2, 0.3, 0.5]","['relu', 'tanh', 'sigmoid', 'elu']","[1e-05, 0.01]","[2, 3, 4, 5, 6, 7, 8, 9, 10, 11, 12, 13, 14, 15, 16, 17, 18, 19, 20, 21, 22, 23, 24, 25, 26, 27, 28, 29, 30]","[16, 32, 64, 128]","[5, 10, 15, 20]","[2, 3, 5, 7]","[2, 4, 8]",random,minimize,local
ge72s3y5,281,2056,1779272934444,,/home/meliani/nni-experiments/ge72s3y5,74,exp_random_100_ali_only_ali_only,hpo,/home/meliani/Desktop/phd/fast-track/search_space.json,python3 trial.py --data ./ali_only.csv,/home/meliani/Desktop/phd/fast-track,1,360000s,100,False,False,info,/home/meliani/nni-experiments,"['LSTM', 'GRU', 'CNN', 'RNN', 'TCN', 'Transformer', 'MLP']","[16, 32, 64, 128, 256]","[1, 2, 3, 4]","[0, 0.1, 0.2, 0.3, 0.5]","['relu', 'tanh', 'sigmoid', 'elu']","[1e-05, 0.01]","[2, 3, 4, 5, 6, 7, 8, 9, 10, 11, 12, 13, 14, 15, 16, 17, 18, 19, 20, 21, 22, 23, 24, 25, 26, 27, 28, 29, 30]","[16, 32, 64, 128]","[5, 10, 15, 20]","[2, 3, 5, 7]","[2, 4, 8]",random,minimize,local
ge72s3y5,282,2060,1779272934444,,/home/meliani/nni-experiments/ge72s3y5,74,exp_random_100_ali_only_ali_only,hpo,/home/meliani/Desktop/phd/fast-track/search_space.json,python3 trial.py --data ./ali_only.csv,/home/meliani/Desktop/phd/fast-track,1,360000s,100,False,False,info,/home/meliani/nni-experiments,"['LSTM', 'GRU', 'CNN', 'RNN', 'TCN', 'Transformer', 'MLP']","[16, 32, 64, 128, 256]","[1, 2, 3, 4]","[0, 0.1, 0.2, 0.3, 0.5]","['relu', 'tanh', 'sigmoid', 'elu']","[1e-05, 0.01]","[2, 3, 4, 5, 6, 7, 8, 9, 10, 11, 12, 13, 14, 15, 16, 17, 18, 19, 20, 21, 22, 23, 24, 25, 26, 27, 28, 29, 30]","[16, 32, 64, 128]","[5, 10, 15, 20]","[2, 3, 5, 7]","[2, 4, 8]",random,minimize,local
ge72s3y5,283,2060,1779272934444,,/home/meliani/nni-experiments/ge72s3y5,75,exp_random_100_ali_only_ali_only,hpo,/home/meliani/Desktop/phd/fast-track/search_space.json,python3 trial.py --data ./ali_only.csv,/home/meliani/Desktop/phd/fast-track,1,360000s,100,False,False,info,/home/meliani/nni-experiments,"['LSTM', 'GRU', 'CNN', 'RNN', 'TCN', 'Transformer', 'MLP']","[16, 32, 64, 128, 256]","[1, 2, 3, 4]","[0, 0.1, 0.2, 0.3, 0.5]","['relu', 'tanh', 'sigmoid', 'elu']","[1e-05, 0.01]","[2, 3, 4, 5, 6, 7, 8, 9, 10, 11, 12, 13, 14, 15, 16, 17, 18, 19, 20, 21, 22, 23, 24, 25, 26, 27, 28, 29, 30]","[16, 32, 64, 128]","[5, 10, 15, 20]","[2, 3, 5, 7]","[2, 4, 8]",random,minimize,local
ge72s3y5,284,2065,1779272934444,,/home/meliani/nni-experiments/ge72s3y5,76,exp_random_100_ali_only_ali_only,hpo,/home/meliani/Desktop/phd/fast-track/search_space.json,python3 trial.py --data ./ali_only.csv,/home/meliani/Desktop/phd/fast-track,1,360000s,100,False,False,info,/home/meliani/nni-experiments,"['LSTM', 'GRU', 'CNN', 'RNN', 'TCN', 'Transformer', 'MLP']","[16, 32, 64, 128, 256]","[1, 2, 3, 4]","[0, 0.1, 0.2, 0.3, 0.5]","['relu', 'tanh', 'sigmoid', 'elu']","[1e-05, 0.01]","[2, 3, 4, 5, 6, 7, 8, 9, 10, 11, 12, 13, 14, 15, 16, 17, 18, 19, 20, 21, 22, 23, 24, 25, 26, 27, 28, 29, 30]","[16, 32, 64, 128]","[5, 10, 15, 20]","[2, 3, 5, 7]","[2, 4, 8]",random,minimize,local
ge72s3y5,285,2070,1779272934444,,/home/meliani/nni-experiments/ge72s3y5,76,exp_random_100_ali_only_ali_only,hpo,/home/meliani/Desktop/phd/fast-track/search_space.json,python3 trial.py --data ./ali_only.csv,/home/meliani/Desktop/phd/fast-track,1,360000s,100,False,False,info,/home/meliani/nni-experiments,"['LSTM', 'GRU', 'CNN', 'RNN', 'TCN', 'Transformer', 'MLP']","[16, 32, 64, 128, 256]","[1, 2, 3, 4]","[0, 0.1, 0.2, 0.3, 0.5]","['relu', 'tanh', 'sigmoid', 'elu']","[1e-05, 0.01]","[2, 3, 4, 5, 6, 7, 8, 9, 10, 11, 12, 13, 14, 15, 16, 17, 18, 19, 20, 21, 22, 23, 24, 25, 26, 27, 28, 29, 30]","[16, 32, 64, 128]","[5, 10, 15, 20]","[2, 3, 5, 7]","[2, 4, 8]",random,minimize,local
ge72s3y5,286,2071,1779272934444,,/home/meliani/nni-experiments/ge72s3y5,77,exp_random_100_ali_only_ali_only,hpo,/home/meliani/Desktop/phd/fast-track/search_space.json,python3 trial.py --data ./ali_only.csv,/home/meliani/Desktop/phd/fast-track,1,360000s,100,False,False,info,/home/meliani/nni-experiments,"['LSTM', 'GRU', 'CNN', 'RNN', 'TCN', 'Transformer', 'MLP']","[16, 32, 64, 128, 256]","[1, 2, 3, 4]","[0, 0.1, 0.2, 0.3, 0.5]","['relu', 'tanh', 'sigmoid', 'elu']","[1e-05, 0.01]","[2, 3, 4, 5, 6, 7, 8, 9, 10, 11, 12, 13, 14, 15, 16, 17, 18, 19, 20, 21, 22, 23, 24, 25, 26, 27, 28, 29, 30]","[16, 32, 64, 128]","[5, 10, 15, 20]","[2, 3, 5, 7]","[2, 4, 8]",random,minimize,local
ge72s3y5,287,2079,1779272934444,,/home/meliani/nni-experiments/ge72s3y5,78,exp_random_100_ali_only_ali_only,hpo,/home/meliani/Desktop/phd/fast-track/search_space.json,python3 trial.py --data ./ali_only.csv,/home/meliani/Desktop/phd/fast-track,1,360000s,100,False,False,info,/home/meliani/nni-experiments,"['LSTM', 'GRU', 'CNN', 'RNN', 'TCN', 'Transformer', 'MLP']","[16, 32, 64, 128, 256]","[1, 2, 3, 4]","[0, 0.1, 0.2, 0.3, 0.5]","['relu', 'tanh', 'sigmoid', 'elu']","[1e-05, 0.01]","[2, 3, 4, 5, 6, 7, 8, 9, 10, 11, 12, 13, 14, 15, 16, 17, 18, 19, 20, 21, 22, 23, 24, 25, 26, 27, 28, 29, 30]","[16, 32, 64, 128]","[5, 10, 15, 20]","[2, 3, 5, 7]","[2, 4, 8]",random,minimize,local
ge72s3y5,288,2080,1779272934444,,/home/meliani/nni-experiments/ge72s3y5,78,exp_random_100_ali_only_ali_only,hpo,/home/meliani/Desktop/phd/fast-track/search_space.json,python3 trial.py --data ./ali_only.csv,/home/meliani/Desktop/phd/fast-track,1,360000s,100,False,False,info,/home/meliani/nni-experiments,"['LSTM', 'GRU', 'CNN', 'RNN', 'TCN', 'Transformer', 'MLP']","[16, 32, 64, 128, 256]","[1, 2, 3, 4]","[0, 0.1, 0.2, 0.3, 0.5]","['relu', 'tanh', 'sigmoid', 'elu']","[1e-05, 0.01]","[2, 3, 4, 5, 6, 7, 8, 9, 10, 11, 12, 13, 14, 15, 16, 17, 18, 19, 20, 21, 22, 23, 24, 25, 26, 27, 28, 29, 30]","[16, 32, 64, 128]","[5, 10, 15, 20]","[2, 3, 5, 7]","[2, 4, 8]",random,minimize,local
ge72s3y5,289,2090,1779272934444,,/home/meliani/nni-experiments/ge72s3y5,78,exp_random_100_ali_only_ali_only,hpo,/home/meliani/Desktop/phd/fast-track/search_space.json,python3 trial.py --data ./ali_only.csv,/home/meliani/Desktop/phd/fast-track,1,360000s,100,False,False,info,/home/meliani/nni-experiments,"['LSTM', 'GRU', 'CNN', 'RNN', 'TCN', 'Transformer', 'MLP']","[16, 32, 64, 128, 256]","[1, 2, 3, 4]","[0, 0.1, 0.2, 0.3, 0.5]","['relu', 'tanh', 'sigmoid', 'elu']","[1e-05, 0.01]","[2, 3, 4, 5, 6, 7, 8, 9, 10, 11, 12, 13, 14, 15, 16, 17, 18, 19, 20, 21, 22, 23, 24, 25, 26, 27, 28, 29, 30]","[16, 32, 64, 128]","[5, 10, 15, 20]","[2, 3, 5, 7]","[2, 4, 8]",random,minimize,local
ge72s3y5,290,2093,1779272934444,,/home/meliani/nni-experiments/ge72s3y5,79,exp_random_100_ali_only_ali_only,hpo,/home/meliani/Desktop/phd/fast-track/search_space.json,python3 trial.py --data ./ali_only.csv,/home/meliani/Desktop/phd/fast-track,1,360000s,100,False,False,info,/home/meliani/nni-experiments,"['LSTM', 'GRU', 'CNN', 'RNN', 'TCN', 'Transformer', 'MLP']","[16, 32, 64, 128, 256]","[1, 2, 3, 4]","[0, 0.1, 0.2, 0.3, 0.5]","['relu', 'tanh', 'sigmoid', 'elu']","[1e-05, 0.01]","[2, 3, 4, 5, 6, 7, 8, 9, 10, 11, 12, 13, 14, 15, 16, 17, 18, 19, 20, 21, 22, 23, 24, 25, 26, 27, 28, 29, 30]","[16, 32, 64, 128]","[5, 10, 15, 20]","[2, 3, 5, 7]","[2, 4, 8]",random,minimize,local
ge72s3y5,291,2100,1779272934444,,/home/meliani/nni-experiments/ge72s3y5,79,exp_random_100_ali_only_ali_only,hpo,/home/meliani/Desktop/phd/fast-track/search_space.json,python3 trial.py --data ./ali_only.csv,/home/meliani/Desktop/phd/fast-track,1,360000s,100,False,False,info,/home/meliani/nni-experiments,"['LSTM', 'GRU', 'CNN', 'RNN', 'TCN', 'Transformer', 'MLP']","[16, 32, 64, 128, 256]","[1, 2, 3, 4]","[0, 0.1, 0.2, 0.3, 0.5]","['relu', 'tanh', 'sigmoid', 'elu']","[1e-05, 0.01]","[2, 3, 4, 5, 6, 7, 8, 9, 10, 11, 12, 13, 14, 15, 16, 17, 18, 19, 20, 21, 22, 23, 24, 25, 26, 27, 28, 29, 30]","[16, 32, 64, 128]","[5, 10, 15, 20]","[2, 3, 5, 7]","[2, 4, 8]",random,minimize,local
ge72s3y5,292,2110,1779272934444,,/home/meliani/nni-experiments/ge72s3y5,79,exp_random_100_ali_only_ali_only,hpo,/home/meliani/Desktop/phd/fast-track/search_space.json,python3 trial.py --data ./ali_only.csv,/home/meliani/Desktop/phd/fast-track,1,360000s,100,False,False,info,/home/meliani/nni-experiments,"['LSTM', 'GRU', 'CNN', 'RNN', 'TCN', 'Transformer', 'MLP']","[16, 32, 64, 128, 256]","[1, 2, 3, 4]","[0, 0.1, 0.2, 0.3, 0.5]","['relu', 'tanh', 'sigmoid', 'elu']","[1e-05, 0.01]","[2, 3, 4, 5, 6, 7, 8, 9, 10, 11, 12, 13, 14, 15, 16, 17, 18, 19, 20, 21, 22, 23, 24, 25, 26, 27, 28, 29, 30]","[16, 32, 64, 128]","[5, 10, 15, 20]","[2, 3, 5, 7]","[2, 4, 8]",random,minimize,local
ge72s3y5,293,2120,1779272934444,,/home/meliani/nni-experiments/ge72s3y5,79,exp_random_100_ali_only_ali_only,hpo,/home/meliani/Desktop/phd/fast-track/search_space.json,python3 trial.py --data ./ali_only.csv,/home/meliani/Desktop/phd/fast-track,1,360000s,100,False,False,info,/home/meliani/nni-experiments,"['LSTM', 'GRU', 'CNN', 'RNN', 'TCN', 'Transformer', 'MLP']","[16, 32, 64, 128, 256]","[1, 2, 3, 4]","[0, 0.1, 0.2, 0.3, 0.5]","['relu', 'tanh', 'sigmoid', 'elu']","[1e-05, 0.01]","[2, 3, 4, 5, 6, 7, 8, 9, 10, 11, 12, 13, 14, 15, 16, 17, 18, 19, 20, 21, 22, 23, 24, 25, 26, 27, 28, 29, 30]","[16, 32, 64, 128]","[5, 10, 15, 20]","[2, 3, 5, 7]","[2, 4, 8]",random,minimize,local
ge72s3y5,294,2129,1779272934444,,/home/meliani/nni-experiments/ge72s3y5,80,exp_random_100_ali_only_ali_only,hpo,/home/meliani/Desktop/phd/fast-track/search_space.json,python3 trial.py --data ./ali_only.csv,/home/meliani/Desktop/phd/fast-track,1,360000s,100,False,False,info,/home/meliani/nni-experiments,"['LSTM', 'GRU', 'CNN', 'RNN', 'TCN', 'Transformer', 'MLP']","[16, 32, 64, 128, 256]","[1, 2, 3, 4]","[0, 0.1, 0.2, 0.3, 0.5]","['relu', 'tanh', 'sigmoid', 'elu']","[1e-05, 0.01]","[2, 3, 4, 5, 6, 7, 8, 9, 10, 11, 12, 13, 14, 15, 16, 17, 18, 19, 20, 21, 22, 23, 24, 25, 26, 27, 28, 29, 30]","[16, 32, 64, 128]","[5, 10, 15, 20]","[2, 3, 5, 7]","[2, 4, 8]",random,minimize,local
ge72s3y5,295,2130,1779272934444,,/home/meliani/nni-experiments/ge72s3y5,80,exp_random_100_ali_only_ali_only,hpo,/home/meliani/Desktop/phd/fast-track/search_space.json,python3 trial.py --data ./ali_only.csv,/home/meliani/Desktop/phd/fast-track,1,360000s,100,False,False,info,/home/meliani/nni-experiments,"['LSTM', 'GRU', 'CNN', 'RNN', 'TCN', 'Transformer', 'MLP']","[16, 32, 64, 128, 256]","[1, 2, 3, 4]","[0, 0.1, 0.2, 0.3, 0.5]","['relu', 'tanh', 'sigmoid', 'elu']","[1e-05, 0.01]","[2, 3, 4, 5, 6, 7, 8, 9, 10, 11, 12, 13, 14, 15, 16, 17, 18, 19, 20, 21, 22, 23, 24, 25, 26, 27, 28, 29, 30]","[16, 32, 64, 128]","[5, 10, 15, 20]","[2, 3, 5, 7]","[2, 4, 8]",random,minimize,local
ge72s3y5,296,2140,1779272934444,,/home/meliani/nni-experiments/ge72s3y5,80,exp_random_100_ali_only_ali_only,hpo,/home/meliani/Desktop/phd/fast-track/search_space.json,python3 trial.py --data ./ali_only.csv,/home/meliani/Desktop/phd/fast-track,1,360000s,100,False,False,info,/home/meliani/nni-experiments,"['LSTM', 'GRU', 'CNN', 'RNN', 'TCN', 'Transformer', 'MLP']","[16, 32, 64, 128, 256]","[1, 2, 3, 4]","[0, 0.1, 0.2, 0.3, 0.5]","['relu', 'tanh', 'sigmoid', 'elu']","[1e-05, 0.01]","[2, 3, 4, 5, 6, 7, 8, 9, 10, 11, 12, 13, 14, 15, 16, 17, 18, 19, 20, 21, 22, 23, 24, 25, 26, 27, 28, 29, 30]","[16, 32, 64, 128]","[5, 10, 15, 20]","[2, 3, 5, 7]","[2, 4, 8]",random,minimize,local
ge72s3y5,297,2150,1779272934444,,/home/meliani/nni-experiments/ge72s3y5,80,exp_random_100_ali_only_ali_only,hpo,/home/meliani/Desktop/phd/fast-track/search_space.json,python3 trial.py --data ./ali_only.csv,/home/meliani/Desktop/phd/fast-track,1,360000s,100,False,False,info,/home/meliani/nni-experiments,"['LSTM', 'GRU', 'CNN', 'RNN', 'TCN', 'Transformer', 'MLP']","[16, 32, 64, 128, 256]","[1, 2, 3, 4]","[0, 0.1, 0.2, 0.3, 0.5]","['relu', 'tanh', 'sigmoid', 'elu']","[1e-05, 0.01]","[2, 3, 4, 5, 6, 7, 8, 9, 10, 11, 12, 13, 14, 15, 16, 17, 18, 19, 20, 21, 22, 23, 24, 25, 26, 27, 28, 29, 30]","[16, 32, 64, 128]","[5, 10, 15, 20]","[2, 3, 5, 7]","[2, 4, 8]",random,minimize,local
ge72s3y5,298,2160,1779272934444,,/home/meliani/nni-experiments/ge72s3y5,80,exp_random_100_ali_only_ali_only,hpo,/home/meliani/Desktop/phd/fast-track/search_space.json,python3 trial.py --data ./ali_only.csv,/home/meliani/Desktop/phd/fast-track,1,360000s,100,False,False,info,/home/meliani/nni-experiments,"['LSTM', 'GRU', 'CNN', 'RNN', 'TCN', 'Transformer', 'MLP']","[16, 32, 64, 128, 256]","[1, 2, 3, 4]","[0, 0.1, 0.2, 0.3, 0.5]","['relu', 'tanh', 'sigmoid', 'elu']","[1e-05, 0.01]","[2, 3, 4, 5, 6, 7, 8, 9, 10, 11, 12, 13, 14, 15, 16, 17, 18, 19, 20, 21, 22, 23, 24, 25, 26, 27, 28, 29, 30]","[16, 32, 64, 128]","[5, 10, 15, 20]","[2, 3, 5, 7]","[2, 4, 8]",random,minimize,local
ge72s3y5,299,2170,1779272934444,,/home/meliani/nni-experiments/ge72s3y5,80,exp_random_100_ali_only_ali_only,hpo,/home/meliani/Desktop/phd/fast-track/search_space.json,python3 trial.py --data ./ali_only.csv,/home/meliani/Desktop/phd/fast-track,1,360000s,100,False,False,info,/home/meliani/nni-experiments,"['LSTM', 'GRU', 'CNN', 'RNN', 'TCN', 'Transformer', 'MLP']","[16, 32, 64, 128, 256]","[1, 2, 3, 4]","[0, 0.1, 0.2, 0.3, 0.5]","['relu', 'tanh', 'sigmoid', 'elu']","[1e-05, 0.01]","[2, 3, 4, 5, 6, 7, 8, 9, 10, 11, 12, 13, 14, 15, 16, 17, 18, 19, 20, 21, 22, 23, 24, 25, 26, 27, 28, 29, 30]","[16, 32, 64, 128]","[5, 10, 15, 20]","[2, 3, 5, 7]","[2, 4, 8]",random,minimize,local
ge72s3y5,300,2180,1779272934444,,/home/meliani/nni-experiments/ge72s3y5,80,exp_random_100_ali_only_ali_only,hpo,/home/meliani/Desktop/phd/fast-track/search_space.json,python3 trial.py --data ./ali_only.csv,/home/meliani/Desktop/phd/fast-track,1,360000s,100,False,False,info,/home/meliani/nni-experiments,"['LSTM', 'GRU', 'CNN', 'RNN', 'TCN', 'Transformer', 'MLP']","[16, 32, 64, 128, 256]","[1, 2, 3, 4]","[0, 0.1, 0.2, 0.3, 0.5]","['relu', 'tanh', 'sigmoid', 'elu']","[1e-05, 0.01]","[2, 3, 4, 5, 6, 7, 8, 9, 10, 11, 12, 13, 14, 15, 16, 17, 18, 19, 20, 21, 22, 23, 24, 25, 26, 27, 28, 29, 30]","[16, 32, 64, 128]","[5, 10, 15, 20]","[2, 3, 5, 7]","[2, 4, 8]",random,minimize,local
ge72s3y5,301,2190,1779272934444,,/home/meliani/nni-experiments/ge72s3y5,80,exp_random_100_ali_only_ali_only,hpo,/home/meliani/Desktop/phd/fast-track/search_space.json,python3 trial.py --data ./ali_only.csv,/home/meliani/Desktop/phd/fast-track,1,360000s,100,False,False,info,/home/meliani/nni-experiments,"['LSTM', 'GRU', 'CNN', 'RNN', 'TCN', 'Transformer', 'MLP']","[16, 32, 64, 128, 256]","[1, 2, 3, 4]","[0, 0.1, 0.2, 0.3, 0.5]","['relu', 'tanh', 'sigmoid', 'elu']","[1e-05, 0.01]","[2, 3, 4, 5, 6, 7, 8, 9, 10, 11, 12, 13, 14, 15, 16, 17, 18, 19, 20, 21, 22, 23, 24, 25, 26, 27, 28, 29, 30]","[16, 32, 64, 128]","[5, 10, 15, 20]","[2, 3, 5, 7]","[2, 4, 8]",random,minimize,local
ge72s3y5,302,2200,1779272934444,,/home/meliani/nni-experiments/ge72s3y5,80,exp_random_100_ali_only_ali_only,hpo,/home/meliani/Desktop/phd/fast-track/search_space.json,python3 trial.py --data ./ali_only.csv,/home/meliani/Desktop/phd/fast-track,1,360000s,100,False,False,info,/home/meliani/nni-experiments,"['LSTM', 'GRU', 'CNN', 'RNN', 'TCN', 'Transformer', 'MLP']","[16, 32, 64, 128, 256]","[1, 2, 3, 4]","[0, 0.1, 0.2, 0.3, 0.5]","['relu', 'tanh', 'sigmoid', 'elu']","[1e-05, 0.01]","[2, 3, 4, 5, 6, 7, 8, 9, 10, 11, 12, 13, 14, 15, 16, 17, 18, 19, 20, 21, 22, 23, 24, 25, 26, 27, 28, 29, 30]","[16, 32, 64, 128]","[5, 10, 15, 20]","[2, 3, 5, 7]","[2, 4, 8]",random,minimize,local
ge72s3y5,303,2210,1779272934444,,/home/meliani/nni-experiments/ge72s3y5,80,exp_random_100_ali_only_ali_only,hpo,/home/meliani/Desktop/phd/fast-track/search_space.json,python3 trial.py --data ./ali_only.csv,/home/meliani/Desktop/phd/fast-track,1,360000s,100,False,False,info,/home/meliani/nni-experiments,"['LSTM', 'GRU', 'CNN', 'RNN', 'TCN', 'Transformer', 'MLP']","[16, 32, 64, 128, 256]","[1, 2, 3, 4]","[0, 0.1, 0.2, 0.3, 0.5]","['relu', 'tanh', 'sigmoid', 'elu']","[1e-05, 0.01]","[2, 3, 4, 5, 6, 7, 8, 9, 10, 11, 12, 13, 14, 15, 16, 17, 18, 19, 20, 21, 22, 23, 24, 25, 26, 27, 28, 29, 30]","[16, 32, 64, 128]","[5, 10, 15, 20]","[2, 3, 5, 7]","[2, 4, 8]",random,minimize,local
ge72s3y5,304,2220,1779272934444,,/home/meliani/nni-experiments/ge72s3y5,80,exp_random_100_ali_only_ali_only,hpo,/home/meliani/Desktop/phd/fast-track/search_space.json,python3 trial.py --data ./ali_only.csv,/home/meliani/Desktop/phd/fast-track,1,360000s,100,False,False,info,/home/meliani/nni-experiments,"['LSTM', 'GRU', 'CNN', 'RNN', 'TCN', 'Transformer', 'MLP']","[16, 32, 64, 128, 256]","[1, 2, 3, 4]","[0, 0.1, 0.2, 0.3, 0.5]","['relu', 'tanh', 'sigmoid', 'elu']","[1e-05, 0.01]","[2, 3, 4, 5, 6, 7, 8, 9, 10, 11, 12, 13, 14, 15, 16, 17, 18, 19, 20, 21, 22, 23, 24, 25, 26, 27, 28, 29, 30]","[16, 32, 64, 128]","[5, 10, 15, 20]","[2, 3, 5, 7]","[2, 4, 8]",random,minimize,local
ge72s3y5,305,2230,1779272934444,,/home/meliani/nni-experiments/ge72s3y5,80,exp_random_100_ali_only_ali_only,hpo,/home/meliani/Desktop/phd/fast-track/search_space.json,python3 trial.py --data ./ali_only.csv,/home/meliani/Desktop/phd/fast-track,1,360000s,100,False,False,info,/home/meliani/nni-experiments,"['LSTM', 'GRU', 'CNN', 'RNN', 'TCN', 'Transformer', 'MLP']","[16, 32, 64, 128, 256]","[1, 2, 3, 4]","[0, 0.1, 0.2, 0.3, 0.5]","['relu', 'tanh', 'sigmoid', 'elu']","[1e-05, 0.01]","[2, 3, 4, 5, 6, 7, 8, 9, 10, 11, 12, 13, 14, 15, 16, 17, 18, 19, 20, 21, 22, 23, 24, 25, 26, 27, 28, 29, 30]","[16, 32, 64, 128]","[5, 10, 15, 20]","[2, 3, 5, 7]","[2, 4, 8]",random,minimize,local
ge72s3y5,306,2240,1779272934444,,/home/meliani/nni-experiments/ge72s3y5,80,exp_random_100_ali_only_ali_only,hpo,/home/meliani/Desktop/phd/fast-track/search_space.json,python3 trial.py --data ./ali_only.csv,/home/meliani/Desktop/phd/fast-track,1,360000s,100,False,False,info,/home/meliani/nni-experiments,"['LSTM', 'GRU', 'CNN', 'RNN', 'TCN', 'Transformer', 'MLP']","[16, 32, 64, 128, 256]","[1, 2, 3, 4]","[0, 0.1, 0.2, 0.3, 0.5]","['relu', 'tanh', 'sigmoid', 'elu']","[1e-05, 0.01]","[2, 3, 4, 5, 6, 7, 8, 9, 10, 11, 12, 13, 14, 15, 16, 17, 18, 19, 20, 21, 22, 23, 24, 25, 26, 27, 28, 29, 30]","[16, 32, 64, 128]","[5, 10, 15, 20]","[2, 3, 5, 7]","[2, 4, 8]",random,minimize,local
ge72s3y5,307,2250,1779272934444,,/home/meliani/nni-experiments/ge72s3y5,80,exp_random_100_ali_only_ali_only,hpo,/home/meliani/Desktop/phd/fast-track/search_space.json,python3 trial.py --data ./ali_only.csv,/home/meliani/Desktop/phd/fast-track,1,360000s,100,False,False,info,/home/meliani/nni-experiments,"['LSTM', 'GRU', 'CNN', 'RNN', 'TCN', 'Transformer', 'MLP']","[16, 32, 64, 128, 256]","[1, 2, 3, 4]","[0, 0.1, 0.2, 0.3, 0.5]","['relu', 'tanh', 'sigmoid', 'elu']","[1e-05, 0.01]","[2, 3, 4, 5, 6, 7, 8, 9, 10, 11, 12, 13, 14, 15, 16, 17, 18, 19, 20, 21, 22, 23, 24, 25, 26, 27, 28, 29, 30]","[16, 32, 64, 128]","[5, 10, 15, 20]","[2, 3, 5, 7]","[2, 4, 8]",random,minimize,local
ge72s3y5,308,2260,1779272934444,,/home/meliani/nni-experiments/ge72s3y5,80,exp_random_100_ali_only_ali_only,hpo,/home/meliani/Desktop/phd/fast-track/search_space.json,python3 trial.py --data ./ali_only.csv,/home/meliani/Desktop/phd/fast-track,1,360000s,100,False,False,info,/home/meliani/nni-experiments,"['LSTM', 'GRU', 'CNN', 'RNN', 'TCN', 'Transformer', 'MLP']","[16, 32, 64, 128, 256]","[1, 2, 3, 4]","[0, 0.1, 0.2, 0.3, 0.5]","['relu', 'tanh', 'sigmoid', 'elu']","[1e-05, 0.01]","[2, 3, 4, 5, 6, 7, 8, 9, 10, 11, 12, 13, 14, 15, 16, 17, 18, 19, 20, 21, 22, 23, 24, 25, 26, 27, 28, 29, 30]","[16, 32, 64, 128]","[5, 10, 15, 20]","[2, 3, 5, 7]","[2, 4, 8]",random,minimize,local
ge72s3y5,309,2270,1779272934444,,/home/meliani/nni-experiments/ge72s3y5,80,exp_random_100_ali_only_ali_only,hpo,/home/meliani/Desktop/phd/fast-track/search_space.json,python3 trial.py --data ./ali_only.csv,/home/meliani/Desktop/phd/fast-track,1,360000s,100,False,False,info,/home/meliani/nni-experiments,"['LSTM', 'GRU', 'CNN', 'RNN', 'TCN', 'Transformer', 'MLP']","[16, 32, 64, 128, 256]","[1, 2, 3, 4]","[0, 0.1, 0.2, 0.3, 0.5]","['relu', 'tanh', 'sigmoid', 'elu']","[1e-05, 0.01]","[2, 3, 4, 5, 6, 7, 8, 9, 10, 11, 12, 13, 14, 15, 16, 17, 18, 19, 20, 21, 22, 23, 24, 25, 26, 27, 28, 29, 30]","[16, 32, 64, 128]","[5, 10, 15, 20]","[2, 3, 5, 7]","[2, 4, 8]",random,minimize,local
ge72s3y5,310,2280,1779272934444,,/home/meliani/nni-experiments/ge72s3y5,80,exp_random_100_ali_only_ali_only,hpo,/home/meliani/Desktop/phd/fast-track/search_space.json,python3 trial.py --data ./ali_only.csv,/home/meliani/Desktop/phd/fast-track,1,360000s,100,False,False,info,/home/meliani/nni-experiments,"['LSTM', 'GRU', 'CNN', 'RNN', 'TCN', 'Transformer', 'MLP']","[16, 32, 64, 128, 256]","[1, 2, 3, 4]","[0, 0.1, 0.2, 0.3, 0.5]","['relu', 'tanh', 'sigmoid', 'elu']","[1e-05, 0.01]","[2, 3, 4, 5, 6, 7, 8, 9, 10, 11, 12, 13, 14, 15, 16, 17, 18, 19, 20, 21, 22, 23, 24, 25, 26, 27, 28, 29, 30]","[16, 32, 64, 128]","[5, 10, 15, 20]","[2, 3, 5, 7]","[2, 4, 8]",random,minimize,local
ge72s3y5,311,2290,1779272934444,,/home/meliani/nni-experiments/ge72s3y5,80,exp_random_100_ali_only_ali_only,hpo,/home/meliani/Desktop/phd/fast-track/search_space.json,python3 trial.py --data ./ali_only.csv,/home/meliani/Desktop/phd/fast-track,1,360000s,100,False,False,info,/home/meliani/nni-experiments,"['LSTM', 'GRU', 'CNN', 'RNN', 'TCN', 'Transformer', 'MLP']","[16, 32, 64, 128, 256]","[1, 2, 3, 4]","[0, 0.1, 0.2, 0.3, 0.5]","['relu', 'tanh', 'sigmoid', 'elu']","[1e-05, 0.01]","[2, 3, 4, 5, 6, 7, 8, 9, 10, 11, 12, 13, 14, 15, 16, 17, 18, 19, 20, 21, 22, 23, 24, 25, 26, 27, 28, 29, 30]","[16, 32, 64, 128]","[5, 10, 15, 20]","[2, 3, 5, 7]","[2, 4, 8]",random,minimize,local
ge72s3y5,312,2300,1779272934444,,/home/meliani/nni-experiments/ge72s3y5,80,exp_random_100_ali_only_ali_only,hpo,/home/meliani/Desktop/phd/fast-track/search_space.json,python3 trial.py --data ./ali_only.csv,/home/meliani/Desktop/phd/fast-track,1,360000s,100,False,False,info,/home/meliani/nni-experiments,"['LSTM', 'GRU', 'CNN', 'RNN', 'TCN', 'Transformer', 'MLP']","[16, 32, 64, 128, 256]","[1, 2, 3, 4]","[0, 0.1, 0.2, 0.3, 0.5]","['relu', 'tanh', 'sigmoid', 'elu']","[1e-05, 0.01]","[2, 3, 4, 5, 6, 7, 8, 9, 10, 11, 12, 13, 14, 15, 16, 17, 18, 19, 20, 21, 22, 23, 24, 25, 26, 27, 28, 29, 30]","[16, 32, 64, 128]","[5, 10, 15, 20]","[2, 3, 5, 7]","[2, 4, 8]",random,minimize,local
ge72s3y5,313,2310,1779272934444,,/home/meliani/nni-experiments/ge72s3y5,80,exp_random_100_ali_only_ali_only,hpo,/home/meliani/Desktop/phd/fast-track/search_space.json,python3 trial.py --data ./ali_only.csv,/home/meliani/Desktop/phd/fast-track,1,360000s,100,False,False,info,/home/meliani/nni-experiments,"['LSTM', 'GRU', 'CNN', 'RNN', 'TCN', 'Transformer', 'MLP']","[16, 32, 64, 128, 256]","[1, 2, 3, 4]","[0, 0.1, 0.2, 0.3, 0.5]","['relu', 'tanh', 'sigmoid', 'elu']","[1e-05, 0.01]","[2, 3, 4, 5, 6, 7, 8, 9, 10, 11, 12, 13, 14, 15, 16, 17, 18, 19, 20, 21, 22, 23, 24, 25, 26, 27, 28, 29, 30]","[16, 32, 64, 128]","[5, 10, 15, 20]","[2, 3, 5, 7]","[2, 4, 8]",random,minimize,local
ge72s3y5,314,2320,1779272934444,,/home/meliani/nni-experiments/ge72s3y5,80,exp_random_100_ali_only_ali_only,hpo,/home/meliani/Desktop/phd/fast-track/search_space.json,python3 trial.py --data ./ali_only.csv,/home/meliani/Desktop/phd/fast-track,1,360000s,100,False,False,info,/home/meliani/nni-experiments,"['LSTM', 'GRU', 'CNN', 'RNN', 'TCN', 'Transformer', 'MLP']","[16, 32, 64, 128, 256]","[1, 2, 3, 4]","[0, 0.1, 0.2, 0.3, 0.5]","['relu', 'tanh', 'sigmoid', 'elu']","[1e-05, 0.01]","[2, 3, 4, 5, 6, 7, 8, 9, 10, 11, 12, 13, 14, 15, 16, 17, 18, 19, 20, 21, 22, 23, 24, 25, 26, 27, 28, 29, 30]","[16, 32, 64, 128]","[5, 10, 15, 20]","[2, 3, 5, 7]","[2, 4, 8]",random,minimize,local
ge72s3y5,315,2330,1779272934444,,/home/meliani/nni-experiments/ge72s3y5,80,exp_random_100_ali_only_ali_only,hpo,/home/meliani/Desktop/phd/fast-track/search_space.json,python3 trial.py --data ./ali_only.csv,/home/meliani/Desktop/phd/fast-track,1,360000s,100,False,False,info,/home/meliani/nni-experiments,"['LSTM', 'GRU', 'CNN', 'RNN', 'TCN', 'Transformer', 'MLP']","[16, 32, 64, 128, 256]","[1, 2, 3, 4]","[0, 0.1, 0.2, 0.3, 0.5]","['relu', 'tanh', 'sigmoid', 'elu']","[1e-05, 0.01]","[2, 3, 4, 5, 6, 7, 8, 9, 10, 11, 12, 13, 14, 15, 16, 17, 18, 19, 20, 21, 22, 23, 24, 25, 26, 27, 28, 29, 30]","[16, 32, 64, 128]","[5, 10, 15, 20]","[2, 3, 5, 7]","[2, 4, 8]",random,minimize,local
ge72s3y5,316,2340,1779272934444,,/home/meliani/nni-experiments/ge72s3y5,80,exp_random_100_ali_only_ali_only,hpo,/home/meliani/Desktop/phd/fast-track/search_space.json,python3 trial.py --data ./ali_only.csv,/home/meliani/Desktop/phd/fast-track,1,360000s,100,False,False,info,/home/meliani/nni-experiments,"['LSTM', 'GRU', 'CNN', 'RNN', 'TCN', 'Transformer', 'MLP']","[16, 32, 64, 128, 256]","[1, 2, 3, 4]","[0, 0.1, 0.2, 0.3, 0.5]","['relu', 'tanh', 'sigmoid', 'elu']","[1e-05, 0.01]","[2, 3, 4, 5, 6, 7, 8, 9, 10, 11, 12, 13, 14, 15, 16, 17, 18, 19, 20, 21, 22, 23, 24, 25, 26, 27, 28, 29, 30]","[16, 32, 64, 128]","[5, 10, 15, 20]","[2, 3, 5, 7]","[2, 4, 8]",random,minimize,local
ge72s3y5,317,2341,1779272934444,,/home/meliani/nni-experiments/ge72s3y5,81,exp_random_100_ali_only_ali_only,hpo,/home/meliani/Desktop/phd/fast-track/search_space.json,python3 trial.py --data ./ali_only.csv,/home/meliani/Desktop/phd/fast-track,1,360000s,100,False,False,info,/home/meliani/nni-experiments,"['LSTM', 'GRU', 'CNN', 'RNN', 'TCN', 'Transformer', 'MLP']","[16, 32, 64, 128, 256]","[1, 2, 3, 4]","[0, 0.1, 0.2, 0.3, 0.5]","['relu', 'tanh', 'sigmoid', 'elu']","[1e-05, 0.01]","[2, 3, 4, 5, 6, 7, 8, 9, 10, 11, 12, 13, 14, 15, 16, 17, 18, 19, 20, 21, 22, 23, 24, 25, 26, 27, 28, 29, 30]","[16, 32, 64, 128]","[5, 10, 15, 20]","[2, 3, 5, 7]","[2, 4, 8]",random,minimize,local
ge72s3y5,318,2350,1779272934444,,/home/meliani/nni-experiments/ge72s3y5,81,exp_random_100_ali_only_ali_only,hpo,/home/meliani/Desktop/phd/fast-track/search_space.json,python3 trial.py --data ./ali_only.csv,/home/meliani/Desktop/phd/fast-track,1,360000s,100,False,False,info,/home/meliani/nni-experiments,"['LSTM', 'GRU', 'CNN', 'RNN', 'TCN', 'Transformer', 'MLP']","[16, 32, 64, 128, 256]","[1, 2, 3, 4]","[0, 0.1, 0.2, 0.3, 0.5]","['relu', 'tanh', 'sigmoid', 'elu']","[1e-05, 0.01]","[2, 3, 4, 5, 6, 7, 8, 9, 10, 11, 12, 13, 14, 15, 16, 17, 18, 19, 20, 21, 22, 23, 24, 25, 26, 27, 28, 29, 30]","[16, 32, 64, 128]","[5, 10, 15, 20]","[2, 3, 5, 7]","[2, 4, 8]",random,minimize,local
ge72s3y5,319,2360,1779272934444,,/home/meliani/nni-experiments/ge72s3y5,81,exp_random_100_ali_only_ali_only,hpo,/home/meliani/Desktop/phd/fast-track/search_space.json,python3 trial.py --data ./ali_only.csv,/home/meliani/Desktop/phd/fast-track,1,360000s,100,False,False,info,/home/meliani/nni-experiments,"['LSTM', 'GRU', 'CNN', 'RNN', 'TCN', 'Transformer', 'MLP']","[16, 32, 64, 128, 256]","[1, 2, 3, 4]","[0, 0.1, 0.2, 0.3, 0.5]","['relu', 'tanh', 'sigmoid', 'elu']","[1e-05, 0.01]","[2, 3, 4, 5, 6, 7, 8, 9, 10, 11, 12, 13, 14, 15, 16, 17, 18, 19, 20, 21, 22, 23, 24, 25, 26, 27, 28, 29, 30]","[16, 32, 64, 128]","[5, 10, 15, 20]","[2, 3, 5, 7]","[2, 4, 8]",random,minimize,local
ge72s3y5,320,2370,1779272934444,,/home/meliani/nni-experiments/ge72s3y5,81,exp_random_100_ali_only_ali_only,hpo,/home/meliani/Desktop/phd/fast-track/search_space.json,python3 trial.py --data ./ali_only.csv,/home/meliani/Desktop/phd/fast-track,1,360000s,100,False,False,info,/home/meliani/nni-experiments,"['LSTM', 'GRU', 'CNN', 'RNN', 'TCN', 'Transformer', 'MLP']","[16, 32, 64, 128, 256]","[1, 2, 3, 4]","[0, 0.1, 0.2, 0.3, 0.5]","['relu', 'tanh', 'sigmoid', 'elu']","[1e-05, 0.01]","[2, 3, 4, 5, 6, 7, 8, 9, 10, 11, 12, 13, 14, 15, 16, 17, 18, 19, 20, 21, 22, 23, 24, 25, 26, 27, 28, 29, 30]","[16, 32, 64, 128]","[5, 10, 15, 20]","[2, 3, 5, 7]","[2, 4, 8]",random,minimize,local
ge72s3y5,321,2380,1779272934444,,/home/meliani/nni-experiments/ge72s3y5,81,exp_random_100_ali_only_ali_only,hpo,/home/meliani/Desktop/phd/fast-track/search_space.json,python3 trial.py --data ./ali_only.csv,/home/meliani/Desktop/phd/fast-track,1,360000s,100,False,False,info,/home/meliani/nni-experiments,"['LSTM', 'GRU', 'CNN', 'RNN', 'TCN', 'Transformer', 'MLP']","[16, 32, 64, 128, 256]","[1, 2, 3, 4]","[0, 0.1, 0.2, 0.3, 0.5]","['relu', 'tanh', 'sigmoid', 'elu']","[1e-05, 0.01]","[2, 3, 4, 5, 6, 7, 8, 9, 10, 11, 12, 13, 14, 15, 16, 17, 18, 19, 20, 21, 22, 23, 24, 25, 26, 27, 28, 29, 30]","[16, 32, 64, 128]","[5, 10, 15, 20]","[2, 3, 5, 7]","[2, 4, 8]",random,minimize,local
ge72s3y5,322,2389,1779272934444,,/home/meliani/nni-experiments/ge72s3y5,82,exp_random_100_ali_only_ali_only,hpo,/home/meliani/Desktop/phd/fast-track/search_space.json,python3 trial.py --data ./ali_only.csv,/home/meliani/Desktop/phd/fast-track,1,360000s,100,False,False,info,/home/meliani/nni-experiments,"['LSTM', 'GRU', 'CNN', 'RNN', 'TCN', 'Transformer', 'MLP']","[16, 32, 64, 128, 256]","[1, 2, 3, 4]","[0, 0.1, 0.2, 0.3, 0.5]","['relu', 'tanh', 'sigmoid', 'elu']","[1e-05, 0.01]","[2, 3, 4, 5, 6, 7, 8, 9, 10, 11, 12, 13, 14, 15, 16, 17, 18, 19, 20, 21, 22, 23, 24, 25, 26, 27, 28, 29, 30]","[16, 32, 64, 128]","[5, 10, 15, 20]","[2, 3, 5, 7]","[2, 4, 8]",random,minimize,local
ge72s3y5,323,2390,1779272934444,,/home/meliani/nni-experiments/ge72s3y5,82,exp_random_100_ali_only_ali_only,hpo,/home/meliani/Desktop/phd/fast-track/search_space.json,python3 trial.py --data ./ali_only.csv,/home/meliani/Desktop/phd/fast-track,1,360000s,100,False,False,info,/home/meliani/nni-experiments,"['LSTM', 'GRU', 'CNN', 'RNN', 'TCN', 'Transformer', 'MLP']","[16, 32, 64, 128, 256]","[1, 2, 3, 4]","[0, 0.1, 0.2, 0.3, 0.5]","['relu', 'tanh', 'sigmoid', 'elu']","[1e-05, 0.01]","[2, 3, 4, 5, 6, 7, 8, 9, 10, 11, 12, 13, 14, 15, 16, 17, 18, 19, 20, 21, 22, 23, 24, 25, 26, 27, 28, 29, 30]","[16, 32, 64, 128]","[5, 10, 15, 20]","[2, 3, 5, 7]","[2, 4, 8]",random,minimize,local
ge72s3y5,324,2400,1779272934444,,/home/meliani/nni-experiments/ge72s3y5,82,exp_random_100_ali_only_ali_only,hpo,/home/meliani/Desktop/phd/fast-track/search_space.json,python3 trial.py --data ./ali_only.csv,/home/meliani/Desktop/phd/fast-track,1,360000s,100,False,False,info,/home/meliani/nni-experiments,"['LSTM', 'GRU', 'CNN', 'RNN', 'TCN', 'Transformer', 'MLP']","[16, 32, 64, 128, 256]","[1, 2, 3, 4]","[0, 0.1, 0.2, 0.3, 0.5]","['relu', 'tanh', 'sigmoid', 'elu']","[1e-05, 0.01]","[2, 3, 4, 5, 6, 7, 8, 9, 10, 11, 12, 13, 14, 15, 16, 17, 18, 19, 20, 21, 22, 23, 24, 25, 26, 27, 28, 29, 30]","[16, 32, 64, 128]","[5, 10, 15, 20]","[2, 3, 5, 7]","[2, 4, 8]",random,minimize,local
ge72s3y5,325,2410,1779272934444,,/home/meliani/nni-experiments/ge72s3y5,82,exp_random_100_ali_only_ali_only,hpo,/home/meliani/Desktop/phd/fast-track/search_space.json,python3 trial.py --data ./ali_only.csv,/home/meliani/Desktop/phd/fast-track,1,360000s,100,False,False,info,/home/meliani/nni-experiments,"['LSTM', 'GRU', 'CNN', 'RNN', 'TCN', 'Transformer', 'MLP']","[16, 32, 64, 128, 256]","[1, 2, 3, 4]","[0, 0.1, 0.2, 0.3, 0.5]","['relu', 'tanh', 'sigmoid', 'elu']","[1e-05, 0.01]","[2, 3, 4, 5, 6, 7, 8, 9, 10, 11, 12, 13, 14, 15, 16, 17, 18, 19, 20, 21, 22, 23, 24, 25, 26, 27, 28, 29, 30]","[16, 32, 64, 128]","[5, 10, 15, 20]","[2, 3, 5, 7]","[2, 4, 8]",random,minimize,local
ge72s3y5,326,2420,1779272934444,,/home/meliani/nni-experiments/ge72s3y5,82,exp_random_100_ali_only_ali_only,hpo,/home/meliani/Desktop/phd/fast-track/search_space.json,python3 trial.py --data ./ali_only.csv,/home/meliani/Desktop/phd/fast-track,1,360000s,100,False,False,info,/home/meliani/nni-experiments,"['LSTM', 'GRU', 'CNN', 'RNN', 'TCN', 'Transformer', 'MLP']","[16, 32, 64, 128, 256]","[1, 2, 3, 4]","[0, 0.1, 0.2, 0.3, 0.5]","['relu', 'tanh', 'sigmoid', 'elu']","[1e-05, 0.01]","[2, 3, 4, 5, 6, 7, 8, 9, 10, 11, 12, 13, 14, 15, 16, 17, 18, 19, 20, 21, 22, 23, 24, 25, 26, 27, 28, 29, 30]","[16, 32, 64, 128]","[5, 10, 15, 20]","[2, 3, 5, 7]","[2, 4, 8]",random,minimize,local
ge72s3y5,327,2427,1779272934444,,/home/meliani/nni-experiments/ge72s3y5,83,exp_random_100_ali_only_ali_only,hpo,/home/meliani/Desktop/phd/fast-track/search_space.json,python3 trial.py --data ./ali_only.csv,/home/meliani/Desktop/phd/fast-track,1,360000s,100,False,False,info,/home/meliani/nni-experiments,"['LSTM', 'GRU', 'CNN', 'RNN', 'TCN', 'Transformer', 'MLP']","[16, 32, 64, 128, 256]","[1, 2, 3, 4]","[0, 0.1, 0.2, 0.3, 0.5]","['relu', 'tanh', 'sigmoid', 'elu']","[1e-05, 0.01]","[2, 3, 4, 5, 6, 7, 8, 9, 10, 11, 12, 13, 14, 15, 16, 17, 18, 19, 20, 21, 22, 23, 24, 25, 26, 27, 28, 29, 30]","[16, 32, 64, 128]","[5, 10, 15, 20]","[2, 3, 5, 7]","[2, 4, 8]",random,minimize,local
ge72s3y5,328,2430,1779272934444,,/home/meliani/nni-experiments/ge72s3y5,83,exp_random_100_ali_only_ali_only,hpo,/home/meliani/Desktop/phd/fast-track/search_space.json,python3 trial.py --data ./ali_only.csv,/home/meliani/Desktop/phd/fast-track,1,360000s,100,False,False,info,/home/meliani/nni-experiments,"['LSTM', 'GRU', 'CNN', 'RNN', 'TCN', 'Transformer', 'MLP']","[16, 32, 64, 128, 256]","[1, 2, 3, 4]","[0, 0.1, 0.2, 0.3, 0.5]","['relu', 'tanh', 'sigmoid', 'elu']","[1e-05, 0.01]","[2, 3, 4, 5, 6, 7, 8, 9, 10, 11, 12, 13, 14, 15, 16, 17, 18, 19, 20, 21, 22, 23, 24, 25, 26, 27, 28, 29, 30]","[16, 32, 64, 128]","[5, 10, 15, 20]","[2, 3, 5, 7]","[2, 4, 8]",random,minimize,local
ge72s3y5,329,2433,1779272934444,,/home/meliani/nni-experiments/ge72s3y5,84,exp_random_100_ali_only_ali_only,hpo,/home/meliani/Desktop/phd/fast-track/search_space.json,python3 trial.py --data ./ali_only.csv,/home/meliani/Desktop/phd/fast-track,1,360000s,100,False,False,info,/home/meliani/nni-experiments,"['LSTM', 'GRU', 'CNN', 'RNN', 'TCN', 'Transformer', 'MLP']","[16, 32, 64, 128, 256]","[1, 2, 3, 4]","[0, 0.1, 0.2, 0.3, 0.5]","['relu', 'tanh', 'sigmoid', 'elu']","[1e-05, 0.01]","[2, 3, 4, 5, 6, 7, 8, 9, 10, 11, 12, 13, 14, 15, 16, 17, 18, 19, 20, 21, 22, 23, 24, 25, 26, 27, 28, 29, 30]","[16, 32, 64, 128]","[5, 10, 15, 20]","[2, 3, 5, 7]","[2, 4, 8]",random,minimize,local
ge72s3y5,330,2439,1779272934444,,/home/meliani/nni-experiments/ge72s3y5,85,exp_random_100_ali_only_ali_only,hpo,/home/meliani/Desktop/phd/fast-track/search_space.json,python3 trial.py --data ./ali_only.csv,/home/meliani/Desktop/phd/fast-track,1,360000s,100,False,False,info,/home/meliani/nni-experiments,"['LSTM', 'GRU', 'CNN', 'RNN', 'TCN', 'Transformer', 'MLP']","[16, 32, 64, 128, 256]","[1, 2, 3, 4]","[0, 0.1, 0.2, 0.3, 0.5]","['relu', 'tanh', 'sigmoid', 'elu']","[1e-05, 0.01]","[2, 3, 4, 5, 6, 7, 8, 9, 10, 11, 12, 13, 14, 15, 16, 17, 18, 19, 20, 21, 22, 23, 24, 25, 26, 27, 28, 29, 30]","[16, 32, 64, 128]","[5, 10, 15, 20]","[2, 3, 5, 7]","[2, 4, 8]",random,minimize,local
ge72s3y5,331,2440,1779272934444,,/home/meliani/nni-experiments/ge72s3y5,85,exp_random_100_ali_only_ali_only,hpo,/home/meliani/Desktop/phd/fast-track/search_space.json,python3 trial.py --data ./ali_only.csv,/home/meliani/Desktop/phd/fast-track,1,360000s,100,False,False,info,/home/meliani/nni-experiments,"['LSTM', 'GRU', 'CNN', 'RNN', 'TCN', 'Transformer', 'MLP']","[16, 32, 64, 128, 256]","[1, 2, 3, 4]","[0, 0.1, 0.2, 0.3, 0.5]","['relu', 'tanh', 'sigmoid', 'elu']","[1e-05, 0.01]","[2, 3, 4, 5, 6, 7, 8, 9, 10, 11, 12, 13, 14, 15, 16, 17, 18, 19, 20, 21, 22, 23, 24, 25, 26, 27, 28, 29, 30]","[16, 32, 64, 128]","[5, 10, 15, 20]","[2, 3, 5, 7]","[2, 4, 8]",random,minimize,local
ge72s3y5,332,2450,1779272934444,,/home/meliani/nni-experiments/ge72s3y5,85,exp_random_100_ali_only_ali_only,hpo,/home/meliani/Desktop/phd/fast-track/search_space.json,python3 trial.py --data ./ali_only.csv,/home/meliani/Desktop/phd/fast-track,1,360000s,100,False,False,info,/home/meliani/nni-experiments,"['LSTM', 'GRU', 'CNN', 'RNN', 'TCN', 'Transformer', 'MLP']","[16, 32, 64, 128, 256]","[1, 2, 3, 4]","[0, 0.1, 0.2, 0.3, 0.5]","['relu', 'tanh', 'sigmoid', 'elu']","[1e-05, 0.01]","[2, 3, 4, 5, 6, 7, 8, 9, 10, 11, 12, 13, 14, 15, 16, 17, 18, 19, 20, 21, 22, 23, 24, 25, 26, 27, 28, 29, 30]","[16, 32, 64, 128]","[5, 10, 15, 20]","[2, 3, 5, 7]","[2, 4, 8]",random,minimize,local
ge72s3y5,333,2460,1779272934444,,/home/meliani/nni-experiments/ge72s3y5,85,exp_random_100_ali_only_ali_only,hpo,/home/meliani/Desktop/phd/fast-track/search_space.json,python3 trial.py --data ./ali_only.csv,/home/meliani/Desktop/phd/fast-track,1,360000s,100,False,False,info,/home/meliani/nni-experiments,"['LSTM', 'GRU', 'CNN', 'RNN', 'TCN', 'Transformer', 'MLP']","[16, 32, 64, 128, 256]","[1, 2, 3, 4]","[0, 0.1, 0.2, 0.3, 0.5]","['relu', 'tanh', 'sigmoid', 'elu']","[1e-05, 0.01]","[2, 3, 4, 5, 6, 7, 8, 9, 10, 11, 12, 13, 14, 15, 16, 17, 18, 19, 20, 21, 22, 23, 24, 25, 26, 27, 28, 29, 30]","[16, 32, 64, 128]","[5, 10, 15, 20]","[2, 3, 5, 7]","[2, 4, 8]",random,minimize,local
ge72s3y5,334,2462,1779272934444,,/home/meliani/nni-experiments/ge72s3y5,86,exp_random_100_ali_only_ali_only,hpo,/home/meliani/Desktop/phd/fast-track/search_space.json,python3 trial.py --data ./ali_only.csv,/home/meliani/Desktop/phd/fast-track,1,360000s,100,False,False,info,/home/meliani/nni-experiments,"['LSTM', 'GRU', 'CNN', 'RNN', 'TCN', 'Transformer', 'MLP']","[16, 32, 64, 128, 256]","[1, 2, 3, 4]","[0, 0.1, 0.2, 0.3, 0.5]","['relu', 'tanh', 'sigmoid', 'elu']","[1e-05, 0.01]","[2, 3, 4, 5, 6, 7, 8, 9, 10, 11, 12, 13, 14, 15, 16, 17, 18, 19, 20, 21, 22, 23, 24, 25, 26, 27, 28, 29, 30]","[16, 32, 64, 128]","[5, 10, 15, 20]","[2, 3, 5, 7]","[2, 4, 8]",random,minimize,local
ge72s3y5,335,2469,1779272934444,,/home/meliani/nni-experiments/ge72s3y5,87,exp_random_100_ali_only_ali_only,hpo,/home/meliani/Desktop/phd/fast-track/search_space.json,python3 trial.py --data ./ali_only.csv,/home/meliani/Desktop/phd/fast-track,1,360000s,100,False,False,info,/home/meliani/nni-experiments,"['LSTM', 'GRU', 'CNN', 'RNN', 'TCN', 'Transformer', 'MLP']","[16, 32, 64, 128, 256]","[1, 2, 3, 4]","[0, 0.1, 0.2, 0.3, 0.5]","['relu', 'tanh', 'sigmoid', 'elu']","[1e-05, 0.01]","[2, 3, 4, 5, 6, 7, 8, 9, 10, 11, 12, 13, 14, 15, 16, 17, 18, 19, 20, 21, 22, 23, 24, 25, 26, 27, 28, 29, 30]","[16, 32, 64, 128]","[5, 10, 15, 20]","[2, 3, 5, 7]","[2, 4, 8]",random,minimize,local
ge72s3y5,336,2470,1779272934444,,/home/meliani/nni-experiments/ge72s3y5,87,exp_random_100_ali_only_ali_only,hpo,/home/meliani/Desktop/phd/fast-track/search_space.json,python3 trial.py --data ./ali_only.csv,/home/meliani/Desktop/phd/fast-track,1,360000s,100,False,False,info,/home/meliani/nni-experiments,"['LSTM', 'GRU', 'CNN', 'RNN', 'TCN', 'Transformer', 'MLP']","[16, 32, 64, 128, 256]","[1, 2, 3, 4]","[0, 0.1, 0.2, 0.3, 0.5]","['relu', 'tanh', 'sigmoid', 'elu']","[1e-05, 0.01]","[2, 3, 4, 5, 6, 7, 8, 9, 10, 11, 12, 13, 14, 15, 16, 17, 18, 19, 20, 21, 22, 23, 24, 25, 26, 27, 28, 29, 30]","[16, 32, 64, 128]","[5, 10, 15, 20]","[2, 3, 5, 7]","[2, 4, 8]",random,minimize,local
ge72s3y5,337,2480,1779272934444,,/home/meliani/nni-experiments/ge72s3y5,87,exp_random_100_ali_only_ali_only,hpo,/home/meliani/Desktop/phd/fast-track/search_space.json,python3 trial.py --data ./ali_only.csv,/home/meliani/Desktop/phd/fast-track,1,360000s,100,False,False,info,/home/meliani/nni-experiments,"['LSTM', 'GRU', 'CNN', 'RNN', 'TCN', 'Transformer', 'MLP']","[16, 32, 64, 128, 256]","[1, 2, 3, 4]","[0, 0.1, 0.2, 0.3, 0.5]","['relu', 'tanh', 'sigmoid', 'elu']","[1e-05, 0.01]","[2, 3, 4, 5, 6, 7, 8, 9, 10, 11, 12, 13, 14, 15, 16, 17, 18, 19, 20, 21, 22, 23, 24, 25, 26, 27, 28, 29, 30]","[16, 32, 64, 128]","[5, 10, 15, 20]","[2, 3, 5, 7]","[2, 4, 8]",random,minimize,local
ge72s3y5,338,2487,1779272934444,,/home/meliani/nni-experiments/ge72s3y5,88,exp_random_100_ali_only_ali_only,hpo,/home/meliani/Desktop/phd/fast-track/search_space.json,python3 trial.py --data ./ali_only.csv,/home/meliani/Desktop/phd/fast-track,1,360000s,100,False,False,info,/home/meliani/nni-experiments,"['LSTM', 'GRU', 'CNN', 'RNN', 'TCN', 'Transformer', 'MLP']","[16, 32, 64, 128, 256]","[1, 2, 3, 4]","[0, 0.1, 0.2, 0.3, 0.5]","['relu', 'tanh', 'sigmoid', 'elu']","[1e-05, 0.01]","[2, 3, 4, 5, 6, 7, 8, 9, 10, 11, 12, 13, 14, 15, 16, 17, 18, 19, 20, 21, 22, 23, 24, 25, 26, 27, 28, 29, 30]","[16, 32, 64, 128]","[5, 10, 15, 20]","[2, 3, 5, 7]","[2, 4, 8]",random,minimize,local
ge72s3y5,339,2490,1779272934444,,/home/meliani/nni-experiments/ge72s3y5,88,exp_random_100_ali_only_ali_only,hpo,/home/meliani/Desktop/phd/fast-track/search_space.json,python3 trial.py --data ./ali_only.csv,/home/meliani/Desktop/phd/fast-track,1,360000s,100,False,False,info,/home/meliani/nni-experiments,"['LSTM', 'GRU', 'CNN', 'RNN', 'TCN', 'Transformer', 'MLP']","[16, 32, 64, 128, 256]","[1, 2, 3, 4]","[0, 0.1, 0.2, 0.3, 0.5]","['relu', 'tanh', 'sigmoid', 'elu']","[1e-05, 0.01]","[2, 3, 4, 5, 6, 7, 8, 9, 10, 11, 12, 13, 14, 15, 16, 17, 18, 19, 20, 21, 22, 23, 24, 25, 26, 27, 28, 29, 30]","[16, 32, 64, 128]","[5, 10, 15, 20]","[2, 3, 5, 7]","[2, 4, 8]",random,minimize,local
ge72s3y5,340,2500,1779272934444,,/home/meliani/nni-experiments/ge72s3y5,88,exp_random_100_ali_only_ali_only,hpo,/home/meliani/Desktop/phd/fast-track/search_space.json,python3 trial.py --data ./ali_only.csv,/home/meliani/Desktop/phd/fast-track,1,360000s,100,False,False,info,/home/meliani/nni-experiments,"['LSTM', 'GRU', 'CNN', 'RNN', 'TCN', 'Transformer', 'MLP']","[16, 32, 64, 128, 256]","[1, 2, 3, 4]","[0, 0.1, 0.2, 0.3, 0.5]","['relu', 'tanh', 'sigmoid', 'elu']","[1e-05, 0.01]","[2, 3, 4, 5, 6, 7, 8, 9, 10, 11, 12, 13, 14, 15, 16, 17, 18, 19, 20, 21, 22, 23, 24, 25, 26, 27, 28, 29, 30]","[16, 32, 64, 128]","[5, 10, 15, 20]","[2, 3, 5, 7]","[2, 4, 8]",random,minimize,local
ge72s3y5,341,2510,1779272934444,,/home/meliani/nni-experiments/ge72s3y5,88,exp_random_100_ali_only_ali_only,hpo,/home/meliani/Desktop/phd/fast-track/search_space.json,python3 trial.py --data ./ali_only.csv,/home/meliani/Desktop/phd/fast-track,1,360000s,100,False,False,info,/home/meliani/nni-experiments,"['LSTM', 'GRU', 'CNN', 'RNN', 'TCN', 'Transformer', 'MLP']","[16, 32, 64, 128, 256]","[1, 2, 3, 4]","[0, 0.1, 0.2, 0.3, 0.5]","['relu', 'tanh', 'sigmoid', 'elu']","[1e-05, 0.01]","[2, 3, 4, 5, 6, 7, 8, 9, 10, 11, 12, 13, 14, 15, 16, 17, 18, 19, 20, 21, 22, 23, 24, 25, 26, 27, 28, 29, 30]","[16, 32, 64, 128]","[5, 10, 15, 20]","[2, 3, 5, 7]","[2, 4, 8]",random,minimize,local
ge72s3y5,342,2515,1779272934444,,/home/meliani/nni-experiments/ge72s3y5,89,exp_random_100_ali_only_ali_only,hpo,/home/meliani/Desktop/phd/fast-track/search_space.json,python3 trial.py --data ./ali_only.csv,/home/meliani/Desktop/phd/fast-track,1,360000s,100,False,False,info,/home/meliani/nni-experiments,"['LSTM', 'GRU', 'CNN', 'RNN', 'TCN', 'Transformer', 'MLP']","[16, 32, 64, 128, 256]","[1, 2, 3, 4]","[0, 0.1, 0.2, 0.3, 0.5]","['relu', 'tanh', 'sigmoid', 'elu']","[1e-05, 0.01]","[2, 3, 4, 5, 6, 7, 8, 9, 10, 11, 12, 13, 14, 15, 16, 17, 18, 19, 20, 21, 22, 23, 24, 25, 26, 27, 28, 29, 30]","[16, 32, 64, 128]","[5, 10, 15, 20]","[2, 3, 5, 7]","[2, 4, 8]",random,minimize,local
ge72s3y5,343,2520,1779272934444,,/home/meliani/nni-experiments/ge72s3y5,89,exp_random_100_ali_only_ali_only,hpo,/home/meliani/Desktop/phd/fast-track/search_space.json,python3 trial.py --data ./ali_only.csv,/home/meliani/Desktop/phd/fast-track,1,360000s,100,False,False,info,/home/meliani/nni-experiments,"['LSTM', 'GRU', 'CNN', 'RNN', 'TCN', 'Transformer', 'MLP']","[16, 32, 64, 128, 256]","[1, 2, 3, 4]","[0, 0.1, 0.2, 0.3, 0.5]","['relu', 'tanh', 'sigmoid', 'elu']","[1e-05, 0.01]","[2, 3, 4, 5, 6, 7, 8, 9, 10, 11, 12, 13, 14, 15, 16, 17, 18, 19, 20, 21, 22, 23, 24, 25, 26, 27, 28, 29, 30]","[16, 32, 64, 128]","[5, 10, 15, 20]","[2, 3, 5, 7]","[2, 4, 8]",random,minimize,local
ge72s3y5,344,2530,1779272934444,,/home/meliani/nni-experiments/ge72s3y5,89,exp_random_100_ali_only_ali_only,hpo,/home/meliani/Desktop/phd/fast-track/search_space.json,python3 trial.py --data ./ali_only.csv,/home/meliani/Desktop/phd/fast-track,1,360000s,100,False,False,info,/home/meliani/nni-experiments,"['LSTM', 'GRU', 'CNN', 'RNN', 'TCN', 'Transformer', 'MLP']","[16, 32, 64, 128, 256]","[1, 2, 3, 4]","[0, 0.1, 0.2, 0.3, 0.5]","['relu', 'tanh', 'sigmoid', 'elu']","[1e-05, 0.01]","[2, 3, 4, 5, 6, 7, 8, 9, 10, 11, 12, 13, 14, 15, 16, 17, 18, 19, 20, 21, 22, 23, 24, 25, 26, 27, 28, 29, 30]","[16, 32, 64, 128]","[5, 10, 15, 20]","[2, 3, 5, 7]","[2, 4, 8]",random,minimize,local
ge72s3y5,345,2540,1779272934444,,/home/meliani/nni-experiments/ge72s3y5,89,exp_random_100_ali_only_ali_only,hpo,/home/meliani/Desktop/phd/fast-track/search_space.json,python3 trial.py --data ./ali_only.csv,/home/meliani/Desktop/phd/fast-track,1,360000s,100,False,False,info,/home/meliani/nni-experiments,"['LSTM', 'GRU', 'CNN', 'RNN', 'TCN', 'Transformer', 'MLP']","[16, 32, 64, 128, 256]","[1, 2, 3, 4]","[0, 0.1, 0.2, 0.3, 0.5]","['relu', 'tanh', 'sigmoid', 'elu']","[1e-05, 0.01]","[2, 3, 4, 5, 6, 7, 8, 9, 10, 11, 12, 13, 14, 15, 16, 17, 18, 19, 20, 21, 22, 23, 24, 25, 26, 27, 28, 29, 30]","[16, 32, 64, 128]","[5, 10, 15, 20]","[2, 3, 5, 7]","[2, 4, 8]",random,minimize,local
ge72s3y5,346,2550,1779272934444,,/home/meliani/nni-experiments/ge72s3y5,89,exp_random_100_ali_only_ali_only,hpo,/home/meliani/Desktop/phd/fast-track/search_space.json,python3 trial.py --data ./ali_only.csv,/home/meliani/Desktop/phd/fast-track,1,360000s,100,False,False,info,/home/meliani/nni-experiments,"['LSTM', 'GRU', 'CNN', 'RNN', 'TCN', 'Transformer', 'MLP']","[16, 32, 64, 128, 256]","[1, 2, 3, 4]","[0, 0.1, 0.2, 0.3, 0.5]","['relu', 'tanh', 'sigmoid', 'elu']","[1e-05, 0.01]","[2, 3, 4, 5, 6, 7, 8, 9, 10, 11, 12, 13, 14, 15, 16, 17, 18, 19, 20, 21, 22, 23, 24, 25, 26, 27, 28, 29, 30]","[16, 32, 64, 128]","[5, 10, 15, 20]","[2, 3, 5, 7]","[2, 4, 8]",random,minimize,local
ge72s3y5,347,2560,1779272934444,,/home/meliani/nni-experiments/ge72s3y5,89,exp_random_100_ali_only_ali_only,hpo,/home/meliani/Desktop/phd/fast-track/search_space.json,python3 trial.py --data ./ali_only.csv,/home/meliani/Desktop/phd/fast-track,1,360000s,100,False,False,info,/home/meliani/nni-experiments,"['LSTM', 'GRU', 'CNN', 'RNN', 'TCN', 'Transformer', 'MLP']","[16, 32, 64, 128, 256]","[1, 2, 3, 4]","[0, 0.1, 0.2, 0.3, 0.5]","['relu', 'tanh', 'sigmoid', 'elu']","[1e-05, 0.01]","[2, 3, 4, 5, 6, 7, 8, 9, 10, 11, 12, 13, 14, 15, 16, 17, 18, 19, 20, 21, 22, 23, 24, 25, 26, 27, 28, 29, 30]","[16, 32, 64, 128]","[5, 10, 15, 20]","[2, 3, 5, 7]","[2, 4, 8]",random,minimize,local
ge72s3y5,348,2570,1779272934444,,/home/meliani/nni-experiments/ge72s3y5,89,exp_random_100_ali_only_ali_only,hpo,/home/meliani/Desktop/phd/fast-track/search_space.json,python3 trial.py --data ./ali_only.csv,/home/meliani/Desktop/phd/fast-track,1,360000s,100,False,False,info,/home/meliani/nni-experiments,"['LSTM', 'GRU', 'CNN', 'RNN', 'TCN', 'Transformer', 'MLP']","[16, 32, 64, 128, 256]","[1, 2, 3, 4]","[0, 0.1, 0.2, 0.3, 0.5]","['relu', 'tanh', 'sigmoid', 'elu']","[1e-05, 0.01]","[2, 3, 4, 5, 6, 7, 8, 9, 10, 11, 12, 13, 14, 15, 16, 17, 18, 19, 20, 21, 22, 23, 24, 25, 26, 27, 28, 29, 30]","[16, 32, 64, 128]","[5, 10, 15, 20]","[2, 3, 5, 7]","[2, 4, 8]",random,minimize,local
ge72s3y5,349,2580,1779272934444,,/home/meliani/nni-experiments/ge72s3y5,89,exp_random_100_ali_only_ali_only,hpo,/home/meliani/Desktop/phd/fast-track/search_space.json,python3 trial.py --data ./ali_only.csv,/home/meliani/Desktop/phd/fast-track,1,360000s,100,False,False,info,/home/meliani/nni-experiments,"['LSTM', 'GRU', 'CNN', 'RNN', 'TCN', 'Transformer', 'MLP']","[16, 32, 64, 128, 256]","[1, 2, 3, 4]","[0, 0.1, 0.2, 0.3, 0.5]","['relu', 'tanh', 'sigmoid', 'elu']","[1e-05, 0.01]","[2, 3, 4, 5, 6, 7, 8, 9, 10, 11, 12, 13, 14, 15, 16, 17, 18, 19, 20, 21, 22, 23, 24, 25, 26, 27, 28, 29, 30]","[16, 32, 64, 128]","[5, 10, 15, 20]","[2, 3, 5, 7]","[2, 4, 8]",random,minimize,local
ge72s3y5,350,2589,1779272934444,,/home/meliani/nni-experiments/ge72s3y5,90,exp_random_100_ali_only_ali_only,hpo,/home/meliani/Desktop/phd/fast-track/search_space.json,python3 trial.py --data ./ali_only.csv,/home/meliani/Desktop/phd/fast-track,1,360000s,100,False,False,info,/home/meliani/nni-experiments,"['LSTM', 'GRU', 'CNN', 'RNN', 'TCN', 'Transformer', 'MLP']","[16, 32, 64, 128, 256]","[1, 2, 3, 4]","[0, 0.1, 0.2, 0.3, 0.5]","['relu', 'tanh', 'sigmoid', 'elu']","[1e-05, 0.01]","[2, 3, 4, 5, 6, 7, 8, 9, 10, 11, 12, 13, 14, 15, 16, 17, 18, 19, 20, 21, 22, 23, 24, 25, 26, 27, 28, 29, 30]","[16, 32, 64, 128]","[5, 10, 15, 20]","[2, 3, 5, 7]","[2, 4, 8]",random,minimize,local
ge72s3y5,351,2590,1779272934444,,/home/meliani/nni-experiments/ge72s3y5,90,exp_random_100_ali_only_ali_only,hpo,/home/meliani/Desktop/phd/fast-track/search_space.json,python3 trial.py --data ./ali_only.csv,/home/meliani/Desktop/phd/fast-track,1,360000s,100,False,False,info,/home/meliani/nni-experiments,"['LSTM', 'GRU', 'CNN', 'RNN', 'TCN', 'Transformer', 'MLP']","[16, 32, 64, 128, 256]","[1, 2, 3, 4]","[0, 0.1, 0.2, 0.3, 0.5]","['relu', 'tanh', 'sigmoid', 'elu']","[1e-05, 0.01]","[2, 3, 4, 5, 6, 7, 8, 9, 10, 11, 12, 13, 14, 15, 16, 17, 18, 19, 20, 21, 22, 23, 24, 25, 26, 27, 28, 29, 30]","[16, 32, 64, 128]","[5, 10, 15, 20]","[2, 3, 5, 7]","[2, 4, 8]",random,minimize,local
ge72s3y5,352,2596,1779272934444,,/home/meliani/nni-experiments/ge72s3y5,91,exp_random_100_ali_only_ali_only,hpo,/home/meliani/Desktop/phd/fast-track/search_space.json,python3 trial.py --data ./ali_only.csv,/home/meliani/Desktop/phd/fast-track,1,360000s,100,False,False,info,/home/meliani/nni-experiments,"['LSTM', 'GRU', 'CNN', 'RNN', 'TCN', 'Transformer', 'MLP']","[16, 32, 64, 128, 256]","[1, 2, 3, 4]","[0, 0.1, 0.2, 0.3, 0.5]","['relu', 'tanh', 'sigmoid', 'elu']","[1e-05, 0.01]","[2, 3, 4, 5, 6, 7, 8, 9, 10, 11, 12, 13, 14, 15, 16, 17, 18, 19, 20, 21, 22, 23, 24, 25, 26, 27, 28, 29, 30]","[16, 32, 64, 128]","[5, 10, 15, 20]","[2, 3, 5, 7]","[2, 4, 8]",random,minimize,local
ge72s3y5,353,2600,1779272934444,,/home/meliani/nni-experiments/ge72s3y5,91,exp_random_100_ali_only_ali_only,hpo,/home/meliani/Desktop/phd/fast-track/search_space.json,python3 trial.py --data ./ali_only.csv,/home/meliani/Desktop/phd/fast-track,1,360000s,100,False,False,info,/home/meliani/nni-experiments,"['LSTM', 'GRU', 'CNN', 'RNN', 'TCN', 'Transformer', 'MLP']","[16, 32, 64, 128, 256]","[1, 2, 3, 4]","[0, 0.1, 0.2, 0.3, 0.5]","['relu', 'tanh', 'sigmoid', 'elu']","[1e-05, 0.01]","[2, 3, 4, 5, 6, 7, 8, 9, 10, 11, 12, 13, 14, 15, 16, 17, 18, 19, 20, 21, 22, 23, 24, 25, 26, 27, 28, 29, 30]","[16, 32, 64, 128]","[5, 10, 15, 20]","[2, 3, 5, 7]","[2, 4, 8]",random,minimize,local
ge72s3y5,354,2607,1779272934444,,/home/meliani/nni-experiments/ge72s3y5,92,exp_random_100_ali_only_ali_only,hpo,/home/meliani/Desktop/phd/fast-track/search_space.json,python3 trial.py --data ./ali_only.csv,/home/meliani/Desktop/phd/fast-track,1,360000s,100,False,False,info,/home/meliani/nni-experiments,"['LSTM', 'GRU', 'CNN', 'RNN', 'TCN', 'Transformer', 'MLP']","[16, 32, 64, 128, 256]","[1, 2, 3, 4]","[0, 0.1, 0.2, 0.3, 0.5]","['relu', 'tanh', 'sigmoid', 'elu']","[1e-05, 0.01]","[2, 3, 4, 5, 6, 7, 8, 9, 10, 11, 12, 13, 14, 15, 16, 17, 18, 19, 20, 21, 22, 23, 24, 25, 26, 27, 28, 29, 30]","[16, 32, 64, 128]","[5, 10, 15, 20]","[2, 3, 5, 7]","[2, 4, 8]",random,minimize,local
ge72s3y5,355,2610,1779272934444,,/home/meliani/nni-experiments/ge72s3y5,92,exp_random_100_ali_only_ali_only,hpo,/home/meliani/Desktop/phd/fast-track/search_space.json,python3 trial.py --data ./ali_only.csv,/home/meliani/Desktop/phd/fast-track,1,360000s,100,False,False,info,/home/meliani/nni-experiments,"['LSTM', 'GRU', 'CNN', 'RNN', 'TCN', 'Transformer', 'MLP']","[16, 32, 64, 128, 256]","[1, 2, 3, 4]","[0, 0.1, 0.2, 0.3, 0.5]","['relu', 'tanh', 'sigmoid', 'elu']","[1e-05, 0.01]","[2, 3, 4, 5, 6, 7, 8, 9, 10, 11, 12, 13, 14, 15, 16, 17, 18, 19, 20, 21, 22, 23, 24, 25, 26, 27, 28, 29, 30]","[16, 32, 64, 128]","[5, 10, 15, 20]","[2, 3, 5, 7]","[2, 4, 8]",random,minimize,local
ge72s3y5,356,2616,1779272934444,,/home/meliani/nni-experiments/ge72s3y5,93,exp_random_100_ali_only_ali_only,hpo,/home/meliani/Desktop/phd/fast-track/search_space.json,python3 trial.py --data ./ali_only.csv,/home/meliani/Desktop/phd/fast-track,1,360000s,100,False,False,info,/home/meliani/nni-experiments,"['LSTM', 'GRU', 'CNN', 'RNN', 'TCN', 'Transformer', 'MLP']","[16, 32, 64, 128, 256]","[1, 2, 3, 4]","[0, 0.1, 0.2, 0.3, 0.5]","['relu', 'tanh', 'sigmoid', 'elu']","[1e-05, 0.01]","[2, 3, 4, 5, 6, 7, 8, 9, 10, 11, 12, 13, 14, 15, 16, 17, 18, 19, 20, 21, 22, 23, 24, 25, 26, 27, 28, 29, 30]","[16, 32, 64, 128]","[5, 10, 15, 20]","[2, 3, 5, 7]","[2, 4, 8]",random,minimize,local
ge72s3y5,357,2620,1779272934444,,/home/meliani/nni-experiments/ge72s3y5,93,exp_random_100_ali_only_ali_only,hpo,/home/meliani/Desktop/phd/fast-track/search_space.json,python3 trial.py --data ./ali_only.csv,/home/meliani/Desktop/phd/fast-track,1,360000s,100,False,False,info,/home/meliani/nni-experiments,"['LSTM', 'GRU', 'CNN', 'RNN', 'TCN', 'Transformer', 'MLP']","[16, 32, 64, 128, 256]","[1, 2, 3, 4]","[0, 0.1, 0.2, 0.3, 0.5]","['relu', 'tanh', 'sigmoid', 'elu']","[1e-05, 0.01]","[2, 3, 4, 5, 6, 7, 8, 9, 10, 11, 12, 13, 14, 15, 16, 17, 18, 19, 20, 21, 22, 23, 24, 25, 26, 27, 28, 29, 30]","[16, 32, 64, 128]","[5, 10, 15, 20]","[2, 3, 5, 7]","[2, 4, 8]",random,minimize,local
ge72s3y5,358,2620,1779272934444,,/home/meliani/nni-experiments/ge72s3y5,94,exp_random_100_ali_only_ali_only,hpo,/home/meliani/Desktop/phd/fast-track/search_space.json,python3 trial.py --data ./ali_only.csv,/home/meliani/Desktop/phd/fast-track,1,360000s,100,False,False,info,/home/meliani/nni-experiments,"['LSTM', 'GRU', 'CNN', 'RNN', 'TCN', 'Transformer', 'MLP']","[16, 32, 64, 128, 256]","[1, 2, 3, 4]","[0, 0.1, 0.2, 0.3, 0.5]","['relu', 'tanh', 'sigmoid', 'elu']","[1e-05, 0.01]","[2, 3, 4, 5, 6, 7, 8, 9, 10, 11, 12, 13, 14, 15, 16, 17, 18, 19, 20, 21, 22, 23, 24, 25, 26, 27, 28, 29, 30]","[16, 32, 64, 128]","[5, 10, 15, 20]","[2, 3, 5, 7]","[2, 4, 8]",random,minimize,local
ge72s3y5,359,2627,1779272934444,,/home/meliani/nni-experiments/ge72s3y5,95,exp_random_100_ali_only_ali_only,hpo,/home/meliani/Desktop/phd/fast-track/search_space.json,python3 trial.py --data ./ali_only.csv,/home/meliani/Desktop/phd/fast-track,1,360000s,100,False,False,info,/home/meliani/nni-experiments,"['LSTM', 'GRU', 'CNN', 'RNN', 'TCN', 'Transformer', 'MLP']","[16, 32, 64, 128, 256]","[1, 2, 3, 4]","[0, 0.1, 0.2, 0.3, 0.5]","['relu', 'tanh', 'sigmoid', 'elu']","[1e-05, 0.01]","[2, 3, 4, 5, 6, 7, 8, 9, 10, 11, 12, 13, 14, 15, 16, 17, 18, 19, 20, 21, 22, 23, 24, 25, 26, 27, 28, 29, 30]","[16, 32, 64, 128]","[5, 10, 15, 20]","[2, 3, 5, 7]","[2, 4, 8]",random,minimize,local
ge72s3y5,360,2630,1779272934444,,/home/meliani/nni-experiments/ge72s3y5,95,exp_random_100_ali_only_ali_only,hpo,/home/meliani/Desktop/phd/fast-track/search_space.json,python3 trial.py --data ./ali_only.csv,/home/meliani/Desktop/phd/fast-track,1,360000s,100,False,False,info,/home/meliani/nni-experiments,"['LSTM', 'GRU', 'CNN', 'RNN', 'TCN', 'Transformer', 'MLP']","[16, 32, 64, 128, 256]","[1, 2, 3, 4]","[0, 0.1, 0.2, 0.3, 0.5]","['relu', 'tanh', 'sigmoid', 'elu']","[1e-05, 0.01]","[2, 3, 4, 5, 6, 7, 8, 9, 10, 11, 12, 13, 14, 15, 16, 17, 18, 19, 20, 21, 22, 23, 24, 25, 26, 27, 28, 29, 30]","[16, 32, 64, 128]","[5, 10, 15, 20]","[2, 3, 5, 7]","[2, 4, 8]",random,minimize,local
ge72s3y5,361,2640,1779272934444,,/home/meliani/nni-experiments/ge72s3y5,95,exp_random_100_ali_only_ali_only,hpo,/home/meliani/Desktop/phd/fast-track/search_space.json,python3 trial.py --data ./ali_only.csv,/home/meliani/Desktop/phd/fast-track,1,360000s,100,False,False,info,/home/meliani/nni-experiments,"['LSTM', 'GRU', 'CNN', 'RNN', 'TCN', 'Transformer', 'MLP']","[16, 32, 64, 128, 256]","[1, 2, 3, 4]","[0, 0.1, 0.2, 0.3, 0.5]","['relu', 'tanh', 'sigmoid', 'elu']","[1e-05, 0.01]","[2, 3, 4, 5, 6, 7, 8, 9, 10, 11, 12, 13, 14, 15, 16, 17, 18, 19, 20, 21, 22, 23, 24, 25, 26, 27, 28, 29, 30]","[16, 32, 64, 128]","[5, 10, 15, 20]","[2, 3, 5, 7]","[2, 4, 8]",random,minimize,local
ge72s3y5,362,2642,1779272934444,,/home/meliani/nni-experiments/ge72s3y5,96,exp_random_100_ali_only_ali_only,hpo,/home/meliani/Desktop/phd/fast-track/search_space.json,python3 trial.py --data ./ali_only.csv,/home/meliani/Desktop/phd/fast-track,1,360000s,100,False,False,info,/home/meliani/nni-experiments,"['LSTM', 'GRU', 'CNN', 'RNN', 'TCN', 'Transformer', 'MLP']","[16, 32, 64, 128, 256]","[1, 2, 3, 4]","[0, 0.1, 0.2, 0.3, 0.5]","['relu', 'tanh', 'sigmoid', 'elu']","[1e-05, 0.01]","[2, 3, 4, 5, 6, 7, 8, 9, 10, 11, 12, 13, 14, 15, 16, 17, 18, 19, 20, 21, 22, 23, 24, 25, 26, 27, 28, 29, 30]","[16, 32, 64, 128]","[5, 10, 15, 20]","[2, 3, 5, 7]","[2, 4, 8]",random,minimize,local
ge72s3y5,363,2650,1779272934444,,/home/meliani/nni-experiments/ge72s3y5,96,exp_random_100_ali_only_ali_only,hpo,/home/meliani/Desktop/phd/fast-track/search_space.json,python3 trial.py --data ./ali_only.csv,/home/meliani/Desktop/phd/fast-track,1,360000s,100,False,False,info,/home/meliani/nni-experiments,"['LSTM', 'GRU', 'CNN', 'RNN', 'TCN', 'Transformer', 'MLP']","[16, 32, 64, 128, 256]","[1, 2, 3, 4]","[0, 0.1, 0.2, 0.3, 0.5]","['relu', 'tanh', 'sigmoid', 'elu']","[1e-05, 0.01]","[2, 3, 4, 5, 6, 7, 8, 9, 10, 11, 12, 13, 14, 15, 16, 17, 18, 19, 20, 21, 22, 23, 24, 25, 26, 27, 28, 29, 30]","[16, 32, 64, 128]","[5, 10, 15, 20]","[2, 3, 5, 7]","[2, 4, 8]",random,minimize,local
ge72s3y5,364,2660,1779272934444,,/home/meliani/nni-experiments/ge72s3y5,96,exp_random_100_ali_only_ali_only,hpo,/home/meliani/Desktop/phd/fast-track/search_space.json,python3 trial.py --data ./ali_only.csv,/home/meliani/Desktop/phd/fast-track,1,360000s,100,False,False,info,/home/meliani/nni-experiments,"['LSTM', 'GRU', 'CNN', 'RNN', 'TCN', 'Transformer', 'MLP']","[16, 32, 64, 128, 256]","[1, 2, 3, 4]","[0, 0.1, 0.2, 0.3, 0.5]","['relu', 'tanh', 'sigmoid', 'elu']","[1e-05, 0.01]","[2, 3, 4, 5, 6, 7, 8, 9, 10, 11, 12, 13, 14, 15, 16, 17, 18, 19, 20, 21, 22, 23, 24, 25, 26, 27, 28, 29, 30]","[16, 32, 64, 128]","[5, 10, 15, 20]","[2, 3, 5, 7]","[2, 4, 8]",random,minimize,local
ge72s3y5,365,2670,1779272934444,,/home/meliani/nni-experiments/ge72s3y5,96,exp_random_100_ali_only_ali_only,hpo,/home/meliani/Desktop/phd/fast-track/search_space.json,python3 trial.py --data ./ali_only.csv,/home/meliani/Desktop/phd/fast-track,1,360000s,100,False,False,info,/home/meliani/nni-experiments,"['LSTM', 'GRU', 'CNN', 'RNN', 'TCN', 'Transformer', 'MLP']","[16, 32, 64, 128, 256]","[1, 2, 3, 4]","[0, 0.1, 0.2, 0.3, 0.5]","['relu', 'tanh', 'sigmoid', 'elu']","[1e-05, 0.01]","[2, 3, 4, 5, 6, 7, 8, 9, 10, 11, 12, 13, 14, 15, 16, 17, 18, 19, 20, 21, 22, 23, 24, 25, 26, 27, 28, 29, 30]","[16, 32, 64, 128]","[5, 10, 15, 20]","[2, 3, 5, 7]","[2, 4, 8]",random,minimize,local
ge72s3y5,366,2680,1779272934444,,/home/meliani/nni-experiments/ge72s3y5,96,exp_random_100_ali_only_ali_only,hpo,/home/meliani/Desktop/phd/fast-track/search_space.json,python3 trial.py --data ./ali_only.csv,/home/meliani/Desktop/phd/fast-track,1,360000s,100,False,False,info,/home/meliani/nni-experiments,"['LSTM', 'GRU', 'CNN', 'RNN', 'TCN', 'Transformer', 'MLP']","[16, 32, 64, 128, 256]","[1, 2, 3, 4]","[0, 0.1, 0.2, 0.3, 0.5]","['relu', 'tanh', 'sigmoid', 'elu']","[1e-05, 0.01]","[2, 3, 4, 5, 6, 7, 8, 9, 10, 11, 12, 13, 14, 15, 16, 17, 18, 19, 20, 21, 22, 23, 24, 25, 26, 27, 28, 29, 30]","[16, 32, 64, 128]","[5, 10, 15, 20]","[2, 3, 5, 7]","[2, 4, 8]",random,minimize,local
ge72s3y5,367,2690,1779272934444,,/home/meliani/nni-experiments/ge72s3y5,96,exp_random_100_ali_only_ali_only,hpo,/home/meliani/Desktop/phd/fast-track/search_space.json,python3 trial.py --data ./ali_only.csv,/home/meliani/Desktop/phd/fast-track,1,360000s,100,False,False,info,/home/meliani/nni-experiments,"['LSTM', 'GRU', 'CNN', 'RNN', 'TCN', 'Transformer', 'MLP']","[16, 32, 64, 128, 256]","[1, 2, 3, 4]","[0, 0.1, 0.2, 0.3, 0.5]","['relu', 'tanh', 'sigmoid', 'elu']","[1e-05, 0.01]","[2, 3, 4, 5, 6, 7, 8, 9, 10, 11, 12, 13, 14, 15, 16, 17, 18, 19, 20, 21, 22, 23, 24, 25, 26, 27, 28, 29, 30]","[16, 32, 64, 128]","[5, 10, 15, 20]","[2, 3, 5, 7]","[2, 4, 8]",random,minimize,local
ge72s3y5,368,2700,1779272934444,,/home/meliani/nni-experiments/ge72s3y5,96,exp_random_100_ali_only_ali_only,hpo,/home/meliani/Desktop/phd/fast-track/search_space.json,python3 trial.py --data ./ali_only.csv,/home/meliani/Desktop/phd/fast-track,1,360000s,100,False,False,info,/home/meliani/nni-experiments,"['LSTM', 'GRU', 'CNN', 'RNN', 'TCN', 'Transformer', 'MLP']","[16, 32, 64, 128, 256]","[1, 2, 3, 4]","[0, 0.1, 0.2, 0.3, 0.5]","['relu', 'tanh', 'sigmoid', 'elu']","[1e-05, 0.01]","[2, 3, 4, 5, 6, 7, 8, 9, 10, 11, 12, 13, 14, 15, 16, 17, 18, 19, 20, 21, 22, 23, 24, 25, 26, 27, 28, 29, 30]","[16, 32, 64, 128]","[5, 10, 15, 20]","[2, 3, 5, 7]","[2, 4, 8]",random,minimize,local
ge72s3y5,369,2710,1779272934444,,/home/meliani/nni-experiments/ge72s3y5,96,exp_random_100_ali_only_ali_only,hpo,/home/meliani/Desktop/phd/fast-track/search_space.json,python3 trial.py --data ./ali_only.csv,/home/meliani/Desktop/phd/fast-track,1,360000s,100,False,False,info,/home/meliani/nni-experiments,"['LSTM', 'GRU', 'CNN', 'RNN', 'TCN', 'Transformer', 'MLP']","[16, 32, 64, 128, 256]","[1, 2, 3, 4]","[0, 0.1, 0.2, 0.3, 0.5]","['relu', 'tanh', 'sigmoid', 'elu']","[1e-05, 0.01]","[2, 3, 4, 5, 6, 7, 8, 9, 10, 11, 12, 13, 14, 15, 16, 17, 18, 19, 20, 21, 22, 23, 24, 25, 26, 27, 28, 29, 30]","[16, 32, 64, 128]","[5, 10, 15, 20]","[2, 3, 5, 7]","[2, 4, 8]",random,minimize,local
ge72s3y5,370,2720,1779272934444,,/home/meliani/nni-experiments/ge72s3y5,96,exp_random_100_ali_only_ali_only,hpo,/home/meliani/Desktop/phd/fast-track/search_space.json,python3 trial.py --data ./ali_only.csv,/home/meliani/Desktop/phd/fast-track,1,360000s,100,False,False,info,/home/meliani/nni-experiments,"['LSTM', 'GRU', 'CNN', 'RNN', 'TCN', 'Transformer', 'MLP']","[16, 32, 64, 128, 256]","[1, 2, 3, 4]","[0, 0.1, 0.2, 0.3, 0.5]","['relu', 'tanh', 'sigmoid', 'elu']","[1e-05, 0.01]","[2, 3, 4, 5, 6, 7, 8, 9, 10, 11, 12, 13, 14, 15, 16, 17, 18, 19, 20, 21, 22, 23, 24, 25, 26, 27, 28, 29, 30]","[16, 32, 64, 128]","[5, 10, 15, 20]","[2, 3, 5, 7]","[2, 4, 8]",random,minimize,local
ge72s3y5,371,2730,1779272934444,,/home/meliani/nni-experiments/ge72s3y5,96,exp_random_100_ali_only_ali_only,hpo,/home/meliani/Desktop/phd/fast-track/search_space.json,python3 trial.py --data ./ali_only.csv,/home/meliani/Desktop/phd/fast-track,1,360000s,100,False,False,info,/home/meliani/nni-experiments,"['LSTM', 'GRU', 'CNN', 'RNN', 'TCN', 'Transformer', 'MLP']","[16, 32, 64, 128, 256]","[1, 2, 3, 4]","[0, 0.1, 0.2, 0.3, 0.5]","['relu', 'tanh', 'sigmoid', 'elu']","[1e-05, 0.01]","[2, 3, 4, 5, 6, 7, 8, 9, 10, 11, 12, 13, 14, 15, 16, 17, 18, 19, 20, 21, 22, 23, 24, 25, 26, 27, 28, 29, 30]","[16, 32, 64, 128]","[5, 10, 15, 20]","[2, 3, 5, 7]","[2, 4, 8]",random,minimize,local
ge72s3y5,372,2740,1779272934444,,/home/meliani/nni-experiments/ge72s3y5,96,exp_random_100_ali_only_ali_only,hpo,/home/meliani/Desktop/phd/fast-track/search_space.json,python3 trial.py --data ./ali_only.csv,/home/meliani/Desktop/phd/fast-track,1,360000s,100,False,False,info,/home/meliani/nni-experiments,"['LSTM', 'GRU', 'CNN', 'RNN', 'TCN', 'Transformer', 'MLP']","[16, 32, 64, 128, 256]","[1, 2, 3, 4]","[0, 0.1, 0.2, 0.3, 0.5]","['relu', 'tanh', 'sigmoid', 'elu']","[1e-05, 0.01]","[2, 3, 4, 5, 6, 7, 8, 9, 10, 11, 12, 13, 14, 15, 16, 17, 18, 19, 20, 21, 22, 23, 24, 25, 26, 27, 28, 29, 30]","[16, 32, 64, 128]","[5, 10, 15, 20]","[2, 3, 5, 7]","[2, 4, 8]",random,minimize,local
ge72s3y5,373,2750,1779272934444,,/home/meliani/nni-experiments/ge72s3y5,96,exp_random_100_ali_only_ali_only,hpo,/home/meliani/Desktop/phd/fast-track/search_space.json,python3 trial.py --data ./ali_only.csv,/home/meliani/Desktop/phd/fast-track,1,360000s,100,False,False,info,/home/meliani/nni-experiments,"['LSTM', 'GRU', 'CNN', 'RNN', 'TCN', 'Transformer', 'MLP']","[16, 32, 64, 128, 256]","[1, 2, 3, 4]","[0, 0.1, 0.2, 0.3, 0.5]","['relu', 'tanh', 'sigmoid', 'elu']","[1e-05, 0.01]","[2, 3, 4, 5, 6, 7, 8, 9, 10, 11, 12, 13, 14, 15, 16, 17, 18, 19, 20, 21, 22, 23, 24, 25, 26, 27, 28, 29, 30]","[16, 32, 64, 128]","[5, 10, 15, 20]","[2, 3, 5, 7]","[2, 4, 8]",random,minimize,local
ge72s3y5,374,2760,1779272934444,,/home/meliani/nni-experiments/ge72s3y5,96,exp_random_100_ali_only_ali_only,hpo,/home/meliani/Desktop/phd/fast-track/search_space.json,python3 trial.py --data ./ali_only.csv,/home/meliani/Desktop/phd/fast-track,1,360000s,100,False,False,info,/home/meliani/nni-experiments,"['LSTM', 'GRU', 'CNN', 'RNN', 'TCN', 'Transformer', 'MLP']","[16, 32, 64, 128, 256]","[1, 2, 3, 4]","[0, 0.1, 0.2, 0.3, 0.5]","['relu', 'tanh', 'sigmoid', 'elu']","[1e-05, 0.01]","[2, 3, 4, 5, 6, 7, 8, 9, 10, 11, 12, 13, 14, 15, 16, 17, 18, 19, 20, 21, 22, 23, 24, 25, 26, 27, 28, 29, 30]","[16, 32, 64, 128]","[5, 10, 15, 20]","[2, 3, 5, 7]","[2, 4, 8]",random,minimize,local
ge72s3y5,375,2770,1779272934444,,/home/meliani/nni-experiments/ge72s3y5,96,exp_random_100_ali_only_ali_only,hpo,/home/meliani/Desktop/phd/fast-track/search_space.json,python3 trial.py --data ./ali_only.csv,/home/meliani/Desktop/phd/fast-track,1,360000s,100,False,False,info,/home/meliani/nni-experiments,"['LSTM', 'GRU', 'CNN', 'RNN', 'TCN', 'Transformer', 'MLP']","[16, 32, 64, 128, 256]","[1, 2, 3, 4]","[0, 0.1, 0.2, 0.3, 0.5]","['relu', 'tanh', 'sigmoid', 'elu']","[1e-05, 0.01]","[2, 3, 4, 5, 6, 7, 8, 9, 10, 11, 12, 13, 14, 15, 16, 17, 18, 19, 20, 21, 22, 23, 24, 25, 26, 27, 28, 29, 30]","[16, 32, 64, 128]","[5, 10, 15, 20]","[2, 3, 5, 7]","[2, 4, 8]",random,minimize,local
ge72s3y5,376,2780,1779272934444,,/home/meliani/nni-experiments/ge72s3y5,96,exp_random_100_ali_only_ali_only,hpo,/home/meliani/Desktop/phd/fast-track/search_space.json,python3 trial.py --data ./ali_only.csv,/home/meliani/Desktop/phd/fast-track,1,360000s,100,False,False,info,/home/meliani/nni-experiments,"['LSTM', 'GRU', 'CNN', 'RNN', 'TCN', 'Transformer', 'MLP']","[16, 32, 64, 128, 256]","[1, 2, 3, 4]","[0, 0.1, 0.2, 0.3, 0.5]","['relu', 'tanh', 'sigmoid', 'elu']","[1e-05, 0.01]","[2, 3, 4, 5, 6, 7, 8, 9, 10, 11, 12, 13, 14, 15, 16, 17, 18, 19, 20, 21, 22, 23, 24, 25, 26, 27, 28, 29, 30]","[16, 32, 64, 128]","[5, 10, 15, 20]","[2, 3, 5, 7]","[2, 4, 8]",random,minimize,local
ge72s3y5,377,2790,1779272934444,,/home/meliani/nni-experiments/ge72s3y5,96,exp_random_100_ali_only_ali_only,hpo,/home/meliani/Desktop/phd/fast-track/search_space.json,python3 trial.py --data ./ali_only.csv,/home/meliani/Desktop/phd/fast-track,1,360000s,100,False,False,info,/home/meliani/nni-experiments,"['LSTM', 'GRU', 'CNN', 'RNN', 'TCN', 'Transformer', 'MLP']","[16, 32, 64, 128, 256]","[1, 2, 3, 4]","[0, 0.1, 0.2, 0.3, 0.5]","['relu', 'tanh', 'sigmoid', 'elu']","[1e-05, 0.01]","[2, 3, 4, 5, 6, 7, 8, 9, 10, 11, 12, 13, 14, 15, 16, 17, 18, 19, 20, 21, 22, 23, 24, 25, 26, 27, 28, 29, 30]","[16, 32, 64, 128]","[5, 10, 15, 20]","[2, 3, 5, 7]","[2, 4, 8]",random,minimize,local
ge72s3y5,378,2800,1779272934444,,/home/meliani/nni-experiments/ge72s3y5,97,exp_random_100_ali_only_ali_only,hpo,/home/meliani/Desktop/phd/fast-track/search_space.json,python3 trial.py --data ./ali_only.csv,/home/meliani/Desktop/phd/fast-track,1,360000s,100,False,False,info,/home/meliani/nni-experiments,"['LSTM', 'GRU', 'CNN', 'RNN', 'TCN', 'Transformer', 'MLP']","[16, 32, 64, 128, 256]","[1, 2, 3, 4]","[0, 0.1, 0.2, 0.3, 0.5]","['relu', 'tanh', 'sigmoid', 'elu']","[1e-05, 0.01]","[2, 3, 4, 5, 6, 7, 8, 9, 10, 11, 12, 13, 14, 15, 16, 17, 18, 19, 20, 21, 22, 23, 24, 25, 26, 27, 28, 29, 30]","[16, 32, 64, 128]","[5, 10, 15, 20]","[2, 3, 5, 7]","[2, 4, 8]",random,minimize,local
ge72s3y5,379,2800,1779272934444,,/home/meliani/nni-experiments/ge72s3y5,97,exp_random_100_ali_only_ali_only,hpo,/home/meliani/Desktop/phd/fast-track/search_space.json,python3 trial.py --data ./ali_only.csv,/home/meliani/Desktop/phd/fast-track,1,360000s,100,False,False,info,/home/meliani/nni-experiments,"['LSTM', 'GRU', 'CNN', 'RNN', 'TCN', 'Transformer', 'MLP']","[16, 32, 64, 128, 256]","[1, 2, 3, 4]","[0, 0.1, 0.2, 0.3, 0.5]","['relu', 'tanh', 'sigmoid', 'elu']","[1e-05, 0.01]","[2, 3, 4, 5, 6, 7, 8, 9, 10, 11, 12, 13, 14, 15, 16, 17, 18, 19, 20, 21, 22, 23, 24, 25, 26, 27, 28, 29, 30]","[16, 32, 64, 128]","[5, 10, 15, 20]","[2, 3, 5, 7]","[2, 4, 8]",random,minimize,local
ge72s3y5,380,2810,1779272934444,,/home/meliani/nni-experiments/ge72s3y5,97,exp_random_100_ali_only_ali_only,hpo,/home/meliani/Desktop/phd/fast-track/search_space.json,python3 trial.py --data ./ali_only.csv,/home/meliani/Desktop/phd/fast-track,1,360000s,100,False,False,info,/home/meliani/nni-experiments,"['LSTM', 'GRU', 'CNN', 'RNN', 'TCN', 'Transformer', 'MLP']","[16, 32, 64, 128, 256]","[1, 2, 3, 4]","[0, 0.1, 0.2, 0.3, 0.5]","['relu', 'tanh', 'sigmoid', 'elu']","[1e-05, 0.01]","[2, 3, 4, 5, 6, 7, 8, 9, 10, 11, 12, 13, 14, 15, 16, 17, 18, 19, 20, 21, 22, 23, 24, 25, 26, 27, 28, 29, 30]","[16, 32, 64, 128]","[5, 10, 15, 20]","[2, 3, 5, 7]","[2, 4, 8]",random,minimize,local
ge72s3y5,381,2820,1779272934444,,/home/meliani/nni-experiments/ge72s3y5,97,exp_random_100_ali_only_ali_only,hpo,/home/meliani/Desktop/phd/fast-track/search_space.json,python3 trial.py --data ./ali_only.csv,/home/meliani/Desktop/phd/fast-track,1,360000s,100,False,False,info,/home/meliani/nni-experiments,"['LSTM', 'GRU', 'CNN', 'RNN', 'TCN', 'Transformer', 'MLP']","[16, 32, 64, 128, 256]","[1, 2, 3, 4]","[0, 0.1, 0.2, 0.3, 0.5]","['relu', 'tanh', 'sigmoid', 'elu']","[1e-05, 0.01]","[2, 3, 4, 5, 6, 7, 8, 9, 10, 11, 12, 13, 14, 15, 16, 17, 18, 19, 20, 21, 22, 23, 24, 25, 26, 27, 28, 29, 30]","[16, 32, 64, 128]","[5, 10, 15, 20]","[2, 3, 5, 7]","[2, 4, 8]",random,minimize,local
ge72s3y5,382,2828,1779272934444,,/home/meliani/nni-experiments/ge72s3y5,98,exp_random_100_ali_only_ali_only,hpo,/home/meliani/Desktop/phd/fast-track/search_space.json,python3 trial.py --data ./ali_only.csv,/home/meliani/Desktop/phd/fast-track,1,360000s,100,False,False,info,/home/meliani/nni-experiments,"['LSTM', 'GRU', 'CNN', 'RNN', 'TCN', 'Transformer', 'MLP']","[16, 32, 64, 128, 256]","[1, 2, 3, 4]","[0, 0.1, 0.2, 0.3, 0.5]","['relu', 'tanh', 'sigmoid', 'elu']","[1e-05, 0.01]","[2, 3, 4, 5, 6, 7, 8, 9, 10, 11, 12, 13, 14, 15, 16, 17, 18, 19, 20, 21, 22, 23, 24, 25, 26, 27, 28, 29, 30]","[16, 32, 64, 128]","[5, 10, 15, 20]","[2, 3, 5, 7]","[2, 4, 8]",random,minimize,local
ge72s3y5,383,2830,1779272934444,,/home/meliani/nni-experiments/ge72s3y5,98,exp_random_100_ali_only_ali_only,hpo,/home/meliani/Desktop/phd/fast-track/search_space.json,python3 trial.py --data ./ali_only.csv,/home/meliani/Desktop/phd/fast-track,1,360000s,100,False,False,info,/home/meliani/nni-experiments,"['LSTM', 'GRU', 'CNN', 'RNN', 'TCN', 'Transformer', 'MLP']","[16, 32, 64, 128, 256]","[1, 2, 3, 4]","[0, 0.1, 0.2, 0.3, 0.5]","['relu', 'tanh', 'sigmoid', 'elu']","[1e-05, 0.01]","[2, 3, 4, 5, 6, 7, 8, 9, 10, 11, 12, 13, 14, 15, 16, 17, 18, 19, 20, 21, 22, 23, 24, 25, 26, 27, 28, 29, 30]","[16, 32, 64, 128]","[5, 10, 15, 20]","[2, 3, 5, 7]","[2, 4, 8]",random,minimize,local
ge72s3y5,384,2840,1779272934444,,/home/meliani/nni-experiments/ge72s3y5,98,exp_random_100_ali_only_ali_only,hpo,/home/meliani/Desktop/phd/fast-track/search_space.json,python3 trial.py --data ./ali_only.csv,/home/meliani/Desktop/phd/fast-track,1,360000s,100,False,False,info,/home/meliani/nni-experiments,"['LSTM', 'GRU', 'CNN', 'RNN', 'TCN', 'Transformer', 'MLP']","[16, 32, 64, 128, 256]","[1, 2, 3, 4]","[0, 0.1, 0.2, 0.3, 0.5]","['relu', 'tanh', 'sigmoid', 'elu']","[1e-05, 0.01]","[2, 3, 4, 5, 6, 7, 8, 9, 10, 11, 12, 13, 14, 15, 16, 17, 18, 19, 20, 21, 22, 23, 24, 25, 26, 27, 28, 29, 30]","[16, 32, 64, 128]","[5, 10, 15, 20]","[2, 3, 5, 7]","[2, 4, 8]",random,minimize,local
ge72s3y5,385,2850,1779272934444,,/home/meliani/nni-experiments/ge72s3y5,98,exp_random_100_ali_only_ali_only,hpo,/home/meliani/Desktop/phd/fast-track/search_space.json,python3 trial.py --data ./ali_only.csv,/home/meliani/Desktop/phd/fast-track,1,360000s,100,False,False,info,/home/meliani/nni-experiments,"['LSTM', 'GRU', 'CNN', 'RNN', 'TCN', 'Transformer', 'MLP']","[16, 32, 64, 128, 256]","[1, 2, 3, 4]","[0, 0.1, 0.2, 0.3, 0.5]","['relu', 'tanh', 'sigmoid', 'elu']","[1e-05, 0.01]","[2, 3, 4, 5, 6, 7, 8, 9, 10, 11, 12, 13, 14, 15, 16, 17, 18, 19, 20, 21, 22, 23, 24, 25, 26, 27, 28, 29, 30]","[16, 32, 64, 128]","[5, 10, 15, 20]","[2, 3, 5, 7]","[2, 4, 8]",random,minimize,local
ge72s3y5,386,2852,1779272934444,,/home/meliani/nni-experiments/ge72s3y5,99,exp_random_100_ali_only_ali_only,hpo,/home/meliani/Desktop/phd/fast-track/search_space.json,python3 trial.py --data ./ali_only.csv,/home/meliani/Desktop/phd/fast-track,1,360000s,100,False,False,info,/home/meliani/nni-experiments,"['LSTM', 'GRU', 'CNN', 'RNN', 'TCN', 'Transformer', 'MLP']","[16, 32, 64, 128, 256]","[1, 2, 3, 4]","[0, 0.1, 0.2, 0.3, 0.5]","['relu', 'tanh', 'sigmoid', 'elu']","[1e-05, 0.01]","[2, 3, 4, 5, 6, 7, 8, 9, 10, 11, 12, 13, 14, 15, 16, 17, 18, 19, 20, 21, 22, 23, 24, 25, 26, 27, 28, 29, 30]","[16, 32, 64, 128]","[5, 10, 15, 20]","[2, 3, 5, 7]","[2, 4, 8]",random,minimize,local
ge72s3y5,387,2860,1779272934444,,/home/meliani/nni-experiments/ge72s3y5,99,exp_random_100_ali_only_ali_only,hpo,/home/meliani/Desktop/phd/fast-track/search_space.json,python3 trial.py --data ./ali_only.csv,/home/meliani/Desktop/phd/fast-track,1,360000s,100,False,False,info,/home/meliani/nni-experiments,"['LSTM', 'GRU', 'CNN', 'RNN', 'TCN', 'Transformer', 'MLP']","[16, 32, 64, 128, 256]","[1, 2, 3, 4]","[0, 0.1, 0.2, 0.3, 0.5]","['relu', 'tanh', 'sigmoid', 'elu']","[1e-05, 0.01]","[2, 3, 4, 5, 6, 7, 8, 9, 10, 11, 12, 13, 14, 15, 16, 17, 18, 19, 20, 21, 22, 23, 24, 25, 26, 27, 28, 29, 30]","[16, 32, 64, 128]","[5, 10, 15, 20]","[2, 3, 5, 7]","[2, 4, 8]",random,minimize,local
ge72s3y5,388,2866,1779272934444,,/home/meliani/nni-experiments/ge72s3y5,100,exp_random_100_ali_only_ali_only,hpo,/home/meliani/Desktop/phd/fast-track/search_space.json,python3 trial.py --data ./ali_only.csv,/home/meliani/Desktop/phd/fast-track,1,360000s,100,False,False,info,/home/meliani/nni-experiments,"['LSTM', 'GRU', 'CNN', 'RNN', 'TCN', 'Transformer', 'MLP']","[16, 32, 64, 128, 256]","[1, 2, 3, 4]","[0, 0.1, 0.2, 0.3, 0.5]","['relu', 'tanh', 'sigmoid', 'elu']","[1e-05, 0.01]","[2, 3, 4, 5, 6, 7, 8, 9, 10, 11, 12, 13, 14, 15, 16, 17, 18, 19, 20, 21, 22, 23, 24, 25, 26, 27, 28, 29, 30]","[16, 32, 64, 128]","[5, 10, 15, 20]","[2, 3, 5, 7]","[2, 4, 8]",random,minimize,local
ge72s3y5,389,2870,1779272934444,,/home/meliani/nni-experiments/ge72s3y5,100,exp_random_100_ali_only_ali_only,hpo,/home/meliani/Desktop/phd/fast-track/search_space.json,python3 trial.py --data ./ali_only.csv,/home/meliani/Desktop/phd/fast-track,1,360000s,100,False,False,info,/home/meliani/nni-experiments,"['LSTM', 'GRU', 'CNN', 'RNN', 'TCN', 'Transformer', 'MLP']","[16, 32, 64, 128, 256]","[1, 2, 3, 4]","[0, 0.1, 0.2, 0.3, 0.5]","['relu', 'tanh', 'sigmoid', 'elu']","[1e-05, 0.01]","[2, 3, 4, 5, 6, 7, 8, 9, 10, 11, 12, 13, 14, 15, 16, 17, 18, 19, 20, 21, 22, 23, 24, 25, 26, 27, 28, 29, 30]","[16, 32, 64, 128]","[5, 10, 15, 20]","[2, 3, 5, 7]","[2, 4, 8]",random,minimize,local
ge72s3y5,390,2870,1779272934444,1779275811060,/home/meliani/nni-experiments/ge72s3y5,100,exp_random_100_ali_only_ali_only,hpo,/home/meliani/Desktop/phd/fast-track/search_space.json,python3 trial.py --data ./ali_only.csv,/home/meliani/Desktop/phd/fast-track,1,360000s,100,False,False,info,/home/meliani/nni-experiments,"['LSTM', 'GRU', 'CNN', 'RNN', 'TCN', 'Transformer', 'MLP']","[16, 32, 64, 128, 256]","[1, 2, 3, 4]","[0, 0.1, 0.2, 0.3, 0.5]","['relu', 'tanh', 'sigmoid', 'elu']","[1e-05, 0.01]","[2, 3, 4, 5, 6, 7, 8, 9, 10, 11, 12, 13, 14, 15, 16, 17, 18, 19, 20, 21, 22, 23, 24, 25, 26, 27, 28, 29, 30]","[16, 32, 64, 128]","[5, 10, 15, 20]","[2, 3, 5, 7]","[2, 4, 8]",random,minimize,local
