experiment_id,trial_id,status,start_time,end_time,working_directory,exit_code,experiment_name,experiment_type,search_space_file,trial_command,trial_code_directory,trial_concurrency,max_duration,max_trials,use_annotation,debug_mode,log_level,exp_working_dir,model_types,unit_values,layer_counts,dropout_rates,activations,learning_rate_range,window_sizes,batch_sizes,epoch_options,kernel_sizes,attention_heads,tuner_name,optimize_mode,training_platform
8n3f5rcs,1,0,1779114343976,,/home/meliani/nni-experiments/8n3f5rcs,0,exp_GridSearch_1500s_local_plus_tt_local_plus_tt,hpo,/home/meliani/Desktop/phd/fast-track/search_space.json,python3 trial.py --data ./local_plus_tt.csv,/home/meliani/Desktop/phd/fast-track,1,1500s,100000000,False,False,info,/home/meliani/nni-experiments,"['LSTM', 'GRU', 'CNN', 'RNN', 'TCN', 'Transformer', 'MLP']","[16, 32, 64, 128, 256]","[1, 2, 3, 4]","[0, 0.1, 0.2, 0.3, 0.5]","['relu', 'tanh', 'sigmoid', 'elu']","[1e-05, 0.01]","[2, 3, 4, 5, 6, 7, 8, 9, 10, 11, 12, 13, 14, 15, 16, 17, 18, 19, 20, 21, 22, 23, 24, 25, 26, 27, 28, 29, 30]","[16, 32, 64, 128]","[5, 10, 15, 20]","[2, 3, 5, 7]","[2, 4, 8]",GridSearch,minimize,local
8n3f5rcs,2,0,1779114343976,,/home/meliani/nni-experiments/8n3f5rcs,0,exp_GridSearch_1500s_local_plus_tt_local_plus_tt,hpo,/home/meliani/Desktop/phd/fast-track/search_space.json,python3 trial.py --data ./local_plus_tt.csv,/home/meliani/Desktop/phd/fast-track,1,1500s,100000000,False,False,info,/home/meliani/nni-experiments,"['LSTM', 'GRU', 'CNN', 'RNN', 'TCN', 'Transformer', 'MLP']","[16, 32, 64, 128, 256]","[1, 2, 3, 4]","[0, 0.1, 0.2, 0.3, 0.5]","['relu', 'tanh', 'sigmoid', 'elu']","[1e-05, 0.01]","[2, 3, 4, 5, 6, 7, 8, 9, 10, 11, 12, 13, 14, 15, 16, 17, 18, 19, 20, 21, 22, 23, 24, 25, 26, 27, 28, 29, 30]","[16, 32, 64, 128]","[5, 10, 15, 20]","[2, 3, 5, 7]","[2, 4, 8]",GridSearch,minimize,local
8n3f5rcs,3,0,1779114343976,,/home/meliani/nni-experiments/8n3f5rcs,1,exp_GridSearch_1500s_local_plus_tt_local_plus_tt,hpo,/home/meliani/Desktop/phd/fast-track/search_space.json,python3 trial.py --data ./local_plus_tt.csv,/home/meliani/Desktop/phd/fast-track,1,1500s,100000000,False,False,info,/home/meliani/nni-experiments,"['LSTM', 'GRU', 'CNN', 'RNN', 'TCN', 'Transformer', 'MLP']","[16, 32, 64, 128, 256]","[1, 2, 3, 4]","[0, 0.1, 0.2, 0.3, 0.5]","['relu', 'tanh', 'sigmoid', 'elu']","[1e-05, 0.01]","[2, 3, 4, 5, 6, 7, 8, 9, 10, 11, 12, 13, 14, 15, 16, 17, 18, 19, 20, 21, 22, 23, 24, 25, 26, 27, 28, 29, 30]","[16, 32, 64, 128]","[5, 10, 15, 20]","[2, 3, 5, 7]","[2, 4, 8]",GridSearch,minimize,local
8n3f5rcs,4,9,1779114343976,,/home/meliani/nni-experiments/8n3f5rcs,2,exp_GridSearch_1500s_local_plus_tt_local_plus_tt,hpo,/home/meliani/Desktop/phd/fast-track/search_space.json,python3 trial.py --data ./local_plus_tt.csv,/home/meliani/Desktop/phd/fast-track,1,1500s,100000000,False,False,info,/home/meliani/nni-experiments,"['LSTM', 'GRU', 'CNN', 'RNN', 'TCN', 'Transformer', 'MLP']","[16, 32, 64, 128, 256]","[1, 2, 3, 4]","[0, 0.1, 0.2, 0.3, 0.5]","['relu', 'tanh', 'sigmoid', 'elu']","[1e-05, 0.01]","[2, 3, 4, 5, 6, 7, 8, 9, 10, 11, 12, 13, 14, 15, 16, 17, 18, 19, 20, 21, 22, 23, 24, 25, 26, 27, 28, 29, 30]","[16, 32, 64, 128]","[5, 10, 15, 20]","[2, 3, 5, 7]","[2, 4, 8]",GridSearch,minimize,local
8n3f5rcs,5,10,1779114343976,,/home/meliani/nni-experiments/8n3f5rcs,2,exp_GridSearch_1500s_local_plus_tt_local_plus_tt,hpo,/home/meliani/Desktop/phd/fast-track/search_space.json,python3 trial.py --data ./local_plus_tt.csv,/home/meliani/Desktop/phd/fast-track,1,1500s,100000000,False,False,info,/home/meliani/nni-experiments,"['LSTM', 'GRU', 'CNN', 'RNN', 'TCN', 'Transformer', 'MLP']","[16, 32, 64, 128, 256]","[1, 2, 3, 4]","[0, 0.1, 0.2, 0.3, 0.5]","['relu', 'tanh', 'sigmoid', 'elu']","[1e-05, 0.01]","[2, 3, 4, 5, 6, 7, 8, 9, 10, 11, 12, 13, 14, 15, 16, 17, 18, 19, 20, 21, 22, 23, 24, 25, 26, 27, 28, 29, 30]","[16, 32, 64, 128]","[5, 10, 15, 20]","[2, 3, 5, 7]","[2, 4, 8]",GridSearch,minimize,local
8n3f5rcs,6,17,1779114343976,,/home/meliani/nni-experiments/8n3f5rcs,3,exp_GridSearch_1500s_local_plus_tt_local_plus_tt,hpo,/home/meliani/Desktop/phd/fast-track/search_space.json,python3 trial.py --data ./local_plus_tt.csv,/home/meliani/Desktop/phd/fast-track,1,1500s,100000000,False,False,info,/home/meliani/nni-experiments,"['LSTM', 'GRU', 'CNN', 'RNN', 'TCN', 'Transformer', 'MLP']","[16, 32, 64, 128, 256]","[1, 2, 3, 4]","[0, 0.1, 0.2, 0.3, 0.5]","['relu', 'tanh', 'sigmoid', 'elu']","[1e-05, 0.01]","[2, 3, 4, 5, 6, 7, 8, 9, 10, 11, 12, 13, 14, 15, 16, 17, 18, 19, 20, 21, 22, 23, 24, 25, 26, 27, 28, 29, 30]","[16, 32, 64, 128]","[5, 10, 15, 20]","[2, 3, 5, 7]","[2, 4, 8]",GridSearch,minimize,local
8n3f5rcs,7,20,1779114343976,,/home/meliani/nni-experiments/8n3f5rcs,3,exp_GridSearch_1500s_local_plus_tt_local_plus_tt,hpo,/home/meliani/Desktop/phd/fast-track/search_space.json,python3 trial.py --data ./local_plus_tt.csv,/home/meliani/Desktop/phd/fast-track,1,1500s,100000000,False,False,info,/home/meliani/nni-experiments,"['LSTM', 'GRU', 'CNN', 'RNN', 'TCN', 'Transformer', 'MLP']","[16, 32, 64, 128, 256]","[1, 2, 3, 4]","[0, 0.1, 0.2, 0.3, 0.5]","['relu', 'tanh', 'sigmoid', 'elu']","[1e-05, 0.01]","[2, 3, 4, 5, 6, 7, 8, 9, 10, 11, 12, 13, 14, 15, 16, 17, 18, 19, 20, 21, 22, 23, 24, 25, 26, 27, 28, 29, 30]","[16, 32, 64, 128]","[5, 10, 15, 20]","[2, 3, 5, 7]","[2, 4, 8]",GridSearch,minimize,local
8n3f5rcs,8,26,1779114343976,,/home/meliani/nni-experiments/8n3f5rcs,4,exp_GridSearch_1500s_local_plus_tt_local_plus_tt,hpo,/home/meliani/Desktop/phd/fast-track/search_space.json,python3 trial.py --data ./local_plus_tt.csv,/home/meliani/Desktop/phd/fast-track,1,1500s,100000000,False,False,info,/home/meliani/nni-experiments,"['LSTM', 'GRU', 'CNN', 'RNN', 'TCN', 'Transformer', 'MLP']","[16, 32, 64, 128, 256]","[1, 2, 3, 4]","[0, 0.1, 0.2, 0.3, 0.5]","['relu', 'tanh', 'sigmoid', 'elu']","[1e-05, 0.01]","[2, 3, 4, 5, 6, 7, 8, 9, 10, 11, 12, 13, 14, 15, 16, 17, 18, 19, 20, 21, 22, 23, 24, 25, 26, 27, 28, 29, 30]","[16, 32, 64, 128]","[5, 10, 15, 20]","[2, 3, 5, 7]","[2, 4, 8]",GridSearch,minimize,local
8n3f5rcs,9,30,1779114343976,,/home/meliani/nni-experiments/8n3f5rcs,4,exp_GridSearch_1500s_local_plus_tt_local_plus_tt,hpo,/home/meliani/Desktop/phd/fast-track/search_space.json,python3 trial.py --data ./local_plus_tt.csv,/home/meliani/Desktop/phd/fast-track,1,1500s,100000000,False,False,info,/home/meliani/nni-experiments,"['LSTM', 'GRU', 'CNN', 'RNN', 'TCN', 'Transformer', 'MLP']","[16, 32, 64, 128, 256]","[1, 2, 3, 4]","[0, 0.1, 0.2, 0.3, 0.5]","['relu', 'tanh', 'sigmoid', 'elu']","[1e-05, 0.01]","[2, 3, 4, 5, 6, 7, 8, 9, 10, 11, 12, 13, 14, 15, 16, 17, 18, 19, 20, 21, 22, 23, 24, 25, 26, 27, 28, 29, 30]","[16, 32, 64, 128]","[5, 10, 15, 20]","[2, 3, 5, 7]","[2, 4, 8]",GridSearch,minimize,local
8n3f5rcs,10,34,1779114343976,,/home/meliani/nni-experiments/8n3f5rcs,5,exp_GridSearch_1500s_local_plus_tt_local_plus_tt,hpo,/home/meliani/Desktop/phd/fast-track/search_space.json,python3 trial.py --data ./local_plus_tt.csv,/home/meliani/Desktop/phd/fast-track,1,1500s,100000000,False,False,info,/home/meliani/nni-experiments,"['LSTM', 'GRU', 'CNN', 'RNN', 'TCN', 'Transformer', 'MLP']","[16, 32, 64, 128, 256]","[1, 2, 3, 4]","[0, 0.1, 0.2, 0.3, 0.5]","['relu', 'tanh', 'sigmoid', 'elu']","[1e-05, 0.01]","[2, 3, 4, 5, 6, 7, 8, 9, 10, 11, 12, 13, 14, 15, 16, 17, 18, 19, 20, 21, 22, 23, 24, 25, 26, 27, 28, 29, 30]","[16, 32, 64, 128]","[5, 10, 15, 20]","[2, 3, 5, 7]","[2, 4, 8]",GridSearch,minimize,local
8n3f5rcs,11,40,1779114343976,,/home/meliani/nni-experiments/8n3f5rcs,5,exp_GridSearch_1500s_local_plus_tt_local_plus_tt,hpo,/home/meliani/Desktop/phd/fast-track/search_space.json,python3 trial.py --data ./local_plus_tt.csv,/home/meliani/Desktop/phd/fast-track,1,1500s,100000000,False,False,info,/home/meliani/nni-experiments,"['LSTM', 'GRU', 'CNN', 'RNN', 'TCN', 'Transformer', 'MLP']","[16, 32, 64, 128, 256]","[1, 2, 3, 4]","[0, 0.1, 0.2, 0.3, 0.5]","['relu', 'tanh', 'sigmoid', 'elu']","[1e-05, 0.01]","[2, 3, 4, 5, 6, 7, 8, 9, 10, 11, 12, 13, 14, 15, 16, 17, 18, 19, 20, 21, 22, 23, 24, 25, 26, 27, 28, 29, 30]","[16, 32, 64, 128]","[5, 10, 15, 20]","[2, 3, 5, 7]","[2, 4, 8]",GridSearch,minimize,local
8n3f5rcs,12,42,1779114343976,,/home/meliani/nni-experiments/8n3f5rcs,6,exp_GridSearch_1500s_local_plus_tt_local_plus_tt,hpo,/home/meliani/Desktop/phd/fast-track/search_space.json,python3 trial.py --data ./local_plus_tt.csv,/home/meliani/Desktop/phd/fast-track,1,1500s,100000000,False,False,info,/home/meliani/nni-experiments,"['LSTM', 'GRU', 'CNN', 'RNN', 'TCN', 'Transformer', 'MLP']","[16, 32, 64, 128, 256]","[1, 2, 3, 4]","[0, 0.1, 0.2, 0.3, 0.5]","['relu', 'tanh', 'sigmoid', 'elu']","[1e-05, 0.01]","[2, 3, 4, 5, 6, 7, 8, 9, 10, 11, 12, 13, 14, 15, 16, 17, 18, 19, 20, 21, 22, 23, 24, 25, 26, 27, 28, 29, 30]","[16, 32, 64, 128]","[5, 10, 15, 20]","[2, 3, 5, 7]","[2, 4, 8]",GridSearch,minimize,local
8n3f5rcs,13,50,1779114343976,,/home/meliani/nni-experiments/8n3f5rcs,6,exp_GridSearch_1500s_local_plus_tt_local_plus_tt,hpo,/home/meliani/Desktop/phd/fast-track/search_space.json,python3 trial.py --data ./local_plus_tt.csv,/home/meliani/Desktop/phd/fast-track,1,1500s,100000000,False,False,info,/home/meliani/nni-experiments,"['LSTM', 'GRU', 'CNN', 'RNN', 'TCN', 'Transformer', 'MLP']","[16, 32, 64, 128, 256]","[1, 2, 3, 4]","[0, 0.1, 0.2, 0.3, 0.5]","['relu', 'tanh', 'sigmoid', 'elu']","[1e-05, 0.01]","[2, 3, 4, 5, 6, 7, 8, 9, 10, 11, 12, 13, 14, 15, 16, 17, 18, 19, 20, 21, 22, 23, 24, 25, 26, 27, 28, 29, 30]","[16, 32, 64, 128]","[5, 10, 15, 20]","[2, 3, 5, 7]","[2, 4, 8]",GridSearch,minimize,local
8n3f5rcs,14,51,1779114343976,,/home/meliani/nni-experiments/8n3f5rcs,7,exp_GridSearch_1500s_local_plus_tt_local_plus_tt,hpo,/home/meliani/Desktop/phd/fast-track/search_space.json,python3 trial.py --data ./local_plus_tt.csv,/home/meliani/Desktop/phd/fast-track,1,1500s,100000000,False,False,info,/home/meliani/nni-experiments,"['LSTM', 'GRU', 'CNN', 'RNN', 'TCN', 'Transformer', 'MLP']","[16, 32, 64, 128, 256]","[1, 2, 3, 4]","[0, 0.1, 0.2, 0.3, 0.5]","['relu', 'tanh', 'sigmoid', 'elu']","[1e-05, 0.01]","[2, 3, 4, 5, 6, 7, 8, 9, 10, 11, 12, 13, 14, 15, 16, 17, 18, 19, 20, 21, 22, 23, 24, 25, 26, 27, 28, 29, 30]","[16, 32, 64, 128]","[5, 10, 15, 20]","[2, 3, 5, 7]","[2, 4, 8]",GridSearch,minimize,local
8n3f5rcs,15,60,1779114343976,,/home/meliani/nni-experiments/8n3f5rcs,7,exp_GridSearch_1500s_local_plus_tt_local_plus_tt,hpo,/home/meliani/Desktop/phd/fast-track/search_space.json,python3 trial.py --data ./local_plus_tt.csv,/home/meliani/Desktop/phd/fast-track,1,1500s,100000000,False,False,info,/home/meliani/nni-experiments,"['LSTM', 'GRU', 'CNN', 'RNN', 'TCN', 'Transformer', 'MLP']","[16, 32, 64, 128, 256]","[1, 2, 3, 4]","[0, 0.1, 0.2, 0.3, 0.5]","['relu', 'tanh', 'sigmoid', 'elu']","[1e-05, 0.01]","[2, 3, 4, 5, 6, 7, 8, 9, 10, 11, 12, 13, 14, 15, 16, 17, 18, 19, 20, 21, 22, 23, 24, 25, 26, 27, 28, 29, 30]","[16, 32, 64, 128]","[5, 10, 15, 20]","[2, 3, 5, 7]","[2, 4, 8]",GridSearch,minimize,local
8n3f5rcs,16,61,1779114343976,,/home/meliani/nni-experiments/8n3f5rcs,8,exp_GridSearch_1500s_local_plus_tt_local_plus_tt,hpo,/home/meliani/Desktop/phd/fast-track/search_space.json,python3 trial.py --data ./local_plus_tt.csv,/home/meliani/Desktop/phd/fast-track,1,1500s,100000000,False,False,info,/home/meliani/nni-experiments,"['LSTM', 'GRU', 'CNN', 'RNN', 'TCN', 'Transformer', 'MLP']","[16, 32, 64, 128, 256]","[1, 2, 3, 4]","[0, 0.1, 0.2, 0.3, 0.5]","['relu', 'tanh', 'sigmoid', 'elu']","[1e-05, 0.01]","[2, 3, 4, 5, 6, 7, 8, 9, 10, 11, 12, 13, 14, 15, 16, 17, 18, 19, 20, 21, 22, 23, 24, 25, 26, 27, 28, 29, 30]","[16, 32, 64, 128]","[5, 10, 15, 20]","[2, 3, 5, 7]","[2, 4, 8]",GridSearch,minimize,local
8n3f5rcs,17,69,1779114343976,,/home/meliani/nni-experiments/8n3f5rcs,9,exp_GridSearch_1500s_local_plus_tt_local_plus_tt,hpo,/home/meliani/Desktop/phd/fast-track/search_space.json,python3 trial.py --data ./local_plus_tt.csv,/home/meliani/Desktop/phd/fast-track,1,1500s,100000000,False,False,info,/home/meliani/nni-experiments,"['LSTM', 'GRU', 'CNN', 'RNN', 'TCN', 'Transformer', 'MLP']","[16, 32, 64, 128, 256]","[1, 2, 3, 4]","[0, 0.1, 0.2, 0.3, 0.5]","['relu', 'tanh', 'sigmoid', 'elu']","[1e-05, 0.01]","[2, 3, 4, 5, 6, 7, 8, 9, 10, 11, 12, 13, 14, 15, 16, 17, 18, 19, 20, 21, 22, 23, 24, 25, 26, 27, 28, 29, 30]","[16, 32, 64, 128]","[5, 10, 15, 20]","[2, 3, 5, 7]","[2, 4, 8]",GridSearch,minimize,local
8n3f5rcs,18,70,1779114343976,,/home/meliani/nni-experiments/8n3f5rcs,9,exp_GridSearch_1500s_local_plus_tt_local_plus_tt,hpo,/home/meliani/Desktop/phd/fast-track/search_space.json,python3 trial.py --data ./local_plus_tt.csv,/home/meliani/Desktop/phd/fast-track,1,1500s,100000000,False,False,info,/home/meliani/nni-experiments,"['LSTM', 'GRU', 'CNN', 'RNN', 'TCN', 'Transformer', 'MLP']","[16, 32, 64, 128, 256]","[1, 2, 3, 4]","[0, 0.1, 0.2, 0.3, 0.5]","['relu', 'tanh', 'sigmoid', 'elu']","[1e-05, 0.01]","[2, 3, 4, 5, 6, 7, 8, 9, 10, 11, 12, 13, 14, 15, 16, 17, 18, 19, 20, 21, 22, 23, 24, 25, 26, 27, 28, 29, 30]","[16, 32, 64, 128]","[5, 10, 15, 20]","[2, 3, 5, 7]","[2, 4, 8]",GridSearch,minimize,local
8n3f5rcs,19,78,1779114343976,,/home/meliani/nni-experiments/8n3f5rcs,10,exp_GridSearch_1500s_local_plus_tt_local_plus_tt,hpo,/home/meliani/Desktop/phd/fast-track/search_space.json,python3 trial.py --data ./local_plus_tt.csv,/home/meliani/Desktop/phd/fast-track,1,1500s,100000000,False,False,info,/home/meliani/nni-experiments,"['LSTM', 'GRU', 'CNN', 'RNN', 'TCN', 'Transformer', 'MLP']","[16, 32, 64, 128, 256]","[1, 2, 3, 4]","[0, 0.1, 0.2, 0.3, 0.5]","['relu', 'tanh', 'sigmoid', 'elu']","[1e-05, 0.01]","[2, 3, 4, 5, 6, 7, 8, 9, 10, 11, 12, 13, 14, 15, 16, 17, 18, 19, 20, 21, 22, 23, 24, 25, 26, 27, 28, 29, 30]","[16, 32, 64, 128]","[5, 10, 15, 20]","[2, 3, 5, 7]","[2, 4, 8]",GridSearch,minimize,local
8n3f5rcs,20,80,1779114343976,,/home/meliani/nni-experiments/8n3f5rcs,10,exp_GridSearch_1500s_local_plus_tt_local_plus_tt,hpo,/home/meliani/Desktop/phd/fast-track/search_space.json,python3 trial.py --data ./local_plus_tt.csv,/home/meliani/Desktop/phd/fast-track,1,1500s,100000000,False,False,info,/home/meliani/nni-experiments,"['LSTM', 'GRU', 'CNN', 'RNN', 'TCN', 'Transformer', 'MLP']","[16, 32, 64, 128, 256]","[1, 2, 3, 4]","[0, 0.1, 0.2, 0.3, 0.5]","['relu', 'tanh', 'sigmoid', 'elu']","[1e-05, 0.01]","[2, 3, 4, 5, 6, 7, 8, 9, 10, 11, 12, 13, 14, 15, 16, 17, 18, 19, 20, 21, 22, 23, 24, 25, 26, 27, 28, 29, 30]","[16, 32, 64, 128]","[5, 10, 15, 20]","[2, 3, 5, 7]","[2, 4, 8]",GridSearch,minimize,local
8n3f5rcs,21,87,1779114343976,,/home/meliani/nni-experiments/8n3f5rcs,11,exp_GridSearch_1500s_local_plus_tt_local_plus_tt,hpo,/home/meliani/Desktop/phd/fast-track/search_space.json,python3 trial.py --data ./local_plus_tt.csv,/home/meliani/Desktop/phd/fast-track,1,1500s,100000000,False,False,info,/home/meliani/nni-experiments,"['LSTM', 'GRU', 'CNN', 'RNN', 'TCN', 'Transformer', 'MLP']","[16, 32, 64, 128, 256]","[1, 2, 3, 4]","[0, 0.1, 0.2, 0.3, 0.5]","['relu', 'tanh', 'sigmoid', 'elu']","[1e-05, 0.01]","[2, 3, 4, 5, 6, 7, 8, 9, 10, 11, 12, 13, 14, 15, 16, 17, 18, 19, 20, 21, 22, 23, 24, 25, 26, 27, 28, 29, 30]","[16, 32, 64, 128]","[5, 10, 15, 20]","[2, 3, 5, 7]","[2, 4, 8]",GridSearch,minimize,local
8n3f5rcs,22,90,1779114343976,,/home/meliani/nni-experiments/8n3f5rcs,11,exp_GridSearch_1500s_local_plus_tt_local_plus_tt,hpo,/home/meliani/Desktop/phd/fast-track/search_space.json,python3 trial.py --data ./local_plus_tt.csv,/home/meliani/Desktop/phd/fast-track,1,1500s,100000000,False,False,info,/home/meliani/nni-experiments,"['LSTM', 'GRU', 'CNN', 'RNN', 'TCN', 'Transformer', 'MLP']","[16, 32, 64, 128, 256]","[1, 2, 3, 4]","[0, 0.1, 0.2, 0.3, 0.5]","['relu', 'tanh', 'sigmoid', 'elu']","[1e-05, 0.01]","[2, 3, 4, 5, 6, 7, 8, 9, 10, 11, 12, 13, 14, 15, 16, 17, 18, 19, 20, 21, 22, 23, 24, 25, 26, 27, 28, 29, 30]","[16, 32, 64, 128]","[5, 10, 15, 20]","[2, 3, 5, 7]","[2, 4, 8]",GridSearch,minimize,local
8n3f5rcs,23,95,1779114343976,,/home/meliani/nni-experiments/8n3f5rcs,12,exp_GridSearch_1500s_local_plus_tt_local_plus_tt,hpo,/home/meliani/Desktop/phd/fast-track/search_space.json,python3 trial.py --data ./local_plus_tt.csv,/home/meliani/Desktop/phd/fast-track,1,1500s,100000000,False,False,info,/home/meliani/nni-experiments,"['LSTM', 'GRU', 'CNN', 'RNN', 'TCN', 'Transformer', 'MLP']","[16, 32, 64, 128, 256]","[1, 2, 3, 4]","[0, 0.1, 0.2, 0.3, 0.5]","['relu', 'tanh', 'sigmoid', 'elu']","[1e-05, 0.01]","[2, 3, 4, 5, 6, 7, 8, 9, 10, 11, 12, 13, 14, 15, 16, 17, 18, 19, 20, 21, 22, 23, 24, 25, 26, 27, 28, 29, 30]","[16, 32, 64, 128]","[5, 10, 15, 20]","[2, 3, 5, 7]","[2, 4, 8]",GridSearch,minimize,local
8n3f5rcs,24,100,1779114343976,,/home/meliani/nni-experiments/8n3f5rcs,12,exp_GridSearch_1500s_local_plus_tt_local_plus_tt,hpo,/home/meliani/Desktop/phd/fast-track/search_space.json,python3 trial.py --data ./local_plus_tt.csv,/home/meliani/Desktop/phd/fast-track,1,1500s,100000000,False,False,info,/home/meliani/nni-experiments,"['LSTM', 'GRU', 'CNN', 'RNN', 'TCN', 'Transformer', 'MLP']","[16, 32, 64, 128, 256]","[1, 2, 3, 4]","[0, 0.1, 0.2, 0.3, 0.5]","['relu', 'tanh', 'sigmoid', 'elu']","[1e-05, 0.01]","[2, 3, 4, 5, 6, 7, 8, 9, 10, 11, 12, 13, 14, 15, 16, 17, 18, 19, 20, 21, 22, 23, 24, 25, 26, 27, 28, 29, 30]","[16, 32, 64, 128]","[5, 10, 15, 20]","[2, 3, 5, 7]","[2, 4, 8]",GridSearch,minimize,local
8n3f5rcs,25,104,1779114343976,,/home/meliani/nni-experiments/8n3f5rcs,13,exp_GridSearch_1500s_local_plus_tt_local_plus_tt,hpo,/home/meliani/Desktop/phd/fast-track/search_space.json,python3 trial.py --data ./local_plus_tt.csv,/home/meliani/Desktop/phd/fast-track,1,1500s,100000000,False,False,info,/home/meliani/nni-experiments,"['LSTM', 'GRU', 'CNN', 'RNN', 'TCN', 'Transformer', 'MLP']","[16, 32, 64, 128, 256]","[1, 2, 3, 4]","[0, 0.1, 0.2, 0.3, 0.5]","['relu', 'tanh', 'sigmoid', 'elu']","[1e-05, 0.01]","[2, 3, 4, 5, 6, 7, 8, 9, 10, 11, 12, 13, 14, 15, 16, 17, 18, 19, 20, 21, 22, 23, 24, 25, 26, 27, 28, 29, 30]","[16, 32, 64, 128]","[5, 10, 15, 20]","[2, 3, 5, 7]","[2, 4, 8]",GridSearch,minimize,local
8n3f5rcs,26,110,1779114343976,,/home/meliani/nni-experiments/8n3f5rcs,13,exp_GridSearch_1500s_local_plus_tt_local_plus_tt,hpo,/home/meliani/Desktop/phd/fast-track/search_space.json,python3 trial.py --data ./local_plus_tt.csv,/home/meliani/Desktop/phd/fast-track,1,1500s,100000000,False,False,info,/home/meliani/nni-experiments,"['LSTM', 'GRU', 'CNN', 'RNN', 'TCN', 'Transformer', 'MLP']","[16, 32, 64, 128, 256]","[1, 2, 3, 4]","[0, 0.1, 0.2, 0.3, 0.5]","['relu', 'tanh', 'sigmoid', 'elu']","[1e-05, 0.01]","[2, 3, 4, 5, 6, 7, 8, 9, 10, 11, 12, 13, 14, 15, 16, 17, 18, 19, 20, 21, 22, 23, 24, 25, 26, 27, 28, 29, 30]","[16, 32, 64, 128]","[5, 10, 15, 20]","[2, 3, 5, 7]","[2, 4, 8]",GridSearch,minimize,local
8n3f5rcs,27,117,1779114343976,,/home/meliani/nni-experiments/8n3f5rcs,14,exp_GridSearch_1500s_local_plus_tt_local_plus_tt,hpo,/home/meliani/Desktop/phd/fast-track/search_space.json,python3 trial.py --data ./local_plus_tt.csv,/home/meliani/Desktop/phd/fast-track,1,1500s,100000000,False,False,info,/home/meliani/nni-experiments,"['LSTM', 'GRU', 'CNN', 'RNN', 'TCN', 'Transformer', 'MLP']","[16, 32, 64, 128, 256]","[1, 2, 3, 4]","[0, 0.1, 0.2, 0.3, 0.5]","['relu', 'tanh', 'sigmoid', 'elu']","[1e-05, 0.01]","[2, 3, 4, 5, 6, 7, 8, 9, 10, 11, 12, 13, 14, 15, 16, 17, 18, 19, 20, 21, 22, 23, 24, 25, 26, 27, 28, 29, 30]","[16, 32, 64, 128]","[5, 10, 15, 20]","[2, 3, 5, 7]","[2, 4, 8]",GridSearch,minimize,local
8n3f5rcs,28,120,1779114343976,,/home/meliani/nni-experiments/8n3f5rcs,14,exp_GridSearch_1500s_local_plus_tt_local_plus_tt,hpo,/home/meliani/Desktop/phd/fast-track/search_space.json,python3 trial.py --data ./local_plus_tt.csv,/home/meliani/Desktop/phd/fast-track,1,1500s,100000000,False,False,info,/home/meliani/nni-experiments,"['LSTM', 'GRU', 'CNN', 'RNN', 'TCN', 'Transformer', 'MLP']","[16, 32, 64, 128, 256]","[1, 2, 3, 4]","[0, 0.1, 0.2, 0.3, 0.5]","['relu', 'tanh', 'sigmoid', 'elu']","[1e-05, 0.01]","[2, 3, 4, 5, 6, 7, 8, 9, 10, 11, 12, 13, 14, 15, 16, 17, 18, 19, 20, 21, 22, 23, 24, 25, 26, 27, 28, 29, 30]","[16, 32, 64, 128]","[5, 10, 15, 20]","[2, 3, 5, 7]","[2, 4, 8]",GridSearch,minimize,local
8n3f5rcs,29,129,1779114343976,,/home/meliani/nni-experiments/8n3f5rcs,15,exp_GridSearch_1500s_local_plus_tt_local_plus_tt,hpo,/home/meliani/Desktop/phd/fast-track/search_space.json,python3 trial.py --data ./local_plus_tt.csv,/home/meliani/Desktop/phd/fast-track,1,1500s,100000000,False,False,info,/home/meliani/nni-experiments,"['LSTM', 'GRU', 'CNN', 'RNN', 'TCN', 'Transformer', 'MLP']","[16, 32, 64, 128, 256]","[1, 2, 3, 4]","[0, 0.1, 0.2, 0.3, 0.5]","['relu', 'tanh', 'sigmoid', 'elu']","[1e-05, 0.01]","[2, 3, 4, 5, 6, 7, 8, 9, 10, 11, 12, 13, 14, 15, 16, 17, 18, 19, 20, 21, 22, 23, 24, 25, 26, 27, 28, 29, 30]","[16, 32, 64, 128]","[5, 10, 15, 20]","[2, 3, 5, 7]","[2, 4, 8]",GridSearch,minimize,local
8n3f5rcs,30,130,1779114343976,,/home/meliani/nni-experiments/8n3f5rcs,15,exp_GridSearch_1500s_local_plus_tt_local_plus_tt,hpo,/home/meliani/Desktop/phd/fast-track/search_space.json,python3 trial.py --data ./local_plus_tt.csv,/home/meliani/Desktop/phd/fast-track,1,1500s,100000000,False,False,info,/home/meliani/nni-experiments,"['LSTM', 'GRU', 'CNN', 'RNN', 'TCN', 'Transformer', 'MLP']","[16, 32, 64, 128, 256]","[1, 2, 3, 4]","[0, 0.1, 0.2, 0.3, 0.5]","['relu', 'tanh', 'sigmoid', 'elu']","[1e-05, 0.01]","[2, 3, 4, 5, 6, 7, 8, 9, 10, 11, 12, 13, 14, 15, 16, 17, 18, 19, 20, 21, 22, 23, 24, 25, 26, 27, 28, 29, 30]","[16, 32, 64, 128]","[5, 10, 15, 20]","[2, 3, 5, 7]","[2, 4, 8]",GridSearch,minimize,local
8n3f5rcs,31,140,1779114343976,,/home/meliani/nni-experiments/8n3f5rcs,15,exp_GridSearch_1500s_local_plus_tt_local_plus_tt,hpo,/home/meliani/Desktop/phd/fast-track/search_space.json,python3 trial.py --data ./local_plus_tt.csv,/home/meliani/Desktop/phd/fast-track,1,1500s,100000000,False,False,info,/home/meliani/nni-experiments,"['LSTM', 'GRU', 'CNN', 'RNN', 'TCN', 'Transformer', 'MLP']","[16, 32, 64, 128, 256]","[1, 2, 3, 4]","[0, 0.1, 0.2, 0.3, 0.5]","['relu', 'tanh', 'sigmoid', 'elu']","[1e-05, 0.01]","[2, 3, 4, 5, 6, 7, 8, 9, 10, 11, 12, 13, 14, 15, 16, 17, 18, 19, 20, 21, 22, 23, 24, 25, 26, 27, 28, 29, 30]","[16, 32, 64, 128]","[5, 10, 15, 20]","[2, 3, 5, 7]","[2, 4, 8]",GridSearch,minimize,local
8n3f5rcs,32,141,1779114343976,,/home/meliani/nni-experiments/8n3f5rcs,16,exp_GridSearch_1500s_local_plus_tt_local_plus_tt,hpo,/home/meliani/Desktop/phd/fast-track/search_space.json,python3 trial.py --data ./local_plus_tt.csv,/home/meliani/Desktop/phd/fast-track,1,1500s,100000000,False,False,info,/home/meliani/nni-experiments,"['LSTM', 'GRU', 'CNN', 'RNN', 'TCN', 'Transformer', 'MLP']","[16, 32, 64, 128, 256]","[1, 2, 3, 4]","[0, 0.1, 0.2, 0.3, 0.5]","['relu', 'tanh', 'sigmoid', 'elu']","[1e-05, 0.01]","[2, 3, 4, 5, 6, 7, 8, 9, 10, 11, 12, 13, 14, 15, 16, 17, 18, 19, 20, 21, 22, 23, 24, 25, 26, 27, 28, 29, 30]","[16, 32, 64, 128]","[5, 10, 15, 20]","[2, 3, 5, 7]","[2, 4, 8]",GridSearch,minimize,local
8n3f5rcs,33,150,1779114343976,,/home/meliani/nni-experiments/8n3f5rcs,16,exp_GridSearch_1500s_local_plus_tt_local_plus_tt,hpo,/home/meliani/Desktop/phd/fast-track/search_space.json,python3 trial.py --data ./local_plus_tt.csv,/home/meliani/Desktop/phd/fast-track,1,1500s,100000000,False,False,info,/home/meliani/nni-experiments,"['LSTM', 'GRU', 'CNN', 'RNN', 'TCN', 'Transformer', 'MLP']","[16, 32, 64, 128, 256]","[1, 2, 3, 4]","[0, 0.1, 0.2, 0.3, 0.5]","['relu', 'tanh', 'sigmoid', 'elu']","[1e-05, 0.01]","[2, 3, 4, 5, 6, 7, 8, 9, 10, 11, 12, 13, 14, 15, 16, 17, 18, 19, 20, 21, 22, 23, 24, 25, 26, 27, 28, 29, 30]","[16, 32, 64, 128]","[5, 10, 15, 20]","[2, 3, 5, 7]","[2, 4, 8]",GridSearch,minimize,local
8n3f5rcs,34,153,1779114343976,,/home/meliani/nni-experiments/8n3f5rcs,17,exp_GridSearch_1500s_local_plus_tt_local_plus_tt,hpo,/home/meliani/Desktop/phd/fast-track/search_space.json,python3 trial.py --data ./local_plus_tt.csv,/home/meliani/Desktop/phd/fast-track,1,1500s,100000000,False,False,info,/home/meliani/nni-experiments,"['LSTM', 'GRU', 'CNN', 'RNN', 'TCN', 'Transformer', 'MLP']","[16, 32, 64, 128, 256]","[1, 2, 3, 4]","[0, 0.1, 0.2, 0.3, 0.5]","['relu', 'tanh', 'sigmoid', 'elu']","[1e-05, 0.01]","[2, 3, 4, 5, 6, 7, 8, 9, 10, 11, 12, 13, 14, 15, 16, 17, 18, 19, 20, 21, 22, 23, 24, 25, 26, 27, 28, 29, 30]","[16, 32, 64, 128]","[5, 10, 15, 20]","[2, 3, 5, 7]","[2, 4, 8]",GridSearch,minimize,local
8n3f5rcs,35,160,1779114343976,,/home/meliani/nni-experiments/8n3f5rcs,17,exp_GridSearch_1500s_local_plus_tt_local_plus_tt,hpo,/home/meliani/Desktop/phd/fast-track/search_space.json,python3 trial.py --data ./local_plus_tt.csv,/home/meliani/Desktop/phd/fast-track,1,1500s,100000000,False,False,info,/home/meliani/nni-experiments,"['LSTM', 'GRU', 'CNN', 'RNN', 'TCN', 'Transformer', 'MLP']","[16, 32, 64, 128, 256]","[1, 2, 3, 4]","[0, 0.1, 0.2, 0.3, 0.5]","['relu', 'tanh', 'sigmoid', 'elu']","[1e-05, 0.01]","[2, 3, 4, 5, 6, 7, 8, 9, 10, 11, 12, 13, 14, 15, 16, 17, 18, 19, 20, 21, 22, 23, 24, 25, 26, 27, 28, 29, 30]","[16, 32, 64, 128]","[5, 10, 15, 20]","[2, 3, 5, 7]","[2, 4, 8]",GridSearch,minimize,local
8n3f5rcs,36,165,1779114343976,,/home/meliani/nni-experiments/8n3f5rcs,18,exp_GridSearch_1500s_local_plus_tt_local_plus_tt,hpo,/home/meliani/Desktop/phd/fast-track/search_space.json,python3 trial.py --data ./local_plus_tt.csv,/home/meliani/Desktop/phd/fast-track,1,1500s,100000000,False,False,info,/home/meliani/nni-experiments,"['LSTM', 'GRU', 'CNN', 'RNN', 'TCN', 'Transformer', 'MLP']","[16, 32, 64, 128, 256]","[1, 2, 3, 4]","[0, 0.1, 0.2, 0.3, 0.5]","['relu', 'tanh', 'sigmoid', 'elu']","[1e-05, 0.01]","[2, 3, 4, 5, 6, 7, 8, 9, 10, 11, 12, 13, 14, 15, 16, 17, 18, 19, 20, 21, 22, 23, 24, 25, 26, 27, 28, 29, 30]","[16, 32, 64, 128]","[5, 10, 15, 20]","[2, 3, 5, 7]","[2, 4, 8]",GridSearch,minimize,local
8n3f5rcs,37,170,1779114343976,,/home/meliani/nni-experiments/8n3f5rcs,18,exp_GridSearch_1500s_local_plus_tt_local_plus_tt,hpo,/home/meliani/Desktop/phd/fast-track/search_space.json,python3 trial.py --data ./local_plus_tt.csv,/home/meliani/Desktop/phd/fast-track,1,1500s,100000000,False,False,info,/home/meliani/nni-experiments,"['LSTM', 'GRU', 'CNN', 'RNN', 'TCN', 'Transformer', 'MLP']","[16, 32, 64, 128, 256]","[1, 2, 3, 4]","[0, 0.1, 0.2, 0.3, 0.5]","['relu', 'tanh', 'sigmoid', 'elu']","[1e-05, 0.01]","[2, 3, 4, 5, 6, 7, 8, 9, 10, 11, 12, 13, 14, 15, 16, 17, 18, 19, 20, 21, 22, 23, 24, 25, 26, 27, 28, 29, 30]","[16, 32, 64, 128]","[5, 10, 15, 20]","[2, 3, 5, 7]","[2, 4, 8]",GridSearch,minimize,local
8n3f5rcs,38,177,1779114343976,,/home/meliani/nni-experiments/8n3f5rcs,19,exp_GridSearch_1500s_local_plus_tt_local_plus_tt,hpo,/home/meliani/Desktop/phd/fast-track/search_space.json,python3 trial.py --data ./local_plus_tt.csv,/home/meliani/Desktop/phd/fast-track,1,1500s,100000000,False,False,info,/home/meliani/nni-experiments,"['LSTM', 'GRU', 'CNN', 'RNN', 'TCN', 'Transformer', 'MLP']","[16, 32, 64, 128, 256]","[1, 2, 3, 4]","[0, 0.1, 0.2, 0.3, 0.5]","['relu', 'tanh', 'sigmoid', 'elu']","[1e-05, 0.01]","[2, 3, 4, 5, 6, 7, 8, 9, 10, 11, 12, 13, 14, 15, 16, 17, 18, 19, 20, 21, 22, 23, 24, 25, 26, 27, 28, 29, 30]","[16, 32, 64, 128]","[5, 10, 15, 20]","[2, 3, 5, 7]","[2, 4, 8]",GridSearch,minimize,local
8n3f5rcs,39,180,1779114343976,,/home/meliani/nni-experiments/8n3f5rcs,19,exp_GridSearch_1500s_local_plus_tt_local_plus_tt,hpo,/home/meliani/Desktop/phd/fast-track/search_space.json,python3 trial.py --data ./local_plus_tt.csv,/home/meliani/Desktop/phd/fast-track,1,1500s,100000000,False,False,info,/home/meliani/nni-experiments,"['LSTM', 'GRU', 'CNN', 'RNN', 'TCN', 'Transformer', 'MLP']","[16, 32, 64, 128, 256]","[1, 2, 3, 4]","[0, 0.1, 0.2, 0.3, 0.5]","['relu', 'tanh', 'sigmoid', 'elu']","[1e-05, 0.01]","[2, 3, 4, 5, 6, 7, 8, 9, 10, 11, 12, 13, 14, 15, 16, 17, 18, 19, 20, 21, 22, 23, 24, 25, 26, 27, 28, 29, 30]","[16, 32, 64, 128]","[5, 10, 15, 20]","[2, 3, 5, 7]","[2, 4, 8]",GridSearch,minimize,local
8n3f5rcs,40,189,1779114343976,,/home/meliani/nni-experiments/8n3f5rcs,20,exp_GridSearch_1500s_local_plus_tt_local_plus_tt,hpo,/home/meliani/Desktop/phd/fast-track/search_space.json,python3 trial.py --data ./local_plus_tt.csv,/home/meliani/Desktop/phd/fast-track,1,1500s,100000000,False,False,info,/home/meliani/nni-experiments,"['LSTM', 'GRU', 'CNN', 'RNN', 'TCN', 'Transformer', 'MLP']","[16, 32, 64, 128, 256]","[1, 2, 3, 4]","[0, 0.1, 0.2, 0.3, 0.5]","['relu', 'tanh', 'sigmoid', 'elu']","[1e-05, 0.01]","[2, 3, 4, 5, 6, 7, 8, 9, 10, 11, 12, 13, 14, 15, 16, 17, 18, 19, 20, 21, 22, 23, 24, 25, 26, 27, 28, 29, 30]","[16, 32, 64, 128]","[5, 10, 15, 20]","[2, 3, 5, 7]","[2, 4, 8]",GridSearch,minimize,local
8n3f5rcs,41,190,1779114343976,,/home/meliani/nni-experiments/8n3f5rcs,20,exp_GridSearch_1500s_local_plus_tt_local_plus_tt,hpo,/home/meliani/Desktop/phd/fast-track/search_space.json,python3 trial.py --data ./local_plus_tt.csv,/home/meliani/Desktop/phd/fast-track,1,1500s,100000000,False,False,info,/home/meliani/nni-experiments,"['LSTM', 'GRU', 'CNN', 'RNN', 'TCN', 'Transformer', 'MLP']","[16, 32, 64, 128, 256]","[1, 2, 3, 4]","[0, 0.1, 0.2, 0.3, 0.5]","['relu', 'tanh', 'sigmoid', 'elu']","[1e-05, 0.01]","[2, 3, 4, 5, 6, 7, 8, 9, 10, 11, 12, 13, 14, 15, 16, 17, 18, 19, 20, 21, 22, 23, 24, 25, 26, 27, 28, 29, 30]","[16, 32, 64, 128]","[5, 10, 15, 20]","[2, 3, 5, 7]","[2, 4, 8]",GridSearch,minimize,local
8n3f5rcs,42,200,1779114343976,,/home/meliani/nni-experiments/8n3f5rcs,20,exp_GridSearch_1500s_local_plus_tt_local_plus_tt,hpo,/home/meliani/Desktop/phd/fast-track/search_space.json,python3 trial.py --data ./local_plus_tt.csv,/home/meliani/Desktop/phd/fast-track,1,1500s,100000000,False,False,info,/home/meliani/nni-experiments,"['LSTM', 'GRU', 'CNN', 'RNN', 'TCN', 'Transformer', 'MLP']","[16, 32, 64, 128, 256]","[1, 2, 3, 4]","[0, 0.1, 0.2, 0.3, 0.5]","['relu', 'tanh', 'sigmoid', 'elu']","[1e-05, 0.01]","[2, 3, 4, 5, 6, 7, 8, 9, 10, 11, 12, 13, 14, 15, 16, 17, 18, 19, 20, 21, 22, 23, 24, 25, 26, 27, 28, 29, 30]","[16, 32, 64, 128]","[5, 10, 15, 20]","[2, 3, 5, 7]","[2, 4, 8]",GridSearch,minimize,local
8n3f5rcs,43,200,1779114343976,,/home/meliani/nni-experiments/8n3f5rcs,21,exp_GridSearch_1500s_local_plus_tt_local_plus_tt,hpo,/home/meliani/Desktop/phd/fast-track/search_space.json,python3 trial.py --data ./local_plus_tt.csv,/home/meliani/Desktop/phd/fast-track,1,1500s,100000000,False,False,info,/home/meliani/nni-experiments,"['LSTM', 'GRU', 'CNN', 'RNN', 'TCN', 'Transformer', 'MLP']","[16, 32, 64, 128, 256]","[1, 2, 3, 4]","[0, 0.1, 0.2, 0.3, 0.5]","['relu', 'tanh', 'sigmoid', 'elu']","[1e-05, 0.01]","[2, 3, 4, 5, 6, 7, 8, 9, 10, 11, 12, 13, 14, 15, 16, 17, 18, 19, 20, 21, 22, 23, 24, 25, 26, 27, 28, 29, 30]","[16, 32, 64, 128]","[5, 10, 15, 20]","[2, 3, 5, 7]","[2, 4, 8]",GridSearch,minimize,local
8n3f5rcs,44,210,1779114343976,,/home/meliani/nni-experiments/8n3f5rcs,21,exp_GridSearch_1500s_local_plus_tt_local_plus_tt,hpo,/home/meliani/Desktop/phd/fast-track/search_space.json,python3 trial.py --data ./local_plus_tt.csv,/home/meliani/Desktop/phd/fast-track,1,1500s,100000000,False,False,info,/home/meliani/nni-experiments,"['LSTM', 'GRU', 'CNN', 'RNN', 'TCN', 'Transformer', 'MLP']","[16, 32, 64, 128, 256]","[1, 2, 3, 4]","[0, 0.1, 0.2, 0.3, 0.5]","['relu', 'tanh', 'sigmoid', 'elu']","[1e-05, 0.01]","[2, 3, 4, 5, 6, 7, 8, 9, 10, 11, 12, 13, 14, 15, 16, 17, 18, 19, 20, 21, 22, 23, 24, 25, 26, 27, 28, 29, 30]","[16, 32, 64, 128]","[5, 10, 15, 20]","[2, 3, 5, 7]","[2, 4, 8]",GridSearch,minimize,local
8n3f5rcs,45,213,1779114343976,,/home/meliani/nni-experiments/8n3f5rcs,22,exp_GridSearch_1500s_local_plus_tt_local_plus_tt,hpo,/home/meliani/Desktop/phd/fast-track/search_space.json,python3 trial.py --data ./local_plus_tt.csv,/home/meliani/Desktop/phd/fast-track,1,1500s,100000000,False,False,info,/home/meliani/nni-experiments,"['LSTM', 'GRU', 'CNN', 'RNN', 'TCN', 'Transformer', 'MLP']","[16, 32, 64, 128, 256]","[1, 2, 3, 4]","[0, 0.1, 0.2, 0.3, 0.5]","['relu', 'tanh', 'sigmoid', 'elu']","[1e-05, 0.01]","[2, 3, 4, 5, 6, 7, 8, 9, 10, 11, 12, 13, 14, 15, 16, 17, 18, 19, 20, 21, 22, 23, 24, 25, 26, 27, 28, 29, 30]","[16, 32, 64, 128]","[5, 10, 15, 20]","[2, 3, 5, 7]","[2, 4, 8]",GridSearch,minimize,local
8n3f5rcs,46,220,1779114343976,,/home/meliani/nni-experiments/8n3f5rcs,22,exp_GridSearch_1500s_local_plus_tt_local_plus_tt,hpo,/home/meliani/Desktop/phd/fast-track/search_space.json,python3 trial.py --data ./local_plus_tt.csv,/home/meliani/Desktop/phd/fast-track,1,1500s,100000000,False,False,info,/home/meliani/nni-experiments,"['LSTM', 'GRU', 'CNN', 'RNN', 'TCN', 'Transformer', 'MLP']","[16, 32, 64, 128, 256]","[1, 2, 3, 4]","[0, 0.1, 0.2, 0.3, 0.5]","['relu', 'tanh', 'sigmoid', 'elu']","[1e-05, 0.01]","[2, 3, 4, 5, 6, 7, 8, 9, 10, 11, 12, 13, 14, 15, 16, 17, 18, 19, 20, 21, 22, 23, 24, 25, 26, 27, 28, 29, 30]","[16, 32, 64, 128]","[5, 10, 15, 20]","[2, 3, 5, 7]","[2, 4, 8]",GridSearch,minimize,local
8n3f5rcs,47,225,1779114343976,,/home/meliani/nni-experiments/8n3f5rcs,23,exp_GridSearch_1500s_local_plus_tt_local_plus_tt,hpo,/home/meliani/Desktop/phd/fast-track/search_space.json,python3 trial.py --data ./local_plus_tt.csv,/home/meliani/Desktop/phd/fast-track,1,1500s,100000000,False,False,info,/home/meliani/nni-experiments,"['LSTM', 'GRU', 'CNN', 'RNN', 'TCN', 'Transformer', 'MLP']","[16, 32, 64, 128, 256]","[1, 2, 3, 4]","[0, 0.1, 0.2, 0.3, 0.5]","['relu', 'tanh', 'sigmoid', 'elu']","[1e-05, 0.01]","[2, 3, 4, 5, 6, 7, 8, 9, 10, 11, 12, 13, 14, 15, 16, 17, 18, 19, 20, 21, 22, 23, 24, 25, 26, 27, 28, 29, 30]","[16, 32, 64, 128]","[5, 10, 15, 20]","[2, 3, 5, 7]","[2, 4, 8]",GridSearch,minimize,local
8n3f5rcs,48,230,1779114343976,,/home/meliani/nni-experiments/8n3f5rcs,23,exp_GridSearch_1500s_local_plus_tt_local_plus_tt,hpo,/home/meliani/Desktop/phd/fast-track/search_space.json,python3 trial.py --data ./local_plus_tt.csv,/home/meliani/Desktop/phd/fast-track,1,1500s,100000000,False,False,info,/home/meliani/nni-experiments,"['LSTM', 'GRU', 'CNN', 'RNN', 'TCN', 'Transformer', 'MLP']","[16, 32, 64, 128, 256]","[1, 2, 3, 4]","[0, 0.1, 0.2, 0.3, 0.5]","['relu', 'tanh', 'sigmoid', 'elu']","[1e-05, 0.01]","[2, 3, 4, 5, 6, 7, 8, 9, 10, 11, 12, 13, 14, 15, 16, 17, 18, 19, 20, 21, 22, 23, 24, 25, 26, 27, 28, 29, 30]","[16, 32, 64, 128]","[5, 10, 15, 20]","[2, 3, 5, 7]","[2, 4, 8]",GridSearch,minimize,local
8n3f5rcs,49,237,1779114343976,,/home/meliani/nni-experiments/8n3f5rcs,24,exp_GridSearch_1500s_local_plus_tt_local_plus_tt,hpo,/home/meliani/Desktop/phd/fast-track/search_space.json,python3 trial.py --data ./local_plus_tt.csv,/home/meliani/Desktop/phd/fast-track,1,1500s,100000000,False,False,info,/home/meliani/nni-experiments,"['LSTM', 'GRU', 'CNN', 'RNN', 'TCN', 'Transformer', 'MLP']","[16, 32, 64, 128, 256]","[1, 2, 3, 4]","[0, 0.1, 0.2, 0.3, 0.5]","['relu', 'tanh', 'sigmoid', 'elu']","[1e-05, 0.01]","[2, 3, 4, 5, 6, 7, 8, 9, 10, 11, 12, 13, 14, 15, 16, 17, 18, 19, 20, 21, 22, 23, 24, 25, 26, 27, 28, 29, 30]","[16, 32, 64, 128]","[5, 10, 15, 20]","[2, 3, 5, 7]","[2, 4, 8]",GridSearch,minimize,local
8n3f5rcs,50,240,1779114343976,,/home/meliani/nni-experiments/8n3f5rcs,24,exp_GridSearch_1500s_local_plus_tt_local_plus_tt,hpo,/home/meliani/Desktop/phd/fast-track/search_space.json,python3 trial.py --data ./local_plus_tt.csv,/home/meliani/Desktop/phd/fast-track,1,1500s,100000000,False,False,info,/home/meliani/nni-experiments,"['LSTM', 'GRU', 'CNN', 'RNN', 'TCN', 'Transformer', 'MLP']","[16, 32, 64, 128, 256]","[1, 2, 3, 4]","[0, 0.1, 0.2, 0.3, 0.5]","['relu', 'tanh', 'sigmoid', 'elu']","[1e-05, 0.01]","[2, 3, 4, 5, 6, 7, 8, 9, 10, 11, 12, 13, 14, 15, 16, 17, 18, 19, 20, 21, 22, 23, 24, 25, 26, 27, 28, 29, 30]","[16, 32, 64, 128]","[5, 10, 15, 20]","[2, 3, 5, 7]","[2, 4, 8]",GridSearch,minimize,local
8n3f5rcs,51,250,1779114343976,,/home/meliani/nni-experiments/8n3f5rcs,25,exp_GridSearch_1500s_local_plus_tt_local_plus_tt,hpo,/home/meliani/Desktop/phd/fast-track/search_space.json,python3 trial.py --data ./local_plus_tt.csv,/home/meliani/Desktop/phd/fast-track,1,1500s,100000000,False,False,info,/home/meliani/nni-experiments,"['LSTM', 'GRU', 'CNN', 'RNN', 'TCN', 'Transformer', 'MLP']","[16, 32, 64, 128, 256]","[1, 2, 3, 4]","[0, 0.1, 0.2, 0.3, 0.5]","['relu', 'tanh', 'sigmoid', 'elu']","[1e-05, 0.01]","[2, 3, 4, 5, 6, 7, 8, 9, 10, 11, 12, 13, 14, 15, 16, 17, 18, 19, 20, 21, 22, 23, 24, 25, 26, 27, 28, 29, 30]","[16, 32, 64, 128]","[5, 10, 15, 20]","[2, 3, 5, 7]","[2, 4, 8]",GridSearch,minimize,local
8n3f5rcs,52,250,1779114343976,,/home/meliani/nni-experiments/8n3f5rcs,25,exp_GridSearch_1500s_local_plus_tt_local_plus_tt,hpo,/home/meliani/Desktop/phd/fast-track/search_space.json,python3 trial.py --data ./local_plus_tt.csv,/home/meliani/Desktop/phd/fast-track,1,1500s,100000000,False,False,info,/home/meliani/nni-experiments,"['LSTM', 'GRU', 'CNN', 'RNN', 'TCN', 'Transformer', 'MLP']","[16, 32, 64, 128, 256]","[1, 2, 3, 4]","[0, 0.1, 0.2, 0.3, 0.5]","['relu', 'tanh', 'sigmoid', 'elu']","[1e-05, 0.01]","[2, 3, 4, 5, 6, 7, 8, 9, 10, 11, 12, 13, 14, 15, 16, 17, 18, 19, 20, 21, 22, 23, 24, 25, 26, 27, 28, 29, 30]","[16, 32, 64, 128]","[5, 10, 15, 20]","[2, 3, 5, 7]","[2, 4, 8]",GridSearch,minimize,local
8n3f5rcs,53,260,1779114343976,,/home/meliani/nni-experiments/8n3f5rcs,25,exp_GridSearch_1500s_local_plus_tt_local_plus_tt,hpo,/home/meliani/Desktop/phd/fast-track/search_space.json,python3 trial.py --data ./local_plus_tt.csv,/home/meliani/Desktop/phd/fast-track,1,1500s,100000000,False,False,info,/home/meliani/nni-experiments,"['LSTM', 'GRU', 'CNN', 'RNN', 'TCN', 'Transformer', 'MLP']","[16, 32, 64, 128, 256]","[1, 2, 3, 4]","[0, 0.1, 0.2, 0.3, 0.5]","['relu', 'tanh', 'sigmoid', 'elu']","[1e-05, 0.01]","[2, 3, 4, 5, 6, 7, 8, 9, 10, 11, 12, 13, 14, 15, 16, 17, 18, 19, 20, 21, 22, 23, 24, 25, 26, 27, 28, 29, 30]","[16, 32, 64, 128]","[5, 10, 15, 20]","[2, 3, 5, 7]","[2, 4, 8]",GridSearch,minimize,local
8n3f5rcs,54,265,1779114343976,,/home/meliani/nni-experiments/8n3f5rcs,26,exp_GridSearch_1500s_local_plus_tt_local_plus_tt,hpo,/home/meliani/Desktop/phd/fast-track/search_space.json,python3 trial.py --data ./local_plus_tt.csv,/home/meliani/Desktop/phd/fast-track,1,1500s,100000000,False,False,info,/home/meliani/nni-experiments,"['LSTM', 'GRU', 'CNN', 'RNN', 'TCN', 'Transformer', 'MLP']","[16, 32, 64, 128, 256]","[1, 2, 3, 4]","[0, 0.1, 0.2, 0.3, 0.5]","['relu', 'tanh', 'sigmoid', 'elu']","[1e-05, 0.01]","[2, 3, 4, 5, 6, 7, 8, 9, 10, 11, 12, 13, 14, 15, 16, 17, 18, 19, 20, 21, 22, 23, 24, 25, 26, 27, 28, 29, 30]","[16, 32, 64, 128]","[5, 10, 15, 20]","[2, 3, 5, 7]","[2, 4, 8]",GridSearch,minimize,local
8n3f5rcs,55,270,1779114343976,,/home/meliani/nni-experiments/8n3f5rcs,26,exp_GridSearch_1500s_local_plus_tt_local_plus_tt,hpo,/home/meliani/Desktop/phd/fast-track/search_space.json,python3 trial.py --data ./local_plus_tt.csv,/home/meliani/Desktop/phd/fast-track,1,1500s,100000000,False,False,info,/home/meliani/nni-experiments,"['LSTM', 'GRU', 'CNN', 'RNN', 'TCN', 'Transformer', 'MLP']","[16, 32, 64, 128, 256]","[1, 2, 3, 4]","[0, 0.1, 0.2, 0.3, 0.5]","['relu', 'tanh', 'sigmoid', 'elu']","[1e-05, 0.01]","[2, 3, 4, 5, 6, 7, 8, 9, 10, 11, 12, 13, 14, 15, 16, 17, 18, 19, 20, 21, 22, 23, 24, 25, 26, 27, 28, 29, 30]","[16, 32, 64, 128]","[5, 10, 15, 20]","[2, 3, 5, 7]","[2, 4, 8]",GridSearch,minimize,local
8n3f5rcs,56,280,1779114343976,,/home/meliani/nni-experiments/8n3f5rcs,26,exp_GridSearch_1500s_local_plus_tt_local_plus_tt,hpo,/home/meliani/Desktop/phd/fast-track/search_space.json,python3 trial.py --data ./local_plus_tt.csv,/home/meliani/Desktop/phd/fast-track,1,1500s,100000000,False,False,info,/home/meliani/nni-experiments,"['LSTM', 'GRU', 'CNN', 'RNN', 'TCN', 'Transformer', 'MLP']","[16, 32, 64, 128, 256]","[1, 2, 3, 4]","[0, 0.1, 0.2, 0.3, 0.5]","['relu', 'tanh', 'sigmoid', 'elu']","[1e-05, 0.01]","[2, 3, 4, 5, 6, 7, 8, 9, 10, 11, 12, 13, 14, 15, 16, 17, 18, 19, 20, 21, 22, 23, 24, 25, 26, 27, 28, 29, 30]","[16, 32, 64, 128]","[5, 10, 15, 20]","[2, 3, 5, 7]","[2, 4, 8]",GridSearch,minimize,local
8n3f5rcs,57,280,1779114343976,,/home/meliani/nni-experiments/8n3f5rcs,27,exp_GridSearch_1500s_local_plus_tt_local_plus_tt,hpo,/home/meliani/Desktop/phd/fast-track/search_space.json,python3 trial.py --data ./local_plus_tt.csv,/home/meliani/Desktop/phd/fast-track,1,1500s,100000000,False,False,info,/home/meliani/nni-experiments,"['LSTM', 'GRU', 'CNN', 'RNN', 'TCN', 'Transformer', 'MLP']","[16, 32, 64, 128, 256]","[1, 2, 3, 4]","[0, 0.1, 0.2, 0.3, 0.5]","['relu', 'tanh', 'sigmoid', 'elu']","[1e-05, 0.01]","[2, 3, 4, 5, 6, 7, 8, 9, 10, 11, 12, 13, 14, 15, 16, 17, 18, 19, 20, 21, 22, 23, 24, 25, 26, 27, 28, 29, 30]","[16, 32, 64, 128]","[5, 10, 15, 20]","[2, 3, 5, 7]","[2, 4, 8]",GridSearch,minimize,local
8n3f5rcs,58,290,1779114343976,,/home/meliani/nni-experiments/8n3f5rcs,27,exp_GridSearch_1500s_local_plus_tt_local_plus_tt,hpo,/home/meliani/Desktop/phd/fast-track/search_space.json,python3 trial.py --data ./local_plus_tt.csv,/home/meliani/Desktop/phd/fast-track,1,1500s,100000000,False,False,info,/home/meliani/nni-experiments,"['LSTM', 'GRU', 'CNN', 'RNN', 'TCN', 'Transformer', 'MLP']","[16, 32, 64, 128, 256]","[1, 2, 3, 4]","[0, 0.1, 0.2, 0.3, 0.5]","['relu', 'tanh', 'sigmoid', 'elu']","[1e-05, 0.01]","[2, 3, 4, 5, 6, 7, 8, 9, 10, 11, 12, 13, 14, 15, 16, 17, 18, 19, 20, 21, 22, 23, 24, 25, 26, 27, 28, 29, 30]","[16, 32, 64, 128]","[5, 10, 15, 20]","[2, 3, 5, 7]","[2, 4, 8]",GridSearch,minimize,local
8n3f5rcs,59,296,1779114343976,,/home/meliani/nni-experiments/8n3f5rcs,28,exp_GridSearch_1500s_local_plus_tt_local_plus_tt,hpo,/home/meliani/Desktop/phd/fast-track/search_space.json,python3 trial.py --data ./local_plus_tt.csv,/home/meliani/Desktop/phd/fast-track,1,1500s,100000000,False,False,info,/home/meliani/nni-experiments,"['LSTM', 'GRU', 'CNN', 'RNN', 'TCN', 'Transformer', 'MLP']","[16, 32, 64, 128, 256]","[1, 2, 3, 4]","[0, 0.1, 0.2, 0.3, 0.5]","['relu', 'tanh', 'sigmoid', 'elu']","[1e-05, 0.01]","[2, 3, 4, 5, 6, 7, 8, 9, 10, 11, 12, 13, 14, 15, 16, 17, 18, 19, 20, 21, 22, 23, 24, 25, 26, 27, 28, 29, 30]","[16, 32, 64, 128]","[5, 10, 15, 20]","[2, 3, 5, 7]","[2, 4, 8]",GridSearch,minimize,local
8n3f5rcs,60,300,1779114343976,,/home/meliani/nni-experiments/8n3f5rcs,28,exp_GridSearch_1500s_local_plus_tt_local_plus_tt,hpo,/home/meliani/Desktop/phd/fast-track/search_space.json,python3 trial.py --data ./local_plus_tt.csv,/home/meliani/Desktop/phd/fast-track,1,1500s,100000000,False,False,info,/home/meliani/nni-experiments,"['LSTM', 'GRU', 'CNN', 'RNN', 'TCN', 'Transformer', 'MLP']","[16, 32, 64, 128, 256]","[1, 2, 3, 4]","[0, 0.1, 0.2, 0.3, 0.5]","['relu', 'tanh', 'sigmoid', 'elu']","[1e-05, 0.01]","[2, 3, 4, 5, 6, 7, 8, 9, 10, 11, 12, 13, 14, 15, 16, 17, 18, 19, 20, 21, 22, 23, 24, 25, 26, 27, 28, 29, 30]","[16, 32, 64, 128]","[5, 10, 15, 20]","[2, 3, 5, 7]","[2, 4, 8]",GridSearch,minimize,local
8n3f5rcs,61,310,1779114343976,,/home/meliani/nni-experiments/8n3f5rcs,28,exp_GridSearch_1500s_local_plus_tt_local_plus_tt,hpo,/home/meliani/Desktop/phd/fast-track/search_space.json,python3 trial.py --data ./local_plus_tt.csv,/home/meliani/Desktop/phd/fast-track,1,1500s,100000000,False,False,info,/home/meliani/nni-experiments,"['LSTM', 'GRU', 'CNN', 'RNN', 'TCN', 'Transformer', 'MLP']","[16, 32, 64, 128, 256]","[1, 2, 3, 4]","[0, 0.1, 0.2, 0.3, 0.5]","['relu', 'tanh', 'sigmoid', 'elu']","[1e-05, 0.01]","[2, 3, 4, 5, 6, 7, 8, 9, 10, 11, 12, 13, 14, 15, 16, 17, 18, 19, 20, 21, 22, 23, 24, 25, 26, 27, 28, 29, 30]","[16, 32, 64, 128]","[5, 10, 15, 20]","[2, 3, 5, 7]","[2, 4, 8]",GridSearch,minimize,local
8n3f5rcs,62,311,1779114343976,,/home/meliani/nni-experiments/8n3f5rcs,29,exp_GridSearch_1500s_local_plus_tt_local_plus_tt,hpo,/home/meliani/Desktop/phd/fast-track/search_space.json,python3 trial.py --data ./local_plus_tt.csv,/home/meliani/Desktop/phd/fast-track,1,1500s,100000000,False,False,info,/home/meliani/nni-experiments,"['LSTM', 'GRU', 'CNN', 'RNN', 'TCN', 'Transformer', 'MLP']","[16, 32, 64, 128, 256]","[1, 2, 3, 4]","[0, 0.1, 0.2, 0.3, 0.5]","['relu', 'tanh', 'sigmoid', 'elu']","[1e-05, 0.01]","[2, 3, 4, 5, 6, 7, 8, 9, 10, 11, 12, 13, 14, 15, 16, 17, 18, 19, 20, 21, 22, 23, 24, 25, 26, 27, 28, 29, 30]","[16, 32, 64, 128]","[5, 10, 15, 20]","[2, 3, 5, 7]","[2, 4, 8]",GridSearch,minimize,local
8n3f5rcs,63,320,1779114343976,,/home/meliani/nni-experiments/8n3f5rcs,29,exp_GridSearch_1500s_local_plus_tt_local_plus_tt,hpo,/home/meliani/Desktop/phd/fast-track/search_space.json,python3 trial.py --data ./local_plus_tt.csv,/home/meliani/Desktop/phd/fast-track,1,1500s,100000000,False,False,info,/home/meliani/nni-experiments,"['LSTM', 'GRU', 'CNN', 'RNN', 'TCN', 'Transformer', 'MLP']","[16, 32, 64, 128, 256]","[1, 2, 3, 4]","[0, 0.1, 0.2, 0.3, 0.5]","['relu', 'tanh', 'sigmoid', 'elu']","[1e-05, 0.01]","[2, 3, 4, 5, 6, 7, 8, 9, 10, 11, 12, 13, 14, 15, 16, 17, 18, 19, 20, 21, 22, 23, 24, 25, 26, 27, 28, 29, 30]","[16, 32, 64, 128]","[5, 10, 15, 20]","[2, 3, 5, 7]","[2, 4, 8]",GridSearch,minimize,local
8n3f5rcs,64,326,1779114343976,,/home/meliani/nni-experiments/8n3f5rcs,30,exp_GridSearch_1500s_local_plus_tt_local_plus_tt,hpo,/home/meliani/Desktop/phd/fast-track/search_space.json,python3 trial.py --data ./local_plus_tt.csv,/home/meliani/Desktop/phd/fast-track,1,1500s,100000000,False,False,info,/home/meliani/nni-experiments,"['LSTM', 'GRU', 'CNN', 'RNN', 'TCN', 'Transformer', 'MLP']","[16, 32, 64, 128, 256]","[1, 2, 3, 4]","[0, 0.1, 0.2, 0.3, 0.5]","['relu', 'tanh', 'sigmoid', 'elu']","[1e-05, 0.01]","[2, 3, 4, 5, 6, 7, 8, 9, 10, 11, 12, 13, 14, 15, 16, 17, 18, 19, 20, 21, 22, 23, 24, 25, 26, 27, 28, 29, 30]","[16, 32, 64, 128]","[5, 10, 15, 20]","[2, 3, 5, 7]","[2, 4, 8]",GridSearch,minimize,local
8n3f5rcs,65,330,1779114343976,,/home/meliani/nni-experiments/8n3f5rcs,30,exp_GridSearch_1500s_local_plus_tt_local_plus_tt,hpo,/home/meliani/Desktop/phd/fast-track/search_space.json,python3 trial.py --data ./local_plus_tt.csv,/home/meliani/Desktop/phd/fast-track,1,1500s,100000000,False,False,info,/home/meliani/nni-experiments,"['LSTM', 'GRU', 'CNN', 'RNN', 'TCN', 'Transformer', 'MLP']","[16, 32, 64, 128, 256]","[1, 2, 3, 4]","[0, 0.1, 0.2, 0.3, 0.5]","['relu', 'tanh', 'sigmoid', 'elu']","[1e-05, 0.01]","[2, 3, 4, 5, 6, 7, 8, 9, 10, 11, 12, 13, 14, 15, 16, 17, 18, 19, 20, 21, 22, 23, 24, 25, 26, 27, 28, 29, 30]","[16, 32, 64, 128]","[5, 10, 15, 20]","[2, 3, 5, 7]","[2, 4, 8]",GridSearch,minimize,local
8n3f5rcs,66,340,1779114343976,,/home/meliani/nni-experiments/8n3f5rcs,30,exp_GridSearch_1500s_local_plus_tt_local_plus_tt,hpo,/home/meliani/Desktop/phd/fast-track/search_space.json,python3 trial.py --data ./local_plus_tt.csv,/home/meliani/Desktop/phd/fast-track,1,1500s,100000000,False,False,info,/home/meliani/nni-experiments,"['LSTM', 'GRU', 'CNN', 'RNN', 'TCN', 'Transformer', 'MLP']","[16, 32, 64, 128, 256]","[1, 2, 3, 4]","[0, 0.1, 0.2, 0.3, 0.5]","['relu', 'tanh', 'sigmoid', 'elu']","[1e-05, 0.01]","[2, 3, 4, 5, 6, 7, 8, 9, 10, 11, 12, 13, 14, 15, 16, 17, 18, 19, 20, 21, 22, 23, 24, 25, 26, 27, 28, 29, 30]","[16, 32, 64, 128]","[5, 10, 15, 20]","[2, 3, 5, 7]","[2, 4, 8]",GridSearch,minimize,local
8n3f5rcs,67,342,1779114343976,,/home/meliani/nni-experiments/8n3f5rcs,31,exp_GridSearch_1500s_local_plus_tt_local_plus_tt,hpo,/home/meliani/Desktop/phd/fast-track/search_space.json,python3 trial.py --data ./local_plus_tt.csv,/home/meliani/Desktop/phd/fast-track,1,1500s,100000000,False,False,info,/home/meliani/nni-experiments,"['LSTM', 'GRU', 'CNN', 'RNN', 'TCN', 'Transformer', 'MLP']","[16, 32, 64, 128, 256]","[1, 2, 3, 4]","[0, 0.1, 0.2, 0.3, 0.5]","['relu', 'tanh', 'sigmoid', 'elu']","[1e-05, 0.01]","[2, 3, 4, 5, 6, 7, 8, 9, 10, 11, 12, 13, 14, 15, 16, 17, 18, 19, 20, 21, 22, 23, 24, 25, 26, 27, 28, 29, 30]","[16, 32, 64, 128]","[5, 10, 15, 20]","[2, 3, 5, 7]","[2, 4, 8]",GridSearch,minimize,local
8n3f5rcs,68,350,1779114343976,,/home/meliani/nni-experiments/8n3f5rcs,31,exp_GridSearch_1500s_local_plus_tt_local_plus_tt,hpo,/home/meliani/Desktop/phd/fast-track/search_space.json,python3 trial.py --data ./local_plus_tt.csv,/home/meliani/Desktop/phd/fast-track,1,1500s,100000000,False,False,info,/home/meliani/nni-experiments,"['LSTM', 'GRU', 'CNN', 'RNN', 'TCN', 'Transformer', 'MLP']","[16, 32, 64, 128, 256]","[1, 2, 3, 4]","[0, 0.1, 0.2, 0.3, 0.5]","['relu', 'tanh', 'sigmoid', 'elu']","[1e-05, 0.01]","[2, 3, 4, 5, 6, 7, 8, 9, 10, 11, 12, 13, 14, 15, 16, 17, 18, 19, 20, 21, 22, 23, 24, 25, 26, 27, 28, 29, 30]","[16, 32, 64, 128]","[5, 10, 15, 20]","[2, 3, 5, 7]","[2, 4, 8]",GridSearch,minimize,local
8n3f5rcs,69,357,1779114343976,,/home/meliani/nni-experiments/8n3f5rcs,32,exp_GridSearch_1500s_local_plus_tt_local_plus_tt,hpo,/home/meliani/Desktop/phd/fast-track/search_space.json,python3 trial.py --data ./local_plus_tt.csv,/home/meliani/Desktop/phd/fast-track,1,1500s,100000000,False,False,info,/home/meliani/nni-experiments,"['LSTM', 'GRU', 'CNN', 'RNN', 'TCN', 'Transformer', 'MLP']","[16, 32, 64, 128, 256]","[1, 2, 3, 4]","[0, 0.1, 0.2, 0.3, 0.5]","['relu', 'tanh', 'sigmoid', 'elu']","[1e-05, 0.01]","[2, 3, 4, 5, 6, 7, 8, 9, 10, 11, 12, 13, 14, 15, 16, 17, 18, 19, 20, 21, 22, 23, 24, 25, 26, 27, 28, 29, 30]","[16, 32, 64, 128]","[5, 10, 15, 20]","[2, 3, 5, 7]","[2, 4, 8]",GridSearch,minimize,local
8n3f5rcs,70,360,1779114343976,,/home/meliani/nni-experiments/8n3f5rcs,32,exp_GridSearch_1500s_local_plus_tt_local_plus_tt,hpo,/home/meliani/Desktop/phd/fast-track/search_space.json,python3 trial.py --data ./local_plus_tt.csv,/home/meliani/Desktop/phd/fast-track,1,1500s,100000000,False,False,info,/home/meliani/nni-experiments,"['LSTM', 'GRU', 'CNN', 'RNN', 'TCN', 'Transformer', 'MLP']","[16, 32, 64, 128, 256]","[1, 2, 3, 4]","[0, 0.1, 0.2, 0.3, 0.5]","['relu', 'tanh', 'sigmoid', 'elu']","[1e-05, 0.01]","[2, 3, 4, 5, 6, 7, 8, 9, 10, 11, 12, 13, 14, 15, 16, 17, 18, 19, 20, 21, 22, 23, 24, 25, 26, 27, 28, 29, 30]","[16, 32, 64, 128]","[5, 10, 15, 20]","[2, 3, 5, 7]","[2, 4, 8]",GridSearch,minimize,local
8n3f5rcs,71,370,1779114343976,,/home/meliani/nni-experiments/8n3f5rcs,32,exp_GridSearch_1500s_local_plus_tt_local_plus_tt,hpo,/home/meliani/Desktop/phd/fast-track/search_space.json,python3 trial.py --data ./local_plus_tt.csv,/home/meliani/Desktop/phd/fast-track,1,1500s,100000000,False,False,info,/home/meliani/nni-experiments,"['LSTM', 'GRU', 'CNN', 'RNN', 'TCN', 'Transformer', 'MLP']","[16, 32, 64, 128, 256]","[1, 2, 3, 4]","[0, 0.1, 0.2, 0.3, 0.5]","['relu', 'tanh', 'sigmoid', 'elu']","[1e-05, 0.01]","[2, 3, 4, 5, 6, 7, 8, 9, 10, 11, 12, 13, 14, 15, 16, 17, 18, 19, 20, 21, 22, 23, 24, 25, 26, 27, 28, 29, 30]","[16, 32, 64, 128]","[5, 10, 15, 20]","[2, 3, 5, 7]","[2, 4, 8]",GridSearch,minimize,local
8n3f5rcs,72,372,1779114343976,,/home/meliani/nni-experiments/8n3f5rcs,33,exp_GridSearch_1500s_local_plus_tt_local_plus_tt,hpo,/home/meliani/Desktop/phd/fast-track/search_space.json,python3 trial.py --data ./local_plus_tt.csv,/home/meliani/Desktop/phd/fast-track,1,1500s,100000000,False,False,info,/home/meliani/nni-experiments,"['LSTM', 'GRU', 'CNN', 'RNN', 'TCN', 'Transformer', 'MLP']","[16, 32, 64, 128, 256]","[1, 2, 3, 4]","[0, 0.1, 0.2, 0.3, 0.5]","['relu', 'tanh', 'sigmoid', 'elu']","[1e-05, 0.01]","[2, 3, 4, 5, 6, 7, 8, 9, 10, 11, 12, 13, 14, 15, 16, 17, 18, 19, 20, 21, 22, 23, 24, 25, 26, 27, 28, 29, 30]","[16, 32, 64, 128]","[5, 10, 15, 20]","[2, 3, 5, 7]","[2, 4, 8]",GridSearch,minimize,local
8n3f5rcs,73,380,1779114343976,,/home/meliani/nni-experiments/8n3f5rcs,33,exp_GridSearch_1500s_local_plus_tt_local_plus_tt,hpo,/home/meliani/Desktop/phd/fast-track/search_space.json,python3 trial.py --data ./local_plus_tt.csv,/home/meliani/Desktop/phd/fast-track,1,1500s,100000000,False,False,info,/home/meliani/nni-experiments,"['LSTM', 'GRU', 'CNN', 'RNN', 'TCN', 'Transformer', 'MLP']","[16, 32, 64, 128, 256]","[1, 2, 3, 4]","[0, 0.1, 0.2, 0.3, 0.5]","['relu', 'tanh', 'sigmoid', 'elu']","[1e-05, 0.01]","[2, 3, 4, 5, 6, 7, 8, 9, 10, 11, 12, 13, 14, 15, 16, 17, 18, 19, 20, 21, 22, 23, 24, 25, 26, 27, 28, 29, 30]","[16, 32, 64, 128]","[5, 10, 15, 20]","[2, 3, 5, 7]","[2, 4, 8]",GridSearch,minimize,local
8n3f5rcs,74,387,1779114343976,,/home/meliani/nni-experiments/8n3f5rcs,34,exp_GridSearch_1500s_local_plus_tt_local_plus_tt,hpo,/home/meliani/Desktop/phd/fast-track/search_space.json,python3 trial.py --data ./local_plus_tt.csv,/home/meliani/Desktop/phd/fast-track,1,1500s,100000000,False,False,info,/home/meliani/nni-experiments,"['LSTM', 'GRU', 'CNN', 'RNN', 'TCN', 'Transformer', 'MLP']","[16, 32, 64, 128, 256]","[1, 2, 3, 4]","[0, 0.1, 0.2, 0.3, 0.5]","['relu', 'tanh', 'sigmoid', 'elu']","[1e-05, 0.01]","[2, 3, 4, 5, 6, 7, 8, 9, 10, 11, 12, 13, 14, 15, 16, 17, 18, 19, 20, 21, 22, 23, 24, 25, 26, 27, 28, 29, 30]","[16, 32, 64, 128]","[5, 10, 15, 20]","[2, 3, 5, 7]","[2, 4, 8]",GridSearch,minimize,local
8n3f5rcs,75,390,1779114343976,,/home/meliani/nni-experiments/8n3f5rcs,34,exp_GridSearch_1500s_local_plus_tt_local_plus_tt,hpo,/home/meliani/Desktop/phd/fast-track/search_space.json,python3 trial.py --data ./local_plus_tt.csv,/home/meliani/Desktop/phd/fast-track,1,1500s,100000000,False,False,info,/home/meliani/nni-experiments,"['LSTM', 'GRU', 'CNN', 'RNN', 'TCN', 'Transformer', 'MLP']","[16, 32, 64, 128, 256]","[1, 2, 3, 4]","[0, 0.1, 0.2, 0.3, 0.5]","['relu', 'tanh', 'sigmoid', 'elu']","[1e-05, 0.01]","[2, 3, 4, 5, 6, 7, 8, 9, 10, 11, 12, 13, 14, 15, 16, 17, 18, 19, 20, 21, 22, 23, 24, 25, 26, 27, 28, 29, 30]","[16, 32, 64, 128]","[5, 10, 15, 20]","[2, 3, 5, 7]","[2, 4, 8]",GridSearch,minimize,local
8n3f5rcs,76,400,1779114343976,,/home/meliani/nni-experiments/8n3f5rcs,34,exp_GridSearch_1500s_local_plus_tt_local_plus_tt,hpo,/home/meliani/Desktop/phd/fast-track/search_space.json,python3 trial.py --data ./local_plus_tt.csv,/home/meliani/Desktop/phd/fast-track,1,1500s,100000000,False,False,info,/home/meliani/nni-experiments,"['LSTM', 'GRU', 'CNN', 'RNN', 'TCN', 'Transformer', 'MLP']","[16, 32, 64, 128, 256]","[1, 2, 3, 4]","[0, 0.1, 0.2, 0.3, 0.5]","['relu', 'tanh', 'sigmoid', 'elu']","[1e-05, 0.01]","[2, 3, 4, 5, 6, 7, 8, 9, 10, 11, 12, 13, 14, 15, 16, 17, 18, 19, 20, 21, 22, 23, 24, 25, 26, 27, 28, 29, 30]","[16, 32, 64, 128]","[5, 10, 15, 20]","[2, 3, 5, 7]","[2, 4, 8]",GridSearch,minimize,local
8n3f5rcs,77,403,1779114343976,,/home/meliani/nni-experiments/8n3f5rcs,35,exp_GridSearch_1500s_local_plus_tt_local_plus_tt,hpo,/home/meliani/Desktop/phd/fast-track/search_space.json,python3 trial.py --data ./local_plus_tt.csv,/home/meliani/Desktop/phd/fast-track,1,1500s,100000000,False,False,info,/home/meliani/nni-experiments,"['LSTM', 'GRU', 'CNN', 'RNN', 'TCN', 'Transformer', 'MLP']","[16, 32, 64, 128, 256]","[1, 2, 3, 4]","[0, 0.1, 0.2, 0.3, 0.5]","['relu', 'tanh', 'sigmoid', 'elu']","[1e-05, 0.01]","[2, 3, 4, 5, 6, 7, 8, 9, 10, 11, 12, 13, 14, 15, 16, 17, 18, 19, 20, 21, 22, 23, 24, 25, 26, 27, 28, 29, 30]","[16, 32, 64, 128]","[5, 10, 15, 20]","[2, 3, 5, 7]","[2, 4, 8]",GridSearch,minimize,local
8n3f5rcs,78,410,1779114343976,,/home/meliani/nni-experiments/8n3f5rcs,35,exp_GridSearch_1500s_local_plus_tt_local_plus_tt,hpo,/home/meliani/Desktop/phd/fast-track/search_space.json,python3 trial.py --data ./local_plus_tt.csv,/home/meliani/Desktop/phd/fast-track,1,1500s,100000000,False,False,info,/home/meliani/nni-experiments,"['LSTM', 'GRU', 'CNN', 'RNN', 'TCN', 'Transformer', 'MLP']","[16, 32, 64, 128, 256]","[1, 2, 3, 4]","[0, 0.1, 0.2, 0.3, 0.5]","['relu', 'tanh', 'sigmoid', 'elu']","[1e-05, 0.01]","[2, 3, 4, 5, 6, 7, 8, 9, 10, 11, 12, 13, 14, 15, 16, 17, 18, 19, 20, 21, 22, 23, 24, 25, 26, 27, 28, 29, 30]","[16, 32, 64, 128]","[5, 10, 15, 20]","[2, 3, 5, 7]","[2, 4, 8]",GridSearch,minimize,local
8n3f5rcs,79,418,1779114343976,,/home/meliani/nni-experiments/8n3f5rcs,36,exp_GridSearch_1500s_local_plus_tt_local_plus_tt,hpo,/home/meliani/Desktop/phd/fast-track/search_space.json,python3 trial.py --data ./local_plus_tt.csv,/home/meliani/Desktop/phd/fast-track,1,1500s,100000000,False,False,info,/home/meliani/nni-experiments,"['LSTM', 'GRU', 'CNN', 'RNN', 'TCN', 'Transformer', 'MLP']","[16, 32, 64, 128, 256]","[1, 2, 3, 4]","[0, 0.1, 0.2, 0.3, 0.5]","['relu', 'tanh', 'sigmoid', 'elu']","[1e-05, 0.01]","[2, 3, 4, 5, 6, 7, 8, 9, 10, 11, 12, 13, 14, 15, 16, 17, 18, 19, 20, 21, 22, 23, 24, 25, 26, 27, 28, 29, 30]","[16, 32, 64, 128]","[5, 10, 15, 20]","[2, 3, 5, 7]","[2, 4, 8]",GridSearch,minimize,local
8n3f5rcs,80,420,1779114343976,,/home/meliani/nni-experiments/8n3f5rcs,36,exp_GridSearch_1500s_local_plus_tt_local_plus_tt,hpo,/home/meliani/Desktop/phd/fast-track/search_space.json,python3 trial.py --data ./local_plus_tt.csv,/home/meliani/Desktop/phd/fast-track,1,1500s,100000000,False,False,info,/home/meliani/nni-experiments,"['LSTM', 'GRU', 'CNN', 'RNN', 'TCN', 'Transformer', 'MLP']","[16, 32, 64, 128, 256]","[1, 2, 3, 4]","[0, 0.1, 0.2, 0.3, 0.5]","['relu', 'tanh', 'sigmoid', 'elu']","[1e-05, 0.01]","[2, 3, 4, 5, 6, 7, 8, 9, 10, 11, 12, 13, 14, 15, 16, 17, 18, 19, 20, 21, 22, 23, 24, 25, 26, 27, 28, 29, 30]","[16, 32, 64, 128]","[5, 10, 15, 20]","[2, 3, 5, 7]","[2, 4, 8]",GridSearch,minimize,local
8n3f5rcs,81,430,1779114343976,,/home/meliani/nni-experiments/8n3f5rcs,36,exp_GridSearch_1500s_local_plus_tt_local_plus_tt,hpo,/home/meliani/Desktop/phd/fast-track/search_space.json,python3 trial.py --data ./local_plus_tt.csv,/home/meliani/Desktop/phd/fast-track,1,1500s,100000000,False,False,info,/home/meliani/nni-experiments,"['LSTM', 'GRU', 'CNN', 'RNN', 'TCN', 'Transformer', 'MLP']","[16, 32, 64, 128, 256]","[1, 2, 3, 4]","[0, 0.1, 0.2, 0.3, 0.5]","['relu', 'tanh', 'sigmoid', 'elu']","[1e-05, 0.01]","[2, 3, 4, 5, 6, 7, 8, 9, 10, 11, 12, 13, 14, 15, 16, 17, 18, 19, 20, 21, 22, 23, 24, 25, 26, 27, 28, 29, 30]","[16, 32, 64, 128]","[5, 10, 15, 20]","[2, 3, 5, 7]","[2, 4, 8]",GridSearch,minimize,local
8n3f5rcs,82,433,1779114343976,,/home/meliani/nni-experiments/8n3f5rcs,37,exp_GridSearch_1500s_local_plus_tt_local_plus_tt,hpo,/home/meliani/Desktop/phd/fast-track/search_space.json,python3 trial.py --data ./local_plus_tt.csv,/home/meliani/Desktop/phd/fast-track,1,1500s,100000000,False,False,info,/home/meliani/nni-experiments,"['LSTM', 'GRU', 'CNN', 'RNN', 'TCN', 'Transformer', 'MLP']","[16, 32, 64, 128, 256]","[1, 2, 3, 4]","[0, 0.1, 0.2, 0.3, 0.5]","['relu', 'tanh', 'sigmoid', 'elu']","[1e-05, 0.01]","[2, 3, 4, 5, 6, 7, 8, 9, 10, 11, 12, 13, 14, 15, 16, 17, 18, 19, 20, 21, 22, 23, 24, 25, 26, 27, 28, 29, 30]","[16, 32, 64, 128]","[5, 10, 15, 20]","[2, 3, 5, 7]","[2, 4, 8]",GridSearch,minimize,local
8n3f5rcs,83,440,1779114343976,,/home/meliani/nni-experiments/8n3f5rcs,37,exp_GridSearch_1500s_local_plus_tt_local_plus_tt,hpo,/home/meliani/Desktop/phd/fast-track/search_space.json,python3 trial.py --data ./local_plus_tt.csv,/home/meliani/Desktop/phd/fast-track,1,1500s,100000000,False,False,info,/home/meliani/nni-experiments,"['LSTM', 'GRU', 'CNN', 'RNN', 'TCN', 'Transformer', 'MLP']","[16, 32, 64, 128, 256]","[1, 2, 3, 4]","[0, 0.1, 0.2, 0.3, 0.5]","['relu', 'tanh', 'sigmoid', 'elu']","[1e-05, 0.01]","[2, 3, 4, 5, 6, 7, 8, 9, 10, 11, 12, 13, 14, 15, 16, 17, 18, 19, 20, 21, 22, 23, 24, 25, 26, 27, 28, 29, 30]","[16, 32, 64, 128]","[5, 10, 15, 20]","[2, 3, 5, 7]","[2, 4, 8]",GridSearch,minimize,local
8n3f5rcs,84,450,1779114343976,,/home/meliani/nni-experiments/8n3f5rcs,37,exp_GridSearch_1500s_local_plus_tt_local_plus_tt,hpo,/home/meliani/Desktop/phd/fast-track/search_space.json,python3 trial.py --data ./local_plus_tt.csv,/home/meliani/Desktop/phd/fast-track,1,1500s,100000000,False,False,info,/home/meliani/nni-experiments,"['LSTM', 'GRU', 'CNN', 'RNN', 'TCN', 'Transformer', 'MLP']","[16, 32, 64, 128, 256]","[1, 2, 3, 4]","[0, 0.1, 0.2, 0.3, 0.5]","['relu', 'tanh', 'sigmoid', 'elu']","[1e-05, 0.01]","[2, 3, 4, 5, 6, 7, 8, 9, 10, 11, 12, 13, 14, 15, 16, 17, 18, 19, 20, 21, 22, 23, 24, 25, 26, 27, 28, 29, 30]","[16, 32, 64, 128]","[5, 10, 15, 20]","[2, 3, 5, 7]","[2, 4, 8]",GridSearch,minimize,local
8n3f5rcs,85,450,1779114343976,,/home/meliani/nni-experiments/8n3f5rcs,38,exp_GridSearch_1500s_local_plus_tt_local_plus_tt,hpo,/home/meliani/Desktop/phd/fast-track/search_space.json,python3 trial.py --data ./local_plus_tt.csv,/home/meliani/Desktop/phd/fast-track,1,1500s,100000000,False,False,info,/home/meliani/nni-experiments,"['LSTM', 'GRU', 'CNN', 'RNN', 'TCN', 'Transformer', 'MLP']","[16, 32, 64, 128, 256]","[1, 2, 3, 4]","[0, 0.1, 0.2, 0.3, 0.5]","['relu', 'tanh', 'sigmoid', 'elu']","[1e-05, 0.01]","[2, 3, 4, 5, 6, 7, 8, 9, 10, 11, 12, 13, 14, 15, 16, 17, 18, 19, 20, 21, 22, 23, 24, 25, 26, 27, 28, 29, 30]","[16, 32, 64, 128]","[5, 10, 15, 20]","[2, 3, 5, 7]","[2, 4, 8]",GridSearch,minimize,local
8n3f5rcs,86,460,1779114343976,,/home/meliani/nni-experiments/8n3f5rcs,38,exp_GridSearch_1500s_local_plus_tt_local_plus_tt,hpo,/home/meliani/Desktop/phd/fast-track/search_space.json,python3 trial.py --data ./local_plus_tt.csv,/home/meliani/Desktop/phd/fast-track,1,1500s,100000000,False,False,info,/home/meliani/nni-experiments,"['LSTM', 'GRU', 'CNN', 'RNN', 'TCN', 'Transformer', 'MLP']","[16, 32, 64, 128, 256]","[1, 2, 3, 4]","[0, 0.1, 0.2, 0.3, 0.5]","['relu', 'tanh', 'sigmoid', 'elu']","[1e-05, 0.01]","[2, 3, 4, 5, 6, 7, 8, 9, 10, 11, 12, 13, 14, 15, 16, 17, 18, 19, 20, 21, 22, 23, 24, 25, 26, 27, 28, 29, 30]","[16, 32, 64, 128]","[5, 10, 15, 20]","[2, 3, 5, 7]","[2, 4, 8]",GridSearch,minimize,local
8n3f5rcs,87,467,1779114343976,,/home/meliani/nni-experiments/8n3f5rcs,39,exp_GridSearch_1500s_local_plus_tt_local_plus_tt,hpo,/home/meliani/Desktop/phd/fast-track/search_space.json,python3 trial.py --data ./local_plus_tt.csv,/home/meliani/Desktop/phd/fast-track,1,1500s,100000000,False,False,info,/home/meliani/nni-experiments,"['LSTM', 'GRU', 'CNN', 'RNN', 'TCN', 'Transformer', 'MLP']","[16, 32, 64, 128, 256]","[1, 2, 3, 4]","[0, 0.1, 0.2, 0.3, 0.5]","['relu', 'tanh', 'sigmoid', 'elu']","[1e-05, 0.01]","[2, 3, 4, 5, 6, 7, 8, 9, 10, 11, 12, 13, 14, 15, 16, 17, 18, 19, 20, 21, 22, 23, 24, 25, 26, 27, 28, 29, 30]","[16, 32, 64, 128]","[5, 10, 15, 20]","[2, 3, 5, 7]","[2, 4, 8]",GridSearch,minimize,local
8n3f5rcs,88,470,1779114343976,,/home/meliani/nni-experiments/8n3f5rcs,39,exp_GridSearch_1500s_local_plus_tt_local_plus_tt,hpo,/home/meliani/Desktop/phd/fast-track/search_space.json,python3 trial.py --data ./local_plus_tt.csv,/home/meliani/Desktop/phd/fast-track,1,1500s,100000000,False,False,info,/home/meliani/nni-experiments,"['LSTM', 'GRU', 'CNN', 'RNN', 'TCN', 'Transformer', 'MLP']","[16, 32, 64, 128, 256]","[1, 2, 3, 4]","[0, 0.1, 0.2, 0.3, 0.5]","['relu', 'tanh', 'sigmoid', 'elu']","[1e-05, 0.01]","[2, 3, 4, 5, 6, 7, 8, 9, 10, 11, 12, 13, 14, 15, 16, 17, 18, 19, 20, 21, 22, 23, 24, 25, 26, 27, 28, 29, 30]","[16, 32, 64, 128]","[5, 10, 15, 20]","[2, 3, 5, 7]","[2, 4, 8]",GridSearch,minimize,local
8n3f5rcs,89,480,1779114343976,,/home/meliani/nni-experiments/8n3f5rcs,39,exp_GridSearch_1500s_local_plus_tt_local_plus_tt,hpo,/home/meliani/Desktop/phd/fast-track/search_space.json,python3 trial.py --data ./local_plus_tt.csv,/home/meliani/Desktop/phd/fast-track,1,1500s,100000000,False,False,info,/home/meliani/nni-experiments,"['LSTM', 'GRU', 'CNN', 'RNN', 'TCN', 'Transformer', 'MLP']","[16, 32, 64, 128, 256]","[1, 2, 3, 4]","[0, 0.1, 0.2, 0.3, 0.5]","['relu', 'tanh', 'sigmoid', 'elu']","[1e-05, 0.01]","[2, 3, 4, 5, 6, 7, 8, 9, 10, 11, 12, 13, 14, 15, 16, 17, 18, 19, 20, 21, 22, 23, 24, 25, 26, 27, 28, 29, 30]","[16, 32, 64, 128]","[5, 10, 15, 20]","[2, 3, 5, 7]","[2, 4, 8]",GridSearch,minimize,local
8n3f5rcs,90,486,1779114343976,,/home/meliani/nni-experiments/8n3f5rcs,40,exp_GridSearch_1500s_local_plus_tt_local_plus_tt,hpo,/home/meliani/Desktop/phd/fast-track/search_space.json,python3 trial.py --data ./local_plus_tt.csv,/home/meliani/Desktop/phd/fast-track,1,1500s,100000000,False,False,info,/home/meliani/nni-experiments,"['LSTM', 'GRU', 'CNN', 'RNN', 'TCN', 'Transformer', 'MLP']","[16, 32, 64, 128, 256]","[1, 2, 3, 4]","[0, 0.1, 0.2, 0.3, 0.5]","['relu', 'tanh', 'sigmoid', 'elu']","[1e-05, 0.01]","[2, 3, 4, 5, 6, 7, 8, 9, 10, 11, 12, 13, 14, 15, 16, 17, 18, 19, 20, 21, 22, 23, 24, 25, 26, 27, 28, 29, 30]","[16, 32, 64, 128]","[5, 10, 15, 20]","[2, 3, 5, 7]","[2, 4, 8]",GridSearch,minimize,local
8n3f5rcs,91,490,1779114343976,,/home/meliani/nni-experiments/8n3f5rcs,40,exp_GridSearch_1500s_local_plus_tt_local_plus_tt,hpo,/home/meliani/Desktop/phd/fast-track/search_space.json,python3 trial.py --data ./local_plus_tt.csv,/home/meliani/Desktop/phd/fast-track,1,1500s,100000000,False,False,info,/home/meliani/nni-experiments,"['LSTM', 'GRU', 'CNN', 'RNN', 'TCN', 'Transformer', 'MLP']","[16, 32, 64, 128, 256]","[1, 2, 3, 4]","[0, 0.1, 0.2, 0.3, 0.5]","['relu', 'tanh', 'sigmoid', 'elu']","[1e-05, 0.01]","[2, 3, 4, 5, 6, 7, 8, 9, 10, 11, 12, 13, 14, 15, 16, 17, 18, 19, 20, 21, 22, 23, 24, 25, 26, 27, 28, 29, 30]","[16, 32, 64, 128]","[5, 10, 15, 20]","[2, 3, 5, 7]","[2, 4, 8]",GridSearch,minimize,local
8n3f5rcs,92,500,1779114343976,,/home/meliani/nni-experiments/8n3f5rcs,40,exp_GridSearch_1500s_local_plus_tt_local_plus_tt,hpo,/home/meliani/Desktop/phd/fast-track/search_space.json,python3 trial.py --data ./local_plus_tt.csv,/home/meliani/Desktop/phd/fast-track,1,1500s,100000000,False,False,info,/home/meliani/nni-experiments,"['LSTM', 'GRU', 'CNN', 'RNN', 'TCN', 'Transformer', 'MLP']","[16, 32, 64, 128, 256]","[1, 2, 3, 4]","[0, 0.1, 0.2, 0.3, 0.5]","['relu', 'tanh', 'sigmoid', 'elu']","[1e-05, 0.01]","[2, 3, 4, 5, 6, 7, 8, 9, 10, 11, 12, 13, 14, 15, 16, 17, 18, 19, 20, 21, 22, 23, 24, 25, 26, 27, 28, 29, 30]","[16, 32, 64, 128]","[5, 10, 15, 20]","[2, 3, 5, 7]","[2, 4, 8]",GridSearch,minimize,local
8n3f5rcs,93,504,1779114343976,,/home/meliani/nni-experiments/8n3f5rcs,41,exp_GridSearch_1500s_local_plus_tt_local_plus_tt,hpo,/home/meliani/Desktop/phd/fast-track/search_space.json,python3 trial.py --data ./local_plus_tt.csv,/home/meliani/Desktop/phd/fast-track,1,1500s,100000000,False,False,info,/home/meliani/nni-experiments,"['LSTM', 'GRU', 'CNN', 'RNN', 'TCN', 'Transformer', 'MLP']","[16, 32, 64, 128, 256]","[1, 2, 3, 4]","[0, 0.1, 0.2, 0.3, 0.5]","['relu', 'tanh', 'sigmoid', 'elu']","[1e-05, 0.01]","[2, 3, 4, 5, 6, 7, 8, 9, 10, 11, 12, 13, 14, 15, 16, 17, 18, 19, 20, 21, 22, 23, 24, 25, 26, 27, 28, 29, 30]","[16, 32, 64, 128]","[5, 10, 15, 20]","[2, 3, 5, 7]","[2, 4, 8]",GridSearch,minimize,local
8n3f5rcs,94,510,1779114343976,,/home/meliani/nni-experiments/8n3f5rcs,41,exp_GridSearch_1500s_local_plus_tt_local_plus_tt,hpo,/home/meliani/Desktop/phd/fast-track/search_space.json,python3 trial.py --data ./local_plus_tt.csv,/home/meliani/Desktop/phd/fast-track,1,1500s,100000000,False,False,info,/home/meliani/nni-experiments,"['LSTM', 'GRU', 'CNN', 'RNN', 'TCN', 'Transformer', 'MLP']","[16, 32, 64, 128, 256]","[1, 2, 3, 4]","[0, 0.1, 0.2, 0.3, 0.5]","['relu', 'tanh', 'sigmoid', 'elu']","[1e-05, 0.01]","[2, 3, 4, 5, 6, 7, 8, 9, 10, 11, 12, 13, 14, 15, 16, 17, 18, 19, 20, 21, 22, 23, 24, 25, 26, 27, 28, 29, 30]","[16, 32, 64, 128]","[5, 10, 15, 20]","[2, 3, 5, 7]","[2, 4, 8]",GridSearch,minimize,local
8n3f5rcs,95,520,1779114343976,,/home/meliani/nni-experiments/8n3f5rcs,41,exp_GridSearch_1500s_local_plus_tt_local_plus_tt,hpo,/home/meliani/Desktop/phd/fast-track/search_space.json,python3 trial.py --data ./local_plus_tt.csv,/home/meliani/Desktop/phd/fast-track,1,1500s,100000000,False,False,info,/home/meliani/nni-experiments,"['LSTM', 'GRU', 'CNN', 'RNN', 'TCN', 'Transformer', 'MLP']","[16, 32, 64, 128, 256]","[1, 2, 3, 4]","[0, 0.1, 0.2, 0.3, 0.5]","['relu', 'tanh', 'sigmoid', 'elu']","[1e-05, 0.01]","[2, 3, 4, 5, 6, 7, 8, 9, 10, 11, 12, 13, 14, 15, 16, 17, 18, 19, 20, 21, 22, 23, 24, 25, 26, 27, 28, 29, 30]","[16, 32, 64, 128]","[5, 10, 15, 20]","[2, 3, 5, 7]","[2, 4, 8]",GridSearch,minimize,local
8n3f5rcs,96,522,1779114343976,,/home/meliani/nni-experiments/8n3f5rcs,42,exp_GridSearch_1500s_local_plus_tt_local_plus_tt,hpo,/home/meliani/Desktop/phd/fast-track/search_space.json,python3 trial.py --data ./local_plus_tt.csv,/home/meliani/Desktop/phd/fast-track,1,1500s,100000000,False,False,info,/home/meliani/nni-experiments,"['LSTM', 'GRU', 'CNN', 'RNN', 'TCN', 'Transformer', 'MLP']","[16, 32, 64, 128, 256]","[1, 2, 3, 4]","[0, 0.1, 0.2, 0.3, 0.5]","['relu', 'tanh', 'sigmoid', 'elu']","[1e-05, 0.01]","[2, 3, 4, 5, 6, 7, 8, 9, 10, 11, 12, 13, 14, 15, 16, 17, 18, 19, 20, 21, 22, 23, 24, 25, 26, 27, 28, 29, 30]","[16, 32, 64, 128]","[5, 10, 15, 20]","[2, 3, 5, 7]","[2, 4, 8]",GridSearch,minimize,local
8n3f5rcs,97,530,1779114343976,,/home/meliani/nni-experiments/8n3f5rcs,42,exp_GridSearch_1500s_local_plus_tt_local_plus_tt,hpo,/home/meliani/Desktop/phd/fast-track/search_space.json,python3 trial.py --data ./local_plus_tt.csv,/home/meliani/Desktop/phd/fast-track,1,1500s,100000000,False,False,info,/home/meliani/nni-experiments,"['LSTM', 'GRU', 'CNN', 'RNN', 'TCN', 'Transformer', 'MLP']","[16, 32, 64, 128, 256]","[1, 2, 3, 4]","[0, 0.1, 0.2, 0.3, 0.5]","['relu', 'tanh', 'sigmoid', 'elu']","[1e-05, 0.01]","[2, 3, 4, 5, 6, 7, 8, 9, 10, 11, 12, 13, 14, 15, 16, 17, 18, 19, 20, 21, 22, 23, 24, 25, 26, 27, 28, 29, 30]","[16, 32, 64, 128]","[5, 10, 15, 20]","[2, 3, 5, 7]","[2, 4, 8]",GridSearch,minimize,local
8n3f5rcs,98,539,1779114343976,,/home/meliani/nni-experiments/8n3f5rcs,43,exp_GridSearch_1500s_local_plus_tt_local_plus_tt,hpo,/home/meliani/Desktop/phd/fast-track/search_space.json,python3 trial.py --data ./local_plus_tt.csv,/home/meliani/Desktop/phd/fast-track,1,1500s,100000000,False,False,info,/home/meliani/nni-experiments,"['LSTM', 'GRU', 'CNN', 'RNN', 'TCN', 'Transformer', 'MLP']","[16, 32, 64, 128, 256]","[1, 2, 3, 4]","[0, 0.1, 0.2, 0.3, 0.5]","['relu', 'tanh', 'sigmoid', 'elu']","[1e-05, 0.01]","[2, 3, 4, 5, 6, 7, 8, 9, 10, 11, 12, 13, 14, 15, 16, 17, 18, 19, 20, 21, 22, 23, 24, 25, 26, 27, 28, 29, 30]","[16, 32, 64, 128]","[5, 10, 15, 20]","[2, 3, 5, 7]","[2, 4, 8]",GridSearch,minimize,local
8n3f5rcs,99,540,1779114343976,,/home/meliani/nni-experiments/8n3f5rcs,43,exp_GridSearch_1500s_local_plus_tt_local_plus_tt,hpo,/home/meliani/Desktop/phd/fast-track/search_space.json,python3 trial.py --data ./local_plus_tt.csv,/home/meliani/Desktop/phd/fast-track,1,1500s,100000000,False,False,info,/home/meliani/nni-experiments,"['LSTM', 'GRU', 'CNN', 'RNN', 'TCN', 'Transformer', 'MLP']","[16, 32, 64, 128, 256]","[1, 2, 3, 4]","[0, 0.1, 0.2, 0.3, 0.5]","['relu', 'tanh', 'sigmoid', 'elu']","[1e-05, 0.01]","[2, 3, 4, 5, 6, 7, 8, 9, 10, 11, 12, 13, 14, 15, 16, 17, 18, 19, 20, 21, 22, 23, 24, 25, 26, 27, 28, 29, 30]","[16, 32, 64, 128]","[5, 10, 15, 20]","[2, 3, 5, 7]","[2, 4, 8]",GridSearch,minimize,local
8n3f5rcs,100,550,1779114343976,,/home/meliani/nni-experiments/8n3f5rcs,43,exp_GridSearch_1500s_local_plus_tt_local_plus_tt,hpo,/home/meliani/Desktop/phd/fast-track/search_space.json,python3 trial.py --data ./local_plus_tt.csv,/home/meliani/Desktop/phd/fast-track,1,1500s,100000000,False,False,info,/home/meliani/nni-experiments,"['LSTM', 'GRU', 'CNN', 'RNN', 'TCN', 'Transformer', 'MLP']","[16, 32, 64, 128, 256]","[1, 2, 3, 4]","[0, 0.1, 0.2, 0.3, 0.5]","['relu', 'tanh', 'sigmoid', 'elu']","[1e-05, 0.01]","[2, 3, 4, 5, 6, 7, 8, 9, 10, 11, 12, 13, 14, 15, 16, 17, 18, 19, 20, 21, 22, 23, 24, 25, 26, 27, 28, 29, 30]","[16, 32, 64, 128]","[5, 10, 15, 20]","[2, 3, 5, 7]","[2, 4, 8]",GridSearch,minimize,local
8n3f5rcs,101,557,1779114343976,,/home/meliani/nni-experiments/8n3f5rcs,44,exp_GridSearch_1500s_local_plus_tt_local_plus_tt,hpo,/home/meliani/Desktop/phd/fast-track/search_space.json,python3 trial.py --data ./local_plus_tt.csv,/home/meliani/Desktop/phd/fast-track,1,1500s,100000000,False,False,info,/home/meliani/nni-experiments,"['LSTM', 'GRU', 'CNN', 'RNN', 'TCN', 'Transformer', 'MLP']","[16, 32, 64, 128, 256]","[1, 2, 3, 4]","[0, 0.1, 0.2, 0.3, 0.5]","['relu', 'tanh', 'sigmoid', 'elu']","[1e-05, 0.01]","[2, 3, 4, 5, 6, 7, 8, 9, 10, 11, 12, 13, 14, 15, 16, 17, 18, 19, 20, 21, 22, 23, 24, 25, 26, 27, 28, 29, 30]","[16, 32, 64, 128]","[5, 10, 15, 20]","[2, 3, 5, 7]","[2, 4, 8]",GridSearch,minimize,local
8n3f5rcs,102,560,1779114343976,,/home/meliani/nni-experiments/8n3f5rcs,44,exp_GridSearch_1500s_local_plus_tt_local_plus_tt,hpo,/home/meliani/Desktop/phd/fast-track/search_space.json,python3 trial.py --data ./local_plus_tt.csv,/home/meliani/Desktop/phd/fast-track,1,1500s,100000000,False,False,info,/home/meliani/nni-experiments,"['LSTM', 'GRU', 'CNN', 'RNN', 'TCN', 'Transformer', 'MLP']","[16, 32, 64, 128, 256]","[1, 2, 3, 4]","[0, 0.1, 0.2, 0.3, 0.5]","['relu', 'tanh', 'sigmoid', 'elu']","[1e-05, 0.01]","[2, 3, 4, 5, 6, 7, 8, 9, 10, 11, 12, 13, 14, 15, 16, 17, 18, 19, 20, 21, 22, 23, 24, 25, 26, 27, 28, 29, 30]","[16, 32, 64, 128]","[5, 10, 15, 20]","[2, 3, 5, 7]","[2, 4, 8]",GridSearch,minimize,local
8n3f5rcs,103,570,1779114343976,,/home/meliani/nni-experiments/8n3f5rcs,44,exp_GridSearch_1500s_local_plus_tt_local_plus_tt,hpo,/home/meliani/Desktop/phd/fast-track/search_space.json,python3 trial.py --data ./local_plus_tt.csv,/home/meliani/Desktop/phd/fast-track,1,1500s,100000000,False,False,info,/home/meliani/nni-experiments,"['LSTM', 'GRU', 'CNN', 'RNN', 'TCN', 'Transformer', 'MLP']","[16, 32, 64, 128, 256]","[1, 2, 3, 4]","[0, 0.1, 0.2, 0.3, 0.5]","['relu', 'tanh', 'sigmoid', 'elu']","[1e-05, 0.01]","[2, 3, 4, 5, 6, 7, 8, 9, 10, 11, 12, 13, 14, 15, 16, 17, 18, 19, 20, 21, 22, 23, 24, 25, 26, 27, 28, 29, 30]","[16, 32, 64, 128]","[5, 10, 15, 20]","[2, 3, 5, 7]","[2, 4, 8]",GridSearch,minimize,local
8n3f5rcs,104,575,1779114343976,,/home/meliani/nni-experiments/8n3f5rcs,45,exp_GridSearch_1500s_local_plus_tt_local_plus_tt,hpo,/home/meliani/Desktop/phd/fast-track/search_space.json,python3 trial.py --data ./local_plus_tt.csv,/home/meliani/Desktop/phd/fast-track,1,1500s,100000000,False,False,info,/home/meliani/nni-experiments,"['LSTM', 'GRU', 'CNN', 'RNN', 'TCN', 'Transformer', 'MLP']","[16, 32, 64, 128, 256]","[1, 2, 3, 4]","[0, 0.1, 0.2, 0.3, 0.5]","['relu', 'tanh', 'sigmoid', 'elu']","[1e-05, 0.01]","[2, 3, 4, 5, 6, 7, 8, 9, 10, 11, 12, 13, 14, 15, 16, 17, 18, 19, 20, 21, 22, 23, 24, 25, 26, 27, 28, 29, 30]","[16, 32, 64, 128]","[5, 10, 15, 20]","[2, 3, 5, 7]","[2, 4, 8]",GridSearch,minimize,local
8n3f5rcs,105,580,1779114343976,,/home/meliani/nni-experiments/8n3f5rcs,45,exp_GridSearch_1500s_local_plus_tt_local_plus_tt,hpo,/home/meliani/Desktop/phd/fast-track/search_space.json,python3 trial.py --data ./local_plus_tt.csv,/home/meliani/Desktop/phd/fast-track,1,1500s,100000000,False,False,info,/home/meliani/nni-experiments,"['LSTM', 'GRU', 'CNN', 'RNN', 'TCN', 'Transformer', 'MLP']","[16, 32, 64, 128, 256]","[1, 2, 3, 4]","[0, 0.1, 0.2, 0.3, 0.5]","['relu', 'tanh', 'sigmoid', 'elu']","[1e-05, 0.01]","[2, 3, 4, 5, 6, 7, 8, 9, 10, 11, 12, 13, 14, 15, 16, 17, 18, 19, 20, 21, 22, 23, 24, 25, 26, 27, 28, 29, 30]","[16, 32, 64, 128]","[5, 10, 15, 20]","[2, 3, 5, 7]","[2, 4, 8]",GridSearch,minimize,local
8n3f5rcs,106,590,1779114343976,,/home/meliani/nni-experiments/8n3f5rcs,45,exp_GridSearch_1500s_local_plus_tt_local_plus_tt,hpo,/home/meliani/Desktop/phd/fast-track/search_space.json,python3 trial.py --data ./local_plus_tt.csv,/home/meliani/Desktop/phd/fast-track,1,1500s,100000000,False,False,info,/home/meliani/nni-experiments,"['LSTM', 'GRU', 'CNN', 'RNN', 'TCN', 'Transformer', 'MLP']","[16, 32, 64, 128, 256]","[1, 2, 3, 4]","[0, 0.1, 0.2, 0.3, 0.5]","['relu', 'tanh', 'sigmoid', 'elu']","[1e-05, 0.01]","[2, 3, 4, 5, 6, 7, 8, 9, 10, 11, 12, 13, 14, 15, 16, 17, 18, 19, 20, 21, 22, 23, 24, 25, 26, 27, 28, 29, 30]","[16, 32, 64, 128]","[5, 10, 15, 20]","[2, 3, 5, 7]","[2, 4, 8]",GridSearch,minimize,local
8n3f5rcs,107,592,1779114343976,,/home/meliani/nni-experiments/8n3f5rcs,46,exp_GridSearch_1500s_local_plus_tt_local_plus_tt,hpo,/home/meliani/Desktop/phd/fast-track/search_space.json,python3 trial.py --data ./local_plus_tt.csv,/home/meliani/Desktop/phd/fast-track,1,1500s,100000000,False,False,info,/home/meliani/nni-experiments,"['LSTM', 'GRU', 'CNN', 'RNN', 'TCN', 'Transformer', 'MLP']","[16, 32, 64, 128, 256]","[1, 2, 3, 4]","[0, 0.1, 0.2, 0.3, 0.5]","['relu', 'tanh', 'sigmoid', 'elu']","[1e-05, 0.01]","[2, 3, 4, 5, 6, 7, 8, 9, 10, 11, 12, 13, 14, 15, 16, 17, 18, 19, 20, 21, 22, 23, 24, 25, 26, 27, 28, 29, 30]","[16, 32, 64, 128]","[5, 10, 15, 20]","[2, 3, 5, 7]","[2, 4, 8]",GridSearch,minimize,local
8n3f5rcs,108,600,1779114343976,,/home/meliani/nni-experiments/8n3f5rcs,46,exp_GridSearch_1500s_local_plus_tt_local_plus_tt,hpo,/home/meliani/Desktop/phd/fast-track/search_space.json,python3 trial.py --data ./local_plus_tt.csv,/home/meliani/Desktop/phd/fast-track,1,1500s,100000000,False,False,info,/home/meliani/nni-experiments,"['LSTM', 'GRU', 'CNN', 'RNN', 'TCN', 'Transformer', 'MLP']","[16, 32, 64, 128, 256]","[1, 2, 3, 4]","[0, 0.1, 0.2, 0.3, 0.5]","['relu', 'tanh', 'sigmoid', 'elu']","[1e-05, 0.01]","[2, 3, 4, 5, 6, 7, 8, 9, 10, 11, 12, 13, 14, 15, 16, 17, 18, 19, 20, 21, 22, 23, 24, 25, 26, 27, 28, 29, 30]","[16, 32, 64, 128]","[5, 10, 15, 20]","[2, 3, 5, 7]","[2, 4, 8]",GridSearch,minimize,local
8n3f5rcs,109,610,1779114343976,,/home/meliani/nni-experiments/8n3f5rcs,47,exp_GridSearch_1500s_local_plus_tt_local_plus_tt,hpo,/home/meliani/Desktop/phd/fast-track/search_space.json,python3 trial.py --data ./local_plus_tt.csv,/home/meliani/Desktop/phd/fast-track,1,1500s,100000000,False,False,info,/home/meliani/nni-experiments,"['LSTM', 'GRU', 'CNN', 'RNN', 'TCN', 'Transformer', 'MLP']","[16, 32, 64, 128, 256]","[1, 2, 3, 4]","[0, 0.1, 0.2, 0.3, 0.5]","['relu', 'tanh', 'sigmoid', 'elu']","[1e-05, 0.01]","[2, 3, 4, 5, 6, 7, 8, 9, 10, 11, 12, 13, 14, 15, 16, 17, 18, 19, 20, 21, 22, 23, 24, 25, 26, 27, 28, 29, 30]","[16, 32, 64, 128]","[5, 10, 15, 20]","[2, 3, 5, 7]","[2, 4, 8]",GridSearch,minimize,local
8n3f5rcs,110,610,1779114343976,,/home/meliani/nni-experiments/8n3f5rcs,47,exp_GridSearch_1500s_local_plus_tt_local_plus_tt,hpo,/home/meliani/Desktop/phd/fast-track/search_space.json,python3 trial.py --data ./local_plus_tt.csv,/home/meliani/Desktop/phd/fast-track,1,1500s,100000000,False,False,info,/home/meliani/nni-experiments,"['LSTM', 'GRU', 'CNN', 'RNN', 'TCN', 'Transformer', 'MLP']","[16, 32, 64, 128, 256]","[1, 2, 3, 4]","[0, 0.1, 0.2, 0.3, 0.5]","['relu', 'tanh', 'sigmoid', 'elu']","[1e-05, 0.01]","[2, 3, 4, 5, 6, 7, 8, 9, 10, 11, 12, 13, 14, 15, 16, 17, 18, 19, 20, 21, 22, 23, 24, 25, 26, 27, 28, 29, 30]","[16, 32, 64, 128]","[5, 10, 15, 20]","[2, 3, 5, 7]","[2, 4, 8]",GridSearch,minimize,local
8n3f5rcs,111,620,1779114343976,,/home/meliani/nni-experiments/8n3f5rcs,47,exp_GridSearch_1500s_local_plus_tt_local_plus_tt,hpo,/home/meliani/Desktop/phd/fast-track/search_space.json,python3 trial.py --data ./local_plus_tt.csv,/home/meliani/Desktop/phd/fast-track,1,1500s,100000000,False,False,info,/home/meliani/nni-experiments,"['LSTM', 'GRU', 'CNN', 'RNN', 'TCN', 'Transformer', 'MLP']","[16, 32, 64, 128, 256]","[1, 2, 3, 4]","[0, 0.1, 0.2, 0.3, 0.5]","['relu', 'tanh', 'sigmoid', 'elu']","[1e-05, 0.01]","[2, 3, 4, 5, 6, 7, 8, 9, 10, 11, 12, 13, 14, 15, 16, 17, 18, 19, 20, 21, 22, 23, 24, 25, 26, 27, 28, 29, 30]","[16, 32, 64, 128]","[5, 10, 15, 20]","[2, 3, 5, 7]","[2, 4, 8]",GridSearch,minimize,local
8n3f5rcs,112,627,1779114343976,,/home/meliani/nni-experiments/8n3f5rcs,48,exp_GridSearch_1500s_local_plus_tt_local_plus_tt,hpo,/home/meliani/Desktop/phd/fast-track/search_space.json,python3 trial.py --data ./local_plus_tt.csv,/home/meliani/Desktop/phd/fast-track,1,1500s,100000000,False,False,info,/home/meliani/nni-experiments,"['LSTM', 'GRU', 'CNN', 'RNN', 'TCN', 'Transformer', 'MLP']","[16, 32, 64, 128, 256]","[1, 2, 3, 4]","[0, 0.1, 0.2, 0.3, 0.5]","['relu', 'tanh', 'sigmoid', 'elu']","[1e-05, 0.01]","[2, 3, 4, 5, 6, 7, 8, 9, 10, 11, 12, 13, 14, 15, 16, 17, 18, 19, 20, 21, 22, 23, 24, 25, 26, 27, 28, 29, 30]","[16, 32, 64, 128]","[5, 10, 15, 20]","[2, 3, 5, 7]","[2, 4, 8]",GridSearch,minimize,local
8n3f5rcs,113,630,1779114343976,,/home/meliani/nni-experiments/8n3f5rcs,48,exp_GridSearch_1500s_local_plus_tt_local_plus_tt,hpo,/home/meliani/Desktop/phd/fast-track/search_space.json,python3 trial.py --data ./local_plus_tt.csv,/home/meliani/Desktop/phd/fast-track,1,1500s,100000000,False,False,info,/home/meliani/nni-experiments,"['LSTM', 'GRU', 'CNN', 'RNN', 'TCN', 'Transformer', 'MLP']","[16, 32, 64, 128, 256]","[1, 2, 3, 4]","[0, 0.1, 0.2, 0.3, 0.5]","['relu', 'tanh', 'sigmoid', 'elu']","[1e-05, 0.01]","[2, 3, 4, 5, 6, 7, 8, 9, 10, 11, 12, 13, 14, 15, 16, 17, 18, 19, 20, 21, 22, 23, 24, 25, 26, 27, 28, 29, 30]","[16, 32, 64, 128]","[5, 10, 15, 20]","[2, 3, 5, 7]","[2, 4, 8]",GridSearch,minimize,local
8n3f5rcs,114,640,1779114343976,,/home/meliani/nni-experiments/8n3f5rcs,48,exp_GridSearch_1500s_local_plus_tt_local_plus_tt,hpo,/home/meliani/Desktop/phd/fast-track/search_space.json,python3 trial.py --data ./local_plus_tt.csv,/home/meliani/Desktop/phd/fast-track,1,1500s,100000000,False,False,info,/home/meliani/nni-experiments,"['LSTM', 'GRU', 'CNN', 'RNN', 'TCN', 'Transformer', 'MLP']","[16, 32, 64, 128, 256]","[1, 2, 3, 4]","[0, 0.1, 0.2, 0.3, 0.5]","['relu', 'tanh', 'sigmoid', 'elu']","[1e-05, 0.01]","[2, 3, 4, 5, 6, 7, 8, 9, 10, 11, 12, 13, 14, 15, 16, 17, 18, 19, 20, 21, 22, 23, 24, 25, 26, 27, 28, 29, 30]","[16, 32, 64, 128]","[5, 10, 15, 20]","[2, 3, 5, 7]","[2, 4, 8]",GridSearch,minimize,local
8n3f5rcs,115,644,1779114343976,,/home/meliani/nni-experiments/8n3f5rcs,49,exp_GridSearch_1500s_local_plus_tt_local_plus_tt,hpo,/home/meliani/Desktop/phd/fast-track/search_space.json,python3 trial.py --data ./local_plus_tt.csv,/home/meliani/Desktop/phd/fast-track,1,1500s,100000000,False,False,info,/home/meliani/nni-experiments,"['LSTM', 'GRU', 'CNN', 'RNN', 'TCN', 'Transformer', 'MLP']","[16, 32, 64, 128, 256]","[1, 2, 3, 4]","[0, 0.1, 0.2, 0.3, 0.5]","['relu', 'tanh', 'sigmoid', 'elu']","[1e-05, 0.01]","[2, 3, 4, 5, 6, 7, 8, 9, 10, 11, 12, 13, 14, 15, 16, 17, 18, 19, 20, 21, 22, 23, 24, 25, 26, 27, 28, 29, 30]","[16, 32, 64, 128]","[5, 10, 15, 20]","[2, 3, 5, 7]","[2, 4, 8]",GridSearch,minimize,local
8n3f5rcs,116,650,1779114343976,,/home/meliani/nni-experiments/8n3f5rcs,49,exp_GridSearch_1500s_local_plus_tt_local_plus_tt,hpo,/home/meliani/Desktop/phd/fast-track/search_space.json,python3 trial.py --data ./local_plus_tt.csv,/home/meliani/Desktop/phd/fast-track,1,1500s,100000000,False,False,info,/home/meliani/nni-experiments,"['LSTM', 'GRU', 'CNN', 'RNN', 'TCN', 'Transformer', 'MLP']","[16, 32, 64, 128, 256]","[1, 2, 3, 4]","[0, 0.1, 0.2, 0.3, 0.5]","['relu', 'tanh', 'sigmoid', 'elu']","[1e-05, 0.01]","[2, 3, 4, 5, 6, 7, 8, 9, 10, 11, 12, 13, 14, 15, 16, 17, 18, 19, 20, 21, 22, 23, 24, 25, 26, 27, 28, 29, 30]","[16, 32, 64, 128]","[5, 10, 15, 20]","[2, 3, 5, 7]","[2, 4, 8]",GridSearch,minimize,local
8n3f5rcs,117,651,1779114343976,,/home/meliani/nni-experiments/8n3f5rcs,50,exp_GridSearch_1500s_local_plus_tt_local_plus_tt,hpo,/home/meliani/Desktop/phd/fast-track/search_space.json,python3 trial.py --data ./local_plus_tt.csv,/home/meliani/Desktop/phd/fast-track,1,1500s,100000000,False,False,info,/home/meliani/nni-experiments,"['LSTM', 'GRU', 'CNN', 'RNN', 'TCN', 'Transformer', 'MLP']","[16, 32, 64, 128, 256]","[1, 2, 3, 4]","[0, 0.1, 0.2, 0.3, 0.5]","['relu', 'tanh', 'sigmoid', 'elu']","[1e-05, 0.01]","[2, 3, 4, 5, 6, 7, 8, 9, 10, 11, 12, 13, 14, 15, 16, 17, 18, 19, 20, 21, 22, 23, 24, 25, 26, 27, 28, 29, 30]","[16, 32, 64, 128]","[5, 10, 15, 20]","[2, 3, 5, 7]","[2, 4, 8]",GridSearch,minimize,local
8n3f5rcs,118,659,1779114343976,,/home/meliani/nni-experiments/8n3f5rcs,51,exp_GridSearch_1500s_local_plus_tt_local_plus_tt,hpo,/home/meliani/Desktop/phd/fast-track/search_space.json,python3 trial.py --data ./local_plus_tt.csv,/home/meliani/Desktop/phd/fast-track,1,1500s,100000000,False,False,info,/home/meliani/nni-experiments,"['LSTM', 'GRU', 'CNN', 'RNN', 'TCN', 'Transformer', 'MLP']","[16, 32, 64, 128, 256]","[1, 2, 3, 4]","[0, 0.1, 0.2, 0.3, 0.5]","['relu', 'tanh', 'sigmoid', 'elu']","[1e-05, 0.01]","[2, 3, 4, 5, 6, 7, 8, 9, 10, 11, 12, 13, 14, 15, 16, 17, 18, 19, 20, 21, 22, 23, 24, 25, 26, 27, 28, 29, 30]","[16, 32, 64, 128]","[5, 10, 15, 20]","[2, 3, 5, 7]","[2, 4, 8]",GridSearch,minimize,local
8n3f5rcs,119,660,1779114343976,,/home/meliani/nni-experiments/8n3f5rcs,51,exp_GridSearch_1500s_local_plus_tt_local_plus_tt,hpo,/home/meliani/Desktop/phd/fast-track/search_space.json,python3 trial.py --data ./local_plus_tt.csv,/home/meliani/Desktop/phd/fast-track,1,1500s,100000000,False,False,info,/home/meliani/nni-experiments,"['LSTM', 'GRU', 'CNN', 'RNN', 'TCN', 'Transformer', 'MLP']","[16, 32, 64, 128, 256]","[1, 2, 3, 4]","[0, 0.1, 0.2, 0.3, 0.5]","['relu', 'tanh', 'sigmoid', 'elu']","[1e-05, 0.01]","[2, 3, 4, 5, 6, 7, 8, 9, 10, 11, 12, 13, 14, 15, 16, 17, 18, 19, 20, 21, 22, 23, 24, 25, 26, 27, 28, 29, 30]","[16, 32, 64, 128]","[5, 10, 15, 20]","[2, 3, 5, 7]","[2, 4, 8]",GridSearch,minimize,local
8n3f5rcs,120,666,1779114343976,,/home/meliani/nni-experiments/8n3f5rcs,52,exp_GridSearch_1500s_local_plus_tt_local_plus_tt,hpo,/home/meliani/Desktop/phd/fast-track/search_space.json,python3 trial.py --data ./local_plus_tt.csv,/home/meliani/Desktop/phd/fast-track,1,1500s,100000000,False,False,info,/home/meliani/nni-experiments,"['LSTM', 'GRU', 'CNN', 'RNN', 'TCN', 'Transformer', 'MLP']","[16, 32, 64, 128, 256]","[1, 2, 3, 4]","[0, 0.1, 0.2, 0.3, 0.5]","['relu', 'tanh', 'sigmoid', 'elu']","[1e-05, 0.01]","[2, 3, 4, 5, 6, 7, 8, 9, 10, 11, 12, 13, 14, 15, 16, 17, 18, 19, 20, 21, 22, 23, 24, 25, 26, 27, 28, 29, 30]","[16, 32, 64, 128]","[5, 10, 15, 20]","[2, 3, 5, 7]","[2, 4, 8]",GridSearch,minimize,local
8n3f5rcs,121,670,1779114343976,,/home/meliani/nni-experiments/8n3f5rcs,52,exp_GridSearch_1500s_local_plus_tt_local_plus_tt,hpo,/home/meliani/Desktop/phd/fast-track/search_space.json,python3 trial.py --data ./local_plus_tt.csv,/home/meliani/Desktop/phd/fast-track,1,1500s,100000000,False,False,info,/home/meliani/nni-experiments,"['LSTM', 'GRU', 'CNN', 'RNN', 'TCN', 'Transformer', 'MLP']","[16, 32, 64, 128, 256]","[1, 2, 3, 4]","[0, 0.1, 0.2, 0.3, 0.5]","['relu', 'tanh', 'sigmoid', 'elu']","[1e-05, 0.01]","[2, 3, 4, 5, 6, 7, 8, 9, 10, 11, 12, 13, 14, 15, 16, 17, 18, 19, 20, 21, 22, 23, 24, 25, 26, 27, 28, 29, 30]","[16, 32, 64, 128]","[5, 10, 15, 20]","[2, 3, 5, 7]","[2, 4, 8]",GridSearch,minimize,local
8n3f5rcs,122,673,1779114343976,,/home/meliani/nni-experiments/8n3f5rcs,53,exp_GridSearch_1500s_local_plus_tt_local_plus_tt,hpo,/home/meliani/Desktop/phd/fast-track/search_space.json,python3 trial.py --data ./local_plus_tt.csv,/home/meliani/Desktop/phd/fast-track,1,1500s,100000000,False,False,info,/home/meliani/nni-experiments,"['LSTM', 'GRU', 'CNN', 'RNN', 'TCN', 'Transformer', 'MLP']","[16, 32, 64, 128, 256]","[1, 2, 3, 4]","[0, 0.1, 0.2, 0.3, 0.5]","['relu', 'tanh', 'sigmoid', 'elu']","[1e-05, 0.01]","[2, 3, 4, 5, 6, 7, 8, 9, 10, 11, 12, 13, 14, 15, 16, 17, 18, 19, 20, 21, 22, 23, 24, 25, 26, 27, 28, 29, 30]","[16, 32, 64, 128]","[5, 10, 15, 20]","[2, 3, 5, 7]","[2, 4, 8]",GridSearch,minimize,local
8n3f5rcs,123,680,1779114343976,,/home/meliani/nni-experiments/8n3f5rcs,53,exp_GridSearch_1500s_local_plus_tt_local_plus_tt,hpo,/home/meliani/Desktop/phd/fast-track/search_space.json,python3 trial.py --data ./local_plus_tt.csv,/home/meliani/Desktop/phd/fast-track,1,1500s,100000000,False,False,info,/home/meliani/nni-experiments,"['LSTM', 'GRU', 'CNN', 'RNN', 'TCN', 'Transformer', 'MLP']","[16, 32, 64, 128, 256]","[1, 2, 3, 4]","[0, 0.1, 0.2, 0.3, 0.5]","['relu', 'tanh', 'sigmoid', 'elu']","[1e-05, 0.01]","[2, 3, 4, 5, 6, 7, 8, 9, 10, 11, 12, 13, 14, 15, 16, 17, 18, 19, 20, 21, 22, 23, 24, 25, 26, 27, 28, 29, 30]","[16, 32, 64, 128]","[5, 10, 15, 20]","[2, 3, 5, 7]","[2, 4, 8]",GridSearch,minimize,local
8n3f5rcs,124,680,1779114343976,,/home/meliani/nni-experiments/8n3f5rcs,54,exp_GridSearch_1500s_local_plus_tt_local_plus_tt,hpo,/home/meliani/Desktop/phd/fast-track/search_space.json,python3 trial.py --data ./local_plus_tt.csv,/home/meliani/Desktop/phd/fast-track,1,1500s,100000000,False,False,info,/home/meliani/nni-experiments,"['LSTM', 'GRU', 'CNN', 'RNN', 'TCN', 'Transformer', 'MLP']","[16, 32, 64, 128, 256]","[1, 2, 3, 4]","[0, 0.1, 0.2, 0.3, 0.5]","['relu', 'tanh', 'sigmoid', 'elu']","[1e-05, 0.01]","[2, 3, 4, 5, 6, 7, 8, 9, 10, 11, 12, 13, 14, 15, 16, 17, 18, 19, 20, 21, 22, 23, 24, 25, 26, 27, 28, 29, 30]","[16, 32, 64, 128]","[5, 10, 15, 20]","[2, 3, 5, 7]","[2, 4, 8]",GridSearch,minimize,local
8n3f5rcs,125,688,1779114343976,,/home/meliani/nni-experiments/8n3f5rcs,55,exp_GridSearch_1500s_local_plus_tt_local_plus_tt,hpo,/home/meliani/Desktop/phd/fast-track/search_space.json,python3 trial.py --data ./local_plus_tt.csv,/home/meliani/Desktop/phd/fast-track,1,1500s,100000000,False,False,info,/home/meliani/nni-experiments,"['LSTM', 'GRU', 'CNN', 'RNN', 'TCN', 'Transformer', 'MLP']","[16, 32, 64, 128, 256]","[1, 2, 3, 4]","[0, 0.1, 0.2, 0.3, 0.5]","['relu', 'tanh', 'sigmoid', 'elu']","[1e-05, 0.01]","[2, 3, 4, 5, 6, 7, 8, 9, 10, 11, 12, 13, 14, 15, 16, 17, 18, 19, 20, 21, 22, 23, 24, 25, 26, 27, 28, 29, 30]","[16, 32, 64, 128]","[5, 10, 15, 20]","[2, 3, 5, 7]","[2, 4, 8]",GridSearch,minimize,local
8n3f5rcs,126,690,1779114343976,,/home/meliani/nni-experiments/8n3f5rcs,55,exp_GridSearch_1500s_local_plus_tt_local_plus_tt,hpo,/home/meliani/Desktop/phd/fast-track/search_space.json,python3 trial.py --data ./local_plus_tt.csv,/home/meliani/Desktop/phd/fast-track,1,1500s,100000000,False,False,info,/home/meliani/nni-experiments,"['LSTM', 'GRU', 'CNN', 'RNN', 'TCN', 'Transformer', 'MLP']","[16, 32, 64, 128, 256]","[1, 2, 3, 4]","[0, 0.1, 0.2, 0.3, 0.5]","['relu', 'tanh', 'sigmoid', 'elu']","[1e-05, 0.01]","[2, 3, 4, 5, 6, 7, 8, 9, 10, 11, 12, 13, 14, 15, 16, 17, 18, 19, 20, 21, 22, 23, 24, 25, 26, 27, 28, 29, 30]","[16, 32, 64, 128]","[5, 10, 15, 20]","[2, 3, 5, 7]","[2, 4, 8]",GridSearch,minimize,local
8n3f5rcs,127,696,1779114343976,,/home/meliani/nni-experiments/8n3f5rcs,56,exp_GridSearch_1500s_local_plus_tt_local_plus_tt,hpo,/home/meliani/Desktop/phd/fast-track/search_space.json,python3 trial.py --data ./local_plus_tt.csv,/home/meliani/Desktop/phd/fast-track,1,1500s,100000000,False,False,info,/home/meliani/nni-experiments,"['LSTM', 'GRU', 'CNN', 'RNN', 'TCN', 'Transformer', 'MLP']","[16, 32, 64, 128, 256]","[1, 2, 3, 4]","[0, 0.1, 0.2, 0.3, 0.5]","['relu', 'tanh', 'sigmoid', 'elu']","[1e-05, 0.01]","[2, 3, 4, 5, 6, 7, 8, 9, 10, 11, 12, 13, 14, 15, 16, 17, 18, 19, 20, 21, 22, 23, 24, 25, 26, 27, 28, 29, 30]","[16, 32, 64, 128]","[5, 10, 15, 20]","[2, 3, 5, 7]","[2, 4, 8]",GridSearch,minimize,local
8n3f5rcs,128,700,1779114343976,,/home/meliani/nni-experiments/8n3f5rcs,56,exp_GridSearch_1500s_local_plus_tt_local_plus_tt,hpo,/home/meliani/Desktop/phd/fast-track/search_space.json,python3 trial.py --data ./local_plus_tt.csv,/home/meliani/Desktop/phd/fast-track,1,1500s,100000000,False,False,info,/home/meliani/nni-experiments,"['LSTM', 'GRU', 'CNN', 'RNN', 'TCN', 'Transformer', 'MLP']","[16, 32, 64, 128, 256]","[1, 2, 3, 4]","[0, 0.1, 0.2, 0.3, 0.5]","['relu', 'tanh', 'sigmoid', 'elu']","[1e-05, 0.01]","[2, 3, 4, 5, 6, 7, 8, 9, 10, 11, 12, 13, 14, 15, 16, 17, 18, 19, 20, 21, 22, 23, 24, 25, 26, 27, 28, 29, 30]","[16, 32, 64, 128]","[5, 10, 15, 20]","[2, 3, 5, 7]","[2, 4, 8]",GridSearch,minimize,local
8n3f5rcs,129,704,1779114343976,,/home/meliani/nni-experiments/8n3f5rcs,57,exp_GridSearch_1500s_local_plus_tt_local_plus_tt,hpo,/home/meliani/Desktop/phd/fast-track/search_space.json,python3 trial.py --data ./local_plus_tt.csv,/home/meliani/Desktop/phd/fast-track,1,1500s,100000000,False,False,info,/home/meliani/nni-experiments,"['LSTM', 'GRU', 'CNN', 'RNN', 'TCN', 'Transformer', 'MLP']","[16, 32, 64, 128, 256]","[1, 2, 3, 4]","[0, 0.1, 0.2, 0.3, 0.5]","['relu', 'tanh', 'sigmoid', 'elu']","[1e-05, 0.01]","[2, 3, 4, 5, 6, 7, 8, 9, 10, 11, 12, 13, 14, 15, 16, 17, 18, 19, 20, 21, 22, 23, 24, 25, 26, 27, 28, 29, 30]","[16, 32, 64, 128]","[5, 10, 15, 20]","[2, 3, 5, 7]","[2, 4, 8]",GridSearch,minimize,local
8n3f5rcs,130,710,1779114343976,,/home/meliani/nni-experiments/8n3f5rcs,57,exp_GridSearch_1500s_local_plus_tt_local_plus_tt,hpo,/home/meliani/Desktop/phd/fast-track/search_space.json,python3 trial.py --data ./local_plus_tt.csv,/home/meliani/Desktop/phd/fast-track,1,1500s,100000000,False,False,info,/home/meliani/nni-experiments,"['LSTM', 'GRU', 'CNN', 'RNN', 'TCN', 'Transformer', 'MLP']","[16, 32, 64, 128, 256]","[1, 2, 3, 4]","[0, 0.1, 0.2, 0.3, 0.5]","['relu', 'tanh', 'sigmoid', 'elu']","[1e-05, 0.01]","[2, 3, 4, 5, 6, 7, 8, 9, 10, 11, 12, 13, 14, 15, 16, 17, 18, 19, 20, 21, 22, 23, 24, 25, 26, 27, 28, 29, 30]","[16, 32, 64, 128]","[5, 10, 15, 20]","[2, 3, 5, 7]","[2, 4, 8]",GridSearch,minimize,local
8n3f5rcs,131,711,1779114343976,,/home/meliani/nni-experiments/8n3f5rcs,58,exp_GridSearch_1500s_local_plus_tt_local_plus_tt,hpo,/home/meliani/Desktop/phd/fast-track/search_space.json,python3 trial.py --data ./local_plus_tt.csv,/home/meliani/Desktop/phd/fast-track,1,1500s,100000000,False,False,info,/home/meliani/nni-experiments,"['LSTM', 'GRU', 'CNN', 'RNN', 'TCN', 'Transformer', 'MLP']","[16, 32, 64, 128, 256]","[1, 2, 3, 4]","[0, 0.1, 0.2, 0.3, 0.5]","['relu', 'tanh', 'sigmoid', 'elu']","[1e-05, 0.01]","[2, 3, 4, 5, 6, 7, 8, 9, 10, 11, 12, 13, 14, 15, 16, 17, 18, 19, 20, 21, 22, 23, 24, 25, 26, 27, 28, 29, 30]","[16, 32, 64, 128]","[5, 10, 15, 20]","[2, 3, 5, 7]","[2, 4, 8]",GridSearch,minimize,local
8n3f5rcs,132,718,1779114343976,,/home/meliani/nni-experiments/8n3f5rcs,59,exp_GridSearch_1500s_local_plus_tt_local_plus_tt,hpo,/home/meliani/Desktop/phd/fast-track/search_space.json,python3 trial.py --data ./local_plus_tt.csv,/home/meliani/Desktop/phd/fast-track,1,1500s,100000000,False,False,info,/home/meliani/nni-experiments,"['LSTM', 'GRU', 'CNN', 'RNN', 'TCN', 'Transformer', 'MLP']","[16, 32, 64, 128, 256]","[1, 2, 3, 4]","[0, 0.1, 0.2, 0.3, 0.5]","['relu', 'tanh', 'sigmoid', 'elu']","[1e-05, 0.01]","[2, 3, 4, 5, 6, 7, 8, 9, 10, 11, 12, 13, 14, 15, 16, 17, 18, 19, 20, 21, 22, 23, 24, 25, 26, 27, 28, 29, 30]","[16, 32, 64, 128]","[5, 10, 15, 20]","[2, 3, 5, 7]","[2, 4, 8]",GridSearch,minimize,local
8n3f5rcs,133,720,1779114343976,,/home/meliani/nni-experiments/8n3f5rcs,59,exp_GridSearch_1500s_local_plus_tt_local_plus_tt,hpo,/home/meliani/Desktop/phd/fast-track/search_space.json,python3 trial.py --data ./local_plus_tt.csv,/home/meliani/Desktop/phd/fast-track,1,1500s,100000000,False,False,info,/home/meliani/nni-experiments,"['LSTM', 'GRU', 'CNN', 'RNN', 'TCN', 'Transformer', 'MLP']","[16, 32, 64, 128, 256]","[1, 2, 3, 4]","[0, 0.1, 0.2, 0.3, 0.5]","['relu', 'tanh', 'sigmoid', 'elu']","[1e-05, 0.01]","[2, 3, 4, 5, 6, 7, 8, 9, 10, 11, 12, 13, 14, 15, 16, 17, 18, 19, 20, 21, 22, 23, 24, 25, 26, 27, 28, 29, 30]","[16, 32, 64, 128]","[5, 10, 15, 20]","[2, 3, 5, 7]","[2, 4, 8]",GridSearch,minimize,local
8n3f5rcs,134,725,1779114343976,,/home/meliani/nni-experiments/8n3f5rcs,60,exp_GridSearch_1500s_local_plus_tt_local_plus_tt,hpo,/home/meliani/Desktop/phd/fast-track/search_space.json,python3 trial.py --data ./local_plus_tt.csv,/home/meliani/Desktop/phd/fast-track,1,1500s,100000000,False,False,info,/home/meliani/nni-experiments,"['LSTM', 'GRU', 'CNN', 'RNN', 'TCN', 'Transformer', 'MLP']","[16, 32, 64, 128, 256]","[1, 2, 3, 4]","[0, 0.1, 0.2, 0.3, 0.5]","['relu', 'tanh', 'sigmoid', 'elu']","[1e-05, 0.01]","[2, 3, 4, 5, 6, 7, 8, 9, 10, 11, 12, 13, 14, 15, 16, 17, 18, 19, 20, 21, 22, 23, 24, 25, 26, 27, 28, 29, 30]","[16, 32, 64, 128]","[5, 10, 15, 20]","[2, 3, 5, 7]","[2, 4, 8]",GridSearch,minimize,local
8n3f5rcs,135,730,1779114343976,,/home/meliani/nni-experiments/8n3f5rcs,60,exp_GridSearch_1500s_local_plus_tt_local_plus_tt,hpo,/home/meliani/Desktop/phd/fast-track/search_space.json,python3 trial.py --data ./local_plus_tt.csv,/home/meliani/Desktop/phd/fast-track,1,1500s,100000000,False,False,info,/home/meliani/nni-experiments,"['LSTM', 'GRU', 'CNN', 'RNN', 'TCN', 'Transformer', 'MLP']","[16, 32, 64, 128, 256]","[1, 2, 3, 4]","[0, 0.1, 0.2, 0.3, 0.5]","['relu', 'tanh', 'sigmoid', 'elu']","[1e-05, 0.01]","[2, 3, 4, 5, 6, 7, 8, 9, 10, 11, 12, 13, 14, 15, 16, 17, 18, 19, 20, 21, 22, 23, 24, 25, 26, 27, 28, 29, 30]","[16, 32, 64, 128]","[5, 10, 15, 20]","[2, 3, 5, 7]","[2, 4, 8]",GridSearch,minimize,local
8n3f5rcs,136,731,1779114343976,,/home/meliani/nni-experiments/8n3f5rcs,61,exp_GridSearch_1500s_local_plus_tt_local_plus_tt,hpo,/home/meliani/Desktop/phd/fast-track/search_space.json,python3 trial.py --data ./local_plus_tt.csv,/home/meliani/Desktop/phd/fast-track,1,1500s,100000000,False,False,info,/home/meliani/nni-experiments,"['LSTM', 'GRU', 'CNN', 'RNN', 'TCN', 'Transformer', 'MLP']","[16, 32, 64, 128, 256]","[1, 2, 3, 4]","[0, 0.1, 0.2, 0.3, 0.5]","['relu', 'tanh', 'sigmoid', 'elu']","[1e-05, 0.01]","[2, 3, 4, 5, 6, 7, 8, 9, 10, 11, 12, 13, 14, 15, 16, 17, 18, 19, 20, 21, 22, 23, 24, 25, 26, 27, 28, 29, 30]","[16, 32, 64, 128]","[5, 10, 15, 20]","[2, 3, 5, 7]","[2, 4, 8]",GridSearch,minimize,local
8n3f5rcs,137,740,1779114343976,,/home/meliani/nni-experiments/8n3f5rcs,62,exp_GridSearch_1500s_local_plus_tt_local_plus_tt,hpo,/home/meliani/Desktop/phd/fast-track/search_space.json,python3 trial.py --data ./local_plus_tt.csv,/home/meliani/Desktop/phd/fast-track,1,1500s,100000000,False,False,info,/home/meliani/nni-experiments,"['LSTM', 'GRU', 'CNN', 'RNN', 'TCN', 'Transformer', 'MLP']","[16, 32, 64, 128, 256]","[1, 2, 3, 4]","[0, 0.1, 0.2, 0.3, 0.5]","['relu', 'tanh', 'sigmoid', 'elu']","[1e-05, 0.01]","[2, 3, 4, 5, 6, 7, 8, 9, 10, 11, 12, 13, 14, 15, 16, 17, 18, 19, 20, 21, 22, 23, 24, 25, 26, 27, 28, 29, 30]","[16, 32, 64, 128]","[5, 10, 15, 20]","[2, 3, 5, 7]","[2, 4, 8]",GridSearch,minimize,local
8n3f5rcs,138,740,1779114343976,,/home/meliani/nni-experiments/8n3f5rcs,62,exp_GridSearch_1500s_local_plus_tt_local_plus_tt,hpo,/home/meliani/Desktop/phd/fast-track/search_space.json,python3 trial.py --data ./local_plus_tt.csv,/home/meliani/Desktop/phd/fast-track,1,1500s,100000000,False,False,info,/home/meliani/nni-experiments,"['LSTM', 'GRU', 'CNN', 'RNN', 'TCN', 'Transformer', 'MLP']","[16, 32, 64, 128, 256]","[1, 2, 3, 4]","[0, 0.1, 0.2, 0.3, 0.5]","['relu', 'tanh', 'sigmoid', 'elu']","[1e-05, 0.01]","[2, 3, 4, 5, 6, 7, 8, 9, 10, 11, 12, 13, 14, 15, 16, 17, 18, 19, 20, 21, 22, 23, 24, 25, 26, 27, 28, 29, 30]","[16, 32, 64, 128]","[5, 10, 15, 20]","[2, 3, 5, 7]","[2, 4, 8]",GridSearch,minimize,local
8n3f5rcs,139,749,1779114343976,,/home/meliani/nni-experiments/8n3f5rcs,63,exp_GridSearch_1500s_local_plus_tt_local_plus_tt,hpo,/home/meliani/Desktop/phd/fast-track/search_space.json,python3 trial.py --data ./local_plus_tt.csv,/home/meliani/Desktop/phd/fast-track,1,1500s,100000000,False,False,info,/home/meliani/nni-experiments,"['LSTM', 'GRU', 'CNN', 'RNN', 'TCN', 'Transformer', 'MLP']","[16, 32, 64, 128, 256]","[1, 2, 3, 4]","[0, 0.1, 0.2, 0.3, 0.5]","['relu', 'tanh', 'sigmoid', 'elu']","[1e-05, 0.01]","[2, 3, 4, 5, 6, 7, 8, 9, 10, 11, 12, 13, 14, 15, 16, 17, 18, 19, 20, 21, 22, 23, 24, 25, 26, 27, 28, 29, 30]","[16, 32, 64, 128]","[5, 10, 15, 20]","[2, 3, 5, 7]","[2, 4, 8]",GridSearch,minimize,local
8n3f5rcs,140,750,1779114343976,,/home/meliani/nni-experiments/8n3f5rcs,63,exp_GridSearch_1500s_local_plus_tt_local_plus_tt,hpo,/home/meliani/Desktop/phd/fast-track/search_space.json,python3 trial.py --data ./local_plus_tt.csv,/home/meliani/Desktop/phd/fast-track,1,1500s,100000000,False,False,info,/home/meliani/nni-experiments,"['LSTM', 'GRU', 'CNN', 'RNN', 'TCN', 'Transformer', 'MLP']","[16, 32, 64, 128, 256]","[1, 2, 3, 4]","[0, 0.1, 0.2, 0.3, 0.5]","['relu', 'tanh', 'sigmoid', 'elu']","[1e-05, 0.01]","[2, 3, 4, 5, 6, 7, 8, 9, 10, 11, 12, 13, 14, 15, 16, 17, 18, 19, 20, 21, 22, 23, 24, 25, 26, 27, 28, 29, 30]","[16, 32, 64, 128]","[5, 10, 15, 20]","[2, 3, 5, 7]","[2, 4, 8]",GridSearch,minimize,local
8n3f5rcs,141,757,1779114343976,,/home/meliani/nni-experiments/8n3f5rcs,64,exp_GridSearch_1500s_local_plus_tt_local_plus_tt,hpo,/home/meliani/Desktop/phd/fast-track/search_space.json,python3 trial.py --data ./local_plus_tt.csv,/home/meliani/Desktop/phd/fast-track,1,1500s,100000000,False,False,info,/home/meliani/nni-experiments,"['LSTM', 'GRU', 'CNN', 'RNN', 'TCN', 'Transformer', 'MLP']","[16, 32, 64, 128, 256]","[1, 2, 3, 4]","[0, 0.1, 0.2, 0.3, 0.5]","['relu', 'tanh', 'sigmoid', 'elu']","[1e-05, 0.01]","[2, 3, 4, 5, 6, 7, 8, 9, 10, 11, 12, 13, 14, 15, 16, 17, 18, 19, 20, 21, 22, 23, 24, 25, 26, 27, 28, 29, 30]","[16, 32, 64, 128]","[5, 10, 15, 20]","[2, 3, 5, 7]","[2, 4, 8]",GridSearch,minimize,local
8n3f5rcs,142,760,1779114343976,,/home/meliani/nni-experiments/8n3f5rcs,64,exp_GridSearch_1500s_local_plus_tt_local_plus_tt,hpo,/home/meliani/Desktop/phd/fast-track/search_space.json,python3 trial.py --data ./local_plus_tt.csv,/home/meliani/Desktop/phd/fast-track,1,1500s,100000000,False,False,info,/home/meliani/nni-experiments,"['LSTM', 'GRU', 'CNN', 'RNN', 'TCN', 'Transformer', 'MLP']","[16, 32, 64, 128, 256]","[1, 2, 3, 4]","[0, 0.1, 0.2, 0.3, 0.5]","['relu', 'tanh', 'sigmoid', 'elu']","[1e-05, 0.01]","[2, 3, 4, 5, 6, 7, 8, 9, 10, 11, 12, 13, 14, 15, 16, 17, 18, 19, 20, 21, 22, 23, 24, 25, 26, 27, 28, 29, 30]","[16, 32, 64, 128]","[5, 10, 15, 20]","[2, 3, 5, 7]","[2, 4, 8]",GridSearch,minimize,local
8n3f5rcs,143,766,1779114343976,,/home/meliani/nni-experiments/8n3f5rcs,65,exp_GridSearch_1500s_local_plus_tt_local_plus_tt,hpo,/home/meliani/Desktop/phd/fast-track/search_space.json,python3 trial.py --data ./local_plus_tt.csv,/home/meliani/Desktop/phd/fast-track,1,1500s,100000000,False,False,info,/home/meliani/nni-experiments,"['LSTM', 'GRU', 'CNN', 'RNN', 'TCN', 'Transformer', 'MLP']","[16, 32, 64, 128, 256]","[1, 2, 3, 4]","[0, 0.1, 0.2, 0.3, 0.5]","['relu', 'tanh', 'sigmoid', 'elu']","[1e-05, 0.01]","[2, 3, 4, 5, 6, 7, 8, 9, 10, 11, 12, 13, 14, 15, 16, 17, 18, 19, 20, 21, 22, 23, 24, 25, 26, 27, 28, 29, 30]","[16, 32, 64, 128]","[5, 10, 15, 20]","[2, 3, 5, 7]","[2, 4, 8]",GridSearch,minimize,local
8n3f5rcs,144,770,1779114343976,,/home/meliani/nni-experiments/8n3f5rcs,65,exp_GridSearch_1500s_local_plus_tt_local_plus_tt,hpo,/home/meliani/Desktop/phd/fast-track/search_space.json,python3 trial.py --data ./local_plus_tt.csv,/home/meliani/Desktop/phd/fast-track,1,1500s,100000000,False,False,info,/home/meliani/nni-experiments,"['LSTM', 'GRU', 'CNN', 'RNN', 'TCN', 'Transformer', 'MLP']","[16, 32, 64, 128, 256]","[1, 2, 3, 4]","[0, 0.1, 0.2, 0.3, 0.5]","['relu', 'tanh', 'sigmoid', 'elu']","[1e-05, 0.01]","[2, 3, 4, 5, 6, 7, 8, 9, 10, 11, 12, 13, 14, 15, 16, 17, 18, 19, 20, 21, 22, 23, 24, 25, 26, 27, 28, 29, 30]","[16, 32, 64, 128]","[5, 10, 15, 20]","[2, 3, 5, 7]","[2, 4, 8]",GridSearch,minimize,local
8n3f5rcs,145,775,1779114343976,,/home/meliani/nni-experiments/8n3f5rcs,66,exp_GridSearch_1500s_local_plus_tt_local_plus_tt,hpo,/home/meliani/Desktop/phd/fast-track/search_space.json,python3 trial.py --data ./local_plus_tt.csv,/home/meliani/Desktop/phd/fast-track,1,1500s,100000000,False,False,info,/home/meliani/nni-experiments,"['LSTM', 'GRU', 'CNN', 'RNN', 'TCN', 'Transformer', 'MLP']","[16, 32, 64, 128, 256]","[1, 2, 3, 4]","[0, 0.1, 0.2, 0.3, 0.5]","['relu', 'tanh', 'sigmoid', 'elu']","[1e-05, 0.01]","[2, 3, 4, 5, 6, 7, 8, 9, 10, 11, 12, 13, 14, 15, 16, 17, 18, 19, 20, 21, 22, 23, 24, 25, 26, 27, 28, 29, 30]","[16, 32, 64, 128]","[5, 10, 15, 20]","[2, 3, 5, 7]","[2, 4, 8]",GridSearch,minimize,local
8n3f5rcs,146,780,1779114343976,,/home/meliani/nni-experiments/8n3f5rcs,66,exp_GridSearch_1500s_local_plus_tt_local_plus_tt,hpo,/home/meliani/Desktop/phd/fast-track/search_space.json,python3 trial.py --data ./local_plus_tt.csv,/home/meliani/Desktop/phd/fast-track,1,1500s,100000000,False,False,info,/home/meliani/nni-experiments,"['LSTM', 'GRU', 'CNN', 'RNN', 'TCN', 'Transformer', 'MLP']","[16, 32, 64, 128, 256]","[1, 2, 3, 4]","[0, 0.1, 0.2, 0.3, 0.5]","['relu', 'tanh', 'sigmoid', 'elu']","[1e-05, 0.01]","[2, 3, 4, 5, 6, 7, 8, 9, 10, 11, 12, 13, 14, 15, 16, 17, 18, 19, 20, 21, 22, 23, 24, 25, 26, 27, 28, 29, 30]","[16, 32, 64, 128]","[5, 10, 15, 20]","[2, 3, 5, 7]","[2, 4, 8]",GridSearch,minimize,local
8n3f5rcs,147,784,1779114343976,,/home/meliani/nni-experiments/8n3f5rcs,67,exp_GridSearch_1500s_local_plus_tt_local_plus_tt,hpo,/home/meliani/Desktop/phd/fast-track/search_space.json,python3 trial.py --data ./local_plus_tt.csv,/home/meliani/Desktop/phd/fast-track,1,1500s,100000000,False,False,info,/home/meliani/nni-experiments,"['LSTM', 'GRU', 'CNN', 'RNN', 'TCN', 'Transformer', 'MLP']","[16, 32, 64, 128, 256]","[1, 2, 3, 4]","[0, 0.1, 0.2, 0.3, 0.5]","['relu', 'tanh', 'sigmoid', 'elu']","[1e-05, 0.01]","[2, 3, 4, 5, 6, 7, 8, 9, 10, 11, 12, 13, 14, 15, 16, 17, 18, 19, 20, 21, 22, 23, 24, 25, 26, 27, 28, 29, 30]","[16, 32, 64, 128]","[5, 10, 15, 20]","[2, 3, 5, 7]","[2, 4, 8]",GridSearch,minimize,local
8n3f5rcs,148,790,1779114343976,,/home/meliani/nni-experiments/8n3f5rcs,67,exp_GridSearch_1500s_local_plus_tt_local_plus_tt,hpo,/home/meliani/Desktop/phd/fast-track/search_space.json,python3 trial.py --data ./local_plus_tt.csv,/home/meliani/Desktop/phd/fast-track,1,1500s,100000000,False,False,info,/home/meliani/nni-experiments,"['LSTM', 'GRU', 'CNN', 'RNN', 'TCN', 'Transformer', 'MLP']","[16, 32, 64, 128, 256]","[1, 2, 3, 4]","[0, 0.1, 0.2, 0.3, 0.5]","['relu', 'tanh', 'sigmoid', 'elu']","[1e-05, 0.01]","[2, 3, 4, 5, 6, 7, 8, 9, 10, 11, 12, 13, 14, 15, 16, 17, 18, 19, 20, 21, 22, 23, 24, 25, 26, 27, 28, 29, 30]","[16, 32, 64, 128]","[5, 10, 15, 20]","[2, 3, 5, 7]","[2, 4, 8]",GridSearch,minimize,local
8n3f5rcs,149,793,1779114343976,,/home/meliani/nni-experiments/8n3f5rcs,68,exp_GridSearch_1500s_local_plus_tt_local_plus_tt,hpo,/home/meliani/Desktop/phd/fast-track/search_space.json,python3 trial.py --data ./local_plus_tt.csv,/home/meliani/Desktop/phd/fast-track,1,1500s,100000000,False,False,info,/home/meliani/nni-experiments,"['LSTM', 'GRU', 'CNN', 'RNN', 'TCN', 'Transformer', 'MLP']","[16, 32, 64, 128, 256]","[1, 2, 3, 4]","[0, 0.1, 0.2, 0.3, 0.5]","['relu', 'tanh', 'sigmoid', 'elu']","[1e-05, 0.01]","[2, 3, 4, 5, 6, 7, 8, 9, 10, 11, 12, 13, 14, 15, 16, 17, 18, 19, 20, 21, 22, 23, 24, 25, 26, 27, 28, 29, 30]","[16, 32, 64, 128]","[5, 10, 15, 20]","[2, 3, 5, 7]","[2, 4, 8]",GridSearch,minimize,local
8n3f5rcs,150,800,1779114343976,,/home/meliani/nni-experiments/8n3f5rcs,68,exp_GridSearch_1500s_local_plus_tt_local_plus_tt,hpo,/home/meliani/Desktop/phd/fast-track/search_space.json,python3 trial.py --data ./local_plus_tt.csv,/home/meliani/Desktop/phd/fast-track,1,1500s,100000000,False,False,info,/home/meliani/nni-experiments,"['LSTM', 'GRU', 'CNN', 'RNN', 'TCN', 'Transformer', 'MLP']","[16, 32, 64, 128, 256]","[1, 2, 3, 4]","[0, 0.1, 0.2, 0.3, 0.5]","['relu', 'tanh', 'sigmoid', 'elu']","[1e-05, 0.01]","[2, 3, 4, 5, 6, 7, 8, 9, 10, 11, 12, 13, 14, 15, 16, 17, 18, 19, 20, 21, 22, 23, 24, 25, 26, 27, 28, 29, 30]","[16, 32, 64, 128]","[5, 10, 15, 20]","[2, 3, 5, 7]","[2, 4, 8]",GridSearch,minimize,local
8n3f5rcs,151,802,1779114343976,,/home/meliani/nni-experiments/8n3f5rcs,69,exp_GridSearch_1500s_local_plus_tt_local_plus_tt,hpo,/home/meliani/Desktop/phd/fast-track/search_space.json,python3 trial.py --data ./local_plus_tt.csv,/home/meliani/Desktop/phd/fast-track,1,1500s,100000000,False,False,info,/home/meliani/nni-experiments,"['LSTM', 'GRU', 'CNN', 'RNN', 'TCN', 'Transformer', 'MLP']","[16, 32, 64, 128, 256]","[1, 2, 3, 4]","[0, 0.1, 0.2, 0.3, 0.5]","['relu', 'tanh', 'sigmoid', 'elu']","[1e-05, 0.01]","[2, 3, 4, 5, 6, 7, 8, 9, 10, 11, 12, 13, 14, 15, 16, 17, 18, 19, 20, 21, 22, 23, 24, 25, 26, 27, 28, 29, 30]","[16, 32, 64, 128]","[5, 10, 15, 20]","[2, 3, 5, 7]","[2, 4, 8]",GridSearch,minimize,local
8n3f5rcs,152,810,1779114343976,,/home/meliani/nni-experiments/8n3f5rcs,69,exp_GridSearch_1500s_local_plus_tt_local_plus_tt,hpo,/home/meliani/Desktop/phd/fast-track/search_space.json,python3 trial.py --data ./local_plus_tt.csv,/home/meliani/Desktop/phd/fast-track,1,1500s,100000000,False,False,info,/home/meliani/nni-experiments,"['LSTM', 'GRU', 'CNN', 'RNN', 'TCN', 'Transformer', 'MLP']","[16, 32, 64, 128, 256]","[1, 2, 3, 4]","[0, 0.1, 0.2, 0.3, 0.5]","['relu', 'tanh', 'sigmoid', 'elu']","[1e-05, 0.01]","[2, 3, 4, 5, 6, 7, 8, 9, 10, 11, 12, 13, 14, 15, 16, 17, 18, 19, 20, 21, 22, 23, 24, 25, 26, 27, 28, 29, 30]","[16, 32, 64, 128]","[5, 10, 15, 20]","[2, 3, 5, 7]","[2, 4, 8]",GridSearch,minimize,local
8n3f5rcs,153,811,1779114343976,,/home/meliani/nni-experiments/8n3f5rcs,70,exp_GridSearch_1500s_local_plus_tt_local_plus_tt,hpo,/home/meliani/Desktop/phd/fast-track/search_space.json,python3 trial.py --data ./local_plus_tt.csv,/home/meliani/Desktop/phd/fast-track,1,1500s,100000000,False,False,info,/home/meliani/nni-experiments,"['LSTM', 'GRU', 'CNN', 'RNN', 'TCN', 'Transformer', 'MLP']","[16, 32, 64, 128, 256]","[1, 2, 3, 4]","[0, 0.1, 0.2, 0.3, 0.5]","['relu', 'tanh', 'sigmoid', 'elu']","[1e-05, 0.01]","[2, 3, 4, 5, 6, 7, 8, 9, 10, 11, 12, 13, 14, 15, 16, 17, 18, 19, 20, 21, 22, 23, 24, 25, 26, 27, 28, 29, 30]","[16, 32, 64, 128]","[5, 10, 15, 20]","[2, 3, 5, 7]","[2, 4, 8]",GridSearch,minimize,local
8n3f5rcs,154,820,1779114343976,,/home/meliani/nni-experiments/8n3f5rcs,70,exp_GridSearch_1500s_local_plus_tt_local_plus_tt,hpo,/home/meliani/Desktop/phd/fast-track/search_space.json,python3 trial.py --data ./local_plus_tt.csv,/home/meliani/Desktop/phd/fast-track,1,1500s,100000000,False,False,info,/home/meliani/nni-experiments,"['LSTM', 'GRU', 'CNN', 'RNN', 'TCN', 'Transformer', 'MLP']","[16, 32, 64, 128, 256]","[1, 2, 3, 4]","[0, 0.1, 0.2, 0.3, 0.5]","['relu', 'tanh', 'sigmoid', 'elu']","[1e-05, 0.01]","[2, 3, 4, 5, 6, 7, 8, 9, 10, 11, 12, 13, 14, 15, 16, 17, 18, 19, 20, 21, 22, 23, 24, 25, 26, 27, 28, 29, 30]","[16, 32, 64, 128]","[5, 10, 15, 20]","[2, 3, 5, 7]","[2, 4, 8]",GridSearch,minimize,local
8n3f5rcs,155,820,1779114343976,,/home/meliani/nni-experiments/8n3f5rcs,71,exp_GridSearch_1500s_local_plus_tt_local_plus_tt,hpo,/home/meliani/Desktop/phd/fast-track/search_space.json,python3 trial.py --data ./local_plus_tt.csv,/home/meliani/Desktop/phd/fast-track,1,1500s,100000000,False,False,info,/home/meliani/nni-experiments,"['LSTM', 'GRU', 'CNN', 'RNN', 'TCN', 'Transformer', 'MLP']","[16, 32, 64, 128, 256]","[1, 2, 3, 4]","[0, 0.1, 0.2, 0.3, 0.5]","['relu', 'tanh', 'sigmoid', 'elu']","[1e-05, 0.01]","[2, 3, 4, 5, 6, 7, 8, 9, 10, 11, 12, 13, 14, 15, 16, 17, 18, 19, 20, 21, 22, 23, 24, 25, 26, 27, 28, 29, 30]","[16, 32, 64, 128]","[5, 10, 15, 20]","[2, 3, 5, 7]","[2, 4, 8]",GridSearch,minimize,local
8n3f5rcs,156,830,1779114343976,,/home/meliani/nni-experiments/8n3f5rcs,72,exp_GridSearch_1500s_local_plus_tt_local_plus_tt,hpo,/home/meliani/Desktop/phd/fast-track/search_space.json,python3 trial.py --data ./local_plus_tt.csv,/home/meliani/Desktop/phd/fast-track,1,1500s,100000000,False,False,info,/home/meliani/nni-experiments,"['LSTM', 'GRU', 'CNN', 'RNN', 'TCN', 'Transformer', 'MLP']","[16, 32, 64, 128, 256]","[1, 2, 3, 4]","[0, 0.1, 0.2, 0.3, 0.5]","['relu', 'tanh', 'sigmoid', 'elu']","[1e-05, 0.01]","[2, 3, 4, 5, 6, 7, 8, 9, 10, 11, 12, 13, 14, 15, 16, 17, 18, 19, 20, 21, 22, 23, 24, 25, 26, 27, 28, 29, 30]","[16, 32, 64, 128]","[5, 10, 15, 20]","[2, 3, 5, 7]","[2, 4, 8]",GridSearch,minimize,local
8n3f5rcs,157,830,1779114343976,,/home/meliani/nni-experiments/8n3f5rcs,72,exp_GridSearch_1500s_local_plus_tt_local_plus_tt,hpo,/home/meliani/Desktop/phd/fast-track/search_space.json,python3 trial.py --data ./local_plus_tt.csv,/home/meliani/Desktop/phd/fast-track,1,1500s,100000000,False,False,info,/home/meliani/nni-experiments,"['LSTM', 'GRU', 'CNN', 'RNN', 'TCN', 'Transformer', 'MLP']","[16, 32, 64, 128, 256]","[1, 2, 3, 4]","[0, 0.1, 0.2, 0.3, 0.5]","['relu', 'tanh', 'sigmoid', 'elu']","[1e-05, 0.01]","[2, 3, 4, 5, 6, 7, 8, 9, 10, 11, 12, 13, 14, 15, 16, 17, 18, 19, 20, 21, 22, 23, 24, 25, 26, 27, 28, 29, 30]","[16, 32, 64, 128]","[5, 10, 15, 20]","[2, 3, 5, 7]","[2, 4, 8]",GridSearch,minimize,local
8n3f5rcs,158,839,1779114343976,,/home/meliani/nni-experiments/8n3f5rcs,73,exp_GridSearch_1500s_local_plus_tt_local_plus_tt,hpo,/home/meliani/Desktop/phd/fast-track/search_space.json,python3 trial.py --data ./local_plus_tt.csv,/home/meliani/Desktop/phd/fast-track,1,1500s,100000000,False,False,info,/home/meliani/nni-experiments,"['LSTM', 'GRU', 'CNN', 'RNN', 'TCN', 'Transformer', 'MLP']","[16, 32, 64, 128, 256]","[1, 2, 3, 4]","[0, 0.1, 0.2, 0.3, 0.5]","['relu', 'tanh', 'sigmoid', 'elu']","[1e-05, 0.01]","[2, 3, 4, 5, 6, 7, 8, 9, 10, 11, 12, 13, 14, 15, 16, 17, 18, 19, 20, 21, 22, 23, 24, 25, 26, 27, 28, 29, 30]","[16, 32, 64, 128]","[5, 10, 15, 20]","[2, 3, 5, 7]","[2, 4, 8]",GridSearch,minimize,local
8n3f5rcs,159,840,1779114343976,,/home/meliani/nni-experiments/8n3f5rcs,73,exp_GridSearch_1500s_local_plus_tt_local_plus_tt,hpo,/home/meliani/Desktop/phd/fast-track/search_space.json,python3 trial.py --data ./local_plus_tt.csv,/home/meliani/Desktop/phd/fast-track,1,1500s,100000000,False,False,info,/home/meliani/nni-experiments,"['LSTM', 'GRU', 'CNN', 'RNN', 'TCN', 'Transformer', 'MLP']","[16, 32, 64, 128, 256]","[1, 2, 3, 4]","[0, 0.1, 0.2, 0.3, 0.5]","['relu', 'tanh', 'sigmoid', 'elu']","[1e-05, 0.01]","[2, 3, 4, 5, 6, 7, 8, 9, 10, 11, 12, 13, 14, 15, 16, 17, 18, 19, 20, 21, 22, 23, 24, 25, 26, 27, 28, 29, 30]","[16, 32, 64, 128]","[5, 10, 15, 20]","[2, 3, 5, 7]","[2, 4, 8]",GridSearch,minimize,local
8n3f5rcs,160,850,1779114343976,,/home/meliani/nni-experiments/8n3f5rcs,74,exp_GridSearch_1500s_local_plus_tt_local_plus_tt,hpo,/home/meliani/Desktop/phd/fast-track/search_space.json,python3 trial.py --data ./local_plus_tt.csv,/home/meliani/Desktop/phd/fast-track,1,1500s,100000000,False,False,info,/home/meliani/nni-experiments,"['LSTM', 'GRU', 'CNN', 'RNN', 'TCN', 'Transformer', 'MLP']","[16, 32, 64, 128, 256]","[1, 2, 3, 4]","[0, 0.1, 0.2, 0.3, 0.5]","['relu', 'tanh', 'sigmoid', 'elu']","[1e-05, 0.01]","[2, 3, 4, 5, 6, 7, 8, 9, 10, 11, 12, 13, 14, 15, 16, 17, 18, 19, 20, 21, 22, 23, 24, 25, 26, 27, 28, 29, 30]","[16, 32, 64, 128]","[5, 10, 15, 20]","[2, 3, 5, 7]","[2, 4, 8]",GridSearch,minimize,local
8n3f5rcs,161,850,1779114343976,,/home/meliani/nni-experiments/8n3f5rcs,74,exp_GridSearch_1500s_local_plus_tt_local_plus_tt,hpo,/home/meliani/Desktop/phd/fast-track/search_space.json,python3 trial.py --data ./local_plus_tt.csv,/home/meliani/Desktop/phd/fast-track,1,1500s,100000000,False,False,info,/home/meliani/nni-experiments,"['LSTM', 'GRU', 'CNN', 'RNN', 'TCN', 'Transformer', 'MLP']","[16, 32, 64, 128, 256]","[1, 2, 3, 4]","[0, 0.1, 0.2, 0.3, 0.5]","['relu', 'tanh', 'sigmoid', 'elu']","[1e-05, 0.01]","[2, 3, 4, 5, 6, 7, 8, 9, 10, 11, 12, 13, 14, 15, 16, 17, 18, 19, 20, 21, 22, 23, 24, 25, 26, 27, 28, 29, 30]","[16, 32, 64, 128]","[5, 10, 15, 20]","[2, 3, 5, 7]","[2, 4, 8]",GridSearch,minimize,local
8n3f5rcs,162,860,1779114343976,,/home/meliani/nni-experiments/8n3f5rcs,74,exp_GridSearch_1500s_local_plus_tt_local_plus_tt,hpo,/home/meliani/Desktop/phd/fast-track/search_space.json,python3 trial.py --data ./local_plus_tt.csv,/home/meliani/Desktop/phd/fast-track,1,1500s,100000000,False,False,info,/home/meliani/nni-experiments,"['LSTM', 'GRU', 'CNN', 'RNN', 'TCN', 'Transformer', 'MLP']","[16, 32, 64, 128, 256]","[1, 2, 3, 4]","[0, 0.1, 0.2, 0.3, 0.5]","['relu', 'tanh', 'sigmoid', 'elu']","[1e-05, 0.01]","[2, 3, 4, 5, 6, 7, 8, 9, 10, 11, 12, 13, 14, 15, 16, 17, 18, 19, 20, 21, 22, 23, 24, 25, 26, 27, 28, 29, 30]","[16, 32, 64, 128]","[5, 10, 15, 20]","[2, 3, 5, 7]","[2, 4, 8]",GridSearch,minimize,local
8n3f5rcs,163,861,1779114343976,,/home/meliani/nni-experiments/8n3f5rcs,75,exp_GridSearch_1500s_local_plus_tt_local_plus_tt,hpo,/home/meliani/Desktop/phd/fast-track/search_space.json,python3 trial.py --data ./local_plus_tt.csv,/home/meliani/Desktop/phd/fast-track,1,1500s,100000000,False,False,info,/home/meliani/nni-experiments,"['LSTM', 'GRU', 'CNN', 'RNN', 'TCN', 'Transformer', 'MLP']","[16, 32, 64, 128, 256]","[1, 2, 3, 4]","[0, 0.1, 0.2, 0.3, 0.5]","['relu', 'tanh', 'sigmoid', 'elu']","[1e-05, 0.01]","[2, 3, 4, 5, 6, 7, 8, 9, 10, 11, 12, 13, 14, 15, 16, 17, 18, 19, 20, 21, 22, 23, 24, 25, 26, 27, 28, 29, 30]","[16, 32, 64, 128]","[5, 10, 15, 20]","[2, 3, 5, 7]","[2, 4, 8]",GridSearch,minimize,local
8n3f5rcs,164,870,1779114343976,,/home/meliani/nni-experiments/8n3f5rcs,75,exp_GridSearch_1500s_local_plus_tt_local_plus_tt,hpo,/home/meliani/Desktop/phd/fast-track/search_space.json,python3 trial.py --data ./local_plus_tt.csv,/home/meliani/Desktop/phd/fast-track,1,1500s,100000000,False,False,info,/home/meliani/nni-experiments,"['LSTM', 'GRU', 'CNN', 'RNN', 'TCN', 'Transformer', 'MLP']","[16, 32, 64, 128, 256]","[1, 2, 3, 4]","[0, 0.1, 0.2, 0.3, 0.5]","['relu', 'tanh', 'sigmoid', 'elu']","[1e-05, 0.01]","[2, 3, 4, 5, 6, 7, 8, 9, 10, 11, 12, 13, 14, 15, 16, 17, 18, 19, 20, 21, 22, 23, 24, 25, 26, 27, 28, 29, 30]","[16, 32, 64, 128]","[5, 10, 15, 20]","[2, 3, 5, 7]","[2, 4, 8]",GridSearch,minimize,local
8n3f5rcs,165,872,1779114343976,,/home/meliani/nni-experiments/8n3f5rcs,76,exp_GridSearch_1500s_local_plus_tt_local_plus_tt,hpo,/home/meliani/Desktop/phd/fast-track/search_space.json,python3 trial.py --data ./local_plus_tt.csv,/home/meliani/Desktop/phd/fast-track,1,1500s,100000000,False,False,info,/home/meliani/nni-experiments,"['LSTM', 'GRU', 'CNN', 'RNN', 'TCN', 'Transformer', 'MLP']","[16, 32, 64, 128, 256]","[1, 2, 3, 4]","[0, 0.1, 0.2, 0.3, 0.5]","['relu', 'tanh', 'sigmoid', 'elu']","[1e-05, 0.01]","[2, 3, 4, 5, 6, 7, 8, 9, 10, 11, 12, 13, 14, 15, 16, 17, 18, 19, 20, 21, 22, 23, 24, 25, 26, 27, 28, 29, 30]","[16, 32, 64, 128]","[5, 10, 15, 20]","[2, 3, 5, 7]","[2, 4, 8]",GridSearch,minimize,local
8n3f5rcs,166,880,1779114343976,,/home/meliani/nni-experiments/8n3f5rcs,76,exp_GridSearch_1500s_local_plus_tt_local_plus_tt,hpo,/home/meliani/Desktop/phd/fast-track/search_space.json,python3 trial.py --data ./local_plus_tt.csv,/home/meliani/Desktop/phd/fast-track,1,1500s,100000000,False,False,info,/home/meliani/nni-experiments,"['LSTM', 'GRU', 'CNN', 'RNN', 'TCN', 'Transformer', 'MLP']","[16, 32, 64, 128, 256]","[1, 2, 3, 4]","[0, 0.1, 0.2, 0.3, 0.5]","['relu', 'tanh', 'sigmoid', 'elu']","[1e-05, 0.01]","[2, 3, 4, 5, 6, 7, 8, 9, 10, 11, 12, 13, 14, 15, 16, 17, 18, 19, 20, 21, 22, 23, 24, 25, 26, 27, 28, 29, 30]","[16, 32, 64, 128]","[5, 10, 15, 20]","[2, 3, 5, 7]","[2, 4, 8]",GridSearch,minimize,local
8n3f5rcs,167,883,1779114343976,,/home/meliani/nni-experiments/8n3f5rcs,77,exp_GridSearch_1500s_local_plus_tt_local_plus_tt,hpo,/home/meliani/Desktop/phd/fast-track/search_space.json,python3 trial.py --data ./local_plus_tt.csv,/home/meliani/Desktop/phd/fast-track,1,1500s,100000000,False,False,info,/home/meliani/nni-experiments,"['LSTM', 'GRU', 'CNN', 'RNN', 'TCN', 'Transformer', 'MLP']","[16, 32, 64, 128, 256]","[1, 2, 3, 4]","[0, 0.1, 0.2, 0.3, 0.5]","['relu', 'tanh', 'sigmoid', 'elu']","[1e-05, 0.01]","[2, 3, 4, 5, 6, 7, 8, 9, 10, 11, 12, 13, 14, 15, 16, 17, 18, 19, 20, 21, 22, 23, 24, 25, 26, 27, 28, 29, 30]","[16, 32, 64, 128]","[5, 10, 15, 20]","[2, 3, 5, 7]","[2, 4, 8]",GridSearch,minimize,local
8n3f5rcs,168,890,1779114343976,,/home/meliani/nni-experiments/8n3f5rcs,77,exp_GridSearch_1500s_local_plus_tt_local_plus_tt,hpo,/home/meliani/Desktop/phd/fast-track/search_space.json,python3 trial.py --data ./local_plus_tt.csv,/home/meliani/Desktop/phd/fast-track,1,1500s,100000000,False,False,info,/home/meliani/nni-experiments,"['LSTM', 'GRU', 'CNN', 'RNN', 'TCN', 'Transformer', 'MLP']","[16, 32, 64, 128, 256]","[1, 2, 3, 4]","[0, 0.1, 0.2, 0.3, 0.5]","['relu', 'tanh', 'sigmoid', 'elu']","[1e-05, 0.01]","[2, 3, 4, 5, 6, 7, 8, 9, 10, 11, 12, 13, 14, 15, 16, 17, 18, 19, 20, 21, 22, 23, 24, 25, 26, 27, 28, 29, 30]","[16, 32, 64, 128]","[5, 10, 15, 20]","[2, 3, 5, 7]","[2, 4, 8]",GridSearch,minimize,local
8n3f5rcs,169,894,1779114343976,,/home/meliani/nni-experiments/8n3f5rcs,78,exp_GridSearch_1500s_local_plus_tt_local_plus_tt,hpo,/home/meliani/Desktop/phd/fast-track/search_space.json,python3 trial.py --data ./local_plus_tt.csv,/home/meliani/Desktop/phd/fast-track,1,1500s,100000000,False,False,info,/home/meliani/nni-experiments,"['LSTM', 'GRU', 'CNN', 'RNN', 'TCN', 'Transformer', 'MLP']","[16, 32, 64, 128, 256]","[1, 2, 3, 4]","[0, 0.1, 0.2, 0.3, 0.5]","['relu', 'tanh', 'sigmoid', 'elu']","[1e-05, 0.01]","[2, 3, 4, 5, 6, 7, 8, 9, 10, 11, 12, 13, 14, 15, 16, 17, 18, 19, 20, 21, 22, 23, 24, 25, 26, 27, 28, 29, 30]","[16, 32, 64, 128]","[5, 10, 15, 20]","[2, 3, 5, 7]","[2, 4, 8]",GridSearch,minimize,local
8n3f5rcs,170,900,1779114343976,,/home/meliani/nni-experiments/8n3f5rcs,78,exp_GridSearch_1500s_local_plus_tt_local_plus_tt,hpo,/home/meliani/Desktop/phd/fast-track/search_space.json,python3 trial.py --data ./local_plus_tt.csv,/home/meliani/Desktop/phd/fast-track,1,1500s,100000000,False,False,info,/home/meliani/nni-experiments,"['LSTM', 'GRU', 'CNN', 'RNN', 'TCN', 'Transformer', 'MLP']","[16, 32, 64, 128, 256]","[1, 2, 3, 4]","[0, 0.1, 0.2, 0.3, 0.5]","['relu', 'tanh', 'sigmoid', 'elu']","[1e-05, 0.01]","[2, 3, 4, 5, 6, 7, 8, 9, 10, 11, 12, 13, 14, 15, 16, 17, 18, 19, 20, 21, 22, 23, 24, 25, 26, 27, 28, 29, 30]","[16, 32, 64, 128]","[5, 10, 15, 20]","[2, 3, 5, 7]","[2, 4, 8]",GridSearch,minimize,local
8n3f5rcs,171,905,1779114343976,,/home/meliani/nni-experiments/8n3f5rcs,79,exp_GridSearch_1500s_local_plus_tt_local_plus_tt,hpo,/home/meliani/Desktop/phd/fast-track/search_space.json,python3 trial.py --data ./local_plus_tt.csv,/home/meliani/Desktop/phd/fast-track,1,1500s,100000000,False,False,info,/home/meliani/nni-experiments,"['LSTM', 'GRU', 'CNN', 'RNN', 'TCN', 'Transformer', 'MLP']","[16, 32, 64, 128, 256]","[1, 2, 3, 4]","[0, 0.1, 0.2, 0.3, 0.5]","['relu', 'tanh', 'sigmoid', 'elu']","[1e-05, 0.01]","[2, 3, 4, 5, 6, 7, 8, 9, 10, 11, 12, 13, 14, 15, 16, 17, 18, 19, 20, 21, 22, 23, 24, 25, 26, 27, 28, 29, 30]","[16, 32, 64, 128]","[5, 10, 15, 20]","[2, 3, 5, 7]","[2, 4, 8]",GridSearch,minimize,local
8n3f5rcs,172,910,1779114343976,,/home/meliani/nni-experiments/8n3f5rcs,79,exp_GridSearch_1500s_local_plus_tt_local_plus_tt,hpo,/home/meliani/Desktop/phd/fast-track/search_space.json,python3 trial.py --data ./local_plus_tt.csv,/home/meliani/Desktop/phd/fast-track,1,1500s,100000000,False,False,info,/home/meliani/nni-experiments,"['LSTM', 'GRU', 'CNN', 'RNN', 'TCN', 'Transformer', 'MLP']","[16, 32, 64, 128, 256]","[1, 2, 3, 4]","[0, 0.1, 0.2, 0.3, 0.5]","['relu', 'tanh', 'sigmoid', 'elu']","[1e-05, 0.01]","[2, 3, 4, 5, 6, 7, 8, 9, 10, 11, 12, 13, 14, 15, 16, 17, 18, 19, 20, 21, 22, 23, 24, 25, 26, 27, 28, 29, 30]","[16, 32, 64, 128]","[5, 10, 15, 20]","[2, 3, 5, 7]","[2, 4, 8]",GridSearch,minimize,local
8n3f5rcs,173,916,1779114343976,,/home/meliani/nni-experiments/8n3f5rcs,80,exp_GridSearch_1500s_local_plus_tt_local_plus_tt,hpo,/home/meliani/Desktop/phd/fast-track/search_space.json,python3 trial.py --data ./local_plus_tt.csv,/home/meliani/Desktop/phd/fast-track,1,1500s,100000000,False,False,info,/home/meliani/nni-experiments,"['LSTM', 'GRU', 'CNN', 'RNN', 'TCN', 'Transformer', 'MLP']","[16, 32, 64, 128, 256]","[1, 2, 3, 4]","[0, 0.1, 0.2, 0.3, 0.5]","['relu', 'tanh', 'sigmoid', 'elu']","[1e-05, 0.01]","[2, 3, 4, 5, 6, 7, 8, 9, 10, 11, 12, 13, 14, 15, 16, 17, 18, 19, 20, 21, 22, 23, 24, 25, 26, 27, 28, 29, 30]","[16, 32, 64, 128]","[5, 10, 15, 20]","[2, 3, 5, 7]","[2, 4, 8]",GridSearch,minimize,local
8n3f5rcs,174,920,1779114343976,,/home/meliani/nni-experiments/8n3f5rcs,80,exp_GridSearch_1500s_local_plus_tt_local_plus_tt,hpo,/home/meliani/Desktop/phd/fast-track/search_space.json,python3 trial.py --data ./local_plus_tt.csv,/home/meliani/Desktop/phd/fast-track,1,1500s,100000000,False,False,info,/home/meliani/nni-experiments,"['LSTM', 'GRU', 'CNN', 'RNN', 'TCN', 'Transformer', 'MLP']","[16, 32, 64, 128, 256]","[1, 2, 3, 4]","[0, 0.1, 0.2, 0.3, 0.5]","['relu', 'tanh', 'sigmoid', 'elu']","[1e-05, 0.01]","[2, 3, 4, 5, 6, 7, 8, 9, 10, 11, 12, 13, 14, 15, 16, 17, 18, 19, 20, 21, 22, 23, 24, 25, 26, 27, 28, 29, 30]","[16, 32, 64, 128]","[5, 10, 15, 20]","[2, 3, 5, 7]","[2, 4, 8]",GridSearch,minimize,local
8n3f5rcs,175,927,1779114343976,,/home/meliani/nni-experiments/8n3f5rcs,81,exp_GridSearch_1500s_local_plus_tt_local_plus_tt,hpo,/home/meliani/Desktop/phd/fast-track/search_space.json,python3 trial.py --data ./local_plus_tt.csv,/home/meliani/Desktop/phd/fast-track,1,1500s,100000000,False,False,info,/home/meliani/nni-experiments,"['LSTM', 'GRU', 'CNN', 'RNN', 'TCN', 'Transformer', 'MLP']","[16, 32, 64, 128, 256]","[1, 2, 3, 4]","[0, 0.1, 0.2, 0.3, 0.5]","['relu', 'tanh', 'sigmoid', 'elu']","[1e-05, 0.01]","[2, 3, 4, 5, 6, 7, 8, 9, 10, 11, 12, 13, 14, 15, 16, 17, 18, 19, 20, 21, 22, 23, 24, 25, 26, 27, 28, 29, 30]","[16, 32, 64, 128]","[5, 10, 15, 20]","[2, 3, 5, 7]","[2, 4, 8]",GridSearch,minimize,local
8n3f5rcs,176,930,1779114343976,,/home/meliani/nni-experiments/8n3f5rcs,81,exp_GridSearch_1500s_local_plus_tt_local_plus_tt,hpo,/home/meliani/Desktop/phd/fast-track/search_space.json,python3 trial.py --data ./local_plus_tt.csv,/home/meliani/Desktop/phd/fast-track,1,1500s,100000000,False,False,info,/home/meliani/nni-experiments,"['LSTM', 'GRU', 'CNN', 'RNN', 'TCN', 'Transformer', 'MLP']","[16, 32, 64, 128, 256]","[1, 2, 3, 4]","[0, 0.1, 0.2, 0.3, 0.5]","['relu', 'tanh', 'sigmoid', 'elu']","[1e-05, 0.01]","[2, 3, 4, 5, 6, 7, 8, 9, 10, 11, 12, 13, 14, 15, 16, 17, 18, 19, 20, 21, 22, 23, 24, 25, 26, 27, 28, 29, 30]","[16, 32, 64, 128]","[5, 10, 15, 20]","[2, 3, 5, 7]","[2, 4, 8]",GridSearch,minimize,local
8n3f5rcs,177,938,1779114343976,,/home/meliani/nni-experiments/8n3f5rcs,82,exp_GridSearch_1500s_local_plus_tt_local_plus_tt,hpo,/home/meliani/Desktop/phd/fast-track/search_space.json,python3 trial.py --data ./local_plus_tt.csv,/home/meliani/Desktop/phd/fast-track,1,1500s,100000000,False,False,info,/home/meliani/nni-experiments,"['LSTM', 'GRU', 'CNN', 'RNN', 'TCN', 'Transformer', 'MLP']","[16, 32, 64, 128, 256]","[1, 2, 3, 4]","[0, 0.1, 0.2, 0.3, 0.5]","['relu', 'tanh', 'sigmoid', 'elu']","[1e-05, 0.01]","[2, 3, 4, 5, 6, 7, 8, 9, 10, 11, 12, 13, 14, 15, 16, 17, 18, 19, 20, 21, 22, 23, 24, 25, 26, 27, 28, 29, 30]","[16, 32, 64, 128]","[5, 10, 15, 20]","[2, 3, 5, 7]","[2, 4, 8]",GridSearch,minimize,local
8n3f5rcs,178,940,1779114343976,,/home/meliani/nni-experiments/8n3f5rcs,82,exp_GridSearch_1500s_local_plus_tt_local_plus_tt,hpo,/home/meliani/Desktop/phd/fast-track/search_space.json,python3 trial.py --data ./local_plus_tt.csv,/home/meliani/Desktop/phd/fast-track,1,1500s,100000000,False,False,info,/home/meliani/nni-experiments,"['LSTM', 'GRU', 'CNN', 'RNN', 'TCN', 'Transformer', 'MLP']","[16, 32, 64, 128, 256]","[1, 2, 3, 4]","[0, 0.1, 0.2, 0.3, 0.5]","['relu', 'tanh', 'sigmoid', 'elu']","[1e-05, 0.01]","[2, 3, 4, 5, 6, 7, 8, 9, 10, 11, 12, 13, 14, 15, 16, 17, 18, 19, 20, 21, 22, 23, 24, 25, 26, 27, 28, 29, 30]","[16, 32, 64, 128]","[5, 10, 15, 20]","[2, 3, 5, 7]","[2, 4, 8]",GridSearch,minimize,local
8n3f5rcs,179,949,1779114343976,,/home/meliani/nni-experiments/8n3f5rcs,83,exp_GridSearch_1500s_local_plus_tt_local_plus_tt,hpo,/home/meliani/Desktop/phd/fast-track/search_space.json,python3 trial.py --data ./local_plus_tt.csv,/home/meliani/Desktop/phd/fast-track,1,1500s,100000000,False,False,info,/home/meliani/nni-experiments,"['LSTM', 'GRU', 'CNN', 'RNN', 'TCN', 'Transformer', 'MLP']","[16, 32, 64, 128, 256]","[1, 2, 3, 4]","[0, 0.1, 0.2, 0.3, 0.5]","['relu', 'tanh', 'sigmoid', 'elu']","[1e-05, 0.01]","[2, 3, 4, 5, 6, 7, 8, 9, 10, 11, 12, 13, 14, 15, 16, 17, 18, 19, 20, 21, 22, 23, 24, 25, 26, 27, 28, 29, 30]","[16, 32, 64, 128]","[5, 10, 15, 20]","[2, 3, 5, 7]","[2, 4, 8]",GridSearch,minimize,local
8n3f5rcs,180,950,1779114343976,,/home/meliani/nni-experiments/8n3f5rcs,83,exp_GridSearch_1500s_local_plus_tt_local_plus_tt,hpo,/home/meliani/Desktop/phd/fast-track/search_space.json,python3 trial.py --data ./local_plus_tt.csv,/home/meliani/Desktop/phd/fast-track,1,1500s,100000000,False,False,info,/home/meliani/nni-experiments,"['LSTM', 'GRU', 'CNN', 'RNN', 'TCN', 'Transformer', 'MLP']","[16, 32, 64, 128, 256]","[1, 2, 3, 4]","[0, 0.1, 0.2, 0.3, 0.5]","['relu', 'tanh', 'sigmoid', 'elu']","[1e-05, 0.01]","[2, 3, 4, 5, 6, 7, 8, 9, 10, 11, 12, 13, 14, 15, 16, 17, 18, 19, 20, 21, 22, 23, 24, 25, 26, 27, 28, 29, 30]","[16, 32, 64, 128]","[5, 10, 15, 20]","[2, 3, 5, 7]","[2, 4, 8]",GridSearch,minimize,local
8n3f5rcs,181,960,1779114343976,,/home/meliani/nni-experiments/8n3f5rcs,84,exp_GridSearch_1500s_local_plus_tt_local_plus_tt,hpo,/home/meliani/Desktop/phd/fast-track/search_space.json,python3 trial.py --data ./local_plus_tt.csv,/home/meliani/Desktop/phd/fast-track,1,1500s,100000000,False,False,info,/home/meliani/nni-experiments,"['LSTM', 'GRU', 'CNN', 'RNN', 'TCN', 'Transformer', 'MLP']","[16, 32, 64, 128, 256]","[1, 2, 3, 4]","[0, 0.1, 0.2, 0.3, 0.5]","['relu', 'tanh', 'sigmoid', 'elu']","[1e-05, 0.01]","[2, 3, 4, 5, 6, 7, 8, 9, 10, 11, 12, 13, 14, 15, 16, 17, 18, 19, 20, 21, 22, 23, 24, 25, 26, 27, 28, 29, 30]","[16, 32, 64, 128]","[5, 10, 15, 20]","[2, 3, 5, 7]","[2, 4, 8]",GridSearch,minimize,local
8n3f5rcs,182,960,1779114343976,,/home/meliani/nni-experiments/8n3f5rcs,84,exp_GridSearch_1500s_local_plus_tt_local_plus_tt,hpo,/home/meliani/Desktop/phd/fast-track/search_space.json,python3 trial.py --data ./local_plus_tt.csv,/home/meliani/Desktop/phd/fast-track,1,1500s,100000000,False,False,info,/home/meliani/nni-experiments,"['LSTM', 'GRU', 'CNN', 'RNN', 'TCN', 'Transformer', 'MLP']","[16, 32, 64, 128, 256]","[1, 2, 3, 4]","[0, 0.1, 0.2, 0.3, 0.5]","['relu', 'tanh', 'sigmoid', 'elu']","[1e-05, 0.01]","[2, 3, 4, 5, 6, 7, 8, 9, 10, 11, 12, 13, 14, 15, 16, 17, 18, 19, 20, 21, 22, 23, 24, 25, 26, 27, 28, 29, 30]","[16, 32, 64, 128]","[5, 10, 15, 20]","[2, 3, 5, 7]","[2, 4, 8]",GridSearch,minimize,local
8n3f5rcs,183,970,1779114343976,,/home/meliani/nni-experiments/8n3f5rcs,84,exp_GridSearch_1500s_local_plus_tt_local_plus_tt,hpo,/home/meliani/Desktop/phd/fast-track/search_space.json,python3 trial.py --data ./local_plus_tt.csv,/home/meliani/Desktop/phd/fast-track,1,1500s,100000000,False,False,info,/home/meliani/nni-experiments,"['LSTM', 'GRU', 'CNN', 'RNN', 'TCN', 'Transformer', 'MLP']","[16, 32, 64, 128, 256]","[1, 2, 3, 4]","[0, 0.1, 0.2, 0.3, 0.5]","['relu', 'tanh', 'sigmoid', 'elu']","[1e-05, 0.01]","[2, 3, 4, 5, 6, 7, 8, 9, 10, 11, 12, 13, 14, 15, 16, 17, 18, 19, 20, 21, 22, 23, 24, 25, 26, 27, 28, 29, 30]","[16, 32, 64, 128]","[5, 10, 15, 20]","[2, 3, 5, 7]","[2, 4, 8]",GridSearch,minimize,local
8n3f5rcs,184,971,1779114343976,,/home/meliani/nni-experiments/8n3f5rcs,85,exp_GridSearch_1500s_local_plus_tt_local_plus_tt,hpo,/home/meliani/Desktop/phd/fast-track/search_space.json,python3 trial.py --data ./local_plus_tt.csv,/home/meliani/Desktop/phd/fast-track,1,1500s,100000000,False,False,info,/home/meliani/nni-experiments,"['LSTM', 'GRU', 'CNN', 'RNN', 'TCN', 'Transformer', 'MLP']","[16, 32, 64, 128, 256]","[1, 2, 3, 4]","[0, 0.1, 0.2, 0.3, 0.5]","['relu', 'tanh', 'sigmoid', 'elu']","[1e-05, 0.01]","[2, 3, 4, 5, 6, 7, 8, 9, 10, 11, 12, 13, 14, 15, 16, 17, 18, 19, 20, 21, 22, 23, 24, 25, 26, 27, 28, 29, 30]","[16, 32, 64, 128]","[5, 10, 15, 20]","[2, 3, 5, 7]","[2, 4, 8]",GridSearch,minimize,local
8n3f5rcs,185,980,1779114343976,,/home/meliani/nni-experiments/8n3f5rcs,85,exp_GridSearch_1500s_local_plus_tt_local_plus_tt,hpo,/home/meliani/Desktop/phd/fast-track/search_space.json,python3 trial.py --data ./local_plus_tt.csv,/home/meliani/Desktop/phd/fast-track,1,1500s,100000000,False,False,info,/home/meliani/nni-experiments,"['LSTM', 'GRU', 'CNN', 'RNN', 'TCN', 'Transformer', 'MLP']","[16, 32, 64, 128, 256]","[1, 2, 3, 4]","[0, 0.1, 0.2, 0.3, 0.5]","['relu', 'tanh', 'sigmoid', 'elu']","[1e-05, 0.01]","[2, 3, 4, 5, 6, 7, 8, 9, 10, 11, 12, 13, 14, 15, 16, 17, 18, 19, 20, 21, 22, 23, 24, 25, 26, 27, 28, 29, 30]","[16, 32, 64, 128]","[5, 10, 15, 20]","[2, 3, 5, 7]","[2, 4, 8]",GridSearch,minimize,local
8n3f5rcs,186,983,1779114343976,,/home/meliani/nni-experiments/8n3f5rcs,86,exp_GridSearch_1500s_local_plus_tt_local_plus_tt,hpo,/home/meliani/Desktop/phd/fast-track/search_space.json,python3 trial.py --data ./local_plus_tt.csv,/home/meliani/Desktop/phd/fast-track,1,1500s,100000000,False,False,info,/home/meliani/nni-experiments,"['LSTM', 'GRU', 'CNN', 'RNN', 'TCN', 'Transformer', 'MLP']","[16, 32, 64, 128, 256]","[1, 2, 3, 4]","[0, 0.1, 0.2, 0.3, 0.5]","['relu', 'tanh', 'sigmoid', 'elu']","[1e-05, 0.01]","[2, 3, 4, 5, 6, 7, 8, 9, 10, 11, 12, 13, 14, 15, 16, 17, 18, 19, 20, 21, 22, 23, 24, 25, 26, 27, 28, 29, 30]","[16, 32, 64, 128]","[5, 10, 15, 20]","[2, 3, 5, 7]","[2, 4, 8]",GridSearch,minimize,local
8n3f5rcs,187,990,1779114343976,,/home/meliani/nni-experiments/8n3f5rcs,86,exp_GridSearch_1500s_local_plus_tt_local_plus_tt,hpo,/home/meliani/Desktop/phd/fast-track/search_space.json,python3 trial.py --data ./local_plus_tt.csv,/home/meliani/Desktop/phd/fast-track,1,1500s,100000000,False,False,info,/home/meliani/nni-experiments,"['LSTM', 'GRU', 'CNN', 'RNN', 'TCN', 'Transformer', 'MLP']","[16, 32, 64, 128, 256]","[1, 2, 3, 4]","[0, 0.1, 0.2, 0.3, 0.5]","['relu', 'tanh', 'sigmoid', 'elu']","[1e-05, 0.01]","[2, 3, 4, 5, 6, 7, 8, 9, 10, 11, 12, 13, 14, 15, 16, 17, 18, 19, 20, 21, 22, 23, 24, 25, 26, 27, 28, 29, 30]","[16, 32, 64, 128]","[5, 10, 15, 20]","[2, 3, 5, 7]","[2, 4, 8]",GridSearch,minimize,local
8n3f5rcs,188,996,1779114343976,,/home/meliani/nni-experiments/8n3f5rcs,87,exp_GridSearch_1500s_local_plus_tt_local_plus_tt,hpo,/home/meliani/Desktop/phd/fast-track/search_space.json,python3 trial.py --data ./local_plus_tt.csv,/home/meliani/Desktop/phd/fast-track,1,1500s,100000000,False,False,info,/home/meliani/nni-experiments,"['LSTM', 'GRU', 'CNN', 'RNN', 'TCN', 'Transformer', 'MLP']","[16, 32, 64, 128, 256]","[1, 2, 3, 4]","[0, 0.1, 0.2, 0.3, 0.5]","['relu', 'tanh', 'sigmoid', 'elu']","[1e-05, 0.01]","[2, 3, 4, 5, 6, 7, 8, 9, 10, 11, 12, 13, 14, 15, 16, 17, 18, 19, 20, 21, 22, 23, 24, 25, 26, 27, 28, 29, 30]","[16, 32, 64, 128]","[5, 10, 15, 20]","[2, 3, 5, 7]","[2, 4, 8]",GridSearch,minimize,local
8n3f5rcs,189,1000,1779114343976,,/home/meliani/nni-experiments/8n3f5rcs,87,exp_GridSearch_1500s_local_plus_tt_local_plus_tt,hpo,/home/meliani/Desktop/phd/fast-track/search_space.json,python3 trial.py --data ./local_plus_tt.csv,/home/meliani/Desktop/phd/fast-track,1,1500s,100000000,False,False,info,/home/meliani/nni-experiments,"['LSTM', 'GRU', 'CNN', 'RNN', 'TCN', 'Transformer', 'MLP']","[16, 32, 64, 128, 256]","[1, 2, 3, 4]","[0, 0.1, 0.2, 0.3, 0.5]","['relu', 'tanh', 'sigmoid', 'elu']","[1e-05, 0.01]","[2, 3, 4, 5, 6, 7, 8, 9, 10, 11, 12, 13, 14, 15, 16, 17, 18, 19, 20, 21, 22, 23, 24, 25, 26, 27, 28, 29, 30]","[16, 32, 64, 128]","[5, 10, 15, 20]","[2, 3, 5, 7]","[2, 4, 8]",GridSearch,minimize,local
8n3f5rcs,190,1008,1779114343976,,/home/meliani/nni-experiments/8n3f5rcs,88,exp_GridSearch_1500s_local_plus_tt_local_plus_tt,hpo,/home/meliani/Desktop/phd/fast-track/search_space.json,python3 trial.py --data ./local_plus_tt.csv,/home/meliani/Desktop/phd/fast-track,1,1500s,100000000,False,False,info,/home/meliani/nni-experiments,"['LSTM', 'GRU', 'CNN', 'RNN', 'TCN', 'Transformer', 'MLP']","[16, 32, 64, 128, 256]","[1, 2, 3, 4]","[0, 0.1, 0.2, 0.3, 0.5]","['relu', 'tanh', 'sigmoid', 'elu']","[1e-05, 0.01]","[2, 3, 4, 5, 6, 7, 8, 9, 10, 11, 12, 13, 14, 15, 16, 17, 18, 19, 20, 21, 22, 23, 24, 25, 26, 27, 28, 29, 30]","[16, 32, 64, 128]","[5, 10, 15, 20]","[2, 3, 5, 7]","[2, 4, 8]",GridSearch,minimize,local
8n3f5rcs,191,1010,1779114343976,,/home/meliani/nni-experiments/8n3f5rcs,88,exp_GridSearch_1500s_local_plus_tt_local_plus_tt,hpo,/home/meliani/Desktop/phd/fast-track/search_space.json,python3 trial.py --data ./local_plus_tt.csv,/home/meliani/Desktop/phd/fast-track,1,1500s,100000000,False,False,info,/home/meliani/nni-experiments,"['LSTM', 'GRU', 'CNN', 'RNN', 'TCN', 'Transformer', 'MLP']","[16, 32, 64, 128, 256]","[1, 2, 3, 4]","[0, 0.1, 0.2, 0.3, 0.5]","['relu', 'tanh', 'sigmoid', 'elu']","[1e-05, 0.01]","[2, 3, 4, 5, 6, 7, 8, 9, 10, 11, 12, 13, 14, 15, 16, 17, 18, 19, 20, 21, 22, 23, 24, 25, 26, 27, 28, 29, 30]","[16, 32, 64, 128]","[5, 10, 15, 20]","[2, 3, 5, 7]","[2, 4, 8]",GridSearch,minimize,local
8n3f5rcs,192,1020,1779114343976,,/home/meliani/nni-experiments/8n3f5rcs,89,exp_GridSearch_1500s_local_plus_tt_local_plus_tt,hpo,/home/meliani/Desktop/phd/fast-track/search_space.json,python3 trial.py --data ./local_plus_tt.csv,/home/meliani/Desktop/phd/fast-track,1,1500s,100000000,False,False,info,/home/meliani/nni-experiments,"['LSTM', 'GRU', 'CNN', 'RNN', 'TCN', 'Transformer', 'MLP']","[16, 32, 64, 128, 256]","[1, 2, 3, 4]","[0, 0.1, 0.2, 0.3, 0.5]","['relu', 'tanh', 'sigmoid', 'elu']","[1e-05, 0.01]","[2, 3, 4, 5, 6, 7, 8, 9, 10, 11, 12, 13, 14, 15, 16, 17, 18, 19, 20, 21, 22, 23, 24, 25, 26, 27, 28, 29, 30]","[16, 32, 64, 128]","[5, 10, 15, 20]","[2, 3, 5, 7]","[2, 4, 8]",GridSearch,minimize,local
8n3f5rcs,193,1020,1779114343976,,/home/meliani/nni-experiments/8n3f5rcs,89,exp_GridSearch_1500s_local_plus_tt_local_plus_tt,hpo,/home/meliani/Desktop/phd/fast-track/search_space.json,python3 trial.py --data ./local_plus_tt.csv,/home/meliani/Desktop/phd/fast-track,1,1500s,100000000,False,False,info,/home/meliani/nni-experiments,"['LSTM', 'GRU', 'CNN', 'RNN', 'TCN', 'Transformer', 'MLP']","[16, 32, 64, 128, 256]","[1, 2, 3, 4]","[0, 0.1, 0.2, 0.3, 0.5]","['relu', 'tanh', 'sigmoid', 'elu']","[1e-05, 0.01]","[2, 3, 4, 5, 6, 7, 8, 9, 10, 11, 12, 13, 14, 15, 16, 17, 18, 19, 20, 21, 22, 23, 24, 25, 26, 27, 28, 29, 30]","[16, 32, 64, 128]","[5, 10, 15, 20]","[2, 3, 5, 7]","[2, 4, 8]",GridSearch,minimize,local
8n3f5rcs,194,1030,1779114343976,,/home/meliani/nni-experiments/8n3f5rcs,89,exp_GridSearch_1500s_local_plus_tt_local_plus_tt,hpo,/home/meliani/Desktop/phd/fast-track/search_space.json,python3 trial.py --data ./local_plus_tt.csv,/home/meliani/Desktop/phd/fast-track,1,1500s,100000000,False,False,info,/home/meliani/nni-experiments,"['LSTM', 'GRU', 'CNN', 'RNN', 'TCN', 'Transformer', 'MLP']","[16, 32, 64, 128, 256]","[1, 2, 3, 4]","[0, 0.1, 0.2, 0.3, 0.5]","['relu', 'tanh', 'sigmoid', 'elu']","[1e-05, 0.01]","[2, 3, 4, 5, 6, 7, 8, 9, 10, 11, 12, 13, 14, 15, 16, 17, 18, 19, 20, 21, 22, 23, 24, 25, 26, 27, 28, 29, 30]","[16, 32, 64, 128]","[5, 10, 15, 20]","[2, 3, 5, 7]","[2, 4, 8]",GridSearch,minimize,local
8n3f5rcs,195,1032,1779114343976,,/home/meliani/nni-experiments/8n3f5rcs,90,exp_GridSearch_1500s_local_plus_tt_local_plus_tt,hpo,/home/meliani/Desktop/phd/fast-track/search_space.json,python3 trial.py --data ./local_plus_tt.csv,/home/meliani/Desktop/phd/fast-track,1,1500s,100000000,False,False,info,/home/meliani/nni-experiments,"['LSTM', 'GRU', 'CNN', 'RNN', 'TCN', 'Transformer', 'MLP']","[16, 32, 64, 128, 256]","[1, 2, 3, 4]","[0, 0.1, 0.2, 0.3, 0.5]","['relu', 'tanh', 'sigmoid', 'elu']","[1e-05, 0.01]","[2, 3, 4, 5, 6, 7, 8, 9, 10, 11, 12, 13, 14, 15, 16, 17, 18, 19, 20, 21, 22, 23, 24, 25, 26, 27, 28, 29, 30]","[16, 32, 64, 128]","[5, 10, 15, 20]","[2, 3, 5, 7]","[2, 4, 8]",GridSearch,minimize,local
8n3f5rcs,196,1040,1779114343976,,/home/meliani/nni-experiments/8n3f5rcs,90,exp_GridSearch_1500s_local_plus_tt_local_plus_tt,hpo,/home/meliani/Desktop/phd/fast-track/search_space.json,python3 trial.py --data ./local_plus_tt.csv,/home/meliani/Desktop/phd/fast-track,1,1500s,100000000,False,False,info,/home/meliani/nni-experiments,"['LSTM', 'GRU', 'CNN', 'RNN', 'TCN', 'Transformer', 'MLP']","[16, 32, 64, 128, 256]","[1, 2, 3, 4]","[0, 0.1, 0.2, 0.3, 0.5]","['relu', 'tanh', 'sigmoid', 'elu']","[1e-05, 0.01]","[2, 3, 4, 5, 6, 7, 8, 9, 10, 11, 12, 13, 14, 15, 16, 17, 18, 19, 20, 21, 22, 23, 24, 25, 26, 27, 28, 29, 30]","[16, 32, 64, 128]","[5, 10, 15, 20]","[2, 3, 5, 7]","[2, 4, 8]",GridSearch,minimize,local
8n3f5rcs,197,1044,1779114343976,,/home/meliani/nni-experiments/8n3f5rcs,91,exp_GridSearch_1500s_local_plus_tt_local_plus_tt,hpo,/home/meliani/Desktop/phd/fast-track/search_space.json,python3 trial.py --data ./local_plus_tt.csv,/home/meliani/Desktop/phd/fast-track,1,1500s,100000000,False,False,info,/home/meliani/nni-experiments,"['LSTM', 'GRU', 'CNN', 'RNN', 'TCN', 'Transformer', 'MLP']","[16, 32, 64, 128, 256]","[1, 2, 3, 4]","[0, 0.1, 0.2, 0.3, 0.5]","['relu', 'tanh', 'sigmoid', 'elu']","[1e-05, 0.01]","[2, 3, 4, 5, 6, 7, 8, 9, 10, 11, 12, 13, 14, 15, 16, 17, 18, 19, 20, 21, 22, 23, 24, 25, 26, 27, 28, 29, 30]","[16, 32, 64, 128]","[5, 10, 15, 20]","[2, 3, 5, 7]","[2, 4, 8]",GridSearch,minimize,local
8n3f5rcs,198,1050,1779114343976,,/home/meliani/nni-experiments/8n3f5rcs,91,exp_GridSearch_1500s_local_plus_tt_local_plus_tt,hpo,/home/meliani/Desktop/phd/fast-track/search_space.json,python3 trial.py --data ./local_plus_tt.csv,/home/meliani/Desktop/phd/fast-track,1,1500s,100000000,False,False,info,/home/meliani/nni-experiments,"['LSTM', 'GRU', 'CNN', 'RNN', 'TCN', 'Transformer', 'MLP']","[16, 32, 64, 128, 256]","[1, 2, 3, 4]","[0, 0.1, 0.2, 0.3, 0.5]","['relu', 'tanh', 'sigmoid', 'elu']","[1e-05, 0.01]","[2, 3, 4, 5, 6, 7, 8, 9, 10, 11, 12, 13, 14, 15, 16, 17, 18, 19, 20, 21, 22, 23, 24, 25, 26, 27, 28, 29, 30]","[16, 32, 64, 128]","[5, 10, 15, 20]","[2, 3, 5, 7]","[2, 4, 8]",GridSearch,minimize,local
8n3f5rcs,199,1056,1779114343976,,/home/meliani/nni-experiments/8n3f5rcs,92,exp_GridSearch_1500s_local_plus_tt_local_plus_tt,hpo,/home/meliani/Desktop/phd/fast-track/search_space.json,python3 trial.py --data ./local_plus_tt.csv,/home/meliani/Desktop/phd/fast-track,1,1500s,100000000,False,False,info,/home/meliani/nni-experiments,"['LSTM', 'GRU', 'CNN', 'RNN', 'TCN', 'Transformer', 'MLP']","[16, 32, 64, 128, 256]","[1, 2, 3, 4]","[0, 0.1, 0.2, 0.3, 0.5]","['relu', 'tanh', 'sigmoid', 'elu']","[1e-05, 0.01]","[2, 3, 4, 5, 6, 7, 8, 9, 10, 11, 12, 13, 14, 15, 16, 17, 18, 19, 20, 21, 22, 23, 24, 25, 26, 27, 28, 29, 30]","[16, 32, 64, 128]","[5, 10, 15, 20]","[2, 3, 5, 7]","[2, 4, 8]",GridSearch,minimize,local
8n3f5rcs,200,1060,1779114343976,,/home/meliani/nni-experiments/8n3f5rcs,92,exp_GridSearch_1500s_local_plus_tt_local_plus_tt,hpo,/home/meliani/Desktop/phd/fast-track/search_space.json,python3 trial.py --data ./local_plus_tt.csv,/home/meliani/Desktop/phd/fast-track,1,1500s,100000000,False,False,info,/home/meliani/nni-experiments,"['LSTM', 'GRU', 'CNN', 'RNN', 'TCN', 'Transformer', 'MLP']","[16, 32, 64, 128, 256]","[1, 2, 3, 4]","[0, 0.1, 0.2, 0.3, 0.5]","['relu', 'tanh', 'sigmoid', 'elu']","[1e-05, 0.01]","[2, 3, 4, 5, 6, 7, 8, 9, 10, 11, 12, 13, 14, 15, 16, 17, 18, 19, 20, 21, 22, 23, 24, 25, 26, 27, 28, 29, 30]","[16, 32, 64, 128]","[5, 10, 15, 20]","[2, 3, 5, 7]","[2, 4, 8]",GridSearch,minimize,local
8n3f5rcs,201,1069,1779114343976,,/home/meliani/nni-experiments/8n3f5rcs,93,exp_GridSearch_1500s_local_plus_tt_local_plus_tt,hpo,/home/meliani/Desktop/phd/fast-track/search_space.json,python3 trial.py --data ./local_plus_tt.csv,/home/meliani/Desktop/phd/fast-track,1,1500s,100000000,False,False,info,/home/meliani/nni-experiments,"['LSTM', 'GRU', 'CNN', 'RNN', 'TCN', 'Transformer', 'MLP']","[16, 32, 64, 128, 256]","[1, 2, 3, 4]","[0, 0.1, 0.2, 0.3, 0.5]","['relu', 'tanh', 'sigmoid', 'elu']","[1e-05, 0.01]","[2, 3, 4, 5, 6, 7, 8, 9, 10, 11, 12, 13, 14, 15, 16, 17, 18, 19, 20, 21, 22, 23, 24, 25, 26, 27, 28, 29, 30]","[16, 32, 64, 128]","[5, 10, 15, 20]","[2, 3, 5, 7]","[2, 4, 8]",GridSearch,minimize,local
8n3f5rcs,202,1070,1779114343976,,/home/meliani/nni-experiments/8n3f5rcs,93,exp_GridSearch_1500s_local_plus_tt_local_plus_tt,hpo,/home/meliani/Desktop/phd/fast-track/search_space.json,python3 trial.py --data ./local_plus_tt.csv,/home/meliani/Desktop/phd/fast-track,1,1500s,100000000,False,False,info,/home/meliani/nni-experiments,"['LSTM', 'GRU', 'CNN', 'RNN', 'TCN', 'Transformer', 'MLP']","[16, 32, 64, 128, 256]","[1, 2, 3, 4]","[0, 0.1, 0.2, 0.3, 0.5]","['relu', 'tanh', 'sigmoid', 'elu']","[1e-05, 0.01]","[2, 3, 4, 5, 6, 7, 8, 9, 10, 11, 12, 13, 14, 15, 16, 17, 18, 19, 20, 21, 22, 23, 24, 25, 26, 27, 28, 29, 30]","[16, 32, 64, 128]","[5, 10, 15, 20]","[2, 3, 5, 7]","[2, 4, 8]",GridSearch,minimize,local
8n3f5rcs,203,1080,1779114343976,,/home/meliani/nni-experiments/8n3f5rcs,93,exp_GridSearch_1500s_local_plus_tt_local_plus_tt,hpo,/home/meliani/Desktop/phd/fast-track/search_space.json,python3 trial.py --data ./local_plus_tt.csv,/home/meliani/Desktop/phd/fast-track,1,1500s,100000000,False,False,info,/home/meliani/nni-experiments,"['LSTM', 'GRU', 'CNN', 'RNN', 'TCN', 'Transformer', 'MLP']","[16, 32, 64, 128, 256]","[1, 2, 3, 4]","[0, 0.1, 0.2, 0.3, 0.5]","['relu', 'tanh', 'sigmoid', 'elu']","[1e-05, 0.01]","[2, 3, 4, 5, 6, 7, 8, 9, 10, 11, 12, 13, 14, 15, 16, 17, 18, 19, 20, 21, 22, 23, 24, 25, 26, 27, 28, 29, 30]","[16, 32, 64, 128]","[5, 10, 15, 20]","[2, 3, 5, 7]","[2, 4, 8]",GridSearch,minimize,local
8n3f5rcs,204,1081,1779114343976,,/home/meliani/nni-experiments/8n3f5rcs,94,exp_GridSearch_1500s_local_plus_tt_local_plus_tt,hpo,/home/meliani/Desktop/phd/fast-track/search_space.json,python3 trial.py --data ./local_plus_tt.csv,/home/meliani/Desktop/phd/fast-track,1,1500s,100000000,False,False,info,/home/meliani/nni-experiments,"['LSTM', 'GRU', 'CNN', 'RNN', 'TCN', 'Transformer', 'MLP']","[16, 32, 64, 128, 256]","[1, 2, 3, 4]","[0, 0.1, 0.2, 0.3, 0.5]","['relu', 'tanh', 'sigmoid', 'elu']","[1e-05, 0.01]","[2, 3, 4, 5, 6, 7, 8, 9, 10, 11, 12, 13, 14, 15, 16, 17, 18, 19, 20, 21, 22, 23, 24, 25, 26, 27, 28, 29, 30]","[16, 32, 64, 128]","[5, 10, 15, 20]","[2, 3, 5, 7]","[2, 4, 8]",GridSearch,minimize,local
8n3f5rcs,205,1090,1779114343976,,/home/meliani/nni-experiments/8n3f5rcs,94,exp_GridSearch_1500s_local_plus_tt_local_plus_tt,hpo,/home/meliani/Desktop/phd/fast-track/search_space.json,python3 trial.py --data ./local_plus_tt.csv,/home/meliani/Desktop/phd/fast-track,1,1500s,100000000,False,False,info,/home/meliani/nni-experiments,"['LSTM', 'GRU', 'CNN', 'RNN', 'TCN', 'Transformer', 'MLP']","[16, 32, 64, 128, 256]","[1, 2, 3, 4]","[0, 0.1, 0.2, 0.3, 0.5]","['relu', 'tanh', 'sigmoid', 'elu']","[1e-05, 0.01]","[2, 3, 4, 5, 6, 7, 8, 9, 10, 11, 12, 13, 14, 15, 16, 17, 18, 19, 20, 21, 22, 23, 24, 25, 26, 27, 28, 29, 30]","[16, 32, 64, 128]","[5, 10, 15, 20]","[2, 3, 5, 7]","[2, 4, 8]",GridSearch,minimize,local
8n3f5rcs,206,1093,1779114343976,,/home/meliani/nni-experiments/8n3f5rcs,95,exp_GridSearch_1500s_local_plus_tt_local_plus_tt,hpo,/home/meliani/Desktop/phd/fast-track/search_space.json,python3 trial.py --data ./local_plus_tt.csv,/home/meliani/Desktop/phd/fast-track,1,1500s,100000000,False,False,info,/home/meliani/nni-experiments,"['LSTM', 'GRU', 'CNN', 'RNN', 'TCN', 'Transformer', 'MLP']","[16, 32, 64, 128, 256]","[1, 2, 3, 4]","[0, 0.1, 0.2, 0.3, 0.5]","['relu', 'tanh', 'sigmoid', 'elu']","[1e-05, 0.01]","[2, 3, 4, 5, 6, 7, 8, 9, 10, 11, 12, 13, 14, 15, 16, 17, 18, 19, 20, 21, 22, 23, 24, 25, 26, 27, 28, 29, 30]","[16, 32, 64, 128]","[5, 10, 15, 20]","[2, 3, 5, 7]","[2, 4, 8]",GridSearch,minimize,local
8n3f5rcs,207,1100,1779114343976,,/home/meliani/nni-experiments/8n3f5rcs,95,exp_GridSearch_1500s_local_plus_tt_local_plus_tt,hpo,/home/meliani/Desktop/phd/fast-track/search_space.json,python3 trial.py --data ./local_plus_tt.csv,/home/meliani/Desktop/phd/fast-track,1,1500s,100000000,False,False,info,/home/meliani/nni-experiments,"['LSTM', 'GRU', 'CNN', 'RNN', 'TCN', 'Transformer', 'MLP']","[16, 32, 64, 128, 256]","[1, 2, 3, 4]","[0, 0.1, 0.2, 0.3, 0.5]","['relu', 'tanh', 'sigmoid', 'elu']","[1e-05, 0.01]","[2, 3, 4, 5, 6, 7, 8, 9, 10, 11, 12, 13, 14, 15, 16, 17, 18, 19, 20, 21, 22, 23, 24, 25, 26, 27, 28, 29, 30]","[16, 32, 64, 128]","[5, 10, 15, 20]","[2, 3, 5, 7]","[2, 4, 8]",GridSearch,minimize,local
8n3f5rcs,208,1105,1779114343976,,/home/meliani/nni-experiments/8n3f5rcs,96,exp_GridSearch_1500s_local_plus_tt_local_plus_tt,hpo,/home/meliani/Desktop/phd/fast-track/search_space.json,python3 trial.py --data ./local_plus_tt.csv,/home/meliani/Desktop/phd/fast-track,1,1500s,100000000,False,False,info,/home/meliani/nni-experiments,"['LSTM', 'GRU', 'CNN', 'RNN', 'TCN', 'Transformer', 'MLP']","[16, 32, 64, 128, 256]","[1, 2, 3, 4]","[0, 0.1, 0.2, 0.3, 0.5]","['relu', 'tanh', 'sigmoid', 'elu']","[1e-05, 0.01]","[2, 3, 4, 5, 6, 7, 8, 9, 10, 11, 12, 13, 14, 15, 16, 17, 18, 19, 20, 21, 22, 23, 24, 25, 26, 27, 28, 29, 30]","[16, 32, 64, 128]","[5, 10, 15, 20]","[2, 3, 5, 7]","[2, 4, 8]",GridSearch,minimize,local
8n3f5rcs,209,1110,1779114343976,,/home/meliani/nni-experiments/8n3f5rcs,96,exp_GridSearch_1500s_local_plus_tt_local_plus_tt,hpo,/home/meliani/Desktop/phd/fast-track/search_space.json,python3 trial.py --data ./local_plus_tt.csv,/home/meliani/Desktop/phd/fast-track,1,1500s,100000000,False,False,info,/home/meliani/nni-experiments,"['LSTM', 'GRU', 'CNN', 'RNN', 'TCN', 'Transformer', 'MLP']","[16, 32, 64, 128, 256]","[1, 2, 3, 4]","[0, 0.1, 0.2, 0.3, 0.5]","['relu', 'tanh', 'sigmoid', 'elu']","[1e-05, 0.01]","[2, 3, 4, 5, 6, 7, 8, 9, 10, 11, 12, 13, 14, 15, 16, 17, 18, 19, 20, 21, 22, 23, 24, 25, 26, 27, 28, 29, 30]","[16, 32, 64, 128]","[5, 10, 15, 20]","[2, 3, 5, 7]","[2, 4, 8]",GridSearch,minimize,local
8n3f5rcs,210,1117,1779114343976,,/home/meliani/nni-experiments/8n3f5rcs,97,exp_GridSearch_1500s_local_plus_tt_local_plus_tt,hpo,/home/meliani/Desktop/phd/fast-track/search_space.json,python3 trial.py --data ./local_plus_tt.csv,/home/meliani/Desktop/phd/fast-track,1,1500s,100000000,False,False,info,/home/meliani/nni-experiments,"['LSTM', 'GRU', 'CNN', 'RNN', 'TCN', 'Transformer', 'MLP']","[16, 32, 64, 128, 256]","[1, 2, 3, 4]","[0, 0.1, 0.2, 0.3, 0.5]","['relu', 'tanh', 'sigmoid', 'elu']","[1e-05, 0.01]","[2, 3, 4, 5, 6, 7, 8, 9, 10, 11, 12, 13, 14, 15, 16, 17, 18, 19, 20, 21, 22, 23, 24, 25, 26, 27, 28, 29, 30]","[16, 32, 64, 128]","[5, 10, 15, 20]","[2, 3, 5, 7]","[2, 4, 8]",GridSearch,minimize,local
8n3f5rcs,211,1120,1779114343976,,/home/meliani/nni-experiments/8n3f5rcs,97,exp_GridSearch_1500s_local_plus_tt_local_plus_tt,hpo,/home/meliani/Desktop/phd/fast-track/search_space.json,python3 trial.py --data ./local_plus_tt.csv,/home/meliani/Desktop/phd/fast-track,1,1500s,100000000,False,False,info,/home/meliani/nni-experiments,"['LSTM', 'GRU', 'CNN', 'RNN', 'TCN', 'Transformer', 'MLP']","[16, 32, 64, 128, 256]","[1, 2, 3, 4]","[0, 0.1, 0.2, 0.3, 0.5]","['relu', 'tanh', 'sigmoid', 'elu']","[1e-05, 0.01]","[2, 3, 4, 5, 6, 7, 8, 9, 10, 11, 12, 13, 14, 15, 16, 17, 18, 19, 20, 21, 22, 23, 24, 25, 26, 27, 28, 29, 30]","[16, 32, 64, 128]","[5, 10, 15, 20]","[2, 3, 5, 7]","[2, 4, 8]",GridSearch,minimize,local
8n3f5rcs,212,1123,1779114343976,,/home/meliani/nni-experiments/8n3f5rcs,98,exp_GridSearch_1500s_local_plus_tt_local_plus_tt,hpo,/home/meliani/Desktop/phd/fast-track/search_space.json,python3 trial.py --data ./local_plus_tt.csv,/home/meliani/Desktop/phd/fast-track,1,1500s,100000000,False,False,info,/home/meliani/nni-experiments,"['LSTM', 'GRU', 'CNN', 'RNN', 'TCN', 'Transformer', 'MLP']","[16, 32, 64, 128, 256]","[1, 2, 3, 4]","[0, 0.1, 0.2, 0.3, 0.5]","['relu', 'tanh', 'sigmoid', 'elu']","[1e-05, 0.01]","[2, 3, 4, 5, 6, 7, 8, 9, 10, 11, 12, 13, 14, 15, 16, 17, 18, 19, 20, 21, 22, 23, 24, 25, 26, 27, 28, 29, 30]","[16, 32, 64, 128]","[5, 10, 15, 20]","[2, 3, 5, 7]","[2, 4, 8]",GridSearch,minimize,local
8n3f5rcs,213,1129,1779114343976,,/home/meliani/nni-experiments/8n3f5rcs,99,exp_GridSearch_1500s_local_plus_tt_local_plus_tt,hpo,/home/meliani/Desktop/phd/fast-track/search_space.json,python3 trial.py --data ./local_plus_tt.csv,/home/meliani/Desktop/phd/fast-track,1,1500s,100000000,False,False,info,/home/meliani/nni-experiments,"['LSTM', 'GRU', 'CNN', 'RNN', 'TCN', 'Transformer', 'MLP']","[16, 32, 64, 128, 256]","[1, 2, 3, 4]","[0, 0.1, 0.2, 0.3, 0.5]","['relu', 'tanh', 'sigmoid', 'elu']","[1e-05, 0.01]","[2, 3, 4, 5, 6, 7, 8, 9, 10, 11, 12, 13, 14, 15, 16, 17, 18, 19, 20, 21, 22, 23, 24, 25, 26, 27, 28, 29, 30]","[16, 32, 64, 128]","[5, 10, 15, 20]","[2, 3, 5, 7]","[2, 4, 8]",GridSearch,minimize,local
8n3f5rcs,214,1130,1779114343976,,/home/meliani/nni-experiments/8n3f5rcs,99,exp_GridSearch_1500s_local_plus_tt_local_plus_tt,hpo,/home/meliani/Desktop/phd/fast-track/search_space.json,python3 trial.py --data ./local_plus_tt.csv,/home/meliani/Desktop/phd/fast-track,1,1500s,100000000,False,False,info,/home/meliani/nni-experiments,"['LSTM', 'GRU', 'CNN', 'RNN', 'TCN', 'Transformer', 'MLP']","[16, 32, 64, 128, 256]","[1, 2, 3, 4]","[0, 0.1, 0.2, 0.3, 0.5]","['relu', 'tanh', 'sigmoid', 'elu']","[1e-05, 0.01]","[2, 3, 4, 5, 6, 7, 8, 9, 10, 11, 12, 13, 14, 15, 16, 17, 18, 19, 20, 21, 22, 23, 24, 25, 26, 27, 28, 29, 30]","[16, 32, 64, 128]","[5, 10, 15, 20]","[2, 3, 5, 7]","[2, 4, 8]",GridSearch,minimize,local
8n3f5rcs,215,1135,1779114343976,,/home/meliani/nni-experiments/8n3f5rcs,100,exp_GridSearch_1500s_local_plus_tt_local_plus_tt,hpo,/home/meliani/Desktop/phd/fast-track/search_space.json,python3 trial.py --data ./local_plus_tt.csv,/home/meliani/Desktop/phd/fast-track,1,1500s,100000000,False,False,info,/home/meliani/nni-experiments,"['LSTM', 'GRU', 'CNN', 'RNN', 'TCN', 'Transformer', 'MLP']","[16, 32, 64, 128, 256]","[1, 2, 3, 4]","[0, 0.1, 0.2, 0.3, 0.5]","['relu', 'tanh', 'sigmoid', 'elu']","[1e-05, 0.01]","[2, 3, 4, 5, 6, 7, 8, 9, 10, 11, 12, 13, 14, 15, 16, 17, 18, 19, 20, 21, 22, 23, 24, 25, 26, 27, 28, 29, 30]","[16, 32, 64, 128]","[5, 10, 15, 20]","[2, 3, 5, 7]","[2, 4, 8]",GridSearch,minimize,local
8n3f5rcs,216,1140,1779114343976,,/home/meliani/nni-experiments/8n3f5rcs,100,exp_GridSearch_1500s_local_plus_tt_local_plus_tt,hpo,/home/meliani/Desktop/phd/fast-track/search_space.json,python3 trial.py --data ./local_plus_tt.csv,/home/meliani/Desktop/phd/fast-track,1,1500s,100000000,False,False,info,/home/meliani/nni-experiments,"['LSTM', 'GRU', 'CNN', 'RNN', 'TCN', 'Transformer', 'MLP']","[16, 32, 64, 128, 256]","[1, 2, 3, 4]","[0, 0.1, 0.2, 0.3, 0.5]","['relu', 'tanh', 'sigmoid', 'elu']","[1e-05, 0.01]","[2, 3, 4, 5, 6, 7, 8, 9, 10, 11, 12, 13, 14, 15, 16, 17, 18, 19, 20, 21, 22, 23, 24, 25, 26, 27, 28, 29, 30]","[16, 32, 64, 128]","[5, 10, 15, 20]","[2, 3, 5, 7]","[2, 4, 8]",GridSearch,minimize,local
8n3f5rcs,217,1141,1779114343976,,/home/meliani/nni-experiments/8n3f5rcs,101,exp_GridSearch_1500s_local_plus_tt_local_plus_tt,hpo,/home/meliani/Desktop/phd/fast-track/search_space.json,python3 trial.py --data ./local_plus_tt.csv,/home/meliani/Desktop/phd/fast-track,1,1500s,100000000,False,False,info,/home/meliani/nni-experiments,"['LSTM', 'GRU', 'CNN', 'RNN', 'TCN', 'Transformer', 'MLP']","[16, 32, 64, 128, 256]","[1, 2, 3, 4]","[0, 0.1, 0.2, 0.3, 0.5]","['relu', 'tanh', 'sigmoid', 'elu']","[1e-05, 0.01]","[2, 3, 4, 5, 6, 7, 8, 9, 10, 11, 12, 13, 14, 15, 16, 17, 18, 19, 20, 21, 22, 23, 24, 25, 26, 27, 28, 29, 30]","[16, 32, 64, 128]","[5, 10, 15, 20]","[2, 3, 5, 7]","[2, 4, 8]",GridSearch,minimize,local
8n3f5rcs,218,1147,1779114343976,,/home/meliani/nni-experiments/8n3f5rcs,102,exp_GridSearch_1500s_local_plus_tt_local_plus_tt,hpo,/home/meliani/Desktop/phd/fast-track/search_space.json,python3 trial.py --data ./local_plus_tt.csv,/home/meliani/Desktop/phd/fast-track,1,1500s,100000000,False,False,info,/home/meliani/nni-experiments,"['LSTM', 'GRU', 'CNN', 'RNN', 'TCN', 'Transformer', 'MLP']","[16, 32, 64, 128, 256]","[1, 2, 3, 4]","[0, 0.1, 0.2, 0.3, 0.5]","['relu', 'tanh', 'sigmoid', 'elu']","[1e-05, 0.01]","[2, 3, 4, 5, 6, 7, 8, 9, 10, 11, 12, 13, 14, 15, 16, 17, 18, 19, 20, 21, 22, 23, 24, 25, 26, 27, 28, 29, 30]","[16, 32, 64, 128]","[5, 10, 15, 20]","[2, 3, 5, 7]","[2, 4, 8]",GridSearch,minimize,local
8n3f5rcs,219,1150,1779114343976,,/home/meliani/nni-experiments/8n3f5rcs,102,exp_GridSearch_1500s_local_plus_tt_local_plus_tt,hpo,/home/meliani/Desktop/phd/fast-track/search_space.json,python3 trial.py --data ./local_plus_tt.csv,/home/meliani/Desktop/phd/fast-track,1,1500s,100000000,False,False,info,/home/meliani/nni-experiments,"['LSTM', 'GRU', 'CNN', 'RNN', 'TCN', 'Transformer', 'MLP']","[16, 32, 64, 128, 256]","[1, 2, 3, 4]","[0, 0.1, 0.2, 0.3, 0.5]","['relu', 'tanh', 'sigmoid', 'elu']","[1e-05, 0.01]","[2, 3, 4, 5, 6, 7, 8, 9, 10, 11, 12, 13, 14, 15, 16, 17, 18, 19, 20, 21, 22, 23, 24, 25, 26, 27, 28, 29, 30]","[16, 32, 64, 128]","[5, 10, 15, 20]","[2, 3, 5, 7]","[2, 4, 8]",GridSearch,minimize,local
8n3f5rcs,220,1154,1779114343976,,/home/meliani/nni-experiments/8n3f5rcs,103,exp_GridSearch_1500s_local_plus_tt_local_plus_tt,hpo,/home/meliani/Desktop/phd/fast-track/search_space.json,python3 trial.py --data ./local_plus_tt.csv,/home/meliani/Desktop/phd/fast-track,1,1500s,100000000,False,False,info,/home/meliani/nni-experiments,"['LSTM', 'GRU', 'CNN', 'RNN', 'TCN', 'Transformer', 'MLP']","[16, 32, 64, 128, 256]","[1, 2, 3, 4]","[0, 0.1, 0.2, 0.3, 0.5]","['relu', 'tanh', 'sigmoid', 'elu']","[1e-05, 0.01]","[2, 3, 4, 5, 6, 7, 8, 9, 10, 11, 12, 13, 14, 15, 16, 17, 18, 19, 20, 21, 22, 23, 24, 25, 26, 27, 28, 29, 30]","[16, 32, 64, 128]","[5, 10, 15, 20]","[2, 3, 5, 7]","[2, 4, 8]",GridSearch,minimize,local
8n3f5rcs,221,1160,1779114343976,,/home/meliani/nni-experiments/8n3f5rcs,104,exp_GridSearch_1500s_local_plus_tt_local_plus_tt,hpo,/home/meliani/Desktop/phd/fast-track/search_space.json,python3 trial.py --data ./local_plus_tt.csv,/home/meliani/Desktop/phd/fast-track,1,1500s,100000000,False,False,info,/home/meliani/nni-experiments,"['LSTM', 'GRU', 'CNN', 'RNN', 'TCN', 'Transformer', 'MLP']","[16, 32, 64, 128, 256]","[1, 2, 3, 4]","[0, 0.1, 0.2, 0.3, 0.5]","['relu', 'tanh', 'sigmoid', 'elu']","[1e-05, 0.01]","[2, 3, 4, 5, 6, 7, 8, 9, 10, 11, 12, 13, 14, 15, 16, 17, 18, 19, 20, 21, 22, 23, 24, 25, 26, 27, 28, 29, 30]","[16, 32, 64, 128]","[5, 10, 15, 20]","[2, 3, 5, 7]","[2, 4, 8]",GridSearch,minimize,local
8n3f5rcs,222,1160,1779114343976,,/home/meliani/nni-experiments/8n3f5rcs,104,exp_GridSearch_1500s_local_plus_tt_local_plus_tt,hpo,/home/meliani/Desktop/phd/fast-track/search_space.json,python3 trial.py --data ./local_plus_tt.csv,/home/meliani/Desktop/phd/fast-track,1,1500s,100000000,False,False,info,/home/meliani/nni-experiments,"['LSTM', 'GRU', 'CNN', 'RNN', 'TCN', 'Transformer', 'MLP']","[16, 32, 64, 128, 256]","[1, 2, 3, 4]","[0, 0.1, 0.2, 0.3, 0.5]","['relu', 'tanh', 'sigmoid', 'elu']","[1e-05, 0.01]","[2, 3, 4, 5, 6, 7, 8, 9, 10, 11, 12, 13, 14, 15, 16, 17, 18, 19, 20, 21, 22, 23, 24, 25, 26, 27, 28, 29, 30]","[16, 32, 64, 128]","[5, 10, 15, 20]","[2, 3, 5, 7]","[2, 4, 8]",GridSearch,minimize,local
8n3f5rcs,223,1166,1779114343976,,/home/meliani/nni-experiments/8n3f5rcs,105,exp_GridSearch_1500s_local_plus_tt_local_plus_tt,hpo,/home/meliani/Desktop/phd/fast-track/search_space.json,python3 trial.py --data ./local_plus_tt.csv,/home/meliani/Desktop/phd/fast-track,1,1500s,100000000,False,False,info,/home/meliani/nni-experiments,"['LSTM', 'GRU', 'CNN', 'RNN', 'TCN', 'Transformer', 'MLP']","[16, 32, 64, 128, 256]","[1, 2, 3, 4]","[0, 0.1, 0.2, 0.3, 0.5]","['relu', 'tanh', 'sigmoid', 'elu']","[1e-05, 0.01]","[2, 3, 4, 5, 6, 7, 8, 9, 10, 11, 12, 13, 14, 15, 16, 17, 18, 19, 20, 21, 22, 23, 24, 25, 26, 27, 28, 29, 30]","[16, 32, 64, 128]","[5, 10, 15, 20]","[2, 3, 5, 7]","[2, 4, 8]",GridSearch,minimize,local
8n3f5rcs,224,1170,1779114343976,,/home/meliani/nni-experiments/8n3f5rcs,105,exp_GridSearch_1500s_local_plus_tt_local_plus_tt,hpo,/home/meliani/Desktop/phd/fast-track/search_space.json,python3 trial.py --data ./local_plus_tt.csv,/home/meliani/Desktop/phd/fast-track,1,1500s,100000000,False,False,info,/home/meliani/nni-experiments,"['LSTM', 'GRU', 'CNN', 'RNN', 'TCN', 'Transformer', 'MLP']","[16, 32, 64, 128, 256]","[1, 2, 3, 4]","[0, 0.1, 0.2, 0.3, 0.5]","['relu', 'tanh', 'sigmoid', 'elu']","[1e-05, 0.01]","[2, 3, 4, 5, 6, 7, 8, 9, 10, 11, 12, 13, 14, 15, 16, 17, 18, 19, 20, 21, 22, 23, 24, 25, 26, 27, 28, 29, 30]","[16, 32, 64, 128]","[5, 10, 15, 20]","[2, 3, 5, 7]","[2, 4, 8]",GridSearch,minimize,local
8n3f5rcs,225,1172,1779114343976,,/home/meliani/nni-experiments/8n3f5rcs,106,exp_GridSearch_1500s_local_plus_tt_local_plus_tt,hpo,/home/meliani/Desktop/phd/fast-track/search_space.json,python3 trial.py --data ./local_plus_tt.csv,/home/meliani/Desktop/phd/fast-track,1,1500s,100000000,False,False,info,/home/meliani/nni-experiments,"['LSTM', 'GRU', 'CNN', 'RNN', 'TCN', 'Transformer', 'MLP']","[16, 32, 64, 128, 256]","[1, 2, 3, 4]","[0, 0.1, 0.2, 0.3, 0.5]","['relu', 'tanh', 'sigmoid', 'elu']","[1e-05, 0.01]","[2, 3, 4, 5, 6, 7, 8, 9, 10, 11, 12, 13, 14, 15, 16, 17, 18, 19, 20, 21, 22, 23, 24, 25, 26, 27, 28, 29, 30]","[16, 32, 64, 128]","[5, 10, 15, 20]","[2, 3, 5, 7]","[2, 4, 8]",GridSearch,minimize,local
8n3f5rcs,226,1178,1779114343976,,/home/meliani/nni-experiments/8n3f5rcs,107,exp_GridSearch_1500s_local_plus_tt_local_plus_tt,hpo,/home/meliani/Desktop/phd/fast-track/search_space.json,python3 trial.py --data ./local_plus_tt.csv,/home/meliani/Desktop/phd/fast-track,1,1500s,100000000,False,False,info,/home/meliani/nni-experiments,"['LSTM', 'GRU', 'CNN', 'RNN', 'TCN', 'Transformer', 'MLP']","[16, 32, 64, 128, 256]","[1, 2, 3, 4]","[0, 0.1, 0.2, 0.3, 0.5]","['relu', 'tanh', 'sigmoid', 'elu']","[1e-05, 0.01]","[2, 3, 4, 5, 6, 7, 8, 9, 10, 11, 12, 13, 14, 15, 16, 17, 18, 19, 20, 21, 22, 23, 24, 25, 26, 27, 28, 29, 30]","[16, 32, 64, 128]","[5, 10, 15, 20]","[2, 3, 5, 7]","[2, 4, 8]",GridSearch,minimize,local
8n3f5rcs,227,1180,1779114343976,,/home/meliani/nni-experiments/8n3f5rcs,107,exp_GridSearch_1500s_local_plus_tt_local_plus_tt,hpo,/home/meliani/Desktop/phd/fast-track/search_space.json,python3 trial.py --data ./local_plus_tt.csv,/home/meliani/Desktop/phd/fast-track,1,1500s,100000000,False,False,info,/home/meliani/nni-experiments,"['LSTM', 'GRU', 'CNN', 'RNN', 'TCN', 'Transformer', 'MLP']","[16, 32, 64, 128, 256]","[1, 2, 3, 4]","[0, 0.1, 0.2, 0.3, 0.5]","['relu', 'tanh', 'sigmoid', 'elu']","[1e-05, 0.01]","[2, 3, 4, 5, 6, 7, 8, 9, 10, 11, 12, 13, 14, 15, 16, 17, 18, 19, 20, 21, 22, 23, 24, 25, 26, 27, 28, 29, 30]","[16, 32, 64, 128]","[5, 10, 15, 20]","[2, 3, 5, 7]","[2, 4, 8]",GridSearch,minimize,local
8n3f5rcs,228,1184,1779114343976,,/home/meliani/nni-experiments/8n3f5rcs,108,exp_GridSearch_1500s_local_plus_tt_local_plus_tt,hpo,/home/meliani/Desktop/phd/fast-track/search_space.json,python3 trial.py --data ./local_plus_tt.csv,/home/meliani/Desktop/phd/fast-track,1,1500s,100000000,False,False,info,/home/meliani/nni-experiments,"['LSTM', 'GRU', 'CNN', 'RNN', 'TCN', 'Transformer', 'MLP']","[16, 32, 64, 128, 256]","[1, 2, 3, 4]","[0, 0.1, 0.2, 0.3, 0.5]","['relu', 'tanh', 'sigmoid', 'elu']","[1e-05, 0.01]","[2, 3, 4, 5, 6, 7, 8, 9, 10, 11, 12, 13, 14, 15, 16, 17, 18, 19, 20, 21, 22, 23, 24, 25, 26, 27, 28, 29, 30]","[16, 32, 64, 128]","[5, 10, 15, 20]","[2, 3, 5, 7]","[2, 4, 8]",GridSearch,minimize,local
8n3f5rcs,229,1190,1779114343976,,/home/meliani/nni-experiments/8n3f5rcs,109,exp_GridSearch_1500s_local_plus_tt_local_plus_tt,hpo,/home/meliani/Desktop/phd/fast-track/search_space.json,python3 trial.py --data ./local_plus_tt.csv,/home/meliani/Desktop/phd/fast-track,1,1500s,100000000,False,False,info,/home/meliani/nni-experiments,"['LSTM', 'GRU', 'CNN', 'RNN', 'TCN', 'Transformer', 'MLP']","[16, 32, 64, 128, 256]","[1, 2, 3, 4]","[0, 0.1, 0.2, 0.3, 0.5]","['relu', 'tanh', 'sigmoid', 'elu']","[1e-05, 0.01]","[2, 3, 4, 5, 6, 7, 8, 9, 10, 11, 12, 13, 14, 15, 16, 17, 18, 19, 20, 21, 22, 23, 24, 25, 26, 27, 28, 29, 30]","[16, 32, 64, 128]","[5, 10, 15, 20]","[2, 3, 5, 7]","[2, 4, 8]",GridSearch,minimize,local
8n3f5rcs,230,1190,1779114343976,,/home/meliani/nni-experiments/8n3f5rcs,109,exp_GridSearch_1500s_local_plus_tt_local_plus_tt,hpo,/home/meliani/Desktop/phd/fast-track/search_space.json,python3 trial.py --data ./local_plus_tt.csv,/home/meliani/Desktop/phd/fast-track,1,1500s,100000000,False,False,info,/home/meliani/nni-experiments,"['LSTM', 'GRU', 'CNN', 'RNN', 'TCN', 'Transformer', 'MLP']","[16, 32, 64, 128, 256]","[1, 2, 3, 4]","[0, 0.1, 0.2, 0.3, 0.5]","['relu', 'tanh', 'sigmoid', 'elu']","[1e-05, 0.01]","[2, 3, 4, 5, 6, 7, 8, 9, 10, 11, 12, 13, 14, 15, 16, 17, 18, 19, 20, 21, 22, 23, 24, 25, 26, 27, 28, 29, 30]","[16, 32, 64, 128]","[5, 10, 15, 20]","[2, 3, 5, 7]","[2, 4, 8]",GridSearch,minimize,local
8n3f5rcs,231,1197,1779114343976,,/home/meliani/nni-experiments/8n3f5rcs,110,exp_GridSearch_1500s_local_plus_tt_local_plus_tt,hpo,/home/meliani/Desktop/phd/fast-track/search_space.json,python3 trial.py --data ./local_plus_tt.csv,/home/meliani/Desktop/phd/fast-track,1,1500s,100000000,False,False,info,/home/meliani/nni-experiments,"['LSTM', 'GRU', 'CNN', 'RNN', 'TCN', 'Transformer', 'MLP']","[16, 32, 64, 128, 256]","[1, 2, 3, 4]","[0, 0.1, 0.2, 0.3, 0.5]","['relu', 'tanh', 'sigmoid', 'elu']","[1e-05, 0.01]","[2, 3, 4, 5, 6, 7, 8, 9, 10, 11, 12, 13, 14, 15, 16, 17, 18, 19, 20, 21, 22, 23, 24, 25, 26, 27, 28, 29, 30]","[16, 32, 64, 128]","[5, 10, 15, 20]","[2, 3, 5, 7]","[2, 4, 8]",GridSearch,minimize,local
8n3f5rcs,232,1200,1779114343976,,/home/meliani/nni-experiments/8n3f5rcs,110,exp_GridSearch_1500s_local_plus_tt_local_plus_tt,hpo,/home/meliani/Desktop/phd/fast-track/search_space.json,python3 trial.py --data ./local_plus_tt.csv,/home/meliani/Desktop/phd/fast-track,1,1500s,100000000,False,False,info,/home/meliani/nni-experiments,"['LSTM', 'GRU', 'CNN', 'RNN', 'TCN', 'Transformer', 'MLP']","[16, 32, 64, 128, 256]","[1, 2, 3, 4]","[0, 0.1, 0.2, 0.3, 0.5]","['relu', 'tanh', 'sigmoid', 'elu']","[1e-05, 0.01]","[2, 3, 4, 5, 6, 7, 8, 9, 10, 11, 12, 13, 14, 15, 16, 17, 18, 19, 20, 21, 22, 23, 24, 25, 26, 27, 28, 29, 30]","[16, 32, 64, 128]","[5, 10, 15, 20]","[2, 3, 5, 7]","[2, 4, 8]",GridSearch,minimize,local
8n3f5rcs,233,1204,1779114343976,,/home/meliani/nni-experiments/8n3f5rcs,111,exp_GridSearch_1500s_local_plus_tt_local_plus_tt,hpo,/home/meliani/Desktop/phd/fast-track/search_space.json,python3 trial.py --data ./local_plus_tt.csv,/home/meliani/Desktop/phd/fast-track,1,1500s,100000000,False,False,info,/home/meliani/nni-experiments,"['LSTM', 'GRU', 'CNN', 'RNN', 'TCN', 'Transformer', 'MLP']","[16, 32, 64, 128, 256]","[1, 2, 3, 4]","[0, 0.1, 0.2, 0.3, 0.5]","['relu', 'tanh', 'sigmoid', 'elu']","[1e-05, 0.01]","[2, 3, 4, 5, 6, 7, 8, 9, 10, 11, 12, 13, 14, 15, 16, 17, 18, 19, 20, 21, 22, 23, 24, 25, 26, 27, 28, 29, 30]","[16, 32, 64, 128]","[5, 10, 15, 20]","[2, 3, 5, 7]","[2, 4, 8]",GridSearch,minimize,local
8n3f5rcs,234,1210,1779114343976,,/home/meliani/nni-experiments/8n3f5rcs,111,exp_GridSearch_1500s_local_plus_tt_local_plus_tt,hpo,/home/meliani/Desktop/phd/fast-track/search_space.json,python3 trial.py --data ./local_plus_tt.csv,/home/meliani/Desktop/phd/fast-track,1,1500s,100000000,False,False,info,/home/meliani/nni-experiments,"['LSTM', 'GRU', 'CNN', 'RNN', 'TCN', 'Transformer', 'MLP']","[16, 32, 64, 128, 256]","[1, 2, 3, 4]","[0, 0.1, 0.2, 0.3, 0.5]","['relu', 'tanh', 'sigmoid', 'elu']","[1e-05, 0.01]","[2, 3, 4, 5, 6, 7, 8, 9, 10, 11, 12, 13, 14, 15, 16, 17, 18, 19, 20, 21, 22, 23, 24, 25, 26, 27, 28, 29, 30]","[16, 32, 64, 128]","[5, 10, 15, 20]","[2, 3, 5, 7]","[2, 4, 8]",GridSearch,minimize,local
8n3f5rcs,235,1211,1779114343976,,/home/meliani/nni-experiments/8n3f5rcs,112,exp_GridSearch_1500s_local_plus_tt_local_plus_tt,hpo,/home/meliani/Desktop/phd/fast-track/search_space.json,python3 trial.py --data ./local_plus_tt.csv,/home/meliani/Desktop/phd/fast-track,1,1500s,100000000,False,False,info,/home/meliani/nni-experiments,"['LSTM', 'GRU', 'CNN', 'RNN', 'TCN', 'Transformer', 'MLP']","[16, 32, 64, 128, 256]","[1, 2, 3, 4]","[0, 0.1, 0.2, 0.3, 0.5]","['relu', 'tanh', 'sigmoid', 'elu']","[1e-05, 0.01]","[2, 3, 4, 5, 6, 7, 8, 9, 10, 11, 12, 13, 14, 15, 16, 17, 18, 19, 20, 21, 22, 23, 24, 25, 26, 27, 28, 29, 30]","[16, 32, 64, 128]","[5, 10, 15, 20]","[2, 3, 5, 7]","[2, 4, 8]",GridSearch,minimize,local
8n3f5rcs,236,1218,1779114343976,,/home/meliani/nni-experiments/8n3f5rcs,113,exp_GridSearch_1500s_local_plus_tt_local_plus_tt,hpo,/home/meliani/Desktop/phd/fast-track/search_space.json,python3 trial.py --data ./local_plus_tt.csv,/home/meliani/Desktop/phd/fast-track,1,1500s,100000000,False,False,info,/home/meliani/nni-experiments,"['LSTM', 'GRU', 'CNN', 'RNN', 'TCN', 'Transformer', 'MLP']","[16, 32, 64, 128, 256]","[1, 2, 3, 4]","[0, 0.1, 0.2, 0.3, 0.5]","['relu', 'tanh', 'sigmoid', 'elu']","[1e-05, 0.01]","[2, 3, 4, 5, 6, 7, 8, 9, 10, 11, 12, 13, 14, 15, 16, 17, 18, 19, 20, 21, 22, 23, 24, 25, 26, 27, 28, 29, 30]","[16, 32, 64, 128]","[5, 10, 15, 20]","[2, 3, 5, 7]","[2, 4, 8]",GridSearch,minimize,local
8n3f5rcs,237,1220,1779114343976,,/home/meliani/nni-experiments/8n3f5rcs,113,exp_GridSearch_1500s_local_plus_tt_local_plus_tt,hpo,/home/meliani/Desktop/phd/fast-track/search_space.json,python3 trial.py --data ./local_plus_tt.csv,/home/meliani/Desktop/phd/fast-track,1,1500s,100000000,False,False,info,/home/meliani/nni-experiments,"['LSTM', 'GRU', 'CNN', 'RNN', 'TCN', 'Transformer', 'MLP']","[16, 32, 64, 128, 256]","[1, 2, 3, 4]","[0, 0.1, 0.2, 0.3, 0.5]","['relu', 'tanh', 'sigmoid', 'elu']","[1e-05, 0.01]","[2, 3, 4, 5, 6, 7, 8, 9, 10, 11, 12, 13, 14, 15, 16, 17, 18, 19, 20, 21, 22, 23, 24, 25, 26, 27, 28, 29, 30]","[16, 32, 64, 128]","[5, 10, 15, 20]","[2, 3, 5, 7]","[2, 4, 8]",GridSearch,minimize,local
8n3f5rcs,238,1225,1779114343976,,/home/meliani/nni-experiments/8n3f5rcs,114,exp_GridSearch_1500s_local_plus_tt_local_plus_tt,hpo,/home/meliani/Desktop/phd/fast-track/search_space.json,python3 trial.py --data ./local_plus_tt.csv,/home/meliani/Desktop/phd/fast-track,1,1500s,100000000,False,False,info,/home/meliani/nni-experiments,"['LSTM', 'GRU', 'CNN', 'RNN', 'TCN', 'Transformer', 'MLP']","[16, 32, 64, 128, 256]","[1, 2, 3, 4]","[0, 0.1, 0.2, 0.3, 0.5]","['relu', 'tanh', 'sigmoid', 'elu']","[1e-05, 0.01]","[2, 3, 4, 5, 6, 7, 8, 9, 10, 11, 12, 13, 14, 15, 16, 17, 18, 19, 20, 21, 22, 23, 24, 25, 26, 27, 28, 29, 30]","[16, 32, 64, 128]","[5, 10, 15, 20]","[2, 3, 5, 7]","[2, 4, 8]",GridSearch,minimize,local
8n3f5rcs,239,1230,1779114343976,,/home/meliani/nni-experiments/8n3f5rcs,114,exp_GridSearch_1500s_local_plus_tt_local_plus_tt,hpo,/home/meliani/Desktop/phd/fast-track/search_space.json,python3 trial.py --data ./local_plus_tt.csv,/home/meliani/Desktop/phd/fast-track,1,1500s,100000000,False,False,info,/home/meliani/nni-experiments,"['LSTM', 'GRU', 'CNN', 'RNN', 'TCN', 'Transformer', 'MLP']","[16, 32, 64, 128, 256]","[1, 2, 3, 4]","[0, 0.1, 0.2, 0.3, 0.5]","['relu', 'tanh', 'sigmoid', 'elu']","[1e-05, 0.01]","[2, 3, 4, 5, 6, 7, 8, 9, 10, 11, 12, 13, 14, 15, 16, 17, 18, 19, 20, 21, 22, 23, 24, 25, 26, 27, 28, 29, 30]","[16, 32, 64, 128]","[5, 10, 15, 20]","[2, 3, 5, 7]","[2, 4, 8]",GridSearch,minimize,local
8n3f5rcs,240,1232,1779114343976,,/home/meliani/nni-experiments/8n3f5rcs,115,exp_GridSearch_1500s_local_plus_tt_local_plus_tt,hpo,/home/meliani/Desktop/phd/fast-track/search_space.json,python3 trial.py --data ./local_plus_tt.csv,/home/meliani/Desktop/phd/fast-track,1,1500s,100000000,False,False,info,/home/meliani/nni-experiments,"['LSTM', 'GRU', 'CNN', 'RNN', 'TCN', 'Transformer', 'MLP']","[16, 32, 64, 128, 256]","[1, 2, 3, 4]","[0, 0.1, 0.2, 0.3, 0.5]","['relu', 'tanh', 'sigmoid', 'elu']","[1e-05, 0.01]","[2, 3, 4, 5, 6, 7, 8, 9, 10, 11, 12, 13, 14, 15, 16, 17, 18, 19, 20, 21, 22, 23, 24, 25, 26, 27, 28, 29, 30]","[16, 32, 64, 128]","[5, 10, 15, 20]","[2, 3, 5, 7]","[2, 4, 8]",GridSearch,minimize,local
8n3f5rcs,241,1239,1779114343976,,/home/meliani/nni-experiments/8n3f5rcs,116,exp_GridSearch_1500s_local_plus_tt_local_plus_tt,hpo,/home/meliani/Desktop/phd/fast-track/search_space.json,python3 trial.py --data ./local_plus_tt.csv,/home/meliani/Desktop/phd/fast-track,1,1500s,100000000,False,False,info,/home/meliani/nni-experiments,"['LSTM', 'GRU', 'CNN', 'RNN', 'TCN', 'Transformer', 'MLP']","[16, 32, 64, 128, 256]","[1, 2, 3, 4]","[0, 0.1, 0.2, 0.3, 0.5]","['relu', 'tanh', 'sigmoid', 'elu']","[1e-05, 0.01]","[2, 3, 4, 5, 6, 7, 8, 9, 10, 11, 12, 13, 14, 15, 16, 17, 18, 19, 20, 21, 22, 23, 24, 25, 26, 27, 28, 29, 30]","[16, 32, 64, 128]","[5, 10, 15, 20]","[2, 3, 5, 7]","[2, 4, 8]",GridSearch,minimize,local
8n3f5rcs,242,1240,1779114343976,,/home/meliani/nni-experiments/8n3f5rcs,116,exp_GridSearch_1500s_local_plus_tt_local_plus_tt,hpo,/home/meliani/Desktop/phd/fast-track/search_space.json,python3 trial.py --data ./local_plus_tt.csv,/home/meliani/Desktop/phd/fast-track,1,1500s,100000000,False,False,info,/home/meliani/nni-experiments,"['LSTM', 'GRU', 'CNN', 'RNN', 'TCN', 'Transformer', 'MLP']","[16, 32, 64, 128, 256]","[1, 2, 3, 4]","[0, 0.1, 0.2, 0.3, 0.5]","['relu', 'tanh', 'sigmoid', 'elu']","[1e-05, 0.01]","[2, 3, 4, 5, 6, 7, 8, 9, 10, 11, 12, 13, 14, 15, 16, 17, 18, 19, 20, 21, 22, 23, 24, 25, 26, 27, 28, 29, 30]","[16, 32, 64, 128]","[5, 10, 15, 20]","[2, 3, 5, 7]","[2, 4, 8]",GridSearch,minimize,local
8n3f5rcs,243,1246,1779114343976,,/home/meliani/nni-experiments/8n3f5rcs,117,exp_GridSearch_1500s_local_plus_tt_local_plus_tt,hpo,/home/meliani/Desktop/phd/fast-track/search_space.json,python3 trial.py --data ./local_plus_tt.csv,/home/meliani/Desktop/phd/fast-track,1,1500s,100000000,False,False,info,/home/meliani/nni-experiments,"['LSTM', 'GRU', 'CNN', 'RNN', 'TCN', 'Transformer', 'MLP']","[16, 32, 64, 128, 256]","[1, 2, 3, 4]","[0, 0.1, 0.2, 0.3, 0.5]","['relu', 'tanh', 'sigmoid', 'elu']","[1e-05, 0.01]","[2, 3, 4, 5, 6, 7, 8, 9, 10, 11, 12, 13, 14, 15, 16, 17, 18, 19, 20, 21, 22, 23, 24, 25, 26, 27, 28, 29, 30]","[16, 32, 64, 128]","[5, 10, 15, 20]","[2, 3, 5, 7]","[2, 4, 8]",GridSearch,minimize,local
8n3f5rcs,244,1250,1779114343976,,/home/meliani/nni-experiments/8n3f5rcs,117,exp_GridSearch_1500s_local_plus_tt_local_plus_tt,hpo,/home/meliani/Desktop/phd/fast-track/search_space.json,python3 trial.py --data ./local_plus_tt.csv,/home/meliani/Desktop/phd/fast-track,1,1500s,100000000,False,False,info,/home/meliani/nni-experiments,"['LSTM', 'GRU', 'CNN', 'RNN', 'TCN', 'Transformer', 'MLP']","[16, 32, 64, 128, 256]","[1, 2, 3, 4]","[0, 0.1, 0.2, 0.3, 0.5]","['relu', 'tanh', 'sigmoid', 'elu']","[1e-05, 0.01]","[2, 3, 4, 5, 6, 7, 8, 9, 10, 11, 12, 13, 14, 15, 16, 17, 18, 19, 20, 21, 22, 23, 24, 25, 26, 27, 28, 29, 30]","[16, 32, 64, 128]","[5, 10, 15, 20]","[2, 3, 5, 7]","[2, 4, 8]",GridSearch,minimize,local
8n3f5rcs,245,1253,1779114343976,,/home/meliani/nni-experiments/8n3f5rcs,118,exp_GridSearch_1500s_local_plus_tt_local_plus_tt,hpo,/home/meliani/Desktop/phd/fast-track/search_space.json,python3 trial.py --data ./local_plus_tt.csv,/home/meliani/Desktop/phd/fast-track,1,1500s,100000000,False,False,info,/home/meliani/nni-experiments,"['LSTM', 'GRU', 'CNN', 'RNN', 'TCN', 'Transformer', 'MLP']","[16, 32, 64, 128, 256]","[1, 2, 3, 4]","[0, 0.1, 0.2, 0.3, 0.5]","['relu', 'tanh', 'sigmoid', 'elu']","[1e-05, 0.01]","[2, 3, 4, 5, 6, 7, 8, 9, 10, 11, 12, 13, 14, 15, 16, 17, 18, 19, 20, 21, 22, 23, 24, 25, 26, 27, 28, 29, 30]","[16, 32, 64, 128]","[5, 10, 15, 20]","[2, 3, 5, 7]","[2, 4, 8]",GridSearch,minimize,local
8n3f5rcs,246,1260,1779114343976,,/home/meliani/nni-experiments/8n3f5rcs,118,exp_GridSearch_1500s_local_plus_tt_local_plus_tt,hpo,/home/meliani/Desktop/phd/fast-track/search_space.json,python3 trial.py --data ./local_plus_tt.csv,/home/meliani/Desktop/phd/fast-track,1,1500s,100000000,False,False,info,/home/meliani/nni-experiments,"['LSTM', 'GRU', 'CNN', 'RNN', 'TCN', 'Transformer', 'MLP']","[16, 32, 64, 128, 256]","[1, 2, 3, 4]","[0, 0.1, 0.2, 0.3, 0.5]","['relu', 'tanh', 'sigmoid', 'elu']","[1e-05, 0.01]","[2, 3, 4, 5, 6, 7, 8, 9, 10, 11, 12, 13, 14, 15, 16, 17, 18, 19, 20, 21, 22, 23, 24, 25, 26, 27, 28, 29, 30]","[16, 32, 64, 128]","[5, 10, 15, 20]","[2, 3, 5, 7]","[2, 4, 8]",GridSearch,minimize,local
8n3f5rcs,247,1260,1779114343976,,/home/meliani/nni-experiments/8n3f5rcs,119,exp_GridSearch_1500s_local_plus_tt_local_plus_tt,hpo,/home/meliani/Desktop/phd/fast-track/search_space.json,python3 trial.py --data ./local_plus_tt.csv,/home/meliani/Desktop/phd/fast-track,1,1500s,100000000,False,False,info,/home/meliani/nni-experiments,"['LSTM', 'GRU', 'CNN', 'RNN', 'TCN', 'Transformer', 'MLP']","[16, 32, 64, 128, 256]","[1, 2, 3, 4]","[0, 0.1, 0.2, 0.3, 0.5]","['relu', 'tanh', 'sigmoid', 'elu']","[1e-05, 0.01]","[2, 3, 4, 5, 6, 7, 8, 9, 10, 11, 12, 13, 14, 15, 16, 17, 18, 19, 20, 21, 22, 23, 24, 25, 26, 27, 28, 29, 30]","[16, 32, 64, 128]","[5, 10, 15, 20]","[2, 3, 5, 7]","[2, 4, 8]",GridSearch,minimize,local
8n3f5rcs,248,1267,1779114343976,,/home/meliani/nni-experiments/8n3f5rcs,120,exp_GridSearch_1500s_local_plus_tt_local_plus_tt,hpo,/home/meliani/Desktop/phd/fast-track/search_space.json,python3 trial.py --data ./local_plus_tt.csv,/home/meliani/Desktop/phd/fast-track,1,1500s,100000000,False,False,info,/home/meliani/nni-experiments,"['LSTM', 'GRU', 'CNN', 'RNN', 'TCN', 'Transformer', 'MLP']","[16, 32, 64, 128, 256]","[1, 2, 3, 4]","[0, 0.1, 0.2, 0.3, 0.5]","['relu', 'tanh', 'sigmoid', 'elu']","[1e-05, 0.01]","[2, 3, 4, 5, 6, 7, 8, 9, 10, 11, 12, 13, 14, 15, 16, 17, 18, 19, 20, 21, 22, 23, 24, 25, 26, 27, 28, 29, 30]","[16, 32, 64, 128]","[5, 10, 15, 20]","[2, 3, 5, 7]","[2, 4, 8]",GridSearch,minimize,local
8n3f5rcs,249,1270,1779114343976,,/home/meliani/nni-experiments/8n3f5rcs,120,exp_GridSearch_1500s_local_plus_tt_local_plus_tt,hpo,/home/meliani/Desktop/phd/fast-track/search_space.json,python3 trial.py --data ./local_plus_tt.csv,/home/meliani/Desktop/phd/fast-track,1,1500s,100000000,False,False,info,/home/meliani/nni-experiments,"['LSTM', 'GRU', 'CNN', 'RNN', 'TCN', 'Transformer', 'MLP']","[16, 32, 64, 128, 256]","[1, 2, 3, 4]","[0, 0.1, 0.2, 0.3, 0.5]","['relu', 'tanh', 'sigmoid', 'elu']","[1e-05, 0.01]","[2, 3, 4, 5, 6, 7, 8, 9, 10, 11, 12, 13, 14, 15, 16, 17, 18, 19, 20, 21, 22, 23, 24, 25, 26, 27, 28, 29, 30]","[16, 32, 64, 128]","[5, 10, 15, 20]","[2, 3, 5, 7]","[2, 4, 8]",GridSearch,minimize,local
8n3f5rcs,250,1275,1779114343976,,/home/meliani/nni-experiments/8n3f5rcs,121,exp_GridSearch_1500s_local_plus_tt_local_plus_tt,hpo,/home/meliani/Desktop/phd/fast-track/search_space.json,python3 trial.py --data ./local_plus_tt.csv,/home/meliani/Desktop/phd/fast-track,1,1500s,100000000,False,False,info,/home/meliani/nni-experiments,"['LSTM', 'GRU', 'CNN', 'RNN', 'TCN', 'Transformer', 'MLP']","[16, 32, 64, 128, 256]","[1, 2, 3, 4]","[0, 0.1, 0.2, 0.3, 0.5]","['relu', 'tanh', 'sigmoid', 'elu']","[1e-05, 0.01]","[2, 3, 4, 5, 6, 7, 8, 9, 10, 11, 12, 13, 14, 15, 16, 17, 18, 19, 20, 21, 22, 23, 24, 25, 26, 27, 28, 29, 30]","[16, 32, 64, 128]","[5, 10, 15, 20]","[2, 3, 5, 7]","[2, 4, 8]",GridSearch,minimize,local
8n3f5rcs,251,1280,1779114343976,,/home/meliani/nni-experiments/8n3f5rcs,121,exp_GridSearch_1500s_local_plus_tt_local_plus_tt,hpo,/home/meliani/Desktop/phd/fast-track/search_space.json,python3 trial.py --data ./local_plus_tt.csv,/home/meliani/Desktop/phd/fast-track,1,1500s,100000000,False,False,info,/home/meliani/nni-experiments,"['LSTM', 'GRU', 'CNN', 'RNN', 'TCN', 'Transformer', 'MLP']","[16, 32, 64, 128, 256]","[1, 2, 3, 4]","[0, 0.1, 0.2, 0.3, 0.5]","['relu', 'tanh', 'sigmoid', 'elu']","[1e-05, 0.01]","[2, 3, 4, 5, 6, 7, 8, 9, 10, 11, 12, 13, 14, 15, 16, 17, 18, 19, 20, 21, 22, 23, 24, 25, 26, 27, 28, 29, 30]","[16, 32, 64, 128]","[5, 10, 15, 20]","[2, 3, 5, 7]","[2, 4, 8]",GridSearch,minimize,local
8n3f5rcs,252,1283,1779114343976,,/home/meliani/nni-experiments/8n3f5rcs,122,exp_GridSearch_1500s_local_plus_tt_local_plus_tt,hpo,/home/meliani/Desktop/phd/fast-track/search_space.json,python3 trial.py --data ./local_plus_tt.csv,/home/meliani/Desktop/phd/fast-track,1,1500s,100000000,False,False,info,/home/meliani/nni-experiments,"['LSTM', 'GRU', 'CNN', 'RNN', 'TCN', 'Transformer', 'MLP']","[16, 32, 64, 128, 256]","[1, 2, 3, 4]","[0, 0.1, 0.2, 0.3, 0.5]","['relu', 'tanh', 'sigmoid', 'elu']","[1e-05, 0.01]","[2, 3, 4, 5, 6, 7, 8, 9, 10, 11, 12, 13, 14, 15, 16, 17, 18, 19, 20, 21, 22, 23, 24, 25, 26, 27, 28, 29, 30]","[16, 32, 64, 128]","[5, 10, 15, 20]","[2, 3, 5, 7]","[2, 4, 8]",GridSearch,minimize,local
8n3f5rcs,253,1290,1779114343976,,/home/meliani/nni-experiments/8n3f5rcs,122,exp_GridSearch_1500s_local_plus_tt_local_plus_tt,hpo,/home/meliani/Desktop/phd/fast-track/search_space.json,python3 trial.py --data ./local_plus_tt.csv,/home/meliani/Desktop/phd/fast-track,1,1500s,100000000,False,False,info,/home/meliani/nni-experiments,"['LSTM', 'GRU', 'CNN', 'RNN', 'TCN', 'Transformer', 'MLP']","[16, 32, 64, 128, 256]","[1, 2, 3, 4]","[0, 0.1, 0.2, 0.3, 0.5]","['relu', 'tanh', 'sigmoid', 'elu']","[1e-05, 0.01]","[2, 3, 4, 5, 6, 7, 8, 9, 10, 11, 12, 13, 14, 15, 16, 17, 18, 19, 20, 21, 22, 23, 24, 25, 26, 27, 28, 29, 30]","[16, 32, 64, 128]","[5, 10, 15, 20]","[2, 3, 5, 7]","[2, 4, 8]",GridSearch,minimize,local
8n3f5rcs,254,1292,1779114343976,,/home/meliani/nni-experiments/8n3f5rcs,123,exp_GridSearch_1500s_local_plus_tt_local_plus_tt,hpo,/home/meliani/Desktop/phd/fast-track/search_space.json,python3 trial.py --data ./local_plus_tt.csv,/home/meliani/Desktop/phd/fast-track,1,1500s,100000000,False,False,info,/home/meliani/nni-experiments,"['LSTM', 'GRU', 'CNN', 'RNN', 'TCN', 'Transformer', 'MLP']","[16, 32, 64, 128, 256]","[1, 2, 3, 4]","[0, 0.1, 0.2, 0.3, 0.5]","['relu', 'tanh', 'sigmoid', 'elu']","[1e-05, 0.01]","[2, 3, 4, 5, 6, 7, 8, 9, 10, 11, 12, 13, 14, 15, 16, 17, 18, 19, 20, 21, 22, 23, 24, 25, 26, 27, 28, 29, 30]","[16, 32, 64, 128]","[5, 10, 15, 20]","[2, 3, 5, 7]","[2, 4, 8]",GridSearch,minimize,local
8n3f5rcs,255,1300,1779114343976,,/home/meliani/nni-experiments/8n3f5rcs,124,exp_GridSearch_1500s_local_plus_tt_local_plus_tt,hpo,/home/meliani/Desktop/phd/fast-track/search_space.json,python3 trial.py --data ./local_plus_tt.csv,/home/meliani/Desktop/phd/fast-track,1,1500s,100000000,False,False,info,/home/meliani/nni-experiments,"['LSTM', 'GRU', 'CNN', 'RNN', 'TCN', 'Transformer', 'MLP']","[16, 32, 64, 128, 256]","[1, 2, 3, 4]","[0, 0.1, 0.2, 0.3, 0.5]","['relu', 'tanh', 'sigmoid', 'elu']","[1e-05, 0.01]","[2, 3, 4, 5, 6, 7, 8, 9, 10, 11, 12, 13, 14, 15, 16, 17, 18, 19, 20, 21, 22, 23, 24, 25, 26, 27, 28, 29, 30]","[16, 32, 64, 128]","[5, 10, 15, 20]","[2, 3, 5, 7]","[2, 4, 8]",GridSearch,minimize,local
8n3f5rcs,256,1300,1779114343976,,/home/meliani/nni-experiments/8n3f5rcs,124,exp_GridSearch_1500s_local_plus_tt_local_plus_tt,hpo,/home/meliani/Desktop/phd/fast-track/search_space.json,python3 trial.py --data ./local_plus_tt.csv,/home/meliani/Desktop/phd/fast-track,1,1500s,100000000,False,False,info,/home/meliani/nni-experiments,"['LSTM', 'GRU', 'CNN', 'RNN', 'TCN', 'Transformer', 'MLP']","[16, 32, 64, 128, 256]","[1, 2, 3, 4]","[0, 0.1, 0.2, 0.3, 0.5]","['relu', 'tanh', 'sigmoid', 'elu']","[1e-05, 0.01]","[2, 3, 4, 5, 6, 7, 8, 9, 10, 11, 12, 13, 14, 15, 16, 17, 18, 19, 20, 21, 22, 23, 24, 25, 26, 27, 28, 29, 30]","[16, 32, 64, 128]","[5, 10, 15, 20]","[2, 3, 5, 7]","[2, 4, 8]",GridSearch,minimize,local
8n3f5rcs,257,1308,1779114343976,,/home/meliani/nni-experiments/8n3f5rcs,125,exp_GridSearch_1500s_local_plus_tt_local_plus_tt,hpo,/home/meliani/Desktop/phd/fast-track/search_space.json,python3 trial.py --data ./local_plus_tt.csv,/home/meliani/Desktop/phd/fast-track,1,1500s,100000000,False,False,info,/home/meliani/nni-experiments,"['LSTM', 'GRU', 'CNN', 'RNN', 'TCN', 'Transformer', 'MLP']","[16, 32, 64, 128, 256]","[1, 2, 3, 4]","[0, 0.1, 0.2, 0.3, 0.5]","['relu', 'tanh', 'sigmoid', 'elu']","[1e-05, 0.01]","[2, 3, 4, 5, 6, 7, 8, 9, 10, 11, 12, 13, 14, 15, 16, 17, 18, 19, 20, 21, 22, 23, 24, 25, 26, 27, 28, 29, 30]","[16, 32, 64, 128]","[5, 10, 15, 20]","[2, 3, 5, 7]","[2, 4, 8]",GridSearch,minimize,local
8n3f5rcs,258,1310,1779114343976,,/home/meliani/nni-experiments/8n3f5rcs,125,exp_GridSearch_1500s_local_plus_tt_local_plus_tt,hpo,/home/meliani/Desktop/phd/fast-track/search_space.json,python3 trial.py --data ./local_plus_tt.csv,/home/meliani/Desktop/phd/fast-track,1,1500s,100000000,False,False,info,/home/meliani/nni-experiments,"['LSTM', 'GRU', 'CNN', 'RNN', 'TCN', 'Transformer', 'MLP']","[16, 32, 64, 128, 256]","[1, 2, 3, 4]","[0, 0.1, 0.2, 0.3, 0.5]","['relu', 'tanh', 'sigmoid', 'elu']","[1e-05, 0.01]","[2, 3, 4, 5, 6, 7, 8, 9, 10, 11, 12, 13, 14, 15, 16, 17, 18, 19, 20, 21, 22, 23, 24, 25, 26, 27, 28, 29, 30]","[16, 32, 64, 128]","[5, 10, 15, 20]","[2, 3, 5, 7]","[2, 4, 8]",GridSearch,minimize,local
8n3f5rcs,259,1316,1779114343976,,/home/meliani/nni-experiments/8n3f5rcs,126,exp_GridSearch_1500s_local_plus_tt_local_plus_tt,hpo,/home/meliani/Desktop/phd/fast-track/search_space.json,python3 trial.py --data ./local_plus_tt.csv,/home/meliani/Desktop/phd/fast-track,1,1500s,100000000,False,False,info,/home/meliani/nni-experiments,"['LSTM', 'GRU', 'CNN', 'RNN', 'TCN', 'Transformer', 'MLP']","[16, 32, 64, 128, 256]","[1, 2, 3, 4]","[0, 0.1, 0.2, 0.3, 0.5]","['relu', 'tanh', 'sigmoid', 'elu']","[1e-05, 0.01]","[2, 3, 4, 5, 6, 7, 8, 9, 10, 11, 12, 13, 14, 15, 16, 17, 18, 19, 20, 21, 22, 23, 24, 25, 26, 27, 28, 29, 30]","[16, 32, 64, 128]","[5, 10, 15, 20]","[2, 3, 5, 7]","[2, 4, 8]",GridSearch,minimize,local
8n3f5rcs,260,1320,1779114343976,,/home/meliani/nni-experiments/8n3f5rcs,126,exp_GridSearch_1500s_local_plus_tt_local_plus_tt,hpo,/home/meliani/Desktop/phd/fast-track/search_space.json,python3 trial.py --data ./local_plus_tt.csv,/home/meliani/Desktop/phd/fast-track,1,1500s,100000000,False,False,info,/home/meliani/nni-experiments,"['LSTM', 'GRU', 'CNN', 'RNN', 'TCN', 'Transformer', 'MLP']","[16, 32, 64, 128, 256]","[1, 2, 3, 4]","[0, 0.1, 0.2, 0.3, 0.5]","['relu', 'tanh', 'sigmoid', 'elu']","[1e-05, 0.01]","[2, 3, 4, 5, 6, 7, 8, 9, 10, 11, 12, 13, 14, 15, 16, 17, 18, 19, 20, 21, 22, 23, 24, 25, 26, 27, 28, 29, 30]","[16, 32, 64, 128]","[5, 10, 15, 20]","[2, 3, 5, 7]","[2, 4, 8]",GridSearch,minimize,local
8n3f5rcs,261,1324,1779114343976,,/home/meliani/nni-experiments/8n3f5rcs,127,exp_GridSearch_1500s_local_plus_tt_local_plus_tt,hpo,/home/meliani/Desktop/phd/fast-track/search_space.json,python3 trial.py --data ./local_plus_tt.csv,/home/meliani/Desktop/phd/fast-track,1,1500s,100000000,False,False,info,/home/meliani/nni-experiments,"['LSTM', 'GRU', 'CNN', 'RNN', 'TCN', 'Transformer', 'MLP']","[16, 32, 64, 128, 256]","[1, 2, 3, 4]","[0, 0.1, 0.2, 0.3, 0.5]","['relu', 'tanh', 'sigmoid', 'elu']","[1e-05, 0.01]","[2, 3, 4, 5, 6, 7, 8, 9, 10, 11, 12, 13, 14, 15, 16, 17, 18, 19, 20, 21, 22, 23, 24, 25, 26, 27, 28, 29, 30]","[16, 32, 64, 128]","[5, 10, 15, 20]","[2, 3, 5, 7]","[2, 4, 8]",GridSearch,minimize,local
8n3f5rcs,262,1330,1779114343976,,/home/meliani/nni-experiments/8n3f5rcs,127,exp_GridSearch_1500s_local_plus_tt_local_plus_tt,hpo,/home/meliani/Desktop/phd/fast-track/search_space.json,python3 trial.py --data ./local_plus_tt.csv,/home/meliani/Desktop/phd/fast-track,1,1500s,100000000,False,False,info,/home/meliani/nni-experiments,"['LSTM', 'GRU', 'CNN', 'RNN', 'TCN', 'Transformer', 'MLP']","[16, 32, 64, 128, 256]","[1, 2, 3, 4]","[0, 0.1, 0.2, 0.3, 0.5]","['relu', 'tanh', 'sigmoid', 'elu']","[1e-05, 0.01]","[2, 3, 4, 5, 6, 7, 8, 9, 10, 11, 12, 13, 14, 15, 16, 17, 18, 19, 20, 21, 22, 23, 24, 25, 26, 27, 28, 29, 30]","[16, 32, 64, 128]","[5, 10, 15, 20]","[2, 3, 5, 7]","[2, 4, 8]",GridSearch,minimize,local
8n3f5rcs,263,1333,1779114343976,,/home/meliani/nni-experiments/8n3f5rcs,128,exp_GridSearch_1500s_local_plus_tt_local_plus_tt,hpo,/home/meliani/Desktop/phd/fast-track/search_space.json,python3 trial.py --data ./local_plus_tt.csv,/home/meliani/Desktop/phd/fast-track,1,1500s,100000000,False,False,info,/home/meliani/nni-experiments,"['LSTM', 'GRU', 'CNN', 'RNN', 'TCN', 'Transformer', 'MLP']","[16, 32, 64, 128, 256]","[1, 2, 3, 4]","[0, 0.1, 0.2, 0.3, 0.5]","['relu', 'tanh', 'sigmoid', 'elu']","[1e-05, 0.01]","[2, 3, 4, 5, 6, 7, 8, 9, 10, 11, 12, 13, 14, 15, 16, 17, 18, 19, 20, 21, 22, 23, 24, 25, 26, 27, 28, 29, 30]","[16, 32, 64, 128]","[5, 10, 15, 20]","[2, 3, 5, 7]","[2, 4, 8]",GridSearch,minimize,local
8n3f5rcs,264,1340,1779114343976,,/home/meliani/nni-experiments/8n3f5rcs,128,exp_GridSearch_1500s_local_plus_tt_local_plus_tt,hpo,/home/meliani/Desktop/phd/fast-track/search_space.json,python3 trial.py --data ./local_plus_tt.csv,/home/meliani/Desktop/phd/fast-track,1,1500s,100000000,False,False,info,/home/meliani/nni-experiments,"['LSTM', 'GRU', 'CNN', 'RNN', 'TCN', 'Transformer', 'MLP']","[16, 32, 64, 128, 256]","[1, 2, 3, 4]","[0, 0.1, 0.2, 0.3, 0.5]","['relu', 'tanh', 'sigmoid', 'elu']","[1e-05, 0.01]","[2, 3, 4, 5, 6, 7, 8, 9, 10, 11, 12, 13, 14, 15, 16, 17, 18, 19, 20, 21, 22, 23, 24, 25, 26, 27, 28, 29, 30]","[16, 32, 64, 128]","[5, 10, 15, 20]","[2, 3, 5, 7]","[2, 4, 8]",GridSearch,minimize,local
8n3f5rcs,265,1341,1779114343976,,/home/meliani/nni-experiments/8n3f5rcs,129,exp_GridSearch_1500s_local_plus_tt_local_plus_tt,hpo,/home/meliani/Desktop/phd/fast-track/search_space.json,python3 trial.py --data ./local_plus_tt.csv,/home/meliani/Desktop/phd/fast-track,1,1500s,100000000,False,False,info,/home/meliani/nni-experiments,"['LSTM', 'GRU', 'CNN', 'RNN', 'TCN', 'Transformer', 'MLP']","[16, 32, 64, 128, 256]","[1, 2, 3, 4]","[0, 0.1, 0.2, 0.3, 0.5]","['relu', 'tanh', 'sigmoid', 'elu']","[1e-05, 0.01]","[2, 3, 4, 5, 6, 7, 8, 9, 10, 11, 12, 13, 14, 15, 16, 17, 18, 19, 20, 21, 22, 23, 24, 25, 26, 27, 28, 29, 30]","[16, 32, 64, 128]","[5, 10, 15, 20]","[2, 3, 5, 7]","[2, 4, 8]",GridSearch,minimize,local
8n3f5rcs,266,1349,1779114343976,,/home/meliani/nni-experiments/8n3f5rcs,130,exp_GridSearch_1500s_local_plus_tt_local_plus_tt,hpo,/home/meliani/Desktop/phd/fast-track/search_space.json,python3 trial.py --data ./local_plus_tt.csv,/home/meliani/Desktop/phd/fast-track,1,1500s,100000000,False,False,info,/home/meliani/nni-experiments,"['LSTM', 'GRU', 'CNN', 'RNN', 'TCN', 'Transformer', 'MLP']","[16, 32, 64, 128, 256]","[1, 2, 3, 4]","[0, 0.1, 0.2, 0.3, 0.5]","['relu', 'tanh', 'sigmoid', 'elu']","[1e-05, 0.01]","[2, 3, 4, 5, 6, 7, 8, 9, 10, 11, 12, 13, 14, 15, 16, 17, 18, 19, 20, 21, 22, 23, 24, 25, 26, 27, 28, 29, 30]","[16, 32, 64, 128]","[5, 10, 15, 20]","[2, 3, 5, 7]","[2, 4, 8]",GridSearch,minimize,local
8n3f5rcs,267,1350,1779114343976,,/home/meliani/nni-experiments/8n3f5rcs,130,exp_GridSearch_1500s_local_plus_tt_local_plus_tt,hpo,/home/meliani/Desktop/phd/fast-track/search_space.json,python3 trial.py --data ./local_plus_tt.csv,/home/meliani/Desktop/phd/fast-track,1,1500s,100000000,False,False,info,/home/meliani/nni-experiments,"['LSTM', 'GRU', 'CNN', 'RNN', 'TCN', 'Transformer', 'MLP']","[16, 32, 64, 128, 256]","[1, 2, 3, 4]","[0, 0.1, 0.2, 0.3, 0.5]","['relu', 'tanh', 'sigmoid', 'elu']","[1e-05, 0.01]","[2, 3, 4, 5, 6, 7, 8, 9, 10, 11, 12, 13, 14, 15, 16, 17, 18, 19, 20, 21, 22, 23, 24, 25, 26, 27, 28, 29, 30]","[16, 32, 64, 128]","[5, 10, 15, 20]","[2, 3, 5, 7]","[2, 4, 8]",GridSearch,minimize,local
8n3f5rcs,268,1358,1779114343976,,/home/meliani/nni-experiments/8n3f5rcs,131,exp_GridSearch_1500s_local_plus_tt_local_plus_tt,hpo,/home/meliani/Desktop/phd/fast-track/search_space.json,python3 trial.py --data ./local_plus_tt.csv,/home/meliani/Desktop/phd/fast-track,1,1500s,100000000,False,False,info,/home/meliani/nni-experiments,"['LSTM', 'GRU', 'CNN', 'RNN', 'TCN', 'Transformer', 'MLP']","[16, 32, 64, 128, 256]","[1, 2, 3, 4]","[0, 0.1, 0.2, 0.3, 0.5]","['relu', 'tanh', 'sigmoid', 'elu']","[1e-05, 0.01]","[2, 3, 4, 5, 6, 7, 8, 9, 10, 11, 12, 13, 14, 15, 16, 17, 18, 19, 20, 21, 22, 23, 24, 25, 26, 27, 28, 29, 30]","[16, 32, 64, 128]","[5, 10, 15, 20]","[2, 3, 5, 7]","[2, 4, 8]",GridSearch,minimize,local
8n3f5rcs,269,1360,1779114343976,,/home/meliani/nni-experiments/8n3f5rcs,131,exp_GridSearch_1500s_local_plus_tt_local_plus_tt,hpo,/home/meliani/Desktop/phd/fast-track/search_space.json,python3 trial.py --data ./local_plus_tt.csv,/home/meliani/Desktop/phd/fast-track,1,1500s,100000000,False,False,info,/home/meliani/nni-experiments,"['LSTM', 'GRU', 'CNN', 'RNN', 'TCN', 'Transformer', 'MLP']","[16, 32, 64, 128, 256]","[1, 2, 3, 4]","[0, 0.1, 0.2, 0.3, 0.5]","['relu', 'tanh', 'sigmoid', 'elu']","[1e-05, 0.01]","[2, 3, 4, 5, 6, 7, 8, 9, 10, 11, 12, 13, 14, 15, 16, 17, 18, 19, 20, 21, 22, 23, 24, 25, 26, 27, 28, 29, 30]","[16, 32, 64, 128]","[5, 10, 15, 20]","[2, 3, 5, 7]","[2, 4, 8]",GridSearch,minimize,local
8n3f5rcs,270,1367,1779114343976,,/home/meliani/nni-experiments/8n3f5rcs,132,exp_GridSearch_1500s_local_plus_tt_local_plus_tt,hpo,/home/meliani/Desktop/phd/fast-track/search_space.json,python3 trial.py --data ./local_plus_tt.csv,/home/meliani/Desktop/phd/fast-track,1,1500s,100000000,False,False,info,/home/meliani/nni-experiments,"['LSTM', 'GRU', 'CNN', 'RNN', 'TCN', 'Transformer', 'MLP']","[16, 32, 64, 128, 256]","[1, 2, 3, 4]","[0, 0.1, 0.2, 0.3, 0.5]","['relu', 'tanh', 'sigmoid', 'elu']","[1e-05, 0.01]","[2, 3, 4, 5, 6, 7, 8, 9, 10, 11, 12, 13, 14, 15, 16, 17, 18, 19, 20, 21, 22, 23, 24, 25, 26, 27, 28, 29, 30]","[16, 32, 64, 128]","[5, 10, 15, 20]","[2, 3, 5, 7]","[2, 4, 8]",GridSearch,minimize,local
8n3f5rcs,271,1370,1779114343976,,/home/meliani/nni-experiments/8n3f5rcs,132,exp_GridSearch_1500s_local_plus_tt_local_plus_tt,hpo,/home/meliani/Desktop/phd/fast-track/search_space.json,python3 trial.py --data ./local_plus_tt.csv,/home/meliani/Desktop/phd/fast-track,1,1500s,100000000,False,False,info,/home/meliani/nni-experiments,"['LSTM', 'GRU', 'CNN', 'RNN', 'TCN', 'Transformer', 'MLP']","[16, 32, 64, 128, 256]","[1, 2, 3, 4]","[0, 0.1, 0.2, 0.3, 0.5]","['relu', 'tanh', 'sigmoid', 'elu']","[1e-05, 0.01]","[2, 3, 4, 5, 6, 7, 8, 9, 10, 11, 12, 13, 14, 15, 16, 17, 18, 19, 20, 21, 22, 23, 24, 25, 26, 27, 28, 29, 30]","[16, 32, 64, 128]","[5, 10, 15, 20]","[2, 3, 5, 7]","[2, 4, 8]",GridSearch,minimize,local
8n3f5rcs,272,1375,1779114343976,,/home/meliani/nni-experiments/8n3f5rcs,133,exp_GridSearch_1500s_local_plus_tt_local_plus_tt,hpo,/home/meliani/Desktop/phd/fast-track/search_space.json,python3 trial.py --data ./local_plus_tt.csv,/home/meliani/Desktop/phd/fast-track,1,1500s,100000000,False,False,info,/home/meliani/nni-experiments,"['LSTM', 'GRU', 'CNN', 'RNN', 'TCN', 'Transformer', 'MLP']","[16, 32, 64, 128, 256]","[1, 2, 3, 4]","[0, 0.1, 0.2, 0.3, 0.5]","['relu', 'tanh', 'sigmoid', 'elu']","[1e-05, 0.01]","[2, 3, 4, 5, 6, 7, 8, 9, 10, 11, 12, 13, 14, 15, 16, 17, 18, 19, 20, 21, 22, 23, 24, 25, 26, 27, 28, 29, 30]","[16, 32, 64, 128]","[5, 10, 15, 20]","[2, 3, 5, 7]","[2, 4, 8]",GridSearch,minimize,local
8n3f5rcs,273,1380,1779114343976,,/home/meliani/nni-experiments/8n3f5rcs,133,exp_GridSearch_1500s_local_plus_tt_local_plus_tt,hpo,/home/meliani/Desktop/phd/fast-track/search_space.json,python3 trial.py --data ./local_plus_tt.csv,/home/meliani/Desktop/phd/fast-track,1,1500s,100000000,False,False,info,/home/meliani/nni-experiments,"['LSTM', 'GRU', 'CNN', 'RNN', 'TCN', 'Transformer', 'MLP']","[16, 32, 64, 128, 256]","[1, 2, 3, 4]","[0, 0.1, 0.2, 0.3, 0.5]","['relu', 'tanh', 'sigmoid', 'elu']","[1e-05, 0.01]","[2, 3, 4, 5, 6, 7, 8, 9, 10, 11, 12, 13, 14, 15, 16, 17, 18, 19, 20, 21, 22, 23, 24, 25, 26, 27, 28, 29, 30]","[16, 32, 64, 128]","[5, 10, 15, 20]","[2, 3, 5, 7]","[2, 4, 8]",GridSearch,minimize,local
8n3f5rcs,274,1385,1779114343976,,/home/meliani/nni-experiments/8n3f5rcs,134,exp_GridSearch_1500s_local_plus_tt_local_plus_tt,hpo,/home/meliani/Desktop/phd/fast-track/search_space.json,python3 trial.py --data ./local_plus_tt.csv,/home/meliani/Desktop/phd/fast-track,1,1500s,100000000,False,False,info,/home/meliani/nni-experiments,"['LSTM', 'GRU', 'CNN', 'RNN', 'TCN', 'Transformer', 'MLP']","[16, 32, 64, 128, 256]","[1, 2, 3, 4]","[0, 0.1, 0.2, 0.3, 0.5]","['relu', 'tanh', 'sigmoid', 'elu']","[1e-05, 0.01]","[2, 3, 4, 5, 6, 7, 8, 9, 10, 11, 12, 13, 14, 15, 16, 17, 18, 19, 20, 21, 22, 23, 24, 25, 26, 27, 28, 29, 30]","[16, 32, 64, 128]","[5, 10, 15, 20]","[2, 3, 5, 7]","[2, 4, 8]",GridSearch,minimize,local
8n3f5rcs,275,1390,1779114343976,,/home/meliani/nni-experiments/8n3f5rcs,134,exp_GridSearch_1500s_local_plus_tt_local_plus_tt,hpo,/home/meliani/Desktop/phd/fast-track/search_space.json,python3 trial.py --data ./local_plus_tt.csv,/home/meliani/Desktop/phd/fast-track,1,1500s,100000000,False,False,info,/home/meliani/nni-experiments,"['LSTM', 'GRU', 'CNN', 'RNN', 'TCN', 'Transformer', 'MLP']","[16, 32, 64, 128, 256]","[1, 2, 3, 4]","[0, 0.1, 0.2, 0.3, 0.5]","['relu', 'tanh', 'sigmoid', 'elu']","[1e-05, 0.01]","[2, 3, 4, 5, 6, 7, 8, 9, 10, 11, 12, 13, 14, 15, 16, 17, 18, 19, 20, 21, 22, 23, 24, 25, 26, 27, 28, 29, 30]","[16, 32, 64, 128]","[5, 10, 15, 20]","[2, 3, 5, 7]","[2, 4, 8]",GridSearch,minimize,local
8n3f5rcs,276,1394,1779114343976,,/home/meliani/nni-experiments/8n3f5rcs,135,exp_GridSearch_1500s_local_plus_tt_local_plus_tt,hpo,/home/meliani/Desktop/phd/fast-track/search_space.json,python3 trial.py --data ./local_plus_tt.csv,/home/meliani/Desktop/phd/fast-track,1,1500s,100000000,False,False,info,/home/meliani/nni-experiments,"['LSTM', 'GRU', 'CNN', 'RNN', 'TCN', 'Transformer', 'MLP']","[16, 32, 64, 128, 256]","[1, 2, 3, 4]","[0, 0.1, 0.2, 0.3, 0.5]","['relu', 'tanh', 'sigmoid', 'elu']","[1e-05, 0.01]","[2, 3, 4, 5, 6, 7, 8, 9, 10, 11, 12, 13, 14, 15, 16, 17, 18, 19, 20, 21, 22, 23, 24, 25, 26, 27, 28, 29, 30]","[16, 32, 64, 128]","[5, 10, 15, 20]","[2, 3, 5, 7]","[2, 4, 8]",GridSearch,minimize,local
8n3f5rcs,277,1400,1779114343976,,/home/meliani/nni-experiments/8n3f5rcs,135,exp_GridSearch_1500s_local_plus_tt_local_plus_tt,hpo,/home/meliani/Desktop/phd/fast-track/search_space.json,python3 trial.py --data ./local_plus_tt.csv,/home/meliani/Desktop/phd/fast-track,1,1500s,100000000,False,False,info,/home/meliani/nni-experiments,"['LSTM', 'GRU', 'CNN', 'RNN', 'TCN', 'Transformer', 'MLP']","[16, 32, 64, 128, 256]","[1, 2, 3, 4]","[0, 0.1, 0.2, 0.3, 0.5]","['relu', 'tanh', 'sigmoid', 'elu']","[1e-05, 0.01]","[2, 3, 4, 5, 6, 7, 8, 9, 10, 11, 12, 13, 14, 15, 16, 17, 18, 19, 20, 21, 22, 23, 24, 25, 26, 27, 28, 29, 30]","[16, 32, 64, 128]","[5, 10, 15, 20]","[2, 3, 5, 7]","[2, 4, 8]",GridSearch,minimize,local
8n3f5rcs,278,1404,1779114343976,,/home/meliani/nni-experiments/8n3f5rcs,136,exp_GridSearch_1500s_local_plus_tt_local_plus_tt,hpo,/home/meliani/Desktop/phd/fast-track/search_space.json,python3 trial.py --data ./local_plus_tt.csv,/home/meliani/Desktop/phd/fast-track,1,1500s,100000000,False,False,info,/home/meliani/nni-experiments,"['LSTM', 'GRU', 'CNN', 'RNN', 'TCN', 'Transformer', 'MLP']","[16, 32, 64, 128, 256]","[1, 2, 3, 4]","[0, 0.1, 0.2, 0.3, 0.5]","['relu', 'tanh', 'sigmoid', 'elu']","[1e-05, 0.01]","[2, 3, 4, 5, 6, 7, 8, 9, 10, 11, 12, 13, 14, 15, 16, 17, 18, 19, 20, 21, 22, 23, 24, 25, 26, 27, 28, 29, 30]","[16, 32, 64, 128]","[5, 10, 15, 20]","[2, 3, 5, 7]","[2, 4, 8]",GridSearch,minimize,local
8n3f5rcs,279,1410,1779114343976,,/home/meliani/nni-experiments/8n3f5rcs,136,exp_GridSearch_1500s_local_plus_tt_local_plus_tt,hpo,/home/meliani/Desktop/phd/fast-track/search_space.json,python3 trial.py --data ./local_plus_tt.csv,/home/meliani/Desktop/phd/fast-track,1,1500s,100000000,False,False,info,/home/meliani/nni-experiments,"['LSTM', 'GRU', 'CNN', 'RNN', 'TCN', 'Transformer', 'MLP']","[16, 32, 64, 128, 256]","[1, 2, 3, 4]","[0, 0.1, 0.2, 0.3, 0.5]","['relu', 'tanh', 'sigmoid', 'elu']","[1e-05, 0.01]","[2, 3, 4, 5, 6, 7, 8, 9, 10, 11, 12, 13, 14, 15, 16, 17, 18, 19, 20, 21, 22, 23, 24, 25, 26, 27, 28, 29, 30]","[16, 32, 64, 128]","[5, 10, 15, 20]","[2, 3, 5, 7]","[2, 4, 8]",GridSearch,minimize,local
8n3f5rcs,280,1413,1779114343976,,/home/meliani/nni-experiments/8n3f5rcs,137,exp_GridSearch_1500s_local_plus_tt_local_plus_tt,hpo,/home/meliani/Desktop/phd/fast-track/search_space.json,python3 trial.py --data ./local_plus_tt.csv,/home/meliani/Desktop/phd/fast-track,1,1500s,100000000,False,False,info,/home/meliani/nni-experiments,"['LSTM', 'GRU', 'CNN', 'RNN', 'TCN', 'Transformer', 'MLP']","[16, 32, 64, 128, 256]","[1, 2, 3, 4]","[0, 0.1, 0.2, 0.3, 0.5]","['relu', 'tanh', 'sigmoid', 'elu']","[1e-05, 0.01]","[2, 3, 4, 5, 6, 7, 8, 9, 10, 11, 12, 13, 14, 15, 16, 17, 18, 19, 20, 21, 22, 23, 24, 25, 26, 27, 28, 29, 30]","[16, 32, 64, 128]","[5, 10, 15, 20]","[2, 3, 5, 7]","[2, 4, 8]",GridSearch,minimize,local
8n3f5rcs,281,1420,1779114343976,,/home/meliani/nni-experiments/8n3f5rcs,137,exp_GridSearch_1500s_local_plus_tt_local_plus_tt,hpo,/home/meliani/Desktop/phd/fast-track/search_space.json,python3 trial.py --data ./local_plus_tt.csv,/home/meliani/Desktop/phd/fast-track,1,1500s,100000000,False,False,info,/home/meliani/nni-experiments,"['LSTM', 'GRU', 'CNN', 'RNN', 'TCN', 'Transformer', 'MLP']","[16, 32, 64, 128, 256]","[1, 2, 3, 4]","[0, 0.1, 0.2, 0.3, 0.5]","['relu', 'tanh', 'sigmoid', 'elu']","[1e-05, 0.01]","[2, 3, 4, 5, 6, 7, 8, 9, 10, 11, 12, 13, 14, 15, 16, 17, 18, 19, 20, 21, 22, 23, 24, 25, 26, 27, 28, 29, 30]","[16, 32, 64, 128]","[5, 10, 15, 20]","[2, 3, 5, 7]","[2, 4, 8]",GridSearch,minimize,local
8n3f5rcs,282,1423,1779114343976,,/home/meliani/nni-experiments/8n3f5rcs,138,exp_GridSearch_1500s_local_plus_tt_local_plus_tt,hpo,/home/meliani/Desktop/phd/fast-track/search_space.json,python3 trial.py --data ./local_plus_tt.csv,/home/meliani/Desktop/phd/fast-track,1,1500s,100000000,False,False,info,/home/meliani/nni-experiments,"['LSTM', 'GRU', 'CNN', 'RNN', 'TCN', 'Transformer', 'MLP']","[16, 32, 64, 128, 256]","[1, 2, 3, 4]","[0, 0.1, 0.2, 0.3, 0.5]","['relu', 'tanh', 'sigmoid', 'elu']","[1e-05, 0.01]","[2, 3, 4, 5, 6, 7, 8, 9, 10, 11, 12, 13, 14, 15, 16, 17, 18, 19, 20, 21, 22, 23, 24, 25, 26, 27, 28, 29, 30]","[16, 32, 64, 128]","[5, 10, 15, 20]","[2, 3, 5, 7]","[2, 4, 8]",GridSearch,minimize,local
8n3f5rcs,283,1430,1779114343976,,/home/meliani/nni-experiments/8n3f5rcs,138,exp_GridSearch_1500s_local_plus_tt_local_plus_tt,hpo,/home/meliani/Desktop/phd/fast-track/search_space.json,python3 trial.py --data ./local_plus_tt.csv,/home/meliani/Desktop/phd/fast-track,1,1500s,100000000,False,False,info,/home/meliani/nni-experiments,"['LSTM', 'GRU', 'CNN', 'RNN', 'TCN', 'Transformer', 'MLP']","[16, 32, 64, 128, 256]","[1, 2, 3, 4]","[0, 0.1, 0.2, 0.3, 0.5]","['relu', 'tanh', 'sigmoid', 'elu']","[1e-05, 0.01]","[2, 3, 4, 5, 6, 7, 8, 9, 10, 11, 12, 13, 14, 15, 16, 17, 18, 19, 20, 21, 22, 23, 24, 25, 26, 27, 28, 29, 30]","[16, 32, 64, 128]","[5, 10, 15, 20]","[2, 3, 5, 7]","[2, 4, 8]",GridSearch,minimize,local
8n3f5rcs,284,1433,1779114343976,,/home/meliani/nni-experiments/8n3f5rcs,139,exp_GridSearch_1500s_local_plus_tt_local_plus_tt,hpo,/home/meliani/Desktop/phd/fast-track/search_space.json,python3 trial.py --data ./local_plus_tt.csv,/home/meliani/Desktop/phd/fast-track,1,1500s,100000000,False,False,info,/home/meliani/nni-experiments,"['LSTM', 'GRU', 'CNN', 'RNN', 'TCN', 'Transformer', 'MLP']","[16, 32, 64, 128, 256]","[1, 2, 3, 4]","[0, 0.1, 0.2, 0.3, 0.5]","['relu', 'tanh', 'sigmoid', 'elu']","[1e-05, 0.01]","[2, 3, 4, 5, 6, 7, 8, 9, 10, 11, 12, 13, 14, 15, 16, 17, 18, 19, 20, 21, 22, 23, 24, 25, 26, 27, 28, 29, 30]","[16, 32, 64, 128]","[5, 10, 15, 20]","[2, 3, 5, 7]","[2, 4, 8]",GridSearch,minimize,local
8n3f5rcs,285,1440,1779114343976,,/home/meliani/nni-experiments/8n3f5rcs,139,exp_GridSearch_1500s_local_plus_tt_local_plus_tt,hpo,/home/meliani/Desktop/phd/fast-track/search_space.json,python3 trial.py --data ./local_plus_tt.csv,/home/meliani/Desktop/phd/fast-track,1,1500s,100000000,False,False,info,/home/meliani/nni-experiments,"['LSTM', 'GRU', 'CNN', 'RNN', 'TCN', 'Transformer', 'MLP']","[16, 32, 64, 128, 256]","[1, 2, 3, 4]","[0, 0.1, 0.2, 0.3, 0.5]","['relu', 'tanh', 'sigmoid', 'elu']","[1e-05, 0.01]","[2, 3, 4, 5, 6, 7, 8, 9, 10, 11, 12, 13, 14, 15, 16, 17, 18, 19, 20, 21, 22, 23, 24, 25, 26, 27, 28, 29, 30]","[16, 32, 64, 128]","[5, 10, 15, 20]","[2, 3, 5, 7]","[2, 4, 8]",GridSearch,minimize,local
8n3f5rcs,286,1442,1779114343976,,/home/meliani/nni-experiments/8n3f5rcs,140,exp_GridSearch_1500s_local_plus_tt_local_plus_tt,hpo,/home/meliani/Desktop/phd/fast-track/search_space.json,python3 trial.py --data ./local_plus_tt.csv,/home/meliani/Desktop/phd/fast-track,1,1500s,100000000,False,False,info,/home/meliani/nni-experiments,"['LSTM', 'GRU', 'CNN', 'RNN', 'TCN', 'Transformer', 'MLP']","[16, 32, 64, 128, 256]","[1, 2, 3, 4]","[0, 0.1, 0.2, 0.3, 0.5]","['relu', 'tanh', 'sigmoid', 'elu']","[1e-05, 0.01]","[2, 3, 4, 5, 6, 7, 8, 9, 10, 11, 12, 13, 14, 15, 16, 17, 18, 19, 20, 21, 22, 23, 24, 25, 26, 27, 28, 29, 30]","[16, 32, 64, 128]","[5, 10, 15, 20]","[2, 3, 5, 7]","[2, 4, 8]",GridSearch,minimize,local
8n3f5rcs,287,1450,1779114343976,,/home/meliani/nni-experiments/8n3f5rcs,140,exp_GridSearch_1500s_local_plus_tt_local_plus_tt,hpo,/home/meliani/Desktop/phd/fast-track/search_space.json,python3 trial.py --data ./local_plus_tt.csv,/home/meliani/Desktop/phd/fast-track,1,1500s,100000000,False,False,info,/home/meliani/nni-experiments,"['LSTM', 'GRU', 'CNN', 'RNN', 'TCN', 'Transformer', 'MLP']","[16, 32, 64, 128, 256]","[1, 2, 3, 4]","[0, 0.1, 0.2, 0.3, 0.5]","['relu', 'tanh', 'sigmoid', 'elu']","[1e-05, 0.01]","[2, 3, 4, 5, 6, 7, 8, 9, 10, 11, 12, 13, 14, 15, 16, 17, 18, 19, 20, 21, 22, 23, 24, 25, 26, 27, 28, 29, 30]","[16, 32, 64, 128]","[5, 10, 15, 20]","[2, 3, 5, 7]","[2, 4, 8]",GridSearch,minimize,local
8n3f5rcs,288,1452,1779114343976,,/home/meliani/nni-experiments/8n3f5rcs,141,exp_GridSearch_1500s_local_plus_tt_local_plus_tt,hpo,/home/meliani/Desktop/phd/fast-track/search_space.json,python3 trial.py --data ./local_plus_tt.csv,/home/meliani/Desktop/phd/fast-track,1,1500s,100000000,False,False,info,/home/meliani/nni-experiments,"['LSTM', 'GRU', 'CNN', 'RNN', 'TCN', 'Transformer', 'MLP']","[16, 32, 64, 128, 256]","[1, 2, 3, 4]","[0, 0.1, 0.2, 0.3, 0.5]","['relu', 'tanh', 'sigmoid', 'elu']","[1e-05, 0.01]","[2, 3, 4, 5, 6, 7, 8, 9, 10, 11, 12, 13, 14, 15, 16, 17, 18, 19, 20, 21, 22, 23, 24, 25, 26, 27, 28, 29, 30]","[16, 32, 64, 128]","[5, 10, 15, 20]","[2, 3, 5, 7]","[2, 4, 8]",GridSearch,minimize,local
8n3f5rcs,289,1460,1779114343976,,/home/meliani/nni-experiments/8n3f5rcs,141,exp_GridSearch_1500s_local_plus_tt_local_plus_tt,hpo,/home/meliani/Desktop/phd/fast-track/search_space.json,python3 trial.py --data ./local_plus_tt.csv,/home/meliani/Desktop/phd/fast-track,1,1500s,100000000,False,False,info,/home/meliani/nni-experiments,"['LSTM', 'GRU', 'CNN', 'RNN', 'TCN', 'Transformer', 'MLP']","[16, 32, 64, 128, 256]","[1, 2, 3, 4]","[0, 0.1, 0.2, 0.3, 0.5]","['relu', 'tanh', 'sigmoid', 'elu']","[1e-05, 0.01]","[2, 3, 4, 5, 6, 7, 8, 9, 10, 11, 12, 13, 14, 15, 16, 17, 18, 19, 20, 21, 22, 23, 24, 25, 26, 27, 28, 29, 30]","[16, 32, 64, 128]","[5, 10, 15, 20]","[2, 3, 5, 7]","[2, 4, 8]",GridSearch,minimize,local
8n3f5rcs,290,1461,1779114343976,,/home/meliani/nni-experiments/8n3f5rcs,142,exp_GridSearch_1500s_local_plus_tt_local_plus_tt,hpo,/home/meliani/Desktop/phd/fast-track/search_space.json,python3 trial.py --data ./local_plus_tt.csv,/home/meliani/Desktop/phd/fast-track,1,1500s,100000000,False,False,info,/home/meliani/nni-experiments,"['LSTM', 'GRU', 'CNN', 'RNN', 'TCN', 'Transformer', 'MLP']","[16, 32, 64, 128, 256]","[1, 2, 3, 4]","[0, 0.1, 0.2, 0.3, 0.5]","['relu', 'tanh', 'sigmoid', 'elu']","[1e-05, 0.01]","[2, 3, 4, 5, 6, 7, 8, 9, 10, 11, 12, 13, 14, 15, 16, 17, 18, 19, 20, 21, 22, 23, 24, 25, 26, 27, 28, 29, 30]","[16, 32, 64, 128]","[5, 10, 15, 20]","[2, 3, 5, 7]","[2, 4, 8]",GridSearch,minimize,local
8n3f5rcs,291,1470,1779114343976,,/home/meliani/nni-experiments/8n3f5rcs,142,exp_GridSearch_1500s_local_plus_tt_local_plus_tt,hpo,/home/meliani/Desktop/phd/fast-track/search_space.json,python3 trial.py --data ./local_plus_tt.csv,/home/meliani/Desktop/phd/fast-track,1,1500s,100000000,False,False,info,/home/meliani/nni-experiments,"['LSTM', 'GRU', 'CNN', 'RNN', 'TCN', 'Transformer', 'MLP']","[16, 32, 64, 128, 256]","[1, 2, 3, 4]","[0, 0.1, 0.2, 0.3, 0.5]","['relu', 'tanh', 'sigmoid', 'elu']","[1e-05, 0.01]","[2, 3, 4, 5, 6, 7, 8, 9, 10, 11, 12, 13, 14, 15, 16, 17, 18, 19, 20, 21, 22, 23, 24, 25, 26, 27, 28, 29, 30]","[16, 32, 64, 128]","[5, 10, 15, 20]","[2, 3, 5, 7]","[2, 4, 8]",GridSearch,minimize,local
8n3f5rcs,292,1471,1779114343976,,/home/meliani/nni-experiments/8n3f5rcs,143,exp_GridSearch_1500s_local_plus_tt_local_plus_tt,hpo,/home/meliani/Desktop/phd/fast-track/search_space.json,python3 trial.py --data ./local_plus_tt.csv,/home/meliani/Desktop/phd/fast-track,1,1500s,100000000,False,False,info,/home/meliani/nni-experiments,"['LSTM', 'GRU', 'CNN', 'RNN', 'TCN', 'Transformer', 'MLP']","[16, 32, 64, 128, 256]","[1, 2, 3, 4]","[0, 0.1, 0.2, 0.3, 0.5]","['relu', 'tanh', 'sigmoid', 'elu']","[1e-05, 0.01]","[2, 3, 4, 5, 6, 7, 8, 9, 10, 11, 12, 13, 14, 15, 16, 17, 18, 19, 20, 21, 22, 23, 24, 25, 26, 27, 28, 29, 30]","[16, 32, 64, 128]","[5, 10, 15, 20]","[2, 3, 5, 7]","[2, 4, 8]",GridSearch,minimize,local
8n3f5rcs,293,1480,1779114343976,,/home/meliani/nni-experiments/8n3f5rcs,144,exp_GridSearch_1500s_local_plus_tt_local_plus_tt,hpo,/home/meliani/Desktop/phd/fast-track/search_space.json,python3 trial.py --data ./local_plus_tt.csv,/home/meliani/Desktop/phd/fast-track,1,1500s,100000000,False,False,info,/home/meliani/nni-experiments,"['LSTM', 'GRU', 'CNN', 'RNN', 'TCN', 'Transformer', 'MLP']","[16, 32, 64, 128, 256]","[1, 2, 3, 4]","[0, 0.1, 0.2, 0.3, 0.5]","['relu', 'tanh', 'sigmoid', 'elu']","[1e-05, 0.01]","[2, 3, 4, 5, 6, 7, 8, 9, 10, 11, 12, 13, 14, 15, 16, 17, 18, 19, 20, 21, 22, 23, 24, 25, 26, 27, 28, 29, 30]","[16, 32, 64, 128]","[5, 10, 15, 20]","[2, 3, 5, 7]","[2, 4, 8]",GridSearch,minimize,local
8n3f5rcs,294,1480,1779114343976,,/home/meliani/nni-experiments/8n3f5rcs,144,exp_GridSearch_1500s_local_plus_tt_local_plus_tt,hpo,/home/meliani/Desktop/phd/fast-track/search_space.json,python3 trial.py --data ./local_plus_tt.csv,/home/meliani/Desktop/phd/fast-track,1,1500s,100000000,False,False,info,/home/meliani/nni-experiments,"['LSTM', 'GRU', 'CNN', 'RNN', 'TCN', 'Transformer', 'MLP']","[16, 32, 64, 128, 256]","[1, 2, 3, 4]","[0, 0.1, 0.2, 0.3, 0.5]","['relu', 'tanh', 'sigmoid', 'elu']","[1e-05, 0.01]","[2, 3, 4, 5, 6, 7, 8, 9, 10, 11, 12, 13, 14, 15, 16, 17, 18, 19, 20, 21, 22, 23, 24, 25, 26, 27, 28, 29, 30]","[16, 32, 64, 128]","[5, 10, 15, 20]","[2, 3, 5, 7]","[2, 4, 8]",GridSearch,minimize,local
8n3f5rcs,295,1489,1779114343976,,/home/meliani/nni-experiments/8n3f5rcs,145,exp_GridSearch_1500s_local_plus_tt_local_plus_tt,hpo,/home/meliani/Desktop/phd/fast-track/search_space.json,python3 trial.py --data ./local_plus_tt.csv,/home/meliani/Desktop/phd/fast-track,1,1500s,100000000,False,False,info,/home/meliani/nni-experiments,"['LSTM', 'GRU', 'CNN', 'RNN', 'TCN', 'Transformer', 'MLP']","[16, 32, 64, 128, 256]","[1, 2, 3, 4]","[0, 0.1, 0.2, 0.3, 0.5]","['relu', 'tanh', 'sigmoid', 'elu']","[1e-05, 0.01]","[2, 3, 4, 5, 6, 7, 8, 9, 10, 11, 12, 13, 14, 15, 16, 17, 18, 19, 20, 21, 22, 23, 24, 25, 26, 27, 28, 29, 30]","[16, 32, 64, 128]","[5, 10, 15, 20]","[2, 3, 5, 7]","[2, 4, 8]",GridSearch,minimize,local
8n3f5rcs,296,1490,1779114343976,,/home/meliani/nni-experiments/8n3f5rcs,145,exp_GridSearch_1500s_local_plus_tt_local_plus_tt,hpo,/home/meliani/Desktop/phd/fast-track/search_space.json,python3 trial.py --data ./local_plus_tt.csv,/home/meliani/Desktop/phd/fast-track,1,1500s,100000000,False,False,info,/home/meliani/nni-experiments,"['LSTM', 'GRU', 'CNN', 'RNN', 'TCN', 'Transformer', 'MLP']","[16, 32, 64, 128, 256]","[1, 2, 3, 4]","[0, 0.1, 0.2, 0.3, 0.5]","['relu', 'tanh', 'sigmoid', 'elu']","[1e-05, 0.01]","[2, 3, 4, 5, 6, 7, 8, 9, 10, 11, 12, 13, 14, 15, 16, 17, 18, 19, 20, 21, 22, 23, 24, 25, 26, 27, 28, 29, 30]","[16, 32, 64, 128]","[5, 10, 15, 20]","[2, 3, 5, 7]","[2, 4, 8]",GridSearch,minimize,local
8n3f5rcs,297,1495,1779114343976,,/home/meliani/nni-experiments/8n3f5rcs,146,exp_GridSearch_1500s_local_plus_tt_local_plus_tt,hpo,/home/meliani/Desktop/phd/fast-track/search_space.json,python3 trial.py --data ./local_plus_tt.csv,/home/meliani/Desktop/phd/fast-track,1,1500s,100000000,False,False,info,/home/meliani/nni-experiments,"['LSTM', 'GRU', 'CNN', 'RNN', 'TCN', 'Transformer', 'MLP']","[16, 32, 64, 128, 256]","[1, 2, 3, 4]","[0, 0.1, 0.2, 0.3, 0.5]","['relu', 'tanh', 'sigmoid', 'elu']","[1e-05, 0.01]","[2, 3, 4, 5, 6, 7, 8, 9, 10, 11, 12, 13, 14, 15, 16, 17, 18, 19, 20, 21, 22, 23, 24, 25, 26, 27, 28, 29, 30]","[16, 32, 64, 128]","[5, 10, 15, 20]","[2, 3, 5, 7]","[2, 4, 8]",GridSearch,minimize,local
8n3f5rcs,298,1500,1779114343976,,/home/meliani/nni-experiments/8n3f5rcs,146,exp_GridSearch_1500s_local_plus_tt_local_plus_tt,hpo,/home/meliani/Desktop/phd/fast-track/search_space.json,python3 trial.py --data ./local_plus_tt.csv,/home/meliani/Desktop/phd/fast-track,1,1500s,100000000,False,False,info,/home/meliani/nni-experiments,"['LSTM', 'GRU', 'CNN', 'RNN', 'TCN', 'Transformer', 'MLP']","[16, 32, 64, 128, 256]","[1, 2, 3, 4]","[0, 0.1, 0.2, 0.3, 0.5]","['relu', 'tanh', 'sigmoid', 'elu']","[1e-05, 0.01]","[2, 3, 4, 5, 6, 7, 8, 9, 10, 11, 12, 13, 14, 15, 16, 17, 18, 19, 20, 21, 22, 23, 24, 25, 26, 27, 28, 29, 30]","[16, 32, 64, 128]","[5, 10, 15, 20]","[2, 3, 5, 7]","[2, 4, 8]",GridSearch,minimize,local
8n3f5rcs,299,1501,1779114343976,1779115847596,/home/meliani/nni-experiments/8n3f5rcs,146,exp_GridSearch_1500s_local_plus_tt_local_plus_tt,hpo,/home/meliani/Desktop/phd/fast-track/search_space.json,python3 trial.py --data ./local_plus_tt.csv,/home/meliani/Desktop/phd/fast-track,1,1500s,100000000,False,False,info,/home/meliani/nni-experiments,"['LSTM', 'GRU', 'CNN', 'RNN', 'TCN', 'Transformer', 'MLP']","[16, 32, 64, 128, 256]","[1, 2, 3, 4]","[0, 0.1, 0.2, 0.3, 0.5]","['relu', 'tanh', 'sigmoid', 'elu']","[1e-05, 0.01]","[2, 3, 4, 5, 6, 7, 8, 9, 10, 11, 12, 13, 14, 15, 16, 17, 18, 19, 20, 21, 22, 23, 24, 25, 26, 27, 28, 29, 30]","[16, 32, 64, 128]","[5, 10, 15, 20]","[2, 3, 5, 7]","[2, 4, 8]",GridSearch,minimize,local
8n3f5rcs,300,1501,1779114343976,1779115847596,/home/meliani/nni-experiments/8n3f5rcs,146,exp_GridSearch_1500s_local_plus_tt_local_plus_tt,hpo,/home/meliani/Desktop/phd/fast-track/search_space.json,python3 trial.py --data ./local_plus_tt.csv,/home/meliani/Desktop/phd/fast-track,1,1500s,100000000,False,False,info,/home/meliani/nni-experiments,"['LSTM', 'GRU', 'CNN', 'RNN', 'TCN', 'Transformer', 'MLP']","[16, 32, 64, 128, 256]","[1, 2, 3, 4]","[0, 0.1, 0.2, 0.3, 0.5]","['relu', 'tanh', 'sigmoid', 'elu']","[1e-05, 0.01]","[2, 3, 4, 5, 6, 7, 8, 9, 10, 11, 12, 13, 14, 15, 16, 17, 18, 19, 20, 21, 22, 23, 24, 25, 26, 27, 28, 29, 30]","[16, 32, 64, 128]","[5, 10, 15, 20]","[2, 3, 5, 7]","[2, 4, 8]",GridSearch,minimize,local
