experiment_id,trial_id,status,start_time,end_time,working_directory,exit_code,experiment_name,experiment_type,search_space_file,trial_command,trial_code_directory,trial_concurrency,max_duration,max_trials,use_annotation,debug_mode,log_level,exp_working_dir,model_types,unit_values,layer_counts,dropout_rates,activations,learning_rate_range,window_sizes,batch_sizes,epoch_options,kernel_sizes,attention_heads,tuner_name,optimize_mode,training_platform
r5b0fyzd,1,0,1779187860752,,/home/meliani/nni-experiments/r5b0fyzd,0,exp_anneal_50_local_plus_ali_local_plus_ali,hpo,/home/meliani/Desktop/phd/fast-track/search_space.json,python3 trial.py --data ./local_plus_ali.csv,/home/meliani/Desktop/phd/fast-track,1,360000s,50,False,False,info,/home/meliani/nni-experiments,"['LSTM', 'GRU', 'CNN', 'RNN', 'TCN', 'Transformer', 'MLP']","[16, 32, 64, 128, 256]","[1, 2, 3, 4]","[0, 0.1, 0.2, 0.3, 0.5]","['relu', 'tanh', 'sigmoid', 'elu']","[1e-05, 0.01]","[2, 3, 4, 5, 6, 7, 8, 9, 10, 11, 12, 13, 14, 15, 16, 17, 18, 19, 20, 21, 22, 23, 24, 25, 26, 27, 28, 29, 30]","[16, 32, 64, 128]","[5, 10, 15, 20]","[2, 3, 5, 7]","[2, 4, 8]",anneal,minimize,local
r5b0fyzd,2,0,1779187860752,,/home/meliani/nni-experiments/r5b0fyzd,0,exp_anneal_50_local_plus_ali_local_plus_ali,hpo,/home/meliani/Desktop/phd/fast-track/search_space.json,python3 trial.py --data ./local_plus_ali.csv,/home/meliani/Desktop/phd/fast-track,1,360000s,50,False,False,info,/home/meliani/nni-experiments,"['LSTM', 'GRU', 'CNN', 'RNN', 'TCN', 'Transformer', 'MLP']","[16, 32, 64, 128, 256]","[1, 2, 3, 4]","[0, 0.1, 0.2, 0.3, 0.5]","['relu', 'tanh', 'sigmoid', 'elu']","[1e-05, 0.01]","[2, 3, 4, 5, 6, 7, 8, 9, 10, 11, 12, 13, 14, 15, 16, 17, 18, 19, 20, 21, 22, 23, 24, 25, 26, 27, 28, 29, 30]","[16, 32, 64, 128]","[5, 10, 15, 20]","[2, 3, 5, 7]","[2, 4, 8]",anneal,minimize,local
r5b0fyzd,3,1,1779187860752,,/home/meliani/nni-experiments/r5b0fyzd,1,exp_anneal_50_local_plus_ali_local_plus_ali,hpo,/home/meliani/Desktop/phd/fast-track/search_space.json,python3 trial.py --data ./local_plus_ali.csv,/home/meliani/Desktop/phd/fast-track,1,360000s,50,False,False,info,/home/meliani/nni-experiments,"['LSTM', 'GRU', 'CNN', 'RNN', 'TCN', 'Transformer', 'MLP']","[16, 32, 64, 128, 256]","[1, 2, 3, 4]","[0, 0.1, 0.2, 0.3, 0.5]","['relu', 'tanh', 'sigmoid', 'elu']","[1e-05, 0.01]","[2, 3, 4, 5, 6, 7, 8, 9, 10, 11, 12, 13, 14, 15, 16, 17, 18, 19, 20, 21, 22, 23, 24, 25, 26, 27, 28, 29, 30]","[16, 32, 64, 128]","[5, 10, 15, 20]","[2, 3, 5, 7]","[2, 4, 8]",anneal,minimize,local
r5b0fyzd,4,10,1779187860752,,/home/meliani/nni-experiments/r5b0fyzd,1,exp_anneal_50_local_plus_ali_local_plus_ali,hpo,/home/meliani/Desktop/phd/fast-track/search_space.json,python3 trial.py --data ./local_plus_ali.csv,/home/meliani/Desktop/phd/fast-track,1,360000s,50,False,False,info,/home/meliani/nni-experiments,"['LSTM', 'GRU', 'CNN', 'RNN', 'TCN', 'Transformer', 'MLP']","[16, 32, 64, 128, 256]","[1, 2, 3, 4]","[0, 0.1, 0.2, 0.3, 0.5]","['relu', 'tanh', 'sigmoid', 'elu']","[1e-05, 0.01]","[2, 3, 4, 5, 6, 7, 8, 9, 10, 11, 12, 13, 14, 15, 16, 17, 18, 19, 20, 21, 22, 23, 24, 25, 26, 27, 28, 29, 30]","[16, 32, 64, 128]","[5, 10, 15, 20]","[2, 3, 5, 7]","[2, 4, 8]",anneal,minimize,local
r5b0fyzd,5,17,1779187860752,,/home/meliani/nni-experiments/r5b0fyzd,2,exp_anneal_50_local_plus_ali_local_plus_ali,hpo,/home/meliani/Desktop/phd/fast-track/search_space.json,python3 trial.py --data ./local_plus_ali.csv,/home/meliani/Desktop/phd/fast-track,1,360000s,50,False,False,info,/home/meliani/nni-experiments,"['LSTM', 'GRU', 'CNN', 'RNN', 'TCN', 'Transformer', 'MLP']","[16, 32, 64, 128, 256]","[1, 2, 3, 4]","[0, 0.1, 0.2, 0.3, 0.5]","['relu', 'tanh', 'sigmoid', 'elu']","[1e-05, 0.01]","[2, 3, 4, 5, 6, 7, 8, 9, 10, 11, 12, 13, 14, 15, 16, 17, 18, 19, 20, 21, 22, 23, 24, 25, 26, 27, 28, 29, 30]","[16, 32, 64, 128]","[5, 10, 15, 20]","[2, 3, 5, 7]","[2, 4, 8]",anneal,minimize,local
r5b0fyzd,6,20,1779187860752,,/home/meliani/nni-experiments/r5b0fyzd,2,exp_anneal_50_local_plus_ali_local_plus_ali,hpo,/home/meliani/Desktop/phd/fast-track/search_space.json,python3 trial.py --data ./local_plus_ali.csv,/home/meliani/Desktop/phd/fast-track,1,360000s,50,False,False,info,/home/meliani/nni-experiments,"['LSTM', 'GRU', 'CNN', 'RNN', 'TCN', 'Transformer', 'MLP']","[16, 32, 64, 128, 256]","[1, 2, 3, 4]","[0, 0.1, 0.2, 0.3, 0.5]","['relu', 'tanh', 'sigmoid', 'elu']","[1e-05, 0.01]","[2, 3, 4, 5, 6, 7, 8, 9, 10, 11, 12, 13, 14, 15, 16, 17, 18, 19, 20, 21, 22, 23, 24, 25, 26, 27, 28, 29, 30]","[16, 32, 64, 128]","[5, 10, 15, 20]","[2, 3, 5, 7]","[2, 4, 8]",anneal,minimize,local
r5b0fyzd,7,22,1779187860752,,/home/meliani/nni-experiments/r5b0fyzd,3,exp_anneal_50_local_plus_ali_local_plus_ali,hpo,/home/meliani/Desktop/phd/fast-track/search_space.json,python3 trial.py --data ./local_plus_ali.csv,/home/meliani/Desktop/phd/fast-track,1,360000s,50,False,False,info,/home/meliani/nni-experiments,"['LSTM', 'GRU', 'CNN', 'RNN', 'TCN', 'Transformer', 'MLP']","[16, 32, 64, 128, 256]","[1, 2, 3, 4]","[0, 0.1, 0.2, 0.3, 0.5]","['relu', 'tanh', 'sigmoid', 'elu']","[1e-05, 0.01]","[2, 3, 4, 5, 6, 7, 8, 9, 10, 11, 12, 13, 14, 15, 16, 17, 18, 19, 20, 21, 22, 23, 24, 25, 26, 27, 28, 29, 30]","[16, 32, 64, 128]","[5, 10, 15, 20]","[2, 3, 5, 7]","[2, 4, 8]",anneal,minimize,local
r5b0fyzd,8,30,1779187860752,,/home/meliani/nni-experiments/r5b0fyzd,3,exp_anneal_50_local_plus_ali_local_plus_ali,hpo,/home/meliani/Desktop/phd/fast-track/search_space.json,python3 trial.py --data ./local_plus_ali.csv,/home/meliani/Desktop/phd/fast-track,1,360000s,50,False,False,info,/home/meliani/nni-experiments,"['LSTM', 'GRU', 'CNN', 'RNN', 'TCN', 'Transformer', 'MLP']","[16, 32, 64, 128, 256]","[1, 2, 3, 4]","[0, 0.1, 0.2, 0.3, 0.5]","['relu', 'tanh', 'sigmoid', 'elu']","[1e-05, 0.01]","[2, 3, 4, 5, 6, 7, 8, 9, 10, 11, 12, 13, 14, 15, 16, 17, 18, 19, 20, 21, 22, 23, 24, 25, 26, 27, 28, 29, 30]","[16, 32, 64, 128]","[5, 10, 15, 20]","[2, 3, 5, 7]","[2, 4, 8]",anneal,minimize,local
r5b0fyzd,9,40,1779187860752,,/home/meliani/nni-experiments/r5b0fyzd,3,exp_anneal_50_local_plus_ali_local_plus_ali,hpo,/home/meliani/Desktop/phd/fast-track/search_space.json,python3 trial.py --data ./local_plus_ali.csv,/home/meliani/Desktop/phd/fast-track,1,360000s,50,False,False,info,/home/meliani/nni-experiments,"['LSTM', 'GRU', 'CNN', 'RNN', 'TCN', 'Transformer', 'MLP']","[16, 32, 64, 128, 256]","[1, 2, 3, 4]","[0, 0.1, 0.2, 0.3, 0.5]","['relu', 'tanh', 'sigmoid', 'elu']","[1e-05, 0.01]","[2, 3, 4, 5, 6, 7, 8, 9, 10, 11, 12, 13, 14, 15, 16, 17, 18, 19, 20, 21, 22, 23, 24, 25, 26, 27, 28, 29, 30]","[16, 32, 64, 128]","[5, 10, 15, 20]","[2, 3, 5, 7]","[2, 4, 8]",anneal,minimize,local
r5b0fyzd,10,50,1779187860752,,/home/meliani/nni-experiments/r5b0fyzd,3,exp_anneal_50_local_plus_ali_local_plus_ali,hpo,/home/meliani/Desktop/phd/fast-track/search_space.json,python3 trial.py --data ./local_plus_ali.csv,/home/meliani/Desktop/phd/fast-track,1,360000s,50,False,False,info,/home/meliani/nni-experiments,"['LSTM', 'GRU', 'CNN', 'RNN', 'TCN', 'Transformer', 'MLP']","[16, 32, 64, 128, 256]","[1, 2, 3, 4]","[0, 0.1, 0.2, 0.3, 0.5]","['relu', 'tanh', 'sigmoid', 'elu']","[1e-05, 0.01]","[2, 3, 4, 5, 6, 7, 8, 9, 10, 11, 12, 13, 14, 15, 16, 17, 18, 19, 20, 21, 22, 23, 24, 25, 26, 27, 28, 29, 30]","[16, 32, 64, 128]","[5, 10, 15, 20]","[2, 3, 5, 7]","[2, 4, 8]",anneal,minimize,local
r5b0fyzd,11,60,1779187860752,,/home/meliani/nni-experiments/r5b0fyzd,3,exp_anneal_50_local_plus_ali_local_plus_ali,hpo,/home/meliani/Desktop/phd/fast-track/search_space.json,python3 trial.py --data ./local_plus_ali.csv,/home/meliani/Desktop/phd/fast-track,1,360000s,50,False,False,info,/home/meliani/nni-experiments,"['LSTM', 'GRU', 'CNN', 'RNN', 'TCN', 'Transformer', 'MLP']","[16, 32, 64, 128, 256]","[1, 2, 3, 4]","[0, 0.1, 0.2, 0.3, 0.5]","['relu', 'tanh', 'sigmoid', 'elu']","[1e-05, 0.01]","[2, 3, 4, 5, 6, 7, 8, 9, 10, 11, 12, 13, 14, 15, 16, 17, 18, 19, 20, 21, 22, 23, 24, 25, 26, 27, 28, 29, 30]","[16, 32, 64, 128]","[5, 10, 15, 20]","[2, 3, 5, 7]","[2, 4, 8]",anneal,minimize,local
r5b0fyzd,12,65,1779187860752,,/home/meliani/nni-experiments/r5b0fyzd,4,exp_anneal_50_local_plus_ali_local_plus_ali,hpo,/home/meliani/Desktop/phd/fast-track/search_space.json,python3 trial.py --data ./local_plus_ali.csv,/home/meliani/Desktop/phd/fast-track,1,360000s,50,False,False,info,/home/meliani/nni-experiments,"['LSTM', 'GRU', 'CNN', 'RNN', 'TCN', 'Transformer', 'MLP']","[16, 32, 64, 128, 256]","[1, 2, 3, 4]","[0, 0.1, 0.2, 0.3, 0.5]","['relu', 'tanh', 'sigmoid', 'elu']","[1e-05, 0.01]","[2, 3, 4, 5, 6, 7, 8, 9, 10, 11, 12, 13, 14, 15, 16, 17, 18, 19, 20, 21, 22, 23, 24, 25, 26, 27, 28, 29, 30]","[16, 32, 64, 128]","[5, 10, 15, 20]","[2, 3, 5, 7]","[2, 4, 8]",anneal,minimize,local
r5b0fyzd,13,70,1779187860752,,/home/meliani/nni-experiments/r5b0fyzd,4,exp_anneal_50_local_plus_ali_local_plus_ali,hpo,/home/meliani/Desktop/phd/fast-track/search_space.json,python3 trial.py --data ./local_plus_ali.csv,/home/meliani/Desktop/phd/fast-track,1,360000s,50,False,False,info,/home/meliani/nni-experiments,"['LSTM', 'GRU', 'CNN', 'RNN', 'TCN', 'Transformer', 'MLP']","[16, 32, 64, 128, 256]","[1, 2, 3, 4]","[0, 0.1, 0.2, 0.3, 0.5]","['relu', 'tanh', 'sigmoid', 'elu']","[1e-05, 0.01]","[2, 3, 4, 5, 6, 7, 8, 9, 10, 11, 12, 13, 14, 15, 16, 17, 18, 19, 20, 21, 22, 23, 24, 25, 26, 27, 28, 29, 30]","[16, 32, 64, 128]","[5, 10, 15, 20]","[2, 3, 5, 7]","[2, 4, 8]",anneal,minimize,local
r5b0fyzd,14,80,1779187860752,,/home/meliani/nni-experiments/r5b0fyzd,4,exp_anneal_50_local_plus_ali_local_plus_ali,hpo,/home/meliani/Desktop/phd/fast-track/search_space.json,python3 trial.py --data ./local_plus_ali.csv,/home/meliani/Desktop/phd/fast-track,1,360000s,50,False,False,info,/home/meliani/nni-experiments,"['LSTM', 'GRU', 'CNN', 'RNN', 'TCN', 'Transformer', 'MLP']","[16, 32, 64, 128, 256]","[1, 2, 3, 4]","[0, 0.1, 0.2, 0.3, 0.5]","['relu', 'tanh', 'sigmoid', 'elu']","[1e-05, 0.01]","[2, 3, 4, 5, 6, 7, 8, 9, 10, 11, 12, 13, 14, 15, 16, 17, 18, 19, 20, 21, 22, 23, 24, 25, 26, 27, 28, 29, 30]","[16, 32, 64, 128]","[5, 10, 15, 20]","[2, 3, 5, 7]","[2, 4, 8]",anneal,minimize,local
r5b0fyzd,15,90,1779187860752,,/home/meliani/nni-experiments/r5b0fyzd,4,exp_anneal_50_local_plus_ali_local_plus_ali,hpo,/home/meliani/Desktop/phd/fast-track/search_space.json,python3 trial.py --data ./local_plus_ali.csv,/home/meliani/Desktop/phd/fast-track,1,360000s,50,False,False,info,/home/meliani/nni-experiments,"['LSTM', 'GRU', 'CNN', 'RNN', 'TCN', 'Transformer', 'MLP']","[16, 32, 64, 128, 256]","[1, 2, 3, 4]","[0, 0.1, 0.2, 0.3, 0.5]","['relu', 'tanh', 'sigmoid', 'elu']","[1e-05, 0.01]","[2, 3, 4, 5, 6, 7, 8, 9, 10, 11, 12, 13, 14, 15, 16, 17, 18, 19, 20, 21, 22, 23, 24, 25, 26, 27, 28, 29, 30]","[16, 32, 64, 128]","[5, 10, 15, 20]","[2, 3, 5, 7]","[2, 4, 8]",anneal,minimize,local
r5b0fyzd,16,100,1779187860752,,/home/meliani/nni-experiments/r5b0fyzd,4,exp_anneal_50_local_plus_ali_local_plus_ali,hpo,/home/meliani/Desktop/phd/fast-track/search_space.json,python3 trial.py --data ./local_plus_ali.csv,/home/meliani/Desktop/phd/fast-track,1,360000s,50,False,False,info,/home/meliani/nni-experiments,"['LSTM', 'GRU', 'CNN', 'RNN', 'TCN', 'Transformer', 'MLP']","[16, 32, 64, 128, 256]","[1, 2, 3, 4]","[0, 0.1, 0.2, 0.3, 0.5]","['relu', 'tanh', 'sigmoid', 'elu']","[1e-05, 0.01]","[2, 3, 4, 5, 6, 7, 8, 9, 10, 11, 12, 13, 14, 15, 16, 17, 18, 19, 20, 21, 22, 23, 24, 25, 26, 27, 28, 29, 30]","[16, 32, 64, 128]","[5, 10, 15, 20]","[2, 3, 5, 7]","[2, 4, 8]",anneal,minimize,local
r5b0fyzd,17,101,1779187860752,,/home/meliani/nni-experiments/r5b0fyzd,5,exp_anneal_50_local_plus_ali_local_plus_ali,hpo,/home/meliani/Desktop/phd/fast-track/search_space.json,python3 trial.py --data ./local_plus_ali.csv,/home/meliani/Desktop/phd/fast-track,1,360000s,50,False,False,info,/home/meliani/nni-experiments,"['LSTM', 'GRU', 'CNN', 'RNN', 'TCN', 'Transformer', 'MLP']","[16, 32, 64, 128, 256]","[1, 2, 3, 4]","[0, 0.1, 0.2, 0.3, 0.5]","['relu', 'tanh', 'sigmoid', 'elu']","[1e-05, 0.01]","[2, 3, 4, 5, 6, 7, 8, 9, 10, 11, 12, 13, 14, 15, 16, 17, 18, 19, 20, 21, 22, 23, 24, 25, 26, 27, 28, 29, 30]","[16, 32, 64, 128]","[5, 10, 15, 20]","[2, 3, 5, 7]","[2, 4, 8]",anneal,minimize,local
r5b0fyzd,18,110,1779187860752,,/home/meliani/nni-experiments/r5b0fyzd,5,exp_anneal_50_local_plus_ali_local_plus_ali,hpo,/home/meliani/Desktop/phd/fast-track/search_space.json,python3 trial.py --data ./local_plus_ali.csv,/home/meliani/Desktop/phd/fast-track,1,360000s,50,False,False,info,/home/meliani/nni-experiments,"['LSTM', 'GRU', 'CNN', 'RNN', 'TCN', 'Transformer', 'MLP']","[16, 32, 64, 128, 256]","[1, 2, 3, 4]","[0, 0.1, 0.2, 0.3, 0.5]","['relu', 'tanh', 'sigmoid', 'elu']","[1e-05, 0.01]","[2, 3, 4, 5, 6, 7, 8, 9, 10, 11, 12, 13, 14, 15, 16, 17, 18, 19, 20, 21, 22, 23, 24, 25, 26, 27, 28, 29, 30]","[16, 32, 64, 128]","[5, 10, 15, 20]","[2, 3, 5, 7]","[2, 4, 8]",anneal,minimize,local
r5b0fyzd,19,111,1779187860752,,/home/meliani/nni-experiments/r5b0fyzd,6,exp_anneal_50_local_plus_ali_local_plus_ali,hpo,/home/meliani/Desktop/phd/fast-track/search_space.json,python3 trial.py --data ./local_plus_ali.csv,/home/meliani/Desktop/phd/fast-track,1,360000s,50,False,False,info,/home/meliani/nni-experiments,"['LSTM', 'GRU', 'CNN', 'RNN', 'TCN', 'Transformer', 'MLP']","[16, 32, 64, 128, 256]","[1, 2, 3, 4]","[0, 0.1, 0.2, 0.3, 0.5]","['relu', 'tanh', 'sigmoid', 'elu']","[1e-05, 0.01]","[2, 3, 4, 5, 6, 7, 8, 9, 10, 11, 12, 13, 14, 15, 16, 17, 18, 19, 20, 21, 22, 23, 24, 25, 26, 27, 28, 29, 30]","[16, 32, 64, 128]","[5, 10, 15, 20]","[2, 3, 5, 7]","[2, 4, 8]",anneal,minimize,local
r5b0fyzd,20,120,1779187860752,,/home/meliani/nni-experiments/r5b0fyzd,6,exp_anneal_50_local_plus_ali_local_plus_ali,hpo,/home/meliani/Desktop/phd/fast-track/search_space.json,python3 trial.py --data ./local_plus_ali.csv,/home/meliani/Desktop/phd/fast-track,1,360000s,50,False,False,info,/home/meliani/nni-experiments,"['LSTM', 'GRU', 'CNN', 'RNN', 'TCN', 'Transformer', 'MLP']","[16, 32, 64, 128, 256]","[1, 2, 3, 4]","[0, 0.1, 0.2, 0.3, 0.5]","['relu', 'tanh', 'sigmoid', 'elu']","[1e-05, 0.01]","[2, 3, 4, 5, 6, 7, 8, 9, 10, 11, 12, 13, 14, 15, 16, 17, 18, 19, 20, 21, 22, 23, 24, 25, 26, 27, 28, 29, 30]","[16, 32, 64, 128]","[5, 10, 15, 20]","[2, 3, 5, 7]","[2, 4, 8]",anneal,minimize,local
r5b0fyzd,21,125,1779187860752,,/home/meliani/nni-experiments/r5b0fyzd,7,exp_anneal_50_local_plus_ali_local_plus_ali,hpo,/home/meliani/Desktop/phd/fast-track/search_space.json,python3 trial.py --data ./local_plus_ali.csv,/home/meliani/Desktop/phd/fast-track,1,360000s,50,False,False,info,/home/meliani/nni-experiments,"['LSTM', 'GRU', 'CNN', 'RNN', 'TCN', 'Transformer', 'MLP']","[16, 32, 64, 128, 256]","[1, 2, 3, 4]","[0, 0.1, 0.2, 0.3, 0.5]","['relu', 'tanh', 'sigmoid', 'elu']","[1e-05, 0.01]","[2, 3, 4, 5, 6, 7, 8, 9, 10, 11, 12, 13, 14, 15, 16, 17, 18, 19, 20, 21, 22, 23, 24, 25, 26, 27, 28, 29, 30]","[16, 32, 64, 128]","[5, 10, 15, 20]","[2, 3, 5, 7]","[2, 4, 8]",anneal,minimize,local
r5b0fyzd,22,130,1779187860752,,/home/meliani/nni-experiments/r5b0fyzd,7,exp_anneal_50_local_plus_ali_local_plus_ali,hpo,/home/meliani/Desktop/phd/fast-track/search_space.json,python3 trial.py --data ./local_plus_ali.csv,/home/meliani/Desktop/phd/fast-track,1,360000s,50,False,False,info,/home/meliani/nni-experiments,"['LSTM', 'GRU', 'CNN', 'RNN', 'TCN', 'Transformer', 'MLP']","[16, 32, 64, 128, 256]","[1, 2, 3, 4]","[0, 0.1, 0.2, 0.3, 0.5]","['relu', 'tanh', 'sigmoid', 'elu']","[1e-05, 0.01]","[2, 3, 4, 5, 6, 7, 8, 9, 10, 11, 12, 13, 14, 15, 16, 17, 18, 19, 20, 21, 22, 23, 24, 25, 26, 27, 28, 29, 30]","[16, 32, 64, 128]","[5, 10, 15, 20]","[2, 3, 5, 7]","[2, 4, 8]",anneal,minimize,local
r5b0fyzd,23,140,1779187860752,,/home/meliani/nni-experiments/r5b0fyzd,7,exp_anneal_50_local_plus_ali_local_plus_ali,hpo,/home/meliani/Desktop/phd/fast-track/search_space.json,python3 trial.py --data ./local_plus_ali.csv,/home/meliani/Desktop/phd/fast-track,1,360000s,50,False,False,info,/home/meliani/nni-experiments,"['LSTM', 'GRU', 'CNN', 'RNN', 'TCN', 'Transformer', 'MLP']","[16, 32, 64, 128, 256]","[1, 2, 3, 4]","[0, 0.1, 0.2, 0.3, 0.5]","['relu', 'tanh', 'sigmoid', 'elu']","[1e-05, 0.01]","[2, 3, 4, 5, 6, 7, 8, 9, 10, 11, 12, 13, 14, 15, 16, 17, 18, 19, 20, 21, 22, 23, 24, 25, 26, 27, 28, 29, 30]","[16, 32, 64, 128]","[5, 10, 15, 20]","[2, 3, 5, 7]","[2, 4, 8]",anneal,minimize,local
r5b0fyzd,24,145,1779187860752,,/home/meliani/nni-experiments/r5b0fyzd,8,exp_anneal_50_local_plus_ali_local_plus_ali,hpo,/home/meliani/Desktop/phd/fast-track/search_space.json,python3 trial.py --data ./local_plus_ali.csv,/home/meliani/Desktop/phd/fast-track,1,360000s,50,False,False,info,/home/meliani/nni-experiments,"['LSTM', 'GRU', 'CNN', 'RNN', 'TCN', 'Transformer', 'MLP']","[16, 32, 64, 128, 256]","[1, 2, 3, 4]","[0, 0.1, 0.2, 0.3, 0.5]","['relu', 'tanh', 'sigmoid', 'elu']","[1e-05, 0.01]","[2, 3, 4, 5, 6, 7, 8, 9, 10, 11, 12, 13, 14, 15, 16, 17, 18, 19, 20, 21, 22, 23, 24, 25, 26, 27, 28, 29, 30]","[16, 32, 64, 128]","[5, 10, 15, 20]","[2, 3, 5, 7]","[2, 4, 8]",anneal,minimize,local
r5b0fyzd,25,150,1779187860752,,/home/meliani/nni-experiments/r5b0fyzd,8,exp_anneal_50_local_plus_ali_local_plus_ali,hpo,/home/meliani/Desktop/phd/fast-track/search_space.json,python3 trial.py --data ./local_plus_ali.csv,/home/meliani/Desktop/phd/fast-track,1,360000s,50,False,False,info,/home/meliani/nni-experiments,"['LSTM', 'GRU', 'CNN', 'RNN', 'TCN', 'Transformer', 'MLP']","[16, 32, 64, 128, 256]","[1, 2, 3, 4]","[0, 0.1, 0.2, 0.3, 0.5]","['relu', 'tanh', 'sigmoid', 'elu']","[1e-05, 0.01]","[2, 3, 4, 5, 6, 7, 8, 9, 10, 11, 12, 13, 14, 15, 16, 17, 18, 19, 20, 21, 22, 23, 24, 25, 26, 27, 28, 29, 30]","[16, 32, 64, 128]","[5, 10, 15, 20]","[2, 3, 5, 7]","[2, 4, 8]",anneal,minimize,local
r5b0fyzd,26,157,1779187860752,,/home/meliani/nni-experiments/r5b0fyzd,9,exp_anneal_50_local_plus_ali_local_plus_ali,hpo,/home/meliani/Desktop/phd/fast-track/search_space.json,python3 trial.py --data ./local_plus_ali.csv,/home/meliani/Desktop/phd/fast-track,1,360000s,50,False,False,info,/home/meliani/nni-experiments,"['LSTM', 'GRU', 'CNN', 'RNN', 'TCN', 'Transformer', 'MLP']","[16, 32, 64, 128, 256]","[1, 2, 3, 4]","[0, 0.1, 0.2, 0.3, 0.5]","['relu', 'tanh', 'sigmoid', 'elu']","[1e-05, 0.01]","[2, 3, 4, 5, 6, 7, 8, 9, 10, 11, 12, 13, 14, 15, 16, 17, 18, 19, 20, 21, 22, 23, 24, 25, 26, 27, 28, 29, 30]","[16, 32, 64, 128]","[5, 10, 15, 20]","[2, 3, 5, 7]","[2, 4, 8]",anneal,minimize,local
r5b0fyzd,27,160,1779187860752,,/home/meliani/nni-experiments/r5b0fyzd,9,exp_anneal_50_local_plus_ali_local_plus_ali,hpo,/home/meliani/Desktop/phd/fast-track/search_space.json,python3 trial.py --data ./local_plus_ali.csv,/home/meliani/Desktop/phd/fast-track,1,360000s,50,False,False,info,/home/meliani/nni-experiments,"['LSTM', 'GRU', 'CNN', 'RNN', 'TCN', 'Transformer', 'MLP']","[16, 32, 64, 128, 256]","[1, 2, 3, 4]","[0, 0.1, 0.2, 0.3, 0.5]","['relu', 'tanh', 'sigmoid', 'elu']","[1e-05, 0.01]","[2, 3, 4, 5, 6, 7, 8, 9, 10, 11, 12, 13, 14, 15, 16, 17, 18, 19, 20, 21, 22, 23, 24, 25, 26, 27, 28, 29, 30]","[16, 32, 64, 128]","[5, 10, 15, 20]","[2, 3, 5, 7]","[2, 4, 8]",anneal,minimize,local
r5b0fyzd,28,170,1779187860752,,/home/meliani/nni-experiments/r5b0fyzd,9,exp_anneal_50_local_plus_ali_local_plus_ali,hpo,/home/meliani/Desktop/phd/fast-track/search_space.json,python3 trial.py --data ./local_plus_ali.csv,/home/meliani/Desktop/phd/fast-track,1,360000s,50,False,False,info,/home/meliani/nni-experiments,"['LSTM', 'GRU', 'CNN', 'RNN', 'TCN', 'Transformer', 'MLP']","[16, 32, 64, 128, 256]","[1, 2, 3, 4]","[0, 0.1, 0.2, 0.3, 0.5]","['relu', 'tanh', 'sigmoid', 'elu']","[1e-05, 0.01]","[2, 3, 4, 5, 6, 7, 8, 9, 10, 11, 12, 13, 14, 15, 16, 17, 18, 19, 20, 21, 22, 23, 24, 25, 26, 27, 28, 29, 30]","[16, 32, 64, 128]","[5, 10, 15, 20]","[2, 3, 5, 7]","[2, 4, 8]",anneal,minimize,local
r5b0fyzd,29,171,1779187860752,,/home/meliani/nni-experiments/r5b0fyzd,10,exp_anneal_50_local_plus_ali_local_plus_ali,hpo,/home/meliani/Desktop/phd/fast-track/search_space.json,python3 trial.py --data ./local_plus_ali.csv,/home/meliani/Desktop/phd/fast-track,1,360000s,50,False,False,info,/home/meliani/nni-experiments,"['LSTM', 'GRU', 'CNN', 'RNN', 'TCN', 'Transformer', 'MLP']","[16, 32, 64, 128, 256]","[1, 2, 3, 4]","[0, 0.1, 0.2, 0.3, 0.5]","['relu', 'tanh', 'sigmoid', 'elu']","[1e-05, 0.01]","[2, 3, 4, 5, 6, 7, 8, 9, 10, 11, 12, 13, 14, 15, 16, 17, 18, 19, 20, 21, 22, 23, 24, 25, 26, 27, 28, 29, 30]","[16, 32, 64, 128]","[5, 10, 15, 20]","[2, 3, 5, 7]","[2, 4, 8]",anneal,minimize,local
r5b0fyzd,30,180,1779187860752,,/home/meliani/nni-experiments/r5b0fyzd,10,exp_anneal_50_local_plus_ali_local_plus_ali,hpo,/home/meliani/Desktop/phd/fast-track/search_space.json,python3 trial.py --data ./local_plus_ali.csv,/home/meliani/Desktop/phd/fast-track,1,360000s,50,False,False,info,/home/meliani/nni-experiments,"['LSTM', 'GRU', 'CNN', 'RNN', 'TCN', 'Transformer', 'MLP']","[16, 32, 64, 128, 256]","[1, 2, 3, 4]","[0, 0.1, 0.2, 0.3, 0.5]","['relu', 'tanh', 'sigmoid', 'elu']","[1e-05, 0.01]","[2, 3, 4, 5, 6, 7, 8, 9, 10, 11, 12, 13, 14, 15, 16, 17, 18, 19, 20, 21, 22, 23, 24, 25, 26, 27, 28, 29, 30]","[16, 32, 64, 128]","[5, 10, 15, 20]","[2, 3, 5, 7]","[2, 4, 8]",anneal,minimize,local
r5b0fyzd,31,190,1779187860752,,/home/meliani/nni-experiments/r5b0fyzd,10,exp_anneal_50_local_plus_ali_local_plus_ali,hpo,/home/meliani/Desktop/phd/fast-track/search_space.json,python3 trial.py --data ./local_plus_ali.csv,/home/meliani/Desktop/phd/fast-track,1,360000s,50,False,False,info,/home/meliani/nni-experiments,"['LSTM', 'GRU', 'CNN', 'RNN', 'TCN', 'Transformer', 'MLP']","[16, 32, 64, 128, 256]","[1, 2, 3, 4]","[0, 0.1, 0.2, 0.3, 0.5]","['relu', 'tanh', 'sigmoid', 'elu']","[1e-05, 0.01]","[2, 3, 4, 5, 6, 7, 8, 9, 10, 11, 12, 13, 14, 15, 16, 17, 18, 19, 20, 21, 22, 23, 24, 25, 26, 27, 28, 29, 30]","[16, 32, 64, 128]","[5, 10, 15, 20]","[2, 3, 5, 7]","[2, 4, 8]",anneal,minimize,local
r5b0fyzd,32,191,1779187860752,,/home/meliani/nni-experiments/r5b0fyzd,11,exp_anneal_50_local_plus_ali_local_plus_ali,hpo,/home/meliani/Desktop/phd/fast-track/search_space.json,python3 trial.py --data ./local_plus_ali.csv,/home/meliani/Desktop/phd/fast-track,1,360000s,50,False,False,info,/home/meliani/nni-experiments,"['LSTM', 'GRU', 'CNN', 'RNN', 'TCN', 'Transformer', 'MLP']","[16, 32, 64, 128, 256]","[1, 2, 3, 4]","[0, 0.1, 0.2, 0.3, 0.5]","['relu', 'tanh', 'sigmoid', 'elu']","[1e-05, 0.01]","[2, 3, 4, 5, 6, 7, 8, 9, 10, 11, 12, 13, 14, 15, 16, 17, 18, 19, 20, 21, 22, 23, 24, 25, 26, 27, 28, 29, 30]","[16, 32, 64, 128]","[5, 10, 15, 20]","[2, 3, 5, 7]","[2, 4, 8]",anneal,minimize,local
r5b0fyzd,33,200,1779187860752,,/home/meliani/nni-experiments/r5b0fyzd,11,exp_anneal_50_local_plus_ali_local_plus_ali,hpo,/home/meliani/Desktop/phd/fast-track/search_space.json,python3 trial.py --data ./local_plus_ali.csv,/home/meliani/Desktop/phd/fast-track,1,360000s,50,False,False,info,/home/meliani/nni-experiments,"['LSTM', 'GRU', 'CNN', 'RNN', 'TCN', 'Transformer', 'MLP']","[16, 32, 64, 128, 256]","[1, 2, 3, 4]","[0, 0.1, 0.2, 0.3, 0.5]","['relu', 'tanh', 'sigmoid', 'elu']","[1e-05, 0.01]","[2, 3, 4, 5, 6, 7, 8, 9, 10, 11, 12, 13, 14, 15, 16, 17, 18, 19, 20, 21, 22, 23, 24, 25, 26, 27, 28, 29, 30]","[16, 32, 64, 128]","[5, 10, 15, 20]","[2, 3, 5, 7]","[2, 4, 8]",anneal,minimize,local
r5b0fyzd,34,202,1779187860752,,/home/meliani/nni-experiments/r5b0fyzd,12,exp_anneal_50_local_plus_ali_local_plus_ali,hpo,/home/meliani/Desktop/phd/fast-track/search_space.json,python3 trial.py --data ./local_plus_ali.csv,/home/meliani/Desktop/phd/fast-track,1,360000s,50,False,False,info,/home/meliani/nni-experiments,"['LSTM', 'GRU', 'CNN', 'RNN', 'TCN', 'Transformer', 'MLP']","[16, 32, 64, 128, 256]","[1, 2, 3, 4]","[0, 0.1, 0.2, 0.3, 0.5]","['relu', 'tanh', 'sigmoid', 'elu']","[1e-05, 0.01]","[2, 3, 4, 5, 6, 7, 8, 9, 10, 11, 12, 13, 14, 15, 16, 17, 18, 19, 20, 21, 22, 23, 24, 25, 26, 27, 28, 29, 30]","[16, 32, 64, 128]","[5, 10, 15, 20]","[2, 3, 5, 7]","[2, 4, 8]",anneal,minimize,local
r5b0fyzd,35,210,1779187860752,,/home/meliani/nni-experiments/r5b0fyzd,12,exp_anneal_50_local_plus_ali_local_plus_ali,hpo,/home/meliani/Desktop/phd/fast-track/search_space.json,python3 trial.py --data ./local_plus_ali.csv,/home/meliani/Desktop/phd/fast-track,1,360000s,50,False,False,info,/home/meliani/nni-experiments,"['LSTM', 'GRU', 'CNN', 'RNN', 'TCN', 'Transformer', 'MLP']","[16, 32, 64, 128, 256]","[1, 2, 3, 4]","[0, 0.1, 0.2, 0.3, 0.5]","['relu', 'tanh', 'sigmoid', 'elu']","[1e-05, 0.01]","[2, 3, 4, 5, 6, 7, 8, 9, 10, 11, 12, 13, 14, 15, 16, 17, 18, 19, 20, 21, 22, 23, 24, 25, 26, 27, 28, 29, 30]","[16, 32, 64, 128]","[5, 10, 15, 20]","[2, 3, 5, 7]","[2, 4, 8]",anneal,minimize,local
r5b0fyzd,36,220,1779187860752,,/home/meliani/nni-experiments/r5b0fyzd,12,exp_anneal_50_local_plus_ali_local_plus_ali,hpo,/home/meliani/Desktop/phd/fast-track/search_space.json,python3 trial.py --data ./local_plus_ali.csv,/home/meliani/Desktop/phd/fast-track,1,360000s,50,False,False,info,/home/meliani/nni-experiments,"['LSTM', 'GRU', 'CNN', 'RNN', 'TCN', 'Transformer', 'MLP']","[16, 32, 64, 128, 256]","[1, 2, 3, 4]","[0, 0.1, 0.2, 0.3, 0.5]","['relu', 'tanh', 'sigmoid', 'elu']","[1e-05, 0.01]","[2, 3, 4, 5, 6, 7, 8, 9, 10, 11, 12, 13, 14, 15, 16, 17, 18, 19, 20, 21, 22, 23, 24, 25, 26, 27, 28, 29, 30]","[16, 32, 64, 128]","[5, 10, 15, 20]","[2, 3, 5, 7]","[2, 4, 8]",anneal,minimize,local
r5b0fyzd,37,230,1779187860752,,/home/meliani/nni-experiments/r5b0fyzd,12,exp_anneal_50_local_plus_ali_local_plus_ali,hpo,/home/meliani/Desktop/phd/fast-track/search_space.json,python3 trial.py --data ./local_plus_ali.csv,/home/meliani/Desktop/phd/fast-track,1,360000s,50,False,False,info,/home/meliani/nni-experiments,"['LSTM', 'GRU', 'CNN', 'RNN', 'TCN', 'Transformer', 'MLP']","[16, 32, 64, 128, 256]","[1, 2, 3, 4]","[0, 0.1, 0.2, 0.3, 0.5]","['relu', 'tanh', 'sigmoid', 'elu']","[1e-05, 0.01]","[2, 3, 4, 5, 6, 7, 8, 9, 10, 11, 12, 13, 14, 15, 16, 17, 18, 19, 20, 21, 22, 23, 24, 25, 26, 27, 28, 29, 30]","[16, 32, 64, 128]","[5, 10, 15, 20]","[2, 3, 5, 7]","[2, 4, 8]",anneal,minimize,local
r5b0fyzd,38,238,1779187860752,,/home/meliani/nni-experiments/r5b0fyzd,13,exp_anneal_50_local_plus_ali_local_plus_ali,hpo,/home/meliani/Desktop/phd/fast-track/search_space.json,python3 trial.py --data ./local_plus_ali.csv,/home/meliani/Desktop/phd/fast-track,1,360000s,50,False,False,info,/home/meliani/nni-experiments,"['LSTM', 'GRU', 'CNN', 'RNN', 'TCN', 'Transformer', 'MLP']","[16, 32, 64, 128, 256]","[1, 2, 3, 4]","[0, 0.1, 0.2, 0.3, 0.5]","['relu', 'tanh', 'sigmoid', 'elu']","[1e-05, 0.01]","[2, 3, 4, 5, 6, 7, 8, 9, 10, 11, 12, 13, 14, 15, 16, 17, 18, 19, 20, 21, 22, 23, 24, 25, 26, 27, 28, 29, 30]","[16, 32, 64, 128]","[5, 10, 15, 20]","[2, 3, 5, 7]","[2, 4, 8]",anneal,minimize,local
r5b0fyzd,39,240,1779187860752,,/home/meliani/nni-experiments/r5b0fyzd,13,exp_anneal_50_local_plus_ali_local_plus_ali,hpo,/home/meliani/Desktop/phd/fast-track/search_space.json,python3 trial.py --data ./local_plus_ali.csv,/home/meliani/Desktop/phd/fast-track,1,360000s,50,False,False,info,/home/meliani/nni-experiments,"['LSTM', 'GRU', 'CNN', 'RNN', 'TCN', 'Transformer', 'MLP']","[16, 32, 64, 128, 256]","[1, 2, 3, 4]","[0, 0.1, 0.2, 0.3, 0.5]","['relu', 'tanh', 'sigmoid', 'elu']","[1e-05, 0.01]","[2, 3, 4, 5, 6, 7, 8, 9, 10, 11, 12, 13, 14, 15, 16, 17, 18, 19, 20, 21, 22, 23, 24, 25, 26, 27, 28, 29, 30]","[16, 32, 64, 128]","[5, 10, 15, 20]","[2, 3, 5, 7]","[2, 4, 8]",anneal,minimize,local
r5b0fyzd,40,250,1779187860752,,/home/meliani/nni-experiments/r5b0fyzd,13,exp_anneal_50_local_plus_ali_local_plus_ali,hpo,/home/meliani/Desktop/phd/fast-track/search_space.json,python3 trial.py --data ./local_plus_ali.csv,/home/meliani/Desktop/phd/fast-track,1,360000s,50,False,False,info,/home/meliani/nni-experiments,"['LSTM', 'GRU', 'CNN', 'RNN', 'TCN', 'Transformer', 'MLP']","[16, 32, 64, 128, 256]","[1, 2, 3, 4]","[0, 0.1, 0.2, 0.3, 0.5]","['relu', 'tanh', 'sigmoid', 'elu']","[1e-05, 0.01]","[2, 3, 4, 5, 6, 7, 8, 9, 10, 11, 12, 13, 14, 15, 16, 17, 18, 19, 20, 21, 22, 23, 24, 25, 26, 27, 28, 29, 30]","[16, 32, 64, 128]","[5, 10, 15, 20]","[2, 3, 5, 7]","[2, 4, 8]",anneal,minimize,local
r5b0fyzd,41,254,1779187860752,,/home/meliani/nni-experiments/r5b0fyzd,14,exp_anneal_50_local_plus_ali_local_plus_ali,hpo,/home/meliani/Desktop/phd/fast-track/search_space.json,python3 trial.py --data ./local_plus_ali.csv,/home/meliani/Desktop/phd/fast-track,1,360000s,50,False,False,info,/home/meliani/nni-experiments,"['LSTM', 'GRU', 'CNN', 'RNN', 'TCN', 'Transformer', 'MLP']","[16, 32, 64, 128, 256]","[1, 2, 3, 4]","[0, 0.1, 0.2, 0.3, 0.5]","['relu', 'tanh', 'sigmoid', 'elu']","[1e-05, 0.01]","[2, 3, 4, 5, 6, 7, 8, 9, 10, 11, 12, 13, 14, 15, 16, 17, 18, 19, 20, 21, 22, 23, 24, 25, 26, 27, 28, 29, 30]","[16, 32, 64, 128]","[5, 10, 15, 20]","[2, 3, 5, 7]","[2, 4, 8]",anneal,minimize,local
r5b0fyzd,42,260,1779187860752,,/home/meliani/nni-experiments/r5b0fyzd,14,exp_anneal_50_local_plus_ali_local_plus_ali,hpo,/home/meliani/Desktop/phd/fast-track/search_space.json,python3 trial.py --data ./local_plus_ali.csv,/home/meliani/Desktop/phd/fast-track,1,360000s,50,False,False,info,/home/meliani/nni-experiments,"['LSTM', 'GRU', 'CNN', 'RNN', 'TCN', 'Transformer', 'MLP']","[16, 32, 64, 128, 256]","[1, 2, 3, 4]","[0, 0.1, 0.2, 0.3, 0.5]","['relu', 'tanh', 'sigmoid', 'elu']","[1e-05, 0.01]","[2, 3, 4, 5, 6, 7, 8, 9, 10, 11, 12, 13, 14, 15, 16, 17, 18, 19, 20, 21, 22, 23, 24, 25, 26, 27, 28, 29, 30]","[16, 32, 64, 128]","[5, 10, 15, 20]","[2, 3, 5, 7]","[2, 4, 8]",anneal,minimize,local
r5b0fyzd,43,270,1779187860752,,/home/meliani/nni-experiments/r5b0fyzd,14,exp_anneal_50_local_plus_ali_local_plus_ali,hpo,/home/meliani/Desktop/phd/fast-track/search_space.json,python3 trial.py --data ./local_plus_ali.csv,/home/meliani/Desktop/phd/fast-track,1,360000s,50,False,False,info,/home/meliani/nni-experiments,"['LSTM', 'GRU', 'CNN', 'RNN', 'TCN', 'Transformer', 'MLP']","[16, 32, 64, 128, 256]","[1, 2, 3, 4]","[0, 0.1, 0.2, 0.3, 0.5]","['relu', 'tanh', 'sigmoid', 'elu']","[1e-05, 0.01]","[2, 3, 4, 5, 6, 7, 8, 9, 10, 11, 12, 13, 14, 15, 16, 17, 18, 19, 20, 21, 22, 23, 24, 25, 26, 27, 28, 29, 30]","[16, 32, 64, 128]","[5, 10, 15, 20]","[2, 3, 5, 7]","[2, 4, 8]",anneal,minimize,local
r5b0fyzd,44,274,1779187860752,,/home/meliani/nni-experiments/r5b0fyzd,15,exp_anneal_50_local_plus_ali_local_plus_ali,hpo,/home/meliani/Desktop/phd/fast-track/search_space.json,python3 trial.py --data ./local_plus_ali.csv,/home/meliani/Desktop/phd/fast-track,1,360000s,50,False,False,info,/home/meliani/nni-experiments,"['LSTM', 'GRU', 'CNN', 'RNN', 'TCN', 'Transformer', 'MLP']","[16, 32, 64, 128, 256]","[1, 2, 3, 4]","[0, 0.1, 0.2, 0.3, 0.5]","['relu', 'tanh', 'sigmoid', 'elu']","[1e-05, 0.01]","[2, 3, 4, 5, 6, 7, 8, 9, 10, 11, 12, 13, 14, 15, 16, 17, 18, 19, 20, 21, 22, 23, 24, 25, 26, 27, 28, 29, 30]","[16, 32, 64, 128]","[5, 10, 15, 20]","[2, 3, 5, 7]","[2, 4, 8]",anneal,minimize,local
r5b0fyzd,45,280,1779187860752,,/home/meliani/nni-experiments/r5b0fyzd,16,exp_anneal_50_local_plus_ali_local_plus_ali,hpo,/home/meliani/Desktop/phd/fast-track/search_space.json,python3 trial.py --data ./local_plus_ali.csv,/home/meliani/Desktop/phd/fast-track,1,360000s,50,False,False,info,/home/meliani/nni-experiments,"['LSTM', 'GRU', 'CNN', 'RNN', 'TCN', 'Transformer', 'MLP']","[16, 32, 64, 128, 256]","[1, 2, 3, 4]","[0, 0.1, 0.2, 0.3, 0.5]","['relu', 'tanh', 'sigmoid', 'elu']","[1e-05, 0.01]","[2, 3, 4, 5, 6, 7, 8, 9, 10, 11, 12, 13, 14, 15, 16, 17, 18, 19, 20, 21, 22, 23, 24, 25, 26, 27, 28, 29, 30]","[16, 32, 64, 128]","[5, 10, 15, 20]","[2, 3, 5, 7]","[2, 4, 8]",anneal,minimize,local
r5b0fyzd,46,280,1779187860752,,/home/meliani/nni-experiments/r5b0fyzd,16,exp_anneal_50_local_plus_ali_local_plus_ali,hpo,/home/meliani/Desktop/phd/fast-track/search_space.json,python3 trial.py --data ./local_plus_ali.csv,/home/meliani/Desktop/phd/fast-track,1,360000s,50,False,False,info,/home/meliani/nni-experiments,"['LSTM', 'GRU', 'CNN', 'RNN', 'TCN', 'Transformer', 'MLP']","[16, 32, 64, 128, 256]","[1, 2, 3, 4]","[0, 0.1, 0.2, 0.3, 0.5]","['relu', 'tanh', 'sigmoid', 'elu']","[1e-05, 0.01]","[2, 3, 4, 5, 6, 7, 8, 9, 10, 11, 12, 13, 14, 15, 16, 17, 18, 19, 20, 21, 22, 23, 24, 25, 26, 27, 28, 29, 30]","[16, 32, 64, 128]","[5, 10, 15, 20]","[2, 3, 5, 7]","[2, 4, 8]",anneal,minimize,local
r5b0fyzd,47,290,1779187860752,,/home/meliani/nni-experiments/r5b0fyzd,17,exp_anneal_50_local_plus_ali_local_plus_ali,hpo,/home/meliani/Desktop/phd/fast-track/search_space.json,python3 trial.py --data ./local_plus_ali.csv,/home/meliani/Desktop/phd/fast-track,1,360000s,50,False,False,info,/home/meliani/nni-experiments,"['LSTM', 'GRU', 'CNN', 'RNN', 'TCN', 'Transformer', 'MLP']","[16, 32, 64, 128, 256]","[1, 2, 3, 4]","[0, 0.1, 0.2, 0.3, 0.5]","['relu', 'tanh', 'sigmoid', 'elu']","[1e-05, 0.01]","[2, 3, 4, 5, 6, 7, 8, 9, 10, 11, 12, 13, 14, 15, 16, 17, 18, 19, 20, 21, 22, 23, 24, 25, 26, 27, 28, 29, 30]","[16, 32, 64, 128]","[5, 10, 15, 20]","[2, 3, 5, 7]","[2, 4, 8]",anneal,minimize,local
r5b0fyzd,48,290,1779187860752,,/home/meliani/nni-experiments/r5b0fyzd,17,exp_anneal_50_local_plus_ali_local_plus_ali,hpo,/home/meliani/Desktop/phd/fast-track/search_space.json,python3 trial.py --data ./local_plus_ali.csv,/home/meliani/Desktop/phd/fast-track,1,360000s,50,False,False,info,/home/meliani/nni-experiments,"['LSTM', 'GRU', 'CNN', 'RNN', 'TCN', 'Transformer', 'MLP']","[16, 32, 64, 128, 256]","[1, 2, 3, 4]","[0, 0.1, 0.2, 0.3, 0.5]","['relu', 'tanh', 'sigmoid', 'elu']","[1e-05, 0.01]","[2, 3, 4, 5, 6, 7, 8, 9, 10, 11, 12, 13, 14, 15, 16, 17, 18, 19, 20, 21, 22, 23, 24, 25, 26, 27, 28, 29, 30]","[16, 32, 64, 128]","[5, 10, 15, 20]","[2, 3, 5, 7]","[2, 4, 8]",anneal,minimize,local
r5b0fyzd,49,300,1779187860752,,/home/meliani/nni-experiments/r5b0fyzd,17,exp_anneal_50_local_plus_ali_local_plus_ali,hpo,/home/meliani/Desktop/phd/fast-track/search_space.json,python3 trial.py --data ./local_plus_ali.csv,/home/meliani/Desktop/phd/fast-track,1,360000s,50,False,False,info,/home/meliani/nni-experiments,"['LSTM', 'GRU', 'CNN', 'RNN', 'TCN', 'Transformer', 'MLP']","[16, 32, 64, 128, 256]","[1, 2, 3, 4]","[0, 0.1, 0.2, 0.3, 0.5]","['relu', 'tanh', 'sigmoid', 'elu']","[1e-05, 0.01]","[2, 3, 4, 5, 6, 7, 8, 9, 10, 11, 12, 13, 14, 15, 16, 17, 18, 19, 20, 21, 22, 23, 24, 25, 26, 27, 28, 29, 30]","[16, 32, 64, 128]","[5, 10, 15, 20]","[2, 3, 5, 7]","[2, 4, 8]",anneal,minimize,local
r5b0fyzd,50,310,1779187860752,,/home/meliani/nni-experiments/r5b0fyzd,17,exp_anneal_50_local_plus_ali_local_plus_ali,hpo,/home/meliani/Desktop/phd/fast-track/search_space.json,python3 trial.py --data ./local_plus_ali.csv,/home/meliani/Desktop/phd/fast-track,1,360000s,50,False,False,info,/home/meliani/nni-experiments,"['LSTM', 'GRU', 'CNN', 'RNN', 'TCN', 'Transformer', 'MLP']","[16, 32, 64, 128, 256]","[1, 2, 3, 4]","[0, 0.1, 0.2, 0.3, 0.5]","['relu', 'tanh', 'sigmoid', 'elu']","[1e-05, 0.01]","[2, 3, 4, 5, 6, 7, 8, 9, 10, 11, 12, 13, 14, 15, 16, 17, 18, 19, 20, 21, 22, 23, 24, 25, 26, 27, 28, 29, 30]","[16, 32, 64, 128]","[5, 10, 15, 20]","[2, 3, 5, 7]","[2, 4, 8]",anneal,minimize,local
r5b0fyzd,51,320,1779187860752,,/home/meliani/nni-experiments/r5b0fyzd,17,exp_anneal_50_local_plus_ali_local_plus_ali,hpo,/home/meliani/Desktop/phd/fast-track/search_space.json,python3 trial.py --data ./local_plus_ali.csv,/home/meliani/Desktop/phd/fast-track,1,360000s,50,False,False,info,/home/meliani/nni-experiments,"['LSTM', 'GRU', 'CNN', 'RNN', 'TCN', 'Transformer', 'MLP']","[16, 32, 64, 128, 256]","[1, 2, 3, 4]","[0, 0.1, 0.2, 0.3, 0.5]","['relu', 'tanh', 'sigmoid', 'elu']","[1e-05, 0.01]","[2, 3, 4, 5, 6, 7, 8, 9, 10, 11, 12, 13, 14, 15, 16, 17, 18, 19, 20, 21, 22, 23, 24, 25, 26, 27, 28, 29, 30]","[16, 32, 64, 128]","[5, 10, 15, 20]","[2, 3, 5, 7]","[2, 4, 8]",anneal,minimize,local
r5b0fyzd,52,328,1779187860752,,/home/meliani/nni-experiments/r5b0fyzd,18,exp_anneal_50_local_plus_ali_local_plus_ali,hpo,/home/meliani/Desktop/phd/fast-track/search_space.json,python3 trial.py --data ./local_plus_ali.csv,/home/meliani/Desktop/phd/fast-track,1,360000s,50,False,False,info,/home/meliani/nni-experiments,"['LSTM', 'GRU', 'CNN', 'RNN', 'TCN', 'Transformer', 'MLP']","[16, 32, 64, 128, 256]","[1, 2, 3, 4]","[0, 0.1, 0.2, 0.3, 0.5]","['relu', 'tanh', 'sigmoid', 'elu']","[1e-05, 0.01]","[2, 3, 4, 5, 6, 7, 8, 9, 10, 11, 12, 13, 14, 15, 16, 17, 18, 19, 20, 21, 22, 23, 24, 25, 26, 27, 28, 29, 30]","[16, 32, 64, 128]","[5, 10, 15, 20]","[2, 3, 5, 7]","[2, 4, 8]",anneal,minimize,local
r5b0fyzd,53,330,1779187860752,,/home/meliani/nni-experiments/r5b0fyzd,18,exp_anneal_50_local_plus_ali_local_plus_ali,hpo,/home/meliani/Desktop/phd/fast-track/search_space.json,python3 trial.py --data ./local_plus_ali.csv,/home/meliani/Desktop/phd/fast-track,1,360000s,50,False,False,info,/home/meliani/nni-experiments,"['LSTM', 'GRU', 'CNN', 'RNN', 'TCN', 'Transformer', 'MLP']","[16, 32, 64, 128, 256]","[1, 2, 3, 4]","[0, 0.1, 0.2, 0.3, 0.5]","['relu', 'tanh', 'sigmoid', 'elu']","[1e-05, 0.01]","[2, 3, 4, 5, 6, 7, 8, 9, 10, 11, 12, 13, 14, 15, 16, 17, 18, 19, 20, 21, 22, 23, 24, 25, 26, 27, 28, 29, 30]","[16, 32, 64, 128]","[5, 10, 15, 20]","[2, 3, 5, 7]","[2, 4, 8]",anneal,minimize,local
r5b0fyzd,54,332,1779187860752,,/home/meliani/nni-experiments/r5b0fyzd,19,exp_anneal_50_local_plus_ali_local_plus_ali,hpo,/home/meliani/Desktop/phd/fast-track/search_space.json,python3 trial.py --data ./local_plus_ali.csv,/home/meliani/Desktop/phd/fast-track,1,360000s,50,False,False,info,/home/meliani/nni-experiments,"['LSTM', 'GRU', 'CNN', 'RNN', 'TCN', 'Transformer', 'MLP']","[16, 32, 64, 128, 256]","[1, 2, 3, 4]","[0, 0.1, 0.2, 0.3, 0.5]","['relu', 'tanh', 'sigmoid', 'elu']","[1e-05, 0.01]","[2, 3, 4, 5, 6, 7, 8, 9, 10, 11, 12, 13, 14, 15, 16, 17, 18, 19, 20, 21, 22, 23, 24, 25, 26, 27, 28, 29, 30]","[16, 32, 64, 128]","[5, 10, 15, 20]","[2, 3, 5, 7]","[2, 4, 8]",anneal,minimize,local
r5b0fyzd,55,340,1779187860752,,/home/meliani/nni-experiments/r5b0fyzd,19,exp_anneal_50_local_plus_ali_local_plus_ali,hpo,/home/meliani/Desktop/phd/fast-track/search_space.json,python3 trial.py --data ./local_plus_ali.csv,/home/meliani/Desktop/phd/fast-track,1,360000s,50,False,False,info,/home/meliani/nni-experiments,"['LSTM', 'GRU', 'CNN', 'RNN', 'TCN', 'Transformer', 'MLP']","[16, 32, 64, 128, 256]","[1, 2, 3, 4]","[0, 0.1, 0.2, 0.3, 0.5]","['relu', 'tanh', 'sigmoid', 'elu']","[1e-05, 0.01]","[2, 3, 4, 5, 6, 7, 8, 9, 10, 11, 12, 13, 14, 15, 16, 17, 18, 19, 20, 21, 22, 23, 24, 25, 26, 27, 28, 29, 30]","[16, 32, 64, 128]","[5, 10, 15, 20]","[2, 3, 5, 7]","[2, 4, 8]",anneal,minimize,local
r5b0fyzd,56,350,1779187860752,,/home/meliani/nni-experiments/r5b0fyzd,19,exp_anneal_50_local_plus_ali_local_plus_ali,hpo,/home/meliani/Desktop/phd/fast-track/search_space.json,python3 trial.py --data ./local_plus_ali.csv,/home/meliani/Desktop/phd/fast-track,1,360000s,50,False,False,info,/home/meliani/nni-experiments,"['LSTM', 'GRU', 'CNN', 'RNN', 'TCN', 'Transformer', 'MLP']","[16, 32, 64, 128, 256]","[1, 2, 3, 4]","[0, 0.1, 0.2, 0.3, 0.5]","['relu', 'tanh', 'sigmoid', 'elu']","[1e-05, 0.01]","[2, 3, 4, 5, 6, 7, 8, 9, 10, 11, 12, 13, 14, 15, 16, 17, 18, 19, 20, 21, 22, 23, 24, 25, 26, 27, 28, 29, 30]","[16, 32, 64, 128]","[5, 10, 15, 20]","[2, 3, 5, 7]","[2, 4, 8]",anneal,minimize,local
r5b0fyzd,57,360,1779187860752,,/home/meliani/nni-experiments/r5b0fyzd,19,exp_anneal_50_local_plus_ali_local_plus_ali,hpo,/home/meliani/Desktop/phd/fast-track/search_space.json,python3 trial.py --data ./local_plus_ali.csv,/home/meliani/Desktop/phd/fast-track,1,360000s,50,False,False,info,/home/meliani/nni-experiments,"['LSTM', 'GRU', 'CNN', 'RNN', 'TCN', 'Transformer', 'MLP']","[16, 32, 64, 128, 256]","[1, 2, 3, 4]","[0, 0.1, 0.2, 0.3, 0.5]","['relu', 'tanh', 'sigmoid', 'elu']","[1e-05, 0.01]","[2, 3, 4, 5, 6, 7, 8, 9, 10, 11, 12, 13, 14, 15, 16, 17, 18, 19, 20, 21, 22, 23, 24, 25, 26, 27, 28, 29, 30]","[16, 32, 64, 128]","[5, 10, 15, 20]","[2, 3, 5, 7]","[2, 4, 8]",anneal,minimize,local
r5b0fyzd,58,361,1779187860752,,/home/meliani/nni-experiments/r5b0fyzd,20,exp_anneal_50_local_plus_ali_local_plus_ali,hpo,/home/meliani/Desktop/phd/fast-track/search_space.json,python3 trial.py --data ./local_plus_ali.csv,/home/meliani/Desktop/phd/fast-track,1,360000s,50,False,False,info,/home/meliani/nni-experiments,"['LSTM', 'GRU', 'CNN', 'RNN', 'TCN', 'Transformer', 'MLP']","[16, 32, 64, 128, 256]","[1, 2, 3, 4]","[0, 0.1, 0.2, 0.3, 0.5]","['relu', 'tanh', 'sigmoid', 'elu']","[1e-05, 0.01]","[2, 3, 4, 5, 6, 7, 8, 9, 10, 11, 12, 13, 14, 15, 16, 17, 18, 19, 20, 21, 22, 23, 24, 25, 26, 27, 28, 29, 30]","[16, 32, 64, 128]","[5, 10, 15, 20]","[2, 3, 5, 7]","[2, 4, 8]",anneal,minimize,local
r5b0fyzd,59,370,1779187860752,,/home/meliani/nni-experiments/r5b0fyzd,20,exp_anneal_50_local_plus_ali_local_plus_ali,hpo,/home/meliani/Desktop/phd/fast-track/search_space.json,python3 trial.py --data ./local_plus_ali.csv,/home/meliani/Desktop/phd/fast-track,1,360000s,50,False,False,info,/home/meliani/nni-experiments,"['LSTM', 'GRU', 'CNN', 'RNN', 'TCN', 'Transformer', 'MLP']","[16, 32, 64, 128, 256]","[1, 2, 3, 4]","[0, 0.1, 0.2, 0.3, 0.5]","['relu', 'tanh', 'sigmoid', 'elu']","[1e-05, 0.01]","[2, 3, 4, 5, 6, 7, 8, 9, 10, 11, 12, 13, 14, 15, 16, 17, 18, 19, 20, 21, 22, 23, 24, 25, 26, 27, 28, 29, 30]","[16, 32, 64, 128]","[5, 10, 15, 20]","[2, 3, 5, 7]","[2, 4, 8]",anneal,minimize,local
r5b0fyzd,60,372,1779187860752,,/home/meliani/nni-experiments/r5b0fyzd,21,exp_anneal_50_local_plus_ali_local_plus_ali,hpo,/home/meliani/Desktop/phd/fast-track/search_space.json,python3 trial.py --data ./local_plus_ali.csv,/home/meliani/Desktop/phd/fast-track,1,360000s,50,False,False,info,/home/meliani/nni-experiments,"['LSTM', 'GRU', 'CNN', 'RNN', 'TCN', 'Transformer', 'MLP']","[16, 32, 64, 128, 256]","[1, 2, 3, 4]","[0, 0.1, 0.2, 0.3, 0.5]","['relu', 'tanh', 'sigmoid', 'elu']","[1e-05, 0.01]","[2, 3, 4, 5, 6, 7, 8, 9, 10, 11, 12, 13, 14, 15, 16, 17, 18, 19, 20, 21, 22, 23, 24, 25, 26, 27, 28, 29, 30]","[16, 32, 64, 128]","[5, 10, 15, 20]","[2, 3, 5, 7]","[2, 4, 8]",anneal,minimize,local
r5b0fyzd,61,380,1779187860752,,/home/meliani/nni-experiments/r5b0fyzd,21,exp_anneal_50_local_plus_ali_local_plus_ali,hpo,/home/meliani/Desktop/phd/fast-track/search_space.json,python3 trial.py --data ./local_plus_ali.csv,/home/meliani/Desktop/phd/fast-track,1,360000s,50,False,False,info,/home/meliani/nni-experiments,"['LSTM', 'GRU', 'CNN', 'RNN', 'TCN', 'Transformer', 'MLP']","[16, 32, 64, 128, 256]","[1, 2, 3, 4]","[0, 0.1, 0.2, 0.3, 0.5]","['relu', 'tanh', 'sigmoid', 'elu']","[1e-05, 0.01]","[2, 3, 4, 5, 6, 7, 8, 9, 10, 11, 12, 13, 14, 15, 16, 17, 18, 19, 20, 21, 22, 23, 24, 25, 26, 27, 28, 29, 30]","[16, 32, 64, 128]","[5, 10, 15, 20]","[2, 3, 5, 7]","[2, 4, 8]",anneal,minimize,local
r5b0fyzd,62,381,1779187860752,,/home/meliani/nni-experiments/r5b0fyzd,22,exp_anneal_50_local_plus_ali_local_plus_ali,hpo,/home/meliani/Desktop/phd/fast-track/search_space.json,python3 trial.py --data ./local_plus_ali.csv,/home/meliani/Desktop/phd/fast-track,1,360000s,50,False,False,info,/home/meliani/nni-experiments,"['LSTM', 'GRU', 'CNN', 'RNN', 'TCN', 'Transformer', 'MLP']","[16, 32, 64, 128, 256]","[1, 2, 3, 4]","[0, 0.1, 0.2, 0.3, 0.5]","['relu', 'tanh', 'sigmoid', 'elu']","[1e-05, 0.01]","[2, 3, 4, 5, 6, 7, 8, 9, 10, 11, 12, 13, 14, 15, 16, 17, 18, 19, 20, 21, 22, 23, 24, 25, 26, 27, 28, 29, 30]","[16, 32, 64, 128]","[5, 10, 15, 20]","[2, 3, 5, 7]","[2, 4, 8]",anneal,minimize,local
r5b0fyzd,63,390,1779187860752,,/home/meliani/nni-experiments/r5b0fyzd,22,exp_anneal_50_local_plus_ali_local_plus_ali,hpo,/home/meliani/Desktop/phd/fast-track/search_space.json,python3 trial.py --data ./local_plus_ali.csv,/home/meliani/Desktop/phd/fast-track,1,360000s,50,False,False,info,/home/meliani/nni-experiments,"['LSTM', 'GRU', 'CNN', 'RNN', 'TCN', 'Transformer', 'MLP']","[16, 32, 64, 128, 256]","[1, 2, 3, 4]","[0, 0.1, 0.2, 0.3, 0.5]","['relu', 'tanh', 'sigmoid', 'elu']","[1e-05, 0.01]","[2, 3, 4, 5, 6, 7, 8, 9, 10, 11, 12, 13, 14, 15, 16, 17, 18, 19, 20, 21, 22, 23, 24, 25, 26, 27, 28, 29, 30]","[16, 32, 64, 128]","[5, 10, 15, 20]","[2, 3, 5, 7]","[2, 4, 8]",anneal,minimize,local
r5b0fyzd,64,400,1779187860752,,/home/meliani/nni-experiments/r5b0fyzd,22,exp_anneal_50_local_plus_ali_local_plus_ali,hpo,/home/meliani/Desktop/phd/fast-track/search_space.json,python3 trial.py --data ./local_plus_ali.csv,/home/meliani/Desktop/phd/fast-track,1,360000s,50,False,False,info,/home/meliani/nni-experiments,"['LSTM', 'GRU', 'CNN', 'RNN', 'TCN', 'Transformer', 'MLP']","[16, 32, 64, 128, 256]","[1, 2, 3, 4]","[0, 0.1, 0.2, 0.3, 0.5]","['relu', 'tanh', 'sigmoid', 'elu']","[1e-05, 0.01]","[2, 3, 4, 5, 6, 7, 8, 9, 10, 11, 12, 13, 14, 15, 16, 17, 18, 19, 20, 21, 22, 23, 24, 25, 26, 27, 28, 29, 30]","[16, 32, 64, 128]","[5, 10, 15, 20]","[2, 3, 5, 7]","[2, 4, 8]",anneal,minimize,local
r5b0fyzd,65,410,1779187860752,,/home/meliani/nni-experiments/r5b0fyzd,22,exp_anneal_50_local_plus_ali_local_plus_ali,hpo,/home/meliani/Desktop/phd/fast-track/search_space.json,python3 trial.py --data ./local_plus_ali.csv,/home/meliani/Desktop/phd/fast-track,1,360000s,50,False,False,info,/home/meliani/nni-experiments,"['LSTM', 'GRU', 'CNN', 'RNN', 'TCN', 'Transformer', 'MLP']","[16, 32, 64, 128, 256]","[1, 2, 3, 4]","[0, 0.1, 0.2, 0.3, 0.5]","['relu', 'tanh', 'sigmoid', 'elu']","[1e-05, 0.01]","[2, 3, 4, 5, 6, 7, 8, 9, 10, 11, 12, 13, 14, 15, 16, 17, 18, 19, 20, 21, 22, 23, 24, 25, 26, 27, 28, 29, 30]","[16, 32, 64, 128]","[5, 10, 15, 20]","[2, 3, 5, 7]","[2, 4, 8]",anneal,minimize,local
r5b0fyzd,66,420,1779187860752,,/home/meliani/nni-experiments/r5b0fyzd,22,exp_anneal_50_local_plus_ali_local_plus_ali,hpo,/home/meliani/Desktop/phd/fast-track/search_space.json,python3 trial.py --data ./local_plus_ali.csv,/home/meliani/Desktop/phd/fast-track,1,360000s,50,False,False,info,/home/meliani/nni-experiments,"['LSTM', 'GRU', 'CNN', 'RNN', 'TCN', 'Transformer', 'MLP']","[16, 32, 64, 128, 256]","[1, 2, 3, 4]","[0, 0.1, 0.2, 0.3, 0.5]","['relu', 'tanh', 'sigmoid', 'elu']","[1e-05, 0.01]","[2, 3, 4, 5, 6, 7, 8, 9, 10, 11, 12, 13, 14, 15, 16, 17, 18, 19, 20, 21, 22, 23, 24, 25, 26, 27, 28, 29, 30]","[16, 32, 64, 128]","[5, 10, 15, 20]","[2, 3, 5, 7]","[2, 4, 8]",anneal,minimize,local
r5b0fyzd,67,430,1779187860752,,/home/meliani/nni-experiments/r5b0fyzd,22,exp_anneal_50_local_plus_ali_local_plus_ali,hpo,/home/meliani/Desktop/phd/fast-track/search_space.json,python3 trial.py --data ./local_plus_ali.csv,/home/meliani/Desktop/phd/fast-track,1,360000s,50,False,False,info,/home/meliani/nni-experiments,"['LSTM', 'GRU', 'CNN', 'RNN', 'TCN', 'Transformer', 'MLP']","[16, 32, 64, 128, 256]","[1, 2, 3, 4]","[0, 0.1, 0.2, 0.3, 0.5]","['relu', 'tanh', 'sigmoid', 'elu']","[1e-05, 0.01]","[2, 3, 4, 5, 6, 7, 8, 9, 10, 11, 12, 13, 14, 15, 16, 17, 18, 19, 20, 21, 22, 23, 24, 25, 26, 27, 28, 29, 30]","[16, 32, 64, 128]","[5, 10, 15, 20]","[2, 3, 5, 7]","[2, 4, 8]",anneal,minimize,local
r5b0fyzd,68,440,1779187860752,,/home/meliani/nni-experiments/r5b0fyzd,22,exp_anneal_50_local_plus_ali_local_plus_ali,hpo,/home/meliani/Desktop/phd/fast-track/search_space.json,python3 trial.py --data ./local_plus_ali.csv,/home/meliani/Desktop/phd/fast-track,1,360000s,50,False,False,info,/home/meliani/nni-experiments,"['LSTM', 'GRU', 'CNN', 'RNN', 'TCN', 'Transformer', 'MLP']","[16, 32, 64, 128, 256]","[1, 2, 3, 4]","[0, 0.1, 0.2, 0.3, 0.5]","['relu', 'tanh', 'sigmoid', 'elu']","[1e-05, 0.01]","[2, 3, 4, 5, 6, 7, 8, 9, 10, 11, 12, 13, 14, 15, 16, 17, 18, 19, 20, 21, 22, 23, 24, 25, 26, 27, 28, 29, 30]","[16, 32, 64, 128]","[5, 10, 15, 20]","[2, 3, 5, 7]","[2, 4, 8]",anneal,minimize,local
r5b0fyzd,69,450,1779187860752,,/home/meliani/nni-experiments/r5b0fyzd,22,exp_anneal_50_local_plus_ali_local_plus_ali,hpo,/home/meliani/Desktop/phd/fast-track/search_space.json,python3 trial.py --data ./local_plus_ali.csv,/home/meliani/Desktop/phd/fast-track,1,360000s,50,False,False,info,/home/meliani/nni-experiments,"['LSTM', 'GRU', 'CNN', 'RNN', 'TCN', 'Transformer', 'MLP']","[16, 32, 64, 128, 256]","[1, 2, 3, 4]","[0, 0.1, 0.2, 0.3, 0.5]","['relu', 'tanh', 'sigmoid', 'elu']","[1e-05, 0.01]","[2, 3, 4, 5, 6, 7, 8, 9, 10, 11, 12, 13, 14, 15, 16, 17, 18, 19, 20, 21, 22, 23, 24, 25, 26, 27, 28, 29, 30]","[16, 32, 64, 128]","[5, 10, 15, 20]","[2, 3, 5, 7]","[2, 4, 8]",anneal,minimize,local
r5b0fyzd,70,460,1779187860752,,/home/meliani/nni-experiments/r5b0fyzd,22,exp_anneal_50_local_plus_ali_local_plus_ali,hpo,/home/meliani/Desktop/phd/fast-track/search_space.json,python3 trial.py --data ./local_plus_ali.csv,/home/meliani/Desktop/phd/fast-track,1,360000s,50,False,False,info,/home/meliani/nni-experiments,"['LSTM', 'GRU', 'CNN', 'RNN', 'TCN', 'Transformer', 'MLP']","[16, 32, 64, 128, 256]","[1, 2, 3, 4]","[0, 0.1, 0.2, 0.3, 0.5]","['relu', 'tanh', 'sigmoid', 'elu']","[1e-05, 0.01]","[2, 3, 4, 5, 6, 7, 8, 9, 10, 11, 12, 13, 14, 15, 16, 17, 18, 19, 20, 21, 22, 23, 24, 25, 26, 27, 28, 29, 30]","[16, 32, 64, 128]","[5, 10, 15, 20]","[2, 3, 5, 7]","[2, 4, 8]",anneal,minimize,local
r5b0fyzd,71,466,1779187860752,,/home/meliani/nni-experiments/r5b0fyzd,23,exp_anneal_50_local_plus_ali_local_plus_ali,hpo,/home/meliani/Desktop/phd/fast-track/search_space.json,python3 trial.py --data ./local_plus_ali.csv,/home/meliani/Desktop/phd/fast-track,1,360000s,50,False,False,info,/home/meliani/nni-experiments,"['LSTM', 'GRU', 'CNN', 'RNN', 'TCN', 'Transformer', 'MLP']","[16, 32, 64, 128, 256]","[1, 2, 3, 4]","[0, 0.1, 0.2, 0.3, 0.5]","['relu', 'tanh', 'sigmoid', 'elu']","[1e-05, 0.01]","[2, 3, 4, 5, 6, 7, 8, 9, 10, 11, 12, 13, 14, 15, 16, 17, 18, 19, 20, 21, 22, 23, 24, 25, 26, 27, 28, 29, 30]","[16, 32, 64, 128]","[5, 10, 15, 20]","[2, 3, 5, 7]","[2, 4, 8]",anneal,minimize,local
r5b0fyzd,72,470,1779187860752,,/home/meliani/nni-experiments/r5b0fyzd,23,exp_anneal_50_local_plus_ali_local_plus_ali,hpo,/home/meliani/Desktop/phd/fast-track/search_space.json,python3 trial.py --data ./local_plus_ali.csv,/home/meliani/Desktop/phd/fast-track,1,360000s,50,False,False,info,/home/meliani/nni-experiments,"['LSTM', 'GRU', 'CNN', 'RNN', 'TCN', 'Transformer', 'MLP']","[16, 32, 64, 128, 256]","[1, 2, 3, 4]","[0, 0.1, 0.2, 0.3, 0.5]","['relu', 'tanh', 'sigmoid', 'elu']","[1e-05, 0.01]","[2, 3, 4, 5, 6, 7, 8, 9, 10, 11, 12, 13, 14, 15, 16, 17, 18, 19, 20, 21, 22, 23, 24, 25, 26, 27, 28, 29, 30]","[16, 32, 64, 128]","[5, 10, 15, 20]","[2, 3, 5, 7]","[2, 4, 8]",anneal,minimize,local
r5b0fyzd,73,480,1779187860752,,/home/meliani/nni-experiments/r5b0fyzd,23,exp_anneal_50_local_plus_ali_local_plus_ali,hpo,/home/meliani/Desktop/phd/fast-track/search_space.json,python3 trial.py --data ./local_plus_ali.csv,/home/meliani/Desktop/phd/fast-track,1,360000s,50,False,False,info,/home/meliani/nni-experiments,"['LSTM', 'GRU', 'CNN', 'RNN', 'TCN', 'Transformer', 'MLP']","[16, 32, 64, 128, 256]","[1, 2, 3, 4]","[0, 0.1, 0.2, 0.3, 0.5]","['relu', 'tanh', 'sigmoid', 'elu']","[1e-05, 0.01]","[2, 3, 4, 5, 6, 7, 8, 9, 10, 11, 12, 13, 14, 15, 16, 17, 18, 19, 20, 21, 22, 23, 24, 25, 26, 27, 28, 29, 30]","[16, 32, 64, 128]","[5, 10, 15, 20]","[2, 3, 5, 7]","[2, 4, 8]",anneal,minimize,local
r5b0fyzd,74,489,1779187860752,,/home/meliani/nni-experiments/r5b0fyzd,24,exp_anneal_50_local_plus_ali_local_plus_ali,hpo,/home/meliani/Desktop/phd/fast-track/search_space.json,python3 trial.py --data ./local_plus_ali.csv,/home/meliani/Desktop/phd/fast-track,1,360000s,50,False,False,info,/home/meliani/nni-experiments,"['LSTM', 'GRU', 'CNN', 'RNN', 'TCN', 'Transformer', 'MLP']","[16, 32, 64, 128, 256]","[1, 2, 3, 4]","[0, 0.1, 0.2, 0.3, 0.5]","['relu', 'tanh', 'sigmoid', 'elu']","[1e-05, 0.01]","[2, 3, 4, 5, 6, 7, 8, 9, 10, 11, 12, 13, 14, 15, 16, 17, 18, 19, 20, 21, 22, 23, 24, 25, 26, 27, 28, 29, 30]","[16, 32, 64, 128]","[5, 10, 15, 20]","[2, 3, 5, 7]","[2, 4, 8]",anneal,minimize,local
r5b0fyzd,75,490,1779187860752,,/home/meliani/nni-experiments/r5b0fyzd,24,exp_anneal_50_local_plus_ali_local_plus_ali,hpo,/home/meliani/Desktop/phd/fast-track/search_space.json,python3 trial.py --data ./local_plus_ali.csv,/home/meliani/Desktop/phd/fast-track,1,360000s,50,False,False,info,/home/meliani/nni-experiments,"['LSTM', 'GRU', 'CNN', 'RNN', 'TCN', 'Transformer', 'MLP']","[16, 32, 64, 128, 256]","[1, 2, 3, 4]","[0, 0.1, 0.2, 0.3, 0.5]","['relu', 'tanh', 'sigmoid', 'elu']","[1e-05, 0.01]","[2, 3, 4, 5, 6, 7, 8, 9, 10, 11, 12, 13, 14, 15, 16, 17, 18, 19, 20, 21, 22, 23, 24, 25, 26, 27, 28, 29, 30]","[16, 32, 64, 128]","[5, 10, 15, 20]","[2, 3, 5, 7]","[2, 4, 8]",anneal,minimize,local
r5b0fyzd,76,500,1779187860752,,/home/meliani/nni-experiments/r5b0fyzd,24,exp_anneal_50_local_plus_ali_local_plus_ali,hpo,/home/meliani/Desktop/phd/fast-track/search_space.json,python3 trial.py --data ./local_plus_ali.csv,/home/meliani/Desktop/phd/fast-track,1,360000s,50,False,False,info,/home/meliani/nni-experiments,"['LSTM', 'GRU', 'CNN', 'RNN', 'TCN', 'Transformer', 'MLP']","[16, 32, 64, 128, 256]","[1, 2, 3, 4]","[0, 0.1, 0.2, 0.3, 0.5]","['relu', 'tanh', 'sigmoid', 'elu']","[1e-05, 0.01]","[2, 3, 4, 5, 6, 7, 8, 9, 10, 11, 12, 13, 14, 15, 16, 17, 18, 19, 20, 21, 22, 23, 24, 25, 26, 27, 28, 29, 30]","[16, 32, 64, 128]","[5, 10, 15, 20]","[2, 3, 5, 7]","[2, 4, 8]",anneal,minimize,local
r5b0fyzd,77,510,1779187860752,,/home/meliani/nni-experiments/r5b0fyzd,24,exp_anneal_50_local_plus_ali_local_plus_ali,hpo,/home/meliani/Desktop/phd/fast-track/search_space.json,python3 trial.py --data ./local_plus_ali.csv,/home/meliani/Desktop/phd/fast-track,1,360000s,50,False,False,info,/home/meliani/nni-experiments,"['LSTM', 'GRU', 'CNN', 'RNN', 'TCN', 'Transformer', 'MLP']","[16, 32, 64, 128, 256]","[1, 2, 3, 4]","[0, 0.1, 0.2, 0.3, 0.5]","['relu', 'tanh', 'sigmoid', 'elu']","[1e-05, 0.01]","[2, 3, 4, 5, 6, 7, 8, 9, 10, 11, 12, 13, 14, 15, 16, 17, 18, 19, 20, 21, 22, 23, 24, 25, 26, 27, 28, 29, 30]","[16, 32, 64, 128]","[5, 10, 15, 20]","[2, 3, 5, 7]","[2, 4, 8]",anneal,minimize,local
r5b0fyzd,78,520,1779187860752,,/home/meliani/nni-experiments/r5b0fyzd,24,exp_anneal_50_local_plus_ali_local_plus_ali,hpo,/home/meliani/Desktop/phd/fast-track/search_space.json,python3 trial.py --data ./local_plus_ali.csv,/home/meliani/Desktop/phd/fast-track,1,360000s,50,False,False,info,/home/meliani/nni-experiments,"['LSTM', 'GRU', 'CNN', 'RNN', 'TCN', 'Transformer', 'MLP']","[16, 32, 64, 128, 256]","[1, 2, 3, 4]","[0, 0.1, 0.2, 0.3, 0.5]","['relu', 'tanh', 'sigmoid', 'elu']","[1e-05, 0.01]","[2, 3, 4, 5, 6, 7, 8, 9, 10, 11, 12, 13, 14, 15, 16, 17, 18, 19, 20, 21, 22, 23, 24, 25, 26, 27, 28, 29, 30]","[16, 32, 64, 128]","[5, 10, 15, 20]","[2, 3, 5, 7]","[2, 4, 8]",anneal,minimize,local
r5b0fyzd,79,530,1779187860752,,/home/meliani/nni-experiments/r5b0fyzd,24,exp_anneal_50_local_plus_ali_local_plus_ali,hpo,/home/meliani/Desktop/phd/fast-track/search_space.json,python3 trial.py --data ./local_plus_ali.csv,/home/meliani/Desktop/phd/fast-track,1,360000s,50,False,False,info,/home/meliani/nni-experiments,"['LSTM', 'GRU', 'CNN', 'RNN', 'TCN', 'Transformer', 'MLP']","[16, 32, 64, 128, 256]","[1, 2, 3, 4]","[0, 0.1, 0.2, 0.3, 0.5]","['relu', 'tanh', 'sigmoid', 'elu']","[1e-05, 0.01]","[2, 3, 4, 5, 6, 7, 8, 9, 10, 11, 12, 13, 14, 15, 16, 17, 18, 19, 20, 21, 22, 23, 24, 25, 26, 27, 28, 29, 30]","[16, 32, 64, 128]","[5, 10, 15, 20]","[2, 3, 5, 7]","[2, 4, 8]",anneal,minimize,local
r5b0fyzd,80,540,1779187860752,,/home/meliani/nni-experiments/r5b0fyzd,24,exp_anneal_50_local_plus_ali_local_plus_ali,hpo,/home/meliani/Desktop/phd/fast-track/search_space.json,python3 trial.py --data ./local_plus_ali.csv,/home/meliani/Desktop/phd/fast-track,1,360000s,50,False,False,info,/home/meliani/nni-experiments,"['LSTM', 'GRU', 'CNN', 'RNN', 'TCN', 'Transformer', 'MLP']","[16, 32, 64, 128, 256]","[1, 2, 3, 4]","[0, 0.1, 0.2, 0.3, 0.5]","['relu', 'tanh', 'sigmoid', 'elu']","[1e-05, 0.01]","[2, 3, 4, 5, 6, 7, 8, 9, 10, 11, 12, 13, 14, 15, 16, 17, 18, 19, 20, 21, 22, 23, 24, 25, 26, 27, 28, 29, 30]","[16, 32, 64, 128]","[5, 10, 15, 20]","[2, 3, 5, 7]","[2, 4, 8]",anneal,minimize,local
r5b0fyzd,81,550,1779187860752,,/home/meliani/nni-experiments/r5b0fyzd,25,exp_anneal_50_local_plus_ali_local_plus_ali,hpo,/home/meliani/Desktop/phd/fast-track/search_space.json,python3 trial.py --data ./local_plus_ali.csv,/home/meliani/Desktop/phd/fast-track,1,360000s,50,False,False,info,/home/meliani/nni-experiments,"['LSTM', 'GRU', 'CNN', 'RNN', 'TCN', 'Transformer', 'MLP']","[16, 32, 64, 128, 256]","[1, 2, 3, 4]","[0, 0.1, 0.2, 0.3, 0.5]","['relu', 'tanh', 'sigmoid', 'elu']","[1e-05, 0.01]","[2, 3, 4, 5, 6, 7, 8, 9, 10, 11, 12, 13, 14, 15, 16, 17, 18, 19, 20, 21, 22, 23, 24, 25, 26, 27, 28, 29, 30]","[16, 32, 64, 128]","[5, 10, 15, 20]","[2, 3, 5, 7]","[2, 4, 8]",anneal,minimize,local
r5b0fyzd,82,550,1779187860752,,/home/meliani/nni-experiments/r5b0fyzd,25,exp_anneal_50_local_plus_ali_local_plus_ali,hpo,/home/meliani/Desktop/phd/fast-track/search_space.json,python3 trial.py --data ./local_plus_ali.csv,/home/meliani/Desktop/phd/fast-track,1,360000s,50,False,False,info,/home/meliani/nni-experiments,"['LSTM', 'GRU', 'CNN', 'RNN', 'TCN', 'Transformer', 'MLP']","[16, 32, 64, 128, 256]","[1, 2, 3, 4]","[0, 0.1, 0.2, 0.3, 0.5]","['relu', 'tanh', 'sigmoid', 'elu']","[1e-05, 0.01]","[2, 3, 4, 5, 6, 7, 8, 9, 10, 11, 12, 13, 14, 15, 16, 17, 18, 19, 20, 21, 22, 23, 24, 25, 26, 27, 28, 29, 30]","[16, 32, 64, 128]","[5, 10, 15, 20]","[2, 3, 5, 7]","[2, 4, 8]",anneal,minimize,local
r5b0fyzd,83,560,1779187860752,,/home/meliani/nni-experiments/r5b0fyzd,25,exp_anneal_50_local_plus_ali_local_plus_ali,hpo,/home/meliani/Desktop/phd/fast-track/search_space.json,python3 trial.py --data ./local_plus_ali.csv,/home/meliani/Desktop/phd/fast-track,1,360000s,50,False,False,info,/home/meliani/nni-experiments,"['LSTM', 'GRU', 'CNN', 'RNN', 'TCN', 'Transformer', 'MLP']","[16, 32, 64, 128, 256]","[1, 2, 3, 4]","[0, 0.1, 0.2, 0.3, 0.5]","['relu', 'tanh', 'sigmoid', 'elu']","[1e-05, 0.01]","[2, 3, 4, 5, 6, 7, 8, 9, 10, 11, 12, 13, 14, 15, 16, 17, 18, 19, 20, 21, 22, 23, 24, 25, 26, 27, 28, 29, 30]","[16, 32, 64, 128]","[5, 10, 15, 20]","[2, 3, 5, 7]","[2, 4, 8]",anneal,minimize,local
r5b0fyzd,84,566,1779187860752,,/home/meliani/nni-experiments/r5b0fyzd,26,exp_anneal_50_local_plus_ali_local_plus_ali,hpo,/home/meliani/Desktop/phd/fast-track/search_space.json,python3 trial.py --data ./local_plus_ali.csv,/home/meliani/Desktop/phd/fast-track,1,360000s,50,False,False,info,/home/meliani/nni-experiments,"['LSTM', 'GRU', 'CNN', 'RNN', 'TCN', 'Transformer', 'MLP']","[16, 32, 64, 128, 256]","[1, 2, 3, 4]","[0, 0.1, 0.2, 0.3, 0.5]","['relu', 'tanh', 'sigmoid', 'elu']","[1e-05, 0.01]","[2, 3, 4, 5, 6, 7, 8, 9, 10, 11, 12, 13, 14, 15, 16, 17, 18, 19, 20, 21, 22, 23, 24, 25, 26, 27, 28, 29, 30]","[16, 32, 64, 128]","[5, 10, 15, 20]","[2, 3, 5, 7]","[2, 4, 8]",anneal,minimize,local
r5b0fyzd,85,570,1779187860752,,/home/meliani/nni-experiments/r5b0fyzd,26,exp_anneal_50_local_plus_ali_local_plus_ali,hpo,/home/meliani/Desktop/phd/fast-track/search_space.json,python3 trial.py --data ./local_plus_ali.csv,/home/meliani/Desktop/phd/fast-track,1,360000s,50,False,False,info,/home/meliani/nni-experiments,"['LSTM', 'GRU', 'CNN', 'RNN', 'TCN', 'Transformer', 'MLP']","[16, 32, 64, 128, 256]","[1, 2, 3, 4]","[0, 0.1, 0.2, 0.3, 0.5]","['relu', 'tanh', 'sigmoid', 'elu']","[1e-05, 0.01]","[2, 3, 4, 5, 6, 7, 8, 9, 10, 11, 12, 13, 14, 15, 16, 17, 18, 19, 20, 21, 22, 23, 24, 25, 26, 27, 28, 29, 30]","[16, 32, 64, 128]","[5, 10, 15, 20]","[2, 3, 5, 7]","[2, 4, 8]",anneal,minimize,local
r5b0fyzd,86,575,1779187860752,,/home/meliani/nni-experiments/r5b0fyzd,27,exp_anneal_50_local_plus_ali_local_plus_ali,hpo,/home/meliani/Desktop/phd/fast-track/search_space.json,python3 trial.py --data ./local_plus_ali.csv,/home/meliani/Desktop/phd/fast-track,1,360000s,50,False,False,info,/home/meliani/nni-experiments,"['LSTM', 'GRU', 'CNN', 'RNN', 'TCN', 'Transformer', 'MLP']","[16, 32, 64, 128, 256]","[1, 2, 3, 4]","[0, 0.1, 0.2, 0.3, 0.5]","['relu', 'tanh', 'sigmoid', 'elu']","[1e-05, 0.01]","[2, 3, 4, 5, 6, 7, 8, 9, 10, 11, 12, 13, 14, 15, 16, 17, 18, 19, 20, 21, 22, 23, 24, 25, 26, 27, 28, 29, 30]","[16, 32, 64, 128]","[5, 10, 15, 20]","[2, 3, 5, 7]","[2, 4, 8]",anneal,minimize,local
r5b0fyzd,87,580,1779187860752,,/home/meliani/nni-experiments/r5b0fyzd,27,exp_anneal_50_local_plus_ali_local_plus_ali,hpo,/home/meliani/Desktop/phd/fast-track/search_space.json,python3 trial.py --data ./local_plus_ali.csv,/home/meliani/Desktop/phd/fast-track,1,360000s,50,False,False,info,/home/meliani/nni-experiments,"['LSTM', 'GRU', 'CNN', 'RNN', 'TCN', 'Transformer', 'MLP']","[16, 32, 64, 128, 256]","[1, 2, 3, 4]","[0, 0.1, 0.2, 0.3, 0.5]","['relu', 'tanh', 'sigmoid', 'elu']","[1e-05, 0.01]","[2, 3, 4, 5, 6, 7, 8, 9, 10, 11, 12, 13, 14, 15, 16, 17, 18, 19, 20, 21, 22, 23, 24, 25, 26, 27, 28, 29, 30]","[16, 32, 64, 128]","[5, 10, 15, 20]","[2, 3, 5, 7]","[2, 4, 8]",anneal,minimize,local
r5b0fyzd,88,590,1779187860752,,/home/meliani/nni-experiments/r5b0fyzd,27,exp_anneal_50_local_plus_ali_local_plus_ali,hpo,/home/meliani/Desktop/phd/fast-track/search_space.json,python3 trial.py --data ./local_plus_ali.csv,/home/meliani/Desktop/phd/fast-track,1,360000s,50,False,False,info,/home/meliani/nni-experiments,"['LSTM', 'GRU', 'CNN', 'RNN', 'TCN', 'Transformer', 'MLP']","[16, 32, 64, 128, 256]","[1, 2, 3, 4]","[0, 0.1, 0.2, 0.3, 0.5]","['relu', 'tanh', 'sigmoid', 'elu']","[1e-05, 0.01]","[2, 3, 4, 5, 6, 7, 8, 9, 10, 11, 12, 13, 14, 15, 16, 17, 18, 19, 20, 21, 22, 23, 24, 25, 26, 27, 28, 29, 30]","[16, 32, 64, 128]","[5, 10, 15, 20]","[2, 3, 5, 7]","[2, 4, 8]",anneal,minimize,local
r5b0fyzd,89,598,1779187860752,,/home/meliani/nni-experiments/r5b0fyzd,28,exp_anneal_50_local_plus_ali_local_plus_ali,hpo,/home/meliani/Desktop/phd/fast-track/search_space.json,python3 trial.py --data ./local_plus_ali.csv,/home/meliani/Desktop/phd/fast-track,1,360000s,50,False,False,info,/home/meliani/nni-experiments,"['LSTM', 'GRU', 'CNN', 'RNN', 'TCN', 'Transformer', 'MLP']","[16, 32, 64, 128, 256]","[1, 2, 3, 4]","[0, 0.1, 0.2, 0.3, 0.5]","['relu', 'tanh', 'sigmoid', 'elu']","[1e-05, 0.01]","[2, 3, 4, 5, 6, 7, 8, 9, 10, 11, 12, 13, 14, 15, 16, 17, 18, 19, 20, 21, 22, 23, 24, 25, 26, 27, 28, 29, 30]","[16, 32, 64, 128]","[5, 10, 15, 20]","[2, 3, 5, 7]","[2, 4, 8]",anneal,minimize,local
r5b0fyzd,90,600,1779187860752,,/home/meliani/nni-experiments/r5b0fyzd,28,exp_anneal_50_local_plus_ali_local_plus_ali,hpo,/home/meliani/Desktop/phd/fast-track/search_space.json,python3 trial.py --data ./local_plus_ali.csv,/home/meliani/Desktop/phd/fast-track,1,360000s,50,False,False,info,/home/meliani/nni-experiments,"['LSTM', 'GRU', 'CNN', 'RNN', 'TCN', 'Transformer', 'MLP']","[16, 32, 64, 128, 256]","[1, 2, 3, 4]","[0, 0.1, 0.2, 0.3, 0.5]","['relu', 'tanh', 'sigmoid', 'elu']","[1e-05, 0.01]","[2, 3, 4, 5, 6, 7, 8, 9, 10, 11, 12, 13, 14, 15, 16, 17, 18, 19, 20, 21, 22, 23, 24, 25, 26, 27, 28, 29, 30]","[16, 32, 64, 128]","[5, 10, 15, 20]","[2, 3, 5, 7]","[2, 4, 8]",anneal,minimize,local
r5b0fyzd,91,610,1779187860752,,/home/meliani/nni-experiments/r5b0fyzd,28,exp_anneal_50_local_plus_ali_local_plus_ali,hpo,/home/meliani/Desktop/phd/fast-track/search_space.json,python3 trial.py --data ./local_plus_ali.csv,/home/meliani/Desktop/phd/fast-track,1,360000s,50,False,False,info,/home/meliani/nni-experiments,"['LSTM', 'GRU', 'CNN', 'RNN', 'TCN', 'Transformer', 'MLP']","[16, 32, 64, 128, 256]","[1, 2, 3, 4]","[0, 0.1, 0.2, 0.3, 0.5]","['relu', 'tanh', 'sigmoid', 'elu']","[1e-05, 0.01]","[2, 3, 4, 5, 6, 7, 8, 9, 10, 11, 12, 13, 14, 15, 16, 17, 18, 19, 20, 21, 22, 23, 24, 25, 26, 27, 28, 29, 30]","[16, 32, 64, 128]","[5, 10, 15, 20]","[2, 3, 5, 7]","[2, 4, 8]",anneal,minimize,local
r5b0fyzd,92,620,1779187860752,,/home/meliani/nni-experiments/r5b0fyzd,28,exp_anneal_50_local_plus_ali_local_plus_ali,hpo,/home/meliani/Desktop/phd/fast-track/search_space.json,python3 trial.py --data ./local_plus_ali.csv,/home/meliani/Desktop/phd/fast-track,1,360000s,50,False,False,info,/home/meliani/nni-experiments,"['LSTM', 'GRU', 'CNN', 'RNN', 'TCN', 'Transformer', 'MLP']","[16, 32, 64, 128, 256]","[1, 2, 3, 4]","[0, 0.1, 0.2, 0.3, 0.5]","['relu', 'tanh', 'sigmoid', 'elu']","[1e-05, 0.01]","[2, 3, 4, 5, 6, 7, 8, 9, 10, 11, 12, 13, 14, 15, 16, 17, 18, 19, 20, 21, 22, 23, 24, 25, 26, 27, 28, 29, 30]","[16, 32, 64, 128]","[5, 10, 15, 20]","[2, 3, 5, 7]","[2, 4, 8]",anneal,minimize,local
r5b0fyzd,93,630,1779187860752,,/home/meliani/nni-experiments/r5b0fyzd,28,exp_anneal_50_local_plus_ali_local_plus_ali,hpo,/home/meliani/Desktop/phd/fast-track/search_space.json,python3 trial.py --data ./local_plus_ali.csv,/home/meliani/Desktop/phd/fast-track,1,360000s,50,False,False,info,/home/meliani/nni-experiments,"['LSTM', 'GRU', 'CNN', 'RNN', 'TCN', 'Transformer', 'MLP']","[16, 32, 64, 128, 256]","[1, 2, 3, 4]","[0, 0.1, 0.2, 0.3, 0.5]","['relu', 'tanh', 'sigmoid', 'elu']","[1e-05, 0.01]","[2, 3, 4, 5, 6, 7, 8, 9, 10, 11, 12, 13, 14, 15, 16, 17, 18, 19, 20, 21, 22, 23, 24, 25, 26, 27, 28, 29, 30]","[16, 32, 64, 128]","[5, 10, 15, 20]","[2, 3, 5, 7]","[2, 4, 8]",anneal,minimize,local
r5b0fyzd,94,640,1779187860752,,/home/meliani/nni-experiments/r5b0fyzd,28,exp_anneal_50_local_plus_ali_local_plus_ali,hpo,/home/meliani/Desktop/phd/fast-track/search_space.json,python3 trial.py --data ./local_plus_ali.csv,/home/meliani/Desktop/phd/fast-track,1,360000s,50,False,False,info,/home/meliani/nni-experiments,"['LSTM', 'GRU', 'CNN', 'RNN', 'TCN', 'Transformer', 'MLP']","[16, 32, 64, 128, 256]","[1, 2, 3, 4]","[0, 0.1, 0.2, 0.3, 0.5]","['relu', 'tanh', 'sigmoid', 'elu']","[1e-05, 0.01]","[2, 3, 4, 5, 6, 7, 8, 9, 10, 11, 12, 13, 14, 15, 16, 17, 18, 19, 20, 21, 22, 23, 24, 25, 26, 27, 28, 29, 30]","[16, 32, 64, 128]","[5, 10, 15, 20]","[2, 3, 5, 7]","[2, 4, 8]",anneal,minimize,local
r5b0fyzd,95,643,1779187860752,,/home/meliani/nni-experiments/r5b0fyzd,29,exp_anneal_50_local_plus_ali_local_plus_ali,hpo,/home/meliani/Desktop/phd/fast-track/search_space.json,python3 trial.py --data ./local_plus_ali.csv,/home/meliani/Desktop/phd/fast-track,1,360000s,50,False,False,info,/home/meliani/nni-experiments,"['LSTM', 'GRU', 'CNN', 'RNN', 'TCN', 'Transformer', 'MLP']","[16, 32, 64, 128, 256]","[1, 2, 3, 4]","[0, 0.1, 0.2, 0.3, 0.5]","['relu', 'tanh', 'sigmoid', 'elu']","[1e-05, 0.01]","[2, 3, 4, 5, 6, 7, 8, 9, 10, 11, 12, 13, 14, 15, 16, 17, 18, 19, 20, 21, 22, 23, 24, 25, 26, 27, 28, 29, 30]","[16, 32, 64, 128]","[5, 10, 15, 20]","[2, 3, 5, 7]","[2, 4, 8]",anneal,minimize,local
r5b0fyzd,96,650,1779187860752,,/home/meliani/nni-experiments/r5b0fyzd,29,exp_anneal_50_local_plus_ali_local_plus_ali,hpo,/home/meliani/Desktop/phd/fast-track/search_space.json,python3 trial.py --data ./local_plus_ali.csv,/home/meliani/Desktop/phd/fast-track,1,360000s,50,False,False,info,/home/meliani/nni-experiments,"['LSTM', 'GRU', 'CNN', 'RNN', 'TCN', 'Transformer', 'MLP']","[16, 32, 64, 128, 256]","[1, 2, 3, 4]","[0, 0.1, 0.2, 0.3, 0.5]","['relu', 'tanh', 'sigmoid', 'elu']","[1e-05, 0.01]","[2, 3, 4, 5, 6, 7, 8, 9, 10, 11, 12, 13, 14, 15, 16, 17, 18, 19, 20, 21, 22, 23, 24, 25, 26, 27, 28, 29, 30]","[16, 32, 64, 128]","[5, 10, 15, 20]","[2, 3, 5, 7]","[2, 4, 8]",anneal,minimize,local
r5b0fyzd,97,660,1779187860752,,/home/meliani/nni-experiments/r5b0fyzd,29,exp_anneal_50_local_plus_ali_local_plus_ali,hpo,/home/meliani/Desktop/phd/fast-track/search_space.json,python3 trial.py --data ./local_plus_ali.csv,/home/meliani/Desktop/phd/fast-track,1,360000s,50,False,False,info,/home/meliani/nni-experiments,"['LSTM', 'GRU', 'CNN', 'RNN', 'TCN', 'Transformer', 'MLP']","[16, 32, 64, 128, 256]","[1, 2, 3, 4]","[0, 0.1, 0.2, 0.3, 0.5]","['relu', 'tanh', 'sigmoid', 'elu']","[1e-05, 0.01]","[2, 3, 4, 5, 6, 7, 8, 9, 10, 11, 12, 13, 14, 15, 16, 17, 18, 19, 20, 21, 22, 23, 24, 25, 26, 27, 28, 29, 30]","[16, 32, 64, 128]","[5, 10, 15, 20]","[2, 3, 5, 7]","[2, 4, 8]",anneal,minimize,local
r5b0fyzd,98,666,1779187860752,,/home/meliani/nni-experiments/r5b0fyzd,30,exp_anneal_50_local_plus_ali_local_plus_ali,hpo,/home/meliani/Desktop/phd/fast-track/search_space.json,python3 trial.py --data ./local_plus_ali.csv,/home/meliani/Desktop/phd/fast-track,1,360000s,50,False,False,info,/home/meliani/nni-experiments,"['LSTM', 'GRU', 'CNN', 'RNN', 'TCN', 'Transformer', 'MLP']","[16, 32, 64, 128, 256]","[1, 2, 3, 4]","[0, 0.1, 0.2, 0.3, 0.5]","['relu', 'tanh', 'sigmoid', 'elu']","[1e-05, 0.01]","[2, 3, 4, 5, 6, 7, 8, 9, 10, 11, 12, 13, 14, 15, 16, 17, 18, 19, 20, 21, 22, 23, 24, 25, 26, 27, 28, 29, 30]","[16, 32, 64, 128]","[5, 10, 15, 20]","[2, 3, 5, 7]","[2, 4, 8]",anneal,minimize,local
r5b0fyzd,99,670,1779187860752,,/home/meliani/nni-experiments/r5b0fyzd,30,exp_anneal_50_local_plus_ali_local_plus_ali,hpo,/home/meliani/Desktop/phd/fast-track/search_space.json,python3 trial.py --data ./local_plus_ali.csv,/home/meliani/Desktop/phd/fast-track,1,360000s,50,False,False,info,/home/meliani/nni-experiments,"['LSTM', 'GRU', 'CNN', 'RNN', 'TCN', 'Transformer', 'MLP']","[16, 32, 64, 128, 256]","[1, 2, 3, 4]","[0, 0.1, 0.2, 0.3, 0.5]","['relu', 'tanh', 'sigmoid', 'elu']","[1e-05, 0.01]","[2, 3, 4, 5, 6, 7, 8, 9, 10, 11, 12, 13, 14, 15, 16, 17, 18, 19, 20, 21, 22, 23, 24, 25, 26, 27, 28, 29, 30]","[16, 32, 64, 128]","[5, 10, 15, 20]","[2, 3, 5, 7]","[2, 4, 8]",anneal,minimize,local
r5b0fyzd,100,680,1779187860752,,/home/meliani/nni-experiments/r5b0fyzd,30,exp_anneal_50_local_plus_ali_local_plus_ali,hpo,/home/meliani/Desktop/phd/fast-track/search_space.json,python3 trial.py --data ./local_plus_ali.csv,/home/meliani/Desktop/phd/fast-track,1,360000s,50,False,False,info,/home/meliani/nni-experiments,"['LSTM', 'GRU', 'CNN', 'RNN', 'TCN', 'Transformer', 'MLP']","[16, 32, 64, 128, 256]","[1, 2, 3, 4]","[0, 0.1, 0.2, 0.3, 0.5]","['relu', 'tanh', 'sigmoid', 'elu']","[1e-05, 0.01]","[2, 3, 4, 5, 6, 7, 8, 9, 10, 11, 12, 13, 14, 15, 16, 17, 18, 19, 20, 21, 22, 23, 24, 25, 26, 27, 28, 29, 30]","[16, 32, 64, 128]","[5, 10, 15, 20]","[2, 3, 5, 7]","[2, 4, 8]",anneal,minimize,local
r5b0fyzd,101,690,1779187860752,,/home/meliani/nni-experiments/r5b0fyzd,30,exp_anneal_50_local_plus_ali_local_plus_ali,hpo,/home/meliani/Desktop/phd/fast-track/search_space.json,python3 trial.py --data ./local_plus_ali.csv,/home/meliani/Desktop/phd/fast-track,1,360000s,50,False,False,info,/home/meliani/nni-experiments,"['LSTM', 'GRU', 'CNN', 'RNN', 'TCN', 'Transformer', 'MLP']","[16, 32, 64, 128, 256]","[1, 2, 3, 4]","[0, 0.1, 0.2, 0.3, 0.5]","['relu', 'tanh', 'sigmoid', 'elu']","[1e-05, 0.01]","[2, 3, 4, 5, 6, 7, 8, 9, 10, 11, 12, 13, 14, 15, 16, 17, 18, 19, 20, 21, 22, 23, 24, 25, 26, 27, 28, 29, 30]","[16, 32, 64, 128]","[5, 10, 15, 20]","[2, 3, 5, 7]","[2, 4, 8]",anneal,minimize,local
r5b0fyzd,102,700,1779187860752,,/home/meliani/nni-experiments/r5b0fyzd,30,exp_anneal_50_local_plus_ali_local_plus_ali,hpo,/home/meliani/Desktop/phd/fast-track/search_space.json,python3 trial.py --data ./local_plus_ali.csv,/home/meliani/Desktop/phd/fast-track,1,360000s,50,False,False,info,/home/meliani/nni-experiments,"['LSTM', 'GRU', 'CNN', 'RNN', 'TCN', 'Transformer', 'MLP']","[16, 32, 64, 128, 256]","[1, 2, 3, 4]","[0, 0.1, 0.2, 0.3, 0.5]","['relu', 'tanh', 'sigmoid', 'elu']","[1e-05, 0.01]","[2, 3, 4, 5, 6, 7, 8, 9, 10, 11, 12, 13, 14, 15, 16, 17, 18, 19, 20, 21, 22, 23, 24, 25, 26, 27, 28, 29, 30]","[16, 32, 64, 128]","[5, 10, 15, 20]","[2, 3, 5, 7]","[2, 4, 8]",anneal,minimize,local
r5b0fyzd,103,710,1779187860752,,/home/meliani/nni-experiments/r5b0fyzd,30,exp_anneal_50_local_plus_ali_local_plus_ali,hpo,/home/meliani/Desktop/phd/fast-track/search_space.json,python3 trial.py --data ./local_plus_ali.csv,/home/meliani/Desktop/phd/fast-track,1,360000s,50,False,False,info,/home/meliani/nni-experiments,"['LSTM', 'GRU', 'CNN', 'RNN', 'TCN', 'Transformer', 'MLP']","[16, 32, 64, 128, 256]","[1, 2, 3, 4]","[0, 0.1, 0.2, 0.3, 0.5]","['relu', 'tanh', 'sigmoid', 'elu']","[1e-05, 0.01]","[2, 3, 4, 5, 6, 7, 8, 9, 10, 11, 12, 13, 14, 15, 16, 17, 18, 19, 20, 21, 22, 23, 24, 25, 26, 27, 28, 29, 30]","[16, 32, 64, 128]","[5, 10, 15, 20]","[2, 3, 5, 7]","[2, 4, 8]",anneal,minimize,local
r5b0fyzd,104,720,1779187860752,,/home/meliani/nni-experiments/r5b0fyzd,30,exp_anneal_50_local_plus_ali_local_plus_ali,hpo,/home/meliani/Desktop/phd/fast-track/search_space.json,python3 trial.py --data ./local_plus_ali.csv,/home/meliani/Desktop/phd/fast-track,1,360000s,50,False,False,info,/home/meliani/nni-experiments,"['LSTM', 'GRU', 'CNN', 'RNN', 'TCN', 'Transformer', 'MLP']","[16, 32, 64, 128, 256]","[1, 2, 3, 4]","[0, 0.1, 0.2, 0.3, 0.5]","['relu', 'tanh', 'sigmoid', 'elu']","[1e-05, 0.01]","[2, 3, 4, 5, 6, 7, 8, 9, 10, 11, 12, 13, 14, 15, 16, 17, 18, 19, 20, 21, 22, 23, 24, 25, 26, 27, 28, 29, 30]","[16, 32, 64, 128]","[5, 10, 15, 20]","[2, 3, 5, 7]","[2, 4, 8]",anneal,minimize,local
r5b0fyzd,105,723,1779187860752,,/home/meliani/nni-experiments/r5b0fyzd,31,exp_anneal_50_local_plus_ali_local_plus_ali,hpo,/home/meliani/Desktop/phd/fast-track/search_space.json,python3 trial.py --data ./local_plus_ali.csv,/home/meliani/Desktop/phd/fast-track,1,360000s,50,False,False,info,/home/meliani/nni-experiments,"['LSTM', 'GRU', 'CNN', 'RNN', 'TCN', 'Transformer', 'MLP']","[16, 32, 64, 128, 256]","[1, 2, 3, 4]","[0, 0.1, 0.2, 0.3, 0.5]","['relu', 'tanh', 'sigmoid', 'elu']","[1e-05, 0.01]","[2, 3, 4, 5, 6, 7, 8, 9, 10, 11, 12, 13, 14, 15, 16, 17, 18, 19, 20, 21, 22, 23, 24, 25, 26, 27, 28, 29, 30]","[16, 32, 64, 128]","[5, 10, 15, 20]","[2, 3, 5, 7]","[2, 4, 8]",anneal,minimize,local
r5b0fyzd,106,730,1779187860752,,/home/meliani/nni-experiments/r5b0fyzd,31,exp_anneal_50_local_plus_ali_local_plus_ali,hpo,/home/meliani/Desktop/phd/fast-track/search_space.json,python3 trial.py --data ./local_plus_ali.csv,/home/meliani/Desktop/phd/fast-track,1,360000s,50,False,False,info,/home/meliani/nni-experiments,"['LSTM', 'GRU', 'CNN', 'RNN', 'TCN', 'Transformer', 'MLP']","[16, 32, 64, 128, 256]","[1, 2, 3, 4]","[0, 0.1, 0.2, 0.3, 0.5]","['relu', 'tanh', 'sigmoid', 'elu']","[1e-05, 0.01]","[2, 3, 4, 5, 6, 7, 8, 9, 10, 11, 12, 13, 14, 15, 16, 17, 18, 19, 20, 21, 22, 23, 24, 25, 26, 27, 28, 29, 30]","[16, 32, 64, 128]","[5, 10, 15, 20]","[2, 3, 5, 7]","[2, 4, 8]",anneal,minimize,local
r5b0fyzd,107,740,1779187860752,,/home/meliani/nni-experiments/r5b0fyzd,31,exp_anneal_50_local_plus_ali_local_plus_ali,hpo,/home/meliani/Desktop/phd/fast-track/search_space.json,python3 trial.py --data ./local_plus_ali.csv,/home/meliani/Desktop/phd/fast-track,1,360000s,50,False,False,info,/home/meliani/nni-experiments,"['LSTM', 'GRU', 'CNN', 'RNN', 'TCN', 'Transformer', 'MLP']","[16, 32, 64, 128, 256]","[1, 2, 3, 4]","[0, 0.1, 0.2, 0.3, 0.5]","['relu', 'tanh', 'sigmoid', 'elu']","[1e-05, 0.01]","[2, 3, 4, 5, 6, 7, 8, 9, 10, 11, 12, 13, 14, 15, 16, 17, 18, 19, 20, 21, 22, 23, 24, 25, 26, 27, 28, 29, 30]","[16, 32, 64, 128]","[5, 10, 15, 20]","[2, 3, 5, 7]","[2, 4, 8]",anneal,minimize,local
r5b0fyzd,108,742,1779187860752,,/home/meliani/nni-experiments/r5b0fyzd,32,exp_anneal_50_local_plus_ali_local_plus_ali,hpo,/home/meliani/Desktop/phd/fast-track/search_space.json,python3 trial.py --data ./local_plus_ali.csv,/home/meliani/Desktop/phd/fast-track,1,360000s,50,False,False,info,/home/meliani/nni-experiments,"['LSTM', 'GRU', 'CNN', 'RNN', 'TCN', 'Transformer', 'MLP']","[16, 32, 64, 128, 256]","[1, 2, 3, 4]","[0, 0.1, 0.2, 0.3, 0.5]","['relu', 'tanh', 'sigmoid', 'elu']","[1e-05, 0.01]","[2, 3, 4, 5, 6, 7, 8, 9, 10, 11, 12, 13, 14, 15, 16, 17, 18, 19, 20, 21, 22, 23, 24, 25, 26, 27, 28, 29, 30]","[16, 32, 64, 128]","[5, 10, 15, 20]","[2, 3, 5, 7]","[2, 4, 8]",anneal,minimize,local
r5b0fyzd,109,750,1779187860752,,/home/meliani/nni-experiments/r5b0fyzd,32,exp_anneal_50_local_plus_ali_local_plus_ali,hpo,/home/meliani/Desktop/phd/fast-track/search_space.json,python3 trial.py --data ./local_plus_ali.csv,/home/meliani/Desktop/phd/fast-track,1,360000s,50,False,False,info,/home/meliani/nni-experiments,"['LSTM', 'GRU', 'CNN', 'RNN', 'TCN', 'Transformer', 'MLP']","[16, 32, 64, 128, 256]","[1, 2, 3, 4]","[0, 0.1, 0.2, 0.3, 0.5]","['relu', 'tanh', 'sigmoid', 'elu']","[1e-05, 0.01]","[2, 3, 4, 5, 6, 7, 8, 9, 10, 11, 12, 13, 14, 15, 16, 17, 18, 19, 20, 21, 22, 23, 24, 25, 26, 27, 28, 29, 30]","[16, 32, 64, 128]","[5, 10, 15, 20]","[2, 3, 5, 7]","[2, 4, 8]",anneal,minimize,local
r5b0fyzd,110,760,1779187860752,,/home/meliani/nni-experiments/r5b0fyzd,32,exp_anneal_50_local_plus_ali_local_plus_ali,hpo,/home/meliani/Desktop/phd/fast-track/search_space.json,python3 trial.py --data ./local_plus_ali.csv,/home/meliani/Desktop/phd/fast-track,1,360000s,50,False,False,info,/home/meliani/nni-experiments,"['LSTM', 'GRU', 'CNN', 'RNN', 'TCN', 'Transformer', 'MLP']","[16, 32, 64, 128, 256]","[1, 2, 3, 4]","[0, 0.1, 0.2, 0.3, 0.5]","['relu', 'tanh', 'sigmoid', 'elu']","[1e-05, 0.01]","[2, 3, 4, 5, 6, 7, 8, 9, 10, 11, 12, 13, 14, 15, 16, 17, 18, 19, 20, 21, 22, 23, 24, 25, 26, 27, 28, 29, 30]","[16, 32, 64, 128]","[5, 10, 15, 20]","[2, 3, 5, 7]","[2, 4, 8]",anneal,minimize,local
r5b0fyzd,111,764,1779187860752,,/home/meliani/nni-experiments/r5b0fyzd,33,exp_anneal_50_local_plus_ali_local_plus_ali,hpo,/home/meliani/Desktop/phd/fast-track/search_space.json,python3 trial.py --data ./local_plus_ali.csv,/home/meliani/Desktop/phd/fast-track,1,360000s,50,False,False,info,/home/meliani/nni-experiments,"['LSTM', 'GRU', 'CNN', 'RNN', 'TCN', 'Transformer', 'MLP']","[16, 32, 64, 128, 256]","[1, 2, 3, 4]","[0, 0.1, 0.2, 0.3, 0.5]","['relu', 'tanh', 'sigmoid', 'elu']","[1e-05, 0.01]","[2, 3, 4, 5, 6, 7, 8, 9, 10, 11, 12, 13, 14, 15, 16, 17, 18, 19, 20, 21, 22, 23, 24, 25, 26, 27, 28, 29, 30]","[16, 32, 64, 128]","[5, 10, 15, 20]","[2, 3, 5, 7]","[2, 4, 8]",anneal,minimize,local
r5b0fyzd,112,770,1779187860752,,/home/meliani/nni-experiments/r5b0fyzd,33,exp_anneal_50_local_plus_ali_local_plus_ali,hpo,/home/meliani/Desktop/phd/fast-track/search_space.json,python3 trial.py --data ./local_plus_ali.csv,/home/meliani/Desktop/phd/fast-track,1,360000s,50,False,False,info,/home/meliani/nni-experiments,"['LSTM', 'GRU', 'CNN', 'RNN', 'TCN', 'Transformer', 'MLP']","[16, 32, 64, 128, 256]","[1, 2, 3, 4]","[0, 0.1, 0.2, 0.3, 0.5]","['relu', 'tanh', 'sigmoid', 'elu']","[1e-05, 0.01]","[2, 3, 4, 5, 6, 7, 8, 9, 10, 11, 12, 13, 14, 15, 16, 17, 18, 19, 20, 21, 22, 23, 24, 25, 26, 27, 28, 29, 30]","[16, 32, 64, 128]","[5, 10, 15, 20]","[2, 3, 5, 7]","[2, 4, 8]",anneal,minimize,local
r5b0fyzd,113,780,1779187860752,,/home/meliani/nni-experiments/r5b0fyzd,33,exp_anneal_50_local_plus_ali_local_plus_ali,hpo,/home/meliani/Desktop/phd/fast-track/search_space.json,python3 trial.py --data ./local_plus_ali.csv,/home/meliani/Desktop/phd/fast-track,1,360000s,50,False,False,info,/home/meliani/nni-experiments,"['LSTM', 'GRU', 'CNN', 'RNN', 'TCN', 'Transformer', 'MLP']","[16, 32, 64, 128, 256]","[1, 2, 3, 4]","[0, 0.1, 0.2, 0.3, 0.5]","['relu', 'tanh', 'sigmoid', 'elu']","[1e-05, 0.01]","[2, 3, 4, 5, 6, 7, 8, 9, 10, 11, 12, 13, 14, 15, 16, 17, 18, 19, 20, 21, 22, 23, 24, 25, 26, 27, 28, 29, 30]","[16, 32, 64, 128]","[5, 10, 15, 20]","[2, 3, 5, 7]","[2, 4, 8]",anneal,minimize,local
r5b0fyzd,114,790,1779187860752,,/home/meliani/nni-experiments/r5b0fyzd,33,exp_anneal_50_local_plus_ali_local_plus_ali,hpo,/home/meliani/Desktop/phd/fast-track/search_space.json,python3 trial.py --data ./local_plus_ali.csv,/home/meliani/Desktop/phd/fast-track,1,360000s,50,False,False,info,/home/meliani/nni-experiments,"['LSTM', 'GRU', 'CNN', 'RNN', 'TCN', 'Transformer', 'MLP']","[16, 32, 64, 128, 256]","[1, 2, 3, 4]","[0, 0.1, 0.2, 0.3, 0.5]","['relu', 'tanh', 'sigmoid', 'elu']","[1e-05, 0.01]","[2, 3, 4, 5, 6, 7, 8, 9, 10, 11, 12, 13, 14, 15, 16, 17, 18, 19, 20, 21, 22, 23, 24, 25, 26, 27, 28, 29, 30]","[16, 32, 64, 128]","[5, 10, 15, 20]","[2, 3, 5, 7]","[2, 4, 8]",anneal,minimize,local
r5b0fyzd,115,797,1779187860752,,/home/meliani/nni-experiments/r5b0fyzd,34,exp_anneal_50_local_plus_ali_local_plus_ali,hpo,/home/meliani/Desktop/phd/fast-track/search_space.json,python3 trial.py --data ./local_plus_ali.csv,/home/meliani/Desktop/phd/fast-track,1,360000s,50,False,False,info,/home/meliani/nni-experiments,"['LSTM', 'GRU', 'CNN', 'RNN', 'TCN', 'Transformer', 'MLP']","[16, 32, 64, 128, 256]","[1, 2, 3, 4]","[0, 0.1, 0.2, 0.3, 0.5]","['relu', 'tanh', 'sigmoid', 'elu']","[1e-05, 0.01]","[2, 3, 4, 5, 6, 7, 8, 9, 10, 11, 12, 13, 14, 15, 16, 17, 18, 19, 20, 21, 22, 23, 24, 25, 26, 27, 28, 29, 30]","[16, 32, 64, 128]","[5, 10, 15, 20]","[2, 3, 5, 7]","[2, 4, 8]",anneal,minimize,local
r5b0fyzd,116,800,1779187860752,,/home/meliani/nni-experiments/r5b0fyzd,34,exp_anneal_50_local_plus_ali_local_plus_ali,hpo,/home/meliani/Desktop/phd/fast-track/search_space.json,python3 trial.py --data ./local_plus_ali.csv,/home/meliani/Desktop/phd/fast-track,1,360000s,50,False,False,info,/home/meliani/nni-experiments,"['LSTM', 'GRU', 'CNN', 'RNN', 'TCN', 'Transformer', 'MLP']","[16, 32, 64, 128, 256]","[1, 2, 3, 4]","[0, 0.1, 0.2, 0.3, 0.5]","['relu', 'tanh', 'sigmoid', 'elu']","[1e-05, 0.01]","[2, 3, 4, 5, 6, 7, 8, 9, 10, 11, 12, 13, 14, 15, 16, 17, 18, 19, 20, 21, 22, 23, 24, 25, 26, 27, 28, 29, 30]","[16, 32, 64, 128]","[5, 10, 15, 20]","[2, 3, 5, 7]","[2, 4, 8]",anneal,minimize,local
r5b0fyzd,117,810,1779187860752,,/home/meliani/nni-experiments/r5b0fyzd,34,exp_anneal_50_local_plus_ali_local_plus_ali,hpo,/home/meliani/Desktop/phd/fast-track/search_space.json,python3 trial.py --data ./local_plus_ali.csv,/home/meliani/Desktop/phd/fast-track,1,360000s,50,False,False,info,/home/meliani/nni-experiments,"['LSTM', 'GRU', 'CNN', 'RNN', 'TCN', 'Transformer', 'MLP']","[16, 32, 64, 128, 256]","[1, 2, 3, 4]","[0, 0.1, 0.2, 0.3, 0.5]","['relu', 'tanh', 'sigmoid', 'elu']","[1e-05, 0.01]","[2, 3, 4, 5, 6, 7, 8, 9, 10, 11, 12, 13, 14, 15, 16, 17, 18, 19, 20, 21, 22, 23, 24, 25, 26, 27, 28, 29, 30]","[16, 32, 64, 128]","[5, 10, 15, 20]","[2, 3, 5, 7]","[2, 4, 8]",anneal,minimize,local
r5b0fyzd,118,816,1779187860752,,/home/meliani/nni-experiments/r5b0fyzd,35,exp_anneal_50_local_plus_ali_local_plus_ali,hpo,/home/meliani/Desktop/phd/fast-track/search_space.json,python3 trial.py --data ./local_plus_ali.csv,/home/meliani/Desktop/phd/fast-track,1,360000s,50,False,False,info,/home/meliani/nni-experiments,"['LSTM', 'GRU', 'CNN', 'RNN', 'TCN', 'Transformer', 'MLP']","[16, 32, 64, 128, 256]","[1, 2, 3, 4]","[0, 0.1, 0.2, 0.3, 0.5]","['relu', 'tanh', 'sigmoid', 'elu']","[1e-05, 0.01]","[2, 3, 4, 5, 6, 7, 8, 9, 10, 11, 12, 13, 14, 15, 16, 17, 18, 19, 20, 21, 22, 23, 24, 25, 26, 27, 28, 29, 30]","[16, 32, 64, 128]","[5, 10, 15, 20]","[2, 3, 5, 7]","[2, 4, 8]",anneal,minimize,local
r5b0fyzd,119,820,1779187860752,,/home/meliani/nni-experiments/r5b0fyzd,35,exp_anneal_50_local_plus_ali_local_plus_ali,hpo,/home/meliani/Desktop/phd/fast-track/search_space.json,python3 trial.py --data ./local_plus_ali.csv,/home/meliani/Desktop/phd/fast-track,1,360000s,50,False,False,info,/home/meliani/nni-experiments,"['LSTM', 'GRU', 'CNN', 'RNN', 'TCN', 'Transformer', 'MLP']","[16, 32, 64, 128, 256]","[1, 2, 3, 4]","[0, 0.1, 0.2, 0.3, 0.5]","['relu', 'tanh', 'sigmoid', 'elu']","[1e-05, 0.01]","[2, 3, 4, 5, 6, 7, 8, 9, 10, 11, 12, 13, 14, 15, 16, 17, 18, 19, 20, 21, 22, 23, 24, 25, 26, 27, 28, 29, 30]","[16, 32, 64, 128]","[5, 10, 15, 20]","[2, 3, 5, 7]","[2, 4, 8]",anneal,minimize,local
r5b0fyzd,120,830,1779187860752,,/home/meliani/nni-experiments/r5b0fyzd,35,exp_anneal_50_local_plus_ali_local_plus_ali,hpo,/home/meliani/Desktop/phd/fast-track/search_space.json,python3 trial.py --data ./local_plus_ali.csv,/home/meliani/Desktop/phd/fast-track,1,360000s,50,False,False,info,/home/meliani/nni-experiments,"['LSTM', 'GRU', 'CNN', 'RNN', 'TCN', 'Transformer', 'MLP']","[16, 32, 64, 128, 256]","[1, 2, 3, 4]","[0, 0.1, 0.2, 0.3, 0.5]","['relu', 'tanh', 'sigmoid', 'elu']","[1e-05, 0.01]","[2, 3, 4, 5, 6, 7, 8, 9, 10, 11, 12, 13, 14, 15, 16, 17, 18, 19, 20, 21, 22, 23, 24, 25, 26, 27, 28, 29, 30]","[16, 32, 64, 128]","[5, 10, 15, 20]","[2, 3, 5, 7]","[2, 4, 8]",anneal,minimize,local
r5b0fyzd,121,840,1779187860752,,/home/meliani/nni-experiments/r5b0fyzd,35,exp_anneal_50_local_plus_ali_local_plus_ali,hpo,/home/meliani/Desktop/phd/fast-track/search_space.json,python3 trial.py --data ./local_plus_ali.csv,/home/meliani/Desktop/phd/fast-track,1,360000s,50,False,False,info,/home/meliani/nni-experiments,"['LSTM', 'GRU', 'CNN', 'RNN', 'TCN', 'Transformer', 'MLP']","[16, 32, 64, 128, 256]","[1, 2, 3, 4]","[0, 0.1, 0.2, 0.3, 0.5]","['relu', 'tanh', 'sigmoid', 'elu']","[1e-05, 0.01]","[2, 3, 4, 5, 6, 7, 8, 9, 10, 11, 12, 13, 14, 15, 16, 17, 18, 19, 20, 21, 22, 23, 24, 25, 26, 27, 28, 29, 30]","[16, 32, 64, 128]","[5, 10, 15, 20]","[2, 3, 5, 7]","[2, 4, 8]",anneal,minimize,local
r5b0fyzd,122,848,1779187860752,,/home/meliani/nni-experiments/r5b0fyzd,36,exp_anneal_50_local_plus_ali_local_plus_ali,hpo,/home/meliani/Desktop/phd/fast-track/search_space.json,python3 trial.py --data ./local_plus_ali.csv,/home/meliani/Desktop/phd/fast-track,1,360000s,50,False,False,info,/home/meliani/nni-experiments,"['LSTM', 'GRU', 'CNN', 'RNN', 'TCN', 'Transformer', 'MLP']","[16, 32, 64, 128, 256]","[1, 2, 3, 4]","[0, 0.1, 0.2, 0.3, 0.5]","['relu', 'tanh', 'sigmoid', 'elu']","[1e-05, 0.01]","[2, 3, 4, 5, 6, 7, 8, 9, 10, 11, 12, 13, 14, 15, 16, 17, 18, 19, 20, 21, 22, 23, 24, 25, 26, 27, 28, 29, 30]","[16, 32, 64, 128]","[5, 10, 15, 20]","[2, 3, 5, 7]","[2, 4, 8]",anneal,minimize,local
r5b0fyzd,123,850,1779187860752,,/home/meliani/nni-experiments/r5b0fyzd,36,exp_anneal_50_local_plus_ali_local_plus_ali,hpo,/home/meliani/Desktop/phd/fast-track/search_space.json,python3 trial.py --data ./local_plus_ali.csv,/home/meliani/Desktop/phd/fast-track,1,360000s,50,False,False,info,/home/meliani/nni-experiments,"['LSTM', 'GRU', 'CNN', 'RNN', 'TCN', 'Transformer', 'MLP']","[16, 32, 64, 128, 256]","[1, 2, 3, 4]","[0, 0.1, 0.2, 0.3, 0.5]","['relu', 'tanh', 'sigmoid', 'elu']","[1e-05, 0.01]","[2, 3, 4, 5, 6, 7, 8, 9, 10, 11, 12, 13, 14, 15, 16, 17, 18, 19, 20, 21, 22, 23, 24, 25, 26, 27, 28, 29, 30]","[16, 32, 64, 128]","[5, 10, 15, 20]","[2, 3, 5, 7]","[2, 4, 8]",anneal,minimize,local
r5b0fyzd,124,860,1779187860752,,/home/meliani/nni-experiments/r5b0fyzd,36,exp_anneal_50_local_plus_ali_local_plus_ali,hpo,/home/meliani/Desktop/phd/fast-track/search_space.json,python3 trial.py --data ./local_plus_ali.csv,/home/meliani/Desktop/phd/fast-track,1,360000s,50,False,False,info,/home/meliani/nni-experiments,"['LSTM', 'GRU', 'CNN', 'RNN', 'TCN', 'Transformer', 'MLP']","[16, 32, 64, 128, 256]","[1, 2, 3, 4]","[0, 0.1, 0.2, 0.3, 0.5]","['relu', 'tanh', 'sigmoid', 'elu']","[1e-05, 0.01]","[2, 3, 4, 5, 6, 7, 8, 9, 10, 11, 12, 13, 14, 15, 16, 17, 18, 19, 20, 21, 22, 23, 24, 25, 26, 27, 28, 29, 30]","[16, 32, 64, 128]","[5, 10, 15, 20]","[2, 3, 5, 7]","[2, 4, 8]",anneal,minimize,local
r5b0fyzd,125,870,1779187860752,,/home/meliani/nni-experiments/r5b0fyzd,36,exp_anneal_50_local_plus_ali_local_plus_ali,hpo,/home/meliani/Desktop/phd/fast-track/search_space.json,python3 trial.py --data ./local_plus_ali.csv,/home/meliani/Desktop/phd/fast-track,1,360000s,50,False,False,info,/home/meliani/nni-experiments,"['LSTM', 'GRU', 'CNN', 'RNN', 'TCN', 'Transformer', 'MLP']","[16, 32, 64, 128, 256]","[1, 2, 3, 4]","[0, 0.1, 0.2, 0.3, 0.5]","['relu', 'tanh', 'sigmoid', 'elu']","[1e-05, 0.01]","[2, 3, 4, 5, 6, 7, 8, 9, 10, 11, 12, 13, 14, 15, 16, 17, 18, 19, 20, 21, 22, 23, 24, 25, 26, 27, 28, 29, 30]","[16, 32, 64, 128]","[5, 10, 15, 20]","[2, 3, 5, 7]","[2, 4, 8]",anneal,minimize,local
r5b0fyzd,126,880,1779187860752,,/home/meliani/nni-experiments/r5b0fyzd,36,exp_anneal_50_local_plus_ali_local_plus_ali,hpo,/home/meliani/Desktop/phd/fast-track/search_space.json,python3 trial.py --data ./local_plus_ali.csv,/home/meliani/Desktop/phd/fast-track,1,360000s,50,False,False,info,/home/meliani/nni-experiments,"['LSTM', 'GRU', 'CNN', 'RNN', 'TCN', 'Transformer', 'MLP']","[16, 32, 64, 128, 256]","[1, 2, 3, 4]","[0, 0.1, 0.2, 0.3, 0.5]","['relu', 'tanh', 'sigmoid', 'elu']","[1e-05, 0.01]","[2, 3, 4, 5, 6, 7, 8, 9, 10, 11, 12, 13, 14, 15, 16, 17, 18, 19, 20, 21, 22, 23, 24, 25, 26, 27, 28, 29, 30]","[16, 32, 64, 128]","[5, 10, 15, 20]","[2, 3, 5, 7]","[2, 4, 8]",anneal,minimize,local
r5b0fyzd,127,890,1779187860752,,/home/meliani/nni-experiments/r5b0fyzd,36,exp_anneal_50_local_plus_ali_local_plus_ali,hpo,/home/meliani/Desktop/phd/fast-track/search_space.json,python3 trial.py --data ./local_plus_ali.csv,/home/meliani/Desktop/phd/fast-track,1,360000s,50,False,False,info,/home/meliani/nni-experiments,"['LSTM', 'GRU', 'CNN', 'RNN', 'TCN', 'Transformer', 'MLP']","[16, 32, 64, 128, 256]","[1, 2, 3, 4]","[0, 0.1, 0.2, 0.3, 0.5]","['relu', 'tanh', 'sigmoid', 'elu']","[1e-05, 0.01]","[2, 3, 4, 5, 6, 7, 8, 9, 10, 11, 12, 13, 14, 15, 16, 17, 18, 19, 20, 21, 22, 23, 24, 25, 26, 27, 28, 29, 30]","[16, 32, 64, 128]","[5, 10, 15, 20]","[2, 3, 5, 7]","[2, 4, 8]",anneal,minimize,local
r5b0fyzd,128,900,1779187860752,,/home/meliani/nni-experiments/r5b0fyzd,36,exp_anneal_50_local_plus_ali_local_plus_ali,hpo,/home/meliani/Desktop/phd/fast-track/search_space.json,python3 trial.py --data ./local_plus_ali.csv,/home/meliani/Desktop/phd/fast-track,1,360000s,50,False,False,info,/home/meliani/nni-experiments,"['LSTM', 'GRU', 'CNN', 'RNN', 'TCN', 'Transformer', 'MLP']","[16, 32, 64, 128, 256]","[1, 2, 3, 4]","[0, 0.1, 0.2, 0.3, 0.5]","['relu', 'tanh', 'sigmoid', 'elu']","[1e-05, 0.01]","[2, 3, 4, 5, 6, 7, 8, 9, 10, 11, 12, 13, 14, 15, 16, 17, 18, 19, 20, 21, 22, 23, 24, 25, 26, 27, 28, 29, 30]","[16, 32, 64, 128]","[5, 10, 15, 20]","[2, 3, 5, 7]","[2, 4, 8]",anneal,minimize,local
r5b0fyzd,129,910,1779187860752,,/home/meliani/nni-experiments/r5b0fyzd,36,exp_anneal_50_local_plus_ali_local_plus_ali,hpo,/home/meliani/Desktop/phd/fast-track/search_space.json,python3 trial.py --data ./local_plus_ali.csv,/home/meliani/Desktop/phd/fast-track,1,360000s,50,False,False,info,/home/meliani/nni-experiments,"['LSTM', 'GRU', 'CNN', 'RNN', 'TCN', 'Transformer', 'MLP']","[16, 32, 64, 128, 256]","[1, 2, 3, 4]","[0, 0.1, 0.2, 0.3, 0.5]","['relu', 'tanh', 'sigmoid', 'elu']","[1e-05, 0.01]","[2, 3, 4, 5, 6, 7, 8, 9, 10, 11, 12, 13, 14, 15, 16, 17, 18, 19, 20, 21, 22, 23, 24, 25, 26, 27, 28, 29, 30]","[16, 32, 64, 128]","[5, 10, 15, 20]","[2, 3, 5, 7]","[2, 4, 8]",anneal,minimize,local
r5b0fyzd,130,920,1779187860752,,/home/meliani/nni-experiments/r5b0fyzd,36,exp_anneal_50_local_plus_ali_local_plus_ali,hpo,/home/meliani/Desktop/phd/fast-track/search_space.json,python3 trial.py --data ./local_plus_ali.csv,/home/meliani/Desktop/phd/fast-track,1,360000s,50,False,False,info,/home/meliani/nni-experiments,"['LSTM', 'GRU', 'CNN', 'RNN', 'TCN', 'Transformer', 'MLP']","[16, 32, 64, 128, 256]","[1, 2, 3, 4]","[0, 0.1, 0.2, 0.3, 0.5]","['relu', 'tanh', 'sigmoid', 'elu']","[1e-05, 0.01]","[2, 3, 4, 5, 6, 7, 8, 9, 10, 11, 12, 13, 14, 15, 16, 17, 18, 19, 20, 21, 22, 23, 24, 25, 26, 27, 28, 29, 30]","[16, 32, 64, 128]","[5, 10, 15, 20]","[2, 3, 5, 7]","[2, 4, 8]",anneal,minimize,local
r5b0fyzd,131,930,1779187860752,,/home/meliani/nni-experiments/r5b0fyzd,36,exp_anneal_50_local_plus_ali_local_plus_ali,hpo,/home/meliani/Desktop/phd/fast-track/search_space.json,python3 trial.py --data ./local_plus_ali.csv,/home/meliani/Desktop/phd/fast-track,1,360000s,50,False,False,info,/home/meliani/nni-experiments,"['LSTM', 'GRU', 'CNN', 'RNN', 'TCN', 'Transformer', 'MLP']","[16, 32, 64, 128, 256]","[1, 2, 3, 4]","[0, 0.1, 0.2, 0.3, 0.5]","['relu', 'tanh', 'sigmoid', 'elu']","[1e-05, 0.01]","[2, 3, 4, 5, 6, 7, 8, 9, 10, 11, 12, 13, 14, 15, 16, 17, 18, 19, 20, 21, 22, 23, 24, 25, 26, 27, 28, 29, 30]","[16, 32, 64, 128]","[5, 10, 15, 20]","[2, 3, 5, 7]","[2, 4, 8]",anneal,minimize,local
r5b0fyzd,132,936,1779187860752,,/home/meliani/nni-experiments/r5b0fyzd,37,exp_anneal_50_local_plus_ali_local_plus_ali,hpo,/home/meliani/Desktop/phd/fast-track/search_space.json,python3 trial.py --data ./local_plus_ali.csv,/home/meliani/Desktop/phd/fast-track,1,360000s,50,False,False,info,/home/meliani/nni-experiments,"['LSTM', 'GRU', 'CNN', 'RNN', 'TCN', 'Transformer', 'MLP']","[16, 32, 64, 128, 256]","[1, 2, 3, 4]","[0, 0.1, 0.2, 0.3, 0.5]","['relu', 'tanh', 'sigmoid', 'elu']","[1e-05, 0.01]","[2, 3, 4, 5, 6, 7, 8, 9, 10, 11, 12, 13, 14, 15, 16, 17, 18, 19, 20, 21, 22, 23, 24, 25, 26, 27, 28, 29, 30]","[16, 32, 64, 128]","[5, 10, 15, 20]","[2, 3, 5, 7]","[2, 4, 8]",anneal,minimize,local
r5b0fyzd,133,940,1779187860752,,/home/meliani/nni-experiments/r5b0fyzd,37,exp_anneal_50_local_plus_ali_local_plus_ali,hpo,/home/meliani/Desktop/phd/fast-track/search_space.json,python3 trial.py --data ./local_plus_ali.csv,/home/meliani/Desktop/phd/fast-track,1,360000s,50,False,False,info,/home/meliani/nni-experiments,"['LSTM', 'GRU', 'CNN', 'RNN', 'TCN', 'Transformer', 'MLP']","[16, 32, 64, 128, 256]","[1, 2, 3, 4]","[0, 0.1, 0.2, 0.3, 0.5]","['relu', 'tanh', 'sigmoid', 'elu']","[1e-05, 0.01]","[2, 3, 4, 5, 6, 7, 8, 9, 10, 11, 12, 13, 14, 15, 16, 17, 18, 19, 20, 21, 22, 23, 24, 25, 26, 27, 28, 29, 30]","[16, 32, 64, 128]","[5, 10, 15, 20]","[2, 3, 5, 7]","[2, 4, 8]",anneal,minimize,local
r5b0fyzd,134,950,1779187860752,,/home/meliani/nni-experiments/r5b0fyzd,37,exp_anneal_50_local_plus_ali_local_plus_ali,hpo,/home/meliani/Desktop/phd/fast-track/search_space.json,python3 trial.py --data ./local_plus_ali.csv,/home/meliani/Desktop/phd/fast-track,1,360000s,50,False,False,info,/home/meliani/nni-experiments,"['LSTM', 'GRU', 'CNN', 'RNN', 'TCN', 'Transformer', 'MLP']","[16, 32, 64, 128, 256]","[1, 2, 3, 4]","[0, 0.1, 0.2, 0.3, 0.5]","['relu', 'tanh', 'sigmoid', 'elu']","[1e-05, 0.01]","[2, 3, 4, 5, 6, 7, 8, 9, 10, 11, 12, 13, 14, 15, 16, 17, 18, 19, 20, 21, 22, 23, 24, 25, 26, 27, 28, 29, 30]","[16, 32, 64, 128]","[5, 10, 15, 20]","[2, 3, 5, 7]","[2, 4, 8]",anneal,minimize,local
r5b0fyzd,135,959,1779187860752,,/home/meliani/nni-experiments/r5b0fyzd,38,exp_anneal_50_local_plus_ali_local_plus_ali,hpo,/home/meliani/Desktop/phd/fast-track/search_space.json,python3 trial.py --data ./local_plus_ali.csv,/home/meliani/Desktop/phd/fast-track,1,360000s,50,False,False,info,/home/meliani/nni-experiments,"['LSTM', 'GRU', 'CNN', 'RNN', 'TCN', 'Transformer', 'MLP']","[16, 32, 64, 128, 256]","[1, 2, 3, 4]","[0, 0.1, 0.2, 0.3, 0.5]","['relu', 'tanh', 'sigmoid', 'elu']","[1e-05, 0.01]","[2, 3, 4, 5, 6, 7, 8, 9, 10, 11, 12, 13, 14, 15, 16, 17, 18, 19, 20, 21, 22, 23, 24, 25, 26, 27, 28, 29, 30]","[16, 32, 64, 128]","[5, 10, 15, 20]","[2, 3, 5, 7]","[2, 4, 8]",anneal,minimize,local
r5b0fyzd,136,960,1779187860752,,/home/meliani/nni-experiments/r5b0fyzd,38,exp_anneal_50_local_plus_ali_local_plus_ali,hpo,/home/meliani/Desktop/phd/fast-track/search_space.json,python3 trial.py --data ./local_plus_ali.csv,/home/meliani/Desktop/phd/fast-track,1,360000s,50,False,False,info,/home/meliani/nni-experiments,"['LSTM', 'GRU', 'CNN', 'RNN', 'TCN', 'Transformer', 'MLP']","[16, 32, 64, 128, 256]","[1, 2, 3, 4]","[0, 0.1, 0.2, 0.3, 0.5]","['relu', 'tanh', 'sigmoid', 'elu']","[1e-05, 0.01]","[2, 3, 4, 5, 6, 7, 8, 9, 10, 11, 12, 13, 14, 15, 16, 17, 18, 19, 20, 21, 22, 23, 24, 25, 26, 27, 28, 29, 30]","[16, 32, 64, 128]","[5, 10, 15, 20]","[2, 3, 5, 7]","[2, 4, 8]",anneal,minimize,local
r5b0fyzd,137,970,1779187860752,,/home/meliani/nni-experiments/r5b0fyzd,38,exp_anneal_50_local_plus_ali_local_plus_ali,hpo,/home/meliani/Desktop/phd/fast-track/search_space.json,python3 trial.py --data ./local_plus_ali.csv,/home/meliani/Desktop/phd/fast-track,1,360000s,50,False,False,info,/home/meliani/nni-experiments,"['LSTM', 'GRU', 'CNN', 'RNN', 'TCN', 'Transformer', 'MLP']","[16, 32, 64, 128, 256]","[1, 2, 3, 4]","[0, 0.1, 0.2, 0.3, 0.5]","['relu', 'tanh', 'sigmoid', 'elu']","[1e-05, 0.01]","[2, 3, 4, 5, 6, 7, 8, 9, 10, 11, 12, 13, 14, 15, 16, 17, 18, 19, 20, 21, 22, 23, 24, 25, 26, 27, 28, 29, 30]","[16, 32, 64, 128]","[5, 10, 15, 20]","[2, 3, 5, 7]","[2, 4, 8]",anneal,minimize,local
r5b0fyzd,138,980,1779187860752,,/home/meliani/nni-experiments/r5b0fyzd,39,exp_anneal_50_local_plus_ali_local_plus_ali,hpo,/home/meliani/Desktop/phd/fast-track/search_space.json,python3 trial.py --data ./local_plus_ali.csv,/home/meliani/Desktop/phd/fast-track,1,360000s,50,False,False,info,/home/meliani/nni-experiments,"['LSTM', 'GRU', 'CNN', 'RNN', 'TCN', 'Transformer', 'MLP']","[16, 32, 64, 128, 256]","[1, 2, 3, 4]","[0, 0.1, 0.2, 0.3, 0.5]","['relu', 'tanh', 'sigmoid', 'elu']","[1e-05, 0.01]","[2, 3, 4, 5, 6, 7, 8, 9, 10, 11, 12, 13, 14, 15, 16, 17, 18, 19, 20, 21, 22, 23, 24, 25, 26, 27, 28, 29, 30]","[16, 32, 64, 128]","[5, 10, 15, 20]","[2, 3, 5, 7]","[2, 4, 8]",anneal,minimize,local
r5b0fyzd,139,980,1779187860752,,/home/meliani/nni-experiments/r5b0fyzd,39,exp_anneal_50_local_plus_ali_local_plus_ali,hpo,/home/meliani/Desktop/phd/fast-track/search_space.json,python3 trial.py --data ./local_plus_ali.csv,/home/meliani/Desktop/phd/fast-track,1,360000s,50,False,False,info,/home/meliani/nni-experiments,"['LSTM', 'GRU', 'CNN', 'RNN', 'TCN', 'Transformer', 'MLP']","[16, 32, 64, 128, 256]","[1, 2, 3, 4]","[0, 0.1, 0.2, 0.3, 0.5]","['relu', 'tanh', 'sigmoid', 'elu']","[1e-05, 0.01]","[2, 3, 4, 5, 6, 7, 8, 9, 10, 11, 12, 13, 14, 15, 16, 17, 18, 19, 20, 21, 22, 23, 24, 25, 26, 27, 28, 29, 30]","[16, 32, 64, 128]","[5, 10, 15, 20]","[2, 3, 5, 7]","[2, 4, 8]",anneal,minimize,local
r5b0fyzd,140,990,1779187860752,,/home/meliani/nni-experiments/r5b0fyzd,40,exp_anneal_50_local_plus_ali_local_plus_ali,hpo,/home/meliani/Desktop/phd/fast-track/search_space.json,python3 trial.py --data ./local_plus_ali.csv,/home/meliani/Desktop/phd/fast-track,1,360000s,50,False,False,info,/home/meliani/nni-experiments,"['LSTM', 'GRU', 'CNN', 'RNN', 'TCN', 'Transformer', 'MLP']","[16, 32, 64, 128, 256]","[1, 2, 3, 4]","[0, 0.1, 0.2, 0.3, 0.5]","['relu', 'tanh', 'sigmoid', 'elu']","[1e-05, 0.01]","[2, 3, 4, 5, 6, 7, 8, 9, 10, 11, 12, 13, 14, 15, 16, 17, 18, 19, 20, 21, 22, 23, 24, 25, 26, 27, 28, 29, 30]","[16, 32, 64, 128]","[5, 10, 15, 20]","[2, 3, 5, 7]","[2, 4, 8]",anneal,minimize,local
r5b0fyzd,141,990,1779187860752,,/home/meliani/nni-experiments/r5b0fyzd,40,exp_anneal_50_local_plus_ali_local_plus_ali,hpo,/home/meliani/Desktop/phd/fast-track/search_space.json,python3 trial.py --data ./local_plus_ali.csv,/home/meliani/Desktop/phd/fast-track,1,360000s,50,False,False,info,/home/meliani/nni-experiments,"['LSTM', 'GRU', 'CNN', 'RNN', 'TCN', 'Transformer', 'MLP']","[16, 32, 64, 128, 256]","[1, 2, 3, 4]","[0, 0.1, 0.2, 0.3, 0.5]","['relu', 'tanh', 'sigmoid', 'elu']","[1e-05, 0.01]","[2, 3, 4, 5, 6, 7, 8, 9, 10, 11, 12, 13, 14, 15, 16, 17, 18, 19, 20, 21, 22, 23, 24, 25, 26, 27, 28, 29, 30]","[16, 32, 64, 128]","[5, 10, 15, 20]","[2, 3, 5, 7]","[2, 4, 8]",anneal,minimize,local
r5b0fyzd,142,1000,1779187860752,,/home/meliani/nni-experiments/r5b0fyzd,40,exp_anneal_50_local_plus_ali_local_plus_ali,hpo,/home/meliani/Desktop/phd/fast-track/search_space.json,python3 trial.py --data ./local_plus_ali.csv,/home/meliani/Desktop/phd/fast-track,1,360000s,50,False,False,info,/home/meliani/nni-experiments,"['LSTM', 'GRU', 'CNN', 'RNN', 'TCN', 'Transformer', 'MLP']","[16, 32, 64, 128, 256]","[1, 2, 3, 4]","[0, 0.1, 0.2, 0.3, 0.5]","['relu', 'tanh', 'sigmoid', 'elu']","[1e-05, 0.01]","[2, 3, 4, 5, 6, 7, 8, 9, 10, 11, 12, 13, 14, 15, 16, 17, 18, 19, 20, 21, 22, 23, 24, 25, 26, 27, 28, 29, 30]","[16, 32, 64, 128]","[5, 10, 15, 20]","[2, 3, 5, 7]","[2, 4, 8]",anneal,minimize,local
r5b0fyzd,143,1010,1779187860752,,/home/meliani/nni-experiments/r5b0fyzd,40,exp_anneal_50_local_plus_ali_local_plus_ali,hpo,/home/meliani/Desktop/phd/fast-track/search_space.json,python3 trial.py --data ./local_plus_ali.csv,/home/meliani/Desktop/phd/fast-track,1,360000s,50,False,False,info,/home/meliani/nni-experiments,"['LSTM', 'GRU', 'CNN', 'RNN', 'TCN', 'Transformer', 'MLP']","[16, 32, 64, 128, 256]","[1, 2, 3, 4]","[0, 0.1, 0.2, 0.3, 0.5]","['relu', 'tanh', 'sigmoid', 'elu']","[1e-05, 0.01]","[2, 3, 4, 5, 6, 7, 8, 9, 10, 11, 12, 13, 14, 15, 16, 17, 18, 19, 20, 21, 22, 23, 24, 25, 26, 27, 28, 29, 30]","[16, 32, 64, 128]","[5, 10, 15, 20]","[2, 3, 5, 7]","[2, 4, 8]",anneal,minimize,local
r5b0fyzd,144,1020,1779187860752,,/home/meliani/nni-experiments/r5b0fyzd,40,exp_anneal_50_local_plus_ali_local_plus_ali,hpo,/home/meliani/Desktop/phd/fast-track/search_space.json,python3 trial.py --data ./local_plus_ali.csv,/home/meliani/Desktop/phd/fast-track,1,360000s,50,False,False,info,/home/meliani/nni-experiments,"['LSTM', 'GRU', 'CNN', 'RNN', 'TCN', 'Transformer', 'MLP']","[16, 32, 64, 128, 256]","[1, 2, 3, 4]","[0, 0.1, 0.2, 0.3, 0.5]","['relu', 'tanh', 'sigmoid', 'elu']","[1e-05, 0.01]","[2, 3, 4, 5, 6, 7, 8, 9, 10, 11, 12, 13, 14, 15, 16, 17, 18, 19, 20, 21, 22, 23, 24, 25, 26, 27, 28, 29, 30]","[16, 32, 64, 128]","[5, 10, 15, 20]","[2, 3, 5, 7]","[2, 4, 8]",anneal,minimize,local
r5b0fyzd,145,1030,1779187860752,,/home/meliani/nni-experiments/r5b0fyzd,40,exp_anneal_50_local_plus_ali_local_plus_ali,hpo,/home/meliani/Desktop/phd/fast-track/search_space.json,python3 trial.py --data ./local_plus_ali.csv,/home/meliani/Desktop/phd/fast-track,1,360000s,50,False,False,info,/home/meliani/nni-experiments,"['LSTM', 'GRU', 'CNN', 'RNN', 'TCN', 'Transformer', 'MLP']","[16, 32, 64, 128, 256]","[1, 2, 3, 4]","[0, 0.1, 0.2, 0.3, 0.5]","['relu', 'tanh', 'sigmoid', 'elu']","[1e-05, 0.01]","[2, 3, 4, 5, 6, 7, 8, 9, 10, 11, 12, 13, 14, 15, 16, 17, 18, 19, 20, 21, 22, 23, 24, 25, 26, 27, 28, 29, 30]","[16, 32, 64, 128]","[5, 10, 15, 20]","[2, 3, 5, 7]","[2, 4, 8]",anneal,minimize,local
r5b0fyzd,146,1040,1779187860752,,/home/meliani/nni-experiments/r5b0fyzd,40,exp_anneal_50_local_plus_ali_local_plus_ali,hpo,/home/meliani/Desktop/phd/fast-track/search_space.json,python3 trial.py --data ./local_plus_ali.csv,/home/meliani/Desktop/phd/fast-track,1,360000s,50,False,False,info,/home/meliani/nni-experiments,"['LSTM', 'GRU', 'CNN', 'RNN', 'TCN', 'Transformer', 'MLP']","[16, 32, 64, 128, 256]","[1, 2, 3, 4]","[0, 0.1, 0.2, 0.3, 0.5]","['relu', 'tanh', 'sigmoid', 'elu']","[1e-05, 0.01]","[2, 3, 4, 5, 6, 7, 8, 9, 10, 11, 12, 13, 14, 15, 16, 17, 18, 19, 20, 21, 22, 23, 24, 25, 26, 27, 28, 29, 30]","[16, 32, 64, 128]","[5, 10, 15, 20]","[2, 3, 5, 7]","[2, 4, 8]",anneal,minimize,local
r5b0fyzd,147,1050,1779187860752,,/home/meliani/nni-experiments/r5b0fyzd,40,exp_anneal_50_local_plus_ali_local_plus_ali,hpo,/home/meliani/Desktop/phd/fast-track/search_space.json,python3 trial.py --data ./local_plus_ali.csv,/home/meliani/Desktop/phd/fast-track,1,360000s,50,False,False,info,/home/meliani/nni-experiments,"['LSTM', 'GRU', 'CNN', 'RNN', 'TCN', 'Transformer', 'MLP']","[16, 32, 64, 128, 256]","[1, 2, 3, 4]","[0, 0.1, 0.2, 0.3, 0.5]","['relu', 'tanh', 'sigmoid', 'elu']","[1e-05, 0.01]","[2, 3, 4, 5, 6, 7, 8, 9, 10, 11, 12, 13, 14, 15, 16, 17, 18, 19, 20, 21, 22, 23, 24, 25, 26, 27, 28, 29, 30]","[16, 32, 64, 128]","[5, 10, 15, 20]","[2, 3, 5, 7]","[2, 4, 8]",anneal,minimize,local
r5b0fyzd,148,1060,1779187860752,,/home/meliani/nni-experiments/r5b0fyzd,40,exp_anneal_50_local_plus_ali_local_plus_ali,hpo,/home/meliani/Desktop/phd/fast-track/search_space.json,python3 trial.py --data ./local_plus_ali.csv,/home/meliani/Desktop/phd/fast-track,1,360000s,50,False,False,info,/home/meliani/nni-experiments,"['LSTM', 'GRU', 'CNN', 'RNN', 'TCN', 'Transformer', 'MLP']","[16, 32, 64, 128, 256]","[1, 2, 3, 4]","[0, 0.1, 0.2, 0.3, 0.5]","['relu', 'tanh', 'sigmoid', 'elu']","[1e-05, 0.01]","[2, 3, 4, 5, 6, 7, 8, 9, 10, 11, 12, 13, 14, 15, 16, 17, 18, 19, 20, 21, 22, 23, 24, 25, 26, 27, 28, 29, 30]","[16, 32, 64, 128]","[5, 10, 15, 20]","[2, 3, 5, 7]","[2, 4, 8]",anneal,minimize,local
r5b0fyzd,149,1070,1779187860752,,/home/meliani/nni-experiments/r5b0fyzd,40,exp_anneal_50_local_plus_ali_local_plus_ali,hpo,/home/meliani/Desktop/phd/fast-track/search_space.json,python3 trial.py --data ./local_plus_ali.csv,/home/meliani/Desktop/phd/fast-track,1,360000s,50,False,False,info,/home/meliani/nni-experiments,"['LSTM', 'GRU', 'CNN', 'RNN', 'TCN', 'Transformer', 'MLP']","[16, 32, 64, 128, 256]","[1, 2, 3, 4]","[0, 0.1, 0.2, 0.3, 0.5]","['relu', 'tanh', 'sigmoid', 'elu']","[1e-05, 0.01]","[2, 3, 4, 5, 6, 7, 8, 9, 10, 11, 12, 13, 14, 15, 16, 17, 18, 19, 20, 21, 22, 23, 24, 25, 26, 27, 28, 29, 30]","[16, 32, 64, 128]","[5, 10, 15, 20]","[2, 3, 5, 7]","[2, 4, 8]",anneal,minimize,local
r5b0fyzd,150,1080,1779187860752,,/home/meliani/nni-experiments/r5b0fyzd,40,exp_anneal_50_local_plus_ali_local_plus_ali,hpo,/home/meliani/Desktop/phd/fast-track/search_space.json,python3 trial.py --data ./local_plus_ali.csv,/home/meliani/Desktop/phd/fast-track,1,360000s,50,False,False,info,/home/meliani/nni-experiments,"['LSTM', 'GRU', 'CNN', 'RNN', 'TCN', 'Transformer', 'MLP']","[16, 32, 64, 128, 256]","[1, 2, 3, 4]","[0, 0.1, 0.2, 0.3, 0.5]","['relu', 'tanh', 'sigmoid', 'elu']","[1e-05, 0.01]","[2, 3, 4, 5, 6, 7, 8, 9, 10, 11, 12, 13, 14, 15, 16, 17, 18, 19, 20, 21, 22, 23, 24, 25, 26, 27, 28, 29, 30]","[16, 32, 64, 128]","[5, 10, 15, 20]","[2, 3, 5, 7]","[2, 4, 8]",anneal,minimize,local
r5b0fyzd,151,1090,1779187860752,,/home/meliani/nni-experiments/r5b0fyzd,40,exp_anneal_50_local_plus_ali_local_plus_ali,hpo,/home/meliani/Desktop/phd/fast-track/search_space.json,python3 trial.py --data ./local_plus_ali.csv,/home/meliani/Desktop/phd/fast-track,1,360000s,50,False,False,info,/home/meliani/nni-experiments,"['LSTM', 'GRU', 'CNN', 'RNN', 'TCN', 'Transformer', 'MLP']","[16, 32, 64, 128, 256]","[1, 2, 3, 4]","[0, 0.1, 0.2, 0.3, 0.5]","['relu', 'tanh', 'sigmoid', 'elu']","[1e-05, 0.01]","[2, 3, 4, 5, 6, 7, 8, 9, 10, 11, 12, 13, 14, 15, 16, 17, 18, 19, 20, 21, 22, 23, 24, 25, 26, 27, 28, 29, 30]","[16, 32, 64, 128]","[5, 10, 15, 20]","[2, 3, 5, 7]","[2, 4, 8]",anneal,minimize,local
r5b0fyzd,152,1100,1779187860752,,/home/meliani/nni-experiments/r5b0fyzd,40,exp_anneal_50_local_plus_ali_local_plus_ali,hpo,/home/meliani/Desktop/phd/fast-track/search_space.json,python3 trial.py --data ./local_plus_ali.csv,/home/meliani/Desktop/phd/fast-track,1,360000s,50,False,False,info,/home/meliani/nni-experiments,"['LSTM', 'GRU', 'CNN', 'RNN', 'TCN', 'Transformer', 'MLP']","[16, 32, 64, 128, 256]","[1, 2, 3, 4]","[0, 0.1, 0.2, 0.3, 0.5]","['relu', 'tanh', 'sigmoid', 'elu']","[1e-05, 0.01]","[2, 3, 4, 5, 6, 7, 8, 9, 10, 11, 12, 13, 14, 15, 16, 17, 18, 19, 20, 21, 22, 23, 24, 25, 26, 27, 28, 29, 30]","[16, 32, 64, 128]","[5, 10, 15, 20]","[2, 3, 5, 7]","[2, 4, 8]",anneal,minimize,local
r5b0fyzd,153,1110,1779187860752,,/home/meliani/nni-experiments/r5b0fyzd,40,exp_anneal_50_local_plus_ali_local_plus_ali,hpo,/home/meliani/Desktop/phd/fast-track/search_space.json,python3 trial.py --data ./local_plus_ali.csv,/home/meliani/Desktop/phd/fast-track,1,360000s,50,False,False,info,/home/meliani/nni-experiments,"['LSTM', 'GRU', 'CNN', 'RNN', 'TCN', 'Transformer', 'MLP']","[16, 32, 64, 128, 256]","[1, 2, 3, 4]","[0, 0.1, 0.2, 0.3, 0.5]","['relu', 'tanh', 'sigmoid', 'elu']","[1e-05, 0.01]","[2, 3, 4, 5, 6, 7, 8, 9, 10, 11, 12, 13, 14, 15, 16, 17, 18, 19, 20, 21, 22, 23, 24, 25, 26, 27, 28, 29, 30]","[16, 32, 64, 128]","[5, 10, 15, 20]","[2, 3, 5, 7]","[2, 4, 8]",anneal,minimize,local
r5b0fyzd,154,1120,1779187860752,,/home/meliani/nni-experiments/r5b0fyzd,40,exp_anneal_50_local_plus_ali_local_plus_ali,hpo,/home/meliani/Desktop/phd/fast-track/search_space.json,python3 trial.py --data ./local_plus_ali.csv,/home/meliani/Desktop/phd/fast-track,1,360000s,50,False,False,info,/home/meliani/nni-experiments,"['LSTM', 'GRU', 'CNN', 'RNN', 'TCN', 'Transformer', 'MLP']","[16, 32, 64, 128, 256]","[1, 2, 3, 4]","[0, 0.1, 0.2, 0.3, 0.5]","['relu', 'tanh', 'sigmoid', 'elu']","[1e-05, 0.01]","[2, 3, 4, 5, 6, 7, 8, 9, 10, 11, 12, 13, 14, 15, 16, 17, 18, 19, 20, 21, 22, 23, 24, 25, 26, 27, 28, 29, 30]","[16, 32, 64, 128]","[5, 10, 15, 20]","[2, 3, 5, 7]","[2, 4, 8]",anneal,minimize,local
r5b0fyzd,155,1130,1779187860752,,/home/meliani/nni-experiments/r5b0fyzd,40,exp_anneal_50_local_plus_ali_local_plus_ali,hpo,/home/meliani/Desktop/phd/fast-track/search_space.json,python3 trial.py --data ./local_plus_ali.csv,/home/meliani/Desktop/phd/fast-track,1,360000s,50,False,False,info,/home/meliani/nni-experiments,"['LSTM', 'GRU', 'CNN', 'RNN', 'TCN', 'Transformer', 'MLP']","[16, 32, 64, 128, 256]","[1, 2, 3, 4]","[0, 0.1, 0.2, 0.3, 0.5]","['relu', 'tanh', 'sigmoid', 'elu']","[1e-05, 0.01]","[2, 3, 4, 5, 6, 7, 8, 9, 10, 11, 12, 13, 14, 15, 16, 17, 18, 19, 20, 21, 22, 23, 24, 25, 26, 27, 28, 29, 30]","[16, 32, 64, 128]","[5, 10, 15, 20]","[2, 3, 5, 7]","[2, 4, 8]",anneal,minimize,local
r5b0fyzd,156,1140,1779187860752,,/home/meliani/nni-experiments/r5b0fyzd,40,exp_anneal_50_local_plus_ali_local_plus_ali,hpo,/home/meliani/Desktop/phd/fast-track/search_space.json,python3 trial.py --data ./local_plus_ali.csv,/home/meliani/Desktop/phd/fast-track,1,360000s,50,False,False,info,/home/meliani/nni-experiments,"['LSTM', 'GRU', 'CNN', 'RNN', 'TCN', 'Transformer', 'MLP']","[16, 32, 64, 128, 256]","[1, 2, 3, 4]","[0, 0.1, 0.2, 0.3, 0.5]","['relu', 'tanh', 'sigmoid', 'elu']","[1e-05, 0.01]","[2, 3, 4, 5, 6, 7, 8, 9, 10, 11, 12, 13, 14, 15, 16, 17, 18, 19, 20, 21, 22, 23, 24, 25, 26, 27, 28, 29, 30]","[16, 32, 64, 128]","[5, 10, 15, 20]","[2, 3, 5, 7]","[2, 4, 8]",anneal,minimize,local
r5b0fyzd,157,1150,1779187860752,,/home/meliani/nni-experiments/r5b0fyzd,40,exp_anneal_50_local_plus_ali_local_plus_ali,hpo,/home/meliani/Desktop/phd/fast-track/search_space.json,python3 trial.py --data ./local_plus_ali.csv,/home/meliani/Desktop/phd/fast-track,1,360000s,50,False,False,info,/home/meliani/nni-experiments,"['LSTM', 'GRU', 'CNN', 'RNN', 'TCN', 'Transformer', 'MLP']","[16, 32, 64, 128, 256]","[1, 2, 3, 4]","[0, 0.1, 0.2, 0.3, 0.5]","['relu', 'tanh', 'sigmoid', 'elu']","[1e-05, 0.01]","[2, 3, 4, 5, 6, 7, 8, 9, 10, 11, 12, 13, 14, 15, 16, 17, 18, 19, 20, 21, 22, 23, 24, 25, 26, 27, 28, 29, 30]","[16, 32, 64, 128]","[5, 10, 15, 20]","[2, 3, 5, 7]","[2, 4, 8]",anneal,minimize,local
r5b0fyzd,158,1160,1779187860752,,/home/meliani/nni-experiments/r5b0fyzd,40,exp_anneal_50_local_plus_ali_local_plus_ali,hpo,/home/meliani/Desktop/phd/fast-track/search_space.json,python3 trial.py --data ./local_plus_ali.csv,/home/meliani/Desktop/phd/fast-track,1,360000s,50,False,False,info,/home/meliani/nni-experiments,"['LSTM', 'GRU', 'CNN', 'RNN', 'TCN', 'Transformer', 'MLP']","[16, 32, 64, 128, 256]","[1, 2, 3, 4]","[0, 0.1, 0.2, 0.3, 0.5]","['relu', 'tanh', 'sigmoid', 'elu']","[1e-05, 0.01]","[2, 3, 4, 5, 6, 7, 8, 9, 10, 11, 12, 13, 14, 15, 16, 17, 18, 19, 20, 21, 22, 23, 24, 25, 26, 27, 28, 29, 30]","[16, 32, 64, 128]","[5, 10, 15, 20]","[2, 3, 5, 7]","[2, 4, 8]",anneal,minimize,local
r5b0fyzd,159,1170,1779187860752,,/home/meliani/nni-experiments/r5b0fyzd,40,exp_anneal_50_local_plus_ali_local_plus_ali,hpo,/home/meliani/Desktop/phd/fast-track/search_space.json,python3 trial.py --data ./local_plus_ali.csv,/home/meliani/Desktop/phd/fast-track,1,360000s,50,False,False,info,/home/meliani/nni-experiments,"['LSTM', 'GRU', 'CNN', 'RNN', 'TCN', 'Transformer', 'MLP']","[16, 32, 64, 128, 256]","[1, 2, 3, 4]","[0, 0.1, 0.2, 0.3, 0.5]","['relu', 'tanh', 'sigmoid', 'elu']","[1e-05, 0.01]","[2, 3, 4, 5, 6, 7, 8, 9, 10, 11, 12, 13, 14, 15, 16, 17, 18, 19, 20, 21, 22, 23, 24, 25, 26, 27, 28, 29, 30]","[16, 32, 64, 128]","[5, 10, 15, 20]","[2, 3, 5, 7]","[2, 4, 8]",anneal,minimize,local
r5b0fyzd,160,1180,1779187860752,,/home/meliani/nni-experiments/r5b0fyzd,40,exp_anneal_50_local_plus_ali_local_plus_ali,hpo,/home/meliani/Desktop/phd/fast-track/search_space.json,python3 trial.py --data ./local_plus_ali.csv,/home/meliani/Desktop/phd/fast-track,1,360000s,50,False,False,info,/home/meliani/nni-experiments,"['LSTM', 'GRU', 'CNN', 'RNN', 'TCN', 'Transformer', 'MLP']","[16, 32, 64, 128, 256]","[1, 2, 3, 4]","[0, 0.1, 0.2, 0.3, 0.5]","['relu', 'tanh', 'sigmoid', 'elu']","[1e-05, 0.01]","[2, 3, 4, 5, 6, 7, 8, 9, 10, 11, 12, 13, 14, 15, 16, 17, 18, 19, 20, 21, 22, 23, 24, 25, 26, 27, 28, 29, 30]","[16, 32, 64, 128]","[5, 10, 15, 20]","[2, 3, 5, 7]","[2, 4, 8]",anneal,minimize,local
r5b0fyzd,161,1190,1779187860752,,/home/meliani/nni-experiments/r5b0fyzd,40,exp_anneal_50_local_plus_ali_local_plus_ali,hpo,/home/meliani/Desktop/phd/fast-track/search_space.json,python3 trial.py --data ./local_plus_ali.csv,/home/meliani/Desktop/phd/fast-track,1,360000s,50,False,False,info,/home/meliani/nni-experiments,"['LSTM', 'GRU', 'CNN', 'RNN', 'TCN', 'Transformer', 'MLP']","[16, 32, 64, 128, 256]","[1, 2, 3, 4]","[0, 0.1, 0.2, 0.3, 0.5]","['relu', 'tanh', 'sigmoid', 'elu']","[1e-05, 0.01]","[2, 3, 4, 5, 6, 7, 8, 9, 10, 11, 12, 13, 14, 15, 16, 17, 18, 19, 20, 21, 22, 23, 24, 25, 26, 27, 28, 29, 30]","[16, 32, 64, 128]","[5, 10, 15, 20]","[2, 3, 5, 7]","[2, 4, 8]",anneal,minimize,local
r5b0fyzd,162,1200,1779187860752,,/home/meliani/nni-experiments/r5b0fyzd,40,exp_anneal_50_local_plus_ali_local_plus_ali,hpo,/home/meliani/Desktop/phd/fast-track/search_space.json,python3 trial.py --data ./local_plus_ali.csv,/home/meliani/Desktop/phd/fast-track,1,360000s,50,False,False,info,/home/meliani/nni-experiments,"['LSTM', 'GRU', 'CNN', 'RNN', 'TCN', 'Transformer', 'MLP']","[16, 32, 64, 128, 256]","[1, 2, 3, 4]","[0, 0.1, 0.2, 0.3, 0.5]","['relu', 'tanh', 'sigmoid', 'elu']","[1e-05, 0.01]","[2, 3, 4, 5, 6, 7, 8, 9, 10, 11, 12, 13, 14, 15, 16, 17, 18, 19, 20, 21, 22, 23, 24, 25, 26, 27, 28, 29, 30]","[16, 32, 64, 128]","[5, 10, 15, 20]","[2, 3, 5, 7]","[2, 4, 8]",anneal,minimize,local
r5b0fyzd,163,1210,1779187860752,,/home/meliani/nni-experiments/r5b0fyzd,40,exp_anneal_50_local_plus_ali_local_plus_ali,hpo,/home/meliani/Desktop/phd/fast-track/search_space.json,python3 trial.py --data ./local_plus_ali.csv,/home/meliani/Desktop/phd/fast-track,1,360000s,50,False,False,info,/home/meliani/nni-experiments,"['LSTM', 'GRU', 'CNN', 'RNN', 'TCN', 'Transformer', 'MLP']","[16, 32, 64, 128, 256]","[1, 2, 3, 4]","[0, 0.1, 0.2, 0.3, 0.5]","['relu', 'tanh', 'sigmoid', 'elu']","[1e-05, 0.01]","[2, 3, 4, 5, 6, 7, 8, 9, 10, 11, 12, 13, 14, 15, 16, 17, 18, 19, 20, 21, 22, 23, 24, 25, 26, 27, 28, 29, 30]","[16, 32, 64, 128]","[5, 10, 15, 20]","[2, 3, 5, 7]","[2, 4, 8]",anneal,minimize,local
r5b0fyzd,164,1220,1779187860752,,/home/meliani/nni-experiments/r5b0fyzd,40,exp_anneal_50_local_plus_ali_local_plus_ali,hpo,/home/meliani/Desktop/phd/fast-track/search_space.json,python3 trial.py --data ./local_plus_ali.csv,/home/meliani/Desktop/phd/fast-track,1,360000s,50,False,False,info,/home/meliani/nni-experiments,"['LSTM', 'GRU', 'CNN', 'RNN', 'TCN', 'Transformer', 'MLP']","[16, 32, 64, 128, 256]","[1, 2, 3, 4]","[0, 0.1, 0.2, 0.3, 0.5]","['relu', 'tanh', 'sigmoid', 'elu']","[1e-05, 0.01]","[2, 3, 4, 5, 6, 7, 8, 9, 10, 11, 12, 13, 14, 15, 16, 17, 18, 19, 20, 21, 22, 23, 24, 25, 26, 27, 28, 29, 30]","[16, 32, 64, 128]","[5, 10, 15, 20]","[2, 3, 5, 7]","[2, 4, 8]",anneal,minimize,local
r5b0fyzd,165,1230,1779187860752,,/home/meliani/nni-experiments/r5b0fyzd,40,exp_anneal_50_local_plus_ali_local_plus_ali,hpo,/home/meliani/Desktop/phd/fast-track/search_space.json,python3 trial.py --data ./local_plus_ali.csv,/home/meliani/Desktop/phd/fast-track,1,360000s,50,False,False,info,/home/meliani/nni-experiments,"['LSTM', 'GRU', 'CNN', 'RNN', 'TCN', 'Transformer', 'MLP']","[16, 32, 64, 128, 256]","[1, 2, 3, 4]","[0, 0.1, 0.2, 0.3, 0.5]","['relu', 'tanh', 'sigmoid', 'elu']","[1e-05, 0.01]","[2, 3, 4, 5, 6, 7, 8, 9, 10, 11, 12, 13, 14, 15, 16, 17, 18, 19, 20, 21, 22, 23, 24, 25, 26, 27, 28, 29, 30]","[16, 32, 64, 128]","[5, 10, 15, 20]","[2, 3, 5, 7]","[2, 4, 8]",anneal,minimize,local
r5b0fyzd,166,1240,1779187860752,,/home/meliani/nni-experiments/r5b0fyzd,40,exp_anneal_50_local_plus_ali_local_plus_ali,hpo,/home/meliani/Desktop/phd/fast-track/search_space.json,python3 trial.py --data ./local_plus_ali.csv,/home/meliani/Desktop/phd/fast-track,1,360000s,50,False,False,info,/home/meliani/nni-experiments,"['LSTM', 'GRU', 'CNN', 'RNN', 'TCN', 'Transformer', 'MLP']","[16, 32, 64, 128, 256]","[1, 2, 3, 4]","[0, 0.1, 0.2, 0.3, 0.5]","['relu', 'tanh', 'sigmoid', 'elu']","[1e-05, 0.01]","[2, 3, 4, 5, 6, 7, 8, 9, 10, 11, 12, 13, 14, 15, 16, 17, 18, 19, 20, 21, 22, 23, 24, 25, 26, 27, 28, 29, 30]","[16, 32, 64, 128]","[5, 10, 15, 20]","[2, 3, 5, 7]","[2, 4, 8]",anneal,minimize,local
r5b0fyzd,167,1250,1779187860752,,/home/meliani/nni-experiments/r5b0fyzd,40,exp_anneal_50_local_plus_ali_local_plus_ali,hpo,/home/meliani/Desktop/phd/fast-track/search_space.json,python3 trial.py --data ./local_plus_ali.csv,/home/meliani/Desktop/phd/fast-track,1,360000s,50,False,False,info,/home/meliani/nni-experiments,"['LSTM', 'GRU', 'CNN', 'RNN', 'TCN', 'Transformer', 'MLP']","[16, 32, 64, 128, 256]","[1, 2, 3, 4]","[0, 0.1, 0.2, 0.3, 0.5]","['relu', 'tanh', 'sigmoid', 'elu']","[1e-05, 0.01]","[2, 3, 4, 5, 6, 7, 8, 9, 10, 11, 12, 13, 14, 15, 16, 17, 18, 19, 20, 21, 22, 23, 24, 25, 26, 27, 28, 29, 30]","[16, 32, 64, 128]","[5, 10, 15, 20]","[2, 3, 5, 7]","[2, 4, 8]",anneal,minimize,local
r5b0fyzd,168,1260,1779187860752,,/home/meliani/nni-experiments/r5b0fyzd,40,exp_anneal_50_local_plus_ali_local_plus_ali,hpo,/home/meliani/Desktop/phd/fast-track/search_space.json,python3 trial.py --data ./local_plus_ali.csv,/home/meliani/Desktop/phd/fast-track,1,360000s,50,False,False,info,/home/meliani/nni-experiments,"['LSTM', 'GRU', 'CNN', 'RNN', 'TCN', 'Transformer', 'MLP']","[16, 32, 64, 128, 256]","[1, 2, 3, 4]","[0, 0.1, 0.2, 0.3, 0.5]","['relu', 'tanh', 'sigmoid', 'elu']","[1e-05, 0.01]","[2, 3, 4, 5, 6, 7, 8, 9, 10, 11, 12, 13, 14, 15, 16, 17, 18, 19, 20, 21, 22, 23, 24, 25, 26, 27, 28, 29, 30]","[16, 32, 64, 128]","[5, 10, 15, 20]","[2, 3, 5, 7]","[2, 4, 8]",anneal,minimize,local
r5b0fyzd,169,1270,1779187860752,,/home/meliani/nni-experiments/r5b0fyzd,40,exp_anneal_50_local_plus_ali_local_plus_ali,hpo,/home/meliani/Desktop/phd/fast-track/search_space.json,python3 trial.py --data ./local_plus_ali.csv,/home/meliani/Desktop/phd/fast-track,1,360000s,50,False,False,info,/home/meliani/nni-experiments,"['LSTM', 'GRU', 'CNN', 'RNN', 'TCN', 'Transformer', 'MLP']","[16, 32, 64, 128, 256]","[1, 2, 3, 4]","[0, 0.1, 0.2, 0.3, 0.5]","['relu', 'tanh', 'sigmoid', 'elu']","[1e-05, 0.01]","[2, 3, 4, 5, 6, 7, 8, 9, 10, 11, 12, 13, 14, 15, 16, 17, 18, 19, 20, 21, 22, 23, 24, 25, 26, 27, 28, 29, 30]","[16, 32, 64, 128]","[5, 10, 15, 20]","[2, 3, 5, 7]","[2, 4, 8]",anneal,minimize,local
r5b0fyzd,170,1280,1779187860752,,/home/meliani/nni-experiments/r5b0fyzd,40,exp_anneal_50_local_plus_ali_local_plus_ali,hpo,/home/meliani/Desktop/phd/fast-track/search_space.json,python3 trial.py --data ./local_plus_ali.csv,/home/meliani/Desktop/phd/fast-track,1,360000s,50,False,False,info,/home/meliani/nni-experiments,"['LSTM', 'GRU', 'CNN', 'RNN', 'TCN', 'Transformer', 'MLP']","[16, 32, 64, 128, 256]","[1, 2, 3, 4]","[0, 0.1, 0.2, 0.3, 0.5]","['relu', 'tanh', 'sigmoid', 'elu']","[1e-05, 0.01]","[2, 3, 4, 5, 6, 7, 8, 9, 10, 11, 12, 13, 14, 15, 16, 17, 18, 19, 20, 21, 22, 23, 24, 25, 26, 27, 28, 29, 30]","[16, 32, 64, 128]","[5, 10, 15, 20]","[2, 3, 5, 7]","[2, 4, 8]",anneal,minimize,local
r5b0fyzd,171,1290,1779187860752,,/home/meliani/nni-experiments/r5b0fyzd,40,exp_anneal_50_local_plus_ali_local_plus_ali,hpo,/home/meliani/Desktop/phd/fast-track/search_space.json,python3 trial.py --data ./local_plus_ali.csv,/home/meliani/Desktop/phd/fast-track,1,360000s,50,False,False,info,/home/meliani/nni-experiments,"['LSTM', 'GRU', 'CNN', 'RNN', 'TCN', 'Transformer', 'MLP']","[16, 32, 64, 128, 256]","[1, 2, 3, 4]","[0, 0.1, 0.2, 0.3, 0.5]","['relu', 'tanh', 'sigmoid', 'elu']","[1e-05, 0.01]","[2, 3, 4, 5, 6, 7, 8, 9, 10, 11, 12, 13, 14, 15, 16, 17, 18, 19, 20, 21, 22, 23, 24, 25, 26, 27, 28, 29, 30]","[16, 32, 64, 128]","[5, 10, 15, 20]","[2, 3, 5, 7]","[2, 4, 8]",anneal,minimize,local
r5b0fyzd,172,1300,1779187860752,,/home/meliani/nni-experiments/r5b0fyzd,40,exp_anneal_50_local_plus_ali_local_plus_ali,hpo,/home/meliani/Desktop/phd/fast-track/search_space.json,python3 trial.py --data ./local_plus_ali.csv,/home/meliani/Desktop/phd/fast-track,1,360000s,50,False,False,info,/home/meliani/nni-experiments,"['LSTM', 'GRU', 'CNN', 'RNN', 'TCN', 'Transformer', 'MLP']","[16, 32, 64, 128, 256]","[1, 2, 3, 4]","[0, 0.1, 0.2, 0.3, 0.5]","['relu', 'tanh', 'sigmoid', 'elu']","[1e-05, 0.01]","[2, 3, 4, 5, 6, 7, 8, 9, 10, 11, 12, 13, 14, 15, 16, 17, 18, 19, 20, 21, 22, 23, 24, 25, 26, 27, 28, 29, 30]","[16, 32, 64, 128]","[5, 10, 15, 20]","[2, 3, 5, 7]","[2, 4, 8]",anneal,minimize,local
r5b0fyzd,173,1310,1779187860752,,/home/meliani/nni-experiments/r5b0fyzd,40,exp_anneal_50_local_plus_ali_local_plus_ali,hpo,/home/meliani/Desktop/phd/fast-track/search_space.json,python3 trial.py --data ./local_plus_ali.csv,/home/meliani/Desktop/phd/fast-track,1,360000s,50,False,False,info,/home/meliani/nni-experiments,"['LSTM', 'GRU', 'CNN', 'RNN', 'TCN', 'Transformer', 'MLP']","[16, 32, 64, 128, 256]","[1, 2, 3, 4]","[0, 0.1, 0.2, 0.3, 0.5]","['relu', 'tanh', 'sigmoid', 'elu']","[1e-05, 0.01]","[2, 3, 4, 5, 6, 7, 8, 9, 10, 11, 12, 13, 14, 15, 16, 17, 18, 19, 20, 21, 22, 23, 24, 25, 26, 27, 28, 29, 30]","[16, 32, 64, 128]","[5, 10, 15, 20]","[2, 3, 5, 7]","[2, 4, 8]",anneal,minimize,local
r5b0fyzd,174,1320,1779187860752,,/home/meliani/nni-experiments/r5b0fyzd,40,exp_anneal_50_local_plus_ali_local_plus_ali,hpo,/home/meliani/Desktop/phd/fast-track/search_space.json,python3 trial.py --data ./local_plus_ali.csv,/home/meliani/Desktop/phd/fast-track,1,360000s,50,False,False,info,/home/meliani/nni-experiments,"['LSTM', 'GRU', 'CNN', 'RNN', 'TCN', 'Transformer', 'MLP']","[16, 32, 64, 128, 256]","[1, 2, 3, 4]","[0, 0.1, 0.2, 0.3, 0.5]","['relu', 'tanh', 'sigmoid', 'elu']","[1e-05, 0.01]","[2, 3, 4, 5, 6, 7, 8, 9, 10, 11, 12, 13, 14, 15, 16, 17, 18, 19, 20, 21, 22, 23, 24, 25, 26, 27, 28, 29, 30]","[16, 32, 64, 128]","[5, 10, 15, 20]","[2, 3, 5, 7]","[2, 4, 8]",anneal,minimize,local
r5b0fyzd,175,1330,1779187860752,,/home/meliani/nni-experiments/r5b0fyzd,40,exp_anneal_50_local_plus_ali_local_plus_ali,hpo,/home/meliani/Desktop/phd/fast-track/search_space.json,python3 trial.py --data ./local_plus_ali.csv,/home/meliani/Desktop/phd/fast-track,1,360000s,50,False,False,info,/home/meliani/nni-experiments,"['LSTM', 'GRU', 'CNN', 'RNN', 'TCN', 'Transformer', 'MLP']","[16, 32, 64, 128, 256]","[1, 2, 3, 4]","[0, 0.1, 0.2, 0.3, 0.5]","['relu', 'tanh', 'sigmoid', 'elu']","[1e-05, 0.01]","[2, 3, 4, 5, 6, 7, 8, 9, 10, 11, 12, 13, 14, 15, 16, 17, 18, 19, 20, 21, 22, 23, 24, 25, 26, 27, 28, 29, 30]","[16, 32, 64, 128]","[5, 10, 15, 20]","[2, 3, 5, 7]","[2, 4, 8]",anneal,minimize,local
r5b0fyzd,176,1340,1779187860752,,/home/meliani/nni-experiments/r5b0fyzd,40,exp_anneal_50_local_plus_ali_local_plus_ali,hpo,/home/meliani/Desktop/phd/fast-track/search_space.json,python3 trial.py --data ./local_plus_ali.csv,/home/meliani/Desktop/phd/fast-track,1,360000s,50,False,False,info,/home/meliani/nni-experiments,"['LSTM', 'GRU', 'CNN', 'RNN', 'TCN', 'Transformer', 'MLP']","[16, 32, 64, 128, 256]","[1, 2, 3, 4]","[0, 0.1, 0.2, 0.3, 0.5]","['relu', 'tanh', 'sigmoid', 'elu']","[1e-05, 0.01]","[2, 3, 4, 5, 6, 7, 8, 9, 10, 11, 12, 13, 14, 15, 16, 17, 18, 19, 20, 21, 22, 23, 24, 25, 26, 27, 28, 29, 30]","[16, 32, 64, 128]","[5, 10, 15, 20]","[2, 3, 5, 7]","[2, 4, 8]",anneal,minimize,local
r5b0fyzd,177,1350,1779187860752,,/home/meliani/nni-experiments/r5b0fyzd,40,exp_anneal_50_local_plus_ali_local_plus_ali,hpo,/home/meliani/Desktop/phd/fast-track/search_space.json,python3 trial.py --data ./local_plus_ali.csv,/home/meliani/Desktop/phd/fast-track,1,360000s,50,False,False,info,/home/meliani/nni-experiments,"['LSTM', 'GRU', 'CNN', 'RNN', 'TCN', 'Transformer', 'MLP']","[16, 32, 64, 128, 256]","[1, 2, 3, 4]","[0, 0.1, 0.2, 0.3, 0.5]","['relu', 'tanh', 'sigmoid', 'elu']","[1e-05, 0.01]","[2, 3, 4, 5, 6, 7, 8, 9, 10, 11, 12, 13, 14, 15, 16, 17, 18, 19, 20, 21, 22, 23, 24, 25, 26, 27, 28, 29, 30]","[16, 32, 64, 128]","[5, 10, 15, 20]","[2, 3, 5, 7]","[2, 4, 8]",anneal,minimize,local
r5b0fyzd,178,1360,1779187860752,,/home/meliani/nni-experiments/r5b0fyzd,40,exp_anneal_50_local_plus_ali_local_plus_ali,hpo,/home/meliani/Desktop/phd/fast-track/search_space.json,python3 trial.py --data ./local_plus_ali.csv,/home/meliani/Desktop/phd/fast-track,1,360000s,50,False,False,info,/home/meliani/nni-experiments,"['LSTM', 'GRU', 'CNN', 'RNN', 'TCN', 'Transformer', 'MLP']","[16, 32, 64, 128, 256]","[1, 2, 3, 4]","[0, 0.1, 0.2, 0.3, 0.5]","['relu', 'tanh', 'sigmoid', 'elu']","[1e-05, 0.01]","[2, 3, 4, 5, 6, 7, 8, 9, 10, 11, 12, 13, 14, 15, 16, 17, 18, 19, 20, 21, 22, 23, 24, 25, 26, 27, 28, 29, 30]","[16, 32, 64, 128]","[5, 10, 15, 20]","[2, 3, 5, 7]","[2, 4, 8]",anneal,minimize,local
r5b0fyzd,179,1370,1779187860752,,/home/meliani/nni-experiments/r5b0fyzd,40,exp_anneal_50_local_plus_ali_local_plus_ali,hpo,/home/meliani/Desktop/phd/fast-track/search_space.json,python3 trial.py --data ./local_plus_ali.csv,/home/meliani/Desktop/phd/fast-track,1,360000s,50,False,False,info,/home/meliani/nni-experiments,"['LSTM', 'GRU', 'CNN', 'RNN', 'TCN', 'Transformer', 'MLP']","[16, 32, 64, 128, 256]","[1, 2, 3, 4]","[0, 0.1, 0.2, 0.3, 0.5]","['relu', 'tanh', 'sigmoid', 'elu']","[1e-05, 0.01]","[2, 3, 4, 5, 6, 7, 8, 9, 10, 11, 12, 13, 14, 15, 16, 17, 18, 19, 20, 21, 22, 23, 24, 25, 26, 27, 28, 29, 30]","[16, 32, 64, 128]","[5, 10, 15, 20]","[2, 3, 5, 7]","[2, 4, 8]",anneal,minimize,local
r5b0fyzd,180,1380,1779187860752,,/home/meliani/nni-experiments/r5b0fyzd,40,exp_anneal_50_local_plus_ali_local_plus_ali,hpo,/home/meliani/Desktop/phd/fast-track/search_space.json,python3 trial.py --data ./local_plus_ali.csv,/home/meliani/Desktop/phd/fast-track,1,360000s,50,False,False,info,/home/meliani/nni-experiments,"['LSTM', 'GRU', 'CNN', 'RNN', 'TCN', 'Transformer', 'MLP']","[16, 32, 64, 128, 256]","[1, 2, 3, 4]","[0, 0.1, 0.2, 0.3, 0.5]","['relu', 'tanh', 'sigmoid', 'elu']","[1e-05, 0.01]","[2, 3, 4, 5, 6, 7, 8, 9, 10, 11, 12, 13, 14, 15, 16, 17, 18, 19, 20, 21, 22, 23, 24, 25, 26, 27, 28, 29, 30]","[16, 32, 64, 128]","[5, 10, 15, 20]","[2, 3, 5, 7]","[2, 4, 8]",anneal,minimize,local
r5b0fyzd,181,1390,1779187860752,,/home/meliani/nni-experiments/r5b0fyzd,40,exp_anneal_50_local_plus_ali_local_plus_ali,hpo,/home/meliani/Desktop/phd/fast-track/search_space.json,python3 trial.py --data ./local_plus_ali.csv,/home/meliani/Desktop/phd/fast-track,1,360000s,50,False,False,info,/home/meliani/nni-experiments,"['LSTM', 'GRU', 'CNN', 'RNN', 'TCN', 'Transformer', 'MLP']","[16, 32, 64, 128, 256]","[1, 2, 3, 4]","[0, 0.1, 0.2, 0.3, 0.5]","['relu', 'tanh', 'sigmoid', 'elu']","[1e-05, 0.01]","[2, 3, 4, 5, 6, 7, 8, 9, 10, 11, 12, 13, 14, 15, 16, 17, 18, 19, 20, 21, 22, 23, 24, 25, 26, 27, 28, 29, 30]","[16, 32, 64, 128]","[5, 10, 15, 20]","[2, 3, 5, 7]","[2, 4, 8]",anneal,minimize,local
r5b0fyzd,182,1400,1779187860752,,/home/meliani/nni-experiments/r5b0fyzd,40,exp_anneal_50_local_plus_ali_local_plus_ali,hpo,/home/meliani/Desktop/phd/fast-track/search_space.json,python3 trial.py --data ./local_plus_ali.csv,/home/meliani/Desktop/phd/fast-track,1,360000s,50,False,False,info,/home/meliani/nni-experiments,"['LSTM', 'GRU', 'CNN', 'RNN', 'TCN', 'Transformer', 'MLP']","[16, 32, 64, 128, 256]","[1, 2, 3, 4]","[0, 0.1, 0.2, 0.3, 0.5]","['relu', 'tanh', 'sigmoid', 'elu']","[1e-05, 0.01]","[2, 3, 4, 5, 6, 7, 8, 9, 10, 11, 12, 13, 14, 15, 16, 17, 18, 19, 20, 21, 22, 23, 24, 25, 26, 27, 28, 29, 30]","[16, 32, 64, 128]","[5, 10, 15, 20]","[2, 3, 5, 7]","[2, 4, 8]",anneal,minimize,local
r5b0fyzd,183,1410,1779187860752,,/home/meliani/nni-experiments/r5b0fyzd,40,exp_anneal_50_local_plus_ali_local_plus_ali,hpo,/home/meliani/Desktop/phd/fast-track/search_space.json,python3 trial.py --data ./local_plus_ali.csv,/home/meliani/Desktop/phd/fast-track,1,360000s,50,False,False,info,/home/meliani/nni-experiments,"['LSTM', 'GRU', 'CNN', 'RNN', 'TCN', 'Transformer', 'MLP']","[16, 32, 64, 128, 256]","[1, 2, 3, 4]","[0, 0.1, 0.2, 0.3, 0.5]","['relu', 'tanh', 'sigmoid', 'elu']","[1e-05, 0.01]","[2, 3, 4, 5, 6, 7, 8, 9, 10, 11, 12, 13, 14, 15, 16, 17, 18, 19, 20, 21, 22, 23, 24, 25, 26, 27, 28, 29, 30]","[16, 32, 64, 128]","[5, 10, 15, 20]","[2, 3, 5, 7]","[2, 4, 8]",anneal,minimize,local
r5b0fyzd,184,1420,1779187860752,,/home/meliani/nni-experiments/r5b0fyzd,40,exp_anneal_50_local_plus_ali_local_plus_ali,hpo,/home/meliani/Desktop/phd/fast-track/search_space.json,python3 trial.py --data ./local_plus_ali.csv,/home/meliani/Desktop/phd/fast-track,1,360000s,50,False,False,info,/home/meliani/nni-experiments,"['LSTM', 'GRU', 'CNN', 'RNN', 'TCN', 'Transformer', 'MLP']","[16, 32, 64, 128, 256]","[1, 2, 3, 4]","[0, 0.1, 0.2, 0.3, 0.5]","['relu', 'tanh', 'sigmoid', 'elu']","[1e-05, 0.01]","[2, 3, 4, 5, 6, 7, 8, 9, 10, 11, 12, 13, 14, 15, 16, 17, 18, 19, 20, 21, 22, 23, 24, 25, 26, 27, 28, 29, 30]","[16, 32, 64, 128]","[5, 10, 15, 20]","[2, 3, 5, 7]","[2, 4, 8]",anneal,minimize,local
r5b0fyzd,185,1430,1779187860752,,/home/meliani/nni-experiments/r5b0fyzd,40,exp_anneal_50_local_plus_ali_local_plus_ali,hpo,/home/meliani/Desktop/phd/fast-track/search_space.json,python3 trial.py --data ./local_plus_ali.csv,/home/meliani/Desktop/phd/fast-track,1,360000s,50,False,False,info,/home/meliani/nni-experiments,"['LSTM', 'GRU', 'CNN', 'RNN', 'TCN', 'Transformer', 'MLP']","[16, 32, 64, 128, 256]","[1, 2, 3, 4]","[0, 0.1, 0.2, 0.3, 0.5]","['relu', 'tanh', 'sigmoid', 'elu']","[1e-05, 0.01]","[2, 3, 4, 5, 6, 7, 8, 9, 10, 11, 12, 13, 14, 15, 16, 17, 18, 19, 20, 21, 22, 23, 24, 25, 26, 27, 28, 29, 30]","[16, 32, 64, 128]","[5, 10, 15, 20]","[2, 3, 5, 7]","[2, 4, 8]",anneal,minimize,local
r5b0fyzd,186,1440,1779187860752,,/home/meliani/nni-experiments/r5b0fyzd,40,exp_anneal_50_local_plus_ali_local_plus_ali,hpo,/home/meliani/Desktop/phd/fast-track/search_space.json,python3 trial.py --data ./local_plus_ali.csv,/home/meliani/Desktop/phd/fast-track,1,360000s,50,False,False,info,/home/meliani/nni-experiments,"['LSTM', 'GRU', 'CNN', 'RNN', 'TCN', 'Transformer', 'MLP']","[16, 32, 64, 128, 256]","[1, 2, 3, 4]","[0, 0.1, 0.2, 0.3, 0.5]","['relu', 'tanh', 'sigmoid', 'elu']","[1e-05, 0.01]","[2, 3, 4, 5, 6, 7, 8, 9, 10, 11, 12, 13, 14, 15, 16, 17, 18, 19, 20, 21, 22, 23, 24, 25, 26, 27, 28, 29, 30]","[16, 32, 64, 128]","[5, 10, 15, 20]","[2, 3, 5, 7]","[2, 4, 8]",anneal,minimize,local
r5b0fyzd,187,1450,1779187860752,,/home/meliani/nni-experiments/r5b0fyzd,40,exp_anneal_50_local_plus_ali_local_plus_ali,hpo,/home/meliani/Desktop/phd/fast-track/search_space.json,python3 trial.py --data ./local_plus_ali.csv,/home/meliani/Desktop/phd/fast-track,1,360000s,50,False,False,info,/home/meliani/nni-experiments,"['LSTM', 'GRU', 'CNN', 'RNN', 'TCN', 'Transformer', 'MLP']","[16, 32, 64, 128, 256]","[1, 2, 3, 4]","[0, 0.1, 0.2, 0.3, 0.5]","['relu', 'tanh', 'sigmoid', 'elu']","[1e-05, 0.01]","[2, 3, 4, 5, 6, 7, 8, 9, 10, 11, 12, 13, 14, 15, 16, 17, 18, 19, 20, 21, 22, 23, 24, 25, 26, 27, 28, 29, 30]","[16, 32, 64, 128]","[5, 10, 15, 20]","[2, 3, 5, 7]","[2, 4, 8]",anneal,minimize,local
r5b0fyzd,188,1457,1779187860752,,/home/meliani/nni-experiments/r5b0fyzd,41,exp_anneal_50_local_plus_ali_local_plus_ali,hpo,/home/meliani/Desktop/phd/fast-track/search_space.json,python3 trial.py --data ./local_plus_ali.csv,/home/meliani/Desktop/phd/fast-track,1,360000s,50,False,False,info,/home/meliani/nni-experiments,"['LSTM', 'GRU', 'CNN', 'RNN', 'TCN', 'Transformer', 'MLP']","[16, 32, 64, 128, 256]","[1, 2, 3, 4]","[0, 0.1, 0.2, 0.3, 0.5]","['relu', 'tanh', 'sigmoid', 'elu']","[1e-05, 0.01]","[2, 3, 4, 5, 6, 7, 8, 9, 10, 11, 12, 13, 14, 15, 16, 17, 18, 19, 20, 21, 22, 23, 24, 25, 26, 27, 28, 29, 30]","[16, 32, 64, 128]","[5, 10, 15, 20]","[2, 3, 5, 7]","[2, 4, 8]",anneal,minimize,local
r5b0fyzd,189,1460,1779187860752,,/home/meliani/nni-experiments/r5b0fyzd,41,exp_anneal_50_local_plus_ali_local_plus_ali,hpo,/home/meliani/Desktop/phd/fast-track/search_space.json,python3 trial.py --data ./local_plus_ali.csv,/home/meliani/Desktop/phd/fast-track,1,360000s,50,False,False,info,/home/meliani/nni-experiments,"['LSTM', 'GRU', 'CNN', 'RNN', 'TCN', 'Transformer', 'MLP']","[16, 32, 64, 128, 256]","[1, 2, 3, 4]","[0, 0.1, 0.2, 0.3, 0.5]","['relu', 'tanh', 'sigmoid', 'elu']","[1e-05, 0.01]","[2, 3, 4, 5, 6, 7, 8, 9, 10, 11, 12, 13, 14, 15, 16, 17, 18, 19, 20, 21, 22, 23, 24, 25, 26, 27, 28, 29, 30]","[16, 32, 64, 128]","[5, 10, 15, 20]","[2, 3, 5, 7]","[2, 4, 8]",anneal,minimize,local
r5b0fyzd,190,1470,1779187860752,,/home/meliani/nni-experiments/r5b0fyzd,41,exp_anneal_50_local_plus_ali_local_plus_ali,hpo,/home/meliani/Desktop/phd/fast-track/search_space.json,python3 trial.py --data ./local_plus_ali.csv,/home/meliani/Desktop/phd/fast-track,1,360000s,50,False,False,info,/home/meliani/nni-experiments,"['LSTM', 'GRU', 'CNN', 'RNN', 'TCN', 'Transformer', 'MLP']","[16, 32, 64, 128, 256]","[1, 2, 3, 4]","[0, 0.1, 0.2, 0.3, 0.5]","['relu', 'tanh', 'sigmoid', 'elu']","[1e-05, 0.01]","[2, 3, 4, 5, 6, 7, 8, 9, 10, 11, 12, 13, 14, 15, 16, 17, 18, 19, 20, 21, 22, 23, 24, 25, 26, 27, 28, 29, 30]","[16, 32, 64, 128]","[5, 10, 15, 20]","[2, 3, 5, 7]","[2, 4, 8]",anneal,minimize,local
r5b0fyzd,191,1471,1779187860752,,/home/meliani/nni-experiments/r5b0fyzd,42,exp_anneal_50_local_plus_ali_local_plus_ali,hpo,/home/meliani/Desktop/phd/fast-track/search_space.json,python3 trial.py --data ./local_plus_ali.csv,/home/meliani/Desktop/phd/fast-track,1,360000s,50,False,False,info,/home/meliani/nni-experiments,"['LSTM', 'GRU', 'CNN', 'RNN', 'TCN', 'Transformer', 'MLP']","[16, 32, 64, 128, 256]","[1, 2, 3, 4]","[0, 0.1, 0.2, 0.3, 0.5]","['relu', 'tanh', 'sigmoid', 'elu']","[1e-05, 0.01]","[2, 3, 4, 5, 6, 7, 8, 9, 10, 11, 12, 13, 14, 15, 16, 17, 18, 19, 20, 21, 22, 23, 24, 25, 26, 27, 28, 29, 30]","[16, 32, 64, 128]","[5, 10, 15, 20]","[2, 3, 5, 7]","[2, 4, 8]",anneal,minimize,local
r5b0fyzd,192,1478,1779187860752,,/home/meliani/nni-experiments/r5b0fyzd,43,exp_anneal_50_local_plus_ali_local_plus_ali,hpo,/home/meliani/Desktop/phd/fast-track/search_space.json,python3 trial.py --data ./local_plus_ali.csv,/home/meliani/Desktop/phd/fast-track,1,360000s,50,False,False,info,/home/meliani/nni-experiments,"['LSTM', 'GRU', 'CNN', 'RNN', 'TCN', 'Transformer', 'MLP']","[16, 32, 64, 128, 256]","[1, 2, 3, 4]","[0, 0.1, 0.2, 0.3, 0.5]","['relu', 'tanh', 'sigmoid', 'elu']","[1e-05, 0.01]","[2, 3, 4, 5, 6, 7, 8, 9, 10, 11, 12, 13, 14, 15, 16, 17, 18, 19, 20, 21, 22, 23, 24, 25, 26, 27, 28, 29, 30]","[16, 32, 64, 128]","[5, 10, 15, 20]","[2, 3, 5, 7]","[2, 4, 8]",anneal,minimize,local
r5b0fyzd,193,1480,1779187860752,,/home/meliani/nni-experiments/r5b0fyzd,43,exp_anneal_50_local_plus_ali_local_plus_ali,hpo,/home/meliani/Desktop/phd/fast-track/search_space.json,python3 trial.py --data ./local_plus_ali.csv,/home/meliani/Desktop/phd/fast-track,1,360000s,50,False,False,info,/home/meliani/nni-experiments,"['LSTM', 'GRU', 'CNN', 'RNN', 'TCN', 'Transformer', 'MLP']","[16, 32, 64, 128, 256]","[1, 2, 3, 4]","[0, 0.1, 0.2, 0.3, 0.5]","['relu', 'tanh', 'sigmoid', 'elu']","[1e-05, 0.01]","[2, 3, 4, 5, 6, 7, 8, 9, 10, 11, 12, 13, 14, 15, 16, 17, 18, 19, 20, 21, 22, 23, 24, 25, 26, 27, 28, 29, 30]","[16, 32, 64, 128]","[5, 10, 15, 20]","[2, 3, 5, 7]","[2, 4, 8]",anneal,minimize,local
r5b0fyzd,194,1490,1779187860752,,/home/meliani/nni-experiments/r5b0fyzd,43,exp_anneal_50_local_plus_ali_local_plus_ali,hpo,/home/meliani/Desktop/phd/fast-track/search_space.json,python3 trial.py --data ./local_plus_ali.csv,/home/meliani/Desktop/phd/fast-track,1,360000s,50,False,False,info,/home/meliani/nni-experiments,"['LSTM', 'GRU', 'CNN', 'RNN', 'TCN', 'Transformer', 'MLP']","[16, 32, 64, 128, 256]","[1, 2, 3, 4]","[0, 0.1, 0.2, 0.3, 0.5]","['relu', 'tanh', 'sigmoid', 'elu']","[1e-05, 0.01]","[2, 3, 4, 5, 6, 7, 8, 9, 10, 11, 12, 13, 14, 15, 16, 17, 18, 19, 20, 21, 22, 23, 24, 25, 26, 27, 28, 29, 30]","[16, 32, 64, 128]","[5, 10, 15, 20]","[2, 3, 5, 7]","[2, 4, 8]",anneal,minimize,local
r5b0fyzd,195,1494,1779187860752,,/home/meliani/nni-experiments/r5b0fyzd,44,exp_anneal_50_local_plus_ali_local_plus_ali,hpo,/home/meliani/Desktop/phd/fast-track/search_space.json,python3 trial.py --data ./local_plus_ali.csv,/home/meliani/Desktop/phd/fast-track,1,360000s,50,False,False,info,/home/meliani/nni-experiments,"['LSTM', 'GRU', 'CNN', 'RNN', 'TCN', 'Transformer', 'MLP']","[16, 32, 64, 128, 256]","[1, 2, 3, 4]","[0, 0.1, 0.2, 0.3, 0.5]","['relu', 'tanh', 'sigmoid', 'elu']","[1e-05, 0.01]","[2, 3, 4, 5, 6, 7, 8, 9, 10, 11, 12, 13, 14, 15, 16, 17, 18, 19, 20, 21, 22, 23, 24, 25, 26, 27, 28, 29, 30]","[16, 32, 64, 128]","[5, 10, 15, 20]","[2, 3, 5, 7]","[2, 4, 8]",anneal,minimize,local
r5b0fyzd,196,1500,1779187860752,,/home/meliani/nni-experiments/r5b0fyzd,44,exp_anneal_50_local_plus_ali_local_plus_ali,hpo,/home/meliani/Desktop/phd/fast-track/search_space.json,python3 trial.py --data ./local_plus_ali.csv,/home/meliani/Desktop/phd/fast-track,1,360000s,50,False,False,info,/home/meliani/nni-experiments,"['LSTM', 'GRU', 'CNN', 'RNN', 'TCN', 'Transformer', 'MLP']","[16, 32, 64, 128, 256]","[1, 2, 3, 4]","[0, 0.1, 0.2, 0.3, 0.5]","['relu', 'tanh', 'sigmoid', 'elu']","[1e-05, 0.01]","[2, 3, 4, 5, 6, 7, 8, 9, 10, 11, 12, 13, 14, 15, 16, 17, 18, 19, 20, 21, 22, 23, 24, 25, 26, 27, 28, 29, 30]","[16, 32, 64, 128]","[5, 10, 15, 20]","[2, 3, 5, 7]","[2, 4, 8]",anneal,minimize,local
r5b0fyzd,197,1510,1779187860752,,/home/meliani/nni-experiments/r5b0fyzd,44,exp_anneal_50_local_plus_ali_local_plus_ali,hpo,/home/meliani/Desktop/phd/fast-track/search_space.json,python3 trial.py --data ./local_plus_ali.csv,/home/meliani/Desktop/phd/fast-track,1,360000s,50,False,False,info,/home/meliani/nni-experiments,"['LSTM', 'GRU', 'CNN', 'RNN', 'TCN', 'Transformer', 'MLP']","[16, 32, 64, 128, 256]","[1, 2, 3, 4]","[0, 0.1, 0.2, 0.3, 0.5]","['relu', 'tanh', 'sigmoid', 'elu']","[1e-05, 0.01]","[2, 3, 4, 5, 6, 7, 8, 9, 10, 11, 12, 13, 14, 15, 16, 17, 18, 19, 20, 21, 22, 23, 24, 25, 26, 27, 28, 29, 30]","[16, 32, 64, 128]","[5, 10, 15, 20]","[2, 3, 5, 7]","[2, 4, 8]",anneal,minimize,local
r5b0fyzd,198,1520,1779187860752,,/home/meliani/nni-experiments/r5b0fyzd,44,exp_anneal_50_local_plus_ali_local_plus_ali,hpo,/home/meliani/Desktop/phd/fast-track/search_space.json,python3 trial.py --data ./local_plus_ali.csv,/home/meliani/Desktop/phd/fast-track,1,360000s,50,False,False,info,/home/meliani/nni-experiments,"['LSTM', 'GRU', 'CNN', 'RNN', 'TCN', 'Transformer', 'MLP']","[16, 32, 64, 128, 256]","[1, 2, 3, 4]","[0, 0.1, 0.2, 0.3, 0.5]","['relu', 'tanh', 'sigmoid', 'elu']","[1e-05, 0.01]","[2, 3, 4, 5, 6, 7, 8, 9, 10, 11, 12, 13, 14, 15, 16, 17, 18, 19, 20, 21, 22, 23, 24, 25, 26, 27, 28, 29, 30]","[16, 32, 64, 128]","[5, 10, 15, 20]","[2, 3, 5, 7]","[2, 4, 8]",anneal,minimize,local
r5b0fyzd,199,1521,1779187860752,,/home/meliani/nni-experiments/r5b0fyzd,45,exp_anneal_50_local_plus_ali_local_plus_ali,hpo,/home/meliani/Desktop/phd/fast-track/search_space.json,python3 trial.py --data ./local_plus_ali.csv,/home/meliani/Desktop/phd/fast-track,1,360000s,50,False,False,info,/home/meliani/nni-experiments,"['LSTM', 'GRU', 'CNN', 'RNN', 'TCN', 'Transformer', 'MLP']","[16, 32, 64, 128, 256]","[1, 2, 3, 4]","[0, 0.1, 0.2, 0.3, 0.5]","['relu', 'tanh', 'sigmoid', 'elu']","[1e-05, 0.01]","[2, 3, 4, 5, 6, 7, 8, 9, 10, 11, 12, 13, 14, 15, 16, 17, 18, 19, 20, 21, 22, 23, 24, 25, 26, 27, 28, 29, 30]","[16, 32, 64, 128]","[5, 10, 15, 20]","[2, 3, 5, 7]","[2, 4, 8]",anneal,minimize,local
r5b0fyzd,200,1530,1779187860752,,/home/meliani/nni-experiments/r5b0fyzd,45,exp_anneal_50_local_plus_ali_local_plus_ali,hpo,/home/meliani/Desktop/phd/fast-track/search_space.json,python3 trial.py --data ./local_plus_ali.csv,/home/meliani/Desktop/phd/fast-track,1,360000s,50,False,False,info,/home/meliani/nni-experiments,"['LSTM', 'GRU', 'CNN', 'RNN', 'TCN', 'Transformer', 'MLP']","[16, 32, 64, 128, 256]","[1, 2, 3, 4]","[0, 0.1, 0.2, 0.3, 0.5]","['relu', 'tanh', 'sigmoid', 'elu']","[1e-05, 0.01]","[2, 3, 4, 5, 6, 7, 8, 9, 10, 11, 12, 13, 14, 15, 16, 17, 18, 19, 20, 21, 22, 23, 24, 25, 26, 27, 28, 29, 30]","[16, 32, 64, 128]","[5, 10, 15, 20]","[2, 3, 5, 7]","[2, 4, 8]",anneal,minimize,local
r5b0fyzd,201,1540,1779187860752,,/home/meliani/nni-experiments/r5b0fyzd,45,exp_anneal_50_local_plus_ali_local_plus_ali,hpo,/home/meliani/Desktop/phd/fast-track/search_space.json,python3 trial.py --data ./local_plus_ali.csv,/home/meliani/Desktop/phd/fast-track,1,360000s,50,False,False,info,/home/meliani/nni-experiments,"['LSTM', 'GRU', 'CNN', 'RNN', 'TCN', 'Transformer', 'MLP']","[16, 32, 64, 128, 256]","[1, 2, 3, 4]","[0, 0.1, 0.2, 0.3, 0.5]","['relu', 'tanh', 'sigmoid', 'elu']","[1e-05, 0.01]","[2, 3, 4, 5, 6, 7, 8, 9, 10, 11, 12, 13, 14, 15, 16, 17, 18, 19, 20, 21, 22, 23, 24, 25, 26, 27, 28, 29, 30]","[16, 32, 64, 128]","[5, 10, 15, 20]","[2, 3, 5, 7]","[2, 4, 8]",anneal,minimize,local
r5b0fyzd,202,1550,1779187860752,,/home/meliani/nni-experiments/r5b0fyzd,45,exp_anneal_50_local_plus_ali_local_plus_ali,hpo,/home/meliani/Desktop/phd/fast-track/search_space.json,python3 trial.py --data ./local_plus_ali.csv,/home/meliani/Desktop/phd/fast-track,1,360000s,50,False,False,info,/home/meliani/nni-experiments,"['LSTM', 'GRU', 'CNN', 'RNN', 'TCN', 'Transformer', 'MLP']","[16, 32, 64, 128, 256]","[1, 2, 3, 4]","[0, 0.1, 0.2, 0.3, 0.5]","['relu', 'tanh', 'sigmoid', 'elu']","[1e-05, 0.01]","[2, 3, 4, 5, 6, 7, 8, 9, 10, 11, 12, 13, 14, 15, 16, 17, 18, 19, 20, 21, 22, 23, 24, 25, 26, 27, 28, 29, 30]","[16, 32, 64, 128]","[5, 10, 15, 20]","[2, 3, 5, 7]","[2, 4, 8]",anneal,minimize,local
r5b0fyzd,203,1560,1779187860752,,/home/meliani/nni-experiments/r5b0fyzd,45,exp_anneal_50_local_plus_ali_local_plus_ali,hpo,/home/meliani/Desktop/phd/fast-track/search_space.json,python3 trial.py --data ./local_plus_ali.csv,/home/meliani/Desktop/phd/fast-track,1,360000s,50,False,False,info,/home/meliani/nni-experiments,"['LSTM', 'GRU', 'CNN', 'RNN', 'TCN', 'Transformer', 'MLP']","[16, 32, 64, 128, 256]","[1, 2, 3, 4]","[0, 0.1, 0.2, 0.3, 0.5]","['relu', 'tanh', 'sigmoid', 'elu']","[1e-05, 0.01]","[2, 3, 4, 5, 6, 7, 8, 9, 10, 11, 12, 13, 14, 15, 16, 17, 18, 19, 20, 21, 22, 23, 24, 25, 26, 27, 28, 29, 30]","[16, 32, 64, 128]","[5, 10, 15, 20]","[2, 3, 5, 7]","[2, 4, 8]",anneal,minimize,local
r5b0fyzd,204,1567,1779187860752,,/home/meliani/nni-experiments/r5b0fyzd,46,exp_anneal_50_local_plus_ali_local_plus_ali,hpo,/home/meliani/Desktop/phd/fast-track/search_space.json,python3 trial.py --data ./local_plus_ali.csv,/home/meliani/Desktop/phd/fast-track,1,360000s,50,False,False,info,/home/meliani/nni-experiments,"['LSTM', 'GRU', 'CNN', 'RNN', 'TCN', 'Transformer', 'MLP']","[16, 32, 64, 128, 256]","[1, 2, 3, 4]","[0, 0.1, 0.2, 0.3, 0.5]","['relu', 'tanh', 'sigmoid', 'elu']","[1e-05, 0.01]","[2, 3, 4, 5, 6, 7, 8, 9, 10, 11, 12, 13, 14, 15, 16, 17, 18, 19, 20, 21, 22, 23, 24, 25, 26, 27, 28, 29, 30]","[16, 32, 64, 128]","[5, 10, 15, 20]","[2, 3, 5, 7]","[2, 4, 8]",anneal,minimize,local
r5b0fyzd,205,1570,1779187860752,,/home/meliani/nni-experiments/r5b0fyzd,46,exp_anneal_50_local_plus_ali_local_plus_ali,hpo,/home/meliani/Desktop/phd/fast-track/search_space.json,python3 trial.py --data ./local_plus_ali.csv,/home/meliani/Desktop/phd/fast-track,1,360000s,50,False,False,info,/home/meliani/nni-experiments,"['LSTM', 'GRU', 'CNN', 'RNN', 'TCN', 'Transformer', 'MLP']","[16, 32, 64, 128, 256]","[1, 2, 3, 4]","[0, 0.1, 0.2, 0.3, 0.5]","['relu', 'tanh', 'sigmoid', 'elu']","[1e-05, 0.01]","[2, 3, 4, 5, 6, 7, 8, 9, 10, 11, 12, 13, 14, 15, 16, 17, 18, 19, 20, 21, 22, 23, 24, 25, 26, 27, 28, 29, 30]","[16, 32, 64, 128]","[5, 10, 15, 20]","[2, 3, 5, 7]","[2, 4, 8]",anneal,minimize,local
r5b0fyzd,206,1580,1779187860752,,/home/meliani/nni-experiments/r5b0fyzd,46,exp_anneal_50_local_plus_ali_local_plus_ali,hpo,/home/meliani/Desktop/phd/fast-track/search_space.json,python3 trial.py --data ./local_plus_ali.csv,/home/meliani/Desktop/phd/fast-track,1,360000s,50,False,False,info,/home/meliani/nni-experiments,"['LSTM', 'GRU', 'CNN', 'RNN', 'TCN', 'Transformer', 'MLP']","[16, 32, 64, 128, 256]","[1, 2, 3, 4]","[0, 0.1, 0.2, 0.3, 0.5]","['relu', 'tanh', 'sigmoid', 'elu']","[1e-05, 0.01]","[2, 3, 4, 5, 6, 7, 8, 9, 10, 11, 12, 13, 14, 15, 16, 17, 18, 19, 20, 21, 22, 23, 24, 25, 26, 27, 28, 29, 30]","[16, 32, 64, 128]","[5, 10, 15, 20]","[2, 3, 5, 7]","[2, 4, 8]",anneal,minimize,local
r5b0fyzd,207,1584,1779187860752,,/home/meliani/nni-experiments/r5b0fyzd,47,exp_anneal_50_local_plus_ali_local_plus_ali,hpo,/home/meliani/Desktop/phd/fast-track/search_space.json,python3 trial.py --data ./local_plus_ali.csv,/home/meliani/Desktop/phd/fast-track,1,360000s,50,False,False,info,/home/meliani/nni-experiments,"['LSTM', 'GRU', 'CNN', 'RNN', 'TCN', 'Transformer', 'MLP']","[16, 32, 64, 128, 256]","[1, 2, 3, 4]","[0, 0.1, 0.2, 0.3, 0.5]","['relu', 'tanh', 'sigmoid', 'elu']","[1e-05, 0.01]","[2, 3, 4, 5, 6, 7, 8, 9, 10, 11, 12, 13, 14, 15, 16, 17, 18, 19, 20, 21, 22, 23, 24, 25, 26, 27, 28, 29, 30]","[16, 32, 64, 128]","[5, 10, 15, 20]","[2, 3, 5, 7]","[2, 4, 8]",anneal,minimize,local
r5b0fyzd,208,1590,1779187860752,,/home/meliani/nni-experiments/r5b0fyzd,47,exp_anneal_50_local_plus_ali_local_plus_ali,hpo,/home/meliani/Desktop/phd/fast-track/search_space.json,python3 trial.py --data ./local_plus_ali.csv,/home/meliani/Desktop/phd/fast-track,1,360000s,50,False,False,info,/home/meliani/nni-experiments,"['LSTM', 'GRU', 'CNN', 'RNN', 'TCN', 'Transformer', 'MLP']","[16, 32, 64, 128, 256]","[1, 2, 3, 4]","[0, 0.1, 0.2, 0.3, 0.5]","['relu', 'tanh', 'sigmoid', 'elu']","[1e-05, 0.01]","[2, 3, 4, 5, 6, 7, 8, 9, 10, 11, 12, 13, 14, 15, 16, 17, 18, 19, 20, 21, 22, 23, 24, 25, 26, 27, 28, 29, 30]","[16, 32, 64, 128]","[5, 10, 15, 20]","[2, 3, 5, 7]","[2, 4, 8]",anneal,minimize,local
r5b0fyzd,209,1600,1779187860752,,/home/meliani/nni-experiments/r5b0fyzd,47,exp_anneal_50_local_plus_ali_local_plus_ali,hpo,/home/meliani/Desktop/phd/fast-track/search_space.json,python3 trial.py --data ./local_plus_ali.csv,/home/meliani/Desktop/phd/fast-track,1,360000s,50,False,False,info,/home/meliani/nni-experiments,"['LSTM', 'GRU', 'CNN', 'RNN', 'TCN', 'Transformer', 'MLP']","[16, 32, 64, 128, 256]","[1, 2, 3, 4]","[0, 0.1, 0.2, 0.3, 0.5]","['relu', 'tanh', 'sigmoid', 'elu']","[1e-05, 0.01]","[2, 3, 4, 5, 6, 7, 8, 9, 10, 11, 12, 13, 14, 15, 16, 17, 18, 19, 20, 21, 22, 23, 24, 25, 26, 27, 28, 29, 30]","[16, 32, 64, 128]","[5, 10, 15, 20]","[2, 3, 5, 7]","[2, 4, 8]",anneal,minimize,local
r5b0fyzd,210,1605,1779187860752,,/home/meliani/nni-experiments/r5b0fyzd,48,exp_anneal_50_local_plus_ali_local_plus_ali,hpo,/home/meliani/Desktop/phd/fast-track/search_space.json,python3 trial.py --data ./local_plus_ali.csv,/home/meliani/Desktop/phd/fast-track,1,360000s,50,False,False,info,/home/meliani/nni-experiments,"['LSTM', 'GRU', 'CNN', 'RNN', 'TCN', 'Transformer', 'MLP']","[16, 32, 64, 128, 256]","[1, 2, 3, 4]","[0, 0.1, 0.2, 0.3, 0.5]","['relu', 'tanh', 'sigmoid', 'elu']","[1e-05, 0.01]","[2, 3, 4, 5, 6, 7, 8, 9, 10, 11, 12, 13, 14, 15, 16, 17, 18, 19, 20, 21, 22, 23, 24, 25, 26, 27, 28, 29, 30]","[16, 32, 64, 128]","[5, 10, 15, 20]","[2, 3, 5, 7]","[2, 4, 8]",anneal,minimize,local
r5b0fyzd,211,1610,1779187860752,,/home/meliani/nni-experiments/r5b0fyzd,48,exp_anneal_50_local_plus_ali_local_plus_ali,hpo,/home/meliani/Desktop/phd/fast-track/search_space.json,python3 trial.py --data ./local_plus_ali.csv,/home/meliani/Desktop/phd/fast-track,1,360000s,50,False,False,info,/home/meliani/nni-experiments,"['LSTM', 'GRU', 'CNN', 'RNN', 'TCN', 'Transformer', 'MLP']","[16, 32, 64, 128, 256]","[1, 2, 3, 4]","[0, 0.1, 0.2, 0.3, 0.5]","['relu', 'tanh', 'sigmoid', 'elu']","[1e-05, 0.01]","[2, 3, 4, 5, 6, 7, 8, 9, 10, 11, 12, 13, 14, 15, 16, 17, 18, 19, 20, 21, 22, 23, 24, 25, 26, 27, 28, 29, 30]","[16, 32, 64, 128]","[5, 10, 15, 20]","[2, 3, 5, 7]","[2, 4, 8]",anneal,minimize,local
r5b0fyzd,212,1615,1779187860752,,/home/meliani/nni-experiments/r5b0fyzd,49,exp_anneal_50_local_plus_ali_local_plus_ali,hpo,/home/meliani/Desktop/phd/fast-track/search_space.json,python3 trial.py --data ./local_plus_ali.csv,/home/meliani/Desktop/phd/fast-track,1,360000s,50,False,False,info,/home/meliani/nni-experiments,"['LSTM', 'GRU', 'CNN', 'RNN', 'TCN', 'Transformer', 'MLP']","[16, 32, 64, 128, 256]","[1, 2, 3, 4]","[0, 0.1, 0.2, 0.3, 0.5]","['relu', 'tanh', 'sigmoid', 'elu']","[1e-05, 0.01]","[2, 3, 4, 5, 6, 7, 8, 9, 10, 11, 12, 13, 14, 15, 16, 17, 18, 19, 20, 21, 22, 23, 24, 25, 26, 27, 28, 29, 30]","[16, 32, 64, 128]","[5, 10, 15, 20]","[2, 3, 5, 7]","[2, 4, 8]",anneal,minimize,local
r5b0fyzd,213,1620,1779187860752,,/home/meliani/nni-experiments/r5b0fyzd,49,exp_anneal_50_local_plus_ali_local_plus_ali,hpo,/home/meliani/Desktop/phd/fast-track/search_space.json,python3 trial.py --data ./local_plus_ali.csv,/home/meliani/Desktop/phd/fast-track,1,360000s,50,False,False,info,/home/meliani/nni-experiments,"['LSTM', 'GRU', 'CNN', 'RNN', 'TCN', 'Transformer', 'MLP']","[16, 32, 64, 128, 256]","[1, 2, 3, 4]","[0, 0.1, 0.2, 0.3, 0.5]","['relu', 'tanh', 'sigmoid', 'elu']","[1e-05, 0.01]","[2, 3, 4, 5, 6, 7, 8, 9, 10, 11, 12, 13, 14, 15, 16, 17, 18, 19, 20, 21, 22, 23, 24, 25, 26, 27, 28, 29, 30]","[16, 32, 64, 128]","[5, 10, 15, 20]","[2, 3, 5, 7]","[2, 4, 8]",anneal,minimize,local
r5b0fyzd,214,1630,1779187860752,,/home/meliani/nni-experiments/r5b0fyzd,49,exp_anneal_50_local_plus_ali_local_plus_ali,hpo,/home/meliani/Desktop/phd/fast-track/search_space.json,python3 trial.py --data ./local_plus_ali.csv,/home/meliani/Desktop/phd/fast-track,1,360000s,50,False,False,info,/home/meliani/nni-experiments,"['LSTM', 'GRU', 'CNN', 'RNN', 'TCN', 'Transformer', 'MLP']","[16, 32, 64, 128, 256]","[1, 2, 3, 4]","[0, 0.1, 0.2, 0.3, 0.5]","['relu', 'tanh', 'sigmoid', 'elu']","[1e-05, 0.01]","[2, 3, 4, 5, 6, 7, 8, 9, 10, 11, 12, 13, 14, 15, 16, 17, 18, 19, 20, 21, 22, 23, 24, 25, 26, 27, 28, 29, 30]","[16, 32, 64, 128]","[5, 10, 15, 20]","[2, 3, 5, 7]","[2, 4, 8]",anneal,minimize,local
r5b0fyzd,215,1640,1779187860752,,/home/meliani/nni-experiments/r5b0fyzd,49,exp_anneal_50_local_plus_ali_local_plus_ali,hpo,/home/meliani/Desktop/phd/fast-track/search_space.json,python3 trial.py --data ./local_plus_ali.csv,/home/meliani/Desktop/phd/fast-track,1,360000s,50,False,False,info,/home/meliani/nni-experiments,"['LSTM', 'GRU', 'CNN', 'RNN', 'TCN', 'Transformer', 'MLP']","[16, 32, 64, 128, 256]","[1, 2, 3, 4]","[0, 0.1, 0.2, 0.3, 0.5]","['relu', 'tanh', 'sigmoid', 'elu']","[1e-05, 0.01]","[2, 3, 4, 5, 6, 7, 8, 9, 10, 11, 12, 13, 14, 15, 16, 17, 18, 19, 20, 21, 22, 23, 24, 25, 26, 27, 28, 29, 30]","[16, 32, 64, 128]","[5, 10, 15, 20]","[2, 3, 5, 7]","[2, 4, 8]",anneal,minimize,local
r5b0fyzd,216,1650,1779187860752,,/home/meliani/nni-experiments/r5b0fyzd,49,exp_anneal_50_local_plus_ali_local_plus_ali,hpo,/home/meliani/Desktop/phd/fast-track/search_space.json,python3 trial.py --data ./local_plus_ali.csv,/home/meliani/Desktop/phd/fast-track,1,360000s,50,False,False,info,/home/meliani/nni-experiments,"['LSTM', 'GRU', 'CNN', 'RNN', 'TCN', 'Transformer', 'MLP']","[16, 32, 64, 128, 256]","[1, 2, 3, 4]","[0, 0.1, 0.2, 0.3, 0.5]","['relu', 'tanh', 'sigmoid', 'elu']","[1e-05, 0.01]","[2, 3, 4, 5, 6, 7, 8, 9, 10, 11, 12, 13, 14, 15, 16, 17, 18, 19, 20, 21, 22, 23, 24, 25, 26, 27, 28, 29, 30]","[16, 32, 64, 128]","[5, 10, 15, 20]","[2, 3, 5, 7]","[2, 4, 8]",anneal,minimize,local
r5b0fyzd,217,1660,1779187860752,,/home/meliani/nni-experiments/r5b0fyzd,49,exp_anneal_50_local_plus_ali_local_plus_ali,hpo,/home/meliani/Desktop/phd/fast-track/search_space.json,python3 trial.py --data ./local_plus_ali.csv,/home/meliani/Desktop/phd/fast-track,1,360000s,50,False,False,info,/home/meliani/nni-experiments,"['LSTM', 'GRU', 'CNN', 'RNN', 'TCN', 'Transformer', 'MLP']","[16, 32, 64, 128, 256]","[1, 2, 3, 4]","[0, 0.1, 0.2, 0.3, 0.5]","['relu', 'tanh', 'sigmoid', 'elu']","[1e-05, 0.01]","[2, 3, 4, 5, 6, 7, 8, 9, 10, 11, 12, 13, 14, 15, 16, 17, 18, 19, 20, 21, 22, 23, 24, 25, 26, 27, 28, 29, 30]","[16, 32, 64, 128]","[5, 10, 15, 20]","[2, 3, 5, 7]","[2, 4, 8]",anneal,minimize,local
r5b0fyzd,218,1670,1779187860752,,/home/meliani/nni-experiments/r5b0fyzd,49,exp_anneal_50_local_plus_ali_local_plus_ali,hpo,/home/meliani/Desktop/phd/fast-track/search_space.json,python3 trial.py --data ./local_plus_ali.csv,/home/meliani/Desktop/phd/fast-track,1,360000s,50,False,False,info,/home/meliani/nni-experiments,"['LSTM', 'GRU', 'CNN', 'RNN', 'TCN', 'Transformer', 'MLP']","[16, 32, 64, 128, 256]","[1, 2, 3, 4]","[0, 0.1, 0.2, 0.3, 0.5]","['relu', 'tanh', 'sigmoid', 'elu']","[1e-05, 0.01]","[2, 3, 4, 5, 6, 7, 8, 9, 10, 11, 12, 13, 14, 15, 16, 17, 18, 19, 20, 21, 22, 23, 24, 25, 26, 27, 28, 29, 30]","[16, 32, 64, 128]","[5, 10, 15, 20]","[2, 3, 5, 7]","[2, 4, 8]",anneal,minimize,local
r5b0fyzd,219,1680,1779187860752,,/home/meliani/nni-experiments/r5b0fyzd,49,exp_anneal_50_local_plus_ali_local_plus_ali,hpo,/home/meliani/Desktop/phd/fast-track/search_space.json,python3 trial.py --data ./local_plus_ali.csv,/home/meliani/Desktop/phd/fast-track,1,360000s,50,False,False,info,/home/meliani/nni-experiments,"['LSTM', 'GRU', 'CNN', 'RNN', 'TCN', 'Transformer', 'MLP']","[16, 32, 64, 128, 256]","[1, 2, 3, 4]","[0, 0.1, 0.2, 0.3, 0.5]","['relu', 'tanh', 'sigmoid', 'elu']","[1e-05, 0.01]","[2, 3, 4, 5, 6, 7, 8, 9, 10, 11, 12, 13, 14, 15, 16, 17, 18, 19, 20, 21, 22, 23, 24, 25, 26, 27, 28, 29, 30]","[16, 32, 64, 128]","[5, 10, 15, 20]","[2, 3, 5, 7]","[2, 4, 8]",anneal,minimize,local
r5b0fyzd,220,1690,1779187860752,,/home/meliani/nni-experiments/r5b0fyzd,49,exp_anneal_50_local_plus_ali_local_plus_ali,hpo,/home/meliani/Desktop/phd/fast-track/search_space.json,python3 trial.py --data ./local_plus_ali.csv,/home/meliani/Desktop/phd/fast-track,1,360000s,50,False,False,info,/home/meliani/nni-experiments,"['LSTM', 'GRU', 'CNN', 'RNN', 'TCN', 'Transformer', 'MLP']","[16, 32, 64, 128, 256]","[1, 2, 3, 4]","[0, 0.1, 0.2, 0.3, 0.5]","['relu', 'tanh', 'sigmoid', 'elu']","[1e-05, 0.01]","[2, 3, 4, 5, 6, 7, 8, 9, 10, 11, 12, 13, 14, 15, 16, 17, 18, 19, 20, 21, 22, 23, 24, 25, 26, 27, 28, 29, 30]","[16, 32, 64, 128]","[5, 10, 15, 20]","[2, 3, 5, 7]","[2, 4, 8]",anneal,minimize,local
r5b0fyzd,221,1700,1779187860752,,/home/meliani/nni-experiments/r5b0fyzd,49,exp_anneal_50_local_plus_ali_local_plus_ali,hpo,/home/meliani/Desktop/phd/fast-track/search_space.json,python3 trial.py --data ./local_plus_ali.csv,/home/meliani/Desktop/phd/fast-track,1,360000s,50,False,False,info,/home/meliani/nni-experiments,"['LSTM', 'GRU', 'CNN', 'RNN', 'TCN', 'Transformer', 'MLP']","[16, 32, 64, 128, 256]","[1, 2, 3, 4]","[0, 0.1, 0.2, 0.3, 0.5]","['relu', 'tanh', 'sigmoid', 'elu']","[1e-05, 0.01]","[2, 3, 4, 5, 6, 7, 8, 9, 10, 11, 12, 13, 14, 15, 16, 17, 18, 19, 20, 21, 22, 23, 24, 25, 26, 27, 28, 29, 30]","[16, 32, 64, 128]","[5, 10, 15, 20]","[2, 3, 5, 7]","[2, 4, 8]",anneal,minimize,local
r5b0fyzd,222,1710,1779187860752,,/home/meliani/nni-experiments/r5b0fyzd,49,exp_anneal_50_local_plus_ali_local_plus_ali,hpo,/home/meliani/Desktop/phd/fast-track/search_space.json,python3 trial.py --data ./local_plus_ali.csv,/home/meliani/Desktop/phd/fast-track,1,360000s,50,False,False,info,/home/meliani/nni-experiments,"['LSTM', 'GRU', 'CNN', 'RNN', 'TCN', 'Transformer', 'MLP']","[16, 32, 64, 128, 256]","[1, 2, 3, 4]","[0, 0.1, 0.2, 0.3, 0.5]","['relu', 'tanh', 'sigmoid', 'elu']","[1e-05, 0.01]","[2, 3, 4, 5, 6, 7, 8, 9, 10, 11, 12, 13, 14, 15, 16, 17, 18, 19, 20, 21, 22, 23, 24, 25, 26, 27, 28, 29, 30]","[16, 32, 64, 128]","[5, 10, 15, 20]","[2, 3, 5, 7]","[2, 4, 8]",anneal,minimize,local
r5b0fyzd,223,1714,1779187860752,,/home/meliani/nni-experiments/r5b0fyzd,50,exp_anneal_50_local_plus_ali_local_plus_ali,hpo,/home/meliani/Desktop/phd/fast-track/search_space.json,python3 trial.py --data ./local_plus_ali.csv,/home/meliani/Desktop/phd/fast-track,1,360000s,50,False,False,info,/home/meliani/nni-experiments,"['LSTM', 'GRU', 'CNN', 'RNN', 'TCN', 'Transformer', 'MLP']","[16, 32, 64, 128, 256]","[1, 2, 3, 4]","[0, 0.1, 0.2, 0.3, 0.5]","['relu', 'tanh', 'sigmoid', 'elu']","[1e-05, 0.01]","[2, 3, 4, 5, 6, 7, 8, 9, 10, 11, 12, 13, 14, 15, 16, 17, 18, 19, 20, 21, 22, 23, 24, 25, 26, 27, 28, 29, 30]","[16, 32, 64, 128]","[5, 10, 15, 20]","[2, 3, 5, 7]","[2, 4, 8]",anneal,minimize,local
r5b0fyzd,224,1720,1779187860752,,/home/meliani/nni-experiments/r5b0fyzd,50,exp_anneal_50_local_plus_ali_local_plus_ali,hpo,/home/meliani/Desktop/phd/fast-track/search_space.json,python3 trial.py --data ./local_plus_ali.csv,/home/meliani/Desktop/phd/fast-track,1,360000s,50,False,False,info,/home/meliani/nni-experiments,"['LSTM', 'GRU', 'CNN', 'RNN', 'TCN', 'Transformer', 'MLP']","[16, 32, 64, 128, 256]","[1, 2, 3, 4]","[0, 0.1, 0.2, 0.3, 0.5]","['relu', 'tanh', 'sigmoid', 'elu']","[1e-05, 0.01]","[2, 3, 4, 5, 6, 7, 8, 9, 10, 11, 12, 13, 14, 15, 16, 17, 18, 19, 20, 21, 22, 23, 24, 25, 26, 27, 28, 29, 30]","[16, 32, 64, 128]","[5, 10, 15, 20]","[2, 3, 5, 7]","[2, 4, 8]",anneal,minimize,local
r5b0fyzd,225,1723,1779187860752,1779189589861,/home/meliani/nni-experiments/r5b0fyzd,50,exp_anneal_50_local_plus_ali_local_plus_ali,hpo,/home/meliani/Desktop/phd/fast-track/search_space.json,python3 trial.py --data ./local_plus_ali.csv,/home/meliani/Desktop/phd/fast-track,1,360000s,50,False,False,info,/home/meliani/nni-experiments,"['LSTM', 'GRU', 'CNN', 'RNN', 'TCN', 'Transformer', 'MLP']","[16, 32, 64, 128, 256]","[1, 2, 3, 4]","[0, 0.1, 0.2, 0.3, 0.5]","['relu', 'tanh', 'sigmoid', 'elu']","[1e-05, 0.01]","[2, 3, 4, 5, 6, 7, 8, 9, 10, 11, 12, 13, 14, 15, 16, 17, 18, 19, 20, 21, 22, 23, 24, 25, 26, 27, 28, 29, 30]","[16, 32, 64, 128]","[5, 10, 15, 20]","[2, 3, 5, 7]","[2, 4, 8]",anneal,minimize,local
