[2026-05-20 02:38:34] INFO (main) Start NNI manager
[2026-05-20 02:38:34] INFO (RestServer) Starting REST server at port 8262, URL prefix: "/"
[2026-05-20 02:38:34] INFO (RestServer) REST server started.
[2026-05-20 02:38:34] INFO (NNIDataStore) Datastore initialization done
[2026-05-20 02:38:35] INFO (NNIManager) Starting experiment: yzbqx08d
[2026-05-20 02:38:35] INFO (NNIManager) Setup training service...
[2026-05-20 02:38:35] INFO (NNIManager) Setup tuner...
[2026-05-20 02:38:35] INFO (NNIManager) Change NNIManager status from: INITIALIZED to: RUNNING
[2026-05-20 02:38:36] INFO (NNIManager) Add event listeners
[2026-05-20 02:38:36] INFO (LocalV3.local) Start
[2026-05-20 02:38:36] INFO (NNIManager) NNIManager received command from dispatcher: ID, 
[2026-05-20 02:38:36] INFO (NNIManager) NNIManager received command from dispatcher: TR, {"parameter_id": 0, "parameter_source": "algorithm", "parameters": {"model_type": "LSTM", "units": 128, "num_layers": 3, "dropout": 0, "activation": "elu", "lr": 1.1740305038516308e-05, "window_size": 27, "batch_size": 64, "epochs": 5, "kernel_size": 2, "attention_heads": 4}, "parameter_index": 0}
[2026-05-20 02:38:37] INFO (NNIManager) submitTrialJob: form: {
  sequenceId: 0,
  hyperParameters: {
    value: '{"parameter_id": 0, "parameter_source": "algorithm", "parameters": {"model_type": "LSTM", "units": 128, "num_layers": 3, "dropout": 0, "activation": "elu", "lr": 1.1740305038516308e-05, "window_size": 27, "batch_size": 64, "epochs": 5, "kernel_size": 2, "attention_heads": 4}, "parameter_index": 0}',
    index: 0
  },
  placementConstraint: { type: 'None', gpus: [] }
}
[2026-05-20 02:38:37] INFO (LocalV3.local) Register directory trial_code = /home/meliani/Desktop/phd/fast-track
[2026-05-20 02:38:37] INFO (LocalV3.local) Created trial Wy14K
[2026-05-20 02:38:38] INFO (LocalV3.local) Trial parameter: Wy14K {"parameter_id": 0, "parameter_source": "algorithm", "parameters": {"model_type": "LSTM", "units": 128, "num_layers": 3, "dropout": 0, "activation": "elu", "lr": 1.1740305038516308e-05, "window_size": 27, "batch_size": 64, "epochs": 5, "kernel_size": 2, "attention_heads": 4}, "parameter_index": 0}
[2026-05-20 02:39:07] INFO (NNIManager) Trial job Wy14K status changed from RUNNING to SUCCEEDED
[2026-05-20 02:39:07] INFO (NNIManager) NNIManager received command from dispatcher: TR, {"parameter_id": 1, "parameter_source": "algorithm", "parameters": {"model_type": "LSTM", "units": 256, "num_layers": 1, "dropout": 0.1, "activation": "relu", "lr": 1.0250156896696412e-05, "window_size": 27, "batch_size": 128, "epochs": 5, "kernel_size": 2, "attention_heads": 2}, "parameter_index": 0}
[2026-05-20 02:39:08] INFO (NNIManager) submitTrialJob: form: {
  sequenceId: 1,
  hyperParameters: {
    value: '{"parameter_id": 1, "parameter_source": "algorithm", "parameters": {"model_type": "LSTM", "units": 256, "num_layers": 1, "dropout": 0.1, "activation": "relu", "lr": 1.0250156896696412e-05, "window_size": 27, "batch_size": 128, "epochs": 5, "kernel_size": 2, "attention_heads": 2}, "parameter_index": 0}',
    index: 0
  },
  placementConstraint: { type: 'None', gpus: [] }
}
[2026-05-20 02:39:08] INFO (LocalV3.local) Created trial KWPgp
[2026-05-20 02:39:10] INFO (LocalV3.local) Trial parameter: KWPgp {"parameter_id": 1, "parameter_source": "algorithm", "parameters": {"model_type": "LSTM", "units": 256, "num_layers": 1, "dropout": 0.1, "activation": "relu", "lr": 1.0250156896696412e-05, "window_size": 27, "batch_size": 128, "epochs": 5, "kernel_size": 2, "attention_heads": 2}, "parameter_index": 0}
[2026-05-20 02:39:23] INFO (NNIManager) Trial job KWPgp status changed from RUNNING to SUCCEEDED
[2026-05-20 02:39:23] INFO (NNIManager) NNIManager received command from dispatcher: TR, {"parameter_id": 2, "parameter_source": "algorithm", "parameters": {"model_type": "LSTM", "units": 256, "num_layers": 4, "dropout": 0, "activation": "relu", "lr": 0.00022627363507569451, "window_size": 21, "batch_size": 64, "epochs": 20, "kernel_size": 2, "attention_heads": 8}, "parameter_index": 0}
[2026-05-20 02:39:24] INFO (NNIManager) submitTrialJob: form: {
  sequenceId: 2,
  hyperParameters: {
    value: '{"parameter_id": 2, "parameter_source": "algorithm", "parameters": {"model_type": "LSTM", "units": 256, "num_layers": 4, "dropout": 0, "activation": "relu", "lr": 0.00022627363507569451, "window_size": 21, "batch_size": 64, "epochs": 20, "kernel_size": 2, "attention_heads": 8}, "parameter_index": 0}',
    index: 0
  },
  placementConstraint: { type: 'None', gpus: [] }
}
[2026-05-20 02:39:24] INFO (LocalV3.local) Created trial ou9Yr
[2026-05-20 02:39:26] INFO (LocalV3.local) Trial parameter: ou9Yr {"parameter_id": 2, "parameter_source": "algorithm", "parameters": {"model_type": "LSTM", "units": 256, "num_layers": 4, "dropout": 0, "activation": "relu", "lr": 0.00022627363507569451, "window_size": 21, "batch_size": 64, "epochs": 20, "kernel_size": 2, "attention_heads": 8}, "parameter_index": 0}
[2026-05-20 02:43:06] INFO (NNIManager) Trial job ou9Yr status changed from RUNNING to SUCCEEDED
[2026-05-20 02:43:06] INFO (NNIManager) NNIManager received command from dispatcher: TR, {"parameter_id": 3, "parameter_source": "algorithm", "parameters": {"model_type": "Transformer", "units": 128, "num_layers": 1, "dropout": 0.2, "activation": "tanh", "lr": 0.000160537251334442, "window_size": 27, "batch_size": 16, "epochs": 15, "kernel_size": 3, "attention_heads": 8}, "parameter_index": 0}
[2026-05-20 02:43:06] INFO (NNIManager) submitTrialJob: form: {
  sequenceId: 3,
  hyperParameters: {
    value: '{"parameter_id": 3, "parameter_source": "algorithm", "parameters": {"model_type": "Transformer", "units": 128, "num_layers": 1, "dropout": 0.2, "activation": "tanh", "lr": 0.000160537251334442, "window_size": 27, "batch_size": 16, "epochs": 15, "kernel_size": 3, "attention_heads": 8}, "parameter_index": 0}',
    index: 0
  },
  placementConstraint: { type: 'None', gpus: [] }
}
[2026-05-20 02:43:06] INFO (LocalV3.local) Created trial LSpid
[2026-05-20 02:43:08] INFO (LocalV3.local) Trial parameter: LSpid {"parameter_id": 3, "parameter_source": "algorithm", "parameters": {"model_type": "Transformer", "units": 128, "num_layers": 1, "dropout": 0.2, "activation": "tanh", "lr": 0.000160537251334442, "window_size": 27, "batch_size": 16, "epochs": 15, "kernel_size": 3, "attention_heads": 8}, "parameter_index": 0}
[2026-05-20 02:43:52] INFO (NNIManager) Trial job LSpid status changed from RUNNING to SUCCEEDED
[2026-05-20 02:43:52] INFO (NNIManager) NNIManager received command from dispatcher: TR, {"parameter_id": 4, "parameter_source": "algorithm", "parameters": {"model_type": "LSTM", "units": 256, "num_layers": 4, "dropout": 0, "activation": "relu", "lr": 6.380487784064921e-05, "window_size": 27, "batch_size": 128, "epochs": 15, "kernel_size": 5, "attention_heads": 8}, "parameter_index": 0}
[2026-05-20 02:43:52] INFO (NNIManager) submitTrialJob: form: {
  sequenceId: 4,
  hyperParameters: {
    value: '{"parameter_id": 4, "parameter_source": "algorithm", "parameters": {"model_type": "LSTM", "units": 256, "num_layers": 4, "dropout": 0, "activation": "relu", "lr": 6.380487784064921e-05, "window_size": 27, "batch_size": 128, "epochs": 15, "kernel_size": 5, "attention_heads": 8}, "parameter_index": 0}',
    index: 0
  },
  placementConstraint: { type: 'None', gpus: [] }
}
[2026-05-20 02:43:52] INFO (LocalV3.local) Created trial aJnP8
[2026-05-20 02:43:54] INFO (LocalV3.local) Trial parameter: aJnP8 {"parameter_id": 4, "parameter_source": "algorithm", "parameters": {"model_type": "LSTM", "units": 256, "num_layers": 4, "dropout": 0, "activation": "relu", "lr": 6.380487784064921e-05, "window_size": 27, "batch_size": 128, "epochs": 15, "kernel_size": 5, "attention_heads": 8}, "parameter_index": 0}
[2026-05-20 02:46:26] INFO (NNIManager) Trial job aJnP8 status changed from RUNNING to SUCCEEDED
[2026-05-20 02:46:26] INFO (NNIManager) NNIManager received command from dispatcher: TR, {"parameter_id": 5, "parameter_source": "algorithm", "parameters": {"model_type": "Transformer", "units": 256, "num_layers": 1, "dropout": 0.1, "activation": "relu", "lr": 0.0007137165138736444, "window_size": 18, "batch_size": 16, "epochs": 10, "kernel_size": 5, "attention_heads": 8}, "parameter_index": 0}
[2026-05-20 02:46:26] INFO (NNIManager) submitTrialJob: form: {
  sequenceId: 5,
  hyperParameters: {
    value: '{"parameter_id": 5, "parameter_source": "algorithm", "parameters": {"model_type": "Transformer", "units": 256, "num_layers": 1, "dropout": 0.1, "activation": "relu", "lr": 0.0007137165138736444, "window_size": 18, "batch_size": 16, "epochs": 10, "kernel_size": 5, "attention_heads": 8}, "parameter_index": 0}',
    index: 0
  },
  placementConstraint: { type: 'None', gpus: [] }
}
[2026-05-20 02:46:26] INFO (LocalV3.local) Created trial bmJ7N
[2026-05-20 02:46:28] INFO (LocalV3.local) Trial parameter: bmJ7N {"parameter_id": 5, "parameter_source": "algorithm", "parameters": {"model_type": "Transformer", "units": 256, "num_layers": 1, "dropout": 0.1, "activation": "relu", "lr": 0.0007137165138736444, "window_size": 18, "batch_size": 16, "epochs": 10, "kernel_size": 5, "attention_heads": 8}, "parameter_index": 0}
[2026-05-20 02:47:08] INFO (NNIManager) Trial job bmJ7N status changed from RUNNING to SUCCEEDED
[2026-05-20 02:47:08] INFO (NNIManager) NNIManager received command from dispatcher: TR, {"parameter_id": 6, "parameter_source": "algorithm", "parameters": {"model_type": "LSTM", "units": 256, "num_layers": 1, "dropout": 0.1, "activation": "tanh", "lr": 0.00011772891638042286, "window_size": 27, "batch_size": 16, "epochs": 5, "kernel_size": 2, "attention_heads": 2}, "parameter_index": 0}
[2026-05-20 02:47:09] INFO (NNIManager) submitTrialJob: form: {
  sequenceId: 6,
  hyperParameters: {
    value: '{"parameter_id": 6, "parameter_source": "algorithm", "parameters": {"model_type": "LSTM", "units": 256, "num_layers": 1, "dropout": 0.1, "activation": "tanh", "lr": 0.00011772891638042286, "window_size": 27, "batch_size": 16, "epochs": 5, "kernel_size": 2, "attention_heads": 2}, "parameter_index": 0}',
    index: 0
  },
  placementConstraint: { type: 'None', gpus: [] }
}
[2026-05-20 02:47:09] INFO (LocalV3.local) Created trial dBaGf
[2026-05-20 02:47:11] INFO (LocalV3.local) Trial parameter: dBaGf {"parameter_id": 6, "parameter_source": "algorithm", "parameters": {"model_type": "LSTM", "units": 256, "num_layers": 1, "dropout": 0.1, "activation": "tanh", "lr": 0.00011772891638042286, "window_size": 27, "batch_size": 16, "epochs": 5, "kernel_size": 2, "attention_heads": 2}, "parameter_index": 0}
[2026-05-20 02:47:48] INFO (NNIManager) Trial job dBaGf status changed from RUNNING to SUCCEEDED
[2026-05-20 02:47:48] INFO (NNIManager) NNIManager received command from dispatcher: TR, {"parameter_id": 7, "parameter_source": "algorithm", "parameters": {"model_type": "Transformer", "units": 256, "num_layers": 4, "dropout": 0.1, "activation": "elu", "lr": 2.0512164090970537e-05, "window_size": 23, "batch_size": 32, "epochs": 10, "kernel_size": 3, "attention_heads": 2}, "parameter_index": 0}
[2026-05-20 02:47:49] INFO (NNIManager) submitTrialJob: form: {
  sequenceId: 7,
  hyperParameters: {
    value: '{"parameter_id": 7, "parameter_source": "algorithm", "parameters": {"model_type": "Transformer", "units": 256, "num_layers": 4, "dropout": 0.1, "activation": "elu", "lr": 2.0512164090970537e-05, "window_size": 23, "batch_size": 32, "epochs": 10, "kernel_size": 3, "attention_heads": 2}, "parameter_index": 0}',
    index: 0
  },
  placementConstraint: { type: 'None', gpus: [] }
}
[2026-05-20 02:47:49] INFO (LocalV3.local) Created trial PhYRn
[2026-05-20 02:47:51] INFO (LocalV3.local) Trial parameter: PhYRn {"parameter_id": 7, "parameter_source": "algorithm", "parameters": {"model_type": "Transformer", "units": 256, "num_layers": 4, "dropout": 0.1, "activation": "elu", "lr": 2.0512164090970537e-05, "window_size": 23, "batch_size": 32, "epochs": 10, "kernel_size": 3, "attention_heads": 2}, "parameter_index": 0}
[2026-05-20 02:49:33] INFO (NNIManager) Trial job PhYRn status changed from RUNNING to SUCCEEDED
[2026-05-20 02:49:33] INFO (NNIManager) NNIManager received command from dispatcher: TR, {"parameter_id": 8, "parameter_source": "algorithm", "parameters": {"model_type": "TCN", "units": 64, "num_layers": 2, "dropout": 0.2, "activation": "tanh", "lr": 0.00011210351775419428, "window_size": 23, "batch_size": 16, "epochs": 5, "kernel_size": 7, "attention_heads": 2}, "parameter_index": 0}
[2026-05-20 02:49:34] INFO (NNIManager) submitTrialJob: form: {
  sequenceId: 8,
  hyperParameters: {
    value: '{"parameter_id": 8, "parameter_source": "algorithm", "parameters": {"model_type": "TCN", "units": 64, "num_layers": 2, "dropout": 0.2, "activation": "tanh", "lr": 0.00011210351775419428, "window_size": 23, "batch_size": 16, "epochs": 5, "kernel_size": 7, "attention_heads": 2}, "parameter_index": 0}',
    index: 0
  },
  placementConstraint: { type: 'None', gpus: [] }
}
[2026-05-20 02:49:34] INFO (LocalV3.local) Created trial pw0fL
[2026-05-20 02:49:35] INFO (LocalV3.local) Trial parameter: pw0fL {"parameter_id": 8, "parameter_source": "algorithm", "parameters": {"model_type": "TCN", "units": 64, "num_layers": 2, "dropout": 0.2, "activation": "tanh", "lr": 0.00011210351775419428, "window_size": 23, "batch_size": 16, "epochs": 5, "kernel_size": 7, "attention_heads": 2}, "parameter_index": 0}
[2026-05-20 02:49:41] INFO (NNIManager) Trial job pw0fL status changed from RUNNING to SUCCEEDED
[2026-05-20 02:49:41] INFO (NNIManager) NNIManager received command from dispatcher: TR, {"parameter_id": 9, "parameter_source": "algorithm", "parameters": {"model_type": "LSTM", "units": 16, "num_layers": 4, "dropout": 0.3, "activation": "tanh", "lr": 0.0012712310181175364, "window_size": 21, "batch_size": 32, "epochs": 20, "kernel_size": 2, "attention_heads": 8}, "parameter_index": 0}
[2026-05-20 02:49:41] INFO (NNIManager) submitTrialJob: form: {
  sequenceId: 9,
  hyperParameters: {
    value: '{"parameter_id": 9, "parameter_source": "algorithm", "parameters": {"model_type": "LSTM", "units": 16, "num_layers": 4, "dropout": 0.3, "activation": "tanh", "lr": 0.0012712310181175364, "window_size": 21, "batch_size": 32, "epochs": 20, "kernel_size": 2, "attention_heads": 8}, "parameter_index": 0}',
    index: 0
  },
  placementConstraint: { type: 'None', gpus: [] }
}
[2026-05-20 02:49:41] INFO (LocalV3.local) Created trial LAyDF
[2026-05-20 02:49:43] INFO (LocalV3.local) Trial parameter: LAyDF {"parameter_id": 9, "parameter_source": "algorithm", "parameters": {"model_type": "LSTM", "units": 16, "num_layers": 4, "dropout": 0.3, "activation": "tanh", "lr": 0.0012712310181175364, "window_size": 21, "batch_size": 32, "epochs": 20, "kernel_size": 2, "attention_heads": 8}, "parameter_index": 0}
[2026-05-20 02:50:43] INFO (NNIManager) Trial job LAyDF status changed from RUNNING to SUCCEEDED
[2026-05-20 02:50:43] INFO (NNIManager) NNIManager received command from dispatcher: TR, {"parameter_id": 10, "parameter_source": "algorithm", "parameters": {"model_type": "LSTM", "units": 16, "num_layers": 3, "dropout": 0.3, "activation": "tanh", "lr": 0.005520553433558191, "window_size": 5, "batch_size": 64, "epochs": 20, "kernel_size": 2, "attention_heads": 8}, "parameter_index": 0}
[2026-05-20 02:50:43] INFO (NNIManager) submitTrialJob: form: {
  sequenceId: 10,
  hyperParameters: {
    value: '{"parameter_id": 10, "parameter_source": "algorithm", "parameters": {"model_type": "LSTM", "units": 16, "num_layers": 3, "dropout": 0.3, "activation": "tanh", "lr": 0.005520553433558191, "window_size": 5, "batch_size": 64, "epochs": 20, "kernel_size": 2, "attention_heads": 8}, "parameter_index": 0}',
    index: 0
  },
  placementConstraint: { type: 'None', gpus: [] }
}
[2026-05-20 02:50:43] INFO (LocalV3.local) Created trial ffWbk
[2026-05-20 02:50:45] INFO (LocalV3.local) Trial parameter: ffWbk {"parameter_id": 10, "parameter_source": "algorithm", "parameters": {"model_type": "LSTM", "units": 16, "num_layers": 3, "dropout": 0.3, "activation": "tanh", "lr": 0.005520553433558191, "window_size": 5, "batch_size": 64, "epochs": 20, "kernel_size": 2, "attention_heads": 8}, "parameter_index": 0}
[2026-05-20 02:51:00] INFO (NNIManager) Trial job ffWbk status changed from RUNNING to SUCCEEDED
[2026-05-20 02:51:00] INFO (NNIManager) NNIManager received command from dispatcher: TR, {"parameter_id": 11, "parameter_source": "algorithm", "parameters": {"model_type": "CNN", "units": 16, "num_layers": 4, "dropout": 0, "activation": "sigmoid", "lr": 0.0031296484411643477, "window_size": 5, "batch_size": 128, "epochs": 20, "kernel_size": 2, "attention_heads": 4}, "parameter_index": 0}
[2026-05-20 02:51:01] INFO (NNIManager) submitTrialJob: form: {
  sequenceId: 11,
  hyperParameters: {
    value: '{"parameter_id": 11, "parameter_source": "algorithm", "parameters": {"model_type": "CNN", "units": 16, "num_layers": 4, "dropout": 0, "activation": "sigmoid", "lr": 0.0031296484411643477, "window_size": 5, "batch_size": 128, "epochs": 20, "kernel_size": 2, "attention_heads": 4}, "parameter_index": 0}',
    index: 0
  },
  placementConstraint: { type: 'None', gpus: [] }
}
[2026-05-20 02:51:01] INFO (LocalV3.local) Created trial oZWt2
[2026-05-20 02:51:02] INFO (LocalV3.local) Trial parameter: oZWt2 {"parameter_id": 11, "parameter_source": "algorithm", "parameters": {"model_type": "CNN", "units": 16, "num_layers": 4, "dropout": 0, "activation": "sigmoid", "lr": 0.0031296484411643477, "window_size": 5, "batch_size": 128, "epochs": 20, "kernel_size": 2, "attention_heads": 4}, "parameter_index": 0}
[2026-05-20 02:51:07] INFO (NNIManager) Trial job oZWt2 status changed from RUNNING to SUCCEEDED
[2026-05-20 02:51:07] INFO (NNIManager) NNIManager received command from dispatcher: TR, {"parameter_id": 12, "parameter_source": "algorithm", "parameters": {"model_type": "LSTM", "units": 16, "num_layers": 1, "dropout": 0.2, "activation": "sigmoid", "lr": 0.008163674170197428, "window_size": 5, "batch_size": 16, "epochs": 15, "kernel_size": 2, "attention_heads": 8}, "parameter_index": 0}
[2026-05-20 02:51:07] INFO (NNIManager) submitTrialJob: form: {
  sequenceId: 12,
  hyperParameters: {
    value: '{"parameter_id": 12, "parameter_source": "algorithm", "parameters": {"model_type": "LSTM", "units": 16, "num_layers": 1, "dropout": 0.2, "activation": "sigmoid", "lr": 0.008163674170197428, "window_size": 5, "batch_size": 16, "epochs": 15, "kernel_size": 2, "attention_heads": 8}, "parameter_index": 0}',
    index: 0
  },
  placementConstraint: { type: 'None', gpus: [] }
}
[2026-05-20 02:51:07] INFO (LocalV3.local) Created trial rTQnh
[2026-05-20 02:51:09] INFO (LocalV3.local) Trial parameter: rTQnh {"parameter_id": 12, "parameter_source": "algorithm", "parameters": {"model_type": "LSTM", "units": 16, "num_layers": 1, "dropout": 0.2, "activation": "sigmoid", "lr": 0.008163674170197428, "window_size": 5, "batch_size": 16, "epochs": 15, "kernel_size": 2, "attention_heads": 8}, "parameter_index": 0}
[2026-05-20 02:51:21] INFO (NNIManager) Trial job rTQnh status changed from RUNNING to SUCCEEDED
[2026-05-20 02:51:21] INFO (NNIManager) NNIManager received command from dispatcher: TR, {"parameter_id": 13, "parameter_source": "algorithm", "parameters": {"model_type": "LSTM", "units": 16, "num_layers": 4, "dropout": 0.3, "activation": "relu", "lr": 0.0009364199430741684, "window_size": 21, "batch_size": 32, "epochs": 5, "kernel_size": 7, "attention_heads": 2}, "parameter_index": 0}
[2026-05-20 02:51:22] INFO (NNIManager) submitTrialJob: form: {
  sequenceId: 13,
  hyperParameters: {
    value: '{"parameter_id": 13, "parameter_source": "algorithm", "parameters": {"model_type": "LSTM", "units": 16, "num_layers": 4, "dropout": 0.3, "activation": "relu", "lr": 0.0009364199430741684, "window_size": 21, "batch_size": 32, "epochs": 5, "kernel_size": 7, "attention_heads": 2}, "parameter_index": 0}',
    index: 0
  },
  placementConstraint: { type: 'None', gpus: [] }
}
[2026-05-20 02:51:22] INFO (LocalV3.local) Created trial xIp5B
[2026-05-20 02:51:24] INFO (LocalV3.local) Trial parameter: xIp5B {"parameter_id": 13, "parameter_source": "algorithm", "parameters": {"model_type": "LSTM", "units": 16, "num_layers": 4, "dropout": 0.3, "activation": "relu", "lr": 0.0009364199430741684, "window_size": 21, "batch_size": 32, "epochs": 5, "kernel_size": 7, "attention_heads": 2}, "parameter_index": 0}
[2026-05-20 02:51:43] INFO (NNIManager) Trial job xIp5B status changed from RUNNING to SUCCEEDED
[2026-05-20 02:51:43] INFO (NNIManager) NNIManager received command from dispatcher: TR, {"parameter_id": 14, "parameter_source": "algorithm", "parameters": {"model_type": "GRU", "units": 16, "num_layers": 4, "dropout": 0.3, "activation": "relu", "lr": 0.0026688815888556844, "window_size": 21, "batch_size": 32, "epochs": 5, "kernel_size": 2, "attention_heads": 4}, "parameter_index": 0}
[2026-05-20 02:51:44] INFO (NNIManager) submitTrialJob: form: {
  sequenceId: 14,
  hyperParameters: {
    value: '{"parameter_id": 14, "parameter_source": "algorithm", "parameters": {"model_type": "GRU", "units": 16, "num_layers": 4, "dropout": 0.3, "activation": "relu", "lr": 0.0026688815888556844, "window_size": 21, "batch_size": 32, "epochs": 5, "kernel_size": 2, "attention_heads": 4}, "parameter_index": 0}',
    index: 0
  },
  placementConstraint: { type: 'None', gpus: [] }
}
[2026-05-20 02:51:44] INFO (LocalV3.local) Created trial uixov
[2026-05-20 02:51:46] INFO (LocalV3.local) Trial parameter: uixov {"parameter_id": 14, "parameter_source": "algorithm", "parameters": {"model_type": "GRU", "units": 16, "num_layers": 4, "dropout": 0.3, "activation": "relu", "lr": 0.0026688815888556844, "window_size": 21, "batch_size": 32, "epochs": 5, "kernel_size": 2, "attention_heads": 4}, "parameter_index": 0}
[2026-05-20 02:52:06] INFO (NNIManager) Trial job uixov status changed from RUNNING to SUCCEEDED
[2026-05-20 02:52:06] INFO (NNIManager) NNIManager received command from dispatcher: TR, {"parameter_id": 15, "parameter_source": "algorithm", "parameters": {"model_type": "Transformer", "units": 16, "num_layers": 2, "dropout": 0.3, "activation": "elu", "lr": 0.002442589779907957, "window_size": 21, "batch_size": 32, "epochs": 20, "kernel_size": 5, "attention_heads": 2}, "parameter_index": 0}
[2026-05-20 02:52:07] INFO (NNIManager) submitTrialJob: form: {
  sequenceId: 15,
  hyperParameters: {
    value: '{"parameter_id": 15, "parameter_source": "algorithm", "parameters": {"model_type": "Transformer", "units": 16, "num_layers": 2, "dropout": 0.3, "activation": "elu", "lr": 0.002442589779907957, "window_size": 21, "batch_size": 32, "epochs": 20, "kernel_size": 5, "attention_heads": 2}, "parameter_index": 0}',
    index: 0
  },
  placementConstraint: { type: 'None', gpus: [] }
}
[2026-05-20 02:52:07] INFO (LocalV3.local) Created trial jsYmc
[2026-05-20 02:52:09] INFO (LocalV3.local) Trial parameter: jsYmc {"parameter_id": 15, "parameter_source": "algorithm", "parameters": {"model_type": "Transformer", "units": 16, "num_layers": 2, "dropout": 0.3, "activation": "elu", "lr": 0.002442589779907957, "window_size": 21, "batch_size": 32, "epochs": 20, "kernel_size": 5, "attention_heads": 2}, "parameter_index": 0}
[2026-05-20 02:52:29] INFO (NNIManager) Trial job jsYmc status changed from RUNNING to SUCCEEDED
[2026-05-20 02:52:29] INFO (NNIManager) NNIManager received command from dispatcher: TR, {"parameter_id": 16, "parameter_source": "algorithm", "parameters": {"model_type": "MLP", "units": 16, "num_layers": 4, "dropout": 0.3, "activation": "relu", "lr": 0.000679425126258665, "window_size": 21, "batch_size": 32, "epochs": 20, "kernel_size": 7, "attention_heads": 2}, "parameter_index": 0}
[2026-05-20 02:52:29] INFO (NNIManager) submitTrialJob: form: {
  sequenceId: 16,
  hyperParameters: {
    value: '{"parameter_id": 16, "parameter_source": "algorithm", "parameters": {"model_type": "MLP", "units": 16, "num_layers": 4, "dropout": 0.3, "activation": "relu", "lr": 0.000679425126258665, "window_size": 21, "batch_size": 32, "epochs": 20, "kernel_size": 7, "attention_heads": 2}, "parameter_index": 0}',
    index: 0
  },
  placementConstraint: { type: 'None', gpus: [] }
}
[2026-05-20 02:52:29] INFO (LocalV3.local) Created trial GQBin
[2026-05-20 02:52:31] INFO (LocalV3.local) Trial parameter: GQBin {"parameter_id": 16, "parameter_source": "algorithm", "parameters": {"model_type": "MLP", "units": 16, "num_layers": 4, "dropout": 0.3, "activation": "relu", "lr": 0.000679425126258665, "window_size": 21, "batch_size": 32, "epochs": 20, "kernel_size": 7, "attention_heads": 2}, "parameter_index": 0}
[2026-05-20 02:52:36] INFO (NNIManager) Trial job GQBin status changed from RUNNING to SUCCEEDED
[2026-05-20 02:52:36] INFO (NNIManager) NNIManager received command from dispatcher: TR, {"parameter_id": 17, "parameter_source": "algorithm", "parameters": {"model_type": "Transformer", "units": 256, "num_layers": 4, "dropout": 0.1, "activation": "relu", "lr": 7.109675798071553e-05, "window_size": 27, "batch_size": 128, "epochs": 15, "kernel_size": 2, "attention_heads": 2}, "parameter_index": 0}
[2026-05-20 02:52:37] INFO (NNIManager) submitTrialJob: form: {
  sequenceId: 17,
  hyperParameters: {
    value: '{"parameter_id": 17, "parameter_source": "algorithm", "parameters": {"model_type": "Transformer", "units": 256, "num_layers": 4, "dropout": 0.1, "activation": "relu", "lr": 7.109675798071553e-05, "window_size": 27, "batch_size": 128, "epochs": 15, "kernel_size": 2, "attention_heads": 2}, "parameter_index": 0}',
    index: 0
  },
  placementConstraint: { type: 'None', gpus: [] }
}
[2026-05-20 02:52:37] INFO (LocalV3.local) Created trial lAL3g
[2026-05-20 02:52:39] INFO (LocalV3.local) Trial parameter: lAL3g {"parameter_id": 17, "parameter_source": "algorithm", "parameters": {"model_type": "Transformer", "units": 256, "num_layers": 4, "dropout": 0.1, "activation": "relu", "lr": 7.109675798071553e-05, "window_size": 27, "batch_size": 128, "epochs": 15, "kernel_size": 2, "attention_heads": 2}, "parameter_index": 0}
[2026-05-20 02:55:14] INFO (NNIManager) Trial job lAL3g status changed from RUNNING to SUCCEEDED
[2026-05-20 02:55:14] INFO (NNIManager) NNIManager received command from dispatcher: TR, {"parameter_id": 18, "parameter_source": "algorithm", "parameters": {"model_type": "LSTM", "units": 16, "num_layers": 4, "dropout": 0.3, "activation": "elu", "lr": 0.00041643942129194187, "window_size": 21, "batch_size": 32, "epochs": 5, "kernel_size": 3, "attention_heads": 2}, "parameter_index": 0}
[2026-05-20 02:55:15] INFO (NNIManager) submitTrialJob: form: {
  sequenceId: 18,
  hyperParameters: {
    value: '{"parameter_id": 18, "parameter_source": "algorithm", "parameters": {"model_type": "LSTM", "units": 16, "num_layers": 4, "dropout": 0.3, "activation": "elu", "lr": 0.00041643942129194187, "window_size": 21, "batch_size": 32, "epochs": 5, "kernel_size": 3, "attention_heads": 2}, "parameter_index": 0}',
    index: 0
  },
  placementConstraint: { type: 'None', gpus: [] }
}
[2026-05-20 02:55:15] INFO (LocalV3.local) Created trial QSJlX
[2026-05-20 02:55:16] INFO (LocalV3.local) Trial parameter: QSJlX {"parameter_id": 18, "parameter_source": "algorithm", "parameters": {"model_type": "LSTM", "units": 16, "num_layers": 4, "dropout": 0.3, "activation": "elu", "lr": 0.00041643942129194187, "window_size": 21, "batch_size": 32, "epochs": 5, "kernel_size": 3, "attention_heads": 2}, "parameter_index": 0}
[2026-05-20 02:55:36] INFO (NNIManager) Trial job QSJlX status changed from RUNNING to SUCCEEDED
[2026-05-20 02:55:36] INFO (NNIManager) NNIManager received command from dispatcher: TR, {"parameter_id": 19, "parameter_source": "algorithm", "parameters": {"model_type": "CNN", "units": 16, "num_layers": 4, "dropout": 0.3, "activation": "relu", "lr": 0.0014773371421508692, "window_size": 21, "batch_size": 32, "epochs": 10, "kernel_size": 7, "attention_heads": 2}, "parameter_index": 0}
[2026-05-20 02:55:37] INFO (NNIManager) submitTrialJob: form: {
  sequenceId: 19,
  hyperParameters: {
    value: '{"parameter_id": 19, "parameter_source": "algorithm", "parameters": {"model_type": "CNN", "units": 16, "num_layers": 4, "dropout": 0.3, "activation": "relu", "lr": 0.0014773371421508692, "window_size": 21, "batch_size": 32, "epochs": 10, "kernel_size": 7, "attention_heads": 2}, "parameter_index": 0}',
    index: 0
  },
  placementConstraint: { type: 'None', gpus: [] }
}
[2026-05-20 02:55:37] INFO (LocalV3.local) Created trial SQXei
[2026-05-20 02:55:38] INFO (LocalV3.local) Trial parameter: SQXei {"parameter_id": 19, "parameter_source": "algorithm", "parameters": {"model_type": "CNN", "units": 16, "num_layers": 4, "dropout": 0.3, "activation": "relu", "lr": 0.0014773371421508692, "window_size": 21, "batch_size": 32, "epochs": 10, "kernel_size": 7, "attention_heads": 2}, "parameter_index": 0}
[2026-05-20 02:55:45] INFO (NNIManager) Trial job SQXei status changed from RUNNING to SUCCEEDED
[2026-05-20 02:55:45] INFO (NNIManager) NNIManager received command from dispatcher: TR, {"parameter_id": 20, "parameter_source": "algorithm", "parameters": {"model_type": "GRU", "units": 32, "num_layers": 4, "dropout": 0.3, "activation": "sigmoid", "lr": 0.002296890102775659, "window_size": 21, "batch_size": 32, "epochs": 5, "kernel_size": 7, "attention_heads": 2}, "parameter_index": 0}
[2026-05-20 02:55:45] INFO (NNIManager) submitTrialJob: form: {
  sequenceId: 20,
  hyperParameters: {
    value: '{"parameter_id": 20, "parameter_source": "algorithm", "parameters": {"model_type": "GRU", "units": 32, "num_layers": 4, "dropout": 0.3, "activation": "sigmoid", "lr": 0.002296890102775659, "window_size": 21, "batch_size": 32, "epochs": 5, "kernel_size": 7, "attention_heads": 2}, "parameter_index": 0}',
    index: 0
  },
  placementConstraint: { type: 'None', gpus: [] }
}
[2026-05-20 02:55:45] INFO (LocalV3.local) Created trial b5yAn
[2026-05-20 02:55:47] INFO (LocalV3.local) Trial parameter: b5yAn {"parameter_id": 20, "parameter_source": "algorithm", "parameters": {"model_type": "GRU", "units": 32, "num_layers": 4, "dropout": 0.3, "activation": "sigmoid", "lr": 0.002296890102775659, "window_size": 21, "batch_size": 32, "epochs": 5, "kernel_size": 7, "attention_heads": 2}, "parameter_index": 0}
[2026-05-20 02:56:08] INFO (NNIManager) Trial job b5yAn status changed from RUNNING to SUCCEEDED
[2026-05-20 02:56:08] INFO (NNIManager) NNIManager received command from dispatcher: TR, {"parameter_id": 21, "parameter_source": "algorithm", "parameters": {"model_type": "GRU", "units": 32, "num_layers": 4, "dropout": 0.3, "activation": "sigmoid", "lr": 0.002278452426600646, "window_size": 21, "batch_size": 32, "epochs": 5, "kernel_size": 7, "attention_heads": 2}, "parameter_index": 0}
[2026-05-20 02:56:08] INFO (NNIManager) submitTrialJob: form: {
  sequenceId: 21,
  hyperParameters: {
    value: '{"parameter_id": 21, "parameter_source": "algorithm", "parameters": {"model_type": "GRU", "units": 32, "num_layers": 4, "dropout": 0.3, "activation": "sigmoid", "lr": 0.002278452426600646, "window_size": 21, "batch_size": 32, "epochs": 5, "kernel_size": 7, "attention_heads": 2}, "parameter_index": 0}',
    index: 0
  },
  placementConstraint: { type: 'None', gpus: [] }
}
[2026-05-20 02:56:08] INFO (LocalV3.local) Created trial zNEUO
[2026-05-20 02:56:10] INFO (LocalV3.local) Trial parameter: zNEUO {"parameter_id": 21, "parameter_source": "algorithm", "parameters": {"model_type": "GRU", "units": 32, "num_layers": 4, "dropout": 0.3, "activation": "sigmoid", "lr": 0.002278452426600646, "window_size": 21, "batch_size": 32, "epochs": 5, "kernel_size": 7, "attention_heads": 2}, "parameter_index": 0}
[2026-05-20 02:56:31] INFO (NNIManager) Trial job zNEUO status changed from RUNNING to SUCCEEDED
[2026-05-20 02:56:31] INFO (NNIManager) NNIManager received command from dispatcher: TR, {"parameter_id": 22, "parameter_source": "algorithm", "parameters": {"model_type": "MLP", "units": 16, "num_layers": 4, "dropout": 0.3, "activation": "tanh", "lr": 0.0007988679301223431, "window_size": 13, "batch_size": 32, "epochs": 20, "kernel_size": 2, "attention_heads": 8}, "parameter_index": 0}
[2026-05-20 02:56:31] INFO (NNIManager) submitTrialJob: form: {
  sequenceId: 22,
  hyperParameters: {
    value: '{"parameter_id": 22, "parameter_source": "algorithm", "parameters": {"model_type": "MLP", "units": 16, "num_layers": 4, "dropout": 0.3, "activation": "tanh", "lr": 0.0007988679301223431, "window_size": 13, "batch_size": 32, "epochs": 20, "kernel_size": 2, "attention_heads": 8}, "parameter_index": 0}',
    index: 0
  },
  placementConstraint: { type: 'None', gpus: [] }
}
[2026-05-20 02:56:31] INFO (LocalV3.local) Created trial uxCtW
[2026-05-20 02:56:33] INFO (LocalV3.local) Trial parameter: uxCtW {"parameter_id": 22, "parameter_source": "algorithm", "parameters": {"model_type": "MLP", "units": 16, "num_layers": 4, "dropout": 0.3, "activation": "tanh", "lr": 0.0007988679301223431, "window_size": 13, "batch_size": 32, "epochs": 20, "kernel_size": 2, "attention_heads": 8}, "parameter_index": 0}
[2026-05-20 02:56:39] INFO (NNIManager) Trial job uxCtW status changed from RUNNING to SUCCEEDED
[2026-05-20 02:56:39] INFO (NNIManager) NNIManager received command from dispatcher: TR, {"parameter_id": 23, "parameter_source": "algorithm", "parameters": {"model_type": "LSTM", "units": 16, "num_layers": 4, "dropout": 0.3, "activation": "relu", "lr": 0.0014995746358766866, "window_size": 17, "batch_size": 32, "epochs": 20, "kernel_size": 7, "attention_heads": 2}, "parameter_index": 0}
[2026-05-20 02:56:39] INFO (NNIManager) submitTrialJob: form: {
  sequenceId: 23,
  hyperParameters: {
    value: '{"parameter_id": 23, "parameter_source": "algorithm", "parameters": {"model_type": "LSTM", "units": 16, "num_layers": 4, "dropout": 0.3, "activation": "relu", "lr": 0.0014995746358766866, "window_size": 17, "batch_size": 32, "epochs": 20, "kernel_size": 7, "attention_heads": 2}, "parameter_index": 0}',
    index: 0
  },
  placementConstraint: { type: 'None', gpus: [] }
}
[2026-05-20 02:56:39] INFO (LocalV3.local) Created trial GZ18U
[2026-05-20 02:56:41] INFO (LocalV3.local) Trial parameter: GZ18U {"parameter_id": 23, "parameter_source": "algorithm", "parameters": {"model_type": "LSTM", "units": 16, "num_layers": 4, "dropout": 0.3, "activation": "relu", "lr": 0.0014995746358766866, "window_size": 17, "batch_size": 32, "epochs": 20, "kernel_size": 7, "attention_heads": 2}, "parameter_index": 0}
[2026-05-20 02:57:33] INFO (NNIManager) Trial job GZ18U status changed from RUNNING to SUCCEEDED
[2026-05-20 02:57:34] INFO (NNIManager) NNIManager received command from dispatcher: TR, {"parameter_id": 24, "parameter_source": "algorithm", "parameters": {"model_type": "LSTM", "units": 16, "num_layers": 4, "dropout": 0, "activation": "relu", "lr": 0.00047342882352757276, "window_size": 8, "batch_size": 32, "epochs": 5, "kernel_size": 7, "attention_heads": 2}, "parameter_index": 0}
[2026-05-20 02:57:34] INFO (NNIManager) submitTrialJob: form: {
  sequenceId: 24,
  hyperParameters: {
    value: '{"parameter_id": 24, "parameter_source": "algorithm", "parameters": {"model_type": "LSTM", "units": 16, "num_layers": 4, "dropout": 0, "activation": "relu", "lr": 0.00047342882352757276, "window_size": 8, "batch_size": 32, "epochs": 5, "kernel_size": 7, "attention_heads": 2}, "parameter_index": 0}',
    index: 0
  },
  placementConstraint: { type: 'None', gpus: [] }
}
[2026-05-20 02:57:34] INFO (LocalV3.local) Created trial ZXCpS
[2026-05-20 02:57:36] INFO (LocalV3.local) Trial parameter: ZXCpS {"parameter_id": 24, "parameter_source": "algorithm", "parameters": {"model_type": "LSTM", "units": 16, "num_layers": 4, "dropout": 0, "activation": "relu", "lr": 0.00047342882352757276, "window_size": 8, "batch_size": 32, "epochs": 5, "kernel_size": 7, "attention_heads": 2}, "parameter_index": 0}
[2026-05-20 02:57:49] INFO (NNIManager) Trial job ZXCpS status changed from RUNNING to SUCCEEDED
[2026-05-20 02:57:49] INFO (NNIManager) NNIManager received command from dispatcher: TR, {"parameter_id": 25, "parameter_source": "algorithm", "parameters": {"model_type": "LSTM", "units": 16, "num_layers": 4, "dropout": 0.3, "activation": "relu", "lr": 0.0008660007701543601, "window_size": 10, "batch_size": 32, "epochs": 5, "kernel_size": 7, "attention_heads": 4}, "parameter_index": 0}
[2026-05-20 02:57:50] INFO (NNIManager) submitTrialJob: form: {
  sequenceId: 25,
  hyperParameters: {
    value: '{"parameter_id": 25, "parameter_source": "algorithm", "parameters": {"model_type": "LSTM", "units": 16, "num_layers": 4, "dropout": 0.3, "activation": "relu", "lr": 0.0008660007701543601, "window_size": 10, "batch_size": 32, "epochs": 5, "kernel_size": 7, "attention_heads": 4}, "parameter_index": 0}',
    index: 0
  },
  placementConstraint: { type: 'None', gpus: [] }
}
[2026-05-20 02:57:50] INFO (LocalV3.local) Created trial LLZDu
[2026-05-20 02:57:51] INFO (LocalV3.local) Trial parameter: LLZDu {"parameter_id": 25, "parameter_source": "algorithm", "parameters": {"model_type": "LSTM", "units": 16, "num_layers": 4, "dropout": 0.3, "activation": "relu", "lr": 0.0008660007701543601, "window_size": 10, "batch_size": 32, "epochs": 5, "kernel_size": 7, "attention_heads": 4}, "parameter_index": 0}
[2026-05-20 02:58:06] INFO (NNIManager) Trial job LLZDu status changed from RUNNING to SUCCEEDED
[2026-05-20 02:58:06] INFO (NNIManager) NNIManager received command from dispatcher: TR, {"parameter_id": 26, "parameter_source": "algorithm", "parameters": {"model_type": "LSTM", "units": 16, "num_layers": 1, "dropout": 0.3, "activation": "relu", "lr": 0.0018848470531606708, "window_size": 17, "batch_size": 64, "epochs": 20, "kernel_size": 2, "attention_heads": 2}, "parameter_index": 0}
[2026-05-20 02:58:07] INFO (NNIManager) submitTrialJob: form: {
  sequenceId: 26,
  hyperParameters: {
    value: '{"parameter_id": 26, "parameter_source": "algorithm", "parameters": {"model_type": "LSTM", "units": 16, "num_layers": 1, "dropout": 0.3, "activation": "relu", "lr": 0.0018848470531606708, "window_size": 17, "batch_size": 64, "epochs": 20, "kernel_size": 2, "attention_heads": 2}, "parameter_index": 0}',
    index: 0
  },
  placementConstraint: { type: 'None', gpus: [] }
}
[2026-05-20 02:58:07] INFO (LocalV3.local) Created trial XKWUs
[2026-05-20 02:58:08] INFO (LocalV3.local) Trial parameter: XKWUs {"parameter_id": 26, "parameter_source": "algorithm", "parameters": {"model_type": "LSTM", "units": 16, "num_layers": 1, "dropout": 0.3, "activation": "relu", "lr": 0.0018848470531606708, "window_size": 17, "batch_size": 64, "epochs": 20, "kernel_size": 2, "attention_heads": 2}, "parameter_index": 0}
[2026-05-20 02:58:18] INFO (NNIManager) Trial job XKWUs status changed from RUNNING to SUCCEEDED
[2026-05-20 02:58:18] INFO (NNIManager) NNIManager received command from dispatcher: TR, {"parameter_id": 27, "parameter_source": "algorithm", "parameters": {"model_type": "LSTM", "units": 64, "num_layers": 4, "dropout": 0.3, "activation": "relu", "lr": 0.0007104256141152491, "window_size": 17, "batch_size": 32, "epochs": 20, "kernel_size": 7, "attention_heads": 4}, "parameter_index": 0}
[2026-05-20 02:58:19] INFO (NNIManager) submitTrialJob: form: {
  sequenceId: 27,
  hyperParameters: {
    value: '{"parameter_id": 27, "parameter_source": "algorithm", "parameters": {"model_type": "LSTM", "units": 64, "num_layers": 4, "dropout": 0.3, "activation": "relu", "lr": 0.0007104256141152491, "window_size": 17, "batch_size": 32, "epochs": 20, "kernel_size": 7, "attention_heads": 4}, "parameter_index": 0}',
    index: 0
  },
  placementConstraint: { type: 'None', gpus: [] }
}
[2026-05-20 02:58:19] INFO (LocalV3.local) Created trial Aojy5
[2026-05-20 02:58:20] INFO (LocalV3.local) Trial parameter: Aojy5 {"parameter_id": 27, "parameter_source": "algorithm", "parameters": {"model_type": "LSTM", "units": 64, "num_layers": 4, "dropout": 0.3, "activation": "relu", "lr": 0.0007104256141152491, "window_size": 17, "batch_size": 32, "epochs": 20, "kernel_size": 7, "attention_heads": 4}, "parameter_index": 0}
[2026-05-20 02:59:24] INFO (NNIManager) Trial job Aojy5 status changed from RUNNING to SUCCEEDED
[2026-05-20 02:59:24] INFO (NNIManager) NNIManager received command from dispatcher: TR, {"parameter_id": 28, "parameter_source": "algorithm", "parameters": {"model_type": "LSTM", "units": 16, "num_layers": 3, "dropout": 0.3, "activation": "relu", "lr": 0.0007119313470028925, "window_size": 21, "batch_size": 32, "epochs": 5, "kernel_size": 7, "attention_heads": 2}, "parameter_index": 0}
[2026-05-20 02:59:25] INFO (NNIManager) submitTrialJob: form: {
  sequenceId: 28,
  hyperParameters: {
    value: '{"parameter_id": 28, "parameter_source": "algorithm", "parameters": {"model_type": "LSTM", "units": 16, "num_layers": 3, "dropout": 0.3, "activation": "relu", "lr": 0.0007119313470028925, "window_size": 21, "batch_size": 32, "epochs": 5, "kernel_size": 7, "attention_heads": 2}, "parameter_index": 0}',
    index: 0
  },
  placementConstraint: { type: 'None', gpus: [] }
}
[2026-05-20 02:59:25] INFO (LocalV3.local) Created trial PN96P
[2026-05-20 02:59:26] INFO (LocalV3.local) Trial parameter: PN96P {"parameter_id": 28, "parameter_source": "algorithm", "parameters": {"model_type": "LSTM", "units": 16, "num_layers": 3, "dropout": 0.3, "activation": "relu", "lr": 0.0007119313470028925, "window_size": 21, "batch_size": 32, "epochs": 5, "kernel_size": 7, "attention_heads": 2}, "parameter_index": 0}
[2026-05-20 02:59:42] INFO (NNIManager) Trial job PN96P status changed from RUNNING to SUCCEEDED
[2026-05-20 02:59:42] INFO (NNIManager) NNIManager received command from dispatcher: TR, {"parameter_id": 29, "parameter_source": "algorithm", "parameters": {"model_type": "TCN", "units": 16, "num_layers": 3, "dropout": 0.3, "activation": "relu", "lr": 0.0007664055035613515, "window_size": 17, "batch_size": 32, "epochs": 20, "kernel_size": 7, "attention_heads": 4}, "parameter_index": 0}
[2026-05-20 02:59:42] INFO (NNIManager) submitTrialJob: form: {
  sequenceId: 29,
  hyperParameters: {
    value: '{"parameter_id": 29, "parameter_source": "algorithm", "parameters": {"model_type": "TCN", "units": 16, "num_layers": 3, "dropout": 0.3, "activation": "relu", "lr": 0.0007664055035613515, "window_size": 17, "batch_size": 32, "epochs": 20, "kernel_size": 7, "attention_heads": 4}, "parameter_index": 0}',
    index: 0
  },
  placementConstraint: { type: 'None', gpus: [] }
}
[2026-05-20 02:59:42] INFO (LocalV3.local) Created trial cR4DX
[2026-05-20 02:59:44] INFO (LocalV3.local) Trial parameter: cR4DX {"parameter_id": 29, "parameter_source": "algorithm", "parameters": {"model_type": "TCN", "units": 16, "num_layers": 3, "dropout": 0.3, "activation": "relu", "lr": 0.0007664055035613515, "window_size": 17, "batch_size": 32, "epochs": 20, "kernel_size": 7, "attention_heads": 4}, "parameter_index": 0}
[2026-05-20 02:59:54] INFO (NNIManager) Trial job cR4DX status changed from RUNNING to SUCCEEDED
[2026-05-20 02:59:54] INFO (NNIManager) NNIManager received command from dispatcher: TR, {"parameter_id": 30, "parameter_source": "algorithm", "parameters": {"model_type": "LSTM", "units": 16, "num_layers": 4, "dropout": 0.3, "activation": "relu", "lr": 0.0012124702293415516, "window_size": 17, "batch_size": 32, "epochs": 20, "kernel_size": 7, "attention_heads": 4}, "parameter_index": 0}
[2026-05-20 02:59:54] INFO (NNIManager) submitTrialJob: form: {
  sequenceId: 30,
  hyperParameters: {
    value: '{"parameter_id": 30, "parameter_source": "algorithm", "parameters": {"model_type": "LSTM", "units": 16, "num_layers": 4, "dropout": 0.3, "activation": "relu", "lr": 0.0012124702293415516, "window_size": 17, "batch_size": 32, "epochs": 20, "kernel_size": 7, "attention_heads": 4}, "parameter_index": 0}',
    index: 0
  },
  placementConstraint: { type: 'None', gpus: [] }
}
[2026-05-20 02:59:54] INFO (LocalV3.local) Created trial B26i0
[2026-05-20 02:59:56] INFO (LocalV3.local) Trial parameter: B26i0 {"parameter_id": 30, "parameter_source": "algorithm", "parameters": {"model_type": "LSTM", "units": 16, "num_layers": 4, "dropout": 0.3, "activation": "relu", "lr": 0.0012124702293415516, "window_size": 17, "batch_size": 32, "epochs": 20, "kernel_size": 7, "attention_heads": 4}, "parameter_index": 0}
[2026-05-20 03:00:48] INFO (NNIManager) Trial job B26i0 status changed from RUNNING to SUCCEEDED
[2026-05-20 03:00:48] INFO (NNIManager) NNIManager received command from dispatcher: TR, {"parameter_id": 31, "parameter_source": "algorithm", "parameters": {"model_type": "LSTM", "units": 16, "num_layers": 4, "dropout": 0.3, "activation": "relu", "lr": 0.0013183872277295467, "window_size": 26, "batch_size": 32, "epochs": 15, "kernel_size": 7, "attention_heads": 2}, "parameter_index": 0}
[2026-05-20 03:00:49] INFO (NNIManager) submitTrialJob: form: {
  sequenceId: 31,
  hyperParameters: {
    value: '{"parameter_id": 31, "parameter_source": "algorithm", "parameters": {"model_type": "LSTM", "units": 16, "num_layers": 4, "dropout": 0.3, "activation": "relu", "lr": 0.0013183872277295467, "window_size": 26, "batch_size": 32, "epochs": 15, "kernel_size": 7, "attention_heads": 2}, "parameter_index": 0}',
    index: 0
  },
  placementConstraint: { type: 'None', gpus: [] }
}
[2026-05-20 03:00:49] INFO (LocalV3.local) Created trial Dothi
[2026-05-20 03:00:50] INFO (LocalV3.local) Trial parameter: Dothi {"parameter_id": 31, "parameter_source": "algorithm", "parameters": {"model_type": "LSTM", "units": 16, "num_layers": 4, "dropout": 0.3, "activation": "relu", "lr": 0.0013183872277295467, "window_size": 26, "batch_size": 32, "epochs": 15, "kernel_size": 7, "attention_heads": 2}, "parameter_index": 0}
[2026-05-20 03:01:42] INFO (NNIManager) Trial job Dothi status changed from RUNNING to SUCCEEDED
[2026-05-20 03:01:42] INFO (NNIManager) NNIManager received command from dispatcher: TR, {"parameter_id": 32, "parameter_source": "algorithm", "parameters": {"model_type": "LSTM", "units": 16, "num_layers": 4, "dropout": 0.5, "activation": "relu", "lr": 0.0009486939465055233, "window_size": 11, "batch_size": 32, "epochs": 5, "kernel_size": 7, "attention_heads": 2}, "parameter_index": 0}
[2026-05-20 03:01:43] INFO (NNIManager) submitTrialJob: form: {
  sequenceId: 32,
  hyperParameters: {
    value: '{"parameter_id": 32, "parameter_source": "algorithm", "parameters": {"model_type": "LSTM", "units": 16, "num_layers": 4, "dropout": 0.5, "activation": "relu", "lr": 0.0009486939465055233, "window_size": 11, "batch_size": 32, "epochs": 5, "kernel_size": 7, "attention_heads": 2}, "parameter_index": 0}',
    index: 0
  },
  placementConstraint: { type: 'None', gpus: [] }
}
[2026-05-20 03:01:43] INFO (LocalV3.local) Created trial vvcBe
[2026-05-20 03:01:45] INFO (LocalV3.local) Trial parameter: vvcBe {"parameter_id": 32, "parameter_source": "algorithm", "parameters": {"model_type": "LSTM", "units": 16, "num_layers": 4, "dropout": 0.5, "activation": "relu", "lr": 0.0009486939465055233, "window_size": 11, "batch_size": 32, "epochs": 5, "kernel_size": 7, "attention_heads": 2}, "parameter_index": 0}
[2026-05-20 03:01:59] INFO (NNIManager) Trial job vvcBe status changed from RUNNING to SUCCEEDED
[2026-05-20 03:01:59] INFO (NNIManager) NNIManager received command from dispatcher: TR, {"parameter_id": 33, "parameter_source": "algorithm", "parameters": {"model_type": "LSTM", "units": 16, "num_layers": 4, "dropout": 0.5, "activation": "relu", "lr": 0.001561065948050526, "window_size": 11, "batch_size": 16, "epochs": 5, "kernel_size": 7, "attention_heads": 2}, "parameter_index": 0}
[2026-05-20 03:02:00] INFO (NNIManager) submitTrialJob: form: {
  sequenceId: 33,
  hyperParameters: {
    value: '{"parameter_id": 33, "parameter_source": "algorithm", "parameters": {"model_type": "LSTM", "units": 16, "num_layers": 4, "dropout": 0.5, "activation": "relu", "lr": 0.001561065948050526, "window_size": 11, "batch_size": 16, "epochs": 5, "kernel_size": 7, "attention_heads": 2}, "parameter_index": 0}',
    index: 0
  },
  placementConstraint: { type: 'None', gpus: [] }
}
[2026-05-20 03:02:00] INFO (LocalV3.local) Created trial diQjL
[2026-05-20 03:02:02] INFO (LocalV3.local) Trial parameter: diQjL {"parameter_id": 33, "parameter_source": "algorithm", "parameters": {"model_type": "LSTM", "units": 16, "num_layers": 4, "dropout": 0.5, "activation": "relu", "lr": 0.001561065948050526, "window_size": 11, "batch_size": 16, "epochs": 5, "kernel_size": 7, "attention_heads": 2}, "parameter_index": 0}
[2026-05-20 03:02:25] INFO (NNIManager) Trial job diQjL status changed from RUNNING to SUCCEEDED
[2026-05-20 03:02:25] INFO (NNIManager) NNIManager received command from dispatcher: TR, {"parameter_id": 34, "parameter_source": "algorithm", "parameters": {"model_type": "LSTM", "units": 16, "num_layers": 4, "dropout": 0.5, "activation": "relu", "lr": 0.0005873650268727945, "window_size": 11, "batch_size": 16, "epochs": 5, "kernel_size": 7, "attention_heads": 8}, "parameter_index": 0}
[2026-05-20 03:02:25] INFO (NNIManager) submitTrialJob: form: {
  sequenceId: 34,
  hyperParameters: {
    value: '{"parameter_id": 34, "parameter_source": "algorithm", "parameters": {"model_type": "LSTM", "units": 16, "num_layers": 4, "dropout": 0.5, "activation": "relu", "lr": 0.0005873650268727945, "window_size": 11, "batch_size": 16, "epochs": 5, "kernel_size": 7, "attention_heads": 8}, "parameter_index": 0}',
    index: 0
  },
  placementConstraint: { type: 'None', gpus: [] }
}
[2026-05-20 03:02:25] INFO (LocalV3.local) Created trial goT7j
[2026-05-20 03:02:27] INFO (LocalV3.local) Trial parameter: goT7j {"parameter_id": 34, "parameter_source": "algorithm", "parameters": {"model_type": "LSTM", "units": 16, "num_layers": 4, "dropout": 0.5, "activation": "relu", "lr": 0.0005873650268727945, "window_size": 11, "batch_size": 16, "epochs": 5, "kernel_size": 7, "attention_heads": 8}, "parameter_index": 0}
[2026-05-20 03:02:50] INFO (NNIManager) Trial job goT7j status changed from RUNNING to SUCCEEDED
[2026-05-20 03:02:50] INFO (NNIManager) NNIManager received command from dispatcher: TR, {"parameter_id": 35, "parameter_source": "algorithm", "parameters": {"model_type": "LSTM", "units": 16, "num_layers": 4, "dropout": 0.1, "activation": "relu", "lr": 0.0006489720654128877, "window_size": 24, "batch_size": 32, "epochs": 5, "kernel_size": 2, "attention_heads": 2}, "parameter_index": 0}
[2026-05-20 03:02:51] INFO (NNIManager) submitTrialJob: form: {
  sequenceId: 35,
  hyperParameters: {
    value: '{"parameter_id": 35, "parameter_source": "algorithm", "parameters": {"model_type": "LSTM", "units": 16, "num_layers": 4, "dropout": 0.1, "activation": "relu", "lr": 0.0006489720654128877, "window_size": 24, "batch_size": 32, "epochs": 5, "kernel_size": 2, "attention_heads": 2}, "parameter_index": 0}',
    index: 0
  },
  placementConstraint: { type: 'None', gpus: [] }
}
[2026-05-20 03:02:51] INFO (LocalV3.local) Created trial MOmUm
[2026-05-20 03:02:53] INFO (LocalV3.local) Trial parameter: MOmUm {"parameter_id": 35, "parameter_source": "algorithm", "parameters": {"model_type": "LSTM", "units": 16, "num_layers": 4, "dropout": 0.1, "activation": "relu", "lr": 0.0006489720654128877, "window_size": 24, "batch_size": 32, "epochs": 5, "kernel_size": 2, "attention_heads": 2}, "parameter_index": 0}
[2026-05-20 03:03:10] INFO (NNIManager) Trial job MOmUm status changed from RUNNING to SUCCEEDED
[2026-05-20 03:03:10] INFO (NNIManager) NNIManager received command from dispatcher: TR, {"parameter_id": 36, "parameter_source": "algorithm", "parameters": {"model_type": "Transformer", "units": 16, "num_layers": 4, "dropout": 0.5, "activation": "tanh", "lr": 0.0004949414214732983, "window_size": 11, "batch_size": 32, "epochs": 5, "kernel_size": 7, "attention_heads": 2}, "parameter_index": 0}
[2026-05-20 03:03:10] INFO (NNIManager) submitTrialJob: form: {
  sequenceId: 36,
  hyperParameters: {
    value: '{"parameter_id": 36, "parameter_source": "algorithm", "parameters": {"model_type": "Transformer", "units": 16, "num_layers": 4, "dropout": 0.5, "activation": "tanh", "lr": 0.0004949414214732983, "window_size": 11, "batch_size": 32, "epochs": 5, "kernel_size": 7, "attention_heads": 2}, "parameter_index": 0}',
    index: 0
  },
  placementConstraint: { type: 'None', gpus: [] }
}
[2026-05-20 03:03:10] INFO (LocalV3.local) Created trial TbioJ
[2026-05-20 03:03:12] INFO (LocalV3.local) Trial parameter: TbioJ {"parameter_id": 36, "parameter_source": "algorithm", "parameters": {"model_type": "Transformer", "units": 16, "num_layers": 4, "dropout": 0.5, "activation": "tanh", "lr": 0.0004949414214732983, "window_size": 11, "batch_size": 32, "epochs": 5, "kernel_size": 7, "attention_heads": 2}, "parameter_index": 0}
[2026-05-20 03:03:23] INFO (NNIManager) Trial job TbioJ status changed from RUNNING to SUCCEEDED
[2026-05-20 03:03:23] INFO (NNIManager) NNIManager received command from dispatcher: TR, {"parameter_id": 37, "parameter_source": "algorithm", "parameters": {"model_type": "LSTM", "units": 16, "num_layers": 4, "dropout": 0.3, "activation": "relu", "lr": 0.0006068788269878455, "window_size": 21, "batch_size": 32, "epochs": 5, "kernel_size": 7, "attention_heads": 2}, "parameter_index": 0}
[2026-05-20 03:03:23] INFO (NNIManager) submitTrialJob: form: {
  sequenceId: 37,
  hyperParameters: {
    value: '{"parameter_id": 37, "parameter_source": "algorithm", "parameters": {"model_type": "LSTM", "units": 16, "num_layers": 4, "dropout": 0.3, "activation": "relu", "lr": 0.0006068788269878455, "window_size": 21, "batch_size": 32, "epochs": 5, "kernel_size": 7, "attention_heads": 2}, "parameter_index": 0}',
    index: 0
  },
  placementConstraint: { type: 'None', gpus: [] }
}
[2026-05-20 03:03:23] INFO (LocalV3.local) Created trial X6xHl
[2026-05-20 03:03:25] INFO (LocalV3.local) Trial parameter: X6xHl {"parameter_id": 37, "parameter_source": "algorithm", "parameters": {"model_type": "LSTM", "units": 16, "num_layers": 4, "dropout": 0.3, "activation": "relu", "lr": 0.0006068788269878455, "window_size": 21, "batch_size": 32, "epochs": 5, "kernel_size": 7, "attention_heads": 2}, "parameter_index": 0}
[2026-05-20 03:03:45] INFO (NNIManager) Trial job X6xHl status changed from RUNNING to SUCCEEDED
[2026-05-20 03:03:45] INFO (NNIManager) NNIManager received command from dispatcher: TR, {"parameter_id": 38, "parameter_source": "algorithm", "parameters": {"model_type": "LSTM", "units": 16, "num_layers": 4, "dropout": 0.5, "activation": "relu", "lr": 0.001362530103001459, "window_size": 11, "batch_size": 64, "epochs": 15, "kernel_size": 7, "attention_heads": 2}, "parameter_index": 0}
[2026-05-20 03:03:45] INFO (NNIManager) submitTrialJob: form: {
  sequenceId: 38,
  hyperParameters: {
    value: '{"parameter_id": 38, "parameter_source": "algorithm", "parameters": {"model_type": "LSTM", "units": 16, "num_layers": 4, "dropout": 0.5, "activation": "relu", "lr": 0.001362530103001459, "window_size": 11, "batch_size": 64, "epochs": 15, "kernel_size": 7, "attention_heads": 2}, "parameter_index": 0}',
    index: 0
  },
  placementConstraint: { type: 'None', gpus: [] }
}
[2026-05-20 03:03:45] INFO (LocalV3.local) Created trial zNFzk
[2026-05-20 03:03:47] INFO (LocalV3.local) Trial parameter: zNFzk {"parameter_id": 38, "parameter_source": "algorithm", "parameters": {"model_type": "LSTM", "units": 16, "num_layers": 4, "dropout": 0.5, "activation": "relu", "lr": 0.001362530103001459, "window_size": 11, "batch_size": 64, "epochs": 15, "kernel_size": 7, "attention_heads": 2}, "parameter_index": 0}
[2026-05-20 03:04:08] INFO (NNIManager) Trial job zNFzk status changed from RUNNING to SUCCEEDED
[2026-05-20 03:04:08] INFO (NNIManager) NNIManager received command from dispatcher: TR, {"parameter_id": 39, "parameter_source": "algorithm", "parameters": {"model_type": "GRU", "units": 16, "num_layers": 4, "dropout": 0.5, "activation": "relu", "lr": 0.0017948018942045873, "window_size": 11, "batch_size": 64, "epochs": 5, "kernel_size": 7, "attention_heads": 2}, "parameter_index": 0}
[2026-05-20 03:04:08] INFO (NNIManager) submitTrialJob: form: {
  sequenceId: 39,
  hyperParameters: {
    value: '{"parameter_id": 39, "parameter_source": "algorithm", "parameters": {"model_type": "GRU", "units": 16, "num_layers": 4, "dropout": 0.5, "activation": "relu", "lr": 0.0017948018942045873, "window_size": 11, "batch_size": 64, "epochs": 5, "kernel_size": 7, "attention_heads": 2}, "parameter_index": 0}',
    index: 0
  },
  placementConstraint: { type: 'None', gpus: [] }
}
[2026-05-20 03:04:08] INFO (LocalV3.local) Created trial WDiBJ
[2026-05-20 03:04:10] INFO (LocalV3.local) Trial parameter: WDiBJ {"parameter_id": 39, "parameter_source": "algorithm", "parameters": {"model_type": "GRU", "units": 16, "num_layers": 4, "dropout": 0.5, "activation": "relu", "lr": 0.0017948018942045873, "window_size": 11, "batch_size": 64, "epochs": 5, "kernel_size": 7, "attention_heads": 2}, "parameter_index": 0}
[2026-05-20 03:04:22] INFO (NNIManager) Trial job WDiBJ status changed from RUNNING to SUCCEEDED
[2026-05-20 03:04:22] INFO (NNIManager) NNIManager received command from dispatcher: TR, {"parameter_id": 40, "parameter_source": "algorithm", "parameters": {"model_type": "LSTM", "units": 16, "num_layers": 4, "dropout": 0.5, "activation": "relu", "lr": 0.0014166531713216374, "window_size": 11, "batch_size": 32, "epochs": 5, "kernel_size": 7, "attention_heads": 2}, "parameter_index": 0}
[2026-05-20 03:04:22] INFO (NNIManager) submitTrialJob: form: {
  sequenceId: 40,
  hyperParameters: {
    value: '{"parameter_id": 40, "parameter_source": "algorithm", "parameters": {"model_type": "LSTM", "units": 16, "num_layers": 4, "dropout": 0.5, "activation": "relu", "lr": 0.0014166531713216374, "window_size": 11, "batch_size": 32, "epochs": 5, "kernel_size": 7, "attention_heads": 2}, "parameter_index": 0}',
    index: 0
  },
  placementConstraint: { type: 'None', gpus: [] }
}
[2026-05-20 03:04:22] INFO (LocalV3.local) Created trial DnIFw
[2026-05-20 03:04:24] INFO (LocalV3.local) Trial parameter: DnIFw {"parameter_id": 40, "parameter_source": "algorithm", "parameters": {"model_type": "LSTM", "units": 16, "num_layers": 4, "dropout": 0.5, "activation": "relu", "lr": 0.0014166531713216374, "window_size": 11, "batch_size": 32, "epochs": 5, "kernel_size": 7, "attention_heads": 2}, "parameter_index": 0}
[2026-05-20 03:04:39] INFO (NNIManager) Trial job DnIFw status changed from RUNNING to SUCCEEDED
[2026-05-20 03:04:39] INFO (NNIManager) NNIManager received command from dispatcher: TR, {"parameter_id": 41, "parameter_source": "algorithm", "parameters": {"model_type": "LSTM", "units": 16, "num_layers": 3, "dropout": 0.5, "activation": "tanh", "lr": 0.0007612265959876097, "window_size": 11, "batch_size": 32, "epochs": 10, "kernel_size": 7, "attention_heads": 2}, "parameter_index": 0}
[2026-05-20 03:04:40] INFO (NNIManager) submitTrialJob: form: {
  sequenceId: 41,
  hyperParameters: {
    value: '{"parameter_id": 41, "parameter_source": "algorithm", "parameters": {"model_type": "LSTM", "units": 16, "num_layers": 3, "dropout": 0.5, "activation": "tanh", "lr": 0.0007612265959876097, "window_size": 11, "batch_size": 32, "epochs": 10, "kernel_size": 7, "attention_heads": 2}, "parameter_index": 0}',
    index: 0
  },
  placementConstraint: { type: 'None', gpus: [] }
}
[2026-05-20 03:04:40] INFO (LocalV3.local) Created trial dKnvs
[2026-05-20 03:04:41] INFO (LocalV3.local) Trial parameter: dKnvs {"parameter_id": 41, "parameter_source": "algorithm", "parameters": {"model_type": "LSTM", "units": 16, "num_layers": 3, "dropout": 0.5, "activation": "tanh", "lr": 0.0007612265959876097, "window_size": 11, "batch_size": 32, "epochs": 10, "kernel_size": 7, "attention_heads": 2}, "parameter_index": 0}
[2026-05-20 03:05:00] INFO (NNIManager) Trial job dKnvs status changed from RUNNING to SUCCEEDED
[2026-05-20 03:05:00] INFO (NNIManager) NNIManager received command from dispatcher: TR, {"parameter_id": 42, "parameter_source": "algorithm", "parameters": {"model_type": "LSTM", "units": 16, "num_layers": 4, "dropout": 0.5, "activation": "sigmoid", "lr": 0.0010238240645674595, "window_size": 12, "batch_size": 32, "epochs": 5, "kernel_size": 7, "attention_heads": 8}, "parameter_index": 0}
[2026-05-20 03:05:00] INFO (NNIManager) submitTrialJob: form: {
  sequenceId: 42,
  hyperParameters: {
    value: '{"parameter_id": 42, "parameter_source": "algorithm", "parameters": {"model_type": "LSTM", "units": 16, "num_layers": 4, "dropout": 0.5, "activation": "sigmoid", "lr": 0.0010238240645674595, "window_size": 12, "batch_size": 32, "epochs": 5, "kernel_size": 7, "attention_heads": 8}, "parameter_index": 0}',
    index: 0
  },
  placementConstraint: { type: 'None', gpus: [] }
}
[2026-05-20 03:05:00] INFO (LocalV3.local) Created trial FgRxi
[2026-05-20 03:05:02] INFO (LocalV3.local) Trial parameter: FgRxi {"parameter_id": 42, "parameter_source": "algorithm", "parameters": {"model_type": "LSTM", "units": 16, "num_layers": 4, "dropout": 0.5, "activation": "sigmoid", "lr": 0.0010238240645674595, "window_size": 12, "batch_size": 32, "epochs": 5, "kernel_size": 7, "attention_heads": 8}, "parameter_index": 0}
[2026-05-20 03:05:17] INFO (NNIManager) Trial job FgRxi status changed from RUNNING to SUCCEEDED
[2026-05-20 03:05:17] INFO (NNIManager) NNIManager received command from dispatcher: TR, {"parameter_id": 43, "parameter_source": "algorithm", "parameters": {"model_type": "LSTM", "units": 16, "num_layers": 1, "dropout": 0.2, "activation": "relu", "lr": 0.001867894650678066, "window_size": 24, "batch_size": 32, "epochs": 20, "kernel_size": 7, "attention_heads": 2}, "parameter_index": 0}
[2026-05-20 03:05:18] INFO (NNIManager) submitTrialJob: form: {
  sequenceId: 43,
  hyperParameters: {
    value: '{"parameter_id": 43, "parameter_source": "algorithm", "parameters": {"model_type": "LSTM", "units": 16, "num_layers": 1, "dropout": 0.2, "activation": "relu", "lr": 0.001867894650678066, "window_size": 24, "batch_size": 32, "epochs": 20, "kernel_size": 7, "attention_heads": 2}, "parameter_index": 0}',
    index: 0
  },
  placementConstraint: { type: 'None', gpus: [] }
}
[2026-05-20 03:05:18] INFO (LocalV3.local) Created trial SreVQ
[2026-05-20 03:05:19] INFO (LocalV3.local) Trial parameter: SreVQ {"parameter_id": 43, "parameter_source": "algorithm", "parameters": {"model_type": "LSTM", "units": 16, "num_layers": 1, "dropout": 0.2, "activation": "relu", "lr": 0.001867894650678066, "window_size": 24, "batch_size": 32, "epochs": 20, "kernel_size": 7, "attention_heads": 2}, "parameter_index": 0}
[2026-05-20 03:05:33] INFO (NNIManager) Trial job SreVQ status changed from RUNNING to SUCCEEDED
[2026-05-20 03:05:33] INFO (NNIManager) NNIManager received command from dispatcher: TR, {"parameter_id": 44, "parameter_source": "algorithm", "parameters": {"model_type": "LSTM", "units": 256, "num_layers": 4, "dropout": 0.5, "activation": "relu", "lr": 0.0007151153719485077, "window_size": 11, "batch_size": 32, "epochs": 10, "kernel_size": 7, "attention_heads": 2}, "parameter_index": 0}
[2026-05-20 03:05:34] INFO (NNIManager) submitTrialJob: form: {
  sequenceId: 44,
  hyperParameters: {
    value: '{"parameter_id": 44, "parameter_source": "algorithm", "parameters": {"model_type": "LSTM", "units": 256, "num_layers": 4, "dropout": 0.5, "activation": "relu", "lr": 0.0007151153719485077, "window_size": 11, "batch_size": 32, "epochs": 10, "kernel_size": 7, "attention_heads": 2}, "parameter_index": 0}',
    index: 0
  },
  placementConstraint: { type: 'None', gpus: [] }
}
[2026-05-20 03:05:34] INFO (LocalV3.local) Created trial gpYq8
[2026-05-20 03:05:36] INFO (LocalV3.local) Trial parameter: gpYq8 {"parameter_id": 44, "parameter_source": "algorithm", "parameters": {"model_type": "LSTM", "units": 256, "num_layers": 4, "dropout": 0.5, "activation": "relu", "lr": 0.0007151153719485077, "window_size": 11, "batch_size": 32, "epochs": 10, "kernel_size": 7, "attention_heads": 2}, "parameter_index": 0}
[2026-05-20 03:07:26] INFO (NNIManager) Trial job gpYq8 status changed from RUNNING to SUCCEEDED
[2026-05-20 03:07:26] INFO (NNIManager) NNIManager received command from dispatcher: TR, {"parameter_id": 45, "parameter_source": "algorithm", "parameters": {"model_type": "LSTM", "units": 32, "num_layers": 4, "dropout": 0.1, "activation": "relu", "lr": 0.0011348160073057143, "window_size": 11, "batch_size": 32, "epochs": 10, "kernel_size": 7, "attention_heads": 2}, "parameter_index": 0}
[2026-05-20 03:07:26] INFO (NNIManager) submitTrialJob: form: {
  sequenceId: 45,
  hyperParameters: {
    value: '{"parameter_id": 45, "parameter_source": "algorithm", "parameters": {"model_type": "LSTM", "units": 32, "num_layers": 4, "dropout": 0.1, "activation": "relu", "lr": 0.0011348160073057143, "window_size": 11, "batch_size": 32, "epochs": 10, "kernel_size": 7, "attention_heads": 2}, "parameter_index": 0}',
    index: 0
  },
  placementConstraint: { type: 'None', gpus: [] }
}
[2026-05-20 03:07:26] INFO (LocalV3.local) Created trial KMCCB
[2026-05-20 03:07:28] INFO (LocalV3.local) Trial parameter: KMCCB {"parameter_id": 45, "parameter_source": "algorithm", "parameters": {"model_type": "LSTM", "units": 32, "num_layers": 4, "dropout": 0.1, "activation": "relu", "lr": 0.0011348160073057143, "window_size": 11, "batch_size": 32, "epochs": 10, "kernel_size": 7, "attention_heads": 2}, "parameter_index": 0}
[2026-05-20 03:07:53] INFO (NNIManager) Trial job KMCCB status changed from RUNNING to SUCCEEDED
[2026-05-20 03:07:54] INFO (NNIManager) NNIManager received command from dispatcher: TR, {"parameter_id": 46, "parameter_source": "algorithm", "parameters": {"model_type": "LSTM", "units": 16, "num_layers": 4, "dropout": 0.5, "activation": "relu", "lr": 0.0009935024570561439, "window_size": 11, "batch_size": 32, "epochs": 5, "kernel_size": 2, "attention_heads": 2}, "parameter_index": 0}
[2026-05-20 03:07:54] INFO (NNIManager) submitTrialJob: form: {
  sequenceId: 46,
  hyperParameters: {
    value: '{"parameter_id": 46, "parameter_source": "algorithm", "parameters": {"model_type": "LSTM", "units": 16, "num_layers": 4, "dropout": 0.5, "activation": "relu", "lr": 0.0009935024570561439, "window_size": 11, "batch_size": 32, "epochs": 5, "kernel_size": 2, "attention_heads": 2}, "parameter_index": 0}',
    index: 0
  },
  placementConstraint: { type: 'None', gpus: [] }
}
[2026-05-20 03:07:54] INFO (LocalV3.local) Created trial nR32v
[2026-05-20 03:07:56] INFO (LocalV3.local) Trial parameter: nR32v {"parameter_id": 46, "parameter_source": "algorithm", "parameters": {"model_type": "LSTM", "units": 16, "num_layers": 4, "dropout": 0.5, "activation": "relu", "lr": 0.0009935024570561439, "window_size": 11, "batch_size": 32, "epochs": 5, "kernel_size": 2, "attention_heads": 2}, "parameter_index": 0}
[2026-05-20 03:08:11] INFO (NNIManager) Trial job nR32v status changed from RUNNING to SUCCEEDED
[2026-05-20 03:08:11] INFO (NNIManager) NNIManager received command from dispatcher: TR, {"parameter_id": 47, "parameter_source": "algorithm", "parameters": {"model_type": "LSTM", "units": 32, "num_layers": 4, "dropout": 0.5, "activation": "relu", "lr": 0.0010844826377029305, "window_size": 11, "batch_size": 64, "epochs": 10, "kernel_size": 7, "attention_heads": 2}, "parameter_index": 0}
[2026-05-20 03:08:11] INFO (NNIManager) submitTrialJob: form: {
  sequenceId: 47,
  hyperParameters: {
    value: '{"parameter_id": 47, "parameter_source": "algorithm", "parameters": {"model_type": "LSTM", "units": 32, "num_layers": 4, "dropout": 0.5, "activation": "relu", "lr": 0.0010844826377029305, "window_size": 11, "batch_size": 64, "epochs": 10, "kernel_size": 7, "attention_heads": 2}, "parameter_index": 0}',
    index: 0
  },
  placementConstraint: { type: 'None', gpus: [] }
}
[2026-05-20 03:08:11] INFO (LocalV3.local) Created trial vOOmm
[2026-05-20 03:08:13] INFO (LocalV3.local) Trial parameter: vOOmm {"parameter_id": 47, "parameter_source": "algorithm", "parameters": {"model_type": "LSTM", "units": 32, "num_layers": 4, "dropout": 0.5, "activation": "relu", "lr": 0.0010844826377029305, "window_size": 11, "batch_size": 64, "epochs": 10, "kernel_size": 7, "attention_heads": 2}, "parameter_index": 0}
[2026-05-20 03:08:29] INFO (NNIManager) Trial job vOOmm status changed from RUNNING to SUCCEEDED
[2026-05-20 03:08:29] INFO (NNIManager) NNIManager received command from dispatcher: TR, {"parameter_id": 48, "parameter_source": "algorithm", "parameters": {"model_type": "LSTM", "units": 16, "num_layers": 3, "dropout": 0.5, "activation": "tanh", "lr": 0.0004626916297082903, "window_size": 11, "batch_size": 128, "epochs": 10, "kernel_size": 7, "attention_heads": 2}, "parameter_index": 0}
[2026-05-20 03:08:30] INFO (NNIManager) submitTrialJob: form: {
  sequenceId: 48,
  hyperParameters: {
    value: '{"parameter_id": 48, "parameter_source": "algorithm", "parameters": {"model_type": "LSTM", "units": 16, "num_layers": 3, "dropout": 0.5, "activation": "tanh", "lr": 0.0004626916297082903, "window_size": 11, "batch_size": 128, "epochs": 10, "kernel_size": 7, "attention_heads": 2}, "parameter_index": 0}',
    index: 0
  },
  placementConstraint: { type: 'None', gpus: [] }
}
[2026-05-20 03:08:30] INFO (LocalV3.local) Created trial daRel
[2026-05-20 03:08:31] INFO (LocalV3.local) Trial parameter: daRel {"parameter_id": 48, "parameter_source": "algorithm", "parameters": {"model_type": "LSTM", "units": 16, "num_layers": 3, "dropout": 0.5, "activation": "tanh", "lr": 0.0004626916297082903, "window_size": 11, "batch_size": 128, "epochs": 10, "kernel_size": 7, "attention_heads": 2}, "parameter_index": 0}
[2026-05-20 03:08:41] INFO (NNIManager) Trial job daRel status changed from RUNNING to SUCCEEDED
[2026-05-20 03:08:41] INFO (NNIManager) NNIManager received command from dispatcher: TR, {"parameter_id": 49, "parameter_source": "algorithm", "parameters": {"model_type": "MLP", "units": 16, "num_layers": 4, "dropout": 0.3, "activation": "relu", "lr": 0.0011536033164288569, "window_size": 17, "batch_size": 32, "epochs": 20, "kernel_size": 7, "attention_heads": 4}, "parameter_index": 0}
[2026-05-20 03:08:42] INFO (NNIManager) submitTrialJob: form: {
  sequenceId: 49,
  hyperParameters: {
    value: '{"parameter_id": 49, "parameter_source": "algorithm", "parameters": {"model_type": "MLP", "units": 16, "num_layers": 4, "dropout": 0.3, "activation": "relu", "lr": 0.0011536033164288569, "window_size": 17, "batch_size": 32, "epochs": 20, "kernel_size": 7, "attention_heads": 4}, "parameter_index": 0}',
    index: 0
  },
  placementConstraint: { type: 'None', gpus: [] }
}
[2026-05-20 03:08:42] INFO (LocalV3.local) Created trial c14lL
[2026-05-20 03:08:43] INFO (LocalV3.local) Trial parameter: c14lL {"parameter_id": 49, "parameter_source": "algorithm", "parameters": {"model_type": "MLP", "units": 16, "num_layers": 4, "dropout": 0.3, "activation": "relu", "lr": 0.0011536033164288569, "window_size": 17, "batch_size": 32, "epochs": 20, "kernel_size": 7, "attention_heads": 4}, "parameter_index": 0}
[2026-05-20 03:08:49] INFO (NNIManager) Trial job c14lL status changed from RUNNING to SUCCEEDED
[2026-05-20 03:08:49] INFO (NNIManager) NNIManager received command from dispatcher: TR, {"parameter_id": 50, "parameter_source": "algorithm", "parameters": {"model_type": "LSTM", "units": 256, "num_layers": 4, "dropout": 0.5, "activation": "sigmoid", "lr": 0.0005559295045761645, "window_size": 11, "batch_size": 16, "epochs": 10, "kernel_size": 7, "attention_heads": 2}, "parameter_index": 0}
[2026-05-20 03:08:50] INFO (NNIManager) submitTrialJob: form: {
  sequenceId: 50,
  hyperParameters: {
    value: '{"parameter_id": 50, "parameter_source": "algorithm", "parameters": {"model_type": "LSTM", "units": 256, "num_layers": 4, "dropout": 0.5, "activation": "sigmoid", "lr": 0.0005559295045761645, "window_size": 11, "batch_size": 16, "epochs": 10, "kernel_size": 7, "attention_heads": 2}, "parameter_index": 0}',
    index: 0
  },
  placementConstraint: { type: 'None', gpus: [] }
}
[2026-05-20 03:08:50] INFO (LocalV3.local) Created trial QFvAr
[2026-05-20 03:08:51] INFO (LocalV3.local) Trial parameter: QFvAr {"parameter_id": 50, "parameter_source": "algorithm", "parameters": {"model_type": "LSTM", "units": 256, "num_layers": 4, "dropout": 0.5, "activation": "sigmoid", "lr": 0.0005559295045761645, "window_size": 11, "batch_size": 16, "epochs": 10, "kernel_size": 7, "attention_heads": 2}, "parameter_index": 0}
[2026-05-20 03:11:17] INFO (NNIManager) Trial job QFvAr status changed from RUNNING to SUCCEEDED
[2026-05-20 03:11:17] INFO (NNIManager) NNIManager received command from dispatcher: TR, {"parameter_id": 51, "parameter_source": "algorithm", "parameters": {"model_type": "LSTM", "units": 256, "num_layers": 4, "dropout": 0.2, "activation": "relu", "lr": 0.0012413362298902266, "window_size": 3, "batch_size": 32, "epochs": 10, "kernel_size": 7, "attention_heads": 2}, "parameter_index": 0}
[2026-05-20 03:11:17] INFO (NNIManager) submitTrialJob: form: {
  sequenceId: 51,
  hyperParameters: {
    value: '{"parameter_id": 51, "parameter_source": "algorithm", "parameters": {"model_type": "LSTM", "units": 256, "num_layers": 4, "dropout": 0.2, "activation": "relu", "lr": 0.0012413362298902266, "window_size": 3, "batch_size": 32, "epochs": 10, "kernel_size": 7, "attention_heads": 2}, "parameter_index": 0}',
    index: 0
  },
  placementConstraint: { type: 'None', gpus: [] }
}
[2026-05-20 03:11:17] INFO (LocalV3.local) Created trial zsoCc
[2026-05-20 03:11:19] INFO (LocalV3.local) Trial parameter: zsoCc {"parameter_id": 51, "parameter_source": "algorithm", "parameters": {"model_type": "LSTM", "units": 256, "num_layers": 4, "dropout": 0.2, "activation": "relu", "lr": 0.0012413362298902266, "window_size": 3, "batch_size": 32, "epochs": 10, "kernel_size": 7, "attention_heads": 2}, "parameter_index": 0}
[2026-05-20 03:12:06] INFO (NNIManager) Trial job zsoCc status changed from RUNNING to SUCCEEDED
[2026-05-20 03:12:06] INFO (NNIManager) NNIManager received command from dispatcher: TR, {"parameter_id": 52, "parameter_source": "algorithm", "parameters": {"model_type": "LSTM", "units": 256, "num_layers": 4, "dropout": 0.5, "activation": "sigmoid", "lr": 0.00040265568753867847, "window_size": 11, "batch_size": 64, "epochs": 10, "kernel_size": 2, "attention_heads": 2}, "parameter_index": 0}
[2026-05-20 03:12:07] INFO (NNIManager) submitTrialJob: form: {
  sequenceId: 52,
  hyperParameters: {
    value: '{"parameter_id": 52, "parameter_source": "algorithm", "parameters": {"model_type": "LSTM", "units": 256, "num_layers": 4, "dropout": 0.5, "activation": "sigmoid", "lr": 0.00040265568753867847, "window_size": 11, "batch_size": 64, "epochs": 10, "kernel_size": 2, "attention_heads": 2}, "parameter_index": 0}',
    index: 0
  },
  placementConstraint: { type: 'None', gpus: [] }
}
[2026-05-20 03:12:07] INFO (LocalV3.local) Created trial YDI3Y
[2026-05-20 03:12:09] INFO (LocalV3.local) Trial parameter: YDI3Y {"parameter_id": 52, "parameter_source": "algorithm", "parameters": {"model_type": "LSTM", "units": 256, "num_layers": 4, "dropout": 0.5, "activation": "sigmoid", "lr": 0.00040265568753867847, "window_size": 11, "batch_size": 64, "epochs": 10, "kernel_size": 2, "attention_heads": 2}, "parameter_index": 0}
[2026-05-20 03:13:17] INFO (NNIManager) Trial job YDI3Y status changed from RUNNING to SUCCEEDED
[2026-05-20 03:13:17] INFO (NNIManager) NNIManager received command from dispatcher: TR, {"parameter_id": 53, "parameter_source": "algorithm", "parameters": {"model_type": "LSTM", "units": 256, "num_layers": 4, "dropout": 0.5, "activation": "relu", "lr": 0.0007955003733906631, "window_size": 11, "batch_size": 32, "epochs": 15, "kernel_size": 3, "attention_heads": 2}, "parameter_index": 0}
[2026-05-20 03:13:18] INFO (NNIManager) submitTrialJob: form: {
  sequenceId: 53,
  hyperParameters: {
    value: '{"parameter_id": 53, "parameter_source": "algorithm", "parameters": {"model_type": "LSTM", "units": 256, "num_layers": 4, "dropout": 0.5, "activation": "relu", "lr": 0.0007955003733906631, "window_size": 11, "batch_size": 32, "epochs": 15, "kernel_size": 3, "attention_heads": 2}, "parameter_index": 0}',
    index: 0
  },
  placementConstraint: { type: 'None', gpus: [] }
}
[2026-05-20 03:13:18] INFO (LocalV3.local) Created trial LJU4x
[2026-05-20 03:13:20] INFO (LocalV3.local) Trial parameter: LJU4x {"parameter_id": 53, "parameter_source": "algorithm", "parameters": {"model_type": "LSTM", "units": 256, "num_layers": 4, "dropout": 0.5, "activation": "relu", "lr": 0.0007955003733906631, "window_size": 11, "batch_size": 32, "epochs": 15, "kernel_size": 3, "attention_heads": 2}, "parameter_index": 0}
[2026-05-20 03:16:01] INFO (NNIManager) Trial job LJU4x status changed from RUNNING to SUCCEEDED
[2026-05-20 03:16:01] INFO (NNIManager) NNIManager received command from dispatcher: TR, {"parameter_id": 54, "parameter_source": "algorithm", "parameters": {"model_type": "LSTM", "units": 256, "num_layers": 4, "dropout": 0.5, "activation": "sigmoid", "lr": 0.0005092297549371818, "window_size": 11, "batch_size": 16, "epochs": 10, "kernel_size": 7, "attention_heads": 2}, "parameter_index": 0}
[2026-05-20 03:16:02] INFO (NNIManager) submitTrialJob: form: {
  sequenceId: 54,
  hyperParameters: {
    value: '{"parameter_id": 54, "parameter_source": "algorithm", "parameters": {"model_type": "LSTM", "units": 256, "num_layers": 4, "dropout": 0.5, "activation": "sigmoid", "lr": 0.0005092297549371818, "window_size": 11, "batch_size": 16, "epochs": 10, "kernel_size": 7, "attention_heads": 2}, "parameter_index": 0}',
    index: 0
  },
  placementConstraint: { type: 'None', gpus: [] }
}
[2026-05-20 03:16:02] INFO (LocalV3.local) Created trial VbNWA
[2026-05-20 03:16:03] INFO (LocalV3.local) Trial parameter: VbNWA {"parameter_id": 54, "parameter_source": "algorithm", "parameters": {"model_type": "LSTM", "units": 256, "num_layers": 4, "dropout": 0.5, "activation": "sigmoid", "lr": 0.0005092297549371818, "window_size": 11, "batch_size": 16, "epochs": 10, "kernel_size": 7, "attention_heads": 2}, "parameter_index": 0}
[2026-05-20 03:18:28] INFO (NNIManager) Trial job VbNWA status changed from RUNNING to SUCCEEDED
[2026-05-20 03:18:28] INFO (NNIManager) NNIManager received command from dispatcher: TR, {"parameter_id": 55, "parameter_source": "algorithm", "parameters": {"model_type": "Transformer", "units": 16, "num_layers": 4, "dropout": 0.1, "activation": "relu", "lr": 0.0009409887679204851, "window_size": 11, "batch_size": 32, "epochs": 5, "kernel_size": 7, "attention_heads": 2}, "parameter_index": 0}
[2026-05-20 03:18:28] INFO (NNIManager) submitTrialJob: form: {
  sequenceId: 55,
  hyperParameters: {
    value: '{"parameter_id": 55, "parameter_source": "algorithm", "parameters": {"model_type": "Transformer", "units": 16, "num_layers": 4, "dropout": 0.1, "activation": "relu", "lr": 0.0009409887679204851, "window_size": 11, "batch_size": 32, "epochs": 5, "kernel_size": 7, "attention_heads": 2}, "parameter_index": 0}',
    index: 0
  },
  placementConstraint: { type: 'None', gpus: [] }
}
[2026-05-20 03:18:28] INFO (LocalV3.local) Created trial TYnA1
[2026-05-20 03:18:30] INFO (LocalV3.local) Trial parameter: TYnA1 {"parameter_id": 55, "parameter_source": "algorithm", "parameters": {"model_type": "Transformer", "units": 16, "num_layers": 4, "dropout": 0.1, "activation": "relu", "lr": 0.0009409887679204851, "window_size": 11, "batch_size": 32, "epochs": 5, "kernel_size": 7, "attention_heads": 2}, "parameter_index": 0}
[2026-05-20 03:18:40] INFO (NNIManager) Trial job TYnA1 status changed from RUNNING to SUCCEEDED
[2026-05-20 03:18:40] INFO (NNIManager) NNIManager received command from dispatcher: TR, {"parameter_id": 56, "parameter_source": "algorithm", "parameters": {"model_type": "LSTM", "units": 256, "num_layers": 4, "dropout": 0.5, "activation": "sigmoid", "lr": 0.0008996087481079691, "window_size": 11, "batch_size": 16, "epochs": 10, "kernel_size": 7, "attention_heads": 2}, "parameter_index": 0}
[2026-05-20 03:18:41] INFO (NNIManager) submitTrialJob: form: {
  sequenceId: 56,
  hyperParameters: {
    value: '{"parameter_id": 56, "parameter_source": "algorithm", "parameters": {"model_type": "LSTM", "units": 256, "num_layers": 4, "dropout": 0.5, "activation": "sigmoid", "lr": 0.0008996087481079691, "window_size": 11, "batch_size": 16, "epochs": 10, "kernel_size": 7, "attention_heads": 2}, "parameter_index": 0}',
    index: 0
  },
  placementConstraint: { type: 'None', gpus: [] }
}
[2026-05-20 03:18:41] INFO (LocalV3.local) Created trial RkEiI
[2026-05-20 03:18:42] INFO (LocalV3.local) Trial parameter: RkEiI {"parameter_id": 56, "parameter_source": "algorithm", "parameters": {"model_type": "LSTM", "units": 256, "num_layers": 4, "dropout": 0.5, "activation": "sigmoid", "lr": 0.0008996087481079691, "window_size": 11, "batch_size": 16, "epochs": 10, "kernel_size": 7, "attention_heads": 2}, "parameter_index": 0}
[2026-05-20 03:21:07] INFO (NNIManager) Trial job RkEiI status changed from RUNNING to SUCCEEDED
[2026-05-20 03:21:07] INFO (NNIManager) NNIManager received command from dispatcher: TR, {"parameter_id": 57, "parameter_source": "algorithm", "parameters": {"model_type": "LSTM", "units": 16, "num_layers": 4, "dropout": 0.5, "activation": "relu", "lr": 0.0008010018376883194, "window_size": 11, "batch_size": 32, "epochs": 5, "kernel_size": 7, "attention_heads": 2}, "parameter_index": 0}
[2026-05-20 03:21:08] INFO (NNIManager) submitTrialJob: form: {
  sequenceId: 57,
  hyperParameters: {
    value: '{"parameter_id": 57, "parameter_source": "algorithm", "parameters": {"model_type": "LSTM", "units": 16, "num_layers": 4, "dropout": 0.5, "activation": "relu", "lr": 0.0008010018376883194, "window_size": 11, "batch_size": 32, "epochs": 5, "kernel_size": 7, "attention_heads": 2}, "parameter_index": 0}',
    index: 0
  },
  placementConstraint: { type: 'None', gpus: [] }
}
[2026-05-20 03:21:08] INFO (LocalV3.local) Created trial kKEe5
[2026-05-20 03:21:10] INFO (LocalV3.local) Trial parameter: kKEe5 {"parameter_id": 57, "parameter_source": "algorithm", "parameters": {"model_type": "LSTM", "units": 16, "num_layers": 4, "dropout": 0.5, "activation": "relu", "lr": 0.0008010018376883194, "window_size": 11, "batch_size": 32, "epochs": 5, "kernel_size": 7, "attention_heads": 2}, "parameter_index": 0}
[2026-05-20 03:21:25] INFO (NNIManager) Trial job kKEe5 status changed from RUNNING to SUCCEEDED
[2026-05-20 03:21:25] INFO (NNIManager) NNIManager received command from dispatcher: TR, {"parameter_id": 58, "parameter_source": "algorithm", "parameters": {"model_type": "LSTM", "units": 16, "num_layers": 4, "dropout": 0.5, "activation": "relu", "lr": 0.0007974848163822001, "window_size": 11, "batch_size": 32, "epochs": 5, "kernel_size": 7, "attention_heads": 2}, "parameter_index": 0}
[2026-05-20 03:21:25] INFO (NNIManager) submitTrialJob: form: {
  sequenceId: 58,
  hyperParameters: {
    value: '{"parameter_id": 58, "parameter_source": "algorithm", "parameters": {"model_type": "LSTM", "units": 16, "num_layers": 4, "dropout": 0.5, "activation": "relu", "lr": 0.0007974848163822001, "window_size": 11, "batch_size": 32, "epochs": 5, "kernel_size": 7, "attention_heads": 2}, "parameter_index": 0}',
    index: 0
  },
  placementConstraint: { type: 'None', gpus: [] }
}
[2026-05-20 03:21:25] INFO (LocalV3.local) Created trial B6N8F
[2026-05-20 03:21:27] INFO (LocalV3.local) Trial parameter: B6N8F {"parameter_id": 58, "parameter_source": "algorithm", "parameters": {"model_type": "LSTM", "units": 16, "num_layers": 4, "dropout": 0.5, "activation": "relu", "lr": 0.0007974848163822001, "window_size": 11, "batch_size": 32, "epochs": 5, "kernel_size": 7, "attention_heads": 2}, "parameter_index": 0}
[2026-05-20 03:21:42] INFO (NNIManager) Trial job B6N8F status changed from RUNNING to SUCCEEDED
[2026-05-20 03:21:42] INFO (NNIManager) NNIManager received command from dispatcher: TR, {"parameter_id": 59, "parameter_source": "algorithm", "parameters": {"model_type": "MLP", "units": 256, "num_layers": 4, "dropout": 0.5, "activation": "relu", "lr": 0.0008633421782800403, "window_size": 11, "batch_size": 32, "epochs": 20, "kernel_size": 7, "attention_heads": 2}, "parameter_index": 0}
[2026-05-20 03:21:42] INFO (NNIManager) submitTrialJob: form: {
  sequenceId: 59,
  hyperParameters: {
    value: '{"parameter_id": 59, "parameter_source": "algorithm", "parameters": {"model_type": "MLP", "units": 256, "num_layers": 4, "dropout": 0.5, "activation": "relu", "lr": 0.0008633421782800403, "window_size": 11, "batch_size": 32, "epochs": 20, "kernel_size": 7, "attention_heads": 2}, "parameter_index": 0}',
    index: 0
  },
  placementConstraint: { type: 'None', gpus: [] }
}
[2026-05-20 03:21:42] INFO (LocalV3.local) Created trial KVceo
[2026-05-20 03:21:44] INFO (LocalV3.local) Trial parameter: KVceo {"parameter_id": 59, "parameter_source": "algorithm", "parameters": {"model_type": "MLP", "units": 256, "num_layers": 4, "dropout": 0.5, "activation": "relu", "lr": 0.0008633421782800403, "window_size": 11, "batch_size": 32, "epochs": 20, "kernel_size": 7, "attention_heads": 2}, "parameter_index": 0}
[2026-05-20 03:21:55] INFO (NNIManager) Trial job KVceo status changed from RUNNING to SUCCEEDED
[2026-05-20 03:21:55] INFO (NNIManager) NNIManager received command from dispatcher: TR, {"parameter_id": 60, "parameter_source": "algorithm", "parameters": {"model_type": "LSTM", "units": 256, "num_layers": 4, "dropout": 0.5, "activation": "relu", "lr": 0.001142594206704926, "window_size": 17, "batch_size": 32, "epochs": 10, "kernel_size": 7, "attention_heads": 2}, "parameter_index": 0}
[2026-05-20 03:21:55] INFO (NNIManager) submitTrialJob: form: {
  sequenceId: 60,
  hyperParameters: {
    value: '{"parameter_id": 60, "parameter_source": "algorithm", "parameters": {"model_type": "LSTM", "units": 256, "num_layers": 4, "dropout": 0.5, "activation": "relu", "lr": 0.001142594206704926, "window_size": 17, "batch_size": 32, "epochs": 10, "kernel_size": 7, "attention_heads": 2}, "parameter_index": 0}',
    index: 0
  },
  placementConstraint: { type: 'None', gpus: [] }
}
[2026-05-20 03:21:55] INFO (LocalV3.local) Created trial Ttzex
[2026-05-20 03:21:57] INFO (LocalV3.local) Trial parameter: Ttzex {"parameter_id": 60, "parameter_source": "algorithm", "parameters": {"model_type": "LSTM", "units": 256, "num_layers": 4, "dropout": 0.5, "activation": "relu", "lr": 0.001142594206704926, "window_size": 17, "batch_size": 32, "epochs": 10, "kernel_size": 7, "attention_heads": 2}, "parameter_index": 0}
[2026-05-20 03:24:30] INFO (NNIManager) Trial job Ttzex status changed from RUNNING to SUCCEEDED
[2026-05-20 03:24:30] INFO (NNIManager) NNIManager received command from dispatcher: TR, {"parameter_id": 61, "parameter_source": "algorithm", "parameters": {"model_type": "LSTM", "units": 256, "num_layers": 2, "dropout": 0.5, "activation": "sigmoid", "lr": 0.000497108628203559, "window_size": 11, "batch_size": 16, "epochs": 10, "kernel_size": 7, "attention_heads": 2}, "parameter_index": 0}
[2026-05-20 03:24:30] INFO (NNIManager) submitTrialJob: form: {
  sequenceId: 61,
  hyperParameters: {
    value: '{"parameter_id": 61, "parameter_source": "algorithm", "parameters": {"model_type": "LSTM", "units": 256, "num_layers": 2, "dropout": 0.5, "activation": "sigmoid", "lr": 0.000497108628203559, "window_size": 11, "batch_size": 16, "epochs": 10, "kernel_size": 7, "attention_heads": 2}, "parameter_index": 0}',
    index: 0
  },
  placementConstraint: { type: 'None', gpus: [] }
}
[2026-05-20 03:24:30] INFO (LocalV3.local) Created trial hoJaK
[2026-05-20 03:24:32] INFO (LocalV3.local) Trial parameter: hoJaK {"parameter_id": 61, "parameter_source": "algorithm", "parameters": {"model_type": "LSTM", "units": 256, "num_layers": 2, "dropout": 0.5, "activation": "sigmoid", "lr": 0.000497108628203559, "window_size": 11, "batch_size": 16, "epochs": 10, "kernel_size": 7, "attention_heads": 2}, "parameter_index": 0}
[2026-05-20 03:25:48] INFO (NNIManager) Trial job hoJaK status changed from RUNNING to SUCCEEDED
[2026-05-20 03:25:48] INFO (NNIManager) NNIManager received command from dispatcher: TR, {"parameter_id": 62, "parameter_source": "algorithm", "parameters": {"model_type": "LSTM", "units": 256, "num_layers": 1, "dropout": 0.5, "activation": "sigmoid", "lr": 0.0008098168251791693, "window_size": 11, "batch_size": 16, "epochs": 10, "kernel_size": 7, "attention_heads": 2}, "parameter_index": 0}
[2026-05-20 03:25:49] INFO (NNIManager) submitTrialJob: form: {
  sequenceId: 62,
  hyperParameters: {
    value: '{"parameter_id": 62, "parameter_source": "algorithm", "parameters": {"model_type": "LSTM", "units": 256, "num_layers": 1, "dropout": 0.5, "activation": "sigmoid", "lr": 0.0008098168251791693, "window_size": 11, "batch_size": 16, "epochs": 10, "kernel_size": 7, "attention_heads": 2}, "parameter_index": 0}',
    index: 0
  },
  placementConstraint: { type: 'None', gpus: [] }
}
[2026-05-20 03:25:49] INFO (LocalV3.local) Created trial JCbw0
[2026-05-20 03:25:50] INFO (LocalV3.local) Trial parameter: JCbw0 {"parameter_id": 62, "parameter_source": "algorithm", "parameters": {"model_type": "LSTM", "units": 256, "num_layers": 1, "dropout": 0.5, "activation": "sigmoid", "lr": 0.0008098168251791693, "window_size": 11, "batch_size": 16, "epochs": 10, "kernel_size": 7, "attention_heads": 2}, "parameter_index": 0}
[2026-05-20 03:26:28] INFO (NNIManager) Trial job JCbw0 status changed from RUNNING to SUCCEEDED
[2026-05-20 03:26:28] INFO (NNIManager) NNIManager received command from dispatcher: TR, {"parameter_id": 63, "parameter_source": "algorithm", "parameters": {"model_type": "MLP", "units": 16, "num_layers": 4, "dropout": 0.1, "activation": "relu", "lr": 0.000516409308091561, "window_size": 11, "batch_size": 32, "epochs": 5, "kernel_size": 7, "attention_heads": 2}, "parameter_index": 0}
[2026-05-20 03:26:29] INFO (NNIManager) submitTrialJob: form: {
  sequenceId: 63,
  hyperParameters: {
    value: '{"parameter_id": 63, "parameter_source": "algorithm", "parameters": {"model_type": "MLP", "units": 16, "num_layers": 4, "dropout": 0.1, "activation": "relu", "lr": 0.000516409308091561, "window_size": 11, "batch_size": 32, "epochs": 5, "kernel_size": 7, "attention_heads": 2}, "parameter_index": 0}',
    index: 0
  },
  placementConstraint: { type: 'None', gpus: [] }
}
[2026-05-20 03:26:29] INFO (LocalV3.local) Created trial kARTY
[2026-05-20 03:26:30] INFO (LocalV3.local) Trial parameter: kARTY {"parameter_id": 63, "parameter_source": "algorithm", "parameters": {"model_type": "MLP", "units": 16, "num_layers": 4, "dropout": 0.1, "activation": "relu", "lr": 0.000516409308091561, "window_size": 11, "batch_size": 32, "epochs": 5, "kernel_size": 7, "attention_heads": 2}, "parameter_index": 0}
[2026-05-20 03:26:33] INFO (NNIManager) Trial job kARTY status changed from RUNNING to SUCCEEDED
[2026-05-20 03:26:33] INFO (NNIManager) NNIManager received command from dispatcher: TR, {"parameter_id": 64, "parameter_source": "algorithm", "parameters": {"model_type": "LSTM", "units": 256, "num_layers": 4, "dropout": 0.5, "activation": "elu", "lr": 0.0005093386959904908, "window_size": 11, "batch_size": 16, "epochs": 10, "kernel_size": 7, "attention_heads": 2}, "parameter_index": 0}
[2026-05-20 03:26:34] INFO (NNIManager) submitTrialJob: form: {
  sequenceId: 64,
  hyperParameters: {
    value: '{"parameter_id": 64, "parameter_source": "algorithm", "parameters": {"model_type": "LSTM", "units": 256, "num_layers": 4, "dropout": 0.5, "activation": "elu", "lr": 0.0005093386959904908, "window_size": 11, "batch_size": 16, "epochs": 10, "kernel_size": 7, "attention_heads": 2}, "parameter_index": 0}',
    index: 0
  },
  placementConstraint: { type: 'None', gpus: [] }
}
[2026-05-20 03:26:34] INFO (LocalV3.local) Created trial LRtik
[2026-05-20 03:26:36] INFO (LocalV3.local) Trial parameter: LRtik {"parameter_id": 64, "parameter_source": "algorithm", "parameters": {"model_type": "LSTM", "units": 256, "num_layers": 4, "dropout": 0.5, "activation": "elu", "lr": 0.0005093386959904908, "window_size": 11, "batch_size": 16, "epochs": 10, "kernel_size": 7, "attention_heads": 2}, "parameter_index": 0}
[2026-05-20 03:29:01] INFO (NNIManager) Trial job LRtik status changed from RUNNING to SUCCEEDED
[2026-05-20 03:29:01] INFO (NNIManager) NNIManager received command from dispatcher: TR, {"parameter_id": 65, "parameter_source": "algorithm", "parameters": {"model_type": "LSTM", "units": 256, "num_layers": 4, "dropout": 0.5, "activation": "relu", "lr": 0.0006682146829306388, "window_size": 11, "batch_size": 32, "epochs": 10, "kernel_size": 7, "attention_heads": 2}, "parameter_index": 0}
[2026-05-20 03:29:01] INFO (NNIManager) submitTrialJob: form: {
  sequenceId: 65,
  hyperParameters: {
    value: '{"parameter_id": 65, "parameter_source": "algorithm", "parameters": {"model_type": "LSTM", "units": 256, "num_layers": 4, "dropout": 0.5, "activation": "relu", "lr": 0.0006682146829306388, "window_size": 11, "batch_size": 32, "epochs": 10, "kernel_size": 7, "attention_heads": 2}, "parameter_index": 0}',
    index: 0
  },
  placementConstraint: { type: 'None', gpus: [] }
}
[2026-05-20 03:29:01] INFO (LocalV3.local) Created trial f7JXo
[2026-05-20 03:29:03] INFO (LocalV3.local) Trial parameter: f7JXo {"parameter_id": 65, "parameter_source": "algorithm", "parameters": {"model_type": "LSTM", "units": 256, "num_layers": 4, "dropout": 0.5, "activation": "relu", "lr": 0.0006682146829306388, "window_size": 11, "batch_size": 32, "epochs": 10, "kernel_size": 7, "attention_heads": 2}, "parameter_index": 0}
[2026-05-20 03:30:53] INFO (NNIManager) Trial job f7JXo status changed from RUNNING to SUCCEEDED
[2026-05-20 03:30:53] INFO (NNIManager) NNIManager received command from dispatcher: TR, {"parameter_id": 66, "parameter_source": "algorithm", "parameters": {"model_type": "LSTM", "units": 64, "num_layers": 4, "dropout": 0.5, "activation": "sigmoid", "lr": 0.0005075997697452588, "window_size": 22, "batch_size": 16, "epochs": 10, "kernel_size": 7, "attention_heads": 2}, "parameter_index": 0}
[2026-05-20 03:30:54] INFO (NNIManager) submitTrialJob: form: {
  sequenceId: 66,
  hyperParameters: {
    value: '{"parameter_id": 66, "parameter_source": "algorithm", "parameters": {"model_type": "LSTM", "units": 64, "num_layers": 4, "dropout": 0.5, "activation": "sigmoid", "lr": 0.0005075997697452588, "window_size": 22, "batch_size": 16, "epochs": 10, "kernel_size": 7, "attention_heads": 2}, "parameter_index": 0}',
    index: 0
  },
  placementConstraint: { type: 'None', gpus: [] }
}
[2026-05-20 03:30:54] INFO (LocalV3.local) Created trial lSsZ9
[2026-05-20 03:30:55] INFO (LocalV3.local) Trial parameter: lSsZ9 {"parameter_id": 66, "parameter_source": "algorithm", "parameters": {"model_type": "LSTM", "units": 64, "num_layers": 4, "dropout": 0.5, "activation": "sigmoid", "lr": 0.0005075997697452588, "window_size": 22, "batch_size": 16, "epochs": 10, "kernel_size": 7, "attention_heads": 2}, "parameter_index": 0}
[2026-05-20 03:31:54] INFO (NNIManager) Trial job lSsZ9 status changed from RUNNING to SUCCEEDED
[2026-05-20 03:31:54] INFO (NNIManager) NNIManager received command from dispatcher: TR, {"parameter_id": 67, "parameter_source": "algorithm", "parameters": {"model_type": "LSTM", "units": 256, "num_layers": 4, "dropout": 0.5, "activation": "sigmoid", "lr": 0.000565706427298238, "window_size": 11, "batch_size": 16, "epochs": 10, "kernel_size": 7, "attention_heads": 2}, "parameter_index": 0}
[2026-05-20 03:31:55] INFO (NNIManager) submitTrialJob: form: {
  sequenceId: 67,
  hyperParameters: {
    value: '{"parameter_id": 67, "parameter_source": "algorithm", "parameters": {"model_type": "LSTM", "units": 256, "num_layers": 4, "dropout": 0.5, "activation": "sigmoid", "lr": 0.000565706427298238, "window_size": 11, "batch_size": 16, "epochs": 10, "kernel_size": 7, "attention_heads": 2}, "parameter_index": 0}',
    index: 0
  },
  placementConstraint: { type: 'None', gpus: [] }
}
[2026-05-20 03:31:55] INFO (LocalV3.local) Created trial eglsR
[2026-05-20 03:31:56] INFO (LocalV3.local) Trial parameter: eglsR {"parameter_id": 67, "parameter_source": "algorithm", "parameters": {"model_type": "LSTM", "units": 256, "num_layers": 4, "dropout": 0.5, "activation": "sigmoid", "lr": 0.000565706427298238, "window_size": 11, "batch_size": 16, "epochs": 10, "kernel_size": 7, "attention_heads": 2}, "parameter_index": 0}
[2026-05-20 03:34:21] INFO (NNIManager) Trial job eglsR status changed from RUNNING to SUCCEEDED
[2026-05-20 03:34:21] INFO (NNIManager) NNIManager received command from dispatcher: TR, {"parameter_id": 68, "parameter_source": "algorithm", "parameters": {"model_type": "LSTM", "units": 256, "num_layers": 4, "dropout": 0.5, "activation": "sigmoid", "lr": 0.0007033216184917557, "window_size": 11, "batch_size": 16, "epochs": 10, "kernel_size": 7, "attention_heads": 2}, "parameter_index": 0}
[2026-05-20 03:34:22] INFO (NNIManager) submitTrialJob: form: {
  sequenceId: 68,
  hyperParameters: {
    value: '{"parameter_id": 68, "parameter_source": "algorithm", "parameters": {"model_type": "LSTM", "units": 256, "num_layers": 4, "dropout": 0.5, "activation": "sigmoid", "lr": 0.0007033216184917557, "window_size": 11, "batch_size": 16, "epochs": 10, "kernel_size": 7, "attention_heads": 2}, "parameter_index": 0}',
    index: 0
  },
  placementConstraint: { type: 'None', gpus: [] }
}
[2026-05-20 03:34:22] INFO (LocalV3.local) Created trial mkqlM
[2026-05-20 03:34:24] INFO (LocalV3.local) Trial parameter: mkqlM {"parameter_id": 68, "parameter_source": "algorithm", "parameters": {"model_type": "LSTM", "units": 256, "num_layers": 4, "dropout": 0.5, "activation": "sigmoid", "lr": 0.0007033216184917557, "window_size": 11, "batch_size": 16, "epochs": 10, "kernel_size": 7, "attention_heads": 2}, "parameter_index": 0}
[2026-05-20 03:36:48] INFO (NNIManager) Trial job mkqlM status changed from RUNNING to SUCCEEDED
[2026-05-20 03:36:48] INFO (NNIManager) NNIManager received command from dispatcher: TR, {"parameter_id": 69, "parameter_source": "algorithm", "parameters": {"model_type": "LSTM", "units": 16, "num_layers": 1, "dropout": 0.1, "activation": "relu", "lr": 0.0006594008542109409, "window_size": 11, "batch_size": 32, "epochs": 15, "kernel_size": 7, "attention_heads": 2}, "parameter_index": 0}
[2026-05-20 03:36:48] INFO (NNIManager) submitTrialJob: form: {
  sequenceId: 69,
  hyperParameters: {
    value: '{"parameter_id": 69, "parameter_source": "algorithm", "parameters": {"model_type": "LSTM", "units": 16, "num_layers": 1, "dropout": 0.1, "activation": "relu", "lr": 0.0006594008542109409, "window_size": 11, "batch_size": 32, "epochs": 15, "kernel_size": 7, "attention_heads": 2}, "parameter_index": 0}',
    index: 0
  },
  placementConstraint: { type: 'None', gpus: [] }
}
[2026-05-20 03:36:48] INFO (LocalV3.local) Created trial Xq36o
[2026-05-20 03:36:50] INFO (LocalV3.local) Trial parameter: Xq36o {"parameter_id": 69, "parameter_source": "algorithm", "parameters": {"model_type": "LSTM", "units": 16, "num_layers": 1, "dropout": 0.1, "activation": "relu", "lr": 0.0006594008542109409, "window_size": 11, "batch_size": 32, "epochs": 15, "kernel_size": 7, "attention_heads": 2}, "parameter_index": 0}
[2026-05-20 03:37:00] INFO (NNIManager) Trial job Xq36o status changed from RUNNING to SUCCEEDED
[2026-05-20 03:37:01] INFO (NNIManager) NNIManager received command from dispatcher: TR, {"parameter_id": 70, "parameter_source": "algorithm", "parameters": {"model_type": "LSTM", "units": 256, "num_layers": 4, "dropout": 0.5, "activation": "sigmoid", "lr": 0.0005404710221371589, "window_size": 11, "batch_size": 16, "epochs": 10, "kernel_size": 5, "attention_heads": 2}, "parameter_index": 0}
[2026-05-20 03:37:01] INFO (NNIManager) submitTrialJob: form: {
  sequenceId: 70,
  hyperParameters: {
    value: '{"parameter_id": 70, "parameter_source": "algorithm", "parameters": {"model_type": "LSTM", "units": 256, "num_layers": 4, "dropout": 0.5, "activation": "sigmoid", "lr": 0.0005404710221371589, "window_size": 11, "batch_size": 16, "epochs": 10, "kernel_size": 5, "attention_heads": 2}, "parameter_index": 0}',
    index: 0
  },
  placementConstraint: { type: 'None', gpus: [] }
}
[2026-05-20 03:37:01] INFO (LocalV3.local) Created trial Sg8jj
[2026-05-20 03:37:03] INFO (LocalV3.local) Trial parameter: Sg8jj {"parameter_id": 70, "parameter_source": "algorithm", "parameters": {"model_type": "LSTM", "units": 256, "num_layers": 4, "dropout": 0.5, "activation": "sigmoid", "lr": 0.0005404710221371589, "window_size": 11, "batch_size": 16, "epochs": 10, "kernel_size": 5, "attention_heads": 2}, "parameter_index": 0}
[2026-05-20 03:39:28] INFO (NNIManager) Trial job Sg8jj status changed from RUNNING to SUCCEEDED
[2026-05-20 03:39:28] INFO (NNIManager) NNIManager received command from dispatcher: TR, {"parameter_id": 71, "parameter_source": "algorithm", "parameters": {"model_type": "LSTM", "units": 256, "num_layers": 4, "dropout": 0.5, "activation": "sigmoid", "lr": 0.00048579224754448217, "window_size": 11, "batch_size": 16, "epochs": 10, "kernel_size": 7, "attention_heads": 2}, "parameter_index": 0}
[2026-05-20 03:39:28] INFO (NNIManager) submitTrialJob: form: {
  sequenceId: 71,
  hyperParameters: {
    value: '{"parameter_id": 71, "parameter_source": "algorithm", "parameters": {"model_type": "LSTM", "units": 256, "num_layers": 4, "dropout": 0.5, "activation": "sigmoid", "lr": 0.00048579224754448217, "window_size": 11, "batch_size": 16, "epochs": 10, "kernel_size": 7, "attention_heads": 2}, "parameter_index": 0}',
    index: 0
  },
  placementConstraint: { type: 'None', gpus: [] }
}
[2026-05-20 03:39:28] INFO (LocalV3.local) Created trial AAgbE
[2026-05-20 03:39:30] INFO (LocalV3.local) Trial parameter: AAgbE {"parameter_id": 71, "parameter_source": "algorithm", "parameters": {"model_type": "LSTM", "units": 256, "num_layers": 4, "dropout": 0.5, "activation": "sigmoid", "lr": 0.00048579224754448217, "window_size": 11, "batch_size": 16, "epochs": 10, "kernel_size": 7, "attention_heads": 2}, "parameter_index": 0}
[2026-05-20 03:41:55] INFO (NNIManager) Trial job AAgbE status changed from RUNNING to SUCCEEDED
[2026-05-20 03:41:55] INFO (NNIManager) NNIManager received command from dispatcher: TR, {"parameter_id": 72, "parameter_source": "algorithm", "parameters": {"model_type": "LSTM", "units": 16, "num_layers": 3, "dropout": 0.5, "activation": "tanh", "lr": 0.0010009714913184343, "window_size": 11, "batch_size": 16, "epochs": 10, "kernel_size": 7, "attention_heads": 2}, "parameter_index": 0}
[2026-05-20 03:41:55] INFO (NNIManager) submitTrialJob: form: {
  sequenceId: 72,
  hyperParameters: {
    value: '{"parameter_id": 72, "parameter_source": "algorithm", "parameters": {"model_type": "LSTM", "units": 16, "num_layers": 3, "dropout": 0.5, "activation": "tanh", "lr": 0.0010009714913184343, "window_size": 11, "batch_size": 16, "epochs": 10, "kernel_size": 7, "attention_heads": 2}, "parameter_index": 0}',
    index: 0
  },
  placementConstraint: { type: 'None', gpus: [] }
}
[2026-05-20 03:41:55] INFO (LocalV3.local) Created trial OfFBW
[2026-05-20 03:41:57] INFO (LocalV3.local) Trial parameter: OfFBW {"parameter_id": 72, "parameter_source": "algorithm", "parameters": {"model_type": "LSTM", "units": 16, "num_layers": 3, "dropout": 0.5, "activation": "tanh", "lr": 0.0010009714913184343, "window_size": 11, "batch_size": 16, "epochs": 10, "kernel_size": 7, "attention_heads": 2}, "parameter_index": 0}
[2026-05-20 03:42:27] INFO (NNIManager) Trial job OfFBW status changed from RUNNING to SUCCEEDED
[2026-05-20 03:42:27] INFO (NNIManager) NNIManager received command from dispatcher: TR, {"parameter_id": 73, "parameter_source": "algorithm", "parameters": {"model_type": "LSTM", "units": 256, "num_layers": 4, "dropout": 0.5, "activation": "sigmoid", "lr": 0.0006413816163399588, "window_size": 11, "batch_size": 16, "epochs": 10, "kernel_size": 7, "attention_heads": 2}, "parameter_index": 0}
[2026-05-20 03:42:28] INFO (NNIManager) submitTrialJob: form: {
  sequenceId: 73,
  hyperParameters: {
    value: '{"parameter_id": 73, "parameter_source": "algorithm", "parameters": {"model_type": "LSTM", "units": 256, "num_layers": 4, "dropout": 0.5, "activation": "sigmoid", "lr": 0.0006413816163399588, "window_size": 11, "batch_size": 16, "epochs": 10, "kernel_size": 7, "attention_heads": 2}, "parameter_index": 0}',
    index: 0
  },
  placementConstraint: { type: 'None', gpus: [] }
}
[2026-05-20 03:42:28] INFO (LocalV3.local) Created trial e73dv
[2026-05-20 03:42:29] INFO (LocalV3.local) Trial parameter: e73dv {"parameter_id": 73, "parameter_source": "algorithm", "parameters": {"model_type": "LSTM", "units": 256, "num_layers": 4, "dropout": 0.5, "activation": "sigmoid", "lr": 0.0006413816163399588, "window_size": 11, "batch_size": 16, "epochs": 10, "kernel_size": 7, "attention_heads": 2}, "parameter_index": 0}
[2026-05-20 03:44:54] INFO (NNIManager) Trial job e73dv status changed from RUNNING to SUCCEEDED
[2026-05-20 03:44:54] INFO (NNIManager) NNIManager received command from dispatcher: TR, {"parameter_id": 74, "parameter_source": "algorithm", "parameters": {"model_type": "LSTM", "units": 256, "num_layers": 4, "dropout": 0.3, "activation": "sigmoid", "lr": 0.0005386504024907632, "window_size": 11, "batch_size": 64, "epochs": 10, "kernel_size": 7, "attention_heads": 2}, "parameter_index": 0}
[2026-05-20 03:44:54] INFO (NNIManager) submitTrialJob: form: {
  sequenceId: 74,
  hyperParameters: {
    value: '{"parameter_id": 74, "parameter_source": "algorithm", "parameters": {"model_type": "LSTM", "units": 256, "num_layers": 4, "dropout": 0.3, "activation": "sigmoid", "lr": 0.0005386504024907632, "window_size": 11, "batch_size": 64, "epochs": 10, "kernel_size": 7, "attention_heads": 2}, "parameter_index": 0}',
    index: 0
  },
  placementConstraint: { type: 'None', gpus: [] }
}
[2026-05-20 03:44:54] INFO (LocalV3.local) Created trial QVi2B
[2026-05-20 03:44:56] INFO (LocalV3.local) Trial parameter: QVi2B {"parameter_id": 74, "parameter_source": "algorithm", "parameters": {"model_type": "LSTM", "units": 256, "num_layers": 4, "dropout": 0.3, "activation": "sigmoid", "lr": 0.0005386504024907632, "window_size": 11, "batch_size": 64, "epochs": 10, "kernel_size": 7, "attention_heads": 2}, "parameter_index": 0}
[2026-05-20 03:46:05] INFO (NNIManager) Trial job QVi2B status changed from RUNNING to SUCCEEDED
[2026-05-20 03:46:06] INFO (NNIManager) NNIManager received command from dispatcher: TR, {"parameter_id": 75, "parameter_source": "algorithm", "parameters": {"model_type": "LSTM", "units": 256, "num_layers": 4, "dropout": 0.5, "activation": "sigmoid", "lr": 0.0004145345994180977, "window_size": 11, "batch_size": 16, "epochs": 10, "kernel_size": 7, "attention_heads": 2}, "parameter_index": 0}
[2026-05-20 03:46:06] INFO (NNIManager) submitTrialJob: form: {
  sequenceId: 75,
  hyperParameters: {
    value: '{"parameter_id": 75, "parameter_source": "algorithm", "parameters": {"model_type": "LSTM", "units": 256, "num_layers": 4, "dropout": 0.5, "activation": "sigmoid", "lr": 0.0004145345994180977, "window_size": 11, "batch_size": 16, "epochs": 10, "kernel_size": 7, "attention_heads": 2}, "parameter_index": 0}',
    index: 0
  },
  placementConstraint: { type: 'None', gpus: [] }
}
[2026-05-20 03:46:06] INFO (LocalV3.local) Created trial JKW8u
[2026-05-20 03:46:08] INFO (LocalV3.local) Trial parameter: JKW8u {"parameter_id": 75, "parameter_source": "algorithm", "parameters": {"model_type": "LSTM", "units": 256, "num_layers": 4, "dropout": 0.5, "activation": "sigmoid", "lr": 0.0004145345994180977, "window_size": 11, "batch_size": 16, "epochs": 10, "kernel_size": 7, "attention_heads": 2}, "parameter_index": 0}
[2026-05-20 03:48:32] INFO (NNIManager) Trial job JKW8u status changed from RUNNING to SUCCEEDED
[2026-05-20 03:48:32] INFO (NNIManager) NNIManager received command from dispatcher: TR, {"parameter_id": 76, "parameter_source": "algorithm", "parameters": {"model_type": "LSTM", "units": 16, "num_layers": 4, "dropout": 0.3, "activation": "relu", "lr": 0.0007397680072613198, "window_size": 11, "batch_size": 32, "epochs": 15, "kernel_size": 7, "attention_heads": 2}, "parameter_index": 0}
[2026-05-20 03:48:33] INFO (NNIManager) submitTrialJob: form: {
  sequenceId: 76,
  hyperParameters: {
    value: '{"parameter_id": 76, "parameter_source": "algorithm", "parameters": {"model_type": "LSTM", "units": 16, "num_layers": 4, "dropout": 0.3, "activation": "relu", "lr": 0.0007397680072613198, "window_size": 11, "batch_size": 32, "epochs": 15, "kernel_size": 7, "attention_heads": 2}, "parameter_index": 0}',
    index: 0
  },
  placementConstraint: { type: 'None', gpus: [] }
}
[2026-05-20 03:48:33] INFO (LocalV3.local) Created trial va30g
[2026-05-20 03:48:34] INFO (LocalV3.local) Trial parameter: va30g {"parameter_id": 76, "parameter_source": "algorithm", "parameters": {"model_type": "LSTM", "units": 16, "num_layers": 4, "dropout": 0.3, "activation": "relu", "lr": 0.0007397680072613198, "window_size": 11, "batch_size": 32, "epochs": 15, "kernel_size": 7, "attention_heads": 2}, "parameter_index": 0}
[2026-05-20 03:49:07] INFO (NNIManager) Trial job va30g status changed from RUNNING to SUCCEEDED
[2026-05-20 03:49:07] INFO (NNIManager) NNIManager received command from dispatcher: TR, {"parameter_id": 77, "parameter_source": "algorithm", "parameters": {"model_type": "LSTM", "units": 256, "num_layers": 4, "dropout": 0.5, "activation": "sigmoid", "lr": 0.00043758638578641313, "window_size": 11, "batch_size": 32, "epochs": 10, "kernel_size": 7, "attention_heads": 2}, "parameter_index": 0}
[2026-05-20 03:49:08] INFO (NNIManager) submitTrialJob: form: {
  sequenceId: 77,
  hyperParameters: {
    value: '{"parameter_id": 77, "parameter_source": "algorithm", "parameters": {"model_type": "LSTM", "units": 256, "num_layers": 4, "dropout": 0.5, "activation": "sigmoid", "lr": 0.00043758638578641313, "window_size": 11, "batch_size": 32, "epochs": 10, "kernel_size": 7, "attention_heads": 2}, "parameter_index": 0}',
    index: 0
  },
  placementConstraint: { type: 'None', gpus: [] }
}
[2026-05-20 03:49:08] INFO (LocalV3.local) Created trial b7kKi
[2026-05-20 03:49:09] INFO (LocalV3.local) Trial parameter: b7kKi {"parameter_id": 77, "parameter_source": "algorithm", "parameters": {"model_type": "LSTM", "units": 256, "num_layers": 4, "dropout": 0.5, "activation": "sigmoid", "lr": 0.00043758638578641313, "window_size": 11, "batch_size": 32, "epochs": 10, "kernel_size": 7, "attention_heads": 2}, "parameter_index": 0}
[2026-05-20 03:50:59] INFO (NNIManager) Trial job b7kKi status changed from RUNNING to SUCCEEDED
[2026-05-20 03:50:59] INFO (NNIManager) NNIManager received command from dispatcher: TR, {"parameter_id": 78, "parameter_source": "algorithm", "parameters": {"model_type": "LSTM", "units": 16, "num_layers": 4, "dropout": 0.5, "activation": "relu", "lr": 0.00112034092428904, "window_size": 11, "batch_size": 32, "epochs": 5, "kernel_size": 5, "attention_heads": 2}, "parameter_index": 0}
[2026-05-20 03:50:59] INFO (NNIManager) submitTrialJob: form: {
  sequenceId: 78,
  hyperParameters: {
    value: '{"parameter_id": 78, "parameter_source": "algorithm", "parameters": {"model_type": "LSTM", "units": 16, "num_layers": 4, "dropout": 0.5, "activation": "relu", "lr": 0.00112034092428904, "window_size": 11, "batch_size": 32, "epochs": 5, "kernel_size": 5, "attention_heads": 2}, "parameter_index": 0}',
    index: 0
  },
  placementConstraint: { type: 'None', gpus: [] }
}
[2026-05-20 03:50:59] INFO (LocalV3.local) Created trial AJ8So
[2026-05-20 03:51:01] INFO (LocalV3.local) Trial parameter: AJ8So {"parameter_id": 78, "parameter_source": "algorithm", "parameters": {"model_type": "LSTM", "units": 16, "num_layers": 4, "dropout": 0.5, "activation": "relu", "lr": 0.00112034092428904, "window_size": 11, "batch_size": 32, "epochs": 5, "kernel_size": 5, "attention_heads": 2}, "parameter_index": 0}
[2026-05-20 03:51:16] INFO (NNIManager) Trial job AJ8So status changed from RUNNING to SUCCEEDED
[2026-05-20 03:51:16] INFO (NNIManager) NNIManager received command from dispatcher: TR, {"parameter_id": 79, "parameter_source": "algorithm", "parameters": {"model_type": "LSTM", "units": 16, "num_layers": 4, "dropout": 0.5, "activation": "relu", "lr": 0.001177196817638466, "window_size": 11, "batch_size": 32, "epochs": 5, "kernel_size": 7, "attention_heads": 2}, "parameter_index": 0}
[2026-05-20 03:51:16] INFO (NNIManager) submitTrialJob: form: {
  sequenceId: 79,
  hyperParameters: {
    value: '{"parameter_id": 79, "parameter_source": "algorithm", "parameters": {"model_type": "LSTM", "units": 16, "num_layers": 4, "dropout": 0.5, "activation": "relu", "lr": 0.001177196817638466, "window_size": 11, "batch_size": 32, "epochs": 5, "kernel_size": 7, "attention_heads": 2}, "parameter_index": 0}',
    index: 0
  },
  placementConstraint: { type: 'None', gpus: [] }
}
[2026-05-20 03:51:16] INFO (LocalV3.local) Created trial RzFfC
[2026-05-20 03:51:17] INFO (NNIManager) Change NNIManager status from: RUNNING to: NO_MORE_TRIAL
[2026-05-20 03:51:18] INFO (LocalV3.local) Trial parameter: RzFfC {"parameter_id": 79, "parameter_source": "algorithm", "parameters": {"model_type": "LSTM", "units": 16, "num_layers": 4, "dropout": 0.5, "activation": "relu", "lr": 0.001177196817638466, "window_size": 11, "batch_size": 32, "epochs": 5, "kernel_size": 7, "attention_heads": 2}, "parameter_index": 0}
[2026-05-20 03:51:20] INFO (ShutdownManager) Initiate shutdown: SIGTERM
[2026-05-20 03:51:20] INFO (RestServer) Stopping REST server.
[2026-05-20 03:51:20] INFO (NNIManager) Change NNIManager status from: NO_MORE_TRIAL to: STOPPING
[2026-05-20 03:51:20] INFO (NNIManager) Stopping experiment, cleaning up ...
[2026-05-20 03:51:20] INFO (RestServer) REST server stopped.
[2026-05-20 03:51:23] INFO (NNIManager) cancelTrialJob: RzFfC
[2026-05-20 03:51:23] INFO (LocalV3.local) Stop trial RzFfC
[2026-05-20 03:51:23] INFO (LocalV3.local) All trials stopped
[2026-05-20 03:51:23] INFO (NNIManager) Change NNIManager status from: STOPPING to: STOPPED
[2026-05-20 03:51:23] INFO (NNIManager) Experiment stopped.
[2026-05-20 03:51:23] INFO (NNITensorboardManager) Forced stopping all tensorboard task.
[2026-05-20 03:51:23] INFO (NNITensorboardManager) All tensorboard task stopped.
[2026-05-20 03:51:23] INFO (NNITensorboardManager) Tensorboard manager stopped.
[2026-05-20 03:51:23] INFO (ShutdownManager) Shutdown complete.
