[2026-05-19 09:27:22] INFO (main) Start NNI manager
[2026-05-19 09:27:22] INFO (RestServer) Starting REST server at port 8887, URL prefix: "/"
[2026-05-19 09:27:22] INFO (RestServer) REST server started.
[2026-05-19 09:27:22] INFO (NNIDataStore) Datastore initialization done
[2026-05-19 09:27:22] INFO (NNIManager) Starting experiment: 16brhfsw
[2026-05-19 09:27:22] INFO (NNIManager) Setup training service...
[2026-05-19 09:27:22] INFO (NNIManager) Setup tuner...
[2026-05-19 09:27:22] INFO (NNIManager) Change NNIManager status from: INITIALIZED to: RUNNING
[2026-05-19 09:27:24] INFO (NNIManager) Add event listeners
[2026-05-19 09:27:24] INFO (LocalV3.local) Start
[2026-05-19 09:27:24] INFO (NNIManager) NNIManager received command from dispatcher: ID, 
[2026-05-19 09:27:24] INFO (NNIManager) NNIManager received command from dispatcher: TR, {"parameter_id": 0, "parameter_source": "algorithm", "parameters": {"model_type": "LSTM", "units": 16, "num_layers": 1, "dropout": 0, "activation": "relu", "lr": 0.00031622776601683783, "window_size": 2, "batch_size": 16, "epochs": 5, "kernel_size": 2, "attention_heads": 2}, "parameter_index": 0}
[2026-05-19 09:27:24] INFO (NNIManager) submitTrialJob: form: {
  sequenceId: 0,
  hyperParameters: {
    value: '{"parameter_id": 0, "parameter_source": "algorithm", "parameters": {"model_type": "LSTM", "units": 16, "num_layers": 1, "dropout": 0, "activation": "relu", "lr": 0.00031622776601683783, "window_size": 2, "batch_size": 16, "epochs": 5, "kernel_size": 2, "attention_heads": 2}, "parameter_index": 0}',
    index: 0
  },
  placementConstraint: { type: 'None', gpus: [] }
}
[2026-05-19 09:27:25] INFO (LocalV3.local) Register directory trial_code = /home/meliani/Desktop/phd/fast-track
[2026-05-19 09:27:25] INFO (LocalV3.local) Created trial J5LFw
[2026-05-19 09:27:28] INFO (LocalV3.local) Trial parameter: J5LFw {"parameter_id": 0, "parameter_source": "algorithm", "parameters": {"model_type": "LSTM", "units": 16, "num_layers": 1, "dropout": 0, "activation": "relu", "lr": 0.00031622776601683783, "window_size": 2, "batch_size": 16, "epochs": 5, "kernel_size": 2, "attention_heads": 2}, "parameter_index": 0}
[2026-05-19 09:27:39] INFO (NNIManager) Trial job J5LFw status changed from RUNNING to SUCCEEDED
[2026-05-19 09:27:39] INFO (NNIManager) NNIManager received command from dispatcher: TR, {"parameter_id": 1, "parameter_source": "algorithm", "parameters": {"model_type": "LSTM", "units": 16, "num_layers": 1, "dropout": 0, "activation": "relu", "lr": 0.00031622776601683783, "window_size": 2, "batch_size": 16, "epochs": 5, "kernel_size": 2, "attention_heads": 4}, "parameter_index": 0}
[2026-05-19 09:27:40] INFO (NNIManager) submitTrialJob: form: {
  sequenceId: 1,
  hyperParameters: {
    value: '{"parameter_id": 1, "parameter_source": "algorithm", "parameters": {"model_type": "LSTM", "units": 16, "num_layers": 1, "dropout": 0, "activation": "relu", "lr": 0.00031622776601683783, "window_size": 2, "batch_size": 16, "epochs": 5, "kernel_size": 2, "attention_heads": 4}, "parameter_index": 0}',
    index: 0
  },
  placementConstraint: { type: 'None', gpus: [] }
}
[2026-05-19 09:27:40] INFO (LocalV3.local) Created trial Yr2F3
[2026-05-19 09:27:43] INFO (LocalV3.local) Trial parameter: Yr2F3 {"parameter_id": 1, "parameter_source": "algorithm", "parameters": {"model_type": "LSTM", "units": 16, "num_layers": 1, "dropout": 0, "activation": "relu", "lr": 0.00031622776601683783, "window_size": 2, "batch_size": 16, "epochs": 5, "kernel_size": 2, "attention_heads": 4}, "parameter_index": 0}
[2026-05-19 09:27:50] INFO (NNIManager) Trial job Yr2F3 status changed from RUNNING to SUCCEEDED
[2026-05-19 09:27:50] INFO (NNIManager) NNIManager received command from dispatcher: TR, {"parameter_id": 2, "parameter_source": "algorithm", "parameters": {"model_type": "LSTM", "units": 16, "num_layers": 1, "dropout": 0, "activation": "relu", "lr": 0.00031622776601683783, "window_size": 2, "batch_size": 16, "epochs": 5, "kernel_size": 2, "attention_heads": 8}, "parameter_index": 0}
[2026-05-19 09:27:50] INFO (NNIManager) submitTrialJob: form: {
  sequenceId: 2,
  hyperParameters: {
    value: '{"parameter_id": 2, "parameter_source": "algorithm", "parameters": {"model_type": "LSTM", "units": 16, "num_layers": 1, "dropout": 0, "activation": "relu", "lr": 0.00031622776601683783, "window_size": 2, "batch_size": 16, "epochs": 5, "kernel_size": 2, "attention_heads": 8}, "parameter_index": 0}',
    index: 0
  },
  placementConstraint: { type: 'None', gpus: [] }
}
[2026-05-19 09:27:50] INFO (LocalV3.local) Created trial fe6tw
[2026-05-19 09:27:52] INFO (LocalV3.local) Trial parameter: fe6tw {"parameter_id": 2, "parameter_source": "algorithm", "parameters": {"model_type": "LSTM", "units": 16, "num_layers": 1, "dropout": 0, "activation": "relu", "lr": 0.00031622776601683783, "window_size": 2, "batch_size": 16, "epochs": 5, "kernel_size": 2, "attention_heads": 8}, "parameter_index": 0}
[2026-05-19 09:28:00] INFO (NNIManager) Trial job fe6tw status changed from RUNNING to SUCCEEDED
[2026-05-19 09:28:00] INFO (NNIManager) NNIManager received command from dispatcher: TR, {"parameter_id": 3, "parameter_source": "algorithm", "parameters": {"model_type": "LSTM", "units": 16, "num_layers": 1, "dropout": 0, "activation": "relu", "lr": 0.00031622776601683783, "window_size": 2, "batch_size": 16, "epochs": 5, "kernel_size": 3, "attention_heads": 2}, "parameter_index": 0}
[2026-05-19 09:28:00] INFO (NNIManager) submitTrialJob: form: {
  sequenceId: 3,
  hyperParameters: {
    value: '{"parameter_id": 3, "parameter_source": "algorithm", "parameters": {"model_type": "LSTM", "units": 16, "num_layers": 1, "dropout": 0, "activation": "relu", "lr": 0.00031622776601683783, "window_size": 2, "batch_size": 16, "epochs": 5, "kernel_size": 3, "attention_heads": 2}, "parameter_index": 0}',
    index: 0
  },
  placementConstraint: { type: 'None', gpus: [] }
}
[2026-05-19 09:28:00] INFO (LocalV3.local) Created trial feSmK
[2026-05-19 09:28:02] INFO (LocalV3.local) Trial parameter: feSmK {"parameter_id": 3, "parameter_source": "algorithm", "parameters": {"model_type": "LSTM", "units": 16, "num_layers": 1, "dropout": 0, "activation": "relu", "lr": 0.00031622776601683783, "window_size": 2, "batch_size": 16, "epochs": 5, "kernel_size": 3, "attention_heads": 2}, "parameter_index": 0}
[2026-05-19 09:28:09] INFO (NNIManager) Trial job feSmK status changed from RUNNING to SUCCEEDED
[2026-05-19 09:28:09] INFO (NNIManager) NNIManager received command from dispatcher: TR, {"parameter_id": 4, "parameter_source": "algorithm", "parameters": {"model_type": "LSTM", "units": 16, "num_layers": 1, "dropout": 0, "activation": "relu", "lr": 0.00031622776601683783, "window_size": 2, "batch_size": 16, "epochs": 5, "kernel_size": 3, "attention_heads": 4}, "parameter_index": 0}
[2026-05-19 09:28:10] INFO (NNIManager) submitTrialJob: form: {
  sequenceId: 4,
  hyperParameters: {
    value: '{"parameter_id": 4, "parameter_source": "algorithm", "parameters": {"model_type": "LSTM", "units": 16, "num_layers": 1, "dropout": 0, "activation": "relu", "lr": 0.00031622776601683783, "window_size": 2, "batch_size": 16, "epochs": 5, "kernel_size": 3, "attention_heads": 4}, "parameter_index": 0}',
    index: 0
  },
  placementConstraint: { type: 'None', gpus: [] }
}
[2026-05-19 09:28:10] INFO (LocalV3.local) Created trial aDCcs
[2026-05-19 09:28:12] INFO (LocalV3.local) Trial parameter: aDCcs {"parameter_id": 4, "parameter_source": "algorithm", "parameters": {"model_type": "LSTM", "units": 16, "num_layers": 1, "dropout": 0, "activation": "relu", "lr": 0.00031622776601683783, "window_size": 2, "batch_size": 16, "epochs": 5, "kernel_size": 3, "attention_heads": 4}, "parameter_index": 0}
[2026-05-19 09:28:19] INFO (NNIManager) Trial job aDCcs status changed from RUNNING to SUCCEEDED
[2026-05-19 09:28:19] INFO (NNIManager) NNIManager received command from dispatcher: TR, {"parameter_id": 5, "parameter_source": "algorithm", "parameters": {"model_type": "LSTM", "units": 16, "num_layers": 1, "dropout": 0, "activation": "relu", "lr": 0.00031622776601683783, "window_size": 2, "batch_size": 16, "epochs": 5, "kernel_size": 3, "attention_heads": 8}, "parameter_index": 0}
[2026-05-19 09:28:20] INFO (NNIManager) submitTrialJob: form: {
  sequenceId: 5,
  hyperParameters: {
    value: '{"parameter_id": 5, "parameter_source": "algorithm", "parameters": {"model_type": "LSTM", "units": 16, "num_layers": 1, "dropout": 0, "activation": "relu", "lr": 0.00031622776601683783, "window_size": 2, "batch_size": 16, "epochs": 5, "kernel_size": 3, "attention_heads": 8}, "parameter_index": 0}',
    index: 0
  },
  placementConstraint: { type: 'None', gpus: [] }
}
[2026-05-19 09:28:20] INFO (LocalV3.local) Created trial t0K2N
[2026-05-19 09:28:22] INFO (LocalV3.local) Trial parameter: t0K2N {"parameter_id": 5, "parameter_source": "algorithm", "parameters": {"model_type": "LSTM", "units": 16, "num_layers": 1, "dropout": 0, "activation": "relu", "lr": 0.00031622776601683783, "window_size": 2, "batch_size": 16, "epochs": 5, "kernel_size": 3, "attention_heads": 8}, "parameter_index": 0}
[2026-05-19 09:28:30] INFO (NNIManager) Trial job t0K2N status changed from RUNNING to SUCCEEDED
[2026-05-19 09:28:30] INFO (NNIManager) NNIManager received command from dispatcher: TR, {"parameter_id": 6, "parameter_source": "algorithm", "parameters": {"model_type": "LSTM", "units": 16, "num_layers": 1, "dropout": 0, "activation": "relu", "lr": 0.00031622776601683783, "window_size": 2, "batch_size": 16, "epochs": 5, "kernel_size": 5, "attention_heads": 2}, "parameter_index": 0}
[2026-05-19 09:28:30] INFO (NNIManager) submitTrialJob: form: {
  sequenceId: 6,
  hyperParameters: {
    value: '{"parameter_id": 6, "parameter_source": "algorithm", "parameters": {"model_type": "LSTM", "units": 16, "num_layers": 1, "dropout": 0, "activation": "relu", "lr": 0.00031622776601683783, "window_size": 2, "batch_size": 16, "epochs": 5, "kernel_size": 5, "attention_heads": 2}, "parameter_index": 0}',
    index: 0
  },
  placementConstraint: { type: 'None', gpus: [] }
}
[2026-05-19 09:28:30] INFO (LocalV3.local) Created trial nh4KZ
[2026-05-19 09:28:33] INFO (LocalV3.local) Trial parameter: nh4KZ {"parameter_id": 6, "parameter_source": "algorithm", "parameters": {"model_type": "LSTM", "units": 16, "num_layers": 1, "dropout": 0, "activation": "relu", "lr": 0.00031622776601683783, "window_size": 2, "batch_size": 16, "epochs": 5, "kernel_size": 5, "attention_heads": 2}, "parameter_index": 0}
[2026-05-19 09:28:40] INFO (NNIManager) Trial job nh4KZ status changed from RUNNING to SUCCEEDED
[2026-05-19 09:28:40] INFO (NNIManager) NNIManager received command from dispatcher: TR, {"parameter_id": 7, "parameter_source": "algorithm", "parameters": {"model_type": "LSTM", "units": 16, "num_layers": 1, "dropout": 0, "activation": "relu", "lr": 0.00031622776601683783, "window_size": 2, "batch_size": 16, "epochs": 5, "kernel_size": 5, "attention_heads": 4}, "parameter_index": 0}
[2026-05-19 09:28:40] INFO (NNIManager) submitTrialJob: form: {
  sequenceId: 7,
  hyperParameters: {
    value: '{"parameter_id": 7, "parameter_source": "algorithm", "parameters": {"model_type": "LSTM", "units": 16, "num_layers": 1, "dropout": 0, "activation": "relu", "lr": 0.00031622776601683783, "window_size": 2, "batch_size": 16, "epochs": 5, "kernel_size": 5, "attention_heads": 4}, "parameter_index": 0}',
    index: 0
  },
  placementConstraint: { type: 'None', gpus: [] }
}
[2026-05-19 09:28:40] INFO (LocalV3.local) Created trial XcfHo
[2026-05-19 09:28:42] INFO (LocalV3.local) Trial parameter: XcfHo {"parameter_id": 7, "parameter_source": "algorithm", "parameters": {"model_type": "LSTM", "units": 16, "num_layers": 1, "dropout": 0, "activation": "relu", "lr": 0.00031622776601683783, "window_size": 2, "batch_size": 16, "epochs": 5, "kernel_size": 5, "attention_heads": 4}, "parameter_index": 0}
[2026-05-19 09:28:48] INFO (NNIManager) Trial job XcfHo status changed from RUNNING to SUCCEEDED
[2026-05-19 09:28:48] INFO (NNIManager) NNIManager received command from dispatcher: TR, {"parameter_id": 8, "parameter_source": "algorithm", "parameters": {"model_type": "LSTM", "units": 16, "num_layers": 1, "dropout": 0, "activation": "relu", "lr": 0.00031622776601683783, "window_size": 2, "batch_size": 16, "epochs": 5, "kernel_size": 5, "attention_heads": 8}, "parameter_index": 0}
[2026-05-19 09:28:49] INFO (NNIManager) submitTrialJob: form: {
  sequenceId: 8,
  hyperParameters: {
    value: '{"parameter_id": 8, "parameter_source": "algorithm", "parameters": {"model_type": "LSTM", "units": 16, "num_layers": 1, "dropout": 0, "activation": "relu", "lr": 0.00031622776601683783, "window_size": 2, "batch_size": 16, "epochs": 5, "kernel_size": 5, "attention_heads": 8}, "parameter_index": 0}',
    index: 0
  },
  placementConstraint: { type: 'None', gpus: [] }
}
[2026-05-19 09:28:49] INFO (LocalV3.local) Created trial jzHZW
[2026-05-19 09:28:51] INFO (LocalV3.local) Trial parameter: jzHZW {"parameter_id": 8, "parameter_source": "algorithm", "parameters": {"model_type": "LSTM", "units": 16, "num_layers": 1, "dropout": 0, "activation": "relu", "lr": 0.00031622776601683783, "window_size": 2, "batch_size": 16, "epochs": 5, "kernel_size": 5, "attention_heads": 8}, "parameter_index": 0}
[2026-05-19 09:28:57] INFO (NNIManager) Trial job jzHZW status changed from RUNNING to SUCCEEDED
[2026-05-19 09:28:57] INFO (NNIManager) NNIManager received command from dispatcher: TR, {"parameter_id": 9, "parameter_source": "algorithm", "parameters": {"model_type": "LSTM", "units": 16, "num_layers": 1, "dropout": 0, "activation": "relu", "lr": 0.00031622776601683783, "window_size": 2, "batch_size": 16, "epochs": 5, "kernel_size": 7, "attention_heads": 2}, "parameter_index": 0}
[2026-05-19 09:28:58] INFO (NNIManager) submitTrialJob: form: {
  sequenceId: 9,
  hyperParameters: {
    value: '{"parameter_id": 9, "parameter_source": "algorithm", "parameters": {"model_type": "LSTM", "units": 16, "num_layers": 1, "dropout": 0, "activation": "relu", "lr": 0.00031622776601683783, "window_size": 2, "batch_size": 16, "epochs": 5, "kernel_size": 7, "attention_heads": 2}, "parameter_index": 0}',
    index: 0
  },
  placementConstraint: { type: 'None', gpus: [] }
}
[2026-05-19 09:28:58] INFO (LocalV3.local) Created trial mu22l
[2026-05-19 09:29:00] INFO (LocalV3.local) Trial parameter: mu22l {"parameter_id": 9, "parameter_source": "algorithm", "parameters": {"model_type": "LSTM", "units": 16, "num_layers": 1, "dropout": 0, "activation": "relu", "lr": 0.00031622776601683783, "window_size": 2, "batch_size": 16, "epochs": 5, "kernel_size": 7, "attention_heads": 2}, "parameter_index": 0}
[2026-05-19 09:29:05] INFO (NNIManager) Trial job mu22l status changed from RUNNING to SUCCEEDED
[2026-05-19 09:29:05] INFO (NNIManager) NNIManager received command from dispatcher: TR, {"parameter_id": 10, "parameter_source": "algorithm", "parameters": {"model_type": "LSTM", "units": 16, "num_layers": 1, "dropout": 0, "activation": "relu", "lr": 0.00031622776601683783, "window_size": 2, "batch_size": 16, "epochs": 5, "kernel_size": 7, "attention_heads": 4}, "parameter_index": 0}
[2026-05-19 09:29:06] INFO (NNIManager) submitTrialJob: form: {
  sequenceId: 10,
  hyperParameters: {
    value: '{"parameter_id": 10, "parameter_source": "algorithm", "parameters": {"model_type": "LSTM", "units": 16, "num_layers": 1, "dropout": 0, "activation": "relu", "lr": 0.00031622776601683783, "window_size": 2, "batch_size": 16, "epochs": 5, "kernel_size": 7, "attention_heads": 4}, "parameter_index": 0}',
    index: 0
  },
  placementConstraint: { type: 'None', gpus: [] }
}
[2026-05-19 09:29:06] INFO (LocalV3.local) Created trial feZrz
[2026-05-19 09:29:08] INFO (LocalV3.local) Trial parameter: feZrz {"parameter_id": 10, "parameter_source": "algorithm", "parameters": {"model_type": "LSTM", "units": 16, "num_layers": 1, "dropout": 0, "activation": "relu", "lr": 0.00031622776601683783, "window_size": 2, "batch_size": 16, "epochs": 5, "kernel_size": 7, "attention_heads": 4}, "parameter_index": 0}
[2026-05-19 09:29:14] INFO (NNIManager) Trial job feZrz status changed from RUNNING to SUCCEEDED
[2026-05-19 09:29:14] INFO (NNIManager) NNIManager received command from dispatcher: TR, {"parameter_id": 11, "parameter_source": "algorithm", "parameters": {"model_type": "LSTM", "units": 16, "num_layers": 1, "dropout": 0, "activation": "relu", "lr": 0.00031622776601683783, "window_size": 2, "batch_size": 16, "epochs": 5, "kernel_size": 7, "attention_heads": 8}, "parameter_index": 0}
[2026-05-19 09:29:15] INFO (NNIManager) submitTrialJob: form: {
  sequenceId: 11,
  hyperParameters: {
    value: '{"parameter_id": 11, "parameter_source": "algorithm", "parameters": {"model_type": "LSTM", "units": 16, "num_layers": 1, "dropout": 0, "activation": "relu", "lr": 0.00031622776601683783, "window_size": 2, "batch_size": 16, "epochs": 5, "kernel_size": 7, "attention_heads": 8}, "parameter_index": 0}',
    index: 0
  },
  placementConstraint: { type: 'None', gpus: [] }
}
[2026-05-19 09:29:15] INFO (LocalV3.local) Created trial wL2V0
[2026-05-19 09:29:17] INFO (LocalV3.local) Trial parameter: wL2V0 {"parameter_id": 11, "parameter_source": "algorithm", "parameters": {"model_type": "LSTM", "units": 16, "num_layers": 1, "dropout": 0, "activation": "relu", "lr": 0.00031622776601683783, "window_size": 2, "batch_size": 16, "epochs": 5, "kernel_size": 7, "attention_heads": 8}, "parameter_index": 0}
[2026-05-19 09:29:27] INFO (NNIManager) Trial job wL2V0 status changed from RUNNING to SUCCEEDED
[2026-05-19 09:29:27] INFO (NNIManager) NNIManager received command from dispatcher: TR, {"parameter_id": 12, "parameter_source": "algorithm", "parameters": {"model_type": "LSTM", "units": 16, "num_layers": 1, "dropout": 0, "activation": "relu", "lr": 0.00031622776601683783, "window_size": 2, "batch_size": 16, "epochs": 10, "kernel_size": 2, "attention_heads": 2}, "parameter_index": 0}
[2026-05-19 09:29:28] INFO (NNIManager) submitTrialJob: form: {
  sequenceId: 12,
  hyperParameters: {
    value: '{"parameter_id": 12, "parameter_source": "algorithm", "parameters": {"model_type": "LSTM", "units": 16, "num_layers": 1, "dropout": 0, "activation": "relu", "lr": 0.00031622776601683783, "window_size": 2, "batch_size": 16, "epochs": 10, "kernel_size": 2, "attention_heads": 2}, "parameter_index": 0}',
    index: 0
  },
  placementConstraint: { type: 'None', gpus: [] }
}
[2026-05-19 09:29:28] INFO (LocalV3.local) Created trial qJi0B
[2026-05-19 09:29:31] INFO (LocalV3.local) Trial parameter: qJi0B {"parameter_id": 12, "parameter_source": "algorithm", "parameters": {"model_type": "LSTM", "units": 16, "num_layers": 1, "dropout": 0, "activation": "relu", "lr": 0.00031622776601683783, "window_size": 2, "batch_size": 16, "epochs": 10, "kernel_size": 2, "attention_heads": 2}, "parameter_index": 0}
[2026-05-19 09:29:46] INFO (NNIManager) Trial job qJi0B status changed from RUNNING to SUCCEEDED
[2026-05-19 09:29:47] INFO (NNIManager) NNIManager received command from dispatcher: TR, {"parameter_id": 13, "parameter_source": "algorithm", "parameters": {"model_type": "LSTM", "units": 16, "num_layers": 1, "dropout": 0, "activation": "relu", "lr": 0.00031622776601683783, "window_size": 2, "batch_size": 16, "epochs": 10, "kernel_size": 2, "attention_heads": 4}, "parameter_index": 0}
[2026-05-19 09:29:47] INFO (NNIManager) submitTrialJob: form: {
  sequenceId: 13,
  hyperParameters: {
    value: '{"parameter_id": 13, "parameter_source": "algorithm", "parameters": {"model_type": "LSTM", "units": 16, "num_layers": 1, "dropout": 0, "activation": "relu", "lr": 0.00031622776601683783, "window_size": 2, "batch_size": 16, "epochs": 10, "kernel_size": 2, "attention_heads": 4}, "parameter_index": 0}',
    index: 0
  },
  placementConstraint: { type: 'None', gpus: [] }
}
[2026-05-19 09:29:47] INFO (LocalV3.local) Created trial KwkW4
[2026-05-19 09:29:49] INFO (LocalV3.local) Trial parameter: KwkW4 {"parameter_id": 13, "parameter_source": "algorithm", "parameters": {"model_type": "LSTM", "units": 16, "num_layers": 1, "dropout": 0, "activation": "relu", "lr": 0.00031622776601683783, "window_size": 2, "batch_size": 16, "epochs": 10, "kernel_size": 2, "attention_heads": 4}, "parameter_index": 0}
[2026-05-19 09:30:05] INFO (NNIManager) Trial job KwkW4 status changed from RUNNING to SUCCEEDED
[2026-05-19 09:30:05] INFO (NNIManager) NNIManager received command from dispatcher: TR, {"parameter_id": 14, "parameter_source": "algorithm", "parameters": {"model_type": "LSTM", "units": 16, "num_layers": 1, "dropout": 0, "activation": "relu", "lr": 0.00031622776601683783, "window_size": 2, "batch_size": 16, "epochs": 10, "kernel_size": 2, "attention_heads": 8}, "parameter_index": 0}
[2026-05-19 09:30:06] INFO (NNIManager) submitTrialJob: form: {
  sequenceId: 14,
  hyperParameters: {
    value: '{"parameter_id": 14, "parameter_source": "algorithm", "parameters": {"model_type": "LSTM", "units": 16, "num_layers": 1, "dropout": 0, "activation": "relu", "lr": 0.00031622776601683783, "window_size": 2, "batch_size": 16, "epochs": 10, "kernel_size": 2, "attention_heads": 8}, "parameter_index": 0}',
    index: 0
  },
  placementConstraint: { type: 'None', gpus: [] }
}
[2026-05-19 09:30:06] INFO (LocalV3.local) Created trial yeCLD
[2026-05-19 09:30:08] INFO (LocalV3.local) Trial parameter: yeCLD {"parameter_id": 14, "parameter_source": "algorithm", "parameters": {"model_type": "LSTM", "units": 16, "num_layers": 1, "dropout": 0, "activation": "relu", "lr": 0.00031622776601683783, "window_size": 2, "batch_size": 16, "epochs": 10, "kernel_size": 2, "attention_heads": 8}, "parameter_index": 0}
[2026-05-19 09:30:24] INFO (NNIManager) Trial job yeCLD status changed from RUNNING to SUCCEEDED
[2026-05-19 09:30:24] INFO (NNIManager) NNIManager received command from dispatcher: TR, {"parameter_id": 15, "parameter_source": "algorithm", "parameters": {"model_type": "LSTM", "units": 16, "num_layers": 1, "dropout": 0, "activation": "relu", "lr": 0.00031622776601683783, "window_size": 2, "batch_size": 16, "epochs": 10, "kernel_size": 3, "attention_heads": 2}, "parameter_index": 0}
[2026-05-19 09:30:24] INFO (NNIManager) submitTrialJob: form: {
  sequenceId: 15,
  hyperParameters: {
    value: '{"parameter_id": 15, "parameter_source": "algorithm", "parameters": {"model_type": "LSTM", "units": 16, "num_layers": 1, "dropout": 0, "activation": "relu", "lr": 0.00031622776601683783, "window_size": 2, "batch_size": 16, "epochs": 10, "kernel_size": 3, "attention_heads": 2}, "parameter_index": 0}',
    index: 0
  },
  placementConstraint: { type: 'None', gpus: [] }
}
[2026-05-19 09:30:24] INFO (LocalV3.local) Created trial xeNOt
[2026-05-19 09:30:27] INFO (LocalV3.local) Trial parameter: xeNOt {"parameter_id": 15, "parameter_source": "algorithm", "parameters": {"model_type": "LSTM", "units": 16, "num_layers": 1, "dropout": 0, "activation": "relu", "lr": 0.00031622776601683783, "window_size": 2, "batch_size": 16, "epochs": 10, "kernel_size": 3, "attention_heads": 2}, "parameter_index": 0}
[2026-05-19 09:30:42] INFO (NNIManager) Trial job xeNOt status changed from RUNNING to SUCCEEDED
[2026-05-19 09:30:42] INFO (NNIManager) NNIManager received command from dispatcher: TR, {"parameter_id": 16, "parameter_source": "algorithm", "parameters": {"model_type": "LSTM", "units": 16, "num_layers": 1, "dropout": 0, "activation": "relu", "lr": 0.00031622776601683783, "window_size": 2, "batch_size": 16, "epochs": 10, "kernel_size": 3, "attention_heads": 4}, "parameter_index": 0}
[2026-05-19 09:30:42] INFO (NNIManager) submitTrialJob: form: {
  sequenceId: 16,
  hyperParameters: {
    value: '{"parameter_id": 16, "parameter_source": "algorithm", "parameters": {"model_type": "LSTM", "units": 16, "num_layers": 1, "dropout": 0, "activation": "relu", "lr": 0.00031622776601683783, "window_size": 2, "batch_size": 16, "epochs": 10, "kernel_size": 3, "attention_heads": 4}, "parameter_index": 0}',
    index: 0
  },
  placementConstraint: { type: 'None', gpus: [] }
}
[2026-05-19 09:30:42] INFO (LocalV3.local) Created trial SFTUO
[2026-05-19 09:30:44] INFO (LocalV3.local) Trial parameter: SFTUO {"parameter_id": 16, "parameter_source": "algorithm", "parameters": {"model_type": "LSTM", "units": 16, "num_layers": 1, "dropout": 0, "activation": "relu", "lr": 0.00031622776601683783, "window_size": 2, "batch_size": 16, "epochs": 10, "kernel_size": 3, "attention_heads": 4}, "parameter_index": 0}
[2026-05-19 09:30:58] INFO (NNIManager) Trial job SFTUO status changed from RUNNING to SUCCEEDED
[2026-05-19 09:30:58] INFO (NNIManager) NNIManager received command from dispatcher: TR, {"parameter_id": 17, "parameter_source": "algorithm", "parameters": {"model_type": "LSTM", "units": 16, "num_layers": 1, "dropout": 0, "activation": "relu", "lr": 0.00031622776601683783, "window_size": 2, "batch_size": 16, "epochs": 10, "kernel_size": 3, "attention_heads": 8}, "parameter_index": 0}
[2026-05-19 09:30:58] INFO (NNIManager) submitTrialJob: form: {
  sequenceId: 17,
  hyperParameters: {
    value: '{"parameter_id": 17, "parameter_source": "algorithm", "parameters": {"model_type": "LSTM", "units": 16, "num_layers": 1, "dropout": 0, "activation": "relu", "lr": 0.00031622776601683783, "window_size": 2, "batch_size": 16, "epochs": 10, "kernel_size": 3, "attention_heads": 8}, "parameter_index": 0}',
    index: 0
  },
  placementConstraint: { type: 'None', gpus: [] }
}
[2026-05-19 09:30:58] INFO (LocalV3.local) Created trial TdTqC
[2026-05-19 09:31:00] INFO (LocalV3.local) Trial parameter: TdTqC {"parameter_id": 17, "parameter_source": "algorithm", "parameters": {"model_type": "LSTM", "units": 16, "num_layers": 1, "dropout": 0, "activation": "relu", "lr": 0.00031622776601683783, "window_size": 2, "batch_size": 16, "epochs": 10, "kernel_size": 3, "attention_heads": 8}, "parameter_index": 0}
[2026-05-19 09:31:10] INFO (NNIManager) Trial job TdTqC status changed from RUNNING to SUCCEEDED
[2026-05-19 09:31:10] INFO (NNIManager) NNIManager received command from dispatcher: TR, {"parameter_id": 18, "parameter_source": "algorithm", "parameters": {"model_type": "LSTM", "units": 16, "num_layers": 1, "dropout": 0, "activation": "relu", "lr": 0.00031622776601683783, "window_size": 2, "batch_size": 16, "epochs": 10, "kernel_size": 5, "attention_heads": 2}, "parameter_index": 0}
[2026-05-19 09:31:10] INFO (NNIManager) submitTrialJob: form: {
  sequenceId: 18,
  hyperParameters: {
    value: '{"parameter_id": 18, "parameter_source": "algorithm", "parameters": {"model_type": "LSTM", "units": 16, "num_layers": 1, "dropout": 0, "activation": "relu", "lr": 0.00031622776601683783, "window_size": 2, "batch_size": 16, "epochs": 10, "kernel_size": 5, "attention_heads": 2}, "parameter_index": 0}',
    index: 0
  },
  placementConstraint: { type: 'None', gpus: [] }
}
[2026-05-19 09:31:10] INFO (LocalV3.local) Created trial D09Ww
[2026-05-19 09:31:12] INFO (LocalV3.local) Trial parameter: D09Ww {"parameter_id": 18, "parameter_source": "algorithm", "parameters": {"model_type": "LSTM", "units": 16, "num_layers": 1, "dropout": 0, "activation": "relu", "lr": 0.00031622776601683783, "window_size": 2, "batch_size": 16, "epochs": 10, "kernel_size": 5, "attention_heads": 2}, "parameter_index": 0}
[2026-05-19 09:31:21] INFO (NNIManager) Trial job D09Ww status changed from RUNNING to SUCCEEDED
[2026-05-19 09:31:21] INFO (NNIManager) NNIManager received command from dispatcher: TR, {"parameter_id": 19, "parameter_source": "algorithm", "parameters": {"model_type": "LSTM", "units": 16, "num_layers": 1, "dropout": 0, "activation": "relu", "lr": 0.00031622776601683783, "window_size": 2, "batch_size": 16, "epochs": 10, "kernel_size": 5, "attention_heads": 4}, "parameter_index": 0}
[2026-05-19 09:31:22] INFO (NNIManager) submitTrialJob: form: {
  sequenceId: 19,
  hyperParameters: {
    value: '{"parameter_id": 19, "parameter_source": "algorithm", "parameters": {"model_type": "LSTM", "units": 16, "num_layers": 1, "dropout": 0, "activation": "relu", "lr": 0.00031622776601683783, "window_size": 2, "batch_size": 16, "epochs": 10, "kernel_size": 5, "attention_heads": 4}, "parameter_index": 0}',
    index: 0
  },
  placementConstraint: { type: 'None', gpus: [] }
}
[2026-05-19 09:31:22] INFO (LocalV3.local) Created trial jZAdS
[2026-05-19 09:31:24] INFO (LocalV3.local) Trial parameter: jZAdS {"parameter_id": 19, "parameter_source": "algorithm", "parameters": {"model_type": "LSTM", "units": 16, "num_layers": 1, "dropout": 0, "activation": "relu", "lr": 0.00031622776601683783, "window_size": 2, "batch_size": 16, "epochs": 10, "kernel_size": 5, "attention_heads": 4}, "parameter_index": 0}
[2026-05-19 09:31:33] INFO (NNIManager) Trial job jZAdS status changed from RUNNING to SUCCEEDED
[2026-05-19 09:31:33] INFO (NNIManager) NNIManager received command from dispatcher: TR, {"parameter_id": 20, "parameter_source": "algorithm", "parameters": {"model_type": "LSTM", "units": 16, "num_layers": 1, "dropout": 0, "activation": "relu", "lr": 0.00031622776601683783, "window_size": 2, "batch_size": 16, "epochs": 10, "kernel_size": 5, "attention_heads": 8}, "parameter_index": 0}
[2026-05-19 09:31:34] INFO (NNIManager) submitTrialJob: form: {
  sequenceId: 20,
  hyperParameters: {
    value: '{"parameter_id": 20, "parameter_source": "algorithm", "parameters": {"model_type": "LSTM", "units": 16, "num_layers": 1, "dropout": 0, "activation": "relu", "lr": 0.00031622776601683783, "window_size": 2, "batch_size": 16, "epochs": 10, "kernel_size": 5, "attention_heads": 8}, "parameter_index": 0}',
    index: 0
  },
  placementConstraint: { type: 'None', gpus: [] }
}
[2026-05-19 09:31:34] INFO (LocalV3.local) Created trial UwD3j
[2026-05-19 09:31:36] INFO (LocalV3.local) Trial parameter: UwD3j {"parameter_id": 20, "parameter_source": "algorithm", "parameters": {"model_type": "LSTM", "units": 16, "num_layers": 1, "dropout": 0, "activation": "relu", "lr": 0.00031622776601683783, "window_size": 2, "batch_size": 16, "epochs": 10, "kernel_size": 5, "attention_heads": 8}, "parameter_index": 0}
[2026-05-19 09:31:46] INFO (NNIManager) Trial job UwD3j status changed from RUNNING to SUCCEEDED
[2026-05-19 09:31:46] INFO (NNIManager) NNIManager received command from dispatcher: TR, {"parameter_id": 21, "parameter_source": "algorithm", "parameters": {"model_type": "LSTM", "units": 16, "num_layers": 1, "dropout": 0, "activation": "relu", "lr": 0.00031622776601683783, "window_size": 2, "batch_size": 16, "epochs": 10, "kernel_size": 7, "attention_heads": 2}, "parameter_index": 0}
[2026-05-19 09:31:46] INFO (NNIManager) submitTrialJob: form: {
  sequenceId: 21,
  hyperParameters: {
    value: '{"parameter_id": 21, "parameter_source": "algorithm", "parameters": {"model_type": "LSTM", "units": 16, "num_layers": 1, "dropout": 0, "activation": "relu", "lr": 0.00031622776601683783, "window_size": 2, "batch_size": 16, "epochs": 10, "kernel_size": 7, "attention_heads": 2}, "parameter_index": 0}',
    index: 0
  },
  placementConstraint: { type: 'None', gpus: [] }
}
[2026-05-19 09:31:46] INFO (LocalV3.local) Created trial DrcIM
[2026-05-19 09:31:48] INFO (LocalV3.local) Trial parameter: DrcIM {"parameter_id": 21, "parameter_source": "algorithm", "parameters": {"model_type": "LSTM", "units": 16, "num_layers": 1, "dropout": 0, "activation": "relu", "lr": 0.00031622776601683783, "window_size": 2, "batch_size": 16, "epochs": 10, "kernel_size": 7, "attention_heads": 2}, "parameter_index": 0}
[2026-05-19 09:32:03] INFO (NNIManager) Trial job DrcIM status changed from RUNNING to SUCCEEDED
[2026-05-19 09:32:03] INFO (NNIManager) NNIManager received command from dispatcher: TR, {"parameter_id": 22, "parameter_source": "algorithm", "parameters": {"model_type": "LSTM", "units": 16, "num_layers": 1, "dropout": 0, "activation": "relu", "lr": 0.00031622776601683783, "window_size": 2, "batch_size": 16, "epochs": 10, "kernel_size": 7, "attention_heads": 4}, "parameter_index": 0}
[2026-05-19 09:32:04] INFO (NNIManager) submitTrialJob: form: {
  sequenceId: 22,
  hyperParameters: {
    value: '{"parameter_id": 22, "parameter_source": "algorithm", "parameters": {"model_type": "LSTM", "units": 16, "num_layers": 1, "dropout": 0, "activation": "relu", "lr": 0.00031622776601683783, "window_size": 2, "batch_size": 16, "epochs": 10, "kernel_size": 7, "attention_heads": 4}, "parameter_index": 0}',
    index: 0
  },
  placementConstraint: { type: 'None', gpus: [] }
}
[2026-05-19 09:32:04] INFO (LocalV3.local) Created trial GFIY9
[2026-05-19 09:32:06] INFO (LocalV3.local) Trial parameter: GFIY9 {"parameter_id": 22, "parameter_source": "algorithm", "parameters": {"model_type": "LSTM", "units": 16, "num_layers": 1, "dropout": 0, "activation": "relu", "lr": 0.00031622776601683783, "window_size": 2, "batch_size": 16, "epochs": 10, "kernel_size": 7, "attention_heads": 4}, "parameter_index": 0}
[2026-05-19 09:32:16] INFO (NNIManager) Trial job GFIY9 status changed from RUNNING to SUCCEEDED
[2026-05-19 09:32:16] INFO (NNIManager) NNIManager received command from dispatcher: TR, {"parameter_id": 23, "parameter_source": "algorithm", "parameters": {"model_type": "LSTM", "units": 16, "num_layers": 1, "dropout": 0, "activation": "relu", "lr": 0.00031622776601683783, "window_size": 2, "batch_size": 16, "epochs": 10, "kernel_size": 7, "attention_heads": 8}, "parameter_index": 0}
[2026-05-19 09:32:17] INFO (NNIManager) submitTrialJob: form: {
  sequenceId: 23,
  hyperParameters: {
    value: '{"parameter_id": 23, "parameter_source": "algorithm", "parameters": {"model_type": "LSTM", "units": 16, "num_layers": 1, "dropout": 0, "activation": "relu", "lr": 0.00031622776601683783, "window_size": 2, "batch_size": 16, "epochs": 10, "kernel_size": 7, "attention_heads": 8}, "parameter_index": 0}',
    index: 0
  },
  placementConstraint: { type: 'None', gpus: [] }
}
[2026-05-19 09:32:17] INFO (LocalV3.local) Created trial wP6JX
[2026-05-19 09:32:19] INFO (LocalV3.local) Trial parameter: wP6JX {"parameter_id": 23, "parameter_source": "algorithm", "parameters": {"model_type": "LSTM", "units": 16, "num_layers": 1, "dropout": 0, "activation": "relu", "lr": 0.00031622776601683783, "window_size": 2, "batch_size": 16, "epochs": 10, "kernel_size": 7, "attention_heads": 8}, "parameter_index": 0}
[2026-05-19 09:32:29] INFO (NNIManager) Trial job wP6JX status changed from RUNNING to SUCCEEDED
[2026-05-19 09:32:29] INFO (NNIManager) NNIManager received command from dispatcher: TR, {"parameter_id": 24, "parameter_source": "algorithm", "parameters": {"model_type": "LSTM", "units": 16, "num_layers": 1, "dropout": 0, "activation": "relu", "lr": 0.00031622776601683783, "window_size": 2, "batch_size": 16, "epochs": 15, "kernel_size": 2, "attention_heads": 2}, "parameter_index": 0}
[2026-05-19 09:32:30] INFO (NNIManager) submitTrialJob: form: {
  sequenceId: 24,
  hyperParameters: {
    value: '{"parameter_id": 24, "parameter_source": "algorithm", "parameters": {"model_type": "LSTM", "units": 16, "num_layers": 1, "dropout": 0, "activation": "relu", "lr": 0.00031622776601683783, "window_size": 2, "batch_size": 16, "epochs": 15, "kernel_size": 2, "attention_heads": 2}, "parameter_index": 0}',
    index: 0
  },
  placementConstraint: { type: 'None', gpus: [] }
}
[2026-05-19 09:32:30] INFO (LocalV3.local) Created trial RscnT
[2026-05-19 09:32:32] INFO (LocalV3.local) Trial parameter: RscnT {"parameter_id": 24, "parameter_source": "algorithm", "parameters": {"model_type": "LSTM", "units": 16, "num_layers": 1, "dropout": 0, "activation": "relu", "lr": 0.00031622776601683783, "window_size": 2, "batch_size": 16, "epochs": 15, "kernel_size": 2, "attention_heads": 2}, "parameter_index": 0}
[2026-05-19 09:32:48] INFO (NNIManager) Trial job RscnT status changed from RUNNING to SUCCEEDED
[2026-05-19 09:32:48] INFO (NNIManager) NNIManager received command from dispatcher: TR, {"parameter_id": 25, "parameter_source": "algorithm", "parameters": {"model_type": "LSTM", "units": 16, "num_layers": 1, "dropout": 0, "activation": "relu", "lr": 0.00031622776601683783, "window_size": 2, "batch_size": 16, "epochs": 15, "kernel_size": 2, "attention_heads": 4}, "parameter_index": 0}
[2026-05-19 09:32:49] INFO (NNIManager) submitTrialJob: form: {
  sequenceId: 25,
  hyperParameters: {
    value: '{"parameter_id": 25, "parameter_source": "algorithm", "parameters": {"model_type": "LSTM", "units": 16, "num_layers": 1, "dropout": 0, "activation": "relu", "lr": 0.00031622776601683783, "window_size": 2, "batch_size": 16, "epochs": 15, "kernel_size": 2, "attention_heads": 4}, "parameter_index": 0}',
    index: 0
  },
  placementConstraint: { type: 'None', gpus: [] }
}
[2026-05-19 09:32:49] INFO (LocalV3.local) Created trial nkomU
[2026-05-19 09:32:51] INFO (LocalV3.local) Trial parameter: nkomU {"parameter_id": 25, "parameter_source": "algorithm", "parameters": {"model_type": "LSTM", "units": 16, "num_layers": 1, "dropout": 0, "activation": "relu", "lr": 0.00031622776601683783, "window_size": 2, "batch_size": 16, "epochs": 15, "kernel_size": 2, "attention_heads": 4}, "parameter_index": 0}
[2026-05-19 09:33:08] INFO (NNIManager) Trial job nkomU status changed from RUNNING to SUCCEEDED
[2026-05-19 09:33:08] INFO (NNIManager) NNIManager received command from dispatcher: TR, {"parameter_id": 26, "parameter_source": "algorithm", "parameters": {"model_type": "LSTM", "units": 16, "num_layers": 1, "dropout": 0, "activation": "relu", "lr": 0.00031622776601683783, "window_size": 2, "batch_size": 16, "epochs": 15, "kernel_size": 2, "attention_heads": 8}, "parameter_index": 0}
[2026-05-19 09:33:09] INFO (NNIManager) submitTrialJob: form: {
  sequenceId: 26,
  hyperParameters: {
    value: '{"parameter_id": 26, "parameter_source": "algorithm", "parameters": {"model_type": "LSTM", "units": 16, "num_layers": 1, "dropout": 0, "activation": "relu", "lr": 0.00031622776601683783, "window_size": 2, "batch_size": 16, "epochs": 15, "kernel_size": 2, "attention_heads": 8}, "parameter_index": 0}',
    index: 0
  },
  placementConstraint: { type: 'None', gpus: [] }
}
[2026-05-19 09:33:09] INFO (LocalV3.local) Created trial jts1b
[2026-05-19 09:33:11] INFO (LocalV3.local) Trial parameter: jts1b {"parameter_id": 26, "parameter_source": "algorithm", "parameters": {"model_type": "LSTM", "units": 16, "num_layers": 1, "dropout": 0, "activation": "relu", "lr": 0.00031622776601683783, "window_size": 2, "batch_size": 16, "epochs": 15, "kernel_size": 2, "attention_heads": 8}, "parameter_index": 0}
[2026-05-19 09:33:27] INFO (NNIManager) Trial job jts1b status changed from RUNNING to SUCCEEDED
[2026-05-19 09:33:27] INFO (NNIManager) NNIManager received command from dispatcher: TR, {"parameter_id": 27, "parameter_source": "algorithm", "parameters": {"model_type": "LSTM", "units": 16, "num_layers": 1, "dropout": 0, "activation": "relu", "lr": 0.00031622776601683783, "window_size": 2, "batch_size": 16, "epochs": 15, "kernel_size": 3, "attention_heads": 2}, "parameter_index": 0}
[2026-05-19 09:33:28] INFO (NNIManager) submitTrialJob: form: {
  sequenceId: 27,
  hyperParameters: {
    value: '{"parameter_id": 27, "parameter_source": "algorithm", "parameters": {"model_type": "LSTM", "units": 16, "num_layers": 1, "dropout": 0, "activation": "relu", "lr": 0.00031622776601683783, "window_size": 2, "batch_size": 16, "epochs": 15, "kernel_size": 3, "attention_heads": 2}, "parameter_index": 0}',
    index: 0
  },
  placementConstraint: { type: 'None', gpus: [] }
}
[2026-05-19 09:33:28] INFO (LocalV3.local) Created trial kVrkv
[2026-05-19 09:33:30] INFO (LocalV3.local) Trial parameter: kVrkv {"parameter_id": 27, "parameter_source": "algorithm", "parameters": {"model_type": "LSTM", "units": 16, "num_layers": 1, "dropout": 0, "activation": "relu", "lr": 0.00031622776601683783, "window_size": 2, "batch_size": 16, "epochs": 15, "kernel_size": 3, "attention_heads": 2}, "parameter_index": 0}
[2026-05-19 09:33:47] INFO (NNIManager) Trial job kVrkv status changed from RUNNING to SUCCEEDED
[2026-05-19 09:33:47] INFO (NNIManager) NNIManager received command from dispatcher: TR, {"parameter_id": 28, "parameter_source": "algorithm", "parameters": {"model_type": "LSTM", "units": 16, "num_layers": 1, "dropout": 0, "activation": "relu", "lr": 0.00031622776601683783, "window_size": 2, "batch_size": 16, "epochs": 15, "kernel_size": 3, "attention_heads": 4}, "parameter_index": 0}
[2026-05-19 09:33:47] INFO (NNIManager) submitTrialJob: form: {
  sequenceId: 28,
  hyperParameters: {
    value: '{"parameter_id": 28, "parameter_source": "algorithm", "parameters": {"model_type": "LSTM", "units": 16, "num_layers": 1, "dropout": 0, "activation": "relu", "lr": 0.00031622776601683783, "window_size": 2, "batch_size": 16, "epochs": 15, "kernel_size": 3, "attention_heads": 4}, "parameter_index": 0}',
    index: 0
  },
  placementConstraint: { type: 'None', gpus: [] }
}
[2026-05-19 09:33:47] INFO (LocalV3.local) Created trial oJodm
[2026-05-19 09:33:49] INFO (LocalV3.local) Trial parameter: oJodm {"parameter_id": 28, "parameter_source": "algorithm", "parameters": {"model_type": "LSTM", "units": 16, "num_layers": 1, "dropout": 0, "activation": "relu", "lr": 0.00031622776601683783, "window_size": 2, "batch_size": 16, "epochs": 15, "kernel_size": 3, "attention_heads": 4}, "parameter_index": 0}
[2026-05-19 09:34:06] INFO (NNIManager) Trial job oJodm status changed from RUNNING to SUCCEEDED
[2026-05-19 09:34:06] INFO (NNIManager) NNIManager received command from dispatcher: TR, {"parameter_id": 29, "parameter_source": "algorithm", "parameters": {"model_type": "LSTM", "units": 16, "num_layers": 1, "dropout": 0, "activation": "relu", "lr": 0.00031622776601683783, "window_size": 2, "batch_size": 16, "epochs": 15, "kernel_size": 3, "attention_heads": 8}, "parameter_index": 0}
[2026-05-19 09:34:07] INFO (NNIManager) submitTrialJob: form: {
  sequenceId: 29,
  hyperParameters: {
    value: '{"parameter_id": 29, "parameter_source": "algorithm", "parameters": {"model_type": "LSTM", "units": 16, "num_layers": 1, "dropout": 0, "activation": "relu", "lr": 0.00031622776601683783, "window_size": 2, "batch_size": 16, "epochs": 15, "kernel_size": 3, "attention_heads": 8}, "parameter_index": 0}',
    index: 0
  },
  placementConstraint: { type: 'None', gpus: [] }
}
[2026-05-19 09:34:07] INFO (LocalV3.local) Created trial XPFJH
[2026-05-19 09:34:09] INFO (LocalV3.local) Trial parameter: XPFJH {"parameter_id": 29, "parameter_source": "algorithm", "parameters": {"model_type": "LSTM", "units": 16, "num_layers": 1, "dropout": 0, "activation": "relu", "lr": 0.00031622776601683783, "window_size": 2, "batch_size": 16, "epochs": 15, "kernel_size": 3, "attention_heads": 8}, "parameter_index": 0}
[2026-05-19 09:34:24] INFO (NNIManager) Trial job XPFJH status changed from RUNNING to SUCCEEDED
[2026-05-19 09:34:24] INFO (NNIManager) NNIManager received command from dispatcher: TR, {"parameter_id": 30, "parameter_source": "algorithm", "parameters": {"model_type": "LSTM", "units": 16, "num_layers": 1, "dropout": 0, "activation": "relu", "lr": 0.00031622776601683783, "window_size": 2, "batch_size": 16, "epochs": 15, "kernel_size": 5, "attention_heads": 2}, "parameter_index": 0}
[2026-05-19 09:34:24] INFO (NNIManager) submitTrialJob: form: {
  sequenceId: 30,
  hyperParameters: {
    value: '{"parameter_id": 30, "parameter_source": "algorithm", "parameters": {"model_type": "LSTM", "units": 16, "num_layers": 1, "dropout": 0, "activation": "relu", "lr": 0.00031622776601683783, "window_size": 2, "batch_size": 16, "epochs": 15, "kernel_size": 5, "attention_heads": 2}, "parameter_index": 0}',
    index: 0
  },
  placementConstraint: { type: 'None', gpus: [] }
}
[2026-05-19 09:34:24] INFO (LocalV3.local) Created trial Ma653
[2026-05-19 09:34:26] INFO (LocalV3.local) Trial parameter: Ma653 {"parameter_id": 30, "parameter_source": "algorithm", "parameters": {"model_type": "LSTM", "units": 16, "num_layers": 1, "dropout": 0, "activation": "relu", "lr": 0.00031622776601683783, "window_size": 2, "batch_size": 16, "epochs": 15, "kernel_size": 5, "attention_heads": 2}, "parameter_index": 0}
[2026-05-19 09:34:41] INFO (NNIManager) Trial job Ma653 status changed from RUNNING to SUCCEEDED
[2026-05-19 09:34:41] INFO (NNIManager) NNIManager received command from dispatcher: TR, {"parameter_id": 31, "parameter_source": "algorithm", "parameters": {"model_type": "LSTM", "units": 16, "num_layers": 1, "dropout": 0, "activation": "relu", "lr": 0.00031622776601683783, "window_size": 2, "batch_size": 16, "epochs": 15, "kernel_size": 5, "attention_heads": 4}, "parameter_index": 0}
[2026-05-19 09:34:42] INFO (NNIManager) submitTrialJob: form: {
  sequenceId: 31,
  hyperParameters: {
    value: '{"parameter_id": 31, "parameter_source": "algorithm", "parameters": {"model_type": "LSTM", "units": 16, "num_layers": 1, "dropout": 0, "activation": "relu", "lr": 0.00031622776601683783, "window_size": 2, "batch_size": 16, "epochs": 15, "kernel_size": 5, "attention_heads": 4}, "parameter_index": 0}',
    index: 0
  },
  placementConstraint: { type: 'None', gpus: [] }
}
[2026-05-19 09:34:42] INFO (LocalV3.local) Created trial LZh9K
[2026-05-19 09:34:44] INFO (LocalV3.local) Trial parameter: LZh9K {"parameter_id": 31, "parameter_source": "algorithm", "parameters": {"model_type": "LSTM", "units": 16, "num_layers": 1, "dropout": 0, "activation": "relu", "lr": 0.00031622776601683783, "window_size": 2, "batch_size": 16, "epochs": 15, "kernel_size": 5, "attention_heads": 4}, "parameter_index": 0}
[2026-05-19 09:34:59] INFO (NNIManager) Trial job LZh9K status changed from RUNNING to SUCCEEDED
[2026-05-19 09:34:59] INFO (NNIManager) NNIManager received command from dispatcher: TR, {"parameter_id": 32, "parameter_source": "algorithm", "parameters": {"model_type": "LSTM", "units": 16, "num_layers": 1, "dropout": 0, "activation": "relu", "lr": 0.00031622776601683783, "window_size": 2, "batch_size": 16, "epochs": 15, "kernel_size": 5, "attention_heads": 8}, "parameter_index": 0}
[2026-05-19 09:35:00] INFO (NNIManager) submitTrialJob: form: {
  sequenceId: 32,
  hyperParameters: {
    value: '{"parameter_id": 32, "parameter_source": "algorithm", "parameters": {"model_type": "LSTM", "units": 16, "num_layers": 1, "dropout": 0, "activation": "relu", "lr": 0.00031622776601683783, "window_size": 2, "batch_size": 16, "epochs": 15, "kernel_size": 5, "attention_heads": 8}, "parameter_index": 0}',
    index: 0
  },
  placementConstraint: { type: 'None', gpus: [] }
}
[2026-05-19 09:35:00] INFO (LocalV3.local) Created trial tJWc7
[2026-05-19 09:35:02] INFO (LocalV3.local) Trial parameter: tJWc7 {"parameter_id": 32, "parameter_source": "algorithm", "parameters": {"model_type": "LSTM", "units": 16, "num_layers": 1, "dropout": 0, "activation": "relu", "lr": 0.00031622776601683783, "window_size": 2, "batch_size": 16, "epochs": 15, "kernel_size": 5, "attention_heads": 8}, "parameter_index": 0}
[2026-05-19 09:35:17] INFO (NNIManager) Trial job tJWc7 status changed from RUNNING to SUCCEEDED
[2026-05-19 09:35:17] INFO (NNIManager) NNIManager received command from dispatcher: TR, {"parameter_id": 33, "parameter_source": "algorithm", "parameters": {"model_type": "LSTM", "units": 16, "num_layers": 1, "dropout": 0, "activation": "relu", "lr": 0.00031622776601683783, "window_size": 2, "batch_size": 16, "epochs": 15, "kernel_size": 7, "attention_heads": 2}, "parameter_index": 0}
[2026-05-19 09:35:17] INFO (NNIManager) submitTrialJob: form: {
  sequenceId: 33,
  hyperParameters: {
    value: '{"parameter_id": 33, "parameter_source": "algorithm", "parameters": {"model_type": "LSTM", "units": 16, "num_layers": 1, "dropout": 0, "activation": "relu", "lr": 0.00031622776601683783, "window_size": 2, "batch_size": 16, "epochs": 15, "kernel_size": 7, "attention_heads": 2}, "parameter_index": 0}',
    index: 0
  },
  placementConstraint: { type: 'None', gpus: [] }
}
[2026-05-19 09:35:17] INFO (LocalV3.local) Created trial gjbI2
[2026-05-19 09:35:19] INFO (LocalV3.local) Trial parameter: gjbI2 {"parameter_id": 33, "parameter_source": "algorithm", "parameters": {"model_type": "LSTM", "units": 16, "num_layers": 1, "dropout": 0, "activation": "relu", "lr": 0.00031622776601683783, "window_size": 2, "batch_size": 16, "epochs": 15, "kernel_size": 7, "attention_heads": 2}, "parameter_index": 0}
[2026-05-19 09:35:35] INFO (NNIManager) Trial job gjbI2 status changed from RUNNING to SUCCEEDED
[2026-05-19 09:35:35] INFO (NNIManager) NNIManager received command from dispatcher: TR, {"parameter_id": 34, "parameter_source": "algorithm", "parameters": {"model_type": "LSTM", "units": 16, "num_layers": 1, "dropout": 0, "activation": "relu", "lr": 0.00031622776601683783, "window_size": 2, "batch_size": 16, "epochs": 15, "kernel_size": 7, "attention_heads": 4}, "parameter_index": 0}
[2026-05-19 09:35:35] INFO (NNIManager) submitTrialJob: form: {
  sequenceId: 34,
  hyperParameters: {
    value: '{"parameter_id": 34, "parameter_source": "algorithm", "parameters": {"model_type": "LSTM", "units": 16, "num_layers": 1, "dropout": 0, "activation": "relu", "lr": 0.00031622776601683783, "window_size": 2, "batch_size": 16, "epochs": 15, "kernel_size": 7, "attention_heads": 4}, "parameter_index": 0}',
    index: 0
  },
  placementConstraint: { type: 'None', gpus: [] }
}
[2026-05-19 09:35:35] INFO (LocalV3.local) Created trial HekCD
[2026-05-19 09:35:37] INFO (LocalV3.local) Trial parameter: HekCD {"parameter_id": 34, "parameter_source": "algorithm", "parameters": {"model_type": "LSTM", "units": 16, "num_layers": 1, "dropout": 0, "activation": "relu", "lr": 0.00031622776601683783, "window_size": 2, "batch_size": 16, "epochs": 15, "kernel_size": 7, "attention_heads": 4}, "parameter_index": 0}
[2026-05-19 09:35:53] INFO (NNIManager) Trial job HekCD status changed from RUNNING to SUCCEEDED
[2026-05-19 09:35:53] INFO (NNIManager) NNIManager received command from dispatcher: TR, {"parameter_id": 35, "parameter_source": "algorithm", "parameters": {"model_type": "LSTM", "units": 16, "num_layers": 1, "dropout": 0, "activation": "relu", "lr": 0.00031622776601683783, "window_size": 2, "batch_size": 16, "epochs": 15, "kernel_size": 7, "attention_heads": 8}, "parameter_index": 0}
[2026-05-19 09:35:53] INFO (NNIManager) submitTrialJob: form: {
  sequenceId: 35,
  hyperParameters: {
    value: '{"parameter_id": 35, "parameter_source": "algorithm", "parameters": {"model_type": "LSTM", "units": 16, "num_layers": 1, "dropout": 0, "activation": "relu", "lr": 0.00031622776601683783, "window_size": 2, "batch_size": 16, "epochs": 15, "kernel_size": 7, "attention_heads": 8}, "parameter_index": 0}',
    index: 0
  },
  placementConstraint: { type: 'None', gpus: [] }
}
[2026-05-19 09:35:53] INFO (LocalV3.local) Created trial P6f4k
[2026-05-19 09:35:56] INFO (LocalV3.local) Trial parameter: P6f4k {"parameter_id": 35, "parameter_source": "algorithm", "parameters": {"model_type": "LSTM", "units": 16, "num_layers": 1, "dropout": 0, "activation": "relu", "lr": 0.00031622776601683783, "window_size": 2, "batch_size": 16, "epochs": 15, "kernel_size": 7, "attention_heads": 8}, "parameter_index": 0}
[2026-05-19 09:36:11] INFO (NNIManager) Trial job P6f4k status changed from RUNNING to SUCCEEDED
[2026-05-19 09:36:11] INFO (NNIManager) NNIManager received command from dispatcher: TR, {"parameter_id": 36, "parameter_source": "algorithm", "parameters": {"model_type": "LSTM", "units": 16, "num_layers": 1, "dropout": 0, "activation": "relu", "lr": 0.00031622776601683783, "window_size": 2, "batch_size": 16, "epochs": 20, "kernel_size": 2, "attention_heads": 2}, "parameter_index": 0}
[2026-05-19 09:36:11] INFO (NNIManager) submitTrialJob: form: {
  sequenceId: 36,
  hyperParameters: {
    value: '{"parameter_id": 36, "parameter_source": "algorithm", "parameters": {"model_type": "LSTM", "units": 16, "num_layers": 1, "dropout": 0, "activation": "relu", "lr": 0.00031622776601683783, "window_size": 2, "batch_size": 16, "epochs": 20, "kernel_size": 2, "attention_heads": 2}, "parameter_index": 0}',
    index: 0
  },
  placementConstraint: { type: 'None', gpus: [] }
}
[2026-05-19 09:36:11] INFO (LocalV3.local) Created trial LZI1H
[2026-05-19 09:36:13] INFO (LocalV3.local) Trial parameter: LZI1H {"parameter_id": 36, "parameter_source": "algorithm", "parameters": {"model_type": "LSTM", "units": 16, "num_layers": 1, "dropout": 0, "activation": "relu", "lr": 0.00031622776601683783, "window_size": 2, "batch_size": 16, "epochs": 20, "kernel_size": 2, "attention_heads": 2}, "parameter_index": 0}
[2026-05-19 09:36:33] INFO (NNIManager) Trial job LZI1H status changed from RUNNING to SUCCEEDED
[2026-05-19 09:36:33] INFO (NNIManager) NNIManager received command from dispatcher: TR, {"parameter_id": 37, "parameter_source": "algorithm", "parameters": {"model_type": "LSTM", "units": 16, "num_layers": 1, "dropout": 0, "activation": "relu", "lr": 0.00031622776601683783, "window_size": 2, "batch_size": 16, "epochs": 20, "kernel_size": 2, "attention_heads": 4}, "parameter_index": 0}
[2026-05-19 09:36:33] INFO (NNIManager) submitTrialJob: form: {
  sequenceId: 37,
  hyperParameters: {
    value: '{"parameter_id": 37, "parameter_source": "algorithm", "parameters": {"model_type": "LSTM", "units": 16, "num_layers": 1, "dropout": 0, "activation": "relu", "lr": 0.00031622776601683783, "window_size": 2, "batch_size": 16, "epochs": 20, "kernel_size": 2, "attention_heads": 4}, "parameter_index": 0}',
    index: 0
  },
  placementConstraint: { type: 'None', gpus: [] }
}
[2026-05-19 09:36:33] INFO (LocalV3.local) Created trial GuE3Z
[2026-05-19 09:36:35] INFO (LocalV3.local) Trial parameter: GuE3Z {"parameter_id": 37, "parameter_source": "algorithm", "parameters": {"model_type": "LSTM", "units": 16, "num_layers": 1, "dropout": 0, "activation": "relu", "lr": 0.00031622776601683783, "window_size": 2, "batch_size": 16, "epochs": 20, "kernel_size": 2, "attention_heads": 4}, "parameter_index": 0}
[2026-05-19 09:36:52] INFO (NNIManager) Trial job GuE3Z status changed from RUNNING to SUCCEEDED
[2026-05-19 09:36:52] INFO (NNIManager) NNIManager received command from dispatcher: TR, {"parameter_id": 38, "parameter_source": "algorithm", "parameters": {"model_type": "LSTM", "units": 16, "num_layers": 1, "dropout": 0, "activation": "relu", "lr": 0.00031622776601683783, "window_size": 2, "batch_size": 16, "epochs": 20, "kernel_size": 2, "attention_heads": 8}, "parameter_index": 0}
[2026-05-19 09:36:53] INFO (NNIManager) submitTrialJob: form: {
  sequenceId: 38,
  hyperParameters: {
    value: '{"parameter_id": 38, "parameter_source": "algorithm", "parameters": {"model_type": "LSTM", "units": 16, "num_layers": 1, "dropout": 0, "activation": "relu", "lr": 0.00031622776601683783, "window_size": 2, "batch_size": 16, "epochs": 20, "kernel_size": 2, "attention_heads": 8}, "parameter_index": 0}',
    index: 0
  },
  placementConstraint: { type: 'None', gpus: [] }
}
[2026-05-19 09:36:53] INFO (LocalV3.local) Created trial MjqKu
[2026-05-19 09:36:54] INFO (LocalV3.local) Trial parameter: MjqKu {"parameter_id": 38, "parameter_source": "algorithm", "parameters": {"model_type": "LSTM", "units": 16, "num_layers": 1, "dropout": 0, "activation": "relu", "lr": 0.00031622776601683783, "window_size": 2, "batch_size": 16, "epochs": 20, "kernel_size": 2, "attention_heads": 8}, "parameter_index": 0}
[2026-05-19 09:37:10] INFO (NNIManager) Trial job MjqKu status changed from RUNNING to SUCCEEDED
[2026-05-19 09:37:10] INFO (NNIManager) NNIManager received command from dispatcher: TR, {"parameter_id": 39, "parameter_source": "algorithm", "parameters": {"model_type": "LSTM", "units": 16, "num_layers": 1, "dropout": 0, "activation": "relu", "lr": 0.00031622776601683783, "window_size": 2, "batch_size": 16, "epochs": 20, "kernel_size": 3, "attention_heads": 2}, "parameter_index": 0}
[2026-05-19 09:37:10] INFO (NNIManager) submitTrialJob: form: {
  sequenceId: 39,
  hyperParameters: {
    value: '{"parameter_id": 39, "parameter_source": "algorithm", "parameters": {"model_type": "LSTM", "units": 16, "num_layers": 1, "dropout": 0, "activation": "relu", "lr": 0.00031622776601683783, "window_size": 2, "batch_size": 16, "epochs": 20, "kernel_size": 3, "attention_heads": 2}, "parameter_index": 0}',
    index: 0
  },
  placementConstraint: { type: 'None', gpus: [] }
}
[2026-05-19 09:37:10] INFO (LocalV3.local) Created trial UHDm5
[2026-05-19 09:37:12] INFO (LocalV3.local) Trial parameter: UHDm5 {"parameter_id": 39, "parameter_source": "algorithm", "parameters": {"model_type": "LSTM", "units": 16, "num_layers": 1, "dropout": 0, "activation": "relu", "lr": 0.00031622776601683783, "window_size": 2, "batch_size": 16, "epochs": 20, "kernel_size": 3, "attention_heads": 2}, "parameter_index": 0}
[2026-05-19 09:37:29] INFO (NNIManager) Trial job UHDm5 status changed from RUNNING to SUCCEEDED
[2026-05-19 09:37:29] INFO (NNIManager) NNIManager received command from dispatcher: TR, {"parameter_id": 40, "parameter_source": "algorithm", "parameters": {"model_type": "LSTM", "units": 16, "num_layers": 1, "dropout": 0, "activation": "relu", "lr": 0.00031622776601683783, "window_size": 2, "batch_size": 16, "epochs": 20, "kernel_size": 3, "attention_heads": 4}, "parameter_index": 0}
[2026-05-19 09:37:29] INFO (NNIManager) submitTrialJob: form: {
  sequenceId: 40,
  hyperParameters: {
    value: '{"parameter_id": 40, "parameter_source": "algorithm", "parameters": {"model_type": "LSTM", "units": 16, "num_layers": 1, "dropout": 0, "activation": "relu", "lr": 0.00031622776601683783, "window_size": 2, "batch_size": 16, "epochs": 20, "kernel_size": 3, "attention_heads": 4}, "parameter_index": 0}',
    index: 0
  },
  placementConstraint: { type: 'None', gpus: [] }
}
[2026-05-19 09:37:29] INFO (LocalV3.local) Created trial vAco9
[2026-05-19 09:37:31] INFO (LocalV3.local) Trial parameter: vAco9 {"parameter_id": 40, "parameter_source": "algorithm", "parameters": {"model_type": "LSTM", "units": 16, "num_layers": 1, "dropout": 0, "activation": "relu", "lr": 0.00031622776601683783, "window_size": 2, "batch_size": 16, "epochs": 20, "kernel_size": 3, "attention_heads": 4}, "parameter_index": 0}
[2026-05-19 09:37:47] INFO (NNIManager) Trial job vAco9 status changed from RUNNING to SUCCEEDED
[2026-05-19 09:37:47] INFO (NNIManager) NNIManager received command from dispatcher: TR, {"parameter_id": 41, "parameter_source": "algorithm", "parameters": {"model_type": "LSTM", "units": 16, "num_layers": 1, "dropout": 0, "activation": "relu", "lr": 0.00031622776601683783, "window_size": 2, "batch_size": 16, "epochs": 20, "kernel_size": 3, "attention_heads": 8}, "parameter_index": 0}
[2026-05-19 09:37:48] INFO (NNIManager) submitTrialJob: form: {
  sequenceId: 41,
  hyperParameters: {
    value: '{"parameter_id": 41, "parameter_source": "algorithm", "parameters": {"model_type": "LSTM", "units": 16, "num_layers": 1, "dropout": 0, "activation": "relu", "lr": 0.00031622776601683783, "window_size": 2, "batch_size": 16, "epochs": 20, "kernel_size": 3, "attention_heads": 8}, "parameter_index": 0}',
    index: 0
  },
  placementConstraint: { type: 'None', gpus: [] }
}
[2026-05-19 09:37:48] INFO (LocalV3.local) Created trial K8Np6
[2026-05-19 09:37:49] INFO (LocalV3.local) Trial parameter: K8Np6 {"parameter_id": 41, "parameter_source": "algorithm", "parameters": {"model_type": "LSTM", "units": 16, "num_layers": 1, "dropout": 0, "activation": "relu", "lr": 0.00031622776601683783, "window_size": 2, "batch_size": 16, "epochs": 20, "kernel_size": 3, "attention_heads": 8}, "parameter_index": 0}
[2026-05-19 09:38:08] INFO (NNIManager) Trial job K8Np6 status changed from RUNNING to SUCCEEDED
[2026-05-19 09:38:08] INFO (NNIManager) NNIManager received command from dispatcher: TR, {"parameter_id": 42, "parameter_source": "algorithm", "parameters": {"model_type": "LSTM", "units": 16, "num_layers": 1, "dropout": 0, "activation": "relu", "lr": 0.00031622776601683783, "window_size": 2, "batch_size": 16, "epochs": 20, "kernel_size": 5, "attention_heads": 2}, "parameter_index": 0}
[2026-05-19 09:38:09] INFO (NNIManager) submitTrialJob: form: {
  sequenceId: 42,
  hyperParameters: {
    value: '{"parameter_id": 42, "parameter_source": "algorithm", "parameters": {"model_type": "LSTM", "units": 16, "num_layers": 1, "dropout": 0, "activation": "relu", "lr": 0.00031622776601683783, "window_size": 2, "batch_size": 16, "epochs": 20, "kernel_size": 5, "attention_heads": 2}, "parameter_index": 0}',
    index: 0
  },
  placementConstraint: { type: 'None', gpus: [] }
}
[2026-05-19 09:38:09] INFO (LocalV3.local) Created trial D7MyC
[2026-05-19 09:38:11] INFO (LocalV3.local) Trial parameter: D7MyC {"parameter_id": 42, "parameter_source": "algorithm", "parameters": {"model_type": "LSTM", "units": 16, "num_layers": 1, "dropout": 0, "activation": "relu", "lr": 0.00031622776601683783, "window_size": 2, "batch_size": 16, "epochs": 20, "kernel_size": 5, "attention_heads": 2}, "parameter_index": 0}
[2026-05-19 09:38:31] INFO (NNIManager) Trial job D7MyC status changed from RUNNING to SUCCEEDED
[2026-05-19 09:38:31] INFO (NNIManager) NNIManager received command from dispatcher: TR, {"parameter_id": 43, "parameter_source": "algorithm", "parameters": {"model_type": "LSTM", "units": 16, "num_layers": 1, "dropout": 0, "activation": "relu", "lr": 0.00031622776601683783, "window_size": 2, "batch_size": 16, "epochs": 20, "kernel_size": 5, "attention_heads": 4}, "parameter_index": 0}
[2026-05-19 09:38:31] INFO (NNIManager) submitTrialJob: form: {
  sequenceId: 43,
  hyperParameters: {
    value: '{"parameter_id": 43, "parameter_source": "algorithm", "parameters": {"model_type": "LSTM", "units": 16, "num_layers": 1, "dropout": 0, "activation": "relu", "lr": 0.00031622776601683783, "window_size": 2, "batch_size": 16, "epochs": 20, "kernel_size": 5, "attention_heads": 4}, "parameter_index": 0}',
    index: 0
  },
  placementConstraint: { type: 'None', gpus: [] }
}
[2026-05-19 09:38:31] INFO (LocalV3.local) Created trial hZfIH
[2026-05-19 09:38:33] INFO (LocalV3.local) Trial parameter: hZfIH {"parameter_id": 43, "parameter_source": "algorithm", "parameters": {"model_type": "LSTM", "units": 16, "num_layers": 1, "dropout": 0, "activation": "relu", "lr": 0.00031622776601683783, "window_size": 2, "batch_size": 16, "epochs": 20, "kernel_size": 5, "attention_heads": 4}, "parameter_index": 0}
[2026-05-19 09:38:52] INFO (NNIManager) Trial job hZfIH status changed from RUNNING to SUCCEEDED
[2026-05-19 09:38:52] INFO (NNIManager) NNIManager received command from dispatcher: TR, {"parameter_id": 44, "parameter_source": "algorithm", "parameters": {"model_type": "LSTM", "units": 16, "num_layers": 1, "dropout": 0, "activation": "relu", "lr": 0.00031622776601683783, "window_size": 2, "batch_size": 16, "epochs": 20, "kernel_size": 5, "attention_heads": 8}, "parameter_index": 0}
[2026-05-19 09:38:53] INFO (NNIManager) submitTrialJob: form: {
  sequenceId: 44,
  hyperParameters: {
    value: '{"parameter_id": 44, "parameter_source": "algorithm", "parameters": {"model_type": "LSTM", "units": 16, "num_layers": 1, "dropout": 0, "activation": "relu", "lr": 0.00031622776601683783, "window_size": 2, "batch_size": 16, "epochs": 20, "kernel_size": 5, "attention_heads": 8}, "parameter_index": 0}',
    index: 0
  },
  placementConstraint: { type: 'None', gpus: [] }
}
[2026-05-19 09:38:53] INFO (LocalV3.local) Created trial UP2Hc
[2026-05-19 09:38:55] INFO (LocalV3.local) Trial parameter: UP2Hc {"parameter_id": 44, "parameter_source": "algorithm", "parameters": {"model_type": "LSTM", "units": 16, "num_layers": 1, "dropout": 0, "activation": "relu", "lr": 0.00031622776601683783, "window_size": 2, "batch_size": 16, "epochs": 20, "kernel_size": 5, "attention_heads": 8}, "parameter_index": 0}
[2026-05-19 09:39:14] INFO (NNIManager) Trial job UP2Hc status changed from RUNNING to SUCCEEDED
[2026-05-19 09:39:14] INFO (NNIManager) NNIManager received command from dispatcher: TR, {"parameter_id": 45, "parameter_source": "algorithm", "parameters": {"model_type": "LSTM", "units": 16, "num_layers": 1, "dropout": 0, "activation": "relu", "lr": 0.00031622776601683783, "window_size": 2, "batch_size": 16, "epochs": 20, "kernel_size": 7, "attention_heads": 2}, "parameter_index": 0}
[2026-05-19 09:39:15] INFO (NNIManager) submitTrialJob: form: {
  sequenceId: 45,
  hyperParameters: {
    value: '{"parameter_id": 45, "parameter_source": "algorithm", "parameters": {"model_type": "LSTM", "units": 16, "num_layers": 1, "dropout": 0, "activation": "relu", "lr": 0.00031622776601683783, "window_size": 2, "batch_size": 16, "epochs": 20, "kernel_size": 7, "attention_heads": 2}, "parameter_index": 0}',
    index: 0
  },
  placementConstraint: { type: 'None', gpus: [] }
}
[2026-05-19 09:39:15] INFO (LocalV3.local) Created trial j4mpj
[2026-05-19 09:39:17] INFO (LocalV3.local) Trial parameter: j4mpj {"parameter_id": 45, "parameter_source": "algorithm", "parameters": {"model_type": "LSTM", "units": 16, "num_layers": 1, "dropout": 0, "activation": "relu", "lr": 0.00031622776601683783, "window_size": 2, "batch_size": 16, "epochs": 20, "kernel_size": 7, "attention_heads": 2}, "parameter_index": 0}
[2026-05-19 09:39:37] INFO (NNIManager) Trial job j4mpj status changed from RUNNING to SUCCEEDED
[2026-05-19 09:39:37] INFO (NNIManager) NNIManager received command from dispatcher: TR, {"parameter_id": 46, "parameter_source": "algorithm", "parameters": {"model_type": "LSTM", "units": 16, "num_layers": 1, "dropout": 0, "activation": "relu", "lr": 0.00031622776601683783, "window_size": 2, "batch_size": 16, "epochs": 20, "kernel_size": 7, "attention_heads": 4}, "parameter_index": 0}
[2026-05-19 09:39:38] INFO (NNIManager) submitTrialJob: form: {
  sequenceId: 46,
  hyperParameters: {
    value: '{"parameter_id": 46, "parameter_source": "algorithm", "parameters": {"model_type": "LSTM", "units": 16, "num_layers": 1, "dropout": 0, "activation": "relu", "lr": 0.00031622776601683783, "window_size": 2, "batch_size": 16, "epochs": 20, "kernel_size": 7, "attention_heads": 4}, "parameter_index": 0}',
    index: 0
  },
  placementConstraint: { type: 'None', gpus: [] }
}
[2026-05-19 09:39:38] INFO (LocalV3.local) Created trial HfbkT
[2026-05-19 09:39:40] INFO (LocalV3.local) Trial parameter: HfbkT {"parameter_id": 46, "parameter_source": "algorithm", "parameters": {"model_type": "LSTM", "units": 16, "num_layers": 1, "dropout": 0, "activation": "relu", "lr": 0.00031622776601683783, "window_size": 2, "batch_size": 16, "epochs": 20, "kernel_size": 7, "attention_heads": 4}, "parameter_index": 0}
[2026-05-19 09:39:56] INFO (NNIManager) Trial job HfbkT status changed from RUNNING to SUCCEEDED
[2026-05-19 09:39:56] INFO (NNIManager) NNIManager received command from dispatcher: TR, {"parameter_id": 47, "parameter_source": "algorithm", "parameters": {"model_type": "LSTM", "units": 16, "num_layers": 1, "dropout": 0, "activation": "relu", "lr": 0.00031622776601683783, "window_size": 2, "batch_size": 16, "epochs": 20, "kernel_size": 7, "attention_heads": 8}, "parameter_index": 0}
[2026-05-19 09:39:57] INFO (NNIManager) submitTrialJob: form: {
  sequenceId: 47,
  hyperParameters: {
    value: '{"parameter_id": 47, "parameter_source": "algorithm", "parameters": {"model_type": "LSTM", "units": 16, "num_layers": 1, "dropout": 0, "activation": "relu", "lr": 0.00031622776601683783, "window_size": 2, "batch_size": 16, "epochs": 20, "kernel_size": 7, "attention_heads": 8}, "parameter_index": 0}',
    index: 0
  },
  placementConstraint: { type: 'None', gpus: [] }
}
[2026-05-19 09:39:57] INFO (LocalV3.local) Created trial yre99
[2026-05-19 09:39:59] INFO (LocalV3.local) Trial parameter: yre99 {"parameter_id": 47, "parameter_source": "algorithm", "parameters": {"model_type": "LSTM", "units": 16, "num_layers": 1, "dropout": 0, "activation": "relu", "lr": 0.00031622776601683783, "window_size": 2, "batch_size": 16, "epochs": 20, "kernel_size": 7, "attention_heads": 8}, "parameter_index": 0}
[2026-05-19 09:40:18] INFO (NNIManager) Trial job yre99 status changed from RUNNING to SUCCEEDED
[2026-05-19 09:40:18] INFO (NNIManager) NNIManager received command from dispatcher: TR, {"parameter_id": 48, "parameter_source": "algorithm", "parameters": {"model_type": "LSTM", "units": 16, "num_layers": 1, "dropout": 0, "activation": "relu", "lr": 0.00031622776601683783, "window_size": 2, "batch_size": 32, "epochs": 5, "kernel_size": 2, "attention_heads": 2}, "parameter_index": 0}
[2026-05-19 09:40:19] INFO (NNIManager) submitTrialJob: form: {
  sequenceId: 48,
  hyperParameters: {
    value: '{"parameter_id": 48, "parameter_source": "algorithm", "parameters": {"model_type": "LSTM", "units": 16, "num_layers": 1, "dropout": 0, "activation": "relu", "lr": 0.00031622776601683783, "window_size": 2, "batch_size": 32, "epochs": 5, "kernel_size": 2, "attention_heads": 2}, "parameter_index": 0}',
    index: 0
  },
  placementConstraint: { type: 'None', gpus: [] }
}
[2026-05-19 09:40:19] INFO (LocalV3.local) Created trial wehdY
[2026-05-19 09:40:21] INFO (LocalV3.local) Trial parameter: wehdY {"parameter_id": 48, "parameter_source": "algorithm", "parameters": {"model_type": "LSTM", "units": 16, "num_layers": 1, "dropout": 0, "activation": "relu", "lr": 0.00031622776601683783, "window_size": 2, "batch_size": 32, "epochs": 5, "kernel_size": 2, "attention_heads": 2}, "parameter_index": 0}
[2026-05-19 09:40:26] INFO (NNIManager) Trial job wehdY status changed from RUNNING to SUCCEEDED
[2026-05-19 09:40:26] INFO (NNIManager) NNIManager received command from dispatcher: TR, {"parameter_id": 49, "parameter_source": "algorithm", "parameters": {"model_type": "LSTM", "units": 16, "num_layers": 1, "dropout": 0, "activation": "relu", "lr": 0.00031622776601683783, "window_size": 2, "batch_size": 32, "epochs": 5, "kernel_size": 2, "attention_heads": 4}, "parameter_index": 0}
[2026-05-19 09:40:27] INFO (NNIManager) submitTrialJob: form: {
  sequenceId: 49,
  hyperParameters: {
    value: '{"parameter_id": 49, "parameter_source": "algorithm", "parameters": {"model_type": "LSTM", "units": 16, "num_layers": 1, "dropout": 0, "activation": "relu", "lr": 0.00031622776601683783, "window_size": 2, "batch_size": 32, "epochs": 5, "kernel_size": 2, "attention_heads": 4}, "parameter_index": 0}',
    index: 0
  },
  placementConstraint: { type: 'None', gpus: [] }
}
[2026-05-19 09:40:27] INFO (LocalV3.local) Created trial D7DYs
[2026-05-19 09:40:29] INFO (LocalV3.local) Trial parameter: D7DYs {"parameter_id": 49, "parameter_source": "algorithm", "parameters": {"model_type": "LSTM", "units": 16, "num_layers": 1, "dropout": 0, "activation": "relu", "lr": 0.00031622776601683783, "window_size": 2, "batch_size": 32, "epochs": 5, "kernel_size": 2, "attention_heads": 4}, "parameter_index": 0}
[2026-05-19 09:40:33] INFO (NNIManager) Trial job D7DYs status changed from RUNNING to SUCCEEDED
[2026-05-19 09:40:33] INFO (NNIManager) NNIManager received command from dispatcher: TR, {"parameter_id": 50, "parameter_source": "algorithm", "parameters": {"model_type": "LSTM", "units": 16, "num_layers": 1, "dropout": 0, "activation": "relu", "lr": 0.00031622776601683783, "window_size": 2, "batch_size": 32, "epochs": 5, "kernel_size": 2, "attention_heads": 8}, "parameter_index": 0}
[2026-05-19 09:40:33] INFO (NNIManager) submitTrialJob: form: {
  sequenceId: 50,
  hyperParameters: {
    value: '{"parameter_id": 50, "parameter_source": "algorithm", "parameters": {"model_type": "LSTM", "units": 16, "num_layers": 1, "dropout": 0, "activation": "relu", "lr": 0.00031622776601683783, "window_size": 2, "batch_size": 32, "epochs": 5, "kernel_size": 2, "attention_heads": 8}, "parameter_index": 0}',
    index: 0
  },
  placementConstraint: { type: 'None', gpus: [] }
}
[2026-05-19 09:40:33] INFO (LocalV3.local) Created trial qMA0g
[2026-05-19 09:40:35] INFO (LocalV3.local) Trial parameter: qMA0g {"parameter_id": 50, "parameter_source": "algorithm", "parameters": {"model_type": "LSTM", "units": 16, "num_layers": 1, "dropout": 0, "activation": "relu", "lr": 0.00031622776601683783, "window_size": 2, "batch_size": 32, "epochs": 5, "kernel_size": 2, "attention_heads": 8}, "parameter_index": 0}
[2026-05-19 09:40:41] INFO (NNIManager) Trial job qMA0g status changed from RUNNING to SUCCEEDED
[2026-05-19 09:40:41] INFO (NNIManager) NNIManager received command from dispatcher: TR, {"parameter_id": 51, "parameter_source": "algorithm", "parameters": {"model_type": "LSTM", "units": 16, "num_layers": 1, "dropout": 0, "activation": "relu", "lr": 0.00031622776601683783, "window_size": 2, "batch_size": 32, "epochs": 5, "kernel_size": 3, "attention_heads": 2}, "parameter_index": 0}
[2026-05-19 09:40:41] INFO (NNIManager) submitTrialJob: form: {
  sequenceId: 51,
  hyperParameters: {
    value: '{"parameter_id": 51, "parameter_source": "algorithm", "parameters": {"model_type": "LSTM", "units": 16, "num_layers": 1, "dropout": 0, "activation": "relu", "lr": 0.00031622776601683783, "window_size": 2, "batch_size": 32, "epochs": 5, "kernel_size": 3, "attention_heads": 2}, "parameter_index": 0}',
    index: 0
  },
  placementConstraint: { type: 'None', gpus: [] }
}
[2026-05-19 09:40:41] INFO (LocalV3.local) Created trial PbbYR
[2026-05-19 09:40:43] INFO (LocalV3.local) Trial parameter: PbbYR {"parameter_id": 51, "parameter_source": "algorithm", "parameters": {"model_type": "LSTM", "units": 16, "num_layers": 1, "dropout": 0, "activation": "relu", "lr": 0.00031622776601683783, "window_size": 2, "batch_size": 32, "epochs": 5, "kernel_size": 3, "attention_heads": 2}, "parameter_index": 0}
[2026-05-19 09:40:49] INFO (NNIManager) Trial job PbbYR status changed from RUNNING to SUCCEEDED
[2026-05-19 09:40:49] INFO (NNIManager) NNIManager received command from dispatcher: TR, {"parameter_id": 52, "parameter_source": "algorithm", "parameters": {"model_type": "LSTM", "units": 16, "num_layers": 1, "dropout": 0, "activation": "relu", "lr": 0.00031622776601683783, "window_size": 2, "batch_size": 32, "epochs": 5, "kernel_size": 3, "attention_heads": 4}, "parameter_index": 0}
[2026-05-19 09:40:49] INFO (NNIManager) submitTrialJob: form: {
  sequenceId: 52,
  hyperParameters: {
    value: '{"parameter_id": 52, "parameter_source": "algorithm", "parameters": {"model_type": "LSTM", "units": 16, "num_layers": 1, "dropout": 0, "activation": "relu", "lr": 0.00031622776601683783, "window_size": 2, "batch_size": 32, "epochs": 5, "kernel_size": 3, "attention_heads": 4}, "parameter_index": 0}',
    index: 0
  },
  placementConstraint: { type: 'None', gpus: [] }
}
[2026-05-19 09:40:49] INFO (LocalV3.local) Created trial S1qh6
[2026-05-19 09:40:51] INFO (LocalV3.local) Trial parameter: S1qh6 {"parameter_id": 52, "parameter_source": "algorithm", "parameters": {"model_type": "LSTM", "units": 16, "num_layers": 1, "dropout": 0, "activation": "relu", "lr": 0.00031622776601683783, "window_size": 2, "batch_size": 32, "epochs": 5, "kernel_size": 3, "attention_heads": 4}, "parameter_index": 0}
[2026-05-19 09:40:57] INFO (NNIManager) Trial job S1qh6 status changed from RUNNING to SUCCEEDED
[2026-05-19 09:40:57] INFO (NNIManager) NNIManager received command from dispatcher: TR, {"parameter_id": 53, "parameter_source": "algorithm", "parameters": {"model_type": "LSTM", "units": 16, "num_layers": 1, "dropout": 0, "activation": "relu", "lr": 0.00031622776601683783, "window_size": 2, "batch_size": 32, "epochs": 5, "kernel_size": 3, "attention_heads": 8}, "parameter_index": 0}
[2026-05-19 09:40:57] INFO (NNIManager) submitTrialJob: form: {
  sequenceId: 53,
  hyperParameters: {
    value: '{"parameter_id": 53, "parameter_source": "algorithm", "parameters": {"model_type": "LSTM", "units": 16, "num_layers": 1, "dropout": 0, "activation": "relu", "lr": 0.00031622776601683783, "window_size": 2, "batch_size": 32, "epochs": 5, "kernel_size": 3, "attention_heads": 8}, "parameter_index": 0}',
    index: 0
  },
  placementConstraint: { type: 'None', gpus: [] }
}
[2026-05-19 09:40:57] INFO (LocalV3.local) Created trial QiwFr
[2026-05-19 09:40:59] INFO (LocalV3.local) Trial parameter: QiwFr {"parameter_id": 53, "parameter_source": "algorithm", "parameters": {"model_type": "LSTM", "units": 16, "num_layers": 1, "dropout": 0, "activation": "relu", "lr": 0.00031622776601683783, "window_size": 2, "batch_size": 32, "epochs": 5, "kernel_size": 3, "attention_heads": 8}, "parameter_index": 0}
[2026-05-19 09:41:04] INFO (NNIManager) Trial job QiwFr status changed from RUNNING to SUCCEEDED
[2026-05-19 09:41:04] INFO (NNIManager) NNIManager received command from dispatcher: TR, {"parameter_id": 54, "parameter_source": "algorithm", "parameters": {"model_type": "LSTM", "units": 16, "num_layers": 1, "dropout": 0, "activation": "relu", "lr": 0.00031622776601683783, "window_size": 2, "batch_size": 32, "epochs": 5, "kernel_size": 5, "attention_heads": 2}, "parameter_index": 0}
[2026-05-19 09:41:04] INFO (NNIManager) submitTrialJob: form: {
  sequenceId: 54,
  hyperParameters: {
    value: '{"parameter_id": 54, "parameter_source": "algorithm", "parameters": {"model_type": "LSTM", "units": 16, "num_layers": 1, "dropout": 0, "activation": "relu", "lr": 0.00031622776601683783, "window_size": 2, "batch_size": 32, "epochs": 5, "kernel_size": 5, "attention_heads": 2}, "parameter_index": 0}',
    index: 0
  },
  placementConstraint: { type: 'None', gpus: [] }
}
[2026-05-19 09:41:04] INFO (LocalV3.local) Created trial xVnq9
[2026-05-19 09:41:06] INFO (LocalV3.local) Trial parameter: xVnq9 {"parameter_id": 54, "parameter_source": "algorithm", "parameters": {"model_type": "LSTM", "units": 16, "num_layers": 1, "dropout": 0, "activation": "relu", "lr": 0.00031622776601683783, "window_size": 2, "batch_size": 32, "epochs": 5, "kernel_size": 5, "attention_heads": 2}, "parameter_index": 0}
[2026-05-19 09:41:11] INFO (NNIManager) Trial job xVnq9 status changed from RUNNING to SUCCEEDED
[2026-05-19 09:41:11] INFO (NNIManager) NNIManager received command from dispatcher: TR, {"parameter_id": 55, "parameter_source": "algorithm", "parameters": {"model_type": "LSTM", "units": 16, "num_layers": 1, "dropout": 0, "activation": "relu", "lr": 0.00031622776601683783, "window_size": 2, "batch_size": 32, "epochs": 5, "kernel_size": 5, "attention_heads": 4}, "parameter_index": 0}
[2026-05-19 09:41:12] INFO (NNIManager) submitTrialJob: form: {
  sequenceId: 55,
  hyperParameters: {
    value: '{"parameter_id": 55, "parameter_source": "algorithm", "parameters": {"model_type": "LSTM", "units": 16, "num_layers": 1, "dropout": 0, "activation": "relu", "lr": 0.00031622776601683783, "window_size": 2, "batch_size": 32, "epochs": 5, "kernel_size": 5, "attention_heads": 4}, "parameter_index": 0}',
    index: 0
  },
  placementConstraint: { type: 'None', gpus: [] }
}
[2026-05-19 09:41:12] INFO (LocalV3.local) Created trial m7igQ
[2026-05-19 09:41:13] INFO (LocalV3.local) Trial parameter: m7igQ {"parameter_id": 55, "parameter_source": "algorithm", "parameters": {"model_type": "LSTM", "units": 16, "num_layers": 1, "dropout": 0, "activation": "relu", "lr": 0.00031622776601683783, "window_size": 2, "batch_size": 32, "epochs": 5, "kernel_size": 5, "attention_heads": 4}, "parameter_index": 0}
[2026-05-19 09:41:18] INFO (NNIManager) Trial job m7igQ status changed from RUNNING to SUCCEEDED
[2026-05-19 09:41:18] INFO (NNIManager) NNIManager received command from dispatcher: TR, {"parameter_id": 56, "parameter_source": "algorithm", "parameters": {"model_type": "LSTM", "units": 16, "num_layers": 1, "dropout": 0, "activation": "relu", "lr": 0.00031622776601683783, "window_size": 2, "batch_size": 32, "epochs": 5, "kernel_size": 5, "attention_heads": 8}, "parameter_index": 0}
[2026-05-19 09:41:19] INFO (NNIManager) submitTrialJob: form: {
  sequenceId: 56,
  hyperParameters: {
    value: '{"parameter_id": 56, "parameter_source": "algorithm", "parameters": {"model_type": "LSTM", "units": 16, "num_layers": 1, "dropout": 0, "activation": "relu", "lr": 0.00031622776601683783, "window_size": 2, "batch_size": 32, "epochs": 5, "kernel_size": 5, "attention_heads": 8}, "parameter_index": 0}',
    index: 0
  },
  placementConstraint: { type: 'None', gpus: [] }
}
[2026-05-19 09:41:19] INFO (LocalV3.local) Created trial mYoGa
[2026-05-19 09:41:21] INFO (LocalV3.local) Trial parameter: mYoGa {"parameter_id": 56, "parameter_source": "algorithm", "parameters": {"model_type": "LSTM", "units": 16, "num_layers": 1, "dropout": 0, "activation": "relu", "lr": 0.00031622776601683783, "window_size": 2, "batch_size": 32, "epochs": 5, "kernel_size": 5, "attention_heads": 8}, "parameter_index": 0}
[2026-05-19 09:41:27] INFO (NNIManager) Trial job mYoGa status changed from RUNNING to SUCCEEDED
[2026-05-19 09:41:27] INFO (NNIManager) NNIManager received command from dispatcher: TR, {"parameter_id": 57, "parameter_source": "algorithm", "parameters": {"model_type": "LSTM", "units": 16, "num_layers": 1, "dropout": 0, "activation": "relu", "lr": 0.00031622776601683783, "window_size": 2, "batch_size": 32, "epochs": 5, "kernel_size": 7, "attention_heads": 2}, "parameter_index": 0}
[2026-05-19 09:41:28] INFO (NNIManager) submitTrialJob: form: {
  sequenceId: 57,
  hyperParameters: {
    value: '{"parameter_id": 57, "parameter_source": "algorithm", "parameters": {"model_type": "LSTM", "units": 16, "num_layers": 1, "dropout": 0, "activation": "relu", "lr": 0.00031622776601683783, "window_size": 2, "batch_size": 32, "epochs": 5, "kernel_size": 7, "attention_heads": 2}, "parameter_index": 0}',
    index: 0
  },
  placementConstraint: { type: 'None', gpus: [] }
}
[2026-05-19 09:41:28] INFO (LocalV3.local) Created trial qy5H8
[2026-05-19 09:41:30] INFO (LocalV3.local) Trial parameter: qy5H8 {"parameter_id": 57, "parameter_source": "algorithm", "parameters": {"model_type": "LSTM", "units": 16, "num_layers": 1, "dropout": 0, "activation": "relu", "lr": 0.00031622776601683783, "window_size": 2, "batch_size": 32, "epochs": 5, "kernel_size": 7, "attention_heads": 2}, "parameter_index": 0}
[2026-05-19 09:41:35] INFO (NNIManager) Trial job qy5H8 status changed from RUNNING to SUCCEEDED
[2026-05-19 09:41:35] INFO (NNIManager) NNIManager received command from dispatcher: TR, {"parameter_id": 58, "parameter_source": "algorithm", "parameters": {"model_type": "LSTM", "units": 16, "num_layers": 1, "dropout": 0, "activation": "relu", "lr": 0.00031622776601683783, "window_size": 2, "batch_size": 32, "epochs": 5, "kernel_size": 7, "attention_heads": 4}, "parameter_index": 0}
[2026-05-19 09:41:35] INFO (NNIManager) submitTrialJob: form: {
  sequenceId: 58,
  hyperParameters: {
    value: '{"parameter_id": 58, "parameter_source": "algorithm", "parameters": {"model_type": "LSTM", "units": 16, "num_layers": 1, "dropout": 0, "activation": "relu", "lr": 0.00031622776601683783, "window_size": 2, "batch_size": 32, "epochs": 5, "kernel_size": 7, "attention_heads": 4}, "parameter_index": 0}',
    index: 0
  },
  placementConstraint: { type: 'None', gpus: [] }
}
[2026-05-19 09:41:35] INFO (LocalV3.local) Created trial rN0ak
[2026-05-19 09:41:37] INFO (LocalV3.local) Trial parameter: rN0ak {"parameter_id": 58, "parameter_source": "algorithm", "parameters": {"model_type": "LSTM", "units": 16, "num_layers": 1, "dropout": 0, "activation": "relu", "lr": 0.00031622776601683783, "window_size": 2, "batch_size": 32, "epochs": 5, "kernel_size": 7, "attention_heads": 4}, "parameter_index": 0}
[2026-05-19 09:41:43] INFO (NNIManager) Trial job rN0ak status changed from RUNNING to SUCCEEDED
[2026-05-19 09:41:43] INFO (NNIManager) NNIManager received command from dispatcher: TR, {"parameter_id": 59, "parameter_source": "algorithm", "parameters": {"model_type": "LSTM", "units": 16, "num_layers": 1, "dropout": 0, "activation": "relu", "lr": 0.00031622776601683783, "window_size": 2, "batch_size": 32, "epochs": 5, "kernel_size": 7, "attention_heads": 8}, "parameter_index": 0}
[2026-05-19 09:41:43] INFO (NNIManager) submitTrialJob: form: {
  sequenceId: 59,
  hyperParameters: {
    value: '{"parameter_id": 59, "parameter_source": "algorithm", "parameters": {"model_type": "LSTM", "units": 16, "num_layers": 1, "dropout": 0, "activation": "relu", "lr": 0.00031622776601683783, "window_size": 2, "batch_size": 32, "epochs": 5, "kernel_size": 7, "attention_heads": 8}, "parameter_index": 0}',
    index: 0
  },
  placementConstraint: { type: 'None', gpus: [] }
}
[2026-05-19 09:41:43] INFO (LocalV3.local) Created trial XXO8a
[2026-05-19 09:41:45] INFO (LocalV3.local) Trial parameter: XXO8a {"parameter_id": 59, "parameter_source": "algorithm", "parameters": {"model_type": "LSTM", "units": 16, "num_layers": 1, "dropout": 0, "activation": "relu", "lr": 0.00031622776601683783, "window_size": 2, "batch_size": 32, "epochs": 5, "kernel_size": 7, "attention_heads": 8}, "parameter_index": 0}
[2026-05-19 09:41:50] INFO (NNIManager) Trial job XXO8a status changed from RUNNING to SUCCEEDED
[2026-05-19 09:41:50] INFO (NNIManager) NNIManager received command from dispatcher: TR, {"parameter_id": 60, "parameter_source": "algorithm", "parameters": {"model_type": "LSTM", "units": 16, "num_layers": 1, "dropout": 0, "activation": "relu", "lr": 0.00031622776601683783, "window_size": 2, "batch_size": 32, "epochs": 10, "kernel_size": 2, "attention_heads": 2}, "parameter_index": 0}
[2026-05-19 09:41:51] INFO (NNIManager) submitTrialJob: form: {
  sequenceId: 60,
  hyperParameters: {
    value: '{"parameter_id": 60, "parameter_source": "algorithm", "parameters": {"model_type": "LSTM", "units": 16, "num_layers": 1, "dropout": 0, "activation": "relu", "lr": 0.00031622776601683783, "window_size": 2, "batch_size": 32, "epochs": 10, "kernel_size": 2, "attention_heads": 2}, "parameter_index": 0}',
    index: 0
  },
  placementConstraint: { type: 'None', gpus: [] }
}
[2026-05-19 09:41:51] INFO (LocalV3.local) Created trial bgI9d
[2026-05-19 09:41:53] INFO (LocalV3.local) Trial parameter: bgI9d {"parameter_id": 60, "parameter_source": "algorithm", "parameters": {"model_type": "LSTM", "units": 16, "num_layers": 1, "dropout": 0, "activation": "relu", "lr": 0.00031622776601683783, "window_size": 2, "batch_size": 32, "epochs": 10, "kernel_size": 2, "attention_heads": 2}, "parameter_index": 0}
[2026-05-19 09:42:00] INFO (NNIManager) Trial job bgI9d status changed from RUNNING to SUCCEEDED
[2026-05-19 09:42:00] INFO (NNIManager) NNIManager received command from dispatcher: TR, {"parameter_id": 61, "parameter_source": "algorithm", "parameters": {"model_type": "LSTM", "units": 16, "num_layers": 1, "dropout": 0, "activation": "relu", "lr": 0.00031622776601683783, "window_size": 2, "batch_size": 32, "epochs": 10, "kernel_size": 2, "attention_heads": 4}, "parameter_index": 0}
[2026-05-19 09:42:00] INFO (NNIManager) submitTrialJob: form: {
  sequenceId: 61,
  hyperParameters: {
    value: '{"parameter_id": 61, "parameter_source": "algorithm", "parameters": {"model_type": "LSTM", "units": 16, "num_layers": 1, "dropout": 0, "activation": "relu", "lr": 0.00031622776601683783, "window_size": 2, "batch_size": 32, "epochs": 10, "kernel_size": 2, "attention_heads": 4}, "parameter_index": 0}',
    index: 0
  },
  placementConstraint: { type: 'None', gpus: [] }
}
[2026-05-19 09:42:00] INFO (LocalV3.local) Created trial Cg4ie
[2026-05-19 09:42:02] INFO (LocalV3.local) Trial parameter: Cg4ie {"parameter_id": 61, "parameter_source": "algorithm", "parameters": {"model_type": "LSTM", "units": 16, "num_layers": 1, "dropout": 0, "activation": "relu", "lr": 0.00031622776601683783, "window_size": 2, "batch_size": 32, "epochs": 10, "kernel_size": 2, "attention_heads": 4}, "parameter_index": 0}
[2026-05-19 09:42:09] INFO (NNIManager) Trial job Cg4ie status changed from RUNNING to SUCCEEDED
[2026-05-19 09:42:09] INFO (NNIManager) NNIManager received command from dispatcher: TR, {"parameter_id": 62, "parameter_source": "algorithm", "parameters": {"model_type": "LSTM", "units": 16, "num_layers": 1, "dropout": 0, "activation": "relu", "lr": 0.00031622776601683783, "window_size": 2, "batch_size": 32, "epochs": 10, "kernel_size": 2, "attention_heads": 8}, "parameter_index": 0}
[2026-05-19 09:42:10] INFO (NNIManager) submitTrialJob: form: {
  sequenceId: 62,
  hyperParameters: {
    value: '{"parameter_id": 62, "parameter_source": "algorithm", "parameters": {"model_type": "LSTM", "units": 16, "num_layers": 1, "dropout": 0, "activation": "relu", "lr": 0.00031622776601683783, "window_size": 2, "batch_size": 32, "epochs": 10, "kernel_size": 2, "attention_heads": 8}, "parameter_index": 0}',
    index: 0
  },
  placementConstraint: { type: 'None', gpus: [] }
}
[2026-05-19 09:42:10] INFO (LocalV3.local) Created trial NNmAH
[2026-05-19 09:42:12] INFO (LocalV3.local) Trial parameter: NNmAH {"parameter_id": 62, "parameter_source": "algorithm", "parameters": {"model_type": "LSTM", "units": 16, "num_layers": 1, "dropout": 0, "activation": "relu", "lr": 0.00031622776601683783, "window_size": 2, "batch_size": 32, "epochs": 10, "kernel_size": 2, "attention_heads": 8}, "parameter_index": 0}
[2026-05-19 09:42:19] INFO (NNIManager) Trial job NNmAH status changed from RUNNING to SUCCEEDED
[2026-05-19 09:42:19] INFO (NNIManager) NNIManager received command from dispatcher: TR, {"parameter_id": 63, "parameter_source": "algorithm", "parameters": {"model_type": "LSTM", "units": 16, "num_layers": 1, "dropout": 0, "activation": "relu", "lr": 0.00031622776601683783, "window_size": 2, "batch_size": 32, "epochs": 10, "kernel_size": 3, "attention_heads": 2}, "parameter_index": 0}
[2026-05-19 09:42:19] INFO (NNIManager) submitTrialJob: form: {
  sequenceId: 63,
  hyperParameters: {
    value: '{"parameter_id": 63, "parameter_source": "algorithm", "parameters": {"model_type": "LSTM", "units": 16, "num_layers": 1, "dropout": 0, "activation": "relu", "lr": 0.00031622776601683783, "window_size": 2, "batch_size": 32, "epochs": 10, "kernel_size": 3, "attention_heads": 2}, "parameter_index": 0}',
    index: 0
  },
  placementConstraint: { type: 'None', gpus: [] }
}
[2026-05-19 09:42:19] INFO (LocalV3.local) Created trial Nzmdp
[2026-05-19 09:42:21] INFO (LocalV3.local) Trial parameter: Nzmdp {"parameter_id": 63, "parameter_source": "algorithm", "parameters": {"model_type": "LSTM", "units": 16, "num_layers": 1, "dropout": 0, "activation": "relu", "lr": 0.00031622776601683783, "window_size": 2, "batch_size": 32, "epochs": 10, "kernel_size": 3, "attention_heads": 2}, "parameter_index": 0}
[2026-05-19 09:42:27] INFO (NNIManager) Trial job Nzmdp status changed from RUNNING to SUCCEEDED
[2026-05-19 09:42:27] INFO (NNIManager) NNIManager received command from dispatcher: TR, {"parameter_id": 64, "parameter_source": "algorithm", "parameters": {"model_type": "LSTM", "units": 16, "num_layers": 1, "dropout": 0, "activation": "relu", "lr": 0.00031622776601683783, "window_size": 2, "batch_size": 32, "epochs": 10, "kernel_size": 3, "attention_heads": 4}, "parameter_index": 0}
[2026-05-19 09:42:28] INFO (NNIManager) submitTrialJob: form: {
  sequenceId: 64,
  hyperParameters: {
    value: '{"parameter_id": 64, "parameter_source": "algorithm", "parameters": {"model_type": "LSTM", "units": 16, "num_layers": 1, "dropout": 0, "activation": "relu", "lr": 0.00031622776601683783, "window_size": 2, "batch_size": 32, "epochs": 10, "kernel_size": 3, "attention_heads": 4}, "parameter_index": 0}',
    index: 0
  },
  placementConstraint: { type: 'None', gpus: [] }
}
[2026-05-19 09:42:28] INFO (LocalV3.local) Created trial sGfB9
[2026-05-19 09:42:30] INFO (LocalV3.local) Trial parameter: sGfB9 {"parameter_id": 64, "parameter_source": "algorithm", "parameters": {"model_type": "LSTM", "units": 16, "num_layers": 1, "dropout": 0, "activation": "relu", "lr": 0.00031622776601683783, "window_size": 2, "batch_size": 32, "epochs": 10, "kernel_size": 3, "attention_heads": 4}, "parameter_index": 0}
[2026-05-19 09:42:36] INFO (NNIManager) Trial job sGfB9 status changed from RUNNING to SUCCEEDED
[2026-05-19 09:42:36] INFO (NNIManager) NNIManager received command from dispatcher: TR, {"parameter_id": 65, "parameter_source": "algorithm", "parameters": {"model_type": "LSTM", "units": 16, "num_layers": 1, "dropout": 0, "activation": "relu", "lr": 0.00031622776601683783, "window_size": 2, "batch_size": 32, "epochs": 10, "kernel_size": 3, "attention_heads": 8}, "parameter_index": 0}
[2026-05-19 09:42:36] INFO (NNIManager) submitTrialJob: form: {
  sequenceId: 65,
  hyperParameters: {
    value: '{"parameter_id": 65, "parameter_source": "algorithm", "parameters": {"model_type": "LSTM", "units": 16, "num_layers": 1, "dropout": 0, "activation": "relu", "lr": 0.00031622776601683783, "window_size": 2, "batch_size": 32, "epochs": 10, "kernel_size": 3, "attention_heads": 8}, "parameter_index": 0}',
    index: 0
  },
  placementConstraint: { type: 'None', gpus: [] }
}
[2026-05-19 09:42:36] INFO (LocalV3.local) Created trial wD116
[2026-05-19 09:42:38] INFO (LocalV3.local) Trial parameter: wD116 {"parameter_id": 65, "parameter_source": "algorithm", "parameters": {"model_type": "LSTM", "units": 16, "num_layers": 1, "dropout": 0, "activation": "relu", "lr": 0.00031622776601683783, "window_size": 2, "batch_size": 32, "epochs": 10, "kernel_size": 3, "attention_heads": 8}, "parameter_index": 0}
[2026-05-19 09:42:46] INFO (NNIManager) Trial job wD116 status changed from RUNNING to SUCCEEDED
[2026-05-19 09:42:46] INFO (NNIManager) NNIManager received command from dispatcher: TR, {"parameter_id": 66, "parameter_source": "algorithm", "parameters": {"model_type": "LSTM", "units": 16, "num_layers": 1, "dropout": 0, "activation": "relu", "lr": 0.00031622776601683783, "window_size": 2, "batch_size": 32, "epochs": 10, "kernel_size": 5, "attention_heads": 2}, "parameter_index": 0}
[2026-05-19 09:42:47] INFO (NNIManager) submitTrialJob: form: {
  sequenceId: 66,
  hyperParameters: {
    value: '{"parameter_id": 66, "parameter_source": "algorithm", "parameters": {"model_type": "LSTM", "units": 16, "num_layers": 1, "dropout": 0, "activation": "relu", "lr": 0.00031622776601683783, "window_size": 2, "batch_size": 32, "epochs": 10, "kernel_size": 5, "attention_heads": 2}, "parameter_index": 0}',
    index: 0
  },
  placementConstraint: { type: 'None', gpus: [] }
}
[2026-05-19 09:42:47] INFO (LocalV3.local) Created trial DDn0I
[2026-05-19 09:42:50] INFO (LocalV3.local) Trial parameter: DDn0I {"parameter_id": 66, "parameter_source": "algorithm", "parameters": {"model_type": "LSTM", "units": 16, "num_layers": 1, "dropout": 0, "activation": "relu", "lr": 0.00031622776601683783, "window_size": 2, "batch_size": 32, "epochs": 10, "kernel_size": 5, "attention_heads": 2}, "parameter_index": 0}
[2026-05-19 09:43:02] INFO (NNIManager) Trial job DDn0I status changed from RUNNING to SUCCEEDED
[2026-05-19 09:43:02] INFO (NNIManager) NNIManager received command from dispatcher: TR, {"parameter_id": 67, "parameter_source": "algorithm", "parameters": {"model_type": "LSTM", "units": 16, "num_layers": 1, "dropout": 0, "activation": "relu", "lr": 0.00031622776601683783, "window_size": 2, "batch_size": 32, "epochs": 10, "kernel_size": 5, "attention_heads": 4}, "parameter_index": 0}
[2026-05-19 09:43:03] INFO (NNIManager) submitTrialJob: form: {
  sequenceId: 67,
  hyperParameters: {
    value: '{"parameter_id": 67, "parameter_source": "algorithm", "parameters": {"model_type": "LSTM", "units": 16, "num_layers": 1, "dropout": 0, "activation": "relu", "lr": 0.00031622776601683783, "window_size": 2, "batch_size": 32, "epochs": 10, "kernel_size": 5, "attention_heads": 4}, "parameter_index": 0}',
    index: 0
  },
  placementConstraint: { type: 'None', gpus: [] }
}
[2026-05-19 09:43:03] INFO (LocalV3.local) Created trial Q4y4D
[2026-05-19 09:43:05] INFO (LocalV3.local) Trial parameter: Q4y4D {"parameter_id": 67, "parameter_source": "algorithm", "parameters": {"model_type": "LSTM", "units": 16, "num_layers": 1, "dropout": 0, "activation": "relu", "lr": 0.00031622776601683783, "window_size": 2, "batch_size": 32, "epochs": 10, "kernel_size": 5, "attention_heads": 4}, "parameter_index": 0}
[2026-05-19 09:43:11] INFO (NNIManager) Trial job Q4y4D status changed from RUNNING to SUCCEEDED
[2026-05-19 09:43:11] INFO (NNIManager) NNIManager received command from dispatcher: TR, {"parameter_id": 68, "parameter_source": "algorithm", "parameters": {"model_type": "LSTM", "units": 16, "num_layers": 1, "dropout": 0, "activation": "relu", "lr": 0.00031622776601683783, "window_size": 2, "batch_size": 32, "epochs": 10, "kernel_size": 5, "attention_heads": 8}, "parameter_index": 0}
[2026-05-19 09:43:12] INFO (NNIManager) submitTrialJob: form: {
  sequenceId: 68,
  hyperParameters: {
    value: '{"parameter_id": 68, "parameter_source": "algorithm", "parameters": {"model_type": "LSTM", "units": 16, "num_layers": 1, "dropout": 0, "activation": "relu", "lr": 0.00031622776601683783, "window_size": 2, "batch_size": 32, "epochs": 10, "kernel_size": 5, "attention_heads": 8}, "parameter_index": 0}',
    index: 0
  },
  placementConstraint: { type: 'None', gpus: [] }
}
[2026-05-19 09:43:12] INFO (LocalV3.local) Created trial Bve1l
[2026-05-19 09:43:14] INFO (LocalV3.local) Trial parameter: Bve1l {"parameter_id": 68, "parameter_source": "algorithm", "parameters": {"model_type": "LSTM", "units": 16, "num_layers": 1, "dropout": 0, "activation": "relu", "lr": 0.00031622776601683783, "window_size": 2, "batch_size": 32, "epochs": 10, "kernel_size": 5, "attention_heads": 8}, "parameter_index": 0}
[2026-05-19 09:43:20] INFO (NNIManager) Trial job Bve1l status changed from RUNNING to SUCCEEDED
[2026-05-19 09:43:21] INFO (NNIManager) NNIManager received command from dispatcher: TR, {"parameter_id": 69, "parameter_source": "algorithm", "parameters": {"model_type": "LSTM", "units": 16, "num_layers": 1, "dropout": 0, "activation": "relu", "lr": 0.00031622776601683783, "window_size": 2, "batch_size": 32, "epochs": 10, "kernel_size": 7, "attention_heads": 2}, "parameter_index": 0}
[2026-05-19 09:43:21] INFO (NNIManager) submitTrialJob: form: {
  sequenceId: 69,
  hyperParameters: {
    value: '{"parameter_id": 69, "parameter_source": "algorithm", "parameters": {"model_type": "LSTM", "units": 16, "num_layers": 1, "dropout": 0, "activation": "relu", "lr": 0.00031622776601683783, "window_size": 2, "batch_size": 32, "epochs": 10, "kernel_size": 7, "attention_heads": 2}, "parameter_index": 0}',
    index: 0
  },
  placementConstraint: { type: 'None', gpus: [] }
}
[2026-05-19 09:43:21] INFO (LocalV3.local) Created trial qK1mH
[2026-05-19 09:43:23] INFO (LocalV3.local) Trial parameter: qK1mH {"parameter_id": 69, "parameter_source": "algorithm", "parameters": {"model_type": "LSTM", "units": 16, "num_layers": 1, "dropout": 0, "activation": "relu", "lr": 0.00031622776601683783, "window_size": 2, "batch_size": 32, "epochs": 10, "kernel_size": 7, "attention_heads": 2}, "parameter_index": 0}
[2026-05-19 09:43:30] INFO (NNIManager) Trial job qK1mH status changed from RUNNING to SUCCEEDED
[2026-05-19 09:43:30] INFO (NNIManager) NNIManager received command from dispatcher: TR, {"parameter_id": 70, "parameter_source": "algorithm", "parameters": {"model_type": "LSTM", "units": 16, "num_layers": 1, "dropout": 0, "activation": "relu", "lr": 0.00031622776601683783, "window_size": 2, "batch_size": 32, "epochs": 10, "kernel_size": 7, "attention_heads": 4}, "parameter_index": 0}
[2026-05-19 09:43:30] INFO (NNIManager) submitTrialJob: form: {
  sequenceId: 70,
  hyperParameters: {
    value: '{"parameter_id": 70, "parameter_source": "algorithm", "parameters": {"model_type": "LSTM", "units": 16, "num_layers": 1, "dropout": 0, "activation": "relu", "lr": 0.00031622776601683783, "window_size": 2, "batch_size": 32, "epochs": 10, "kernel_size": 7, "attention_heads": 4}, "parameter_index": 0}',
    index: 0
  },
  placementConstraint: { type: 'None', gpus: [] }
}
[2026-05-19 09:43:30] INFO (LocalV3.local) Created trial vzhs4
[2026-05-19 09:43:32] INFO (LocalV3.local) Trial parameter: vzhs4 {"parameter_id": 70, "parameter_source": "algorithm", "parameters": {"model_type": "LSTM", "units": 16, "num_layers": 1, "dropout": 0, "activation": "relu", "lr": 0.00031622776601683783, "window_size": 2, "batch_size": 32, "epochs": 10, "kernel_size": 7, "attention_heads": 4}, "parameter_index": 0}
[2026-05-19 09:43:38] INFO (NNIManager) Trial job vzhs4 status changed from RUNNING to SUCCEEDED
[2026-05-19 09:43:38] INFO (NNIManager) NNIManager received command from dispatcher: TR, {"parameter_id": 71, "parameter_source": "algorithm", "parameters": {"model_type": "LSTM", "units": 16, "num_layers": 1, "dropout": 0, "activation": "relu", "lr": 0.00031622776601683783, "window_size": 2, "batch_size": 32, "epochs": 10, "kernel_size": 7, "attention_heads": 8}, "parameter_index": 0}
[2026-05-19 09:43:39] INFO (NNIManager) submitTrialJob: form: {
  sequenceId: 71,
  hyperParameters: {
    value: '{"parameter_id": 71, "parameter_source": "algorithm", "parameters": {"model_type": "LSTM", "units": 16, "num_layers": 1, "dropout": 0, "activation": "relu", "lr": 0.00031622776601683783, "window_size": 2, "batch_size": 32, "epochs": 10, "kernel_size": 7, "attention_heads": 8}, "parameter_index": 0}',
    index: 0
  },
  placementConstraint: { type: 'None', gpus: [] }
}
[2026-05-19 09:43:39] INFO (LocalV3.local) Created trial BHgsM
[2026-05-19 09:43:40] INFO (LocalV3.local) Trial parameter: BHgsM {"parameter_id": 71, "parameter_source": "algorithm", "parameters": {"model_type": "LSTM", "units": 16, "num_layers": 1, "dropout": 0, "activation": "relu", "lr": 0.00031622776601683783, "window_size": 2, "batch_size": 32, "epochs": 10, "kernel_size": 7, "attention_heads": 8}, "parameter_index": 0}
[2026-05-19 09:43:47] INFO (NNIManager) Trial job BHgsM status changed from RUNNING to SUCCEEDED
[2026-05-19 09:43:47] INFO (NNIManager) NNIManager received command from dispatcher: TR, {"parameter_id": 72, "parameter_source": "algorithm", "parameters": {"model_type": "LSTM", "units": 16, "num_layers": 1, "dropout": 0, "activation": "relu", "lr": 0.00031622776601683783, "window_size": 2, "batch_size": 32, "epochs": 15, "kernel_size": 2, "attention_heads": 2}, "parameter_index": 0}
[2026-05-19 09:43:48] INFO (NNIManager) submitTrialJob: form: {
  sequenceId: 72,
  hyperParameters: {
    value: '{"parameter_id": 72, "parameter_source": "algorithm", "parameters": {"model_type": "LSTM", "units": 16, "num_layers": 1, "dropout": 0, "activation": "relu", "lr": 0.00031622776601683783, "window_size": 2, "batch_size": 32, "epochs": 15, "kernel_size": 2, "attention_heads": 2}, "parameter_index": 0}',
    index: 0
  },
  placementConstraint: { type: 'None', gpus: [] }
}
[2026-05-19 09:43:48] INFO (LocalV3.local) Created trial Q9isL
[2026-05-19 09:43:49] INFO (LocalV3.local) Trial parameter: Q9isL {"parameter_id": 72, "parameter_source": "algorithm", "parameters": {"model_type": "LSTM", "units": 16, "num_layers": 1, "dropout": 0, "activation": "relu", "lr": 0.00031622776601683783, "window_size": 2, "batch_size": 32, "epochs": 15, "kernel_size": 2, "attention_heads": 2}, "parameter_index": 0}
[2026-05-19 09:43:58] INFO (NNIManager) Trial job Q9isL status changed from RUNNING to SUCCEEDED
[2026-05-19 09:43:58] INFO (NNIManager) NNIManager received command from dispatcher: TR, {"parameter_id": 73, "parameter_source": "algorithm", "parameters": {"model_type": "LSTM", "units": 16, "num_layers": 1, "dropout": 0, "activation": "relu", "lr": 0.00031622776601683783, "window_size": 2, "batch_size": 32, "epochs": 15, "kernel_size": 2, "attention_heads": 4}, "parameter_index": 0}
[2026-05-19 09:43:58] INFO (NNIManager) submitTrialJob: form: {
  sequenceId: 73,
  hyperParameters: {
    value: '{"parameter_id": 73, "parameter_source": "algorithm", "parameters": {"model_type": "LSTM", "units": 16, "num_layers": 1, "dropout": 0, "activation": "relu", "lr": 0.00031622776601683783, "window_size": 2, "batch_size": 32, "epochs": 15, "kernel_size": 2, "attention_heads": 4}, "parameter_index": 0}',
    index: 0
  },
  placementConstraint: { type: 'None', gpus: [] }
}
[2026-05-19 09:43:58] INFO (LocalV3.local) Created trial UMxHx
[2026-05-19 09:44:00] INFO (LocalV3.local) Trial parameter: UMxHx {"parameter_id": 73, "parameter_source": "algorithm", "parameters": {"model_type": "LSTM", "units": 16, "num_layers": 1, "dropout": 0, "activation": "relu", "lr": 0.00031622776601683783, "window_size": 2, "batch_size": 32, "epochs": 15, "kernel_size": 2, "attention_heads": 4}, "parameter_index": 0}
[2026-05-19 09:44:08] INFO (NNIManager) Trial job UMxHx status changed from RUNNING to SUCCEEDED
[2026-05-19 09:44:08] INFO (NNIManager) NNIManager received command from dispatcher: TR, {"parameter_id": 74, "parameter_source": "algorithm", "parameters": {"model_type": "LSTM", "units": 16, "num_layers": 1, "dropout": 0, "activation": "relu", "lr": 0.00031622776601683783, "window_size": 2, "batch_size": 32, "epochs": 15, "kernel_size": 2, "attention_heads": 8}, "parameter_index": 0}
[2026-05-19 09:44:09] INFO (NNIManager) submitTrialJob: form: {
  sequenceId: 74,
  hyperParameters: {
    value: '{"parameter_id": 74, "parameter_source": "algorithm", "parameters": {"model_type": "LSTM", "units": 16, "num_layers": 1, "dropout": 0, "activation": "relu", "lr": 0.00031622776601683783, "window_size": 2, "batch_size": 32, "epochs": 15, "kernel_size": 2, "attention_heads": 8}, "parameter_index": 0}',
    index: 0
  },
  placementConstraint: { type: 'None', gpus: [] }
}
[2026-05-19 09:44:09] INFO (LocalV3.local) Created trial PpmpQ
[2026-05-19 09:44:10] INFO (LocalV3.local) Trial parameter: PpmpQ {"parameter_id": 74, "parameter_source": "algorithm", "parameters": {"model_type": "LSTM", "units": 16, "num_layers": 1, "dropout": 0, "activation": "relu", "lr": 0.00031622776601683783, "window_size": 2, "batch_size": 32, "epochs": 15, "kernel_size": 2, "attention_heads": 8}, "parameter_index": 0}
[2026-05-19 09:44:19] INFO (NNIManager) Trial job PpmpQ status changed from RUNNING to SUCCEEDED
[2026-05-19 09:44:19] INFO (NNIManager) NNIManager received command from dispatcher: TR, {"parameter_id": 75, "parameter_source": "algorithm", "parameters": {"model_type": "LSTM", "units": 16, "num_layers": 1, "dropout": 0, "activation": "relu", "lr": 0.00031622776601683783, "window_size": 2, "batch_size": 32, "epochs": 15, "kernel_size": 3, "attention_heads": 2}, "parameter_index": 0}
[2026-05-19 09:44:19] INFO (NNIManager) submitTrialJob: form: {
  sequenceId: 75,
  hyperParameters: {
    value: '{"parameter_id": 75, "parameter_source": "algorithm", "parameters": {"model_type": "LSTM", "units": 16, "num_layers": 1, "dropout": 0, "activation": "relu", "lr": 0.00031622776601683783, "window_size": 2, "batch_size": 32, "epochs": 15, "kernel_size": 3, "attention_heads": 2}, "parameter_index": 0}',
    index: 0
  },
  placementConstraint: { type: 'None', gpus: [] }
}
[2026-05-19 09:44:19] INFO (LocalV3.local) Created trial WpIBk
[2026-05-19 09:44:21] INFO (LocalV3.local) Trial parameter: WpIBk {"parameter_id": 75, "parameter_source": "algorithm", "parameters": {"model_type": "LSTM", "units": 16, "num_layers": 1, "dropout": 0, "activation": "relu", "lr": 0.00031622776601683783, "window_size": 2, "batch_size": 32, "epochs": 15, "kernel_size": 3, "attention_heads": 2}, "parameter_index": 0}
[2026-05-19 09:44:29] INFO (NNIManager) Trial job WpIBk status changed from RUNNING to SUCCEEDED
[2026-05-19 09:44:29] INFO (NNIManager) NNIManager received command from dispatcher: TR, {"parameter_id": 76, "parameter_source": "algorithm", "parameters": {"model_type": "LSTM", "units": 16, "num_layers": 1, "dropout": 0, "activation": "relu", "lr": 0.00031622776601683783, "window_size": 2, "batch_size": 32, "epochs": 15, "kernel_size": 3, "attention_heads": 4}, "parameter_index": 0}
[2026-05-19 09:44:30] INFO (NNIManager) submitTrialJob: form: {
  sequenceId: 76,
  hyperParameters: {
    value: '{"parameter_id": 76, "parameter_source": "algorithm", "parameters": {"model_type": "LSTM", "units": 16, "num_layers": 1, "dropout": 0, "activation": "relu", "lr": 0.00031622776601683783, "window_size": 2, "batch_size": 32, "epochs": 15, "kernel_size": 3, "attention_heads": 4}, "parameter_index": 0}',
    index: 0
  },
  placementConstraint: { type: 'None', gpus: [] }
}
[2026-05-19 09:44:30] INFO (LocalV3.local) Created trial ighYz
[2026-05-19 09:44:32] INFO (LocalV3.local) Trial parameter: ighYz {"parameter_id": 76, "parameter_source": "algorithm", "parameters": {"model_type": "LSTM", "units": 16, "num_layers": 1, "dropout": 0, "activation": "relu", "lr": 0.00031622776601683783, "window_size": 2, "batch_size": 32, "epochs": 15, "kernel_size": 3, "attention_heads": 4}, "parameter_index": 0}
[2026-05-19 09:44:40] INFO (NNIManager) Trial job ighYz status changed from RUNNING to SUCCEEDED
[2026-05-19 09:44:40] INFO (NNIManager) NNIManager received command from dispatcher: TR, {"parameter_id": 77, "parameter_source": "algorithm", "parameters": {"model_type": "LSTM", "units": 16, "num_layers": 1, "dropout": 0, "activation": "relu", "lr": 0.00031622776601683783, "window_size": 2, "batch_size": 32, "epochs": 15, "kernel_size": 3, "attention_heads": 8}, "parameter_index": 0}
[2026-05-19 09:44:40] INFO (NNIManager) submitTrialJob: form: {
  sequenceId: 77,
  hyperParameters: {
    value: '{"parameter_id": 77, "parameter_source": "algorithm", "parameters": {"model_type": "LSTM", "units": 16, "num_layers": 1, "dropout": 0, "activation": "relu", "lr": 0.00031622776601683783, "window_size": 2, "batch_size": 32, "epochs": 15, "kernel_size": 3, "attention_heads": 8}, "parameter_index": 0}',
    index: 0
  },
  placementConstraint: { type: 'None', gpus: [] }
}
[2026-05-19 09:44:40] INFO (LocalV3.local) Created trial GW253
[2026-05-19 09:44:42] INFO (LocalV3.local) Trial parameter: GW253 {"parameter_id": 77, "parameter_source": "algorithm", "parameters": {"model_type": "LSTM", "units": 16, "num_layers": 1, "dropout": 0, "activation": "relu", "lr": 0.00031622776601683783, "window_size": 2, "batch_size": 32, "epochs": 15, "kernel_size": 3, "attention_heads": 8}, "parameter_index": 0}
[2026-05-19 09:44:50] INFO (NNIManager) Trial job GW253 status changed from RUNNING to SUCCEEDED
[2026-05-19 09:44:50] INFO (NNIManager) NNIManager received command from dispatcher: TR, {"parameter_id": 78, "parameter_source": "algorithm", "parameters": {"model_type": "LSTM", "units": 16, "num_layers": 1, "dropout": 0, "activation": "relu", "lr": 0.00031622776601683783, "window_size": 2, "batch_size": 32, "epochs": 15, "kernel_size": 5, "attention_heads": 2}, "parameter_index": 0}
[2026-05-19 09:44:51] INFO (NNIManager) submitTrialJob: form: {
  sequenceId: 78,
  hyperParameters: {
    value: '{"parameter_id": 78, "parameter_source": "algorithm", "parameters": {"model_type": "LSTM", "units": 16, "num_layers": 1, "dropout": 0, "activation": "relu", "lr": 0.00031622776601683783, "window_size": 2, "batch_size": 32, "epochs": 15, "kernel_size": 5, "attention_heads": 2}, "parameter_index": 0}',
    index: 0
  },
  placementConstraint: { type: 'None', gpus: [] }
}
[2026-05-19 09:44:51] INFO (LocalV3.local) Created trial N88j6
[2026-05-19 09:44:53] INFO (LocalV3.local) Trial parameter: N88j6 {"parameter_id": 78, "parameter_source": "algorithm", "parameters": {"model_type": "LSTM", "units": 16, "num_layers": 1, "dropout": 0, "activation": "relu", "lr": 0.00031622776601683783, "window_size": 2, "batch_size": 32, "epochs": 15, "kernel_size": 5, "attention_heads": 2}, "parameter_index": 0}
[2026-05-19 09:45:00] INFO (NNIManager) Trial job N88j6 status changed from RUNNING to SUCCEEDED
[2026-05-19 09:45:00] INFO (NNIManager) NNIManager received command from dispatcher: TR, {"parameter_id": 79, "parameter_source": "algorithm", "parameters": {"model_type": "LSTM", "units": 16, "num_layers": 1, "dropout": 0, "activation": "relu", "lr": 0.00031622776601683783, "window_size": 2, "batch_size": 32, "epochs": 15, "kernel_size": 5, "attention_heads": 4}, "parameter_index": 0}
[2026-05-19 09:45:01] INFO (NNIManager) submitTrialJob: form: {
  sequenceId: 79,
  hyperParameters: {
    value: '{"parameter_id": 79, "parameter_source": "algorithm", "parameters": {"model_type": "LSTM", "units": 16, "num_layers": 1, "dropout": 0, "activation": "relu", "lr": 0.00031622776601683783, "window_size": 2, "batch_size": 32, "epochs": 15, "kernel_size": 5, "attention_heads": 4}, "parameter_index": 0}',
    index: 0
  },
  placementConstraint: { type: 'None', gpus: [] }
}
[2026-05-19 09:45:01] INFO (LocalV3.local) Created trial U3hIo
[2026-05-19 09:45:03] INFO (LocalV3.local) Trial parameter: U3hIo {"parameter_id": 79, "parameter_source": "algorithm", "parameters": {"model_type": "LSTM", "units": 16, "num_layers": 1, "dropout": 0, "activation": "relu", "lr": 0.00031622776601683783, "window_size": 2, "batch_size": 32, "epochs": 15, "kernel_size": 5, "attention_heads": 4}, "parameter_index": 0}
[2026-05-19 09:45:11] INFO (NNIManager) Trial job U3hIo status changed from RUNNING to SUCCEEDED
[2026-05-19 09:45:11] INFO (NNIManager) NNIManager received command from dispatcher: TR, {"parameter_id": 80, "parameter_source": "algorithm", "parameters": {"model_type": "LSTM", "units": 16, "num_layers": 1, "dropout": 0, "activation": "relu", "lr": 0.00031622776601683783, "window_size": 2, "batch_size": 32, "epochs": 15, "kernel_size": 5, "attention_heads": 8}, "parameter_index": 0}
[2026-05-19 09:45:11] INFO (NNIManager) submitTrialJob: form: {
  sequenceId: 80,
  hyperParameters: {
    value: '{"parameter_id": 80, "parameter_source": "algorithm", "parameters": {"model_type": "LSTM", "units": 16, "num_layers": 1, "dropout": 0, "activation": "relu", "lr": 0.00031622776601683783, "window_size": 2, "batch_size": 32, "epochs": 15, "kernel_size": 5, "attention_heads": 8}, "parameter_index": 0}',
    index: 0
  },
  placementConstraint: { type: 'None', gpus: [] }
}
[2026-05-19 09:45:11] INFO (LocalV3.local) Created trial G1djz
[2026-05-19 09:45:13] INFO (LocalV3.local) Trial parameter: G1djz {"parameter_id": 80, "parameter_source": "algorithm", "parameters": {"model_type": "LSTM", "units": 16, "num_layers": 1, "dropout": 0, "activation": "relu", "lr": 0.00031622776601683783, "window_size": 2, "batch_size": 32, "epochs": 15, "kernel_size": 5, "attention_heads": 8}, "parameter_index": 0}
[2026-05-19 09:45:22] INFO (NNIManager) Trial job G1djz status changed from RUNNING to SUCCEEDED
[2026-05-19 09:45:22] INFO (NNIManager) NNIManager received command from dispatcher: TR, {"parameter_id": 81, "parameter_source": "algorithm", "parameters": {"model_type": "LSTM", "units": 16, "num_layers": 1, "dropout": 0, "activation": "relu", "lr": 0.00031622776601683783, "window_size": 2, "batch_size": 32, "epochs": 15, "kernel_size": 7, "attention_heads": 2}, "parameter_index": 0}
[2026-05-19 09:45:22] INFO (NNIManager) submitTrialJob: form: {
  sequenceId: 81,
  hyperParameters: {
    value: '{"parameter_id": 81, "parameter_source": "algorithm", "parameters": {"model_type": "LSTM", "units": 16, "num_layers": 1, "dropout": 0, "activation": "relu", "lr": 0.00031622776601683783, "window_size": 2, "batch_size": 32, "epochs": 15, "kernel_size": 7, "attention_heads": 2}, "parameter_index": 0}',
    index: 0
  },
  placementConstraint: { type: 'None', gpus: [] }
}
[2026-05-19 09:45:22] INFO (LocalV3.local) Created trial C1ydy
[2026-05-19 09:45:24] INFO (LocalV3.local) Trial parameter: C1ydy {"parameter_id": 81, "parameter_source": "algorithm", "parameters": {"model_type": "LSTM", "units": 16, "num_layers": 1, "dropout": 0, "activation": "relu", "lr": 0.00031622776601683783, "window_size": 2, "batch_size": 32, "epochs": 15, "kernel_size": 7, "attention_heads": 2}, "parameter_index": 0}
[2026-05-19 09:45:33] INFO (NNIManager) Trial job C1ydy status changed from RUNNING to SUCCEEDED
[2026-05-19 09:45:33] INFO (NNIManager) NNIManager received command from dispatcher: TR, {"parameter_id": 82, "parameter_source": "algorithm", "parameters": {"model_type": "LSTM", "units": 16, "num_layers": 1, "dropout": 0, "activation": "relu", "lr": 0.00031622776601683783, "window_size": 2, "batch_size": 32, "epochs": 15, "kernel_size": 7, "attention_heads": 4}, "parameter_index": 0}
[2026-05-19 09:45:33] INFO (NNIManager) submitTrialJob: form: {
  sequenceId: 82,
  hyperParameters: {
    value: '{"parameter_id": 82, "parameter_source": "algorithm", "parameters": {"model_type": "LSTM", "units": 16, "num_layers": 1, "dropout": 0, "activation": "relu", "lr": 0.00031622776601683783, "window_size": 2, "batch_size": 32, "epochs": 15, "kernel_size": 7, "attention_heads": 4}, "parameter_index": 0}',
    index: 0
  },
  placementConstraint: { type: 'None', gpus: [] }
}
[2026-05-19 09:45:33] INFO (LocalV3.local) Created trial KSF7G
[2026-05-19 09:45:36] INFO (LocalV3.local) Trial parameter: KSF7G {"parameter_id": 82, "parameter_source": "algorithm", "parameters": {"model_type": "LSTM", "units": 16, "num_layers": 1, "dropout": 0, "activation": "relu", "lr": 0.00031622776601683783, "window_size": 2, "batch_size": 32, "epochs": 15, "kernel_size": 7, "attention_heads": 4}, "parameter_index": 0}
[2026-05-19 09:45:44] INFO (NNIManager) Trial job KSF7G status changed from RUNNING to SUCCEEDED
[2026-05-19 09:45:44] INFO (NNIManager) NNIManager received command from dispatcher: TR, {"parameter_id": 83, "parameter_source": "algorithm", "parameters": {"model_type": "LSTM", "units": 16, "num_layers": 1, "dropout": 0, "activation": "relu", "lr": 0.00031622776601683783, "window_size": 2, "batch_size": 32, "epochs": 15, "kernel_size": 7, "attention_heads": 8}, "parameter_index": 0}
[2026-05-19 09:45:44] INFO (NNIManager) submitTrialJob: form: {
  sequenceId: 83,
  hyperParameters: {
    value: '{"parameter_id": 83, "parameter_source": "algorithm", "parameters": {"model_type": "LSTM", "units": 16, "num_layers": 1, "dropout": 0, "activation": "relu", "lr": 0.00031622776601683783, "window_size": 2, "batch_size": 32, "epochs": 15, "kernel_size": 7, "attention_heads": 8}, "parameter_index": 0}',
    index: 0
  },
  placementConstraint: { type: 'None', gpus: [] }
}
[2026-05-19 09:45:44] INFO (LocalV3.local) Created trial hx5uh
[2026-05-19 09:45:46] INFO (LocalV3.local) Trial parameter: hx5uh {"parameter_id": 83, "parameter_source": "algorithm", "parameters": {"model_type": "LSTM", "units": 16, "num_layers": 1, "dropout": 0, "activation": "relu", "lr": 0.00031622776601683783, "window_size": 2, "batch_size": 32, "epochs": 15, "kernel_size": 7, "attention_heads": 8}, "parameter_index": 0}
[2026-05-19 09:45:55] INFO (NNIManager) Trial job hx5uh status changed from RUNNING to SUCCEEDED
[2026-05-19 09:45:55] INFO (NNIManager) NNIManager received command from dispatcher: TR, {"parameter_id": 84, "parameter_source": "algorithm", "parameters": {"model_type": "LSTM", "units": 16, "num_layers": 1, "dropout": 0, "activation": "relu", "lr": 0.00031622776601683783, "window_size": 2, "batch_size": 32, "epochs": 20, "kernel_size": 2, "attention_heads": 2}, "parameter_index": 0}
[2026-05-19 09:45:55] INFO (NNIManager) submitTrialJob: form: {
  sequenceId: 84,
  hyperParameters: {
    value: '{"parameter_id": 84, "parameter_source": "algorithm", "parameters": {"model_type": "LSTM", "units": 16, "num_layers": 1, "dropout": 0, "activation": "relu", "lr": 0.00031622776601683783, "window_size": 2, "batch_size": 32, "epochs": 20, "kernel_size": 2, "attention_heads": 2}, "parameter_index": 0}',
    index: 0
  },
  placementConstraint: { type: 'None', gpus: [] }
}
[2026-05-19 09:45:55] INFO (LocalV3.local) Created trial NRhYM
[2026-05-19 09:45:57] INFO (LocalV3.local) Trial parameter: NRhYM {"parameter_id": 84, "parameter_source": "algorithm", "parameters": {"model_type": "LSTM", "units": 16, "num_layers": 1, "dropout": 0, "activation": "relu", "lr": 0.00031622776601683783, "window_size": 2, "batch_size": 32, "epochs": 20, "kernel_size": 2, "attention_heads": 2}, "parameter_index": 0}
[2026-05-19 09:46:07] INFO (NNIManager) Trial job NRhYM status changed from RUNNING to SUCCEEDED
[2026-05-19 09:46:07] INFO (NNIManager) NNIManager received command from dispatcher: TR, {"parameter_id": 85, "parameter_source": "algorithm", "parameters": {"model_type": "LSTM", "units": 16, "num_layers": 1, "dropout": 0, "activation": "relu", "lr": 0.00031622776601683783, "window_size": 2, "batch_size": 32, "epochs": 20, "kernel_size": 2, "attention_heads": 4}, "parameter_index": 0}
[2026-05-19 09:46:08] INFO (NNIManager) submitTrialJob: form: {
  sequenceId: 85,
  hyperParameters: {
    value: '{"parameter_id": 85, "parameter_source": "algorithm", "parameters": {"model_type": "LSTM", "units": 16, "num_layers": 1, "dropout": 0, "activation": "relu", "lr": 0.00031622776601683783, "window_size": 2, "batch_size": 32, "epochs": 20, "kernel_size": 2, "attention_heads": 4}, "parameter_index": 0}',
    index: 0
  },
  placementConstraint: { type: 'None', gpus: [] }
}
[2026-05-19 09:46:08] INFO (LocalV3.local) Created trial DVZlc
[2026-05-19 09:46:10] INFO (LocalV3.local) Trial parameter: DVZlc {"parameter_id": 85, "parameter_source": "algorithm", "parameters": {"model_type": "LSTM", "units": 16, "num_layers": 1, "dropout": 0, "activation": "relu", "lr": 0.00031622776601683783, "window_size": 2, "batch_size": 32, "epochs": 20, "kernel_size": 2, "attention_heads": 4}, "parameter_index": 0}
[2026-05-19 09:46:20] INFO (NNIManager) Trial job DVZlc status changed from RUNNING to SUCCEEDED
[2026-05-19 09:46:20] INFO (NNIManager) NNIManager received command from dispatcher: TR, {"parameter_id": 86, "parameter_source": "algorithm", "parameters": {"model_type": "LSTM", "units": 16, "num_layers": 1, "dropout": 0, "activation": "relu", "lr": 0.00031622776601683783, "window_size": 2, "batch_size": 32, "epochs": 20, "kernel_size": 2, "attention_heads": 8}, "parameter_index": 0}
[2026-05-19 09:46:20] INFO (NNIManager) submitTrialJob: form: {
  sequenceId: 86,
  hyperParameters: {
    value: '{"parameter_id": 86, "parameter_source": "algorithm", "parameters": {"model_type": "LSTM", "units": 16, "num_layers": 1, "dropout": 0, "activation": "relu", "lr": 0.00031622776601683783, "window_size": 2, "batch_size": 32, "epochs": 20, "kernel_size": 2, "attention_heads": 8}, "parameter_index": 0}',
    index: 0
  },
  placementConstraint: { type: 'None', gpus: [] }
}
[2026-05-19 09:46:21] INFO (LocalV3.local) Created trial v5aLq
[2026-05-19 09:46:23] INFO (LocalV3.local) Trial parameter: v5aLq {"parameter_id": 86, "parameter_source": "algorithm", "parameters": {"model_type": "LSTM", "units": 16, "num_layers": 1, "dropout": 0, "activation": "relu", "lr": 0.00031622776601683783, "window_size": 2, "batch_size": 32, "epochs": 20, "kernel_size": 2, "attention_heads": 8}, "parameter_index": 0}
[2026-05-19 09:46:35] INFO (NNIManager) Trial job v5aLq status changed from RUNNING to SUCCEEDED
[2026-05-19 09:46:35] INFO (NNIManager) NNIManager received command from dispatcher: TR, {"parameter_id": 87, "parameter_source": "algorithm", "parameters": {"model_type": "LSTM", "units": 16, "num_layers": 1, "dropout": 0, "activation": "relu", "lr": 0.00031622776601683783, "window_size": 2, "batch_size": 32, "epochs": 20, "kernel_size": 3, "attention_heads": 2}, "parameter_index": 0}
[2026-05-19 09:46:36] INFO (NNIManager) submitTrialJob: form: {
  sequenceId: 87,
  hyperParameters: {
    value: '{"parameter_id": 87, "parameter_source": "algorithm", "parameters": {"model_type": "LSTM", "units": 16, "num_layers": 1, "dropout": 0, "activation": "relu", "lr": 0.00031622776601683783, "window_size": 2, "batch_size": 32, "epochs": 20, "kernel_size": 3, "attention_heads": 2}, "parameter_index": 0}',
    index: 0
  },
  placementConstraint: { type: 'None', gpus: [] }
}
[2026-05-19 09:46:36] INFO (LocalV3.local) Created trial fdy6U
[2026-05-19 09:46:38] INFO (LocalV3.local) Trial parameter: fdy6U {"parameter_id": 87, "parameter_source": "algorithm", "parameters": {"model_type": "LSTM", "units": 16, "num_layers": 1, "dropout": 0, "activation": "relu", "lr": 0.00031622776601683783, "window_size": 2, "batch_size": 32, "epochs": 20, "kernel_size": 3, "attention_heads": 2}, "parameter_index": 0}
[2026-05-19 09:46:50] INFO (NNIManager) Trial job fdy6U status changed from RUNNING to SUCCEEDED
[2026-05-19 09:46:50] INFO (NNIManager) NNIManager received command from dispatcher: TR, {"parameter_id": 88, "parameter_source": "algorithm", "parameters": {"model_type": "LSTM", "units": 16, "num_layers": 1, "dropout": 0, "activation": "relu", "lr": 0.00031622776601683783, "window_size": 2, "batch_size": 32, "epochs": 20, "kernel_size": 3, "attention_heads": 4}, "parameter_index": 0}
[2026-05-19 09:46:50] INFO (NNIManager) submitTrialJob: form: {
  sequenceId: 88,
  hyperParameters: {
    value: '{"parameter_id": 88, "parameter_source": "algorithm", "parameters": {"model_type": "LSTM", "units": 16, "num_layers": 1, "dropout": 0, "activation": "relu", "lr": 0.00031622776601683783, "window_size": 2, "batch_size": 32, "epochs": 20, "kernel_size": 3, "attention_heads": 4}, "parameter_index": 0}',
    index: 0
  },
  placementConstraint: { type: 'None', gpus: [] }
}
[2026-05-19 09:46:50] INFO (LocalV3.local) Created trial hbSMF
[2026-05-19 09:46:54] INFO (LocalV3.local) Trial parameter: hbSMF {"parameter_id": 88, "parameter_source": "algorithm", "parameters": {"model_type": "LSTM", "units": 16, "num_layers": 1, "dropout": 0, "activation": "relu", "lr": 0.00031622776601683783, "window_size": 2, "batch_size": 32, "epochs": 20, "kernel_size": 3, "attention_heads": 4}, "parameter_index": 0}
[2026-05-19 09:47:16] INFO (NNIManager) Trial job hbSMF status changed from RUNNING to SUCCEEDED
[2026-05-19 09:47:16] INFO (NNIManager) NNIManager received command from dispatcher: TR, {"parameter_id": 89, "parameter_source": "algorithm", "parameters": {"model_type": "LSTM", "units": 16, "num_layers": 1, "dropout": 0, "activation": "relu", "lr": 0.00031622776601683783, "window_size": 2, "batch_size": 32, "epochs": 20, "kernel_size": 3, "attention_heads": 8}, "parameter_index": 0}
[2026-05-19 09:47:16] INFO (NNIManager) submitTrialJob: form: {
  sequenceId: 89,
  hyperParameters: {
    value: '{"parameter_id": 89, "parameter_source": "algorithm", "parameters": {"model_type": "LSTM", "units": 16, "num_layers": 1, "dropout": 0, "activation": "relu", "lr": 0.00031622776601683783, "window_size": 2, "batch_size": 32, "epochs": 20, "kernel_size": 3, "attention_heads": 8}, "parameter_index": 0}',
    index: 0
  },
  placementConstraint: { type: 'None', gpus: [] }
}
[2026-05-19 09:47:16] INFO (LocalV3.local) Created trial LqIH9
[2026-05-19 09:47:20] INFO (LocalV3.local) Trial parameter: LqIH9 {"parameter_id": 89, "parameter_source": "algorithm", "parameters": {"model_type": "LSTM", "units": 16, "num_layers": 1, "dropout": 0, "activation": "relu", "lr": 0.00031622776601683783, "window_size": 2, "batch_size": 32, "epochs": 20, "kernel_size": 3, "attention_heads": 8}, "parameter_index": 0}
[2026-05-19 09:47:42] INFO (NNIManager) Trial job LqIH9 status changed from RUNNING to SUCCEEDED
[2026-05-19 09:47:42] INFO (NNIManager) NNIManager received command from dispatcher: TR, {"parameter_id": 90, "parameter_source": "algorithm", "parameters": {"model_type": "LSTM", "units": 16, "num_layers": 1, "dropout": 0, "activation": "relu", "lr": 0.00031622776601683783, "window_size": 2, "batch_size": 32, "epochs": 20, "kernel_size": 5, "attention_heads": 2}, "parameter_index": 0}
[2026-05-19 09:47:42] INFO (NNIManager) submitTrialJob: form: {
  sequenceId: 90,
  hyperParameters: {
    value: '{"parameter_id": 90, "parameter_source": "algorithm", "parameters": {"model_type": "LSTM", "units": 16, "num_layers": 1, "dropout": 0, "activation": "relu", "lr": 0.00031622776601683783, "window_size": 2, "batch_size": 32, "epochs": 20, "kernel_size": 5, "attention_heads": 2}, "parameter_index": 0}',
    index: 0
  },
  placementConstraint: { type: 'None', gpus: [] }
}
[2026-05-19 09:47:42] INFO (LocalV3.local) Created trial OJpvx
[2026-05-19 09:47:46] INFO (LocalV3.local) Trial parameter: OJpvx {"parameter_id": 90, "parameter_source": "algorithm", "parameters": {"model_type": "LSTM", "units": 16, "num_layers": 1, "dropout": 0, "activation": "relu", "lr": 0.00031622776601683783, "window_size": 2, "batch_size": 32, "epochs": 20, "kernel_size": 5, "attention_heads": 2}, "parameter_index": 0}
[2026-05-19 09:48:10] INFO (NNIManager) Trial job OJpvx status changed from RUNNING to SUCCEEDED
[2026-05-19 09:48:10] INFO (NNIManager) NNIManager received command from dispatcher: TR, {"parameter_id": 91, "parameter_source": "algorithm", "parameters": {"model_type": "LSTM", "units": 16, "num_layers": 1, "dropout": 0, "activation": "relu", "lr": 0.00031622776601683783, "window_size": 2, "batch_size": 32, "epochs": 20, "kernel_size": 5, "attention_heads": 4}, "parameter_index": 0}
[2026-05-19 09:48:10] INFO (NNIManager) submitTrialJob: form: {
  sequenceId: 91,
  hyperParameters: {
    value: '{"parameter_id": 91, "parameter_source": "algorithm", "parameters": {"model_type": "LSTM", "units": 16, "num_layers": 1, "dropout": 0, "activation": "relu", "lr": 0.00031622776601683783, "window_size": 2, "batch_size": 32, "epochs": 20, "kernel_size": 5, "attention_heads": 4}, "parameter_index": 0}',
    index: 0
  },
  placementConstraint: { type: 'None', gpus: [] }
}
[2026-05-19 09:48:10] INFO (LocalV3.local) Created trial Bw7AK
[2026-05-19 09:48:14] INFO (LocalV3.local) Trial parameter: Bw7AK {"parameter_id": 91, "parameter_source": "algorithm", "parameters": {"model_type": "LSTM", "units": 16, "num_layers": 1, "dropout": 0, "activation": "relu", "lr": 0.00031622776601683783, "window_size": 2, "batch_size": 32, "epochs": 20, "kernel_size": 5, "attention_heads": 4}, "parameter_index": 0}
[2026-05-19 09:48:37] INFO (NNIManager) Trial job Bw7AK status changed from RUNNING to SUCCEEDED
[2026-05-19 09:48:37] INFO (NNIManager) NNIManager received command from dispatcher: TR, {"parameter_id": 92, "parameter_source": "algorithm", "parameters": {"model_type": "LSTM", "units": 16, "num_layers": 1, "dropout": 0, "activation": "relu", "lr": 0.00031622776601683783, "window_size": 2, "batch_size": 32, "epochs": 20, "kernel_size": 5, "attention_heads": 8}, "parameter_index": 0}
[2026-05-19 09:48:37] INFO (NNIManager) submitTrialJob: form: {
  sequenceId: 92,
  hyperParameters: {
    value: '{"parameter_id": 92, "parameter_source": "algorithm", "parameters": {"model_type": "LSTM", "units": 16, "num_layers": 1, "dropout": 0, "activation": "relu", "lr": 0.00031622776601683783, "window_size": 2, "batch_size": 32, "epochs": 20, "kernel_size": 5, "attention_heads": 8}, "parameter_index": 0}',
    index: 0
  },
  placementConstraint: { type: 'None', gpus: [] }
}
[2026-05-19 09:48:37] INFO (LocalV3.local) Created trial q4lX1
[2026-05-19 09:48:41] INFO (LocalV3.local) Trial parameter: q4lX1 {"parameter_id": 92, "parameter_source": "algorithm", "parameters": {"model_type": "LSTM", "units": 16, "num_layers": 1, "dropout": 0, "activation": "relu", "lr": 0.00031622776601683783, "window_size": 2, "batch_size": 32, "epochs": 20, "kernel_size": 5, "attention_heads": 8}, "parameter_index": 0}
[2026-05-19 09:49:03] INFO (NNIManager) Trial job q4lX1 status changed from RUNNING to SUCCEEDED
[2026-05-19 09:49:03] INFO (NNIManager) NNIManager received command from dispatcher: TR, {"parameter_id": 93, "parameter_source": "algorithm", "parameters": {"model_type": "LSTM", "units": 16, "num_layers": 1, "dropout": 0, "activation": "relu", "lr": 0.00031622776601683783, "window_size": 2, "batch_size": 32, "epochs": 20, "kernel_size": 7, "attention_heads": 2}, "parameter_index": 0}
[2026-05-19 09:49:04] INFO (NNIManager) submitTrialJob: form: {
  sequenceId: 93,
  hyperParameters: {
    value: '{"parameter_id": 93, "parameter_source": "algorithm", "parameters": {"model_type": "LSTM", "units": 16, "num_layers": 1, "dropout": 0, "activation": "relu", "lr": 0.00031622776601683783, "window_size": 2, "batch_size": 32, "epochs": 20, "kernel_size": 7, "attention_heads": 2}, "parameter_index": 0}',
    index: 0
  },
  placementConstraint: { type: 'None', gpus: [] }
}
[2026-05-19 09:49:04] INFO (LocalV3.local) Created trial jET1C
[2026-05-19 09:49:07] INFO (LocalV3.local) Trial parameter: jET1C {"parameter_id": 93, "parameter_source": "algorithm", "parameters": {"model_type": "LSTM", "units": 16, "num_layers": 1, "dropout": 0, "activation": "relu", "lr": 0.00031622776601683783, "window_size": 2, "batch_size": 32, "epochs": 20, "kernel_size": 7, "attention_heads": 2}, "parameter_index": 0}
[2026-05-19 09:49:29] INFO (NNIManager) Trial job jET1C status changed from RUNNING to SUCCEEDED
[2026-05-19 09:49:29] INFO (NNIManager) NNIManager received command from dispatcher: TR, {"parameter_id": 94, "parameter_source": "algorithm", "parameters": {"model_type": "LSTM", "units": 16, "num_layers": 1, "dropout": 0, "activation": "relu", "lr": 0.00031622776601683783, "window_size": 2, "batch_size": 32, "epochs": 20, "kernel_size": 7, "attention_heads": 4}, "parameter_index": 0}
[2026-05-19 09:49:29] INFO (NNIManager) submitTrialJob: form: {
  sequenceId: 94,
  hyperParameters: {
    value: '{"parameter_id": 94, "parameter_source": "algorithm", "parameters": {"model_type": "LSTM", "units": 16, "num_layers": 1, "dropout": 0, "activation": "relu", "lr": 0.00031622776601683783, "window_size": 2, "batch_size": 32, "epochs": 20, "kernel_size": 7, "attention_heads": 4}, "parameter_index": 0}',
    index: 0
  },
  placementConstraint: { type: 'None', gpus: [] }
}
[2026-05-19 09:49:29] INFO (LocalV3.local) Created trial lTUpM
[2026-05-19 09:49:33] INFO (LocalV3.local) Trial parameter: lTUpM {"parameter_id": 94, "parameter_source": "algorithm", "parameters": {"model_type": "LSTM", "units": 16, "num_layers": 1, "dropout": 0, "activation": "relu", "lr": 0.00031622776601683783, "window_size": 2, "batch_size": 32, "epochs": 20, "kernel_size": 7, "attention_heads": 4}, "parameter_index": 0}
[2026-05-19 09:49:55] INFO (NNIManager) Trial job lTUpM status changed from RUNNING to SUCCEEDED
[2026-05-19 09:49:55] INFO (NNIManager) NNIManager received command from dispatcher: TR, {"parameter_id": 95, "parameter_source": "algorithm", "parameters": {"model_type": "LSTM", "units": 16, "num_layers": 1, "dropout": 0, "activation": "relu", "lr": 0.00031622776601683783, "window_size": 2, "batch_size": 32, "epochs": 20, "kernel_size": 7, "attention_heads": 8}, "parameter_index": 0}
[2026-05-19 09:49:55] INFO (NNIManager) submitTrialJob: form: {
  sequenceId: 95,
  hyperParameters: {
    value: '{"parameter_id": 95, "parameter_source": "algorithm", "parameters": {"model_type": "LSTM", "units": 16, "num_layers": 1, "dropout": 0, "activation": "relu", "lr": 0.00031622776601683783, "window_size": 2, "batch_size": 32, "epochs": 20, "kernel_size": 7, "attention_heads": 8}, "parameter_index": 0}',
    index: 0
  },
  placementConstraint: { type: 'None', gpus: [] }
}
[2026-05-19 09:49:55] INFO (LocalV3.local) Created trial ufjnz
[2026-05-19 09:49:58] INFO (LocalV3.local) Trial parameter: ufjnz {"parameter_id": 95, "parameter_source": "algorithm", "parameters": {"model_type": "LSTM", "units": 16, "num_layers": 1, "dropout": 0, "activation": "relu", "lr": 0.00031622776601683783, "window_size": 2, "batch_size": 32, "epochs": 20, "kernel_size": 7, "attention_heads": 8}, "parameter_index": 0}
[2026-05-19 09:50:21] INFO (NNIManager) Trial job ufjnz status changed from RUNNING to SUCCEEDED
[2026-05-19 09:50:21] INFO (NNIManager) NNIManager received command from dispatcher: TR, {"parameter_id": 96, "parameter_source": "algorithm", "parameters": {"model_type": "LSTM", "units": 16, "num_layers": 1, "dropout": 0, "activation": "relu", "lr": 0.00031622776601683783, "window_size": 2, "batch_size": 64, "epochs": 5, "kernel_size": 2, "attention_heads": 2}, "parameter_index": 0}
[2026-05-19 09:50:22] INFO (NNIManager) submitTrialJob: form: {
  sequenceId: 96,
  hyperParameters: {
    value: '{"parameter_id": 96, "parameter_source": "algorithm", "parameters": {"model_type": "LSTM", "units": 16, "num_layers": 1, "dropout": 0, "activation": "relu", "lr": 0.00031622776601683783, "window_size": 2, "batch_size": 64, "epochs": 5, "kernel_size": 2, "attention_heads": 2}, "parameter_index": 0}',
    index: 0
  },
  placementConstraint: { type: 'None', gpus: [] }
}
[2026-05-19 09:50:22] INFO (LocalV3.local) Created trial XMkN4
[2026-05-19 09:50:25] INFO (LocalV3.local) Trial parameter: XMkN4 {"parameter_id": 96, "parameter_source": "algorithm", "parameters": {"model_type": "LSTM", "units": 16, "num_layers": 1, "dropout": 0, "activation": "relu", "lr": 0.00031622776601683783, "window_size": 2, "batch_size": 64, "epochs": 5, "kernel_size": 2, "attention_heads": 2}, "parameter_index": 0}
[2026-05-19 09:50:34] INFO (NNIManager) Trial job XMkN4 status changed from RUNNING to SUCCEEDED
[2026-05-19 09:50:34] INFO (NNIManager) NNIManager received command from dispatcher: TR, {"parameter_id": 97, "parameter_source": "algorithm", "parameters": {"model_type": "LSTM", "units": 16, "num_layers": 1, "dropout": 0, "activation": "relu", "lr": 0.00031622776601683783, "window_size": 2, "batch_size": 64, "epochs": 5, "kernel_size": 2, "attention_heads": 4}, "parameter_index": 0}
[2026-05-19 09:50:35] INFO (NNIManager) submitTrialJob: form: {
  sequenceId: 97,
  hyperParameters: {
    value: '{"parameter_id": 97, "parameter_source": "algorithm", "parameters": {"model_type": "LSTM", "units": 16, "num_layers": 1, "dropout": 0, "activation": "relu", "lr": 0.00031622776601683783, "window_size": 2, "batch_size": 64, "epochs": 5, "kernel_size": 2, "attention_heads": 4}, "parameter_index": 0}',
    index: 0
  },
  placementConstraint: { type: 'None', gpus: [] }
}
[2026-05-19 09:50:35] INFO (LocalV3.local) Created trial pQVyL
[2026-05-19 09:50:38] INFO (LocalV3.local) Trial parameter: pQVyL {"parameter_id": 97, "parameter_source": "algorithm", "parameters": {"model_type": "LSTM", "units": 16, "num_layers": 1, "dropout": 0, "activation": "relu", "lr": 0.00031622776601683783, "window_size": 2, "batch_size": 64, "epochs": 5, "kernel_size": 2, "attention_heads": 4}, "parameter_index": 0}
[2026-05-19 09:50:45] INFO (NNIManager) Trial job pQVyL status changed from RUNNING to SUCCEEDED
[2026-05-19 09:50:45] INFO (NNIManager) NNIManager received command from dispatcher: TR, {"parameter_id": 98, "parameter_source": "algorithm", "parameters": {"model_type": "LSTM", "units": 16, "num_layers": 1, "dropout": 0, "activation": "relu", "lr": 0.00031622776601683783, "window_size": 2, "batch_size": 64, "epochs": 5, "kernel_size": 2, "attention_heads": 8}, "parameter_index": 0}
[2026-05-19 09:50:45] INFO (NNIManager) submitTrialJob: form: {
  sequenceId: 98,
  hyperParameters: {
    value: '{"parameter_id": 98, "parameter_source": "algorithm", "parameters": {"model_type": "LSTM", "units": 16, "num_layers": 1, "dropout": 0, "activation": "relu", "lr": 0.00031622776601683783, "window_size": 2, "batch_size": 64, "epochs": 5, "kernel_size": 2, "attention_heads": 8}, "parameter_index": 0}',
    index: 0
  },
  placementConstraint: { type: 'None', gpus: [] }
}
[2026-05-19 09:50:45] INFO (LocalV3.local) Created trial H8hsB
[2026-05-19 09:50:47] INFO (LocalV3.local) Trial parameter: H8hsB {"parameter_id": 98, "parameter_source": "algorithm", "parameters": {"model_type": "LSTM", "units": 16, "num_layers": 1, "dropout": 0, "activation": "relu", "lr": 0.00031622776601683783, "window_size": 2, "batch_size": 64, "epochs": 5, "kernel_size": 2, "attention_heads": 8}, "parameter_index": 0}
[2026-05-19 09:50:52] INFO (NNIManager) Trial job H8hsB status changed from RUNNING to SUCCEEDED
[2026-05-19 09:50:52] INFO (NNIManager) NNIManager received command from dispatcher: TR, {"parameter_id": 99, "parameter_source": "algorithm", "parameters": {"model_type": "LSTM", "units": 16, "num_layers": 1, "dropout": 0, "activation": "relu", "lr": 0.00031622776601683783, "window_size": 2, "batch_size": 64, "epochs": 5, "kernel_size": 3, "attention_heads": 2}, "parameter_index": 0}
[2026-05-19 09:50:53] INFO (NNIManager) submitTrialJob: form: {
  sequenceId: 99,
  hyperParameters: {
    value: '{"parameter_id": 99, "parameter_source": "algorithm", "parameters": {"model_type": "LSTM", "units": 16, "num_layers": 1, "dropout": 0, "activation": "relu", "lr": 0.00031622776601683783, "window_size": 2, "batch_size": 64, "epochs": 5, "kernel_size": 3, "attention_heads": 2}, "parameter_index": 0}',
    index: 0
  },
  placementConstraint: { type: 'None', gpus: [] }
}
[2026-05-19 09:50:53] INFO (LocalV3.local) Created trial MJOIK
[2026-05-19 09:50:55] INFO (LocalV3.local) Trial parameter: MJOIK {"parameter_id": 99, "parameter_source": "algorithm", "parameters": {"model_type": "LSTM", "units": 16, "num_layers": 1, "dropout": 0, "activation": "relu", "lr": 0.00031622776601683783, "window_size": 2, "batch_size": 64, "epochs": 5, "kernel_size": 3, "attention_heads": 2}, "parameter_index": 0}
[2026-05-19 09:51:00] INFO (NNIManager) Trial job MJOIK status changed from RUNNING to SUCCEEDED
[2026-05-19 09:51:00] INFO (NNIManager) NNIManager received command from dispatcher: TR, {"parameter_id": 100, "parameter_source": "algorithm", "parameters": {"model_type": "LSTM", "units": 16, "num_layers": 1, "dropout": 0, "activation": "relu", "lr": 0.00031622776601683783, "window_size": 2, "batch_size": 64, "epochs": 5, "kernel_size": 3, "attention_heads": 4}, "parameter_index": 0}
[2026-05-19 09:51:00] INFO (NNIManager) submitTrialJob: form: {
  sequenceId: 100,
  hyperParameters: {
    value: '{"parameter_id": 100, "parameter_source": "algorithm", "parameters": {"model_type": "LSTM", "units": 16, "num_layers": 1, "dropout": 0, "activation": "relu", "lr": 0.00031622776601683783, "window_size": 2, "batch_size": 64, "epochs": 5, "kernel_size": 3, "attention_heads": 4}, "parameter_index": 0}',
    index: 0
  },
  placementConstraint: { type: 'None', gpus: [] }
}
[2026-05-19 09:51:00] INFO (LocalV3.local) Created trial Y2cL3
[2026-05-19 09:51:03] INFO (LocalV3.local) Trial parameter: Y2cL3 {"parameter_id": 100, "parameter_source": "algorithm", "parameters": {"model_type": "LSTM", "units": 16, "num_layers": 1, "dropout": 0, "activation": "relu", "lr": 0.00031622776601683783, "window_size": 2, "batch_size": 64, "epochs": 5, "kernel_size": 3, "attention_heads": 4}, "parameter_index": 0}
[2026-05-19 09:51:08] INFO (NNIManager) Trial job Y2cL3 status changed from RUNNING to SUCCEEDED
[2026-05-19 09:51:08] INFO (NNIManager) NNIManager received command from dispatcher: TR, {"parameter_id": 101, "parameter_source": "algorithm", "parameters": {"model_type": "LSTM", "units": 16, "num_layers": 1, "dropout": 0, "activation": "relu", "lr": 0.00031622776601683783, "window_size": 2, "batch_size": 64, "epochs": 5, "kernel_size": 3, "attention_heads": 8}, "parameter_index": 0}
[2026-05-19 09:51:08] INFO (NNIManager) submitTrialJob: form: {
  sequenceId: 101,
  hyperParameters: {
    value: '{"parameter_id": 101, "parameter_source": "algorithm", "parameters": {"model_type": "LSTM", "units": 16, "num_layers": 1, "dropout": 0, "activation": "relu", "lr": 0.00031622776601683783, "window_size": 2, "batch_size": 64, "epochs": 5, "kernel_size": 3, "attention_heads": 8}, "parameter_index": 0}',
    index: 0
  },
  placementConstraint: { type: 'None', gpus: [] }
}
[2026-05-19 09:51:08] INFO (LocalV3.local) Created trial FDmZC
[2026-05-19 09:51:10] INFO (LocalV3.local) Trial parameter: FDmZC {"parameter_id": 101, "parameter_source": "algorithm", "parameters": {"model_type": "LSTM", "units": 16, "num_layers": 1, "dropout": 0, "activation": "relu", "lr": 0.00031622776601683783, "window_size": 2, "batch_size": 64, "epochs": 5, "kernel_size": 3, "attention_heads": 8}, "parameter_index": 0}
[2026-05-19 09:51:14] INFO (NNIManager) Trial job FDmZC status changed from RUNNING to SUCCEEDED
[2026-05-19 09:51:14] INFO (NNIManager) NNIManager received command from dispatcher: TR, {"parameter_id": 102, "parameter_source": "algorithm", "parameters": {"model_type": "LSTM", "units": 16, "num_layers": 1, "dropout": 0, "activation": "relu", "lr": 0.00031622776601683783, "window_size": 2, "batch_size": 64, "epochs": 5, "kernel_size": 5, "attention_heads": 2}, "parameter_index": 0}
[2026-05-19 09:51:15] INFO (NNIManager) submitTrialJob: form: {
  sequenceId: 102,
  hyperParameters: {
    value: '{"parameter_id": 102, "parameter_source": "algorithm", "parameters": {"model_type": "LSTM", "units": 16, "num_layers": 1, "dropout": 0, "activation": "relu", "lr": 0.00031622776601683783, "window_size": 2, "batch_size": 64, "epochs": 5, "kernel_size": 5, "attention_heads": 2}, "parameter_index": 0}',
    index: 0
  },
  placementConstraint: { type: 'None', gpus: [] }
}
[2026-05-19 09:51:15] INFO (LocalV3.local) Created trial WY9Ss
[2026-05-19 09:51:17] INFO (LocalV3.local) Trial parameter: WY9Ss {"parameter_id": 102, "parameter_source": "algorithm", "parameters": {"model_type": "LSTM", "units": 16, "num_layers": 1, "dropout": 0, "activation": "relu", "lr": 0.00031622776601683783, "window_size": 2, "batch_size": 64, "epochs": 5, "kernel_size": 5, "attention_heads": 2}, "parameter_index": 0}
[2026-05-19 09:51:20] INFO (NNIManager) Trial job WY9Ss status changed from RUNNING to SUCCEEDED
[2026-05-19 09:51:20] INFO (NNIManager) NNIManager received command from dispatcher: TR, {"parameter_id": 103, "parameter_source": "algorithm", "parameters": {"model_type": "LSTM", "units": 16, "num_layers": 1, "dropout": 0, "activation": "relu", "lr": 0.00031622776601683783, "window_size": 2, "batch_size": 64, "epochs": 5, "kernel_size": 5, "attention_heads": 4}, "parameter_index": 0}
[2026-05-19 09:51:21] INFO (NNIManager) submitTrialJob: form: {
  sequenceId: 103,
  hyperParameters: {
    value: '{"parameter_id": 103, "parameter_source": "algorithm", "parameters": {"model_type": "LSTM", "units": 16, "num_layers": 1, "dropout": 0, "activation": "relu", "lr": 0.00031622776601683783, "window_size": 2, "batch_size": 64, "epochs": 5, "kernel_size": 5, "attention_heads": 4}, "parameter_index": 0}',
    index: 0
  },
  placementConstraint: { type: 'None', gpus: [] }
}
[2026-05-19 09:51:21] INFO (LocalV3.local) Created trial gbXSd
[2026-05-19 09:51:23] INFO (LocalV3.local) Trial parameter: gbXSd {"parameter_id": 103, "parameter_source": "algorithm", "parameters": {"model_type": "LSTM", "units": 16, "num_layers": 1, "dropout": 0, "activation": "relu", "lr": 0.00031622776601683783, "window_size": 2, "batch_size": 64, "epochs": 5, "kernel_size": 5, "attention_heads": 4}, "parameter_index": 0}
[2026-05-19 09:51:27] INFO (NNIManager) Trial job gbXSd status changed from RUNNING to SUCCEEDED
[2026-05-19 09:51:27] INFO (NNIManager) NNIManager received command from dispatcher: TR, {"parameter_id": 104, "parameter_source": "algorithm", "parameters": {"model_type": "LSTM", "units": 16, "num_layers": 1, "dropout": 0, "activation": "relu", "lr": 0.00031622776601683783, "window_size": 2, "batch_size": 64, "epochs": 5, "kernel_size": 5, "attention_heads": 8}, "parameter_index": 0}
[2026-05-19 09:51:28] INFO (NNIManager) submitTrialJob: form: {
  sequenceId: 104,
  hyperParameters: {
    value: '{"parameter_id": 104, "parameter_source": "algorithm", "parameters": {"model_type": "LSTM", "units": 16, "num_layers": 1, "dropout": 0, "activation": "relu", "lr": 0.00031622776601683783, "window_size": 2, "batch_size": 64, "epochs": 5, "kernel_size": 5, "attention_heads": 8}, "parameter_index": 0}',
    index: 0
  },
  placementConstraint: { type: 'None', gpus: [] }
}
[2026-05-19 09:51:28] INFO (LocalV3.local) Created trial gDDRo
[2026-05-19 09:51:30] INFO (LocalV3.local) Trial parameter: gDDRo {"parameter_id": 104, "parameter_source": "algorithm", "parameters": {"model_type": "LSTM", "units": 16, "num_layers": 1, "dropout": 0, "activation": "relu", "lr": 0.00031622776601683783, "window_size": 2, "batch_size": 64, "epochs": 5, "kernel_size": 5, "attention_heads": 8}, "parameter_index": 0}
[2026-05-19 09:51:35] INFO (NNIManager) Trial job gDDRo status changed from RUNNING to SUCCEEDED
[2026-05-19 09:51:35] INFO (NNIManager) NNIManager received command from dispatcher: TR, {"parameter_id": 105, "parameter_source": "algorithm", "parameters": {"model_type": "LSTM", "units": 16, "num_layers": 1, "dropout": 0, "activation": "relu", "lr": 0.00031622776601683783, "window_size": 2, "batch_size": 64, "epochs": 5, "kernel_size": 7, "attention_heads": 2}, "parameter_index": 0}
[2026-05-19 09:51:35] INFO (NNIManager) submitTrialJob: form: {
  sequenceId: 105,
  hyperParameters: {
    value: '{"parameter_id": 105, "parameter_source": "algorithm", "parameters": {"model_type": "LSTM", "units": 16, "num_layers": 1, "dropout": 0, "activation": "relu", "lr": 0.00031622776601683783, "window_size": 2, "batch_size": 64, "epochs": 5, "kernel_size": 7, "attention_heads": 2}, "parameter_index": 0}',
    index: 0
  },
  placementConstraint: { type: 'None', gpus: [] }
}
[2026-05-19 09:51:35] INFO (LocalV3.local) Created trial Ldk1S
[2026-05-19 09:51:37] INFO (LocalV3.local) Trial parameter: Ldk1S {"parameter_id": 105, "parameter_source": "algorithm", "parameters": {"model_type": "LSTM", "units": 16, "num_layers": 1, "dropout": 0, "activation": "relu", "lr": 0.00031622776601683783, "window_size": 2, "batch_size": 64, "epochs": 5, "kernel_size": 7, "attention_heads": 2}, "parameter_index": 0}
[2026-05-19 09:51:41] INFO (NNIManager) Trial job Ldk1S status changed from RUNNING to SUCCEEDED
[2026-05-19 09:51:41] INFO (NNIManager) NNIManager received command from dispatcher: TR, {"parameter_id": 106, "parameter_source": "algorithm", "parameters": {"model_type": "LSTM", "units": 16, "num_layers": 1, "dropout": 0, "activation": "relu", "lr": 0.00031622776601683783, "window_size": 2, "batch_size": 64, "epochs": 5, "kernel_size": 7, "attention_heads": 4}, "parameter_index": 0}
[2026-05-19 09:51:41] INFO (NNIManager) submitTrialJob: form: {
  sequenceId: 106,
  hyperParameters: {
    value: '{"parameter_id": 106, "parameter_source": "algorithm", "parameters": {"model_type": "LSTM", "units": 16, "num_layers": 1, "dropout": 0, "activation": "relu", "lr": 0.00031622776601683783, "window_size": 2, "batch_size": 64, "epochs": 5, "kernel_size": 7, "attention_heads": 4}, "parameter_index": 0}',
    index: 0
  },
  placementConstraint: { type: 'None', gpus: [] }
}
[2026-05-19 09:51:41] INFO (LocalV3.local) Created trial XsGw5
[2026-05-19 09:51:43] INFO (LocalV3.local) Trial parameter: XsGw5 {"parameter_id": 106, "parameter_source": "algorithm", "parameters": {"model_type": "LSTM", "units": 16, "num_layers": 1, "dropout": 0, "activation": "relu", "lr": 0.00031622776601683783, "window_size": 2, "batch_size": 64, "epochs": 5, "kernel_size": 7, "attention_heads": 4}, "parameter_index": 0}
[2026-05-19 09:51:48] INFO (NNIManager) Trial job XsGw5 status changed from RUNNING to SUCCEEDED
[2026-05-19 09:51:48] INFO (NNIManager) NNIManager received command from dispatcher: TR, {"parameter_id": 107, "parameter_source": "algorithm", "parameters": {"model_type": "LSTM", "units": 16, "num_layers": 1, "dropout": 0, "activation": "relu", "lr": 0.00031622776601683783, "window_size": 2, "batch_size": 64, "epochs": 5, "kernel_size": 7, "attention_heads": 8}, "parameter_index": 0}
[2026-05-19 09:51:48] INFO (NNIManager) submitTrialJob: form: {
  sequenceId: 107,
  hyperParameters: {
    value: '{"parameter_id": 107, "parameter_source": "algorithm", "parameters": {"model_type": "LSTM", "units": 16, "num_layers": 1, "dropout": 0, "activation": "relu", "lr": 0.00031622776601683783, "window_size": 2, "batch_size": 64, "epochs": 5, "kernel_size": 7, "attention_heads": 8}, "parameter_index": 0}',
    index: 0
  },
  placementConstraint: { type: 'None', gpus: [] }
}
[2026-05-19 09:51:48] INFO (LocalV3.local) Created trial bqi50
[2026-05-19 09:51:50] INFO (LocalV3.local) Trial parameter: bqi50 {"parameter_id": 107, "parameter_source": "algorithm", "parameters": {"model_type": "LSTM", "units": 16, "num_layers": 1, "dropout": 0, "activation": "relu", "lr": 0.00031622776601683783, "window_size": 2, "batch_size": 64, "epochs": 5, "kernel_size": 7, "attention_heads": 8}, "parameter_index": 0}
[2026-05-19 09:51:54] INFO (NNIManager) Trial job bqi50 status changed from RUNNING to SUCCEEDED
[2026-05-19 09:51:54] INFO (NNIManager) NNIManager received command from dispatcher: TR, {"parameter_id": 108, "parameter_source": "algorithm", "parameters": {"model_type": "LSTM", "units": 16, "num_layers": 1, "dropout": 0, "activation": "relu", "lr": 0.00031622776601683783, "window_size": 2, "batch_size": 64, "epochs": 10, "kernel_size": 2, "attention_heads": 2}, "parameter_index": 0}
[2026-05-19 09:51:55] INFO (NNIManager) submitTrialJob: form: {
  sequenceId: 108,
  hyperParameters: {
    value: '{"parameter_id": 108, "parameter_source": "algorithm", "parameters": {"model_type": "LSTM", "units": 16, "num_layers": 1, "dropout": 0, "activation": "relu", "lr": 0.00031622776601683783, "window_size": 2, "batch_size": 64, "epochs": 10, "kernel_size": 2, "attention_heads": 2}, "parameter_index": 0}',
    index: 0
  },
  placementConstraint: { type: 'None', gpus: [] }
}
[2026-05-19 09:51:55] INFO (LocalV3.local) Created trial rdtUF
[2026-05-19 09:51:57] INFO (LocalV3.local) Trial parameter: rdtUF {"parameter_id": 108, "parameter_source": "algorithm", "parameters": {"model_type": "LSTM", "units": 16, "num_layers": 1, "dropout": 0, "activation": "relu", "lr": 0.00031622776601683783, "window_size": 2, "batch_size": 64, "epochs": 10, "kernel_size": 2, "attention_heads": 2}, "parameter_index": 0}
[2026-05-19 09:52:02] INFO (NNIManager) Trial job rdtUF status changed from RUNNING to SUCCEEDED
[2026-05-19 09:52:02] INFO (NNIManager) NNIManager received command from dispatcher: TR, {"parameter_id": 109, "parameter_source": "algorithm", "parameters": {"model_type": "LSTM", "units": 16, "num_layers": 1, "dropout": 0, "activation": "relu", "lr": 0.00031622776601683783, "window_size": 2, "batch_size": 64, "epochs": 10, "kernel_size": 2, "attention_heads": 4}, "parameter_index": 0}
[2026-05-19 09:52:03] INFO (NNIManager) submitTrialJob: form: {
  sequenceId: 109,
  hyperParameters: {
    value: '{"parameter_id": 109, "parameter_source": "algorithm", "parameters": {"model_type": "LSTM", "units": 16, "num_layers": 1, "dropout": 0, "activation": "relu", "lr": 0.00031622776601683783, "window_size": 2, "batch_size": 64, "epochs": 10, "kernel_size": 2, "attention_heads": 4}, "parameter_index": 0}',
    index: 0
  },
  placementConstraint: { type: 'None', gpus: [] }
}
[2026-05-19 09:52:03] INFO (LocalV3.local) Created trial TxM3F
[2026-05-19 09:52:04] INFO (LocalV3.local) Trial parameter: TxM3F {"parameter_id": 109, "parameter_source": "algorithm", "parameters": {"model_type": "LSTM", "units": 16, "num_layers": 1, "dropout": 0, "activation": "relu", "lr": 0.00031622776601683783, "window_size": 2, "batch_size": 64, "epochs": 10, "kernel_size": 2, "attention_heads": 4}, "parameter_index": 0}
[2026-05-19 09:52:10] INFO (NNIManager) Trial job TxM3F status changed from RUNNING to SUCCEEDED
[2026-05-19 09:52:10] INFO (NNIManager) NNIManager received command from dispatcher: TR, {"parameter_id": 110, "parameter_source": "algorithm", "parameters": {"model_type": "LSTM", "units": 16, "num_layers": 1, "dropout": 0, "activation": "relu", "lr": 0.00031622776601683783, "window_size": 2, "batch_size": 64, "epochs": 10, "kernel_size": 2, "attention_heads": 8}, "parameter_index": 0}
[2026-05-19 09:52:10] INFO (NNIManager) submitTrialJob: form: {
  sequenceId: 110,
  hyperParameters: {
    value: '{"parameter_id": 110, "parameter_source": "algorithm", "parameters": {"model_type": "LSTM", "units": 16, "num_layers": 1, "dropout": 0, "activation": "relu", "lr": 0.00031622776601683783, "window_size": 2, "batch_size": 64, "epochs": 10, "kernel_size": 2, "attention_heads": 8}, "parameter_index": 0}',
    index: 0
  },
  placementConstraint: { type: 'None', gpus: [] }
}
[2026-05-19 09:52:10] INFO (LocalV3.local) Created trial r7zDQ
[2026-05-19 09:52:12] INFO (LocalV3.local) Trial parameter: r7zDQ {"parameter_id": 110, "parameter_source": "algorithm", "parameters": {"model_type": "LSTM", "units": 16, "num_layers": 1, "dropout": 0, "activation": "relu", "lr": 0.00031622776601683783, "window_size": 2, "batch_size": 64, "epochs": 10, "kernel_size": 2, "attention_heads": 8}, "parameter_index": 0}
[2026-05-19 09:52:17] INFO (NNIManager) Trial job r7zDQ status changed from RUNNING to SUCCEEDED
[2026-05-19 09:52:17] INFO (NNIManager) NNIManager received command from dispatcher: TR, {"parameter_id": 111, "parameter_source": "algorithm", "parameters": {"model_type": "LSTM", "units": 16, "num_layers": 1, "dropout": 0, "activation": "relu", "lr": 0.00031622776601683783, "window_size": 2, "batch_size": 64, "epochs": 10, "kernel_size": 3, "attention_heads": 2}, "parameter_index": 0}
[2026-05-19 09:52:18] INFO (NNIManager) submitTrialJob: form: {
  sequenceId: 111,
  hyperParameters: {
    value: '{"parameter_id": 111, "parameter_source": "algorithm", "parameters": {"model_type": "LSTM", "units": 16, "num_layers": 1, "dropout": 0, "activation": "relu", "lr": 0.00031622776601683783, "window_size": 2, "batch_size": 64, "epochs": 10, "kernel_size": 3, "attention_heads": 2}, "parameter_index": 0}',
    index: 0
  },
  placementConstraint: { type: 'None', gpus: [] }
}
[2026-05-19 09:52:18] INFO (LocalV3.local) Created trial zC49q
[2026-05-19 09:52:20] INFO (LocalV3.local) Trial parameter: zC49q {"parameter_id": 111, "parameter_source": "algorithm", "parameters": {"model_type": "LSTM", "units": 16, "num_layers": 1, "dropout": 0, "activation": "relu", "lr": 0.00031622776601683783, "window_size": 2, "batch_size": 64, "epochs": 10, "kernel_size": 3, "attention_heads": 2}, "parameter_index": 0}
[2026-05-19 09:52:25] INFO (NNIManager) Trial job zC49q status changed from RUNNING to SUCCEEDED
[2026-05-19 09:52:25] INFO (NNIManager) NNIManager received command from dispatcher: TR, {"parameter_id": 112, "parameter_source": "algorithm", "parameters": {"model_type": "LSTM", "units": 16, "num_layers": 1, "dropout": 0, "activation": "relu", "lr": 0.00031622776601683783, "window_size": 2, "batch_size": 64, "epochs": 10, "kernel_size": 3, "attention_heads": 4}, "parameter_index": 0}
[2026-05-19 09:52:25] INFO (NNIManager) submitTrialJob: form: {
  sequenceId: 112,
  hyperParameters: {
    value: '{"parameter_id": 112, "parameter_source": "algorithm", "parameters": {"model_type": "LSTM", "units": 16, "num_layers": 1, "dropout": 0, "activation": "relu", "lr": 0.00031622776601683783, "window_size": 2, "batch_size": 64, "epochs": 10, "kernel_size": 3, "attention_heads": 4}, "parameter_index": 0}',
    index: 0
  },
  placementConstraint: { type: 'None', gpus: [] }
}
[2026-05-19 09:52:25] INFO (LocalV3.local) Created trial ReJ1T
[2026-05-19 09:52:27] INFO (LocalV3.local) Trial parameter: ReJ1T {"parameter_id": 112, "parameter_source": "algorithm", "parameters": {"model_type": "LSTM", "units": 16, "num_layers": 1, "dropout": 0, "activation": "relu", "lr": 0.00031622776601683783, "window_size": 2, "batch_size": 64, "epochs": 10, "kernel_size": 3, "attention_heads": 4}, "parameter_index": 0}
[2026-05-19 09:52:33] INFO (NNIManager) Trial job ReJ1T status changed from RUNNING to SUCCEEDED
[2026-05-19 09:52:33] INFO (NNIManager) NNIManager received command from dispatcher: TR, {"parameter_id": 113, "parameter_source": "algorithm", "parameters": {"model_type": "LSTM", "units": 16, "num_layers": 1, "dropout": 0, "activation": "relu", "lr": 0.00031622776601683783, "window_size": 2, "batch_size": 64, "epochs": 10, "kernel_size": 3, "attention_heads": 8}, "parameter_index": 0}
[2026-05-19 09:52:33] INFO (NNIManager) submitTrialJob: form: {
  sequenceId: 113,
  hyperParameters: {
    value: '{"parameter_id": 113, "parameter_source": "algorithm", "parameters": {"model_type": "LSTM", "units": 16, "num_layers": 1, "dropout": 0, "activation": "relu", "lr": 0.00031622776601683783, "window_size": 2, "batch_size": 64, "epochs": 10, "kernel_size": 3, "attention_heads": 8}, "parameter_index": 0}',
    index: 0
  },
  placementConstraint: { type: 'None', gpus: [] }
}
[2026-05-19 09:52:33] INFO (LocalV3.local) Created trial OjMvx
[2026-05-19 09:52:35] INFO (LocalV3.local) Trial parameter: OjMvx {"parameter_id": 113, "parameter_source": "algorithm", "parameters": {"model_type": "LSTM", "units": 16, "num_layers": 1, "dropout": 0, "activation": "relu", "lr": 0.00031622776601683783, "window_size": 2, "batch_size": 64, "epochs": 10, "kernel_size": 3, "attention_heads": 8}, "parameter_index": 0}
[2026-05-19 09:52:40] INFO (NNIManager) Trial job OjMvx status changed from RUNNING to SUCCEEDED
[2026-05-19 09:52:40] INFO (NNIManager) NNIManager received command from dispatcher: TR, {"parameter_id": 114, "parameter_source": "algorithm", "parameters": {"model_type": "LSTM", "units": 16, "num_layers": 1, "dropout": 0, "activation": "relu", "lr": 0.00031622776601683783, "window_size": 2, "batch_size": 64, "epochs": 10, "kernel_size": 5, "attention_heads": 2}, "parameter_index": 0}
[2026-05-19 09:52:40] INFO (NNIManager) submitTrialJob: form: {
  sequenceId: 114,
  hyperParameters: {
    value: '{"parameter_id": 114, "parameter_source": "algorithm", "parameters": {"model_type": "LSTM", "units": 16, "num_layers": 1, "dropout": 0, "activation": "relu", "lr": 0.00031622776601683783, "window_size": 2, "batch_size": 64, "epochs": 10, "kernel_size": 5, "attention_heads": 2}, "parameter_index": 0}',
    index: 0
  },
  placementConstraint: { type: 'None', gpus: [] }
}
[2026-05-19 09:52:40] INFO (LocalV3.local) Created trial ArRmA
[2026-05-19 09:52:42] INFO (LocalV3.local) Trial parameter: ArRmA {"parameter_id": 114, "parameter_source": "algorithm", "parameters": {"model_type": "LSTM", "units": 16, "num_layers": 1, "dropout": 0, "activation": "relu", "lr": 0.00031622776601683783, "window_size": 2, "batch_size": 64, "epochs": 10, "kernel_size": 5, "attention_heads": 2}, "parameter_index": 0}
[2026-05-19 09:52:47] INFO (NNIManager) Trial job ArRmA status changed from RUNNING to SUCCEEDED
[2026-05-19 09:52:47] INFO (NNIManager) NNIManager received command from dispatcher: TR, {"parameter_id": 115, "parameter_source": "algorithm", "parameters": {"model_type": "LSTM", "units": 16, "num_layers": 1, "dropout": 0, "activation": "relu", "lr": 0.00031622776601683783, "window_size": 2, "batch_size": 64, "epochs": 10, "kernel_size": 5, "attention_heads": 4}, "parameter_index": 0}
[2026-05-19 09:52:48] INFO (NNIManager) submitTrialJob: form: {
  sequenceId: 115,
  hyperParameters: {
    value: '{"parameter_id": 115, "parameter_source": "algorithm", "parameters": {"model_type": "LSTM", "units": 16, "num_layers": 1, "dropout": 0, "activation": "relu", "lr": 0.00031622776601683783, "window_size": 2, "batch_size": 64, "epochs": 10, "kernel_size": 5, "attention_heads": 4}, "parameter_index": 0}',
    index: 0
  },
  placementConstraint: { type: 'None', gpus: [] }
}
[2026-05-19 09:52:48] INFO (LocalV3.local) Created trial Sywi4
[2026-05-19 09:52:50] INFO (LocalV3.local) Trial parameter: Sywi4 {"parameter_id": 115, "parameter_source": "algorithm", "parameters": {"model_type": "LSTM", "units": 16, "num_layers": 1, "dropout": 0, "activation": "relu", "lr": 0.00031622776601683783, "window_size": 2, "batch_size": 64, "epochs": 10, "kernel_size": 5, "attention_heads": 4}, "parameter_index": 0}
[2026-05-19 09:52:55] INFO (NNIManager) Trial job Sywi4 status changed from RUNNING to SUCCEEDED
[2026-05-19 09:52:55] INFO (NNIManager) NNIManager received command from dispatcher: TR, {"parameter_id": 116, "parameter_source": "algorithm", "parameters": {"model_type": "LSTM", "units": 16, "num_layers": 1, "dropout": 0, "activation": "relu", "lr": 0.00031622776601683783, "window_size": 2, "batch_size": 64, "epochs": 10, "kernel_size": 5, "attention_heads": 8}, "parameter_index": 0}
[2026-05-19 09:52:55] INFO (NNIManager) submitTrialJob: form: {
  sequenceId: 116,
  hyperParameters: {
    value: '{"parameter_id": 116, "parameter_source": "algorithm", "parameters": {"model_type": "LSTM", "units": 16, "num_layers": 1, "dropout": 0, "activation": "relu", "lr": 0.00031622776601683783, "window_size": 2, "batch_size": 64, "epochs": 10, "kernel_size": 5, "attention_heads": 8}, "parameter_index": 0}',
    index: 0
  },
  placementConstraint: { type: 'None', gpus: [] }
}
[2026-05-19 09:52:55] INFO (LocalV3.local) Created trial bLEP8
[2026-05-19 09:52:57] INFO (LocalV3.local) Trial parameter: bLEP8 {"parameter_id": 116, "parameter_source": "algorithm", "parameters": {"model_type": "LSTM", "units": 16, "num_layers": 1, "dropout": 0, "activation": "relu", "lr": 0.00031622776601683783, "window_size": 2, "batch_size": 64, "epochs": 10, "kernel_size": 5, "attention_heads": 8}, "parameter_index": 0}
[2026-05-19 09:53:03] INFO (NNIManager) Trial job bLEP8 status changed from RUNNING to SUCCEEDED
[2026-05-19 09:53:03] INFO (NNIManager) NNIManager received command from dispatcher: TR, {"parameter_id": 117, "parameter_source": "algorithm", "parameters": {"model_type": "LSTM", "units": 16, "num_layers": 1, "dropout": 0, "activation": "relu", "lr": 0.00031622776601683783, "window_size": 2, "batch_size": 64, "epochs": 10, "kernel_size": 7, "attention_heads": 2}, "parameter_index": 0}
[2026-05-19 09:53:03] INFO (NNIManager) submitTrialJob: form: {
  sequenceId: 117,
  hyperParameters: {
    value: '{"parameter_id": 117, "parameter_source": "algorithm", "parameters": {"model_type": "LSTM", "units": 16, "num_layers": 1, "dropout": 0, "activation": "relu", "lr": 0.00031622776601683783, "window_size": 2, "batch_size": 64, "epochs": 10, "kernel_size": 7, "attention_heads": 2}, "parameter_index": 0}',
    index: 0
  },
  placementConstraint: { type: 'None', gpus: [] }
}
[2026-05-19 09:53:03] INFO (LocalV3.local) Created trial HMgKC
[2026-05-19 09:53:05] INFO (LocalV3.local) Trial parameter: HMgKC {"parameter_id": 117, "parameter_source": "algorithm", "parameters": {"model_type": "LSTM", "units": 16, "num_layers": 1, "dropout": 0, "activation": "relu", "lr": 0.00031622776601683783, "window_size": 2, "batch_size": 64, "epochs": 10, "kernel_size": 7, "attention_heads": 2}, "parameter_index": 0}
[2026-05-19 09:53:10] INFO (NNIManager) Trial job HMgKC status changed from RUNNING to SUCCEEDED
[2026-05-19 09:53:10] INFO (NNIManager) NNIManager received command from dispatcher: TR, {"parameter_id": 118, "parameter_source": "algorithm", "parameters": {"model_type": "LSTM", "units": 16, "num_layers": 1, "dropout": 0, "activation": "relu", "lr": 0.00031622776601683783, "window_size": 2, "batch_size": 64, "epochs": 10, "kernel_size": 7, "attention_heads": 4}, "parameter_index": 0}
[2026-05-19 09:53:11] INFO (NNIManager) submitTrialJob: form: {
  sequenceId: 118,
  hyperParameters: {
    value: '{"parameter_id": 118, "parameter_source": "algorithm", "parameters": {"model_type": "LSTM", "units": 16, "num_layers": 1, "dropout": 0, "activation": "relu", "lr": 0.00031622776601683783, "window_size": 2, "batch_size": 64, "epochs": 10, "kernel_size": 7, "attention_heads": 4}, "parameter_index": 0}',
    index: 0
  },
  placementConstraint: { type: 'None', gpus: [] }
}
[2026-05-19 09:53:11] INFO (LocalV3.local) Created trial JkFob
[2026-05-19 09:53:13] INFO (LocalV3.local) Trial parameter: JkFob {"parameter_id": 118, "parameter_source": "algorithm", "parameters": {"model_type": "LSTM", "units": 16, "num_layers": 1, "dropout": 0, "activation": "relu", "lr": 0.00031622776601683783, "window_size": 2, "batch_size": 64, "epochs": 10, "kernel_size": 7, "attention_heads": 4}, "parameter_index": 0}
[2026-05-19 09:53:18] INFO (NNIManager) Trial job JkFob status changed from RUNNING to SUCCEEDED
[2026-05-19 09:53:18] INFO (NNIManager) NNIManager received command from dispatcher: TR, {"parameter_id": 119, "parameter_source": "algorithm", "parameters": {"model_type": "LSTM", "units": 16, "num_layers": 1, "dropout": 0, "activation": "relu", "lr": 0.00031622776601683783, "window_size": 2, "batch_size": 64, "epochs": 10, "kernel_size": 7, "attention_heads": 8}, "parameter_index": 0}
[2026-05-19 09:53:19] INFO (NNIManager) submitTrialJob: form: {
  sequenceId: 119,
  hyperParameters: {
    value: '{"parameter_id": 119, "parameter_source": "algorithm", "parameters": {"model_type": "LSTM", "units": 16, "num_layers": 1, "dropout": 0, "activation": "relu", "lr": 0.00031622776601683783, "window_size": 2, "batch_size": 64, "epochs": 10, "kernel_size": 7, "attention_heads": 8}, "parameter_index": 0}',
    index: 0
  },
  placementConstraint: { type: 'None', gpus: [] }
}
[2026-05-19 09:53:19] INFO (LocalV3.local) Created trial irwgH
[2026-05-19 09:53:21] INFO (LocalV3.local) Trial parameter: irwgH {"parameter_id": 119, "parameter_source": "algorithm", "parameters": {"model_type": "LSTM", "units": 16, "num_layers": 1, "dropout": 0, "activation": "relu", "lr": 0.00031622776601683783, "window_size": 2, "batch_size": 64, "epochs": 10, "kernel_size": 7, "attention_heads": 8}, "parameter_index": 0}
[2026-05-19 09:53:26] INFO (NNIManager) Trial job irwgH status changed from RUNNING to SUCCEEDED
[2026-05-19 09:53:26] INFO (NNIManager) NNIManager received command from dispatcher: TR, {"parameter_id": 120, "parameter_source": "algorithm", "parameters": {"model_type": "LSTM", "units": 16, "num_layers": 1, "dropout": 0, "activation": "relu", "lr": 0.00031622776601683783, "window_size": 2, "batch_size": 64, "epochs": 15, "kernel_size": 2, "attention_heads": 2}, "parameter_index": 0}
[2026-05-19 09:53:26] INFO (NNIManager) submitTrialJob: form: {
  sequenceId: 120,
  hyperParameters: {
    value: '{"parameter_id": 120, "parameter_source": "algorithm", "parameters": {"model_type": "LSTM", "units": 16, "num_layers": 1, "dropout": 0, "activation": "relu", "lr": 0.00031622776601683783, "window_size": 2, "batch_size": 64, "epochs": 15, "kernel_size": 2, "attention_heads": 2}, "parameter_index": 0}',
    index: 0
  },
  placementConstraint: { type: 'None', gpus: [] }
}
[2026-05-19 09:53:26] INFO (LocalV3.local) Created trial fMKmi
[2026-05-19 09:53:28] INFO (LocalV3.local) Trial parameter: fMKmi {"parameter_id": 120, "parameter_source": "algorithm", "parameters": {"model_type": "LSTM", "units": 16, "num_layers": 1, "dropout": 0, "activation": "relu", "lr": 0.00031622776601683783, "window_size": 2, "batch_size": 64, "epochs": 15, "kernel_size": 2, "attention_heads": 2}, "parameter_index": 0}
[2026-05-19 09:53:36] INFO (NNIManager) Trial job fMKmi status changed from RUNNING to SUCCEEDED
[2026-05-19 09:53:36] INFO (NNIManager) NNIManager received command from dispatcher: TR, {"parameter_id": 121, "parameter_source": "algorithm", "parameters": {"model_type": "LSTM", "units": 16, "num_layers": 1, "dropout": 0, "activation": "relu", "lr": 0.00031622776601683783, "window_size": 2, "batch_size": 64, "epochs": 15, "kernel_size": 2, "attention_heads": 4}, "parameter_index": 0}
[2026-05-19 09:53:36] INFO (NNIManager) submitTrialJob: form: {
  sequenceId: 121,
  hyperParameters: {
    value: '{"parameter_id": 121, "parameter_source": "algorithm", "parameters": {"model_type": "LSTM", "units": 16, "num_layers": 1, "dropout": 0, "activation": "relu", "lr": 0.00031622776601683783, "window_size": 2, "batch_size": 64, "epochs": 15, "kernel_size": 2, "attention_heads": 4}, "parameter_index": 0}',
    index: 0
  },
  placementConstraint: { type: 'None', gpus: [] }
}
[2026-05-19 09:53:36] INFO (LocalV3.local) Created trial eBNbl
[2026-05-19 09:53:38] INFO (LocalV3.local) Trial parameter: eBNbl {"parameter_id": 121, "parameter_source": "algorithm", "parameters": {"model_type": "LSTM", "units": 16, "num_layers": 1, "dropout": 0, "activation": "relu", "lr": 0.00031622776601683783, "window_size": 2, "batch_size": 64, "epochs": 15, "kernel_size": 2, "attention_heads": 4}, "parameter_index": 0}
[2026-05-19 09:53:46] INFO (NNIManager) Trial job eBNbl status changed from RUNNING to SUCCEEDED
[2026-05-19 09:53:46] INFO (NNIManager) NNIManager received command from dispatcher: TR, {"parameter_id": 122, "parameter_source": "algorithm", "parameters": {"model_type": "LSTM", "units": 16, "num_layers": 1, "dropout": 0, "activation": "relu", "lr": 0.00031622776601683783, "window_size": 2, "batch_size": 64, "epochs": 15, "kernel_size": 2, "attention_heads": 8}, "parameter_index": 0}
[2026-05-19 09:53:47] INFO (NNIManager) submitTrialJob: form: {
  sequenceId: 122,
  hyperParameters: {
    value: '{"parameter_id": 122, "parameter_source": "algorithm", "parameters": {"model_type": "LSTM", "units": 16, "num_layers": 1, "dropout": 0, "activation": "relu", "lr": 0.00031622776601683783, "window_size": 2, "batch_size": 64, "epochs": 15, "kernel_size": 2, "attention_heads": 8}, "parameter_index": 0}',
    index: 0
  },
  placementConstraint: { type: 'None', gpus: [] }
}
[2026-05-19 09:53:47] INFO (LocalV3.local) Created trial jkeSB
[2026-05-19 09:53:49] INFO (LocalV3.local) Trial parameter: jkeSB {"parameter_id": 122, "parameter_source": "algorithm", "parameters": {"model_type": "LSTM", "units": 16, "num_layers": 1, "dropout": 0, "activation": "relu", "lr": 0.00031622776601683783, "window_size": 2, "batch_size": 64, "epochs": 15, "kernel_size": 2, "attention_heads": 8}, "parameter_index": 0}
[2026-05-19 09:53:56] INFO (NNIManager) Trial job jkeSB status changed from RUNNING to SUCCEEDED
[2026-05-19 09:53:56] INFO (NNIManager) NNIManager received command from dispatcher: TR, {"parameter_id": 123, "parameter_source": "algorithm", "parameters": {"model_type": "LSTM", "units": 16, "num_layers": 1, "dropout": 0, "activation": "relu", "lr": 0.00031622776601683783, "window_size": 2, "batch_size": 64, "epochs": 15, "kernel_size": 3, "attention_heads": 2}, "parameter_index": 0}
[2026-05-19 09:53:57] INFO (NNIManager) submitTrialJob: form: {
  sequenceId: 123,
  hyperParameters: {
    value: '{"parameter_id": 123, "parameter_source": "algorithm", "parameters": {"model_type": "LSTM", "units": 16, "num_layers": 1, "dropout": 0, "activation": "relu", "lr": 0.00031622776601683783, "window_size": 2, "batch_size": 64, "epochs": 15, "kernel_size": 3, "attention_heads": 2}, "parameter_index": 0}',
    index: 0
  },
  placementConstraint: { type: 'None', gpus: [] }
}
[2026-05-19 09:53:57] INFO (LocalV3.local) Created trial Vj8cw
[2026-05-19 09:53:59] INFO (LocalV3.local) Trial parameter: Vj8cw {"parameter_id": 123, "parameter_source": "algorithm", "parameters": {"model_type": "LSTM", "units": 16, "num_layers": 1, "dropout": 0, "activation": "relu", "lr": 0.00031622776601683783, "window_size": 2, "batch_size": 64, "epochs": 15, "kernel_size": 3, "attention_heads": 2}, "parameter_index": 0}
[2026-05-19 09:54:06] INFO (NNIManager) Trial job Vj8cw status changed from RUNNING to SUCCEEDED
[2026-05-19 09:54:07] INFO (NNIManager) NNIManager received command from dispatcher: TR, {"parameter_id": 124, "parameter_source": "algorithm", "parameters": {"model_type": "LSTM", "units": 16, "num_layers": 1, "dropout": 0, "activation": "relu", "lr": 0.00031622776601683783, "window_size": 2, "batch_size": 64, "epochs": 15, "kernel_size": 3, "attention_heads": 4}, "parameter_index": 0}
[2026-05-19 09:54:07] INFO (NNIManager) submitTrialJob: form: {
  sequenceId: 124,
  hyperParameters: {
    value: '{"parameter_id": 124, "parameter_source": "algorithm", "parameters": {"model_type": "LSTM", "units": 16, "num_layers": 1, "dropout": 0, "activation": "relu", "lr": 0.00031622776601683783, "window_size": 2, "batch_size": 64, "epochs": 15, "kernel_size": 3, "attention_heads": 4}, "parameter_index": 0}',
    index: 0
  },
  placementConstraint: { type: 'None', gpus: [] }
}
[2026-05-19 09:54:07] INFO (LocalV3.local) Created trial vzsOy
[2026-05-19 09:54:10] INFO (LocalV3.local) Trial parameter: vzsOy {"parameter_id": 124, "parameter_source": "algorithm", "parameters": {"model_type": "LSTM", "units": 16, "num_layers": 1, "dropout": 0, "activation": "relu", "lr": 0.00031622776601683783, "window_size": 2, "batch_size": 64, "epochs": 15, "kernel_size": 3, "attention_heads": 4}, "parameter_index": 0}
[2026-05-19 09:54:18] INFO (NNIManager) Trial job vzsOy status changed from RUNNING to SUCCEEDED
[2026-05-19 09:54:18] INFO (NNIManager) NNIManager received command from dispatcher: TR, {"parameter_id": 125, "parameter_source": "algorithm", "parameters": {"model_type": "LSTM", "units": 16, "num_layers": 1, "dropout": 0, "activation": "relu", "lr": 0.00031622776601683783, "window_size": 2, "batch_size": 64, "epochs": 15, "kernel_size": 3, "attention_heads": 8}, "parameter_index": 0}
[2026-05-19 09:54:18] INFO (NNIManager) submitTrialJob: form: {
  sequenceId: 125,
  hyperParameters: {
    value: '{"parameter_id": 125, "parameter_source": "algorithm", "parameters": {"model_type": "LSTM", "units": 16, "num_layers": 1, "dropout": 0, "activation": "relu", "lr": 0.00031622776601683783, "window_size": 2, "batch_size": 64, "epochs": 15, "kernel_size": 3, "attention_heads": 8}, "parameter_index": 0}',
    index: 0
  },
  placementConstraint: { type: 'None', gpus: [] }
}
[2026-05-19 09:54:18] INFO (LocalV3.local) Created trial Ou0MZ
[2026-05-19 09:54:20] INFO (LocalV3.local) Trial parameter: Ou0MZ {"parameter_id": 125, "parameter_source": "algorithm", "parameters": {"model_type": "LSTM", "units": 16, "num_layers": 1, "dropout": 0, "activation": "relu", "lr": 0.00031622776601683783, "window_size": 2, "batch_size": 64, "epochs": 15, "kernel_size": 3, "attention_heads": 8}, "parameter_index": 0}
[2026-05-19 09:54:27] INFO (NNIManager) Trial job Ou0MZ status changed from RUNNING to SUCCEEDED
[2026-05-19 09:54:27] INFO (NNIManager) NNIManager received command from dispatcher: TR, {"parameter_id": 126, "parameter_source": "algorithm", "parameters": {"model_type": "LSTM", "units": 16, "num_layers": 1, "dropout": 0, "activation": "relu", "lr": 0.00031622776601683783, "window_size": 2, "batch_size": 64, "epochs": 15, "kernel_size": 5, "attention_heads": 2}, "parameter_index": 0}
[2026-05-19 09:54:27] INFO (NNIManager) submitTrialJob: form: {
  sequenceId: 126,
  hyperParameters: {
    value: '{"parameter_id": 126, "parameter_source": "algorithm", "parameters": {"model_type": "LSTM", "units": 16, "num_layers": 1, "dropout": 0, "activation": "relu", "lr": 0.00031622776601683783, "window_size": 2, "batch_size": 64, "epochs": 15, "kernel_size": 5, "attention_heads": 2}, "parameter_index": 0}',
    index: 0
  },
  placementConstraint: { type: 'None', gpus: [] }
}
[2026-05-19 09:54:27] INFO (LocalV3.local) Created trial BxTnL
[2026-05-19 09:54:29] INFO (LocalV3.local) Trial parameter: BxTnL {"parameter_id": 126, "parameter_source": "algorithm", "parameters": {"model_type": "LSTM", "units": 16, "num_layers": 1, "dropout": 0, "activation": "relu", "lr": 0.00031622776601683783, "window_size": 2, "batch_size": 64, "epochs": 15, "kernel_size": 5, "attention_heads": 2}, "parameter_index": 0}
[2026-05-19 09:54:37] INFO (NNIManager) Trial job BxTnL status changed from RUNNING to SUCCEEDED
[2026-05-19 09:54:37] INFO (NNIManager) NNIManager received command from dispatcher: TR, {"parameter_id": 127, "parameter_source": "algorithm", "parameters": {"model_type": "LSTM", "units": 16, "num_layers": 1, "dropout": 0, "activation": "relu", "lr": 0.00031622776601683783, "window_size": 2, "batch_size": 64, "epochs": 15, "kernel_size": 5, "attention_heads": 4}, "parameter_index": 0}
[2026-05-19 09:54:38] INFO (NNIManager) submitTrialJob: form: {
  sequenceId: 127,
  hyperParameters: {
    value: '{"parameter_id": 127, "parameter_source": "algorithm", "parameters": {"model_type": "LSTM", "units": 16, "num_layers": 1, "dropout": 0, "activation": "relu", "lr": 0.00031622776601683783, "window_size": 2, "batch_size": 64, "epochs": 15, "kernel_size": 5, "attention_heads": 4}, "parameter_index": 0}',
    index: 0
  },
  placementConstraint: { type: 'None', gpus: [] }
}
[2026-05-19 09:54:38] INFO (LocalV3.local) Created trial RAdZW
[2026-05-19 09:54:40] INFO (LocalV3.local) Trial parameter: RAdZW {"parameter_id": 127, "parameter_source": "algorithm", "parameters": {"model_type": "LSTM", "units": 16, "num_layers": 1, "dropout": 0, "activation": "relu", "lr": 0.00031622776601683783, "window_size": 2, "batch_size": 64, "epochs": 15, "kernel_size": 5, "attention_heads": 4}, "parameter_index": 0}
[2026-05-19 09:54:46] INFO (NNIManager) Trial job RAdZW status changed from RUNNING to SUCCEEDED
[2026-05-19 09:54:46] INFO (NNIManager) NNIManager received command from dispatcher: TR, {"parameter_id": 128, "parameter_source": "algorithm", "parameters": {"model_type": "LSTM", "units": 16, "num_layers": 1, "dropout": 0, "activation": "relu", "lr": 0.00031622776601683783, "window_size": 2, "batch_size": 64, "epochs": 15, "kernel_size": 5, "attention_heads": 8}, "parameter_index": 0}
[2026-05-19 09:54:47] INFO (NNIManager) submitTrialJob: form: {
  sequenceId: 128,
  hyperParameters: {
    value: '{"parameter_id": 128, "parameter_source": "algorithm", "parameters": {"model_type": "LSTM", "units": 16, "num_layers": 1, "dropout": 0, "activation": "relu", "lr": 0.00031622776601683783, "window_size": 2, "batch_size": 64, "epochs": 15, "kernel_size": 5, "attention_heads": 8}, "parameter_index": 0}',
    index: 0
  },
  placementConstraint: { type: 'None', gpus: [] }
}
[2026-05-19 09:54:47] INFO (LocalV3.local) Created trial fSYqi
[2026-05-19 09:54:49] INFO (LocalV3.local) Trial parameter: fSYqi {"parameter_id": 128, "parameter_source": "algorithm", "parameters": {"model_type": "LSTM", "units": 16, "num_layers": 1, "dropout": 0, "activation": "relu", "lr": 0.00031622776601683783, "window_size": 2, "batch_size": 64, "epochs": 15, "kernel_size": 5, "attention_heads": 8}, "parameter_index": 0}
[2026-05-19 09:54:58] INFO (NNIManager) Trial job fSYqi status changed from RUNNING to SUCCEEDED
[2026-05-19 09:54:58] INFO (NNIManager) NNIManager received command from dispatcher: TR, {"parameter_id": 129, "parameter_source": "algorithm", "parameters": {"model_type": "LSTM", "units": 16, "num_layers": 1, "dropout": 0, "activation": "relu", "lr": 0.00031622776601683783, "window_size": 2, "batch_size": 64, "epochs": 15, "kernel_size": 7, "attention_heads": 2}, "parameter_index": 0}
[2026-05-19 09:54:58] INFO (NNIManager) submitTrialJob: form: {
  sequenceId: 129,
  hyperParameters: {
    value: '{"parameter_id": 129, "parameter_source": "algorithm", "parameters": {"model_type": "LSTM", "units": 16, "num_layers": 1, "dropout": 0, "activation": "relu", "lr": 0.00031622776601683783, "window_size": 2, "batch_size": 64, "epochs": 15, "kernel_size": 7, "attention_heads": 2}, "parameter_index": 0}',
    index: 0
  },
  placementConstraint: { type: 'None', gpus: [] }
}
[2026-05-19 09:54:58] INFO (LocalV3.local) Created trial aInp5
[2026-05-19 09:55:00] INFO (LocalV3.local) Trial parameter: aInp5 {"parameter_id": 129, "parameter_source": "algorithm", "parameters": {"model_type": "LSTM", "units": 16, "num_layers": 1, "dropout": 0, "activation": "relu", "lr": 0.00031622776601683783, "window_size": 2, "batch_size": 64, "epochs": 15, "kernel_size": 7, "attention_heads": 2}, "parameter_index": 0}
[2026-05-19 09:55:09] INFO (NNIManager) Trial job aInp5 status changed from RUNNING to SUCCEEDED
[2026-05-19 09:55:09] INFO (NNIManager) NNIManager received command from dispatcher: TR, {"parameter_id": 130, "parameter_source": "algorithm", "parameters": {"model_type": "LSTM", "units": 16, "num_layers": 1, "dropout": 0, "activation": "relu", "lr": 0.00031622776601683783, "window_size": 2, "batch_size": 64, "epochs": 15, "kernel_size": 7, "attention_heads": 4}, "parameter_index": 0}
[2026-05-19 09:55:10] INFO (NNIManager) submitTrialJob: form: {
  sequenceId: 130,
  hyperParameters: {
    value: '{"parameter_id": 130, "parameter_source": "algorithm", "parameters": {"model_type": "LSTM", "units": 16, "num_layers": 1, "dropout": 0, "activation": "relu", "lr": 0.00031622776601683783, "window_size": 2, "batch_size": 64, "epochs": 15, "kernel_size": 7, "attention_heads": 4}, "parameter_index": 0}',
    index: 0
  },
  placementConstraint: { type: 'None', gpus: [] }
}
[2026-05-19 09:55:10] INFO (LocalV3.local) Created trial Qlycw
[2026-05-19 09:55:12] INFO (LocalV3.local) Trial parameter: Qlycw {"parameter_id": 130, "parameter_source": "algorithm", "parameters": {"model_type": "LSTM", "units": 16, "num_layers": 1, "dropout": 0, "activation": "relu", "lr": 0.00031622776601683783, "window_size": 2, "batch_size": 64, "epochs": 15, "kernel_size": 7, "attention_heads": 4}, "parameter_index": 0}
[2026-05-19 09:55:21] INFO (NNIManager) Trial job Qlycw status changed from RUNNING to SUCCEEDED
[2026-05-19 09:55:21] INFO (NNIManager) NNIManager received command from dispatcher: TR, {"parameter_id": 131, "parameter_source": "algorithm", "parameters": {"model_type": "LSTM", "units": 16, "num_layers": 1, "dropout": 0, "activation": "relu", "lr": 0.00031622776601683783, "window_size": 2, "batch_size": 64, "epochs": 15, "kernel_size": 7, "attention_heads": 8}, "parameter_index": 0}
[2026-05-19 09:55:21] INFO (NNIManager) submitTrialJob: form: {
  sequenceId: 131,
  hyperParameters: {
    value: '{"parameter_id": 131, "parameter_source": "algorithm", "parameters": {"model_type": "LSTM", "units": 16, "num_layers": 1, "dropout": 0, "activation": "relu", "lr": 0.00031622776601683783, "window_size": 2, "batch_size": 64, "epochs": 15, "kernel_size": 7, "attention_heads": 8}, "parameter_index": 0}',
    index: 0
  },
  placementConstraint: { type: 'None', gpus: [] }
}
[2026-05-19 09:55:21] INFO (LocalV3.local) Created trial uknAC
[2026-05-19 09:55:24] INFO (LocalV3.local) Trial parameter: uknAC {"parameter_id": 131, "parameter_source": "algorithm", "parameters": {"model_type": "LSTM", "units": 16, "num_layers": 1, "dropout": 0, "activation": "relu", "lr": 0.00031622776601683783, "window_size": 2, "batch_size": 64, "epochs": 15, "kernel_size": 7, "attention_heads": 8}, "parameter_index": 0}
[2026-05-19 09:55:33] INFO (NNIManager) Trial job uknAC status changed from RUNNING to SUCCEEDED
[2026-05-19 09:55:33] INFO (NNIManager) NNIManager received command from dispatcher: TR, {"parameter_id": 132, "parameter_source": "algorithm", "parameters": {"model_type": "LSTM", "units": 16, "num_layers": 1, "dropout": 0, "activation": "relu", "lr": 0.00031622776601683783, "window_size": 2, "batch_size": 64, "epochs": 20, "kernel_size": 2, "attention_heads": 2}, "parameter_index": 0}
[2026-05-19 09:55:34] INFO (NNIManager) submitTrialJob: form: {
  sequenceId: 132,
  hyperParameters: {
    value: '{"parameter_id": 132, "parameter_source": "algorithm", "parameters": {"model_type": "LSTM", "units": 16, "num_layers": 1, "dropout": 0, "activation": "relu", "lr": 0.00031622776601683783, "window_size": 2, "batch_size": 64, "epochs": 20, "kernel_size": 2, "attention_heads": 2}, "parameter_index": 0}',
    index: 0
  },
  placementConstraint: { type: 'None', gpus: [] }
}
[2026-05-19 09:55:34] INFO (LocalV3.local) Created trial VDXQK
[2026-05-19 09:55:36] INFO (LocalV3.local) Trial parameter: VDXQK {"parameter_id": 132, "parameter_source": "algorithm", "parameters": {"model_type": "LSTM", "units": 16, "num_layers": 1, "dropout": 0, "activation": "relu", "lr": 0.00031622776601683783, "window_size": 2, "batch_size": 64, "epochs": 20, "kernel_size": 2, "attention_heads": 2}, "parameter_index": 0}
[2026-05-19 09:55:45] INFO (NNIManager) Trial job VDXQK status changed from RUNNING to SUCCEEDED
[2026-05-19 09:55:45] INFO (NNIManager) NNIManager received command from dispatcher: TR, {"parameter_id": 133, "parameter_source": "algorithm", "parameters": {"model_type": "LSTM", "units": 16, "num_layers": 1, "dropout": 0, "activation": "relu", "lr": 0.00031622776601683783, "window_size": 2, "batch_size": 64, "epochs": 20, "kernel_size": 2, "attention_heads": 4}, "parameter_index": 0}
[2026-05-19 09:55:46] INFO (NNIManager) submitTrialJob: form: {
  sequenceId: 133,
  hyperParameters: {
    value: '{"parameter_id": 133, "parameter_source": "algorithm", "parameters": {"model_type": "LSTM", "units": 16, "num_layers": 1, "dropout": 0, "activation": "relu", "lr": 0.00031622776601683783, "window_size": 2, "batch_size": 64, "epochs": 20, "kernel_size": 2, "attention_heads": 4}, "parameter_index": 0}',
    index: 0
  },
  placementConstraint: { type: 'None', gpus: [] }
}
[2026-05-19 09:55:46] INFO (LocalV3.local) Created trial AJnAl
[2026-05-19 09:55:48] INFO (LocalV3.local) Trial parameter: AJnAl {"parameter_id": 133, "parameter_source": "algorithm", "parameters": {"model_type": "LSTM", "units": 16, "num_layers": 1, "dropout": 0, "activation": "relu", "lr": 0.00031622776601683783, "window_size": 2, "batch_size": 64, "epochs": 20, "kernel_size": 2, "attention_heads": 4}, "parameter_index": 0}
[2026-05-19 09:55:56] INFO (NNIManager) Trial job AJnAl status changed from RUNNING to SUCCEEDED
[2026-05-19 09:55:56] INFO (NNIManager) NNIManager received command from dispatcher: TR, {"parameter_id": 134, "parameter_source": "algorithm", "parameters": {"model_type": "LSTM", "units": 16, "num_layers": 1, "dropout": 0, "activation": "relu", "lr": 0.00031622776601683783, "window_size": 2, "batch_size": 64, "epochs": 20, "kernel_size": 2, "attention_heads": 8}, "parameter_index": 0}
[2026-05-19 09:55:57] INFO (NNIManager) submitTrialJob: form: {
  sequenceId: 134,
  hyperParameters: {
    value: '{"parameter_id": 134, "parameter_source": "algorithm", "parameters": {"model_type": "LSTM", "units": 16, "num_layers": 1, "dropout": 0, "activation": "relu", "lr": 0.00031622776601683783, "window_size": 2, "batch_size": 64, "epochs": 20, "kernel_size": 2, "attention_heads": 8}, "parameter_index": 0}',
    index: 0
  },
  placementConstraint: { type: 'None', gpus: [] }
}
[2026-05-19 09:55:57] INFO (LocalV3.local) Created trial HQqlv
[2026-05-19 09:56:00] INFO (LocalV3.local) Trial parameter: HQqlv {"parameter_id": 134, "parameter_source": "algorithm", "parameters": {"model_type": "LSTM", "units": 16, "num_layers": 1, "dropout": 0, "activation": "relu", "lr": 0.00031622776601683783, "window_size": 2, "batch_size": 64, "epochs": 20, "kernel_size": 2, "attention_heads": 8}, "parameter_index": 0}
[2026-05-19 09:56:12] INFO (NNIManager) Trial job HQqlv status changed from RUNNING to SUCCEEDED
[2026-05-19 09:56:12] INFO (NNIManager) NNIManager received command from dispatcher: TR, {"parameter_id": 135, "parameter_source": "algorithm", "parameters": {"model_type": "LSTM", "units": 16, "num_layers": 1, "dropout": 0, "activation": "relu", "lr": 0.00031622776601683783, "window_size": 2, "batch_size": 64, "epochs": 20, "kernel_size": 3, "attention_heads": 2}, "parameter_index": 0}
[2026-05-19 09:56:13] INFO (NNIManager) submitTrialJob: form: {
  sequenceId: 135,
  hyperParameters: {
    value: '{"parameter_id": 135, "parameter_source": "algorithm", "parameters": {"model_type": "LSTM", "units": 16, "num_layers": 1, "dropout": 0, "activation": "relu", "lr": 0.00031622776601683783, "window_size": 2, "batch_size": 64, "epochs": 20, "kernel_size": 3, "attention_heads": 2}, "parameter_index": 0}',
    index: 0
  },
  placementConstraint: { type: 'None', gpus: [] }
}
[2026-05-19 09:56:13] INFO (LocalV3.local) Created trial qzGzE
[2026-05-19 09:56:16] INFO (LocalV3.local) Trial parameter: qzGzE {"parameter_id": 135, "parameter_source": "algorithm", "parameters": {"model_type": "LSTM", "units": 16, "num_layers": 1, "dropout": 0, "activation": "relu", "lr": 0.00031622776601683783, "window_size": 2, "batch_size": 64, "epochs": 20, "kernel_size": 3, "attention_heads": 2}, "parameter_index": 0}
[2026-05-19 09:56:28] INFO (NNIManager) Trial job qzGzE status changed from RUNNING to SUCCEEDED
[2026-05-19 09:56:28] INFO (NNIManager) NNIManager received command from dispatcher: TR, {"parameter_id": 136, "parameter_source": "algorithm", "parameters": {"model_type": "LSTM", "units": 16, "num_layers": 1, "dropout": 0, "activation": "relu", "lr": 0.00031622776601683783, "window_size": 2, "batch_size": 64, "epochs": 20, "kernel_size": 3, "attention_heads": 4}, "parameter_index": 0}
[2026-05-19 09:56:28] INFO (NNIManager) submitTrialJob: form: {
  sequenceId: 136,
  hyperParameters: {
    value: '{"parameter_id": 136, "parameter_source": "algorithm", "parameters": {"model_type": "LSTM", "units": 16, "num_layers": 1, "dropout": 0, "activation": "relu", "lr": 0.00031622776601683783, "window_size": 2, "batch_size": 64, "epochs": 20, "kernel_size": 3, "attention_heads": 4}, "parameter_index": 0}',
    index: 0
  },
  placementConstraint: { type: 'None', gpus: [] }
}
[2026-05-19 09:56:28] INFO (LocalV3.local) Created trial Xu2SA
[2026-05-19 09:56:31] INFO (LocalV3.local) Trial parameter: Xu2SA {"parameter_id": 136, "parameter_source": "algorithm", "parameters": {"model_type": "LSTM", "units": 16, "num_layers": 1, "dropout": 0, "activation": "relu", "lr": 0.00031622776601683783, "window_size": 2, "batch_size": 64, "epochs": 20, "kernel_size": 3, "attention_heads": 4}, "parameter_index": 0}
[2026-05-19 09:56:38] INFO (NNIManager) Trial job Xu2SA status changed from RUNNING to SUCCEEDED
[2026-05-19 09:56:38] INFO (NNIManager) NNIManager received command from dispatcher: TR, {"parameter_id": 137, "parameter_source": "algorithm", "parameters": {"model_type": "LSTM", "units": 16, "num_layers": 1, "dropout": 0, "activation": "relu", "lr": 0.00031622776601683783, "window_size": 2, "batch_size": 64, "epochs": 20, "kernel_size": 3, "attention_heads": 8}, "parameter_index": 0}
[2026-05-19 09:56:39] INFO (NNIManager) submitTrialJob: form: {
  sequenceId: 137,
  hyperParameters: {
    value: '{"parameter_id": 137, "parameter_source": "algorithm", "parameters": {"model_type": "LSTM", "units": 16, "num_layers": 1, "dropout": 0, "activation": "relu", "lr": 0.00031622776601683783, "window_size": 2, "batch_size": 64, "epochs": 20, "kernel_size": 3, "attention_heads": 8}, "parameter_index": 0}',
    index: 0
  },
  placementConstraint: { type: 'None', gpus: [] }
}
[2026-05-19 09:56:39] INFO (LocalV3.local) Created trial lEWnL
[2026-05-19 09:56:41] INFO (LocalV3.local) Trial parameter: lEWnL {"parameter_id": 137, "parameter_source": "algorithm", "parameters": {"model_type": "LSTM", "units": 16, "num_layers": 1, "dropout": 0, "activation": "relu", "lr": 0.00031622776601683783, "window_size": 2, "batch_size": 64, "epochs": 20, "kernel_size": 3, "attention_heads": 8}, "parameter_index": 0}
[2026-05-19 09:56:50] INFO (NNIManager) Trial job lEWnL status changed from RUNNING to SUCCEEDED
[2026-05-19 09:56:50] INFO (NNIManager) NNIManager received command from dispatcher: TR, {"parameter_id": 138, "parameter_source": "algorithm", "parameters": {"model_type": "LSTM", "units": 16, "num_layers": 1, "dropout": 0, "activation": "relu", "lr": 0.00031622776601683783, "window_size": 2, "batch_size": 64, "epochs": 20, "kernel_size": 5, "attention_heads": 2}, "parameter_index": 0}
[2026-05-19 09:56:50] INFO (NNIManager) submitTrialJob: form: {
  sequenceId: 138,
  hyperParameters: {
    value: '{"parameter_id": 138, "parameter_source": "algorithm", "parameters": {"model_type": "LSTM", "units": 16, "num_layers": 1, "dropout": 0, "activation": "relu", "lr": 0.00031622776601683783, "window_size": 2, "batch_size": 64, "epochs": 20, "kernel_size": 5, "attention_heads": 2}, "parameter_index": 0}',
    index: 0
  },
  placementConstraint: { type: 'None', gpus: [] }
}
[2026-05-19 09:56:50] INFO (LocalV3.local) Created trial vjxbB
[2026-05-19 09:56:52] INFO (LocalV3.local) Trial parameter: vjxbB {"parameter_id": 138, "parameter_source": "algorithm", "parameters": {"model_type": "LSTM", "units": 16, "num_layers": 1, "dropout": 0, "activation": "relu", "lr": 0.00031622776601683783, "window_size": 2, "batch_size": 64, "epochs": 20, "kernel_size": 5, "attention_heads": 2}, "parameter_index": 0}
[2026-05-19 09:56:59] INFO (NNIManager) Trial job vjxbB status changed from RUNNING to SUCCEEDED
[2026-05-19 09:56:59] INFO (NNIManager) NNIManager received command from dispatcher: TR, {"parameter_id": 139, "parameter_source": "algorithm", "parameters": {"model_type": "LSTM", "units": 16, "num_layers": 1, "dropout": 0, "activation": "relu", "lr": 0.00031622776601683783, "window_size": 2, "batch_size": 64, "epochs": 20, "kernel_size": 5, "attention_heads": 4}, "parameter_index": 0}
[2026-05-19 09:57:00] INFO (NNIManager) submitTrialJob: form: {
  sequenceId: 139,
  hyperParameters: {
    value: '{"parameter_id": 139, "parameter_source": "algorithm", "parameters": {"model_type": "LSTM", "units": 16, "num_layers": 1, "dropout": 0, "activation": "relu", "lr": 0.00031622776601683783, "window_size": 2, "batch_size": 64, "epochs": 20, "kernel_size": 5, "attention_heads": 4}, "parameter_index": 0}',
    index: 0
  },
  placementConstraint: { type: 'None', gpus: [] }
}
[2026-05-19 09:57:00] INFO (LocalV3.local) Created trial JKQ0r
[2026-05-19 09:57:01] INFO (LocalV3.local) Trial parameter: JKQ0r {"parameter_id": 139, "parameter_source": "algorithm", "parameters": {"model_type": "LSTM", "units": 16, "num_layers": 1, "dropout": 0, "activation": "relu", "lr": 0.00031622776601683783, "window_size": 2, "batch_size": 64, "epochs": 20, "kernel_size": 5, "attention_heads": 4}, "parameter_index": 0}
[2026-05-19 09:57:10] INFO (NNIManager) Trial job JKQ0r status changed from RUNNING to SUCCEEDED
[2026-05-19 09:57:10] INFO (NNIManager) NNIManager received command from dispatcher: TR, {"parameter_id": 140, "parameter_source": "algorithm", "parameters": {"model_type": "LSTM", "units": 16, "num_layers": 1, "dropout": 0, "activation": "relu", "lr": 0.00031622776601683783, "window_size": 2, "batch_size": 64, "epochs": 20, "kernel_size": 5, "attention_heads": 8}, "parameter_index": 0}
[2026-05-19 09:57:11] INFO (NNIManager) submitTrialJob: form: {
  sequenceId: 140,
  hyperParameters: {
    value: '{"parameter_id": 140, "parameter_source": "algorithm", "parameters": {"model_type": "LSTM", "units": 16, "num_layers": 1, "dropout": 0, "activation": "relu", "lr": 0.00031622776601683783, "window_size": 2, "batch_size": 64, "epochs": 20, "kernel_size": 5, "attention_heads": 8}, "parameter_index": 0}',
    index: 0
  },
  placementConstraint: { type: 'None', gpus: [] }
}
[2026-05-19 09:57:11] INFO (LocalV3.local) Created trial SfmqK
[2026-05-19 09:57:13] INFO (LocalV3.local) Trial parameter: SfmqK {"parameter_id": 140, "parameter_source": "algorithm", "parameters": {"model_type": "LSTM", "units": 16, "num_layers": 1, "dropout": 0, "activation": "relu", "lr": 0.00031622776601683783, "window_size": 2, "batch_size": 64, "epochs": 20, "kernel_size": 5, "attention_heads": 8}, "parameter_index": 0}
[2026-05-19 09:57:24] INFO (NNIManager) Trial job SfmqK status changed from RUNNING to SUCCEEDED
[2026-05-19 09:57:24] INFO (NNIManager) NNIManager received command from dispatcher: TR, {"parameter_id": 141, "parameter_source": "algorithm", "parameters": {"model_type": "LSTM", "units": 16, "num_layers": 1, "dropout": 0, "activation": "relu", "lr": 0.00031622776601683783, "window_size": 2, "batch_size": 64, "epochs": 20, "kernel_size": 7, "attention_heads": 2}, "parameter_index": 0}
[2026-05-19 09:57:25] INFO (NNIManager) submitTrialJob: form: {
  sequenceId: 141,
  hyperParameters: {
    value: '{"parameter_id": 141, "parameter_source": "algorithm", "parameters": {"model_type": "LSTM", "units": 16, "num_layers": 1, "dropout": 0, "activation": "relu", "lr": 0.00031622776601683783, "window_size": 2, "batch_size": 64, "epochs": 20, "kernel_size": 7, "attention_heads": 2}, "parameter_index": 0}',
    index: 0
  },
  placementConstraint: { type: 'None', gpus: [] }
}
[2026-05-19 09:57:25] INFO (LocalV3.local) Created trial HSfRA
[2026-05-19 09:57:27] INFO (NNIManager) Change NNIManager status from: RUNNING to: NO_MORE_TRIAL
[2026-05-19 09:57:27] INFO (LocalV3.local) Trial parameter: HSfRA {"parameter_id": 141, "parameter_source": "algorithm", "parameters": {"model_type": "LSTM", "units": 16, "num_layers": 1, "dropout": 0, "activation": "relu", "lr": 0.00031622776601683783, "window_size": 2, "batch_size": 64, "epochs": 20, "kernel_size": 7, "attention_heads": 2}, "parameter_index": 0}
[2026-05-19 09:57:34] INFO (ShutdownManager) Initiate shutdown: SIGTERM
[2026-05-19 09:57:34] INFO (RestServer) Stopping REST server.
[2026-05-19 09:57:34] INFO (NNIManager) Change NNIManager status from: NO_MORE_TRIAL to: STOPPING
[2026-05-19 09:57:34] INFO (NNIManager) Stopping experiment, cleaning up ...
[2026-05-19 09:57:34] INFO (RestServer) REST server stopped.
[2026-05-19 09:57:37] INFO (LocalV3.local) All trials stopped
[2026-05-19 09:57:37] INFO (NNIManager) Change NNIManager status from: STOPPING to: STOPPED
[2026-05-19 09:57:37] INFO (NNIManager) Experiment stopped.
[2026-05-19 09:57:37] INFO (NNITensorboardManager) Forced stopping all tensorboard task.
[2026-05-19 09:57:37] INFO (NNITensorboardManager) All tensorboard task stopped.
[2026-05-19 09:57:37] INFO (NNITensorboardManager) Tensorboard manager stopped.
[2026-05-19 09:57:37] INFO (ShutdownManager) Shutdown complete.
