[2026-05-19 18:59:18] INFO (main) Start NNI manager
[2026-05-19 18:59:18] INFO (RestServer) Starting REST server at port 8244, URL prefix: "/"
[2026-05-19 18:59:18] INFO (RestServer) REST server started.
[2026-05-19 18:59:18] INFO (NNIDataStore) Datastore initialization done
[2026-05-19 18:59:19] INFO (NNIManager) Starting experiment: q85dm41o
[2026-05-19 18:59:19] INFO (NNIManager) Setup training service...
[2026-05-19 18:59:19] INFO (NNIManager) Setup tuner...
[2026-05-19 18:59:19] INFO (NNIManager) Change NNIManager status from: INITIALIZED to: RUNNING
[2026-05-19 18:59:20] INFO (NNIManager) Add event listeners
[2026-05-19 18:59:20] INFO (LocalV3.local) Start
[2026-05-19 18:59:20] INFO (NNIManager) NNIManager received command from dispatcher: ID, 
[2026-05-19 18:59:20] INFO (NNIManager) NNIManager received command from dispatcher: TR, {"parameter_id": 0, "parameter_source": "algorithm", "parameters": {"model_type": "CNN", "units": 64, "num_layers": 1, "dropout": 0.3, "activation": "elu", "lr": 0.004334202741651115, "window_size": 27, "batch_size": 32, "epochs": 15, "kernel_size": 3, "attention_heads": 8}, "parameter_index": 0}
[2026-05-19 18:59:20] INFO (NNIManager) submitTrialJob: form: {
  sequenceId: 0,
  hyperParameters: {
    value: '{"parameter_id": 0, "parameter_source": "algorithm", "parameters": {"model_type": "CNN", "units": 64, "num_layers": 1, "dropout": 0.3, "activation": "elu", "lr": 0.004334202741651115, "window_size": 27, "batch_size": 32, "epochs": 15, "kernel_size": 3, "attention_heads": 8}, "parameter_index": 0}',
    index: 0
  },
  placementConstraint: { type: 'None', gpus: [] }
}
[2026-05-19 18:59:20] INFO (LocalV3.local) Register directory trial_code = /home/meliani/Desktop/phd/fast-track
[2026-05-19 18:59:20] INFO (LocalV3.local) Created trial K1kiw
[2026-05-19 18:59:22] INFO (LocalV3.local) Trial parameter: K1kiw {"parameter_id": 0, "parameter_source": "algorithm", "parameters": {"model_type": "CNN", "units": 64, "num_layers": 1, "dropout": 0.3, "activation": "elu", "lr": 0.004334202741651115, "window_size": 27, "batch_size": 32, "epochs": 15, "kernel_size": 3, "attention_heads": 8}, "parameter_index": 0}
[2026-05-19 18:59:29] INFO (NNIManager) Trial job K1kiw status changed from RUNNING to SUCCEEDED
[2026-05-19 18:59:29] INFO (NNIManager) NNIManager received command from dispatcher: TR, {"parameter_id": 1, "parameter_source": "algorithm", "parameters": {"model_type": "CNN", "units": 128, "num_layers": 1, "dropout": 0.2, "activation": "tanh", "lr": 1.1665919646923958e-05, "window_size": 18, "batch_size": 32, "epochs": 15, "kernel_size": 2, "attention_heads": 8}, "parameter_index": 0}
[2026-05-19 18:59:29] INFO (NNIManager) submitTrialJob: form: {
  sequenceId: 1,
  hyperParameters: {
    value: '{"parameter_id": 1, "parameter_source": "algorithm", "parameters": {"model_type": "CNN", "units": 128, "num_layers": 1, "dropout": 0.2, "activation": "tanh", "lr": 1.1665919646923958e-05, "window_size": 18, "batch_size": 32, "epochs": 15, "kernel_size": 2, "attention_heads": 8}, "parameter_index": 0}',
    index: 0
  },
  placementConstraint: { type: 'None', gpus: [] }
}
[2026-05-19 18:59:29] INFO (LocalV3.local) Created trial n9VxP
[2026-05-19 18:59:31] INFO (LocalV3.local) Trial parameter: n9VxP {"parameter_id": 1, "parameter_source": "algorithm", "parameters": {"model_type": "CNN", "units": 128, "num_layers": 1, "dropout": 0.2, "activation": "tanh", "lr": 1.1665919646923958e-05, "window_size": 18, "batch_size": 32, "epochs": 15, "kernel_size": 2, "attention_heads": 8}, "parameter_index": 0}
[2026-05-19 18:59:38] INFO (NNIManager) Trial job n9VxP status changed from RUNNING to SUCCEEDED
[2026-05-19 18:59:38] INFO (NNIManager) NNIManager received command from dispatcher: TR, {"parameter_id": 2, "parameter_source": "algorithm", "parameters": {"model_type": "TCN", "units": 16, "num_layers": 4, "dropout": 0.2, "activation": "sigmoid", "lr": 0.0036155401596391946, "window_size": 26, "batch_size": 64, "epochs": 20, "kernel_size": 5, "attention_heads": 4}, "parameter_index": 0}
[2026-05-19 18:59:39] INFO (NNIManager) submitTrialJob: form: {
  sequenceId: 2,
  hyperParameters: {
    value: '{"parameter_id": 2, "parameter_source": "algorithm", "parameters": {"model_type": "TCN", "units": 16, "num_layers": 4, "dropout": 0.2, "activation": "sigmoid", "lr": 0.0036155401596391946, "window_size": 26, "batch_size": 64, "epochs": 20, "kernel_size": 5, "attention_heads": 4}, "parameter_index": 0}',
    index: 0
  },
  placementConstraint: { type: 'None', gpus: [] }
}
[2026-05-19 18:59:39] INFO (LocalV3.local) Created trial VNCL9
[2026-05-19 18:59:40] INFO (LocalV3.local) Trial parameter: VNCL9 {"parameter_id": 2, "parameter_source": "algorithm", "parameters": {"model_type": "TCN", "units": 16, "num_layers": 4, "dropout": 0.2, "activation": "sigmoid", "lr": 0.0036155401596391946, "window_size": 26, "batch_size": 64, "epochs": 20, "kernel_size": 5, "attention_heads": 4}, "parameter_index": 0}
[2026-05-19 18:59:50] INFO (NNIManager) Trial job VNCL9 status changed from RUNNING to SUCCEEDED
[2026-05-19 18:59:50] INFO (NNIManager) NNIManager received command from dispatcher: TR, {"parameter_id": 3, "parameter_source": "algorithm", "parameters": {"model_type": "RNN", "units": 64, "num_layers": 4, "dropout": 0.3, "activation": "tanh", "lr": 0.001090169522669805, "window_size": 24, "batch_size": 64, "epochs": 15, "kernel_size": 3, "attention_heads": 2}, "parameter_index": 0}
[2026-05-19 18:59:50] INFO (NNIManager) submitTrialJob: form: {
  sequenceId: 3,
  hyperParameters: {
    value: '{"parameter_id": 3, "parameter_source": "algorithm", "parameters": {"model_type": "RNN", "units": 64, "num_layers": 4, "dropout": 0.3, "activation": "tanh", "lr": 0.001090169522669805, "window_size": 24, "batch_size": 64, "epochs": 15, "kernel_size": 3, "attention_heads": 2}, "parameter_index": 0}',
    index: 0
  },
  placementConstraint: { type: 'None', gpus: [] }
}
[2026-05-19 18:59:50] INFO (LocalV3.local) Created trial taQXn
[2026-05-19 18:59:52] INFO (LocalV3.local) Trial parameter: taQXn {"parameter_id": 3, "parameter_source": "algorithm", "parameters": {"model_type": "RNN", "units": 64, "num_layers": 4, "dropout": 0.3, "activation": "tanh", "lr": 0.001090169522669805, "window_size": 24, "batch_size": 64, "epochs": 15, "kernel_size": 3, "attention_heads": 2}, "parameter_index": 0}
[2026-05-19 19:00:13] INFO (NNIManager) Trial job taQXn status changed from RUNNING to SUCCEEDED
[2026-05-19 19:00:13] INFO (NNIManager) NNIManager received command from dispatcher: TR, {"parameter_id": 4, "parameter_source": "algorithm", "parameters": {"model_type": "TCN", "units": 32, "num_layers": 3, "dropout": 0.1, "activation": "tanh", "lr": 7.128949343596058e-05, "window_size": 8, "batch_size": 64, "epochs": 20, "kernel_size": 7, "attention_heads": 2}, "parameter_index": 0}
[2026-05-19 19:00:14] INFO (NNIManager) submitTrialJob: form: {
  sequenceId: 4,
  hyperParameters: {
    value: '{"parameter_id": 4, "parameter_source": "algorithm", "parameters": {"model_type": "TCN", "units": 32, "num_layers": 3, "dropout": 0.1, "activation": "tanh", "lr": 7.128949343596058e-05, "window_size": 8, "batch_size": 64, "epochs": 20, "kernel_size": 7, "attention_heads": 2}, "parameter_index": 0}',
    index: 0
  },
  placementConstraint: { type: 'None', gpus: [] }
}
[2026-05-19 19:00:14] INFO (LocalV3.local) Created trial tYoBJ
[2026-05-19 19:00:16] INFO (LocalV3.local) Trial parameter: tYoBJ {"parameter_id": 4, "parameter_source": "algorithm", "parameters": {"model_type": "TCN", "units": 32, "num_layers": 3, "dropout": 0.1, "activation": "tanh", "lr": 7.128949343596058e-05, "window_size": 8, "batch_size": 64, "epochs": 20, "kernel_size": 7, "attention_heads": 2}, "parameter_index": 0}
[2026-05-19 19:00:24] INFO (NNIManager) Trial job tYoBJ status changed from RUNNING to SUCCEEDED
[2026-05-19 19:00:24] INFO (NNIManager) NNIManager received command from dispatcher: TR, {"parameter_id": 5, "parameter_source": "algorithm", "parameters": {"model_type": "TCN", "units": 256, "num_layers": 1, "dropout": 0.2, "activation": "elu", "lr": 0.0011080814154674642, "window_size": 8, "batch_size": 16, "epochs": 10, "kernel_size": 5, "attention_heads": 2}, "parameter_index": 0}
[2026-05-19 19:00:24] INFO (NNIManager) submitTrialJob: form: {
  sequenceId: 5,
  hyperParameters: {
    value: '{"parameter_id": 5, "parameter_source": "algorithm", "parameters": {"model_type": "TCN", "units": 256, "num_layers": 1, "dropout": 0.2, "activation": "elu", "lr": 0.0011080814154674642, "window_size": 8, "batch_size": 16, "epochs": 10, "kernel_size": 5, "attention_heads": 2}, "parameter_index": 0}',
    index: 0
  },
  placementConstraint: { type: 'None', gpus: [] }
}
[2026-05-19 19:00:24] INFO (LocalV3.local) Created trial Hb4zp
[2026-05-19 19:00:26] INFO (LocalV3.local) Trial parameter: Hb4zp {"parameter_id": 5, "parameter_source": "algorithm", "parameters": {"model_type": "TCN", "units": 256, "num_layers": 1, "dropout": 0.2, "activation": "elu", "lr": 0.0011080814154674642, "window_size": 8, "batch_size": 16, "epochs": 10, "kernel_size": 5, "attention_heads": 2}, "parameter_index": 0}
[2026-05-19 19:00:33] INFO (NNIManager) Trial job Hb4zp status changed from RUNNING to SUCCEEDED
[2026-05-19 19:00:33] INFO (NNIManager) NNIManager received command from dispatcher: TR, {"parameter_id": 6, "parameter_source": "algorithm", "parameters": {"model_type": "LSTM", "units": 64, "num_layers": 3, "dropout": 0.5, "activation": "elu", "lr": 0.005831395960642333, "window_size": 11, "batch_size": 128, "epochs": 10, "kernel_size": 5, "attention_heads": 4}, "parameter_index": 0}
[2026-05-19 19:00:33] INFO (NNIManager) submitTrialJob: form: {
  sequenceId: 6,
  hyperParameters: {
    value: '{"parameter_id": 6, "parameter_source": "algorithm", "parameters": {"model_type": "LSTM", "units": 64, "num_layers": 3, "dropout": 0.5, "activation": "elu", "lr": 0.005831395960642333, "window_size": 11, "batch_size": 128, "epochs": 10, "kernel_size": 5, "attention_heads": 4}, "parameter_index": 0}',
    index: 0
  },
  placementConstraint: { type: 'None', gpus: [] }
}
[2026-05-19 19:00:33] INFO (LocalV3.local) Created trial Rxp91
[2026-05-19 19:00:35] INFO (LocalV3.local) Trial parameter: Rxp91 {"parameter_id": 6, "parameter_source": "algorithm", "parameters": {"model_type": "LSTM", "units": 64, "num_layers": 3, "dropout": 0.5, "activation": "elu", "lr": 0.005831395960642333, "window_size": 11, "batch_size": 128, "epochs": 10, "kernel_size": 5, "attention_heads": 4}, "parameter_index": 0}
[2026-05-19 19:00:50] INFO (NNIManager) Trial job Rxp91 status changed from RUNNING to SUCCEEDED
[2026-05-19 19:00:50] INFO (NNIManager) NNIManager received command from dispatcher: TR, {"parameter_id": 7, "parameter_source": "algorithm", "parameters": {"model_type": "LSTM", "units": 64, "num_layers": 4, "dropout": 0.1, "activation": "relu", "lr": 0.0016090842949907098, "window_size": 17, "batch_size": 32, "epochs": 5, "kernel_size": 5, "attention_heads": 8}, "parameter_index": 0}
[2026-05-19 19:00:50] INFO (NNIManager) submitTrialJob: form: {
  sequenceId: 7,
  hyperParameters: {
    value: '{"parameter_id": 7, "parameter_source": "algorithm", "parameters": {"model_type": "LSTM", "units": 64, "num_layers": 4, "dropout": 0.1, "activation": "relu", "lr": 0.0016090842949907098, "window_size": 17, "batch_size": 32, "epochs": 5, "kernel_size": 5, "attention_heads": 8}, "parameter_index": 0}',
    index: 0
  },
  placementConstraint: { type: 'None', gpus: [] }
}
[2026-05-19 19:00:50] INFO (LocalV3.local) Created trial OYRFB
[2026-05-19 19:00:52] INFO (LocalV3.local) Trial parameter: OYRFB {"parameter_id": 7, "parameter_source": "algorithm", "parameters": {"model_type": "LSTM", "units": 64, "num_layers": 4, "dropout": 0.1, "activation": "relu", "lr": 0.0016090842949907098, "window_size": 17, "batch_size": 32, "epochs": 5, "kernel_size": 5, "attention_heads": 8}, "parameter_index": 0}
[2026-05-19 19:01:14] INFO (NNIManager) Trial job OYRFB status changed from RUNNING to SUCCEEDED
[2026-05-19 19:01:14] INFO (NNIManager) NNIManager received command from dispatcher: TR, {"parameter_id": 8, "parameter_source": "algorithm", "parameters": {"model_type": "RNN", "units": 64, "num_layers": 2, "dropout": 0.5, "activation": "sigmoid", "lr": 0.003937417719600985, "window_size": 4, "batch_size": 32, "epochs": 20, "kernel_size": 2, "attention_heads": 4}, "parameter_index": 0}
[2026-05-19 19:01:14] INFO (NNIManager) submitTrialJob: form: {
  sequenceId: 8,
  hyperParameters: {
    value: '{"parameter_id": 8, "parameter_source": "algorithm", "parameters": {"model_type": "RNN", "units": 64, "num_layers": 2, "dropout": 0.5, "activation": "sigmoid", "lr": 0.003937417719600985, "window_size": 4, "batch_size": 32, "epochs": 20, "kernel_size": 2, "attention_heads": 4}, "parameter_index": 0}',
    index: 0
  },
  placementConstraint: { type: 'None', gpus: [] }
}
[2026-05-19 19:01:14] INFO (LocalV3.local) Created trial kjLVE
[2026-05-19 19:01:16] INFO (LocalV3.local) Trial parameter: kjLVE {"parameter_id": 8, "parameter_source": "algorithm", "parameters": {"model_type": "RNN", "units": 64, "num_layers": 2, "dropout": 0.5, "activation": "sigmoid", "lr": 0.003937417719600985, "window_size": 4, "batch_size": 32, "epochs": 20, "kernel_size": 2, "attention_heads": 4}, "parameter_index": 0}
[2026-05-19 19:01:28] INFO (NNIManager) Trial job kjLVE status changed from RUNNING to SUCCEEDED
[2026-05-19 19:01:28] INFO (NNIManager) NNIManager received command from dispatcher: TR, {"parameter_id": 9, "parameter_source": "algorithm", "parameters": {"model_type": "RNN", "units": 64, "num_layers": 2, "dropout": 0, "activation": "sigmoid", "lr": 0.00013136205004047553, "window_size": 5, "batch_size": 128, "epochs": 20, "kernel_size": 5, "attention_heads": 8}, "parameter_index": 0}
[2026-05-19 19:01:28] INFO (NNIManager) submitTrialJob: form: {
  sequenceId: 9,
  hyperParameters: {
    value: '{"parameter_id": 9, "parameter_source": "algorithm", "parameters": {"model_type": "RNN", "units": 64, "num_layers": 2, "dropout": 0, "activation": "sigmoid", "lr": 0.00013136205004047553, "window_size": 5, "batch_size": 128, "epochs": 20, "kernel_size": 5, "attention_heads": 8}, "parameter_index": 0}',
    index: 0
  },
  placementConstraint: { type: 'None', gpus: [] }
}
[2026-05-19 19:01:28] INFO (LocalV3.local) Created trial aDfVg
[2026-05-19 19:01:31] INFO (LocalV3.local) Trial parameter: aDfVg {"parameter_id": 9, "parameter_source": "algorithm", "parameters": {"model_type": "RNN", "units": 64, "num_layers": 2, "dropout": 0, "activation": "sigmoid", "lr": 0.00013136205004047553, "window_size": 5, "batch_size": 128, "epochs": 20, "kernel_size": 5, "attention_heads": 8}, "parameter_index": 0}
[2026-05-19 19:01:37] INFO (NNIManager) Trial job aDfVg status changed from RUNNING to SUCCEEDED
[2026-05-19 19:01:37] INFO (NNIManager) NNIManager received command from dispatcher: TR, {"parameter_id": 10, "parameter_source": "algorithm", "parameters": {"model_type": "TCN", "units": 128, "num_layers": 3, "dropout": 0, "activation": "tanh", "lr": 1.511481034400241e-05, "window_size": 24, "batch_size": 128, "epochs": 5, "kernel_size": 7, "attention_heads": 8}, "parameter_index": 0}
[2026-05-19 19:01:37] INFO (NNIManager) submitTrialJob: form: {
  sequenceId: 10,
  hyperParameters: {
    value: '{"parameter_id": 10, "parameter_source": "algorithm", "parameters": {"model_type": "TCN", "units": 128, "num_layers": 3, "dropout": 0, "activation": "tanh", "lr": 1.511481034400241e-05, "window_size": 24, "batch_size": 128, "epochs": 5, "kernel_size": 7, "attention_heads": 8}, "parameter_index": 0}',
    index: 0
  },
  placementConstraint: { type: 'None', gpus: [] }
}
[2026-05-19 19:01:37] INFO (LocalV3.local) Created trial vC5Ee
[2026-05-19 19:01:39] INFO (LocalV3.local) Trial parameter: vC5Ee {"parameter_id": 10, "parameter_source": "algorithm", "parameters": {"model_type": "TCN", "units": 128, "num_layers": 3, "dropout": 0, "activation": "tanh", "lr": 1.511481034400241e-05, "window_size": 24, "batch_size": 128, "epochs": 5, "kernel_size": 7, "attention_heads": 8}, "parameter_index": 0}
[2026-05-19 19:01:45] INFO (NNIManager) Trial job vC5Ee status changed from RUNNING to SUCCEEDED
[2026-05-19 19:01:45] INFO (NNIManager) NNIManager received command from dispatcher: TR, {"parameter_id": 11, "parameter_source": "algorithm", "parameters": {"model_type": "CNN", "units": 128, "num_layers": 2, "dropout": 0.5, "activation": "tanh", "lr": 0.009251066659270082, "window_size": 30, "batch_size": 64, "epochs": 5, "kernel_size": 7, "attention_heads": 2}, "parameter_index": 0}
[2026-05-19 19:01:46] INFO (NNIManager) submitTrialJob: form: {
  sequenceId: 11,
  hyperParameters: {
    value: '{"parameter_id": 11, "parameter_source": "algorithm", "parameters": {"model_type": "CNN", "units": 128, "num_layers": 2, "dropout": 0.5, "activation": "tanh", "lr": 0.009251066659270082, "window_size": 30, "batch_size": 64, "epochs": 5, "kernel_size": 7, "attention_heads": 2}, "parameter_index": 0}',
    index: 0
  },
  placementConstraint: { type: 'None', gpus: [] }
}
[2026-05-19 19:01:46] INFO (LocalV3.local) Created trial Cy9Nk
[2026-05-19 19:01:48] INFO (LocalV3.local) Trial parameter: Cy9Nk {"parameter_id": 11, "parameter_source": "algorithm", "parameters": {"model_type": "CNN", "units": 128, "num_layers": 2, "dropout": 0.5, "activation": "tanh", "lr": 0.009251066659270082, "window_size": 30, "batch_size": 64, "epochs": 5, "kernel_size": 7, "attention_heads": 2}, "parameter_index": 0}
[2026-05-19 19:01:52] INFO (NNIManager) Trial job Cy9Nk status changed from RUNNING to SUCCEEDED
[2026-05-19 19:01:52] INFO (NNIManager) NNIManager received command from dispatcher: TR, {"parameter_id": 12, "parameter_source": "algorithm", "parameters": {"model_type": "MLP", "units": 32, "num_layers": 4, "dropout": 0.1, "activation": "tanh", "lr": 3.2876742565885885e-05, "window_size": 6, "batch_size": 32, "epochs": 20, "kernel_size": 2, "attention_heads": 8}, "parameter_index": 0}
[2026-05-19 19:01:53] INFO (NNIManager) submitTrialJob: form: {
  sequenceId: 12,
  hyperParameters: {
    value: '{"parameter_id": 12, "parameter_source": "algorithm", "parameters": {"model_type": "MLP", "units": 32, "num_layers": 4, "dropout": 0.1, "activation": "tanh", "lr": 3.2876742565885885e-05, "window_size": 6, "batch_size": 32, "epochs": 20, "kernel_size": 2, "attention_heads": 8}, "parameter_index": 0}',
    index: 0
  },
  placementConstraint: { type: 'None', gpus: [] }
}
[2026-05-19 19:01:53] INFO (LocalV3.local) Created trial wCFK0
[2026-05-19 19:01:55] INFO (LocalV3.local) Trial parameter: wCFK0 {"parameter_id": 12, "parameter_source": "algorithm", "parameters": {"model_type": "MLP", "units": 32, "num_layers": 4, "dropout": 0.1, "activation": "tanh", "lr": 3.2876742565885885e-05, "window_size": 6, "batch_size": 32, "epochs": 20, "kernel_size": 2, "attention_heads": 8}, "parameter_index": 0}
[2026-05-19 19:02:01] INFO (NNIManager) Trial job wCFK0 status changed from RUNNING to SUCCEEDED
[2026-05-19 19:02:01] INFO (NNIManager) NNIManager received command from dispatcher: TR, {"parameter_id": 13, "parameter_source": "algorithm", "parameters": {"model_type": "Transformer", "units": 256, "num_layers": 3, "dropout": 0.1, "activation": "relu", "lr": 0.00012076110588447799, "window_size": 15, "batch_size": 128, "epochs": 10, "kernel_size": 3, "attention_heads": 4}, "parameter_index": 0}
[2026-05-19 19:02:01] INFO (NNIManager) submitTrialJob: form: {
  sequenceId: 13,
  hyperParameters: {
    value: '{"parameter_id": 13, "parameter_source": "algorithm", "parameters": {"model_type": "Transformer", "units": 256, "num_layers": 3, "dropout": 0.1, "activation": "relu", "lr": 0.00012076110588447799, "window_size": 15, "batch_size": 128, "epochs": 10, "kernel_size": 3, "attention_heads": 4}, "parameter_index": 0}',
    index: 0
  },
  placementConstraint: { type: 'None', gpus: [] }
}
[2026-05-19 19:02:01] INFO (LocalV3.local) Created trial i0Vbo
[2026-05-19 19:02:03] INFO (LocalV3.local) Trial parameter: i0Vbo {"parameter_id": 13, "parameter_source": "algorithm", "parameters": {"model_type": "Transformer", "units": 256, "num_layers": 3, "dropout": 0.1, "activation": "relu", "lr": 0.00012076110588447799, "window_size": 15, "batch_size": 128, "epochs": 10, "kernel_size": 3, "attention_heads": 4}, "parameter_index": 0}
[2026-05-19 19:03:22] INFO (NNIManager) Trial job i0Vbo status changed from RUNNING to SUCCEEDED
[2026-05-19 19:03:22] INFO (NNIManager) NNIManager received command from dispatcher: TR, {"parameter_id": 14, "parameter_source": "algorithm", "parameters": {"model_type": "LSTM", "units": 256, "num_layers": 3, "dropout": 0.1, "activation": "elu", "lr": 0.004439168605692556, "window_size": 17, "batch_size": 128, "epochs": 10, "kernel_size": 5, "attention_heads": 4}, "parameter_index": 0}
[2026-05-19 19:03:22] INFO (NNIManager) submitTrialJob: form: {
  sequenceId: 14,
  hyperParameters: {
    value: '{"parameter_id": 14, "parameter_source": "algorithm", "parameters": {"model_type": "LSTM", "units": 256, "num_layers": 3, "dropout": 0.1, "activation": "elu", "lr": 0.004439168605692556, "window_size": 17, "batch_size": 128, "epochs": 10, "kernel_size": 5, "attention_heads": 4}, "parameter_index": 0}',
    index: 0
  },
  placementConstraint: { type: 'None', gpus: [] }
}
[2026-05-19 19:03:22] INFO (LocalV3.local) Created trial QjcaG
[2026-05-19 19:03:24] INFO (LocalV3.local) Trial parameter: QjcaG {"parameter_id": 14, "parameter_source": "algorithm", "parameters": {"model_type": "LSTM", "units": 256, "num_layers": 3, "dropout": 0.1, "activation": "elu", "lr": 0.004439168605692556, "window_size": 17, "batch_size": 128, "epochs": 10, "kernel_size": 5, "attention_heads": 4}, "parameter_index": 0}
[2026-05-19 19:04:26] INFO (NNIManager) Trial job QjcaG status changed from RUNNING to SUCCEEDED
[2026-05-19 19:04:26] INFO (NNIManager) NNIManager received command from dispatcher: TR, {"parameter_id": 15, "parameter_source": "algorithm", "parameters": {"model_type": "TCN", "units": 256, "num_layers": 4, "dropout": 0.1, "activation": "sigmoid", "lr": 0.0021498036708828246, "window_size": 24, "batch_size": 64, "epochs": 15, "kernel_size": 2, "attention_heads": 2}, "parameter_index": 0}
[2026-05-19 19:04:26] INFO (NNIManager) submitTrialJob: form: {
  sequenceId: 15,
  hyperParameters: {
    value: '{"parameter_id": 15, "parameter_source": "algorithm", "parameters": {"model_type": "TCN", "units": 256, "num_layers": 4, "dropout": 0.1, "activation": "sigmoid", "lr": 0.0021498036708828246, "window_size": 24, "batch_size": 64, "epochs": 15, "kernel_size": 2, "attention_heads": 2}, "parameter_index": 0}',
    index: 0
  },
  placementConstraint: { type: 'None', gpus: [] }
}
[2026-05-19 19:04:26] INFO (LocalV3.local) Created trial utd1z
[2026-05-19 19:04:29] INFO (LocalV3.local) Trial parameter: utd1z {"parameter_id": 15, "parameter_source": "algorithm", "parameters": {"model_type": "TCN", "units": 256, "num_layers": 4, "dropout": 0.1, "activation": "sigmoid", "lr": 0.0021498036708828246, "window_size": 24, "batch_size": 64, "epochs": 15, "kernel_size": 2, "attention_heads": 2}, "parameter_index": 0}
[2026-05-19 19:05:09] INFO (NNIManager) Trial job utd1z status changed from RUNNING to SUCCEEDED
[2026-05-19 19:05:09] INFO (NNIManager) NNIManager received command from dispatcher: TR, {"parameter_id": 16, "parameter_source": "algorithm", "parameters": {"model_type": "RNN", "units": 64, "num_layers": 3, "dropout": 0.5, "activation": "tanh", "lr": 0.0027074013152917457, "window_size": 2, "batch_size": 128, "epochs": 20, "kernel_size": 2, "attention_heads": 4}, "parameter_index": 0}
[2026-05-19 19:05:10] INFO (NNIManager) submitTrialJob: form: {
  sequenceId: 16,
  hyperParameters: {
    value: '{"parameter_id": 16, "parameter_source": "algorithm", "parameters": {"model_type": "RNN", "units": 64, "num_layers": 3, "dropout": 0.5, "activation": "tanh", "lr": 0.0027074013152917457, "window_size": 2, "batch_size": 128, "epochs": 20, "kernel_size": 2, "attention_heads": 4}, "parameter_index": 0}',
    index: 0
  },
  placementConstraint: { type: 'None', gpus: [] }
}
[2026-05-19 19:05:10] INFO (LocalV3.local) Created trial EqaXC
[2026-05-19 19:05:12] INFO (LocalV3.local) Trial parameter: EqaXC {"parameter_id": 16, "parameter_source": "algorithm", "parameters": {"model_type": "RNN", "units": 64, "num_layers": 3, "dropout": 0.5, "activation": "tanh", "lr": 0.0027074013152917457, "window_size": 2, "batch_size": 128, "epochs": 20, "kernel_size": 2, "attention_heads": 4}, "parameter_index": 0}
[2026-05-19 19:05:19] INFO (NNIManager) Trial job EqaXC status changed from RUNNING to SUCCEEDED
[2026-05-19 19:05:19] INFO (NNIManager) NNIManager received command from dispatcher: TR, {"parameter_id": 17, "parameter_source": "algorithm", "parameters": {"model_type": "GRU", "units": 64, "num_layers": 4, "dropout": 0, "activation": "elu", "lr": 0.0004002516996179632, "window_size": 30, "batch_size": 32, "epochs": 5, "kernel_size": 3, "attention_heads": 2}, "parameter_index": 0}
[2026-05-19 19:05:20] INFO (NNIManager) submitTrialJob: form: {
  sequenceId: 17,
  hyperParameters: {
    value: '{"parameter_id": 17, "parameter_source": "algorithm", "parameters": {"model_type": "GRU", "units": 64, "num_layers": 4, "dropout": 0, "activation": "elu", "lr": 0.0004002516996179632, "window_size": 30, "batch_size": 32, "epochs": 5, "kernel_size": 3, "attention_heads": 2}, "parameter_index": 0}',
    index: 0
  },
  placementConstraint: { type: 'None', gpus: [] }
}
[2026-05-19 19:05:20] INFO (LocalV3.local) Created trial URpm6
[2026-05-19 19:05:22] INFO (LocalV3.local) Trial parameter: URpm6 {"parameter_id": 17, "parameter_source": "algorithm", "parameters": {"model_type": "GRU", "units": 64, "num_layers": 4, "dropout": 0, "activation": "elu", "lr": 0.0004002516996179632, "window_size": 30, "batch_size": 32, "epochs": 5, "kernel_size": 3, "attention_heads": 2}, "parameter_index": 0}
[2026-05-19 19:05:51] INFO (NNIManager) Trial job URpm6 status changed from RUNNING to SUCCEEDED
[2026-05-19 19:05:51] INFO (NNIManager) NNIManager received command from dispatcher: TR, {"parameter_id": 18, "parameter_source": "algorithm", "parameters": {"model_type": "TCN", "units": 256, "num_layers": 2, "dropout": 0, "activation": "relu", "lr": 3.5668048989396407e-05, "window_size": 29, "batch_size": 64, "epochs": 10, "kernel_size": 5, "attention_heads": 8}, "parameter_index": 0}
[2026-05-19 19:05:52] INFO (NNIManager) submitTrialJob: form: {
  sequenceId: 18,
  hyperParameters: {
    value: '{"parameter_id": 18, "parameter_source": "algorithm", "parameters": {"model_type": "TCN", "units": 256, "num_layers": 2, "dropout": 0, "activation": "relu", "lr": 3.5668048989396407e-05, "window_size": 29, "batch_size": 64, "epochs": 10, "kernel_size": 5, "attention_heads": 8}, "parameter_index": 0}',
    index: 0
  },
  placementConstraint: { type: 'None', gpus: [] }
}
[2026-05-19 19:05:52] INFO (LocalV3.local) Created trial WMSB3
[2026-05-19 19:05:55] INFO (LocalV3.local) Trial parameter: WMSB3 {"parameter_id": 18, "parameter_source": "algorithm", "parameters": {"model_type": "TCN", "units": 256, "num_layers": 2, "dropout": 0, "activation": "relu", "lr": 3.5668048989396407e-05, "window_size": 29, "batch_size": 64, "epochs": 10, "kernel_size": 5, "attention_heads": 8}, "parameter_index": 0}
[2026-05-19 19:06:17] INFO (NNIManager) Trial job WMSB3 status changed from RUNNING to SUCCEEDED
[2026-05-19 19:06:17] INFO (NNIManager) NNIManager received command from dispatcher: TR, {"parameter_id": 19, "parameter_source": "algorithm", "parameters": {"model_type": "LSTM", "units": 256, "num_layers": 1, "dropout": 0, "activation": "relu", "lr": 0.001539966212713203, "window_size": 30, "batch_size": 128, "epochs": 5, "kernel_size": 3, "attention_heads": 8}, "parameter_index": 0}
[2026-05-19 19:06:17] INFO (NNIManager) submitTrialJob: form: {
  sequenceId: 19,
  hyperParameters: {
    value: '{"parameter_id": 19, "parameter_source": "algorithm", "parameters": {"model_type": "LSTM", "units": 256, "num_layers": 1, "dropout": 0, "activation": "relu", "lr": 0.001539966212713203, "window_size": 30, "batch_size": 128, "epochs": 5, "kernel_size": 3, "attention_heads": 8}, "parameter_index": 0}',
    index: 0
  },
  placementConstraint: { type: 'None', gpus: [] }
}
[2026-05-19 19:06:17] INFO (LocalV3.local) Created trial Bv34x
[2026-05-19 19:06:20] INFO (LocalV3.local) Trial parameter: Bv34x {"parameter_id": 19, "parameter_source": "algorithm", "parameters": {"model_type": "LSTM", "units": 256, "num_layers": 1, "dropout": 0, "activation": "relu", "lr": 0.001539966212713203, "window_size": 30, "batch_size": 128, "epochs": 5, "kernel_size": 3, "attention_heads": 8}, "parameter_index": 0}
[2026-05-19 19:06:41] INFO (NNIManager) Trial job Bv34x status changed from RUNNING to SUCCEEDED
[2026-05-19 19:06:41] INFO (NNIManager) NNIManager received command from dispatcher: TR, {"parameter_id": 20, "parameter_source": "algorithm", "parameters": {"model_type": "MLP", "units": 128, "num_layers": 2, "dropout": 0.2, "activation": "tanh", "lr": 0.0021093124980984946, "window_size": 21, "batch_size": 64, "epochs": 10, "kernel_size": 5, "attention_heads": 8}, "parameter_index": 0}
[2026-05-19 19:06:41] INFO (NNIManager) submitTrialJob: form: {
  sequenceId: 20,
  hyperParameters: {
    value: '{"parameter_id": 20, "parameter_source": "algorithm", "parameters": {"model_type": "MLP", "units": 128, "num_layers": 2, "dropout": 0.2, "activation": "tanh", "lr": 0.0021093124980984946, "window_size": 21, "batch_size": 64, "epochs": 10, "kernel_size": 5, "attention_heads": 8}, "parameter_index": 0}',
    index: 0
  },
  placementConstraint: { type: 'None', gpus: [] }
}
[2026-05-19 19:06:41] INFO (LocalV3.local) Created trial pKqel
[2026-05-19 19:06:45] INFO (LocalV3.local) Trial parameter: pKqel {"parameter_id": 20, "parameter_source": "algorithm", "parameters": {"model_type": "MLP", "units": 128, "num_layers": 2, "dropout": 0.2, "activation": "tanh", "lr": 0.0021093124980984946, "window_size": 21, "batch_size": 64, "epochs": 10, "kernel_size": 5, "attention_heads": 8}, "parameter_index": 0}
[2026-05-19 19:06:51] INFO (NNIManager) Trial job pKqel status changed from RUNNING to SUCCEEDED
[2026-05-19 19:06:51] INFO (NNIManager) NNIManager received command from dispatcher: TR, {"parameter_id": 21, "parameter_source": "algorithm", "parameters": {"model_type": "Transformer", "units": 64, "num_layers": 2, "dropout": 0.3, "activation": "sigmoid", "lr": 0.009707651487395639, "window_size": 4, "batch_size": 64, "epochs": 15, "kernel_size": 5, "attention_heads": 8}, "parameter_index": 0}
[2026-05-19 19:06:52] INFO (NNIManager) submitTrialJob: form: {
  sequenceId: 21,
  hyperParameters: {
    value: '{"parameter_id": 21, "parameter_source": "algorithm", "parameters": {"model_type": "Transformer", "units": 64, "num_layers": 2, "dropout": 0.3, "activation": "sigmoid", "lr": 0.009707651487395639, "window_size": 4, "batch_size": 64, "epochs": 15, "kernel_size": 5, "attention_heads": 8}, "parameter_index": 0}',
    index: 0
  },
  placementConstraint: { type: 'None', gpus: [] }
}
[2026-05-19 19:06:52] INFO (LocalV3.local) Created trial j2Z9W
[2026-05-19 19:06:53] INFO (LocalV3.local) Trial parameter: j2Z9W {"parameter_id": 21, "parameter_source": "algorithm", "parameters": {"model_type": "Transformer", "units": 64, "num_layers": 2, "dropout": 0.3, "activation": "sigmoid", "lr": 0.009707651487395639, "window_size": 4, "batch_size": 64, "epochs": 15, "kernel_size": 5, "attention_heads": 8}, "parameter_index": 0}
[2026-05-19 19:07:11] INFO (NNIManager) Trial job j2Z9W status changed from RUNNING to SUCCEEDED
[2026-05-19 19:07:11] INFO (NNIManager) NNIManager received command from dispatcher: TR, {"parameter_id": 22, "parameter_source": "algorithm", "parameters": {"model_type": "TCN", "units": 128, "num_layers": 2, "dropout": 0.5, "activation": "relu", "lr": 0.0005159436914521056, "window_size": 15, "batch_size": 64, "epochs": 5, "kernel_size": 3, "attention_heads": 8}, "parameter_index": 0}
[2026-05-19 19:07:12] INFO (NNIManager) submitTrialJob: form: {
  sequenceId: 22,
  hyperParameters: {
    value: '{"parameter_id": 22, "parameter_source": "algorithm", "parameters": {"model_type": "TCN", "units": 128, "num_layers": 2, "dropout": 0.5, "activation": "relu", "lr": 0.0005159436914521056, "window_size": 15, "batch_size": 64, "epochs": 5, "kernel_size": 3, "attention_heads": 8}, "parameter_index": 0}',
    index: 0
  },
  placementConstraint: { type: 'None', gpus: [] }
}
[2026-05-19 19:07:12] INFO (LocalV3.local) Created trial oAIYM
[2026-05-19 19:07:14] INFO (LocalV3.local) Trial parameter: oAIYM {"parameter_id": 22, "parameter_source": "algorithm", "parameters": {"model_type": "TCN", "units": 128, "num_layers": 2, "dropout": 0.5, "activation": "relu", "lr": 0.0005159436914521056, "window_size": 15, "batch_size": 64, "epochs": 5, "kernel_size": 3, "attention_heads": 8}, "parameter_index": 0}
[2026-05-19 19:07:19] INFO (NNIManager) Trial job oAIYM status changed from RUNNING to SUCCEEDED
[2026-05-19 19:07:19] INFO (NNIManager) NNIManager received command from dispatcher: TR, {"parameter_id": 23, "parameter_source": "algorithm", "parameters": {"model_type": "TCN", "units": 32, "num_layers": 3, "dropout": 0.3, "activation": "sigmoid", "lr": 2.8886797156463277e-05, "window_size": 16, "batch_size": 128, "epochs": 15, "kernel_size": 2, "attention_heads": 8}, "parameter_index": 0}
[2026-05-19 19:07:20] INFO (NNIManager) submitTrialJob: form: {
  sequenceId: 23,
  hyperParameters: {
    value: '{"parameter_id": 23, "parameter_source": "algorithm", "parameters": {"model_type": "TCN", "units": 32, "num_layers": 3, "dropout": 0.3, "activation": "sigmoid", "lr": 2.8886797156463277e-05, "window_size": 16, "batch_size": 128, "epochs": 15, "kernel_size": 2, "attention_heads": 8}, "parameter_index": 0}',
    index: 0
  },
  placementConstraint: { type: 'None', gpus: [] }
}
[2026-05-19 19:07:20] INFO (LocalV3.local) Created trial iYYPo
[2026-05-19 19:07:22] INFO (LocalV3.local) Trial parameter: iYYPo {"parameter_id": 23, "parameter_source": "algorithm", "parameters": {"model_type": "TCN", "units": 32, "num_layers": 3, "dropout": 0.3, "activation": "sigmoid", "lr": 2.8886797156463277e-05, "window_size": 16, "batch_size": 128, "epochs": 15, "kernel_size": 2, "attention_heads": 8}, "parameter_index": 0}
[2026-05-19 19:07:29] INFO (NNIManager) Trial job iYYPo status changed from RUNNING to SUCCEEDED
[2026-05-19 19:07:29] INFO (NNIManager) NNIManager received command from dispatcher: TR, {"parameter_id": 24, "parameter_source": "algorithm", "parameters": {"model_type": "LSTM", "units": 64, "num_layers": 4, "dropout": 0, "activation": "elu", "lr": 2.2627170690677113e-05, "window_size": 22, "batch_size": 32, "epochs": 15, "kernel_size": 3, "attention_heads": 8}, "parameter_index": 0}
[2026-05-19 19:07:29] INFO (NNIManager) submitTrialJob: form: {
  sequenceId: 24,
  hyperParameters: {
    value: '{"parameter_id": 24, "parameter_source": "algorithm", "parameters": {"model_type": "LSTM", "units": 64, "num_layers": 4, "dropout": 0, "activation": "elu", "lr": 2.2627170690677113e-05, "window_size": 22, "batch_size": 32, "epochs": 15, "kernel_size": 3, "attention_heads": 8}, "parameter_index": 0}',
    index: 0
  },
  placementConstraint: { type: 'None', gpus: [] }
}
[2026-05-19 19:07:29] INFO (LocalV3.local) Created trial RHMJB
[2026-05-19 19:07:31] INFO (LocalV3.local) Trial parameter: RHMJB {"parameter_id": 24, "parameter_source": "algorithm", "parameters": {"model_type": "LSTM", "units": 64, "num_layers": 4, "dropout": 0, "activation": "elu", "lr": 2.2627170690677113e-05, "window_size": 22, "batch_size": 32, "epochs": 15, "kernel_size": 3, "attention_heads": 8}, "parameter_index": 0}
[2026-05-19 19:08:40] INFO (NNIManager) Trial job RHMJB status changed from RUNNING to SUCCEEDED
[2026-05-19 19:08:40] INFO (NNIManager) NNIManager received command from dispatcher: TR, {"parameter_id": 25, "parameter_source": "algorithm", "parameters": {"model_type": "Transformer", "units": 16, "num_layers": 2, "dropout": 0.2, "activation": "relu", "lr": 0.00010571209533370006, "window_size": 20, "batch_size": 32, "epochs": 20, "kernel_size": 2, "attention_heads": 4}, "parameter_index": 0}
[2026-05-19 19:08:41] INFO (NNIManager) submitTrialJob: form: {
  sequenceId: 25,
  hyperParameters: {
    value: '{"parameter_id": 25, "parameter_source": "algorithm", "parameters": {"model_type": "Transformer", "units": 16, "num_layers": 2, "dropout": 0.2, "activation": "relu", "lr": 0.00010571209533370006, "window_size": 20, "batch_size": 32, "epochs": 20, "kernel_size": 2, "attention_heads": 4}, "parameter_index": 0}',
    index: 0
  },
  placementConstraint: { type: 'None', gpus: [] }
}
[2026-05-19 19:08:41] INFO (LocalV3.local) Created trial oC56o
[2026-05-19 19:08:43] INFO (LocalV3.local) Trial parameter: oC56o {"parameter_id": 25, "parameter_source": "algorithm", "parameters": {"model_type": "Transformer", "units": 16, "num_layers": 2, "dropout": 0.2, "activation": "relu", "lr": 0.00010571209533370006, "window_size": 20, "batch_size": 32, "epochs": 20, "kernel_size": 2, "attention_heads": 4}, "parameter_index": 0}
[2026-05-19 19:09:12] INFO (NNIManager) Trial job oC56o status changed from RUNNING to SUCCEEDED
[2026-05-19 19:09:12] INFO (NNIManager) NNIManager received command from dispatcher: TR, {"parameter_id": 26, "parameter_source": "algorithm", "parameters": {"model_type": "MLP", "units": 64, "num_layers": 4, "dropout": 0.1, "activation": "relu", "lr": 0.0036416142575540857, "window_size": 28, "batch_size": 64, "epochs": 5, "kernel_size": 2, "attention_heads": 2}, "parameter_index": 0}
[2026-05-19 19:09:13] INFO (NNIManager) submitTrialJob: form: {
  sequenceId: 26,
  hyperParameters: {
    value: '{"parameter_id": 26, "parameter_source": "algorithm", "parameters": {"model_type": "MLP", "units": 64, "num_layers": 4, "dropout": 0.1, "activation": "relu", "lr": 0.0036416142575540857, "window_size": 28, "batch_size": 64, "epochs": 5, "kernel_size": 2, "attention_heads": 2}, "parameter_index": 0}',
    index: 0
  },
  placementConstraint: { type: 'None', gpus: [] }
}
[2026-05-19 19:09:13] INFO (LocalV3.local) Created trial XBVtK
[2026-05-19 19:09:15] INFO (LocalV3.local) Trial parameter: XBVtK {"parameter_id": 26, "parameter_source": "algorithm", "parameters": {"model_type": "MLP", "units": 64, "num_layers": 4, "dropout": 0.1, "activation": "relu", "lr": 0.0036416142575540857, "window_size": 28, "batch_size": 64, "epochs": 5, "kernel_size": 2, "attention_heads": 2}, "parameter_index": 0}
[2026-05-19 19:09:17] INFO (NNIManager) Trial job XBVtK status changed from RUNNING to SUCCEEDED
[2026-05-19 19:09:17] INFO (NNIManager) NNIManager received command from dispatcher: TR, {"parameter_id": 27, "parameter_source": "algorithm", "parameters": {"model_type": "LSTM", "units": 128, "num_layers": 2, "dropout": 0.3, "activation": "sigmoid", "lr": 0.008928211199993031, "window_size": 22, "batch_size": 64, "epochs": 15, "kernel_size": 5, "attention_heads": 8}, "parameter_index": 0}
[2026-05-19 19:09:18] INFO (NNIManager) submitTrialJob: form: {
  sequenceId: 27,
  hyperParameters: {
    value: '{"parameter_id": 27, "parameter_source": "algorithm", "parameters": {"model_type": "LSTM", "units": 128, "num_layers": 2, "dropout": 0.3, "activation": "sigmoid", "lr": 0.008928211199993031, "window_size": 22, "batch_size": 64, "epochs": 15, "kernel_size": 5, "attention_heads": 8}, "parameter_index": 0}',
    index: 0
  },
  placementConstraint: { type: 'None', gpus: [] }
}
[2026-05-19 19:09:18] INFO (LocalV3.local) Created trial CFdJV
[2026-05-19 19:09:20] INFO (LocalV3.local) Trial parameter: CFdJV {"parameter_id": 27, "parameter_source": "algorithm", "parameters": {"model_type": "LSTM", "units": 128, "num_layers": 2, "dropout": 0.3, "activation": "sigmoid", "lr": 0.008928211199993031, "window_size": 22, "batch_size": 64, "epochs": 15, "kernel_size": 5, "attention_heads": 8}, "parameter_index": 0}
[2026-05-19 19:10:05] INFO (NNIManager) Trial job CFdJV status changed from RUNNING to SUCCEEDED
[2026-05-19 19:10:05] INFO (NNIManager) NNIManager received command from dispatcher: TR, {"parameter_id": 28, "parameter_source": "algorithm", "parameters": {"model_type": "RNN", "units": 128, "num_layers": 3, "dropout": 0, "activation": "relu", "lr": 2.9138327271734592e-05, "window_size": 13, "batch_size": 128, "epochs": 15, "kernel_size": 7, "attention_heads": 4}, "parameter_index": 0}
[2026-05-19 19:10:06] INFO (NNIManager) submitTrialJob: form: {
  sequenceId: 28,
  hyperParameters: {
    value: '{"parameter_id": 28, "parameter_source": "algorithm", "parameters": {"model_type": "RNN", "units": 128, "num_layers": 3, "dropout": 0, "activation": "relu", "lr": 2.9138327271734592e-05, "window_size": 13, "batch_size": 128, "epochs": 15, "kernel_size": 7, "attention_heads": 4}, "parameter_index": 0}',
    index: 0
  },
  placementConstraint: { type: 'None', gpus: [] }
}
[2026-05-19 19:10:06] INFO (LocalV3.local) Created trial isHNe
[2026-05-19 19:10:08] INFO (LocalV3.local) Trial parameter: isHNe {"parameter_id": 28, "parameter_source": "algorithm", "parameters": {"model_type": "RNN", "units": 128, "num_layers": 3, "dropout": 0, "activation": "relu", "lr": 2.9138327271734592e-05, "window_size": 13, "batch_size": 128, "epochs": 15, "kernel_size": 7, "attention_heads": 4}, "parameter_index": 0}
[2026-05-19 19:10:23] INFO (NNIManager) Trial job isHNe status changed from RUNNING to SUCCEEDED
[2026-05-19 19:10:23] INFO (NNIManager) NNIManager received command from dispatcher: TR, {"parameter_id": 29, "parameter_source": "algorithm", "parameters": {"model_type": "RNN", "units": 256, "num_layers": 3, "dropout": 0, "activation": "elu", "lr": 0.0011005159475650887, "window_size": 4, "batch_size": 16, "epochs": 20, "kernel_size": 2, "attention_heads": 2}, "parameter_index": 0}
[2026-05-19 19:10:24] INFO (NNIManager) submitTrialJob: form: {
  sequenceId: 29,
  hyperParameters: {
    value: '{"parameter_id": 29, "parameter_source": "algorithm", "parameters": {"model_type": "RNN", "units": 256, "num_layers": 3, "dropout": 0, "activation": "elu", "lr": 0.0011005159475650887, "window_size": 4, "batch_size": 16, "epochs": 20, "kernel_size": 2, "attention_heads": 2}, "parameter_index": 0}',
    index: 0
  },
  placementConstraint: { type: 'None', gpus: [] }
}
[2026-05-19 19:10:24] INFO (LocalV3.local) Created trial zUozl
[2026-05-19 19:10:26] INFO (LocalV3.local) Trial parameter: zUozl {"parameter_id": 29, "parameter_source": "algorithm", "parameters": {"model_type": "RNN", "units": 256, "num_layers": 3, "dropout": 0, "activation": "elu", "lr": 0.0011005159475650887, "window_size": 4, "batch_size": 16, "epochs": 20, "kernel_size": 2, "attention_heads": 2}, "parameter_index": 0}
[2026-05-19 19:11:06] INFO (NNIManager) Trial job zUozl status changed from RUNNING to SUCCEEDED
[2026-05-19 19:11:06] INFO (NNIManager) NNIManager received command from dispatcher: TR, {"parameter_id": 30, "parameter_source": "algorithm", "parameters": {"model_type": "RNN", "units": 64, "num_layers": 2, "dropout": 0, "activation": "relu", "lr": 0.0001505339259752761, "window_size": 26, "batch_size": 32, "epochs": 15, "kernel_size": 7, "attention_heads": 4}, "parameter_index": 0}
[2026-05-19 19:11:06] INFO (NNIManager) submitTrialJob: form: {
  sequenceId: 30,
  hyperParameters: {
    value: '{"parameter_id": 30, "parameter_source": "algorithm", "parameters": {"model_type": "RNN", "units": 64, "num_layers": 2, "dropout": 0, "activation": "relu", "lr": 0.0001505339259752761, "window_size": 26, "batch_size": 32, "epochs": 15, "kernel_size": 7, "attention_heads": 4}, "parameter_index": 0}',
    index: 0
  },
  placementConstraint: { type: 'None', gpus: [] }
}
[2026-05-19 19:11:06] INFO (LocalV3.local) Created trial spJ4c
[2026-05-19 19:11:09] INFO (LocalV3.local) Trial parameter: spJ4c {"parameter_id": 30, "parameter_source": "algorithm", "parameters": {"model_type": "RNN", "units": 64, "num_layers": 2, "dropout": 0, "activation": "relu", "lr": 0.0001505339259752761, "window_size": 26, "batch_size": 32, "epochs": 15, "kernel_size": 7, "attention_heads": 4}, "parameter_index": 0}
[2026-05-19 19:11:30] INFO (NNIManager) Trial job spJ4c status changed from RUNNING to SUCCEEDED
[2026-05-19 19:11:31] INFO (NNIManager) NNIManager received command from dispatcher: TR, {"parameter_id": 31, "parameter_source": "algorithm", "parameters": {"model_type": "CNN", "units": 128, "num_layers": 3, "dropout": 0.1, "activation": "sigmoid", "lr": 0.0002638382282978035, "window_size": 17, "batch_size": 16, "epochs": 20, "kernel_size": 7, "attention_heads": 2}, "parameter_index": 0}
[2026-05-19 19:11:31] INFO (NNIManager) submitTrialJob: form: {
  sequenceId: 31,
  hyperParameters: {
    value: '{"parameter_id": 31, "parameter_source": "algorithm", "parameters": {"model_type": "CNN", "units": 128, "num_layers": 3, "dropout": 0.1, "activation": "sigmoid", "lr": 0.0002638382282978035, "window_size": 17, "batch_size": 16, "epochs": 20, "kernel_size": 7, "attention_heads": 2}, "parameter_index": 0}',
    index: 0
  },
  placementConstraint: { type: 'None', gpus: [] }
}
[2026-05-19 19:11:31] INFO (LocalV3.local) Created trial s2nvC
[2026-05-19 19:11:33] INFO (LocalV3.local) Trial parameter: s2nvC {"parameter_id": 31, "parameter_source": "algorithm", "parameters": {"model_type": "CNN", "units": 128, "num_layers": 3, "dropout": 0.1, "activation": "sigmoid", "lr": 0.0002638382282978035, "window_size": 17, "batch_size": 16, "epochs": 20, "kernel_size": 7, "attention_heads": 2}, "parameter_index": 0}
[2026-05-19 19:12:12] INFO (NNIManager) Trial job s2nvC status changed from RUNNING to SUCCEEDED
[2026-05-19 19:12:12] INFO (NNIManager) NNIManager received command from dispatcher: TR, {"parameter_id": 32, "parameter_source": "algorithm", "parameters": {"model_type": "LSTM", "units": 256, "num_layers": 4, "dropout": 0.2, "activation": "sigmoid", "lr": 0.00020344928123478963, "window_size": 22, "batch_size": 64, "epochs": 20, "kernel_size": 5, "attention_heads": 8}, "parameter_index": 0}
[2026-05-19 19:12:12] INFO (NNIManager) submitTrialJob: form: {
  sequenceId: 32,
  hyperParameters: {
    value: '{"parameter_id": 32, "parameter_source": "algorithm", "parameters": {"model_type": "LSTM", "units": 256, "num_layers": 4, "dropout": 0.2, "activation": "sigmoid", "lr": 0.00020344928123478963, "window_size": 22, "batch_size": 64, "epochs": 20, "kernel_size": 5, "attention_heads": 8}, "parameter_index": 0}',
    index: 0
  },
  placementConstraint: { type: 'None', gpus: [] }
}
[2026-05-19 19:12:12] INFO (LocalV3.local) Created trial dsN1c
[2026-05-19 19:12:14] INFO (LocalV3.local) Trial parameter: dsN1c {"parameter_id": 32, "parameter_source": "algorithm", "parameters": {"model_type": "LSTM", "units": 256, "num_layers": 4, "dropout": 0.2, "activation": "sigmoid", "lr": 0.00020344928123478963, "window_size": 22, "batch_size": 64, "epochs": 20, "kernel_size": 5, "attention_heads": 8}, "parameter_index": 0}
[2026-05-19 19:15:27] INFO (NNIManager) Trial job dsN1c status changed from RUNNING to SUCCEEDED
[2026-05-19 19:15:27] INFO (NNIManager) NNIManager received command from dispatcher: TR, {"parameter_id": 33, "parameter_source": "algorithm", "parameters": {"model_type": "TCN", "units": 32, "num_layers": 2, "dropout": 0.2, "activation": "relu", "lr": 0.0005859820306960933, "window_size": 13, "batch_size": 128, "epochs": 5, "kernel_size": 7, "attention_heads": 8}, "parameter_index": 0}
[2026-05-19 19:15:27] INFO (NNIManager) submitTrialJob: form: {
  sequenceId: 33,
  hyperParameters: {
    value: '{"parameter_id": 33, "parameter_source": "algorithm", "parameters": {"model_type": "TCN", "units": 32, "num_layers": 2, "dropout": 0.2, "activation": "relu", "lr": 0.0005859820306960933, "window_size": 13, "batch_size": 128, "epochs": 5, "kernel_size": 7, "attention_heads": 8}, "parameter_index": 0}',
    index: 0
  },
  placementConstraint: { type: 'None', gpus: [] }
}
[2026-05-19 19:15:27] INFO (LocalV3.local) Created trial BUsV7
[2026-05-19 19:15:30] INFO (LocalV3.local) Trial parameter: BUsV7 {"parameter_id": 33, "parameter_source": "algorithm", "parameters": {"model_type": "TCN", "units": 32, "num_layers": 2, "dropout": 0.2, "activation": "relu", "lr": 0.0005859820306960933, "window_size": 13, "batch_size": 128, "epochs": 5, "kernel_size": 7, "attention_heads": 8}, "parameter_index": 0}
[2026-05-19 19:15:33] INFO (NNIManager) Trial job BUsV7 status changed from RUNNING to SUCCEEDED
[2026-05-19 19:15:33] INFO (NNIManager) NNIManager received command from dispatcher: TR, {"parameter_id": 34, "parameter_source": "algorithm", "parameters": {"model_type": "Transformer", "units": 64, "num_layers": 2, "dropout": 0.2, "activation": "relu", "lr": 0.003817848687437313, "window_size": 17, "batch_size": 64, "epochs": 20, "kernel_size": 3, "attention_heads": 4}, "parameter_index": 0}
[2026-05-19 19:15:34] INFO (NNIManager) submitTrialJob: form: {
  sequenceId: 34,
  hyperParameters: {
    value: '{"parameter_id": 34, "parameter_source": "algorithm", "parameters": {"model_type": "Transformer", "units": 64, "num_layers": 2, "dropout": 0.2, "activation": "relu", "lr": 0.003817848687437313, "window_size": 17, "batch_size": 64, "epochs": 20, "kernel_size": 3, "attention_heads": 4}, "parameter_index": 0}',
    index: 0
  },
  placementConstraint: { type: 'None', gpus: [] }
}
[2026-05-19 19:15:34] INFO (LocalV3.local) Created trial hsJF1
[2026-05-19 19:15:36] INFO (LocalV3.local) Trial parameter: hsJF1 {"parameter_id": 34, "parameter_source": "algorithm", "parameters": {"model_type": "Transformer", "units": 64, "num_layers": 2, "dropout": 0.2, "activation": "relu", "lr": 0.003817848687437313, "window_size": 17, "batch_size": 64, "epochs": 20, "kernel_size": 3, "attention_heads": 4}, "parameter_index": 0}
[2026-05-19 19:16:06] INFO (NNIManager) Trial job hsJF1 status changed from RUNNING to SUCCEEDED
[2026-05-19 19:16:06] INFO (NNIManager) NNIManager received command from dispatcher: TR, {"parameter_id": 35, "parameter_source": "algorithm", "parameters": {"model_type": "Transformer", "units": 256, "num_layers": 4, "dropout": 0.2, "activation": "elu", "lr": 0.001760583189819241, "window_size": 10, "batch_size": 16, "epochs": 10, "kernel_size": 5, "attention_heads": 4}, "parameter_index": 0}
[2026-05-19 19:16:07] INFO (NNIManager) submitTrialJob: form: {
  sequenceId: 35,
  hyperParameters: {
    value: '{"parameter_id": 35, "parameter_source": "algorithm", "parameters": {"model_type": "Transformer", "units": 256, "num_layers": 4, "dropout": 0.2, "activation": "elu", "lr": 0.001760583189819241, "window_size": 10, "batch_size": 16, "epochs": 10, "kernel_size": 5, "attention_heads": 4}, "parameter_index": 0}',
    index: 0
  },
  placementConstraint: { type: 'None', gpus: [] }
}
[2026-05-19 19:16:07] INFO (LocalV3.local) Created trial H37WR
[2026-05-19 19:16:10] INFO (LocalV3.local) Trial parameter: H37WR {"parameter_id": 35, "parameter_source": "algorithm", "parameters": {"model_type": "Transformer", "units": 256, "num_layers": 4, "dropout": 0.2, "activation": "elu", "lr": 0.001760583189819241, "window_size": 10, "batch_size": 16, "epochs": 10, "kernel_size": 5, "attention_heads": 4}, "parameter_index": 0}
[2026-05-19 19:18:28] INFO (NNIManager) Trial job H37WR status changed from RUNNING to SUCCEEDED
[2026-05-19 19:18:28] INFO (NNIManager) NNIManager received command from dispatcher: TR, {"parameter_id": 36, "parameter_source": "algorithm", "parameters": {"model_type": "GRU", "units": 128, "num_layers": 2, "dropout": 0.3, "activation": "sigmoid", "lr": 6.189680865695254e-05, "window_size": 19, "batch_size": 16, "epochs": 15, "kernel_size": 3, "attention_heads": 2}, "parameter_index": 0}
[2026-05-19 19:18:29] INFO (NNIManager) submitTrialJob: form: {
  sequenceId: 36,
  hyperParameters: {
    value: '{"parameter_id": 36, "parameter_source": "algorithm", "parameters": {"model_type": "GRU", "units": 128, "num_layers": 2, "dropout": 0.3, "activation": "sigmoid", "lr": 6.189680865695254e-05, "window_size": 19, "batch_size": 16, "epochs": 15, "kernel_size": 3, "attention_heads": 2}, "parameter_index": 0}',
    index: 0
  },
  placementConstraint: { type: 'None', gpus: [] }
}
[2026-05-19 19:18:29] INFO (LocalV3.local) Created trial IDGMs
[2026-05-19 19:18:31] INFO (LocalV3.local) Trial parameter: IDGMs {"parameter_id": 36, "parameter_source": "algorithm", "parameters": {"model_type": "GRU", "units": 128, "num_layers": 2, "dropout": 0.3, "activation": "sigmoid", "lr": 6.189680865695254e-05, "window_size": 19, "batch_size": 16, "epochs": 15, "kernel_size": 3, "attention_heads": 2}, "parameter_index": 0}
[2026-05-19 19:19:49] INFO (NNIManager) Trial job IDGMs status changed from RUNNING to SUCCEEDED
[2026-05-19 19:19:49] INFO (NNIManager) NNIManager received command from dispatcher: TR, {"parameter_id": 37, "parameter_source": "algorithm", "parameters": {"model_type": "RNN", "units": 64, "num_layers": 1, "dropout": 0.5, "activation": "relu", "lr": 0.00018189940609790556, "window_size": 28, "batch_size": 32, "epochs": 15, "kernel_size": 2, "attention_heads": 8}, "parameter_index": 0}
[2026-05-19 19:19:50] INFO (NNIManager) submitTrialJob: form: {
  sequenceId: 37,
  hyperParameters: {
    value: '{"parameter_id": 37, "parameter_source": "algorithm", "parameters": {"model_type": "RNN", "units": 64, "num_layers": 1, "dropout": 0.5, "activation": "relu", "lr": 0.00018189940609790556, "window_size": 28, "batch_size": 32, "epochs": 15, "kernel_size": 2, "attention_heads": 8}, "parameter_index": 0}',
    index: 0
  },
  placementConstraint: { type: 'None', gpus: [] }
}
[2026-05-19 19:19:50] INFO (LocalV3.local) Created trial mOXBh
[2026-05-19 19:19:52] INFO (LocalV3.local) Trial parameter: mOXBh {"parameter_id": 37, "parameter_source": "algorithm", "parameters": {"model_type": "RNN", "units": 64, "num_layers": 1, "dropout": 0.5, "activation": "relu", "lr": 0.00018189940609790556, "window_size": 28, "batch_size": 32, "epochs": 15, "kernel_size": 2, "attention_heads": 8}, "parameter_index": 0}
[2026-05-19 19:20:07] INFO (NNIManager) Trial job mOXBh status changed from RUNNING to SUCCEEDED
[2026-05-19 19:20:07] INFO (NNIManager) NNIManager received command from dispatcher: TR, {"parameter_id": 38, "parameter_source": "algorithm", "parameters": {"model_type": "GRU", "units": 32, "num_layers": 2, "dropout": 0.5, "activation": "elu", "lr": 2.52908482703002e-05, "window_size": 21, "batch_size": 16, "epochs": 5, "kernel_size": 3, "attention_heads": 4}, "parameter_index": 0}
[2026-05-19 19:20:07] INFO (NNIManager) submitTrialJob: form: {
  sequenceId: 38,
  hyperParameters: {
    value: '{"parameter_id": 38, "parameter_source": "algorithm", "parameters": {"model_type": "GRU", "units": 32, "num_layers": 2, "dropout": 0.5, "activation": "elu", "lr": 2.52908482703002e-05, "window_size": 21, "batch_size": 16, "epochs": 5, "kernel_size": 3, "attention_heads": 4}, "parameter_index": 0}',
    index: 0
  },
  placementConstraint: { type: 'None', gpus: [] }
}
[2026-05-19 19:20:07] INFO (LocalV3.local) Created trial ZbYQG
[2026-05-19 19:20:10] INFO (LocalV3.local) Trial parameter: ZbYQG {"parameter_id": 38, "parameter_source": "algorithm", "parameters": {"model_type": "GRU", "units": 32, "num_layers": 2, "dropout": 0.5, "activation": "elu", "lr": 2.52908482703002e-05, "window_size": 21, "batch_size": 16, "epochs": 5, "kernel_size": 3, "attention_heads": 4}, "parameter_index": 0}
[2026-05-19 19:20:37] INFO (NNIManager) Trial job ZbYQG status changed from RUNNING to SUCCEEDED
[2026-05-19 19:20:37] INFO (NNIManager) NNIManager received command from dispatcher: TR, {"parameter_id": 39, "parameter_source": "algorithm", "parameters": {"model_type": "Transformer", "units": 64, "num_layers": 2, "dropout": 0.3, "activation": "tanh", "lr": 0.0027448410708920856, "window_size": 6, "batch_size": 128, "epochs": 10, "kernel_size": 7, "attention_heads": 2}, "parameter_index": 0}
[2026-05-19 19:20:38] INFO (NNIManager) submitTrialJob: form: {
  sequenceId: 39,
  hyperParameters: {
    value: '{"parameter_id": 39, "parameter_source": "algorithm", "parameters": {"model_type": "Transformer", "units": 64, "num_layers": 2, "dropout": 0.3, "activation": "tanh", "lr": 0.0027448410708920856, "window_size": 6, "batch_size": 128, "epochs": 10, "kernel_size": 7, "attention_heads": 2}, "parameter_index": 0}',
    index: 0
  },
  placementConstraint: { type: 'None', gpus: [] }
}
[2026-05-19 19:20:38] INFO (LocalV3.local) Created trial PdlDq
[2026-05-19 19:20:40] INFO (LocalV3.local) Trial parameter: PdlDq {"parameter_id": 39, "parameter_source": "algorithm", "parameters": {"model_type": "Transformer", "units": 64, "num_layers": 2, "dropout": 0.3, "activation": "tanh", "lr": 0.0027448410708920856, "window_size": 6, "batch_size": 128, "epochs": 10, "kernel_size": 7, "attention_heads": 2}, "parameter_index": 0}
[2026-05-19 19:20:53] INFO (NNIManager) Trial job PdlDq status changed from RUNNING to SUCCEEDED
[2026-05-19 19:20:53] INFO (NNIManager) NNIManager received command from dispatcher: TR, {"parameter_id": 40, "parameter_source": "algorithm", "parameters": {"model_type": "RNN", "units": 32, "num_layers": 4, "dropout": 0, "activation": "relu", "lr": 0.00041883552484383267, "window_size": 30, "batch_size": 32, "epochs": 10, "kernel_size": 2, "attention_heads": 8}, "parameter_index": 0}
[2026-05-19 19:20:53] INFO (NNIManager) submitTrialJob: form: {
  sequenceId: 40,
  hyperParameters: {
    value: '{"parameter_id": 40, "parameter_source": "algorithm", "parameters": {"model_type": "RNN", "units": 32, "num_layers": 4, "dropout": 0, "activation": "relu", "lr": 0.00041883552484383267, "window_size": 30, "batch_size": 32, "epochs": 10, "kernel_size": 2, "attention_heads": 8}, "parameter_index": 0}',
    index: 0
  },
  placementConstraint: { type: 'None', gpus: [] }
}
[2026-05-19 19:20:53] INFO (LocalV3.local) Created trial c1AIZ
[2026-05-19 19:20:56] INFO (LocalV3.local) Trial parameter: c1AIZ {"parameter_id": 40, "parameter_source": "algorithm", "parameters": {"model_type": "RNN", "units": 32, "num_layers": 4, "dropout": 0, "activation": "relu", "lr": 0.00041883552484383267, "window_size": 30, "batch_size": 32, "epochs": 10, "kernel_size": 2, "attention_heads": 8}, "parameter_index": 0}
[2026-05-19 19:21:14] INFO (NNIManager) Trial job c1AIZ status changed from RUNNING to SUCCEEDED
[2026-05-19 19:21:14] INFO (NNIManager) NNIManager received command from dispatcher: TR, {"parameter_id": 41, "parameter_source": "algorithm", "parameters": {"model_type": "GRU", "units": 64, "num_layers": 1, "dropout": 0.5, "activation": "elu", "lr": 0.002716343764844697, "window_size": 25, "batch_size": 128, "epochs": 15, "kernel_size": 7, "attention_heads": 2}, "parameter_index": 0}
[2026-05-19 19:21:15] INFO (NNIManager) submitTrialJob: form: {
  sequenceId: 41,
  hyperParameters: {
    value: '{"parameter_id": 41, "parameter_source": "algorithm", "parameters": {"model_type": "GRU", "units": 64, "num_layers": 1, "dropout": 0.5, "activation": "elu", "lr": 0.002716343764844697, "window_size": 25, "batch_size": 128, "epochs": 15, "kernel_size": 7, "attention_heads": 2}, "parameter_index": 0}',
    index: 0
  },
  placementConstraint: { type: 'None', gpus: [] }
}
[2026-05-19 19:21:15] INFO (LocalV3.local) Created trial HKhZt
[2026-05-19 19:21:17] INFO (LocalV3.local) Trial parameter: HKhZt {"parameter_id": 41, "parameter_source": "algorithm", "parameters": {"model_type": "GRU", "units": 64, "num_layers": 1, "dropout": 0.5, "activation": "elu", "lr": 0.002716343764844697, "window_size": 25, "batch_size": 128, "epochs": 15, "kernel_size": 7, "attention_heads": 2}, "parameter_index": 0}
[2026-05-19 19:21:31] INFO (NNIManager) Trial job HKhZt status changed from RUNNING to SUCCEEDED
[2026-05-19 19:21:31] INFO (NNIManager) NNIManager received command from dispatcher: TR, {"parameter_id": 42, "parameter_source": "algorithm", "parameters": {"model_type": "RNN", "units": 256, "num_layers": 1, "dropout": 0, "activation": "relu", "lr": 1.0663829621959546e-05, "window_size": 18, "batch_size": 128, "epochs": 20, "kernel_size": 5, "attention_heads": 8}, "parameter_index": 0}
[2026-05-19 19:21:31] INFO (NNIManager) submitTrialJob: form: {
  sequenceId: 42,
  hyperParameters: {
    value: '{"parameter_id": 42, "parameter_source": "algorithm", "parameters": {"model_type": "RNN", "units": 256, "num_layers": 1, "dropout": 0, "activation": "relu", "lr": 1.0663829621959546e-05, "window_size": 18, "batch_size": 128, "epochs": 20, "kernel_size": 5, "attention_heads": 8}, "parameter_index": 0}',
    index: 0
  },
  placementConstraint: { type: 'None', gpus: [] }
}
[2026-05-19 19:21:31] INFO (LocalV3.local) Created trial Vqg7C
[2026-05-19 19:21:33] INFO (LocalV3.local) Trial parameter: Vqg7C {"parameter_id": 42, "parameter_source": "algorithm", "parameters": {"model_type": "RNN", "units": 256, "num_layers": 1, "dropout": 0, "activation": "relu", "lr": 1.0663829621959546e-05, "window_size": 18, "batch_size": 128, "epochs": 20, "kernel_size": 5, "attention_heads": 8}, "parameter_index": 0}
[2026-05-19 19:21:51] INFO (NNIManager) Trial job Vqg7C status changed from RUNNING to SUCCEEDED
[2026-05-19 19:21:51] INFO (NNIManager) NNIManager received command from dispatcher: TR, {"parameter_id": 43, "parameter_source": "algorithm", "parameters": {"model_type": "LSTM", "units": 128, "num_layers": 1, "dropout": 0, "activation": "elu", "lr": 0.0024849640816641707, "window_size": 6, "batch_size": 64, "epochs": 10, "kernel_size": 7, "attention_heads": 2}, "parameter_index": 0}
[2026-05-19 19:21:52] INFO (NNIManager) submitTrialJob: form: {
  sequenceId: 43,
  hyperParameters: {
    value: '{"parameter_id": 43, "parameter_source": "algorithm", "parameters": {"model_type": "LSTM", "units": 128, "num_layers": 1, "dropout": 0, "activation": "elu", "lr": 0.0024849640816641707, "window_size": 6, "batch_size": 64, "epochs": 10, "kernel_size": 7, "attention_heads": 2}, "parameter_index": 0}',
    index: 0
  },
  placementConstraint: { type: 'None', gpus: [] }
}
[2026-05-19 19:21:52] INFO (LocalV3.local) Created trial hgNjk
[2026-05-19 19:21:54] INFO (LocalV3.local) Trial parameter: hgNjk {"parameter_id": 43, "parameter_source": "algorithm", "parameters": {"model_type": "LSTM", "units": 128, "num_layers": 1, "dropout": 0, "activation": "elu", "lr": 0.0024849640816641707, "window_size": 6, "batch_size": 64, "epochs": 10, "kernel_size": 7, "attention_heads": 2}, "parameter_index": 0}
[2026-05-19 19:22:03] INFO (NNIManager) Trial job hgNjk status changed from RUNNING to SUCCEEDED
[2026-05-19 19:22:03] INFO (NNIManager) NNIManager received command from dispatcher: TR, {"parameter_id": 44, "parameter_source": "algorithm", "parameters": {"model_type": "LSTM", "units": 128, "num_layers": 1, "dropout": 0, "activation": "sigmoid", "lr": 0.00012184162316106873, "window_size": 17, "batch_size": 16, "epochs": 15, "kernel_size": 3, "attention_heads": 4}, "parameter_index": 0}
[2026-05-19 19:22:04] INFO (NNIManager) submitTrialJob: form: {
  sequenceId: 44,
  hyperParameters: {
    value: '{"parameter_id": 44, "parameter_source": "algorithm", "parameters": {"model_type": "LSTM", "units": 128, "num_layers": 1, "dropout": 0, "activation": "sigmoid", "lr": 0.00012184162316106873, "window_size": 17, "batch_size": 16, "epochs": 15, "kernel_size": 3, "attention_heads": 4}, "parameter_index": 0}',
    index: 0
  },
  placementConstraint: { type: 'None', gpus: [] }
}
[2026-05-19 19:22:04] INFO (LocalV3.local) Created trial FxtO8
[2026-05-19 19:22:06] INFO (LocalV3.local) Trial parameter: FxtO8 {"parameter_id": 44, "parameter_source": "algorithm", "parameters": {"model_type": "LSTM", "units": 128, "num_layers": 1, "dropout": 0, "activation": "sigmoid", "lr": 0.00012184162316106873, "window_size": 17, "batch_size": 16, "epochs": 15, "kernel_size": 3, "attention_heads": 4}, "parameter_index": 0}
[2026-05-19 19:22:38] INFO (NNIManager) Trial job FxtO8 status changed from RUNNING to SUCCEEDED
[2026-05-19 19:22:38] INFO (NNIManager) NNIManager received command from dispatcher: TR, {"parameter_id": 45, "parameter_source": "algorithm", "parameters": {"model_type": "RNN", "units": 256, "num_layers": 3, "dropout": 0.1, "activation": "relu", "lr": 2.4408468571714464e-05, "window_size": 5, "batch_size": 32, "epochs": 5, "kernel_size": 2, "attention_heads": 4}, "parameter_index": 0}
[2026-05-19 19:22:38] INFO (NNIManager) submitTrialJob: form: {
  sequenceId: 45,
  hyperParameters: {
    value: '{"parameter_id": 45, "parameter_source": "algorithm", "parameters": {"model_type": "RNN", "units": 256, "num_layers": 3, "dropout": 0.1, "activation": "relu", "lr": 2.4408468571714464e-05, "window_size": 5, "batch_size": 32, "epochs": 5, "kernel_size": 2, "attention_heads": 4}, "parameter_index": 0}',
    index: 0
  },
  placementConstraint: { type: 'None', gpus: [] }
}
[2026-05-19 19:22:38] INFO (LocalV3.local) Created trial C3TRi
[2026-05-19 19:22:40] INFO (LocalV3.local) Trial parameter: C3TRi {"parameter_id": 45, "parameter_source": "algorithm", "parameters": {"model_type": "RNN", "units": 256, "num_layers": 3, "dropout": 0.1, "activation": "relu", "lr": 2.4408468571714464e-05, "window_size": 5, "batch_size": 32, "epochs": 5, "kernel_size": 2, "attention_heads": 4}, "parameter_index": 0}
[2026-05-19 19:22:51] INFO (NNIManager) Trial job C3TRi status changed from RUNNING to SUCCEEDED
[2026-05-19 19:22:52] INFO (NNIManager) NNIManager received command from dispatcher: TR, {"parameter_id": 46, "parameter_source": "algorithm", "parameters": {"model_type": "LSTM", "units": 16, "num_layers": 1, "dropout": 0.2, "activation": "sigmoid", "lr": 0.006871416007435145, "window_size": 7, "batch_size": 32, "epochs": 10, "kernel_size": 5, "attention_heads": 2}, "parameter_index": 0}
[2026-05-19 19:22:52] INFO (NNIManager) submitTrialJob: form: {
  sequenceId: 46,
  hyperParameters: {
    value: '{"parameter_id": 46, "parameter_source": "algorithm", "parameters": {"model_type": "LSTM", "units": 16, "num_layers": 1, "dropout": 0.2, "activation": "sigmoid", "lr": 0.006871416007435145, "window_size": 7, "batch_size": 32, "epochs": 10, "kernel_size": 5, "attention_heads": 2}, "parameter_index": 0}',
    index: 0
  },
  placementConstraint: { type: 'None', gpus: [] }
}
[2026-05-19 19:22:52] INFO (LocalV3.local) Created trial EtLqz
[2026-05-19 19:22:54] INFO (LocalV3.local) Trial parameter: EtLqz {"parameter_id": 46, "parameter_source": "algorithm", "parameters": {"model_type": "LSTM", "units": 16, "num_layers": 1, "dropout": 0.2, "activation": "sigmoid", "lr": 0.006871416007435145, "window_size": 7, "batch_size": 32, "epochs": 10, "kernel_size": 5, "attention_heads": 2}, "parameter_index": 0}
[2026-05-19 19:23:03] INFO (NNIManager) Trial job EtLqz status changed from RUNNING to SUCCEEDED
[2026-05-19 19:23:03] INFO (NNIManager) NNIManager received command from dispatcher: TR, {"parameter_id": 47, "parameter_source": "algorithm", "parameters": {"model_type": "LSTM", "units": 256, "num_layers": 1, "dropout": 0.3, "activation": "elu", "lr": 0.000517780577074086, "window_size": 15, "batch_size": 128, "epochs": 5, "kernel_size": 5, "attention_heads": 4}, "parameter_index": 0}
[2026-05-19 19:23:03] INFO (NNIManager) submitTrialJob: form: {
  sequenceId: 47,
  hyperParameters: {
    value: '{"parameter_id": 47, "parameter_source": "algorithm", "parameters": {"model_type": "LSTM", "units": 256, "num_layers": 1, "dropout": 0.3, "activation": "elu", "lr": 0.000517780577074086, "window_size": 15, "batch_size": 128, "epochs": 5, "kernel_size": 5, "attention_heads": 4}, "parameter_index": 0}',
    index: 0
  },
  placementConstraint: { type: 'None', gpus: [] }
}
[2026-05-19 19:23:03] INFO (LocalV3.local) Created trial S7S53
[2026-05-19 19:23:05] INFO (LocalV3.local) Trial parameter: S7S53 {"parameter_id": 47, "parameter_source": "algorithm", "parameters": {"model_type": "LSTM", "units": 256, "num_layers": 1, "dropout": 0.3, "activation": "elu", "lr": 0.000517780577074086, "window_size": 15, "batch_size": 128, "epochs": 5, "kernel_size": 5, "attention_heads": 4}, "parameter_index": 0}
[2026-05-19 19:23:15] INFO (NNIManager) Trial job S7S53 status changed from RUNNING to SUCCEEDED
[2026-05-19 19:23:15] INFO (NNIManager) NNIManager received command from dispatcher: TR, {"parameter_id": 48, "parameter_source": "algorithm", "parameters": {"model_type": "TCN", "units": 128, "num_layers": 2, "dropout": 0.1, "activation": "sigmoid", "lr": 1.5428938432649357e-05, "window_size": 26, "batch_size": 32, "epochs": 20, "kernel_size": 3, "attention_heads": 8}, "parameter_index": 0}
[2026-05-19 19:23:16] INFO (NNIManager) submitTrialJob: form: {
  sequenceId: 48,
  hyperParameters: {
    value: '{"parameter_id": 48, "parameter_source": "algorithm", "parameters": {"model_type": "TCN", "units": 128, "num_layers": 2, "dropout": 0.1, "activation": "sigmoid", "lr": 1.5428938432649357e-05, "window_size": 26, "batch_size": 32, "epochs": 20, "kernel_size": 3, "attention_heads": 8}, "parameter_index": 0}',
    index: 0
  },
  placementConstraint: { type: 'None', gpus: [] }
}
[2026-05-19 19:23:16] INFO (LocalV3.local) Created trial Jpusi
[2026-05-19 19:23:17] INFO (LocalV3.local) Trial parameter: Jpusi {"parameter_id": 48, "parameter_source": "algorithm", "parameters": {"model_type": "TCN", "units": 128, "num_layers": 2, "dropout": 0.1, "activation": "sigmoid", "lr": 1.5428938432649357e-05, "window_size": 26, "batch_size": 32, "epochs": 20, "kernel_size": 3, "attention_heads": 8}, "parameter_index": 0}
[2026-05-19 19:23:38] INFO (NNIManager) Trial job Jpusi status changed from RUNNING to SUCCEEDED
[2026-05-19 19:23:38] INFO (NNIManager) NNIManager received command from dispatcher: TR, {"parameter_id": 49, "parameter_source": "algorithm", "parameters": {"model_type": "RNN", "units": 16, "num_layers": 3, "dropout": 0.5, "activation": "tanh", "lr": 2.3096443581325233e-05, "window_size": 14, "batch_size": 16, "epochs": 5, "kernel_size": 3, "attention_heads": 2}, "parameter_index": 0}
[2026-05-19 19:23:39] INFO (NNIManager) submitTrialJob: form: {
  sequenceId: 49,
  hyperParameters: {
    value: '{"parameter_id": 49, "parameter_source": "algorithm", "parameters": {"model_type": "RNN", "units": 16, "num_layers": 3, "dropout": 0.5, "activation": "tanh", "lr": 2.3096443581325233e-05, "window_size": 14, "batch_size": 16, "epochs": 5, "kernel_size": 3, "attention_heads": 2}, "parameter_index": 0}',
    index: 0
  },
  placementConstraint: { type: 'None', gpus: [] }
}
[2026-05-19 19:23:39] INFO (LocalV3.local) Created trial eYAJ0
[2026-05-19 19:23:41] INFO (LocalV3.local) Trial parameter: eYAJ0 {"parameter_id": 49, "parameter_source": "algorithm", "parameters": {"model_type": "RNN", "units": 16, "num_layers": 3, "dropout": 0.5, "activation": "tanh", "lr": 2.3096443581325233e-05, "window_size": 14, "batch_size": 16, "epochs": 5, "kernel_size": 3, "attention_heads": 2}, "parameter_index": 0}
[2026-05-19 19:24:00] INFO (NNIManager) Trial job eYAJ0 status changed from RUNNING to SUCCEEDED
[2026-05-19 19:24:00] INFO (NNIManager) NNIManager received command from dispatcher: TR, {"parameter_id": 50, "parameter_source": "algorithm", "parameters": {"model_type": "LSTM", "units": 64, "num_layers": 1, "dropout": 0.3, "activation": "tanh", "lr": 1.4777106207080934e-05, "window_size": 21, "batch_size": 32, "epochs": 10, "kernel_size": 3, "attention_heads": 2}, "parameter_index": 0}
[2026-05-19 19:24:01] INFO (NNIManager) submitTrialJob: form: {
  sequenceId: 50,
  hyperParameters: {
    value: '{"parameter_id": 50, "parameter_source": "algorithm", "parameters": {"model_type": "LSTM", "units": 64, "num_layers": 1, "dropout": 0.3, "activation": "tanh", "lr": 1.4777106207080934e-05, "window_size": 21, "batch_size": 32, "epochs": 10, "kernel_size": 3, "attention_heads": 2}, "parameter_index": 0}',
    index: 0
  },
  placementConstraint: { type: 'None', gpus: [] }
}
[2026-05-19 19:24:01] INFO (LocalV3.local) Created trial yMEkg
[2026-05-19 19:24:04] INFO (LocalV3.local) Trial parameter: yMEkg {"parameter_id": 50, "parameter_source": "algorithm", "parameters": {"model_type": "LSTM", "units": 64, "num_layers": 1, "dropout": 0.3, "activation": "tanh", "lr": 1.4777106207080934e-05, "window_size": 21, "batch_size": 32, "epochs": 10, "kernel_size": 3, "attention_heads": 2}, "parameter_index": 0}
[2026-05-19 19:24:26] INFO (NNIManager) Trial job yMEkg status changed from RUNNING to SUCCEEDED
[2026-05-19 19:24:26] INFO (NNIManager) NNIManager received command from dispatcher: TR, {"parameter_id": 51, "parameter_source": "algorithm", "parameters": {"model_type": "LSTM", "units": 256, "num_layers": 2, "dropout": 0, "activation": "tanh", "lr": 4.7125075999900235e-05, "window_size": 25, "batch_size": 32, "epochs": 5, "kernel_size": 5, "attention_heads": 4}, "parameter_index": 0}
[2026-05-19 19:24:27] INFO (NNIManager) submitTrialJob: form: {
  sequenceId: 51,
  hyperParameters: {
    value: '{"parameter_id": 51, "parameter_source": "algorithm", "parameters": {"model_type": "LSTM", "units": 256, "num_layers": 2, "dropout": 0, "activation": "tanh", "lr": 4.7125075999900235e-05, "window_size": 25, "batch_size": 32, "epochs": 5, "kernel_size": 5, "attention_heads": 4}, "parameter_index": 0}',
    index: 0
  },
  placementConstraint: { type: 'None', gpus: [] }
}
[2026-05-19 19:24:27] INFO (LocalV3.local) Created trial hMxCb
[2026-05-19 19:24:30] INFO (LocalV3.local) Trial parameter: hMxCb {"parameter_id": 51, "parameter_source": "algorithm", "parameters": {"model_type": "LSTM", "units": 256, "num_layers": 2, "dropout": 0, "activation": "tanh", "lr": 4.7125075999900235e-05, "window_size": 25, "batch_size": 32, "epochs": 5, "kernel_size": 5, "attention_heads": 4}, "parameter_index": 0}
[2026-05-19 19:25:52] INFO (NNIManager) Trial job hMxCb status changed from RUNNING to SUCCEEDED
[2026-05-19 19:25:52] INFO (NNIManager) NNIManager received command from dispatcher: TR, {"parameter_id": 52, "parameter_source": "algorithm", "parameters": {"model_type": "GRU", "units": 32, "num_layers": 3, "dropout": 0.5, "activation": "tanh", "lr": 9.605472183375761e-05, "window_size": 24, "batch_size": 32, "epochs": 15, "kernel_size": 5, "attention_heads": 8}, "parameter_index": 0}
[2026-05-19 19:25:53] INFO (NNIManager) submitTrialJob: form: {
  sequenceId: 52,
  hyperParameters: {
    value: '{"parameter_id": 52, "parameter_source": "algorithm", "parameters": {"model_type": "GRU", "units": 32, "num_layers": 3, "dropout": 0.5, "activation": "tanh", "lr": 9.605472183375761e-05, "window_size": 24, "batch_size": 32, "epochs": 15, "kernel_size": 5, "attention_heads": 8}, "parameter_index": 0}',
    index: 0
  },
  placementConstraint: { type: 'None', gpus: [] }
}
[2026-05-19 19:25:53] INFO (LocalV3.local) Created trial jlRTW
[2026-05-19 19:25:55] INFO (LocalV3.local) Trial parameter: jlRTW {"parameter_id": 52, "parameter_source": "algorithm", "parameters": {"model_type": "GRU", "units": 32, "num_layers": 3, "dropout": 0.5, "activation": "tanh", "lr": 9.605472183375761e-05, "window_size": 24, "batch_size": 32, "epochs": 15, "kernel_size": 5, "attention_heads": 8}, "parameter_index": 0}
[2026-05-19 19:26:32] INFO (NNIManager) Trial job jlRTW status changed from RUNNING to SUCCEEDED
[2026-05-19 19:26:32] INFO (NNIManager) NNIManager received command from dispatcher: TR, {"parameter_id": 53, "parameter_source": "algorithm", "parameters": {"model_type": "LSTM", "units": 32, "num_layers": 3, "dropout": 0, "activation": "relu", "lr": 0.0008633086373770006, "window_size": 28, "batch_size": 64, "epochs": 10, "kernel_size": 7, "attention_heads": 4}, "parameter_index": 0}
[2026-05-19 19:26:33] INFO (NNIManager) submitTrialJob: form: {
  sequenceId: 53,
  hyperParameters: {
    value: '{"parameter_id": 53, "parameter_source": "algorithm", "parameters": {"model_type": "LSTM", "units": 32, "num_layers": 3, "dropout": 0, "activation": "relu", "lr": 0.0008633086373770006, "window_size": 28, "batch_size": 64, "epochs": 10, "kernel_size": 7, "attention_heads": 4}, "parameter_index": 0}',
    index: 0
  },
  placementConstraint: { type: 'None', gpus: [] }
}
[2026-05-19 19:26:33] INFO (LocalV3.local) Created trial VqCTG
[2026-05-19 19:26:35] INFO (LocalV3.local) Trial parameter: VqCTG {"parameter_id": 53, "parameter_source": "algorithm", "parameters": {"model_type": "LSTM", "units": 32, "num_layers": 3, "dropout": 0, "activation": "relu", "lr": 0.0008633086373770006, "window_size": 28, "batch_size": 64, "epochs": 10, "kernel_size": 7, "attention_heads": 4}, "parameter_index": 0}
[2026-05-19 19:26:57] INFO (NNIManager) Trial job VqCTG status changed from RUNNING to SUCCEEDED
[2026-05-19 19:26:57] INFO (NNIManager) NNIManager received command from dispatcher: TR, {"parameter_id": 54, "parameter_source": "algorithm", "parameters": {"model_type": "TCN", "units": 64, "num_layers": 2, "dropout": 0.3, "activation": "elu", "lr": 0.0016036783643078383, "window_size": 30, "batch_size": 128, "epochs": 10, "kernel_size": 7, "attention_heads": 8}, "parameter_index": 0}
[2026-05-19 19:26:57] INFO (NNIManager) submitTrialJob: form: {
  sequenceId: 54,
  hyperParameters: {
    value: '{"parameter_id": 54, "parameter_source": "algorithm", "parameters": {"model_type": "TCN", "units": 64, "num_layers": 2, "dropout": 0.3, "activation": "elu", "lr": 0.0016036783643078383, "window_size": 30, "batch_size": 128, "epochs": 10, "kernel_size": 7, "attention_heads": 8}, "parameter_index": 0}',
    index: 0
  },
  placementConstraint: { type: 'None', gpus: [] }
}
[2026-05-19 19:26:57] INFO (LocalV3.local) Created trial hjEyH
[2026-05-19 19:26:59] INFO (LocalV3.local) Trial parameter: hjEyH {"parameter_id": 54, "parameter_source": "algorithm", "parameters": {"model_type": "TCN", "units": 64, "num_layers": 2, "dropout": 0.3, "activation": "elu", "lr": 0.0016036783643078383, "window_size": 30, "batch_size": 128, "epochs": 10, "kernel_size": 7, "attention_heads": 8}, "parameter_index": 0}
[2026-05-19 19:27:05] INFO (NNIManager) Trial job hjEyH status changed from RUNNING to SUCCEEDED
[2026-05-19 19:27:05] INFO (NNIManager) NNIManager received command from dispatcher: TR, {"parameter_id": 55, "parameter_source": "algorithm", "parameters": {"model_type": "CNN", "units": 64, "num_layers": 2, "dropout": 0.3, "activation": "relu", "lr": 6.755190561347251e-05, "window_size": 11, "batch_size": 128, "epochs": 5, "kernel_size": 5, "attention_heads": 4}, "parameter_index": 0}
[2026-05-19 19:27:06] INFO (NNIManager) submitTrialJob: form: {
  sequenceId: 55,
  hyperParameters: {
    value: '{"parameter_id": 55, "parameter_source": "algorithm", "parameters": {"model_type": "CNN", "units": 64, "num_layers": 2, "dropout": 0.3, "activation": "relu", "lr": 6.755190561347251e-05, "window_size": 11, "batch_size": 128, "epochs": 5, "kernel_size": 5, "attention_heads": 4}, "parameter_index": 0}',
    index: 0
  },
  placementConstraint: { type: 'None', gpus: [] }
}
[2026-05-19 19:27:06] INFO (LocalV3.local) Created trial n1eRe
[2026-05-19 19:27:07] INFO (LocalV3.local) Trial parameter: n1eRe {"parameter_id": 55, "parameter_source": "algorithm", "parameters": {"model_type": "CNN", "units": 64, "num_layers": 2, "dropout": 0.3, "activation": "relu", "lr": 6.755190561347251e-05, "window_size": 11, "batch_size": 128, "epochs": 5, "kernel_size": 5, "attention_heads": 4}, "parameter_index": 0}
[2026-05-19 19:27:10] INFO (NNIManager) Trial job n1eRe status changed from RUNNING to SUCCEEDED
[2026-05-19 19:27:10] INFO (NNIManager) NNIManager received command from dispatcher: TR, {"parameter_id": 56, "parameter_source": "algorithm", "parameters": {"model_type": "Transformer", "units": 32, "num_layers": 2, "dropout": 0.3, "activation": "sigmoid", "lr": 0.003119576719468386, "window_size": 18, "batch_size": 128, "epochs": 10, "kernel_size": 5, "attention_heads": 4}, "parameter_index": 0}
[2026-05-19 19:27:11] INFO (NNIManager) submitTrialJob: form: {
  sequenceId: 56,
  hyperParameters: {
    value: '{"parameter_id": 56, "parameter_source": "algorithm", "parameters": {"model_type": "Transformer", "units": 32, "num_layers": 2, "dropout": 0.3, "activation": "sigmoid", "lr": 0.003119576719468386, "window_size": 18, "batch_size": 128, "epochs": 10, "kernel_size": 5, "attention_heads": 4}, "parameter_index": 0}',
    index: 0
  },
  placementConstraint: { type: 'None', gpus: [] }
}
[2026-05-19 19:27:11] INFO (LocalV3.local) Created trial Kx0L3
[2026-05-19 19:27:13] INFO (LocalV3.local) Trial parameter: Kx0L3 {"parameter_id": 56, "parameter_source": "algorithm", "parameters": {"model_type": "Transformer", "units": 32, "num_layers": 2, "dropout": 0.3, "activation": "sigmoid", "lr": 0.003119576719468386, "window_size": 18, "batch_size": 128, "epochs": 10, "kernel_size": 5, "attention_heads": 4}, "parameter_index": 0}
[2026-05-19 19:27:24] INFO (NNIManager) Trial job Kx0L3 status changed from RUNNING to SUCCEEDED
[2026-05-19 19:27:24] INFO (NNIManager) NNIManager received command from dispatcher: TR, {"parameter_id": 57, "parameter_source": "algorithm", "parameters": {"model_type": "RNN", "units": 16, "num_layers": 4, "dropout": 0.2, "activation": "relu", "lr": 5.1525669150441104e-05, "window_size": 21, "batch_size": 64, "epochs": 15, "kernel_size": 7, "attention_heads": 2}, "parameter_index": 0}
[2026-05-19 19:27:24] INFO (NNIManager) submitTrialJob: form: {
  sequenceId: 57,
  hyperParameters: {
    value: '{"parameter_id": 57, "parameter_source": "algorithm", "parameters": {"model_type": "RNN", "units": 16, "num_layers": 4, "dropout": 0.2, "activation": "relu", "lr": 5.1525669150441104e-05, "window_size": 21, "batch_size": 64, "epochs": 15, "kernel_size": 7, "attention_heads": 2}, "parameter_index": 0}',
    index: 0
  },
  placementConstraint: { type: 'None', gpus: [] }
}
[2026-05-19 19:27:24] INFO (LocalV3.local) Created trial wYJAF
[2026-05-19 19:27:26] INFO (LocalV3.local) Trial parameter: wYJAF {"parameter_id": 57, "parameter_source": "algorithm", "parameters": {"model_type": "RNN", "units": 16, "num_layers": 4, "dropout": 0.2, "activation": "relu", "lr": 5.1525669150441104e-05, "window_size": 21, "batch_size": 64, "epochs": 15, "kernel_size": 7, "attention_heads": 2}, "parameter_index": 0}
[2026-05-19 19:27:42] INFO (NNIManager) Trial job wYJAF status changed from RUNNING to SUCCEEDED
[2026-05-19 19:27:42] INFO (NNIManager) NNIManager received command from dispatcher: TR, {"parameter_id": 58, "parameter_source": "algorithm", "parameters": {"model_type": "RNN", "units": 128, "num_layers": 2, "dropout": 0.1, "activation": "sigmoid", "lr": 0.00011813937805894538, "window_size": 23, "batch_size": 32, "epochs": 10, "kernel_size": 7, "attention_heads": 2}, "parameter_index": 0}
[2026-05-19 19:27:43] INFO (NNIManager) submitTrialJob: form: {
  sequenceId: 58,
  hyperParameters: {
    value: '{"parameter_id": 58, "parameter_source": "algorithm", "parameters": {"model_type": "RNN", "units": 128, "num_layers": 2, "dropout": 0.1, "activation": "sigmoid", "lr": 0.00011813937805894538, "window_size": 23, "batch_size": 32, "epochs": 10, "kernel_size": 7, "attention_heads": 2}, "parameter_index": 0}',
    index: 0
  },
  placementConstraint: { type: 'None', gpus: [] }
}
[2026-05-19 19:27:43] INFO (LocalV3.local) Created trial zLCxn
[2026-05-19 19:27:45] INFO (LocalV3.local) Trial parameter: zLCxn {"parameter_id": 58, "parameter_source": "algorithm", "parameters": {"model_type": "RNN", "units": 128, "num_layers": 2, "dropout": 0.1, "activation": "sigmoid", "lr": 0.00011813937805894538, "window_size": 23, "batch_size": 32, "epochs": 10, "kernel_size": 7, "attention_heads": 2}, "parameter_index": 0}
[2026-05-19 19:28:03] INFO (NNIManager) Trial job zLCxn status changed from RUNNING to SUCCEEDED
[2026-05-19 19:28:03] INFO (NNIManager) NNIManager received command from dispatcher: TR, {"parameter_id": 59, "parameter_source": "algorithm", "parameters": {"model_type": "MLP", "units": 256, "num_layers": 1, "dropout": 0, "activation": "elu", "lr": 0.00024757276286607033, "window_size": 16, "batch_size": 32, "epochs": 15, "kernel_size": 3, "attention_heads": 2}, "parameter_index": 0}
[2026-05-19 19:28:03] INFO (NNIManager) submitTrialJob: form: {
  sequenceId: 59,
  hyperParameters: {
    value: '{"parameter_id": 59, "parameter_source": "algorithm", "parameters": {"model_type": "MLP", "units": 256, "num_layers": 1, "dropout": 0, "activation": "elu", "lr": 0.00024757276286607033, "window_size": 16, "batch_size": 32, "epochs": 15, "kernel_size": 3, "attention_heads": 2}, "parameter_index": 0}',
    index: 0
  },
  placementConstraint: { type: 'None', gpus: [] }
}
[2026-05-19 19:28:03] INFO (LocalV3.local) Created trial fQJRi
[2026-05-19 19:28:05] INFO (LocalV3.local) Trial parameter: fQJRi {"parameter_id": 59, "parameter_source": "algorithm", "parameters": {"model_type": "MLP", "units": 256, "num_layers": 1, "dropout": 0, "activation": "elu", "lr": 0.00024757276286607033, "window_size": 16, "batch_size": 32, "epochs": 15, "kernel_size": 3, "attention_heads": 2}, "parameter_index": 0}
[2026-05-19 19:28:11] INFO (NNIManager) Trial job fQJRi status changed from RUNNING to SUCCEEDED
[2026-05-19 19:28:11] INFO (NNIManager) NNIManager received command from dispatcher: TR, {"parameter_id": 60, "parameter_source": "algorithm", "parameters": {"model_type": "CNN", "units": 256, "num_layers": 2, "dropout": 0, "activation": "relu", "lr": 0.0002044666234872885, "window_size": 10, "batch_size": 128, "epochs": 15, "kernel_size": 7, "attention_heads": 8}, "parameter_index": 0}
[2026-05-19 19:28:12] INFO (NNIManager) submitTrialJob: form: {
  sequenceId: 60,
  hyperParameters: {
    value: '{"parameter_id": 60, "parameter_source": "algorithm", "parameters": {"model_type": "CNN", "units": 256, "num_layers": 2, "dropout": 0, "activation": "relu", "lr": 0.0002044666234872885, "window_size": 10, "batch_size": 128, "epochs": 15, "kernel_size": 7, "attention_heads": 8}, "parameter_index": 0}',
    index: 0
  },
  placementConstraint: { type: 'None', gpus: [] }
}
[2026-05-19 19:28:12] INFO (LocalV3.local) Created trial lNf1c
[2026-05-19 19:28:14] INFO (LocalV3.local) Trial parameter: lNf1c {"parameter_id": 60, "parameter_source": "algorithm", "parameters": {"model_type": "CNN", "units": 256, "num_layers": 2, "dropout": 0, "activation": "relu", "lr": 0.0002044666234872885, "window_size": 10, "batch_size": 128, "epochs": 15, "kernel_size": 7, "attention_heads": 8}, "parameter_index": 0}
[2026-05-19 19:28:26] INFO (NNIManager) Trial job lNf1c status changed from RUNNING to SUCCEEDED
[2026-05-19 19:28:26] INFO (NNIManager) NNIManager received command from dispatcher: TR, {"parameter_id": 61, "parameter_source": "algorithm", "parameters": {"model_type": "LSTM", "units": 16, "num_layers": 4, "dropout": 0.1, "activation": "relu", "lr": 0.004972458105142049, "window_size": 27, "batch_size": 64, "epochs": 10, "kernel_size": 3, "attention_heads": 4}, "parameter_index": 0}
[2026-05-19 19:28:26] INFO (NNIManager) submitTrialJob: form: {
  sequenceId: 61,
  hyperParameters: {
    value: '{"parameter_id": 61, "parameter_source": "algorithm", "parameters": {"model_type": "LSTM", "units": 16, "num_layers": 4, "dropout": 0.1, "activation": "relu", "lr": 0.004972458105142049, "window_size": 27, "batch_size": 64, "epochs": 10, "kernel_size": 3, "attention_heads": 4}, "parameter_index": 0}',
    index: 0
  },
  placementConstraint: { type: 'None', gpus: [] }
}
[2026-05-19 19:28:26] INFO (LocalV3.local) Created trial tEUlw
[2026-05-19 19:28:28] INFO (LocalV3.local) Trial parameter: tEUlw {"parameter_id": 61, "parameter_source": "algorithm", "parameters": {"model_type": "LSTM", "units": 16, "num_layers": 4, "dropout": 0.1, "activation": "relu", "lr": 0.004972458105142049, "window_size": 27, "batch_size": 64, "epochs": 10, "kernel_size": 3, "attention_heads": 4}, "parameter_index": 0}
[2026-05-19 19:28:57] INFO (NNIManager) Trial job tEUlw status changed from RUNNING to SUCCEEDED
[2026-05-19 19:28:57] INFO (NNIManager) NNIManager received command from dispatcher: TR, {"parameter_id": 62, "parameter_source": "algorithm", "parameters": {"model_type": "GRU", "units": 256, "num_layers": 1, "dropout": 0, "activation": "sigmoid", "lr": 2.3514622737180347e-05, "window_size": 28, "batch_size": 128, "epochs": 15, "kernel_size": 3, "attention_heads": 4}, "parameter_index": 0}
[2026-05-19 19:28:58] INFO (NNIManager) submitTrialJob: form: {
  sequenceId: 62,
  hyperParameters: {
    value: '{"parameter_id": 62, "parameter_source": "algorithm", "parameters": {"model_type": "GRU", "units": 256, "num_layers": 1, "dropout": 0, "activation": "sigmoid", "lr": 2.3514622737180347e-05, "window_size": 28, "batch_size": 128, "epochs": 15, "kernel_size": 3, "attention_heads": 4}, "parameter_index": 0}',
    index: 0
  },
  placementConstraint: { type: 'None', gpus: [] }
}
[2026-05-19 19:28:58] INFO (LocalV3.local) Created trial S8D7g
[2026-05-19 19:29:00] INFO (LocalV3.local) Trial parameter: S8D7g {"parameter_id": 62, "parameter_source": "algorithm", "parameters": {"model_type": "GRU", "units": 256, "num_layers": 1, "dropout": 0, "activation": "sigmoid", "lr": 2.3514622737180347e-05, "window_size": 28, "batch_size": 128, "epochs": 15, "kernel_size": 3, "attention_heads": 4}, "parameter_index": 0}
[2026-05-19 19:30:13] INFO (NNIManager) Trial job S8D7g status changed from RUNNING to SUCCEEDED
[2026-05-19 19:30:13] INFO (NNIManager) NNIManager received command from dispatcher: TR, {"parameter_id": 63, "parameter_source": "algorithm", "parameters": {"model_type": "TCN", "units": 64, "num_layers": 2, "dropout": 0.5, "activation": "elu", "lr": 0.0008949423189895538, "window_size": 6, "batch_size": 64, "epochs": 5, "kernel_size": 3, "attention_heads": 8}, "parameter_index": 0}
[2026-05-19 19:30:13] INFO (NNIManager) submitTrialJob: form: {
  sequenceId: 63,
  hyperParameters: {
    value: '{"parameter_id": 63, "parameter_source": "algorithm", "parameters": {"model_type": "TCN", "units": 64, "num_layers": 2, "dropout": 0.5, "activation": "elu", "lr": 0.0008949423189895538, "window_size": 6, "batch_size": 64, "epochs": 5, "kernel_size": 3, "attention_heads": 8}, "parameter_index": 0}',
    index: 0
  },
  placementConstraint: { type: 'None', gpus: [] }
}
[2026-05-19 19:30:13] INFO (LocalV3.local) Created trial WW0nn
[2026-05-19 19:30:17] INFO (LocalV3.local) Trial parameter: WW0nn {"parameter_id": 63, "parameter_source": "algorithm", "parameters": {"model_type": "TCN", "units": 64, "num_layers": 2, "dropout": 0.5, "activation": "elu", "lr": 0.0008949423189895538, "window_size": 6, "batch_size": 64, "epochs": 5, "kernel_size": 3, "attention_heads": 8}, "parameter_index": 0}
[2026-05-19 19:30:24] INFO (NNIManager) Trial job WW0nn status changed from RUNNING to SUCCEEDED
[2026-05-19 19:30:24] INFO (NNIManager) NNIManager received command from dispatcher: TR, {"parameter_id": 64, "parameter_source": "algorithm", "parameters": {"model_type": "Transformer", "units": 128, "num_layers": 2, "dropout": 0.2, "activation": "elu", "lr": 0.0009091819033186728, "window_size": 24, "batch_size": 128, "epochs": 5, "kernel_size": 2, "attention_heads": 4}, "parameter_index": 0}
[2026-05-19 19:30:25] INFO (NNIManager) submitTrialJob: form: {
  sequenceId: 64,
  hyperParameters: {
    value: '{"parameter_id": 64, "parameter_source": "algorithm", "parameters": {"model_type": "Transformer", "units": 128, "num_layers": 2, "dropout": 0.2, "activation": "elu", "lr": 0.0009091819033186728, "window_size": 24, "batch_size": 128, "epochs": 5, "kernel_size": 2, "attention_heads": 4}, "parameter_index": 0}',
    index: 0
  },
  placementConstraint: { type: 'None', gpus: [] }
}
[2026-05-19 19:30:25] INFO (LocalV3.local) Created trial bXcJk
[2026-05-19 19:30:29] INFO (LocalV3.local) Trial parameter: bXcJk {"parameter_id": 64, "parameter_source": "algorithm", "parameters": {"model_type": "Transformer", "units": 128, "num_layers": 2, "dropout": 0.2, "activation": "elu", "lr": 0.0009091819033186728, "window_size": 24, "batch_size": 128, "epochs": 5, "kernel_size": 2, "attention_heads": 4}, "parameter_index": 0}
[2026-05-19 19:30:53] INFO (NNIManager) Trial job bXcJk status changed from RUNNING to SUCCEEDED
[2026-05-19 19:30:53] INFO (NNIManager) NNIManager received command from dispatcher: TR, {"parameter_id": 65, "parameter_source": "algorithm", "parameters": {"model_type": "GRU", "units": 256, "num_layers": 3, "dropout": 0.1, "activation": "relu", "lr": 0.0038172973385655995, "window_size": 15, "batch_size": 32, "epochs": 10, "kernel_size": 2, "attention_heads": 4}, "parameter_index": 0}
[2026-05-19 19:30:53] INFO (NNIManager) submitTrialJob: form: {
  sequenceId: 65,
  hyperParameters: {
    value: '{"parameter_id": 65, "parameter_source": "algorithm", "parameters": {"model_type": "GRU", "units": 256, "num_layers": 3, "dropout": 0.1, "activation": "relu", "lr": 0.0038172973385655995, "window_size": 15, "batch_size": 32, "epochs": 10, "kernel_size": 2, "attention_heads": 4}, "parameter_index": 0}',
    index: 0
  },
  placementConstraint: { type: 'None', gpus: [] }
}
[2026-05-19 19:30:53] INFO (LocalV3.local) Created trial f58lb
[2026-05-19 19:30:55] INFO (LocalV3.local) Trial parameter: f58lb {"parameter_id": 65, "parameter_source": "algorithm", "parameters": {"model_type": "GRU", "units": 256, "num_layers": 3, "dropout": 0.1, "activation": "relu", "lr": 0.0038172973385655995, "window_size": 15, "batch_size": 32, "epochs": 10, "kernel_size": 2, "attention_heads": 4}, "parameter_index": 0}
[2026-05-19 19:32:29] INFO (NNIManager) Trial job f58lb status changed from RUNNING to SUCCEEDED
[2026-05-19 19:32:29] INFO (NNIManager) NNIManager received command from dispatcher: TR, {"parameter_id": 66, "parameter_source": "algorithm", "parameters": {"model_type": "CNN", "units": 32, "num_layers": 4, "dropout": 0.2, "activation": "sigmoid", "lr": 0.0042601167313208906, "window_size": 22, "batch_size": 64, "epochs": 5, "kernel_size": 2, "attention_heads": 8}, "parameter_index": 0}
[2026-05-19 19:32:29] INFO (NNIManager) submitTrialJob: form: {
  sequenceId: 66,
  hyperParameters: {
    value: '{"parameter_id": 66, "parameter_source": "algorithm", "parameters": {"model_type": "CNN", "units": 32, "num_layers": 4, "dropout": 0.2, "activation": "sigmoid", "lr": 0.0042601167313208906, "window_size": 22, "batch_size": 64, "epochs": 5, "kernel_size": 2, "attention_heads": 8}, "parameter_index": 0}',
    index: 0
  },
  placementConstraint: { type: 'None', gpus: [] }
}
[2026-05-19 19:32:29] INFO (LocalV3.local) Created trial o44t3
[2026-05-19 19:32:32] INFO (LocalV3.local) Trial parameter: o44t3 {"parameter_id": 66, "parameter_source": "algorithm", "parameters": {"model_type": "CNN", "units": 32, "num_layers": 4, "dropout": 0.2, "activation": "sigmoid", "lr": 0.0042601167313208906, "window_size": 22, "batch_size": 64, "epochs": 5, "kernel_size": 2, "attention_heads": 8}, "parameter_index": 0}
[2026-05-19 19:32:35] INFO (NNIManager) Trial job o44t3 status changed from RUNNING to SUCCEEDED
[2026-05-19 19:32:35] INFO (NNIManager) NNIManager received command from dispatcher: TR, {"parameter_id": 67, "parameter_source": "algorithm", "parameters": {"model_type": "LSTM", "units": 256, "num_layers": 3, "dropout": 0.3, "activation": "elu", "lr": 0.003223666443559425, "window_size": 22, "batch_size": 32, "epochs": 10, "kernel_size": 5, "attention_heads": 4}, "parameter_index": 0}
[2026-05-19 19:32:36] INFO (NNIManager) submitTrialJob: form: {
  sequenceId: 67,
  hyperParameters: {
    value: '{"parameter_id": 67, "parameter_source": "algorithm", "parameters": {"model_type": "LSTM", "units": 256, "num_layers": 3, "dropout": 0.3, "activation": "elu", "lr": 0.003223666443559425, "window_size": 22, "batch_size": 32, "epochs": 10, "kernel_size": 5, "attention_heads": 4}, "parameter_index": 0}',
    index: 0
  },
  placementConstraint: { type: 'None', gpus: [] }
}
[2026-05-19 19:32:36] INFO (LocalV3.local) Created trial GZQjr
[2026-05-19 19:32:38] INFO (LocalV3.local) Trial parameter: GZQjr {"parameter_id": 67, "parameter_source": "algorithm", "parameters": {"model_type": "LSTM", "units": 256, "num_layers": 3, "dropout": 0.3, "activation": "elu", "lr": 0.003223666443559425, "window_size": 22, "batch_size": 32, "epochs": 10, "kernel_size": 5, "attention_heads": 4}, "parameter_index": 0}
[2026-05-19 19:35:35] INFO (NNIManager) Trial job GZQjr status changed from RUNNING to SUCCEEDED
[2026-05-19 19:35:35] INFO (NNIManager) NNIManager received command from dispatcher: TR, {"parameter_id": 68, "parameter_source": "algorithm", "parameters": {"model_type": "Transformer", "units": 256, "num_layers": 2, "dropout": 0.1, "activation": "elu", "lr": 0.000671062725633665, "window_size": 16, "batch_size": 32, "epochs": 5, "kernel_size": 7, "attention_heads": 4}, "parameter_index": 0}
[2026-05-19 19:35:35] INFO (NNIManager) submitTrialJob: form: {
  sequenceId: 68,
  hyperParameters: {
    value: '{"parameter_id": 68, "parameter_source": "algorithm", "parameters": {"model_type": "Transformer", "units": 256, "num_layers": 2, "dropout": 0.1, "activation": "elu", "lr": 0.000671062725633665, "window_size": 16, "batch_size": 32, "epochs": 5, "kernel_size": 7, "attention_heads": 4}, "parameter_index": 0}',
    index: 0
  },
  placementConstraint: { type: 'None', gpus: [] }
}
[2026-05-19 19:35:35] INFO (LocalV3.local) Created trial xWr0w
[2026-05-19 19:35:38] INFO (LocalV3.local) Trial parameter: xWr0w {"parameter_id": 68, "parameter_source": "algorithm", "parameters": {"model_type": "Transformer", "units": 256, "num_layers": 2, "dropout": 0.1, "activation": "elu", "lr": 0.000671062725633665, "window_size": 16, "batch_size": 32, "epochs": 5, "kernel_size": 7, "attention_heads": 4}, "parameter_index": 0}
[2026-05-19 19:36:07] INFO (NNIManager) Trial job xWr0w status changed from RUNNING to SUCCEEDED
[2026-05-19 19:36:07] INFO (NNIManager) NNIManager received command from dispatcher: TR, {"parameter_id": 69, "parameter_source": "algorithm", "parameters": {"model_type": "LSTM", "units": 128, "num_layers": 1, "dropout": 0.3, "activation": "relu", "lr": 3.594910914584434e-05, "window_size": 27, "batch_size": 16, "epochs": 20, "kernel_size": 5, "attention_heads": 2}, "parameter_index": 0}
[2026-05-19 19:36:07] INFO (NNIManager) submitTrialJob: form: {
  sequenceId: 69,
  hyperParameters: {
    value: '{"parameter_id": 69, "parameter_source": "algorithm", "parameters": {"model_type": "LSTM", "units": 128, "num_layers": 1, "dropout": 0.3, "activation": "relu", "lr": 3.594910914584434e-05, "window_size": 27, "batch_size": 16, "epochs": 20, "kernel_size": 5, "attention_heads": 2}, "parameter_index": 0}',
    index: 0
  },
  placementConstraint: { type: 'None', gpus: [] }
}
[2026-05-19 19:36:07] INFO (LocalV3.local) Created trial fYkwt
[2026-05-19 19:36:10] INFO (LocalV3.local) Trial parameter: fYkwt {"parameter_id": 69, "parameter_source": "algorithm", "parameters": {"model_type": "LSTM", "units": 128, "num_layers": 1, "dropout": 0.3, "activation": "relu", "lr": 3.594910914584434e-05, "window_size": 27, "batch_size": 16, "epochs": 20, "kernel_size": 5, "attention_heads": 2}, "parameter_index": 0}
[2026-05-19 19:37:07] INFO (NNIManager) Trial job fYkwt status changed from RUNNING to SUCCEEDED
[2026-05-19 19:37:07] INFO (NNIManager) NNIManager received command from dispatcher: TR, {"parameter_id": 70, "parameter_source": "algorithm", "parameters": {"model_type": "Transformer", "units": 32, "num_layers": 3, "dropout": 0.5, "activation": "elu", "lr": 0.0002685715904738005, "window_size": 3, "batch_size": 64, "epochs": 10, "kernel_size": 7, "attention_heads": 2}, "parameter_index": 0}
[2026-05-19 19:37:08] INFO (NNIManager) submitTrialJob: form: {
  sequenceId: 70,
  hyperParameters: {
    value: '{"parameter_id": 70, "parameter_source": "algorithm", "parameters": {"model_type": "Transformer", "units": 32, "num_layers": 3, "dropout": 0.5, "activation": "elu", "lr": 0.0002685715904738005, "window_size": 3, "batch_size": 64, "epochs": 10, "kernel_size": 7, "attention_heads": 2}, "parameter_index": 0}',
    index: 0
  },
  placementConstraint: { type: 'None', gpus: [] }
}
[2026-05-19 19:37:08] INFO (LocalV3.local) Created trial rKIUk
[2026-05-19 19:37:10] INFO (LocalV3.local) Trial parameter: rKIUk {"parameter_id": 70, "parameter_source": "algorithm", "parameters": {"model_type": "Transformer", "units": 32, "num_layers": 3, "dropout": 0.5, "activation": "elu", "lr": 0.0002685715904738005, "window_size": 3, "batch_size": 64, "epochs": 10, "kernel_size": 7, "attention_heads": 2}, "parameter_index": 0}
[2026-05-19 19:37:22] INFO (NNIManager) Trial job rKIUk status changed from RUNNING to SUCCEEDED
[2026-05-19 19:37:22] INFO (NNIManager) NNIManager received command from dispatcher: TR, {"parameter_id": 71, "parameter_source": "algorithm", "parameters": {"model_type": "LSTM", "units": 16, "num_layers": 3, "dropout": 0, "activation": "tanh", "lr": 0.0001985558732702993, "window_size": 20, "batch_size": 128, "epochs": 15, "kernel_size": 7, "attention_heads": 8}, "parameter_index": 0}
[2026-05-19 19:37:22] INFO (NNIManager) submitTrialJob: form: {
  sequenceId: 71,
  hyperParameters: {
    value: '{"parameter_id": 71, "parameter_source": "algorithm", "parameters": {"model_type": "LSTM", "units": 16, "num_layers": 3, "dropout": 0, "activation": "tanh", "lr": 0.0001985558732702993, "window_size": 20, "batch_size": 128, "epochs": 15, "kernel_size": 7, "attention_heads": 8}, "parameter_index": 0}',
    index: 0
  },
  placementConstraint: { type: 'None', gpus: [] }
}
[2026-05-19 19:37:22] INFO (LocalV3.local) Created trial fcnHV
[2026-05-19 19:37:24] INFO (LocalV3.local) Trial parameter: fcnHV {"parameter_id": 71, "parameter_source": "algorithm", "parameters": {"model_type": "LSTM", "units": 16, "num_layers": 3, "dropout": 0, "activation": "tanh", "lr": 0.0001985558732702993, "window_size": 20, "batch_size": 128, "epochs": 15, "kernel_size": 7, "attention_heads": 8}, "parameter_index": 0}
[2026-05-19 19:37:40] INFO (NNIManager) Trial job fcnHV status changed from RUNNING to SUCCEEDED
[2026-05-19 19:37:40] INFO (NNIManager) NNIManager received command from dispatcher: TR, {"parameter_id": 72, "parameter_source": "algorithm", "parameters": {"model_type": "TCN", "units": 16, "num_layers": 1, "dropout": 0.5, "activation": "elu", "lr": 0.0015515133109577338, "window_size": 11, "batch_size": 64, "epochs": 20, "kernel_size": 5, "attention_heads": 2}, "parameter_index": 0}
[2026-05-19 19:37:41] INFO (NNIManager) submitTrialJob: form: {
  sequenceId: 72,
  hyperParameters: {
    value: '{"parameter_id": 72, "parameter_source": "algorithm", "parameters": {"model_type": "TCN", "units": 16, "num_layers": 1, "dropout": 0.5, "activation": "elu", "lr": 0.0015515133109577338, "window_size": 11, "batch_size": 64, "epochs": 20, "kernel_size": 5, "attention_heads": 2}, "parameter_index": 0}',
    index: 0
  },
  placementConstraint: { type: 'None', gpus: [] }
}
[2026-05-19 19:37:41] INFO (LocalV3.local) Created trial HaLis
[2026-05-19 19:37:43] INFO (LocalV3.local) Trial parameter: HaLis {"parameter_id": 72, "parameter_source": "algorithm", "parameters": {"model_type": "TCN", "units": 16, "num_layers": 1, "dropout": 0.5, "activation": "elu", "lr": 0.0015515133109577338, "window_size": 11, "batch_size": 64, "epochs": 20, "kernel_size": 5, "attention_heads": 2}, "parameter_index": 0}
[2026-05-19 19:37:48] INFO (NNIManager) Trial job HaLis status changed from RUNNING to SUCCEEDED
[2026-05-19 19:37:48] INFO (NNIManager) NNIManager received command from dispatcher: TR, {"parameter_id": 73, "parameter_source": "algorithm", "parameters": {"model_type": "CNN", "units": 256, "num_layers": 3, "dropout": 0, "activation": "relu", "lr": 0.005984392791732923, "window_size": 21, "batch_size": 32, "epochs": 15, "kernel_size": 2, "attention_heads": 8}, "parameter_index": 0}
[2026-05-19 19:37:49] INFO (NNIManager) submitTrialJob: form: {
  sequenceId: 73,
  hyperParameters: {
    value: '{"parameter_id": 73, "parameter_source": "algorithm", "parameters": {"model_type": "CNN", "units": 256, "num_layers": 3, "dropout": 0, "activation": "relu", "lr": 0.005984392791732923, "window_size": 21, "batch_size": 32, "epochs": 15, "kernel_size": 2, "attention_heads": 8}, "parameter_index": 0}',
    index: 0
  },
  placementConstraint: { type: 'None', gpus: [] }
}
[2026-05-19 19:37:49] INFO (LocalV3.local) Created trial ZDqwZ
[2026-05-19 19:37:51] INFO (LocalV3.local) Trial parameter: ZDqwZ {"parameter_id": 73, "parameter_source": "algorithm", "parameters": {"model_type": "CNN", "units": 256, "num_layers": 3, "dropout": 0, "activation": "relu", "lr": 0.005984392791732923, "window_size": 21, "batch_size": 32, "epochs": 15, "kernel_size": 2, "attention_heads": 8}, "parameter_index": 0}
[2026-05-19 19:38:10] INFO (NNIManager) Trial job ZDqwZ status changed from RUNNING to SUCCEEDED
[2026-05-19 19:38:10] INFO (NNIManager) NNIManager received command from dispatcher: TR, {"parameter_id": 74, "parameter_source": "algorithm", "parameters": {"model_type": "MLP", "units": 128, "num_layers": 3, "dropout": 0.5, "activation": "tanh", "lr": 0.008199672360339506, "window_size": 13, "batch_size": 128, "epochs": 20, "kernel_size": 2, "attention_heads": 4}, "parameter_index": 0}
[2026-05-19 19:38:11] INFO (NNIManager) submitTrialJob: form: {
  sequenceId: 74,
  hyperParameters: {
    value: '{"parameter_id": 74, "parameter_source": "algorithm", "parameters": {"model_type": "MLP", "units": 128, "num_layers": 3, "dropout": 0.5, "activation": "tanh", "lr": 0.008199672360339506, "window_size": 13, "batch_size": 128, "epochs": 20, "kernel_size": 2, "attention_heads": 4}, "parameter_index": 0}',
    index: 0
  },
  placementConstraint: { type: 'None', gpus: [] }
}
[2026-05-19 19:38:11] INFO (LocalV3.local) Created trial oxGuH
[2026-05-19 19:38:13] INFO (LocalV3.local) Trial parameter: oxGuH {"parameter_id": 74, "parameter_source": "algorithm", "parameters": {"model_type": "MLP", "units": 128, "num_layers": 3, "dropout": 0.5, "activation": "tanh", "lr": 0.008199672360339506, "window_size": 13, "batch_size": 128, "epochs": 20, "kernel_size": 2, "attention_heads": 4}, "parameter_index": 0}
[2026-05-19 19:38:19] INFO (NNIManager) Trial job oxGuH status changed from RUNNING to SUCCEEDED
[2026-05-19 19:38:19] INFO (NNIManager) NNIManager received command from dispatcher: TR, {"parameter_id": 75, "parameter_source": "algorithm", "parameters": {"model_type": "LSTM", "units": 64, "num_layers": 4, "dropout": 0.1, "activation": "sigmoid", "lr": 0.0005636465575288006, "window_size": 5, "batch_size": 16, "epochs": 5, "kernel_size": 3, "attention_heads": 8}, "parameter_index": 0}
[2026-05-19 19:38:20] INFO (NNIManager) submitTrialJob: form: {
  sequenceId: 75,
  hyperParameters: {
    value: '{"parameter_id": 75, "parameter_source": "algorithm", "parameters": {"model_type": "LSTM", "units": 64, "num_layers": 4, "dropout": 0.1, "activation": "sigmoid", "lr": 0.0005636465575288006, "window_size": 5, "batch_size": 16, "epochs": 5, "kernel_size": 3, "attention_heads": 8}, "parameter_index": 0}',
    index: 0
  },
  placementConstraint: { type: 'None', gpus: [] }
}
[2026-05-19 19:38:20] INFO (LocalV3.local) Created trial spQUj
[2026-05-19 19:38:22] INFO (LocalV3.local) Trial parameter: spQUj {"parameter_id": 75, "parameter_source": "algorithm", "parameters": {"model_type": "LSTM", "units": 64, "num_layers": 4, "dropout": 0.1, "activation": "sigmoid", "lr": 0.0005636465575288006, "window_size": 5, "batch_size": 16, "epochs": 5, "kernel_size": 3, "attention_heads": 8}, "parameter_index": 0}
[2026-05-19 19:38:48] INFO (NNIManager) Trial job spQUj status changed from RUNNING to SUCCEEDED
[2026-05-19 19:38:48] INFO (NNIManager) NNIManager received command from dispatcher: TR, {"parameter_id": 76, "parameter_source": "algorithm", "parameters": {"model_type": "CNN", "units": 128, "num_layers": 4, "dropout": 0.1, "activation": "sigmoid", "lr": 0.00021700187934534166, "window_size": 11, "batch_size": 32, "epochs": 15, "kernel_size": 2, "attention_heads": 2}, "parameter_index": 0}
[2026-05-19 19:38:49] INFO (NNIManager) submitTrialJob: form: {
  sequenceId: 76,
  hyperParameters: {
    value: '{"parameter_id": 76, "parameter_source": "algorithm", "parameters": {"model_type": "CNN", "units": 128, "num_layers": 4, "dropout": 0.1, "activation": "sigmoid", "lr": 0.00021700187934534166, "window_size": 11, "batch_size": 32, "epochs": 15, "kernel_size": 2, "attention_heads": 2}, "parameter_index": 0}',
    index: 0
  },
  placementConstraint: { type: 'None', gpus: [] }
}
[2026-05-19 19:38:49] INFO (LocalV3.local) Created trial E8G1i
[2026-05-19 19:38:51] INFO (LocalV3.local) Trial parameter: E8G1i {"parameter_id": 76, "parameter_source": "algorithm", "parameters": {"model_type": "CNN", "units": 128, "num_layers": 4, "dropout": 0.1, "activation": "sigmoid", "lr": 0.00021700187934534166, "window_size": 11, "batch_size": 32, "epochs": 15, "kernel_size": 2, "attention_heads": 2}, "parameter_index": 0}
[2026-05-19 19:39:12] INFO (NNIManager) Trial job E8G1i status changed from RUNNING to SUCCEEDED
[2026-05-19 19:39:12] INFO (NNIManager) NNIManager received command from dispatcher: TR, {"parameter_id": 77, "parameter_source": "algorithm", "parameters": {"model_type": "TCN", "units": 64, "num_layers": 4, "dropout": 0, "activation": "sigmoid", "lr": 0.00039902455624632216, "window_size": 20, "batch_size": 64, "epochs": 15, "kernel_size": 5, "attention_heads": 8}, "parameter_index": 0}
[2026-05-19 19:39:12] INFO (NNIManager) submitTrialJob: form: {
  sequenceId: 77,
  hyperParameters: {
    value: '{"parameter_id": 77, "parameter_source": "algorithm", "parameters": {"model_type": "TCN", "units": 64, "num_layers": 4, "dropout": 0, "activation": "sigmoid", "lr": 0.00039902455624632216, "window_size": 20, "batch_size": 64, "epochs": 15, "kernel_size": 5, "attention_heads": 8}, "parameter_index": 0}',
    index: 0
  },
  placementConstraint: { type: 'None', gpus: [] }
}
[2026-05-19 19:39:12] INFO (LocalV3.local) Created trial RxZIs
[2026-05-19 19:39:16] INFO (LocalV3.local) Trial parameter: RxZIs {"parameter_id": 77, "parameter_source": "algorithm", "parameters": {"model_type": "TCN", "units": 64, "num_layers": 4, "dropout": 0, "activation": "sigmoid", "lr": 0.00039902455624632216, "window_size": 20, "batch_size": 64, "epochs": 15, "kernel_size": 5, "attention_heads": 8}, "parameter_index": 0}
[2026-05-19 19:39:36] INFO (NNIManager) Trial job RxZIs status changed from RUNNING to SUCCEEDED
[2026-05-19 19:39:36] INFO (NNIManager) NNIManager received command from dispatcher: TR, {"parameter_id": 78, "parameter_source": "algorithm", "parameters": {"model_type": "GRU", "units": 16, "num_layers": 2, "dropout": 0.1, "activation": "elu", "lr": 0.004583856236321397, "window_size": 24, "batch_size": 64, "epochs": 10, "kernel_size": 3, "attention_heads": 2}, "parameter_index": 0}
[2026-05-19 19:39:37] INFO (NNIManager) submitTrialJob: form: {
  sequenceId: 78,
  hyperParameters: {
    value: '{"parameter_id": 78, "parameter_source": "algorithm", "parameters": {"model_type": "GRU", "units": 16, "num_layers": 2, "dropout": 0.1, "activation": "elu", "lr": 0.004583856236321397, "window_size": 24, "batch_size": 64, "epochs": 10, "kernel_size": 3, "attention_heads": 2}, "parameter_index": 0}',
    index: 0
  },
  placementConstraint: { type: 'None', gpus: [] }
}
[2026-05-19 19:39:37] INFO (LocalV3.local) Created trial LkfVx
[2026-05-19 19:39:41] INFO (LocalV3.local) Trial parameter: LkfVx {"parameter_id": 78, "parameter_source": "algorithm", "parameters": {"model_type": "GRU", "units": 16, "num_layers": 2, "dropout": 0.1, "activation": "elu", "lr": 0.004583856236321397, "window_size": 24, "batch_size": 64, "epochs": 10, "kernel_size": 3, "attention_heads": 2}, "parameter_index": 0}
[2026-05-19 19:40:08] INFO (NNIManager) Trial job LkfVx status changed from RUNNING to SUCCEEDED
[2026-05-19 19:40:08] INFO (NNIManager) NNIManager received command from dispatcher: TR, {"parameter_id": 79, "parameter_source": "algorithm", "parameters": {"model_type": "RNN", "units": 128, "num_layers": 4, "dropout": 0, "activation": "tanh", "lr": 0.003315921229378415, "window_size": 12, "batch_size": 32, "epochs": 20, "kernel_size": 3, "attention_heads": 4}, "parameter_index": 0}
[2026-05-19 19:40:08] INFO (NNIManager) submitTrialJob: form: {
  sequenceId: 79,
  hyperParameters: {
    value: '{"parameter_id": 79, "parameter_source": "algorithm", "parameters": {"model_type": "RNN", "units": 128, "num_layers": 4, "dropout": 0, "activation": "tanh", "lr": 0.003315921229378415, "window_size": 12, "batch_size": 32, "epochs": 20, "kernel_size": 3, "attention_heads": 4}, "parameter_index": 0}',
    index: 0
  },
  placementConstraint: { type: 'None', gpus: [] }
}
[2026-05-19 19:40:08] INFO (LocalV3.local) Created trial BJ0Ry
[2026-05-19 19:40:09] INFO (NNIManager) Change NNIManager status from: RUNNING to: NO_MORE_TRIAL
[2026-05-19 19:40:11] INFO (LocalV3.local) Trial parameter: BJ0Ry {"parameter_id": 79, "parameter_source": "algorithm", "parameters": {"model_type": "RNN", "units": 128, "num_layers": 4, "dropout": 0, "activation": "tanh", "lr": 0.003315921229378415, "window_size": 12, "batch_size": 32, "epochs": 20, "kernel_size": 3, "attention_heads": 4}, "parameter_index": 0}
[2026-05-19 19:40:19] INFO (ShutdownManager) Initiate shutdown: SIGTERM
[2026-05-19 19:40:19] INFO (RestServer) Stopping REST server.
[2026-05-19 19:40:19] INFO (NNIManager) Change NNIManager status from: NO_MORE_TRIAL to: STOPPING
[2026-05-19 19:40:19] INFO (NNIManager) Stopping experiment, cleaning up ...
[2026-05-19 19:40:19] INFO (RestServer) REST server stopped.
[2026-05-19 19:40:22] INFO (LocalV3.local) All trials stopped
[2026-05-19 19:40:22] INFO (NNIManager) Change NNIManager status from: STOPPING to: STOPPED
[2026-05-19 19:40:22] INFO (NNIManager) Experiment stopped.
[2026-05-19 19:40:22] INFO (NNITensorboardManager) Forced stopping all tensorboard task.
[2026-05-19 19:40:22] INFO (NNITensorboardManager) All tensorboard task stopped.
[2026-05-19 19:40:22] INFO (NNITensorboardManager) Tensorboard manager stopped.
[2026-05-19 19:40:22] INFO (ShutdownManager) Shutdown complete.
