[2026-05-19 12:59:36] INFO (main) Start NNI manager
[2026-05-19 12:59:36] INFO (RestServer) Starting REST server at port 8894, URL prefix: "/"
[2026-05-19 12:59:36] INFO (RestServer) REST server started.
[2026-05-19 12:59:36] INFO (NNIDataStore) Datastore initialization done
[2026-05-19 12:59:37] INFO (NNIManager) Starting experiment: d0yos92t
[2026-05-19 12:59:37] INFO (NNIManager) Setup training service...
[2026-05-19 12:59:37] INFO (NNIManager) Setup tuner...
[2026-05-19 12:59:37] INFO (NNIManager) Change NNIManager status from: INITIALIZED to: RUNNING
[2026-05-19 12:59:38] INFO (NNIManager) Add event listeners
[2026-05-19 12:59:38] INFO (LocalV3.local) Start
[2026-05-19 12:59:38] INFO (NNIManager) NNIManager received command from dispatcher: ID, 
[2026-05-19 12:59:38] INFO (NNIManager) NNIManager received command from dispatcher: TR, {"parameter_id": 0, "parameter_source": "algorithm", "parameters": {"model_type": "CNN", "units": 64, "num_layers": 2, "dropout": 0.2, "activation": "elu", "lr": 1.8460237801873976e-05, "window_size": 6, "batch_size": 32, "epochs": 20, "kernel_size": 2, "attention_heads": 4}, "parameter_index": 0}
[2026-05-19 12:59:39] INFO (NNIManager) submitTrialJob: form: {
  sequenceId: 0,
  hyperParameters: {
    value: '{"parameter_id": 0, "parameter_source": "algorithm", "parameters": {"model_type": "CNN", "units": 64, "num_layers": 2, "dropout": 0.2, "activation": "elu", "lr": 1.8460237801873976e-05, "window_size": 6, "batch_size": 32, "epochs": 20, "kernel_size": 2, "attention_heads": 4}, "parameter_index": 0}',
    index: 0
  },
  placementConstraint: { type: 'None', gpus: [] }
}
[2026-05-19 12:59:39] INFO (LocalV3.local) Register directory trial_code = /home/meliani/Desktop/phd/fast-track
[2026-05-19 12:59:39] INFO (LocalV3.local) Created trial LZjnU
[2026-05-19 12:59:42] INFO (LocalV3.local) Trial parameter: LZjnU {"parameter_id": 0, "parameter_source": "algorithm", "parameters": {"model_type": "CNN", "units": 64, "num_layers": 2, "dropout": 0.2, "activation": "elu", "lr": 1.8460237801873976e-05, "window_size": 6, "batch_size": 32, "epochs": 20, "kernel_size": 2, "attention_heads": 4}, "parameter_index": 0}
[2026-05-19 13:00:00] INFO (NNIManager) Trial job LZjnU status changed from RUNNING to SUCCEEDED
[2026-05-19 13:00:00] INFO (NNIManager) NNIManager received command from dispatcher: TR, {"parameter_id": 1, "parameter_source": "algorithm", "parameters": {"model_type": "Transformer", "units": 16, "num_layers": 1, "dropout": 0, "activation": "sigmoid", "lr": 9.952476117528776e-05, "window_size": 30, "batch_size": 16, "epochs": 15, "kernel_size": 7, "attention_heads": 2}, "parameter_index": 0}
[2026-05-19 13:00:00] INFO (NNIManager) submitTrialJob: form: {
  sequenceId: 1,
  hyperParameters: {
    value: '{"parameter_id": 1, "parameter_source": "algorithm", "parameters": {"model_type": "Transformer", "units": 16, "num_layers": 1, "dropout": 0, "activation": "sigmoid", "lr": 9.952476117528776e-05, "window_size": 30, "batch_size": 16, "epochs": 15, "kernel_size": 7, "attention_heads": 2}, "parameter_index": 0}',
    index: 0
  },
  placementConstraint: { type: 'None', gpus: [] }
}
[2026-05-19 13:00:00] INFO (LocalV3.local) Created trial KgzGM
[2026-05-19 13:00:04] INFO (LocalV3.local) Trial parameter: KgzGM {"parameter_id": 1, "parameter_source": "algorithm", "parameters": {"model_type": "Transformer", "units": 16, "num_layers": 1, "dropout": 0, "activation": "sigmoid", "lr": 9.952476117528776e-05, "window_size": 30, "batch_size": 16, "epochs": 15, "kernel_size": 7, "attention_heads": 2}, "parameter_index": 0}
[2026-05-19 13:00:23] INFO (NNIManager) Trial job KgzGM status changed from RUNNING to SUCCEEDED
[2026-05-19 13:00:23] INFO (NNIManager) NNIManager received command from dispatcher: TR, {"parameter_id": 2, "parameter_source": "algorithm", "parameters": {"model_type": "GRU", "units": 32, "num_layers": 2, "dropout": 0.3, "activation": "tanh", "lr": 0.006393477892317497, "window_size": 18, "batch_size": 128, "epochs": 5, "kernel_size": 3, "attention_heads": 4}, "parameter_index": 0}
[2026-05-19 13:00:23] INFO (NNIManager) submitTrialJob: form: {
  sequenceId: 2,
  hyperParameters: {
    value: '{"parameter_id": 2, "parameter_source": "algorithm", "parameters": {"model_type": "GRU", "units": 32, "num_layers": 2, "dropout": 0.3, "activation": "tanh", "lr": 0.006393477892317497, "window_size": 18, "batch_size": 128, "epochs": 5, "kernel_size": 3, "attention_heads": 4}, "parameter_index": 0}',
    index: 0
  },
  placementConstraint: { type: 'None', gpus: [] }
}
[2026-05-19 13:00:23] INFO (LocalV3.local) Created trial G7Wk0
[2026-05-19 13:00:25] INFO (LocalV3.local) Trial parameter: G7Wk0 {"parameter_id": 2, "parameter_source": "algorithm", "parameters": {"model_type": "GRU", "units": 32, "num_layers": 2, "dropout": 0.3, "activation": "tanh", "lr": 0.006393477892317497, "window_size": 18, "batch_size": 128, "epochs": 5, "kernel_size": 3, "attention_heads": 4}, "parameter_index": 0}
[2026-05-19 13:00:33] INFO (NNIManager) Trial job G7Wk0 status changed from RUNNING to SUCCEEDED
[2026-05-19 13:00:33] INFO (NNIManager) NNIManager received command from dispatcher: TR, {"parameter_id": 3, "parameter_source": "algorithm", "parameters": {"model_type": "CNN", "units": 64, "num_layers": 1, "dropout": 0, "activation": "elu", "lr": 0.0004192922515012726, "window_size": 20, "batch_size": 16, "epochs": 15, "kernel_size": 7, "attention_heads": 4}, "parameter_index": 0}
[2026-05-19 13:00:33] INFO (NNIManager) submitTrialJob: form: {
  sequenceId: 3,
  hyperParameters: {
    value: '{"parameter_id": 3, "parameter_source": "algorithm", "parameters": {"model_type": "CNN", "units": 64, "num_layers": 1, "dropout": 0, "activation": "elu", "lr": 0.0004192922515012726, "window_size": 20, "batch_size": 16, "epochs": 15, "kernel_size": 7, "attention_heads": 4}, "parameter_index": 0}',
    index: 0
  },
  placementConstraint: { type: 'None', gpus: [] }
}
[2026-05-19 13:00:33] INFO (LocalV3.local) Created trial g8ihc
[2026-05-19 13:00:35] INFO (LocalV3.local) Trial parameter: g8ihc {"parameter_id": 3, "parameter_source": "algorithm", "parameters": {"model_type": "CNN", "units": 64, "num_layers": 1, "dropout": 0, "activation": "elu", "lr": 0.0004192922515012726, "window_size": 20, "batch_size": 16, "epochs": 15, "kernel_size": 7, "attention_heads": 4}, "parameter_index": 0}
[2026-05-19 13:00:46] INFO (NNIManager) Trial job g8ihc status changed from RUNNING to SUCCEEDED
[2026-05-19 13:00:46] INFO (NNIManager) NNIManager received command from dispatcher: TR, {"parameter_id": 4, "parameter_source": "algorithm", "parameters": {"model_type": "TCN", "units": 32, "num_layers": 3, "dropout": 0.3, "activation": "tanh", "lr": 9.985482494013519e-05, "window_size": 17, "batch_size": 128, "epochs": 5, "kernel_size": 7, "attention_heads": 2}, "parameter_index": 0}
[2026-05-19 13:00:46] INFO (NNIManager) submitTrialJob: form: {
  sequenceId: 4,
  hyperParameters: {
    value: '{"parameter_id": 4, "parameter_source": "algorithm", "parameters": {"model_type": "TCN", "units": 32, "num_layers": 3, "dropout": 0.3, "activation": "tanh", "lr": 9.985482494013519e-05, "window_size": 17, "batch_size": 128, "epochs": 5, "kernel_size": 7, "attention_heads": 2}, "parameter_index": 0}',
    index: 0
  },
  placementConstraint: { type: 'None', gpus: [] }
}
[2026-05-19 13:00:46] INFO (LocalV3.local) Created trial sNAVm
[2026-05-19 13:00:49] INFO (LocalV3.local) Trial parameter: sNAVm {"parameter_id": 4, "parameter_source": "algorithm", "parameters": {"model_type": "TCN", "units": 32, "num_layers": 3, "dropout": 0.3, "activation": "tanh", "lr": 9.985482494013519e-05, "window_size": 17, "batch_size": 128, "epochs": 5, "kernel_size": 7, "attention_heads": 2}, "parameter_index": 0}
[2026-05-19 13:00:53] INFO (NNIManager) Trial job sNAVm status changed from RUNNING to SUCCEEDED
[2026-05-19 13:00:53] INFO (NNIManager) NNIManager received command from dispatcher: TR, {"parameter_id": 5, "parameter_source": "algorithm", "parameters": {"model_type": "TCN", "units": 64, "num_layers": 1, "dropout": 0.5, "activation": "sigmoid", "lr": 0.003750153125270544, "window_size": 15, "batch_size": 16, "epochs": 5, "kernel_size": 2, "attention_heads": 4}, "parameter_index": 0}
[2026-05-19 13:00:54] INFO (NNIManager) submitTrialJob: form: {
  sequenceId: 5,
  hyperParameters: {
    value: '{"parameter_id": 5, "parameter_source": "algorithm", "parameters": {"model_type": "TCN", "units": 64, "num_layers": 1, "dropout": 0.5, "activation": "sigmoid", "lr": 0.003750153125270544, "window_size": 15, "batch_size": 16, "epochs": 5, "kernel_size": 2, "attention_heads": 4}, "parameter_index": 0}',
    index: 0
  },
  placementConstraint: { type: 'None', gpus: [] }
}
[2026-05-19 13:00:54] INFO (LocalV3.local) Created trial bxj6Z
[2026-05-19 13:00:56] INFO (LocalV3.local) Trial parameter: bxj6Z {"parameter_id": 5, "parameter_source": "algorithm", "parameters": {"model_type": "TCN", "units": 64, "num_layers": 1, "dropout": 0.5, "activation": "sigmoid", "lr": 0.003750153125270544, "window_size": 15, "batch_size": 16, "epochs": 5, "kernel_size": 2, "attention_heads": 4}, "parameter_index": 0}
[2026-05-19 13:01:01] INFO (NNIManager) Trial job bxj6Z status changed from RUNNING to SUCCEEDED
[2026-05-19 13:01:01] INFO (NNIManager) NNIManager received command from dispatcher: TR, {"parameter_id": 6, "parameter_source": "algorithm", "parameters": {"model_type": "CNN", "units": 128, "num_layers": 2, "dropout": 0, "activation": "tanh", "lr": 5.1532408969247045e-05, "window_size": 7, "batch_size": 64, "epochs": 20, "kernel_size": 5, "attention_heads": 2}, "parameter_index": 0}
[2026-05-19 13:01:02] INFO (NNIManager) submitTrialJob: form: {
  sequenceId: 6,
  hyperParameters: {
    value: '{"parameter_id": 6, "parameter_source": "algorithm", "parameters": {"model_type": "CNN", "units": 128, "num_layers": 2, "dropout": 0, "activation": "tanh", "lr": 5.1532408969247045e-05, "window_size": 7, "batch_size": 64, "epochs": 20, "kernel_size": 5, "attention_heads": 2}, "parameter_index": 0}',
    index: 0
  },
  placementConstraint: { type: 'None', gpus: [] }
}
[2026-05-19 13:01:02] INFO (LocalV3.local) Created trial i5ZBV
[2026-05-19 13:01:04] INFO (LocalV3.local) Trial parameter: i5ZBV {"parameter_id": 6, "parameter_source": "algorithm", "parameters": {"model_type": "CNN", "units": 128, "num_layers": 2, "dropout": 0, "activation": "tanh", "lr": 5.1532408969247045e-05, "window_size": 7, "batch_size": 64, "epochs": 20, "kernel_size": 5, "attention_heads": 2}, "parameter_index": 0}
[2026-05-19 13:01:20] INFO (NNIManager) Trial job i5ZBV status changed from RUNNING to SUCCEEDED
[2026-05-19 13:01:20] INFO (NNIManager) NNIManager received command from dispatcher: TR, {"parameter_id": 7, "parameter_source": "algorithm", "parameters": {"model_type": "Transformer", "units": 128, "num_layers": 2, "dropout": 0, "activation": "tanh", "lr": 3.0397661518102768e-05, "window_size": 7, "batch_size": 128, "epochs": 15, "kernel_size": 3, "attention_heads": 4}, "parameter_index": 0}
[2026-05-19 13:01:20] INFO (NNIManager) submitTrialJob: form: {
  sequenceId: 7,
  hyperParameters: {
    value: '{"parameter_id": 7, "parameter_source": "algorithm", "parameters": {"model_type": "Transformer", "units": 128, "num_layers": 2, "dropout": 0, "activation": "tanh", "lr": 3.0397661518102768e-05, "window_size": 7, "batch_size": 128, "epochs": 15, "kernel_size": 3, "attention_heads": 4}, "parameter_index": 0}',
    index: 0
  },
  placementConstraint: { type: 'None', gpus: [] }
}
[2026-05-19 13:01:20] INFO (LocalV3.local) Created trial v1H3Q
[2026-05-19 13:01:24] INFO (LocalV3.local) Trial parameter: v1H3Q {"parameter_id": 7, "parameter_source": "algorithm", "parameters": {"model_type": "Transformer", "units": 128, "num_layers": 2, "dropout": 0, "activation": "tanh", "lr": 3.0397661518102768e-05, "window_size": 7, "batch_size": 128, "epochs": 15, "kernel_size": 3, "attention_heads": 4}, "parameter_index": 0}
[2026-05-19 13:01:52] INFO (NNIManager) Trial job v1H3Q status changed from RUNNING to SUCCEEDED
[2026-05-19 13:01:53] INFO (NNIManager) NNIManager received command from dispatcher: TR, {"parameter_id": 8, "parameter_source": "algorithm", "parameters": {"model_type": "RNN", "units": 64, "num_layers": 1, "dropout": 0.5, "activation": "relu", "lr": 5.178094836464138e-05, "window_size": 26, "batch_size": 16, "epochs": 10, "kernel_size": 2, "attention_heads": 4}, "parameter_index": 0}
[2026-05-19 13:01:53] INFO (NNIManager) submitTrialJob: form: {
  sequenceId: 8,
  hyperParameters: {
    value: '{"parameter_id": 8, "parameter_source": "algorithm", "parameters": {"model_type": "RNN", "units": 64, "num_layers": 1, "dropout": 0.5, "activation": "relu", "lr": 5.178094836464138e-05, "window_size": 26, "batch_size": 16, "epochs": 10, "kernel_size": 2, "attention_heads": 4}, "parameter_index": 0}',
    index: 0
  },
  placementConstraint: { type: 'None', gpus: [] }
}
[2026-05-19 13:01:53] INFO (LocalV3.local) Created trial iRTdu
[2026-05-19 13:01:55] INFO (LocalV3.local) Trial parameter: iRTdu {"parameter_id": 8, "parameter_source": "algorithm", "parameters": {"model_type": "RNN", "units": 64, "num_layers": 1, "dropout": 0.5, "activation": "relu", "lr": 5.178094836464138e-05, "window_size": 26, "batch_size": 16, "epochs": 10, "kernel_size": 2, "attention_heads": 4}, "parameter_index": 0}
[2026-05-19 13:02:12] INFO (NNIManager) Trial job iRTdu status changed from RUNNING to SUCCEEDED
[2026-05-19 13:02:12] INFO (NNIManager) NNIManager received command from dispatcher: TR, {"parameter_id": 9, "parameter_source": "algorithm", "parameters": {"model_type": "MLP", "units": 256, "num_layers": 4, "dropout": 0.3, "activation": "elu", "lr": 0.00039378344205632035, "window_size": 28, "batch_size": 16, "epochs": 10, "kernel_size": 3, "attention_heads": 4}, "parameter_index": 0}
[2026-05-19 13:02:12] INFO (NNIManager) submitTrialJob: form: {
  sequenceId: 9,
  hyperParameters: {
    value: '{"parameter_id": 9, "parameter_source": "algorithm", "parameters": {"model_type": "MLP", "units": 256, "num_layers": 4, "dropout": 0.3, "activation": "elu", "lr": 0.00039378344205632035, "window_size": 28, "batch_size": 16, "epochs": 10, "kernel_size": 3, "attention_heads": 4}, "parameter_index": 0}',
    index: 0
  },
  placementConstraint: { type: 'None', gpus: [] }
}
[2026-05-19 13:02:12] INFO (LocalV3.local) Created trial E5jfO
[2026-05-19 13:02:15] INFO (LocalV3.local) Trial parameter: E5jfO {"parameter_id": 9, "parameter_source": "algorithm", "parameters": {"model_type": "MLP", "units": 256, "num_layers": 4, "dropout": 0.3, "activation": "elu", "lr": 0.00039378344205632035, "window_size": 28, "batch_size": 16, "epochs": 10, "kernel_size": 3, "attention_heads": 4}, "parameter_index": 0}
[2026-05-19 13:02:32] INFO (NNIManager) Trial job E5jfO status changed from RUNNING to SUCCEEDED
[2026-05-19 13:02:32] INFO (NNIManager) NNIManager received command from dispatcher: TR, {"parameter_id": 10, "parameter_source": "algorithm", "parameters": {"model_type": "TCN", "units": 32, "num_layers": 4, "dropout": 0.1, "activation": "tanh", "lr": 1.5055726719436578e-05, "window_size": 10, "batch_size": 16, "epochs": 15, "kernel_size": 5, "attention_heads": 2}, "parameter_index": 0}
[2026-05-19 13:02:33] INFO (NNIManager) submitTrialJob: form: {
  sequenceId: 10,
  hyperParameters: {
    value: '{"parameter_id": 10, "parameter_source": "algorithm", "parameters": {"model_type": "TCN", "units": 32, "num_layers": 4, "dropout": 0.1, "activation": "tanh", "lr": 1.5055726719436578e-05, "window_size": 10, "batch_size": 16, "epochs": 15, "kernel_size": 5, "attention_heads": 2}, "parameter_index": 0}',
    index: 0
  },
  placementConstraint: { type: 'None', gpus: [] }
}
[2026-05-19 13:02:33] INFO (LocalV3.local) Created trial rpEjx
[2026-05-19 13:02:36] INFO (LocalV3.local) Trial parameter: rpEjx {"parameter_id": 10, "parameter_source": "algorithm", "parameters": {"model_type": "TCN", "units": 32, "num_layers": 4, "dropout": 0.1, "activation": "tanh", "lr": 1.5055726719436578e-05, "window_size": 10, "batch_size": 16, "epochs": 15, "kernel_size": 5, "attention_heads": 2}, "parameter_index": 0}
[2026-05-19 13:03:06] INFO (NNIManager) Trial job rpEjx status changed from RUNNING to SUCCEEDED
[2026-05-19 13:03:06] INFO (NNIManager) NNIManager received command from dispatcher: TR, {"parameter_id": 11, "parameter_source": "algorithm", "parameters": {"model_type": "GRU", "units": 256, "num_layers": 2, "dropout": 0.5, "activation": "tanh", "lr": 0.0041973311973930155, "window_size": 28, "batch_size": 16, "epochs": 10, "kernel_size": 7, "attention_heads": 8}, "parameter_index": 0}
[2026-05-19 13:03:06] INFO (NNIManager) submitTrialJob: form: {
  sequenceId: 11,
  hyperParameters: {
    value: '{"parameter_id": 11, "parameter_source": "algorithm", "parameters": {"model_type": "GRU", "units": 256, "num_layers": 2, "dropout": 0.5, "activation": "tanh", "lr": 0.0041973311973930155, "window_size": 28, "batch_size": 16, "epochs": 10, "kernel_size": 7, "attention_heads": 8}, "parameter_index": 0}',
    index: 0
  },
  placementConstraint: { type: 'None', gpus: [] }
}
[2026-05-19 13:03:06] INFO (LocalV3.local) Created trial Kyrfm
[2026-05-19 13:03:08] INFO (LocalV3.local) Trial parameter: Kyrfm {"parameter_id": 11, "parameter_source": "algorithm", "parameters": {"model_type": "GRU", "units": 256, "num_layers": 2, "dropout": 0.5, "activation": "tanh", "lr": 0.0041973311973930155, "window_size": 28, "batch_size": 16, "epochs": 10, "kernel_size": 7, "attention_heads": 8}, "parameter_index": 0}
[2026-05-19 13:05:49] INFO (NNIManager) Trial job Kyrfm status changed from RUNNING to SUCCEEDED
[2026-05-19 13:05:49] INFO (NNIManager) NNIManager received command from dispatcher: TR, {"parameter_id": 12, "parameter_source": "algorithm", "parameters": {"model_type": "MLP", "units": 256, "num_layers": 4, "dropout": 0, "activation": "relu", "lr": 0.009481146383104962, "window_size": 16, "batch_size": 32, "epochs": 15, "kernel_size": 3, "attention_heads": 2}, "parameter_index": 0}
[2026-05-19 13:05:49] INFO (NNIManager) submitTrialJob: form: {
  sequenceId: 12,
  hyperParameters: {
    value: '{"parameter_id": 12, "parameter_source": "algorithm", "parameters": {"model_type": "MLP", "units": 256, "num_layers": 4, "dropout": 0, "activation": "relu", "lr": 0.009481146383104962, "window_size": 16, "batch_size": 32, "epochs": 15, "kernel_size": 3, "attention_heads": 2}, "parameter_index": 0}',
    index: 0
  },
  placementConstraint: { type: 'None', gpus: [] }
}
[2026-05-19 13:05:49] INFO (LocalV3.local) Created trial PSaIC
[2026-05-19 13:05:52] INFO (LocalV3.local) Trial parameter: PSaIC {"parameter_id": 12, "parameter_source": "algorithm", "parameters": {"model_type": "MLP", "units": 256, "num_layers": 4, "dropout": 0, "activation": "relu", "lr": 0.009481146383104962, "window_size": 16, "batch_size": 32, "epochs": 15, "kernel_size": 3, "attention_heads": 2}, "parameter_index": 0}
[2026-05-19 13:06:08] INFO (NNIManager) Trial job PSaIC status changed from RUNNING to SUCCEEDED
[2026-05-19 13:06:08] INFO (NNIManager) NNIManager received command from dispatcher: TR, {"parameter_id": 13, "parameter_source": "algorithm", "parameters": {"model_type": "TCN", "units": 128, "num_layers": 1, "dropout": 0, "activation": "relu", "lr": 0.0003932788871027685, "window_size": 17, "batch_size": 32, "epochs": 20, "kernel_size": 7, "attention_heads": 2}, "parameter_index": 0}
[2026-05-19 13:06:09] INFO (NNIManager) submitTrialJob: form: {
  sequenceId: 13,
  hyperParameters: {
    value: '{"parameter_id": 13, "parameter_source": "algorithm", "parameters": {"model_type": "TCN", "units": 128, "num_layers": 1, "dropout": 0, "activation": "relu", "lr": 0.0003932788871027685, "window_size": 17, "batch_size": 32, "epochs": 20, "kernel_size": 7, "attention_heads": 2}, "parameter_index": 0}',
    index: 0
  },
  placementConstraint: { type: 'None', gpus: [] }
}
[2026-05-19 13:06:09] INFO (LocalV3.local) Created trial KoJVS
[2026-05-19 13:06:12] INFO (LocalV3.local) Trial parameter: KoJVS {"parameter_id": 13, "parameter_source": "algorithm", "parameters": {"model_type": "TCN", "units": 128, "num_layers": 1, "dropout": 0, "activation": "relu", "lr": 0.0003932788871027685, "window_size": 17, "batch_size": 32, "epochs": 20, "kernel_size": 7, "attention_heads": 2}, "parameter_index": 0}
[2026-05-19 13:06:28] INFO (NNIManager) Trial job KoJVS status changed from RUNNING to SUCCEEDED
[2026-05-19 13:06:29] INFO (NNIManager) NNIManager received command from dispatcher: TR, {"parameter_id": 14, "parameter_source": "algorithm", "parameters": {"model_type": "CNN", "units": 64, "num_layers": 4, "dropout": 0.5, "activation": "sigmoid", "lr": 0.0018864863407893294, "window_size": 8, "batch_size": 64, "epochs": 5, "kernel_size": 7, "attention_heads": 4}, "parameter_index": 0}
[2026-05-19 13:06:29] INFO (NNIManager) submitTrialJob: form: {
  sequenceId: 14,
  hyperParameters: {
    value: '{"parameter_id": 14, "parameter_source": "algorithm", "parameters": {"model_type": "CNN", "units": 64, "num_layers": 4, "dropout": 0.5, "activation": "sigmoid", "lr": 0.0018864863407893294, "window_size": 8, "batch_size": 64, "epochs": 5, "kernel_size": 7, "attention_heads": 4}, "parameter_index": 0}',
    index: 0
  },
  placementConstraint: { type: 'None', gpus: [] }
}
[2026-05-19 13:06:29] INFO (LocalV3.local) Created trial TF5mG
[2026-05-19 13:06:32] INFO (LocalV3.local) Trial parameter: TF5mG {"parameter_id": 14, "parameter_source": "algorithm", "parameters": {"model_type": "CNN", "units": 64, "num_layers": 4, "dropout": 0.5, "activation": "sigmoid", "lr": 0.0018864863407893294, "window_size": 8, "batch_size": 64, "epochs": 5, "kernel_size": 7, "attention_heads": 4}, "parameter_index": 0}
[2026-05-19 13:06:39] INFO (NNIManager) Trial job TF5mG status changed from RUNNING to SUCCEEDED
[2026-05-19 13:06:39] INFO (NNIManager) NNIManager received command from dispatcher: TR, {"parameter_id": 15, "parameter_source": "algorithm", "parameters": {"model_type": "LSTM", "units": 256, "num_layers": 4, "dropout": 0.2, "activation": "relu", "lr": 3.095857333937808e-05, "window_size": 12, "batch_size": 128, "epochs": 5, "kernel_size": 7, "attention_heads": 8}, "parameter_index": 0}
[2026-05-19 13:06:40] INFO (NNIManager) submitTrialJob: form: {
  sequenceId: 15,
  hyperParameters: {
    value: '{"parameter_id": 15, "parameter_source": "algorithm", "parameters": {"model_type": "LSTM", "units": 256, "num_layers": 4, "dropout": 0.2, "activation": "relu", "lr": 3.095857333937808e-05, "window_size": 12, "batch_size": 128, "epochs": 5, "kernel_size": 7, "attention_heads": 8}, "parameter_index": 0}',
    index: 0
  },
  placementConstraint: { type: 'None', gpus: [] }
}
[2026-05-19 13:06:40] INFO (LocalV3.local) Created trial JNMLx
[2026-05-19 13:06:41] INFO (LocalV3.local) Trial parameter: JNMLx {"parameter_id": 15, "parameter_source": "algorithm", "parameters": {"model_type": "LSTM", "units": 256, "num_layers": 4, "dropout": 0.2, "activation": "relu", "lr": 3.095857333937808e-05, "window_size": 12, "batch_size": 128, "epochs": 5, "kernel_size": 7, "attention_heads": 8}, "parameter_index": 0}
[2026-05-19 13:07:40] INFO (NNIManager) Trial job JNMLx status changed from RUNNING to SUCCEEDED
[2026-05-19 13:07:40] INFO (NNIManager) NNIManager received command from dispatcher: TR, {"parameter_id": 16, "parameter_source": "algorithm", "parameters": {"model_type": "RNN", "units": 256, "num_layers": 1, "dropout": 0.3, "activation": "relu", "lr": 1.9000065271087188e-05, "window_size": 4, "batch_size": 64, "epochs": 15, "kernel_size": 7, "attention_heads": 8}, "parameter_index": 0}
[2026-05-19 13:07:40] INFO (NNIManager) submitTrialJob: form: {
  sequenceId: 16,
  hyperParameters: {
    value: '{"parameter_id": 16, "parameter_source": "algorithm", "parameters": {"model_type": "RNN", "units": 256, "num_layers": 1, "dropout": 0.3, "activation": "relu", "lr": 1.9000065271087188e-05, "window_size": 4, "batch_size": 64, "epochs": 15, "kernel_size": 7, "attention_heads": 8}, "parameter_index": 0}',
    index: 0
  },
  placementConstraint: { type: 'None', gpus: [] }
}
[2026-05-19 13:07:40] INFO (LocalV3.local) Created trial KWFBI
[2026-05-19 13:07:43] INFO (LocalV3.local) Trial parameter: KWFBI {"parameter_id": 16, "parameter_source": "algorithm", "parameters": {"model_type": "RNN", "units": 256, "num_layers": 1, "dropout": 0.3, "activation": "relu", "lr": 1.9000065271087188e-05, "window_size": 4, "batch_size": 64, "epochs": 15, "kernel_size": 7, "attention_heads": 8}, "parameter_index": 0}
[2026-05-19 13:07:54] INFO (NNIManager) Trial job KWFBI status changed from RUNNING to SUCCEEDED
[2026-05-19 13:07:54] INFO (NNIManager) NNIManager received command from dispatcher: TR, {"parameter_id": 17, "parameter_source": "algorithm", "parameters": {"model_type": "RNN", "units": 256, "num_layers": 3, "dropout": 0.1, "activation": "sigmoid", "lr": 2.1173411301542174e-05, "window_size": 30, "batch_size": 32, "epochs": 20, "kernel_size": 2, "attention_heads": 2}, "parameter_index": 0}
[2026-05-19 13:07:55] INFO (NNIManager) submitTrialJob: form: {
  sequenceId: 17,
  hyperParameters: {
    value: '{"parameter_id": 17, "parameter_source": "algorithm", "parameters": {"model_type": "RNN", "units": 256, "num_layers": 3, "dropout": 0.1, "activation": "sigmoid", "lr": 2.1173411301542174e-05, "window_size": 30, "batch_size": 32, "epochs": 20, "kernel_size": 2, "attention_heads": 2}, "parameter_index": 0}',
    index: 0
  },
  placementConstraint: { type: 'None', gpus: [] }
}
[2026-05-19 13:07:55] INFO (LocalV3.local) Created trial azxtL
[2026-05-19 13:07:57] INFO (LocalV3.local) Trial parameter: azxtL {"parameter_id": 17, "parameter_source": "algorithm", "parameters": {"model_type": "RNN", "units": 256, "num_layers": 3, "dropout": 0.1, "activation": "sigmoid", "lr": 2.1173411301542174e-05, "window_size": 30, "batch_size": 32, "epochs": 20, "kernel_size": 2, "attention_heads": 2}, "parameter_index": 0}
[2026-05-19 13:10:34] INFO (NNIManager) Trial job azxtL status changed from RUNNING to SUCCEEDED
[2026-05-19 13:10:34] INFO (NNIManager) NNIManager received command from dispatcher: TR, {"parameter_id": 18, "parameter_source": "algorithm", "parameters": {"model_type": "RNN", "units": 32, "num_layers": 1, "dropout": 0.3, "activation": "sigmoid", "lr": 7.880744196712625e-05, "window_size": 4, "batch_size": 128, "epochs": 20, "kernel_size": 5, "attention_heads": 8}, "parameter_index": 0}
[2026-05-19 13:10:35] INFO (NNIManager) submitTrialJob: form: {
  sequenceId: 18,
  hyperParameters: {
    value: '{"parameter_id": 18, "parameter_source": "algorithm", "parameters": {"model_type": "RNN", "units": 32, "num_layers": 1, "dropout": 0.3, "activation": "sigmoid", "lr": 7.880744196712625e-05, "window_size": 4, "batch_size": 128, "epochs": 20, "kernel_size": 5, "attention_heads": 8}, "parameter_index": 0}',
    index: 0
  },
  placementConstraint: { type: 'None', gpus: [] }
}
[2026-05-19 13:10:35] INFO (LocalV3.local) Created trial YpaSe
[2026-05-19 13:10:37] INFO (LocalV3.local) Trial parameter: YpaSe {"parameter_id": 18, "parameter_source": "algorithm", "parameters": {"model_type": "RNN", "units": 32, "num_layers": 1, "dropout": 0.3, "activation": "sigmoid", "lr": 7.880744196712625e-05, "window_size": 4, "batch_size": 128, "epochs": 20, "kernel_size": 5, "attention_heads": 8}, "parameter_index": 0}
[2026-05-19 13:10:45] INFO (NNIManager) Trial job YpaSe status changed from RUNNING to SUCCEEDED
[2026-05-19 13:10:45] INFO (NNIManager) NNIManager received command from dispatcher: TR, {"parameter_id": 19, "parameter_source": "algorithm", "parameters": {"model_type": "CNN", "units": 256, "num_layers": 3, "dropout": 0, "activation": "sigmoid", "lr": 7.959112273297597e-05, "window_size": 17, "batch_size": 16, "epochs": 15, "kernel_size": 5, "attention_heads": 2}, "parameter_index": 0}
[2026-05-19 13:10:45] INFO (NNIManager) submitTrialJob: form: {
  sequenceId: 19,
  hyperParameters: {
    value: '{"parameter_id": 19, "parameter_source": "algorithm", "parameters": {"model_type": "CNN", "units": 256, "num_layers": 3, "dropout": 0, "activation": "sigmoid", "lr": 7.959112273297597e-05, "window_size": 17, "batch_size": 16, "epochs": 15, "kernel_size": 5, "attention_heads": 2}, "parameter_index": 0}',
    index: 0
  },
  placementConstraint: { type: 'None', gpus: [] }
}
[2026-05-19 13:10:45] INFO (LocalV3.local) Created trial yDuyN
[2026-05-19 13:10:48] INFO (LocalV3.local) Trial parameter: yDuyN {"parameter_id": 19, "parameter_source": "algorithm", "parameters": {"model_type": "CNN", "units": 256, "num_layers": 3, "dropout": 0, "activation": "sigmoid", "lr": 7.959112273297597e-05, "window_size": 17, "batch_size": 16, "epochs": 15, "kernel_size": 5, "attention_heads": 2}, "parameter_index": 0}
[2026-05-19 13:11:42] INFO (NNIManager) Trial job yDuyN status changed from RUNNING to SUCCEEDED
[2026-05-19 13:11:42] INFO (NNIManager) NNIManager received command from dispatcher: TR, {"parameter_id": 20, "parameter_source": "algorithm", "parameters": {"model_type": "GRU", "units": 32, "num_layers": 2, "dropout": 0.5, "activation": "relu", "lr": 0.0008143321148280984, "window_size": 18, "batch_size": 128, "epochs": 10, "kernel_size": 3, "attention_heads": 4}, "parameter_index": 0}
[2026-05-19 13:11:42] INFO (NNIManager) submitTrialJob: form: {
  sequenceId: 20,
  hyperParameters: {
    value: '{"parameter_id": 20, "parameter_source": "algorithm", "parameters": {"model_type": "GRU", "units": 32, "num_layers": 2, "dropout": 0.5, "activation": "relu", "lr": 0.0008143321148280984, "window_size": 18, "batch_size": 128, "epochs": 10, "kernel_size": 3, "attention_heads": 4}, "parameter_index": 0}',
    index: 0
  },
  placementConstraint: { type: 'None', gpus: [] }
}
[2026-05-19 13:11:42] INFO (LocalV3.local) Created trial z42zv
[2026-05-19 13:11:45] INFO (LocalV3.local) Trial parameter: z42zv {"parameter_id": 20, "parameter_source": "algorithm", "parameters": {"model_type": "GRU", "units": 32, "num_layers": 2, "dropout": 0.5, "activation": "relu", "lr": 0.0008143321148280984, "window_size": 18, "batch_size": 128, "epochs": 10, "kernel_size": 3, "attention_heads": 4}, "parameter_index": 0}
[2026-05-19 13:11:59] INFO (NNIManager) Trial job z42zv status changed from RUNNING to SUCCEEDED
[2026-05-19 13:11:59] INFO (NNIManager) NNIManager received command from dispatcher: TR, {"parameter_id": 21, "parameter_source": "algorithm", "parameters": {"model_type": "GRU", "units": 16, "num_layers": 2, "dropout": 0.3, "activation": "tanh", "lr": 0.00016258237970007025, "window_size": 26, "batch_size": 128, "epochs": 10, "kernel_size": 2, "attention_heads": 4}, "parameter_index": 0}
[2026-05-19 13:12:00] INFO (NNIManager) submitTrialJob: form: {
  sequenceId: 21,
  hyperParameters: {
    value: '{"parameter_id": 21, "parameter_source": "algorithm", "parameters": {"model_type": "GRU", "units": 16, "num_layers": 2, "dropout": 0.3, "activation": "tanh", "lr": 0.00016258237970007025, "window_size": 26, "batch_size": 128, "epochs": 10, "kernel_size": 2, "attention_heads": 4}, "parameter_index": 0}',
    index: 0
  },
  placementConstraint: { type: 'None', gpus: [] }
}
[2026-05-19 13:12:00] INFO (LocalV3.local) Created trial YY3F5
[2026-05-19 13:12:02] INFO (LocalV3.local) Trial parameter: YY3F5 {"parameter_id": 21, "parameter_source": "algorithm", "parameters": {"model_type": "GRU", "units": 16, "num_layers": 2, "dropout": 0.3, "activation": "tanh", "lr": 0.00016258237970007025, "window_size": 26, "batch_size": 128, "epochs": 10, "kernel_size": 2, "attention_heads": 4}, "parameter_index": 0}
[2026-05-19 13:12:17] INFO (NNIManager) Trial job YY3F5 status changed from RUNNING to SUCCEEDED
[2026-05-19 13:12:17] INFO (NNIManager) NNIManager received command from dispatcher: TR, {"parameter_id": 22, "parameter_source": "algorithm", "parameters": {"model_type": "GRU", "units": 16, "num_layers": 2, "dropout": 0.5, "activation": "relu", "lr": 0.00018036030262410293, "window_size": 26, "batch_size": 128, "epochs": 10, "kernel_size": 2, "attention_heads": 4}, "parameter_index": 0}
[2026-05-19 13:12:17] INFO (NNIManager) submitTrialJob: form: {
  sequenceId: 22,
  hyperParameters: {
    value: '{"parameter_id": 22, "parameter_source": "algorithm", "parameters": {"model_type": "GRU", "units": 16, "num_layers": 2, "dropout": 0.5, "activation": "relu", "lr": 0.00018036030262410293, "window_size": 26, "batch_size": 128, "epochs": 10, "kernel_size": 2, "attention_heads": 4}, "parameter_index": 0}',
    index: 0
  },
  placementConstraint: { type: 'None', gpus: [] }
}
[2026-05-19 13:12:17] INFO (LocalV3.local) Created trial IlyCV
[2026-05-19 13:12:20] INFO (LocalV3.local) Trial parameter: IlyCV {"parameter_id": 22, "parameter_source": "algorithm", "parameters": {"model_type": "GRU", "units": 16, "num_layers": 2, "dropout": 0.5, "activation": "relu", "lr": 0.00018036030262410293, "window_size": 26, "batch_size": 128, "epochs": 10, "kernel_size": 2, "attention_heads": 4}, "parameter_index": 0}
[2026-05-19 13:12:34] INFO (NNIManager) Trial job IlyCV status changed from RUNNING to SUCCEEDED
[2026-05-19 13:12:34] INFO (NNIManager) NNIManager received command from dispatcher: TR, {"parameter_id": 23, "parameter_source": "algorithm", "parameters": {"model_type": "GRU", "units": 16, "num_layers": 2, "dropout": 0.3, "activation": "relu", "lr": 0.0002033424534159678, "window_size": 11, "batch_size": 128, "epochs": 10, "kernel_size": 2, "attention_heads": 4}, "parameter_index": 0}
[2026-05-19 13:12:35] INFO (NNIManager) submitTrialJob: form: {
  sequenceId: 23,
  hyperParameters: {
    value: '{"parameter_id": 23, "parameter_source": "algorithm", "parameters": {"model_type": "GRU", "units": 16, "num_layers": 2, "dropout": 0.3, "activation": "relu", "lr": 0.0002033424534159678, "window_size": 11, "batch_size": 128, "epochs": 10, "kernel_size": 2, "attention_heads": 4}, "parameter_index": 0}',
    index: 0
  },
  placementConstraint: { type: 'None', gpus: [] }
}
[2026-05-19 13:12:35] INFO (LocalV3.local) Created trial bFsnp
[2026-05-19 13:12:37] INFO (LocalV3.local) Trial parameter: bFsnp {"parameter_id": 23, "parameter_source": "algorithm", "parameters": {"model_type": "GRU", "units": 16, "num_layers": 2, "dropout": 0.3, "activation": "relu", "lr": 0.0002033424534159678, "window_size": 11, "batch_size": 128, "epochs": 10, "kernel_size": 2, "attention_heads": 4}, "parameter_index": 0}
[2026-05-19 13:12:48] INFO (NNIManager) Trial job bFsnp status changed from RUNNING to SUCCEEDED
[2026-05-19 13:12:48] INFO (NNIManager) NNIManager received command from dispatcher: TR, {"parameter_id": 24, "parameter_source": "algorithm", "parameters": {"model_type": "GRU", "units": 16, "num_layers": 2, "dropout": 0.1, "activation": "relu", "lr": 0.00020933526195154347, "window_size": 11, "batch_size": 128, "epochs": 10, "kernel_size": 2, "attention_heads": 4}, "parameter_index": 0}
[2026-05-19 13:12:48] INFO (NNIManager) submitTrialJob: form: {
  sequenceId: 24,
  hyperParameters: {
    value: '{"parameter_id": 24, "parameter_source": "algorithm", "parameters": {"model_type": "GRU", "units": 16, "num_layers": 2, "dropout": 0.1, "activation": "relu", "lr": 0.00020933526195154347, "window_size": 11, "batch_size": 128, "epochs": 10, "kernel_size": 2, "attention_heads": 4}, "parameter_index": 0}',
    index: 0
  },
  placementConstraint: { type: 'None', gpus: [] }
}
[2026-05-19 13:12:48] INFO (LocalV3.local) Created trial p1S7t
[2026-05-19 13:12:50] INFO (LocalV3.local) Trial parameter: p1S7t {"parameter_id": 24, "parameter_source": "algorithm", "parameters": {"model_type": "GRU", "units": 16, "num_layers": 2, "dropout": 0.1, "activation": "relu", "lr": 0.00020933526195154347, "window_size": 11, "batch_size": 128, "epochs": 10, "kernel_size": 2, "attention_heads": 4}, "parameter_index": 0}
[2026-05-19 13:13:02] INFO (NNIManager) Trial job p1S7t status changed from RUNNING to SUCCEEDED
[2026-05-19 13:13:02] INFO (NNIManager) NNIManager received command from dispatcher: TR, {"parameter_id": 25, "parameter_source": "algorithm", "parameters": {"model_type": "GRU", "units": 16, "num_layers": 2, "dropout": 0.1, "activation": "relu", "lr": 0.0008514067575697994, "window_size": 11, "batch_size": 128, "epochs": 10, "kernel_size": 2, "attention_heads": 4}, "parameter_index": 0}
[2026-05-19 13:13:02] INFO (NNIManager) submitTrialJob: form: {
  sequenceId: 25,
  hyperParameters: {
    value: '{"parameter_id": 25, "parameter_source": "algorithm", "parameters": {"model_type": "GRU", "units": 16, "num_layers": 2, "dropout": 0.1, "activation": "relu", "lr": 0.0008514067575697994, "window_size": 11, "batch_size": 128, "epochs": 10, "kernel_size": 2, "attention_heads": 4}, "parameter_index": 0}',
    index: 0
  },
  placementConstraint: { type: 'None', gpus: [] }
}
[2026-05-19 13:13:02] INFO (LocalV3.local) Created trial xkV2m
[2026-05-19 13:13:05] INFO (LocalV3.local) Trial parameter: xkV2m {"parameter_id": 25, "parameter_source": "algorithm", "parameters": {"model_type": "GRU", "units": 16, "num_layers": 2, "dropout": 0.1, "activation": "relu", "lr": 0.0008514067575697994, "window_size": 11, "batch_size": 128, "epochs": 10, "kernel_size": 2, "attention_heads": 4}, "parameter_index": 0}
[2026-05-19 13:13:16] INFO (NNIManager) Trial job xkV2m status changed from RUNNING to SUCCEEDED
[2026-05-19 13:13:16] INFO (NNIManager) NNIManager received command from dispatcher: TR, {"parameter_id": 26, "parameter_source": "algorithm", "parameters": {"model_type": "LSTM", "units": 16, "num_layers": 2, "dropout": 0.1, "activation": "relu", "lr": 0.0006994068243000954, "window_size": 23, "batch_size": 128, "epochs": 10, "kernel_size": 2, "attention_heads": 4}, "parameter_index": 0}
[2026-05-19 13:13:17] INFO (NNIManager) submitTrialJob: form: {
  sequenceId: 26,
  hyperParameters: {
    value: '{"parameter_id": 26, "parameter_source": "algorithm", "parameters": {"model_type": "LSTM", "units": 16, "num_layers": 2, "dropout": 0.1, "activation": "relu", "lr": 0.0006994068243000954, "window_size": 23, "batch_size": 128, "epochs": 10, "kernel_size": 2, "attention_heads": 4}, "parameter_index": 0}',
    index: 0
  },
  placementConstraint: { type: 'None', gpus: [] }
}
[2026-05-19 13:13:17] INFO (LocalV3.local) Created trial uMi0g
[2026-05-19 13:13:19] INFO (LocalV3.local) Trial parameter: uMi0g {"parameter_id": 26, "parameter_source": "algorithm", "parameters": {"model_type": "LSTM", "units": 16, "num_layers": 2, "dropout": 0.1, "activation": "relu", "lr": 0.0006994068243000954, "window_size": 23, "batch_size": 128, "epochs": 10, "kernel_size": 2, "attention_heads": 4}, "parameter_index": 0}
[2026-05-19 13:13:32] INFO (NNIManager) Trial job uMi0g status changed from RUNNING to SUCCEEDED
[2026-05-19 13:13:32] INFO (NNIManager) NNIManager received command from dispatcher: TR, {"parameter_id": 27, "parameter_source": "algorithm", "parameters": {"model_type": "GRU", "units": 16, "num_layers": 2, "dropout": 0.1, "activation": "relu", "lr": 0.0002642107220168449, "window_size": 9, "batch_size": 128, "epochs": 10, "kernel_size": 2, "attention_heads": 4}, "parameter_index": 0}
[2026-05-19 13:13:33] INFO (NNIManager) submitTrialJob: form: {
  sequenceId: 27,
  hyperParameters: {
    value: '{"parameter_id": 27, "parameter_source": "algorithm", "parameters": {"model_type": "GRU", "units": 16, "num_layers": 2, "dropout": 0.1, "activation": "relu", "lr": 0.0002642107220168449, "window_size": 9, "batch_size": 128, "epochs": 10, "kernel_size": 2, "attention_heads": 4}, "parameter_index": 0}',
    index: 0
  },
  placementConstraint: { type: 'None', gpus: [] }
}
[2026-05-19 13:13:33] INFO (LocalV3.local) Created trial MsffH
[2026-05-19 13:13:35] INFO (LocalV3.local) Trial parameter: MsffH {"parameter_id": 27, "parameter_source": "algorithm", "parameters": {"model_type": "GRU", "units": 16, "num_layers": 2, "dropout": 0.1, "activation": "relu", "lr": 0.0002642107220168449, "window_size": 9, "batch_size": 128, "epochs": 10, "kernel_size": 2, "attention_heads": 4}, "parameter_index": 0}
[2026-05-19 13:13:46] INFO (NNIManager) Trial job MsffH status changed from RUNNING to SUCCEEDED
[2026-05-19 13:13:46] INFO (NNIManager) NNIManager received command from dispatcher: TR, {"parameter_id": 28, "parameter_source": "algorithm", "parameters": {"model_type": "GRU", "units": 16, "num_layers": 2, "dropout": 0.1, "activation": "relu", "lr": 0.00016915414559719687, "window_size": 27, "batch_size": 128, "epochs": 10, "kernel_size": 2, "attention_heads": 4}, "parameter_index": 0}
[2026-05-19 13:13:46] INFO (NNIManager) submitTrialJob: form: {
  sequenceId: 28,
  hyperParameters: {
    value: '{"parameter_id": 28, "parameter_source": "algorithm", "parameters": {"model_type": "GRU", "units": 16, "num_layers": 2, "dropout": 0.1, "activation": "relu", "lr": 0.00016915414559719687, "window_size": 27, "batch_size": 128, "epochs": 10, "kernel_size": 2, "attention_heads": 4}, "parameter_index": 0}',
    index: 0
  },
  placementConstraint: { type: 'None', gpus: [] }
}
[2026-05-19 13:13:46] INFO (LocalV3.local) Created trial bYLdl
[2026-05-19 13:13:49] INFO (LocalV3.local) Trial parameter: bYLdl {"parameter_id": 28, "parameter_source": "algorithm", "parameters": {"model_type": "GRU", "units": 16, "num_layers": 2, "dropout": 0.1, "activation": "relu", "lr": 0.00016915414559719687, "window_size": 27, "batch_size": 128, "epochs": 10, "kernel_size": 2, "attention_heads": 4}, "parameter_index": 0}
[2026-05-19 13:14:04] INFO (NNIManager) Trial job bYLdl status changed from RUNNING to SUCCEEDED
[2026-05-19 13:14:04] INFO (NNIManager) NNIManager received command from dispatcher: TR, {"parameter_id": 29, "parameter_source": "algorithm", "parameters": {"model_type": "GRU", "units": 16, "num_layers": 3, "dropout": 0.5, "activation": "relu", "lr": 0.0015430751511402972, "window_size": 21, "batch_size": 64, "epochs": 10, "kernel_size": 2, "attention_heads": 8}, "parameter_index": 0}
[2026-05-19 13:14:04] INFO (NNIManager) submitTrialJob: form: {
  sequenceId: 29,
  hyperParameters: {
    value: '{"parameter_id": 29, "parameter_source": "algorithm", "parameters": {"model_type": "GRU", "units": 16, "num_layers": 3, "dropout": 0.5, "activation": "relu", "lr": 0.0015430751511402972, "window_size": 21, "batch_size": 64, "epochs": 10, "kernel_size": 2, "attention_heads": 8}, "parameter_index": 0}',
    index: 0
  },
  placementConstraint: { type: 'None', gpus: [] }
}
[2026-05-19 13:14:04] INFO (LocalV3.local) Created trial qdpc9
[2026-05-19 13:14:06] INFO (LocalV3.local) Trial parameter: qdpc9 {"parameter_id": 29, "parameter_source": "algorithm", "parameters": {"model_type": "GRU", "units": 16, "num_layers": 3, "dropout": 0.5, "activation": "relu", "lr": 0.0015430751511402972, "window_size": 21, "batch_size": 64, "epochs": 10, "kernel_size": 2, "attention_heads": 8}, "parameter_index": 0}
[2026-05-19 13:14:33] INFO (NNIManager) Trial job qdpc9 status changed from RUNNING to SUCCEEDED
[2026-05-19 13:14:33] INFO (NNIManager) NNIManager received command from dispatcher: TR, {"parameter_id": 30, "parameter_source": "algorithm", "parameters": {"model_type": "GRU", "units": 16, "num_layers": 2, "dropout": 0.2, "activation": "elu", "lr": 0.00024259629022706624, "window_size": 29, "batch_size": 128, "epochs": 10, "kernel_size": 2, "attention_heads": 4}, "parameter_index": 0}
[2026-05-19 13:14:33] INFO (NNIManager) submitTrialJob: form: {
  sequenceId: 30,
  hyperParameters: {
    value: '{"parameter_id": 30, "parameter_source": "algorithm", "parameters": {"model_type": "GRU", "units": 16, "num_layers": 2, "dropout": 0.2, "activation": "elu", "lr": 0.00024259629022706624, "window_size": 29, "batch_size": 128, "epochs": 10, "kernel_size": 2, "attention_heads": 4}, "parameter_index": 0}',
    index: 0
  },
  placementConstraint: { type: 'None', gpus: [] }
}
[2026-05-19 13:14:33] INFO (LocalV3.local) Created trial FV1xq
[2026-05-19 13:14:36] INFO (LocalV3.local) Trial parameter: FV1xq {"parameter_id": 30, "parameter_source": "algorithm", "parameters": {"model_type": "GRU", "units": 16, "num_layers": 2, "dropout": 0.2, "activation": "elu", "lr": 0.00024259629022706624, "window_size": 29, "batch_size": 128, "epochs": 10, "kernel_size": 2, "attention_heads": 4}, "parameter_index": 0}
[2026-05-19 13:14:51] INFO (NNIManager) Trial job FV1xq status changed from RUNNING to SUCCEEDED
[2026-05-19 13:14:51] INFO (NNIManager) NNIManager received command from dispatcher: TR, {"parameter_id": 31, "parameter_source": "algorithm", "parameters": {"model_type": "LSTM", "units": 16, "num_layers": 2, "dropout": 0.5, "activation": "relu", "lr": 0.0017324774144365231, "window_size": 24, "batch_size": 128, "epochs": 10, "kernel_size": 2, "attention_heads": 4}, "parameter_index": 0}
[2026-05-19 13:14:51] INFO (NNIManager) submitTrialJob: form: {
  sequenceId: 31,
  hyperParameters: {
    value: '{"parameter_id": 31, "parameter_source": "algorithm", "parameters": {"model_type": "LSTM", "units": 16, "num_layers": 2, "dropout": 0.5, "activation": "relu", "lr": 0.0017324774144365231, "window_size": 24, "batch_size": 128, "epochs": 10, "kernel_size": 2, "attention_heads": 4}, "parameter_index": 0}',
    index: 0
  },
  placementConstraint: { type: 'None', gpus: [] }
}
[2026-05-19 13:14:51] INFO (LocalV3.local) Created trial eeawb
[2026-05-19 13:14:54] INFO (LocalV3.local) Trial parameter: eeawb {"parameter_id": 31, "parameter_source": "algorithm", "parameters": {"model_type": "LSTM", "units": 16, "num_layers": 2, "dropout": 0.5, "activation": "relu", "lr": 0.0017324774144365231, "window_size": 24, "batch_size": 128, "epochs": 10, "kernel_size": 2, "attention_heads": 4}, "parameter_index": 0}
[2026-05-19 13:15:07] INFO (NNIManager) Trial job eeawb status changed from RUNNING to SUCCEEDED
[2026-05-19 13:15:07] INFO (NNIManager) NNIManager received command from dispatcher: TR, {"parameter_id": 32, "parameter_source": "algorithm", "parameters": {"model_type": "GRU", "units": 16, "num_layers": 2, "dropout": 0.1, "activation": "relu", "lr": 0.00013841569336957754, "window_size": 22, "batch_size": 128, "epochs": 10, "kernel_size": 2, "attention_heads": 4}, "parameter_index": 0}
[2026-05-19 13:15:08] INFO (NNIManager) submitTrialJob: form: {
  sequenceId: 32,
  hyperParameters: {
    value: '{"parameter_id": 32, "parameter_source": "algorithm", "parameters": {"model_type": "GRU", "units": 16, "num_layers": 2, "dropout": 0.1, "activation": "relu", "lr": 0.00013841569336957754, "window_size": 22, "batch_size": 128, "epochs": 10, "kernel_size": 2, "attention_heads": 4}, "parameter_index": 0}',
    index: 0
  },
  placementConstraint: { type: 'None', gpus: [] }
}
[2026-05-19 13:15:08] INFO (LocalV3.local) Created trial cMdXY
[2026-05-19 13:15:10] INFO (LocalV3.local) Trial parameter: cMdXY {"parameter_id": 32, "parameter_source": "algorithm", "parameters": {"model_type": "GRU", "units": 16, "num_layers": 2, "dropout": 0.1, "activation": "relu", "lr": 0.00013841569336957754, "window_size": 22, "batch_size": 128, "epochs": 10, "kernel_size": 2, "attention_heads": 4}, "parameter_index": 0}
[2026-05-19 13:15:22] INFO (NNIManager) Trial job cMdXY status changed from RUNNING to SUCCEEDED
[2026-05-19 13:15:23] INFO (NNIManager) NNIManager received command from dispatcher: TR, {"parameter_id": 33, "parameter_source": "algorithm", "parameters": {"model_type": "MLP", "units": 16, "num_layers": 3, "dropout": 0.1, "activation": "relu", "lr": 1.0888296905548907e-05, "window_size": 5, "batch_size": 64, "epochs": 10, "kernel_size": 2, "attention_heads": 8}, "parameter_index": 0}
[2026-05-19 13:15:23] INFO (NNIManager) submitTrialJob: form: {
  sequenceId: 33,
  hyperParameters: {
    value: '{"parameter_id": 33, "parameter_source": "algorithm", "parameters": {"model_type": "MLP", "units": 16, "num_layers": 3, "dropout": 0.1, "activation": "relu", "lr": 1.0888296905548907e-05, "window_size": 5, "batch_size": 64, "epochs": 10, "kernel_size": 2, "attention_heads": 8}, "parameter_index": 0}',
    index: 0
  },
  placementConstraint: { type: 'None', gpus: [] }
}
[2026-05-19 13:15:23] INFO (LocalV3.local) Created trial Skbaw
[2026-05-19 13:15:25] INFO (LocalV3.local) Trial parameter: Skbaw {"parameter_id": 33, "parameter_source": "algorithm", "parameters": {"model_type": "MLP", "units": 16, "num_layers": 3, "dropout": 0.1, "activation": "relu", "lr": 1.0888296905548907e-05, "window_size": 5, "batch_size": 64, "epochs": 10, "kernel_size": 2, "attention_heads": 8}, "parameter_index": 0}
[2026-05-19 13:15:29] INFO (NNIManager) Trial job Skbaw status changed from RUNNING to SUCCEEDED
[2026-05-19 13:15:29] INFO (NNIManager) NNIManager received command from dispatcher: TR, {"parameter_id": 34, "parameter_source": "algorithm", "parameters": {"model_type": "GRU", "units": 16, "num_layers": 2, "dropout": 0.5, "activation": "relu", "lr": 0.00015324963130247793, "window_size": 14, "batch_size": 128, "epochs": 10, "kernel_size": 2, "attention_heads": 4}, "parameter_index": 0}
[2026-05-19 13:15:29] INFO (NNIManager) submitTrialJob: form: {
  sequenceId: 34,
  hyperParameters: {
    value: '{"parameter_id": 34, "parameter_source": "algorithm", "parameters": {"model_type": "GRU", "units": 16, "num_layers": 2, "dropout": 0.5, "activation": "relu", "lr": 0.00015324963130247793, "window_size": 14, "batch_size": 128, "epochs": 10, "kernel_size": 2, "attention_heads": 4}, "parameter_index": 0}',
    index: 0
  },
  placementConstraint: { type: 'None', gpus: [] }
}
[2026-05-19 13:15:29] INFO (LocalV3.local) Created trial zHzSf
[2026-05-19 13:15:31] INFO (LocalV3.local) Trial parameter: zHzSf {"parameter_id": 34, "parameter_source": "algorithm", "parameters": {"model_type": "GRU", "units": 16, "num_layers": 2, "dropout": 0.5, "activation": "relu", "lr": 0.00015324963130247793, "window_size": 14, "batch_size": 128, "epochs": 10, "kernel_size": 2, "attention_heads": 4}, "parameter_index": 0}
[2026-05-19 13:15:41] INFO (NNIManager) Trial job zHzSf status changed from RUNNING to SUCCEEDED
[2026-05-19 13:15:41] INFO (NNIManager) NNIManager received command from dispatcher: TR, {"parameter_id": 35, "parameter_source": "algorithm", "parameters": {"model_type": "Transformer", "units": 16, "num_layers": 2, "dropout": 0.5, "activation": "relu", "lr": 4.2146770050491985e-05, "window_size": 3, "batch_size": 128, "epochs": 10, "kernel_size": 2, "attention_heads": 4}, "parameter_index": 0}
[2026-05-19 13:15:41] INFO (NNIManager) submitTrialJob: form: {
  sequenceId: 35,
  hyperParameters: {
    value: '{"parameter_id": 35, "parameter_source": "algorithm", "parameters": {"model_type": "Transformer", "units": 16, "num_layers": 2, "dropout": 0.5, "activation": "relu", "lr": 4.2146770050491985e-05, "window_size": 3, "batch_size": 128, "epochs": 10, "kernel_size": 2, "attention_heads": 4}, "parameter_index": 0}',
    index: 0
  },
  placementConstraint: { type: 'None', gpus: [] }
}
[2026-05-19 13:15:41] INFO (LocalV3.local) Created trial wG5Fh
[2026-05-19 13:15:43] INFO (LocalV3.local) Trial parameter: wG5Fh {"parameter_id": 35, "parameter_source": "algorithm", "parameters": {"model_type": "Transformer", "units": 16, "num_layers": 2, "dropout": 0.5, "activation": "relu", "lr": 4.2146770050491985e-05, "window_size": 3, "batch_size": 128, "epochs": 10, "kernel_size": 2, "attention_heads": 4}, "parameter_index": 0}
[2026-05-19 13:15:52] INFO (NNIManager) Trial job wG5Fh status changed from RUNNING to SUCCEEDED
[2026-05-19 13:15:52] INFO (NNIManager) NNIManager received command from dispatcher: TR, {"parameter_id": 36, "parameter_source": "algorithm", "parameters": {"model_type": "GRU", "units": 16, "num_layers": 2, "dropout": 0.2, "activation": "relu", "lr": 0.0001829463821479682, "window_size": 26, "batch_size": 128, "epochs": 10, "kernel_size": 2, "attention_heads": 4}, "parameter_index": 0}
[2026-05-19 13:15:53] INFO (NNIManager) submitTrialJob: form: {
  sequenceId: 36,
  hyperParameters: {
    value: '{"parameter_id": 36, "parameter_source": "algorithm", "parameters": {"model_type": "GRU", "units": 16, "num_layers": 2, "dropout": 0.2, "activation": "relu", "lr": 0.0001829463821479682, "window_size": 26, "batch_size": 128, "epochs": 10, "kernel_size": 2, "attention_heads": 4}, "parameter_index": 0}',
    index: 0
  },
  placementConstraint: { type: 'None', gpus: [] }
}
[2026-05-19 13:15:53] INFO (LocalV3.local) Created trial dhIY6
[2026-05-19 13:15:55] INFO (LocalV3.local) Trial parameter: dhIY6 {"parameter_id": 36, "parameter_source": "algorithm", "parameters": {"model_type": "GRU", "units": 16, "num_layers": 2, "dropout": 0.2, "activation": "relu", "lr": 0.0001829463821479682, "window_size": 26, "batch_size": 128, "epochs": 10, "kernel_size": 2, "attention_heads": 4}, "parameter_index": 0}
[2026-05-19 13:16:07] INFO (NNIManager) Trial job dhIY6 status changed from RUNNING to SUCCEEDED
[2026-05-19 13:16:07] INFO (NNIManager) NNIManager received command from dispatcher: TR, {"parameter_id": 37, "parameter_source": "algorithm", "parameters": {"model_type": "GRU", "units": 16, "num_layers": 2, "dropout": 0.2, "activation": "elu", "lr": 0.0012188014994595302, "window_size": 2, "batch_size": 32, "epochs": 10, "kernel_size": 2, "attention_heads": 4}, "parameter_index": 0}
[2026-05-19 13:16:08] INFO (NNIManager) submitTrialJob: form: {
  sequenceId: 37,
  hyperParameters: {
    value: '{"parameter_id": 37, "parameter_source": "algorithm", "parameters": {"model_type": "GRU", "units": 16, "num_layers": 2, "dropout": 0.2, "activation": "elu", "lr": 0.0012188014994595302, "window_size": 2, "batch_size": 32, "epochs": 10, "kernel_size": 2, "attention_heads": 4}, "parameter_index": 0}',
    index: 0
  },
  placementConstraint: { type: 'None', gpus: [] }
}
[2026-05-19 13:16:08] INFO (LocalV3.local) Created trial G9ucE
[2026-05-19 13:16:10] INFO (LocalV3.local) Trial parameter: G9ucE {"parameter_id": 37, "parameter_source": "algorithm", "parameters": {"model_type": "GRU", "units": 16, "num_layers": 2, "dropout": 0.2, "activation": "elu", "lr": 0.0012188014994595302, "window_size": 2, "batch_size": 32, "epochs": 10, "kernel_size": 2, "attention_heads": 4}, "parameter_index": 0}
[2026-05-19 13:16:22] INFO (NNIManager) Trial job G9ucE status changed from RUNNING to SUCCEEDED
[2026-05-19 13:16:22] INFO (NNIManager) NNIManager received command from dispatcher: TR, {"parameter_id": 38, "parameter_source": "algorithm", "parameters": {"model_type": "GRU", "units": 128, "num_layers": 3, "dropout": 0.2, "activation": "relu", "lr": 0.0005691029018827406, "window_size": 26, "batch_size": 128, "epochs": 10, "kernel_size": 2, "attention_heads": 4}, "parameter_index": 0}
[2026-05-19 13:16:22] INFO (NNIManager) submitTrialJob: form: {
  sequenceId: 38,
  hyperParameters: {
    value: '{"parameter_id": 38, "parameter_source": "algorithm", "parameters": {"model_type": "GRU", "units": 128, "num_layers": 3, "dropout": 0.2, "activation": "relu", "lr": 0.0005691029018827406, "window_size": 26, "batch_size": 128, "epochs": 10, "kernel_size": 2, "attention_heads": 4}, "parameter_index": 0}',
    index: 0
  },
  placementConstraint: { type: 'None', gpus: [] }
}
[2026-05-19 13:16:22] INFO (LocalV3.local) Created trial pU3nF
[2026-05-19 13:16:24] INFO (LocalV3.local) Trial parameter: pU3nF {"parameter_id": 38, "parameter_source": "algorithm", "parameters": {"model_type": "GRU", "units": 128, "num_layers": 3, "dropout": 0.2, "activation": "relu", "lr": 0.0005691029018827406, "window_size": 26, "batch_size": 128, "epochs": 10, "kernel_size": 2, "attention_heads": 4}, "parameter_index": 0}
[2026-05-19 13:17:17] INFO (NNIManager) Trial job pU3nF status changed from RUNNING to SUCCEEDED
[2026-05-19 13:17:17] INFO (NNIManager) NNIManager received command from dispatcher: TR, {"parameter_id": 39, "parameter_source": "algorithm", "parameters": {"model_type": "GRU", "units": 128, "num_layers": 2, "dropout": 0.2, "activation": "relu", "lr": 0.0005442843400428431, "window_size": 26, "batch_size": 128, "epochs": 10, "kernel_size": 5, "attention_heads": 4}, "parameter_index": 0}
[2026-05-19 13:17:17] INFO (NNIManager) submitTrialJob: form: {
  sequenceId: 39,
  hyperParameters: {
    value: '{"parameter_id": 39, "parameter_source": "algorithm", "parameters": {"model_type": "GRU", "units": 128, "num_layers": 2, "dropout": 0.2, "activation": "relu", "lr": 0.0005442843400428431, "window_size": 26, "batch_size": 128, "epochs": 10, "kernel_size": 5, "attention_heads": 4}, "parameter_index": 0}',
    index: 0
  },
  placementConstraint: { type: 'None', gpus: [] }
}
[2026-05-19 13:17:17] INFO (LocalV3.local) Created trial QjTsS
[2026-05-19 13:17:20] INFO (LocalV3.local) Trial parameter: QjTsS {"parameter_id": 39, "parameter_source": "algorithm", "parameters": {"model_type": "GRU", "units": 128, "num_layers": 2, "dropout": 0.2, "activation": "relu", "lr": 0.0005442843400428431, "window_size": 26, "batch_size": 128, "epochs": 10, "kernel_size": 5, "attention_heads": 4}, "parameter_index": 0}
[2026-05-19 13:17:55] INFO (NNIManager) Trial job QjTsS status changed from RUNNING to SUCCEEDED
[2026-05-19 13:17:55] INFO (NNIManager) NNIManager received command from dispatcher: TR, {"parameter_id": 40, "parameter_source": "algorithm", "parameters": {"model_type": "GRU", "units": 16, "num_layers": 3, "dropout": 0.2, "activation": "relu", "lr": 0.00014060289157969775, "window_size": 13, "batch_size": 128, "epochs": 10, "kernel_size": 2, "attention_heads": 8}, "parameter_index": 0}
[2026-05-19 13:17:55] INFO (NNIManager) submitTrialJob: form: {
  sequenceId: 40,
  hyperParameters: {
    value: '{"parameter_id": 40, "parameter_source": "algorithm", "parameters": {"model_type": "GRU", "units": 16, "num_layers": 3, "dropout": 0.2, "activation": "relu", "lr": 0.00014060289157969775, "window_size": 13, "batch_size": 128, "epochs": 10, "kernel_size": 2, "attention_heads": 8}, "parameter_index": 0}',
    index: 0
  },
  placementConstraint: { type: 'None', gpus: [] }
}
[2026-05-19 13:17:55] INFO (LocalV3.local) Created trial F7xdQ
[2026-05-19 13:17:57] INFO (LocalV3.local) Trial parameter: F7xdQ {"parameter_id": 40, "parameter_source": "algorithm", "parameters": {"model_type": "GRU", "units": 16, "num_layers": 3, "dropout": 0.2, "activation": "relu", "lr": 0.00014060289157969775, "window_size": 13, "batch_size": 128, "epochs": 10, "kernel_size": 2, "attention_heads": 8}, "parameter_index": 0}
[2026-05-19 13:18:11] INFO (NNIManager) Trial job F7xdQ status changed from RUNNING to SUCCEEDED
[2026-05-19 13:18:11] INFO (NNIManager) NNIManager received command from dispatcher: TR, {"parameter_id": 41, "parameter_source": "algorithm", "parameters": {"model_type": "GRU", "units": 16, "num_layers": 2, "dropout": 0.2, "activation": "relu", "lr": 0.00025316286457549396, "window_size": 25, "batch_size": 64, "epochs": 5, "kernel_size": 2, "attention_heads": 4}, "parameter_index": 0}
[2026-05-19 13:18:11] INFO (NNIManager) submitTrialJob: form: {
  sequenceId: 41,
  hyperParameters: {
    value: '{"parameter_id": 41, "parameter_source": "algorithm", "parameters": {"model_type": "GRU", "units": 16, "num_layers": 2, "dropout": 0.2, "activation": "relu", "lr": 0.00025316286457549396, "window_size": 25, "batch_size": 64, "epochs": 5, "kernel_size": 2, "attention_heads": 4}, "parameter_index": 0}',
    index: 0
  },
  placementConstraint: { type: 'None', gpus: [] }
}
[2026-05-19 13:18:11] INFO (LocalV3.local) Created trial G08c9
[2026-05-19 13:18:14] INFO (LocalV3.local) Trial parameter: G08c9 {"parameter_id": 41, "parameter_source": "algorithm", "parameters": {"model_type": "GRU", "units": 16, "num_layers": 2, "dropout": 0.2, "activation": "relu", "lr": 0.00025316286457549396, "window_size": 25, "batch_size": 64, "epochs": 5, "kernel_size": 2, "attention_heads": 4}, "parameter_index": 0}
[2026-05-19 13:18:30] INFO (NNIManager) Trial job G08c9 status changed from RUNNING to SUCCEEDED
[2026-05-19 13:18:30] INFO (NNIManager) NNIManager received command from dispatcher: TR, {"parameter_id": 42, "parameter_source": "algorithm", "parameters": {"model_type": "Transformer", "units": 16, "num_layers": 2, "dropout": 0.2, "activation": "relu", "lr": 0.002521592212349224, "window_size": 11, "batch_size": 128, "epochs": 10, "kernel_size": 2, "attention_heads": 4}, "parameter_index": 0}
[2026-05-19 13:18:31] INFO (NNIManager) submitTrialJob: form: {
  sequenceId: 42,
  hyperParameters: {
    value: '{"parameter_id": 42, "parameter_source": "algorithm", "parameters": {"model_type": "Transformer", "units": 16, "num_layers": 2, "dropout": 0.2, "activation": "relu", "lr": 0.002521592212349224, "window_size": 11, "batch_size": 128, "epochs": 10, "kernel_size": 2, "attention_heads": 4}, "parameter_index": 0}',
    index: 0
  },
  placementConstraint: { type: 'None', gpus: [] }
}
[2026-05-19 13:18:31] INFO (LocalV3.local) Created trial fJUQk
[2026-05-19 13:18:33] INFO (LocalV3.local) Trial parameter: fJUQk {"parameter_id": 42, "parameter_source": "algorithm", "parameters": {"model_type": "Transformer", "units": 16, "num_layers": 2, "dropout": 0.2, "activation": "relu", "lr": 0.002521592212349224, "window_size": 11, "batch_size": 128, "epochs": 10, "kernel_size": 2, "attention_heads": 4}, "parameter_index": 0}
[2026-05-19 13:18:47] INFO (NNIManager) Trial job fJUQk status changed from RUNNING to SUCCEEDED
[2026-05-19 13:18:47] INFO (NNIManager) NNIManager received command from dispatcher: TR, {"parameter_id": 43, "parameter_source": "algorithm", "parameters": {"model_type": "GRU", "units": 16, "num_layers": 4, "dropout": 0.1, "activation": "relu", "lr": 0.00018891325705108379, "window_size": 19, "batch_size": 128, "epochs": 10, "kernel_size": 2, "attention_heads": 4}, "parameter_index": 0}
[2026-05-19 13:18:48] INFO (NNIManager) submitTrialJob: form: {
  sequenceId: 43,
  hyperParameters: {
    value: '{"parameter_id": 43, "parameter_source": "algorithm", "parameters": {"model_type": "GRU", "units": 16, "num_layers": 4, "dropout": 0.1, "activation": "relu", "lr": 0.00018891325705108379, "window_size": 19, "batch_size": 128, "epochs": 10, "kernel_size": 2, "attention_heads": 4}, "parameter_index": 0}',
    index: 0
  },
  placementConstraint: { type: 'None', gpus: [] }
}
[2026-05-19 13:18:48] INFO (LocalV3.local) Created trial mKrN2
[2026-05-19 13:18:50] INFO (LocalV3.local) Trial parameter: mKrN2 {"parameter_id": 43, "parameter_source": "algorithm", "parameters": {"model_type": "GRU", "units": 16, "num_layers": 4, "dropout": 0.1, "activation": "relu", "lr": 0.00018891325705108379, "window_size": 19, "batch_size": 128, "epochs": 10, "kernel_size": 2, "attention_heads": 4}, "parameter_index": 0}
[2026-05-19 13:19:16] INFO (NNIManager) Trial job mKrN2 status changed from RUNNING to SUCCEEDED
[2026-05-19 13:19:16] INFO (NNIManager) NNIManager received command from dispatcher: TR, {"parameter_id": 44, "parameter_source": "algorithm", "parameters": {"model_type": "LSTM", "units": 16, "num_layers": 4, "dropout": 0.1, "activation": "elu", "lr": 0.0012395559026370598, "window_size": 19, "batch_size": 128, "epochs": 10, "kernel_size": 3, "attention_heads": 4}, "parameter_index": 0}
[2026-05-19 13:19:16] INFO (NNIManager) submitTrialJob: form: {
  sequenceId: 44,
  hyperParameters: {
    value: '{"parameter_id": 44, "parameter_source": "algorithm", "parameters": {"model_type": "LSTM", "units": 16, "num_layers": 4, "dropout": 0.1, "activation": "elu", "lr": 0.0012395559026370598, "window_size": 19, "batch_size": 128, "epochs": 10, "kernel_size": 3, "attention_heads": 4}, "parameter_index": 0}',
    index: 0
  },
  placementConstraint: { type: 'None', gpus: [] }
}
[2026-05-19 13:19:16] INFO (LocalV3.local) Created trial z1oQi
[2026-05-19 13:19:19] INFO (LocalV3.local) Trial parameter: z1oQi {"parameter_id": 44, "parameter_source": "algorithm", "parameters": {"model_type": "LSTM", "units": 16, "num_layers": 4, "dropout": 0.1, "activation": "elu", "lr": 0.0012395559026370598, "window_size": 19, "batch_size": 128, "epochs": 10, "kernel_size": 3, "attention_heads": 4}, "parameter_index": 0}
[2026-05-19 13:19:41] INFO (NNIManager) Trial job z1oQi status changed from RUNNING to SUCCEEDED
[2026-05-19 13:19:41] INFO (NNIManager) NNIManager received command from dispatcher: TR, {"parameter_id": 45, "parameter_source": "algorithm", "parameters": {"model_type": "MLP", "units": 16, "num_layers": 4, "dropout": 0.1, "activation": "relu", "lr": 0.00011456942731227232, "window_size": 21, "batch_size": 128, "epochs": 20, "kernel_size": 2, "attention_heads": 4}, "parameter_index": 0}
[2026-05-19 13:19:42] INFO (NNIManager) submitTrialJob: form: {
  sequenceId: 45,
  hyperParameters: {
    value: '{"parameter_id": 45, "parameter_source": "algorithm", "parameters": {"model_type": "MLP", "units": 16, "num_layers": 4, "dropout": 0.1, "activation": "relu", "lr": 0.00011456942731227232, "window_size": 21, "batch_size": 128, "epochs": 20, "kernel_size": 2, "attention_heads": 4}, "parameter_index": 0}',
    index: 0
  },
  placementConstraint: { type: 'None', gpus: [] }
}
[2026-05-19 13:19:42] INFO (LocalV3.local) Created trial ixdyl
[2026-05-19 13:19:44] INFO (LocalV3.local) Trial parameter: ixdyl {"parameter_id": 45, "parameter_source": "algorithm", "parameters": {"model_type": "MLP", "units": 16, "num_layers": 4, "dropout": 0.1, "activation": "relu", "lr": 0.00011456942731227232, "window_size": 21, "batch_size": 128, "epochs": 20, "kernel_size": 2, "attention_heads": 4}, "parameter_index": 0}
[2026-05-19 13:19:49] INFO (NNIManager) Trial job ixdyl status changed from RUNNING to SUCCEEDED
[2026-05-19 13:19:49] INFO (NNIManager) NNIManager received command from dispatcher: TR, {"parameter_id": 46, "parameter_source": "algorithm", "parameters": {"model_type": "GRU", "units": 128, "num_layers": 4, "dropout": 0.1, "activation": "elu", "lr": 6.997029001748396e-05, "window_size": 22, "batch_size": 64, "epochs": 10, "kernel_size": 5, "attention_heads": 8}, "parameter_index": 0}
[2026-05-19 13:19:50] INFO (NNIManager) submitTrialJob: form: {
  sequenceId: 46,
  hyperParameters: {
    value: '{"parameter_id": 46, "parameter_source": "algorithm", "parameters": {"model_type": "GRU", "units": 128, "num_layers": 4, "dropout": 0.1, "activation": "elu", "lr": 6.997029001748396e-05, "window_size": 22, "batch_size": 64, "epochs": 10, "kernel_size": 5, "attention_heads": 8}, "parameter_index": 0}',
    index: 0
  },
  placementConstraint: { type: 'None', gpus: [] }
}
[2026-05-19 13:19:50] INFO (LocalV3.local) Created trial isNtT
[2026-05-19 13:19:51] INFO (LocalV3.local) Trial parameter: isNtT {"parameter_id": 46, "parameter_source": "algorithm", "parameters": {"model_type": "GRU", "units": 128, "num_layers": 4, "dropout": 0.1, "activation": "elu", "lr": 6.997029001748396e-05, "window_size": 22, "batch_size": 64, "epochs": 10, "kernel_size": 5, "attention_heads": 8}, "parameter_index": 0}
[2026-05-19 13:20:54] INFO (NNIManager) Trial job isNtT status changed from RUNNING to SUCCEEDED
[2026-05-19 13:20:54] INFO (NNIManager) NNIManager received command from dispatcher: TR, {"parameter_id": 47, "parameter_source": "algorithm", "parameters": {"model_type": "LSTM", "units": 32, "num_layers": 4, "dropout": 0.1, "activation": "relu", "lr": 0.00018637900090731386, "window_size": 19, "batch_size": 32, "epochs": 5, "kernel_size": 3, "attention_heads": 4}, "parameter_index": 0}
[2026-05-19 13:20:55] INFO (NNIManager) submitTrialJob: form: {
  sequenceId: 47,
  hyperParameters: {
    value: '{"parameter_id": 47, "parameter_source": "algorithm", "parameters": {"model_type": "LSTM", "units": 32, "num_layers": 4, "dropout": 0.1, "activation": "relu", "lr": 0.00018637900090731386, "window_size": 19, "batch_size": 32, "epochs": 5, "kernel_size": 3, "attention_heads": 4}, "parameter_index": 0}',
    index: 0
  },
  placementConstraint: { type: 'None', gpus: [] }
}
[2026-05-19 13:20:55] INFO (LocalV3.local) Created trial XO7fU
[2026-05-19 13:20:57] INFO (LocalV3.local) Trial parameter: XO7fU {"parameter_id": 47, "parameter_source": "algorithm", "parameters": {"model_type": "LSTM", "units": 32, "num_layers": 4, "dropout": 0.1, "activation": "relu", "lr": 0.00018637900090731386, "window_size": 19, "batch_size": 32, "epochs": 5, "kernel_size": 3, "attention_heads": 4}, "parameter_index": 0}
[2026-05-19 13:21:18] INFO (NNIManager) Trial job XO7fU status changed from RUNNING to SUCCEEDED
[2026-05-19 13:21:18] INFO (NNIManager) NNIManager received command from dispatcher: TR, {"parameter_id": 48, "parameter_source": "algorithm", "parameters": {"model_type": "LSTM", "units": 32, "num_layers": 4, "dropout": 0.1, "activation": "relu", "lr": 0.00019472607216138423, "window_size": 19, "batch_size": 32, "epochs": 5, "kernel_size": 3, "attention_heads": 4}, "parameter_index": 0}
[2026-05-19 13:21:19] INFO (NNIManager) submitTrialJob: form: {
  sequenceId: 48,
  hyperParameters: {
    value: '{"parameter_id": 48, "parameter_source": "algorithm", "parameters": {"model_type": "LSTM", "units": 32, "num_layers": 4, "dropout": 0.1, "activation": "relu", "lr": 0.00019472607216138423, "window_size": 19, "batch_size": 32, "epochs": 5, "kernel_size": 3, "attention_heads": 4}, "parameter_index": 0}',
    index: 0
  },
  placementConstraint: { type: 'None', gpus: [] }
}
[2026-05-19 13:21:19] INFO (LocalV3.local) Created trial VMUet
[2026-05-19 13:21:21] INFO (LocalV3.local) Trial parameter: VMUet {"parameter_id": 48, "parameter_source": "algorithm", "parameters": {"model_type": "LSTM", "units": 32, "num_layers": 4, "dropout": 0.1, "activation": "relu", "lr": 0.00019472607216138423, "window_size": 19, "batch_size": 32, "epochs": 5, "kernel_size": 3, "attention_heads": 4}, "parameter_index": 0}
[2026-05-19 13:21:42] INFO (NNIManager) Trial job VMUet status changed from RUNNING to SUCCEEDED
[2026-05-19 13:21:42] INFO (NNIManager) NNIManager received command from dispatcher: TR, {"parameter_id": 49, "parameter_source": "algorithm", "parameters": {"model_type": "LSTM", "units": 32, "num_layers": 4, "dropout": 0.1, "activation": "tanh", "lr": 0.0002118815730238831, "window_size": 19, "batch_size": 32, "epochs": 5, "kernel_size": 3, "attention_heads": 4}, "parameter_index": 0}
[2026-05-19 13:21:43] INFO (NNIManager) submitTrialJob: form: {
  sequenceId: 49,
  hyperParameters: {
    value: '{"parameter_id": 49, "parameter_source": "algorithm", "parameters": {"model_type": "LSTM", "units": 32, "num_layers": 4, "dropout": 0.1, "activation": "tanh", "lr": 0.0002118815730238831, "window_size": 19, "batch_size": 32, "epochs": 5, "kernel_size": 3, "attention_heads": 4}, "parameter_index": 0}',
    index: 0
  },
  placementConstraint: { type: 'None', gpus: [] }
}
[2026-05-19 13:21:43] INFO (LocalV3.local) Created trial AM2XG
[2026-05-19 13:21:45] INFO (LocalV3.local) Trial parameter: AM2XG {"parameter_id": 49, "parameter_source": "algorithm", "parameters": {"model_type": "LSTM", "units": 32, "num_layers": 4, "dropout": 0.1, "activation": "tanh", "lr": 0.0002118815730238831, "window_size": 19, "batch_size": 32, "epochs": 5, "kernel_size": 3, "attention_heads": 4}, "parameter_index": 0}
[2026-05-19 13:22:09] INFO (NNIManager) Trial job AM2XG status changed from RUNNING to SUCCEEDED
[2026-05-19 13:22:09] INFO (NNIManager) NNIManager received command from dispatcher: TR, {"parameter_id": 50, "parameter_source": "algorithm", "parameters": {"model_type": "LSTM", "units": 32, "num_layers": 4, "dropout": 0.1, "activation": "relu", "lr": 0.00031427554531326084, "window_size": 19, "batch_size": 32, "epochs": 5, "kernel_size": 3, "attention_heads": 4}, "parameter_index": 0}
[2026-05-19 13:22:10] INFO (NNIManager) submitTrialJob: form: {
  sequenceId: 50,
  hyperParameters: {
    value: '{"parameter_id": 50, "parameter_source": "algorithm", "parameters": {"model_type": "LSTM", "units": 32, "num_layers": 4, "dropout": 0.1, "activation": "relu", "lr": 0.00031427554531326084, "window_size": 19, "batch_size": 32, "epochs": 5, "kernel_size": 3, "attention_heads": 4}, "parameter_index": 0}',
    index: 0
  },
  placementConstraint: { type: 'None', gpus: [] }
}
[2026-05-19 13:22:10] INFO (LocalV3.local) Created trial ddTXX
[2026-05-19 13:22:13] INFO (LocalV3.local) Trial parameter: ddTXX {"parameter_id": 50, "parameter_source": "algorithm", "parameters": {"model_type": "LSTM", "units": 32, "num_layers": 4, "dropout": 0.1, "activation": "relu", "lr": 0.00031427554531326084, "window_size": 19, "batch_size": 32, "epochs": 5, "kernel_size": 3, "attention_heads": 4}, "parameter_index": 0}
[2026-05-19 13:22:44] INFO (NNIManager) Trial job ddTXX status changed from RUNNING to SUCCEEDED
[2026-05-19 13:22:44] INFO (NNIManager) NNIManager received command from dispatcher: TR, {"parameter_id": 51, "parameter_source": "algorithm", "parameters": {"model_type": "LSTM", "units": 32, "num_layers": 4, "dropout": 0.1, "activation": "relu", "lr": 0.0005545431971335017, "window_size": 19, "batch_size": 32, "epochs": 5, "kernel_size": 3, "attention_heads": 8}, "parameter_index": 0}
[2026-05-19 13:22:44] INFO (NNIManager) submitTrialJob: form: {
  sequenceId: 51,
  hyperParameters: {
    value: '{"parameter_id": 51, "parameter_source": "algorithm", "parameters": {"model_type": "LSTM", "units": 32, "num_layers": 4, "dropout": 0.1, "activation": "relu", "lr": 0.0005545431971335017, "window_size": 19, "batch_size": 32, "epochs": 5, "kernel_size": 3, "attention_heads": 8}, "parameter_index": 0}',
    index: 0
  },
  placementConstraint: { type: 'None', gpus: [] }
}
[2026-05-19 13:22:44] INFO (LocalV3.local) Created trial HoUjI
[2026-05-19 13:22:46] INFO (LocalV3.local) Trial parameter: HoUjI {"parameter_id": 51, "parameter_source": "algorithm", "parameters": {"model_type": "LSTM", "units": 32, "num_layers": 4, "dropout": 0.1, "activation": "relu", "lr": 0.0005545431971335017, "window_size": 19, "batch_size": 32, "epochs": 5, "kernel_size": 3, "attention_heads": 8}, "parameter_index": 0}
[2026-05-19 13:23:10] INFO (NNIManager) Trial job HoUjI status changed from RUNNING to SUCCEEDED
[2026-05-19 13:23:10] INFO (NNIManager) NNIManager received command from dispatcher: TR, {"parameter_id": 52, "parameter_source": "algorithm", "parameters": {"model_type": "LSTM", "units": 32, "num_layers": 4, "dropout": 0.1, "activation": "sigmoid", "lr": 0.0010544554479208408, "window_size": 14, "batch_size": 32, "epochs": 5, "kernel_size": 3, "attention_heads": 4}, "parameter_index": 0}
[2026-05-19 13:23:11] INFO (NNIManager) submitTrialJob: form: {
  sequenceId: 52,
  hyperParameters: {
    value: '{"parameter_id": 52, "parameter_source": "algorithm", "parameters": {"model_type": "LSTM", "units": 32, "num_layers": 4, "dropout": 0.1, "activation": "sigmoid", "lr": 0.0010544554479208408, "window_size": 14, "batch_size": 32, "epochs": 5, "kernel_size": 3, "attention_heads": 4}, "parameter_index": 0}',
    index: 0
  },
  placementConstraint: { type: 'None', gpus: [] }
}
[2026-05-19 13:23:11] INFO (LocalV3.local) Created trial ydPGz
[2026-05-19 13:23:13] INFO (LocalV3.local) Trial parameter: ydPGz {"parameter_id": 52, "parameter_source": "algorithm", "parameters": {"model_type": "LSTM", "units": 32, "num_layers": 4, "dropout": 0.1, "activation": "sigmoid", "lr": 0.0010544554479208408, "window_size": 14, "batch_size": 32, "epochs": 5, "kernel_size": 3, "attention_heads": 4}, "parameter_index": 0}
[2026-05-19 13:23:32] INFO (NNIManager) Trial job ydPGz status changed from RUNNING to SUCCEEDED
[2026-05-19 13:23:32] INFO (NNIManager) NNIManager received command from dispatcher: TR, {"parameter_id": 53, "parameter_source": "algorithm", "parameters": {"model_type": "LSTM", "units": 32, "num_layers": 4, "dropout": 0.1, "activation": "elu", "lr": 0.00016867896421180658, "window_size": 19, "batch_size": 32, "epochs": 5, "kernel_size": 3, "attention_heads": 2}, "parameter_index": 0}
[2026-05-19 13:23:33] INFO (NNIManager) submitTrialJob: form: {
  sequenceId: 53,
  hyperParameters: {
    value: '{"parameter_id": 53, "parameter_source": "algorithm", "parameters": {"model_type": "LSTM", "units": 32, "num_layers": 4, "dropout": 0.1, "activation": "elu", "lr": 0.00016867896421180658, "window_size": 19, "batch_size": 32, "epochs": 5, "kernel_size": 3, "attention_heads": 2}, "parameter_index": 0}',
    index: 0
  },
  placementConstraint: { type: 'None', gpus: [] }
}
[2026-05-19 13:23:33] INFO (LocalV3.local) Created trial KYfUa
[2026-05-19 13:23:35] INFO (LocalV3.local) Trial parameter: KYfUa {"parameter_id": 53, "parameter_source": "algorithm", "parameters": {"model_type": "LSTM", "units": 32, "num_layers": 4, "dropout": 0.1, "activation": "elu", "lr": 0.00016867896421180658, "window_size": 19, "batch_size": 32, "epochs": 5, "kernel_size": 3, "attention_heads": 2}, "parameter_index": 0}
[2026-05-19 13:23:56] INFO (NNIManager) Trial job KYfUa status changed from RUNNING to SUCCEEDED
[2026-05-19 13:23:56] INFO (NNIManager) NNIManager received command from dispatcher: TR, {"parameter_id": 54, "parameter_source": "algorithm", "parameters": {"model_type": "LSTM", "units": 32, "num_layers": 4, "dropout": 0.1, "activation": "relu", "lr": 5.954527278961301e-05, "window_size": 25, "batch_size": 32, "epochs": 5, "kernel_size": 3, "attention_heads": 4}, "parameter_index": 0}
[2026-05-19 13:23:57] INFO (NNIManager) submitTrialJob: form: {
  sequenceId: 54,
  hyperParameters: {
    value: '{"parameter_id": 54, "parameter_source": "algorithm", "parameters": {"model_type": "LSTM", "units": 32, "num_layers": 4, "dropout": 0.1, "activation": "relu", "lr": 5.954527278961301e-05, "window_size": 25, "batch_size": 32, "epochs": 5, "kernel_size": 3, "attention_heads": 4}, "parameter_index": 0}',
    index: 0
  },
  placementConstraint: { type: 'None', gpus: [] }
}
[2026-05-19 13:23:57] INFO (LocalV3.local) Created trial xj7GO
[2026-05-19 13:23:59] INFO (LocalV3.local) Trial parameter: xj7GO {"parameter_id": 54, "parameter_source": "algorithm", "parameters": {"model_type": "LSTM", "units": 32, "num_layers": 4, "dropout": 0.1, "activation": "relu", "lr": 5.954527278961301e-05, "window_size": 25, "batch_size": 32, "epochs": 5, "kernel_size": 3, "attention_heads": 4}, "parameter_index": 0}
[2026-05-19 13:24:26] INFO (NNIManager) Trial job xj7GO status changed from RUNNING to SUCCEEDED
[2026-05-19 13:24:26] INFO (NNIManager) NNIManager received command from dispatcher: TR, {"parameter_id": 55, "parameter_source": "algorithm", "parameters": {"model_type": "LSTM", "units": 32, "num_layers": 4, "dropout": 0.1, "activation": "relu", "lr": 1.23053279113394e-05, "window_size": 25, "batch_size": 32, "epochs": 5, "kernel_size": 3, "attention_heads": 4}, "parameter_index": 0}
[2026-05-19 13:24:26] INFO (NNIManager) submitTrialJob: form: {
  sequenceId: 55,
  hyperParameters: {
    value: '{"parameter_id": 55, "parameter_source": "algorithm", "parameters": {"model_type": "LSTM", "units": 32, "num_layers": 4, "dropout": 0.1, "activation": "relu", "lr": 1.23053279113394e-05, "window_size": 25, "batch_size": 32, "epochs": 5, "kernel_size": 3, "attention_heads": 4}, "parameter_index": 0}',
    index: 0
  },
  placementConstraint: { type: 'None', gpus: [] }
}
[2026-05-19 13:24:26] INFO (LocalV3.local) Created trial VbLX3
[2026-05-19 13:24:28] INFO (LocalV3.local) Trial parameter: VbLX3 {"parameter_id": 55, "parameter_source": "algorithm", "parameters": {"model_type": "LSTM", "units": 32, "num_layers": 4, "dropout": 0.1, "activation": "relu", "lr": 1.23053279113394e-05, "window_size": 25, "batch_size": 32, "epochs": 5, "kernel_size": 3, "attention_heads": 4}, "parameter_index": 0}
[2026-05-19 13:24:55] INFO (NNIManager) Trial job VbLX3 status changed from RUNNING to SUCCEEDED
[2026-05-19 13:24:55] INFO (NNIManager) NNIManager received command from dispatcher: TR, {"parameter_id": 56, "parameter_source": "algorithm", "parameters": {"model_type": "LSTM", "units": 32, "num_layers": 4, "dropout": 0.1, "activation": "tanh", "lr": 3.837210164881518e-05, "window_size": 25, "batch_size": 32, "epochs": 5, "kernel_size": 3, "attention_heads": 4}, "parameter_index": 0}
[2026-05-19 13:24:55] INFO (NNIManager) submitTrialJob: form: {
  sequenceId: 56,
  hyperParameters: {
    value: '{"parameter_id": 56, "parameter_source": "algorithm", "parameters": {"model_type": "LSTM", "units": 32, "num_layers": 4, "dropout": 0.1, "activation": "tanh", "lr": 3.837210164881518e-05, "window_size": 25, "batch_size": 32, "epochs": 5, "kernel_size": 3, "attention_heads": 4}, "parameter_index": 0}',
    index: 0
  },
  placementConstraint: { type: 'None', gpus: [] }
}
[2026-05-19 13:24:55] INFO (LocalV3.local) Created trial Hrzbd
[2026-05-19 13:24:57] INFO (LocalV3.local) Trial parameter: Hrzbd {"parameter_id": 56, "parameter_source": "algorithm", "parameters": {"model_type": "LSTM", "units": 32, "num_layers": 4, "dropout": 0.1, "activation": "tanh", "lr": 3.837210164881518e-05, "window_size": 25, "batch_size": 32, "epochs": 5, "kernel_size": 3, "attention_heads": 4}, "parameter_index": 0}
[2026-05-19 13:25:21] INFO (NNIManager) Trial job Hrzbd status changed from RUNNING to SUCCEEDED
[2026-05-19 13:25:21] INFO (NNIManager) NNIManager received command from dispatcher: TR, {"parameter_id": 57, "parameter_source": "algorithm", "parameters": {"model_type": "LSTM", "units": 32, "num_layers": 4, "dropout": 0.3, "activation": "relu", "lr": 5.552423551836293e-05, "window_size": 27, "batch_size": 32, "epochs": 5, "kernel_size": 3, "attention_heads": 8}, "parameter_index": 0}
[2026-05-19 13:25:22] INFO (NNIManager) submitTrialJob: form: {
  sequenceId: 57,
  hyperParameters: {
    value: '{"parameter_id": 57, "parameter_source": "algorithm", "parameters": {"model_type": "LSTM", "units": 32, "num_layers": 4, "dropout": 0.3, "activation": "relu", "lr": 5.552423551836293e-05, "window_size": 27, "batch_size": 32, "epochs": 5, "kernel_size": 3, "attention_heads": 8}, "parameter_index": 0}',
    index: 0
  },
  placementConstraint: { type: 'None', gpus: [] }
}
[2026-05-19 13:25:22] INFO (LocalV3.local) Created trial Yx5F3
[2026-05-19 13:25:23] INFO (LocalV3.local) Trial parameter: Yx5F3 {"parameter_id": 57, "parameter_source": "algorithm", "parameters": {"model_type": "LSTM", "units": 32, "num_layers": 4, "dropout": 0.3, "activation": "relu", "lr": 5.552423551836293e-05, "window_size": 27, "batch_size": 32, "epochs": 5, "kernel_size": 3, "attention_heads": 8}, "parameter_index": 0}
[2026-05-19 13:25:50] INFO (NNIManager) Trial job Yx5F3 status changed from RUNNING to SUCCEEDED
[2026-05-19 13:25:50] INFO (NNIManager) NNIManager received command from dispatcher: TR, {"parameter_id": 58, "parameter_source": "algorithm", "parameters": {"model_type": "RNN", "units": 32, "num_layers": 4, "dropout": 0.1, "activation": "relu", "lr": 2.4978670714705242e-05, "window_size": 10, "batch_size": 32, "epochs": 5, "kernel_size": 3, "attention_heads": 4}, "parameter_index": 0}
[2026-05-19 13:25:50] INFO (NNIManager) submitTrialJob: form: {
  sequenceId: 58,
  hyperParameters: {
    value: '{"parameter_id": 58, "parameter_source": "algorithm", "parameters": {"model_type": "RNN", "units": 32, "num_layers": 4, "dropout": 0.1, "activation": "relu", "lr": 2.4978670714705242e-05, "window_size": 10, "batch_size": 32, "epochs": 5, "kernel_size": 3, "attention_heads": 4}, "parameter_index": 0}',
    index: 0
  },
  placementConstraint: { type: 'None', gpus: [] }
}
[2026-05-19 13:25:50] INFO (LocalV3.local) Created trial P3uM2
[2026-05-19 13:25:52] INFO (LocalV3.local) Trial parameter: P3uM2 {"parameter_id": 58, "parameter_source": "algorithm", "parameters": {"model_type": "RNN", "units": 32, "num_layers": 4, "dropout": 0.1, "activation": "relu", "lr": 2.4978670714705242e-05, "window_size": 10, "batch_size": 32, "epochs": 5, "kernel_size": 3, "attention_heads": 4}, "parameter_index": 0}
[2026-05-19 13:26:01] INFO (NNIManager) Trial job P3uM2 status changed from RUNNING to SUCCEEDED
[2026-05-19 13:26:01] INFO (NNIManager) NNIManager received command from dispatcher: TR, {"parameter_id": 59, "parameter_source": "algorithm", "parameters": {"model_type": "LSTM", "units": 32, "num_layers": 3, "dropout": 0.1, "activation": "elu", "lr": 5.9708875619805875e-05, "window_size": 13, "batch_size": 32, "epochs": 5, "kernel_size": 3, "attention_heads": 4}, "parameter_index": 0}
[2026-05-19 13:26:02] INFO (NNIManager) submitTrialJob: form: {
  sequenceId: 59,
  hyperParameters: {
    value: '{"parameter_id": 59, "parameter_source": "algorithm", "parameters": {"model_type": "LSTM", "units": 32, "num_layers": 3, "dropout": 0.1, "activation": "elu", "lr": 5.9708875619805875e-05, "window_size": 13, "batch_size": 32, "epochs": 5, "kernel_size": 3, "attention_heads": 4}, "parameter_index": 0}',
    index: 0
  },
  placementConstraint: { type: 'None', gpus: [] }
}
[2026-05-19 13:26:02] INFO (LocalV3.local) Created trial vmEGd
[2026-05-19 13:26:04] INFO (LocalV3.local) Trial parameter: vmEGd {"parameter_id": 59, "parameter_source": "algorithm", "parameters": {"model_type": "LSTM", "units": 32, "num_layers": 3, "dropout": 0.1, "activation": "elu", "lr": 5.9708875619805875e-05, "window_size": 13, "batch_size": 32, "epochs": 5, "kernel_size": 3, "attention_heads": 4}, "parameter_index": 0}
[2026-05-19 13:26:24] INFO (NNIManager) Trial job vmEGd status changed from RUNNING to SUCCEEDED
[2026-05-19 13:26:24] INFO (NNIManager) NNIManager received command from dispatcher: TR, {"parameter_id": 60, "parameter_source": "algorithm", "parameters": {"model_type": "TCN", "units": 32, "num_layers": 4, "dropout": 0.3, "activation": "tanh", "lr": 0.0002941520339902127, "window_size": 9, "batch_size": 32, "epochs": 5, "kernel_size": 3, "attention_heads": 2}, "parameter_index": 0}
[2026-05-19 13:26:24] INFO (NNIManager) submitTrialJob: form: {
  sequenceId: 60,
  hyperParameters: {
    value: '{"parameter_id": 60, "parameter_source": "algorithm", "parameters": {"model_type": "TCN", "units": 32, "num_layers": 4, "dropout": 0.3, "activation": "tanh", "lr": 0.0002941520339902127, "window_size": 9, "batch_size": 32, "epochs": 5, "kernel_size": 3, "attention_heads": 2}, "parameter_index": 0}',
    index: 0
  },
  placementConstraint: { type: 'None', gpus: [] }
}
[2026-05-19 13:26:24] INFO (LocalV3.local) Created trial PSar5
[2026-05-19 13:26:28] INFO (LocalV3.local) Trial parameter: PSar5 {"parameter_id": 60, "parameter_source": "algorithm", "parameters": {"model_type": "TCN", "units": 32, "num_layers": 4, "dropout": 0.3, "activation": "tanh", "lr": 0.0002941520339902127, "window_size": 9, "batch_size": 32, "epochs": 5, "kernel_size": 3, "attention_heads": 2}, "parameter_index": 0}
[2026-05-19 13:26:35] INFO (NNIManager) Trial job PSar5 status changed from RUNNING to SUCCEEDED
[2026-05-19 13:26:35] INFO (NNIManager) NNIManager received command from dispatcher: TR, {"parameter_id": 61, "parameter_source": "algorithm", "parameters": {"model_type": "TCN", "units": 32, "num_layers": 4, "dropout": 0.1, "activation": "tanh", "lr": 0.0001272074209125945, "window_size": 25, "batch_size": 32, "epochs": 5, "kernel_size": 3, "attention_heads": 2}, "parameter_index": 0}
[2026-05-19 13:26:35] INFO (NNIManager) submitTrialJob: form: {
  sequenceId: 61,
  hyperParameters: {
    value: '{"parameter_id": 61, "parameter_source": "algorithm", "parameters": {"model_type": "TCN", "units": 32, "num_layers": 4, "dropout": 0.1, "activation": "tanh", "lr": 0.0001272074209125945, "window_size": 25, "batch_size": 32, "epochs": 5, "kernel_size": 3, "attention_heads": 2}, "parameter_index": 0}',
    index: 0
  },
  placementConstraint: { type: 'None', gpus: [] }
}
[2026-05-19 13:26:35] INFO (LocalV3.local) Created trial gt8Im
[2026-05-19 13:26:37] INFO (LocalV3.local) Trial parameter: gt8Im {"parameter_id": 61, "parameter_source": "algorithm", "parameters": {"model_type": "TCN", "units": 32, "num_layers": 4, "dropout": 0.1, "activation": "tanh", "lr": 0.0001272074209125945, "window_size": 25, "batch_size": 32, "epochs": 5, "kernel_size": 3, "attention_heads": 2}, "parameter_index": 0}
[2026-05-19 13:26:43] INFO (NNIManager) Trial job gt8Im status changed from RUNNING to SUCCEEDED
[2026-05-19 13:26:43] INFO (NNIManager) NNIManager received command from dispatcher: TR, {"parameter_id": 62, "parameter_source": "algorithm", "parameters": {"model_type": "TCN", "units": 32, "num_layers": 4, "dropout": 0.1, "activation": "tanh", "lr": 0.00011526876308510763, "window_size": 25, "batch_size": 32, "epochs": 5, "kernel_size": 3, "attention_heads": 2}, "parameter_index": 0}
[2026-05-19 13:26:44] INFO (NNIManager) submitTrialJob: form: {
  sequenceId: 62,
  hyperParameters: {
    value: '{"parameter_id": 62, "parameter_source": "algorithm", "parameters": {"model_type": "TCN", "units": 32, "num_layers": 4, "dropout": 0.1, "activation": "tanh", "lr": 0.00011526876308510763, "window_size": 25, "batch_size": 32, "epochs": 5, "kernel_size": 3, "attention_heads": 2}, "parameter_index": 0}',
    index: 0
  },
  placementConstraint: { type: 'None', gpus: [] }
}
[2026-05-19 13:26:44] INFO (LocalV3.local) Created trial HEZ16
[2026-05-19 13:26:46] INFO (LocalV3.local) Trial parameter: HEZ16 {"parameter_id": 62, "parameter_source": "algorithm", "parameters": {"model_type": "TCN", "units": 32, "num_layers": 4, "dropout": 0.1, "activation": "tanh", "lr": 0.00011526876308510763, "window_size": 25, "batch_size": 32, "epochs": 5, "kernel_size": 3, "attention_heads": 2}, "parameter_index": 0}
[2026-05-19 13:26:51] INFO (NNIManager) Trial job HEZ16 status changed from RUNNING to SUCCEEDED
[2026-05-19 13:26:51] INFO (NNIManager) NNIManager received command from dispatcher: TR, {"parameter_id": 63, "parameter_source": "algorithm", "parameters": {"model_type": "TCN", "units": 64, "num_layers": 4, "dropout": 0.3, "activation": "tanh", "lr": 1.4977516059606607e-05, "window_size": 25, "batch_size": 32, "epochs": 5, "kernel_size": 3, "attention_heads": 2}, "parameter_index": 0}
[2026-05-19 13:26:52] INFO (NNIManager) submitTrialJob: form: {
  sequenceId: 63,
  hyperParameters: {
    value: '{"parameter_id": 63, "parameter_source": "algorithm", "parameters": {"model_type": "TCN", "units": 64, "num_layers": 4, "dropout": 0.3, "activation": "tanh", "lr": 1.4977516059606607e-05, "window_size": 25, "batch_size": 32, "epochs": 5, "kernel_size": 3, "attention_heads": 2}, "parameter_index": 0}',
    index: 0
  },
  placementConstraint: { type: 'None', gpus: [] }
}
[2026-05-19 13:26:52] INFO (LocalV3.local) Created trial S9wsb
[2026-05-19 13:26:54] INFO (LocalV3.local) Trial parameter: S9wsb {"parameter_id": 63, "parameter_source": "algorithm", "parameters": {"model_type": "TCN", "units": 64, "num_layers": 4, "dropout": 0.3, "activation": "tanh", "lr": 1.4977516059606607e-05, "window_size": 25, "batch_size": 32, "epochs": 5, "kernel_size": 3, "attention_heads": 2}, "parameter_index": 0}
[2026-05-19 13:27:02] INFO (NNIManager) Trial job S9wsb status changed from RUNNING to SUCCEEDED
[2026-05-19 13:27:02] INFO (NNIManager) NNIManager received command from dispatcher: TR, {"parameter_id": 64, "parameter_source": "algorithm", "parameters": {"model_type": "TCN", "units": 32, "num_layers": 4, "dropout": 0.1, "activation": "tanh", "lr": 4.220979417529466e-05, "window_size": 6, "batch_size": 32, "epochs": 20, "kernel_size": 3, "attention_heads": 2}, "parameter_index": 0}
[2026-05-19 13:27:02] INFO (NNIManager) submitTrialJob: form: {
  sequenceId: 64,
  hyperParameters: {
    value: '{"parameter_id": 64, "parameter_source": "algorithm", "parameters": {"model_type": "TCN", "units": 32, "num_layers": 4, "dropout": 0.1, "activation": "tanh", "lr": 4.220979417529466e-05, "window_size": 6, "batch_size": 32, "epochs": 20, "kernel_size": 3, "attention_heads": 2}, "parameter_index": 0}',
    index: 0
  },
  placementConstraint: { type: 'None', gpus: [] }
}
[2026-05-19 13:27:02] INFO (LocalV3.local) Created trial UYXu2
[2026-05-19 13:27:04] INFO (LocalV3.local) Trial parameter: UYXu2 {"parameter_id": 64, "parameter_source": "algorithm", "parameters": {"model_type": "TCN", "units": 32, "num_layers": 4, "dropout": 0.1, "activation": "tanh", "lr": 4.220979417529466e-05, "window_size": 6, "batch_size": 32, "epochs": 20, "kernel_size": 3, "attention_heads": 2}, "parameter_index": 0}
[2026-05-19 13:27:17] INFO (NNIManager) Trial job UYXu2 status changed from RUNNING to SUCCEEDED
[2026-05-19 13:27:17] INFO (NNIManager) NNIManager received command from dispatcher: TR, {"parameter_id": 65, "parameter_source": "algorithm", "parameters": {"model_type": "TCN", "units": 32, "num_layers": 4, "dropout": 0.1, "activation": "tanh", "lr": 0.00012197229534531899, "window_size": 9, "batch_size": 32, "epochs": 5, "kernel_size": 3, "attention_heads": 2}, "parameter_index": 0}
[2026-05-19 13:27:18] INFO (NNIManager) submitTrialJob: form: {
  sequenceId: 65,
  hyperParameters: {
    value: '{"parameter_id": 65, "parameter_source": "algorithm", "parameters": {"model_type": "TCN", "units": 32, "num_layers": 4, "dropout": 0.1, "activation": "tanh", "lr": 0.00012197229534531899, "window_size": 9, "batch_size": 32, "epochs": 5, "kernel_size": 3, "attention_heads": 2}, "parameter_index": 0}',
    index: 0
  },
  placementConstraint: { type: 'None', gpus: [] }
}
[2026-05-19 13:27:18] INFO (LocalV3.local) Created trial nLDwG
[2026-05-19 13:27:20] INFO (LocalV3.local) Trial parameter: nLDwG {"parameter_id": 65, "parameter_source": "algorithm", "parameters": {"model_type": "TCN", "units": 32, "num_layers": 4, "dropout": 0.1, "activation": "tanh", "lr": 0.00012197229534531899, "window_size": 9, "batch_size": 32, "epochs": 5, "kernel_size": 3, "attention_heads": 2}, "parameter_index": 0}
[2026-05-19 13:27:24] INFO (NNIManager) Trial job nLDwG status changed from RUNNING to SUCCEEDED
[2026-05-19 13:27:24] INFO (NNIManager) NNIManager received command from dispatcher: TR, {"parameter_id": 66, "parameter_source": "algorithm", "parameters": {"model_type": "TCN", "units": 32, "num_layers": 4, "dropout": 0.1, "activation": "tanh", "lr": 0.00021397176547011563, "window_size": 2, "batch_size": 32, "epochs": 5, "kernel_size": 3, "attention_heads": 2}, "parameter_index": 0}
[2026-05-19 13:27:25] INFO (NNIManager) submitTrialJob: form: {
  sequenceId: 66,
  hyperParameters: {
    value: '{"parameter_id": 66, "parameter_source": "algorithm", "parameters": {"model_type": "TCN", "units": 32, "num_layers": 4, "dropout": 0.1, "activation": "tanh", "lr": 0.00021397176547011563, "window_size": 2, "batch_size": 32, "epochs": 5, "kernel_size": 3, "attention_heads": 2}, "parameter_index": 0}',
    index: 0
  },
  placementConstraint: { type: 'None', gpus: [] }
}
[2026-05-19 13:27:25] INFO (LocalV3.local) Created trial pi4v6
[2026-05-19 13:27:27] INFO (LocalV3.local) Trial parameter: pi4v6 {"parameter_id": 66, "parameter_source": "algorithm", "parameters": {"model_type": "TCN", "units": 32, "num_layers": 4, "dropout": 0.1, "activation": "tanh", "lr": 0.00021397176547011563, "window_size": 2, "batch_size": 32, "epochs": 5, "kernel_size": 3, "attention_heads": 2}, "parameter_index": 0}
[2026-05-19 13:27:31] INFO (NNIManager) Trial job pi4v6 status changed from RUNNING to SUCCEEDED
[2026-05-19 13:27:31] INFO (NNIManager) NNIManager received command from dispatcher: TR, {"parameter_id": 67, "parameter_source": "algorithm", "parameters": {"model_type": "TCN", "units": 32, "num_layers": 4, "dropout": 0.1, "activation": "tanh", "lr": 9.586160686107377e-05, "window_size": 25, "batch_size": 32, "epochs": 5, "kernel_size": 3, "attention_heads": 2}, "parameter_index": 0}
[2026-05-19 13:27:32] INFO (NNIManager) submitTrialJob: form: {
  sequenceId: 67,
  hyperParameters: {
    value: '{"parameter_id": 67, "parameter_source": "algorithm", "parameters": {"model_type": "TCN", "units": 32, "num_layers": 4, "dropout": 0.1, "activation": "tanh", "lr": 9.586160686107377e-05, "window_size": 25, "batch_size": 32, "epochs": 5, "kernel_size": 3, "attention_heads": 2}, "parameter_index": 0}',
    index: 0
  },
  placementConstraint: { type: 'None', gpus: [] }
}
[2026-05-19 13:27:32] INFO (LocalV3.local) Created trial DujMH
[2026-05-19 13:27:34] INFO (LocalV3.local) Trial parameter: DujMH {"parameter_id": 67, "parameter_source": "algorithm", "parameters": {"model_type": "TCN", "units": 32, "num_layers": 4, "dropout": 0.1, "activation": "tanh", "lr": 9.586160686107377e-05, "window_size": 25, "batch_size": 32, "epochs": 5, "kernel_size": 3, "attention_heads": 2}, "parameter_index": 0}
[2026-05-19 13:27:39] INFO (NNIManager) Trial job DujMH status changed from RUNNING to SUCCEEDED
[2026-05-19 13:27:39] INFO (NNIManager) NNIManager received command from dispatcher: TR, {"parameter_id": 68, "parameter_source": "algorithm", "parameters": {"model_type": "LSTM", "units": 32, "num_layers": 4, "dropout": 0.1, "activation": "tanh", "lr": 0.00013421023726366922, "window_size": 24, "batch_size": 32, "epochs": 5, "kernel_size": 3, "attention_heads": 2}, "parameter_index": 0}
[2026-05-19 13:27:40] INFO (NNIManager) submitTrialJob: form: {
  sequenceId: 68,
  hyperParameters: {
    value: '{"parameter_id": 68, "parameter_source": "algorithm", "parameters": {"model_type": "LSTM", "units": 32, "num_layers": 4, "dropout": 0.1, "activation": "tanh", "lr": 0.00013421023726366922, "window_size": 24, "batch_size": 32, "epochs": 5, "kernel_size": 3, "attention_heads": 2}, "parameter_index": 0}',
    index: 0
  },
  placementConstraint: { type: 'None', gpus: [] }
}
[2026-05-19 13:27:40] INFO (LocalV3.local) Created trial ycWgp
[2026-05-19 13:27:42] INFO (LocalV3.local) Trial parameter: ycWgp {"parameter_id": 68, "parameter_source": "algorithm", "parameters": {"model_type": "LSTM", "units": 32, "num_layers": 4, "dropout": 0.1, "activation": "tanh", "lr": 0.00013421023726366922, "window_size": 24, "batch_size": 32, "epochs": 5, "kernel_size": 3, "attention_heads": 2}, "parameter_index": 0}
[2026-05-19 13:28:06] INFO (NNIManager) Trial job ycWgp status changed from RUNNING to SUCCEEDED
[2026-05-19 13:28:06] INFO (NNIManager) NNIManager received command from dispatcher: TR, {"parameter_id": 69, "parameter_source": "algorithm", "parameters": {"model_type": "TCN", "units": 32, "num_layers": 4, "dropout": 0.1, "activation": "tanh", "lr": 7.698872137613274e-05, "window_size": 20, "batch_size": 32, "epochs": 5, "kernel_size": 3, "attention_heads": 2}, "parameter_index": 0}
[2026-05-19 13:28:07] INFO (NNIManager) submitTrialJob: form: {
  sequenceId: 69,
  hyperParameters: {
    value: '{"parameter_id": 69, "parameter_source": "algorithm", "parameters": {"model_type": "TCN", "units": 32, "num_layers": 4, "dropout": 0.1, "activation": "tanh", "lr": 7.698872137613274e-05, "window_size": 20, "batch_size": 32, "epochs": 5, "kernel_size": 3, "attention_heads": 2}, "parameter_index": 0}',
    index: 0
  },
  placementConstraint: { type: 'None', gpus: [] }
}
[2026-05-19 13:28:07] INFO (LocalV3.local) Created trial pxjcy
[2026-05-19 13:28:09] INFO (LocalV3.local) Trial parameter: pxjcy {"parameter_id": 69, "parameter_source": "algorithm", "parameters": {"model_type": "TCN", "units": 32, "num_layers": 4, "dropout": 0.1, "activation": "tanh", "lr": 7.698872137613274e-05, "window_size": 20, "batch_size": 32, "epochs": 5, "kernel_size": 3, "attention_heads": 2}, "parameter_index": 0}
[2026-05-19 13:28:14] INFO (NNIManager) Trial job pxjcy status changed from RUNNING to SUCCEEDED
[2026-05-19 13:28:14] INFO (NNIManager) NNIManager received command from dispatcher: TR, {"parameter_id": 70, "parameter_source": "algorithm", "parameters": {"model_type": "LSTM", "units": 32, "num_layers": 4, "dropout": 0.1, "activation": "tanh", "lr": 0.00029729447533221714, "window_size": 5, "batch_size": 32, "epochs": 5, "kernel_size": 3, "attention_heads": 2}, "parameter_index": 0}
[2026-05-19 13:28:15] INFO (NNIManager) submitTrialJob: form: {
  sequenceId: 70,
  hyperParameters: {
    value: '{"parameter_id": 70, "parameter_source": "algorithm", "parameters": {"model_type": "LSTM", "units": 32, "num_layers": 4, "dropout": 0.1, "activation": "tanh", "lr": 0.00029729447533221714, "window_size": 5, "batch_size": 32, "epochs": 5, "kernel_size": 3, "attention_heads": 2}, "parameter_index": 0}',
    index: 0
  },
  placementConstraint: { type: 'None', gpus: [] }
}
[2026-05-19 13:28:15] INFO (LocalV3.local) Created trial XaVzO
[2026-05-19 13:28:16] INFO (LocalV3.local) Trial parameter: XaVzO {"parameter_id": 70, "parameter_source": "algorithm", "parameters": {"model_type": "LSTM", "units": 32, "num_layers": 4, "dropout": 0.1, "activation": "tanh", "lr": 0.00029729447533221714, "window_size": 5, "batch_size": 32, "epochs": 5, "kernel_size": 3, "attention_heads": 2}, "parameter_index": 0}
[2026-05-19 13:28:30] INFO (NNIManager) Trial job XaVzO status changed from RUNNING to SUCCEEDED
[2026-05-19 13:28:30] INFO (NNIManager) NNIManager received command from dispatcher: TR, {"parameter_id": 71, "parameter_source": "algorithm", "parameters": {"model_type": "MLP", "units": 32, "num_layers": 4, "dropout": 0.1, "activation": "tanh", "lr": 0.0004774071705286486, "window_size": 29, "batch_size": 32, "epochs": 5, "kernel_size": 3, "attention_heads": 2}, "parameter_index": 0}
[2026-05-19 13:28:30] INFO (NNIManager) submitTrialJob: form: {
  sequenceId: 71,
  hyperParameters: {
    value: '{"parameter_id": 71, "parameter_source": "algorithm", "parameters": {"model_type": "MLP", "units": 32, "num_layers": 4, "dropout": 0.1, "activation": "tanh", "lr": 0.0004774071705286486, "window_size": 29, "batch_size": 32, "epochs": 5, "kernel_size": 3, "attention_heads": 2}, "parameter_index": 0}',
    index: 0
  },
  placementConstraint: { type: 'None', gpus: [] }
}
[2026-05-19 13:28:30] INFO (LocalV3.local) Created trial CLaCi
[2026-05-19 13:28:32] INFO (LocalV3.local) Trial parameter: CLaCi {"parameter_id": 71, "parameter_source": "algorithm", "parameters": {"model_type": "MLP", "units": 32, "num_layers": 4, "dropout": 0.1, "activation": "tanh", "lr": 0.0004774071705286486, "window_size": 29, "batch_size": 32, "epochs": 5, "kernel_size": 3, "attention_heads": 2}, "parameter_index": 0}
[2026-05-19 13:28:36] INFO (NNIManager) Trial job CLaCi status changed from RUNNING to SUCCEEDED
[2026-05-19 13:28:36] INFO (NNIManager) NNIManager received command from dispatcher: TR, {"parameter_id": 72, "parameter_source": "algorithm", "parameters": {"model_type": "TCN", "units": 32, "num_layers": 4, "dropout": 0.1, "activation": "relu", "lr": 3.439818629019535e-05, "window_size": 3, "batch_size": 64, "epochs": 5, "kernel_size": 5, "attention_heads": 2}, "parameter_index": 0}
[2026-05-19 13:28:36] INFO (NNIManager) submitTrialJob: form: {
  sequenceId: 72,
  hyperParameters: {
    value: '{"parameter_id": 72, "parameter_source": "algorithm", "parameters": {"model_type": "TCN", "units": 32, "num_layers": 4, "dropout": 0.1, "activation": "relu", "lr": 3.439818629019535e-05, "window_size": 3, "batch_size": 64, "epochs": 5, "kernel_size": 5, "attention_heads": 2}, "parameter_index": 0}',
    index: 0
  },
  placementConstraint: { type: 'None', gpus: [] }
}
[2026-05-19 13:28:36] INFO (LocalV3.local) Created trial TpWBy
[2026-05-19 13:28:38] INFO (LocalV3.local) Trial parameter: TpWBy {"parameter_id": 72, "parameter_source": "algorithm", "parameters": {"model_type": "TCN", "units": 32, "num_layers": 4, "dropout": 0.1, "activation": "relu", "lr": 3.439818629019535e-05, "window_size": 3, "batch_size": 64, "epochs": 5, "kernel_size": 5, "attention_heads": 2}, "parameter_index": 0}
[2026-05-19 13:28:42] INFO (NNIManager) Trial job TpWBy status changed from RUNNING to SUCCEEDED
[2026-05-19 13:28:42] INFO (NNIManager) NNIManager received command from dispatcher: TR, {"parameter_id": 73, "parameter_source": "algorithm", "parameters": {"model_type": "RNN", "units": 64, "num_layers": 3, "dropout": 0.3, "activation": "tanh", "lr": 6.549105496284597e-05, "window_size": 9, "batch_size": 32, "epochs": 5, "kernel_size": 3, "attention_heads": 4}, "parameter_index": 0}
[2026-05-19 13:28:42] INFO (NNIManager) submitTrialJob: form: {
  sequenceId: 73,
  hyperParameters: {
    value: '{"parameter_id": 73, "parameter_source": "algorithm", "parameters": {"model_type": "RNN", "units": 64, "num_layers": 3, "dropout": 0.3, "activation": "tanh", "lr": 6.549105496284597e-05, "window_size": 9, "batch_size": 32, "epochs": 5, "kernel_size": 3, "attention_heads": 4}, "parameter_index": 0}',
    index: 0
  },
  placementConstraint: { type: 'None', gpus: [] }
}
[2026-05-19 13:28:42] INFO (LocalV3.local) Created trial zcD9d
[2026-05-19 13:28:44] INFO (LocalV3.local) Trial parameter: zcD9d {"parameter_id": 73, "parameter_source": "algorithm", "parameters": {"model_type": "RNN", "units": 64, "num_layers": 3, "dropout": 0.3, "activation": "tanh", "lr": 6.549105496284597e-05, "window_size": 9, "batch_size": 32, "epochs": 5, "kernel_size": 3, "attention_heads": 4}, "parameter_index": 0}
[2026-05-19 13:28:52] INFO (NNIManager) Trial job zcD9d status changed from RUNNING to SUCCEEDED
[2026-05-19 13:28:52] INFO (NNIManager) NNIManager received command from dispatcher: TR, {"parameter_id": 74, "parameter_source": "algorithm", "parameters": {"model_type": "RNN", "units": 64, "num_layers": 3, "dropout": 0.3, "activation": "tanh", "lr": 2.4210171777646612e-05, "window_size": 9, "batch_size": 32, "epochs": 5, "kernel_size": 3, "attention_heads": 4}, "parameter_index": 0}
[2026-05-19 13:28:52] INFO (NNIManager) submitTrialJob: form: {
  sequenceId: 74,
  hyperParameters: {
    value: '{"parameter_id": 74, "parameter_source": "algorithm", "parameters": {"model_type": "RNN", "units": 64, "num_layers": 3, "dropout": 0.3, "activation": "tanh", "lr": 2.4210171777646612e-05, "window_size": 9, "batch_size": 32, "epochs": 5, "kernel_size": 3, "attention_heads": 4}, "parameter_index": 0}',
    index: 0
  },
  placementConstraint: { type: 'None', gpus: [] }
}
[2026-05-19 13:28:52] INFO (LocalV3.local) Created trial FYpdk
[2026-05-19 13:28:54] INFO (LocalV3.local) Trial parameter: FYpdk {"parameter_id": 74, "parameter_source": "algorithm", "parameters": {"model_type": "RNN", "units": 64, "num_layers": 3, "dropout": 0.3, "activation": "tanh", "lr": 2.4210171777646612e-05, "window_size": 9, "batch_size": 32, "epochs": 5, "kernel_size": 3, "attention_heads": 4}, "parameter_index": 0}
[2026-05-19 13:29:02] INFO (NNIManager) Trial job FYpdk status changed from RUNNING to SUCCEEDED
[2026-05-19 13:29:02] INFO (NNIManager) NNIManager received command from dispatcher: TR, {"parameter_id": 75, "parameter_source": "algorithm", "parameters": {"model_type": "RNN", "units": 64, "num_layers": 3, "dropout": 0.3, "activation": "tanh", "lr": 4.802879241799408e-05, "window_size": 9, "batch_size": 32, "epochs": 20, "kernel_size": 3, "attention_heads": 8}, "parameter_index": 0}
[2026-05-19 13:29:02] INFO (NNIManager) submitTrialJob: form: {
  sequenceId: 75,
  hyperParameters: {
    value: '{"parameter_id": 75, "parameter_source": "algorithm", "parameters": {"model_type": "RNN", "units": 64, "num_layers": 3, "dropout": 0.3, "activation": "tanh", "lr": 4.802879241799408e-05, "window_size": 9, "batch_size": 32, "epochs": 20, "kernel_size": 3, "attention_heads": 8}, "parameter_index": 0}',
    index: 0
  },
  placementConstraint: { type: 'None', gpus: [] }
}
[2026-05-19 13:29:02] INFO (LocalV3.local) Created trial r0lMX
[2026-05-19 13:29:04] INFO (LocalV3.local) Trial parameter: r0lMX {"parameter_id": 75, "parameter_source": "algorithm", "parameters": {"model_type": "RNN", "units": 64, "num_layers": 3, "dropout": 0.3, "activation": "tanh", "lr": 4.802879241799408e-05, "window_size": 9, "batch_size": 32, "epochs": 20, "kernel_size": 3, "attention_heads": 8}, "parameter_index": 0}
[2026-05-19 13:29:25] INFO (NNIManager) Trial job r0lMX status changed from RUNNING to SUCCEEDED
[2026-05-19 13:29:25] INFO (NNIManager) NNIManager received command from dispatcher: TR, {"parameter_id": 76, "parameter_source": "algorithm", "parameters": {"model_type": "RNN", "units": 64, "num_layers": 3, "dropout": 0.3, "activation": "tanh", "lr": 6.453547332692178e-05, "window_size": 9, "batch_size": 32, "epochs": 5, "kernel_size": 3, "attention_heads": 2}, "parameter_index": 0}
[2026-05-19 13:29:25] INFO (NNIManager) submitTrialJob: form: {
  sequenceId: 76,
  hyperParameters: {
    value: '{"parameter_id": 76, "parameter_source": "algorithm", "parameters": {"model_type": "RNN", "units": 64, "num_layers": 3, "dropout": 0.3, "activation": "tanh", "lr": 6.453547332692178e-05, "window_size": 9, "batch_size": 32, "epochs": 5, "kernel_size": 3, "attention_heads": 2}, "parameter_index": 0}',
    index: 0
  },
  placementConstraint: { type: 'None', gpus: [] }
}
[2026-05-19 13:29:25] INFO (LocalV3.local) Created trial lMv8e
[2026-05-19 13:29:27] INFO (LocalV3.local) Trial parameter: lMv8e {"parameter_id": 76, "parameter_source": "algorithm", "parameters": {"model_type": "RNN", "units": 64, "num_layers": 3, "dropout": 0.3, "activation": "tanh", "lr": 6.453547332692178e-05, "window_size": 9, "batch_size": 32, "epochs": 5, "kernel_size": 3, "attention_heads": 2}, "parameter_index": 0}
[2026-05-19 13:29:35] INFO (NNIManager) Trial job lMv8e status changed from RUNNING to SUCCEEDED
[2026-05-19 13:29:35] INFO (NNIManager) NNIManager received command from dispatcher: TR, {"parameter_id": 77, "parameter_source": "algorithm", "parameters": {"model_type": "RNN", "units": 64, "num_layers": 3, "dropout": 0.3, "activation": "tanh", "lr": 4.454910245257709e-05, "window_size": 25, "batch_size": 32, "epochs": 20, "kernel_size": 3, "attention_heads": 8}, "parameter_index": 0}
[2026-05-19 13:29:36] INFO (NNIManager) submitTrialJob: form: {
  sequenceId: 77,
  hyperParameters: {
    value: '{"parameter_id": 77, "parameter_source": "algorithm", "parameters": {"model_type": "RNN", "units": 64, "num_layers": 3, "dropout": 0.3, "activation": "tanh", "lr": 4.454910245257709e-05, "window_size": 25, "batch_size": 32, "epochs": 20, "kernel_size": 3, "attention_heads": 8}, "parameter_index": 0}',
    index: 0
  },
  placementConstraint: { type: 'None', gpus: [] }
}
[2026-05-19 13:29:36] INFO (LocalV3.local) Created trial ca4yQ
[2026-05-19 13:29:38] INFO (LocalV3.local) Trial parameter: ca4yQ {"parameter_id": 77, "parameter_source": "algorithm", "parameters": {"model_type": "RNN", "units": 64, "num_layers": 3, "dropout": 0.3, "activation": "tanh", "lr": 4.454910245257709e-05, "window_size": 25, "batch_size": 32, "epochs": 20, "kernel_size": 3, "attention_heads": 8}, "parameter_index": 0}
[2026-05-19 13:29:41] INFO (NNIManager) Change NNIManager status from: RUNNING to: NO_MORE_TRIAL
[2026-05-19 13:29:50] INFO (ShutdownManager) Initiate shutdown: SIGTERM
[2026-05-19 13:29:50] INFO (RestServer) Stopping REST server.
[2026-05-19 13:29:50] INFO (NNIManager) Change NNIManager status from: NO_MORE_TRIAL to: STOPPING
[2026-05-19 13:29:50] INFO (NNIManager) Stopping experiment, cleaning up ...
[2026-05-19 13:29:50] INFO (RestServer) REST server stopped.
[2026-05-19 13:29:52] INFO (LocalV3.local) All trials stopped
[2026-05-19 13:29:52] INFO (NNIManager) Change NNIManager status from: STOPPING to: STOPPED
[2026-05-19 13:29:52] INFO (NNIManager) Experiment stopped.
[2026-05-19 13:29:52] INFO (NNITensorboardManager) Forced stopping all tensorboard task.
[2026-05-19 13:29:52] INFO (NNITensorboardManager) All tensorboard task stopped.
[2026-05-19 13:29:52] INFO (NNITensorboardManager) Tensorboard manager stopped.
[2026-05-19 13:29:52] INFO (ShutdownManager) Shutdown complete.
