[2026-05-19 23:32:51] INFO (main) Start NNI manager
[2026-05-19 23:32:51] INFO (RestServer) Starting REST server at port 8256, URL prefix: "/"
[2026-05-19 23:32:51] INFO (RestServer) REST server started.
[2026-05-19 23:32:51] INFO (NNIDataStore) Datastore initialization done
[2026-05-19 23:32:52] INFO (NNIManager) Starting experiment: 1hucnjo6
[2026-05-19 23:32:52] INFO (NNIManager) Setup training service...
[2026-05-19 23:32:52] INFO (NNIManager) Setup tuner...
[2026-05-19 23:32:52] INFO (NNIManager) Change NNIManager status from: INITIALIZED to: RUNNING
[2026-05-19 23:32:53] INFO (NNIManager) Add event listeners
[2026-05-19 23:32:53] INFO (LocalV3.local) Start
[2026-05-19 23:32:53] INFO (NNIManager) NNIManager received command from dispatcher: ID, 
[2026-05-19 23:32:53] INFO (NNIManager) NNIManager received command from dispatcher: TR, {"parameter_id": 0, "parameter_source": "algorithm", "parameters": {"model_type": "GRU", "units": 256, "num_layers": 2, "dropout": 0.3, "activation": "tanh", "lr": 0.0023530674490634426, "window_size": 24, "batch_size": 64, "epochs": 5, "kernel_size": 3, "attention_heads": 4}, "parameter_index": 0}
[2026-05-19 23:32:53] INFO (NNIManager) submitTrialJob: form: {
  sequenceId: 0,
  hyperParameters: {
    value: '{"parameter_id": 0, "parameter_source": "algorithm", "parameters": {"model_type": "GRU", "units": 256, "num_layers": 2, "dropout": 0.3, "activation": "tanh", "lr": 0.0023530674490634426, "window_size": 24, "batch_size": 64, "epochs": 5, "kernel_size": 3, "attention_heads": 4}, "parameter_index": 0}',
    index: 0
  },
  placementConstraint: { type: 'None', gpus: [] }
}
[2026-05-19 23:32:54] INFO (LocalV3.local) Register directory trial_code = /home/meliani/Desktop/phd/fast-track
[2026-05-19 23:32:54] INFO (LocalV3.local) Created trial hMXoX
[2026-05-19 23:32:55] INFO (LocalV3.local) Trial parameter: hMXoX {"parameter_id": 0, "parameter_source": "algorithm", "parameters": {"model_type": "GRU", "units": 256, "num_layers": 2, "dropout": 0.3, "activation": "tanh", "lr": 0.0023530674490634426, "window_size": 24, "batch_size": 64, "epochs": 5, "kernel_size": 3, "attention_heads": 4}, "parameter_index": 0}
[2026-05-19 23:33:44] INFO (NNIManager) Trial job hMXoX status changed from RUNNING to SUCCEEDED
[2026-05-19 23:33:44] INFO (NNIManager) NNIManager received command from dispatcher: TR, {"parameter_id": 1, "parameter_source": "algorithm", "parameters": {"model_type": "LSTM", "units": 256, "num_layers": 3, "dropout": 0.2, "activation": "elu", "lr": 3.047726845885632e-05, "window_size": 9, "batch_size": 64, "epochs": 5, "kernel_size": 5, "attention_heads": 4}, "parameter_index": 0}
[2026-05-19 23:33:44] INFO (NNIManager) submitTrialJob: form: {
  sequenceId: 1,
  hyperParameters: {
    value: '{"parameter_id": 1, "parameter_source": "algorithm", "parameters": {"model_type": "LSTM", "units": 256, "num_layers": 3, "dropout": 0.2, "activation": "elu", "lr": 3.047726845885632e-05, "window_size": 9, "batch_size": 64, "epochs": 5, "kernel_size": 5, "attention_heads": 4}, "parameter_index": 0}',
    index: 0
  },
  placementConstraint: { type: 'None', gpus: [] }
}
[2026-05-19 23:33:44] INFO (LocalV3.local) Created trial rbvfr
[2026-05-19 23:33:46] INFO (LocalV3.local) Trial parameter: rbvfr {"parameter_id": 1, "parameter_source": "algorithm", "parameters": {"model_type": "LSTM", "units": 256, "num_layers": 3, "dropout": 0.2, "activation": "elu", "lr": 3.047726845885632e-05, "window_size": 9, "batch_size": 64, "epochs": 5, "kernel_size": 5, "attention_heads": 4}, "parameter_index": 0}
[2026-05-19 23:34:17] INFO (NNIManager) Trial job rbvfr status changed from RUNNING to SUCCEEDED
[2026-05-19 23:34:17] INFO (NNIManager) NNIManager received command from dispatcher: TR, {"parameter_id": 2, "parameter_source": "algorithm", "parameters": {"model_type": "TCN", "units": 128, "num_layers": 4, "dropout": 0.2, "activation": "relu", "lr": 0.006211639471658588, "window_size": 30, "batch_size": 128, "epochs": 10, "kernel_size": 3, "attention_heads": 4}, "parameter_index": 0}
[2026-05-19 23:34:17] INFO (NNIManager) submitTrialJob: form: {
  sequenceId: 2,
  hyperParameters: {
    value: '{"parameter_id": 2, "parameter_source": "algorithm", "parameters": {"model_type": "TCN", "units": 128, "num_layers": 4, "dropout": 0.2, "activation": "relu", "lr": 0.006211639471658588, "window_size": 30, "batch_size": 128, "epochs": 10, "kernel_size": 3, "attention_heads": 4}, "parameter_index": 0}',
    index: 0
  },
  placementConstraint: { type: 'None', gpus: [] }
}
[2026-05-19 23:34:17] INFO (LocalV3.local) Created trial x0BKP
[2026-05-19 23:34:19] INFO (LocalV3.local) Trial parameter: x0BKP {"parameter_id": 2, "parameter_source": "algorithm", "parameters": {"model_type": "TCN", "units": 128, "num_layers": 4, "dropout": 0.2, "activation": "relu", "lr": 0.006211639471658588, "window_size": 30, "batch_size": 128, "epochs": 10, "kernel_size": 3, "attention_heads": 4}, "parameter_index": 0}
[2026-05-19 23:34:34] INFO (NNIManager) Trial job x0BKP status changed from RUNNING to SUCCEEDED
[2026-05-19 23:34:34] INFO (NNIManager) NNIManager received command from dispatcher: TR, {"parameter_id": 3, "parameter_source": "algorithm", "parameters": {"model_type": "MLP", "units": 64, "num_layers": 1, "dropout": 0.1, "activation": "relu", "lr": 0.0003305800924682035, "window_size": 9, "batch_size": 16, "epochs": 15, "kernel_size": 2, "attention_heads": 2}, "parameter_index": 0}
[2026-05-19 23:34:35] INFO (NNIManager) submitTrialJob: form: {
  sequenceId: 3,
  hyperParameters: {
    value: '{"parameter_id": 3, "parameter_source": "algorithm", "parameters": {"model_type": "MLP", "units": 64, "num_layers": 1, "dropout": 0.1, "activation": "relu", "lr": 0.0003305800924682035, "window_size": 9, "batch_size": 16, "epochs": 15, "kernel_size": 2, "attention_heads": 2}, "parameter_index": 0}',
    index: 0
  },
  placementConstraint: { type: 'None', gpus: [] }
}
[2026-05-19 23:34:35] INFO (LocalV3.local) Created trial pcPwQ
[2026-05-19 23:34:37] INFO (LocalV3.local) Trial parameter: pcPwQ {"parameter_id": 3, "parameter_source": "algorithm", "parameters": {"model_type": "MLP", "units": 64, "num_layers": 1, "dropout": 0.1, "activation": "relu", "lr": 0.0003305800924682035, "window_size": 9, "batch_size": 16, "epochs": 15, "kernel_size": 2, "attention_heads": 2}, "parameter_index": 0}
[2026-05-19 23:34:42] INFO (NNIManager) Trial job pcPwQ status changed from RUNNING to SUCCEEDED
[2026-05-19 23:34:42] INFO (NNIManager) NNIManager received command from dispatcher: TR, {"parameter_id": 4, "parameter_source": "algorithm", "parameters": {"model_type": "MLP", "units": 256, "num_layers": 2, "dropout": 0.2, "activation": "relu", "lr": 2.5284540304646127e-05, "window_size": 4, "batch_size": 64, "epochs": 10, "kernel_size": 5, "attention_heads": 8}, "parameter_index": 0}
[2026-05-19 23:34:43] INFO (NNIManager) submitTrialJob: form: {
  sequenceId: 4,
  hyperParameters: {
    value: '{"parameter_id": 4, "parameter_source": "algorithm", "parameters": {"model_type": "MLP", "units": 256, "num_layers": 2, "dropout": 0.2, "activation": "relu", "lr": 2.5284540304646127e-05, "window_size": 4, "batch_size": 64, "epochs": 10, "kernel_size": 5, "attention_heads": 8}, "parameter_index": 0}',
    index: 0
  },
  placementConstraint: { type: 'None', gpus: [] }
}
[2026-05-19 23:34:43] INFO (LocalV3.local) Created trial W9tFA
[2026-05-19 23:34:45] INFO (LocalV3.local) Trial parameter: W9tFA {"parameter_id": 4, "parameter_source": "algorithm", "parameters": {"model_type": "MLP", "units": 256, "num_layers": 2, "dropout": 0.2, "activation": "relu", "lr": 2.5284540304646127e-05, "window_size": 4, "batch_size": 64, "epochs": 10, "kernel_size": 5, "attention_heads": 8}, "parameter_index": 0}
[2026-05-19 23:34:48] INFO (NNIManager) Trial job W9tFA status changed from RUNNING to SUCCEEDED
[2026-05-19 23:34:48] INFO (NNIManager) NNIManager received command from dispatcher: TR, {"parameter_id": 5, "parameter_source": "algorithm", "parameters": {"model_type": "Transformer", "units": 256, "num_layers": 3, "dropout": 0.1, "activation": "relu", "lr": 0.001366573717032469, "window_size": 26, "batch_size": 64, "epochs": 5, "kernel_size": 3, "attention_heads": 4}, "parameter_index": 0}
[2026-05-19 23:34:49] INFO (NNIManager) submitTrialJob: form: {
  sequenceId: 5,
  hyperParameters: {
    value: '{"parameter_id": 5, "parameter_source": "algorithm", "parameters": {"model_type": "Transformer", "units": 256, "num_layers": 3, "dropout": 0.1, "activation": "relu", "lr": 0.001366573717032469, "window_size": 26, "batch_size": 64, "epochs": 5, "kernel_size": 3, "attention_heads": 4}, "parameter_index": 0}',
    index: 0
  },
  placementConstraint: { type: 'None', gpus: [] }
}
[2026-05-19 23:34:49] INFO (LocalV3.local) Created trial tEU8E
[2026-05-19 23:34:51] INFO (LocalV3.local) Trial parameter: tEU8E {"parameter_id": 5, "parameter_source": "algorithm", "parameters": {"model_type": "Transformer", "units": 256, "num_layers": 3, "dropout": 0.1, "activation": "relu", "lr": 0.001366573717032469, "window_size": 26, "batch_size": 64, "epochs": 5, "kernel_size": 3, "attention_heads": 4}, "parameter_index": 0}
[2026-05-19 23:36:00] INFO (NNIManager) Trial job tEU8E status changed from RUNNING to SUCCEEDED
[2026-05-19 23:36:00] INFO (NNIManager) NNIManager received command from dispatcher: TR, {"parameter_id": 6, "parameter_source": "algorithm", "parameters": {"model_type": "TCN", "units": 128, "num_layers": 4, "dropout": 0.1, "activation": "sigmoid", "lr": 1.1584598711970791e-05, "window_size": 8, "batch_size": 32, "epochs": 20, "kernel_size": 3, "attention_heads": 2}, "parameter_index": 0}
[2026-05-19 23:36:00] INFO (NNIManager) submitTrialJob: form: {
  sequenceId: 6,
  hyperParameters: {
    value: '{"parameter_id": 6, "parameter_source": "algorithm", "parameters": {"model_type": "TCN", "units": 128, "num_layers": 4, "dropout": 0.1, "activation": "sigmoid", "lr": 1.1584598711970791e-05, "window_size": 8, "batch_size": 32, "epochs": 20, "kernel_size": 3, "attention_heads": 2}, "parameter_index": 0}',
    index: 0
  },
  placementConstraint: { type: 'None', gpus: [] }
}
[2026-05-19 23:36:00] INFO (LocalV3.local) Created trial zTqMG
[2026-05-19 23:36:02] INFO (LocalV3.local) Trial parameter: zTqMG {"parameter_id": 6, "parameter_source": "algorithm", "parameters": {"model_type": "TCN", "units": 128, "num_layers": 4, "dropout": 0.1, "activation": "sigmoid", "lr": 1.1584598711970791e-05, "window_size": 8, "batch_size": 32, "epochs": 20, "kernel_size": 3, "attention_heads": 2}, "parameter_index": 0}
[2026-05-19 23:36:31] INFO (NNIManager) Trial job zTqMG status changed from RUNNING to SUCCEEDED
[2026-05-19 23:36:31] INFO (NNIManager) NNIManager received command from dispatcher: TR, {"parameter_id": 7, "parameter_source": "algorithm", "parameters": {"model_type": "CNN", "units": 64, "num_layers": 4, "dropout": 0.2, "activation": "sigmoid", "lr": 0.002145073243121059, "window_size": 23, "batch_size": 32, "epochs": 20, "kernel_size": 2, "attention_heads": 4}, "parameter_index": 0}
[2026-05-19 23:36:31] INFO (NNIManager) submitTrialJob: form: {
  sequenceId: 7,
  hyperParameters: {
    value: '{"parameter_id": 7, "parameter_source": "algorithm", "parameters": {"model_type": "CNN", "units": 64, "num_layers": 4, "dropout": 0.2, "activation": "sigmoid", "lr": 0.002145073243121059, "window_size": 23, "batch_size": 32, "epochs": 20, "kernel_size": 2, "attention_heads": 4}, "parameter_index": 0}',
    index: 0
  },
  placementConstraint: { type: 'None', gpus: [] }
}
[2026-05-19 23:36:31] INFO (LocalV3.local) Created trial yBcUV
[2026-05-19 23:36:33] INFO (LocalV3.local) Trial parameter: yBcUV {"parameter_id": 7, "parameter_source": "algorithm", "parameters": {"model_type": "CNN", "units": 64, "num_layers": 4, "dropout": 0.2, "activation": "sigmoid", "lr": 0.002145073243121059, "window_size": 23, "batch_size": 32, "epochs": 20, "kernel_size": 2, "attention_heads": 4}, "parameter_index": 0}
[2026-05-19 23:36:49] INFO (NNIManager) Trial job yBcUV status changed from RUNNING to SUCCEEDED
[2026-05-19 23:36:49] INFO (NNIManager) NNIManager received command from dispatcher: TR, {"parameter_id": 8, "parameter_source": "algorithm", "parameters": {"model_type": "CNN", "units": 16, "num_layers": 4, "dropout": 0.5, "activation": "relu", "lr": 0.0008677910308150501, "window_size": 12, "batch_size": 32, "epochs": 20, "kernel_size": 3, "attention_heads": 2}, "parameter_index": 0}
[2026-05-19 23:36:50] INFO (NNIManager) submitTrialJob: form: {
  sequenceId: 8,
  hyperParameters: {
    value: '{"parameter_id": 8, "parameter_source": "algorithm", "parameters": {"model_type": "CNN", "units": 16, "num_layers": 4, "dropout": 0.5, "activation": "relu", "lr": 0.0008677910308150501, "window_size": 12, "batch_size": 32, "epochs": 20, "kernel_size": 3, "attention_heads": 2}, "parameter_index": 0}',
    index: 0
  },
  placementConstraint: { type: 'None', gpus: [] }
}
[2026-05-19 23:36:50] INFO (LocalV3.local) Created trial RM3uR
[2026-05-19 23:36:51] INFO (LocalV3.local) Trial parameter: RM3uR {"parameter_id": 8, "parameter_source": "algorithm", "parameters": {"model_type": "CNN", "units": 16, "num_layers": 4, "dropout": 0.5, "activation": "relu", "lr": 0.0008677910308150501, "window_size": 12, "batch_size": 32, "epochs": 20, "kernel_size": 3, "attention_heads": 2}, "parameter_index": 0}
[2026-05-19 23:37:03] INFO (NNIManager) Trial job RM3uR status changed from RUNNING to SUCCEEDED
[2026-05-19 23:37:03] INFO (NNIManager) NNIManager received command from dispatcher: TR, {"parameter_id": 9, "parameter_source": "algorithm", "parameters": {"model_type": "Transformer", "units": 64, "num_layers": 3, "dropout": 0.1, "activation": "sigmoid", "lr": 3.682378854853658e-05, "window_size": 8, "batch_size": 32, "epochs": 5, "kernel_size": 7, "attention_heads": 8}, "parameter_index": 0}
[2026-05-19 23:37:04] INFO (NNIManager) submitTrialJob: form: {
  sequenceId: 9,
  hyperParameters: {
    value: '{"parameter_id": 9, "parameter_source": "algorithm", "parameters": {"model_type": "Transformer", "units": 64, "num_layers": 3, "dropout": 0.1, "activation": "sigmoid", "lr": 3.682378854853658e-05, "window_size": 8, "batch_size": 32, "epochs": 5, "kernel_size": 7, "attention_heads": 8}, "parameter_index": 0}',
    index: 0
  },
  placementConstraint: { type: 'None', gpus: [] }
}
[2026-05-19 23:37:04] INFO (LocalV3.local) Created trial uWYpL
[2026-05-19 23:37:05] INFO (LocalV3.local) Trial parameter: uWYpL {"parameter_id": 9, "parameter_source": "algorithm", "parameters": {"model_type": "Transformer", "units": 64, "num_layers": 3, "dropout": 0.1, "activation": "sigmoid", "lr": 3.682378854853658e-05, "window_size": 8, "batch_size": 32, "epochs": 5, "kernel_size": 7, "attention_heads": 8}, "parameter_index": 0}
[2026-05-19 23:37:26] INFO (NNIManager) Trial job uWYpL status changed from RUNNING to SUCCEEDED
[2026-05-19 23:37:26] INFO (NNIManager) NNIManager received command from dispatcher: TR, {"parameter_id": 10, "parameter_source": "algorithm", "parameters": {"model_type": "RNN", "units": 32, "num_layers": 3, "dropout": 0.2, "activation": "sigmoid", "lr": 7.068670863503602e-05, "window_size": 30, "batch_size": 16, "epochs": 5, "kernel_size": 5, "attention_heads": 2}, "parameter_index": 0}
[2026-05-19 23:37:27] INFO (NNIManager) submitTrialJob: form: {
  sequenceId: 10,
  hyperParameters: {
    value: '{"parameter_id": 10, "parameter_source": "algorithm", "parameters": {"model_type": "RNN", "units": 32, "num_layers": 3, "dropout": 0.2, "activation": "sigmoid", "lr": 7.068670863503602e-05, "window_size": 30, "batch_size": 16, "epochs": 5, "kernel_size": 5, "attention_heads": 2}, "parameter_index": 0}',
    index: 0
  },
  placementConstraint: { type: 'None', gpus: [] }
}
[2026-05-19 23:37:27] INFO (LocalV3.local) Created trial CuLly
[2026-05-19 23:37:29] INFO (LocalV3.local) Trial parameter: CuLly {"parameter_id": 10, "parameter_source": "algorithm", "parameters": {"model_type": "RNN", "units": 32, "num_layers": 3, "dropout": 0.2, "activation": "sigmoid", "lr": 7.068670863503602e-05, "window_size": 30, "batch_size": 16, "epochs": 5, "kernel_size": 5, "attention_heads": 2}, "parameter_index": 0}
[2026-05-19 23:37:48] INFO (NNIManager) Trial job CuLly status changed from RUNNING to SUCCEEDED
[2026-05-19 23:37:48] INFO (NNIManager) NNIManager received command from dispatcher: TR, {"parameter_id": 11, "parameter_source": "algorithm", "parameters": {"model_type": "GRU", "units": 16, "num_layers": 1, "dropout": 0, "activation": "elu", "lr": 0.0002345028803949962, "window_size": 30, "batch_size": 16, "epochs": 15, "kernel_size": 7, "attention_heads": 2}, "parameter_index": 0}
[2026-05-19 23:37:48] INFO (NNIManager) submitTrialJob: form: {
  sequenceId: 11,
  hyperParameters: {
    value: '{"parameter_id": 11, "parameter_source": "algorithm", "parameters": {"model_type": "GRU", "units": 16, "num_layers": 1, "dropout": 0, "activation": "elu", "lr": 0.0002345028803949962, "window_size": 30, "batch_size": 16, "epochs": 15, "kernel_size": 7, "attention_heads": 2}, "parameter_index": 0}',
    index: 0
  },
  placementConstraint: { type: 'None', gpus: [] }
}
[2026-05-19 23:37:48] INFO (LocalV3.local) Created trial cUd2Y
[2026-05-19 23:37:50] INFO (LocalV3.local) Trial parameter: cUd2Y {"parameter_id": 11, "parameter_source": "algorithm", "parameters": {"model_type": "GRU", "units": 16, "num_layers": 1, "dropout": 0, "activation": "elu", "lr": 0.0002345028803949962, "window_size": 30, "batch_size": 16, "epochs": 15, "kernel_size": 7, "attention_heads": 2}, "parameter_index": 0}
[2026-05-19 23:38:27] INFO (NNIManager) Trial job cUd2Y status changed from RUNNING to SUCCEEDED
[2026-05-19 23:38:27] INFO (NNIManager) NNIManager received command from dispatcher: TR, {"parameter_id": 12, "parameter_source": "algorithm", "parameters": {"model_type": "CNN", "units": 16, "num_layers": 4, "dropout": 0, "activation": "sigmoid", "lr": 0.0006993634134652328, "window_size": 15, "batch_size": 16, "epochs": 10, "kernel_size": 5, "attention_heads": 8}, "parameter_index": 0}
[2026-05-19 23:38:28] INFO (NNIManager) submitTrialJob: form: {
  sequenceId: 12,
  hyperParameters: {
    value: '{"parameter_id": 12, "parameter_source": "algorithm", "parameters": {"model_type": "CNN", "units": 16, "num_layers": 4, "dropout": 0, "activation": "sigmoid", "lr": 0.0006993634134652328, "window_size": 15, "batch_size": 16, "epochs": 10, "kernel_size": 5, "attention_heads": 8}, "parameter_index": 0}',
    index: 0
  },
  placementConstraint: { type: 'None', gpus: [] }
}
[2026-05-19 23:38:28] INFO (LocalV3.local) Created trial GKiok
[2026-05-19 23:38:30] INFO (LocalV3.local) Trial parameter: GKiok {"parameter_id": 12, "parameter_source": "algorithm", "parameters": {"model_type": "CNN", "units": 16, "num_layers": 4, "dropout": 0, "activation": "sigmoid", "lr": 0.0006993634134652328, "window_size": 15, "batch_size": 16, "epochs": 10, "kernel_size": 5, "attention_heads": 8}, "parameter_index": 0}
[2026-05-19 23:38:37] INFO (NNIManager) Trial job GKiok status changed from RUNNING to SUCCEEDED
[2026-05-19 23:38:37] INFO (NNIManager) NNIManager received command from dispatcher: TR, {"parameter_id": 13, "parameter_source": "algorithm", "parameters": {"model_type": "LSTM", "units": 64, "num_layers": 4, "dropout": 0.5, "activation": "relu", "lr": 1.1119629820283598e-05, "window_size": 20, "batch_size": 128, "epochs": 20, "kernel_size": 3, "attention_heads": 4}, "parameter_index": 0}
[2026-05-19 23:38:38] INFO (NNIManager) submitTrialJob: form: {
  sequenceId: 13,
  hyperParameters: {
    value: '{"parameter_id": 13, "parameter_source": "algorithm", "parameters": {"model_type": "LSTM", "units": 64, "num_layers": 4, "dropout": 0.5, "activation": "relu", "lr": 1.1119629820283598e-05, "window_size": 20, "batch_size": 128, "epochs": 20, "kernel_size": 3, "attention_heads": 4}, "parameter_index": 0}',
    index: 0
  },
  placementConstraint: { type: 'None', gpus: [] }
}
[2026-05-19 23:38:38] INFO (LocalV3.local) Created trial VDLM7
[2026-05-19 23:38:40] INFO (LocalV3.local) Trial parameter: VDLM7 {"parameter_id": 13, "parameter_source": "algorithm", "parameters": {"model_type": "LSTM", "units": 64, "num_layers": 4, "dropout": 0.5, "activation": "relu", "lr": 1.1119629820283598e-05, "window_size": 20, "batch_size": 128, "epochs": 20, "kernel_size": 3, "attention_heads": 4}, "parameter_index": 0}
[2026-05-19 23:39:32] INFO (NNIManager) Trial job VDLM7 status changed from RUNNING to SUCCEEDED
[2026-05-19 23:39:32] INFO (NNIManager) NNIManager received command from dispatcher: TR, {"parameter_id": 14, "parameter_source": "algorithm", "parameters": {"model_type": "RNN", "units": 16, "num_layers": 2, "dropout": 0.5, "activation": "sigmoid", "lr": 8.181320647223052e-05, "window_size": 22, "batch_size": 32, "epochs": 20, "kernel_size": 7, "attention_heads": 4}, "parameter_index": 0}
[2026-05-19 23:39:32] INFO (NNIManager) submitTrialJob: form: {
  sequenceId: 14,
  hyperParameters: {
    value: '{"parameter_id": 14, "parameter_source": "algorithm", "parameters": {"model_type": "RNN", "units": 16, "num_layers": 2, "dropout": 0.5, "activation": "sigmoid", "lr": 8.181320647223052e-05, "window_size": 22, "batch_size": 32, "epochs": 20, "kernel_size": 7, "attention_heads": 4}, "parameter_index": 0}',
    index: 0
  },
  placementConstraint: { type: 'None', gpus: [] }
}
[2026-05-19 23:39:32] INFO (LocalV3.local) Created trial pvjgn
[2026-05-19 23:39:34] INFO (LocalV3.local) Trial parameter: pvjgn {"parameter_id": 14, "parameter_source": "algorithm", "parameters": {"model_type": "RNN", "units": 16, "num_layers": 2, "dropout": 0.5, "activation": "sigmoid", "lr": 8.181320647223052e-05, "window_size": 22, "batch_size": 32, "epochs": 20, "kernel_size": 7, "attention_heads": 4}, "parameter_index": 0}
[2026-05-19 23:39:58] INFO (NNIManager) Trial job pvjgn status changed from RUNNING to SUCCEEDED
[2026-05-19 23:39:58] INFO (NNIManager) NNIManager received command from dispatcher: TR, {"parameter_id": 15, "parameter_source": "algorithm", "parameters": {"model_type": "LSTM", "units": 16, "num_layers": 4, "dropout": 0.5, "activation": "tanh", "lr": 5.574673086714409e-05, "window_size": 16, "batch_size": 32, "epochs": 20, "kernel_size": 2, "attention_heads": 8}, "parameter_index": 0}
[2026-05-19 23:39:58] INFO (NNIManager) submitTrialJob: form: {
  sequenceId: 15,
  hyperParameters: {
    value: '{"parameter_id": 15, "parameter_source": "algorithm", "parameters": {"model_type": "LSTM", "units": 16, "num_layers": 4, "dropout": 0.5, "activation": "tanh", "lr": 5.574673086714409e-05, "window_size": 16, "batch_size": 32, "epochs": 20, "kernel_size": 2, "attention_heads": 8}, "parameter_index": 0}',
    index: 0
  },
  placementConstraint: { type: 'None', gpus: [] }
}
[2026-05-19 23:39:58] INFO (LocalV3.local) Created trial xuxMa
[2026-05-19 23:40:00] INFO (LocalV3.local) Trial parameter: xuxMa {"parameter_id": 15, "parameter_source": "algorithm", "parameters": {"model_type": "LSTM", "units": 16, "num_layers": 4, "dropout": 0.5, "activation": "tanh", "lr": 5.574673086714409e-05, "window_size": 16, "batch_size": 32, "epochs": 20, "kernel_size": 2, "attention_heads": 8}, "parameter_index": 0}
[2026-05-19 23:41:03] INFO (NNIManager) Trial job xuxMa status changed from RUNNING to SUCCEEDED
[2026-05-19 23:41:03] INFO (NNIManager) NNIManager received command from dispatcher: TR, {"parameter_id": 16, "parameter_source": "algorithm", "parameters": {"model_type": "MLP", "units": 128, "num_layers": 2, "dropout": 0.2, "activation": "relu", "lr": 0.00016288721894713713, "window_size": 11, "batch_size": 16, "epochs": 20, "kernel_size": 3, "attention_heads": 4}, "parameter_index": 0}
[2026-05-19 23:41:03] INFO (NNIManager) submitTrialJob: form: {
  sequenceId: 16,
  hyperParameters: {
    value: '{"parameter_id": 16, "parameter_source": "algorithm", "parameters": {"model_type": "MLP", "units": 128, "num_layers": 2, "dropout": 0.2, "activation": "relu", "lr": 0.00016288721894713713, "window_size": 11, "batch_size": 16, "epochs": 20, "kernel_size": 3, "attention_heads": 4}, "parameter_index": 0}',
    index: 0
  },
  placementConstraint: { type: 'None', gpus: [] }
}
[2026-05-19 23:41:03] INFO (LocalV3.local) Created trial StwLC
[2026-05-19 23:41:05] INFO (LocalV3.local) Trial parameter: StwLC {"parameter_id": 16, "parameter_source": "algorithm", "parameters": {"model_type": "MLP", "units": 128, "num_layers": 2, "dropout": 0.2, "activation": "relu", "lr": 0.00016288721894713713, "window_size": 11, "batch_size": 16, "epochs": 20, "kernel_size": 3, "attention_heads": 4}, "parameter_index": 0}
[2026-05-19 23:41:14] INFO (NNIManager) Trial job StwLC status changed from RUNNING to SUCCEEDED
[2026-05-19 23:41:14] INFO (NNIManager) NNIManager received command from dispatcher: TR, {"parameter_id": 17, "parameter_source": "algorithm", "parameters": {"model_type": "RNN", "units": 256, "num_layers": 1, "dropout": 0.1, "activation": "sigmoid", "lr": 0.00912091086423777, "window_size": 30, "batch_size": 16, "epochs": 15, "kernel_size": 7, "attention_heads": 8}, "parameter_index": 0}
[2026-05-19 23:41:14] INFO (NNIManager) submitTrialJob: form: {
  sequenceId: 17,
  hyperParameters: {
    value: '{"parameter_id": 17, "parameter_source": "algorithm", "parameters": {"model_type": "RNN", "units": 256, "num_layers": 1, "dropout": 0.1, "activation": "sigmoid", "lr": 0.00912091086423777, "window_size": 30, "batch_size": 16, "epochs": 15, "kernel_size": 7, "attention_heads": 8}, "parameter_index": 0}',
    index: 0
  },
  placementConstraint: { type: 'None', gpus: [] }
}
[2026-05-19 23:41:14] INFO (LocalV3.local) Created trial ORN9i
[2026-05-19 23:41:16] INFO (LocalV3.local) Trial parameter: ORN9i {"parameter_id": 17, "parameter_source": "algorithm", "parameters": {"model_type": "RNN", "units": 256, "num_layers": 1, "dropout": 0.1, "activation": "sigmoid", "lr": 0.00912091086423777, "window_size": 30, "batch_size": 16, "epochs": 15, "kernel_size": 7, "attention_heads": 8}, "parameter_index": 0}
[2026-05-19 23:41:53] INFO (NNIManager) Trial job ORN9i status changed from RUNNING to SUCCEEDED
[2026-05-19 23:41:53] INFO (NNIManager) NNIManager received command from dispatcher: TR, {"parameter_id": 18, "parameter_source": "algorithm", "parameters": {"model_type": "TCN", "units": 128, "num_layers": 1, "dropout": 0.2, "activation": "tanh", "lr": 0.00217175395324856, "window_size": 25, "batch_size": 64, "epochs": 10, "kernel_size": 7, "attention_heads": 8}, "parameter_index": 0}
[2026-05-19 23:41:53] INFO (NNIManager) submitTrialJob: form: {
  sequenceId: 18,
  hyperParameters: {
    value: '{"parameter_id": 18, "parameter_source": "algorithm", "parameters": {"model_type": "TCN", "units": 128, "num_layers": 1, "dropout": 0.2, "activation": "tanh", "lr": 0.00217175395324856, "window_size": 25, "batch_size": 64, "epochs": 10, "kernel_size": 7, "attention_heads": 8}, "parameter_index": 0}',
    index: 0
  },
  placementConstraint: { type: 'None', gpus: [] }
}
[2026-05-19 23:41:53] INFO (LocalV3.local) Created trial AJL7K
[2026-05-19 23:41:55] INFO (LocalV3.local) Trial parameter: AJL7K {"parameter_id": 18, "parameter_source": "algorithm", "parameters": {"model_type": "TCN", "units": 128, "num_layers": 1, "dropout": 0.2, "activation": "tanh", "lr": 0.00217175395324856, "window_size": 25, "batch_size": 64, "epochs": 10, "kernel_size": 7, "attention_heads": 8}, "parameter_index": 0}
[2026-05-19 23:41:59] INFO (NNIManager) Trial job AJL7K status changed from RUNNING to SUCCEEDED
[2026-05-19 23:41:59] INFO (NNIManager) NNIManager received command from dispatcher: TR, {"parameter_id": 19, "parameter_source": "algorithm", "parameters": {"model_type": "GRU", "units": 256, "num_layers": 2, "dropout": 0.2, "activation": "sigmoid", "lr": 0.0009747973063247465, "window_size": 28, "batch_size": 16, "epochs": 15, "kernel_size": 3, "attention_heads": 2}, "parameter_index": 0}
[2026-05-19 23:41:59] INFO (NNIManager) submitTrialJob: form: {
  sequenceId: 19,
  hyperParameters: {
    value: '{"parameter_id": 19, "parameter_source": "algorithm", "parameters": {"model_type": "GRU", "units": 256, "num_layers": 2, "dropout": 0.2, "activation": "sigmoid", "lr": 0.0009747973063247465, "window_size": 28, "batch_size": 16, "epochs": 15, "kernel_size": 3, "attention_heads": 2}, "parameter_index": 0}',
    index: 0
  },
  placementConstraint: { type: 'None', gpus: [] }
}
[2026-05-19 23:41:59] INFO (LocalV3.local) Created trial KolW3
[2026-05-19 23:42:01] INFO (LocalV3.local) Trial parameter: KolW3 {"parameter_id": 19, "parameter_source": "algorithm", "parameters": {"model_type": "GRU", "units": 256, "num_layers": 2, "dropout": 0.2, "activation": "sigmoid", "lr": 0.0009747973063247465, "window_size": 28, "batch_size": 16, "epochs": 15, "kernel_size": 3, "attention_heads": 2}, "parameter_index": 0}
[2026-05-19 23:46:06] INFO (NNIManager) Trial job KolW3 status changed from RUNNING to SUCCEEDED
[2026-05-19 23:46:06] INFO (NNIManager) NNIManager received command from dispatcher: TR, {"parameter_id": 20, "parameter_source": "algorithm", "parameters": {"model_type": "MLP", "units": 128, "num_layers": 2, "dropout": 0.3, "activation": "elu", "lr": 0.00018466714893598286, "window_size": 11, "batch_size": 128, "epochs": 20, "kernel_size": 2, "attention_heads": 4}, "parameter_index": 0}
[2026-05-19 23:46:06] INFO (NNIManager) submitTrialJob: form: {
  sequenceId: 20,
  hyperParameters: {
    value: '{"parameter_id": 20, "parameter_source": "algorithm", "parameters": {"model_type": "MLP", "units": 128, "num_layers": 2, "dropout": 0.3, "activation": "elu", "lr": 0.00018466714893598286, "window_size": 11, "batch_size": 128, "epochs": 20, "kernel_size": 2, "attention_heads": 4}, "parameter_index": 0}',
    index: 0
  },
  placementConstraint: { type: 'None', gpus: [] }
}
[2026-05-19 23:46:06] INFO (LocalV3.local) Created trial UiI6t
[2026-05-19 23:46:08] INFO (LocalV3.local) Trial parameter: UiI6t {"parameter_id": 20, "parameter_source": "algorithm", "parameters": {"model_type": "MLP", "units": 128, "num_layers": 2, "dropout": 0.3, "activation": "elu", "lr": 0.00018466714893598286, "window_size": 11, "batch_size": 128, "epochs": 20, "kernel_size": 2, "attention_heads": 4}, "parameter_index": 0}
[2026-05-19 23:46:12] INFO (NNIManager) Trial job UiI6t status changed from RUNNING to SUCCEEDED
[2026-05-19 23:46:12] INFO (NNIManager) NNIManager received command from dispatcher: TR, {"parameter_id": 21, "parameter_source": "algorithm", "parameters": {"model_type": "CNN", "units": 32, "num_layers": 2, "dropout": 0.2, "activation": "relu", "lr": 0.004663296095714098, "window_size": 23, "batch_size": 32, "epochs": 20, "kernel_size": 2, "attention_heads": 4}, "parameter_index": 0}
[2026-05-19 23:46:13] INFO (NNIManager) submitTrialJob: form: {
  sequenceId: 21,
  hyperParameters: {
    value: '{"parameter_id": 21, "parameter_source": "algorithm", "parameters": {"model_type": "CNN", "units": 32, "num_layers": 2, "dropout": 0.2, "activation": "relu", "lr": 0.004663296095714098, "window_size": 23, "batch_size": 32, "epochs": 20, "kernel_size": 2, "attention_heads": 4}, "parameter_index": 0}',
    index: 0
  },
  placementConstraint: { type: 'None', gpus: [] }
}
[2026-05-19 23:46:13] INFO (LocalV3.local) Created trial khEq3
[2026-05-19 23:46:15] INFO (LocalV3.local) Trial parameter: khEq3 {"parameter_id": 21, "parameter_source": "algorithm", "parameters": {"model_type": "CNN", "units": 32, "num_layers": 2, "dropout": 0.2, "activation": "relu", "lr": 0.004663296095714098, "window_size": 23, "batch_size": 32, "epochs": 20, "kernel_size": 2, "attention_heads": 4}, "parameter_index": 0}
[2026-05-19 23:46:25] INFO (NNIManager) Trial job khEq3 status changed from RUNNING to SUCCEEDED
[2026-05-19 23:46:25] INFO (NNIManager) NNIManager received command from dispatcher: TR, {"parameter_id": 22, "parameter_source": "algorithm", "parameters": {"model_type": "CNN", "units": 64, "num_layers": 2, "dropout": 0.2, "activation": "relu", "lr": 0.00043096945379787044, "window_size": 10, "batch_size": 16, "epochs": 20, "kernel_size": 2, "attention_heads": 4}, "parameter_index": 0}
[2026-05-19 23:46:25] INFO (NNIManager) submitTrialJob: form: {
  sequenceId: 22,
  hyperParameters: {
    value: '{"parameter_id": 22, "parameter_source": "algorithm", "parameters": {"model_type": "CNN", "units": 64, "num_layers": 2, "dropout": 0.2, "activation": "relu", "lr": 0.00043096945379787044, "window_size": 10, "batch_size": 16, "epochs": 20, "kernel_size": 2, "attention_heads": 4}, "parameter_index": 0}',
    index: 0
  },
  placementConstraint: { type: 'None', gpus: [] }
}
[2026-05-19 23:46:25] INFO (LocalV3.local) Created trial xHV6z
[2026-05-19 23:46:27] INFO (LocalV3.local) Trial parameter: xHV6z {"parameter_id": 22, "parameter_source": "algorithm", "parameters": {"model_type": "CNN", "units": 64, "num_layers": 2, "dropout": 0.2, "activation": "relu", "lr": 0.00043096945379787044, "window_size": 10, "batch_size": 16, "epochs": 20, "kernel_size": 2, "attention_heads": 4}, "parameter_index": 0}
[2026-05-19 23:46:42] INFO (NNIManager) Trial job xHV6z status changed from RUNNING to SUCCEEDED
[2026-05-19 23:46:42] INFO (NNIManager) NNIManager received command from dispatcher: TR, {"parameter_id": 23, "parameter_source": "algorithm", "parameters": {"model_type": "MLP", "units": 128, "num_layers": 4, "dropout": 0.2, "activation": "elu", "lr": 0.0001721750683103295, "window_size": 11, "batch_size": 32, "epochs": 20, "kernel_size": 2, "attention_heads": 4}, "parameter_index": 0}
[2026-05-19 23:46:42] INFO (NNIManager) submitTrialJob: form: {
  sequenceId: 23,
  hyperParameters: {
    value: '{"parameter_id": 23, "parameter_source": "algorithm", "parameters": {"model_type": "MLP", "units": 128, "num_layers": 4, "dropout": 0.2, "activation": "elu", "lr": 0.0001721750683103295, "window_size": 11, "batch_size": 32, "epochs": 20, "kernel_size": 2, "attention_heads": 4}, "parameter_index": 0}',
    index: 0
  },
  placementConstraint: { type: 'None', gpus: [] }
}
[2026-05-19 23:46:42] INFO (LocalV3.local) Created trial GstFP
[2026-05-19 23:46:44] INFO (LocalV3.local) Trial parameter: GstFP {"parameter_id": 23, "parameter_source": "algorithm", "parameters": {"model_type": "MLP", "units": 128, "num_layers": 4, "dropout": 0.2, "activation": "elu", "lr": 0.0001721750683103295, "window_size": 11, "batch_size": 32, "epochs": 20, "kernel_size": 2, "attention_heads": 4}, "parameter_index": 0}
[2026-05-19 23:46:52] INFO (NNIManager) Trial job GstFP status changed from RUNNING to SUCCEEDED
[2026-05-19 23:46:52] INFO (NNIManager) NNIManager received command from dispatcher: TR, {"parameter_id": 24, "parameter_source": "algorithm", "parameters": {"model_type": "MLP", "units": 64, "num_layers": 2, "dropout": 0, "activation": "tanh", "lr": 0.0001150641776165682, "window_size": 5, "batch_size": 16, "epochs": 20, "kernel_size": 2, "attention_heads": 4}, "parameter_index": 0}
[2026-05-19 23:46:52] INFO (NNIManager) submitTrialJob: form: {
  sequenceId: 24,
  hyperParameters: {
    value: '{"parameter_id": 24, "parameter_source": "algorithm", "parameters": {"model_type": "MLP", "units": 64, "num_layers": 2, "dropout": 0, "activation": "tanh", "lr": 0.0001150641776165682, "window_size": 5, "batch_size": 16, "epochs": 20, "kernel_size": 2, "attention_heads": 4}, "parameter_index": 0}',
    index: 0
  },
  placementConstraint: { type: 'None', gpus: [] }
}
[2026-05-19 23:46:52] INFO (LocalV3.local) Created trial lp4sp
[2026-05-19 23:46:54] INFO (LocalV3.local) Trial parameter: lp4sp {"parameter_id": 24, "parameter_source": "algorithm", "parameters": {"model_type": "MLP", "units": 64, "num_layers": 2, "dropout": 0, "activation": "tanh", "lr": 0.0001150641776165682, "window_size": 5, "batch_size": 16, "epochs": 20, "kernel_size": 2, "attention_heads": 4}, "parameter_index": 0}
[2026-05-19 23:47:02] INFO (NNIManager) Trial job lp4sp status changed from RUNNING to SUCCEEDED
[2026-05-19 23:47:02] INFO (NNIManager) NNIManager received command from dispatcher: TR, {"parameter_id": 25, "parameter_source": "algorithm", "parameters": {"model_type": "CNN", "units": 128, "num_layers": 4, "dropout": 0.3, "activation": "sigmoid", "lr": 0.003654038896409883, "window_size": 23, "batch_size": 128, "epochs": 20, "kernel_size": 3, "attention_heads": 4}, "parameter_index": 0}
[2026-05-19 23:47:02] INFO (NNIManager) submitTrialJob: form: {
  sequenceId: 25,
  hyperParameters: {
    value: '{"parameter_id": 25, "parameter_source": "algorithm", "parameters": {"model_type": "CNN", "units": 128, "num_layers": 4, "dropout": 0.3, "activation": "sigmoid", "lr": 0.003654038896409883, "window_size": 23, "batch_size": 128, "epochs": 20, "kernel_size": 3, "attention_heads": 4}, "parameter_index": 0}',
    index: 0
  },
  placementConstraint: { type: 'None', gpus: [] }
}
[2026-05-19 23:47:02] INFO (LocalV3.local) Created trial V9CXp
[2026-05-19 23:47:04] INFO (LocalV3.local) Trial parameter: V9CXp {"parameter_id": 25, "parameter_source": "algorithm", "parameters": {"model_type": "CNN", "units": 128, "num_layers": 4, "dropout": 0.3, "activation": "sigmoid", "lr": 0.003654038896409883, "window_size": 23, "batch_size": 128, "epochs": 20, "kernel_size": 3, "attention_heads": 4}, "parameter_index": 0}
[2026-05-19 23:47:22] INFO (NNIManager) Trial job V9CXp status changed from RUNNING to SUCCEEDED
[2026-05-19 23:47:22] INFO (NNIManager) NNIManager received command from dispatcher: TR, {"parameter_id": 26, "parameter_source": "algorithm", "parameters": {"model_type": "CNN", "units": 64, "num_layers": 2, "dropout": 0.2, "activation": "relu", "lr": 0.000542651278429561, "window_size": 17, "batch_size": 32, "epochs": 20, "kernel_size": 2, "attention_heads": 4}, "parameter_index": 0}
[2026-05-19 23:47:23] INFO (NNIManager) submitTrialJob: form: {
  sequenceId: 26,
  hyperParameters: {
    value: '{"parameter_id": 26, "parameter_source": "algorithm", "parameters": {"model_type": "CNN", "units": 64, "num_layers": 2, "dropout": 0.2, "activation": "relu", "lr": 0.000542651278429561, "window_size": 17, "batch_size": 32, "epochs": 20, "kernel_size": 2, "attention_heads": 4}, "parameter_index": 0}',
    index: 0
  },
  placementConstraint: { type: 'None', gpus: [] }
}
[2026-05-19 23:47:23] INFO (LocalV3.local) Created trial sMhHv
[2026-05-19 23:47:24] INFO (LocalV3.local) Trial parameter: sMhHv {"parameter_id": 26, "parameter_source": "algorithm", "parameters": {"model_type": "CNN", "units": 64, "num_layers": 2, "dropout": 0.2, "activation": "relu", "lr": 0.000542651278429561, "window_size": 17, "batch_size": 32, "epochs": 20, "kernel_size": 2, "attention_heads": 4}, "parameter_index": 0}
[2026-05-19 23:47:34] INFO (NNIManager) Trial job sMhHv status changed from RUNNING to SUCCEEDED
[2026-05-19 23:47:34] INFO (NNIManager) NNIManager received command from dispatcher: TR, {"parameter_id": 27, "parameter_source": "algorithm", "parameters": {"model_type": "MLP", "units": 32, "num_layers": 4, "dropout": 0.2, "activation": "sigmoid", "lr": 0.0015999165075259744, "window_size": 27, "batch_size": 32, "epochs": 20, "kernel_size": 3, "attention_heads": 4}, "parameter_index": 0}
[2026-05-19 23:47:34] INFO (NNIManager) submitTrialJob: form: {
  sequenceId: 27,
  hyperParameters: {
    value: '{"parameter_id": 27, "parameter_source": "algorithm", "parameters": {"model_type": "MLP", "units": 32, "num_layers": 4, "dropout": 0.2, "activation": "sigmoid", "lr": 0.0015999165075259744, "window_size": 27, "batch_size": 32, "epochs": 20, "kernel_size": 3, "attention_heads": 4}, "parameter_index": 0}',
    index: 0
  },
  placementConstraint: { type: 'None', gpus: [] }
}
[2026-05-19 23:47:34] INFO (LocalV3.local) Created trial IcIkd
[2026-05-19 23:47:36] INFO (LocalV3.local) Trial parameter: IcIkd {"parameter_id": 27, "parameter_source": "algorithm", "parameters": {"model_type": "MLP", "units": 32, "num_layers": 4, "dropout": 0.2, "activation": "sigmoid", "lr": 0.0015999165075259744, "window_size": 27, "batch_size": 32, "epochs": 20, "kernel_size": 3, "attention_heads": 4}, "parameter_index": 0}
[2026-05-19 23:47:42] INFO (NNIManager) Trial job IcIkd status changed from RUNNING to SUCCEEDED
[2026-05-19 23:47:42] INFO (NNIManager) NNIManager received command from dispatcher: TR, {"parameter_id": 28, "parameter_source": "algorithm", "parameters": {"model_type": "Transformer", "units": 128, "num_layers": 1, "dropout": 0.2, "activation": "tanh", "lr": 0.0024858939345632006, "window_size": 6, "batch_size": 16, "epochs": 10, "kernel_size": 2, "attention_heads": 4}, "parameter_index": 0}
[2026-05-19 23:47:43] INFO (NNIManager) submitTrialJob: form: {
  sequenceId: 28,
  hyperParameters: {
    value: '{"parameter_id": 28, "parameter_source": "algorithm", "parameters": {"model_type": "Transformer", "units": 128, "num_layers": 1, "dropout": 0.2, "activation": "tanh", "lr": 0.0024858939345632006, "window_size": 6, "batch_size": 16, "epochs": 10, "kernel_size": 2, "attention_heads": 4}, "parameter_index": 0}',
    index: 0
  },
  placementConstraint: { type: 'None', gpus: [] }
}
[2026-05-19 23:47:43] INFO (LocalV3.local) Created trial TSBmR
[2026-05-19 23:47:44] INFO (LocalV3.local) Trial parameter: TSBmR {"parameter_id": 28, "parameter_source": "algorithm", "parameters": {"model_type": "Transformer", "units": 128, "num_layers": 1, "dropout": 0.2, "activation": "tanh", "lr": 0.0024858939345632006, "window_size": 6, "batch_size": 16, "epochs": 10, "kernel_size": 2, "attention_heads": 4}, "parameter_index": 0}
[2026-05-19 23:48:02] INFO (NNIManager) Trial job TSBmR status changed from RUNNING to SUCCEEDED
[2026-05-19 23:48:02] INFO (NNIManager) NNIManager received command from dispatcher: TR, {"parameter_id": 29, "parameter_source": "algorithm", "parameters": {"model_type": "TCN", "units": 64, "num_layers": 3, "dropout": 0.3, "activation": "elu", "lr": 0.009737907359673897, "window_size": 14, "batch_size": 128, "epochs": 20, "kernel_size": 5, "attention_heads": 4}, "parameter_index": 0}
[2026-05-19 23:48:03] INFO (NNIManager) submitTrialJob: form: {
  sequenceId: 29,
  hyperParameters: {
    value: '{"parameter_id": 29, "parameter_source": "algorithm", "parameters": {"model_type": "TCN", "units": 64, "num_layers": 3, "dropout": 0.3, "activation": "elu", "lr": 0.009737907359673897, "window_size": 14, "batch_size": 128, "epochs": 20, "kernel_size": 5, "attention_heads": 4}, "parameter_index": 0}',
    index: 0
  },
  placementConstraint: { type: 'None', gpus: [] }
}
[2026-05-19 23:48:03] INFO (LocalV3.local) Created trial tD4yA
[2026-05-19 23:48:04] INFO (LocalV3.local) Trial parameter: tD4yA {"parameter_id": 29, "parameter_source": "algorithm", "parameters": {"model_type": "TCN", "units": 64, "num_layers": 3, "dropout": 0.3, "activation": "elu", "lr": 0.009737907359673897, "window_size": 14, "batch_size": 128, "epochs": 20, "kernel_size": 5, "attention_heads": 4}, "parameter_index": 0}
[2026-05-19 23:48:14] INFO (NNIManager) Trial job tD4yA status changed from RUNNING to SUCCEEDED
[2026-05-19 23:48:14] INFO (NNIManager) NNIManager received command from dispatcher: TR, {"parameter_id": 30, "parameter_source": "algorithm", "parameters": {"model_type": "CNN", "units": 128, "num_layers": 2, "dropout": 0.2, "activation": "relu", "lr": 0.0004231408973198452, "window_size": 13, "batch_size": 32, "epochs": 20, "kernel_size": 2, "attention_heads": 4}, "parameter_index": 0}
[2026-05-19 23:48:15] INFO (NNIManager) submitTrialJob: form: {
  sequenceId: 30,
  hyperParameters: {
    value: '{"parameter_id": 30, "parameter_source": "algorithm", "parameters": {"model_type": "CNN", "units": 128, "num_layers": 2, "dropout": 0.2, "activation": "relu", "lr": 0.0004231408973198452, "window_size": 13, "batch_size": 32, "epochs": 20, "kernel_size": 2, "attention_heads": 4}, "parameter_index": 0}',
    index: 0
  },
  placementConstraint: { type: 'None', gpus: [] }
}
[2026-05-19 23:48:15] INFO (LocalV3.local) Created trial qq0Wz
[2026-05-19 23:48:16] INFO (LocalV3.local) Trial parameter: qq0Wz {"parameter_id": 30, "parameter_source": "algorithm", "parameters": {"model_type": "CNN", "units": 128, "num_layers": 2, "dropout": 0.2, "activation": "relu", "lr": 0.0004231408973198452, "window_size": 13, "batch_size": 32, "epochs": 20, "kernel_size": 2, "attention_heads": 4}, "parameter_index": 0}
[2026-05-19 23:48:28] INFO (NNIManager) Trial job qq0Wz status changed from RUNNING to SUCCEEDED
[2026-05-19 23:48:28] INFO (NNIManager) NNIManager received command from dispatcher: TR, {"parameter_id": 31, "parameter_source": "algorithm", "parameters": {"model_type": "MLP", "units": 64, "num_layers": 4, "dropout": 0, "activation": "sigmoid", "lr": 0.00011949540509243012, "window_size": 19, "batch_size": 16, "epochs": 15, "kernel_size": 3, "attention_heads": 4}, "parameter_index": 0}
[2026-05-19 23:48:29] INFO (NNIManager) submitTrialJob: form: {
  sequenceId: 31,
  hyperParameters: {
    value: '{"parameter_id": 31, "parameter_source": "algorithm", "parameters": {"model_type": "MLP", "units": 64, "num_layers": 4, "dropout": 0, "activation": "sigmoid", "lr": 0.00011949540509243012, "window_size": 19, "batch_size": 16, "epochs": 15, "kernel_size": 3, "attention_heads": 4}, "parameter_index": 0}',
    index: 0
  },
  placementConstraint: { type: 'None', gpus: [] }
}
[2026-05-19 23:48:29] INFO (LocalV3.local) Created trial A8lGl
[2026-05-19 23:48:31] INFO (LocalV3.local) Trial parameter: A8lGl {"parameter_id": 31, "parameter_source": "algorithm", "parameters": {"model_type": "MLP", "units": 64, "num_layers": 4, "dropout": 0, "activation": "sigmoid", "lr": 0.00011949540509243012, "window_size": 19, "batch_size": 16, "epochs": 15, "kernel_size": 3, "attention_heads": 4}, "parameter_index": 0}
[2026-05-19 23:48:37] INFO (NNIManager) Trial job A8lGl status changed from RUNNING to SUCCEEDED
[2026-05-19 23:48:37] INFO (NNIManager) NNIManager received command from dispatcher: TR, {"parameter_id": 32, "parameter_source": "algorithm", "parameters": {"model_type": "MLP", "units": 128, "num_layers": 2, "dropout": 0.2, "activation": "tanh", "lr": 0.0002721631749749497, "window_size": 2, "batch_size": 32, "epochs": 20, "kernel_size": 2, "attention_heads": 4}, "parameter_index": 0}
[2026-05-19 23:48:38] INFO (NNIManager) submitTrialJob: form: {
  sequenceId: 32,
  hyperParameters: {
    value: '{"parameter_id": 32, "parameter_source": "algorithm", "parameters": {"model_type": "MLP", "units": 128, "num_layers": 2, "dropout": 0.2, "activation": "tanh", "lr": 0.0002721631749749497, "window_size": 2, "batch_size": 32, "epochs": 20, "kernel_size": 2, "attention_heads": 4}, "parameter_index": 0}',
    index: 0
  },
  placementConstraint: { type: 'None', gpus: [] }
}
[2026-05-19 23:48:38] INFO (LocalV3.local) Created trial bwj9O
[2026-05-19 23:48:40] INFO (LocalV3.local) Trial parameter: bwj9O {"parameter_id": 32, "parameter_source": "algorithm", "parameters": {"model_type": "MLP", "units": 128, "num_layers": 2, "dropout": 0.2, "activation": "tanh", "lr": 0.0002721631749749497, "window_size": 2, "batch_size": 32, "epochs": 20, "kernel_size": 2, "attention_heads": 4}, "parameter_index": 0}
[2026-05-19 23:48:46] INFO (NNIManager) Trial job bwj9O status changed from RUNNING to SUCCEEDED
[2026-05-19 23:48:46] INFO (NNIManager) NNIManager received command from dispatcher: TR, {"parameter_id": 33, "parameter_source": "algorithm", "parameters": {"model_type": "CNN", "units": 128, "num_layers": 1, "dropout": 0.2, "activation": "relu", "lr": 2.0324320574878286e-05, "window_size": 18, "batch_size": 64, "epochs": 20, "kernel_size": 7, "attention_heads": 4}, "parameter_index": 0}
[2026-05-19 23:48:47] INFO (NNIManager) submitTrialJob: form: {
  sequenceId: 33,
  hyperParameters: {
    value: '{"parameter_id": 33, "parameter_source": "algorithm", "parameters": {"model_type": "CNN", "units": 128, "num_layers": 1, "dropout": 0.2, "activation": "relu", "lr": 2.0324320574878286e-05, "window_size": 18, "batch_size": 64, "epochs": 20, "kernel_size": 7, "attention_heads": 4}, "parameter_index": 0}',
    index: 0
  },
  placementConstraint: { type: 'None', gpus: [] }
}
[2026-05-19 23:48:47] INFO (LocalV3.local) Created trial NAYg4
[2026-05-19 23:48:49] INFO (LocalV3.local) Trial parameter: NAYg4 {"parameter_id": 33, "parameter_source": "algorithm", "parameters": {"model_type": "CNN", "units": 128, "num_layers": 1, "dropout": 0.2, "activation": "relu", "lr": 2.0324320574878286e-05, "window_size": 18, "batch_size": 64, "epochs": 20, "kernel_size": 7, "attention_heads": 4}, "parameter_index": 0}
[2026-05-19 23:48:54] INFO (NNIManager) Trial job NAYg4 status changed from RUNNING to SUCCEEDED
[2026-05-19 23:48:54] INFO (NNIManager) NNIManager received command from dispatcher: TR, {"parameter_id": 34, "parameter_source": "algorithm", "parameters": {"model_type": "MLP", "units": 32, "num_layers": 4, "dropout": 0.2, "activation": "elu", "lr": 0.000562067991770699, "window_size": 7, "batch_size": 32, "epochs": 10, "kernel_size": 2, "attention_heads": 8}, "parameter_index": 0}
[2026-05-19 23:48:55] INFO (NNIManager) submitTrialJob: form: {
  sequenceId: 34,
  hyperParameters: {
    value: '{"parameter_id": 34, "parameter_source": "algorithm", "parameters": {"model_type": "MLP", "units": 32, "num_layers": 4, "dropout": 0.2, "activation": "elu", "lr": 0.000562067991770699, "window_size": 7, "batch_size": 32, "epochs": 10, "kernel_size": 2, "attention_heads": 8}, "parameter_index": 0}',
    index: 0
  },
  placementConstraint: { type: 'None', gpus: [] }
}
[2026-05-19 23:48:55] INFO (LocalV3.local) Created trial DKu9N
[2026-05-19 23:48:57] INFO (LocalV3.local) Trial parameter: DKu9N {"parameter_id": 34, "parameter_source": "algorithm", "parameters": {"model_type": "MLP", "units": 32, "num_layers": 4, "dropout": 0.2, "activation": "elu", "lr": 0.000562067991770699, "window_size": 7, "batch_size": 32, "epochs": 10, "kernel_size": 2, "attention_heads": 8}, "parameter_index": 0}
[2026-05-19 23:49:01] INFO (NNIManager) Trial job DKu9N status changed from RUNNING to SUCCEEDED
[2026-05-19 23:49:01] INFO (NNIManager) NNIManager received command from dispatcher: TR, {"parameter_id": 35, "parameter_source": "algorithm", "parameters": {"model_type": "CNN", "units": 64, "num_layers": 2, "dropout": 0.2, "activation": "relu", "lr": 0.0013325541336447718, "window_size": 25, "batch_size": 32, "epochs": 20, "kernel_size": 2, "attention_heads": 4}, "parameter_index": 0}
[2026-05-19 23:49:01] INFO (NNIManager) submitTrialJob: form: {
  sequenceId: 35,
  hyperParameters: {
    value: '{"parameter_id": 35, "parameter_source": "algorithm", "parameters": {"model_type": "CNN", "units": 64, "num_layers": 2, "dropout": 0.2, "activation": "relu", "lr": 0.0013325541336447718, "window_size": 25, "batch_size": 32, "epochs": 20, "kernel_size": 2, "attention_heads": 4}, "parameter_index": 0}',
    index: 0
  },
  placementConstraint: { type: 'None', gpus: [] }
}
[2026-05-19 23:49:01] INFO (LocalV3.local) Created trial AF12C
[2026-05-19 23:49:03] INFO (LocalV3.local) Trial parameter: AF12C {"parameter_id": 35, "parameter_source": "algorithm", "parameters": {"model_type": "CNN", "units": 64, "num_layers": 2, "dropout": 0.2, "activation": "relu", "lr": 0.0013325541336447718, "window_size": 25, "batch_size": 32, "epochs": 20, "kernel_size": 2, "attention_heads": 4}, "parameter_index": 0}
[2026-05-19 23:49:14] INFO (NNIManager) Trial job AF12C status changed from RUNNING to SUCCEEDED
[2026-05-19 23:49:14] INFO (NNIManager) NNIManager received command from dispatcher: TR, {"parameter_id": 36, "parameter_source": "algorithm", "parameters": {"model_type": "MLP", "units": 32, "num_layers": 4, "dropout": 0.2, "activation": "elu", "lr": 0.0001281152541826042, "window_size": 21, "batch_size": 16, "epochs": 10, "kernel_size": 2, "attention_heads": 8}, "parameter_index": 0}
[2026-05-19 23:49:14] INFO (NNIManager) submitTrialJob: form: {
  sequenceId: 36,
  hyperParameters: {
    value: '{"parameter_id": 36, "parameter_source": "algorithm", "parameters": {"model_type": "MLP", "units": 32, "num_layers": 4, "dropout": 0.2, "activation": "elu", "lr": 0.0001281152541826042, "window_size": 21, "batch_size": 16, "epochs": 10, "kernel_size": 2, "attention_heads": 8}, "parameter_index": 0}',
    index: 0
  },
  placementConstraint: { type: 'None', gpus: [] }
}
[2026-05-19 23:49:14] INFO (LocalV3.local) Created trial Z1Yph
[2026-05-19 23:49:16] INFO (LocalV3.local) Trial parameter: Z1Yph {"parameter_id": 36, "parameter_source": "algorithm", "parameters": {"model_type": "MLP", "units": 32, "num_layers": 4, "dropout": 0.2, "activation": "elu", "lr": 0.0001281152541826042, "window_size": 21, "batch_size": 16, "epochs": 10, "kernel_size": 2, "attention_heads": 8}, "parameter_index": 0}
[2026-05-19 23:49:22] INFO (NNIManager) Trial job Z1Yph status changed from RUNNING to SUCCEEDED
[2026-05-19 23:49:22] INFO (NNIManager) NNIManager received command from dispatcher: TR, {"parameter_id": 37, "parameter_source": "algorithm", "parameters": {"model_type": "GRU", "units": 128, "num_layers": 4, "dropout": 0.3, "activation": "sigmoid", "lr": 0.00017628259712534937, "window_size": 3, "batch_size": 32, "epochs": 20, "kernel_size": 3, "attention_heads": 4}, "parameter_index": 0}
[2026-05-19 23:49:22] INFO (NNIManager) submitTrialJob: form: {
  sequenceId: 37,
  hyperParameters: {
    value: '{"parameter_id": 37, "parameter_source": "algorithm", "parameters": {"model_type": "GRU", "units": 128, "num_layers": 4, "dropout": 0.3, "activation": "sigmoid", "lr": 0.00017628259712534937, "window_size": 3, "batch_size": 32, "epochs": 20, "kernel_size": 3, "attention_heads": 4}, "parameter_index": 0}',
    index: 0
  },
  placementConstraint: { type: 'None', gpus: [] }
}
[2026-05-19 23:49:22] INFO (LocalV3.local) Created trial ZYGyF
[2026-05-19 23:49:24] INFO (LocalV3.local) Trial parameter: ZYGyF {"parameter_id": 37, "parameter_source": "algorithm", "parameters": {"model_type": "GRU", "units": 128, "num_layers": 4, "dropout": 0.3, "activation": "sigmoid", "lr": 0.00017628259712534937, "window_size": 3, "batch_size": 32, "epochs": 20, "kernel_size": 3, "attention_heads": 4}, "parameter_index": 0}
[2026-05-19 23:50:12] INFO (NNIManager) Trial job ZYGyF status changed from RUNNING to SUCCEEDED
[2026-05-19 23:50:12] INFO (NNIManager) NNIManager received command from dispatcher: TR, {"parameter_id": 38, "parameter_source": "algorithm", "parameters": {"model_type": "LSTM", "units": 128, "num_layers": 2, "dropout": 0.2, "activation": "tanh", "lr": 0.0005425347502846835, "window_size": 29, "batch_size": 64, "epochs": 20, "kernel_size": 2, "attention_heads": 4}, "parameter_index": 0}
[2026-05-19 23:50:12] INFO (NNIManager) submitTrialJob: form: {
  sequenceId: 38,
  hyperParameters: {
    value: '{"parameter_id": 38, "parameter_source": "algorithm", "parameters": {"model_type": "LSTM", "units": 128, "num_layers": 2, "dropout": 0.2, "activation": "tanh", "lr": 0.0005425347502846835, "window_size": 29, "batch_size": 64, "epochs": 20, "kernel_size": 2, "attention_heads": 4}, "parameter_index": 0}',
    index: 0
  },
  placementConstraint: { type: 'None', gpus: [] }
}
[2026-05-19 23:50:12] INFO (LocalV3.local) Created trial okiCq
[2026-05-19 23:50:14] INFO (LocalV3.local) Trial parameter: okiCq {"parameter_id": 38, "parameter_source": "algorithm", "parameters": {"model_type": "LSTM", "units": 128, "num_layers": 2, "dropout": 0.2, "activation": "tanh", "lr": 0.0005425347502846835, "window_size": 29, "batch_size": 64, "epochs": 20, "kernel_size": 2, "attention_heads": 4}, "parameter_index": 0}
[2026-05-19 23:51:46] INFO (NNIManager) Trial job okiCq status changed from RUNNING to SUCCEEDED
[2026-05-19 23:51:46] INFO (NNIManager) NNIManager received command from dispatcher: TR, {"parameter_id": 39, "parameter_source": "algorithm", "parameters": {"model_type": "MLP", "units": 32, "num_layers": 1, "dropout": 0, "activation": "elu", "lr": 0.0032272688668227383, "window_size": 11, "batch_size": 128, "epochs": 10, "kernel_size": 7, "attention_heads": 8}, "parameter_index": 0}
[2026-05-19 23:51:47] INFO (NNIManager) submitTrialJob: form: {
  sequenceId: 39,
  hyperParameters: {
    value: '{"parameter_id": 39, "parameter_source": "algorithm", "parameters": {"model_type": "MLP", "units": 32, "num_layers": 1, "dropout": 0, "activation": "elu", "lr": 0.0032272688668227383, "window_size": 11, "batch_size": 128, "epochs": 10, "kernel_size": 7, "attention_heads": 8}, "parameter_index": 0}',
    index: 0
  },
  placementConstraint: { type: 'None', gpus: [] }
}
[2026-05-19 23:51:47] INFO (LocalV3.local) Created trial vzDkt
[2026-05-19 23:51:48] INFO (LocalV3.local) Trial parameter: vzDkt {"parameter_id": 39, "parameter_source": "algorithm", "parameters": {"model_type": "MLP", "units": 32, "num_layers": 1, "dropout": 0, "activation": "elu", "lr": 0.0032272688668227383, "window_size": 11, "batch_size": 128, "epochs": 10, "kernel_size": 7, "attention_heads": 8}, "parameter_index": 0}
[2026-05-19 23:51:51] INFO (NNIManager) Trial job vzDkt status changed from RUNNING to SUCCEEDED
[2026-05-19 23:51:51] INFO (NNIManager) NNIManager received command from dispatcher: TR, {"parameter_id": 40, "parameter_source": "algorithm", "parameters": {"model_type": "Transformer", "units": 64, "num_layers": 4, "dropout": 0.2, "activation": "relu", "lr": 0.0057460814172602456, "window_size": 17, "batch_size": 16, "epochs": 20, "kernel_size": 2, "attention_heads": 4}, "parameter_index": 0}
[2026-05-19 23:51:51] INFO (NNIManager) submitTrialJob: form: {
  sequenceId: 40,
  hyperParameters: {
    value: '{"parameter_id": 40, "parameter_source": "algorithm", "parameters": {"model_type": "Transformer", "units": 64, "num_layers": 4, "dropout": 0.2, "activation": "relu", "lr": 0.0057460814172602456, "window_size": 17, "batch_size": 16, "epochs": 20, "kernel_size": 2, "attention_heads": 4}, "parameter_index": 0}',
    index: 0
  },
  placementConstraint: { type: 'None', gpus: [] }
}
[2026-05-19 23:51:51] INFO (LocalV3.local) Created trial q095e
[2026-05-19 23:51:53] INFO (LocalV3.local) Trial parameter: q095e {"parameter_id": 40, "parameter_source": "algorithm", "parameters": {"model_type": "Transformer", "units": 64, "num_layers": 4, "dropout": 0.2, "activation": "relu", "lr": 0.0057460814172602456, "window_size": 17, "batch_size": 16, "epochs": 20, "kernel_size": 2, "attention_heads": 4}, "parameter_index": 0}
[2026-05-19 23:54:11] INFO (NNIManager) Trial job q095e status changed from RUNNING to SUCCEEDED
[2026-05-19 23:54:11] INFO (NNIManager) NNIManager received command from dispatcher: TR, {"parameter_id": 41, "parameter_source": "algorithm", "parameters": {"model_type": "RNN", "units": 128, "num_layers": 2, "dropout": 0.5, "activation": "sigmoid", "lr": 1.736752115908087e-05, "window_size": 7, "batch_size": 32, "epochs": 15, "kernel_size": 3, "attention_heads": 2}, "parameter_index": 0}
[2026-05-19 23:54:12] INFO (NNIManager) submitTrialJob: form: {
  sequenceId: 41,
  hyperParameters: {
    value: '{"parameter_id": 41, "parameter_source": "algorithm", "parameters": {"model_type": "RNN", "units": 128, "num_layers": 2, "dropout": 0.5, "activation": "sigmoid", "lr": 1.736752115908087e-05, "window_size": 7, "batch_size": 32, "epochs": 15, "kernel_size": 3, "attention_heads": 2}, "parameter_index": 0}',
    index: 0
  },
  placementConstraint: { type: 'None', gpus: [] }
}
[2026-05-19 23:54:12] INFO (LocalV3.local) Created trial QhlBz
[2026-05-19 23:54:14] INFO (LocalV3.local) Trial parameter: QhlBz {"parameter_id": 41, "parameter_source": "algorithm", "parameters": {"model_type": "RNN", "units": 128, "num_layers": 2, "dropout": 0.5, "activation": "sigmoid", "lr": 1.736752115908087e-05, "window_size": 7, "batch_size": 32, "epochs": 15, "kernel_size": 3, "attention_heads": 2}, "parameter_index": 0}
[2026-05-19 23:54:28] INFO (NNIManager) Trial job QhlBz status changed from RUNNING to SUCCEEDED
[2026-05-19 23:54:28] INFO (NNIManager) NNIManager received command from dispatcher: TR, {"parameter_id": 42, "parameter_source": "algorithm", "parameters": {"model_type": "CNN", "units": 128, "num_layers": 3, "dropout": 0.2, "activation": "elu", "lr": 0.00022762139721615933, "window_size": 23, "batch_size": 32, "epochs": 20, "kernel_size": 2, "attention_heads": 4}, "parameter_index": 0}
[2026-05-19 23:54:28] INFO (NNIManager) submitTrialJob: form: {
  sequenceId: 42,
  hyperParameters: {
    value: '{"parameter_id": 42, "parameter_source": "algorithm", "parameters": {"model_type": "CNN", "units": 128, "num_layers": 3, "dropout": 0.2, "activation": "elu", "lr": 0.00022762139721615933, "window_size": 23, "batch_size": 32, "epochs": 20, "kernel_size": 2, "attention_heads": 4}, "parameter_index": 0}',
    index: 0
  },
  placementConstraint: { type: 'None', gpus: [] }
}
[2026-05-19 23:54:28] INFO (LocalV3.local) Created trial u8ZvI
[2026-05-19 23:54:30] INFO (LocalV3.local) Trial parameter: u8ZvI {"parameter_id": 42, "parameter_source": "algorithm", "parameters": {"model_type": "CNN", "units": 128, "num_layers": 3, "dropout": 0.2, "activation": "elu", "lr": 0.00022762139721615933, "window_size": 23, "batch_size": 32, "epochs": 20, "kernel_size": 2, "attention_heads": 4}, "parameter_index": 0}
[2026-05-19 23:54:50] INFO (NNIManager) Trial job u8ZvI status changed from RUNNING to SUCCEEDED
[2026-05-19 23:54:50] INFO (NNIManager) NNIManager received command from dispatcher: TR, {"parameter_id": 43, "parameter_source": "algorithm", "parameters": {"model_type": "TCN", "units": 64, "num_layers": 4, "dropout": 0.3, "activation": "relu", "lr": 5.0590867566691686e-05, "window_size": 11, "batch_size": 16, "epochs": 5, "kernel_size": 5, "attention_heads": 4}, "parameter_index": 0}
[2026-05-19 23:54:50] INFO (NNIManager) submitTrialJob: form: {
  sequenceId: 43,
  hyperParameters: {
    value: '{"parameter_id": 43, "parameter_source": "algorithm", "parameters": {"model_type": "TCN", "units": 64, "num_layers": 4, "dropout": 0.3, "activation": "relu", "lr": 5.0590867566691686e-05, "window_size": 11, "batch_size": 16, "epochs": 5, "kernel_size": 5, "attention_heads": 4}, "parameter_index": 0}',
    index: 0
  },
  placementConstraint: { type: 'None', gpus: [] }
}
[2026-05-19 23:54:50] INFO (LocalV3.local) Created trial xvPwc
[2026-05-19 23:54:52] INFO (LocalV3.local) Trial parameter: xvPwc {"parameter_id": 43, "parameter_source": "algorithm", "parameters": {"model_type": "TCN", "units": 64, "num_layers": 4, "dropout": 0.3, "activation": "relu", "lr": 5.0590867566691686e-05, "window_size": 11, "batch_size": 16, "epochs": 5, "kernel_size": 5, "attention_heads": 4}, "parameter_index": 0}
[2026-05-19 23:55:01] INFO (NNIManager) Trial job xvPwc status changed from RUNNING to SUCCEEDED
[2026-05-19 23:55:01] INFO (NNIManager) NNIManager received command from dispatcher: TR, {"parameter_id": 44, "parameter_source": "algorithm", "parameters": {"model_type": "MLP", "units": 32, "num_layers": 1, "dropout": 0.2, "activation": "tanh", "lr": 0.00033888186209653985, "window_size": 21, "batch_size": 16, "epochs": 20, "kernel_size": 7, "attention_heads": 4}, "parameter_index": 0}
[2026-05-19 23:55:01] INFO (NNIManager) submitTrialJob: form: {
  sequenceId: 44,
  hyperParameters: {
    value: '{"parameter_id": 44, "parameter_source": "algorithm", "parameters": {"model_type": "MLP", "units": 32, "num_layers": 1, "dropout": 0.2, "activation": "tanh", "lr": 0.00033888186209653985, "window_size": 21, "batch_size": 16, "epochs": 20, "kernel_size": 7, "attention_heads": 4}, "parameter_index": 0}',
    index: 0
  },
  placementConstraint: { type: 'None', gpus: [] }
}
[2026-05-19 23:55:01] INFO (LocalV3.local) Created trial Fm9zn
[2026-05-19 23:55:03] INFO (LocalV3.local) Trial parameter: Fm9zn {"parameter_id": 44, "parameter_source": "algorithm", "parameters": {"model_type": "MLP", "units": 32, "num_layers": 1, "dropout": 0.2, "activation": "tanh", "lr": 0.00033888186209653985, "window_size": 21, "batch_size": 16, "epochs": 20, "kernel_size": 7, "attention_heads": 4}, "parameter_index": 0}
[2026-05-19 23:55:10] INFO (NNIManager) Trial job Fm9zn status changed from RUNNING to SUCCEEDED
[2026-05-19 23:55:10] INFO (NNIManager) NNIManager received command from dispatcher: TR, {"parameter_id": 45, "parameter_source": "algorithm", "parameters": {"model_type": "GRU", "units": 32, "num_layers": 2, "dropout": 0.2, "activation": "relu", "lr": 9.489740457098162e-05, "window_size": 18, "batch_size": 16, "epochs": 20, "kernel_size": 7, "attention_heads": 4}, "parameter_index": 0}
[2026-05-19 23:55:10] INFO (NNIManager) submitTrialJob: form: {
  sequenceId: 45,
  hyperParameters: {
    value: '{"parameter_id": 45, "parameter_source": "algorithm", "parameters": {"model_type": "GRU", "units": 32, "num_layers": 2, "dropout": 0.2, "activation": "relu", "lr": 9.489740457098162e-05, "window_size": 18, "batch_size": 16, "epochs": 20, "kernel_size": 7, "attention_heads": 4}, "parameter_index": 0}',
    index: 0
  },
  placementConstraint: { type: 'None', gpus: [] }
}
[2026-05-19 23:55:10] INFO (LocalV3.local) Created trial BEuxQ
[2026-05-19 23:55:12] INFO (LocalV3.local) Trial parameter: BEuxQ {"parameter_id": 45, "parameter_source": "algorithm", "parameters": {"model_type": "GRU", "units": 32, "num_layers": 2, "dropout": 0.2, "activation": "relu", "lr": 9.489740457098162e-05, "window_size": 18, "batch_size": 16, "epochs": 20, "kernel_size": 7, "attention_heads": 4}, "parameter_index": 0}
[2026-05-19 23:56:23] INFO (NNIManager) Trial job BEuxQ status changed from RUNNING to SUCCEEDED
[2026-05-19 23:56:23] INFO (NNIManager) NNIManager received command from dispatcher: TR, {"parameter_id": 46, "parameter_source": "algorithm", "parameters": {"model_type": "MLP", "units": 64, "num_layers": 1, "dropout": 0.2, "activation": "tanh", "lr": 0.0001413881978953104, "window_size": 2, "batch_size": 32, "epochs": 20, "kernel_size": 3, "attention_heads": 8}, "parameter_index": 0}
[2026-05-19 23:56:23] INFO (NNIManager) submitTrialJob: form: {
  sequenceId: 46,
  hyperParameters: {
    value: '{"parameter_id": 46, "parameter_source": "algorithm", "parameters": {"model_type": "MLP", "units": 64, "num_layers": 1, "dropout": 0.2, "activation": "tanh", "lr": 0.0001413881978953104, "window_size": 2, "batch_size": 32, "epochs": 20, "kernel_size": 3, "attention_heads": 8}, "parameter_index": 0}',
    index: 0
  },
  placementConstraint: { type: 'None', gpus: [] }
}
[2026-05-19 23:56:23] INFO (LocalV3.local) Created trial Rh0so
[2026-05-19 23:56:25] INFO (LocalV3.local) Trial parameter: Rh0so {"parameter_id": 46, "parameter_source": "algorithm", "parameters": {"model_type": "MLP", "units": 64, "num_layers": 1, "dropout": 0.2, "activation": "tanh", "lr": 0.0001413881978953104, "window_size": 2, "batch_size": 32, "epochs": 20, "kernel_size": 3, "attention_heads": 8}, "parameter_index": 0}
[2026-05-19 23:56:30] INFO (NNIManager) Trial job Rh0so status changed from RUNNING to SUCCEEDED
[2026-05-19 23:56:30] INFO (NNIManager) NNIManager received command from dispatcher: TR, {"parameter_id": 47, "parameter_source": "algorithm", "parameters": {"model_type": "CNN", "units": 128, "num_layers": 4, "dropout": 0, "activation": "sigmoid", "lr": 0.0016924531844909447, "window_size": 21, "batch_size": 16, "epochs": 10, "kernel_size": 2, "attention_heads": 4}, "parameter_index": 0}
[2026-05-19 23:56:31] INFO (NNIManager) submitTrialJob: form: {
  sequenceId: 47,
  hyperParameters: {
    value: '{"parameter_id": 47, "parameter_source": "algorithm", "parameters": {"model_type": "CNN", "units": 128, "num_layers": 4, "dropout": 0, "activation": "sigmoid", "lr": 0.0016924531844909447, "window_size": 21, "batch_size": 16, "epochs": 10, "kernel_size": 2, "attention_heads": 4}, "parameter_index": 0}',
    index: 0
  },
  placementConstraint: { type: 'None', gpus: [] }
}
[2026-05-19 23:56:31] INFO (LocalV3.local) Created trial IM413
[2026-05-19 23:56:32] INFO (LocalV3.local) Trial parameter: IM413 {"parameter_id": 47, "parameter_source": "algorithm", "parameters": {"model_type": "CNN", "units": 128, "num_layers": 4, "dropout": 0, "activation": "sigmoid", "lr": 0.0016924531844909447, "window_size": 21, "batch_size": 16, "epochs": 10, "kernel_size": 2, "attention_heads": 4}, "parameter_index": 0}
[2026-05-19 23:56:46] INFO (NNIManager) Trial job IM413 status changed from RUNNING to SUCCEEDED
[2026-05-19 23:56:46] INFO (NNIManager) NNIManager received command from dispatcher: TR, {"parameter_id": 48, "parameter_source": "algorithm", "parameters": {"model_type": "CNN", "units": 128, "num_layers": 2, "dropout": 0.3, "activation": "sigmoid", "lr": 0.0010283369946523467, "window_size": 11, "batch_size": 64, "epochs": 5, "kernel_size": 2, "attention_heads": 4}, "parameter_index": 0}
[2026-05-19 23:56:46] INFO (NNIManager) submitTrialJob: form: {
  sequenceId: 48,
  hyperParameters: {
    value: '{"parameter_id": 48, "parameter_source": "algorithm", "parameters": {"model_type": "CNN", "units": 128, "num_layers": 2, "dropout": 0.3, "activation": "sigmoid", "lr": 0.0010283369946523467, "window_size": 11, "batch_size": 64, "epochs": 5, "kernel_size": 2, "attention_heads": 4}, "parameter_index": 0}',
    index: 0
  },
  placementConstraint: { type: 'None', gpus: [] }
}
[2026-05-19 23:56:46] INFO (LocalV3.local) Created trial Qb6nN
[2026-05-19 23:56:48] INFO (LocalV3.local) Trial parameter: Qb6nN {"parameter_id": 48, "parameter_source": "algorithm", "parameters": {"model_type": "CNN", "units": 128, "num_layers": 2, "dropout": 0.3, "activation": "sigmoid", "lr": 0.0010283369946523467, "window_size": 11, "batch_size": 64, "epochs": 5, "kernel_size": 2, "attention_heads": 4}, "parameter_index": 0}
[2026-05-19 23:56:51] INFO (NNIManager) Trial job Qb6nN status changed from RUNNING to SUCCEEDED
[2026-05-19 23:56:51] INFO (NNIManager) NNIManager received command from dispatcher: TR, {"parameter_id": 49, "parameter_source": "algorithm", "parameters": {"model_type": "TCN", "units": 16, "num_layers": 4, "dropout": 0, "activation": "relu", "lr": 0.0006622902552634214, "window_size": 21, "batch_size": 16, "epochs": 15, "kernel_size": 5, "attention_heads": 2}, "parameter_index": 0}
[2026-05-19 23:56:52] INFO (NNIManager) submitTrialJob: form: {
  sequenceId: 49,
  hyperParameters: {
    value: '{"parameter_id": 49, "parameter_source": "algorithm", "parameters": {"model_type": "TCN", "units": 16, "num_layers": 4, "dropout": 0, "activation": "relu", "lr": 0.0006622902552634214, "window_size": 21, "batch_size": 16, "epochs": 15, "kernel_size": 5, "attention_heads": 2}, "parameter_index": 0}',
    index: 0
  },
  placementConstraint: { type: 'None', gpus: [] }
}
[2026-05-19 23:56:52] INFO (LocalV3.local) Created trial jHUbg
[2026-05-19 23:56:53] INFO (LocalV3.local) Trial parameter: jHUbg {"parameter_id": 49, "parameter_source": "algorithm", "parameters": {"model_type": "TCN", "units": 16, "num_layers": 4, "dropout": 0, "activation": "relu", "lr": 0.0006622902552634214, "window_size": 21, "batch_size": 16, "epochs": 15, "kernel_size": 5, "attention_heads": 2}, "parameter_index": 0}
[2026-05-19 23:57:06] INFO (NNIManager) Trial job jHUbg status changed from RUNNING to SUCCEEDED
[2026-05-19 23:57:06] INFO (NNIManager) NNIManager received command from dispatcher: TR, {"parameter_id": 50, "parameter_source": "algorithm", "parameters": {"model_type": "CNN", "units": 128, "num_layers": 2, "dropout": 0.2, "activation": "sigmoid", "lr": 0.00026016275638705985, "window_size": 3, "batch_size": 128, "epochs": 20, "kernel_size": 2, "attention_heads": 4}, "parameter_index": 0}
[2026-05-19 23:57:06] INFO (NNIManager) submitTrialJob: form: {
  sequenceId: 50,
  hyperParameters: {
    value: '{"parameter_id": 50, "parameter_source": "algorithm", "parameters": {"model_type": "CNN", "units": 128, "num_layers": 2, "dropout": 0.2, "activation": "sigmoid", "lr": 0.00026016275638705985, "window_size": 3, "batch_size": 128, "epochs": 20, "kernel_size": 2, "attention_heads": 4}, "parameter_index": 0}',
    index: 0
  },
  placementConstraint: { type: 'None', gpus: [] }
}
[2026-05-19 23:57:06] INFO (LocalV3.local) Created trial MrbL8
[2026-05-19 23:57:08] INFO (LocalV3.local) Trial parameter: MrbL8 {"parameter_id": 50, "parameter_source": "algorithm", "parameters": {"model_type": "CNN", "units": 128, "num_layers": 2, "dropout": 0.2, "activation": "sigmoid", "lr": 0.00026016275638705985, "window_size": 3, "batch_size": 128, "epochs": 20, "kernel_size": 2, "attention_heads": 4}, "parameter_index": 0}
[2026-05-19 23:57:13] INFO (NNIManager) Trial job MrbL8 status changed from RUNNING to SUCCEEDED
[2026-05-19 23:57:13] INFO (NNIManager) NNIManager received command from dispatcher: TR, {"parameter_id": 51, "parameter_source": "algorithm", "parameters": {"model_type": "GRU", "units": 32, "num_layers": 3, "dropout": 0.3, "activation": "elu", "lr": 0.0004051420345607495, "window_size": 23, "batch_size": 64, "epochs": 10, "kernel_size": 7, "attention_heads": 4}, "parameter_index": 0}
[2026-05-19 23:57:14] INFO (NNIManager) submitTrialJob: form: {
  sequenceId: 51,
  hyperParameters: {
    value: '{"parameter_id": 51, "parameter_source": "algorithm", "parameters": {"model_type": "GRU", "units": 32, "num_layers": 3, "dropout": 0.3, "activation": "elu", "lr": 0.0004051420345607495, "window_size": 23, "batch_size": 64, "epochs": 10, "kernel_size": 7, "attention_heads": 4}, "parameter_index": 0}',
    index: 0
  },
  placementConstraint: { type: 'None', gpus: [] }
}
[2026-05-19 23:57:14] INFO (LocalV3.local) Created trial H3GgM
[2026-05-19 23:57:15] INFO (LocalV3.local) Trial parameter: H3GgM {"parameter_id": 51, "parameter_source": "algorithm", "parameters": {"model_type": "GRU", "units": 32, "num_layers": 3, "dropout": 0.3, "activation": "elu", "lr": 0.0004051420345607495, "window_size": 23, "batch_size": 64, "epochs": 10, "kernel_size": 7, "attention_heads": 4}, "parameter_index": 0}
[2026-05-19 23:57:36] INFO (NNIManager) Trial job H3GgM status changed from RUNNING to SUCCEEDED
[2026-05-19 23:57:36] INFO (NNIManager) NNIManager received command from dispatcher: TR, {"parameter_id": 52, "parameter_source": "algorithm", "parameters": {"model_type": "MLP", "units": 64, "num_layers": 4, "dropout": 0.5, "activation": "relu", "lr": 4.5570982022370945e-05, "window_size": 11, "batch_size": 32, "epochs": 5, "kernel_size": 3, "attention_heads": 4}, "parameter_index": 0}
[2026-05-19 23:57:37] INFO (NNIManager) submitTrialJob: form: {
  sequenceId: 52,
  hyperParameters: {
    value: '{"parameter_id": 52, "parameter_source": "algorithm", "parameters": {"model_type": "MLP", "units": 64, "num_layers": 4, "dropout": 0.5, "activation": "relu", "lr": 4.5570982022370945e-05, "window_size": 11, "batch_size": 32, "epochs": 5, "kernel_size": 3, "attention_heads": 4}, "parameter_index": 0}',
    index: 0
  },
  placementConstraint: { type: 'None', gpus: [] }
}
[2026-05-19 23:57:37] INFO (LocalV3.local) Created trial IRSnv
[2026-05-19 23:57:38] INFO (LocalV3.local) Trial parameter: IRSnv {"parameter_id": 52, "parameter_source": "algorithm", "parameters": {"model_type": "MLP", "units": 64, "num_layers": 4, "dropout": 0.5, "activation": "relu", "lr": 4.5570982022370945e-05, "window_size": 11, "batch_size": 32, "epochs": 5, "kernel_size": 3, "attention_heads": 4}, "parameter_index": 0}
[2026-05-19 23:57:41] INFO (NNIManager) Trial job IRSnv status changed from RUNNING to SUCCEEDED
[2026-05-19 23:57:41] INFO (NNIManager) NNIManager received command from dispatcher: TR, {"parameter_id": 53, "parameter_source": "algorithm", "parameters": {"model_type": "LSTM", "units": 128, "num_layers": 2, "dropout": 0.1, "activation": "tanh", "lr": 0.0019384322120762898, "window_size": 5, "batch_size": 16, "epochs": 20, "kernel_size": 2, "attention_heads": 8}, "parameter_index": 0}
[2026-05-19 23:57:42] INFO (NNIManager) submitTrialJob: form: {
  sequenceId: 53,
  hyperParameters: {
    value: '{"parameter_id": 53, "parameter_source": "algorithm", "parameters": {"model_type": "LSTM", "units": 128, "num_layers": 2, "dropout": 0.1, "activation": "tanh", "lr": 0.0019384322120762898, "window_size": 5, "batch_size": 16, "epochs": 20, "kernel_size": 2, "attention_heads": 8}, "parameter_index": 0}',
    index: 0
  },
  placementConstraint: { type: 'None', gpus: [] }
}
[2026-05-19 23:57:42] INFO (LocalV3.local) Created trial IbxG9
[2026-05-19 23:57:44] INFO (LocalV3.local) Trial parameter: IbxG9 {"parameter_id": 53, "parameter_source": "algorithm", "parameters": {"model_type": "LSTM", "units": 128, "num_layers": 2, "dropout": 0.1, "activation": "tanh", "lr": 0.0019384322120762898, "window_size": 5, "batch_size": 16, "epochs": 20, "kernel_size": 2, "attention_heads": 8}, "parameter_index": 0}
[2026-05-19 23:58:36] INFO (NNIManager) Trial job IbxG9 status changed from RUNNING to SUCCEEDED
[2026-05-19 23:58:36] INFO (NNIManager) NNIManager received command from dispatcher: TR, {"parameter_id": 54, "parameter_source": "algorithm", "parameters": {"model_type": "CNN", "units": 64, "num_layers": 1, "dropout": 0.2, "activation": "sigmoid", "lr": 0.007448885792048687, "window_size": 14, "batch_size": 16, "epochs": 20, "kernel_size": 2, "attention_heads": 2}, "parameter_index": 0}
[2026-05-19 23:58:36] INFO (NNIManager) submitTrialJob: form: {
  sequenceId: 54,
  hyperParameters: {
    value: '{"parameter_id": 54, "parameter_source": "algorithm", "parameters": {"model_type": "CNN", "units": 64, "num_layers": 1, "dropout": 0.2, "activation": "sigmoid", "lr": 0.007448885792048687, "window_size": 14, "batch_size": 16, "epochs": 20, "kernel_size": 2, "attention_heads": 2}, "parameter_index": 0}',
    index: 0
  },
  placementConstraint: { type: 'None', gpus: [] }
}
[2026-05-19 23:58:36] INFO (LocalV3.local) Created trial uEwi0
[2026-05-19 23:58:38] INFO (LocalV3.local) Trial parameter: uEwi0 {"parameter_id": 54, "parameter_source": "algorithm", "parameters": {"model_type": "CNN", "units": 64, "num_layers": 1, "dropout": 0.2, "activation": "sigmoid", "lr": 0.007448885792048687, "window_size": 14, "batch_size": 16, "epochs": 20, "kernel_size": 2, "attention_heads": 2}, "parameter_index": 0}
[2026-05-19 23:58:51] INFO (NNIManager) Trial job uEwi0 status changed from RUNNING to SUCCEEDED
[2026-05-19 23:58:51] INFO (NNIManager) NNIManager received command from dispatcher: TR, {"parameter_id": 55, "parameter_source": "algorithm", "parameters": {"model_type": "MLP", "units": 128, "num_layers": 2, "dropout": 0, "activation": "relu", "lr": 0.0001516712260470123, "window_size": 16, "batch_size": 32, "epochs": 20, "kernel_size": 5, "attention_heads": 4}, "parameter_index": 0}
[2026-05-19 23:58:51] INFO (NNIManager) submitTrialJob: form: {
  sequenceId: 55,
  hyperParameters: {
    value: '{"parameter_id": 55, "parameter_source": "algorithm", "parameters": {"model_type": "MLP", "units": 128, "num_layers": 2, "dropout": 0, "activation": "relu", "lr": 0.0001516712260470123, "window_size": 16, "batch_size": 32, "epochs": 20, "kernel_size": 5, "attention_heads": 4}, "parameter_index": 0}',
    index: 0
  },
  placementConstraint: { type: 'None', gpus: [] }
}
[2026-05-19 23:58:51] INFO (LocalV3.local) Created trial JLVku
[2026-05-19 23:58:53] INFO (LocalV3.local) Trial parameter: JLVku {"parameter_id": 55, "parameter_source": "algorithm", "parameters": {"model_type": "MLP", "units": 128, "num_layers": 2, "dropout": 0, "activation": "relu", "lr": 0.0001516712260470123, "window_size": 16, "batch_size": 32, "epochs": 20, "kernel_size": 5, "attention_heads": 4}, "parameter_index": 0}
[2026-05-19 23:58:59] INFO (NNIManager) Trial job JLVku status changed from RUNNING to SUCCEEDED
[2026-05-19 23:58:59] INFO (NNIManager) NNIManager received command from dispatcher: TR, {"parameter_id": 56, "parameter_source": "algorithm", "parameters": {"model_type": "Transformer", "units": 16, "num_layers": 4, "dropout": 0.2, "activation": "tanh", "lr": 0.0033049407236999478, "window_size": 13, "batch_size": 32, "epochs": 15, "kernel_size": 3, "attention_heads": 8}, "parameter_index": 0}
[2026-05-19 23:58:59] INFO (NNIManager) submitTrialJob: form: {
  sequenceId: 56,
  hyperParameters: {
    value: '{"parameter_id": 56, "parameter_source": "algorithm", "parameters": {"model_type": "Transformer", "units": 16, "num_layers": 4, "dropout": 0.2, "activation": "tanh", "lr": 0.0033049407236999478, "window_size": 13, "batch_size": 32, "epochs": 15, "kernel_size": 3, "attention_heads": 8}, "parameter_index": 0}',
    index: 0
  },
  placementConstraint: { type: 'None', gpus: [] }
}
[2026-05-19 23:58:59] INFO (LocalV3.local) Created trial PAXU9
[2026-05-19 23:59:01] INFO (LocalV3.local) Trial parameter: PAXU9 {"parameter_id": 56, "parameter_source": "algorithm", "parameters": {"model_type": "Transformer", "units": 16, "num_layers": 4, "dropout": 0.2, "activation": "tanh", "lr": 0.0033049407236999478, "window_size": 13, "batch_size": 32, "epochs": 15, "kernel_size": 3, "attention_heads": 8}, "parameter_index": 0}
[2026-05-19 23:59:47] INFO (NNIManager) Trial job PAXU9 status changed from RUNNING to SUCCEEDED
[2026-05-19 23:59:47] INFO (NNIManager) NNIManager received command from dispatcher: TR, {"parameter_id": 57, "parameter_source": "algorithm", "parameters": {"model_type": "TCN", "units": 128, "num_layers": 2, "dropout": 0.1, "activation": "relu", "lr": 0.00019606238809325745, "window_size": 18, "batch_size": 16, "epochs": 20, "kernel_size": 2, "attention_heads": 4}, "parameter_index": 0}
[2026-05-19 23:59:47] INFO (NNIManager) submitTrialJob: form: {
  sequenceId: 57,
  hyperParameters: {
    value: '{"parameter_id": 57, "parameter_source": "algorithm", "parameters": {"model_type": "TCN", "units": 128, "num_layers": 2, "dropout": 0.1, "activation": "relu", "lr": 0.00019606238809325745, "window_size": 18, "batch_size": 16, "epochs": 20, "kernel_size": 2, "attention_heads": 4}, "parameter_index": 0}',
    index: 0
  },
  placementConstraint: { type: 'None', gpus: [] }
}
[2026-05-19 23:59:47] INFO (LocalV3.local) Created trial kVLFf
[2026-05-19 23:59:49] INFO (LocalV3.local) Trial parameter: kVLFf {"parameter_id": 57, "parameter_source": "algorithm", "parameters": {"model_type": "TCN", "units": 128, "num_layers": 2, "dropout": 0.1, "activation": "relu", "lr": 0.00019606238809325745, "window_size": 18, "batch_size": 16, "epochs": 20, "kernel_size": 2, "attention_heads": 4}, "parameter_index": 0}
[2026-05-20 00:00:08] INFO (NNIManager) Trial job kVLFf status changed from RUNNING to SUCCEEDED
[2026-05-20 00:00:08] INFO (NNIManager) NNIManager received command from dispatcher: TR, {"parameter_id": 58, "parameter_source": "algorithm", "parameters": {"model_type": "LSTM", "units": 32, "num_layers": 2, "dropout": 0.3, "activation": "elu", "lr": 6.570169458161068e-05, "window_size": 4, "batch_size": 128, "epochs": 20, "kernel_size": 5, "attention_heads": 4}, "parameter_index": 0}
[2026-05-20 00:00:09] INFO (NNIManager) submitTrialJob: form: {
  sequenceId: 58,
  hyperParameters: {
    value: '{"parameter_id": 58, "parameter_source": "algorithm", "parameters": {"model_type": "LSTM", "units": 32, "num_layers": 2, "dropout": 0.3, "activation": "elu", "lr": 6.570169458161068e-05, "window_size": 4, "batch_size": 128, "epochs": 20, "kernel_size": 5, "attention_heads": 4}, "parameter_index": 0}',
    index: 0
  },
  placementConstraint: { type: 'None', gpus: [] }
}
[2026-05-20 00:00:09] INFO (LocalV3.local) Created trial vKrrb
[2026-05-20 00:00:10] INFO (LocalV3.local) Trial parameter: vKrrb {"parameter_id": 58, "parameter_source": "algorithm", "parameters": {"model_type": "LSTM", "units": 32, "num_layers": 2, "dropout": 0.3, "activation": "elu", "lr": 6.570169458161068e-05, "window_size": 4, "batch_size": 128, "epochs": 20, "kernel_size": 5, "attention_heads": 4}, "parameter_index": 0}
[2026-05-20 00:00:20] INFO (NNIManager) Trial job vKrrb status changed from RUNNING to SUCCEEDED
[2026-05-20 00:00:20] INFO (NNIManager) NNIManager received command from dispatcher: TR, {"parameter_id": 59, "parameter_source": "algorithm", "parameters": {"model_type": "RNN", "units": 64, "num_layers": 3, "dropout": 0.2, "activation": "sigmoid", "lr": 0.000537467217108018, "window_size": 29, "batch_size": 64, "epochs": 10, "kernel_size": 7, "attention_heads": 4}, "parameter_index": 0}
[2026-05-20 00:00:20] INFO (NNIManager) submitTrialJob: form: {
  sequenceId: 59,
  hyperParameters: {
    value: '{"parameter_id": 59, "parameter_source": "algorithm", "parameters": {"model_type": "RNN", "units": 64, "num_layers": 3, "dropout": 0.2, "activation": "sigmoid", "lr": 0.000537467217108018, "window_size": 29, "batch_size": 64, "epochs": 10, "kernel_size": 7, "attention_heads": 4}, "parameter_index": 0}',
    index: 0
  },
  placementConstraint: { type: 'None', gpus: [] }
}
[2026-05-20 00:00:20] INFO (LocalV3.local) Created trial DAknp
[2026-05-20 00:00:22] INFO (LocalV3.local) Trial parameter: DAknp {"parameter_id": 59, "parameter_source": "algorithm", "parameters": {"model_type": "RNN", "units": 64, "num_layers": 3, "dropout": 0.2, "activation": "sigmoid", "lr": 0.000537467217108018, "window_size": 29, "batch_size": 64, "epochs": 10, "kernel_size": 7, "attention_heads": 4}, "parameter_index": 0}
[2026-05-20 00:00:35] INFO (NNIManager) Trial job DAknp status changed from RUNNING to SUCCEEDED
[2026-05-20 00:00:35] INFO (NNIManager) NNIManager received command from dispatcher: TR, {"parameter_id": 60, "parameter_source": "algorithm", "parameters": {"model_type": "MLP", "units": 64, "num_layers": 4, "dropout": 0.2, "activation": "sigmoid", "lr": 9.399531142039414e-05, "window_size": 20, "batch_size": 32, "epochs": 20, "kernel_size": 2, "attention_heads": 4}, "parameter_index": 0}
[2026-05-20 00:00:35] INFO (NNIManager) submitTrialJob: form: {
  sequenceId: 60,
  hyperParameters: {
    value: '{"parameter_id": 60, "parameter_source": "algorithm", "parameters": {"model_type": "MLP", "units": 64, "num_layers": 4, "dropout": 0.2, "activation": "sigmoid", "lr": 9.399531142039414e-05, "window_size": 20, "batch_size": 32, "epochs": 20, "kernel_size": 2, "attention_heads": 4}, "parameter_index": 0}',
    index: 0
  },
  placementConstraint: { type: 'None', gpus: [] }
}
[2026-05-20 00:00:35] INFO (LocalV3.local) Created trial sqn4q
[2026-05-20 00:00:37] INFO (LocalV3.local) Trial parameter: sqn4q {"parameter_id": 60, "parameter_source": "algorithm", "parameters": {"model_type": "MLP", "units": 64, "num_layers": 4, "dropout": 0.2, "activation": "sigmoid", "lr": 9.399531142039414e-05, "window_size": 20, "batch_size": 32, "epochs": 20, "kernel_size": 2, "attention_heads": 4}, "parameter_index": 0}
[2026-05-20 00:00:44] INFO (NNIManager) Trial job sqn4q status changed from RUNNING to SUCCEEDED
[2026-05-20 00:00:44] INFO (NNIManager) NNIManager received command from dispatcher: TR, {"parameter_id": 61, "parameter_source": "algorithm", "parameters": {"model_type": "CNN", "units": 128, "num_layers": 1, "dropout": 0, "activation": "relu", "lr": 0.0007631028856045836, "window_size": 10, "batch_size": 16, "epochs": 10, "kernel_size": 7, "attention_heads": 2}, "parameter_index": 0}
[2026-05-20 00:00:44] INFO (NNIManager) submitTrialJob: form: {
  sequenceId: 61,
  hyperParameters: {
    value: '{"parameter_id": 61, "parameter_source": "algorithm", "parameters": {"model_type": "CNN", "units": 128, "num_layers": 1, "dropout": 0, "activation": "relu", "lr": 0.0007631028856045836, "window_size": 10, "batch_size": 16, "epochs": 10, "kernel_size": 7, "attention_heads": 2}, "parameter_index": 0}',
    index: 0
  },
  placementConstraint: { type: 'None', gpus: [] }
}
[2026-05-20 00:00:44] INFO (LocalV3.local) Created trial cZ1iE
[2026-05-20 00:00:46] INFO (LocalV3.local) Trial parameter: cZ1iE {"parameter_id": 61, "parameter_source": "algorithm", "parameters": {"model_type": "CNN", "units": 128, "num_layers": 1, "dropout": 0, "activation": "relu", "lr": 0.0007631028856045836, "window_size": 10, "batch_size": 16, "epochs": 10, "kernel_size": 7, "attention_heads": 2}, "parameter_index": 0}
[2026-05-20 00:00:52] INFO (NNIManager) Trial job cZ1iE status changed from RUNNING to SUCCEEDED
[2026-05-20 00:00:52] INFO (NNIManager) NNIManager received command from dispatcher: TR, {"parameter_id": 62, "parameter_source": "algorithm", "parameters": {"model_type": "RNN", "units": 128, "num_layers": 2, "dropout": 0.5, "activation": "elu", "lr": 0.0012016439385279744, "window_size": 26, "batch_size": 64, "epochs": 5, "kernel_size": 3, "attention_heads": 8}, "parameter_index": 0}
[2026-05-20 00:00:53] INFO (NNIManager) submitTrialJob: form: {
  sequenceId: 62,
  hyperParameters: {
    value: '{"parameter_id": 62, "parameter_source": "algorithm", "parameters": {"model_type": "RNN", "units": 128, "num_layers": 2, "dropout": 0.5, "activation": "elu", "lr": 0.0012016439385279744, "window_size": 26, "batch_size": 64, "epochs": 5, "kernel_size": 3, "attention_heads": 8}, "parameter_index": 0}',
    index: 0
  },
  placementConstraint: { type: 'None', gpus: [] }
}
[2026-05-20 00:00:53] INFO (LocalV3.local) Created trial AK0ne
[2026-05-20 00:00:54] INFO (LocalV3.local) Trial parameter: AK0ne {"parameter_id": 62, "parameter_source": "algorithm", "parameters": {"model_type": "RNN", "units": 128, "num_layers": 2, "dropout": 0.5, "activation": "elu", "lr": 0.0012016439385279744, "window_size": 26, "batch_size": 64, "epochs": 5, "kernel_size": 3, "attention_heads": 8}, "parameter_index": 0}
[2026-05-20 00:01:03] INFO (NNIManager) Trial job AK0ne status changed from RUNNING to SUCCEEDED
[2026-05-20 00:01:03] INFO (NNIManager) NNIManager received command from dispatcher: TR, {"parameter_id": 63, "parameter_source": "algorithm", "parameters": {"model_type": "RNN", "units": 128, "num_layers": 3, "dropout": 0.5, "activation": "elu", "lr": 0.00028781270281239685, "window_size": 19, "batch_size": 64, "epochs": 5, "kernel_size": 3, "attention_heads": 8}, "parameter_index": 0}
[2026-05-20 00:01:04] INFO (NNIManager) submitTrialJob: form: {
  sequenceId: 63,
  hyperParameters: {
    value: '{"parameter_id": 63, "parameter_source": "algorithm", "parameters": {"model_type": "RNN", "units": 128, "num_layers": 3, "dropout": 0.5, "activation": "elu", "lr": 0.00028781270281239685, "window_size": 19, "batch_size": 64, "epochs": 5, "kernel_size": 3, "attention_heads": 8}, "parameter_index": 0}',
    index: 0
  },
  placementConstraint: { type: 'None', gpus: [] }
}
[2026-05-20 00:01:04] INFO (LocalV3.local) Created trial kSU1w
[2026-05-20 00:01:05] INFO (LocalV3.local) Trial parameter: kSU1w {"parameter_id": 63, "parameter_source": "algorithm", "parameters": {"model_type": "RNN", "units": 128, "num_layers": 3, "dropout": 0.5, "activation": "elu", "lr": 0.00028781270281239685, "window_size": 19, "batch_size": 64, "epochs": 5, "kernel_size": 3, "attention_heads": 8}, "parameter_index": 0}
[2026-05-20 00:01:16] INFO (NNIManager) Trial job kSU1w status changed from RUNNING to SUCCEEDED
[2026-05-20 00:01:16] INFO (NNIManager) NNIManager received command from dispatcher: TR, {"parameter_id": 64, "parameter_source": "algorithm", "parameters": {"model_type": "CNN", "units": 256, "num_layers": 2, "dropout": 0.2, "activation": "relu", "lr": 0.001148965099709666, "window_size": 22, "batch_size": 16, "epochs": 20, "kernel_size": 5, "attention_heads": 4}, "parameter_index": 0}
[2026-05-20 00:01:16] INFO (NNIManager) submitTrialJob: form: {
  sequenceId: 64,
  hyperParameters: {
    value: '{"parameter_id": 64, "parameter_source": "algorithm", "parameters": {"model_type": "CNN", "units": 256, "num_layers": 2, "dropout": 0.2, "activation": "relu", "lr": 0.001148965099709666, "window_size": 22, "batch_size": 16, "epochs": 20, "kernel_size": 5, "attention_heads": 4}, "parameter_index": 0}',
    index: 0
  },
  placementConstraint: { type: 'None', gpus: [] }
}
[2026-05-20 00:01:16] INFO (LocalV3.local) Created trial V0q8t
[2026-05-20 00:01:18] INFO (LocalV3.local) Trial parameter: V0q8t {"parameter_id": 64, "parameter_source": "algorithm", "parameters": {"model_type": "CNN", "units": 256, "num_layers": 2, "dropout": 0.2, "activation": "relu", "lr": 0.001148965099709666, "window_size": 22, "batch_size": 16, "epochs": 20, "kernel_size": 5, "attention_heads": 4}, "parameter_index": 0}
[2026-05-20 00:02:10] INFO (NNIManager) Trial job V0q8t status changed from RUNNING to SUCCEEDED
[2026-05-20 00:02:10] INFO (NNIManager) NNIManager received command from dispatcher: TR, {"parameter_id": 65, "parameter_source": "algorithm", "parameters": {"model_type": "TCN", "units": 128, "num_layers": 1, "dropout": 0.2, "activation": "tanh", "lr": 0.002162665039856621, "window_size": 25, "batch_size": 64, "epochs": 10, "kernel_size": 7, "attention_heads": 8}, "parameter_index": 0}
[2026-05-20 00:02:11] INFO (NNIManager) submitTrialJob: form: {
  sequenceId: 65,
  hyperParameters: {
    value: '{"parameter_id": 65, "parameter_source": "algorithm", "parameters": {"model_type": "TCN", "units": 128, "num_layers": 1, "dropout": 0.2, "activation": "tanh", "lr": 0.002162665039856621, "window_size": 25, "batch_size": 64, "epochs": 10, "kernel_size": 7, "attention_heads": 8}, "parameter_index": 0}',
    index: 0
  },
  placementConstraint: { type: 'None', gpus: [] }
}
[2026-05-20 00:02:11] INFO (LocalV3.local) Created trial YDRdd
[2026-05-20 00:02:13] INFO (LocalV3.local) Trial parameter: YDRdd {"parameter_id": 65, "parameter_source": "algorithm", "parameters": {"model_type": "TCN", "units": 128, "num_layers": 1, "dropout": 0.2, "activation": "tanh", "lr": 0.002162665039856621, "window_size": 25, "batch_size": 64, "epochs": 10, "kernel_size": 7, "attention_heads": 8}, "parameter_index": 0}
[2026-05-20 00:02:16] INFO (NNIManager) Trial job YDRdd status changed from RUNNING to SUCCEEDED
[2026-05-20 00:02:16] INFO (NNIManager) NNIManager received command from dispatcher: TR, {"parameter_id": 66, "parameter_source": "algorithm", "parameters": {"model_type": "TCN", "units": 128, "num_layers": 1, "dropout": 0.2, "activation": "tanh", "lr": 0.0017885796078695676, "window_size": 25, "batch_size": 64, "epochs": 10, "kernel_size": 7, "attention_heads": 8}, "parameter_index": 0}
[2026-05-20 00:02:17] INFO (NNIManager) submitTrialJob: form: {
  sequenceId: 66,
  hyperParameters: {
    value: '{"parameter_id": 66, "parameter_source": "algorithm", "parameters": {"model_type": "TCN", "units": 128, "num_layers": 1, "dropout": 0.2, "activation": "tanh", "lr": 0.0017885796078695676, "window_size": 25, "batch_size": 64, "epochs": 10, "kernel_size": 7, "attention_heads": 8}, "parameter_index": 0}',
    index: 0
  },
  placementConstraint: { type: 'None', gpus: [] }
}
[2026-05-20 00:02:17] INFO (LocalV3.local) Created trial Pxeur
[2026-05-20 00:02:19] INFO (LocalV3.local) Trial parameter: Pxeur {"parameter_id": 66, "parameter_source": "algorithm", "parameters": {"model_type": "TCN", "units": 128, "num_layers": 1, "dropout": 0.2, "activation": "tanh", "lr": 0.0017885796078695676, "window_size": 25, "batch_size": 64, "epochs": 10, "kernel_size": 7, "attention_heads": 8}, "parameter_index": 0}
[2026-05-20 00:02:22] INFO (NNIManager) Trial job Pxeur status changed from RUNNING to SUCCEEDED
[2026-05-20 00:02:22] INFO (NNIManager) NNIManager received command from dispatcher: TR, {"parameter_id": 67, "parameter_source": "algorithm", "parameters": {"model_type": "TCN", "units": 128, "num_layers": 1, "dropout": 0.2, "activation": "tanh", "lr": 0.004128571204305627, "window_size": 25, "batch_size": 64, "epochs": 10, "kernel_size": 7, "attention_heads": 8}, "parameter_index": 0}
[2026-05-20 00:02:23] INFO (NNIManager) submitTrialJob: form: {
  sequenceId: 67,
  hyperParameters: {
    value: '{"parameter_id": 67, "parameter_source": "algorithm", "parameters": {"model_type": "TCN", "units": 128, "num_layers": 1, "dropout": 0.2, "activation": "tanh", "lr": 0.004128571204305627, "window_size": 25, "batch_size": 64, "epochs": 10, "kernel_size": 7, "attention_heads": 8}, "parameter_index": 0}',
    index: 0
  },
  placementConstraint: { type: 'None', gpus: [] }
}
[2026-05-20 00:02:23] INFO (LocalV3.local) Created trial UBMxg
[2026-05-20 00:02:25] INFO (LocalV3.local) Trial parameter: UBMxg {"parameter_id": 67, "parameter_source": "algorithm", "parameters": {"model_type": "TCN", "units": 128, "num_layers": 1, "dropout": 0.2, "activation": "tanh", "lr": 0.004128571204305627, "window_size": 25, "batch_size": 64, "epochs": 10, "kernel_size": 7, "attention_heads": 8}, "parameter_index": 0}
[2026-05-20 00:02:28] INFO (NNIManager) Trial job UBMxg status changed from RUNNING to SUCCEEDED
[2026-05-20 00:02:28] INFO (NNIManager) NNIManager received command from dispatcher: TR, {"parameter_id": 68, "parameter_source": "algorithm", "parameters": {"model_type": "TCN", "units": 128, "num_layers": 1, "dropout": 0.2, "activation": "tanh", "lr": 0.002706150457370131, "window_size": 6, "batch_size": 64, "epochs": 10, "kernel_size": 7, "attention_heads": 8}, "parameter_index": 0}
[2026-05-20 00:02:29] INFO (NNIManager) submitTrialJob: form: {
  sequenceId: 68,
  hyperParameters: {
    value: '{"parameter_id": 68, "parameter_source": "algorithm", "parameters": {"model_type": "TCN", "units": 128, "num_layers": 1, "dropout": 0.2, "activation": "tanh", "lr": 0.002706150457370131, "window_size": 6, "batch_size": 64, "epochs": 10, "kernel_size": 7, "attention_heads": 8}, "parameter_index": 0}',
    index: 0
  },
  placementConstraint: { type: 'None', gpus: [] }
}
[2026-05-20 00:02:29] INFO (LocalV3.local) Created trial cvaOM
[2026-05-20 00:02:31] INFO (LocalV3.local) Trial parameter: cvaOM {"parameter_id": 68, "parameter_source": "algorithm", "parameters": {"model_type": "TCN", "units": 128, "num_layers": 1, "dropout": 0.2, "activation": "tanh", "lr": 0.002706150457370131, "window_size": 6, "batch_size": 64, "epochs": 10, "kernel_size": 7, "attention_heads": 8}, "parameter_index": 0}
[2026-05-20 00:02:34] INFO (NNIManager) Trial job cvaOM status changed from RUNNING to SUCCEEDED
[2026-05-20 00:02:35] INFO (NNIManager) NNIManager received command from dispatcher: TR, {"parameter_id": 69, "parameter_source": "algorithm", "parameters": {"model_type": "TCN", "units": 128, "num_layers": 1, "dropout": 0.2, "activation": "tanh", "lr": 0.0020138997732052316, "window_size": 25, "batch_size": 64, "epochs": 10, "kernel_size": 7, "attention_heads": 8}, "parameter_index": 0}
[2026-05-20 00:02:35] INFO (NNIManager) submitTrialJob: form: {
  sequenceId: 69,
  hyperParameters: {
    value: '{"parameter_id": 69, "parameter_source": "algorithm", "parameters": {"model_type": "TCN", "units": 128, "num_layers": 1, "dropout": 0.2, "activation": "tanh", "lr": 0.0020138997732052316, "window_size": 25, "batch_size": 64, "epochs": 10, "kernel_size": 7, "attention_heads": 8}, "parameter_index": 0}',
    index: 0
  },
  placementConstraint: { type: 'None', gpus: [] }
}
[2026-05-20 00:02:35] INFO (LocalV3.local) Created trial WoJsb
[2026-05-20 00:02:37] INFO (LocalV3.local) Trial parameter: WoJsb {"parameter_id": 69, "parameter_source": "algorithm", "parameters": {"model_type": "TCN", "units": 128, "num_layers": 1, "dropout": 0.2, "activation": "tanh", "lr": 0.0020138997732052316, "window_size": 25, "batch_size": 64, "epochs": 10, "kernel_size": 7, "attention_heads": 8}, "parameter_index": 0}
[2026-05-20 00:02:41] INFO (NNIManager) Trial job WoJsb status changed from RUNNING to SUCCEEDED
[2026-05-20 00:02:41] INFO (NNIManager) NNIManager received command from dispatcher: TR, {"parameter_id": 70, "parameter_source": "algorithm", "parameters": {"model_type": "TCN", "units": 128, "num_layers": 1, "dropout": 0.2, "activation": "tanh", "lr": 0.001712975220330308, "window_size": 12, "batch_size": 64, "epochs": 10, "kernel_size": 7, "attention_heads": 8}, "parameter_index": 0}
[2026-05-20 00:02:41] INFO (NNIManager) submitTrialJob: form: {
  sequenceId: 70,
  hyperParameters: {
    value: '{"parameter_id": 70, "parameter_source": "algorithm", "parameters": {"model_type": "TCN", "units": 128, "num_layers": 1, "dropout": 0.2, "activation": "tanh", "lr": 0.001712975220330308, "window_size": 12, "batch_size": 64, "epochs": 10, "kernel_size": 7, "attention_heads": 8}, "parameter_index": 0}',
    index: 0
  },
  placementConstraint: { type: 'None', gpus: [] }
}
[2026-05-20 00:02:41] INFO (LocalV3.local) Created trial ev66Z
[2026-05-20 00:02:43] INFO (LocalV3.local) Trial parameter: ev66Z {"parameter_id": 70, "parameter_source": "algorithm", "parameters": {"model_type": "TCN", "units": 128, "num_layers": 1, "dropout": 0.2, "activation": "tanh", "lr": 0.001712975220330308, "window_size": 12, "batch_size": 64, "epochs": 10, "kernel_size": 7, "attention_heads": 8}, "parameter_index": 0}
[2026-05-20 00:02:47] INFO (NNIManager) Trial job ev66Z status changed from RUNNING to SUCCEEDED
[2026-05-20 00:02:47] INFO (NNIManager) NNIManager received command from dispatcher: TR, {"parameter_id": 71, "parameter_source": "algorithm", "parameters": {"model_type": "TCN", "units": 128, "num_layers": 1, "dropout": 0.2, "activation": "tanh", "lr": 0.004987816283060902, "window_size": 24, "batch_size": 64, "epochs": 10, "kernel_size": 7, "attention_heads": 8}, "parameter_index": 0}
[2026-05-20 00:02:47] INFO (NNIManager) submitTrialJob: form: {
  sequenceId: 71,
  hyperParameters: {
    value: '{"parameter_id": 71, "parameter_source": "algorithm", "parameters": {"model_type": "TCN", "units": 128, "num_layers": 1, "dropout": 0.2, "activation": "tanh", "lr": 0.004987816283060902, "window_size": 24, "batch_size": 64, "epochs": 10, "kernel_size": 7, "attention_heads": 8}, "parameter_index": 0}',
    index: 0
  },
  placementConstraint: { type: 'None', gpus: [] }
}
[2026-05-20 00:02:47] INFO (LocalV3.local) Created trial qBZH7
[2026-05-20 00:02:49] INFO (LocalV3.local) Trial parameter: qBZH7 {"parameter_id": 71, "parameter_source": "algorithm", "parameters": {"model_type": "TCN", "units": 128, "num_layers": 1, "dropout": 0.2, "activation": "tanh", "lr": 0.004987816283060902, "window_size": 24, "batch_size": 64, "epochs": 10, "kernel_size": 7, "attention_heads": 8}, "parameter_index": 0}
[2026-05-20 00:02:53] INFO (NNIManager) Trial job qBZH7 status changed from RUNNING to SUCCEEDED
[2026-05-20 00:02:53] INFO (NNIManager) NNIManager received command from dispatcher: TR, {"parameter_id": 72, "parameter_source": "algorithm", "parameters": {"model_type": "TCN", "units": 128, "num_layers": 1, "dropout": 0.2, "activation": "tanh", "lr": 0.000839583635806324, "window_size": 21, "batch_size": 64, "epochs": 10, "kernel_size": 7, "attention_heads": 8}, "parameter_index": 0}
[2026-05-20 00:02:53] INFO (NNIManager) submitTrialJob: form: {
  sequenceId: 72,
  hyperParameters: {
    value: '{"parameter_id": 72, "parameter_source": "algorithm", "parameters": {"model_type": "TCN", "units": 128, "num_layers": 1, "dropout": 0.2, "activation": "tanh", "lr": 0.000839583635806324, "window_size": 21, "batch_size": 64, "epochs": 10, "kernel_size": 7, "attention_heads": 8}, "parameter_index": 0}',
    index: 0
  },
  placementConstraint: { type: 'None', gpus: [] }
}
[2026-05-20 00:02:53] INFO (LocalV3.local) Created trial EQlIk
[2026-05-20 00:02:55] INFO (LocalV3.local) Trial parameter: EQlIk {"parameter_id": 72, "parameter_source": "algorithm", "parameters": {"model_type": "TCN", "units": 128, "num_layers": 1, "dropout": 0.2, "activation": "tanh", "lr": 0.000839583635806324, "window_size": 21, "batch_size": 64, "epochs": 10, "kernel_size": 7, "attention_heads": 8}, "parameter_index": 0}
[2026-05-20 00:02:59] INFO (NNIManager) Trial job EQlIk status changed from RUNNING to SUCCEEDED
[2026-05-20 00:02:59] INFO (NNIManager) NNIManager received command from dispatcher: TR, {"parameter_id": 73, "parameter_source": "algorithm", "parameters": {"model_type": "LSTM", "units": 128, "num_layers": 1, "dropout": 0.2, "activation": "tanh", "lr": 0.0005965602721358883, "window_size": 11, "batch_size": 64, "epochs": 10, "kernel_size": 7, "attention_heads": 8}, "parameter_index": 0}
[2026-05-20 00:02:59] INFO (NNIManager) submitTrialJob: form: {
  sequenceId: 73,
  hyperParameters: {
    value: '{"parameter_id": 73, "parameter_source": "algorithm", "parameters": {"model_type": "LSTM", "units": 128, "num_layers": 1, "dropout": 0.2, "activation": "tanh", "lr": 0.0005965602721358883, "window_size": 11, "batch_size": 64, "epochs": 10, "kernel_size": 7, "attention_heads": 8}, "parameter_index": 0}',
    index: 0
  },
  placementConstraint: { type: 'None', gpus: [] }
}
[2026-05-20 00:02:59] INFO (LocalV3.local) Created trial H7WJ8
[2026-05-20 00:03:01] INFO (LocalV3.local) Trial parameter: H7WJ8 {"parameter_id": 73, "parameter_source": "algorithm", "parameters": {"model_type": "LSTM", "units": 128, "num_layers": 1, "dropout": 0.2, "activation": "tanh", "lr": 0.0005965602721358883, "window_size": 11, "batch_size": 64, "epochs": 10, "kernel_size": 7, "attention_heads": 8}, "parameter_index": 0}
[2026-05-20 00:03:14] INFO (NNIManager) Trial job H7WJ8 status changed from RUNNING to SUCCEEDED
[2026-05-20 00:03:14] INFO (NNIManager) NNIManager received command from dispatcher: TR, {"parameter_id": 74, "parameter_source": "algorithm", "parameters": {"model_type": "GRU", "units": 32, "num_layers": 1, "dropout": 0.3, "activation": "tanh", "lr": 0.0010970026895272267, "window_size": 2, "batch_size": 64, "epochs": 10, "kernel_size": 7, "attention_heads": 8}, "parameter_index": 0}
[2026-05-20 00:03:15] INFO (NNIManager) submitTrialJob: form: {
  sequenceId: 74,
  hyperParameters: {
    value: '{"parameter_id": 74, "parameter_source": "algorithm", "parameters": {"model_type": "GRU", "units": 32, "num_layers": 1, "dropout": 0.3, "activation": "tanh", "lr": 0.0010970026895272267, "window_size": 2, "batch_size": 64, "epochs": 10, "kernel_size": 7, "attention_heads": 8}, "parameter_index": 0}',
    index: 0
  },
  placementConstraint: { type: 'None', gpus: [] }
}
[2026-05-20 00:03:15] INFO (LocalV3.local) Created trial CLBSy
[2026-05-20 00:03:16] INFO (LocalV3.local) Trial parameter: CLBSy {"parameter_id": 74, "parameter_source": "algorithm", "parameters": {"model_type": "GRU", "units": 32, "num_layers": 1, "dropout": 0.3, "activation": "tanh", "lr": 0.0010970026895272267, "window_size": 2, "batch_size": 64, "epochs": 10, "kernel_size": 7, "attention_heads": 8}, "parameter_index": 0}
[2026-05-20 00:03:21] INFO (NNIManager) Trial job CLBSy status changed from RUNNING to SUCCEEDED
[2026-05-20 00:03:21] INFO (NNIManager) NNIManager received command from dispatcher: TR, {"parameter_id": 75, "parameter_source": "algorithm", "parameters": {"model_type": "MLP", "units": 32, "num_layers": 1, "dropout": 0.3, "activation": "tanh", "lr": 0.0003849055054616601, "window_size": 28, "batch_size": 64, "epochs": 10, "kernel_size": 7, "attention_heads": 8}, "parameter_index": 0}
[2026-05-20 00:03:22] INFO (NNIManager) submitTrialJob: form: {
  sequenceId: 75,
  hyperParameters: {
    value: '{"parameter_id": 75, "parameter_source": "algorithm", "parameters": {"model_type": "MLP", "units": 32, "num_layers": 1, "dropout": 0.3, "activation": "tanh", "lr": 0.0003849055054616601, "window_size": 28, "batch_size": 64, "epochs": 10, "kernel_size": 7, "attention_heads": 8}, "parameter_index": 0}',
    index: 0
  },
  placementConstraint: { type: 'None', gpus: [] }
}
[2026-05-20 00:03:22] INFO (LocalV3.local) Created trial cHV5e
[2026-05-20 00:03:23] INFO (LocalV3.local) Trial parameter: cHV5e {"parameter_id": 75, "parameter_source": "algorithm", "parameters": {"model_type": "MLP", "units": 32, "num_layers": 1, "dropout": 0.3, "activation": "tanh", "lr": 0.0003849055054616601, "window_size": 28, "batch_size": 64, "epochs": 10, "kernel_size": 7, "attention_heads": 8}, "parameter_index": 0}
[2026-05-20 00:03:26] INFO (NNIManager) Trial job cHV5e status changed from RUNNING to SUCCEEDED
[2026-05-20 00:03:26] INFO (NNIManager) NNIManager received command from dispatcher: TR, {"parameter_id": 76, "parameter_source": "algorithm", "parameters": {"model_type": "GRU", "units": 128, "num_layers": 1, "dropout": 0.2, "activation": "tanh", "lr": 0.007830580577468658, "window_size": 5, "batch_size": 128, "epochs": 10, "kernel_size": 7, "attention_heads": 8}, "parameter_index": 0}
[2026-05-20 00:03:27] INFO (NNIManager) submitTrialJob: form: {
  sequenceId: 76,
  hyperParameters: {
    value: '{"parameter_id": 76, "parameter_source": "algorithm", "parameters": {"model_type": "GRU", "units": 128, "num_layers": 1, "dropout": 0.2, "activation": "tanh", "lr": 0.007830580577468658, "window_size": 5, "batch_size": 128, "epochs": 10, "kernel_size": 7, "attention_heads": 8}, "parameter_index": 0}',
    index: 0
  },
  placementConstraint: { type: 'None', gpus: [] }
}
[2026-05-20 00:03:27] INFO (LocalV3.local) Created trial MxrAW
[2026-05-20 00:03:28] INFO (LocalV3.local) Trial parameter: MxrAW {"parameter_id": 76, "parameter_source": "algorithm", "parameters": {"model_type": "GRU", "units": 128, "num_layers": 1, "dropout": 0.2, "activation": "tanh", "lr": 0.007830580577468658, "window_size": 5, "batch_size": 128, "epochs": 10, "kernel_size": 7, "attention_heads": 8}, "parameter_index": 0}
[2026-05-20 00:03:36] INFO (NNIManager) Trial job MxrAW status changed from RUNNING to SUCCEEDED
[2026-05-20 00:03:36] INFO (NNIManager) NNIManager received command from dispatcher: TR, {"parameter_id": 77, "parameter_source": "algorithm", "parameters": {"model_type": "CNN", "units": 64, "num_layers": 2, "dropout": 0, "activation": "relu", "lr": 0.001096559609262206, "window_size": 15, "batch_size": 16, "epochs": 20, "kernel_size": 2, "attention_heads": 8}, "parameter_index": 0}
[2026-05-20 00:03:36] INFO (NNIManager) submitTrialJob: form: {
  sequenceId: 77,
  hyperParameters: {
    value: '{"parameter_id": 77, "parameter_source": "algorithm", "parameters": {"model_type": "CNN", "units": 64, "num_layers": 2, "dropout": 0, "activation": "relu", "lr": 0.001096559609262206, "window_size": 15, "batch_size": 16, "epochs": 20, "kernel_size": 2, "attention_heads": 8}, "parameter_index": 0}',
    index: 0
  },
  placementConstraint: { type: 'None', gpus: [] }
}
[2026-05-20 00:03:36] INFO (LocalV3.local) Created trial FK3JD
[2026-05-20 00:03:38] INFO (LocalV3.local) Trial parameter: FK3JD {"parameter_id": 77, "parameter_source": "algorithm", "parameters": {"model_type": "CNN", "units": 64, "num_layers": 2, "dropout": 0, "activation": "relu", "lr": 0.001096559609262206, "window_size": 15, "batch_size": 16, "epochs": 20, "kernel_size": 2, "attention_heads": 8}, "parameter_index": 0}
[2026-05-20 00:03:50] INFO (NNIManager) Trial job FK3JD status changed from RUNNING to SUCCEEDED
[2026-05-20 00:03:50] INFO (NNIManager) NNIManager received command from dispatcher: TR, {"parameter_id": 78, "parameter_source": "algorithm", "parameters": {"model_type": "TCN", "units": 64, "num_layers": 2, "dropout": 0, "activation": "relu", "lr": 0.0011095260624752658, "window_size": 26, "batch_size": 64, "epochs": 20, "kernel_size": 2, "attention_heads": 8}, "parameter_index": 0}
[2026-05-20 00:03:51] INFO (NNIManager) submitTrialJob: form: {
  sequenceId: 78,
  hyperParameters: {
    value: '{"parameter_id": 78, "parameter_source": "algorithm", "parameters": {"model_type": "TCN", "units": 64, "num_layers": 2, "dropout": 0, "activation": "relu", "lr": 0.0011095260624752658, "window_size": 26, "batch_size": 64, "epochs": 20, "kernel_size": 2, "attention_heads": 8}, "parameter_index": 0}',
    index: 0
  },
  placementConstraint: { type: 'None', gpus: [] }
}
[2026-05-20 00:03:51] INFO (LocalV3.local) Created trial lPmsG
[2026-05-20 00:03:52] INFO (LocalV3.local) Trial parameter: lPmsG {"parameter_id": 78, "parameter_source": "algorithm", "parameters": {"model_type": "TCN", "units": 64, "num_layers": 2, "dropout": 0, "activation": "relu", "lr": 0.0011095260624752658, "window_size": 26, "batch_size": 64, "epochs": 20, "kernel_size": 2, "attention_heads": 8}, "parameter_index": 0}
[2026-05-20 00:03:59] INFO (NNIManager) Trial job lPmsG status changed from RUNNING to SUCCEEDED
[2026-05-20 00:03:59] INFO (NNIManager) NNIManager received command from dispatcher: TR, {"parameter_id": 79, "parameter_source": "algorithm", "parameters": {"model_type": "TCN", "units": 16, "num_layers": 1, "dropout": 0.2, "activation": "relu", "lr": 0.00035677258110057726, "window_size": 15, "batch_size": 16, "epochs": 10, "kernel_size": 7, "attention_heads": 8}, "parameter_index": 0}
[2026-05-20 00:04:00] INFO (NNIManager) submitTrialJob: form: {
  sequenceId: 79,
  hyperParameters: {
    value: '{"parameter_id": 79, "parameter_source": "algorithm", "parameters": {"model_type": "TCN", "units": 16, "num_layers": 1, "dropout": 0.2, "activation": "relu", "lr": 0.00035677258110057726, "window_size": 15, "batch_size": 16, "epochs": 10, "kernel_size": 7, "attention_heads": 8}, "parameter_index": 0}',
    index: 0
  },
  placementConstraint: { type: 'None', gpus: [] }
}
[2026-05-20 00:04:00] INFO (LocalV3.local) Created trial Z2Pu8
[2026-05-20 00:04:00] INFO (NNIManager) Change NNIManager status from: RUNNING to: NO_MORE_TRIAL
[2026-05-20 00:04:02] INFO (LocalV3.local) Trial parameter: Z2Pu8 {"parameter_id": 79, "parameter_source": "algorithm", "parameters": {"model_type": "TCN", "units": 16, "num_layers": 1, "dropout": 0.2, "activation": "relu", "lr": 0.00035677258110057726, "window_size": 15, "batch_size": 16, "epochs": 10, "kernel_size": 7, "attention_heads": 8}, "parameter_index": 0}
[2026-05-20 00:04:08] INFO (NNIManager) Trial job Z2Pu8 status changed from RUNNING to SUCCEEDED
[2026-05-20 00:04:08] INFO (NNIManager) Change NNIManager status from: NO_MORE_TRIAL to: DONE
[2026-05-20 00:04:08] INFO (NNIManager) Experiment done.
[2026-05-20 00:04:11] INFO (ShutdownManager) Initiate shutdown: SIGTERM
[2026-05-20 00:04:11] INFO (RestServer) Stopping REST server.
[2026-05-20 00:04:11] INFO (NNIManager) Change NNIManager status from: DONE to: STOPPING
[2026-05-20 00:04:11] INFO (NNIManager) Stopping experiment, cleaning up ...
[2026-05-20 00:04:11] INFO (RestServer) REST server stopped.
[2026-05-20 00:04:15] INFO (LocalV3.local) All trials stopped
[2026-05-20 00:04:15] INFO (NNIManager) Change NNIManager status from: STOPPING to: STOPPED
[2026-05-20 00:04:15] INFO (NNIManager) Experiment stopped.
[2026-05-20 00:04:15] INFO (NNITensorboardManager) Forced stopping all tensorboard task.
[2026-05-20 00:04:15] INFO (NNITensorboardManager) All tensorboard task stopped.
[2026-05-20 00:04:15] INFO (NNITensorboardManager) Tensorboard manager stopped.
[2026-05-20 00:04:15] INFO (ShutdownManager) Shutdown complete.
