[2026-05-20 11:44:45] INFO (main) Start NNI manager
[2026-05-20 11:44:45] INFO (RestServer) Starting REST server at port 8278, URL prefix: "/"
[2026-05-20 11:44:45] INFO (RestServer) REST server started.
[2026-05-20 11:44:46] INFO (NNIDataStore) Datastore initialization done
[2026-05-20 11:44:46] INFO (NNIManager) Starting experiment: ru0mnh12
[2026-05-20 11:44:46] INFO (NNIManager) Setup training service...
[2026-05-20 11:44:46] INFO (NNIManager) Setup tuner...
[2026-05-20 11:44:46] INFO (NNIManager) Change NNIManager status from: INITIALIZED to: RUNNING
[2026-05-20 11:44:47] INFO (NNIManager) Add event listeners
[2026-05-20 11:44:47] INFO (LocalV3.local) Start
[2026-05-20 11:44:47] INFO (NNIManager) NNIManager received command from dispatcher: ID, 
[2026-05-20 11:44:47] INFO (NNIManager) NNIManager received command from dispatcher: TR, {"parameter_id": 0, "parameter_source": "algorithm", "parameters": {"model_type": "MLP", "units": 16, "num_layers": 1, "dropout": 0.5, "activation": "elu", "lr": 0.0007487186731645538, "window_size": 8, "batch_size": 16, "epochs": 20, "kernel_size": 7, "attention_heads": 8}, "parameter_index": 0}
[2026-05-20 11:44:48] INFO (NNIManager) submitTrialJob: form: {
  sequenceId: 0,
  hyperParameters: {
    value: '{"parameter_id": 0, "parameter_source": "algorithm", "parameters": {"model_type": "MLP", "units": 16, "num_layers": 1, "dropout": 0.5, "activation": "elu", "lr": 0.0007487186731645538, "window_size": 8, "batch_size": 16, "epochs": 20, "kernel_size": 7, "attention_heads": 8}, "parameter_index": 0}',
    index: 0
  },
  placementConstraint: { type: 'None', gpus: [] }
}
[2026-05-20 11:44:48] INFO (LocalV3.local) Register directory trial_code = /home/meliani/Desktop/phd/fast-track
[2026-05-20 11:44:48] INFO (LocalV3.local) Created trial Yqufj
[2026-05-20 11:44:50] INFO (LocalV3.local) Trial parameter: Yqufj {"parameter_id": 0, "parameter_source": "algorithm", "parameters": {"model_type": "MLP", "units": 16, "num_layers": 1, "dropout": 0.5, "activation": "elu", "lr": 0.0007487186731645538, "window_size": 8, "batch_size": 16, "epochs": 20, "kernel_size": 7, "attention_heads": 8}, "parameter_index": 0}
[2026-05-20 11:44:55] INFO (NNIManager) Trial job Yqufj status changed from RUNNING to SUCCEEDED
[2026-05-20 11:44:55] INFO (NNIManager) NNIManager received command from dispatcher: TR, {"parameter_id": 1, "parameter_source": "algorithm", "parameters": {"model_type": "LSTM", "units": 128, "num_layers": 4, "dropout": 0.1, "activation": "tanh", "lr": 0.00012861006518130548, "window_size": 27, "batch_size": 128, "epochs": 20, "kernel_size": 7, "attention_heads": 2}, "parameter_index": 0}
[2026-05-20 11:44:56] INFO (NNIManager) submitTrialJob: form: {
  sequenceId: 1,
  hyperParameters: {
    value: '{"parameter_id": 1, "parameter_source": "algorithm", "parameters": {"model_type": "LSTM", "units": 128, "num_layers": 4, "dropout": 0.1, "activation": "tanh", "lr": 0.00012861006518130548, "window_size": 27, "batch_size": 128, "epochs": 20, "kernel_size": 7, "attention_heads": 2}, "parameter_index": 0}',
    index: 0
  },
  placementConstraint: { type: 'None', gpus: [] }
}
[2026-05-20 11:44:56] INFO (LocalV3.local) Created trial leoli
[2026-05-20 11:44:58] INFO (LocalV3.local) Trial parameter: leoli {"parameter_id": 1, "parameter_source": "algorithm", "parameters": {"model_type": "LSTM", "units": 128, "num_layers": 4, "dropout": 0.1, "activation": "tanh", "lr": 0.00012861006518130548, "window_size": 27, "batch_size": 128, "epochs": 20, "kernel_size": 7, "attention_heads": 2}, "parameter_index": 0}
[2026-05-20 11:46:50] INFO (NNIManager) Trial job leoli status changed from RUNNING to SUCCEEDED
[2026-05-20 11:46:50] INFO (NNIManager) NNIManager received command from dispatcher: TR, {"parameter_id": 2, "parameter_source": "algorithm", "parameters": {"model_type": "Transformer", "units": 128, "num_layers": 2, "dropout": 0, "activation": "tanh", "lr": 0.0007470411395876876, "window_size": 15, "batch_size": 128, "epochs": 5, "kernel_size": 2, "attention_heads": 8}, "parameter_index": 0}
[2026-05-20 11:46:50] INFO (NNIManager) submitTrialJob: form: {
  sequenceId: 2,
  hyperParameters: {
    value: '{"parameter_id": 2, "parameter_source": "algorithm", "parameters": {"model_type": "Transformer", "units": 128, "num_layers": 2, "dropout": 0, "activation": "tanh", "lr": 0.0007470411395876876, "window_size": 15, "batch_size": 128, "epochs": 5, "kernel_size": 2, "attention_heads": 8}, "parameter_index": 0}',
    index: 0
  },
  placementConstraint: { type: 'None', gpus: [] }
}
[2026-05-20 11:46:50] INFO (LocalV3.local) Created trial mNBQq
[2026-05-20 11:46:52] INFO (LocalV3.local) Trial parameter: mNBQq {"parameter_id": 2, "parameter_source": "algorithm", "parameters": {"model_type": "Transformer", "units": 128, "num_layers": 2, "dropout": 0, "activation": "tanh", "lr": 0.0007470411395876876, "window_size": 15, "batch_size": 128, "epochs": 5, "kernel_size": 2, "attention_heads": 8}, "parameter_index": 0}
[2026-05-20 11:47:07] INFO (NNIManager) Trial job mNBQq status changed from RUNNING to SUCCEEDED
[2026-05-20 11:47:07] INFO (NNIManager) NNIManager received command from dispatcher: TR, {"parameter_id": 3, "parameter_source": "algorithm", "parameters": {"model_type": "TCN", "units": 128, "num_layers": 1, "dropout": 0.2, "activation": "sigmoid", "lr": 0.000483198121331864, "window_size": 15, "batch_size": 32, "epochs": 15, "kernel_size": 3, "attention_heads": 4}, "parameter_index": 0}
[2026-05-20 11:47:07] INFO (NNIManager) submitTrialJob: form: {
  sequenceId: 3,
  hyperParameters: {
    value: '{"parameter_id": 3, "parameter_source": "algorithm", "parameters": {"model_type": "TCN", "units": 128, "num_layers": 1, "dropout": 0.2, "activation": "sigmoid", "lr": 0.000483198121331864, "window_size": 15, "batch_size": 32, "epochs": 15, "kernel_size": 3, "attention_heads": 4}, "parameter_index": 0}',
    index: 0
  },
  placementConstraint: { type: 'None', gpus: [] }
}
[2026-05-20 11:47:07] INFO (LocalV3.local) Created trial HJZ2a
[2026-05-20 11:47:09] INFO (LocalV3.local) Trial parameter: HJZ2a {"parameter_id": 3, "parameter_source": "algorithm", "parameters": {"model_type": "TCN", "units": 128, "num_layers": 1, "dropout": 0.2, "activation": "sigmoid", "lr": 0.000483198121331864, "window_size": 15, "batch_size": 32, "epochs": 15, "kernel_size": 3, "attention_heads": 4}, "parameter_index": 0}
[2026-05-20 11:47:15] INFO (NNIManager) Trial job HJZ2a status changed from RUNNING to SUCCEEDED
[2026-05-20 11:47:15] INFO (NNIManager) NNIManager received command from dispatcher: TR, {"parameter_id": 4, "parameter_source": "algorithm", "parameters": {"model_type": "TCN", "units": 256, "num_layers": 2, "dropout": 0.3, "activation": "elu", "lr": 4.780839590921272e-05, "window_size": 25, "batch_size": 64, "epochs": 5, "kernel_size": 5, "attention_heads": 8}, "parameter_index": 0}
[2026-05-20 11:47:16] INFO (NNIManager) submitTrialJob: form: {
  sequenceId: 4,
  hyperParameters: {
    value: '{"parameter_id": 4, "parameter_source": "algorithm", "parameters": {"model_type": "TCN", "units": 256, "num_layers": 2, "dropout": 0.3, "activation": "elu", "lr": 4.780839590921272e-05, "window_size": 25, "batch_size": 64, "epochs": 5, "kernel_size": 5, "attention_heads": 8}, "parameter_index": 0}',
    index: 0
  },
  placementConstraint: { type: 'None', gpus: [] }
}
[2026-05-20 11:47:16] INFO (LocalV3.local) Created trial TA0Xe
[2026-05-20 11:47:17] INFO (LocalV3.local) Trial parameter: TA0Xe {"parameter_id": 4, "parameter_source": "algorithm", "parameters": {"model_type": "TCN", "units": 256, "num_layers": 2, "dropout": 0.3, "activation": "elu", "lr": 4.780839590921272e-05, "window_size": 25, "batch_size": 64, "epochs": 5, "kernel_size": 5, "attention_heads": 8}, "parameter_index": 0}
[2026-05-20 11:47:26] INFO (NNIManager) Trial job TA0Xe status changed from RUNNING to SUCCEEDED
[2026-05-20 11:47:26] INFO (NNIManager) NNIManager received command from dispatcher: TR, {"parameter_id": 5, "parameter_source": "algorithm", "parameters": {"model_type": "RNN", "units": 128, "num_layers": 4, "dropout": 0.3, "activation": "tanh", "lr": 1.4438865085937951e-05, "window_size": 12, "batch_size": 128, "epochs": 15, "kernel_size": 5, "attention_heads": 4}, "parameter_index": 0}
[2026-05-20 11:47:26] INFO (NNIManager) submitTrialJob: form: {
  sequenceId: 5,
  hyperParameters: {
    value: '{"parameter_id": 5, "parameter_source": "algorithm", "parameters": {"model_type": "RNN", "units": 128, "num_layers": 4, "dropout": 0.3, "activation": "tanh", "lr": 1.4438865085937951e-05, "window_size": 12, "batch_size": 128, "epochs": 15, "kernel_size": 5, "attention_heads": 4}, "parameter_index": 0}',
    index: 0
  },
  placementConstraint: { type: 'None', gpus: [] }
}
[2026-05-20 11:47:26] INFO (LocalV3.local) Created trial CG6AN
[2026-05-20 11:47:28] INFO (LocalV3.local) Trial parameter: CG6AN {"parameter_id": 5, "parameter_source": "algorithm", "parameters": {"model_type": "RNN", "units": 128, "num_layers": 4, "dropout": 0.3, "activation": "tanh", "lr": 1.4438865085937951e-05, "window_size": 12, "batch_size": 128, "epochs": 15, "kernel_size": 5, "attention_heads": 4}, "parameter_index": 0}
[2026-05-20 11:47:45] INFO (NNIManager) Trial job CG6AN status changed from RUNNING to SUCCEEDED
[2026-05-20 11:47:45] INFO (NNIManager) NNIManager received command from dispatcher: TR, {"parameter_id": 6, "parameter_source": "algorithm", "parameters": {"model_type": "LSTM", "units": 256, "num_layers": 4, "dropout": 0.1, "activation": "elu", "lr": 0.001352284786919593, "window_size": 13, "batch_size": 16, "epochs": 10, "kernel_size": 7, "attention_heads": 4}, "parameter_index": 0}
[2026-05-20 11:47:46] INFO (NNIManager) submitTrialJob: form: {
  sequenceId: 6,
  hyperParameters: {
    value: '{"parameter_id": 6, "parameter_source": "algorithm", "parameters": {"model_type": "LSTM", "units": 256, "num_layers": 4, "dropout": 0.1, "activation": "elu", "lr": 0.001352284786919593, "window_size": 13, "batch_size": 16, "epochs": 10, "kernel_size": 7, "attention_heads": 4}, "parameter_index": 0}',
    index: 0
  },
  placementConstraint: { type: 'None', gpus: [] }
}
[2026-05-20 11:47:46] INFO (LocalV3.local) Created trial EzHfk
[2026-05-20 11:47:47] INFO (LocalV3.local) Trial parameter: EzHfk {"parameter_id": 6, "parameter_source": "algorithm", "parameters": {"model_type": "LSTM", "units": 256, "num_layers": 4, "dropout": 0.1, "activation": "elu", "lr": 0.001352284786919593, "window_size": 13, "batch_size": 16, "epochs": 10, "kernel_size": 7, "attention_heads": 4}, "parameter_index": 0}
[2026-05-20 11:50:30] INFO (NNIManager) Trial job EzHfk status changed from RUNNING to SUCCEEDED
[2026-05-20 11:50:30] INFO (NNIManager) NNIManager received command from dispatcher: TR, {"parameter_id": 7, "parameter_source": "algorithm", "parameters": {"model_type": "GRU", "units": 16, "num_layers": 1, "dropout": 0.2, "activation": "relu", "lr": 0.0004631748612587614, "window_size": 17, "batch_size": 16, "epochs": 10, "kernel_size": 2, "attention_heads": 2}, "parameter_index": 0}
[2026-05-20 11:50:31] INFO (NNIManager) submitTrialJob: form: {
  sequenceId: 7,
  hyperParameters: {
    value: '{"parameter_id": 7, "parameter_source": "algorithm", "parameters": {"model_type": "GRU", "units": 16, "num_layers": 1, "dropout": 0.2, "activation": "relu", "lr": 0.0004631748612587614, "window_size": 17, "batch_size": 16, "epochs": 10, "kernel_size": 2, "attention_heads": 2}, "parameter_index": 0}',
    index: 0
  },
  placementConstraint: { type: 'None', gpus: [] }
}
[2026-05-20 11:50:31] INFO (LocalV3.local) Created trial cyZDj
[2026-05-20 11:50:32] INFO (LocalV3.local) Trial parameter: cyZDj {"parameter_id": 7, "parameter_source": "algorithm", "parameters": {"model_type": "GRU", "units": 16, "num_layers": 1, "dropout": 0.2, "activation": "relu", "lr": 0.0004631748612587614, "window_size": 17, "batch_size": 16, "epochs": 10, "kernel_size": 2, "attention_heads": 2}, "parameter_index": 0}
[2026-05-20 11:50:48] INFO (NNIManager) Trial job cyZDj status changed from RUNNING to SUCCEEDED
[2026-05-20 11:50:48] INFO (NNIManager) NNIManager received command from dispatcher: TR, {"parameter_id": 8, "parameter_source": "algorithm", "parameters": {"model_type": "TCN", "units": 128, "num_layers": 4, "dropout": 0.5, "activation": "tanh", "lr": 0.008866657342400172, "window_size": 24, "batch_size": 64, "epochs": 20, "kernel_size": 5, "attention_heads": 8}, "parameter_index": 0}
[2026-05-20 11:50:48] INFO (NNIManager) submitTrialJob: form: {
  sequenceId: 8,
  hyperParameters: {
    value: '{"parameter_id": 8, "parameter_source": "algorithm", "parameters": {"model_type": "TCN", "units": 128, "num_layers": 4, "dropout": 0.5, "activation": "tanh", "lr": 0.008866657342400172, "window_size": 24, "batch_size": 64, "epochs": 20, "kernel_size": 5, "attention_heads": 8}, "parameter_index": 0}',
    index: 0
  },
  placementConstraint: { type: 'None', gpus: [] }
}
[2026-05-20 11:50:48] INFO (LocalV3.local) Created trial cxeYE
[2026-05-20 11:50:50] INFO (LocalV3.local) Trial parameter: cxeYE {"parameter_id": 8, "parameter_source": "algorithm", "parameters": {"model_type": "TCN", "units": 128, "num_layers": 4, "dropout": 0.5, "activation": "tanh", "lr": 0.008866657342400172, "window_size": 24, "batch_size": 64, "epochs": 20, "kernel_size": 5, "attention_heads": 8}, "parameter_index": 0}
[2026-05-20 11:51:19] INFO (NNIManager) Trial job cxeYE status changed from RUNNING to SUCCEEDED
[2026-05-20 11:51:19] INFO (NNIManager) NNIManager received command from dispatcher: TR, {"parameter_id": 9, "parameter_source": "algorithm", "parameters": {"model_type": "Transformer", "units": 256, "num_layers": 2, "dropout": 0.2, "activation": "relu", "lr": 0.0014708755736528648, "window_size": 5, "batch_size": 32, "epochs": 5, "kernel_size": 7, "attention_heads": 4}, "parameter_index": 0}
[2026-05-20 11:51:20] INFO (NNIManager) submitTrialJob: form: {
  sequenceId: 9,
  hyperParameters: {
    value: '{"parameter_id": 9, "parameter_source": "algorithm", "parameters": {"model_type": "Transformer", "units": 256, "num_layers": 2, "dropout": 0.2, "activation": "relu", "lr": 0.0014708755736528648, "window_size": 5, "batch_size": 32, "epochs": 5, "kernel_size": 7, "attention_heads": 4}, "parameter_index": 0}',
    index: 0
  },
  placementConstraint: { type: 'None', gpus: [] }
}
[2026-05-20 11:51:20] INFO (LocalV3.local) Created trial fYLIt
[2026-05-20 11:51:21] INFO (LocalV3.local) Trial parameter: fYLIt {"parameter_id": 9, "parameter_source": "algorithm", "parameters": {"model_type": "Transformer", "units": 256, "num_layers": 2, "dropout": 0.2, "activation": "relu", "lr": 0.0014708755736528648, "window_size": 5, "batch_size": 32, "epochs": 5, "kernel_size": 7, "attention_heads": 4}, "parameter_index": 0}
[2026-05-20 11:51:41] INFO (NNIManager) Trial job fYLIt status changed from RUNNING to SUCCEEDED
[2026-05-20 11:51:41] INFO (NNIManager) NNIManager received command from dispatcher: TR, {"parameter_id": 10, "parameter_source": "algorithm", "parameters": {"model_type": "TCN", "units": 64, "num_layers": 3, "dropout": 0.3, "activation": "tanh", "lr": 7.207077081715566e-05, "window_size": 10, "batch_size": 16, "epochs": 10, "kernel_size": 3, "attention_heads": 8}, "parameter_index": 0}
[2026-05-20 11:51:41] INFO (NNIManager) submitTrialJob: form: {
  sequenceId: 10,
  hyperParameters: {
    value: '{"parameter_id": 10, "parameter_source": "algorithm", "parameters": {"model_type": "TCN", "units": 64, "num_layers": 3, "dropout": 0.3, "activation": "tanh", "lr": 7.207077081715566e-05, "window_size": 10, "batch_size": 16, "epochs": 10, "kernel_size": 3, "attention_heads": 8}, "parameter_index": 0}',
    index: 0
  },
  placementConstraint: { type: 'None', gpus: [] }
}
[2026-05-20 11:51:41] INFO (LocalV3.local) Created trial yiCST
[2026-05-20 11:51:43] INFO (LocalV3.local) Trial parameter: yiCST {"parameter_id": 10, "parameter_source": "algorithm", "parameters": {"model_type": "TCN", "units": 64, "num_layers": 3, "dropout": 0.3, "activation": "tanh", "lr": 7.207077081715566e-05, "window_size": 10, "batch_size": 16, "epochs": 10, "kernel_size": 3, "attention_heads": 8}, "parameter_index": 0}
[2026-05-20 11:51:51] INFO (NNIManager) Trial job yiCST status changed from RUNNING to SUCCEEDED
[2026-05-20 11:51:51] INFO (NNIManager) NNIManager received command from dispatcher: TR, {"parameter_id": 11, "parameter_source": "algorithm", "parameters": {"model_type": "MLP", "units": 128, "num_layers": 4, "dropout": 0.5, "activation": "elu", "lr": 5.38324579476769e-05, "window_size": 25, "batch_size": 64, "epochs": 15, "kernel_size": 5, "attention_heads": 8}, "parameter_index": 0}
[2026-05-20 11:51:52] INFO (NNIManager) submitTrialJob: form: {
  sequenceId: 11,
  hyperParameters: {
    value: '{"parameter_id": 11, "parameter_source": "algorithm", "parameters": {"model_type": "MLP", "units": 128, "num_layers": 4, "dropout": 0.5, "activation": "elu", "lr": 5.38324579476769e-05, "window_size": 25, "batch_size": 64, "epochs": 15, "kernel_size": 5, "attention_heads": 8}, "parameter_index": 0}',
    index: 0
  },
  placementConstraint: { type: 'None', gpus: [] }
}
[2026-05-20 11:51:52] INFO (LocalV3.local) Created trial jSb3p
[2026-05-20 11:51:53] INFO (LocalV3.local) Trial parameter: jSb3p {"parameter_id": 11, "parameter_source": "algorithm", "parameters": {"model_type": "MLP", "units": 128, "num_layers": 4, "dropout": 0.5, "activation": "elu", "lr": 5.38324579476769e-05, "window_size": 25, "batch_size": 64, "epochs": 15, "kernel_size": 5, "attention_heads": 8}, "parameter_index": 0}
[2026-05-20 11:51:58] INFO (NNIManager) Trial job jSb3p status changed from RUNNING to SUCCEEDED
[2026-05-20 11:51:58] INFO (NNIManager) NNIManager received command from dispatcher: TR, {"parameter_id": 12, "parameter_source": "algorithm", "parameters": {"model_type": "TCN", "units": 16, "num_layers": 4, "dropout": 0, "activation": "relu", "lr": 0.0044475934420144456, "window_size": 8, "batch_size": 128, "epochs": 10, "kernel_size": 3, "attention_heads": 8}, "parameter_index": 0}
[2026-05-20 11:51:59] INFO (NNIManager) submitTrialJob: form: {
  sequenceId: 12,
  hyperParameters: {
    value: '{"parameter_id": 12, "parameter_source": "algorithm", "parameters": {"model_type": "TCN", "units": 16, "num_layers": 4, "dropout": 0, "activation": "relu", "lr": 0.0044475934420144456, "window_size": 8, "batch_size": 128, "epochs": 10, "kernel_size": 3, "attention_heads": 8}, "parameter_index": 0}',
    index: 0
  },
  placementConstraint: { type: 'None', gpus: [] }
}
[2026-05-20 11:51:59] INFO (LocalV3.local) Created trial humId
[2026-05-20 11:52:00] INFO (LocalV3.local) Trial parameter: humId {"parameter_id": 12, "parameter_source": "algorithm", "parameters": {"model_type": "TCN", "units": 16, "num_layers": 4, "dropout": 0, "activation": "relu", "lr": 0.0044475934420144456, "window_size": 8, "batch_size": 128, "epochs": 10, "kernel_size": 3, "attention_heads": 8}, "parameter_index": 0}
[2026-05-20 11:52:04] INFO (NNIManager) Trial job humId status changed from RUNNING to SUCCEEDED
[2026-05-20 11:52:04] INFO (NNIManager) NNIManager received command from dispatcher: TR, {"parameter_id": 13, "parameter_source": "algorithm", "parameters": {"model_type": "MLP", "units": 32, "num_layers": 3, "dropout": 0, "activation": "sigmoid", "lr": 0.009778909049641802, "window_size": 6, "batch_size": 128, "epochs": 20, "kernel_size": 5, "attention_heads": 4}, "parameter_index": 0}
[2026-05-20 11:52:04] INFO (NNIManager) submitTrialJob: form: {
  sequenceId: 13,
  hyperParameters: {
    value: '{"parameter_id": 13, "parameter_source": "algorithm", "parameters": {"model_type": "MLP", "units": 32, "num_layers": 3, "dropout": 0, "activation": "sigmoid", "lr": 0.009778909049641802, "window_size": 6, "batch_size": 128, "epochs": 20, "kernel_size": 5, "attention_heads": 4}, "parameter_index": 0}',
    index: 0
  },
  placementConstraint: { type: 'None', gpus: [] }
}
[2026-05-20 11:52:04] INFO (LocalV3.local) Created trial hrUEr
[2026-05-20 11:52:06] INFO (LocalV3.local) Trial parameter: hrUEr {"parameter_id": 13, "parameter_source": "algorithm", "parameters": {"model_type": "MLP", "units": 32, "num_layers": 3, "dropout": 0, "activation": "sigmoid", "lr": 0.009778909049641802, "window_size": 6, "batch_size": 128, "epochs": 20, "kernel_size": 5, "attention_heads": 4}, "parameter_index": 0}
[2026-05-20 11:52:10] INFO (NNIManager) Trial job hrUEr status changed from RUNNING to SUCCEEDED
[2026-05-20 11:52:10] INFO (NNIManager) NNIManager received command from dispatcher: TR, {"parameter_id": 14, "parameter_source": "algorithm", "parameters": {"model_type": "GRU", "units": 32, "num_layers": 4, "dropout": 0.5, "activation": "elu", "lr": 0.008896906503942583, "window_size": 23, "batch_size": 32, "epochs": 15, "kernel_size": 2, "attention_heads": 2}, "parameter_index": 0}
[2026-05-20 11:52:10] INFO (NNIManager) submitTrialJob: form: {
  sequenceId: 14,
  hyperParameters: {
    value: '{"parameter_id": 14, "parameter_source": "algorithm", "parameters": {"model_type": "GRU", "units": 32, "num_layers": 4, "dropout": 0.5, "activation": "elu", "lr": 0.008896906503942583, "window_size": 23, "batch_size": 32, "epochs": 15, "kernel_size": 2, "attention_heads": 2}, "parameter_index": 0}',
    index: 0
  },
  placementConstraint: { type: 'None', gpus: [] }
}
[2026-05-20 11:52:10] INFO (LocalV3.local) Created trial qp6Q7
[2026-05-20 11:52:12] INFO (LocalV3.local) Trial parameter: qp6Q7 {"parameter_id": 14, "parameter_source": "algorithm", "parameters": {"model_type": "GRU", "units": 32, "num_layers": 4, "dropout": 0.5, "activation": "elu", "lr": 0.008896906503942583, "window_size": 23, "batch_size": 32, "epochs": 15, "kernel_size": 2, "attention_heads": 2}, "parameter_index": 0}
[2026-05-20 11:53:03] INFO (NNIManager) Trial job qp6Q7 status changed from RUNNING to SUCCEEDED
[2026-05-20 11:53:03] INFO (NNIManager) NNIManager received command from dispatcher: TR, {"parameter_id": 15, "parameter_source": "algorithm", "parameters": {"model_type": "GRU", "units": 64, "num_layers": 1, "dropout": 0.2, "activation": "sigmoid", "lr": 0.0001932593803976518, "window_size": 22, "batch_size": 64, "epochs": 20, "kernel_size": 7, "attention_heads": 8}, "parameter_index": 0}
[2026-05-20 11:53:04] INFO (NNIManager) submitTrialJob: form: {
  sequenceId: 15,
  hyperParameters: {
    value: '{"parameter_id": 15, "parameter_source": "algorithm", "parameters": {"model_type": "GRU", "units": 64, "num_layers": 1, "dropout": 0.2, "activation": "sigmoid", "lr": 0.0001932593803976518, "window_size": 22, "batch_size": 64, "epochs": 20, "kernel_size": 7, "attention_heads": 8}, "parameter_index": 0}',
    index: 0
  },
  placementConstraint: { type: 'None', gpus: [] }
}
[2026-05-20 11:53:04] INFO (LocalV3.local) Created trial jTOby
[2026-05-20 11:53:06] INFO (LocalV3.local) Trial parameter: jTOby {"parameter_id": 15, "parameter_source": "algorithm", "parameters": {"model_type": "GRU", "units": 64, "num_layers": 1, "dropout": 0.2, "activation": "sigmoid", "lr": 0.0001932593803976518, "window_size": 22, "batch_size": 64, "epochs": 20, "kernel_size": 7, "attention_heads": 8}, "parameter_index": 0}
[2026-05-20 11:53:22] INFO (NNIManager) Trial job jTOby status changed from RUNNING to SUCCEEDED
[2026-05-20 11:53:22] INFO (NNIManager) NNIManager received command from dispatcher: TR, {"parameter_id": 16, "parameter_source": "algorithm", "parameters": {"model_type": "CNN", "units": 32, "num_layers": 3, "dropout": 0.2, "activation": "elu", "lr": 1.0033261025492018e-05, "window_size": 21, "batch_size": 32, "epochs": 10, "kernel_size": 7, "attention_heads": 4}, "parameter_index": 0}
[2026-05-20 11:53:22] INFO (NNIManager) submitTrialJob: form: {
  sequenceId: 16,
  hyperParameters: {
    value: '{"parameter_id": 16, "parameter_source": "algorithm", "parameters": {"model_type": "CNN", "units": 32, "num_layers": 3, "dropout": 0.2, "activation": "elu", "lr": 1.0033261025492018e-05, "window_size": 21, "batch_size": 32, "epochs": 10, "kernel_size": 7, "attention_heads": 4}, "parameter_index": 0}',
    index: 0
  },
  placementConstraint: { type: 'None', gpus: [] }
}
[2026-05-20 11:53:22] INFO (LocalV3.local) Created trial DICz8
[2026-05-20 11:53:24] INFO (LocalV3.local) Trial parameter: DICz8 {"parameter_id": 16, "parameter_source": "algorithm", "parameters": {"model_type": "CNN", "units": 32, "num_layers": 3, "dropout": 0.2, "activation": "elu", "lr": 1.0033261025492018e-05, "window_size": 21, "batch_size": 32, "epochs": 10, "kernel_size": 7, "attention_heads": 4}, "parameter_index": 0}
[2026-05-20 11:53:30] INFO (NNIManager) Trial job DICz8 status changed from RUNNING to SUCCEEDED
[2026-05-20 11:53:30] INFO (NNIManager) NNIManager received command from dispatcher: TR, {"parameter_id": 17, "parameter_source": "algorithm", "parameters": {"model_type": "CNN", "units": 64, "num_layers": 2, "dropout": 0.1, "activation": "elu", "lr": 0.0014422760624315523, "window_size": 23, "batch_size": 64, "epochs": 15, "kernel_size": 5, "attention_heads": 4}, "parameter_index": 0}
[2026-05-20 11:53:30] INFO (NNIManager) submitTrialJob: form: {
  sequenceId: 17,
  hyperParameters: {
    value: '{"parameter_id": 17, "parameter_source": "algorithm", "parameters": {"model_type": "CNN", "units": 64, "num_layers": 2, "dropout": 0.1, "activation": "elu", "lr": 0.0014422760624315523, "window_size": 23, "batch_size": 64, "epochs": 15, "kernel_size": 5, "attention_heads": 4}, "parameter_index": 0}',
    index: 0
  },
  placementConstraint: { type: 'None', gpus: [] }
}
[2026-05-20 11:53:30] INFO (LocalV3.local) Created trial Xr2tb
[2026-05-20 11:53:32] INFO (LocalV3.local) Trial parameter: Xr2tb {"parameter_id": 17, "parameter_source": "algorithm", "parameters": {"model_type": "CNN", "units": 64, "num_layers": 2, "dropout": 0.1, "activation": "elu", "lr": 0.0014422760624315523, "window_size": 23, "batch_size": 64, "epochs": 15, "kernel_size": 5, "attention_heads": 4}, "parameter_index": 0}
[2026-05-20 11:53:38] INFO (NNIManager) Trial job Xr2tb status changed from RUNNING to SUCCEEDED
[2026-05-20 11:53:38] INFO (NNIManager) NNIManager received command from dispatcher: TR, {"parameter_id": 18, "parameter_source": "algorithm", "parameters": {"model_type": "GRU", "units": 256, "num_layers": 1, "dropout": 0.2, "activation": "relu", "lr": 0.0003418423164654747, "window_size": 28, "batch_size": 128, "epochs": 15, "kernel_size": 3, "attention_heads": 2}, "parameter_index": 0}
[2026-05-20 11:53:38] INFO (NNIManager) submitTrialJob: form: {
  sequenceId: 18,
  hyperParameters: {
    value: '{"parameter_id": 18, "parameter_source": "algorithm", "parameters": {"model_type": "GRU", "units": 256, "num_layers": 1, "dropout": 0.2, "activation": "relu", "lr": 0.0003418423164654747, "window_size": 28, "batch_size": 128, "epochs": 15, "kernel_size": 3, "attention_heads": 2}, "parameter_index": 0}',
    index: 0
  },
  placementConstraint: { type: 'None', gpus: [] }
}
[2026-05-20 11:53:38] INFO (LocalV3.local) Created trial Mrkmi
[2026-05-20 11:53:40] INFO (LocalV3.local) Trial parameter: Mrkmi {"parameter_id": 18, "parameter_source": "algorithm", "parameters": {"model_type": "GRU", "units": 256, "num_layers": 1, "dropout": 0.2, "activation": "relu", "lr": 0.0003418423164654747, "window_size": 28, "batch_size": 128, "epochs": 15, "kernel_size": 3, "attention_heads": 2}, "parameter_index": 0}
[2026-05-20 11:54:35] INFO (NNIManager) Trial job Mrkmi status changed from RUNNING to SUCCEEDED
[2026-05-20 11:54:35] INFO (NNIManager) NNIManager received command from dispatcher: TR, {"parameter_id": 19, "parameter_source": "algorithm", "parameters": {"model_type": "RNN", "units": 128, "num_layers": 3, "dropout": 0.5, "activation": "elu", "lr": 0.0002584843724553894, "window_size": 15, "batch_size": 128, "epochs": 20, "kernel_size": 2, "attention_heads": 4}, "parameter_index": 0}
[2026-05-20 11:54:35] INFO (NNIManager) submitTrialJob: form: {
  sequenceId: 19,
  hyperParameters: {
    value: '{"parameter_id": 19, "parameter_source": "algorithm", "parameters": {"model_type": "RNN", "units": 128, "num_layers": 3, "dropout": 0.5, "activation": "elu", "lr": 0.0002584843724553894, "window_size": 15, "batch_size": 128, "epochs": 20, "kernel_size": 2, "attention_heads": 4}, "parameter_index": 0}',
    index: 0
  },
  placementConstraint: { type: 'None', gpus: [] }
}
[2026-05-20 11:54:35] INFO (LocalV3.local) Created trial B9K2X
[2026-05-20 11:54:37] INFO (LocalV3.local) Trial parameter: B9K2X {"parameter_id": 19, "parameter_source": "algorithm", "parameters": {"model_type": "RNN", "units": 128, "num_layers": 3, "dropout": 0.5, "activation": "elu", "lr": 0.0002584843724553894, "window_size": 15, "batch_size": 128, "epochs": 20, "kernel_size": 2, "attention_heads": 4}, "parameter_index": 0}
[2026-05-20 11:54:57] INFO (NNIManager) Trial job B9K2X status changed from RUNNING to SUCCEEDED
[2026-05-20 11:54:57] INFO (NNIManager) NNIManager received command from dispatcher: TR, {"parameter_id": 20, "parameter_source": "algorithm", "parameters": {"model_type": "RNN", "units": 128, "num_layers": 1, "dropout": 0.5, "activation": "sigmoid", "lr": 0.0019466861355427138, "window_size": 18, "batch_size": 128, "epochs": 10, "kernel_size": 3, "attention_heads": 4}, "parameter_index": 0}
[2026-05-20 11:54:57] INFO (NNIManager) submitTrialJob: form: {
  sequenceId: 20,
  hyperParameters: {
    value: '{"parameter_id": 20, "parameter_source": "algorithm", "parameters": {"model_type": "RNN", "units": 128, "num_layers": 1, "dropout": 0.5, "activation": "sigmoid", "lr": 0.0019466861355427138, "window_size": 18, "batch_size": 128, "epochs": 10, "kernel_size": 3, "attention_heads": 4}, "parameter_index": 0}',
    index: 0
  },
  placementConstraint: { type: 'None', gpus: [] }
}
[2026-05-20 11:54:57] INFO (LocalV3.local) Created trial E2S0N
[2026-05-20 11:54:59] INFO (LocalV3.local) Trial parameter: E2S0N {"parameter_id": 20, "parameter_source": "algorithm", "parameters": {"model_type": "RNN", "units": 128, "num_layers": 1, "dropout": 0.5, "activation": "sigmoid", "lr": 0.0019466861355427138, "window_size": 18, "batch_size": 128, "epochs": 10, "kernel_size": 3, "attention_heads": 4}, "parameter_index": 0}
[2026-05-20 11:55:04] INFO (NNIManager) Trial job E2S0N status changed from RUNNING to SUCCEEDED
[2026-05-20 11:55:04] INFO (NNIManager) NNIManager received command from dispatcher: TR, {"parameter_id": 21, "parameter_source": "algorithm", "parameters": {"model_type": "LSTM", "units": 32, "num_layers": 2, "dropout": 0.1, "activation": "sigmoid", "lr": 0.0008293005359606311, "window_size": 7, "batch_size": 64, "epochs": 5, "kernel_size": 5, "attention_heads": 2}, "parameter_index": 0}
[2026-05-20 11:55:05] INFO (NNIManager) submitTrialJob: form: {
  sequenceId: 21,
  hyperParameters: {
    value: '{"parameter_id": 21, "parameter_source": "algorithm", "parameters": {"model_type": "LSTM", "units": 32, "num_layers": 2, "dropout": 0.1, "activation": "sigmoid", "lr": 0.0008293005359606311, "window_size": 7, "batch_size": 64, "epochs": 5, "kernel_size": 5, "attention_heads": 2}, "parameter_index": 0}',
    index: 0
  },
  placementConstraint: { type: 'None', gpus: [] }
}
[2026-05-20 11:55:05] INFO (LocalV3.local) Created trial XTuFD
[2026-05-20 11:55:06] INFO (LocalV3.local) Trial parameter: XTuFD {"parameter_id": 21, "parameter_source": "algorithm", "parameters": {"model_type": "LSTM", "units": 32, "num_layers": 2, "dropout": 0.1, "activation": "sigmoid", "lr": 0.0008293005359606311, "window_size": 7, "batch_size": 64, "epochs": 5, "kernel_size": 5, "attention_heads": 2}, "parameter_index": 0}
[2026-05-20 11:55:13] INFO (NNIManager) Trial job XTuFD status changed from RUNNING to SUCCEEDED
[2026-05-20 11:55:13] INFO (NNIManager) NNIManager received command from dispatcher: TR, {"parameter_id": 22, "parameter_source": "algorithm", "parameters": {"model_type": "TCN", "units": 16, "num_layers": 4, "dropout": 0.2, "activation": "elu", "lr": 0.0011672434494842089, "window_size": 3, "batch_size": 64, "epochs": 5, "kernel_size": 2, "attention_heads": 8}, "parameter_index": 0}
[2026-05-20 11:55:13] INFO (NNIManager) submitTrialJob: form: {
  sequenceId: 22,
  hyperParameters: {
    value: '{"parameter_id": 22, "parameter_source": "algorithm", "parameters": {"model_type": "TCN", "units": 16, "num_layers": 4, "dropout": 0.2, "activation": "elu", "lr": 0.0011672434494842089, "window_size": 3, "batch_size": 64, "epochs": 5, "kernel_size": 2, "attention_heads": 8}, "parameter_index": 0}',
    index: 0
  },
  placementConstraint: { type: 'None', gpus: [] }
}
[2026-05-20 11:55:13] INFO (LocalV3.local) Created trial fTDvt
[2026-05-20 11:55:15] INFO (LocalV3.local) Trial parameter: fTDvt {"parameter_id": 22, "parameter_source": "algorithm", "parameters": {"model_type": "TCN", "units": 16, "num_layers": 4, "dropout": 0.2, "activation": "elu", "lr": 0.0011672434494842089, "window_size": 3, "batch_size": 64, "epochs": 5, "kernel_size": 2, "attention_heads": 8}, "parameter_index": 0}
[2026-05-20 11:55:18] INFO (NNIManager) Trial job fTDvt status changed from RUNNING to SUCCEEDED
[2026-05-20 11:55:18] INFO (NNIManager) NNIManager received command from dispatcher: TR, {"parameter_id": 23, "parameter_source": "algorithm", "parameters": {"model_type": "TCN", "units": 128, "num_layers": 2, "dropout": 0.5, "activation": "tanh", "lr": 1.6682333940901425e-05, "window_size": 23, "batch_size": 16, "epochs": 20, "kernel_size": 7, "attention_heads": 8}, "parameter_index": 0}
[2026-05-20 11:55:19] INFO (NNIManager) submitTrialJob: form: {
  sequenceId: 23,
  hyperParameters: {
    value: '{"parameter_id": 23, "parameter_source": "algorithm", "parameters": {"model_type": "TCN", "units": 128, "num_layers": 2, "dropout": 0.5, "activation": "tanh", "lr": 1.6682333940901425e-05, "window_size": 23, "batch_size": 16, "epochs": 20, "kernel_size": 7, "attention_heads": 8}, "parameter_index": 0}',
    index: 0
  },
  placementConstraint: { type: 'None', gpus: [] }
}
[2026-05-20 11:55:19] INFO (LocalV3.local) Created trial gOtHN
[2026-05-20 11:55:20] INFO (LocalV3.local) Trial parameter: gOtHN {"parameter_id": 23, "parameter_source": "algorithm", "parameters": {"model_type": "TCN", "units": 128, "num_layers": 2, "dropout": 0.5, "activation": "tanh", "lr": 1.6682333940901425e-05, "window_size": 23, "batch_size": 16, "epochs": 20, "kernel_size": 7, "attention_heads": 8}, "parameter_index": 0}
[2026-05-20 11:55:47] INFO (NNIManager) Trial job gOtHN status changed from RUNNING to SUCCEEDED
[2026-05-20 11:55:47] INFO (NNIManager) NNIManager received command from dispatcher: TR, {"parameter_id": 24, "parameter_source": "algorithm", "parameters": {"model_type": "RNN", "units": 32, "num_layers": 4, "dropout": 0.2, "activation": "elu", "lr": 0.00022273078256588924, "window_size": 19, "batch_size": 128, "epochs": 20, "kernel_size": 2, "attention_heads": 2}, "parameter_index": 0}
[2026-05-20 11:55:47] INFO (NNIManager) submitTrialJob: form: {
  sequenceId: 24,
  hyperParameters: {
    value: '{"parameter_id": 24, "parameter_source": "algorithm", "parameters": {"model_type": "RNN", "units": 32, "num_layers": 4, "dropout": 0.2, "activation": "elu", "lr": 0.00022273078256588924, "window_size": 19, "batch_size": 128, "epochs": 20, "kernel_size": 2, "attention_heads": 2}, "parameter_index": 0}',
    index: 0
  },
  placementConstraint: { type: 'None', gpus: [] }
}
[2026-05-20 11:55:47] INFO (LocalV3.local) Created trial yrSY4
[2026-05-20 11:55:49] INFO (LocalV3.local) Trial parameter: yrSY4 {"parameter_id": 24, "parameter_source": "algorithm", "parameters": {"model_type": "RNN", "units": 32, "num_layers": 4, "dropout": 0.2, "activation": "elu", "lr": 0.00022273078256588924, "window_size": 19, "batch_size": 128, "epochs": 20, "kernel_size": 2, "attention_heads": 2}, "parameter_index": 0}
[2026-05-20 11:56:01] INFO (NNIManager) Trial job yrSY4 status changed from RUNNING to SUCCEEDED
[2026-05-20 11:56:01] INFO (NNIManager) NNIManager received command from dispatcher: TR, {"parameter_id": 25, "parameter_source": "algorithm", "parameters": {"model_type": "Transformer", "units": 16, "num_layers": 4, "dropout": 0, "activation": "relu", "lr": 0.008459030761374577, "window_size": 18, "batch_size": 64, "epochs": 20, "kernel_size": 2, "attention_heads": 4}, "parameter_index": 0}
[2026-05-20 11:56:02] INFO (NNIManager) submitTrialJob: form: {
  sequenceId: 25,
  hyperParameters: {
    value: '{"parameter_id": 25, "parameter_source": "algorithm", "parameters": {"model_type": "Transformer", "units": 16, "num_layers": 4, "dropout": 0, "activation": "relu", "lr": 0.008459030761374577, "window_size": 18, "batch_size": 64, "epochs": 20, "kernel_size": 2, "attention_heads": 4}, "parameter_index": 0}',
    index: 0
  },
  placementConstraint: { type: 'None', gpus: [] }
}
[2026-05-20 11:56:02] INFO (LocalV3.local) Created trial AePiB
[2026-05-20 11:56:03] INFO (LocalV3.local) Trial parameter: AePiB {"parameter_id": 25, "parameter_source": "algorithm", "parameters": {"model_type": "Transformer", "units": 16, "num_layers": 4, "dropout": 0, "activation": "relu", "lr": 0.008459030761374577, "window_size": 18, "batch_size": 64, "epochs": 20, "kernel_size": 2, "attention_heads": 4}, "parameter_index": 0}
[2026-05-20 11:56:34] INFO (NNIManager) Trial job AePiB status changed from RUNNING to SUCCEEDED
[2026-05-20 11:56:34] INFO (NNIManager) NNIManager received command from dispatcher: TR, {"parameter_id": 26, "parameter_source": "algorithm", "parameters": {"model_type": "CNN", "units": 256, "num_layers": 3, "dropout": 0.2, "activation": "tanh", "lr": 0.001456841461517295, "window_size": 11, "batch_size": 16, "epochs": 20, "kernel_size": 3, "attention_heads": 8}, "parameter_index": 0}
[2026-05-20 11:56:34] INFO (NNIManager) submitTrialJob: form: {
  sequenceId: 26,
  hyperParameters: {
    value: '{"parameter_id": 26, "parameter_source": "algorithm", "parameters": {"model_type": "CNN", "units": 256, "num_layers": 3, "dropout": 0.2, "activation": "tanh", "lr": 0.001456841461517295, "window_size": 11, "batch_size": 16, "epochs": 20, "kernel_size": 3, "attention_heads": 8}, "parameter_index": 0}',
    index: 0
  },
  placementConstraint: { type: 'None', gpus: [] }
}
[2026-05-20 11:56:34] INFO (LocalV3.local) Created trial VhvDS
[2026-05-20 11:56:36] INFO (LocalV3.local) Trial parameter: VhvDS {"parameter_id": 26, "parameter_source": "algorithm", "parameters": {"model_type": "CNN", "units": 256, "num_layers": 3, "dropout": 0.2, "activation": "tanh", "lr": 0.001456841461517295, "window_size": 11, "batch_size": 16, "epochs": 20, "kernel_size": 3, "attention_heads": 8}, "parameter_index": 0}
[2026-05-20 11:57:13] INFO (NNIManager) Trial job VhvDS status changed from RUNNING to SUCCEEDED
[2026-05-20 11:57:13] INFO (NNIManager) NNIManager received command from dispatcher: TR, {"parameter_id": 27, "parameter_source": "algorithm", "parameters": {"model_type": "MLP", "units": 16, "num_layers": 3, "dropout": 0.2, "activation": "elu", "lr": 0.003635257401608635, "window_size": 22, "batch_size": 64, "epochs": 5, "kernel_size": 7, "attention_heads": 2}, "parameter_index": 0}
[2026-05-20 11:57:13] INFO (NNIManager) submitTrialJob: form: {
  sequenceId: 27,
  hyperParameters: {
    value: '{"parameter_id": 27, "parameter_source": "algorithm", "parameters": {"model_type": "MLP", "units": 16, "num_layers": 3, "dropout": 0.2, "activation": "elu", "lr": 0.003635257401608635, "window_size": 22, "batch_size": 64, "epochs": 5, "kernel_size": 7, "attention_heads": 2}, "parameter_index": 0}',
    index: 0
  },
  placementConstraint: { type: 'None', gpus: [] }
}
[2026-05-20 11:57:13] INFO (LocalV3.local) Created trial KoaJV
[2026-05-20 11:57:15] INFO (LocalV3.local) Trial parameter: KoaJV {"parameter_id": 27, "parameter_source": "algorithm", "parameters": {"model_type": "MLP", "units": 16, "num_layers": 3, "dropout": 0.2, "activation": "elu", "lr": 0.003635257401608635, "window_size": 22, "batch_size": 64, "epochs": 5, "kernel_size": 7, "attention_heads": 2}, "parameter_index": 0}
[2026-05-20 11:57:17] INFO (NNIManager) Trial job KoaJV status changed from RUNNING to SUCCEEDED
[2026-05-20 11:57:17] INFO (NNIManager) NNIManager received command from dispatcher: TR, {"parameter_id": 28, "parameter_source": "algorithm", "parameters": {"model_type": "LSTM", "units": 128, "num_layers": 3, "dropout": 0.2, "activation": "tanh", "lr": 1.1202701145646309e-05, "window_size": 19, "batch_size": 128, "epochs": 15, "kernel_size": 3, "attention_heads": 8}, "parameter_index": 0}
[2026-05-20 11:57:18] INFO (NNIManager) submitTrialJob: form: {
  sequenceId: 28,
  hyperParameters: {
    value: '{"parameter_id": 28, "parameter_source": "algorithm", "parameters": {"model_type": "LSTM", "units": 128, "num_layers": 3, "dropout": 0.2, "activation": "tanh", "lr": 1.1202701145646309e-05, "window_size": 19, "batch_size": 128, "epochs": 15, "kernel_size": 3, "attention_heads": 8}, "parameter_index": 0}',
    index: 0
  },
  placementConstraint: { type: 'None', gpus: [] }
}
[2026-05-20 11:57:18] INFO (LocalV3.local) Created trial N14HO
[2026-05-20 11:57:20] INFO (LocalV3.local) Trial parameter: N14HO {"parameter_id": 28, "parameter_source": "algorithm", "parameters": {"model_type": "LSTM", "units": 128, "num_layers": 3, "dropout": 0.2, "activation": "tanh", "lr": 1.1202701145646309e-05, "window_size": 19, "batch_size": 128, "epochs": 15, "kernel_size": 3, "attention_heads": 8}, "parameter_index": 0}
[2026-05-20 11:58:12] INFO (NNIManager) Trial job N14HO status changed from RUNNING to SUCCEEDED
[2026-05-20 11:58:12] INFO (NNIManager) NNIManager received command from dispatcher: TR, {"parameter_id": 29, "parameter_source": "algorithm", "parameters": {"model_type": "CNN", "units": 32, "num_layers": 2, "dropout": 0.1, "activation": "elu", "lr": 0.00011262675744974487, "window_size": 20, "batch_size": 32, "epochs": 5, "kernel_size": 3, "attention_heads": 2}, "parameter_index": 0}
[2026-05-20 11:58:12] INFO (NNIManager) submitTrialJob: form: {
  sequenceId: 29,
  hyperParameters: {
    value: '{"parameter_id": 29, "parameter_source": "algorithm", "parameters": {"model_type": "CNN", "units": 32, "num_layers": 2, "dropout": 0.1, "activation": "elu", "lr": 0.00011262675744974487, "window_size": 20, "batch_size": 32, "epochs": 5, "kernel_size": 3, "attention_heads": 2}, "parameter_index": 0}',
    index: 0
  },
  placementConstraint: { type: 'None', gpus: [] }
}
[2026-05-20 11:58:12] INFO (LocalV3.local) Created trial usi0j
[2026-05-20 11:58:14] INFO (LocalV3.local) Trial parameter: usi0j {"parameter_id": 29, "parameter_source": "algorithm", "parameters": {"model_type": "CNN", "units": 32, "num_layers": 2, "dropout": 0.1, "activation": "elu", "lr": 0.00011262675744974487, "window_size": 20, "batch_size": 32, "epochs": 5, "kernel_size": 3, "attention_heads": 2}, "parameter_index": 0}
[2026-05-20 11:58:17] INFO (NNIManager) Trial job usi0j status changed from RUNNING to SUCCEEDED
[2026-05-20 11:58:17] INFO (NNIManager) NNIManager received command from dispatcher: TR, {"parameter_id": 30, "parameter_source": "algorithm", "parameters": {"model_type": "RNN", "units": 64, "num_layers": 2, "dropout": 0.1, "activation": "relu", "lr": 1.0892646462615806e-05, "window_size": 3, "batch_size": 128, "epochs": 15, "kernel_size": 5, "attention_heads": 2}, "parameter_index": 0}
[2026-05-20 11:58:18] INFO (NNIManager) submitTrialJob: form: {
  sequenceId: 30,
  hyperParameters: {
    value: '{"parameter_id": 30, "parameter_source": "algorithm", "parameters": {"model_type": "RNN", "units": 64, "num_layers": 2, "dropout": 0.1, "activation": "relu", "lr": 1.0892646462615806e-05, "window_size": 3, "batch_size": 128, "epochs": 15, "kernel_size": 5, "attention_heads": 2}, "parameter_index": 0}',
    index: 0
  },
  placementConstraint: { type: 'None', gpus: [] }
}
[2026-05-20 11:58:18] INFO (LocalV3.local) Created trial wTiEe
[2026-05-20 11:58:20] INFO (LocalV3.local) Trial parameter: wTiEe {"parameter_id": 30, "parameter_source": "algorithm", "parameters": {"model_type": "RNN", "units": 64, "num_layers": 2, "dropout": 0.1, "activation": "relu", "lr": 1.0892646462615806e-05, "window_size": 3, "batch_size": 128, "epochs": 15, "kernel_size": 5, "attention_heads": 2}, "parameter_index": 0}
[2026-05-20 11:58:25] INFO (NNIManager) Trial job wTiEe status changed from RUNNING to SUCCEEDED
[2026-05-20 11:58:25] INFO (NNIManager) NNIManager received command from dispatcher: TR, {"parameter_id": 31, "parameter_source": "algorithm", "parameters": {"model_type": "RNN", "units": 256, "num_layers": 2, "dropout": 0.2, "activation": "sigmoid", "lr": 0.0005169309572380627, "window_size": 30, "batch_size": 16, "epochs": 15, "kernel_size": 7, "attention_heads": 2}, "parameter_index": 0}
[2026-05-20 11:58:25] INFO (NNIManager) submitTrialJob: form: {
  sequenceId: 31,
  hyperParameters: {
    value: '{"parameter_id": 31, "parameter_source": "algorithm", "parameters": {"model_type": "RNN", "units": 256, "num_layers": 2, "dropout": 0.2, "activation": "sigmoid", "lr": 0.0005169309572380627, "window_size": 30, "batch_size": 16, "epochs": 15, "kernel_size": 7, "attention_heads": 2}, "parameter_index": 0}',
    index: 0
  },
  placementConstraint: { type: 'None', gpus: [] }
}
[2026-05-20 11:58:25] INFO (LocalV3.local) Created trial zbddP
[2026-05-20 11:58:27] INFO (LocalV3.local) Trial parameter: zbddP {"parameter_id": 31, "parameter_source": "algorithm", "parameters": {"model_type": "RNN", "units": 256, "num_layers": 2, "dropout": 0.2, "activation": "sigmoid", "lr": 0.0005169309572380627, "window_size": 30, "batch_size": 16, "epochs": 15, "kernel_size": 7, "attention_heads": 2}, "parameter_index": 0}
[2026-05-20 11:59:32] INFO (NNIManager) Trial job zbddP status changed from RUNNING to SUCCEEDED
[2026-05-20 11:59:32] INFO (NNIManager) NNIManager received command from dispatcher: TR, {"parameter_id": 32, "parameter_source": "algorithm", "parameters": {"model_type": "Transformer", "units": 64, "num_layers": 2, "dropout": 0.1, "activation": "elu", "lr": 1.2080696980398647e-05, "window_size": 2, "batch_size": 32, "epochs": 20, "kernel_size": 3, "attention_heads": 2}, "parameter_index": 0}
[2026-05-20 11:59:32] INFO (NNIManager) submitTrialJob: form: {
  sequenceId: 32,
  hyperParameters: {
    value: '{"parameter_id": 32, "parameter_source": "algorithm", "parameters": {"model_type": "Transformer", "units": 64, "num_layers": 2, "dropout": 0.1, "activation": "elu", "lr": 1.2080696980398647e-05, "window_size": 2, "batch_size": 32, "epochs": 20, "kernel_size": 3, "attention_heads": 2}, "parameter_index": 0}',
    index: 0
  },
  placementConstraint: { type: 'None', gpus: [] }
}
[2026-05-20 11:59:32] INFO (LocalV3.local) Created trial Rc83k
[2026-05-20 11:59:34] INFO (LocalV3.local) Trial parameter: Rc83k {"parameter_id": 32, "parameter_source": "algorithm", "parameters": {"model_type": "Transformer", "units": 64, "num_layers": 2, "dropout": 0.1, "activation": "elu", "lr": 1.2080696980398647e-05, "window_size": 2, "batch_size": 32, "epochs": 20, "kernel_size": 3, "attention_heads": 2}, "parameter_index": 0}
[2026-05-20 11:59:51] INFO (NNIManager) Trial job Rc83k status changed from RUNNING to SUCCEEDED
[2026-05-20 11:59:51] INFO (NNIManager) NNIManager received command from dispatcher: TR, {"parameter_id": 33, "parameter_source": "algorithm", "parameters": {"model_type": "Transformer", "units": 16, "num_layers": 4, "dropout": 0.5, "activation": "relu", "lr": 0.0002992956945931942, "window_size": 15, "batch_size": 128, "epochs": 15, "kernel_size": 3, "attention_heads": 2}, "parameter_index": 0}
[2026-05-20 11:59:51] INFO (NNIManager) submitTrialJob: form: {
  sequenceId: 33,
  hyperParameters: {
    value: '{"parameter_id": 33, "parameter_source": "algorithm", "parameters": {"model_type": "Transformer", "units": 16, "num_layers": 4, "dropout": 0.5, "activation": "relu", "lr": 0.0002992956945931942, "window_size": 15, "batch_size": 128, "epochs": 15, "kernel_size": 3, "attention_heads": 2}, "parameter_index": 0}',
    index: 0
  },
  placementConstraint: { type: 'None', gpus: [] }
}
[2026-05-20 11:59:51] INFO (LocalV3.local) Created trial Azo49
[2026-05-20 11:59:53] INFO (LocalV3.local) Trial parameter: Azo49 {"parameter_id": 33, "parameter_source": "algorithm", "parameters": {"model_type": "Transformer", "units": 16, "num_layers": 4, "dropout": 0.5, "activation": "relu", "lr": 0.0002992956945931942, "window_size": 15, "batch_size": 128, "epochs": 15, "kernel_size": 3, "attention_heads": 2}, "parameter_index": 0}
[2026-05-20 12:00:10] INFO (NNIManager) Trial job Azo49 status changed from RUNNING to SUCCEEDED
[2026-05-20 12:00:10] INFO (NNIManager) NNIManager received command from dispatcher: TR, {"parameter_id": 34, "parameter_source": "algorithm", "parameters": {"model_type": "Transformer", "units": 32, "num_layers": 2, "dropout": 0.3, "activation": "tanh", "lr": 0.00015627539481682273, "window_size": 20, "batch_size": 64, "epochs": 10, "kernel_size": 7, "attention_heads": 2}, "parameter_index": 0}
[2026-05-20 12:00:11] INFO (NNIManager) submitTrialJob: form: {
  sequenceId: 34,
  hyperParameters: {
    value: '{"parameter_id": 34, "parameter_source": "algorithm", "parameters": {"model_type": "Transformer", "units": 32, "num_layers": 2, "dropout": 0.3, "activation": "tanh", "lr": 0.00015627539481682273, "window_size": 20, "batch_size": 64, "epochs": 10, "kernel_size": 7, "attention_heads": 2}, "parameter_index": 0}',
    index: 0
  },
  placementConstraint: { type: 'None', gpus: [] }
}
[2026-05-20 12:00:11] INFO (LocalV3.local) Created trial fNra9
[2026-05-20 12:00:12] INFO (LocalV3.local) Trial parameter: fNra9 {"parameter_id": 34, "parameter_source": "algorithm", "parameters": {"model_type": "Transformer", "units": 32, "num_layers": 2, "dropout": 0.3, "activation": "tanh", "lr": 0.00015627539481682273, "window_size": 20, "batch_size": 64, "epochs": 10, "kernel_size": 7, "attention_heads": 2}, "parameter_index": 0}
[2026-05-20 12:00:25] INFO (NNIManager) Trial job fNra9 status changed from RUNNING to SUCCEEDED
[2026-05-20 12:00:25] INFO (NNIManager) NNIManager received command from dispatcher: TR, {"parameter_id": 35, "parameter_source": "algorithm", "parameters": {"model_type": "RNN", "units": 128, "num_layers": 4, "dropout": 0.1, "activation": "elu", "lr": 4.973503862377574e-05, "window_size": 3, "batch_size": 64, "epochs": 20, "kernel_size": 3, "attention_heads": 4}, "parameter_index": 0}
[2026-05-20 12:00:25] INFO (NNIManager) submitTrialJob: form: {
  sequenceId: 35,
  hyperParameters: {
    value: '{"parameter_id": 35, "parameter_source": "algorithm", "parameters": {"model_type": "RNN", "units": 128, "num_layers": 4, "dropout": 0.1, "activation": "elu", "lr": 4.973503862377574e-05, "window_size": 3, "batch_size": 64, "epochs": 20, "kernel_size": 3, "attention_heads": 4}, "parameter_index": 0}',
    index: 0
  },
  placementConstraint: { type: 'None', gpus: [] }
}
[2026-05-20 12:00:25] INFO (LocalV3.local) Created trial KYz7t
[2026-05-20 12:00:27] INFO (LocalV3.local) Trial parameter: KYz7t {"parameter_id": 35, "parameter_source": "algorithm", "parameters": {"model_type": "RNN", "units": 128, "num_layers": 4, "dropout": 0.1, "activation": "elu", "lr": 4.973503862377574e-05, "window_size": 3, "batch_size": 64, "epochs": 20, "kernel_size": 3, "attention_heads": 4}, "parameter_index": 0}
[2026-05-20 12:00:41] INFO (NNIManager) Trial job KYz7t status changed from RUNNING to SUCCEEDED
[2026-05-20 12:00:41] INFO (NNIManager) NNIManager received command from dispatcher: TR, {"parameter_id": 36, "parameter_source": "algorithm", "parameters": {"model_type": "RNN", "units": 128, "num_layers": 1, "dropout": 0.3, "activation": "relu", "lr": 0.0005605363770279408, "window_size": 9, "batch_size": 32, "epochs": 20, "kernel_size": 3, "attention_heads": 8}, "parameter_index": 0}
[2026-05-20 12:00:42] INFO (NNIManager) submitTrialJob: form: {
  sequenceId: 36,
  hyperParameters: {
    value: '{"parameter_id": 36, "parameter_source": "algorithm", "parameters": {"model_type": "RNN", "units": 128, "num_layers": 1, "dropout": 0.3, "activation": "relu", "lr": 0.0005605363770279408, "window_size": 9, "batch_size": 32, "epochs": 20, "kernel_size": 3, "attention_heads": 8}, "parameter_index": 0}',
    index: 0
  },
  placementConstraint: { type: 'None', gpus: [] }
}
[2026-05-20 12:00:42] INFO (LocalV3.local) Created trial kJ6zJ
[2026-05-20 12:00:43] INFO (LocalV3.local) Trial parameter: kJ6zJ {"parameter_id": 36, "parameter_source": "algorithm", "parameters": {"model_type": "RNN", "units": 128, "num_layers": 1, "dropout": 0.3, "activation": "relu", "lr": 0.0005605363770279408, "window_size": 9, "batch_size": 32, "epochs": 20, "kernel_size": 3, "attention_heads": 8}, "parameter_index": 0}
[2026-05-20 12:00:53] INFO (NNIManager) Trial job kJ6zJ status changed from RUNNING to SUCCEEDED
[2026-05-20 12:00:53] INFO (NNIManager) NNIManager received command from dispatcher: TR, {"parameter_id": 37, "parameter_source": "algorithm", "parameters": {"model_type": "LSTM", "units": 256, "num_layers": 4, "dropout": 0.5, "activation": "tanh", "lr": 0.0002248209227777098, "window_size": 21, "batch_size": 16, "epochs": 5, "kernel_size": 5, "attention_heads": 8}, "parameter_index": 0}
[2026-05-20 12:00:53] INFO (NNIManager) submitTrialJob: form: {
  sequenceId: 37,
  hyperParameters: {
    value: '{"parameter_id": 37, "parameter_source": "algorithm", "parameters": {"model_type": "LSTM", "units": 256, "num_layers": 4, "dropout": 0.5, "activation": "tanh", "lr": 0.0002248209227777098, "window_size": 21, "batch_size": 16, "epochs": 5, "kernel_size": 5, "attention_heads": 8}, "parameter_index": 0}',
    index: 0
  },
  placementConstraint: { type: 'None', gpus: [] }
}
[2026-05-20 12:00:53] INFO (LocalV3.local) Created trial QNxz3
[2026-05-20 12:00:55] INFO (LocalV3.local) Trial parameter: QNxz3 {"parameter_id": 37, "parameter_source": "algorithm", "parameters": {"model_type": "LSTM", "units": 256, "num_layers": 4, "dropout": 0.5, "activation": "tanh", "lr": 0.0002248209227777098, "window_size": 21, "batch_size": 16, "epochs": 5, "kernel_size": 5, "attention_heads": 8}, "parameter_index": 0}
[2026-05-20 12:02:56] INFO (NNIManager) Trial job QNxz3 status changed from RUNNING to SUCCEEDED
[2026-05-20 12:02:56] INFO (NNIManager) NNIManager received command from dispatcher: TR, {"parameter_id": 38, "parameter_source": "algorithm", "parameters": {"model_type": "LSTM", "units": 256, "num_layers": 4, "dropout": 0.3, "activation": "elu", "lr": 6.929043790342406e-05, "window_size": 17, "batch_size": 16, "epochs": 5, "kernel_size": 7, "attention_heads": 4}, "parameter_index": 0}
[2026-05-20 12:02:57] INFO (NNIManager) submitTrialJob: form: {
  sequenceId: 38,
  hyperParameters: {
    value: '{"parameter_id": 38, "parameter_source": "algorithm", "parameters": {"model_type": "LSTM", "units": 256, "num_layers": 4, "dropout": 0.3, "activation": "elu", "lr": 6.929043790342406e-05, "window_size": 17, "batch_size": 16, "epochs": 5, "kernel_size": 7, "attention_heads": 4}, "parameter_index": 0}',
    index: 0
  },
  placementConstraint: { type: 'None', gpus: [] }
}
[2026-05-20 12:02:57] INFO (LocalV3.local) Created trial YHk7c
[2026-05-20 12:02:59] INFO (LocalV3.local) Trial parameter: YHk7c {"parameter_id": 38, "parameter_source": "algorithm", "parameters": {"model_type": "LSTM", "units": 256, "num_layers": 4, "dropout": 0.3, "activation": "elu", "lr": 6.929043790342406e-05, "window_size": 17, "batch_size": 16, "epochs": 5, "kernel_size": 7, "attention_heads": 4}, "parameter_index": 0}
[2026-05-20 12:04:43] INFO (NNIManager) Trial job YHk7c status changed from RUNNING to SUCCEEDED
[2026-05-20 12:04:43] INFO (NNIManager) NNIManager received command from dispatcher: TR, {"parameter_id": 39, "parameter_source": "algorithm", "parameters": {"model_type": "LSTM", "units": 16, "num_layers": 2, "dropout": 0, "activation": "tanh", "lr": 2.653427952262866e-05, "window_size": 4, "batch_size": 32, "epochs": 5, "kernel_size": 2, "attention_heads": 8}, "parameter_index": 0}
[2026-05-20 12:04:43] INFO (NNIManager) submitTrialJob: form: {
  sequenceId: 39,
  hyperParameters: {
    value: '{"parameter_id": 39, "parameter_source": "algorithm", "parameters": {"model_type": "LSTM", "units": 16, "num_layers": 2, "dropout": 0, "activation": "tanh", "lr": 2.653427952262866e-05, "window_size": 4, "batch_size": 32, "epochs": 5, "kernel_size": 2, "attention_heads": 8}, "parameter_index": 0}',
    index: 0
  },
  placementConstraint: { type: 'None', gpus: [] }
}
[2026-05-20 12:04:43] INFO (LocalV3.local) Created trial ZtWLN
[2026-05-20 12:04:45] INFO (LocalV3.local) Trial parameter: ZtWLN {"parameter_id": 39, "parameter_source": "algorithm", "parameters": {"model_type": "LSTM", "units": 16, "num_layers": 2, "dropout": 0, "activation": "tanh", "lr": 2.653427952262866e-05, "window_size": 4, "batch_size": 32, "epochs": 5, "kernel_size": 2, "attention_heads": 8}, "parameter_index": 0}
[2026-05-20 12:04:51] INFO (NNIManager) Trial job ZtWLN status changed from RUNNING to SUCCEEDED
[2026-05-20 12:04:51] INFO (NNIManager) NNIManager received command from dispatcher: TR, {"parameter_id": 40, "parameter_source": "algorithm", "parameters": {"model_type": "GRU", "units": 128, "num_layers": 4, "dropout": 0.5, "activation": "sigmoid", "lr": 0.008144047521832266, "window_size": 22, "batch_size": 16, "epochs": 20, "kernel_size": 5, "attention_heads": 2}, "parameter_index": 0}
[2026-05-20 12:04:52] INFO (NNIManager) submitTrialJob: form: {
  sequenceId: 40,
  hyperParameters: {
    value: '{"parameter_id": 40, "parameter_source": "algorithm", "parameters": {"model_type": "GRU", "units": 128, "num_layers": 4, "dropout": 0.5, "activation": "sigmoid", "lr": 0.008144047521832266, "window_size": 22, "batch_size": 16, "epochs": 20, "kernel_size": 5, "attention_heads": 2}, "parameter_index": 0}',
    index: 0
  },
  placementConstraint: { type: 'None', gpus: [] }
}
[2026-05-20 12:04:52] INFO (LocalV3.local) Created trial nuA1B
[2026-05-20 12:04:53] INFO (LocalV3.local) Trial parameter: nuA1B {"parameter_id": 40, "parameter_source": "algorithm", "parameters": {"model_type": "GRU", "units": 128, "num_layers": 4, "dropout": 0.5, "activation": "sigmoid", "lr": 0.008144047521832266, "window_size": 22, "batch_size": 16, "epochs": 20, "kernel_size": 5, "attention_heads": 2}, "parameter_index": 0}
[2026-05-20 12:08:02] INFO (NNIManager) Trial job nuA1B status changed from RUNNING to SUCCEEDED
[2026-05-20 12:08:02] INFO (NNIManager) NNIManager received command from dispatcher: TR, {"parameter_id": 41, "parameter_source": "algorithm", "parameters": {"model_type": "Transformer", "units": 16, "num_layers": 3, "dropout": 0, "activation": "elu", "lr": 0.0007779103873506699, "window_size": 5, "batch_size": 16, "epochs": 20, "kernel_size": 5, "attention_heads": 4}, "parameter_index": 0}
[2026-05-20 12:08:02] INFO (NNIManager) submitTrialJob: form: {
  sequenceId: 41,
  hyperParameters: {
    value: '{"parameter_id": 41, "parameter_source": "algorithm", "parameters": {"model_type": "Transformer", "units": 16, "num_layers": 3, "dropout": 0, "activation": "elu", "lr": 0.0007779103873506699, "window_size": 5, "batch_size": 16, "epochs": 20, "kernel_size": 5, "attention_heads": 4}, "parameter_index": 0}',
    index: 0
  },
  placementConstraint: { type: 'None', gpus: [] }
}
[2026-05-20 12:08:02] INFO (LocalV3.local) Created trial nSmPv
[2026-05-20 12:08:04] INFO (LocalV3.local) Trial parameter: nSmPv {"parameter_id": 41, "parameter_source": "algorithm", "parameters": {"model_type": "Transformer", "units": 16, "num_layers": 3, "dropout": 0, "activation": "elu", "lr": 0.0007779103873506699, "window_size": 5, "batch_size": 16, "epochs": 20, "kernel_size": 5, "attention_heads": 4}, "parameter_index": 0}
[2026-05-20 12:08:29] INFO (NNIManager) Trial job nSmPv status changed from RUNNING to SUCCEEDED
[2026-05-20 12:08:29] INFO (NNIManager) NNIManager received command from dispatcher: TR, {"parameter_id": 42, "parameter_source": "algorithm", "parameters": {"model_type": "TCN", "units": 256, "num_layers": 1, "dropout": 0.2, "activation": "sigmoid", "lr": 3.55968960917448e-05, "window_size": 10, "batch_size": 32, "epochs": 20, "kernel_size": 5, "attention_heads": 8}, "parameter_index": 0}
[2026-05-20 12:08:29] INFO (NNIManager) submitTrialJob: form: {
  sequenceId: 42,
  hyperParameters: {
    value: '{"parameter_id": 42, "parameter_source": "algorithm", "parameters": {"model_type": "TCN", "units": 256, "num_layers": 1, "dropout": 0.2, "activation": "sigmoid", "lr": 3.55968960917448e-05, "window_size": 10, "batch_size": 32, "epochs": 20, "kernel_size": 5, "attention_heads": 8}, "parameter_index": 0}',
    index: 0
  },
  placementConstraint: { type: 'None', gpus: [] }
}
[2026-05-20 12:08:29] INFO (LocalV3.local) Created trial BXVVO
[2026-05-20 12:08:31] INFO (LocalV3.local) Trial parameter: BXVVO {"parameter_id": 42, "parameter_source": "algorithm", "parameters": {"model_type": "TCN", "units": 256, "num_layers": 1, "dropout": 0.2, "activation": "sigmoid", "lr": 3.55968960917448e-05, "window_size": 10, "batch_size": 32, "epochs": 20, "kernel_size": 5, "attention_heads": 8}, "parameter_index": 0}
[2026-05-20 12:08:39] INFO (NNIManager) Trial job BXVVO status changed from RUNNING to SUCCEEDED
[2026-05-20 12:08:39] INFO (NNIManager) NNIManager received command from dispatcher: TR, {"parameter_id": 43, "parameter_source": "algorithm", "parameters": {"model_type": "GRU", "units": 256, "num_layers": 3, "dropout": 0.1, "activation": "tanh", "lr": 0.00044124196899908484, "window_size": 4, "batch_size": 32, "epochs": 20, "kernel_size": 5, "attention_heads": 8}, "parameter_index": 0}
[2026-05-20 12:08:40] INFO (NNIManager) submitTrialJob: form: {
  sequenceId: 43,
  hyperParameters: {
    value: '{"parameter_id": 43, "parameter_source": "algorithm", "parameters": {"model_type": "GRU", "units": 256, "num_layers": 3, "dropout": 0.1, "activation": "tanh", "lr": 0.00044124196899908484, "window_size": 4, "batch_size": 32, "epochs": 20, "kernel_size": 5, "attention_heads": 8}, "parameter_index": 0}',
    index: 0
  },
  placementConstraint: { type: 'None', gpus: [] }
}
[2026-05-20 12:08:40] INFO (LocalV3.local) Created trial av9J9
[2026-05-20 12:08:42] INFO (LocalV3.local) Trial parameter: av9J9 {"parameter_id": 43, "parameter_source": "algorithm", "parameters": {"model_type": "GRU", "units": 256, "num_layers": 3, "dropout": 0.1, "activation": "tanh", "lr": 0.00044124196899908484, "window_size": 4, "batch_size": 32, "epochs": 20, "kernel_size": 5, "attention_heads": 8}, "parameter_index": 0}
[2026-05-20 12:09:49] INFO (NNIManager) Trial job av9J9 status changed from RUNNING to SUCCEEDED
[2026-05-20 12:09:49] INFO (NNIManager) NNIManager received command from dispatcher: TR, {"parameter_id": 44, "parameter_source": "algorithm", "parameters": {"model_type": "CNN", "units": 16, "num_layers": 3, "dropout": 0, "activation": "tanh", "lr": 0.00020639871293749344, "window_size": 8, "batch_size": 128, "epochs": 5, "kernel_size": 2, "attention_heads": 4}, "parameter_index": 0}
[2026-05-20 12:09:49] INFO (NNIManager) submitTrialJob: form: {
  sequenceId: 44,
  hyperParameters: {
    value: '{"parameter_id": 44, "parameter_source": "algorithm", "parameters": {"model_type": "CNN", "units": 16, "num_layers": 3, "dropout": 0, "activation": "tanh", "lr": 0.00020639871293749344, "window_size": 8, "batch_size": 128, "epochs": 5, "kernel_size": 2, "attention_heads": 4}, "parameter_index": 0}',
    index: 0
  },
  placementConstraint: { type: 'None', gpus: [] }
}
[2026-05-20 12:09:49] INFO (LocalV3.local) Created trial aRQlC
[2026-05-20 12:09:51] INFO (LocalV3.local) Trial parameter: aRQlC {"parameter_id": 44, "parameter_source": "algorithm", "parameters": {"model_type": "CNN", "units": 16, "num_layers": 3, "dropout": 0, "activation": "tanh", "lr": 0.00020639871293749344, "window_size": 8, "batch_size": 128, "epochs": 5, "kernel_size": 2, "attention_heads": 4}, "parameter_index": 0}
[2026-05-20 12:09:53] INFO (NNIManager) Trial job aRQlC status changed from RUNNING to SUCCEEDED
[2026-05-20 12:09:53] INFO (NNIManager) NNIManager received command from dispatcher: TR, {"parameter_id": 45, "parameter_source": "algorithm", "parameters": {"model_type": "MLP", "units": 128, "num_layers": 3, "dropout": 0, "activation": "sigmoid", "lr": 0.00026771954388683247, "window_size": 14, "batch_size": 32, "epochs": 20, "kernel_size": 7, "attention_heads": 2}, "parameter_index": 0}
[2026-05-20 12:09:54] INFO (NNIManager) submitTrialJob: form: {
  sequenceId: 45,
  hyperParameters: {
    value: '{"parameter_id": 45, "parameter_source": "algorithm", "parameters": {"model_type": "MLP", "units": 128, "num_layers": 3, "dropout": 0, "activation": "sigmoid", "lr": 0.00026771954388683247, "window_size": 14, "batch_size": 32, "epochs": 20, "kernel_size": 7, "attention_heads": 2}, "parameter_index": 0}',
    index: 0
  },
  placementConstraint: { type: 'None', gpus: [] }
}
[2026-05-20 12:09:54] INFO (LocalV3.local) Created trial J7j7L
[2026-05-20 12:09:56] INFO (LocalV3.local) Trial parameter: J7j7L {"parameter_id": 45, "parameter_source": "algorithm", "parameters": {"model_type": "MLP", "units": 128, "num_layers": 3, "dropout": 0, "activation": "sigmoid", "lr": 0.00026771954388683247, "window_size": 14, "batch_size": 32, "epochs": 20, "kernel_size": 7, "attention_heads": 2}, "parameter_index": 0}
[2026-05-20 12:10:01] INFO (NNIManager) Trial job J7j7L status changed from RUNNING to SUCCEEDED
[2026-05-20 12:10:01] INFO (NNIManager) NNIManager received command from dispatcher: TR, {"parameter_id": 46, "parameter_source": "algorithm", "parameters": {"model_type": "MLP", "units": 256, "num_layers": 1, "dropout": 0.3, "activation": "sigmoid", "lr": 0.00030520006159204444, "window_size": 15, "batch_size": 64, "epochs": 15, "kernel_size": 5, "attention_heads": 2}, "parameter_index": 0}
[2026-05-20 12:10:02] INFO (NNIManager) submitTrialJob: form: {
  sequenceId: 46,
  hyperParameters: {
    value: '{"parameter_id": 46, "parameter_source": "algorithm", "parameters": {"model_type": "MLP", "units": 256, "num_layers": 1, "dropout": 0.3, "activation": "sigmoid", "lr": 0.00030520006159204444, "window_size": 15, "batch_size": 64, "epochs": 15, "kernel_size": 5, "attention_heads": 2}, "parameter_index": 0}',
    index: 0
  },
  placementConstraint: { type: 'None', gpus: [] }
}
[2026-05-20 12:10:02] INFO (LocalV3.local) Created trial c3OMO
[2026-05-20 12:10:04] INFO (LocalV3.local) Trial parameter: c3OMO {"parameter_id": 46, "parameter_source": "algorithm", "parameters": {"model_type": "MLP", "units": 256, "num_layers": 1, "dropout": 0.3, "activation": "sigmoid", "lr": 0.00030520006159204444, "window_size": 15, "batch_size": 64, "epochs": 15, "kernel_size": 5, "attention_heads": 2}, "parameter_index": 0}
[2026-05-20 12:10:07] INFO (NNIManager) Trial job c3OMO status changed from RUNNING to SUCCEEDED
[2026-05-20 12:10:07] INFO (NNIManager) NNIManager received command from dispatcher: TR, {"parameter_id": 47, "parameter_source": "algorithm", "parameters": {"model_type": "CNN", "units": 256, "num_layers": 4, "dropout": 0.3, "activation": "elu", "lr": 0.00028532389799740715, "window_size": 25, "batch_size": 16, "epochs": 20, "kernel_size": 7, "attention_heads": 8}, "parameter_index": 0}
[2026-05-20 12:10:07] INFO (NNIManager) submitTrialJob: form: {
  sequenceId: 47,
  hyperParameters: {
    value: '{"parameter_id": 47, "parameter_source": "algorithm", "parameters": {"model_type": "CNN", "units": 256, "num_layers": 4, "dropout": 0.3, "activation": "elu", "lr": 0.00028532389799740715, "window_size": 25, "batch_size": 16, "epochs": 20, "kernel_size": 7, "attention_heads": 8}, "parameter_index": 0}',
    index: 0
  },
  placementConstraint: { type: 'None', gpus: [] }
}
[2026-05-20 12:10:07] INFO (LocalV3.local) Created trial QaQaZ
[2026-05-20 12:10:09] INFO (LocalV3.local) Trial parameter: QaQaZ {"parameter_id": 47, "parameter_source": "algorithm", "parameters": {"model_type": "CNN", "units": 256, "num_layers": 4, "dropout": 0.3, "activation": "elu", "lr": 0.00028532389799740715, "window_size": 25, "batch_size": 16, "epochs": 20, "kernel_size": 7, "attention_heads": 8}, "parameter_index": 0}
[2026-05-20 12:12:17] INFO (NNIManager) Trial job QaQaZ status changed from RUNNING to SUCCEEDED
[2026-05-20 12:12:17] INFO (NNIManager) NNIManager received command from dispatcher: TR, {"parameter_id": 48, "parameter_source": "algorithm", "parameters": {"model_type": "Transformer", "units": 32, "num_layers": 4, "dropout": 0.2, "activation": "sigmoid", "lr": 0.004689524375407987, "window_size": 13, "batch_size": 16, "epochs": 10, "kernel_size": 2, "attention_heads": 2}, "parameter_index": 0}
[2026-05-20 12:12:18] INFO (NNIManager) submitTrialJob: form: {
  sequenceId: 48,
  hyperParameters: {
    value: '{"parameter_id": 48, "parameter_source": "algorithm", "parameters": {"model_type": "Transformer", "units": 32, "num_layers": 4, "dropout": 0.2, "activation": "sigmoid", "lr": 0.004689524375407987, "window_size": 13, "batch_size": 16, "epochs": 10, "kernel_size": 2, "attention_heads": 2}, "parameter_index": 0}',
    index: 0
  },
  placementConstraint: { type: 'None', gpus: [] }
}
[2026-05-20 12:12:18] INFO (LocalV3.local) Created trial FvSB4
[2026-05-20 12:12:19] INFO (LocalV3.local) Trial parameter: FvSB4 {"parameter_id": 48, "parameter_source": "algorithm", "parameters": {"model_type": "Transformer", "units": 32, "num_layers": 4, "dropout": 0.2, "activation": "sigmoid", "lr": 0.004689524375407987, "window_size": 13, "batch_size": 16, "epochs": 10, "kernel_size": 2, "attention_heads": 2}, "parameter_index": 0}
[2026-05-20 12:12:51] INFO (NNIManager) Trial job FvSB4 status changed from RUNNING to SUCCEEDED
[2026-05-20 12:12:51] INFO (NNIManager) NNIManager received command from dispatcher: TR, {"parameter_id": 49, "parameter_source": "algorithm", "parameters": {"model_type": "Transformer", "units": 128, "num_layers": 1, "dropout": 0.5, "activation": "sigmoid", "lr": 0.0023483623794876467, "window_size": 17, "batch_size": 32, "epochs": 15, "kernel_size": 3, "attention_heads": 8}, "parameter_index": 0}
[2026-05-20 12:12:52] INFO (NNIManager) submitTrialJob: form: {
  sequenceId: 49,
  hyperParameters: {
    value: '{"parameter_id": 49, "parameter_source": "algorithm", "parameters": {"model_type": "Transformer", "units": 128, "num_layers": 1, "dropout": 0.5, "activation": "sigmoid", "lr": 0.0023483623794876467, "window_size": 17, "batch_size": 32, "epochs": 15, "kernel_size": 3, "attention_heads": 8}, "parameter_index": 0}',
    index: 0
  },
  placementConstraint: { type: 'None', gpus: [] }
}
[2026-05-20 12:12:52] INFO (LocalV3.local) Created trial IM3db
[2026-05-20 12:12:53] INFO (LocalV3.local) Trial parameter: IM3db {"parameter_id": 49, "parameter_source": "algorithm", "parameters": {"model_type": "Transformer", "units": 128, "num_layers": 1, "dropout": 0.5, "activation": "sigmoid", "lr": 0.0023483623794876467, "window_size": 17, "batch_size": 32, "epochs": 15, "kernel_size": 3, "attention_heads": 8}, "parameter_index": 0}
[2026-05-20 12:13:21] INFO (NNIManager) Trial job IM3db status changed from RUNNING to SUCCEEDED
[2026-05-20 12:13:21] INFO (NNIManager) NNIManager received command from dispatcher: TR, {"parameter_id": 50, "parameter_source": "algorithm", "parameters": {"model_type": "GRU", "units": 256, "num_layers": 2, "dropout": 0.2, "activation": "sigmoid", "lr": 1.3049512732365425e-05, "window_size": 12, "batch_size": 128, "epochs": 10, "kernel_size": 5, "attention_heads": 4}, "parameter_index": 0}
[2026-05-20 12:13:21] INFO (NNIManager) submitTrialJob: form: {
  sequenceId: 50,
  hyperParameters: {
    value: '{"parameter_id": 50, "parameter_source": "algorithm", "parameters": {"model_type": "GRU", "units": 256, "num_layers": 2, "dropout": 0.2, "activation": "sigmoid", "lr": 1.3049512732365425e-05, "window_size": 12, "batch_size": 128, "epochs": 10, "kernel_size": 5, "attention_heads": 4}, "parameter_index": 0}',
    index: 0
  },
  placementConstraint: { type: 'None', gpus: [] }
}
[2026-05-20 12:13:21] INFO (LocalV3.local) Created trial dXaGe
[2026-05-20 12:13:23] INFO (LocalV3.local) Trial parameter: dXaGe {"parameter_id": 50, "parameter_source": "algorithm", "parameters": {"model_type": "GRU", "units": 256, "num_layers": 2, "dropout": 0.2, "activation": "sigmoid", "lr": 1.3049512732365425e-05, "window_size": 12, "batch_size": 128, "epochs": 10, "kernel_size": 5, "attention_heads": 4}, "parameter_index": 0}
[2026-05-20 12:14:00] INFO (NNIManager) Trial job dXaGe status changed from RUNNING to SUCCEEDED
[2026-05-20 12:14:00] INFO (NNIManager) NNIManager received command from dispatcher: TR, {"parameter_id": 51, "parameter_source": "algorithm", "parameters": {"model_type": "Transformer", "units": 128, "num_layers": 4, "dropout": 0.2, "activation": "tanh", "lr": 0.00010217897529683705, "window_size": 20, "batch_size": 32, "epochs": 5, "kernel_size": 3, "attention_heads": 2}, "parameter_index": 0}
[2026-05-20 12:14:00] INFO (NNIManager) submitTrialJob: form: {
  sequenceId: 51,
  hyperParameters: {
    value: '{"parameter_id": 51, "parameter_source": "algorithm", "parameters": {"model_type": "Transformer", "units": 128, "num_layers": 4, "dropout": 0.2, "activation": "tanh", "lr": 0.00010217897529683705, "window_size": 20, "batch_size": 32, "epochs": 5, "kernel_size": 3, "attention_heads": 2}, "parameter_index": 0}',
    index: 0
  },
  placementConstraint: { type: 'None', gpus: [] }
}
[2026-05-20 12:14:00] INFO (LocalV3.local) Created trial hUBLw
[2026-05-20 12:14:02] INFO (LocalV3.local) Trial parameter: hUBLw {"parameter_id": 51, "parameter_source": "algorithm", "parameters": {"model_type": "Transformer", "units": 128, "num_layers": 4, "dropout": 0.2, "activation": "tanh", "lr": 0.00010217897529683705, "window_size": 20, "batch_size": 32, "epochs": 5, "kernel_size": 3, "attention_heads": 2}, "parameter_index": 0}
[2026-05-20 12:14:35] INFO (NNIManager) Trial job hUBLw status changed from RUNNING to SUCCEEDED
[2026-05-20 12:14:35] INFO (NNIManager) NNIManager received command from dispatcher: TR, {"parameter_id": 52, "parameter_source": "algorithm", "parameters": {"model_type": "GRU", "units": 16, "num_layers": 2, "dropout": 0.1, "activation": "relu", "lr": 5.336123445614089e-05, "window_size": 28, "batch_size": 32, "epochs": 10, "kernel_size": 2, "attention_heads": 4}, "parameter_index": 0}
[2026-05-20 12:14:35] INFO (NNIManager) submitTrialJob: form: {
  sequenceId: 52,
  hyperParameters: {
    value: '{"parameter_id": 52, "parameter_source": "algorithm", "parameters": {"model_type": "GRU", "units": 16, "num_layers": 2, "dropout": 0.1, "activation": "relu", "lr": 5.336123445614089e-05, "window_size": 28, "batch_size": 32, "epochs": 10, "kernel_size": 2, "attention_heads": 4}, "parameter_index": 0}',
    index: 0
  },
  placementConstraint: { type: 'None', gpus: [] }
}
[2026-05-20 12:14:35] INFO (LocalV3.local) Created trial bmvpj
[2026-05-20 12:14:37] INFO (LocalV3.local) Trial parameter: bmvpj {"parameter_id": 52, "parameter_source": "algorithm", "parameters": {"model_type": "GRU", "units": 16, "num_layers": 2, "dropout": 0.1, "activation": "relu", "lr": 5.336123445614089e-05, "window_size": 28, "batch_size": 32, "epochs": 10, "kernel_size": 2, "attention_heads": 4}, "parameter_index": 0}
[2026-05-20 12:14:59] INFO (NNIManager) Trial job bmvpj status changed from RUNNING to SUCCEEDED
[2026-05-20 12:14:59] INFO (NNIManager) NNIManager received command from dispatcher: TR, {"parameter_id": 53, "parameter_source": "algorithm", "parameters": {"model_type": "GRU", "units": 32, "num_layers": 2, "dropout": 0.2, "activation": "elu", "lr": 0.0005238670604017609, "window_size": 15, "batch_size": 32, "epochs": 5, "kernel_size": 5, "attention_heads": 8}, "parameter_index": 0}
[2026-05-20 12:14:59] INFO (NNIManager) submitTrialJob: form: {
  sequenceId: 53,
  hyperParameters: {
    value: '{"parameter_id": 53, "parameter_source": "algorithm", "parameters": {"model_type": "GRU", "units": 32, "num_layers": 2, "dropout": 0.2, "activation": "elu", "lr": 0.0005238670604017609, "window_size": 15, "batch_size": 32, "epochs": 5, "kernel_size": 5, "attention_heads": 8}, "parameter_index": 0}',
    index: 0
  },
  placementConstraint: { type: 'None', gpus: [] }
}
[2026-05-20 12:14:59] INFO (LocalV3.local) Created trial PPggT
[2026-05-20 12:15:01] INFO (LocalV3.local) Trial parameter: PPggT {"parameter_id": 53, "parameter_source": "algorithm", "parameters": {"model_type": "GRU", "units": 32, "num_layers": 2, "dropout": 0.2, "activation": "elu", "lr": 0.0005238670604017609, "window_size": 15, "batch_size": 32, "epochs": 5, "kernel_size": 5, "attention_heads": 8}, "parameter_index": 0}
[2026-05-20 12:15:12] INFO (NNIManager) Trial job PPggT status changed from RUNNING to SUCCEEDED
[2026-05-20 12:15:12] INFO (NNIManager) NNIManager received command from dispatcher: TR, {"parameter_id": 54, "parameter_source": "algorithm", "parameters": {"model_type": "TCN", "units": 64, "num_layers": 2, "dropout": 0.5, "activation": "sigmoid", "lr": 0.004809362830722513, "window_size": 14, "batch_size": 128, "epochs": 10, "kernel_size": 5, "attention_heads": 8}, "parameter_index": 0}
[2026-05-20 12:15:12] INFO (NNIManager) submitTrialJob: form: {
  sequenceId: 54,
  hyperParameters: {
    value: '{"parameter_id": 54, "parameter_source": "algorithm", "parameters": {"model_type": "TCN", "units": 64, "num_layers": 2, "dropout": 0.5, "activation": "sigmoid", "lr": 0.004809362830722513, "window_size": 14, "batch_size": 128, "epochs": 10, "kernel_size": 5, "attention_heads": 8}, "parameter_index": 0}',
    index: 0
  },
  placementConstraint: { type: 'None', gpus: [] }
}
[2026-05-20 12:15:12] INFO (LocalV3.local) Created trial yyg73
[2026-05-20 12:15:14] INFO (LocalV3.local) Trial parameter: yyg73 {"parameter_id": 54, "parameter_source": "algorithm", "parameters": {"model_type": "TCN", "units": 64, "num_layers": 2, "dropout": 0.5, "activation": "sigmoid", "lr": 0.004809362830722513, "window_size": 14, "batch_size": 128, "epochs": 10, "kernel_size": 5, "attention_heads": 8}, "parameter_index": 0}
[2026-05-20 12:15:18] INFO (NNIManager) Trial job yyg73 status changed from RUNNING to SUCCEEDED
[2026-05-20 12:15:18] INFO (NNIManager) NNIManager received command from dispatcher: TR, {"parameter_id": 55, "parameter_source": "algorithm", "parameters": {"model_type": "RNN", "units": 128, "num_layers": 2, "dropout": 0.3, "activation": "relu", "lr": 0.00018438831914759684, "window_size": 17, "batch_size": 16, "epochs": 5, "kernel_size": 2, "attention_heads": 8}, "parameter_index": 0}
[2026-05-20 12:15:18] INFO (NNIManager) submitTrialJob: form: {
  sequenceId: 55,
  hyperParameters: {
    value: '{"parameter_id": 55, "parameter_source": "algorithm", "parameters": {"model_type": "RNN", "units": 128, "num_layers": 2, "dropout": 0.3, "activation": "relu", "lr": 0.00018438831914759684, "window_size": 17, "batch_size": 16, "epochs": 5, "kernel_size": 2, "attention_heads": 8}, "parameter_index": 0}',
    index: 0
  },
  placementConstraint: { type: 'None', gpus: [] }
}
[2026-05-20 12:15:18] INFO (LocalV3.local) Created trial gUV09
[2026-05-20 12:15:20] INFO (LocalV3.local) Trial parameter: gUV09 {"parameter_id": 55, "parameter_source": "algorithm", "parameters": {"model_type": "RNN", "units": 128, "num_layers": 2, "dropout": 0.3, "activation": "relu", "lr": 0.00018438831914759684, "window_size": 17, "batch_size": 16, "epochs": 5, "kernel_size": 2, "attention_heads": 8}, "parameter_index": 0}
[2026-05-20 12:15:30] INFO (NNIManager) Trial job gUV09 status changed from RUNNING to SUCCEEDED
[2026-05-20 12:15:30] INFO (NNIManager) NNIManager received command from dispatcher: TR, {"parameter_id": 56, "parameter_source": "algorithm", "parameters": {"model_type": "TCN", "units": 128, "num_layers": 1, "dropout": 0.5, "activation": "tanh", "lr": 2.8717401350841806e-05, "window_size": 29, "batch_size": 128, "epochs": 5, "kernel_size": 5, "attention_heads": 2}, "parameter_index": 0}
[2026-05-20 12:15:30] INFO (NNIManager) submitTrialJob: form: {
  sequenceId: 56,
  hyperParameters: {
    value: '{"parameter_id": 56, "parameter_source": "algorithm", "parameters": {"model_type": "TCN", "units": 128, "num_layers": 1, "dropout": 0.5, "activation": "tanh", "lr": 2.8717401350841806e-05, "window_size": 29, "batch_size": 128, "epochs": 5, "kernel_size": 5, "attention_heads": 2}, "parameter_index": 0}',
    index: 0
  },
  placementConstraint: { type: 'None', gpus: [] }
}
[2026-05-20 12:15:30] INFO (LocalV3.local) Created trial dcsi8
[2026-05-20 12:15:32] INFO (LocalV3.local) Trial parameter: dcsi8 {"parameter_id": 56, "parameter_source": "algorithm", "parameters": {"model_type": "TCN", "units": 128, "num_layers": 1, "dropout": 0.5, "activation": "tanh", "lr": 2.8717401350841806e-05, "window_size": 29, "batch_size": 128, "epochs": 5, "kernel_size": 5, "attention_heads": 2}, "parameter_index": 0}
[2026-05-20 12:15:35] INFO (NNIManager) Trial job dcsi8 status changed from RUNNING to SUCCEEDED
[2026-05-20 12:15:35] INFO (NNIManager) NNIManager received command from dispatcher: TR, {"parameter_id": 57, "parameter_source": "algorithm", "parameters": {"model_type": "GRU", "units": 256, "num_layers": 2, "dropout": 0.2, "activation": "elu", "lr": 8.569803658150714e-05, "window_size": 8, "batch_size": 32, "epochs": 20, "kernel_size": 2, "attention_heads": 8}, "parameter_index": 0}
[2026-05-20 12:15:35] INFO (NNIManager) submitTrialJob: form: {
  sequenceId: 57,
  hyperParameters: {
    value: '{"parameter_id": 57, "parameter_source": "algorithm", "parameters": {"model_type": "GRU", "units": 256, "num_layers": 2, "dropout": 0.2, "activation": "elu", "lr": 8.569803658150714e-05, "window_size": 8, "batch_size": 32, "epochs": 20, "kernel_size": 2, "attention_heads": 8}, "parameter_index": 0}',
    index: 0
  },
  placementConstraint: { type: 'None', gpus: [] }
}
[2026-05-20 12:15:35] INFO (LocalV3.local) Created trial iTI46
[2026-05-20 12:15:37] INFO (LocalV3.local) Trial parameter: iTI46 {"parameter_id": 57, "parameter_source": "algorithm", "parameters": {"model_type": "GRU", "units": 256, "num_layers": 2, "dropout": 0.2, "activation": "elu", "lr": 8.569803658150714e-05, "window_size": 8, "batch_size": 32, "epochs": 20, "kernel_size": 2, "attention_heads": 8}, "parameter_index": 0}
[2026-05-20 12:16:52] INFO (NNIManager) Trial job iTI46 status changed from RUNNING to SUCCEEDED
[2026-05-20 12:16:52] INFO (NNIManager) NNIManager received command from dispatcher: TR, {"parameter_id": 58, "parameter_source": "algorithm", "parameters": {"model_type": "RNN", "units": 32, "num_layers": 4, "dropout": 0.2, "activation": "sigmoid", "lr": 0.002888154150258116, "window_size": 23, "batch_size": 64, "epochs": 20, "kernel_size": 2, "attention_heads": 4}, "parameter_index": 0}
[2026-05-20 12:16:52] INFO (NNIManager) submitTrialJob: form: {
  sequenceId: 58,
  hyperParameters: {
    value: '{"parameter_id": 58, "parameter_source": "algorithm", "parameters": {"model_type": "RNN", "units": 32, "num_layers": 4, "dropout": 0.2, "activation": "sigmoid", "lr": 0.002888154150258116, "window_size": 23, "batch_size": 64, "epochs": 20, "kernel_size": 2, "attention_heads": 4}, "parameter_index": 0}',
    index: 0
  },
  placementConstraint: { type: 'None', gpus: [] }
}
[2026-05-20 12:16:52] INFO (LocalV3.local) Created trial LaxER
[2026-05-20 12:16:54] INFO (LocalV3.local) Trial parameter: LaxER {"parameter_id": 58, "parameter_source": "algorithm", "parameters": {"model_type": "RNN", "units": 32, "num_layers": 4, "dropout": 0.2, "activation": "sigmoid", "lr": 0.002888154150258116, "window_size": 23, "batch_size": 64, "epochs": 20, "kernel_size": 2, "attention_heads": 4}, "parameter_index": 0}
[2026-05-20 12:17:14] INFO (NNIManager) Trial job LaxER status changed from RUNNING to SUCCEEDED
[2026-05-20 12:17:14] INFO (NNIManager) NNIManager received command from dispatcher: TR, {"parameter_id": 59, "parameter_source": "algorithm", "parameters": {"model_type": "MLP", "units": 16, "num_layers": 3, "dropout": 0.3, "activation": "elu", "lr": 1.0429182235350348e-05, "window_size": 15, "batch_size": 128, "epochs": 20, "kernel_size": 3, "attention_heads": 2}, "parameter_index": 0}
[2026-05-20 12:17:14] INFO (NNIManager) submitTrialJob: form: {
  sequenceId: 59,
  hyperParameters: {
    value: '{"parameter_id": 59, "parameter_source": "algorithm", "parameters": {"model_type": "MLP", "units": 16, "num_layers": 3, "dropout": 0.3, "activation": "elu", "lr": 1.0429182235350348e-05, "window_size": 15, "batch_size": 128, "epochs": 20, "kernel_size": 3, "attention_heads": 2}, "parameter_index": 0}',
    index: 0
  },
  placementConstraint: { type: 'None', gpus: [] }
}
[2026-05-20 12:17:14] INFO (LocalV3.local) Created trial aY6UB
[2026-05-20 12:17:16] INFO (LocalV3.local) Trial parameter: aY6UB {"parameter_id": 59, "parameter_source": "algorithm", "parameters": {"model_type": "MLP", "units": 16, "num_layers": 3, "dropout": 0.3, "activation": "elu", "lr": 1.0429182235350348e-05, "window_size": 15, "batch_size": 128, "epochs": 20, "kernel_size": 3, "attention_heads": 2}, "parameter_index": 0}
[2026-05-20 12:17:20] INFO (NNIManager) Trial job aY6UB status changed from RUNNING to SUCCEEDED
[2026-05-20 12:17:20] INFO (NNIManager) NNIManager received command from dispatcher: TR, {"parameter_id": 60, "parameter_source": "algorithm", "parameters": {"model_type": "RNN", "units": 128, "num_layers": 2, "dropout": 0.2, "activation": "relu", "lr": 5.404118910239752e-05, "window_size": 14, "batch_size": 32, "epochs": 10, "kernel_size": 5, "attention_heads": 8}, "parameter_index": 0}
[2026-05-20 12:17:20] INFO (NNIManager) submitTrialJob: form: {
  sequenceId: 60,
  hyperParameters: {
    value: '{"parameter_id": 60, "parameter_source": "algorithm", "parameters": {"model_type": "RNN", "units": 128, "num_layers": 2, "dropout": 0.2, "activation": "relu", "lr": 5.404118910239752e-05, "window_size": 14, "batch_size": 32, "epochs": 10, "kernel_size": 5, "attention_heads": 8}, "parameter_index": 0}',
    index: 0
  },
  placementConstraint: { type: 'None', gpus: [] }
}
[2026-05-20 12:17:20] INFO (LocalV3.local) Created trial zCqaB
[2026-05-20 12:17:22] INFO (LocalV3.local) Trial parameter: zCqaB {"parameter_id": 60, "parameter_source": "algorithm", "parameters": {"model_type": "RNN", "units": 128, "num_layers": 2, "dropout": 0.2, "activation": "relu", "lr": 5.404118910239752e-05, "window_size": 14, "batch_size": 32, "epochs": 10, "kernel_size": 5, "attention_heads": 8}, "parameter_index": 0}
[2026-05-20 12:17:33] INFO (NNIManager) Trial job zCqaB status changed from RUNNING to SUCCEEDED
[2026-05-20 12:17:33] INFO (NNIManager) NNIManager received command from dispatcher: TR, {"parameter_id": 61, "parameter_source": "algorithm", "parameters": {"model_type": "Transformer", "units": 128, "num_layers": 2, "dropout": 0.2, "activation": "sigmoid", "lr": 2.209076619038973e-05, "window_size": 27, "batch_size": 16, "epochs": 10, "kernel_size": 5, "attention_heads": 4}, "parameter_index": 0}
[2026-05-20 12:17:34] INFO (NNIManager) submitTrialJob: form: {
  sequenceId: 61,
  hyperParameters: {
    value: '{"parameter_id": 61, "parameter_source": "algorithm", "parameters": {"model_type": "Transformer", "units": 128, "num_layers": 2, "dropout": 0.2, "activation": "sigmoid", "lr": 2.209076619038973e-05, "window_size": 27, "batch_size": 16, "epochs": 10, "kernel_size": 5, "attention_heads": 4}, "parameter_index": 0}',
    index: 0
  },
  placementConstraint: { type: 'None', gpus: [] }
}
[2026-05-20 12:17:34] INFO (LocalV3.local) Created trial iqLC5
[2026-05-20 12:17:35] INFO (LocalV3.local) Trial parameter: iqLC5 {"parameter_id": 61, "parameter_source": "algorithm", "parameters": {"model_type": "Transformer", "units": 128, "num_layers": 2, "dropout": 0.2, "activation": "sigmoid", "lr": 2.209076619038973e-05, "window_size": 27, "batch_size": 16, "epochs": 10, "kernel_size": 5, "attention_heads": 4}, "parameter_index": 0}
[2026-05-20 12:18:33] INFO (NNIManager) Trial job iqLC5 status changed from RUNNING to SUCCEEDED
[2026-05-20 12:18:33] INFO (NNIManager) NNIManager received command from dispatcher: TR, {"parameter_id": 62, "parameter_source": "algorithm", "parameters": {"model_type": "CNN", "units": 128, "num_layers": 3, "dropout": 0.3, "activation": "elu", "lr": 0.0001425452108945521, "window_size": 7, "batch_size": 16, "epochs": 15, "kernel_size": 5, "attention_heads": 4}, "parameter_index": 0}
[2026-05-20 12:18:33] INFO (NNIManager) submitTrialJob: form: {
  sequenceId: 62,
  hyperParameters: {
    value: '{"parameter_id": 62, "parameter_source": "algorithm", "parameters": {"model_type": "CNN", "units": 128, "num_layers": 3, "dropout": 0.3, "activation": "elu", "lr": 0.0001425452108945521, "window_size": 7, "batch_size": 16, "epochs": 15, "kernel_size": 5, "attention_heads": 4}, "parameter_index": 0}',
    index: 0
  },
  placementConstraint: { type: 'None', gpus: [] }
}
[2026-05-20 12:18:33] INFO (LocalV3.local) Created trial LY8If
[2026-05-20 12:18:35] INFO (LocalV3.local) Trial parameter: LY8If {"parameter_id": 62, "parameter_source": "algorithm", "parameters": {"model_type": "CNN", "units": 128, "num_layers": 3, "dropout": 0.3, "activation": "elu", "lr": 0.0001425452108945521, "window_size": 7, "batch_size": 16, "epochs": 15, "kernel_size": 5, "attention_heads": 4}, "parameter_index": 0}
[2026-05-20 12:18:54] INFO (NNIManager) Trial job LY8If status changed from RUNNING to SUCCEEDED
[2026-05-20 12:18:54] INFO (NNIManager) NNIManager received command from dispatcher: TR, {"parameter_id": 63, "parameter_source": "algorithm", "parameters": {"model_type": "MLP", "units": 256, "num_layers": 3, "dropout": 0.3, "activation": "relu", "lr": 8.572941971215467e-05, "window_size": 11, "batch_size": 32, "epochs": 20, "kernel_size": 7, "attention_heads": 2}, "parameter_index": 0}
[2026-05-20 12:18:54] INFO (NNIManager) submitTrialJob: form: {
  sequenceId: 63,
  hyperParameters: {
    value: '{"parameter_id": 63, "parameter_source": "algorithm", "parameters": {"model_type": "MLP", "units": 256, "num_layers": 3, "dropout": 0.3, "activation": "relu", "lr": 8.572941971215467e-05, "window_size": 11, "batch_size": 32, "epochs": 20, "kernel_size": 7, "attention_heads": 2}, "parameter_index": 0}',
    index: 0
  },
  placementConstraint: { type: 'None', gpus: [] }
}
[2026-05-20 12:18:54] INFO (LocalV3.local) Created trial ozYNp
[2026-05-20 12:18:56] INFO (LocalV3.local) Trial parameter: ozYNp {"parameter_id": 63, "parameter_source": "algorithm", "parameters": {"model_type": "MLP", "units": 256, "num_layers": 3, "dropout": 0.3, "activation": "relu", "lr": 8.572941971215467e-05, "window_size": 11, "batch_size": 32, "epochs": 20, "kernel_size": 7, "attention_heads": 2}, "parameter_index": 0}
[2026-05-20 12:19:04] INFO (NNIManager) Trial job ozYNp status changed from RUNNING to SUCCEEDED
[2026-05-20 12:19:04] INFO (NNIManager) NNIManager received command from dispatcher: TR, {"parameter_id": 64, "parameter_source": "algorithm", "parameters": {"model_type": "Transformer", "units": 64, "num_layers": 4, "dropout": 0.3, "activation": "sigmoid", "lr": 1.5922615970243654e-05, "window_size": 4, "batch_size": 128, "epochs": 10, "kernel_size": 2, "attention_heads": 2}, "parameter_index": 0}
[2026-05-20 12:19:05] INFO (NNIManager) submitTrialJob: form: {
  sequenceId: 64,
  hyperParameters: {
    value: '{"parameter_id": 64, "parameter_source": "algorithm", "parameters": {"model_type": "Transformer", "units": 64, "num_layers": 4, "dropout": 0.3, "activation": "sigmoid", "lr": 1.5922615970243654e-05, "window_size": 4, "batch_size": 128, "epochs": 10, "kernel_size": 2, "attention_heads": 2}, "parameter_index": 0}',
    index: 0
  },
  placementConstraint: { type: 'None', gpus: [] }
}
[2026-05-20 12:19:05] INFO (LocalV3.local) Created trial pH2og
[2026-05-20 12:19:07] INFO (LocalV3.local) Trial parameter: pH2og {"parameter_id": 64, "parameter_source": "algorithm", "parameters": {"model_type": "Transformer", "units": 64, "num_layers": 4, "dropout": 0.3, "activation": "sigmoid", "lr": 1.5922615970243654e-05, "window_size": 4, "batch_size": 128, "epochs": 10, "kernel_size": 2, "attention_heads": 2}, "parameter_index": 0}
[2026-05-20 12:19:21] INFO (NNIManager) Trial job pH2og status changed from RUNNING to SUCCEEDED
[2026-05-20 12:19:21] INFO (NNIManager) NNIManager received command from dispatcher: TR, {"parameter_id": 65, "parameter_source": "algorithm", "parameters": {"model_type": "RNN", "units": 256, "num_layers": 2, "dropout": 0, "activation": "elu", "lr": 0.007595065548016004, "window_size": 20, "batch_size": 64, "epochs": 20, "kernel_size": 7, "attention_heads": 8}, "parameter_index": 0}
[2026-05-20 12:19:22] INFO (NNIManager) submitTrialJob: form: {
  sequenceId: 65,
  hyperParameters: {
    value: '{"parameter_id": 65, "parameter_source": "algorithm", "parameters": {"model_type": "RNN", "units": 256, "num_layers": 2, "dropout": 0, "activation": "elu", "lr": 0.007595065548016004, "window_size": 20, "batch_size": 64, "epochs": 20, "kernel_size": 7, "attention_heads": 8}, "parameter_index": 0}',
    index: 0
  },
  placementConstraint: { type: 'None', gpus: [] }
}
[2026-05-20 12:19:22] INFO (LocalV3.local) Created trial lkFK3
[2026-05-20 12:19:24] INFO (LocalV3.local) Trial parameter: lkFK3 {"parameter_id": 65, "parameter_source": "algorithm", "parameters": {"model_type": "RNN", "units": 256, "num_layers": 2, "dropout": 0, "activation": "elu", "lr": 0.007595065548016004, "window_size": 20, "batch_size": 64, "epochs": 20, "kernel_size": 7, "attention_heads": 8}, "parameter_index": 0}
[2026-05-20 12:20:05] INFO (NNIManager) Trial job lkFK3 status changed from RUNNING to SUCCEEDED
[2026-05-20 12:20:05] INFO (NNIManager) NNIManager received command from dispatcher: TR, {"parameter_id": 66, "parameter_source": "algorithm", "parameters": {"model_type": "MLP", "units": 32, "num_layers": 1, "dropout": 0, "activation": "sigmoid", "lr": 0.00028993236731177904, "window_size": 20, "batch_size": 64, "epochs": 20, "kernel_size": 3, "attention_heads": 4}, "parameter_index": 0}
[2026-05-20 12:20:05] INFO (NNIManager) submitTrialJob: form: {
  sequenceId: 66,
  hyperParameters: {
    value: '{"parameter_id": 66, "parameter_source": "algorithm", "parameters": {"model_type": "MLP", "units": 32, "num_layers": 1, "dropout": 0, "activation": "sigmoid", "lr": 0.00028993236731177904, "window_size": 20, "batch_size": 64, "epochs": 20, "kernel_size": 3, "attention_heads": 4}, "parameter_index": 0}',
    index: 0
  },
  placementConstraint: { type: 'None', gpus: [] }
}
[2026-05-20 12:20:05] INFO (LocalV3.local) Created trial OVwA4
[2026-05-20 12:20:07] INFO (LocalV3.local) Trial parameter: OVwA4 {"parameter_id": 66, "parameter_source": "algorithm", "parameters": {"model_type": "MLP", "units": 32, "num_layers": 1, "dropout": 0, "activation": "sigmoid", "lr": 0.00028993236731177904, "window_size": 20, "batch_size": 64, "epochs": 20, "kernel_size": 3, "attention_heads": 4}, "parameter_index": 0}
[2026-05-20 12:20:11] INFO (NNIManager) Trial job OVwA4 status changed from RUNNING to SUCCEEDED
[2026-05-20 12:20:11] INFO (NNIManager) NNIManager received command from dispatcher: TR, {"parameter_id": 67, "parameter_source": "algorithm", "parameters": {"model_type": "GRU", "units": 32, "num_layers": 2, "dropout": 0.1, "activation": "tanh", "lr": 0.001715311780007322, "window_size": 2, "batch_size": 128, "epochs": 15, "kernel_size": 7, "attention_heads": 8}, "parameter_index": 0}
[2026-05-20 12:20:11] INFO (NNIManager) submitTrialJob: form: {
  sequenceId: 67,
  hyperParameters: {
    value: '{"parameter_id": 67, "parameter_source": "algorithm", "parameters": {"model_type": "GRU", "units": 32, "num_layers": 2, "dropout": 0.1, "activation": "tanh", "lr": 0.001715311780007322, "window_size": 2, "batch_size": 128, "epochs": 15, "kernel_size": 7, "attention_heads": 8}, "parameter_index": 0}',
    index: 0
  },
  placementConstraint: { type: 'None', gpus: [] }
}
[2026-05-20 12:20:12] INFO (LocalV3.local) Created trial vVnXv
[2026-05-20 12:20:13] INFO (LocalV3.local) Trial parameter: vVnXv {"parameter_id": 67, "parameter_source": "algorithm", "parameters": {"model_type": "GRU", "units": 32, "num_layers": 2, "dropout": 0.1, "activation": "tanh", "lr": 0.001715311780007322, "window_size": 2, "batch_size": 128, "epochs": 15, "kernel_size": 7, "attention_heads": 8}, "parameter_index": 0}
[2026-05-20 12:20:20] INFO (NNIManager) Trial job vVnXv status changed from RUNNING to SUCCEEDED
[2026-05-20 12:20:20] INFO (NNIManager) NNIManager received command from dispatcher: TR, {"parameter_id": 68, "parameter_source": "algorithm", "parameters": {"model_type": "CNN", "units": 256, "num_layers": 3, "dropout": 0, "activation": "relu", "lr": 0.005712999068212262, "window_size": 14, "batch_size": 16, "epochs": 5, "kernel_size": 2, "attention_heads": 2}, "parameter_index": 0}
[2026-05-20 12:20:21] INFO (NNIManager) submitTrialJob: form: {
  sequenceId: 68,
  hyperParameters: {
    value: '{"parameter_id": 68, "parameter_source": "algorithm", "parameters": {"model_type": "CNN", "units": 256, "num_layers": 3, "dropout": 0, "activation": "relu", "lr": 0.005712999068212262, "window_size": 14, "batch_size": 16, "epochs": 5, "kernel_size": 2, "attention_heads": 2}, "parameter_index": 0}',
    index: 0
  },
  placementConstraint: { type: 'None', gpus: [] }
}
[2026-05-20 12:20:21] INFO (LocalV3.local) Created trial j8SkW
[2026-05-20 12:20:22] INFO (LocalV3.local) Trial parameter: j8SkW {"parameter_id": 68, "parameter_source": "algorithm", "parameters": {"model_type": "CNN", "units": 256, "num_layers": 3, "dropout": 0, "activation": "relu", "lr": 0.005712999068212262, "window_size": 14, "batch_size": 16, "epochs": 5, "kernel_size": 2, "attention_heads": 2}, "parameter_index": 0}
[2026-05-20 12:20:31] INFO (NNIManager) Trial job j8SkW status changed from RUNNING to SUCCEEDED
[2026-05-20 12:20:31] INFO (NNIManager) NNIManager received command from dispatcher: TR, {"parameter_id": 69, "parameter_source": "algorithm", "parameters": {"model_type": "TCN", "units": 64, "num_layers": 4, "dropout": 0.3, "activation": "tanh", "lr": 0.0002875033160818724, "window_size": 27, "batch_size": 128, "epochs": 5, "kernel_size": 2, "attention_heads": 4}, "parameter_index": 0}
[2026-05-20 12:20:31] INFO (NNIManager) submitTrialJob: form: {
  sequenceId: 69,
  hyperParameters: {
    value: '{"parameter_id": 69, "parameter_source": "algorithm", "parameters": {"model_type": "TCN", "units": 64, "num_layers": 4, "dropout": 0.3, "activation": "tanh", "lr": 0.0002875033160818724, "window_size": 27, "batch_size": 128, "epochs": 5, "kernel_size": 2, "attention_heads": 4}, "parameter_index": 0}',
    index: 0
  },
  placementConstraint: { type: 'None', gpus: [] }
}
[2026-05-20 12:20:31] INFO (LocalV3.local) Created trial bPx1u
[2026-05-20 12:20:33] INFO (LocalV3.local) Trial parameter: bPx1u {"parameter_id": 69, "parameter_source": "algorithm", "parameters": {"model_type": "TCN", "units": 64, "num_layers": 4, "dropout": 0.3, "activation": "tanh", "lr": 0.0002875033160818724, "window_size": 27, "batch_size": 128, "epochs": 5, "kernel_size": 2, "attention_heads": 4}, "parameter_index": 0}
[2026-05-20 12:20:37] INFO (NNIManager) Trial job bPx1u status changed from RUNNING to SUCCEEDED
[2026-05-20 12:20:37] INFO (NNIManager) NNIManager received command from dispatcher: TR, {"parameter_id": 70, "parameter_source": "algorithm", "parameters": {"model_type": "CNN", "units": 16, "num_layers": 3, "dropout": 0.5, "activation": "elu", "lr": 2.974722679651031e-05, "window_size": 22, "batch_size": 128, "epochs": 10, "kernel_size": 2, "attention_heads": 2}, "parameter_index": 0}
[2026-05-20 12:20:38] INFO (NNIManager) submitTrialJob: form: {
  sequenceId: 70,
  hyperParameters: {
    value: '{"parameter_id": 70, "parameter_source": "algorithm", "parameters": {"model_type": "CNN", "units": 16, "num_layers": 3, "dropout": 0.5, "activation": "elu", "lr": 2.974722679651031e-05, "window_size": 22, "batch_size": 128, "epochs": 10, "kernel_size": 2, "attention_heads": 2}, "parameter_index": 0}',
    index: 0
  },
  placementConstraint: { type: 'None', gpus: [] }
}
[2026-05-20 12:20:38] INFO (LocalV3.local) Created trial DD7BV
[2026-05-20 12:20:39] INFO (LocalV3.local) Trial parameter: DD7BV {"parameter_id": 70, "parameter_source": "algorithm", "parameters": {"model_type": "CNN", "units": 16, "num_layers": 3, "dropout": 0.5, "activation": "elu", "lr": 2.974722679651031e-05, "window_size": 22, "batch_size": 128, "epochs": 10, "kernel_size": 2, "attention_heads": 2}, "parameter_index": 0}
[2026-05-20 12:20:43] INFO (NNIManager) Trial job DD7BV status changed from RUNNING to SUCCEEDED
[2026-05-20 12:20:43] INFO (NNIManager) NNIManager received command from dispatcher: TR, {"parameter_id": 71, "parameter_source": "algorithm", "parameters": {"model_type": "GRU", "units": 32, "num_layers": 2, "dropout": 0.2, "activation": "tanh", "lr": 0.001154384899508025, "window_size": 20, "batch_size": 16, "epochs": 15, "kernel_size": 3, "attention_heads": 2}, "parameter_index": 0}
[2026-05-20 12:20:43] INFO (NNIManager) submitTrialJob: form: {
  sequenceId: 71,
  hyperParameters: {
    value: '{"parameter_id": 71, "parameter_source": "algorithm", "parameters": {"model_type": "GRU", "units": 32, "num_layers": 2, "dropout": 0.2, "activation": "tanh", "lr": 0.001154384899508025, "window_size": 20, "batch_size": 16, "epochs": 15, "kernel_size": 3, "attention_heads": 2}, "parameter_index": 0}',
    index: 0
  },
  placementConstraint: { type: 'None', gpus: [] }
}
[2026-05-20 12:20:43] INFO (LocalV3.local) Created trial d3hGp
[2026-05-20 12:20:45] INFO (LocalV3.local) Trial parameter: d3hGp {"parameter_id": 71, "parameter_source": "algorithm", "parameters": {"model_type": "GRU", "units": 32, "num_layers": 2, "dropout": 0.2, "activation": "tanh", "lr": 0.001154384899508025, "window_size": 20, "batch_size": 16, "epochs": 15, "kernel_size": 3, "attention_heads": 2}, "parameter_index": 0}
[2026-05-20 12:21:32] INFO (NNIManager) Trial job d3hGp status changed from RUNNING to SUCCEEDED
[2026-05-20 12:21:32] INFO (NNIManager) NNIManager received command from dispatcher: TR, {"parameter_id": 72, "parameter_source": "algorithm", "parameters": {"model_type": "LSTM", "units": 64, "num_layers": 3, "dropout": 0.3, "activation": "elu", "lr": 0.0038801481191053783, "window_size": 11, "batch_size": 16, "epochs": 20, "kernel_size": 7, "attention_heads": 2}, "parameter_index": 0}
[2026-05-20 12:21:32] INFO (NNIManager) submitTrialJob: form: {
  sequenceId: 72,
  hyperParameters: {
    value: '{"parameter_id": 72, "parameter_source": "algorithm", "parameters": {"model_type": "LSTM", "units": 64, "num_layers": 3, "dropout": 0.3, "activation": "elu", "lr": 0.0038801481191053783, "window_size": 11, "batch_size": 16, "epochs": 20, "kernel_size": 7, "attention_heads": 2}, "parameter_index": 0}',
    index: 0
  },
  placementConstraint: { type: 'None', gpus: [] }
}
[2026-05-20 12:21:32] INFO (LocalV3.local) Created trial GegSE
[2026-05-20 12:21:34] INFO (LocalV3.local) Trial parameter: GegSE {"parameter_id": 72, "parameter_source": "algorithm", "parameters": {"model_type": "LSTM", "units": 64, "num_layers": 3, "dropout": 0.3, "activation": "elu", "lr": 0.0038801481191053783, "window_size": 11, "batch_size": 16, "epochs": 20, "kernel_size": 7, "attention_heads": 2}, "parameter_index": 0}
[2026-05-20 12:22:39] INFO (NNIManager) Trial job GegSE status changed from RUNNING to SUCCEEDED
[2026-05-20 12:22:39] INFO (NNIManager) NNIManager received command from dispatcher: TR, {"parameter_id": 73, "parameter_source": "algorithm", "parameters": {"model_type": "MLP", "units": 16, "num_layers": 4, "dropout": 0, "activation": "sigmoid", "lr": 0.000773302402599036, "window_size": 2, "batch_size": 32, "epochs": 10, "kernel_size": 2, "attention_heads": 2}, "parameter_index": 0}
[2026-05-20 12:22:39] INFO (NNIManager) submitTrialJob: form: {
  sequenceId: 73,
  hyperParameters: {
    value: '{"parameter_id": 73, "parameter_source": "algorithm", "parameters": {"model_type": "MLP", "units": 16, "num_layers": 4, "dropout": 0, "activation": "sigmoid", "lr": 0.000773302402599036, "window_size": 2, "batch_size": 32, "epochs": 10, "kernel_size": 2, "attention_heads": 2}, "parameter_index": 0}',
    index: 0
  },
  placementConstraint: { type: 'None', gpus: [] }
}
[2026-05-20 12:22:39] INFO (LocalV3.local) Created trial atWHD
[2026-05-20 12:22:41] INFO (LocalV3.local) Trial parameter: atWHD {"parameter_id": 73, "parameter_source": "algorithm", "parameters": {"model_type": "MLP", "units": 16, "num_layers": 4, "dropout": 0, "activation": "sigmoid", "lr": 0.000773302402599036, "window_size": 2, "batch_size": 32, "epochs": 10, "kernel_size": 2, "attention_heads": 2}, "parameter_index": 0}
[2026-05-20 12:22:44] INFO (NNIManager) Trial job atWHD status changed from RUNNING to SUCCEEDED
[2026-05-20 12:22:44] INFO (NNIManager) NNIManager received command from dispatcher: TR, {"parameter_id": 74, "parameter_source": "algorithm", "parameters": {"model_type": "CNN", "units": 16, "num_layers": 1, "dropout": 0.2, "activation": "sigmoid", "lr": 0.0017653987736551183, "window_size": 11, "batch_size": 128, "epochs": 20, "kernel_size": 7, "attention_heads": 2}, "parameter_index": 0}
[2026-05-20 12:22:45] INFO (NNIManager) submitTrialJob: form: {
  sequenceId: 74,
  hyperParameters: {
    value: '{"parameter_id": 74, "parameter_source": "algorithm", "parameters": {"model_type": "CNN", "units": 16, "num_layers": 1, "dropout": 0.2, "activation": "sigmoid", "lr": 0.0017653987736551183, "window_size": 11, "batch_size": 128, "epochs": 20, "kernel_size": 7, "attention_heads": 2}, "parameter_index": 0}',
    index: 0
  },
  placementConstraint: { type: 'None', gpus: [] }
}
[2026-05-20 12:22:45] INFO (LocalV3.local) Created trial tT1py
[2026-05-20 12:22:47] INFO (LocalV3.local) Trial parameter: tT1py {"parameter_id": 74, "parameter_source": "algorithm", "parameters": {"model_type": "CNN", "units": 16, "num_layers": 1, "dropout": 0.2, "activation": "sigmoid", "lr": 0.0017653987736551183, "window_size": 11, "batch_size": 128, "epochs": 20, "kernel_size": 7, "attention_heads": 2}, "parameter_index": 0}
[2026-05-20 12:22:50] INFO (NNIManager) Trial job tT1py status changed from RUNNING to SUCCEEDED
[2026-05-20 12:22:50] INFO (NNIManager) NNIManager received command from dispatcher: TR, {"parameter_id": 75, "parameter_source": "algorithm", "parameters": {"model_type": "MLP", "units": 128, "num_layers": 4, "dropout": 0, "activation": "sigmoid", "lr": 0.0002368437299063274, "window_size": 12, "batch_size": 64, "epochs": 20, "kernel_size": 2, "attention_heads": 2}, "parameter_index": 0}
[2026-05-20 12:22:51] INFO (NNIManager) submitTrialJob: form: {
  sequenceId: 75,
  hyperParameters: {
    value: '{"parameter_id": 75, "parameter_source": "algorithm", "parameters": {"model_type": "MLP", "units": 128, "num_layers": 4, "dropout": 0, "activation": "sigmoid", "lr": 0.0002368437299063274, "window_size": 12, "batch_size": 64, "epochs": 20, "kernel_size": 2, "attention_heads": 2}, "parameter_index": 0}',
    index: 0
  },
  placementConstraint: { type: 'None', gpus: [] }
}
[2026-05-20 12:22:51] INFO (LocalV3.local) Created trial Ot7iu
[2026-05-20 12:22:53] INFO (LocalV3.local) Trial parameter: Ot7iu {"parameter_id": 75, "parameter_source": "algorithm", "parameters": {"model_type": "MLP", "units": 128, "num_layers": 4, "dropout": 0, "activation": "sigmoid", "lr": 0.0002368437299063274, "window_size": 12, "batch_size": 64, "epochs": 20, "kernel_size": 2, "attention_heads": 2}, "parameter_index": 0}
[2026-05-20 12:22:58] INFO (NNIManager) Trial job Ot7iu status changed from RUNNING to SUCCEEDED
[2026-05-20 12:22:58] INFO (NNIManager) NNIManager received command from dispatcher: TR, {"parameter_id": 76, "parameter_source": "algorithm", "parameters": {"model_type": "CNN", "units": 256, "num_layers": 1, "dropout": 0.5, "activation": "elu", "lr": 2.624650577267746e-05, "window_size": 22, "batch_size": 32, "epochs": 10, "kernel_size": 2, "attention_heads": 8}, "parameter_index": 0}
[2026-05-20 12:22:58] INFO (NNIManager) submitTrialJob: form: {
  sequenceId: 76,
  hyperParameters: {
    value: '{"parameter_id": 76, "parameter_source": "algorithm", "parameters": {"model_type": "CNN", "units": 256, "num_layers": 1, "dropout": 0.5, "activation": "elu", "lr": 2.624650577267746e-05, "window_size": 22, "batch_size": 32, "epochs": 10, "kernel_size": 2, "attention_heads": 8}, "parameter_index": 0}',
    index: 0
  },
  placementConstraint: { type: 'None', gpus: [] }
}
[2026-05-20 12:22:58] INFO (LocalV3.local) Created trial Eybrh
[2026-05-20 12:23:00] INFO (LocalV3.local) Trial parameter: Eybrh {"parameter_id": 76, "parameter_source": "algorithm", "parameters": {"model_type": "CNN", "units": 256, "num_layers": 1, "dropout": 0.5, "activation": "elu", "lr": 2.624650577267746e-05, "window_size": 22, "batch_size": 32, "epochs": 10, "kernel_size": 2, "attention_heads": 8}, "parameter_index": 0}
[2026-05-20 12:23:05] INFO (NNIManager) Trial job Eybrh status changed from RUNNING to SUCCEEDED
[2026-05-20 12:23:05] INFO (NNIManager) NNIManager received command from dispatcher: TR, {"parameter_id": 77, "parameter_source": "algorithm", "parameters": {"model_type": "LSTM", "units": 32, "num_layers": 1, "dropout": 0.1, "activation": "sigmoid", "lr": 5.785918889024391e-05, "window_size": 26, "batch_size": 64, "epochs": 10, "kernel_size": 7, "attention_heads": 4}, "parameter_index": 0}
[2026-05-20 12:23:05] INFO (NNIManager) submitTrialJob: form: {
  sequenceId: 77,
  hyperParameters: {
    value: '{"parameter_id": 77, "parameter_source": "algorithm", "parameters": {"model_type": "LSTM", "units": 32, "num_layers": 1, "dropout": 0.1, "activation": "sigmoid", "lr": 5.785918889024391e-05, "window_size": 26, "batch_size": 64, "epochs": 10, "kernel_size": 7, "attention_heads": 4}, "parameter_index": 0}',
    index: 0
  },
  placementConstraint: { type: 'None', gpus: [] }
}
[2026-05-20 12:23:05] INFO (LocalV3.local) Created trial QTipx
[2026-05-20 12:23:07] INFO (LocalV3.local) Trial parameter: QTipx {"parameter_id": 77, "parameter_source": "algorithm", "parameters": {"model_type": "LSTM", "units": 32, "num_layers": 1, "dropout": 0.1, "activation": "sigmoid", "lr": 5.785918889024391e-05, "window_size": 26, "batch_size": 64, "epochs": 10, "kernel_size": 7, "attention_heads": 4}, "parameter_index": 0}
[2026-05-20 12:23:15] INFO (NNIManager) Trial job QTipx status changed from RUNNING to SUCCEEDED
[2026-05-20 12:23:15] INFO (NNIManager) NNIManager received command from dispatcher: TR, {"parameter_id": 78, "parameter_source": "algorithm", "parameters": {"model_type": "TCN", "units": 128, "num_layers": 2, "dropout": 0.3, "activation": "relu", "lr": 0.00011396967205581099, "window_size": 26, "batch_size": 32, "epochs": 15, "kernel_size": 5, "attention_heads": 8}, "parameter_index": 0}
[2026-05-20 12:23:15] INFO (NNIManager) submitTrialJob: form: {
  sequenceId: 78,
  hyperParameters: {
    value: '{"parameter_id": 78, "parameter_source": "algorithm", "parameters": {"model_type": "TCN", "units": 128, "num_layers": 2, "dropout": 0.3, "activation": "relu", "lr": 0.00011396967205581099, "window_size": 26, "batch_size": 32, "epochs": 15, "kernel_size": 5, "attention_heads": 8}, "parameter_index": 0}',
    index: 0
  },
  placementConstraint: { type: 'None', gpus: [] }
}
[2026-05-20 12:23:15] INFO (LocalV3.local) Created trial kOkSu
[2026-05-20 12:23:17] INFO (LocalV3.local) Trial parameter: kOkSu {"parameter_id": 78, "parameter_source": "algorithm", "parameters": {"model_type": "TCN", "units": 128, "num_layers": 2, "dropout": 0.3, "activation": "relu", "lr": 0.00011396967205581099, "window_size": 26, "batch_size": 32, "epochs": 15, "kernel_size": 5, "attention_heads": 8}, "parameter_index": 0}
[2026-05-20 12:23:31] INFO (NNIManager) Trial job kOkSu status changed from RUNNING to SUCCEEDED
[2026-05-20 12:23:32] INFO (NNIManager) NNIManager received command from dispatcher: TR, {"parameter_id": 79, "parameter_source": "algorithm", "parameters": {"model_type": "MLP", "units": 128, "num_layers": 4, "dropout": 0.1, "activation": "tanh", "lr": 0.0004201347588960041, "window_size": 15, "batch_size": 16, "epochs": 10, "kernel_size": 5, "attention_heads": 2}, "parameter_index": 0}
[2026-05-20 12:23:32] INFO (NNIManager) submitTrialJob: form: {
  sequenceId: 79,
  hyperParameters: {
    value: '{"parameter_id": 79, "parameter_source": "algorithm", "parameters": {"model_type": "MLP", "units": 128, "num_layers": 4, "dropout": 0.1, "activation": "tanh", "lr": 0.0004201347588960041, "window_size": 15, "batch_size": 16, "epochs": 10, "kernel_size": 5, "attention_heads": 2}, "parameter_index": 0}',
    index: 0
  },
  placementConstraint: { type: 'None', gpus: [] }
}
[2026-05-20 12:23:32] INFO (LocalV3.local) Created trial lUZcW
[2026-05-20 12:23:34] INFO (LocalV3.local) Trial parameter: lUZcW {"parameter_id": 79, "parameter_source": "algorithm", "parameters": {"model_type": "MLP", "units": 128, "num_layers": 4, "dropout": 0.1, "activation": "tanh", "lr": 0.0004201347588960041, "window_size": 15, "batch_size": 16, "epochs": 10, "kernel_size": 5, "attention_heads": 2}, "parameter_index": 0}
[2026-05-20 12:23:40] INFO (NNIManager) Trial job lUZcW status changed from RUNNING to SUCCEEDED
[2026-05-20 12:23:40] INFO (NNIManager) NNIManager received command from dispatcher: TR, {"parameter_id": 80, "parameter_source": "algorithm", "parameters": {"model_type": "RNN", "units": 128, "num_layers": 1, "dropout": 0.2, "activation": "tanh", "lr": 0.0008557127341340932, "window_size": 11, "batch_size": 128, "epochs": 15, "kernel_size": 5, "attention_heads": 8}, "parameter_index": 0}
[2026-05-20 12:23:40] INFO (NNIManager) submitTrialJob: form: {
  sequenceId: 80,
  hyperParameters: {
    value: '{"parameter_id": 80, "parameter_source": "algorithm", "parameters": {"model_type": "RNN", "units": 128, "num_layers": 1, "dropout": 0.2, "activation": "tanh", "lr": 0.0008557127341340932, "window_size": 11, "batch_size": 128, "epochs": 15, "kernel_size": 5, "attention_heads": 8}, "parameter_index": 0}',
    index: 0
  },
  placementConstraint: { type: 'None', gpus: [] }
}
[2026-05-20 12:23:40] INFO (LocalV3.local) Created trial AFa6x
[2026-05-20 12:23:42] INFO (LocalV3.local) Trial parameter: AFa6x {"parameter_id": 80, "parameter_source": "algorithm", "parameters": {"model_type": "RNN", "units": 128, "num_layers": 1, "dropout": 0.2, "activation": "tanh", "lr": 0.0008557127341340932, "window_size": 11, "batch_size": 128, "epochs": 15, "kernel_size": 5, "attention_heads": 8}, "parameter_index": 0}
[2026-05-20 12:23:48] INFO (NNIManager) Trial job AFa6x status changed from RUNNING to SUCCEEDED
[2026-05-20 12:23:48] INFO (NNIManager) NNIManager received command from dispatcher: TR, {"parameter_id": 81, "parameter_source": "algorithm", "parameters": {"model_type": "TCN", "units": 64, "num_layers": 3, "dropout": 0.3, "activation": "relu", "lr": 0.006538409732662995, "window_size": 18, "batch_size": 64, "epochs": 15, "kernel_size": 3, "attention_heads": 4}, "parameter_index": 0}
[2026-05-20 12:23:48] INFO (NNIManager) submitTrialJob: form: {
  sequenceId: 81,
  hyperParameters: {
    value: '{"parameter_id": 81, "parameter_source": "algorithm", "parameters": {"model_type": "TCN", "units": 64, "num_layers": 3, "dropout": 0.3, "activation": "relu", "lr": 0.006538409732662995, "window_size": 18, "batch_size": 64, "epochs": 15, "kernel_size": 3, "attention_heads": 4}, "parameter_index": 0}',
    index: 0
  },
  placementConstraint: { type: 'None', gpus: [] }
}
[2026-05-20 12:23:48] INFO (LocalV3.local) Created trial UeQAg
[2026-05-20 12:23:50] INFO (LocalV3.local) Trial parameter: UeQAg {"parameter_id": 81, "parameter_source": "algorithm", "parameters": {"model_type": "TCN", "units": 64, "num_layers": 3, "dropout": 0.3, "activation": "relu", "lr": 0.006538409732662995, "window_size": 18, "batch_size": 64, "epochs": 15, "kernel_size": 3, "attention_heads": 4}, "parameter_index": 0}
[2026-05-20 12:23:58] INFO (NNIManager) Trial job UeQAg status changed from RUNNING to SUCCEEDED
[2026-05-20 12:23:58] INFO (NNIManager) NNIManager received command from dispatcher: TR, {"parameter_id": 82, "parameter_source": "algorithm", "parameters": {"model_type": "MLP", "units": 64, "num_layers": 3, "dropout": 0.5, "activation": "tanh", "lr": 0.005668124383438761, "window_size": 14, "batch_size": 64, "epochs": 10, "kernel_size": 5, "attention_heads": 4}, "parameter_index": 0}
[2026-05-20 12:23:58] INFO (NNIManager) submitTrialJob: form: {
  sequenceId: 82,
  hyperParameters: {
    value: '{"parameter_id": 82, "parameter_source": "algorithm", "parameters": {"model_type": "MLP", "units": 64, "num_layers": 3, "dropout": 0.5, "activation": "tanh", "lr": 0.005668124383438761, "window_size": 14, "batch_size": 64, "epochs": 10, "kernel_size": 5, "attention_heads": 4}, "parameter_index": 0}',
    index: 0
  },
  placementConstraint: { type: 'None', gpus: [] }
}
[2026-05-20 12:23:58] INFO (LocalV3.local) Created trial zDoOz
[2026-05-20 12:24:00] INFO (LocalV3.local) Trial parameter: zDoOz {"parameter_id": 82, "parameter_source": "algorithm", "parameters": {"model_type": "MLP", "units": 64, "num_layers": 3, "dropout": 0.5, "activation": "tanh", "lr": 0.005668124383438761, "window_size": 14, "batch_size": 64, "epochs": 10, "kernel_size": 5, "attention_heads": 4}, "parameter_index": 0}
[2026-05-20 12:24:03] INFO (NNIManager) Trial job zDoOz status changed from RUNNING to SUCCEEDED
[2026-05-20 12:24:03] INFO (NNIManager) NNIManager received command from dispatcher: TR, {"parameter_id": 83, "parameter_source": "algorithm", "parameters": {"model_type": "LSTM", "units": 64, "num_layers": 2, "dropout": 0, "activation": "relu", "lr": 0.0015483540284840958, "window_size": 7, "batch_size": 16, "epochs": 20, "kernel_size": 2, "attention_heads": 2}, "parameter_index": 0}
[2026-05-20 12:24:04] INFO (NNIManager) submitTrialJob: form: {
  sequenceId: 83,
  hyperParameters: {
    value: '{"parameter_id": 83, "parameter_source": "algorithm", "parameters": {"model_type": "LSTM", "units": 64, "num_layers": 2, "dropout": 0, "activation": "relu", "lr": 0.0015483540284840958, "window_size": 7, "batch_size": 16, "epochs": 20, "kernel_size": 2, "attention_heads": 2}, "parameter_index": 0}',
    index: 0
  },
  placementConstraint: { type: 'None', gpus: [] }
}
[2026-05-20 12:24:04] INFO (LocalV3.local) Created trial pBmzB
[2026-05-20 12:24:05] INFO (LocalV3.local) Trial parameter: pBmzB {"parameter_id": 83, "parameter_source": "algorithm", "parameters": {"model_type": "LSTM", "units": 64, "num_layers": 2, "dropout": 0, "activation": "relu", "lr": 0.0015483540284840958, "window_size": 7, "batch_size": 16, "epochs": 20, "kernel_size": 2, "attention_heads": 2}, "parameter_index": 0}
[2026-05-20 12:24:40] INFO (NNIManager) Trial job pBmzB status changed from RUNNING to SUCCEEDED
[2026-05-20 12:24:40] INFO (NNIManager) NNIManager received command from dispatcher: TR, {"parameter_id": 84, "parameter_source": "algorithm", "parameters": {"model_type": "Transformer", "units": 16, "num_layers": 3, "dropout": 0.3, "activation": "relu", "lr": 0.0006409304562829656, "window_size": 5, "batch_size": 32, "epochs": 5, "kernel_size": 7, "attention_heads": 8}, "parameter_index": 0}
[2026-05-20 12:24:40] INFO (NNIManager) submitTrialJob: form: {
  sequenceId: 84,
  hyperParameters: {
    value: '{"parameter_id": 84, "parameter_source": "algorithm", "parameters": {"model_type": "Transformer", "units": 16, "num_layers": 3, "dropout": 0.3, "activation": "relu", "lr": 0.0006409304562829656, "window_size": 5, "batch_size": 32, "epochs": 5, "kernel_size": 7, "attention_heads": 8}, "parameter_index": 0}',
    index: 0
  },
  placementConstraint: { type: 'None', gpus: [] }
}
[2026-05-20 12:24:40] INFO (LocalV3.local) Created trial nsOWR
[2026-05-20 12:24:42] INFO (LocalV3.local) Trial parameter: nsOWR {"parameter_id": 84, "parameter_source": "algorithm", "parameters": {"model_type": "Transformer", "units": 16, "num_layers": 3, "dropout": 0.3, "activation": "relu", "lr": 0.0006409304562829656, "window_size": 5, "batch_size": 32, "epochs": 5, "kernel_size": 7, "attention_heads": 8}, "parameter_index": 0}
[2026-05-20 12:24:51] INFO (NNIManager) Trial job nsOWR status changed from RUNNING to SUCCEEDED
[2026-05-20 12:24:51] INFO (NNIManager) NNIManager received command from dispatcher: TR, {"parameter_id": 85, "parameter_source": "algorithm", "parameters": {"model_type": "MLP", "units": 256, "num_layers": 3, "dropout": 0.2, "activation": "tanh", "lr": 0.0006571411158129517, "window_size": 23, "batch_size": 128, "epochs": 5, "kernel_size": 7, "attention_heads": 2}, "parameter_index": 0}
[2026-05-20 12:24:51] INFO (NNIManager) submitTrialJob: form: {
  sequenceId: 85,
  hyperParameters: {
    value: '{"parameter_id": 85, "parameter_source": "algorithm", "parameters": {"model_type": "MLP", "units": 256, "num_layers": 3, "dropout": 0.2, "activation": "tanh", "lr": 0.0006571411158129517, "window_size": 23, "batch_size": 128, "epochs": 5, "kernel_size": 7, "attention_heads": 2}, "parameter_index": 0}',
    index: 0
  },
  placementConstraint: { type: 'None', gpus: [] }
}
[2026-05-20 12:24:51] INFO (LocalV3.local) Created trial K6XuR
[2026-05-20 12:24:53] INFO (LocalV3.local) Trial parameter: K6XuR {"parameter_id": 85, "parameter_source": "algorithm", "parameters": {"model_type": "MLP", "units": 256, "num_layers": 3, "dropout": 0.2, "activation": "tanh", "lr": 0.0006571411158129517, "window_size": 23, "batch_size": 128, "epochs": 5, "kernel_size": 7, "attention_heads": 2}, "parameter_index": 0}
[2026-05-20 12:24:56] INFO (NNIManager) Trial job K6XuR status changed from RUNNING to SUCCEEDED
[2026-05-20 12:24:56] INFO (NNIManager) NNIManager received command from dispatcher: TR, {"parameter_id": 86, "parameter_source": "algorithm", "parameters": {"model_type": "GRU", "units": 32, "num_layers": 2, "dropout": 0.3, "activation": "relu", "lr": 0.0013986797473995725, "window_size": 4, "batch_size": 16, "epochs": 15, "kernel_size": 3, "attention_heads": 8}, "parameter_index": 0}
[2026-05-20 12:24:56] INFO (NNIManager) submitTrialJob: form: {
  sequenceId: 86,
  hyperParameters: {
    value: '{"parameter_id": 86, "parameter_source": "algorithm", "parameters": {"model_type": "GRU", "units": 32, "num_layers": 2, "dropout": 0.3, "activation": "relu", "lr": 0.0013986797473995725, "window_size": 4, "batch_size": 16, "epochs": 15, "kernel_size": 3, "attention_heads": 8}, "parameter_index": 0}',
    index: 0
  },
  placementConstraint: { type: 'None', gpus: [] }
}
[2026-05-20 12:24:56] INFO (LocalV3.local) Created trial YBQki
[2026-05-20 12:24:58] INFO (LocalV3.local) Trial parameter: YBQki {"parameter_id": 86, "parameter_source": "algorithm", "parameters": {"model_type": "GRU", "units": 32, "num_layers": 2, "dropout": 0.3, "activation": "relu", "lr": 0.0013986797473995725, "window_size": 4, "batch_size": 16, "epochs": 15, "kernel_size": 3, "attention_heads": 8}, "parameter_index": 0}
[2026-05-20 12:25:20] INFO (NNIManager) Trial job YBQki status changed from RUNNING to SUCCEEDED
[2026-05-20 12:25:20] INFO (NNIManager) NNIManager received command from dispatcher: TR, {"parameter_id": 87, "parameter_source": "algorithm", "parameters": {"model_type": "TCN", "units": 16, "num_layers": 2, "dropout": 0.5, "activation": "relu", "lr": 0.00019768371369124525, "window_size": 28, "batch_size": 128, "epochs": 20, "kernel_size": 3, "attention_heads": 4}, "parameter_index": 0}
[2026-05-20 12:25:20] INFO (NNIManager) submitTrialJob: form: {
  sequenceId: 87,
  hyperParameters: {
    value: '{"parameter_id": 87, "parameter_source": "algorithm", "parameters": {"model_type": "TCN", "units": 16, "num_layers": 2, "dropout": 0.5, "activation": "relu", "lr": 0.00019768371369124525, "window_size": 28, "batch_size": 128, "epochs": 20, "kernel_size": 3, "attention_heads": 4}, "parameter_index": 0}',
    index: 0
  },
  placementConstraint: { type: 'None', gpus: [] }
}
[2026-05-20 12:25:20] INFO (LocalV3.local) Created trial eprEu
[2026-05-20 12:25:22] INFO (LocalV3.local) Trial parameter: eprEu {"parameter_id": 87, "parameter_source": "algorithm", "parameters": {"model_type": "TCN", "units": 16, "num_layers": 2, "dropout": 0.5, "activation": "relu", "lr": 0.00019768371369124525, "window_size": 28, "batch_size": 128, "epochs": 20, "kernel_size": 3, "attention_heads": 4}, "parameter_index": 0}
[2026-05-20 12:25:27] INFO (NNIManager) Trial job eprEu status changed from RUNNING to SUCCEEDED
[2026-05-20 12:25:27] INFO (NNIManager) NNIManager received command from dispatcher: TR, {"parameter_id": 88, "parameter_source": "algorithm", "parameters": {"model_type": "MLP", "units": 64, "num_layers": 3, "dropout": 0, "activation": "elu", "lr": 0.0017767494696630656, "window_size": 29, "batch_size": 32, "epochs": 20, "kernel_size": 7, "attention_heads": 4}, "parameter_index": 0}
[2026-05-20 12:25:28] INFO (NNIManager) submitTrialJob: form: {
  sequenceId: 88,
  hyperParameters: {
    value: '{"parameter_id": 88, "parameter_source": "algorithm", "parameters": {"model_type": "MLP", "units": 64, "num_layers": 3, "dropout": 0, "activation": "elu", "lr": 0.0017767494696630656, "window_size": 29, "batch_size": 32, "epochs": 20, "kernel_size": 7, "attention_heads": 4}, "parameter_index": 0}',
    index: 0
  },
  placementConstraint: { type: 'None', gpus: [] }
}
[2026-05-20 12:25:28] INFO (LocalV3.local) Created trial tkDNT
[2026-05-20 12:25:30] INFO (LocalV3.local) Trial parameter: tkDNT {"parameter_id": 88, "parameter_source": "algorithm", "parameters": {"model_type": "MLP", "units": 64, "num_layers": 3, "dropout": 0, "activation": "elu", "lr": 0.0017767494696630656, "window_size": 29, "batch_size": 32, "epochs": 20, "kernel_size": 7, "attention_heads": 4}, "parameter_index": 0}
[2026-05-20 12:25:34] INFO (NNIManager) Trial job tkDNT status changed from RUNNING to SUCCEEDED
[2026-05-20 12:25:34] INFO (NNIManager) NNIManager received command from dispatcher: TR, {"parameter_id": 89, "parameter_source": "algorithm", "parameters": {"model_type": "RNN", "units": 32, "num_layers": 2, "dropout": 0.3, "activation": "elu", "lr": 0.0007580723334847914, "window_size": 8, "batch_size": 64, "epochs": 15, "kernel_size": 5, "attention_heads": 2}, "parameter_index": 0}
[2026-05-20 12:25:35] INFO (NNIManager) submitTrialJob: form: {
  sequenceId: 89,
  hyperParameters: {
    value: '{"parameter_id": 89, "parameter_source": "algorithm", "parameters": {"model_type": "RNN", "units": 32, "num_layers": 2, "dropout": 0.3, "activation": "elu", "lr": 0.0007580723334847914, "window_size": 8, "batch_size": 64, "epochs": 15, "kernel_size": 5, "attention_heads": 2}, "parameter_index": 0}',
    index: 0
  },
  placementConstraint: { type: 'None', gpus: [] }
}
[2026-05-20 12:25:35] INFO (LocalV3.local) Created trial mG7jB
[2026-05-20 12:25:37] INFO (LocalV3.local) Trial parameter: mG7jB {"parameter_id": 89, "parameter_source": "algorithm", "parameters": {"model_type": "RNN", "units": 32, "num_layers": 2, "dropout": 0.3, "activation": "elu", "lr": 0.0007580723334847914, "window_size": 8, "batch_size": 64, "epochs": 15, "kernel_size": 5, "attention_heads": 2}, "parameter_index": 0}
[2026-05-20 12:25:43] INFO (NNIManager) Trial job mG7jB status changed from RUNNING to SUCCEEDED
[2026-05-20 12:25:43] INFO (NNIManager) NNIManager received command from dispatcher: TR, {"parameter_id": 90, "parameter_source": "algorithm", "parameters": {"model_type": "Transformer", "units": 32, "num_layers": 4, "dropout": 0.3, "activation": "relu", "lr": 0.0004232389278281733, "window_size": 23, "batch_size": 16, "epochs": 15, "kernel_size": 5, "attention_heads": 4}, "parameter_index": 0}
[2026-05-20 12:25:43] INFO (NNIManager) submitTrialJob: form: {
  sequenceId: 90,
  hyperParameters: {
    value: '{"parameter_id": 90, "parameter_source": "algorithm", "parameters": {"model_type": "Transformer", "units": 32, "num_layers": 4, "dropout": 0.3, "activation": "relu", "lr": 0.0004232389278281733, "window_size": 23, "batch_size": 16, "epochs": 15, "kernel_size": 5, "attention_heads": 4}, "parameter_index": 0}',
    index: 0
  },
  placementConstraint: { type: 'None', gpus: [] }
}
[2026-05-20 12:25:43] INFO (LocalV3.local) Created trial EgvIl
[2026-05-20 12:25:45] INFO (LocalV3.local) Trial parameter: EgvIl {"parameter_id": 90, "parameter_source": "algorithm", "parameters": {"model_type": "Transformer", "units": 32, "num_layers": 4, "dropout": 0.3, "activation": "relu", "lr": 0.0004232389278281733, "window_size": 23, "batch_size": 16, "epochs": 15, "kernel_size": 5, "attention_heads": 4}, "parameter_index": 0}
[2026-05-20 12:26:52] INFO (NNIManager) Trial job EgvIl status changed from RUNNING to SUCCEEDED
[2026-05-20 12:26:52] INFO (NNIManager) NNIManager received command from dispatcher: TR, {"parameter_id": 91, "parameter_source": "algorithm", "parameters": {"model_type": "RNN", "units": 256, "num_layers": 4, "dropout": 0.5, "activation": "elu", "lr": 0.003288466466863501, "window_size": 2, "batch_size": 64, "epochs": 20, "kernel_size": 7, "attention_heads": 2}, "parameter_index": 0}
[2026-05-20 12:26:52] INFO (NNIManager) submitTrialJob: form: {
  sequenceId: 91,
  hyperParameters: {
    value: '{"parameter_id": 91, "parameter_source": "algorithm", "parameters": {"model_type": "RNN", "units": 256, "num_layers": 4, "dropout": 0.5, "activation": "elu", "lr": 0.003288466466863501, "window_size": 2, "batch_size": 64, "epochs": 20, "kernel_size": 7, "attention_heads": 2}, "parameter_index": 0}',
    index: 0
  },
  placementConstraint: { type: 'None', gpus: [] }
}
[2026-05-20 12:26:52] INFO (LocalV3.local) Created trial lOGzv
[2026-05-20 12:26:54] INFO (LocalV3.local) Trial parameter: lOGzv {"parameter_id": 91, "parameter_source": "algorithm", "parameters": {"model_type": "RNN", "units": 256, "num_layers": 4, "dropout": 0.5, "activation": "elu", "lr": 0.003288466466863501, "window_size": 2, "batch_size": 64, "epochs": 20, "kernel_size": 7, "attention_heads": 2}, "parameter_index": 0}
[2026-05-20 12:27:14] INFO (NNIManager) Trial job lOGzv status changed from RUNNING to SUCCEEDED
[2026-05-20 12:27:14] INFO (NNIManager) NNIManager received command from dispatcher: TR, {"parameter_id": 92, "parameter_source": "algorithm", "parameters": {"model_type": "MLP", "units": 128, "num_layers": 4, "dropout": 0.1, "activation": "tanh", "lr": 6.296380709140876e-05, "window_size": 24, "batch_size": 16, "epochs": 20, "kernel_size": 7, "attention_heads": 2}, "parameter_index": 0}
[2026-05-20 12:27:14] INFO (NNIManager) submitTrialJob: form: {
  sequenceId: 92,
  hyperParameters: {
    value: '{"parameter_id": 92, "parameter_source": "algorithm", "parameters": {"model_type": "MLP", "units": 128, "num_layers": 4, "dropout": 0.1, "activation": "tanh", "lr": 6.296380709140876e-05, "window_size": 24, "batch_size": 16, "epochs": 20, "kernel_size": 7, "attention_heads": 2}, "parameter_index": 0}',
    index: 0
  },
  placementConstraint: { type: 'None', gpus: [] }
}
[2026-05-20 12:27:14] INFO (LocalV3.local) Created trial AVgy8
[2026-05-20 12:27:16] INFO (LocalV3.local) Trial parameter: AVgy8 {"parameter_id": 92, "parameter_source": "algorithm", "parameters": {"model_type": "MLP", "units": 128, "num_layers": 4, "dropout": 0.1, "activation": "tanh", "lr": 6.296380709140876e-05, "window_size": 24, "batch_size": 16, "epochs": 20, "kernel_size": 7, "attention_heads": 2}, "parameter_index": 0}
[2026-05-20 12:27:24] INFO (NNIManager) Trial job AVgy8 status changed from RUNNING to SUCCEEDED
[2026-05-20 12:27:24] INFO (NNIManager) NNIManager received command from dispatcher: TR, {"parameter_id": 93, "parameter_source": "algorithm", "parameters": {"model_type": "LSTM", "units": 128, "num_layers": 1, "dropout": 0, "activation": "tanh", "lr": 0.00024224233926047945, "window_size": 9, "batch_size": 32, "epochs": 10, "kernel_size": 2, "attention_heads": 4}, "parameter_index": 0}
[2026-05-20 12:27:25] INFO (NNIManager) submitTrialJob: form: {
  sequenceId: 93,
  hyperParameters: {
    value: '{"parameter_id": 93, "parameter_source": "algorithm", "parameters": {"model_type": "LSTM", "units": 128, "num_layers": 1, "dropout": 0, "activation": "tanh", "lr": 0.00024224233926047945, "window_size": 9, "batch_size": 32, "epochs": 10, "kernel_size": 2, "attention_heads": 4}, "parameter_index": 0}',
    index: 0
  },
  placementConstraint: { type: 'None', gpus: [] }
}
[2026-05-20 12:27:25] INFO (LocalV3.local) Created trial Cktsh
[2026-05-20 12:27:26] INFO (LocalV3.local) Trial parameter: Cktsh {"parameter_id": 93, "parameter_source": "algorithm", "parameters": {"model_type": "LSTM", "units": 128, "num_layers": 1, "dropout": 0, "activation": "tanh", "lr": 0.00024224233926047945, "window_size": 9, "batch_size": 32, "epochs": 10, "kernel_size": 2, "attention_heads": 4}, "parameter_index": 0}
[2026-05-20 12:27:39] INFO (NNIManager) Trial job Cktsh status changed from RUNNING to SUCCEEDED
[2026-05-20 12:27:39] INFO (NNIManager) NNIManager received command from dispatcher: TR, {"parameter_id": 94, "parameter_source": "algorithm", "parameters": {"model_type": "CNN", "units": 128, "num_layers": 3, "dropout": 0, "activation": "sigmoid", "lr": 1.400071131603681e-05, "window_size": 16, "batch_size": 16, "epochs": 10, "kernel_size": 5, "attention_heads": 2}, "parameter_index": 0}
[2026-05-20 12:27:39] INFO (NNIManager) submitTrialJob: form: {
  sequenceId: 94,
  hyperParameters: {
    value: '{"parameter_id": 94, "parameter_source": "algorithm", "parameters": {"model_type": "CNN", "units": 128, "num_layers": 3, "dropout": 0, "activation": "sigmoid", "lr": 1.400071131603681e-05, "window_size": 16, "batch_size": 16, "epochs": 10, "kernel_size": 5, "attention_heads": 2}, "parameter_index": 0}',
    index: 0
  },
  placementConstraint: { type: 'None', gpus: [] }
}
[2026-05-20 12:27:39] INFO (LocalV3.local) Created trial Uik08
[2026-05-20 12:27:41] INFO (LocalV3.local) Trial parameter: Uik08 {"parameter_id": 94, "parameter_source": "algorithm", "parameters": {"model_type": "CNN", "units": 128, "num_layers": 3, "dropout": 0, "activation": "sigmoid", "lr": 1.400071131603681e-05, "window_size": 16, "batch_size": 16, "epochs": 10, "kernel_size": 5, "attention_heads": 2}, "parameter_index": 0}
[2026-05-20 12:27:54] INFO (NNIManager) Trial job Uik08 status changed from RUNNING to SUCCEEDED
[2026-05-20 12:27:54] INFO (NNIManager) NNIManager received command from dispatcher: TR, {"parameter_id": 95, "parameter_source": "algorithm", "parameters": {"model_type": "TCN", "units": 16, "num_layers": 1, "dropout": 0.3, "activation": "elu", "lr": 2.327090282794217e-05, "window_size": 27, "batch_size": 32, "epochs": 5, "kernel_size": 3, "attention_heads": 2}, "parameter_index": 0}
[2026-05-20 12:27:55] INFO (NNIManager) submitTrialJob: form: {
  sequenceId: 95,
  hyperParameters: {
    value: '{"parameter_id": 95, "parameter_source": "algorithm", "parameters": {"model_type": "TCN", "units": 16, "num_layers": 1, "dropout": 0.3, "activation": "elu", "lr": 2.327090282794217e-05, "window_size": 27, "batch_size": 32, "epochs": 5, "kernel_size": 3, "attention_heads": 2}, "parameter_index": 0}',
    index: 0
  },
  placementConstraint: { type: 'None', gpus: [] }
}
[2026-05-20 12:27:55] INFO (LocalV3.local) Created trial Mo4jZ
[2026-05-20 12:27:56] INFO (LocalV3.local) Trial parameter: Mo4jZ {"parameter_id": 95, "parameter_source": "algorithm", "parameters": {"model_type": "TCN", "units": 16, "num_layers": 1, "dropout": 0.3, "activation": "elu", "lr": 2.327090282794217e-05, "window_size": 27, "batch_size": 32, "epochs": 5, "kernel_size": 3, "attention_heads": 2}, "parameter_index": 0}
[2026-05-20 12:27:59] INFO (NNIManager) Trial job Mo4jZ status changed from RUNNING to SUCCEEDED
[2026-05-20 12:27:59] INFO (NNIManager) NNIManager received command from dispatcher: TR, {"parameter_id": 96, "parameter_source": "algorithm", "parameters": {"model_type": "CNN", "units": 128, "num_layers": 2, "dropout": 0.2, "activation": "sigmoid", "lr": 0.000621216072193906, "window_size": 13, "batch_size": 32, "epochs": 15, "kernel_size": 2, "attention_heads": 8}, "parameter_index": 0}
[2026-05-20 12:28:00] INFO (NNIManager) submitTrialJob: form: {
  sequenceId: 96,
  hyperParameters: {
    value: '{"parameter_id": 96, "parameter_source": "algorithm", "parameters": {"model_type": "CNN", "units": 128, "num_layers": 2, "dropout": 0.2, "activation": "sigmoid", "lr": 0.000621216072193906, "window_size": 13, "batch_size": 32, "epochs": 15, "kernel_size": 2, "attention_heads": 8}, "parameter_index": 0}',
    index: 0
  },
  placementConstraint: { type: 'None', gpus: [] }
}
[2026-05-20 12:28:00] INFO (LocalV3.local) Created trial hE2nL
[2026-05-20 12:28:01] INFO (LocalV3.local) Trial parameter: hE2nL {"parameter_id": 96, "parameter_source": "algorithm", "parameters": {"model_type": "CNN", "units": 128, "num_layers": 2, "dropout": 0.2, "activation": "sigmoid", "lr": 0.000621216072193906, "window_size": 13, "batch_size": 32, "epochs": 15, "kernel_size": 2, "attention_heads": 8}, "parameter_index": 0}
[2026-05-20 12:28:09] INFO (NNIManager) Trial job hE2nL status changed from RUNNING to SUCCEEDED
[2026-05-20 12:28:09] INFO (NNIManager) NNIManager received command from dispatcher: TR, {"parameter_id": 97, "parameter_source": "algorithm", "parameters": {"model_type": "RNN", "units": 64, "num_layers": 3, "dropout": 0.5, "activation": "tanh", "lr": 0.006335144723499679, "window_size": 17, "batch_size": 32, "epochs": 5, "kernel_size": 3, "attention_heads": 2}, "parameter_index": 0}
[2026-05-20 12:28:10] INFO (NNIManager) submitTrialJob: form: {
  sequenceId: 97,
  hyperParameters: {
    value: '{"parameter_id": 97, "parameter_source": "algorithm", "parameters": {"model_type": "RNN", "units": 64, "num_layers": 3, "dropout": 0.5, "activation": "tanh", "lr": 0.006335144723499679, "window_size": 17, "batch_size": 32, "epochs": 5, "kernel_size": 3, "attention_heads": 2}, "parameter_index": 0}',
    index: 0
  },
  placementConstraint: { type: 'None', gpus: [] }
}
[2026-05-20 12:28:10] INFO (LocalV3.local) Created trial E1vML
[2026-05-20 12:28:11] INFO (LocalV3.local) Trial parameter: E1vML {"parameter_id": 97, "parameter_source": "algorithm", "parameters": {"model_type": "RNN", "units": 64, "num_layers": 3, "dropout": 0.5, "activation": "tanh", "lr": 0.006335144723499679, "window_size": 17, "batch_size": 32, "epochs": 5, "kernel_size": 3, "attention_heads": 2}, "parameter_index": 0}
[2026-05-20 12:28:19] INFO (NNIManager) Trial job E1vML status changed from RUNNING to SUCCEEDED
[2026-05-20 12:28:19] INFO (NNIManager) NNIManager received command from dispatcher: TR, {"parameter_id": 98, "parameter_source": "algorithm", "parameters": {"model_type": "LSTM", "units": 64, "num_layers": 1, "dropout": 0.3, "activation": "elu", "lr": 0.003076664570817578, "window_size": 21, "batch_size": 128, "epochs": 20, "kernel_size": 5, "attention_heads": 8}, "parameter_index": 0}
[2026-05-20 12:28:20] INFO (NNIManager) submitTrialJob: form: {
  sequenceId: 98,
  hyperParameters: {
    value: '{"parameter_id": 98, "parameter_source": "algorithm", "parameters": {"model_type": "LSTM", "units": 64, "num_layers": 1, "dropout": 0.3, "activation": "elu", "lr": 0.003076664570817578, "window_size": 21, "batch_size": 128, "epochs": 20, "kernel_size": 5, "attention_heads": 8}, "parameter_index": 0}',
    index: 0
  },
  placementConstraint: { type: 'None', gpus: [] }
}
[2026-05-20 12:28:20] INFO (LocalV3.local) Created trial yOk3c
[2026-05-20 12:28:21] INFO (LocalV3.local) Trial parameter: yOk3c {"parameter_id": 98, "parameter_source": "algorithm", "parameters": {"model_type": "LSTM", "units": 64, "num_layers": 1, "dropout": 0.3, "activation": "elu", "lr": 0.003076664570817578, "window_size": 21, "batch_size": 128, "epochs": 20, "kernel_size": 5, "attention_heads": 8}, "parameter_index": 0}
[2026-05-20 12:28:35] INFO (NNIManager) Trial job yOk3c status changed from RUNNING to SUCCEEDED
[2026-05-20 12:28:35] INFO (NNIManager) NNIManager received command from dispatcher: TR, {"parameter_id": 99, "parameter_source": "algorithm", "parameters": {"model_type": "MLP", "units": 128, "num_layers": 3, "dropout": 0.2, "activation": "sigmoid", "lr": 0.0002664051872751147, "window_size": 20, "batch_size": 64, "epochs": 20, "kernel_size": 2, "attention_heads": 2}, "parameter_index": 0}
[2026-05-20 12:28:36] INFO (NNIManager) submitTrialJob: form: {
  sequenceId: 99,
  hyperParameters: {
    value: '{"parameter_id": 99, "parameter_source": "algorithm", "parameters": {"model_type": "MLP", "units": 128, "num_layers": 3, "dropout": 0.2, "activation": "sigmoid", "lr": 0.0002664051872751147, "window_size": 20, "batch_size": 64, "epochs": 20, "kernel_size": 2, "attention_heads": 2}, "parameter_index": 0}',
    index: 0
  },
  placementConstraint: { type: 'None', gpus: [] }
}
[2026-05-20 12:28:36] INFO (LocalV3.local) Created trial zWkMh
[2026-05-20 12:28:36] INFO (NNIManager) Change NNIManager status from: RUNNING to: NO_MORE_TRIAL
[2026-05-20 12:28:37] INFO (LocalV3.local) Trial parameter: zWkMh {"parameter_id": 99, "parameter_source": "algorithm", "parameters": {"model_type": "MLP", "units": 128, "num_layers": 3, "dropout": 0.2, "activation": "sigmoid", "lr": 0.0002664051872751147, "window_size": 20, "batch_size": 64, "epochs": 20, "kernel_size": 2, "attention_heads": 2}, "parameter_index": 0}
[2026-05-20 12:28:43] INFO (NNIManager) Trial job zWkMh status changed from RUNNING to SUCCEEDED
[2026-05-20 12:28:43] INFO (NNIManager) Change NNIManager status from: NO_MORE_TRIAL to: DONE
[2026-05-20 12:28:43] INFO (NNIManager) Experiment done.
[2026-05-20 12:28:47] INFO (ShutdownManager) Initiate shutdown: SIGTERM
[2026-05-20 12:28:47] INFO (RestServer) Stopping REST server.
[2026-05-20 12:28:47] INFO (NNIManager) Change NNIManager status from: DONE to: STOPPING
[2026-05-20 12:28:47] INFO (NNIManager) Stopping experiment, cleaning up ...
[2026-05-20 12:28:47] INFO (RestServer) REST server stopped.
[2026-05-20 12:28:49] INFO (LocalV3.local) All trials stopped
[2026-05-20 12:28:49] INFO (NNIManager) Change NNIManager status from: STOPPING to: STOPPED
[2026-05-20 12:28:49] INFO (NNIManager) Experiment stopped.
[2026-05-20 12:28:49] INFO (NNITensorboardManager) Forced stopping all tensorboard task.
[2026-05-20 12:28:49] INFO (NNITensorboardManager) All tensorboard task stopped.
[2026-05-20 12:28:49] INFO (NNITensorboardManager) Tensorboard manager stopped.
[2026-05-20 12:28:49] INFO (ShutdownManager) Shutdown complete.
