[2026-05-20 06:01:22] INFO (main) Start NNI manager
[2026-05-20 06:01:22] INFO (RestServer) Starting REST server at port 8268, URL prefix: "/"
[2026-05-20 06:01:22] INFO (RestServer) REST server started.
[2026-05-20 06:01:22] INFO (NNIDataStore) Datastore initialization done
[2026-05-20 06:01:23] INFO (NNIManager) Starting experiment: ra94cqbw
[2026-05-20 06:01:23] INFO (NNIManager) Setup training service...
[2026-05-20 06:01:23] INFO (NNIManager) Setup tuner...
[2026-05-20 06:01:23] INFO (NNIManager) Change NNIManager status from: INITIALIZED to: RUNNING
[2026-05-20 06:01:24] INFO (NNIManager) Add event listeners
[2026-05-20 06:01:24] INFO (LocalV3.local) Start
[2026-05-20 06:01:24] INFO (NNIManager) NNIManager received command from dispatcher: ID, 
[2026-05-20 06:01:24] INFO (NNIManager) NNIManager received command from dispatcher: TR, {"parameter_id": 0, "parameter_source": "algorithm", "parameters": {"model_type": "LSTM", "units": 64, "num_layers": 4, "dropout": 0.2, "activation": "elu", "lr": 0.00019265349891534032, "window_size": 20, "batch_size": 16, "epochs": 5, "kernel_size": 7, "attention_heads": 2}, "parameter_index": 0}
[2026-05-20 06:01:24] INFO (NNIManager) submitTrialJob: form: {
  sequenceId: 0,
  hyperParameters: {
    value: '{"parameter_id": 0, "parameter_source": "algorithm", "parameters": {"model_type": "LSTM", "units": 64, "num_layers": 4, "dropout": 0.2, "activation": "elu", "lr": 0.00019265349891534032, "window_size": 20, "batch_size": 16, "epochs": 5, "kernel_size": 7, "attention_heads": 2}, "parameter_index": 0}',
    index: 0
  },
  placementConstraint: { type: 'None', gpus: [] }
}
[2026-05-20 06:01:24] INFO (LocalV3.local) Register directory trial_code = /home/meliani/Desktop/phd/fast-track
[2026-05-20 06:01:24] INFO (LocalV3.local) Created trial m8wFW
[2026-05-20 06:01:26] INFO (LocalV3.local) Trial parameter: m8wFW {"parameter_id": 0, "parameter_source": "algorithm", "parameters": {"model_type": "LSTM", "units": 64, "num_layers": 4, "dropout": 0.2, "activation": "elu", "lr": 0.00019265349891534032, "window_size": 20, "batch_size": 16, "epochs": 5, "kernel_size": 7, "attention_heads": 2}, "parameter_index": 0}
[2026-05-20 06:01:38] INFO (NNIManager) Trial job m8wFW status changed from RUNNING to SUCCEEDED
[2026-05-20 06:01:38] INFO (NNIManager) NNIManager received command from dispatcher: TR, {"parameter_id": 1, "parameter_source": "algorithm", "parameters": {"model_type": "Transformer", "units": 128, "num_layers": 3, "dropout": 0.3, "activation": "elu", "lr": 0.0001210099533886041, "window_size": 4, "batch_size": 128, "epochs": 20, "kernel_size": 3, "attention_heads": 8}, "parameter_index": 0}
[2026-05-20 06:01:39] INFO (NNIManager) submitTrialJob: form: {
  sequenceId: 1,
  hyperParameters: {
    value: '{"parameter_id": 1, "parameter_source": "algorithm", "parameters": {"model_type": "Transformer", "units": 128, "num_layers": 3, "dropout": 0.3, "activation": "elu", "lr": 0.0001210099533886041, "window_size": 4, "batch_size": 128, "epochs": 20, "kernel_size": 3, "attention_heads": 8}, "parameter_index": 0}',
    index: 0
  },
  placementConstraint: { type: 'None', gpus: [] }
}
[2026-05-20 06:01:39] INFO (LocalV3.local) Created trial COeZP
[2026-05-20 06:01:41] INFO (LocalV3.local) Trial parameter: COeZP {"parameter_id": 1, "parameter_source": "algorithm", "parameters": {"model_type": "Transformer", "units": 128, "num_layers": 3, "dropout": 0.3, "activation": "elu", "lr": 0.0001210099533886041, "window_size": 4, "batch_size": 128, "epochs": 20, "kernel_size": 3, "attention_heads": 8}, "parameter_index": 0}
[2026-05-20 06:01:54] INFO (NNIManager) Trial job COeZP status changed from RUNNING to SUCCEEDED
[2026-05-20 06:01:54] INFO (NNIManager) NNIManager received command from dispatcher: TR, {"parameter_id": 2, "parameter_source": "algorithm", "parameters": {"model_type": "LSTM", "units": 16, "num_layers": 2, "dropout": 0.3, "activation": "relu", "lr": 0.000180819426043033, "window_size": 6, "batch_size": 32, "epochs": 20, "kernel_size": 7, "attention_heads": 8}, "parameter_index": 0}
[2026-05-20 06:01:55] INFO (NNIManager) submitTrialJob: form: {
  sequenceId: 2,
  hyperParameters: {
    value: '{"parameter_id": 2, "parameter_source": "algorithm", "parameters": {"model_type": "LSTM", "units": 16, "num_layers": 2, "dropout": 0.3, "activation": "relu", "lr": 0.000180819426043033, "window_size": 6, "batch_size": 32, "epochs": 20, "kernel_size": 7, "attention_heads": 8}, "parameter_index": 0}',
    index: 0
  },
  placementConstraint: { type: 'None', gpus: [] }
}
[2026-05-20 06:01:55] INFO (LocalV3.local) Created trial Oowsd
[2026-05-20 06:01:57] INFO (LocalV3.local) Trial parameter: Oowsd {"parameter_id": 2, "parameter_source": "algorithm", "parameters": {"model_type": "LSTM", "units": 16, "num_layers": 2, "dropout": 0.3, "activation": "relu", "lr": 0.000180819426043033, "window_size": 6, "batch_size": 32, "epochs": 20, "kernel_size": 7, "attention_heads": 8}, "parameter_index": 0}
[2026-05-20 06:02:04] INFO (NNIManager) Trial job Oowsd status changed from RUNNING to SUCCEEDED
[2026-05-20 06:02:04] INFO (NNIManager) NNIManager received command from dispatcher: TR, {"parameter_id": 3, "parameter_source": "algorithm", "parameters": {"model_type": "CNN", "units": 32, "num_layers": 2, "dropout": 0.5, "activation": "elu", "lr": 1.1444365043027737e-05, "window_size": 27, "batch_size": 64, "epochs": 5, "kernel_size": 5, "attention_heads": 8}, "parameter_index": 0}
[2026-05-20 06:02:05] INFO (NNIManager) submitTrialJob: form: {
  sequenceId: 3,
  hyperParameters: {
    value: '{"parameter_id": 3, "parameter_source": "algorithm", "parameters": {"model_type": "CNN", "units": 32, "num_layers": 2, "dropout": 0.5, "activation": "elu", "lr": 1.1444365043027737e-05, "window_size": 27, "batch_size": 64, "epochs": 5, "kernel_size": 5, "attention_heads": 8}, "parameter_index": 0}',
    index: 0
  },
  placementConstraint: { type: 'None', gpus: [] }
}
[2026-05-20 06:02:05] INFO (LocalV3.local) Created trial l0JCd
[2026-05-20 06:02:07] INFO (LocalV3.local) Trial parameter: l0JCd {"parameter_id": 3, "parameter_source": "algorithm", "parameters": {"model_type": "CNN", "units": 32, "num_layers": 2, "dropout": 0.5, "activation": "elu", "lr": 1.1444365043027737e-05, "window_size": 27, "batch_size": 64, "epochs": 5, "kernel_size": 5, "attention_heads": 8}, "parameter_index": 0}
[2026-05-20 06:02:09] INFO (NNIManager) Trial job l0JCd status changed from RUNNING to SUCCEEDED
[2026-05-20 06:02:09] INFO (NNIManager) NNIManager received command from dispatcher: TR, {"parameter_id": 4, "parameter_source": "algorithm", "parameters": {"model_type": "MLP", "units": 16, "num_layers": 3, "dropout": 0.2, "activation": "relu", "lr": 0.00025160005252631364, "window_size": 21, "batch_size": 128, "epochs": 20, "kernel_size": 7, "attention_heads": 4}, "parameter_index": 0}
[2026-05-20 06:02:10] INFO (NNIManager) submitTrialJob: form: {
  sequenceId: 4,
  hyperParameters: {
    value: '{"parameter_id": 4, "parameter_source": "algorithm", "parameters": {"model_type": "MLP", "units": 16, "num_layers": 3, "dropout": 0.2, "activation": "relu", "lr": 0.00025160005252631364, "window_size": 21, "batch_size": 128, "epochs": 20, "kernel_size": 7, "attention_heads": 4}, "parameter_index": 0}',
    index: 0
  },
  placementConstraint: { type: 'None', gpus: [] }
}
[2026-05-20 06:02:10] INFO (LocalV3.local) Created trial xDn3Y
[2026-05-20 06:02:11] INFO (LocalV3.local) Trial parameter: xDn3Y {"parameter_id": 4, "parameter_source": "algorithm", "parameters": {"model_type": "MLP", "units": 16, "num_layers": 3, "dropout": 0.2, "activation": "relu", "lr": 0.00025160005252631364, "window_size": 21, "batch_size": 128, "epochs": 20, "kernel_size": 7, "attention_heads": 4}, "parameter_index": 0}
[2026-05-20 06:02:15] INFO (NNIManager) Trial job xDn3Y status changed from RUNNING to SUCCEEDED
[2026-05-20 06:02:15] INFO (NNIManager) NNIManager received command from dispatcher: TR, {"parameter_id": 5, "parameter_source": "algorithm", "parameters": {"model_type": "Transformer", "units": 128, "num_layers": 4, "dropout": 0.1, "activation": "tanh", "lr": 3.7463769022293826e-05, "window_size": 11, "batch_size": 128, "epochs": 15, "kernel_size": 2, "attention_heads": 2}, "parameter_index": 0}
[2026-05-20 06:02:15] INFO (NNIManager) submitTrialJob: form: {
  sequenceId: 5,
  hyperParameters: {
    value: '{"parameter_id": 5, "parameter_source": "algorithm", "parameters": {"model_type": "Transformer", "units": 128, "num_layers": 4, "dropout": 0.1, "activation": "tanh", "lr": 3.7463769022293826e-05, "window_size": 11, "batch_size": 128, "epochs": 15, "kernel_size": 2, "attention_heads": 2}, "parameter_index": 0}',
    index: 0
  },
  placementConstraint: { type: 'None', gpus: [] }
}
[2026-05-20 06:02:15] INFO (LocalV3.local) Created trial zAtMr
[2026-05-20 06:02:17] INFO (LocalV3.local) Trial parameter: zAtMr {"parameter_id": 5, "parameter_source": "algorithm", "parameters": {"model_type": "Transformer", "units": 128, "num_layers": 4, "dropout": 0.1, "activation": "tanh", "lr": 3.7463769022293826e-05, "window_size": 11, "batch_size": 128, "epochs": 15, "kernel_size": 2, "attention_heads": 2}, "parameter_index": 0}
[2026-05-20 06:02:30] INFO (NNIManager) Trial job zAtMr status changed from RUNNING to SUCCEEDED
[2026-05-20 06:02:30] INFO (NNIManager) NNIManager received command from dispatcher: TR, {"parameter_id": 6, "parameter_source": "algorithm", "parameters": {"model_type": "GRU", "units": 64, "num_layers": 2, "dropout": 0.2, "activation": "elu", "lr": 3.735862356286136e-05, "window_size": 3, "batch_size": 128, "epochs": 10, "kernel_size": 7, "attention_heads": 4}, "parameter_index": 0}
[2026-05-20 06:02:30] INFO (NNIManager) submitTrialJob: form: {
  sequenceId: 6,
  hyperParameters: {
    value: '{"parameter_id": 6, "parameter_source": "algorithm", "parameters": {"model_type": "GRU", "units": 64, "num_layers": 2, "dropout": 0.2, "activation": "elu", "lr": 3.735862356286136e-05, "window_size": 3, "batch_size": 128, "epochs": 10, "kernel_size": 7, "attention_heads": 4}, "parameter_index": 0}',
    index: 0
  },
  placementConstraint: { type: 'None', gpus: [] }
}
[2026-05-20 06:02:30] INFO (LocalV3.local) Created trial FacUF
[2026-05-20 06:02:32] INFO (LocalV3.local) Trial parameter: FacUF {"parameter_id": 6, "parameter_source": "algorithm", "parameters": {"model_type": "GRU", "units": 64, "num_layers": 2, "dropout": 0.2, "activation": "elu", "lr": 3.735862356286136e-05, "window_size": 3, "batch_size": 128, "epochs": 10, "kernel_size": 7, "attention_heads": 4}, "parameter_index": 0}
[2026-05-20 06:02:37] INFO (NNIManager) Trial job FacUF status changed from RUNNING to SUCCEEDED
[2026-05-20 06:02:37] INFO (NNIManager) NNIManager received command from dispatcher: TR, {"parameter_id": 7, "parameter_source": "algorithm", "parameters": {"model_type": "RNN", "units": 64, "num_layers": 2, "dropout": 0.1, "activation": "elu", "lr": 0.0004397517678929308, "window_size": 14, "batch_size": 16, "epochs": 10, "kernel_size": 5, "attention_heads": 8}, "parameter_index": 0}
[2026-05-20 06:02:37] INFO (NNIManager) submitTrialJob: form: {
  sequenceId: 7,
  hyperParameters: {
    value: '{"parameter_id": 7, "parameter_source": "algorithm", "parameters": {"model_type": "RNN", "units": 64, "num_layers": 2, "dropout": 0.1, "activation": "elu", "lr": 0.0004397517678929308, "window_size": 14, "batch_size": 16, "epochs": 10, "kernel_size": 5, "attention_heads": 8}, "parameter_index": 0}',
    index: 0
  },
  placementConstraint: { type: 'None', gpus: [] }
}
[2026-05-20 06:02:37] INFO (LocalV3.local) Created trial JT3yq
[2026-05-20 06:02:39] INFO (LocalV3.local) Trial parameter: JT3yq {"parameter_id": 7, "parameter_source": "algorithm", "parameters": {"model_type": "RNN", "units": 64, "num_layers": 2, "dropout": 0.1, "activation": "elu", "lr": 0.0004397517678929308, "window_size": 14, "batch_size": 16, "epochs": 10, "kernel_size": 5, "attention_heads": 8}, "parameter_index": 0}
[2026-05-20 06:02:44] INFO (NNIManager) Trial job JT3yq status changed from RUNNING to SUCCEEDED
[2026-05-20 06:02:44] INFO (NNIManager) NNIManager received command from dispatcher: TR, {"parameter_id": 8, "parameter_source": "algorithm", "parameters": {"model_type": "Transformer", "units": 64, "num_layers": 3, "dropout": 0.3, "activation": "tanh", "lr": 0.00013608831688999317, "window_size": 7, "batch_size": 64, "epochs": 10, "kernel_size": 3, "attention_heads": 8}, "parameter_index": 0}
[2026-05-20 06:02:45] INFO (NNIManager) submitTrialJob: form: {
  sequenceId: 8,
  hyperParameters: {
    value: '{"parameter_id": 8, "parameter_source": "algorithm", "parameters": {"model_type": "Transformer", "units": 64, "num_layers": 3, "dropout": 0.3, "activation": "tanh", "lr": 0.00013608831688999317, "window_size": 7, "batch_size": 64, "epochs": 10, "kernel_size": 3, "attention_heads": 8}, "parameter_index": 0}',
    index: 0
  },
  placementConstraint: { type: 'None', gpus: [] }
}
[2026-05-20 06:02:45] INFO (LocalV3.local) Created trial YpyrJ
[2026-05-20 06:02:46] INFO (LocalV3.local) Trial parameter: YpyrJ {"parameter_id": 8, "parameter_source": "algorithm", "parameters": {"model_type": "Transformer", "units": 64, "num_layers": 3, "dropout": 0.3, "activation": "tanh", "lr": 0.00013608831688999317, "window_size": 7, "batch_size": 64, "epochs": 10, "kernel_size": 3, "attention_heads": 8}, "parameter_index": 0}
[2026-05-20 06:02:55] INFO (NNIManager) Trial job YpyrJ status changed from RUNNING to SUCCEEDED
[2026-05-20 06:02:55] INFO (NNIManager) NNIManager received command from dispatcher: TR, {"parameter_id": 9, "parameter_source": "algorithm", "parameters": {"model_type": "MLP", "units": 32, "num_layers": 4, "dropout": 0.3, "activation": "elu", "lr": 0.0003465352193215955, "window_size": 16, "batch_size": 64, "epochs": 5, "kernel_size": 5, "attention_heads": 2}, "parameter_index": 0}
[2026-05-20 06:02:56] INFO (NNIManager) submitTrialJob: form: {
  sequenceId: 9,
  hyperParameters: {
    value: '{"parameter_id": 9, "parameter_source": "algorithm", "parameters": {"model_type": "MLP", "units": 32, "num_layers": 4, "dropout": 0.3, "activation": "elu", "lr": 0.0003465352193215955, "window_size": 16, "batch_size": 64, "epochs": 5, "kernel_size": 5, "attention_heads": 2}, "parameter_index": 0}',
    index: 0
  },
  placementConstraint: { type: 'None', gpus: [] }
}
[2026-05-20 06:02:56] INFO (LocalV3.local) Created trial Xmtps
[2026-05-20 06:02:57] INFO (LocalV3.local) Trial parameter: Xmtps {"parameter_id": 9, "parameter_source": "algorithm", "parameters": {"model_type": "MLP", "units": 32, "num_layers": 4, "dropout": 0.3, "activation": "elu", "lr": 0.0003465352193215955, "window_size": 16, "batch_size": 64, "epochs": 5, "kernel_size": 5, "attention_heads": 2}, "parameter_index": 0}
[2026-05-20 06:03:00] INFO (NNIManager) Trial job Xmtps status changed from RUNNING to SUCCEEDED
[2026-05-20 06:03:00] INFO (NNIManager) NNIManager received command from dispatcher: TR, {"parameter_id": 10, "parameter_source": "algorithm", "parameters": {"model_type": "GRU", "units": 32, "num_layers": 1, "dropout": 0.2, "activation": "relu", "lr": 2.159528709779436e-05, "window_size": 21, "batch_size": 128, "epochs": 10, "kernel_size": 5, "attention_heads": 4}, "parameter_index": 0}
[2026-05-20 06:03:00] INFO (NNIManager) submitTrialJob: form: {
  sequenceId: 10,
  hyperParameters: {
    value: '{"parameter_id": 10, "parameter_source": "algorithm", "parameters": {"model_type": "GRU", "units": 32, "num_layers": 1, "dropout": 0.2, "activation": "relu", "lr": 2.159528709779436e-05, "window_size": 21, "batch_size": 128, "epochs": 10, "kernel_size": 5, "attention_heads": 4}, "parameter_index": 0}',
    index: 0
  },
  placementConstraint: { type: 'None', gpus: [] }
}
[2026-05-20 06:03:00] INFO (LocalV3.local) Created trial dYnJT
[2026-05-20 06:03:02] INFO (LocalV3.local) Trial parameter: dYnJT {"parameter_id": 10, "parameter_source": "algorithm", "parameters": {"model_type": "GRU", "units": 32, "num_layers": 1, "dropout": 0.2, "activation": "relu", "lr": 2.159528709779436e-05, "window_size": 21, "batch_size": 128, "epochs": 10, "kernel_size": 5, "attention_heads": 4}, "parameter_index": 0}
[2026-05-20 06:03:06] INFO (NNIManager) Trial job dYnJT status changed from RUNNING to SUCCEEDED
[2026-05-20 06:03:06] INFO (NNIManager) NNIManager received command from dispatcher: TR, {"parameter_id": 11, "parameter_source": "algorithm", "parameters": {"model_type": "RNN", "units": 256, "num_layers": 4, "dropout": 0.2, "activation": "tanh", "lr": 0.0034092984295078866, "window_size": 13, "batch_size": 32, "epochs": 5, "kernel_size": 3, "attention_heads": 2}, "parameter_index": 0}
[2026-05-20 06:03:06] INFO (NNIManager) submitTrialJob: form: {
  sequenceId: 11,
  hyperParameters: {
    value: '{"parameter_id": 11, "parameter_source": "algorithm", "parameters": {"model_type": "RNN", "units": 256, "num_layers": 4, "dropout": 0.2, "activation": "tanh", "lr": 0.0034092984295078866, "window_size": 13, "batch_size": 32, "epochs": 5, "kernel_size": 3, "attention_heads": 2}, "parameter_index": 0}',
    index: 0
  },
  placementConstraint: { type: 'None', gpus: [] }
}
[2026-05-20 06:03:06] INFO (LocalV3.local) Created trial MzbuT
[2026-05-20 06:03:08] INFO (LocalV3.local) Trial parameter: MzbuT {"parameter_id": 11, "parameter_source": "algorithm", "parameters": {"model_type": "RNN", "units": 256, "num_layers": 4, "dropout": 0.2, "activation": "tanh", "lr": 0.0034092984295078866, "window_size": 13, "batch_size": 32, "epochs": 5, "kernel_size": 3, "attention_heads": 2}, "parameter_index": 0}
[2026-05-20 06:03:15] INFO (NNIManager) Trial job MzbuT status changed from RUNNING to SUCCEEDED
[2026-05-20 06:03:15] INFO (NNIManager) NNIManager received command from dispatcher: TR, {"parameter_id": 12, "parameter_source": "algorithm", "parameters": {"model_type": "RNN", "units": 16, "num_layers": 1, "dropout": 0.5, "activation": "relu", "lr": 0.0002145324817890681, "window_size": 2, "batch_size": 128, "epochs": 5, "kernel_size": 2, "attention_heads": 4}, "parameter_index": 0}
[2026-05-20 06:03:16] INFO (NNIManager) submitTrialJob: form: {
  sequenceId: 12,
  hyperParameters: {
    value: '{"parameter_id": 12, "parameter_source": "algorithm", "parameters": {"model_type": "RNN", "units": 16, "num_layers": 1, "dropout": 0.5, "activation": "relu", "lr": 0.0002145324817890681, "window_size": 2, "batch_size": 128, "epochs": 5, "kernel_size": 2, "attention_heads": 4}, "parameter_index": 0}',
    index: 0
  },
  placementConstraint: { type: 'None', gpus: [] }
}
[2026-05-20 06:03:16] INFO (LocalV3.local) Created trial SsBdd
[2026-05-20 06:03:17] INFO (LocalV3.local) Trial parameter: SsBdd {"parameter_id": 12, "parameter_source": "algorithm", "parameters": {"model_type": "RNN", "units": 16, "num_layers": 1, "dropout": 0.5, "activation": "relu", "lr": 0.0002145324817890681, "window_size": 2, "batch_size": 128, "epochs": 5, "kernel_size": 2, "attention_heads": 4}, "parameter_index": 0}
[2026-05-20 06:03:20] INFO (NNIManager) Trial job SsBdd status changed from RUNNING to SUCCEEDED
[2026-05-20 06:03:20] INFO (NNIManager) NNIManager received command from dispatcher: TR, {"parameter_id": 13, "parameter_source": "algorithm", "parameters": {"model_type": "CNN", "units": 32, "num_layers": 2, "dropout": 0.3, "activation": "sigmoid", "lr": 0.005786580703589914, "window_size": 28, "batch_size": 64, "epochs": 20, "kernel_size": 7, "attention_heads": 4}, "parameter_index": 0}
[2026-05-20 06:03:20] INFO (NNIManager) submitTrialJob: form: {
  sequenceId: 13,
  hyperParameters: {
    value: '{"parameter_id": 13, "parameter_source": "algorithm", "parameters": {"model_type": "CNN", "units": 32, "num_layers": 2, "dropout": 0.3, "activation": "sigmoid", "lr": 0.005786580703589914, "window_size": 28, "batch_size": 64, "epochs": 20, "kernel_size": 7, "attention_heads": 4}, "parameter_index": 0}',
    index: 0
  },
  placementConstraint: { type: 'None', gpus: [] }
}
[2026-05-20 06:03:20] INFO (LocalV3.local) Created trial YWGrn
[2026-05-20 06:03:22] INFO (LocalV3.local) Trial parameter: YWGrn {"parameter_id": 13, "parameter_source": "algorithm", "parameters": {"model_type": "CNN", "units": 32, "num_layers": 2, "dropout": 0.3, "activation": "sigmoid", "lr": 0.005786580703589914, "window_size": 28, "batch_size": 64, "epochs": 20, "kernel_size": 7, "attention_heads": 4}, "parameter_index": 0}
[2026-05-20 06:03:26] INFO (NNIManager) Trial job YWGrn status changed from RUNNING to SUCCEEDED
[2026-05-20 06:03:26] INFO (NNIManager) NNIManager received command from dispatcher: TR, {"parameter_id": 14, "parameter_source": "algorithm", "parameters": {"model_type": "TCN", "units": 16, "num_layers": 2, "dropout": 0.1, "activation": "relu", "lr": 0.002580714370373334, "window_size": 15, "batch_size": 64, "epochs": 5, "kernel_size": 3, "attention_heads": 4}, "parameter_index": 0}
[2026-05-20 06:03:26] INFO (NNIManager) submitTrialJob: form: {
  sequenceId: 14,
  hyperParameters: {
    value: '{"parameter_id": 14, "parameter_source": "algorithm", "parameters": {"model_type": "TCN", "units": 16, "num_layers": 2, "dropout": 0.1, "activation": "relu", "lr": 0.002580714370373334, "window_size": 15, "batch_size": 64, "epochs": 5, "kernel_size": 3, "attention_heads": 4}, "parameter_index": 0}',
    index: 0
  },
  placementConstraint: { type: 'None', gpus: [] }
}
[2026-05-20 06:03:26] INFO (LocalV3.local) Created trial Td3Fr
[2026-05-20 06:03:28] INFO (LocalV3.local) Trial parameter: Td3Fr {"parameter_id": 14, "parameter_source": "algorithm", "parameters": {"model_type": "TCN", "units": 16, "num_layers": 2, "dropout": 0.1, "activation": "relu", "lr": 0.002580714370373334, "window_size": 15, "batch_size": 64, "epochs": 5, "kernel_size": 3, "attention_heads": 4}, "parameter_index": 0}
[2026-05-20 06:03:30] INFO (NNIManager) Trial job Td3Fr status changed from RUNNING to SUCCEEDED
[2026-05-20 06:03:30] INFO (NNIManager) NNIManager received command from dispatcher: TR, {"parameter_id": 15, "parameter_source": "algorithm", "parameters": {"model_type": "Transformer", "units": 256, "num_layers": 3, "dropout": 0.5, "activation": "sigmoid", "lr": 9.349396550298272e-05, "window_size": 10, "batch_size": 128, "epochs": 5, "kernel_size": 7, "attention_heads": 8}, "parameter_index": 0}
[2026-05-20 06:03:31] INFO (NNIManager) submitTrialJob: form: {
  sequenceId: 15,
  hyperParameters: {
    value: '{"parameter_id": 15, "parameter_source": "algorithm", "parameters": {"model_type": "Transformer", "units": 256, "num_layers": 3, "dropout": 0.5, "activation": "sigmoid", "lr": 9.349396550298272e-05, "window_size": 10, "batch_size": 128, "epochs": 5, "kernel_size": 7, "attention_heads": 8}, "parameter_index": 0}',
    index: 0
  },
  placementConstraint: { type: 'None', gpus: [] }
}
[2026-05-20 06:03:31] INFO (LocalV3.local) Created trial Vz388
[2026-05-20 06:03:33] INFO (LocalV3.local) Trial parameter: Vz388 {"parameter_id": 15, "parameter_source": "algorithm", "parameters": {"model_type": "Transformer", "units": 256, "num_layers": 3, "dropout": 0.5, "activation": "sigmoid", "lr": 9.349396550298272e-05, "window_size": 10, "batch_size": 128, "epochs": 5, "kernel_size": 7, "attention_heads": 8}, "parameter_index": 0}
[2026-05-20 06:03:45] INFO (NNIManager) Trial job Vz388 status changed from RUNNING to SUCCEEDED
[2026-05-20 06:03:45] INFO (NNIManager) NNIManager received command from dispatcher: TR, {"parameter_id": 16, "parameter_source": "algorithm", "parameters": {"model_type": "RNN", "units": 16, "num_layers": 3, "dropout": 0.2, "activation": "tanh", "lr": 1.7769643910156635e-05, "window_size": 25, "batch_size": 128, "epochs": 10, "kernel_size": 2, "attention_heads": 8}, "parameter_index": 0}
[2026-05-20 06:03:45] INFO (NNIManager) submitTrialJob: form: {
  sequenceId: 16,
  hyperParameters: {
    value: '{"parameter_id": 16, "parameter_source": "algorithm", "parameters": {"model_type": "RNN", "units": 16, "num_layers": 3, "dropout": 0.2, "activation": "tanh", "lr": 1.7769643910156635e-05, "window_size": 25, "batch_size": 128, "epochs": 10, "kernel_size": 2, "attention_heads": 8}, "parameter_index": 0}',
    index: 0
  },
  placementConstraint: { type: 'None', gpus: [] }
}
[2026-05-20 06:03:45] INFO (LocalV3.local) Created trial RKQ7w
[2026-05-20 06:03:47] INFO (LocalV3.local) Trial parameter: RKQ7w {"parameter_id": 16, "parameter_source": "algorithm", "parameters": {"model_type": "RNN", "units": 16, "num_layers": 3, "dropout": 0.2, "activation": "tanh", "lr": 1.7769643910156635e-05, "window_size": 25, "batch_size": 128, "epochs": 10, "kernel_size": 2, "attention_heads": 8}, "parameter_index": 0}
[2026-05-20 06:03:51] INFO (NNIManager) Trial job RKQ7w status changed from RUNNING to SUCCEEDED
[2026-05-20 06:03:51] INFO (NNIManager) NNIManager received command from dispatcher: TR, {"parameter_id": 17, "parameter_source": "algorithm", "parameters": {"model_type": "RNN", "units": 128, "num_layers": 2, "dropout": 0.1, "activation": "tanh", "lr": 0.008741932101772168, "window_size": 29, "batch_size": 16, "epochs": 15, "kernel_size": 3, "attention_heads": 8}, "parameter_index": 0}
[2026-05-20 06:03:52] INFO (NNIManager) submitTrialJob: form: {
  sequenceId: 17,
  hyperParameters: {
    value: '{"parameter_id": 17, "parameter_source": "algorithm", "parameters": {"model_type": "RNN", "units": 128, "num_layers": 2, "dropout": 0.1, "activation": "tanh", "lr": 0.008741932101772168, "window_size": 29, "batch_size": 16, "epochs": 15, "kernel_size": 3, "attention_heads": 8}, "parameter_index": 0}',
    index: 0
  },
  placementConstraint: { type: 'None', gpus: [] }
}
[2026-05-20 06:03:52] INFO (LocalV3.local) Created trial zb3wK
[2026-05-20 06:03:54] INFO (LocalV3.local) Trial parameter: zb3wK {"parameter_id": 17, "parameter_source": "algorithm", "parameters": {"model_type": "RNN", "units": 128, "num_layers": 2, "dropout": 0.1, "activation": "tanh", "lr": 0.008741932101772168, "window_size": 29, "batch_size": 16, "epochs": 15, "kernel_size": 3, "attention_heads": 8}, "parameter_index": 0}
[2026-05-20 06:04:03] INFO (NNIManager) Trial job zb3wK status changed from RUNNING to SUCCEEDED
[2026-05-20 06:04:04] INFO (NNIManager) NNIManager received command from dispatcher: TR, {"parameter_id": 18, "parameter_source": "algorithm", "parameters": {"model_type": "GRU", "units": 16, "num_layers": 3, "dropout": 0, "activation": "relu", "lr": 0.002165922312645895, "window_size": 7, "batch_size": 128, "epochs": 15, "kernel_size": 2, "attention_heads": 8}, "parameter_index": 0}
[2026-05-20 06:04:04] INFO (NNIManager) submitTrialJob: form: {
  sequenceId: 18,
  hyperParameters: {
    value: '{"parameter_id": 18, "parameter_source": "algorithm", "parameters": {"model_type": "GRU", "units": 16, "num_layers": 3, "dropout": 0, "activation": "relu", "lr": 0.002165922312645895, "window_size": 7, "batch_size": 128, "epochs": 15, "kernel_size": 2, "attention_heads": 8}, "parameter_index": 0}',
    index: 0
  },
  placementConstraint: { type: 'None', gpus: [] }
}
[2026-05-20 06:04:04] INFO (LocalV3.local) Created trial Z8dak
[2026-05-20 06:04:06] INFO (LocalV3.local) Trial parameter: Z8dak {"parameter_id": 18, "parameter_source": "algorithm", "parameters": {"model_type": "GRU", "units": 16, "num_layers": 3, "dropout": 0, "activation": "relu", "lr": 0.002165922312645895, "window_size": 7, "batch_size": 128, "epochs": 15, "kernel_size": 2, "attention_heads": 8}, "parameter_index": 0}
[2026-05-20 06:04:13] INFO (NNIManager) Trial job Z8dak status changed from RUNNING to SUCCEEDED
[2026-05-20 06:04:13] INFO (NNIManager) NNIManager received command from dispatcher: TR, {"parameter_id": 19, "parameter_source": "algorithm", "parameters": {"model_type": "Transformer", "units": 256, "num_layers": 1, "dropout": 0.3, "activation": "relu", "lr": 0.0043501134806191175, "window_size": 10, "batch_size": 16, "epochs": 5, "kernel_size": 3, "attention_heads": 4}, "parameter_index": 0}
[2026-05-20 06:04:14] INFO (NNIManager) submitTrialJob: form: {
  sequenceId: 19,
  hyperParameters: {
    value: '{"parameter_id": 19, "parameter_source": "algorithm", "parameters": {"model_type": "Transformer", "units": 256, "num_layers": 1, "dropout": 0.3, "activation": "relu", "lr": 0.0043501134806191175, "window_size": 10, "batch_size": 16, "epochs": 5, "kernel_size": 3, "attention_heads": 4}, "parameter_index": 0}',
    index: 0
  },
  placementConstraint: { type: 'None', gpus: [] }
}
[2026-05-20 06:04:14] INFO (LocalV3.local) Created trial SJq1R
[2026-05-20 06:04:15] INFO (LocalV3.local) Trial parameter: SJq1R {"parameter_id": 19, "parameter_source": "algorithm", "parameters": {"model_type": "Transformer", "units": 256, "num_layers": 1, "dropout": 0.3, "activation": "relu", "lr": 0.0043501134806191175, "window_size": 10, "batch_size": 16, "epochs": 5, "kernel_size": 3, "attention_heads": 4}, "parameter_index": 0}
[2026-05-20 06:04:20] INFO (NNIManager) Trial job SJq1R status changed from RUNNING to SUCCEEDED
[2026-05-20 06:04:20] INFO (NNIManager) NNIManager received command from dispatcher: TR, {"parameter_id": 20, "parameter_source": "algorithm", "parameters": {"model_type": "CNN", "units": 32, "num_layers": 2, "dropout": 0.2, "activation": "elu", "lr": 1.4202434357131884e-05, "window_size": 5, "batch_size": 64, "epochs": 15, "kernel_size": 7, "attention_heads": 2}, "parameter_index": 0}
[2026-05-20 06:04:21] INFO (NNIManager) submitTrialJob: form: {
  sequenceId: 20,
  hyperParameters: {
    value: '{"parameter_id": 20, "parameter_source": "algorithm", "parameters": {"model_type": "CNN", "units": 32, "num_layers": 2, "dropout": 0.2, "activation": "elu", "lr": 1.4202434357131884e-05, "window_size": 5, "batch_size": 64, "epochs": 15, "kernel_size": 7, "attention_heads": 2}, "parameter_index": 0}',
    index: 0
  },
  placementConstraint: { type: 'None', gpus: [] }
}
[2026-05-20 06:04:21] INFO (LocalV3.local) Created trial o1jJm
[2026-05-20 06:04:22] INFO (LocalV3.local) Trial parameter: o1jJm {"parameter_id": 20, "parameter_source": "algorithm", "parameters": {"model_type": "CNN", "units": 32, "num_layers": 2, "dropout": 0.2, "activation": "elu", "lr": 1.4202434357131884e-05, "window_size": 5, "batch_size": 64, "epochs": 15, "kernel_size": 7, "attention_heads": 2}, "parameter_index": 0}
[2026-05-20 06:04:26] INFO (NNIManager) Trial job o1jJm status changed from RUNNING to SUCCEEDED
[2026-05-20 06:04:26] INFO (NNIManager) NNIManager received command from dispatcher: TR, {"parameter_id": 21, "parameter_source": "algorithm", "parameters": {"model_type": "Transformer", "units": 32, "num_layers": 2, "dropout": 0.1, "activation": "elu", "lr": 0.0001801321967260597, "window_size": 7, "batch_size": 128, "epochs": 10, "kernel_size": 3, "attention_heads": 2}, "parameter_index": 0}
[2026-05-20 06:04:26] INFO (NNIManager) submitTrialJob: form: {
  sequenceId: 21,
  hyperParameters: {
    value: '{"parameter_id": 21, "parameter_source": "algorithm", "parameters": {"model_type": "Transformer", "units": 32, "num_layers": 2, "dropout": 0.1, "activation": "elu", "lr": 0.0001801321967260597, "window_size": 7, "batch_size": 128, "epochs": 10, "kernel_size": 3, "attention_heads": 2}, "parameter_index": 0}',
    index: 0
  },
  placementConstraint: { type: 'None', gpus: [] }
}
[2026-05-20 06:04:26] INFO (LocalV3.local) Created trial LY9kM
[2026-05-20 06:04:28] INFO (LocalV3.local) Trial parameter: LY9kM {"parameter_id": 21, "parameter_source": "algorithm", "parameters": {"model_type": "Transformer", "units": 32, "num_layers": 2, "dropout": 0.1, "activation": "elu", "lr": 0.0001801321967260597, "window_size": 7, "batch_size": 128, "epochs": 10, "kernel_size": 3, "attention_heads": 2}, "parameter_index": 0}
[2026-05-20 06:04:33] INFO (NNIManager) Trial job LY9kM status changed from RUNNING to SUCCEEDED
[2026-05-20 06:04:33] INFO (NNIManager) NNIManager received command from dispatcher: TR, {"parameter_id": 22, "parameter_source": "algorithm", "parameters": {"model_type": "LSTM", "units": 64, "num_layers": 4, "dropout": 0.5, "activation": "elu", "lr": 0.0001232936207968681, "window_size": 24, "batch_size": 64, "epochs": 20, "kernel_size": 7, "attention_heads": 8}, "parameter_index": 0}
[2026-05-20 06:04:33] INFO (NNIManager) submitTrialJob: form: {
  sequenceId: 22,
  hyperParameters: {
    value: '{"parameter_id": 22, "parameter_source": "algorithm", "parameters": {"model_type": "LSTM", "units": 64, "num_layers": 4, "dropout": 0.5, "activation": "elu", "lr": 0.0001232936207968681, "window_size": 24, "batch_size": 64, "epochs": 20, "kernel_size": 7, "attention_heads": 8}, "parameter_index": 0}',
    index: 0
  },
  placementConstraint: { type: 'None', gpus: [] }
}
[2026-05-20 06:04:33] INFO (LocalV3.local) Created trial DEEix
[2026-05-20 06:04:35] INFO (LocalV3.local) Trial parameter: DEEix {"parameter_id": 22, "parameter_source": "algorithm", "parameters": {"model_type": "LSTM", "units": 64, "num_layers": 4, "dropout": 0.5, "activation": "elu", "lr": 0.0001232936207968681, "window_size": 24, "batch_size": 64, "epochs": 20, "kernel_size": 7, "attention_heads": 8}, "parameter_index": 0}
[2026-05-20 06:04:55] INFO (NNIManager) Trial job DEEix status changed from RUNNING to SUCCEEDED
[2026-05-20 06:04:55] INFO (NNIManager) NNIManager received command from dispatcher: TR, {"parameter_id": 23, "parameter_source": "algorithm", "parameters": {"model_type": "GRU", "units": 128, "num_layers": 4, "dropout": 0.3, "activation": "tanh", "lr": 5.5369281718659324e-05, "window_size": 30, "batch_size": 64, "epochs": 15, "kernel_size": 5, "attention_heads": 2}, "parameter_index": 0}
[2026-05-20 06:04:55] INFO (NNIManager) submitTrialJob: form: {
  sequenceId: 23,
  hyperParameters: {
    value: '{"parameter_id": 23, "parameter_source": "algorithm", "parameters": {"model_type": "GRU", "units": 128, "num_layers": 4, "dropout": 0.3, "activation": "tanh", "lr": 5.5369281718659324e-05, "window_size": 30, "batch_size": 64, "epochs": 15, "kernel_size": 5, "attention_heads": 2}, "parameter_index": 0}',
    index: 0
  },
  placementConstraint: { type: 'None', gpus: [] }
}
[2026-05-20 06:04:55] INFO (LocalV3.local) Created trial x9I3R
[2026-05-20 06:04:57] INFO (LocalV3.local) Trial parameter: x9I3R {"parameter_id": 23, "parameter_source": "algorithm", "parameters": {"model_type": "GRU", "units": 128, "num_layers": 4, "dropout": 0.3, "activation": "tanh", "lr": 5.5369281718659324e-05, "window_size": 30, "batch_size": 64, "epochs": 15, "kernel_size": 5, "attention_heads": 2}, "parameter_index": 0}
[2026-05-20 06:05:25] INFO (NNIManager) Trial job x9I3R status changed from RUNNING to SUCCEEDED
[2026-05-20 06:05:25] INFO (NNIManager) NNIManager received command from dispatcher: TR, {"parameter_id": 24, "parameter_source": "algorithm", "parameters": {"model_type": "Transformer", "units": 128, "num_layers": 1, "dropout": 0.2, "activation": "elu", "lr": 1.2756054908258058e-05, "window_size": 24, "batch_size": 32, "epochs": 10, "kernel_size": 5, "attention_heads": 2}, "parameter_index": 0}
[2026-05-20 06:05:26] INFO (NNIManager) submitTrialJob: form: {
  sequenceId: 24,
  hyperParameters: {
    value: '{"parameter_id": 24, "parameter_source": "algorithm", "parameters": {"model_type": "Transformer", "units": 128, "num_layers": 1, "dropout": 0.2, "activation": "elu", "lr": 1.2756054908258058e-05, "window_size": 24, "batch_size": 32, "epochs": 10, "kernel_size": 5, "attention_heads": 2}, "parameter_index": 0}',
    index: 0
  },
  placementConstraint: { type: 'None', gpus: [] }
}
[2026-05-20 06:05:26] INFO (LocalV3.local) Created trial sz1CM
[2026-05-20 06:05:27] INFO (LocalV3.local) Trial parameter: sz1CM {"parameter_id": 24, "parameter_source": "algorithm", "parameters": {"model_type": "Transformer", "units": 128, "num_layers": 1, "dropout": 0.2, "activation": "elu", "lr": 1.2756054908258058e-05, "window_size": 24, "batch_size": 32, "epochs": 10, "kernel_size": 5, "attention_heads": 2}, "parameter_index": 0}
[2026-05-20 06:05:33] INFO (NNIManager) Trial job sz1CM status changed from RUNNING to SUCCEEDED
[2026-05-20 06:05:33] INFO (NNIManager) NNIManager received command from dispatcher: TR, {"parameter_id": 25, "parameter_source": "algorithm", "parameters": {"model_type": "MLP", "units": 32, "num_layers": 4, "dropout": 0.5, "activation": "tanh", "lr": 0.0009790404341240221, "window_size": 16, "batch_size": 64, "epochs": 15, "kernel_size": 5, "attention_heads": 4}, "parameter_index": 0}
[2026-05-20 06:05:33] INFO (NNIManager) submitTrialJob: form: {
  sequenceId: 25,
  hyperParameters: {
    value: '{"parameter_id": 25, "parameter_source": "algorithm", "parameters": {"model_type": "MLP", "units": 32, "num_layers": 4, "dropout": 0.5, "activation": "tanh", "lr": 0.0009790404341240221, "window_size": 16, "batch_size": 64, "epochs": 15, "kernel_size": 5, "attention_heads": 4}, "parameter_index": 0}',
    index: 0
  },
  placementConstraint: { type: 'None', gpus: [] }
}
[2026-05-20 06:05:33] INFO (LocalV3.local) Created trial o7dQH
[2026-05-20 06:05:35] INFO (LocalV3.local) Trial parameter: o7dQH {"parameter_id": 25, "parameter_source": "algorithm", "parameters": {"model_type": "MLP", "units": 32, "num_layers": 4, "dropout": 0.5, "activation": "tanh", "lr": 0.0009790404341240221, "window_size": 16, "batch_size": 64, "epochs": 15, "kernel_size": 5, "attention_heads": 4}, "parameter_index": 0}
[2026-05-20 06:05:38] INFO (NNIManager) Trial job o7dQH status changed from RUNNING to SUCCEEDED
[2026-05-20 06:05:38] INFO (NNIManager) NNIManager received command from dispatcher: TR, {"parameter_id": 26, "parameter_source": "algorithm", "parameters": {"model_type": "RNN", "units": 32, "num_layers": 2, "dropout": 0.5, "activation": "tanh", "lr": 3.0788631107905394e-05, "window_size": 29, "batch_size": 32, "epochs": 5, "kernel_size": 7, "attention_heads": 8}, "parameter_index": 0}
[2026-05-20 06:05:39] INFO (NNIManager) submitTrialJob: form: {
  sequenceId: 26,
  hyperParameters: {
    value: '{"parameter_id": 26, "parameter_source": "algorithm", "parameters": {"model_type": "RNN", "units": 32, "num_layers": 2, "dropout": 0.5, "activation": "tanh", "lr": 3.0788631107905394e-05, "window_size": 29, "batch_size": 32, "epochs": 5, "kernel_size": 7, "attention_heads": 8}, "parameter_index": 0}',
    index: 0
  },
  placementConstraint: { type: 'None', gpus: [] }
}
[2026-05-20 06:05:39] INFO (LocalV3.local) Created trial WoB1p
[2026-05-20 06:05:41] INFO (LocalV3.local) Trial parameter: WoB1p {"parameter_id": 26, "parameter_source": "algorithm", "parameters": {"model_type": "RNN", "units": 32, "num_layers": 2, "dropout": 0.5, "activation": "tanh", "lr": 3.0788631107905394e-05, "window_size": 29, "batch_size": 32, "epochs": 5, "kernel_size": 7, "attention_heads": 8}, "parameter_index": 0}
[2026-05-20 06:05:44] INFO (NNIManager) Trial job WoB1p status changed from RUNNING to SUCCEEDED
[2026-05-20 06:05:44] INFO (NNIManager) NNIManager received command from dispatcher: TR, {"parameter_id": 27, "parameter_source": "algorithm", "parameters": {"model_type": "RNN", "units": 32, "num_layers": 2, "dropout": 0.1, "activation": "sigmoid", "lr": 0.0006311514770132432, "window_size": 26, "batch_size": 16, "epochs": 5, "kernel_size": 7, "attention_heads": 2}, "parameter_index": 0}
[2026-05-20 06:05:45] INFO (NNIManager) submitTrialJob: form: {
  sequenceId: 27,
  hyperParameters: {
    value: '{"parameter_id": 27, "parameter_source": "algorithm", "parameters": {"model_type": "RNN", "units": 32, "num_layers": 2, "dropout": 0.1, "activation": "sigmoid", "lr": 0.0006311514770132432, "window_size": 26, "batch_size": 16, "epochs": 5, "kernel_size": 7, "attention_heads": 2}, "parameter_index": 0}',
    index: 0
  },
  placementConstraint: { type: 'None', gpus: [] }
}
[2026-05-20 06:05:45] INFO (LocalV3.local) Created trial AeGTQ
[2026-05-20 06:05:47] INFO (LocalV3.local) Trial parameter: AeGTQ {"parameter_id": 27, "parameter_source": "algorithm", "parameters": {"model_type": "RNN", "units": 32, "num_layers": 2, "dropout": 0.1, "activation": "sigmoid", "lr": 0.0006311514770132432, "window_size": 26, "batch_size": 16, "epochs": 5, "kernel_size": 7, "attention_heads": 2}, "parameter_index": 0}
[2026-05-20 06:05:51] INFO (NNIManager) Trial job AeGTQ status changed from RUNNING to SUCCEEDED
[2026-05-20 06:05:51] INFO (NNIManager) NNIManager received command from dispatcher: TR, {"parameter_id": 28, "parameter_source": "algorithm", "parameters": {"model_type": "Transformer", "units": 256, "num_layers": 3, "dropout": 0.2, "activation": "tanh", "lr": 8.481643102006579e-05, "window_size": 3, "batch_size": 16, "epochs": 15, "kernel_size": 5, "attention_heads": 2}, "parameter_index": 0}
[2026-05-20 06:05:51] INFO (NNIManager) submitTrialJob: form: {
  sequenceId: 28,
  hyperParameters: {
    value: '{"parameter_id": 28, "parameter_source": "algorithm", "parameters": {"model_type": "Transformer", "units": 256, "num_layers": 3, "dropout": 0.2, "activation": "tanh", "lr": 8.481643102006579e-05, "window_size": 3, "batch_size": 16, "epochs": 15, "kernel_size": 5, "attention_heads": 2}, "parameter_index": 0}',
    index: 0
  },
  placementConstraint: { type: 'None', gpus: [] }
}
[2026-05-20 06:05:51] INFO (LocalV3.local) Created trial naxCy
[2026-05-20 06:05:53] INFO (LocalV3.local) Trial parameter: naxCy {"parameter_id": 28, "parameter_source": "algorithm", "parameters": {"model_type": "Transformer", "units": 256, "num_layers": 3, "dropout": 0.2, "activation": "tanh", "lr": 8.481643102006579e-05, "window_size": 3, "batch_size": 16, "epochs": 15, "kernel_size": 5, "attention_heads": 2}, "parameter_index": 0}
[2026-05-20 06:06:20] INFO (NNIManager) Trial job naxCy status changed from RUNNING to SUCCEEDED
[2026-05-20 06:06:20] INFO (NNIManager) NNIManager received command from dispatcher: TR, {"parameter_id": 29, "parameter_source": "algorithm", "parameters": {"model_type": "MLP", "units": 128, "num_layers": 1, "dropout": 0.5, "activation": "elu", "lr": 8.69559795721529e-05, "window_size": 5, "batch_size": 128, "epochs": 10, "kernel_size": 5, "attention_heads": 8}, "parameter_index": 0}
[2026-05-20 06:06:20] INFO (NNIManager) submitTrialJob: form: {
  sequenceId: 29,
  hyperParameters: {
    value: '{"parameter_id": 29, "parameter_source": "algorithm", "parameters": {"model_type": "MLP", "units": 128, "num_layers": 1, "dropout": 0.5, "activation": "elu", "lr": 8.69559795721529e-05, "window_size": 5, "batch_size": 128, "epochs": 10, "kernel_size": 5, "attention_heads": 8}, "parameter_index": 0}',
    index: 0
  },
  placementConstraint: { type: 'None', gpus: [] }
}
[2026-05-20 06:06:20] INFO (LocalV3.local) Created trial jm8Zs
[2026-05-20 06:06:22] INFO (LocalV3.local) Trial parameter: jm8Zs {"parameter_id": 29, "parameter_source": "algorithm", "parameters": {"model_type": "MLP", "units": 128, "num_layers": 1, "dropout": 0.5, "activation": "elu", "lr": 8.69559795721529e-05, "window_size": 5, "batch_size": 128, "epochs": 10, "kernel_size": 5, "attention_heads": 8}, "parameter_index": 0}
[2026-05-20 06:06:24] INFO (NNIManager) Trial job jm8Zs status changed from RUNNING to SUCCEEDED
[2026-05-20 06:06:24] INFO (NNIManager) NNIManager received command from dispatcher: TR, {"parameter_id": 30, "parameter_source": "algorithm", "parameters": {"model_type": "TCN", "units": 256, "num_layers": 1, "dropout": 0.5, "activation": "sigmoid", "lr": 2.0704619060304853e-05, "window_size": 3, "batch_size": 64, "epochs": 10, "kernel_size": 3, "attention_heads": 2}, "parameter_index": 0}
[2026-05-20 06:06:25] INFO (NNIManager) submitTrialJob: form: {
  sequenceId: 30,
  hyperParameters: {
    value: '{"parameter_id": 30, "parameter_source": "algorithm", "parameters": {"model_type": "TCN", "units": 256, "num_layers": 1, "dropout": 0.5, "activation": "sigmoid", "lr": 2.0704619060304853e-05, "window_size": 3, "batch_size": 64, "epochs": 10, "kernel_size": 3, "attention_heads": 2}, "parameter_index": 0}',
    index: 0
  },
  placementConstraint: { type: 'None', gpus: [] }
}
[2026-05-20 06:06:25] INFO (LocalV3.local) Created trial nuei1
[2026-05-20 06:06:27] INFO (LocalV3.local) Trial parameter: nuei1 {"parameter_id": 30, "parameter_source": "algorithm", "parameters": {"model_type": "TCN", "units": 256, "num_layers": 1, "dropout": 0.5, "activation": "sigmoid", "lr": 2.0704619060304853e-05, "window_size": 3, "batch_size": 64, "epochs": 10, "kernel_size": 3, "attention_heads": 2}, "parameter_index": 0}
[2026-05-20 06:06:29] INFO (NNIManager) Trial job nuei1 status changed from RUNNING to SUCCEEDED
[2026-05-20 06:06:29] INFO (NNIManager) NNIManager received command from dispatcher: TR, {"parameter_id": 31, "parameter_source": "algorithm", "parameters": {"model_type": "GRU", "units": 128, "num_layers": 3, "dropout": 0, "activation": "relu", "lr": 0.003449994865612262, "window_size": 14, "batch_size": 64, "epochs": 20, "kernel_size": 2, "attention_heads": 8}, "parameter_index": 0}
[2026-05-20 06:06:30] INFO (NNIManager) submitTrialJob: form: {
  sequenceId: 31,
  hyperParameters: {
    value: '{"parameter_id": 31, "parameter_source": "algorithm", "parameters": {"model_type": "GRU", "units": 128, "num_layers": 3, "dropout": 0, "activation": "relu", "lr": 0.003449994865612262, "window_size": 14, "batch_size": 64, "epochs": 20, "kernel_size": 2, "attention_heads": 8}, "parameter_index": 0}',
    index: 0
  },
  placementConstraint: { type: 'None', gpus: [] }
}
[2026-05-20 06:06:30] INFO (LocalV3.local) Created trial xDmz9
[2026-05-20 06:06:31] INFO (LocalV3.local) Trial parameter: xDmz9 {"parameter_id": 31, "parameter_source": "algorithm", "parameters": {"model_type": "GRU", "units": 128, "num_layers": 3, "dropout": 0, "activation": "relu", "lr": 0.003449994865612262, "window_size": 14, "batch_size": 64, "epochs": 20, "kernel_size": 2, "attention_heads": 8}, "parameter_index": 0}
[2026-05-20 06:06:49] INFO (NNIManager) Trial job xDmz9 status changed from RUNNING to SUCCEEDED
[2026-05-20 06:06:49] INFO (NNIManager) NNIManager received command from dispatcher: TR, {"parameter_id": 32, "parameter_source": "algorithm", "parameters": {"model_type": "CNN", "units": 32, "num_layers": 2, "dropout": 0.5, "activation": "elu", "lr": 1.1444365043027737e-05, "window_size": 27, "batch_size": 64, "epochs": 5, "kernel_size": 5, "attention_heads": 8}, "parameter_index": 0}
[2026-05-20 06:06:50] INFO (NNIManager) submitTrialJob: form: {
  sequenceId: 32,
  hyperParameters: {
    value: '{"parameter_id": 32, "parameter_source": "algorithm", "parameters": {"model_type": "CNN", "units": 32, "num_layers": 2, "dropout": 0.5, "activation": "elu", "lr": 1.1444365043027737e-05, "window_size": 27, "batch_size": 64, "epochs": 5, "kernel_size": 5, "attention_heads": 8}, "parameter_index": 0}',
    index: 0
  },
  placementConstraint: { type: 'None', gpus: [] }
}
[2026-05-20 06:06:50] INFO (LocalV3.local) Created trial xt7t2
[2026-05-20 06:06:51] INFO (LocalV3.local) Trial parameter: xt7t2 {"parameter_id": 32, "parameter_source": "algorithm", "parameters": {"model_type": "CNN", "units": 32, "num_layers": 2, "dropout": 0.5, "activation": "elu", "lr": 1.1444365043027737e-05, "window_size": 27, "batch_size": 64, "epochs": 5, "kernel_size": 5, "attention_heads": 8}, "parameter_index": 0}
[2026-05-20 06:06:54] INFO (NNIManager) Trial job xt7t2 status changed from RUNNING to SUCCEEDED
[2026-05-20 06:06:54] INFO (NNIManager) NNIManager received command from dispatcher: TR, {"parameter_id": 33, "parameter_source": "algorithm", "parameters": {"model_type": "LSTM", "units": 64, "num_layers": 4, "dropout": 0.5, "activation": "elu", "lr": 0.0001232936207968681, "window_size": 18, "batch_size": 64, "epochs": 20, "kernel_size": 7, "attention_heads": 8}, "parameter_index": 0}
[2026-05-20 06:06:54] INFO (NNIManager) submitTrialJob: form: {
  sequenceId: 33,
  hyperParameters: {
    value: '{"parameter_id": 33, "parameter_source": "algorithm", "parameters": {"model_type": "LSTM", "units": 64, "num_layers": 4, "dropout": 0.5, "activation": "elu", "lr": 0.0001232936207968681, "window_size": 18, "batch_size": 64, "epochs": 20, "kernel_size": 7, "attention_heads": 8}, "parameter_index": 0}',
    index: 0
  },
  placementConstraint: { type: 'None', gpus: [] }
}
[2026-05-20 06:06:54] INFO (LocalV3.local) Created trial iEfip
[2026-05-20 06:06:56] INFO (LocalV3.local) Trial parameter: iEfip {"parameter_id": 33, "parameter_source": "algorithm", "parameters": {"model_type": "LSTM", "units": 64, "num_layers": 4, "dropout": 0.5, "activation": "elu", "lr": 0.0001232936207968681, "window_size": 18, "batch_size": 64, "epochs": 20, "kernel_size": 7, "attention_heads": 8}, "parameter_index": 0}
[2026-05-20 06:07:13] INFO (NNIManager) Trial job iEfip status changed from RUNNING to SUCCEEDED
[2026-05-20 06:07:13] INFO (NNIManager) NNIManager received command from dispatcher: TR, {"parameter_id": 34, "parameter_source": "algorithm", "parameters": {"model_type": "LSTM", "units": 16, "num_layers": 2, "dropout": 0.3, "activation": "relu", "lr": 0.000180819426043033, "window_size": 6, "batch_size": 32, "epochs": 20, "kernel_size": 7, "attention_heads": 8}, "parameter_index": 0}
[2026-05-20 06:07:14] INFO (NNIManager) submitTrialJob: form: {
  sequenceId: 34,
  hyperParameters: {
    value: '{"parameter_id": 34, "parameter_source": "algorithm", "parameters": {"model_type": "LSTM", "units": 16, "num_layers": 2, "dropout": 0.3, "activation": "relu", "lr": 0.000180819426043033, "window_size": 6, "batch_size": 32, "epochs": 20, "kernel_size": 7, "attention_heads": 8}, "parameter_index": 0}',
    index: 0
  },
  placementConstraint: { type: 'None', gpus: [] }
}
[2026-05-20 06:07:14] INFO (LocalV3.local) Created trial BBG0p
[2026-05-20 06:07:15] INFO (LocalV3.local) Trial parameter: BBG0p {"parameter_id": 34, "parameter_source": "algorithm", "parameters": {"model_type": "LSTM", "units": 16, "num_layers": 2, "dropout": 0.3, "activation": "relu", "lr": 0.000180819426043033, "window_size": 6, "batch_size": 32, "epochs": 20, "kernel_size": 7, "attention_heads": 8}, "parameter_index": 0}
[2026-05-20 06:07:23] INFO (NNIManager) Trial job BBG0p status changed from RUNNING to SUCCEEDED
[2026-05-20 06:07:23] INFO (NNIManager) NNIManager received command from dispatcher: TR, {"parameter_id": 35, "parameter_source": "algorithm", "parameters": {"model_type": "GRU", "units": 128, "num_layers": 4, "dropout": 0, "activation": "tanh", "lr": 5.5369281718659324e-05, "window_size": 30, "batch_size": 64, "epochs": 15, "kernel_size": 5, "attention_heads": 2}, "parameter_index": 0}
[2026-05-20 06:07:24] INFO (NNIManager) submitTrialJob: form: {
  sequenceId: 35,
  hyperParameters: {
    value: '{"parameter_id": 35, "parameter_source": "algorithm", "parameters": {"model_type": "GRU", "units": 128, "num_layers": 4, "dropout": 0, "activation": "tanh", "lr": 5.5369281718659324e-05, "window_size": 30, "batch_size": 64, "epochs": 15, "kernel_size": 5, "attention_heads": 2}, "parameter_index": 0}',
    index: 0
  },
  placementConstraint: { type: 'None', gpus: [] }
}
[2026-05-20 06:07:24] INFO (LocalV3.local) Created trial WgQu8
[2026-05-20 06:07:25] INFO (LocalV3.local) Trial parameter: WgQu8 {"parameter_id": 35, "parameter_source": "algorithm", "parameters": {"model_type": "GRU", "units": 128, "num_layers": 4, "dropout": 0, "activation": "tanh", "lr": 5.5369281718659324e-05, "window_size": 30, "batch_size": 64, "epochs": 15, "kernel_size": 5, "attention_heads": 2}, "parameter_index": 0}
[2026-05-20 06:07:53] INFO (NNIManager) Trial job WgQu8 status changed from RUNNING to SUCCEEDED
[2026-05-20 06:07:53] INFO (NNIManager) NNIManager received command from dispatcher: TR, {"parameter_id": 36, "parameter_source": "algorithm", "parameters": {"model_type": "LSTM", "units": 16, "num_layers": 2, "dropout": 0.3, "activation": "relu", "lr": 0.000180819426043033, "window_size": 6, "batch_size": 32, "epochs": 20, "kernel_size": 7, "attention_heads": 8}, "parameter_index": 0}
[2026-05-20 06:07:53] INFO (NNIManager) submitTrialJob: form: {
  sequenceId: 36,
  hyperParameters: {
    value: '{"parameter_id": 36, "parameter_source": "algorithm", "parameters": {"model_type": "LSTM", "units": 16, "num_layers": 2, "dropout": 0.3, "activation": "relu", "lr": 0.000180819426043033, "window_size": 6, "batch_size": 32, "epochs": 20, "kernel_size": 7, "attention_heads": 8}, "parameter_index": 0}',
    index: 0
  },
  placementConstraint: { type: 'None', gpus: [] }
}
[2026-05-20 06:07:53] INFO (LocalV3.local) Created trial Mzsm2
[2026-05-20 06:07:55] INFO (LocalV3.local) Trial parameter: Mzsm2 {"parameter_id": 36, "parameter_source": "algorithm", "parameters": {"model_type": "LSTM", "units": 16, "num_layers": 2, "dropout": 0.3, "activation": "relu", "lr": 0.000180819426043033, "window_size": 6, "batch_size": 32, "epochs": 20, "kernel_size": 7, "attention_heads": 8}, "parameter_index": 0}
[2026-05-20 06:08:03] INFO (NNIManager) Trial job Mzsm2 status changed from RUNNING to SUCCEEDED
[2026-05-20 06:08:03] INFO (NNIManager) NNIManager received command from dispatcher: TR, {"parameter_id": 37, "parameter_source": "algorithm", "parameters": {"model_type": "MLP", "units": 128, "num_layers": 4, "dropout": 0.5, "activation": "elu", "lr": 8.69559795721529e-05, "window_size": 5, "batch_size": 128, "epochs": 10, "kernel_size": 5, "attention_heads": 8}, "parameter_index": 0}
[2026-05-20 06:08:03] INFO (NNIManager) submitTrialJob: form: {
  sequenceId: 37,
  hyperParameters: {
    value: '{"parameter_id": 37, "parameter_source": "algorithm", "parameters": {"model_type": "MLP", "units": 128, "num_layers": 4, "dropout": 0.5, "activation": "elu", "lr": 8.69559795721529e-05, "window_size": 5, "batch_size": 128, "epochs": 10, "kernel_size": 5, "attention_heads": 8}, "parameter_index": 0}',
    index: 0
  },
  placementConstraint: { type: 'None', gpus: [] }
}
[2026-05-20 06:08:03] INFO (LocalV3.local) Created trial s5fQC
[2026-05-20 06:08:05] INFO (LocalV3.local) Trial parameter: s5fQC {"parameter_id": 37, "parameter_source": "algorithm", "parameters": {"model_type": "MLP", "units": 128, "num_layers": 4, "dropout": 0.5, "activation": "elu", "lr": 8.69559795721529e-05, "window_size": 5, "batch_size": 128, "epochs": 10, "kernel_size": 5, "attention_heads": 8}, "parameter_index": 0}
[2026-05-20 06:08:08] INFO (NNIManager) Trial job s5fQC status changed from RUNNING to SUCCEEDED
[2026-05-20 06:08:08] INFO (NNIManager) NNIManager received command from dispatcher: TR, {"parameter_id": 38, "parameter_source": "algorithm", "parameters": {"model_type": "RNN", "units": 32, "num_layers": 2, "dropout": 0.1, "activation": "sigmoid", "lr": 0.0006311514770132432, "window_size": 10, "batch_size": 16, "epochs": 5, "kernel_size": 7, "attention_heads": 2}, "parameter_index": 0}
[2026-05-20 06:08:08] INFO (NNIManager) submitTrialJob: form: {
  sequenceId: 38,
  hyperParameters: {
    value: '{"parameter_id": 38, "parameter_source": "algorithm", "parameters": {"model_type": "RNN", "units": 32, "num_layers": 2, "dropout": 0.1, "activation": "sigmoid", "lr": 0.0006311514770132432, "window_size": 10, "batch_size": 16, "epochs": 5, "kernel_size": 7, "attention_heads": 2}, "parameter_index": 0}',
    index: 0
  },
  placementConstraint: { type: 'None', gpus: [] }
}
[2026-05-20 06:08:08] INFO (LocalV3.local) Created trial N6hgs
[2026-05-20 06:08:10] INFO (LocalV3.local) Trial parameter: N6hgs {"parameter_id": 38, "parameter_source": "algorithm", "parameters": {"model_type": "RNN", "units": 32, "num_layers": 2, "dropout": 0.1, "activation": "sigmoid", "lr": 0.0006311514770132432, "window_size": 10, "batch_size": 16, "epochs": 5, "kernel_size": 7, "attention_heads": 2}, "parameter_index": 0}
[2026-05-20 06:08:14] INFO (NNIManager) Trial job N6hgs status changed from RUNNING to SUCCEEDED
[2026-05-20 06:08:14] INFO (NNIManager) NNIManager received command from dispatcher: TR, {"parameter_id": 39, "parameter_source": "algorithm", "parameters": {"model_type": "CNN", "units": 32, "num_layers": 2, "dropout": 0.3, "activation": "sigmoid", "lr": 0.00010635763048574109, "window_size": 28, "batch_size": 64, "epochs": 20, "kernel_size": 7, "attention_heads": 4}, "parameter_index": 0}
[2026-05-20 06:08:14] INFO (NNIManager) submitTrialJob: form: {
  sequenceId: 39,
  hyperParameters: {
    value: '{"parameter_id": 39, "parameter_source": "algorithm", "parameters": {"model_type": "CNN", "units": 32, "num_layers": 2, "dropout": 0.3, "activation": "sigmoid", "lr": 0.00010635763048574109, "window_size": 28, "batch_size": 64, "epochs": 20, "kernel_size": 7, "attention_heads": 4}, "parameter_index": 0}',
    index: 0
  },
  placementConstraint: { type: 'None', gpus: [] }
}
[2026-05-20 06:08:14] INFO (LocalV3.local) Created trial YjBM3
[2026-05-20 06:08:16] INFO (LocalV3.local) Trial parameter: YjBM3 {"parameter_id": 39, "parameter_source": "algorithm", "parameters": {"model_type": "CNN", "units": 32, "num_layers": 2, "dropout": 0.3, "activation": "sigmoid", "lr": 0.00010635763048574109, "window_size": 28, "batch_size": 64, "epochs": 20, "kernel_size": 7, "attention_heads": 4}, "parameter_index": 0}
[2026-05-20 06:08:20] INFO (NNIManager) Trial job YjBM3 status changed from RUNNING to SUCCEEDED
[2026-05-20 06:08:20] INFO (NNIManager) NNIManager received command from dispatcher: TR, {"parameter_id": 40, "parameter_source": "algorithm", "parameters": {"model_type": "LSTM", "units": 32, "num_layers": 2, "dropout": 0.1, "activation": "sigmoid", "lr": 0.0006311514770132432, "window_size": 10, "batch_size": 16, "epochs": 5, "kernel_size": 7, "attention_heads": 2}, "parameter_index": 0}
[2026-05-20 06:08:20] INFO (NNIManager) submitTrialJob: form: {
  sequenceId: 40,
  hyperParameters: {
    value: '{"parameter_id": 40, "parameter_source": "algorithm", "parameters": {"model_type": "LSTM", "units": 32, "num_layers": 2, "dropout": 0.1, "activation": "sigmoid", "lr": 0.0006311514770132432, "window_size": 10, "batch_size": 16, "epochs": 5, "kernel_size": 7, "attention_heads": 2}, "parameter_index": 0}',
    index: 0
  },
  placementConstraint: { type: 'None', gpus: [] }
}
[2026-05-20 06:08:20] INFO (LocalV3.local) Created trial X3ZtQ
[2026-05-20 06:08:22] INFO (LocalV3.local) Trial parameter: X3ZtQ {"parameter_id": 40, "parameter_source": "algorithm", "parameters": {"model_type": "LSTM", "units": 32, "num_layers": 2, "dropout": 0.1, "activation": "sigmoid", "lr": 0.0006311514770132432, "window_size": 10, "batch_size": 16, "epochs": 5, "kernel_size": 7, "attention_heads": 2}, "parameter_index": 0}
[2026-05-20 06:08:28] INFO (NNIManager) Trial job X3ZtQ status changed from RUNNING to SUCCEEDED
[2026-05-20 06:08:28] INFO (NNIManager) NNIManager received command from dispatcher: TR, {"parameter_id": 41, "parameter_source": "algorithm", "parameters": {"model_type": "RNN", "units": 32, "num_layers": 2, "dropout": 0.1, "activation": "sigmoid", "lr": 0.0006311514770132432, "window_size": 26, "batch_size": 16, "epochs": 5, "kernel_size": 7, "attention_heads": 2}, "parameter_index": 0}
[2026-05-20 06:08:29] INFO (NNIManager) submitTrialJob: form: {
  sequenceId: 41,
  hyperParameters: {
    value: '{"parameter_id": 41, "parameter_source": "algorithm", "parameters": {"model_type": "RNN", "units": 32, "num_layers": 2, "dropout": 0.1, "activation": "sigmoid", "lr": 0.0006311514770132432, "window_size": 26, "batch_size": 16, "epochs": 5, "kernel_size": 7, "attention_heads": 2}, "parameter_index": 0}',
    index: 0
  },
  placementConstraint: { type: 'None', gpus: [] }
}
[2026-05-20 06:08:29] INFO (LocalV3.local) Created trial j1Amo
[2026-05-20 06:08:31] INFO (LocalV3.local) Trial parameter: j1Amo {"parameter_id": 41, "parameter_source": "algorithm", "parameters": {"model_type": "RNN", "units": 32, "num_layers": 2, "dropout": 0.1, "activation": "sigmoid", "lr": 0.0006311514770132432, "window_size": 26, "batch_size": 16, "epochs": 5, "kernel_size": 7, "attention_heads": 2}, "parameter_index": 0}
[2026-05-20 06:08:35] INFO (NNIManager) Trial job j1Amo status changed from RUNNING to SUCCEEDED
[2026-05-20 06:08:35] INFO (NNIManager) NNIManager received command from dispatcher: TR, {"parameter_id": 42, "parameter_source": "algorithm", "parameters": {"model_type": "TCN", "units": 16, "num_layers": 2, "dropout": 0.1, "activation": "relu", "lr": 0.002580714370373334, "window_size": 8, "batch_size": 64, "epochs": 5, "kernel_size": 3, "attention_heads": 4}, "parameter_index": 0}
[2026-05-20 06:08:35] INFO (NNIManager) submitTrialJob: form: {
  sequenceId: 42,
  hyperParameters: {
    value: '{"parameter_id": 42, "parameter_source": "algorithm", "parameters": {"model_type": "TCN", "units": 16, "num_layers": 2, "dropout": 0.1, "activation": "relu", "lr": 0.002580714370373334, "window_size": 8, "batch_size": 64, "epochs": 5, "kernel_size": 3, "attention_heads": 4}, "parameter_index": 0}',
    index: 0
  },
  placementConstraint: { type: 'None', gpus: [] }
}
[2026-05-20 06:08:35] INFO (LocalV3.local) Created trial NLHgE
[2026-05-20 06:08:37] INFO (LocalV3.local) Trial parameter: NLHgE {"parameter_id": 42, "parameter_source": "algorithm", "parameters": {"model_type": "TCN", "units": 16, "num_layers": 2, "dropout": 0.1, "activation": "relu", "lr": 0.002580714370373334, "window_size": 8, "batch_size": 64, "epochs": 5, "kernel_size": 3, "attention_heads": 4}, "parameter_index": 0}
[2026-05-20 06:08:39] INFO (NNIManager) Trial job NLHgE status changed from RUNNING to SUCCEEDED
[2026-05-20 06:08:39] INFO (NNIManager) NNIManager received command from dispatcher: TR, {"parameter_id": 43, "parameter_source": "algorithm", "parameters": {"model_type": "GRU", "units": 16, "num_layers": 3, "dropout": 0, "activation": "relu", "lr": 0.002165922312645895, "window_size": 7, "batch_size": 128, "epochs": 15, "kernel_size": 2, "attention_heads": 8}, "parameter_index": 0}
[2026-05-20 06:08:40] INFO (NNIManager) submitTrialJob: form: {
  sequenceId: 43,
  hyperParameters: {
    value: '{"parameter_id": 43, "parameter_source": "algorithm", "parameters": {"model_type": "GRU", "units": 16, "num_layers": 3, "dropout": 0, "activation": "relu", "lr": 0.002165922312645895, "window_size": 7, "batch_size": 128, "epochs": 15, "kernel_size": 2, "attention_heads": 8}, "parameter_index": 0}',
    index: 0
  },
  placementConstraint: { type: 'None', gpus: [] }
}
[2026-05-20 06:08:40] INFO (LocalV3.local) Created trial cjCNV
[2026-05-20 06:08:42] INFO (LocalV3.local) Trial parameter: cjCNV {"parameter_id": 43, "parameter_source": "algorithm", "parameters": {"model_type": "GRU", "units": 16, "num_layers": 3, "dropout": 0, "activation": "relu", "lr": 0.002165922312645895, "window_size": 7, "batch_size": 128, "epochs": 15, "kernel_size": 2, "attention_heads": 8}, "parameter_index": 0}
[2026-05-20 06:08:49] INFO (NNIManager) Trial job cjCNV status changed from RUNNING to SUCCEEDED
[2026-05-20 06:08:49] INFO (NNIManager) NNIManager received command from dispatcher: TR, {"parameter_id": 44, "parameter_source": "algorithm", "parameters": {"model_type": "CNN", "units": 32, "num_layers": 2, "dropout": 0.5, "activation": "elu", "lr": 1.1444365043027737e-05, "window_size": 27, "batch_size": 64, "epochs": 15, "kernel_size": 5, "attention_heads": 8}, "parameter_index": 0}
[2026-05-20 06:08:49] INFO (NNIManager) submitTrialJob: form: {
  sequenceId: 44,
  hyperParameters: {
    value: '{"parameter_id": 44, "parameter_source": "algorithm", "parameters": {"model_type": "CNN", "units": 32, "num_layers": 2, "dropout": 0.5, "activation": "elu", "lr": 1.1444365043027737e-05, "window_size": 27, "batch_size": 64, "epochs": 15, "kernel_size": 5, "attention_heads": 8}, "parameter_index": 0}',
    index: 0
  },
  placementConstraint: { type: 'None', gpus: [] }
}
[2026-05-20 06:08:49] INFO (LocalV3.local) Created trial eLWKm
[2026-05-20 06:08:51] INFO (LocalV3.local) Trial parameter: eLWKm {"parameter_id": 44, "parameter_source": "algorithm", "parameters": {"model_type": "CNN", "units": 32, "num_layers": 2, "dropout": 0.5, "activation": "elu", "lr": 1.1444365043027737e-05, "window_size": 27, "batch_size": 64, "epochs": 15, "kernel_size": 5, "attention_heads": 8}, "parameter_index": 0}
[2026-05-20 06:08:54] INFO (NNIManager) Trial job eLWKm status changed from RUNNING to SUCCEEDED
[2026-05-20 06:08:55] INFO (NNIManager) NNIManager received command from dispatcher: TR, {"parameter_id": 45, "parameter_source": "algorithm", "parameters": {"model_type": "Transformer", "units": 32, "num_layers": 2, "dropout": 0.5, "activation": "elu", "lr": 1.1444365043027737e-05, "window_size": 27, "batch_size": 64, "epochs": 15, "kernel_size": 5, "attention_heads": 8}, "parameter_index": 0}
[2026-05-20 06:08:55] INFO (NNIManager) submitTrialJob: form: {
  sequenceId: 45,
  hyperParameters: {
    value: '{"parameter_id": 45, "parameter_source": "algorithm", "parameters": {"model_type": "Transformer", "units": 32, "num_layers": 2, "dropout": 0.5, "activation": "elu", "lr": 1.1444365043027737e-05, "window_size": 27, "batch_size": 64, "epochs": 15, "kernel_size": 5, "attention_heads": 8}, "parameter_index": 0}',
    index: 0
  },
  placementConstraint: { type: 'None', gpus: [] }
}
[2026-05-20 06:08:55] INFO (LocalV3.local) Created trial CPwVz
[2026-05-20 06:08:57] INFO (LocalV3.local) Trial parameter: CPwVz {"parameter_id": 45, "parameter_source": "algorithm", "parameters": {"model_type": "Transformer", "units": 32, "num_layers": 2, "dropout": 0.5, "activation": "elu", "lr": 1.1444365043027737e-05, "window_size": 27, "batch_size": 64, "epochs": 15, "kernel_size": 5, "attention_heads": 8}, "parameter_index": 0}
[2026-05-20 06:09:07] INFO (NNIManager) Trial job CPwVz status changed from RUNNING to SUCCEEDED
[2026-05-20 06:09:07] INFO (NNIManager) NNIManager received command from dispatcher: TR, {"parameter_id": 46, "parameter_source": "algorithm", "parameters": {"model_type": "TCN", "units": 16, "num_layers": 2, "dropout": 0.1, "activation": "relu", "lr": 0.002580714370373334, "window_size": 8, "batch_size": 64, "epochs": 15, "kernel_size": 3, "attention_heads": 4}, "parameter_index": 0}
[2026-05-20 06:09:07] INFO (NNIManager) submitTrialJob: form: {
  sequenceId: 46,
  hyperParameters: {
    value: '{"parameter_id": 46, "parameter_source": "algorithm", "parameters": {"model_type": "TCN", "units": 16, "num_layers": 2, "dropout": 0.1, "activation": "relu", "lr": 0.002580714370373334, "window_size": 8, "batch_size": 64, "epochs": 15, "kernel_size": 3, "attention_heads": 4}, "parameter_index": 0}',
    index: 0
  },
  placementConstraint: { type: 'None', gpus: [] }
}
[2026-05-20 06:09:07] INFO (LocalV3.local) Created trial eCENK
[2026-05-20 06:09:09] INFO (LocalV3.local) Trial parameter: eCENK {"parameter_id": 46, "parameter_source": "algorithm", "parameters": {"model_type": "TCN", "units": 16, "num_layers": 2, "dropout": 0.1, "activation": "relu", "lr": 0.002580714370373334, "window_size": 8, "batch_size": 64, "epochs": 15, "kernel_size": 3, "attention_heads": 4}, "parameter_index": 0}
[2026-05-20 06:09:12] INFO (NNIManager) Trial job eCENK status changed from RUNNING to SUCCEEDED
[2026-05-20 06:09:12] INFO (NNIManager) NNIManager received command from dispatcher: TR, {"parameter_id": 47, "parameter_source": "algorithm", "parameters": {"model_type": "LSTM", "units": 64, "num_layers": 4, "dropout": 0.5, "activation": "sigmoid", "lr": 0.0001232936207968681, "window_size": 24, "batch_size": 64, "epochs": 20, "kernel_size": 7, "attention_heads": 8}, "parameter_index": 0}
[2026-05-20 06:09:13] INFO (NNIManager) submitTrialJob: form: {
  sequenceId: 47,
  hyperParameters: {
    value: '{"parameter_id": 47, "parameter_source": "algorithm", "parameters": {"model_type": "LSTM", "units": 64, "num_layers": 4, "dropout": 0.5, "activation": "sigmoid", "lr": 0.0001232936207968681, "window_size": 24, "batch_size": 64, "epochs": 20, "kernel_size": 7, "attention_heads": 8}, "parameter_index": 0}',
    index: 0
  },
  placementConstraint: { type: 'None', gpus: [] }
}
[2026-05-20 06:09:13] INFO (LocalV3.local) Created trial PCxNu
[2026-05-20 06:09:14] INFO (LocalV3.local) Trial parameter: PCxNu {"parameter_id": 47, "parameter_source": "algorithm", "parameters": {"model_type": "LSTM", "units": 64, "num_layers": 4, "dropout": 0.5, "activation": "sigmoid", "lr": 0.0001232936207968681, "window_size": 24, "batch_size": 64, "epochs": 20, "kernel_size": 7, "attention_heads": 8}, "parameter_index": 0}
[2026-05-20 06:09:34] INFO (NNIManager) Trial job PCxNu status changed from RUNNING to SUCCEEDED
[2026-05-20 06:09:34] INFO (NNIManager) NNIManager received command from dispatcher: TR, {"parameter_id": 48, "parameter_source": "algorithm", "parameters": {"model_type": "GRU", "units": 16, "num_layers": 3, "dropout": 0, "activation": "relu", "lr": 0.002165922312645895, "window_size": 7, "batch_size": 128, "epochs": 15, "kernel_size": 2, "attention_heads": 4}, "parameter_index": 0}
[2026-05-20 06:09:35] INFO (NNIManager) submitTrialJob: form: {
  sequenceId: 48,
  hyperParameters: {
    value: '{"parameter_id": 48, "parameter_source": "algorithm", "parameters": {"model_type": "GRU", "units": 16, "num_layers": 3, "dropout": 0, "activation": "relu", "lr": 0.002165922312645895, "window_size": 7, "batch_size": 128, "epochs": 15, "kernel_size": 2, "attention_heads": 4}, "parameter_index": 0}',
    index: 0
  },
  placementConstraint: { type: 'None', gpus: [] }
}
[2026-05-20 06:09:35] INFO (LocalV3.local) Created trial gbD20
[2026-05-20 06:09:36] INFO (LocalV3.local) Trial parameter: gbD20 {"parameter_id": 48, "parameter_source": "algorithm", "parameters": {"model_type": "GRU", "units": 16, "num_layers": 3, "dropout": 0, "activation": "relu", "lr": 0.002165922312645895, "window_size": 7, "batch_size": 128, "epochs": 15, "kernel_size": 2, "attention_heads": 4}, "parameter_index": 0}
[2026-05-20 06:09:44] INFO (NNIManager) Trial job gbD20 status changed from RUNNING to SUCCEEDED
[2026-05-20 06:09:44] INFO (NNIManager) NNIManager received command from dispatcher: TR, {"parameter_id": 49, "parameter_source": "algorithm", "parameters": {"model_type": "LSTM", "units": 16, "num_layers": 3, "dropout": 0.3, "activation": "relu", "lr": 0.000180819426043033, "window_size": 6, "batch_size": 32, "epochs": 20, "kernel_size": 7, "attention_heads": 8}, "parameter_index": 0}
[2026-05-20 06:09:44] INFO (NNIManager) submitTrialJob: form: {
  sequenceId: 49,
  hyperParameters: {
    value: '{"parameter_id": 49, "parameter_source": "algorithm", "parameters": {"model_type": "LSTM", "units": 16, "num_layers": 3, "dropout": 0.3, "activation": "relu", "lr": 0.000180819426043033, "window_size": 6, "batch_size": 32, "epochs": 20, "kernel_size": 7, "attention_heads": 8}, "parameter_index": 0}',
    index: 0
  },
  placementConstraint: { type: 'None', gpus: [] }
}
[2026-05-20 06:09:44] INFO (LocalV3.local) Created trial eKkFA
[2026-05-20 06:09:46] INFO (LocalV3.local) Trial parameter: eKkFA {"parameter_id": 49, "parameter_source": "algorithm", "parameters": {"model_type": "LSTM", "units": 16, "num_layers": 3, "dropout": 0.3, "activation": "relu", "lr": 0.000180819426043033, "window_size": 6, "batch_size": 32, "epochs": 20, "kernel_size": 7, "attention_heads": 8}, "parameter_index": 0}
[2026-05-20 06:09:56] INFO (NNIManager) Trial job eKkFA status changed from RUNNING to SUCCEEDED
[2026-05-20 06:09:56] INFO (NNIManager) NNIManager received command from dispatcher: TR, {"parameter_id": 50, "parameter_source": "algorithm", "parameters": {"model_type": "MLP", "units": 256, "num_layers": 3, "dropout": 0.2, "activation": "relu", "lr": 0.00025160005252631364, "window_size": 21, "batch_size": 128, "epochs": 20, "kernel_size": 7, "attention_heads": 4}, "parameter_index": 0}
[2026-05-20 06:09:57] INFO (NNIManager) submitTrialJob: form: {
  sequenceId: 50,
  hyperParameters: {
    value: '{"parameter_id": 50, "parameter_source": "algorithm", "parameters": {"model_type": "MLP", "units": 256, "num_layers": 3, "dropout": 0.2, "activation": "relu", "lr": 0.00025160005252631364, "window_size": 21, "batch_size": 128, "epochs": 20, "kernel_size": 7, "attention_heads": 4}, "parameter_index": 0}',
    index: 0
  },
  placementConstraint: { type: 'None', gpus: [] }
}
[2026-05-20 06:09:57] INFO (LocalV3.local) Created trial avW6h
[2026-05-20 06:09:58] INFO (LocalV3.local) Trial parameter: avW6h {"parameter_id": 50, "parameter_source": "algorithm", "parameters": {"model_type": "MLP", "units": 256, "num_layers": 3, "dropout": 0.2, "activation": "relu", "lr": 0.00025160005252631364, "window_size": 21, "batch_size": 128, "epochs": 20, "kernel_size": 7, "attention_heads": 4}, "parameter_index": 0}
[2026-05-20 06:10:02] INFO (NNIManager) Trial job avW6h status changed from RUNNING to SUCCEEDED
[2026-05-20 06:10:02] INFO (NNIManager) NNIManager received command from dispatcher: TR, {"parameter_id": 51, "parameter_source": "algorithm", "parameters": {"model_type": "GRU", "units": 128, "num_layers": 2, "dropout": 0, "activation": "relu", "lr": 0.003449994865612262, "window_size": 14, "batch_size": 64, "epochs": 20, "kernel_size": 2, "attention_heads": 8}, "parameter_index": 0}
[2026-05-20 06:10:03] INFO (NNIManager) submitTrialJob: form: {
  sequenceId: 51,
  hyperParameters: {
    value: '{"parameter_id": 51, "parameter_source": "algorithm", "parameters": {"model_type": "GRU", "units": 128, "num_layers": 2, "dropout": 0, "activation": "relu", "lr": 0.003449994865612262, "window_size": 14, "batch_size": 64, "epochs": 20, "kernel_size": 2, "attention_heads": 8}, "parameter_index": 0}',
    index: 0
  },
  placementConstraint: { type: 'None', gpus: [] }
}
[2026-05-20 06:10:03] INFO (LocalV3.local) Created trial LSmqn
[2026-05-20 06:10:04] INFO (LocalV3.local) Trial parameter: LSmqn {"parameter_id": 51, "parameter_source": "algorithm", "parameters": {"model_type": "GRU", "units": 128, "num_layers": 2, "dropout": 0, "activation": "relu", "lr": 0.003449994865612262, "window_size": 14, "batch_size": 64, "epochs": 20, "kernel_size": 2, "attention_heads": 8}, "parameter_index": 0}
[2026-05-20 06:10:17] INFO (NNIManager) Trial job LSmqn status changed from RUNNING to SUCCEEDED
[2026-05-20 06:10:17] INFO (NNIManager) NNIManager received command from dispatcher: TR, {"parameter_id": 52, "parameter_source": "algorithm", "parameters": {"model_type": "Transformer", "units": 256, "num_layers": 3, "dropout": 0.2, "activation": "tanh", "lr": 1.1124872361169766e-05, "window_size": 3, "batch_size": 16, "epochs": 15, "kernel_size": 5, "attention_heads": 2}, "parameter_index": 0}
[2026-05-20 06:10:17] INFO (NNIManager) submitTrialJob: form: {
  sequenceId: 52,
  hyperParameters: {
    value: '{"parameter_id": 52, "parameter_source": "algorithm", "parameters": {"model_type": "Transformer", "units": 256, "num_layers": 3, "dropout": 0.2, "activation": "tanh", "lr": 1.1124872361169766e-05, "window_size": 3, "batch_size": 16, "epochs": 15, "kernel_size": 5, "attention_heads": 2}, "parameter_index": 0}',
    index: 0
  },
  placementConstraint: { type: 'None', gpus: [] }
}
[2026-05-20 06:10:17] INFO (LocalV3.local) Created trial SZJX8
[2026-05-20 06:10:19] INFO (LocalV3.local) Trial parameter: SZJX8 {"parameter_id": 52, "parameter_source": "algorithm", "parameters": {"model_type": "Transformer", "units": 256, "num_layers": 3, "dropout": 0.2, "activation": "tanh", "lr": 1.1124872361169766e-05, "window_size": 3, "batch_size": 16, "epochs": 15, "kernel_size": 5, "attention_heads": 2}, "parameter_index": 0}
[2026-05-20 06:10:43] INFO (NNIManager) Trial job SZJX8 status changed from RUNNING to SUCCEEDED
[2026-05-20 06:10:43] INFO (NNIManager) NNIManager received command from dispatcher: TR, {"parameter_id": 53, "parameter_source": "algorithm", "parameters": {"model_type": "GRU", "units": 16, "num_layers": 3, "dropout": 0, "activation": "elu", "lr": 0.002165922312645895, "window_size": 7, "batch_size": 128, "epochs": 15, "kernel_size": 2, "attention_heads": 8}, "parameter_index": 0}
[2026-05-20 06:10:44] INFO (NNIManager) submitTrialJob: form: {
  sequenceId: 53,
  hyperParameters: {
    value: '{"parameter_id": 53, "parameter_source": "algorithm", "parameters": {"model_type": "GRU", "units": 16, "num_layers": 3, "dropout": 0, "activation": "elu", "lr": 0.002165922312645895, "window_size": 7, "batch_size": 128, "epochs": 15, "kernel_size": 2, "attention_heads": 8}, "parameter_index": 0}',
    index: 0
  },
  placementConstraint: { type: 'None', gpus: [] }
}
[2026-05-20 06:10:44] INFO (LocalV3.local) Created trial Zy25N
[2026-05-20 06:10:46] INFO (LocalV3.local) Trial parameter: Zy25N {"parameter_id": 53, "parameter_source": "algorithm", "parameters": {"model_type": "GRU", "units": 16, "num_layers": 3, "dropout": 0, "activation": "elu", "lr": 0.002165922312645895, "window_size": 7, "batch_size": 128, "epochs": 15, "kernel_size": 2, "attention_heads": 8}, "parameter_index": 0}
[2026-05-20 06:10:53] INFO (NNIManager) Trial job Zy25N status changed from RUNNING to SUCCEEDED
[2026-05-20 06:10:53] INFO (NNIManager) NNIManager received command from dispatcher: TR, {"parameter_id": 54, "parameter_source": "algorithm", "parameters": {"model_type": "GRU", "units": 128, "num_layers": 3, "dropout": 0, "activation": "relu", "lr": 3.183993844327656e-05, "window_size": 14, "batch_size": 64, "epochs": 20, "kernel_size": 2, "attention_heads": 8}, "parameter_index": 0}
[2026-05-20 06:10:53] INFO (NNIManager) submitTrialJob: form: {
  sequenceId: 54,
  hyperParameters: {
    value: '{"parameter_id": 54, "parameter_source": "algorithm", "parameters": {"model_type": "GRU", "units": 128, "num_layers": 3, "dropout": 0, "activation": "relu", "lr": 3.183993844327656e-05, "window_size": 14, "batch_size": 64, "epochs": 20, "kernel_size": 2, "attention_heads": 8}, "parameter_index": 0}',
    index: 0
  },
  placementConstraint: { type: 'None', gpus: [] }
}
[2026-05-20 06:10:53] INFO (LocalV3.local) Created trial xtyV9
[2026-05-20 06:10:55] INFO (LocalV3.local) Trial parameter: xtyV9 {"parameter_id": 54, "parameter_source": "algorithm", "parameters": {"model_type": "GRU", "units": 128, "num_layers": 3, "dropout": 0, "activation": "relu", "lr": 3.183993844327656e-05, "window_size": 14, "batch_size": 64, "epochs": 20, "kernel_size": 2, "attention_heads": 8}, "parameter_index": 0}
[2026-05-20 06:11:13] INFO (NNIManager) Trial job xtyV9 status changed from RUNNING to SUCCEEDED
[2026-05-20 06:11:13] INFO (NNIManager) NNIManager received command from dispatcher: TR, {"parameter_id": 55, "parameter_source": "algorithm", "parameters": {"model_type": "GRU", "units": 128, "num_layers": 3, "dropout": 0, "activation": "relu", "lr": 3.183993844327656e-05, "window_size": 14, "batch_size": 64, "epochs": 20, "kernel_size": 2, "attention_heads": 8}, "parameter_index": 0}
[2026-05-20 06:11:13] INFO (NNIManager) submitTrialJob: form: {
  sequenceId: 55,
  hyperParameters: {
    value: '{"parameter_id": 55, "parameter_source": "algorithm", "parameters": {"model_type": "GRU", "units": 128, "num_layers": 3, "dropout": 0, "activation": "relu", "lr": 3.183993844327656e-05, "window_size": 14, "batch_size": 64, "epochs": 20, "kernel_size": 2, "attention_heads": 8}, "parameter_index": 0}',
    index: 0
  },
  placementConstraint: { type: 'None', gpus: [] }
}
[2026-05-20 06:11:13] INFO (LocalV3.local) Created trial llFlu
[2026-05-20 06:11:15] INFO (LocalV3.local) Trial parameter: llFlu {"parameter_id": 55, "parameter_source": "algorithm", "parameters": {"model_type": "GRU", "units": 128, "num_layers": 3, "dropout": 0, "activation": "relu", "lr": 3.183993844327656e-05, "window_size": 14, "batch_size": 64, "epochs": 20, "kernel_size": 2, "attention_heads": 8}, "parameter_index": 0}
[2026-05-20 06:11:32] INFO (NNIManager) Trial job llFlu status changed from RUNNING to SUCCEEDED
[2026-05-20 06:11:32] INFO (NNIManager) NNIManager received command from dispatcher: TR, {"parameter_id": 56, "parameter_source": "algorithm", "parameters": {"model_type": "TCN", "units": 16, "num_layers": 2, "dropout": 0.1, "activation": "relu", "lr": 0.002580714370373334, "window_size": 15, "batch_size": 16, "epochs": 5, "kernel_size": 3, "attention_heads": 4}, "parameter_index": 0}
[2026-05-20 06:11:33] INFO (NNIManager) submitTrialJob: form: {
  sequenceId: 56,
  hyperParameters: {
    value: '{"parameter_id": 56, "parameter_source": "algorithm", "parameters": {"model_type": "TCN", "units": 16, "num_layers": 2, "dropout": 0.1, "activation": "relu", "lr": 0.002580714370373334, "window_size": 15, "batch_size": 16, "epochs": 5, "kernel_size": 3, "attention_heads": 4}, "parameter_index": 0}',
    index: 0
  },
  placementConstraint: { type: 'None', gpus: [] }
}
[2026-05-20 06:11:33] INFO (LocalV3.local) Created trial YT9ru
[2026-05-20 06:11:35] INFO (LocalV3.local) Trial parameter: YT9ru {"parameter_id": 56, "parameter_source": "algorithm", "parameters": {"model_type": "TCN", "units": 16, "num_layers": 2, "dropout": 0.1, "activation": "relu", "lr": 0.002580714370373334, "window_size": 15, "batch_size": 16, "epochs": 5, "kernel_size": 3, "attention_heads": 4}, "parameter_index": 0}
[2026-05-20 06:11:37] INFO (NNIManager) Trial job YT9ru status changed from RUNNING to SUCCEEDED
[2026-05-20 06:11:37] INFO (NNIManager) NNIManager received command from dispatcher: TR, {"parameter_id": 57, "parameter_source": "algorithm", "parameters": {"model_type": "RNN", "units": 64, "num_layers": 2, "dropout": 0.1, "activation": "elu", "lr": 0.0004397517678929308, "window_size": 14, "batch_size": 16, "epochs": 10, "kernel_size": 5, "attention_heads": 4}, "parameter_index": 0}
[2026-05-20 06:11:37] INFO (NNIManager) submitTrialJob: form: {
  sequenceId: 57,
  hyperParameters: {
    value: '{"parameter_id": 57, "parameter_source": "algorithm", "parameters": {"model_type": "RNN", "units": 64, "num_layers": 2, "dropout": 0.1, "activation": "elu", "lr": 0.0004397517678929308, "window_size": 14, "batch_size": 16, "epochs": 10, "kernel_size": 5, "attention_heads": 4}, "parameter_index": 0}',
    index: 0
  },
  placementConstraint: { type: 'None', gpus: [] }
}
[2026-05-20 06:11:37] INFO (LocalV3.local) Created trial dw0II
[2026-05-20 06:11:39] INFO (LocalV3.local) Trial parameter: dw0II {"parameter_id": 57, "parameter_source": "algorithm", "parameters": {"model_type": "RNN", "units": 64, "num_layers": 2, "dropout": 0.1, "activation": "elu", "lr": 0.0004397517678929308, "window_size": 14, "batch_size": 16, "epochs": 10, "kernel_size": 5, "attention_heads": 4}, "parameter_index": 0}
[2026-05-20 06:11:44] INFO (NNIManager) Trial job dw0II status changed from RUNNING to SUCCEEDED
[2026-05-20 06:11:44] INFO (NNIManager) NNIManager received command from dispatcher: TR, {"parameter_id": 58, "parameter_source": "algorithm", "parameters": {"model_type": "LSTM", "units": 64, "num_layers": 4, "dropout": 0.5, "activation": "elu", "lr": 0.0001232936207968681, "window_size": 24, "batch_size": 64, "epochs": 5, "kernel_size": 7, "attention_heads": 8}, "parameter_index": 0}
[2026-05-20 06:11:45] INFO (NNIManager) submitTrialJob: form: {
  sequenceId: 58,
  hyperParameters: {
    value: '{"parameter_id": 58, "parameter_source": "algorithm", "parameters": {"model_type": "LSTM", "units": 64, "num_layers": 4, "dropout": 0.5, "activation": "elu", "lr": 0.0001232936207968681, "window_size": 24, "batch_size": 64, "epochs": 5, "kernel_size": 7, "attention_heads": 8}, "parameter_index": 0}',
    index: 0
  },
  placementConstraint: { type: 'None', gpus: [] }
}
[2026-05-20 06:11:45] INFO (LocalV3.local) Created trial U6cFy
[2026-05-20 06:11:47] INFO (LocalV3.local) Trial parameter: U6cFy {"parameter_id": 58, "parameter_source": "algorithm", "parameters": {"model_type": "LSTM", "units": 64, "num_layers": 4, "dropout": 0.5, "activation": "elu", "lr": 0.0001232936207968681, "window_size": 24, "batch_size": 64, "epochs": 5, "kernel_size": 7, "attention_heads": 8}, "parameter_index": 0}
[2026-05-20 06:11:57] INFO (NNIManager) Trial job U6cFy status changed from RUNNING to SUCCEEDED
[2026-05-20 06:11:57] INFO (NNIManager) NNIManager received command from dispatcher: TR, {"parameter_id": 59, "parameter_source": "algorithm", "parameters": {"model_type": "CNN", "units": 32, "num_layers": 2, "dropout": 0.2, "activation": "elu", "lr": 1.4202434357131884e-05, "window_size": 5, "batch_size": 64, "epochs": 15, "kernel_size": 5, "attention_heads": 2}, "parameter_index": 0}
[2026-05-20 06:11:57] INFO (NNIManager) submitTrialJob: form: {
  sequenceId: 59,
  hyperParameters: {
    value: '{"parameter_id": 59, "parameter_source": "algorithm", "parameters": {"model_type": "CNN", "units": 32, "num_layers": 2, "dropout": 0.2, "activation": "elu", "lr": 1.4202434357131884e-05, "window_size": 5, "batch_size": 64, "epochs": 15, "kernel_size": 5, "attention_heads": 2}, "parameter_index": 0}',
    index: 0
  },
  placementConstraint: { type: 'None', gpus: [] }
}
[2026-05-20 06:11:57] INFO (LocalV3.local) Created trial xywLv
[2026-05-20 06:11:59] INFO (LocalV3.local) Trial parameter: xywLv {"parameter_id": 59, "parameter_source": "algorithm", "parameters": {"model_type": "CNN", "units": 32, "num_layers": 2, "dropout": 0.2, "activation": "elu", "lr": 1.4202434357131884e-05, "window_size": 5, "batch_size": 64, "epochs": 15, "kernel_size": 5, "attention_heads": 2}, "parameter_index": 0}
[2026-05-20 06:12:02] INFO (NNIManager) Trial job xywLv status changed from RUNNING to SUCCEEDED
[2026-05-20 06:12:02] INFO (NNIManager) NNIManager received command from dispatcher: TR, {"parameter_id": 60, "parameter_source": "algorithm", "parameters": {"model_type": "GRU", "units": 256, "num_layers": 3, "dropout": 0, "activation": "relu", "lr": 0.003449994865612262, "window_size": 14, "batch_size": 64, "epochs": 20, "kernel_size": 2, "attention_heads": 8}, "parameter_index": 0}
[2026-05-20 06:12:03] INFO (NNIManager) submitTrialJob: form: {
  sequenceId: 60,
  hyperParameters: {
    value: '{"parameter_id": 60, "parameter_source": "algorithm", "parameters": {"model_type": "GRU", "units": 256, "num_layers": 3, "dropout": 0, "activation": "relu", "lr": 0.003449994865612262, "window_size": 14, "batch_size": 64, "epochs": 20, "kernel_size": 2, "attention_heads": 8}, "parameter_index": 0}',
    index: 0
  },
  placementConstraint: { type: 'None', gpus: [] }
}
[2026-05-20 06:12:03] INFO (LocalV3.local) Created trial p1ZG3
[2026-05-20 06:12:04] INFO (LocalV3.local) Trial parameter: p1ZG3 {"parameter_id": 60, "parameter_source": "algorithm", "parameters": {"model_type": "GRU", "units": 256, "num_layers": 3, "dropout": 0, "activation": "relu", "lr": 0.003449994865612262, "window_size": 14, "batch_size": 64, "epochs": 20, "kernel_size": 2, "attention_heads": 8}, "parameter_index": 0}
[2026-05-20 06:12:39] INFO (NNIManager) Trial job p1ZG3 status changed from RUNNING to SUCCEEDED
[2026-05-20 06:12:39] INFO (NNIManager) NNIManager received command from dispatcher: TR, {"parameter_id": 61, "parameter_source": "algorithm", "parameters": {"model_type": "LSTM", "units": 64, "num_layers": 4, "dropout": 0.5, "activation": "elu", "lr": 0.0001232936207968681, "window_size": 24, "batch_size": 64, "epochs": 20, "kernel_size": 7, "attention_heads": 4}, "parameter_index": 0}
[2026-05-20 06:12:39] INFO (NNIManager) submitTrialJob: form: {
  sequenceId: 61,
  hyperParameters: {
    value: '{"parameter_id": 61, "parameter_source": "algorithm", "parameters": {"model_type": "LSTM", "units": 64, "num_layers": 4, "dropout": 0.5, "activation": "elu", "lr": 0.0001232936207968681, "window_size": 24, "batch_size": 64, "epochs": 20, "kernel_size": 7, "attention_heads": 4}, "parameter_index": 0}',
    index: 0
  },
  placementConstraint: { type: 'None', gpus: [] }
}
[2026-05-20 06:12:39] INFO (LocalV3.local) Created trial SUEsy
[2026-05-20 06:12:41] INFO (LocalV3.local) Trial parameter: SUEsy {"parameter_id": 61, "parameter_source": "algorithm", "parameters": {"model_type": "LSTM", "units": 64, "num_layers": 4, "dropout": 0.5, "activation": "elu", "lr": 0.0001232936207968681, "window_size": 24, "batch_size": 64, "epochs": 20, "kernel_size": 7, "attention_heads": 4}, "parameter_index": 0}
[2026-05-20 06:13:01] INFO (NNIManager) Trial job SUEsy status changed from RUNNING to SUCCEEDED
[2026-05-20 06:13:01] INFO (NNIManager) NNIManager received command from dispatcher: TR, {"parameter_id": 62, "parameter_source": "algorithm", "parameters": {"model_type": "TCN", "units": 16, "num_layers": 3, "dropout": 0, "activation": "relu", "lr": 0.002165922312645895, "window_size": 7, "batch_size": 128, "epochs": 15, "kernel_size": 2, "attention_heads": 8}, "parameter_index": 0}
[2026-05-20 06:13:01] INFO (NNIManager) submitTrialJob: form: {
  sequenceId: 62,
  hyperParameters: {
    value: '{"parameter_id": 62, "parameter_source": "algorithm", "parameters": {"model_type": "TCN", "units": 16, "num_layers": 3, "dropout": 0, "activation": "relu", "lr": 0.002165922312645895, "window_size": 7, "batch_size": 128, "epochs": 15, "kernel_size": 2, "attention_heads": 8}, "parameter_index": 0}',
    index: 0
  },
  placementConstraint: { type: 'None', gpus: [] }
}
[2026-05-20 06:13:01] INFO (LocalV3.local) Created trial DiJfz
[2026-05-20 06:13:03] INFO (LocalV3.local) Trial parameter: DiJfz {"parameter_id": 62, "parameter_source": "algorithm", "parameters": {"model_type": "TCN", "units": 16, "num_layers": 3, "dropout": 0, "activation": "relu", "lr": 0.002165922312645895, "window_size": 7, "batch_size": 128, "epochs": 15, "kernel_size": 2, "attention_heads": 8}, "parameter_index": 0}
[2026-05-20 06:13:06] INFO (NNIManager) Trial job DiJfz status changed from RUNNING to SUCCEEDED
[2026-05-20 06:13:06] INFO (NNIManager) NNIManager received command from dispatcher: TR, {"parameter_id": 63, "parameter_source": "algorithm", "parameters": {"model_type": "RNN", "units": 16, "num_layers": 1, "dropout": 0.5, "activation": "relu", "lr": 0.002933581660149857, "window_size": 2, "batch_size": 128, "epochs": 5, "kernel_size": 2, "attention_heads": 4}, "parameter_index": 0}
[2026-05-20 06:13:06] INFO (NNIManager) submitTrialJob: form: {
  sequenceId: 63,
  hyperParameters: {
    value: '{"parameter_id": 63, "parameter_source": "algorithm", "parameters": {"model_type": "RNN", "units": 16, "num_layers": 1, "dropout": 0.5, "activation": "relu", "lr": 0.002933581660149857, "window_size": 2, "batch_size": 128, "epochs": 5, "kernel_size": 2, "attention_heads": 4}, "parameter_index": 0}',
    index: 0
  },
  placementConstraint: { type: 'None', gpus: [] }
}
[2026-05-20 06:13:06] INFO (LocalV3.local) Created trial l80cV
[2026-05-20 06:13:08] INFO (LocalV3.local) Trial parameter: l80cV {"parameter_id": 63, "parameter_source": "algorithm", "parameters": {"model_type": "RNN", "units": 16, "num_layers": 1, "dropout": 0.5, "activation": "relu", "lr": 0.002933581660149857, "window_size": 2, "batch_size": 128, "epochs": 5, "kernel_size": 2, "attention_heads": 4}, "parameter_index": 0}
[2026-05-20 06:13:10] INFO (NNIManager) Trial job l80cV status changed from RUNNING to SUCCEEDED
[2026-05-20 06:13:10] INFO (NNIManager) NNIManager received command from dispatcher: TR, {"parameter_id": 64, "parameter_source": "algorithm", "parameters": {"model_type": "RNN", "units": 16, "num_layers": 3, "dropout": 0.5, "activation": "relu", "lr": 0.0002145324817890681, "window_size": 2, "batch_size": 128, "epochs": 5, "kernel_size": 2, "attention_heads": 4}, "parameter_index": 0}
[2026-05-20 06:13:11] INFO (NNIManager) submitTrialJob: form: {
  sequenceId: 64,
  hyperParameters: {
    value: '{"parameter_id": 64, "parameter_source": "algorithm", "parameters": {"model_type": "RNN", "units": 16, "num_layers": 3, "dropout": 0.5, "activation": "relu", "lr": 0.0002145324817890681, "window_size": 2, "batch_size": 128, "epochs": 5, "kernel_size": 2, "attention_heads": 4}, "parameter_index": 0}',
    index: 0
  },
  placementConstraint: { type: 'None', gpus: [] }
}
[2026-05-20 06:13:11] INFO (LocalV3.local) Created trial clfYk
[2026-05-20 06:13:12] INFO (LocalV3.local) Trial parameter: clfYk {"parameter_id": 64, "parameter_source": "algorithm", "parameters": {"model_type": "RNN", "units": 16, "num_layers": 3, "dropout": 0.5, "activation": "relu", "lr": 0.0002145324817890681, "window_size": 2, "batch_size": 128, "epochs": 5, "kernel_size": 2, "attention_heads": 4}, "parameter_index": 0}
[2026-05-20 06:13:16] INFO (NNIManager) Trial job clfYk status changed from RUNNING to SUCCEEDED
[2026-05-20 06:13:16] INFO (NNIManager) NNIManager received command from dispatcher: TR, {"parameter_id": 65, "parameter_source": "algorithm", "parameters": {"model_type": "TCN", "units": 16, "num_layers": 2, "dropout": 0.1, "activation": "relu", "lr": 0.002580714370373334, "window_size": 8, "batch_size": 128, "epochs": 5, "kernel_size": 3, "attention_heads": 4}, "parameter_index": 0}
[2026-05-20 06:13:16] INFO (NNIManager) submitTrialJob: form: {
  sequenceId: 65,
  hyperParameters: {
    value: '{"parameter_id": 65, "parameter_source": "algorithm", "parameters": {"model_type": "TCN", "units": 16, "num_layers": 2, "dropout": 0.1, "activation": "relu", "lr": 0.002580714370373334, "window_size": 8, "batch_size": 128, "epochs": 5, "kernel_size": 3, "attention_heads": 4}, "parameter_index": 0}',
    index: 0
  },
  placementConstraint: { type: 'None', gpus: [] }
}
[2026-05-20 06:13:16] INFO (LocalV3.local) Created trial mtLyA
[2026-05-20 06:13:18] INFO (LocalV3.local) Trial parameter: mtLyA {"parameter_id": 65, "parameter_source": "algorithm", "parameters": {"model_type": "TCN", "units": 16, "num_layers": 2, "dropout": 0.1, "activation": "relu", "lr": 0.002580714370373334, "window_size": 8, "batch_size": 128, "epochs": 5, "kernel_size": 3, "attention_heads": 4}, "parameter_index": 0}
[2026-05-20 06:13:20] INFO (NNIManager) Trial job mtLyA status changed from RUNNING to SUCCEEDED
[2026-05-20 06:13:20] INFO (NNIManager) NNIManager received command from dispatcher: TR, {"parameter_id": 66, "parameter_source": "algorithm", "parameters": {"model_type": "LSTM", "units": 64, "num_layers": 2, "dropout": 0.3, "activation": "relu", "lr": 0.000180819426043033, "window_size": 6, "batch_size": 32, "epochs": 20, "kernel_size": 7, "attention_heads": 8}, "parameter_index": 0}
[2026-05-20 06:13:21] INFO (NNIManager) submitTrialJob: form: {
  sequenceId: 66,
  hyperParameters: {
    value: '{"parameter_id": 66, "parameter_source": "algorithm", "parameters": {"model_type": "LSTM", "units": 64, "num_layers": 2, "dropout": 0.3, "activation": "relu", "lr": 0.000180819426043033, "window_size": 6, "batch_size": 32, "epochs": 20, "kernel_size": 7, "attention_heads": 8}, "parameter_index": 0}',
    index: 0
  },
  placementConstraint: { type: 'None', gpus: [] }
}
[2026-05-20 06:13:21] INFO (LocalV3.local) Created trial sv79H
[2026-05-20 06:13:22] INFO (LocalV3.local) Trial parameter: sv79H {"parameter_id": 66, "parameter_source": "algorithm", "parameters": {"model_type": "LSTM", "units": 64, "num_layers": 2, "dropout": 0.3, "activation": "relu", "lr": 0.000180819426043033, "window_size": 6, "batch_size": 32, "epochs": 20, "kernel_size": 7, "attention_heads": 8}, "parameter_index": 0}
[2026-05-20 06:13:31] INFO (NNIManager) Trial job sv79H status changed from RUNNING to SUCCEEDED
[2026-05-20 06:13:31] INFO (NNIManager) NNIManager received command from dispatcher: TR, {"parameter_id": 67, "parameter_source": "algorithm", "parameters": {"model_type": "LSTM", "units": 256, "num_layers": 3, "dropout": 0.2, "activation": "tanh", "lr": 8.481643102006579e-05, "window_size": 3, "batch_size": 16, "epochs": 15, "kernel_size": 5, "attention_heads": 2}, "parameter_index": 0}
[2026-05-20 06:13:32] INFO (NNIManager) submitTrialJob: form: {
  sequenceId: 67,
  hyperParameters: {
    value: '{"parameter_id": 67, "parameter_source": "algorithm", "parameters": {"model_type": "LSTM", "units": 256, "num_layers": 3, "dropout": 0.2, "activation": "tanh", "lr": 8.481643102006579e-05, "window_size": 3, "batch_size": 16, "epochs": 15, "kernel_size": 5, "attention_heads": 2}, "parameter_index": 0}',
    index: 0
  },
  placementConstraint: { type: 'None', gpus: [] }
}
[2026-05-20 06:13:32] INFO (LocalV3.local) Created trial hRuJR
[2026-05-20 06:13:34] INFO (LocalV3.local) Trial parameter: hRuJR {"parameter_id": 67, "parameter_source": "algorithm", "parameters": {"model_type": "LSTM", "units": 256, "num_layers": 3, "dropout": 0.2, "activation": "tanh", "lr": 8.481643102006579e-05, "window_size": 3, "batch_size": 16, "epochs": 15, "kernel_size": 5, "attention_heads": 2}, "parameter_index": 0}
[2026-05-20 06:13:55] INFO (NNIManager) Trial job hRuJR status changed from RUNNING to SUCCEEDED
[2026-05-20 06:13:55] INFO (NNIManager) NNIManager received command from dispatcher: TR, {"parameter_id": 68, "parameter_source": "algorithm", "parameters": {"model_type": "GRU", "units": 128, "num_layers": 3, "dropout": 0, "activation": "relu", "lr": 3.183993844327656e-05, "window_size": 14, "batch_size": 64, "epochs": 20, "kernel_size": 2, "attention_heads": 8}, "parameter_index": 0}
[2026-05-20 06:13:55] INFO (NNIManager) submitTrialJob: form: {
  sequenceId: 68,
  hyperParameters: {
    value: '{"parameter_id": 68, "parameter_source": "algorithm", "parameters": {"model_type": "GRU", "units": 128, "num_layers": 3, "dropout": 0, "activation": "relu", "lr": 3.183993844327656e-05, "window_size": 14, "batch_size": 64, "epochs": 20, "kernel_size": 2, "attention_heads": 8}, "parameter_index": 0}',
    index: 0
  },
  placementConstraint: { type: 'None', gpus: [] }
}
[2026-05-20 06:13:55] INFO (LocalV3.local) Created trial ha3kr
[2026-05-20 06:13:57] INFO (LocalV3.local) Trial parameter: ha3kr {"parameter_id": 68, "parameter_source": "algorithm", "parameters": {"model_type": "GRU", "units": 128, "num_layers": 3, "dropout": 0, "activation": "relu", "lr": 3.183993844327656e-05, "window_size": 14, "batch_size": 64, "epochs": 20, "kernel_size": 2, "attention_heads": 8}, "parameter_index": 0}
[2026-05-20 06:14:15] INFO (NNIManager) Trial job ha3kr status changed from RUNNING to SUCCEEDED
[2026-05-20 06:14:15] INFO (NNIManager) NNIManager received command from dispatcher: TR, {"parameter_id": 69, "parameter_source": "algorithm", "parameters": {"model_type": "GRU", "units": 128, "num_layers": 3, "dropout": 0, "activation": "relu", "lr": 3.183993844327656e-05, "window_size": 19, "batch_size": 64, "epochs": 20, "kernel_size": 2, "attention_heads": 8}, "parameter_index": 0}
[2026-05-20 06:14:15] INFO (NNIManager) submitTrialJob: form: {
  sequenceId: 69,
  hyperParameters: {
    value: '{"parameter_id": 69, "parameter_source": "algorithm", "parameters": {"model_type": "GRU", "units": 128, "num_layers": 3, "dropout": 0, "activation": "relu", "lr": 3.183993844327656e-05, "window_size": 19, "batch_size": 64, "epochs": 20, "kernel_size": 2, "attention_heads": 8}, "parameter_index": 0}',
    index: 0
  },
  placementConstraint: { type: 'None', gpus: [] }
}
[2026-05-20 06:14:15] INFO (LocalV3.local) Created trial rnyCA
[2026-05-20 06:14:17] INFO (LocalV3.local) Trial parameter: rnyCA {"parameter_id": 69, "parameter_source": "algorithm", "parameters": {"model_type": "GRU", "units": 128, "num_layers": 3, "dropout": 0, "activation": "relu", "lr": 3.183993844327656e-05, "window_size": 19, "batch_size": 64, "epochs": 20, "kernel_size": 2, "attention_heads": 8}, "parameter_index": 0}
[2026-05-20 06:14:38] INFO (NNIManager) Trial job rnyCA status changed from RUNNING to SUCCEEDED
[2026-05-20 06:14:38] INFO (NNIManager) NNIManager received command from dispatcher: TR, {"parameter_id": 70, "parameter_source": "algorithm", "parameters": {"model_type": "RNN", "units": 64, "num_layers": 2, "dropout": 0.1, "activation": "tanh", "lr": 0.0004397517678929308, "window_size": 14, "batch_size": 16, "epochs": 10, "kernel_size": 5, "attention_heads": 4}, "parameter_index": 0}
[2026-05-20 06:14:39] INFO (NNIManager) submitTrialJob: form: {
  sequenceId: 70,
  hyperParameters: {
    value: '{"parameter_id": 70, "parameter_source": "algorithm", "parameters": {"model_type": "RNN", "units": 64, "num_layers": 2, "dropout": 0.1, "activation": "tanh", "lr": 0.0004397517678929308, "window_size": 14, "batch_size": 16, "epochs": 10, "kernel_size": 5, "attention_heads": 4}, "parameter_index": 0}',
    index: 0
  },
  placementConstraint: { type: 'None', gpus: [] }
}
[2026-05-20 06:14:39] INFO (LocalV3.local) Created trial v71ot
[2026-05-20 06:14:41] INFO (LocalV3.local) Trial parameter: v71ot {"parameter_id": 70, "parameter_source": "algorithm", "parameters": {"model_type": "RNN", "units": 64, "num_layers": 2, "dropout": 0.1, "activation": "tanh", "lr": 0.0004397517678929308, "window_size": 14, "batch_size": 16, "epochs": 10, "kernel_size": 5, "attention_heads": 4}, "parameter_index": 0}
[2026-05-20 06:14:46] INFO (NNIManager) Trial job v71ot status changed from RUNNING to SUCCEEDED
[2026-05-20 06:14:46] INFO (NNIManager) NNIManager received command from dispatcher: TR, {"parameter_id": 71, "parameter_source": "algorithm", "parameters": {"model_type": "LSTM", "units": 64, "num_layers": 4, "dropout": 0.5, "activation": "sigmoid", "lr": 0.0001232936207968681, "window_size": 24, "batch_size": 64, "epochs": 20, "kernel_size": 7, "attention_heads": 8}, "parameter_index": 0}
[2026-05-20 06:14:46] INFO (NNIManager) submitTrialJob: form: {
  sequenceId: 71,
  hyperParameters: {
    value: '{"parameter_id": 71, "parameter_source": "algorithm", "parameters": {"model_type": "LSTM", "units": 64, "num_layers": 4, "dropout": 0.5, "activation": "sigmoid", "lr": 0.0001232936207968681, "window_size": 24, "batch_size": 64, "epochs": 20, "kernel_size": 7, "attention_heads": 8}, "parameter_index": 0}',
    index: 0
  },
  placementConstraint: { type: 'None', gpus: [] }
}
[2026-05-20 06:14:47] INFO (LocalV3.local) Created trial mhpXd
[2026-05-20 06:14:48] INFO (LocalV3.local) Trial parameter: mhpXd {"parameter_id": 71, "parameter_source": "algorithm", "parameters": {"model_type": "LSTM", "units": 64, "num_layers": 4, "dropout": 0.5, "activation": "sigmoid", "lr": 0.0001232936207968681, "window_size": 24, "batch_size": 64, "epochs": 20, "kernel_size": 7, "attention_heads": 8}, "parameter_index": 0}
[2026-05-20 06:15:08] INFO (NNIManager) Trial job mhpXd status changed from RUNNING to SUCCEEDED
[2026-05-20 06:15:08] INFO (NNIManager) NNIManager received command from dispatcher: TR, {"parameter_id": 72, "parameter_source": "algorithm", "parameters": {"model_type": "LSTM", "units": 64, "num_layers": 4, "dropout": 0.5, "activation": "elu", "lr": 0.0001232936207968681, "window_size": 24, "batch_size": 64, "epochs": 20, "kernel_size": 7, "attention_heads": 8}, "parameter_index": 0}
[2026-05-20 06:15:09] INFO (NNIManager) submitTrialJob: form: {
  sequenceId: 72,
  hyperParameters: {
    value: '{"parameter_id": 72, "parameter_source": "algorithm", "parameters": {"model_type": "LSTM", "units": 64, "num_layers": 4, "dropout": 0.5, "activation": "elu", "lr": 0.0001232936207968681, "window_size": 24, "batch_size": 64, "epochs": 20, "kernel_size": 7, "attention_heads": 8}, "parameter_index": 0}',
    index: 0
  },
  placementConstraint: { type: 'None', gpus: [] }
}
[2026-05-20 06:15:09] INFO (LocalV3.local) Created trial vFSLp
[2026-05-20 06:15:10] INFO (LocalV3.local) Trial parameter: vFSLp {"parameter_id": 72, "parameter_source": "algorithm", "parameters": {"model_type": "LSTM", "units": 64, "num_layers": 4, "dropout": 0.5, "activation": "elu", "lr": 0.0001232936207968681, "window_size": 24, "batch_size": 64, "epochs": 20, "kernel_size": 7, "attention_heads": 8}, "parameter_index": 0}
[2026-05-20 06:15:30] INFO (NNIManager) Trial job vFSLp status changed from RUNNING to SUCCEEDED
[2026-05-20 06:15:30] INFO (NNIManager) NNIManager received command from dispatcher: TR, {"parameter_id": 73, "parameter_source": "algorithm", "parameters": {"model_type": "LSTM", "units": 32, "num_layers": 2, "dropout": 0.1, "activation": "sigmoid", "lr": 0.0006311514770132432, "window_size": 10, "batch_size": 16, "epochs": 5, "kernel_size": 7, "attention_heads": 2}, "parameter_index": 0}
[2026-05-20 06:15:31] INFO (NNIManager) submitTrialJob: form: {
  sequenceId: 73,
  hyperParameters: {
    value: '{"parameter_id": 73, "parameter_source": "algorithm", "parameters": {"model_type": "LSTM", "units": 32, "num_layers": 2, "dropout": 0.1, "activation": "sigmoid", "lr": 0.0006311514770132432, "window_size": 10, "batch_size": 16, "epochs": 5, "kernel_size": 7, "attention_heads": 2}, "parameter_index": 0}',
    index: 0
  },
  placementConstraint: { type: 'None', gpus: [] }
}
[2026-05-20 06:15:31] INFO (LocalV3.local) Created trial CrmZU
[2026-05-20 06:15:32] INFO (LocalV3.local) Trial parameter: CrmZU {"parameter_id": 73, "parameter_source": "algorithm", "parameters": {"model_type": "LSTM", "units": 32, "num_layers": 2, "dropout": 0.1, "activation": "sigmoid", "lr": 0.0006311514770132432, "window_size": 10, "batch_size": 16, "epochs": 5, "kernel_size": 7, "attention_heads": 2}, "parameter_index": 0}
[2026-05-20 06:15:39] INFO (NNIManager) Trial job CrmZU status changed from RUNNING to SUCCEEDED
[2026-05-20 06:15:39] INFO (NNIManager) NNIManager received command from dispatcher: TR, {"parameter_id": 74, "parameter_source": "algorithm", "parameters": {"model_type": "LSTM", "units": 256, "num_layers": 4, "dropout": 0.2, "activation": "tanh", "lr": 8.481643102006579e-05, "window_size": 3, "batch_size": 16, "epochs": 15, "kernel_size": 5, "attention_heads": 2}, "parameter_index": 0}
[2026-05-20 06:15:39] INFO (NNIManager) submitTrialJob: form: {
  sequenceId: 74,
  hyperParameters: {
    value: '{"parameter_id": 74, "parameter_source": "algorithm", "parameters": {"model_type": "LSTM", "units": 256, "num_layers": 4, "dropout": 0.2, "activation": "tanh", "lr": 8.481643102006579e-05, "window_size": 3, "batch_size": 16, "epochs": 15, "kernel_size": 5, "attention_heads": 2}, "parameter_index": 0}',
    index: 0
  },
  placementConstraint: { type: 'None', gpus: [] }
}
[2026-05-20 06:15:39] INFO (LocalV3.local) Created trial Uei9J
[2026-05-20 06:15:41] INFO (LocalV3.local) Trial parameter: Uei9J {"parameter_id": 74, "parameter_source": "algorithm", "parameters": {"model_type": "LSTM", "units": 256, "num_layers": 4, "dropout": 0.2, "activation": "tanh", "lr": 8.481643102006579e-05, "window_size": 3, "batch_size": 16, "epochs": 15, "kernel_size": 5, "attention_heads": 2}, "parameter_index": 0}
[2026-05-20 06:16:09] INFO (NNIManager) Trial job Uei9J status changed from RUNNING to SUCCEEDED
[2026-05-20 06:16:09] INFO (NNIManager) NNIManager received command from dispatcher: TR, {"parameter_id": 75, "parameter_source": "algorithm", "parameters": {"model_type": "TCN", "units": 64, "num_layers": 3, "dropout": 0, "activation": "relu", "lr": 0.002165922312645895, "window_size": 7, "batch_size": 128, "epochs": 15, "kernel_size": 2, "attention_heads": 8}, "parameter_index": 0}
[2026-05-20 06:16:09] INFO (NNIManager) submitTrialJob: form: {
  sequenceId: 75,
  hyperParameters: {
    value: '{"parameter_id": 75, "parameter_source": "algorithm", "parameters": {"model_type": "TCN", "units": 64, "num_layers": 3, "dropout": 0, "activation": "relu", "lr": 0.002165922312645895, "window_size": 7, "batch_size": 128, "epochs": 15, "kernel_size": 2, "attention_heads": 8}, "parameter_index": 0}',
    index: 0
  },
  placementConstraint: { type: 'None', gpus: [] }
}
[2026-05-20 06:16:09] INFO (LocalV3.local) Created trial jkWPx
[2026-05-20 06:16:11] INFO (LocalV3.local) Trial parameter: jkWPx {"parameter_id": 75, "parameter_source": "algorithm", "parameters": {"model_type": "TCN", "units": 64, "num_layers": 3, "dropout": 0, "activation": "relu", "lr": 0.002165922312645895, "window_size": 7, "batch_size": 128, "epochs": 15, "kernel_size": 2, "attention_heads": 8}, "parameter_index": 0}
[2026-05-20 06:16:14] INFO (NNIManager) Trial job jkWPx status changed from RUNNING to SUCCEEDED
[2026-05-20 06:16:14] INFO (NNIManager) NNIManager received command from dispatcher: TR, {"parameter_id": 76, "parameter_source": "algorithm", "parameters": {"model_type": "GRU", "units": 128, "num_layers": 3, "dropout": 0, "activation": "relu", "lr": 3.183993844327656e-05, "window_size": 14, "batch_size": 16, "epochs": 20, "kernel_size": 2, "attention_heads": 8}, "parameter_index": 0}
[2026-05-20 06:16:15] INFO (NNIManager) submitTrialJob: form: {
  sequenceId: 76,
  hyperParameters: {
    value: '{"parameter_id": 76, "parameter_source": "algorithm", "parameters": {"model_type": "GRU", "units": 128, "num_layers": 3, "dropout": 0, "activation": "relu", "lr": 3.183993844327656e-05, "window_size": 14, "batch_size": 16, "epochs": 20, "kernel_size": 2, "attention_heads": 8}, "parameter_index": 0}',
    index: 0
  },
  placementConstraint: { type: 'None', gpus: [] }
}
[2026-05-20 06:16:15] INFO (LocalV3.local) Created trial RXbvG
[2026-05-20 06:16:16] INFO (LocalV3.local) Trial parameter: RXbvG {"parameter_id": 76, "parameter_source": "algorithm", "parameters": {"model_type": "GRU", "units": 128, "num_layers": 3, "dropout": 0, "activation": "relu", "lr": 3.183993844327656e-05, "window_size": 14, "batch_size": 16, "epochs": 20, "kernel_size": 2, "attention_heads": 8}, "parameter_index": 0}
[2026-05-20 06:16:45] INFO (NNIManager) Trial job RXbvG status changed from RUNNING to SUCCEEDED
[2026-05-20 06:16:45] INFO (NNIManager) NNIManager received command from dispatcher: TR, {"parameter_id": 77, "parameter_source": "algorithm", "parameters": {"model_type": "GRU", "units": 16, "num_layers": 3, "dropout": 0, "activation": "relu", "lr": 0.002165922312645895, "window_size": 29, "batch_size": 128, "epochs": 15, "kernel_size": 2, "attention_heads": 4}, "parameter_index": 0}
[2026-05-20 06:16:45] INFO (NNIManager) submitTrialJob: form: {
  sequenceId: 77,
  hyperParameters: {
    value: '{"parameter_id": 77, "parameter_source": "algorithm", "parameters": {"model_type": "GRU", "units": 16, "num_layers": 3, "dropout": 0, "activation": "relu", "lr": 0.002165922312645895, "window_size": 29, "batch_size": 128, "epochs": 15, "kernel_size": 2, "attention_heads": 4}, "parameter_index": 0}',
    index: 0
  },
  placementConstraint: { type: 'None', gpus: [] }
}
[2026-05-20 06:16:45] INFO (LocalV3.local) Created trial z8vNa
[2026-05-20 06:16:47] INFO (LocalV3.local) Trial parameter: z8vNa {"parameter_id": 77, "parameter_source": "algorithm", "parameters": {"model_type": "GRU", "units": 16, "num_layers": 3, "dropout": 0, "activation": "relu", "lr": 0.002165922312645895, "window_size": 29, "batch_size": 128, "epochs": 15, "kernel_size": 2, "attention_heads": 4}, "parameter_index": 0}
[2026-05-20 06:16:56] INFO (NNIManager) Trial job z8vNa status changed from RUNNING to SUCCEEDED
[2026-05-20 06:16:56] INFO (NNIManager) NNIManager received command from dispatcher: TR, {"parameter_id": 78, "parameter_source": "algorithm", "parameters": {"model_type": "LSTM", "units": 64, "num_layers": 3, "dropout": 0.5, "activation": "elu", "lr": 0.0001232936207968681, "window_size": 24, "batch_size": 64, "epochs": 20, "kernel_size": 7, "attention_heads": 8}, "parameter_index": 0}
[2026-05-20 06:16:56] INFO (NNIManager) submitTrialJob: form: {
  sequenceId: 78,
  hyperParameters: {
    value: '{"parameter_id": 78, "parameter_source": "algorithm", "parameters": {"model_type": "LSTM", "units": 64, "num_layers": 3, "dropout": 0.5, "activation": "elu", "lr": 0.0001232936207968681, "window_size": 24, "batch_size": 64, "epochs": 20, "kernel_size": 7, "attention_heads": 8}, "parameter_index": 0}',
    index: 0
  },
  placementConstraint: { type: 'None', gpus: [] }
}
[2026-05-20 06:16:56] INFO (LocalV3.local) Created trial LkXQg
[2026-05-20 06:16:58] INFO (LocalV3.local) Trial parameter: LkXQg {"parameter_id": 78, "parameter_source": "algorithm", "parameters": {"model_type": "LSTM", "units": 64, "num_layers": 3, "dropout": 0.5, "activation": "elu", "lr": 0.0001232936207968681, "window_size": 24, "batch_size": 64, "epochs": 20, "kernel_size": 7, "attention_heads": 8}, "parameter_index": 0}
[2026-05-20 06:17:14] INFO (NNIManager) Trial job LkXQg status changed from RUNNING to SUCCEEDED
[2026-05-20 06:17:14] INFO (NNIManager) NNIManager received command from dispatcher: TR, {"parameter_id": 79, "parameter_source": "algorithm", "parameters": {"model_type": "LSTM", "units": 16, "num_layers": 2, "dropout": 0.3, "activation": "relu", "lr": 0.0023712199069994212, "window_size": 6, "batch_size": 32, "epochs": 20, "kernel_size": 7, "attention_heads": 8}, "parameter_index": 0}
[2026-05-20 06:17:14] INFO (NNIManager) submitTrialJob: form: {
  sequenceId: 79,
  hyperParameters: {
    value: '{"parameter_id": 79, "parameter_source": "algorithm", "parameters": {"model_type": "LSTM", "units": 16, "num_layers": 2, "dropout": 0.3, "activation": "relu", "lr": 0.0023712199069994212, "window_size": 6, "batch_size": 32, "epochs": 20, "kernel_size": 7, "attention_heads": 8}, "parameter_index": 0}',
    index: 0
  },
  placementConstraint: { type: 'None', gpus: [] }
}
[2026-05-20 06:17:14] INFO (LocalV3.local) Created trial nEnhW
[2026-05-20 06:17:15] INFO (NNIManager) Change NNIManager status from: RUNNING to: NO_MORE_TRIAL
[2026-05-20 06:17:16] INFO (LocalV3.local) Trial parameter: nEnhW {"parameter_id": 79, "parameter_source": "algorithm", "parameters": {"model_type": "LSTM", "units": 16, "num_layers": 2, "dropout": 0.3, "activation": "relu", "lr": 0.0023712199069994212, "window_size": 6, "batch_size": 32, "epochs": 20, "kernel_size": 7, "attention_heads": 8}, "parameter_index": 0}
[2026-05-20 06:17:20] INFO (ShutdownManager) Initiate shutdown: SIGTERM
[2026-05-20 06:17:20] INFO (RestServer) Stopping REST server.
[2026-05-20 06:17:20] INFO (NNIManager) Change NNIManager status from: NO_MORE_TRIAL to: STOPPING
[2026-05-20 06:17:20] INFO (NNIManager) Stopping experiment, cleaning up ...
[2026-05-20 06:17:20] INFO (RestServer) REST server stopped.
[2026-05-20 06:17:24] INFO (LocalV3.local) All trials stopped
[2026-05-20 06:17:24] INFO (NNIManager) Change NNIManager status from: STOPPING to: STOPPED
[2026-05-20 06:17:24] INFO (NNIManager) Experiment stopped.
[2026-05-20 06:17:24] INFO (NNITensorboardManager) Forced stopping all tensorboard task.
[2026-05-20 06:17:24] INFO (NNITensorboardManager) All tensorboard task stopped.
[2026-05-20 06:17:24] INFO (NNITensorboardManager) Tensorboard manager stopped.
[2026-05-20 06:17:24] INFO (ShutdownManager) Shutdown complete.
