[2026-05-20 11:05:44] INFO (main) Start NNI manager
[2026-05-20 11:05:44] INFO (RestServer) Starting REST server at port 8277, URL prefix: "/"
[2026-05-20 11:05:44] INFO (RestServer) REST server started.
[2026-05-20 11:05:44] INFO (NNIDataStore) Datastore initialization done
[2026-05-20 11:05:45] INFO (NNIManager) Starting experiment: nfalhpqv
[2026-05-20 11:05:45] INFO (NNIManager) Setup training service...
[2026-05-20 11:05:45] INFO (NNIManager) Setup tuner...
[2026-05-20 11:05:45] INFO (NNIManager) Change NNIManager status from: INITIALIZED to: RUNNING
[2026-05-20 11:05:45] INFO (NNIManager) Add event listeners
[2026-05-20 11:05:45] INFO (LocalV3.local) Start
[2026-05-20 11:05:45] INFO (NNIManager) NNIManager received command from dispatcher: ID, 
[2026-05-20 11:05:45] INFO (NNIManager) NNIManager received command from dispatcher: TR, {"parameter_id": 0, "parameter_source": "algorithm", "parameters": {"model_type": "Transformer", "units": 256, "num_layers": 1, "dropout": 0, "activation": "sigmoid", "lr": 1.9550219370220093e-05, "window_size": 3, "batch_size": 128, "epochs": 5, "kernel_size": 3, "attention_heads": 2}, "parameter_index": 0}
[2026-05-20 11:05:46] INFO (NNIManager) submitTrialJob: form: {
  sequenceId: 0,
  hyperParameters: {
    value: '{"parameter_id": 0, "parameter_source": "algorithm", "parameters": {"model_type": "Transformer", "units": 256, "num_layers": 1, "dropout": 0, "activation": "sigmoid", "lr": 1.9550219370220093e-05, "window_size": 3, "batch_size": 128, "epochs": 5, "kernel_size": 3, "attention_heads": 2}, "parameter_index": 0}',
    index: 0
  },
  placementConstraint: { type: 'None', gpus: [] }
}
[2026-05-20 11:05:46] INFO (LocalV3.local) Register directory trial_code = /home/meliani/Desktop/phd/fast-track
[2026-05-20 11:05:46] INFO (LocalV3.local) Created trial piMyf
[2026-05-20 11:05:48] INFO (LocalV3.local) Trial parameter: piMyf {"parameter_id": 0, "parameter_source": "algorithm", "parameters": {"model_type": "Transformer", "units": 256, "num_layers": 1, "dropout": 0, "activation": "sigmoid", "lr": 1.9550219370220093e-05, "window_size": 3, "batch_size": 128, "epochs": 5, "kernel_size": 3, "attention_heads": 2}, "parameter_index": 0}
[2026-05-20 11:05:53] INFO (NNIManager) Trial job piMyf status changed from RUNNING to SUCCEEDED
[2026-05-20 11:05:53] INFO (NNIManager) NNIManager received command from dispatcher: TR, {"parameter_id": 1, "parameter_source": "algorithm", "parameters": {"model_type": "RNN", "units": 64, "num_layers": 2, "dropout": 0.1, "activation": "sigmoid", "lr": 2.205603804411248e-05, "window_size": 12, "batch_size": 128, "epochs": 15, "kernel_size": 5, "attention_heads": 2}, "parameter_index": 0}
[2026-05-20 11:05:53] INFO (NNIManager) submitTrialJob: form: {
  sequenceId: 1,
  hyperParameters: {
    value: '{"parameter_id": 1, "parameter_source": "algorithm", "parameters": {"model_type": "RNN", "units": 64, "num_layers": 2, "dropout": 0.1, "activation": "sigmoid", "lr": 2.205603804411248e-05, "window_size": 12, "batch_size": 128, "epochs": 15, "kernel_size": 5, "attention_heads": 2}, "parameter_index": 0}',
    index: 0
  },
  placementConstraint: { type: 'None', gpus: [] }
}
[2026-05-20 11:05:53] INFO (LocalV3.local) Created trial HVsO3
[2026-05-20 11:05:55] INFO (LocalV3.local) Trial parameter: HVsO3 {"parameter_id": 1, "parameter_source": "algorithm", "parameters": {"model_type": "RNN", "units": 64, "num_layers": 2, "dropout": 0.1, "activation": "sigmoid", "lr": 2.205603804411248e-05, "window_size": 12, "batch_size": 128, "epochs": 15, "kernel_size": 5, "attention_heads": 2}, "parameter_index": 0}
[2026-05-20 11:06:02] INFO (NNIManager) Trial job HVsO3 status changed from RUNNING to SUCCEEDED
[2026-05-20 11:06:02] INFO (NNIManager) NNIManager received command from dispatcher: TR, {"parameter_id": 2, "parameter_source": "algorithm", "parameters": {"model_type": "RNN", "units": 16, "num_layers": 4, "dropout": 0, "activation": "tanh", "lr": 9.647711139678972e-05, "window_size": 19, "batch_size": 128, "epochs": 10, "kernel_size": 7, "attention_heads": 4}, "parameter_index": 0}
[2026-05-20 11:06:03] INFO (NNIManager) submitTrialJob: form: {
  sequenceId: 2,
  hyperParameters: {
    value: '{"parameter_id": 2, "parameter_source": "algorithm", "parameters": {"model_type": "RNN", "units": 16, "num_layers": 4, "dropout": 0, "activation": "tanh", "lr": 9.647711139678972e-05, "window_size": 19, "batch_size": 128, "epochs": 10, "kernel_size": 7, "attention_heads": 4}, "parameter_index": 0}',
    index: 0
  },
  placementConstraint: { type: 'None', gpus: [] }
}
[2026-05-20 11:06:03] INFO (LocalV3.local) Created trial HWI7U
[2026-05-20 11:06:04] INFO (LocalV3.local) Trial parameter: HWI7U {"parameter_id": 2, "parameter_source": "algorithm", "parameters": {"model_type": "RNN", "units": 16, "num_layers": 4, "dropout": 0, "activation": "tanh", "lr": 9.647711139678972e-05, "window_size": 19, "batch_size": 128, "epochs": 10, "kernel_size": 7, "attention_heads": 4}, "parameter_index": 0}
[2026-05-20 11:06:12] INFO (NNIManager) Trial job HWI7U status changed from RUNNING to SUCCEEDED
[2026-05-20 11:06:12] INFO (NNIManager) NNIManager received command from dispatcher: TR, {"parameter_id": 3, "parameter_source": "algorithm", "parameters": {"model_type": "LSTM", "units": 64, "num_layers": 4, "dropout": 0.2, "activation": "sigmoid", "lr": 0.00019639507097820653, "window_size": 16, "batch_size": 64, "epochs": 15, "kernel_size": 3, "attention_heads": 4}, "parameter_index": 0}
[2026-05-20 11:06:12] INFO (NNIManager) submitTrialJob: form: {
  sequenceId: 3,
  hyperParameters: {
    value: '{"parameter_id": 3, "parameter_source": "algorithm", "parameters": {"model_type": "LSTM", "units": 64, "num_layers": 4, "dropout": 0.2, "activation": "sigmoid", "lr": 0.00019639507097820653, "window_size": 16, "batch_size": 64, "epochs": 15, "kernel_size": 3, "attention_heads": 4}, "parameter_index": 0}',
    index: 0
  },
  placementConstraint: { type: 'None', gpus: [] }
}
[2026-05-20 11:06:12] INFO (LocalV3.local) Created trial uX8bw
[2026-05-20 11:06:14] INFO (LocalV3.local) Trial parameter: uX8bw {"parameter_id": 3, "parameter_source": "algorithm", "parameters": {"model_type": "LSTM", "units": 64, "num_layers": 4, "dropout": 0.2, "activation": "sigmoid", "lr": 0.00019639507097820653, "window_size": 16, "batch_size": 64, "epochs": 15, "kernel_size": 3, "attention_heads": 4}, "parameter_index": 0}
[2026-05-20 11:06:56] INFO (NNIManager) Trial job uX8bw status changed from RUNNING to SUCCEEDED
[2026-05-20 11:06:56] INFO (NNIManager) NNIManager received command from dispatcher: TR, {"parameter_id": 4, "parameter_source": "algorithm", "parameters": {"model_type": "MLP", "units": 32, "num_layers": 2, "dropout": 0.2, "activation": "elu", "lr": 0.00011408766480717504, "window_size": 13, "batch_size": 16, "epochs": 5, "kernel_size": 2, "attention_heads": 4}, "parameter_index": 0}
[2026-05-20 11:06:56] INFO (NNIManager) submitTrialJob: form: {
  sequenceId: 4,
  hyperParameters: {
    value: '{"parameter_id": 4, "parameter_source": "algorithm", "parameters": {"model_type": "MLP", "units": 32, "num_layers": 2, "dropout": 0.2, "activation": "elu", "lr": 0.00011408766480717504, "window_size": 13, "batch_size": 16, "epochs": 5, "kernel_size": 2, "attention_heads": 4}, "parameter_index": 0}',
    index: 0
  },
  placementConstraint: { type: 'None', gpus: [] }
}
[2026-05-20 11:06:56] INFO (LocalV3.local) Created trial vDi7l
[2026-05-20 11:06:58] INFO (LocalV3.local) Trial parameter: vDi7l {"parameter_id": 4, "parameter_source": "algorithm", "parameters": {"model_type": "MLP", "units": 32, "num_layers": 2, "dropout": 0.2, "activation": "elu", "lr": 0.00011408766480717504, "window_size": 13, "batch_size": 16, "epochs": 5, "kernel_size": 2, "attention_heads": 4}, "parameter_index": 0}
[2026-05-20 11:07:01] INFO (NNIManager) Trial job vDi7l status changed from RUNNING to SUCCEEDED
[2026-05-20 11:07:01] INFO (NNIManager) NNIManager received command from dispatcher: TR, {"parameter_id": 5, "parameter_source": "algorithm", "parameters": {"model_type": "RNN", "units": 128, "num_layers": 2, "dropout": 0, "activation": "relu", "lr": 0.00048083180692209916, "window_size": 17, "batch_size": 128, "epochs": 15, "kernel_size": 3, "attention_heads": 2}, "parameter_index": 0}
[2026-05-20 11:07:02] INFO (NNIManager) submitTrialJob: form: {
  sequenceId: 5,
  hyperParameters: {
    value: '{"parameter_id": 5, "parameter_source": "algorithm", "parameters": {"model_type": "RNN", "units": 128, "num_layers": 2, "dropout": 0, "activation": "relu", "lr": 0.00048083180692209916, "window_size": 17, "batch_size": 128, "epochs": 15, "kernel_size": 3, "attention_heads": 2}, "parameter_index": 0}',
    index: 0
  },
  placementConstraint: { type: 'None', gpus: [] }
}
[2026-05-20 11:07:02] INFO (LocalV3.local) Created trial isDhJ
[2026-05-20 11:07:04] INFO (LocalV3.local) Trial parameter: isDhJ {"parameter_id": 5, "parameter_source": "algorithm", "parameters": {"model_type": "RNN", "units": 128, "num_layers": 2, "dropout": 0, "activation": "relu", "lr": 0.00048083180692209916, "window_size": 17, "batch_size": 128, "epochs": 15, "kernel_size": 3, "attention_heads": 2}, "parameter_index": 0}
[2026-05-20 11:07:17] INFO (NNIManager) Trial job isDhJ status changed from RUNNING to SUCCEEDED
[2026-05-20 11:07:17] INFO (NNIManager) NNIManager received command from dispatcher: TR, {"parameter_id": 6, "parameter_source": "algorithm", "parameters": {"model_type": "RNN", "units": 256, "num_layers": 1, "dropout": 0.1, "activation": "relu", "lr": 0.00011905994491452493, "window_size": 30, "batch_size": 128, "epochs": 20, "kernel_size": 7, "attention_heads": 4}, "parameter_index": 0}
[2026-05-20 11:07:18] INFO (NNIManager) submitTrialJob: form: {
  sequenceId: 6,
  hyperParameters: {
    value: '{"parameter_id": 6, "parameter_source": "algorithm", "parameters": {"model_type": "RNN", "units": 256, "num_layers": 1, "dropout": 0.1, "activation": "relu", "lr": 0.00011905994491452493, "window_size": 30, "batch_size": 128, "epochs": 20, "kernel_size": 7, "attention_heads": 4}, "parameter_index": 0}',
    index: 0
  },
  placementConstraint: { type: 'None', gpus: [] }
}
[2026-05-20 11:07:18] INFO (LocalV3.local) Created trial wELNu
[2026-05-20 11:07:19] INFO (LocalV3.local) Trial parameter: wELNu {"parameter_id": 6, "parameter_source": "algorithm", "parameters": {"model_type": "RNN", "units": 256, "num_layers": 1, "dropout": 0.1, "activation": "relu", "lr": 0.00011905994491452493, "window_size": 30, "batch_size": 128, "epochs": 20, "kernel_size": 7, "attention_heads": 4}, "parameter_index": 0}
[2026-05-20 11:07:49] INFO (NNIManager) Trial job wELNu status changed from RUNNING to SUCCEEDED
[2026-05-20 11:07:49] INFO (NNIManager) NNIManager received command from dispatcher: TR, {"parameter_id": 7, "parameter_source": "algorithm", "parameters": {"model_type": "MLP", "units": 32, "num_layers": 1, "dropout": 0.5, "activation": "tanh", "lr": 0.0001941796105621286, "window_size": 14, "batch_size": 32, "epochs": 15, "kernel_size": 3, "attention_heads": 4}, "parameter_index": 0}
[2026-05-20 11:07:49] INFO (NNIManager) submitTrialJob: form: {
  sequenceId: 7,
  hyperParameters: {
    value: '{"parameter_id": 7, "parameter_source": "algorithm", "parameters": {"model_type": "MLP", "units": 32, "num_layers": 1, "dropout": 0.5, "activation": "tanh", "lr": 0.0001941796105621286, "window_size": 14, "batch_size": 32, "epochs": 15, "kernel_size": 3, "attention_heads": 4}, "parameter_index": 0}',
    index: 0
  },
  placementConstraint: { type: 'None', gpus: [] }
}
[2026-05-20 11:07:49] INFO (LocalV3.local) Created trial weJHT
[2026-05-20 11:07:51] INFO (LocalV3.local) Trial parameter: weJHT {"parameter_id": 7, "parameter_source": "algorithm", "parameters": {"model_type": "MLP", "units": 32, "num_layers": 1, "dropout": 0.5, "activation": "tanh", "lr": 0.0001941796105621286, "window_size": 14, "batch_size": 32, "epochs": 15, "kernel_size": 3, "attention_heads": 4}, "parameter_index": 0}
[2026-05-20 11:07:55] INFO (NNIManager) Trial job weJHT status changed from RUNNING to SUCCEEDED
[2026-05-20 11:07:55] INFO (NNIManager) NNIManager received command from dispatcher: TR, {"parameter_id": 8, "parameter_source": "algorithm", "parameters": {"model_type": "CNN", "units": 32, "num_layers": 2, "dropout": 0.2, "activation": "tanh", "lr": 1.158734629985094e-05, "window_size": 30, "batch_size": 32, "epochs": 10, "kernel_size": 2, "attention_heads": 2}, "parameter_index": 0}
[2026-05-20 11:07:56] INFO (NNIManager) submitTrialJob: form: {
  sequenceId: 8,
  hyperParameters: {
    value: '{"parameter_id": 8, "parameter_source": "algorithm", "parameters": {"model_type": "CNN", "units": 32, "num_layers": 2, "dropout": 0.2, "activation": "tanh", "lr": 1.158734629985094e-05, "window_size": 30, "batch_size": 32, "epochs": 10, "kernel_size": 2, "attention_heads": 2}, "parameter_index": 0}',
    index: 0
  },
  placementConstraint: { type: 'None', gpus: [] }
}
[2026-05-20 11:07:56] INFO (LocalV3.local) Created trial tAYrn
[2026-05-20 11:07:58] INFO (LocalV3.local) Trial parameter: tAYrn {"parameter_id": 8, "parameter_source": "algorithm", "parameters": {"model_type": "CNN", "units": 32, "num_layers": 2, "dropout": 0.2, "activation": "tanh", "lr": 1.158734629985094e-05, "window_size": 30, "batch_size": 32, "epochs": 10, "kernel_size": 2, "attention_heads": 2}, "parameter_index": 0}
[2026-05-20 11:08:03] INFO (NNIManager) Trial job tAYrn status changed from RUNNING to SUCCEEDED
[2026-05-20 11:08:03] INFO (NNIManager) NNIManager received command from dispatcher: TR, {"parameter_id": 9, "parameter_source": "algorithm", "parameters": {"model_type": "Transformer", "units": 128, "num_layers": 3, "dropout": 0.2, "activation": "relu", "lr": 0.0061026474729597956, "window_size": 29, "batch_size": 64, "epochs": 5, "kernel_size": 5, "attention_heads": 4}, "parameter_index": 0}
[2026-05-20 11:08:04] INFO (NNIManager) submitTrialJob: form: {
  sequenceId: 9,
  hyperParameters: {
    value: '{"parameter_id": 9, "parameter_source": "algorithm", "parameters": {"model_type": "Transformer", "units": 128, "num_layers": 3, "dropout": 0.2, "activation": "relu", "lr": 0.0061026474729597956, "window_size": 29, "batch_size": 64, "epochs": 5, "kernel_size": 5, "attention_heads": 4}, "parameter_index": 0}',
    index: 0
  },
  placementConstraint: { type: 'None', gpus: [] }
}
[2026-05-20 11:08:04] INFO (LocalV3.local) Created trial Z38tm
[2026-05-20 11:08:06] INFO (LocalV3.local) Trial parameter: Z38tm {"parameter_id": 9, "parameter_source": "algorithm", "parameters": {"model_type": "Transformer", "units": 128, "num_layers": 3, "dropout": 0.2, "activation": "relu", "lr": 0.0061026474729597956, "window_size": 29, "batch_size": 64, "epochs": 5, "kernel_size": 5, "attention_heads": 4}, "parameter_index": 0}
[2026-05-20 11:08:34] INFO (NNIManager) Trial job Z38tm status changed from RUNNING to SUCCEEDED
[2026-05-20 11:08:34] INFO (NNIManager) NNIManager received command from dispatcher: TR, {"parameter_id": 10, "parameter_source": "algorithm", "parameters": {"model_type": "MLP", "units": 256, "num_layers": 4, "dropout": 0, "activation": "relu", "lr": 0.0003351844411689004, "window_size": 4, "batch_size": 64, "epochs": 10, "kernel_size": 2, "attention_heads": 4}, "parameter_index": 0}
[2026-05-20 11:08:35] INFO (NNIManager) submitTrialJob: form: {
  sequenceId: 10,
  hyperParameters: {
    value: '{"parameter_id": 10, "parameter_source": "algorithm", "parameters": {"model_type": "MLP", "units": 256, "num_layers": 4, "dropout": 0, "activation": "relu", "lr": 0.0003351844411689004, "window_size": 4, "batch_size": 64, "epochs": 10, "kernel_size": 2, "attention_heads": 4}, "parameter_index": 0}',
    index: 0
  },
  placementConstraint: { type: 'None', gpus: [] }
}
[2026-05-20 11:08:35] INFO (LocalV3.local) Created trial nSfTZ
[2026-05-20 11:08:37] INFO (LocalV3.local) Trial parameter: nSfTZ {"parameter_id": 10, "parameter_source": "algorithm", "parameters": {"model_type": "MLP", "units": 256, "num_layers": 4, "dropout": 0, "activation": "relu", "lr": 0.0003351844411689004, "window_size": 4, "batch_size": 64, "epochs": 10, "kernel_size": 2, "attention_heads": 4}, "parameter_index": 0}
[2026-05-20 11:08:41] INFO (NNIManager) Trial job nSfTZ status changed from RUNNING to SUCCEEDED
[2026-05-20 11:08:41] INFO (NNIManager) NNIManager received command from dispatcher: TR, {"parameter_id": 11, "parameter_source": "algorithm", "parameters": {"model_type": "LSTM", "units": 16, "num_layers": 2, "dropout": 0, "activation": "sigmoid", "lr": 1.513737124253271e-05, "window_size": 15, "batch_size": 64, "epochs": 20, "kernel_size": 5, "attention_heads": 8}, "parameter_index": 0}
[2026-05-20 11:08:42] INFO (NNIManager) submitTrialJob: form: {
  sequenceId: 11,
  hyperParameters: {
    value: '{"parameter_id": 11, "parameter_source": "algorithm", "parameters": {"model_type": "LSTM", "units": 16, "num_layers": 2, "dropout": 0, "activation": "sigmoid", "lr": 1.513737124253271e-05, "window_size": 15, "batch_size": 64, "epochs": 20, "kernel_size": 5, "attention_heads": 8}, "parameter_index": 0}',
    index: 0
  },
  placementConstraint: { type: 'None', gpus: [] }
}
[2026-05-20 11:08:42] INFO (LocalV3.local) Created trial SCTFb
[2026-05-20 11:08:44] INFO (LocalV3.local) Trial parameter: SCTFb {"parameter_id": 11, "parameter_source": "algorithm", "parameters": {"model_type": "LSTM", "units": 16, "num_layers": 2, "dropout": 0, "activation": "sigmoid", "lr": 1.513737124253271e-05, "window_size": 15, "batch_size": 64, "epochs": 20, "kernel_size": 5, "attention_heads": 8}, "parameter_index": 0}
[2026-05-20 11:09:02] INFO (NNIManager) Trial job SCTFb status changed from RUNNING to SUCCEEDED
[2026-05-20 11:09:02] INFO (NNIManager) NNIManager received command from dispatcher: TR, {"parameter_id": 12, "parameter_source": "algorithm", "parameters": {"model_type": "RNN", "units": 64, "num_layers": 2, "dropout": 0.5, "activation": "tanh", "lr": 0.0005551420232800445, "window_size": 26, "batch_size": 128, "epochs": 20, "kernel_size": 5, "attention_heads": 8}, "parameter_index": 0}
[2026-05-20 11:09:03] INFO (NNIManager) submitTrialJob: form: {
  sequenceId: 12,
  hyperParameters: {
    value: '{"parameter_id": 12, "parameter_source": "algorithm", "parameters": {"model_type": "RNN", "units": 64, "num_layers": 2, "dropout": 0.5, "activation": "tanh", "lr": 0.0005551420232800445, "window_size": 26, "batch_size": 128, "epochs": 20, "kernel_size": 5, "attention_heads": 8}, "parameter_index": 0}',
    index: 0
  },
  placementConstraint: { type: 'None', gpus: [] }
}
[2026-05-20 11:09:03] INFO (LocalV3.local) Created trial pzcUx
[2026-05-20 11:09:04] INFO (LocalV3.local) Trial parameter: pzcUx {"parameter_id": 12, "parameter_source": "algorithm", "parameters": {"model_type": "RNN", "units": 64, "num_layers": 2, "dropout": 0.5, "activation": "tanh", "lr": 0.0005551420232800445, "window_size": 26, "batch_size": 128, "epochs": 20, "kernel_size": 5, "attention_heads": 8}, "parameter_index": 0}
[2026-05-20 11:09:18] INFO (NNIManager) Trial job pzcUx status changed from RUNNING to SUCCEEDED
[2026-05-20 11:09:18] INFO (NNIManager) NNIManager received command from dispatcher: TR, {"parameter_id": 13, "parameter_source": "algorithm", "parameters": {"model_type": "CNN", "units": 128, "num_layers": 2, "dropout": 0.1, "activation": "relu", "lr": 0.0003643014065144742, "window_size": 17, "batch_size": 16, "epochs": 5, "kernel_size": 2, "attention_heads": 2}, "parameter_index": 0}
[2026-05-20 11:09:18] INFO (NNIManager) submitTrialJob: form: {
  sequenceId: 13,
  hyperParameters: {
    value: '{"parameter_id": 13, "parameter_source": "algorithm", "parameters": {"model_type": "CNN", "units": 128, "num_layers": 2, "dropout": 0.1, "activation": "relu", "lr": 0.0003643014065144742, "window_size": 17, "batch_size": 16, "epochs": 5, "kernel_size": 2, "attention_heads": 2}, "parameter_index": 0}',
    index: 0
  },
  placementConstraint: { type: 'None', gpus: [] }
}
[2026-05-20 11:09:18] INFO (LocalV3.local) Created trial u6F4B
[2026-05-20 11:09:20] INFO (LocalV3.local) Trial parameter: u6F4B {"parameter_id": 13, "parameter_source": "algorithm", "parameters": {"model_type": "CNN", "units": 128, "num_layers": 2, "dropout": 0.1, "activation": "relu", "lr": 0.0003643014065144742, "window_size": 17, "batch_size": 16, "epochs": 5, "kernel_size": 2, "attention_heads": 2}, "parameter_index": 0}
[2026-05-20 11:09:25] INFO (NNIManager) Trial job u6F4B status changed from RUNNING to SUCCEEDED
[2026-05-20 11:09:25] INFO (NNIManager) NNIManager received command from dispatcher: TR, {"parameter_id": 14, "parameter_source": "algorithm", "parameters": {"model_type": "RNN", "units": 32, "num_layers": 3, "dropout": 0.3, "activation": "relu", "lr": 1.0229553156451308e-05, "window_size": 9, "batch_size": 128, "epochs": 5, "kernel_size": 5, "attention_heads": 8}, "parameter_index": 0}
[2026-05-20 11:09:25] INFO (NNIManager) submitTrialJob: form: {
  sequenceId: 14,
  hyperParameters: {
    value: '{"parameter_id": 14, "parameter_source": "algorithm", "parameters": {"model_type": "RNN", "units": 32, "num_layers": 3, "dropout": 0.3, "activation": "relu", "lr": 1.0229553156451308e-05, "window_size": 9, "batch_size": 128, "epochs": 5, "kernel_size": 5, "attention_heads": 8}, "parameter_index": 0}',
    index: 0
  },
  placementConstraint: { type: 'None', gpus: [] }
}
[2026-05-20 11:09:25] INFO (LocalV3.local) Created trial nroaL
[2026-05-20 11:09:27] INFO (LocalV3.local) Trial parameter: nroaL {"parameter_id": 14, "parameter_source": "algorithm", "parameters": {"model_type": "RNN", "units": 32, "num_layers": 3, "dropout": 0.3, "activation": "relu", "lr": 1.0229553156451308e-05, "window_size": 9, "batch_size": 128, "epochs": 5, "kernel_size": 5, "attention_heads": 8}, "parameter_index": 0}
[2026-05-20 11:09:31] INFO (NNIManager) Trial job nroaL status changed from RUNNING to SUCCEEDED
[2026-05-20 11:09:31] INFO (NNIManager) NNIManager received command from dispatcher: TR, {"parameter_id": 15, "parameter_source": "algorithm", "parameters": {"model_type": "GRU", "units": 32, "num_layers": 3, "dropout": 0.2, "activation": "elu", "lr": 0.001485696837007961, "window_size": 28, "batch_size": 64, "epochs": 20, "kernel_size": 5, "attention_heads": 4}, "parameter_index": 0}
[2026-05-20 11:09:32] INFO (NNIManager) submitTrialJob: form: {
  sequenceId: 15,
  hyperParameters: {
    value: '{"parameter_id": 15, "parameter_source": "algorithm", "parameters": {"model_type": "GRU", "units": 32, "num_layers": 3, "dropout": 0.2, "activation": "elu", "lr": 0.001485696837007961, "window_size": 28, "batch_size": 64, "epochs": 20, "kernel_size": 5, "attention_heads": 4}, "parameter_index": 0}',
    index: 0
  },
  placementConstraint: { type: 'None', gpus: [] }
}
[2026-05-20 11:09:32] INFO (LocalV3.local) Created trial b9kQo
[2026-05-20 11:09:33] INFO (LocalV3.local) Trial parameter: b9kQo {"parameter_id": 15, "parameter_source": "algorithm", "parameters": {"model_type": "GRU", "units": 32, "num_layers": 3, "dropout": 0.2, "activation": "elu", "lr": 0.001485696837007961, "window_size": 28, "batch_size": 64, "epochs": 20, "kernel_size": 5, "attention_heads": 4}, "parameter_index": 0}
[2026-05-20 11:10:14] INFO (NNIManager) Trial job b9kQo status changed from RUNNING to SUCCEEDED
[2026-05-20 11:10:14] INFO (NNIManager) NNIManager received command from dispatcher: TR, {"parameter_id": 16, "parameter_source": "algorithm", "parameters": {"model_type": "LSTM", "units": 32, "num_layers": 4, "dropout": 0.1, "activation": "sigmoid", "lr": 0.007759203750760708, "window_size": 14, "batch_size": 128, "epochs": 20, "kernel_size": 5, "attention_heads": 2}, "parameter_index": 0}
[2026-05-20 11:10:14] INFO (NNIManager) submitTrialJob: form: {
  sequenceId: 16,
  hyperParameters: {
    value: '{"parameter_id": 16, "parameter_source": "algorithm", "parameters": {"model_type": "LSTM", "units": 32, "num_layers": 4, "dropout": 0.1, "activation": "sigmoid", "lr": 0.007759203750760708, "window_size": 14, "batch_size": 128, "epochs": 20, "kernel_size": 5, "attention_heads": 2}, "parameter_index": 0}',
    index: 0
  },
  placementConstraint: { type: 'None', gpus: [] }
}
[2026-05-20 11:10:14] INFO (LocalV3.local) Created trial ZmjrS
[2026-05-20 11:10:16] INFO (LocalV3.local) Trial parameter: ZmjrS {"parameter_id": 16, "parameter_source": "algorithm", "parameters": {"model_type": "LSTM", "units": 32, "num_layers": 4, "dropout": 0.1, "activation": "sigmoid", "lr": 0.007759203750760708, "window_size": 14, "batch_size": 128, "epochs": 20, "kernel_size": 5, "attention_heads": 2}, "parameter_index": 0}
[2026-05-20 11:10:42] INFO (NNIManager) Trial job ZmjrS status changed from RUNNING to SUCCEEDED
[2026-05-20 11:10:42] INFO (NNIManager) NNIManager received command from dispatcher: TR, {"parameter_id": 17, "parameter_source": "algorithm", "parameters": {"model_type": "Transformer", "units": 32, "num_layers": 2, "dropout": 0, "activation": "tanh", "lr": 2.370558921022721e-05, "window_size": 8, "batch_size": 64, "epochs": 5, "kernel_size": 3, "attention_heads": 8}, "parameter_index": 0}
[2026-05-20 11:10:42] INFO (NNIManager) submitTrialJob: form: {
  sequenceId: 17,
  hyperParameters: {
    value: '{"parameter_id": 17, "parameter_source": "algorithm", "parameters": {"model_type": "Transformer", "units": 32, "num_layers": 2, "dropout": 0, "activation": "tanh", "lr": 2.370558921022721e-05, "window_size": 8, "batch_size": 64, "epochs": 5, "kernel_size": 3, "attention_heads": 8}, "parameter_index": 0}',
    index: 0
  },
  placementConstraint: { type: 'None', gpus: [] }
}
[2026-05-20 11:10:42] INFO (LocalV3.local) Created trial pKeS6
[2026-05-20 11:10:44] INFO (LocalV3.local) Trial parameter: pKeS6 {"parameter_id": 17, "parameter_source": "algorithm", "parameters": {"model_type": "Transformer", "units": 32, "num_layers": 2, "dropout": 0, "activation": "tanh", "lr": 2.370558921022721e-05, "window_size": 8, "batch_size": 64, "epochs": 5, "kernel_size": 3, "attention_heads": 8}, "parameter_index": 0}
[2026-05-20 11:10:53] INFO (NNIManager) Trial job pKeS6 status changed from RUNNING to SUCCEEDED
[2026-05-20 11:10:53] INFO (NNIManager) NNIManager received command from dispatcher: TR, {"parameter_id": 18, "parameter_source": "algorithm", "parameters": {"model_type": "GRU", "units": 16, "num_layers": 4, "dropout": 0, "activation": "elu", "lr": 0.000594266337696376, "window_size": 25, "batch_size": 32, "epochs": 10, "kernel_size": 3, "attention_heads": 4}, "parameter_index": 0}
[2026-05-20 11:10:53] INFO (NNIManager) submitTrialJob: form: {
  sequenceId: 18,
  hyperParameters: {
    value: '{"parameter_id": 18, "parameter_source": "algorithm", "parameters": {"model_type": "GRU", "units": 16, "num_layers": 4, "dropout": 0, "activation": "elu", "lr": 0.000594266337696376, "window_size": 25, "batch_size": 32, "epochs": 10, "kernel_size": 3, "attention_heads": 4}, "parameter_index": 0}',
    index: 0
  },
  placementConstraint: { type: 'None', gpus: [] }
}
[2026-05-20 11:10:53] INFO (LocalV3.local) Created trial dPoSE
[2026-05-20 11:10:55] INFO (LocalV3.local) Trial parameter: dPoSE {"parameter_id": 18, "parameter_source": "algorithm", "parameters": {"model_type": "GRU", "units": 16, "num_layers": 4, "dropout": 0, "activation": "elu", "lr": 0.000594266337696376, "window_size": 25, "batch_size": 32, "epochs": 10, "kernel_size": 3, "attention_heads": 4}, "parameter_index": 0}
[2026-05-20 11:11:40] INFO (NNIManager) Trial job dPoSE status changed from RUNNING to SUCCEEDED
[2026-05-20 11:11:40] INFO (NNIManager) NNIManager received command from dispatcher: TR, {"parameter_id": 19, "parameter_source": "algorithm", "parameters": {"model_type": "LSTM", "units": 32, "num_layers": 4, "dropout": 0, "activation": "sigmoid", "lr": 0.00010291656611154507, "window_size": 6, "batch_size": 64, "epochs": 10, "kernel_size": 7, "attention_heads": 2}, "parameter_index": 0}
[2026-05-20 11:11:41] INFO (NNIManager) submitTrialJob: form: {
  sequenceId: 19,
  hyperParameters: {
    value: '{"parameter_id": 19, "parameter_source": "algorithm", "parameters": {"model_type": "LSTM", "units": 32, "num_layers": 4, "dropout": 0, "activation": "sigmoid", "lr": 0.00010291656611154507, "window_size": 6, "batch_size": 64, "epochs": 10, "kernel_size": 7, "attention_heads": 2}, "parameter_index": 0}',
    index: 0
  },
  placementConstraint: { type: 'None', gpus: [] }
}
[2026-05-20 11:11:41] INFO (LocalV3.local) Created trial PCaky
[2026-05-20 11:11:43] INFO (LocalV3.local) Trial parameter: PCaky {"parameter_id": 19, "parameter_source": "algorithm", "parameters": {"model_type": "LSTM", "units": 32, "num_layers": 4, "dropout": 0, "activation": "sigmoid", "lr": 0.00010291656611154507, "window_size": 6, "batch_size": 64, "epochs": 10, "kernel_size": 7, "attention_heads": 2}, "parameter_index": 0}
[2026-05-20 11:11:57] INFO (NNIManager) Trial job PCaky status changed from RUNNING to SUCCEEDED
[2026-05-20 11:11:57] INFO (NNIManager) NNIManager received command from dispatcher: TR, {"parameter_id": 20, "parameter_source": "algorithm", "parameters": {"model_type": "LSTM", "units": 32, "num_layers": 2, "dropout": 0.1, "activation": "elu", "lr": 0.00013874023622181638, "window_size": 25, "batch_size": 16, "epochs": 5, "kernel_size": 5, "attention_heads": 4}, "parameter_index": 0}
[2026-05-20 11:11:58] INFO (NNIManager) submitTrialJob: form: {
  sequenceId: 20,
  hyperParameters: {
    value: '{"parameter_id": 20, "parameter_source": "algorithm", "parameters": {"model_type": "LSTM", "units": 32, "num_layers": 2, "dropout": 0.1, "activation": "elu", "lr": 0.00013874023622181638, "window_size": 25, "batch_size": 16, "epochs": 5, "kernel_size": 5, "attention_heads": 4}, "parameter_index": 0}',
    index: 0
  },
  placementConstraint: { type: 'None', gpus: [] }
}
[2026-05-20 11:11:58] INFO (LocalV3.local) Created trial BEsIa
[2026-05-20 11:12:00] INFO (LocalV3.local) Trial parameter: BEsIa {"parameter_id": 20, "parameter_source": "algorithm", "parameters": {"model_type": "LSTM", "units": 32, "num_layers": 2, "dropout": 0.1, "activation": "elu", "lr": 0.00013874023622181638, "window_size": 25, "batch_size": 16, "epochs": 5, "kernel_size": 5, "attention_heads": 4}, "parameter_index": 0}
[2026-05-20 11:12:22] INFO (NNIManager) Trial job BEsIa status changed from RUNNING to SUCCEEDED
[2026-05-20 11:12:22] INFO (NNIManager) NNIManager received command from dispatcher: TR, {"parameter_id": 21, "parameter_source": "algorithm", "parameters": {"model_type": "LSTM", "units": 64, "num_layers": 2, "dropout": 0.2, "activation": "tanh", "lr": 0.0007068198553995459, "window_size": 17, "batch_size": 16, "epochs": 15, "kernel_size": 5, "attention_heads": 4}, "parameter_index": 0}
[2026-05-20 11:12:23] INFO (NNIManager) submitTrialJob: form: {
  sequenceId: 21,
  hyperParameters: {
    value: '{"parameter_id": 21, "parameter_source": "algorithm", "parameters": {"model_type": "LSTM", "units": 64, "num_layers": 2, "dropout": 0.2, "activation": "tanh", "lr": 0.0007068198553995459, "window_size": 17, "batch_size": 16, "epochs": 15, "kernel_size": 5, "attention_heads": 4}, "parameter_index": 0}',
    index: 0
  },
  placementConstraint: { type: 'None', gpus: [] }
}
[2026-05-20 11:12:23] INFO (LocalV3.local) Created trial ALKYo
[2026-05-20 11:12:25] INFO (LocalV3.local) Trial parameter: ALKYo {"parameter_id": 21, "parameter_source": "algorithm", "parameters": {"model_type": "LSTM", "units": 64, "num_layers": 2, "dropout": 0.2, "activation": "tanh", "lr": 0.0007068198553995459, "window_size": 17, "batch_size": 16, "epochs": 15, "kernel_size": 5, "attention_heads": 4}, "parameter_index": 0}
[2026-05-20 11:13:09] INFO (NNIManager) Trial job ALKYo status changed from RUNNING to SUCCEEDED
[2026-05-20 11:13:10] INFO (NNIManager) NNIManager received command from dispatcher: TR, {"parameter_id": 22, "parameter_source": "algorithm", "parameters": {"model_type": "RNN", "units": 32, "num_layers": 2, "dropout": 0.3, "activation": "tanh", "lr": 0.00314515664270552, "window_size": 25, "batch_size": 128, "epochs": 15, "kernel_size": 3, "attention_heads": 8}, "parameter_index": 0}
[2026-05-20 11:13:10] INFO (NNIManager) submitTrialJob: form: {
  sequenceId: 22,
  hyperParameters: {
    value: '{"parameter_id": 22, "parameter_source": "algorithm", "parameters": {"model_type": "RNN", "units": 32, "num_layers": 2, "dropout": 0.3, "activation": "tanh", "lr": 0.00314515664270552, "window_size": 25, "batch_size": 128, "epochs": 15, "kernel_size": 3, "attention_heads": 8}, "parameter_index": 0}',
    index: 0
  },
  placementConstraint: { type: 'None', gpus: [] }
}
[2026-05-20 11:13:10] INFO (LocalV3.local) Created trial QaHk6
[2026-05-20 11:13:12] INFO (LocalV3.local) Trial parameter: QaHk6 {"parameter_id": 22, "parameter_source": "algorithm", "parameters": {"model_type": "RNN", "units": 32, "num_layers": 2, "dropout": 0.3, "activation": "tanh", "lr": 0.00314515664270552, "window_size": 25, "batch_size": 128, "epochs": 15, "kernel_size": 3, "attention_heads": 8}, "parameter_index": 0}
[2026-05-20 11:13:20] INFO (NNIManager) Trial job QaHk6 status changed from RUNNING to SUCCEEDED
[2026-05-20 11:13:20] INFO (NNIManager) NNIManager received command from dispatcher: TR, {"parameter_id": 23, "parameter_source": "algorithm", "parameters": {"model_type": "MLP", "units": 16, "num_layers": 2, "dropout": 0.1, "activation": "sigmoid", "lr": 7.60195958183541e-05, "window_size": 25, "batch_size": 64, "epochs": 5, "kernel_size": 7, "attention_heads": 2}, "parameter_index": 0}
[2026-05-20 11:13:20] INFO (NNIManager) submitTrialJob: form: {
  sequenceId: 23,
  hyperParameters: {
    value: '{"parameter_id": 23, "parameter_source": "algorithm", "parameters": {"model_type": "MLP", "units": 16, "num_layers": 2, "dropout": 0.1, "activation": "sigmoid", "lr": 7.60195958183541e-05, "window_size": 25, "batch_size": 64, "epochs": 5, "kernel_size": 7, "attention_heads": 2}, "parameter_index": 0}',
    index: 0
  },
  placementConstraint: { type: 'None', gpus: [] }
}
[2026-05-20 11:13:20] INFO (LocalV3.local) Created trial UKU0F
[2026-05-20 11:13:22] INFO (LocalV3.local) Trial parameter: UKU0F {"parameter_id": 23, "parameter_source": "algorithm", "parameters": {"model_type": "MLP", "units": 16, "num_layers": 2, "dropout": 0.1, "activation": "sigmoid", "lr": 7.60195958183541e-05, "window_size": 25, "batch_size": 64, "epochs": 5, "kernel_size": 7, "attention_heads": 2}, "parameter_index": 0}
[2026-05-20 11:13:24] INFO (NNIManager) Trial job UKU0F status changed from RUNNING to SUCCEEDED
[2026-05-20 11:13:24] INFO (NNIManager) NNIManager received command from dispatcher: TR, {"parameter_id": 24, "parameter_source": "algorithm", "parameters": {"model_type": "CNN", "units": 256, "num_layers": 1, "dropout": 0.1, "activation": "elu", "lr": 0.0002633243906602979, "window_size": 9, "batch_size": 64, "epochs": 10, "kernel_size": 5, "attention_heads": 8}, "parameter_index": 0}
[2026-05-20 11:13:25] INFO (NNIManager) submitTrialJob: form: {
  sequenceId: 24,
  hyperParameters: {
    value: '{"parameter_id": 24, "parameter_source": "algorithm", "parameters": {"model_type": "CNN", "units": 256, "num_layers": 1, "dropout": 0.1, "activation": "elu", "lr": 0.0002633243906602979, "window_size": 9, "batch_size": 64, "epochs": 10, "kernel_size": 5, "attention_heads": 8}, "parameter_index": 0}',
    index: 0
  },
  placementConstraint: { type: 'None', gpus: [] }
}
[2026-05-20 11:13:25] INFO (LocalV3.local) Created trial kcG9W
[2026-05-20 11:13:26] INFO (LocalV3.local) Trial parameter: kcG9W {"parameter_id": 24, "parameter_source": "algorithm", "parameters": {"model_type": "CNN", "units": 256, "num_layers": 1, "dropout": 0.1, "activation": "elu", "lr": 0.0002633243906602979, "window_size": 9, "batch_size": 64, "epochs": 10, "kernel_size": 5, "attention_heads": 8}, "parameter_index": 0}
[2026-05-20 11:13:30] INFO (NNIManager) Trial job kcG9W status changed from RUNNING to SUCCEEDED
[2026-05-20 11:13:30] INFO (NNIManager) NNIManager received command from dispatcher: TR, {"parameter_id": 25, "parameter_source": "algorithm", "parameters": {"model_type": "GRU", "units": 64, "num_layers": 3, "dropout": 0, "activation": "tanh", "lr": 0.0005068112104227065, "window_size": 8, "batch_size": 128, "epochs": 15, "kernel_size": 5, "attention_heads": 4}, "parameter_index": 0}
[2026-05-20 11:13:31] INFO (NNIManager) submitTrialJob: form: {
  sequenceId: 25,
  hyperParameters: {
    value: '{"parameter_id": 25, "parameter_source": "algorithm", "parameters": {"model_type": "GRU", "units": 64, "num_layers": 3, "dropout": 0, "activation": "tanh", "lr": 0.0005068112104227065, "window_size": 8, "batch_size": 128, "epochs": 15, "kernel_size": 5, "attention_heads": 4}, "parameter_index": 0}',
    index: 0
  },
  placementConstraint: { type: 'None', gpus: [] }
}
[2026-05-20 11:13:31] INFO (LocalV3.local) Created trial gr0Ow
[2026-05-20 11:13:32] INFO (LocalV3.local) Trial parameter: gr0Ow {"parameter_id": 25, "parameter_source": "algorithm", "parameters": {"model_type": "GRU", "units": 64, "num_layers": 3, "dropout": 0, "activation": "tanh", "lr": 0.0005068112104227065, "window_size": 8, "batch_size": 128, "epochs": 15, "kernel_size": 5, "attention_heads": 4}, "parameter_index": 0}
[2026-05-20 11:13:49] INFO (NNIManager) Trial job gr0Ow status changed from RUNNING to SUCCEEDED
[2026-05-20 11:13:49] INFO (NNIManager) NNIManager received command from dispatcher: TR, {"parameter_id": 26, "parameter_source": "algorithm", "parameters": {"model_type": "TCN", "units": 32, "num_layers": 2, "dropout": 0.1, "activation": "relu", "lr": 0.00044593979902877567, "window_size": 17, "batch_size": 16, "epochs": 20, "kernel_size": 2, "attention_heads": 4}, "parameter_index": 0}
[2026-05-20 11:13:50] INFO (NNIManager) submitTrialJob: form: {
  sequenceId: 26,
  hyperParameters: {
    value: '{"parameter_id": 26, "parameter_source": "algorithm", "parameters": {"model_type": "TCN", "units": 32, "num_layers": 2, "dropout": 0.1, "activation": "relu", "lr": 0.00044593979902877567, "window_size": 17, "batch_size": 16, "epochs": 20, "kernel_size": 2, "attention_heads": 4}, "parameter_index": 0}',
    index: 0
  },
  placementConstraint: { type: 'None', gpus: [] }
}
[2026-05-20 11:13:50] INFO (LocalV3.local) Created trial texXZ
[2026-05-20 11:13:51] INFO (LocalV3.local) Trial parameter: texXZ {"parameter_id": 26, "parameter_source": "algorithm", "parameters": {"model_type": "TCN", "units": 32, "num_layers": 2, "dropout": 0.1, "activation": "relu", "lr": 0.00044593979902877567, "window_size": 17, "batch_size": 16, "epochs": 20, "kernel_size": 2, "attention_heads": 4}, "parameter_index": 0}
[2026-05-20 11:14:05] INFO (NNIManager) Trial job texXZ status changed from RUNNING to SUCCEEDED
[2026-05-20 11:14:05] INFO (NNIManager) NNIManager received command from dispatcher: TR, {"parameter_id": 27, "parameter_source": "algorithm", "parameters": {"model_type": "RNN", "units": 64, "num_layers": 4, "dropout": 0.3, "activation": "elu", "lr": 0.008700299325643044, "window_size": 14, "batch_size": 32, "epochs": 5, "kernel_size": 7, "attention_heads": 2}, "parameter_index": 0}
[2026-05-20 11:14:05] INFO (NNIManager) submitTrialJob: form: {
  sequenceId: 27,
  hyperParameters: {
    value: '{"parameter_id": 27, "parameter_source": "algorithm", "parameters": {"model_type": "RNN", "units": 64, "num_layers": 4, "dropout": 0.3, "activation": "elu", "lr": 0.008700299325643044, "window_size": 14, "batch_size": 32, "epochs": 5, "kernel_size": 7, "attention_heads": 2}, "parameter_index": 0}',
    index: 0
  },
  placementConstraint: { type: 'None', gpus: [] }
}
[2026-05-20 11:14:05] INFO (LocalV3.local) Created trial hbsmM
[2026-05-20 11:14:07] INFO (LocalV3.local) Trial parameter: hbsmM {"parameter_id": 27, "parameter_source": "algorithm", "parameters": {"model_type": "RNN", "units": 64, "num_layers": 4, "dropout": 0.3, "activation": "elu", "lr": 0.008700299325643044, "window_size": 14, "batch_size": 32, "epochs": 5, "kernel_size": 7, "attention_heads": 2}, "parameter_index": 0}
[2026-05-20 11:14:17] INFO (NNIManager) Trial job hbsmM status changed from RUNNING to SUCCEEDED
[2026-05-20 11:14:17] INFO (NNIManager) NNIManager received command from dispatcher: TR, {"parameter_id": 28, "parameter_source": "algorithm", "parameters": {"model_type": "CNN", "units": 32, "num_layers": 2, "dropout": 0.5, "activation": "relu", "lr": 9.694022500817208e-05, "window_size": 4, "batch_size": 16, "epochs": 20, "kernel_size": 7, "attention_heads": 8}, "parameter_index": 0}
[2026-05-20 11:14:18] INFO (NNIManager) submitTrialJob: form: {
  sequenceId: 28,
  hyperParameters: {
    value: '{"parameter_id": 28, "parameter_source": "algorithm", "parameters": {"model_type": "CNN", "units": 32, "num_layers": 2, "dropout": 0.5, "activation": "relu", "lr": 9.694022500817208e-05, "window_size": 4, "batch_size": 16, "epochs": 20, "kernel_size": 7, "attention_heads": 8}, "parameter_index": 0}',
    index: 0
  },
  placementConstraint: { type: 'None', gpus: [] }
}
[2026-05-20 11:14:18] INFO (LocalV3.local) Created trial mFsAh
[2026-05-20 11:14:19] INFO (LocalV3.local) Trial parameter: mFsAh {"parameter_id": 28, "parameter_source": "algorithm", "parameters": {"model_type": "CNN", "units": 32, "num_layers": 2, "dropout": 0.5, "activation": "relu", "lr": 9.694022500817208e-05, "window_size": 4, "batch_size": 16, "epochs": 20, "kernel_size": 7, "attention_heads": 8}, "parameter_index": 0}
[2026-05-20 11:14:32] INFO (NNIManager) Trial job mFsAh status changed from RUNNING to SUCCEEDED
[2026-05-20 11:14:32] INFO (NNIManager) NNIManager received command from dispatcher: TR, {"parameter_id": 29, "parameter_source": "algorithm", "parameters": {"model_type": "RNN", "units": 64, "num_layers": 4, "dropout": 0.3, "activation": "sigmoid", "lr": 2.8922385345626903e-05, "window_size": 28, "batch_size": 32, "epochs": 5, "kernel_size": 2, "attention_heads": 8}, "parameter_index": 0}
[2026-05-20 11:14:33] INFO (NNIManager) submitTrialJob: form: {
  sequenceId: 29,
  hyperParameters: {
    value: '{"parameter_id": 29, "parameter_source": "algorithm", "parameters": {"model_type": "RNN", "units": 64, "num_layers": 4, "dropout": 0.3, "activation": "sigmoid", "lr": 2.8922385345626903e-05, "window_size": 28, "batch_size": 32, "epochs": 5, "kernel_size": 2, "attention_heads": 8}, "parameter_index": 0}',
    index: 0
  },
  placementConstraint: { type: 'None', gpus: [] }
}
[2026-05-20 11:14:33] INFO (LocalV3.local) Created trial iTtln
[2026-05-20 11:14:34] INFO (LocalV3.local) Trial parameter: iTtln {"parameter_id": 29, "parameter_source": "algorithm", "parameters": {"model_type": "RNN", "units": 64, "num_layers": 4, "dropout": 0.3, "activation": "sigmoid", "lr": 2.8922385345626903e-05, "window_size": 28, "batch_size": 32, "epochs": 5, "kernel_size": 2, "attention_heads": 8}, "parameter_index": 0}
[2026-05-20 11:14:48] INFO (NNIManager) Trial job iTtln status changed from RUNNING to SUCCEEDED
[2026-05-20 11:14:48] INFO (NNIManager) NNIManager received command from dispatcher: TR, {"parameter_id": 30, "parameter_source": "algorithm", "parameters": {"model_type": "MLP", "units": 64, "num_layers": 4, "dropout": 0, "activation": "tanh", "lr": 1.1010022691267349e-05, "window_size": 21, "batch_size": 32, "epochs": 15, "kernel_size": 3, "attention_heads": 2}, "parameter_index": 0}
[2026-05-20 11:14:49] INFO (NNIManager) submitTrialJob: form: {
  sequenceId: 30,
  hyperParameters: {
    value: '{"parameter_id": 30, "parameter_source": "algorithm", "parameters": {"model_type": "MLP", "units": 64, "num_layers": 4, "dropout": 0, "activation": "tanh", "lr": 1.1010022691267349e-05, "window_size": 21, "batch_size": 32, "epochs": 15, "kernel_size": 3, "attention_heads": 2}, "parameter_index": 0}',
    index: 0
  },
  placementConstraint: { type: 'None', gpus: [] }
}
[2026-05-20 11:14:49] INFO (LocalV3.local) Created trial tLDVC
[2026-05-20 11:14:51] INFO (LocalV3.local) Trial parameter: tLDVC {"parameter_id": 30, "parameter_source": "algorithm", "parameters": {"model_type": "MLP", "units": 64, "num_layers": 4, "dropout": 0, "activation": "tanh", "lr": 1.1010022691267349e-05, "window_size": 21, "batch_size": 32, "epochs": 15, "kernel_size": 3, "attention_heads": 2}, "parameter_index": 0}
[2026-05-20 11:14:56] INFO (NNIManager) Trial job tLDVC status changed from RUNNING to SUCCEEDED
[2026-05-20 11:14:56] INFO (NNIManager) NNIManager received command from dispatcher: TR, {"parameter_id": 31, "parameter_source": "algorithm", "parameters": {"model_type": "TCN", "units": 32, "num_layers": 3, "dropout": 0, "activation": "relu", "lr": 3.5062661968125745e-05, "window_size": 20, "batch_size": 32, "epochs": 5, "kernel_size": 2, "attention_heads": 4}, "parameter_index": 0}
[2026-05-20 11:14:56] INFO (NNIManager) submitTrialJob: form: {
  sequenceId: 31,
  hyperParameters: {
    value: '{"parameter_id": 31, "parameter_source": "algorithm", "parameters": {"model_type": "TCN", "units": 32, "num_layers": 3, "dropout": 0, "activation": "relu", "lr": 3.5062661968125745e-05, "window_size": 20, "batch_size": 32, "epochs": 5, "kernel_size": 2, "attention_heads": 4}, "parameter_index": 0}',
    index: 0
  },
  placementConstraint: { type: 'None', gpus: [] }
}
[2026-05-20 11:14:56] INFO (LocalV3.local) Created trial Uu7Md
[2026-05-20 11:14:58] INFO (LocalV3.local) Trial parameter: Uu7Md {"parameter_id": 31, "parameter_source": "algorithm", "parameters": {"model_type": "TCN", "units": 32, "num_layers": 3, "dropout": 0, "activation": "relu", "lr": 3.5062661968125745e-05, "window_size": 20, "batch_size": 32, "epochs": 5, "kernel_size": 2, "attention_heads": 4}, "parameter_index": 0}
[2026-05-20 11:15:02] INFO (NNIManager) Trial job Uu7Md status changed from RUNNING to SUCCEEDED
[2026-05-20 11:15:02] INFO (NNIManager) NNIManager received command from dispatcher: TR, {"parameter_id": 32, "parameter_source": "algorithm", "parameters": {"model_type": "Transformer", "units": 32, "num_layers": 2, "dropout": 0.2, "activation": "sigmoid", "lr": 0.00016248053344329453, "window_size": 23, "batch_size": 128, "epochs": 20, "kernel_size": 5, "attention_heads": 4}, "parameter_index": 0}
[2026-05-20 11:15:02] INFO (NNIManager) submitTrialJob: form: {
  sequenceId: 32,
  hyperParameters: {
    value: '{"parameter_id": 32, "parameter_source": "algorithm", "parameters": {"model_type": "Transformer", "units": 32, "num_layers": 2, "dropout": 0.2, "activation": "sigmoid", "lr": 0.00016248053344329453, "window_size": 23, "batch_size": 128, "epochs": 20, "kernel_size": 5, "attention_heads": 4}, "parameter_index": 0}',
    index: 0
  },
  placementConstraint: { type: 'None', gpus: [] }
}
[2026-05-20 11:15:02] INFO (LocalV3.local) Created trial Y1JyK
[2026-05-20 11:15:04] INFO (LocalV3.local) Trial parameter: Y1JyK {"parameter_id": 32, "parameter_source": "algorithm", "parameters": {"model_type": "Transformer", "units": 32, "num_layers": 2, "dropout": 0.2, "activation": "sigmoid", "lr": 0.00016248053344329453, "window_size": 23, "batch_size": 128, "epochs": 20, "kernel_size": 5, "attention_heads": 4}, "parameter_index": 0}
[2026-05-20 11:15:28] INFO (NNIManager) Trial job Y1JyK status changed from RUNNING to SUCCEEDED
[2026-05-20 11:15:28] INFO (NNIManager) NNIManager received command from dispatcher: TR, {"parameter_id": 33, "parameter_source": "algorithm", "parameters": {"model_type": "MLP", "units": 32, "num_layers": 1, "dropout": 0.3, "activation": "sigmoid", "lr": 1.1122393406778904e-05, "window_size": 23, "batch_size": 16, "epochs": 15, "kernel_size": 7, "attention_heads": 4}, "parameter_index": 0}
[2026-05-20 11:15:28] INFO (NNIManager) submitTrialJob: form: {
  sequenceId: 33,
  hyperParameters: {
    value: '{"parameter_id": 33, "parameter_source": "algorithm", "parameters": {"model_type": "MLP", "units": 32, "num_layers": 1, "dropout": 0.3, "activation": "sigmoid", "lr": 1.1122393406778904e-05, "window_size": 23, "batch_size": 16, "epochs": 15, "kernel_size": 7, "attention_heads": 4}, "parameter_index": 0}',
    index: 0
  },
  placementConstraint: { type: 'None', gpus: [] }
}
[2026-05-20 11:15:28] INFO (LocalV3.local) Created trial qykPP
[2026-05-20 11:15:30] INFO (LocalV3.local) Trial parameter: qykPP {"parameter_id": 33, "parameter_source": "algorithm", "parameters": {"model_type": "MLP", "units": 32, "num_layers": 1, "dropout": 0.3, "activation": "sigmoid", "lr": 1.1122393406778904e-05, "window_size": 23, "batch_size": 16, "epochs": 15, "kernel_size": 7, "attention_heads": 4}, "parameter_index": 0}
[2026-05-20 11:15:36] INFO (NNIManager) Trial job qykPP status changed from RUNNING to SUCCEEDED
[2026-05-20 11:15:36] INFO (NNIManager) NNIManager received command from dispatcher: TR, {"parameter_id": 34, "parameter_source": "algorithm", "parameters": {"model_type": "MLP", "units": 16, "num_layers": 1, "dropout": 0.1, "activation": "relu", "lr": 4.895094187078679e-05, "window_size": 9, "batch_size": 32, "epochs": 10, "kernel_size": 7, "attention_heads": 2}, "parameter_index": 0}
[2026-05-20 11:15:36] INFO (NNIManager) submitTrialJob: form: {
  sequenceId: 34,
  hyperParameters: {
    value: '{"parameter_id": 34, "parameter_source": "algorithm", "parameters": {"model_type": "MLP", "units": 16, "num_layers": 1, "dropout": 0.1, "activation": "relu", "lr": 4.895094187078679e-05, "window_size": 9, "batch_size": 32, "epochs": 10, "kernel_size": 7, "attention_heads": 2}, "parameter_index": 0}',
    index: 0
  },
  placementConstraint: { type: 'None', gpus: [] }
}
[2026-05-20 11:15:36] INFO (LocalV3.local) Created trial PzaiD
[2026-05-20 11:15:38] INFO (LocalV3.local) Trial parameter: PzaiD {"parameter_id": 34, "parameter_source": "algorithm", "parameters": {"model_type": "MLP", "units": 16, "num_layers": 1, "dropout": 0.1, "activation": "relu", "lr": 4.895094187078679e-05, "window_size": 9, "batch_size": 32, "epochs": 10, "kernel_size": 7, "attention_heads": 2}, "parameter_index": 0}
[2026-05-20 11:15:41] INFO (NNIManager) Trial job PzaiD status changed from RUNNING to SUCCEEDED
[2026-05-20 11:15:41] INFO (NNIManager) NNIManager received command from dispatcher: TR, {"parameter_id": 35, "parameter_source": "algorithm", "parameters": {"model_type": "LSTM", "units": 64, "num_layers": 2, "dropout": 0, "activation": "elu", "lr": 0.005897449059702661, "window_size": 25, "batch_size": 64, "epochs": 15, "kernel_size": 2, "attention_heads": 4}, "parameter_index": 0}
[2026-05-20 11:15:42] INFO (NNIManager) submitTrialJob: form: {
  sequenceId: 35,
  hyperParameters: {
    value: '{"parameter_id": 35, "parameter_source": "algorithm", "parameters": {"model_type": "LSTM", "units": 64, "num_layers": 2, "dropout": 0, "activation": "elu", "lr": 0.005897449059702661, "window_size": 25, "batch_size": 64, "epochs": 15, "kernel_size": 2, "attention_heads": 4}, "parameter_index": 0}',
    index: 0
  },
  placementConstraint: { type: 'None', gpus: [] }
}
[2026-05-20 11:15:42] INFO (LocalV3.local) Created trial civfq
[2026-05-20 11:15:44] INFO (LocalV3.local) Trial parameter: civfq {"parameter_id": 35, "parameter_source": "algorithm", "parameters": {"model_type": "LSTM", "units": 64, "num_layers": 2, "dropout": 0, "activation": "elu", "lr": 0.005897449059702661, "window_size": 25, "batch_size": 64, "epochs": 15, "kernel_size": 2, "attention_heads": 4}, "parameter_index": 0}
[2026-05-20 11:16:14] INFO (NNIManager) Trial job civfq status changed from RUNNING to SUCCEEDED
[2026-05-20 11:16:14] INFO (NNIManager) NNIManager received command from dispatcher: TR, {"parameter_id": 36, "parameter_source": "algorithm", "parameters": {"model_type": "Transformer", "units": 128, "num_layers": 2, "dropout": 0.5, "activation": "relu", "lr": 3.3508827380551846e-05, "window_size": 26, "batch_size": 128, "epochs": 10, "kernel_size": 2, "attention_heads": 4}, "parameter_index": 0}
[2026-05-20 11:16:15] INFO (NNIManager) submitTrialJob: form: {
  sequenceId: 36,
  hyperParameters: {
    value: '{"parameter_id": 36, "parameter_source": "algorithm", "parameters": {"model_type": "Transformer", "units": 128, "num_layers": 2, "dropout": 0.5, "activation": "relu", "lr": 3.3508827380551846e-05, "window_size": 26, "batch_size": 128, "epochs": 10, "kernel_size": 2, "attention_heads": 4}, "parameter_index": 0}',
    index: 0
  },
  placementConstraint: { type: 'None', gpus: [] }
}
[2026-05-20 11:16:15] INFO (LocalV3.local) Created trial QBPgj
[2026-05-20 11:16:16] INFO (LocalV3.local) Trial parameter: QBPgj {"parameter_id": 36, "parameter_source": "algorithm", "parameters": {"model_type": "Transformer", "units": 128, "num_layers": 2, "dropout": 0.5, "activation": "relu", "lr": 3.3508827380551846e-05, "window_size": 26, "batch_size": 128, "epochs": 10, "kernel_size": 2, "attention_heads": 4}, "parameter_index": 0}
[2026-05-20 11:16:48] INFO (NNIManager) Trial job QBPgj status changed from RUNNING to SUCCEEDED
[2026-05-20 11:16:48] INFO (NNIManager) NNIManager received command from dispatcher: TR, {"parameter_id": 37, "parameter_source": "algorithm", "parameters": {"model_type": "GRU", "units": 256, "num_layers": 3, "dropout": 0.5, "activation": "sigmoid", "lr": 0.005799544134708154, "window_size": 29, "batch_size": 64, "epochs": 10, "kernel_size": 2, "attention_heads": 4}, "parameter_index": 0}
[2026-05-20 11:16:49] INFO (NNIManager) submitTrialJob: form: {
  sequenceId: 37,
  hyperParameters: {
    value: '{"parameter_id": 37, "parameter_source": "algorithm", "parameters": {"model_type": "GRU", "units": 256, "num_layers": 3, "dropout": 0.5, "activation": "sigmoid", "lr": 0.005799544134708154, "window_size": 29, "batch_size": 64, "epochs": 10, "kernel_size": 2, "attention_heads": 4}, "parameter_index": 0}',
    index: 0
  },
  placementConstraint: { type: 'None', gpus: [] }
}
[2026-05-20 11:16:49] INFO (LocalV3.local) Created trial vjXwx
[2026-05-20 11:16:50] INFO (LocalV3.local) Trial parameter: vjXwx {"parameter_id": 37, "parameter_source": "algorithm", "parameters": {"model_type": "GRU", "units": 256, "num_layers": 3, "dropout": 0.5, "activation": "sigmoid", "lr": 0.005799544134708154, "window_size": 29, "batch_size": 64, "epochs": 10, "kernel_size": 2, "attention_heads": 4}, "parameter_index": 0}
[2026-05-20 11:19:26] INFO (NNIManager) Trial job vjXwx status changed from RUNNING to SUCCEEDED
[2026-05-20 11:19:26] INFO (NNIManager) NNIManager received command from dispatcher: TR, {"parameter_id": 38, "parameter_source": "algorithm", "parameters": {"model_type": "RNN", "units": 64, "num_layers": 1, "dropout": 0, "activation": "tanh", "lr": 0.001098715140133129, "window_size": 9, "batch_size": 64, "epochs": 20, "kernel_size": 2, "attention_heads": 4}, "parameter_index": 0}
[2026-05-20 11:19:26] INFO (NNIManager) submitTrialJob: form: {
  sequenceId: 38,
  hyperParameters: {
    value: '{"parameter_id": 38, "parameter_source": "algorithm", "parameters": {"model_type": "RNN", "units": 64, "num_layers": 1, "dropout": 0, "activation": "tanh", "lr": 0.001098715140133129, "window_size": 9, "batch_size": 64, "epochs": 20, "kernel_size": 2, "attention_heads": 4}, "parameter_index": 0}',
    index: 0
  },
  placementConstraint: { type: 'None', gpus: [] }
}
[2026-05-20 11:19:26] INFO (LocalV3.local) Created trial WkHvV
[2026-05-20 11:19:28] INFO (LocalV3.local) Trial parameter: WkHvV {"parameter_id": 38, "parameter_source": "algorithm", "parameters": {"model_type": "RNN", "units": 64, "num_layers": 1, "dropout": 0, "activation": "tanh", "lr": 0.001098715140133129, "window_size": 9, "batch_size": 64, "epochs": 20, "kernel_size": 2, "attention_heads": 4}, "parameter_index": 0}
[2026-05-20 11:19:34] INFO (NNIManager) Trial job WkHvV status changed from RUNNING to SUCCEEDED
[2026-05-20 11:19:34] INFO (NNIManager) NNIManager received command from dispatcher: TR, {"parameter_id": 39, "parameter_source": "algorithm", "parameters": {"model_type": "RNN", "units": 256, "num_layers": 3, "dropout": 0.5, "activation": "relu", "lr": 0.002390739803456719, "window_size": 21, "batch_size": 64, "epochs": 20, "kernel_size": 2, "attention_heads": 4}, "parameter_index": 0}
[2026-05-20 11:19:35] INFO (NNIManager) submitTrialJob: form: {
  sequenceId: 39,
  hyperParameters: {
    value: '{"parameter_id": 39, "parameter_source": "algorithm", "parameters": {"model_type": "RNN", "units": 256, "num_layers": 3, "dropout": 0.5, "activation": "relu", "lr": 0.002390739803456719, "window_size": 21, "batch_size": 64, "epochs": 20, "kernel_size": 2, "attention_heads": 4}, "parameter_index": 0}',
    index: 0
  },
  placementConstraint: { type: 'None', gpus: [] }
}
[2026-05-20 11:19:35] INFO (LocalV3.local) Created trial Ln90s
[2026-05-20 11:19:37] INFO (LocalV3.local) Trial parameter: Ln90s {"parameter_id": 39, "parameter_source": "algorithm", "parameters": {"model_type": "RNN", "units": 256, "num_layers": 3, "dropout": 0.5, "activation": "relu", "lr": 0.002390739803456719, "window_size": 21, "batch_size": 64, "epochs": 20, "kernel_size": 2, "attention_heads": 4}, "parameter_index": 0}
[2026-05-20 11:20:59] INFO (NNIManager) Trial job Ln90s status changed from RUNNING to SUCCEEDED
[2026-05-20 11:20:59] INFO (NNIManager) NNIManager received command from dispatcher: TR, {"parameter_id": 40, "parameter_source": "algorithm", "parameters": {"model_type": "Transformer", "units": 128, "num_layers": 2, "dropout": 0.5, "activation": "tanh", "lr": 4.66920577782596e-05, "window_size": 20, "batch_size": 64, "epochs": 15, "kernel_size": 3, "attention_heads": 4}, "parameter_index": 0}
[2026-05-20 11:20:59] INFO (NNIManager) submitTrialJob: form: {
  sequenceId: 40,
  hyperParameters: {
    value: '{"parameter_id": 40, "parameter_source": "algorithm", "parameters": {"model_type": "Transformer", "units": 128, "num_layers": 2, "dropout": 0.5, "activation": "tanh", "lr": 4.66920577782596e-05, "window_size": 20, "batch_size": 64, "epochs": 15, "kernel_size": 3, "attention_heads": 4}, "parameter_index": 0}',
    index: 0
  },
  placementConstraint: { type: 'None', gpus: [] }
}
[2026-05-20 11:20:59] INFO (LocalV3.local) Created trial s1aC6
[2026-05-20 11:21:01] INFO (LocalV3.local) Trial parameter: s1aC6 {"parameter_id": 40, "parameter_source": "algorithm", "parameters": {"model_type": "Transformer", "units": 128, "num_layers": 2, "dropout": 0.5, "activation": "tanh", "lr": 4.66920577782596e-05, "window_size": 20, "batch_size": 64, "epochs": 15, "kernel_size": 3, "attention_heads": 4}, "parameter_index": 0}
[2026-05-20 11:21:50] INFO (NNIManager) Trial job s1aC6 status changed from RUNNING to SUCCEEDED
[2026-05-20 11:21:50] INFO (NNIManager) NNIManager received command from dispatcher: TR, {"parameter_id": 41, "parameter_source": "algorithm", "parameters": {"model_type": "GRU", "units": 256, "num_layers": 4, "dropout": 0.2, "activation": "tanh", "lr": 0.0064992609712639674, "window_size": 24, "batch_size": 32, "epochs": 5, "kernel_size": 7, "attention_heads": 4}, "parameter_index": 0}
[2026-05-20 11:21:51] INFO (NNIManager) submitTrialJob: form: {
  sequenceId: 41,
  hyperParameters: {
    value: '{"parameter_id": 41, "parameter_source": "algorithm", "parameters": {"model_type": "GRU", "units": 256, "num_layers": 4, "dropout": 0.2, "activation": "tanh", "lr": 0.0064992609712639674, "window_size": 24, "batch_size": 32, "epochs": 5, "kernel_size": 7, "attention_heads": 4}, "parameter_index": 0}',
    index: 0
  },
  placementConstraint: { type: 'None', gpus: [] }
}
[2026-05-20 11:21:51] INFO (LocalV3.local) Created trial Z0Tyw
[2026-05-20 11:21:53] INFO (LocalV3.local) Trial parameter: Z0Tyw {"parameter_id": 41, "parameter_source": "algorithm", "parameters": {"model_type": "GRU", "units": 256, "num_layers": 4, "dropout": 0.2, "activation": "tanh", "lr": 0.0064992609712639674, "window_size": 24, "batch_size": 32, "epochs": 5, "kernel_size": 7, "attention_heads": 4}, "parameter_index": 0}
[2026-05-20 11:23:44] INFO (NNIManager) Trial job Z0Tyw status changed from RUNNING to SUCCEEDED
[2026-05-20 11:23:44] INFO (NNIManager) NNIManager received command from dispatcher: TR, {"parameter_id": 42, "parameter_source": "algorithm", "parameters": {"model_type": "CNN", "units": 256, "num_layers": 4, "dropout": 0.3, "activation": "elu", "lr": 0.0017298188777101365, "window_size": 20, "batch_size": 128, "epochs": 10, "kernel_size": 7, "attention_heads": 4}, "parameter_index": 0}
[2026-05-20 11:23:44] INFO (NNIManager) submitTrialJob: form: {
  sequenceId: 42,
  hyperParameters: {
    value: '{"parameter_id": 42, "parameter_source": "algorithm", "parameters": {"model_type": "CNN", "units": 256, "num_layers": 4, "dropout": 0.3, "activation": "elu", "lr": 0.0017298188777101365, "window_size": 20, "batch_size": 128, "epochs": 10, "kernel_size": 7, "attention_heads": 4}, "parameter_index": 0}',
    index: 0
  },
  placementConstraint: { type: 'None', gpus: [] }
}
[2026-05-20 11:23:44] INFO (LocalV3.local) Created trial b8p8U
[2026-05-20 11:23:46] INFO (LocalV3.local) Trial parameter: b8p8U {"parameter_id": 42, "parameter_source": "algorithm", "parameters": {"model_type": "CNN", "units": 256, "num_layers": 4, "dropout": 0.3, "activation": "elu", "lr": 0.0017298188777101365, "window_size": 20, "batch_size": 128, "epochs": 10, "kernel_size": 7, "attention_heads": 4}, "parameter_index": 0}
[2026-05-20 11:24:15] INFO (NNIManager) Trial job b8p8U status changed from RUNNING to SUCCEEDED
[2026-05-20 11:24:15] INFO (NNIManager) NNIManager received command from dispatcher: TR, {"parameter_id": 43, "parameter_source": "algorithm", "parameters": {"model_type": "GRU", "units": 16, "num_layers": 2, "dropout": 0.3, "activation": "elu", "lr": 2.8300115921944637e-05, "window_size": 16, "batch_size": 128, "epochs": 15, "kernel_size": 3, "attention_heads": 4}, "parameter_index": 0}
[2026-05-20 11:24:15] INFO (NNIManager) submitTrialJob: form: {
  sequenceId: 43,
  hyperParameters: {
    value: '{"parameter_id": 43, "parameter_source": "algorithm", "parameters": {"model_type": "GRU", "units": 16, "num_layers": 2, "dropout": 0.3, "activation": "elu", "lr": 2.8300115921944637e-05, "window_size": 16, "batch_size": 128, "epochs": 15, "kernel_size": 3, "attention_heads": 4}, "parameter_index": 0}',
    index: 0
  },
  placementConstraint: { type: 'None', gpus: [] }
}
[2026-05-20 11:24:15] INFO (LocalV3.local) Created trial lc9UR
[2026-05-20 11:24:17] INFO (LocalV3.local) Trial parameter: lc9UR {"parameter_id": 43, "parameter_source": "algorithm", "parameters": {"model_type": "GRU", "units": 16, "num_layers": 2, "dropout": 0.3, "activation": "elu", "lr": 2.8300115921944637e-05, "window_size": 16, "batch_size": 128, "epochs": 15, "kernel_size": 3, "attention_heads": 4}, "parameter_index": 0}
[2026-05-20 11:24:29] INFO (NNIManager) Trial job lc9UR status changed from RUNNING to SUCCEEDED
[2026-05-20 11:24:29] INFO (NNIManager) NNIManager received command from dispatcher: TR, {"parameter_id": 44, "parameter_source": "algorithm", "parameters": {"model_type": "CNN", "units": 64, "num_layers": 4, "dropout": 0, "activation": "sigmoid", "lr": 4.780819347108659e-05, "window_size": 14, "batch_size": 16, "epochs": 5, "kernel_size": 2, "attention_heads": 4}, "parameter_index": 0}
[2026-05-20 11:24:29] INFO (NNIManager) submitTrialJob: form: {
  sequenceId: 44,
  hyperParameters: {
    value: '{"parameter_id": 44, "parameter_source": "algorithm", "parameters": {"model_type": "CNN", "units": 64, "num_layers": 4, "dropout": 0, "activation": "sigmoid", "lr": 4.780819347108659e-05, "window_size": 14, "batch_size": 16, "epochs": 5, "kernel_size": 2, "attention_heads": 4}, "parameter_index": 0}',
    index: 0
  },
  placementConstraint: { type: 'None', gpus: [] }
}
[2026-05-20 11:24:29] INFO (LocalV3.local) Created trial q4oxb
[2026-05-20 11:24:31] INFO (LocalV3.local) Trial parameter: q4oxb {"parameter_id": 44, "parameter_source": "algorithm", "parameters": {"model_type": "CNN", "units": 64, "num_layers": 4, "dropout": 0, "activation": "sigmoid", "lr": 4.780819347108659e-05, "window_size": 14, "batch_size": 16, "epochs": 5, "kernel_size": 2, "attention_heads": 4}, "parameter_index": 0}
[2026-05-20 11:24:36] INFO (NNIManager) Trial job q4oxb status changed from RUNNING to SUCCEEDED
[2026-05-20 11:24:36] INFO (NNIManager) NNIManager received command from dispatcher: TR, {"parameter_id": 45, "parameter_source": "algorithm", "parameters": {"model_type": "MLP", "units": 256, "num_layers": 2, "dropout": 0.3, "activation": "elu", "lr": 1.2700970721973092e-05, "window_size": 2, "batch_size": 128, "epochs": 5, "kernel_size": 5, "attention_heads": 8}, "parameter_index": 0}
[2026-05-20 11:24:37] INFO (NNIManager) submitTrialJob: form: {
  sequenceId: 45,
  hyperParameters: {
    value: '{"parameter_id": 45, "parameter_source": "algorithm", "parameters": {"model_type": "MLP", "units": 256, "num_layers": 2, "dropout": 0.3, "activation": "elu", "lr": 1.2700970721973092e-05, "window_size": 2, "batch_size": 128, "epochs": 5, "kernel_size": 5, "attention_heads": 8}, "parameter_index": 0}',
    index: 0
  },
  placementConstraint: { type: 'None', gpus: [] }
}
[2026-05-20 11:24:37] INFO (LocalV3.local) Created trial JICSV
[2026-05-20 11:24:38] INFO (LocalV3.local) Trial parameter: JICSV {"parameter_id": 45, "parameter_source": "algorithm", "parameters": {"model_type": "MLP", "units": 256, "num_layers": 2, "dropout": 0.3, "activation": "elu", "lr": 1.2700970721973092e-05, "window_size": 2, "batch_size": 128, "epochs": 5, "kernel_size": 5, "attention_heads": 8}, "parameter_index": 0}
[2026-05-20 11:24:41] INFO (NNIManager) Trial job JICSV status changed from RUNNING to SUCCEEDED
[2026-05-20 11:24:41] INFO (NNIManager) NNIManager received command from dispatcher: TR, {"parameter_id": 46, "parameter_source": "algorithm", "parameters": {"model_type": "Transformer", "units": 256, "num_layers": 3, "dropout": 0.3, "activation": "tanh", "lr": 0.00022754905308126764, "window_size": 15, "batch_size": 16, "epochs": 15, "kernel_size": 2, "attention_heads": 2}, "parameter_index": 0}
[2026-05-20 11:24:41] INFO (NNIManager) submitTrialJob: form: {
  sequenceId: 46,
  hyperParameters: {
    value: '{"parameter_id": 46, "parameter_source": "algorithm", "parameters": {"model_type": "Transformer", "units": 256, "num_layers": 3, "dropout": 0.3, "activation": "tanh", "lr": 0.00022754905308126764, "window_size": 15, "batch_size": 16, "epochs": 15, "kernel_size": 2, "attention_heads": 2}, "parameter_index": 0}',
    index: 0
  },
  placementConstraint: { type: 'None', gpus: [] }
}
[2026-05-20 11:24:41] INFO (LocalV3.local) Created trial vASN5
[2026-05-20 11:24:43] INFO (LocalV3.local) Trial parameter: vASN5 {"parameter_id": 46, "parameter_source": "algorithm", "parameters": {"model_type": "Transformer", "units": 256, "num_layers": 3, "dropout": 0.3, "activation": "tanh", "lr": 0.00022754905308126764, "window_size": 15, "batch_size": 16, "epochs": 15, "kernel_size": 2, "attention_heads": 2}, "parameter_index": 0}
[2026-05-20 11:28:01] INFO (NNIManager) Trial job vASN5 status changed from RUNNING to SUCCEEDED
[2026-05-20 11:28:01] INFO (NNIManager) NNIManager received command from dispatcher: TR, {"parameter_id": 47, "parameter_source": "algorithm", "parameters": {"model_type": "GRU", "units": 128, "num_layers": 3, "dropout": 0, "activation": "elu", "lr": 0.0007937463755690393, "window_size": 19, "batch_size": 64, "epochs": 5, "kernel_size": 3, "attention_heads": 8}, "parameter_index": 0}
[2026-05-20 11:28:01] INFO (NNIManager) submitTrialJob: form: {
  sequenceId: 47,
  hyperParameters: {
    value: '{"parameter_id": 47, "parameter_source": "algorithm", "parameters": {"model_type": "GRU", "units": 128, "num_layers": 3, "dropout": 0, "activation": "elu", "lr": 0.0007937463755690393, "window_size": 19, "batch_size": 64, "epochs": 5, "kernel_size": 3, "attention_heads": 8}, "parameter_index": 0}',
    index: 0
  },
  placementConstraint: { type: 'None', gpus: [] }
}
[2026-05-20 11:28:01] INFO (LocalV3.local) Created trial MRJD8
[2026-05-20 11:28:03] INFO (LocalV3.local) Trial parameter: MRJD8 {"parameter_id": 47, "parameter_source": "algorithm", "parameters": {"model_type": "GRU", "units": 128, "num_layers": 3, "dropout": 0, "activation": "elu", "lr": 0.0007937463755690393, "window_size": 19, "batch_size": 64, "epochs": 5, "kernel_size": 3, "attention_heads": 8}, "parameter_index": 0}
[2026-05-20 11:28:28] INFO (NNIManager) Trial job MRJD8 status changed from RUNNING to SUCCEEDED
[2026-05-20 11:28:28] INFO (NNIManager) NNIManager received command from dispatcher: TR, {"parameter_id": 48, "parameter_source": "algorithm", "parameters": {"model_type": "MLP", "units": 32, "num_layers": 4, "dropout": 0.5, "activation": "sigmoid", "lr": 0.0002275148598902557, "window_size": 8, "batch_size": 128, "epochs": 20, "kernel_size": 7, "attention_heads": 4}, "parameter_index": 0}
[2026-05-20 11:28:29] INFO (NNIManager) submitTrialJob: form: {
  sequenceId: 48,
  hyperParameters: {
    value: '{"parameter_id": 48, "parameter_source": "algorithm", "parameters": {"model_type": "MLP", "units": 32, "num_layers": 4, "dropout": 0.5, "activation": "sigmoid", "lr": 0.0002275148598902557, "window_size": 8, "batch_size": 128, "epochs": 20, "kernel_size": 7, "attention_heads": 4}, "parameter_index": 0}',
    index: 0
  },
  placementConstraint: { type: 'None', gpus: [] }
}
[2026-05-20 11:28:29] INFO (LocalV3.local) Created trial SyQEP
[2026-05-20 11:28:31] INFO (LocalV3.local) Trial parameter: SyQEP {"parameter_id": 48, "parameter_source": "algorithm", "parameters": {"model_type": "MLP", "units": 32, "num_layers": 4, "dropout": 0.5, "activation": "sigmoid", "lr": 0.0002275148598902557, "window_size": 8, "batch_size": 128, "epochs": 20, "kernel_size": 7, "attention_heads": 4}, "parameter_index": 0}
[2026-05-20 11:28:35] INFO (NNIManager) Trial job SyQEP status changed from RUNNING to SUCCEEDED
[2026-05-20 11:28:35] INFO (NNIManager) NNIManager received command from dispatcher: TR, {"parameter_id": 49, "parameter_source": "algorithm", "parameters": {"model_type": "TCN", "units": 32, "num_layers": 2, "dropout": 0, "activation": "sigmoid", "lr": 0.00032019449896799956, "window_size": 17, "batch_size": 16, "epochs": 20, "kernel_size": 2, "attention_heads": 4}, "parameter_index": 0}
[2026-05-20 11:28:35] INFO (NNIManager) submitTrialJob: form: {
  sequenceId: 49,
  hyperParameters: {
    value: '{"parameter_id": 49, "parameter_source": "algorithm", "parameters": {"model_type": "TCN", "units": 32, "num_layers": 2, "dropout": 0, "activation": "sigmoid", "lr": 0.00032019449896799956, "window_size": 17, "batch_size": 16, "epochs": 20, "kernel_size": 2, "attention_heads": 4}, "parameter_index": 0}',
    index: 0
  },
  placementConstraint: { type: 'None', gpus: [] }
}
[2026-05-20 11:28:35] INFO (LocalV3.local) Created trial Tqpns
[2026-05-20 11:28:37] INFO (LocalV3.local) Trial parameter: Tqpns {"parameter_id": 49, "parameter_source": "algorithm", "parameters": {"model_type": "TCN", "units": 32, "num_layers": 2, "dropout": 0, "activation": "sigmoid", "lr": 0.00032019449896799956, "window_size": 17, "batch_size": 16, "epochs": 20, "kernel_size": 2, "attention_heads": 4}, "parameter_index": 0}
[2026-05-20 11:28:50] INFO (NNIManager) Trial job Tqpns status changed from RUNNING to SUCCEEDED
[2026-05-20 11:28:50] INFO (NNIManager) NNIManager received command from dispatcher: TR, {"parameter_id": 50, "parameter_source": "algorithm", "parameters": {"model_type": "LSTM", "units": 64, "num_layers": 2, "dropout": 0.5, "activation": "relu", "lr": 0.0011827363259020909, "window_size": 4, "batch_size": 32, "epochs": 20, "kernel_size": 3, "attention_heads": 2}, "parameter_index": 0}
[2026-05-20 11:28:50] INFO (NNIManager) submitTrialJob: form: {
  sequenceId: 50,
  hyperParameters: {
    value: '{"parameter_id": 50, "parameter_source": "algorithm", "parameters": {"model_type": "LSTM", "units": 64, "num_layers": 2, "dropout": 0.5, "activation": "relu", "lr": 0.0011827363259020909, "window_size": 4, "batch_size": 32, "epochs": 20, "kernel_size": 3, "attention_heads": 2}, "parameter_index": 0}',
    index: 0
  },
  placementConstraint: { type: 'None', gpus: [] }
}
[2026-05-20 11:28:50] INFO (LocalV3.local) Created trial TTsNb
[2026-05-20 11:28:52] INFO (LocalV3.local) Trial parameter: TTsNb {"parameter_id": 50, "parameter_source": "algorithm", "parameters": {"model_type": "LSTM", "units": 64, "num_layers": 2, "dropout": 0.5, "activation": "relu", "lr": 0.0011827363259020909, "window_size": 4, "batch_size": 32, "epochs": 20, "kernel_size": 3, "attention_heads": 2}, "parameter_index": 0}
[2026-05-20 11:29:14] INFO (NNIManager) Trial job TTsNb status changed from RUNNING to SUCCEEDED
[2026-05-20 11:29:14] INFO (NNIManager) NNIManager received command from dispatcher: TR, {"parameter_id": 51, "parameter_source": "algorithm", "parameters": {"model_type": "CNN", "units": 32, "num_layers": 1, "dropout": 0, "activation": "relu", "lr": 0.004838140051907663, "window_size": 5, "batch_size": 64, "epochs": 20, "kernel_size": 2, "attention_heads": 2}, "parameter_index": 0}
[2026-05-20 11:29:15] INFO (NNIManager) submitTrialJob: form: {
  sequenceId: 51,
  hyperParameters: {
    value: '{"parameter_id": 51, "parameter_source": "algorithm", "parameters": {"model_type": "CNN", "units": 32, "num_layers": 1, "dropout": 0, "activation": "relu", "lr": 0.004838140051907663, "window_size": 5, "batch_size": 64, "epochs": 20, "kernel_size": 2, "attention_heads": 2}, "parameter_index": 0}',
    index: 0
  },
  placementConstraint: { type: 'None', gpus: [] }
}
[2026-05-20 11:29:15] INFO (LocalV3.local) Created trial IDngp
[2026-05-20 11:29:16] INFO (LocalV3.local) Trial parameter: IDngp {"parameter_id": 51, "parameter_source": "algorithm", "parameters": {"model_type": "CNN", "units": 32, "num_layers": 1, "dropout": 0, "activation": "relu", "lr": 0.004838140051907663, "window_size": 5, "batch_size": 64, "epochs": 20, "kernel_size": 2, "attention_heads": 2}, "parameter_index": 0}
[2026-05-20 11:29:21] INFO (NNIManager) Trial job IDngp status changed from RUNNING to SUCCEEDED
[2026-05-20 11:29:21] INFO (NNIManager) NNIManager received command from dispatcher: TR, {"parameter_id": 52, "parameter_source": "algorithm", "parameters": {"model_type": "Transformer", "units": 128, "num_layers": 2, "dropout": 0.1, "activation": "elu", "lr": 0.008366713954118343, "window_size": 21, "batch_size": 64, "epochs": 10, "kernel_size": 7, "attention_heads": 4}, "parameter_index": 0}
[2026-05-20 11:29:22] INFO (NNIManager) submitTrialJob: form: {
  sequenceId: 52,
  hyperParameters: {
    value: '{"parameter_id": 52, "parameter_source": "algorithm", "parameters": {"model_type": "Transformer", "units": 128, "num_layers": 2, "dropout": 0.1, "activation": "elu", "lr": 0.008366713954118343, "window_size": 21, "batch_size": 64, "epochs": 10, "kernel_size": 7, "attention_heads": 4}, "parameter_index": 0}',
    index: 0
  },
  placementConstraint: { type: 'None', gpus: [] }
}
[2026-05-20 11:29:22] INFO (LocalV3.local) Created trial R2LhH
[2026-05-20 11:29:23] INFO (LocalV3.local) Trial parameter: R2LhH {"parameter_id": 52, "parameter_source": "algorithm", "parameters": {"model_type": "Transformer", "units": 128, "num_layers": 2, "dropout": 0.1, "activation": "elu", "lr": 0.008366713954118343, "window_size": 21, "batch_size": 64, "epochs": 10, "kernel_size": 7, "attention_heads": 4}, "parameter_index": 0}
[2026-05-20 11:29:58] INFO (NNIManager) Trial job R2LhH status changed from RUNNING to SUCCEEDED
[2026-05-20 11:29:58] INFO (NNIManager) NNIManager received command from dispatcher: TR, {"parameter_id": 53, "parameter_source": "algorithm", "parameters": {"model_type": "CNN", "units": 64, "num_layers": 3, "dropout": 0.5, "activation": "tanh", "lr": 0.004773942607025866, "window_size": 5, "batch_size": 16, "epochs": 5, "kernel_size": 3, "attention_heads": 8}, "parameter_index": 0}
[2026-05-20 11:29:58] INFO (NNIManager) submitTrialJob: form: {
  sequenceId: 53,
  hyperParameters: {
    value: '{"parameter_id": 53, "parameter_source": "algorithm", "parameters": {"model_type": "CNN", "units": 64, "num_layers": 3, "dropout": 0.5, "activation": "tanh", "lr": 0.004773942607025866, "window_size": 5, "batch_size": 16, "epochs": 5, "kernel_size": 3, "attention_heads": 8}, "parameter_index": 0}',
    index: 0
  },
  placementConstraint: { type: 'None', gpus: [] }
}
[2026-05-20 11:29:58] INFO (LocalV3.local) Created trial zmLbY
[2026-05-20 11:30:00] INFO (LocalV3.local) Trial parameter: zmLbY {"parameter_id": 53, "parameter_source": "algorithm", "parameters": {"model_type": "CNN", "units": 64, "num_layers": 3, "dropout": 0.5, "activation": "tanh", "lr": 0.004773942607025866, "window_size": 5, "batch_size": 16, "epochs": 5, "kernel_size": 3, "attention_heads": 8}, "parameter_index": 0}
[2026-05-20 11:30:05] INFO (NNIManager) Trial job zmLbY status changed from RUNNING to SUCCEEDED
[2026-05-20 11:30:05] INFO (NNIManager) NNIManager received command from dispatcher: TR, {"parameter_id": 54, "parameter_source": "algorithm", "parameters": {"model_type": "GRU", "units": 64, "num_layers": 4, "dropout": 0, "activation": "relu", "lr": 3.499171475003193e-05, "window_size": 5, "batch_size": 16, "epochs": 10, "kernel_size": 3, "attention_heads": 2}, "parameter_index": 0}
[2026-05-20 11:30:06] INFO (NNIManager) submitTrialJob: form: {
  sequenceId: 54,
  hyperParameters: {
    value: '{"parameter_id": 54, "parameter_source": "algorithm", "parameters": {"model_type": "GRU", "units": 64, "num_layers": 4, "dropout": 0, "activation": "relu", "lr": 3.499171475003193e-05, "window_size": 5, "batch_size": 16, "epochs": 10, "kernel_size": 3, "attention_heads": 2}, "parameter_index": 0}',
    index: 0
  },
  placementConstraint: { type: 'None', gpus: [] }
}
[2026-05-20 11:30:06] INFO (LocalV3.local) Created trial Rn0V3
[2026-05-20 11:30:07] INFO (LocalV3.local) Trial parameter: Rn0V3 {"parameter_id": 54, "parameter_source": "algorithm", "parameters": {"model_type": "GRU", "units": 64, "num_layers": 4, "dropout": 0, "activation": "relu", "lr": 3.499171475003193e-05, "window_size": 5, "batch_size": 16, "epochs": 10, "kernel_size": 3, "attention_heads": 2}, "parameter_index": 0}
[2026-05-20 11:30:46] INFO (NNIManager) Trial job Rn0V3 status changed from RUNNING to SUCCEEDED
[2026-05-20 11:30:46] INFO (NNIManager) NNIManager received command from dispatcher: TR, {"parameter_id": 55, "parameter_source": "algorithm", "parameters": {"model_type": "GRU", "units": 256, "num_layers": 1, "dropout": 0.2, "activation": "tanh", "lr": 7.515891592112338e-05, "window_size": 23, "batch_size": 16, "epochs": 20, "kernel_size": 3, "attention_heads": 2}, "parameter_index": 0}
[2026-05-20 11:30:47] INFO (NNIManager) submitTrialJob: form: {
  sequenceId: 55,
  hyperParameters: {
    value: '{"parameter_id": 55, "parameter_source": "algorithm", "parameters": {"model_type": "GRU", "units": 256, "num_layers": 1, "dropout": 0.2, "activation": "tanh", "lr": 7.515891592112338e-05, "window_size": 23, "batch_size": 16, "epochs": 20, "kernel_size": 3, "attention_heads": 2}, "parameter_index": 0}',
    index: 0
  },
  placementConstraint: { type: 'None', gpus: [] }
}
[2026-05-20 11:30:47] INFO (LocalV3.local) Created trial yRe53
[2026-05-20 11:30:48] INFO (LocalV3.local) Trial parameter: yRe53 {"parameter_id": 55, "parameter_source": "algorithm", "parameters": {"model_type": "GRU", "units": 256, "num_layers": 1, "dropout": 0.2, "activation": "tanh", "lr": 7.515891592112338e-05, "window_size": 23, "batch_size": 16, "epochs": 20, "kernel_size": 3, "attention_heads": 2}, "parameter_index": 0}
[2026-05-20 11:32:59] INFO (NNIManager) Trial job yRe53 status changed from RUNNING to SUCCEEDED
[2026-05-20 11:32:59] INFO (NNIManager) NNIManager received command from dispatcher: TR, {"parameter_id": 56, "parameter_source": "algorithm", "parameters": {"model_type": "Transformer", "units": 16, "num_layers": 1, "dropout": 0.5, "activation": "sigmoid", "lr": 0.0001502741506072961, "window_size": 7, "batch_size": 128, "epochs": 20, "kernel_size": 2, "attention_heads": 4}, "parameter_index": 0}
[2026-05-20 11:33:00] INFO (NNIManager) submitTrialJob: form: {
  sequenceId: 56,
  hyperParameters: {
    value: '{"parameter_id": 56, "parameter_source": "algorithm", "parameters": {"model_type": "Transformer", "units": 16, "num_layers": 1, "dropout": 0.5, "activation": "sigmoid", "lr": 0.0001502741506072961, "window_size": 7, "batch_size": 128, "epochs": 20, "kernel_size": 2, "attention_heads": 4}, "parameter_index": 0}',
    index: 0
  },
  placementConstraint: { type: 'None', gpus: [] }
}
[2026-05-20 11:33:00] INFO (LocalV3.local) Created trial wYU8M
[2026-05-20 11:33:02] INFO (LocalV3.local) Trial parameter: wYU8M {"parameter_id": 56, "parameter_source": "algorithm", "parameters": {"model_type": "Transformer", "units": 16, "num_layers": 1, "dropout": 0.5, "activation": "sigmoid", "lr": 0.0001502741506072961, "window_size": 7, "batch_size": 128, "epochs": 20, "kernel_size": 2, "attention_heads": 4}, "parameter_index": 0}
[2026-05-20 11:33:09] INFO (NNIManager) Trial job wYU8M status changed from RUNNING to SUCCEEDED
[2026-05-20 11:33:09] INFO (NNIManager) NNIManager received command from dispatcher: TR, {"parameter_id": 57, "parameter_source": "algorithm", "parameters": {"model_type": "GRU", "units": 32, "num_layers": 4, "dropout": 0.3, "activation": "sigmoid", "lr": 1.8988597777394257e-05, "window_size": 18, "batch_size": 64, "epochs": 20, "kernel_size": 2, "attention_heads": 4}, "parameter_index": 0}
[2026-05-20 11:33:10] INFO (NNIManager) submitTrialJob: form: {
  sequenceId: 57,
  hyperParameters: {
    value: '{"parameter_id": 57, "parameter_source": "algorithm", "parameters": {"model_type": "GRU", "units": 32, "num_layers": 4, "dropout": 0.3, "activation": "sigmoid", "lr": 1.8988597777394257e-05, "window_size": 18, "batch_size": 64, "epochs": 20, "kernel_size": 2, "attention_heads": 4}, "parameter_index": 0}',
    index: 0
  },
  placementConstraint: { type: 'None', gpus: [] }
}
[2026-05-20 11:33:10] INFO (LocalV3.local) Created trial slu9U
[2026-05-20 11:33:12] INFO (LocalV3.local) Trial parameter: slu9U {"parameter_id": 57, "parameter_source": "algorithm", "parameters": {"model_type": "GRU", "units": 32, "num_layers": 4, "dropout": 0.3, "activation": "sigmoid", "lr": 1.8988597777394257e-05, "window_size": 18, "batch_size": 64, "epochs": 20, "kernel_size": 2, "attention_heads": 4}, "parameter_index": 0}
[2026-05-20 11:33:54] INFO (NNIManager) Trial job slu9U status changed from RUNNING to SUCCEEDED
[2026-05-20 11:33:54] INFO (NNIManager) NNIManager received command from dispatcher: TR, {"parameter_id": 58, "parameter_source": "algorithm", "parameters": {"model_type": "CNN", "units": 64, "num_layers": 3, "dropout": 0.5, "activation": "tanh", "lr": 3.63919581658686e-05, "window_size": 20, "batch_size": 32, "epochs": 10, "kernel_size": 3, "attention_heads": 2}, "parameter_index": 0}
[2026-05-20 11:33:55] INFO (NNIManager) submitTrialJob: form: {
  sequenceId: 58,
  hyperParameters: {
    value: '{"parameter_id": 58, "parameter_source": "algorithm", "parameters": {"model_type": "CNN", "units": 64, "num_layers": 3, "dropout": 0.5, "activation": "tanh", "lr": 3.63919581658686e-05, "window_size": 20, "batch_size": 32, "epochs": 10, "kernel_size": 3, "attention_heads": 2}, "parameter_index": 0}',
    index: 0
  },
  placementConstraint: { type: 'None', gpus: [] }
}
[2026-05-20 11:33:55] INFO (LocalV3.local) Created trial PxACx
[2026-05-20 11:33:57] INFO (LocalV3.local) Trial parameter: PxACx {"parameter_id": 58, "parameter_source": "algorithm", "parameters": {"model_type": "CNN", "units": 64, "num_layers": 3, "dropout": 0.5, "activation": "tanh", "lr": 3.63919581658686e-05, "window_size": 20, "batch_size": 32, "epochs": 10, "kernel_size": 3, "attention_heads": 2}, "parameter_index": 0}
[2026-05-20 11:34:03] INFO (NNIManager) Trial job PxACx status changed from RUNNING to SUCCEEDED
[2026-05-20 11:34:03] INFO (NNIManager) NNIManager received command from dispatcher: TR, {"parameter_id": 59, "parameter_source": "algorithm", "parameters": {"model_type": "LSTM", "units": 128, "num_layers": 3, "dropout": 0.2, "activation": "elu", "lr": 0.0014359110270634277, "window_size": 25, "batch_size": 128, "epochs": 10, "kernel_size": 7, "attention_heads": 8}, "parameter_index": 0}
[2026-05-20 11:34:04] INFO (NNIManager) submitTrialJob: form: {
  sequenceId: 59,
  hyperParameters: {
    value: '{"parameter_id": 59, "parameter_source": "algorithm", "parameters": {"model_type": "LSTM", "units": 128, "num_layers": 3, "dropout": 0.2, "activation": "elu", "lr": 0.0014359110270634277, "window_size": 25, "batch_size": 128, "epochs": 10, "kernel_size": 7, "attention_heads": 8}, "parameter_index": 0}',
    index: 0
  },
  placementConstraint: { type: 'None', gpus: [] }
}
[2026-05-20 11:34:04] INFO (LocalV3.local) Created trial WZHb3
[2026-05-20 11:34:06] INFO (LocalV3.local) Trial parameter: WZHb3 {"parameter_id": 59, "parameter_source": "algorithm", "parameters": {"model_type": "LSTM", "units": 128, "num_layers": 3, "dropout": 0.2, "activation": "elu", "lr": 0.0014359110270634277, "window_size": 25, "batch_size": 128, "epochs": 10, "kernel_size": 7, "attention_heads": 8}, "parameter_index": 0}
[2026-05-20 11:34:58] INFO (NNIManager) Trial job WZHb3 status changed from RUNNING to SUCCEEDED
[2026-05-20 11:34:58] INFO (NNIManager) NNIManager received command from dispatcher: TR, {"parameter_id": 60, "parameter_source": "algorithm", "parameters": {"model_type": "MLP", "units": 64, "num_layers": 1, "dropout": 0.1, "activation": "sigmoid", "lr": 9.664398051771196e-05, "window_size": 14, "batch_size": 16, "epochs": 5, "kernel_size": 7, "attention_heads": 4}, "parameter_index": 0}
[2026-05-20 11:34:58] INFO (NNIManager) submitTrialJob: form: {
  sequenceId: 60,
  hyperParameters: {
    value: '{"parameter_id": 60, "parameter_source": "algorithm", "parameters": {"model_type": "MLP", "units": 64, "num_layers": 1, "dropout": 0.1, "activation": "sigmoid", "lr": 9.664398051771196e-05, "window_size": 14, "batch_size": 16, "epochs": 5, "kernel_size": 7, "attention_heads": 4}, "parameter_index": 0}',
    index: 0
  },
  placementConstraint: { type: 'None', gpus: [] }
}
[2026-05-20 11:34:58] INFO (LocalV3.local) Created trial rFvlK
[2026-05-20 11:35:00] INFO (LocalV3.local) Trial parameter: rFvlK {"parameter_id": 60, "parameter_source": "algorithm", "parameters": {"model_type": "MLP", "units": 64, "num_layers": 1, "dropout": 0.1, "activation": "sigmoid", "lr": 9.664398051771196e-05, "window_size": 14, "batch_size": 16, "epochs": 5, "kernel_size": 7, "attention_heads": 4}, "parameter_index": 0}
[2026-05-20 11:35:03] INFO (NNIManager) Trial job rFvlK status changed from RUNNING to SUCCEEDED
[2026-05-20 11:35:03] INFO (NNIManager) NNIManager received command from dispatcher: TR, {"parameter_id": 61, "parameter_source": "algorithm", "parameters": {"model_type": "LSTM", "units": 64, "num_layers": 4, "dropout": 0.5, "activation": "tanh", "lr": 3.9601280262172007e-05, "window_size": 5, "batch_size": 64, "epochs": 5, "kernel_size": 5, "attention_heads": 2}, "parameter_index": 0}
[2026-05-20 11:35:03] INFO (NNIManager) submitTrialJob: form: {
  sequenceId: 61,
  hyperParameters: {
    value: '{"parameter_id": 61, "parameter_source": "algorithm", "parameters": {"model_type": "LSTM", "units": 64, "num_layers": 4, "dropout": 0.5, "activation": "tanh", "lr": 3.9601280262172007e-05, "window_size": 5, "batch_size": 64, "epochs": 5, "kernel_size": 5, "attention_heads": 2}, "parameter_index": 0}',
    index: 0
  },
  placementConstraint: { type: 'None', gpus: [] }
}
[2026-05-20 11:35:03] INFO (LocalV3.local) Created trial PH7si
[2026-05-20 11:35:05] INFO (LocalV3.local) Trial parameter: PH7si {"parameter_id": 61, "parameter_source": "algorithm", "parameters": {"model_type": "LSTM", "units": 64, "num_layers": 4, "dropout": 0.5, "activation": "tanh", "lr": 3.9601280262172007e-05, "window_size": 5, "batch_size": 64, "epochs": 5, "kernel_size": 5, "attention_heads": 2}, "parameter_index": 0}
[2026-05-20 11:35:17] INFO (NNIManager) Trial job PH7si status changed from RUNNING to SUCCEEDED
[2026-05-20 11:35:17] INFO (NNIManager) NNIManager received command from dispatcher: TR, {"parameter_id": 62, "parameter_source": "algorithm", "parameters": {"model_type": "RNN", "units": 32, "num_layers": 1, "dropout": 0, "activation": "sigmoid", "lr": 0.0006441541720305074, "window_size": 28, "batch_size": 32, "epochs": 20, "kernel_size": 2, "attention_heads": 2}, "parameter_index": 0}
[2026-05-20 11:35:18] INFO (NNIManager) submitTrialJob: form: {
  sequenceId: 62,
  hyperParameters: {
    value: '{"parameter_id": 62, "parameter_source": "algorithm", "parameters": {"model_type": "RNN", "units": 32, "num_layers": 1, "dropout": 0, "activation": "sigmoid", "lr": 0.0006441541720305074, "window_size": 28, "batch_size": 32, "epochs": 20, "kernel_size": 2, "attention_heads": 2}, "parameter_index": 0}',
    index: 0
  },
  placementConstraint: { type: 'None', gpus: [] }
}
[2026-05-20 11:35:18] INFO (LocalV3.local) Created trial CY88y
[2026-05-20 11:35:19] INFO (LocalV3.local) Trial parameter: CY88y {"parameter_id": 62, "parameter_source": "algorithm", "parameters": {"model_type": "RNN", "units": 32, "num_layers": 1, "dropout": 0, "activation": "sigmoid", "lr": 0.0006441541720305074, "window_size": 28, "batch_size": 32, "epochs": 20, "kernel_size": 2, "attention_heads": 2}, "parameter_index": 0}
[2026-05-20 11:35:33] INFO (NNIManager) Trial job CY88y status changed from RUNNING to SUCCEEDED
[2026-05-20 11:35:33] INFO (NNIManager) NNIManager received command from dispatcher: TR, {"parameter_id": 63, "parameter_source": "algorithm", "parameters": {"model_type": "RNN", "units": 128, "num_layers": 1, "dropout": 0, "activation": "elu", "lr": 0.00042553842583855874, "window_size": 2, "batch_size": 32, "epochs": 5, "kernel_size": 7, "attention_heads": 2}, "parameter_index": 0}
[2026-05-20 11:35:33] INFO (NNIManager) submitTrialJob: form: {
  sequenceId: 63,
  hyperParameters: {
    value: '{"parameter_id": 63, "parameter_source": "algorithm", "parameters": {"model_type": "RNN", "units": 128, "num_layers": 1, "dropout": 0, "activation": "elu", "lr": 0.00042553842583855874, "window_size": 2, "batch_size": 32, "epochs": 5, "kernel_size": 7, "attention_heads": 2}, "parameter_index": 0}',
    index: 0
  },
  placementConstraint: { type: 'None', gpus: [] }
}
[2026-05-20 11:35:33] INFO (LocalV3.local) Created trial U14w3
[2026-05-20 11:35:35] INFO (LocalV3.local) Trial parameter: U14w3 {"parameter_id": 63, "parameter_source": "algorithm", "parameters": {"model_type": "RNN", "units": 128, "num_layers": 1, "dropout": 0, "activation": "elu", "lr": 0.00042553842583855874, "window_size": 2, "batch_size": 32, "epochs": 5, "kernel_size": 7, "attention_heads": 2}, "parameter_index": 0}
[2026-05-20 11:35:38] INFO (NNIManager) Trial job U14w3 status changed from RUNNING to SUCCEEDED
[2026-05-20 11:35:38] INFO (NNIManager) NNIManager received command from dispatcher: TR, {"parameter_id": 64, "parameter_source": "algorithm", "parameters": {"model_type": "RNN", "units": 64, "num_layers": 4, "dropout": 0, "activation": "tanh", "lr": 0.0007842652335820129, "window_size": 10, "batch_size": 16, "epochs": 20, "kernel_size": 5, "attention_heads": 4}, "parameter_index": 0}
[2026-05-20 11:35:38] INFO (NNIManager) submitTrialJob: form: {
  sequenceId: 64,
  hyperParameters: {
    value: '{"parameter_id": 64, "parameter_source": "algorithm", "parameters": {"model_type": "RNN", "units": 64, "num_layers": 4, "dropout": 0, "activation": "tanh", "lr": 0.0007842652335820129, "window_size": 10, "batch_size": 16, "epochs": 20, "kernel_size": 5, "attention_heads": 4}, "parameter_index": 0}',
    index: 0
  },
  placementConstraint: { type: 'None', gpus: [] }
}
[2026-05-20 11:35:38] INFO (LocalV3.local) Created trial ul3hn
[2026-05-20 11:35:40] INFO (LocalV3.local) Trial parameter: ul3hn {"parameter_id": 64, "parameter_source": "algorithm", "parameters": {"model_type": "RNN", "units": 64, "num_layers": 4, "dropout": 0, "activation": "tanh", "lr": 0.0007842652335820129, "window_size": 10, "batch_size": 16, "epochs": 20, "kernel_size": 5, "attention_heads": 4}, "parameter_index": 0}
[2026-05-20 11:36:14] INFO (NNIManager) Trial job ul3hn status changed from RUNNING to SUCCEEDED
[2026-05-20 11:36:14] INFO (NNIManager) NNIManager received command from dispatcher: TR, {"parameter_id": 65, "parameter_source": "algorithm", "parameters": {"model_type": "TCN", "units": 32, "num_layers": 2, "dropout": 0.1, "activation": "sigmoid", "lr": 0.0010416074355966778, "window_size": 6, "batch_size": 128, "epochs": 20, "kernel_size": 5, "attention_heads": 4}, "parameter_index": 0}
[2026-05-20 11:36:15] INFO (NNIManager) submitTrialJob: form: {
  sequenceId: 65,
  hyperParameters: {
    value: '{"parameter_id": 65, "parameter_source": "algorithm", "parameters": {"model_type": "TCN", "units": 32, "num_layers": 2, "dropout": 0.1, "activation": "sigmoid", "lr": 0.0010416074355966778, "window_size": 6, "batch_size": 128, "epochs": 20, "kernel_size": 5, "attention_heads": 4}, "parameter_index": 0}',
    index: 0
  },
  placementConstraint: { type: 'None', gpus: [] }
}
[2026-05-20 11:36:15] INFO (LocalV3.local) Created trial tSrBf
[2026-05-20 11:36:16] INFO (LocalV3.local) Trial parameter: tSrBf {"parameter_id": 65, "parameter_source": "algorithm", "parameters": {"model_type": "TCN", "units": 32, "num_layers": 2, "dropout": 0.1, "activation": "sigmoid", "lr": 0.0010416074355966778, "window_size": 6, "batch_size": 128, "epochs": 20, "kernel_size": 5, "attention_heads": 4}, "parameter_index": 0}
[2026-05-20 11:36:21] INFO (NNIManager) Trial job tSrBf status changed from RUNNING to SUCCEEDED
[2026-05-20 11:36:21] INFO (NNIManager) NNIManager received command from dispatcher: TR, {"parameter_id": 66, "parameter_source": "algorithm", "parameters": {"model_type": "CNN", "units": 16, "num_layers": 4, "dropout": 0, "activation": "sigmoid", "lr": 0.003950165447705384, "window_size": 21, "batch_size": 32, "epochs": 20, "kernel_size": 5, "attention_heads": 4}, "parameter_index": 0}
[2026-05-20 11:36:22] INFO (NNIManager) submitTrialJob: form: {
  sequenceId: 66,
  hyperParameters: {
    value: '{"parameter_id": 66, "parameter_source": "algorithm", "parameters": {"model_type": "CNN", "units": 16, "num_layers": 4, "dropout": 0, "activation": "sigmoid", "lr": 0.003950165447705384, "window_size": 21, "batch_size": 32, "epochs": 20, "kernel_size": 5, "attention_heads": 4}, "parameter_index": 0}',
    index: 0
  },
  placementConstraint: { type: 'None', gpus: [] }
}
[2026-05-20 11:36:22] INFO (LocalV3.local) Created trial ispiT
[2026-05-20 11:36:24] INFO (LocalV3.local) Trial parameter: ispiT {"parameter_id": 66, "parameter_source": "algorithm", "parameters": {"model_type": "CNN", "units": 16, "num_layers": 4, "dropout": 0, "activation": "sigmoid", "lr": 0.003950165447705384, "window_size": 21, "batch_size": 32, "epochs": 20, "kernel_size": 5, "attention_heads": 4}, "parameter_index": 0}
[2026-05-20 11:36:33] INFO (NNIManager) Trial job ispiT status changed from RUNNING to SUCCEEDED
[2026-05-20 11:36:33] INFO (NNIManager) NNIManager received command from dispatcher: TR, {"parameter_id": 67, "parameter_source": "algorithm", "parameters": {"model_type": "CNN", "units": 16, "num_layers": 4, "dropout": 0, "activation": "elu", "lr": 1.7378605393417128e-05, "window_size": 3, "batch_size": 64, "epochs": 20, "kernel_size": 2, "attention_heads": 2}, "parameter_index": 0}
[2026-05-20 11:36:34] INFO (NNIManager) submitTrialJob: form: {
  sequenceId: 67,
  hyperParameters: {
    value: '{"parameter_id": 67, "parameter_source": "algorithm", "parameters": {"model_type": "CNN", "units": 16, "num_layers": 4, "dropout": 0, "activation": "elu", "lr": 1.7378605393417128e-05, "window_size": 3, "batch_size": 64, "epochs": 20, "kernel_size": 2, "attention_heads": 2}, "parameter_index": 0}',
    index: 0
  },
  placementConstraint: { type: 'None', gpus: [] }
}
[2026-05-20 11:36:34] INFO (LocalV3.local) Created trial G5b87
[2026-05-20 11:36:35] INFO (LocalV3.local) Trial parameter: G5b87 {"parameter_id": 67, "parameter_source": "algorithm", "parameters": {"model_type": "CNN", "units": 16, "num_layers": 4, "dropout": 0, "activation": "elu", "lr": 1.7378605393417128e-05, "window_size": 3, "batch_size": 64, "epochs": 20, "kernel_size": 2, "attention_heads": 2}, "parameter_index": 0}
[2026-05-20 11:36:42] INFO (NNIManager) Trial job G5b87 status changed from RUNNING to SUCCEEDED
[2026-05-20 11:36:42] INFO (NNIManager) NNIManager received command from dispatcher: TR, {"parameter_id": 68, "parameter_source": "algorithm", "parameters": {"model_type": "LSTM", "units": 64, "num_layers": 1, "dropout": 0.3, "activation": "sigmoid", "lr": 0.009048739821201756, "window_size": 22, "batch_size": 16, "epochs": 10, "kernel_size": 2, "attention_heads": 4}, "parameter_index": 0}
[2026-05-20 11:36:42] INFO (NNIManager) submitTrialJob: form: {
  sequenceId: 68,
  hyperParameters: {
    value: '{"parameter_id": 68, "parameter_source": "algorithm", "parameters": {"model_type": "LSTM", "units": 64, "num_layers": 1, "dropout": 0.3, "activation": "sigmoid", "lr": 0.009048739821201756, "window_size": 22, "batch_size": 16, "epochs": 10, "kernel_size": 2, "attention_heads": 4}, "parameter_index": 0}',
    index: 0
  },
  placementConstraint: { type: 'None', gpus: [] }
}
[2026-05-20 11:36:42] INFO (LocalV3.local) Created trial ygryU
[2026-05-20 11:36:44] INFO (LocalV3.local) Trial parameter: ygryU {"parameter_id": 68, "parameter_source": "algorithm", "parameters": {"model_type": "LSTM", "units": 64, "num_layers": 1, "dropout": 0.3, "activation": "sigmoid", "lr": 0.009048739821201756, "window_size": 22, "batch_size": 16, "epochs": 10, "kernel_size": 2, "attention_heads": 4}, "parameter_index": 0}
[2026-05-20 11:37:05] INFO (NNIManager) Trial job ygryU status changed from RUNNING to SUCCEEDED
[2026-05-20 11:37:05] INFO (NNIManager) NNIManager received command from dispatcher: TR, {"parameter_id": 69, "parameter_source": "algorithm", "parameters": {"model_type": "MLP", "units": 16, "num_layers": 1, "dropout": 0, "activation": "elu", "lr": 9.267760056195717e-05, "window_size": 28, "batch_size": 64, "epochs": 5, "kernel_size": 5, "attention_heads": 8}, "parameter_index": 0}
[2026-05-20 11:37:06] INFO (NNIManager) submitTrialJob: form: {
  sequenceId: 69,
  hyperParameters: {
    value: '{"parameter_id": 69, "parameter_source": "algorithm", "parameters": {"model_type": "MLP", "units": 16, "num_layers": 1, "dropout": 0, "activation": "elu", "lr": 9.267760056195717e-05, "window_size": 28, "batch_size": 64, "epochs": 5, "kernel_size": 5, "attention_heads": 8}, "parameter_index": 0}',
    index: 0
  },
  placementConstraint: { type: 'None', gpus: [] }
}
[2026-05-20 11:37:06] INFO (LocalV3.local) Created trial bwE1E
[2026-05-20 11:37:08] INFO (LocalV3.local) Trial parameter: bwE1E {"parameter_id": 69, "parameter_source": "algorithm", "parameters": {"model_type": "MLP", "units": 16, "num_layers": 1, "dropout": 0, "activation": "elu", "lr": 9.267760056195717e-05, "window_size": 28, "batch_size": 64, "epochs": 5, "kernel_size": 5, "attention_heads": 8}, "parameter_index": 0}
[2026-05-20 11:37:10] INFO (NNIManager) Trial job bwE1E status changed from RUNNING to SUCCEEDED
[2026-05-20 11:37:10] INFO (NNIManager) NNIManager received command from dispatcher: TR, {"parameter_id": 70, "parameter_source": "algorithm", "parameters": {"model_type": "RNN", "units": 32, "num_layers": 2, "dropout": 0.2, "activation": "tanh", "lr": 0.002173281745287763, "window_size": 2, "batch_size": 32, "epochs": 5, "kernel_size": 7, "attention_heads": 2}, "parameter_index": 0}
[2026-05-20 11:37:10] INFO (NNIManager) submitTrialJob: form: {
  sequenceId: 70,
  hyperParameters: {
    value: '{"parameter_id": 70, "parameter_source": "algorithm", "parameters": {"model_type": "RNN", "units": 32, "num_layers": 2, "dropout": 0.2, "activation": "tanh", "lr": 0.002173281745287763, "window_size": 2, "batch_size": 32, "epochs": 5, "kernel_size": 7, "attention_heads": 2}, "parameter_index": 0}',
    index: 0
  },
  placementConstraint: { type: 'None', gpus: [] }
}
[2026-05-20 11:37:10] INFO (LocalV3.local) Created trial y6Qxf
[2026-05-20 11:37:12] INFO (LocalV3.local) Trial parameter: y6Qxf {"parameter_id": 70, "parameter_source": "algorithm", "parameters": {"model_type": "RNN", "units": 32, "num_layers": 2, "dropout": 0.2, "activation": "tanh", "lr": 0.002173281745287763, "window_size": 2, "batch_size": 32, "epochs": 5, "kernel_size": 7, "attention_heads": 2}, "parameter_index": 0}
[2026-05-20 11:37:16] INFO (NNIManager) Trial job y6Qxf status changed from RUNNING to SUCCEEDED
[2026-05-20 11:37:16] INFO (NNIManager) NNIManager received command from dispatcher: TR, {"parameter_id": 71, "parameter_source": "algorithm", "parameters": {"model_type": "Transformer", "units": 16, "num_layers": 2, "dropout": 0.3, "activation": "sigmoid", "lr": 0.0011513517365359922, "window_size": 10, "batch_size": 64, "epochs": 15, "kernel_size": 2, "attention_heads": 2}, "parameter_index": 0}
[2026-05-20 11:37:16] INFO (NNIManager) submitTrialJob: form: {
  sequenceId: 71,
  hyperParameters: {
    value: '{"parameter_id": 71, "parameter_source": "algorithm", "parameters": {"model_type": "Transformer", "units": 16, "num_layers": 2, "dropout": 0.3, "activation": "sigmoid", "lr": 0.0011513517365359922, "window_size": 10, "batch_size": 64, "epochs": 15, "kernel_size": 2, "attention_heads": 2}, "parameter_index": 0}',
    index: 0
  },
  placementConstraint: { type: 'None', gpus: [] }
}
[2026-05-20 11:37:16] INFO (LocalV3.local) Created trial zee0I
[2026-05-20 11:37:18] INFO (LocalV3.local) Trial parameter: zee0I {"parameter_id": 71, "parameter_source": "algorithm", "parameters": {"model_type": "Transformer", "units": 16, "num_layers": 2, "dropout": 0.3, "activation": "sigmoid", "lr": 0.0011513517365359922, "window_size": 10, "batch_size": 64, "epochs": 15, "kernel_size": 2, "attention_heads": 2}, "parameter_index": 0}
[2026-05-20 11:37:30] INFO (NNIManager) Trial job zee0I status changed from RUNNING to SUCCEEDED
[2026-05-20 11:37:30] INFO (NNIManager) NNIManager received command from dispatcher: TR, {"parameter_id": 72, "parameter_source": "algorithm", "parameters": {"model_type": "GRU", "units": 16, "num_layers": 2, "dropout": 0.3, "activation": "elu", "lr": 6.27755363294193e-05, "window_size": 6, "batch_size": 128, "epochs": 15, "kernel_size": 7, "attention_heads": 8}, "parameter_index": 0}
[2026-05-20 11:37:30] INFO (NNIManager) submitTrialJob: form: {
  sequenceId: 72,
  hyperParameters: {
    value: '{"parameter_id": 72, "parameter_source": "algorithm", "parameters": {"model_type": "GRU", "units": 16, "num_layers": 2, "dropout": 0.3, "activation": "elu", "lr": 6.27755363294193e-05, "window_size": 6, "batch_size": 128, "epochs": 15, "kernel_size": 7, "attention_heads": 8}, "parameter_index": 0}',
    index: 0
  },
  placementConstraint: { type: 'None', gpus: [] }
}
[2026-05-20 11:37:30] INFO (LocalV3.local) Created trial W5Pdq
[2026-05-20 11:37:32] INFO (LocalV3.local) Trial parameter: W5Pdq {"parameter_id": 72, "parameter_source": "algorithm", "parameters": {"model_type": "GRU", "units": 16, "num_layers": 2, "dropout": 0.3, "activation": "elu", "lr": 6.27755363294193e-05, "window_size": 6, "batch_size": 128, "epochs": 15, "kernel_size": 7, "attention_heads": 8}, "parameter_index": 0}
[2026-05-20 11:37:41] INFO (NNIManager) Trial job W5Pdq status changed from RUNNING to SUCCEEDED
[2026-05-20 11:37:41] INFO (NNIManager) NNIManager received command from dispatcher: TR, {"parameter_id": 73, "parameter_source": "algorithm", "parameters": {"model_type": "Transformer", "units": 32, "num_layers": 3, "dropout": 0.5, "activation": "tanh", "lr": 0.0009265021869095579, "window_size": 14, "batch_size": 32, "epochs": 15, "kernel_size": 7, "attention_heads": 4}, "parameter_index": 0}
[2026-05-20 11:37:42] INFO (NNIManager) submitTrialJob: form: {
  sequenceId: 73,
  hyperParameters: {
    value: '{"parameter_id": 73, "parameter_source": "algorithm", "parameters": {"model_type": "Transformer", "units": 32, "num_layers": 3, "dropout": 0.5, "activation": "tanh", "lr": 0.0009265021869095579, "window_size": 14, "batch_size": 32, "epochs": 15, "kernel_size": 7, "attention_heads": 4}, "parameter_index": 0}',
    index: 0
  },
  placementConstraint: { type: 'None', gpus: [] }
}
[2026-05-20 11:37:42] INFO (LocalV3.local) Created trial qrJa1
[2026-05-20 11:37:43] INFO (LocalV3.local) Trial parameter: qrJa1 {"parameter_id": 73, "parameter_source": "algorithm", "parameters": {"model_type": "Transformer", "units": 32, "num_layers": 3, "dropout": 0.5, "activation": "tanh", "lr": 0.0009265021869095579, "window_size": 14, "batch_size": 32, "epochs": 15, "kernel_size": 7, "attention_heads": 4}, "parameter_index": 0}
[2026-05-20 11:38:22] INFO (NNIManager) Trial job qrJa1 status changed from RUNNING to SUCCEEDED
[2026-05-20 11:38:22] INFO (NNIManager) NNIManager received command from dispatcher: TR, {"parameter_id": 74, "parameter_source": "algorithm", "parameters": {"model_type": "TCN", "units": 64, "num_layers": 4, "dropout": 0, "activation": "relu", "lr": 0.005245871483638003, "window_size": 19, "batch_size": 32, "epochs": 20, "kernel_size": 2, "attention_heads": 4}, "parameter_index": 0}
[2026-05-20 11:38:23] INFO (NNIManager) submitTrialJob: form: {
  sequenceId: 74,
  hyperParameters: {
    value: '{"parameter_id": 74, "parameter_source": "algorithm", "parameters": {"model_type": "TCN", "units": 64, "num_layers": 4, "dropout": 0, "activation": "relu", "lr": 0.005245871483638003, "window_size": 19, "batch_size": 32, "epochs": 20, "kernel_size": 2, "attention_heads": 4}, "parameter_index": 0}',
    index: 0
  },
  placementConstraint: { type: 'None', gpus: [] }
}
[2026-05-20 11:38:23] INFO (LocalV3.local) Created trial JtUXW
[2026-05-20 11:38:24] INFO (LocalV3.local) Trial parameter: JtUXW {"parameter_id": 74, "parameter_source": "algorithm", "parameters": {"model_type": "TCN", "units": 64, "num_layers": 4, "dropout": 0, "activation": "relu", "lr": 0.005245871483638003, "window_size": 19, "batch_size": 32, "epochs": 20, "kernel_size": 2, "attention_heads": 4}, "parameter_index": 0}
[2026-05-20 11:38:39] INFO (NNIManager) Trial job JtUXW status changed from RUNNING to SUCCEEDED
[2026-05-20 11:38:39] INFO (NNIManager) NNIManager received command from dispatcher: TR, {"parameter_id": 75, "parameter_source": "algorithm", "parameters": {"model_type": "RNN", "units": 32, "num_layers": 1, "dropout": 0, "activation": "tanh", "lr": 0.00015672426697553756, "window_size": 19, "batch_size": 64, "epochs": 15, "kernel_size": 7, "attention_heads": 2}, "parameter_index": 0}
[2026-05-20 11:38:39] INFO (NNIManager) submitTrialJob: form: {
  sequenceId: 75,
  hyperParameters: {
    value: '{"parameter_id": 75, "parameter_source": "algorithm", "parameters": {"model_type": "RNN", "units": 32, "num_layers": 1, "dropout": 0, "activation": "tanh", "lr": 0.00015672426697553756, "window_size": 19, "batch_size": 64, "epochs": 15, "kernel_size": 7, "attention_heads": 2}, "parameter_index": 0}',
    index: 0
  },
  placementConstraint: { type: 'None', gpus: [] }
}
[2026-05-20 11:38:39] INFO (LocalV3.local) Created trial trp3S
[2026-05-20 11:38:41] INFO (LocalV3.local) Trial parameter: trp3S {"parameter_id": 75, "parameter_source": "algorithm", "parameters": {"model_type": "RNN", "units": 32, "num_layers": 1, "dropout": 0, "activation": "tanh", "lr": 0.00015672426697553756, "window_size": 19, "batch_size": 64, "epochs": 15, "kernel_size": 7, "attention_heads": 2}, "parameter_index": 0}
[2026-05-20 11:38:46] INFO (NNIManager) Trial job trp3S status changed from RUNNING to SUCCEEDED
[2026-05-20 11:38:46] INFO (NNIManager) NNIManager received command from dispatcher: TR, {"parameter_id": 76, "parameter_source": "algorithm", "parameters": {"model_type": "TCN", "units": 128, "num_layers": 4, "dropout": 0.2, "activation": "sigmoid", "lr": 1.0819850711412523e-05, "window_size": 29, "batch_size": 128, "epochs": 5, "kernel_size": 5, "attention_heads": 2}, "parameter_index": 0}
[2026-05-20 11:38:47] INFO (NNIManager) submitTrialJob: form: {
  sequenceId: 76,
  hyperParameters: {
    value: '{"parameter_id": 76, "parameter_source": "algorithm", "parameters": {"model_type": "TCN", "units": 128, "num_layers": 4, "dropout": 0.2, "activation": "sigmoid", "lr": 1.0819850711412523e-05, "window_size": 29, "batch_size": 128, "epochs": 5, "kernel_size": 5, "attention_heads": 2}, "parameter_index": 0}',
    index: 0
  },
  placementConstraint: { type: 'None', gpus: [] }
}
[2026-05-20 11:38:47] INFO (LocalV3.local) Created trial Gsc1u
[2026-05-20 11:38:48] INFO (LocalV3.local) Trial parameter: Gsc1u {"parameter_id": 76, "parameter_source": "algorithm", "parameters": {"model_type": "TCN", "units": 128, "num_layers": 4, "dropout": 0.2, "activation": "sigmoid", "lr": 1.0819850711412523e-05, "window_size": 29, "batch_size": 128, "epochs": 5, "kernel_size": 5, "attention_heads": 2}, "parameter_index": 0}
[2026-05-20 11:38:58] INFO (NNIManager) Trial job Gsc1u status changed from RUNNING to SUCCEEDED
[2026-05-20 11:38:58] INFO (NNIManager) NNIManager received command from dispatcher: TR, {"parameter_id": 77, "parameter_source": "algorithm", "parameters": {"model_type": "RNN", "units": 16, "num_layers": 4, "dropout": 0.5, "activation": "elu", "lr": 0.0001138654454049729, "window_size": 29, "batch_size": 64, "epochs": 5, "kernel_size": 5, "attention_heads": 4}, "parameter_index": 0}
[2026-05-20 11:38:59] INFO (NNIManager) submitTrialJob: form: {
  sequenceId: 77,
  hyperParameters: {
    value: '{"parameter_id": 77, "parameter_source": "algorithm", "parameters": {"model_type": "RNN", "units": 16, "num_layers": 4, "dropout": 0.5, "activation": "elu", "lr": 0.0001138654454049729, "window_size": 29, "batch_size": 64, "epochs": 5, "kernel_size": 5, "attention_heads": 4}, "parameter_index": 0}',
    index: 0
  },
  placementConstraint: { type: 'None', gpus: [] }
}
[2026-05-20 11:38:59] INFO (LocalV3.local) Created trial cRO1K
[2026-05-20 11:39:00] INFO (LocalV3.local) Trial parameter: cRO1K {"parameter_id": 77, "parameter_source": "algorithm", "parameters": {"model_type": "RNN", "units": 16, "num_layers": 4, "dropout": 0.5, "activation": "elu", "lr": 0.0001138654454049729, "window_size": 29, "batch_size": 64, "epochs": 5, "kernel_size": 5, "attention_heads": 4}, "parameter_index": 0}
[2026-05-20 11:39:09] INFO (NNIManager) Trial job cRO1K status changed from RUNNING to SUCCEEDED
[2026-05-20 11:39:09] INFO (NNIManager) NNIManager received command from dispatcher: TR, {"parameter_id": 78, "parameter_source": "algorithm", "parameters": {"model_type": "Transformer", "units": 32, "num_layers": 1, "dropout": 0, "activation": "tanh", "lr": 0.0007617729114929838, "window_size": 14, "batch_size": 64, "epochs": 20, "kernel_size": 3, "attention_heads": 8}, "parameter_index": 0}
[2026-05-20 11:39:10] INFO (NNIManager) submitTrialJob: form: {
  sequenceId: 78,
  hyperParameters: {
    value: '{"parameter_id": 78, "parameter_source": "algorithm", "parameters": {"model_type": "Transformer", "units": 32, "num_layers": 1, "dropout": 0, "activation": "tanh", "lr": 0.0007617729114929838, "window_size": 14, "batch_size": 64, "epochs": 20, "kernel_size": 3, "attention_heads": 8}, "parameter_index": 0}',
    index: 0
  },
  placementConstraint: { type: 'None', gpus: [] }
}
[2026-05-20 11:39:10] INFO (LocalV3.local) Created trial Kpkix
[2026-05-20 11:39:11] INFO (LocalV3.local) Trial parameter: Kpkix {"parameter_id": 78, "parameter_source": "algorithm", "parameters": {"model_type": "Transformer", "units": 32, "num_layers": 1, "dropout": 0, "activation": "tanh", "lr": 0.0007617729114929838, "window_size": 14, "batch_size": 64, "epochs": 20, "kernel_size": 3, "attention_heads": 8}, "parameter_index": 0}
[2026-05-20 11:39:27] INFO (NNIManager) Trial job Kpkix status changed from RUNNING to SUCCEEDED
[2026-05-20 11:39:27] INFO (NNIManager) NNIManager received command from dispatcher: TR, {"parameter_id": 79, "parameter_source": "algorithm", "parameters": {"model_type": "RNN", "units": 32, "num_layers": 1, "dropout": 0.3, "activation": "relu", "lr": 0.005167151913907221, "window_size": 12, "batch_size": 64, "epochs": 5, "kernel_size": 7, "attention_heads": 2}, "parameter_index": 0}
[2026-05-20 11:39:28] INFO (NNIManager) submitTrialJob: form: {
  sequenceId: 79,
  hyperParameters: {
    value: '{"parameter_id": 79, "parameter_source": "algorithm", "parameters": {"model_type": "RNN", "units": 32, "num_layers": 1, "dropout": 0.3, "activation": "relu", "lr": 0.005167151913907221, "window_size": 12, "batch_size": 64, "epochs": 5, "kernel_size": 7, "attention_heads": 2}, "parameter_index": 0}',
    index: 0
  },
  placementConstraint: { type: 'None', gpus: [] }
}
[2026-05-20 11:39:28] INFO (LocalV3.local) Created trial OeH8S
[2026-05-20 11:39:30] INFO (LocalV3.local) Trial parameter: OeH8S {"parameter_id": 79, "parameter_source": "algorithm", "parameters": {"model_type": "RNN", "units": 32, "num_layers": 1, "dropout": 0.3, "activation": "relu", "lr": 0.005167151913907221, "window_size": 12, "batch_size": 64, "epochs": 5, "kernel_size": 7, "attention_heads": 2}, "parameter_index": 0}
[2026-05-20 11:39:32] INFO (NNIManager) Trial job OeH8S status changed from RUNNING to SUCCEEDED
[2026-05-20 11:39:32] INFO (NNIManager) NNIManager received command from dispatcher: TR, {"parameter_id": 80, "parameter_source": "algorithm", "parameters": {"model_type": "MLP", "units": 64, "num_layers": 2, "dropout": 0.1, "activation": "relu", "lr": 5.3133967070630337e-05, "window_size": 21, "batch_size": 128, "epochs": 15, "kernel_size": 7, "attention_heads": 2}, "parameter_index": 0}
[2026-05-20 11:39:33] INFO (NNIManager) submitTrialJob: form: {
  sequenceId: 80,
  hyperParameters: {
    value: '{"parameter_id": 80, "parameter_source": "algorithm", "parameters": {"model_type": "MLP", "units": 64, "num_layers": 2, "dropout": 0.1, "activation": "relu", "lr": 5.3133967070630337e-05, "window_size": 21, "batch_size": 128, "epochs": 15, "kernel_size": 7, "attention_heads": 2}, "parameter_index": 0}',
    index: 0
  },
  placementConstraint: { type: 'None', gpus: [] }
}
[2026-05-20 11:39:33] INFO (LocalV3.local) Created trial hSXtY
[2026-05-20 11:39:34] INFO (LocalV3.local) Trial parameter: hSXtY {"parameter_id": 80, "parameter_source": "algorithm", "parameters": {"model_type": "MLP", "units": 64, "num_layers": 2, "dropout": 0.1, "activation": "relu", "lr": 5.3133967070630337e-05, "window_size": 21, "batch_size": 128, "epochs": 15, "kernel_size": 7, "attention_heads": 2}, "parameter_index": 0}
[2026-05-20 11:39:38] INFO (NNIManager) Trial job hSXtY status changed from RUNNING to SUCCEEDED
[2026-05-20 11:39:38] INFO (NNIManager) NNIManager received command from dispatcher: TR, {"parameter_id": 81, "parameter_source": "algorithm", "parameters": {"model_type": "TCN", "units": 128, "num_layers": 2, "dropout": 0, "activation": "elu", "lr": 0.00906833931754452, "window_size": 9, "batch_size": 128, "epochs": 20, "kernel_size": 7, "attention_heads": 4}, "parameter_index": 0}
[2026-05-20 11:39:38] INFO (NNIManager) submitTrialJob: form: {
  sequenceId: 81,
  hyperParameters: {
    value: '{"parameter_id": 81, "parameter_source": "algorithm", "parameters": {"model_type": "TCN", "units": 128, "num_layers": 2, "dropout": 0, "activation": "elu", "lr": 0.00906833931754452, "window_size": 9, "batch_size": 128, "epochs": 20, "kernel_size": 7, "attention_heads": 4}, "parameter_index": 0}',
    index: 0
  },
  placementConstraint: { type: 'None', gpus: [] }
}
[2026-05-20 11:39:38] INFO (LocalV3.local) Created trial FSs7W
[2026-05-20 11:39:40] INFO (LocalV3.local) Trial parameter: FSs7W {"parameter_id": 81, "parameter_source": "algorithm", "parameters": {"model_type": "TCN", "units": 128, "num_layers": 2, "dropout": 0, "activation": "elu", "lr": 0.00906833931754452, "window_size": 9, "batch_size": 128, "epochs": 20, "kernel_size": 7, "attention_heads": 4}, "parameter_index": 0}
[2026-05-20 11:39:50] INFO (NNIManager) Trial job FSs7W status changed from RUNNING to SUCCEEDED
[2026-05-20 11:39:50] INFO (NNIManager) NNIManager received command from dispatcher: TR, {"parameter_id": 82, "parameter_source": "algorithm", "parameters": {"model_type": "Transformer", "units": 32, "num_layers": 2, "dropout": 0.5, "activation": "tanh", "lr": 0.00010742852289266005, "window_size": 15, "batch_size": 16, "epochs": 20, "kernel_size": 3, "attention_heads": 4}, "parameter_index": 0}
[2026-05-20 11:39:51] INFO (NNIManager) submitTrialJob: form: {
  sequenceId: 82,
  hyperParameters: {
    value: '{"parameter_id": 82, "parameter_source": "algorithm", "parameters": {"model_type": "Transformer", "units": 32, "num_layers": 2, "dropout": 0.5, "activation": "tanh", "lr": 0.00010742852289266005, "window_size": 15, "batch_size": 16, "epochs": 20, "kernel_size": 3, "attention_heads": 4}, "parameter_index": 0}',
    index: 0
  },
  placementConstraint: { type: 'None', gpus: [] }
}
[2026-05-20 11:39:51] INFO (LocalV3.local) Created trial qANfy
[2026-05-20 11:39:53] INFO (LocalV3.local) Trial parameter: qANfy {"parameter_id": 82, "parameter_source": "algorithm", "parameters": {"model_type": "Transformer", "units": 32, "num_layers": 2, "dropout": 0.5, "activation": "tanh", "lr": 0.00010742852289266005, "window_size": 15, "batch_size": 16, "epochs": 20, "kernel_size": 3, "attention_heads": 4}, "parameter_index": 0}
[2026-05-20 11:40:38] INFO (NNIManager) Trial job qANfy status changed from RUNNING to SUCCEEDED
[2026-05-20 11:40:38] INFO (NNIManager) NNIManager received command from dispatcher: TR, {"parameter_id": 83, "parameter_source": "algorithm", "parameters": {"model_type": "TCN", "units": 16, "num_layers": 3, "dropout": 0.5, "activation": "elu", "lr": 9.206474559869665e-05, "window_size": 12, "batch_size": 64, "epochs": 20, "kernel_size": 7, "attention_heads": 2}, "parameter_index": 0}
[2026-05-20 11:40:38] INFO (NNIManager) submitTrialJob: form: {
  sequenceId: 83,
  hyperParameters: {
    value: '{"parameter_id": 83, "parameter_source": "algorithm", "parameters": {"model_type": "TCN", "units": 16, "num_layers": 3, "dropout": 0.5, "activation": "elu", "lr": 9.206474559869665e-05, "window_size": 12, "batch_size": 64, "epochs": 20, "kernel_size": 7, "attention_heads": 2}, "parameter_index": 0}',
    index: 0
  },
  placementConstraint: { type: 'None', gpus: [] }
}
[2026-05-20 11:40:38] INFO (LocalV3.local) Created trial x8X5K
[2026-05-20 11:40:40] INFO (LocalV3.local) Trial parameter: x8X5K {"parameter_id": 83, "parameter_source": "algorithm", "parameters": {"model_type": "TCN", "units": 16, "num_layers": 3, "dropout": 0.5, "activation": "elu", "lr": 9.206474559869665e-05, "window_size": 12, "batch_size": 64, "epochs": 20, "kernel_size": 7, "attention_heads": 2}, "parameter_index": 0}
[2026-05-20 11:40:48] INFO (NNIManager) Trial job x8X5K status changed from RUNNING to SUCCEEDED
[2026-05-20 11:40:48] INFO (NNIManager) NNIManager received command from dispatcher: TR, {"parameter_id": 84, "parameter_source": "algorithm", "parameters": {"model_type": "MLP", "units": 32, "num_layers": 3, "dropout": 0.5, "activation": "relu", "lr": 2.5670737383293975e-05, "window_size": 29, "batch_size": 32, "epochs": 10, "kernel_size": 5, "attention_heads": 2}, "parameter_index": 0}
[2026-05-20 11:40:49] INFO (NNIManager) submitTrialJob: form: {
  sequenceId: 84,
  hyperParameters: {
    value: '{"parameter_id": 84, "parameter_source": "algorithm", "parameters": {"model_type": "MLP", "units": 32, "num_layers": 3, "dropout": 0.5, "activation": "relu", "lr": 2.5670737383293975e-05, "window_size": 29, "batch_size": 32, "epochs": 10, "kernel_size": 5, "attention_heads": 2}, "parameter_index": 0}',
    index: 0
  },
  placementConstraint: { type: 'None', gpus: [] }
}
[2026-05-20 11:40:49] INFO (LocalV3.local) Created trial C1ryF
[2026-05-20 11:40:51] INFO (LocalV3.local) Trial parameter: C1ryF {"parameter_id": 84, "parameter_source": "algorithm", "parameters": {"model_type": "MLP", "units": 32, "num_layers": 3, "dropout": 0.5, "activation": "relu", "lr": 2.5670737383293975e-05, "window_size": 29, "batch_size": 32, "epochs": 10, "kernel_size": 5, "attention_heads": 2}, "parameter_index": 0}
[2026-05-20 11:40:54] INFO (NNIManager) Trial job C1ryF status changed from RUNNING to SUCCEEDED
[2026-05-20 11:40:55] INFO (NNIManager) NNIManager received command from dispatcher: TR, {"parameter_id": 85, "parameter_source": "algorithm", "parameters": {"model_type": "MLP", "units": 64, "num_layers": 2, "dropout": 0.3, "activation": "sigmoid", "lr": 0.0024073272742583213, "window_size": 21, "batch_size": 128, "epochs": 5, "kernel_size": 5, "attention_heads": 2}, "parameter_index": 0}
[2026-05-20 11:40:55] INFO (NNIManager) submitTrialJob: form: {
  sequenceId: 85,
  hyperParameters: {
    value: '{"parameter_id": 85, "parameter_source": "algorithm", "parameters": {"model_type": "MLP", "units": 64, "num_layers": 2, "dropout": 0.3, "activation": "sigmoid", "lr": 0.0024073272742583213, "window_size": 21, "batch_size": 128, "epochs": 5, "kernel_size": 5, "attention_heads": 2}, "parameter_index": 0}',
    index: 0
  },
  placementConstraint: { type: 'None', gpus: [] }
}
[2026-05-20 11:40:55] INFO (LocalV3.local) Created trial k5jfz
[2026-05-20 11:40:57] INFO (LocalV3.local) Trial parameter: k5jfz {"parameter_id": 85, "parameter_source": "algorithm", "parameters": {"model_type": "MLP", "units": 64, "num_layers": 2, "dropout": 0.3, "activation": "sigmoid", "lr": 0.0024073272742583213, "window_size": 21, "batch_size": 128, "epochs": 5, "kernel_size": 5, "attention_heads": 2}, "parameter_index": 0}
[2026-05-20 11:40:59] INFO (NNIManager) Trial job k5jfz status changed from RUNNING to SUCCEEDED
[2026-05-20 11:40:59] INFO (NNIManager) NNIManager received command from dispatcher: TR, {"parameter_id": 86, "parameter_source": "algorithm", "parameters": {"model_type": "TCN", "units": 32, "num_layers": 1, "dropout": 0.2, "activation": "tanh", "lr": 0.0036179004929389014, "window_size": 13, "batch_size": 64, "epochs": 15, "kernel_size": 5, "attention_heads": 4}, "parameter_index": 0}
[2026-05-20 11:41:00] INFO (NNIManager) submitTrialJob: form: {
  sequenceId: 86,
  hyperParameters: {
    value: '{"parameter_id": 86, "parameter_source": "algorithm", "parameters": {"model_type": "TCN", "units": 32, "num_layers": 1, "dropout": 0.2, "activation": "tanh", "lr": 0.0036179004929389014, "window_size": 13, "batch_size": 64, "epochs": 15, "kernel_size": 5, "attention_heads": 4}, "parameter_index": 0}',
    index: 0
  },
  placementConstraint: { type: 'None', gpus: [] }
}
[2026-05-20 11:41:00] INFO (LocalV3.local) Created trial AnY6S
[2026-05-20 11:41:01] INFO (LocalV3.local) Trial parameter: AnY6S {"parameter_id": 86, "parameter_source": "algorithm", "parameters": {"model_type": "TCN", "units": 32, "num_layers": 1, "dropout": 0.2, "activation": "tanh", "lr": 0.0036179004929389014, "window_size": 13, "batch_size": 64, "epochs": 15, "kernel_size": 5, "attention_heads": 4}, "parameter_index": 0}
[2026-05-20 11:41:06] INFO (NNIManager) Trial job AnY6S status changed from RUNNING to SUCCEEDED
[2026-05-20 11:41:06] INFO (NNIManager) NNIManager received command from dispatcher: TR, {"parameter_id": 87, "parameter_source": "algorithm", "parameters": {"model_type": "TCN", "units": 32, "num_layers": 4, "dropout": 0.2, "activation": "tanh", "lr": 0.001005208376076432, "window_size": 2, "batch_size": 64, "epochs": 20, "kernel_size": 3, "attention_heads": 4}, "parameter_index": 0}
[2026-05-20 11:41:06] INFO (NNIManager) submitTrialJob: form: {
  sequenceId: 87,
  hyperParameters: {
    value: '{"parameter_id": 87, "parameter_source": "algorithm", "parameters": {"model_type": "TCN", "units": 32, "num_layers": 4, "dropout": 0.2, "activation": "tanh", "lr": 0.001005208376076432, "window_size": 2, "batch_size": 64, "epochs": 20, "kernel_size": 3, "attention_heads": 4}, "parameter_index": 0}',
    index: 0
  },
  placementConstraint: { type: 'None', gpus: [] }
}
[2026-05-20 11:41:06] INFO (LocalV3.local) Created trial doNfs
[2026-05-20 11:41:08] INFO (LocalV3.local) Trial parameter: doNfs {"parameter_id": 87, "parameter_source": "algorithm", "parameters": {"model_type": "TCN", "units": 32, "num_layers": 4, "dropout": 0.2, "activation": "tanh", "lr": 0.001005208376076432, "window_size": 2, "batch_size": 64, "epochs": 20, "kernel_size": 3, "attention_heads": 4}, "parameter_index": 0}
[2026-05-20 11:41:16] INFO (NNIManager) Trial job doNfs status changed from RUNNING to SUCCEEDED
[2026-05-20 11:41:16] INFO (NNIManager) NNIManager received command from dispatcher: TR, {"parameter_id": 88, "parameter_source": "algorithm", "parameters": {"model_type": "CNN", "units": 32, "num_layers": 1, "dropout": 0, "activation": "sigmoid", "lr": 0.0019724987362124743, "window_size": 30, "batch_size": 32, "epochs": 10, "kernel_size": 7, "attention_heads": 8}, "parameter_index": 0}
[2026-05-20 11:41:16] INFO (NNIManager) submitTrialJob: form: {
  sequenceId: 88,
  hyperParameters: {
    value: '{"parameter_id": 88, "parameter_source": "algorithm", "parameters": {"model_type": "CNN", "units": 32, "num_layers": 1, "dropout": 0, "activation": "sigmoid", "lr": 0.0019724987362124743, "window_size": 30, "batch_size": 32, "epochs": 10, "kernel_size": 7, "attention_heads": 8}, "parameter_index": 0}',
    index: 0
  },
  placementConstraint: { type: 'None', gpus: [] }
}
[2026-05-20 11:41:16] INFO (LocalV3.local) Created trial ivMYf
[2026-05-20 11:41:18] INFO (LocalV3.local) Trial parameter: ivMYf {"parameter_id": 88, "parameter_source": "algorithm", "parameters": {"model_type": "CNN", "units": 32, "num_layers": 1, "dropout": 0, "activation": "sigmoid", "lr": 0.0019724987362124743, "window_size": 30, "batch_size": 32, "epochs": 10, "kernel_size": 7, "attention_heads": 8}, "parameter_index": 0}
[2026-05-20 11:41:22] INFO (NNIManager) Trial job ivMYf status changed from RUNNING to SUCCEEDED
[2026-05-20 11:41:22] INFO (NNIManager) NNIManager received command from dispatcher: TR, {"parameter_id": 89, "parameter_source": "algorithm", "parameters": {"model_type": "CNN", "units": 32, "num_layers": 1, "dropout": 0.3, "activation": "elu", "lr": 0.0016775811500942697, "window_size": 9, "batch_size": 64, "epochs": 5, "kernel_size": 3, "attention_heads": 8}, "parameter_index": 0}
[2026-05-20 11:41:23] INFO (NNIManager) submitTrialJob: form: {
  sequenceId: 89,
  hyperParameters: {
    value: '{"parameter_id": 89, "parameter_source": "algorithm", "parameters": {"model_type": "CNN", "units": 32, "num_layers": 1, "dropout": 0.3, "activation": "elu", "lr": 0.0016775811500942697, "window_size": 9, "batch_size": 64, "epochs": 5, "kernel_size": 3, "attention_heads": 8}, "parameter_index": 0}',
    index: 0
  },
  placementConstraint: { type: 'None', gpus: [] }
}
[2026-05-20 11:41:23] INFO (LocalV3.local) Created trial hKfKE
[2026-05-20 11:41:24] INFO (LocalV3.local) Trial parameter: hKfKE {"parameter_id": 89, "parameter_source": "algorithm", "parameters": {"model_type": "CNN", "units": 32, "num_layers": 1, "dropout": 0.3, "activation": "elu", "lr": 0.0016775811500942697, "window_size": 9, "batch_size": 64, "epochs": 5, "kernel_size": 3, "attention_heads": 8}, "parameter_index": 0}
[2026-05-20 11:41:27] INFO (NNIManager) Trial job hKfKE status changed from RUNNING to SUCCEEDED
[2026-05-20 11:41:27] INFO (NNIManager) NNIManager received command from dispatcher: TR, {"parameter_id": 90, "parameter_source": "algorithm", "parameters": {"model_type": "GRU", "units": 32, "num_layers": 3, "dropout": 0.2, "activation": "elu", "lr": 0.0002735276530685972, "window_size": 5, "batch_size": 16, "epochs": 15, "kernel_size": 3, "attention_heads": 4}, "parameter_index": 0}
[2026-05-20 11:41:27] INFO (NNIManager) submitTrialJob: form: {
  sequenceId: 90,
  hyperParameters: {
    value: '{"parameter_id": 90, "parameter_source": "algorithm", "parameters": {"model_type": "GRU", "units": 32, "num_layers": 3, "dropout": 0.2, "activation": "elu", "lr": 0.0002735276530685972, "window_size": 5, "batch_size": 16, "epochs": 15, "kernel_size": 3, "attention_heads": 4}, "parameter_index": 0}',
    index: 0
  },
  placementConstraint: { type: 'None', gpus: [] }
}
[2026-05-20 11:41:27] INFO (LocalV3.local) Created trial DfglJ
[2026-05-20 11:41:29] INFO (LocalV3.local) Trial parameter: DfglJ {"parameter_id": 90, "parameter_source": "algorithm", "parameters": {"model_type": "GRU", "units": 32, "num_layers": 3, "dropout": 0.2, "activation": "elu", "lr": 0.0002735276530685972, "window_size": 5, "batch_size": 16, "epochs": 15, "kernel_size": 3, "attention_heads": 4}, "parameter_index": 0}
[2026-05-20 11:42:10] INFO (NNIManager) Trial job DfglJ status changed from RUNNING to SUCCEEDED
[2026-05-20 11:42:10] INFO (NNIManager) NNIManager received command from dispatcher: TR, {"parameter_id": 91, "parameter_source": "algorithm", "parameters": {"model_type": "MLP", "units": 256, "num_layers": 2, "dropout": 0, "activation": "tanh", "lr": 0.00013166682691024076, "window_size": 6, "batch_size": 32, "epochs": 10, "kernel_size": 5, "attention_heads": 8}, "parameter_index": 0}
[2026-05-20 11:42:11] INFO (NNIManager) submitTrialJob: form: {
  sequenceId: 91,
  hyperParameters: {
    value: '{"parameter_id": 91, "parameter_source": "algorithm", "parameters": {"model_type": "MLP", "units": 256, "num_layers": 2, "dropout": 0, "activation": "tanh", "lr": 0.00013166682691024076, "window_size": 6, "batch_size": 32, "epochs": 10, "kernel_size": 5, "attention_heads": 8}, "parameter_index": 0}',
    index: 0
  },
  placementConstraint: { type: 'None', gpus: [] }
}
[2026-05-20 11:42:11] INFO (LocalV3.local) Created trial vghdw
[2026-05-20 11:42:12] INFO (LocalV3.local) Trial parameter: vghdw {"parameter_id": 91, "parameter_source": "algorithm", "parameters": {"model_type": "MLP", "units": 256, "num_layers": 2, "dropout": 0, "activation": "tanh", "lr": 0.00013166682691024076, "window_size": 6, "batch_size": 32, "epochs": 10, "kernel_size": 5, "attention_heads": 8}, "parameter_index": 0}
[2026-05-20 11:42:17] INFO (NNIManager) Trial job vghdw status changed from RUNNING to SUCCEEDED
[2026-05-20 11:42:17] INFO (NNIManager) NNIManager received command from dispatcher: TR, {"parameter_id": 92, "parameter_source": "algorithm", "parameters": {"model_type": "TCN", "units": 64, "num_layers": 4, "dropout": 0.2, "activation": "tanh", "lr": 6.629844050168155e-05, "window_size": 18, "batch_size": 16, "epochs": 10, "kernel_size": 7, "attention_heads": 4}, "parameter_index": 0}
[2026-05-20 11:42:18] INFO (NNIManager) submitTrialJob: form: {
  sequenceId: 92,
  hyperParameters: {
    value: '{"parameter_id": 92, "parameter_source": "algorithm", "parameters": {"model_type": "TCN", "units": 64, "num_layers": 4, "dropout": 0.2, "activation": "tanh", "lr": 6.629844050168155e-05, "window_size": 18, "batch_size": 16, "epochs": 10, "kernel_size": 7, "attention_heads": 4}, "parameter_index": 0}',
    index: 0
  },
  placementConstraint: { type: 'None', gpus: [] }
}
[2026-05-20 11:42:18] INFO (LocalV3.local) Created trial jxxJQ
[2026-05-20 11:42:19] INFO (LocalV3.local) Trial parameter: jxxJQ {"parameter_id": 92, "parameter_source": "algorithm", "parameters": {"model_type": "TCN", "units": 64, "num_layers": 4, "dropout": 0.2, "activation": "tanh", "lr": 6.629844050168155e-05, "window_size": 18, "batch_size": 16, "epochs": 10, "kernel_size": 7, "attention_heads": 4}, "parameter_index": 0}
[2026-05-20 11:42:38] INFO (NNIManager) Trial job jxxJQ status changed from RUNNING to SUCCEEDED
[2026-05-20 11:42:38] INFO (NNIManager) NNIManager received command from dispatcher: TR, {"parameter_id": 93, "parameter_source": "algorithm", "parameters": {"model_type": "RNN", "units": 16, "num_layers": 3, "dropout": 0.5, "activation": "elu", "lr": 1.0062707274042636e-05, "window_size": 25, "batch_size": 16, "epochs": 10, "kernel_size": 3, "attention_heads": 4}, "parameter_index": 0}
[2026-05-20 11:42:38] INFO (NNIManager) submitTrialJob: form: {
  sequenceId: 93,
  hyperParameters: {
    value: '{"parameter_id": 93, "parameter_source": "algorithm", "parameters": {"model_type": "RNN", "units": 16, "num_layers": 3, "dropout": 0.5, "activation": "elu", "lr": 1.0062707274042636e-05, "window_size": 25, "batch_size": 16, "epochs": 10, "kernel_size": 3, "attention_heads": 4}, "parameter_index": 0}',
    index: 0
  },
  placementConstraint: { type: 'None', gpus: [] }
}
[2026-05-20 11:42:38] INFO (LocalV3.local) Created trial QObMG
[2026-05-20 11:42:40] INFO (LocalV3.local) Trial parameter: QObMG {"parameter_id": 93, "parameter_source": "algorithm", "parameters": {"model_type": "RNN", "units": 16, "num_layers": 3, "dropout": 0.5, "activation": "elu", "lr": 1.0062707274042636e-05, "window_size": 25, "batch_size": 16, "epochs": 10, "kernel_size": 3, "attention_heads": 4}, "parameter_index": 0}
[2026-05-20 11:43:12] INFO (NNIManager) Trial job QObMG status changed from RUNNING to SUCCEEDED
[2026-05-20 11:43:12] INFO (NNIManager) NNIManager received command from dispatcher: TR, {"parameter_id": 94, "parameter_source": "algorithm", "parameters": {"model_type": "LSTM", "units": 64, "num_layers": 4, "dropout": 0.5, "activation": "elu", "lr": 0.003568525572289732, "window_size": 5, "batch_size": 64, "epochs": 20, "kernel_size": 2, "attention_heads": 2}, "parameter_index": 0}
[2026-05-20 11:43:12] INFO (NNIManager) submitTrialJob: form: {
  sequenceId: 94,
  hyperParameters: {
    value: '{"parameter_id": 94, "parameter_source": "algorithm", "parameters": {"model_type": "LSTM", "units": 64, "num_layers": 4, "dropout": 0.5, "activation": "elu", "lr": 0.003568525572289732, "window_size": 5, "batch_size": 64, "epochs": 20, "kernel_size": 2, "attention_heads": 2}, "parameter_index": 0}',
    index: 0
  },
  placementConstraint: { type: 'None', gpus: [] }
}
[2026-05-20 11:43:12] INFO (LocalV3.local) Created trial v02Rh
[2026-05-20 11:43:14] INFO (LocalV3.local) Trial parameter: v02Rh {"parameter_id": 94, "parameter_source": "algorithm", "parameters": {"model_type": "LSTM", "units": 64, "num_layers": 4, "dropout": 0.5, "activation": "elu", "lr": 0.003568525572289732, "window_size": 5, "batch_size": 64, "epochs": 20, "kernel_size": 2, "attention_heads": 2}, "parameter_index": 0}
[2026-05-20 11:43:43] INFO (NNIManager) Trial job v02Rh status changed from RUNNING to SUCCEEDED
[2026-05-20 11:43:43] INFO (NNIManager) NNIManager received command from dispatcher: TR, {"parameter_id": 95, "parameter_source": "algorithm", "parameters": {"model_type": "LSTM", "units": 64, "num_layers": 1, "dropout": 0.3, "activation": "relu", "lr": 4.8273747060008497e-05, "window_size": 2, "batch_size": 64, "epochs": 5, "kernel_size": 2, "attention_heads": 4}, "parameter_index": 0}
[2026-05-20 11:43:44] INFO (NNIManager) submitTrialJob: form: {
  sequenceId: 95,
  hyperParameters: {
    value: '{"parameter_id": 95, "parameter_source": "algorithm", "parameters": {"model_type": "LSTM", "units": 64, "num_layers": 1, "dropout": 0.3, "activation": "relu", "lr": 4.8273747060008497e-05, "window_size": 2, "batch_size": 64, "epochs": 5, "kernel_size": 2, "attention_heads": 4}, "parameter_index": 0}',
    index: 0
  },
  placementConstraint: { type: 'None', gpus: [] }
}
[2026-05-20 11:43:44] INFO (LocalV3.local) Created trial SSCjx
[2026-05-20 11:43:46] INFO (LocalV3.local) Trial parameter: SSCjx {"parameter_id": 95, "parameter_source": "algorithm", "parameters": {"model_type": "LSTM", "units": 64, "num_layers": 1, "dropout": 0.3, "activation": "relu", "lr": 4.8273747060008497e-05, "window_size": 2, "batch_size": 64, "epochs": 5, "kernel_size": 2, "attention_heads": 4}, "parameter_index": 0}
[2026-05-20 11:43:49] INFO (NNIManager) Trial job SSCjx status changed from RUNNING to SUCCEEDED
[2026-05-20 11:43:49] INFO (NNIManager) NNIManager received command from dispatcher: TR, {"parameter_id": 96, "parameter_source": "algorithm", "parameters": {"model_type": "TCN", "units": 16, "num_layers": 4, "dropout": 0.2, "activation": "sigmoid", "lr": 1.2374963666336201e-05, "window_size": 18, "batch_size": 128, "epochs": 15, "kernel_size": 2, "attention_heads": 2}, "parameter_index": 0}
[2026-05-20 11:43:50] INFO (NNIManager) submitTrialJob: form: {
  sequenceId: 96,
  hyperParameters: {
    value: '{"parameter_id": 96, "parameter_source": "algorithm", "parameters": {"model_type": "TCN", "units": 16, "num_layers": 4, "dropout": 0.2, "activation": "sigmoid", "lr": 1.2374963666336201e-05, "window_size": 18, "batch_size": 128, "epochs": 15, "kernel_size": 2, "attention_heads": 2}, "parameter_index": 0}',
    index: 0
  },
  placementConstraint: { type: 'None', gpus: [] }
}
[2026-05-20 11:43:50] INFO (LocalV3.local) Created trial Rnq4l
[2026-05-20 11:43:52] INFO (LocalV3.local) Trial parameter: Rnq4l {"parameter_id": 96, "parameter_source": "algorithm", "parameters": {"model_type": "TCN", "units": 16, "num_layers": 4, "dropout": 0.2, "activation": "sigmoid", "lr": 1.2374963666336201e-05, "window_size": 18, "batch_size": 128, "epochs": 15, "kernel_size": 2, "attention_heads": 2}, "parameter_index": 0}
[2026-05-20 11:43:57] INFO (NNIManager) Trial job Rnq4l status changed from RUNNING to SUCCEEDED
[2026-05-20 11:43:57] INFO (NNIManager) NNIManager received command from dispatcher: TR, {"parameter_id": 97, "parameter_source": "algorithm", "parameters": {"model_type": "GRU", "units": 128, "num_layers": 1, "dropout": 0.2, "activation": "elu", "lr": 0.00014183991246385745, "window_size": 2, "batch_size": 128, "epochs": 20, "kernel_size": 2, "attention_heads": 8}, "parameter_index": 0}
[2026-05-20 11:43:58] INFO (NNIManager) submitTrialJob: form: {
  sequenceId: 97,
  hyperParameters: {
    value: '{"parameter_id": 97, "parameter_source": "algorithm", "parameters": {"model_type": "GRU", "units": 128, "num_layers": 1, "dropout": 0.2, "activation": "elu", "lr": 0.00014183991246385745, "window_size": 2, "batch_size": 128, "epochs": 20, "kernel_size": 2, "attention_heads": 8}, "parameter_index": 0}',
    index: 0
  },
  placementConstraint: { type: 'None', gpus: [] }
}
[2026-05-20 11:43:58] INFO (LocalV3.local) Created trial txfp7
[2026-05-20 11:44:00] INFO (LocalV3.local) Trial parameter: txfp7 {"parameter_id": 97, "parameter_source": "algorithm", "parameters": {"model_type": "GRU", "units": 128, "num_layers": 1, "dropout": 0.2, "activation": "elu", "lr": 0.00014183991246385745, "window_size": 2, "batch_size": 128, "epochs": 20, "kernel_size": 2, "attention_heads": 8}, "parameter_index": 0}
[2026-05-20 11:44:08] INFO (NNIManager) Trial job txfp7 status changed from RUNNING to SUCCEEDED
[2026-05-20 11:44:08] INFO (NNIManager) NNIManager received command from dispatcher: TR, {"parameter_id": 98, "parameter_source": "algorithm", "parameters": {"model_type": "Transformer", "units": 16, "num_layers": 2, "dropout": 0.3, "activation": "elu", "lr": 0.00011373657271958523, "window_size": 23, "batch_size": 64, "epochs": 20, "kernel_size": 3, "attention_heads": 4}, "parameter_index": 0}
[2026-05-20 11:44:09] INFO (NNIManager) submitTrialJob: form: {
  sequenceId: 98,
  hyperParameters: {
    value: '{"parameter_id": 98, "parameter_source": "algorithm", "parameters": {"model_type": "Transformer", "units": 16, "num_layers": 2, "dropout": 0.3, "activation": "elu", "lr": 0.00011373657271958523, "window_size": 23, "batch_size": 64, "epochs": 20, "kernel_size": 3, "attention_heads": 4}, "parameter_index": 0}',
    index: 0
  },
  placementConstraint: { type: 'None', gpus: [] }
}
[2026-05-20 11:44:09] INFO (LocalV3.local) Created trial QG2Pb
[2026-05-20 11:44:10] INFO (LocalV3.local) Trial parameter: QG2Pb {"parameter_id": 98, "parameter_source": "algorithm", "parameters": {"model_type": "Transformer", "units": 16, "num_layers": 2, "dropout": 0.3, "activation": "elu", "lr": 0.00011373657271958523, "window_size": 23, "batch_size": 64, "epochs": 20, "kernel_size": 3, "attention_heads": 4}, "parameter_index": 0}
[2026-05-20 11:44:34] INFO (NNIManager) Trial job QG2Pb status changed from RUNNING to SUCCEEDED
[2026-05-20 11:44:34] INFO (NNIManager) NNIManager received command from dispatcher: TR, {"parameter_id": 99, "parameter_source": "algorithm", "parameters": {"model_type": "MLP", "units": 64, "num_layers": 2, "dropout": 0.5, "activation": "sigmoid", "lr": 0.00030014681608206347, "window_size": 28, "batch_size": 32, "epochs": 5, "kernel_size": 7, "attention_heads": 8}, "parameter_index": 0}
[2026-05-20 11:44:35] INFO (NNIManager) submitTrialJob: form: {
  sequenceId: 99,
  hyperParameters: {
    value: '{"parameter_id": 99, "parameter_source": "algorithm", "parameters": {"model_type": "MLP", "units": 64, "num_layers": 2, "dropout": 0.5, "activation": "sigmoid", "lr": 0.00030014681608206347, "window_size": 28, "batch_size": 32, "epochs": 5, "kernel_size": 7, "attention_heads": 8}, "parameter_index": 0}',
    index: 0
  },
  placementConstraint: { type: 'None', gpus: [] }
}
[2026-05-20 11:44:35] INFO (LocalV3.local) Created trial aCnVK
[2026-05-20 11:44:35] INFO (NNIManager) Change NNIManager status from: RUNNING to: NO_MORE_TRIAL
[2026-05-20 11:44:36] INFO (LocalV3.local) Trial parameter: aCnVK {"parameter_id": 99, "parameter_source": "algorithm", "parameters": {"model_type": "MLP", "units": 64, "num_layers": 2, "dropout": 0.5, "activation": "sigmoid", "lr": 0.00030014681608206347, "window_size": 28, "batch_size": 32, "epochs": 5, "kernel_size": 7, "attention_heads": 8}, "parameter_index": 0}
[2026-05-20 11:44:37] INFO (ShutdownManager) Initiate shutdown: SIGTERM
[2026-05-20 11:44:37] INFO (RestServer) Stopping REST server.
[2026-05-20 11:44:37] INFO (NNIManager) Change NNIManager status from: NO_MORE_TRIAL to: STOPPING
[2026-05-20 11:44:37] INFO (NNIManager) Stopping experiment, cleaning up ...
[2026-05-20 11:44:38] INFO (RestServer) REST server stopped.
[2026-05-20 11:44:42] INFO (LocalV3.local) All trials stopped
[2026-05-20 11:44:42] INFO (NNIManager) Change NNIManager status from: STOPPING to: STOPPED
[2026-05-20 11:44:42] INFO (NNIManager) Experiment stopped.
[2026-05-20 11:44:42] INFO (NNITensorboardManager) Forced stopping all tensorboard task.
[2026-05-20 11:44:42] INFO (NNITensorboardManager) All tensorboard task stopped.
[2026-05-20 11:44:42] INFO (NNITensorboardManager) Tensorboard manager stopped.
[2026-05-20 11:44:42] INFO (ShutdownManager) Shutdown complete.
