[2026-05-13 03:52:16] INFO (main) Start NNI manager
[2026-05-13 03:52:16] INFO (RestServer) Starting REST server at port 8794, URL prefix: "/"
[2026-05-13 03:52:16] INFO (RestServer) REST server started.
[2026-05-13 03:52:16] INFO (NNIDataStore) Datastore initialization done
[2026-05-13 03:52:17] INFO (NNIManager) Starting experiment: b8i2hzft
[2026-05-13 03:52:17] INFO (NNIManager) Setup training service...
[2026-05-13 03:52:17] INFO (NNIManager) Setup tuner...
[2026-05-13 03:52:17] INFO (NNIManager) Change NNIManager status from: INITIALIZED to: RUNNING
[2026-05-13 03:52:18] INFO (NNIManager) Add event listeners
[2026-05-13 03:52:18] INFO (LocalV3.local) Start
[2026-05-13 03:52:18] INFO (NNIManager) NNIManager received command from dispatcher: ID, 
[2026-05-13 03:52:18] INFO (NNIManager) NNIManager received command from dispatcher: TR, {"parameter_id": 0, "parameter_source": "algorithm", "parameters": {"model_type": "GRU", "units": 128, "num_layers": 1, "dropout": 0.3, "activation": "tanh", "lr": 4.5102806734795106e-05, "window_size": 7, "batch_size": 128, "epochs": 5, "kernel_size": 3, "attention_heads": 8}, "parameter_index": 0}
[2026-05-13 03:52:18] INFO (NNIManager) submitTrialJob: form: {
  sequenceId: 0,
  hyperParameters: {
    value: '{"parameter_id": 0, "parameter_source": "algorithm", "parameters": {"model_type": "GRU", "units": 128, "num_layers": 1, "dropout": 0.3, "activation": "tanh", "lr": 4.5102806734795106e-05, "window_size": 7, "batch_size": 128, "epochs": 5, "kernel_size": 3, "attention_heads": 8}, "parameter_index": 0}',
    index: 0
  },
  placementConstraint: { type: 'None', gpus: [] }
}
[2026-05-13 03:52:18] INFO (LocalV3.local) Register directory trial_code = /home/meliani/Desktop/phd/fast-track
[2026-05-13 03:52:18] INFO (LocalV3.local) Created trial XKrIj
[2026-05-13 03:52:20] INFO (LocalV3.local) Trial parameter: XKrIj {"parameter_id": 0, "parameter_source": "algorithm", "parameters": {"model_type": "GRU", "units": 128, "num_layers": 1, "dropout": 0.3, "activation": "tanh", "lr": 4.5102806734795106e-05, "window_size": 7, "batch_size": 128, "epochs": 5, "kernel_size": 3, "attention_heads": 8}, "parameter_index": 0}
[2026-05-13 03:52:25] INFO (NNIManager) Trial job XKrIj status changed from RUNNING to SUCCEEDED
[2026-05-13 03:52:25] INFO (NNIManager) NNIManager received command from dispatcher: TR, {"parameter_id": 1, "parameter_source": "algorithm", "parameters": {"model_type": "RNN", "units": 16, "num_layers": 1, "dropout": 0.3, "activation": "tanh", "lr": 0.0026910749243928027, "window_size": 7, "batch_size": 64, "epochs": 15, "kernel_size": 7, "attention_heads": 8}, "parameter_index": 0}
[2026-05-13 03:52:26] INFO (NNIManager) submitTrialJob: form: {
  sequenceId: 1,
  hyperParameters: {
    value: '{"parameter_id": 1, "parameter_source": "algorithm", "parameters": {"model_type": "RNN", "units": 16, "num_layers": 1, "dropout": 0.3, "activation": "tanh", "lr": 0.0026910749243928027, "window_size": 7, "batch_size": 64, "epochs": 15, "kernel_size": 7, "attention_heads": 8}, "parameter_index": 0}',
    index: 0
  },
  placementConstraint: { type: 'None', gpus: [] }
}
[2026-05-13 03:52:26] INFO (LocalV3.local) Created trial MTomB
[2026-05-13 03:52:27] INFO (LocalV3.local) Trial parameter: MTomB {"parameter_id": 1, "parameter_source": "algorithm", "parameters": {"model_type": "RNN", "units": 16, "num_layers": 1, "dropout": 0.3, "activation": "tanh", "lr": 0.0026910749243928027, "window_size": 7, "batch_size": 64, "epochs": 15, "kernel_size": 7, "attention_heads": 8}, "parameter_index": 0}
[2026-05-13 03:52:32] INFO (NNIManager) Trial job MTomB status changed from RUNNING to SUCCEEDED
[2026-05-13 03:52:32] INFO (NNIManager) NNIManager received command from dispatcher: TR, {"parameter_id": 2, "parameter_source": "algorithm", "parameters": {"model_type": "Transformer", "units": 64, "num_layers": 3, "dropout": 0.3, "activation": "relu", "lr": 4.295249078414002e-05, "window_size": 4, "batch_size": 32, "epochs": 5, "kernel_size": 5, "attention_heads": 8}, "parameter_index": 0}
[2026-05-13 03:52:33] INFO (NNIManager) submitTrialJob: form: {
  sequenceId: 2,
  hyperParameters: {
    value: '{"parameter_id": 2, "parameter_source": "algorithm", "parameters": {"model_type": "Transformer", "units": 64, "num_layers": 3, "dropout": 0.3, "activation": "relu", "lr": 4.295249078414002e-05, "window_size": 4, "batch_size": 32, "epochs": 5, "kernel_size": 5, "attention_heads": 8}, "parameter_index": 0}',
    index: 0
  },
  placementConstraint: { type: 'None', gpus: [] }
}
[2026-05-13 03:52:33] INFO (LocalV3.local) Created trial CIqcY
[2026-05-13 03:52:34] INFO (LocalV3.local) Trial parameter: CIqcY {"parameter_id": 2, "parameter_source": "algorithm", "parameters": {"model_type": "Transformer", "units": 64, "num_layers": 3, "dropout": 0.3, "activation": "relu", "lr": 4.295249078414002e-05, "window_size": 4, "batch_size": 32, "epochs": 5, "kernel_size": 5, "attention_heads": 8}, "parameter_index": 0}
[2026-05-13 03:52:46] INFO (NNIManager) Trial job CIqcY status changed from RUNNING to SUCCEEDED
[2026-05-13 03:52:46] INFO (NNIManager) NNIManager received command from dispatcher: TR, {"parameter_id": 3, "parameter_source": "algorithm", "parameters": {"model_type": "MLP", "units": 64, "num_layers": 4, "dropout": 0.3, "activation": "relu", "lr": 0.00132529169974751, "window_size": 6, "batch_size": 64, "epochs": 5, "kernel_size": 3, "attention_heads": 2}, "parameter_index": 0}
[2026-05-13 03:52:46] INFO (NNIManager) submitTrialJob: form: {
  sequenceId: 3,
  hyperParameters: {
    value: '{"parameter_id": 3, "parameter_source": "algorithm", "parameters": {"model_type": "MLP", "units": 64, "num_layers": 4, "dropout": 0.3, "activation": "relu", "lr": 0.00132529169974751, "window_size": 6, "batch_size": 64, "epochs": 5, "kernel_size": 3, "attention_heads": 2}, "parameter_index": 0}',
    index: 0
  },
  placementConstraint: { type: 'None', gpus: [] }
}
[2026-05-13 03:52:46] INFO (LocalV3.local) Created trial Y30L3
[2026-05-13 03:52:48] INFO (LocalV3.local) Trial parameter: Y30L3 {"parameter_id": 3, "parameter_source": "algorithm", "parameters": {"model_type": "MLP", "units": 64, "num_layers": 4, "dropout": 0.3, "activation": "relu", "lr": 0.00132529169974751, "window_size": 6, "batch_size": 64, "epochs": 5, "kernel_size": 3, "attention_heads": 2}, "parameter_index": 0}
[2026-05-13 03:52:50] INFO (NNIManager) Trial job Y30L3 status changed from RUNNING to SUCCEEDED
[2026-05-13 03:52:50] INFO (NNIManager) NNIManager received command from dispatcher: TR, {"parameter_id": 4, "parameter_source": "algorithm", "parameters": {"model_type": "CNN", "units": 256, "num_layers": 4, "dropout": 0.1, "activation": "relu", "lr": 0.0010103804679868775, "window_size": 10, "batch_size": 128, "epochs": 5, "kernel_size": 3, "attention_heads": 2}, "parameter_index": 0}
[2026-05-13 03:52:51] INFO (NNIManager) submitTrialJob: form: {
  sequenceId: 4,
  hyperParameters: {
    value: '{"parameter_id": 4, "parameter_source": "algorithm", "parameters": {"model_type": "CNN", "units": 256, "num_layers": 4, "dropout": 0.1, "activation": "relu", "lr": 0.0010103804679868775, "window_size": 10, "batch_size": 128, "epochs": 5, "kernel_size": 3, "attention_heads": 2}, "parameter_index": 0}',
    index: 0
  },
  placementConstraint: { type: 'None', gpus: [] }
}
[2026-05-13 03:52:51] INFO (LocalV3.local) Created trial bmrKX
[2026-05-13 03:52:53] INFO (LocalV3.local) Trial parameter: bmrKX {"parameter_id": 4, "parameter_source": "algorithm", "parameters": {"model_type": "CNN", "units": 256, "num_layers": 4, "dropout": 0.1, "activation": "relu", "lr": 0.0010103804679868775, "window_size": 10, "batch_size": 128, "epochs": 5, "kernel_size": 3, "attention_heads": 2}, "parameter_index": 0}
[2026-05-13 03:52:59] INFO (NNIManager) Trial job bmrKX status changed from RUNNING to SUCCEEDED
[2026-05-13 03:52:59] INFO (NNIManager) NNIManager received command from dispatcher: TR, {"parameter_id": 5, "parameter_source": "algorithm", "parameters": {"model_type": "CNN", "units": 16, "num_layers": 4, "dropout": 0.1, "activation": "tanh", "lr": 0.0001454694452118138, "window_size": 21, "batch_size": 128, "epochs": 5, "kernel_size": 3, "attention_heads": 4}, "parameter_index": 0}
[2026-05-13 03:52:59] INFO (NNIManager) submitTrialJob: form: {
  sequenceId: 5,
  hyperParameters: {
    value: '{"parameter_id": 5, "parameter_source": "algorithm", "parameters": {"model_type": "CNN", "units": 16, "num_layers": 4, "dropout": 0.1, "activation": "tanh", "lr": 0.0001454694452118138, "window_size": 21, "batch_size": 128, "epochs": 5, "kernel_size": 3, "attention_heads": 4}, "parameter_index": 0}',
    index: 0
  },
  placementConstraint: { type: 'None', gpus: [] }
}
[2026-05-13 03:52:59] INFO (LocalV3.local) Created trial KQehH
[2026-05-13 03:53:01] INFO (LocalV3.local) Trial parameter: KQehH {"parameter_id": 5, "parameter_source": "algorithm", "parameters": {"model_type": "CNN", "units": 16, "num_layers": 4, "dropout": 0.1, "activation": "tanh", "lr": 0.0001454694452118138, "window_size": 21, "batch_size": 128, "epochs": 5, "kernel_size": 3, "attention_heads": 4}, "parameter_index": 0}
[2026-05-13 03:53:04] INFO (NNIManager) Trial job KQehH status changed from RUNNING to SUCCEEDED
[2026-05-13 03:53:04] INFO (NNIManager) NNIManager received command from dispatcher: TR, {"parameter_id": 6, "parameter_source": "algorithm", "parameters": {"model_type": "LSTM", "units": 256, "num_layers": 2, "dropout": 0, "activation": "relu", "lr": 0.005656721704420486, "window_size": 5, "batch_size": 128, "epochs": 15, "kernel_size": 3, "attention_heads": 4}, "parameter_index": 0}
[2026-05-13 03:53:05] INFO (NNIManager) submitTrialJob: form: {
  sequenceId: 6,
  hyperParameters: {
    value: '{"parameter_id": 6, "parameter_source": "algorithm", "parameters": {"model_type": "LSTM", "units": 256, "num_layers": 2, "dropout": 0, "activation": "relu", "lr": 0.005656721704420486, "window_size": 5, "batch_size": 128, "epochs": 15, "kernel_size": 3, "attention_heads": 4}, "parameter_index": 0}',
    index: 0
  },
  placementConstraint: { type: 'None', gpus: [] }
}
[2026-05-13 03:53:05] INFO (LocalV3.local) Created trial nEYHw
[2026-05-13 03:53:06] INFO (LocalV3.local) Trial parameter: nEYHw {"parameter_id": 6, "parameter_source": "algorithm", "parameters": {"model_type": "LSTM", "units": 256, "num_layers": 2, "dropout": 0, "activation": "relu", "lr": 0.005656721704420486, "window_size": 5, "batch_size": 128, "epochs": 15, "kernel_size": 3, "attention_heads": 4}, "parameter_index": 0}
[2026-05-13 03:53:24] INFO (NNIManager) Trial job nEYHw status changed from RUNNING to SUCCEEDED
[2026-05-13 03:53:24] INFO (NNIManager) NNIManager received command from dispatcher: TR, {"parameter_id": 7, "parameter_source": "algorithm", "parameters": {"model_type": "Transformer", "units": 256, "num_layers": 4, "dropout": 0.1, "activation": "relu", "lr": 0.0030913638211115847, "window_size": 21, "batch_size": 64, "epochs": 5, "kernel_size": 5, "attention_heads": 2}, "parameter_index": 0}
[2026-05-13 03:53:25] INFO (NNIManager) submitTrialJob: form: {
  sequenceId: 7,
  hyperParameters: {
    value: '{"parameter_id": 7, "parameter_source": "algorithm", "parameters": {"model_type": "Transformer", "units": 256, "num_layers": 4, "dropout": 0.1, "activation": "relu", "lr": 0.0030913638211115847, "window_size": 21, "batch_size": 64, "epochs": 5, "kernel_size": 5, "attention_heads": 2}, "parameter_index": 0}',
    index: 0
  },
  placementConstraint: { type: 'None', gpus: [] }
}
[2026-05-13 03:53:25] INFO (LocalV3.local) Created trial DavEB
[2026-05-13 03:53:27] INFO (LocalV3.local) Trial parameter: DavEB {"parameter_id": 7, "parameter_source": "algorithm", "parameters": {"model_type": "Transformer", "units": 256, "num_layers": 4, "dropout": 0.1, "activation": "relu", "lr": 0.0030913638211115847, "window_size": 21, "batch_size": 64, "epochs": 5, "kernel_size": 5, "attention_heads": 2}, "parameter_index": 0}
[2026-05-13 03:54:25] INFO (NNIManager) Trial job DavEB status changed from RUNNING to SUCCEEDED
[2026-05-13 03:54:25] INFO (NNIManager) NNIManager received command from dispatcher: TR, {"parameter_id": 8, "parameter_source": "algorithm", "parameters": {"model_type": "RNN", "units": 256, "num_layers": 3, "dropout": 0.1, "activation": "relu", "lr": 0.0034992812466684065, "window_size": 8, "batch_size": 128, "epochs": 5, "kernel_size": 3, "attention_heads": 8}, "parameter_index": 0}
[2026-05-13 03:54:25] INFO (NNIManager) submitTrialJob: form: {
  sequenceId: 8,
  hyperParameters: {
    value: '{"parameter_id": 8, "parameter_source": "algorithm", "parameters": {"model_type": "RNN", "units": 256, "num_layers": 3, "dropout": 0.1, "activation": "relu", "lr": 0.0034992812466684065, "window_size": 8, "batch_size": 128, "epochs": 5, "kernel_size": 3, "attention_heads": 8}, "parameter_index": 0}',
    index: 0
  },
  placementConstraint: { type: 'None', gpus: [] }
}
[2026-05-13 03:54:25] INFO (LocalV3.local) Created trial zC2ut
[2026-05-13 03:54:28] INFO (LocalV3.local) Trial parameter: zC2ut {"parameter_id": 8, "parameter_source": "algorithm", "parameters": {"model_type": "RNN", "units": 256, "num_layers": 3, "dropout": 0.1, "activation": "relu", "lr": 0.0034992812466684065, "window_size": 8, "batch_size": 128, "epochs": 5, "kernel_size": 3, "attention_heads": 8}, "parameter_index": 0}
[2026-05-13 03:54:40] INFO (NNIManager) Trial job zC2ut status changed from RUNNING to SUCCEEDED
[2026-05-13 03:54:40] INFO (NNIManager) NNIManager received command from dispatcher: TR, {"parameter_id": 9, "parameter_source": "algorithm", "parameters": {"model_type": "CNN", "units": 128, "num_layers": 3, "dropout": 0.1, "activation": "tanh", "lr": 0.00010428014321236593, "window_size": 5, "batch_size": 128, "epochs": 5, "kernel_size": 3, "attention_heads": 4}, "parameter_index": 0}
[2026-05-13 03:54:40] INFO (NNIManager) submitTrialJob: form: {
  sequenceId: 9,
  hyperParameters: {
    value: '{"parameter_id": 9, "parameter_source": "algorithm", "parameters": {"model_type": "CNN", "units": 128, "num_layers": 3, "dropout": 0.1, "activation": "tanh", "lr": 0.00010428014321236593, "window_size": 5, "batch_size": 128, "epochs": 5, "kernel_size": 3, "attention_heads": 4}, "parameter_index": 0}',
    index: 0
  },
  placementConstraint: { type: 'None', gpus: [] }
}
[2026-05-13 03:54:40] INFO (LocalV3.local) Created trial XHaz5
[2026-05-13 03:54:43] INFO (LocalV3.local) Trial parameter: XHaz5 {"parameter_id": 9, "parameter_source": "algorithm", "parameters": {"model_type": "CNN", "units": 128, "num_layers": 3, "dropout": 0.1, "activation": "tanh", "lr": 0.00010428014321236593, "window_size": 5, "batch_size": 128, "epochs": 5, "kernel_size": 3, "attention_heads": 4}, "parameter_index": 0}
[2026-05-13 03:54:45] INFO (NNIManager) Trial job XHaz5 status changed from RUNNING to SUCCEEDED
[2026-05-13 03:54:45] INFO (NNIManager) NNIManager received command from dispatcher: TR, {"parameter_id": 10, "parameter_source": "algorithm", "parameters": {"model_type": "LSTM", "units": 16, "num_layers": 2, "dropout": 0.2, "activation": "sigmoid", "lr": 0.00028633595323603164, "window_size": 16, "batch_size": 128, "epochs": 5, "kernel_size": 3, "attention_heads": 2}, "parameter_index": 0}
[2026-05-13 03:54:46] INFO (NNIManager) submitTrialJob: form: {
  sequenceId: 10,
  hyperParameters: {
    value: '{"parameter_id": 10, "parameter_source": "algorithm", "parameters": {"model_type": "LSTM", "units": 16, "num_layers": 2, "dropout": 0.2, "activation": "sigmoid", "lr": 0.00028633595323603164, "window_size": 16, "batch_size": 128, "epochs": 5, "kernel_size": 3, "attention_heads": 2}, "parameter_index": 0}',
    index: 0
  },
  placementConstraint: { type: 'None', gpus: [] }
}
[2026-05-13 03:54:46] INFO (LocalV3.local) Created trial eOnY4
[2026-05-13 03:54:48] INFO (LocalV3.local) Trial parameter: eOnY4 {"parameter_id": 10, "parameter_source": "algorithm", "parameters": {"model_type": "LSTM", "units": 16, "num_layers": 2, "dropout": 0.2, "activation": "sigmoid", "lr": 0.00028633595323603164, "window_size": 16, "batch_size": 128, "epochs": 5, "kernel_size": 3, "attention_heads": 2}, "parameter_index": 0}
[2026-05-13 03:54:53] INFO (NNIManager) Trial job eOnY4 status changed from RUNNING to SUCCEEDED
[2026-05-13 03:54:53] INFO (NNIManager) NNIManager received command from dispatcher: TR, {"parameter_id": 11, "parameter_source": "algorithm", "parameters": {"model_type": "CNN", "units": 256, "num_layers": 4, "dropout": 0.1, "activation": "sigmoid", "lr": 0.000289100998791457, "window_size": 10, "batch_size": 128, "epochs": 10, "kernel_size": 2, "attention_heads": 4}, "parameter_index": 0}
[2026-05-13 03:54:54] INFO (NNIManager) submitTrialJob: form: {
  sequenceId: 11,
  hyperParameters: {
    value: '{"parameter_id": 11, "parameter_source": "algorithm", "parameters": {"model_type": "CNN", "units": 256, "num_layers": 4, "dropout": 0.1, "activation": "sigmoid", "lr": 0.000289100998791457, "window_size": 10, "batch_size": 128, "epochs": 10, "kernel_size": 2, "attention_heads": 4}, "parameter_index": 0}',
    index: 0
  },
  placementConstraint: { type: 'None', gpus: [] }
}
[2026-05-13 03:54:54] INFO (LocalV3.local) Created trial QvHe3
[2026-05-13 03:54:56] INFO (LocalV3.local) Trial parameter: QvHe3 {"parameter_id": 11, "parameter_source": "algorithm", "parameters": {"model_type": "CNN", "units": 256, "num_layers": 4, "dropout": 0.1, "activation": "sigmoid", "lr": 0.000289100998791457, "window_size": 10, "batch_size": 128, "epochs": 10, "kernel_size": 2, "attention_heads": 4}, "parameter_index": 0}
[2026-05-13 03:55:04] INFO (NNIManager) Trial job QvHe3 status changed from RUNNING to SUCCEEDED
[2026-05-13 03:55:04] INFO (NNIManager) NNIManager received command from dispatcher: TR, {"parameter_id": 12, "parameter_source": "algorithm", "parameters": {"model_type": "CNN", "units": 16, "num_layers": 3, "dropout": 0.5, "activation": "relu", "lr": 5.437643922647573e-05, "window_size": 7, "batch_size": 16, "epochs": 15, "kernel_size": 3, "attention_heads": 4}, "parameter_index": 0}
[2026-05-13 03:55:05] INFO (NNIManager) submitTrialJob: form: {
  sequenceId: 12,
  hyperParameters: {
    value: '{"parameter_id": 12, "parameter_source": "algorithm", "parameters": {"model_type": "CNN", "units": 16, "num_layers": 3, "dropout": 0.5, "activation": "relu", "lr": 5.437643922647573e-05, "window_size": 7, "batch_size": 16, "epochs": 15, "kernel_size": 3, "attention_heads": 4}, "parameter_index": 0}',
    index: 0
  },
  placementConstraint: { type: 'None', gpus: [] }
}
[2026-05-13 03:55:05] INFO (LocalV3.local) Created trial vGkZn
[2026-05-13 03:55:07] INFO (LocalV3.local) Trial parameter: vGkZn {"parameter_id": 12, "parameter_source": "algorithm", "parameters": {"model_type": "CNN", "units": 16, "num_layers": 3, "dropout": 0.5, "activation": "relu", "lr": 5.437643922647573e-05, "window_size": 7, "batch_size": 16, "epochs": 15, "kernel_size": 3, "attention_heads": 4}, "parameter_index": 0}
[2026-05-13 03:55:16] INFO (NNIManager) Trial job vGkZn status changed from RUNNING to SUCCEEDED
[2026-05-13 03:55:17] INFO (NNIManager) NNIManager received command from dispatcher: TR, {"parameter_id": 13, "parameter_source": "algorithm", "parameters": {"model_type": "RNN", "units": 256, "num_layers": 1, "dropout": 0, "activation": "relu", "lr": 0.0009419496009447524, "window_size": 22, "batch_size": 128, "epochs": 5, "kernel_size": 3, "attention_heads": 2}, "parameter_index": 0}
[2026-05-13 03:55:17] INFO (NNIManager) submitTrialJob: form: {
  sequenceId: 13,
  hyperParameters: {
    value: '{"parameter_id": 13, "parameter_source": "algorithm", "parameters": {"model_type": "RNN", "units": 256, "num_layers": 1, "dropout": 0, "activation": "relu", "lr": 0.0009419496009447524, "window_size": 22, "batch_size": 128, "epochs": 5, "kernel_size": 3, "attention_heads": 2}, "parameter_index": 0}',
    index: 0
  },
  placementConstraint: { type: 'None', gpus: [] }
}
[2026-05-13 03:55:17] INFO (LocalV3.local) Created trial QesBm
[2026-05-13 03:55:19] INFO (LocalV3.local) Trial parameter: QesBm {"parameter_id": 13, "parameter_source": "algorithm", "parameters": {"model_type": "RNN", "units": 256, "num_layers": 1, "dropout": 0, "activation": "relu", "lr": 0.0009419496009447524, "window_size": 22, "batch_size": 128, "epochs": 5, "kernel_size": 3, "attention_heads": 2}, "parameter_index": 0}
[2026-05-13 03:55:25] INFO (NNIManager) Trial job QesBm status changed from RUNNING to SUCCEEDED
[2026-05-13 03:55:25] INFO (NNIManager) NNIManager received command from dispatcher: TR, {"parameter_id": 14, "parameter_source": "algorithm", "parameters": {"model_type": "Transformer", "units": 32, "num_layers": 2, "dropout": 0.1, "activation": "tanh", "lr": 0.0002552331032308511, "window_size": 19, "batch_size": 32, "epochs": 5, "kernel_size": 3, "attention_heads": 8}, "parameter_index": 0}
[2026-05-13 03:55:26] INFO (NNIManager) submitTrialJob: form: {
  sequenceId: 14,
  hyperParameters: {
    value: '{"parameter_id": 14, "parameter_source": "algorithm", "parameters": {"model_type": "Transformer", "units": 32, "num_layers": 2, "dropout": 0.1, "activation": "tanh", "lr": 0.0002552331032308511, "window_size": 19, "batch_size": 32, "epochs": 5, "kernel_size": 3, "attention_heads": 8}, "parameter_index": 0}',
    index: 0
  },
  placementConstraint: { type: 'None', gpus: [] }
}
[2026-05-13 03:55:26] INFO (LocalV3.local) Created trial c6y7S
[2026-05-13 03:55:27] INFO (LocalV3.local) Trial parameter: c6y7S {"parameter_id": 14, "parameter_source": "algorithm", "parameters": {"model_type": "Transformer", "units": 32, "num_layers": 2, "dropout": 0.1, "activation": "tanh", "lr": 0.0002552331032308511, "window_size": 19, "batch_size": 32, "epochs": 5, "kernel_size": 3, "attention_heads": 8}, "parameter_index": 0}
[2026-05-13 03:55:37] INFO (NNIManager) Trial job c6y7S status changed from RUNNING to SUCCEEDED
[2026-05-13 03:55:37] INFO (NNIManager) NNIManager received command from dispatcher: TR, {"parameter_id": 15, "parameter_source": "algorithm", "parameters": {"model_type": "CNN", "units": 16, "num_layers": 3, "dropout": 0.1, "activation": "tanh", "lr": 4.8125246575153684e-05, "window_size": 25, "batch_size": 128, "epochs": 5, "kernel_size": 3, "attention_heads": 8}, "parameter_index": 0}
[2026-05-13 03:55:37] INFO (NNIManager) submitTrialJob: form: {
  sequenceId: 15,
  hyperParameters: {
    value: '{"parameter_id": 15, "parameter_source": "algorithm", "parameters": {"model_type": "CNN", "units": 16, "num_layers": 3, "dropout": 0.1, "activation": "tanh", "lr": 4.8125246575153684e-05, "window_size": 25, "batch_size": 128, "epochs": 5, "kernel_size": 3, "attention_heads": 8}, "parameter_index": 0}',
    index: 0
  },
  placementConstraint: { type: 'None', gpus: [] }
}
[2026-05-13 03:55:37] INFO (LocalV3.local) Created trial UE1Ke
[2026-05-13 03:55:39] INFO (LocalV3.local) Trial parameter: UE1Ke {"parameter_id": 15, "parameter_source": "algorithm", "parameters": {"model_type": "CNN", "units": 16, "num_layers": 3, "dropout": 0.1, "activation": "tanh", "lr": 4.8125246575153684e-05, "window_size": 25, "batch_size": 128, "epochs": 5, "kernel_size": 3, "attention_heads": 8}, "parameter_index": 0}
[2026-05-13 03:55:42] INFO (NNIManager) Trial job UE1Ke status changed from RUNNING to SUCCEEDED
[2026-05-13 03:55:42] INFO (NNIManager) NNIManager received command from dispatcher: TR, {"parameter_id": 16, "parameter_source": "algorithm", "parameters": {"model_type": "CNN", "units": 256, "num_layers": 4, "dropout": 0.3, "activation": "relu", "lr": 0.000546848319018142, "window_size": 22, "batch_size": 64, "epochs": 10, "kernel_size": 7, "attention_heads": 8}, "parameter_index": 0}
[2026-05-13 03:55:42] INFO (NNIManager) submitTrialJob: form: {
  sequenceId: 16,
  hyperParameters: {
    value: '{"parameter_id": 16, "parameter_source": "algorithm", "parameters": {"model_type": "CNN", "units": 256, "num_layers": 4, "dropout": 0.3, "activation": "relu", "lr": 0.000546848319018142, "window_size": 22, "batch_size": 64, "epochs": 10, "kernel_size": 7, "attention_heads": 8}, "parameter_index": 0}',
    index: 0
  },
  placementConstraint: { type: 'None', gpus: [] }
}
[2026-05-13 03:55:42] INFO (LocalV3.local) Created trial XhrNH
[2026-05-13 03:55:44] INFO (LocalV3.local) Trial parameter: XhrNH {"parameter_id": 16, "parameter_source": "algorithm", "parameters": {"model_type": "CNN", "units": 256, "num_layers": 4, "dropout": 0.3, "activation": "relu", "lr": 0.000546848319018142, "window_size": 22, "batch_size": 64, "epochs": 10, "kernel_size": 7, "attention_heads": 8}, "parameter_index": 0}
[2026-05-13 03:56:17] INFO (NNIManager) Trial job XhrNH status changed from RUNNING to SUCCEEDED
[2026-05-13 03:56:17] INFO (NNIManager) NNIManager received command from dispatcher: TR, {"parameter_id": 17, "parameter_source": "algorithm", "parameters": {"model_type": "CNN", "units": 16, "num_layers": 3, "dropout": 0.1, "activation": "tanh", "lr": 0.00010262066921203059, "window_size": 15, "batch_size": 128, "epochs": 20, "kernel_size": 3, "attention_heads": 8}, "parameter_index": 0}
[2026-05-13 03:56:18] INFO (NNIManager) submitTrialJob: form: {
  sequenceId: 17,
  hyperParameters: {
    value: '{"parameter_id": 17, "parameter_source": "algorithm", "parameters": {"model_type": "CNN", "units": 16, "num_layers": 3, "dropout": 0.1, "activation": "tanh", "lr": 0.00010262066921203059, "window_size": 15, "batch_size": 128, "epochs": 20, "kernel_size": 3, "attention_heads": 8}, "parameter_index": 0}',
    index: 0
  },
  placementConstraint: { type: 'None', gpus: [] }
}
[2026-05-13 03:56:18] INFO (LocalV3.local) Created trial EsONE
[2026-05-13 03:56:20] INFO (LocalV3.local) Trial parameter: EsONE {"parameter_id": 17, "parameter_source": "algorithm", "parameters": {"model_type": "CNN", "units": 16, "num_layers": 3, "dropout": 0.1, "activation": "tanh", "lr": 0.00010262066921203059, "window_size": 15, "batch_size": 128, "epochs": 20, "kernel_size": 3, "attention_heads": 8}, "parameter_index": 0}
[2026-05-13 03:56:25] INFO (NNIManager) Trial job EsONE status changed from RUNNING to SUCCEEDED
[2026-05-13 03:56:25] INFO (NNIManager) NNIManager received command from dispatcher: TR, {"parameter_id": 18, "parameter_source": "algorithm", "parameters": {"model_type": "CNN", "units": 16, "num_layers": 3, "dropout": 0.1, "activation": "tanh", "lr": 2.4969790628039286e-05, "window_size": 18, "batch_size": 16, "epochs": 5, "kernel_size": 7, "attention_heads": 2}, "parameter_index": 0}
[2026-05-13 03:56:25] INFO (NNIManager) submitTrialJob: form: {
  sequenceId: 18,
  hyperParameters: {
    value: '{"parameter_id": 18, "parameter_source": "algorithm", "parameters": {"model_type": "CNN", "units": 16, "num_layers": 3, "dropout": 0.1, "activation": "tanh", "lr": 2.4969790628039286e-05, "window_size": 18, "batch_size": 16, "epochs": 5, "kernel_size": 7, "attention_heads": 2}, "parameter_index": 0}',
    index: 0
  },
  placementConstraint: { type: 'None', gpus: [] }
}
[2026-05-13 03:56:25] INFO (LocalV3.local) Created trial pcmuw
[2026-05-13 03:56:27] INFO (LocalV3.local) Trial parameter: pcmuw {"parameter_id": 18, "parameter_source": "algorithm", "parameters": {"model_type": "CNN", "units": 16, "num_layers": 3, "dropout": 0.1, "activation": "tanh", "lr": 2.4969790628039286e-05, "window_size": 18, "batch_size": 16, "epochs": 5, "kernel_size": 7, "attention_heads": 2}, "parameter_index": 0}
[2026-05-13 03:56:32] INFO (NNIManager) Trial job pcmuw status changed from RUNNING to SUCCEEDED
[2026-05-13 03:56:32] INFO (NNIManager) NNIManager received command from dispatcher: TR, {"parameter_id": 19, "parameter_source": "algorithm", "parameters": {"model_type": "CNN", "units": 32, "num_layers": 3, "dropout": 0.1, "activation": "elu", "lr": 7.496139771382631e-05, "window_size": 18, "batch_size": 16, "epochs": 5, "kernel_size": 5, "attention_heads": 2}, "parameter_index": 0}
[2026-05-13 03:56:32] INFO (NNIManager) submitTrialJob: form: {
  sequenceId: 19,
  hyperParameters: {
    value: '{"parameter_id": 19, "parameter_source": "algorithm", "parameters": {"model_type": "CNN", "units": 32, "num_layers": 3, "dropout": 0.1, "activation": "elu", "lr": 7.496139771382631e-05, "window_size": 18, "batch_size": 16, "epochs": 5, "kernel_size": 5, "attention_heads": 2}, "parameter_index": 0}',
    index: 0
  },
  placementConstraint: { type: 'None', gpus: [] }
}
[2026-05-13 03:56:32] INFO (LocalV3.local) Created trial mPL6c
[2026-05-13 03:56:34] INFO (LocalV3.local) Trial parameter: mPL6c {"parameter_id": 19, "parameter_source": "algorithm", "parameters": {"model_type": "CNN", "units": 32, "num_layers": 3, "dropout": 0.1, "activation": "elu", "lr": 7.496139771382631e-05, "window_size": 18, "batch_size": 16, "epochs": 5, "kernel_size": 5, "attention_heads": 2}, "parameter_index": 0}
[2026-05-13 03:56:39] INFO (NNIManager) Trial job mPL6c status changed from RUNNING to SUCCEEDED
[2026-05-13 03:56:39] INFO (NNIManager) NNIManager received command from dispatcher: TR, {"parameter_id": 20, "parameter_source": "algorithm", "parameters": {"model_type": "CNN", "units": 16, "num_layers": 3, "dropout": 0.1, "activation": "tanh", "lr": 8.38925821363233e-05, "window_size": 29, "batch_size": 128, "epochs": 10, "kernel_size": 7, "attention_heads": 2}, "parameter_index": 0}
[2026-05-13 03:56:39] INFO (NNIManager) submitTrialJob: form: {
  sequenceId: 20,
  hyperParameters: {
    value: '{"parameter_id": 20, "parameter_source": "algorithm", "parameters": {"model_type": "CNN", "units": 16, "num_layers": 3, "dropout": 0.1, "activation": "tanh", "lr": 8.38925821363233e-05, "window_size": 29, "batch_size": 128, "epochs": 10, "kernel_size": 7, "attention_heads": 2}, "parameter_index": 0}',
    index: 0
  },
  placementConstraint: { type: 'None', gpus: [] }
}
[2026-05-13 03:56:39] INFO (LocalV3.local) Created trial R4bqt
[2026-05-13 03:56:41] INFO (LocalV3.local) Trial parameter: R4bqt {"parameter_id": 20, "parameter_source": "algorithm", "parameters": {"model_type": "CNN", "units": 16, "num_layers": 3, "dropout": 0.1, "activation": "tanh", "lr": 8.38925821363233e-05, "window_size": 29, "batch_size": 128, "epochs": 10, "kernel_size": 7, "attention_heads": 2}, "parameter_index": 0}
[2026-05-13 03:56:45] INFO (NNIManager) Trial job R4bqt status changed from RUNNING to SUCCEEDED
[2026-05-13 03:56:45] INFO (NNIManager) NNIManager received command from dispatcher: TR, {"parameter_id": 21, "parameter_source": "algorithm", "parameters": {"model_type": "CNN", "units": 16, "num_layers": 3, "dropout": 0.1, "activation": "sigmoid", "lr": 3.84632765390229e-05, "window_size": 18, "batch_size": 16, "epochs": 10, "kernel_size": 2, "attention_heads": 2}, "parameter_index": 0}
[2026-05-13 03:56:45] INFO (NNIManager) submitTrialJob: form: {
  sequenceId: 21,
  hyperParameters: {
    value: '{"parameter_id": 21, "parameter_source": "algorithm", "parameters": {"model_type": "CNN", "units": 16, "num_layers": 3, "dropout": 0.1, "activation": "sigmoid", "lr": 3.84632765390229e-05, "window_size": 18, "batch_size": 16, "epochs": 10, "kernel_size": 2, "attention_heads": 2}, "parameter_index": 0}',
    index: 0
  },
  placementConstraint: { type: 'None', gpus: [] }
}
[2026-05-13 03:56:45] INFO (LocalV3.local) Created trial Tt2BA
[2026-05-13 03:56:47] INFO (LocalV3.local) Trial parameter: Tt2BA {"parameter_id": 21, "parameter_source": "algorithm", "parameters": {"model_type": "CNN", "units": 16, "num_layers": 3, "dropout": 0.1, "activation": "sigmoid", "lr": 3.84632765390229e-05, "window_size": 18, "batch_size": 16, "epochs": 10, "kernel_size": 2, "attention_heads": 2}, "parameter_index": 0}
[2026-05-13 03:56:54] INFO (NNIManager) Trial job Tt2BA status changed from RUNNING to SUCCEEDED
[2026-05-13 03:56:54] INFO (NNIManager) NNIManager received command from dispatcher: TR, {"parameter_id": 22, "parameter_source": "algorithm", "parameters": {"model_type": "CNN", "units": 16, "num_layers": 4, "dropout": 0.1, "activation": "tanh", "lr": 1.196460385291272e-05, "window_size": 18, "batch_size": 16, "epochs": 5, "kernel_size": 7, "attention_heads": 2}, "parameter_index": 0}
[2026-05-13 03:56:55] INFO (NNIManager) submitTrialJob: form: {
  sequenceId: 22,
  hyperParameters: {
    value: '{"parameter_id": 22, "parameter_source": "algorithm", "parameters": {"model_type": "CNN", "units": 16, "num_layers": 4, "dropout": 0.1, "activation": "tanh", "lr": 1.196460385291272e-05, "window_size": 18, "batch_size": 16, "epochs": 5, "kernel_size": 7, "attention_heads": 2}, "parameter_index": 0}',
    index: 0
  },
  placementConstraint: { type: 'None', gpus: [] }
}
[2026-05-13 03:56:55] INFO (LocalV3.local) Created trial H9mxT
[2026-05-13 03:56:57] INFO (LocalV3.local) Trial parameter: H9mxT {"parameter_id": 22, "parameter_source": "algorithm", "parameters": {"model_type": "CNN", "units": 16, "num_layers": 4, "dropout": 0.1, "activation": "tanh", "lr": 1.196460385291272e-05, "window_size": 18, "batch_size": 16, "epochs": 5, "kernel_size": 7, "attention_heads": 2}, "parameter_index": 0}
[2026-05-13 03:57:03] INFO (NNIManager) Trial job H9mxT status changed from RUNNING to SUCCEEDED
[2026-05-13 03:57:03] INFO (NNIManager) NNIManager received command from dispatcher: TR, {"parameter_id": 23, "parameter_source": "algorithm", "parameters": {"model_type": "CNN", "units": 32, "num_layers": 1, "dropout": 0, "activation": "tanh", "lr": 5.3512838949403416e-05, "window_size": 17, "batch_size": 128, "epochs": 5, "kernel_size": 2, "attention_heads": 8}, "parameter_index": 0}
[2026-05-13 03:57:04] INFO (NNIManager) submitTrialJob: form: {
  sequenceId: 23,
  hyperParameters: {
    value: '{"parameter_id": 23, "parameter_source": "algorithm", "parameters": {"model_type": "CNN", "units": 32, "num_layers": 1, "dropout": 0, "activation": "tanh", "lr": 5.3512838949403416e-05, "window_size": 17, "batch_size": 128, "epochs": 5, "kernel_size": 2, "attention_heads": 8}, "parameter_index": 0}',
    index: 0
  },
  placementConstraint: { type: 'None', gpus: [] }
}
[2026-05-13 03:57:04] INFO (LocalV3.local) Created trial CuZIy
[2026-05-13 03:57:06] INFO (LocalV3.local) Trial parameter: CuZIy {"parameter_id": 23, "parameter_source": "algorithm", "parameters": {"model_type": "CNN", "units": 32, "num_layers": 1, "dropout": 0, "activation": "tanh", "lr": 5.3512838949403416e-05, "window_size": 17, "batch_size": 128, "epochs": 5, "kernel_size": 2, "attention_heads": 8}, "parameter_index": 0}
[2026-05-13 03:57:08] INFO (NNIManager) Trial job CuZIy status changed from RUNNING to SUCCEEDED
[2026-05-13 03:57:08] INFO (NNIManager) NNIManager received command from dispatcher: TR, {"parameter_id": 24, "parameter_source": "algorithm", "parameters": {"model_type": "CNN", "units": 128, "num_layers": 3, "dropout": 0.1, "activation": "tanh", "lr": 9.775474759809969e-05, "window_size": 8, "batch_size": 128, "epochs": 5, "kernel_size": 3, "attention_heads": 4}, "parameter_index": 0}
[2026-05-13 03:57:08] INFO (NNIManager) submitTrialJob: form: {
  sequenceId: 24,
  hyperParameters: {
    value: '{"parameter_id": 24, "parameter_source": "algorithm", "parameters": {"model_type": "CNN", "units": 128, "num_layers": 3, "dropout": 0.1, "activation": "tanh", "lr": 9.775474759809969e-05, "window_size": 8, "batch_size": 128, "epochs": 5, "kernel_size": 3, "attention_heads": 4}, "parameter_index": 0}',
    index: 0
  },
  placementConstraint: { type: 'None', gpus: [] }
}
[2026-05-13 03:57:08] INFO (LocalV3.local) Created trial vsLgj
[2026-05-13 03:57:10] INFO (LocalV3.local) Trial parameter: vsLgj {"parameter_id": 24, "parameter_source": "algorithm", "parameters": {"model_type": "CNN", "units": 128, "num_layers": 3, "dropout": 0.1, "activation": "tanh", "lr": 9.775474759809969e-05, "window_size": 8, "batch_size": 128, "epochs": 5, "kernel_size": 3, "attention_heads": 4}, "parameter_index": 0}
[2026-05-13 03:57:13] INFO (NNIManager) Trial job vsLgj status changed from RUNNING to SUCCEEDED
[2026-05-13 03:57:13] INFO (NNIManager) NNIManager received command from dispatcher: TR, {"parameter_id": 25, "parameter_source": "algorithm", "parameters": {"model_type": "CNN", "units": 32, "num_layers": 1, "dropout": 0, "activation": "tanh", "lr": 9.189427808696446e-05, "window_size": 17, "batch_size": 64, "epochs": 10, "kernel_size": 2, "attention_heads": 8}, "parameter_index": 0}
[2026-05-13 03:57:14] INFO (NNIManager) submitTrialJob: form: {
  sequenceId: 25,
  hyperParameters: {
    value: '{"parameter_id": 25, "parameter_source": "algorithm", "parameters": {"model_type": "CNN", "units": 32, "num_layers": 1, "dropout": 0, "activation": "tanh", "lr": 9.189427808696446e-05, "window_size": 17, "batch_size": 64, "epochs": 10, "kernel_size": 2, "attention_heads": 8}, "parameter_index": 0}',
    index: 0
  },
  placementConstraint: { type: 'None', gpus: [] }
}
[2026-05-13 03:57:14] INFO (LocalV3.local) Created trial rV1yw
[2026-05-13 03:57:16] INFO (LocalV3.local) Trial parameter: rV1yw {"parameter_id": 25, "parameter_source": "algorithm", "parameters": {"model_type": "CNN", "units": 32, "num_layers": 1, "dropout": 0, "activation": "tanh", "lr": 9.189427808696446e-05, "window_size": 17, "batch_size": 64, "epochs": 10, "kernel_size": 2, "attention_heads": 8}, "parameter_index": 0}
[2026-05-13 03:57:18] INFO (NNIManager) Trial job rV1yw status changed from RUNNING to SUCCEEDED
[2026-05-13 03:57:18] INFO (NNIManager) NNIManager received command from dispatcher: TR, {"parameter_id": 26, "parameter_source": "algorithm", "parameters": {"model_type": "LSTM", "units": 16, "num_layers": 3, "dropout": 0.1, "activation": "sigmoid", "lr": 8.852827673634185e-05, "window_size": 25, "batch_size": 128, "epochs": 5, "kernel_size": 3, "attention_heads": 8}, "parameter_index": 0}
[2026-05-13 03:57:19] INFO (NNIManager) submitTrialJob: form: {
  sequenceId: 26,
  hyperParameters: {
    value: '{"parameter_id": 26, "parameter_source": "algorithm", "parameters": {"model_type": "LSTM", "units": 16, "num_layers": 3, "dropout": 0.1, "activation": "sigmoid", "lr": 8.852827673634185e-05, "window_size": 25, "batch_size": 128, "epochs": 5, "kernel_size": 3, "attention_heads": 8}, "parameter_index": 0}',
    index: 0
  },
  placementConstraint: { type: 'None', gpus: [] }
}
[2026-05-13 03:57:19] INFO (LocalV3.local) Created trial wkInV
[2026-05-13 03:57:21] INFO (LocalV3.local) Trial parameter: wkInV {"parameter_id": 26, "parameter_source": "algorithm", "parameters": {"model_type": "LSTM", "units": 16, "num_layers": 3, "dropout": 0.1, "activation": "sigmoid", "lr": 8.852827673634185e-05, "window_size": 25, "batch_size": 128, "epochs": 5, "kernel_size": 3, "attention_heads": 8}, "parameter_index": 0}
[2026-05-13 03:57:29] INFO (NNIManager) Trial job wkInV status changed from RUNNING to SUCCEEDED
[2026-05-13 03:57:29] INFO (NNIManager) NNIManager received command from dispatcher: TR, {"parameter_id": 27, "parameter_source": "algorithm", "parameters": {"model_type": "CNN", "units": 32, "num_layers": 1, "dropout": 0.3, "activation": "tanh", "lr": 6.107493987374742e-05, "window_size": 17, "batch_size": 128, "epochs": 5, "kernel_size": 2, "attention_heads": 8}, "parameter_index": 0}
[2026-05-13 03:57:29] INFO (NNIManager) submitTrialJob: form: {
  sequenceId: 27,
  hyperParameters: {
    value: '{"parameter_id": 27, "parameter_source": "algorithm", "parameters": {"model_type": "CNN", "units": 32, "num_layers": 1, "dropout": 0.3, "activation": "tanh", "lr": 6.107493987374742e-05, "window_size": 17, "batch_size": 128, "epochs": 5, "kernel_size": 2, "attention_heads": 8}, "parameter_index": 0}',
    index: 0
  },
  placementConstraint: { type: 'None', gpus: [] }
}
[2026-05-13 03:57:29] INFO (LocalV3.local) Created trial xoFHb
[2026-05-13 03:57:31] INFO (LocalV3.local) Trial parameter: xoFHb {"parameter_id": 27, "parameter_source": "algorithm", "parameters": {"model_type": "CNN", "units": 32, "num_layers": 1, "dropout": 0.3, "activation": "tanh", "lr": 6.107493987374742e-05, "window_size": 17, "batch_size": 128, "epochs": 5, "kernel_size": 2, "attention_heads": 8}, "parameter_index": 0}
[2026-05-13 03:57:34] INFO (NNIManager) Trial job xoFHb status changed from RUNNING to SUCCEEDED
[2026-05-13 03:57:34] INFO (NNIManager) NNIManager received command from dispatcher: TR, {"parameter_id": 28, "parameter_source": "algorithm", "parameters": {"model_type": "CNN", "units": 128, "num_layers": 3, "dropout": 0.1, "activation": "tanh", "lr": 8.797523346579219e-05, "window_size": 5, "batch_size": 64, "epochs": 10, "kernel_size": 3, "attention_heads": 4}, "parameter_index": 0}
[2026-05-13 03:57:35] INFO (NNIManager) submitTrialJob: form: {
  sequenceId: 28,
  hyperParameters: {
    value: '{"parameter_id": 28, "parameter_source": "algorithm", "parameters": {"model_type": "CNN", "units": 128, "num_layers": 3, "dropout": 0.1, "activation": "tanh", "lr": 8.797523346579219e-05, "window_size": 5, "batch_size": 64, "epochs": 10, "kernel_size": 3, "attention_heads": 4}, "parameter_index": 0}',
    index: 0
  },
  placementConstraint: { type: 'None', gpus: [] }
}
[2026-05-13 03:57:35] INFO (LocalV3.local) Created trial B3EtR
[2026-05-13 03:57:36] INFO (LocalV3.local) Trial parameter: B3EtR {"parameter_id": 28, "parameter_source": "algorithm", "parameters": {"model_type": "CNN", "units": 128, "num_layers": 3, "dropout": 0.1, "activation": "tanh", "lr": 8.797523346579219e-05, "window_size": 5, "batch_size": 64, "epochs": 10, "kernel_size": 3, "attention_heads": 4}, "parameter_index": 0}
[2026-05-13 03:57:41] INFO (NNIManager) Trial job B3EtR status changed from RUNNING to SUCCEEDED
[2026-05-13 03:57:41] INFO (NNIManager) NNIManager received command from dispatcher: TR, {"parameter_id": 29, "parameter_source": "algorithm", "parameters": {"model_type": "CNN", "units": 32, "num_layers": 3, "dropout": 0, "activation": "tanh", "lr": 2.5774124320173565e-05, "window_size": 17, "batch_size": 128, "epochs": 5, "kernel_size": 7, "attention_heads": 8}, "parameter_index": 0}
[2026-05-13 03:57:42] INFO (NNIManager) submitTrialJob: form: {
  sequenceId: 29,
  hyperParameters: {
    value: '{"parameter_id": 29, "parameter_source": "algorithm", "parameters": {"model_type": "CNN", "units": 32, "num_layers": 3, "dropout": 0, "activation": "tanh", "lr": 2.5774124320173565e-05, "window_size": 17, "batch_size": 128, "epochs": 5, "kernel_size": 7, "attention_heads": 8}, "parameter_index": 0}',
    index: 0
  },
  placementConstraint: { type: 'None', gpus: [] }
}
[2026-05-13 03:57:42] INFO (LocalV3.local) Created trial ffAVG
[2026-05-13 03:57:43] INFO (LocalV3.local) Trial parameter: ffAVG {"parameter_id": 29, "parameter_source": "algorithm", "parameters": {"model_type": "CNN", "units": 32, "num_layers": 3, "dropout": 0, "activation": "tanh", "lr": 2.5774124320173565e-05, "window_size": 17, "batch_size": 128, "epochs": 5, "kernel_size": 7, "attention_heads": 8}, "parameter_index": 0}
[2026-05-13 03:57:46] INFO (NNIManager) Trial job ffAVG status changed from RUNNING to SUCCEEDED
[2026-05-13 03:57:46] INFO (NNIManager) NNIManager received command from dispatcher: TR, {"parameter_id": 30, "parameter_source": "algorithm", "parameters": {"model_type": "TCN", "units": 16, "num_layers": 1, "dropout": 0, "activation": "tanh", "lr": 5.84461063123979e-05, "window_size": 25, "batch_size": 128, "epochs": 5, "kernel_size": 3, "attention_heads": 8}, "parameter_index": 0}
[2026-05-13 03:57:47] INFO (NNIManager) submitTrialJob: form: {
  sequenceId: 30,
  hyperParameters: {
    value: '{"parameter_id": 30, "parameter_source": "algorithm", "parameters": {"model_type": "TCN", "units": 16, "num_layers": 1, "dropout": 0, "activation": "tanh", "lr": 5.84461063123979e-05, "window_size": 25, "batch_size": 128, "epochs": 5, "kernel_size": 3, "attention_heads": 8}, "parameter_index": 0}',
    index: 0
  },
  placementConstraint: { type: 'None', gpus: [] }
}
[2026-05-13 03:57:47] INFO (LocalV3.local) Created trial jUO4o
[2026-05-13 03:57:48] INFO (LocalV3.local) Trial parameter: jUO4o {"parameter_id": 30, "parameter_source": "algorithm", "parameters": {"model_type": "TCN", "units": 16, "num_layers": 1, "dropout": 0, "activation": "tanh", "lr": 5.84461063123979e-05, "window_size": 25, "batch_size": 128, "epochs": 5, "kernel_size": 3, "attention_heads": 8}, "parameter_index": 0}
[2026-05-13 03:57:51] INFO (NNIManager) Trial job jUO4o status changed from RUNNING to SUCCEEDED
[2026-05-13 03:57:51] INFO (NNIManager) NNIManager received command from dispatcher: TR, {"parameter_id": 31, "parameter_source": "algorithm", "parameters": {"model_type": "TCN", "units": 16, "num_layers": 1, "dropout": 0, "activation": "tanh", "lr": 5.1840213057106596e-05, "window_size": 28, "batch_size": 128, "epochs": 5, "kernel_size": 3, "attention_heads": 8}, "parameter_index": 0}
[2026-05-13 03:57:51] INFO (NNIManager) submitTrialJob: form: {
  sequenceId: 31,
  hyperParameters: {
    value: '{"parameter_id": 31, "parameter_source": "algorithm", "parameters": {"model_type": "TCN", "units": 16, "num_layers": 1, "dropout": 0, "activation": "tanh", "lr": 5.1840213057106596e-05, "window_size": 28, "batch_size": 128, "epochs": 5, "kernel_size": 3, "attention_heads": 8}, "parameter_index": 0}',
    index: 0
  },
  placementConstraint: { type: 'None', gpus: [] }
}
[2026-05-13 03:57:51] INFO (LocalV3.local) Created trial cY49Z
[2026-05-13 03:57:53] INFO (LocalV3.local) Trial parameter: cY49Z {"parameter_id": 31, "parameter_source": "algorithm", "parameters": {"model_type": "TCN", "units": 16, "num_layers": 1, "dropout": 0, "activation": "tanh", "lr": 5.1840213057106596e-05, "window_size": 28, "batch_size": 128, "epochs": 5, "kernel_size": 3, "attention_heads": 8}, "parameter_index": 0}
[2026-05-13 03:57:55] INFO (NNIManager) Trial job cY49Z status changed from RUNNING to SUCCEEDED
[2026-05-13 03:57:55] INFO (NNIManager) NNIManager received command from dispatcher: TR, {"parameter_id": 32, "parameter_source": "algorithm", "parameters": {"model_type": "CNN", "units": 32, "num_layers": 3, "dropout": 0, "activation": "tanh", "lr": 2.9412850418883275e-05, "window_size": 17, "batch_size": 128, "epochs": 10, "kernel_size": 3, "attention_heads": 8}, "parameter_index": 0}
[2026-05-13 03:57:56] INFO (NNIManager) submitTrialJob: form: {
  sequenceId: 32,
  hyperParameters: {
    value: '{"parameter_id": 32, "parameter_source": "algorithm", "parameters": {"model_type": "CNN", "units": 32, "num_layers": 3, "dropout": 0, "activation": "tanh", "lr": 2.9412850418883275e-05, "window_size": 17, "batch_size": 128, "epochs": 10, "kernel_size": 3, "attention_heads": 8}, "parameter_index": 0}',
    index: 0
  },
  placementConstraint: { type: 'None', gpus: [] }
}
[2026-05-13 03:57:56] INFO (LocalV3.local) Created trial QtFTy
[2026-05-13 03:57:57] INFO (LocalV3.local) Trial parameter: QtFTy {"parameter_id": 32, "parameter_source": "algorithm", "parameters": {"model_type": "CNN", "units": 32, "num_layers": 3, "dropout": 0, "activation": "tanh", "lr": 2.9412850418883275e-05, "window_size": 17, "batch_size": 128, "epochs": 10, "kernel_size": 3, "attention_heads": 8}, "parameter_index": 0}
[2026-05-13 03:58:01] INFO (NNIManager) Trial job QtFTy status changed from RUNNING to SUCCEEDED
[2026-05-13 03:58:01] INFO (NNIManager) NNIManager received command from dispatcher: TR, {"parameter_id": 33, "parameter_source": "algorithm", "parameters": {"model_type": "CNN", "units": 32, "num_layers": 1, "dropout": 0.1, "activation": "tanh", "lr": 5.69898457612544e-05, "window_size": 17, "batch_size": 128, "epochs": 5, "kernel_size": 2, "attention_heads": 8}, "parameter_index": 0}
[2026-05-13 03:58:01] INFO (NNIManager) submitTrialJob: form: {
  sequenceId: 33,
  hyperParameters: {
    value: '{"parameter_id": 33, "parameter_source": "algorithm", "parameters": {"model_type": "CNN", "units": 32, "num_layers": 1, "dropout": 0.1, "activation": "tanh", "lr": 5.69898457612544e-05, "window_size": 17, "batch_size": 128, "epochs": 5, "kernel_size": 2, "attention_heads": 8}, "parameter_index": 0}',
    index: 0
  },
  placementConstraint: { type: 'None', gpus: [] }
}
[2026-05-13 03:58:01] INFO (LocalV3.local) Created trial kYVIc
[2026-05-13 03:58:03] INFO (LocalV3.local) Trial parameter: kYVIc {"parameter_id": 33, "parameter_source": "algorithm", "parameters": {"model_type": "CNN", "units": 32, "num_layers": 1, "dropout": 0.1, "activation": "tanh", "lr": 5.69898457612544e-05, "window_size": 17, "batch_size": 128, "epochs": 5, "kernel_size": 2, "attention_heads": 8}, "parameter_index": 0}
[2026-05-13 03:58:05] INFO (NNIManager) Trial job kYVIc status changed from RUNNING to SUCCEEDED
[2026-05-13 03:58:05] INFO (NNIManager) NNIManager received command from dispatcher: TR, {"parameter_id": 34, "parameter_source": "algorithm", "parameters": {"model_type": "CNN", "units": 16, "num_layers": 1, "dropout": 0, "activation": "tanh", "lr": 3.825968238945669e-05, "window_size": 17, "batch_size": 128, "epochs": 5, "kernel_size": 2, "attention_heads": 8}, "parameter_index": 0}
[2026-05-13 03:58:06] INFO (NNIManager) submitTrialJob: form: {
  sequenceId: 34,
  hyperParameters: {
    value: '{"parameter_id": 34, "parameter_source": "algorithm", "parameters": {"model_type": "CNN", "units": 16, "num_layers": 1, "dropout": 0, "activation": "tanh", "lr": 3.825968238945669e-05, "window_size": 17, "batch_size": 128, "epochs": 5, "kernel_size": 2, "attention_heads": 8}, "parameter_index": 0}',
    index: 0
  },
  placementConstraint: { type: 'None', gpus: [] }
}
[2026-05-13 03:58:06] INFO (LocalV3.local) Created trial OfwZl
[2026-05-13 03:58:08] INFO (LocalV3.local) Trial parameter: OfwZl {"parameter_id": 34, "parameter_source": "algorithm", "parameters": {"model_type": "CNN", "units": 16, "num_layers": 1, "dropout": 0, "activation": "tanh", "lr": 3.825968238945669e-05, "window_size": 17, "batch_size": 128, "epochs": 5, "kernel_size": 2, "attention_heads": 8}, "parameter_index": 0}
[2026-05-13 03:58:10] INFO (NNIManager) Trial job OfwZl status changed from RUNNING to SUCCEEDED
[2026-05-13 03:58:10] INFO (NNIManager) NNIManager received command from dispatcher: TR, {"parameter_id": 35, "parameter_source": "algorithm", "parameters": {"model_type": "CNN", "units": 32, "num_layers": 3, "dropout": 0, "activation": "tanh", "lr": 9.147211608693264e-05, "window_size": 17, "batch_size": 32, "epochs": 5, "kernel_size": 2, "attention_heads": 2}, "parameter_index": 0}
[2026-05-13 03:58:10] INFO (NNIManager) submitTrialJob: form: {
  sequenceId: 35,
  hyperParameters: {
    value: '{"parameter_id": 35, "parameter_source": "algorithm", "parameters": {"model_type": "CNN", "units": 32, "num_layers": 3, "dropout": 0, "activation": "tanh", "lr": 9.147211608693264e-05, "window_size": 17, "batch_size": 32, "epochs": 5, "kernel_size": 2, "attention_heads": 2}, "parameter_index": 0}',
    index: 0
  },
  placementConstraint: { type: 'None', gpus: [] }
}
[2026-05-13 03:58:10] INFO (LocalV3.local) Created trial G48Ub
[2026-05-13 03:58:12] INFO (LocalV3.local) Trial parameter: G48Ub {"parameter_id": 35, "parameter_source": "algorithm", "parameters": {"model_type": "CNN", "units": 32, "num_layers": 3, "dropout": 0, "activation": "tanh", "lr": 9.147211608693264e-05, "window_size": 17, "batch_size": 32, "epochs": 5, "kernel_size": 2, "attention_heads": 2}, "parameter_index": 0}
[2026-05-13 03:58:15] INFO (NNIManager) Trial job G48Ub status changed from RUNNING to SUCCEEDED
[2026-05-13 03:58:15] INFO (NNIManager) NNIManager received command from dispatcher: TR, {"parameter_id": 36, "parameter_source": "algorithm", "parameters": {"model_type": "TCN", "units": 16, "num_layers": 1, "dropout": 0, "activation": "tanh", "lr": 7.518765442678498e-05, "window_size": 20, "batch_size": 128, "epochs": 10, "kernel_size": 2, "attention_heads": 8}, "parameter_index": 0}
[2026-05-13 03:58:16] INFO (NNIManager) submitTrialJob: form: {
  sequenceId: 36,
  hyperParameters: {
    value: '{"parameter_id": 36, "parameter_source": "algorithm", "parameters": {"model_type": "TCN", "units": 16, "num_layers": 1, "dropout": 0, "activation": "tanh", "lr": 7.518765442678498e-05, "window_size": 20, "batch_size": 128, "epochs": 10, "kernel_size": 2, "attention_heads": 8}, "parameter_index": 0}',
    index: 0
  },
  placementConstraint: { type: 'None', gpus: [] }
}
[2026-05-13 03:58:16] INFO (LocalV3.local) Created trial lTKYO
[2026-05-13 03:58:18] INFO (LocalV3.local) Trial parameter: lTKYO {"parameter_id": 36, "parameter_source": "algorithm", "parameters": {"model_type": "TCN", "units": 16, "num_layers": 1, "dropout": 0, "activation": "tanh", "lr": 7.518765442678498e-05, "window_size": 20, "batch_size": 128, "epochs": 10, "kernel_size": 2, "attention_heads": 8}, "parameter_index": 0}
[2026-05-13 03:58:21] INFO (NNIManager) Trial job lTKYO status changed from RUNNING to SUCCEEDED
[2026-05-13 03:58:21] INFO (NNIManager) NNIManager received command from dispatcher: TR, {"parameter_id": 37, "parameter_source": "algorithm", "parameters": {"model_type": "TCN", "units": 16, "num_layers": 1, "dropout": 0, "activation": "tanh", "lr": 7.709490476568424e-05, "window_size": 22, "batch_size": 128, "epochs": 5, "kernel_size": 3, "attention_heads": 8}, "parameter_index": 0}
[2026-05-13 03:58:21] INFO (NNIManager) submitTrialJob: form: {
  sequenceId: 37,
  hyperParameters: {
    value: '{"parameter_id": 37, "parameter_source": "algorithm", "parameters": {"model_type": "TCN", "units": 16, "num_layers": 1, "dropout": 0, "activation": "tanh", "lr": 7.709490476568424e-05, "window_size": 22, "batch_size": 128, "epochs": 5, "kernel_size": 3, "attention_heads": 8}, "parameter_index": 0}',
    index: 0
  },
  placementConstraint: { type: 'None', gpus: [] }
}
[2026-05-13 03:58:21] INFO (LocalV3.local) Created trial D4P76
[2026-05-13 03:58:23] INFO (LocalV3.local) Trial parameter: D4P76 {"parameter_id": 37, "parameter_source": "algorithm", "parameters": {"model_type": "TCN", "units": 16, "num_layers": 1, "dropout": 0, "activation": "tanh", "lr": 7.709490476568424e-05, "window_size": 22, "batch_size": 128, "epochs": 5, "kernel_size": 3, "attention_heads": 8}, "parameter_index": 0}
[2026-05-13 03:58:25] INFO (NNIManager) Trial job D4P76 status changed from RUNNING to SUCCEEDED
[2026-05-13 03:58:25] INFO (NNIManager) NNIManager received command from dispatcher: TR, {"parameter_id": 38, "parameter_source": "algorithm", "parameters": {"model_type": "CNN", "units": 16, "num_layers": 3, "dropout": 0.1, "activation": "tanh", "lr": 3.500621653665777e-05, "window_size": 18, "batch_size": 16, "epochs": 5, "kernel_size": 7, "attention_heads": 4}, "parameter_index": 0}
[2026-05-13 03:58:26] INFO (NNIManager) submitTrialJob: form: {
  sequenceId: 38,
  hyperParameters: {
    value: '{"parameter_id": 38, "parameter_source": "algorithm", "parameters": {"model_type": "CNN", "units": 16, "num_layers": 3, "dropout": 0.1, "activation": "tanh", "lr": 3.500621653665777e-05, "window_size": 18, "batch_size": 16, "epochs": 5, "kernel_size": 7, "attention_heads": 4}, "parameter_index": 0}',
    index: 0
  },
  placementConstraint: { type: 'None', gpus: [] }
}
[2026-05-13 03:58:26] INFO (LocalV3.local) Created trial AHJEe
[2026-05-13 03:58:28] INFO (LocalV3.local) Trial parameter: AHJEe {"parameter_id": 38, "parameter_source": "algorithm", "parameters": {"model_type": "CNN", "units": 16, "num_layers": 3, "dropout": 0.1, "activation": "tanh", "lr": 3.500621653665777e-05, "window_size": 18, "batch_size": 16, "epochs": 5, "kernel_size": 7, "attention_heads": 4}, "parameter_index": 0}
[2026-05-13 03:58:32] INFO (NNIManager) Trial job AHJEe status changed from RUNNING to SUCCEEDED
[2026-05-13 03:58:32] INFO (NNIManager) NNIManager received command from dispatcher: TR, {"parameter_id": 39, "parameter_source": "algorithm", "parameters": {"model_type": "TCN", "units": 16, "num_layers": 1, "dropout": 0, "activation": "tanh", "lr": 7.20667650333422e-05, "window_size": 16, "batch_size": 128, "epochs": 20, "kernel_size": 3, "attention_heads": 8}, "parameter_index": 0}
[2026-05-13 03:58:33] INFO (NNIManager) submitTrialJob: form: {
  sequenceId: 39,
  hyperParameters: {
    value: '{"parameter_id": 39, "parameter_source": "algorithm", "parameters": {"model_type": "TCN", "units": 16, "num_layers": 1, "dropout": 0, "activation": "tanh", "lr": 7.20667650333422e-05, "window_size": 16, "batch_size": 128, "epochs": 20, "kernel_size": 3, "attention_heads": 8}, "parameter_index": 0}',
    index: 0
  },
  placementConstraint: { type: 'None', gpus: [] }
}
[2026-05-13 03:58:33] INFO (LocalV3.local) Created trial UmVN6
[2026-05-13 03:58:35] INFO (LocalV3.local) Trial parameter: UmVN6 {"parameter_id": 39, "parameter_source": "algorithm", "parameters": {"model_type": "TCN", "units": 16, "num_layers": 1, "dropout": 0, "activation": "tanh", "lr": 7.20667650333422e-05, "window_size": 16, "batch_size": 128, "epochs": 20, "kernel_size": 3, "attention_heads": 8}, "parameter_index": 0}
[2026-05-13 03:58:39] INFO (NNIManager) Trial job UmVN6 status changed from RUNNING to SUCCEEDED
[2026-05-13 03:58:39] INFO (NNIManager) NNIManager received command from dispatcher: TR, {"parameter_id": 40, "parameter_source": "algorithm", "parameters": {"model_type": "TCN", "units": 256, "num_layers": 1, "dropout": 0, "activation": "tanh", "lr": 3.978058738251926e-05, "window_size": 25, "batch_size": 128, "epochs": 20, "kernel_size": 3, "attention_heads": 8}, "parameter_index": 0}
[2026-05-13 03:58:39] INFO (NNIManager) submitTrialJob: form: {
  sequenceId: 40,
  hyperParameters: {
    value: '{"parameter_id": 40, "parameter_source": "algorithm", "parameters": {"model_type": "TCN", "units": 256, "num_layers": 1, "dropout": 0, "activation": "tanh", "lr": 3.978058738251926e-05, "window_size": 25, "batch_size": 128, "epochs": 20, "kernel_size": 3, "attention_heads": 8}, "parameter_index": 0}',
    index: 0
  },
  placementConstraint: { type: 'None', gpus: [] }
}
[2026-05-13 03:58:39] INFO (LocalV3.local) Created trial ZFQFa
[2026-05-13 03:58:41] INFO (LocalV3.local) Trial parameter: ZFQFa {"parameter_id": 40, "parameter_source": "algorithm", "parameters": {"model_type": "TCN", "units": 256, "num_layers": 1, "dropout": 0, "activation": "tanh", "lr": 3.978058738251926e-05, "window_size": 25, "batch_size": 128, "epochs": 20, "kernel_size": 3, "attention_heads": 8}, "parameter_index": 0}
[2026-05-13 03:58:46] INFO (NNIManager) Trial job ZFQFa status changed from RUNNING to SUCCEEDED
[2026-05-13 03:58:46] INFO (NNIManager) NNIManager received command from dispatcher: TR, {"parameter_id": 41, "parameter_source": "algorithm", "parameters": {"model_type": "CNN", "units": 128, "num_layers": 1, "dropout": 0, "activation": "relu", "lr": 3.9747642554481605e-05, "window_size": 17, "batch_size": 128, "epochs": 10, "kernel_size": 2, "attention_heads": 8}, "parameter_index": 0}
[2026-05-13 03:58:46] INFO (NNIManager) submitTrialJob: form: {
  sequenceId: 41,
  hyperParameters: {
    value: '{"parameter_id": 41, "parameter_source": "algorithm", "parameters": {"model_type": "CNN", "units": 128, "num_layers": 1, "dropout": 0, "activation": "relu", "lr": 3.9747642554481605e-05, "window_size": 17, "batch_size": 128, "epochs": 10, "kernel_size": 2, "attention_heads": 8}, "parameter_index": 0}',
    index: 0
  },
  placementConstraint: { type: 'None', gpus: [] }
}
[2026-05-13 03:58:46] INFO (LocalV3.local) Created trial tq25i
[2026-05-13 03:58:48] INFO (LocalV3.local) Trial parameter: tq25i {"parameter_id": 41, "parameter_source": "algorithm", "parameters": {"model_type": "CNN", "units": 128, "num_layers": 1, "dropout": 0, "activation": "relu", "lr": 3.9747642554481605e-05, "window_size": 17, "batch_size": 128, "epochs": 10, "kernel_size": 2, "attention_heads": 8}, "parameter_index": 0}
[2026-05-13 03:58:51] INFO (NNIManager) Trial job tq25i status changed from RUNNING to SUCCEEDED
[2026-05-13 03:58:51] INFO (NNIManager) NNIManager received command from dispatcher: TR, {"parameter_id": 42, "parameter_source": "algorithm", "parameters": {"model_type": "TCN", "units": 16, "num_layers": 1, "dropout": 0, "activation": "tanh", "lr": 0.00011339300807399007, "window_size": 26, "batch_size": 128, "epochs": 5, "kernel_size": 3, "attention_heads": 8}, "parameter_index": 0}
[2026-05-13 03:58:52] INFO (NNIManager) submitTrialJob: form: {
  sequenceId: 42,
  hyperParameters: {
    value: '{"parameter_id": 42, "parameter_source": "algorithm", "parameters": {"model_type": "TCN", "units": 16, "num_layers": 1, "dropout": 0, "activation": "tanh", "lr": 0.00011339300807399007, "window_size": 26, "batch_size": 128, "epochs": 5, "kernel_size": 3, "attention_heads": 8}, "parameter_index": 0}',
    index: 0
  },
  placementConstraint: { type: 'None', gpus: [] }
}
[2026-05-13 03:58:52] INFO (LocalV3.local) Created trial KLdab
[2026-05-13 03:58:54] INFO (LocalV3.local) Trial parameter: KLdab {"parameter_id": 42, "parameter_source": "algorithm", "parameters": {"model_type": "TCN", "units": 16, "num_layers": 1, "dropout": 0, "activation": "tanh", "lr": 0.00011339300807399007, "window_size": 26, "batch_size": 128, "epochs": 5, "kernel_size": 3, "attention_heads": 8}, "parameter_index": 0}
[2026-05-13 03:58:56] INFO (NNIManager) Trial job KLdab status changed from RUNNING to SUCCEEDED
[2026-05-13 03:58:56] INFO (NNIManager) NNIManager received command from dispatcher: TR, {"parameter_id": 43, "parameter_source": "algorithm", "parameters": {"model_type": "TCN", "units": 16, "num_layers": 1, "dropout": 0, "activation": "tanh", "lr": 4.4823703668683754e-05, "window_size": 25, "batch_size": 128, "epochs": 5, "kernel_size": 3, "attention_heads": 8}, "parameter_index": 0}
[2026-05-13 03:58:56] INFO (NNIManager) submitTrialJob: form: {
  sequenceId: 43,
  hyperParameters: {
    value: '{"parameter_id": 43, "parameter_source": "algorithm", "parameters": {"model_type": "TCN", "units": 16, "num_layers": 1, "dropout": 0, "activation": "tanh", "lr": 4.4823703668683754e-05, "window_size": 25, "batch_size": 128, "epochs": 5, "kernel_size": 3, "attention_heads": 8}, "parameter_index": 0}',
    index: 0
  },
  placementConstraint: { type: 'None', gpus: [] }
}
[2026-05-13 03:58:56] INFO (LocalV3.local) Created trial BSSht
[2026-05-13 03:58:58] INFO (LocalV3.local) Trial parameter: BSSht {"parameter_id": 43, "parameter_source": "algorithm", "parameters": {"model_type": "TCN", "units": 16, "num_layers": 1, "dropout": 0, "activation": "tanh", "lr": 4.4823703668683754e-05, "window_size": 25, "batch_size": 128, "epochs": 5, "kernel_size": 3, "attention_heads": 8}, "parameter_index": 0}
[2026-05-13 03:59:00] INFO (NNIManager) Trial job BSSht status changed from RUNNING to SUCCEEDED
[2026-05-13 03:59:00] INFO (NNIManager) NNIManager received command from dispatcher: TR, {"parameter_id": 44, "parameter_source": "algorithm", "parameters": {"model_type": "MLP", "units": 32, "num_layers": 1, "dropout": 0, "activation": "tanh", "lr": 8.193732548574613e-05, "window_size": 17, "batch_size": 128, "epochs": 5, "kernel_size": 2, "attention_heads": 8}, "parameter_index": 0}
[2026-05-13 03:59:01] INFO (NNIManager) submitTrialJob: form: {
  sequenceId: 44,
  hyperParameters: {
    value: '{"parameter_id": 44, "parameter_source": "algorithm", "parameters": {"model_type": "MLP", "units": 32, "num_layers": 1, "dropout": 0, "activation": "tanh", "lr": 8.193732548574613e-05, "window_size": 17, "batch_size": 128, "epochs": 5, "kernel_size": 2, "attention_heads": 8}, "parameter_index": 0}',
    index: 0
  },
  placementConstraint: { type: 'None', gpus: [] }
}
[2026-05-13 03:59:01] INFO (LocalV3.local) Created trial z7f4q
[2026-05-13 03:59:03] INFO (LocalV3.local) Trial parameter: z7f4q {"parameter_id": 44, "parameter_source": "algorithm", "parameters": {"model_type": "MLP", "units": 32, "num_layers": 1, "dropout": 0, "activation": "tanh", "lr": 8.193732548574613e-05, "window_size": 17, "batch_size": 128, "epochs": 5, "kernel_size": 2, "attention_heads": 8}, "parameter_index": 0}
[2026-05-13 03:59:04] INFO (NNIManager) Trial job z7f4q status changed from RUNNING to SUCCEEDED
[2026-05-13 03:59:04] INFO (NNIManager) NNIManager received command from dispatcher: TR, {"parameter_id": 45, "parameter_source": "algorithm", "parameters": {"model_type": "TCN", "units": 16, "num_layers": 1, "dropout": 0, "activation": "tanh", "lr": 7.756043338838152e-05, "window_size": 28, "batch_size": 128, "epochs": 5, "kernel_size": 3, "attention_heads": 8}, "parameter_index": 0}
[2026-05-13 03:59:05] INFO (NNIManager) submitTrialJob: form: {
  sequenceId: 45,
  hyperParameters: {
    value: '{"parameter_id": 45, "parameter_source": "algorithm", "parameters": {"model_type": "TCN", "units": 16, "num_layers": 1, "dropout": 0, "activation": "tanh", "lr": 7.756043338838152e-05, "window_size": 28, "batch_size": 128, "epochs": 5, "kernel_size": 3, "attention_heads": 8}, "parameter_index": 0}',
    index: 0
  },
  placementConstraint: { type: 'None', gpus: [] }
}
[2026-05-13 03:59:05] INFO (LocalV3.local) Created trial ZG53f
[2026-05-13 03:59:07] INFO (LocalV3.local) Trial parameter: ZG53f {"parameter_id": 45, "parameter_source": "algorithm", "parameters": {"model_type": "TCN", "units": 16, "num_layers": 1, "dropout": 0, "activation": "tanh", "lr": 7.756043338838152e-05, "window_size": 28, "batch_size": 128, "epochs": 5, "kernel_size": 3, "attention_heads": 8}, "parameter_index": 0}
[2026-05-13 03:59:09] INFO (NNIManager) Trial job ZG53f status changed from RUNNING to SUCCEEDED
[2026-05-13 03:59:09] INFO (NNIManager) NNIManager received command from dispatcher: TR, {"parameter_id": 46, "parameter_source": "algorithm", "parameters": {"model_type": "TCN", "units": 16, "num_layers": 1, "dropout": 0, "activation": "tanh", "lr": 6.336021240305745e-05, "window_size": 25, "batch_size": 128, "epochs": 5, "kernel_size": 3, "attention_heads": 8}, "parameter_index": 0}
[2026-05-13 03:59:09] INFO (NNIManager) submitTrialJob: form: {
  sequenceId: 46,
  hyperParameters: {
    value: '{"parameter_id": 46, "parameter_source": "algorithm", "parameters": {"model_type": "TCN", "units": 16, "num_layers": 1, "dropout": 0, "activation": "tanh", "lr": 6.336021240305745e-05, "window_size": 25, "batch_size": 128, "epochs": 5, "kernel_size": 3, "attention_heads": 8}, "parameter_index": 0}',
    index: 0
  },
  placementConstraint: { type: 'None', gpus: [] }
}
[2026-05-13 03:59:09] INFO (LocalV3.local) Created trial b91eq
[2026-05-13 03:59:11] INFO (LocalV3.local) Trial parameter: b91eq {"parameter_id": 46, "parameter_source": "algorithm", "parameters": {"model_type": "TCN", "units": 16, "num_layers": 1, "dropout": 0, "activation": "tanh", "lr": 6.336021240305745e-05, "window_size": 25, "batch_size": 128, "epochs": 5, "kernel_size": 3, "attention_heads": 8}, "parameter_index": 0}
[2026-05-13 03:59:13] INFO (NNIManager) Trial job b91eq status changed from RUNNING to SUCCEEDED
[2026-05-13 03:59:14] INFO (NNIManager) NNIManager received command from dispatcher: TR, {"parameter_id": 47, "parameter_source": "algorithm", "parameters": {"model_type": "TCN", "units": 16, "num_layers": 1, "dropout": 0, "activation": "sigmoid", "lr": 7.96862558212501e-05, "window_size": 28, "batch_size": 128, "epochs": 5, "kernel_size": 3, "attention_heads": 8}, "parameter_index": 0}
[2026-05-13 03:59:14] INFO (NNIManager) submitTrialJob: form: {
  sequenceId: 47,
  hyperParameters: {
    value: '{"parameter_id": 47, "parameter_source": "algorithm", "parameters": {"model_type": "TCN", "units": 16, "num_layers": 1, "dropout": 0, "activation": "sigmoid", "lr": 7.96862558212501e-05, "window_size": 28, "batch_size": 128, "epochs": 5, "kernel_size": 3, "attention_heads": 8}, "parameter_index": 0}',
    index: 0
  },
  placementConstraint: { type: 'None', gpus: [] }
}
[2026-05-13 03:59:14] INFO (LocalV3.local) Created trial Qhv5O
[2026-05-13 03:59:16] INFO (LocalV3.local) Trial parameter: Qhv5O {"parameter_id": 47, "parameter_source": "algorithm", "parameters": {"model_type": "TCN", "units": 16, "num_layers": 1, "dropout": 0, "activation": "sigmoid", "lr": 7.96862558212501e-05, "window_size": 28, "batch_size": 128, "epochs": 5, "kernel_size": 3, "attention_heads": 8}, "parameter_index": 0}
[2026-05-13 03:59:18] INFO (NNIManager) Trial job Qhv5O status changed from RUNNING to SUCCEEDED
[2026-05-13 03:59:18] INFO (NNIManager) NNIManager received command from dispatcher: TR, {"parameter_id": 48, "parameter_source": "algorithm", "parameters": {"model_type": "GRU", "units": 16, "num_layers": 1, "dropout": 0, "activation": "tanh", "lr": 7.221236876231831e-05, "window_size": 25, "batch_size": 128, "epochs": 5, "kernel_size": 3, "attention_heads": 8}, "parameter_index": 0}
[2026-05-13 03:59:19] INFO (NNIManager) submitTrialJob: form: {
  sequenceId: 48,
  hyperParameters: {
    value: '{"parameter_id": 48, "parameter_source": "algorithm", "parameters": {"model_type": "GRU", "units": 16, "num_layers": 1, "dropout": 0, "activation": "tanh", "lr": 7.221236876231831e-05, "window_size": 25, "batch_size": 128, "epochs": 5, "kernel_size": 3, "attention_heads": 8}, "parameter_index": 0}',
    index: 0
  },
  placementConstraint: { type: 'None', gpus: [] }
}
[2026-05-13 03:59:19] INFO (LocalV3.local) Created trial SqcJC
[2026-05-13 03:59:20] INFO (LocalV3.local) Trial parameter: SqcJC {"parameter_id": 48, "parameter_source": "algorithm", "parameters": {"model_type": "GRU", "units": 16, "num_layers": 1, "dropout": 0, "activation": "tanh", "lr": 7.221236876231831e-05, "window_size": 25, "batch_size": 128, "epochs": 5, "kernel_size": 3, "attention_heads": 8}, "parameter_index": 0}
[2026-05-13 03:59:25] INFO (NNIManager) Trial job SqcJC status changed from RUNNING to SUCCEEDED
[2026-05-13 03:59:25] INFO (NNIManager) NNIManager received command from dispatcher: TR, {"parameter_id": 49, "parameter_source": "algorithm", "parameters": {"model_type": "TCN", "units": 16, "num_layers": 1, "dropout": 0, "activation": "tanh", "lr": 4.371224778431755e-05, "window_size": 8, "batch_size": 128, "epochs": 5, "kernel_size": 3, "attention_heads": 4}, "parameter_index": 0}
[2026-05-13 03:59:25] INFO (NNIManager) submitTrialJob: form: {
  sequenceId: 49,
  hyperParameters: {
    value: '{"parameter_id": 49, "parameter_source": "algorithm", "parameters": {"model_type": "TCN", "units": 16, "num_layers": 1, "dropout": 0, "activation": "tanh", "lr": 4.371224778431755e-05, "window_size": 8, "batch_size": 128, "epochs": 5, "kernel_size": 3, "attention_heads": 4}, "parameter_index": 0}',
    index: 0
  },
  placementConstraint: { type: 'None', gpus: [] }
}
[2026-05-13 03:59:25] INFO (LocalV3.local) Created trial gTUfQ
[2026-05-13 03:59:27] INFO (LocalV3.local) Trial parameter: gTUfQ {"parameter_id": 49, "parameter_source": "algorithm", "parameters": {"model_type": "TCN", "units": 16, "num_layers": 1, "dropout": 0, "activation": "tanh", "lr": 4.371224778431755e-05, "window_size": 8, "batch_size": 128, "epochs": 5, "kernel_size": 3, "attention_heads": 4}, "parameter_index": 0}
[2026-05-13 03:59:29] INFO (NNIManager) Trial job gTUfQ status changed from RUNNING to SUCCEEDED
[2026-05-13 03:59:29] INFO (NNIManager) NNIManager received command from dispatcher: TR, {"parameter_id": 50, "parameter_source": "algorithm", "parameters": {"model_type": "TCN", "units": 16, "num_layers": 1, "dropout": 0, "activation": "tanh", "lr": 5.0358593605757486e-05, "window_size": 25, "batch_size": 128, "epochs": 5, "kernel_size": 3, "attention_heads": 8}, "parameter_index": 0}
[2026-05-13 03:59:30] INFO (NNIManager) submitTrialJob: form: {
  sequenceId: 50,
  hyperParameters: {
    value: '{"parameter_id": 50, "parameter_source": "algorithm", "parameters": {"model_type": "TCN", "units": 16, "num_layers": 1, "dropout": 0, "activation": "tanh", "lr": 5.0358593605757486e-05, "window_size": 25, "batch_size": 128, "epochs": 5, "kernel_size": 3, "attention_heads": 8}, "parameter_index": 0}',
    index: 0
  },
  placementConstraint: { type: 'None', gpus: [] }
}
[2026-05-13 03:59:30] INFO (LocalV3.local) Created trial PaCrL
[2026-05-13 03:59:31] INFO (LocalV3.local) Trial parameter: PaCrL {"parameter_id": 50, "parameter_source": "algorithm", "parameters": {"model_type": "TCN", "units": 16, "num_layers": 1, "dropout": 0, "activation": "tanh", "lr": 5.0358593605757486e-05, "window_size": 25, "batch_size": 128, "epochs": 5, "kernel_size": 3, "attention_heads": 8}, "parameter_index": 0}
[2026-05-13 03:59:34] INFO (NNIManager) Trial job PaCrL status changed from RUNNING to SUCCEEDED
[2026-05-13 03:59:34] INFO (NNIManager) NNIManager received command from dispatcher: TR, {"parameter_id": 51, "parameter_source": "algorithm", "parameters": {"model_type": "TCN", "units": 16, "num_layers": 4, "dropout": 0, "activation": "tanh", "lr": 3.859051810864744e-05, "window_size": 25, "batch_size": 128, "epochs": 5, "kernel_size": 3, "attention_heads": 8}, "parameter_index": 0}
[2026-05-13 03:59:34] INFO (NNIManager) submitTrialJob: form: {
  sequenceId: 51,
  hyperParameters: {
    value: '{"parameter_id": 51, "parameter_source": "algorithm", "parameters": {"model_type": "TCN", "units": 16, "num_layers": 4, "dropout": 0, "activation": "tanh", "lr": 3.859051810864744e-05, "window_size": 25, "batch_size": 128, "epochs": 5, "kernel_size": 3, "attention_heads": 8}, "parameter_index": 0}',
    index: 0
  },
  placementConstraint: { type: 'None', gpus: [] }
}
[2026-05-13 03:59:34] INFO (LocalV3.local) Created trial BjZTc
[2026-05-13 03:59:36] INFO (LocalV3.local) Trial parameter: BjZTc {"parameter_id": 51, "parameter_source": "algorithm", "parameters": {"model_type": "TCN", "units": 16, "num_layers": 4, "dropout": 0, "activation": "tanh", "lr": 3.859051810864744e-05, "window_size": 25, "batch_size": 128, "epochs": 5, "kernel_size": 3, "attention_heads": 8}, "parameter_index": 0}
[2026-05-13 03:59:39] INFO (NNIManager) Trial job BjZTc status changed from RUNNING to SUCCEEDED
[2026-05-13 03:59:39] INFO (NNIManager) NNIManager received command from dispatcher: TR, {"parameter_id": 52, "parameter_source": "algorithm", "parameters": {"model_type": "CNN", "units": 16, "num_layers": 4, "dropout": 0, "activation": "tanh", "lr": 3.665900572047369e-05, "window_size": 25, "batch_size": 128, "epochs": 5, "kernel_size": 3, "attention_heads": 8}, "parameter_index": 0}
[2026-05-13 03:59:39] INFO (NNIManager) submitTrialJob: form: {
  sequenceId: 52,
  hyperParameters: {
    value: '{"parameter_id": 52, "parameter_source": "algorithm", "parameters": {"model_type": "CNN", "units": 16, "num_layers": 4, "dropout": 0, "activation": "tanh", "lr": 3.665900572047369e-05, "window_size": 25, "batch_size": 128, "epochs": 5, "kernel_size": 3, "attention_heads": 8}, "parameter_index": 0}',
    index: 0
  },
  placementConstraint: { type: 'None', gpus: [] }
}
[2026-05-13 03:59:39] INFO (LocalV3.local) Created trial DI0U5
[2026-05-13 03:59:41] INFO (LocalV3.local) Trial parameter: DI0U5 {"parameter_id": 52, "parameter_source": "algorithm", "parameters": {"model_type": "CNN", "units": 16, "num_layers": 4, "dropout": 0, "activation": "tanh", "lr": 3.665900572047369e-05, "window_size": 25, "batch_size": 128, "epochs": 5, "kernel_size": 3, "attention_heads": 8}, "parameter_index": 0}
[2026-05-13 03:59:44] INFO (NNIManager) Trial job DI0U5 status changed from RUNNING to SUCCEEDED
[2026-05-13 03:59:44] INFO (NNIManager) NNIManager received command from dispatcher: TR, {"parameter_id": 53, "parameter_source": "algorithm", "parameters": {"model_type": "Transformer", "units": 32, "num_layers": 1, "dropout": 0, "activation": "tanh", "lr": 5.429266554531184e-05, "window_size": 21, "batch_size": 128, "epochs": 5, "kernel_size": 3, "attention_heads": 2}, "parameter_index": 0}
[2026-05-13 03:59:44] INFO (NNIManager) submitTrialJob: form: {
  sequenceId: 53,
  hyperParameters: {
    value: '{"parameter_id": 53, "parameter_source": "algorithm", "parameters": {"model_type": "Transformer", "units": 32, "num_layers": 1, "dropout": 0, "activation": "tanh", "lr": 5.429266554531184e-05, "window_size": 21, "batch_size": 128, "epochs": 5, "kernel_size": 3, "attention_heads": 2}, "parameter_index": 0}',
    index: 0
  },
  placementConstraint: { type: 'None', gpus: [] }
}
[2026-05-13 03:59:44] INFO (LocalV3.local) Created trial ba83k
[2026-05-13 03:59:46] INFO (LocalV3.local) Trial parameter: ba83k {"parameter_id": 53, "parameter_source": "algorithm", "parameters": {"model_type": "Transformer", "units": 32, "num_layers": 1, "dropout": 0, "activation": "tanh", "lr": 5.429266554531184e-05, "window_size": 21, "batch_size": 128, "epochs": 5, "kernel_size": 3, "attention_heads": 2}, "parameter_index": 0}
[2026-05-13 03:59:50] INFO (NNIManager) Trial job ba83k status changed from RUNNING to SUCCEEDED
[2026-05-13 03:59:50] INFO (NNIManager) NNIManager received command from dispatcher: TR, {"parameter_id": 54, "parameter_source": "algorithm", "parameters": {"model_type": "TCN", "units": 16, "num_layers": 1, "dropout": 0, "activation": "tanh", "lr": 6.122121841483627e-05, "window_size": 25, "batch_size": 128, "epochs": 5, "kernel_size": 3, "attention_heads": 8}, "parameter_index": 0}
[2026-05-13 03:59:50] INFO (NNIManager) submitTrialJob: form: {
  sequenceId: 54,
  hyperParameters: {
    value: '{"parameter_id": 54, "parameter_source": "algorithm", "parameters": {"model_type": "TCN", "units": 16, "num_layers": 1, "dropout": 0, "activation": "tanh", "lr": 6.122121841483627e-05, "window_size": 25, "batch_size": 128, "epochs": 5, "kernel_size": 3, "attention_heads": 8}, "parameter_index": 0}',
    index: 0
  },
  placementConstraint: { type: 'None', gpus: [] }
}
[2026-05-13 03:59:50] INFO (LocalV3.local) Created trial TSFe7
[2026-05-13 03:59:52] INFO (LocalV3.local) Trial parameter: TSFe7 {"parameter_id": 54, "parameter_source": "algorithm", "parameters": {"model_type": "TCN", "units": 16, "num_layers": 1, "dropout": 0, "activation": "tanh", "lr": 6.122121841483627e-05, "window_size": 25, "batch_size": 128, "epochs": 5, "kernel_size": 3, "attention_heads": 8}, "parameter_index": 0}
[2026-05-13 03:59:54] INFO (NNIManager) Trial job TSFe7 status changed from RUNNING to SUCCEEDED
[2026-05-13 03:59:54] INFO (NNIManager) NNIManager received command from dispatcher: TR, {"parameter_id": 55, "parameter_source": "algorithm", "parameters": {"model_type": "TCN", "units": 16, "num_layers": 1, "dropout": 0, "activation": "tanh", "lr": 6.383602814032326e-05, "window_size": 25, "batch_size": 128, "epochs": 5, "kernel_size": 7, "attention_heads": 8}, "parameter_index": 0}
[2026-05-13 03:59:55] INFO (NNIManager) submitTrialJob: form: {
  sequenceId: 55,
  hyperParameters: {
    value: '{"parameter_id": 55, "parameter_source": "algorithm", "parameters": {"model_type": "TCN", "units": 16, "num_layers": 1, "dropout": 0, "activation": "tanh", "lr": 6.383602814032326e-05, "window_size": 25, "batch_size": 128, "epochs": 5, "kernel_size": 7, "attention_heads": 8}, "parameter_index": 0}',
    index: 0
  },
  placementConstraint: { type: 'None', gpus: [] }
}
[2026-05-13 03:59:55] INFO (LocalV3.local) Created trial a62BW
[2026-05-13 03:59:57] INFO (LocalV3.local) Trial parameter: a62BW {"parameter_id": 55, "parameter_source": "algorithm", "parameters": {"model_type": "TCN", "units": 16, "num_layers": 1, "dropout": 0, "activation": "tanh", "lr": 6.383602814032326e-05, "window_size": 25, "batch_size": 128, "epochs": 5, "kernel_size": 7, "attention_heads": 8}, "parameter_index": 0}
[2026-05-13 03:59:59] INFO (NNIManager) Trial job a62BW status changed from RUNNING to SUCCEEDED
[2026-05-13 03:59:59] INFO (NNIManager) NNIManager received command from dispatcher: TR, {"parameter_id": 56, "parameter_source": "algorithm", "parameters": {"model_type": "TCN", "units": 256, "num_layers": 1, "dropout": 0, "activation": "tanh", "lr": 3.1936563160723445e-05, "window_size": 8, "batch_size": 128, "epochs": 5, "kernel_size": 3, "attention_heads": 4}, "parameter_index": 0}
[2026-05-13 03:59:59] INFO (NNIManager) submitTrialJob: form: {
  sequenceId: 56,
  hyperParameters: {
    value: '{"parameter_id": 56, "parameter_source": "algorithm", "parameters": {"model_type": "TCN", "units": 256, "num_layers": 1, "dropout": 0, "activation": "tanh", "lr": 3.1936563160723445e-05, "window_size": 8, "batch_size": 128, "epochs": 5, "kernel_size": 3, "attention_heads": 4}, "parameter_index": 0}',
    index: 0
  },
  placementConstraint: { type: 'None', gpus: [] }
}
[2026-05-13 03:59:59] INFO (LocalV3.local) Created trial bFyW9
[2026-05-13 04:00:01] INFO (LocalV3.local) Trial parameter: bFyW9 {"parameter_id": 56, "parameter_source": "algorithm", "parameters": {"model_type": "TCN", "units": 256, "num_layers": 1, "dropout": 0, "activation": "tanh", "lr": 3.1936563160723445e-05, "window_size": 8, "batch_size": 128, "epochs": 5, "kernel_size": 3, "attention_heads": 4}, "parameter_index": 0}
[2026-05-13 04:00:03] INFO (NNIManager) Trial job bFyW9 status changed from RUNNING to SUCCEEDED
[2026-05-13 04:00:03] INFO (NNIManager) NNIManager received command from dispatcher: TR, {"parameter_id": 57, "parameter_source": "algorithm", "parameters": {"model_type": "TCN", "units": 16, "num_layers": 1, "dropout": 0.3, "activation": "tanh", "lr": 7.785698555913338e-05, "window_size": 25, "batch_size": 128, "epochs": 5, "kernel_size": 3, "attention_heads": 8}, "parameter_index": 0}
[2026-05-13 04:00:04] INFO (NNIManager) submitTrialJob: form: {
  sequenceId: 57,
  hyperParameters: {
    value: '{"parameter_id": 57, "parameter_source": "algorithm", "parameters": {"model_type": "TCN", "units": 16, "num_layers": 1, "dropout": 0.3, "activation": "tanh", "lr": 7.785698555913338e-05, "window_size": 25, "batch_size": 128, "epochs": 5, "kernel_size": 3, "attention_heads": 8}, "parameter_index": 0}',
    index: 0
  },
  placementConstraint: { type: 'None', gpus: [] }
}
[2026-05-13 04:00:04] INFO (LocalV3.local) Created trial FwMLU
[2026-05-13 04:00:06] INFO (LocalV3.local) Trial parameter: FwMLU {"parameter_id": 57, "parameter_source": "algorithm", "parameters": {"model_type": "TCN", "units": 16, "num_layers": 1, "dropout": 0.3, "activation": "tanh", "lr": 7.785698555913338e-05, "window_size": 25, "batch_size": 128, "epochs": 5, "kernel_size": 3, "attention_heads": 8}, "parameter_index": 0}
[2026-05-13 04:00:08] INFO (NNIManager) Trial job FwMLU status changed from RUNNING to SUCCEEDED
[2026-05-13 04:00:08] INFO (NNIManager) NNIManager received command from dispatcher: TR, {"parameter_id": 58, "parameter_source": "algorithm", "parameters": {"model_type": "TCN", "units": 16, "num_layers": 1, "dropout": 0, "activation": "tanh", "lr": 5.420433818648642e-05, "window_size": 18, "batch_size": 128, "epochs": 5, "kernel_size": 3, "attention_heads": 8}, "parameter_index": 0}
[2026-05-13 04:00:08] INFO (NNIManager) submitTrialJob: form: {
  sequenceId: 58,
  hyperParameters: {
    value: '{"parameter_id": 58, "parameter_source": "algorithm", "parameters": {"model_type": "TCN", "units": 16, "num_layers": 1, "dropout": 0, "activation": "tanh", "lr": 5.420433818648642e-05, "window_size": 18, "batch_size": 128, "epochs": 5, "kernel_size": 3, "attention_heads": 8}, "parameter_index": 0}',
    index: 0
  },
  placementConstraint: { type: 'None', gpus: [] }
}
[2026-05-13 04:00:08] INFO (LocalV3.local) Created trial qFjyW
[2026-05-13 04:00:10] INFO (LocalV3.local) Trial parameter: qFjyW {"parameter_id": 58, "parameter_source": "algorithm", "parameters": {"model_type": "TCN", "units": 16, "num_layers": 1, "dropout": 0, "activation": "tanh", "lr": 5.420433818648642e-05, "window_size": 18, "batch_size": 128, "epochs": 5, "kernel_size": 3, "attention_heads": 8}, "parameter_index": 0}
[2026-05-13 04:00:12] INFO (NNIManager) Trial job qFjyW status changed from RUNNING to SUCCEEDED
[2026-05-13 04:00:12] INFO (NNIManager) NNIManager received command from dispatcher: TR, {"parameter_id": 59, "parameter_source": "algorithm", "parameters": {"model_type": "TCN", "units": 16, "num_layers": 1, "dropout": 0, "activation": "tanh", "lr": 4.7749389182538945e-05, "window_size": 28, "batch_size": 128, "epochs": 5, "kernel_size": 3, "attention_heads": 8}, "parameter_index": 0}
[2026-05-13 04:00:13] INFO (NNIManager) submitTrialJob: form: {
  sequenceId: 59,
  hyperParameters: {
    value: '{"parameter_id": 59, "parameter_source": "algorithm", "parameters": {"model_type": "TCN", "units": 16, "num_layers": 1, "dropout": 0, "activation": "tanh", "lr": 4.7749389182538945e-05, "window_size": 28, "batch_size": 128, "epochs": 5, "kernel_size": 3, "attention_heads": 8}, "parameter_index": 0}',
    index: 0
  },
  placementConstraint: { type: 'None', gpus: [] }
}
[2026-05-13 04:00:13] INFO (LocalV3.local) Created trial IIaGi
[2026-05-13 04:00:15] INFO (LocalV3.local) Trial parameter: IIaGi {"parameter_id": 59, "parameter_source": "algorithm", "parameters": {"model_type": "TCN", "units": 16, "num_layers": 1, "dropout": 0, "activation": "tanh", "lr": 4.7749389182538945e-05, "window_size": 28, "batch_size": 128, "epochs": 5, "kernel_size": 3, "attention_heads": 8}, "parameter_index": 0}
[2026-05-13 04:00:17] INFO (NNIManager) Trial job IIaGi status changed from RUNNING to SUCCEEDED
[2026-05-13 04:00:17] INFO (NNIManager) NNIManager received command from dispatcher: TR, {"parameter_id": 60, "parameter_source": "algorithm", "parameters": {"model_type": "CNN", "units": 32, "num_layers": 2, "dropout": 0, "activation": "relu", "lr": 4.747204031113332e-05, "window_size": 17, "batch_size": 128, "epochs": 5, "kernel_size": 2, "attention_heads": 8}, "parameter_index": 0}
[2026-05-13 04:00:17] INFO (NNIManager) submitTrialJob: form: {
  sequenceId: 60,
  hyperParameters: {
    value: '{"parameter_id": 60, "parameter_source": "algorithm", "parameters": {"model_type": "CNN", "units": 32, "num_layers": 2, "dropout": 0, "activation": "relu", "lr": 4.747204031113332e-05, "window_size": 17, "batch_size": 128, "epochs": 5, "kernel_size": 2, "attention_heads": 8}, "parameter_index": 0}',
    index: 0
  },
  placementConstraint: { type: 'None', gpus: [] }
}
[2026-05-13 04:00:17] INFO (LocalV3.local) Created trial g6eGp
[2026-05-13 04:00:19] INFO (LocalV3.local) Trial parameter: g6eGp {"parameter_id": 60, "parameter_source": "algorithm", "parameters": {"model_type": "CNN", "units": 32, "num_layers": 2, "dropout": 0, "activation": "relu", "lr": 4.747204031113332e-05, "window_size": 17, "batch_size": 128, "epochs": 5, "kernel_size": 2, "attention_heads": 8}, "parameter_index": 0}
[2026-05-13 04:00:21] INFO (NNIManager) Trial job g6eGp status changed from RUNNING to SUCCEEDED
[2026-05-13 04:00:21] INFO (NNIManager) NNIManager received command from dispatcher: TR, {"parameter_id": 61, "parameter_source": "algorithm", "parameters": {"model_type": "TCN", "units": 16, "num_layers": 2, "dropout": 0, "activation": "sigmoid", "lr": 5.432627354530888e-05, "window_size": 8, "batch_size": 128, "epochs": 5, "kernel_size": 3, "attention_heads": 4}, "parameter_index": 0}
[2026-05-13 04:00:22] INFO (NNIManager) submitTrialJob: form: {
  sequenceId: 61,
  hyperParameters: {
    value: '{"parameter_id": 61, "parameter_source": "algorithm", "parameters": {"model_type": "TCN", "units": 16, "num_layers": 2, "dropout": 0, "activation": "sigmoid", "lr": 5.432627354530888e-05, "window_size": 8, "batch_size": 128, "epochs": 5, "kernel_size": 3, "attention_heads": 4}, "parameter_index": 0}',
    index: 0
  },
  placementConstraint: { type: 'None', gpus: [] }
}
[2026-05-13 04:00:22] INFO (LocalV3.local) Created trial WhFjn
[2026-05-13 04:00:24] INFO (LocalV3.local) Trial parameter: WhFjn {"parameter_id": 61, "parameter_source": "algorithm", "parameters": {"model_type": "TCN", "units": 16, "num_layers": 2, "dropout": 0, "activation": "sigmoid", "lr": 5.432627354530888e-05, "window_size": 8, "batch_size": 128, "epochs": 5, "kernel_size": 3, "attention_heads": 4}, "parameter_index": 0}
[2026-05-13 04:00:26] INFO (NNIManager) Trial job WhFjn status changed from RUNNING to SUCCEEDED
[2026-05-13 04:00:26] INFO (NNIManager) NNIManager received command from dispatcher: TR, {"parameter_id": 62, "parameter_source": "algorithm", "parameters": {"model_type": "TCN", "units": 16, "num_layers": 1, "dropout": 0, "activation": "tanh", "lr": 6.285523269996452e-05, "window_size": 25, "batch_size": 128, "epochs": 5, "kernel_size": 7, "attention_heads": 8}, "parameter_index": 0}
[2026-05-13 04:00:26] INFO (NNIManager) submitTrialJob: form: {
  sequenceId: 62,
  hyperParameters: {
    value: '{"parameter_id": 62, "parameter_source": "algorithm", "parameters": {"model_type": "TCN", "units": 16, "num_layers": 1, "dropout": 0, "activation": "tanh", "lr": 6.285523269996452e-05, "window_size": 25, "batch_size": 128, "epochs": 5, "kernel_size": 7, "attention_heads": 8}, "parameter_index": 0}',
    index: 0
  },
  placementConstraint: { type: 'None', gpus: [] }
}
[2026-05-13 04:00:26] INFO (LocalV3.local) Created trial UVVc3
[2026-05-13 04:00:28] INFO (LocalV3.local) Trial parameter: UVVc3 {"parameter_id": 62, "parameter_source": "algorithm", "parameters": {"model_type": "TCN", "units": 16, "num_layers": 1, "dropout": 0, "activation": "tanh", "lr": 6.285523269996452e-05, "window_size": 25, "batch_size": 128, "epochs": 5, "kernel_size": 7, "attention_heads": 8}, "parameter_index": 0}
[2026-05-13 04:00:30] INFO (NNIManager) Trial job UVVc3 status changed from RUNNING to SUCCEEDED
[2026-05-13 04:00:30] INFO (NNIManager) NNIManager received command from dispatcher: TR, {"parameter_id": 63, "parameter_source": "algorithm", "parameters": {"model_type": "TCN", "units": 16, "num_layers": 1, "dropout": 0, "activation": "elu", "lr": 7.562187135748455e-05, "window_size": 25, "batch_size": 128, "epochs": 5, "kernel_size": 3, "attention_heads": 8}, "parameter_index": 0}
[2026-05-13 04:00:31] INFO (NNIManager) submitTrialJob: form: {
  sequenceId: 63,
  hyperParameters: {
    value: '{"parameter_id": 63, "parameter_source": "algorithm", "parameters": {"model_type": "TCN", "units": 16, "num_layers": 1, "dropout": 0, "activation": "elu", "lr": 7.562187135748455e-05, "window_size": 25, "batch_size": 128, "epochs": 5, "kernel_size": 3, "attention_heads": 8}, "parameter_index": 0}',
    index: 0
  },
  placementConstraint: { type: 'None', gpus: [] }
}
[2026-05-13 04:00:31] INFO (LocalV3.local) Created trial TJLkt
[2026-05-13 04:00:33] INFO (LocalV3.local) Trial parameter: TJLkt {"parameter_id": 63, "parameter_source": "algorithm", "parameters": {"model_type": "TCN", "units": 16, "num_layers": 1, "dropout": 0, "activation": "elu", "lr": 7.562187135748455e-05, "window_size": 25, "batch_size": 128, "epochs": 5, "kernel_size": 3, "attention_heads": 8}, "parameter_index": 0}
[2026-05-13 04:00:35] INFO (NNIManager) Trial job TJLkt status changed from RUNNING to SUCCEEDED
[2026-05-13 04:00:35] INFO (NNIManager) NNIManager received command from dispatcher: TR, {"parameter_id": 64, "parameter_source": "algorithm", "parameters": {"model_type": "TCN", "units": 16, "num_layers": 1, "dropout": 0, "activation": "relu", "lr": 4.425767929729074e-05, "window_size": 6, "batch_size": 128, "epochs": 5, "kernel_size": 3, "attention_heads": 8}, "parameter_index": 0}
[2026-05-13 04:00:35] INFO (NNIManager) submitTrialJob: form: {
  sequenceId: 64,
  hyperParameters: {
    value: '{"parameter_id": 64, "parameter_source": "algorithm", "parameters": {"model_type": "TCN", "units": 16, "num_layers": 1, "dropout": 0, "activation": "relu", "lr": 4.425767929729074e-05, "window_size": 6, "batch_size": 128, "epochs": 5, "kernel_size": 3, "attention_heads": 8}, "parameter_index": 0}',
    index: 0
  },
  placementConstraint: { type: 'None', gpus: [] }
}
[2026-05-13 04:00:35] INFO (LocalV3.local) Created trial mrGVv
[2026-05-13 04:00:37] INFO (LocalV3.local) Trial parameter: mrGVv {"parameter_id": 64, "parameter_source": "algorithm", "parameters": {"model_type": "TCN", "units": 16, "num_layers": 1, "dropout": 0, "activation": "relu", "lr": 4.425767929729074e-05, "window_size": 6, "batch_size": 128, "epochs": 5, "kernel_size": 3, "attention_heads": 8}, "parameter_index": 0}
[2026-05-13 04:00:39] INFO (NNIManager) Trial job mrGVv status changed from RUNNING to SUCCEEDED
[2026-05-13 04:00:39] INFO (NNIManager) NNIManager received command from dispatcher: TR, {"parameter_id": 65, "parameter_source": "algorithm", "parameters": {"model_type": "CNN", "units": 32, "num_layers": 2, "dropout": 0, "activation": "relu", "lr": 3.6201593688663526e-05, "window_size": 17, "batch_size": 128, "epochs": 5, "kernel_size": 2, "attention_heads": 8}, "parameter_index": 0}
[2026-05-13 04:00:40] INFO (NNIManager) submitTrialJob: form: {
  sequenceId: 65,
  hyperParameters: {
    value: '{"parameter_id": 65, "parameter_source": "algorithm", "parameters": {"model_type": "CNN", "units": 32, "num_layers": 2, "dropout": 0, "activation": "relu", "lr": 3.6201593688663526e-05, "window_size": 17, "batch_size": 128, "epochs": 5, "kernel_size": 2, "attention_heads": 8}, "parameter_index": 0}',
    index: 0
  },
  placementConstraint: { type: 'None', gpus: [] }
}
[2026-05-13 04:00:40] INFO (LocalV3.local) Created trial fmTTd
[2026-05-13 04:00:42] INFO (LocalV3.local) Trial parameter: fmTTd {"parameter_id": 65, "parameter_source": "algorithm", "parameters": {"model_type": "CNN", "units": 32, "num_layers": 2, "dropout": 0, "activation": "relu", "lr": 3.6201593688663526e-05, "window_size": 17, "batch_size": 128, "epochs": 5, "kernel_size": 2, "attention_heads": 8}, "parameter_index": 0}
[2026-05-13 04:00:44] INFO (NNIManager) Trial job fmTTd status changed from RUNNING to SUCCEEDED
[2026-05-13 04:00:44] INFO (NNIManager) NNIManager received command from dispatcher: TR, {"parameter_id": 66, "parameter_source": "algorithm", "parameters": {"model_type": "TCN", "units": 16, "num_layers": 1, "dropout": 0, "activation": "tanh", "lr": 7.474618684680385e-05, "window_size": 16, "batch_size": 128, "epochs": 5, "kernel_size": 3, "attention_heads": 8}, "parameter_index": 0}
[2026-05-13 04:00:45] INFO (NNIManager) submitTrialJob: form: {
  sequenceId: 66,
  hyperParameters: {
    value: '{"parameter_id": 66, "parameter_source": "algorithm", "parameters": {"model_type": "TCN", "units": 16, "num_layers": 1, "dropout": 0, "activation": "tanh", "lr": 7.474618684680385e-05, "window_size": 16, "batch_size": 128, "epochs": 5, "kernel_size": 3, "attention_heads": 8}, "parameter_index": 0}',
    index: 0
  },
  placementConstraint: { type: 'None', gpus: [] }
}
[2026-05-13 04:00:45] INFO (LocalV3.local) Created trial HHxbI
[2026-05-13 04:00:46] INFO (LocalV3.local) Trial parameter: HHxbI {"parameter_id": 66, "parameter_source": "algorithm", "parameters": {"model_type": "TCN", "units": 16, "num_layers": 1, "dropout": 0, "activation": "tanh", "lr": 7.474618684680385e-05, "window_size": 16, "batch_size": 128, "epochs": 5, "kernel_size": 3, "attention_heads": 8}, "parameter_index": 0}
[2026-05-13 04:00:49] INFO (NNIManager) Trial job HHxbI status changed from RUNNING to SUCCEEDED
[2026-05-13 04:00:49] INFO (NNIManager) NNIManager received command from dispatcher: TR, {"parameter_id": 67, "parameter_source": "algorithm", "parameters": {"model_type": "TCN", "units": 16, "num_layers": 1, "dropout": 0.2, "activation": "tanh", "lr": 8.48658492811001e-05, "window_size": 25, "batch_size": 128, "epochs": 5, "kernel_size": 3, "attention_heads": 8}, "parameter_index": 0}
[2026-05-13 04:00:49] INFO (NNIManager) submitTrialJob: form: {
  sequenceId: 67,
  hyperParameters: {
    value: '{"parameter_id": 67, "parameter_source": "algorithm", "parameters": {"model_type": "TCN", "units": 16, "num_layers": 1, "dropout": 0.2, "activation": "tanh", "lr": 8.48658492811001e-05, "window_size": 25, "batch_size": 128, "epochs": 5, "kernel_size": 3, "attention_heads": 8}, "parameter_index": 0}',
    index: 0
  },
  placementConstraint: { type: 'None', gpus: [] }
}
[2026-05-13 04:00:49] INFO (LocalV3.local) Created trial reo6O
[2026-05-13 04:00:51] INFO (LocalV3.local) Trial parameter: reo6O {"parameter_id": 67, "parameter_source": "algorithm", "parameters": {"model_type": "TCN", "units": 16, "num_layers": 1, "dropout": 0.2, "activation": "tanh", "lr": 8.48658492811001e-05, "window_size": 25, "batch_size": 128, "epochs": 5, "kernel_size": 3, "attention_heads": 8}, "parameter_index": 0}
[2026-05-13 04:00:54] INFO (NNIManager) Trial job reo6O status changed from RUNNING to SUCCEEDED
[2026-05-13 04:00:54] INFO (NNIManager) NNIManager received command from dispatcher: TR, {"parameter_id": 68, "parameter_source": "algorithm", "parameters": {"model_type": "TCN", "units": 16, "num_layers": 1, "dropout": 0.1, "activation": "tanh", "lr": 4.09025931837511e-05, "window_size": 8, "batch_size": 128, "epochs": 5, "kernel_size": 3, "attention_heads": 4}, "parameter_index": 0}
[2026-05-13 04:00:54] INFO (NNIManager) submitTrialJob: form: {
  sequenceId: 68,
  hyperParameters: {
    value: '{"parameter_id": 68, "parameter_source": "algorithm", "parameters": {"model_type": "TCN", "units": 16, "num_layers": 1, "dropout": 0.1, "activation": "tanh", "lr": 4.09025931837511e-05, "window_size": 8, "batch_size": 128, "epochs": 5, "kernel_size": 3, "attention_heads": 4}, "parameter_index": 0}',
    index: 0
  },
  placementConstraint: { type: 'None', gpus: [] }
}
[2026-05-13 04:00:54] INFO (LocalV3.local) Created trial hMyVj
[2026-05-13 04:00:56] INFO (LocalV3.local) Trial parameter: hMyVj {"parameter_id": 68, "parameter_source": "algorithm", "parameters": {"model_type": "TCN", "units": 16, "num_layers": 1, "dropout": 0.1, "activation": "tanh", "lr": 4.09025931837511e-05, "window_size": 8, "batch_size": 128, "epochs": 5, "kernel_size": 3, "attention_heads": 4}, "parameter_index": 0}
[2026-05-13 04:00:58] INFO (NNIManager) Trial job hMyVj status changed from RUNNING to SUCCEEDED
[2026-05-13 04:00:58] INFO (NNIManager) NNIManager received command from dispatcher: TR, {"parameter_id": 69, "parameter_source": "algorithm", "parameters": {"model_type": "CNN", "units": 32, "num_layers": 2, "dropout": 0, "activation": "relu", "lr": 3.1558967600766036e-05, "window_size": 17, "batch_size": 128, "epochs": 5, "kernel_size": 2, "attention_heads": 8}, "parameter_index": 0}
[2026-05-13 04:00:59] INFO (NNIManager) submitTrialJob: form: {
  sequenceId: 69,
  hyperParameters: {
    value: '{"parameter_id": 69, "parameter_source": "algorithm", "parameters": {"model_type": "CNN", "units": 32, "num_layers": 2, "dropout": 0, "activation": "relu", "lr": 3.1558967600766036e-05, "window_size": 17, "batch_size": 128, "epochs": 5, "kernel_size": 2, "attention_heads": 8}, "parameter_index": 0}',
    index: 0
  },
  placementConstraint: { type: 'None', gpus: [] }
}
[2026-05-13 04:00:59] INFO (LocalV3.local) Created trial g7k7c
[2026-05-13 04:01:00] INFO (LocalV3.local) Trial parameter: g7k7c {"parameter_id": 69, "parameter_source": "algorithm", "parameters": {"model_type": "CNN", "units": 32, "num_layers": 2, "dropout": 0, "activation": "relu", "lr": 3.1558967600766036e-05, "window_size": 17, "batch_size": 128, "epochs": 5, "kernel_size": 2, "attention_heads": 8}, "parameter_index": 0}
[2026-05-13 04:01:03] INFO (NNIManager) Trial job g7k7c status changed from RUNNING to SUCCEEDED
[2026-05-13 04:01:03] INFO (NNIManager) NNIManager received command from dispatcher: TR, {"parameter_id": 70, "parameter_source": "algorithm", "parameters": {"model_type": "TCN", "units": 64, "num_layers": 1, "dropout": 0, "activation": "tanh", "lr": 8.287874567740608e-05, "window_size": 25, "batch_size": 128, "epochs": 5, "kernel_size": 3, "attention_heads": 8}, "parameter_index": 0}
[2026-05-13 04:01:04] INFO (NNIManager) submitTrialJob: form: {
  sequenceId: 70,
  hyperParameters: {
    value: '{"parameter_id": 70, "parameter_source": "algorithm", "parameters": {"model_type": "TCN", "units": 64, "num_layers": 1, "dropout": 0, "activation": "tanh", "lr": 8.287874567740608e-05, "window_size": 25, "batch_size": 128, "epochs": 5, "kernel_size": 3, "attention_heads": 8}, "parameter_index": 0}',
    index: 0
  },
  placementConstraint: { type: 'None', gpus: [] }
}
[2026-05-13 04:01:04] INFO (LocalV3.local) Created trial RJ17m
[2026-05-13 04:01:05] INFO (LocalV3.local) Trial parameter: RJ17m {"parameter_id": 70, "parameter_source": "algorithm", "parameters": {"model_type": "TCN", "units": 64, "num_layers": 1, "dropout": 0, "activation": "tanh", "lr": 8.287874567740608e-05, "window_size": 25, "batch_size": 128, "epochs": 5, "kernel_size": 3, "attention_heads": 8}, "parameter_index": 0}
[2026-05-13 04:01:08] INFO (NNIManager) Trial job RJ17m status changed from RUNNING to SUCCEEDED
[2026-05-13 04:01:08] INFO (NNIManager) NNIManager received command from dispatcher: TR, {"parameter_id": 71, "parameter_source": "algorithm", "parameters": {"model_type": "TCN", "units": 16, "num_layers": 1, "dropout": 0, "activation": "tanh", "lr": 6.128912107736127e-05, "window_size": 25, "batch_size": 128, "epochs": 5, "kernel_size": 7, "attention_heads": 8}, "parameter_index": 0}
[2026-05-13 04:01:08] INFO (NNIManager) submitTrialJob: form: {
  sequenceId: 71,
  hyperParameters: {
    value: '{"parameter_id": 71, "parameter_source": "algorithm", "parameters": {"model_type": "TCN", "units": 16, "num_layers": 1, "dropout": 0, "activation": "tanh", "lr": 6.128912107736127e-05, "window_size": 25, "batch_size": 128, "epochs": 5, "kernel_size": 7, "attention_heads": 8}, "parameter_index": 0}',
    index: 0
  },
  placementConstraint: { type: 'None', gpus: [] }
}
[2026-05-13 04:01:08] INFO (LocalV3.local) Created trial BS4n6
[2026-05-13 04:01:10] INFO (LocalV3.local) Trial parameter: BS4n6 {"parameter_id": 71, "parameter_source": "algorithm", "parameters": {"model_type": "TCN", "units": 16, "num_layers": 1, "dropout": 0, "activation": "tanh", "lr": 6.128912107736127e-05, "window_size": 25, "batch_size": 128, "epochs": 5, "kernel_size": 7, "attention_heads": 8}, "parameter_index": 0}
[2026-05-13 04:01:12] INFO (NNIManager) Trial job BS4n6 status changed from RUNNING to SUCCEEDED
[2026-05-13 04:01:12] INFO (NNIManager) NNIManager received command from dispatcher: TR, {"parameter_id": 72, "parameter_source": "algorithm", "parameters": {"model_type": "TCN", "units": 16, "num_layers": 1, "dropout": 0, "activation": "tanh", "lr": 4.623878580980686e-05, "window_size": 29, "batch_size": 128, "epochs": 5, "kernel_size": 3, "attention_heads": 8}, "parameter_index": 0}
[2026-05-13 04:01:13] INFO (NNIManager) submitTrialJob: form: {
  sequenceId: 72,
  hyperParameters: {
    value: '{"parameter_id": 72, "parameter_source": "algorithm", "parameters": {"model_type": "TCN", "units": 16, "num_layers": 1, "dropout": 0, "activation": "tanh", "lr": 4.623878580980686e-05, "window_size": 29, "batch_size": 128, "epochs": 5, "kernel_size": 3, "attention_heads": 8}, "parameter_index": 0}',
    index: 0
  },
  placementConstraint: { type: 'None', gpus: [] }
}
[2026-05-13 04:01:13] INFO (LocalV3.local) Created trial gQDCx
[2026-05-13 04:01:14] INFO (LocalV3.local) Trial parameter: gQDCx {"parameter_id": 72, "parameter_source": "algorithm", "parameters": {"model_type": "TCN", "units": 16, "num_layers": 1, "dropout": 0, "activation": "tanh", "lr": 4.623878580980686e-05, "window_size": 29, "batch_size": 128, "epochs": 5, "kernel_size": 3, "attention_heads": 8}, "parameter_index": 0}
[2026-05-13 04:01:17] INFO (NNIManager) Trial job gQDCx status changed from RUNNING to SUCCEEDED
[2026-05-13 04:01:17] INFO (NNIManager) NNIManager received command from dispatcher: TR, {"parameter_id": 73, "parameter_source": "algorithm", "parameters": {"model_type": "CNN", "units": 32, "num_layers": 2, "dropout": 0, "activation": "relu", "lr": 5.899065564377036e-05, "window_size": 17, "batch_size": 64, "epochs": 5, "kernel_size": 2, "attention_heads": 8}, "parameter_index": 0}
[2026-05-13 04:01:17] INFO (NNIManager) submitTrialJob: form: {
  sequenceId: 73,
  hyperParameters: {
    value: '{"parameter_id": 73, "parameter_source": "algorithm", "parameters": {"model_type": "CNN", "units": 32, "num_layers": 2, "dropout": 0, "activation": "relu", "lr": 5.899065564377036e-05, "window_size": 17, "batch_size": 64, "epochs": 5, "kernel_size": 2, "attention_heads": 8}, "parameter_index": 0}',
    index: 0
  },
  placementConstraint: { type: 'None', gpus: [] }
}
[2026-05-13 04:01:17] INFO (LocalV3.local) Created trial mBqNu
[2026-05-13 04:01:19] INFO (LocalV3.local) Trial parameter: mBqNu {"parameter_id": 73, "parameter_source": "algorithm", "parameters": {"model_type": "CNN", "units": 32, "num_layers": 2, "dropout": 0, "activation": "relu", "lr": 5.899065564377036e-05, "window_size": 17, "batch_size": 64, "epochs": 5, "kernel_size": 2, "attention_heads": 8}, "parameter_index": 0}
[2026-05-13 04:01:21] INFO (NNIManager) Trial job mBqNu status changed from RUNNING to SUCCEEDED
[2026-05-13 04:01:21] INFO (NNIManager) NNIManager received command from dispatcher: TR, {"parameter_id": 74, "parameter_source": "algorithm", "parameters": {"model_type": "TCN", "units": 16, "num_layers": 1, "dropout": 0, "activation": "tanh", "lr": 8.5108988730255e-05, "window_size": 28, "batch_size": 128, "epochs": 20, "kernel_size": 3, "attention_heads": 8}, "parameter_index": 0}
[2026-05-13 04:01:22] INFO (NNIManager) submitTrialJob: form: {
  sequenceId: 74,
  hyperParameters: {
    value: '{"parameter_id": 74, "parameter_source": "algorithm", "parameters": {"model_type": "TCN", "units": 16, "num_layers": 1, "dropout": 0, "activation": "tanh", "lr": 8.5108988730255e-05, "window_size": 28, "batch_size": 128, "epochs": 20, "kernel_size": 3, "attention_heads": 8}, "parameter_index": 0}',
    index: 0
  },
  placementConstraint: { type: 'None', gpus: [] }
}
[2026-05-13 04:01:22] INFO (LocalV3.local) Created trial eYIqn
[2026-05-13 04:01:24] INFO (LocalV3.local) Trial parameter: eYIqn {"parameter_id": 74, "parameter_source": "algorithm", "parameters": {"model_type": "TCN", "units": 16, "num_layers": 1, "dropout": 0, "activation": "tanh", "lr": 8.5108988730255e-05, "window_size": 28, "batch_size": 128, "epochs": 20, "kernel_size": 3, "attention_heads": 8}, "parameter_index": 0}
[2026-05-13 04:01:28] INFO (NNIManager) Trial job eYIqn status changed from RUNNING to SUCCEEDED
[2026-05-13 04:01:28] INFO (NNIManager) NNIManager received command from dispatcher: TR, {"parameter_id": 75, "parameter_source": "algorithm", "parameters": {"model_type": "CNN", "units": 32, "num_layers": 2, "dropout": 0, "activation": "relu", "lr": 3.881440795931699e-05, "window_size": 17, "batch_size": 128, "epochs": 5, "kernel_size": 5, "attention_heads": 8}, "parameter_index": 0}
[2026-05-13 04:01:28] INFO (NNIManager) submitTrialJob: form: {
  sequenceId: 75,
  hyperParameters: {
    value: '{"parameter_id": 75, "parameter_source": "algorithm", "parameters": {"model_type": "CNN", "units": 32, "num_layers": 2, "dropout": 0, "activation": "relu", "lr": 3.881440795931699e-05, "window_size": 17, "batch_size": 128, "epochs": 5, "kernel_size": 5, "attention_heads": 8}, "parameter_index": 0}',
    index: 0
  },
  placementConstraint: { type: 'None', gpus: [] }
}
[2026-05-13 04:01:28] INFO (LocalV3.local) Created trial bRwUU
[2026-05-13 04:01:30] INFO (LocalV3.local) Trial parameter: bRwUU {"parameter_id": 75, "parameter_source": "algorithm", "parameters": {"model_type": "CNN", "units": 32, "num_layers": 2, "dropout": 0, "activation": "relu", "lr": 3.881440795931699e-05, "window_size": 17, "batch_size": 128, "epochs": 5, "kernel_size": 5, "attention_heads": 8}, "parameter_index": 0}
[2026-05-13 04:01:32] INFO (NNIManager) Trial job bRwUU status changed from RUNNING to SUCCEEDED
[2026-05-13 04:01:32] INFO (NNIManager) NNIManager received command from dispatcher: TR, {"parameter_id": 76, "parameter_source": "algorithm", "parameters": {"model_type": "TCN", "units": 16, "num_layers": 1, "dropout": 0, "activation": "tanh", "lr": 3.467212297781491e-05, "window_size": 25, "batch_size": 128, "epochs": 5, "kernel_size": 3, "attention_heads": 8}, "parameter_index": 0}
[2026-05-13 04:01:33] INFO (NNIManager) submitTrialJob: form: {
  sequenceId: 76,
  hyperParameters: {
    value: '{"parameter_id": 76, "parameter_source": "algorithm", "parameters": {"model_type": "TCN", "units": 16, "num_layers": 1, "dropout": 0, "activation": "tanh", "lr": 3.467212297781491e-05, "window_size": 25, "batch_size": 128, "epochs": 5, "kernel_size": 3, "attention_heads": 8}, "parameter_index": 0}',
    index: 0
  },
  placementConstraint: { type: 'None', gpus: [] }
}
[2026-05-13 04:01:33] INFO (LocalV3.local) Created trial nNZOd
[2026-05-13 04:01:35] INFO (LocalV3.local) Trial parameter: nNZOd {"parameter_id": 76, "parameter_source": "algorithm", "parameters": {"model_type": "TCN", "units": 16, "num_layers": 1, "dropout": 0, "activation": "tanh", "lr": 3.467212297781491e-05, "window_size": 25, "batch_size": 128, "epochs": 5, "kernel_size": 3, "attention_heads": 8}, "parameter_index": 0}
[2026-05-13 04:01:37] INFO (NNIManager) Trial job nNZOd status changed from RUNNING to SUCCEEDED
[2026-05-13 04:01:37] INFO (NNIManager) NNIManager received command from dispatcher: TR, {"parameter_id": 77, "parameter_source": "algorithm", "parameters": {"model_type": "TCN", "units": 16, "num_layers": 1, "dropout": 0, "activation": "tanh", "lr": 4.8811921927935385e-05, "window_size": 25, "batch_size": 128, "epochs": 5, "kernel_size": 3, "attention_heads": 4}, "parameter_index": 0}
[2026-05-13 04:01:37] INFO (NNIManager) submitTrialJob: form: {
  sequenceId: 77,
  hyperParameters: {
    value: '{"parameter_id": 77, "parameter_source": "algorithm", "parameters": {"model_type": "TCN", "units": 16, "num_layers": 1, "dropout": 0, "activation": "tanh", "lr": 4.8811921927935385e-05, "window_size": 25, "batch_size": 128, "epochs": 5, "kernel_size": 3, "attention_heads": 4}, "parameter_index": 0}',
    index: 0
  },
  placementConstraint: { type: 'None', gpus: [] }
}
[2026-05-13 04:01:37] INFO (LocalV3.local) Created trial HrQuz
[2026-05-13 04:01:39] INFO (LocalV3.local) Trial parameter: HrQuz {"parameter_id": 77, "parameter_source": "algorithm", "parameters": {"model_type": "TCN", "units": 16, "num_layers": 1, "dropout": 0, "activation": "tanh", "lr": 4.8811921927935385e-05, "window_size": 25, "batch_size": 128, "epochs": 5, "kernel_size": 3, "attention_heads": 4}, "parameter_index": 0}
[2026-05-13 04:01:41] INFO (NNIManager) Trial job HrQuz status changed from RUNNING to SUCCEEDED
[2026-05-13 04:01:41] INFO (NNIManager) NNIManager received command from dispatcher: TR, {"parameter_id": 78, "parameter_source": "algorithm", "parameters": {"model_type": "TCN", "units": 16, "num_layers": 1, "dropout": 0, "activation": "tanh", "lr": 3.8943047096181694e-05, "window_size": 4, "batch_size": 16, "epochs": 5, "kernel_size": 3, "attention_heads": 8}, "parameter_index": 0}
[2026-05-13 04:01:42] INFO (NNIManager) submitTrialJob: form: {
  sequenceId: 78,
  hyperParameters: {
    value: '{"parameter_id": 78, "parameter_source": "algorithm", "parameters": {"model_type": "TCN", "units": 16, "num_layers": 1, "dropout": 0, "activation": "tanh", "lr": 3.8943047096181694e-05, "window_size": 4, "batch_size": 16, "epochs": 5, "kernel_size": 3, "attention_heads": 8}, "parameter_index": 0}',
    index: 0
  },
  placementConstraint: { type: 'None', gpus: [] }
}
[2026-05-13 04:01:42] INFO (LocalV3.local) Created trial yQr3b
[2026-05-13 04:01:44] INFO (LocalV3.local) Trial parameter: yQr3b {"parameter_id": 78, "parameter_source": "algorithm", "parameters": {"model_type": "TCN", "units": 16, "num_layers": 1, "dropout": 0, "activation": "tanh", "lr": 3.8943047096181694e-05, "window_size": 4, "batch_size": 16, "epochs": 5, "kernel_size": 3, "attention_heads": 8}, "parameter_index": 0}
[2026-05-13 04:01:47] INFO (NNIManager) Trial job yQr3b status changed from RUNNING to SUCCEEDED
[2026-05-13 04:01:47] INFO (NNIManager) NNIManager received command from dispatcher: TR, {"parameter_id": 79, "parameter_source": "algorithm", "parameters": {"model_type": "TCN", "units": 16, "num_layers": 1, "dropout": 0, "activation": "tanh", "lr": 4.976415355723395e-05, "window_size": 25, "batch_size": 128, "epochs": 5, "kernel_size": 3, "attention_heads": 8}, "parameter_index": 0}
[2026-05-13 04:01:47] INFO (NNIManager) submitTrialJob: form: {
  sequenceId: 79,
  hyperParameters: {
    value: '{"parameter_id": 79, "parameter_source": "algorithm", "parameters": {"model_type": "TCN", "units": 16, "num_layers": 1, "dropout": 0, "activation": "tanh", "lr": 4.976415355723395e-05, "window_size": 25, "batch_size": 128, "epochs": 5, "kernel_size": 3, "attention_heads": 8}, "parameter_index": 0}',
    index: 0
  },
  placementConstraint: { type: 'None', gpus: [] }
}
[2026-05-13 04:01:47] INFO (LocalV3.local) Created trial XWU8E
[2026-05-13 04:01:49] INFO (LocalV3.local) Trial parameter: XWU8E {"parameter_id": 79, "parameter_source": "algorithm", "parameters": {"model_type": "TCN", "units": 16, "num_layers": 1, "dropout": 0, "activation": "tanh", "lr": 4.976415355723395e-05, "window_size": 25, "batch_size": 128, "epochs": 5, "kernel_size": 3, "attention_heads": 8}, "parameter_index": 0}
[2026-05-13 04:01:51] INFO (NNIManager) Trial job XWU8E status changed from RUNNING to SUCCEEDED
[2026-05-13 04:01:51] INFO (NNIManager) NNIManager received command from dispatcher: TR, {"parameter_id": 80, "parameter_source": "algorithm", "parameters": {"model_type": "TCN", "units": 16, "num_layers": 3, "dropout": 0, "activation": "tanh", "lr": 5.097507076707438e-05, "window_size": 25, "batch_size": 128, "epochs": 5, "kernel_size": 3, "attention_heads": 2}, "parameter_index": 0}
[2026-05-13 04:01:52] INFO (NNIManager) submitTrialJob: form: {
  sequenceId: 80,
  hyperParameters: {
    value: '{"parameter_id": 80, "parameter_source": "algorithm", "parameters": {"model_type": "TCN", "units": 16, "num_layers": 3, "dropout": 0, "activation": "tanh", "lr": 5.097507076707438e-05, "window_size": 25, "batch_size": 128, "epochs": 5, "kernel_size": 3, "attention_heads": 2}, "parameter_index": 0}',
    index: 0
  },
  placementConstraint: { type: 'None', gpus: [] }
}
[2026-05-13 04:01:52] INFO (LocalV3.local) Created trial la16x
[2026-05-13 04:01:54] INFO (LocalV3.local) Trial parameter: la16x {"parameter_id": 80, "parameter_source": "algorithm", "parameters": {"model_type": "TCN", "units": 16, "num_layers": 3, "dropout": 0, "activation": "tanh", "lr": 5.097507076707438e-05, "window_size": 25, "batch_size": 128, "epochs": 5, "kernel_size": 3, "attention_heads": 2}, "parameter_index": 0}
[2026-05-13 04:01:56] INFO (NNIManager) Trial job la16x status changed from RUNNING to SUCCEEDED
[2026-05-13 04:01:56] INFO (NNIManager) NNIManager received command from dispatcher: TR, {"parameter_id": 81, "parameter_source": "algorithm", "parameters": {"model_type": "TCN", "units": 16, "num_layers": 1, "dropout": 0, "activation": "tanh", "lr": 6.75369684778514e-05, "window_size": 25, "batch_size": 128, "epochs": 5, "kernel_size": 3, "attention_heads": 8}, "parameter_index": 0}
[2026-05-13 04:01:57] INFO (NNIManager) submitTrialJob: form: {
  sequenceId: 81,
  hyperParameters: {
    value: '{"parameter_id": 81, "parameter_source": "algorithm", "parameters": {"model_type": "TCN", "units": 16, "num_layers": 1, "dropout": 0, "activation": "tanh", "lr": 6.75369684778514e-05, "window_size": 25, "batch_size": 128, "epochs": 5, "kernel_size": 3, "attention_heads": 8}, "parameter_index": 0}',
    index: 0
  },
  placementConstraint: { type: 'None', gpus: [] }
}
[2026-05-13 04:01:57] INFO (LocalV3.local) Created trial IXYQ1
[2026-05-13 04:01:59] INFO (LocalV3.local) Trial parameter: IXYQ1 {"parameter_id": 81, "parameter_source": "algorithm", "parameters": {"model_type": "TCN", "units": 16, "num_layers": 1, "dropout": 0, "activation": "tanh", "lr": 6.75369684778514e-05, "window_size": 25, "batch_size": 128, "epochs": 5, "kernel_size": 3, "attention_heads": 8}, "parameter_index": 0}
[2026-05-13 04:02:01] INFO (NNIManager) Trial job IXYQ1 status changed from RUNNING to SUCCEEDED
[2026-05-13 04:02:01] INFO (NNIManager) NNIManager received command from dispatcher: TR, {"parameter_id": 82, "parameter_source": "algorithm", "parameters": {"model_type": "TCN", "units": 16, "num_layers": 1, "dropout": 0, "activation": "tanh", "lr": 5.057368752227656e-05, "window_size": 25, "batch_size": 128, "epochs": 5, "kernel_size": 3, "attention_heads": 8}, "parameter_index": 0}
[2026-05-13 04:02:01] INFO (NNIManager) submitTrialJob: form: {
  sequenceId: 82,
  hyperParameters: {
    value: '{"parameter_id": 82, "parameter_source": "algorithm", "parameters": {"model_type": "TCN", "units": 16, "num_layers": 1, "dropout": 0, "activation": "tanh", "lr": 5.057368752227656e-05, "window_size": 25, "batch_size": 128, "epochs": 5, "kernel_size": 3, "attention_heads": 8}, "parameter_index": 0}',
    index: 0
  },
  placementConstraint: { type: 'None', gpus: [] }
}
[2026-05-13 04:02:01] INFO (LocalV3.local) Created trial uWg6g
[2026-05-13 04:02:03] INFO (LocalV3.local) Trial parameter: uWg6g {"parameter_id": 82, "parameter_source": "algorithm", "parameters": {"model_type": "TCN", "units": 16, "num_layers": 1, "dropout": 0, "activation": "tanh", "lr": 5.057368752227656e-05, "window_size": 25, "batch_size": 128, "epochs": 5, "kernel_size": 3, "attention_heads": 8}, "parameter_index": 0}
[2026-05-13 04:02:05] INFO (NNIManager) Trial job uWg6g status changed from RUNNING to SUCCEEDED
[2026-05-13 04:02:05] INFO (NNIManager) NNIManager received command from dispatcher: TR, {"parameter_id": 83, "parameter_source": "algorithm", "parameters": {"model_type": "CNN", "units": 32, "num_layers": 2, "dropout": 0, "activation": "relu", "lr": 4.294089705232908e-05, "window_size": 17, "batch_size": 128, "epochs": 5, "kernel_size": 7, "attention_heads": 8}, "parameter_index": 0}
[2026-05-13 04:02:06] INFO (NNIManager) submitTrialJob: form: {
  sequenceId: 83,
  hyperParameters: {
    value: '{"parameter_id": 83, "parameter_source": "algorithm", "parameters": {"model_type": "CNN", "units": 32, "num_layers": 2, "dropout": 0, "activation": "relu", "lr": 4.294089705232908e-05, "window_size": 17, "batch_size": 128, "epochs": 5, "kernel_size": 7, "attention_heads": 8}, "parameter_index": 0}',
    index: 0
  },
  placementConstraint: { type: 'None', gpus: [] }
}
[2026-05-13 04:02:06] INFO (LocalV3.local) Created trial RUaKr
[2026-05-13 04:02:08] INFO (LocalV3.local) Trial parameter: RUaKr {"parameter_id": 83, "parameter_source": "algorithm", "parameters": {"model_type": "CNN", "units": 32, "num_layers": 2, "dropout": 0, "activation": "relu", "lr": 4.294089705232908e-05, "window_size": 17, "batch_size": 128, "epochs": 5, "kernel_size": 7, "attention_heads": 8}, "parameter_index": 0}
[2026-05-13 04:02:11] INFO (NNIManager) Trial job RUaKr status changed from RUNNING to SUCCEEDED
[2026-05-13 04:02:11] INFO (NNIManager) NNIManager received command from dispatcher: TR, {"parameter_id": 84, "parameter_source": "algorithm", "parameters": {"model_type": "TCN", "units": 128, "num_layers": 2, "dropout": 0, "activation": "tanh", "lr": 7.583081703315269e-05, "window_size": 25, "batch_size": 128, "epochs": 5, "kernel_size": 3, "attention_heads": 8}, "parameter_index": 0}
[2026-05-13 04:02:11] INFO (NNIManager) submitTrialJob: form: {
  sequenceId: 84,
  hyperParameters: {
    value: '{"parameter_id": 84, "parameter_source": "algorithm", "parameters": {"model_type": "TCN", "units": 128, "num_layers": 2, "dropout": 0, "activation": "tanh", "lr": 7.583081703315269e-05, "window_size": 25, "batch_size": 128, "epochs": 5, "kernel_size": 3, "attention_heads": 8}, "parameter_index": 0}',
    index: 0
  },
  placementConstraint: { type: 'None', gpus: [] }
}
[2026-05-13 04:02:11] INFO (LocalV3.local) Created trial ZySlS
[2026-05-13 04:02:13] INFO (LocalV3.local) Trial parameter: ZySlS {"parameter_id": 84, "parameter_source": "algorithm", "parameters": {"model_type": "TCN", "units": 128, "num_layers": 2, "dropout": 0, "activation": "tanh", "lr": 7.583081703315269e-05, "window_size": 25, "batch_size": 128, "epochs": 5, "kernel_size": 3, "attention_heads": 8}, "parameter_index": 0}
[2026-05-13 04:02:16] INFO (NNIManager) Trial job ZySlS status changed from RUNNING to SUCCEEDED
[2026-05-13 04:02:16] INFO (NNIManager) NNIManager received command from dispatcher: TR, {"parameter_id": 85, "parameter_source": "algorithm", "parameters": {"model_type": "CNN", "units": 32, "num_layers": 2, "dropout": 0, "activation": "relu", "lr": 4.251521521932746e-05, "window_size": 17, "batch_size": 128, "epochs": 5, "kernel_size": 2, "attention_heads": 8}, "parameter_index": 0}
[2026-05-13 04:02:17] INFO (NNIManager) submitTrialJob: form: {
  sequenceId: 85,
  hyperParameters: {
    value: '{"parameter_id": 85, "parameter_source": "algorithm", "parameters": {"model_type": "CNN", "units": 32, "num_layers": 2, "dropout": 0, "activation": "relu", "lr": 4.251521521932746e-05, "window_size": 17, "batch_size": 128, "epochs": 5, "kernel_size": 2, "attention_heads": 8}, "parameter_index": 0}',
    index: 0
  },
  placementConstraint: { type: 'None', gpus: [] }
}
[2026-05-13 04:02:17] INFO (LocalV3.local) Created trial FJKHE
[2026-05-13 04:02:18] INFO (LocalV3.local) Trial parameter: FJKHE {"parameter_id": 85, "parameter_source": "algorithm", "parameters": {"model_type": "CNN", "units": 32, "num_layers": 2, "dropout": 0, "activation": "relu", "lr": 4.251521521932746e-05, "window_size": 17, "batch_size": 128, "epochs": 5, "kernel_size": 2, "attention_heads": 8}, "parameter_index": 0}
[2026-05-13 04:02:21] INFO (NNIManager) Trial job FJKHE status changed from RUNNING to SUCCEEDED
[2026-05-13 04:02:21] INFO (NNIManager) NNIManager received command from dispatcher: TR, {"parameter_id": 86, "parameter_source": "algorithm", "parameters": {"model_type": "TCN", "units": 16, "num_layers": 1, "dropout": 0, "activation": "tanh", "lr": 7.184228482604707e-05, "window_size": 25, "batch_size": 128, "epochs": 5, "kernel_size": 3, "attention_heads": 8}, "parameter_index": 0}
[2026-05-13 04:02:21] INFO (NNIManager) submitTrialJob: form: {
  sequenceId: 86,
  hyperParameters: {
    value: '{"parameter_id": 86, "parameter_source": "algorithm", "parameters": {"model_type": "TCN", "units": 16, "num_layers": 1, "dropout": 0, "activation": "tanh", "lr": 7.184228482604707e-05, "window_size": 25, "batch_size": 128, "epochs": 5, "kernel_size": 3, "attention_heads": 8}, "parameter_index": 0}',
    index: 0
  },
  placementConstraint: { type: 'None', gpus: [] }
}
[2026-05-13 04:02:21] INFO (LocalV3.local) Created trial HAMpu
[2026-05-13 04:02:23] INFO (LocalV3.local) Trial parameter: HAMpu {"parameter_id": 86, "parameter_source": "algorithm", "parameters": {"model_type": "TCN", "units": 16, "num_layers": 1, "dropout": 0, "activation": "tanh", "lr": 7.184228482604707e-05, "window_size": 25, "batch_size": 128, "epochs": 5, "kernel_size": 3, "attention_heads": 8}, "parameter_index": 0}
[2026-05-13 04:02:25] INFO (NNIManager) Trial job HAMpu status changed from RUNNING to SUCCEEDED
[2026-05-13 04:02:25] INFO (NNIManager) NNIManager received command from dispatcher: TR, {"parameter_id": 87, "parameter_source": "algorithm", "parameters": {"model_type": "TCN", "units": 16, "num_layers": 1, "dropout": 0, "activation": "tanh", "lr": 5.237331026110809e-05, "window_size": 25, "batch_size": 128, "epochs": 5, "kernel_size": 3, "attention_heads": 8}, "parameter_index": 0}
[2026-05-13 04:02:26] INFO (NNIManager) submitTrialJob: form: {
  sequenceId: 87,
  hyperParameters: {
    value: '{"parameter_id": 87, "parameter_source": "algorithm", "parameters": {"model_type": "TCN", "units": 16, "num_layers": 1, "dropout": 0, "activation": "tanh", "lr": 5.237331026110809e-05, "window_size": 25, "batch_size": 128, "epochs": 5, "kernel_size": 3, "attention_heads": 8}, "parameter_index": 0}',
    index: 0
  },
  placementConstraint: { type: 'None', gpus: [] }
}
[2026-05-13 04:02:26] INFO (LocalV3.local) Created trial lG4R5
[2026-05-13 04:02:27] INFO (LocalV3.local) Trial parameter: lG4R5 {"parameter_id": 87, "parameter_source": "algorithm", "parameters": {"model_type": "TCN", "units": 16, "num_layers": 1, "dropout": 0, "activation": "tanh", "lr": 5.237331026110809e-05, "window_size": 25, "batch_size": 128, "epochs": 5, "kernel_size": 3, "attention_heads": 8}, "parameter_index": 0}
[2026-05-13 04:02:30] INFO (NNIManager) Trial job lG4R5 status changed from RUNNING to SUCCEEDED
[2026-05-13 04:02:30] INFO (NNIManager) NNIManager received command from dispatcher: TR, {"parameter_id": 88, "parameter_source": "algorithm", "parameters": {"model_type": "TCN", "units": 16, "num_layers": 1, "dropout": 0.3, "activation": "tanh", "lr": 5.153708550558462e-05, "window_size": 25, "batch_size": 128, "epochs": 5, "kernel_size": 3, "attention_heads": 8}, "parameter_index": 0}
[2026-05-13 04:02:30] INFO (NNIManager) submitTrialJob: form: {
  sequenceId: 88,
  hyperParameters: {
    value: '{"parameter_id": 88, "parameter_source": "algorithm", "parameters": {"model_type": "TCN", "units": 16, "num_layers": 1, "dropout": 0.3, "activation": "tanh", "lr": 5.153708550558462e-05, "window_size": 25, "batch_size": 128, "epochs": 5, "kernel_size": 3, "attention_heads": 8}, "parameter_index": 0}',
    index: 0
  },
  placementConstraint: { type: 'None', gpus: [] }
}
[2026-05-13 04:02:30] INFO (LocalV3.local) Created trial pEBMV
[2026-05-13 04:02:32] INFO (LocalV3.local) Trial parameter: pEBMV {"parameter_id": 88, "parameter_source": "algorithm", "parameters": {"model_type": "TCN", "units": 16, "num_layers": 1, "dropout": 0.3, "activation": "tanh", "lr": 5.153708550558462e-05, "window_size": 25, "batch_size": 128, "epochs": 5, "kernel_size": 3, "attention_heads": 8}, "parameter_index": 0}
[2026-05-13 04:02:34] INFO (NNIManager) Trial job pEBMV status changed from RUNNING to SUCCEEDED
[2026-05-13 04:02:34] INFO (NNIManager) NNIManager received command from dispatcher: TR, {"parameter_id": 89, "parameter_source": "algorithm", "parameters": {"model_type": "TCN", "units": 16, "num_layers": 1, "dropout": 0.3, "activation": "tanh", "lr": 4.564265915833727e-05, "window_size": 25, "batch_size": 128, "epochs": 5, "kernel_size": 3, "attention_heads": 8}, "parameter_index": 0}
[2026-05-13 04:02:35] INFO (NNIManager) submitTrialJob: form: {
  sequenceId: 89,
  hyperParameters: {
    value: '{"parameter_id": 89, "parameter_source": "algorithm", "parameters": {"model_type": "TCN", "units": 16, "num_layers": 1, "dropout": 0.3, "activation": "tanh", "lr": 4.564265915833727e-05, "window_size": 25, "batch_size": 128, "epochs": 5, "kernel_size": 3, "attention_heads": 8}, "parameter_index": 0}',
    index: 0
  },
  placementConstraint: { type: 'None', gpus: [] }
}
[2026-05-13 04:02:35] INFO (LocalV3.local) Created trial kht0e
[2026-05-13 04:02:37] INFO (LocalV3.local) Trial parameter: kht0e {"parameter_id": 89, "parameter_source": "algorithm", "parameters": {"model_type": "TCN", "units": 16, "num_layers": 1, "dropout": 0.3, "activation": "tanh", "lr": 4.564265915833727e-05, "window_size": 25, "batch_size": 128, "epochs": 5, "kernel_size": 3, "attention_heads": 8}, "parameter_index": 0}
[2026-05-13 04:02:39] INFO (NNIManager) Trial job kht0e status changed from RUNNING to SUCCEEDED
[2026-05-13 04:02:39] INFO (NNIManager) NNIManager received command from dispatcher: TR, {"parameter_id": 90, "parameter_source": "algorithm", "parameters": {"model_type": "TCN", "units": 256, "num_layers": 1, "dropout": 0.2, "activation": "tanh", "lr": 5.655240458215225e-05, "window_size": 25, "batch_size": 128, "epochs": 20, "kernel_size": 3, "attention_heads": 8}, "parameter_index": 0}
[2026-05-13 04:02:39] INFO (NNIManager) submitTrialJob: form: {
  sequenceId: 90,
  hyperParameters: {
    value: '{"parameter_id": 90, "parameter_source": "algorithm", "parameters": {"model_type": "TCN", "units": 256, "num_layers": 1, "dropout": 0.2, "activation": "tanh", "lr": 5.655240458215225e-05, "window_size": 25, "batch_size": 128, "epochs": 20, "kernel_size": 3, "attention_heads": 8}, "parameter_index": 0}',
    index: 0
  },
  placementConstraint: { type: 'None', gpus: [] }
}
[2026-05-13 04:02:39] INFO (LocalV3.local) Created trial F8F2J
[2026-05-13 04:02:41] INFO (LocalV3.local) Trial parameter: F8F2J {"parameter_id": 90, "parameter_source": "algorithm", "parameters": {"model_type": "TCN", "units": 256, "num_layers": 1, "dropout": 0.2, "activation": "tanh", "lr": 5.655240458215225e-05, "window_size": 25, "batch_size": 128, "epochs": 20, "kernel_size": 3, "attention_heads": 8}, "parameter_index": 0}
[2026-05-13 04:02:47] INFO (NNIManager) Trial job F8F2J status changed from RUNNING to SUCCEEDED
[2026-05-13 04:02:47] INFO (NNIManager) NNIManager received command from dispatcher: TR, {"parameter_id": 91, "parameter_source": "algorithm", "parameters": {"model_type": "TCN", "units": 16, "num_layers": 1, "dropout": 0, "activation": "tanh", "lr": 5.719565783153309e-05, "window_size": 25, "batch_size": 128, "epochs": 20, "kernel_size": 3, "attention_heads": 4}, "parameter_index": 0}
[2026-05-13 04:02:47] INFO (NNIManager) submitTrialJob: form: {
  sequenceId: 91,
  hyperParameters: {
    value: '{"parameter_id": 91, "parameter_source": "algorithm", "parameters": {"model_type": "TCN", "units": 16, "num_layers": 1, "dropout": 0, "activation": "tanh", "lr": 5.719565783153309e-05, "window_size": 25, "batch_size": 128, "epochs": 20, "kernel_size": 3, "attention_heads": 4}, "parameter_index": 0}',
    index: 0
  },
  placementConstraint: { type: 'None', gpus: [] }
}
[2026-05-13 04:02:47] INFO (LocalV3.local) Created trial Iy1Vj
[2026-05-13 04:02:49] INFO (LocalV3.local) Trial parameter: Iy1Vj {"parameter_id": 91, "parameter_source": "algorithm", "parameters": {"model_type": "TCN", "units": 16, "num_layers": 1, "dropout": 0, "activation": "tanh", "lr": 5.719565783153309e-05, "window_size": 25, "batch_size": 128, "epochs": 20, "kernel_size": 3, "attention_heads": 4}, "parameter_index": 0}
[2026-05-13 04:02:53] INFO (NNIManager) Trial job Iy1Vj status changed from RUNNING to SUCCEEDED
[2026-05-13 04:02:53] INFO (NNIManager) NNIManager received command from dispatcher: TR, {"parameter_id": 92, "parameter_source": "algorithm", "parameters": {"model_type": "CNN", "units": 32, "num_layers": 2, "dropout": 0, "activation": "relu", "lr": 6.043669357173512e-05, "window_size": 17, "batch_size": 128, "epochs": 5, "kernel_size": 2, "attention_heads": 8}, "parameter_index": 0}
[2026-05-13 04:02:54] INFO (NNIManager) submitTrialJob: form: {
  sequenceId: 92,
  hyperParameters: {
    value: '{"parameter_id": 92, "parameter_source": "algorithm", "parameters": {"model_type": "CNN", "units": 32, "num_layers": 2, "dropout": 0, "activation": "relu", "lr": 6.043669357173512e-05, "window_size": 17, "batch_size": 128, "epochs": 5, "kernel_size": 2, "attention_heads": 8}, "parameter_index": 0}',
    index: 0
  },
  placementConstraint: { type: 'None', gpus: [] }
}
[2026-05-13 04:02:54] INFO (LocalV3.local) Created trial RElPq
[2026-05-13 04:02:56] INFO (LocalV3.local) Trial parameter: RElPq {"parameter_id": 92, "parameter_source": "algorithm", "parameters": {"model_type": "CNN", "units": 32, "num_layers": 2, "dropout": 0, "activation": "relu", "lr": 6.043669357173512e-05, "window_size": 17, "batch_size": 128, "epochs": 5, "kernel_size": 2, "attention_heads": 8}, "parameter_index": 0}
[2026-05-13 04:02:58] INFO (NNIManager) Trial job RElPq status changed from RUNNING to SUCCEEDED
[2026-05-13 04:02:58] INFO (NNIManager) NNIManager received command from dispatcher: TR, {"parameter_id": 93, "parameter_source": "algorithm", "parameters": {"model_type": "TCN", "units": 16, "num_layers": 1, "dropout": 0.3, "activation": "tanh", "lr": 4.1989141525870905e-05, "window_size": 25, "batch_size": 128, "epochs": 5, "kernel_size": 3, "attention_heads": 8}, "parameter_index": 0}
[2026-05-13 04:02:58] INFO (NNIManager) submitTrialJob: form: {
  sequenceId: 93,
  hyperParameters: {
    value: '{"parameter_id": 93, "parameter_source": "algorithm", "parameters": {"model_type": "TCN", "units": 16, "num_layers": 1, "dropout": 0.3, "activation": "tanh", "lr": 4.1989141525870905e-05, "window_size": 25, "batch_size": 128, "epochs": 5, "kernel_size": 3, "attention_heads": 8}, "parameter_index": 0}',
    index: 0
  },
  placementConstraint: { type: 'None', gpus: [] }
}
[2026-05-13 04:02:58] INFO (LocalV3.local) Created trial p1unr
[2026-05-13 04:03:00] INFO (LocalV3.local) Trial parameter: p1unr {"parameter_id": 93, "parameter_source": "algorithm", "parameters": {"model_type": "TCN", "units": 16, "num_layers": 1, "dropout": 0.3, "activation": "tanh", "lr": 4.1989141525870905e-05, "window_size": 25, "batch_size": 128, "epochs": 5, "kernel_size": 3, "attention_heads": 8}, "parameter_index": 0}
[2026-05-13 04:03:02] INFO (NNIManager) Trial job p1unr status changed from RUNNING to SUCCEEDED
[2026-05-13 04:03:02] INFO (NNIManager) NNIManager received command from dispatcher: TR, {"parameter_id": 94, "parameter_source": "algorithm", "parameters": {"model_type": "CNN", "units": 32, "num_layers": 2, "dropout": 0, "activation": "relu", "lr": 6.476278631986087e-05, "window_size": 17, "batch_size": 128, "epochs": 5, "kernel_size": 2, "attention_heads": 8}, "parameter_index": 0}
[2026-05-13 04:03:03] INFO (NNIManager) submitTrialJob: form: {
  sequenceId: 94,
  hyperParameters: {
    value: '{"parameter_id": 94, "parameter_source": "algorithm", "parameters": {"model_type": "CNN", "units": 32, "num_layers": 2, "dropout": 0, "activation": "relu", "lr": 6.476278631986087e-05, "window_size": 17, "batch_size": 128, "epochs": 5, "kernel_size": 2, "attention_heads": 8}, "parameter_index": 0}',
    index: 0
  },
  placementConstraint: { type: 'None', gpus: [] }
}
[2026-05-13 04:03:03] INFO (LocalV3.local) Created trial yzN7g
[2026-05-13 04:03:05] INFO (LocalV3.local) Trial parameter: yzN7g {"parameter_id": 94, "parameter_source": "algorithm", "parameters": {"model_type": "CNN", "units": 32, "num_layers": 2, "dropout": 0, "activation": "relu", "lr": 6.476278631986087e-05, "window_size": 17, "batch_size": 128, "epochs": 5, "kernel_size": 2, "attention_heads": 8}, "parameter_index": 0}
[2026-05-13 04:03:07] INFO (NNIManager) Trial job yzN7g status changed from RUNNING to SUCCEEDED
[2026-05-13 04:03:07] INFO (NNIManager) NNIManager received command from dispatcher: TR, {"parameter_id": 95, "parameter_source": "algorithm", "parameters": {"model_type": "TCN", "units": 16, "num_layers": 3, "dropout": 0.2, "activation": "tanh", "lr": 4.9011422179627116e-05, "window_size": 25, "batch_size": 128, "epochs": 5, "kernel_size": 3, "attention_heads": 8}, "parameter_index": 0}
[2026-05-13 04:03:07] INFO (NNIManager) submitTrialJob: form: {
  sequenceId: 95,
  hyperParameters: {
    value: '{"parameter_id": 95, "parameter_source": "algorithm", "parameters": {"model_type": "TCN", "units": 16, "num_layers": 3, "dropout": 0.2, "activation": "tanh", "lr": 4.9011422179627116e-05, "window_size": 25, "batch_size": 128, "epochs": 5, "kernel_size": 3, "attention_heads": 8}, "parameter_index": 0}',
    index: 0
  },
  placementConstraint: { type: 'None', gpus: [] }
}
[2026-05-13 04:03:07] INFO (LocalV3.local) Created trial rIwDa
[2026-05-13 04:03:09] INFO (LocalV3.local) Trial parameter: rIwDa {"parameter_id": 95, "parameter_source": "algorithm", "parameters": {"model_type": "TCN", "units": 16, "num_layers": 3, "dropout": 0.2, "activation": "tanh", "lr": 4.9011422179627116e-05, "window_size": 25, "batch_size": 128, "epochs": 5, "kernel_size": 3, "attention_heads": 8}, "parameter_index": 0}
[2026-05-13 04:03:12] INFO (NNIManager) Trial job rIwDa status changed from RUNNING to SUCCEEDED
[2026-05-13 04:03:12] INFO (NNIManager) NNIManager received command from dispatcher: TR, {"parameter_id": 96, "parameter_source": "algorithm", "parameters": {"model_type": "TCN", "units": 16, "num_layers": 1, "dropout": 0, "activation": "tanh", "lr": 6.880003369992873e-05, "window_size": 9, "batch_size": 128, "epochs": 5, "kernel_size": 3, "attention_heads": 8}, "parameter_index": 0}
[2026-05-13 04:03:12] INFO (NNIManager) submitTrialJob: form: {
  sequenceId: 96,
  hyperParameters: {
    value: '{"parameter_id": 96, "parameter_source": "algorithm", "parameters": {"model_type": "TCN", "units": 16, "num_layers": 1, "dropout": 0, "activation": "tanh", "lr": 6.880003369992873e-05, "window_size": 9, "batch_size": 128, "epochs": 5, "kernel_size": 3, "attention_heads": 8}, "parameter_index": 0}',
    index: 0
  },
  placementConstraint: { type: 'None', gpus: [] }
}
[2026-05-13 04:03:12] INFO (LocalV3.local) Created trial iTw5L
[2026-05-13 04:03:14] INFO (LocalV3.local) Trial parameter: iTw5L {"parameter_id": 96, "parameter_source": "algorithm", "parameters": {"model_type": "TCN", "units": 16, "num_layers": 1, "dropout": 0, "activation": "tanh", "lr": 6.880003369992873e-05, "window_size": 9, "batch_size": 128, "epochs": 5, "kernel_size": 3, "attention_heads": 8}, "parameter_index": 0}
[2026-05-13 04:03:16] INFO (NNIManager) Trial job iTw5L status changed from RUNNING to SUCCEEDED
[2026-05-13 04:03:16] INFO (NNIManager) NNIManager received command from dispatcher: TR, {"parameter_id": 97, "parameter_source": "algorithm", "parameters": {"model_type": "GRU", "units": 64, "num_layers": 1, "dropout": 0, "activation": "tanh", "lr": 7.016014174700899e-05, "window_size": 9, "batch_size": 128, "epochs": 5, "kernel_size": 3, "attention_heads": 8}, "parameter_index": 0}
[2026-05-13 04:03:17] INFO (NNIManager) submitTrialJob: form: {
  sequenceId: 97,
  hyperParameters: {
    value: '{"parameter_id": 97, "parameter_source": "algorithm", "parameters": {"model_type": "GRU", "units": 64, "num_layers": 1, "dropout": 0, "activation": "tanh", "lr": 7.016014174700899e-05, "window_size": 9, "batch_size": 128, "epochs": 5, "kernel_size": 3, "attention_heads": 8}, "parameter_index": 0}',
    index: 0
  },
  placementConstraint: { type: 'None', gpus: [] }
}
[2026-05-13 04:03:17] INFO (LocalV3.local) Created trial pRsfz
[2026-05-13 04:03:19] INFO (LocalV3.local) Trial parameter: pRsfz {"parameter_id": 97, "parameter_source": "algorithm", "parameters": {"model_type": "GRU", "units": 64, "num_layers": 1, "dropout": 0, "activation": "tanh", "lr": 7.016014174700899e-05, "window_size": 9, "batch_size": 128, "epochs": 5, "kernel_size": 3, "attention_heads": 8}, "parameter_index": 0}
[2026-05-13 04:03:22] INFO (NNIManager) Trial job pRsfz status changed from RUNNING to SUCCEEDED
[2026-05-13 04:03:22] INFO (NNIManager) NNIManager received command from dispatcher: TR, {"parameter_id": 98, "parameter_source": "algorithm", "parameters": {"model_type": "TCN", "units": 16, "num_layers": 1, "dropout": 0, "activation": "tanh", "lr": 7.133048208118714e-05, "window_size": 25, "batch_size": 128, "epochs": 5, "kernel_size": 3, "attention_heads": 8}, "parameter_index": 0}
[2026-05-13 04:03:23] INFO (NNIManager) submitTrialJob: form: {
  sequenceId: 98,
  hyperParameters: {
    value: '{"parameter_id": 98, "parameter_source": "algorithm", "parameters": {"model_type": "TCN", "units": 16, "num_layers": 1, "dropout": 0, "activation": "tanh", "lr": 7.133048208118714e-05, "window_size": 25, "batch_size": 128, "epochs": 5, "kernel_size": 3, "attention_heads": 8}, "parameter_index": 0}',
    index: 0
  },
  placementConstraint: { type: 'None', gpus: [] }
}
[2026-05-13 04:03:23] INFO (LocalV3.local) Created trial hZL9j
[2026-05-13 04:03:25] INFO (LocalV3.local) Trial parameter: hZL9j {"parameter_id": 98, "parameter_source": "algorithm", "parameters": {"model_type": "TCN", "units": 16, "num_layers": 1, "dropout": 0, "activation": "tanh", "lr": 7.133048208118714e-05, "window_size": 25, "batch_size": 128, "epochs": 5, "kernel_size": 3, "attention_heads": 8}, "parameter_index": 0}
[2026-05-13 04:03:27] INFO (NNIManager) Trial job hZL9j status changed from RUNNING to SUCCEEDED
[2026-05-13 04:03:27] INFO (NNIManager) NNIManager received command from dispatcher: TR, {"parameter_id": 99, "parameter_source": "algorithm", "parameters": {"model_type": "TCN", "units": 16, "num_layers": 3, "dropout": 0, "activation": "tanh", "lr": 5.059530839623393e-05, "window_size": 25, "batch_size": 128, "epochs": 5, "kernel_size": 3, "attention_heads": 8}, "parameter_index": 0}
[2026-05-13 04:03:27] INFO (NNIManager) submitTrialJob: form: {
  sequenceId: 99,
  hyperParameters: {
    value: '{"parameter_id": 99, "parameter_source": "algorithm", "parameters": {"model_type": "TCN", "units": 16, "num_layers": 3, "dropout": 0, "activation": "tanh", "lr": 5.059530839623393e-05, "window_size": 25, "batch_size": 128, "epochs": 5, "kernel_size": 3, "attention_heads": 8}, "parameter_index": 0}',
    index: 0
  },
  placementConstraint: { type: 'None', gpus: [] }
}
[2026-05-13 04:03:27] INFO (LocalV3.local) Created trial We8iD
[2026-05-13 04:03:29] INFO (LocalV3.local) Trial parameter: We8iD {"parameter_id": 99, "parameter_source": "algorithm", "parameters": {"model_type": "TCN", "units": 16, "num_layers": 3, "dropout": 0, "activation": "tanh", "lr": 5.059530839623393e-05, "window_size": 25, "batch_size": 128, "epochs": 5, "kernel_size": 3, "attention_heads": 8}, "parameter_index": 0}
[2026-05-13 04:03:32] INFO (NNIManager) Trial job We8iD status changed from RUNNING to SUCCEEDED
[2026-05-13 04:03:32] INFO (NNIManager) NNIManager received command from dispatcher: TR, {"parameter_id": 100, "parameter_source": "algorithm", "parameters": {"model_type": "TCN", "units": 16, "num_layers": 4, "dropout": 0, "activation": "tanh", "lr": 3.4510620314984044e-05, "window_size": 25, "batch_size": 128, "epochs": 5, "kernel_size": 3, "attention_heads": 8}, "parameter_index": 0}
[2026-05-13 04:03:32] INFO (NNIManager) submitTrialJob: form: {
  sequenceId: 100,
  hyperParameters: {
    value: '{"parameter_id": 100, "parameter_source": "algorithm", "parameters": {"model_type": "TCN", "units": 16, "num_layers": 4, "dropout": 0, "activation": "tanh", "lr": 3.4510620314984044e-05, "window_size": 25, "batch_size": 128, "epochs": 5, "kernel_size": 3, "attention_heads": 8}, "parameter_index": 0}',
    index: 0
  },
  placementConstraint: { type: 'None', gpus: [] }
}
[2026-05-13 04:03:32] INFO (LocalV3.local) Created trial GNr0I
[2026-05-13 04:03:34] INFO (LocalV3.local) Trial parameter: GNr0I {"parameter_id": 100, "parameter_source": "algorithm", "parameters": {"model_type": "TCN", "units": 16, "num_layers": 4, "dropout": 0, "activation": "tanh", "lr": 3.4510620314984044e-05, "window_size": 25, "batch_size": 128, "epochs": 5, "kernel_size": 3, "attention_heads": 8}, "parameter_index": 0}
[2026-05-13 04:03:37] INFO (NNIManager) Trial job GNr0I status changed from RUNNING to SUCCEEDED
[2026-05-13 04:03:37] INFO (NNIManager) NNIManager received command from dispatcher: TR, {"parameter_id": 101, "parameter_source": "algorithm", "parameters": {"model_type": "TCN", "units": 16, "num_layers": 1, "dropout": 0, "activation": "tanh", "lr": 6.082944540531971e-05, "window_size": 25, "batch_size": 128, "epochs": 5, "kernel_size": 3, "attention_heads": 8}, "parameter_index": 0}
[2026-05-13 04:03:38] INFO (NNIManager) submitTrialJob: form: {
  sequenceId: 101,
  hyperParameters: {
    value: '{"parameter_id": 101, "parameter_source": "algorithm", "parameters": {"model_type": "TCN", "units": 16, "num_layers": 1, "dropout": 0, "activation": "tanh", "lr": 6.082944540531971e-05, "window_size": 25, "batch_size": 128, "epochs": 5, "kernel_size": 3, "attention_heads": 8}, "parameter_index": 0}',
    index: 0
  },
  placementConstraint: { type: 'None', gpus: [] }
}
[2026-05-13 04:03:38] INFO (LocalV3.local) Created trial HCUyd
[2026-05-13 04:03:40] INFO (LocalV3.local) Trial parameter: HCUyd {"parameter_id": 101, "parameter_source": "algorithm", "parameters": {"model_type": "TCN", "units": 16, "num_layers": 1, "dropout": 0, "activation": "tanh", "lr": 6.082944540531971e-05, "window_size": 25, "batch_size": 128, "epochs": 5, "kernel_size": 3, "attention_heads": 8}, "parameter_index": 0}
[2026-05-13 04:03:42] INFO (NNIManager) Trial job HCUyd status changed from RUNNING to SUCCEEDED
[2026-05-13 04:03:42] INFO (NNIManager) NNIManager received command from dispatcher: TR, {"parameter_id": 102, "parameter_source": "algorithm", "parameters": {"model_type": "TCN", "units": 16, "num_layers": 1, "dropout": 0, "activation": "tanh", "lr": 5.3120182468418636e-05, "window_size": 25, "batch_size": 128, "epochs": 5, "kernel_size": 3, "attention_heads": 8}, "parameter_index": 0}
[2026-05-13 04:03:42] INFO (NNIManager) submitTrialJob: form: {
  sequenceId: 102,
  hyperParameters: {
    value: '{"parameter_id": 102, "parameter_source": "algorithm", "parameters": {"model_type": "TCN", "units": 16, "num_layers": 1, "dropout": 0, "activation": "tanh", "lr": 5.3120182468418636e-05, "window_size": 25, "batch_size": 128, "epochs": 5, "kernel_size": 3, "attention_heads": 8}, "parameter_index": 0}',
    index: 0
  },
  placementConstraint: { type: 'None', gpus: [] }
}
[2026-05-13 04:03:42] INFO (LocalV3.local) Created trial EklMm
[2026-05-13 04:03:44] INFO (LocalV3.local) Trial parameter: EklMm {"parameter_id": 102, "parameter_source": "algorithm", "parameters": {"model_type": "TCN", "units": 16, "num_layers": 1, "dropout": 0, "activation": "tanh", "lr": 5.3120182468418636e-05, "window_size": 25, "batch_size": 128, "epochs": 5, "kernel_size": 3, "attention_heads": 8}, "parameter_index": 0}
[2026-05-13 04:03:46] INFO (NNIManager) Trial job EklMm status changed from RUNNING to SUCCEEDED
[2026-05-13 04:03:46] INFO (NNIManager) NNIManager received command from dispatcher: TR, {"parameter_id": 103, "parameter_source": "algorithm", "parameters": {"model_type": "TCN", "units": 128, "num_layers": 1, "dropout": 0, "activation": "tanh", "lr": 4.798857559638525e-05, "window_size": 25, "batch_size": 128, "epochs": 5, "kernel_size": 3, "attention_heads": 8}, "parameter_index": 0}
[2026-05-13 04:03:47] INFO (NNIManager) submitTrialJob: form: {
  sequenceId: 103,
  hyperParameters: {
    value: '{"parameter_id": 103, "parameter_source": "algorithm", "parameters": {"model_type": "TCN", "units": 128, "num_layers": 1, "dropout": 0, "activation": "tanh", "lr": 4.798857559638525e-05, "window_size": 25, "batch_size": 128, "epochs": 5, "kernel_size": 3, "attention_heads": 8}, "parameter_index": 0}',
    index: 0
  },
  placementConstraint: { type: 'None', gpus: [] }
}
[2026-05-13 04:03:47] INFO (LocalV3.local) Created trial b4vxO
[2026-05-13 04:03:49] INFO (LocalV3.local) Trial parameter: b4vxO {"parameter_id": 103, "parameter_source": "algorithm", "parameters": {"model_type": "TCN", "units": 128, "num_layers": 1, "dropout": 0, "activation": "tanh", "lr": 4.798857559638525e-05, "window_size": 25, "batch_size": 128, "epochs": 5, "kernel_size": 3, "attention_heads": 8}, "parameter_index": 0}
[2026-05-13 04:03:51] INFO (NNIManager) Trial job b4vxO status changed from RUNNING to SUCCEEDED
[2026-05-13 04:03:51] INFO (NNIManager) NNIManager received command from dispatcher: TR, {"parameter_id": 104, "parameter_source": "algorithm", "parameters": {"model_type": "CNN", "units": 32, "num_layers": 2, "dropout": 0, "activation": "elu", "lr": 3.789995357374653e-05, "window_size": 17, "batch_size": 128, "epochs": 5, "kernel_size": 2, "attention_heads": 8}, "parameter_index": 0}
[2026-05-13 04:03:51] INFO (NNIManager) submitTrialJob: form: {
  sequenceId: 104,
  hyperParameters: {
    value: '{"parameter_id": 104, "parameter_source": "algorithm", "parameters": {"model_type": "CNN", "units": 32, "num_layers": 2, "dropout": 0, "activation": "elu", "lr": 3.789995357374653e-05, "window_size": 17, "batch_size": 128, "epochs": 5, "kernel_size": 2, "attention_heads": 8}, "parameter_index": 0}',
    index: 0
  },
  placementConstraint: { type: 'None', gpus: [] }
}
[2026-05-13 04:03:51] INFO (LocalV3.local) Created trial ggpNB
[2026-05-13 04:03:53] INFO (LocalV3.local) Trial parameter: ggpNB {"parameter_id": 104, "parameter_source": "algorithm", "parameters": {"model_type": "CNN", "units": 32, "num_layers": 2, "dropout": 0, "activation": "elu", "lr": 3.789995357374653e-05, "window_size": 17, "batch_size": 128, "epochs": 5, "kernel_size": 2, "attention_heads": 8}, "parameter_index": 0}
[2026-05-13 04:03:55] INFO (NNIManager) Trial job ggpNB status changed from RUNNING to SUCCEEDED
[2026-05-13 04:03:55] INFO (NNIManager) NNIManager received command from dispatcher: TR, {"parameter_id": 105, "parameter_source": "algorithm", "parameters": {"model_type": "TCN", "units": 16, "num_layers": 2, "dropout": 0, "activation": "tanh", "lr": 6.199908891691187e-05, "window_size": 25, "batch_size": 128, "epochs": 5, "kernel_size": 3, "attention_heads": 8}, "parameter_index": 0}
[2026-05-13 04:03:56] INFO (NNIManager) submitTrialJob: form: {
  sequenceId: 105,
  hyperParameters: {
    value: '{"parameter_id": 105, "parameter_source": "algorithm", "parameters": {"model_type": "TCN", "units": 16, "num_layers": 2, "dropout": 0, "activation": "tanh", "lr": 6.199908891691187e-05, "window_size": 25, "batch_size": 128, "epochs": 5, "kernel_size": 3, "attention_heads": 8}, "parameter_index": 0}',
    index: 0
  },
  placementConstraint: { type: 'None', gpus: [] }
}
[2026-05-13 04:03:56] INFO (LocalV3.local) Created trial ZHBJY
[2026-05-13 04:03:57] INFO (LocalV3.local) Trial parameter: ZHBJY {"parameter_id": 105, "parameter_source": "algorithm", "parameters": {"model_type": "TCN", "units": 16, "num_layers": 2, "dropout": 0, "activation": "tanh", "lr": 6.199908891691187e-05, "window_size": 25, "batch_size": 128, "epochs": 5, "kernel_size": 3, "attention_heads": 8}, "parameter_index": 0}
[2026-05-13 04:04:00] INFO (NNIManager) Trial job ZHBJY status changed from RUNNING to SUCCEEDED
[2026-05-13 04:04:00] INFO (NNIManager) NNIManager received command from dispatcher: TR, {"parameter_id": 106, "parameter_source": "algorithm", "parameters": {"model_type": "CNN", "units": 32, "num_layers": 2, "dropout": 0, "activation": "relu", "lr": 5.4125034911250155e-05, "window_size": 17, "batch_size": 128, "epochs": 5, "kernel_size": 2, "attention_heads": 8}, "parameter_index": 0}
[2026-05-13 04:04:01] INFO (NNIManager) submitTrialJob: form: {
  sequenceId: 106,
  hyperParameters: {
    value: '{"parameter_id": 106, "parameter_source": "algorithm", "parameters": {"model_type": "CNN", "units": 32, "num_layers": 2, "dropout": 0, "activation": "relu", "lr": 5.4125034911250155e-05, "window_size": 17, "batch_size": 128, "epochs": 5, "kernel_size": 2, "attention_heads": 8}, "parameter_index": 0}',
    index: 0
  },
  placementConstraint: { type: 'None', gpus: [] }
}
[2026-05-13 04:04:01] INFO (LocalV3.local) Created trial nnvOE
[2026-05-13 04:04:02] INFO (LocalV3.local) Trial parameter: nnvOE {"parameter_id": 106, "parameter_source": "algorithm", "parameters": {"model_type": "CNN", "units": 32, "num_layers": 2, "dropout": 0, "activation": "relu", "lr": 5.4125034911250155e-05, "window_size": 17, "batch_size": 128, "epochs": 5, "kernel_size": 2, "attention_heads": 8}, "parameter_index": 0}
[2026-05-13 04:04:05] INFO (NNIManager) Trial job nnvOE status changed from RUNNING to SUCCEEDED
[2026-05-13 04:04:05] INFO (NNIManager) NNIManager received command from dispatcher: TR, {"parameter_id": 107, "parameter_source": "algorithm", "parameters": {"model_type": "TCN", "units": 16, "num_layers": 1, "dropout": 0, "activation": "tanh", "lr": 7.89272213336507e-05, "window_size": 25, "batch_size": 128, "epochs": 5, "kernel_size": 3, "attention_heads": 2}, "parameter_index": 0}
[2026-05-13 04:04:05] INFO (NNIManager) submitTrialJob: form: {
  sequenceId: 107,
  hyperParameters: {
    value: '{"parameter_id": 107, "parameter_source": "algorithm", "parameters": {"model_type": "TCN", "units": 16, "num_layers": 1, "dropout": 0, "activation": "tanh", "lr": 7.89272213336507e-05, "window_size": 25, "batch_size": 128, "epochs": 5, "kernel_size": 3, "attention_heads": 2}, "parameter_index": 0}',
    index: 0
  },
  placementConstraint: { type: 'None', gpus: [] }
}
[2026-05-13 04:04:05] INFO (LocalV3.local) Created trial MrjqH
[2026-05-13 04:04:07] INFO (LocalV3.local) Trial parameter: MrjqH {"parameter_id": 107, "parameter_source": "algorithm", "parameters": {"model_type": "TCN", "units": 16, "num_layers": 1, "dropout": 0, "activation": "tanh", "lr": 7.89272213336507e-05, "window_size": 25, "batch_size": 128, "epochs": 5, "kernel_size": 3, "attention_heads": 2}, "parameter_index": 0}
[2026-05-13 04:04:09] INFO (NNIManager) Trial job MrjqH status changed from RUNNING to SUCCEEDED
[2026-05-13 04:04:09] INFO (NNIManager) NNIManager received command from dispatcher: TR, {"parameter_id": 108, "parameter_source": "algorithm", "parameters": {"model_type": "TCN", "units": 16, "num_layers": 1, "dropout": 0, "activation": "tanh", "lr": 5.420964521614033e-05, "window_size": 25, "batch_size": 128, "epochs": 5, "kernel_size": 3, "attention_heads": 8}, "parameter_index": 0}
[2026-05-13 04:04:10] INFO (NNIManager) submitTrialJob: form: {
  sequenceId: 108,
  hyperParameters: {
    value: '{"parameter_id": 108, "parameter_source": "algorithm", "parameters": {"model_type": "TCN", "units": 16, "num_layers": 1, "dropout": 0, "activation": "tanh", "lr": 5.420964521614033e-05, "window_size": 25, "batch_size": 128, "epochs": 5, "kernel_size": 3, "attention_heads": 8}, "parameter_index": 0}',
    index: 0
  },
  placementConstraint: { type: 'None', gpus: [] }
}
[2026-05-13 04:04:10] INFO (LocalV3.local) Created trial yTHMC
[2026-05-13 04:04:11] INFO (LocalV3.local) Trial parameter: yTHMC {"parameter_id": 108, "parameter_source": "algorithm", "parameters": {"model_type": "TCN", "units": 16, "num_layers": 1, "dropout": 0, "activation": "tanh", "lr": 5.420964521614033e-05, "window_size": 25, "batch_size": 128, "epochs": 5, "kernel_size": 3, "attention_heads": 8}, "parameter_index": 0}
[2026-05-13 04:04:14] INFO (NNIManager) Trial job yTHMC status changed from RUNNING to SUCCEEDED
[2026-05-13 04:04:14] INFO (NNIManager) NNIManager received command from dispatcher: TR, {"parameter_id": 109, "parameter_source": "algorithm", "parameters": {"model_type": "TCN", "units": 16, "num_layers": 1, "dropout": 0, "activation": "tanh", "lr": 5.9547710018687356e-05, "window_size": 9, "batch_size": 128, "epochs": 5, "kernel_size": 3, "attention_heads": 8}, "parameter_index": 0}
[2026-05-13 04:04:14] INFO (NNIManager) submitTrialJob: form: {
  sequenceId: 109,
  hyperParameters: {
    value: '{"parameter_id": 109, "parameter_source": "algorithm", "parameters": {"model_type": "TCN", "units": 16, "num_layers": 1, "dropout": 0, "activation": "tanh", "lr": 5.9547710018687356e-05, "window_size": 9, "batch_size": 128, "epochs": 5, "kernel_size": 3, "attention_heads": 8}, "parameter_index": 0}',
    index: 0
  },
  placementConstraint: { type: 'None', gpus: [] }
}
[2026-05-13 04:04:14] INFO (LocalV3.local) Created trial Efr0A
[2026-05-13 04:04:16] INFO (LocalV3.local) Trial parameter: Efr0A {"parameter_id": 109, "parameter_source": "algorithm", "parameters": {"model_type": "TCN", "units": 16, "num_layers": 1, "dropout": 0, "activation": "tanh", "lr": 5.9547710018687356e-05, "window_size": 9, "batch_size": 128, "epochs": 5, "kernel_size": 3, "attention_heads": 8}, "parameter_index": 0}
[2026-05-13 04:04:18] INFO (NNIManager) Trial job Efr0A status changed from RUNNING to SUCCEEDED
[2026-05-13 04:04:18] INFO (NNIManager) NNIManager received command from dispatcher: TR, {"parameter_id": 110, "parameter_source": "algorithm", "parameters": {"model_type": "TCN", "units": 16, "num_layers": 1, "dropout": 0, "activation": "tanh", "lr": 6.906411043412173e-05, "window_size": 25, "batch_size": 128, "epochs": 20, "kernel_size": 3, "attention_heads": 8}, "parameter_index": 0}
[2026-05-13 04:04:19] INFO (NNIManager) submitTrialJob: form: {
  sequenceId: 110,
  hyperParameters: {
    value: '{"parameter_id": 110, "parameter_source": "algorithm", "parameters": {"model_type": "TCN", "units": 16, "num_layers": 1, "dropout": 0, "activation": "tanh", "lr": 6.906411043412173e-05, "window_size": 25, "batch_size": 128, "epochs": 20, "kernel_size": 3, "attention_heads": 8}, "parameter_index": 0}',
    index: 0
  },
  placementConstraint: { type: 'None', gpus: [] }
}
[2026-05-13 04:04:19] INFO (LocalV3.local) Created trial pGtEz
[2026-05-13 04:04:21] INFO (LocalV3.local) Trial parameter: pGtEz {"parameter_id": 110, "parameter_source": "algorithm", "parameters": {"model_type": "TCN", "units": 16, "num_layers": 1, "dropout": 0, "activation": "tanh", "lr": 6.906411043412173e-05, "window_size": 25, "batch_size": 128, "epochs": 20, "kernel_size": 3, "attention_heads": 8}, "parameter_index": 0}
[2026-05-13 04:04:25] INFO (NNIManager) Trial job pGtEz status changed from RUNNING to SUCCEEDED
[2026-05-13 04:04:25] INFO (NNIManager) NNIManager received command from dispatcher: TR, {"parameter_id": 111, "parameter_source": "algorithm", "parameters": {"model_type": "TCN", "units": 16, "num_layers": 1, "dropout": 0, "activation": "tanh", "lr": 5.138695567996504e-05, "window_size": 25, "batch_size": 128, "epochs": 5, "kernel_size": 5, "attention_heads": 8}, "parameter_index": 0}
[2026-05-13 04:04:25] INFO (NNIManager) submitTrialJob: form: {
  sequenceId: 111,
  hyperParameters: {
    value: '{"parameter_id": 111, "parameter_source": "algorithm", "parameters": {"model_type": "TCN", "units": 16, "num_layers": 1, "dropout": 0, "activation": "tanh", "lr": 5.138695567996504e-05, "window_size": 25, "batch_size": 128, "epochs": 5, "kernel_size": 5, "attention_heads": 8}, "parameter_index": 0}',
    index: 0
  },
  placementConstraint: { type: 'None', gpus: [] }
}
[2026-05-13 04:04:25] INFO (LocalV3.local) Created trial Tcnyi
[2026-05-13 04:04:27] INFO (LocalV3.local) Trial parameter: Tcnyi {"parameter_id": 111, "parameter_source": "algorithm", "parameters": {"model_type": "TCN", "units": 16, "num_layers": 1, "dropout": 0, "activation": "tanh", "lr": 5.138695567996504e-05, "window_size": 25, "batch_size": 128, "epochs": 5, "kernel_size": 5, "attention_heads": 8}, "parameter_index": 0}
[2026-05-13 04:04:29] INFO (NNIManager) Trial job Tcnyi status changed from RUNNING to SUCCEEDED
[2026-05-13 04:04:29] INFO (NNIManager) NNIManager received command from dispatcher: TR, {"parameter_id": 112, "parameter_source": "algorithm", "parameters": {"model_type": "TCN", "units": 16, "num_layers": 1, "dropout": 0, "activation": "tanh", "lr": 4.776639816209541e-05, "window_size": 25, "batch_size": 128, "epochs": 5, "kernel_size": 3, "attention_heads": 8}, "parameter_index": 0}
[2026-05-13 04:04:30] INFO (NNIManager) submitTrialJob: form: {
  sequenceId: 112,
  hyperParameters: {
    value: '{"parameter_id": 112, "parameter_source": "algorithm", "parameters": {"model_type": "TCN", "units": 16, "num_layers": 1, "dropout": 0, "activation": "tanh", "lr": 4.776639816209541e-05, "window_size": 25, "batch_size": 128, "epochs": 5, "kernel_size": 3, "attention_heads": 8}, "parameter_index": 0}',
    index: 0
  },
  placementConstraint: { type: 'None', gpus: [] }
}
[2026-05-13 04:04:30] INFO (LocalV3.local) Created trial vpTq1
[2026-05-13 04:04:32] INFO (LocalV3.local) Trial parameter: vpTq1 {"parameter_id": 112, "parameter_source": "algorithm", "parameters": {"model_type": "TCN", "units": 16, "num_layers": 1, "dropout": 0, "activation": "tanh", "lr": 4.776639816209541e-05, "window_size": 25, "batch_size": 128, "epochs": 5, "kernel_size": 3, "attention_heads": 8}, "parameter_index": 0}
[2026-05-13 04:04:34] INFO (NNIManager) Trial job vpTq1 status changed from RUNNING to SUCCEEDED
[2026-05-13 04:04:34] INFO (NNIManager) NNIManager received command from dispatcher: TR, {"parameter_id": 113, "parameter_source": "algorithm", "parameters": {"model_type": "TCN", "units": 16, "num_layers": 1, "dropout": 0, "activation": "relu", "lr": 5.18134358944379e-05, "window_size": 25, "batch_size": 128, "epochs": 5, "kernel_size": 3, "attention_heads": 8}, "parameter_index": 0}
[2026-05-13 04:04:34] INFO (NNIManager) submitTrialJob: form: {
  sequenceId: 113,
  hyperParameters: {
    value: '{"parameter_id": 113, "parameter_source": "algorithm", "parameters": {"model_type": "TCN", "units": 16, "num_layers": 1, "dropout": 0, "activation": "relu", "lr": 5.18134358944379e-05, "window_size": 25, "batch_size": 128, "epochs": 5, "kernel_size": 3, "attention_heads": 8}, "parameter_index": 0}',
    index: 0
  },
  placementConstraint: { type: 'None', gpus: [] }
}
[2026-05-13 04:04:34] INFO (LocalV3.local) Created trial TDc6o
[2026-05-13 04:04:36] INFO (LocalV3.local) Trial parameter: TDc6o {"parameter_id": 113, "parameter_source": "algorithm", "parameters": {"model_type": "TCN", "units": 16, "num_layers": 1, "dropout": 0, "activation": "relu", "lr": 5.18134358944379e-05, "window_size": 25, "batch_size": 128, "epochs": 5, "kernel_size": 3, "attention_heads": 8}, "parameter_index": 0}
[2026-05-13 04:04:38] INFO (NNIManager) Trial job TDc6o status changed from RUNNING to SUCCEEDED
[2026-05-13 04:04:38] INFO (NNIManager) NNIManager received command from dispatcher: TR, {"parameter_id": 114, "parameter_source": "algorithm", "parameters": {"model_type": "TCN", "units": 16, "num_layers": 1, "dropout": 0, "activation": "tanh", "lr": 7.43319884967378e-05, "window_size": 25, "batch_size": 128, "epochs": 5, "kernel_size": 3, "attention_heads": 8}, "parameter_index": 0}
[2026-05-13 04:04:39] INFO (NNIManager) submitTrialJob: form: {
  sequenceId: 114,
  hyperParameters: {
    value: '{"parameter_id": 114, "parameter_source": "algorithm", "parameters": {"model_type": "TCN", "units": 16, "num_layers": 1, "dropout": 0, "activation": "tanh", "lr": 7.43319884967378e-05, "window_size": 25, "batch_size": 128, "epochs": 5, "kernel_size": 3, "attention_heads": 8}, "parameter_index": 0}',
    index: 0
  },
  placementConstraint: { type: 'None', gpus: [] }
}
[2026-05-13 04:04:39] INFO (LocalV3.local) Created trial AORIM
[2026-05-13 04:04:41] INFO (LocalV3.local) Trial parameter: AORIM {"parameter_id": 114, "parameter_source": "algorithm", "parameters": {"model_type": "TCN", "units": 16, "num_layers": 1, "dropout": 0, "activation": "tanh", "lr": 7.43319884967378e-05, "window_size": 25, "batch_size": 128, "epochs": 5, "kernel_size": 3, "attention_heads": 8}, "parameter_index": 0}
[2026-05-13 04:04:43] INFO (NNIManager) Trial job AORIM status changed from RUNNING to SUCCEEDED
[2026-05-13 04:04:43] INFO (NNIManager) NNIManager received command from dispatcher: TR, {"parameter_id": 115, "parameter_source": "algorithm", "parameters": {"model_type": "TCN", "units": 16, "num_layers": 1, "dropout": 0, "activation": "tanh", "lr": 6.0152261657142116e-05, "window_size": 25, "batch_size": 128, "epochs": 5, "kernel_size": 3, "attention_heads": 8}, "parameter_index": 0}
[2026-05-13 04:04:43] INFO (NNIManager) submitTrialJob: form: {
  sequenceId: 115,
  hyperParameters: {
    value: '{"parameter_id": 115, "parameter_source": "algorithm", "parameters": {"model_type": "TCN", "units": 16, "num_layers": 1, "dropout": 0, "activation": "tanh", "lr": 6.0152261657142116e-05, "window_size": 25, "batch_size": 128, "epochs": 5, "kernel_size": 3, "attention_heads": 8}, "parameter_index": 0}',
    index: 0
  },
  placementConstraint: { type: 'None', gpus: [] }
}
[2026-05-13 04:04:43] INFO (LocalV3.local) Created trial IQjgO
[2026-05-13 04:04:45] INFO (LocalV3.local) Trial parameter: IQjgO {"parameter_id": 115, "parameter_source": "algorithm", "parameters": {"model_type": "TCN", "units": 16, "num_layers": 1, "dropout": 0, "activation": "tanh", "lr": 6.0152261657142116e-05, "window_size": 25, "batch_size": 128, "epochs": 5, "kernel_size": 3, "attention_heads": 8}, "parameter_index": 0}
[2026-05-13 04:04:47] INFO (NNIManager) Trial job IQjgO status changed from RUNNING to SUCCEEDED
[2026-05-13 04:04:47] INFO (NNIManager) NNIManager received command from dispatcher: TR, {"parameter_id": 116, "parameter_source": "algorithm", "parameters": {"model_type": "TCN", "units": 16, "num_layers": 1, "dropout": 0, "activation": "tanh", "lr": 7.277090696610211e-05, "window_size": 25, "batch_size": 128, "epochs": 5, "kernel_size": 3, "attention_heads": 8}, "parameter_index": 0}
[2026-05-13 04:04:48] INFO (NNIManager) submitTrialJob: form: {
  sequenceId: 116,
  hyperParameters: {
    value: '{"parameter_id": 116, "parameter_source": "algorithm", "parameters": {"model_type": "TCN", "units": 16, "num_layers": 1, "dropout": 0, "activation": "tanh", "lr": 7.277090696610211e-05, "window_size": 25, "batch_size": 128, "epochs": 5, "kernel_size": 3, "attention_heads": 8}, "parameter_index": 0}',
    index: 0
  },
  placementConstraint: { type: 'None', gpus: [] }
}
[2026-05-13 04:04:48] INFO (LocalV3.local) Created trial CypdN
[2026-05-13 04:04:50] INFO (LocalV3.local) Trial parameter: CypdN {"parameter_id": 116, "parameter_source": "algorithm", "parameters": {"model_type": "TCN", "units": 16, "num_layers": 1, "dropout": 0, "activation": "tanh", "lr": 7.277090696610211e-05, "window_size": 25, "batch_size": 128, "epochs": 5, "kernel_size": 3, "attention_heads": 8}, "parameter_index": 0}
[2026-05-13 04:04:52] INFO (NNIManager) Trial job CypdN status changed from RUNNING to SUCCEEDED
[2026-05-13 04:04:52] INFO (NNIManager) NNIManager received command from dispatcher: TR, {"parameter_id": 117, "parameter_source": "algorithm", "parameters": {"model_type": "TCN", "units": 16, "num_layers": 1, "dropout": 0, "activation": "tanh", "lr": 6.524332693156477e-05, "window_size": 25, "batch_size": 128, "epochs": 5, "kernel_size": 3, "attention_heads": 8}, "parameter_index": 0}
[2026-05-13 04:04:52] INFO (NNIManager) submitTrialJob: form: {
  sequenceId: 117,
  hyperParameters: {
    value: '{"parameter_id": 117, "parameter_source": "algorithm", "parameters": {"model_type": "TCN", "units": 16, "num_layers": 1, "dropout": 0, "activation": "tanh", "lr": 6.524332693156477e-05, "window_size": 25, "batch_size": 128, "epochs": 5, "kernel_size": 3, "attention_heads": 8}, "parameter_index": 0}',
    index: 0
  },
  placementConstraint: { type: 'None', gpus: [] }
}
[2026-05-13 04:04:52] INFO (LocalV3.local) Created trial VL2QT
[2026-05-13 04:04:54] INFO (LocalV3.local) Trial parameter: VL2QT {"parameter_id": 117, "parameter_source": "algorithm", "parameters": {"model_type": "TCN", "units": 16, "num_layers": 1, "dropout": 0, "activation": "tanh", "lr": 6.524332693156477e-05, "window_size": 25, "batch_size": 128, "epochs": 5, "kernel_size": 3, "attention_heads": 8}, "parameter_index": 0}
[2026-05-13 04:04:56] INFO (NNIManager) Trial job VL2QT status changed from RUNNING to SUCCEEDED
[2026-05-13 04:04:56] INFO (NNIManager) NNIManager received command from dispatcher: TR, {"parameter_id": 118, "parameter_source": "algorithm", "parameters": {"model_type": "TCN", "units": 16, "num_layers": 1, "dropout": 0, "activation": "tanh", "lr": 6.999576197714692e-05, "window_size": 25, "batch_size": 128, "epochs": 5, "kernel_size": 3, "attention_heads": 8}, "parameter_index": 0}
[2026-05-13 04:04:57] INFO (NNIManager) submitTrialJob: form: {
  sequenceId: 118,
  hyperParameters: {
    value: '{"parameter_id": 118, "parameter_source": "algorithm", "parameters": {"model_type": "TCN", "units": 16, "num_layers": 1, "dropout": 0, "activation": "tanh", "lr": 6.999576197714692e-05, "window_size": 25, "batch_size": 128, "epochs": 5, "kernel_size": 3, "attention_heads": 8}, "parameter_index": 0}',
    index: 0
  },
  placementConstraint: { type: 'None', gpus: [] }
}
[2026-05-13 04:04:57] INFO (LocalV3.local) Created trial dbocC
[2026-05-13 04:04:59] INFO (LocalV3.local) Trial parameter: dbocC {"parameter_id": 118, "parameter_source": "algorithm", "parameters": {"model_type": "TCN", "units": 16, "num_layers": 1, "dropout": 0, "activation": "tanh", "lr": 6.999576197714692e-05, "window_size": 25, "batch_size": 128, "epochs": 5, "kernel_size": 3, "attention_heads": 8}, "parameter_index": 0}
[2026-05-13 04:05:01] INFO (NNIManager) Trial job dbocC status changed from RUNNING to SUCCEEDED
[2026-05-13 04:05:01] INFO (NNIManager) NNIManager received command from dispatcher: TR, {"parameter_id": 119, "parameter_source": "algorithm", "parameters": {"model_type": "TCN", "units": 16, "num_layers": 1, "dropout": 0, "activation": "tanh", "lr": 7.024905760261696e-05, "window_size": 25, "batch_size": 128, "epochs": 5, "kernel_size": 7, "attention_heads": 8}, "parameter_index": 0}
[2026-05-13 04:05:01] INFO (NNIManager) submitTrialJob: form: {
  sequenceId: 119,
  hyperParameters: {
    value: '{"parameter_id": 119, "parameter_source": "algorithm", "parameters": {"model_type": "TCN", "units": 16, "num_layers": 1, "dropout": 0, "activation": "tanh", "lr": 7.024905760261696e-05, "window_size": 25, "batch_size": 128, "epochs": 5, "kernel_size": 7, "attention_heads": 8}, "parameter_index": 0}',
    index: 0
  },
  placementConstraint: { type: 'None', gpus: [] }
}
[2026-05-13 04:05:01] INFO (LocalV3.local) Created trial iuwXg
[2026-05-13 04:05:03] INFO (LocalV3.local) Trial parameter: iuwXg {"parameter_id": 119, "parameter_source": "algorithm", "parameters": {"model_type": "TCN", "units": 16, "num_layers": 1, "dropout": 0, "activation": "tanh", "lr": 7.024905760261696e-05, "window_size": 25, "batch_size": 128, "epochs": 5, "kernel_size": 7, "attention_heads": 8}, "parameter_index": 0}
[2026-05-13 04:05:05] INFO (NNIManager) Trial job iuwXg status changed from RUNNING to SUCCEEDED
[2026-05-13 04:05:05] INFO (NNIManager) NNIManager received command from dispatcher: TR, {"parameter_id": 120, "parameter_source": "algorithm", "parameters": {"model_type": "TCN", "units": 16, "num_layers": 1, "dropout": 0, "activation": "tanh", "lr": 7.667221477367427e-05, "window_size": 25, "batch_size": 128, "epochs": 5, "kernel_size": 3, "attention_heads": 8}, "parameter_index": 0}
[2026-05-13 04:05:06] INFO (NNIManager) submitTrialJob: form: {
  sequenceId: 120,
  hyperParameters: {
    value: '{"parameter_id": 120, "parameter_source": "algorithm", "parameters": {"model_type": "TCN", "units": 16, "num_layers": 1, "dropout": 0, "activation": "tanh", "lr": 7.667221477367427e-05, "window_size": 25, "batch_size": 128, "epochs": 5, "kernel_size": 3, "attention_heads": 8}, "parameter_index": 0}',
    index: 0
  },
  placementConstraint: { type: 'None', gpus: [] }
}
[2026-05-13 04:05:06] INFO (LocalV3.local) Created trial YUrKG
[2026-05-13 04:05:08] INFO (LocalV3.local) Trial parameter: YUrKG {"parameter_id": 120, "parameter_source": "algorithm", "parameters": {"model_type": "TCN", "units": 16, "num_layers": 1, "dropout": 0, "activation": "tanh", "lr": 7.667221477367427e-05, "window_size": 25, "batch_size": 128, "epochs": 5, "kernel_size": 3, "attention_heads": 8}, "parameter_index": 0}
[2026-05-13 04:05:10] INFO (NNIManager) Trial job YUrKG status changed from RUNNING to SUCCEEDED
[2026-05-13 04:05:10] INFO (NNIManager) NNIManager received command from dispatcher: TR, {"parameter_id": 121, "parameter_source": "algorithm", "parameters": {"model_type": "TCN", "units": 16, "num_layers": 1, "dropout": 0, "activation": "tanh", "lr": 5.231384005356784e-05, "window_size": 4, "batch_size": 128, "epochs": 5, "kernel_size": 3, "attention_heads": 8}, "parameter_index": 0}
[2026-05-13 04:05:10] INFO (NNIManager) submitTrialJob: form: {
  sequenceId: 121,
  hyperParameters: {
    value: '{"parameter_id": 121, "parameter_source": "algorithm", "parameters": {"model_type": "TCN", "units": 16, "num_layers": 1, "dropout": 0, "activation": "tanh", "lr": 5.231384005356784e-05, "window_size": 4, "batch_size": 128, "epochs": 5, "kernel_size": 3, "attention_heads": 8}, "parameter_index": 0}',
    index: 0
  },
  placementConstraint: { type: 'None', gpus: [] }
}
[2026-05-13 04:05:10] INFO (LocalV3.local) Created trial sZZOA
[2026-05-13 04:05:12] INFO (LocalV3.local) Trial parameter: sZZOA {"parameter_id": 121, "parameter_source": "algorithm", "parameters": {"model_type": "TCN", "units": 16, "num_layers": 1, "dropout": 0, "activation": "tanh", "lr": 5.231384005356784e-05, "window_size": 4, "batch_size": 128, "epochs": 5, "kernel_size": 3, "attention_heads": 8}, "parameter_index": 0}
[2026-05-13 04:05:15] INFO (NNIManager) Trial job sZZOA status changed from RUNNING to SUCCEEDED
[2026-05-13 04:05:15] INFO (NNIManager) NNIManager received command from dispatcher: TR, {"parameter_id": 122, "parameter_source": "algorithm", "parameters": {"model_type": "TCN", "units": 16, "num_layers": 1, "dropout": 0, "activation": "relu", "lr": 7.665082604847872e-05, "window_size": 25, "batch_size": 128, "epochs": 5, "kernel_size": 3, "attention_heads": 8}, "parameter_index": 0}
[2026-05-13 04:05:15] INFO (NNIManager) submitTrialJob: form: {
  sequenceId: 122,
  hyperParameters: {
    value: '{"parameter_id": 122, "parameter_source": "algorithm", "parameters": {"model_type": "TCN", "units": 16, "num_layers": 1, "dropout": 0, "activation": "relu", "lr": 7.665082604847872e-05, "window_size": 25, "batch_size": 128, "epochs": 5, "kernel_size": 3, "attention_heads": 8}, "parameter_index": 0}',
    index: 0
  },
  placementConstraint: { type: 'None', gpus: [] }
}
[2026-05-13 04:05:15] INFO (LocalV3.local) Created trial Gztwt
[2026-05-13 04:05:17] INFO (LocalV3.local) Trial parameter: Gztwt {"parameter_id": 122, "parameter_source": "algorithm", "parameters": {"model_type": "TCN", "units": 16, "num_layers": 1, "dropout": 0, "activation": "relu", "lr": 7.665082604847872e-05, "window_size": 25, "batch_size": 128, "epochs": 5, "kernel_size": 3, "attention_heads": 8}, "parameter_index": 0}
[2026-05-13 04:05:19] INFO (NNIManager) Trial job Gztwt status changed from RUNNING to SUCCEEDED
[2026-05-13 04:05:19] INFO (NNIManager) NNIManager received command from dispatcher: TR, {"parameter_id": 123, "parameter_source": "algorithm", "parameters": {"model_type": "TCN", "units": 16, "num_layers": 3, "dropout": 0, "activation": "tanh", "lr": 7.374998588944555e-05, "window_size": 9, "batch_size": 128, "epochs": 15, "kernel_size": 3, "attention_heads": 8}, "parameter_index": 0}
[2026-05-13 04:05:20] INFO (NNIManager) submitTrialJob: form: {
  sequenceId: 123,
  hyperParameters: {
    value: '{"parameter_id": 123, "parameter_source": "algorithm", "parameters": {"model_type": "TCN", "units": 16, "num_layers": 3, "dropout": 0, "activation": "tanh", "lr": 7.374998588944555e-05, "window_size": 9, "batch_size": 128, "epochs": 15, "kernel_size": 3, "attention_heads": 8}, "parameter_index": 0}',
    index: 0
  },
  placementConstraint: { type: 'None', gpus: [] }
}
[2026-05-13 04:05:20] INFO (LocalV3.local) Created trial xCObk
[2026-05-13 04:05:21] INFO (LocalV3.local) Trial parameter: xCObk {"parameter_id": 123, "parameter_source": "algorithm", "parameters": {"model_type": "TCN", "units": 16, "num_layers": 3, "dropout": 0, "activation": "tanh", "lr": 7.374998588944555e-05, "window_size": 9, "batch_size": 128, "epochs": 15, "kernel_size": 3, "attention_heads": 8}, "parameter_index": 0}
[2026-05-13 04:05:26] INFO (NNIManager) Trial job xCObk status changed from RUNNING to SUCCEEDED
[2026-05-13 04:05:26] INFO (NNIManager) NNIManager received command from dispatcher: TR, {"parameter_id": 124, "parameter_source": "algorithm", "parameters": {"model_type": "MLP", "units": 16, "num_layers": 1, "dropout": 0.1, "activation": "tanh", "lr": 5.1696182472250344e-05, "window_size": 25, "batch_size": 128, "epochs": 5, "kernel_size": 3, "attention_heads": 8}, "parameter_index": 0}
[2026-05-13 04:05:26] INFO (NNIManager) submitTrialJob: form: {
  sequenceId: 124,
  hyperParameters: {
    value: '{"parameter_id": 124, "parameter_source": "algorithm", "parameters": {"model_type": "MLP", "units": 16, "num_layers": 1, "dropout": 0.1, "activation": "tanh", "lr": 5.1696182472250344e-05, "window_size": 25, "batch_size": 128, "epochs": 5, "kernel_size": 3, "attention_heads": 8}, "parameter_index": 0}',
    index: 0
  },
  placementConstraint: { type: 'None', gpus: [] }
}
[2026-05-13 04:05:26] INFO (LocalV3.local) Created trial GueND
[2026-05-13 04:05:28] INFO (LocalV3.local) Trial parameter: GueND {"parameter_id": 124, "parameter_source": "algorithm", "parameters": {"model_type": "MLP", "units": 16, "num_layers": 1, "dropout": 0.1, "activation": "tanh", "lr": 5.1696182472250344e-05, "window_size": 25, "batch_size": 128, "epochs": 5, "kernel_size": 3, "attention_heads": 8}, "parameter_index": 0}
[2026-05-13 04:05:30] INFO (NNIManager) Trial job GueND status changed from RUNNING to SUCCEEDED
[2026-05-13 04:05:30] INFO (NNIManager) NNIManager received command from dispatcher: TR, {"parameter_id": 125, "parameter_source": "algorithm", "parameters": {"model_type": "TCN", "units": 16, "num_layers": 1, "dropout": 0, "activation": "tanh", "lr": 6.731152968857654e-05, "window_size": 25, "batch_size": 128, "epochs": 5, "kernel_size": 3, "attention_heads": 8}, "parameter_index": 0}
[2026-05-13 04:05:31] INFO (NNIManager) submitTrialJob: form: {
  sequenceId: 125,
  hyperParameters: {
    value: '{"parameter_id": 125, "parameter_source": "algorithm", "parameters": {"model_type": "TCN", "units": 16, "num_layers": 1, "dropout": 0, "activation": "tanh", "lr": 6.731152968857654e-05, "window_size": 25, "batch_size": 128, "epochs": 5, "kernel_size": 3, "attention_heads": 8}, "parameter_index": 0}',
    index: 0
  },
  placementConstraint: { type: 'None', gpus: [] }
}
[2026-05-13 04:05:31] INFO (LocalV3.local) Created trial ZQVuF
[2026-05-13 04:05:32] INFO (LocalV3.local) Trial parameter: ZQVuF {"parameter_id": 125, "parameter_source": "algorithm", "parameters": {"model_type": "TCN", "units": 16, "num_layers": 1, "dropout": 0, "activation": "tanh", "lr": 6.731152968857654e-05, "window_size": 25, "batch_size": 128, "epochs": 5, "kernel_size": 3, "attention_heads": 8}, "parameter_index": 0}
[2026-05-13 04:05:35] INFO (NNIManager) Trial job ZQVuF status changed from RUNNING to SUCCEEDED
[2026-05-13 04:05:35] INFO (NNIManager) NNIManager received command from dispatcher: TR, {"parameter_id": 126, "parameter_source": "algorithm", "parameters": {"model_type": "TCN", "units": 16, "num_layers": 1, "dropout": 0.2, "activation": "tanh", "lr": 7.573877303363562e-05, "window_size": 25, "batch_size": 128, "epochs": 5, "kernel_size": 3, "attention_heads": 8}, "parameter_index": 0}
[2026-05-13 04:05:35] INFO (NNIManager) submitTrialJob: form: {
  sequenceId: 126,
  hyperParameters: {
    value: '{"parameter_id": 126, "parameter_source": "algorithm", "parameters": {"model_type": "TCN", "units": 16, "num_layers": 1, "dropout": 0.2, "activation": "tanh", "lr": 7.573877303363562e-05, "window_size": 25, "batch_size": 128, "epochs": 5, "kernel_size": 3, "attention_heads": 8}, "parameter_index": 0}',
    index: 0
  },
  placementConstraint: { type: 'None', gpus: [] }
}
[2026-05-13 04:05:35] INFO (LocalV3.local) Created trial UbuIK
[2026-05-13 04:05:37] INFO (LocalV3.local) Trial parameter: UbuIK {"parameter_id": 126, "parameter_source": "algorithm", "parameters": {"model_type": "TCN", "units": 16, "num_layers": 1, "dropout": 0.2, "activation": "tanh", "lr": 7.573877303363562e-05, "window_size": 25, "batch_size": 128, "epochs": 5, "kernel_size": 3, "attention_heads": 8}, "parameter_index": 0}
[2026-05-13 04:05:40] INFO (NNIManager) Trial job UbuIK status changed from RUNNING to SUCCEEDED
[2026-05-13 04:05:40] INFO (NNIManager) NNIManager received command from dispatcher: TR, {"parameter_id": 127, "parameter_source": "algorithm", "parameters": {"model_type": "TCN", "units": 16, "num_layers": 1, "dropout": 0, "activation": "tanh", "lr": 7.390713589228542e-05, "window_size": 25, "batch_size": 128, "epochs": 5, "kernel_size": 3, "attention_heads": 8}, "parameter_index": 0}
[2026-05-13 04:05:40] INFO (NNIManager) submitTrialJob: form: {
  sequenceId: 127,
  hyperParameters: {
    value: '{"parameter_id": 127, "parameter_source": "algorithm", "parameters": {"model_type": "TCN", "units": 16, "num_layers": 1, "dropout": 0, "activation": "tanh", "lr": 7.390713589228542e-05, "window_size": 25, "batch_size": 128, "epochs": 5, "kernel_size": 3, "attention_heads": 8}, "parameter_index": 0}',
    index: 0
  },
  placementConstraint: { type: 'None', gpus: [] }
}
[2026-05-13 04:05:40] INFO (LocalV3.local) Created trial OuGWP
[2026-05-13 04:05:42] INFO (LocalV3.local) Trial parameter: OuGWP {"parameter_id": 127, "parameter_source": "algorithm", "parameters": {"model_type": "TCN", "units": 16, "num_layers": 1, "dropout": 0, "activation": "tanh", "lr": 7.390713589228542e-05, "window_size": 25, "batch_size": 128, "epochs": 5, "kernel_size": 3, "attention_heads": 8}, "parameter_index": 0}
[2026-05-13 04:05:44] INFO (NNIManager) Trial job OuGWP status changed from RUNNING to SUCCEEDED
[2026-05-13 04:05:44] INFO (NNIManager) NNIManager received command from dispatcher: TR, {"parameter_id": 128, "parameter_source": "algorithm", "parameters": {"model_type": "TCN", "units": 16, "num_layers": 4, "dropout": 0, "activation": "tanh", "lr": 5.987437324740213e-05, "window_size": 25, "batch_size": 128, "epochs": 5, "kernel_size": 3, "attention_heads": 8}, "parameter_index": 0}
[2026-05-13 04:05:45] INFO (NNIManager) submitTrialJob: form: {
  sequenceId: 128,
  hyperParameters: {
    value: '{"parameter_id": 128, "parameter_source": "algorithm", "parameters": {"model_type": "TCN", "units": 16, "num_layers": 4, "dropout": 0, "activation": "tanh", "lr": 5.987437324740213e-05, "window_size": 25, "batch_size": 128, "epochs": 5, "kernel_size": 3, "attention_heads": 8}, "parameter_index": 0}',
    index: 0
  },
  placementConstraint: { type: 'None', gpus: [] }
}
[2026-05-13 04:05:45] INFO (LocalV3.local) Created trial c93BD
[2026-05-13 04:05:46] INFO (LocalV3.local) Trial parameter: c93BD {"parameter_id": 128, "parameter_source": "algorithm", "parameters": {"model_type": "TCN", "units": 16, "num_layers": 4, "dropout": 0, "activation": "tanh", "lr": 5.987437324740213e-05, "window_size": 25, "batch_size": 128, "epochs": 5, "kernel_size": 3, "attention_heads": 8}, "parameter_index": 0}
[2026-05-13 04:05:50] INFO (NNIManager) Trial job c93BD status changed from RUNNING to SUCCEEDED
[2026-05-13 04:05:50] INFO (NNIManager) NNIManager received command from dispatcher: TR, {"parameter_id": 129, "parameter_source": "algorithm", "parameters": {"model_type": "TCN", "units": 16, "num_layers": 1, "dropout": 0, "activation": "tanh", "lr": 6.225405089459186e-05, "window_size": 25, "batch_size": 128, "epochs": 5, "kernel_size": 3, "attention_heads": 8}, "parameter_index": 0}
[2026-05-13 04:05:50] INFO (NNIManager) submitTrialJob: form: {
  sequenceId: 129,
  hyperParameters: {
    value: '{"parameter_id": 129, "parameter_source": "algorithm", "parameters": {"model_type": "TCN", "units": 16, "num_layers": 1, "dropout": 0, "activation": "tanh", "lr": 6.225405089459186e-05, "window_size": 25, "batch_size": 128, "epochs": 5, "kernel_size": 3, "attention_heads": 8}, "parameter_index": 0}',
    index: 0
  },
  placementConstraint: { type: 'None', gpus: [] }
}
[2026-05-13 04:05:50] INFO (LocalV3.local) Created trial dxZk9
[2026-05-13 04:05:52] INFO (LocalV3.local) Trial parameter: dxZk9 {"parameter_id": 129, "parameter_source": "algorithm", "parameters": {"model_type": "TCN", "units": 16, "num_layers": 1, "dropout": 0, "activation": "tanh", "lr": 6.225405089459186e-05, "window_size": 25, "batch_size": 128, "epochs": 5, "kernel_size": 3, "attention_heads": 8}, "parameter_index": 0}
[2026-05-13 04:05:54] INFO (NNIManager) Trial job dxZk9 status changed from RUNNING to SUCCEEDED
[2026-05-13 04:05:54] INFO (NNIManager) NNIManager received command from dispatcher: TR, {"parameter_id": 130, "parameter_source": "algorithm", "parameters": {"model_type": "TCN", "units": 16, "num_layers": 1, "dropout": 0, "activation": "tanh", "lr": 8.887914055013909e-05, "window_size": 25, "batch_size": 128, "epochs": 5, "kernel_size": 7, "attention_heads": 8}, "parameter_index": 0}
[2026-05-13 04:05:55] INFO (NNIManager) submitTrialJob: form: {
  sequenceId: 130,
  hyperParameters: {
    value: '{"parameter_id": 130, "parameter_source": "algorithm", "parameters": {"model_type": "TCN", "units": 16, "num_layers": 1, "dropout": 0, "activation": "tanh", "lr": 8.887914055013909e-05, "window_size": 25, "batch_size": 128, "epochs": 5, "kernel_size": 7, "attention_heads": 8}, "parameter_index": 0}',
    index: 0
  },
  placementConstraint: { type: 'None', gpus: [] }
}
[2026-05-13 04:05:55] INFO (LocalV3.local) Created trial g3Wvz
[2026-05-13 04:05:57] INFO (LocalV3.local) Trial parameter: g3Wvz {"parameter_id": 130, "parameter_source": "algorithm", "parameters": {"model_type": "TCN", "units": 16, "num_layers": 1, "dropout": 0, "activation": "tanh", "lr": 8.887914055013909e-05, "window_size": 25, "batch_size": 128, "epochs": 5, "kernel_size": 7, "attention_heads": 8}, "parameter_index": 0}
[2026-05-13 04:05:59] INFO (NNIManager) Trial job g3Wvz status changed from RUNNING to SUCCEEDED
[2026-05-13 04:05:59] INFO (NNIManager) NNIManager received command from dispatcher: TR, {"parameter_id": 131, "parameter_source": "algorithm", "parameters": {"model_type": "TCN", "units": 16, "num_layers": 1, "dropout": 0, "activation": "tanh", "lr": 6.557308795312229e-05, "window_size": 25, "batch_size": 128, "epochs": 5, "kernel_size": 3, "attention_heads": 8}, "parameter_index": 0}
[2026-05-13 04:05:59] INFO (NNIManager) submitTrialJob: form: {
  sequenceId: 131,
  hyperParameters: {
    value: '{"parameter_id": 131, "parameter_source": "algorithm", "parameters": {"model_type": "TCN", "units": 16, "num_layers": 1, "dropout": 0, "activation": "tanh", "lr": 6.557308795312229e-05, "window_size": 25, "batch_size": 128, "epochs": 5, "kernel_size": 3, "attention_heads": 8}, "parameter_index": 0}',
    index: 0
  },
  placementConstraint: { type: 'None', gpus: [] }
}
[2026-05-13 04:05:59] INFO (LocalV3.local) Created trial eru9A
[2026-05-13 04:06:01] INFO (LocalV3.local) Trial parameter: eru9A {"parameter_id": 131, "parameter_source": "algorithm", "parameters": {"model_type": "TCN", "units": 16, "num_layers": 1, "dropout": 0, "activation": "tanh", "lr": 6.557308795312229e-05, "window_size": 25, "batch_size": 128, "epochs": 5, "kernel_size": 3, "attention_heads": 8}, "parameter_index": 0}
[2026-05-13 04:06:03] INFO (NNIManager) Trial job eru9A status changed from RUNNING to SUCCEEDED
[2026-05-13 04:06:03] INFO (NNIManager) NNIManager received command from dispatcher: TR, {"parameter_id": 132, "parameter_source": "algorithm", "parameters": {"model_type": "TCN", "units": 16, "num_layers": 1, "dropout": 0, "activation": "tanh", "lr": 5.027386694014543e-05, "window_size": 25, "batch_size": 128, "epochs": 5, "kernel_size": 3, "attention_heads": 8}, "parameter_index": 0}
[2026-05-13 04:06:04] INFO (NNIManager) submitTrialJob: form: {
  sequenceId: 132,
  hyperParameters: {
    value: '{"parameter_id": 132, "parameter_source": "algorithm", "parameters": {"model_type": "TCN", "units": 16, "num_layers": 1, "dropout": 0, "activation": "tanh", "lr": 5.027386694014543e-05, "window_size": 25, "batch_size": 128, "epochs": 5, "kernel_size": 3, "attention_heads": 8}, "parameter_index": 0}',
    index: 0
  },
  placementConstraint: { type: 'None', gpus: [] }
}
[2026-05-13 04:06:04] INFO (LocalV3.local) Created trial LD2Qr
[2026-05-13 04:06:06] INFO (LocalV3.local) Trial parameter: LD2Qr {"parameter_id": 132, "parameter_source": "algorithm", "parameters": {"model_type": "TCN", "units": 16, "num_layers": 1, "dropout": 0, "activation": "tanh", "lr": 5.027386694014543e-05, "window_size": 25, "batch_size": 128, "epochs": 5, "kernel_size": 3, "attention_heads": 8}, "parameter_index": 0}
[2026-05-13 04:06:08] INFO (NNIManager) Trial job LD2Qr status changed from RUNNING to SUCCEEDED
[2026-05-13 04:06:08] INFO (NNIManager) NNIManager received command from dispatcher: TR, {"parameter_id": 133, "parameter_source": "algorithm", "parameters": {"model_type": "TCN", "units": 16, "num_layers": 1, "dropout": 0, "activation": "tanh", "lr": 5.046009522976315e-05, "window_size": 25, "batch_size": 128, "epochs": 5, "kernel_size": 3, "attention_heads": 8}, "parameter_index": 0}
[2026-05-13 04:06:08] INFO (NNIManager) submitTrialJob: form: {
  sequenceId: 133,
  hyperParameters: {
    value: '{"parameter_id": 133, "parameter_source": "algorithm", "parameters": {"model_type": "TCN", "units": 16, "num_layers": 1, "dropout": 0, "activation": "tanh", "lr": 5.046009522976315e-05, "window_size": 25, "batch_size": 128, "epochs": 5, "kernel_size": 3, "attention_heads": 8}, "parameter_index": 0}',
    index: 0
  },
  placementConstraint: { type: 'None', gpus: [] }
}
[2026-05-13 04:06:08] INFO (LocalV3.local) Created trial H0OIh
[2026-05-13 04:06:10] INFO (LocalV3.local) Trial parameter: H0OIh {"parameter_id": 133, "parameter_source": "algorithm", "parameters": {"model_type": "TCN", "units": 16, "num_layers": 1, "dropout": 0, "activation": "tanh", "lr": 5.046009522976315e-05, "window_size": 25, "batch_size": 128, "epochs": 5, "kernel_size": 3, "attention_heads": 8}, "parameter_index": 0}
[2026-05-13 04:06:12] INFO (NNIManager) Trial job H0OIh status changed from RUNNING to SUCCEEDED
[2026-05-13 04:06:12] INFO (NNIManager) NNIManager received command from dispatcher: TR, {"parameter_id": 134, "parameter_source": "algorithm", "parameters": {"model_type": "TCN", "units": 16, "num_layers": 1, "dropout": 0, "activation": "tanh", "lr": 5.0086272334036196e-05, "window_size": 25, "batch_size": 128, "epochs": 5, "kernel_size": 3, "attention_heads": 8}, "parameter_index": 0}
[2026-05-13 04:06:13] INFO (NNIManager) submitTrialJob: form: {
  sequenceId: 134,
  hyperParameters: {
    value: '{"parameter_id": 134, "parameter_source": "algorithm", "parameters": {"model_type": "TCN", "units": 16, "num_layers": 1, "dropout": 0, "activation": "tanh", "lr": 5.0086272334036196e-05, "window_size": 25, "batch_size": 128, "epochs": 5, "kernel_size": 3, "attention_heads": 8}, "parameter_index": 0}',
    index: 0
  },
  placementConstraint: { type: 'None', gpus: [] }
}
[2026-05-13 04:06:13] INFO (LocalV3.local) Created trial luvcq
[2026-05-13 04:06:15] INFO (LocalV3.local) Trial parameter: luvcq {"parameter_id": 134, "parameter_source": "algorithm", "parameters": {"model_type": "TCN", "units": 16, "num_layers": 1, "dropout": 0, "activation": "tanh", "lr": 5.0086272334036196e-05, "window_size": 25, "batch_size": 128, "epochs": 5, "kernel_size": 3, "attention_heads": 8}, "parameter_index": 0}
[2026-05-13 04:06:17] INFO (NNIManager) Trial job luvcq status changed from RUNNING to SUCCEEDED
[2026-05-13 04:06:17] INFO (NNIManager) NNIManager received command from dispatcher: TR, {"parameter_id": 135, "parameter_source": "algorithm", "parameters": {"model_type": "TCN", "units": 16, "num_layers": 1, "dropout": 0, "activation": "tanh", "lr": 5.804369235696327e-05, "window_size": 25, "batch_size": 128, "epochs": 5, "kernel_size": 3, "attention_heads": 2}, "parameter_index": 0}
[2026-05-13 04:06:17] INFO (NNIManager) submitTrialJob: form: {
  sequenceId: 135,
  hyperParameters: {
    value: '{"parameter_id": 135, "parameter_source": "algorithm", "parameters": {"model_type": "TCN", "units": 16, "num_layers": 1, "dropout": 0, "activation": "tanh", "lr": 5.804369235696327e-05, "window_size": 25, "batch_size": 128, "epochs": 5, "kernel_size": 3, "attention_heads": 2}, "parameter_index": 0}',
    index: 0
  },
  placementConstraint: { type: 'None', gpus: [] }
}
[2026-05-13 04:06:17] INFO (LocalV3.local) Created trial jyDiI
[2026-05-13 04:06:19] INFO (LocalV3.local) Trial parameter: jyDiI {"parameter_id": 135, "parameter_source": "algorithm", "parameters": {"model_type": "TCN", "units": 16, "num_layers": 1, "dropout": 0, "activation": "tanh", "lr": 5.804369235696327e-05, "window_size": 25, "batch_size": 128, "epochs": 5, "kernel_size": 3, "attention_heads": 2}, "parameter_index": 0}
[2026-05-13 04:06:21] INFO (NNIManager) Trial job jyDiI status changed from RUNNING to SUCCEEDED
[2026-05-13 04:06:21] INFO (NNIManager) NNIManager received command from dispatcher: TR, {"parameter_id": 136, "parameter_source": "algorithm", "parameters": {"model_type": "TCN", "units": 16, "num_layers": 1, "dropout": 0, "activation": "tanh", "lr": 6.402613926085705e-05, "window_size": 25, "batch_size": 128, "epochs": 5, "kernel_size": 3, "attention_heads": 8}, "parameter_index": 0}
[2026-05-13 04:06:22] INFO (NNIManager) submitTrialJob: form: {
  sequenceId: 136,
  hyperParameters: {
    value: '{"parameter_id": 136, "parameter_source": "algorithm", "parameters": {"model_type": "TCN", "units": 16, "num_layers": 1, "dropout": 0, "activation": "tanh", "lr": 6.402613926085705e-05, "window_size": 25, "batch_size": 128, "epochs": 5, "kernel_size": 3, "attention_heads": 8}, "parameter_index": 0}',
    index: 0
  },
  placementConstraint: { type: 'None', gpus: [] }
}
[2026-05-13 04:06:22] INFO (LocalV3.local) Created trial ZDm0u
[2026-05-13 04:06:24] INFO (LocalV3.local) Trial parameter: ZDm0u {"parameter_id": 136, "parameter_source": "algorithm", "parameters": {"model_type": "TCN", "units": 16, "num_layers": 1, "dropout": 0, "activation": "tanh", "lr": 6.402613926085705e-05, "window_size": 25, "batch_size": 128, "epochs": 5, "kernel_size": 3, "attention_heads": 8}, "parameter_index": 0}
[2026-05-13 04:06:26] INFO (NNIManager) Trial job ZDm0u status changed from RUNNING to SUCCEEDED
[2026-05-13 04:06:26] INFO (NNIManager) NNIManager received command from dispatcher: TR, {"parameter_id": 137, "parameter_source": "algorithm", "parameters": {"model_type": "TCN", "units": 16, "num_layers": 1, "dropout": 0, "activation": "tanh", "lr": 6.358434064319881e-05, "window_size": 25, "batch_size": 128, "epochs": 5, "kernel_size": 3, "attention_heads": 8}, "parameter_index": 0}
[2026-05-13 04:06:26] INFO (NNIManager) submitTrialJob: form: {
  sequenceId: 137,
  hyperParameters: {
    value: '{"parameter_id": 137, "parameter_source": "algorithm", "parameters": {"model_type": "TCN", "units": 16, "num_layers": 1, "dropout": 0, "activation": "tanh", "lr": 6.358434064319881e-05, "window_size": 25, "batch_size": 128, "epochs": 5, "kernel_size": 3, "attention_heads": 8}, "parameter_index": 0}',
    index: 0
  },
  placementConstraint: { type: 'None', gpus: [] }
}
[2026-05-13 04:06:26] INFO (LocalV3.local) Created trial xkCa8
[2026-05-13 04:06:28] INFO (LocalV3.local) Trial parameter: xkCa8 {"parameter_id": 137, "parameter_source": "algorithm", "parameters": {"model_type": "TCN", "units": 16, "num_layers": 1, "dropout": 0, "activation": "tanh", "lr": 6.358434064319881e-05, "window_size": 25, "batch_size": 128, "epochs": 5, "kernel_size": 3, "attention_heads": 8}, "parameter_index": 0}
[2026-05-13 04:06:30] INFO (NNIManager) Trial job xkCa8 status changed from RUNNING to SUCCEEDED
[2026-05-13 04:06:30] INFO (NNIManager) NNIManager received command from dispatcher: TR, {"parameter_id": 138, "parameter_source": "algorithm", "parameters": {"model_type": "TCN", "units": 16, "num_layers": 1, "dropout": 0, "activation": "tanh", "lr": 5.7246727807875294e-05, "window_size": 9, "batch_size": 32, "epochs": 5, "kernel_size": 3, "attention_heads": 8}, "parameter_index": 0}
[2026-05-13 04:06:31] INFO (NNIManager) submitTrialJob: form: {
  sequenceId: 138,
  hyperParameters: {
    value: '{"parameter_id": 138, "parameter_source": "algorithm", "parameters": {"model_type": "TCN", "units": 16, "num_layers": 1, "dropout": 0, "activation": "tanh", "lr": 5.7246727807875294e-05, "window_size": 9, "batch_size": 32, "epochs": 5, "kernel_size": 3, "attention_heads": 8}, "parameter_index": 0}',
    index: 0
  },
  placementConstraint: { type: 'None', gpus: [] }
}
[2026-05-13 04:06:31] INFO (LocalV3.local) Created trial AwEV5
[2026-05-13 04:06:33] INFO (LocalV3.local) Trial parameter: AwEV5 {"parameter_id": 138, "parameter_source": "algorithm", "parameters": {"model_type": "TCN", "units": 16, "num_layers": 1, "dropout": 0, "activation": "tanh", "lr": 5.7246727807875294e-05, "window_size": 9, "batch_size": 32, "epochs": 5, "kernel_size": 3, "attention_heads": 8}, "parameter_index": 0}
[2026-05-13 04:06:35] INFO (NNIManager) Trial job AwEV5 status changed from RUNNING to SUCCEEDED
[2026-05-13 04:06:35] INFO (NNIManager) NNIManager received command from dispatcher: TR, {"parameter_id": 139, "parameter_source": "algorithm", "parameters": {"model_type": "CNN", "units": 32, "num_layers": 1, "dropout": 0, "activation": "relu", "lr": 4.631118169920418e-05, "window_size": 17, "batch_size": 128, "epochs": 5, "kernel_size": 2, "attention_heads": 8}, "parameter_index": 0}
[2026-05-13 04:06:36] INFO (NNIManager) submitTrialJob: form: {
  sequenceId: 139,
  hyperParameters: {
    value: '{"parameter_id": 139, "parameter_source": "algorithm", "parameters": {"model_type": "CNN", "units": 32, "num_layers": 1, "dropout": 0, "activation": "relu", "lr": 4.631118169920418e-05, "window_size": 17, "batch_size": 128, "epochs": 5, "kernel_size": 2, "attention_heads": 8}, "parameter_index": 0}',
    index: 0
  },
  placementConstraint: { type: 'None', gpus: [] }
}
[2026-05-13 04:06:36] INFO (LocalV3.local) Created trial gleGI
[2026-05-13 04:06:38] INFO (LocalV3.local) Trial parameter: gleGI {"parameter_id": 139, "parameter_source": "algorithm", "parameters": {"model_type": "CNN", "units": 32, "num_layers": 1, "dropout": 0, "activation": "relu", "lr": 4.631118169920418e-05, "window_size": 17, "batch_size": 128, "epochs": 5, "kernel_size": 2, "attention_heads": 8}, "parameter_index": 0}
[2026-05-13 04:06:40] INFO (NNIManager) Trial job gleGI status changed from RUNNING to SUCCEEDED
[2026-05-13 04:06:40] INFO (NNIManager) NNIManager received command from dispatcher: TR, {"parameter_id": 140, "parameter_source": "algorithm", "parameters": {"model_type": "TCN", "units": 16, "num_layers": 1, "dropout": 0, "activation": "tanh", "lr": 6.116922852004857e-05, "window_size": 25, "batch_size": 128, "epochs": 5, "kernel_size": 3, "attention_heads": 8}, "parameter_index": 0}
[2026-05-13 04:06:40] INFO (NNIManager) submitTrialJob: form: {
  sequenceId: 140,
  hyperParameters: {
    value: '{"parameter_id": 140, "parameter_source": "algorithm", "parameters": {"model_type": "TCN", "units": 16, "num_layers": 1, "dropout": 0, "activation": "tanh", "lr": 6.116922852004857e-05, "window_size": 25, "batch_size": 128, "epochs": 5, "kernel_size": 3, "attention_heads": 8}, "parameter_index": 0}',
    index: 0
  },
  placementConstraint: { type: 'None', gpus: [] }
}
[2026-05-13 04:06:41] INFO (LocalV3.local) Created trial nbTwE
[2026-05-13 04:06:42] INFO (LocalV3.local) Trial parameter: nbTwE {"parameter_id": 140, "parameter_source": "algorithm", "parameters": {"model_type": "TCN", "units": 16, "num_layers": 1, "dropout": 0, "activation": "tanh", "lr": 6.116922852004857e-05, "window_size": 25, "batch_size": 128, "epochs": 5, "kernel_size": 3, "attention_heads": 8}, "parameter_index": 0}
[2026-05-13 04:06:45] INFO (NNIManager) Trial job nbTwE status changed from RUNNING to SUCCEEDED
[2026-05-13 04:06:45] INFO (NNIManager) NNIManager received command from dispatcher: TR, {"parameter_id": 141, "parameter_source": "algorithm", "parameters": {"model_type": "TCN", "units": 16, "num_layers": 1, "dropout": 0, "activation": "tanh", "lr": 5.935443605037408e-05, "window_size": 25, "batch_size": 128, "epochs": 5, "kernel_size": 3, "attention_heads": 4}, "parameter_index": 0}
[2026-05-13 04:06:45] INFO (NNIManager) submitTrialJob: form: {
  sequenceId: 141,
  hyperParameters: {
    value: '{"parameter_id": 141, "parameter_source": "algorithm", "parameters": {"model_type": "TCN", "units": 16, "num_layers": 1, "dropout": 0, "activation": "tanh", "lr": 5.935443605037408e-05, "window_size": 25, "batch_size": 128, "epochs": 5, "kernel_size": 3, "attention_heads": 4}, "parameter_index": 0}',
    index: 0
  },
  placementConstraint: { type: 'None', gpus: [] }
}
[2026-05-13 04:06:45] INFO (LocalV3.local) Created trial OU0uf
[2026-05-13 04:06:47] INFO (LocalV3.local) Trial parameter: OU0uf {"parameter_id": 141, "parameter_source": "algorithm", "parameters": {"model_type": "TCN", "units": 16, "num_layers": 1, "dropout": 0, "activation": "tanh", "lr": 5.935443605037408e-05, "window_size": 25, "batch_size": 128, "epochs": 5, "kernel_size": 3, "attention_heads": 4}, "parameter_index": 0}
[2026-05-13 04:06:49] INFO (NNIManager) Trial job OU0uf status changed from RUNNING to SUCCEEDED
[2026-05-13 04:06:49] INFO (NNIManager) NNIManager received command from dispatcher: TR, {"parameter_id": 142, "parameter_source": "algorithm", "parameters": {"model_type": "TCN", "units": 16, "num_layers": 1, "dropout": 0, "activation": "tanh", "lr": 5.121150300642473e-05, "window_size": 25, "batch_size": 128, "epochs": 5, "kernel_size": 3, "attention_heads": 8}, "parameter_index": 0}
[2026-05-13 04:06:50] INFO (NNIManager) submitTrialJob: form: {
  sequenceId: 142,
  hyperParameters: {
    value: '{"parameter_id": 142, "parameter_source": "algorithm", "parameters": {"model_type": "TCN", "units": 16, "num_layers": 1, "dropout": 0, "activation": "tanh", "lr": 5.121150300642473e-05, "window_size": 25, "batch_size": 128, "epochs": 5, "kernel_size": 3, "attention_heads": 8}, "parameter_index": 0}',
    index: 0
  },
  placementConstraint: { type: 'None', gpus: [] }
}
[2026-05-13 04:06:50] INFO (LocalV3.local) Created trial d9CHH
[2026-05-13 04:06:51] INFO (LocalV3.local) Trial parameter: d9CHH {"parameter_id": 142, "parameter_source": "algorithm", "parameters": {"model_type": "TCN", "units": 16, "num_layers": 1, "dropout": 0, "activation": "tanh", "lr": 5.121150300642473e-05, "window_size": 25, "batch_size": 128, "epochs": 5, "kernel_size": 3, "attention_heads": 8}, "parameter_index": 0}
[2026-05-13 04:06:54] INFO (NNIManager) Trial job d9CHH status changed from RUNNING to SUCCEEDED
[2026-05-13 04:06:54] INFO (NNIManager) NNIManager received command from dispatcher: TR, {"parameter_id": 143, "parameter_source": "algorithm", "parameters": {"model_type": "TCN", "units": 16, "num_layers": 1, "dropout": 0, "activation": "tanh", "lr": 6.955849724876064e-05, "window_size": 9, "batch_size": 128, "epochs": 5, "kernel_size": 3, "attention_heads": 8}, "parameter_index": 0}
[2026-05-13 04:06:54] INFO (NNIManager) submitTrialJob: form: {
  sequenceId: 143,
  hyperParameters: {
    value: '{"parameter_id": 143, "parameter_source": "algorithm", "parameters": {"model_type": "TCN", "units": 16, "num_layers": 1, "dropout": 0, "activation": "tanh", "lr": 6.955849724876064e-05, "window_size": 9, "batch_size": 128, "epochs": 5, "kernel_size": 3, "attention_heads": 8}, "parameter_index": 0}',
    index: 0
  },
  placementConstraint: { type: 'None', gpus: [] }
}
[2026-05-13 04:06:54] INFO (LocalV3.local) Created trial JbPZ6
[2026-05-13 04:06:56] INFO (LocalV3.local) Trial parameter: JbPZ6 {"parameter_id": 143, "parameter_source": "algorithm", "parameters": {"model_type": "TCN", "units": 16, "num_layers": 1, "dropout": 0, "activation": "tanh", "lr": 6.955849724876064e-05, "window_size": 9, "batch_size": 128, "epochs": 5, "kernel_size": 3, "attention_heads": 8}, "parameter_index": 0}
[2026-05-13 04:06:58] INFO (NNIManager) Trial job JbPZ6 status changed from RUNNING to SUCCEEDED
[2026-05-13 04:06:58] INFO (NNIManager) NNIManager received command from dispatcher: TR, {"parameter_id": 144, "parameter_source": "algorithm", "parameters": {"model_type": "TCN", "units": 16, "num_layers": 1, "dropout": 0, "activation": "tanh", "lr": 6.290377968081112e-05, "window_size": 25, "batch_size": 16, "epochs": 5, "kernel_size": 3, "attention_heads": 8}, "parameter_index": 0}
[2026-05-13 04:06:59] INFO (NNIManager) submitTrialJob: form: {
  sequenceId: 144,
  hyperParameters: {
    value: '{"parameter_id": 144, "parameter_source": "algorithm", "parameters": {"model_type": "TCN", "units": 16, "num_layers": 1, "dropout": 0, "activation": "tanh", "lr": 6.290377968081112e-05, "window_size": 25, "batch_size": 16, "epochs": 5, "kernel_size": 3, "attention_heads": 8}, "parameter_index": 0}',
    index: 0
  },
  placementConstraint: { type: 'None', gpus: [] }
}
[2026-05-13 04:06:59] INFO (LocalV3.local) Created trial bV1b7
[2026-05-13 04:07:01] INFO (LocalV3.local) Trial parameter: bV1b7 {"parameter_id": 144, "parameter_source": "algorithm", "parameters": {"model_type": "TCN", "units": 16, "num_layers": 1, "dropout": 0, "activation": "tanh", "lr": 6.290377968081112e-05, "window_size": 25, "batch_size": 16, "epochs": 5, "kernel_size": 3, "attention_heads": 8}, "parameter_index": 0}
[2026-05-13 04:07:04] INFO (NNIManager) Trial job bV1b7 status changed from RUNNING to SUCCEEDED
[2026-05-13 04:07:04] INFO (NNIManager) NNIManager received command from dispatcher: TR, {"parameter_id": 145, "parameter_source": "algorithm", "parameters": {"model_type": "TCN", "units": 16, "num_layers": 1, "dropout": 0, "activation": "tanh", "lr": 7.093262718397979e-05, "window_size": 25, "batch_size": 128, "epochs": 5, "kernel_size": 3, "attention_heads": 8}, "parameter_index": 0}
[2026-05-13 04:07:04] INFO (NNIManager) submitTrialJob: form: {
  sequenceId: 145,
  hyperParameters: {
    value: '{"parameter_id": 145, "parameter_source": "algorithm", "parameters": {"model_type": "TCN", "units": 16, "num_layers": 1, "dropout": 0, "activation": "tanh", "lr": 7.093262718397979e-05, "window_size": 25, "batch_size": 128, "epochs": 5, "kernel_size": 3, "attention_heads": 8}, "parameter_index": 0}',
    index: 0
  },
  placementConstraint: { type: 'None', gpus: [] }
}
[2026-05-13 04:07:04] INFO (LocalV3.local) Created trial nuGqS
[2026-05-13 04:07:06] INFO (LocalV3.local) Trial parameter: nuGqS {"parameter_id": 145, "parameter_source": "algorithm", "parameters": {"model_type": "TCN", "units": 16, "num_layers": 1, "dropout": 0, "activation": "tanh", "lr": 7.093262718397979e-05, "window_size": 25, "batch_size": 128, "epochs": 5, "kernel_size": 3, "attention_heads": 8}, "parameter_index": 0}
[2026-05-13 04:07:08] INFO (NNIManager) Trial job nuGqS status changed from RUNNING to SUCCEEDED
[2026-05-13 04:07:08] INFO (NNIManager) NNIManager received command from dispatcher: TR, {"parameter_id": 146, "parameter_source": "algorithm", "parameters": {"model_type": "TCN", "units": 16, "num_layers": 1, "dropout": 0, "activation": "tanh", "lr": 7.466405828748126e-05, "window_size": 25, "batch_size": 128, "epochs": 5, "kernel_size": 3, "attention_heads": 8}, "parameter_index": 0}
[2026-05-13 04:07:09] INFO (NNIManager) submitTrialJob: form: {
  sequenceId: 146,
  hyperParameters: {
    value: '{"parameter_id": 146, "parameter_source": "algorithm", "parameters": {"model_type": "TCN", "units": 16, "num_layers": 1, "dropout": 0, "activation": "tanh", "lr": 7.466405828748126e-05, "window_size": 25, "batch_size": 128, "epochs": 5, "kernel_size": 3, "attention_heads": 8}, "parameter_index": 0}',
    index: 0
  },
  placementConstraint: { type: 'None', gpus: [] }
}
[2026-05-13 04:07:09] INFO (LocalV3.local) Created trial B8Ced
[2026-05-13 04:07:10] INFO (LocalV3.local) Trial parameter: B8Ced {"parameter_id": 146, "parameter_source": "algorithm", "parameters": {"model_type": "TCN", "units": 16, "num_layers": 1, "dropout": 0, "activation": "tanh", "lr": 7.466405828748126e-05, "window_size": 25, "batch_size": 128, "epochs": 5, "kernel_size": 3, "attention_heads": 8}, "parameter_index": 0}
[2026-05-13 04:07:13] INFO (NNIManager) Trial job B8Ced status changed from RUNNING to SUCCEEDED
[2026-05-13 04:07:13] INFO (NNIManager) NNIManager received command from dispatcher: TR, {"parameter_id": 147, "parameter_source": "algorithm", "parameters": {"model_type": "TCN", "units": 16, "num_layers": 1, "dropout": 0, "activation": "tanh", "lr": 8.081131629067563e-05, "window_size": 9, "batch_size": 128, "epochs": 5, "kernel_size": 3, "attention_heads": 8}, "parameter_index": 0}
[2026-05-13 04:07:13] INFO (NNIManager) submitTrialJob: form: {
  sequenceId: 147,
  hyperParameters: {
    value: '{"parameter_id": 147, "parameter_source": "algorithm", "parameters": {"model_type": "TCN", "units": 16, "num_layers": 1, "dropout": 0, "activation": "tanh", "lr": 8.081131629067563e-05, "window_size": 9, "batch_size": 128, "epochs": 5, "kernel_size": 3, "attention_heads": 8}, "parameter_index": 0}',
    index: 0
  },
  placementConstraint: { type: 'None', gpus: [] }
}
[2026-05-13 04:07:13] INFO (LocalV3.local) Created trial rW3zm
[2026-05-13 04:07:15] INFO (LocalV3.local) Trial parameter: rW3zm {"parameter_id": 147, "parameter_source": "algorithm", "parameters": {"model_type": "TCN", "units": 16, "num_layers": 1, "dropout": 0, "activation": "tanh", "lr": 8.081131629067563e-05, "window_size": 9, "batch_size": 128, "epochs": 5, "kernel_size": 3, "attention_heads": 8}, "parameter_index": 0}
[2026-05-13 04:07:17] INFO (NNIManager) Trial job rW3zm status changed from RUNNING to SUCCEEDED
[2026-05-13 04:07:17] INFO (NNIManager) NNIManager received command from dispatcher: TR, {"parameter_id": 148, "parameter_source": "algorithm", "parameters": {"model_type": "TCN", "units": 16, "num_layers": 1, "dropout": 0, "activation": "tanh", "lr": 7.142711641486853e-05, "window_size": 25, "batch_size": 128, "epochs": 5, "kernel_size": 3, "attention_heads": 8}, "parameter_index": 0}
[2026-05-13 04:07:18] INFO (NNIManager) submitTrialJob: form: {
  sequenceId: 148,
  hyperParameters: {
    value: '{"parameter_id": 148, "parameter_source": "algorithm", "parameters": {"model_type": "TCN", "units": 16, "num_layers": 1, "dropout": 0, "activation": "tanh", "lr": 7.142711641486853e-05, "window_size": 25, "batch_size": 128, "epochs": 5, "kernel_size": 3, "attention_heads": 8}, "parameter_index": 0}',
    index: 0
  },
  placementConstraint: { type: 'None', gpus: [] }
}
[2026-05-13 04:07:18] INFO (LocalV3.local) Created trial f42Wk
[2026-05-13 04:07:19] INFO (LocalV3.local) Trial parameter: f42Wk {"parameter_id": 148, "parameter_source": "algorithm", "parameters": {"model_type": "TCN", "units": 16, "num_layers": 1, "dropout": 0, "activation": "tanh", "lr": 7.142711641486853e-05, "window_size": 25, "batch_size": 128, "epochs": 5, "kernel_size": 3, "attention_heads": 8}, "parameter_index": 0}
[2026-05-13 04:07:20] INFO (NNIManager) Change NNIManager status from: RUNNING to: NO_MORE_TRIAL
[2026-05-13 04:07:21] INFO (NNIManager) Trial job f42Wk status changed from RUNNING to SUCCEEDED
[2026-05-13 04:07:21] INFO (NNIManager) Change NNIManager status from: NO_MORE_TRIAL to: DONE
[2026-05-13 04:07:21] INFO (NNIManager) Experiment done.
[2026-05-13 04:07:28] INFO (ShutdownManager) Initiate shutdown: SIGTERM
[2026-05-13 04:07:28] INFO (RestServer) Stopping REST server.
[2026-05-13 04:07:28] INFO (NNIManager) Change NNIManager status from: DONE to: STOPPING
[2026-05-13 04:07:28] INFO (NNIManager) Stopping experiment, cleaning up ...
[2026-05-13 04:07:28] INFO (RestServer) REST server stopped.
[2026-05-13 04:07:31] INFO (LocalV3.local) All trials stopped
[2026-05-13 04:07:31] INFO (NNIManager) Change NNIManager status from: STOPPING to: STOPPED
[2026-05-13 04:07:31] INFO (NNIManager) Experiment stopped.
[2026-05-13 04:07:31] INFO (NNITensorboardManager) Forced stopping all tensorboard task.
[2026-05-13 04:07:31] INFO (NNITensorboardManager) All tensorboard task stopped.
[2026-05-13 04:07:31] INFO (NNITensorboardManager) Tensorboard manager stopped.
[2026-05-13 04:07:31] INFO (ShutdownManager) Shutdown complete.
